title,summary,url,score,prob,keep,decision,decision_reason,relevance_score,relevance_prob,matched_hard,matched_soft,matched_negative,relevance_model_policy,model_used,candidate_keep_prob,candidate_drop_prob
"""하루 이자 2%, 담보는 성관계 영상""...檢 '불법촬영' 혐의 뺀 이유는?",7일 YTN 보도 등에 따르면 인천지검 부천지청은 대부업법 위반 및 성폭력범죄의 처벌 등에 관한 특례법 위반(촬영물 등을 이용한 협박) 혐의로 사채업자 B씨를 구속기소했다고 밝혔다. B씨는 올해 2월부터 5월까지 급전이...,https://www.fnnews.com/news/202609080607128354,6,0.6148,0,drop,candidate_hybrid_gray_drop_no_domain_anchor,6,0.6148,대부업법,,,candidate_hybrid,1,0.65,0.35
쩐주와 성관계 영상 찍어 담보…200만원 대출 덫,7일 YTN 등은 검찰이 B 씨를 촬영물 등을 이용한 협박과 대부업법 위반 등의 혐의로 구속기소했다고 보도했다. 보도에 따르면 이혼 후 생활고를 겪던 30대 A 씨는 지난 2월 무담보 대출을 알아보던 중 B 씨를 만났다. B 씨는...,https://www.munhwa.com/article/11615189?ref=naver,1,0.4544,0,drop,candidate_hybrid_drop_negative_signal,1,0.4544,대부업법,대출,이혼,candidate_hybrid,1,0.65,0.35
"교보라이프플래닛, 소상공인 신용보험 출시","지원 대상은 해당 지자체 내에서 사업장을 운영 중인 소상공인(대부업 제외)이며, 가입 후 1년 동안 보험료 부담 없이 무료로 보장받는다. 김영석 교보라이프플래닛생명 대표는 ""이번 사업은 일회성 지원을 넘어, 디지털...",http://www.bizwnews.com/news/articleView.html?idxno=145460,6,0.2684,0,drop,candidate_hybrid_model_drop_prob_le_threshold,6,0.2684,대부업,보험료,,candidate_hybrid,1,0.65,0.35
성관계 영상 담보로 200만 원 빌려준 사채업자…끔찍한 사건 전말,검찰은 B 씨를 촬영물 등을 이용한 협박과 대부업법 위반 등의 혐의로 구속기소했다. 촬영물 등을 이용한... 검찰은 현재까지 확인된 사실관계를 토대로 협박과 대부업법 위반 등의 혐의로 B 씨를 재판에 넘겼으며...,https://www.wikitree.co.kr/articles/1157888,6,0.602,0,drop,candidate_hybrid_gray_drop_no_domain_anchor,6,0.602,대부업법,,,candidate_hybrid,1,0.65,0.35
돈 빌려주면서 여성에 성관계 영상 찍게 했다…유포 협박까지 한 남성 ...,"인천지검 부천지청은 지난 7월 B씨를 대부업법 위반과 성폭력처벌법상 촬영물 등을 이용한 협박 등 혐의로 구속 기소했다. 다만, 성관계 장면 등을 촬영한 행위에는 성폭력처벌법상 카메라 등 이용촬영 혐의가 적용되지...",https://www.mk.co.kr/article/12146535,6,0.5842,0,drop,candidate_hybrid_gray_drop_no_domain_anchor,6,0.5842,대부업법,,,candidate_hybrid,1,0.65,0.35
"""투자하면 고수익""...100억 사기 식당 주인 구속",고수익 대부업에 투자하라고 속여 100억 원대 사기를 벌인 60대 남성 A 씨를 구속했습니다. A 씨는 지난 2021년부터 최근까지 인천 서해구에 있는 식당을 운영하면서 알게 된 지인 25명에게 고수익 대부업에 투자하라며...,https://www.ytn.co.kr/_ln/0103_202609071913328296,0,0.4745,0,drop,candidate_hybrid_gray_drop_score_lt_threshold,0,0.4745,,,,candidate_hybrid,1,0.65,0.35
"[국회입법]권칠승의원 등 14인, 사법경찰관리의 직무를 수행할 자와 그...","다만, 금융감독원은 '대부업법' 및 '채권추심법'에 대한 수사권한이 없어 인지한 범죄혐의를 경찰 등... 이에 금융감독원 직원에 대해 '대부업법' 및 '채권추심법'에 대한 수사권한을 부여함으로써, 불법사금융 범죄로부터...",http://www.lawissue.co.kr/view.php?ud=202609071559056018b50722e900_12,25,0.7415,1,keep,candidate_hybrid_keep_strong_domain_rule_anchor,25,0.7415,금융감독원;대부업법;불법사금융;채권추심,,,candidate_hybrid,1,0.65,0.35
"""대부업으로 고수익 가능""…100억 사기 60대 구속","지인들에게 고수익을 미끼로 대부업 투자금 100억여원을 받아 가로챈 60대 남성이 경찰에 붙잡혔다. 인천... 그는 인천 서해구 가좌동에서 식당을 운영하면서 지인들에게 ""대부업으로 고수익을 올리고 있다""며 투자를...",https://www.newsis.com/view/NISX20260907_0003779821,5,0.5019,0,drop,candidate_hybrid_gray_drop_score_lt_threshold,5,0.5019,대부업,,,candidate_hybrid,1,0.65,0.35
"교보라이프플래닛생명, 충북·제주 소상공인 위한 신용생명보험 출시","보험금 청구 또한 모바일QR을 통해 간편하게 원스톱으로 처리할 수 있다. 지원 대상은 해당 지자체 내에서 사업장을 운영 중인 소상공인(대부업 제외)이며, 가입 후 1년 동안 보험료 부담 없이 무료로 보장받는다.",https://daily.hankooki.com/news/articleView.html?idxno=1403527,9,0.1846,1,keep,candidate_hybrid_keep_strong_domain_rule_anchor,9,0.1846,생명보험;대부업,보험료,,candidate_hybrid,1,0.65,0.35
오광수·이진숙·강선우·이혜훈 학습효과 없었다…부실 검증 도돌이표,"배우자의 인천 영종도 땅투기 의혹, 아들 명의 대부업 투자 등 국가의 예산을 관장하는 수장으로서 자질이 의심되는 의혹도 제기됐습니다. 인사청문회 개최 후에도 논란이 오히려 커지며 이틀 뒤인 25일 이 대통령이...",http://www.newstomato.com/ReadNews.aspx?no=1312848&inflow=N,7,0.5766,1,keep,candidate_hybrid_gray_keep_domain_score_ge_threshold,7,0.5766,대부업,부실,,candidate_hybrid,1,0.65,0.35
"""사채로 돌려 고수익""…무려 100억 챙긴 식당 주인 구속",대부업에 투자하면 고수익이 가능하다고 속여 100억원대를 챙긴 60대 남성이 구속됐습니다. 인천 서부경찰서는 특정경제범죄가중처벌법상 사기 등 혐의로 식당 운영자인 60대 A 씨를 구속했다고 오늘(7일) 밝혔습니다. A...,http://mbn.mk.co.kr/pages/news/newsView.php?category=mbn00009&news_seq_no=5217543,0,0.6175,0,drop,candidate_hybrid_gray_drop_score_lt_threshold,0,0.6175,,,,candidate_hybrid,1,0.65,0.35
‘대부업 고수익’ 미끼로 투자금 100억원 가로챈 60대 구속,인천 서부경찰서는 대부업에 투자하면 고수익을 낼 수 있다고 속여 100억원대 투자금을 가로챈 혐의(특정경제범죄가중처벌법상 사기 등)로 60대 남성 A씨를 구속했다고 7일 밝혔다. 경찰에 따르면 A씨는 2021년부터...,https://www.kyeonggi.com/article/20260907580479,5,0.5618,0,drop,candidate_hybrid_gray_drop_score_lt_threshold,5,0.5618,대부업,,,candidate_hybrid,1,0.65,0.35
“대부업 투자로 고수익”…100억 원대 사기 행각 60대 구속,대부업에 투자하면 고수익이 가능하다며 지인들을 속여 100억 원대를 가로챈 60대 남성이 구속됐습니다. 인천 서부경찰서는 특정경제범죄가중처벌법상 사기 등 혐의로 지난 4일 식당 사장인 60대 남성을 구속했다고 오늘...,https://news.kbs.co.kr/news/pc/view/view.do?ncd=8656619&ref=A,5,0.5827,0,drop,candidate_hybrid_gray_drop_score_lt_threshold,5,0.5827,대부업,,,candidate_hybrid,1,0.65,0.35
"[보험·카드24시] 롯데카드, 베트남법인 종합금융사 최초 승인 外","지원 대상은 충북과 제주에서 사업장을 운영 중인 소상공인(대부업 제외)이며, 가입 후 1년 동안 보험료 부담 없이 무료로 보장받는다. ◆DB손보, 금융권 최초 국가품질혁신경진대회 10년 연속 수상 DB손해보험이 제52회...",https://news.dealsitetv.com/articles/175704,9,0.3652,1,keep,candidate_hybrid_keep_strong_domain_rule_anchor,9,0.3652,손해보험;대부업,보험료,,candidate_hybrid,1,0.65,0.35
'대부업 투자 고수익 미끼' 100억여원 가로챈 60대 구속,대부업에 투자하면 고수익을 내주겠다고 속여 20여명으로부터 100억여원을 받아 가로챈 60대 남성이... 경찰 로고 [사진=뉴스핌 DB] 그는 대부업에 투자를 하면 고수익을 내주겠다고 속여 돈을 받아 개인적인 용도로...,https://www.newspim.com/news/view/20260907000977,5,0.554,0,drop,candidate_hybrid_gray_drop_score_lt_threshold,5,0.554,대부업,,,candidate_hybrid,1,0.65,0.35
"교보라이프플래닛생명, 충북·제주 소상공인 대상 상생보험 출시","지원 대상은 해당 지자체 내에서 사업장을 운영 중인 소상공인(대부업 제외)이며, 가입 후 1년 동안 보험료 부담 없이 무료로 보장받는다. 김영석 교보라이프플래닛생명 대표는 ""이번 사업은 일회성 지원을 넘어, 디지털...",https://www.cnbizm.com/news/articleView.html?idxno=314146,6,0.2828,0,drop,candidate_hybrid_model_drop_prob_le_threshold,6,0.2828,대부업,보험료,,candidate_hybrid,1,0.65,0.35
고수익 미끼로 수 십명에게 100억 가로챈 60대 구속,평소 알고지내던 지인들에게 대부업 투자 시 고수익을 얻을수 있다고 속여 100억원대를 챙긴 60대 남성이 구속됐다. 인천 서부경찰서는 지인들로부터 투자금을 받아 가로챈 60대 식당 운영자 A씨를...,https://news.ifm.kr/news/articleView.html?idxno=478820,5,0.5909,0,drop,candidate_hybrid_gray_drop_score_lt_threshold,5,0.5909,대부업,,,candidate_hybrid,1,0.65,0.35
검찰청 폐지 앞두고 금융위·금감원 특사경 수사절차 정비,권칠승 더불어민주당 의원은 지난 4일 금감원 직원에게 대부업법·채권추심법 위반 범죄 수사권을 부여하는 법안을 대표 발의했다. 기존 자본시장 특사경의 절차 정비와 별도로 불법사금융·불법채권추심을 직접 수사할...,https://www.ajunews.com/view/20260907151718067,31,0.8479,1,keep,candidate_hybrid_keep_strong_domain_rule_anchor,31,0.8479,금감원;금융위;대부업법;불법사금융;채권추심,,,candidate_hybrid,1,0.65,0.35
"교보라이프플래닛, 소상공인 빚 갚아주는 상생보험 선봬","지원 대상은 충청북도와 제주특별자치도에 사업장을 둔 소상공인이며 대부업 종사자는 제외된다. 가입 시점으로부터 1년 동안 어떠한 비용 부담 없이 혜택을 누릴 수 있다. 김영석 교보라이프플래닛생명 대표는 ""이번...",http://www.newslock.co.kr/news/articleView.html?idxno=135682,5,0.287,0,drop,candidate_hybrid_model_drop_prob_le_threshold,5,0.287,대부업,,,candidate_hybrid,1,0.65,0.35
지인 25명에 100억 빌려 기존 채무 '돌려막기'로 탕진…60대 구속,"고수익 대부업 투자를 미끼로 지인들에게 100억 원을 빌린 뒤 돌려막기에 사용한 60대 남성이 구속됐다.... A 씨는 지인들에게 ""대부업으로 고수익을 올리고 있으니 투자하면 수익금을 안겨주겠다""고 속여 여러 차례 돈을...",https://www.news1.kr/local/incheon/6282468,5,0.531,0,drop,candidate_hybrid_gray_drop_score_lt_threshold,5,0.531,대부업,,,candidate_hybrid,1,0.65,0.35
신협 NPL 전담 자회사 10월 '시동'…건전성 개선 속도 붙나,내용의 '대부업등 감독규정' 개정안을 규정변경예고했다. 지난 4월 개정된 신용협동조합법에 따라 설립을... 현행 대부업법은 금융회사와 대부업자가 대출채권을 양도할 수 있는 기관을 금융위 등록 대부업자와...,https://www.dailian.co.kr/news/view/1687334/?sc=Naver,22,0.6392,1,keep,candidate_hybrid_keep_strong_domain_rule_anchor,22,0.6392,금융위;신협;대부업법;npl,건전성,,candidate_hybrid,1,0.65,0.35
"교보라이프플래닛, 충북·제주 소상공인 위한 신용생명보험 출시","이 상품은 해당 지역에서 사업장을 운영 중인 소상공인(대부업 제외)이 가입 대상이며, 가입 후 1년 동안은 보험료 없이 보장을 받을 수 있다. 일반암·뇌출혈·급성심근경색 등 3대 질병 진단을 받으면 최대 1000만원까지...",https://www.khan.co.kr/article/202609071536001,9,0.1657,1,keep,candidate_hybrid_keep_strong_domain_rule_anchor,9,0.1657,생명보험;대부업,보험료,,candidate_hybrid,1,0.65,0.35
"""대부업 투자로 고수익""…100억원대 사기 행각 60대 구속",대부업에 투자하면 고수익이 가능하다고 속여 100억원대를 챙긴 60대 남성이 구속됐다. 인천 서부경찰서는 특정경제범죄가중처벌법상 사기 등 혐의로 식당 운영자인 60대 A씨를 구속했다고 7일 밝혔다. A씨는 2021년부터...,https://www.yna.co.kr/view/AKR20260907113800065?input=1195m,5,0.549,0,drop,candidate_hybrid_gray_drop_score_lt_threshold,5,0.549,대부업,,,candidate_hybrid,1,0.65,0.35
성관계 도중 영상 찍어 담보 삼았다…‘200만원 대출’ 끔찍 그놈,검찰은 B씨를 촬영물 등을 이용한 협박과 대부업법 위반 등의 혐의로 구속기소했다. 다만 성관계와 촬영 과정에서 피해자의 동의가 있었다고 보고 성폭력처벌법상 카메라 등을 이용한 촬영 혐의는 적용하지 않은 것으로...,https://www.joongang.co.kr/article/25459744,7,0.5033,0,drop,candidate_hybrid_gray_drop_no_domain_anchor,7,0.5033,대부업법,대출,,candidate_hybrid,1,0.65,0.35
[단독] '대부업 고수익' 속여 100억 가로챈 인천 공단 식당 업주 구속,"/인천일보DB 인천 한 공업단지 일대에서 대부업 투자를 빌미로 100억원대 폰지 사기(다단계 금융사기)를 벌인... 조사 결과 A씨는 ""대부업으로 고수익을 올리고 있다""며 높은 이자 지급을 약속해 투자를 유도했다. 범행...",https://www.incheonilbo.com/news/articleView.html?idxno=1331404,5,0.5081,0,drop,candidate_hybrid_gray_drop_score_lt_threshold,5,0.5081,대부업,,,candidate_hybrid,1,0.65,0.35
"교보라플, 소상공인 '무료 상생보험' 지원…대출 빚 대행","지원 대상은 해당 지자체에서 사업장을 운영하는 소상공인(대부업 제외)이며 가입 후 1년 동안 보험료를 내지 않고 무료로 보장받는다. 교보라플 김영석 대표이사는 ""이번 사업은 일회성 지원을 넘어 디지털 생보사 본연의...",https://www.pointdaily.co.kr/news/articleView.html?idxno=318264,9,0.2846,1,keep,candidate_hybrid_keep_strong_domain_rule_anchor,9,0.2846,생보사;대부업,대출,,candidate_hybrid,1,0.65,0.35
성관계 영상 담보로 200만원 대출해주고 협박…불법 사금융업자 구속 기...,그러나 검찰은 촬영물 등을 이용한 협박과 대부업법 위반 등 혐의로만 B씨를 구속 기소했다. 성관계와 촬영에 피해자의 동의가 있었다고 판단해 성폭력처벌법상 카메라 등 이용 촬영 혐의는 적용하지 않은 것이다....,https://www.newsis.com/view/NISX20260907_0003778953,6,0.6443,0,drop,candidate_hybrid_gray_drop_no_domain_anchor,6,0.6443,대부업법,,,candidate_hybrid,1,0.65,0.35
규제완화에 숨통 트인 서민 '급전창구'…대부업만 막혔다,해당 움직임에서 대부업권만은 예외가 됐다. 자금 조달비용도 높은 형국 연 20%에 묶인 법정 최고금리에 대출... 하지만 해당 움직임에서 최저신용자에게 자금을 공급하는 '마지막 보루'인 대부업권만 소외돼 있다. 법정...,https://www.asiatime.co.kr/article/20260907500273,5,0.5121,0,drop,candidate_hybrid_gray_drop_score_lt_threshold,5,0.5121,최고금리,대출,,candidate_hybrid,1,0.65,0.35
"교보라이프플래닛, 충북·제주 소상공인에 '신용생명보험' 무료 지원",다만 대부업 종사자는 제외된다. 신용생명보험은 대출자가 사망하거나 중대 질병 등으로 대출금을 갚기 어려워질 경우 보험금으로 남은 대출금을 상환하는 상품이다. 대출금이 가족들에게 빚으로 대물림 되지 않도록...,https://www.cstimes.com/news/articleView.html?idxno=719644,8,0.3118,1,keep,candidate_hybrid_keep_strong_domain_rule_anchor,8,0.3118,생명보험;대부업,,,candidate_hybrid,1,0.65,0.35
"""절감한 설계사수수료 소상공인 혜택으로"" 교보라플, 충북·제주서 '무료...","지원 대상은 해당 지자체 내에서 사업장을 운영 중인 소상공인(대부업 제외)이며, 가입 후 1년 동안 보험료 부담 없이 무료로 보장받는다. 3대 질병(일반암·뇌출혈·급성심근경색) 진단 시 최대 1000만원의 대출 상환금을...",https://www.catchnews.kr/news/articleView.html?idxno=128213,7,0.2156,0,drop,candidate_hybrid_model_drop_prob_le_threshold,7,0.2156,대부업,대출;보험료,,candidate_hybrid,1,0.65,0.35
청소년 사이버도박 자진신고 1777명…평균 10개월·도박금액 300만원,실제로 17세 청소년은 도박자금을 마련하기 위해 사회관계망서비스(SNS)에서 대부업자를 찾아 이자 100% 조건으로 35만원을 빌렸다가 가족에게 대리변제를 요구하는 협박을 받았다. 또 다른 16세 청소년은 텔레그램을...,https://www.ekoreanews.co.kr/news/articleView.html?idxno=87929,-3,0.4477,0,drop,candidate_hybrid_drop_negative_signal,-3,0.4477,,,sns,candidate_hybrid,1,0.65,0.35
"교보라이프플래닛, 충북·제주 소상공인 위한 '무료 상생 신용생명보험...","지원 대상은 해당 지자체 내에서 사업장을 운영 중인 소상공인(대부업 제외)이며, 가입 후 1년 동안 보험료 부담 없이 무료로 보장받는다. 김영석 교보라이프플래닛생명 대표는 ""이번 사업은 일회성 지원을 넘어, 디지털...",https://www.insnews.co.kr/news/articleView.html?idxno=92651,9,0.2615,1,keep,candidate_hybrid_keep_strong_domain_rule_anchor,9,0.2615,생명보험;대부업,보험료,,candidate_hybrid,1,0.65,0.35
"[단독] ""성관계 영상 담보로 협박""...불법 사금융업자 구속 기소",인천지방검찰청 부천지청은 대부업법 위반과 성폭력처벌특례법상 촬영물 등 이용 협박 등 혐의로 A 씨를 지난 7월 구속 기소했습니다. A 씨는 지난 2월부터 5월까지 피해자 4명에게 돈을 빌려주면서 나체 상태로 차용증을...,https://www.ytn.co.kr/_ln/0103_202609071046093217,6,0.7159,1,keep,candidate_hybrid_model_keep_prob_ge_threshold_with_domain_anchor,6,0.7159,대부업법,,,candidate_hybrid,1,0.65,0.35
"교보라이프플래닛, 충북·제주 소상공인 대상 신용생명보험 지원","지원 대상은 충북과 제주에서 사업장을 운영하는 소상공인으로 대부업 종사자는 제외된다. 가입 후 1년간 보험료를 내지 않고 보장받을 수 있다. 교보라이프플래닛은 설계사 조직을 두지 않는 디지털 생명보험사로, 설계사...",https://www.sentv.co.kr/article/view/sentv202609070063,8,0.2868,1,keep,candidate_hybrid_keep_strong_domain_rule_anchor,8,0.2868,생명보험;대부업,,,candidate_hybrid,1,0.65,0.35
"교보라이프플래닛, 충북·제주 소상공인에 무료 신용생명보험 지원",지원 대상은 충북·제주에서 사업장을 운영하는 소상공인으로 대부업은 제외된다. 가입 후 1년간 보험료 부담 없이 보장받을 수 있다. 교보라이프플래닛생명은 설계사가 없는 디지털 보험사의 특성을 활용해 영업비용을...,https://www.ezyeconomy.com/news/articleView.html?idxno=239416,4,0.2748,0,drop,candidate_hybrid_model_drop_prob_le_threshold,4,0.2748,생명보험,보험료,,candidate_hybrid,1,0.65,0.35
"교보라이프플래닛생명, 충북·제주 소상공인에 무료 상생보험…3대질병...","대부업 종사자를 제외한 해당 지역 소상공인이 가입할 수 있으며 1년 동안 보험료 없이 보장받는다. ◇3대질병부터 생활 위험까지 보장 확대 일반암과 뇌출혈, 급성심근경색 등 3대질병 진단 시 최대 1000만원의...",https://www.the-today.com/news/articleView.html?idxno=89594,6,0.224,0,drop,candidate_hybrid_model_drop_prob_le_threshold,6,0.224,대부업,보험료,,candidate_hybrid,1,0.65,0.35
불법대부업 피해 증가…대출 못갚으면 혼자 버티지 말고 불법대부업체...,최근 경기 침체와 고금리 여파로 급전이 필요한 서민과 청년층을 대상으로 한 불법대부업 피해가 이어지고... 이어 “특히 불법대부업으로 의심되는 상황에서는 추가적인 금전 지급이나 무리한 합의를 서두르기보다 관련...,https://hbnpress.com/news/view/1065574478168080,7,0.6216,0,drop,candidate_hybrid_gray_drop_no_domain_anchor,7,0.6216,불법대부,대출,,candidate_hybrid,1,0.65,0.35
청소년 사이버도박 1700명 자진신고... 1인당 평균 300만원 탕진했다,한 17세 청소년은 도박자금 마련을 위해 사회관계망서비스(SNS)에서 대부업자를 찾아 100% 이자를 조건으로 35만원을 빌렸다가 가족에게 대리변제를 요구하는 협박을 받았다. 또 다른 16세 청소년은 텔레그램을 통해...,https://www.insight.co.kr/news/572169,-3,0.4126,0,drop,candidate_hybrid_drop_negative_signal,-3,0.4126,,,sns,candidate_hybrid,1,0.65,0.35
'미등록 대부' 광고 급증...작년 불법사금융 피해 신고·상담 '역대 최대...,"단순히 불법 대부업체에 대한 노출이 늘어난 데 그치지 않고, 높은 이자 부담 자체가 불법사금융 피해... 박성훈 의원은 ""불법 금융광고를 사전에 차단할 수 있는 시스템을 한층 강화하고, 미등록 대부업체 등 피해의...",http://www.joseilbo.com/news/news_read.php?uid=575184&class=18&grp=,8,0.6763,1,keep,candidate_hybrid_keep_strong_domain_rule_anchor,8,0.6763,불법사금융,,,candidate_hybrid,1,0.65,0.35
"교보라플, 충북·제주 소상공인 대상 신용생명보험 출시","지원 대상은 충북과 제주에서 사업장을 운영하는 소상공인으로 대부업은 제외되며, 가입 후 1년간 별도의 보험료 부담 없이 보장받을 수 있다. 김영석 교보라이프플래닛생명 대표이사는 ""이번 사업은 디지털 생보사의...",http://www.fins.co.kr/news/articleView.html?idxno=109915,4,0.3152,0,drop,candidate_hybrid_model_drop_prob_le_threshold,4,0.3152,생명보험,보험료,,candidate_hybrid,1,0.65,0.35
돈을 빌려주는 대가로 성관계 요구...협박과 대부업법 위반만 적용 [자...,하지만 B 씨는 촬영물 등을 이용한 협박과 대부업법 위반 등 혐의로만 구속 기소됐습니다. 정작 피해자의 신체를 촬영한 것에 대한 성폭력처벌법상 카메라 등 이용 촬영 혐의는 적용되지 않았습니다. 돈을 빌려주는...,https://www.ytn.co.kr/_ln/0134_202609070855054828,6,0.5688,0,drop,candidate_hybrid_gray_drop_no_domain_anchor,6,0.5688,대부업법,,,candidate_hybrid,1,0.65,0.35
"청소년 도박 자진신고 1777명…불법사이트 464개, '공급망' 차단 어디까...","실제로 경찰청은 지난해 11월부터 도박 사이트 운영자·총판 등 공급자를 겨냥한 사이버도박 특별단속을... 마련하려다 불법사금융에 노출된 청소년도 5명에 달했습니다. 1777명 중 1430명 치료 연계…경찰 ""조기 발견...",http://www.newstomato.com/ReadNews.aspx?no=1312774&inflow=N,8,0.6615,1,keep,candidate_hybrid_keep_strong_domain_rule_anchor,8,0.6615,불법사금융,,,candidate_hybrid,1,0.65,0.35
불법사금융 광고 10년간 10배 증가,있는 단속체계 구축이 시급하다”고 지적했다. 이어 “불법사금융은 단순한 금융질서 위반을 넘어 서민의 생계와 삶을 직접 위협하는 민생범죄”라며 “금융당국과 수사기관 간 공조를 강화해 불법사금융...,https://www.naeil.com/news/read/601384?ref=naver,8,0.7567,1,keep,candidate_hybrid_keep_strong_domain_rule_anchor,8,0.7567,불법사금융,,,candidate_hybrid,1,0.65,0.35
"[기자수첩]불법사금융 척결, '반짝 단속' 넘어 지속되려면",불법사금융은 서민의 삶을 송두리째 파괴하는 치명적인 사회 문제다. 수년 전 홀로 어린 딸을 키우던 30대 싱글맘이 불법 사채업자의 악질적인 협박과 추심에 시달리다 끝내 극단적 선택을 했던 비극은 우리 사회에 큰...,https://www.newsis.com/view/NISX20260907_0003779056,8,0.7565,1,keep,candidate_hybrid_keep_strong_domain_rule_anchor,8,0.7565,불법사금융,,,candidate_hybrid,1,0.65,0.35
불법사금융 광고 10년 새 11배↑…서민 울리는 '미등록 대부' 광고 급증,"있는 단속체계 구축이 시급하다""고 지적했다. 이어 ""불법사금융은 단순한 금융질서 위반을 넘어 서민의 생계와 삶을 직접 위협하는 민생범죄""라며 ""금융당국과 수사기관 간 공조를 강화해 불법사금융 업자를...",http://www.intn.co.kr/news/articleView.html?idxno=2053104,8,0.6866,1,keep,candidate_hybrid_keep_strong_domain_rule_anchor,8,0.6866,불법사금융,,,candidate_hybrid,1,0.65,0.35
"온라인 불법금융광고 15만건… 박성훈 ""민생범죄 뿌리 뽑아야""","차단할 단속체계를 구축해야 한다""고 말했다. 이어 ""금융당국과 수사기관의 공조를 강화해 불법사금융 업자를 엄정하게 처벌하고 피해자 구제와 서민금융 지원 등 실질적인 금융안전망도 강화해야 한다""고...",https://www.ziksir.com/news/articleView.html?idxno=145548,8,0.6359,1,keep,candidate_hybrid_keep_strong_domain_rule_anchor,8,0.6359,불법사금융,,,candidate_hybrid,1,0.65,0.35
불법사금융 피해 신고 지난해 1만7천500여건 사상 최대,"사금융이 온라인 광고를 타고 더욱 지능화·교묘화하고 있다”며 “불법 금융광고를 사전에 차단할 수 있는 시스템을 한층 강화하고, 미등록 대부업체 등 피해의 뿌리부터 차단할 수 있는 실효성 있는 단속체...",https://www.taxtimes.co.kr/news/article.html?no=276727,8,0.661,1,keep,candidate_hybrid_keep_strong_domain_rule_anchor,8,0.661,불법사금융,,,candidate_hybrid,1,0.65,0.35
서민 울리는 '미등록 대부' 광고 급증...불법사금융 광고 10년 새 11배 늘...,"있는 단속체계 구축이 시급하다""고 지적했다. 박 의원은 또 ""불법사금융은 단순한 금융질서 위반을 넘어 서민의 생계와 삶을 직접 위협하는 민생범죄""라며 ""금융당국과 수사기관의 공조 강화, 불법사금융 업자에...",https://www.pinpointnews.co.kr/news/articleView.html?idxno=484385,8,0.655,1,keep,candidate_hybrid_keep_strong_domain_rule_anchor,8,0.655,불법사금융,,,candidate_hybrid,1,0.65,0.35
부부의 연 끊었다고 자식까지…양육비 외면하는 ‘나쁜 부모들’,"이행관리원이 판결 이후 채권압류·추심, 강제경매 등 실제 양육비를 받아내기 위한 절차까지 지원하는 이유다. 정부는 양육비 지급 의무를 이행하지 않는 부모에 대한 제재를 강화해 오고 있지만 여전히 절반가량은...",https://biz.heraldcorp.com/article/10864801?ref=naver,0,0.3903,0,drop,candidate_hybrid_gray_drop_score_lt_threshold,0,0.3903,,,,candidate_hybrid,1,0.65,0.35
"이호성 하나은행장, '사람 살리는 금융' 릴레이 캠페인 동참…불법사금...",퍼블릭타임스=이호성 하나은행장이 불법사금융 피해 예방과 금융 취약계층 보호를 위한 '사람 살리는 금융... 앞으로도 금융 취약계층의 재기를 돕는 맞춤형 금융지원과 불법사금융·보이스피싱 등 금융범죄 예방 활동을...,https://www.public25.com/news/articleView.html?idxno=54271,15,0.7762,1,keep,candidate_hybrid_keep_strong_domain_rule_anchor,15,0.7762,불법사금융;보이스피싱,금융,,candidate_hybrid,1,0.65,0.35
"""취약계층 보호·민생금융 강화""…하나은행, 포용금융 안전망 넓힌다","서민금융진흥원 주관 릴레이…범금융권으로 가치 확산 이번 캠페인은 불법사금융 피해로 고통받는 서민을... 한편, 보이스피싱과 불법사금융 등 민생 침해 금융범죄 예방 활동을 대폭 강화할 계획이다. 이호성...",http://www.globalepic.co.kr/view.php?ud=2026090808394593807cc35ccc5c_29,14,0.7458,1,keep,candidate_hybrid_keep_strong_domain_rule_anchor,14,0.7458,불법사금융;보이스피싱,,,candidate_hybrid,1,0.65,0.35
"""불법사금융 뿌리뽑는다""…이호성 하나은행장, 포용금융 릴레이 참여","금융 취약계층을 노린 불법사금융 피해가 늘어남에 따라 금융권 수장들이 직접 나서 서민 금융 안전망... 예방, 채무자 보호 등 그룹 차원의 포용금융 정책에 맞춰 서민금융 지원 및 보이스피싱 예방 활동을 강화하고 있다.",https://www.thefairnews.co.kr/news/articleView.html?idxno=87357,15,0.7657,1,keep,candidate_hybrid_keep_strong_domain_rule_anchor,15,0.7657,불법사금융;보이스피싱,금융,,candidate_hybrid,1,0.65,0.35
"'유부녀 킬러' 공효진, 종영 앞두고 킹피셔 유보나 서사 재조명","시어머니 옥선자(차미경 분)가 보이스피싱의 표적이 되자 범인을 추격했고, 아동학대범 구종렬(박중근 분)의... 어린 시절 자신이 겪었던 보육원 내 학대의 기억과 현재 피해를 입은 아이의 상황이 겹치면서 유보나가...",https://www.stardailynews.co.kr/news/articleView.html?idxno=549259,6,0.7471,1,keep,candidate_hybrid_model_keep_prob_ge_threshold_with_domain_anchor,6,0.7471,보이스피싱,,,candidate_hybrid,1,0.65,0.35
"보이스피싱 지능화에 …보험사, FDS 고도화",정부는 보이스피싱 피해를 줄이기 위해 금융·통신·수사기관 간 협력을 강화하고 피해 예방 시스템과 관련 제도를 정비해 왔다. 금융사가 자체적으로 이상거래를 포착하고 즉시 대응하는 역할도 중요하다. 특히...,https://www.cstimes.com/news/articleView.html?idxno=719673,10,0.8868,1,keep,candidate_hybrid_keep_strong_domain_rule_anchor,10,0.8868,보험사;보이스피싱,금융,,candidate_hybrid,1,0.65,0.35
‘원격제어’에 무방비?…“8개 은행 앱 직접 뚫어봤습니다”,"이를 위해 그동안 보이스피싱범들이 가장 먼저 했던 건 악성 앱 설치였고, [A 씨/보이스피싱 피해자 : ""(보이스피싱범이) 원격으로 할 수 있는 앱을 깔아서 정보 유출이 됐는지 안 됐는지 알아봐 주겠다고 그러더라고요....",https://news.kbs.co.kr/news/pc/view/view.do?ncd=8657243&ref=A,9,0.8138,1,keep,candidate_hybrid_keep_strong_domain_rule_anchor,9,0.8138,은행;보이스피싱,,,candidate_hybrid,1,0.65,0.35
"금감원, 고령층 금융사기 예방 교육⋯연령별 맞춤 과정 운영","이투데이=권현원 기자 | 금융감독원이 고령층의 금융사기 피해 예방과 디지털 금융 소외 방지를 위한... 70~80대는 금융사기·보이스피싱·스미싱 등의 예방법과 인터넷뱅킹·키오스크 이용, 금융소비자포털을 활용한...",https://www.etoday.co.kr/news/view/2622729,19,0.9084,1,keep,candidate_hybrid_keep_strong_domain_rule_anchor,19,0.9084,금융감독원;금감원;보이스피싱,금융,,candidate_hybrid,1,0.65,0.35
"금감원, 시니어 금융교육 연령별로 쪼갠다…5060은 은퇴설계·7080은 금융...","한편 금감원은 고령층 등 금융취약계층의 보이스피싱 피해를 줄이기 위한 금융교육과 함께 금융회사 현장의 대응 역량 강화도 추진하고 있다. 피해예방 성과가 우수한 국내은행과 상호금융회사, 임직원을 선정해...",https://biz.heraldcorp.com/article/10865382?ref=naver,17,0.859,1,keep,candidate_hybrid_keep_strong_domain_rule_anchor,17,0.859,금감원;상호금융;보이스피싱,금융,,candidate_hybrid,1,0.65,0.35
"금감원, 고령층 금융사기 막는다…'시니어 금융 아카데미' 운영","금융감독원이 고령층의 금융사기 피해를 예방하고 디지털 금융 소외를 줄이기 위한 맞춤형 금융교육에... 70·80대 과정은 총 6회로 노후 자산관리와 금융사기·보이스피싱·스미싱 예방, 인터넷뱅킹과 키오스크 등...",https://www.dailian.co.kr/news/view/1687498/?sc=Naver,19,0.8971,1,keep,candidate_hybrid_keep_strong_domain_rule_anchor,19,0.8971,금융감독원;금감원;보이스피싱,금융,,candidate_hybrid,1,0.65,0.35
"“고령층 금융사기 막는다”… 금감원, 시니어 아카데미 참가 기관 모집","금융감독원이 고령층의 금융사기 피해를 예방하고 디지털 금융 소외를 줄이기 위해 ‘FSS 시니어 금융... 70·80대 과정은 총 6회로 노후 자산관리와 보이스피싱·스미싱 예방법, 인터넷뱅킹과 키오스크 등 디지털 금융...",https://biz.chosun.com/stock/finance/2026/09/08/BJ2VHFREFVFT5NI65AF7EH52RA/?utm_source=naver&utm_medium=original&utm_campaign=biz,19,0.9041,1,keep,candidate_hybrid_keep_strong_domain_rule_anchor,19,0.9041,금융감독원;금감원;보이스피싱,금융,,candidate_hybrid,1,0.65,0.35
"금감원, '시니어 금융 아카데미' 개편… ""고령층 금융사기 예방""","금융감독원(이하 금감원)이 고령층의 금융사기 피해와 디지털 금융 소외를 막기 위한 맞춤형 금융교육을... 금융사기 예방 교육에서는 투자사기와 보이스피싱을 비롯해 스미싱, 유사수신 등 금융사기 유형을 다룬다....",https://www.insnews.co.kr/news/articleView.html?idxno=92664,19,0.9128,1,keep,candidate_hybrid_keep_strong_domain_rule_anchor,19,0.9128,금융감독원;금감원;보이스피싱,금융,,candidate_hybrid,1,0.65,0.35
"5060은 '돈 굴리는 법', 7080은 '돈 지키는 법'…금감원 찾아간다","금융감독원이 고령층의 금융사기 피해를 예방하고 디지털 금융 소외를 줄이기 위해 연령대별 맞춤형... 투자사기와 보이스피싱 등 금융사기 예방, 증여·상속 관련 내용도 교육한다. 6회에 걸쳐 진행하는 70~80대...",https://www.mt.co.kr/finance/2026/09/08/2026090716125865548,19,0.8743,1,keep,candidate_hybrid_keep_strong_domain_rule_anchor,19,0.8743,금융감독원;금감원;보이스피싱,금융,,candidate_hybrid,1,0.65,0.35
"금감원, 고령층 대상 '시니어 금융 아카데미' 운영","금융감독원이 고령층의 금융사기 피해를 예방하고 디지털 금융 소외를 줄이기 위해 'FSS 시니어 금융... 노후자금 관리와 금융상품 활용, 보이스피싱·스미싱·유사수신 등 금융사기 예방, 상속·증여, 인터넷뱅킹과...",https://www.ebn.co.kr/news/articleView.html?idxno=1723247,19,0.8919,1,keep,candidate_hybrid_keep_strong_domain_rule_anchor,19,0.8919,금융감독원;금감원;보이스피싱,금융,,candidate_hybrid,1,0.65,0.35
홀로 선 청년들 ‘변호사 보호자’ 생긴다,"명의도용, 보이스피싱, 사기 고소·고발 대응 등 형사·범죄 피해 상담도 31건으로 뒤를 이었다. 올해는 2명에게 소송비도 지원했다. 기존에는 매월 셋째 주 목요일에만 정기 상담을 열었지만, 이달부터 법조인들의 후원과...",https://www.donga.com/news/Society/article/all/20260907/134622601/2,6,0.7308,1,keep,candidate_hybrid_model_keep_prob_ge_threshold_with_domain_anchor,6,0.7308,보이스피싱,,,candidate_hybrid,1,0.65,0.35
"<독자투고>진화하는 보이스피싱, ‘유비무환의 지혜로 맞서야’",경찰에 투신 후 112 신고 및 선배들의 경험담을 통해 들어보면 보이스피싱 피해로 눈물짓는 시민들의 이야기를 자주 마주하게 된다. 과거에는 어눌한 말루로 송금을 요구하는 수준이었지만. 최근의 범죄 수법은 우리의 일상...,https://sjbnews.com/news/news.php?number=887025,6,0.8796,1,keep,candidate_hybrid_model_keep_prob_ge_threshold_with_domain_anchor,6,0.8796,보이스피싱,,,candidate_hybrid,1,0.65,0.35
"전주덕진경찰서, 안전한 유학 생활 위한 맞춤형 교육","유학생들이 실제 생활에서 접하기 쉬운 범죄 유형을 중심으로 보이스피싱 등 금융사기, 성범죄, 112 신고요령 및 범죄 피해 발생 시 대처 방법 등을 알기 쉽게 설명하고 범죄예방 홍보 물품 및 전단지를 배부했다. 특히 국내...",http://www.jeonmin.co.kr/news/articleView.html?idxno=446541,6,0.8053,1,keep,candidate_hybrid_model_keep_prob_ge_threshold_with_domain_anchor,6,0.8053,보이스피싱,,,candidate_hybrid,1,0.65,0.35
"中, 보이스피싱 잡는 AI 앱 출시…사기 수법·대응법까지 안내","보이스피싱과 온라인 사기 여부를 실시간으로 판별하고 대응 방법까지 알려주는 서비스를 내놨다. 의심스러운 전화나 문자, 온라인 거래 내용을 입력하면 AI가 사기 가능성을 분석해 위험도를 알려주고 비슷한 피해...",https://www.munhwa.com/article/11615177?ref=naver,6,0.855,1,keep,candidate_hybrid_model_keep_prob_ge_threshold_with_domain_anchor,6,0.855,보이스피싱,,,candidate_hybrid,1,0.65,0.35
"NH농협캐피탈, '보이스피싱 집중 예방 주간' 운영",NH농협캐피탈(대표이사 장종환)은 금융소비자의 보이스피싱 피해를 예방하고 금융사기 대응역량을 강화하기 위해 오는 9월 7일부터 13일까지 일주일간 '보이스피싱 집중 예방 주간'을 운영한다고 밝혔다.이번 예방 주간은...,https://weeklytrade.co.kr/news/view.html?section=1&category=6&item=&no=101313,6,0.7934,1,keep,candidate_hybrid_model_keep_prob_ge_threshold_with_domain_anchor,6,0.7934,보이스피싱,,,candidate_hybrid,1,0.65,0.35
미주 지역 재외동포 대상 '보이스 피싱' 주의,만약 보이스 피싱이 의심되거나 피해를 입었다면 즉시 현지 경찰에 신고하시고 외교부 영사안전콜센터나 관할 재외공관으로 연락해 도움을 받으시기 바랍니다. YTN 최가영,https://www.ytn.co.kr/replay/view.php?idx=50&key=202609072146277869,0,0.6634,0,drop,candidate_hybrid_drop_model_keep_without_domain_anchor,0,0.6634,,,,candidate_hybrid,1,0.65,0.35
"""공정 법 집행·시민 안전 최우선 목표 중대재해 예방 관계기관 협력 필...","스토킹·교제폭력 등 관계성 범죄에는 피해자 우선의 관점에서 적극적으로 대응하고 학교폭력과 디지털 성범죄, 사이버 도박으로부터 청소년을 보호하는 한편 교통사고와 보이스피싱 등에 취약한 고령자 보호에도...",https://www.ulsanpress.net/news/articleView.html?idxno=582546,6,0.814,1,keep,candidate_hybrid_model_keep_prob_ge_threshold_with_domain_anchor,6,0.814,보이스피싱,,,candidate_hybrid,1,0.65,0.35
[단독] ‘원격제어’에 무방비?…“8개 은행 앱 직접 뚫어봤습니다”,"이를 위해 그동안 보이스피싱범들이 가장 먼저 했던 건 악성 앱 설치였고, [A 씨/보이스피싱 피해자 : ""(보이스피싱범이) 원격으로 할 수 있는 앱을 깔아서 정보 유출이 됐는지 안 됐는지 알아봐 주겠다고 그러더라고요....",https://news.kbs.co.kr/news/pc/view/view.do?ncd=8656923&ref=A,9,0.7674,1,keep,candidate_hybrid_keep_strong_domain_rule_anchor,9,0.7674,은행;보이스피싱,,,candidate_hybrid,1,0.65,0.35
어르신 눈높이 맞춰 보이스피싱 예방했죠,/ 창원중부서 창원중부경찰서가 어르신들의 보이스피싱 피해를 예방하고 소중한 재산을 보호하기 위해 현장 밀착형 교육에 나섰다. 창원중부경찰서는 성산구 지역 내 8개 행정복지센터를 순회하며 노인일자리사업 참여...,http://www.gnmaeil.com/news/articleView.html?idxno=594370,6,0.8952,1,keep,candidate_hybrid_model_keep_prob_ge_threshold_with_domain_anchor,6,0.8952,보이스피싱,,,candidate_hybrid,1,0.65,0.35
'강남언니' 해킹... 환자 시술 정보 유출됐다,"개인의 외모나 건강 상태를 추정할 수 있는 민감 정보가 포함된 만큼, 강남언니 및 관련 병원을 사칭한 보이스피싱이나 스미싱 등 2차 악용 피해 우려가 커지고 있다. 힐링페이퍼는 피해 대상자들에게 개별 통지를...",http://www.hansbiz.co.kr/news/articleView.html?idxno=862934,6,0.6708,1,keep,candidate_hybrid_model_keep_prob_ge_threshold_with_domain_anchor,6,0.6708,보이스피싱,,,candidate_hybrid,1,0.65,0.35
"대한변협, 티빙 개인정보 유출에 ""징벌적 손배·집단소송 도입해야""","변협은 이번 사고로 전례 없는 규모의 이용자 연계정보 CI가 유출됐다며 ""피해자는 앞으로 오랫동안 맞춤형 보이스피싱과 명의도용에 시달릴 수밖에 없다""고 지적했다. 과학기술정보통신부 민관합동조사단은 지난 3일...",https://www.ppss.kr/news/articleView.html?idxno=309295,6,0.743,1,keep,candidate_hybrid_model_keep_prob_ge_threshold_with_domain_anchor,6,0.743,보이스피싱,,,candidate_hybrid,1,0.65,0.35
"NH농협은행, 고령층 대상 보이스피싱 보상보험 지원",NH농협은행에 따르면 이번 행사는 보이스피싱 피해에 취약한 고령층의 금융사기 피해보상 기반을 확대하고 금융소비자보호를 강화하기 위해 마련됐다. 농협은행은 전국 영업점과 다양한 행사를 연계해 보이스피싱...,http://www.lawissue.co.kr/view.php?ud=2026090720014580609817d053b9_12,6,0.6951,1,keep,candidate_hybrid_model_keep_prob_ge_threshold_with_domain_anchor,6,0.6951,보이스피싱,,,candidate_hybrid,1,0.65,0.35
"[금융권 이모저모]IBK기업은행, 하반기 정규직 190명 채용 外",농협은행은 행사장에 전용 홍보부스와 이동점포를 운영하고 참가자와 방문객을 대상으로 보이스피싱 피해 예방 안내와 보상보험 현장 가입을 지원했다. 보이스피싱 보상보험은 가까운 농협은행 영업점이나...,https://www.businessplus.kr/news/articleView.html?idxno=116498,11,0.7955,1,keep,candidate_hybrid_keep_strong_domain_rule_anchor,11,0.7955,보이스피싱;기업은행,,,candidate_hybrid,1,0.65,0.35
[사설]개인정보 유출 피해에도 집단소송제 도입해야,특히 주민등록번호를 대체해 개인을 식별하기 위한 고유값인 CI가 1904만개 계정에서 유출돼 스미싱·보이스피싱 등 2차 피해로 이어질 가능성도 있어 우려스럽다. 이번 사고는 티빙의 미흡한 정보보호 체계가...,https://www.khan.co.kr/article/202609071853001,6,0.7351,1,keep,candidate_hybrid_model_keep_prob_ge_threshold_with_domain_anchor,6,0.7351,보이스피싱,,,candidate_hybrid,1,0.65,0.35
"대한변협 ""티빙 개인정보 유출 사태…징벌적 손해배상 조속 입법하라""","대한변협은 ""다른 경로로 새어 나간 정보와 결합하면 흩어진 개인정보를 한 사람 것으로 꿰맞추는 연결고리가 되므로, 피해자는 앞으로 오랫동안 맞춤형 보이스피싱과 명의도용에 시달릴 수밖에 없다""면서...",http://www.lawleader.co.kr/news/articleView.html?idxno=19876,6,0.7612,1,keep,candidate_hybrid_model_keep_prob_ge_threshold_with_domain_anchor,6,0.7612,보이스피싱,,,candidate_hybrid,1,0.65,0.35
"진성원 우리카드 대표, '사람 살리는 금융' 동참…취약계층 지원 약속",지난 8월에는 서민금융진흥원과 협력해 보이스피싱 피해 등으로 위기에 놓인 고객을 탐지·지원하고 취약계층 전용 신용카드를 선보이는 '희망패키지' 추진 계획을 밝힌 바 있다.,https://www.the-today.com/news/articleView.html?idxno=89637,7,0.661,1,keep,candidate_hybrid_model_keep_prob_ge_threshold_with_domain_anchor,7,0.661,보이스피싱,금융,,candidate_hybrid,1,0.65,0.35
"남부경찰, 보이스피싱 막은 은행원 포상","계좌로 이체 후 지급 정지하고, 신분증 재발급 및 대출 정지를 통해 1500만원 상당의 재산 피해를 예방했다. 윤주현 남부경찰서장은 “시민과 금융기관의 적극적인 대응이 보이스피싱 피해 예방에 중요하다”고 강조했다.",http://www.jndn.com/article.php?aid=1788771730439185011,7,0.9038,1,keep,candidate_hybrid_model_keep_prob_ge_threshold_with_domain_anchor,7,0.9038,보이스피싱,대출,,candidate_hybrid,1,0.65,0.35
"서부경찰, 어르신 대상 디지털 범죄 예방교육","광주자치경찰위원회와 함께한 이번 교육은 스마트폰 사용이 일상화되면서 고령층을 노리는 보이스피싱, 스미싱, 메신저 피싱 등 디지털 범죄 피해를 막기 위해 마련됐다. 서부경찰서 관계자는 “진화하는 범죄 수법에...",http://www.jndn.com/article.php?aid=1788771700439174011,6,0.8907,1,keep,candidate_hybrid_model_keep_prob_ge_threshold_with_domain_anchor,6,0.8907,보이스피싱,,,candidate_hybrid,1,0.65,0.35
"2000만원 빌려줬는데, 도박에 탕진한 전 연인...지금 돈 돌려 받을 수 있...",B씨가 보이스피싱 피해로 힘들어하며 투잡까지 뛰고 있다는 말을 믿었기 때문이다. 하지만 최근 B씨가 그 돈을 도박에 탕진했다는 충격적인 사실을 알게 됐다. 월 100만원씩 갚겠다던 약속도 거의 지켜지지 않았다. A씨의...,https://lawtalknews.co.kr/article/7GS70BZQ1XRS,6,0.4845,1,keep,candidate_hybrid_gray_keep_domain_score_ge_threshold,6,0.4845,보이스피싱,,,candidate_hybrid,1,0.65,0.35
"NH농협은행, 고령층 대상 보이스피싱 보상보험 가입 지원",이번 행사는 보이스피싱 피해에 취약한 고령층의 금융사기 피해 보상 기반을 확대하고 금융소비자 보호를 강화하기 위해 마련됐다. 농협은행은 현장에 전용 홍보부스와 이동점포를 운영하고 대회 참가자와 방문객을...,http://www.popcornnews.net/news/articleView.html?idxno=132127,6,0.6126,1,keep,candidate_hybrid_gray_keep_domain_score_ge_threshold,6,0.6126,보이스피싱,,,candidate_hybrid,1,0.65,0.35
"대한변협, 티빙 개인정보 유출 사태에 '민생 3법' 도입 촉구","변협은 ""피해자들은 앞으로 오랫동안 맞춤형 보이스피싱과 명의도용 등에 시달릴 수밖에 없는 상황""이라고 지적했다. 반복되는 대규모 정보 유출 사태를 막기 위한 해법으로 변협은 이른바 '민생 3법'의 신속한 도입을...",http://www.starnewsk.com/news/articleView.html?idxno=58818,6,0.6958,1,keep,candidate_hybrid_model_keep_prob_ge_threshold_with_domain_anchor,6,0.6958,보이스피싱,,,candidate_hybrid,1,0.65,0.35
[은행 뉴스브리핑] 우리은행 모의해킹 경진대회 '우리콘' 개최,이번 행사는 보이스피싱 피해에 취약한 고령층의 금융사기 피해보상 기반을 확대하고 금융소비자보호 강화를 위해 마련됐다. 농협은행은 전용 홍보부스와 이동점포를 운영하며 대회 참가자 및 방문객을 대상으로...,https://www.asiatime.co.kr/article/20260907500389,9,0.586,1,keep,candidate_hybrid_keep_strong_domain_rule_anchor,9,0.586,은행;보이스피싱,,,candidate_hybrid,1,0.65,0.35
"[보험 트렌드] 쿠팡, 가구 전용 무상보증·파손보험 출시 外","이와 함께 보이스피싱 피해상담 지원서비스 확대, AI 기반 서비스 도입, 대형 GA와의 파트너십 강화 등 사전 예방 중심의 소비자보호 체계를 확대하고 있다. ◇ 최근 4년간 요양기관 839곳서 건강보험 거짓청구 348억원...",https://www.ibabynews.com/news/articleView.html?idxno=154323,6,0.5905,1,keep,candidate_hybrid_gray_keep_domain_score_ge_threshold,6,0.5905,보이스피싱,,,candidate_hybrid,1,0.65,0.35
"금감원, 보이스피싱 예방 우수사례 포상…인센티브 검토",금융감독원이 올해 말 보이스피싱 피해 예방 우수사례에 대한 포상을 시행한다. 이를 위해 포상 기관과 개인에 대한 인센티브 부여 방안도 검토할 방침이다. 금융감독원은 보이스피싱 피해 예방에 기여한 우수 금융회사와...,http://www.newsprime.co.kr/news/article.html?no=746763,18,0.9572,1,keep,candidate_hybrid_keep_strong_domain_rule_anchor,18,0.9572,금융감독원;금감원;보이스피싱,,,candidate_hybrid,1,0.65,0.35
"농협캐피탈, 7~13일 ‘보이스피싱 집중 예방 주간’ 운영",NH농협캐피탈(대표 장종환)은 금융소비자의 보이스피싱 피해를 예방하기 위해 7일부터 13일까지 ‘보이스피싱 집중 예방 주간’을 운영한다고 밝혔다. 이번 캠페인은 보이스피싱 수법이 지능화되는 가운데 주요...,https://www.nongmin.com/article/20260907500494,6,0.8457,1,keep,candidate_hybrid_model_keep_prob_ge_threshold_with_domain_anchor,6,0.8457,보이스피싱,,,candidate_hybrid,1,0.65,0.35
"변협 ""티빙서 또 개인정보 유출…'민생 3법' 도입해야""","변협은 이번 사고로 인해 전례 없는 규모의 이용자 연계정보(CI)가 유출됐다며 ""피해자는 앞으로 오랫동안 맞춤형 보이스피싱과 명의도용에 시달릴 수밖에 없다""고 꼬집었습니다. 지난 3일 과학기술정보통신부...",https://news.sbs.co.kr/news/endPage.do?news_id=N1008741649&plink=ORI&cooper=NAVER,6,0.7319,1,keep,candidate_hybrid_model_keep_prob_ge_threshold_with_domain_anchor,6,0.7319,보이스피싱,,,candidate_hybrid,1,0.65,0.35
"금감원, 보이스피싱 피해 잡는 금융사·임직원 포상한다","지난해 12월 보이스피싱 피해금은 1248억원이었지만 이후 감소 추세를 보이다가 올해 7월 337억원까지 감소했다. 금감원은 이같은 결과가 범정부 차원의 종합적인 대응과 함께, 금융권 역시 피해 예방 활동에 적극적으로...",https://www.pointdaily.co.kr/news/articleView.html?idxno=318340,12,0.9573,1,keep,candidate_hybrid_keep_strong_domain_rule_anchor,12,0.9573,금감원;보이스피싱,,,candidate_hybrid,1,0.65,0.35
"신한라이프, 소비자보호에 박차... 위험 사전 차단 시스템 구축","정비함으로써 보이스피싱 방어선도 강화했다. 문제가 드러난 뒤 수습하는 보호에서 계약의 설계·권유·유지... 이어 8월 4일부터는 개정된 통신사기피해환급법에 따라 금융회사와 통신사, 수사기관 등이 사기 의심정보를...",http://www.lkp.news/news/articleView.html?idxno=83744,6,0.7958,1,keep,candidate_hybrid_model_keep_prob_ge_threshold_with_domain_anchor,6,0.7958,보이스피싱,,,candidate_hybrid,1,0.65,0.35
[뱅크 NOW] IBK기업은행·NH농협은행·Sh수협은행,"이날 농협은행은 현장에 전용 홍보부스와 이동점포를 마련해 대회 참가자와 현장 방문객들에게 최신 보이스피싱 피해 예방 수칙을 안내하고, 보이스피싱 보상보험 무료 가입 절차를 일대일로 지원했다. 농협은행은...",http://www.wikileaks-kr.org/news/articleView.html?idxno=191741,11,0.7099,1,keep,candidate_hybrid_keep_strong_domain_rule_anchor,11,0.7099,보이스피싱;기업은행,,,candidate_hybrid,1,0.65,0.35
"NH농협은행, 고령층 보이스피싱 보험 가입 지원",이번 행사는 보이스피싱 피해에 취약한 고령층의 금융사기 피해보상 기반을 확대하고 금융소비자보호 강화를 위해 마련됐다. 농협은행은 전용 홍보부스와 이동점포를 운영하며 대회 참가자 및 방문객을 대상으로...,http://www.koreastocknews.com/news/articleView.html?idxno=121037,6,0.5851,1,keep,candidate_hybrid_gray_keep_domain_score_ge_threshold,6,0.5851,보이스피싱,,,candidate_hybrid,1,0.65,0.35
[채널Who] 개인정보 유출사고는 일상 됐고 기업의 숫자놀이식 '보상'에도...,"유출된 정보가 보이스피싱, 딥페이크 등 정교한 범죄로 이어져 국민적 공포를 유발함에도, 정작 실제 피해 입증은 구조적으로 불가능한 상황이다. 개인정보 유출을 일상의 위험으로 만든 기업과 제도에 대해 핵심 포인트...",https://www.businesspost.co.kr/BP?command=article_view&num=446570,6,0.6568,1,keep,candidate_hybrid_model_keep_prob_ge_threshold_with_domain_anchor,6,0.6568,보이스피싱,,,candidate_hybrid,1,0.65,0.35
[더밸류 브리핑] 오늘의 은행 소식…NH농협은행·BNK부산은행·Sh수협은...,농협은행은 현장에 전용 홍보부스와 이동점포를 운영하며 대회 참가자와 방문객을 대상으로 보이스피싱 피해예방 수칙을 안내하고 보상보험 현장 가입을 지원했다. 보이스피싱 보상보험은 전국 농협은행 영업점 및...,http://www.thevaluenews.co.kr/news/view.php?idx=201380,9,0.5523,1,keep,candidate_hybrid_keep_strong_domain_rule_anchor,9,0.5523,은행;보이스피싱,,,candidate_hybrid,1,0.65,0.35
"[금융zip] KB금융, 그룹 통합 AI 에이전트 경진대회 개최 ​外",이번 행사는 보이스피싱 피해에 취약한 고령층의 금융사기 피해보상 기반을 확대하고 금융소비자보호 강화를 위해 마련됐다. 이번 행사에서 농협은행은 전용 홍보부스와 이동점포를 운영하며 대회 참가자 및...,https://www.getnews.co.kr/news/articleView.html?idxno=880069,6,0.5797,1,keep,candidate_hybrid_gray_keep_domain_score_ge_threshold,6,0.5797,보이스피싱,,,candidate_hybrid,1,0.65,0.35
[단독] '화해' 회원정보 480만건 외부서 대량 조회…배송지 14만건 유출,"현재까지 이번 사고에 따른 2차 피해 사례는 확인되지 않았다. 화해는 스미싱과 보이스피싱 등 개인정보 악용 가능성에 대비해 웹사이트와 앱, 문자메시지, 이메일 등을 통해 유출 사실과 주의사항을 안내했다. 화해 측은...",https://www.ngetnews.com/news/articleView.html?idxno=553102,6,0.701,1,keep,candidate_hybrid_model_keep_prob_ge_threshold_with_domain_anchor,6,0.701,보이스피싱,,,candidate_hybrid,1,0.65,0.35
"NH농협은행, 합천군 고령층 대상 보이스피싱 보험 가입 행사",이번 행사는 보이스피싱 피해에 취약한 고령층의 금융사기 피해보상 기반을 확대하고 금융소비자보호 강화를 위해 마련됐다. 농협은행은 전용 홍보부스와 이동점포를 운영하며 대회 참가자 및 방문객을 대상으로...,https://biz.heraldcorp.com/article/10865378?ref=naver,6,0.6398,1,keep,candidate_hybrid_gray_keep_domain_score_ge_threshold,6,0.6398,보이스피싱,,,candidate_hybrid,1,0.65,0.35
"[은행브리핑] 신한은행, '황금 같은 추석, GOLD 감사 이벤트' 외",이번 행사에서 농협은행은 전용 홍보부스와 이동점포를 운영하며 대회 참가자 및 방문객을 대상으로 보이스피싱 피해예방 안내와 보상보험 현장 가입을 지원했다. 농협은행은 전국 영업점과 다양한 행사를 연계해...,https://www.seoulfn.com/news/articleView.html?idxno=637430,6,0.3489,0,drop,candidate_hybrid_model_drop_prob_le_threshold,6,0.3489,보이스피싱,,,candidate_hybrid,1,0.65,0.35
‘문고리에 걸린 현금 1000만원’ ‘진드기가 들끓던 집’…그들을 지켜...,80대에 가까운 피해자는 금융감독원 직원과 검사로 속인 보이스피싱 조직에 속아 7차례에 걸쳐 현금 8800만원을 건넨 상태였다. 돈은 문고리에 걸어두는 방식으로 전달했다. 뒤늦게 피해 사실을 알게 된 아들이 경찰에...,https://biz.heraldcorp.com/article/10865355?ref=naver,12,0.7198,1,keep,candidate_hybrid_keep_strong_domain_rule_anchor,12,0.7198,금융감독원;보이스피싱,,,candidate_hybrid,1,0.65,0.35
SK매직·NH농협은행 '추석맞이 프로모션' 진행·고령층 대상 '보이스피싱...,이번 행사는 보이스피싱 피해에 취약한 고령층의 금융사기 피해보상 기반을 확대하고 금융소비자보호 강화를 위해 마련됐다. 행사에서 농협은행은 전용 홍보부스와 이동점포를 운영하며 대회 참가자 및 방문객을...,http://www.wsobi.com/news/articleView.html?idxno=317721,6,0.7621,1,keep,candidate_hybrid_model_keep_prob_ge_threshold_with_domain_anchor,6,0.7621,보이스피싱,,,candidate_hybrid,1,0.65,0.35
[금융계 동향] NH농협은행·신한은행·우리은행,농협은행은 행사장에 전용 홍보부스와 이동점포를 마련해 대회 참가자와 방문객에게 보이스피싱 피해예방 정보를 안내하고 보상보험 현장 가입을 지원했다. 농협은행은 고령층의 금융사기 피해 보상 기반을 확대하기...,http://www.iminju.net/news/articleView.html?idxno=169163,6,0.4319,1,keep,candidate_hybrid_gray_keep_domain_score_ge_threshold,6,0.4319,보이스피싱,,,candidate_hybrid,1,0.65,0.35
"스타트업 발굴 '우리금융 디노랩', 맥주와 음악의 '카스쿨 페스티벌'…",◇AI 기술로 보이스피싱 예방에 나선 ‘빗썸’ 빗썸은 ‘AI 보이스피싱 예방 캠페인’을 통해 갈수록 정교해지는 금융사기의 위험을 알리고 소비자의 피해 예방에 나섰다. 기술을 서비스 편의성을 높이는 수단을 넘어...,https://www.hankyung.com/article/2026090779821,11,0.8684,1,keep,candidate_hybrid_keep_strong_domain_rule_anchor,11,0.8684,보이스피싱;빗썸,,,candidate_hybrid,1,0.65,0.35
"NH농협캐피탈, 보이스피싱 수법·피해사례 알린다... 예방 캠페인 진행","이번 캠페인에서는 최근 빈번하게 발생하는 보이스피싱 수법과 실제 피해사례, 금융소비자가 알아야 할 예방수칙 등을 카드뉴스 형태로 제작해 안내한다. NH농협캐피탈은 그동안 금융소비자를 대상으로 보이스피싱 예방...",http://www.thefirstmedia.net/news/articleView.html?idxno=207925,6,0.7863,1,keep,candidate_hybrid_model_keep_prob_ge_threshold_with_domain_anchor,6,0.7863,보이스피싱,,,candidate_hybrid,1,0.65,0.35
"NH농협은행, 파크골프장 찾아 고령층 '보이스피싱 보상보험' 가입 지원",사진=NH농협은행 NH농협은행이 고령층의 보이스피싱 피해 지원을 위해 영업점을 넘어 현장으로 금융소비자보호 접점을 넓히고 있다. 농업인이 참여하는 파크골프대회에 이동점포를 운영해 금융사기 예방수칙을 알리고...,http://www.thefirstmedia.net/news/articleView.html?idxno=207931,6,0.5731,1,keep,candidate_hybrid_gray_keep_domain_score_ge_threshold,6,0.5731,보이스피싱,,,candidate_hybrid,1,0.65,0.35
'돌반지 직거래'가 범죄 통로로 … 중고 플랫폼 신뢰구조 새로 짜야 [기...,"사기범은 금을 사겠다며 판매자에게 접근한 뒤, 대금을 보이스피싱 피해자가 판매자에게 직접 송금하도록 유도한다. 판매자는 정상적으로 돈을 받았다고 믿고 금을 건네지만, 그 돈은 범죄 피해금이다. 며칠 뒤 판매자의...",https://www.mk.co.kr/article/12146215,6,0.7355,1,keep,candidate_hybrid_model_keep_prob_ge_threshold_with_domain_anchor,6,0.7355,보이스피싱,,,candidate_hybrid,1,0.65,0.35
"대한변협 ""티빙서 또 개인정보 유출…'민생 3법' 도입해야""","변협은 이번 사고로 인해 전례 없는 규모의 이용자 연계정보(CI)가 유출됐다며 ""피해자는 앞으로 오랫동안 맞춤형 보이스피싱과 명의도용에 시달릴 수밖에 없다""고 꼬집었다. 지난 3일 과학기술정보통신부...",https://www.yna.co.kr/view/AKR20260907132700004?input=1195m,6,0.7307,1,keep,candidate_hybrid_model_keep_prob_ge_threshold_with_domain_anchor,6,0.7307,보이스피싱,,,candidate_hybrid,1,0.65,0.35
"금감원, 보이스피싱 피해예방 우수 금융사 포상",컨슈머타임스=김하은 기자 | 금융감독원이 보이스피싱 피해 예방에 성과를 낸 금융회사와 임직원을 선정해 포상한다. 금감원은 국내 은행과 상호금융권을 대상으로 보이스피싱 피해예방 우수 금융회사와 임직원을...,https://www.cstimes.com/news/articleView.html?idxno=719682,22,0.9734,1,keep,candidate_hybrid_keep_strong_domain_rule_anchor,22,0.9734,금융감독원;금감원;상호금융;보이스피싱,,,candidate_hybrid,1,0.65,0.35
휴직 중인 경찰이라 속인 전남친의 오물 테러…주소 빼돌린 사람은 '현...,"전 연인에게 보복성 오물 테러를 사주한 30대 남성이 경찰 수사를 받는 가운데, 피해자의 주소지가 현직... 현장에는 A씨가 보이스피싱과 불법 후원에 가담했다는 허위 사실이 적힌 전단지까지 붙어 있었다. 건물 CCTV를...",https://lawtalknews.co.kr/article/2875BBHTOEJZ,6,0.6907,1,keep,candidate_hybrid_model_keep_prob_ge_threshold_with_domain_anchor,6,0.6907,보이스피싱,,,candidate_hybrid,1,0.65,0.35
"""곧 상장"" 바이오 그 회사, 투자자들에게 돌려준 건? [뉴스톡 웰스톡]","(miki****) ""투자사기, 보이스피싱 사기범들은 가정파괴범들입니다. 법정최고형으로 처벌해 주세요""(sung****). 금융감독당국이 '비상장주식 투자에 대한 관심이 높아졌지만 허위나 과장된 권유로 투자자 피해가 발생하고...",http://www.newswell.co.kr/news/articleView.html?idxno=21688,6,0.6776,1,keep,candidate_hybrid_model_keep_prob_ge_threshold_with_domain_anchor,6,0.6776,보이스피싱,,,candidate_hybrid,1,0.65,0.35
"남광주농협, 보이스피싱... '직원 기지'로 1,510만 원 지켰다",문구로 피해자를 유인한 뒤 가상자산을 사들이게 만들고 이를 다시 해외 거래 계좌로 빼돌리려 했던 고도의 신종 수법으로 파악됐다. 이는 기존 보이스피싱 조직들이 통상적으로 활용하던 국내 시중은행 계좌 간 무통장...,https://www.newsworker.co.kr/news/articleView.html?idxno=502980,14,0.869,1,keep,candidate_hybrid_keep_strong_domain_rule_anchor,14,0.869,시중은행;보이스피싱;가상자산,,,candidate_hybrid,1,0.65,0.35
"빗썸, 금융사기·해킹 대응 강화…안전한 가상자산","딥페이크와 딥보이스를 활용한 보이스피싱, 기관 사칭 사기 등 최신 금융 범죄 대응에도 나서고 있다. 범죄 수법을 분석해 고객이 피해 상황에 대처할 수 있도록 관련 정보를 선제적으로 안내하고 있다는 게 회사 측...",https://www.hankyung.com/article/2026090780121,16,0.8867,1,keep,candidate_hybrid_keep_strong_domain_rule_anchor,16,0.8867,보이스피싱;가상자산;빗썸,금융,,candidate_hybrid,1,0.65,0.35
"NH농협캐피탈, 보이스피싱 예방 주간 캠페인 운영","장종환 대표이사는 ""보이스피싱 수법이 갈수록 교묘해지고 있는 만큼 피해가 발생한 이후의 대응뿐만 아니라 사전에 위험을 인지하고 예방하는 것이 무엇보다 중요하다"" 며 ""앞으로도 '항상 고객과 가까이 있는 캐피탈사...",https://www.pointdaily.co.kr/news/articleView.html?idxno=318309,6,0.7648,1,keep,candidate_hybrid_model_keep_prob_ge_threshold_with_domain_anchor,6,0.7648,보이스피싱,,,candidate_hybrid,1,0.65,0.35
"고창경찰서, 어르신 상대 추석 명절 보이스피싱 예방","황문주 모양지구대장은 ""추석 명절을 앞두고 어르신들이 보이스피싱 피해를 입지 않도록 직접 찾아가는 예방 홍보활동을 지속적으로 실시하겠다""며 ""앞으로 지역주민 모두가 피해를 예방할 수 있도록 지속적인 홍보와...",http://www.jeollailbo.com/news/articleView.html?idxno=810272,6,0.8708,1,keep,candidate_hybrid_model_keep_prob_ge_threshold_with_domain_anchor,6,0.8708,보이스피싱,,,candidate_hybrid,1,0.65,0.35
[금융권 소식] 신한은행ㆍNH농협캐피탈ㆍIBK기업은행(9.7),"장종환 NH농협캐피탈 대표이사 (사진=농협금융지주) ■ NH농협캐피탈, '보이스피싱 집중 예방 주간' 운영 NH농협캐피탈은 금융소비자의 보이스피싱 피해를 예방하고 금융사기 대응 역량을 높이기 위해 오는 13일까지...",http://www.weeklytoday.com/news/articleView.html?idxno=793304,11,0.5361,1,keep,candidate_hybrid_keep_strong_domain_rule_anchor,11,0.5361,보이스피싱;기업은행,,,candidate_hybrid,1,0.65,0.35
[금융권 소식] 신한은행ㆍNH농협은행ㆍBNK경남은행(9.7),이번 행사는 보이스피싱 피해에 상대적으로 취약한 고령층의 금융사기 피해 보상 기반을 확대하고 금융소비자 보호를 강화하기 위해 마련됐다. NH농협은행은 행사장에 전용 홍보부스와 이동점포를 설치하고 대회...,http://www.weeklytoday.com/news/articleView.html?idxno=793354,6,0.2787,0,drop,candidate_hybrid_model_drop_prob_le_threshold,6,0.2787,보이스피싱,,,candidate_hybrid,1,0.65,0.35
"갑자기 입금된 1640만원 빼려다 은행원에 막혀…금감원, ‘보이스피싱 ...",이처럼 금융회사 직원의 현장 대응이 보이스피싱 피해 차단과 범인 검거로 이어지는 가운데 금융감독원이 피해 예방에 성과를 낸 금융회사와 임직원을 선정해 포상한다. 피해예방 금액뿐 아니라 이상거래 탐지와...,https://biz.heraldcorp.com/article/10865232?ref=naver,18,0.9282,1,keep,candidate_hybrid_keep_strong_domain_rule_anchor,18,0.9282,금융감독원;금감원;보이스피싱,,,candidate_hybrid,1,0.65,0.35
"농협은행, 고령층 대상 '보이스피싱 보상보험' 가입지원 행사",대상으로 보이스피싱 보상보험 가입 지원 행사를 진행했다고 밝혔다. NH농협은행에 따르면 이번 행사는 금융사기 피해에 상대적으로 취약한 고령층의 피해보상 기반을 넓히고 소비자 보호를 강화하기 위한 조치로...,https://daily.hankooki.com/news/articleView.html?idxno=1403434,6,0.6302,1,keep,candidate_hybrid_gray_keep_domain_score_ge_threshold,6,0.6302,보이스피싱,,,candidate_hybrid,1,0.65,0.35
"[게시판] NH농협은행, 고령층 대상 보이스피싱 보상보험 가입지원 행사","방문객들에게 보이스피싱 예방 방법을 안내하고 보상보험 현장 가입을 도왔다. 강태영 NH농협은행장은 ""고령층이 안심하고 금융생활을 누릴 수 있도록 현장 중심의 금융사기 피해지원 활동을 확대하겠다""고 밝혔다. (서울...",https://www.yna.co.kr/view/AKR20260907118000002?input=1195m,6,0.5745,1,keep,candidate_hybrid_gray_keep_domain_score_ge_threshold,6,0.5745,보이스피싱,,,candidate_hybrid,1,0.65,0.35
"NH농협은행, 고령층 금융사기 막는다…보이스피싱 보상보험 현장 안내",이번 행사는 보이스피싱 피해에 취약한 고령층의 금융사기 피해보상 기반을 넓히고 금융소비자보호를 강화하기 위해 마련됐다. 농협은행은 행사장에 전용 홍보부스와 이동점포를 운영했다. 대회 참가자와 방문객을...,https://www.thepowernews.co.kr/view.php?ud=20260907152259733de3f0aa1be_7,6,0.7148,1,keep,candidate_hybrid_model_keep_prob_ge_threshold_with_domain_anchor,6,0.7148,보이스피싱,,,candidate_hybrid,1,0.65,0.35
"NH농협은행, 고령층 대상 '보이스피싱 보상보험' 가입지원 행사 실시",(사진=NH농협은행)  NH농협은행이 고령층의 보이스피싱 피해 예방과 금융사기 피해보상 기반 지원에 나섰다. NH농협은행은 7일 합천군파크골프장에서 열린 '제2회 농협중앙회장배 농업인파크골프대회' 예선전 현장에서...,https://www.delighti.co.kr/news/articleView.html?idxno=121432,6,0.5165,1,keep,candidate_hybrid_gray_keep_domain_score_ge_threshold,6,0.5165,보이스피싱,,,candidate_hybrid,1,0.65,0.35
"NH농협은행, 고령층 '보이스피싱 보상보험' 가입지원",이번 행사는 보이스피싱 피해에 취약한 고령층의 금융사기 피해보상 기반을 확대하고 금융소비자보호 강화를 위해 마련됐다. NH농협은행은 전용 홍보부스와 이동점포를 운영했다. 대회 참가자 및 방문객을 대상으로...,http://www.metroseoul.co.kr/article/20260907500402,6,0.6,1,keep,candidate_hybrid_gray_keep_domain_score_ge_threshold,6,0.6,보이스피싱,,,candidate_hybrid,1,0.65,0.35
"서울시, 자립준비청년 법률상담 상시 운영으로 확대","명의도용, 보이스피싱, 사기 고소·고발 대응 등 형사·범죄 피해 상담도 31건으로 뒤를 이었다. 올해는 2명에게 소송비도 지원했다. 기존에는 매월 셋째 주 목요일에만 정기 상담을 열었지만, 이달부터 법조인들의 후원과...",https://www.donga.com/news/Society/article/all/20260907/134618025/1,6,0.703,1,keep,candidate_hybrid_model_keep_prob_ge_threshold_with_domain_anchor,6,0.703,보이스피싱,,,candidate_hybrid,1,0.65,0.35
"""명의도용 됐다, 코인 구매해라"" 신종 보이스피싱 기승","남부경찰서는 보이스피싱 범죄를 차단하고 피해를 예방한 공로를 인정해 박철희 과장보에게 감사장을 수여했다. 박철희 과장보는 ""범인들이 피해사실을 정확히 인지하지 못하도록 고객을 혼란스럽게 만들었다""며...",https://www.yna.co.kr/view/AKR20260907112800054?input=1195m,6,0.9026,1,keep,candidate_hybrid_model_keep_prob_ge_threshold_with_domain_anchor,6,0.9026,보이스피싱,,,candidate_hybrid,1,0.65,0.35
"변협 ""티빙 개인정보 유출…징벌적 손배·집단소송제 도입해야""","보이스 피싱 등에 악용될 가능성이 있다고 지적했다. 휴대전화 번호와 이메일은 암호화된 상태로 유출됐지만 암호키도 함께 유출됐다고 설명했다. 변협은 ""개인정보보호위원회와 수사기관이 사고 경위와 실제 피해 규모...",https://news.tf.co.kr/read/life/2362840.htm,0,0.759,0,drop,candidate_hybrid_drop_model_keep_without_domain_anchor,0,0.759,,,,candidate_hybrid,1,0.65,0.35
"""골프 치고 보이스피싱 보험도 챙겼다""… NH농협은행, 고령층 금융안전...","전담 직원을 밀착 배치해 점차 정교해지는 최신 보이스피싱 수법, 피해 예방 요령을 알기 쉽게 설명하는 한편 현장에서 즉시 피해보상보험에 무료로 가입할 수 있도록 일대일 안내 절차를 차분히 지원했다. 농협은행은...",http://www.dailysmart.co.kr/news/articleView.html?idxno=129353,6,0.6224,1,keep,candidate_hybrid_gray_keep_domain_score_ge_threshold,6,0.6224,보이스피싱,,,candidate_hybrid,1,0.65,0.35
"NH농협은행, 파크골프대회서 고령층 금융사기 예방 나서",현대경제신문 정준기 기자 | NH농협은행이 보이스피싱 피해에 취약한 고령층을 대상으로 피해예방 안내와 보상보험 가입 지원에 나섰다. 농업인파크골프대회 현장에 전용 홍보부스와 이동점포를 마련해 참가자와...,http://www.finomy.com/news/articleView.html?idxno=260923,6,0.5342,1,keep,candidate_hybrid_gray_keep_domain_score_ge_threshold,6,0.5342,보이스피싱,,,candidate_hybrid,1,0.65,0.35
금융권 보이스피싱 대응 역량 높인다…우수사례 포상 추진,"뉴시스 제공 금융감독원은 보이스피싱 피해예방 우수 금융회사와 임직원을 선정해 포상한다고 7일 밝혔다. 국내은행과 상호금융권을 대상으로 기관 및 개인 부문으로 나눠 피해예방 노력이 우수한 금융회사 1곳, 영업점...",http://www.segyebiz.com/newsView/20260907512053?OutUrl=naver,16,0.9361,1,keep,candidate_hybrid_keep_strong_domain_rule_anchor,16,0.9361,금융감독원;상호금융;보이스피싱,,,candidate_hybrid,1,0.65,0.35
"금감원, 보이스피싱 예방 앞장선 금융사·임직원 12월 포상",금융감독원이 금융권의 보이스피싱 피해 예방과 범인 검거에 기여한 우수 금융회사와 임직원 대상 포상을 추진한다.금융감독원은 오는 11월 중 각사별 보이스피싱 피해 예방 성과 평가와 심사를 거쳐 12월 중 포상을...,https://www.fnnews.com/news/202609071436459044,18,0.9656,1,keep,candidate_hybrid_keep_strong_domain_rule_anchor,18,0.9656,금융감독원;금감원;보이스피싱,,,candidate_hybrid,1,0.65,0.35
"NH농협은행, 고령층 대상 '보이스피싱 보상보험'가입지원 행사",|중앙이코노미뉴스 문혜원 기자|NH농협은행이 보이스피싱 피해에 취약한 고령층을 대상으로 '보이스피싱 보상보험' 가입 지원에 나섰다. [사진=NH농협은행]   NH농협은행은 합천군파크골프장에서 열린 '제2회...,https://www.joongangenews.com/news/articleView.html?idxno=546111,6,0.5696,1,keep,candidate_hybrid_gray_keep_domain_score_ge_threshold,6,0.5696,보이스피싱,,,candidate_hybrid,1,0.65,0.35
"남광주농협 장산지점, 보이스피싱 피해 막아",농협광주본부는 남광주농협(조합장 이영종) 장산지점에 근무하는 박철희 과장보가 보이스피싱 범죄를 차단하고 피해를 예방한 공로를 인정받아 최근 광주남부경찰서로부터 감사장을 수상했다고 7일 밝혔다. 남광주농협...,http://www.jndn.com/article.php?aid=1788760442439133095,6,0.8995,1,keep,candidate_hybrid_model_keep_prob_ge_threshold_with_domain_anchor,6,0.8995,보이스피싱,,,candidate_hybrid,1,0.65,0.35
"NH농협은행, 고령층 '보이스피싱 보상보험' 무료 가입 지원",NH농협은행이 보이스피싱 피해에 취약한 고령층을 대상으로 '보이스피싱 보상보험' 가입 지원에 나섰다. NH농협은행은 7일 합천군파크골프장에서 열린 '제2회 농협중앙회장배 농업인파크골프대회' 예선전 현장에서...,https://www.polinews.co.kr/news/articleView.html?idxno=742382,6,0.5101,1,keep,candidate_hybrid_gray_keep_domain_score_ge_threshold,6,0.5101,보이스피싱,,,candidate_hybrid,1,0.65,0.35
"금융당국, 보이스피싱 피해예방 우수 금융회사·임직원 포상한다",금융감독원이 보이스피싱 피해 예방에 적극적으로 나선 금융회사와 임직원을 포상하기로 했다. 금감원은 7일 보이스피싱 피해 예방을 위한 대응체계가 우수한 금융사와 임직원을 선정해 포상할 계획이라고 밝혔다. 11월...,https://www.hankookilbo.com/news/article/A2026090714130004031?did=NA,12,0.9285,1,keep,candidate_hybrid_keep_strong_domain_rule_anchor,12,0.9285,금융감독원;보이스피싱,,,candidate_hybrid,1,0.65,0.35
"금융사기 철벽 방어... NH농협캐피탈, 보이스피싱 예방 주간 선포",NH농협캐피탈(대표 장종환)은 금융소비자의 보이스피싱 피해를 차단하고 위기 대처 능력을 키우기 위해 이달 7일부터 13일까지 7일간 '보이스피싱 집중 예방 주간'을 운영한다고 7일 밝혔다. 이번 캠페인은 갈수록...,http://www.newslock.co.kr/news/articleView.html?idxno=135658,6,0.7902,1,keep,candidate_hybrid_model_keep_prob_ge_threshold_with_domain_anchor,6,0.7902,보이스피싱,,,candidate_hybrid,1,0.65,0.35
[은행] IBK기업은행 전문인력 15명 수시채용 / BNK부산은행 '외국인 서포...,"■ NH농협은행, 고령층 보이스피싱 보상보험 가입 지원 NH농협은행은 7일 합천군파크골프장에서 열린 제2회 농협중앙회장배 농업인파크골프대회에서 전용 홍보부스와 이동점포를 통해 보이스피싱 피해 예방법을...",https://www.webeconomy.co.kr/news/articleView.html?idxno=2292867,14,0.6625,1,keep,candidate_hybrid_keep_strong_domain_rule_anchor,14,0.6625,은행;보이스피싱;기업은행,,,candidate_hybrid,1,0.65,0.35
"“보이스피싱 피해 보상받으세요”…농협은행, 고령층 무료 보상보험 지...",농협은행은 행사장에 전용 홍보 부스와 이동점포를 설치하고 대회 참가자와 방문객에게 주요 보이스피싱 수법과 피해 예방법을 안내했다. 현장에서 보이스피싱 보상보험 가입도 지원했다. 농협은행은 전국 영업점과 지역...,https://www.dt.co.kr/article/12082482?ref=naver,6,0.7318,1,keep,candidate_hybrid_model_keep_prob_ge_threshold_with_domain_anchor,6,0.7318,보이스피싱,,,candidate_hybrid,1,0.65,0.35
"""티빙 3954만 계정 정보 유출""… 변협, 디스커버리·징벌배상·집단소송...","변협은 ""다른 경로로 새어 나간 정보와 결합되면 흩어진 개인정보를 한 사람 것으로 꿰어 맞추는 연결고리가 되므로, 피해자는 앞으로 오랫동안 맞춤형 보이스피싱과 명의도용에 시달릴 수밖에 없다""며 ""탈퇴한 지...",https://news.koreanbar.or.kr/news/articleView.html?idxno=36110,6,0.6935,1,keep,candidate_hybrid_model_keep_prob_ge_threshold_with_domain_anchor,6,0.6935,보이스피싱,,,candidate_hybrid,1,0.65,0.35
"[TOP's Pick] [건설] 한미글로벌, '은마아파트' 재건축 건설사업관리 선...","이번 협약은 최근 보이스피싱을 비롯한 전기통신금융사기 수법이 지능화·다양화됨에 따라, 경찰의... 울산남부경찰서는 실제 피해 사례와 최신 범죄 수법 등을 기반으로 배너, 전단지, 이미지, 영상 등...",https://www.topdaily.kr/articles/111821,6,0.7351,1,keep,candidate_hybrid_model_keep_prob_ge_threshold_with_domain_anchor,6,0.7351,보이스피싱,,,candidate_hybrid,1,0.65,0.35
보이스피싱 막은 ‘금융 방패’…금감원 첫 우수사례 포상,/ChatGPT로 생성한 이미지 금융감독원이 보이스피싱 피해를 효과적으로 차단한 금융회사와 일선 직원을 발굴해 포상한다. 피해 예방 성과뿐 아니라 전담조직과 전산시스템 등 금융사의 대응체계 전반을 평가해...,http://www.metroseoul.co.kr/article/20260907500267,19,0.9303,1,keep,candidate_hybrid_keep_strong_domain_rule_anchor,19,0.9303,금융감독원;금감원;보이스피싱,금융,,candidate_hybrid,1,0.65,0.35
"""고령층 금융사기 막는다""…합천서 농협은행 보이스피싱 보험 홍보 행사","이날 농협은행은 대회 참가자와 방문객을 위해 전용 홍보부스와 이동점포를 운영하며, 보이스피싱 피해예방 안내와 함께 현장에서 보상보험 가입을 지원했다. 이번 행사는 금융사기에 취약한 고령층의 피해보상 기반을...",https://www.newsquest.co.kr/news/articleView.html?idxno=300403,6,0.7846,1,keep,candidate_hybrid_model_keep_prob_ge_threshold_with_domain_anchor,6,0.7846,보이스피싱,,,candidate_hybrid,1,0.65,0.35
"농협은행, 파크골프대회서 고령층 보이스피싱 보험 가입지원",이번 행사는 보이스피싱 피해에 취약한 고령층의 금융사기 피해보상 기반을 넓히고 금융소비자보호를 강화하기 위해 마련됐다. 농협은행은 현장에 전용 홍보부스와 이동점포를 설치해 대회 참가자와 방문객을 대상으로...,https://www.sentv.co.kr/article/view/sentv202609070108,6,0.6948,1,keep,candidate_hybrid_model_keep_prob_ge_threshold_with_domain_anchor,6,0.6948,보이스피싱,,,candidate_hybrid,1,0.65,0.35
"[게시판] NH농협캐피탈, 7∼13일 보이스피싱 집중 예방주간",▲ NH농협캐피탈은 보이스피싱 피해를 예방하고 금융사기 대응역량을 강화하기 위해 오는 13일까지 일주일간 '보이스피싱 집중 예방 주간'을 운영한다고 7일 밝혔다. 집중 예방 주간은 금융소비자가 보이스피싱 주요...,https://www.yna.co.kr/view/AKR20260907083800002?input=1195m,6,0.8487,1,keep,candidate_hybrid_model_keep_prob_ge_threshold_with_domain_anchor,6,0.8487,보이스피싱,,,candidate_hybrid,1,0.65,0.35
"은행·증권 10곳 뚫을 때 '단 3곳'… 보험, 데이터 혁신서 '소외'","앞으로는 채무조정요구권, 보이스피싱 피해구제 신청, 정책자금 신청, 대환대출 신청 등으로 대리실행 범위가 확대될 전망이다. 이와 관련 보험업권에서는 이번 마이데이터 발전 방안이 은행권 중심으로 짜여 있어 실익이...",https://www.newsway.co.kr/news/view?ud=2026090713123794103,13,0.7469,1,keep,candidate_hybrid_keep_strong_domain_rule_anchor,13,0.7469,은행;은행권;보이스피싱,,,candidate_hybrid,1,0.65,0.35
"[금융권 이모저모]미래에셋운용, S&P500·美 단기국채 50:50 ETF 상장 外","/ 사진=NH농협캐피탈 ◇NH농협캐피탈, 13일까지 '보이스피싱 집중 예방 주간' 운영 NH농협캐피탈은 금융소비자의 보이스피싱 피해 예방을 위해 7일부터 오는 13일까지 '보이스피싱 집중 예방 주간'을 운영한다고 밝혔다....",https://www.businessplus.kr/news/articleView.html?idxno=116476,6,0.7249,1,keep,candidate_hybrid_model_keep_prob_ge_threshold_with_domain_anchor,6,0.7249,보이스피싱,,,candidate_hybrid,1,0.65,0.35
"NH농협은행, 파크골프대회 현장서 고령층 대상 보이스피싱 보상보험 가...",농협은행은 전용 홍보부스와 이동점포를 운영하며 대회 참가자와 방문객에게 보이스피싱 피해예방 정보를 안내하고 현장 보험 가입을 지원했다. 고객은 가까운 농협은행 영업점을 방문하거나 NH올원뱅크를 통해 무료로...,https://www.nextdaily.co.kr/news/articleView.html?idxno=252843,6,0.598,1,keep,candidate_hybrid_gray_keep_domain_score_ge_threshold,6,0.598,보이스피싱,,,candidate_hybrid,1,0.65,0.35
"NH농협은행, 고령층 보이스피싱 피해보상 지원 확대",[사진=농협은행] NH농협은행이 고령층을 대상으로 보이스피싱 피해 예방과 보상보험 가입 지원에 나섰다. NH농협은행(은행장 강태영)은 7일 합천군파크골프장에서 열린 '제2회 농협중앙회장배 농업인파크골프대회' 예선전...,https://www.discoverynews.kr/news/articleView.html?idxno=1100769,6,0.5158,1,keep,candidate_hybrid_gray_keep_domain_score_ge_threshold,6,0.5158,보이스피싱,,,candidate_hybrid,1,0.65,0.35
"""어르신 금융사기 피해 예방""…NH농협은행, '보이스피싱 보상보험' 케어",이번 행사는 보이스피싱 피해에 취약한 고령층의 금융사기 피해보상 기반을 확대하고 금융소비자보호를 강화하기 위해 기획됐다. NH농협은행은 현장에 전용 홍보부스와 이동점포를 배치해 대회 참가자와 방문객을...,https://www.thefairnews.co.kr/news/articleView.html?idxno=87316,6,0.7473,1,keep,candidate_hybrid_model_keep_prob_ge_threshold_with_domain_anchor,6,0.7473,보이스피싱,,,candidate_hybrid,1,0.65,0.35
"박준성 신임 대구경찰청장 ""시민 눈높이 맞춤 치안…민생범죄 끝까지 추...","이어 보이스피싱과 마약, 사이버범죄 등 갈수록 진화하는 범죄에 대해서도 선제적으로 대응하겠다는 뜻을... 실종사건뿐 아니라 가정폭력과 스토킹 등 사회적 약자를 대상으로 한 범죄에서도 피해자 보호를 강화하고...",https://www.imaeil.com/page/view/2026090713231334630,6,0.709,1,keep,candidate_hybrid_model_keep_prob_ge_threshold_with_domain_anchor,6,0.709,보이스피싱,,,candidate_hybrid,1,0.65,0.35
"NH농협, 고령층 대상 '보이스피싱 보상보험' 가입 행사 실시",이번 행사는 보이스피싱 피해에 취약한 고령층의 금융사기 피해보상 기반을 확대하고 금융소비자보호 강화를 위해 마련됐다. 농협은행은 이날 전용 홍보부스와 이동점포를 운영하며 대회참가자 및 방문객을 대상으로...,https://view.asiae.co.kr/article/2026090713300027172,6,0.7454,1,keep,candidate_hybrid_model_keep_prob_ge_threshold_with_domain_anchor,6,0.7454,보이스피싱,,,candidate_hybrid,1,0.65,0.35
"금감원, 보이스피싱 예방 우수 금융사·임직원 12월 포상","범정부 차원의 종합적인 대응과 금융권이 피해예방 활동에 적극 동참한 결과, 보이스피싱 피해금액은 2025년 12월 1248억원에서 2026년 3월 543억원, 4월 523억원, 5월 501억원, 6월 551억원, 7월에는 337억원으로 줄었다....",http://www.intn.co.kr/news/articleView.html?idxno=2053109,12,0.9022,1,keep,candidate_hybrid_keep_strong_domain_rule_anchor,12,0.9022,금감원;보이스피싱,,,candidate_hybrid,1,0.65,0.35
<특집 대담> 국민의힘 윤상현 의원 작금의 야당을 말하다,경찰이 불송치한 사건에 문제가 있거나 송치된 사건의 수사가 부족할 때 이를 바로잡을 장치가 제대로 작동하지 않는다면 피해자는 기관 사이를 오가면서 기다려야 한다. 특히 사기·보이스피싱·성폭력 등 민생범죄는...,https://www.ilyosisa.co.kr/news/article.html?no=257743,6,0.6667,1,keep,candidate_hybrid_model_keep_prob_ge_threshold_with_domain_anchor,6,0.6667,보이스피싱,,,candidate_hybrid,1,0.65,0.35
"금감원, 보이스피싱 대응 우수사례 포상 계획",금융감독원이 보이스피싱 피해예방 우수 금융회사와 임직원에게 포상할 계획이라고 밝혔습니다. 금감원은 국내은행과 상호금융권을 대상으로 기관과 개인 부문으로 나눠 금융회사 1개사와 임직원 5명 내외를 선정할...,https://www.ytn.co.kr/_ln/0102_202609071302105223,22,0.9591,1,keep,candidate_hybrid_keep_strong_domain_rule_anchor,22,0.9591,금융감독원;금감원;상호금융;보이스피싱,,,candidate_hybrid,1,0.65,0.35
"금감원, 첫 '범금융권 보이스피싱 예방 주간'…10개 금융협회 참여","이번 캠페인은 보이스피싱 피해가 감소하고 있지만 AI(인공지능) 기술과 악성 앱(애플리케이션) 등을 활용한 범죄 수법이 지능화되고 있는 데 따른 것이다. 예방 주간 슬로건(표어)은 '의심하고, 끊고, 확인하고!'다. 모르는...",https://www.shinailbo.co.kr/news/articleView.html?idxno=5059128,12,0.9458,1,keep,candidate_hybrid_keep_strong_domain_rule_anchor,12,0.9458,금감원;보이스피싱,,,candidate_hybrid,1,0.65,0.35
[금융] 신한은행 서초AICT 지원 / NH농협캐피탈 보이스피싱 예방 / KB손보...,"◼︎ NH농협캐피탈, '보이스피싱 집중 예방 주간' 운영 NH농협캐피탈은 금융소비자의 보이스피싱 피해 예방과 금융사기 대응 역량 강화를 위해 7일부터 13일까지 '보이스피싱 집중 예방 주간'을 운영한다고 7일...",https://www.webeconomy.co.kr/news/articleView.html?idxno=2292622,7,0.7223,1,keep,candidate_hybrid_model_keep_prob_ge_threshold_with_domain_anchor,7,0.7223,보이스피싱,금융,,candidate_hybrid,1,0.65,0.35
[경제소식] 강태영 NH농협은행장 '윤리공감 우체통' 1호 편지..임직원에...,이번 행사는 보이스피싱 피해에 상대적으로 취약한 고령층의 금융사기 피해 보상 기반을 확대하고 금융소비자 보호를 강화하기 위해 마련됐다. 농협은행은 현장에 전용 홍보부스와 이동점포를 운영해 대회 참가자와...,http://www.4th.kr/news/articleView.html?idxno=2117561,6,0.3936,1,keep,candidate_hybrid_gray_keep_domain_score_ge_threshold,6,0.3936,보이스피싱,,,candidate_hybrid,1,0.65,0.35
"대한변협 ""티빙 개인정보 유출 사태, 엄중한 책임과 대책 필요""","대한변협은 ""다른 경로로 새어 나간 정보와 결합되면 흩어진 개인정보를 한 사람 것으로 꿰어맞추는 연결고리가 되므로 피해자는 앞으로 오랫동안 맞춤형 보이스피싱과 명의도용에 시달릴 수밖에 없다""고 설명했다. 이어...",http://www.lec.co.kr/news/articleView.html?idxno=752662,6,0.7761,1,keep,candidate_hybrid_model_keep_prob_ge_threshold_with_domain_anchor,6,0.7761,보이스피싱,,,candidate_hybrid,1,0.65,0.35
"쿠팡·티빙 대규모 정보유출에 변협 ""집단소송제 등 민생3법 입법 촉구...",“다른 경로로 새어 나간 정보와 결합되면 흩어진 개인정보를 한 사람 것으로 꿰어 맞추는 연결고리가 되므로 피해자는 앞으로 오랫동안 맞춤형 보이스피싱과 명의도용에 시달릴 수밖에 없다”는 게 변협 설명이다....,https://www.edaily.co.kr/News/Read?newsId=03024166645577824&mediaCodeNo=257&utm_source=naver&utm_medium=referral&utm_campaign=news_syndication&utm_content=original_article,6,0.7978,1,keep,candidate_hybrid_model_keep_prob_ge_threshold_with_domain_anchor,6,0.7978,보이스피싱,,,candidate_hybrid,1,0.65,0.35
"보이스피싱 막은 은행·직원 포상한다…금감원, 12월 첫 시상",금융감독원 보이스피싱 피해를 적극적으로 막거나 범인 검거에 기여한 금융회사와 직원에게 금융감독원이 포상한다. 피해예방 금액뿐 아니라 금융회사의 대응체계와 직원의 적극성까지 평가해 우수사례를 금융권...,https://m.skyedaily.com/news_view.html?ID=311115,21,0.9405,1,keep,candidate_hybrid_keep_strong_domain_rule_anchor,21,0.9405,금융감독원;금감원;은행;보이스피싱,,,candidate_hybrid,1,0.65,0.35
"금감원, 보이스피싱 예방 우수 금융사·임직원 첫 포상…12월 선정",금융감독원은 보이스피싱 피해예방을 위한 대응체계가 우수한 금융회사와 피해예방·범인검거 등에 기여한 임직원에 대해 포상을 실시한다고 7일 밝혔다. 금감원은 금융권 현장에서 이루어지는 보이스피싱 피해예방...,https://www.edaily.co.kr/News/Read?newsId=02981526645577824&mediaCodeNo=257&utm_source=naver&utm_medium=referral&utm_campaign=news_syndication&utm_content=original_article,18,0.9612,1,keep,candidate_hybrid_keep_strong_domain_rule_anchor,18,0.9612,금융감독원;금감원;보이스피싱,,,candidate_hybrid,1,0.65,0.35
"금감원, 보이스피싱 피해예방 우수 금융사ㆍ직원 포상⋯12월 첫 시상",이투데이=연희진 기자 | 은행 및 상호금융 대상 기관 1곳ㆍ개인 5명 내외 금융감독원이 보이스피싱 피해 예방에 성과를 낸 금융회사와 임직원을 선정해 포상하기로 했다. 현장의 피해 예방 노력을 금융권 전반으로...,https://www.etoday.co.kr/news/view/2622575,25,0.9725,1,keep,candidate_hybrid_keep_strong_domain_rule_anchor,25,0.9725,금융감독원;금감원;은행;상호금융;보이스피싱,,,candidate_hybrid,1,0.65,0.35
"금감원, 보이스피싱 막은 금융사·직원 포상…12월 우수사례 선정",금융감독원이 보이스피싱 피해 예방에 성과를 낸 금융회사와 임직원을 선정해 포상한다. 단순 피해예방 금액뿐 아니라 금융사의 대응체계와 현장 직원의 적극성 등을 종합 평가해 우수사례를 금융권 전반으로...,https://www.dailian.co.kr/news/view/1687123/?sc=Naver,18,0.9406,1,keep,candidate_hybrid_keep_strong_domain_rule_anchor,18,0.9406,금융감독원;금감원;보이스피싱,,,candidate_hybrid,1,0.65,0.35
"금감원, 보이스피싱 잘 막은 금융사·임직원 포상…12월 선정",올해는 업권별 보이스피싱 피해 규모 등을 고려해 국내 은행과 상호금융권을 대상으로 기관·개인 부문으로 나눠 포상한다. 대상은 산업·수출입·씨티은행을 제외한 국내 은행 17곳과 농협·수협·신협·산림조합 및...,https://view.asiae.co.kr/article/2026090711262755841,23,0.9279,1,keep,candidate_hybrid_keep_strong_domain_rule_anchor,23,0.9279,금감원;은행;상호금융;신협;보이스피싱,,,candidate_hybrid,1,0.65,0.35
보이스피싱 피해액 3분의 1로 줄었다…금융사 우수 임직원 포상,보이스피싱 피해액이 지난해 연말과 비교해 3분의 1로 줄어드는 등 눈에 띄게 감소하고 있어 금융당국이 피해 예방 우수 금융사와 임직원을 포상하기로 했다. 7일 금융감독원에 따르면 보이스피싱 피해액은 지난해 12월...,https://www.news1.kr/finance/general-finance/6281828,12,0.9214,1,keep,candidate_hybrid_keep_strong_domain_rule_anchor,12,0.9214,금융감독원;보이스피싱,,,candidate_hybrid,1,0.65,0.35
"보이스피싱 피해 막은 금융사·직원 뽑는다…금감원, 우수사례 발굴 포...",금융감독원이 보이스피싱 피해 예방에 성과를 낸 금융회사와 범인 검거 등에 기여한 금융회사 임직원을 선정해 포상한다. 금감원은 금융권의 보이스피싱 대응 역량을 높이기 위해 우수사례 포상을 추진한다고 7일...,https://www.newsis.com/view/NISX20260907_0003778766,18,0.9556,1,keep,candidate_hybrid_keep_strong_domain_rule_anchor,18,0.9556,금융감독원;금감원;보이스피싱,,,candidate_hybrid,1,0.65,0.35
"금감원, 보이스피싱 예방 우수 금융사·직원 12월 포상",금융감독원이 보이스피싱 피해 예방과 범인 검거에 기여한 금융회사와 임직원을 선정해 포상한다. 피해예방 성과뿐 아니라 금융회사의 대응체계와 임직원의 업무 적극성까지 종합 평가해 우수사례를 금융권 전반으로...,https://www.ebn.co.kr/news/articleView.html?idxno=1723212,18,0.9576,1,keep,candidate_hybrid_keep_strong_domain_rule_anchor,18,0.9576,금융감독원;금감원;보이스피싱,,,candidate_hybrid,1,0.65,0.35
"금감원, 보이스피싱 대응 우수기관·개인 포상키로…이달 설명회 실시","금융감독원이 보이스피싱 피해예방 대응체계가 우수한 금융회사와 피해예방·범인검거에 기여한 임직원을 대상으로 포상을 실시한다. 평가와 심사는 11월, 포상과 모범사례 전파는 12월 중 실시할 계획이다. 금융감독원은...",https://www.newsworks.co.kr/news/articleView.html?idxno=852840,18,0.9372,1,keep,candidate_hybrid_keep_strong_domain_rule_anchor,18,0.9372,금융감독원;금감원;보이스피싱,,,candidate_hybrid,1,0.65,0.35
"금감원, 보이스피싱 예방 우수 금융사·직원 포상…12월 첫 시상",금융감독원이 보이스피싱 피해 예방에 적극적으로 나선 금융회사와 임직원을 선정해 포상한다. 단순 피해예방 실적뿐 아니라 금융회사의 대응체계와 직원의 적극성 등을 종합적으로 평가해 우수사례를 전 금융권에...,https://www.mt.co.kr/finance/2026/09/08/2026090711360335616,18,0.9414,1,keep,candidate_hybrid_keep_strong_domain_rule_anchor,18,0.9414,금융감독원;금감원;보이스피싱,,,candidate_hybrid,1,0.65,0.35
"금감원, 은행·상호금융 보이스피싱 대응 우수사례 포상","금융감독원이 보이스피싱 피해예방 우수 금융회사와 임직원에게 포상한다고 7일 밝혔다. 국내은행·상호금융권을 대상으로 기관·개인 부문으로 나눠 금융회사 1개사, 임직원 5명 내외(변경가능)를 선정할 계획이다....",https://www.yna.co.kr/view/AKR20260907066700002?input=1195m,25,0.9673,1,keep,candidate_hybrid_keep_strong_domain_rule_anchor,25,0.9673,금융감독원;금감원;은행;상호금융;보이스피싱,,,candidate_hybrid,1,0.65,0.35
[더밸류 브리핑] 오늘의 NH금융 소식…NH농협은행·NH농협캐피탈,"[사진=NH농협캐피탈] 이번 행사는 갈수록 교묘해지는 보이스피싱 수법에 대응해 소비자가 주요 피해 사례와 예방수칙을 사전에 익힐 수 있도록 기획됐다. 슬로건은 ‘보이스피싱 노, 예방은 엔캡(NCAP)!’으로, 새로운...",http://www.thevaluenews.co.kr/news/view.php?idx=201370,6,0.5418,1,keep,candidate_hybrid_gray_keep_domain_score_ge_threshold,6,0.5418,보이스피싱,,,candidate_hybrid,1,0.65,0.35
"광주 북구 마음주간보호센터, 개소 1주년...돌봄+전문 재활’ 강화",과거 전도사 시절 보이스피싱 범인을 직접 추격해 피해금 1천만 원을 지켜낸 미담으로 언론에 소개된 바 있다. 센터는 개소 2년 차에는 시설 규모를 확대하는 것보다 현재 제공하고 있는 돌봄 서비스의 전문성을 높이는 데...,https://idsn.co.kr/news/view/1065577372492317,6,0.6247,1,keep,candidate_hybrid_gray_keep_domain_score_ge_threshold,6,0.6247,보이스피싱,,,candidate_hybrid,1,0.65,0.35
"목포경찰, 코롬방제과 협력 보이스피싱 예방 홍보",목포경찰이 최근 지역 대표 제과업체인 코롬방제과와 협력해 보이스피싱 피해 예방을 위한 생활 밀착형 홍보 활동을 추진했다고 7일 밝혔다. 이번 홍보 활동은 시민과 관광객이 일상에서 예방 메시지를 접하도록 마련했다....,https://www.jnilbo.com/news/articleView.html?idxno=90000063030,6,0.8766,1,keep,candidate_hybrid_model_keep_prob_ge_threshold_with_domain_anchor,6,0.8766,보이스피싱,,,candidate_hybrid,1,0.65,0.35
"보이스피싱 예방정보, 아파트 앱으로 바로 전달…트러스테이·울산남부...",(사진 제공: 트러스테이) 이번 협약은 보이스피싱을 비롯한 전기통신금융사기의 최신 수법과 실제 피해 사례를 지역 주민에게 신속하게 전달하기 위해 마련됐다. 양측은...,https://www.venturesquare.net/1111172/,6,0.8278,1,keep,candidate_hybrid_model_keep_prob_ge_threshold_with_domain_anchor,6,0.8278,보이스피싱,,,candidate_hybrid,1,0.65,0.35
"금감원, 펀드 설명의무 강화…대출 중단 시 사전고지도 의무화","소비자 피해가 우려 시 즉각 대응해야 한다""고 말했다. 이어 ""금리 인상과 관련 취약 차주 등에 불합리한 금융상품 거래 관행이 발생하지 않는지 등을 면밀히 살펴야 한다""며 ""추석 연휴를 앞두고 보이스피싱 등 민생범죄와...",http://www.newsfc.co.kr/news/articleView.html?idxno=80936,14,0.804,1,keep,candidate_hybrid_keep_strong_domain_rule_anchor,14,0.804,금감원;보이스피싱,금리;대출,,candidate_hybrid,1,0.65,0.35
"불법 프로그램·대리게임 매년 1만 건 적발, 수사의뢰는 0.48% 불과",단순 계정 도용 수준을 넘어 2024년 이후 수백억 원대 규모로 사기 피해가 폭증한 것은 게임 내 고가 디지털 자산(계정·아이템) 거래가 조직적 보이스피싱 및 자금세탁과 결합된 영향이다. 단속 기관과 수사 당국...,https://www.globale.co.kr/news/articleView.html?idxno=40238,6,0.7989,1,keep,candidate_hybrid_model_keep_prob_ge_threshold_with_domain_anchor,6,0.7989,보이스피싱,,,candidate_hybrid,1,0.65,0.35
"신한라이프, 보이스피싱 대응 FDS 고도화…고객자산보호 총력","보이스피싱 피해를 줄이기 위해서는 피해가 발생한 뒤 신고를 처리하는 것뿐 아니라 의심 거래를 사전에 걸러내는 금융회사의 대응 체계가 중요하다. 특히 금융회사와 통신사, 수사기관 등이 보유한 의심정보를 활용할 수...",https://www.handmk.com/news/articleView.html?idxno=42886,6,0.9059,1,keep,candidate_hybrid_model_keep_prob_ge_threshold_with_domain_anchor,6,0.9059,보이스피싱,,,candidate_hybrid,1,0.65,0.35
"""돈 내놔""…계좌 묶고 금감원 민원까지, 진화하는 '통장협박'",정상적인 거래를 보이스피싱 피해로 꾸며 사업자 계좌를 묶은 뒤 합의금을 요구하는 수법이다. 7일 관련 업계에 따르면 최근 일부 범죄조직은 정상적인 전자상거래 업체의 가상계좌로 돈을 보낸 뒤 금융회사에 보이스피싱...,https://www.incheonilbo.com/news/articleView.html?idxno=1331367,12,0.9062,1,keep,candidate_hybrid_keep_strong_domain_rule_anchor,12,0.9062,금감원;보이스피싱,,,candidate_hybrid,1,0.65,0.35
"메타크라우드, 송파구 어르신 대상 AI 보이스피싱 실시간 탐지 서비스 ...","메타크라우드는 사업 기간 탐지 성능을 지속적으로 점검하는 한편, 보이스피싱 피해 위험이 큰 어르신을 대상으로 하는 실증인 만큼 앱 사용 과정에서 겪는 어려움도 중점적으로 살필 계획이다. 참여자 의견을 바탕으로...",https://www.etnews.com/20260907000023,6,0.7833,1,keep,candidate_hybrid_model_keep_prob_ge_threshold_with_domain_anchor,6,0.7833,보이스피싱,,,candidate_hybrid,1,0.65,0.35
"주담대 연체 2.2조 '시한폭탄'···은행권, 충당금 3배 쌓고 총력 대응","경남은행(0.41%)과 Sh수협은행(0.45%)도 연체율 오름세를 보였다. 반면 신한은행(0.19%)은 상승폭이 제한적이었고, 카카오뱅크는 0.38%에서 0.16%로 오히려 하락했다. 금융권 관계자는 ""고금리 상황이 장기화되면서...",https://www.smartbizn.com/news/articleView.html?idxno=153274,14,0.4897,1,keep,candidate_hybrid_keep_strong_domain_rule_anchor,14,0.4897,은행권;연체율;충당금,연체,,candidate_hybrid,1,0.65,0.35
생산적 금융 밀어붙인 정부… 금융사가 짊어진 '부실 덤터기' [기자수첩...,"이같은 충격은 자금 흡수력이 취약한 2금융권에서 더 크다. 저축은행의 기업대출 연체율은 8.38%, 상호금융은 8.03%에 달한다. 지방 금융사들의 사정은 더 딱하다. 서울·수도권에 비해 매수자를 찾기 어려운 지방...",https://www.dailian.co.kr/news/view/1687422/?sc=Naver,15,0.7248,1,keep,candidate_hybrid_keep_strong_domain_rule_anchor,15,0.7248,저축은행;상호금융;생산적 금융,부실;금융,,candidate_hybrid,1,0.65,0.35
"리딩뱅크 뺏긴 KB국민, '타행 VIP' AI로 찾아 ‘공략’",금융권에서는 이번 KB국민은행의 행보를 가계대출 정체기 속 시중은행 여신 전략의 중대한 패러다임 전환으로 해석하고 있다. 가계부채 총량 규제와 고금리로 인한 연체율 상승 압박이 상존하는 상황에서 더 이상 전체...,https://www.newsway.co.kr/news/view?ud=2026090714021508190,11,0.4869,1,keep,candidate_hybrid_keep_strong_domain_rule_anchor,11,0.4869,시중은행;연체율;가계부채,,,candidate_hybrid,1,0.65,0.35
[위클리오늘] 2분기 산업대출 2065조 돌파···대기업 자금 쏠림 속 부...,위축되며 금융권 내 양극화가 뚜렷해졌다. (일러스트=AI) 올 2분기 예금취급기관의 산업별대출금이... 연체율 상승과 부동산PF 부실 우려에 따른 충당금 적립 부담이 늘어나면서 건전성 관리를 위해 여신 공급을...,http://www.weeklytoday.com/news/articleView.html?idxno=793406,21,0.5577,1,keep,candidate_hybrid_keep_strong_domain_rule_anchor,21,0.5577,연체율;충당금;pf;부동산pf,부실;건전성,,candidate_hybrid,1,0.65,0.35
"새마을금고, 적자 49% 줄이고 자본비율 개선…'개별 금고 회복' 과제","연체율이 여전히 6%대를 기록하는 등 금고별 건전성 부담이 남아 있어, 하반기에는 전체 지표 개선을 넘어 개별 금고의 재무구조와 건전성을 얼마나 안정적으로 끌어올릴 수 있을지가 과제로 떠오르고 있다. 7일 금융권에...",http://www.wikileaks-kr.org/news/articleView.html?idxno=191745,6,0.7414,1,keep,candidate_hybrid_model_keep_prob_ge_threshold_with_domain_anchor,6,0.7414,새마을금고,건전성,,candidate_hybrid,1,0.65,0.35
"[단독] 빚 못 갚는 소상공인…지역신보, 올들어 1.1조 대신 갚았다",중소기업 은행 연체율도 11년 만에 최고치 은행권 지표를 봐도 중소기업·소상공인의 금융 사정은 날로... 소상공인정책학회 회장인 이정희 중앙대 교수는 “경기가 너무 안 좋다 보니 금융권 전체적으로 중소기업...,https://www.edaily.co.kr/News/Read?newsId=03729366645577824&mediaCodeNo=257&utm_source=naver&utm_medium=referral&utm_campaign=news_syndication&utm_content=original_article,8,0.3738,1,keep,candidate_hybrid_keep_strong_domain_rule_anchor,8,0.3738,은행;은행권,금융,,candidate_hybrid,1,0.65,0.35
"SBI저축은행, 자산 1위인데 순이익은 4등…덩치만 크고 실속 없다?","올 6월 말 기준 연체율은 4.52%, 고정이하여신비율은 6.36%다. 상위 4개 대형 저축은행 가운데 가장 낮은... 한 금융권 관계자는 ""교보생명과의 시너지가 SBI 새로운 성장축으로 자리 잡을 수 있느냐가 관건""이라며 ""향후...",https://www.insightkorea.co.kr/news/articleView.html?idxno=254058,4,0.7167,1,keep,candidate_hybrid_model_keep_prob_ge_threshold_with_domain_anchor,4,0.7167,저축은행,,,candidate_hybrid,1,0.65,0.35
[담담한만남] ‘민간 최대 종합금융 싱크탱크’ 이끄는 정희수 하나금융...,그는 “금융권의 자산 건전성도 핵심 모니터링 대상”이라며 “최근 올해 경제성장률이 3%를 상회할 것으로 전망하는 기관이 늘어나고 있지만 금융권의 연체율이나 부실채권비율은 상승세를 이어가고 있다. 이와 같이...,http://www.segyebiz.com/newsView/20260907513201?OutUrl=naver,4,0.5112,0,drop,candidate_hybrid_gray_drop_score_lt_threshold,4,0.5112,부실채권,,,candidate_hybrid,1,0.65,0.35
"""빚내서 빚 막는다""… 중기대출 690조 육박에 부실 경고등 ‘번쩍’",제2금융권의 기업대출 건전성도 악화했다. 지난 6월 말 저축은행의 기업대출 연체율은 8.38%로 지난해 말보다 0.38%포인트(p) 상승했다. 상호금융조합의 기업대출 연체율도 같은 기간 1.20%p 오른 8.03%를 기록했다....,https://www.dt.co.kr/article/12082518?ref=naver,10,0.7346,1,keep,candidate_hybrid_keep_strong_domain_rule_anchor,10,0.7346,저축은행;상호금융,부실,,candidate_hybrid,1,0.65,0.35
"대출 11% 줄고 순익도 85% 급감…애큐온저축銀, 한화생명에 안착할까","부실여신을 줄이면서 연체율과 고정이하여신(NPL) 규모는 개선됐으나 수익 기반도 함께 쪼그라들었다.... 금융권 관계자는 ""애큐온저축은행은 위험자산을 줄이며 건전성 관리에 성과를 냈지만 이제는 수익성...",https://www.bloter.net/news/articleView.html?idxno=672909,11,0.6416,1,keep,candidate_hybrid_keep_strong_domain_rule_anchor,11,0.6416,저축은행;npl,대출;건전성,,candidate_hybrid,1,0.65,0.35
"[저축은행 지각변동]④ 웰컴, 대손비용 60% 줄이고 상위권 굳힌다","2분기 말 기준 연체율과 고정이하여신(NPL) 비율은 각각 6.45%, 11.69%로 집계됐다. 전분기 말 대비 연체율은 2.... 금융권 관계자는 ""수익원 다각화는 단기 실적을 높이는 효과가 분명하지만 환경 변화에 따라 수익을 못...",https://www.bloter.net/news/articleView.html?idxno=672904,8,0.6969,1,keep,candidate_hybrid_keep_strong_domain_rule_anchor,8,0.6969,저축은행;npl,,,candidate_hybrid,1,0.65,0.35
임기 두 달 남기고 '2000억 딜'…수협銀 신학기 행장 '치적 쌓기' 잡음,"금융권에 따르면 양측은 지난 7월 양해각서(MOU)를 맺고 3분기까지 독점협상권을 설정한 것으로 알려졌다.... 고정이하여신비율은 지난해 말 0.74%에서 올해 3월 말 0.83%로, 총대출 연체율은 0.53%에서 0.67%로 올랐다. 같은...",https://www.newsway.co.kr/news/view?ud=2026090711194454962,0,0.436,0,drop,candidate_hybrid_gray_drop_score_lt_threshold,0,0.436,,,,candidate_hybrid,1,0.65,0.35
[기자수첩] 편리한 대출 뒤에 가려진 '빚의 무게',20대 이하 연체율은 0.67%로 전체 평균 0.35%의 2배에 육박했다. 대출의 문턱을 낮춘 것은 금융의 진보다.... 정부와 금융권은 채무조정과 재기 지원을 확대하고 있다. 빚이 감당할 수 없는 수준으로 불어나기 전에 제동을...,http://www.inews24.com/view/2002572,1,0.4014,0,drop,candidate_hybrid_gray_drop_score_lt_threshold,1,0.4014,,대출,,candidate_hybrid,1,0.65,0.35
빚내 집 산 ‘상위 10%’ 경고등…한은 “금리 1%p 오르면 연체확률 0.81...,실제로 가구주가 연체한 경우 다른 가구원의 연체율도 높아졌다. 가구 구성원들이 소득과 자산뿐 아니라... 가계부채는 금융권의 연체위험뿐 아니라 내수에도 부담을 주는 것으로 나타났다. 한은이 소비함수를 추정한...,http://www.joseilbo.com/news/news_read.php?uid=575204&class=18&grp=,9,0.5769,1,keep,candidate_hybrid_keep_strong_domain_rule_anchor,9,0.5769,한은;가계부채,금리,,candidate_hybrid,1,0.65,0.35
기업에 돈 더 풀라는데 부실은 19조…은행권 '생산적 금융' 딜레마,"7일 금융권에 따르면 금융감독원이 최근 발표한 '2026년 6월 말 국내은행의 부실채권 현황'에서 국내은행... 5대 은행의 중소기업 대출 연체율 단순 평균도 지난해 말 0.49%에서 올해 1분기 0.57%, 2분기 0.58%로 올라왔다....",https://news.tf.co.kr/read/economy/2362673.htm,24,0.7665,1,keep,candidate_hybrid_keep_strong_domain_rule_anchor,24,0.7665,금융감독원;은행권;부실채권;연체율;생산적 금융,대출;금융,,candidate_hybrid,1,0.65,0.35
"케이뱅크, 상장 무색한 ROE 4%대…자본효율 뒷걸음에 주주도 '싸늘'","6월 말 BIS총자본비율 20.02%는 규제 수준을 크게 웃돌고 SOHO 연체율도 전년 동기 0.93%에서 0.51%로... 금융권 관계자는 ""케이뱅크는 상장으로 자본을 확보했고 대출 성장 여력도 충분해진 만큼 이제는 외형보다...",https://www.bloter.net/news/articleView.html?idxno=672878,1,0.3539,0,drop,candidate_hybrid_drop_generic_market_or_ipo_noise,1,0.3539,,대출,,candidate_hybrid,1,0.65,0.35
[전문가 기고] 집값 폭락의 경고와 공공 매입의 딜레마: 시장 정상화의...,"1900조 원을 넘어선 가계부채의 뇌관이 한국 경제 전반을 옥죄고 있는 상황에서, 경매 지표의 악화와 연체율 반등은 한계 가계를 넘어 제2금융권과 시중은행의 건전성까지 위협하는 실질적 뇌관이기 때문이다. 그러나...",https://www.m-i.kr/news/articleView.html?idxno=1410640,11,0.6106,1,keep,candidate_hybrid_keep_strong_domain_rule_anchor,11,0.6106,시중은행;연체율;가계부채,,,candidate_hybrid,1,0.65,0.35
사장님 모시는 인터넷은행…가계대출 막히자 사업자대출로,7일 금융권에 따르면 올해 상반기 말 기준 인뱅 3사의 소호대출 잔액은 총 8조3253억원으로 전년 동기... 통해 연체율 관리에도 성과를 거뒀다는 평가다. 소호대출 급증세 속에서도 인뱅 3사의 연체율은 0.72%로 지난해...,https://www.mk.co.kr/article/12145867,8,0.4101,1,keep,candidate_hybrid_keep_strong_domain_rule_anchor,8,0.4101,인터넷은행;연체율,,,candidate_hybrid,1,0.65,0.35
"5060, 보험 대출·카드론 늘었다..상환 부담 우려 커져",한국정경신문 석지연 기­자 hd6244@hanmail.net (사진=연합뉴스)[한국정경신문=석지연 기자] 2금융권... 반면 2040세대는 보험계약대출·카드론 이용 규모가 줄었는데도 연체율은 오히려 악화했다. 대출 규모는...,https://kpenews.com/View.aspx?No=4215166,6,0.6935,1,keep,candidate_hybrid_model_keep_prob_ge_threshold_with_domain_anchor,6,0.6935,카드론,대출,,candidate_hybrid,1,0.65,0.35
"2026 금융 국감 돋보기② 가계부채·부동산PF, 숫자는 좋아졌는데 리스...","입법조사처는 이런 경직적 총량관리가 서민·실수요자를 제2금융권으로 밀어내는 풍선효과와 이자 부담... 상호금융의 PF 연체율은 24%에 달하고, 저축은행이 부실채권을 정상화펀드에 매각하고 받은 '수익증권...",http://www.dailypop.kr/news/articleView.html?idxno=102263,25,0.7257,1,keep,candidate_hybrid_keep_strong_domain_rule_anchor,25,0.7257,저축은행;상호금융;부실채권;pf;부동산pf;가계부채,금융,,candidate_hybrid,1,0.65,0.35
저축은행 상반기 순익 7658억…OK·한투가 절반 벌고 이자이익은 정체,"금융권 관계자는 ""상반기 실적 반등은 일회성 유가증권 처분이익과 대손비용 절감에 기인한 측면이 커 하반기에도 이 같은 호실적이 유지될지는 불확실하다""며 ""기업대출 중심의 연체율 상승세와 부동산 PF 관련...",https://www.greened.kr/news/articleView.html?idxno=349345,13,0.8042,1,keep,candidate_hybrid_keep_strong_domain_rule_anchor,13,0.8042,저축은행;연체율;pf,실적,,candidate_hybrid,1,0.65,0.35
"대형 저축은행 20곳, 상반기 순익 5746억원…3배 늘었다",04%보다 올랐고 기업대출 연체율은 8.38%로 0.38%p 상승했다. 저축은행 업계 한 관계자는 “금융당국의 대출 규제 완화는 환영할 만한 조치지만 현재 영업접을 찾는 차주 고객 대부분 1금융권에서 대출 한도를 꽉...,https://www.nspna.com/news/?mode=view&newsid=827140,5,0.7415,1,keep,candidate_hybrid_model_keep_prob_ge_threshold_with_domain_anchor,5,0.7415,저축은행,대출,,candidate_hybrid,1,0.65,0.35
상위 20개 저축銀 상반기 순익 5746억…1년 새 3배로,당시 시장성 자금 조달이 막히자 저축은행을 포함한 제2금융권은 예·적금 금리를 끌어올려 수신을... 대출 한도를 채운 상태”라며 “공급을 무리하게 늘렸다가 연체율 등 건전성 지표가 악화할 수 있다”고 전했다.,https://www.sentv.co.kr/article/view/sentv202609070028,11,0.6628,1,keep,candidate_hybrid_keep_strong_domain_rule_anchor,11,0.6628,저축은행;연체율,대출;건전성,,candidate_hybrid,1,0.65,0.35
"상반기 순이익 3배 늘린 저축은행…""유동성비율, 레고랜드 이전 수준으...","한 저축은행 관계자는 ""중금리대출을 찾는 고객은 많지만, 실제로 창구를 찾는 차주 대부분이 이미 타 금융권에서 대출 한도를 상당 부분 채운 상태""라며 ""공급을 무리하게 늘렸다가 연체율이 급등하면 건전성 지표가...",http://www.newsroad.co.kr/news/articleView.html?idxno=63870,13,0.7081,1,keep,candidate_hybrid_keep_strong_domain_rule_anchor,13,0.7081,저축은행;유동성비율,대출;건전성;순이익,,candidate_hybrid,1,0.65,0.35
"- 저축은행 자동차담보대출 올해 7월까지 1조 6,610억 원, 신규대출 건수...","제2금융권으로 이동했다면 이른바 '풍선효과'가 발생했을 가능성이 크기 때문이다. 다만 이번 집계만으로 자동차담보대출 증가의 원인을 대출 규제에 따른 이동으로 단정하기는 어려워 차주 특성과 금리, 연체율...",https://www.pinpointnews.co.kr/news/articleView.html?idxno=484392,10,0.5994,1,keep,candidate_hybrid_keep_strong_domain_rule_anchor,10,0.5994,저축은행;연체율,금리;대출,,candidate_hybrid,1,0.65,0.35
5060 빚은 늘고 2030 연체는 뛰었다…보험대출·카드론 동반 증가,올해 들어 50·60대를 중심으로 보험계약대출과 카드론 등 2금융권 대출이 증가한 것으로 나타났다. 20... 카드론 연체율은 모든 연령대에서 상승했으며 30대가 지난해 말 2.42%에서 올해 7월 2.96%로 0.54%포인트 올라...,http://www.joseilbo.com/news/news_read.php?uid=575179&class=18&grp=,5,0.6609,1,keep,candidate_hybrid_model_keep_prob_ge_threshold_with_domain_anchor,5,0.6609,카드론,,,candidate_hybrid,1,0.65,0.35
카드론 막자 ‘급전’으로 몰렸다…현금서비스·리볼빙 6000억 급증,"실제 7월 말 8개 전업카드사의 현금서비스 연체율은 단순 평균 4.06%로 나타났다. BC카드가 11.20%로 가장 높았고 하나카드 4.86%, 우리카드 4.59%, KB국민카드 3.01% 순이었다. 송 의원은 카드론 규제로 줄어든 금액보다...",http://www.joseilbo.com/news/news_read.php?uid=575237&class=18&grp=,5,0.5826,0,drop,candidate_hybrid_gray_drop_score_lt_threshold,5,0.5826,카드론,,,candidate_hybrid,1,0.65,0.35
신한카드 현금서비스 '50대 이상' 66.9% … 8개사 중 최고,"현금서비스 연체율은 단순평균 4.06%였다. BC카드가 11.2%로 가장 높았고 하나카드 4.9%, 우리카드 4.6%, KB국민카드 3.0%, 신한카드 2.6%, 롯데카드 2.4%, 현대카드 1.9%, 삼성카드 1.8% 순이었다. 현금서비스는 카드론보다...",https://www.safetimes.co.kr/news/articleView.html?idxno=245516,0,0.4252,0,drop,candidate_hybrid_gray_drop_score_lt_threshold,0,0.4252,,,,candidate_hybrid,1,0.65,0.35
[뉴스워커_송언석 의원] 카드 현금서비스 63%가 50대 이상…잔액 3조9394...,"현금서비스 연체율은 8개 전업카드사 단순평균 4.06%로 집계됐다. BC카드가 11.20%로 가장 높았고 하나카드 4.86%, 우리카드 4.59%, KB국민카드 3.01% 등이었다. 9개 카드사의 카드론 잔액은 5월 말 43조2534억원에서...",https://www.newsworker.co.kr/news/articleView.html?idxno=503024,5,0.5461,0,drop,candidate_hybrid_gray_drop_score_lt_threshold,5,0.5461,카드론,,,candidate_hybrid,1,0.65,0.35
"카드론 조았더니, 현금서비스·리볼빙 늘어…63%는 50대 이상","지난 7월 말 8개 전업카드사의 현금서비스 연체율은 단순 평균 4.06%였다. BC카드가 11.20%로 가장 높았으며 하나카드 4.86%, 우리카드 4.59%, KB국민카드 3.01%가 뒤를 이었다. 송 의원은 “카드론 감소액보다 많은 자금이...",https://www.mk.co.kr/article/12146226,5,0.6722,1,keep,candidate_hybrid_model_keep_prob_ge_threshold_with_domain_anchor,5,0.6722,카드론,,,candidate_hybrid,1,0.65,0.35
현금서비스 63%가 50대 이상…카드론 막자 현금서비스로,"총량규제로 카드론 문턱이 높아지자, 은퇴를 앞두거나 이미 은퇴한 50대 이상 중·고령층이 만기가 짧고... 7월 말 기준 8개 카드사의 현금서비스 평균 연체율은 4.06%로 집계됐다. 카드사별로는 BC카드가 11.20%로 가장...",http://www.intn.co.kr/news/articleView.html?idxno=2053120,5,0.7697,1,keep,candidate_hybrid_model_keep_prob_ge_threshold_with_domain_anchor,5,0.7697,카드론,,,candidate_hybrid,1,0.65,0.35
증시 호황 속 급전 찾는 5060...보험계약대출·카드론 동반 증가,"카드론 연체율은 20대부터 60대 이상까지 모든 연령대에서 높아졌다. 30대는 지난해 말 2.42%에서 올해 7월 말 2.96%로 0.54%포인트(p) 올라 상승 폭이 가장 컸다. 40대는 2.14%에서 2.60%로 0.46%p, 20대는 2.33%에서 2.74%로 0....",https://www.greened.kr/news/articleView.html?idxno=349368,5,0.6923,1,keep,candidate_hybrid_model_keep_prob_ge_threshold_with_domain_anchor,5,0.6923,카드론,,,candidate_hybrid,1,0.65,0.35
[이슈] '5060 카드론' 1조 가까이 늘었다...30대 연체율 2.96% 최고,8개 카드사의 카드론 연체율은 지난해 말 2.13%에서 올해 7월 2.49%로 0.36%p 상승했다. 연체율이 가장 높은 연령대는 30대다. 30대 카드론 연체율은 지난해 말 2.42%에서 올해 7월 2.96%로 0.54%p 올랐다. 20대도 2.33...,https://www.startuptoday.co.kr/news/articleView.html?idxno=812160,9,0.7589,1,keep,candidate_hybrid_keep_strong_domain_rule_anchor,9,0.7589,연체율;카드론,,,candidate_hybrid,1,0.65,0.35
"보험대출·카드론 엇갈린 세대, 50·60대만 증가","카드론 연체율은 전 연령대에서 상승했다. 전체 연체율은 지난해 말 2.13%에서 지난 7월 2.49%로 높아졌다. 30대가 2.42%에서 2.96%로 가장 큰 상승폭을 보였다. 보험업계 관계자는 ""고령층은 은퇴 이후 정기적인...",https://www.safetimes.co.kr/news/articleView.html?idxno=245499,8,0.6687,1,keep,candidate_hybrid_keep_strong_domain_rule_anchor,8,0.6687,보험업계;카드론,,,candidate_hybrid,1,0.65,0.35
[단독]카드론 막힌 5070… 고금리 현금서비스로,송 의원실에 따르면 8개 전업카드사의 7월 말 현금서비스 평균 연체율(1개월 이상)은 4.06%로 카드론 연체율 2.49%를 크게 웃돌았다. 카드론 규제가 급전 수요 자체를 줄이기보다 상대적으로 금리가 높은 상품으로...,https://www.munhwa.com/article/11615007?ref=naver,9,0.7332,1,keep,candidate_hybrid_keep_strong_domain_rule_anchor,9,0.7332,연체율;카드론,,,candidate_hybrid,1,0.65,0.35
[오늘의 신문] 수출 7094억달러·K바이오 기술수출 21조…호르무즈 파병...,특히 카드론 연체율은 20대에서 가장 높아 세대별 금융 취약성도 드러났다.증시에서는 다시 미국으로 향하는 개인투자자가 늘고 있다. 원·달러 환율이 내려가고 국내 증시가 박스권에 머물면서 미국 주식 순매수가...,http://kor.theasian.asia/archives/414811,8,0.4249,1,keep,candidate_hybrid_keep_strong_domain_rule_anchor,8,0.4249,카드론,주식;달러;금융,,candidate_hybrid,1,0.65,0.35
"자산 1위 SBI저축은행, 순이익 4위 추락…김문석 대표 '보수경영' 실패 ...","올해 6월 말 SBI저축은행의 연체율은 4.52%, 고정이하여신비율은 6.36%로 업권 평균보다는 낮았다. 하지만 연체율은 전년 동기 4.06%에서 0.46%포인트 상승했고, 고정이하여신비율도 5.90%에서 0.46%포인트 올랐다. 부동산업...",https://www.the-today.com/news/articleView.html?idxno=89698,5,0.6447,0,drop,candidate_hybrid_gray_drop_score_lt_threshold,5,0.6447,저축은행,순이익,,candidate_hybrid,1,0.65,0.35
저축은행 상위 20곳 상반기 순익 3배 '껑충',"다만, 저축은행 순익 양극화는 더 심화됐다. 연체율은 전년 대비 소폭 하락했다. 8일 각 저축은행 공시에 따르면 상반기 상위 20개 저축은행의 순이익은 5746억4200만원 규모다. 전년 동기(1809억7500만원) 대비 약 3배...",http://www.metroseoul.co.kr/article/20260908500007,4,0.831,1,keep,candidate_hybrid_model_keep_prob_ge_threshold_with_domain_anchor,4,0.831,저축은행,,,candidate_hybrid,1,0.65,0.35
PF 악몽 딛고 증권사도 제쳤다…다올저축은행 '깜짝 반전',다올저축은행은 2023년 부동산 경기 침체로 PF 사업장 부실이 확산하면서 관련 여신 연체율이 급등했고 대손비용 부담까지 커지면서 수익성이 크게 훼손됐다. 부동산 관련 연체율은 2024년 정점을 찍은 뒤 고점에서...,https://dealsite.co.kr/articles/168509,8,0.8173,1,keep,candidate_hybrid_keep_strong_domain_rule_anchor,8,0.8173,저축은행;pf,,,candidate_hybrid,1,0.65,0.35
"[DQN] OK저축은행, 유가증권 이익에 순익 최대…애큐온저축은행 대출 위...","고정이하여신, 연체율까지 전부 영향을 미쳤다""고 말했다. 애큐온저축은행은 여신 축소와 유가증권 손실이 겹치며 5개사 중 순익이 가장 적었다. 올해 상반기 순이익은 13억원으로 전년 동기(88억원) 대비 84.92...",https://www.fntimes.com/html/view.php?ud=2026090714593595067c96e79780_18,5,0.7451,1,keep,candidate_hybrid_model_keep_prob_ge_threshold_with_domain_anchor,5,0.7451,저축은행,대출,,candidate_hybrid,1,0.65,0.35
상위 20개 저축은행 상반기 순익 3배 급증… 유동성비율은 '정상화',"연체율과 고정이하여신비율 등 건전성 지표가 다시 악화될 수 있기 때문이다. 한편, 저축은행 업권 전체의 2분기 말 연체율은 6.3%, 고정이하여신비율은 8.2%로 전 분기 대비 각각 0.4%포인트씩 개선된 것으로 나타났다.",http://www.smarttimes.co.kr/news/articleView.html?idxno=48730,11,0.8011,1,keep,candidate_hybrid_keep_strong_domain_rule_anchor,11,0.8011,저축은행;유동성비율,건전성,,candidate_hybrid,1,0.65,0.35
"이익 늘어도 웃지 못한다… 저축은행·상호금융 기업대출 연체율 8%, 새...","반면 저축은행 연체율은 6월 말 기준 6.26%로 작년 말(6.04%) 대비로는 0.22%p 올랐다. 가계대출 연체율은 4.60%로 작년 말(4.67%)보다 떨어진 반면, 기업대출 연체율은 8.38%로 작년 말(8.00%) 대비 0.38%p 상승했다. 신협...",https://www.m-i.kr/news/articleView.html?idxno=1410837,16,0.8201,1,keep,candidate_hybrid_keep_strong_domain_rule_anchor,16,0.8201,저축은행;상호금융;신협;연체율,,,candidate_hybrid,1,0.65,0.35
"한은 ""고차입 주택취득가구 금리 상승에 취약 ... 1%p 오르면 연체 확률...","이에 대해 한국은행은 ""저축하거나 차입을 하는 경제적 의사결정이 통상 가구 단위로 이루어지고 있어 신용... 실제로 가구주가 연체한 경우 다른 가구 구성원의 연체율도 높게 나타났다. 이는 가구 내에서 신용위험이...",http://www.efnews.co.kr/news/articleView.html?idxno=132181,13,0.5849,1,keep,candidate_hybrid_keep_strong_domain_rule_anchor,13,0.5849,한국은행;한은,금리;연체,,candidate_hybrid,1,0.65,0.35
"KBI그룹, 상상인저축은행 인수 또 지연…부실 대출·자본확충 협의 난항...",KBI그룹의 상상인저축은행 인수가 연체율 부담과 인수 후 자본확충 조건 재협의로 인해 또다시 연기됐다. 지분 처분일 연기 1일 금융감독원 전자공시시스템에 따르면 상상인그룹은 상상인저축은행 지분(90.1%) 처분...,https://www.job-post.co.kr/news/articleView.html?idxno=226303,17,0.7857,1,keep,candidate_hybrid_keep_strong_domain_rule_anchor,17,0.7857,금융감독원;저축은행;연체율,대출;부실,,candidate_hybrid,1,0.65,0.35
상반기 저축은행업계 순이익 3배 '껑충',상반기 저축은행 상위 20개사의 당기순이익이 전년동기대비 3배로 증가했다. 유동성비율은 1년새 36... 했지만 연체율 등 건전성 관리 부담 탓에 업계가 대출을 공격적으로 늘리기는 어려울 것으로 보인다....,https://www.asiatime.co.kr/article/20260907500257,16,0.7951,1,keep,candidate_hybrid_keep_strong_domain_rule_anchor,16,0.7951,저축은행;연체율;유동성비율,건전성;순이익,,candidate_hybrid,1,0.65,0.35
"한국은행, 가구 단위 DB 구축…가계부채 리스크 정밀 평가","한국은행은 저축이나 차입 등 경제적 의사결정이 통상 가구 단위로 이루어지는 점에 주목해, KCB 신용정보... 금리가 100bp 상승할 경우 이들 가구의 연체 확률은 0.81%포인트 상승해 기존 주택보유가구 연체율에 비해...",https://news.bbsi.co.kr/news/articleView.html?idxno=4105007,10,0.77,1,keep,candidate_hybrid_keep_strong_domain_rule_anchor,10,0.77,한국은행;가계부채,연체,,candidate_hybrid,1,0.65,0.35
"상위 20개 저축은행, 상반기 순익 3배 ‘껑충’…본업 대출은 제자리걸...","2분기 말 저축은행 업권의 연체율은 6.3%, 고정이하여신비율은 8.2%로 전 분기보다 각각 0.4%포인트 낮아졌지만 여전히 건전성 관리 부담이 남아 있기 때문이다. 저축은행업계 관계자는 “가계대출 규제로 본업인...",https://www.mydaily.co.kr/page/view/2026090711171991577,6,0.7646,1,keep,candidate_hybrid_model_keep_prob_ge_threshold_with_domain_anchor,6,0.7646,저축은행,건전성,,candidate_hybrid,1,0.65,0.35
저축은행 상위 20곳 상반기 순익 218% 급증…여신은 여전히 '제자리',자산 기준 상위 20개 저축은행의 올해 상반기 순이익이 유가증권 투자 등 포트폴리오 다각화에 힘입어... 하지만 업계는 연체율 등 건전성 관리 부담으로 인해 당장 대출을 공격적으로 확대하기는 어렵다는...,https://www.newsquest.co.kr/news/articleView.html?idxno=300381,10,0.7876,1,keep,candidate_hybrid_keep_strong_domain_rule_anchor,10,0.7876,저축은행;연체율,건전성,,candidate_hybrid,1,0.65,0.35
저축은행 순익 3배 뛰었지만…본업 대출은 ‘제자리’,다만 저축은행들은 연체율 등 건전성 부담 때문에 대출을 공격적으로 확대하기는 어렵다는 입장이다. 한 저축은행 관계자는 “중금리대출 수요는 충분하지만 찾아오는 차주 대부분이 이미 대출 한도를 채운...,https://sateconomy.co.kr/news/view/1065574003401982,11,0.772,1,keep,candidate_hybrid_keep_strong_domain_rule_anchor,11,0.772,저축은행;연체율,대출;건전성,,candidate_hybrid,1,0.65,0.35
저축은행 상반기 순익 7600억…소형사 5곳 중 1곳 '적자',연체율이 10%를 넘은 저축은행 12곳 가운데 10곳이 총자산 1조원 미만 소형사였다. 고정이하여신비율이 10%를 넘어선 저축은행도 17곳에 달했다. 저축은행 업계에서는 대형사와 중소형사 간 자본력과 영업 기반 차이가...,https://www.cstimes.com/news/articleView.html?idxno=719606,4,0.8675,1,keep,candidate_hybrid_model_keep_prob_ge_threshold_with_domain_anchor,4,0.8675,저축은행,,,candidate_hybrid,1,0.65,0.35
"저축은행 톱20, 유가증권 투자로 순익 급증…여신은 '제자리'","하지만 업계 일각에선 연체율 관리 등 건전성 관리 부담으로 공격적인 대출 확대가 쉽지 않다는 의견이 제기된다. 저축은행 관계자는 ""중금리대출 수요는 충분하지만, 찾아오는 차주 대부분이 이미 대출 한도를...",https://www.pointdaily.co.kr/news/articleView.html?idxno=318196,11,0.7637,1,keep,candidate_hybrid_keep_strong_domain_rule_anchor,11,0.7637,저축은행;연체율,대출;건전성,,candidate_hybrid,1,0.65,0.35
상반기 저축은행 순익 218% 급증···여신은 제자리걸음,지난 6월 도입된 중금리 생활안전대출을 취급하는 저축은행도 6곳에 9곳으로 늘어났다. 다만 업계에서는 대출 수요가 충분하더라도 연체율 등 건전성 부담을 고려했을 때 단기간에 대출 공급을 크게 늘리기는...,https://www.smartbizn.com/news/articleView.html?idxno=153158,11,0.7647,1,keep,candidate_hybrid_keep_strong_domain_rule_anchor,11,0.7647,저축은행;연체율,대출;건전성,,candidate_hybrid,1,0.65,0.35
저축은행 ‘톱20’ 상반기 순익 3배 껑충… ‘레고랜드 여파’ 털고 정...,"하지만 저축은행 업계의 반응은 조심스럽다. 섣불리 대출을 늘렸다가는 연체율이 상승할 수 있기 때문이다. 업계 관계자는 ""당국의 규제 완화는 환영할 만한 조치이나 현재 영업점을 찾는 차주 대부분이 이미 다른...",https://www.dt.co.kr/article/12082391?ref=naver,4,0.7343,1,keep,candidate_hybrid_model_keep_prob_ge_threshold_with_domain_anchor,4,0.7343,저축은행,,,candidate_hybrid,1,0.65,0.35
저축은행 상반기 순익 7600억원…실적 개선에도 충당금 적립은 '뒷걸음...,"저축은행 업계 전체의 2분기 말 연체율은 6.3%, 고정이하여신비율은 8.2%로 집계됐다. 두 지표 모두 전 분기보다 0.4%포인트씩 낮아졌다. 시장에서는 금리 상승과 지방 부동산 경기 악화 등을 고려해 저축은행의 충당금...",https://www.econovill.com/news/articleView.html?idxno=749999,10,0.8205,1,keep,candidate_hybrid_keep_strong_domain_rule_anchor,10,0.8205,저축은행;충당금,금리;실적,,candidate_hybrid,1,0.65,0.35
"LH 빚더미, 주택은행 부활이 해법…‘잔인한 금융’도 해소[홍길용의 화...","수익성과 건전성을 함께 챙기기 좋은 구조다. 7월 기준 KB국민·신한·하나·우리·NH농협 등 5대 은행의... 주택은행에 대면 업무가 필요한 경우에만 기존 시중은행이나 농협, 신협, 새마을금고, 서민금융기관 등의 점포를...",https://biz.heraldcorp.com/article/10865543?ref=naver,13,0.8004,1,keep,candidate_hybrid_keep_strong_domain_rule_anchor,13,0.8004,시중은행;새마을금고;신협,금융,,candidate_hybrid,1,0.65,0.35
KB금융 회장 인선 11일 분수령…양종희 연임론에 무게,"내부통제와 건전성 관리 수준을 어떻게 한 단계 끌어올릴지에 대한 구체적인 청사진을 제시하는 것이... 대표, 새마을금고중앙회 신용공제대표 등을 거쳤다. 특히 2020년 1월부터 2022년 3월까지 우리은행장을 지내며 은행...",https://www.econovill.com/news/articleView.html?idxno=750104,9,0.5454,1,keep,candidate_hybrid_keep_strong_domain_rule_anchor,9,0.5454,은행;새마을금고,건전성,,candidate_hybrid,1,0.65,0.35
"새마을금고, 법정적립금 활용 가능성 열린다... 적자 해소·건전성 강화","통해 건전성 개선 노력을 이어가고 있으며, 지역 주민의 출자로 운영되는 새마을금고의 특성상 이를 지역사회 환원과 주민 혜택 확대로 연결할 수 있을 것""이라고 전했다. 개정안은 법제사법위원회와 본회의 심의를...",http://www.lkp.news/news/articleView.html?idxno=83743,6,0.7983,1,keep,candidate_hybrid_model_keep_prob_ge_threshold_with_domain_anchor,6,0.7983,새마을금고,건전성,,candidate_hybrid,1,0.65,0.35
"새마을금고, '2.7조 법정적립금' 활용 길 열리나…적자 금고 배당 숨통","재무건전성이 악화될 수 있다고 개정안에서 설명했다. 유사기관과 재무제표 비교가 어려워 회계유용성이 저하될 수 있다는 점도 법 개정 필요성으로 제시했다. 새마을금고 관계자는 ""개정안을 통해 손실 보전 능력을...",https://www.fetv.co.kr/news/articleView.html?idxno=309765,4,0.8558,1,keep,candidate_hybrid_model_keep_prob_ge_threshold_with_domain_anchor,4,0.8558,새마을금고,,,candidate_hybrid,1,0.65,0.35
"물금새마을금고 경영평가 5등급, 재무 위기 맞아","이외 양산의 모든 새마을금고를 분석한 결과, 상북새마을금고도 4등급을 받아 재무건전성에 적신호가 켜졌다. 지난 2일 새마을금고 정기공시(6월 30일 결산 기준)에 따르면, 물금새마을금고의 자산총계(부채 및 자본...",http://www.yangsanilbo.com/news/articleView.html?idxno=127190,4,0.8983,1,keep,candidate_hybrid_model_keep_prob_ge_threshold_with_domain_anchor,4,0.8983,새마을금고,,,candidate_hybrid,1,0.65,0.35
순이익 2조 새 역사…한투 이끄는 CEO 군단,"전 사장은 1996년 융창상호신용금고에서 금융업의 첫 발을 뗀 뒤 2001년 한투저축은행에 입사해 저축은행... 한투저축은행은 중소기업과 소상공인, 금융 소외계층을 위한 맞춤형 대출을 공급하고 있다. 건전성 관리에...",https://magazine.hankyung.com/money/article/202608188102c,8,0.6497,1,keep,candidate_hybrid_keep_strong_domain_rule_anchor,8,0.6497,저축은행,건전성;순이익;금융,,candidate_hybrid,1,0.65,0.35
"캠코, 19개국 중앙은행과 금융안정 협력…10월 부산서 첫 연수",협약에 따라 캠코와 동남아중앙은행기구는 금융안정 관련 조사·연구자료와 정책 정보를 상호 교류한다.... 부실채권 관리는 금융기관이 보유한 회수 가능성이 낮은 채권을 정리하거나 관리해 금융시스템의 건전성을...,http://www.newstown.co.kr/news/articleView.html?idxno=714978,4,0.658,1,keep,candidate_hybrid_model_keep_prob_ge_threshold_with_domain_anchor,4,0.658,부실채권,,,candidate_hybrid,1,0.65,0.35
"[양준서의 정조준] 162조 미래대응기금, 누가 통제하나…기재부 쪼갠 뒤...","분산하고 '상호견제'를 강화한다는 것이었다. 따라서 '확장재정을 마음대로 하기 위해 기재부를 해체했다'고 단정할 수는 없지만, 윤 전 대변인이 제기하는 정치적 의문에는 일리가 있다. 재정건전성을 중시하던 기존...",https://www.pennmike.com/news/articleView.html?idxno=127293,0,0.4534,0,drop,candidate_hybrid_gray_drop_score_lt_threshold,0,0.4534,,,,candidate_hybrid,1,0.65,0.35
"신협, '사회연대금융' 전문가 키운다… 상호금융 특화 여신 생태계 구축",신협이 '사회연대금융' 전문 인력 양성에 공을 들이는 것은 시중은행과 차별화되는 신협 본연의 상호금융... 위험(건전성 악화)을 선제적으로 통제하려는 목적이 크다. 교육 마지막 날에는 신협중앙회가 사회연대금융...,http://www.biztribune.co.kr/news/articleView.html?idxno=358570,14,0.8125,1,keep,candidate_hybrid_keep_strong_domain_rule_anchor,14,0.8125,시중은행;상호금융;신협,건전성,,candidate_hybrid,1,0.65,0.35
"대출 심사부터 담보관리까지 '구멍'…신협, 내부통제 고삐 죈다",최근 부동산 경기와 PF 사업장 부실 등의 영향으로 상호금융권의 건전성 관리 중요성이 커진 상황에서 개별 조합의 여신 심사 역량과 중앙회의 관리·감독 기능을 함께 강화해야 한다는 지적이 나오는 배경이다. 대출 이외...,https://www.goodkyung.com/news/articleView.html?idxno=291063,17,0.6629,1,keep,candidate_hybrid_keep_strong_domain_rule_anchor,17,0.6629,상호금융;신협;pf,대출;부실;건전성,,candidate_hybrid,1,0.65,0.35
결승선 앞둔 KB금융 차기 회장 레이스…양종희 연임 '질주',"이 중 양 회장의 경우 지난 2023년 11월 취임 이후 리딩금융의 자리를 지켜낸 실적은 물론 자본건전성, 비은행... 다변화된 포트폴리오를 기반으로 은행, 증권, 보험 등 핵심 계열사들이 시장 환경 변화에 대응해 상호...",https://www.asiatime.co.kr/article/20260907500276,3,0.5064,0,drop,candidate_hybrid_drop_generic_market_or_ipo_noise,3,0.5064,은행,,,candidate_hybrid,1,0.65,0.35
"[김대종 칼럼] 한전의 전기요금 25조원 선납, 원칙과 조건이 먼저다",재무건전성을 높여야 한다. 삼성전자와 SK하이닉스도 국가 핵심 산업의 경쟁력 강화를 위해 안정적인 전력망 구축에 적극 협력할 필요가 있다. 그러나 협력은 일방적인 부담이 아니라 상호 이익을 바탕으로 이루어져야...,https://www.newsfreezone.co.kr/news/articleView.html?idxno=707868,0,0.4669,0,drop,candidate_hybrid_gray_drop_score_lt_threshold,0,0.4669,,,,candidate_hybrid,1,0.65,0.35
"전남농협, ‘여신 틈새교육’ 실시",특히 상호금융 건전성 관리 역량 강화에 실질적인 도움이 될 것으로 기대된다. 이날 교육에서는 ▲기업여신(공동대출) ▲재무제표의 이해 ▲자주묻는 감정평가 질의사례 등 실무 중심의 강의가 진행됐다. 교육에 앞서...,https://www.nongmin.com/article/20260907500246,6,0.6285,1,keep,candidate_hybrid_gray_keep_domain_score_ge_threshold,6,0.6285,상호금융,건전성,,candidate_hybrid,1,0.65,0.35
"농협전남본부, 농․축협 대상 '여신 틈새교육' 실시",특히 상호금융 건전성 관리 역량 강화에 실질적인 도움이 될 것으로 기대된다. 이날 교육에선 ▲기업여신(공동대출) ▲재무제표의 이해 ▲자주묻는 감정평가 질의사례 등 실무 중심의 강의가 진행되어 참석자들의...,https://www.aflnews.co.kr/news/articleView.html?idxno=327623,6,0.6286,1,keep,candidate_hybrid_gray_keep_domain_score_ge_threshold,6,0.6286,상호금융,건전성,,candidate_hybrid,1,0.65,0.35
대출 조였지만 가계빚 41조 늘었다…은행 막자 보험권으로 번진 ‘풍선...,은행권 대출을 강하게 제한할 경우 자금 수요가 사라지는 것이 아니라 보험사나 상호금융 등 다른... 가계부채 정책의 성패는 은행 대출 증가율을 낮췄느냐가 아니라 전체 가계부채의 건전성을 높이고 차주의 상환...,https://www.dailyt.co.kr/newsView/dlt202609070009,15,0.6453,1,keep,candidate_hybrid_keep_strong_domain_rule_anchor,15,0.6453,은행;은행권;상호금융;가계부채,대출,,candidate_hybrid,1,0.65,0.35
"농협, 청년농업인 공모전 시상식 개최...고삼농협서 일손돕기 실시...NH...","농협상호금융은 지난 3일 서울 중구 농협중앙회 본관에서 「NH콕서포터즈 5기 아이디어 경진대회」를 개최했다. 이날 행사에는 NH콕서포터즈 5기 대학생 50여 명과 농협 임직원 등 150여 명이 참석해, 젊은 세대의 시각에서...",http://www.wsobi.com/news/articleView.html?idxno=317734,4,0.3986,0,drop,candidate_hybrid_gray_drop_score_lt_threshold,4,0.3986,상호금융,,,candidate_hybrid,1,0.65,0.35
"농협상호금융, 대학생 아이디어로 'NH콕뱅크 혁신' 앞당긴다",농협상호금융(대표이사 윤성훈)은 지난 3일 서울 중구 농협중앙회 본관에서 'NH콕서포터즈 5기 아이디어 경진대회'를 개최했다고 7일 밝혔다.이날 행사에는 NH콕서포터즈 5기 대학생 50여 명과 농협 임직원 등 150여 명이...,https://weeklytrade.co.kr/news/view.html?section=1&category=160&item=&no=101315,4,0.4452,0,drop,candidate_hybrid_gray_drop_score_lt_threshold,4,0.4452,상호금융,,,candidate_hybrid,1,0.65,0.35
제13회 전국 농축협 야구대회 성료... 농협중앙회장배 소통·화합의 무대...,"올해로 13회를 맞은 전국 농축협 야구대회는 전국 농축협과 중앙회 및 계열사 임직원이 소통하고 화합하며 범농협의 결속을 다지는 교류의 장으로 자리매김하고 있다.전경수 상호금융기획본부장은 ""농축협 야구대회가...",https://weeklytrade.co.kr/news/view.html?section=1&category=160&item=&no=101314,4,0.466,0,drop,candidate_hybrid_gray_drop_score_lt_threshold,4,0.466,상호금융,,,candidate_hybrid,1,0.65,0.35
현역 조합장 ‘불출마 선언 잇따라’,"김진만(64) 동해삼척태백축산농협 조합장은 지난 2005년 8월 취임한 이래 5선 조합장과 농혐중앙회 대의원... 삼척동해태백산림조합은 8년전 상호금융이 600억원이던 것이 2,000억원 이상으로, 자산 규모는 700억원에서 1...",https://www.kwnews.co.kr/article/20260907500987,4,0.3987,0,drop,candidate_hybrid_gray_drop_score_lt_threshold,4,0.3987,상호금융,,,candidate_hybrid,1,0.65,0.35
도심 은행 창구 옆에 정육점이 들어선 까닭은…,"이는 대한민국 대표 품목형 조합인 도드람양돈농협과 수도권의 상호금융 강자인 서울강동농협이 손을 맞잡고 일궈낸, 전에 없던 파격적인 시너지의 결과물이다. 겉치레 구호가 아닌 실질적인 성과로 증명해 낸 두 조합의...",https://www.farminsight.net/news/articleView.html?idxno=16847,7,0.6322,1,keep,candidate_hybrid_gray_keep_domain_score_ge_threshold,7,0.6322,은행;상호금융,,,candidate_hybrid,1,0.65,0.35
[포토] ‘제13회 농협중앙회장배 전국 농·축협 야구대회’,올해로 13회를 맞은 전국 농축협 야구대회는 전국 농축협과 중앙회 및 계열사 임직원이 소통하고 화합하며 범농협의 결속을 다지는 교류의 장으로 이어지고 있다. 전경수 상호금융기획본부장은“농축협 야구대회가...,https://www.edaily.co.kr/News/Read?newsId=04077046645577824&mediaCodeNo=257&utm_source=naver&utm_medium=referral&utm_campaign=news_syndication&utm_content=original_article,4,0.5276,0,drop,candidate_hybrid_gray_drop_score_lt_threshold,4,0.5276,상호금융,,,candidate_hybrid,1,0.65,0.35
[포토] 'NH콕서포터즈 5기 아이디어 경진대회’,농협상호금융(대표이사 윤성훈)은 지난 3일 서울 중구 농협중앙회 본관에서 ‘NH콕서포터즈 5기 아이디어 경진대회’를 개최했다. 이날 행사에는 NH콕서포터즈 5기 대학생 50여 명과 농협 임직원 등 150여 명이 참석해...,https://www.edaily.co.kr/News/Read?newsId=04073766645577824&mediaCodeNo=257&utm_source=naver&utm_medium=referral&utm_campaign=news_syndication&utm_content=original_article,4,0.4845,0,drop,candidate_hybrid_gray_drop_score_lt_threshold,4,0.4845,상호금융,,,candidate_hybrid,1,0.65,0.35
"농협상호금융, 대학생 번뜩이는 아이디어로 콕뱅크 혁신",농협상호금융이 청년 세대의 참신한 시각을 수혈받아 대표 모바일 금융 플랫폼인 NH콕뱅크의 미래 청사진을 구체화했다. 농협상호금융(대표 윤성훈)은 서울 중구 농협중앙회 본관에서 대학생들의 혁신적 발상을 공유하는...,http://www.newslock.co.kr/news/articleView.html?idxno=135727,5,0.4493,0,drop,candidate_hybrid_gray_drop_score_lt_threshold,5,0.4493,상호금융,금융,,candidate_hybrid,1,0.65,0.35
"농협중앙회, 제13회 전국 농축협 야구대회 개최... 결속 다져","어느덧 13번째 발자취를 남긴 이번 대회는 단위 농·축협과 중앙회, 금융 및 유통 계열사를 아우르는 범농협 가족들이 한자리에 모여 상호 연대감을 다지는 대표적인 소통 창구로 자리 잡았다는 평가를 받는다. 전경수...",http://www.newslock.co.kr/news/articleView.html?idxno=135728,1,0.4591,0,drop,candidate_hybrid_gray_drop_score_lt_threshold,1,0.4591,,금융,,candidate_hybrid,1,0.65,0.35
농협중앙회장배 전국 농·축협 야구대회 성료…26개 팀 참가,"전경수 농협중앙회 상호금융기획본부장은 ""이번 대회에 참여한 임직원들의 열정과 팀워크가 농업·농촌 발전을 위한 협력으로 이어지길 바란다""며 ""앞으로도 농협의 역할을 충실히 수행해 나가겠다""고 말했다. 더퍼블릭",https://www.thepublic.kr/news/articleView.html?idxno=317862,4,0.4546,0,drop,candidate_hybrid_gray_drop_score_lt_threshold,4,0.4546,상호금융,,,candidate_hybrid,1,0.65,0.35
"농협상호금융, 대학생 아이디어로 NH콕뱅크 서비스 혁신 모색",농협상호금융이 대학생들의 아이디어를 활용해 NH콕뱅크의 신규 서비스와 발전 방향을 모색했다. 7일 농협상호금융에 따르면 상호금융은 지난 3일 서울 중구 농협중앙회 본관에서 'NH콕서포터즈 5기 아이디어 경진대회...,http://www.popcornnews.net/news/articleView.html?idxno=132137,4,0.4901,0,drop,candidate_hybrid_gray_drop_score_lt_threshold,4,0.4901,상호금융,,,candidate_hybrid,1,0.65,0.35
가계대출 총량 늘렸는데 '대출런' 여전…왜?,"농협·수협·신협·새마을금고 등 상호금융권은 공통적인 총량 한도를 부여하고 상반기 한도 초과 폭이 적었던 곳에 추가 여력을 배분하면서, 신협과 새마을금고는 각각 1000억~3000억 원의 추가 한도가 배정된 것으로...",https://biz.sbs.co.kr/article_hub/20000333237?division=NAVER,12,0.5975,1,keep,candidate_hybrid_keep_strong_domain_rule_anchor,12,0.5975,상호금융;새마을금고;신협,,,candidate_hybrid,1,0.65,0.35
"농협은행, 추석 맞아 손편지로 감사 전한다…강태영 행장 '1호'","강 행장은 취임 이후 상호 존중과 올바른 업무 태도 등 금융인이 지켜야 할 기본 윤리규범을 담은 '원리원칙 10계명' 실천을 강조해왔다. 한편, 농협은행은 임직원과의 현장 소통도 이어가고 있다. 지난 7월에는 강태영...",https://www.the-today.com/news/articleView.html?idxno=89632,0,0.3604,0,drop,candidate_hybrid_gray_drop_score_lt_threshold,0,0.3604,,,,candidate_hybrid,1,0.65,0.35
"[농협 이모저모] 농협 애그테크 청년창업캠퍼스 교육생들, 안성서 농촌...","지난 4일 서울 중구 농협중앙회 본관에서 NH콕서포터즈 아이디어 경진대회를 마치고 단체사진을 찍는 모습 농협, 대학생 서포터즈와 'NH콕뱅크' 서비스 아이디어 경진대회 농협상호금융이 지난 3일 서울 중구 농협중앙회...",http://www.worktoday.co.kr/news/articleView.html?idxno=88946,4,0.3777,0,drop,candidate_hybrid_gray_drop_score_lt_threshold,4,0.3777,상호금융,,,candidate_hybrid,1,0.65,0.35
"농협, 추석 앞두고 농축산물 공급 확대·식품안전 강화해","한편, 농협상호금융은 지난 3일 서울 중구 농협중앙회 본관에서 'NH콕서포터즈 5기 아이디어 경진대회'를 열고 대학생들의 참신한 아이디어를 공유했다. 이날 행사에는 NH콕서포터즈 5기 대학생 50여 명과 농협 임직원 등...",http://www.queen.co.kr/news/articleView.html?idxno=462952,4,0.4431,0,drop,candidate_hybrid_gray_drop_score_lt_threshold,4,0.4431,상호금융,,,candidate_hybrid,1,0.65,0.35
농협 임직원 야구로 화합…전국 26개 팀 참가,"가운데 제주양돈농협과 무진장축산농협이 각각 1·2부 리그 우승을 차지했다. 전경수 농협중앙회 상호금융기획본부장은 ""이번 대회에서 보여준 열정과 팀워크가 농업·농촌 발전의 원동력으로 이어지길 바란다""고 말했다.",https://sports.hankooki.com/news/articleView.html?idxno=6939248,4,0.4667,0,drop,candidate_hybrid_gray_drop_score_lt_threshold,4,0.4667,상호금융,,,candidate_hybrid,1,0.65,0.35
"농협중앙회, 제13회 전국 농·축협 야구대회 성료","전경수 농협중앙회 상호금융기획본부장은 ""농축협 야구대회가 13회에 이르기까지 함께해주신 임직원 여러분께 깊이 감사드린다""며 ""이번 대회에서 보여준 열정과 팀워크가 농업·농촌 발전을 위한 원동력으로 이어지길...",https://www.ziksir.com/news/articleView.html?idxno=145675,4,0.4489,0,drop,candidate_hybrid_gray_drop_score_lt_threshold,4,0.4489,상호금융,,,candidate_hybrid,1,0.65,0.35
"""대출규제 무용지물""…5대 은행 가계대출 1년반새 41조↑",북구을)이 금융감독원으로부터 확보한 자료에 따르면 5대 시중은행(KB국민·신한·하나·우리·NH농협)의... 은행 규제가 강화될수록 대출 수요가 보험·상호금융 등 타 금융권으로 전이돼 대출 취약계층의...,https://www.mediapen.com/news/view/1121866,18,0.7019,1,keep,candidate_hybrid_keep_strong_domain_rule_anchor,18,0.7019,금융감독원;은행;시중은행;상호금융,대출,,candidate_hybrid,1,0.65,0.35
"강태영 NH농협은행장, ‘윤리공감 우체통’ 1호 손편지… 임직원에 감사...","7일 금융권에 따르면 NH농협은행은 추석을 맞아 임직원 간 감사와 존중의 마음을 나누고, 윤리경영 문화를 확산하기 위해 '윤리공감우체통' 캠페인을 실시했따. '윤리공감 우체통' 캠페인은 임직원들이 동료와...",https://www.g-enews.com/view.php?ud=20260907150855742bb91c46fcd_1,0,0.3205,0,drop,candidate_hybrid_model_drop_prob_le_threshold,0,0.3205,,,,candidate_hybrid,1,0.65,0.35
규제 묶어도 가계대출 1년 반 새 41조 폭증… 보험권 번진 ‘풍선효과’,"7일 금융감독원으로부터 제출받은 자료에 따르면, KB국민·신한·하나·우리·NH농협 등 5대 은행의... 은행 문턱이 높아지면 대출 수요가 보험·상호금융 등 제2금융권으로 쏠려 취약차주의 금융비용만 가중된다는...",https://m.skyedaily.com/news_view.html?ID=311119,14,0.5353,1,keep,candidate_hybrid_keep_strong_domain_rule_anchor,14,0.5353,금융감독원;은행;상호금융,대출,,candidate_hybrid,1,0.65,0.35
보험업권 가계대출 석달 새 2.7조↑…은행 대출 조이자 '풍선효과',KB국민·신한·하나·우리·NH농협 등 5대 은행의 가계대출 잔액은 2024년 말 734조1000억원에서 올해 6월 말... 다만 은행권 대출 문턱을 높이는 방식의 규제가 대출 수요를 보험·상호금융 등 다른 업권으로 이동시켜...,https://www.econovill.com/news/articleView.html?idxno=750036,12,0.4246,1,keep,candidate_hybrid_keep_strong_domain_rule_anchor,12,0.4246,은행;은행권;상호금융,대출,,candidate_hybrid,1,0.65,0.35
"NH농협은행, 추석 맞아 '윤리공감 우체통' 캠페인 진행...강태영 행장 1...","원칙을 견고히 다지는 조직문화를 꾸준히 마련해 나갈 방침이다. 금융권 관계자는 ""이번 캠페인으로 NH농협은행 임직원들 사이에 더욱더 감사를 표현하고 상호 존중하는 분위기가 조성될 것으로 보인다""고 전망했다.",https://www.asiaa.co.kr/news/articleView.html?idxno=261429,0,0.3218,0,drop,candidate_hybrid_model_drop_prob_le_threshold,0,0.3218,,,,candidate_hybrid,1,0.65,0.35
"""추석 봉투 대신 손편지가 왔다""…NH농협은행, 10년째 이어지는 '우체통...",디지털 전환과 효율성만을 강조하는 각박한 경영 환경 속에서 임직원 상호 간의 진심 어린 감사와 존중을 바탕으로 윤리경영의 뿌리를 내리려는 한 시중은행의 독특한 조직문화 캠페인이 눈길을 끌고 있다. NH농협은행은...,http://www.dailysmart.co.kr/news/articleView.html?idxno=129324,4,0.3575,0,drop,candidate_hybrid_gray_drop_score_lt_threshold,4,0.3575,시중은행,,,candidate_hybrid,1,0.65,0.35
정부 옥좼지만 은행 가계대출 1년 반 만에 41조원↑,의원이 금융감독원으로부터 제출받은 자료에 따르면 KB국민·신한·하나·우리·NH농협 등 5대 은행의... 은행 문턱을 높일수록 대출 수요가 보험·상호금융 등 다른 금융권으로 이동하면서 오히려 취약 차주의...,http://www.newscape.co.kr/news/articleView.html?idxno=124382,14,0.6352,1,keep,candidate_hybrid_keep_strong_domain_rule_anchor,14,0.6352,금융감독원;은행;상호금융,대출,,candidate_hybrid,1,0.65,0.35
"도시농축협, 도농상생기금 8498억원 조성…농촌농협 지원 확대",등 농협이 당면한 주요 현안을 공유했다. 특히 도시농축협이 보유한 금융·유통 기반과 농촌농축협의 생산... 참석자들은 도시와 농촌 농축협이 상호 보완적인 협력체계를 구축해 농업인 실익을 높이고 농협의 정체성을...,http://www.newsfarm.co.kr/news/articleView.html?idxno=102215,1,0.3464,0,drop,candidate_hybrid_model_drop_prob_le_threshold,1,0.3464,,금융,,candidate_hybrid,1,0.65,0.35
"계곡농협, 농협 창립 65주년을 맞아 농협 최고의 권위 있는 '총화상' 수...","계곡농협은 이러한 노력에 힘입어 지난 2024~2025년 2년동안 농협종합업적평가 최우수상 수상, NH농협손해보험 우수상 수상, 상호금융대상평가 우수상 수상, 농협 종합업적평가 우수상 수상, 재가노인복지센터...",https://www.aflnews.co.kr/news/articleView.html?idxno=327609,7,0.4732,1,keep,candidate_hybrid_gray_keep_domain_score_ge_threshold,7,0.4732,손해보험;상호금융,,,candidate_hybrid,1,0.65,0.35
"박성훈 의원, 대출 틀어막았는데 5대 은행 가계대출 41조↑","의원이 금융감독원으로 부터 제출받은 자료에 따르면, KB국민·신한·하나·우리·NH 농협 등 5대 은행의... 은행 문턱을 높일수록 대출 수요가 보험·상호금융 등 다른 금융권으로 이동하면서 오히려 취약 차주의...",http://www.financialreview.co.kr/news/articleView.html?idxno=44651,14,0.6772,1,keep,candidate_hybrid_keep_strong_domain_rule_anchor,14,0.6772,금융감독원;은행;상호금융,대출,,candidate_hybrid,1,0.65,0.35
대출 틀어막았는데 5대 은행 가계대출 41조↑…보험권까지 '풍선효과',"(국민의힘)이 금융감독원으로부터 제출받은 자료에 따르면, KB국민·신한·하나·우리·NH농협 등 5대... 은행 문턱을 높일수록 대출 수요가 보험·상호금융 등 다른 금융권으로 이동하면서 오히려 취약차주의...",http://www.intn.co.kr/news/articleView.html?idxno=2053097,14,0.5863,1,keep,candidate_hybrid_keep_strong_domain_rule_anchor,14,0.5863,금융감독원;은행;상호금융,대출,,candidate_hybrid,1,0.65,0.35
'로컬푸드 직매장' 주목 …지역 먹거리 선순환에 눈길,"천안관내 목천읍, 성남면, 북면을 관할하며 83개 영농회를 품고 있는 동천안농협은 조합원 수 2,487명, 상호금융 예수금 5,005억 원, 대출금 4,194억 원, 총자산 5,686억 원의 견실한 인프라를 보유하고 있다. 본점 1개소, 지점...",https://www.kenews.co.kr/news/article.html?no=89982,4,0.4864,0,drop,candidate_hybrid_gray_drop_score_lt_threshold,4,0.4864,상호금융,,,candidate_hybrid,1,0.65,0.35
[세미콜론] 국세청의 신뢰에 '균열'을 만드는 사건들,"납세자가 자신의 소득과 재산, 금융거래와 사업내역을 국세청에 제출하는 것은 과세당국이 법과 원칙에 따라... ◆ 농협은 세무조사 계획을 어떻게 미리 알았나 가장 먼저 규명해야 할 사안은 농협에 대한 서울국세청...",https://www.sejungilbo.com/news/articleView.html?idxno=59974,0,0.5252,0,drop,candidate_hybrid_gray_drop_score_lt_threshold,0,0.5252,,,,candidate_hybrid,1,0.65,0.35
KOINDEX 2026 현장에서 확인한 인도의 K-웨이브 소비,"다만 이를 실현하려면 상호 시장에서의 가시성 제고, 기업 간 신뢰 구축, 규제 협력 강화가 관건이며... 소싱 금융이 공급망안정화기금을 통해 고위험 관할권에서 생산을 이전하는 기업에 배분되면 한국 기업의...",http://dream.kotra.or.kr/kotranews/cms/news/actionKotraBoardDetail.do?SITE_NO=3&MENU_ID=110&CONTENTS_NO=1&bbsGbn=245&bbsSn=245&pNttSn=243873,0,0.3879,0,drop,candidate_hybrid_gray_drop_score_lt_threshold,0,0.3879,,,,candidate_hybrid,1,0.65,0.35
"유통·식품가, 추석 앞두고 물가 안정·협력사 자금 지원… 민생 안심 대...",밤과 대추는 산림조합이 보유한 물량을 활용한다. 구매 비용을 낮추기 위한 정부 지원은 3일부터 23일까지... 납품대금 앞당기고 협력사 금융비용 줄여 소비자 물가와 함께 명절 전 협력사의 자금 사정도 지원 대상에...,https://www.polinews.co.kr/news/articleView.html?idxno=742405,0,0.3467,0,drop,candidate_hybrid_model_drop_prob_le_threshold,0,0.3467,,,,candidate_hybrid,1,0.65,0.35
"ABP자산운용, 주식운용본부 신설하고 성상현 영입","이후 산림조합중앙회와 한국산업단지공단, 중소기업중앙회 등에서 기관자금을 운용했다.... 프랍트레이딩은 금융회사가 자기자본으로 운용 수익을 추구하는 거래를 뜻한다. 자산배분은 채권, 주식, 현금 등 여러...",https://www.tokenpost.kr/news/market/403614,2,0.4077,0,drop,candidate_hybrid_gray_drop_score_lt_threshold,2,0.4077,,주식;채권,,candidate_hybrid,1,0.65,0.35
"ABP자산운용, 주식운용본부 신설…노란우산 출신 성상현 전무 영입","7일 금융투자업계에 따르면 ABP자산운용은 최근 중소기업중앙회 노란우산공제 출신의 성상현 전무를... 성 전무는 증권사 프랍트레이딩을 시작으로 산림조합중앙회와 한국산업단지공단, 중소기업중앙회 등에서...",https://news.einfomax.co.kr/news/articleView.html?idxno=4433667,3,0.4395,0,drop,candidate_hybrid_gray_drop_score_lt_threshold,3,0.4395,증권사,,,candidate_hybrid,1,0.65,0.35
2분기 산업대출 30.6조 증가⋯서비스업대출 14분기 만에 최대,"김 팀장은 ""서비스업 중 부동산업대출은 부동산 PF 대출 관련 보증한도가 확대되면서 대출 여건이 개선된... 반면 농·수협과 새마을금고, 저축은행 등 비은행예금취급기관 대출은 1조3000억원 증가하는 데 그쳤다....",https://www.etoday.co.kr/news/view/2622450,13,0.5755,1,keep,candidate_hybrid_keep_strong_domain_rule_anchor,13,0.5755,저축은행;새마을금고;pf,대출,,candidate_hybrid,1,0.65,0.35
"""예금금리 오르는데 묶인 대출금리"" 베트남 은행권의 '이상한 셈법'","예금금리만 오르고 대출금리는 제자리에 머물면서, 은행권 예대금리차는 1%포인트 수준까지 좁혀졌다. 우연이 아니다. 레 민 흥(Le Minh Hung) 총리와 중앙은행은 경제 성장을 뒷받침하기 위해 실질 대출금리를 낮출...",https://www.insidevina.com/news/articleView.html?idxno=43981,8,0.6806,1,keep,candidate_hybrid_keep_strong_domain_rule_anchor,8,0.6806,은행권;예대금리차,,,candidate_hybrid,1,0.65,0.35
"中, 국유 금융사에 72조 수혈…'위험 대비, 실물경제 지원'",최근 몇 년간 중국 은행권은 대출금리 인하와 예대금리차 축소로 순이자마진이 역사적 저점 수준까지 떨어졌다. 부동산과 지방정부 관련 자산의 구조적 위험도 계속 관리해야 하는 상황이다. 중금공사는 이번...,https://www.mt.co.kr/world/2026/09/07/2026090713265548667,4,0.4668,0,drop,candidate_hybrid_gray_drop_score_lt_threshold,4,0.4668,예대금리차,,,candidate_hybrid,1,0.65,0.35
금리 인상에 날개 단 보험·은행 ETF…KODEX 보험 17% '껑충',은행주는 금리 상승기에 예금금리보다 대출금리가 더 빠르게 오르면서 예대금리차(대출금리와 예금금리 차이)가 벌어진다. 이에 따라 핵심 수익성 지표인 순이자마진(NIM)이 확대되며 견조한 이자이익 개선세를...,https://www.newsis.com/view/NISX20260907_0003778557,8,0.6445,1,keep,candidate_hybrid_keep_strong_domain_rule_anchor,8,0.6445,은행;예대금리차,금리,,candidate_hybrid,1,0.65,0.35
"한은, '가구 DB 가계부채 리스크' 보고서… 고차입 매입가구 연체 전염...","지난해 기준 부채보유가구 가운데 DSR이 46%를 초과한 가구는 11.1%로, 이들은 이미 빚 갚는 데 급급해 소비를 줄일 수밖에 없는 처지에 놓여 있다는 게 한은의 설명이다. 수치를 실제 가계부채 상환액으로 옮겨보면...",https://www.betanews.net/article/view/beta202609070082,14,0.6834,1,keep,candidate_hybrid_keep_strong_domain_rule_anchor,14,0.6834,한은;dsr;가계부채,연체,,candidate_hybrid,1,0.65,0.35
한은 “‘영끌’로 집 산 가구들 금리 1%p 오르면 연체율 0.81%p상승”…...,전날인 7일 한국은행은 이같은 내용을 담은 ‘가구 데이터베이스(DB)를 이용한 가계부채 리스크 평가’... 2025년 기준 소비함수 추정해보니 소비 감소로 전환하는 원리금상환액(DSR) 임계점은 46%였다. 장 과장은...,https://www.segye.com/newsView/20260908502196?OutUrl=naver,22,0.7411,1,keep,candidate_hybrid_keep_strong_domain_rule_anchor,22,0.7411,한국은행;한은;연체율;dsr;가계부채,금리,,candidate_hybrid,1,0.65,0.35
"""몇억을 당장 어디서 구해요""…오락가락 규제에 '대혼란' [시장톡]","정부가 집값과 가계부채를 잡기 위해 규제를 잇달아 내놓고 있지만 시장에서는 정책을 따라가기 어렵다는... 총부채원리금상환비율(DSR), 기존 부채 등에 따라 크게 달라집니다. 분양 당시 세웠던 자금 계획과 입주 때 실제...",https://www.hankyung.com/article/2026090777206,7,0.6832,1,keep,candidate_hybrid_model_keep_prob_ge_threshold_with_domain_anchor,7,0.6832,dsr;가계부채,,,candidate_hybrid,1,0.65,0.35
“이번달도 월급이 통장을 스치운다”…금리 1%P 오르면 연체율 무려,한은 ‘가계부채 리스크 평가’ DSR 46% 넘는 가구 11% 상환 부담커져 소비도 위축 가계빚 부담이 소득의 절반에 가까워지면 소비가 줄어들기 시작한다는 연구 결과가 나왔다. 많은 빚을 내 집을 산 가구일수록 금리...,https://www.mk.co.kr/article/12146587,17,0.6737,1,keep,candidate_hybrid_keep_strong_domain_rule_anchor,17,0.6737,한은;연체율;dsr;가계부채,금리,,candidate_hybrid,1,0.65,0.35
늘린 빚이 부메랑…금리 오르면 ‘영끌족’부터 흔들 [Pick코노미],"실제로 최근 점차 개선되고 있는 가계의 평균적인 재무건전성과 달리 취약계층에 집중된 연체 위험은 좀처럼 가라앉지 않고 있다. 평균 DSR과 주택가치 대비 부채비율(LTV)은 전반적으로 개선됐지만, 연체자가 한 명...",https://www.sedaily.com/article/20088197?ref=naver,10,0.5883,0,drop,candidate_hybrid_gray_drop_generic_anchor_only,10,0.5883,dsr;ltv,금리;연체,,candidate_hybrid,1,0.65,0.35
집 산 뒤 빚 부담 급증한 상위 10% 가구… 금리 1%p 오르면 연체 비율 0....,韓銀 ‘가계부채 리스크 평가’ 무리하게 빚을 내 집을 사면서 소득에 견준 원리금 상환 부담이 가장 크게... 한은은 소득 대비 원리금 상환액 비율(DSR)이 46%를 넘으면 소비가 감소하는 것으로 추정했다. 2025년...,https://www.chosun.com/economy/market_trend/2026/09/08/PLDWQUVH2VCVXDJMCPIS7H5D2M/?utm_source=naver&utm_medium=referral&utm_campaign=naver-news,10,0.6189,0,drop,candidate_hybrid_drop_corporate_macro_noise,10,0.6189,dsr;가계부채,금리;연체,,candidate_hybrid,1,0.65,0.35
"한은 “집 살때 빚 많이 낸 가구, 가족 연체 위험도 높아”",한은이 개인 단위로 진행한 가계부채 분석을 가구 차원으로 확장한 것은 이번이 처음이다. 한은은 7일... 한은은 소득 대비 원리금 상환액 비율(DSR)이 46%를 넘으면 소비가 감소하는 것으로 추산했다. 지난해 말 기준...,https://www.donga.com/news/Economy/article/all/20260907/134622291/2,14,0.6184,1,keep,candidate_hybrid_keep_strong_domain_rule_anchor,14,0.6184,한은;dsr;가계부채,연체,,candidate_hybrid,1,0.65,0.35
"가구빚 위험, 개인통계보다 컸다",가계부채가 소비를 제약하기 시작하는 지점도 새로 추정됐다. 소득 대비 원리금 상환액(DSR)이 46%를 넘어서면 가계 소비지출이 줄어들기 시작하는 것으로 나타났다. 2025년 기준 이 임계치를 넘는 부채보유가구는...,http://www.gjdream.com/news/articleView.html?idxno=672472,7,0.5666,0,drop,candidate_hybrid_gray_drop_no_domain_anchor,7,0.5666,dsr;가계부채,,,candidate_hybrid,1,0.65,0.35
코스피 7000 문턱에서 한은이 꺼낸 '영끌 경고장'… 반도체 호황이 가린...,206만 가구의 대출 자료를 뜯어본 가계부채 리스크 평가 보고서다. 요지는 단순하다. 빚을 최대한 끌어... 소비가 마이너스로 돌아서는 DSR 임계점은 46%. 저소득층에서 이 선을 넘는 비중은 2021년 11.4%에서 14.5%로...,https://www.todayeconomic.com/news/article.html?no=32024,10,0.3954,0,drop,candidate_hybrid_gray_drop_no_domain_anchor,10,0.3954,dsr;가계부채,대출;코스피,,candidate_hybrid,1,0.65,0.35
"지갑 닫는 시점, ‘DSR 46%’ 초과","분석 결과, 소득 대비 원리금 상환 비율인 DSR이 46%를 초과하기 시작하면 가계의 소비지출이 줄어드는 것으로 나타났다. 부채를 보유한 가구 중 소비를 제약하는 DSR 임계치(46%)를 웃도는 가구는 10곳 중 1곳(11.1...",https://www.khan.co.kr/article/202609072034045,4,0.5472,0,drop,candidate_hybrid_gray_drop_score_lt_threshold,4,0.5472,dsr,,,candidate_hybrid,1,0.65,0.35
"한은 ""금리 오르면 '영끌 가구'부터 타격…가구원 연체 전이 위험""",한국은행은 7일 공개한 '가구 데이터베이스(DB)를 활용한 가계부채 리스크 평가' 보고서에서 가구 단위의... 부채 상환 부담은 소비에도 영향을 미치는 것으로 나타났다. 분석 결과 총부채원리금상환비율(DSR)이 46%를...,https://www.econovill.com/news/articleView.html?idxno=750084,20,0.787,1,keep,candidate_hybrid_keep_strong_domain_rule_anchor,20,0.787,한국은행;한은;dsr;가계부채,금리;연체,,candidate_hybrid,1,0.65,0.35
"DSR 막자 보험계약대출 늘었다…""카드론 등 2금융권 경고음""",'대출'인데 DSR 제외…가계부채 변수 보험계약대출은 DSR 계산에서 제외된다. 소득이나 신용을 바탕으로 빌려주는 일반 대출과 달리 이미 쌓인 해약환급금을 재원으로 하기 때문이다. DSR 한도가 빠듯해도 해약환급금이...,https://www.sidae.com/article/2026090715102466176,13,0.7329,1,keep,candidate_hybrid_keep_strong_domain_rule_anchor,13,0.7329,카드론;dsr;가계부채,대출,,candidate_hybrid,1,0.65,0.35
"저소득·영끌 가구, 금리 상승에 연체 위험 더 커졌다","7일 한국은행은 '가구DB를 이용한 가계부채 리스크 평가' 이슈노트를 통해 가구 단위의 부채와 소득, 자산... 한은은 소득 대비 원리금 상환액인 총부채원리금상환비율(DSR)이 높아질수록 소비가 둔화되다가 일정...",https://www.sidae.com/article/2026090715281785992,15,0.719,1,keep,candidate_hybrid_keep_strong_domain_rule_anchor,15,0.719,한국은행;dsr;가계부채,금리;연체,,candidate_hybrid,1,0.65,0.35
"""금리 1%p 오르면 ‘영끌 가구’ 연체 확률 0.81%p 상승""",'DSR 46% 초과' 가구 비중은 2021년 이후 증가하고 있다. 최근에는 저소득층(소득 1분위)의 증가 폭이 2021년 11.4%에서 2025년 14.5%로 높아졌다. 한은은 금리 상승기를 맞아 가계부채의 현실을 더 정확하고 포괄적으로...,https://www.fnnews.com/news/202609071807175673,10,0.5062,0,drop,candidate_hybrid_drop_corporate_macro_noise,10,0.5062,dsr;가계부채,금리;연체,,candidate_hybrid,1,0.65,0.35
“금리 오르면 못 버틴다”...영끌족 연체율 ‘껑충’,"한국은행, 가구DB 기반 가계부채 위험 평가 금리 1%p↑, ‘영끌’ 가구 연체율 0.81%p↑ 가구 DSR 46% 넘어서면 소비 감소 무리하게 빚을 내 주택을 매입한 가구는 소득이 비교적 높아도 금리 상승 충격에 취약한 것으로...",https://www.mk.co.kr/article/12146470,17,0.7843,1,keep,candidate_hybrid_keep_strong_domain_rule_anchor,17,0.7843,한국은행;연체율;dsr;가계부채,금리,,candidate_hybrid,1,0.65,0.35
'영끌'의 부메랑…금리 뛰면 한 집안 통째 연체 수렁,"7일 한국은행이 발표한 '가구DB를 이용한 가계부채 리스크 평가' 보고서에 따르면, 한은이 KCB 신용정보... 부채 부담은 지역 소비 위축으로도 직결되고 있다. 한은의 소비함수 추정 결과 총부채원리금상환비율(DSR)이 46...",https://www.newsgn.com/news/articleView.html?idxno=572047,15,0.7953,1,keep,candidate_hybrid_keep_strong_domain_rule_anchor,15,0.7953,한국은행;dsr;가계부채,금리;연체,,candidate_hybrid,1,0.65,0.35
DSR 46% 넘으면 소비 줄인다…10가구중 1가구 ‘임계치’ 넘어,"분석 결과, 소득 대비 원리금 상환 비율인 총부채원리금상환비율(DSR)이 46%를 초과하기 시작하면 가계의 소비지출이 줄어드는 것으로 나타났다. 부채를 보유한 가구 중 소비를 제약하는 DSR 임계치(46%)를 웃도는...",https://www.khan.co.kr/article/202609071757001,4,0.6514,0,drop,candidate_hybrid_drop_model_keep_without_domain_anchor,4,0.6514,dsr,,,candidate_hybrid,1,0.65,0.35
'영끌'로 집 산 가구가 더 취약했다 … 금리 1%P 뛰면 연체율 0.81%P 쑥,7일 한국은행이 발표한 '가구 데이터베이스(DB)를 활용한 가계부채 리스크 평가'에 따르면 소득에서 원리금 상환액이 차지하는 비율인 총부채원리금상환비율(DSR)이 46%를 초과하면 소비 감소가 나타나는 것으로...,https://www.mk.co.kr/article/12146403,17,0.7938,1,keep,candidate_hybrid_keep_strong_domain_rule_anchor,17,0.7938,한국은행;연체율;dsr;가계부채,금리,,candidate_hybrid,1,0.65,0.35
"한은 ""금리 상승에 '영끌' 가구 취약…가구 내 신용위험 확산""",한은은 7일 '가구 데이터베이스를 이용한 가계부채 리스크 평가'를 발표했다. 개인이 아닌 가구 단위로... 한은은 총부채원리금상환비율(DSR)이 높아질수록 소비가 둔화되다 46%를 넘으면 줄어든다고 분석했다. 작년...,http://www.whitepaper.co.kr/news/articleView.html?idxno=266511,13,0.7094,1,keep,candidate_hybrid_keep_strong_domain_rule_anchor,13,0.7094,한은;dsr;가계부채,금리,,candidate_hybrid,1,0.65,0.35
소득 높아도 '영끌'은 위험…금리 1%p 오르면 연체위험 0.81%p↑,국내 아파트 전경 [사진=뉴스핌DB] 한국은행은 7일 발표한 BOK 이슈노트 '가구DB를 이용한 가계부채 리스크... 통상 총부채원리금상환비율(DSR)이 46%를 넘으면 소비가 감소하기 시작했다. 연간 소득이 5000만원이라면 약...,https://www.newspim.com/news/view/20260907001129,13,0.6749,1,keep,candidate_hybrid_keep_strong_domain_rule_anchor,13,0.6749,한국은행;dsr;가계부채,금리,,candidate_hybrid,1,0.65,0.35
‘영끌’ 한 명 연체하면 가족도 위험… 1년 내 추가 연체 확률 8.8%,81%P 상승 고차입 가구 71% 중·고소득층…금리 충격 취약 부채가구 11.1% DSR 46% 넘어…소비도 제약 집을 살 때... 7일 한국은행이 공개한 ‘가구DB를 이용한 가계부채 리스크 평가’ 보고서에 따르면 한은은 KCB...,https://www.seoul.co.kr/news/economy/2026/09/07/20260907500292?wlog_tag3=naver,15,0.6637,1,keep,candidate_hybrid_keep_strong_domain_rule_anchor,15,0.6637,한국은행;dsr;가계부채,금리;연체,,candidate_hybrid,1,0.65,0.35
가계부채 리스크의 그늘... 고차입 주택취득·저소득층 '취약성 확대',가계부채는 소비 여력에도 영향을 미쳤다. 연구진이 2019~2025년 가구 데이터를 토대로 소비함수를 추정한 결과 소득 대비 실제 원리금 상환액 비율인 DSR이 46%를 넘으면 소비가 감소하는 방향으로 전환됐다. 2025년...,http://www.chungnamilbo.co.kr/news/articleView.html?idxno=908039,7,0.6206,0,drop,candidate_hybrid_gray_drop_no_domain_anchor,7,0.6206,dsr;가계부채,,,candidate_hybrid,1,0.65,0.35
“영끌로 집 사면…금리 상승땐 가족전체로 연체 위험 번져”,한은이 개인 단위로 진행한 가계부채 분석을 가구 차원으로 확장한 것은 이번이 처음이다. 한은은 7일... 한은은 소득 대비 원리금 상환액 비율(DSR)이 46%를 넘으면 소비가 감소하는 것으로 추산했다. 지난해 말 기준...,https://www.donga.com/news/Economy/article/all/20260907/134620222/1,10,0.6706,0,drop,candidate_hybrid_drop_model_keep_without_domain_anchor,10,0.6706,dsr;가계부채,금리;연체,,candidate_hybrid,1,0.65,0.35
'가계빚' 총량만 따져…뇌관은 '가구 간 전이',총소득원리금상환비율(DSR) 등 부채 부담 지표가 오히려 더 높았습니다. 아울러 원리금 상환 부담이 가계의 소비를 직접적으로 억누르는 현상도 뚜렷했습니다. DSR이 약 46%를 넘어서는 순간부터 원리금 상환액 부담이...,http://www.newstomato.com/ReadNews.aspx?no=1312786&inflow=N,4,0.6499,0,drop,candidate_hybrid_gray_drop_score_lt_threshold,4,0.6499,dsr,,,candidate_hybrid,1,0.65,0.35
집 샀다가 가족까지 위험…금리 1%p에 연체확률 0.81%p↑,가계의 소비에도 부채 부담이 영향을 미쳤다. 한은은 총부채원리금상환비율(DSR)이 높아질수록 소비가 점차 둔화하다가 DSR이 46%를 넘으면 소비가 감소하는 패턴이 나타났다고 분석했다. 지난해 기준 부채 보유 가구...,https://magazine.hankyung.com/business/article/202609079258b,5,0.6765,0,drop,candidate_hybrid_drop_model_keep_without_domain_anchor,5,0.6765,dsr,금리,,candidate_hybrid,1,0.65,0.35
"“DSR 46% 넘는 가구, 금리 오르면 소비부터 줄여”",총부채원리금상환비율(DSR)이 46%를 넘어선 가구는 원리금 상환액이 늘면 소비를 줄인다는 분석도 함께 나왔다. 7일 한국은행이 발표한 ‘가구 데이터베이스(DB)를 이용한 가계부채 리스크 평가’에 따르면 금리 1...,https://www.sedaily.com/article/20088070?ref=naver,13,0.8137,1,keep,candidate_hybrid_keep_strong_domain_rule_anchor,13,0.8137,한국은행;dsr;가계부채,금리,,candidate_hybrid,1,0.65,0.35
"한은, ""고차입 주택취득가구, 금리 상승 시 연체 위험 커져""","최근 한국은행이 두 차례 연속 기준금리 인상을 단행하면서 가계부채 리스크에 대한 우려도 커지고 있다.... 가구별 소비는 소득 대비 원리금 상환액(DSR)이 높아질수록 둔화되다가, DSR이 일정 수준을 넘어서면 감소하는...",https://www.ekoreanews.co.kr/news/articleView.html?idxno=87946,23,0.8251,1,keep,candidate_hybrid_keep_strong_domain_rule_anchor,23,0.8251,한국은행;한은;기준금리;dsr;가계부채,금리;연체,,candidate_hybrid,1,0.65,0.35
"주택 '영끌족', 금리 충격에 '취약' … 가족 간 연체 전이 위험도","DSR 46%를 상회하는 가구는 지난해 부채보유가구의 11.1%이며, 특히 저소득층에서 크게 증가했다. 한국은행 관계자는 ""주택가격이 빠르게 상승할 경우 주택 취득에 필요한 차입규모도 함께 늘어나 가계부채 증가로...",https://www.ggilbo.com/news/articleView.html?idxno=1180193,15,0.6505,1,keep,candidate_hybrid_keep_strong_domain_rule_anchor,15,0.6505,한국은행;dsr;가계부채,금리;연체,,candidate_hybrid,1,0.65,0.35
"한은 ""주택대출 많이 받은 가구, 금리 충격·신용위험 확산에 취약""",한은은 오늘(7일) 발표한 '가구 데이터베이스(DB)를 이용한 가계부채 리스크 평가'에서 개인 단위로... 한은은 또 총부채원리금상환비율(DSR)이 높아질수록 소비가 둔화하다가 DSR이 46%를 넘으면 감소하는 패턴이...,http://mbnmoney.mbn.co.kr/news/view?news_no=MM1005917180,13,0.7213,1,keep,candidate_hybrid_keep_strong_domain_rule_anchor,13,0.7213,한은;dsr;가계부채,금리,,candidate_hybrid,1,0.65,0.35
국토부 장관 후보자의 '5억 영끌'…대출 막힌 실수요자 뿔났다,"이 중 배우자의 모친을 통해 조달한 1억7000만원을 두고는 DSR(총부채원리금상환비율) 규제를 우회한, 이른바... 정부가 집값 과열과 가계부채 증가를 막겠다며 실수요자 대출까지 조이는 상황에서, 국토부 장관 후보자가...",https://www.sisajournal.com/news/articleView.html?idxno=386296,8,0.4161,0,drop,candidate_hybrid_gray_drop_no_domain_anchor,8,0.4161,dsr;가계부채,대출,,candidate_hybrid,1,0.65,0.35
"한은 ""'영끌' 가구, 금리 1%p 오르면 연체확률 0.81%p↑""…가족 간 부실...",이용한 가계부채 리스크 평가'를 통해 이 같은 결과를 내놨다. 이번 보고서는 개인(차주) 단위에 머물렀던... 한은은 소득 대비 원리금상환액 비율(DSR)이 높아질수록 소비 증가세가 둔화되다가 DSR이 46%를 넘어서면...,https://www.greened.kr/news/articleView.html?idxno=349437,15,0.6818,1,keep,candidate_hybrid_keep_strong_domain_rule_anchor,15,0.6818,한은;dsr;가계부채,금리;부실,,candidate_hybrid,1,0.65,0.35
"한은 ""고차입 주택취득가구, 금리 상승에 연체위험 확대""",한은은 2025년 12월 당시 가구 재무건전성과 기준금리 등이 유지되는 상황을 기준으로 금리 상승이 대출금리와 DSR·LTV에 미치는 영향을 반영해 12개월 뒤 연체확률을 추정했다. 부채 부담은 연체뿐 아니라 가계...,http://www.4th.kr/news/articleView.html?idxno=2117599,16,0.6676,1,keep,candidate_hybrid_keep_strong_domain_rule_anchor,16,0.6676,한은;기준금리;dsr;ltv,금리,,candidate_hybrid,1,0.65,0.35
"한은 ""기준금리 오르면 ‘영끌 가구’ 연쇄 부실도 우려""","지난해 말 기준으로 전체 부채 가구 가운데 DSR 46% 선을 넘긴 비중은 11.1%에 달해, 적지 않은 가계가 원리금 상환 압박으로 인해 지갑을 닫고 있는 것으로 파악됐다. 한은 측은 “고차입 주택 취득 가구의 금리 상승에...",https://www.kyeonggi.com/article/20260907580397,13,0.7855,1,keep,candidate_hybrid_keep_strong_domain_rule_anchor,13,0.7855,한은;기준금리;dsr,금리,,candidate_hybrid,1,0.65,0.35
"""영끌로 집 샀다간 가족 전체가 연체 위험""...한은의 경고","이러한 'DSR 46% 초과' 가구 비중은 지난 2021년부터 매년 증가하고 있으며, 특히 저소득층(소득 1분위)의 증가폭이 2021년 11.4%에서 2025년 14.5%로 확대됐다. 한은은 ""가계부채 리스크를 관리하는 데 있어 고차입...",http://www.nongaek.com/news/articleView.html?idxno=96700,9,0.4664,0,drop,candidate_hybrid_gray_drop_no_domain_anchor,9,0.4664,dsr;가계부채,연체,,candidate_hybrid,1,0.65,0.35
한은 “금리 상승으로 ‘영끌’ 가구 신용위험 커져”,한은은 이날 발표한 '가구 데이터베이스(DB)를 이용한 가계부채 리스크 평가'에서 이 같은 결론을... 한은은 이밖에 총부채원리금상환비율(DSR)이 높아질수록 소비가 점차 둔화하다가 DSR이 46%를 넘어서면 감소하는...,https://www.busan.com/view/busan/view.php?code=2026090715541685086,13,0.6973,1,keep,candidate_hybrid_keep_strong_domain_rule_anchor,13,0.6973,한은;dsr;가계부채,금리,,candidate_hybrid,1,0.65,0.35
가계부채 '평균 안정'에도 취약가구 위험은 여전,"구축하고 가계부채 위험을 분석했다고 밝혔다. 이번 분석에서 총부채원리금상환비율(DSR)과 주택담보인정비율(LTV) 등 평균적인 재무건전성 지표는 개선됐지만, 연체비율은 2021년을 저점으로 다시 상승했다. 특히...",https://www.insnews.co.kr/news/articleView.html?idxno=92659,10,0.7147,1,keep,candidate_hybrid_model_keep_prob_ge_threshold_with_domain_anchor,10,0.7147,dsr;ltv;가계부채,,,candidate_hybrid,1,0.65,0.35
연체율은 안정적인데...'영끌' 주택취득가구 빚 부담은 더 커졌다,한국은행이 7일 발표한 BOK 이슈노트 '가구DB를 이용한 가계부채 리스크 평가'에 담긴 내용이다. 그동안... 가구 소비가 줄어들기 시작하는 원리금 상환 부담(DSR) 임계치는 소득의 46%로 추정됐다. 2025년 기준 부채 보유...,https://www.asiaa.co.kr/news/articleView.html?idxno=261470,12,0.6627,1,keep,candidate_hybrid_keep_strong_domain_rule_anchor,12,0.6627,한국은행;dsr;가계부채,,,candidate_hybrid,1,0.65,0.35
"'영끌 가구' 어쩌나…한은 ""금리 1%p 오르면 연체 확률 0.81%p↑""",한은은 이와 함께 총부채원리금상환비율(DSR)이 가구소득의 46%를 초과하기 시작하는 경우 가계 소비지출이 줄어들기 시작한다는 분석도 내놨다. 소비제약 DSR 임계치(0.46)를 상회하는 가구는 지난해 기준 부채보유가구의...,https://www.getnews.co.kr/news/articleView.html?idxno=880048,12,0.6983,1,keep,candidate_hybrid_keep_strong_domain_rule_anchor,12,0.6983,한은;dsr,금리;연체,,candidate_hybrid,1,0.65,0.35
영끌족 70%가 중·고소득층인데… 금리 1%p 오르면 연체위험 껑충,한국은행은 7일 발표한 '가구 데이터베이스(DB)를 이용한 가계부채 리스크 평가' 보고서에서 이같이... 이를 위해 2023~2025년 사이 주택담보대출을 받아 집을 산 가구 중 소득 대비 원리금 상환액(DSR) 증가분이 상위 10%에...,https://www.hankookilbo.com/news/article/A2026090713250002633?did=NA,13,0.6569,1,keep,candidate_hybrid_keep_strong_domain_rule_anchor,13,0.6569,한국은행;dsr;가계부채,금리,,candidate_hybrid,1,0.65,0.35
대출 조였지만 가계빚 41조 늘었다…보험권까지 ‘풍선효과’,"뉴시스 정부가 가계부채 관리를 위해 은행권 대출 규제를 강화했지만, 5대 시중은행의 가계대출은 규제... 자신이 가입한 보험의 해약환급금 범위 내에서 돈을 빌리는 약관대출은 별도의 총부채원리금상환비율(DSR)...",http://www.segyebiz.com/newsView/20260907512577?OutUrl=naver,16,0.6019,1,keep,candidate_hybrid_keep_strong_domain_rule_anchor,16,0.6019,은행권;시중은행;dsr;가계부채,대출,,candidate_hybrid,1,0.65,0.35
"“영끌족, 금리 오르면 가장 먼저 흔들린다”…1%p 상승 때 연체확률 0....",한국은행이 7일 발표한 BOK 이슈노트 ‘가구 데이터베이스(DB)를 이용한 가계부채 리스크 평가’에 따르면... 한은의 소비함수 추정 결과 가구 총부채원리금상환비율(DSR)이 46%를 넘어서면 소비가 감소세로 돌아섰다....,https://www.ddaily.co.kr/page/view/2026090715291023527,13,0.7937,1,keep,candidate_hybrid_keep_strong_domain_rule_anchor,13,0.7937,한국은행;dsr;가계부채,금리,,candidate_hybrid,1,0.65,0.35
"한국은행 ""빚 늘려 집 산 가구, 금리 충격에 취약""",한국은행이 7일 발표한 '가구 데이터베이스(DB)를 이용한 가계부채 리스크 평가'에 따르면 고차입... 한은 분석 결과 소득 대비 원리금 상환액(DSR)이 46%를 넘어서면 소비를 본격적으로 줄이기 시작하는 것으로 나타났다....,http://www.newsprime.co.kr/news/article.html?no=746726,18,0.8483,1,keep,candidate_hybrid_keep_strong_domain_rule_anchor,18,0.8483,한국은행;한은;dsr;가계부채,금리,,candidate_hybrid,1,0.65,0.35
"한은 ""금리 1%p 오르면 고차입 주택취득가구 연체 위험 급증""",7일 한국은행이 공개한 BOK 이슈노트 '가구DB를 이용한 가계부채 리스크 평가'에 따르면 연구진은... 연구진은 소득 대비 원리금 상환액 비율인 총부채원리금상환비율(DSR)이 높아질수록 소비 증가세가 둔화하다 46%를...,https://www.ziksir.com/news/articleView.html?idxno=145648,20,0.7779,1,keep,candidate_hybrid_keep_strong_domain_rule_anchor,20,0.7779,한국은행;한은;dsr;가계부채,금리;연체,,candidate_hybrid,1,0.65,0.35
"한은 ""금리상승에 '영끌' 가구 취약…가구내 신용위험 확산도""",한국은행은 7일 발표한 '가구 데이터베이스(DB)를 이용한 가계부채 리스크 평가'에서 이같은 결론을... 한은은 이밖에 총부채원리금상환비율(DSR)이 높아질수록 소비가 점차 둔화하다가 DSR이 46%를 넘어서면 감소하는...,http://www.seouleconews.com/news/articleView.html?idxno=93587,17,0.7818,1,keep,candidate_hybrid_keep_strong_domain_rule_anchor,17,0.7818,한국은행;한은;dsr;가계부채,,,candidate_hybrid,1,0.65,0.35
“버티다 다 같이 무너졌다”…금리 충격에 영끌족 ‘가족연체’ 공포,한국은행은 7일 발표한 ‘가구 데이터베이스(DB)를 이용한 가계부채 리스크 평가’ 보고서를 통해 이같이... 한은은 총부채원리금상환비율(DSR)이 46%를 넘어서면 소비가 순감소세로 돌아선다고 설명했다. 지난해 기준...,https://www.dt.co.kr/article/12082500?ref=naver,13,0.8073,1,keep,candidate_hybrid_keep_strong_domain_rule_anchor,13,0.8073,한국은행;dsr;가계부채,금리,,candidate_hybrid,1,0.65,0.35
"한은 ""주택 구입에 대출 많은 가구일수록 금리인상 충격에 취약""",한은은 이날 발표한 '가구 데이터베이스(DB)를 이용한 가계부채 리스크 평가'에서 이 같은 연구결과를... 한은은 총부채원리금상환비율(DSR)이 높아질수록 소비가 점차 둔화하다가 DSR이 46%를 넘어서면 감소하는 패턴을...,https://www.delighti.co.kr/news/articleView.html?idxno=121431,13,0.7206,1,keep,candidate_hybrid_keep_strong_domain_rule_anchor,13,0.7206,한은;dsr;가계부채,대출,,candidate_hybrid,1,0.65,0.35
영끌한 집일수록 한명 연체 시 나머지 가족도 ‘신용위험’ 빠진다 [머...,이용한 가계부채 리스크 평가’ 보고서를 발표했다. 연구진은 그동안 개인 단위로 이뤄지던 가계부채... 한은은 이밖에 총부채원리금상환비율(DSR)이 높아질수록 소비가 점차 둔화하다가 DSR이 46%를 넘어서면 감소하는...,https://biz.heraldcorp.com/article/10865174?ref=naver,9,0.6363,0,drop,candidate_hybrid_gray_drop_no_domain_anchor,9,0.6363,dsr;가계부채,연체,,candidate_hybrid,1,0.65,0.35
"‘초저금리’에 영끌했다가, 5년 뒤 날아든 청구서… “나로 끝날 일도...","한국은행이 7일 처음으로 가구 단위 가계부채 분석을 내놨습니다. 206만 가구의 빚과 소득, 자산을 함께... ■ 연체보다 먼저 닫히는 지갑… DSR 46%가 갈림선 금리 충격은 연체에 앞서 소비를 먼저 눌렀습니다. 한은이...",https://www.jibs.co.kr/news/articles/articlesDetail/65243?feed=na,13,0.6818,1,keep,candidate_hybrid_keep_strong_domain_rule_anchor,13,0.6818,한국은행;dsr;가계부채,금리,,candidate_hybrid,1,0.65,0.35
가족 1명 연체 시 다른 가구원도 '도미노 부실'… 고차입 가구 위험 2배,"개인의 재무 상태만 따지던 방식에서 벗어나 가구 전체의 소득과 부채를 연계해 분석한 결과 가계부채에... 한은 분석 결과 가구의 총부채원리금상환비율(DSR)이 오를수록 지출을 줄이다가, DSR이 46%를 넘어서는...",https://www.fntoday.co.kr/news/articleView.html?idxno=392308,16,0.6975,1,keep,candidate_hybrid_keep_strong_domain_rule_anchor,16,0.6975,한은;dsr;가계부채,연체;부실,,candidate_hybrid,1,0.65,0.35
"“당신, 이자 밀리면 가족까지 위험한 거 알지?”…‘영끌 가구’ 부실...",소득 1분위 가운데 DSR 46%를 넘는 가구 비중은 2021년 11.4%에서 지난해 14.5%로 확대됐다. 한은은 가계부채 리스크를 관리하는 과정에서 고차입 주택취득가구의 금리 상승에 따른 연체 위험과 가구원 간 신용위험 전이...,https://www.mk.co.kr/article/12146067,12,0.5597,0,drop,candidate_hybrid_gray_drop_generic_anchor_only,12,0.5597,dsr;가계부채,금리;연체;부실,,candidate_hybrid,1,0.65,0.35
"한은 ""영끌 가구, 금리 1%p 오르면 연체확률 0.81%p↑""…가구원 신용위험...",소득 1분위 가운데 DSR 46% 초과 가구 비중은 2021년 11.4%에서 2025년 14.5%로 상승했다. 이는 최근 가계부채 문제를 단순히 '연체율'만으로 판단하기 어렵다는 점을 보여준다. 당장 연체가 발생하지 않더라도 높은 원리금...,https://www.moneystorm.kr/news/articleView.html?idxno=6280,17,0.5079,1,keep,candidate_hybrid_keep_strong_domain_rule_anchor,17,0.5079,한은;연체율;dsr;가계부채,금리,,candidate_hybrid,1,0.65,0.35
"한은, “대출 끌어모아 집 산 가구, 금리 오르면 연체 위험 ‘쑥’”",7일 한은이 발표한 ‘가구 데이터베이스(DB)를 이용한 가계부채 리스크 평가’에 따르면 금리가 0.25%포인트... 부채 상환 부담은 소비에도 영향을 미쳤다. 한은 분석 결과 가구의 총부채원리금상환비율(DSR)이...,https://www.dnews.co.kr/uhtml/view.jsp?idxno=202609071409316170944,16,0.791,1,keep,candidate_hybrid_keep_strong_domain_rule_anchor,16,0.791,한은;dsr;가계부채,금리;대출;연체,,candidate_hybrid,1,0.65,0.35
가구주 연체 땐 가족 연체율 11.1%…'영끌' 가구는 전이 확률 1.9배,"가계부채가 소비를 제약하기 시작하는 임계점은 DSR 46%로 추정됐다. 카드사용액을 소비 대리변수로 삼아 소비함수를 추정한 결과 DSR이 1%포인트 오를 때 카드사용액은 [0.48-1.04×DSR]%만큼 변화해, DSR이 46%를...",https://www.raonnews.com/news/article.html?no=60884,13,0.6925,1,keep,candidate_hybrid_keep_strong_domain_rule_anchor,13,0.6925,연체율;dsr;가계부채,연체,,candidate_hybrid,1,0.65,0.35
한은 “금리 1%p 오르면 '영끌' 가구 연체율 0.81%p 상승”,"특히 DSR 46% 초과 가구 비중은 2021년 이후 증가세를 보였고, 소득 1분위 가구는 2021년 11.4%에서 2025년 14.5%로 상승했다. 이윤하 한국은행 경제통계1국 가계부채미시통계팀 과장은 “가구 DB는 개인 단위 분석에서는...",https://biz.newdaily.co.kr/site/data/html/2026/09/07/2026090700246.html,22,0.6748,1,keep,candidate_hybrid_keep_strong_domain_rule_anchor,22,0.6748,한국은행;한은;연체율;dsr;가계부채,금리,,candidate_hybrid,1,0.65,0.35
"한은 ""부채가구 11.1%, 원리금 부담에 소비 제약""","결과 DSR(총부채원리금상환비율) 임계점은 46%로 나타났으며, 2025년 기준 부채 보유 가구의 11.1%가 이를 웃돌았다. 특히 소득 1분위 가구 중 해당 비중은 2021년 11.4%에서 2025년 14.5%로 상승했다. 보고서는 ""가계부채...",https://www.mediapen.com/news/view/1121780,12,0.6331,1,keep,candidate_hybrid_keep_strong_domain_rule_anchor,12,0.6331,한은;dsr;가계부채,,,candidate_hybrid,1,0.65,0.35
한은 “가족 단위로 보니 '연쇄 부실·소비 절벽' 뚜렷’…숨어있던 가...,"뉴시스 가계부채를 차주 ‘개인’ 단위가 아닌 ‘가구’ 단위로 확장해 분석한 결과, 취약계층의 실질적인... ◆DSR 46% 넘으면 지갑 닫는다… 저소득층 중심으로 ‘소비 절벽’ 과도한 빚은 실물경제의 핵심 축인 내수...",http://www.segyebiz.com/newsView/20260907510421?OutUrl=naver,14,0.5867,1,keep,candidate_hybrid_keep_strong_domain_rule_anchor,14,0.5867,한은;dsr;가계부채,부실,,candidate_hybrid,1,0.65,0.35
"한은 ""금리 1%P 오르면 고차입 주택취득가구 연체확률 0.81%P↑""","보고서는 소비함수 추정 결과, 이러한 전환이 나타나는 DSR 임계점을 46%로 평가하며 2025년 기준 부채 보유 가구 중 DSR이 46%를 초과한 가구는 11.1%라고 설명했다. 보고서는 ""고차입 주택취득 가구를 중심으로 가계부채...",http://www.newsfc.co.kr/news/articleView.html?idxno=80953,13,0.6415,1,keep,candidate_hybrid_keep_strong_domain_rule_anchor,13,0.6415,한은;dsr;가계부채,금리,,candidate_hybrid,1,0.65,0.35
"한은 ""'영끌'로 집 산 가구들 금리 1%p 오르면 연체율 0.81%p↑""",한국은행은 7일 '가구 데이터베이스(DB)를 이용한 가계부채 리스크 평가' 보고서에서 '고차입 주택 취득... 아울러 소득 대비 원리금상환비율(DSR)이 높아질수록 소비가 점차 둔화하다가 DSR이 46%를 넘어서면 감소하는...,https://www.joongangenews.com/news/articleView.html?idxno=546068,22,0.7863,1,keep,candidate_hybrid_keep_strong_domain_rule_anchor,22,0.7863,한국은행;한은;연체율;dsr;가계부채,금리,,candidate_hybrid,1,0.65,0.35
"한은 ""금리 오르면 '영끌' 직격탄…고차입 가구 연체 위험↑"" 경고",한은은 이날 발표한 '가구 데이터베이스(DB)를 이용한 가계부채 리스크 평가'에서 이 같은 결론을... 한은은 이밖에 총부채원리금상환비율(DSR）이 높아질수록 소비가 점차 둔화하다가 DSR이 46%를 넘어서면 감소하는...,https://www.ikbc.co.kr/article/view/kbc202609070031,15,0.7527,1,keep,candidate_hybrid_keep_strong_domain_rule_anchor,15,0.7527,한은;dsr;가계부채,금리;연체,,candidate_hybrid,1,0.65,0.35
"가계 빚 옥죄는 정부, 나라빚은 확대 '이중잣대' … 李 2기 장관 후보는...",가계대출 급증세에 정부는 7월부터 스트레스 총부채원리금상환비율(DSR) 3단계를 시행했다. 사실상 전 업권의 모든 가계대출에 스트레스 금리가 적용된 셈으로 대출 문턱도 한층 높아졌다. 집값과 가계부채를 잡기...,https://biz.newdaily.co.kr/site/data/html/2026/09/07/2026090700075.html,8,0.5233,1,keep,candidate_hybrid_keep_strong_domain_rule_anchor,8,0.5233,dsr;가계부채,대출,,candidate_hybrid,1,0.65,0.35
"'영끌' 가구, 연체 가족간 확산 확률 2배 높아",한국은행 보고서 '가구 데이터베이스(DB)를 이용한 가계부채 리스크 평가'고차입 주택 취득 가구 금리 1%p... 9배 수준 저소득 및 자영업자·법인대표 가구의 금리 민감도 커 소득대비 원리금상환비율(DSR) 46% 넘어서면...,https://www.nocutnews.co.kr/news/6574061?utm_source=naver&utm_medium=article&utm_campaign=20260907015130,15,0.7199,1,keep,candidate_hybrid_keep_strong_domain_rule_anchor,15,0.7199,한국은행;dsr;가계부채,금리;연체,,candidate_hybrid,1,0.65,0.35
빚내 집 산 '영끌족' 비상…금리 1%P 오르면 연체위험 0.81%P↑,한은은 총부채원리금상환비율(DSR)이 높아질수록 가계 소비도 둔화되는 것으로 분석했다. 특히 DSR이 46%를 넘어서면 소비가 감소하는 패턴이 뚜렷해졌다. 지난해 기준 부채 보유 가구 가운데 DSR이 46%를 초과한 가구는...,https://www.dailian.co.kr/news/view/1687290/?sc=Naver,5,0.6707,0,drop,candidate_hybrid_drop_model_keep_without_domain_anchor,5,0.6707,dsr,금리,,candidate_hybrid,1,0.65,0.35
빚 많이 내 집 산 가구…금리 1%p 오르면 연체율 0.81%p↑,"가구원 연체 전이 가능성 8.8%…기존 주택보유가구의 1.9배 부채가구 11.1%, DSR 46% 넘어 소비도 제약... 7일 한국은행 발간한 BOK 이슈노트 '가구DB를 이용한 가계부채 리스크 평가'에 따르면 연구진은 코리아크레딧뷰로...",http://www.metroseoul.co.kr/article/20260907500233,19,0.7319,1,keep,candidate_hybrid_keep_strong_domain_rule_anchor,19,0.7319,한국은행;연체율;dsr;가계부채,금리;연체,,candidate_hybrid,1,0.65,0.35
한은 “고차입 주택취득가구…금리 1%p 오르면 연체 확률 0.81%p 상승”,가구 한 명 연체 시 12개월 이내 8.8%로 급등 DSR 46% 넘으면 소비 감소…해당 가구 11.1% 빚투(빚내서 투자)... 7일 한국은행이 발표한 ‘가구 DB를 활용한 가계부채 리스크 평가’에 따르면 고차입 주택취득가구는...,https://www.nspna.com/news/?mode=view&newsid=827179,20,0.6996,1,keep,candidate_hybrid_keep_strong_domain_rule_anchor,20,0.6996,한국은행;한은;dsr;가계부채,금리;연체,,candidate_hybrid,1,0.65,0.35
"‘영끌’의 후폭풍...고차입 주택가구, 금리 오르면 연체위험 급증",한국은행은 7일 이 같은 내용을 담은 BOK 이슈노트 ‘가구 데이터베이스(DB)를 이용한 가계부채 리스크... 부채 상환 부담이 소비를 제약하기 시작하는 기준으로는 총부채원리금상환비율(DSR) 46%가 제시됐다. 분석 결과...,https://www.m-economynews.com/news/article.html?no=70490,13,0.7666,1,keep,candidate_hybrid_keep_strong_domain_rule_anchor,13,0.7666,한국은행;dsr;가계부채,금리,,candidate_hybrid,1,0.65,0.35
"한은 ""금리 상승에 '영끌' 가구 취약…금리 1% 오르면 연체 확률 0.81%p↑...",한은은 오늘(7일) 발표한 '가구 데이터베이스(DB)를 이용한 가계부채 리스크 평가'에서 이 같은 결론을... 한은은 이밖에 총부채원리금상환비율(DSR)이 높아질수록 소비가 점차 둔화하다가 DSR이 46%를 넘어서면 감소하는...,http://www.yonhapnewstv.co.kr/news/AKR20260907131654MPq,15,0.7338,1,keep,candidate_hybrid_keep_strong_domain_rule_anchor,15,0.7338,한은;dsr;가계부채,금리;연체,,candidate_hybrid,1,0.65,0.35
무리해서 집 샀다가…금리 오르면 가족까지 연체 위험↑,한국은행은 7일 발표한 '가구 데이터베이스(DB)를 이용한 가계부채 리스크 평가'를 통해 이 같은 분석... 한은은 이밖에 총부채원리금상환비율(DSR)이 높아질수록 소비가 점차 둔화하다가 DSR이 46%를 넘어서면 감소하는...,http://www.wowtv.co.kr/NewsCenter/News/Read?articleId=A202609070210&t=NN,15,0.7773,1,keep,candidate_hybrid_keep_strong_domain_rule_anchor,15,0.7773,한국은행;dsr;가계부채,금리;연체,,candidate_hybrid,1,0.65,0.35
"'영끌' 가구 금리상승에 더 취약…""1%오르면 연체율 0.81%P 상승""","DSR 46%를 초과한 소득 1분위 가구 비중은 2021년 11.4%에서 지난해 14.5%로 늘었다. 한은은 ""앞으로 가계부채 리스크를 관리하는 데 있어 고차입 주택취득가구의 금리 상승에 따른 연체 위험과 가구원 간 신용위험 전이...",https://view.asiae.co.kr/article/2026090712140644437,14,0.6344,1,keep,candidate_hybrid_keep_strong_domain_rule_anchor,14,0.6344,연체율;dsr;가계부채,금리;연체,,candidate_hybrid,1,0.65,0.35
"한은 ""고차입 주택 구입 가구, 금리 1%p 오르면 연체 확률 0.81%p 상승""",가계부채 부담이 소비를 제약하는 현상도 확인됐다. 한은은 총부채원리금상환비율(DSR)이 높아질수록 소비 증가세가 점차 둔화하다가 DSR이 46%를 넘어서면 소비가 감소하는 패턴이 나타났다고 설명했다. 지난해 기준...,https://www.youthdaily.co.kr/news/article.html?no=226556,15,0.7377,1,keep,candidate_hybrid_keep_strong_domain_rule_anchor,15,0.7377,한은;dsr;가계부채,금리;연체,,candidate_hybrid,1,0.65,0.35
한은 “집 산 뒤 빚 부담 늘어난 고차입 상위 10%…금리 1%p 오르면 연체...,81%p↑ ㆍ고차입 가구원 연체 시 타 가구원 연체 가능성 2배 ㆍ부채보유가구 11.1% DSR 46% 초과 소비 감소 추정... 한국은행은 7일 발간한 BOK 이슈노트 ‘가구DB를 이용한 가계부채 리스크 평가’(장훈·이인로·장진성...,https://www.chosun.com/economy/market_trend/2026/09/07/5ETN3GMWDBB2FDJGEUMK34VFGA/?utm_source=naver&utm_medium=referral&utm_campaign=naver-news,20,0.6429,1,keep,candidate_hybrid_keep_strong_domain_rule_anchor,20,0.6429,한국은행;한은;dsr;가계부채,금리;연체,,candidate_hybrid,1,0.65,0.35
"""금리 오르면 못 버텨"" 영끌족 연체율 껑충…가족에 위험 전이",저소득층과 자영업자 등 취약 계층의 연체 위험도 함께 커지는 것으로 나타나 금리 상승기 가계부채... 한은 연구진은 소득대비 원리금 상환액(DSR)이 46%를 넘어서는 시점부터 카드 사용액으로 대표되는 소비지출이...,https://www.edaily.co.kr/News/Read?newsId=03004486645577824&mediaCodeNo=257&utm_source=naver&utm_medium=referral&utm_campaign=news_syndication&utm_content=original_article,19,0.7007,1,keep,candidate_hybrid_keep_strong_domain_rule_anchor,19,0.7007,한은;연체율;dsr;가계부채,금리;연체,,candidate_hybrid,1,0.65,0.35
"한은 ""금리 1%p 오르면 '영끌족' 연체확률 0.81%p 상승""",가계부채가 소비를 제약하는 문제도 확인됐다. 소득 대비 원리금 상환액 비율인 DSR이 46%를 넘어가면 소비가 감소하는 패턴이 나타났다. 2025년 기준 부채 보유 가구 중 DSR이 46%를 초과한 가구는 11.1%로 추정됐다. 특히...,https://www.ajunews.com/view/20260907105219334,13,0.6574,1,keep,candidate_hybrid_keep_strong_domain_rule_anchor,13,0.6574,한은;dsr;가계부채,금리,,candidate_hybrid,1,0.65,0.35
빚 진 가구 10곳 중 1곳 “소비 제약”,한국은행 6일 이런 내용을 담은 현안 분석보고서 ‘가구 디비(DB)를 이용한 가계부채 리스크 평가’를... 이 수치는 부채 보유 가구 중 소득 대비 원리금 상환액(DSR)이 46%를 초과한 가구 비중이다. 한은은 “소득 대비...,https://www.hani.co.kr/arti/economy/economy_general/1276568.html,12,0.5975,1,keep,candidate_hybrid_keep_strong_domain_rule_anchor,12,0.5975,한국은행;dsr;가계부채,,,candidate_hybrid,1,0.65,0.35
한은 “고차입 ‘영끌’ 71%가 중·고소득층…금리 오르면 가족 연체 전...,"전체 가계부채의 건전성은 비교적 안정적이지만, 빚을 크게 내 집을 산 이른바 ‘영끌 가구’와... 부채가 소비를 제약하는 기준으로는 총부채원리금상환비율(DSR) 46%가 제시됐다. DSR이 높아질수록 소비 증가세가...",https://www.viva100.com/article/20260907500692,15,0.6432,1,keep,candidate_hybrid_keep_strong_domain_rule_anchor,15,0.6432,한은;dsr;가계부채,금리;연체,,candidate_hybrid,1,0.65,0.35
'영끌' 가구 금리 1%p 오르면 연체확률 0.81%p↑…가족 연체도 1.9배,"총부채원리금상환비율(DSR)이 46%를 넘으면 소비가 감소하는 패턴이 나타났다. 2025년 부채보유가구의 11.1%가 이 기준을 초과했고, 소득 1분위에서는 이 비중이 2021년 11.4%에서 2025년 14.5%로 확대됐다. 한은은 가계부채...",https://www.news1.kr/economy/trend/6282115,8,0.5552,0,drop,candidate_hybrid_gray_drop_generic_anchor_only,8,0.5552,dsr;가계부채,금리,,candidate_hybrid,1,0.65,0.35
"""금리 1%p 오르면 '영끌족' 연체 확률 0.81%p 상승""","한국은행은 7일 발표한 'BOK 이슈노트: 가구 DB를 이용한 가계부채 리스크 평가'에서 ""금리 상승 시에도... 일반적으로 소득 대비 원리금 상환액(DSR)이 높아질수록 소비는 둔화하다가 DSR이 일정 수준을 넘어서면...",http://www.inews24.com/view/2002629,15,0.7183,1,keep,candidate_hybrid_keep_strong_domain_rule_anchor,15,0.7183,한국은행;dsr;가계부채,금리;연체,,candidate_hybrid,1,0.65,0.35
‘영끌족’ 연체 주의보…금리 1%P 상승하면 연체위험 0.81%P 올라,가계부채가 소비를 제약하는 임계점도 확인됐다. 한은은 소득 대비 원리금 상환액 비율인 DSR이 높아질수록 소비가 둔화되다가 일정 수준을 넘으면 소비가 감소하는 것으로 분석했다. 소비함수 추정 결과 소비...,https://www.sedaily.com/article/20087875?ref=naver,10,0.6001,0,drop,candidate_hybrid_gray_drop_generic_anchor_only,10,0.6001,dsr;가계부채,금리;연체,,candidate_hybrid,1,0.65,0.35
"'영끌' 주택구입 가구, 금리 1%p 오르면 연체비율 0.81%p↑",가계부채가 소비를 억누르는 현상도 확인됐다. 연구진은 소득 대비 실제 원리금 상환액 비율(DSR)이 46%를 넘으면 소비가 감소하기 시작한다고 분석했다. 2025년 기준 부채보유가구의 11.1%가 이 임계치를 넘었다. 특히...,https://www.mt.co.kr/economy/2026/09/07/2026090711215384411,8,0.5994,0,drop,candidate_hybrid_gray_drop_generic_anchor_only,8,0.5994,dsr;가계부채,금리,,candidate_hybrid,1,0.65,0.35
한은 ‘영끌’ 경고… ‘연체 가족 전염’ 가능성 2배 높아진다,이번 연구에서는가계부채가 소비를 억누르는 현상도 확인됐다. 한은이 가구의 카드사용액과 총부채원리금상환비율(DSR)의 관계를 분석한 결과 원리금 상환액이 소득의 46%를 넘어서면 소비가 감소하기 시작하는...,https://www.dt.co.kr/article/12082442?ref=naver,14,0.7,1,keep,candidate_hybrid_keep_strong_domain_rule_anchor,14,0.7,한은;dsr;가계부채,연체,,candidate_hybrid,1,0.65,0.35
"'영끌의 전이'···고차입가구, 가구원 1명 연체시 동반 부실 위험 2배","7일 한국은행의 '가구DB를 이용한 가계부채 리스크 평가' 보고서에 따르면, 고차입 주택취득가구에서... 통상 소득대비 원리금상환액(DSR)이 높아질수록 소비는 점차 둔화되다가, DSR이 일정 수준을 넘어서면...",https://www.seoulfn.com/news/articleView.html?idxno=637383,14,0.6728,1,keep,candidate_hybrid_keep_strong_domain_rule_anchor,14,0.6728,한국은행;dsr;가계부채,부실,,candidate_hybrid,1,0.65,0.35
"한은 ""영끌 가구, 금리 1%p 상승시 연체 확률 0.81%p↑""","지난해 기준 부채보유가구 중 DSR 46% 초과 가구는 11.1%로, 이들은 채무 상환 부담으로 소비에 제약이 있는 것으로 추정된다. 한은은 ""가계부채 리스크를 평가, 관리하는 데 있어 가구 단위 정보를 활용하면 리스크를...",https://www.newsis.com/view/NISX20260907_0003779004,15,0.6275,1,keep,candidate_hybrid_keep_strong_domain_rule_anchor,15,0.6275,한은;dsr;가계부채,금리;연체,,candidate_hybrid,1,0.65,0.35
"한은 ""금리 상승에 '영끌' 가구 취약…가구내 신용위험 확산도""","""가구 DSR 46% 넘으면 소비 감소""…가구 DB 새로 구축 주택 구입에 대출을 많이 받은 가구일수록 금리 충격에... 한은은 이날 발표한 '가구 데이터베이스(DB)를 이용한 가계부채 리스크 평가'에서 이 같은 결론을...",https://www.yna.co.kr/view/AKR20260907066900002?input=1195m,13,0.677,1,keep,candidate_hybrid_keep_strong_domain_rule_anchor,13,0.677,한은;dsr;가계부채,금리,,candidate_hybrid,1,0.65,0.35
금리 1%p 오르면 대출 부담 큰 가구 연체 확률 0.81%p↑…평균의 1.5배,"한국은행은 오늘(7일), 이 같은 내용의 '가구 데이터베이스(DB)를 이용한 가계부채 리스크 평가' 분석 결과를... 소비함수 추정 결과, 소득 대비 원리금 상환액인 DSR이 46%를 넘으면 채무 상환 부담으로 소비가 감소하는...",https://news.kbs.co.kr/news/pc/view/view.do?ncd=8656427&ref=A,16,0.5984,1,keep,candidate_hybrid_keep_strong_domain_rule_anchor,16,0.5984,한국은행;dsr;가계부채,금리;대출;연체,,candidate_hybrid,1,0.65,0.35
"한은 “‘부동산 영끌’ 가구, 금리 1%P 오르면 대출 연체 확률 0.81%P 상...","한국은행은 이같은 내용을 담은 ‘가구 DB를 이용한 가계부채 리스크 평가’ 보고서를 이날 발표했다.... 소득 대비 원리금 상환액(DSR)이 46%를 초과하면 소비가 감소하는 패턴이 보이는데, 작년 기준 부채 보유 가구 중...",https://biz.chosun.com/policy/policy_sub/2026/09/07/E3YELXAAEZGYXIBH6DC5HLNXSQ/?utm_source=naver&utm_medium=original&utm_campaign=biz,21,0.6371,1,keep,candidate_hybrid_keep_strong_domain_rule_anchor,21,0.6371,한국은행;한은;dsr;가계부채,금리;대출;연체,,candidate_hybrid,1,0.65,0.35
집 사려고 빚냈다가 가족까지 '연체 도미노',"이번 분석에서는 빚이 가계 소비를 본격적으로 제약하는 총부채원리금상환비율(DSR) 범위도 산출했습니다. 한국은행이 가구의 카드 사용액 등을 토대로 소비함수를 추정한 결과, 소득 대비 원리금 상환액을 나타내는...",https://biz.sbs.co.kr/article_hub/20000333115?division=NAVER,11,0.7108,1,keep,candidate_hybrid_keep_strong_domain_rule_anchor,11,0.7108,한국은행;dsr,연체,,candidate_hybrid,1,0.65,0.35
중산층 '영끌'도 예외 없다⋯금리 1%p 오르면 저소득층 수준 '휘청',"이투데이=배근미 기자 | 한은, 7일 '가구DB 이용한 가계부채 리스크' 이슈노트 발표 가구주 연체 시 다른... 보고서에 따르면 소득 대비 원리금 상환액(DSR)이 46%를 넘어설 경우 소비가 둔화세를 넘어 순감소로 돌아서는...",https://www.etoday.co.kr/news/view/2622603,15,0.7023,1,keep,candidate_hybrid_keep_strong_domain_rule_anchor,15,0.7023,한은;dsr;가계부채,금리;연체,,candidate_hybrid,1,0.65,0.35
서울 내 집 마련…'브라운스톤 월곡 센트럴' 특별 공급 분양가는?,최근 발표된 가계부채 관리 강화 방안에 따라 잔금 대출에 대한 총부채원리금상환비율(DSR) 규제가 한층 강화되었다. 추후 입주 시점에 금융기관으로부터 개인별 대출 한도가 축소되거나 대출 자체가 거부될 위험이...,https://www.wikitree.co.kr/articles/1157723,8,0.603,0,drop,candidate_hybrid_gray_drop_no_domain_anchor,8,0.603,dsr;가계부채,대출,,candidate_hybrid,1,0.65,0.35
"“수급도 금리도 원화 편”...원화 강세, 일시적 반등 넘어섰나",한국은행 금융통화위원회(금통위)는 7월과 8월 기준금리를 각각 0.25%포인트(p) 인상했다. 고환율의 '범인' 중 하나로 불리던 금리 동결 기조를 인상으로 전환한 것이다. 이 과정에서 7월 중순 환율이 1400원대로 진입했고...,https://www.ekn.kr/web/view.php?key=20260908024011692,10,0.8641,1,keep,candidate_hybrid_keep_strong_domain_rule_anchor,10,0.8641,한국은행;기준금리,금리;원화,,candidate_hybrid,1,0.65,0.35
주택담보대출 연체 3년반만에 2배 넘게 급증...금리인상기 영끌족·은행...,주택담보대출 연체 규모가 급증한 상황에서 기준금리 인상에 따른 대출금리 연쇄상승은 영끌족 차주들에게 직격탄이 될 수 있다는 우려가 나온다. 한국은행 경제연구원은 전날 발표한 '가구DB(데이터베이스)를...,https://www.livebiz.today/news/articleView.html?idxno=204705,13,0.8047,1,keep,candidate_hybrid_keep_strong_domain_rule_anchor,13,0.8047,한국은행;은행;기준금리,연체,,candidate_hybrid,1,0.65,0.35
'공사채 시장의 중심 LH'…폭발적 부채 증가에 금리 상승 우려,"시장 일각에서는 한국은행의 기준금리 인상 기조와 맞물려, LH 중심의 공사채 발행 확대가 채권시장 전체의 수급 구조에 미치는 영향에 대해 신중한 주의가 필요하다는 목소리가 나온다.",https://www.ppss.kr/news/articleView.html?idxno=309352,9,0.8486,1,keep,candidate_hybrid_keep_strong_domain_rule_anchor,9,0.8486,한국은행;기준금리,금리,,candidate_hybrid,1,0.65,0.35
시중 금리 오르자 ‘10년 이상 금리 고정 주택담보대출’ 다시 꺼낸 금...,한국은행은 3년 6개월 만에 기준금리를 올린 지난 7월에 이어 8월에도 ‘백투백(back to back·연속)’ 인상을 단행했다. JP모건 등 주요 투자은행(IB)에서는 현재 연 3%인 기준금리가 3.75%까지 오를 것이란 관측도 나온다....,https://www.chosun.com/economy/economy_general/2026/09/08/IBNEMY4ASRH6FEAQLSDGRT4RHM/?utm_source=naver&utm_medium=referral&utm_campaign=naver-news,9,0.88,1,keep,candidate_hybrid_keep_strong_domain_rule_anchor,9,0.88,한국은행;기준금리,금리,,candidate_hybrid,1,0.65,0.35
[최석원 칼럼] 주주환원보다 중요한 건 합리적 거버넌스에 대한 믿음,"미국채 금리는 10년물 기준 4.8% 근처로 올라와 있고, 한국은행은 7월에 이어 8월에도 기준금리를 인상했다. 그리고 글로벌 금리 상승은 증시를 압박하고 있다. 원·달러환율은 우리나라 수출기업들의 원화 표시 매출·이익...",http://www.opinionnews.co.kr/news/articleView.html?idxno=144095,14,0.7621,1,keep,candidate_hybrid_keep_overseas_korean_market_impact,14,0.7621,한국은행;기준금리;미국채 금리,금리;원화,,candidate_hybrid,1,0.65,0.35
AI는 생산성 높이는데 왜 물가는 오를까?[마은성의 이코노믹뷰],한국은행이 7월에 이어 8월에도 기준금리를 올리며 48개월 만에 두 달 연속 금리인상에 나섰다. 올해 성장률 전망치도 3.3%로 상향 조정했다. 반도체 호황에 힘입어 우리 경제가 예상보다 강한 성장세를 보이는 가운데...,https://magazine.hankyung.com/business/article/202609028914b,8,0.8074,1,keep,candidate_hybrid_keep_strong_domain_rule_anchor,8,0.8074,한국은행;기준금리,,,candidate_hybrid,1,0.65,0.35
"공사채 시장 최대 발행주체 부상한 LH…""수급 좌우 전망""",특히 시장에서는 한국은행의 기준금리 인상 기조가 지속되는 가운데 당장 내년부터 쏟아질 LH의 대규모 공사채 물량이 발행시장에서 금리를 끌어올리는 요인으로 작용할 수 있다고 우려한다.,https://www.yna.co.kr/view/AKR20260907121600008?input=1195m,8,0.8066,1,keep,candidate_hybrid_keep_strong_domain_rule_anchor,8,0.8066,한국은행;기준금리,,,candidate_hybrid,1,0.65,0.35
[KFT 모닝 브리프] 2026.09.08 — 오늘 꼭 알아야 할 국내외 경제·시장 ...,"28달러/배럴(9월 4일 종가 기준) ▲인사이트: 유가는 국내 정유·화학 기업의 원가와 소비자물가 상승률에 직결되는데, 최근 국내 물가 상승률이 다시 3%대로 올라선 상황에서 유가가 추가로 튀어 오르면 한국은행의...",https://www.fntimes.com/html/view.php?ud=202609080718148101141825007d_18,5,0.6133,0,drop,candidate_hybrid_gray_drop_score_lt_threshold,5,0.6133,한국은행,,,candidate_hybrid,1,0.65,0.35
[핀테크핫이슈] 빗장 풀린 금융 망분리 규제...'140조' 몰린 핀테크 투자,지원 한국은행의 연이은 기준금리 인상에도 대출금리는 상품별 지표와 금리 재산정 주기에 따라 서로 다른 속도로 움직이고 있다. 금리 부담이 커지면서 올해 상반기 은행권 금리인하요구권 신청은 267만9000건으로 직전...,https://www.digitaltoday.co.kr/news/articleView.html?idxno=698729,14,0.7233,1,keep,candidate_hybrid_keep_strong_domain_rule_anchor,14,0.7233,한국은행;은행권;기준금리,금리;금융,,candidate_hybrid,1,0.65,0.35
큰 손 빠진 채권시장…보험사 이탈에 시장 불안 우려,이날 3년물 금리는 3.884%로 한국은행 기준금리 인상이 시작된 7월 16일(3.848%)보다 0.036%포인트 오른 데 그쳤으나 30년물은 4.468%에서 4.636%로 0.168%포인트 뛰었다. 문제는 금리가 더 오를 경우 보험사가 킥스 관리를 위해...,https://www.sedaily.com/article/20088154?ref=naver,16,0.7738,1,keep,candidate_hybrid_keep_strong_domain_rule_anchor,16,0.7738,한국은행;보험사;킥스;기준금리,,,candidate_hybrid,1,0.65,0.35
“매달 126만원 냈는데 190만원 내라고요?”…5년 전 ‘3% 영끌’의 역습...,한국은행 기준금리가 3%대로 올라선 것은 2024년 11월 이후 1년9개월 만이다. 한은은 수출 호조와 내수 회복으로 국내 경제 성장세가 예상보다 강한 가운데 물가상승률이 상당 기간 목표 수준을 웃돌 것으로 전망되고...,https://www.segye.com/newsView/20260908501814?OutUrl=naver,8,0.6659,1,keep,candidate_hybrid_keep_strong_domain_rule_anchor,8,0.6659,한국은행;기준금리,,,candidate_hybrid,1,0.65,0.35
[환율 급락 파장] 자본시장 경계감 급상승,"한국은행이 지난 7월과 8월 연속으로 기준금리를 각각 0.25%포인트(p) 올린 데는 원화가치 하락 방지 목적도 있었는데, 원화가치가 강해지면서 추후 기준금리 결정에 환율이 미치는 영향은 약하게 됐다. haeseok@",https://www.dnews.co.kr/uhtml/view.jsp?idxno=202609071343212830938,11,0.8731,1,keep,candidate_hybrid_keep_strong_domain_rule_anchor,11,0.8731,한국은행;환율;기준금리,,,candidate_hybrid,1,0.65,0.35
"[환율 급락 파장] 급락하는 환율, 방향타 잡아라","수출기업의 달러 매도와 한국은행의 연속적인 기준금리 인상, 엔화 강세 등이 맞물려 원화 가치가 상승한 영향이다. 문제는 이로 인해 반도체와 자동차 등 주력 수출기업의 이익 하락과 수출 중심의 우리경제에...",https://www.dnews.co.kr/uhtml/view.jsp?idxno=202609071501569260969,13,0.6187,1,keep,candidate_hybrid_keep_strong_domain_rule_anchor,13,0.6187,한국은행;환율;기준금리,달러;원화,,candidate_hybrid,1,0.65,0.35
"""한 달 새 40% 가깝게 뛰었네""…보험주에 돈 몰리는 이유 있었다 [분석+...",한국은행이 두 달 연속 기준금리를 올린 가운데 오는 10일부터 자동차보험 경상환자의 장기 치료를 제한하는 이른바 '8주 룰'도 시행된다. 증권가는 금리와 제도 변화가 보험사의 자본 및 이익 개선으로 이어질 것으로...,https://www.hankyung.com/article/2026090791456,8,0.6832,1,keep,candidate_hybrid_keep_strong_domain_rule_anchor,8,0.6832,한국은행;기준금리,,,candidate_hybrid,1,0.65,0.35
"연 3.75% 산금채 금리…산은, 국민성장펀드 초저금리대출 부담만 가중",한국은행의 기준금리 인상 가능성이 연 3.50%까지 열려있기 때문에 국내 채권시장의 금리상승세는 당분간 지속될 수밖에 없다. 이달 15~16일 예정된 미국 연방공개시장위원회(FOMC)에서 동결기조가 확인되면 이달 말까지...,https://www.dnews.co.kr/uhtml/view.jsp?idxno=202609071441265720956,26,0.8475,1,keep,candidate_hybrid_keep_overseas_korean_market_impact,26,0.8475,한국은행;기준금리;산은;국민성장펀드;성장펀드;국내 채권시장,금리,,candidate_hybrid,1,0.65,0.35
[마켓 인사이트] 원화 이어 엔화까지 강해진다…'달러 약세' 넘어 환율...,불과 두 달 전까지만 해도 한국과 일본 외환시장을 관통하던 공통의 키워드는 '통화 약세'였다. 원화는... 시장에서는 일본은행이 이달 17~18일 금융정책결정회의와 이후 회의에서 기준금리를 추가로 인상할 가능성에도...,https://www.moneystorm.kr/news/articleView.html?idxno=6298,12,0.7209,1,keep,candidate_hybrid_keep_strong_domain_rule_anchor,12,0.7209,환율;기준금리;외환시장,달러;원화,,candidate_hybrid,1,0.65,0.35
은행 예금·증권사 발행어음 금리 줄줄이 상승...3개월 새 최대 0.6%포인...,"금융권 관계자는 ""한국은행 기준금리 인상과 더불어 상품 경쟁력 강화 차원에서 시장 상황에 맞춰 상품 금리를 조정하고 있다""고 밝혔다. [소비자가만드는신문=]",http://www.consumernews.co.kr/news/articleView.html?idxno=763118,15,0.8232,1,keep,candidate_hybrid_keep_strong_domain_rule_anchor,15,0.8232,한국은행;은행;증권사;기준금리,금리,,candidate_hybrid,1,0.65,0.35
[데이터&뉴스] 예탁금 이용료율 100만 원 이하 미래에셋 '최고'...100만 원...,최근 한국은행이 기준금리를 연달아 인상하면서 예탁금이용료율 인상 여부에도 투자자들의 관심이 모아지고 있다. 8일 금융투자협회에 따르면 자기자본 상위 10개 증권사의 투자자예탁금 이용료율은 100만 원 기준...,http://www.consumernews.co.kr/news/articleView.html?idxno=763124,8,0.6596,1,keep,candidate_hybrid_keep_strong_domain_rule_anchor,8,0.6596,한국은행;기준금리,,,candidate_hybrid,1,0.65,0.35
[논현논단-유병규 칼럼] K자형 성장구조 속 금리인상의 명암,이투데이=유병규 前 산업연구원장 | 양극화 심화에 사회불안정 우려 커 내수 집중된 긴축충격에 정책 왜곡 정교한 통화·재정 정책조합 필요해 한국은행은 8월 27일 기준금리를 연 2.75%에서 3.0%로 올렸다. 보기 드물게 연속...,https://www.etoday.co.kr/news/view/2622788,8,0.8201,1,keep,candidate_hybrid_keep_strong_domain_rule_anchor,8,0.8201,한국은행;기준금리,,,candidate_hybrid,1,0.65,0.35
"3억 빌린 당산동 집, 이자 월 160만원...'영끌' 30대 한숨",하지만 한국은행의 기준금리 인상으로 금리가 5.2%까지 올라 이자를 30만원 이상 더 내야 하는 처지에 놓였다. 한국은행이 기준금리를 연이어 올리면서 대출을 끼고 집을 산 실거주자들이 어려움을 겪고 있다. 고정금리...,https://www.fnnews.com/news/202609071506255809,8,0.7954,1,keep,candidate_hybrid_keep_strong_domain_rule_anchor,8,0.7954,한국은행;기준금리,,,candidate_hybrid,1,0.65,0.35
"""당장 싼 금리냐, 더 많은 한도냐""…주담대 차주들 '골머리'",한국은행에 따르면 지난 7월 예금은행이 신규 취급한 주담대 중 고정형 금리 비중은 31.9%로 지난 2014년 2월(31.8%) 이후 12년 5개월 만에 최저 수준으로 떨어졌다. 예컨대 주담대 3억원을 지난 7월 신규취급액 기준 은행...,https://www.newsis.com/view/NISX20260907_0003779868,9,0.6237,1,keep,candidate_hybrid_keep_strong_domain_rule_anchor,9,0.6237,한국은행;은행,금리,,candidate_hybrid,1,0.65,0.35
"“코스피 수익 기준으로 역사점 저점 지나고 있어, 연말 전 9300 뚫을 것...","최근 한국은행의 연속적인 기준금리 인상과 미국 국채 금리 급등으로 시장의 불안감이 커졌지만, 문 연구원은 “올해 4분기 코스피 지수는 9300선까지 도달할 수 있으며, 주도주인 반도체에 대한 투자는 여전히...",https://www.chosun.com/economy/money/2026/09/08/EWRS6CMGVJFANAUBSSI4GBSI7U/?utm_source=naver&utm_medium=referral&utm_campaign=naver-news,14,0.6293,1,keep,candidate_hybrid_keep_strong_domain_rule_anchor,14,0.6293,한국은행;국채;기준금리,금리;코스피,,candidate_hybrid,1,0.65,0.35
환율 1340원… 12년간 막힌 ‘국민소득 4만달러 클럽’ 보인다,한국은행과 세계은행(WB)에 따르면 대만은 지난해 1인당 GNI가 4만 달러를 넘어섰지만 인구가 2300만... 미 연방준비제도(Fed)가 기준(정책)금리 인상에 나서거나 주요국 장기 국채 급등이 재연될 때도 환율 상승을 재차...,https://www.donga.com/news/Economy/article/all/20260908/134623191/2,17,0.7734,1,keep,candidate_hybrid_keep_strong_domain_rule_anchor,17,0.7734,한국은행;fed;환율;국채,금리,,candidate_hybrid,1,0.65,0.35
"ECB, 물가 반등 배후로 '호르무즈 차질' 지목…수요 과열 아닌 공급 충격","대외 원자재 의존도가 높은 한국 경제는 수입단가 상승에 따른 원가 압박을 받는 동시에, 중앙은행의 기준금리 인하 운용 공간이 좁아지는 제약 국면에 놓였다는 관측이 나온다. 호르무즈 봉쇄가 촉발한 에너지 비용...",https://www.g-enews.com/view.php?ud=202609071931392911fbbec65dfb_1,7,0.5838,0,drop,candidate_hybrid_gray_drop_generic_anchor_only,7,0.5838,ecb;기준금리,,,candidate_hybrid,1,0.65,0.35
장중 1330원대 찍은 환율… 1인당 GNI 첫 4만 달러 눈앞,문정희 KB국민은행 연구원은 “한국의 반도체 기업들이 해외에서 달러화로 받은 수출 대금을 원화로... 연일 기준금리 인하도 압박하고 있다. 연준이 인플레이션을 억제할 수단으로 금리 인상을 단행하지 않으면...,https://www.kmib.co.kr/article/view.asp?arcid=9000010005&cp=nv,8,0.4725,0,drop,candidate_hybrid_gray_drop_generic_anchor_only,8,0.4725,환율;기준금리,금리;달러,,candidate_hybrid,1,0.65,0.35
[경제시평] 고금리시대와 부동산 시장 셈법,한국은행이 기준금리를 추가적으로 더 올릴 것으로 예상되면서 부동산시장에서도 적지 않은 긴장이 감돈다. 지난달 공개된 한국은행 금융통화위원들의 점도표에 시선이 모인다. 6개월 뒤 금리 전망 점도표(총 21개...,https://www.kmib.co.kr/article/view.asp?arcid=9000009966&cp=nv,9,0.882,1,keep,candidate_hybrid_keep_strong_domain_rule_anchor,9,0.882,한국은행;기준금리,금리,,candidate_hybrid,1,0.65,0.35
"한은 ""DSR 46% 넘으면 소비 감소""… 부채 가구 11%가 채무 부담에 소비 ...","작년 기준 부채 보유 가구 중 DSR이 46%를 초과한 비중은 11.1%였다. 한국은행은 ""고차입 주택 취득 가구의 금리 상승에 따른 연체 위험과 가구원 간 신용위험 전이 가능성, 저소득 가구의 높은 채무 상환 부담에...",https://www.cbci.co.kr/news/articleView.html?idxno=604514,17,0.6442,1,keep,candidate_hybrid_keep_strong_domain_rule_anchor,17,0.6442,한국은행;한은;dsr,금리;연체,,candidate_hybrid,1,0.65,0.35
영끌가구 비상…“금리 1%P 오르면 연체비율 0.81%P 뛴다”,"한국은행이 두 달 연속 기준금리 인상에 나선 가운데, 빚을 낸 가구의 신용 위험이 더 커지는 부작용이 예고됐다. 7일 장훈 한은 경제연구원 금융통화연구실 과장 등 연구진은 ‘가구 데이터베이스(DB)를 이용한...",https://www.joongang.co.kr/article/25459877,14,0.7933,1,keep,candidate_hybrid_keep_strong_domain_rule_anchor,14,0.7933,한국은행;한은;기준금리,금리,,candidate_hybrid,1,0.65,0.35
"[포커스] '공급 가속' 우리銀, 금리는 브레이크…서민금융 '투 트랙' 주...",한국은행 금융통화위원회는 지난달 기준금리를 연 2.75%에서 3.00%로 0.25%p 올렸다. 가계대출 관리가 이어지는 가운데 기준금리까지 다시 오르면서 은행권도 취약차주에게 공급할 자금의 규모뿐 아니라 실제 금융비용을...,https://www.startuptoday.co.kr/news/articleView.html?idxno=812211,8,0.8553,1,keep,candidate_hybrid_keep_strong_domain_rule_anchor,8,0.8553,한국은행;기준금리,,,candidate_hybrid,1,0.65,0.35
"BNK경남은행, 3천억원 규모",BNK경남은행은 한국은행 기준금리 및 시장금리 변동을 반영해 3천억원 규모의 'BNK 프리미엄 정기예금'을 특별 판매 중이라고 7일 밝혔다. 정기예금은 가입기간이 12개월과 13개월로 나뉘며 우대금리 조건 충족에...,http://www.ujeil.com/news/articleView.html?idxno=391651,8,0.4782,1,keep,candidate_hybrid_keep_strong_domain_rule_anchor,8,0.4782,한국은행;기준금리,,,candidate_hybrid,1,0.65,0.35
"LH 사내 대출 기준, 정부 지침 위배","3분기 기준 정부 기준인 한국은행 공표 은행가계자금 대출금리보다 1% 이상 유리하다. 주택 구입자금의 경우 정부 지침은 주택담보인정비율(LTV)을 적용하고 대출 물건에 근저당을 설정하도록 규정했으나, LH...",https://www.gnnews.co.kr/news/articleView.html?idxno=644950,9,0.6599,1,keep,candidate_hybrid_keep_strong_domain_rule_anchor,9,0.6599,한국은행;ltv,대출,,candidate_hybrid,1,0.65,0.35
"""작년 저점 깼다""…1340원대로 하락한 환율, 단기 바닥은? [분석+]",증권가에선 경상수지 흐름이 자본 유출 압력을 둔화시키고 있다면서도 미 중앙은행(Fed)의 금리 인상... 한국 기준금리(연 3.0%)와 미국 정책금리 상단(연 3.75%)의 차이는 0.75%포인트로 2022년 9월 이후 최소폭으로...,https://www.hankyung.com/article/2026090790556,12,0.7093,0,drop,candidate_hybrid_drop_model_keep_without_domain_anchor,12,0.7093,fed;환율;기준금리,금리,,candidate_hybrid,1,0.65,0.35
8·3대책 여파 강남3구 수억원씩 뚝뚝… 8월 신고가 100건대,"이와 관련, 한국은행은 지난 7월과 8월 금융통화위원회에서 기준금리를 각각 0.25%p씩 추가 인상했다. 이에 따라 기준금리는 1년 9개월 만에 3%로 올라섰다. 함영진 우리은행 부동산리서치랩장은 ""이미 대부분...",https://www.fnnews.com/news/202609071832175250,8,0.8375,1,keep,candidate_hybrid_keep_strong_domain_rule_anchor,8,0.8375,한국은행;기준금리,,,candidate_hybrid,1,0.65,0.35
정부 기준 비껴간 LH 사내대출...'한도 높이고 금리 낮췄다',"금리도 정부 기준보다 낮은 것으로 알려졌다. LH 임차자금 대출금리는 공사의 가중평균 차입이자율을 적용한 3.28%로, 한국은행이 공표한 은행 가계대출 금리 4.46%보다 낮은 수준이다. 구입자금 대출 역시 정부 지침과...",https://www.thepublic.kr/news/articleView.html?idxno=317864,10,0.6285,1,keep,candidate_hybrid_keep_strong_domain_rule_anchor,10,0.6285,한국은행;은행,금리;대출,,candidate_hybrid,1,0.65,0.35
"‘대출 금리 8%’까지 뛴다는데…변동 vs 고정, 뭐가 이득? [이슈콘서트...",한국은행이 두 달 연속 기준금리를 올리면서 다시 기준금리 3%대 시대가 열렸습니다. 추가 인상 가능성까지 거론되면서 대출을 앞둔 분들의 고민도 커지고 있는데요. 지금은 비싸도 금리 상승 걱정 없는 고정금리냐...,https://news.kbs.co.kr/news/pc/view/view.do?ncd=8656669&ref=A,10,0.8513,1,keep,candidate_hybrid_keep_strong_domain_rule_anchor,10,0.8513,한국은행;기준금리,금리;대출,,candidate_hybrid,1,0.65,0.35
‘환율 1330원대’ 1년11개월만에 최저,한국은행의 2연속 기준금리 인상에 따른 한·미 금리차 축소도 원화를 끌어올린 요인으로 꼽힌다. 원·달러 환율이 내려가면 경상수지 흑자 증가와 함께 원유·원자재 등 수입물가 하락에 따른 정부의 물가 안정...,https://www.fnnews.com/news/202609071807216602,12,0.8054,1,keep,candidate_hybrid_keep_strong_domain_rule_anchor,12,0.8054,한국은행;환율;기준금리,달러,,candidate_hybrid,1,0.65,0.35
[외환-마감] 'V'자 그린 환율…2024년 10월 후 최저 경신,"7일 서울외환시장에서 달러-원 환율은 오후 3시 30분 기준 전 거래일 서울장 종가 대비 9.90원 내린 1,340.... 이달 연준의 금리 결정 방향을 좌우할 지표로 꼽힌다. 한국은행은 8일 오전 8시에 2분기 국내총생산(GDP)...",https://news.einfomax.co.kr/news/articleView.html?idxno=4433792,14,0.5223,1,keep,candidate_hybrid_keep_strong_domain_rule_anchor,14,0.5223,한국은행;환율;외환시장,금리;달러,,candidate_hybrid,1,0.65,0.35
원화값 두 달새 200원 치솟자 … 국민연금 환헤지 중단,"최근 한미 금리 차가 축소된 데다 한국은행이 추가로 기준금리를 인상할 수 있고, 수출 기업의 달러 매도 물량이 계속 나올 가능성이 크다는 점은 원화 강세 요인이다. 오는 11월 중간선거를 앞두고 도널드 트럼프 미국...",https://www.mk.co.kr/article/12146455,11,0.6746,1,keep,candidate_hybrid_keep_strong_domain_rule_anchor,11,0.6746,한국은행;기준금리,금리;달러;원화,,candidate_hybrid,1,0.65,0.35
[창간특집] 은행이 막아도 늘어난다…2000조 가계빚에 커지는 '대출 수요...,한국은행이 지난달 기준금리를 2.75%에서 3.00%로 올리며 금리 부담이 높아졌지만 가계의 대출 수요는 좀처럼 꺾이지 않는 모습이다. 2분기 말 가계신용은 2000조원을 넘어섰고 은행권 가계대출도 증가세를 이어갔다....,https://www.ezyeconomy.com/news/articleView.html?idxno=239477,14,0.6176,1,keep,candidate_hybrid_keep_strong_domain_rule_anchor,14,0.6176,한국은행;은행권;기준금리,금리;대출,,candidate_hybrid,1,0.65,0.35
“시장 안전판이었는데”…주식투자 쏠림에 국고채 금리 더 뛴다,이날 국고채 3년물 금리는 3.884%로 한국은행 기준금리 인상이 시작된 7월 16일(3.848%) 대비 0.036%포인트 올랐으나 30년물 금리는 4.468%에서 4.636%로 0.168%포인트 상승했다. 글로벌 채권시장 불안 속에 보험사의 초장기물...,https://www.sedaily.com/article/20088133?ref=naver,9,0.7781,1,keep,candidate_hybrid_keep_strong_domain_rule_anchor,9,0.7781,한국은행;기준금리,금리,,candidate_hybrid,1,0.65,0.35
"대출로 벌었지만 부실도 늘어… 5대 은행, 건전성 심상찮다","5대 은행의 핵심 수익원인 이자수익을 떠받쳐온 대출자산에서 부실이 심화되고 있는데, 이를 견뎌낼 수 있는 여력은 되레 줄어들고 있기 때문이다.여기에 한국은행이 두 차례 연속 기준금리를 올린 데다 추가 인상...",https://www.asiatoday.co.kr/kn/view.php?key=20260908010002686,13,0.8826,1,keep,candidate_hybrid_keep_strong_domain_rule_anchor,13,0.8826,한국은행;은행;기준금리,건전성,,candidate_hybrid,1,0.65,0.35
금리 상승·환율 하락에 은행주 ‘방긋’… 하나금융 3%대 상승률,지난 27일 한국은행 금융통화위원회는 기준금리를 연 2.75%에서 3.00%로 25bp 인상했다. 지난달에 이어 이달에도 인상 결정을 내린 것이다. 금통위가 기준금리를 연달아 인상한 것은 지난 2022년 4월부터 2023년...,https://www.ceoscoredaily.com/page/view/2026090716113888170,12,0.9226,1,keep,candidate_hybrid_keep_strong_domain_rule_anchor,12,0.9226,한국은행;환율;기준금리,금리,,candidate_hybrid,1,0.65,0.35
LH 직원 주택대출 한도 1억4000만원…정부 기준의 2배,LH가 적용하는 임차자금 대출금리는 공사의 가중평균 차입이자율을 적용한 3.28%로 정부 기준인 한국은행 공표 은행가계자금 대출금리(3분기 기준 4.46%)보다 낮은 수준이다. 주택 구입자금 대출도 정부 지침과 차이가...,https://www.kukinews.com/article/view/kuk202609070202,5,0.6259,0,drop,candidate_hybrid_gray_drop_score_lt_threshold,5,0.6259,한국은행,,,candidate_hybrid,1,0.65,0.35
"170조 부채공룡 LH, 직원엔 ‘지침 2배·LTV 면제’ 황제대출 펑펑","LH가 적용하는 사내 임차 자금 대출금리는 공사의 가중평균 차입이자율에 따른 3.28%로, 정부 기준인 한국은행 공표 은행가계자금 대출금리(3분기 기준 4.46%)보다 유리했다. 주택 구입 자금과 관련한 정부 지침도...",https://www.dt.co.kr/article/12082569?ref=naver,8,0.6787,1,keep,candidate_hybrid_keep_strong_domain_rule_anchor,8,0.6787,한국은행;ltv,,,candidate_hybrid,1,0.65,0.35
"""더 떨어질 줄 알았는데""...환율 1330원대서 낙폭 반납한 이유","미국의 고용 호조로 9월 기준금리 인상 가능성이 50%대로 높아졌지만, 전문가들은 여전히 연준의 금리 동결... 한국은행은 반도체 수출 호조를 바탕으로 올해와 내년 경상수지 흑자를 각각 4,500억 달러와 4,300억 달러로...",https://www.wowtv.co.kr/NewsCenter/News/Read?articleId=A202609070313&t=NNv,12,0.6836,1,keep,candidate_hybrid_keep_strong_domain_rule_anchor,12,0.6836,한국은행;환율;기준금리,금리,,candidate_hybrid,1,0.65,0.35
"[채권마감] 3년 금리 사흘만 3.9% 재등정, 미국 물가지표 대기속 한산","한국은행 기준금리(현 3.00%)와 국고3년물간 금리차는 90.0bp로 확대됐다. 대표적 장단기금리차이인 국고10년물과 3년물간 스프레드는 0.9bp 벌어진 48.5bp를 보였다. 반면, 국고30년물과 10년물간 금리차는 3.0bp...",https://www.etoday.co.kr/news/view/2622771,12,0.711,1,keep,candidate_hybrid_keep_strong_domain_rule_anchor,12,0.711,한국은행;스프레드;기준금리,금리,,candidate_hybrid,1,0.65,0.35
"금리 인상에 은행으로 돈 몰릴라…증권사, 발행어음·ELB·CMA 승부수","한국은행의 기준금리 인상 기조가 지속되면서 은행권과 증권업계 간 자금조달 경쟁이 다시 부각되고 있다. 금리가 오르면 안전자산 선호가 강해지면서 은행권으로 자금이 이동할 가능성이 커지는 만큼, 증권사들은...",http://www.wikileaks-kr.org/news/articleView.html?idxno=191744,12,0.827,1,keep,candidate_hybrid_keep_strong_domain_rule_anchor,12,0.827,한국은행;증권사;기준금리,금리,,candidate_hybrid,1,0.65,0.35
반도체 주주환원이 끌어내린 환율…‘강한 원화’ 경제 판도 바꾼다,종가 기준 2024년 10월 4일 1333.7원 이후 약 23개월 만의 최저다. 장중에는 1334.7원까지 떨어졌다. 주목할 점은... 한국은행의 통화정책 부담도 완화될 수 있다. ‘환율 하락→수입물가 안정→물가 부담 완화→시장금리...,https://www.ddaily.co.kr/page/view/2026090717044274389,9,0.6053,1,keep,candidate_hybrid_keep_strong_domain_rule_anchor,9,0.6053,한국은행;환율,원화,,candidate_hybrid,1,0.65,0.35
66.5억 신고가 찍었는데... 4개월 만에 58억 급매,"이와 관련, 한국은행은 지난 7월과 8월 금융통화위원회에서 기준금리를 각각 0.25%p씩 추가 인상했다. 이에 따라 기준금리는 1년 9개월 만에 3%로 올라섰다. 함영진 우리은행 부동산리서치랩장은 ""이미 대부분...",https://www.fnnews.com/news/202609070926189192,8,0.84,1,keep,candidate_hybrid_keep_strong_domain_rule_anchor,8,0.84,한국은행;기준금리,,,candidate_hybrid,1,0.65,0.35
"수출은 뛰는데 내수는 '찬바람'···현대硏 ""통화정책 과잉대응 우려""",한편 한국은행 금융통화위원회는 최근 2번의 회의 모두 기준금리를 0.25%p(포인트)씩 올리는 백투백 인상을 단행하며 연 3.00%로 높였다. 백투백 인상은 지난 2022년 4월~2023년 1월 기간 7연속 인상 이후 3년 7개월 만에...,https://www.todaykorea.co.kr/news/articleView.html?idxno=405799,8,0.9084,1,keep,candidate_hybrid_keep_strong_domain_rule_anchor,8,0.9084,한국은행;기준금리,,,candidate_hybrid,1,0.65,0.35
"정부, 장기 고정형 주담대 유도…금융권은 낮은 금리 경쟁력에 고심",한국은행이 지난 7월과 8월 기준금리를 연속 인상해 연 3.00%까지 높였지만 차주들은 오히려 당장 금리가 낮은 변동형을 선택하고 있다. 지난 7월 신규취급 주담대의 변동금리 비중은 68.1%로 2014년 2월 이후 12년여...,https://www.newspim.com/news/view/20260907000868,9,0.7379,1,keep,candidate_hybrid_keep_strong_domain_rule_anchor,9,0.7379,한국은행;기준금리,금리,,candidate_hybrid,1,0.65,0.35
고금리에 환율 수혜까지…‘박스피 피난처’로 떠오른 은행주,한국은행이 기준금리를 연 3%로 인상한 데 이어 향후 추가 인상 가능성도 열어둔 만큼 국내 단기금리는 당분간 높은 수준을 유지할 가능성이 있다. 반면 장기금리는 미국 국채금리 등 글로벌 금리 환경에 영향을 크게...,https://biz.chosun.com/stock/stock_general/2026/09/07/54UB4GBF2RGRTBOU2KZHOUAF44/?utm_source=naver&utm_medium=original&utm_campaign=biz,16,0.8864,1,keep,candidate_hybrid_keep_overseas_korean_market_impact,16,0.8864,한국은행;환율;국채금리;기준금리,금리,,candidate_hybrid,1,0.65,0.35
"금리인상에 따른 환율 하락, 지금이 달러자산 확대를 위한 기회","한국은행이 8월 27일 기준금리를 연 3.0%로 0.25%포인트 인상했다. 7월에 이어 두 달 연속 인상으로, 기준금리가 3%대로 올라선 것은 1년 6개월 만이다. 신현송 총재는 이번 결정을 두 번 연속 인상이라는 이례적 관례를 깨는...",http://www.samdailbo.com/news/articleView.html?idxno=269969,11,0.9272,1,keep,candidate_hybrid_keep_strong_domain_rule_anchor,11,0.9272,한국은행;환율;기준금리,,,candidate_hybrid,1,0.65,0.35
"원·달러 환율 1330원대, 1년11개월 만에 최저.. ""원화 강세 지속""",한국은행의 2연속 기준금리 인상에 따른 한·미 금리 차 축소도 원화를 끌어올린 요인이다. 이런 추세라면 원·달러 환율은 추가 하락할 여지가 크다. 신현송 한은 총재는 앞서 지난달 27일 기준금리 인상 결정을...,https://www.fnnews.com/news/202609071548482804,19,0.8779,1,keep,candidate_hybrid_keep_strong_domain_rule_anchor,19,0.8779,한국은행;한은;환율;기준금리,금리;달러;원화,,candidate_hybrid,1,0.65,0.35
"‘영끌’로 집 산 가구, 금리 1%포인트 오르면 연체비율 0.81%포인트 증가...","한국은행이 두 달 연속 기준금리 인상에 나선 가운데, 빚을 낸 가구의 신용 위험이 커지는 부작용이 예고됐다. 7일 장훈 한국은행 경제연구원 금융통화연구실 과장 등 연구진은 이런 내용의 ‘BOK이슈노트 : 가구DB를...",https://www.joongang.co.kr/article/25459765,9,0.7955,1,keep,candidate_hybrid_keep_strong_domain_rule_anchor,9,0.7955,한국은행;기준금리,금리,,candidate_hybrid,1,0.65,0.35
"충남도, 중소기업 자금·먹거리 복지·생태관광으로 지역 활력 넓힌다","발급받아 은행에서 대출을 진행하면 된다. 전병천 충남도 중소기업과장은 ""최근 기준금리 2회 연속 인상으로... 정책금융 분야에서는 중소기업은행, 한국수출입은행, 대한무역투자진흥공사, 한국무역보험공사 등을...",https://www.aflnews.co.kr/news/articleView.html?idxno=327673,13,0.4783,1,keep,candidate_hybrid_keep_strong_domain_rule_anchor,13,0.4783,기준금리;정책금융;기업은행,,,candidate_hybrid,1,0.65,0.35
생산적 금융 기조 속 가계대출 대신 기업대출 늘리는 은행…건전성 관리...,7일 한국은행 발표에 따르면 올해 2분기 기준 예금은행의 산업별대출금 잔액은 1535조4000억원으로 전년... 아울러 중소기업 수익성 회복세가 나타나지 않는 상황에서 한은 기준금리 인상 사이클이 이어지고 있는 등...,https://www.m-i.kr/news/articleView.html?idxno=1410870,23,0.6373,1,keep,candidate_hybrid_keep_strong_domain_rule_anchor,23,0.6373,한국은행;한은;은행;기준금리;생산적 금융,건전성;금융,,candidate_hybrid,1,0.65,0.35
"원·달러 환율, 9.9원 내린 1340.5원… 23개월 만에 최저",한국은행은 7월과 8월 연속으로 기준금리를 0.25%포인트씩 인상했다. 이에 따라 미국과의 금리 차이는 1.25%포인트에서 0.75%포인트로 좁혀졌다. 이는 2022년 9월 이후 최소 폭이다. 신현송 한국은행 총재는 이번 금리...,https://biz.chosun.com/policy/policy_sub/2026/09/07/X3JQUWQ6TFG5JDJ2J5KU75AWAA/?utm_source=naver&utm_medium=original&utm_campaign=biz,13,0.831,1,keep,candidate_hybrid_keep_strong_domain_rule_anchor,13,0.831,한국은행;환율;기준금리,금리;달러,,candidate_hybrid,1,0.65,0.35
금융지주 하반기도 호실적 이어간다···고금리·환율 효과 '톡톡',한국은행은 지난달 기준금리를 연 2.75%에서 3.00%로 0.25%포인트(p) 올리며 두 차례 연속 인상을 단행했다. 시장금리가 상승하면 시차를 두고 대출금리가 재산정되면서 은행 NIM과 이자이익 개선으로 이어질 수 있다. 특히...,https://www.seoulfn.com/news/articleView.html?idxno=637405,14,0.8312,1,keep,candidate_hybrid_keep_strong_domain_rule_anchor,14,0.8312,한국은행;은행;환율;기준금리,,,candidate_hybrid,1,0.65,0.35
환율 1330원대 터치…두 달여 만에 220원 빠졌다,"한국은행의 두 차례 연속 기준금리 인상으로 한·미 금리 차가 좁혀진 점도 원화 강세를 거들었다. 하락 속도는 이례적이다. 한국은행에 따르면 지난 7월 한 달간 환율 하락률은 8.09%로, 시장평균환율제도가 시행된...",http://www.srtimes.kr/news/articleView.html?idxno=211787,13,0.8705,1,keep,candidate_hybrid_keep_strong_domain_rule_anchor,13,0.8705,한국은행;환율;기준금리,금리;원화,,candidate_hybrid,1,0.65,0.35
[시장의 역습①] 미·일 국채 금리가 흔드는 원화… 수출대금 환전·엔 ...,한국은행은 8월 27일 기준금리를 2.75%에서 3.00%로 올렸다. 미국의 인공지능(AI) 투자가 장기자금 수요와 한국 반도체 주문을 함께 늘린다면 미국채 금리 상승과 원·달러 환율 하락이 동시에 나타날 수 있다. 미국 자산의...,http://www.newsroad.co.kr/news/articleView.html?idxno=63909,21,0.7587,1,keep,candidate_hybrid_keep_overseas_korean_market_impact,21,0.7587,한국은행;환율;국채;기준금리;미국채 금리,금리;달러;원화,,candidate_hybrid,1,0.65,0.35
[이슈] LH 직원 주택대출 829억원…정부 한도 넘고 시중은행보다 낮은 금...,정부 기준인 한국은행 공표 은행 가계자금 대출금리 4.46%보다 1.18%포인트 낮다. 주택 구입자금 대출에서도 정부 지침과 차이가 확인됐다. 정부 지침은 주택담보인정비율(LTV)을 적용하고 대출 대상 주택에 근저당권을...,https://www.polinews.co.kr/news/articleView.html?idxno=742366,16,0.7056,1,keep,candidate_hybrid_keep_strong_domain_rule_anchor,16,0.7056,한국은행;은행;시중은행;ltv,대출,,candidate_hybrid,1,0.65,0.35
서울 아파트값 82주 상승 …'文정부 최장 기록까지 3주 남아,최근 한국은행이 두 차례 연속 기준금리를 인상하면서 주택담보대출 이자 부담이 커진 만큼 매수자의 자금 조달 여건이 악화되고 있다. 특히 이미 높은 가격 수준에 도달한 서울 아파트 시장에서는 금리 상승에 따른 월...,http://www.queen.co.kr/news/articleView.html?idxno=462930,9,0.6619,1,keep,candidate_hybrid_keep_strong_domain_rule_anchor,9,0.6619,한국은행;기준금리,금리,,candidate_hybrid,1,0.65,0.35
"우리은행장 정진완 '마지막 기회' 남은 기간 넉 달 : 실적 반등 방점, 금...",한국은행은 7월16일 기준금리를 연 2.50%에서 2.75%로 올린 데 이어 8월27일 다시 3.00%로 인상했다. 은행권 예금금리도 함께 올랐다. 5대 은행의 1년 만기 정기예금 금리는 기준금리 인상 전 연 2.90~2.95% 수준에서 최근 3.20~3....,https://www.huffingtonpost.kr/article/260217,13,0.7881,1,keep,candidate_hybrid_keep_strong_domain_rule_anchor,13,0.7881,한국은행;은행권;기준금리,실적,,candidate_hybrid,1,0.65,0.35
"한도 많이, 금리 낮게... 빚잔치인데 직원들 대출 퍼준 LH","LH가 적용하는 임차 자금 대출금리는 공사의 가중평균 차입이자율에 따른 3.28%로, 정부 기준인 한국은행 공표 은행가계자금 대출금리(3분기 기준 4.46%)보다 유리한 수준이다. 주택 구매자금을 받을 때 정부 지침은...",http://www.segyebiz.com/newsView/20260907510169?OutUrl=naver,7,0.614,1,keep,candidate_hybrid_gray_keep_domain_score_ge_threshold,7,0.614,한국은행,금리;대출,,candidate_hybrid,1,0.65,0.35
美 고용 반등에도 갈린 연준…워시 '9월 인상'의 조건,한국은행은 지난달 27일 기준금리를 연 3.00%로 올리면서 누적된 비용 압력이 소비자물가로 옮겨가고 소득 개선에 따른 수요 압력도 커질 것으로 봤다. 신현송 한은 총재는 당시 기자간담회에서 추가 인상에 대해...,http://www.metroseoul.co.kr/article/20260907500254,18,0.7963,1,keep,candidate_hybrid_keep_overseas_korean_market_impact,18,0.7963,한국은행;한은;연준;기준금리,,,candidate_hybrid,1,0.65,0.35
"LH 사내 주택대출 정부기준에서 벗어나, 국힘 김미애 ""한도는 높이고 금...","LH 주택임차자금은 기본 한도가 9천만 원으로 정부 기준을 넘고, 미성년 자녀 수에 따라 한도가 더 늘어난다. 금리는 연 3.0~3.28%로 올해 3분기 한국은행 가계자금대출 금리 4.46%보다 1.18%포인트 낮다. 주택구입자금에는...",https://www.businesspost.co.kr/BP?command=article_view&num=446547,6,0.6049,1,keep,candidate_hybrid_gray_keep_domain_score_ge_threshold,6,0.6049,한국은행,금리,,candidate_hybrid,1,0.65,0.35
"1330원대 터치한 환율, 수출기업은 실적 ‘비상’",한국은행의 2연속 기준금리 인상에 따른 한·미 금리 차 축소와 달러 약세 환경도 원화 강세를 뒷받침했다. 김동영 삼성증권 연구원은 “반도체를 중심으로 한 수출 호조로 대규모 경상수지 흑자가 발생해 수출...,https://www.chosun.com/economy/stock-finance/2026/09/07/GO5ARRQOCBE6JOK5E47KFMYH2A/?utm_source=naver&utm_medium=referral&utm_campaign=naver-news,15,0.7038,1,keep,candidate_hybrid_keep_strong_domain_rule_anchor,15,0.7038,한국은행;환율;기준금리,금리;실적;달러;원화,,candidate_hybrid,1,0.65,0.35
기다릴수록 커지는 내 집 마련 비용… '확정가' 기분양 단지 뜬다,"한국은행은 지난 8월 27일 기준금리를 연 2.75%에서 3.00%로 0.25%포인트 인상했다. 지난 7월에 이은 두 달 연속 인상으로, 업계에서는 현재 7%대인 주택담보대출 금리 상단이 연 8%대까지 오를 것이라는 전망이 나오고 있다....",https://edu.donga.com/news/articleView.html?idxno=111642,9,0.868,1,keep,candidate_hybrid_keep_strong_domain_rule_anchor,9,0.868,한국은행;기준금리,금리,,candidate_hybrid,1,0.65,0.35
기준금리 올라도 저축은행 예금 금리 그대로,뉴스토마토 = 배희 기자 | 한국은행이 기준금리를 두 차례 연속 올렸지만 저축은행 예금금리는 크게 변동을 보이지 않고 있습니다. 높은 금리를 주면서까지 수신을 유인할 요인이 크지 않아서입니다. 7일...,http://www.newstomato.com/ReadNews.aspx?no=1312739&inflow=N,13,0.9323,1,keep,candidate_hybrid_keep_strong_domain_rule_anchor,13,0.9323,한국은행;저축은행;기준금리,금리,,candidate_hybrid,1,0.65,0.35
"한도 두 배, 은행대출도 중복 가능…사내대출 '규제 사각지대'","한국은행이 공표하는 은행가계자금 대출금리를 따르도록 한 정부 기준은 3분기 기준 연 4.46%로, LH 적용 금리보다 1.18%포인트 높다. 주택 구입자금 대출에서도 정부 지침과 다른 기준을 적용하고 있다. 정부는...",https://www.ajunews.com/view/20260907105034322,5,0.64,0,drop,candidate_hybrid_gray_drop_score_lt_threshold,5,0.64,한국은행,,,candidate_hybrid,1,0.65,0.35
5년 동안 열심히 빚 갚았는데 “돈 더 내세요”…코로나 영끌족 어쩌나,"당시 한국은행 기준금리가 사상 최저인 연 0.50%(2020년 5월~2021년 7월)였던 시기다. 변동금리와 큰 차이가 없어 고정형 주담대를 선택하는 비중이 높았고, 2020년과 2021년 각각 69.1%, 55.5%가 고정형으로 대출을 받았다....",https://www.sedaily.com/article/20087952?ref=naver,8,0.5209,1,keep,candidate_hybrid_keep_strong_domain_rule_anchor,8,0.5209,한국은행;기준금리,,,candidate_hybrid,1,0.65,0.35
"[독자투고] 환율 하락 안정 국면, 지금이 달러자산 담을 기회","황의선 신한PWM강남센터 부지점장 비영리법인청소년바다환경보호협회 대전지부장 한국은행이 8월 27일 기준금리를 연 3.0%로 0.25%포인트 인상했다. 7월에 이어 두 달 연속 인상으로, 기준금리가 3%대로 올라선 것은 1년...",https://www.cctoday.co.kr/news/articleView.html?idxno=2236260,11,0.9152,1,keep,candidate_hybrid_keep_strong_domain_rule_anchor,11,0.9152,한국은행;환율;기준금리,,,candidate_hybrid,1,0.65,0.35
[표] 은행간 단기금리 기준-코리보(07일),※다음은 연합인포맥스가 07일 오전 11시00분에 고시한 한국의 은행간 단기금리 기준 입니다. ────┬──────────── 기간│금리(%) 전일대비...,https://news.einfomax.co.kr/news/articleView.html?idxno=4433746,1,0.2397,0,drop,candidate_hybrid_model_drop_prob_le_threshold,1,0.2397,,금리,,candidate_hybrid,1,0.65,0.35
3년 공든 탑 흔들린다…스위스 참전하면 글로벌 2차 긴축 '본궤도',"일본은행(BOJ)은 지난 6월, 한국은행은 7월과 8월 연속으로 기준금리를 올렸다. 오는 10일 통화정책회의를 앞둔 유럽중앙은행(ECB)은 예금금리를 2.5%로 인상할 것이 유력하며, 미국 연방준비제도(Fed·연준) 역시 조만간...",https://news.einfomax.co.kr/news/articleView.html?idxno=4433744,26,0.9065,1,keep,candidate_hybrid_keep_overseas_korean_market_impact,26,0.9065,한국은행;연준;fed;ecb;boj;기준금리,,,candidate_hybrid,1,0.65,0.35
"신한·하나금융, 금리·환율 업고 훨훨...자사주 추가 매입 기대까지","문다운 한국투자증권 연구원은 ""한국은행 기준금리 인상 사이클 상단에 대한 눈높이가 계속 높아지고 있다는 점에서, 매크로 및 수급 관점에서 내년까지도 원화 강세 기조가 연장될 것""이라고 말했다. 환율이...",http://www.opinionnews.co.kr/news/articleView.html?idxno=144071,13,0.747,1,keep,candidate_hybrid_keep_strong_domain_rule_anchor,13,0.747,한국은행;환율;기준금리,금리;원화,,candidate_hybrid,1,0.65,0.35
"LH, 사내 주택대출 정부지침 무시...'한도는 많이 금리는 낮게'","LH가 적용하는 임차 자금 대출금리는 공사의 가중평균 차입이자율에 따른 3.28%로, 정부 기준인 한국은행 공표 은행가계자금 대출금리(3분기 기준 4.46%)보다 유리했다. 김미애 의원은 ""국민에게는 대출 문턱을...",http://www.newsfc.co.kr/news/articleView.html?idxno=80949,6,0.6837,1,keep,candidate_hybrid_model_keep_prob_ge_threshold_with_domain_anchor,6,0.6837,한국은행,대출,,candidate_hybrid,1,0.65,0.35
LH 사내대출 최대 1.4억원…정부 한도의 두 배,정부 지침상 기준인 한국은행 공표 은행가계자금 대출금리 4.46%보다 1.18%포인트(p) 낮다. 주택 구입자금 운영에서도 정부 지침과 다른 부분이 확인됐다. 정부는 주택 구입자금 대출 시 LTV를 적용하고 해당 주택에...,https://www.newspim.com/news/view/20260907000547,9,0.5821,1,keep,candidate_hybrid_keep_strong_domain_rule_anchor,9,0.5821,한국은행;ltv,대출,,candidate_hybrid,1,0.65,0.35
"""국민 대출은 조이면서""…LH 사내 주택대출, 정부 지침 어겨","LH가 적용하는 임차 자금 대출금리는 공사의 가중평균 차입이자율에 따른 3.28%로, 정부 기준인 한국은행 공표 은행가계자금 대출금리(3분기 기준 4.46%)보다 낮다. 주택 구입자금의 경우 정부 지침은 주택담보인정비율...",http://www.seouleconews.com/news/articleView.html?idxno=93574,5,0.6888,1,keep,candidate_hybrid_model_keep_prob_ge_threshold_with_domain_anchor,5,0.6888,한국은행,,,candidate_hybrid,1,0.65,0.35
주담대 조이는데…LH 직원은 1.4억까지 사내대출 펑펑,"하지만 LH가 적용하는 사내 임차 자금 대출금리는 공사의 가중평균 차입이자율에 따른 3.28%로, 정부 기준인 한국은행 공표 은행가계자금 대출금리(3분기 기준 4.46%)보다 유리했다. 주택 구입 자금에 대한 정부 지침도...",https://www.donga.com/news/Economy/article/all/20260907/134618007/1,5,0.594,0,drop,candidate_hybrid_gray_drop_score_lt_threshold,5,0.594,한국은행,,,candidate_hybrid,1,0.65,0.35
선진국 근원물가 2.9%…각국 금리인상 러시,앞서 호주 중앙은행은 올해 이미 세 차례 금리를 올렸고 뉴질랜드 중앙은행도 지난 2일 기준금리를 인상했다. 한국은행 역시 7월과 8월 각각 금리를 인상했다. 영국 중앙은행인 잉글랜드은행(BOE)의 휴 필...,https://biz.heraldcorp.com/article/10864872?ref=naver,8,0.7999,1,keep,candidate_hybrid_keep_strong_domain_rule_anchor,8,0.7999,한국은행;기준금리,,,candidate_hybrid,1,0.65,0.35
LH '사내 대출' 공정성 논란 … 정부 기준과 '엇박자',이는 정부 기준인 한국은행 공표 은행가계자금 대출금리 4.46%보다 낮은 수준이다. 이 밖에도 △주택 구입자금 LTV 미적용 △민간 금융기관 대출과의 중복 이용 가능성 △주택도시기금 대출 중복 확인 절차 부재 등의...,https://www.safetimes.co.kr/news/articleView.html?idxno=245497,9,0.7362,1,keep,candidate_hybrid_keep_strong_domain_rule_anchor,9,0.7362,한국은행;ltv,대출,,candidate_hybrid,1,0.65,0.35
"1330원대까지 내린 환율…""향후 변수, 한미 금리차·경상수지 등""","한국은행에 따르면 우리나라 경상수지는 올해 6월 497억3000만달러, 7월 420억8000만달러로 역대 1·2위를... 한국 기준금리(3.0%)와 미국 정책금리 상단(3.75%)의 차이는 0.75%포인트로 2022년 9월 이후 최소폭으로 좁혀졌다....",https://view.asiae.co.kr/article/2026090710320774615,11,0.7279,1,keep,candidate_hybrid_keep_strong_domain_rule_anchor,11,0.7279,한국은행;환율;기준금리,,,candidate_hybrid,1,0.65,0.35
"LH 직원 주택대출, 정부지침 3건 미준수…임차자금 최대 1.4억원",대출금리도 정부 기준보다 낮다. LH 임차자금에는 공사의 가중평균차입이자율을 적용해 현재 연 3.28% 수준의 금리가 적용된다. 정부 지침은 한국은행이 공표하는 은행가계자금대출금리를 사내 주택자금 대출금리의...,http://www.4th.kr/news/articleView.html?idxno=2117571,5,0.6414,0,drop,candidate_hybrid_gray_drop_score_lt_threshold,5,0.6414,한국은행,,,candidate_hybrid,1,0.65,0.35
"“과도한 통화정책, K-양극화 우려” [글로벌 금리인상 러시]","한국은행도 반도체발(發) 소득 증가가 소비로 이어질지, 아니면 부동산 등 자산 형성에 집중될지 상황을 예의주시하고 있다. 후자의 경우 선제적 금리 인상의 물가 제어 효과보다는 양극화 등 부작용이 더 클 수 있다는...",https://biz.heraldcorp.com/article/10864804?ref=naver,6,0.684,1,keep,candidate_hybrid_keep_overseas_korean_market_impact,6,0.684,한국은행,금리,,candidate_hybrid,1,0.65,0.35
서울 아파트값 최장 상승 기록 깰까…'文정부 85주'까지 단 3주,7일 한국부동산원 전국 주간 아파트 가격동향에 따르면 서울 아파트값은 지난해 2월 첫째 주(3일 기준)... 전문가들은 최근 한국은행의 두 차례 연속 금리 인상으로 주택담보대출 이자 부담까지 커진 상황이라며 서울...,https://www.news1.kr/realestate/general/6282006,6,0.6483,1,keep,candidate_hybrid_gray_keep_domain_score_ge_threshold,6,0.6483,한국은행,금리,,candidate_hybrid,1,0.65,0.35
"꽉조인 대출, 뛰는 금리... ""내집마련 자금조달 계획이 최대 변수""","한국은행은 최근 기준금리를 연 2.75%에서 3.00%로 0.25%포인트 인상했다. 부동산 업계 관계자는 “실거주 중심의 과세 체계와 대출 규제, 고금리가 중첩되면서 주택 구매 시 장기 금융 계획의 비중이 커졌다”며 “입지와...",https://www.fnnews.com/news/202609070947044001,11,0.7787,1,keep,candidate_hybrid_keep_strong_domain_rule_anchor,11,0.7787,한국은행;기준금리,금리;대출;금융,,candidate_hybrid,1,0.65,0.35
"""금리 더 얹어드립니다""…은행권, 연 7~10% 특판 쏟아낸다",한국은행이 기준금리를 연 3.0%로 인상하는 등 시장금리가 다시 오르는 가운데 은행들이 다양한 조건을 우대금리을 내건 상품들을 선보이면서 고금리 특판 경쟁이 치열해지는 모습이다. 한국은행이 기준금리를 연 3.0...,https://www.mediapen.com/news/view/1121713,13,0.8887,1,keep,candidate_hybrid_keep_strong_domain_rule_anchor,13,0.8887,한국은행;은행권;기준금리,금리,,candidate_hybrid,1,0.65,0.35
"[통하는 충남] 충남도, 기업은행 등 경제산업 기능 공공기관 14개 유치 ...","정책금융 분야에서는 중소기업은행과 한국수출입은행, 대한무역투자진흥공사(KOTRA), 한국무역보험공사 등을... 뒤 은행에서 대출받으면 된다. 전병천 도 중소기업과장은 “최근 기준금리 2회 연속 인상으로 제조...",https://www.kukinews.com/article/view/kuk202609070065,13,0.6522,1,keep,candidate_hybrid_keep_strong_domain_rule_anchor,13,0.6522,기준금리;정책금융;기업은행,,,candidate_hybrid,1,0.65,0.35
분당 아파트값 1년 새 29.5%↑…전국 상승률 1위,방식·기간은 다르지만 최근 지역별 차별화를 보여준다. 금리는 향후 변수다. 한국은행은 7월과 8월 기준금리를 연속 인상해 연 3.00%로 높였다. 전셋값 상승에 대출 이자 부담까지 커지면 매수 여력이 제약될 수 있다.,http://www.smedaily.co.kr/news/articleView.html?idxno=362711,9,0.6661,1,keep,candidate_hybrid_keep_strong_domain_rule_anchor,9,0.6661,한국은행;기준금리,대출,,candidate_hybrid,1,0.65,0.35
"""최대 1.4억 대출""...정부지침 어긴 LH 사내 주택대출","LH가 적용하는 임차 자금 대출금리는 3.28%로 정부 기준인 한국은행 공표 은행가계자금 대출금리, 3분기 기준 4.46%보다 유리한 수준입니다. 주택 구입자금 정부 지침은 LTV를 적용하도록 규정하고 있지만, LH 사내대출은...",https://www.ytn.co.kr/_ln/0102_202609071020400865,9,0.6423,1,keep,candidate_hybrid_keep_strong_domain_rule_anchor,9,0.6423,한국은행;ltv,대출,,candidate_hybrid,1,0.65,0.35
"""최대 1.4억·3%대""…LH '사내 대출' 정부지침 위반","LH가 적용하는 임차 자금 대출금리는 공사의 가중평균 차입이자율에 따른 3.28%로, 정부 기준인 한국은행 공표 은행가계자금 대출금리(3분기 기준 4.46%)보다 유리한 수준입니다. 주택 구입자금의 경우 정부 지침은...",http://www.yonhapnewstv.co.kr/news/AKR20260907101220B6V,6,0.6453,1,keep,candidate_hybrid_gray_keep_domain_score_ge_threshold,6,0.6453,한국은행,대출,,candidate_hybrid,1,0.65,0.35
전 세계서 인플레이션 우려…각국 중앙은행 ‘금리 인상’ 여부 관심,"한국은행, 지난달 두달 연속 인상 유럽중앙은행 인상 가능성 관측 커 한국은행이 지난달 말 기준금리를 두 달 연속 인상하며 물가 상승에 대한 선제적 대응을 강조한 가운데, 물가 상승에 대응하는 각국 중앙은행도 금리...",https://www.mk.co.kr/article/12145815,9,0.9018,1,keep,candidate_hybrid_keep_strong_domain_rule_anchor,9,0.9018,한국은행;기준금리,금리,,candidate_hybrid,1,0.65,0.35
"세제•금리 변화 속 실수요자, 내 집 마련 자금계획이 핵심 변수","지난 27일 한국은행이 기준금리를 연 3.00%로 끌어올리면서 대출 실행 이후 상환해야 할 원리금 부담도 커졌다. 대출 한도가 초기 진입 장벽을 결정한다면, 인상된 금리는 보유 기간 동안의 지속적인 금융 비용 부담으로...",https://www.apnews.kr/news/articleView.html?idxno=3051037,11,0.704,1,keep,candidate_hybrid_keep_strong_domain_rule_anchor,11,0.704,한국은행;기준금리,금리;대출;금융,,candidate_hybrid,1,0.65,0.35
"금리 오르면 '여기' 투자해라…SG ""3년물 4.05% 도달시 매수""","이러한 대외 악재 속에서 채권 투자의 핵심 기준은 한국은행의 최종 기준금리가 될 전망입니다. SG은 한은의 최종 금리가 3.50%에서 멈출 확률을 70%, 3.75%까지 오를 확률을 30%로 내다봤습니다. 주목할 점은 시장금리와...",https://biz.sbs.co.kr/article_hub/20000333085?division=NAVER,11,0.7744,1,keep,candidate_hybrid_keep_strong_domain_rule_anchor,11,0.7744,한국은행;기준금리,금리;채권,,candidate_hybrid,1,0.65,0.35
"LH 사내 주택대출, 정부 기준 위반…1인당 한도, 금리 등 어겨","또 LH가 적용하는 임차 자금 대출금리는 공사의 가중평균 차입이자율에 따른 3.28%로, 정부 기준인 한국은행 공표 은행가계자금 대출금리(3분기 4.46%)보다 유리한 수준이다. 이와 함께 주택 구입자금의 경우, 정부는...",https://www.busan.com/view/busan/view.php?code=2026090709593050864,6,0.7227,1,keep,candidate_hybrid_model_keep_prob_ge_threshold_with_domain_anchor,6,0.7227,한국은행,금리,,candidate_hybrid,1,0.65,0.35
[고금리의 귀환②] 전자업계 양극화 오나…가전 위축 속 반도체 호황,"실제로 한국은행이 기준금리를 인상했던 2021년 3분기부터 2025년 1분기까지 소비자심리는 가라앉았다. 당시 한국은행은 기준금리를 0.5%에서 3.5%까지 끌어올린 채 유지했고, 소비자심리지수는 최고 110.8에서 최저 85.9...",https://news.einfomax.co.kr/news/articleView.html?idxno=4433690,8,0.7294,1,keep,candidate_hybrid_keep_strong_domain_rule_anchor,8,0.7294,한국은행;기준금리,,,candidate_hybrid,1,0.65,0.35
[고금리 산업계 풍경①] 9~10월 회사채 만기 13조 도래,"올해 한국은행 기준금리 인상과 추가 인상 경계, 중동 전쟁발(發) 국제유가 상승, 인플레이션 불확실성, 글로벌 채권금리 상승 등을 반영해 국고채 금리가 상승한 가운데 회사채 금리도 올랐다. 회사채 3년물(AA-등급)...",https://news.einfomax.co.kr/news/articleView.html?idxno=4433692,16,0.8335,1,keep,candidate_hybrid_keep_overseas_korean_market_impact,16,0.8335,한국은행;회사채;기준금리;글로벌 채권금리,,,candidate_hybrid,1,0.65,0.35
다시 주목받는 연준(Fed)…지난해 워싱턴서 한·미 금융 교류 [더 나은 ...,"기준금리 결정과 달러화 발행뿐 아니라 은행 감독·규제, 금융소비자 보호, 금융 안정 감시, 지급결제 시스템 운영, 국제금융 협력까지 담당해 한국으로 치면 한국은행과 금융위원회·금융감독원의 핵심 기능을...",https://www.segye.com/newsView/20260906510829?OutUrl=naver,40,0.8462,1,keep,candidate_hybrid_keep_overseas_korean_market_impact,40,0.8462,금융감독원;금융위원회;금융위;한국은행;연준;fed;은행;기준금리,금융,,candidate_hybrid,1,0.65,0.35
정부지침 어긴 LH 사내대출…2021년 이후 감사 지적 ‘0’,"정부 기준은 한국은행이 공표하는 은행가계자금대출금리를 적용하도록 하고 있지만, LH는 임차자금에 공사의 가중평균 차입금리를 적용하고 있다. 올해 3분기 기준 정부 기준 금리는 4.46%인 반면 LH 임차자금...",https://www.sentv.co.kr/article/view/sentv202609070039,5,0.6668,1,keep,candidate_hybrid_model_keep_prob_ge_threshold_with_domain_anchor,5,0.6668,한국은행,,,candidate_hybrid,1,0.65,0.35
입지·상품성만으론 부족…분양시장 새 기준 된 ‘자금계획’,주택가격에 따라 주택담보대출 한도를 차등 적용하는 규제가 시행되는 데다 한국은행이 기준금리를 인상하면서다. 서울과 수도권을 중심으로 아파트 가격과 분양가가 높아지면서 실수요자들은 입지와 상품성뿐 아니라...,https://theviewers.co.kr/View.aspx?No=4215076,8,0.7282,1,keep,candidate_hybrid_keep_strong_domain_rule_anchor,8,0.7282,한국은행;기준금리,,,candidate_hybrid,1,0.65,0.35
"공모가 밑도는데 4700억 보호예수 해제까지…케이뱅크, 오버행 '촉각'",한국은행이 지난달 기준금리를 연 3.00%로 인상한 데 이어 시장금리도 다시 오르면서 은행권의 순이자마진(NIM) 개선 기대가 커지고 있다. 최근 은행주 강세에도 금리 상승에 따른 수익성 개선 기대가 반영되고 있다....,https://www.imaeil.com/page/view/2026090709304609998,9,0.705,1,keep,candidate_hybrid_keep_strong_domain_rule_anchor,9,0.705,한국은행;기준금리,금리,,candidate_hybrid,1,0.65,0.35
금리·대출 부담에 달라진 내 집 마련…실수요자 ‘두산위브더제니스 부...,금리까지 올라…실수요자 '자금조달 계획' 중요 여기에 지난 27일 한국은행이 기준금리를 연 2.75%에서 3.00%로 인상하면서 대출을 활용한 주택 구입의 부담도 커졌다. 대출한도가 주택 구입 단계의 자기자금 규모를...,https://view.asiae.co.kr/article/2026090709204787847,10,0.6805,1,keep,candidate_hybrid_keep_strong_domain_rule_anchor,10,0.6805,한국은행;기준금리,금리;대출,,candidate_hybrid,1,0.65,0.35
"韓 국고채 금리 고점 다가온다…SG ""3년물 4.05% 도달시 매수""","이러한 대외 악재 속에서 채권 투자의 핵심 기준은 한국은행의 최종 기준금리가 될 전망이다. SG은 한은의 최종 금리가 3.50%에서 멈출 확률을 70%, 3.75%까지 오를 확률을 30%로 내다봤다. 주목할 점은 시장금리와...",https://www.yna.co.kr/view/AKR20260907034500008?input=1195m,11,0.7704,1,keep,candidate_hybrid_keep_strong_domain_rule_anchor,11,0.7704,한국은행;기준금리,금리;채권,,candidate_hybrid,1,0.65,0.35
"[자산관리와 절세] 기준금리 3% 시대, 당신의 대출이자는 안녕하신가요...","그런데 지난 8월 27일, 한국은행 금융통화위원회는 이 예상을 완전히 뒤엎고 기준금리를 또 한 번 올렸습니다. 지난 7월에 이어 두 달 연속입니다. 이런 상황을 금융시장에서는 '백투백(back-to-back)' 인상이라 부릅니다. 원래...",https://theviewers.co.kr/View.aspx?No=4215041,8,0.8939,1,keep,candidate_hybrid_keep_strong_domain_rule_anchor,8,0.8939,한국은행;기준금리,,,candidate_hybrid,1,0.65,0.35
실거주 중심 정책에 금리 부담까지…내 집 마련 ‘자금계획’ 중요,◆ 금리까지 올라…실수요자 ‘자금조달 계획’ 중요 여기에 지난 27일 한국은행이 기준금리를 연 2.75%에서 3.00%로 인상하면서 대출을 활용한 주택 구입의 부담도 커졌다. 대출한도가 주택 구입 단계의 자기자금 규모를...,https://biz.heraldcorp.com/article/10864356?ref=naver,9,0.7664,1,keep,candidate_hybrid_keep_strong_domain_rule_anchor,9,0.7664,한국은행;기준금리,금리,,candidate_hybrid,1,0.65,0.35
[T나는 경제] 전 세계가 인플레 잡기 총력…고금리 중남미도 긴축 고민,여성 한국은행 금융통화위원회가 지난달 말 기준금리를 0.25%포인트 인상했습니다. 지난 7월에 이어 두 달 연속 금리를 올린 건 이례적인 일입니다. 신현송 한국은행 총재는 최근 간담회에서 '호미로 막을 것을 가래로...,https://www.tjb.co.kr/news05/bodo/view/id/103270,8,0.9087,1,keep,candidate_hybrid_keep_strong_domain_rule_anchor,8,0.9087,한국은행;기준금리,,,candidate_hybrid,1,0.65,0.35
"828억 사내 대출 막 퍼줬다? LH, 정부 기준 어겨","LH가 적용하는 임차 자금 대출금리는 공사의 가중평균 차입이자율에 따른 3.28%로, 정부 기준인 한국은행 공표 은행가계자금 대출금리(3분기 기준 4.46%)보다 유리한 수준입니다. LH의 사내 주택자금 대출은 금융기관의...",https://biz.sbs.co.kr/article_hub/20000333057?division=NAVER,6,0.6852,1,keep,candidate_hybrid_model_keep_prob_ge_threshold_with_domain_anchor,6,0.6852,한국은행,대출,,candidate_hybrid,1,0.65,0.35
정부 정책과 반대로 가는 LH 사내 대출...대출한도·금리·LTV '과도한 특...,LH가 적용하는 임차 자금 대출금리 역시 공사의 가중평균 차입이자율에 따른 3.28%로 정부 기준인 한국은행 공표 은행가계자금 대출금리(3분기 기준 4.46%)보다 유리하다. 주택 구입자금의 경우 정부 지침은...,https://www.livebiz.today/news/articleView.html?idxno=204675,10,0.6064,1,keep,candidate_hybrid_keep_strong_domain_rule_anchor,10,0.6064,한국은행;ltv,금리;대출,,candidate_hybrid,1,0.65,0.35
물가 다시 오르자…세계 중앙은행 금리 인상 움직임,한국은행도 지난달 기준금리를 0.25%포인트 올렸다. 7월에 이어 두 달 연속 인상이다. 6일(현지시간) 영국 이코노미스트에 따르면 유럽중앙은행(ECB)은 오는 10일 통화정책회의에서 추가 금리 인상에 나설 가능성이 크다....,http://www.inews24.com/view/2002479,13,0.917,1,keep,candidate_hybrid_keep_strong_domain_rule_anchor,13,0.917,한국은행;ecb;기준금리,금리,,candidate_hybrid,1,0.65,0.35
“최대 1.4억 대출에 시중금리보다 낮아”…정부지침 어긴 LH 사내 주택...,한국은행 공표 은행가계자금 대출금리(3분기 기준 4.46%)보다 낮은 수준이다. 주택 구입자금 정부 지침은 주택담보인정비율(LTV)을 적용하고 대출 물건에 근저당을 설정하도록 규정하고 있다. 그러나 LH 사내대출은...,https://www.mk.co.kr/article/12145691,9,0.6672,1,keep,candidate_hybrid_keep_strong_domain_rule_anchor,9,0.6672,한국은행;ltv,대출,,candidate_hybrid,1,0.65,0.35
[원자재 시황] 중동 긴장·금리 인상 우려에 위험자산 위축,중동 지역의 군사적 긴장 고조로 국제유가가 급등하고 미국의 강한 고용지표까지 겹치면서 글로벌 금융시... 시장에서는 연준이 9월 회의에서 기준금리를 인상할 가능성을 약 58~60%까지 반영하고 있다. 미 국채 2년물...,https://www.ebn.co.kr/news/articleView.html?idxno=1723347,7,0.7164,1,keep,candidate_hybrid_keep_overseas_global_reference,7,0.7164,국채;기준금리,금리,,candidate_hybrid,1,0.65,0.35
브렌트유 100달러 눈앞…뉴욕증시는 노동절 휴장,CME 페드워치에 따르면 금융시장은 오는 15~16일 FOMC에서 연준이 기준금리를 0.25%포인트 인상할 가능성을 약 58%로 반영했다. UBS는 고용보고서 발표 뒤 연내 금리 동결 전망을 거둬들이고 9월과 12월 각각 0.25%포인트...,https://www.newstopkorea.com/news/articleView.html?idxno=47514,4,0.6618,1,keep,candidate_hybrid_keep_overseas_global_reference,4,0.6618,기준금리,금리,,candidate_hybrid,1,0.65,0.35
[넥스트-샷] 노동절 맞아 하루 쉬어갑니다···휴장 뒤 가장 먼저 볼 것...,실제로 연방기금금리 선물시장에서 오는 15~16일 연방공개시장위원회(FOMC)가 기준금리를 0.25%포인트 올릴 가능성은 노동절 기준 약 58% 수준까지 올라왔습니다. 지난주 크리스토퍼 월러 연준 이사가 물가 둔화가 확인될...,https://www.womaneconomy.co.kr/news/articleView.html?idxno=258429,8,0.6443,0,drop,candidate_hybrid_drop_generic_market_or_ipo_noise,8,0.6443,연준;기준금리,,,candidate_hybrid,1,0.65,0.35
캐나다 보복관세 앞두고…트럼프 “봄바디어 제트기 미국서 팔지 말라”,환율과 금융시장 개방 문제를 제기한 데 이어 기업·개인용 제트기까지 압박 대상으로 삼았다. 트럼프... 지난 4일에는 연방준비제도(Fed·연준)가 기준금리를 내리지 않으면 캐나다 등 대미 무역 흑자국과 교역을 중단할 수...,https://www.kbmaeil.com/article/20260908500007,13,0.7061,0,drop,candidate_hybrid_drop_generic_market_or_ipo_noise,13,0.7061,연준;fed;기준금리,,,candidate_hybrid,1,0.65,0.35
"UBS, 美 고용 호조에 연준 전망 수정…9·12월 두 차례 금리 인상 예상",CME 페드워치에 따르면 금융시장은 오는 15~16일 열리는 연방공개시장위원회(FOMC)에서 연준이 기준금리를 0.25%포인트 인상할 가능성을 약 58% 반영했다. 이는 직전 52%에서 상승한 수준이다. 이에 따라 시장의 관심은...,https://www.thefairnews.co.kr/news/articleView.html?idxno=87339,9,0.8175,0,drop,candidate_hybrid_drop_generic_market_or_ipo_noise,9,0.8175,연준;기준금리,금리,,candidate_hybrid,1,0.65,0.35
수출 업체 달러 매도에 원달러 환율 2년만에 1330원대...국민연금은 환...,"번째 기준금리를 인상할 것이 확실시되고 있다고 보도했다. 유로존의 8월 물가상승률은 3.3%로, 약 3년 만에 최고치를 기록했으며 목표치인 2%를 크게 웃도는 상황이다. 금융시장에서는 ECB가 이번 주 금리를 인상할...",https://www.livebiz.today/news/articleView.html?idxno=204699,15,0.584,1,keep,candidate_hybrid_keep_strong_domain_rule_anchor,15,0.584,ecb;환율;기준금리;원달러,달러,,candidate_hybrid,1,0.65,0.35
"""금리 불확실성 해답은 美단기채""…미래에셋 'TIGER 혼합50 ETF' 출격","미국 금융시장에 대한 신뢰""라고 말했다. 이어 한 차례라도 기준금리를 올려 연준이 정부와 별개로 움직일 수 있다는 신뢰를 보여준다면 장기적으로 투자 환경도 오히려 개선될 수 있다고 내다봤다. 당장의 금리...",http://www.popcornnews.net/news/articleView.html?idxno=132078,4,0.6472,0,drop,candidate_hybrid_gray_drop_score_lt_threshold,4,0.6472,기준금리,금리,,candidate_hybrid,1,0.65,0.35
日 외환보유액 796억弗 감소… 美 국채 매각 엔화 방어,나아가 FIMA 레포가 조기 안착되면 미국 국채 금리 불안이 진정되며 한국 금융시장의 조달 여건도 한결 개선될 수 있다. 다만 미국 인플레이션이 재발해 연준이 긴축을 지속하거나 일본의 환시 개입 효과가 소진되면 이...,https://www.g-enews.com/view.php?ud=202609071456581185e7e8286d56_1,4,0.6755,0,drop,candidate_hybrid_drop_corporate_macro_noise,4,0.6755,국채,금리,,candidate_hybrid,1,0.65,0.35
"골드만삭스 ""엔화 롱 근거 강화""… 달러·엔 숏 헤지 매력",금융정책결정회의에서 기준금리를 인상할 것이라는 금융시장의 전망을 사실상 추인한 것으로 평가했다.... 당장 하반기에는 일본은행의 9월 금리 인상 현실화와 미국 연준의 통화정책 경로가 맞물려 달러·엔 환율이 하향...,https://www.g-enews.com/view.php?ud=202609071441091078e7e8286d56_1,5,0.7619,1,keep,candidate_hybrid_keep_overseas_global_reference,5,0.7619,기준금리,금리;달러,,candidate_hybrid,1,0.65,0.35
美 ‘엔저 시정 압박’에 엔화 반등…“달러당 152엔 가능성”,"시장 예상을 웃돌면서 달러 강세 압력이 다시 커질 수 있는 상황에서도 엔화가 강세를 이어가자, 금융시장... (Fed·연준)가 연방공개시장위원회(FOMC)에서 기준금리를 동결할 경우 엔화 가치가 달러당 152엔 수준까지...",https://biz.heraldcorp.com/article/10865076?ref=naver,14,0.669,0,drop,candidate_hybrid_drop_generic_market_or_ipo_noise,14,0.669,연준;fed;기준금리,달러,,candidate_hybrid,1,0.65,0.35
‘슈퍼 엔저’ 꺾이나…美 압박에 ‘달러당 155엔’ 선까지 뚝,최근 금융시장에서는 기준금리를 1.00%에서 1.25%로 올릴 가능성이 유력하게 거론된다. 미국과 일본의 금리... 물가가 예상보다 약하게 나오고 미 연방준비제도(Fed·연준)의 금리 인상 기대가 낮아질 경우 엔화 가치가...,https://www.donga.com/news/Inter/article/all/20260907/134619010/1,14,0.6734,0,drop,candidate_hybrid_drop_generic_market_or_ipo_noise,14,0.6734,연준;fed;기준금리,금리,,candidate_hybrid,1,0.65,0.35
美증시 하락 뚫은 반도체…코스피 6900 탈환,미국 고용 호조로 연방준비제도(Fed·연준)의 금리 인상 경계가 커지며 뉴욕증시가 약세로 마감했지만... 금융시장에는 긴축 경계로 반영됐다. CME 페드워치 기준 9월 연방공개시장위원회(FOMC)에서 기준금리가 0.25...,https://www.mstoday.co.kr/news/articleView.html?idxno=102523,16,0.7191,1,keep,candidate_hybrid_keep_overseas_global_reference,16,0.7191,연준;fed;기준금리,금리;코스피,,candidate_hybrid,1,0.65,0.35
[이번주 증시 전망]고용 증가에 금리 인상 전망↑…미 8월 물가지수 주...,미국의 8월 고용 깜짝 증가로 9월 금리 인상 전망이 다시 강화된 가운데 이번 주 글로벌 금융시장은 8월... FOMC에서 금리 인상 가능성을 높였다”고 말했다. 다만 노동시장이 연준의 추가 긴축을 반드시 요구할 정도로...,https://www.naeil.com/news/read/601413?ref=naver,1,0.5855,1,keep,candidate_hybrid_keep_overseas_global_reference,1,0.5855,,금리,,candidate_hybrid,1,0.65,0.35
"트럼프, 워시에 금리인하 압박 높여",워시 연준 의장을 향한 압박 수위를 높이고 있다. 행정부 인사들도 동결을 넘어 금리 인하를 요구했다. CNBC가 5일(현지시간) 보도한 데 따르면 금융시장은 오는 15~16일 연방공개시장위원회(FOMC)에서 기준금리가 0.25...,https://www.naeil.com/news/read/601332?ref=naver,9,0.6547,0,drop,candidate_hybrid_drop_generic_market_or_ipo_noise,9,0.6547,연준;기준금리,금리,,candidate_hybrid,1,0.65,0.35
"""달러-원 하락 관성에 엔화 강세""…1,330원대로 급락한 환율, 배경과 전...","이에 시장에 반영된 연방준비제도(Fed·연준)의 9월 기준금리 인상 확률은 60% 수준으로 높아졌다. 다만... 미국 금융시장이 노동절로 휴장하는 점도 서울환시 자체 수급의 영향력을 키웠다. 외국계은행 딜러는 ""미국...",https://news.einfomax.co.kr/news/articleView.html?idxno=4433742,17,0.6717,1,keep,candidate_hybrid_keep_overseas_global_reference,17,0.6717,연준;fed;환율;기준금리,달러,,candidate_hybrid,1,0.65,0.35
40조 달러 빚더미 미국의 묘수...'스테이블 코인' 정체는? [몇층이세요],09:23 연준 기준금리 '5연속 동결'…다음 주 발표 향방은? 12:40 부채 늪 건질 구원투수…스테이블코인 정체는? 18:01 테슬라·구글 코인 결제 시대 오나…미국이 판 흔드는 진짜 이유 22:05 통과 시 금융 시장...,https://www.ytn.co.kr/_ln/0134_202609071119226258,15,0.7786,1,keep,candidate_hybrid_keep_strong_domain_rule_anchor,15,0.7786,연준;기준금리;스테이블코인,달러;금융,,candidate_hybrid,1,0.65,0.35
"미래에셋 ""9월 FOMC, 美 금융시장 신뢰 회복할 기회""","장기채권 시장이 흔들리는 근본적인 원인은 인플레이션이나 재정 자체보다 미국 금융시장에 대한 신뢰... 의구심도 시장 불안의 원인""이라고 진단했다. 그는 ""이번 FOMC에서 기준금리를 한 차례라도 인상하면 연준이...",https://www.straightnews.co.kr/news/articleView.html?idxno=310536,3,0.7183,1,keep,candidate_hybrid_keep_overseas_global_reference,3,0.7183,기준금리,,,candidate_hybrid,1,0.65,0.35
"미국 증시, 오늘 노동절 맞아 휴장…8일 거래 재개","발표될 예정으로, 물가 흐름에 따라 향후 연준의 금리 경로에 대한 시장 전망도 영향을 받을 것으로 보인다. 한편 노동절로 미국 시장이 휴장하면서 이날 글로벌 금융시장 거래도 평소보다 한산한 흐름을 보이고 있다.",https://www.slist.kr/news/articleView.html?idxno=764227,1,0.5896,0,drop,candidate_hybrid_drop_generic_market_or_ipo_noise,1,0.5896,,금리,,candidate_hybrid,1,0.65,0.35
[오늘 외환딜러 환율 예상레인지],7일 서울외환시장의 외환딜러들은 미국의 8월 고용 서프라이즈에도 달러-원 환율이 대체로 하락할 가능성을 열어뒀다. 예상을 웃돈 신규 고용으로 미국 연방준비제도(Fed·연준)의 9월 금리인상 경계가 커졌지만...,https://news.einfomax.co.kr/news/articleView.html?idxno=4433699,18,0.7228,1,keep,candidate_hybrid_keep_overseas_korean_market_impact,18,0.7228,연준;fed;환율;외환시장,달러,,candidate_hybrid,1,0.65,0.35
"대출금리 7%대, 배터리 3사 에너지저장 전환",연준은 지난해 12월 이후 기준금리를 연 3.50~3.75%로 유지하고 있다. 금융시장은 오는 15~16일 열리는 연방공개시장위원회(FOMC)에서 금리 인상 가능성을 반영하고 있다. 배터리 업체의 재무 부담도 커졌다. 각사...,https://www.tokenpost.kr/news/tech/403654,4,0.7742,0,drop,candidate_hybrid_drop_generic_market_or_ipo_noise,4,0.7742,기준금리,금리,,candidate_hybrid,1,0.65,0.35
"[고금리의 귀환③] 고금리에 전기차 부담…배터리 3사, ESS로 '돌파구'",지난 4일 발표된 미국의 8월 고용지표가 예상보다 강하게 나오면서 금융시장에서는 오는 15~16일 연방공개시장위원회(FOMC)에서 금리를 인상할 가능성을 60% 안팎까지 반영했다. 연준은 지난해 12월 이후 기준금리를...,https://news.einfomax.co.kr/news/articleView.html?idxno=4433689,3,0.6551,0,drop,candidate_hybrid_drop_generic_market_or_ipo_noise,3,0.6551,기준금리,,,candidate_hybrid,1,0.65,0.35
"엔화, 日 금리인상 가속 기대에 1달러=156엔대 전반 상승 출발","엔화 환율은 7일 일본 기준금리 인상 가속에 대한 기대감에서 엔 매수, 달러 선행으로 1달러=156엔대... 8월 미국 고용통계가 노동시장 견실함을 보여줌에 따라 연준의 금리인상 전망이 고조하면서 엔 매도, 달러...",https://www.newsis.com/view/NISX20260907_0003778725,4,0.6059,1,keep,candidate_hybrid_keep_overseas_global_reference,4,0.6059,기준금리,달러,,candidate_hybrid,1,0.65,0.35
"트럼프 행정부, 워시에 연일 ""금리 올리지 말라"" 압박","충격만으로 연준이 즉각 금리를 올리는 것은 일반적이지 않다""는 점을 강조했다. 반면 금융시장에서는 9월... (CME)그룹의 금리 전망 도구인 페드워치에 따르면 시장은 오는 15~16일 열리는 FOMC에서 기준금리가 0.25%포인트...",https://www.theguru.co.kr/news/article.html?no=106756,4,0.6948,0,drop,candidate_hybrid_drop_generic_market_or_ipo_noise,4,0.6948,기준금리,금리,,candidate_hybrid,1,0.65,0.35
[금주 뉴욕증시 전망] 8월 물가·오라클 실적에 쏠린 눈…Fed 금리 향방...,실제 물가가 시장 예상치를 밑돌 경우 연준이 기준금리를 현 수준에서 유지할 것이라는 전망이 강화될... 7일 월요일에는 미국 노동절 연휴로 주요 금융시장이 문을 닫는다. 시장에 영향을 줄 만한 주요 경제지표...,https://www.goodkyung.com/news/articleView.html?idxno=291041,9,0.6344,0,drop,candidate_hybrid_drop_generic_market_or_ipo_noise,9,0.6344,fed;기준금리,금리,,candidate_hybrid,1,0.65,0.35
“고용 균형 상태 가까워져…美 금리 인상 가시권”<한국투자證>,"금융시장 상당수도 금리 인상 가능성에 무게를 두고 있다. 시카코상업거래소(CME)가 내놓는 연준 금리인상을 예측 도구 ‘페드워치’(FedWatch)에 따르면 9월 기준금리 인상 확률은 59%, 10월은 86%다. 내년 3월까지...",https://www.news2day.co.kr/article/20260907500049,9,0.7936,0,drop,candidate_hybrid_drop_generic_market_or_ipo_noise,9,0.7936,연준;기준금리,금리,,candidate_hybrid,1,0.65,0.35
금시세(금값),"트럼프 대통령과 공화당은 가계의 생활비와 대출 부담을 낮추는 정책 성과를 부각할 필요가 있지만, 연준은 정치적 압력과 별개로 물가·고용·성장·금융시장 자료를 근거로 판단해야 한다. 워시 의장이 금리를...",https://www.bntnews.co.kr/article/view/bnt202609070158,1,0.3653,0,drop,candidate_hybrid_gray_drop_score_lt_threshold,1,0.3653,,대출,,candidate_hybrid,1,0.65,0.35
"ECB 10일 금리 결정, 미국 물가도 잇따라 나온다",연준의 9월 연방공개시장위원회(FOMC)는 15~16일 열린다. 연준 일정표에는 한국시간 17일 오전 3시 정책 결정 발표와 오전 3시30분 기자회견이 잡혀 있다. 7월 FOMC 의사록에는 위원회가 기준금리 목표 범위를 유지했고...,https://www.tokenpost.kr/news/economy/403549,13,0.7851,1,keep,candidate_hybrid_keep_overseas_global_reference,13,0.7851,연준;ecb;기준금리,금리,,candidate_hybrid,1,0.65,0.35
상반기 10조 번 LG이노텍 역설···'양산 진통'에 '환율 하락' 겹쳐,효율과 금융 시장의 환경이 동시에 굳어지며 경영진의 고심이 깊어지는 모양새다. 연중 매출의 대부분이... 여기에 최근 원·달러 환율까지 하락세로 돌아서며 매출의 대부분을 달러로 결제받는 LG이노텍의 원화 환산...,https://www.newsfreezone.co.kr/news/articleView.html?idxno=708039,6,0.5077,0,drop,candidate_hybrid_gray_drop_generic_anchor_only,6,0.5077,환율,달러;원화;금융,,candidate_hybrid,1,0.65,0.35
"NDF, 1,344.70/ 1,345.10원…4.85원↑",뉴욕 차액결제선물환(NDF) 시장에서 달러-원 1개월물이 상승했다. 해외브로커들은 8일 달러-원... 미국 금융시장이 노동절로 휴장한 가운데 뉴욕장에서 달러인덱스와 달러-원의 움직임은 제한적이었다. 도널드...,https://news.einfomax.co.kr/news/articleView.html?idxno=4433819,1,0.4486,1,keep,candidate_hybrid_keep_overseas_global_reference,1,0.4486,,달러,,candidate_hybrid,1,0.65,0.35
"국민연금, 왜 환 헤지 멈추고 달러 사나? | 엔·달러 급락, 엔 캐리 청산...","원·달러 환율이 추가적으로 하락하는 것이 모처럼 국제금융시장에서 달러진 원화의 위상을 더 높일 수 있지 않습니까? - 국제기채시장, 경색 현상으로 달러 조달 난망 - 대체 자금원으로 원화 표시 채권 빠르게...",http://www.wowtv.co.kr/NewsCenter/News/Read?articleId=A202609080176&t=NN,2,0.358,0,drop,candidate_hybrid_gray_drop_score_lt_threshold,2,0.358,,채권;달러;원화,,candidate_hybrid,1,0.65,0.35
"[외환] 美 휴장에 1,340원 중반대로 마감","달러-원 틱 차트연합인포맥스 달러-원은 미국 금융시장이 휴장한 가운데 1,340원 중반대로 거래를 마쳤다. 8일 외환시장에서 달러-원 환율은 오전 6시 기준 전 거래일 서울장 종가(1,340.50원) 대비 6.20원 오른 1,346....",https://news.einfomax.co.kr/news/articleView.html?idxno=4433818,5,0.4578,0,drop,candidate_hybrid_gray_drop_score_lt_threshold,5,0.4578,외환시장,달러,,candidate_hybrid,1,0.65,0.35
"원·달러 환율, 1344.92원…소폭 하락 전망",원·달러 환율은 소폭의 하락세를 보일 것으로 전망됐다. 키움증권에 의하면 간밤 미 달러화는 미국 금융시장 휴장 속 특별히 시장에 영향 줄 지표가 부재했던 가운데 엔화 강세 영향으로 주요 통화 대비 약세를...,http://www.joseilbo.com/news/news_read.php?uid=575247&class=18&grp=,4,0.5949,1,keep,candidate_hybrid_keep_overseas_global_reference,4,0.5949,환율,달러,,candidate_hybrid,1,0.65,0.35
"뉴욕증시, 노동절 연휴로 휴장...CPI 앞두고 중동발 '유가 급등' 긴장","금 선물 가격은 온스당 4452달러 수준으로 밀렸고, 외환시장에서는 일본은행의 긴축 기대를 반영해 엔화가 강세를 나타냈다. 달러·엔 환율은 154엔대로 내려가며 지난 2월 이후 가장 낮은 수준을 기록했다. 원·달러...",http://www.joseilbo.com/news/news_read.php?uid=575245&class=53&grp=,5,0.4303,0,drop,candidate_hybrid_gray_drop_score_lt_threshold,5,0.4303,외환시장,달러,,candidate_hybrid,1,0.65,0.35
원/달러 끌어내리는 '달러 매도·엔화 강세'… 1340원대 공방,"서울 외환시장에서 8일 원/달러 환율은 달러 매도 수급 우위와 엔화 강세 연동 가능성을 반영해 하락 압력을... 김유미 키움증권 연구원은 ""달러화는 미국 금융시장 휴장 속 특별히 시장에 영향을 줄 지표가 부재했던...",http://www.the-biz.co.kr/news/articleView.html?idxno=727502,9,0.595,1,keep,candidate_hybrid_keep_strong_domain_rule_anchor,9,0.595,원/달러;외환시장,달러,,candidate_hybrid,1,0.65,0.35
[환율 급락 파장] 기업 경영 불확실성 커졌다…수출전선 악재될까 노심...,7일 서울 외환시장에서 원·달러 환율은 오후 3시30분 기준 전 거래일보다 9.9원 내린 1340.5원을 기록했다.... 김현태 한국금융연구원 연구위원은 “수출기업 입장에서는 회계적으로 원화 환산이익이 줄어드는 효과가 있을...,https://www.dnews.co.kr/uhtml/view.jsp?idxno=202609071509407240971,9,0.4951,1,keep,candidate_hybrid_keep_strong_domain_rule_anchor,9,0.4951,환율;외환시장,달러;원화,,candidate_hybrid,1,0.65,0.35
엔화 장중 154엔 터치… 美 금리 압박 속 반년만 최고,맞춰 달러·엔 환율이 150엔대 안착을 타진할 전망이다. 나아가 엔화 강세가 이어지면 해외로 빠져나갔던 자금의 유턴 흐름이 빨라지며 금융시장 수급을 개선할 수 있다. 다만 미국 인플레이션이 다시 튀어 올라 연준이...,https://www.g-enews.com/view.php?ud=202609080330136145e7e8286d56_1,2,0.6067,1,keep,candidate_hybrid_keep_overseas_global_reference,2,0.6067,,금리;달러,,candidate_hybrid,1,0.65,0.35
"외국인 현·선물 5조원 샀다…삼성전자·SK하이닉스, '7천피' 앞 수급 지...","6% 넘게 급등 마감한 7일 서울 중구 하나은행 딜링룸 현황판에 코스피와 코스닥, 원/달러 환율 등이... 중국 540억달러 금융권 자본확충…AI칩 자립도 가속 중국에서는 금융시장 안정과 AI 반도체 자립이라는 두 가지...",https://www.greened.kr/news/articleView.html?idxno=349463,10,0.3451,1,keep,candidate_hybrid_keep_strong_domain_rule_anchor,10,0.3451,환율;원/달러,코스닥;달러,,candidate_hybrid,1,0.65,0.35
['클릭' 증시] 골드만삭스 찬사에 반도체 폭등,공공뉴스=이화종 기자 인공지능(AI) 데이터센터 투자 확대에 따른 메모리 반도체 수요를 글로벌 금융시... 서울외환시장에서 달러·원 환율은 전 거래일 오후 3시 30분 주간 종가 대비 9.9원 내린 1340.50원에...,http://www.00news.co.kr/news/articleView.html?idxno=106403,5,0.3742,0,drop,candidate_hybrid_gray_drop_score_lt_threshold,5,0.3742,외환시장,달러,,candidate_hybrid,1,0.65,0.35
국민연금 환헤지 중단 … 외환시장 변동성 커지나,외환시장의 수급 구조에도 변화가 나타났다. 다만 급격한 환율 하락 역시 금융시장에는 새로운 변수다.... 7일 서울 외환시장에서 원·달러 환율은 전 거래일보다 9.9원 내린 1340.5원에 마감했다. 이날 환율은 1347.8원으로...,https://www.safetimes.co.kr/news/articleView.html?idxno=245525,8,0.551,1,keep,candidate_hybrid_keep_strong_domain_rule_anchor,8,0.551,환율;외환시장,달러,,candidate_hybrid,1,0.65,0.35
엔화 강세 전환하나 … 달러당 152엔 전망,엔·달러 환율이 달러당 152엔 수준까지 내려갈 수 있다는 전망도 나온다. 한국 금융시장과 수출기업에도 영향이 예상된다. 엔화 강세가 원화 강세와 함께 나타날 경우 원·엔 환율이 올라 일본 여행객의 환전 부담은...,https://www.safetimes.co.kr/news/articleView.html?idxno=245506,2,0.4832,0,drop,candidate_hybrid_gray_drop_score_lt_threshold,2,0.4832,,달러;원화,,candidate_hybrid,1,0.65,0.35
"[매크로인사이트] ""관세·유가는 디플레 요인…美 장기채 금리 급등, 규...","글로벌 금융시장이 미국의 고용·물가 지표와 장기 국채금리 변동성에 주목하는 가운데, 시장에 퍼진... ■ “원·달러 1300원 초반대 하락 열려 있어…9월 증시 지나 중간선거 반전 주목”환율 시장과 관련해 문 팀장은...",http://www.wowtv.co.kr/NewsCenter/News/Read?articleId=A202609070343&t=NN,9,0.6255,1,keep,candidate_hybrid_keep_overseas_global_reference,9,0.6255,환율;국채금리,금리;달러,,candidate_hybrid,1,0.65,0.35
"코스피, 외인·기관 쌍끌이 매수에 7000선 턱밑까지 올라…환율은 1340원...",이날 서울 외환시장에서 원·달러 환율은 전 거래일보다 9.9원 내린 1340.5원에 주간거래를 마쳤다.... 환율 하락은 수입물가와 기업의 달러화 비용 부담을 낮추는 효과가 있는 만큼 국내 금융시장의 안정에도...,https://www.industrynews.co.kr/news/articleView.html?idxno=85631,14,0.4196,1,keep,candidate_hybrid_keep_strong_domain_rule_anchor,14,0.4196,환율;외환시장;국내 금융시장,코스피;달러,,candidate_hybrid,1,0.65,0.35
반도체 훈풍에 금융시장 '요동'…코스피 7000선 눈앞·환율 1340원대,"서울 외환시장에서 원·달러 환율은 전 거래일보다 9.9원 내린 1천340.5원에 마감했다. 환율은 1천347.8원에... 1천330원대를 시장에서 강한 지지선으로 인식할 가능성이 상당히 커 보인다""고 말했다. 향후 금융시장에...",https://www.youthdaily.co.kr/news/article.html?no=226577,10,0.4179,1,keep,candidate_hybrid_keep_strong_domain_rule_anchor,10,0.4179,환율;외환시장,코스피;달러,,candidate_hybrid,1,0.65,0.35
"코스피,4.6% 급등해 6,995선 회복…환율 23개월만에 1,330원대","원·달러 환율은 7일 수출업체의 달러화 매도(네고) 물량 영향으로 약 2년 만에 1,330원대까지 내려갔다. 이후 국민연금 환 헤지 중단이 알려지면서 낙폭을 줄여 1,340원선으로 올라갔다. 이날 서울 외환시장에서...",http://www.seouleconews.com/news/articleView.html?idxno=93591,10,0.5602,1,keep,candidate_hybrid_keep_strong_domain_rule_anchor,10,0.5602,환율;외환시장,코스피;달러,,candidate_hybrid,1,0.65,0.35
美 AI 훈풍에 날개 단 삼전닉스…코스피 '7천피' 턱밑 회복,"6% 넘게 급등 마감한 7일 서울 중구 하나은행 딜링룸 현황판에 코스피와 코스닥, 원·달러 환율 등이... 7일 연합인포맥스 '금융시장종합'(화면번호 3000)에 따르면 코스피는 전 거래일 대비 4.61% 상승한 6,995.39에...",https://news.einfomax.co.kr/news/articleView.html?idxno=4433776,8,0.474,0,drop,candidate_hybrid_gray_drop_generic_anchor_only,8,0.474,환율,코스피;코스닥;달러,,candidate_hybrid,1,0.65,0.35
[시장의 역습②] 엔화 방어에 걸린 미국채… 원화도 '달러 안전망' 시험...,일본이 달러를 마련하려고 미국채를 처분하면 이를 소화하는 미국 시장의 금융 조건이 나빠질 수 있어서다.... 미국채 시장의 불안과 달러 확보 경쟁이 잦아들면 한국에도 이익이다. 먼저 기대할 변화는 원·달러 환율의...,http://www.newsroad.co.kr/news/articleView.html?idxno=63910,2,0.5423,1,keep,candidate_hybrid_keep_overseas_global_reference,2,0.5423,,달러;금융,,candidate_hybrid,1,0.65,0.35
원화 약 2년 만에 최고치… 국민연금 환헤지 전격 중단,"로이터는 ""국민연금이 외환 헤지를 멈추면서 급격한 원화 강세에 노출된 금융시장이 한숨을 돌리게 됐다""라며 ""일부 시장 참가자들은 연금의 헤지 재개 시점과 외환 당국의 후속 미세조정 여부가 원·달러 환율의 중기...",https://www.g-enews.com/view.php?ud=202609071405324725e7e8286d56_1,2,0.6095,0,drop,candidate_hybrid_drop_generic_market_or_ipo_noise,2,0.6095,,달러;원화,,candidate_hybrid,1,0.65,0.35
"[외환] 연저점 찍고 연금 환헤지 중단에 낙폭 축소…1,340원대 초중반","7일 서울 외환시장에서 달러-원 환율은 오전 11시 3분 현재 전 거래일 서울장 종가(1,350.40원) 대비 7.40원... 달러-원은 장 초반부터 낙폭을 빠르게 키우며 1,330원대까지 급락하기도 했다. 미국 금융시장이 노동절로...",https://news.einfomax.co.kr/news/articleView.html?idxno=4433749,5,0.3833,0,drop,candidate_hybrid_gray_drop_score_lt_threshold,5,0.3833,외환시장,달러,,candidate_hybrid,1,0.65,0.35
[미국 이란 전쟁] 이란 충돌 재개에 두바이유 100달러…韓산업 비용 압...,"9월 첫째 주 원·달러 환율 평균은 1363.5원으로 올해 들어 낮은 수준까지 내려왔다. 달러로 항공유·리스료... 미국에서는 이미 유가와 디젤 가격 상승이 물가 우려를 키웠고, 국제 금융시장에서도 에너지 가격 상승이...",https://www.topstarnews.net/news/articleView.html?idxno=16185399,4,0.4224,1,keep,candidate_hybrid_keep_overseas_global_reference,4,0.4224,환율,달러,,candidate_hybrid,1,0.65,0.35
"달러-원 1345.80원, 2024년 10월 저점 시험",연합인포맥스는 이날 오전 9시 7분 기준 서울외환시장에서 달러-원 환율이 전 거래일 서울장 종가보다 4.... 주말 사이 미국과 이란이 선박 공격을 주고받으면서 브렌트유 선물은 96달러대로 올랐다. 미국 금융시장...,https://www.tokenpost.kr/news/economy/403721,5,0.457,0,drop,candidate_hybrid_gray_drop_score_lt_threshold,5,0.457,외환시장,달러,,candidate_hybrid,1,0.65,0.35
[오늘 금시세] 순금 1돈 얼마?,"국제 금 가격은 글로벌 경기와 금융시장 상황, 달러화 가치 등에 영향을 받으며 국내 금 시세 역시 국제 금값과 원·달러 환율, 국내 수급 및 거래업체별 가격 기준 등에 따라 움직인다. 한편 이날 오전...",https://www.ggilbo.com/news/articleView.html?idxno=1180018,4,0.6097,1,keep,candidate_hybrid_keep_overseas_global_reference,4,0.6097,환율,달러,,candidate_hybrid,1,0.65,0.35
[외환] 2024년 10월 후 저점 또 깰까…4.60원↓,"7일 서울외환시장에서 달러-원 환율은 오전 9시 7분 현재 전 거래일 서울장 종가 대비 4.60원 내린 1,345.... 96달러대로 상승해 거래되고 있다. 미국 금융시장은 이날 노동절로 휴장한다. 코스피는 장 초반 3.34...",https://news.einfomax.co.kr/news/articleView.html?idxno=4433718,5,0.39,0,drop,candidate_hybrid_gray_drop_score_lt_threshold,5,0.39,외환시장,달러,,candidate_hybrid,1,0.65,0.35
환율 1330원대로 뚝…고유가 악재 덜어낸 항공주 다시 '날갯짓',실제로 지난 4일 서울 외환시장에서 원·달러 환율은 전날보다 8.9원 내린 1350.4원에 마감했다. 이날도 원화... 다만 환율 하락세가 지나치게 빠르게 진행되거나 글로벌 금융시장 환경이 바뀔 경우 원화 약세로 되돌아갈...,https://www.imaeil.com/page/view/2026090710115065649,9,0.5029,1,keep,candidate_hybrid_keep_strong_domain_rule_anchor,9,0.5029,환율;외환시장,달러;원화,,candidate_hybrid,1,0.65,0.35
개인·외인·기관 모두 팔았다…코스피 7000선 발목,또한 미국 8월 소비자물가지수(CPI)와 유럽중앙은행(ECB) 정책금리 결정이 겹치면서 글로벌 금융시장의... 다만 상장 시점 원·달러 환율이 정점이었던 탓에 투자자 다수가 원화 기준 손실권일 가능성이 큰 상황이다....,https://www.sedaily.com/article/20087832?ref=naver,8,0.6327,1,keep,candidate_hybrid_keep_overseas_global_reference,8,0.6327,ecb,코스피;달러;원화,,candidate_hybrid,1,0.65,0.35
원·달러 환율 1340원선 붕괴…1년11개월 만에 최저,7일 서울외환시장에서 원·달러 환율은 오전 장중 전 거래일 종가보다 10.9원(0.81%) 내린 1339.5원까지... 최근 이어진 환율 하락세에 낙폭까지 확대됐다. 글로벌 금융시장의 달러화 흐름과 국내외 투자자 수급이 맞물리며...,https://www.ziksir.com/news/articleView.html?idxno=145578,8,0.6446,1,keep,candidate_hybrid_keep_strong_domain_rule_anchor,8,0.6446,환율;외환시장,달러,,candidate_hybrid,1,0.65,0.35
원·달러 환율 1년11개월만에 최저치…1340원 하회,최근 원·달러 환율 하락세가 이어지는 가운데 이날에는 낙폭이 더욱 확대되는 모습이다. 글로벌 금융시장에서 달러화 흐름과 국내외 투자자들의 수급이 맞물리면서 원화 강세에 힘이 실린 것으로 풀이된다....,https://www.ebn.co.kr/news/articleView.html?idxno=1723195,5,0.6026,1,keep,candidate_hybrid_keep_overseas_global_reference,5,0.6026,환율,달러;원화,,candidate_hybrid,1,0.65,0.35
"1,560원 찌르던 환율 1,350원 붕괴… 증시 판도 싹 바꿨다","이미지=연합뉴스 6월 초 장중 1,560원을 뚫어내며 금융위기 이후 최고치를 기록했던 원·달러 환율이 불과... 6일 금융투자업계에 따르면 지난 4일 서울 외환시장에서 달러 대비 원화 환율은 전장보다 8.9원 내린 1,350....",https://www.fntoday.co.kr/news/articleView.html?idxno=392253,9,0.6037,1,keep,candidate_hybrid_keep_strong_domain_rule_anchor,9,0.6037,환율;외환시장,달러;원화,,candidate_hybrid,1,0.65,0.35
[오늘의 외환분석] 美고용 서프라이즈도 못 말린 원화 질주,"7일 달러-원 환율은 미국의 고용 서프라이즈에도 제한됐던 반등 폭을 확인하며 1,350원 아래로 천천히 밀려날 전망이다. 미국의 8월 비농업 고용은 전월보다 16만2천명 증가했다. 시장 전망치인 5만6천명의 약 3배다....",https://news.einfomax.co.kr/news/articleView.html?idxno=4433673,2,0.5165,0,drop,candidate_hybrid_drop_generic_market_or_ipo_noise,2,0.5165,,달러;원화,,candidate_hybrid,1,0.65,0.35
"'사상 첫 수능만점' 일 냈다…美 AI 훈풍에 코스피 6,900 회복",원/달러 환율은 오전 8시47분 하나은행 고시 기준 달러당 1347.00원을 기록했다. [연합뉴스] 코스피가 3%대... 7일 연합인포맥스 '금융시장종합'(화면번호 3000)에 따르면 오전 9시13분 기준 코스피지수는 전 거래일 대비...,https://news.einfomax.co.kr/news/articleView.html?idxno=4433674,7,0.3883,1,keep,candidate_hybrid_gray_keep_domain_score_ge_threshold,7,0.3883,원/달러,코스피;달러,,candidate_hybrid,1,0.65,0.35
"""싸게 달러 샀다"" 몰린 서학개미···원화 더 오르자 미국채 수익률 흔...",채권 가격은 금리와 반대로 움직이기 때문에 국채금리가 추가로 오르면 기존 채권 가격은 하락 압력을 받는다. 시카고상품거래소 페드워치에 따르면 시장은 9월 연방공개시장위원회에서 기준금리가 0.25%포인트 인상될...,https://www.smartbizn.com/news/articleView.html?idxno=153272,11,0.7419,0,drop,candidate_hybrid_drop_model_keep_without_domain_anchor,11,0.7419,국채금리;기준금리,채권;달러;원화,,candidate_hybrid,1,0.65,0.35
'살얼음판' 美 10년물 금리 5% 시험대 올랐다,예정돼 채권시장의 긴장감이 커지고 있습니다. 현지시간 지난 4일 글로벌 금리의 벤치마크 역할을 하는 미 10년물 국채 금리는 8월 예상치보다 강한 고용지표에 장중 4.81%까지 올랐습니다. 앞서 지난 2일에는 4.82%까지...,https://biz.sbs.co.kr/article_hub/20000333312?division=NAVER,4,0.6793,0,drop,candidate_hybrid_drop_generic_market_or_ipo_noise,4,0.6793,국채,금리,,candidate_hybrid,1,0.65,0.35
반도체 ETF 두 자릿수 뛰어도 개미는 팔았다…美금리 5%에 '안정형' 이동,"○ 국채 입찰 이어 PPI·CPI…금리 방향 확인할 한 주 이번 주 미국 채권시장은 대규모 공급과 물가지표를 잇따라 소화한다. 미 재무부는 8일 580억달러 규모 3년물에 이어 9일 390억달러 규모 10년물, 10일 220억달러...",https://www.topstarnews.net/news/articleView.html?idxno=16186205,4,0.5898,1,keep,candidate_hybrid_keep_overseas_global_reference,4,0.5898,국채,금리,,candidate_hybrid,1,0.65,0.35
"“위험한 선택에는 대가가 따릅니다”, 이란 외교부 대변인이 한글로 남...","루치르 샤르마가 보는 벤치마크는 10년물 미국 국채 금리다. 벌써 4.8%까지 올랐는데 5%를 넘기면 많은 기업들이 채권 시장에서 밀려나게 된다. 어제 미국 3대 지수는 모두 빠졌다. S&P500과 다우, 나스닥 지수는 각각 -0.38%와...",https://slownews.kr/166071,5,0.5889,0,drop,candidate_hybrid_drop_generic_market_or_ipo_noise,5,0.5889,국채,채권,,candidate_hybrid,1,0.65,0.35
"[증시전략] 뉴욕증시, 노동절로 휴장…금리 불안 속 반도체 랠리?","- 바이백 확대+10년물 발행까지…美 국채금리 '폭풍전야' - 9일 채권시장 분수령…10년물 국채 발행+바이백 확대 - BofA ""9월 투자등급 회사채 발행량 1900억달러"" - 8월 역대 최대인 1630억달러 발행…9월 전망 낮춰 - 지난해...",https://biz.sbs.co.kr/article_hub/20000333278?division=NAVER,12,0.6109,0,drop,candidate_hybrid_drop_generic_market_or_ipo_noise,12,0.6109,회사채;국채;국채금리,금리,,candidate_hybrid,1,0.65,0.35
"'뚫을까?'... 채권시장, 美국채 10년물 금리 5% 돌파 여부 예의주시",예정돼 채권시장의 긴장감이 확대되는 분위기다. 지난 4일(현지시간) 글로벌 금리의 벤치마크 역할을 하는 미 10년물 국채 금리는 8월 예상치보다 강한 고용지표에 장중 4.81%까지 올랐다. 앞서 지난 2일에는 4.82%까지...,https://www.getnews.co.kr/news/articleView.html?idxno=880096,4,0.6779,0,drop,candidate_hybrid_drop_generic_market_or_ipo_noise,4,0.6779,국채,금리,,candidate_hybrid,1,0.65,0.35
"미 10년물 금리 5%선 다시 넘보나?…국채·회사채 대규모 발행, 물가 지...",미국 10년 만기 국채금리가 5%선을 시험할 가능성이 커지면서 미국 채권시장의 긴장감이 높아지고 있다. 노동절 연휴 이후 대규모 국채 입찰과 회사채 발행이 이어지는 데다 주요 물가지표까지 발표될 예정이어서 금리...,https://www.econovill.com/news/articleView.html?idxno=750113,12,0.7883,0,drop,candidate_hybrid_drop_generic_market_or_ipo_noise,12,0.7883,회사채;국채;국채금리,금리,,candidate_hybrid,1,0.65,0.35
[데일리 머니마켓] 유가 급등·엔화 강세,"◆채권시장 미국 국채 현물시장이 노동절로 휴장한 가운데 유럽과 일본의 주요국 국채 금리는 일제히 상승했다. 로이터은 7일(현지시각) “독일 10년물 국채 금리는 약 3.39%로 올랐고, 영국과 일본의 10년물 금리도...",https://www.bigtanews.co.kr/article/view/big202609080002,3,0.7134,0,drop,candidate_hybrid_drop_generic_market_or_ipo_noise,3,0.7134,국채,,,candidate_hybrid,1,0.65,0.35
美 10년물 금리 5% 넘나…국채 입찰·회사채 발행·물가 ‘삼중 시험대...,미국 10년 만기 국채 금리가 심리적 경계선인 5%에 다가서면서 채권시장의 긴장감이 높아지고 있다. 이번 주 대규모 회사채 발행과 국채 입찰에 주요 물가지표 발표까지 겹쳐 금리의 추가 상승 여부를 가를 전망이다....,https://www.kbmaeil.com/article/20260908500019,8,0.7732,0,drop,candidate_hybrid_drop_generic_market_or_ipo_noise,8,0.7732,회사채;국채,금리,,candidate_hybrid,1,0.65,0.35
[외신 헤드라인] 애플 보란듯…화웨이·샤오미 폴더블폰 동시 출시,"◇ 선진국 국채 맥 못 추는 사이…월가, 신흥국 '눈독' 그런가하면 국채시장에선 신흥국 채권이 뜻밖의 승자로 주목받고 있습니다. 최근 석달간 중국과 인도, 태국을 비롯한 일부 신흥국에선 국채금리가 하락했는데, 올해...",https://biz.sbs.co.kr/article_hub/20000333275?division=NAVER,7,0.5892,0,drop,candidate_hybrid_drop_generic_market_or_ipo_noise,7,0.5892,국채;국채금리,,,candidate_hybrid,1,0.65,0.35
美 10년물 금리 5% 시험대…회사채·국채입찰 몰린 '살얼음판',"이번 주 대규모 국채 입찰과 회사채 발행, 주요 물가 지표 발표가 잇따라 예정돼 채권 시장의 긴장감이 커지고 있다. 미국 10년 만기 국채 금리가 5% 선 돌파 여부를 가늠할 시험대가 될 전망이다. 지난 4일(현지시간)...",https://www.fnnews.com/news/202609080610349014,10,0.7848,0,drop,candidate_hybrid_drop_generic_market_or_ipo_noise,10,0.7848,회사채;국채,금리;채권,,candidate_hybrid,1,0.65,0.35
美 10년물 금리 5% 시험대…국채·회사채 발행에 물가 발표까지 ‘살얼...,"미국 10년 만기 국채 금리가 5% 선을 시험할 것이라는 전망이 나오는 가운데 이번 주 대규모 국채 입찰과 회사채 발행, 주요 물가지표 발표가 한꺼번에 몰리면서 채권시장에 긴장감이 감돌고 있다. 금리가 심리적...",https://biz.heraldcorp.com/article/10865577?ref=naver,8,0.7578,0,drop,candidate_hybrid_drop_generic_market_or_ipo_noise,8,0.7578,회사채;국채,금리,,candidate_hybrid,1,0.65,0.35
"[글로벌 비즈 브리핑] 골드만삭스 ""코스피 1만2천 간다…시장이 과소평...","간다…시장이 과소평가"" ▲국채 맥 못 추는데…월가, 신흥국 주목 ▲4천300억대 비트코인 털렸다…리퀴드... 채권 금리 상승이 예상보다 길어질 것이란 전망에 투자자들이 국채를 대거 매도하자 글로벌 채권 금리는 20년...",https://biz.sbs.co.kr/article_hub/20000333268?division=NAVER,8,0.6113,0,drop,candidate_hybrid_drop_generic_market_or_ipo_noise,8,0.6113,국채,금리;코스피;채권,,candidate_hybrid,1,0.65,0.35
"국채 맥 못 추는데…월가, 신흥국 주목",채권 금리 상승이 예상보다 길어질 것이란 전망에 투자자들이 국채를 대거 매도하자 글로벌 채권 금리는... 피에르이브 바로 JP모간 신흥시장 채권 최고투자책임자(CIO)는 “선진국 채권시장이 혼란한 가운데 신흥시장이...,https://biz.sbs.co.kr/article_hub/20000333264?division=NAVER,6,0.6843,0,drop,candidate_hybrid_drop_generic_market_or_ipo_noise,6,0.6843,국채,금리;채권,,candidate_hybrid,1,0.65,0.35
美 10년물 국채 금리 5% 넘어갈까?…노동절 이후 회사채·국채 입찰 몰려,"예정돼 채권시장의 긴장감이 커지고 있습니다. 지난 4일(현지시간) 글로벌 금리벤치마크 역할을 하는 미 10년물 국채 금리는 8월 예상치보다 강한 고용지표에 장중 4.81%까지 올랐고, 앞서 지난 2일 4.82%까지 오르며 2023년...",https://biz.sbs.co.kr/article_hub/20000333260?division=NAVER,8,0.7853,0,drop,candidate_hybrid_drop_generic_market_or_ipo_noise,8,0.7853,회사채;국채,금리,,candidate_hybrid,1,0.65,0.35
美 부채가 AI 붐 끊나…국채 5%가 분수령,주식시장에서도 안전한 국채의 상대적인 매력이 커진다. 샤르마는 국채금리 5%가 미국 증시의 이익수익률마저 웃돌 수 있다고 지적했다. 이익수익률은 기업이 벌어들이는 이익을 주가와 비교한 것으로 채권과 주식의...,https://www.g-enews.com/view.php?ud=2026090721085837659a1f309431_1,7,0.6153,0,drop,candidate_hybrid_drop_generic_market_or_ipo_noise,7,0.6153,국채;국채금리,,,candidate_hybrid,1,0.65,0.35
美국채금리 19년만에 최고…하트넷 '민주당 싹쓸이땐 증시 10% 이상 하락...,"글로벌 채권 수익률이 2007년 이후 최고 수준에 이른 가운데 이 같은 진단을 내놨다. 미국 10년물 국채 수익률은 4.81%, 30년물은 5.31%까지 올랐다. 독일 10년물 분트 금리는 3.38%로 2011년 이후 최고치를, 일본 10년물...",https://www.tokenpost.kr/news/market/403898,9,0.6593,0,drop,candidate_hybrid_drop_generic_market_or_ipo_noise,9,0.6593,국채;국채금리,채권,,candidate_hybrid,1,0.65,0.35
[마켓인사이드] 9월 FOMC 앞두고 트럼프와 워시 정면충돌,정부 부채가 이미 막대한 규모로 증가한 상황에서 장기금리가 높은 수준에 머물면 국채 이자비용 부담이... 채권시장에서는 단기금리 상승 압력이 커지고 달러에는 강세 요인이 될 수 있다. 9월 금리 결정은 주식·채권...,https://www.news2day.co.kr/article/20260907500291,7,0.4373,0,drop,candidate_hybrid_drop_generic_market_or_ipo_noise,7,0.4373,국채,금리;주식;채권,,candidate_hybrid,1,0.65,0.35
"[오늘과 내일/이상훈]美日 고금리, 韓 주담대 이자로 날아온다","글로벌 국채 금리 상승은 쉽지 않은 이슈이지만, 평생 채권 투자와 거리가 먼 평범한 사람들에게도 ‘남의 일’이 아니다. 주택담보대출을 받은 개인, 자영업자, 기업 누구도 피할 수 없다. 국채 금리는 금융 시장의...",https://www.donga.com/news/Opinion/article/all/20260907/134623347/2,7,0.637,0,drop,candidate_hybrid_drop_corporate_macro_noise,7,0.637,국채,금리;채권;금융,,candidate_hybrid,1,0.65,0.35
바닥 없는 엔화 하락에 '엔 캐리 트레이드 청산' 경고,채권시장 역시 요동치며 일본 10년 만기 국채 금리가 지난 2일 장중 3%를 돌파해 1996년 이후 약 30년 만에 최고치를 기록했다. 미·일 10년물 국채 금리 격차는 지난해 1월 351.46bp에서 최근 약 180bp 수준으로 좁혀져 1년 반...,http://www.hansbiz.co.kr/news/articleView.html?idxno=862923,4,0.5816,0,drop,candidate_hybrid_drop_generic_market_or_ipo_noise,4,0.5816,국채,금리,,candidate_hybrid,1,0.65,0.35
[채권-마감] 약세 스티프닝…外人 매수보다 강한 위험 선호,채권시장은 장 초반만 해도 약세 분위기가 우세했다. 미국 고용지표가 예상 밖의 서프라이즈를 나타내며 미 국채 금리가 상승한 부분을 반영해서다. 미국 8월 비농업 부문 고용은 전월 대비 16만2천 명 증가하며 시장...,https://news.einfomax.co.kr/news/articleView.html?idxno=4433796,5,0.4413,0,drop,candidate_hybrid_drop_generic_market_or_ipo_noise,5,0.4413,국채,채권,,candidate_hybrid,1,0.65,0.35
바이백 확대 개시에 10년물 발행까지…美 국채금리 ‘폭풍전야’,미국 노동절 연휴가 끝나고 시장이 다시 열릴 8일(현지 시간) 이후 대규모 회사채·국채 발행과 함께 미... 대규모 채권 공급은 국채 수요를 분산시켜 국채금리 상승(국채 가격 하락)으로 이어질 수 있다. 특히 미국...,https://www.sedaily.com/article/20088135?ref=naver,13,0.7873,0,drop,candidate_hybrid_drop_generic_market_or_ipo_noise,13,0.7873,회사채;국채;국채금리,채권,,candidate_hybrid,1,0.65,0.35
"선진국 국채 맥 못 추는 사이…월가, 신흥국 '눈독'",채권 금리 상승이 예상보다 길어질 것이란 전망에 투자자들이 국채를 대거 매도하자 글로벌 채권 금리는... 피에르이브 바로 JP모간 신흥시장 채권 최고투자책임자(CIO)는 “선진국 채권시장이 혼란한 가운데 신흥시장이...,https://www.hankyung.com/article/2026090794241,6,0.7046,0,drop,candidate_hybrid_drop_generic_market_or_ipo_noise,6,0.7046,국채,금리;채권,,candidate_hybrid,1,0.65,0.35
"[단독]생보 빅4, 올해 국공채 투자 14조 줄였다",글로벌 장기 국채금리 상승으로 시장 불안이 커지는 상황에서 대형 생명보험사들이 올 들어서만 국공채... 지난해 하반기 국내 증시 호황이 시작되자 생보사들이 국공채를 포함한 채권 투자를 줄이고 주식 투자를...,https://www.sedaily.com/article/20088092?ref=naver,10,0.6156,1,keep,candidate_hybrid_keep_strong_domain_rule_anchor,10,0.6156,생명보험;국채금리,주식;채권,,candidate_hybrid,1,0.65,0.35
"법인세 두 배 걷힌다는데, 감면은 77% 더 늘었다","06 사설 · 칼럼 비평 주목국채금리를 올린 범인이 임금과 정부 지출이라는 통념에 대한 반론 「‘채권시장 붕괴’인가, 세계 국채금리 급등의 진짜 원인」  마이클 로버츠 참세상 · 09/07 세계 국채 수익률이 2008년 이후...",https://newscham.net/articles/117163,7,0.698,0,drop,candidate_hybrid_drop_generic_market_or_ipo_noise,7,0.698,국채;국채금리,,,candidate_hybrid,1,0.65,0.35
"월가 ""채권 매도, 미국만의 문제 아니다…정부 부채가 원인""",주요국 정부 부채가 역사적 수준으로 불어나면서 전 세계 채권 시장에 강력한 경고등이 들어왔다. 미국뿐만 아니라 주요 선진국 국채 금리가 동반 급등(채권 가격 폭락)하는 등 글로벌 국채 매도세가 걷잡을 수 없이...,https://news.einfomax.co.kr/news/articleView.html?idxno=4433778,5,0.6814,0,drop,candidate_hybrid_drop_generic_market_or_ipo_noise,5,0.6814,국채,채권,,candidate_hybrid,1,0.65,0.35
"메리츠증권, 국내 유일 日 30년 국채 ETN 내놓는다",환율 움직임이 성과에 미치는 영향을 제한함으로써 일본 초장기 국채 자체의 가격 변화가 수익률에 보다 직접적으로 반영되도록 한 것이다. 엔화 전망과 채권시장 전망을 분리해 일본 금리의 방향성에 투자하려는...,http://www.lkp.news/news/articleView.html?idxno=83775,6,0.5968,0,drop,candidate_hybrid_drop_generic_market_or_ipo_noise,6,0.5968,환율;국채,,,candidate_hybrid,1,0.65,0.35
임형도의 경제노트 (51회),"미국에서 시작된 국채 매도세가 일본과 영국, 독일 등 주요국 채권시장으로 번지면서 글로벌 금융 시장이 크게 흔들렸습니다. 미국 10년물 국채 금리는 장중 4.82%까지 지솟으며 지난 2023년 11월 이후 34개월 만에 최고치를...",https://www.obsnews.co.kr/news/articleView.html?idxno=1536603,4,0.6977,0,drop,candidate_hybrid_drop_generic_market_or_ipo_noise,4,0.6977,국채,금융,,candidate_hybrid,1,0.65,0.35
"[투자전략 따라잡기] 미 국채금리 5% 가면 답 없다 ""9월 금리 동결 가능...","미국 10년물 국채금리는 4.8% 부근까지 치솟았고, 일본 10년물 국채금리도 최근 3%를 돌파하면서 30년 만에 최고 수준까지 올라왔는데요. 글로벌 채권시장 불안, 어느 정도의 위험요인으로 보고 계십니까? - 美·日...",https://biz.sbs.co.kr/article_hub/20000333157?division=NAVER,9,0.8386,1,keep,candidate_hybrid_keep_overseas_global_reference,9,0.8386,국채금리;미 국채금리,금리,,candidate_hybrid,1,0.65,0.35
‘슈퍼 엔저’ 끝나나…엔 캐리 청산에 한국 증시도 긴장,채권시장 역시 요동치고 있다. 일본 10년 만기 국채 금리가 지난 2일 장중 3%를 돌파하며 1996년 이후 약 30년 만에 최고치를 기록했다. Kis자산평가에 따르면 지난해 1월 351.46bp에 달했던 미·일 10년물 국채 스프레드는...,https://www.dt.co.kr/article/12082490?ref=naver,6,0.6519,0,drop,candidate_hybrid_drop_generic_market_or_ipo_noise,6,0.6519,스프레드;국채,,,candidate_hybrid,1,0.65,0.35
"""채권 사기엔 이르다""…AI·반도체가 금리 다시 밀어 올릴 수도",국채 금리가 오르는 과정에서도 채권과 주식의 내재변동성 지표인 MOVE와 VIX가 오히려 낮아졌다는 점도... 미국 8월 비농업고용은 16만2000명 증가해 시장 예상치 5만~6만명을 크게 웃돌았다. 다만 하나증권은 최근 수치의...,https://www.ebn.co.kr/news/articleView.html?idxno=1723266,6,0.591,0,drop,candidate_hybrid_drop_generic_market_or_ipo_noise,6,0.591,국채,금리;채권,,candidate_hybrid,1,0.65,0.35
환율 1년 11개월 만에 최저...기업·서학개미는 달러 사재기,"미국의 8월 비농업 고용이 시장 전망을 크게 웃돌면서 미국의 금리 인상 전망과 달러 강세가... 세계 채권시장에서는 미국 국채 매도세가 나타나고 있다. 미국의 재정적자와 국가부채 증가, 인플레이션 우려가 국채...",https://www.banronbodo.com/news/articleView.html?idxno=32963,8,0.7036,1,keep,candidate_hybrid_keep_overseas_global_reference,8,0.7036,환율;국채,금리;달러,,candidate_hybrid,1,0.65,0.35
월드 뉴스 브리프 (기준일시: 2026년 9월 07일 월요일 10:00),"금융시장의 주요 변수로 떠올랐다. 최근 일본은행의 추가 금리 인상 전망과 인플레이션 우려가 겹치면서 일본 국채금리가 빠르게 상승했고, 이에 따라 해외 채권과 주식에 투자할 때보다 일본 국내 채권을 보유할 유인이...",http://www.ifs.or.kr/bbs/board.php?bo_table=globalnewsfocus&wr_id=457,5,0.59,0,drop,candidate_hybrid_gray_drop_score_lt_threshold,5,0.59,국채금리,금리,,candidate_hybrid,1,0.65,0.35
가파른 환율 하락세 속 강세 반전…국고 3년 0.2bp↓,채권시장은 장 초반만 해도 약세 분위기가 우세했다. 미국 고용지표가 예상 밖의 서프라이즈를 나타내며 미 국채 금리가 상승한 부분을 반영해서다. 미국 8월 비농업 부문 고용은 전월 대비 16만2천 명 증가하며...,https://news.einfomax.co.kr/news/articleView.html?idxno=4433750,6,0.4752,0,drop,candidate_hybrid_drop_generic_market_or_ipo_noise,6,0.4752,환율;국채,,,candidate_hybrid,1,0.65,0.35
"‘채권시장 붕괴’인가, 세계 국채금리 급등의 진짜 원인","그 결과 투자자의 수요보다 국채 공급이 더 빠르게 늘어난다. 이는 정부가 더 높은 금리를 제시하도록 만들고 유통시장의 채권 수익률도 끌어올린다. 더 큰 문제는 중앙은행들이다. 이들은 긴축적 통화정책, 즉...",https://newscham.net/articles/117160,9,0.6736,0,drop,candidate_hybrid_drop_generic_market_or_ipo_noise,9,0.6736,국채;국채금리,채권,,candidate_hybrid,1,0.65,0.35
[내년 채권 수급은] 미래대응기금 단기채 투자 기대…한전채 축소 효과...,낙찰금리가 적용돼 사실상 국채 수익률 이상을 목표로하는 구조라고 짚었다. 그는 그러면서 정부가 해외투자보다 국내투자를 장려하는 기조인만큼 미래대응기금도 최대 50%가량이 국내 채권시장에 유입될 수 있고...,https://news.einfomax.co.kr/news/articleView.html?idxno=4433722,9,0.552,1,keep,candidate_hybrid_keep_strong_domain_rule_anchor,9,0.552,국채;국내 채권시장,채권,,candidate_hybrid,1,0.65,0.35
국채선물 약세 출발…美 고용 서프라이즈 반영,미국 고용 지표가 예상 밖의 서프라이즈를 나타내면서 미 국채 금리가 상승한 부분을 반영한 것으로 보인다. 채권시장에 따르면 이날 오전 8시 54분 현재 3년 국채선물은 전 거래일 대비 6틱 내린 103.11을 나타냈다....,https://news.einfomax.co.kr/news/articleView.html?idxno=4433712,3,0.3405,0,drop,candidate_hybrid_drop_generic_market_or_ipo_noise,3,0.3405,국채,,,candidate_hybrid,1,0.65,0.35
"한국 30년 국채금리, 주요국 중 가장 많이 올라...유진투자증권, 3개월간...","국채금리가 이처럼 급등하고 있는 것은 불확실성(기간 프리미엄)과 성장 과열이 반영된 데 따른 것이다. 유진투자증권 허재환 이코노미스트는 이날 보고서에서 ""일본 투신을 통한 투자자금이 한국 주식과 채권시장에...",http://www.beyondpost.co.kr/view.php?ud=2026090710173812512aaae0046f_30,4,0.6584,0,drop,candidate_hybrid_drop_model_keep_without_domain_anchor,4,0.6584,국채금리,,,candidate_hybrid,1,0.65,0.35
"[뉴욕은 지금] ""곡사포보다 채권시장""…베센트 말 돌려주는 이란","미국 국채 시장이다. 갈리바프 의장은 지난달 23일 트럼프 행정부가 물가를 잡기 위해 냉동육 수입을 늘리려 하자 채권을 거론했다. 갈리바프 의장은 ""채권은 어떻게 할 건가. 얼어붙은 금리라도 수입할 건가""라고...",https://news.einfomax.co.kr/news/articleView.html?idxno=4433698,3,0.6413,0,drop,candidate_hybrid_drop_generic_market_or_ipo_noise,3,0.6413,국채,,,candidate_hybrid,1,0.65,0.35
"다우 0.51% 하락, 고용 호조가 금리 압박 키웠다",채권시장에서는 단기물을 중심으로 약세가 나타났다. 미국 10년물 국채금리는 전 거래일 오후 3시 기준가보다 2.10bp 오른 4.7840%를 기록했다. 국채가격이 내려가면 수익률은 오른다. 단기 금리가 상대적으로 더...,https://www.tokenpost.kr/news/market/403613,5,0.5069,0,drop,candidate_hybrid_gray_drop_score_lt_threshold,5,0.5069,국채금리,금리,,candidate_hybrid,1,0.65,0.35
미국 금리 왜 오르나…연준 인상 우려·인플레·재정 부담 겹쳐,"미국의 재정 부담과 채권시장 수급 여건도 금리 상승 압력으로 꼽힌다. 국채 발행량 자체는 지난해보다 크게 늘지 않았지만, AI 관련 하이퍼스케일러들의 대규모 회사채 조달이 이어지면서 회사채 시장이 빠르게...",http://www.joseilbo.com/news/news_read.php?uid=575188&class=18&grp=,13,0.752,1,keep,candidate_hybrid_keep_overseas_global_reference,13,0.752,연준;회사채;국채,금리,,candidate_hybrid,1,0.65,0.35
"""美 국채시장 추가 혼란 대비해야…해외 수요 위축""","최근 글로벌 국채금리가 급등한 가운데 투자자들이 미국 채권시장의 추가적인 혼란에 대비해야 한다는 진단이 나왔다. 경제학자 모하메드 엘 에리언은 4일(현지시간) CNBC와의 인터뷰에서 ""중국과 일본처럼 미국 국채를...",https://news.einfomax.co.kr/news/articleView.html?idxno=4433685,4,0.554,0,drop,candidate_hybrid_gray_drop_score_lt_threshold,4,0.554,국채금리,,,candidate_hybrid,1,0.65,0.35
"[노현우의 채권분석] 수상한 고용, 그리고 면역력",美 경기민감 업종 고용 개선 '눈길' 7일 서울 채권시장은 국고채 3년물 입찰을 소화하며 변동성을 보일 것으로 보인다. 미 국채 금리 상승에 장 초반 다소 약세를 보이다가 입찰 이후 강해지는 흐름을 예상한다. 국고채...,https://news.einfomax.co.kr/news/articleView.html?idxno=4433677,4,0.6074,0,drop,candidate_hybrid_gray_drop_score_lt_threshold,4,0.6074,국채,금리,,candidate_hybrid,1,0.65,0.35
"코스피, 반도체 랠리에 3%대 급등...6900선 회복",채권시장에서도 금리가 상승했다. 미 동부시간 오후 3시 기준 2년 만기 국채금리는 전 거래일보다 4.7bp(1bp=0.01%포인트) 오른 4.379%를 기록했다. 10년 만기 국채금리는 2.2bp 상승한 4.783%로 집계됐다. 다만 뉴욕증시...,https://www.greened.kr/news/articleView.html?idxno=349349,6,0.6524,1,keep,candidate_hybrid_model_keep_prob_ge_threshold_with_domain_anchor,6,0.6524,국채금리,코스피,,candidate_hybrid,1,0.65,0.35
"中은행들, 달러 예금 끌어모아 美 국채 사들이는 이유",중국에서는 내수 부진과 물가 상승 둔화로 국채 금리가 하락하면서 채권시장으로 자금이 몰리고 있다. 은행들이 달러를 해외의 미 국채에 투자하면 이 같은 국내 채권시장 쏠림을 일부 완화할 수 있다는 것이다. 다만...,https://www.ajunews.com/view/20260907091956940,8,0.6811,1,keep,candidate_hybrid_keep_strong_domain_rule_anchor,8,0.6811,국채;국내 채권시장,달러,,candidate_hybrid,1,0.65,0.35
"장초반 韓-日증시 & SK하이닉스·삼성전자 '활짝', 원화 '절하'",이 시각 일본 채권시장에서는 JP 10Y JGB가 2.917%까지 오르는 등 대부분 국채금리가 상승 중이다. 앞서 지난 4일(현지시간) 뉴욕증권거래소에 따르면 이날 다우존스(-0.51%) 나스닥(-0.29%) S&P500(-0.38%) 등 뉴욕증시 3대...,http://www.choicenews.co.kr/news/articleView.html?idxno=171009,5,0.5685,0,drop,candidate_hybrid_drop_generic_market_or_ipo_noise,5,0.5685,국채금리,원화,,candidate_hybrid,1,0.65,0.35
[원자재 시황] 미 고용지표 호조에 금값 하락,이번 주 CPI가 예상보다 강하게 나올 경우 채권시장이 연준의 추가 긴축을 선반영하며 국채금리를 더 끌어올릴 가능성이 있다. 특히 10년물 금리가 다시 5%에 근접할 경우 주식시장에는 상당한 부담으로 작용할...,https://www.ebn.co.kr/news/articleView.html?idxno=1723186,4,0.6579,0,drop,candidate_hybrid_drop_generic_market_or_ipo_noise,4,0.6579,국채금리,,,candidate_hybrid,1,0.65,0.35
금리를 둘러싼 힘겨루기…말 한마디에 금값이 춤췄다,25%포인트 금리 인상 명분이 커진다. 금 투자자는 숫자 자체보다 발표 직후 2년물 국채금리와 달러가 같은... 그럼에도 채권시장은 먼저 인상 가능성을 높였다. 발표 후 9월 FED WATCH 금리인상 확률은 약 55%에서 62%로...,https://zdnet.co.kr/view/?no=20260907085106,10,0.6775,0,drop,candidate_hybrid_drop_model_keep_without_domain_anchor,10,0.6775,fed;국채금리,금리,,candidate_hybrid,1,0.65,0.35
145억달러 美 국채 바이백 임박…비트코인·XRP '2차 랠리' 기대,"대상은 만기 10~30년 장기 국채다. 9월 한 달 동안 재무부가 시장에서 흡수할 채권 규모는 약... 머무는 국채 금리를 안정시키려는 것이라고 짚었다. 스콧 베센트 재무장관이 금리 안정을 시도하는 동안, 암호화폐 시장은...",https://www.digitaltoday.co.kr/news/articleView.html?idxno=698573,10,0.648,1,keep,candidate_hybrid_keep_strong_domain_rule_anchor,10,0.648,국채;암호화폐,금리;채권,,candidate_hybrid,1,0.65,0.35
"다올투자증권, 6분기 연속 ""흑자 행진""...PF 줄였지만 본업 수익성 제고...",부동산 PF 시장 위축 이후 실적 변동성이 컸던 것과 비교하면 연결 기준 이익 흐름은 안정되는 추세다.... 연결 기준 실적에는 다올저축은행과 다올자산운용 등 계열사 실적이 반영되는 만큼 연결 순이익 증가와...,https://www.youthdaily.co.kr/news/article.html?no=226576,10,0.7012,1,keep,candidate_hybrid_keep_strong_domain_rule_anchor,10,0.7012,저축은행;pf,실적;순이익,,candidate_hybrid,1,0.65,0.35
은행 막자 보험까지 ‘풍선효과’…석 달 새 ‘약관대출’ 2.5조원 급증,주택공급을 뒷받침하기 위한 부동산 프로젝트파이낸싱(PF) 사업자 보증도 올해 23조원에서 내년 33조원으로 확대한다. 캠코펀드 3조원을 추가로 조성하고 은행·보험권 신디케이트론을 늘려 부실 PF 사업장 정상화에도...,http://www.joseilbo.com/news/news_read.php?uid=575206&class=18&grp=,14,0.6239,1,keep,candidate_hybrid_keep_strong_domain_rule_anchor,14,0.6239,은행;pf;프로젝트파이낸싱,부실,,candidate_hybrid,1,0.65,0.35
"[CEO와칭] 위기에서 성장으로…황준호 다올투자증권 대표, 체질 개선 증...",◆리스크 덜어낸 자리에 채운 '디지털 신사업 시동' 체질 개선의 핵심 축은 부동산 PF 리스크 관리다.... 다올저축은행 초대 대표이사 2023년 3월~ 다올투자증권 대표이사(다올저축은행 대표이사 겸직) 2026년 3월...,http://www.metroseoul.co.kr/article/20260907500156,8,0.6176,1,keep,candidate_hybrid_keep_strong_domain_rule_anchor,8,0.6176,저축은행;pf,,,candidate_hybrid,1,0.65,0.35
[빛과그림자] PF는 줄이고…지분 구성 다변화,"55%), 흥국저축은행(5.43%) 등 5% 이상 주주가 늘면서, 향후 경영 환경 변화나 수사 결과에 따라 지배구조에 새로운 변수가 생길 가능성도 완전히 배제하기는 어렵다. 황 대표는 취임 이후 부동산 PF 관련 위험 자산을...",http://www.metroseoul.co.kr/article/20260907500154,8,0.7555,1,keep,candidate_hybrid_keep_strong_domain_rule_anchor,8,0.7555,저축은행;pf,,,candidate_hybrid,1,0.65,0.35
강남 재건축 이주 1만 가구… 전월세 시장 불벼락,금리 상승기에 지방 부동산 경기 악화와 PF 부실 확대가 겹치면서 저축은행발 크레딧 리스크가 부동산 PF 시장에 미칠 파장을 경계해야 한다는 지적이 나온다. ▶기사 바로가기: 외인도 기관도 개미도…‘아무도...,https://www.sedaily.com/article/20087836?ref=naver,11,0.7513,1,keep,candidate_hybrid_keep_strong_domain_rule_anchor,11,0.7513,저축은행;pf,금리;부실,,candidate_hybrid,1,0.65,0.35
[더벨]대신F&I 회사채 흥행 1500억 모집에 10배 수요,"민평 대비 스프레드 역시 2년물 -10bp, 3년물 -28bp에서 모집 물량을 채워 이번 발행과 비슷한 수준이었다. 이번 흥행에는 우호적인 시장 환경과 대신F&I의 NPL 투자 비중 확대가 맞물린 결과로 풀이된다. 국내...",https://www.thebell.co.kr/free/content/ArticleView.asp?key=202609071726413120103824,11,0.5612,0,drop,candidate_hybrid_drop_generic_market_or_ipo_noise,11,0.5612,npl;회사채;스프레드,,,candidate_hybrid,1,0.65,0.35
[고금리 산업계 풍경②] 단기자금시장 변동성 전망에 기업 '촉각',"추석자금 수요와 분기 말 자금유출로 단기자금시장 변동성 우려 변동성에 회사채·CP 수요 위축되면 기업 발행금리 일부 상승압력 회사채 크레디트 스프레드 확대[출처: 연합인포맥스, AI 생성이미지] (서울...",https://news.einfomax.co.kr/news/articleView.html?idxno=4433812,10,0.5981,0,drop,candidate_hybrid_gray_drop_generic_anchor_only,10,0.5981,회사채;cp;스프레드,,,candidate_hybrid,1,0.65,0.35
"[마켓인]롯데오토리스, 회사채 수요예측에 목표액 5배 주문","롯데오토리스(A+)가 롯데렌탈의 원리금 지급보증을 앞세워 회사채 수요예측에서 모집액의 5배가 넘는 매수... 가산금리(스프레드)는 모집액 기준 1.5년물이 롯데렌탈 개별민평금리 대비 +29bp(1bp=0.01%포인트), 2년물은...",https://www.edaily.co.kr/News/Read?newsId=03854006645577824&mediaCodeNo=257&utm_source=naver&utm_medium=referral&utm_campaign=news_syndication&utm_content=original_article,7,0.5494,0,drop,candidate_hybrid_gray_drop_generic_anchor_only,7,0.5494,회사채;스프레드,,,candidate_hybrid,1,0.65,0.35
"대신F&I, 회사채 수요예측서 모집액 10배 넘는 자금 몰려","7일 투자은행(IB) 업계에 따르면 대신에프앤아이는 이날 1천500억원 규모의 회사채 발행을 위한... 가산금리(스프레드)는 2년물이 개별 민평금리보다 15bp(1bp=0.01%포인트) 낮은 수준에서, 3년물은 민평 대비 26p 낮게...",https://www.yna.co.kr/view/AKR20260907130800008?input=1195m,7,0.5791,0,drop,candidate_hybrid_gray_drop_generic_anchor_only,7,0.5791,회사채;스프레드,,,candidate_hybrid,1,0.65,0.35
"""美 중간선거 앞둔 투자 전략…관세보다 금리 봐야""<하나證>",신용스프레드는 회사채와 국채 간 금리 차이다. 관세 유예나 통상 합의 이후 장기금리가 내려가고 신용스프레드까지 안정돼야 금융여건이 실제로 개선됐다고 볼 수 있다는 분석이다. 반대로 연방준비제도(Fed·연준)에...,https://www.news2day.co.kr/article/20260907500041,17,0.6436,0,drop,candidate_hybrid_drop_generic_market_or_ipo_noise,17,0.6436,연준;fed;스프레드;국채,금리,,candidate_hybrid,1,0.65,0.35
"'10조 대어' 무신사, IPO 시동…코스피 상장 예비심사 신청","지난해 8월 무신사는 국내외 주요 증권사를 대상으로 IPO 주관사 선정을 위한 입찰제안요청서(RFP)를 발송하며 상장 준비에 착수한 것으로 알려진다. 지난해 12월 무렵 주관사단 선정이 완료된 것으로 확인되며, 올해...",https://www.news2day.co.kr/article/20260908500017,6,0.5976,0,drop,candidate_hybrid_drop_generic_market_or_ipo_noise,6,0.5976,ipo,코스피,,candidate_hybrid,1,0.65,0.35
"한국거래소 ""무신사, 코스피 상장예심 신청""…'MZ 협업' 한국투자증권과...","증권사와 패션·뷰티 플랫폼이 함께 마련한 첫 실전투자대회로, 기존 수익률 경쟁에서 벗어나 투자와... 이번 상장예비심사 신청으로 무신사의 기업공개(IPO) 절차가 본격화하면서 공동대표주관사인 한국투자증권의...",http://www.biztribune.co.kr/news/articleView.html?idxno=358595,6,0.6269,0,drop,candidate_hybrid_drop_generic_market_or_ipo_noise,6,0.6269,ipo,코스피,,candidate_hybrid,1,0.65,0.35
지스타 간판 꿰찬 '크랙'…뤼튼 IPO 힘 싣는다,뤼튼은 주요 증권사에 주관사 선정을 위한 입찰제안요청서(RFP)를 발송하는 등 내년 이후 상장을 목표로 IPO에 속도를 내고 있다. 지난달에는 1000억원 규모의 시리즈C 투자를 유치하면서 기업가치 1조원 이상을...,https://www.newsway.co.kr/news/view?ud=2026090716305658613,4,0.5432,0,drop,candidate_hybrid_drop_generic_market_or_ipo_noise,4,0.5432,ipo,,,candidate_hybrid,1,0.65,0.35
"[더벨]에버스핀, 내달 예심 청구…일반상장 트랙 택했다","대표주관사는 KB증권이 맡았다. 예비심사를 통과한 뒤 증권신고서 제출과 수요예측, 일반청약 등 후속... 국내에서는 은행과 카드사, 증권사, 보험사 등 금융회사를 중심으로 고객 기반을 확보했다. 공공기관과 핀테크...",https://www.thebell.co.kr/free/content/ArticleView.asp?key=202609031617470200109624,9,0.627,1,keep,candidate_hybrid_keep_strong_domain_rule_anchor,9,0.627,카드사;증권사;보험사,,,candidate_hybrid,1,0.65,0.35
[딥엑스 IPO] 주관 경쟁하려면 100억 투자해야…10조 대형사도 고민,AI 반도체 호황에 피지컬AI 칩으로 데카콘 상장 기대주…최소 100억 PI 태울 증권사만 가능한 리그로 피지컬 AI 반도체 기업 딥엑스가 기업공개(IPO)를 준비하면서 주관 경쟁에 참여할 증권사들에 100억원 이상의 투자를...,https://dealsite.co.kr/articles/168519,4,0.4653,0,drop,candidate_hybrid_drop_generic_market_or_ipo_noise,4,0.4653,ipo,,,candidate_hybrid,1,0.65,0.35
[Who Is ?] 신재욱 NH투자증권 대표이사,운용 과정에서 손실이 발생하더라도 만기 보유 시에는 증권사가 원금을 지급해야하는 의무가 있다.... 금융위에 따르면 NH투자증권 해당 임원은 NH투자증권이 공개매수를 주관했던 11개 종목의 공개매수 관련...,https://www.businesspost.co.kr/BP?command=article_view&num=445389,6,0.5039,1,keep,candidate_hybrid_gray_keep_domain_score_ge_threshold,6,0.5039,금융위,,,candidate_hybrid,1,0.65,0.35
"신한투자증권, 티앤이코리아 IPO 'IB 역량' 가늠자된다",이번 상장에서 주관 증권사는 신한투자증권이 맡았다. 신한투자증권은 오는 10월 수요예측 조사를 진행해 하반기 내 상장을 마무리 짓겠다는 계획이다. 앞서 신한투자증권은 올해 상반기 IPO 가뭄에 직격탄을 맡았다....,https://www.fetv.co.kr/news/articleView.html?idxno=309767,4,0.4109,0,drop,candidate_hybrid_drop_generic_market_or_ipo_noise,4,0.4109,ipo,,,candidate_hybrid,1,0.65,0.35
"""알짜 딜만 골랐다""…하나증권, 인수·주선수수료 4배↑ '8위→1위' 돌풍",기업공개(IPO)와 회사채 발행 위축으로 증권사 투자은행(IB) 시장이 얼어붙은 가운데 하나증권(대표 강성묵)이 인수 및 주선수수료 수익 1위로 뛰어 올랐다. 공모채 주관 물량을 늘리는 전통적 방식보다 수수료율이...,http://www.consumernews.co.kr/news/articleView.html?idxno=763255,11,0.6491,0,drop,candidate_hybrid_drop_generic_market_or_ipo_noise,11,0.6491,증권사;회사채;ipo,,,candidate_hybrid,1,0.65,0.35
청약 흥행 참패했는데 상장 후 주가 대박…상한가 친 새내기주는,증권사 IPO본부도 된서리를 맞았다. 최근 제도 개선으로 의무보유 확약 비중이 40%에 미달하면 주관사가 공모 물량의 1%를 직접 취득해 6개월 의무보유해야 한다. 스카이랩스 상장 주관사인 한국투자증권은 당초 상장...,https://www.mk.co.kr/article/12146562,8,0.5897,0,drop,candidate_hybrid_drop_generic_market_or_ipo_noise,8,0.5897,증권사;ipo,주가,,candidate_hybrid,1,0.65,0.35
"'8조대어' 무신사, 코스피 상장예비심사신청서 제출...IPO 절차 돌입",국내 최대 패션 플랫폼 무신사가 코스피 기업공개(IPO)를 위한 본격적인 절차에 착수했다. 올해 상반기 최대... 주관사를 따내기 위한 증권사간 치열한 경쟁도 벌어졌다. 시장에서는 상장 시점이 가까워지면서 무신사의...,https://www.mt.co.kr/stock/2026/09/07/2026090718161465560,6,0.5786,0,drop,candidate_hybrid_drop_generic_market_or_ipo_noise,6,0.5786,ipo,코스피,,candidate_hybrid,1,0.65,0.35
새내기 스카이랩스 상한가 … IPO시장 반전 신호탄 되나,증권사 IPO본부도 된서리를 맞았다. 최근 제도 개선으로 의무보유 확약 비중이 40%에 미달하면 주관사가 공모 물량의 1%를 직접 취득해 6개월 의무보유해야 한다. 스카이랩스 상장 주관사인 한국투자증권은 당초 상장...,https://www.mk.co.kr/article/12146392,7,0.5724,0,drop,candidate_hybrid_drop_generic_market_or_ipo_noise,7,0.5724,증권사;ipo,,,candidate_hybrid,1,0.65,0.35
"[생활경제 캠페인-224] ""상장 임박·큰 이익"" 믿고 투자했다가 손실…철...","특히, 상장을 주관하는 증권사 선임, 업체를 대신해 주주명부 작성 관리 등을 맡기기 위한... 이외에 거래소 KIND에서 상장예비심사 신청 회사 목록을 공개하고 있고, 예비심사가 승인되어 기업공개(IPO)를 진행하고 있다면...",http://www.efnews.co.kr/news/articleView.html?idxno=132186,7,0.5441,0,drop,candidate_hybrid_drop_generic_market_or_ipo_noise,7,0.5441,증권사;ipo,,,candidate_hybrid,1,0.65,0.35
"무신사, 코스피 상장 시동…거래소에 예비심사 청구","온 IPO 기대감을 현실화함에 따라, 향후 상장 과정에서 인정받을 최종 기업가치(밸류에이션)에 촉각을 곤두세우고 있다. 무신사의 이번 코스피 상장 공동대표주관회사는 대형 증권사인 한국투자증권과 외국계...",https://www.ebn.co.kr/news/articleView.html?idxno=1723311,6,0.5898,0,drop,candidate_hybrid_drop_generic_market_or_ipo_noise,6,0.5898,ipo,코스피,,candidate_hybrid,1,0.65,0.35
"'상장 임박' 믿고 샀다간 낭패…금감원, 비상장주식 투자 주의",특히 대표주관회사인 증권사를 선임하지 않았거나 주주명부 작성·관리 등을 맡기는 명의개서대행계약을... 기업공개(IPO)를 진행하는 경우에는 DART에 제출된 증권신고서도 확인할 수 있다. 금감원은 다수 투자자를 상대로...,https://www.newspim.com/news/view/20260907001042,10,0.6691,1,keep,candidate_hybrid_keep_strong_domain_rule_anchor,10,0.6691,금감원;ipo,,,candidate_hybrid,1,0.65,0.35
[기획] 심사지연·공모가 붕괴·코너스톤 ‘3중 덫’… IPO 반토막,하지만 주관사 실무 현장에서는 경직된 보호예수 조건과 사전 투자자 접촉에 따른 업무 부담이 가뜩이나 위축된 공모시장의 양극화를 키울 수 있다는 우려가 나온다. 한 대형 증권사 IPO 관계자는 “11월 중순 이후 시행...,https://www.dt.co.kr/article/12082548?ref=naver,7,0.5958,0,drop,candidate_hybrid_drop_generic_market_or_ipo_noise,7,0.5958,증권사;ipo,,,candidate_hybrid,1,0.65,0.35
"유안타증권, 하반기 IB '재시동'…인수금융 넓히고 IPO도 노크",2023년 이후 IPO 대표주관 실적이 없는 유안타증권은 올해 2건 이상의 기업에 대해 상장 청구를 목표로 하고... 1%로 자본 1조원 이상 중형 증권사 10곳 가운데 유일하게 4%대를 기록했다. 랩·투자일임 자산 확대에 힘입어...,https://www.greened.kr/news/articleView.html?idxno=349367,7,0.461,0,drop,candidate_hybrid_drop_generic_market_or_ipo_noise,7,0.461,증권사;ipo,,,candidate_hybrid,1,0.65,0.35
"‘상장 임박’ 믿고 샀다간 낭패…금감원, 비상장주식 투자 주의 당부","대표주관회사는 기업실사와 공모가 산정, 청약·배정 등 IPO 전반을 총괄한다. 금융위원회로부터 인가받은 금융투자회사여야 하며 통상 증권사가 맡는다. 투자권유자가 특정 증권사를 대표주관사라고 설명했다면 해당...",https://www.thepowernews.co.kr/view.php?ud=202609071336319935de3f0aa1be_7,22,0.6709,1,keep,candidate_hybrid_keep_strong_domain_rule_anchor,22,0.6709,금감원;금융위원회;금융위;ipo,,,candidate_hybrid,1,0.65,0.35
"비상장주식 투자, 공시서류와 상장 단계 꼭 확인하세요… 증권신고서 없...","여부 △대표주관회사(증권사) 선임 등 상장 추진 단계 등을 반드시 확인해야 한다고 당부했다. 특히... 금감원 관계자는 ""한국거래소에서 상장예비심사 신청 회사 목록을 공개하고 있으며 예비심사가 승인돼 기업공개(IPO)...",https://www.hankookilbo.com/news/article/A2026090711160005265?did=NA,13,0.5506,1,keep,candidate_hybrid_keep_strong_domain_rule_anchor,13,0.5506,금감원;증권사;ipo,,,candidate_hybrid,1,0.65,0.35
"[단독] 메리츠증권, 첫 해외 법인에 주명 전 한투證 홍콩법인장 영입",국내 증권사의 홍콩법인 중에선 처음 채권 발행 주관(DCM) 사업을 개시하는 성과를 냈다. 2023년 글로벌... 최근 미국 상장이 어려워진 중국 기업들의 기업공개(IPO)를 위한 대체 시장으로서 주목받고 있기도 하다....,https://www.sisajournal-e.com/news/articleView.html?idxno=423544,6,0.4902,0,drop,candidate_hybrid_drop_generic_market_or_ipo_noise,6,0.4902,ipo,채권,,candidate_hybrid,1,0.65,0.35
"출범 2년 맞은 우리투자증권, IB 존재감도 레벨업",◇IPO 주관 업무 본격화…IB 진용 갖춘 우투 7일 투자은행(IB) 업계에 따르면 지난달 자율주행 인공지능(AI)... 은행계 증권사로서의 강점 또한 작용하고 있다. 우리투자증권의 경우 인력 영입으로 구성을 갖춘 신설팀의...,https://news.einfomax.co.kr/news/articleView.html?idxno=4433684,4,0.6282,0,drop,candidate_hybrid_drop_generic_market_or_ipo_noise,4,0.6282,ipo,,,candidate_hybrid,1,0.65,0.35
[생생경제] 공매도 감시망에 걸린 '리콜 누락'…운용사·증권사 책임은,제재 대상이 될 수 있습니다. 방지조치 의무 위반의 과태료 기준금액은 법인 1억원입니다. ◆ 운용사가 1차 잔고 책임…증권사는 확인·수탁 통제 책임은 운용사와 PBS 증권사에 똑같이 나뉘는 구조가 아닙니다. 공매도...,http://www.srtimes.kr/news/articleView.html?idxno=211721,9,0.6278,1,keep,candidate_hybrid_keep_strong_domain_rule_anchor,9,0.6278,증권사;공매도;제재,,,candidate_hybrid,1,0.65,0.35
"코리안리, 운용수익률 10% 육박…주식 확대·환이익 덕봤다",8일 손해보험협회에 따르면 올해 2분기 말 기준 코리안리의 운용자산이익률은 전 분기 대비 3.4%포인트(p)... 탄탄한 실적에 힘입어 재무 건전성 지표인 지급여력비율(K-ICS·킥스)도 작년 말보다 12.9%p 오른 210.71%를...,https://news.einfomax.co.kr/news/articleView.html?idxno=4433821,11,0.6316,1,keep,candidate_hybrid_keep_strong_domain_rule_anchor,11,0.6316,손해보험;킥스,건전성;주식,,candidate_hybrid,1,0.65,0.35
"교보생명, 자본증권 5000억 발행 9일 뒤 4700억 상환…기본자본 줄어든다","내년부터 기본자본 지급여력비율(K-ICS·킥스)을 별도로 규제하는 제도가 시행되는 만큼 교보생명의 자본... 투자매매중개업자가 12건, 1,960억원을 주문했고 연기금·운용사·은행·보험 등은 6건, 2,500억원을...",http://www.srtimes.kr/news/articleView.html?idxno=211793,8,0.6592,1,keep,candidate_hybrid_keep_strong_domain_rule_anchor,8,0.6592,은행;킥스,,,candidate_hybrid,1,0.65,0.35
"흥국생명, 일시납 연금 판매·주식 호재에 보험·투자손익 개선 [금융사...",경과조치 적용 후 지급여력(K-ICS·킥스)비율은 205.8%로 1분기 말 197.7%보다 8.1%포인트 상승했다. 지급여력금액이 4조1496억원에서 4조4851억원으로 증가하며 금리 상승에 따른 보험위험액 확대와 요구자본 증가를...,https://www.fntimes.com/html/view.php?ud=202609071507044430ed56b8e1f8_18,7,0.5604,1,keep,candidate_hybrid_gray_keep_domain_score_ge_threshold,7,0.5604,킥스,금리;주식,,candidate_hybrid,1,0.65,0.35
공개매각 앞둔 롯데손보… 건전성·지분구조 변수 주목,"다만 최근 시장금리 상승으로 보험사 건전성 부담이 일부 완화된 데다 기본자본 킥스 규제에도 2035년까지 경과조치가 적용되는 만큼, 인수자가 단기간에 대규모 자본을 확충해야 하는 부담은 제한적일 수 있다는...",https://www.ekoreanews.co.kr/news/articleView.html?idxno=87951,10,0.6544,1,keep,candidate_hybrid_keep_strong_domain_rule_anchor,10,0.6544,보험사;킥스,건전성,,candidate_hybrid,1,0.65,0.35
"[치솟는 금리, 금융업 향방은-中] 보험사, '약점' 자본건전성 개선",보험사의 킥스 비율이 올라간 이유는 시중금리 상승 때문이다. 보험사는 금리가 오르면 보험 부채 규모가 줄고 자본이 늘어난다. 이러면 킥스의 분자가 증가해 자본건전성이 개선된다. 상반기 킥스 비율이 하락한...,https://www.sisajournal-e.com/news/articleView.html?idxno=423557,9,0.6614,1,keep,candidate_hybrid_keep_strong_domain_rule_anchor,9,0.6614,보험사;킥스,금리,,candidate_hybrid,1,0.65,0.35
"""증자해도 못 버틴다"" … 중소형 보험사 기본자본 '빨간불'",7일 금융권에 따르면 6월 말 기준 기본자본 킥스 비율이 50% 미만인 보험사는 하나생명·KDB생명·iM라이프·하나손보·흥국화재·롯데손보 등 6곳으로 나타났다. 하나생명의 기본자본 킥스 비율은 1분기 말 20.89%에서...,https://biz.newdaily.co.kr/site/data/html/2026/09/07/2026090700196.html,8,0.6913,1,keep,candidate_hybrid_keep_strong_domain_rule_anchor,8,0.6913,보험사;킥스,,,candidate_hybrid,1,0.65,0.35
"예별손보 놓친 흥국화재, 수익성·건전성 '두 마리 토끼 잡기' 가속...킥...","[사진=흥국화재] 태광그룹 금융계열사 흥국화재가 올해 상반기 보장성보험 중심의 체질 개선으로 CSM... 흥국화재의 올 6월 말 기준 경과조치 적용 후 지급여력(K-ICS, 킥스)비율은 201.5%를 기록했다. 지난 3월 말 195.3...",https://www.greened.kr/news/articleView.html?idxno=349376,7,0.5925,1,keep,candidate_hybrid_gray_keep_domain_score_ge_threshold,7,0.5925,킥스,건전성,,candidate_hybrid,1,0.65,0.35
"보험이익 반토막·M&A 불발…'보험통' 김대현, 첫해부터 시험대",내년부터 금융당국이 기본자본 킥스비율에 대한 규율을 본격화할 경우 흥국화재로서는 기본자본 확충이 시급한 경영 과제가 될 수밖에 없다. 김 대표의 어깨가 무거운 이유다. 1990년 KB손해보험의 전신인 LG화재에...,https://dealsite.co.kr/articles/168422,3,0.6031,0,drop,candidate_hybrid_gray_drop_score_lt_threshold,3,0.6031,손해보험,,,candidate_hybrid,1,0.65,0.35
"[KDB생명 매각] 자본잠식 개선됐지만…KDB생명, 기본자본 악화에 부담 여...",문제는 내년부터 기본자본 킥스비율 규제가 도입된다는 점이다. 금융당국은 보험사의 자본을 손실흡수력이 높은 기본자본과 상대적으로 낮은 보완자본으로 구분해 기본자본 킥스비율을 별도로 관리하기로 했다. 최종...,https://dealsite.co.kr/articles/168390,0,0.6094,0,drop,candidate_hybrid_gray_drop_score_lt_threshold,0,0.6094,,,,candidate_hybrid,1,0.65,0.35
"보험사 수익증권 금리자산, 내년 할인율 반영",킥스는 보험사의 가용자본을 요구자본으로 나눈 건전성 지표다. 할인율 산식이 바뀌면 보험부채 평가액과 자본 여력 산정에도 영향을 줄 수 있다. 본지는 앞서 금리 상승이 보험사 K-ICS 비율과 재무 건전성 변수로 작용할...,https://www.tokenpost.kr/news/policy/403589,11,0.6592,1,keep,candidate_hybrid_keep_strong_domain_rule_anchor,11,0.6592,보험사;킥스,금리;건전성,,candidate_hybrid,1,0.65,0.35
"[A 증시리포트] DB손해보험, 새 밸류업 정책에 기대감 ↑...배당 가능재...","DB손해보험이 배당을 높이는 밸류업 2.0 정책을 발표하면서 기대감을 키우고 있다. DB손보가 '지속 가능한... 정 연구원은 ""추가적 M&A가 없으면 킥스비율은 2027~2028년도에 220%가 상회할 것으로 예상된다""고 내다봤다....",https://www.asiaa.co.kr/news/articleView.html?idxno=261330,3,0.5422,0,drop,candidate_hybrid_gray_drop_score_lt_threshold,3,0.5422,손해보험,,,candidate_hybrid,1,0.65,0.35
보험사 부채 할인율 높여 생산적 금융 늘린다…자본규제 완화,"할인율을 산출하는 과정에서 보험사들은 킥스 산출 시 변동성 조정(VA)을 적용하고, 재무제표에선 유동성 프리미엄을 적용한다. 변동성 조정과 유동성 프리미엄은 산출 방식이 동일하지만, 변동성 조정은 유동성...",https://news.einfomax.co.kr/news/articleView.html?idxno=4433662,16,0.6539,1,keep,candidate_hybrid_keep_strong_domain_rule_anchor,16,0.6539,보험사;킥스;유동성;생산적 금융,금융,,candidate_hybrid,1,0.65,0.35
"[보험사 이모저모] 외국계 보험사, 언제든 '헤어질 결심'","M&A 시장에서 외국계 보험사는 매력적인 카드다. IFRS17 도입 이후 국내 토종 중소형사들이 지급여력비율(K-ICS·킥스) 방어에 어려움을 겪는 것과 달리, 글로벌 기준에 맞춰 자본을 관리해 온 외국계는 탄탄한...",https://news.einfomax.co.kr/news/articleView.html?idxno=4433657,8,0.6763,1,keep,candidate_hybrid_keep_strong_domain_rule_anchor,8,0.6763,보험사;킥스,,,candidate_hybrid,1,0.65,0.35
"이창길 지앤넷 대표 ""실손24·민간, 경쟁 아닌 공존…국민 편익 우선돼...","그는 보험업계가 부담하는 실손24 구축·운영비 역시 결국 소비자와 무관하지 않다고 봤다. 이 대표는 ""민간 출자금 형태여서 국회가 직접 감독하기 어려운 부분도 있다""며 ""비용 부담이 결국 국민의 보험료 부담으로...",https://www.newsworks.co.kr/news/articleView.html?idxno=852831,4,0.4132,0,drop,candidate_hybrid_gray_drop_score_lt_threshold,4,0.4132,보험업계,보험료,,candidate_hybrid,1,0.65,0.35
건강보험 재정에 비상등…내년 보험료율 동결이냐 인상이냐,"올해 3년 만에 인상됐던 건강보험료율이 2년 연속 오를지 주목된다. 건강보험 재정의 적자 전환이 점쳐지는... 맴돌며 실손보험이 공적 공백을 메우는 실정을 개선해야 한다고 제언했다. 홍 국장은 ""희귀 난치질환 등...",https://www.news1.kr/bio/welfare-medical/6282481,0,0.391,0,drop,candidate_hybrid_gray_drop_score_lt_threshold,0,0.391,,,,candidate_hybrid,1,0.65,0.35
국민30%에 천만원 기초대출…민주당의 ‘기초금융법’,저소득층의 의료비 부담을 낮추기 위해 서민금융진흥원 등이 보험료 일부를 부담하는 공공 실손보험 형태의 금융상품 도입이 검토되고 있다. 대출뿐 아니라 의료비 위험까지 금융지원의 범주에 포함해 취약계층의 경제적...,https://www.munhwa.com/article/11615167?ref=naver,1,0.3341,0,drop,candidate_hybrid_model_drop_prob_le_threshold,1,0.3341,,보험료,,candidate_hybrid,1,0.65,0.35
제주 풍수해·지진재해보험료 지원 확대,또한 세입자와 실손보상형 보험 가입자도 보험료 지원 혜택을 받을 수 있게 된다. 도는 지원 대상 확대로 주거 형태에 따른 지원 사각지대가 줄어들 것으로 보고 있다.,https://www.jejumaeil.net/news/articleView.html?idxno=404456,1,0.2069,0,drop,candidate_hybrid_model_drop_prob_le_threshold,1,0.2069,,보험료,,candidate_hybrid,1,0.65,0.35
제주도 이달부터 풍수해·지진재해보험 추가 지원 확대 적용,기존 지방비 추가 지원에서 제외된 일부 가입자의 보험료 부담을 줄이고 재해취약지역 주민과 경제적 취약계층 등 보험 가입을 확대하기 위한 것이다. 일반 세입자와 실손·비례보상형 주택보험 가입자를 신규 지원...,http://www.samdailbo.com/news/articleView.html?idxno=269986,2,0.289,0,drop,candidate_hybrid_model_drop_prob_le_threshold,2,0.289,,보험료;실손,,candidate_hybrid,1,0.65,0.35
"2026 금융 국감 돋보기③ 보험업계, 5세대 실손 부진·전산화 지지부진...","5세대 실손, 첫 달 전환율 0.1% 금융위원회는 지난 5월 6일 보험료를 낮추고 중증질환 보장을 강화한 5세대 실손의료보험을 출시했다. 급여 통원 진료는 건강보험 본인부담률과 연동해 정책 효과를 높이고, 중증...",http://www.dailypop.kr/news/articleView.html?idxno=102276,17,0.4399,1,keep,candidate_hybrid_keep_strong_domain_rule_anchor,17,0.4399,금융위원회;금융위;보험업계,실손;금융,,candidate_hybrid,1,0.65,0.35
"국민 30%에 1000만원 저리대출… 민주당, '기초금융법' 추진",기초 보험은 서민금융진흥원 등이 보험료 일부를 부담하는 공공 실손보험을 통해 저소득층의 의료비 부담을 낮추는 방식이 검토된다. 토론회에서는 기초금융 도입에 필요한 재원 마련 방안도 논의될 예정이다. 앞서...,https://www.newscj.com/news/articleView.html?idxno=3430685,1,0.4092,0,drop,candidate_hybrid_gray_drop_score_lt_threshold,1,0.4092,,보험료,,candidate_hybrid,1,0.65,0.35
"[금융계 8월 동향] 교보생명, 지속가능경영 실천···디지털 금융 생태...","이 외에 고객센터 디지털 고객창구ㆍ야간 상담 서비스를 운영하며 실손보험 청구 간소화, 사회복지사 복지... 이 외에 지난 6월엔 업계 최초로 원화 스테이블코인을 활용한 보험료 수납, 보험금 지급 서비스의 구현...",http://www.wsobi.com/news/articleView.html?idxno=317688,14,0.566,1,keep,candidate_hybrid_keep_strong_domain_rule_anchor,14,0.566,스테이블코인;원화 스테이블코인,보험료;원화;금융,,candidate_hybrid,1,0.65,0.35
이제 주택 세입자도 자연재난 보험료 일부 지원,"재해취약지역 주택 가입자는 마찬가지로 빠졌지만 이제는 보험료의 40%를 받는다. 실손보상형 단독주택 보험의 경우 일반 가입자는 20%, 차상위계층·한부모가족은 60%, 기초생활수급자는 40%를 추가 지원한다. 이번...",https://www.jejusori.net/news/articleView.html?idxno=506275,1,0.3013,0,drop,candidate_hybrid_model_drop_prob_le_threshold,1,0.3013,,보험료,,candidate_hybrid,1,0.65,0.35
"""경제적 위기가 금융에서 영구 배제로 이어지지 않도록""…민주당, '기초...",아울러 의료비 부담 완화를 위해 서민금융진흥원 등이 보험료 일부를 보조하는 '기초 보험(공공 실손보험)' 제도 도입도 주요 추진 과제다. 발제는 신용회복위원회 용역 연구를 수행한 김상봉 한성대 교수가 맡으며...,https://www.thepublic.kr/news/articleView.html?idxno=317761,1,0.3841,0,drop,candidate_hybrid_drop_corporate_macro_noise,1,0.3841,,보험료,,candidate_hybrid,1,0.65,0.35
"제주 풍수해보험, 세입자·재해취약지역 주민까지","기존에는 주택 소유자와 정액보상형 보험 중심으로 추가지원이 이뤄졌으나, 이번 조치로 세입자와 실손보상형 보험 가입자도 보험료 지원 혜택을 받을 수 있게 된다.",https://www.jejudomin.co.kr/news/articleView.html?idxno=322127,1,0.2637,0,drop,candidate_hybrid_model_drop_prob_le_threshold,1,0.2637,,보험료,,candidate_hybrid,1,0.65,0.35
"일반 세입자도…제주도, 풍수해·지진재해보험 지원 확대","실손보상형 단독주택 보험은 일반 가입자에게 개인부담 보험료의 20%, 차상위계층과 한부모가족에게 60%, 기초생활수급자에게 40%를 추가 지원한다. 재해취약지역 주택 가입자는 개인부담금의 40%를 지원 받는다....",https://www.newsis.com/view/NISX20260907_0003778950,0,0.3456,0,drop,candidate_hybrid_model_drop_prob_le_threshold,0,0.3456,,,,candidate_hybrid,1,0.65,0.35
지방비 제외됐던 제주 일반 세입자 등 풍수해·지진재해보험 포함,"또한 세입자와 실손보상형 보험 가입자도 보험료 지원 혜택을 받을 수 있게 됐다. 기존에는 주택 소유자와 정액보상형 보험 중심으로 추가지원이 이뤄졌으나, 일반 세입자와 실손·비례보상형 주택보험 가입자까지 지원...",https://www.newsjeju.net/news/articleView.html?idxno=425454,2,0.2542,0,drop,candidate_hybrid_model_drop_prob_le_threshold,2,0.2542,,보험료;실손,,candidate_hybrid,1,0.65,0.35
"민주당, 저소득층 '금융 기본권' 법제화 착수…연 2~3% 기초대출 추진",저소득층의 의료비 부담을 낮추기 위해 서민금융진흥원 등이 보험료 일부를 부담하는 공공 실손보험 형태의 금융상품 도입이 검토되고 있다. 대출뿐 아니라 의료비 위험까지 금융지원의 범주에 포함해 취약계층의 경제적...,https://www.ppss.kr/news/articleView.html?idxno=309120,2,0.4362,0,drop,candidate_hybrid_gray_drop_score_lt_threshold,2,0.4362,,보험료;금융,,candidate_hybrid,1,0.65,0.35
"세입자도 풍수해보험 지원 ""제주, 9월부터 보험료 부담 낮춘다""",주민과 실손보상형 주택보험 가입자에 대한 지원도 확대된다. 제주특별자치도는 9월부터 풍수해... 정책보험이다. 정부와 지방자치단체가 가입자의 보험료 일부를 지원한다. 이번 개편으로 일반 세입자는 보험료의 50%를...,https://www.mediajeju.com/news/articleView.html?idxno=366092,1,0.2169,0,drop,candidate_hybrid_drop_corporate_macro_noise,1,0.2169,,보험료,,candidate_hybrid,1,0.65,0.35
"토스뱅크, 유동성 관리부터 임원 보수체계까지 대대적 손질","지난 2023년 미국 실리콘밸리은행(SVB) 사태 당시 이른바 '뱅크런' 루머 재발을 막기 위해 위기 시나리오별... 금감원은 검사 당시 토스뱅크가 규제비율을 토대로 최소한의 자본비율 관리 수준만 정했을 뿐, 연간 영업전략에...",https://news.einfomax.co.kr/news/articleView.html?idxno=4433814,6,0.3573,1,keep,candidate_hybrid_gray_keep_domain_score_ge_threshold,6,0.3573,유동성;검사,,,candidate_hybrid,1,0.65,0.35
"한국투자증권, '전액 손실' 벨기에펀드 투자자 전원에 최대 80% 배상",KB국민은행과 우리은행은 각각 약 200억원과 120억원어치를 판매했다. 지난해 금융감독원 국정감사에서 이 펀드의 불완전판매 문제가 제기되자 금감원은 같은 해 10월 현장검사에 착수했다. 한국투자증권은 당초 일부...,https://www.delighti.co.kr/news/articleView.html?idxno=121450,10,0.6044,1,keep,candidate_hybrid_keep_strong_domain_rule_anchor,10,0.6044,금융감독원;불완전판매,,,candidate_hybrid,1,0.65,0.35
우리은행 ‘3중 통제망’까지 깔았는데…끊이지 않는 금융사고 어쩌나,우리은행은 지난해 10월 금융감독원 수시검사에서도 장기근무자 순환배치와 명령휴가 제도가 미흡하다는 지적을 받았다. 금감원은 우리은행 측에 장기근무자를 명령휴가 대상에 포함할 기준과 절차를 마련하고...,https://www.kmib.co.kr/article/view.asp?arcid=9000010047&cp=nv,6,0.6052,1,keep,candidate_hybrid_gray_keep_domain_score_ge_threshold,6,0.6052,금융감독원,,,candidate_hybrid,1,0.65,0.35
"한투증권, 전액손실 '벨기에펀드' 최대 80% 배상…2500명 전원 대상",한국투자증권이 약 589억원으로 가장 많은 물량을 판매했고 KB국민은행과 우리은행이 각각 200억원... 금감원은 지난해 국정감사에서 벨기에펀드의 불완전판매 의혹이 제기되자 같은 해 10월 현장검사에 들어갔다. 이후...,https://www.econovill.com/news/articleView.html?idxno=750112,4,0.5145,0,drop,candidate_hybrid_gray_drop_score_lt_threshold,4,0.5145,불완전판매,,,candidate_hybrid,1,0.65,0.35
“금융 찢어놓으면 인재도 떠난다”..지방이전에 2368명이 쏟아낸 우려,한 응답자는 “감독 기능은 현장과 밀접해야 실효성이 있다”며 “금감원이 왜 여의도에 있겠느냐. 금융사가 몰려 있기 때문”이라는 지적이 나왔다. 수출금융기관 응답자는 “글로벌 은행·로펌과 국내 법무법인...,https://www.edaily.co.kr/News/Read?newsId=01485846645578152&mediaCodeNo=257&utm_source=naver&utm_medium=referral&utm_campaign=news_syndication&utm_content=original_article,4,0.6328,0,drop,candidate_hybrid_gray_drop_score_lt_threshold,4,0.6328,은행,금융,,candidate_hybrid,1,0.65,0.35
[아주경제 오늘의 뉴스 종합] 티빙 사고로 드러난 CI 사후대책 공백 外,검찰청 폐지 앞두고 금융위·금감원 특사경 수사절차 정비 금융위원회와 금융감독원이 다음 달 검찰청 폐지에 맞춰 자본시장 특별사법경찰(특사경)의 수사 절차를 개편한다. 기존 검사의 '수사지휘'를 받던 체계에서...,https://www.ajunews.com/view/20260907211457021,24,0.7809,1,keep,candidate_hybrid_keep_strong_domain_rule_anchor,24,0.7809,금융감독원;금감원;금융위원회;금융위,,,candidate_hybrid,1,0.65,0.35
"'전액 손실' 벨기에 부동산펀드…한투증권, 피해 투자자에 최대 80% 배상","◇ 국감 질타와 금감원 검사…배상 비율 30%에서 80%로 확대 전체 900억 원대 펀드 판매 잔액 중 한국투자증권의 판매액은 약 589억 원으로 가장 큰 비중을 차지했다. 이어 KB국민은행이 200억 원, 우리은행이 120억 원을 각각...",http://www.smarttimes.co.kr/news/articleView.html?idxno=48771,9,0.5686,1,keep,candidate_hybrid_keep_strong_domain_rule_anchor,9,0.5686,금감원;검사,,,candidate_hybrid,1,0.65,0.35
"900억 전액손실 난 벨기에펀드…한투증권, 최대 80% 배상","KB국민은행과 우리은행은 각각 200억원, 120억원어치를 팔았다. 투자자들은 판매과정에서 '임대율 100... 당초 일부 투자자에게만 최대 30% 수준의 자율배상을 진행했던 한국투자증권은 금감원의 현장검사 이후 모든...",https://news.einfomax.co.kr/news/articleView.html?idxno=4433802,0,0.5031,0,drop,candidate_hybrid_gray_drop_score_lt_threshold,0,0.5031,,,,candidate_hybrid,1,0.65,0.35
"900억 날린 '벨기에펀드'…한투증권, 최대 80% 배상","국민은행과 우리은행은 각각 200억원, 120억원어치를 판매했다. 금융감독원은 지난해 국정감사에서... 이후 금감원 현장검사가 이뤄진 뒤 투자자 2500여명 전원으로 배상 대상을 넓히고 배상 비율도 40~80%로 높였다. 이는...",https://www.dailian.co.kr/news/view/1687476/?sc=Naver,12,0.6411,1,keep,candidate_hybrid_keep_strong_domain_rule_anchor,12,0.6411,금융감독원;금감원,,,candidate_hybrid,1,0.65,0.35
"한국투자증권, '벨기에펀드' 전액손실에 투자자들에 40~80% 배상","지난해 국정감사에서 관련 문제가 제기되자 금감원은 10월 판매사인 한국투자증권, KB국민은행, 우리은행 현장검사에 착수했고 당초 일부 투자자에게 최대 30% 수준을 배상했던 한국투자증권은 이후 전체 투자자로...",http://www.biztribune.co.kr/news/articleView.html?idxno=358586,0,0.5779,0,drop,candidate_hybrid_gray_drop_score_lt_threshold,0,0.5779,,,,candidate_hybrid,1,0.65,0.35
"금감원, KB금융·국민은행 정기검사…추석 끼어 10월 중순까지 갈 듯",7일 금감원은 KB금융과 국민은행을 대상으로 정기검사에 착수했다. 지주와 은행을 함께 들여다보는 만큼 20여명의 검사 인력이 투입된 것으로 알려졌다. 국민은행 관계자는 본지 취재진에 “2년 단위로 받는 정기검사로...,https://www.tfmedia.co.kr/news/article.html?no=207047,9,0.623,1,keep,candidate_hybrid_keep_strong_domain_rule_anchor,9,0.623,금감원;검사,,,candidate_hybrid,1,0.65,0.35
"금감원, KB금융 정기검사 착수",KB금융과 국민은행에 대한 금감원의 정기검사는 2024년 8월 이후 2년 만이다. 당시 검사는 홍콩 H지수 주가연계증권(ELS) 대규모 손실과 잇따른 금융사고 등을 계기로 내부통제 운영 실태를 점검하는 데 초점이 맞춰졌다....,https://www.sedaily.com/article/20088157?ref=naver,6,0.7352,1,keep,candidate_hybrid_model_keep_prob_ge_threshold_with_domain_anchor,6,0.7352,금감원,,,candidate_hybrid,1,0.65,0.35
"금감원, KB금융·국민은행 정기검사 착수…고위험상품·내부통제 점검","금감원은 앞선 정기검사에서 국민은행이 부코핀은행의 건전성 지표 개선을 위해 약 7,000억원 규모의 자금을 우회 지원한 정황을 적발한 바 있다. 이번 정기검사는 10월 초까지 진행될 것으로 예상되지만 추석 연휴 등을...",http://www.srtimes.kr/news/articleView.html?idxno=211806,8,0.6841,1,keep,candidate_hybrid_keep_strong_domain_rule_anchor,8,0.6841,금감원,건전성,,candidate_hybrid,1,0.65,0.35
"한투증권, 전액 손실 ‘벨기에펀드’ 투자자에 최대 80% 배상",KB국민은행과 우리은행은 각각 200억원과 120억원어치를 판매했다. 한국투자리얼에셋운용이 2016년 9월... 금융감독원은 지난해 국정감사에서 불완전판매 문제가 제기되자 같은 해 10월 현장검사에 착수했다. 당초 일부...,https://www.viva100.com/article/20260907501363,10,0.5376,1,keep,candidate_hybrid_keep_strong_domain_rule_anchor,10,0.5376,금융감독원;불완전판매,,,candidate_hybrid,1,0.65,0.35
"꽁지 내린 한투증권, 전액 손실 '벨기에펀드' 투자자들에 최대 80% 배상","KB국민은행과 우리은행은 각각 200억원, 120억원어치를 팔았다. 당초 한국투자리얼에셋운용은 5년 동안... 한국투자증권은 금감원의 현장 검사 이후 모든 투자자에게 피해액의 최대 80%를 배상했다. 한국투자증권은 당초...",https://www.livebiz.today/news/articleView.html?idxno=204701,3,0.5666,0,drop,candidate_hybrid_gray_drop_score_lt_threshold,3,0.5666,검사,,,candidate_hybrid,1,0.65,0.35
[퇴근길머니] 지방이전설에 '뒤숭숭'…4대 은행 채용은 ‘뚝’,산업은행과 수출입은행에서도 상반기 자발적 퇴직자의 절반 이상이 입사 5년 미만 직원이었습니다. 문제는 사람이 빠지는 데서 끝나지 않습니다. 금감원의 현장검사 대상 가운데 88% 이상이 수도권에 몰려 있습니다....,http://www.yonhapnewstv.co.kr/news/MYH20260907172538k8z,8,0.7236,1,keep,candidate_hybrid_keep_strong_domain_rule_anchor,8,0.7236,은행;산업은행,,,candidate_hybrid,1,0.65,0.35
"금감원, KB 정기검사 착수…고위험 상품 판매 타깃",앞선 2024년 정기검사 당시 금감원은 KB국민은행에서 발생한 8조원 규모의 홍콩H지수 주가연계증권(ELS) 불완전판매 사태를 비롯해 횡령 등 금융사고가 잇달아 발생한 점을 짚었다. 검사 결과 부당대출은 892억원(291건)...,https://www.edaily.co.kr/News/Read?newsId=03804806645577824&mediaCodeNo=257&utm_source=naver&utm_medium=referral&utm_campaign=news_syndication&utm_content=original_article,13,0.7021,1,keep,candidate_hybrid_keep_strong_domain_rule_anchor,13,0.7021,금감원;검사;불완전판매,,,candidate_hybrid,1,0.65,0.35
"""26% 떨어지면 원금 0원인데""…'전액 손실' 한투 벨기에 펀드, 최대 80% ...","한국투자증권을 통해 약 590억원, KB국민은행에서 약 200억원, 우리은행에서 약 120억원이 판매돼 전체 판매... 초기 일부 투자자에게만 최대 30% 수준의 자율배상을 검토하던 한국투자증권은 작년 10월 금감원이 현장검사에...",https://www.newsquest.co.kr/news/articleView.html?idxno=300423,0,0.4473,0,drop,candidate_hybrid_gray_drop_score_lt_threshold,0,0.4473,,,,candidate_hybrid,1,0.65,0.35
"한투증권, 전액 손실 '벨기에펀드' 투자자들에 최대 80% 배상","KB국민은행과 우리은행은 각각 200억원, 120억원어치를 팔았다. 작년 금융감독원에 대한 국정감사에서 이 펀드가 불완전판매됐다는 지적이 제기되자 금감원은 그해 10월 현장검사에 착수했다. 당초 일부 투자자에게만...",https://www.yna.co.kr/view/AKR20260907130100004?input=1195m,10,0.5377,1,keep,candidate_hybrid_keep_strong_domain_rule_anchor,10,0.5377,금융감독원;불완전판매,,,candidate_hybrid,1,0.65,0.35
런던 가는 김성환·신재욱…한투·NH證 글로벌 사업 직접 챙긴다,열리는 금감원 해외 IR에 참석한다. 이찬진 금감원장은 글로벌 대형 투자은행(IB)과 자산운용사 고위급... 일각에선 최근 스페이스X 공모주 청약과 관련한 금감원 검사가 예정돼 있다는 점이 이번 불참에 영향을 미친 것...,https://www.newsway.co.kr/news/view?ud=2026090715171919344,6,0.738,1,keep,candidate_hybrid_model_keep_prob_ge_threshold_with_domain_anchor,6,0.738,금감원,,,candidate_hybrid,1,0.65,0.35
주총 앞 고려아연 경영권 공방 격화…희토류 공급망 구축 사례로도 주목,한국산업은행 KDB미래전략연구소가 최근 글로벌 희토류 공급망 재편에 관한 보고서에서 한국이 보유한... 공개된 증선위 의사록을 둘러싼 보도에 따르면 금감원 측은 환경당국의 정화명령이 있었고 회사가 이를 인지하고...,http://www.dailypop.kr/news/articleView.html?idxno=102303,11,0.7957,1,keep,candidate_hybrid_keep_strong_domain_rule_anchor,11,0.7957,금감원;산업은행,,,candidate_hybrid,1,0.65,0.35
"임기 5개월 남긴 이찬우號, NH농협금융 경영 성적표는?","취임 당일 금융감독원이 농협은행에서 649억원 규모의 부당대출을 적발한 검사 결과를 발표하면서... 금감원이 다시 제출한 5개 은행의 과징금 규모는 약 6000억원 수준으로, 금융위가 이를 그대로 확정할지 추가...",https://www.peoplewatch.co.kr/article/view/ppw202609040010,18,0.5398,1,keep,candidate_hybrid_keep_strong_domain_rule_anchor,18,0.5398,금융감독원;금융위;검사;과징금,,,candidate_hybrid,1,0.65,0.35
“설마 내 주식 전액이 0원 될 줄은”…5배 수익률 비상장 투자 ‘덫’...,"이에 7일 금융감독원은 비상장주식은 투자 위험이 높다며 투자 전 회사명과 증권신고서, 판매 업체 인가 여부 등의 정보를 꼭 확인하라고 당부했다. 금감원이 공개한 사례를 보면 다단계 주식 판매조직인 A그룹은 수년에...",https://www.mk.co.kr/article/12146094,7,0.596,1,keep,candidate_hybrid_gray_keep_domain_score_ge_threshold,7,0.596,금융감독원,주식,,candidate_hybrid,1,0.65,0.35
"레버리지 ETF 공방 ‘전초전’…금융당국·증권가, 10월 국감 긴장",근거와 금융회사 제재 기준의 일관성·실효성을 따질 것으로 예상된다. 홈플러스 사태와 관련해서는 MBK파트너스의 책임과 함께 홈플러스 유동화 ABSTB 판매사의 불완전판매 여부가 쟁점이다. 금감원이 지난 7월 MBK 제재...,http://www.metroseoul.co.kr/article/20260907500374,7,0.6352,1,keep,candidate_hybrid_gray_keep_domain_score_ge_threshold,7,0.6352,제재;불완전판매,,,candidate_hybrid,1,0.65,0.35
"국감 한달 앞으로…금융권, 가계대출·레버리지 ETF 등 쟁점",함께 금융회사 제재의 실효성과 제재 기준의 일관성 등이 검증 대상에 오를 것으로 보인다. 지난해 국감을 달궜던 홈플러스 사태와 관련한 MBK파트너스의 책임 문제도 여전히 매듭짓지 못한 상태다. 앞서 금감원은 지난...,https://www.newsis.com/view/NISX20260907_0003779145,3,0.5979,0,drop,candidate_hybrid_gray_drop_score_lt_threshold,3,0.5979,제재,,,candidate_hybrid,1,0.65,0.35
"홍콩ELS 판매 은행 제재, 6000억대 과징금 행정소송 가나",금융위가 금감원의 제재안을 공개적으로 돌려보낸 것은 2018년 삼성바이오로직스 분식회계 사태 이후 8년... 사후 배상을 이유로 과징금을 지나치게 낮출 경우 금융회사의 피해보상이 불완전판매에 따른 행정제재...,https://www.sidae.com/article/2026090709422729086,19,0.7447,1,keep,candidate_hybrid_keep_strong_domain_rule_anchor,19,0.7447,금융위;은행;제재;과징금;불완전판매,,,candidate_hybrid,1,0.65,0.35
"갤럭시아머니트리, 본업 성장세 지속…""토큰증권 모멘텀 가시화에 재평...","등 토큰증권(STO) 관련 모멘텀이 기대된다고 평가했다. 유안타증권에 따르면 갤럭시아머니트리는 전자자금결제를 위한 결제 전문 대행사다. 신용카드결제, 휴대폰결제 등 전자결제사업과 모바일 상품권, 편의점 결제...",http://www.newsprime.co.kr/news/article.html?no=746778,10,0.7103,1,keep,candidate_hybrid_keep_strong_domain_rule_anchor,10,0.7103,토큰증권;sto,,,candidate_hybrid,1,0.65,0.35
조각투자 넘어 채권·펀드로…증권업계 STO 사업 본격화,국내 증권사들이 조각투자 계좌관리에서 채권·펀드 등 기존 금융상품의 발행 인프라까지 토큰증권 사업을 확대하고 있다. 7일 금융투자업계에 따르면 금융위원회는 지난 4일 토큰증권 정책방향을 발표하고...,https://www.digitaltoday.co.kr/news/articleView.html?idxno=698756,24,0.8429,1,keep,candidate_hybrid_keep_strong_domain_rule_anchor,24,0.8429,금융위원회;금융위;토큰증권;sto,채권,,candidate_hybrid,1,0.65,0.35
"[파워K우먼]가상 자산 규제 공백서 다진 10년의 기틀, 블록체인과 법의...","현재는 전통 금융회사의 디지털자산업 진출과 토큰증권(STO) 업무 등을 이끌며 최전선에서 활동하고 있다. 다음은 한 변호사와의 일문일답. -변호사로서 어떤 이력을 쌓아왔고, 가상자산 분야의 전문성은 어떻게 키우게...",https://view.asiae.co.kr/article/2026090700031955837,18,0.7799,1,keep,candidate_hybrid_keep_strong_domain_rule_anchor,18,0.7799,가상자산;토큰증권;sto;디지털자산,,,candidate_hybrid,1,0.65,0.35
"[단독] 성장판 닫힌 카카오페이, 휴대폰 소액결제로 활로 모색",카카오페이는 토큰증권(STO)과 스테이블코인 등을 신사업으로 꼽고 있지만 당장 실적을 뒷받침할 수익원 확보가 과제다. 최근 알리페이 정보 유출 사태와 관련해 감독당국의 점검과 제재 부담까지 커지면서 신사업을...,https://it.chosun.com/news/articleView.html?idxno=2023092169622,15,0.5654,1,keep,candidate_hybrid_keep_strong_domain_rule_anchor,15,0.5654,토큰증권;sto;스테이블코인,,,candidate_hybrid,1,0.65,0.35
'주식 토큰' 네배로 커졌는데…韓 STO는 '반쪽 시장'[토큰증권 대해부]②,글로벌 시장에서 상장주식을 기초로 한 토큰화 상품이 빠르게 성장하고 있지만 국내 토큰증권(STO) 시장에서는 당분간 이 같은 상품을 만나기 어려울 전망이다. 금융당국이 토큰화 대상을 주식·채권·펀드 등 모든...,https://www.news1.kr/finance/blockchain-fintech/6282583,13,0.7607,1,keep,candidate_hybrid_keep_strong_domain_rule_anchor,13,0.7607,토큰증권;sto,주식;채권,,candidate_hybrid,1,0.65,0.35
"[AI시대, 권력 대이동-NH투자증권] 디지털 금융 플랫폼 체질 개선 가속",◇'STO 비전그룹' 결성… 토큰증권 생태계 주도 NH투자증권의 가장 두드러진 행보는 증권가 내에서 선제적으로 결성한 토큰증권(STO) 협의체 'STO 비전그룹'의 주도적 역할이다. 다양한 산업군과의 협력을 이끌어 온 회사는...,https://www.pointdaily.co.kr/news/articleView.html?idxno=318298,11,0.772,1,keep,candidate_hybrid_keep_strong_domain_rule_anchor,11,0.772,토큰증권;sto,금융,,candidate_hybrid,1,0.65,0.35
"[토큰분석] 미국은 국채를 블록체인에 올린다…한국 STO, ‘조각투자’...","이용해 증권과 돈을 블록체인 위에서 함께 결제하는 구조까지 추진한다. 한국거래소를 중심으로 상장주식 토큰화 시범사업도 진행할 예정이다. 불과 얼마 전까지만 해도 국내 STO 시장의 관심은 부동산, 미술품, 음원 등에...",https://www.tokenpost.kr/news/insights/403801,5,0.6814,1,keep,candidate_hybrid_model_keep_prob_ge_threshold_with_domain_anchor,5,0.6814,sto,,,candidate_hybrid,1,0.65,0.35
자기자본 1조원 이상 증권사 STO 잰걸음…신영증권만 '잠잠',토큰증권(STO) 제도 시행이 약 5개월 앞으로 다가오면서 증권사들의 시장 선점 움직임이 빨라지고 있지만 신영증권은 상대적으로 조용한 모습이다. 신영증권은 지난 2023년 토큰증권 시장을 분석하고 관련 논의에도...,https://www.1conomynews.co.kr/news/articleView.html?idxno=50286,13,0.7782,1,keep,candidate_hybrid_keep_strong_domain_rule_anchor,13,0.7782,증권사;토큰증권;sto,,,candidate_hybrid,1,0.65,0.35
"[NSPCEO인덱스:CEO혁신동력]장병호 한화투자증권 대표, STO ‘승부수’…...",한화투자증권은 지난해 ‘글로벌 1위 실물연계자산 허브’ 구축을 비전으로 제시하고 토큰증권(STO) 사업 기반 마련과 해외 결제 플랫폼 인프라 구축 등을 추진하면서 혁신동력 부문에서 4점을 받았다. 7일...,https://www.nspna.com/news/?mode=view&newsid=827223,10,0.7166,1,keep,candidate_hybrid_keep_strong_domain_rule_anchor,10,0.7166,토큰증권;sto,,,candidate_hybrid,1,0.65,0.35
[기자수첩] '닭 쫓던 개 될라' 디지털자산 뛰어드는 증권사…제도는 '뒷...,"미래에셋은 '미래에셋 3.0'을 내걸고 실물연계자산(RWA) 토큰화, 토큰증권(STO), 스테이블코인 등 전통자산과 디지털자산이 공존하는 투자 생태계 구축을 추진하고 있다. 한국투자증권도 코인원 지분 투자를 통해 디지털자산...",http://www.the-biz.co.kr/news/articleView.html?idxno=727478,22,0.9267,1,keep,candidate_hybrid_keep_strong_domain_rule_anchor,22,0.9267,증권사;토큰증권;sto;디지털자산;스테이블코인,,,candidate_hybrid,1,0.65,0.35
주식 거래시장 달라진다... KRX 애프터마켓 언제부터?,"NXT는 ETF와 조각투자, 토큰증권(STO) 등으로 사업 영역을 넓히는 방안을 추진해왔으며, 향후 거래 대상 확대가 KRX와의 경쟁에서 중요한 변수로 작용할 수 있다. 결국 KRX 애프터마켓 출범은 투자자들의 거래 선택지를...",https://www.ggilbo.com/news/articleView.html?idxno=1180160,11,0.5903,1,keep,candidate_hybrid_keep_strong_domain_rule_anchor,11,0.5903,토큰증권;sto,주식,,candidate_hybrid,1,0.65,0.35
"[단독] STO 플랫폼 기업 크레도스파트너스, 프리시리즈A서 20억 이상 투...",토큰증권(STO) 플랫폼 기업 크레도스파트너스가 프리시리즈A 투자에서 20억원 이상의 투자금을 유치했다. 회사 측은 이를 발판으로 전통 금융자산 토큰화 사업에 속도를 낼 계획이다. 2022년 설립된 크레도스파트너스는...,https://byline.network/?p=9004111222618596,10,0.5402,1,keep,candidate_hybrid_keep_strong_domain_rule_anchor,10,0.5402,토큰증권;sto,,,candidate_hybrid,1,0.65,0.35
KRX 애프터마켓 D-7…독점깨진 NXT 경쟁력 '고민',"ETF를 시작으로 조각투자, 토큰증권(STO) 등 거래대상을 확대하면서 글로벌 ATS 수준으로 체급을 키우겠다는 것이다. 하지만 단일종목 레버리지 상품에 따라 변동성이 심화되고, 증권사 및 자산운용사의 실무적인 어려움...",https://www.ebn.co.kr/news/articleView.html?idxno=1723261,13,0.7133,1,keep,candidate_hybrid_keep_strong_domain_rule_anchor,13,0.7133,증권사;토큰증권;sto,,,candidate_hybrid,1,0.65,0.35
"KB도 52%인데…BNK금융, 주주환원율 60% '승부수'","(PF)을 항만과 데이터센터 등 산업 인프라 금융으로 넓히고, 기존 대출 중심 영업도 구조화금융과 리스, 자본시장 사업으로 확대할 방침이다. 디지털자산과 토큰증권(STO) 등 신규 수익원 진출도 검토한다.",https://www.ebn.co.kr/news/articleView.html?idxno=1723240,19,0.6926,1,keep,candidate_hybrid_keep_strong_domain_rule_anchor,19,0.6926,pf;토큰증권;sto;디지털자산,대출,,candidate_hybrid,1,0.65,0.35
[정선영의 마켓산책] 출혈경쟁이 시작됐다,"최근 증권사들은 '토큰증권(STO)'이라는 새로운 자산에 주목하고 있다. 미술품, 음악저작권, 선박 등 다양한 자산의 권리를 토막으로 나눠서 투자할 수 있고, 이를 언제든 사고팔 수 있게 된다. 이런 토큰화 흐름은 주식...",https://news.einfomax.co.kr/news/articleView.html?idxno=4433754,11,0.6664,1,keep,candidate_hybrid_keep_strong_domain_rule_anchor,11,0.6664,토큰증권;sto,주식,,candidate_hybrid,1,0.65,0.35
[더벨][메리츠증권 모음 승부수] 커뮤니티에 몰린 방문자…매매 연결이...,"향후 AI 알고리즘이 매매를 주도하고, 토큰증권(STO)이 새로운 표준으로 자리 잡는 환경이 예고되어 있다. 아울러 정규장을 벗어난 24시간 거래와 즉시 결제가 일상이 되는 시기가 다가오고 있다. 모음의 개방형 기반...",https://www.thebell.co.kr/free/content/ArticleView.asp?key=202609031045339080104239,10,0.6462,1,keep,candidate_hybrid_keep_strong_domain_rule_anchor,10,0.6462,토큰증권;sto,,,candidate_hybrid,1,0.65,0.35
"핑거, 당국 '토큰증권 제도화' 계기 기존 토큰관련 플랫폼 'F-STO' 버프 전...",독립리서치 CMIR은 금융 스마트 플랫폼 기업 핑거(163730)에 대해 토큰증권 제도화를 계기로 기존에 구축한 토큰증권 발행 플랫폼 'F-STO'와 금융권 레퍼런스를 바탕으로 사업 확대에 나설 수 있다고 전망했다. 7일 CMIR은...,https://www.financialpost.co.kr/news/articleView.html?idxno=274201,11,0.7213,1,keep,candidate_hybrid_keep_strong_domain_rule_anchor,11,0.7213,토큰증권;sto,금융,,candidate_hybrid,1,0.65,0.35
토큰증권 시장 열린다...증권사 직접투자로 전환,"내년 2월 토큰증권(STO) 제도 시행을 앞두고 금융당국이 단계별 토큰화 계획을 발표함에 따라, 디지털자산 생태계 조성이 가속화될 것으로 기대된다. 7일 NH투자증권에 따르면 금융당국은 최근 정형증권 토큰화 로드맵을...",https://www.mdtoday.co.kr/news/articleView.html?idxno=611053,17,0.8911,1,keep,candidate_hybrid_keep_strong_domain_rule_anchor,17,0.8911,증권사;토큰증권;sto;디지털자산,,,candidate_hybrid,1,0.65,0.35
"핑거, 토큰증권 제도화 수혜 주목…CMIR “F-STO 사업 확대”",독립리서치 CMIR가 금융 스마트 플랫폼 기업 핑거(163730)에 대해 토큰증권 제도화를 계기로 기존에 구축한 토큰증권 발행 플랫폼 ‘F-STO’와 금융권 레퍼런스를 바탕으로 사업 확대에 나설 수 있다고 7일 분석했다. 핑거...,https://www.edaily.co.kr/News/Read?newsId=02601046645577824&mediaCodeNo=257&utm_source=naver&utm_medium=referral&utm_campaign=news_syndication&utm_content=original_article,11,0.7579,1,keep,candidate_hybrid_keep_strong_domain_rule_anchor,11,0.7579,토큰증권;sto,금융,,candidate_hybrid,1,0.65,0.35
‘무료 수수료’로 고객 모은 메리츠증권..‘모음’으로 리테일 키운다,향후 거래시간 연장이나 토큰증권(STO) 등 새로운 상품과 거래 방식이 등장하더라도 기존 시스템 전체를 뜯어고치지 않고 개별 서비스를 추가하거나 확장하기 쉽도록 기반부터 바꾼 것이다. 모음 개발에는 네이버와...,https://kpenews.com/View.aspx?No=4214931,11,0.6408,1,keep,candidate_hybrid_keep_strong_domain_rule_anchor,11,0.6408,토큰증권;sto,수수료,,candidate_hybrid,1,0.65,0.35
[애널픽] 조각투자 넘어 주식·채권으로…STO 2막 열린다,"뷰어스 황보람 기­자 bridger@viewers.co.kr 금융당국이 정형증권의 토큰화를 본격 추진하면서, 미술품과 한우 등 ‘쪼개 팔기’에 머물던 토큰증권(STO)이 주식·채권·펀드 등 기존 자본시장으로 무대를 넓힌다. 초기...",https://theviewers.co.kr/View.aspx?No=4215082,13,0.773,1,keep,candidate_hybrid_keep_strong_domain_rule_anchor,13,0.773,토큰증권;sto,주식;채권,,candidate_hybrid,1,0.65,0.35
"""핑거, 토큰증권 제도화로 F-STO 사업 확대 기반 확보"" - CMIR","CMIR에 따르면 핑거는 2024년 NH농협은행에 토큰증권(STO) 플랫폼을 공급하고 광동제약 투자계약증권 발행 공동사업을 진행했다. 2026년에는 신한DS, 네이버클라우드 등과 협력하며 웹3(Web3)·STO 관련 사업을 확대했다. CMIR은...",https://www.newspim.com/news/view/20260907000275,10,0.7345,1,keep,candidate_hybrid_keep_strong_domain_rule_anchor,10,0.7345,토큰증권;sto,,,candidate_hybrid,1,0.65,0.35
글로벌은 이미 ‘주식 토큰화’…한달 새 발행량 12% 증가,그는 “지금까지 금융권과 핀테크가 토큰증권(STO)과 스테이블코인에 대해 별도의 컨소시엄으로 대응해왔다”면서도 “향후 온체인과 결합하는 구조이기에 디지털자산 인프라에 종합적으로 대응하는 방식으로 변화할...,https://www.kukinews.com/article/view/kuk202609070016,20,0.8071,1,keep,candidate_hybrid_keep_strong_domain_rule_anchor,20,0.8071,토큰증권;sto;디지털자산;스테이블코인,주식,,candidate_hybrid,1,0.65,0.35
[오늘의 비트코인] 美 CPI 앞두고 숨고르기…7만8000달러대로 하락,"미 가상자산 거래소 코인베이스에 따르면 8일 오전 8시30분 비트코인 1개당 가격은 24시간 전보다 1.40% 하락한 7만8981달러에 거래 중이다. 같은 시간 시가총액 2위 이더리움은 1.06% 내린 2483달러, 리플(XRP)은 1.95...",https://news.dealsitetv.com/articles/175718,4,0.6704,1,keep,candidate_hybrid_model_keep_prob_ge_threshold_with_domain_anchor,4,0.6704,가상자산,,,candidate_hybrid,1,0.65,0.35
"헌터 바이든 'LAPTOP' 밈코인 뿌린다…""트럼프 코인 물려 5조 날린 개미...","또 다른 20%는 자선단체 기부, 유동성 공급, 거래소 파트너와 시장조성자 관련 비용 등에 배정되며... 트럼프 대통령의 가상자산 사업을 둘러싼 논란도 이어지고 있다. 시민단체 퍼블릭 시티즌은 8월 말...",https://www.digitaltoday.co.kr/news/articleView.html?idxno=698853,7,0.6354,1,keep,candidate_hybrid_gray_keep_domain_score_ge_threshold,7,0.6354,유동성;가상자산,,,candidate_hybrid,1,0.65,0.35
"비트코인, 1억700만원선…美 CPI·FOMC 앞두고 '숨고르기'",비트코인은 이날 오전 8시10분 기준 가상자산 거래소 빗썸에서 24시간 전보다 0.10% 내린 1억774만원에 거래됐다. 달러 기준으로는 코인마켓캡에서 8만달러선을 밑돈 7만8950달러선에서 움직였다. 주요 알트코인도...,https://www.newsis.com/view/NISX20260908_0003780101,5,0.7152,1,keep,candidate_hybrid_model_keep_prob_ge_threshold_with_domain_anchor,5,0.7152,가상자산,달러,,candidate_hybrid,1,0.65,0.35
"‘앙숙’ 바이든·트럼프, 이번엔 밈코인서 맞붙는다","조 바이든 전 미국 대통령의 아들인 헌터 바이든 미국 월스트리트저널(WSJ)은 7일(현지시간) 복수의 소식통을 인용, 헌터가 ‘$LAPTOP’이라는 티커로 밈코인을 발행해 미국 최대 가상자산 거래소인 코인베이스글로벌...",https://www.edaily.co.kr/News/Read?newsId=02053286645578152&mediaCodeNo=257&utm_source=naver&utm_medium=referral&utm_campaign=news_syndication&utm_content=original_article,4,0.7008,1,keep,candidate_hybrid_model_keep_prob_ge_threshold_with_domain_anchor,4,0.7008,가상자산,,,candidate_hybrid,1,0.65,0.35
[인사이드 스토리]'숫자'에 갇힌 디지털자산법…줄다리기만,원화 스테이블코인 발행 주체에 은행(컨소시엄)이 50%+1주 이상 참여하는 구조와 가상자산거래소 대주주 지분 제한 등입니다. 구체적인 숫자를 둘러싼 이견이 좁혀지지 않고 있습니다. 가상자산 소득 과세는 내년 1월 시행을...,https://news.bizwatch.co.kr/article/finance/2026/09/07/0018,28,0.8949,1,keep,candidate_hybrid_keep_strong_domain_rule_anchor,28,0.8949,은행;가상자산;디지털자산;가상자산거래소;스테이블코인;원화 스테이블코인,원화,,candidate_hybrid,1,0.65,0.35
1430억원어치 비트코인 털렸다…콜드카드 해킹 최악의 2차 피해 시작,콜드카드 해킹 사건은 이미 수억달러 규모로 확대될 가능성이 있는 대형 가상자산 보안 사고가 됐다. 남아 있는 비트코인이 추가로 이동하기 시작할 경우 피해 규모뿐 아니라 거래소와 블록체인 생태계 전반의 자금세탁...,https://www.pinpointnews.co.kr/news/articleView.html?idxno=484791,4,0.6538,1,keep,candidate_hybrid_model_keep_prob_ge_threshold_with_domain_anchor,4,0.6538,가상자산,,,candidate_hybrid,1,0.65,0.35
"코빗·코인원 '거래 제로' 코인, 중복 상장 제외해도 100여개",국내 중소 가상자산 거래소에 상장된 알트코인 100여개가 하루종일 한 번도 거래되지 않는 것으로 알려졌습니다. 이런 알트코인은 소규모 거래 체결에도 가격이 급등락할 수 있어 투자자 주의가 요구됩니다. 오늘(8일)...,https://biz.sbs.co.kr/article_hub/20000333303?division=NAVER,8,0.6229,1,keep,candidate_hybrid_keep_strong_domain_rule_anchor,8,0.6229,가상자산;코빗,,,candidate_hybrid,1,0.65,0.35
수수료 공짜여도 거래 ‘0원’…코빗·코인원 코인 100여개 ‘개점휴업...,"국내 중소 가상자산 거래소인 코빗과 코인원에서 24시간 동안 한 번도 거래되지 않은 알트코인이 중복 상장을 제외해도 100개를 넘는 것으로 추산됐다. 거래가 드문 종목은 소액 주문에도 가격이 급등락하고, 같은...",https://www.kbmaeil.com/article/20260908500034,9,0.6755,1,keep,candidate_hybrid_keep_strong_domain_rule_anchor,9,0.6755,가상자산;코빗,수수료,,candidate_hybrid,1,0.65,0.35
"가상자산거래소 대주주 의결권 제한?…업계 ""탁상공론""",디지털자산기본법의 주요 쟁점인 가상자산거래소 대주주 지분 제한 방안이 여전히 갈피를 못 잡고 있다. 최근 지분 대신 의결권을 제한하는 안까지 나오면서 업계에서는 정부와 정치권이 현실을 모르고 '탁상공론'을 하고...,https://news.bizwatch.co.kr/article/mobile/2026/09/07/0021,13,0.8821,1,keep,candidate_hybrid_keep_strong_domain_rule_anchor,13,0.8821,가상자산;디지털자산;가상자산거래소,,,candidate_hybrid,1,0.65,0.35
"[스테이블코인 시대] ""이자 나눠줄게""…140개사 끌어모은 OUSD의 '수익 반...","7일 가상자산업계에 따르면 비자, 마스터카드, 스트라이프, 코인베이스, 블랙록, 구글 등 글로벌 금융·테크... 스테이블코인을 발행하는 것만으로는 이용자를 확보할 수 없는 만큼 결제망과 가맹점, 거래소, 플랫폼 등...",https://dealsite.co.kr/articles/168245,11,0.8268,1,keep,candidate_hybrid_keep_strong_domain_rule_anchor,11,0.8268,가상자산;스테이블코인,가맹점;금융,,candidate_hybrid,1,0.65,0.35
업비트서 퇴출된 봉크(BONK) 7% 급락…0.00000300달러마저 무너지나?,봉크(BONK)가 국내 대형 암호화폐 거래소 업비트의 거래지원 종료 여파와 가상자산 시장 전반의 약세가 겹치며 하루 만에 7% 넘게 급락했다. 가격이 0.00000318달러까지 밀린 가운데 단기 핵심 지지선인 0....,http://coinreaders.com/256986,8,0.6692,1,keep,candidate_hybrid_keep_strong_domain_rule_anchor,8,0.6692,가상자산;암호화폐,,,candidate_hybrid,1,0.65,0.35
“272만원이 60억 됐다”…잊고있던 코인 14년만에 찾은 사연,14년 전 폐업한 가상화폐 거래소에 묶여 있던 비트코인을 되찾아 약 450만 달러(약 60억원)를 되찾은 영국... 그런데 거래소 브릿코인이 ‘인터산고’로 이름을 바꾼 뒤 문을 닫으면서 크리스는 자산에 접근할 수...,https://www.joongang.co.kr/article/25459974,1,0.4846,0,drop,candidate_hybrid_drop_generic_market_or_ipo_noise,1,0.4846,,달러,,candidate_hybrid,1,0.65,0.35
환율 떨어지자 서학개미 분주… 삼전닉스 실적전망은 하향 外 [한강로 ...,다시 가상자산이 반등하고 있지만스테이블코인에만 고객들이 몰리면서 가상자산거래소들의 수수료 0원 경쟁이 의미가 없다는 지적이 나온다. 정부의 가계대출 억제 기조에도 5대 은행의 가계대출은 1년 반 새...,https://www.segye.com/newsView/20260907515493?OutUrl=naver,18,0.5796,1,keep,candidate_hybrid_keep_strong_domain_rule_anchor,18,0.5796,환율;가상자산;가상자산거래소;스테이블코인,수수료,,candidate_hybrid,1,0.65,0.35
리플XRP·월드코인·스토리지 거래 집중…알트 변동성 확대,"8일 오전 국내 가상자산 시장에서는 리플XRP가 업비트 1,269억원, 빗썸 625억원으로 두 거래소 모두 거래대금 1위를 기록했다. 업비트에서 리플XRP는 1,902원으로 1.76% 내렸다. 월드코인은 업비트에서 12.76% 상승했고...",https://www.topstarnews.net/news/articleView.html?idxno=16186156,14,0.7785,1,keep,candidate_hybrid_keep_strong_domain_rule_anchor,14,0.7785,가상자산;업비트;빗썸,,,candidate_hybrid,1,0.65,0.35
"[단독] 거래 절반 이상을 10명이?…금감원, 빗썸 ‘이상거래’ 들여다본...",국내 2위 가상자산 거래소 빗썸에서 최근 이례적인 흐름이 나타났습니다. 비트코인 거래의 최대 70%가 특정 10개 계정에 집중됐던 것으로 KBS 취재 결과 확인됐습니다. 금융감독원이 거래 원자료 확인에 나섰습니다....,https://news.kbs.co.kr/news/pc/view/view.do?ncd=8657191&ref=A,21,0.7992,1,keep,candidate_hybrid_keep_strong_domain_rule_anchor,21,0.7992,금융감독원;금감원;가상자산;빗썸,,,candidate_hybrid,1,0.65,0.35
눈높이 높아진 기업들…커스터디업계 '기관급 서비스' 경쟁,"1단계로 비영리법인과 가상자산거래소에 매도 목적의 실명계좌 발급을 허용한 뒤, 2단계에서 상장법인과 전문투자자 등 기관투자자의 투자·재무 목적 매매를 허용하고 이후 일반 법인까지 확대한다는 구상이다. 다만...",https://www.edaily.co.kr/News/Read?newsId=01659686645578152&mediaCodeNo=257&utm_source=naver&utm_medium=referral&utm_campaign=news_syndication&utm_content=original_article,9,0.6557,1,keep,candidate_hybrid_keep_strong_domain_rule_anchor,9,0.6557,가상자산;가상자산거래소,,,candidate_hybrid,1,0.65,0.35
비트코인 현물 ETF 국내 상장 위한 조건은…“체계 정비와 인프라 구축...,가상자산 현물 ETF는 미국 증권거래위원회(SEC)가 2024년 1월 비트코인 현물 ETF의 거래소 상장과 거래를 승인하면서 미국 제도권 금융시장에 본격적으로 진입했다. 같은 해 4월에는 홍콩이 아시아 주요 금융시장 가운데...,https://www.kukinews.com/article/view/kuk202609070216,4,0.6043,0,drop,candidate_hybrid_gray_drop_score_lt_threshold,4,0.6043,가상자산,,,candidate_hybrid,1,0.65,0.35
"시바이누(SHIB), 일본 ETF 문턱 넘었다...밈코인 ETF 1호 탄생할까?","일본가상자산거래소협회(JVCEA)는 2025년 11월 시바이누를 비트코인(Bitcoin, BTC), 이더리움(Ethereum, ETH)과 함께 규제상 그린 리스트에 포함했다. 마즈라엘에 따르면 그린 리스트 진입에는 기준인 3곳을 크게 웃도는 8곳...",http://coinreaders.com/256970,9,0.6281,1,keep,candidate_hybrid_keep_strong_domain_rule_anchor,9,0.6281,가상자산;가상자산거래소,,,candidate_hybrid,1,0.65,0.35
코빗·코인원에 '개점휴업' 코인만 100여개…푼돈 거래에 급등락,"상장만 해놓고 거래대금 종일 '0원'…코빗 80여개, 코인원 130여개 '유동성 부족'에 이용자 외면…거래소마다 체결가 천차만별, 주의해야 국내 중소 가상자산 거래소에 상장된 알트코인 100여개가 온종일 한 번도 거래되지...",https://www.yna.co.kr/view/AKR20260907155700002?input=1195m,11,0.7257,1,keep,candidate_hybrid_keep_strong_domain_rule_anchor,11,0.7257,유동성;가상자산;코빗,,,candidate_hybrid,1,0.65,0.35
거래소 ‘수수료0’ 경쟁에도… 스테이블코인만 고객 몰려 [코인 브리핑...,"가격 변동성 없어 환전용 수요 실제 투자자 유입 성과는 ‘미미’ 국내 가상자산 거래소들이 잇달아 수수료 무료화를 내세워 이용자 확보에 나섰으나, 실제 투자자 유입 성과는 미미한 것으로 파악됐다....",https://www.segye.com/newsView/20260907514892?OutUrl=naver,10,0.7664,1,keep,candidate_hybrid_keep_strong_domain_rule_anchor,10,0.7664,가상자산;스테이블코인,수수료,,candidate_hybrid,1,0.65,0.35
"엑스알피 레저, 거래 규모·자산 가치 증가","토큰화자산 거래 내역과 잔액을 외부에 모두 공개하지 않으면서 발행사, 감사기관, 규제당국에는 정보를 선택적으로 제공할 수 있는 기능을 마련하고 있다. '엑스알피'는 9월 8일 오전 현재 빗썸 가상화폐 거래소에서...",https://www.khgames.co.kr/news/articleView.html?idxno=308141,5,0.4186,0,drop,candidate_hybrid_gray_drop_score_lt_threshold,5,0.4186,빗썸,,,candidate_hybrid,1,0.65,0.35
4천300억대 비트코인 털렸다…리퀴드 네트워크 '초대형 해킹',가상화폐 거래소에서 사용되는 비트코인 연계 블록체인이 3억2천만달러(약 4천308억원) 상당의 비트코인을 해킹당했습니다. 디지털 자산 보안에 대한 신뢰가 크게 흔들리고 있습니다. 신속한 거래를 위해 고안된...,https://biz.sbs.co.kr/article_hub/20000333265?division=NAVER,0,0.5598,0,drop,candidate_hybrid_gray_drop_score_lt_threshold,0,0.5598,,,,candidate_hybrid,1,0.65,0.35
XRP 레저 메인넷 개편… 이르면 11일 활성화 카운트다운,생태계 확장과 한국 시장 영향 XRP 레저의 메인넷 기능 고도화와 거래 인프라 확충은 글로벌 시장에서 거래 비중이 높은 한국 가상자산 투자자들과 웹3 핀테크 업계에도 직접 연결된다. 한국 원화 거래소에서 XRP는...,https://www.g-enews.com/view.php?ud=202609080320308369e7e8286d56_1,5,0.7088,1,keep,candidate_hybrid_model_keep_prob_ge_threshold_with_domain_anchor,5,0.7088,가상자산,원화,,candidate_hybrid,1,0.65,0.35
"말론 램, 3300억원 비트코인 훔친 혐의로 유죄 인정…리코법 최초 적용...","한 명은 구글 직원을 자처하며 계정이 해킹당했다고 경고했고, 다른 한 명은 가상자산 거래소 제미나이(Gemini) 직원을 사칭해 지갑에 악성코드가 감지됐다고 속였다. 피해자는 결국 구글 드라이브 접근 권한과...",https://www.wikitree.co.kr/articles/1157914,4,0.6869,1,keep,candidate_hybrid_model_keep_prob_ge_threshold_with_domain_anchor,4,0.6869,가상자산,,,candidate_hybrid,1,0.65,0.35
국채 금리 상승 속 비트코인 강세 막은 '매물벽',보고서에 따르면 올해 여름 비트코인 현물 상장지수펀드 단기 투자자의 평균 자산 매입 가격은 7만 1천... 비트코인은 9월 8일 오전 현재 코인원 가상화폐 거래소에서 전일대비 1.28% 하락한 1억 795만 원에 거래되고 있다.,https://www.khgames.co.kr/news/articleView.html?idxno=308140,4,0.5257,0,drop,candidate_hybrid_drop_generic_market_or_ipo_noise,4,0.5257,국채,금리,,candidate_hybrid,1,0.65,0.35
"지캐시, ETF 출시 후 투자 수요·채굴 경쟁 동반 확대",상승세는 가상화폐 자산운용사인 그레이스케일(Grayscale)이 지난 8월 25일 출시한 상장지수펀드에 큰 영향을 받은 결과로 해석된다. 그레이스케일의 지캐시 상장지수펀드(ZCSH)는 현재 미국 뉴욕증권거래소 아르카(NYSE...,https://www.khgames.co.kr/news/articleView.html?idxno=308139,0,0.4443,0,drop,candidate_hybrid_gray_drop_score_lt_threshold,0,0.4443,,,,candidate_hybrid,1,0.65,0.35
비트코인 강세에도 개인 투자자 관심 '잠잠',"분석진은 ""비트코인 가격 상승에 새로운 매수세가 반드시 필요했던 것은 아니다""라며 ""자산 시세가... 관심 ▲가상화폐 거래소 내 이더리움 물량 감소 ▲밈코인(유행성 가상화폐) 생태계 회복세 ▲하이퍼리퀴드 거래량...",https://www.khgames.co.kr/news/articleView.html?idxno=308138,0,0.5691,0,drop,candidate_hybrid_drop_generic_market_or_ipo_noise,0,0.5691,,,,candidate_hybrid,1,0.65,0.35
"나이지리아 가상자산 과세 기여율 12.31%로 세계 1위, 재정적자 38% 상쇄","글로벌 시장 4,570억 달러, 지역별 편차 뚜렷체이널리시스는 2025년 전 세계 온체인 과세 대상 가상자산 활동 규모를 4,570억 달러(약 615조 6,000억원)로 집계했다. 이 중 중앙화·탈중앙화 거래소를 통한 실현 거래이익이...",https://www.wikitree.co.kr/articles/1157906,5,0.6829,1,keep,candidate_hybrid_model_keep_prob_ge_threshold_with_domain_anchor,5,0.6829,가상자산,달러,,candidate_hybrid,1,0.65,0.35
리플 XRP 1.40달러서 숨 고르기 1.50달러 돌파 여부가 단기 분수령,다만 원화 환산 가격은 환율과 거래소별 수급에 따라 국내 거래소의 실제 체결 가격과 차이가 발생할 수 있다. [이 기사는 특정 가상자산의 매수·매도 또는 가격 상승을 권유하기 위한 내용이 아닙니다.특히...,https://www.cbci.co.kr/news/articleView.html?idxno=604657,5,0.5293,0,drop,candidate_hybrid_gray_drop_score_lt_threshold,5,0.5293,가상자산,원화,,candidate_hybrid,1,0.65,0.35
크라켄 COO “키프로스는 EU 진출 위한 신뢰할 수 있는 거점”…파생상...,반면 EU 내 가상자산 현물거래는 아일랜드 중앙은행이 인가한 가상자산시장규정(MiCA) 허브를 통해 이뤄진다.그는 가상자산시장규정(MiCA)이 거래소·자산 수탁·스테이블코인 등 가상자산 서비스에 대한 규칙을 정하는...,https://www.wikitree.co.kr/articles/1157903,9,0.7483,1,keep,candidate_hybrid_keep_strong_domain_rule_anchor,9,0.7483,가상자산;스테이블코인,,,candidate_hybrid,1,0.65,0.35
24시간 전체 청산 1.78억달러…롱숏 양방향 폭발,지난 24시간 동안 전 세계 가상자산 시장에서 1억7800만 달러(약 2398억원) 규모의 강제 청산이 발생했다.... 변동성이 커질 때 규모가 늘어난다. 구체적인 코인별 청산 규모나 청산이 집중된 거래소는 확인되지 않았다.,https://www.tokenpost.kr/news/breaking/403865,5,0.6504,1,keep,candidate_hybrid_model_keep_prob_ge_threshold_with_domain_anchor,5,0.6504,가상자산,달러,,candidate_hybrid,1,0.65,0.35
"원체인(ONE), 美 크라켄 상장···위믹스(WEMIX)와 멸망전 예고",크라켄은 거래소 홈페이지 공지사항보다 X(옛 트위터) 공식 리스팅 계정을 통해 신규 상장 프로젝트를... 한때 국내 가상자산 업계에서 '위믹스의 아버지'로 불렸던 장현국 대표가 원체인으로 크라켄까지 입성하면서...,https://www.nbntv.co.kr/news/articleView.html?idxno=4024641,4,0.6949,1,keep,candidate_hybrid_model_keep_prob_ge_threshold_with_domain_anchor,4,0.6949,가상자산,,,candidate_hybrid,1,0.65,0.35
비트코인 270만원어치 샀는데 거래소 폐쇄…12년 만에 '60억원' 잭팟,5일(현지시간) 코인 전문매체 코인데스크에 따르면 '크리스'라는 가명으로 알려진 영국 투자자는 2011년 12월 현지 가상자산 거래소 '브릿코인'에서 1500파운드(현재 환율 기준 한화 약 270만원) 상당의 비트코인을...,https://www.hankyung.com/article/2026090797927,7,0.7369,1,keep,candidate_hybrid_model_keep_prob_ge_threshold_with_domain_anchor,7,0.7369,환율;가상자산,,,candidate_hybrid,1,0.65,0.35
"바이낸스, 카자흐스탄 국립은행과 1종 결제기관으로 중앙아·CIS 허브 구...",카자흐스탄 국립은행과 세계 최대 가상자산 거래소 바이낸스(Binance)가 9월 7일(현지시각) 지역 결제·정산 허브 구축을 위한 양해각서(MOU)를 체결했다. 카자흐스탄에 바이낸스 그룹 법인을 세워 중앙아시아...,https://www.wikitree.co.kr/articles/1157893,4,0.5847,0,drop,candidate_hybrid_gray_drop_score_lt_threshold,4,0.5847,가상자산,,,candidate_hybrid,1,0.65,0.35
"美 노동절 휴장…금·원유 선물 조기 마감, 원유재고 발표도 순연",비트코인(BTC)을 비롯한 가상자산 거래소는 연중무휴 24시간 운영돼 이번 휴장의 직접적인 영향을 받지 않는다. 다만 미국 증시 개장 시간에 맞춰 거래되는 비트코인 현물 ETF는 이날 신규 매매가 이뤄지지 않는다....,https://www.tokenpost.kr/news/market/403816,4,0.5281,0,drop,candidate_hybrid_gray_drop_score_lt_threshold,4,0.5281,가상자산,,,candidate_hybrid,1,0.65,0.35
"쿠코인, 트레이딩 계정에 잠든 스테이블코인에 최대 6% 이자 지급하는 ...","다만 실물자산 담보 구조가 변동성 큰 시장에서 안정성을 더해 보수적인 투자자를 끌어들일 수 있다는 관측도 함께 실었다.KuCoin, 4,500만 이용자 기반 위 신규 상품 확대KuCoin은 2017년 설립된 가상자산 거래소로...",https://www.wikitree.co.kr/articles/1157889,9,0.7433,1,keep,candidate_hybrid_keep_strong_domain_rule_anchor,9,0.7433,가상자산;스테이블코인,,,candidate_hybrid,1,0.65,0.35
"530억달러, 전통금융 영구선물 주말거래량 연초 대비 12배",바이낸스 리서치가 7일 공개한 8월 월간 시장 보고서에 따르면 8월 한 달간 전체 가상자산 시가총액은 17.6... 앞서 본지는 중앙화거래소 주식형 퍼프 시장의 거래량과 미결제약정이 8월 중순 기준 연초 대비 큰 폭으로...,https://www.tokenpost.kr/news/cryptocurrency/403806,4,0.5852,0,drop,candidate_hybrid_gray_drop_score_lt_threshold,4,0.5852,가상자산,,,candidate_hybrid,1,0.65,0.35
"일본, 암호화폐 금융상품 재분류...시바이누 ETF 적격성 경쟁서 앞서","일본가상및암호자산거래소협회(JVCEA)는 2025년 11월 시바이누를 비트코인, 이더리움과 함께 규제상 그린리스트에 포함했다. 메르카리는 2026년 6월 시바이누를 상장했다. 메르카리 이용자는 2300만명이다. 마즈레일은...",https://www.digitaltoday.co.kr/news/articleView.html?idxno=698829,4,0.6037,0,drop,candidate_hybrid_gray_drop_score_lt_threshold,4,0.6037,암호화폐,,,candidate_hybrid,1,0.65,0.35
"이란 분쟁 장기화에 중동 자금, 알트코인서 비트코인으로 이동","걸프협력회의(GCC) 회원국들은 이란과 가깝고 공격 영향권에 있었지만, 아랍에미리트(UAE)의 거래소와... UAE와 바레인은 포괄적인 규제 체계를 마련했고, 두바이 가상자산 규제기관 VARA는 토큰화와 암호화폐 관련 활동...",https://www.digitaltoday.co.kr/news/articleView.html?idxno=698828,8,0.6303,1,keep,candidate_hybrid_keep_strong_domain_rule_anchor,8,0.6303,가상자산;암호화폐,,,candidate_hybrid,1,0.65,0.35
"“270만원이 60억원 됐다”…문 닫은 거래소에 묶인 비트코인, 12년 만에...","법률팀은 약 15년 전 은행 거래 기록과 가상화폐 거래 자료, 관련 법원 문서 등을 확보해 크리스의... 폐업한 거래소에 묶여 있던 자산의 소유권을 과거 거래 기록과 블록체인 추적 등을 통해 입증한 뒤 회수한 사례다....",https://www.seoul.co.kr/news/international/2026/09/07/20260907500344?wlog_tag3=naver,3,0.5493,0,drop,candidate_hybrid_gray_drop_score_lt_threshold,3,0.5493,은행,,,candidate_hybrid,1,0.65,0.35
"차남 취업·편입 등 ‘비위 의혹’ 김병기 의원…경찰, 1년 ‘늑장 수사...",국내 가상자산 거래소 빗썸에 차남 취업을 청탁하는 등의 빗썸 관련 혐의는 구속영장에 포함되지 않았다. 김 의원에 대한 구속영장 신청은 경찰이 지난해 9월 수사에 착수한 지 1년 만이다. 경찰은 지난 2~4월 김 의원을...,https://www.khan.co.kr/article/202609072043005,9,0.7508,1,keep,candidate_hybrid_keep_strong_domain_rule_anchor,9,0.7508,가상자산;빗썸,,,candidate_hybrid,1,0.65,0.35
“15년 전 270만원 투자했는데 현재 60억원”,5일(현지시간) 코인 전문매체 코인데스크에 따르면 영국인 투자자 크리스(가명)는 지난 2011년 12월 영국의 가상자산 거래소인 ‘브릿코인(Britcoin)’을 통해 처음 비트코인을 매수했다. 해당 거래소는 이후 인터상고로...,https://www.munhwa.com/article/11615152?ref=naver,4,0.6249,0,drop,candidate_hybrid_gray_drop_score_lt_threshold,4,0.6249,가상자산,,,candidate_hybrid,1,0.65,0.35
"""270만원→60억원""…英 투자자, 묻어둔 비트코인 '대박'",이기주 인턴 기자 = 14년 전 문을 닫은 가상자산 거래소에 묶여 잃어버린 줄 알았던 비트코인 61개를 되찾은 영국 투자자의 사연이 전해졌다. 되찾은 비트코인 가치는 약 450만달러(약 60억원)에 달한다. 지난 6일 영국...,https://www.newsis.com/view/NISX20260907_0003779878,4,0.5447,0,drop,candidate_hybrid_gray_drop_score_lt_threshold,4,0.5447,가상자산,,,candidate_hybrid,1,0.65,0.35
"경찰, 1년 끌다 “증거인멸 우려” 김병기 구속영장 신청…“면피용”...",최근까지 수사력을 모았던 가상자산 거래소 빗썸·두나무를 상대로 한 취업 청탁 의혹 역시 이번 영장에는 들어가지 않았다. 늑장수사 논란 자초…경찰 “완결성 있는 수사에 시간 걸려” 경찰은 지난해 9월 수사에 착수한...,https://www.hani.co.kr/arti/society/society_general/1276681.html,9,0.7376,1,keep,candidate_hybrid_keep_strong_domain_rule_anchor,9,0.7376,가상자산;빗썸,,,candidate_hybrid,1,0.65,0.35
"국민은행, 빗썸과 실명계좌 제휴 1년 연장…FIU 승인 신청","FIU 승인 받으면 내년 9월 말까지 제휴 연장 아주경제=김지윤 기자 yoon0930@ajunews.com KB국민은행이 가상자산거래소 빗썸과 실명확인 입출금계정(실명계정) 제휴를 1년 더 연장한다. 7일 금융권에 따르면, 국민은행과...",https://www.ajunews.com/view/20260907192206936,14,0.5577,1,keep,candidate_hybrid_keep_strong_domain_rule_anchor,14,0.5577,가상자산;가상자산거래소;fiu,,,candidate_hybrid,1,0.65,0.35
비트코인 기반 결제망 해킹…4300억원 상당 비트코인 인출,"현재 80개 이상의 거래소와 인프라 기업, 자산운용사 등이 연합 형태로 참여하고 있다. 이번 사고는... 프랑스 가상자산 보안기업 레저의 샤를 기메 최고기술책임자(CTO)는 ""화이트햇 해커는 통상 네트워크 자금을 모두...",http://www.newsian.co.kr/news/articleView.html?idxno=94928,4,0.5915,0,drop,candidate_hybrid_gray_drop_score_lt_threshold,4,0.5915,가상자산,,,candidate_hybrid,1,0.65,0.35
"“270만원에 산 비트코인, 14년 만에 60억”…2200배 ‘대박’ 투자자, ...","14년 전 문을 닫은 가상자산 거래소에 묶였던 비트코인(BTC)을 되찾은 영국 투자자의 사연이 전해져 눈길을 끈다. 그는 과거 약 270만원을 투자했지만, 폭발적인 가치 상승에 힘입어 현재는 투자금이 60억원 규모로...",https://biz.heraldcorp.com/article/10865297?ref=naver,4,0.4827,0,drop,candidate_hybrid_gray_drop_score_lt_threshold,4,0.4827,가상자산,,,candidate_hybrid,1,0.65,0.35
하모니(ONE) 상폐에 원체인(ONE)이 웃는 이유,"코인원은 공지를 통해 ""코인원의 ONE(원체인)은 타 거래소의 ONE(하모니)과 동일 심볼을 사용하지만 별개의 가상자산""이라며 투자자 주의를 환기하는 정면돌파를 선택했다. 그리고 며칠 뒤 코빗이 하모니(ONE) 상장...",https://www.nbntv.co.kr/news/articleView.html?idxno=4024637,4,0.669,1,keep,candidate_hybrid_model_keep_prob_ge_threshold_with_domain_anchor,4,0.669,가상자산,,,candidate_hybrid,1,0.65,0.35
"로빈후드 체인 밈코인, 미국주식과 엮였다…주말엔 탈동조 위험","가상자산 매체 오데일리는 로빈후드 체인 밈코인 시장에서 활동하는 트레이더 AJC와의 인터뷰를 소개하며... 총예치자산(TVL)은 9억865만달러(약 1조2240억원), 24시간 탈중앙화거래소(DEX) 거래액은 13억6800만달러(약...",https://www.tokenpost.kr/news/cryptocurrency/403795,4,0.5933,0,drop,candidate_hybrid_gray_drop_score_lt_threshold,4,0.5933,가상자산,,,candidate_hybrid,1,0.65,0.35
"재무 문턱 높아진 가상자산사업자, 투자금 마련 총력전[only이데일리]","해외 가상자산거래소를 비롯해 자산운용사, 유동성공급자(LP), 시장조성자(MM), 벤처캐피털(VC) 등 다양한 해외 사업자들도 국내 VASP 투자를 검토하고 있는 것으로 전해졌다. 실제 투자나 인수 대상으로 검토할 만한 국내...",https://www.edaily.co.kr/News/Read?newsId=03985206645577824&mediaCodeNo=257&utm_source=naver&utm_medium=referral&utm_campaign=news_syndication&utm_content=original_article,9,0.7612,1,keep,candidate_hybrid_keep_strong_domain_rule_anchor,9,0.7612,가상자산;가상자산거래소,,,candidate_hybrid,1,0.65,0.35
"두나무, AG '팀 코리아' 선수들에 비트코인 전달",가상자산 거래소 업비트를 운영하는 두나무가 아시안게임에 참여하는 국가대표 선수들을 격려했다. 4일 가상자산 업계에 따르면 두나무는 지난 3일 진천 국가대표선수촌에서 열린 국가대표 선수단 결단식에 참석했다....,https://www.fnnews.com/news/202609071821508209,9,0.8806,1,keep,candidate_hybrid_keep_strong_domain_rule_anchor,9,0.8806,가상자산;두나무,,,candidate_hybrid,1,0.65,0.35
2% 부족한 '코인 수수료 무료'… 점유율 늘고 거래대금 줄어,국내 가상자산 거래소들이 파격적인 수수료 무료 정책을 내세우며 점유율에 변동이 나타나고 있다. 하지만 거래대금이 줄어들고 있는 상황에서 벌어진 점유율 경쟁에 우려의 시선도 나오는 모습이다. 7일...,https://www.fnnews.com/news/202609071821570220,5,0.668,1,keep,candidate_hybrid_model_keep_prob_ge_threshold_with_domain_anchor,5,0.668,가상자산,수수료,,candidate_hybrid,1,0.65,0.35
“15년 전 '이것'에 270만원 투자했는데 현재 60억원이 됐네요”,2012년 운영을 중단한 초기 암호화폐(가상화폐·코인) 거래소 인터상고(Intersango)에 자금이 묶여 있던 영국... 영국 법무법인 CEL 솔리시터스(CEL Solicitors)와 가상자산 추적 전문 기관 더 크립토 트레이싱 엑스퍼츠(The...,https://www.wikitree.co.kr/articles/1157873,8,0.5749,1,keep,candidate_hybrid_keep_strong_domain_rule_anchor,8,0.5749,가상자산;암호화폐,,,candidate_hybrid,1,0.65,0.35
"박창범 한자평 의장 ""해외 코인, 국내 거래소로 안전하게""",박창범 한국디지털자산평가인증(KODEAC·한자평) 의장이 국내 신고 거래소를 거쳐 해외 가상자산 거래소에 접근할 수 있는 공식 통로를 만들어야 한다고 제안했다. 해외 거래소 이용을 막기보다 국내 안전망을 적용한 채로...,https://www.tokenpost.kr/news/policy/403765,8,0.7736,1,keep,candidate_hybrid_keep_strong_domain_rule_anchor,8,0.7736,가상자산;디지털자산,,,candidate_hybrid,1,0.65,0.35
보관하던 비트코인 95% 털렸다…리퀴드 4300억 원 해킹 피해,"블록스트림에 따르면 현재 거래소와 인프라 기업, 자산운용사 등 80개 이상의 기관이 참여하는 연합 형태로 운영된다. 해외 가상화폐 거래소 비트파이넥스와 BTSE 등이 빠른 결제·정산을 위해 이용하고 있다....",https://www.decenter.kr/article/20088151?ref=naverdc,0,0.5098,0,drop,candidate_hybrid_drop_generic_market_or_ipo_noise,0,0.5098,,,,candidate_hybrid,1,0.65,0.35
‘디지털X’의 내로남불 [기자의 눈],전 세계에서 수많은 프로젝트가 가상화폐를 발행하고 여러 거래소에서 동시에 거래되는 만큼 다양한 자산에 대한 접근성 자체가 거래소의 경쟁력이라고 볼 수 있는 측면도 있다. 아이러니한 것은 상장 종목이 많다며 기존...,https://www.sedaily.com/article/20088143?ref=naver,0,0.4437,0,drop,candidate_hybrid_drop_generic_market_or_ipo_noise,0,0.4437,,,,candidate_hybrid,1,0.65,0.35
"국세청, 해외거래소 파산해도 가상자산 계좌 신고해야",한국 국세청이 해외 가상자산 거래소가 파산해 청산 절차에 들어갔더라도 계좌 보유자는 해당 계좌를 해외금융계좌로 신고해야 한다는 방침을 밝혔다. 대만 매체 블록템포(BlockTempo)는 한국 국세청이 이런 내용을...,https://www.tokenpost.kr/news/breaking/403759,4,0.8293,1,keep,candidate_hybrid_model_keep_prob_ge_threshold_with_domain_anchor,4,0.8293,가상자산,,,candidate_hybrid,1,0.65,0.35
[코인브리핑] 비트코인 또 '숨고르기'…두들즈(DOOD)·불칸포지드(PYR) 3...,7일 가상자산 업계에 따르면 비트코인은 오후 4시 2분 기준 가상자산 거래소 빗썸에서 1억844만원 안팎에 거래되고 있다. 지난 0시보다 0.14% 떨어진 수준이다. 앞서 크리스토퍼 윌러 연준 이사는 외신과의...,https://www.asiatime.co.kr/article/20260907500385,9,0.7945,1,keep,candidate_hybrid_keep_strong_domain_rule_anchor,9,0.7945,연준;가상자산,,,candidate_hybrid,1,0.65,0.35
비트코인 4천개 증발…비트코인 사이드체인 ‘리퀴드 네트워크’ 해킹...,여러 가상자산 거래소가 빠른 정산을 위해 사용하고 있는 비트코인 연동 블록체인 네트워크에서 3억 2000만달러(약 4250억원) 규모의 비트코인이 탈취되는 초유의 사건이 발생했기 때문이다. 7일 ‘리퀴드...,https://www.mk.co.kr/article/12146383,4,0.6,0,drop,candidate_hybrid_gray_drop_score_lt_threshold,4,0.6,가상자산,,,candidate_hybrid,1,0.65,0.35
김병기 수사 1년만 구속영장…'차남 특혜 채용' 등 혐의(종합),김 의원은 차남 김모 씨의 숭실대학교 계약학과 편입과 가상자산 거래소 빗썸 취업 과정에 개입한 혐의를 받고 있다. 경찰은 김 의원이 지난 2021년 숭실대 총장에게 차남 편입 문제를 언급한 뒤 보좌진 등을 통해...,https://news.tf.co.kr/read/life/2362965.htm,9,0.7421,1,keep,candidate_hybrid_keep_strong_domain_rule_anchor,9,0.7421,가상자산;빗썸,,,candidate_hybrid,1,0.65,0.35
거래소 폐쇄로 잃어버린 비트코인…12년 만에 '60억 잭팟',5일(현지시간) 코인 전문매체 코인데스크에 따르면 영국인 투자자 크리스(가명)는 지난 2011년 12월 영국의 가상자산 거래소인 '브릿코인(Britcoin)'을 통해 처음 비트코인을 매수했다. 당시 그가 가상화폐에 투자한 금액은...,https://www.etnews.com/20260907000434,4,0.6861,1,keep,candidate_hybrid_model_keep_prob_ge_threshold_with_domain_anchor,4,0.6861,가상자산,,,candidate_hybrid,1,0.65,0.35
"빗썸 잡은 국민은행, 실명계정 1년 더⋯‘6개월 계약’ 다시 정상화","KB국민은행이 가상자산 거래소 빗썸과 실명확인 입출금계정(실명계정) 제휴를 1년 더 이어간다. 올해 2월 계약 기간을 기존 1년에서 6개월로 줄였지만, 이번에는 다시 1년 단위로 제휴를 연장하기로 했다. 빗썸의...",https://www.etoday.co.kr/news/view/2622778,9,0.5557,1,keep,candidate_hybrid_keep_strong_domain_rule_anchor,9,0.5557,가상자산;빗썸,,,candidate_hybrid,1,0.65,0.35
"달러-원 1,340원선도 뚫렸다…장중 한때 1,339.50원",달러-원 환율 움직임은 국내 가상자산 투자자에게도 참고되는 변수다. 비트코인(BTC)과 이더리움(ETH)의 달러 표시 가격이 그대로 유지되더라도 환율이 낮아지면 국내 거래소의 원화 표시 가격 체감은 달라질 수 있다....,https://www.tokenpost.kr/news/economy/403751,9,0.608,1,keep,candidate_hybrid_keep_strong_domain_rule_anchor,9,0.608,환율;가상자산,달러;원화,,candidate_hybrid,1,0.65,0.35
"토큰포스트, ‘사토시노트™’ 앱 출시 이벤트 시작…거래소 연동하면...",토큰포스트가 가상자산 투자 기록 앱 ‘사토시노트(SATOSHI NOTE)™’ 출시를 기념해 7일부터 이용자 참여 이벤트를 시작한다. 이번 이벤트는 사토시노트에 거래소 계정을 1개 이상 연동한 이용자 가운데 선착순 100명에게...,https://www.tokenpost.kr/news/insights/403750,4,0.6373,0,drop,candidate_hybrid_gray_drop_score_lt_threshold,4,0.6373,가상자산,,,candidate_hybrid,1,0.65,0.35
"4,300억대 비트코인 털렸다…잇단 해킹 사고 '비상'","가상화폐 거래소들이 이용하는 비트코인 연계 블록체인이 3억2,000만달러(약 4,308억원) 규모의 비트코인을... 현재는 80개 이상의 거래소, 인프라 기업, 자산운용사가 참여하는 연합 형태로 운영된다. 비트코인 메인...",http://www.wowtv.co.kr/NewsCenter/News/Read?articleId=A202609070413&t=NN,0,0.5186,0,drop,candidate_hybrid_drop_generic_market_or_ipo_noise,0,0.5186,,,,candidate_hybrid,1,0.65,0.35
"경찰, 김병기 의원 구속영장 신청…수사 1년 만","이후 김 의원이 가상자산 거래소 빗썸과 두나무 등에 차남 채용을 청탁했다는 의혹, 쿠팡 측과의 부적절한 접촉 의혹 등이 잇따라 불거졌다. 또한 경찰은 공천헌금 수수 및 묵인 의혹, 배우자의 법인카드 사적 유용 의혹과...",https://www.kgnews.co.kr/news/article.html?no=910634,9,0.8078,1,keep,candidate_hybrid_keep_strong_domain_rule_anchor,9,0.8078,가상자산;두나무,,,candidate_hybrid,1,0.65,0.35
가상자산 거래소 업계 출혈경쟁 가열… 생존싸움 향방 주목,"시사위크=권정두 기자  국내 가상자산 거래소 업계의 '출혈경쟁'이 가열되고 있다. 새로운 주주를 맞은 군소 거래소들이 잇따라 '수수료 무료' 카드를 꺼내 들며 공세를 높인 가운데, '양강구도'를 형성해 온 업비트와...",https://www.sisaweek.com/news/articleView.html?idxno=237742,5,0.9003,1,keep,candidate_hybrid_model_keep_prob_ge_threshold_with_domain_anchor,5,0.9003,가상자산,수수료,,candidate_hybrid,1,0.65,0.35
"“270만→60억 된 비트코인, 그냥 포기했는데요”…14년만에 되찾았다고...","코인데스크, 英투자자 사연 소개 14년전 폐쇄 거래소에 묶여 포기 최근 가상자산 추적 SW로 지갑 발견 현재는 수십억원으로 불어났지만 14년 전 폐쇄된 가상자산 거래소에 묶여 포기했던 비트코인(BTC)을 되찾았다는...",https://www.mk.co.kr/article/12146282,4,0.6339,0,drop,candidate_hybrid_gray_drop_score_lt_threshold,4,0.6339,가상자산,,,candidate_hybrid,1,0.65,0.35
"두나무, '2026 아시안게임' 팀 코리아 응원",문화경제 | CNB저널 | 씨앤비저널 디지털자산 거래소 업비트를 운영하는 두나무(대표 오경석)가 오는 9월 19일... 글로벌 스포츠 이벤트 현장에서 국가대표 선수단을 대상으로 가상자산을 활용한 이색 후원 캠페인을...,https://www.cnbizm.com/news/articleView.html?idxno=314168,13,0.7927,1,keep,candidate_hybrid_keep_strong_domain_rule_anchor,13,0.7927,가상자산;디지털자산;두나무,,,candidate_hybrid,1,0.65,0.35
[저녁 뉴스브리핑] 비트코인 8만달러 아래 外,"해당 물량은 약 329만달러(약 44억원) 규모이며, 9월 3일 이후 이들 주소의 중앙화거래소 이동 물량은... 가상자산 과세 유예 청원이 3만2000명 동의를 넘겼다. PANews는 7일 가상자산 과세를 2년 더 미뤄 달라는...",https://www.tokenpost.kr/news/briefing/403746,4,0.5551,0,drop,candidate_hybrid_gray_drop_score_lt_threshold,4,0.5551,가상자산,,,candidate_hybrid,1,0.65,0.35
"국민은행·빗썸, 실명계정 제휴 1년 연장 합의…FIU 승인 신청",KB국민은행이 가상자산거래소 빗썸과 실명확인 입출금계정(실명계정) 제휴를 1년 더 이어간다. 지난 2월 계약 기간을 기존 1년에서 6개월로 단축한 지 반년 만에 다시 1년 단위 계약으로 돌아가는 것이다. 서울 강남구...,https://www.edaily.co.kr/News/Read?newsId=03742486645577824&mediaCodeNo=257&utm_source=naver&utm_medium=referral&utm_campaign=news_syndication&utm_content=original_article,19,0.6258,1,keep,candidate_hybrid_keep_strong_domain_rule_anchor,19,0.6258,가상자산;가상자산거래소;빗썸;fiu,,,candidate_hybrid,1,0.65,0.35
"[코인시황] 비트코인, 8만달러 '재반납'…중동 리스크 속 '클래리티법' ...",국내 가상자산 거래소 빗썸에서는 24시간 전 대비 0.42% 하락한 1억813만원을 기록하고 있다. 비트코인은 지난 4일 8만달러선을 탈환했지만 이후 상승세를 이어가지 못하고 다시 7만9000달러대로 밀려났다. 최근 가격을...,https://www.newsworks.co.kr/news/articleView.html?idxno=852908,4,0.5937,0,drop,candidate_hybrid_gray_drop_score_lt_threshold,4,0.5937,가상자산,,,candidate_hybrid,1,0.65,0.35
비트코인 연계 ‘리퀴드 네트워크’ 해킹…4300억원 상당 탈취,"현재 80개 이상의 가상화폐 거래소와 인프라 기업, 자산운용사 등이 참여하는 연합 형태로 운영되고 있다. 리퀴드 네트워크는 비트코인 메인 블록체인의 거래 지연과 높은 수수료 문제를 줄이기 위해 만들어졌다. 실제...",https://www.joongang.co.kr/article/25459784,1,0.4484,0,drop,candidate_hybrid_gray_drop_score_lt_threshold,1,0.4484,,수수료,,candidate_hybrid,1,0.65,0.35
"경찰, 수사 1년만에 김병기 구속영장 신청…차남 취업청탁 등 혐의",이 밖에도 김 의원은 △전 동작구의원들로부터 불법 정치자금 수수 △차남의 가상자산 거래소 빗썸 취업 청탁 △장남 국가정보원 채용 개입 △장남 국정원 업무에 보좌진 동원 △쿠팡 대표와 고가 식사 논란 △지역구...,https://www.mt.co.kr/society/2026/09/07/2026090714544327240,9,0.7589,1,keep,candidate_hybrid_keep_strong_domain_rule_anchor,9,0.7589,가상자산;빗썸,,,candidate_hybrid,1,0.65,0.35
[단독]디지털X 신사업 철수 후폭풍…코인 출금 막힌 투자자 ‘발동동’,미래에셋그룹 계열 가상화폐거래소 디지털X가 블록체인 신사업에서 철수하는 과정에서 일부 이용자들의... 이에 이용자들은 서비스 종료가 공지된 2일부터 연말까지 약 4개월 안에 실리콘에 보관된 자산을 모두...,https://www.sedaily.com/article/20088064?ref=naver,0,0.5822,0,drop,candidate_hybrid_gray_drop_score_lt_threshold,0,0.5822,,,,candidate_hybrid,1,0.65,0.35
"경찰, 수사 1년 만에 김병기 구속영장 신청...""혐의가 객관적 증거로 소...",앞서 김 의원은 지난 2024년 11월 가상자산 거래소 빗썸 경영진과 만나 차남 채용을 청탁한 혐의 등을 받았습니다. [김모 씨/김병기 의원 차남](지난 4월) (취업 과정에서 아버지 도움받으셨습니까?) … 이밖에도 강선우...,https://news.jtbc.co.kr/article/NB12317131?influxDiv=NAVER,9,0.728,1,keep,candidate_hybrid_keep_strong_domain_rule_anchor,9,0.728,가상자산;빗썸,,,candidate_hybrid,1,0.65,0.35
차남 취업·불법 정치자금 의혹 김병기…수사 1년 만에 구속영장,"김 의원은 차남의 숭실대 편입 및 가상자산 거래소 빗썸 취업 청탁 의혹, 불법 정치자금 수수 등 13가지 의혹과 관련해 경찰 수사를 받아왔다. 수사는 지난해 9월 김 의원의 전직 보좌관 A씨가 서울 동작경찰서에 김 의원을...",http://weekly.chosun.com/news/articleView.html?idxno=55046,9,0.8201,1,keep,candidate_hybrid_keep_strong_domain_rule_anchor,9,0.8201,가상자산;빗썸,,,candidate_hybrid,1,0.65,0.35
"비트코인 '패스트트랙' 리퀴드 네트워크, 4천억대 해킹에 멈춰섰다","현재 80개 이상의 가상자산 거래소, 인프라 기업, 자산운용사 등이 참여하는 연합 형태로 운영되고 있다. 비트코인 메인 블록체인은 거래가 몰릴 경우 처리 속도가 느려지고 수수료가 높아지는 문제가 반복돼 왔다....",http://www.newsroad.co.kr/news/articleView.html?idxno=63922,4,0.6987,1,keep,candidate_hybrid_model_keep_prob_ge_threshold_with_domain_anchor,4,0.6987,가상자산,,,candidate_hybrid,1,0.65,0.35
“270만원 넣었는데 60억원 됐다”…14년 만에 되찾은 비트코인 ‘초대...,7일 가상화폐 전문매체 코인데스크에 따르면 ‘크리스’라는 가명으로 알려진 영국인 투자자는 2011년 12월 영국 가상자산 거래소 ‘브릿코인(Britcoin)’을 통해 약 1500파운드 상당의 비트코인을 사들였다. 브릿코인은...,https://www.sedaily.com/article/20088061?ref=naver,4,0.5529,0,drop,candidate_hybrid_gray_drop_score_lt_threshold,4,0.5529,가상자산,,,candidate_hybrid,1,0.65,0.35
"김병기 의원, 자녀 편입·취업 청탁·공천헌금 의혹으로 구속영장 신청",가장 대표적인 의혹은 차남의 숭실대 편입과 가상자산 거래소 빗썸 취업 과정에 부당하게 개입했다는 것이다. 김 의원이 자신의 영향력을 행사해 차남에게 특혜를 제공했다는 주장이 제기됐다. 2020년 총선을 앞두고는...,https://www.insight.co.kr/news/572332,9,0.7192,1,keep,candidate_hybrid_keep_strong_domain_rule_anchor,9,0.7192,가상자산;빗썸,,,candidate_hybrid,1,0.65,0.35
[집중취재] '토큰증권 시대' 열렸다…넘어야 할 산은?,"미래에셋그룹은 가상자산 거래소 코빗 지분을 97%가량 확보하는 데 약 1,400억 원을 투입했고, 한국투자증권도 코인원 지분 20%를 800억 원에 확보했습니다. 미래에셋자산운용은 지난달 홍콩에서 3조8천억 원 규모의 자체 ETF...",http://mbnmoney.mbn.co.kr/news/view?news_no=MM1005917183,17,0.7443,1,keep,candidate_hybrid_keep_strong_domain_rule_anchor,17,0.7443,가상자산;토큰증권;코빗;산은,,,candidate_hybrid,1,0.65,0.35
[구민정의 크립토포커스] 막 오른 정기국회…디지털자산기본법·과세 시...,한 주간 가상자산 시장을 움직인 이슈와 이번 주 투자 포인트를 짚어보는 '구민정의 크립토 포커스'입니다.... 핵심은 역시 거래소 대주주 규제가 될 것으로 보입니다. 최근 대주주 규제와 관련해 지분율 자체를 제한하는...,http://mbnmoney.mbn.co.kr/news/view?news_no=MM1005917184,8,0.7628,1,keep,candidate_hybrid_keep_strong_domain_rule_anchor,8,0.7628,가상자산;디지털자산,,,candidate_hybrid,1,0.65,0.35
"프로비트 운영사 오션스, 이용자 자산 혼장 적발…폐업 후 반환도 ‘난...",더트래커 강혜림 기­자 raak@thetracker.co.kr 더트래커 = 강혜림 기자가상자산거래소 프로비트를 운영했던 오션스가 이용자 자산 관리 과정에서 가상자산이용자보호법을 위반해 금융당국의 제재를 받았다. 특히 회사가...,https://thetracker.co.kr/View.aspx?No=4216081,9,0.7261,1,keep,candidate_hybrid_keep_strong_domain_rule_anchor,9,0.7261,가상자산;가상자산거래소,,,candidate_hybrid,1,0.65,0.35
온체인 금융 간다더니 '상호운용 금지'…토큰증권 가이드라인에 '부글부...,"7일 가상자산 업계에 따르면 금융당국은 지난 4일 민관 합동 토큰증권 협의체 3차 회의를 개최한 사실과 함께... 증권사, 장외 거래소 등 기존 자본시장법상 투자중개나 매매 인가를 획득한 경우 인가받은 업무 범위 내에서...",https://www.sisaon.co.kr/news/articleView.html?idxno=204177,13,0.7981,1,keep,candidate_hybrid_keep_strong_domain_rule_anchor,13,0.7981,증권사;가상자산;토큰증권,금융,,candidate_hybrid,1,0.65,0.35
"""270만원이 60억 됐다""...14년 전 잠든 비트코인 되찾아 '돈방석'",14년 전 문을 닫은 가상자산 거래소에 묶여 잃어버린 줄 알았던 비트코인 61개를 되찾은 영국 투자자의 사연이 전해졌다. 되찾은 비트코인의 현재 가치는 약 450만달러(약 60억원)에 달한다. 7일 코인데스크 등에 따르면...,https://www.mt.co.kr/world/2026/09/07/2026090715511074874,4,0.5903,0,drop,candidate_hybrid_gray_drop_score_lt_threshold,4,0.5903,가상자산,,,candidate_hybrid,1,0.65,0.35
리퀴드 네트워크서 비트코인 4300억원 규모 탈취,"거래소나 개인 지갑이 아닌 가상자산 거래를 지원하는 중간 인프라가 공격받았다는 점에서 보안 취약성이 제기되고 있다. 7일 가상자산업계에 따르면 '리퀴드 네트워크'는 이날 엑스(X)를 통해 ""'리퀴드 연합' 지갑에...",https://www.ebn.co.kr/news/articleView.html?idxno=1723298,4,0.7096,1,keep,candidate_hybrid_model_keep_prob_ge_threshold_with_domain_anchor,4,0.7096,가상자산,,,candidate_hybrid,1,0.65,0.35
주식·채권까지 토큰화…가상자산 시장 접점 확대,"당장 가상자산 거래소가 토큰화된 주식이나 채권을 직접 거래할 수는 없지만, 지갑과 커스터디(수탁), 결제·정산 등 블록체인 인프라를 중심으로 두 시장의 연결 가능성이 커지고 있다는 분석입니다. 7일 금융업계에...",http://www.newstomato.com/ReadNews.aspx?no=1312792&inflow=N,5,0.8844,1,keep,candidate_hybrid_model_keep_prob_ge_threshold_with_domain_anchor,5,0.8844,가상자산,주식,,candidate_hybrid,1,0.65,0.35
"‘차남 취업·대입 청탁’ 등 무더기 의혹 김병기, 수사 1년 만에 구속영...","경찰은 김 의원이 차남의 숭실대 계약학과 편입과 취업을 위해 숭실대, 가상자산거래소 빗썸, 교통 관련 중소기업 진우산전 등에 청탁하고, 특혜성 의정활동을 약속하거나 제공한 혐의가 있다고 보고 있다. 차남에게...",https://www.seoul.co.kr/news/society/2026/09/07/20260907500252?wlog_tag3=naver,14,0.714,1,keep,candidate_hybrid_keep_strong_domain_rule_anchor,14,0.714,가상자산;가상자산거래소;빗썸,,,candidate_hybrid,1,0.65,0.35
"경찰, '13개 의혹' 김병기 구속영장 신청…수사 착수 1년 만","앞서 김 의원은 차남에 대한 숭실대 편입 및 가상자산 거래소 '빗썸' 취업 특혜, 전직 동작구의원으로부터 공천헌금 수수 등 총 13개 의혹에 대해 경찰 수사를 받아왔습니다. 경찰 수사는 지난해 9월 11일 시민단체...",http://www.newstomato.com/ReadNews.aspx?no=1312802&inflow=N,9,0.7548,1,keep,candidate_hybrid_keep_strong_domain_rule_anchor,9,0.7548,가상자산;빗썸,,,candidate_hybrid,1,0.65,0.35
[쪼그라드는 K코인] 투자자 5명 중 1명 코인에 250만원 이상…과세 논란...,7일 김상훈 국민의힘 의원실이 국내 5대 원화 가상자산 거래소에서 제출받은 자료에 따르면 전체 투자자 918만3808명 가운데 가상자산 투자액이 250만원 이상인 사람은 180만580명(19.6%)으로 집계됐다. 투자자 5명 중...,https://www.ajunews.com/view/20260907142952851,5,0.6429,0,drop,candidate_hybrid_gray_drop_score_lt_threshold,5,0.6429,가상자산,원화,,candidate_hybrid,1,0.65,0.35
'13가지 비위' 의혹 김병기 구속영장 신청···수사 1년 만에,"김 의원은 숭실대와 가상자산 거래소 빗썸, 진우산전 등에 특혜성 의정 활동을 약속하고 차남의 편입과 취업을 청탁한 혐의를 받는다. 이 과정에서 숭실대 등의 업무를 방해한 혐의도 적용됐다. 특히 경찰은 차남의 빗썸...",https://www.thereport.co.kr/news/articleView.html?idxno=91145,9,0.7635,1,keep,candidate_hybrid_keep_strong_domain_rule_anchor,9,0.7635,가상자산;빗썸,,,candidate_hybrid,1,0.65,0.35
"엑스알피 서울 2026, 글로벌 디지털자산 기업·국내 금융권 총출동",베리에이셔널은 가상자산뿐 아니라 금과 주가지수 등 전통자산까지 온체인에서 거래할 수 있도록 하는 거래소 프로토콜이다. 최근에는 금(XAU)과 나스닥100(US100)을 거래할 수 있는 스왑 상품을 출시하면서 전통...,https://www.khgames.co.kr/news/articleView.html?idxno=308132,8,0.7498,1,keep,candidate_hybrid_keep_strong_domain_rule_anchor,8,0.7498,가상자산;디지털자산,,,candidate_hybrid,1,0.65,0.35
"경찰 '뇌물·업무방해' 의혹 무소속 김병기 구속영장 신청, 수사 착수 1...","구체적으로 2020년 총선을 앞두고 전직 동작구의원 2명으로부터 모두 3천만 원을 받았다가 수개월 뒤 돌려줬다는 의혹, 차남의 숭실대학교 편입과 가상자산 거래소 빗썸 취업에 개입했다는 의혹 등이 수사 대상에 포함돼...",https://www.businesspost.co.kr/BP?command=article_view&num=446561,9,0.7377,1,keep,candidate_hybrid_keep_strong_domain_rule_anchor,9,0.7377,가상자산;빗썸,,,candidate_hybrid,1,0.65,0.35
'털렸다' 비트코인 4천여개 도난,가상화폐 거래소에서 사용되는 비트코인 연계 블록체인이 3억2천만달러(약 4천308억원) 상당의 비트코인을 해킹당했습니다. 디지털 자산 보안에 대한 신뢰가 크게 흔들리고 있습니다. 신속한 거래를 위해 고안된...,https://biz.sbs.co.kr/article_hub/20000333201?division=NAVER,0,0.5411,0,drop,candidate_hybrid_gray_drop_score_lt_threshold,0,0.5411,,,,candidate_hybrid,1,0.65,0.35
"비트코인 연계 블록체인, 4천300억 원 상당 비트코인 해킹당해",▲ 리퀴드 네트워크 해킹 사고 X 게시글 가상화폐 거래소에서 사용되는 비트코인 연계 블록체인이 3억 2천만 달러(약 4천308억 원) 상당의 비트코인을 해킹당해 디지털 자산 보안에 대한 신뢰가 크게 흔들리고 있습니다....,https://news.sbs.co.kr/news/endPage.do?news_id=N1008741423&plink=ORI&cooper=NAVER,1,0.5665,0,drop,candidate_hybrid_gray_drop_score_lt_threshold,1,0.5665,,달러,,candidate_hybrid,1,0.65,0.35
[코인 과세⑤] 코인 대신 ETF 택하면…세금 달라진다,[편집자주] 가상자산 거래소에서 비트코인을 직접 매매했다면 2027년부터 기타소득으로 과세된다. 반면 증권계좌에서 비트코인 가격과 연계된 해외 상장지수펀드(ETF)를 거래했다면 해외주식 양도소득으로 분류된다....,https://www.dailian.co.kr/news/view/1687271/?sc=Naver,4,0.579,0,drop,candidate_hybrid_gray_drop_score_lt_threshold,4,0.579,가상자산,,,candidate_hybrid,1,0.65,0.35
"'13개 의혹' 김병기 수사 1년만 구속영장…경찰 ""혐의 소명""",김 의원은 차남 김모 씨의 숭실대학교 계약학과 편입과 가상자산 거래소 빗썸 취업 과정에 개입한 혐의를 받고 있다. 경찰은 김 의원이 지난 2021년 숭실대 총장에게 차남 편입 문제를 언급한 뒤 보좌진 등을 통해 계약학과...,https://news.tf.co.kr/read/life/2362851.htm,9,0.7581,1,keep,candidate_hybrid_keep_strong_domain_rule_anchor,9,0.7581,가상자산;빗썸,,,candidate_hybrid,1,0.65,0.35
“증권사는 현금 주는데 거래소는 사전심사”…가상자산 이벤트 규제 형...,증권사와 가상자산 거래소에 적용되는 고객 이벤트 규제의 온도 차를 두고 형평성 논란이 일고 있다. 증권사는 비대면 계좌 개설 고객에게 현금을 지급하거나 수수료를 깎아주는 등 다양한 마케팅을 펼치는 반면...,https://www.ddaily.co.kr/page/view/2026090714073618626,4,0.7516,1,keep,candidate_hybrid_model_keep_prob_ge_threshold_with_domain_anchor,4,0.7516,가상자산,,,candidate_hybrid,1,0.65,0.35
"""비트코인 4000개 도난당했다""…비트코인 연계 블록체인 보안 사고","가상화폐 거래소 등이 이용하는 비트코인 연계 블록체인 '리퀴드 네트워크'에서 약 3억2000만달러 상당의... 보인다""며 ""예치자산의 약 95%가 유출되고 네크워크가 중단된 이번 사건은 리퀴드 네트워크의 검증과 자산 보관...",https://www.kado.net/news/articleView.html?idxno=2070999,0,0.5857,0,drop,candidate_hybrid_drop_generic_market_or_ipo_noise,0,0.5857,,,,candidate_hybrid,1,0.65,0.35
4천억 원대 비트코인 털렸다...블록체인 '리퀴드 네트워크' 해킹 대참사,가상화폐 거래소에서 널리 쓰이는 비트코인 연계 블록체인인 리퀴드 네트워크가 대규모 해킹을 당해 4천억 원이 넘는 막대한 자산을 탈취당했습니다. 리퀴드 네트워크 측은 소셜미디어를 통해 연합 지갑에 보관 중이던...,https://www.ytn.co.kr/_ln/0104_202609071545288266,0,0.6023,0,drop,candidate_hybrid_gray_drop_score_lt_threshold,0,0.6023,,,,candidate_hybrid,1,0.65,0.35
[쪼그라드는 K코인] 국내 코인 거래 반토막…거래소 영업익 80% 급감,7일 금융권에 따르면 국내 5대 원화 가상자산 거래소(업비트·빗썸·코인원·코빗·고팍스)의 올해 상반기 거래대금은 3665억8460만 달러로 전년 동기 대비 54.6% 감소했다. 이달 들어 감소 폭은 더욱 커졌다. 이날 기준...,https://www.ajunews.com/view/20260907141732796,23,0.7973,1,keep,candidate_hybrid_keep_strong_domain_rule_anchor,23,0.7973,가상자산;업비트;빗썸;코빗;고팍스,원화,,candidate_hybrid,1,0.65,0.35
"경찰, 김병기 의원 구속영장 신청…차남 취업·대입 청탁 등 혐의",대표적으로 차남의 숭실대 편입과 가상자산 거래소 빗썸 취업 과정에 부당하게 영향력을 행사했다는 의혹을 받고 있다. 이 밖에도 지방선거를 앞두고 전직 동작구의원들로부터 금품을 받았다는 의혹과 배우자의 법인카드...,http://www.iminju.net/news/articleView.html?idxno=169153,9,0.7504,1,keep,candidate_hybrid_keep_strong_domain_rule_anchor,9,0.7504,가상자산;빗썸,,,candidate_hybrid,1,0.65,0.35
"""평생 못 찾을 줄""…거래소 문 닫아 사라진 비트코인, 12년 만에 60억 '대...",영국 로펌 CEL 솔리시터스에 따르면 가명 '크리스'로 알려진 투자자는 최근 과거 영국 가상자산 거래소 인터산고(Intersango)를 통해 사들인 비트코인을 돌려받았다. 크리스는 2011년 12월 영국 가상자산 거래소...,https://view.asiae.co.kr/article/2026090715325550010,4,0.7566,1,keep,candidate_hybrid_model_keep_prob_ge_threshold_with_domain_anchor,4,0.7566,가상자산,,,candidate_hybrid,1,0.65,0.35
4300억원 비트코인 털렸다…리퀴드 네트워크 '초대형 해킹',"현재 80곳이 넘는 거래소와 인프라 기업, 자산운용사 등이 참여하는 연합 형태로 운영되고 있다. BTSE와 비트파이넥스 등 주요 가상자산 업체들도 리퀴드 네트워크를 이용하고 있다. 비트파이넥스는 세계 최대...",https://www.pinpointnews.co.kr/news/articleView.html?idxno=484647,4,0.5737,0,drop,candidate_hybrid_gray_drop_score_lt_threshold,4,0.5737,가상자산,,,candidate_hybrid,1,0.65,0.35
"경찰, 김병기 의원 구속영장 신청 방침…13가지 비위 의혹","김 의원에게 제기된 의혹에는 차남의 숭실대 편입 및 가상자산 거래소 빗썸 취업 청탁, 배우자의 법인카드 유용 의혹 내사 무마 시도, 전직 동작구의원들로부터의 불법 정치자금 수수, 쿠팡을 상대로 한 전직 보좌관 인사...",http://www.sisunnews.co.kr/news/articleView.html?idxno=245579,9,0.7524,1,keep,candidate_hybrid_keep_strong_domain_rule_anchor,9,0.7524,가상자산;빗썸,,,candidate_hybrid,1,0.65,0.35
"비트코인 연계 블록체인, 4천300억원 상당 비트코인 해킹당해",80여개 회원사 둔 '리퀴드 네트워크' 도난 사실 공개 가상화폐 거래소에서 사용되는 비트코인 연계 블록체인이 3억2천만달러(약 4천308억원) 상당의 비트코인을 해킹당해 디지털 자산 보안에 대한 신뢰가 크게 흔들리고...,https://www.yna.co.kr/view/AKR20260907117100009?input=1195m,0,0.5764,0,drop,candidate_hybrid_gray_drop_score_lt_threshold,0,0.5764,,,,candidate_hybrid,1,0.65,0.35
"KB국민은행, 빗썸과 재계약 수순…FIU 사전 승인 신청","KB국민은행이 가상자산거래소 빗썸과 실명확인 입출금계정 제휴 연장을 위한 절차에 들어갔다. 아직 재계약이 최종 확정된 것은 아니지만, 금융정보분석원(FIU)에 사전 승인을 신청하면서 사실상 연장 수순을 밟고...",https://www.ebn.co.kr/news/articleView.html?idxno=1723275,19,0.5825,1,keep,candidate_hybrid_keep_strong_domain_rule_anchor,19,0.5825,가상자산;가상자산거래소;fiu;금융정보분석원,,,candidate_hybrid,1,0.65,0.35
"경찰, 김병기 의원 구속영장 신청…뇌물·업무방해 혐의","김 의원이 숭실대 편입과 가상자산 거래소 빗썸 취업 과정에 부당하게 관여했는지, 취업 청탁의 대가로 의정활동에서 관련 업체에 유리한 영향력을 행사했는지가 수사 대상이 됐다. 특히 경찰은 차남이 얻은 취업 기회가...",https://www.topstarnews.net/news/articleView.html?idxno=16185565,9,0.7789,1,keep,candidate_hybrid_keep_strong_domain_rule_anchor,9,0.7789,가상자산;빗썸,,,candidate_hybrid,1,0.65,0.35
"경찰, '비위 의혹' 김병기 구속영장 신청…수사 1년만",대표적으로 차남의 숭실대 편입과 가상자산 거래소 빗썸 취업 과정에 부당하게 개입했다는 의혹이 있다. 2020년 지방선거를 앞두고 전직 동작구의원 2명에게서 금품을 받았다는 의혹과 배우자의 법인카드 유용·관련...,https://www.ajunews.com/view/20260907143747876,9,0.7451,1,keep,candidate_hybrid_keep_strong_domain_rule_anchor,9,0.7451,가상자산;빗썸,,,candidate_hybrid,1,0.65,0.35
"비트코인, 8만달러선 숨 고르기…다음 변수는 美 CPI",시카고상품거래소(CME) 페드워치에 따르면 9월 FOMC에서 기준금리를 0.25%포인트 인상할 확률은 58.4%로... 있다.가상자산 시장에서는 CPI 결과와 이에 따른 금리 전망 변화가 비트코인의 단기 방향성을 결정할 주요 변수로...,https://www.asiatoday.co.kr/kn/view.php?key=20260907010002538,8,0.7693,1,keep,candidate_hybrid_keep_strong_domain_rule_anchor,8,0.7693,기준금리;가상자산,금리,,candidate_hybrid,1,0.65,0.35
"15년 전 270만원에 샀던 비트코인, 60억 돼서 돌아왔다",7일 코인데스크에 따르면 '크리스'라는 가명으로 알려진 영국 투자자는 지난 2011년 12월 현지 가상자산 거래소 '브릿코인'에서 1500파운드 상당의 비트코인을 구매했다. 브릿코인은 이후 '인터산고'로 이름을 바꿨지만...,https://www.dailian.co.kr/news/view/1687321/?sc=Naver,4,0.6205,0,drop,candidate_hybrid_gray_drop_score_lt_threshold,4,0.6205,가상자산,,,candidate_hybrid,1,0.65,0.35
비트코인 담보로 집 산다…美 주택대출 등장,가상화폐 보유자가 자산을 현금화하지 않고도 주택 구매에 필요한 현금을 확보할 수 있는 금융상품이다.... 7일 가상화폐 전문매체 코인데스크에 따르면 미국 주택대출 업체 베터 모기지는 미국 가상화폐 거래소...,https://www.decenter.kr/article/20087999?ref=naverdc,0,0.4633,0,drop,candidate_hybrid_drop_generic_market_or_ipo_noise,0,0.4633,,,,candidate_hybrid,1,0.65,0.35
"경찰, '13가지 비위 의혹' 김병기 사전 구속영장 신청","김 의원은 차남의 숭실대 편입과 가상자산 거래소 빗썸, 진우산전 취업 과정에 부당하게 개입한 혐의를 받는다. 경찰은 차남의 취업 기회 자체가 김 의원에게 귀속되는 경제적 이익에 해당한다고 보고 뇌물수수 혐의를...",https://www.newscj.com/news/articleView.html?idxno=3430663,9,0.7434,1,keep,candidate_hybrid_keep_strong_domain_rule_anchor,9,0.7434,가상자산;빗썸,,,candidate_hybrid,1,0.65,0.35
"‘13가지 비위 의혹’ 김병기, 경찰 수사 1년 만에 구속영장 신청","차남의 가상자산 거래소 빗썸 취업 과정에 부당하게 영향력을 행사했다는 의혹도 함께 수사 대상에 포함됐다. 강선우 의원의 공천헌금 1억 원 수수 사실을 알고도 묵인했다는 의혹과 배우자의 법인카드 유용 의혹, 관련...",https://www.wikitree.co.kr/articles/1157807,9,0.7458,1,keep,candidate_hybrid_keep_strong_domain_rule_anchor,9,0.7458,가상자산;빗썸,,,candidate_hybrid,1,0.65,0.35
"경찰, 자녀 편입·취업청탁 등 의혹 김병기 구속영장 신청","차남의 숭실대 편입 및 가상자산 거래소 빗썸 취업 과정 등에 부당하게 개입했다는 의혹이 대표적이다. 그밖에도 2020년 총선을 앞두고 전직 동작구의원 2명으로부터 공천헌금 3000만원을 받았다가 돌려준 의혹, 같은 당...",https://www.kmib.co.kr/article/view.asp?arcid=9000009757&cp=nv,9,0.7192,1,keep,candidate_hybrid_keep_strong_domain_rule_anchor,9,0.7192,가상자산;빗썸,,,candidate_hybrid,1,0.65,0.35
비트코인 7월 저점서 38% 반등… 10만 달러 '조건부',한국 거래소에서 비트코인은 가상자산 이용자 보호법 시행 이후 원화 예치금 유입을 이끄는 핵심 척도 역할을 담당하고 있다. 10만 달러 돌파 여부는 빗썸과 업비트 등 한국 거래소의 일일 거래 대금 확장과 수수료...,https://www.g-enews.com/view.php?ud=202609070452455753e7e8286d56_1,12,0.7357,1,keep,candidate_hybrid_keep_strong_domain_rule_anchor,12,0.7357,가상자산;업비트,수수료;달러;원화,,candidate_hybrid,1,0.65,0.35
업비트 거래소에서 금일 가장 주목 받는 가상화폐는…,"9월 7일 현재 국내 가상화폐 거래소인 업비트에서 '저스트', '이유알코인'이 가장 높은 일일 체결강도를... 5개 자산에 이름을 올리고 있다. 일일 매수 체결강도 상위 5개 가상화폐 모두 100% 이상의 체결강도를 보유...",https://www.khgames.co.kr/news/articleView.html?idxno=308130,5,0.4931,0,drop,candidate_hybrid_gray_drop_score_lt_threshold,5,0.4931,업비트,,,candidate_hybrid,1,0.65,0.35
"경찰, 김병기 구속영장 신청…""객관적 증거로 혐의 소명""",이 가운데 경찰은 김 의원이 차남의 숭실대 편입과 가상자산 거래소 빗썸 취업 과정에 부당하게 개입했다는 의혹을 주요하게 들여다봐 왔다. 특히 김 의원이 차남의 빗썸 취업을 청탁하고 그 대가로 의정활동 과정에서...,https://www.newsis.com/view/NISX20260907_0003779230,9,0.7411,1,keep,candidate_hybrid_keep_strong_domain_rule_anchor,9,0.7411,가상자산;빗썸,,,candidate_hybrid,1,0.65,0.35
"[속보]경찰, 김병기 의원 구속영장 신청…뇌물수수 혐의","다만 김 의원과 가상자산 거래소 빗썸 간 차남 채용 청탁 의혹은 이번 구속영장 신청 혐의에서 제외됐다. 경찰은 지난해 9월 수사에 착수한 뒤 김 의원 자택과 국회의원회관 사무실 등을 압수수색하고, 지난 4월까지 김...",https://biz.heraldcorp.com/article/10865112?ref=naver,9,0.7908,1,keep,candidate_hybrid_keep_strong_domain_rule_anchor,9,0.7908,가상자산;빗썸,,,candidate_hybrid,1,0.65,0.35
"경찰, ‘13개 비위 의혹’ 김병기 구속영장 신청 결정","주요 수사 대상은 2020년 총선을 앞두고 전직 동작구의원 2명에게서 배우자를 통해 3000만원을 받았다가 돌려줬다는 의혹, 차남의 숭실대 편입과 가상자산 거래소 빗썸 취업에 개입했다는 의혹 등이다. 배우자의 동작구의회...",https://www.dt.co.kr/article/12082484?ref=naver,9,0.7408,1,keep,candidate_hybrid_keep_strong_domain_rule_anchor,9,0.7408,가상자산;빗썸,,,candidate_hybrid,1,0.65,0.35
"[속보]경찰, 김병기 의원 뇌물수수 등 혐의로 구속영장 신청…수사 착수...",국내 가상자산 거래소 빗썸에 차남 취업을 청탁하는 등의 빗썸 관련 혐의는 구속영장에 포함되지 않았다. 경찰이 김 의원에 대한 구속영장을 신청한 건 지난해 9월 수사에 착수한 지 1년 만이다. 경찰은 지난 2~4월 김...,https://www.khan.co.kr/article/202609071435011,9,0.7999,1,keep,candidate_hybrid_keep_strong_domain_rule_anchor,9,0.7999,가상자산;빗썸,,,candidate_hybrid,1,0.65,0.35
"베드락, Alpha Selini Vault 2차 에포크 돌입…구조화 볼트로 온체인 수익...",다만 가상자산 가격과 거래량은 거래소 및 가격 집계 시점에 따라 차이가 발생할 수 있다. 이번 Alpha Selini Vault의 2차 에포크 진행은 베드락이 BTCFi를 단순한 리스테이킹 상품 영역에서 다양한 수익 전략을...,https://www.e-science.co.kr/news/articleView.html?idxno=134899,4,0.6078,0,drop,candidate_hybrid_gray_drop_score_lt_threshold,4,0.6078,가상자산,,,candidate_hybrid,1,0.65,0.35
"[속보] 경찰, 13가지 비위 의혹 김병기 구속영장 신청…수사 착수 1년 만","김 의원은 차남이 숭실대 계약학과로 편입하는 과정에 당시 보좌관들을 동원해 개입하고, 가상자산 거래소인 빗썸에 취업을 청탁한 혐의를 받는다. 2020년 21대 총선을 앞두고 동작구의원 2명에게 정치 자금 3,000만 원을...",https://www.hankookilbo.com/news/article/A2026090714030005861?did=NA,4,0.6429,0,drop,candidate_hybrid_gray_drop_score_lt_threshold,4,0.6429,가상자산,,,candidate_hybrid,1,0.65,0.35
'채용 청탁·불법 자금' 김병기 구속영장…수사 착수 '1년 만',구체적으로는 ▲차남의 숭실대 편입 및 가상자산 거래소 빗썸 취업 청탁 ▲배우자의 법인카드 유용 의혹 내사 무마 시도 ▲전직 동작구의원들로부터 불법 정치자금 수수 ▲쿠팡을 상대로 한 전직 보좌관 인사 불이익 청탁...,https://www.kyeonggi.com/article/20260907580199,9,0.7666,1,keep,candidate_hybrid_keep_strong_domain_rule_anchor,9,0.7666,가상자산;빗썸,,,candidate_hybrid,1,0.65,0.35
조각투자 제도권 편입 '속도전'…따져볼 리스크는?,"조각투자 시장이 오는 11월 장내시장 개설과 장외거래소 본인가 심사를 앞두고 제도권 진입에 속도를 내고... 가상자산학계 한 관계자는 ""조각투자 시장의 성패는 얼마나 많은 상품을 발행했느냐보다 투자자가 원할 때...",https://www.straightnews.co.kr/news/articleView.html?idxno=310546,4,0.7049,1,keep,candidate_hybrid_model_keep_prob_ge_threshold_with_domain_anchor,4,0.7049,가상자산,,,candidate_hybrid,1,0.65,0.35
"[속보] 경찰, 비위 의혹 김병기 의원 구속영장 신청",김 의원은 ▶차남의 숭실대 편입 및 가상자산 거래소 빗썸 취업 청탁 ▶배우자의 법인카드 유용 의혹 내사 무마 시도 ▶전직 동작구의원들로부터 불법 정치자금 수수 ▶쿠팡을 상대로 한 전직 보좌관 인사 불이익 청탁 등...,https://www.joongang.co.kr/article/25459726,9,0.7607,1,keep,candidate_hybrid_keep_strong_domain_rule_anchor,9,0.7607,가상자산;빗썸,,,candidate_hybrid,1,0.65,0.35
도지코인보다 더 몰렸다…빗썸 단독상장 '불칸포지드' 36% 급등[특징코인...,가상자산 불칸포지드(PYR)가 하루 만에 36% 급등해 가상자산(디지털자산) 거래소 빗썸에서 가격 상승률 1위를 기록했다. 7일 오후 2시 4분 빗썸에서 불칸포지드는 전일 대비 36.45% 오른 99.87원에 거래되고 있다. 이날 빗썸...,https://www.news1.kr/finance/blockchain-fintech/6282246,13,0.7446,1,keep,candidate_hybrid_keep_strong_domain_rule_anchor,13,0.7446,가상자산;디지털자산;빗썸,,,candidate_hybrid,1,0.65,0.35
"국민은행·빗썸, 실명계좌 재계약…6개월 만에 다시 '1년 계약'",KB국민은행이 가상자산거래소 빗썸과 실명확인 입출금계정 제휴를 1년 더 이어간다. 올해 초 빗썸의 대규모 비트코인 오지급 사고 이후 계약기간을 6개월로 줄였던 양측이 다시 통상적인 1년 단위 계약으로 돌아가는...,https://www.pinpointnews.co.kr/news/articleView.html?idxno=484569,14,0.7573,1,keep,candidate_hybrid_keep_strong_domain_rule_anchor,14,0.7573,가상자산;가상자산거래소;빗썸,,,candidate_hybrid,1,0.65,0.35
"""270만원 투자금, 60억 돼 돌아왔다""...14년 만에 잠든 비트코인 찾은 60...",14년 전 문을 닫은 가상자산 거래소에 묶여 사실상 소실된 줄 알았던 비트코인이 전문 추적을 통해 원래 주인의 품으로 돌아왔다. 당시 약 270만 원 수준이던 투자금은 그간 이어진 폭발적인 가치 상승에 힘입어 현재...,https://www.fnnews.com/news/202609071313483682,4,0.4916,0,drop,candidate_hybrid_gray_drop_score_lt_threshold,4,0.4916,가상자산,,,candidate_hybrid,1,0.65,0.35
투심 오르니 알트코인도 '쑥'…시총 순위 재편 가속화,"주요 알트코인이 개별 호재를 등에 업고 약진하면서 디지털자산(가상자산) 시가총액 순위 재편이 빨라지는... 크립토퀀트는 ""비트코인 현물 거래량은 최근 약 3~4배 늘었으며 거래소로 유입되는 알트코인 물량 역시 약...",https://www.newsway.co.kr/news/view?ud=2026090713062548215,8,0.6612,1,keep,candidate_hybrid_keep_strong_domain_rule_anchor,8,0.6612,가상자산;디지털자산,,,candidate_hybrid,1,0.65,0.35
[크립토하나] 美 바이백·주요 물가지표 발표 대기…가상자산 가격 향방...,특히 업계는 가상자산 거래소 대주주 지분 제한 여부에 촉각을 곤두세우고 있습니다. 여당에서는 거래소 대주주 지분율을 20%로 제한하거나 의결권을 일정 수준 제한하는 방안 등이 거론되고 있습니다. 대주주 지분...,https://zdnet.co.kr/view/?no=20260907094336,4,0.732,1,keep,candidate_hybrid_model_keep_prob_ge_threshold_with_domain_anchor,4,0.732,가상자산,,,candidate_hybrid,1,0.65,0.35
오르카(ORCA) 10% 급등…2350원 찍고 솔라나 디파이 '상승 선두',"7일 오후 1시34분 기준 국내 가상자산 거래소 업비트에서 오르카는 개당 2114원에 거래됐다. 전일 대비 191원, 9.93% 오른 수준이다. 장중 변동성은 더욱 컸다. 오르카는 1927원까지 밀린 뒤 매수세가 빠르게 유입되면서...",https://www.job-post.co.kr/news/articleView.html?idxno=226432,4,0.7358,1,keep,candidate_hybrid_model_keep_prob_ge_threshold_with_domain_anchor,4,0.7358,가상자산,,,candidate_hybrid,1,0.65,0.35
테더 1363원으로 소폭 상승…'코인 가격'보다 환율·김치 프리미엄 주목,"7일 오후 1시33분 기준 국내 가상자산 거래소 업비트에서 테더는 개당 1363원에 거래됐다. 전일 대비 2원, 0.15% 오른 수준이다. 이날 테더의 국내 가격은 1356원에서 1364원 사이를 오갔다. 장중 변동 폭은 8원으로...",https://www.job-post.co.kr/news/articleView.html?idxno=226431,7,0.6835,1,keep,candidate_hybrid_model_keep_prob_ge_threshold_with_domain_anchor,7,0.6835,환율;가상자산,,,candidate_hybrid,1,0.65,0.35
플록(FLOCK) 100원 아래로 밀려…사흘 급등 뒤 '숨고르기',"7일 오후 1시31분 기준 국내 가상자산 거래소 업비트에서 플록은 개당 99원에 거래됐다. 전일 대비 3원, 2.55% 하락한 수준이다. 장중 가격 움직임도 거칠었다. 플록은 한때 109원까지 치솟았지만 상승분을 대부분...",https://www.job-post.co.kr/news/articleView.html?idxno=226430,4,0.7607,1,keep,candidate_hybrid_model_keep_prob_ge_threshold_with_domain_anchor,4,0.7607,가상자산,,,candidate_hybrid,1,0.65,0.35
레이디움 1800원 찍고 1630원대로 '뚝'…급등 하루 만에 변동성 폭발,"7일 오후 1시29분 기준 국내 가상자산 거래소 업비트에서 레이디움은 개당 1631원에 거래됐다. 전일 대비 121원, 6.91% 하락한 가격이다. 이날 가격 변동 폭은 상당했다. RAY는 장중 1833원까지 뛰었지만 상승분을...",https://www.job-post.co.kr/news/articleView.html?idxno=226429,4,0.7245,1,keep,candidate_hybrid_model_keep_prob_ge_threshold_with_domain_anchor,4,0.7245,가상자산,,,candidate_hybrid,1,0.65,0.35
솔라나 14만3000원대로 밀려…ETF 자금 둔화에 105달러선 공방,"7일 오후 1시27분 기준 국내 가상자산 거래소 업비트에서 솔라나는 개당 14만3300원에 거래됐다. 전일 대비 1600원, 1.10% 하락한 수준이다. 이날 솔라나는 장중 14만5400원까지 상승했지만 오름세를 유지하지 못했다. 이후...",https://www.job-post.co.kr/news/articleView.html?idxno=226428,4,0.6601,1,keep,candidate_hybrid_model_keep_prob_ge_threshold_with_domain_anchor,4,0.6601,가상자산,,,candidate_hybrid,1,0.65,0.35
리플(XRP) 1920원으로 밀려…1.40달러선 놓고 '힘겨루기',"7일 오후 1시26분 기준 국내 가상자산 거래소 업비트에서 XRP는 개당 1920원에 거래됐다. 전일 대비 16원, 0.83% 하락한 수준이다. 이날 XRP는 장중 1944원까지 올랐지만 상승세를 유지하지 못했다. 이후 매물이 출회되면서...",https://www.job-post.co.kr/news/articleView.html?idxno=226427,4,0.6919,1,keep,candidate_hybrid_model_keep_prob_ge_threshold_with_domain_anchor,4,0.6919,가상자산,,,candidate_hybrid,1,0.65,0.35
비트코인 1억850만원대서 숨고르기…美 금리 경계에 8만달러 공방,"7일 오후 1시21분 기준 국내 가상자산 거래소 업비트에서 비트코인은 1개당 1억858만6000원에 거래됐다. 전일 대비 82만1000원, 0.75% 하락한 수준이다. 이날 비트코인은 장중 1억955만6000원까지 올랐지만 상승 폭을 반납했고...",https://www.job-post.co.kr/news/articleView.html?idxno=226425,5,0.6863,1,keep,candidate_hybrid_model_keep_prob_ge_threshold_with_domain_anchor,5,0.6863,가상자산,금리,,candidate_hybrid,1,0.65,0.35
이더리움 340만원대서 '주춤'…2500달러 놓고 치열한 공방,"7일 오후 1시24분 기준 국내 가상자산 거래소 업비트에서 이더리움은 1개당 340만4000원에 거래됐다. 전일 대비 1만9000원, 0.56% 내린 가격이다. 이날 원화 시장에서 이더리움은 339만4000원까지 밀렸다가 반등했으며 장중...",https://www.job-post.co.kr/news/articleView.html?idxno=226426,5,0.6944,1,keep,candidate_hybrid_model_keep_prob_ge_threshold_with_domain_anchor,5,0.6944,가상자산,원화,,candidate_hybrid,1,0.65,0.35
"[크립토24] 디지털자산 시대, 기업이나 기관은 무엇을 준비해야하나",보관보다 어려운 것은 증명이다 2027년 1월 1일부터 가상자산 소득 과세가 시작된다. 연 250만원을 넘는 소득에 지방소득세를 포함해 22%가 적용된다. 핵심은 세율이 아니라 입증 책임이다. 거래소 밖에서 이동한 자산은 실제...,http://www.inews24.com/view/2001230,8,0.7366,1,keep,candidate_hybrid_keep_strong_domain_rule_anchor,8,0.7366,가상자산;디지털자산,,,candidate_hybrid,1,0.65,0.35
"업비트, 아시안게임 앞두고 '팀 코리아' 응원…후원 활동 지속",가상자산 거래소 업비트를 운영하는 두나무는 오는 19일 개막하는 '2026 아이치·나고야 아시안게임'을 앞두고 대한민국 국가대표 선수단 응원에 나섰다고 7일 밝혔다. 업비트는 지난 3일 충북 진천 국가대표선수촌에서...,http://www.smarttimes.co.kr/news/articleView.html?idxno=48735,9,0.754,1,keep,candidate_hybrid_keep_strong_domain_rule_anchor,9,0.754,가상자산;업비트,,,candidate_hybrid,1,0.65,0.35
"달러-원 1300원 전망, 삼성증권 연말 눈높이 낮췄다",이번 전망 조정은 국내 가상자산 투자자에게도 참고 변수다. 비트코인(BTC)과 이더리움(ETH)의 달러 가격이 같아도 달러-원 환율이 내려가면 국내 거래소의 원화 표시 가격 체감은 달라질 수 있다. 본지는 앞서...,https://www.tokenpost.kr/news/economy/403710,6,0.6647,1,keep,candidate_hybrid_model_keep_prob_ge_threshold_with_domain_anchor,6,0.6647,가상자산,달러;원화,,candidate_hybrid,1,0.65,0.35
동남아 블록체인 투자액 2배로 껑충…올해 9400억원 유치,특히 가상자산 거래소 크립토닷컴이 유치한 4억달러 규모의 시리즈D 투자가 전체 투자액의 약 60%를 차지했다. 국가별 편중도 두드러졌다. 동남아 블록체인 기업이 현재까지 유치한 누적 투자금 62억 달러 가운데 82.5...,https://www.news1.kr/finance/blockchain-fintech/6282008,5,0.6253,0,drop,candidate_hybrid_gray_drop_score_lt_threshold,5,0.6253,가상자산,달러,,candidate_hybrid,1,0.65,0.35
"AI가 분석하고 주문·결제까지 … 가상자산 거래소, '에이전트 금융' 시...","뉴데일리 홍지아 기자 = 가상자산 거래소의 인공지능(AI) 경쟁이 시장·종목 분석을 넘어 투자전략 검증과 주문, 결제 영역으로 확산하고 있다. 국내 거래소들이 AI 기반 투자정보와 자연어 거래 서비스를 잇달아...",https://biz.newdaily.co.kr/site/data/html/2026/09/07/2026090700142.html,5,0.8014,1,keep,candidate_hybrid_model_keep_prob_ge_threshold_with_domain_anchor,5,0.8014,가상자산,금융,,candidate_hybrid,1,0.65,0.35
업비트·빗썸마저 동참한 ‘수수료 0원’ 생존전쟁,대형 금융회사라는 투자자가 등장했지만 규제로 당장 시너지를 내기 어려운 상황에서 중소거래소들이 꺼낼 수 있는 카드는 수수료 무료화뿐이다. 가상자산 시장의 거래량이 줄고 업계의 잇단 사고로 시장 신뢰까지...,https://biz.heraldcorp.com/article/10864776?ref=naver,10,0.7498,1,keep,candidate_hybrid_keep_strong_domain_rule_anchor,10,0.7498,가상자산;업비트,수수료,,candidate_hybrid,1,0.65,0.35
"한국은행, ""달러 스테이블코인 수요에 환율 영향 받을 수 있어""","연구진은 ""향후 국내 가상화폐 거래소에 대한 법인과 외국인의 참여 확대 등으로 구조가 변화할 경우 스테이블코인 시장과 외환시장 간 연계가 강화될 수 있음을 시사한다""라며 ""관련 제도 설계 시 디지털자산 제도 정비와...",https://www.khgames.co.kr/news/articleView.html?idxno=308108,22,0.8357,1,keep,candidate_hybrid_keep_strong_domain_rule_anchor,22,0.8357,한국은행;환율;디지털자산;스테이블코인;외환시장,달러,,candidate_hybrid,1,0.65,0.35
"""SEC서 맷집 단련한 XRP, 클래리티 법안 지연에도 잘 버티네""","리플은 기관 대상 판매와 관련해 1억 2,500만 달러의 벌금을 부과받았으나, 일반 투자자를 대상으로 한 거래소 내 프로그램 방식 판매는 미등록 증권에 해당하지 않는다는 핵심 판단을 확정받았다. 다른 가상자산...",https://www.g-enews.com/view.php?ud=20260907105912939e250e8e188_1,4,0.6425,0,drop,candidate_hybrid_gray_drop_score_lt_threshold,4,0.6425,가상자산,,,candidate_hybrid,1,0.65,0.35
"모어스레드 장중 하한가, 거래대금 10억위안 넘어",모어스레드는 상하이증권거래소 공시에서 2577만4510주의 최초 공개 발행 오프라인 배정 제한주가 9월... 비트코인(BTC)이나 이더리움(ETH) 같은 가상자산과 직접 연결된 재료는 아니다. 다만 본지가 앞서 전한 AI...,https://www.tokenpost.kr/news/market/403675,4,0.6103,0,drop,candidate_hybrid_gray_drop_score_lt_threshold,4,0.6103,가상자산,,,candidate_hybrid,1,0.65,0.35
“코인 세금 매기면 거래량 증발?”…해외 6개국 분석해보니,김태일 코어시큐리티 대표는 “가상자산 과세 관련 사건들의 해외 각국의 가상자산 거래소 내 거래량 변화에 미친 영향은 국가별 거래환경과 시장 흐름이 함께 반영돼 일관되지 않게 나타난다”며 “일부 해외...,https://www.mk.co.kr/article/12145852,4,0.6912,1,keep,candidate_hybrid_model_keep_prob_ge_threshold_with_domain_anchor,4,0.6912,가상자산,,,candidate_hybrid,1,0.65,0.35
씨티 등 글로벌 은행 21곳 스테이블코인 동맹 결성,"곧 이어 페이워드의 런던증권거래소(LSE) 상장 상위 100종목 토큰화(xStocks), 싱가포르 통화청의 스테이블코인 준비자산 규제안(의견수렴 10월16일까지), SEC의 24시간 증권거래 논의(9월17일 원탁회의), 호주 ASIC의 가상자...",https://www.junggi.co.kr/news/articleView.html?idxno=37674,8,0.9343,1,keep,candidate_hybrid_keep_strong_domain_rule_anchor,8,0.9343,은행;스테이블코인,,,candidate_hybrid,1,0.65,0.35
"""아시안게임 국가대표 선수단 화이팅""...두나무, 비트코인 담은 응원 카...",/ 사진=두나무 제공 가상자산 거래소 업비트를 운영하는 두나무가 '2026 아이치·나고야 아시안게임'에 출전하는 대한민국 국가대표 선수단 응원에 나섰다. 대한체육회 공식 파트너로서 국가대표 선수들과의 동행을...,https://www.techm.kr/news/articleView.html?idxno=154962,9,0.7378,1,keep,candidate_hybrid_keep_strong_domain_rule_anchor,9,0.7378,가상자산;두나무,,,candidate_hybrid,1,0.65,0.35
[크립토 브리핑] 비트코인 8만달러 회복…클래리티법·美 물가에 쏠린 ...,"7일 오전 8시10분 국내 가상자산 거래소 빗썸에서 비트코인은 24시간 전보다 0.52% 오른 1억914만원에 거래됐다. 글로벌 시장에서도 8만달러선을 다시 넘어섰다. 이더리움은 1.04%, 리플은 0.47% 상승했고 솔라나는 보합권에서...",https://www.techm.kr/news/articleView.html?idxno=154961,4,0.6325,0,drop,candidate_hybrid_gray_drop_score_lt_threshold,4,0.6325,가상자산,,,candidate_hybrid,1,0.65,0.35
코인 270만 원에 샀다가 거래소 폐쇄…14년 뒤 '60억'으로 돌아왔다,14년 전 폐쇄된 가상자산 거래소에 묶였던 비트코인(BTC)을 되찾은 영국 투자자의 사연이 전해졌다. 당시 약 270만 원이던 투자금은 현재 60억 원 규모로 불어났다. 7일 코인데스크에 따르면 '크리스'라는 가명으로 알려진...,https://www.news1.kr/finance/blockchain-fintech/6281866,4,0.5802,0,drop,candidate_hybrid_gray_drop_score_lt_threshold,4,0.5802,가상자산,,,candidate_hybrid,1,0.65,0.35
"비트코인 8만 달러…""이란 사태·美 국채 신뢰, 향방 가른다""[코인브리...",270만 원이 60억 원으로…14년 만에 되찾은 비트코인 14년 전 폐쇄된 가상자산 거래소에 묶였던 비트코인을 되찾은 영국 투자자의 사연이 전해졌다. 당시 약 270만 원이던 투자금은 현재 60억 원 규모로 불어났다. 6일...,https://www.news1.kr/finance/blockchain-fintech/6281822,8,0.6405,1,keep,candidate_hybrid_keep_strong_domain_rule_anchor,8,0.6405,국채;가상자산,달러,,candidate_hybrid,1,0.65,0.35
블록체인 문제 아니었다…스테이블코인 성장 막는 진짜 병목은 '은행',시장에서 연간 30조달러(약 4경302조원) 이상으로 거론되는 스테이블코인 거래량에는 봇 거래와 거래소 내부... 핀테크·가상자산 관련 프로그램에서 이탈하거나 특정 결제 구간을 중단할 수 있다. 실버게이트의 사업...,https://www.digitaltoday.co.kr/news/articleView.html?idxno=698607,12,0.768,1,keep,candidate_hybrid_keep_strong_domain_rule_anchor,12,0.768,은행;가상자산;스테이블코인,,,candidate_hybrid,1,0.65,0.35
"""아시안게임 '팀 코리아' 응원""…두나무, 선수들에 비트코인 전달",가상자산 거래소 업비트를 운영하는 두나무가 아시안게임에 참여하는 국가대표 선수들을 격려했다. 4일 가상자산 업계에 따르면 두나무는 지난 3일 진천 국가대표선수촌에서 열린 국가대표 선수단 결단식에 참석했다....,https://www.fnnews.com/news/202609070857564808,9,0.8563,1,keep,candidate_hybrid_keep_strong_domain_rule_anchor,9,0.8563,가상자산;두나무,,,candidate_hybrid,1,0.65,0.35
"업비트 거래대금 15.47% 감소…리플 거래 1위, 알트코인은 117% 폭등",한편 업비트 데이터랩은 디지털자산 거래소 업비트를 운영하는 두나무의 데이터 전문 서비스다. 업비트 종합지수를 비롯해 시장 동향과 섹터 분류 등 가상자산 시장 분석을 위한 지표를 제공한다. 종합지수는...,http://coinreaders.com/256800,13,0.8579,1,keep,candidate_hybrid_keep_strong_domain_rule_anchor,13,0.8579,가상자산;디지털자산;업비트,,,candidate_hybrid,1,0.65,0.35
업비트 종합지수 1.37% 상승 마감···아비트럼·플록 117%대 급등,"국내 가상자산거래소 업비트의 종합 시장 지수가 대형 자산의 완만한 흐름과 알트코인 반등에 힘입어 전주 대비 소폭 상승했다. 업비트 종합지수(UBCI)는 전주 대비 1.37% 오른 11,097.82포인트를 기록했다. 주요...",https://www.globale.co.kr/news/articleView.html?idxno=40240,14,0.7287,0,drop,candidate_hybrid_drop_low_value_overseas_market_noise,14,0.7287,가상자산;가상자산거래소;업비트,,,candidate_hybrid,1,0.65,0.35
"업비트, 아시안게임 '팀 코리아' 응원…국가대표 후원 이어간다",가상자산 거래소 업비트를 운영하는 두나무는 오는 19일 개막하는 '2026 아이치·나고야 아시안게임'을 앞두고 대한민국 국가대표 선수단 '팀 코리아(Team Korea)' 응원에 나선다고 7일 밝혔다. 업비트는 지난 3일 진천...,https://www.newsis.com/view/NISX20260907_0003778621,9,0.7188,1,keep,candidate_hybrid_keep_strong_domain_rule_anchor,9,0.7188,가상자산;업비트,,,candidate_hybrid,1,0.65,0.35
"[게시판] 업비트, 아시안게임 국가대표 '팀 코리아' 응원",▲ 가상자산 거래소 업비트를 운영하는 두나무는 오는 19일 개막하는 '2026 아이치·나고야 아시안게임'에서 대한민국 국가대표 선수단 '팀 코리아(Team Korea)' 응원에 나선다고 7일 밝혔다. 업비트는 지난 3일 진천...,https://www.yna.co.kr/view/AKR20260907041600002?input=1195m,9,0.7162,1,keep,candidate_hybrid_keep_strong_domain_rule_anchor,9,0.7162,가상자산;업비트,,,candidate_hybrid,1,0.65,0.35
美 가상자산 입법 ‘분수령’ 앞두고 비트코인 반등...1억900만원대 회복,7일 가상자산 거래소 빗썸에서 비트코인은 오전 9시12분 기준 1억939만원에 거래됐다. 하루 전 같은 시간과 비교하면 0.76% 상승한 가격이다. 주요 알트코인은 전반적으로 오름세를 나타냈다. 비트코인뿐 아니라...,http://www.metroseoul.co.kr/article/20260907500041,4,0.7523,1,keep,candidate_hybrid_model_keep_prob_ge_threshold_with_domain_anchor,4,0.7523,가상자산,,,candidate_hybrid,1,0.65,0.35
"업비트, 아시안게임 선수단에 1만원 BTC 카드 전달",이번 행사는 디지털자산 거래소가 스포츠 응원 캠페인에 자사 서비스와 연결된 상징물을 결합한 사례다. 가상자산 기업의 브랜드 활동이 스포츠 이벤트와 맞물리는 흐름으로 풀이된다. 국내 금융권에서도 아시안게임을...,https://www.tokenpost.kr/news/cryptocurrency/403564,13,0.6856,1,keep,candidate_hybrid_keep_strong_domain_rule_anchor,13,0.6856,가상자산;디지털자산;업비트,,,candidate_hybrid,1,0.65,0.35
"비트코인 1억948만 원대 횡보, 미국 '클래리티 법안' 표결과 금리결정이...",사진은 가상화폐 그래픽 이미지. <연합뉴스> 7일 가상화폐거래소 업비트에서 오전 8시46분 기준... 시장에서는 클래리티 법안이 통과되면 규제 불확실성 해소에 따라 가상자산 시장 전반에 걸쳐 투자심리가 개선될...,https://www.businesspost.co.kr/BP?command=article_view&num=446507,4,0.6907,1,keep,candidate_hybrid_model_keep_prob_ge_threshold_with_domain_anchor,4,0.6907,가상자산,,,candidate_hybrid,1,0.65,0.35
"비트코인, 중동 긴장에도 8만달러 유지… 솔라나 3%·이더리움 1.3%↑","7일 글로벌 가상 자산 시황 사이트 코인마켓캡에 따르면, 이날 오전 8시 35분 기준 비트코인은 8만191.... 시카고상품거래소(CME) 페드워치에 따르면 연방기금금리 선물시장 참가자들은 이달 기준금리가 0.25...",https://biz.chosun.com/stock/finance/2026/09/07/3CSQRUGQQ5ESVFJENOITIHTGEM/?utm_source=naver&utm_medium=original&utm_campaign=biz,3,0.5672,0,drop,candidate_hybrid_gray_drop_score_lt_threshold,3,0.5672,기준금리,,,candidate_hybrid,1,0.65,0.35
"비트코인, 1억900만원선 강보합…美 '클래리티 법안' 표결 주시","비트코인은 이날 오전 8시10분 기준 가상자산 거래소 빗썸에서 24시간 전보다 0.52% 오른 1억914만원에 거래됐다. 달러 기준으로도 8만달러선을 재탈환했다. 주요 알트코인은 혼조세를 보였다. 이더리움은 1.04%, 리플은 0.47...",https://www.newsis.com/view/NISX20260907_0003778466,5,0.6918,1,keep,candidate_hybrid_model_keep_prob_ge_threshold_with_domain_anchor,5,0.6918,가상자산,달러,,candidate_hybrid,1,0.65,0.35
[오늘의 비트코인] 美 CPI에 예의주시…8만달러 턱걸이,"미 가상자산 거래소 코인베이스에 따르면 7일 오전 8시30분 비트코인 1개당 가격은 24시간 전보다 0.41% 상승한 8만158달러에 거래 중이다. 같은 시간 시가총액 2위 이더리움은 1.24% 상승한 2513달러, 리플(XRP)은 0.59...",https://news.dealsitetv.com/articles/175657,4,0.6418,0,drop,candidate_hybrid_gray_drop_score_lt_threshold,4,0.6418,가상자산,,,candidate_hybrid,1,0.65,0.35
"[DCM] 이랜드월드, 8월 유일 미매각…공모채 전월比 52%↓[8월 리뷰①]",이랜드월드(대표이사 최종양·조동주)가 8월 공모 회사채 발행 기업 가운데 유일하게 미매각을 기록했다. 이랜드월드(BBB)는 지난달 19일 회사채 1년물(200억 원) 발행을 위한 수요예측에서 180억 원의 주문을 받아...,https://www.fntimes.com/html/view.php?ud=202609071526265344141825007d_18,4,0.5413,0,drop,candidate_hybrid_gray_drop_score_lt_threshold,4,0.5413,회사채,,,candidate_hybrid,1,0.65,0.35
중국 국영 금융사 70조원대 자본 확충…경기 부양 돕는다,"중국은행, 중국건설은행, 교통은행, 중국우정저축은행 등 4개 국유은행의 핵심 보통주 자본 확충을 지원한... 동샤오펑 중국 인민대 충양금융연구소 선임연구원은 “은행이 사업을 하면서 일부 부실채권을 발생시키며...",https://www.edaily.co.kr/News/Read?newsId=02860166645577824&mediaCodeNo=257&utm_source=naver&utm_medium=referral&utm_campaign=news_syndication&utm_content=original_article,8,0.522,1,keep,candidate_hybrid_keep_strong_domain_rule_anchor,8,0.522,저축은행;부실채권,,,candidate_hybrid,1,0.65,0.35
[더밸류 브리핑] 오늘의 금융계 소식…신용보증기금·신협중앙회·웰컴...,심사와 부실채권 관리 등 실제 금융지원 사례 중심의 실무 노하우를 공유했다. 마지막 날에는 신협의... 임현식 웰컴저축은행 경영지원본부장은 “AI 전환은 특정 조직만의 과제가 아니라 회사 전체의 역량 문제”라며...,http://www.thevaluenews.co.kr/news/view.php?idx=201355,17,0.5595,1,keep,candidate_hybrid_keep_strong_domain_rule_anchor,17,0.5595,저축은행;신협;부실채권;신용보증기금,,,candidate_hybrid,1,0.65,0.35
한부모 지원부터 윤리경영까지... 금융권 포용 문화 넓혀,"심사, 부실채권 관리 등 실무 중심 교육을 받았다. 우리금융그룹 계열사 우리카드는 서민금융진흥원이 지난... SBI저축은행 대표이사의 지목을 받은 진성원 우리카드 대표이사는 캠페인 참여 의지를 밝히고 다음 순서로...",https://www.pressman.kr/news/articleView.html?idxno=103533,8,0.566,1,keep,candidate_hybrid_keep_strong_domain_rule_anchor,8,0.566,저축은행;부실채권,,,candidate_hybrid,1,0.65,0.35
"대한주택건설협회, PF 정보 플랫폼 8일 가동","대한주택건설협회는 주택사업자와 금융기관 간 정보 접근성을 높이고 PF 자금조달을 지원하기 위한 'PF 정보... 핵심 기능은 사업수지와 분양성, 상환계획 등 사업성과 위험요인을 종합적으로 분석한 '여신검토보고서'다....",https://www.pinpointnews.co.kr/news/articleView.html?idxno=484808,4,0.6342,0,drop,candidate_hybrid_gray_drop_score_lt_threshold,4,0.6342,pf,,,candidate_hybrid,1,0.65,0.35
소상공인 매출 늘었지만 이익률 2분기째 하락,설문조사 방식과 달리 여신금융협회와 국세청 홈택스 연동 데이터 및 신용정보원 자료를 바탕으로 지역·업종별 경영 지표를 실시간에 가깝게 파악할 수 있는 것이 특징이다.,https://www.sentv.co.kr/article/view/sentv202609080011,6,0.5226,1,keep,candidate_hybrid_gray_keep_domain_score_ge_threshold,6,0.5226,여신금융협회,,,candidate_hybrid,1,0.65,0.35
"주건협, 주택사업자·금융기관 잇는 ‘PF 정보 플랫폼’ 가동",대한주택건설협회가 주택사업자와 금융기관을 연결하는 ‘PF 정보 플랫폼’을 구축하고 운영에 들어갔다고... 분석한 ‘여신검토보고서’ 제공이다. 사업자가 사업 정보를 입력하면 전문 프로젝트관리(PM) 기관이...,https://biz.chosun.com/real_estate/real_estate_general/2026/09/08/UY24SS3GC5DW7EYHTN47NOUTYE/?utm_source=naver&utm_medium=original&utm_campaign=biz,4,0.7032,1,keep,candidate_hybrid_model_keep_prob_ge_threshold_with_domain_anchor,4,0.7032,pf,,,candidate_hybrid,1,0.65,0.35
"주택건설협회, 사업자 PF 자금조달 지원 ‘PF 정보 플랫폼’ 서비스 개...",주택사업자 PF 자금조달 지원… 여신검토보고서 작성부터 금융기관 주선까지 대한주택건설협회(주건협)는 자금이 필요한 주택사업자와 자금을 공급하는 금융기관의 연결을 지원하는 ‘PF 정보 플랫폼’을 구축하고 8일...,https://www.dnews.co.kr/uhtml/view.jsp?idxno=202609080110310260031,4,0.58,0,drop,candidate_hybrid_gray_drop_score_lt_threshold,4,0.58,pf,,,candidate_hybrid,1,0.65,0.35
팔아도 남는 게 없다···소상공인 매출 증가했지만 이익률은 오히려 ...,캐시노트를 통해 수집된 사업장별 여신금융협회·홈택스 연동 데이터를 사용했다. 대출 등 금융 현황의 경우 한국신용정보원으로부터 받은 개인사업자 대출 현황 자료를 활용했다.,https://www.khan.co.kr/article/202609080809001,8,0.4775,1,keep,candidate_hybrid_keep_strong_domain_rule_anchor,8,0.4775,여신금융협회,대출;금융,,candidate_hybrid,1,0.65,0.35
"주건협, 주택사업자·금융사 잇는 PF 정보 플랫폼 가동",여신검토보고서를 발급받고 금융기관 연결까지 요청할 수 있는 온라인 플랫폼이 마련됐다. 금융권 네트워크가 부족한 사업자의 프로젝트파이낸싱(PF) 자금 조달을 지원하기 위한 서비스다. 8일 대한주택건설협회(주건협)...,https://www.fnnews.com/news/202609080750249461,9,0.694,1,keep,candidate_hybrid_keep_strong_domain_rule_anchor,9,0.694,pf;프로젝트파이낸싱,,,candidate_hybrid,1,0.65,0.35
"""자금조달 막힌 주택사업자 돕는다""…주건협, PF 정보 플랫폼 가동","대한주택건설협회(이하 주건협)는 자금조달에 어려움을 겪는 주택사업자를 금융기관과 직접 연결해 주는... 비용으로 여신검토보고서를 발급받을 수 있다. 필요에 따라 등록된 금융기관에 보고서를 직접 제출하거나, PM...",https://www.edaily.co.kr/News/Read?newsId=01945046645578152&mediaCodeNo=257&utm_source=naver&utm_medium=referral&utm_campaign=news_syndication&utm_content=original_article,4,0.5748,0,drop,candidate_hybrid_gray_drop_score_lt_threshold,4,0.5748,pf,,,candidate_hybrid,1,0.65,0.35
소상공인 매출 늘어도 지출 폭증…2분기 이익률 감소·연체액 15조2천억,"캐시노트를 통해 수집된 사업장별 여신금융협회·홈택스 연동 데이터가 사용됐고, 대출 등 금융 현황의 경우 한국신용정보원으로부터 받은 개인사업자 대출 현황 자료를 활용했다.",https://www.jnilbo.com/news/articleView.html?idxno=90000063314,8,0.5162,1,keep,candidate_hybrid_keep_strong_domain_rule_anchor,8,0.5162,여신금융협회,대출;금융,,candidate_hybrid,1,0.65,0.35
[Invest]한샘 인수금융 연장 속도전…만기 1년반 줄이고 매각 추진 카드...,"최근엔 지난달 24일 금융투자협회에서 설명회를 열었고, 3일에도 일부 대주단을 대상으로 설명에 나선다.... 다만 이후 미샤의 실적이 개선되면서 원리금을 상환했고 정상 여신으로 전환된 바 있다.지금까지 웨이버는...",https://www.investchosun.com/site/data/html_dir/2026/09/07/2026090780108.html,0,0.6057,0,drop,candidate_hybrid_gray_drop_score_lt_threshold,0,0.6057,,,,candidate_hybrid,1,0.65,0.35
타사 리스·할부 중개 허용 4개월…규제 풀었지만 시장은 ‘잠잠’,여신금융협회에 따르면 지난해 할부금융 취급실적 26조9014억원 가운데 자동차금융은 25조9792억원으로 96.6%에 달했다. 리스 역시 전체 실행액 17조5639억원 중 자동차가 14조3364억원으로 81.6%를 차지했다. 하지만 시행...,https://www.dnews.co.kr/uhtml/view.jsp?idxno=202609071342163510937,6,0.5264,1,keep,candidate_hybrid_gray_keep_domain_score_ge_threshold,6,0.5264,여신금융협회,,,candidate_hybrid,1,0.65,0.35
소상공인 매출 늘었지만 이익률 2분기째 하락…연체도 증가,"캐시노트를 통해 수집된 사업장별 여신금융협회·홈택스 연동 데이터가 사용됐고, 대출 등 금융 현황의 경우 한국신용정보원으로부터 받은 개인사업자 대출 현황 자료를 활용했다.",https://www.yna.co.kr/view/AKR20260907151700002?input=1195m,8,0.5371,1,keep,candidate_hybrid_keep_strong_domain_rule_anchor,8,0.5371,여신금융협회,대출;금융,,candidate_hybrid,1,0.65,0.35
"'車금융 40조' 중개시장 활짝, 물꼬 튼 여전사는 주춤?",7일 여신금융협회에 따르면 지난해 할부와 리스를 합친 자동차금융 실행액은 40조3156억원이다. 자동차 할부는 전년 대비 8.1% 증가한 25조9792억원으로 집계됐으며 자동차 리스는 같은 기간 11.7% 늘어난 14조3364억원을...,https://www.mt.co.kr/finance/2026/09/08/2026090720001926868,7,0.5468,1,keep,candidate_hybrid_gray_keep_domain_score_ge_threshold,7,0.5468,여신금융협회,금융,,candidate_hybrid,1,0.65,0.35
"주택사업자 PF 금융사 찾기 돕는다…주건협, 8일 정보 플랫폼 개시","대한주택건설협회가 주택사업자의 프로젝트파이낸싱(PF) 자금조달을 돕는 온라인 서비스를 시작한다. 사업에 맞는 금융기관을 찾는 데 필요한 정보를 제공하고, 여신검토보고서 작성부터 금융기관 주선까지 지원한다....",https://www.kbmaeil.com/article/20260907500699,9,0.6943,1,keep,candidate_hybrid_keep_strong_domain_rule_anchor,9,0.6943,pf;프로젝트파이낸싱,,,candidate_hybrid,1,0.65,0.35
"""PF 돈줄 찾아드립니다""…주건협, 주택사업자·금융기관 잇는다",여신검토보고서 작성부터 금융기관 주선까지 맞춤형 지원 주택사업자와 금융기관을 연결해 PF 자금조달을 지원하는 온라인 플랫폼이 문을 연다. 대한주택건설협회(주건협)는 주택사업자와 금융기관 간 정보 접근성을...,https://news.tf.co.kr/read/economy/2363008.htm,4,0.6977,1,keep,candidate_hybrid_model_keep_prob_ge_threshold_with_domain_anchor,4,0.6977,pf,,,candidate_hybrid,1,0.65,0.35
주택사업자 PF 자금조달 지원 'PF 정보 플랫폼' 서비스 개시,대한주택건설협회(주건협)는 자금이 필요한 주택사업자와 자금을 공급하는 금융기관의 연결을 지원하는 'PF... 바탕으로 여신검토보고서를 작성한다. 요청 시 사업여건에 적합한 금융기관 연계 등 맞춤형 자금조달 관련...,https://www.newsis.com/view/NISX20260907_0003779858,4,0.5792,0,drop,candidate_hybrid_gray_drop_score_lt_threshold,4,0.5792,pf,,,candidate_hybrid,1,0.65,0.35
주건협 'PF 정보 플랫폼' 가동…주택사업자·금융기관 직접 연결,대한주택건설협회가 주택사업자의 프로젝트파이낸싱(PF) 자금조달을 돕기 위한 온라인 플랫폼을 가동한다.... 분석해 금융기관의 여신 검토에 활용할 수 있는 보고서를 작성한다. 사업자는 발급받은 보고서를 등록된...,https://www.newspim.com/news/view/20260907001183,9,0.6671,1,keep,candidate_hybrid_keep_strong_domain_rule_anchor,9,0.6671,pf;프로젝트파이낸싱,,,candidate_hybrid,1,0.65,0.35
"주택사업자·금융기관 잇는다…주건協, 'PF 정보 플랫폼' 구축","금융기관과의 거래 경험이나 네트워크가 부족한 회원사들이 사업에 적합한 금융사를 찾고 접촉할 수 있도록 지원하는 데 초점을 맞췄다. 핵심 기능은 사업수지와 분양성, 상환계획 등 사업성과 리스크를 분석한 '여신검...",https://www.bizwork.co.kr/news/articleView.html?idxno=418933,4,0.6475,0,drop,candidate_hybrid_gray_drop_score_lt_threshold,4,0.6475,pf,,,candidate_hybrid,1,0.65,0.35
"[더나은미래 경제브리핑] 코스피, 외인·기관 5조 매수에 4%대 급등...전...","과거에는 카드사마다 각각 로그인해 포인트를 확인해야 하는 번거로움이 있었지만, 이제는 앱 하나로 여신금융협회의 ‘카드포인트 통합조회 서비스’와 연동해 모든 카드의 잔여 포인트를 한눈에 볼 수 있다. 몇...",https://futurechosun.com/?p=159600,8,0.5405,1,keep,candidate_hybrid_keep_strong_domain_rule_anchor,8,0.5405,여신금융협회,코스피,,candidate_hybrid,1,0.65,0.35
"[더나은미래 생활 Tip] 지갑 속 잠자는 돈 '카드 포인트', 5분 만에 찾는...","과거에는 카드사마다 각각 로그인해 포인트를 확인해야 하는 번거로움이 있었지만, 이제는 앱 하나로 여신금융협회의 '카드포인트 통합조회 서비스'와 연동해 모든 카드의 잔여 포인트를 한눈에 확인할 수 있다. 몇 번의...",https://futurechosun.com/?p=159545,6,0.5617,1,keep,candidate_hybrid_gray_keep_domain_score_ge_threshold,6,0.5617,여신금융협회,,,candidate_hybrid,1,0.65,0.35
"은행권, 부울경 ‘생산적 금융 시장’ 뜨거운 쟁탈전","파악, 여신 지원, 정책금융 연계까지 종합적으로 지원하는 금융 거점이다. 주요 지원 분야는 조선·방산... BNK금융은 지난 3월 두산에너빌리티와 친환경 에너지 사업 금융협력을 추진하고, 한국해운협회와도 동남권...",https://www.busan.com/view/busan/view.php?code=2026090717390976005,14,0.5464,1,keep,candidate_hybrid_keep_strong_domain_rule_anchor,14,0.5464,은행권;정책금융;생산적 금융,금융,,candidate_hybrid,1,0.65,0.35
"주건협, 주택사업자에 'PF 정보 플랫폼' 서비스 개시","협회는 공모를 통해 에폴레아와 코리아에셋투자증권을 PM 기관으로 선정했다. 두 기관은 사업자가 제공한 사업정보를 바탕으로 여신검토보고서를 작성하며, 요청 시 사업 여건에 적합한 금융기관 연계 등 맞춤형...",https://view.asiae.co.kr/article/2026090717403240066,4,0.6978,1,keep,candidate_hybrid_model_keep_prob_ge_threshold_with_domain_anchor,4,0.6978,pf,,,candidate_hybrid,1,0.65,0.35
"마이데이터가 불붙인 금리인하 요구, 수용률은 급락…KB국민카드 80%대 ...",7일 여신금융협회에 따르면 7개 전업 카드사(신한·삼성·현대·KB국민·롯데·우리·하나카드)의 올 상반기 금리인하요구권 신청건수는 총 41만8007건으로 집계됐다. 이 가운데 카드사들이 수용한 금리인하요구는...,https://www.ceoscoredaily.com/page/view/2026090715412765903,9,0.4786,1,keep,candidate_hybrid_keep_strong_domain_rule_anchor,9,0.4786,카드사;여신금융협회,,,candidate_hybrid,1,0.65,0.35
"롯데카드 베트남 법인, '종합금융 회사' 승인...기업대출·자동차 리스부...","베트남리스금융협회 집계를 보면, 회원사 리스 잔액은 2025년 말 45조7000억 동으로 1년 전보다 12.38% 늘었다. 같은 기간 19%를 넘은 베트남 전체 신용 증가율에는 못 미쳤다. 리스 잔액이 전체 여신에서 차지하는...",http://www.dailypop.kr/news/articleView.html?idxno=102305,0,0.4106,0,drop,candidate_hybrid_gray_drop_score_lt_threshold,0,0.4106,,,,candidate_hybrid,1,0.65,0.35
카드 발급 만큼 늘어난 '잠자는 카드'···휴면카드 1년새 56만장↑,7일 여신금융협회에 따르면 올해 2분기 말 기준 7개 전업카드사(롯데·삼성·신한·우리·하나·현대·KB국민)의 휴면카드 수는 총 1554만6000장으로 전년 동기(1498만2000장)보다 약 56만4000장 늘었다. 휴면카드는...,https://www.smartbizn.com/news/articleView.html?idxno=153230,6,0.5578,1,keep,candidate_hybrid_gray_keep_domain_score_ge_threshold,6,0.5578,여신금융협회,,,candidate_hybrid,1,0.65,0.35
투데이신문 제1회 경제포럼 '힌지' 9월 17일 개최...K자형 양극화 해법 ...,"산업통상부, 금융투자협회, 은행연합회, 한국투자공사, 여신금융협회, 저축은행중앙회, 신용보증기금, 생명보험협회, 손해보험협회, 보험연구원, 대한전문건설협회가 이번 포럼을 후원한다. 투데이신문은 제1회...",https://www.insight.co.kr/news/572320,21,0.6513,1,keep,candidate_hybrid_keep_strong_domain_rule_anchor,21,0.6513,저축은행;손해보험;생명보험;여신금융협회;신용보증기금,,,candidate_hybrid,1,0.65,0.35
"성영수 하나카드 대표, 글로벌 경영 '시동'…트래블로그 넘어 일본까지...","여신금융협회 통계를 분석한 자료에 따르면 올해 3월 말 기준 하나카드의 해외 체크카드 이용액은 9161억 원으로, 시장 점유율은 40.83%에 달했다. 2위 신한카드는 6663억 원, 29.69%로 하나카드에 약 11%포인트의 격차를...",https://www.sisaon.co.kr/news/articleView.html?idxno=204112,6,0.4141,1,keep,candidate_hybrid_gray_keep_domain_score_ge_threshold,6,0.4141,여신금융협회,,,candidate_hybrid,1,0.65,0.35
같은 차종이 월 10만원이나… '40조' 자동차금융 비교 시대 올까,7일 여신금융협회에 따르면 지난해 할부와 리스를 합친 자동차금융 실행액은 40조3156억원이다. 자동차할부는 전년 대비 8.1% 증가한 25조9792억원으로 집계됐으며 자동차리스는 같은 기간 11.7% 늘어난 14조3364억원을...,https://www.mt.co.kr/finance/2026/09/08/2026090715011321969,6,0.4494,1,keep,candidate_hybrid_gray_keep_domain_score_ge_threshold,6,0.4494,여신금융협회,,,candidate_hybrid,1,0.65,0.35
"금융권, 자립청년 지원부터 AI·해외진출까지…사업 영역 넓힌다",이번 대회는 산업통상자원부 국가기술표준원과 전북특별자치도·전주시가 공동 주최하고 한국표준협회... JB금융그룹은 인도네시아 금융감독청(OJK)으로부터 현지 여신전문금융사 'PT KB부코핀파이낸스'의 대주주...,https://www.kpinews.kr/newsView/1065579350011261,0,0.5263,0,drop,candidate_hybrid_gray_drop_score_lt_threshold,0,0.5263,,,,candidate_hybrid,1,0.65,0.35
"IBK기업은행, 9월 25일 하노이 법인 출범...베트남 9년 만에 100% 외국계...",중소기업 금융 이력을 설명했다. 베트남 매체들은 장 행장이 이 자리에서 IBK 여신 잔액의 약 75%가... 응우옌 반 턴(Nguyễn Văn Thân) 베트남중소기업협회(VINASME) 회장은 현지 매체에 베트남 기업의 97~98%가...,http://www.dailypop.kr/news/articleView.html?idxno=102296,6,0.6365,1,keep,candidate_hybrid_gray_keep_domain_score_ge_threshold,6,0.6365,기업은행,금융,,candidate_hybrid,1,0.65,0.35
[사고] ‘서울 상생금융대상’ 주인공을 찾습니다,"19층 매화홀 ■ 후원 : 금융위원회, 금융감독원, 전국은행연합회, 금융투자협회, 생명보험협회, 손해보험협회, 여신금융협회, 저축은행중앙회 ■ 접수 : 서울신문 마케팅본부 서울상생금융 담당자 (02) 2000-9382 e-mail :",https://www.seoul.co.kr/news/economy/finance/2026/09/04/20260904002007?wlog_tag3=naver,34,0.6725,1,keep,candidate_hybrid_keep_strong_domain_rule_anchor,34,0.6725,금융감독원;금융위원회;금융위;저축은행;손해보험;생명보험;여신금융협회,,,candidate_hybrid,1,0.65,0.35
"투데이신문, 제1회 경제포럼 '힌지' 개최...'K자형 양극화와 부의 사다리...","이번 포럼은 산업통상부, 금융투자협회, 은행연합회, 한국투자공사, 여신금융협회, 저축은행중앙회, 신용보증기금, 생명보험협회, 손해보험협회, 보험연구원, 대한전문건설협회가 후원한다. 투데이신문은 제1회...",https://www.ntoday.co.kr/news/articleView.html?idxno=129205,21,0.686,1,keep,candidate_hybrid_keep_strong_domain_rule_anchor,21,0.686,저축은행;손해보험;생명보험;여신금융협회;신용보증기금,,,candidate_hybrid,1,0.65,0.35
캐피탈社 렌탈한도 완화…렌터카 생존 위협 '반발',"충돌이 이어지자 금융위는 지난달 28일 여신금융협회 및 한국렌터카사업조합연합회, 전국렌터카연합회 등 렌터카 협회와 간담회를 개최, 갈등 완화에 나섰다. 그러나 이날 간담회에선 업계 간 이견 차이를 좁히지 못한...",https://weekly.hankooki.com/news/articleView.html?idxno=7182522,15,0.7219,1,keep,candidate_hybrid_keep_strong_domain_rule_anchor,15,0.7219,금융위;캐피탈;여신금융협회,,,candidate_hybrid,1,0.65,0.35
환율 1350원 돌파 수출 중소기업 환변동보험 긴급 투입,한국무역협회가 주요 수출 중소기업을 대상으로 실시한 환위험 관리 실태 조사 결과를 보면 현실은 더욱 명확해진다. 조사 대상 수출 기업 열 곳 중 여섯 곳 이상은 외환 리스크 관리를 위한 별도의 금융 상품이나 대응...,https://www.gokorea.kr/news/articleView.html?idxno=877393,4,0.366,0,drop,candidate_hybrid_drop_corporate_macro_noise,4,0.366,환율,금융,,candidate_hybrid,1,0.65,0.35
4대은행 '안정자금 여유' 110% 아래로…생산적금융 여파,생산적 금융 확대 속 4대 은행의 기업여신은 1년 새 71조원가량 늘어난 가운데 올 2분기 평균... 금융투자협회에 따르면 올해 들어 지난 2일까지 은행권의 은행채 누적 발행액은 183조5000억원으로 지난해 같은 기간...,https://news.bizwatch.co.kr/article/finance/2026/09/04/0039,5,0.6507,1,keep,candidate_hybrid_model_keep_prob_ge_threshold_with_domain_anchor,5,0.6507,생산적 금융,금융,,candidate_hybrid,1,0.65,0.35
"진승욱 대신증권 대표, 취임 반년 호실적…다음 시험대는 초대형 IB [인...",대신증권은 2012년 양홍석 부회장이 대표이사에서 물러난 뒤 나재철 전 대표를 시작으로 전문경영인이... 진 대표의 다음 과제는 4조원 종투사 지정과 단기금융업(발행어음) 인가가 될 것으로 보인다. 현행 규정상...,https://www.ngetnews.com/news/articleView.html?idxno=553106,0,0.5544,0,drop,candidate_hybrid_gray_drop_score_lt_threshold,0,0.5544,,,,candidate_hybrid,1,0.65,0.35
"JB금융그룹, KB의 부코핀파이낸스 지분 85% 인수",KB금융은 인도네시아 현지에 KB캐피탈 법인이 있는데 KB뱅크 산하에도 부코핀파이낸스가 있어 여신전문금융업이 겹치는 사업 중복 문제가 고민이었다. 이번에 부코핀파이낸스 지분을 JB금융측에 넘기면서 은행업에...,https://www.dailybrief.co.kr/news/articleView.html?idxno=6680,6,0.4852,1,keep,candidate_hybrid_gray_keep_domain_score_ge_threshold,6,0.4852,여신전문금융업,,,candidate_hybrid,1,0.65,0.35
"[A 여신금융 소식] BC카드, 앱 결제수단 공유 서비스 선보여...가족·친구...",특히 여신전문금융업법상 카드 양도·대여 금지 규정을 철저히 준수하면서도 카드 정보 유출이나 직접 결제의 번거로움을 없앤 것이 핵심이다. 만 19세 이상 대표 회원의 승인만 거치면 온라인 쇼핑은 물론 코레일 예매...,https://www.asiaa.co.kr/news/articleView.html?idxno=261473,6,0.5566,1,keep,candidate_hybrid_gray_keep_domain_score_ge_threshold,6,0.5566,여신전문금융업,,,candidate_hybrid,1,0.65,0.35
'민생지원금' 현금깡한 편의점 알바생…점주에게 딱 걸렸다?,"더신사 법무법인의 장휘일 변호사는 ""카드로 결제 후 현금을 챙긴 행위는 카드깡으로 볼 수 있어 업무상 횡령이나 여신전문금융업법 위반이 문제 될 수 있다""고 설명했다. 다만 ""금액 규모가 작고 횟수가 많지 않다면 통상...",https://lawtalknews.co.kr/article/99HASQMFS3IL,6,0.6811,1,keep,candidate_hybrid_model_keep_prob_ge_threshold_with_domain_anchor,6,0.6811,여신전문금융업,,,candidate_hybrid,1,0.65,0.35
"JB금융, 인도네시아 진출 눈앞… 동남아 4개국으로",캄보디아 프놈펜상업은행(PPCBank)에 집중된 해외 이익구조를 다변화하기 위해 현지 여신전문금융사와... 대신 현지 여신금융업 면허와 고객·영업망을 확보한다는 데 전략적 의미가 있다. JB우리캐피탈의 자동차...,http://www.biztribune.co.kr/news/articleView.html?idxno=358550,0,0.423,0,drop,candidate_hybrid_gray_drop_score_lt_threshold,0,0.423,,,,candidate_hybrid,1,0.65,0.35
"신한카드, 가을맞이 문화 마케팅 시동",최근 여신전문금융업권은 고객과의 접점을 확대하고 브랜드 이미지를 제고하기 위해 문화·예술 분야 마케팅을 적극 활용하는 양상이 짙다. 차별화된 문화 콘텐츠와 결제 할인 혜택을 연계하는 전략은 고객 만족도를...,https://www.cnbnews.com/news/articleView.html?idxno=1014667,6,0.4375,1,keep,candidate_hybrid_gray_keep_domain_score_ge_threshold,6,0.4375,여신전문금융업,,,candidate_hybrid,1,0.65,0.35
가족 간편결제 이젠 신용카드도 가능,"여신전문금융업법상 신용카드는 가족 간이라도 타인에게 양도하거나 대여하는 행위가 엄격히 금지된다. 일상에서는 부모 카드를 자녀에게 빌려주거나 가족 카드를 대신 결제하는 사례가 빈번하지만, 도난·분실이나 부정...",https://www.naeil.com/news/read/601411?ref=naver,6,0.6139,1,keep,candidate_hybrid_gray_keep_domain_score_ge_threshold,6,0.6139,여신전문금융업,,,candidate_hybrid,1,0.65,0.35
스튜어드십 코드 법제화…금융위원회 사실상 ‘반대,7일 국회 정무위원회 곽현준 수석전문위원이 작성한 ‘금융회사 지배구조법 개정안’ 검토보고서에 따르면... 반면 지배구조법상 금융회사라는 이유로 고객의 자산을 위탁받아 관리·운용하지 않는 여신금융업자 등이...,https://www.naeil.com/news/read/601341?ref=naver,12,0.7661,1,keep,candidate_hybrid_keep_strong_domain_rule_anchor,12,0.7661,금융위원회;금융위,,,candidate_hybrid,1,0.65,0.35
"""2만 원짜리를 14만 원에?"" 동탄 문구점 바가지…계약 취소·행정 처분 ...","아울러 점주가 소비자의 동의 없이 임의로 카드 서명을 대행한 행위는 여신전문금융업법 위반에 해당할 수 있으며, 법원 전자소송을 통한 부당이득반환 청구 소송이나 지급명령 신청 등 사법적 절차도 병행할 수 있다....",https://lawtalknews.co.kr/article/DRMQXODUB1GQ,6,0.5487,1,keep,candidate_hybrid_gray_keep_domain_score_ge_threshold,6,0.5487,여신전문금융업,,,candidate_hybrid,1,0.65,0.35
"진성원 우리카드 대표, '사람 살리는 금융' 캠페인 동참",최근 여신전문금융업권은 취약계층의 금융 접근성을 제고하고 사회안전망 역할을 강화하는 포용금융 실천 행보에 속도를 내는 분위기다. 불법사금융 피해를 예방하고 제도권 내 자금 지원을 활성화하는 조치는...,https://www.cnbnews.com/news/articleView.html?idxno=1014621,15,0.7316,1,keep,candidate_hybrid_keep_strong_domain_rule_anchor,15,0.7316,불법사금융;여신전문금융업,금융,,candidate_hybrid,1,0.65,0.35
"JB금융, 인니시장 본격 공략…KB부코핀 인수로 2만 EV금융 이룰까","JB금융그룹이 인도네시아 여신전문금융사 KB부코핀파이낸스 인수를 위한 현지 금융당국의 승인을... 캄보디아에서는 프놈펜상업은행(PPCBank), JB프롬펜자산운용(JBPPAM)을 중심으로 금융업을 영위하고 있다....",https://www.bloter.net/news/articleView.html?idxno=672857,0,0.5224,0,drop,candidate_hybrid_gray_drop_score_lt_threshold,0,0.5224,,,,candidate_hybrid,1,0.65,0.35
"롯데카드 베트남 법인, 현지 첫 '종합금융 회사' 승인",최근 여신전문금융업권은 국내 시장 성장 한계를 극복하고 신성장 동력을 확보하고자 동남아시아 등 해외 시장 진출과 사업 다각화를 적극 추진하는 양상이다. 기존 소비자금융에 더해 기업금융 및 리스업으로 외연을...,https://www.cnbnews.com/news/articleView.html?idxno=1014596,6,0.5401,1,keep,candidate_hybrid_gray_keep_domain_score_ge_threshold,6,0.5401,여신전문금융업,,,candidate_hybrid,1,0.65,0.35
"제이비금융, 인니 부코핀파이낸스 인수 승인 받았다",JB금융은 7일 OJK가 현지 여신전문 금융사 PT KB부코핀파이낸스 대주주 변경을 승인했다고 밝혔다.... 현지 금융업에 새로 진입하려는 회사에는 라이선스 확보와 영업 기반 마련이 함께 걸린 관문이다. 이번 승인으로...,https://www.tokenpost.kr/news/policy/403606,0,0.5479,0,drop,candidate_hybrid_gray_drop_score_lt_threshold,0,0.5479,,,,candidate_hybrid,1,0.65,0.35
"[더벨]한화생명, 애큐온캐피탈 인수 총력…풋옵션 카드 꺼낸다","인수가 성사되면 그룹 내 캐피탈사 부재를 메우는 동시에 한화저축은행의 외형 확장에도 힘을 실을 수 있다.... 실제 지난 1분기 말 기준 애큐온캐피탈의 PF대출은 6130억원, 기업일반대출은 1조8677억원에 달한다. 건당...",https://www.thebell.co.kr/free/content/ArticleView.asp?key=202609031455586400106747,8,0.5772,1,keep,candidate_hybrid_keep_strong_domain_rule_anchor,8,0.5772,저축은행;pf,,,candidate_hybrid,1,0.65,0.35
고물가에 '할부 결제' 확대⋯ 카드사는 ‘혜택 다이어트’,늘어나면서 카드사들의 할부수수료 수익이 쏠쏠하게 불어나고 있다. 특히 가맹점 수수료율 인하와 조달비용 상승으로 수익성 악화에 직면한 카드사들이 무이자 할부 혜택을 잇달아 줄이면서 할부수수료가 수익성...,https://www.etoday.co.kr/news/view/2619019,1,0.5206,0,drop,candidate_hybrid_gray_drop_score_lt_threshold,1,0.5206,,가맹점,,candidate_hybrid,1,0.65,0.35
“택시 요금 여수사랑상픔권으로 지불하세요”,특히 QR코드로 상품권을 결제하면 수수료가 발생하지 않아 택시 사업자의 부담도 줄일 수 있을 것으로 기대된다. 시는 택시 사업자들의 적극적인 참여를 당부하며 가맹점 등록 절차를 안내하고 있다. 가맹점 등록을...,http://www.jndn.com/article.php?aid=1788768240439138107,1,0.3649,0,drop,candidate_hybrid_gray_drop_score_lt_threshold,1,0.3649,,가맹점,,candidate_hybrid,1,0.65,0.35
자동차금융 두고 KB는 확장·신한은 재편···카드사 성장전략 갈렸다,가맹점 수수료 인하와 조달비용 부담 등으로 카드 본업만으로 높은 성장률을 유지하기 어려워지면서... 카드사는 예금 수신 기반이 없어 여신전문금융회사채(여전채) 등 시장성 자금에 대한 의존도가 높기 때문에...,https://www.sisajournal-e.com/news/articleView.html?idxno=423552,10,0.4983,1,keep,candidate_hybrid_keep_strong_domain_rule_anchor,10,0.4983,카드사;여전채,수수료;가맹점,,candidate_hybrid,1,0.65,0.35
"기약 없는 애플페이 추가 도입…""올해도 어렵다""",이러한 상황 속 업계에서는 연내 카드사들의 애플페이 추가 도입 가능성을 낮게 보고 있다. 우선 삼성페이의... 가맹점 수수료 인하로 개인 신용판매 부문의 수익성이 낮아진 상황에서 추가 비용을 감수하며 애플페이를...,https://www.asiatime.co.kr/article/20260907500201,2,0.4674,0,drop,candidate_hybrid_gray_drop_score_lt_threshold,2,0.4674,,수수료;가맹점,,candidate_hybrid,1,0.65,0.35
"카드사, '큰손' 외국인 잡기 경쟁","카드사들이 외국인 결제 시장에 공을 들이는 것은 국내 소비 시장이 정체된 탓이 크다. 가맹점 수수료 인하와 카드론 규제로 본업 수익성이 떨어진 상황에서, 외국인 결제는 건당 결제 규모가 크고 성장세도 가파르다....",https://www.m-i.kr/news/articleView.html?idxno=1410641,10,0.5741,1,keep,candidate_hybrid_keep_strong_domain_rule_anchor,10,0.5741,카드사;카드론,수수료;가맹점,,candidate_hybrid,1,0.65,0.35
카드사 해외격전 2막…승부처 '몸집 불리기',"국내 카드업계가 가맹점 수수료 인하와 카드론 규제로 안방 성장에 한계를 맞은 가운데, 해외 법인의 사업... 다른 카드사들도 비슷한 흐름이다. 신한카드는 베트남·카자흐스탄·인도네시아·미얀마 등 4개 해외법인을...",https://www.news2day.co.kr/article/20260907500051,10,0.52,1,keep,candidate_hybrid_keep_strong_domain_rule_anchor,10,0.52,카드사;카드론,수수료;가맹점,,candidate_hybrid,1,0.65,0.35
B·T·S…고객 홀리는 ‘알파벳 세계관’,"가맹점 수수료율 인하로 본업 수익성이 떨어지는 가운데 조달비용 부담과 카드론 규제까지 겹쳤다. 올 상반기 주요 카드사 순이익은 반등했지만, 비용 절감과 대손비용 감소 영향이 크다. 카드사마다 안정적인 결제...",https://www.mk.co.kr/article/12138837,9,0.5603,1,keep,candidate_hybrid_keep_strong_domain_rule_anchor,9,0.5603,카드사;카드론,가맹점,,candidate_hybrid,1,0.65,0.35
5대 은행 대출 여력 2000억…연말 '대출 절벽' 경고등,컨슈머타임스=김하은 기자 | 국내 시중은행의 가계대출이 이달 들어 1조원 넘게 감소했지만 연말 '대출 절벽' 우려는 오히려 커지고 있다. 정부가 가계대출 총량 증가 목표를 완화했음에도 이미 한도가 대부분 소진돼...,https://www.cstimes.com/news/articleView.html?idxno=719768,8,0.4722,1,keep,candidate_hybrid_keep_strong_domain_rule_anchor,8,0.4722,은행;시중은행,대출,,candidate_hybrid,1,0.65,0.35
은행 주담대 연체 2년 반 새 120% 급증...‘영끌 부실’ 현실화,"중심으로 가계대출 부실이 빠르게 확대되는 것 아니냐는 우려가 나온다. 8일 국회 정무위원회 소속 박성훈 국민의힘 의원이 금융감독원으로부터 제출받은 자료에 따르면, 국내 은행의 주택담보대출 채권...",https://www.youthdaily.co.kr/news/article.html?no=226589,15,0.6574,1,keep,candidate_hybrid_keep_strong_domain_rule_anchor,15,0.6574,금융감독원;은행,연체;부실;채권,,candidate_hybrid,1,0.65,0.35
"[이슈] 407억 감축 대신 1조 늘린 박춘원 전북銀, 주담대 관리엔 '묵묵부...",6월 말 기준 전북은행 가계대출은 8조8927억원으로 전년 동기보다 15.1% 증가했고 주담대는 3조4646억원으로 40.8% 늘었다. 반면 가계신용대출은 7.4% 감소해 가계대출 증가가 주담대 중심으로 이뤄진 것으로 나타났다....,https://www.the-today.com/news/articleView.html?idxno=89692,0,0.2879,0,drop,candidate_hybrid_model_drop_prob_le_threshold,0,0.2879,,,,candidate_hybrid,1,0.65,0.35
"중저신용 1위 토스뱅크, 보증대출 7배 늘어",토스뱅크가 중저신용자 신용대출 비중을 인터넷전문은행 가운데 가장 높은 수준으로... 기업대출 연체율은 2024년 상반기 3.24%에서 올해 상반기 2.08%로 내려왔고 가계대출 연체율은 1....,https://www.newsfreezone.co.kr/news/articleView.html?idxno=708024,0,0.2276,0,drop,candidate_hybrid_model_drop_prob_le_threshold,0,0.2276,,,,candidate_hybrid,1,0.65,0.35
"대출 관리 강화에도…전북은행 주담대 30% 급증, 건전성 부담","2분기 말 기준 전북은행 가계대출은 지난해 말보다 11.4% 증가했다. 광주은행(10.3%)과 경남은행(10.1%)을 비롯해 부산은행(3.3%), iM뱅크(2.0%)보다 증가폭이 컸다. 주담대 증가율도 28.4%로 지방은행 가운데 가장 높았다....",https://www.cstimes.com/news/articleView.html?idxno=719664,2,0.4223,0,drop,candidate_hybrid_gray_drop_score_lt_threshold,2,0.4223,,대출;건전성,,candidate_hybrid,1,0.65,0.35
5대 은행 잔여 한도 '2000억'…연말 대출 절벽 오나,최근 5대 은행의 가계대출 잔액이 감소세로 돌아섰지만 이러한 흐름이 일시적인 숨 고르기에 불과하다는 경고음이 커지고 있다. 정부가 연간 대출 총량 관리 목표치를 완화해 주었음에도 이미 대부분의 한도가 소진돼...,https://www.dailian.co.kr/news/view/1687368/?sc=Naver,4,0.4292,0,drop,candidate_hybrid_gray_drop_score_lt_threshold,4,0.4292,은행,대출,,candidate_hybrid,1,0.65,0.35
"[DQN] 정진완號 우리은행, 총자산 증가에도 RWA 2%대 통제···RoRWA 개선...","고급 내부등급법이 주로 주거용 주택담보대출과 소매 방식으로 관리되는 중소기업·SOHO, 기타 가계여신 등에 적용되기 때문이다. 우리은행의 고급 내부등급법 RWA는 31조 5269억원에서 30조 5862억원으로 2.98...",https://www.fntimes.com/html/view.php?ud=202609071713098298b4a7c6999c_18,0,0.358,0,drop,candidate_hybrid_gray_drop_score_lt_threshold,0,0.358,,,,candidate_hybrid,1,0.65,0.35
"中, 금융사 8곳에 60조 원 투입한다…기업·가계 대출 확대",최대 국유은행과 보험사에 3000억 위안(약 60조 원)을 투입한다. 경제 성장이 둔화하는 가운데 금융 시스템의... 다만 이번 계획은 기업과 가계 대출에 쓸 실탄을 더 확보하려는 성격이 크다. 금융 안정 확보는 시진핑...,https://www.sedaily.com/article/20088169?ref=naver,2,0.4602,0,drop,candidate_hybrid_gray_drop_score_lt_threshold,2,0.4602,,대출;금융,,candidate_hybrid,1,0.65,0.35
레버리지ETF에 가계빚까지…국감 정무위 ‘폭풍전야’,"시중은행, 증권·자산운용업계까지 아우르는 만큼, 파장은 금융권 전반으로 확산할 것이란 관측이다. 한 금융권 관계자는 “일부 이슈는 이미 정치권의 공방을 넘어 당국 책임론으로 번진 상황”이라며 “가계대출과...",https://www.kukinews.com/article/view/kuk202609070208,4,0.598,0,drop,candidate_hybrid_gray_drop_score_lt_threshold,4,0.598,시중은행,,,candidate_hybrid,1,0.65,0.35
한도 늘린다더니⋯ 시중은행 주담대 여전히 '선착순',8일 금융권에 따르면 금융감독원은 올해 가계부채 증가율 관리 목표가 기존 1.5%에서 3% 수준으로 상향됨에 따라 조정된 은행별 가계대출 총량을 지난달 말 통보하고 세부 사항을 협의하고 있다. 5대 은행(KB국민·신한...,https://www.etoday.co.kr/news/view/2622740,16,0.6573,1,keep,candidate_hybrid_keep_strong_domain_rule_anchor,16,0.6573,금융감독원;은행;시중은행;가계부채,,,candidate_hybrid,1,0.65,0.35
[목멱칼럼]중금리대출 규제완화가 서민금융 온기 지피려면,은행권 중금리대출에 대한 가계대출 총량 인센티브(중금리대출 증가액 중 은행 가계대출 총량관리에서 제외되는 비율)를 현행 30%에서 50% 수준으로 높이는 방안을 추진하겠다는 것이다. 서민금융 확대 차원에서 긍정적...,https://www.edaily.co.kr/News/Read?newsId=01384166645578152&mediaCodeNo=257&utm_source=naver&utm_medium=referral&utm_campaign=news_syndication&utm_content=original_article,7,0.4952,1,keep,candidate_hybrid_gray_keep_domain_score_ge_threshold,7,0.4952,은행;은행권,,,candidate_hybrid,1,0.65,0.35
"총량규제에도… 5대 은행, 가계대출 1년 반 새 41조 폭증","전체 국내은행 가계대출은 올해 1월 1조5000억원 감소하며 주춤했으나 4월 1조9000억원, 5월 5조5000억원, 6월 5조9000억원 늘며 다시 가파른 오름세를 보였다. 상품별로는 주택담보대출이 4월 2조5000억원, 5월...",https://www.segye.com/newsView/20260907518283?OutUrl=naver,3,0.4384,0,drop,candidate_hybrid_gray_drop_score_lt_threshold,3,0.4384,은행,,,candidate_hybrid,1,0.65,0.35
정부 지침 어기고 한도 2배로…문턱 낮은 LH 사내 주택대출,LH 사내 주택 구입 자금 대출의 이율 하한선도 지침에 정해진 한국은행 공표 은행가계자금 대출금리에 어긋난다. 임차 자금 금리는 연 3.28%로 올해 3분기 기준 한은 공표 은행가계자금 대출금리 4.46%보다 낮았다....,https://www.khan.co.kr/article/202609072028005,10,0.6641,1,keep,candidate_hybrid_keep_strong_domain_rule_anchor,10,0.6641,한국은행;한은,,,candidate_hybrid,1,0.65,0.35
금리인하 요구 폭증했는데 … 인터넷은행 수용률 10%대,가계대출 이자감면액은 402억9000만원으로 19.4% 늘어난 반면 기업대출은 331억4000만원으로 15.3% 감소했다. 금리인하요구권 신청 자체가 크게 늘어난 가운데 인터넷전문은행의 수용률이 시중은행보다 낮게 나타난...,https://www.safetimes.co.kr/news/articleView.html?idxno=245523,8,0.3684,1,keep,candidate_hybrid_keep_strong_domain_rule_anchor,8,0.3684,시중은행;인터넷은행,,,candidate_hybrid,1,0.65,0.35
돈줄 조이는데 집값은 왜 오를까…주담대 감소세에도 서울 82주 상승,"[기자] KB국민, 신한, 하나, 우리, NH농협 등 5대 은행 가계대출 잔액은 약 781조 4천억 원으로, 지난달 말보다 7천300억 원 가까이 줄었습니다. 은행권이 돈줄을 조이는 가운데서도, 집값은 계속 오르고 있습니다. 서울...",https://biz.sbs.co.kr/article_hub/20000333238?division=NAVER,3,0.4486,0,drop,candidate_hybrid_gray_drop_score_lt_threshold,3,0.4486,은행,,,candidate_hybrid,1,0.65,0.35
"中, 내수살리기 위해 은행에 60조원 푼다",국유 은행과 보험사에 총 3000억위안(약 60조원) 규모 자본을 투입한다. 경기 둔화 속에 자금을 선제적으로 늘려 기업과 가계에 대한 대출 여력을 확대하려는 의도로 풀이된다. 이를 통해 위축된 소비 심리를 살리고 장기...,https://www.mk.co.kr/article/12146441,1,0.49,0,drop,candidate_hybrid_gray_drop_score_lt_threshold,1,0.49,,대출,,candidate_hybrid,1,0.65,0.35
‘한도 두배 금리 낮게’…정부 지침 어긴 LH 사내대출,"LH의 임차 자금 대출금리는 3.28%로, 정부 기준인 한국은행 공표 은행 가계자금 대출금리 4.46%보다 1%포인트 이상 유리합니다. 주택 구입자금은 정부 지침과 달리 주택담보인정비율(LTV)을 적용하지 않고, 근저당...",https://www.sentv.co.kr/article/view/sentv202609070131,12,0.7781,1,keep,candidate_hybrid_keep_strong_domain_rule_anchor,12,0.7781,한국은행;은행;ltv,금리,,candidate_hybrid,1,0.65,0.35
규제 비웃는 가계빚... 5대 은행 가계대출 1년 반 새 '41조' 폭증,"국내은행 가계대출은 연초 1월 1조5000억원 줄며 잠시 숨고르기에 들어갔으나, 2월과 3월 반등한 뒤 4월 1조9000억원, 5월 5조5000억원, 6월 5조9000억원으로 확대 폭을 키웠다. 특히 주택담보대출이 4월부터 6월까지 매달...",http://www.newslock.co.kr/news/articleView.html?idxno=135723,3,0.4887,0,drop,candidate_hybrid_gray_drop_score_lt_threshold,3,0.4887,은행,,,candidate_hybrid,1,0.65,0.35
서울 아파트 거래 10건 중 9건 '비강남'…강남 3구 비중 연중 최저,"7일 함영진 우리은행 부동산리서치랩장이 국토교통부 실거래가공개시스템을 분석한 결과에 따르면, 이달... 이후에는 수도권·규제지역의 주택 가격별 주택담보대출 규제와 가계대출 총량관리, 담보인정비율(LTV)...",https://www.sisajournal.com/news/articleView.html?idxno=386351,3,0.3505,0,drop,candidate_hybrid_gray_drop_score_lt_threshold,3,0.3505,ltv,,,candidate_hybrid,1,0.65,0.35
"[현장에서] 중저신용자 대출 확대, 리스크는 어쩌나","이에 금융당국은 중·저신용자 대출 시 가계대출 실적을 시중은행은 50%, 상호금융은 전액 제외하기로 했다. 가령 중·저신용자에 1000만원을 대출하면 시중은행은 500만원만 반영하면 되고, 상호금융은 전액 집계하지 않아도...",https://www.edaily.co.kr/News/Read?newsId=03873686645577824&mediaCodeNo=257&utm_source=naver&utm_medium=referral&utm_campaign=news_syndication&utm_content=original_article,9,0.4129,1,keep,candidate_hybrid_keep_strong_domain_rule_anchor,9,0.4129,시중은행;상호금융,대출,,candidate_hybrid,1,0.65,0.35
보험계약대출 석 달새 2.5조 증가···은행대출 규제 '풍선효과',은행권 가계대출 증가세가 이어지는 가운데 보험업권에서도 가계대출이 빠르게 늘고 있다. 7일 국회 정무위원회 소속 박성훈 국민의힘 의원(부산 북구을)이 금융감독원으로부터 제출받은 자료에 따르면...,https://www.seoulfn.com/news/articleView.html?idxno=637441,10,0.4974,1,keep,candidate_hybrid_keep_strong_domain_rule_anchor,10,0.4974,금융감독원;은행권,,,candidate_hybrid,1,0.65,0.35
"[기획] 연임 도전 양종희, 다음 승부수는 '자본시장'",가계대출 총량 규제로 인한 은행업 중심의 이자이익 성장 둔화와 생산적·포용금융 등 공적 부담 확대로 건전성 관리 및 비용 부담이 확대되는 상황에서 비은행 부문의 이익 창출력이 높아지면서 그룹의 수익 구조가...,https://www.kfenews.co.kr/news/articleView.html?idxno=663994,2,0.435,0,drop,candidate_hybrid_gray_drop_score_lt_threshold,2,0.435,,건전성,,candidate_hybrid,1,0.65,0.35
대출 규제 '아랑곳'...시중은행 가계빚 1년 반 새 41조 불어,"7일 박성훈 국회의원(국민의힘·정무위원회)이 금융감독원으로부터 제출받은 자료에 따르면 KB국민·신한·하나·우리·NH농협 등 5대 은행 가계대출 잔액은 2024년 말 734조 1000억 원에서 지난해 말 767조 6000억 원, 올해...",https://www.financialpost.co.kr/news/articleView.html?idxno=274268,14,0.6384,1,keep,candidate_hybrid_keep_strong_domain_rule_anchor,14,0.6384,금융감독원;은행;시중은행,대출,,candidate_hybrid,1,0.65,0.35
'기습 셧다운' 막으려다…금감원 '예고된 오픈런' 부르나,"정확한 종료 시점을 사전에 예측하기 어려운 구조인 만큼, 일률적인 사전 안내 기간을 적용하는 것이 현실적으로 쉽지 않다는 게 은행권의 입장이다. 가계대출 총량 관리 기준을 준수하면서 사전 안내 기간까지 확보하려면...",http://www.ftoday.co.kr/news/articleView.html?idxno=364958,6,0.5314,1,keep,candidate_hybrid_gray_keep_domain_score_ge_threshold,6,0.5314,금감원,,,candidate_hybrid,1,0.65,0.35
가산금리 올리고 우대금리 줄이고⋯신용대출 이자 부담 커진다,가계대출 총량관리 역시 대출금리를 끌어올리는 요인으로 지목된다. 대출 수요가 이어지는 상황에서 은행들이 공급을 크게 늘리기 어려워 금리를 낮춰 적극적으로 고객을 유치할 유인이 줄어들 수 있기 때문이다....,http://www.inews24.com/view/2002785,1,0.4476,0,drop,candidate_hybrid_gray_drop_score_lt_threshold,1,0.4476,,대출,,candidate_hybrid,1,0.65,0.35
"""대출 얽힌 운명공동체""⋯가구주 빚더미면 가족들도 흔들린다","등 가계부채 리스크가 개인을 넘어 가족 공동체를 위협하고 있는 양상이다. 7일 한국은행이 발표한 BOK... 결과, 가계 대출은 한 사람에게 집중되기보다 가족 구성원 간에 쪼개져 분산·공유되는 구조가 확인됐다. 실제 둘...",https://www.etoday.co.kr/news/view/2622714,9,0.5932,1,keep,candidate_hybrid_keep_strong_domain_rule_anchor,9,0.5932,한국은행;가계부채,대출,,candidate_hybrid,1,0.65,0.35
"인뱅 3사, 개인사업자대출 늘렸지만…여신 90%는 가계대출 '쏠림'",인뱅 3사는 가계대출 중심 성장의 한계를 인식하고 여신 다각화에 나서고 있다. 특히 지방은행 등 기존 금융사와의 협업도 확대되는 추세다. 토스뱅크는 광주은행과 공동대출 상품인 '함께대출'을 운영하고...,https://daily.hankooki.com/news/articleView.html?idxno=1403410,0,0.2422,0,drop,candidate_hybrid_model_drop_prob_le_threshold,0,0.2422,,,,candidate_hybrid,1,0.65,0.35
'빚의 중심' 40대로 이동…취약부채는 고령층에 쏠렸다,가계부채의 '규모'와 '위험'이 서로 다른 세대에 나타나는 양상이다. 7일 국민일보 보도에서 한국은행이... 실제로 차주당 평균 가계대출 규모에서도 세대 간 순위가 뒤바뀌었다. 과거에는 50대의 대출 규모가 가장...,https://www.thepublic.kr/news/articleView.html?idxno=317800,9,0.5261,1,keep,candidate_hybrid_keep_strong_domain_rule_anchor,9,0.5261,한국은행;가계부채,대출,,candidate_hybrid,1,0.65,0.35
산업대출 연속 30조대 증가세...PF효과에 서비스업도 14분기만에 최대폭,등에 가계대출을 제외한 산업대출이 3년 6개월 만에 2개 분기 연속 30조원대 증가세를 나타냈다. 1분기에... (PF) 대출보증 확대 등의 영향으로 14개 분기 만에 최대폭으로 증가했다. [사진=연합뉴스] 한국은행이...,http://www.updownnews.co.kr/news/articleView.html?idxno=318651,9,0.6212,1,keep,candidate_hybrid_keep_strong_domain_rule_anchor,9,0.6212,한국은행;pf,,,candidate_hybrid,1,0.65,0.35
中 최대은행 20년 만에 증자 나선 이유는?...자본부족만은 아니다 [마켓...,"블룸버그는 이번 재자본화가 기업과 가계 대출을 위한 여력을 만드는 데 목적이 있다고 전했다. 은행들이 정부 우선순위를 지원할 여지를 갖게 된다는 것이고, 전략산업과 인프라, 민간기업 금융이 그 대상으로...",http://www.joseilbo.com/news/news_read.php?uid=575216&class=42&grp=,0,0.5056,0,drop,candidate_hybrid_gray_drop_score_lt_threshold,0,0.5056,,,,candidate_hybrid,1,0.65,0.35
"기업대출 늘렸던 은행권, 환율 하락 '반색'···자본부담 덜었다",지난달 말 5대 시중은행의 기업대출 잔액은 883조9647억원으로 전년 말 대비 4.6%(39조2393억원)나 증가했다. 같은 기간 가계대출 잔액이 767조6781억원으로 1.9%(14조4411억원) 증가에 그쳤다. 이는 정부 생산적...,https://www.seoulfn.com/news/articleView.html?idxno=637406,11,0.5284,1,keep,candidate_hybrid_keep_strong_domain_rule_anchor,11,0.5284,은행권;시중은행;환율,,,candidate_hybrid,1,0.65,0.35
"""혹시 몰라 여러 곳 신청""…주담대 '중복 접수'에 은행권 골머리",은행들이 가계대출 총량 관리를 위해 대출모집인이나 비대면 채널을 갑작스럽게 닫거나 주담대 한도를 축소하는 일이 반복된 것도 배경으로 꼽힌다. 아예 은행 영업점에서 대출 가수요 관리를 위해 예비 차주가...,https://www.newspim.com/news/view/20260907000711,8,0.3413,1,keep,candidate_hybrid_keep_strong_domain_rule_anchor,8,0.3413,은행;은행권,대출,,candidate_hybrid,1,0.65,0.35
은행 기업대출 확대 속 산업대출 30.6조 증가…서비스업 대출 증가폭 커,"서비스업 대출은 4년 반 만에 가장 큰 폭으로 증가했다. 7일 한국은행이 발표한 '2026년 2분기... 산업별대출금은 예금취급기관의 원화대출 가운데 가계대출을 제외한 대출을 산업별로 분류한 통계로, 기업대출이...",https://www.businessplus.kr/news/articleView.html?idxno=116482,9,0.4412,1,keep,candidate_hybrid_keep_strong_domain_rule_anchor,9,0.4412,한국은행;은행,대출,,candidate_hybrid,1,0.65,0.35
"""가계부채 잡겠다더니""...5대 은행 가계대출 '775조' 돌파","국내은행 가계대출은 올해 1월 1조5000억원 줄어들며 잠시 주춤했으나, 2월(7000억원)과 3월(6000억원) 증가세로 돌아선 뒤 4월 1조9000억원, 5월 5조5000억원, 6월 5조9000억원으로 급격히 늘어났다. 이 같은 상승세는...",https://www.ntoday.co.kr/news/articleView.html?idxno=129212,6,0.4969,1,keep,candidate_hybrid_gray_keep_domain_score_ge_threshold,6,0.4969,은행;가계부채,,,candidate_hybrid,1,0.65,0.35
"LH 직원 주택임차 대출, 정부 지침보다 2배 많아···“5년 단위 전국 ...","이율 하한선도 한국은행 공표 은행가계자금 대출금리로 정하고 있는데 이에 어긋난다. LH 주택 임차 자금의 기본 한도는 수도권·광역시와 LH 본사가 있는 경남 진주시 등은 9000만원, 그 외 다른 지역은...",https://www.khan.co.kr/article/202609071513001,6,0.5907,1,keep,candidate_hybrid_gray_keep_domain_score_ge_threshold,6,0.5907,한국은행,대출,,candidate_hybrid,1,0.65,0.35
[기자의 눈] 집단대출 완화가 남긴 혼란,은행들도 혼란스럽다. 총량 규제에 맞춰 가계대출을 조였다가 집단대출에 예외가 생겼고 총량 목표치도 2배로 늘어나며 대출 기준을 재조정해야 한다. 그마저도 당국의 세밀한 가이드라인이 나오지 않아 은행권에서도...,https://www.ekn.kr/web/view.php?key=20260907025011439,1,0.3914,0,drop,candidate_hybrid_gray_drop_score_lt_threshold,1,0.3914,,대출,,candidate_hybrid,1,0.65,0.35
5대 은행 가계대출 7276억원 감소…주담대 조이기에 6개월 만에 감소 전...,이달 들어 5대 은행의 가계대출 잔액이 7000억원 넘게 줄어든 것으로 나타났다. 정부가 금융권의 가계대출 총량 관리 목표를 일부 완화했지만 은행들이 주택담보대출을 중심으로 보수적인 대출 기조를 이어가면서...,https://www.polinews.co.kr/news/articleView.html?idxno=742364,4,0.4,0,drop,candidate_hybrid_gray_drop_score_lt_threshold,4,0.4,은행,대출,,candidate_hybrid,1,0.65,0.35
268만번 두드린 금리인하요구권…이자 감면은 ‘뒷걸음’,"뉴스토마토 = 이진희 기자 | 은행 금리인하요구권 신청이 크게 늘었지만, 실제 소비자에게 돌아가는... 올해 상반기 신청에선 가계대출 신청이 256만7000건으로 전체의 95.8%를 차지했고, 기업대출은 11만2000건으로 4.2%에...",http://www.newstomato.com/ReadNews.aspx?no=1312750&inflow=N,3,0.4543,0,drop,candidate_hybrid_gray_drop_score_lt_threshold,3,0.4543,은행,,,candidate_hybrid,1,0.65,0.35
2분기 산업대출 30조6000억원↑…서비스업이 대출 견인,한국은행 전경. 사진=연합뉴스  올해 2분기 예금취급기관의 산업별 대출금이 전분기 말보다... 산업별대출금 통계는 원화 대출 중 가계대출을 제외한 여타 부문 대출금을 산업별로 분류한 통계다. 주로...,https://www.pointdaily.co.kr/news/articleView.html?idxno=318256,7,0.4292,1,keep,candidate_hybrid_gray_keep_domain_score_ge_threshold,7,0.4292,한국은행,대출;원화,,candidate_hybrid,1,0.65,0.35
"강남발 집값 열기, 노·도·강 확산…외곽도 '국평 10억 클럽'","함영진 우리은행 부동산리서치랩장은 ""대출 규제로 자금 조달 여력이 줄어든 수요자들이 상대적으로 부담이 덜한 중저가 구간으로 눈을 돌리고 있다""며 ""늘어난 이자 부담에 금융권의 가계대출 총량 규제로 대출...",https://www.ziksir.com/news/articleView.html?idxno=145611,1,0.2476,0,drop,candidate_hybrid_model_drop_prob_le_threshold,1,0.2476,,대출,,candidate_hybrid,1,0.65,0.35
"개인 넘어 중소기업으로…인터넷은행, 기업대출 영토 넓힌다",이처럼 인터넷은행들이 기업금융에 눈을 돌리는 것은 가계대출 중심의 성장구조를 다변화할 필요성이 커지고 있기 때문으로 풀이된다. 카카오뱅크와 케이뱅크 모두 전체 대출에서 가계대출이 절대적인 비중을...,https://www.sisaon.co.kr/news/articleView.html?idxno=204161,4,0.288,0,drop,candidate_hybrid_model_drop_prob_le_threshold,4,0.288,인터넷은행,,,candidate_hybrid,1,0.65,0.35
서울 아파트 거래 '비강남' 쏠림…강남3구 비중 연중 최저,"7일 함영진 우리은행 부동산리서치랩장이 국토교통부 실거래가 자료를 분석한 결과 이달 4일 계약일... 이후 주택담보대출 규제와 가계대출 총량 규제, 8·3 세제개편안 발표, 두 차례 기준금리 인상 등이 맞물리며...",https://www.ajunews.com/view/20260907135812702,3,0.4497,0,drop,candidate_hybrid_gray_drop_score_lt_threshold,3,0.4497,기준금리,,,candidate_hybrid,1,0.65,0.35
"[부동산 인사이트] 세금과 대출을 모르면 내 집 마련도, 갈아타기도, 정...","가계대출 총량 증가율 목표는 1.5%에서 3%로 넉 달 만에 상향됐다. 다만 확대된 여력은 집단대출과 청년·중저신용자 지원에 우선 배정된다. 은행권 관계자는 ""집단대출과 중저신용자 대출을 집행하고 여력이 남더라도...",https://bizhankook.com/articles/real-estate-tax-loan-guide.html,4,0.3737,0,drop,candidate_hybrid_gray_drop_score_lt_threshold,4,0.3737,은행권,,,candidate_hybrid,1,0.65,0.35
"2분기 산업대출 30.6조원 증가…은행, 가계 대신 대기업에 돈 풀었다",올해 2분기 말 기준 5대 은행의 대기업 대출 규모는 217조7300억원으로 전년 말 대비 22조1600억원(+11.3%) 급증했다. 정부의 생산적 금융 기조와 고강도 가계대출 규제로 기업대출 중심으로 대출이 증가한 가운데...,https://www.m-i.kr/news/articleView.html?idxno=1410801,9,0.3253,1,keep,candidate_hybrid_keep_strong_domain_rule_anchor,9,0.3253,은행;생산적 금융,대출;금융,,candidate_hybrid,1,0.65,0.35
5대 은행 가계대출 1년 반 새 41조↑…보험권 대출도 증가세,가계대출이 은행권과 보험권에서 동반 증가하고 있다. 5대 은행의 가계대출 잔액이 최근 1년 반 동안 41조원 늘어난 데 이어 보험권에서도 최근 석 달 연속 가계대출이 증가했다. 7일 국회 정무위원회 소속...,https://www.newsis.com/view/NISX20260907_0003779188,3,0.4477,0,drop,candidate_hybrid_gray_drop_score_lt_threshold,3,0.4477,은행,,,candidate_hybrid,1,0.65,0.35
"“이제, 노후자금 어떻게 마련하나…” 얼어붙은 서울 아파트 거래","브라보마이라이프=서지희 기자 | 함영진 우리은행 부동산리서치랩장 분석 “8월 거래량 전월대비 60... 함 랩장은 “정부의 강도 높은 대출 규제(수도권·규제지역 가액대별 주택담보대출 규제, 가계대출 총량 규제...",https://bravo.etoday.co.kr/view/atc_view/20015,1,0.3409,0,drop,candidate_hybrid_model_drop_prob_le_threshold,1,0.3409,,대출,,candidate_hybrid,1,0.65,0.35
신용대출 문턱 높아지자 '내 차' 맡겼다…자동차담보대출 7개월 만에 5조...,가계대출 관리 강화로 신용대출 이용이 어려워지면서 저축은행과 캐피탈사의 자동차담보대출 수요가 빠르게 늘고 있다. 올해 들어 7개월간 취급액이 5조원에 육박하면서 지난해 연간 실적의 70%를 웃돌았다. 7일 국회...,https://www.econovill.com/news/articleView.html?idxno=750050,4,0.4263,0,drop,candidate_hybrid_gray_drop_score_lt_threshold,4,0.4263,저축은행,,,candidate_hybrid,1,0.65,0.35
"""LH 직원 주택대출, 정부기준 한도 2배 초과""","정부 기준인 한국은행 공표 은행 가계자금 대출금리(3분기 4.46%)보다 낮은 수준이다. 주택 구입자금도 정부 기준과 다르게 운용된다. 정부는 주택담보인정비율(LTV) 적용과 근저당 설정을 의무화하고 있으나, LH...",https://www.imaeil.com/page/view/2026090714000107257,11,0.7272,1,keep,candidate_hybrid_keep_strong_domain_rule_anchor,11,0.7272,한국은행;은행;ltv,,,candidate_hybrid,1,0.65,0.35
5대 은행 가계대출 1년 반 새 41조 원 증가…보험계약대출도 석 달간 2조...,"5대 은행의 가계대출 잔액은 1년6개월 동안 41조 원 증가했고, 올해 5월부터 7월까지 보험계약대출도 2조4647억 원 늘었다. 은행권 대출관리가 강화되는 가운데 가계의 자금 수요가 어디로 이동하는지 주목된다. 7일...",https://www.e-science.co.kr/news/articleView.html?idxno=134882,7,0.4686,1,keep,candidate_hybrid_gray_keep_domain_score_ge_threshold,7,0.4686,은행;은행권,,,candidate_hybrid,1,0.65,0.35
2분기 산업대출 30.6조 증가…서비스업 늘고 제조업 증가폭 둔화,제조업 대출도 증가했지만 증가폭은 전분기보다 줄었다. 한국은행은 7일 2026년 2분기 말... 산업별대출금은 예금취급기관의 원화대출 가운데 가계대출을 제외한 대출을 산업별로 분류한 통계다. 대부분...,https://www.thepowernews.co.kr/view.php?ud=202609071328409792de3f0aa1be_7,5,0.3259,0,drop,candidate_hybrid_model_drop_prob_le_threshold,5,0.3259,한국은행,,,candidate_hybrid,1,0.65,0.35
"대기업 대출 증가액 16.5조, 자영업자는 1조… 은행 돈줄 '양극화'",은행권이 가계대출 억제 국면에서 리스크 관리가 용이한 우량 대기업 영업에 집중한 데 따른 영향이다. 내수 침체와 부동산 PF 리스크 속에 은행들이 중소기업과 자영업자를 상대로 엄격한 담보와 보증을 요구하며...,https://www.m-i.kr/news/articleView.html?idxno=1410755,8,0.4763,1,keep,candidate_hybrid_keep_strong_domain_rule_anchor,8,0.4763,은행;pf,대출,,candidate_hybrid,1,0.65,0.35
생산적금융 '당근' 비껴간 SC제일은행…주담대 규제 '직격탄',SC제일은행도 최근 가계대출에서 기업대출로 무게중심을 옮기고 있다. 올해 상반기 주담대가 사실상 제자리걸음을 한 사이 기업대출은 빠르게 늘면서 원화대출에서 기업대출이 차지하는 비중도 높아졌다. 생산적 금융...,https://dealsite.co.kr/articles/168401,5,0.4413,0,drop,candidate_hybrid_gray_drop_score_lt_threshold,5,0.4413,생산적 금융,금융,,candidate_hybrid,1,0.65,0.35
"우리銀, 모의해킹 경진대회 개최...소비자 관심도 증가","데이터앤리서치 관계자는 관심도 증가에 대해 ""가계대출 및 주택 관련 대출 증가세 집중 조명,'우리의 소원 정기예금' 등 고금리 특판 상품 출시,은행권 자산 건전성 및 부실채권 지표 관련 보도""등으로 분석했다.",http://www.thebigdata.co.kr/view.php?ud=202609071156031245df3c2a17b7_23,11,0.5552,1,keep,candidate_hybrid_keep_strong_domain_rule_anchor,11,0.5552,은행권;부실채권,대출;건전성,,candidate_hybrid,1,0.65,0.35
서비스업 대출 20조원 늘어 14분기 만에 최대…부동산·증권사 수요 몰...,"ㆍ부동산업·금융보험업 대출 각각 6조2000억원 확대 ㆍ제조업 대출 줄고 예금은행 대출 확대 올해 2분기... 산업대출은 예금취급기관의 원화 대출 가운데 가계대출을 제외한 것으로, 대부분 기업대출이지만...",https://www.chosun.com/economy/stock-finance/2026/09/07/QYNIFAIOCVAUXNK3VEKGWDZPKI/?utm_source=naver&utm_medium=referral&utm_campaign=naver-news,5,0.4014,0,drop,candidate_hybrid_gray_drop_score_lt_threshold,5,0.4014,증권사,대출;원화,,candidate_hybrid,1,0.65,0.35
"상위 20개 저축은행 상반기 순익 3배, 실적 '양극화'…대출은 제자리걸...",다만 지난달부터 저축은행의 민간중금리대출 증가분을 가계대출 총량 관리 대상에서 전액 제외키로 하면서 올 하반기 여신 잔액이 증가할지 주목된다. 7일 저축은행중앙회에 따르면 자산 기준 상위 20개...,http://www.whitepaper.co.kr/news/articleView.html?idxno=266491,5,0.7371,1,keep,candidate_hybrid_model_keep_prob_ge_threshold_with_domain_anchor,5,0.7371,저축은행,실적,,candidate_hybrid,1,0.65,0.35
2분기 기업 대출 2065.3조… 1분기보다 30.6조 ↑,"한국은행이 집계하는 ‘산업별 대출금’은 가계대출을 제외한 대기업·중소기업·개인 사업자 등 기업 대출의 합계다. 이날 한은이 발표한 ‘2026년 2분기 예금취급기관 산업별 대출금’에 따르면, 제조업 대출...",https://biz.chosun.com/policy/policy_sub/2026/09/07/2ZNVSU7YSVF4XMOON763TYD4WA/?utm_source=naver&utm_medium=original&utm_campaign=biz,6,0.432,1,keep,candidate_hybrid_gray_keep_domain_score_ge_threshold,6,0.432,한국은행,대출,,candidate_hybrid,1,0.65,0.35
2분기 산업대출 30.6조 ↑…서비스업 중심 증가폭 확대,산업대출금이 전분기 말보다 30조6000억원 증가한 것으로 나타났다. 한국은행이 7일 발표한 ‘2026년... 산업별대출금 통계는 원화 대출 중 가계대출을 제외한 여타 부문 대출금을 산업별로 분류한 통계다. 주로...,https://www.dailian.co.kr/news/view/1687151/?sc=Naver,7,0.3647,1,keep,candidate_hybrid_gray_keep_domain_score_ge_threshold,7,0.3647,한국은행,대출;원화,,candidate_hybrid,1,0.65,0.35
"""설명 제대로 했나""…금감원, 펀드·보험·대출 판매현장 전방위 점검",최근 일부 은행이 가계대출 총량 관리 등을 이유로 충분한 안내 없이 대출 취급을 중단하거나 한도를 줄이면서 소비자의 예측 가능성이 떨어질 수 있다는 판단에서다. 금감원은 예금·대출·투자상품의 취급 중단이나...,https://www.shinailbo.co.kr/news/articleView.html?idxno=5059123,7,0.5004,1,keep,candidate_hybrid_gray_keep_domain_score_ge_threshold,7,0.5004,금감원,대출,,candidate_hybrid,1,0.65,0.35
2분기 산업별 대출금 30.6조원 증가…'생산적 금융' 효과 지속,"산업별대출금 통계는 원화대출금 중 가계대출을 제외한 대출금을 산업별로 분류한 통계입니다. 앞서 지난 1분기에는 전분기보다 35조 6천억원 증가해 2022년 3분기 이후 가장 크게 증가한 바 있습니다. 한은은 ""은행들의...",https://biz.sbs.co.kr/article_hub/20000333088?division=NAVER,5,0.3832,0,drop,candidate_hybrid_gray_drop_score_lt_threshold,5,0.3832,생산적 금융,금융,,candidate_hybrid,1,0.65,0.35
2분기 산업대출 30.6조↑…부동산·금융업이 끌었다,(PF) 대출보증 확대 등의 영향으로 서비스업 대출이 늘었다. 한국은행이 7일 발표한 '2026년 2분기... 산업별대출금은 예금취급기관의 원화대출 가운데 가계대출을 제외한 대출을 산업별로 분류한 통계다. 주로...,https://www.ebn.co.kr/news/articleView.html?idxno=1723222,9,0.4914,1,keep,candidate_hybrid_keep_strong_domain_rule_anchor,9,0.4914,한국은행;pf,,,candidate_hybrid,1,0.65,0.35
"카카오뱅크, 인터넷은행 최초 잔금대출 이달 출시",잔금대출은 은행들의 큰 대출 시장인데 규제 영향도 받으면서 최근 혼란이 컸습니다. 그런데 이 상품에... 이를 두고 업계에선 정부의 강력한 가계대출 규제 속에 주담대 증가세를 보수적으로 관리하면서 신중하게...,https://biz.sbs.co.kr/article_hub/20000333118?division=NAVER,5,0.3043,0,drop,candidate_hybrid_model_drop_prob_le_threshold,5,0.3043,인터넷은행,대출,,candidate_hybrid,1,0.65,0.35
서울 아파트 '강남 3구' 외 거래비중 90.9%까지 높아졌다,"정부의 강도 높은 대출 규제(수도권·규제지역 가액대별 주택담보대출 규제, 가계대출 총량 규제... 주택임대차 시장의 불안 강도에 달려 있는 것으로 보인다. (중기이코노미 객원=우리은행 함영진 부동산리서치랩장)",https://www.junggi.co.kr/news/articleView.html?idxno=37671,1,0.3083,0,drop,candidate_hybrid_model_drop_prob_le_threshold,1,0.3083,,대출,,candidate_hybrid,1,0.65,0.35
"""강남3구 거래 '뚝'…아파트 매매, 비강남이 90% 넘어""","오늘(7일) 함영진 우리은행 부동산리서치랩장이 국토교통부 실거래가 자료를 분석한 결과 이달 4일... 그러나 수도권·규제지역 주택 가액대별 주택담보대출 규제, 가계대출 총량 규제, 규제지역 담보인정비율(LTV)...",http://mbn.mk.co.kr/pages/news/newsView.php?category=mbn00009&news_seq_no=5217478,3,0.4168,0,drop,candidate_hybrid_gray_drop_score_lt_threshold,3,0.4168,ltv,,,candidate_hybrid,1,0.65,0.35
"인뱅 3사, 소호대출 8.3조 돌파…1년 새 50.6% 급증",인터넷은행은 대기업 대출이 제한돼 가계대출 의존도가 높은 만큼 가계대출 총량 관리가 강화되자 소호대출을 새로운 수익원으로 확대하고 있다. 대출이 빠르게 늘었지만 건전성 지표는 개선됐다. 인뱅 3사의...,https://www.cstimes.com/news/articleView.html?idxno=719624,6,0.2225,0,drop,candidate_hybrid_model_drop_prob_le_threshold,6,0.2225,인터넷은행,건전성,,candidate_hybrid,1,0.65,0.35
서울 아파트 매매 10건 중 9건 '비강남권' ... 9억 이하 거래 비중은 절...,"7일 함영진 우리은행 부동산리서치랩장이 국토교통부 실거래가 공개시스템을 분석한 결과, 지난 4일... 금리 상승으로 이자 부담이 커진 데다 가계대출 총량 관리까지 강화되면서 자금 조달 여력이 줄어든 수요자들이...",http://www.queen.co.kr/news/articleView.html?idxno=462905,1,0.2834,0,drop,candidate_hybrid_model_drop_prob_le_threshold,1,0.2834,,금리,,candidate_hybrid,1,0.65,0.35
"""내일부터 주담대 안 돼"" 관행 바뀐다…홈페이지 공지",은행이 충분한 사전 안내 없이 가계대출 총량 관리를 위해 취급을 중단하거나 한도를 축소하면서 소비자의 예측 가능성이 떨어지고 자금 조달에 애로가 발생할 수 있다는 판단에서다. 최근 은행들이 신용대출 한도를...,https://news.bizwatch.co.kr/article/finance/2026/09/07/0014,0,0.3231,0,drop,candidate_hybrid_model_drop_prob_le_threshold,0,0.3231,,,,candidate_hybrid,1,0.65,0.35
"“이란戰 6개월 더 갈수도”…유가發 인플레, 세계경제 ‘고금리 공포’...","중앙은행들이 금리 인하 시기를 늦추거나, 오히려 금리를 인상하면 결국 경기 침체로 갈 우려가 커진다. 기준 금리 인상은 보통 정부가 발행하는 국채 금리 상승으로 이어진다. 주택담보대출 등 가계가 금융 기관으로부터...",https://biz.heraldcorp.com/article/10864803?ref=naver,5,0.6414,0,drop,candidate_hybrid_drop_generic_market_or_ipo_noise,5,0.6414,국채,금리;금융,,candidate_hybrid,1,0.65,0.35
국민 대출은 옥죄면서…LH 직원 사내대출은 정부 기준 초과,이는 한국은행이 공표한 은행가계자금 대출금리인 4.46%보다 현저히 낮은 수준이다. 주택 구입자금 대출 과정에서는 주택담보인정비율(LTV) 규제가 적용되지 않았다. 정부 지침은 대출 물건에 반드시 근저당을...,https://www.mdtoday.co.kr/news/articleView.html?idxno=611068,9,0.6201,1,keep,candidate_hybrid_keep_strong_domain_rule_anchor,9,0.6201,한국은행;ltv,대출,,candidate_hybrid,1,0.65,0.35
"대출 막히기 전 미리 알린다…금감원, 제도 개선 착수","협의회는 최근 은행권이 가계대출 관리 목표를 맞추는 과정에서 충분한 사전 안내 없이 대출 취급을 중단하거나 한도를 축소하는 사례를 들여다봤다. 이 같은 조치가 예고 없이 이뤄질 경우, 주택 매매 잔금이나...",https://www.kukinews.com/article/view/kuk202609070044,7,0.512,1,keep,candidate_hybrid_gray_keep_domain_score_ge_threshold,7,0.512,금감원,대출,,candidate_hybrid,1,0.65,0.35
[더벨][활로 찾는 핀테크 기업] 핀다의 다음 스텝은 저축은행…JB와 그리...,핀다가 저축은행 인수라는 승부수를 꺼냈다. 핀다는 대출 비교 플랫폼을 운영하는 핀테크 기업이다.... 핀다의 주력 수익원인 대출 중개는 가계대출 규제 강화와 경쟁 심화라는 환경 변화의 직격탄을 맞았다. 핀다...,https://www.thebell.co.kr/free/content/ArticleView.asp?key=202609022317415520106892,5,0.4864,0,drop,candidate_hybrid_gray_drop_score_lt_threshold,5,0.4864,저축은행,대출,,candidate_hybrid,1,0.65,0.35
"""8월 서울 아파트 매매거래, 10건 중 9건 강남3구 이외 지역""","7일 함영진 우리은행 부동산리서치랩장이 국토교통부 실거래가 자료를 분석한 결과 이달 4일 계약일 집계... 그러나 수도권·규제지역 주택 가액대별 주택담보대출 규제, 가계대출 총량 규제, 규제지역 담보인정비율...",https://www.yna.co.kr/view/AKR20260907067500003?input=1195m,0,0.2989,0,drop,candidate_hybrid_model_drop_prob_le_threshold,0,0.2989,,,,candidate_hybrid,1,0.65,0.35
"은행 높은 문턱에 '불황형 대출' 급증…박성훈 ""풍선효과 잡아야""",정부의 잇단 대출 규제에도 불구하고 5대 시중은행의 가계대출이 최근 1년 6개월 동안 41조 원 늘어난 것으로 나타났다. 은행권 대출 문턱이 높아지자 보험업권으로 대출 수요가 쏠리는 '풍선효과'도...,https://www.news1.kr/local/busan-gyeongnam/6281927,12,0.5187,1,keep,candidate_hybrid_keep_strong_domain_rule_anchor,12,0.5187,은행;은행권;시중은행,대출,,candidate_hybrid,1,0.65,0.35
"""틀어막아도 41조 원 폭증""…은행 옥죄자 보험사로 번진 대출 '풍선효과...","국회 정무위원회 소속 국민의힘 박성훈 의원이 금융감독원으로부터 제출받은 자료에 따르면, 5대 시중은행의 가계대출 잔액은 지난 6월 말 기준 775조 1천억 원으로 집계됐습니다. 지난 2024년 말과 비교해 41조 원이...",http://mbn.mk.co.kr/pages/news/newsView.php?category=mbn00006&news_seq_no=5217464,14,0.6275,1,keep,candidate_hybrid_keep_strong_domain_rule_anchor,14,0.6275,금융감독원;은행;시중은행,대출,,candidate_hybrid,1,0.65,0.35
강남은 꺾였지만 비강남은 버텼다…9억 이하 거래비중 54%로 ‘껑충’,"7일 함영진 우리은행 부동산리서치랩장이 국토교통부 실거래가 자료(실4일 계약일 집계 기준)를 분석한... 다만 정부의 강도 높은 대출 규제(수도권·규제지역 가액대별 주택담보대출 규제, 가계대출 총량 규제...",https://www.mk.co.kr/article/12145832,1,0.3003,0,drop,candidate_hybrid_model_drop_prob_le_threshold,1,0.3003,,대출,,candidate_hybrid,1,0.65,0.35
"5대은행 가계대출 41조 증가, 보험도 '풍선효과'…총량규제, 실수요자만...",정부가 가계부채 관리를 위해 시중은행의 대출 고삐를 죄고 있지만 이른바 5대 시중은행 가계대출은 1년 반 만에 41조원이 증가한 것으로 나타났다. 대출 수요가 보험권으로 옮겨붙는 '풍선효과'도 발생했다. 결국...,https://www.imaeil.com/page/view/2026090710281260972,8,0.4107,1,keep,candidate_hybrid_keep_strong_domain_rule_anchor,8,0.4107,시중은행;가계부채,대출,,candidate_hybrid,1,0.65,0.35
6~8월 서울 아파트 거래 '뚝'…강남3구 거래 비중 연중 최저,"7일 함영진 우리은행 부동산리서치랩장이 국토교통부 실거래가 공개시스템(9월 4일 계약일집계 기준)을... 수도권·규제지역 주택담보대출 규제, 가계대출 총량 규제, 스트레스 DSR, 규제지역 LTV 하향 등 강도 높은...",https://www.newsis.com/view/NISX20260907_0003778773,7,0.404,1,keep,candidate_hybrid_gray_keep_domain_score_ge_threshold,7,0.404,dsr;ltv,,,candidate_hybrid,1,0.65,0.35
대출·세제 규제에 서울 아파트 거래 '뚝'…강남3구 비중 최저,"서울 아파트 월별 가액대별 거래비중(단위: %) [자료=우리은행 부동산리서치랩] 7일 함영진 우리은행... 이후 수도권·규제지역 가액대별 주택담보대출 규제와 가계대출 총량 규제, 스트레스 총부채원리금상환비율(DSR)...",https://www.newspim.com/news/view/20260907000266,5,0.4211,0,drop,candidate_hybrid_gray_drop_score_lt_threshold,5,0.4211,dsr,대출,,candidate_hybrid,1,0.65,0.35
"박성훈, ""가계대출 41조 폭증…5대 은행 잔액 775조""","▲박성훈 의원은 정부의 대출 규제에도 불구하고 5대 은행 가계대출이 1년 반 만에 41조 원 폭증해 775조 원에 달했다고 밝혔다. 그는 보험업권 대출 급증 등 풍선효과를 지적하며 ""두더지 잡기식 규제로 무주택자·청년 등...",https://www.gukjenews.com/news/articleView.html?idxno=3686664,4,0.5614,0,drop,candidate_hybrid_gray_drop_score_lt_threshold,4,0.5614,은행,대출,,candidate_hybrid,1,0.65,0.35
"가계대출 증가…농협 11조, 신한 7.8조, 국민·우리 7.6조, 하나 7조","5대 은행 가계대출, 1년반 만에 41조↑ 박성훈 의원 ""청년·실수요자에 피해 돌아가"" 정부가 은행들의 대출을 옥죄고 있는데도 KB국민·신한·하나·우리·NH농협 5대 은행의 가계대출 잔액이 1년 6개월 만에...",https://www.taxtimes.co.kr/news/article.html?no=276735,3,0.4284,0,drop,candidate_hybrid_gray_drop_score_lt_threshold,3,0.4284,은행,,,candidate_hybrid,1,0.65,0.35
대출 막히자 보험·자동차까지 담보…정부·은행 탓 서민들 ‘한숨’,정부가 가계부채를 잡겠다며 대출 총량을 강하게 조이자 은행에서 돈을 빌리지 못한 차주들이 보험계약대출과 자동차담보대출 등으로 이동하는 ‘풍선효과’가 나타나고 있다. 올해 들어 저축은행과 캐피털사의...,https://www.kmib.co.kr/article/view.asp?arcid=9000009667&cp=nv,11,0.5281,1,keep,candidate_hybrid_keep_strong_domain_rule_anchor,11,0.5281,은행;저축은행;가계부채,대출,,candidate_hybrid,1,0.65,0.35
"양종희 KB금융 회장, 국감 증인대 서나…출석하면 역대 세 번째(1부)",양 회장의 국감 출석 가능성을 높이는 핵심 쟁점은 KB국민은행의 가계대출 관리 방안이다. 국민은행은 수도권과 규제지역의 주택구입 목적 주택담보대출 최대한도를 기존 6억원에서 3억원으로 축소했다. 은행 측은...,https://www.the-today.com/news/articleView.html?idxno=89607,3,0.3636,0,drop,candidate_hybrid_gray_drop_score_lt_threshold,3,0.3636,은행,,,candidate_hybrid,1,0.65,0.35
카드사 중금리대출 연 10조 전망…수익성 저하 우려 커져,대출 취급액은 전년 동기 대비 41.6% 증가한 4조9456억원으로 약 5조원에 육박한다. 같은 시기 5대 시중은행이... 최근 중금리대출에 대해서는 가계대출 총량 규제 한도에서 제외하겠다며 상품을 확대하라고 재차...,https://www.etnews.com/20260907000114,8,0.4773,1,keep,candidate_hybrid_keep_strong_domain_rule_anchor,8,0.4773,시중은행;카드사,대출,,candidate_hybrid,1,0.65,0.35
강남부터 거래 얼었다…서울 아파트 매매 10건 중 9건 ‘비강남’,"7일 함영진 우리은행 부동산리서치랩장(본지 자문위원)이 국토교통부 실거래가 공개시스템을 분석한 결과... 수도권·규제지역의 주택가격별 주택담보대출 규제와 가계대출 총량 관리, 스트레스...",https://www.etoday.co.kr/news/view/2622500,0,0.3359,0,drop,candidate_hybrid_model_drop_prob_le_threshold,0,0.3359,,,,candidate_hybrid,1,0.65,0.35
서울 아파트 무게중심 '비강남권'…매매 10건 중 9건 강남3구 밖에서,7일 함영진 우리은행 부동산리서치랩장이 국토교통부 실거래가 공개시스템(4일 계약일 집계 기준)을... 늘어난 이자 부담과 가계대출 총량 규제로 자금조달 여력이 줄어든 수요자들이 중저가 구간으로 눈을 돌린...,https://www.news1.kr/realestate/general/6281812,0,0.2611,0,drop,candidate_hybrid_model_drop_prob_le_threshold,0,0.2611,,,,candidate_hybrid,1,0.65,0.35
[시험대 오른 AIBK] AI 여신심사 띄웠지만…기업여신 경고음,실제 기업은행의 기업대출 건전성 지표에는 이미 경고음이 들어왔다. 올 상반기 기업대출 연체율은 0.98%로 전년 같은 기간 대비 0.05%포인트 올랐다. 가계대출 연체율이 이 기간 0.65%에서 0.53%로 0.12%포인트 개선된 것과...,https://news.dealsitetv.com/articles/175226,7,0.532,1,keep,candidate_hybrid_gray_keep_domain_score_ge_threshold,7,0.532,기업은행,건전성,,candidate_hybrid,1,0.65,0.35
대출 막히자 자동차까지 담보로…7개월 만에 5조원 육박,정부의 가계대출 관리 강화 기조 속에 저축은행과 캐피탈사의 자동차담보대출이 빠르게 늘고 있다. 올해 들어 7월까지 취급액이 5조원에 육박하면서 지난해 연간 취급액의 70%를 넘어섰다. 6일 국회 정무위원회 소속...,https://www.dailian.co.kr/news/view/1687105/?sc=Naver,5,0.5349,0,drop,candidate_hybrid_gray_drop_score_lt_threshold,5,0.5349,저축은행,대출,,candidate_hybrid,1,0.65,0.35
"김재섭 의원, 저축은행 자동차 담보 대출 급증",특히 정부가 가계대출 관리를 강화하면서 은행권을 중심으로 대출 문턱이 높아진 상황에서 자금이 필요한 서민과 취약차주가 상대적으로 금리가 높은 제2금융권 대출로 밀려나는 이른바 '풍선효과'를 면밀히...,http://www.financialreview.co.kr/news/articleView.html?idxno=44641,5,0.5555,0,drop,candidate_hybrid_gray_drop_score_lt_threshold,5,0.5555,저축은행,대출,,candidate_hybrid,1,0.65,0.35
"""9억 이하 찾아요""…서울 외곽 아파트로 눈 돌린 실수요자",7일 함영진 우리은행 부동산리서치랩장이 국토교통부 실거래가 공개시스템을 분석한 결과에 따르면... 수도권과 규제지역을 중심으로 주택담보대출 규제가 강화된 데다 가계대출 총량 관리와 스트레스...,https://www.hankyung.com/article/2026090776116,0,0.2848,0,drop,candidate_hybrid_model_drop_prob_le_threshold,0,0.2848,,,,candidate_hybrid,1,0.65,0.35
강남 3구 집값 옥죄자…비강남 '중저가'로 우르르,"(사진=이데일리 노진환 기자) 7일 함영진 우리은행 부동산리서치랩장이 국토교통부 실거래가... 하지만 수도권·규제지역의 주택가격대별 주택담보대출 규제와 가계대출 총량 규제, 스트레스 총부채원리금상환비율...",https://www.edaily.co.kr/News/Read?newsId=02236966645577824&mediaCodeNo=257&utm_source=naver&utm_medium=referral&utm_campaign=news_syndication&utm_content=original_article,0,0.4153,0,drop,candidate_hybrid_gray_drop_score_lt_threshold,0,0.4153,,,,candidate_hybrid,1,0.65,0.35
"금감원, 목표전환형 펀드 판매수수료 설명 의무 강화","가계대출 총량 관리 과정에서 은행이 충분한 사전 안내 없이 대출 취급을 중단하거나 한도를 줄인 사례가 있어서다. 다만 가수요와 쏠림을 고려해 안내 필요성이 큰 상품부터 도입하고, 안내 기간·방법·내용은...",http://www.whitepaper.co.kr/news/articleView.html?idxno=266455,7,0.5008,1,keep,candidate_hybrid_gray_keep_domain_score_ge_threshold,7,0.5008,금감원,대출,,candidate_hybrid,1,0.65,0.35
한도 2배에 LTV 면제…LH 사내대출 828억 '그들만의 리그',"적용 금리 역시 공사 차입금리와 연동한 3.28%로, 올 3분기 한국은행 은행가계자금 대출금리(4.46%)보다 1.18%포인트 낮게 운용했다. 주택 구입자금 관리의 허점도 드러났다. 정부 지침상 의무인 LTV 규제를 적용하지 않았고...",https://www.youthdaily.co.kr/news/article.html?no=226495,9,0.6414,1,keep,candidate_hybrid_keep_strong_domain_rule_anchor,9,0.6414,한국은행;ltv,금리,,candidate_hybrid,1,0.65,0.35
5대 은행 가계대출 7276억 감소…정책대출 제외 1087억 급증,정책대출을 제외한 5대 은행 가계대출 잔액은 8월 말 651조7709억원에서 이달 3일 651조8796억원으로 1087억원 늘었다. 이달 초 보금자리론 일부가 주택금융공사 계정으로 이전되면서 전체 가계대출 잔액이...,https://www.cstimes.com/news/articleView.html?idxno=719569,3,0.4575,0,drop,candidate_hybrid_gray_drop_score_lt_threshold,3,0.4575,은행,,,candidate_hybrid,1,0.65,0.35
소상공인 이익률 2분기 연속 하락…연체도 증가,"은행권 연체금액은 2조7천억원, 비은행권은 12조5천억원이었다. 개인사업자 대출 연체금액은 지난해 4분기 4.1% 감소하며 집계가 시작된 2023년 3분기 이후 9분기 만에 처음 감소했지만, 올해 1분기 12.6% 증가한 데...",https://www.youthdaily.co.kr/news/article.html?no=226590,5,0.5047,0,drop,candidate_hybrid_gray_drop_score_lt_threshold,5,0.5047,은행권,대출,,candidate_hybrid,1,0.65,0.35
가장이 연체하면 가족도 위험…가구원 연체율 10배로 뛰었다,가구주의 연체가 발생하기 전부터 다른 가족의 신용점수도 함께 떨어지는 모습이 나타나 가계부채의 신용위험이 개인을 넘어 가구 안에서 함께 높아질 수 있는 것으로 분석됐다. 한국은행 장훈 금융통화연구실 과장...,https://www.datasom.co.kr/news/articleView.html?idxno=209826,12,0.6578,1,keep,candidate_hybrid_keep_strong_domain_rule_anchor,12,0.6578,한국은행;연체율;가계부채,,,candidate_hybrid,1,0.65,0.35
3.7조 넥슨 주식 매각 실패…국방비 집행 멈추고 방산대금 연체 사태까...,"참고로 `25년 12월 말 한국은행 내 정부 국고 계좌의 자금부족으로 인해, 국방부 및 방위사업청 소관의 급식･피복비, 군수유지비 및 전력운영비 등 필수 예산 1조3038억원을 제때 집행하지 못했고 당해 연도 내 출납을...",https://www.sejungilbo.com/news/articleView.html?idxno=59986,8,0.6209,1,keep,candidate_hybrid_keep_strong_domain_rule_anchor,8,0.6209,한국은행,연체;주식,,candidate_hybrid,1,0.65,0.35
주담대 연체 120% 폭증… 은행권 부실 위험 '경고등',지방은행 일부는 '급증'… 전북은행 연체율 5배 일부 지방은행에서는 단기간에 연체가 폭증하는 이상징후도 나타났다. 전북은행의 주택담보대출 연체율은 작년 말 0.19%에서 올해 6월 말 0.95%로 6개월 만에 5배로...,https://www.dailysportshankook.co.kr/news/articleView.html?idxno=433319,12,0.7212,1,keep,candidate_hybrid_keep_strong_domain_rule_anchor,12,0.7212,은행권;연체율,연체;부실,,candidate_hybrid,1,0.65,0.35
주담대 21% 늘 때 연체 120% 폭증⋯'빚의 균열' 시작됐다,이투데이=김이현 기자 | 은행권 주담대 연체 2조2000억원⋯3년 반 새 두 배로 은행권 주택담보대출의 부실 속도가 대출 증가 속도를 압도하고 있다. 최근 3년 반 동안 주담대 잔액이 21% 늘어난 사이 연체채권은...,https://www.etoday.co.kr/news/view/2622857,9,0.5677,1,keep,candidate_hybrid_keep_strong_domain_rule_anchor,9,0.5677,은행권,대출;연체;부실,,candidate_hybrid,1,0.65,0.35
"소상공인, 빛 좋은 개살구?…매출 늘고도 이익률 감소","이중 은행 대출은 433조 6000억원, 비은행권 대출은 302조 2000억원이다. 개인사업자 대출 연체는 2분기 15조 2000억원으로 전분기(14조 6000억원)보다 4.3% 늘었다. 은행권 대출이 2조 7000억원, 비은행권이 12조...",https://www.koreareport.co.kr/news/articleView.html?idxno=52706,8,0.4821,1,keep,candidate_hybrid_keep_strong_domain_rule_anchor,8,0.4821,은행;은행권,대출,,candidate_hybrid,1,0.65,0.35
'영끌' 한계 다다랐다…은행 주담대 연체 2년 반 만에 120% 급증,"농협은행 연체 잔액은 2022년 말 1346억1000만원, 2023년 말 2417억6000만원, 2024년 말 3822억2000만원, 작년 말 4434억3000만원으로 매년 확대됐다. 이어 KB국민은행(3680억2000만원), 우리은행(3419억6000만원), 하나은행...",https://www.newsquest.co.kr/news/articleView.html?idxno=300433,5,0.4427,0,drop,candidate_hybrid_gray_drop_score_lt_threshold,5,0.4427,은행,연체,,candidate_hybrid,1,0.65,0.35
주담대 연체 3년 반 만에 2.2배 증가…농협은행 5천억 넘겨,박성훈 국민의힘 의원이 금융감독원에서 제출받은 자료에 따르면 한 달 넘게 원리금이 연체된 국내 은행 주담대 채권은 2022년 말 1조원에서 지난 6월 말 2조2천억원으로 3년 반 만에 2.2배 증가했습니다. 은행별로...,https://biz.sbs.co.kr/article_hub/20000333314?division=NAVER,11,0.5756,1,keep,candidate_hybrid_keep_strong_domain_rule_anchor,11,0.5756,금융감독원;은행,연체,,candidate_hybrid,1,0.65,0.35
"속으로 곪는 자영업자…매출 ‘찔끔’, 비용 ‘껑충’","은행권 연체액은 2조7000억원, 비은행권은 12조5000억원으로 집계됐다. 개인사업자 대출 연체액은 지난해 4분기 4.1% 감소하며 2023년 3분기 집계 이후 9분기 만에 처음 감소했다. 그러나 올해 1분기 12.6% 증가한 데...",https://www.dt.co.kr/article/12082629?ref=naver,5,0.4984,0,drop,candidate_hybrid_gray_drop_score_lt_threshold,5,0.4984,은행권,대출,,candidate_hybrid,1,0.65,0.35
"""떼인 돈 받아드립니다""는 옛말…떼이기 전부터 지켜주는 이 기업","상환 일정 관리, 연체 알림, 증빙자료 정리, 법률 전문가 연계까지 하나의 흐름으로 이어진다. 문 대표는... 머니가드는 은행권과의 협업을 확대 중이다. OK저축은행 앱에 차용증 서비스를 공급했고 우리은행과는 이체...",https://www.mt.co.kr/future/2026/09/08/2026082616510998351,6,0.5714,1,keep,candidate_hybrid_gray_keep_domain_score_ge_threshold,6,0.5714,저축은행,연체,,candidate_hybrid,1,0.65,0.35
'영끌족' 버티기 한계?…주담대 연체 3년 반 만에 2.2배로,컨슈머타임스=김동역 기자 |  국내 은행권 주택담보대출 연체가 눈덩이처럼 쌓이고 있다. 주택담보대출 잔액보다 연체 증가 속도가 훨씬 더 빠른 점이 눈에 띈다. 대출 금리 상승과 맞물려 '영끌'(영혼까지...,https://www.cstimes.com/news/articleView.html?idxno=719748,8,0.5708,1,keep,candidate_hybrid_keep_strong_domain_rule_anchor,8,0.5708,은행권,금리;대출;연체,,candidate_hybrid,1,0.65,0.35
[연합뉴스 이 시각 헤드라인] - 07:30,전문보기: https://www.yna.co.kr/view/AKR20260908005700001 ■ '영끌족' 버티기 한계?…주담대 연체 3년반 만에 2.2배로 국내 은행권 주택담보대출 연체가 눈덩이처럼 쌓이고 있다. 주택담보대출 잔액보다 연체 증가...,https://www.yna.co.kr/view/AKR20260908010500011?input=1195m,6,0.6484,1,keep,candidate_hybrid_gray_keep_domain_score_ge_threshold,6,0.6484,은행권,연체,,candidate_hybrid,1,0.65,0.35
‘영끌족’ 상환 부담 커지나…주담대 연체 3년 반 새 2.2배 ‘폭발’,"올해 6월 말 농협은행의 연체 잔액은 5천117억3천만원으로, KB국민은행 3천680억2천만원과 우리은행 3천419억6천만원, 하나은행 3천26억6천만원, 신한은행 2천168억8천만원보다 많았다. 특히 농협은행은 2022년 말...",https://www.kyeonggi.com/article/20260908580003,2,0.3935,0,drop,candidate_hybrid_gray_drop_score_lt_threshold,2,0.3935,,연체,,candidate_hybrid,1,0.65,0.35
"""대출 잔액보다 속도 빠르다""…주담대 연체 '눈덩이'",NH농협 5000억 넘기며 최고치…지방 은행 연체율 경고등 은행별로 보면 올해 6월 말 주택담보대출 연체 잔액이 가장 많은 곳은 NH농협은행으로 5117억3000만원에 달했다. 이어 KB국민은행(3680억2000만원)...,https://www.jnilbo.com/news/articleView.html?idxno=90000063308,10,0.4121,1,keep,candidate_hybrid_keep_strong_domain_rule_anchor,10,0.4121,은행;연체율,대출;연체,,candidate_hybrid,1,0.65,0.35
"“영끌족, 더이상 못 버티겠다”…주담대 연체 ‘눈덩이’, 3년반만에 ...",국내 은행권 주택담보대출 연체가 눈덩이처럼 쌓이고 있는 것으로 나타났다. 국회 정무위원회 소속 국민의힘 박성훈 의원이 8일 금융감독원에서 제출받은 자료에 따르면 국내은행의 주택담보대출 채권은...,https://www.mk.co.kr/article/12146600,12,0.6451,1,keep,candidate_hybrid_keep_strong_domain_rule_anchor,12,0.6451,금융감독원;은행권,연체,,candidate_hybrid,1,0.65,0.35
대출 21% 늘 때 연체 120% 급증…무너지는 '영끌' 집주인들,은행별로는 NH농협은행의 연체 규모가 두드러졌다. 올해 6월 말 주택담보대출 연체 잔액은 5117억3000만원으로 은행권에서 가장 많았다. 2022년 말 1346억1000만원과 비교하면 3년 반 만에 약 4배로 불어난 규모다....,https://www.hankyung.com/article/202609089917H,2,0.4282,0,drop,candidate_hybrid_gray_drop_score_lt_threshold,2,0.4282,,대출;연체,,candidate_hybrid,1,0.65,0.35
은행 주담대 연체 3년반 새 2.2배…농협은행 5천억 넘어서,◆ 지방은행 연체율 급등…전북은행 0.95% 일부 지방은행에서는 연체율이 짧은 기간에 급격히 높아지는 모습도 나타났다. 전북은행의 주택담보대출 연체율은 지난해 말 0.19%에서 올해 6월 말 0.95%로 상승했다....,https://www.econovill.com/news/articleView.html?idxno=750114,9,0.5918,1,keep,candidate_hybrid_keep_strong_domain_rule_anchor,9,0.5918,은행;연체율,연체,,candidate_hybrid,1,0.65,0.35
영끌족 한계왔나…주담대 연체 3년반 만에 2.2배,전북은행 주담대 연체율은 작년 말 0.19%에서 올해 6월 말 0.95%로 불과 6개월 만에 5배로 뛰었다. 은행권에서 가장 높은 수준의 연체율이다. 연체 잔액 역시 같은 기간 52억6000만원에서 328억1000만원으로...,https://www.kmib.co.kr/article/view.asp?arcid=9000010049&cp=nv,2,0.4717,0,drop,candidate_hybrid_gray_drop_score_lt_threshold,2,0.4717,,연체,,candidate_hybrid,1,0.65,0.35
"은행권, 주담대 21% 늘 때 연체는 120% 급증","특히 농협은행 연체 잔액은 2022년 말 1346억1000만원에서 2023년 말 2417억6000만원, 2024년 말 3822억2000만원, 지난해 말 4434억3000만원으로 매년 증가했다. 올해 들어서는 처음으로 5000억원을 넘어섰다. 일부...",https://www.straightnews.co.kr/news/articleView.html?idxno=310615,6,0.4472,1,keep,candidate_hybrid_gray_keep_domain_score_ge_threshold,6,0.4472,은행권,연체,,candidate_hybrid,1,0.65,0.35
주담대 연체 3년반 만에 2.2배로...'영끌족' 차주 부실 확대,"이 중 농협은행의 경우 연체 잔액이 2022년 말 1천346억1천만원, 2023년 말 2천417억6천만원, 2024년 말 3천822억2천만원, 작년 말 4천434억3천만원 등으로 매년 늘었고, 올해 들어 처음 5천억원을 넘어섰다. 박성훈 의원은...",https://www.slist.kr/news/articleView.html?idxno=764342,2,0.5692,0,drop,candidate_hybrid_gray_drop_score_lt_threshold,2,0.5692,,연체;부실,,candidate_hybrid,1,0.65,0.35
“주담대 21% 늘 때 연체는 120% 급증…‘영끌’ 부실 경고등”,전북은행 연체율 0.95%…6개월 만에 5배 일부 지방은행에서는 단기간에 연체율이 급등하는 모습도 나타났다. 전북은행의 주택담보대출 연체율은 지난해 말 0.19%에서 올해 6월 말 0.95%로 불과 6개월 만에 5배로...,https://www.joongang.co.kr/article/25459971,6,0.7037,1,keep,candidate_hybrid_model_keep_prob_ge_threshold_with_domain_anchor,6,0.7037,연체율,부실,,candidate_hybrid,1,0.65,0.35
“이자 더는 못 버텨”…‘영끌족’ 주담대 연체 3년반 만에 2.2배 폭증,농협은행 연체 잔액은 2022년 말 1346억1000만원에서 해마다 늘어 올해 처음으로 5000억원을 돌파했다. 일부 지방은행에서는 단기 연체율 급등 현상도 두드러졌다. 전북은행의 주택담보대출 연체율은 작년 말 0.19...,https://www.dt.co.kr/article/12082621?ref=naver,6,0.4767,1,keep,candidate_hybrid_gray_keep_domain_score_ge_threshold,6,0.4767,연체율,연체,,candidate_hybrid,1,0.65,0.35
주담대 연체 3년반 만에 2.2배로 급증,"국내 은행권 주택담보대출 연체가 눈덩이처럼 쌓이고 있습니다. 오늘(8일) 국회 정무위원회 소속 국민의힘 박성훈 의원이 금융감독원에서 제출받은 자료에 따르면, 국내 은행의 주택담보대출 채권은 2022년 말...",http://mbnmoney.mbn.co.kr/news/view?news_no=MM1005917547,12,0.6855,1,keep,candidate_hybrid_keep_strong_domain_rule_anchor,12,0.6855,금융감독원;은행권,연체,,candidate_hybrid,1,0.65,0.35
'영끌족' 버티기 한계?…주담대 연체 3년반 만에 2.2배로,"경남은행 연체율도 2022년 말 0.14%에서 올해 6월 말 0.41%로 높아졌고, Sh수협은행은 0.17%에서 0.45%로 상승했습니다. 반면, 신한은행 주택담보대출 연체율은 올해 6월 말 0.19%로 2022년 말보다 0.08%포인트(p) 상승하는 데...",https://news.sbs.co.kr/news/endPage.do?news_id=N1008742037&plink=ORI&cooper=NAVER,2,0.4896,0,drop,candidate_hybrid_gray_drop_score_lt_threshold,2,0.4896,,연체,,candidate_hybrid,1,0.65,0.35
"한은 ""금리 1%p 오르면 '영끌' 가구 연체 확률 0.81%p 상승""",금리가 1%포인트 오를 경우 '영끌' 가구의 연체 확률이 0.81%포인트 오른다는 한국은행 분석이 나왔다. 7일 한은은 '가구 DB를 이용한 가계부채 리스크 평가'에서 주택 구입시 소득 대비 원리금 상환 부담 증가폭이 가장 큰...,https://www.pressian.com/pages/articles/2026090805144383688?utm_source=naver&utm_medium=search,16,0.7068,1,keep,candidate_hybrid_keep_strong_domain_rule_anchor,16,0.7068,한국은행;한은;가계부채,금리;연체,,candidate_hybrid,1,0.65,0.35
"""못 갚는 사람, 안 갚는 사람 가려내야…취약 채무자는 보호합니다""[만...","신용정보협회는 개인과 기업의 신용도를 평가하는 신용조회회사(CB사), 연체채권을 은행 등 금융회사로부터 위탁받아 관리하는 채권추심회사, 개인의 금융정보를 한곳에 모아 제공하는 마이데이터 사업자 등을 회원사로 둔...",https://www.edaily.co.kr/News/Read?newsId=04182006645577824&mediaCodeNo=257&utm_source=naver&utm_medium=referral&utm_campaign=news_syndication&utm_content=original_article,8,0.6024,1,keep,candidate_hybrid_keep_strong_domain_rule_anchor,8,0.6024,은행;채권추심,,,candidate_hybrid,1,0.65,0.35
"BNK경남은행, 햇살론 대출 이자 페이백 이벤트 실시",지원 요건은 휴대폰 메시지 마케팅 수신에 동의하고 오는 11월 말 페이백 지급 당일에 BNK경남은행 거래와 관련해 연체가 없어야 한다. 페이백 이벤트에 대한 자세한 내용은 BNK경남은행 모바일뱅킹과 홈페이지를 통해...,https://www.gnnews.co.kr/news/articleView.html?idxno=644952,1,0.2173,0,drop,candidate_hybrid_model_drop_prob_le_threshold,1,0.2173,,대출,,candidate_hybrid,1,0.65,0.35
영끌했다 금리 오르면…가족까지 연체 위험 '흔들',"특히 이런 영끌이 가족 구성원의 연체 가능성도 높이는 것으로 조사됐습니다. 이광호 기자, 한국은행의 분석이죠. 어떤 결과가 나온 겁니까? [기자] 네, 한은은 주택 구입 시 소득 대비 원리금 상환 부담 증가폭이 가장...",https://biz.sbs.co.kr/article_hub/20000333236?division=NAVER,8,0.6061,1,keep,candidate_hybrid_keep_strong_domain_rule_anchor,8,0.6061,한국은행,금리;연체,,candidate_hybrid,1,0.65,0.35
빚에 생활비까지 묶일라…5대銀 생계비계좌 20만좌 넘어,아시아투데이 박서아 기자 = 대출 이자 부담과 장기연체가 이어지는 가운데 통장이 압류되더라도 최소한의 생활비를 보전할 수 있는 생계비계좌를 찾는 사람이 늘고 있다. 5대 은행의 생계비계좌는 제도 도입 이후...,https://www.asiatoday.co.kr/kn/view.php?key=20260907010002658,1,0.4786,0,drop,candidate_hybrid_gray_drop_score_lt_threshold,1,0.4786,,대출,,candidate_hybrid,1,0.65,0.35
"신한은행, 서초구·서울신보와 양재 'AI·ICT 유니콘' 떡잎 키운다",지자체(서초구)가 우수 기업을 1차로 필터링하고 서울신용보증재단이 신용보강을 제공하는 3각 공조 체계는 은행 입장에서 부실 연체 위험을 철저히 차단하면서도 모험자본 공급 실적을 안전하게 쌓을 수 있는 고효율...,http://www.biztribune.co.kr/news/articleView.html?idxno=358567,7,0.3232,0,drop,candidate_hybrid_model_drop_prob_le_threshold,7,0.3232,은행,연체;부실,,candidate_hybrid,1,0.65,0.35
빚내서 집 샀다가 '금리' 오르면…연체 위험 '가족'까지 확산,금리가 1%포인트 오를 경우 이들 가구 연체비율은 12개월 뒤 0.81%포인트 높아지는 것으로 추정됐다. 7일 한국은행은 BOK 이슈노트 '가구DB를 이용한 가계부채 리스크 평가'를 통해 이같이 밝혔다. 이번 연구는 기존 개인...,https://sports.hankooki.com/news/articleView.html?idxno=6939235,11,0.6378,1,keep,candidate_hybrid_keep_strong_domain_rule_anchor,11,0.6378,한국은행;가계부채,금리;연체,,candidate_hybrid,1,0.65,0.35
"한은, 206만 가구 분석해보니…“대출 많을수록 금리 충격 취약”",금리가 1%포인트 오르면 대출을 많이 받은 가구는 연체확률이 0.81%포인트 오르는 것으로 나타났다. 한국은행은 7일 ‘BOK이슈노트 : 가구 DB를 이용한 가계부채 리스크 평가’를 통해 금리에 따른 가계부채 변화를...,https://www.news2day.co.kr/article/20260907500157,15,0.6871,1,keep,candidate_hybrid_keep_strong_domain_rule_anchor,15,0.6871,한국은행;한은;가계부채,금리;대출,,candidate_hybrid,1,0.65,0.35
"진성원 우리카드 대표, 불법사금융 예방 위한 포용금융 행보","김문석 SBI저축은행 대표의 지목을 받아 참여한 진 대표는 남기천 우리투자증권 대표와 성영수 하나카드... 취약차주에 대한 연체채권 감면 폭을 확대하는 한편, 장기 연체 고객에게는 저금리 대환대출 상품인 '상생론'을...",https://www.lcnews.co.kr/news/articleView.html?idxno=207880,14,0.5942,1,keep,candidate_hybrid_keep_strong_domain_rule_anchor,14,0.5942,저축은행;불법사금융,연체,,candidate_hybrid,1,0.65,0.35
"한은 ""대출 많이 받은 가구, 금리 충격 취약""",한국은행은 오늘(7일) 가계부채 리스크 평가를 통해 이같이 진단했습니다. 한은은 고차입 주택 취득 가구의 금리 상승에 따른 연체 위험과 가구원 간 신용위험 전이 가능성에 유의해야 한다고 강조했습니다. [ / ],http://mbnmoney.mbn.co.kr/news/view?news_no=MM1005917045,17,0.6295,1,keep,candidate_hybrid_keep_strong_domain_rule_anchor,17,0.6295,한국은행;한은;가계부채,금리;대출;연체,,candidate_hybrid,1,0.65,0.35
"치열해진 인터넷은행 2위 경쟁, 성장세 토스뱅크 vs 이자이익 개선 케이...","같은 기간 연체율은 1.20%에서 1.05%, 고정이하여신비율은 0.98%에서 0.91%로 낮아졌다. 전체 여신에서 보증부 대출 잔액이 차지하는 비중도 29.0%에서 39.5%로 상승했다. 국제결제은행(BIS) 자기자본비율은 16.35%에서 16.64...",https://www.womaneconomy.co.kr/news/articleView.html?idxno=258404,5,0.3395,0,drop,candidate_hybrid_model_drop_prob_le_threshold,5,0.3395,인터넷은행,대출,,candidate_hybrid,1,0.65,0.35
[MD포커스] 장민영 기업은행장 취임 200일…800억대 금융사고 내부통제...,"기업은행의 올해 상반기 연결 기준 당기순이익은 1조4429억원으로 전년 동기 대비 4.4% 감소했다. 2분기 순이익도 6895억원으로 전년 동기보다 0.7% 줄었다. 반면 6월 말 기준 고정이하여신비율은 1.27%, 연체율은 0.94...",https://www.mydaily.co.kr/page/view/2026090714020562638,5,0.6004,0,drop,candidate_hybrid_gray_drop_score_lt_threshold,5,0.6004,기업은행,,,candidate_hybrid,1,0.65,0.35
'영끌' 후폭풍 가족까지 덮칠 수도…연체 위험 1.9배,"금리가 오를 때 연체 위험이 커지는 것은 물론 신용위험이 가족에게 확산될 가능성도 높다는 분석이다. 7일 한국은행이 발표한 '가구 데이터베이스(DB)를 이용한 가계부채 리스크 평가'에 따르면, '고차입 주택 취득...",https://www.sisajournal.com/news/articleView.html?idxno=386260,10,0.6905,1,keep,candidate_hybrid_keep_strong_domain_rule_anchor,10,0.6905,한국은행;가계부채,연체,,candidate_hybrid,1,0.65,0.35
"'벼랑 끝' 소상공인…민·관, '경제활동 복귀' 돕는다",은행 등 민간 금융권에서도 소상공인의 상환 부담이 연체로 이어지지 않도록 채무 부담을 완화한다. 국내 주요 은행들은 올 상반기부터 상생금융 확대 차원에서 정책·서민금융 상품을 성실상환 중인 차주들이 이자...,http://www.metroseoul.co.kr/article/20260907500330,3,0.3972,0,drop,candidate_hybrid_gray_drop_score_lt_threshold,3,0.3972,은행,,,candidate_hybrid,1,0.65,0.35
[칼럼] 대출 11조원이 포용금융? 은행들의 '숫자 장사',"신한카드, KB국민은행, 하나은행, IBK기업은행, 우리카드 등 금융권이 '약탈금융' 논란을 불러온 상록수를 통해 최근까지도 장기 연체채권을 보유하며 추심을 이어오다 보도가 나가자 모두 아무일 없었다는 듯이...",https://www.autodaily.co.kr/news/articleView.html?idxno=600229,6,0.355,1,keep,candidate_hybrid_gray_keep_domain_score_ge_threshold,6,0.355,기업은행,대출,,candidate_hybrid,1,0.65,0.35
"[인터뷰] 한국신용정보원, 금융권 AI 문턱을 낮추는 법","5대 금융지주를 비롯해 보험사, 증권사, 저축은행, 핀테크 기업 등 160여개 기관이 이용 중이다. 특히... 양자 기계학습을 기반으로 대출·연체 모델을 개발하고 모델 학습과 성능 평가를 진행했다. 교육 분야에서도...",https://byline.network/?p=9004111222618364,13,0.5814,1,keep,candidate_hybrid_keep_strong_domain_rule_anchor,13,0.5814,저축은행;증권사;보험사,대출;연체,,candidate_hybrid,1,0.65,0.35
한 명 무너지면 가족도 흔들린다…영끌가구 연체 전이 확률 8.8%,가계부채 문제가 한 사람의 연체를 넘어 '가족의 신용위험→소비 위축'으로 이어질 수 있다는 얘기다. 한국은행은 이에 따라 가계부채 정책도 개인 차주의 소득과 부채만 보는 방식에서 벗어날 필요가 있다고 지적했다....,https://www.peoplewatch.co.kr/article/view/ppw202609070008,10,0.7034,1,keep,candidate_hybrid_keep_strong_domain_rule_anchor,10,0.7034,한국은행;가계부채,연체,,candidate_hybrid,1,0.65,0.35
"[돈의 방향을 바꿔라…생산·포용금융 로드맵] <5> NH농협금융 ""1200개 지...",범농협 차원에서는 올해 총 9276억원 규모의 장기연체채권 소각·감면과 추심중단을 추진한다. NH농협은행은 전국 지역신용보증재단에 100억원을 특별출연해 마을기업 등 지역 기반 기업에 1500억원 규모의 맞춤형...,http://www.metroseoul.co.kr/article/20260907500202,0,0.273,0,drop,candidate_hybrid_model_drop_prob_le_threshold,0,0.273,,,,candidate_hybrid,1,0.65,0.35
"한은 ""차입 많은 가구, 높은 금리 상승에 취약""","한국은행은 금리 상승으로 고차입 주택취득가구의 연체위험과 가구원 사이의 신용위험 전이 가능성, 저소득 가구의 높은 채무상환부담 등에 유의해야 한다고 덧붙였습니다.",https://www.ytn.co.kr/_ln/0102_202609071302224340,11,0.5772,1,keep,candidate_hybrid_keep_strong_domain_rule_anchor,11,0.5772,한국은행;한은,금리,,candidate_hybrid,1,0.65,0.35
빚내 산 집의 대가…금리 오르면 '가족 연체'로 번진다,이들 가구에서 한 명이 연체하면 다른 가구원까지 연체할 가능성도 기존 주택 보유 가구의 두 배에 육박했다. 한국은행 경제연구원 장훈 과장·이인로 실장 등 연구진은 7일 공개한 BOK 이슈노트 '가구DB를 이용한...,https://www.ebn.co.kr/news/articleView.html?idxno=1723226,8,0.6578,1,keep,candidate_hybrid_keep_strong_domain_rule_anchor,8,0.6578,한국은행,금리;연체,,candidate_hybrid,1,0.65,0.35
(정책금융 1년 성적표)④수은 172조 '통 큰 계획'…돈의 행선지는 '깜깜...,"한국수출입은행은 향후 5년간 첨단산업과 대형 수주, 인공지능(AI)에 172조원을 지원하겠다는 대규모... 반면 연체율은 0.40%에서 0.54%로 상승했고 올해 5월에도 같은 수준을 유지했습니다. 투자손실률은...",http://www.newstomato.com/ReadNews.aspx?no=1312584&inflow=N,5,0.3807,0,drop,candidate_hybrid_gray_drop_score_lt_threshold,5,0.3807,정책금융,,,candidate_hybrid,1,0.65,0.35
[금융家] IBK기업은행 ④ㅣ 수원시 3.9조 금고 맡고 청년·취약계층 지원...,"● 2026-08-25 IBK기업은행, 연말까지 장기 연체채권 1,200억원 소각…취약계층 지원 IBK기업은행이 장기 연체로 어려움을 겪는 취약계층을 지원하기 위해 연말까지 총 1200억원 규모의 장기 연체 채권을 소각할 계획이다....",https://www.cbci.co.kr/news/articleView.html?idxno=604450,8,0.7191,1,keep,candidate_hybrid_keep_strong_domain_rule_anchor,8,0.7191,기업은행,연체;금융,,candidate_hybrid,1,0.65,0.35
"[DQN] 이호성號 하나은행, 외환 RWA 48%↓ ‘성과’···기업 건전성 ‘...","이호성 행장이 이끄는 하나은행이 외환 관련 위험을 줄이며 시장리스크 위험가중자산(RWA)을 2년 연속... 기업대출 연체율도 0.46%에서 0.50% 수준으로 높아졌다. 반면 가계 NPL은 10.87% 감소, 가계 NPL비율도 0.04%p...",https://www.fntimes.com/html/view.php?ud=20260906215204486b4a7c6999c_18,6,0.4006,0,drop,candidate_hybrid_gray_drop_no_domain_anchor,6,0.4006,npl,건전성,,candidate_hybrid,1,0.65,0.35
"NH저축은행, 지주계 저축은행 중 유독 가파른 추락…""자본 지원 없이 버...","올해 1분기 신한·우리금융저축은행은 흑자를 지켜낸 반면, KB·하나저축은행은 부동산 금융 연체 여파로 적자를 냈다. KB저축은행은 111억원, 하나저축은행은 69억5000만원의 당기순손실을 각각 기록했는데, 두 회사...",https://www.greened.kr/news/articleView.html?idxno=349356,7,0.7495,1,keep,candidate_hybrid_model_keep_prob_ge_threshold_with_domain_anchor,7,0.7495,저축은행,연체;금융,,candidate_hybrid,1,0.65,0.35
"기업들, 사회문제 연구-봉사활동-자립준비청년 지원-캠페인 동참 사회공...","고정비를 연체하는 현상을 발굴했다. 이를 단순한 금융지식이나 소비 습관의 문제가 아니라, 보호 종료... 김문석 SBI저축은행 대표이사의 지목을 받은 진성원 우리카드 대표이사도 이 캠페인에 참여하며 '사람 살리는...",http://www.wsobi.com/news/articleView.html?idxno=317656,4,0.5515,0,drop,candidate_hybrid_gray_drop_score_lt_threshold,4,0.5515,저축은행,,,candidate_hybrid,1,0.65,0.35
HBM 수출 흑자에도 실물 경기 체감 온도는 왜 낮을까,한국은행이 발표한 국제수지 통계에 따르면 상품수지는 고성능 메모리 중심의 반도체 수출 호조에 힘입어... 대기업 직장인들이 밀집한 도심 상권을 벗어나면 공실률이 줄어들지 않고 자영업 대출 연체율은 상승세를...,https://www.gokorea.kr/news/articleView.html?idxno=877367,6,0.5447,1,keep,candidate_hybrid_gray_keep_domain_score_ge_threshold,6,0.5447,한국은행,대출,,candidate_hybrid,1,0.65,0.35
중소기업 추석 특별대출 43조 푼다 만기연장도 지원,시중은행이 대규모 긴급 수혈에 착수했다. 금융위원회와 중소벤처기업부는 국책은행과 시중은행... 신용등급이 다소 하락한 기업이라 하더라도 과거 연체 이력이 없거나 최근 6개월간 정상적으로 영업을 이어온 경우...,https://www.gokorea.kr/news/articleView.html?idxno=877333,18,0.5329,1,keep,candidate_hybrid_keep_strong_domain_rule_anchor,18,0.5329,금융위원회;금융위;시중은행,연체,,candidate_hybrid,1,0.65,0.35
