title,summary,url,score,prob,keep
'고금리 소액대출'로 덩치 키운 OK금융 … 계열사 간 리스크 전이 '경고...,해당 대출 상품의 평균 금리는 연 15.6% 수준이며 상단은 법정 최고 금리에 육박하는 19.99%다. 지난해 기존... 다른 주요 계열사 역시 대부업과 여신업을 기반으로 그룹 외형 확장에 화력을 보탰다. 부동산...,https://biz.newdaily.co.kr/site/data/html/2026/04/03/2026040300231.html,8,,1
"대부금융협회, ""불법사금융을 불법대부업으로 쓰지 마라""…금융소비자...",한국대부금융협회(회장 정성웅)가 '불법대부업'이 아닌 '불법사금융'이라는 법정 용어 정착에 나섰다. 이번... 법정 최고금리도 연 20%로 운영되고 있다. 협회가 강조하는 '정확한 명칭 사용'은 업권 이미지 방어를 넘어...,http://www.thevaluenews.co.kr/news/view.php?idx=197882,13,,1
"[불사금의 뿌리①] 명동서 빌린 200만원, 아이 손에 들려온 추심장","법이 생긴 뒤에야 비로소 등록하지 않은 거래를 '불법사금융'이라 명명할 수 있었다""면서도 ""단속만으로는 한계가 명확했다. 제도권 금융에서 밀려난 수요가 존재하는 한, 시장은 반드시 다른 얼굴을 하고 나타나기 때문...",https://www.ntoday.co.kr/news/articleView.html?idxno=126336,7,,1
"수원특례시의회, 불법사금융 광고 차단 조례 상임위 원안가결","특히 단속 중심의 대응을 넘어 피해 회복 지원과 예방교육까지 포함한 종합 대응체계를 마련했다는 점과, '불법사금융업'이라는 용어를 사용해 시민 오인을 줄이고 경각심을 높이고자 한 점이 특징이다. 해당 조례안이...",http://www.metroseoul.co.kr/article/20260402500724,7,,1
"대부협회 ""불법사금융을 '불법대부업'으로 표현하면 소송 대응""",기존 용어(미등록대부업자)가 합법업체와의 혼동을 초래하고 불법성을 희석시킨다는 사회적 지적에 따른 것으로 풀이된다. 다만 법 개정 이후에도 경찰서와 지방자치단체 등 일부 공공기관에서 불법대부업이라는 용어를...,https://weekly.hankooki.com/news/articleView.html?idxno=7158321,18,,1
"[퇴근길포인트] 한·프랑스, AI·양자 협력 확대…구윤철 ""세제·연금개...","◇대부협회 ""미등록 대출업자는 '불법사금융업'…오표기엔 법적 대응"" 한국대부금융협회가 미등록 대출업자를 두고 '불법 대부업'이라는 표현을 쓰는 사례에 대해 법적 대응에 나서겠다고 밝혔다. 법에서 정한 명칭은...",https://www.pointdaily.co.kr/news/articleView.html?idxno=299688,13,,1
"""불법대부업 아닌 불법사금융"" … 대부협회, 용어 오사용에 법적 대응",기존 '미등록대부업자'라는 표현이 합법 업체와 혼동을 유발하고 불법성을 희석시킨다는 지적에 따라 법률상 용어가 정비된 것이다. 그러나 법 개정 이후에도 경찰서와 지방자치단체 등 일부 공공기관에서...,https://biz.newdaily.co.kr/site/data/html/2026/04/03/2026040300230.html,18,,1
대부업계 이미지를 지키기 위한 법적 대응 강화…용어 혼란 바로잡는다,"협회는 지난해 7월 개정된 대부업법에 따라, 정부에 미등록된 대출업자는 '불법사금융업자'로 정리되었다고 설명했다. 그러나 몇몇 경찰서와 지방자치단체가 여전히 잘못된 용어를 사용하며 오해를 불러일으키고 있다고...",https://www.gokorea.kr/news/articleView.html?idxno=862539,19,,1
"'불법 대부업' 오사용 확산…대부협회 ""업권 이미지 훼손, 법적 대응'","기존 용어(미등록대부업자)가 합법업체와의 혼동을 초래하고 불법성을 희석시킨다는 사회적 지적에 따라, 금융당국은 불법사금융의 위험성을 강조하고 소비자의 역선택을 막기 위해 법률상 용어를 정비했다. 협회는 ""법...",https://www.dailian.co.kr/news/view/1629439/?sc=Naver,18,,1
"""불법대부업 아닌 불법사금융""…대부협회, 용어 오사용 적극대응","기존 용어(미등록대부업자)가 합법업체와의 혼동을 초래하고 불법성을 희석시킨다는 사회적 지적에 따라, 금융당국은 불법사금융의 위험성을 강조하고 소비자의 역선택을 막기 위해 법률상 용어를 정비했다. 하지만 법...",https://www.newsis.com/view/NISX20260403_0003577271,18,,1
"대부협회, '불법 대부업자' 용어 사용에 민·형사 소송 등 적극 대응",기존 용어(미등록 대부업자)가 합법 업체와의 혼동을 초래하고 불법성을 희석한다는 사회적 지적에 따라 금융당국은 불법사금융의 위험성을 강조하고 소비자의 역선택을 막기 위해 법률상 용어를 정비했다. 그러나 법...,https://www.mt.co.kr/finance/2026/04/03/2026040314582037436,12,,1
"'불법사금융'을 '불법대부업'으로 이미지 훼손…협회, 대응 나서",실제로 지난해 일부 기관에서 불법사금융업자를 불법 대부업 또는 미등록 대부업으로 표현한 자료를 배포해 언론에 약 730건의 잘못된 명칭이 보도되기도 했다. 이에 협회는 불법대부업이라는 잘못된 명칭 사용 문제를...,https://www.news1.kr/finance/general-finance/6124776,12,,1
대부협회 “불법대부업 오사용 시 소송할 것”,"지난해 7월 개정된 대부업법에서 정부에 미등록된 채 대출업을 하는 업자를 ‘불법사금융업자’로 정의해 법률상 용어를 정비했는데도, 일부 경찰서·지방자치단체 등에서 잘못된 표현을 사용하고 있다는 지적이다....",https://www.seoul.co.kr/news/economy/finance/2026/04/03/20260403500227?wlog_tag3=naver,19,,1
"""우리가 왜 불법인가""…대부업계, '불법대부업' 용어 오사용 대응",법적으로 등록된 대부업체와 달리 미등록 상태로 고금리 채무 추심을 일삼는 이들은 불법사금융업자로 분류된다. 하지만 경찰서나 지방자치단체 등 공공기관조차 '불법 대부업'이라는 용어를 무분별하게 사용하면서...,https://www.shinailbo.co.kr/news/articleView.html?idxno=5007776,13,,1
"대부협회 ""'불법대부업'이 아니라 '불법사금융업'…잘못된 표현엔 소송...","협회는 지난해 7월 개정된 대부업법에서 정부에 미등록된 채 대출업을 하는 업자를 '불법사금융업자'로 정의하며 법률상 용어를 정비했음에도, 일부 경찰서·지방자치단체 등에서도 잘못된 표현을 사용한다고...",https://biz.sbs.co.kr/article_hub/20000301953?division=NAVER,19,,1
"'불법대부업' 대신 '불법사금융업'…대부협회, 용어 정비 요구","협회는 이날 보도자료를 통해 미등록 대출업자를 지칭하는 법률상 용어는 '불법사금융업자'임에도 불구하고, 이를 '불법 대부업'으로 잘못 표현하는 사례가 확산하고 있다고 지적했다. 이러한 용어 혼용이 합법적으로...",http://www.issuenbiz.com/news/articleView.html?idxno=75124,13,,1
"대부협회 ""불법대부업 오사용엔 소송""…'불법사금융업' 사용요청","협회는 지난해 7월 개정된 대부업법에서 정부에 미등록된 채 대출업을 하는 업자를 '불법사금융업자'로 정의하며 법률상 용어를 정비했음에도, 일부 경찰서·지방자치단체 등에서도 잘못된 표현을 사용한다고 지적했다....",https://www.yna.co.kr/view/AKR20260403098400002?input=1195m,19,,1
"대부업계 ""'불법대부업'은 틀린 표현… 바로잡아야""",지난해 7월 법 개정을 통해 기존 '미등록대부업자'라는 표현을 정비한 것도 불법성을 분명히 하고 소비자 혼선을 줄이기 위한 조치였다. 하지만 여전히 일부 공공기관에서 '불법대부업'이라는 용어를 사용하면서 혼선이...,https://it.chosun.com/news/articleView.html?idxno=2023092159803,11,,1
"대부금융협회, '불법대부업' 표현에 법적 대응",기존 '미등록대부업자'라는 용어가 불법성을 희석시키고 합법업체와 혼동을 초래한다는 지적을 반영한 조치다. 그럼에도 경찰서와 지방자치단체 등 일부 공공기관에서는 여전히 '불법대부업'이라는 표현을 사용하고 있어...,https://www.ebn.co.kr/news/articleView.html?idxno=1704387,12,,1
"""불법대부업 아닌 불법사금융""…대부협회, 용어 오사용에 법적 대응 예...",금융당국은 기존 용어(미등록대부업자)가 합법업체와의 혼동을 낳고 불법성을 희석시킨다는 사회적 지적에 따라 해당 용어를 정비했다. 그러나 여전히 경찰서와 지자체 등 일부 공공기관에서는 '불법대부업'이라는 잘못된...,http://www.paxetv.com/news/articleView.html?idxno=268302,18,,1
"징계 확정된 대출관리 태만…산업은행, 내부감사서 드러난 ‘여신 통제...",미등록 대부업 관련 기업에 정책금융이 집행되며 심사 부실과 내부통제 실패 논란이 국정감사에서 집중 제기됐다. 정상적인 리스크 필터가 작동했는지에 대한 의문은 여전히 해소되지 않았다. 직장 내 괴롭힘 조사...,http://www.lawissue.co.kr/view.php?ud=2026040309193781479817d053b9_12,12,,1
"불법대부업 아닌 불법사금융…대부협 ""틀린 용어 계속쓰면 형사소송""",협회에 따르면 금융당국은 기존 용어 '미등록대부업자'가 합법 업체와의 혼동을 초래하고 불법성을 희석한다는 사회적 지적에 따라 불법사금융의 위험성을 강조하고 소비자의 역선택을 막기 위해 법률상 용어를 정비했다....,https://view.asiae.co.kr/article/2026040308573358103,18,,1
"한국대부금융협회, ‘불법 대부업’이 아닌 ‘불법사금융’용어 요사용...","기존 용어(미등록대부업자)가 합법업체와의 혼동을 초래하고 불법성을 희석시킨다는 사회적 지적에 따라, 금융당국은 불법사금융의 위험성을 강조하고 소비자의 역선택을 막기 위해 법률상 용어를 정비했다. 그러나 법...",http://www.lawissue.co.kr/view.php?ud=2026040308511594199a8c8bf58f_12,18,,1
[다음주 한국은행 및 금융위·금감원 일정],(정부서울청사) ※중동상황 피해업종 관련 산업-금융권 간담회 개최(14:00) *4월 8일(수) ▲14:00 부위원장 증선위 정례회의(정부서울청사) ※가상자산 계좌를 통한 보이스피싱 예방을 위해 가상자산거래소의...,https://news.einfomax.co.kr/news/articleView.html?idxno=4407699,24,,1
글로벌 금융소비자 위험 확대…“디지털·부채·복잡성 3중 압력”,"보이스피싱 피해는 2024년 2만여건에서 2025년 2만3000건 이상으로 늘었고, 피해액도 1조원을 넘어서는 등 급증세를 보였다. 소비자 측면에서는 금융이해력 부족과 높은 부채가 핵심 리스크로 지목됐다. OECD 조사에서...",https://www.dailian.co.kr/news/view/1629540/?sc=Naver,1,,0
[제언] 소상공인 울리는 '구매사기' 막을 이체 취소권 절실,"일부 은행이나 지자체에서는 소상공인을 대상으로 보이스피싱 피해 보험을 무료로 가입해주는 경우가 있으니 확인해 보시길 권장한다. 형사 접수 후 범인의 계좌가 특정되면, 해당 계좌에 남아있는 잔액에 대해 '부당이득...",http://www.ccnnews.co.kr/news/articleView.html?idxno=406305,3,,1
"코레일유통, 직원 사칭·공문서 위조 보이스피싱 주의 당부",사진=코레일유통  코레일유통은 최근 자사를 사칭한 보이스피싱과 사기 시도가 늘어남에 따라 각별한 주의를... 현재까지 코레일유통에 접수된 피해 사례는 없으나 해당 사실을 인지한 즉시 전사에 주의를 당부하고...,http://www.bizwnews.com/news/articleView.html?idxno=132407,0,,0
"[박정훈 칼럼] “한국민 건들면 지구 끝 추적”, 북·중은 빼고",보이스 피싱이며 각종 범죄에 악용될 만한 민감 정보가 수두룩했다. 국민의 재산 피해는 물론 안전·생명마저 위협할 정보가 유출된 것이었으나 ‘지구 끝까지 추적’을 장담하던 정부 대응은 밋밋하기만 했다. 범인은...,https://www.chosun.com/opinion/column/2026/04/03/KJCHPEF7CRGX3MSTXMB3CM5FYE/?utm_source=naver&utm_medium=referral&utm_campaign=naver-news,0,,0
"경북농협, ‘소상공인 금융사기 예방’ 맞춤형 대응체계 구축","이번 협약은 지역 내 건전한 금융질서를 확립하고, 소상공인의 금융사기 피해를 예방하기 위한 협력 기반을 마련하기 위해 추진됐다. 최근 보이스피싱, 제3자 부당개입 등 불법금융 범죄 수법이 고도화되면서 디지털 금융...",https://tk.newdaily.co.kr/site/data/html/2026/04/03/2026040300330.html,1,,0
‘보복 대행 테러’ 총책 구속 송치…조직원 4명 검거,보이스피싱 피해금을 특정 계좌로 송금한 뒤 신고하면 해당 계좌가 즉시 지급 정지되는 제도를 악용한 이른바 ‘통장 협박’ 수법이다. 경찰은 보복 의뢰인들에 대해서도 교사 혐의를 적용해 처벌할 계획이다.,https://www.kyeonggi.com/article/20260403580380,0,,0
4살 아들 살해하려다 울음소리에 '멈칫'…친모 징역형 집유,그러나 대출받기 위해 성명불상자에게 제공한 계좌가 보이스피싱 범행에 이용되면서 A씨의 계좌가... 재판부는 “친모로서 피해자를 양육하고 보호할 책임이 있음에도 이 사건 범행을 저질러 죄책이 가볍지 않다”고...,https://www.kyeonggi.com/article/20260403580375,1,,0
인분·래커칠 '보복대행' 총책 구속송치…윗선·배경 추적(종합),보이스피싱 피해금을 송금한 뒤 신고하면 계좌가 지급정지되는 점을 이용한 일명 '통장 협박' 수법이다. 경찰은 보복을 의뢰한 이들에 대해서도 교사 혐의를 적용해 처벌할 방침이다.,https://www.yna.co.kr/view/AKR20260403020851004?input=1195m,0,,0
"코레일유통, 임직원 사칭 보이스피싱 주의 당부","코레일유통이 임직원을 사칭한 보이스피싱 시도와 관련해 주의를 당부했다고 3일 밝혔다. 코레일유통은 최근... 현재까지 접수된 피해 사례는 없으며, 코레일유통은 관련 사실을 인지한 즉시 내부 공지와 함께 유관기관 및...",http://www.lawissue.co.kr/view.php?ud=202604031938486303f4ab64559d_12,0,,0
4살 장애아들 살해하려다 “잘못됐구나”…120만원 생계비 묶은 피싱,"재판부는 “친모로서 피해자를 양육하고 보호할 책임이 있음에도 이 사건 범행을 저질러 죄책이 가볍지... 하지만 대출을 받으려다 제공한 계좌가 보이스피싱 범행에 이용되면서 계좌가 정지됐고, 이로 인해 지원금조차...",https://www.hani.co.kr/arti/area/yeongnam/1252592.html,1,,0
[이슈]4살 장애 아들 살해하려다 울음에 멈칫한 30대 엄마…법원 판단은...,A 씨는 지난해 12월 6일 오전 12시 55분쯤 아들인 피해자 B(4) 군의 목 부위를 졸라 살해하려 했으나 미수에... 대출을 받기 위해 성명불상자에게 제공한 계좌가 보이스피싱 범행에 이용되면서 계좌가 정지돼 지원금 등을...,https://www.munhwa.com/article/11579736?ref=naver,1,,0
"""보이스피싱인 줄 몰랐다"" 가담 혐의 피고인 2명 무죄",［중부매일 손수민 기자］ 보이스피싱 피해금을 전달한 혐의로 재판에 넘겨진 2명이 잇따라 무죄를 선고받았다. 청주지법 제22형사부는 전기통신금융사기피해방지및피해금환급에관한특별법위반 및 사기 혐의로 기소된 A...,https://www.jbnews.com/news/articleView.html?idxno=1501743,1,,0
"코레일유통, 물품 납품계약 빌미 금전 요구 '보이스피싱 범죄' 주의 당부","현재까지 코레일유통에 접수된 피해 사례는 없으나, 해당 사실을 인지한 즉시 전사에 주의를 당부하고... 현재 공지사항에서 확인되는 임직원 사칭 사기 발생 기관은 223개에 달하며, 의심 사례 접수가 증가되고 있어 피해...",http://www.sisacast.kr/news/articleView.html?idxno=94665,0,,0
[단독] 교묘해지는 보이스피싱…지웠는데 악성 앱 또 깔려,"이 같은 현상 뒤에 강수강발 수법을 활용한 피싱 피해가 여전하다는 분석이 나온다. 서울동부지방법원이 지난 17일 라오스 현지 보이스피싱 조직에 가담한 한국인 조직원에게 선고한 판결문에 따르면, 이 범죄 조직은...",https://www.hankyung.com/article/2026040377831,0,,0
"코레일유통 ""직원 사칭해 납품 선입금 요구""···신종 사기 '주의보'","가로채려는 보이스피싱(전기통신금융사기) 시도가 포착됐다며 각별한 주의를 당부했다. 3일 코레일유통에 따르면, 최근 사기범들은 조작된 회사 공문과 임직원 명함을 피해 업체에 제시하며 접근하는 수법을 쓰고 있다....",http://www.enewstoday.co.kr/news/articleView.html?idxno=2414946,1,,0
4살 장애子 살해하려다 '울음'에 멈칫…홀로 子키우던 30대母 집행유예,"그러나 대출 과정에서 제공한 계좌가 보이스피싱 범행에 이용되면서 계좌가 정지됐고, 이로 인해 지원금... 재판부는 ""친모로서 피해자를 양육하고 보호할 책임이 있음에도 이 사건 범행을 저질러 죄책이 가볍지 않다""고...",https://www.imaeil.com/page/view/2026040317255597707,1,,0
"4세 뇌병변 장애 아들 살해하려던 친모, 징역형 집유 선고","계좌가 보이스피싱 범행에 이용되었고 계좌가 정지되면서 지원금 등을 사용하지 못하게 됐다. 이후... 점, 피해자 신체에 특별한 손상이 없고 상당 기간 피해자와 분리 생활할 것으로 보이는 점 등을 종합했다""며 양형...",https://www.hankyung.com/article/2026040377287,0,,0
"코레일유통 ""직원 사칭·공문서 위조 사기 주의하세요""",코레일유통이 최근 자사를 사칭한 보이스피싱과 사기 시도가 늘어남에 따라 각별한 주의를 당부한다고 3일 밝혔다. 사기범들은 위조한 공문서와 임직원 명함을 내세워 업체에 접근했다. 이들은 허위 서류로 피해자의...,http://www.newsdream.kr/news/articleView.html?idxno=111142,0,,0
"동남아 피싱 조직 가담한 20대女, 왜 '무죄' 받았을까","이 앱은 피해자가 수사기관에 전화를 하면 강제로 보이스피싱 조직원 전화로 연결되고, 피싱 조직원이 피해자에게 전화를 걸면 특정 금융기관의 대표번호 등으로 표시되게끔 설계됐다. 이씨는 같은 해 5월 5일 라오스에...",http://www.edaily.co.kr/news/newspath.asp?newsid=04437846645412512,1,,0
"나주시, '떴다방' 근절… 고령층 대상 '찾아가는 소비자교육' 실시","교육은 고령 소비자가 실제로 겪기 쉬운 피해 사례를 중심으로 구성됐으며 떴다방의 전형적인 접근 방식과 판매 수법, 보이스피싱 등 금융사기 유형과 대응 요령, 건강기능식품 및 가정용 의료기기 허위·과장 광고 사례...",http://www.newsworker.co.kr/news/articleView.html?idxno=420441,1,,0
"[금융로드] 송파 취약 어르신, 금융사기 막고 복지까지 챙긴다…신한은...","어르신들이 보이스피싱, 메신저피싱 등 각종 금융사기에 취약해지고 있다는 문제의식에서 출발했다. 양 기관은 단순 안내나 홍보에 그치지 않고, 실제 피해를 줄이기 위한 예방 교육과 상담, 대응 체계까지 포함하는...",http://www.newsroad.co.kr/news/articleView.html?idxno=57283,6,,1
“동남아 고액 알바 연루 시 전략은”...10년 구형 뒤집은 피의자 대응...,-이번 사건의 경우 취업 사기 피해자가 어떻게 보이스피싱 관리자로 지목됐나. ▲피고인은 ‘고수익 번역 아르바이트’라는 말에 속아 현지에서 여권을 빼앗기고 감금당한 피해자다. 검찰이 기소한 유일한 근거는 'IP...,http://www.fnnews.com/news/202604031619216393,0,,0
"1억 보이스피싱 막은 ‘금고지기’ 눈썰미... 울릉경찰, 감사장 수여","울릉경찰서는 지난 2일 울릉 저동새마을금고를 방문해 보이스피싱 사기 피해를 예방한 이대정 차장에게 감사장과 부상을 수여했다고 3일 밝혔다. 이 차장은 앞서 지난 1월, 70대 지역 주민의 현금 1억 원을 가로채려던...",https://www.kbmaeil.com/article/20260403500216,4,,1
"4살 장애 아들 살해하려던 30대母, 울음소리에 “잘못됐다” 멈췄지만…",그러나 대출을 받기 위해 성명불상자에게 제공한 계좌가 보이스피싱 범행에 이용되면서 계좌가 정지돼... 재판부는 “친모로서 피해자를 양육하고 보호할 책임이 있음에도 이 사건 범행을 저질러 죄책이 가볍지 않다”...,https://www.seoul.co.kr/news/society/law/2026/04/03/20260403500234?wlog_tag3=naver,1,,0
"리딩방사기 피해금 회수절차, 금융사기 전문변호사 개입이 결과 좌우",법무법인 케이비는 국내 보이스피싱 총책은 물론 해외 캄보디아 '웬치' 조직의 조직원까지 검거하는 성과를 거두며 피해자들의 실질적인 피해 회복과 함께 보이스피싱·리딩사기 등 금융사기 분야에서 피해구제에...,http://www.hortitimes.com/news/articleView.html?idxno=33871,1,,0
[청원 언박싱] 금융권 보이스피싱에 대한 무과실 배상책임제의 신속한 ...,"보이스피싱 피해자의 가족으로써 직접 겪어보니 개인의 힘으로는 불가항력적이란 점을 절실히 깨달았습니다. 이에 더불어 민주당 강준형 의원님과 조인철 의원님께서 발의하신 ""금융사 무과실 배상책임제""를 100...",http://www.sisunnews.co.kr/news/articleView.html?idxno=236292,1,,0
"""보육원에 맡길 바엔""⋯뇌병변 4세 아들 살해하려 한 30대 어머니, 집행...","계좌가 보이스피싱 범행에 이용됐다가 정지되면서 지원금 등을 사용하지 못하게 됐다. 이후 동사무소 등... 점, 피해자 신체에 특별한 손상이 없고 상당 기간 피해자와 분리 생활할 것으로 보이는 점 등을 종합했다""며...",http://www.inews24.com/view/1956822,0,,0
"신한은행·송파구, 취약 어르신 금융 안전망 구축 위해 맞춤형 지원 강...","사기 피해 예방과 실질적인 복지 지원 방안을 논의했다. 양측은 금융 문해력 격차를 해소하고 안전한 금융... 통해 어르신 맞춤형 금융 교육 콘텐츠를 공유하고, 보이스피싱 예방 캠페인을 지속적으로 전개해 나갈 예정이다.",https://www.businessplus.kr/news/articleView.html?idxno=110050,9,,1
"경북농협, 소상공인 금융사기 예방 위해 유관기관과 '맞손'","경북농협이 지역 내 건전한 금융 질서를 확립하고, 보이스피싱 등 금융범죄로부터 소상공인을 보호하기 위해... 금융사기 피해 예방 지원을 위한 업무협약'을 체결했다. 이번 협약을 통해 6개 기관은 금융사기 예방 지원이...",https://www.newsfreezone.co.kr/news/articleView.html?idxno=683367,1,,0
집에 오물 뿌리고 래커칠 '보복대행' 조직 총책 구속,"전국에서 피해가 신고된 보복 대행 범죄는 53건으로, 이 중 45건에 연루된 40명이 입건됐다. 정씨 조직에서는 A씨를 포함해 모두 4명이 검거된 상태다. 경찰은 보복 대행 조직의 윗선을 추적하는 한편 보이스피싱 등 범죄...",http://www.kookje.co.kr/news2011/asp/newsbody.asp?code=0300&key=20260403.99099000845,0,,0
"[자막뉴스] 4살 아들 살인 미수가 집유?…""우는 소리에 멈춰"" 비극 전말",이 여성은 아들을 홀로 키우고 있었는데 보이스피싱 범죄까지 당해 생활고에 시달리고 있었던 걸로... A 씨는 지난해 12월 6일 새벽 1시쯤 4살 아들의 목 부위를 졸라 피해자를 살해하려 했지만 미수에 그친 혐의입니다....,https://news.sbs.co.kr/news/endPage.do?news_id=N1008504174&plink=ORI&cooper=NAVER,0,,0
"경북신용보증재단·5개 유관기관, 소상공인 금융사기 피해 예방 지원 업...","이번 협약은 지역 내 건전한 금융질서를 확립하고, 소상공인의 금융사기 피해를 예방하기 위한 협력 기반을 마련하기 위해 추진됐다. 최근 보이스피싱, 제3자 부당개입 등 불법금융 범죄 수법이 갈수록 고도화되면서...",http://www.hidomin.com/news/articleView.html?idxno=615219,1,,0
"""보육원에 맡기느니…"" 4살 아들 살해 시도한 친모 끝내","대출을 받기 위해 성명불상자에게 제공한 계좌가 보이스피싱 범행에 이용되면서 계좌가 정지돼 지원금 등을... 점, 피해자 신체에 특별한 손상이 없는 점, 상당 기간 피해자와 분리 생활할 것으로 보이는 점 등을...",https://www.dailian.co.kr/news/view/1629300/?sc=Naver,1,,0
쌀 소비 촉진·금융사고 예방 특강…김용택 농협상주시지부장 호응,"김용택 지부장은 ""농심천심의 마음으로 지역사회가 함께 노력할 때 농업의 미래도 밝아질 것""이라며 ""농협상주시지부는 지속적인 교육과 예방 활동을 통해 보이스피싱 피해를 줄이는 데 최선을 다하겠다""고 밝혔다. 김종현...",https://www.imaeil.com/page/view/2026040309271880174,1,,0
"김승수 의원, ""불법 웹툰 반드시 뿌리 뽑겠다"" 토론회 성료","없는 피해를 주고 있다""며, 실효성 있는 해결책 마련을 강조했다. 이어진 토론회에서는 좌장인 경희대학교... IBK 기업은행 정흥주 팀장은 ""보이스피싱의 경우 계좌 지급정지 근거 법령이 마련되어 있지만 불법도박자금에...",http://www.financialreview.co.kr/news/articleView.html?idxno=41407,3,,1
4살 아들 살해하려 한 엄마…불운에 불운이 겹친 그의 사정,A씨는 지난해 12월6일 오전 12시55분쯤 아들인 피해자 B(4)군의 목 부위를 졸라 피해자를 살해하려 하였으나... 대출을 받기 위해 성명불상자에게 제공한 계좌가 보이스피싱 범행에 이용되면서 계좌가 정지돼 지원금 등을...,https://biz.heraldcorp.com/article/10709283?ref=naver,1,,0
인분·래커칠 등 '보복대행' 혐의 조직 총책…구속송치,보복대행 피해 신고는 총 53건이다. 현재까지 45건에 연루된 40명이 검거됐다. 정씨의 조직에선 A씨를 포함해 총 4명이 검거된 상태다. 경찰은 보복대행 조직의 윗선을 추적하는 한편 보이스피싱 등 다른 범죄조직과의...,https://www.sisajournal.com/news/articleView.html?idxno=368089,0,,0
"뇌병병 자녀 살인미수 친모, 1심 집행유예 나온 이유",A씨는 지난해 12월6일 오전 12시55분쯤 아들인 피해자 B(4)군의 목 부위를 졸라 피해자를 살해하려 하였으나... 대출을 받기 위해 성명불상자에게 제공한 계좌가 보이스피싱 범행에 이용되면서 계좌가 정지돼 지원금 등을...,http://www.edaily.co.kr/news/newspath.asp?newsid=03240646645412512,1,,0
요즘 보이스피싱 전화 줄어든 것 같은데?,"2.) 지난해 10월부터 6개월 동안 보이스피싱 발생 건수는 전년도 같은 기간보다 31.6%가, 피해액은 26.4%가 급감했습니다. ■ 범정부 통합대응단 출범 효과입니다. ('25.9.29.) 정부는 기관별 사후 대응에서 선제적 통합...",https://www.korea.kr/multi/visualNewsView.do?newsId=148962012&call_from=naver_news,0,,0
"4살 뇌병변 아들 살해하려 한 30대 친모, 집행유예",A씨는 지난해 12월6일 오전 12시55분께 아들인 피해자 B(4)군의 목 부위를 졸라 피해자를 살해하려 하였으나... 대출을 받기 위해 성명불상자에게 제공한 계좌가 보이스피싱 범행에 이용되면서 계좌가 정지돼 지원금 등을...,https://www.newsis.com/view/NISX20260401_0003574184,1,,0
인분 뿌리고 낙서까지…‘보복 대행’ 총책 구속 송치,피해가 신고된 보복 대행 범죄는 총 53건이다. 이 가운데 45건에 연루된 40명이 입건됐다. 정씨 조직에서는 정씨와 A씨를 포함해 모두 4명이 검거된 상태다. 경찰은 보복 대행 조직의 윗선을 추적하는 한편 보이스피싱 등...,https://biz.chosun.com/topics/topics_social/2026/04/03/WMLD7BDMMJFBDJEVZPFTS45ZRM/?utm_source=naver&utm_medium=original&utm_campaign=biz,0,,0
"경찰, '사적 보복 대행' 조직 윗선 본격 수사…사기 조직 연루됐나",MBN 취재를 종합하면 해당 사건의 배후에는 사기 조직이나 보이스피싱 조직이 존재할 가능성도 제기됩니다. 한 피해자는 돈을 받고 빌려준 계좌가 사기 범죄에 악용된 사실을 알고 계좌 비밀번호를 바꿨다가 지난 1월 인분...,http://www.mbn.co.kr/pages/news/newsView.php?news_seq_no=5185831,0,,0
"군포 자활센터·경찰, 보이스피싱 막는다...취약계층 예방 협력",협약에 따라 양 기관은 △지역주민 대상 보이스피싱 예방 교육 △보이스피싱 피해 예방을 위한 홍보 및 공동 캠페인 △지역주민 안전을 위한 공동사업 △기타 상호 협의에 따른 협력사업 등을 함께 추진한다. 특히 최근...,https://www.eroun.net/news/articleView.html?idxno=76840,0,,0
"평택지구대와 맞손 비전봉사회, 온정의 나눔 행사 진행","특히, 단순히 물품 등의 지원에 그치지 않고, 이웃들의 고충을 듣고, 홀로 거주하는 독거노인에 대하여는 '보이스 피싱' 등의 사회적 문제가 되는 범죄 피해를 입지 않도록 당부하는 사전 예방 활동과 함께 실질적인 도움을...",https://www.kmaeil.com/news/articleView.html?idxno=635539,0,,0
강원지역 보이스피싱 고령층이 타깃… 피해액 4년만에 2배↑,"강원도 내 도 내 고령층을 타킷으로 한 보이스피싱 피해액이 지난해 387억원으로 나타났다. 이는 지난 2022년 172억원 대비 2배 이상 증가한 규모이다. 강원경찰청에 따르면, 지난해 도내 보이스피싱 피해액은...",https://www.newsis.com/view/NISX20260403_0003576318,0,,0
남의 집 현관문에 대변 테러…‘보복 대행’ 조직 총책 구속 송치,"전국에서 피해가 신고된 보복 대행 범죄는 53건으로, 이 중 45건에 연루된 40명이 입건됐다. 정씨 조직에서는 A씨를 포함해 모두 4명이 검거된 상태다. 경찰은 보복 대행 조직의 윗선을 추적하는 한편 보이스피싱 등 범죄...",https://biz.heraldcorp.com/article/10709090?ref=naver,0,,0
"‘보복 대행 명분’ 집 현관에 인분 뿌리고 욕설 낙서, ‘조직총책’ 구...","전국에서 피해가 신고된 보복 대행 범죄는 53건으로, 이 중 45건에 연루된 40명이 입건됐다. 정씨 조직에서는 A씨를 포함해 모두 4명이 검거된 상태다. 경찰은 보복 대행 조직의 윗선을 추적하는 한편 보이스피싱 등 범죄...",https://www.khan.co.kr/article/202604030829001,0,,0
'보복 대행 테러' 총책 구속송치…범죄단체·재물손괴 등 6개 혐의,"전국에서 피해가 신고된 보복 대행 범죄는 53건으로, 이 중 45건에 연루된 40명이 입건됐다. 정씨 조직에서는 A씨를 포함해 모두 4명이 검거된 상태다. 경찰은 보복 대행 조직의 윗선을 추적하는 한편 보이스피싱 등 범죄...",https://www.slist.kr/news/articleView.html?idxno=728866,0,,0
‘보복대행’ 조직 총책 구속송치…오물테러·욕설낙서 혐의,"전국에서 피해가 신고된 보복 대행 범죄는 53건으로, 이 중 45건에 연루된 40명이 입건됐다. 정 씨 조직에서는 A 씨를 포함해 모두 4명이 검거된 상태다. 경찰은 보복 대행 조직의 윗선을 추적하는 한편 보이스피싱 등 범죄...",http://www.kookje.co.kr/news2011/asp/newsbody.asp?code=0300&key=20260403.99099000798,0,,0
[투데이 Pick] 연임 체제 돌입한 케이·토스뱅크…외형 성장 이후 ‘수익...,"토스뱅크의 연체율은 1.07%로 카카오뱅크(0.51%), 케이뱅크(0.56%) 대비 두 배 수준을 기록하고 있다. 전년 대비 소폭 개선됐지만 인터넷은행 3사 가운데 가장 높은 수준이다. [자료=각 사/그래프=뉴스투데이] 케이뱅크는...",https://www.news2day.co.kr/article/20260401500274,7,,1
4대 금융 1분기 순익 역대 최고 전망에도…가계대출 채울 수익원 불투명,그러나 기업대출은 상대적으로 연체율이 높고 구조적 리스크가 커서 금융지주들은 충당금을 더 많이 쌓아야 하고 장기적으로는 대손비용 증가로 이어져 순익 성장세를 제약할 수 있다. 건전성 관리도 더욱 중요해질...,https://biz.heraldcorp.com/article/10709795?ref=naver,12,,1
"[인천 건설 위기 진단 기획①] 인천 건설사, PF 만기에 '발동동'",실제 PF 연체율은 과거 1% 미만에서 최근 4%대까지 상승하며 건전성 우려를 키우고 있다. 다만 금융당국은 부실 확산 차단을 위해 사업장별 선별 대응에 나서고 있다. 사업성이 낮은 현장은 정리하고 정상 사업장에는...,http://www.incheonnews.com/news/articleView.html?idxno=435274,13,,1
"""인뱅 판도 흔들""…카카오뱅크 독주, 토스 추격·케이뱅크 주춤","중저신용자 대출 비중은 34.9%를 유지했고 연체율은 1.11%로 전년 대비 하락했다. 성장과 함께 건전성... 카카오뱅크 연체율은 0.51%, 케이뱅크는 0.60%, 토스뱅크는 1.11%다. 이번 실적에서는 성장 경로의 차이가...",http://www.bizwnews.com/news/articleView.html?idxno=132303,2,,1
[포커스] 지방금융 '환원율 50%'의 딜레마... 수익성·건전성 위기 감지,"연체율과 고정이하여신비율(NPL)이 상승하는 가운데, 손실 흡수 능력을 나타내는 대손충당금적립률은 오히려 낮아지는 모습이다. 특히 일부 금융지주는 기업대출과 부동산 관련 익스포저에서 부실 신호가 확대되고...",https://www.startuptoday.co.kr/news/articleView.html?idxno=608593,18,,1
대표 둘로 쪼갠 웰컴저축은행···안정 기조 속 홀로 '변화' 이유는,건전성 지표 역시 연체율(6.04%)과 고정이하여신비율(8.43%)이 각각 2%p 하락하며 개선됐다. 이렇듯 업계 상황이 막 회복세에 접어든 만큼 타 저축은행들은 인사에서 '안정'을 중시하는 모습을 보였다. 아직은 경영 환경의...,https://www.womaneconomy.co.kr/news/articleView.html?idxno=252047,13,,1
"토스뱅크, 2년 연속 흑자...수익성·건전성 동반 개선으로 성장 궤도 진...","연체율은 1.11%로 전년 대비 하락했고, 고정이하여신비율도 0.85%를 기록하며 자산건전성이 강화됐다. 대손충당금 적립률은 321.95%로 높아 손실 흡수 능력 역시 충분한 수준을 확보했다. AI 기반 신용평가와 선제적 리스크...",http://www.lkp.news/news/articleView.html?idxno=78749,10,,1
"진성원 우리카드 대표, 지난해 호실적에도 못 웃는 까닭은","결제로 전환하고 인당 이용액을 늘리는 것에 대한 고민이 선행돼야 한다""고 말했다. 이어 ""카드론에 전략적으로 집중할 수도 있겠지만 결국 연체율 관리 전략 고도화가 가장 큰 과제가 될 것""이라고 제언했다. [뉴스드림]",http://www.newsdream.kr/news/articleView.html?idxno=110889,2,,1
"'적자행진' 페퍼저축은행, 봄은 언제쯤?","저축은행업계는 고금리에 따른 조달비용 상승과 연체율 상승, 부동산PF 관련 부실 증가 여파로 2022년부터... ◇ 2조원대로 줄어든 자산… 외형 축소·수익성 악화 강도 높은 건전성 관리로 연체율은 서서히 개선세를...",https://www.sisaweek.com/news/articleView.html?idxno=234660,25,,1
[마켓칼럼] 미국 사모신용 세가지 리스크,"펀드의 연체율은 매우 낮고, 평균 신용등급도 BBB 수준으로 투자등급 범위 내에 위치한다<표1 참고>. <표1>은 2024년 4Q 데이터지만 지금은 금리 인상기가 아니기 때문에 대출시장 전반의 이자비용이나 연체율이...",https://www.hankyung.com/article/202604037562i,2,,1
대표 교체한 애큐온-웰컴저축은행…4위 경쟁 본격화[NW리포트],"이와 달리 연체율은 6.54%로 0.96%포인트 하락했으나 업권 평균(6.04%)을 웃돌고 있다. 웰컴저축은행은 두 각자... 지난해 말 기준 고정이하여신비율 6.01%, 연체율 4.52%로 전년 대비 각각 0.81%포인트, 0.87%포인트 하락하며...",https://www.newsway.co.kr/news/view?ud=2026040316025849327,11,,1
"인도, 중동 분쟁 충격 완화에 '총력'...산업계 대상 대규모 신용보증제...","한 은행의 고위 관계자는 ""아직 (대출 이자) 연체율이 급증하지는 않았지만 수출 중심 기업을 포함한 일부 부문에서 스트레스가 증가하는 징후가 보이고 있다""며 ""이번 조치는 시의적절한 개입이 될 것""이라고...",https://www.newspim.com/news/view/20260403000913,8,,1
"롯데카드, 순익 40% 줄고 건전성 빨간불…관건은 '비용 통제'",본업인 신용판매 시장에서 고전하는 가운데 연체율와 고정이하여신(NPL) 비율까지 뛰면서 위기감이 커지고... 지난해 12월 말 기준 연체율(1개월 이상)은 2.22%로 전년동기(1.77%)보다 0.45%p 상승했다. 국내 카드사 중...,https://www.bloter.net/news/articleView.html?idxno=658591,13,,1
"[NPL 톺아보기] 하나은행, 단기간 부실 털기보다 회수 중심 손실 최소화...","연체율도 0.30%에서 0.32%로 0.02%p 높아졌다. 또한 NPL 커버리지 비율은 165.32%에서 136.33%로 1년 전보다 28.99%p 하락하며 4대 시중은행(KB국민·신한·하나·우리) 평균 172.00%를 밑돌았고, 4대 은행 중 가장 낮은 NPL 커버리지...",https://www.kfenews.co.kr/news/articleView.html?idxno=656434,13,,1
여전채 금리 4%대 재진입…카드론 금리 인상 압력,금융권 관계자는 “카드론 이용자는 신용도가 상대적으로 낮은 경우가 많아 금리 변화에 더욱 민감할 수밖에 없다”며 “연체율 상승으로 이어질 가능성도 배제할 수 없다”고 말했다. 카드사들은 이 같은 환경 변화에...,https://www.mediapen.com/news/view/1091108,11,,1
"인뱅, 이자 못받는 '깡통대출' 0.5%대 진입…건전성 개선","아울러 인터넷전문은행 3사의 대출 연체율 평균은 지난해 말 기준 0.74%로, 전년 말 대비 0.13%p 하락했다. 연체율에서도 가장 큰 하락폭을 보인 곳은 케이뱅크다. 은행별로 보면 케이뱅크 연체율은 전년 대비 0.30%p...",http://www.newsprime.co.kr/news/article.html?no=729182,10,,1
"저축은행, PF 부실 정리 '투 트랙' 본격화...연체율 6% 방어 시험대","연체율이 최근 들어 개선 흐름을 보이고 있지만 금융당국이 요구하는 6% 수준을 안정적으로 유지하기... ◆ 7차 PF 펀드 재가동 검토, 연체율 추이가 변수 업계의 또 다른 축인 PF 정상화 펀드 역시 재가동 가능성이...",http://www.lkp.news/news/articleView.html?idxno=78738,18,,1
"JB금융, 공격적 성장에도 건전성은 휘청","연체율 역시 1.38%로 분기사이 5bp가 높아졌다. 대손충당금 적립액을 NPL로 나눠서 나온 값인... 계열사별로 건전성 지표를 보면 양 은행 합산 연체율은 1.20%로 17bp 올랐고, NPL비율은 1.20%로 16bp 상승했다. 특히...",https://www.newsfreezone.co.kr/news/articleView.html?idxno=683341,18,,1
"고환율·고금리에 서울 한복판 사업장까지 공매로 … 이란 전쟁, 금융 부...","서울 한복판 대형 개발사업까지 공매에 넘어간 가운데, 은행권에서는 연체율과 부실채권이 동시에... 대기업 대출 연체율이 0.40%, 전체 원화대출 연체율은 0.42%까지 상승하며 최근 수년 내 최고 수준을 기록했다. 가계...",https://biz.newdaily.co.kr/site/data/html/2026/04/03/2026040300127.html,22,,1
기업대출 몰린 인뱅…카카오·케이 '확장' 토스 '제동',"토스뱅크의 기업대출 연체율은 2022년 말 0.37%에서 2023년 2.60%, 2024년 3.13%까지 오르며 빠르게 악화했다.... 이와 달리 카카오뱅크와 케이뱅크는 연체율 상승세를 일정 수준 관리하며 외형 확대를 이어가고 있다....",https://www.kbanker.co.kr/news/articleView.html?idxno=224622,2,,1
"[더벨][여전사경영분석] 애큐온캐피탈, 대체자산 운용 성과에 수익 개선...",반면 연체율은 0.91%포인트 상승하며 3.52%를 기록했다. 기업금융 자산을 확대하는 과정에서 1개월 이상 연체율이 3.15%로 높아진 것이 영향을 미친 것으로 분석된다. 올해도 잔존 부실 자산에 대한 다각적인 정리 방안을...,https://www.thebell.co.kr/free/content/ArticleView.asp?key=202604021301579240106511,10,,1
[환율 1500원 뉴노멀] 생산적금융 키운 은행권 건전성 부담 부메랑,◆중소기업 직격탄…연체율 상승으로 건전성 악화 우려 특히 중소기업은 이번 중동 리스크의 영향을 더... 이미 은행권 연체율은 상승 흐름을 보이고 있다. 올 1월 은행 대출 연체율은 0.56%로 전월 말(0.50%) 대비 0.06%p...,https://www.ebn.co.kr/news/articleView.html?idxno=1704360,14,,1
건설업 '삼중 압박' 현실화…공사비·PF·미분양에 줄줄이 흔들,"PF 연체율 역시 상승세를 보이고 있고, 신규 사업은 사업성이 검증된 프로젝트 중심으로 선별 진행될 가능성이 높다. 건설사들은 초기 지분 참여와 자금 투입 부담이 확대되는 구조로 내몰리고 있다. 해외 사업도...",https://www.ebn.co.kr/news/articleView.html?idxno=1704331,8,,1
"[A 주간 서머리] 경제·산업계 ""달러환율, 1530원대 돌파...삼성전자 14조...","5%로 설정하고, 특히 목표치를 크게 초과했던 새마을금고는 증가액을 '0원'으로 동결하는 강력한 총량... 재무 건전성은 개선됐다는 분석이다. 핵심 브랜드인 버거킹은 메뉴 포트폴리오 확대를 통해 매출 성장을...",https://www.asiaa.co.kr/news/articleView.html?idxno=245332,10,,1
이 시각 주요 뉴스,새마을금고의 건전성 관리가 특히 미흡하다고 보는 금융당국의 시선과 차이가 커서 논란이 예상됩니다. ◇ 나프타 '비상'…종량제 조달규제 완화 정부가 종량제 봉투의 생산과 조달 방식 전반의 규제를 일시적으로...,https://biz.sbs.co.kr/article_hub/20000301864?division=NAVER,7,,1
"대출이자 눈덩이인데, 예금금리 찔끔...은행만 신났다",시중은행의 주택담보대출 금리 상단이 7%를 돌파하면서 2022년 10월 이후 3년 5개월 만에 최고 수준을 기록했지만 예금금리는 2%대에 머무르면서 은행권 예대금리차가 확대되고 있습니다. 정부의 가계대출 규제 강화...,https://biz.sbs.co.kr/article_hub/20000301962?division=NAVER,9,,1
30대면 빚 1억 정도는 있잖아요?,"관계자는 “총부채원리금상환비율(DSR) 규제 강화로 소득이 상대적으로 낮은 20대의 대출 여력이... 박성훈 의원은 “고환율과 고물가, 금리 상승 압박이 겹치면서 가계부채가 경제의 구조적 위험 요인으로 커지고...",https://www.munhwa.com/article/11579719?ref=naver,12,,1
"""한도 줄고 금리 치솟고""…서민들, 보금자리론 몰린다","정부는 과열된 집값과 가계부채를 억제하기 위해 지난해 6·27규제, 스트레스DSR 3단계 규제, 9·7 대책 등을 연이어 내놓았는데, 보금자리론에는 아직 서민용 정책대출이라는 점을 고려해 규제를 적용하지 않고...",https://www.mediapen.com/news/view/1091094,9,,1
"""2% 예금으론 부족한데""…700조 잠든 은행권, 예금 금리 인상 '딜레마'",현재 은행권은 스트레스 DSR(총부채원리금상환비율) 등 강력한 가계대출 규제로 인해 대출 자산을 적극적으로 늘리기 어렵다. 대출을 내줄 곳이 제한적인 상황에서 고금리 예금만 늘어나면 은행의 수익성 지표인...,https://www.newsway.co.kr/news/view?ud=2026040313262613314,9,,1
1인당 대출 1억원 시대의 그늘…어느 연령대가 가장 많았나,"정부의 총부채원리금상환비율(DSR) 규제가 강화되면서, 상대적으로 소득 증빙이 어려운 청년층의 대출... 금융위원회는 지난 1일 ‘2026년도 가계부채 관리 방안’을 통해 올해 가계대출 증가율 목표치를 지난해(1.7...",https://economist.co.kr/article/view/ecn202604030017,21,,1
[이현정의 어프로치] 금융과 '절연' 통한 부동산 전쟁,"금융위원회가 지난 1일 발표한 가계부채 관리방안을 한마디로 요약하면 '대출 없이 집 사라'다. 올해... 총부채원리금상환비율(DSR)을 적용하는 등의 추가 규제도 발표할 것으로 보인다. ""부동산은 대한민국이 가진 최악의...",https://news.einfomax.co.kr/news/articleView.html?idxno=4407557,21,,1
미 3월 고용 17만 8000개 증가…연준 금리인하 올해 사실상 없다,"한국은행 금융통화위원회는 올해 1월 기준금리를 연 2.5%로 동결하며 다섯 차례 연속 금리 유지 기조를 유지했고, 통화정책 방향 결정문에서도 ""달러화 강세와 지정학적 리스크로 원·달러 환율이 1400원대 중후반으로...",https://www.g-enews.com/view.php?ud=2026040408111752752bd56fbc3c_1,22,,1
"이창용 한은 총재, 다음주 마지막 금통위…7연속 '금리 동결' 유력","다음 주 한국은행이 금융통화위원회를 열어 기준금리를 논의한다. 이달 20일 임기가 종료되는 이창용 한은 총재의 마지막 통화정책방향 결정회의다. 시장은 이번 회의서 기준금리 '동결'을 강하게 예상하며, 새 총재 취임...",https://www.newsworks.co.kr/news/articleView.html?idxno=836549,18,,1
비둘기 가고 매 온다…5월 금통위 분수령 [주간필담],ⓒ시사오늘 권희정 기자 오는 5월 28일 열리는 한국은행 금융통화위원회에 시장의 관심이 쏠리고 있습니다.... 4월 금통위에 대해 시장이 압도적으로 '금리 동결' 가능성을 점치고 있기 때문에 실제 향후 한은 기준금리의...,http://www.sisaon.co.kr/news/articleView.html?idxno=182064,18,,1
카드사 이자비용 4.5조 돌파…고금리·만기 부담에 ‘이중 압박’,것은 기준금리가 급등해 카드사들의 조달금리 역시 가파르게 상승한 영향이다. 카드사의 경우 은행과... 한국예탁결제원에 따르면 올해 12월까지 만기가 도래하는 카드채 규모는 17조8300만원에 달한다. 올해 역시...,https://www.ceoscoredaily.com/page/view/2026040116075075309,10,,1
[안선영의 아주-머니] 주담대 7% 시대…대출 상환 부담부터 줄여야,"최지훈 하나은행 클럽원 한남PB센터 골드PB팀장은 ""전쟁 장기화로 유가가 100달러 이상 지속된다면 연준이 기준금리를 인상하고, 한국은행도 인상을 대응할 수 있다""며 ""기준금리가 인상되면 대출금리도 같이 오를...",https://www.ajunews.com/view/20260402101633654,19,,1
이마트 가양점 개발사업 '안갯속'…본PF·착공 '줄줄이 연기',중동 사태 여파로 인플레이션 압력이 높아지면서 한국은행의 기준금리 인상 가능성이 제기되는 등 자금조달 환경도 악화되고 있다. 전국 지식산업센터 시장이 여전히 침체기에 놓여 있어 향후 사업 추진 일정도...,http://www.edaily.co.kr/news/newspath.asp?newsid=01521926645412840,16,,1
[퇴근길머니] 호르무즈 '통행료' 현실로...'삼전닉스' 2배 ETF 온다,"그리고 금요일에는 한국은행이 금융통화위원회를 열고 기준금리를 결정합니다. 이창용 총재의 마지막 금통위이기도 합니다. 현재까지 동결에 무게가 쏠리고 있습니다. [앵커] 지금까지 퇴근길머니, 경제금융부 양현주...",http://www.yonhapnewstv.co.kr/MYH2026040317282342F,13,,1
"BNP파리바 ""한은, 4월 금리 동결…중동사태 속 선제적 인상 어려워""","BNP파리바는 한국은행이 오는 10일 열리는 4월 금융통화위원회 회의에서 기준금리를 2.50%로 동결할 것으로 예상했다. BNP파리바는 2일(현지시간) 발간한 보고서에서 ""계속되는 중동 사태 관련 큰 변동성과 경제 전망에...",https://news.einfomax.co.kr/news/articleView.html?idxno=4407663,18,,1
"[채권마감] 불플랫, 미국채 강세+환율 하락+외인 매수",한국은행 기준금리(현 2.50%)와 국고3년물간 금리차는 94.8bp로 좁혀졌다. 국고10년물과 3년물간 스프레드는 2.8bp 줄어든 29.9bp를 보였다. 이는 지난달 23일(26.2bp) 이후 처음으로 30bp를 밑돈 것이다. 6월만기 3년...,https://www.etoday.co.kr/news/view/2572615,23,,1
'영끌족' 덮친 이자폭탄…주담대 고정금리 5년 전보다 3%p↑,"그는 ""물가상승률 확대 걱정이 커지니 한국은행이 기준금리를 내리지 못할 것으로 예측되면서 채권금리가 상방 압력을 받고 있다""고 진단했다. 과거 한은 금리인하 기대감이 선반영돼 채권금리가 하락했다가...",https://www.kpinews.kr/newsView/1065598625905076,19,,1
4월 물가 2.8% 상승 전망…유류세 불확실성 여전,"그는 올해 소비자 물가 및 근원 물가 상승률 전망을 각각 2.6%, 2.5%로 유지했다. 그러면서 ""한국은행은 공급발 물가 상승의 2차 전이를 막기 위해 하반기 기준금리 인상을 단행할 것""이라고 내다봤다. [스트레이트뉴스 ]",https://www.straightnews.co.kr/news/articleView.html?idxno=299339,12,,1
"[환율마감] 원·달러 15원 가까이 급락, 호르무즈 개방 기대+외인 코스피...",10일 한국은행 기준금리 결정 금융통화위원회도 지켜볼 필요가 있다고 봤다. 다음주 환율은 1500원과 1530원 사이에서 등락할 것으로 예상했다. 3일 서울 외환시장에서 원·달러 환율은 전일대비 14.5원(0.95%) 하락한...,https://www.etoday.co.kr/news/view/2572589,19,,1
[이슈] 3월 물가 '턱밑 방어' 성공했지만… 4월 '유가 쇼크' 본격 상륙 ...,"최지욱 연구원은 ""공급발 물가 상승의 2차 전이를 막기 위해 한국은행이 하반기 기준금리 인상을 단행할 가능성이 높다""고 전망했다. 기대인플레이션 반등… 고환율이 변수 심리적 지표도 불안하다. 향후 1년 물가...",https://www.polinews.co.kr/news/articleView.html?idxno=727479,15,,1
"빌릴 땐 7%, 맡길 땐 2%…30대 지갑 닫힌다",자산 형성을 위해 주택담보대출을 선택한 이들에게 돌아온 것은 연 7%대에 육박하는 고금리 부담과 2%대에... 한국은행이 국회 기획재정위원회 소속 국민의힘 박성훈 의원에게 제출한 자료에 따르면 지난해 말 기준 30대...,https://www.idaegu.com/news/articleView.html?idxno=659803,10,,1
"지난달 국내주식 36조 던진 외국인, 채권도 5개월 만에 ‘팔자’ 전환",글로벌 금리가 오르는 가운데 고유가 장기화 시 한국은행이 기준금리 인상에 나설 수 있다는 경계심이 외국인 채권 수요를 약화시켰다는 분석이다. 미국 10년물 국채금리는 3월 말 기준 2월 말보다 38bp 상승했다....,https://www.mk.co.kr/article/12007232,22,,1
[표] 은행간 단기금리 기준-코리보(03일),※다음은 연합인포맥스가 03일 오전 11시00분에 고시한 한국의 은행간 단기금리 기준 입니다. ────┬──────────── 기간│금리(%) 전일대비...,https://news.einfomax.co.kr/news/articleView.html?idxno=4407623,4,,1
[다음주 경제일정] 삼성전자 1분기 실적·한은 금통위…美 성장률·CPI 주...,"한국은행이 금융통화위원회를 열고 기준금리를 결정합니다. 이창용 총재의 마지막 금통위죠. 지난번 회의까지 여섯 차례 연속 연 2.5%로 유지됐는데, 이번에도 움직이지 않을 것이란 전망에 무게가 실립니다. 미국에서는...",https://biz.sbs.co.kr/article_hub/20000301855?division=NAVER,22,,1
"우리금융硏 ""중동發에 한미 기준금리 동결 예상... 극심한 시장 변동성...","/사진=연합뉴스 우리금융경영연구소는 3일 ""한국은행은 10일 금통위에서 기준금리 동결 기조를 유지하면서, 중동 리스크와 환율 변동성을 면밀히 주시하는 신중한 관망세를 보일 것""으로 내다봤다....",http://www.efnews.co.kr/news/articleView.html?idxno=128782,16,,1
역대급 수출 호황이 환율 추가 급등 막았다…무역흑자가 '완충' 역할,"최예찬 상상인증권 애널리스트는 ""중동 상황을 차치하고, 6개월 평균 무역수지와 한미 기준금리차를... 최예찬 애널리스트는 ""한국은행은 특정 환율 레벨을 목표로 하지 않지만, 최근과 같은 환율 쏠림 국면에서는...",https://news.einfomax.co.kr/news/articleView.html?idxno=4407605,15,,1
7% 금리·가계대출 관리 강화…주담대 실수요자 '시름',또 한국은행 총재 후보로 매파 성향의 신현송 전 국제결제은행(BIS) 통화경제국장이 지명된 점도 시장에 영향을 끼쳤다. '실용적 매파'로 분류되는 신 후보 지명으로 기준금리 인상 가능성까지 거론되면서 국고채...,https://news.tf.co.kr/read/economy/2309385.htm,13,,1
중동 격화에 금리 뛰자 채권형 펀드서 한달새 4.2조원 '썰물',"11월에는 그러나 한국은행이 기준금리 동결 뿐만 아니라 '인상'까지 고려할 수 있다는 우려가 커지면서 금리가 급등했으며 11월과 12월 각각 6조3천억원, 6조8천억원 순유출됐었다. 올해 1월 들어 연초효과에 힘입어...",https://news.einfomax.co.kr/news/articleView.html?idxno=4407597,14,,1
"한투증권 ""이달 소비자물가, 원유·가스 부담에 2.6∼2.8% 상승""","이에 따라 그는 올해 소비자 물가 및 근원 물가 상승률 전망을 각각 2.6%, 2.5%로 유지했습니다. 그러면서 ""한국은행은 공급발 물가 상승의 2차 전이를 막기 위해 하반기 기준금리 인상을 단행할 것""이라고 내다봤습니다.",https://biz.sbs.co.kr/article_hub/20000301815?division=NAVER,12,,1
"코스피, 장초반 3%대 강세…환율 1500원대","김유미 키움증권 연구원은 ""다음주 미국 소비자물가와 한국 금융통화위원회에 주목할 필요가 있다""며 ""기준금리는 동결될 것으로 어느 정도 기정사실화된 가운데 한국은행 총재의 마지막 회의라는 점에서 시장...",https://news.mtn.co.kr/news-detail/2026040309133117658,18,,1
"NH투자 ""다음주 코스피 5000~5700 예상, 방산ᐧ에너지 투자 매력 유효""",시장에서는 한국은행이 이번 역시 기준금리를 동결할 것으로 내다보고 있다. 이번 회의는 임기 만료를 앞둔 이창용 한국은행 총재의 마지막 금통위다. 미국에서는 현지시각으로 8일 연방공개시장위원회(FOMC) 의사록...,https://www.businesspost.co.kr/BP?command=article_view&num=434873,14,,1
"한투證 ""4월 소비자물가 2.6∼2.8% 상승…하반기 금리 인상""","최 연구원은 ""올해 소비자물가 및 근원물가 상승률 전망을 각각 2.6%와 2.5%로 유지한다""며 ""한국은행은 공급발 물가 상승의 2차 전이를 막기 위해 하반기 기준금리 인상을 단행할 것""이라고 전망했다.",https://www.sisajournal.com/news/articleView.html?idxno=368085,12,,1
"한투증권 ""4월 소비자물가, 원유·가스 부담에 2.6∼2.8% 상승""","이에 따라 그는 올해 소비자 물가 및 근원 물가 상승률 전망을 각각 2.6%, 2.5%로 유지했다. 그러면서 ""한국은행은 공급발 물가 상승의 2차 전이를 막기 위해 하반기 기준금리 인상을 단행할 것""이라고 내다봤다.",https://www.yna.co.kr/view/AKR20260403021500008?input=1195m,12,,1
"경제칼럼)닥친 체감 유가 100달러, 환율 1천500원 시대","미국에서는 전쟁 여파로 연말까지 기준금리를 동결할 것이라는 시장 확률이 60%를 상회해 이미 연준(Fed)의 기준금리 인하사이클 종료가 기정 사실화되고 있다. 국내 역시 부동산 시장과 물가 불안, 전쟁 추경에 의한...",https://www.idaegu.com/news/articleView.html?idxno=659814,18,,1
미국 고유가 속에 예상 밖의 고용 안정...'스태그플레이션' 모면,경제 전문가들은 연준이 적어도 다음 한두 번의 통화 정책 회의까지는 금리 인하를 보류할 가능성이 매우 크다고 보고 있습니다. 뉴욕에서 YTN 이승윤입니다. 촬영 : 최고은 화면제공 : 코닝 유튜브,https://www.ytn.co.kr/_ln/0104_202604040818255778,2,,1
미 서비스업 PMI 3년 만에 처음 '위축'… 1분기 스태그플레이션 공포 현...,"우려가 금리 인하 기대를 꺾으면, 유동성 축소 환경이 이어지며 비트코인을 비롯한 위험자산 전반에 하방 압력이 가해진다. 그러나 중장기 서사는 다르다. 에너지 가격 급등이 달러 구매력을 잠식하고, 연준이...",https://www.tokenpost.kr/news/insights/346280,10,,1
[뉴욕마켓워치] 고용 서프라이즈와 찜찜한 구석…채권↓달러↑,올해 연방준비제도(Fed·연준)가 기준금리 인상에 나설 수 있다는 베팅도 다시 강해졌다. 다만 경제활동 인구는 39만6천명이나 감소했고 경제활동 참가율도 61.9%로 2021년 11월 이후 최저치를 기록했다. 고용...,https://news.einfomax.co.kr/news/articleView.html?idxno=4407697,17,,1
"[뉴욕환시] 달러, 이틀째↑…美 고용 '서프라이즈'에 인하 기대 약화",고용보고서 발표 후 금리 선물시장은 연방준비제도(연준ㆍFed)의 연내 금리 인하 가능성을 20% 미만으로 낮춰 가격에 반영했다. 연내 금리 동결 가능성이 70% 수준을 보인 가운데 연내 인상 가능성은 10%를 약간...,https://news.einfomax.co.kr/news/articleView.html?idxno=4407696,12,,1
미 고용 서프라이즈에 달러 강세…원/달러 환율 야간장서 1510원 재돌파,"금리선물시장에서는 연준의 연내 금리 인하 가능성이 20% 미만으로 낮아졌고, 금리 동결 가능성은 70% 수준까지 올라섰다. 추가 인상 가능성도 10%를 조금 웃도는 수준으로 반영됐다. 빌 애덤스 피프스서드커머셜뱅크...",https://www.straightnews.co.kr/news/articleView.html?idxno=299363,10,,1
"달러-원, 美 고용 '깜짝 증가'에 반등…1511.40원 마감",고용보고서 발표 이후 금리 선물시장은 미국 연방준비제도(연준ㆍFed)의 연내 금리 인하 가능성을 20% 미만으로 낮춰 가격에 반영했다. 연내 금리 동결 가능성이 70% 수준을 보인 가운데 연내 인상 가능성은 10%를...,https://www.slist.kr/news/articleView.html?idxno=729112,12,,1
"고용 호조가 악재?...비트코인, 예상 밖 하락 '충격'","고용 시장이 예상보다 빠르게 회복되면서 연준이 금리를 서둘러 낮출 필요성이 줄어든 점이 핵심 변수로 꼽힌다. 금리 인하는 시장 유동성을 확대하는 요인으로 작용하지만, 금리 동결 기조가 이어질 경우 위험...",http://coinreaders.com/228706,9,,1
"남아공·중국 사례의 경고...WGBI 효과, 결국 '시장 매력'에 달렸다","이는 미 연준 긴축에 따른 금리 역전, 부동산 리스크 등 거시경제 요인도 있었지만 일부 투자자들이 결제 시스템 등 시장 인프라 문제를 이유로 투자를 꺼린 영향도 있었다. 실제로 일본 공적연금펀드(GPIF)는...",https://www.sidae.com/article/2026040316302356772,6,,1
물 건너간 연내 금리 인하? 미국 고용 폭발에 6만7천달러 붕괴된 비트코...,앞서 제롬 파월 연준 의장이 노동 시장의 약화 신호가 있을 때만 금리 인하가 가능하다고 선을 그었던 경고가 현실로 다가온 셈이다. 반면 가상자산 투자자들은 상대적으로 긍정적인 희망의 끈을 놓지 않고 있다....,http://coinreaders.com/228705,10,,1
"美 고용폭탄…원·달러 1511.40원 마감, 6.20원↑","고용 지표 발표 이후 금리 선물시장에서는 연준의 연내 금리 인하 가능성이 20% 미만으로 후퇴했고, 연내 동결 가능성은 70% 수준까지 높아졌다. 같은 시각 달러·엔 환율은 159.638엔, 유로·달러 환율은 1.15190달러...",https://www.bntnews.co.kr/article/view/bnt202604040016,10,,1
미국 3월 고용 17만8000명 ‘깜짝 증가’…금리인하 ‘찬물’,"미국 구인 공고 (사진=연합뉴스)미국 3월 고용이 시장 예상을 3배 가까이 웃도는 깜짝 증가세를 기록하며, 연방준비제도(연준)의 금리 인하 기대를 빠르게 식혔다. 미 노동부는 3일(현지시간) 발표한 월간 고용...",https://www.bntnews.co.kr/article/view/bnt202604040015,6,,1
"달러-원, 美 고용 '깜짝 증가'에 반등…1,511.40원 마감",고용보고서 발표 이후 금리 선물시장은 미국 연방준비제도(연준ㆍFed)의 연내 금리 인하 가능성을 20% 미만으로 낮춰 가격에 반영했다. 연내 금리 동결 가능성이 70% 수준을 보인 가운데 연내 인상 가능성은 10%를...,https://www.tfmedia.co.kr/news/article.html?no=203387,12,,1
고용은 강했지만 시장은 흔들렸다…미국 일자리 급증에 금리 인하 기대...,"금리 전망을 반영하는 주요 지표에서는 연내 금리 동결 가능성이 높아졌고, 연말까지도 금리 인하 확률은 제한적인 수준에 머무르고 있다. 이는 연준이 인플레이션 관리에 더욱 집중할 여지를 확보했음을 의미한다....",https://www.mediafine.co.kr/news/articleView.html?idxno=76745,6,,1
"뉴욕증시 무게중심, 인플레이션서 성장으로 이동... ""매수 시기 저울질...",연준과 기업실적 미국 연방준비제도(연준)가 금리 인상 공포를 낮춰준 점도 시장이 패닉에 빠지지 않도록 하는 발판 역할을 했다. 제롬 파월 연준 의장은 지난달 30일 하버드대 연설에서 시장 일부에서 제기되는 ‘금리...,https://www.g-enews.com/view.php?ud=202604040500227603be84d87674_1,7,,1
"美 3월 고용, 의료 파업 중단에 17만8천명 '깜짝 증가'…실업률 4.3%로 하...","시카고상업거래소(CME) 페드워치에 따르면 금리 선물시장은 고용지표 발표 직후 12월까지 연준이 기준금리를 현 3.50∼3.75%로 동결할 확률을 81%로 반영했는데, 하루 전 이 확률은 76%였습니다. 제롬 파월 연준 의장도...",https://biz.sbs.co.kr/article_hub/20000302031?division=NAVER,9,,1
"원/달러 환율, 야간거래서 1,511원으로 상승",3월 실업률 역시 4.3%로 전월대비 0.1%포인트 하락하며 시장 예상치(4.4%)를 밑돌았다. 고용보고서 발표 이후 금리 선물시장에서 미연준의 연내 금리 인하 가능성은 20% 미만으로 낮아졌고 달러화는 강제를 보였다.,https://www.viewsnnews.com/article?q=234862,10,,1
美 ‘깜짝’ 고용증가에 달러 강세…1511.40원 마감,고용보고서 발표 이후 금리 선물시장은 미국 연방준비제도(연준ㆍFed)의 연내 금리 인하 가능성을 20% 미만으로 낮춰 가격에 반영했다. 연내 금리 동결 가능성이 70% 수준을 보인 가운데 10%를 약간 웃돌게 됐다....,https://www.dt.co.kr/article/12055610?ref=naver,12,,1
"원·달러 환율 1,511.4원...미국 고용 증가에 반등","외환 전문 은행인 피프스 서드 커머셜 뱅크는 ""지금 당장 연준이 금리 인하를 단행하도록 압력을 가하려면 아주 큰 이변이 있어야 할 것""이라고 짚었습니다. 그러면서 ""적어도 다음 한두 번의 결정까지는 인하를...",https://www.ytn.co.kr/_ln/0104_202604040526328059,13,,1
[뉴욕채권] 美 '깜짝 고용'에 관심사는 다시 인플레…금리인상 베팅↑,고용시장이 예상보다 견고하다는 점이 확인되면서 올해 연방준비제도(Fed·연준)가 기준금리 인상에 나설 수 있다는 베팅이 다시 강해졌다. 고용이 안정된 만큼 연준이 이중 책무의 또 다른 하나인 물가 안정에 더...,https://news.einfomax.co.kr/news/articleView.html?idxno=4407691,16,,1
"美 2년채 금리 3.8%대 후반 상승…""고용 호조에 금리인하 기대 후퇴""",이날 발표한 3월 비농업부문 고용이 시장 예상치를 웃돌면서 연방준비제도(Fed 연준)의 추가 금리 인하 시점이 늦춰질 것이라는 관측이 확산했다. 그러면서 정책금리에 민감한 단기물 중심으로 매도세가 유입되며...,https://www.newsis.com/view/NISX20260404_0003577671,11,,1
"옥스퍼드 이코노믹스 ""연준, 올해 노동시장 방어 위해 두 차례 금리 인...","옥스퍼드 이코노믹스는 기본 시나리오로 연준이 유가 상승에 따른 일회성 물가 충격은 넘기고, 향후 노동시장 약세 가능성에 대응하기 위해 올해 두 차례 금리 인하에 나설 것으로 전망했다.",https://www.tokenpost.kr/news/breaking/346236,6,,1
美 갤런당 4달러 넘긴 기름값에 이미 둔화된 車시장 '첩첩산중',전쟁으로 인한 물가 상승으로 연방준비제도(Fed·연준)의 금리 인하 기대감도 낮아졌다. 이는 자동차 대출 할부금 상환 부담을 더욱 높일 수 있다. 에드먼즈닷컴에 따르면 1분기 자동차 대출 평균 할부금은 사상 최고치인...,https://www.theguru.co.kr/news/article.html?no=100057,13,,1
50년 전 오일쇼크와 다르다…전쟁에도 맥 못추는 금·채권,"금리가 높은 수준에서 유지될 것이라는 전망이 확산하면서, 이자를 지급하지 않는 금보다 금리를 기반으로 수익을 확보할 수 있는 달러 자산의 매력이 부각되고 있다. 제롬 파월 연준 의장은 최근 “이란 전쟁이 경제와...",https://www.joongang.co.kr/article/25417399,9,,1
미국 3월 고용 17.8만 명 증가...실업률 4.3%로 하락,시카고 상업 거래소(CME)의 페드 워치에서 금리 선물 시장은 고용 지표 발표 직후 오는 12월까지 연준이 기준금리를 현 3.5∼3.75%로 동결할 확률을 81%로 반영했습니다. 하루 전 이 확률은 76%였습니다. 제롬 파월 연준...,https://www.ytn.co.kr/_ln/0104_202604040000227252,9,,1
미국 뉴욕증시 휴장…고용지표·이란 변수 주시,"다만 시장 입장에서는 연준의 조기 금리인하 기대를 다소 후퇴시키는 요인이기도 하다. 슈왑은 이번 보고서가 연준의 단기 기조를 바꾸지는 않겠지만, 노동시장 약화를 우려해온 비둘기파 인사들에게는 일정 부분...",https://www.topstarnews.net/news/articleView.html?idxno=16025110,6,,1
미 3월 고용 17만8천명 '깜짝증가'…실업률 4.3%로 하락,시카고상업거래소(CME)의 페드워치에 따르면 금리 선물시장은 고용지표 발표 직후 오는 12월까지 연준이 기준금리를 현 3.50∼3.75%로 동결할 확률을 81%로 반영했습니다. 하루 전 이 확률은 76%였습니다. 제롬 파월 연준...,http://mbnmoney.mbn.co.kr/news/view?news_no=MM1005805955,9,,1
미 3월 고용 17만8000명 '예상밖 호조'…실업률 4.3%로 하락(종합),"이미 채권 시장은 미 연방준비제도(Fed·연준)가 연내 2회 안팎 금리 인하에 나설 것이란 전망을 거둬들이고, 연내 금리 인하에 나서지 못할 것이라는 데 무게를 두고 있다.",https://view.asiae.co.kr/article/2026040323082028447,13,,1
미 3월 고용 예상 뛰어넘는 17만 8천 명 증가…실업률 4.3%로 하락,시카고상업거래소(CME)의 페드워치에 따르면 금리 선물시장은 고용지표 발표 직후 오는 12월까지 연준이 기준금리를 현 3.50∼3.75%로 동결할 확률을 81%로 반영했습니다. 하루 전 이 확률은 76%였습니다. 제롬 파월 연준...,https://news.sbs.co.kr/news/endPage.do?news_id=N1008504929&plink=ORI&cooper=NAVER,9,,1
"미 신용분석가 ""비농업 고용 통계 변동성 커…연준 정책 변경 문턱 높아...","가능성이 크며 이번 고용 보고서도 이런 시각을 강화했다고 덧붙였다. 이번 평가는 미국 고용시장 지표 해석이 한층 복잡해진 가운데, 연준의 금리 경로에 대한 시장 기대 역시 급격히 바뀌기 어렵다는 점을 시사한다.",https://www.tokenpost.kr/news/breaking/346191,6,,1
美 3월 고용 17.8만명 '깜짝 증가',시장에서는 올해 연준이 금리를 인하할 것이라는 기대도 한층 약해지는 분위기다. 연준이 적어도 6월까지는 기준금리를 현 수준에서 유지할 가능성이 높다는 관측도 힘을 얻고 있다.,https://www.mk.co.kr/article/12007835,9,,1
미국 3월 고용 예상치 3배 급증에도 웃지 못하는 이유,■ 연준 금리 동결 가능성 77.5%…4월부터 전쟁 충격 가시화 한편 이번 고용 지표는 연준의 금리 전망에 즉각적 영향을 미치지 않을 전망이다. 이란 전쟁으로 인한 에너지 가격 급등과 공급망 충격이 아직 경제...,http://www.joseilbo.com/news/news_read.php?uid=565951&class=42&grp=,6,,1
"전략가 ""지난해 금리 인하 실수…최신 고용지표에 연준 딜레마""","그러면서 결과적으로 지난해 단행된 금리 인하는 잘못된 결정이었다고 평가했다. 이번 발언은 고용이 예상보다 견조한 흐름을 보이는 가운데, 연준의 조기 완화 기대가 다시 흔들릴 수 있다는 점에서 시장 경계감을...",https://www.tokenpost.kr/news/breaking/346187,6,,1
비농업 고용 발표 후 연준 6월 금리 동결 확률 97.5%로 상승,"Odaily에 따르면 비농업 고용 발표 이후 CME 페드워치 기준으로 미 연준의 6월 기준금리 동결 확률이 97.5%로 상승했다. 같은 시점까지 25bp 인하 확률은 2.0%로 낮아졌고, 25bp 인상 확률은 0.5%로 집계됐다. 4월...",https://www.tokenpost.kr/news/breaking/346185,9,,1
[종합] 미 3월 고용 17만8000명 '깜짝 반등'…예상치 3배 웃돌았지만 '스...,시장에서는 이번 고용 서프라이즈가 미 연방준비제도(Fed·연준)의 금리 인하 기대를 다소 후퇴시킬 수 있다는 분석이 나온다. 현재 미국 경제는 중동 분쟁 여파로 국제유가 급등과 공급망 불안에 직면해 있다. 즉...,https://www.newspim.com/news/view/20260403001252,11,,1
이란전 영향은 아직…美3월 고용 17.8만개↑ 깜짝 증가(종합),시장에서는 올해 연준의 금리 인하 폭을 기존 약 4bp에서 1bp 수준으로 낮춰 반영했다. 데이비드 로빈 TJM 인스티튜셔널 서비스 금리 전략가는 “연준이 최소 6월까지는 금리를 동결할 가능성이 점점 커지고 있다”며...,http://www.edaily.co.kr/news/newspath.asp?newsid=05392326645412512,6,,1
미국 3월 사업체 일자리 17.8만개 순증…실업률도 4.3%로 ↓(종합),미 연준은 3월 18일 기준금리를 연속 동결시켜 타깃범위가 3.50~3.75%에 있다. 제롬 파월 의장의 마지막 연준 정책이사회가 5월 초 예정되어 있다. 고용사정은 좋으나 전쟁 영향 인플레 상승이 우려되고 있다．,https://www.newsis.com/view/NISX20260403_0003577636,9,,1
美 3월 비농업 일자리 17.8만명 늘어…예상외 깜짝 증가(종합),가격과 전쟁 여파는 4월 고용 보고서부터 본격적으로 반영될 가능성이 크다. 이번 3월 고용 보고서가 연방준비제도의 금리 정책에 미칠 영향은 제한적일 전망이다. 연준은 지난달 기준금리를 3.50~3.75% 범위로 동결했다.,https://www.news1.kr/world/usa-canada/6125191,9,,1
미국 3월 비농업 고용 17만8000명 증가…예상치 상회,"출처는 Odaily다. 전월 수치는 -9만2000명에서 -13만3000명으로 하향 수정됐다. 이번 지표는 미국 고용 시장이 예상보다 견조하다는 신호로, 연준의 금리 경로와 가상자산 등 위험자산 투자심리에 영향을 줄 수 있다.",https://www.tokenpost.kr/news/breaking/346174,9,,1
"CME 페드워치 ""연준, 4월 금리 동결 확률 99.5%""","7%, 누적 25bp 인상 확률은 0.5%로 나타났다. 이번 수치는 비농업 고용지표 발표를 앞두고 공개됐다. 연준의 금리 경로는 비트코인과 이더리움을 포함한 위험자산 전반의 투자심리에 영향을 줄 수 있다.",https://www.tokenpost.kr/news/breaking/346172,6,,1
미 고용 서프라이즈에도 비트코인 잠잠…시선은 연준·유가로,연준이 금리를 곧 인상할 가능성은 낮은가요? 파월 의장의 발언에 따르면 유가 상승은 단기 변수로 인식되고 있어 즉각적인 금리 인상 가능성은 낮아 보입니다. 당분간은 상황을 지켜보는 관망 기조가 유지될...,https://www.tokenpost.kr/news/cryptocurrency/346167,6,,1
"[속보] 미국 3월 실업률 4.3%, 비농업 부문 고용 17만8000명 증가…글로...","한편 CME '페드워치(FedWatch)' 데이터에 따르면, 연방준비제도(연준)가 4월 회의에서 금리를 동결할 확률은 99.5%로 집계됐으며, 25bp 인상 확률은 0.5%에 그쳤다. 6월까지 25bp 인하 확률은 6.0%, 금리 동결 확률은 93.5%, 25bp...",https://www.cbci.co.kr/news/articleView.html?idxno=565383,11,,1
"[김현우의 핫스팟] 12단, 16단···HBM '바벨탑' 쌓는 판교 천재들","""최 상무, 이번 연준의 금리 인하 스탠스가 인공지능(AI) 시장에 어떤 영향을 미칠 것 같소?"" 최 상무의 눈동자가 잠시 길 잃은 양처럼 흔들리더니 이내 다급하게 스마트폰을 꺼내 든다. ""아, 잠깐만요. 제가 어제 노션에...",https://www.womaneconomy.co.kr/news/articleView.html?idxno=252036,6,,1
[줌인뉴스룸] '트럼프의 침묵'과 '이란의 통행세'... 호르무즈에 갇힌 한...,"미국 연준이 인플레이션 우려로 금리를 동결하거나 인상할 가능성이 제기되면서 전 세계적인 스태그플레이션 공포가 확산하고 있다. 배 소장은 ""에너지 가격 상승과 환율 변동이 맞물리며 한국 경제의 펀더멘털이...",https://www.pennmike.com/news/articleView.html?idxno=118084,9,,1
[크립토Now] 네이버-두나무 합병 연기…지연되는 스테이블코인 입법,"미 연준은 앞서 기준금리를 동결했습니다. 4월도 기준금리 동결 가능성이 커 보이는데, 시장에는 어떻게 작용하고 있습니까? Q. 글로벌 가상자산 시장의 분위기도 확인해보겠습니다. 가상자산과 관련한 제도권의 움직임이...",http://mbnmoney.mbn.co.kr/news/view?news_no=MM1005805700,12,,1
ALT/BTC MACD 4개월 연속 양봉…알트코인 반등 신호 쏠리나,또 미국 소비자물가지수(CPI)가 5년 만에 최저 수준으로 둔화되면서 연준의 긴축 압박이 완화된 점도... 변수(금리·전쟁·정책 발언)가 가장 큰 리스크 요인 MACD: 추세 전환과 모멘텀 강도를 보여주는 대표 기술지표...,https://www.tokenpost.kr/news/cryptocurrency/346088,9,,1
숨 가쁜 4월 국장 ‘릴레이 장세’ 미리보기⋯테슬라ㆍ삼성전자부터 종...,"한 연구원은 ""연준의 금리 인하 시점에 대한 시장의 피로감이 누적된 가운데, 월말 집중된 주요국 중앙은행의 통화정책 회의는 글로벌 유동성 환경의 향방을 결정짓는 분수령이 될 것으로 보인다""고 전망했다....",https://www.etoday.co.kr/news/view/2572591,12,,1
"국금센터 “미 장기 기대인플레 안정세…연준, 매파적 금리 동결 전망”",박 부장은 “장기 기대인플레이션의 안정세가 유지될 경우 연준은 금리인상보다는 매파적 동결 기조를 이어가며 물가 경로와 노동시장 추이를 관망할 가능성이 높다”고 전망했다. 한편 중동전쟁 이후 주요 투자은행...,http://www.edaily.co.kr/news/newspath.asp?newsid=04313206645412512,9,,1
돌아온 외국인…달러·원 14.5원 내린 1505원(종합),"이민혁 KB국민은행 이코노미스트는 ""이번 3월 고용이 예상보다 다소 낮게 나오더라도 '적정 수준'보다 높다면, 연준 금리인하 기대는 생각보다 크지 않을 전망""이라며 ""이 경우 달러 역시 큰 폭의 약세보다는 하방이...",https://www.news1.kr/finance/market-exr/6124847,10,,1
"성금요일 휴장에도 고용보고서는 발표, 3일 밤 9시 30분",인플레이션이 안정돼 있어도 고용 부문이 심각하게 둔화하면 연준은 금리를 인하하기도 한다. 특히 미국과 이란 전쟁으로 인플레이션이 치솟을 전망이어서 고용보고서는 어느 때보다 관심이 높다. 이날 고용보고서가...,https://www.news1.kr/world/usa-canada/6124633,6,,1
"[트럼프 카오스] ①""NO KINGS""...성난 美 국민에 동맹국 마저 싸늘한 시...","앞서 지난달 5일에는 크리스티 놈 국토안보부 장관을 해임하기도 했으며, 금리를 내리지 않는 제롬 파월 미 연방준비제도(Fed, 연준) 의장에 대해서도 노골적으로 불만을 드러내며 사임을 압박했다. 이같은 움직임은 미국...",http://www.opinionnews.co.kr/news/articleView.html?idxno=136228,11,,1
국내 금가격(금시세)이 국제 금값과는 다르게 상승세를 보인 이유,"비록 미 연준의 금리 인상 가능성이 금값에 부정적인 영향을 줄 수 있다는 분석도 있으나, 물가 상승세가 통제 불능 수준에 도달할 수 있다는 우려가 더 크게 작용하고 있다. 또한, 지난 2월 28일 분쟁 시작 이후 국제...",https://www.wikitree.co.kr/articles/1129572,6,,1
"폴리마켓, 주식·원자재 예측시장으로 확장…파이스 네트워크와 신뢰성...","거래량 급증…전통 금융으로 확장 가속 폴리마켓은 이미 138개의 원자재 시장과 함께 기업 실적, 연준 금리 결정, IPO, 외환 등 다양한 금융 이벤트 카테고리를 운영 중이다. 거래 규모도 빠르게 커지고 있다. 월간...",https://www.tokenpost.kr/news/blockchain/346043,13,,1
"비트코인, ETF 공백에 6만5000달러 지지선 흔들리나",미국 연준이 중요하게 보는 인플레이션 지표로 금리 정책에 직접적인 영향을 줌 왜 연휴 기간에는 비트코인 가격이 더 불안정해지나요? 연휴 동안 CME 선물과 ETF 자금 흐름이 중단되면서 기관 투자자의 참여가...,https://www.tokenpost.kr/news/cryptocurrency/346038,7,,1
"원화 약세, 외환보유액도 감소…외환시장 체력 '시험대'","물가 대응 차원에서 긴축 기조를 이어갈 여지가 있다는 설명이다. 그는 ""미 달러는 연준 금리 인하 기대에 맞춰 완만한 약세 흐름을 보일 것""이라며 ""원/달러 환율도 큰 틀에서 달러 방향성에 연동될 것""이라고 내다봤다.",https://www.sidae.com/article/2026040309114771122,11,,1
이창용 한은 총재 이달 퇴임…4년간 물가관리 성적은 몇등?,이 총재는 미국 연준에 앞서 선제적으로 금리 인상을 단행했다. 오랜 한국은행 근무 경험에 비추어 코로나 사태 때 막대하게 풀린 자금을 회수할 시기가 됐다는 생각이 들자 과감하게 행동에 옮긴 것이다. 이창용...,https://www.chosun.com/economy/economy_general/2026/04/03/IYLM7GBVUZEVXCXGOD2GUYI22E/?utm_source=naver&utm_medium=referral&utm_campaign=naver-news,19,,1
[이번 주 뉴스메이커] 도널드 트럼프·제롬 파월·누리엘 루비니,"유가 급등세에 시장에선 금리인상 전망이 나오고 있는데요. 제롬 파월 연준 의장은 현재로선 통화정책이 전쟁의 영향을 지켜보기 좋은 위치에 있다며, 금리인상 가능성에는 일단 선을 그었습니다. [제롬 파월 / 美 연준 의장...",https://biz.sbs.co.kr/article_hub/20000301854?division=NAVER,6,,1
"'이란사태 출구전략'에 쏠리는 시선, 증권계 2~3주 최대 고비될 전망","트럼프 대통령이 미국 경제 충격·중간선거·미-중 정상회담·미 연준의 금리인하 압박 등을 고려해 4월 중 출구전략을 이행할 가능성이 높다. iM증권은 ""불안해 보이는 트럼프 대통령의 출구전략이지만 그래도 출구전략이...",https://www.fetv.co.kr/news/article.html?no=216294,6,,1
"KPMG ""유가 충격으로 스태그플레이션 우려 커져""","하는 상황에서, 작년보다 더 심각한 곤경에 처하게 될 것이다""고 지적했다. 그는 ""하반기 금리 인상 가능성이 높아지고 있으며, 연준을 비롯한 다른 중앙은행들도 그렇게 할 수밖에 없을 것으로 예상한다""고 설명했다.",https://news.einfomax.co.kr/news/articleView.html?idxno=4407592,9,,1
"IMF ""美 연준, 앞으로 1년간 금리 인하 여지 거의 없어""","“에너지 가격 상승 따른 인플레이션 우려” “올 연말까지 한 차례 0.25%p 인하할 듯” 국제통화기금(IMF)이 향후 1년간 미국 연방준비제도(연준·Fed)의 금리 인하 가능성을 낮게 점쳤다. ""에너지 가격 상승에 따른...",https://www.theguru.co.kr/news/article.html?no=100073,11,,1
딜링룸 24시…챙겨봐야 할 국제경제뉴스,"미국과 이란의 갈등이 고조되면서 국제유가가 급등했고, 이는 연방준비제도(연준·Fed)의 정책금리 인하 기대감을 후퇴시켰기 때문이다. 금은 이자를 지급하지 않는 상품으로 저금리에 더욱 선호되는 경향이 있다. 2일...",https://news.einfomax.co.kr/news/articleView.html?idxno=4407579,11,,1
미 고용 지난달 17만8000명 깜짝 증가... 금리 인하 가능성 낮아져,"이란 전쟁에도 불구하고, 미국 고용 시장이 예상보다 견조한 것으로 확인되면서 연방준비제도(연준)가 금리 인하에 나설 이유가 줄었다는 관측이 나온다. 국제통화기금(IMF)은 2일 발간한 연례 미국 경제 점검...",https://www.chosun.com/economy/economy_general/2026/04/03/UND7YEXXHFFXVFSX2AVV7R7PUY/?utm_source=naver&utm_medium=referral&utm_campaign=naver-news,6,,1
[오늘의 금시세] 4월 3일 달러 강세·환율 하락 속 금값 혼조,"또한 시장은 연준이 2026년 내내 금리를 동결할 가능성을 반영하고 있으며, 이는 금 가격이 강한 상승 추세로 전환되기 어려운 환경을 형성하고 있다. ○ 국내외 금값 괴리 확대…투자심리 '이중 구조' 국내 금값은...",https://www.topstarnews.net/news/articleView.html?idxno=16024414,10,,1
연준 윌리엄스 “인플레·고용 위험 균형…금리 동결 지지”,존 윌리엄스 뉴욕 연방준비은행 총재가 인플레이션과 고용 관련 위험이 균형을 이루고 있다며 금리 동결을... 이에 따라 현행 금리 유지가 유리하게 작용할 것이라는 뜻을 시사했다. 윌리엄스 총재는 또 비은행권을...,https://www.tokenpost.kr/news/breaking/345886,9,,1
“달러화·미 국채 금리 안정세…트럼프 출구전략 경계 심리”<iM證>,"박 연구원은 “트럼프 대통령 입장에서 고유가에 따른 미국 경제 충격, 중간선거 및 5월 중순으로 예정된 미-중 정상회담 일정, 미 연준의 금리인하 압박을 위해서도 4월 중 출구전략을 본격화 할 가능성이 크다”면서도...",https://www.news2day.co.kr/article/20260403500070,10,,1
금시세(금값) 3일,"시장 전문가들은 상승하는 기름값과 끝을 알 수 없는 중동 전쟁이 인플레이션을 부추겨, 연준이 2026년 내내 금리를 단 한 번도 내리지 못할 가능성에 무게를 싣고 있다. 전쟁의 장기화는 본래 안전 자산에 긍정적인...",https://www.bntnews.co.kr/article/view/bnt202604030097,6,,1
"온스당 4,678달러·73.15달러… 금·은 동반 사상 최고가, 현직 대통령 ...","금과 은은 금리, 환율, 정치·지정학 변수에 동시에 영향을 받는 자산으로, 단기적으로는 예상치 못한 가격 변동이 나타날 수 있는 구조를 지니고 있다. 특히 미 연준의 정책 방향, 달러 가치, 주요 지역의 군사·외교 상황...",https://www.tokenpost.kr/news/economy/345874,10,,1
"트럼프 ""2~3주 내 이란 타격"" 경고…유가 11% 급등·달러 강세",다만 독일 국채금리는 유가 상승에 따른 인플레이션 우려로 상승하는 등 지역별 차별화가 나타났다. 거시경제 측면에서는 인플레이션 압력이 다시 부각되고 있다. 연준 인사들은 유가 상승이 단기간 내 해소되기...,https://www.tokenpost.kr/news/international/345869,14,,1
"‘반쪽 출구전략’ 우려에도…시장, 이란 리스크 정점 통과 주목","특히 고유가가 미국 경제에 주는 부담, 중간선거와 미·중 정상회담 일정, 연준에 대한 금리인하 압박 등을 고려하면 트럼프 대통령 입장에서는 4월 중 출구전략을 추진할 유인이 크지만, 원하는 방식의 출구가 가능할지는...",http://www.edaily.co.kr/news/newspath.asp?newsid=02755206645412512,6,,1
"[ETF 리그테이블] [2026년 1Q] 국장은 삼성, 미장은 미래…그런데 전쟁이...",동시에 연준의 금리 인하 기대감이 후퇴하며 주식 시장에 부정적 영향을 미쳤다. 특히 코스피는 약 20% 하락하며 민감하게 반응했다. 동기간 S&P500은 5~6% 하락하는데 그치며 상대적으로 방어적인 모습을 보였다....,https://dealsite.co.kr/articles/159548,9,,1
[뉴욕마켓워치] 호르무즈 통항 프로토콜 어떻게 나올까…채권·달러↑주...,"시카고상품거래소(CME) 페드워치에 따르면, 연방기금금리(FFR) 선물시장은 뉴욕 오후 3시 59분께 미국 연방준비제도(연준ㆍFed)가 오는 12월까지 금리를 동결할 가능성을 74.6%로 반영했다. 12월까지 금리가 25bp 인상될...",https://news.einfomax.co.kr/news/articleView.html?idxno=4407543,14,,1
"“트럼프 발언, 매도세 촉발”…비트코인 1억원선 위기","예상치를 하회하는 경우는 고용 시장이 탄탄하다는 신호로, 연준이 인플레이션 억제에 집중해 금리를 동결하거나 인상하는 명분이 될 수 있다. 비트코인은 2일 오전 10시(이하 한국시간 기준) 트럼프 대통령...",http://www.edaily.co.kr/news/newspath.asp?newsid=02722406645412512,6,,1
[아주사설 | 기본·원칙·상식] 유가·물가·환율 동시에 흔들린 일주일...,"3일 서울 중구 하나은행 본점 딜링룸 현황판에 원/달러 환율, 코스피 지수가 표시돼 있다. [사진=연합뉴스] 이 한 주는 특히 ‘시차’라는 단어를 다시 떠올리게 했다. 유가 충격은 바로 물가로 나타나지 않는다. 운임과...",https://www.ajunews.com/view/20260403182057926,9,,1
[기원상컬럼] 트럼프가 흔든 한 주…전쟁보다 더 컸던 불확실성,"원·달러 환율은 1500원을 넘나들었고, 에너지 가격은 생활 속으로 들어왔다. 소비자물가는 2.2%로 비교적 안정적으로 보였지만, 그 안을 들여다보면 이미 변화의 징후는 분명했다. 석유류 가격은 9.9% 상승했고, 물가를...",https://www.ajunews.com/view/20260403183634932,4,,1
“충격은 다르게 온다…전쟁 여파로 초양극화 심화할 것”,"“안전통화인 달러가 강세가 되면서 원·달러 환율이 많이 올랐다. 반도체 등 일부 수출 대기업들은 가격경쟁력 상승으로 달러화를 벌어들이니 좋지만, 반대로 수입 물가가 뛰면서 내수에는 악영향을 미친다. 또...",https://www.khan.co.kr/article/202604040800001,4,,1
[키워드로 읽는 경제 트렌드] 이란 전쟁,국제유가 상승 여파로 원·달러 환율은 2009년 3월 금융위기 이후 처음으로 장중 1500원을 넘어섰다. 3월 16일 서울 외환시장에서 원·달러 환율은 전 거래일보다 7.3원 오른 1501.0원으로 출발했다가 이후 상승 폭이...,http://woman.chosun.com/news/articleView.html?idxno=125399,11,,1
[4일 금값 시세] 안전자산 몰린 돈 어디까지…금·은·백금 동반 급등 충...,"금은 장기적으로 안정적인 자산이지만, 단기적으로는 환율과 금리, 달러 강세 등 다양한 변수에 영향을 받기 때문이다. 제품별 매입 시세를 보면 투자와 실물 수요의 온도차도 읽힌다. 골드바와 검인 제품은 84만원으로...",https://www.pinpointnews.co.kr/news/articleView.html?idxno=442710,5,,1
'서학개미 귀환 계좌' 9만 개…자금 유입은 0.2% 수준,[박상현/iM증권 연구위원 : 이란 사태가 또 어떻게 전개가 될지 또 추가적으로 국내 증시가 하락할 수도 있고 특히 이제 원·달러 환율같은 경우도 추가 상승할 수도 있지 않을까라는 우려감 뭐 이러한 것들이 (작용한 것...,https://news.sbs.co.kr/news/endPage.do?news_id=N1008504995&plink=ORI&cooper=NAVER,4,,1
[주간증시전망] “7일 삼성전자 1분기 잠정 실적 발표…실적 모멘텀에 ...,나정환 NH투자증권 연구원은 “삼성전자의 잠정 실적 발표가 예상보다 좋다면 주가의 실적 모멘텀으로 작용할 수 있다”면서 “높은 원달러 환율을 감안할 때 수출주 실적에 대한 기대감도 유효하다”고 설명했다....,http://www.segyebiz.com/newsView/20260403514164?OutUrl=naver,6,,1
“이란을 석기시대로 되돌리겠다”…트럼프 대국민 연설은 ‘종전’ 아...,2일자 1면 사진은 중동전쟁 종식에 대한 기대감으로 코스피는 급등하고 원·달러 환율은 크게 떨어진 금융시장의 모습입니다. 다음날 예정된 트럼프의 이란전 관련 대국민 연설에 대한 기대도 반영됐습니다. 트럼프의...,https://www.khan.co.kr/article/202604040700011,7,,1
사진으로 보는 일주일 [뉴시스Pic],왔습니다' 여의도 윤중로 교통통제 '벚꽃 아래서' 고유가에 비상경영 선포한 대한항공 공사장까지 덮친 '나프타 쇼크' 원·달러 환율 '1520원을 돌파' 17년 만에 최고치 BTS 5집 아리랑 타이틀곡 '스윔' 빌보드 핫100 1위,https://www.newsis.com/view/NISX20260403_0003577167,4,,1
“팔 만큼 팔았다” 돌아온 외국인… 코스피 반등 열쇠 될까 [코주부],달러당 1530원 선까지 치솟았던 원·달러 환율이 정점을 지나 꺾이고 있는 점도 긍정적 시그널이다. 환율 상승은 외국인에게 환차손 우려에 따른 차익 실현의 빌미를 제공한다. 이날 환율은 1508.20원에 마감하며 외국인...,https://www.sedaily.com/article/20028164?ref=naver,6,,1
"""원화에 쏠린 시선…진짜 위험은 달러 스테이블코인""",신현송 한국은행 총재 후보자가 과거 스테이블코인에 대해 환율 변동성이 높고 자본유출 가능성을 언급해온... 대상은 '달러 스테이블코인'이라고 말했다.최재원 교수는 4일 머니투데이방송(MTN)과의 인터뷰에서...,https://news.mtn.co.kr/news-detail/2026040314385277329,7,,1
"[주간증시전망] 반등한 코스피, 지속성 시험대…삼성전자 실적에 주목","아주경제=양보연 기자 byeony@ajunews.com 지난 3일 서울 중구 하나은행 본점 딜링룸 현황판에 원·달러 환율, 코스피 지수가 표시돼 있다. [사진=연합뉴스] 코스피가 지난 3일 외국인과 기관의 동반 매수에 힘입어 반등에...",https://www.ajunews.com/view/20260403172459874,10,,1
전쟁에도 ‘불닭볶음면’은 잘 팔려…고환율 시기에 주목할 종목,원·달러 환율 1500원 넘어 ‘고환율’ 지속 식품·완성차·엔터 등 환율수혜株 주목 장기간 원화 약세가 이어지는 가운데 이란 전쟁 여파로 고환율이 장기화할 것이라는 전망이 나오면서 ‘환율 수혜주’에 대한 관심도...,https://biz.chosun.com/stock/stock_general/2026/04/04/VSYLOYKOHBB6FIODRAQ6VWXKFQ/?utm_source=naver&utm_medium=original&utm_campaign=biz,5,,1
"4대 금융, 이자이익 덕에 1Q 선방…환율 리스크는 부담",실제로 지난달 원·달러 환율이 1500원대에서 등락하면서 은행의 환평가손 발생이 불가피했을 것으로 보인다. 백두산 한국투자증권 연구원은 “1~2월 주식시장 강세에 따른 주식 관련 손익 확대에도 불구하고 환율 및...,https://www.kukinews.com/article/view/kuk202604030177,9,,1
전쟁 리스크가 덮은 원화의 체급…1500원 환율의 착시,3월 31일 원·달러 환율은 1530.1원으로 정규장을 마감하며 글로벌 금융위기 당시인 2009년 3월 이후 최고치를 경신했다. 이후 중동 상황 진정을 반영하며 소폭 반락하는 흐름이다. 상상인증권은 ‘4주 이상의 전쟁 장기화’...,https://magazine.hankyung.com/business/article/202604012889b,12,,1
"""공사할수록 손해""…공사비 인상 분쟁 '도미노' 우려[건설 현장 중동 쇼...",서울 외환시장에 따르면 지난달 31일 원·달러 환율은 전 거래일(1515.7원)보다 14.1원 오른 1530.1원에 주간 거래를 마감했다. 주간 거래 기준으로 종가가 1530원을 넘은 것은 글로벌 금융위기였던 2009년 3월 9일(1549원) 이후...,https://www.newsis.com/view/NISX20260403_0003577352,11,,1
삼성전자 분기 영업익 '50조'·LG전자 '역대급 매출' 잭팟 예고,"달러 결제 비중이 높은 반도체 사업 특성상 원/달러 환율 상승은 영업이익 확대에 직접적인 호재로 작용했다. 김동원 KB증권 리서치본부장은 ""올 1분기에 이어 2분기에도 메모리 가격 인상 폭이 시장 예상치를 넘어설...",https://it.chosun.com/news/articleView.html?idxno=2023092159790,4,,1
[워-리세션(War-cession)] 중동전쟁 장기화에 '스태그플레이션' 우려…고...,◆한미 금리차에 외환정책 수단 한계 1500원을 넘어선 원달러 환율도 정부에 부담을 주고 있다. 고육가와 고환율이 겹치면서 밀·콩·옥수수 등 원자재 수입 단가에도 영향을 주고 있다. 결과적으로 물가를 밀어올리는...,https://www.newspim.com/news/view/20260403001238,5,,1
"환율 1500원 시대, 4월에 찾아올 두가지 변수?[계좌부활전]","중동전쟁 여파로 원달러 환율이 글로벌 금융위기 이후 17년 만에 1500원을 돌파했습니다. 국제유가 급등으로 인플레이션(물가상승)에 대한 우려로 금리가 상승한 것은 물론, 외국인이 3월 한 달 동안 35조 8800억원...",https://www.nocutnews.co.kr/news/6495777?utm_source=naver&utm_medium=article&utm_campaign=20260404050101,12,,1
고환율·고유가 중동전쟁에 '파생관세'까지…韓 산업계 '한숨',"여기에 철광석·원료탄을 대부분 달러로 수입하고 있어 환율 상승 역시 원가 상승과 직결된다. 에너지 소비가 많은 산업 특성에 물류비, 보험료까지 크게 증가하고 있는 상황이다. 국내 주요 철강업체들은 파생제품 관세...",https://www.nocutnews.co.kr/news/6496577?utm_source=naver&utm_medium=article&utm_campaign=20260404050105,5,,1
"환율 방어에, 3월 외환보유액 40억달러 감소",외환 당국이 달러 강세에 따른 원-달러 환율 상승(원화 가치 하락)을 막기 위해 시중에 달러를 푼 영향으로 풀이된다. 3일 한국은행에 따르면 3월 말 한국의 외환보유액은 4236억6000만 달러로 집계됐다. 2월 말과...,https://www.donga.com/news/Economy/article/all/20260403/133673478/2,13,,1
韓외환보유액 세계순위 10→12위로 하락… 더 떨어질수도,"중동 전쟁의 여파로 글로벌 금융시장 불안이 확산하면서 달러 강세가 두드러졌는데, 원-달러 환율이 지난달에만 6.3% 상승(원화 가치는 하락)하면서 주요국 통화와 비교해 유독 크게 평가 절하됐다. 이 같은 과도한 쏠림...",https://www.donga.com/news/Economy/article/all/20260403/133673299/2,6,,1
힘 부치는 환율방어…외환액 10위권 이탈,"지난해 4분기 초 1400원대였던 원-달러 환율이 연말 들어 1480원대까지 치솟자, 외환당국은 지난해 4분기 환율 방어를 위해 224억6700만 달러를 순매도했다. 2019년 3분기 이후 역대 최대다. 엎친 데 덮친 격이다. 정부...",https://www.joongang.co.kr/article/25417444,4,,1
"따뜻한 날씨와 성큼 다가온 봄...벚꽃 만개한 여의도, 이번 주말 절정! ...",계속되는 원달러 고환율 1일 오후 서울 중구 하나은행 딜링룸 전광판에 실시간 원달러 환율이 표시되고 있다. 국민의힘 최고위원회의 장동혁 국민의힘 대표가 2일 오전 서울 여의도 국회에서 열린 국민의힘...,https://www.dailian.co.kr/news/view/1629332/?sc=Naver,3,,1
"환율 방어하다 외환 보유액 세계 10위권 밖으로…원화 가치, 이집트.헝...","올해 2월 27일 1439.7원으로 주간 거래를 마쳤던 원-달러 환율은 3월 31일 1530.1원으로 마감했습니다. 한 달 새 90.4원, 6.3%나 치솟은 겁니다. 3월 원-달러 평균 환율은 1492.5원으로, 미국발 관세 충격이 덮쳤던 지난해...",https://www.jibs.co.kr/news/articles/articlesDetail/59718?feed=na,5,,1
"내 존엄을 위협하는 거대 위기… 할 수 있는 일이 없다, 값싼 쇼핑 밖엔","취미로 피규어를 만드는 한 20대 남성은 “달러 환율이 1500원이 넘었는데 나프타 사태로 부품 값이 더 오를 것 같아 수십만원어치를 해외 직구했다. ‘대체품이 갈 수도 있다’는데, 어쨌든 오늘이 제일 싼 것 같아...",https://www.chosun.com/national/weekend/2026/04/04/ZX4QGZV3LRDH7AAURPVPXF2G6E/?utm_source=naver&utm_medium=referral&utm_campaign=naver-news,4,,1
"""바나나 너마저""…고환율에 수입 먹거리도 '들썩'","원·달러 환율이 1,500원선을 넘어서면서 수입 단가가 오른데다 중동 전쟁 여파로 유통망까지 불안해진 영향입니다. 정부가 지난 2월부터 바나나와 망고, 파인애플 등 수입 과일에 할당관세를 적용해 기존 30%였던 관세를 5...",http://www.yonhapnewstv.co.kr/MYH20260404002636Ey8,4,,1
"[사설] ""4월 이후가 더 걱정""…오일플레이션 단단히 대비할 때",1500원대로 올라선 원·달러 환율도 수입물가에 시차를 두고 반영돼 소비자물가 상승 압력을 키울 전망이다. 벌써부터 4월 소비자물가 상승률이 2%대 후반이 될 것이란 전문가 전망이 나오고 있다. 26조2000억원 규모...,https://www.hankyung.com/article/2026040377571,4,,1
"[사설] 외환보유액 40억 달러 급감, ‘경제 방파제’ 흔들려선 안 돼",미 달러화 강세로 기타 통화 외화 자산의 달러 환산액이 줄어든 데다 원·달러 환율이 급등하면서 한은이 국민연금과의 외환 스와프 등 시장 안정화 조치에 나선 결과 감소 폭은 2025년 4월 이후 11개월 만에 최대에...,https://www.sedaily.com/article/20028198?ref=naver,9,,1
"[증권 뉴스브리핑] 대법 ""정영채 전 NH 대표 중징계 취소""/불장에 10대 증...","RIA는 환율 안정과 국내 자본시장 활성화를 목적으로 출시된 특별 전용 계좌다. 이른바 '서학 개미'가... 이어 ""1분기 무역흑자가 498억달러로 역대 최고치를 기록했고, 지난달 말부터 본격적인 세계국채지수(WGBI)...",https://www.asiatime.co.kr/article/20260403500262,7,,1
"달러-원, 美 휴장 속 1,500원 후반대 유지…10.70원↓","4%~4.5%를 기록할 것으로 추정했다. 같은 시각 달러 인덱스는 99.972를 나타냈다. 달러-엔 환율은 159.544엔, 유로-달러 환율은 1.15440달러였다. 역외 달러-위안(CNH) 환율은 6.8829위안으로 하락했다.",https://news.einfomax.co.kr/news/articleView.html?idxno=4407682,4,,1
고환율에 ‘정부가 달러 매각 강제·환전제한’ 헛소문… “고발 등 엄...,미국·이스라엘의 이란 공습 이후 원·달러 환율은 주요국 통화와 비교해 유독 약세다. 지난달 중순 1500원대로 올라선 환율은 이후 이틀간 1490원 후반으로 다소 진정됐으나 지난달 26일 주간거래종가(오후 3시30분 기준)가...,https://www.segye.com/newsView/20260403511361?OutUrl=naver,4,,1
"[아주경제 오늘의 뉴스종합] 여야 6당, 야당 불참에도 헌법개정안 발의...","환율, 7거래일째 1500원대…""과거보다 절하폭 낮아, 위기 아니다"" ​​​​​​​ 원·달러 환율이 7거래일 연속 1500원대를 이어가고 있다. 과거 위기 국면에서나 볼 수 있었던 환율 레벨이 지속되면서 경계감도 커지는...",https://www.ajunews.com/view/20260403213722968,4,,1
[이시각헤드라인] 4월 3일 뉴스투나잇,원달러 환율은 14원 넘게 하락했습니다. ■오늘 밤부터 전국 비바람…남부·제주 집중호우■ 오늘 밤부터 내일 낮 사이 전국에 비바람 소식이 있습니다. 서울 등 내륙 대부분은 최대 40mm에 그치겠지만 제주 산지에는 최고...,http://www.yonhapnewstv.co.kr/MYH202604032146482AY,4,,1
'서학개미 귀환 계좌' 9만 개…자금 유입은 '미미',[박상현/iM증권 연구위원 : 이란 사태가 또 어떻게 전개가 될지 또 추가적으로 국내 증시가 하락할 수도 있고 특히 이제 원·달러 환율같은 경우도 추가 상승할 수도 있지 않을까라는 우려감 뭐 이러한 것들이 (작용한 것...,https://news.sbs.co.kr/news/endPage.do?news_id=N1008504781&plink=ORI&cooper=NAVER,4,,1
환율 방어하다 40억달러 증발…외환보유액 10위권서 밀려났다,"중동 전쟁의 여파로 글로벌 금융시장 불안이 확산하면서 달러 강세가 두드러졌는데, 원-달러 환율이 지난달에만 6.3% 상승(원화 가치는 하락)하면서 주요국 통화와 비교해 유독 크게 평가 절하됐다. 이같은 과도한 쏠림...",https://www.donga.com/news/Economy/article/all/20260403/133670525/1,6,,1
[이시각헤드라인] 4월 3일 뉴스리뷰,원달러 환율은 14원 넘게 하락했습니다. ■종량제 봉투 검수 10→1일로…규제 한시 완화■ 정부가 종량제 봉투의 품질 검수 기간을 기존 열흘에서 하루 이내로 대폭 줄이기로 했습니다. 원자재 공급망이 차질을 빚는...,http://www.yonhapnewstv.co.kr/MYH20260403203257tuI,4,,1
"'돌아온 외국인'…코스피, 2%대 올라 5300선 회복","37%, 5.54% 상승 마감했다. 코스닥 지수는 0.70% 오른 1063.75에 거래를 마쳤다. 서울 외환시장에서 오후 3시 30분 기준 달러 대비 원화 환율은 14.5원 내린 1505.2원으로 마감했다.",https://news.tvchosun.com/site/data/html_dir/2026/04/03/2026040390315.html,9,,1
호르무즈 해협 개방 기대에…환율 14.5원 내린 1505.2원,원 달러 환율이 3일 이란이 호르무즈 해협 통행 방식을 논의하고 있다는 소식에 14원 넘게 급락했다. 이날 서울외환시장에서 미국 달러화 대비 원화 환율의 주간 거래 종가(오후 3시 30분 기준)는 전날보다 14.5원...,https://news.tvchosun.com/site/data/html_dir/2026/04/03/2026040390314.html,5,,1
환율 방어 등에 3월 외환보유액 40억달러 '뚝'…11개월만에 최대폭,"지난달 외환보유액이 달러 강세와 환율 변동성 관리 등의 영향으로 40억달러 가까이 줄어든 것으로 나타났다. 3일 한국은행에 따르면, 3월 말 기준 우리나라 외환보유액은 4236억6000만달러(약 641조원)로...",https://news.tvchosun.com/site/data/html_dir/2026/04/03/2026040390259.html,12,,1
'돌아온 외국인'에 코스피 2%대 상승 마감…환율은 14원 '뚝',"반면 개인은 홀로 2조원 넘게 순매도하며 차익 실현에 나섰다. 반도체 투톱 삼성전자와 SK하이닉스는 전날의 충격을 딛고 각각 4%, 5%대 상승률을 보였다. 원달러 환율은 14원 넘게 내린 1505원대에 주간거래를 마쳤다.",https://news.tvchosun.com/site/data/html_dir/2026/04/03/2026040390255.html,6,,1
'외국인 귀환'에 코스피 반등…환율은 14원 '뚝',"원·달러 환율은 14원 넘게 하락했습니다. 배시진 기자입니다. [기자] 중동 사태 여파로 급등락을 반복하며 '롤러코스터 장세'를 이어온 우리 증시. 한 달 넘게 이어진 중동 사태 속에, 이란이 호르무즈 해협 통행 재개를...",http://www.yonhapnewstv.co.kr/MYH20260403192832LEy,6,,1
부진 탈출 앞두고 美 변수 만난 철강 3사…관세·환율·탄소 ‘3중 압박...,"원·달러 환율이 1500원대에서 유지되면서 철광석과 원료탄 등 수입 원가 상승 압력이 지속되는 구조다. 여기에 ESG 관련 부담도 확대되고 있다. 탄소배출 규제 강화와 함께 전기로 전환, 저탄소 공정 구축 등 대규모 설비...",https://www.socialvalue.kr/news/view/1065598400905900,4,,1
"달러-원, 런던장서 1,500원 중후반대 유지…11.90원↓","조기 마감할 예정이어서 달러-원 움직임도 제한될 수 있다. 같은 시각 달러 인덱스는 99.989를 나타냈다. 달러-엔 환율은 159.604엔, 유로-달러 환율은 1.15420달러였다. 역외 달러-위안(CNH) 환율은 6.8810위안으로 하락했다.",https://news.einfomax.co.kr/news/articleView.html?idxno=4407677,4,,1
"‘외국인 복귀’ 코스피 2%대 상승…환율 1,505.2원","중동 사태 종전 기대는 꺾였지만, 이란이 호르무즈 해협 통행 방식을 논의하고 있다고 밝힌 게 시장에 영향을 준 거로 풀이됩니다. 원·달러 환율은 어제보다 14원 50전 내린 1,505원 20전에 주간 거래를 마쳤습니다.",https://news.kbs.co.kr/news/pc/view/view.do?ncd=8526507&ref=A,6,,1
"'환율 방어' RIA, 열흘새 9만좌 돌파","RIA 일일 가입현황 [사진=금융투자협회] 중동발 지정학적 리스크로 원·달러 환율이 1500원대에 머무는 가운데, 외환시장 방어 카드로 출시된 '국내시장 복귀계좌(RIA)'에 10여 일만에 4800억원의 자금과 9만개 이상의...",https://www.ntoday.co.kr/news/articleView.html?idxno=126347,5,,1
치솟는 유가·환율에...물가 상승은 '시간문제',"이미 원-달러 환율이 1,500원을 넘어서며 수입 원자재 가격 상승 압력이 커지는 데다 포장재 원료 수급까지 흔들리면서 식품업계 전반에 원가 부담은 가중되고 있습니다. [이 두 원 / 국가데이터처 경제동향통계심의관]...",https://www.ytn.co.kr/_ln/0102_202604031837134130,4,,1
'돌아온 외국인'에 코스피 반등…환율은 14원↓,"호르무즈 해협 개방 기대감에 원·달러 환율은 14.5원 급락해 1,505.2원에 주간거래를 마쳤습니다. 다만, 고유가의 영향으로 환율은 여전히 7거래일 연속 1,500원대에 머무르고 있습니다. 연합뉴스TV 배시진입니다....",http://www.yonhapnewstv.co.kr/MYH20260403183604cMK,6,,1
[서환-마감] 호르무즈 개통 기대·外人 증시 복귀로 하락…14.50원↓,"유로-달러 환율은 1.15350달러, 달러 인덱스는 100.028을 나타냈다. 역외 달러-위안(CNH) 환율은 6.8823위안이었다. 위안-원 직거래 환율은 1위안당 218.54원에 마감했다. 장중 저점은 218.31원, 고점은 219.48원이다. 거래량은...",https://news.einfomax.co.kr/news/articleView.html?idxno=4407672,4,,1
['클릭' 증시] 지정학적 리스크 정점 통과..외국인 순매수 전환,"서울 외환시장에서 원·달러 환율은 오후 3시30분 기준 전일 대비 3.6원 내린 1507.0원에 거래됐다. 유가증권시장에서 외국인은 8146억원, 기관은 7238억원을 순매수한 반면 개인은 2조949억원을 순매도했다. 외국인은...",http://www.00news.co.kr/news/articleView.html?idxno=103025,4,,1
"트럼프 ‘만우절’ 또 급등락 한 주… 전쟁추경, 다주택자규제까지 [영...",원·달러 환율은 1500원 선 위에서 등락을 반복하면서 외환 위기 우려를 제기하는 이들도 있죠. 하지만 한국은행은 현재 상황이 1997년 외환위기 때와는 구조적으로 다르다는 입장입니다. 외환위기 때는 달러 자체가 부족한...,https://www.kmib.co.kr/article/view.asp?arcid=0029628076&code=61141111&cp=nv,12,,1
환율 1505원대로 급락…호르무즈 해협 기대에 원화 강세,서울 외환시장에서 원달러 환율이 큰 폭으로 하락하며 장을 마쳤다. 3일 주간 거래 종가(오후 3시 30분 기준)는 전날보다 14.5원 내린 1505.2원으로 집계됐다. 장 초반 1510.8원으로 출발한 환율은 한때 1503.7원까지 밀렸고...,https://www.ebn.co.kr/news/articleView.html?idxno=1704416,5,,1
"종전 기대 꺾고 ""석기시대"" 강공 택한 트럼프… 코스피 4400까지 밀리나","서울 외환 시장에서 원·달러 환율은 전일 대비 18.4원 오른 1519.7원에 마감했고, 장중에는 1524.1원까지 올랐다. 국제 유가 역시 급등했다. WTI 선물은 9% 올라 배럴당 109달러를 넘었고, 브렌트유도 8% 상승하며 109달러선을...",https://www.thepublic.kr/news/articleView.html?idxno=299929,6,,1
[중국증시-마감] 중동 불안·지표 부진에 1%대 하락,중국 인민은행(PBOC)은 위안화를 절하 고시했다. 달러-위안 거래 기준환율은 전장 대비 0.0049위안(0.07%) 올라간 6.8929위안에 고시됐다. 중국 증시는 오는 6일 청명절 연휴로 휴장한다.,https://news.einfomax.co.kr/news/articleView.html?idxno=4407668,7,,1
"코스피, 2% 올라 5300선 회복… 외국인 12일만에 복귀","서울 외환시장에서 달러 대비 원화 환율은 오후 3시 30분 기준 전 거래일 대비 14.2원 내린 1505.2원에 주간 거래를 마쳤다. 강진혁 신한투자증권 연구원은 ""시시각각 변하는 중동 정세에 변동성이 커지고 있다...",https://it.chosun.com/news/articleView.html?idxno=2023092159837,7,,1
"호르무즈 해협 완전 개방 기대…원/달러 환율 1,505.2원으로 급락","호르무즈 해협 긴장 완화 기대감이 커지면서 원/달러 환율이 1,500원 초반대로 밀려났다. 외국인 투자자가 12거래일 만에 국내 주식을 순매수로 전환한 것도 원화 강세를 거들었다. 서울외환시장에서 3일 오후 3시 30분...",http://www.newsroad.co.kr/news/articleView.html?idxno=57288,6,,1
"경제부총리 구윤철 NH투자증권 방문해 RIA 현장점검, ""시장교란·투기 행...",<재정경제부> 구윤철 경부총리 겸 재정경제부 장관이 원/달러 환율 안정화를 위해 도입한 국내시장 복귀계좌(RIA) 현황을 점검했다. 재정경제부는 3일 구 부총리가 최근 출시된 RIA 관련 현장 점검을 위해 서울 여의도...,https://www.businesspost.co.kr/BP?command=article_view&num=434964,4,,1
"‘호르무즈 긴장 완화 기대’ 환율 14.5원↓…외인 12일 만 순매수, 코스...","중동 긴장 완화 기대와 외국인 자금 유입이 맞물리면서 원·달러 환율이 14원 넘게 하락하고, 코스피는 5370선을 회복했다. 3일 서울외환시장에서 원·달러 환율은 전날보다 14.5원 내린 1505.2원에 주간 거래를 마쳤다....",https://www.betanews.net/article/view/beta202604030067,6,,1
[위클리오늘] 3월 외환보유액 40억 달러 급감···26년 만의 세계 10위권...,"한국은행이 발표한 '2026년 3월 말 외환보유액'에 따르면 지난달 말 기준 외환보유액은 4236억6000만 달러로, 전월 대비 39억7000만 달러 감소했다. 환율이 전날 장중 1520원에 육박하는 등 외환시장 변동성이 극심해지자...",http://www.weeklytoday.com/news/articleView.html?idxno=769303,12,,1
[헬로스톡] 4월 3일 주목할 종목: NAVER·한올바이오파마·코스맥스·RF머...,"원/달러 환율은 1,507.0원(-3.6원)으로 4일 연속 강세를 보였으며, 국제유가(WTI)는 111.54달러(+11.41%)로 3일 만에 상승했다. 해외 증시는 다우(-0.1%), 나스닥(+0.2%), DAX(-0.6%) 등 미국·유럽 증시가 혼조세를 보인 반면...",https://www.hellot.net/news/article.html?no=111863,4,,1
호르무즈 개방 기대감…코스피 5370선대 반등,"달러-원 환율도 다소 진정이 됐지만 여전한 불확실성에 살얼음판 장세가 계속되고 있습니다. 신다미 기자, 증시 마감 상황부터 전해주시죠. [기자] 코스피는 어제(2일)보다 2.74% 오른 5377.30에 장을 마쳤습니다. 지난달...",https://biz.sbs.co.kr/article_hub/20000301999?division=NAVER,6,,1
"韓, 3월 외환보유액 4236억 달러…환율 치솟으며 39억달러 감소",한은은 미 달러화에 대한 원화 환율이 치솟으며 기타 통화 외화 자산의 미국 달러 환산액이 줄고 국민연금과의 외환 스와프 등 시장 안정화 조치 등으로 외환보유액이 감소했다고 설명했다. 현금성 자산인...,https://economist.co.kr/article/view/ecn202604030020,10,,1
LCC 위기 확산…노선감축 도미노에 동전주 전락도,항공기 리스료와 정비비 등 주요 비용이 달러로 지급되는 구조여서 원달러 환율 1500원대 유지가 부담을 키우고 있습니다. 일부 항공사는 주가까지 흔들립니다. 티웨이항공은 최근 800원대까지 하락하며 동전주에...,https://www.sentv.co.kr/article/view/sentv202604030059,5,,1
환율 고공행진 속 RIA 4800억 몰려,다만 원·달러 환율은 중동 사태 여파로 여전히 1500원대에서 움직이고 있다. 구윤철 부총리 겸 재정경제부 장관은 3일 서울 여의도 NH투자증권 본점을 방문해 RIA 판매 현장을 점검했다. RIA는 국내 달러 유입을...,https://www.hankyung.com/article/2026040378381,4,,1
"""고환율ㆍ고유가로 비행기 취소됐어요"" 면세업계 날벼락",면세점은 물건을 직접 매입해 달러로 판매하기 때문에 환율이 높을 수록 가격 경쟁력이 떨어집니다. 또 단체 여행보다 개인 관광으로 한국을 찾는 외국인이 늘면서 면세점 쇼핑 수요가 줄어들기도 했습니다. 상황이...,https://news.mtn.co.kr/news-detail/2026040316372985459,0,,0
환율방어 등에 외환보유액 3월에만 약 6조원 줄어...심각한 상황,지난달 우리나라 외환보유액이 달러 강세와 외환시장 안정 조치 영향으로 약 40억달러(한화 약 6조원) 감소한 것으로 나타났다. 3일 한국은행에 따르면 3월 말 기준 외환보유액은 4236억6000만달러로 집계됐다. 이는...,https://www.pennmike.com/news/articleView.html?idxno=118087,12,,1
"외국인 12일 만에 '사자'… 코스피, 하루 만에 5370선 회복","알테오젠은 3.84% 상승하며 에코프로를 제치고 코스닥 시가총액 1위에 올랐다. 한편, 이날 오후 3시 30분 기준 서울 외환시장에서 원·달러 환율은 전 거래일보다 14.5원 내린 1505.2원을 기록했다.",https://www.industrynews.co.kr/news/articleView.html?idxno=79652,8,,1
"코스피, 하루 만에 반등…2%대 상승 마감",논의하고 있다는 소식이 전해지면서 투자심리가 회복된 영향으로 풀이됩니다.코스닥도 0.70% 오른 1063.75에 종료했습니다.원·달러 환율은 14.5원 내린 1505.2원에 거래를 마쳤습니다. 김다솔 머니투데이방송 MTN 기자,https://news.mtn.co.kr/news-detail/2026040315453928319,2,,1
"""환율 방어에 곳간 줄었다""…3월 외환보유액 39억 달러↓","원달러 환율이 급등해 기타 통화 외화 자산의 미국 달러 환산액이 줄었고, 국민연금과의 외환 스와프 등 시장 안정화 조치도 영향을 미쳤습니다. 외환보유액 규모는 지난 2월 기준으로 이탈리아와 프랑스에 밀려...",https://news.mtn.co.kr/news-detail/2026040316053097603,4,,1
"원달러 환율, 호르무즈 해협 통행 기대감 1505.2원",3일 서울 중구 하나은행 본점 딜링룸 현황판에 원달러 환율이 표시돼 있다. [연합뉴스]  원달러 환율인 이란의 호르무즈 해협 통행 규약 초안 검토 소식에 하락했다. 3일 서울외환시장에서 원달러 환율은 주간...,https://www.ziksir.com/news/articleView.html?idxno=129704,7,,1
외환보유액 40억달러 감소…11개월 만 최대폭,미국의 상호관세 발표 등으로 원·달러 환율이 상승하자 외환당국이 시장 안정화에 나서면서 외환보유액이 감소한 것으로 풀이됩니다. 외환보유액은 지난 2월 외국환평형기금채권(외평채) 발행 등으로 3개월 만에...,https://news.knn.co.kr/news/article_sns/1163,6,,1
"삼성바이오로직스, 올해 실적 전망 좋은데...변수는 노사 갈등 [주가동...","0% 증가하며 컨센서스를 상회할 것""이라며 ""1~3공장 풀가동과 4공장 18만리터 램프업 효과, 지난해 4분기 매출 이연분 반영, 우호적인 달러 환율이 복합적으로 작용했다""고 분석했다. 연간 실적과 관련해서도 이...",http://www.joseilbo.com/news/news_read.php?uid=565939&class=77&grp=,6,,1
사료가격 급등···한돈농가 벼랑으로,"지난해 사료가격(배합사료 공장도가격 평균가격)이 kg당 726원이었는데, 평균 달러 환율이 1200원대였지만 현재는 1500원대로 가격차가 존재하고 불확실성이 커 환율 상승 가능성이 존재하기 때문이다. 이와 더불어...",https://www.agrinet.co.kr/news/articleView.html?idxno=403051,4,,1
코스피 2.74% 상승…외국인 12일만에 '순매수' 복귀,"이날 오후 3시 30분 기준 서울 외환시장에서 달러 대비 원화 환율은 전날보다 14.5원 내린 1505.2원을 가리켰다. 국내 유가증권시장에서 외국인과 기관은 각각 8145억원, 7168억원어치를 순매수하며 지수를...",https://www.mediapen.com/news/view/1091193,7,,1
"코스피, 외국인 매수 힘입어 상승 마감…5370선 회복","3일 서울 중구 하나은행 본점 딜링룸 현황판에 원/달러 환율, 코스피, 코스닥 지수가 표시돼 있다. [연합뉴스]  코스피가 외국인 매수세에 힘입어 5370선을 회복하며 상승 마감했다. 3일 한국거래소에 따르면...",https://www.ziksir.com/news/articleView.html?idxno=129702,11,,1
"고환율 습격…외환보유액, 11개월만 최대폭 감소",중동 전쟁 여파로 원·달러 환율이 1500원 선을 돌파하자 당국이 환율 방어에 나선 영향으로 풀이됩니다. 이에 우리나라 외환보유액 규모도 두 계단 하락해 12위를 기록했습니다. 외환보유액 규모가 10위권 밖으로...,http://www.newstomato.com/ReadNews.aspx?no=1296696&inflow=N,4,,1
"코스피, 외국인 복귀에 2.7% 올라…알테오젠, 코스닥 시총 1위","이날 오후 3시 30분 기준 서울 외환시장에서 달러 대비 원화 환율은 전날보다 14.5원 내린 1,505.2원을 기록, 전날 20원 가까이 급등에서 안정세로 돌아섰다. 달러는 호르무즈 해협 개방 기대에 약세를 보였다가...",http://www.newsfc.co.kr/news/articleView.html?idxno=77866,9,,1
"호르무즈 해협 개방 기대감에 환율 14원 급락…1,500원선 안착 시도","▲3일 서울 중구 하나은행 본점 딜링룸 현황판에 원/달러 환율이 표시돼 있다. 이날 원/달러 환율 주간 거래 종가(오후 3시 30분 기준)는 전날보다 14.5원 내린 1,505.2원을 기록했다.(사진출처=연합뉴스) 중동발 지정학적...",https://www.goodnews1.com/news/articleView.html?idxno=458383,7,,1
"호르무즈 긴장 완화 속 외인·기관 매수세에...코스피, 5370선 마감","한편 서울 외환시장에서 원·달러 환율은 전 거래일보다 14.5원 내린 1,505.2원으로 장을 마쳤다. 【 청년일보=신정아 기자 】 서울시 중구 하나은행 딜링룸. [사진=연합뉴스]",https://www.youthdaily.co.kr/news/article.html?no=216811,9,,1
"[오늘의 ABC 뉴스룸] 트럼프 경고 직후, 미군 이란 '카라즈 B1 대형 교량...","블룸버그 통신은 현지시간 2일, 소식통을 인용해 스페이스X가 우리 돈 무려 3천22조 원에 달하는 '2조 달러'의... 유류할증료를 올려도 천정부지로 치솟는 유류비와 환율 상승분을 온전히 상쇄하기는 역부족이기...",https://www.ajunews.com/view/20260403153839745,4,,1
'열이틀 만의 외국인 귀환' 코스피 2%대 반등…삼전·닉스 '선봉',"코스피가 2.74% 상승하고 원·달러 환율이 14원 넘게 하락하면서 전날 변동분 일부를 되돌렸다. 이란의 호르무즈 해협 통항 관련 프로토콜 마련 소식이 전해지며 위험자산 선호심리가 살아난 가운데, 외국인도...",https://www.seoulfn.com/news/articleView.html?idxno=625584,6,,1
호르무즈 통항 기대감에 코스피 2.74% 반등,"원·달러 환율도 다시 1500원대로 내려갔다. 3일 한국거래소에 따르면 이날 코스피 지수는 전일 대비 143.25포인트(2.74%) 상승한 5377.30으로 장을 마감했다. 삼성전자는 4.37% 상승한 18만6200원, SK하이닉스는 5.54...",http://www.enewstoday.co.kr/news/articleView.html?idxno=2414905,6,,1
"코스피, 호르무즈 개방 기대에 2%대 반등","서울 외환시장에서 원달러환율은 전 거래일보다 14.5원 내린 1505.2원에 주간 거래를 마쳤습니다. 3일 서울 중구 하나은행 본점 딜링룸 현황판에 원/달러 환율, 코스피, 코스닥 지수가 표시돼 있다. (사진...",http://www.newstomato.com/ReadNews.aspx?no=1296689&inflow=N,11,,1
통합 대한항공의 '하늘길' 미리 읽어보고 싶지 않으세요? [1309번째 ER커버...,"원·달러 환율이 평균 1470원을 넘어서며 외환위기 이후 월간 최고 수준을 기록했고, 항공기 리스료·유류비·정비비 등 주요 비용의 상당 부분을 달러로 결제하는 항공사에게 고환율은 수익성 악화의 직격탄이 됐다....",https://www.econovill.com/news/articleView.html?idxno=736025,4,,1
[김대준의 증시산책] 중동발 변동성 확대…방향 잃은 증시 대응은,최근 원·달러 환율은 1500원을 웃돌고 있다. 2000년 1월부터 지난달까지 원·달러 환율이 1500원을 넘어선 거래일은 전체의 0.3%인 21일에 불과하다. 환율이 얼마나 이례적이고 비정상적인 국면에 위치하는지를 여실히...,https://weekly.hankooki.com/news/articleView.html?idxno=7158131,4,,1
벚꽃 시즌에 늘어나는 소비가 경제에 영향을 줄까,"2026년 4월 현재, 달러 대비 원화 환율이 1,500원을 넘나들고 물가는 잡힐 줄 모르는데 사람들은 왜 여전히 벚꽃 아래서 지갑을 여는 걸까요? 오늘은 불황 속에서도 포기할 수 없는 '짧은 행복 소비'에 대해 심도 있게...",https://zdnet.co.kr/view/?no=20260403165710,5,,1
"코스피 5,370대 회복…환율도 14.5원↓","이란이 원유 수송로인 호르무즈 해협 통행 방식을 논의하고 있다고 밝히면서 위험 선호 심리가 다소 회복된 것으로 풀이됩니다. 원·달러 환율은 어제보다 14원 50전 내린 1,505원 20전에 거래를 마쳤습니다.",https://news.kbs.co.kr/news/pc/view/view.do?ncd=8526452&ref=A,6,,1
"""BTS 효과가 이 정도라니""…외국인 매출 '대박' 터트린 백화점","현재 중동 전쟁 여파로 원달러 환율이 1,500원을 넘어서는 등 원화 약세가 두드러지고 있어 외국인의 구매력이 개선될 수 밖에 없는 환경이다. 실제 일본의 경우만 보더라도 지난 2022년부터 2024년 엔저 국면에서 현지...",http://www.wowtv.co.kr/NewsCenter/News/Read?articleId=A202604030430&t=NN,5,,1
"환율, 7거래일째 1500원대…""과거보다 절하폭 낮아, 위기 아니다""",[사진=연합뉴스] 원·달러 환율이 7거래일 연속 1500원대를 이어가고 있다. 과거 위기 국면에서나 볼 수 있었던 환율 레벨이 지속되면서 경계감도 커지는 모습이다. 다만 대외 불확실성에 따른 일시적 현상이라는...,https://www.ajunews.com/view/20260403162808806,4,,1
주주환원 늘린 금융지주…고환율·고배당 사이 '지속가능' 시험대,이 같은 와중에 1500원을 돌파한 원·달러 환율은 극심한 혼란을 일으키고 있다. 시장에서는 환율이 10원 오를 때마다 금융지주의 CET1가 0.02~0.03%p(포인트)씩 하락한다고 추산하고 있다. 실제로 지난해부터 이어진 고환율...,https://www.newsway.co.kr/news/view?ud=2026040314002591710,5,,1
"환율 1380원에 묶인 예산 지적에…기획처 “예비비 보강, 추경 반영”","기획처가 원-달러 기준환율 1380원을 적용해 올해 정부 부처의 해외 사업 예산을 편성했지만, 최근 환율이 1530원까지 상승하면서 수천억원 규모의 비용 증가와 사업 차질 우려가 발생할 수 있다고 지적한 전날 본지...",https://www.joongang.co.kr/article/25417344,4,,1
이란 사태 정점 통과 기대…외국인·기관 매수에 코스피 2.7% 반등,"서울 외환시장에서 원·달러 환율은 전 거래일(1,519.7원)보다 14.5원 내린 1,505.2원에 주간 거래를 마감했다. 전날 급등세는 다소 진정됐지만 지난달 26일(1,507원) 이후 7거래일 연속 1,500원대를 웃돌고 있다.",https://www.hankookilbo.com/news/article/A2026040316070000320?did=NA,6,,1
환율 급락·외인 매수세 속 국고채 금리 일제히 하락(종합),전날 도널드 트럼프 미국 대통령의 중동전쟁과 관련한 강경 발언에 20원 가까이 급등했던 원/달러 환율은 이날 14원 넘게 급락했다. 이날 서울외환시장에서 미국 달러화 대비 원화 환율의 주간 거래 종가(오후...,https://www.yna.co.kr/view/AKR20260403130251008?input=1195m,6,,1
"냉탕·온탕 오가는 코스피…개미는 '곱버스', 외인은 '풀매수'",오후 4시 11분 기준 WTI 선물 가격은 배럴당 111.54달러(-0.40%)로 소폭 하락했고 원·달러 환율은 전날보다 14.5원 내린 1505.2원에 마감하며 수급 여건을 개선시켰다. 증시 전문가들은 현재의 반등을 낙폭 과대에 따른...,https://www.ajunews.com/view/20260403165245840,6,,1
중동 긴장완화 코스피 2.7% 급등 5300 돌파,원·달러 환율은 전일 대비 3.6원 내린 1507.0원을 기록하며 4일 연속 강세를 이어갔다. 국제유가(WTI)는 111.54달러로 3일 만에 상승했다. 미국 다우 지수는 0.1% 하락했으나 나스닥은 0.2% 상승했다. 일본 니케이 지수는...,https://www.thereport.co.kr/news/articleView.html?idxno=86250,6,,1
"'호르무즈 통행' 논의에 코스피 5,300선 회복","코스닥은 0.7% 오른 1,063으로 강보합 마감했습니다. 코스닥시장에서는 개인이 순매수하며 지수를 방어했습니다. 원·달러 환율은 오후 3시 반 기준으로 14.5원 내린 1,505.2원을 기록했습니다.",https://www.ytn.co.kr/_ln/0102_202604031654540150,8,,1
세탁기까지 25% 관세··· LG·삼성 흔들고 철강·자동차까지 부담,여기에 원·달러 환율이 1500원대까지 상승한 영향까지 겹치면서 수입 비용 부담이 커진 상태다. 원유와 금속 등 원자재 가격도 함께 오르면서 제품 생산부터 운송까지 전반적인 비용이 동시에 높아졌다....,https://www.greenpostkorea.co.kr/news/articleView.html?idxno=306456,4,,1
[이란 전쟁] 호르무즈 해협 개방 기대·외국인 귀환... 환율 14.5원↓1505...,3일 서울외환시장에서 원·달러 환율은 1505.2원으로 주간자을 마쳤다. 이는 전날 주간종가에 비해 14.5원 내린 값이다. 최근 환율은 이란 전쟁 완화와 격화 국면을 연이어 보이면서 높은 변동성을 보였다. 지난 1일의 경우...,https://www.g-enews.com/view.php?ud=202604031604412155bb91c46fcd_1,4,,1
1500원 환율이 '뉴노멀'…시중은행 외환 곳간 터는 인뱅 '수수료 제로'의...,"원·달러 환율이 지난달 31일 장중, 2009년 금융위기 이후 처음으로 1530원을 돌파하는 등 1500원대 '초고환율'이 '뉴노멀'이 되면서, 역설적으로 시중은행의 외환 서비스 지배력이 급격히 붕괴하고 있다. 환율이 오를수록...",https://www.businessplus.kr/news/articleView.html?idxno=110059,15,,1
'호르무즈 해협 개방' 기대감에 환율 14.5원 내린 1505.2원,달러-원 환율은 오늘(3일) 이란이 호르무즈 해협 통행 방식을 논의하고 있다는 소식에 14원 넘게 급락했습니다. 이날 서울외환시장에서 미국 달러화 대비 원화 환율의 주간 거래 종가(오후 3시 30분 기준)는 전날보다...,https://biz.sbs.co.kr/article_hub/20000301974?division=NAVER,5,,1
개미 이번 금요일은 2조 매도. 매주초 '악몽' 때문?,"한편 서울 외환시장에서 원/달러 환율은 오후 3시 30분 전 거래일보다 14.5원 내린 1,505.2원으로 주간거래를 마쳤다. 이날 새벽 뉴욕장에서 달러 약세로 원/달러 환율이 급락한 여파이나, 장 후반 달러가 다시 강세로...",https://www.viewsnnews.com/article?q=234849,4,,1
호르무즈 해협 봉쇄 우려 완화에 환율 하락…원·달러 1505원 마감,신한은행 이란의 호르무즈 해협 봉쇄 우려가 일부 완화되면서 급등했던 원·달러 환율이 하락 마감했다. 3일 서울 외환시장에 따르면 원·달러 환율은 전 거래일보다 14.5원 내린 1505.2원에 거래를 마쳤다. 앞서 환율은...,http://www.segyebiz.com/newsView/20260403512090?OutUrl=naver,12,,1
"6일에 이란 발전소 칠까?…""다음주가 두렵다"" 국장 흔들 변수 수두룩","보로노이, 에이비엘바이오는 1%대, 에코프로비엠, 펩트론은 2%대, 리가켐바이오는 3%대 약세였다. 서울 외환시장에서 원/달러 환율은 전 거래일 대비 14.5원 내린 1505.2원에 주간 거래를 마쳤다.",https://www.mt.co.kr/stock/2026/04/03/2026040316364676962,5,,1
"[오늘증시]호르무즈 해협 개방 논의에 증시 급등 ""5377선 마감"" …외국인...","이날 오후 서울외환시장에서 원·달러 환율은 14.5원 내린 1505.2원으로 마감했지만, 국제 유가는 성금요일 휴장에도 불구하고 고공행진을 이어갔다. 서부텍사스산원유(WTI)는 전날 113달러까지 치솟은 뒤 111달러에...",http://www.queen.co.kr/news/articleView.html?idxno=454392,4,,1
코스피 2.74%·코스닥도 0.70% 상승 마감-원·달러 환율 14.5원 내려,"전날 1519.7원까지 치솟았던 원ㆍ달러 환율은 전 거래일 대비 14.5원 내린 1,505.2원에 주간거래를 마쳤다. #코스피 #코스닥 #환율 #�O동전쟁 #호르무즈 해협 개방",http://www.techholic.co.kr/news/articleView.html?idxno=220653,8,,1
"호르무즈 해협 개방 기대감에 환율 14.5원 내린 1,505.2원",▲ 3일 서울 중구 하나은행 본점 딜링룸 현황판에 원/달러 환율이 표시돼 있다 이란이 호르무즈 해협 통행 방식을 논의하고 있다는 소식에 원/달러 환율이 14원 넘게 급락했습니다. 오늘(3일) 서울외환시장에서 미국...,https://news.sbs.co.kr/news/endPage.do?news_id=N1008504633&plink=ORI&cooper=NAVER,7,,1
호르무즈 개방 기대에…14.5원↓ 1505.2원 마감,이란이 호르무즈 해협 통과 선박의 항행을 규율하는 규약 마련에 나서겠다고 밝히면서 통항 여건 개선 기대가 반영되자원·달러 환율은 하락 마감했다. 3일 서울 외환시장에서 원·달러 환율은 주간거래 종가...,https://www.dnews.co.kr/uhtml/view.jsp?idxno=202604031618567010914,4,,1
"코스피, 외인 12거래일만 '사자' 전환에…2%대 상승 5300선 회복","이밖에 펩트론(-2.30%), 리가켐바이오(-3.53%), 보로노이(-1.06%) 등도 하락으로 마감했다. 이날 서울 외환시장에서 원·달러 환율은 전일 주간 거래 종가 대비 14.5원 내린 1505.2원에 마감했다. [뉴스웍스=]",https://www.newsworks.co.kr/news/articleView.html?idxno=836595,6,,1
"4월 3일 원/달러 환율 1,505.20원...엔화·유로·위안화","3일, 서울외환시장에서 금일 오후 3시 30분 기준 미국 달러(US) 매매기준율(금융권이 달러를 구해 온 평균 원가)은 1달러당 1,505.20원을 기록했다. 전 거래일 대비 달러당 14.50원 하락했다. 같은 기준으로...",http://www.snmnews.com/news/articleView.html?idxno=567540,5,,1
"코스피 2.5% 상승 5,300선 '탈환'...환율 1,505원","원·달러 환율은 15원 가까이 내린 1,505원으로 주간 거래를 마쳤습니다. 취재기자 연결해 알아보겠습니다. 윤태인 기자, 오늘 코스피는 상승 마감했죠? [기자] 코스피는 5,375로 상승 출발해 한때 5,419를 넘는 등 강세를...",https://www.ytn.co.kr/_ln/0102_202604031638191403,6,,1
달러 고공행진에 찾아간 '중고 플랫폼'... 개인 간 외화거래 괜찮나,"원·달러 환율이 고공행진을 이어가자, 환전 수수료라도 아끼려는 마음에 중고거래 플랫폼에서 달러 거래를 하는 경우가 늘고 있다. 개인 간 화폐 거래가 불법은 아니지만, 투기적 거래 등 몇 가지는 적발 대상이 될 수...",https://www.ltn.kr/news/articleView.html?idxno=50858,5,,1
[차호중의 재테크 칼럼] 4월을 맞이하며,2009년 3월 10일 원/달러 환율 1561원 이후 17년 만에 최고치에 다다른 환율의 상승은 외국인의 국내시장에서의 자금이 빠져나가는 엑소더스(Exodus)현상으로 연결되기에 시장에는 상당한 불안한 요인이 된다. 3월 한달...,http://www.kookje.co.kr/news2011/asp/newsbody.asp?code=1700&key=20260403.99099000960,4,,1
"코스피, 호르무즈 해협 개방 기대감에 2.7% 상승…5370대 회복","이날 오후 3시 30분 기준 서울 외환시장에서 달러 대비 원화 환율은 전날보다 14.5원 내린 1505.2원을 나타냈다. 이경민 대신증권 연구원은 ""호르무즈 해협 개방 기대는 위험자산 선호 심리를 자극하는 요인...",https://www.pointdaily.co.kr/news/articleView.html?idxno=299698,7,,1
"[시황] 코스피, 하루 만에 5300선 회복…""원유 공급 불안 해소 반영""","55%) △에이비엘바이오(1.88%) △펩트론(2.3%)는 나란히 하락하며 거래를 끝냈다. 한편, 서울 외환시장에서 원·달러 환율은 전 거래일(1519.7원)보다 13.8원 내린 1505.9원에 마감했다. [뉴스드림]",http://www.newsdream.kr/news/articleView.html?idxno=111136,6,,1
"환율 1,505.2원 마감…해협 개방 기대·외인 순매수 영향",/사진=연합뉴스 이란의 호르무즈 해협 통행 완화 기대가 부각되면서 원/달러 환율이 하루 만에 14원 넘게 하락했다. 3일 서울 외환시장에서 원/달러 환율의 주간 거래 종가(오후 3시 30분 기준)는 전 거래일보다 14.5원...,http://www.issuenbiz.com/news/articleView.html?idxno=75132,4,,1
"코스피, 중동 리스크 완화에 하루 만에 반등…5300선 회복",55%)등은 하락했다. 이날 서울 외환시장에서 원·달러 환율은 전 거래일보다 14.5원 내린 1505.2원에 마감했다. 다만 환율은 유가 상승의 영향으로 7거래일 연속 1500원대를 지속하고 있다. [이지경제 ],https://www.ezyeconomy.com/news/articleView.html?idxno=234338,6,,1
"돌아온 외국인, 코스피 2.7% 급등…알테오젠, 에코프로 제치고 코스닥 ...",자극했다”며 “이란 사태가 정점을 통과했다는 인식이 형성되면서 증시가 하단을 확인하고 반등했다”고 말했다. 한편 이날 서울 외환시장에서 원·달러 환율은 전장보다 14.5원 내린 1505.2원에 거래를 마쳤다.,https://www.ddaily.co.kr/page/view/2026040316201618162,8,,1
"코스피, 외국인 12거래일 만에 ‘사자’ 돌아서…5300대 회복",3일 코스피가 원-달러 환율 급락 속에 외국인이 12거래일 만에 ‘사자’(순매수)로 돌아서면서 상승해 5300대를 회복했다. 이날 코스피는 전날보다 143.25(2.74%) 오른 5377.30에 장을 마쳤다. 앞서 전날 코스피는 도널드...,https://www.hani.co.kr/arti/economy/finance/1252550.html,6,,1
[오늘 A주] 미국 관세전에 하락...위안화 호르무즈 통관료 소식에 결제...,"한편 이날 중국 인민은행 산하 외환 거래소는 달러당 위안화 기준 환율을 6.8929 위안으로 고시했다. 이는 직전 거래일(6.8880 위안) 대비 0.0049 위안을 올린 것으로, 위안화 가치로는 0.07% 하락한 것이다.",https://www.newspim.com/news/view/20260403000965,7,,1
"외국인의 귀환…코스피, 2%대 상승 마감","코스닥 지수 역시 이날 2.16% 상승 출발했지만, 지정학적 불확실성이 상존하는 만큼 상승폭은 제한적인 흐름을 보였습니다. 전날 1519.7원까지 치솟았던 원·달러 환율은 이날 14.5원 내린 1505.2원에 마감했습니다.",https://www.ichannela.com/news/main/news_detailPage.do?publishId=000000522283,8,,1
"코스피, 외인·기관 쌍끌이 매수에 5300선 회복","75에 마감했다. 코스닥 시장에선 개인이 4956억원 사들였고 외국인과 기관은 각각 2720억원과 2287억원 팔았다. 한편, 이날 서울 외환시장에서 원·달러 환율은 전거래일보다 14.5원 떨어진 1505.2원에 장을 마쳤다.",https://www.mydaily.co.kr/page/view/2026040316265741522,8,,1
"한은 '역대급' 개입에도 환율 1500원대 요지부동, 총재 후보자 신현송 앞...",하지만 원/달러 환율이 1500원대를 돌파한 뒤 좀처럼 내려오지 않고 있다. 외환보유고까지 한 달 만에 다시 감소세로 돌아서면서 고환율 장기화에 따른 부담이 신 후보자에게 고스란히 넘어가는 모습이다. 3일...,https://www.businesspost.co.kr/BP?command=article_view&num=434926,9,,1
"코스피, 호르무즈 프로토콜 기대감 속 5370선 회복 … 삼전·SK하닉 4~5% ...",서울 외환시장에서 원·달러 환율은 전 거래일보다 14.5원 내린 1505.2원에 주간 거래를 마감했다. 이날 증시 호조는 이란이 오만과 호르무즈 해협을 통과하는 선박을 감시하는 프로토콜을 마련 중이라는 소식...,https://biz.newdaily.co.kr/site/data/html/2026/04/03/2026040300238.html,6,,1
"돌아온 外人...코스피 '급등', 반도체주·효성·한화 '활짝'",이날 원-달러 환율은 전일 대비 14.5원 하락한 1505.2원에 마감했지만 여전히 고공행진했다. 외국인들이 8000억원어치를 사들이며 지수 급등세를 이끌었고 기관들도 순매수에 가세했다. 업종별로는 반도체를...,http://www.choicenews.co.kr/news/articleView.html?idxno=163287,6,,1
"호르무즈 해협 개방 기대에…환율 14.5원 내린 1,505.2원","외국인 투자자, 12일 만에 순매수 원/달러 환율은 3일 이란이 호르무즈 해협 통행 방식을 논의하고 있다는 소식에 14원 넘게 급락했다. 이날 서울외환시장에서 미국 달러화 대비 원화 환율의 주간 거래 종가(오후 3시...",https://www.yna.co.kr/view/AKR20260403124400002?input=1195m,5,,1
"[도쿄환시] 달러-엔, 159.7엔 찍고 보합권으로…日 구두개입","참가자가 적어 뚜렷한 방향성이 나오기 어려운 상황이라고도 분석된다. 한편, 유로-엔 환율은 전장보다 0.03% 오른 184.08엔, 유로-달러 환율은 0.04% 내린 1.15330달러를 가리켰다. 달러인덱스는 0.04% 높아진 100.044를 나타냈다.",https://news.einfomax.co.kr/news/articleView.html?idxno=4407658,4,,1
"12거래일 만 돌아온 외국인···급락 이튿날 코스피, 2.74% 만회",원·달러 환율은 14.5원 내려 1505.2원으로 주간거래를 마감했다. 한편 중동 정세와 관련해 시장이 극심한 변동성에 몸살을 앓으며 관련 뉴스에 대한 피로감도 쌓여가고 있다. 옥스퍼드 이코노믹스는 특히...,https://www.newsfreezone.co.kr/news/articleView.html?idxno=683415,6,,1
"코스피, 외국인 복귀에 2.7% 상승 5,370대 마감…코스닥도 상승","▲ 3일 서울 중구 하나은행 본점 딜링룸 현황판에 원/달러 환율, 코스피, 코스닥 지수가 표시돼 있다. 코스피가 오늘(3일) 외국인이 12거래일 만에 '사자'로 돌아선 가운데 상승해 5,370대를 회복했습니다....",https://news.sbs.co.kr/news/endPage.do?news_id=N1008504595&plink=ORI&cooper=NAVER,11,,1
외국인 12일 만에 귀환… 코스피 5370선 탈환,"서울 외환시장에서 원·달러 환율은 전날보다 크게 하락하며 1,505원대에서 거래를 마쳤다. 전날 급등했던 환율이 빠르게 되돌려지며 금융시장 전반의 불안 심리가 완화되는 모습이다. 시가총액 상위 종목 가운데서는...",https://www.pinpointnews.co.kr/news/articleView.html?idxno=442636,7,,1
"미래에셋증권, 우리금융 실적 넘본다…1분기 질주 속 2분기 '안갯속'","업계에서는 스페이스X가 지난해 말 약 8,000억달러, 올해 초 xAI와의 합병 과정에서는 1조달러 수준의 가치를... 금융투자업계 관계자는 ""현재 시장이 우려하는 것은 단순한 주가 조정이 아니라 유가 급등, 환율 상승...",http://www.srtimes.kr/news/articleView.html?idxno=200344,7,,1
코스피 2.7% 상승해 5300선 마감…삼성전자·하이닉스 ‘낙폭 회복’ [투...,"삼성전자·하이닉스 각각 4.37%·5.54% 상승 코스피, 개인 2조억 ‘팔자’…외인·기관 合 1.5원대 순매수 3일 서울 중구 하나은행 본점 딜링룸 현황판에 원·달러 환율, 코스피 지수가 표시돼 있다. 이날 코스피는 전...",https://biz.heraldcorp.com/article/10709688?ref=naver,9,,1
돌아온 외국인에 코스피 '질주'…2.7% 상승 마감,"오후 3시 30분 서울외환시장에서 원달러 환율은 전일 주간종가 대비 14.5원 내린 1505.2원을 기록했다. ※CBS노컷뉴스는 여러분의 제보로 함께 세상을 바꿉니다. 각종 비리와 부당대우, 사건사고와 미담 등 모든...",https://www.nocutnews.co.kr/news/6496396?utm_source=naver&utm_medium=article&utm_campaign=20260403042154,6,,1
"11개월 만의 외환보유액 급감, '현금 살포'보다 '환율 방어'가 시급하다","트럼프의 이란 공격 결정으로 국제 유가가 배럴당 110달러를 넘어서고 원/달러 환율이 1,500원선을 위협하자, 당국이 외환 스와프 등 가용한 수단을 총동원해 '환율 방어'에 나선 결과다. 문제는 대외 리스크의 끝이...",https://www.gokorea.kr/news/articleView.html?idxno=862527,4,,1
"코스피, 호르무즈 긴장 완화 기대에 반등…5300선 회복",이날 서울 외환시장에서 원/달러 환율은 전 거래일보다 14.50원 내린 1505.20원에 주간 거래를 마쳤다. 한편 간밤 뉴욕증시도 극단적 위험회피 국면에서는 한 발 물러선 흐름을 보였다. 다우존스30산업평균지수는 0.13...,https://www.straightnews.co.kr/news/articleView.html?idxno=299341,6,,1
보유액 줄고 가짜뉴스 돌고…고환율로 시장 혼돈에 '휘청',"이날 서울외환시장에서 원·달러 환율은 전 거래일보다 8.9원 내린 1510.8원에 개장하며 소폭 숨고르기에 들어갔지만, 여전히 심리적 저지선인 1500원을 웃돌고 있다. 환율은 지난달 26일부터 6거래일 연속 1500원대에서...",https://www.dailian.co.kr/news/view/1629328/?sc=Naver,4,,1
"안철수 “코스피 요동칠 때, 대통령과 여당은 셀카 찍으며 축제 분위기...","원·달러 환율이 상승할 경우 외국인 투자자의 자금 이탈 가능성이 커지고, 수입 물가 상승으로 기업 수익성에도 영향을 미칠 수 있다. 여기에 중동 지역을 둘러싼 지정학적 리스크와 글로벌 금리 수준의 불확실성이...",https://www.wikitree.co.kr/articles/1129609,7,,1
'호르무즈 통행 논의' 코스피 반등 5370선 회복…외국인 12거래일 만에 ...,"10%) 등은 상승했지만 에코프로비엠(-2.18%), 에이비엘바이오(-1.88%), 에코프로(-0.63%), 레인보우로보틱스(-0.55%) 등은 약세였다. 이날 원/달러 환율은 전일 대비 14.5원 내린 1505.2원으로 주간 거래를 마감했다.",http://www.seoulwire.com/news/articleView.html?idxno=715086,6,,1
코스피 2.7% 급등 마감… 삼성전자·하이닉스 '쌍끌이' 상승,"에코프로와 에코프로비엠, 에이비엘바이오 등 2차전지·바이오 대표주는 약세를 보였다. 서울 외환시장에서 원·달러 환율은 전 거래일보다 14.5원 내린 1505.2원에 주간 거래를 마감했다.",https://www.newsclaim.co.kr/news/articleView.html?idxno=3059837,6,,1
"코스피 5377.3, 2.74%↑…외국인 12거래일 만에 '사자'로",3일 서울 중구 하나은행 본점 딜링룸 현황판에 거래 마감된 코스피 지수와 원·달러 환율이 표출돼 있다./연합뉴스 코스피가 3일 2% 넘게 상승해 5370대를 회복했다. 외국인이 12거래일 만에 '사자'로 돌아선...,http://www.seouleconews.com/news/articleView.html?idxno=90436,9,,1
[마감시황] 호르무즈 해협 개방 기대 속 코스피 반등…환율도 안정세,"63%), 에코프로비엠(-2.18%)은 하락했다. 최근 하락세를 이어가던 삼천당제약은 6.40% 급등하며 변동성을 보였다. 서울 외환시장에서 원·달러 환율은 전 거래일 대비 14.5원 내린 1505.2원에 주간거래를 마감했다.",https://www.viva100.com/article/20260403500568,6,,1
"파이터치연구원 ""추경-환율 상관관계 37%…26조 투입 시 1600원 돌파할 수...","위기 때마다 커진 추경…환율도 동반 상승 26조 추경 시 원·달러 환율 52원 상승 추정 26조원 규모의 추가경정예산(추경)을 둘러싸고 여야 공방이 이어지는 가운데, 재정 확대가 원·달러 환율 상승 압력을 자극할 수...",https://news.tf.co.kr/read/economy/2309411.htm,4,,1
"5% 빠졌다 2% 반등…코스피, 해협 통행 논의에 회복 [MTN 마감시황]","55%), 에이비엘바이오(-1.88%), 펩트론(-2.30%) 등이 하락했다.한편, 서울 외환시장에서 원·달러 환율은 전 거래일보다 14.5원 내린 1505.2원에 주간 거래를 마감했다. 김다솔 머니투데이방송 MTN 기자",https://news.mtn.co.kr/news-detail/2026040316040017531,0,,0
"'외인·기관 쌍끌이' 코스피, 2.74% 오른 5377.3 마감...반도체 강세","이어 ""다만 주말을 앞둔 경계심, 트럼프 관련 불확실성, 오늘 밤 고용지표를 앞둔 경계 심리로 상승폭 확대는 제한됐다""고 말했다. 달러·원 환율은 14.5원 내린 1505.2원으로 주간거래를 마쳤다.",http://www.opinionnews.co.kr/news/articleView.html?idxno=136235,6,,1
"코스피, 중동 리스크 속 저가 매수에 '5370선 회복'…코스닥 0.70%↑","81%), 화장품(-1.80%), 복합유틸리티(-1.51%), 생명과학도구및서비스(-1.49%)가 위치했다. 한편 이날 오후 3시30분 종가 기준 서울 외환시장에서 원·달러 환율은 전 거래일보다 14.5원 내린 1505.2원에 마감했다.",http://www.newsprime.co.kr/news/article.html?no=729196,8,,1
"코스피, 호르무즈 개방 기대감에 2%대 반등… 12거래일 만에 돌아온 외...",원·달러 환율은 하락했다. 이날 서울 외환시장에서 원·달러 환율은 전일 대비 14.5원 내린 1505.2원에 주간거래를 마쳤다. 여전히 1500원을 웃돈 높은 수준을 유지하고 있다.,https://www.kmib.co.kr/article/view.asp?arcid=0029627535&code=61141211&cp=nv,6,,1
코스피 2%대 반등 마감...외국인 12거래일 만에 순매수,27% 밀린 15만200원에 거래를 마쳤다. 코스닥은 전 거래일보다 7.41포인트(0.70%) 오른 1063.75로 장을 마감했다. 서울 외환시장에서 원·달러 환율은 전 거래일보다 6.10원(0.40%) 내린 1506.40원을 기록했다.,https://www.digitaltoday.co.kr/news/articleView.html?idxno=653311,8,,1
코스피 '5300 회복'…호르무즈 통항 기대감 반영,이날 서울 외환시장에서 원달러 환율은 주간거래 장 마감 시간 기준 전장보다 소폭 떨어진 1504.55를 기록했다. 한지영 키움증권 연구원은 “전쟁 악재를 한달 넘게 소화하면서 밸류에이션상 하방 경직성은 더...,https://www.etnews.com/20260403000276,6,,1
"코스피 5,370선 반등 마감…환율은 14원↓","서울 외환시장에서 원·달러 환율은 14.5원 급락해 1,505.2원에 주간거래를 마쳤습니다. 다만, 고유가의 영향으로 환율은 여전히 7거래일 연속 1,500원대에 머무르고 있습니다. 지금까지 한국거래소에서 전해드렸습니다....",http://www.yonhapnewstv.co.kr/MYH20260403160715CdX,6,,1
[마감시황] 코스피 2%대 상승 마감…외국인 '사자' 전환,서울외환시장에서 원·달러 환율은 전장 대비 13.50원 하락한 1506.20원에 주간거래를 마감했다. 2026.04.03 yym58@newspim.com 증권가는 전일 급락 이후 반발 매수세와 지정학적 긴장 완화 기대가 맞물리며 지수가...,https://www.newspim.com/news/view/20260403000908,6,,1
"[마감시황] 코스피, 호르무즈 해협 개방 기대감에 외인·기관 '쌍끌이'","서울 외환시장에 원·달러 환율은 전 거래일 대비 14.5원 하락한 1505.2원에 주간 거래를 종료했다. 신한투자증권 관계자는 ""코스피는 호르무즈 해협 관련 기대감이 유입된 가운데 에너지 안보 차원에서...",https://www.shinailbo.co.kr/news/articleView.html?idxno=5007792,6,,1
코스피 143포인트 상승 5377.30 마감,"75로 거래를 마감한 가운데, 서울 중구 하나은행 을지로본점 딜링룸에서 직원들이 업무를 보고 있다. 서울외환시장에서 원·달러 환율은 전장 대비 13.30원 하락한 1506.40원에 주간거래를 마감했다. 2026.04.03",https://www.newspim.com/news/view/20260403000915,9,,1
"코스피 5300선 회복, 달러/원 환율1,505원 장 마감","서울외환시장에서 달러/원 환율은 13.60원 내린 1,506.10원에 거래를 마감했다./ 이호형 기자 leemario@sporbiz.co.kr 2026.04.03 | 서울=한스경제 이호형 기자 |  코스피가 삼성전자 4.4%·SK하이닉스 5.5%·현대차 1.2...",http://www.hansbiz.co.kr/news/articleView.html?idxno=830236,6,,1
12거래일 만에 돌아온 외국인…코스피 5300선 회복 마감 [시황],63%)·에코프로비엠(-2.18%)·레인보우로보틱스(-0.55%)·에이비엘바이오(-1.88%)·펩트론(-2.30%) 등이 내렸다. 서울 외환시장에서 미국 달러화 대비 원화 환율은 전장 대비 14.5원 내린 1505.2원에 마감했다.,https://www.dailian.co.kr/news/view/1629427/?sc=Naver,7,,1
호르무즈해협 정상화 기대에 주가 오르고 환율 다시 하락,"원·달러환율도 떨어졌다. 3일 한국거래소에 따르면 이날 코스피는 전 거래일 대비 2.7% 오른 5375.50에 개장했다. 장 초반에는 상승폭을 키우며 5400선을 회복하기도 했다. 이날 코스피는 2.74% 오른 5377.30, 코스닥은...",https://thetracker.co.kr/View.aspx?No=4029238,9,,1
저가 커피 공세에 1세대 프리미엄 흔들…스타벅스 맞불·커피빈 눈물,업계에서는 원·달러 환율이 1500원대에 진입하면서 추가 상승 가능성도 제기되고 있다. 특히 기존에 확보해둔 물량이 소진되는 시점부터 원가 부담이 더욱 본격화될 것으로 보고 있다. 커피에 대한 소비자 인식도...,https://sports.hankooki.com/news/articleView.html?idxno=6930008,4,,1
호르무즈 해협 개방 기대에 한숨돌린 코스피·환율…유가 급등은 부담,이날 서울외환시장에서 원·달러 환율은 전장보다 14.5원 내린 달러당 1505.2원에 거래를 마감했다. 국고채 금리도 내려갔다. 이날 서울 채권시장에서 3년 만기 국고채 금리는 전 거래일보다 2.9bp(1bp=0.01%포인트) 내린 연...,https://www.khan.co.kr/article/202604031602001,9,,1
"[마감시황] 코스피, 143.25포인트 오른 5377.30 마감","한편, 코스닥은 전 거래일 대비 7.41포인트(0.70%) 상승한 1063.75를 기록했고, 원·달러 환율(미국 달러 대비 원화 환율)은 전 거래일보다 14.5원 하락한 1505.2원으로 마무리했다.",https://www.lcnews.co.kr/news/articleView.html?idxno=200184,9,,1
원·달러 환율 13.80원 하락 1505.90원 마감,"75로 거래를 마감한 가운데, 서울 중구 하나은행 을지로본점 딜링룸에서 직원들이 업무를 보고 있다. 서울외환시장에서 원·달러 환율은 전장 대비 13.80원 하락한 1505.90원에 주간거래를 마감했다. 2026.04.03",https://www.newspim.com/news/view/20260403000903,7,,1
[서환] 트럼프 추가 공격 가능성 경계에 낙폭 제한…11.40원↓,"같은 시간 달러-엔 환율은 뉴욕장 대비 0.042엔 하락한 159.550엔, 유로-달러 환율은 0.00030달러 내린 1.15330달러에 거래됐다. 엔-원 재정환율은 100엔당 945.29원, 위안-원 환율은 219.04원이었다. 역외 달러-위안(CNH) 환율은...",https://news.einfomax.co.kr/news/articleView.html?idxno=4407655,4,,1
[마감시황] 태양광에너지 관련주·한국첨단소재·우주항공주,"|중앙이코노미뉴스 엄현식 기자|3일 서울 중구 하나은행 본점 딜링룸 현황판에 원/달러 환율, 코스피, 코스닥 지수가 표시돼 있다. [사진=연합]  3일 코스피는 2% 넘게 오르며 5,370대를 보였다. 이날 코스피는...",https://www.joongangenews.com/news/articleView.html?idxno=508744,11,,1
환율 방어에 외환보유액 40억달러 ‘뚝’…10위권 밖으로 밀려,이는 미국 상호관세 발표 등으로 원·달러 환율이 급등해 외환당국이 시장 방어에 나섰던 2025년 4월 이후 11개월 만에 가장 큰 감소폭이다. 앞서 외환보유액은 지난 2월 외국환평형기금채권 신규 발행 등에 힘입어...,https://www.mk.co.kr/article/12007431,6,,1
"외국인, 12일 만에 귀환…코스피, 2%대 상승 마감(종합)","63%), 에코프로비엠(-2.18%), 레인보우로보틱스(-0.55%), 에이비엘바이오(-1.88%), 펩트론(-2.30%) 등은 하락했다. 전날 1519.7원까지 치솟았던 원·달러 환율은 이날 14.5원 내린 1505.2원에 마감했다．",https://www.newsis.com/view/NISX20260403_0003577247,6,,1
"코스피, 호르무즈 개방 기대감에 5370선 회복","63%), 에코프로비엠(-2.18%), 레인보우로보틱스(-0.55%), 에이비엘바이오(-1.88%), 펩트론(-2.30%) 등은 내렸다. 서울 외환시장에서 원·달러 환율은 전 거래일(1519.7원)보다 14.5원 내린 1505.2원에 주간 거래를 마쳤다.",https://www.cstimes.com/news/articleView.html?idxno=700783,6,,1
"(마감시황) 코스피, 2.74% 반등…외국인 12거래일 만에 귀한","30%), 보원케미칼(13.66%), OCI홀딩스(11.95%) 등은 52주 신고가를 기록했다. 한편 서울 외환시장에서 원·달러 환율은 주간 거래 종가인 오후 3시 30분을 기준으로 전 거래일보다 14.5원 오른 1,505.2원을 기록했다.",https://www.news2day.co.kr/article/20260403500215,6,,1
"코스피 2.7% 상승 5,370대 회복…환율도 14.5원↓","41포인트, 0.70% 오른 1,063.75에 마감했습니다. 원·달러 환율도 내렸습니다. 서울 외환시장에서 달러 대비 원화 환율은 어제보다 14원 50전 내린 1,505원 20전에 거래를 마쳤습니다. [사진 출처 : 연합뉴스]",https://news.kbs.co.kr/news/pc/view/view.do?ncd=8526398&ref=A,7,,1
"'롤러코스터' 코스피, 5300선 탈환…호르무즈 통항 기대감에 반등",서울 외환시장에서 원·달러 환율은 전 거래일(1519.7원)보다 14.5원 내린 1505.2원에 주간 거래를 마감했다. 증시 반등에도 불구하고 환율 불안이 이어지면서 외국인 수급에는 부담 요인으로 작용하는 분위기다.,https://news.tf.co.kr/read/economy/2309519.htm,6,,1
"'호르무즈 통행 논의'에 코스피 2.74% 급등...5,300선 회복",전날 6% 하락했던 코스닥 지수는 이날 0.7% 회복에 그쳤습니다. 3일 서울 외환시장에서 원/달러 환율은 14.5원 내린 1505.2원에 마감했습니다. #코스피 #코스닥 #이란 #호르무즈 #삼성전자 #SK텔레콤,https://www.ikbc.co.kr/article/view/kbc202604030037,8,,1
12일 만에 돌아온 외국인…코스피 5300선 회복 마감,원달러 환율 14.5원 내린 1505.2원호르무즈 해협이 다시 열릴 것이라는 기대감에 코스피가 전날 하락 폭을 일부 되돌림했다. 기관과 외국인이 동반 순매수한 반면 개인만 내다 팔았다. 원달러 환율 역시 1500원대...,https://www.seoul.co.kr/news/economy/securities/2026/04/03/20260403500238?wlog_tag3=naver,6,,1
"달러 뛰는데 43조 던진 외인… K-증시, '가혹한 시험대' 이겨낼까 [뉴스...","전날 1519.7원까지 올랐던 원/달러 환율은 3일 14.5원 하락 마감했다. /이미지=클립아트코리아 ""2026년 3월은 훗날 되돌아볼 때 한국 주식시장이 가장 가혹한 시험대를 견뎌내며 그 복원력을 입증한 시기로 기록될...",http://www.newswell.co.kr/news/articleView.html?idxno=17468,5,,1
코스닥 0.70% 상승 1036.75 마감,"75로 거래를 마감한 가운데, 서울 중구 하나은행 을지로본점 딜링룸에서 직원들이 업무를 보고 있다. 서울외환시장에서 원·달러 환율은 전장 대비 13.50원 하락한 1506.20원에 주간거래를 마감했다. 2026.04.03",https://www.newspim.com/news/view/20260403000892,9,,1
"홀쭉해진 유통 큰 형님... 롯데, 작년 3천명 이어 올해도 감원","원·달러 환율이 1500원을 넘나들고, 국제유가도 상승세를 보이며 25일 기준 WTI는 배럴당 92.35달러로 4.78% 올랐고, 브렌트유와 두바이유도 각각 4.49%, 3.14% 상승했다. 유통·식품 사업 비중이 큰 롯데로서는 원가 부담이...",https://www.meconomynews.com/news/articleView.html?idxno=129364,4,,1
[이란사태와 트럼프③] 트럼프 럭비공 군사행보에 국제 유가 '패닉',"서울 외환시장에서 원·달러 환율은 전일보다 18.4원 오른 1519.7원에 장을 마쳐 시장의 불안감을 반영했다. 국책연구원인 대외경제정책연구원(KIEP)은 ""미국·이란 전쟁이 확전되면 국제 유가가 역대급 상승폭을 보일 것...",http://www.00news.co.kr/news/articleView.html?idxno=103005,4,,1
원/달러 환율 하락,"3일 서울 중구 하나은행 본점 딜링룸 현황판에 원/달러 환율이 표시돼 있다. 이날 원/달러 환율 주간 거래 종가(오후 3시 30분 기준)는 전날보다 14.5원 내린 1,505.2원을 기록했다. 2026.4.3",https://www.yna.co.kr/view/PYH20260403152100013?input=1196m,7,,1
"호르무즈 긴장 완화…K금융, '검은 금요일' 피했다",증시는 상승했고 원달러 환율은 하락했다. '검은 금요일'은 피했지만 아직 국제유가 상승이라는 변수가 남아 있어 한동안 변동 장세는 지속될 전망이다. ◇해협 리스크 완화 기대…'전쟁 프라이싱' 진정 3일 서울...,https://www.ziksir.com/news/articleView.html?idxno=129635,5,,1
원·달러 환율 13.60원 하락하며 1506원 마감,"3일 오후 서울외환시장에서 원·달러 환율이 전장 대비 13.60원 하락한 1506.10원에 주간거래를 마감한 가운데, 서울 중구 하나은행 을지로본점 딜링룸에서 직원들이 업무를 보고 있다. 2026.04.03 yym58...",https://www.newspim.com/news/view/20260403000889,7,,1
"코스피, '호르무즈 통항' 논의에 2.7% 반등...5377.30 마감","30%) 등은 떨어졌다. 상한종목은 3개, 상승종목은 1187개, 하락종목은 477개, 보합종목은 84개로 집계됐다. 한편, 서울 외환시장에서 원·달러 환율은 전 거래일보다 14.5원 내린 1505.2원에 주간 거래를 마감했다.",http://www.metroseoul.co.kr/article/20260403500176,6,,1
"코스피, 호르무즈 개방 기대감에 2%대 반등…외인 '사자' 전환",최근 계약 실효성을 둘러싸고 논란이 제기됐던 삼천당제약은 6.24% 반등했다. 원·달러 환율은 하락했다. 이날 서울 외환시장에서 원·달러 환율은 전일 대비 14.5원 내린 1505.2원에 주간거래를 마쳤다.,https://www.hankyung.com/article/2026040374156,6,,1
"코스피 상승, 원/달러 환율 하락","3일 서울 중구 하나은행 본점 딜링룸 현황판에 원/달러 환율, 코스피 지수가 표시돼 있다. 이날 코스피는 전 거래일 대비 143.25p(2.74%) 오른 5,377.30으로 마감했다. 원/달러 환율 주간 거래 종가(오후 3시 30분...",https://www.yna.co.kr/view/PYH20260403151900013?input=1196m,9,,1
외국인 투자자 순매수에 반등한 코스피,"임지훈 인턴기자 = 3일 서울 중구 하나은행 딜링룸에 코스피 지수 종가와 원달러 환율 시황이 표시되고 있다. 이날 코스피는 전 거래일대비 143.25포인트(2.74%) 오른 5377.30, 코스닥 지수는 전 거래일대비 7....",https://www.news1.kr/photos/7836569,11,,1
떨어진 환율,임지훈 인턴기자 = 3일 오후 서울 중구 하나은행 딜링룸에 원달러 환율이 표시되고 있다. 2026.4.3/뉴스1,https://www.news1.kr/photos/7836572,7,,1
코스피ㆍ코스닥 상승 마감…원/달러 환율은 하락,"3일 서울 중구 하나은행 본점 딜링룸 현황판에 원/달러 환율, 코스피, 코스닥 지수가 표시돼 있다. 이날 코스피는 전 거래일 대비 143.25p(2.74%) 오른 5,377.30으로, 코스닥 지수는 전장보다 7.41p(0.70%) 오른 1...",https://www.yna.co.kr/view/PYH20260403151600013?input=1196m,11,,1
"코스피 5300선 회복, 원·달러 환율 하락",코스피는 전 거래일(5234.05)보다 143.25포인트(2.74%) 오른 5377.30에 마감했고 서울 외환시장에서 원·달러 환율은 전 거래일(1519.7원)보다 14.5원 내린 1505.2원에 주간 거래를 마감했다. 2026.04.03.,https://www.newsis.com/view/NISI20260403_0021234059,6,,1
"""호르무즈 열리나"" 지갑도 열렸다…외인 ""사자"" 돌변, 양시장 '빨간불'",이에 원/달러 환율도 1500원대 초반으로 내려오면서 외국인이 12거래일 만에 '팔자'에서 '사자'로 돌아섰다. 3일 코스피는 전 거래일 대비 143.25포인트(2.74%) 오른 5377.30에 거래를 마쳤다. 이날 141.45포인트(2.70%) 오른...,https://www.mt.co.kr/stock/2026/04/03/2026040315474875168,6,,1
코스피 5377 상승...원·달러 환율 1506원으로 하락 마감,"75로 거래를 마감한 가운데, 서울 중구 하나은행 을지로본점 딜링룸에서 직원들이 업무를 보고 있다. 서울외환시장에서 원·달러 환율은 전장 대비 13.50원 하락한 1506.20원에 주간거래를 마감했다. 2026.04.03",https://www.newspim.com/news/view/20260403000883,9,,1
호르무즈 개방 기대에 코스피 5370대로 이익 컨센서스 상향…삼성전자 ...,오후 3시 30분 기준 서울 외환시장에서 원달러 환율은 14.5원 내린 1505.2원을 기록했다. 환율은 전장보다 8.9원 떨어진 1510.8원에 거래를 시작했다. 간밤 뉴욕증시는 3대 지수가 혼조세로 마감했다....,http://www.smedaily.co.kr/news/articleView.html?idxno=355042,6,,1
외환보유액 40억달러 감소,도널드 트럼프 미국 정부의 상호관세 발표 등으로 원/달러 환율이 오르자 외환당국이 환율 방어에 나서 5년 만에 최소 수준으로 줄었다. 외환보유액을 자산별로 보면 국채·회사채 등 유가증권...,http://www.econotelling.com/news/articleView.html?idxno=19944,11,,1
"'이하이와 열애' 래퍼 도끼, 귀금속 대금 3년째 안갚아...""돈 없다는 말...","다만 법원 판결은 달러를 기준으로 난 것이라 한화 기준 금액은 환율 변동에 따라 달라질 수 있다. A씨 측 법률대리인은 ""도끼는 현재 미국에 장기 체류 중인 것으로 파악되고 있다""며 ""경제적 사정을 이유로 채무...",http://www.fnnews.com/news/202604031458467501,-2,,0
"코스피, 호르무즈 개방 기대감에 2.7% 상승… 5370대 회복",41포인트(0.70%) 오른 1063.75에 마감했다. 이날 서울 외환시장에서 미국 달러화 대비 원화 환율의 주간 거래 종가(오후 3시 30분 기준)는 전날보다 14.5원 내린 1505.20원에 거래를 마쳤다.,https://www.daejonilbo.com/news/articleView.html?idxno=2266845,7,,1
"토스뱅크 '내실' 이은미 대표, '포트폴리오·내부통제 완성' 새 과제","이자 '달러로 모으기', 먼저 이자받는 '정기예금 12개월' 등을 출시했다. 한편 확장세와는 별개로 최근 발생한 '엔화 반값 거래 오류' 사고는 운영 리스크 관리 역량에 대한 과제를 남겼다. 지난 10일 환율 산출 프로그램...",https://www.newsfreezone.co.kr/news/articleView.html?idxno=683388,4,,1
"[오늘증시] 2조 털어낸 코스피 개미, 5377.30 마감…환율 1505.2원","63%), 에코프로비엠(-2.18%), 레인보우로보틱스(-0.55%), 에이비엘바이오(-1.88%), 펩트론(-2.30%)은 떨어졌다. 서울 외환시장에서 원·달러 환율은 전 거래일(1519.7원)보다 14.5원 내린 1505.2원에 주간 거래를 마쳤다.",https://www.sidae.com/article/2026040315173617563,6,,1
코스피 2.74% 상승 5377.30 마감,"75로 거래를 마감한 가운데, 서울 중구 하나은행 을지로본점 딜링룸에서 직원들이 업무를 보고 있다. 서울외환시장에서 원·달러 환율은 전장 대비 13.60원 하락한 1506.10원에 주간거래를 마감했다. 2026.04.03",https://www.newspim.com/news/view/20260403000875,9,,1
원·달러 환율 美 휴장 앞둔 경계감…숨고르기 양상 [김혜란의 FX],원·달러 환율이 1510원대에서 방향성을 잡지 못한 채 제한적인 등락을 이어갔다. 3일 서울외환시장에서 원·달러 환율은 전 거래일 대비 14.5원 하락한 1505.2원에 주간거래를 마쳤다. 장중 변동폭은 8.1원에 그치며 최근 20원...,https://www.sedaily.com/article/20028089?ref=naver,4,,1
환율 방어에 곳간 줄었다…외환보유액 40억 달러 증발,"원·달러 환율이 1,500원대를 이어가는 가운데, 우리나라 외환보유액이 크게 줄었습니다. 환율 방어 과정에서 감소한 것으로 보이는데, 시장에서는 불안 심리가 감지되고 있습니다. 구민정 기자의 보도입니다. 【 기자 】...",http://mbnmoney.mbn.co.kr/news/view?news_no=MM1005805525,4,,1
"원·달러 환율, 14.5원 내린 1505.2원",3일 서울외환시장에서 원·달러 환율은 전거래일 주간 거래 종가보다 8.9원 내린 1510.8원으로 출발했다. 장중 낙폭을 키우며 전거래일(3시 30분 기준)과 비교해 14.5원 내린 1505.2원을 기록했다.,http://www.joseilbo.com/news/news_read.php?uid=565926&class=18&grp=,4,,1
"코스피, 2.74% 오른 5377.30 마감...원·달러 환율 1505.2원",코스닥 지수는 전 거래일(1056.34)보다 7.41포인트(0.70%) 상승한 1063.75에 거래를 마쳤다. 서울 외환시장에서 원·달러 환율은 전 거래일(1519.7원)보다 14.5원 내린 1505.2원에 거래를 종료했다.,https://www.gukjenews.com/news/articleView.html?idxno=3548207,8,,1
"호르무즈 개방 기대감에…코스피, 2.74% 오른 5377.3 마감",41포인트(0.70%) 오른 1063.75로 마감했다. 전날 1520원대 턱밑까지 치솟으며 불안감을 키웠던 원·달러 환율은 위험 선호 심리가 되살아나며 전장 대비 14.5원 하락한 1505.2원에 주간 거래를 마쳤다.,http://www.iminju.net/news/articleView.html?idxno=162091,6,,1
"'12일 만에 돌아온 외국인' 코스피 5,300선 상승…환율 1,505원 마감","코스닥 지수도 전장보다 0.70% 오른 1,063.75에 거래를 마쳤습니다. 한편, 이날 서울 외환시장에서 원·달러 환율은 전 거래일 대비 14.5원 내린 1,505.2원에 주간거래를 마쳤습니다. #코스피 #코스닥 #환율 #이란 #중동",http://www.yonhapnewstv.co.kr/AKR202604031539066FX,8,,1
원·달러 환율 14.5원 내린 1505.2원 마감,3일 서울 외환시장에서 원·달러 환율은 14.5원 내린 1505.2원에 마감했다.,https://view.asiae.co.kr/article/2026040315390506675,4,,1
"[속보] '5,300 회복' 코스피, 2.7% 상승 마감...원·달러 환율 1,505원","'5,300 탈환' 코스피 상승 마감…환율 1,505원 코스피 2.74% 오른 5,377.3 종료 삼성전자 4.4%·SK하이닉스 5.5%·현대차 1.2% 상승 코스닥 0.7% 오른 1,063.75 종료 원·달러 환율 14.5원 내린 1,505.2원 (15:30...",https://www.ytn.co.kr/_ln/0102_202604031538184461,8,,1
"코스피, 호르무즈 개방 기대에 2.74% 상승한 5377.30 마감(2보)",74%) 상승한 5377.30로 거래를 마쳤다. 코스닥은 전일 대비 7.41포인트(p)(0.70%) 상승한 1063.75로 마감했다. 오후 3시 30분 서울외환시장에서 달러·원 환율은 전일 주간종가 대비 14.5원 내린 1505.2원을 기록했다.,https://www.news1.kr/finance/general-stock/6124791,8,,1
"[속보] 코스피 5377.30(▲143.25p, 2.74%), 원·달러 환율 1505.2(▼14.5원...","코스피 5377.30(▲143.25p, 2.74%), 원·달러 환율 1505.2(▼14.5원) 마감",http://mbn.mk.co.kr/pages/news/newsView.php?category=mbn00003&news_seq_no=5185941,6,,1
[외환마감] 원·달러 환율 1505.2원···14.5원↓,3일 서울 외환시장에서 원·달러 환율은 오후 3시 30분 종가 기준 전장 대비 14.5원 내린 달러당 1505.2원에 마감했다.,https://www.seoulfn.com/news/articleView.html?idxno=625563,4,,1
[달러·원] 환율 14.5원 내린 1505.2원 마감,3일 미국 USD 환율,https://www.news1.kr/finance/general-stock/6124787,4,,1
"코스피 5377.30(▲2.74%), 코스닥 1063.75(▲0.70%), 원·달러 환율 1505.2원...",코스닥 지수는 전 거래일(1056.34)보다 7.41포인트(0.70%) 상승한 1063.75에 거래를 마쳤다. 서울 외환시장에서 원·달러 환율은 전 거래일(1519.7원)보다 14.5원 내린 1505.2원에 주간 거래를 마감했다．,https://www.newsis.com/view/NISX20260403_0003577206,8,,1
"""환전 없이 QR만 찍으세요""···한·인니, 지갑 없는 여행 '성큼'",원화-달러-루피아로 이어지던 복잡한 환전 절차를 원화와 루피아 간 직접 교환 방식으로 단순화해 고객들은 글로벌 브랜드사가 챙기던 이용 수수료와 환전 비용을 상당 부분 절감할 수 있게 됐다. 외환 정산 및 환율 고시...,https://www.newsfreezone.co.kr/news/articleView.html?idxno=683394,2,,1
IMF 이후 최고 환율인 지난달 외환보유액 40억달러 ↓… “대응 여력 충...,지난해 4월의 경우 미국상호관세 발표 등으로 원·달러 환율이 뛰자 외환당국이 환율 방어에 나서면서 외환보유액이 5년만에 최소 수준으로 줄었다. 미국·이란 전쟁 발발에 따른 환율 불안으로 시장안정화...,https://www.segye.com/newsView/20260403510312?OutUrl=naver,4,,1
천장 뚫린 환율…한은 외환보유액 40억달러 급감 [심성미의 BOK 워치],원·달러 환율이 고공행진하면서 국민연금이 적극적으로 외환 스와프에 나선 영향인 것으로 풀이된다. 3일 한국은행에 따르면 3월 말 기준 한국 외환보유액은 4236억6000만달러(약 641조원)를 기록했다. 전월대비...,https://www.hankyung.com/article/202604037139i,17,,1
외환보유액 40억弗 감소…26년 만에 10위권 밖으로,미국·이란 전쟁 여파로 원·달러 환율이 급등하면서 외환 당국이 보유한 달러를 활용해 환율 방어에 나선 영향이다. 특히 2월 말 기준으로는 우리나라의 외환보유액 순위가 2000년 이후 처음으로 전 세계 10위권 밖으로...,https://www.sedaily.com/article/20028064?ref=naver,4,,1
벚꽃은 터지고 전쟁은 번지고 환율은 추락하고[노컷한컷],3월 환율 1490원 육박…원화 하락폭 주요국 최상위 중동 전쟁 여파로 원·달러 환율이 1500원대를 넘어선 가운데 29일 서울 중구 명동의 환전소에 환율이 표시돼 있다. 원·달러 환율은 3월 평균 1490원에 근접하며 외환위기...,https://www.nocutnews.co.kr/news/6496313?utm_source=naver&utm_medium=article&utm_campaign=20260403031055,5,,1
돌아온 외국인…코스피 5300선 탈환,"달러-원 환율도 10원 넘게 내리며 위험선호 심리는 다소 회복한 모습인데요. 신다미 기자, 증시부터 짚어주시죠. [기자] 현재시간 오후 2시 50분 기준 코스피는 어제(2일) 종가보다 2.97% 오른 5389.09에 거래되고 있습니다....",https://biz.sbs.co.kr/article_hub/20000301942?division=NAVER,6,,1
"[현장] ""스테이블 코인 막는 건 기술 아닌 제도""...외국환거래법 등 정비...","[사진=더밸류뉴스]그는 우리나라 수출 결제에서 달러화 비중은 84.5%에 달하는 반면 원화 비중은 2.7%에 불과하다고 언급하며, 이 같은 구조로 인해 기업들이 이중 환전 수수료와 환율 변동 리스크를 떠안고 있다고 짚었다. 김...",http://www.thevaluenews.co.kr/news/view.php?idx=197881,6,,1
"외환보유액, 관세충격 이후 최대 감소...'전쟁쇼크'로 증폭된 환율 변동...",지난해 12월 원·달러 환율이 수급 불균형으로 재급등하며 글로벌 금융위기급인 1500원선을 위협하자 외환당국·국민연금이 재연장에 합의해 실행에 들어간 외환스와프가 '시장안정화 조치' 명시로 석 달째...,http://www.updownnews.co.kr/news/articleView.html?idxno=316776,11,,1
"'공급난' 소용돌이 갇힌 K제약, 트럼프發 외풍에 안방 토대 '흔들'","원·달러 환율이 1500원대를 넘어서면서 원료 구매 비용은 급등하고 있지만, 건강보험 중심의 약가 체계상 비용 상승분을 제품 가격에 반영하기는 쉽지 않은 상황이다. 국내 정책 변수도 부담을 더하고 있는 분위기다....",http://www.enewstoday.co.kr/news/articleView.html?idxno=2414720,4,,1
"원·달러 환율, 1,500원대 초반 등락…지정학 리스크 속 고점 부담","최근 외환시장에서 원·달러 환율이 1,500원대 초반에서 등락을 거듭하며 높은 변동성을 이어가고 있다. 글로벌 지정학 리스크와 달러 강세 흐름이 맞물리며 원화 약세 압력이 지속되는 모습이다. 4월 3일 기준 환율은 약...",https://www.job-post.co.kr/news/articleView.html?idxno=212491,5,,1
'돌아온 외국인' 4000억 순매수…코스피 2%대 후반 강세[장중시황],"현재 달러·원 환율은 전일 대비 소폭 떨어졌으나 현재 1506원대 거래되며 여전히 1500원을 상회하고 있다. 기독교 부활절 전 금요일인 성금요일을 맞아 유가 시장이 휴장했지만, 도널드 트럼프 미국...",https://www.news1.kr/finance/general-stock/6124693,6,,1
"HD한국조선해양, 하루 1.2조 수주…LPG·PC선 12척 확보","계약금액은 계약일 최초 고시환율(달러당 1507.80원)을 적용해 산출됐다. 이번 수주를 합산하면 총 12척, 약 1조2000억원 규모로, 자회사별 개별 공시를 기준으로 집계된 수치다. 이번 계약을 포함한...",https://www.newspim.com/news/view/20260403000767,4,,1
강달러·환율 방어 여파… 외환보유액 순위 10위권 밖으로,"국민연금은 해외자산 매입 과정에서 대규모 달러가 필요한데, 이를 시장에서 직접 조달할 경우 환율 상승 압력을 키울 수 있기 때문이다. 외환보유액 종류별로는 국채·회사채 등 유가증권(3,776억9,000만 달러)은...",https://www.hankookilbo.com/news/article/A2026040310120001534?did=NA,11,,1
"알파칩스, 239억 3천만 원대 미국 반도체 공급계약→매출 확장 기대","공시에 따르면 총 계약금액은 달러화 기준 15,876,875달러이며, 2026년 4월 2일 서울외국환중개 기준환율 1,507.80원이 적용됐다. 계약(수주)일자는 고객사로부터 받은 구매주문서상 기재일을 기준으로...",https://www.topstarnews.net/news/articleView.html?idxno=16024742,4,,1
중동전쟁發 환율 불안에…3월 외환보유액 두달 만에 39.7억 달러 감소,"따른 환율 불안으로 시장안정화 조치가 확대되면서 우리나라 외환보유액이 두 달 만에 감소 전환했다. 3일 한국은행에 따르면 2026년 3월 말 기준 우리나라 외환보유액은 4236억 6000만 달러로, 전월 말(4276억...",https://www.news1.kr/photos/7836318,12,,1
'환율 관리'에 3월말 외환보유액 39.7억달러 감소,"따른 환율 불안으로 시장안정화 조치가 확대되면서 우리나라 외환보유액이 두 달 만에 감소 전환했다. 3일 한국은행에 따르면 2026년 3월 말 기준 우리나라 외환보유액은 4236억 6000만 달러로, 전월 말(4276억...",https://www.news1.kr/photos/7836314,12,,1
"""달러 팔아요!""...중고거래 플랫폼 잇단 글, 괜찮을까? [앵커리포트]","중동 전쟁 여파로 1500원 대로 치솟은 환율 시대. 이러한 개인 간 화폐 거래 자체가 불법은 아니지만, 주의할 점이 있습니다. 미국 달러와 일본 엔화, 두 화폐 모두 이번 이란 전쟁 이후 가치가 뛰었다는 공통점이 있죠....",https://www.ytn.co.kr/_ln/0102_202604031441432821,4,,1
3월 외환보유액 두달 만에 39.7억 달러 감소,"따른 환율 불안으로 시장안정화 조치가 확대되면서 우리나라 외환보유액이 두 달 만에 감소 전환했다. 3일 한국은행에 따르면 2026년 3월 말 기준 우리나라 외환보유액은 4236억 6000만 달러로, 전월 말(4276억...",https://www.news1.kr/photos/7836316,12,,1
"카드사 김치본드 발행, '외환 안정'에 한 몫",당국은 고환율 및 강달러 기조 아래 급격한 외화 유출을 방지하고 국내 유동성을 관리하는 데 정책 역량을 집중하고 있습니다. 증권사의 해외주식 마케팅 제한이나 달러보험 모니터링 강화 역시 자금의 해외 유출을...,http://www.newstomato.com/ReadNews.aspx?no=1296643&inflow=N,14,,1
"국내 외환보유액, 3월 한달간 39.7억달러 급감","따른 환율 불안으로 시장안정화 조치가 확대되면서 우리나라 외환보유액이 두 달 만에 감소 전환했다. 3일 한국은행에 따르면 2026년 3월 말 기준 우리나라 외환보유액은 4236억 6000만 달러로, 전월 말(4276억...",https://www.news1.kr/photos/7836309,12,,1
"외환보유액, 3월 말 39억7000만 달러 감소","따른 환율 불안으로 시장안정화 조치가 확대되면서 우리나라 외환보유액이 두 달 만에 감소 전환했다. 3일 한국은행에 따르면 2026년 3월 말 기준 우리나라 외환보유액은 4236억 6000만 달러로, 전월 말(4276억...",https://www.news1.kr/photos/7836302,12,,1
"코스피 2.5% 상승 5,300선 회복...환율 1,504원~1,511원 유지","원·달러 환율은 10원 가까이 내려 1,500원대에서 거래되고 있습니다. 취재기자 연결해 알아보겠습니다. 윤태인 기자, 오늘 코스피는 상승세로 시작했죠? [기자] 코스피는 어제 종가보다 141포인트, 2.7% 상승한 5,375로...",https://www.ytn.co.kr/_ln/0102_202604031439245719,6,,1
"""어디까지 오르나"" 샤넬·불가리 등 명품 브랜드 가격 또 인상",한편 명품 브랜드들은 가격 인상 이유를 따로 밝히지 않고 있다. 중동 정세 불안과 원달러 환율 등 물가 불안 요인이 있지만 그것이 직접적인 인상 이유는 아니라는 게 전문가들의 분석이다.,https://www.ddaily.co.kr/page/view/2026040314282663118,4,,1
"""환율 방어하다 곳간 바닥나겠네”…외환보유액 40억弗 순삭",당시에는 미국의 상호관세 발표 등으로 원·달러 환율이 급등하자 외환당국이 시장 안정화에 나서면서 외환보유액이 5년 만에 최저 수준으로 줄어든 바 있습니다. 외환보유액은 지난 2월 외국환평형기금채권 신규...,https://biz.sbs.co.kr/article_hub/20000301932?division=NAVER,6,,1
"삼성전자, 고환율 타고 분기 영업익 50조원도 넘을까 [갭 월드]","인공지능(AI) 연산에 필수적인 메모리 반도체 수요 폭발에 고환율 효과까지 더해지며 올해 1분기 창사... 여기에 수출 비중이 압도적으로 높은 반도체 산업 특성상, 최근 이어지는 원화 약세(달러 강세) 흐름이 원화...",https://www.sedaily.com/article/20028035?ref=naver,5,,1
1분기에만 100원 뛴 원·달러 환율…금융지주 '밸류업 잔치' 찬물,뉴스토마토 = 이종용 기자 | 올해 들어 원·달러 환율이 100원 가까이 급등하면서 금융지주사들의 밸류업(주주가치 제고) 전략에 제동이 걸렸습니다. 중동 리스크 고조로 환율이 한 때 1530원을 돌파했다가 현재...,http://www.newstomato.com/ReadNews.aspx?no=1296633&inflow=N,6,,1
"POSCO홀딩스, 1분기 바닥 찍고 반등 시동…2분기엔 영업익 8000억대 전망",박 연구원은 “전반적인 철강 내수 부진 영향으로 1분기 POSCO의 철강 판매량은 801만톤으로 예상된다”며 “원재료 스팟 가격 상승분과 원·달러 환율 상승 영향으로 고로 원재료 투입단가는 전분기 대비 2만원가량 오른...,https://www.thepowernews.co.kr/view.php?ud=202604031246497507de3f0aa1be_7,4,,1
중동 리스크가 흔드는 한국 경제…환율·에너지발 '복합 충격'의 실체,최근 원/달러 환율이 급등락을 반복하는 것도 이러한 흐름과 맞닿아 있다. 환율 상승은 단순한 숫자의 변화가 아니라 경제 전반의 '비용 상승 압력'으로 직결된다. 특히 수입 의존도가 높은 한국 경제 구조상 원화 약세는...,https://www.ppss.kr/news/articleView.html?idxno=291209,5,,1
“전쟁보다 금리”...美 재정적자 6% 현실화에 투자자 불안,금리가 상승하면 달러 강세가 나타나고 원·달러 환율이 상승하면서 외국인 자금 이탈 압력이 커지기 때문이다. 특히 외국인 수급 비중이 높은 국내 증시는 금리 변화에 민감한 구조다. 금리 상승 국면에서는 외국인...,http://www.fnnews.com/news/202604031407536961,5,,1
"환율 방어·달러 강세 영향에 3월 외환보유액, 약 40억달러 감소",한편 외환당국은 지난해 4분기 환율 안정화를 위해 224억6700만달러를 순매도했으며 이는 역대 가장 많은 수준이다. 연속 순매도도 연속 순매도는 2024년 4분기 이후 5개 분기 연속 이어졌다. 윤경수 한은...,https://www.todaykorea.co.kr/news/articleView.html?idxno=400430,9,,1
중동발 유가·환율 폭등에 공사비 사상 최고…분양가 또 오르나,연초 달러당 1천400원 안팎이던 원·달러 환율도 1천500원을 넘어서며 수입 의존도가 높은 건설 원자재값 상승을 부채질하고 있다. 이미 공사비는 사상 최고 수준이다. 한국건설기술연구원에 따르면 올해 1월...,https://www.imaeil.com/page/view/2026040314081285596,4,,1
“달러 강제 매각”·“환전 막힌다”… 치솟는 환율에 가짜뉴스 확산,정부 “시장교란 행위는 경찰에 고발” 최근 원·달러 환율 변동성이 커지자 ‘달러 환전이 제한된다’는 가짜 뉴스가 확산되며 금융 소비자들의 불안 심리를 자극하고 있다. 정부는 이를 시장 교란 행위로 보고 관계...,https://biz.chosun.com/stock/finance/2026/04/03/KMWAZVQ3KJHIBJYMQFUHO23MKM/?utm_source=naver&utm_medium=original&utm_campaign=biz,5,,1
"호르무즈 논의 촉각 속...일본증시 '장중 상승', 5만3000 회복",같은 시간 달러 대비 엔화 환율은 159.56엔으로 0.03% 하락하며 엔화가치 강세를 나타내고 있다. 중국 상하이종합지수는 오후 1시 2분(현지시간) 기준 전일 대비 1.00% 하락한 3879.98에서 움직이는 중이다. 농업은행...,http://www.choicenews.co.kr/news/articleView.html?idxno=163284,7,,1
"[장기화하는 중동사태]① 금융권 '비상'…은행권, 금융 지원 확대로 후...","한편, 한국신용평가는 지난달 17일 리포트를 통해 ""전쟁 장기화로 원·달러 환율이 상승할 경우 국내 은행의 자본비율에는 하방 압력이 커질 것으로 보인다""고 진단했다. 통상 은행권은 환율이 오르면 외화대출과...",https://www.financialpost.co.kr/news/articleView.html?idxno=254187,9,,1
"'이하이와 열애' 도끼, 보석 대금 아직도 안냈다…채권자 측 ""상식 無"" ...","한편 2021년 해외 보석업체 측 대표 A 씨는 도끼가 2018년 9월부터 11월까지 세 차례에 걸쳐 약 2억 6700만원(당시 환율 기준 20만 6000달러) 상당의 귀금속 7점을 구매한 뒤, 이 중 3만 4740달러의 대금을 치르지 않았다며...",https://www.hankyung.com/article/2026040370887,0,,0
"달러·원 환율, 1500원대 굳어지나?","■ 용감한 토크쇼 '직설' - 손석우 앵커 경제평론가 (건국대 겸임교수), 박상현 iM증권 리서치센터 전문위원, 송재경 디멘젼투자자문 투자부문 대표, 박석현 우리은행 WM그룹 부부장 - 달러·원 환율, 1500원대 굳어지나?...",https://biz.sbs.co.kr/article_hub/20000301909?division=NAVER,7,,1
중동 리스크 숨 고르기… 환율 1500원 초반대로,원달러환율 3일 오후 중동 긴장 완화로 안전자산 선호가 누그러지며 서울 외환시장에서 원·달러 환율이 1500원대 초반으로 하락했다. 사진=KTV 갈무리 중동 불안이 다소 진정되면서 환율이 다시 내려섰다. 3일 오후 1시...,https://www.newsclaim.co.kr/news/articleView.html?idxno=3059811,4,,1
고환율 방어에 3월 외환보유액 약 40억달러 감소,지난달 외환보유액 감소 규모는 지난해 4월(-49억9000만달러) 이후 11개월 만에 가장 큰 감소 폭이다. 당시 미국 상호관세 발표 등으로 원·달러 환율이 뛰자 외환당국이 환율 방어에 나섰기 때문이다.,https://hbnpress.com/news/view/1065587951845369,4,,1
"韓 외환보유액 4236억달러, 세계 12위…한 달 새 40억 달러 감소",우리나라 외환보유액이 한 달 만에 약 40억달러 줄었다. 환율 변동에 따른 자산 평가액 감소와 외환시장 안정 조치 영향이 반영된 결과다. 한국은행이 3일 발표한 ‘3월말 외환보유액’에 따르면 지난달 말...,https://www.ddaily.co.kr/page/view/2026040313401781204,12,,1
"[티타임] 5400선 근접 코스피, 삼전·하이닉스 강세…환율 1509원","98%)은 오름세지만 에코프로비엠(-1.88%), 에이비엘바이오(-1.06%), 코오롱티슈진(-0.20%), 펩트론(-0.23%)은 약세다. 서울 외환시장에서 원·달러 환율은 전 거래일 보다 3.40원(-0.22%) 내린 1509.10원에 거래된다.",https://www.sidae.com/article/2026040313382790074,6,,1
"[서환-오전] 주말 앞둔 경계감에 낙폭 축소…1,510원선 안팎","달러-엔 환율은 뉴욕장 대비 0.088엔 오른 159.681엔, 유로-달러 환율은 0.00055달러 하락한 1.15320달러에 거래됐다. 엔-원 재정환율은 100엔당 945.63원, 위안-원 환율은 219.26원이었다. 역외 달러-위안(CNH) 환율은 6....",https://news.einfomax.co.kr/news/articleView.html?idxno=4407631,4,,1
"""트럼프 '종전 선언' 없었다""…3중고 우려에 애타는 K가전업계",원·달러 환율은 1510원선까지 치솟으며 핵심 부품 수입 비용이 늘었다. 여기에 미국이 2일(현지시간) 철강·알루미늄·구리 함량이 높은 파생제품에 대해 제품 가격 기준 25%의 관세를 일률적으로 부과하겠다고...,https://www.widedaily.com/news/articleView.html?idxno=291613,4,,1
[신윤우의 컴온웰스] 풍전등원(￦),"한반도를 넘어 전 세계를 충격에 빠트린 사건으로 달러-원 환율은 1,500원 턱밑까지 올랐다. 원화 가치가 금융위기 이후 최저로 떨어진 것이다. 대통령 탄핵으로 국내 정치 이슈가 마무리되어가는 찰나 새로 들어선 미국...",https://news.einfomax.co.kr/news/articleView.html?idxno=4407628,12,,1
달러·엔화는 뛰는동안 ‘얼음’된 원화 스테이블 코인…생존 해법은 ‘...,6조달러이며 현물환 거래만도 하루 3조달러 수준이다. 그러나 이 시장은 지금도 중개기관을 거치는 구조 탓에 정산에 1~3영업일이 걸리고 수수료·환율 스프레드 비용도 높다. 이 비효율을 해소하기 위해 필요한 것이...,https://www.mk.co.kr/article/12007226,9,,1
"시장 안정화 조치로 3월 외환보유액, 한달 만 감소 전환","외환스와프는 양 기관이 외환시장을 거치지 않고, 약정한 환율에 따라 보유한 원화와 달러를 교환하는 방식이다. 계약 만기 시에는 교환했던 자금을 다시 반환해야 하므로 이에 따른 외화보유액 감소분은 향후...",http://www.newsprime.co.kr/news/article.html?no=729165,0,,0
월드 뉴스 브리프 (기준일시: 2026년 04월 03일 금요일 10:00),변동성은 금융시장 전반으로 확산될 수 있습니다. 중앙은행들은 환율 변동에 대응하는 정책을 검토하고 있습니다. 전문가들은 달러 강세가 당분간 지속될 가능성이 높다고 보고 있습니다. ​ ​  ​​ ​ ifsPOST 편집실,http://www.ifs.or.kr/bbs/board.php?bo_table=globalnewsfocus&wr_id=300,8,,1
"중동전쟁 여파, 의료계도 영향…“장기화 시 비상”",3일 보건당국과 의료계에 따르면 최근 중동발 지정학적 리스크로 나프타(Naphtha) 가격과 해상 운임이 상승하고 원·달러 환율까지 오르면서 의료용 플라스틱 제품의 생산 비용이 전반적으로 증가하고 있다. 나프타는 일회용...,https://www.etoday.co.kr/news/view/2572492,4,,1
"이재명 대통령  긴급재정명령 언급에 언론 ""신중해야""","17년 만의 환율 급등, 조선·중앙 ""당국 대응 소극적"" 지적 31일 서울 외환시장에서 원달러 환율이 전날보다 14.4원 오른 1530.1원을 기록하면서 2009년 3월 이후 17년 만에 최고치를 경신했다. 신현송 한국은행 총재 후보자의...",https://www.mediatoday.co.kr/news/articleView.html?idxno=333468,12,,1
[진단_항공우주업계 ③켄코아에어로스페이스] 이민규 대표의 글로벌 공...,한국은행에 따르면 2025년 원·달러 환율은 약 1350원에서 1480원 사이의 넓은 변동 폭을 기록하며 기업 실적에 영향을 미치는 주요 변수로 작용한 것으로 나타났다. 다만 글로벌 군사적 긴장 고조는 국방비와 우주 관련...,http://www.newsworker.co.kr/news/articleView.html?idxno=420382,13,,1
코인데스크20 4.5% 하락…전 종목 내리며 약세 심화,"원화 기준으로는 약 283만 원 수준이다(원달러 환율 1,510.70원 적용). 전 종목 하락…시장 전반 ‘동반 약세’ 이번 하락장에서 코인데스크 20을 구성하는 20개 자산은 모두 상승 없이 일제히 하락했다. 특정 자산에...",https://www.tokenpost.kr/news/cryptocurrency/345979,5,,1
[뉴스in뉴스] 치솟는 환율에 커지는 ‘한숨’…기업도 ‘환율 패닉’,"원·달러 환율이 끊임없이 치솟으며 1500원 대에서 유지되고 있습니다. 중동 사태가 장기화 되면서 우리 일상도 적지 않은 영향을 받고 있습니다. 경제산업부 석혜원 기자 나와있습니다. 석 기자, 먼저 오늘 환율 상황부터...",https://news.kbs.co.kr/news/pc/view/view.do?ncd=8526320&ref=A,4,,1
지난달 외환보유액 4237억달러…40억달러 감소,당시 미국이 상호관세를 발표하면서 외환시장에서 원달러 환율이 급등하자 외환당국이 환율 방어를 위해 보유한 달러를 매도하면서다. 한은 관계자는 “지난달 달러가 강세를 보여 기타 통화 외화자산의 달러화...,https://www.naeil.com/news/read/583903?ref=naver,9,,1
韓외환보유액 40억 달러 감소…2000년 후 첫 10위권 이탈,"지난해 4분기 초 1400원대였던 원-달러 환율이 연말 들어 1480원대까지 치솟자, 외환당국은 외환시장 개입 규모를 확대했다. 당국은 지난해 4분기 환율 방어를 위해 224억6700만 달러를 순매도했다. 2019년 3분기 이후...",https://www.joongang.co.kr/article/25417281,4,,1
"""전쟁 리스크 바닥 찍었다"" 무섭게 팔던 외인 돌아왔다...'순매수' 전환","원/달러 환율도 전 거래일 대비 8.9원 내린 1510.8원으로 주간 거래를 시작했고, 한때 1504원대까지 떨어지기도 했다. 지난 2일 원/달러 환율은 1523원대까지 치솟은 바 있다. 외국인의 SK하이닉스 순매도 행진도 멈췄다....",https://www.mt.co.kr/stock/2026/04/03/2026040311484269653,4,,1
호르무즈 통행료 배럴당 1달러...국제 유가 더 치솟나?,이 시간 현재 국제유가 3대 유종이 대부분 배럴당 110달러 내외에서 움직이고 있습니다. WTI는 11% 올라서... 여기다 환율도 불안한데요. 1500원이 지금은 거의 고착화되고 있는 상황입니다. 이러다 보니까 외국인 자금이...,https://www.ytn.co.kr/_ln/0104_202604031231133144,4,,1
"WGBI 핵심 투자자 日 GPIF, 투자 채권 환헤지 축소 기류","달러-원 환율인 한때 금융위기 이후 가장 높은 1,536.90원까지 급등한 만큼 다시 1,400원대에서 하락하려면 외국인 자금 유입 변수가 중요하다. 구윤철 부총리 겸 재정경제부 장관은 전일 국회 재정경제기획위원회...",https://news.einfomax.co.kr/news/articleView.html?idxno=4407620,13,,1
위안화 0.07% 절하 고시…6.8929위안,0049위안(0.07%) 올라간 6.8929위안에 고시됐다. 달러-위안 환율 상승은 달러 대비 위안화 가치의 하락을 의미한다. 전장 은행 간 거래 마감가(화면번호 6402)는 6.8936위안이었다.,https://news.einfomax.co.kr/news/articleView.html?idxno=4407619,7,,1
"日재무 ""모든 측면에서 시장 조치 취할 것""","있다""고 지적하면서 ""통화 정책의 구체적 내용은 일본은행이 결정한다""고 덧붙였다. 가타야마 재무상 발언 후 달러-엔 환율은 전 거래일 대비 0.01% 하락한 159.580엔에 거래됐다. 달러-엔 환율 차트[출처 : 연합뉴스 자료 사진]",https://news.einfomax.co.kr/news/articleView.html?idxno=4407618,7,,1
"석유류, 3년 5개월 만에 최대폭 상승…종전 이후도 걱정",문제는 중동 전쟁 장기화로 국제유가가 계속 상승하고 원 달러 환율이 1천500원을 넘어서면서 이달 물가가 더 뛸 가능성이 크다는 겁니다. [이두원/국가데이터처 경제동향통계심의관 (어제) : 항공료 위주로 아마 상승...,https://news.sbs.co.kr/news/endPage.do?news_id=N1008504205&plink=ORI&cooper=NAVER,4,,1
환율 방어 등에 3월 외환보유액 40억달러↓…11개월만에 최대폭,"지난달 외환보유액이 약 40억달러 줄면서 11개월 만에 최대 감소폭을 기록했습니다. 한국은행에 따르면 3월 말 기준 외환보유액은 4236억6천만달러로 한 달 전보다 39억7천만달러 줄었습니다. 한은 관계자는 ""달러...",https://biz.sbs.co.kr/article_hub/20000301877?division=NAVER,17,,1
"HD현대중공업, 오세아니아 선사와 2393억원 규모 LPGC 2척 계약 체결","계약금액은 계약일 최초 고시환율인 달러당 1507.80원을 적용하여 계산됐다. HD현대중공업은 종합 조선 기업으로, 2021년 9월 17일 코스피 시장에 상장된 회사다. 2026년 4월 3일 오전 11시 40분 한국거래소 기준...",https://www.digitaltoday.co.kr/news/articleView.html?idxno=653247,6,,1
"핀산협,글로벌 경쟁력 강화를 위한 스테이블코인 기반 무역금융 전략 세...","더불어민주당 안도걸 의원은 “우리 무역결제가 여전히 달러 중심 구조에 의존해 환전 비용과 환율 리스크가 확대되고 있다”며, “원화 스테이블코인은 비용 절감과 실시간 정산을 가능하게 하는 차세대 결제...",https://www.tokenpost.kr/news/blockchain/345975,6,,1
美-이란 전쟁 장기화에 약가인하까지…제약업계 수익성 3중고,"원·달러 환율은 지난해 평균 1423원에서 전날 1512원 수준으로 약 5.7% 상승했다. 지난해 각 사 사업보고서를 바탕으로 환율 상승이 현재 수준을 유지한다고 가정했을 때, 주요 제약사 모두 원료 매입 품목에 따라...",https://view.asiae.co.kr/article/2026040308364611083,4,,1
[이슈메이커] 한은 총재 후보 지명된 신현송 국제결제은행(BIS) 통화경제...,"특히 강달러가 기업의 대차대조표를 악화시켜 실물 위기로 번지는 ‘금융 경로’ 위험성을 꾸준히 경고해 온 만큼, 취임 후 원·달러 환율 변동성 관리에서 적극적인 대응이 예상된다.실용적 매파 지명에 금융시장...",https://economychosun.com/site/data/html_dir/2026/03/27/2026032700018.html,13,,1
지난달 외환보유액 40억달러 ‘뚝’ … 환율방어에 11개월來 최대폭 감...,미국 상호관세 발표 등으로 원·달러 환율이 뛰자 외환당국이 환율 방어에 나섰던 지난해 4월 (-49억9000만 달러) 이후 가장 큰 폭으로 감소한 것이다. 한은 관계자는 이에 대해 “기타통화 외화자산의 미 달러...,https://www.munhwa.com/article/11579663?ref=naver,9,,1
"[뉴스나우] 트럼프, 이란 최대교량 폭격...이란 ""더 파괴적 공격할 것""","예상대로 확전이었고 주가랑 환율이 요동쳤습니다. 어제 단어가 여러 개 있었는데 석기시대, 갑자기 고고학... 1배럴당 1달러 내라. 이란은 지금 이런 입장인 것 같습니다. [박원곤] 그게 현실화된다면 한국 같은 경우 1년에...",https://www.ytn.co.kr/_ln/0104_202604031150380157,5,,1
속도보다 방향·신뢰 중요한 물가 대책[포럼],이는 국제 유가가 배럴당 100달러를 넘어선 데다 원·달러 환율까지 상승한 영향으로 해석된다. 이 같은 여건 때문에 정부가 제시한 올해 성장률 목표 2.0% 달성도 쉽지 않다. 경제협력개발기구(OECD)는 한국의 올해 성장률...,https://www.munhwa.com/article/11579652?ref=naver,4,,1
"코스피 5,400선 회복 시도…환율 1,500원대","원·달러 환율은 1,500원대로 내려왔습니다. 자세한 내용은 취재기자 연결해 알아봅니다. 배시진 기자. [기자] 네, 한 달 넘게 이어진 중동 사태 속에 이란이 호르무즈 해협 통행 재개를 논의한다는 소식이 전해지면서...",http://www.yonhapnewstv.co.kr/MYH202604031147407CE,6,,1
“나프타 수급 불안에 발주 중단”…편의점 숟가락·빨대 사라진다,"원/달러 환율도 1500대를 유지하고 있다. 전쟁 장기화 시 국내에서 생산되는 원재료의 가격 상승도 불가피하다. 농·축산물 생산에 필요한 비료, 사료 등도 마찬가지다. 비료에 필요한 요소는 천연가스를 원료로 생산된다....",https://biz.heraldcorp.com/article/10709461?ref=naver,4,,1
"'호르무즈 통행' 논의에 코스피 5,300선 회복...원-달러 환율은 10원 '뚝...","원·달러 환율은 9원 가까이 내린 1,510원으로 출발해 현재 1,500원대에서 거래되고 있는데요, 취재기자 연결해 알아보겠습니다. 윤태인 기자, 오늘 증시는 상승세로 시작했죠? [기자] 코스피는 어제 종가보다 123포인트...",https://www.ytn.co.kr/_ln/0102_202604031142451940,6,,1
3월 외환보유액 40억달러 줄어…환율방어에 11개월만에 최대폭,당시 미국 상호관세 발표 등으로 원-달러 환율이 뛰자 외환당국이 환율 방어에 나서면서 외환보유액이 5년 만에 가장 적은 수준인 4046억7000만 달러로 줄어들었다. 외환보유액은 올해 2월 외국환평형기금채권 신규...,https://www.donga.com/news/Economy/article/all/20260403/133668353/1,6,,1
3월 외환보유액 39.7억달러 감소,"국민연금은 해외 주식과 채권에 투자할 때 달러가 필요한데, 이를 시장에서 직접 사들이면 외환시장의 달러 수요가 커져 환율 변동성이 확대될 수 있다. 이를 줄이기 위해 외환당국은 국민연금과 외환스왑 거래를...",https://www.datasom.co.kr/news/articleView.html?idxno=208255,7,,1
환율 방어전에 외환보유액 40억 달러 줄어...11개월 만에 최대 폭 감소,"당시 미국 상호관세 발표 등으로 원·달러 환율이 뛰자 외환당국이 환율 방어를 위해 나서면서 외환보유액이 5년 만에 최소 수준으로 떨어졌다. 한국은행은 ""기타통화 외화자산의 미달러 환산액 감소 및...",https://www.ppss.kr/news/articleView.html?idxno=291110,12,,1
증시 대기자금 중동사태뒤 16조 급증… “일단 관망”,여기에 원·달러 환율과 국제유가까지 크게 흔들리면서 투자자들이 공격적으로 매수에 나서기보다 일단 현금성 자산을 쥔 채 관망하는 분위기가 짙어졌다는 분석이 나온다. 시장에서는 이들 자금을 ‘이탈 자금’...,https://www.munhwa.com/article/11579638?ref=naver,4,,1
코스피 5400선 회복 시도…삼전닉스 강세,"달러원 환율은 어제보다 8.9원 내란 1510.8원에 개장한 뒤 호르무즈 해협 개방 기대에 1,510원 밑으로 내려왔습니다. [앵커] 뉴욕증시는 혼조 마감했죠? [기자] 이란과 오만의 호르무즈 해협 통과 추진시도에 뉴욕 증시는...",https://biz.sbs.co.kr/article_hub/20000301865?division=NAVER,6,,1
"[오늘증시] 호르무즈 개방 기대감... 코스피, 저가 매수세에 5350선 반등","원·달러 환율 역시 1510원 선을 상회하며 위험자산 선호 회복을 제약하는 요인으로 작용하고 있다. ■ 증권가 ""하락은 이벤트 영향…밸류에이션 매력 유효"" 증권가에서는 최근 조정을 펀더멘털 훼손이 아닌 이벤트성...",https://www.startuptoday.co.kr/news/articleView.html?idxno=608535,6,,1
"우리금융경영연 “원·달러 환율, 균형환율보다 54원 높아”","이투데이=김남현 기자 | 중동 리스크에 원화 오버슈팅, “전쟁 진정시 하락” 한·미 금리차 확대 등 구조적 요인도 작용 미국 이란 전쟁 여파로 원·달러 환율이 급등한 가운데, 현재 환율이 경제 펀더멘털 대비...",https://www.etoday.co.kr/news/view/2572487,7,,1
"현대중공업, 6117억 규모 P/C선 8척 수주","5% 수준이다. 계약 기간은 지난 2일부터 2029년 5월 31일까지이며, 대금은 공사 진행률에 따라 지급된다. 계약 금액은 계약일 최초 고시 환율인 달러당 1507.8원을 적용해 산출됐다.",https://www.bloter.net/news/articleView.html?idxno=658563,4,,1
"[서환] 호르무즈 해협 규약 기대에 1,500원 초중반대로 급락","달러-원 환율이 하루 만에 급등을 되돌리며 1,500원대 초반에서 하락 출발했다. 3일 서울 외환시장에서 달러-원 환율은 오전 9시 27분 현재 전일대비 13.80원 급락한 1,505.90원에 거래됐다. 달러-원은 전일 위험자산 회피...",https://news.einfomax.co.kr/news/articleView.html?idxno=4407614,4,,1
"환율 1500원대 안착 우려에…""위기 아냐"" vs. ""레벨 자체 위험""","원·달러 환율 '1500원'대가 일상화된 가운데 외환시장을 둘러싼 해석은 뚜렷하게 엇갈리고 있다. 한편에서는 ""부정적이지만 아직 위기 국면으로 단정하기는 이르다""는 입장인 반면 다른 한쪽에서는 ""환율 레벨 자체가...",http://www.joseilbo.com/news/news_read.php?uid=565909&class=18&grp=,4,,1
"이하이와 사랑에 빠진 도끼, 귀금속 값 '3만 달러' 빠트렸다[셀럽이슈]",해외 보석업체를 운영하는 A씨는 도끼가 2018년 9월부터 11월까지 총 3차례에 걸쳐 20만 6000달러(당시 환율 기준 약 2억 6700만 원) 상당의 귀금속 7점을 구매한 뒤 3만 4740달러의 대금을 지불하지 않았다며 지난 2019년...,http://www.celuvmedia.com/article.php?aid=1775181760517869007,4,,1
"""석기시대로 살 순 없잖아!"" 호르무즈 '톨게이트', 단기적 실현 가능한...",당연히 환율은 이런 주식시장에서의 외인 투자들의 비중이 높으니까 달러로 된 자금들이 들어왔다가 나가면서 환율은 당연히 오를 수 있고요. 그러면 우리나라는 왜 그렇게 그런가요라는 조금 더 구조적인 어떤 거를...,https://radio.ytn.co.kr/program/?f=2&id=108153&s_mcd=0206&s_hcd=15,5,,1
3월 외환보유액 39억달러 감소…11개월 만에 최대 폭,당시에는 미국의 상호관세 발표 등으로 원/달러 환율이 급등하자 외환당국이 시장 안정에 나서면서 외환보유액이 5년 만에 최저 수준으로 줄어든 바 있다. 외환보유액은 지난 2월 외국환평형기금채권(외평채) 신규...,https://www.cbci.co.kr/news/articleView.html?idxno=565338,6,,1
"개미 ""팔자"" 코스피 상승폭 1%대 축소…5330선 등락[장중시황]",한편 서울 외환 시장에 따르면 현재 달러·원 환율은 1511.30원에 거래되고 있다. 장 초반 1503원대까지 내렸으나 다시 1510원선으로 올라섰다. 유가시장이 기독교 부활절 전 금요일인 성금요일을 맞아...,https://www.news1.kr/finance/general-stock/6124467,6,,1
"""러·우 전쟁보다 무섭다""…중동쇼크에 불확실성지수, 李정부 출범 후 ...","지난 2일 오후 3시 30분 서울외환시장에서 달러·원 환율은 전일 주간종가보다 18.4원 오른 1519.7원을 기록했고, 장중 1524.10원까지 상승했다. 오전까지 99선에 머물던 달러인덱스도 오후 들어 100선을 넘겼고, WTI 5월물...",https://www.news1.kr/economy/trend/6124108,4,,1
원/달러 환율 1500원 시대…은행 외화 건전성은?,"최근 원/달러 환율 1500원이 일시적 충격이 아니라 새로운 기준선으로 자리잡는 양상이다. 5대 은행의 외화 유동성은 규제 기준을 넉넉히 넘지만 1년 전보다 최대 20%p 이상 빠졌고, 은행의 손실흡수력과 건전성을...",https://www.straightnews.co.kr/news/articleView.html?idxno=299296,12,,1
외환보유액 한달새 40억달러 가까이 감소…환율·시장안정 조치 영향,외환보유액 규모 세계 12위로 밀려 우리나라 외환보유액이 한 달 만에 약 40억달러 줄어들며 다시 감소세로 돌아섰다. 환율 변동에 따른 평가손과 함께 시장안정 조치가 영향을 미친 것으로 분석된다. 3일...,https://www.nspna.com/news/?mode=view&newsid=808623,4,,1
"외환보유액, 3월 말 39억7000만 달러 감소…달러 강세 직격탄",당시 미국 상호관세 발표 등으로 원/달러 환율이 뛰자 외환당국이 환율 방어에 나서면서 외환보유액이 5년만에 최소 수준으로 줄었다. 환보유액은 지난 2월 외국환평형기금채권(외평채) 신규 발행 등으로 3개월...,http://www.newsfc.co.kr/news/articleView.html?idxno=77841,6,,1
중동 사태에 널뛰는 시장…환율 10원 내리고 코스피 5300대 회복,전날 1520원에 바짝 다가섰던 원·달러 환율은 3일 약 10원 가량 하락했고 5200대까지 주저앉았던 코스피도 5400선 가까이 올랐다. 전날 과대 낙폭에 따른 반등에 이란이 호르무즈 해협 통행 규칙을 만들고 있다는 소식이...,https://www.segye.com/newsView/20260403506929?OutUrl=naver,6,,1
“美 AI데이터센터 수요 급증… LS일렉트릭 100만 원 간다”,"그 근거로 반도체 제조업체향 배전기기 매출 회복, 초고압변압기 증설 효과, 미국 및 베트남 법인 호실적 지속, 원/달러 환율 상승 등을 꼽았다. 허 연구원에 따르면 LS일렉트릭은 인공지능(AI)데이터센터용...",https://weekly.donga.com/3/all/11/6168139/1,5,,1
호르무즈 판 짜는 이란·오만…삼전닉스 '펄펄' 코스피 '훈풍',이날 서울 외환시장에서 원달러 환율은 전날 주간 거래 종가 대비 10원 이상 급락하며 1500원대 초반에서 거래되고 있다. 세계 최대 원유 수송로인 호르무즈 해협이 전면 봉쇄되는 최악의 시나리오를 피할 수 있다는...,https://www.mediapen.com/news/view/1091072,6,,1
외환보유액 40억달러 가까이 감소…환율 방어에 달러 투입 확대,"한국은행은 지난해 4분기 환율 안정을 위해 약 224억6700만달러(약 34조원)를 순매도했다고 밝힌 바 있다. 이는 역대 최대 규모이며, 5개 분기 연속 순매도 기록이다. 외환시장에서는 당분간 글로벌 달러 강세와 지정학적...",https://www.ppss.kr/news/articleView.html?idxno=291158,12,,1
"""POSCO홀딩스, 유가와 환율 급등 → 고로 원재료 투입 단가 상승 → 제품...",3분기 철광석을 비롯한 원재료 스팟 가격이 상승분이 시차를 두고 반영됨과 동시에 4분기 원/달러 환율 상승의 영향으로 POSCO의 고로 원재료 투입단가는 전분기 대비 톤당 2만원을 상승할 것으로 예상되는 반면...,https://www.newsquest.co.kr/news/articleView.html?idxno=264234,4,,1
환율방어하느라 외환보유 39억弗 줄었다,"특히, 원/달러 환율은 3월 평균(주간종가 기준) 1492.5원으로, 2월(1448.38원)보다 3.1%가량 올랐다. 특히, 외환위기 당시인 1998년 3월(1488.87원)도 넘어서며 역대 네 번째에 올라섰다. 환율이 1500원을 넘긴 날은...",https://biz.heraldcorp.com/article/10709373?ref=naver,4,,1
뛰는 환율에 3월 외환보유액 감소,"3일 서울 중구 하나은행 위변조대응센터에서 직원이 달러를 들고 있다. 한국은행에 따르면 3월 말 기준 우리나라 외환보유액은 4천236억6천만달러(약 641조원)로, 전월보다 39억7천만달러 감소했다. 2025년...",https://www.newsis.com/view/NISI20260403_0021233532,12,,1
외환보유액 4236억달러로 감소 전환…환율 방어에 40억달러 가까이 줄어,지난달 우리나라 외환보유액이 환율 방어와 시장 안정화 조치 영향으로 한 달 만에 감소세로 돌아섰다. 감소 폭은 약 40억달러에 달하며 최근 1년 내 최대 수준을 기록했다. 3일 한국은행에 따르면 3월 말 기준...,https://www.greened.kr/news/articleView.html?idxno=338826,12,,1
"국내 외환보유액, 달러 강세에 40억 달러 증발…11개월 만에 최대폭 감...",당시 미국 상호관세 발표 등으로 원ㆍ달러 환율이 뛰자 외환당국이 환율 방어에 나서면서 외환보유액이 5년 만에 최소 수준으로 줄어든 바 있다. 외환보유액 추이. 자료= 한은. 지난 2월 외국환평형기금채권...,https://www.pinpointnews.co.kr/news/articleView.html?idxno=442527,11,,1
"환율 방어에 보유 외환 털었지만 … 원화 가치, '가나'보다 더 떨어졌다...","외환당국이 외환보유액을 활용해 환율 방어에 나섰지만, 중동 전쟁 장기화로 달러 강세가 이어지며 원·달러 환율은 OECD 주요국 가운데 가장 큰 폭의 약세를 기록했다. 시장에서는 ""사실상 원화가 똥값이 됐다""는...",https://biz.newdaily.co.kr/site/data/html/2026/04/03/2026040300118.html,5,,1
환율방어 등에 3월 외환보유액 40억달러↓,"3일 한국은행에 따르면 3월 말 기준 우리나라 외환보유액은 4천236억6천만달러(약 641조원)로, 전월보다 39억7천만달러 뒷걸음쳤다. 2025년 4월(-49억9천만달러) 이후 11개월 만에 가장 큰 감소 폭이다. 사진은 이날...",https://www.yna.co.kr/view/PYH20260403066100013?input=1196m,12,,1
"현대차, 주가 '강세'…판매 호조·고환율에 방긋",전쟁 불확실성 재촉발 속 미국 서부텍사스산원유(WTI) 기준 110달러선을 상회했고 원/달러 환율도 1510원선을 웃돌고 있다. 고환율은 현대차에는 혜택으로 자리하기도 한다. 현대차는 2026년 실적 가이던스에서 환율...,https://www.cstimes.com/news/articleView.html?idxno=700746,6,,1
[서환] 개장 전 마(MAR) '파' 거래…픽싱 스퀘어,"서울외환시장에서 개장 전 마(MAR, 시장평균환율) 호가는 '파(0)' 수준을 나타냈다. 3일 복수의 중개사에 따르면 서울외환시장의 개장 직전 달러-원 스팟 마 가격은 '파'에 거래됐다. 차액결제선물환(NDF) 픽싱 포지션은...",https://news.einfomax.co.kr/news/articleView.html?idxno=4407606,4,,1
환율 대응 영향···3월 외환보유액 40억달러 감소,지난달 외환보유액이 달러 강세와 외환시장 안정화 조치 등의 영향으로 40억달러 가까이 줄었다. 3일 한국은행에 따르면 3월 말 기준 외환보유액은 4236.6억달러로 전월(4276.2억달러)보다 39.7억달러 감소했다....,http://www.enewstoday.co.kr/news/articleView.html?idxno=2414680,12,,1
"정부 ""가짜뉴스로 외환시장 교란 시 즉시 고발""…엄정 대응","정부는 또 '은행이 달러 환전을 월 1만달러, 연 3만달러로 제한한다'는 내용 역시 사실이 아닌 가짜뉴스라며 수사를 의뢰하는 등 강경 대응 기조를 이어가고 있다. 정부는 최근 환율 변동성이 확대되는 상황에서 허위 정보가...",http://www.issuenbiz.com/news/articleView.html?idxno=75117,7,,1
중동발 건설 원가 '쇼크'…공사비 인상 둘러싼 분쟁 불가피,"이어 ""환율 상승 역시 원유 도입 비용을 높일 뿐만 아니라 달러 결제 기반인 수입 자재 가격을 끌어올리는 가중 요인이 된다""고 덧붙였다. '불가항력' 인정 여부 놓고 시공사-조합 간 대치 국면상황이 이렇다 보니 대형...",https://www.nocutnews.co.kr/news/6496133?utm_source=naver&utm_medium=article&utm_campaign=20260403110352,4,,1
"[더벨]제이알글로벌리츠, 뉴욕 맨해튼 빌딩 매각 추진",뉴욕 맨해튼 빌딩 매각 시 최근 이어지고 있는 원·달러 환율 상승에 따른 환차익이 기대되기 때문이다. 제이알글로벌리츠는 해당 자산에 대해 환율 1300원 수준 환헤지 80% 계약을 체결하고 있다. 다만 나머지 20...,https://www.thebell.co.kr/free/content/ArticleView.asp?key=202603261556101080106211,4,,1
기름값 2000원 '턱밑'…중동發 유가 폭등,"업계에서는 중동 정세 불안과 원·달러 환율 상승이 동시에 작용한 결과로 보고 있다. 원유 도입 단가가 높아진 데다 환율 부담까지 겹치면서 정유사 공급가격이 상승했고, 이 영향이 주유소 판매가에 반영되고...",https://daily.hankooki.com/news/articleView.html?idxno=1354850,4,,1
외환시장 교란행위 정조준…가짜뉴스부터 환치기까지 잡는다,최근 원달러 환율이 1500원을 넘어서면서 외환 관련 '가짜뉴스'가 유포되면서 시장교란 행위가 나타나자 정부가 강경 대응에 나섰다. 특히 정부는 범정부 대응체계를 본격 가동할 방침이다. 재정경제부는 문지성...,https://www.newspim.com/news/view/20260403000249,4,,1
“달러 환전? 요즘엔 당근이 제일 싸”…수수료 아끼려다 낭패보지 않으...,환율 급등에 개인간 외화거래 확산 5000달러까지는 신고 의무 없어 환치기 등 ‘매매차익’ 환전 땐 처벌 달러 강세가 지속되면서 중고거래 플랫폼을 통한 개인 간 외화 거래가 급증하고 있다. 3일 오전 서울외환시장에서...,https://www.mk.co.kr/article/12007134,5,,1
"호르무즈 해협 긴장 완화 기대에 환율 급락…원/달러 1,500원 초반대로 ...","일 서울 외환시장에서 원/달러 환율이 10원 넘게 하락하며 1,500원 초반대로 내려섰다. 중동 지역 긴장 완화 기대가 일부 반영되면서 위험자산 선호 심리가 회복된 영향으로 풀이된다. 이날 원/달러 환율은 오전 9시 5분...",https://www.ppss.kr/news/articleView.html?idxno=291147,4,,1
[오늘의 금값시세] 4월 3일 금시세(순금·24k)는?,엔/달러 환율은 소폭 하락했다. 현재 0.07% 내린 159.486엔이다. 원/엔 재정환율은 100엔당 945.33원으로 전날 오후 3시 30분 기준가(953.72원)보다 8.39원 내렸다. 글로벌 안전자산으로 통하는 금 가격은 상승세다....,https://www.ggilbo.com/news/articleView.html?idxno=1150647,4,,1
“외환보유액 40억달러 줄었다”...달러 강세 한방에 ‘출렁’,"송재석 기자 mediasong@ekn.kr 3월 말 4236억달러, 11개월 만에 최대 감소폭 환율 방어 나선 당국...시장 안정 조치 영향 유가증권·예치금·SDR 전반적으로 줄어 외환보유액 순위 하락, 대외 변수 영향 확대",https://www.ekn.kr/web/view.php?key=20260403027193931,4,,1
"[헤럴드pic] 코스피, 중동 리스크 뚫고 기지개 켜나","코스닥 시장도 전 거래일에 비해 2.38% 상승한 1079.17포인트로 개장했다. 원/달러 환율은 하락세로 장을 시작했다. 이날 오전 서울 중구 우리은행 딜링룸에 코스피 지수, 원/달러 환율, 코스닥 지수가 표시되고 있다.",https://biz.heraldcorp.com/article/10709330?ref=naver,11,,1
"유가 급등에 금·은 약세, 유럽 증시 혼조","외환시장에서는 달러 대비 역외 위안화 환율이 6.88830, 달러 대비 엔화 환율이 159.591을 기록하며 일중 기준 보합권 흐름을 보였다. 한편 Gate는 자사 플랫폼에서 귀금속, 외환, 글로벌 주가지수 CFD...",https://www.tokenpost.kr/news/breaking/345937,5,,1
몸값 더 높아진 '삼전닉스'에 코스피 3%대 반등 성공,"17에 거래를 시작했다. 개인은 1403억원 순매수하고 있고, 외국인과 기관은 각각 998억원, 354억원 순매도하는 중이다. 한편 서울 외환시장에서 원·달러 환율은 전 거래일보다 8.9원 내린 1510.8원에 출발했다.",https://www.ntoday.co.kr/news/articleView.html?idxno=126331,6,,1
신현송이 보는 외환시장 불안정 이유는…'달러 조달 구조'에 주목,코로나19 당시 FX 스와프베이시스*출처 :BIS 외환시장 불안의 원인을 환율 수준 자체보다 달러 자금 조달 구조에서 찾아야 한다는 신 후보자의 정책 인식을 보여주는 대목으로 해석된다. 또 보고서는 코로나19 충격 당시...,https://news.einfomax.co.kr/news/articleView.html?idxno=4407598,4,,1
"[A 데스크칼럼] 같은 전쟁, 다른 충격...한국 증시는 왜 더 흔들리나","최근 달러 강세 속에 원·달러 환율이 상승하면서 외국인 투자자의 환차손 부담이 커졌고, 이는 추가적인 매도 압력으로 이어졌다. 주식시장과 외환시장이 동시에 흔들리는 구조다. 그러나 문제를 외부 변수로만...",https://www.asiaa.co.kr/news/articleView.html?idxno=245376,5,,1
통화스왑·환산 손실에 축나는 '달러 곳간'…외환보유액 40억弗↓,당시 미국 상호관세 발표 등으로 원/달러 환율이 뛰자 외환당국이 환율 방어에 나서면서 외환보유액이 5년만에 최소 수준으로 줄었다. 외환보유액은 지난 2월 외국환평형기금채권(외평채) 신규 발행 등으로...,https://www.newsquest.co.kr/news/articleView.html?idxno=264228,6,,1
"코스피 급등 후 혼조세 전환, 반등 vs 불확실성 공존","서울 외환시장에서 원·달러 환율은 전날보다 8.9원 내린 1,510.8원에 거래를 시작하며 안정세를 보였다. 전날 환율은 트럼프 대통령의 강경 발언에 20원 가까이 급등한 바 있다. 유가증권시장에서 기관은 2천92억원...",https://www.ppss.kr/news/articleView.html?idxno=291131,6,,1
[오늘 외환딜러 환율 예상레인지],"예상 레인지:1502.00~1,518.00원 ◇ B은행 딜러 달러-원 환율은 달러 강세에도 역외환율 하락을 반영하면서 하락할 것으로 본다. 이란 갈등과 고유가 상황이 지속되고 있어 장중 하락폭은 축소될 것으로 예상한다. 예상...",https://news.einfomax.co.kr/news/articleView.html?idxno=4407594,7,,1
"핀산협, 원화 스테이블코인 무역금융 필요성 논의",박상혁 의원은 달러 중심 구조로 인한 이중 환전 비용과 환율 리스크 부담을 지적하며 스테이블코인 기반 결제가 대안이 될 수 있다고 밝혔다. 안도걸 의원도 실시간 정산과 비용 절감 효과를 언급하며 제도적 기반 마련...,https://www.fetv.co.kr/news/article.html?no=216295,6,,1
"트럼프 발언에 시장 '패닉'…코스피 4.47% 급락, 5200선 붕괴",이날 서울 외환시장에서 원·달러 환율은 전일 대비 18.4원 급등한 1519.7원에 마감하며 1500원대를 재차 넘어섰다. 금융시장에서는 당분간 지정학적 리스크와 유가 변동성이 주요 변수로 작용할 것으로 보고 있다. 특히...,https://www.polinews.co.kr/news/articleView.html?idxno=727394,7,,1
"코스피 5,300선 상승 출발…환율은 10원 '뚝'","호르무즈 해협 개방 기대감에 원·달러 환율도 하락 출발했습니다. 서울 외환시장에서 원·달러 환율은 전 거래일 대비 8.9원 내린 1,510.8원으로 출발한 뒤, 장 초반 현재는 1,500원 후반대까지 내려왔습니다. 지금까지...",http://www.yonhapnewstv.co.kr/MYH202604031032229GN,6,,1
[이슈] 국제유가 급등에도 3월 물가 2.2% '선방'…4월부터 상승 압력 확...,여기에 원·달러 환율이 1500원을 넘어서는 등 외환시장 불안도 물가 상승 요인으로 작용할 수 있다. 통화정책 방향을 둘러싼 논의도 이어지고 있다. 공급 측 요인에 따른 물가 상승인 만큼 즉각적인 금리 인상보다는...,https://www.polinews.co.kr/news/articleView.html?idxno=727397,5,,1
"“스팀도 이제 고환율 시대?” 게임 가격, 한국인 기준 20% 오를 수도 있...","그동안 스팀은 원-달러 환율을 약 1,150원 수준으로 적용해 왔지만, 이번 업데이트에서는 이를 1,450원 수준으로 조정했다. 최근 실제 환율보다는 낮은 수치지만, 기존 대비 약 20% 이상 상승한 만큼 가격에도 큰 영향을 줄 수...",https://game.donga.com/122098/,4,,1
"도끼, 이하이와 열애설 사실상 인정 속 귀금속 값 3년째 미지급설…""경...",해외 보석업체를 운영하는 A 씨는 도끼가 2018년 9월부터 11월까지 총 3차례에 걸쳐 20만6000달러(당시 환율 기준 약 2억6700만 원) 상당의 금반지 등 귀금속 7점을 구매한 뒤 3만4740달러의 대금을 지불하지 않았다며 지난...,https://www.topstarnews.net/news/articleView.html?idxno=16024527,-2,,0
"'호르무즈 규약 기대감' 코스피, 장초반 5400선 회복 … 삼전·SK하닉 '반...","서울 외환시장에서 달러 대비 원화 환율은 전날보다 8.9원 내린 1510.8원에 거래를 시작했다. 간밤 뉴욕증시는 3대 지수가 혼조세로 마감했다. 다우존스30산업평균지수가 0.13% 하락한 반면, 스탠더드앤드푸어스(S&P)...",https://biz.newdaily.co.kr/site/data/html/2026/04/03/2026040300087.html,7,,1
[포토타임] 상승폭 확대 코스피… 장중 5400선 회복,50으로 출발해 상승폭을 확대하고 있다. 코스닥도 2.16% 오른 1079로 개장했다. 원·달러 환율은 1510원 선에서 등락을 오르내리고 있다. 이날 서울 하나은행 본점 딜링룸에 코스피 지수 등이 표시되고 있다.,https://www.joongang.co.kr/article/25417250,11,,1
"3월 외환보유액, 40억달러 감소…11개월만 최대폭",당시 미국의 상호관세 발표 등으로 원·달러 환율이 급등하면서 외환당국이 시장 안정화에 나서 외환보유액이 크게 줄어든 바 있다. 지난 2월 말 기준 외환보유액은 외국환평형기금채권(외평채) 발행 등...,https://www.pointdaily.co.kr/news/articleView.html?idxno=299602,6,,1
'호르무즈 열리나' 기대감에… 코스피 2% 상승,"서울 외환시장에서 달러 대비 원화 환율은 전 거래일 대비 4.9원 내린 1507.6원을 기록하고 있다. 이성훈 키움증권 연구원은 ""뉴욕 증시는 지정학적 리스크 반영하며 장 초반 하락세로 출발했으나, 낙폭을 빠르게...",https://it.chosun.com/news/articleView.html?idxno=2023092159780,7,,1
외환보유액 11개월 만에 최대 감소…환율 방어 영향 가시화,한편 이날 원/달러 환율은 하락세를 보였다. 중동 지역에서 호르무즈 해협 통행과 관련한 긴장 완화 기대가 형성되면서 위험선호 심리가 일부 회복된 영향으로 보인다. 이에 따라 원/달러 환율은 전날 주간 거래 종가...,http://www.4th.kr/news/articleView.html?idxno=2109969,4,,1
"'바늘구멍 가계대출'…은행들, 기업대출로 눈 돌리지만 '환율' 복병",게다가 원·달러 환율이 심리적 저항선으로 여겨지는 1500원선을 넘어선 가운데 외화부채의 원화 환산액 증가로 위험가중자산(RWA)이 확대되면서 역시 자본 부담이 커지고 있어서다. 은행권에서는 기업대출뿐 아니라...,https://news.bizwatch.co.kr/article/finance/2026/04/03/0008,9,,1
"리플, 기업 재무에 XRP·RLUSD 통합…디지털 자산 관리 선점 나섰다","가격 변동성이 큰 일반 암호화폐와 달리 RLUSD는 달러와 1:1로 연동되어 안정적인 가치 유지가 가능합니다. 덕분에 기업은 환율 리스크 없이 결제, 자금 이동, 운용 등에 활용할 수 있습니다. 이 변화가 XRP와 암호화폐...",https://www.tokenpost.kr/news/blockchain/345911,7,,1
"코스피, 장 초반 5400대 탈환... 호르무즈해협 통항 기대감",강화된 만큼 시장은 ‘업사이드 리스크’가 더 큰 구간”이라고 설명했다. 전날 20원 가까이 급등했던 원·달러 환율은 전 거래일보다 8.9원 내린 1510.8원에 출발했다. 오전 9시 29분 기준 환율은 1505.95원에 거래 중이다.,https://www.hankookilbo.com/news/article/A2026040309280005977?did=NA,6,,1
"코스피 장중 '호르무즈 해협 개방 기대' 5400선 상승, 원/달러 환율 1507...",삼천당제약(-0.33%) 주가는 홀로 내리고 있다. 코오롱티슈진 주가는 전날과 같은 가격에 거래되고 있다. 이날 서울 외환시장에서 원/달러 환율은 직전 거래일보다 12.1원 내린 1507.6원에 출발했다.,https://www.businesspost.co.kr/BP?command=article_view&num=434878,7,,1
"‘호르무즈 개방 기대감’에…코스피, 전날 급락 딛고 5400선 회복",증시는 이란-오만 호르무즈 해협 통과 관련 협약 추진 소식과 전일 급락에 따른 반발 매수세가 유입될 것이다. 다만 고유가 부담과 원·달러 환율 1510원 상회 등은 상방을 제한하는 요인이 될 것”이라고 말했다.,https://www.kukinews.com/article/view/kuk202604030057,6,,1
호르무즈 해협 개방 기대 ↑...코스피 5300대로 복귀 [개장시황],이란과 오만이 호르무즈 해협 관리 프로토콜을 마련 중이라는 보도가 나오며 불확실성이 약해진 것으로 풀이된다. 한편 원·달러 환율은 전일 대비 6.5원 내린 1506.00원에 거래중이다. 김태환 기자 kth@ekn.kr,https://www.ekn.kr/web/view.php?key=20260403022453890,6,,1
WGBI 편입 후 외국인 4.4조 국고채 순매수…외환시장 안정 기여,"본격화되면 환율 안정에 도움이 될 것이라고 평가했다. 구 부총리는 오는 3일 금융기관 현장을 방문해 RIA... 한편, 참석자들은 최근 정부가 달러를 강제로 매각하게 할 것이라는 주장이 일부 인터넷 카페와 블로그 등에...",https://www.gukjenews.com/news/articleView.html?idxno=3547905,5,,1
[위클리오늘] 코스피 5300선 반등 출발···환율 1510원대,코스피는 5300선에서 다시 출발했고 원·달러 환율은 1510원대로 내려왔다. 한국거래소에 따르면 이날 코스피는 직전 거래일보다 141.45포인트(2.70%) 오른 5375.50에 개장했다. 장 초반 5403.13까지 올라 5400선을...,http://www.weeklytoday.com/news/articleView.html?idxno=769083,6,,1
환율방어에 3월 외환보유액 40억달러 감소... 강달러·환율 변동성 관리...,사진=연합뉴스 외환당국이 환율방어에 나서면서 3월 외환보유액이 40억달러 가까지 줄어든 것으로 나타났다. 한국은행은 3일 3월말 우리나라의 외환보유액은 4천236억6천만달러로 전월말(4천276억2천만달러) 대비...,http://www.efnews.co.kr/news/articleView.html?idxno=128769,12,,1
"코스피, 장 초반 약 3% 상승 중…코스닥은 2%대 상승률",서울 외환시장에서 달러 대비 원화 환율은 전날보다 8.9원 내린 1510.8원에 거래를 개시했다. 국내 유가증권시장에서 기관이 4580억원어치를 순매수하며 지수를 견인하고 있다. 개인과 외인은 각각 5150억원...,https://www.mediapen.com/news/view/1091051,9,,1
외환보유 40억弗 줄었다…11개월만에 최대 폭 감소,2008년 금융위기 이후 최고치를 기록한 원달러 환율 방어와 관리에 달러 소비가 컸던 탓이다. 3일 한국은행에 따르면 3월 말 기준 국내 외환보유액은 4236억6000만달러(약 638조6250억원)로 전월보다...,http://www.smedaily.co.kr/news/articleView.html?idxno=354987,19,,1
오늘의 금시세 소폭 상승...금(3일) 금값시세 순금 24K 시세 99.3만원(살...,"32% 내린 1507.60원에 거래되고 있다. 일반적으로 환율이 올라 달러가 강세일 경우 금값이 하락하는 경향이 있지만, 이 관계는 항상 일정하지 않다. 이는 다양한 외부 요인들이 작용하기 때문이다.",https://www.thefairnews.co.kr/news/articleView.html?idxno=73346,4,,1
코스피 3% 반등...다시 5300선 회복,"전날 5.36% 하락 마감했던 코스닥도 이날 2.16% 오른 1079.17에 개장했다. 서울외환시장에서 달러 대비 원화 환율은 8.9원 내린 1510.8원에 개장한 후, 하락폭이 확대되고 있다.",https://www.chosun.com/economy/money/2026/04/03/6L74FE3IA5EHFHVWJV6TWWBUOE/?utm_source=naver&utm_medium=referral&utm_campaign=naver-news,9,,1
"외환보유액 39.7억 불 줄어, 고환율 영향 추가 감소 우려",원·달러 환율은 17년 만에 금융위기 이후 처음으로 1500원을 넘어섰다. 한국은행은 기타통화 외화자산의 미달러 환산액 감소 및 국민연금과의 외환스왑 등 시장안정화 조치 등에 기인해 외환보유액이 감소했다고...,https://news.cpbc.co.kr/article/1171852?division=NAVER,19,,1
"원/달러 환율, 호르무즈 통행 논의 소식에 급락","원/달러 환율이 장 초반 10원 넘게 떨어지며 1500원 초반대로 내려왔다. 이란이 호르무즈 해협 선박 통행을 둘러싼 새로운 관리 방안을 오만과 논의하고 있다는 소식이 전해지면서, 전날 극도로 위축됐던 투자심리가...",https://www.straightnews.co.kr/news/articleView.html?idxno=299289,4,,1
외환보유액 한 달 새 40억달러 증발…11개월 만에 최대 감소,이는 미국 상호관세 여파로 환율 방어에 나섰던 지난해 4월(-49억9000만달러) 이후 11개월 만에 가장 큰 감소 폭이다. 지난 2월 외국환평형기금채권(외평채) 발행으로 반등했던 외환보유액은 한 달 만에 다시...,https://www.etnews.com/20260403000073,6,,1
"중동 전쟁에 환율·금리 출렁… 예보, 달러 자산 확보계획 연기","예보는 1년 단위로 기금 관리와 운용에 관한 의결 기구인 예금보험위 심의를 개최하는데, 최근 원·달러 환율 변동성이 커지자 중장기 전략 자산 배분 계획을 변경한 것이다. 예보는 정부가 보호하는 외화 예금...",https://biz.chosun.com/stock/finance/2026/04/03/YYTUJUSPYNBWTBP2RV7G2D5OCM/?utm_source=naver&utm_medium=original&utm_campaign=biz,5,,1
미국환율 달러 엔화 등,"오늘의 환율, 미국환율 달러, 일본 엔화 환율 조회, 원달러 환율, AI이미지 3일, 09시 55분 기준 환전고시, 오늘 환율 정보를 요약한다. 미국 USD 달러화는 매매기준율 1507.5원으로 현금으로 구매시 1533.88원...",https://www.bntnews.co.kr/article/view/bnt202604030122,4,,1
‘호르무즈 해협 통과’ 어디로 가나 ‘환율 1507원’,"3일 서울 외환시장에서 미국 달러화 대비 원화 환율은 오전 9시 5분 기준, 전날 주간 거래 종가(1,519.7원) 대비 12.1원 내린 1,507.6원을 기록하고 있다. 이날 환율은 전일보다 8.9원 내린 1,510.8원으로 출발한 뒤, 하락 폭을...",https://sports.khan.co.kr/article/202604030958003?pt=nv,5,,1
"코스피, 5300선 회복…중동 긴장 완화 기대로 반등","전일 급락으로 코스피 12개월 선행 주가수익비율(PER)은 7.6배로 역사적 저점 수준까지 하락했다""고 설명했다. 한편, 서울 외환시장에서 원-달러 환율은 하나은행 기준 전일 대비 6.00 내린 1506.50을 기록하고 있다.",https://www.sisajournal.com/news/articleView.html?idxno=368103,6,,1
"개미 팔자 기관 산다…코스피, 5300선 회복 출발 [시황]","상방을 제한하며 장중 변동성 장세는 불가피할 것""이라고 말했다. 한편 이날 서울 외환시장에서 달러 대비 원화 환율은 1500원대에서 움직이고 있다. 환율은 전 거래일보다 8.9원 내린 1510.8원에 거래를 시작했다.",https://www.dailian.co.kr/news/view/1629218/?sc=Naver,7,,1
"원달러 환율, 전일 대비 12.1원 하락…1507원대 시작",[연합뉴스]  원달러 환율이 이란의 호르무즈 해협 통행 관련 논의 소식에 하락 출발했다. 3일 서울 외환시장에 따르면 이날 원달러 환율은 전날 주간 거래 종가(오후 3시 30분)보다 12.1원 내린 1507.6원에 거래를...,https://www.ziksir.com/news/articleView.html?idxno=129604,4,,1
日 3월 서비스업 PMI 53.4…2월 53.8에서 하락(상보),"3월 기업 신뢰도를 떨어뜨리는 주요 요인이었다""며 ""전반적인 전망에 대한 낙관론은 팬데믹 이후 최저치를 기록했다""고 덧붙였다. 한편, 달러-엔 환율은 오전 9시 47분 기준 전장 대비 0.08% 하락한 159.464엔에 거래됐다.",https://news.einfomax.co.kr/news/articleView.html?idxno=4407582,4,,1
코스피 5400선 탈환으로 분주한 딜링룸,"92로 거래를 시작한 가운데, 서울 중구 하나은행 을지로본점 딜링룸에서 직원들이 업무를 보고 있다. 서울외환시장에서 원·달러 환율은 전장 대비 14.20원 하락한 1505.50원에 주간거래를 시작했다. 2026.04.03",https://www.newspim.com/news/view/20260403000251,9,,1
[종합 환율] 4월 3일 장중 주요국 통화 일제히 원화 대비 하락,"이어서 미국 달러 환율은 1,506.10원으로 전거래일보다 6.40원 하락하여 -0.42%의 등락률을 보였다. 브라질 레알 환율 역시 292.01원으로 1.24원 내리며 -0.42% 하락폭을 기록하며 달러와 유사한 하락세를 나타냈다....",https://www.tournews21.com/news/articleView.html?idxno=133142,5,,1
"코스피 장 초반 5,300선 회복…환율도 내림세","통행 방식을 논의하고 있다고 밝히면서 위험 선호 심리가 다소 회복된 것으로 풀이됩니다. 서울 외환시장에서 달러 대비 원화 환율은 전날보다 8.9원 내린 1,510.8원에 거래를 시작했습니다. [사진 출처 : 연합뉴스]",https://news.kbs.co.kr/news/pc/view/view.do?ncd=8526112&ref=A,7,,1
"""호르무즈 열리나""···원·달러 환율, 1500원대로 '뚝'","원·달러 환율이 다시 1500원대로 내려앉았다. 이란의 호르무즈 해협 통항을 위한 관리방안을 논의 중이라는 소식이 전해지며, 시장내 위험자산 선호심리가 일부 회복된 영향이다. 3일 서울 외환시장에서 원·달러...",https://www.seoulfn.com/news/articleView.html?idxno=625513,4,,1
“벌써 발주 막혀”…편의점 숟가락·빨대 사라진다 [중동發 물가쇼크],원/달러 환율도 1500대를 유지하고 있다. 지난달 30일 서울 도심 내 마트에서 한 시민이 종량제 봉투에 구매한 물건을 담아 가고 있다. 최근 나프타 공급 불안정 기류로 인해 종량제 봉투 등 비닐류 품절 사례가 전국...,https://biz.heraldcorp.com/article/10709215?ref=naver,4,,1
[선우윤호의 경제본색] 고환율·고유가에 허덕이는 항공·여행업계...'장...,"국제유가(WTI)는 배럴당 108달러까지 치솟았고, 원·달러 환율은 1536원을 돌파했다. 여기에 중동 노선 일부가 차질을 빚으면서 항공·여행 수요 자체에도 불확실성이 커졌다. 항공업계는 구조적으로 가장 먼저, 그리고 가장...",https://www.pennmike.com/news/articleView.html?idxno=118038,0,,0
"3월 외환보유액, 환율방어 영향에 40억달러 감소",지난달 우리나라의 외환보유액이 환율 방어 등의 영향에 40억달러 가까이 줄었다. /연합뉴스 | 서울=한스경제 이성노 기자 | 지난달 우리나라 외환보유액이 환율 방어 등의 영향으로 40억달러 가까이...,http://www.hansbiz.co.kr/news/articleView.html?idxno=830099,4,,1
호르무즈해협 개방 기대감…지지부진 증시에 희망되나,원·달러 환율은 8.9원 내린 1510.8원에 장을 시작해 9시44분 기준 1506원대까지 내려갔다. 시가총액 상위주 대부분이 상승했다. 오전 9시40분 기준 삼성전자는 전거래일 대비 3.03% 오른 18만3500원에 거래 중이다....,https://view.asiae.co.kr/article/2026040309471440403,4,,1
코스피 3%대 상승해 5400선 등락…코스닥 5375·환율 1510원 대,전날 5.36% 하락했던 코스닥 지수도 이날 같은 시각 1.31% 오른 1070.13을 나타내고 있다. 이날 서울 외환시장에서 미국 달러화 대비 원화 환율은 전날 주간거래 종가(1519.7원)보다 8.9원 내린 1510.8원에 출발했다.,https://www.daejonilbo.com/news/articleView.html?idxno=2266798,9,,1
"환율, 호르무즈 해협 통항 기대감에 10원 넘게 하락","8.9원 내린 1,510.8원 개장 후 하락 폭 확대 3일 서울 중구 하나은행 본점 딜링룸 [사진=연합뉴스] 원·달러 환율이 이란의 호르무즈 해협 통행 논의 소식에 10원 이상 내렸다. 3일 서울 외환시장에서 미국 달러화...",https://www.news2day.co.kr/article/20260403500096,7,,1
호르무즈 개방 기대감에…코스피 5300선 회복[fn오전시황],"원달러 환율 1510선 상회 등이 상방을 제한하며 장중 변동성 장세는 불가피할 것""이라고 진단했다. 간밤 뉴욕증시 주요 지수는 혼조세로 마감했다. 다우존스30산업평균지수는 0.13% 내린 반면, 스탠더드앤드푸어스...",http://www.fnnews.com/news/202604030944554815,6,,1
"[신윤우의 외환분석] 열려라 참깨, 호르무즈","구글 제미나이 생성 이미지 3일 달러-원 환율은 1,510원 부근에서 출발할 전망이다. 개전 이후 주요 원유 수송로인 호르무즈 해협을 틀어막고 있는 이란이 통행을 허락할 조짐에 달러-원이 아래로 향할 것으로 예상된다....",https://news.einfomax.co.kr/news/articleView.html?idxno=4407576,4,,1
원/달러 환율 급락…이란 호르무즈 해협 통행 논의 영향,"3일 국내 외환시장에서 원/달러 환율이 전날 대비 큰 폭으로 하락했다. 이는 이란이 호르무즈 해협의 통행 관련 논의를 진행하고 있다는 소식에서 비롯된 것으로, 관련 소식이 전해지면서 외환시장의 긴장감이 다소...",https://www.gokorea.kr/news/articleView.html?idxno=862462,4,,1
코스피 5400선 유지...대한광통신 VI 발동 후 해제,"한편, 서울 외환시장에서 원·달러 환율은 이날 전장 대비 0.01% 오른 1510.8원으로 출발한 뒤 소폭 하락하며 1505원을 기록하고 있다. [주의] 본 기사는 투자판단의 참고용이며, 이를 근거로 한 투자손실에 대한...",https://www.wolyo.co.kr/news/articleView.html?idxno=310579,6,,1
환율 방어 등에 3월 외환보유액 40억달러 ↓…11개월만에 최대폭 감소,"지난달 외환보유액이 달러 강세와 환율 변동성 관리 등의 영향으로 40억달러 가까이 줄었다. 3일 한국은행에 따르면 3월 말 기준 우리나라 외환보유액은 4236억6천만달러(약 641조원)로, 전월보다 39억7천만달러...",https://www.hani.co.kr/arti/economy/finance/1252485.html,12,,1
트럼프 리스크 완화에 코스피 급반등…하루 만에 5400선 탈환,외환시장에서 원·달러 환율은 전 거래일 주간거래 종가(1519.7원)보다 8.9원 내린 1510.8원에 출발한 3일 오전 서울 중구 하나은행 본점 딜링룸 모니터에 지수가 나오고 있다. 코스피가 전 거래일(5234.05)보다 141....,http://www.newsian.co.kr/news/articleView.html?idxno=88083,9,,1
"코스피, 장 초반 5300대 회복…삼전·닉스 다시 한번 ‘반등’ [투자360]","트럼프 강경 발언에 전날 흔들린 증시 호르무즈 개방 윤곽에 다시 반등 삼전·닉스 장 초반, 전날 하락분 만회 3일 오전 서울 중구 우리은행 딜링룸에 코스피 지수, 원/달러 환율, 코스닥 지수가 표시되고 있다....",https://biz.heraldcorp.com/article/10709201?ref=naver,11,,1
대한민국 외환보유액 급감 … 달러 강세와 시장 변동성 관리에 '비상',"지난 3월, 대한민국의 외환보유액이 달러 강세와 외환 시장 변동성 관리 등의 다양한 요인에 의해 크게... 변화는 경제 안정성에 중요한 지표로 활용되며, 각국의 경제 정책 및 환율 조정에 미치는 영향이 주목되고 있다.",https://www.gokorea.kr/news/articleView.html?idxno=862460,4,,1
원·달러 환율 12.40원 하락 1507.30원 출발,"3일 오전 서울외환시장에서 원·달러 환율이 전장 대비 12.40원 상승한 1507.30원에 주간거래를 시작한 가운데, 서울 중구 하나은행 을지로본점 딜링룸에서 직원들이 업무를 보고 있다. 2026.04.03 yym58...",https://www.newspim.com/news/view/20260403000227,7,,1
코스피 5400선 회복하나…코스피·코스닥 나란히 반등 출발,이날 서울 외환시장에서 원·달러 환율은 전 거래일보다 8.9원 내린 1510.8원에 출발해 여전히 1500원대에서 등락하며 높은 수준을 유지하고 있다. ※CBS노컷뉴스는 여러분의 제보로 함께 세상을 바꿉니다. 각종 비리와...,https://www.nocutnews.co.kr/news/6496041?utm_source=naver&utm_medium=article&utm_campaign=20260403094251,8,,1
"호르무즈 해협 열리나··· 코스피 3%↑, 환율은 13원↓","이란이 호르무즈 해협 통행을 논의하고 있다는 소식이 전해지면서 국내 증시와 원·달러 환율도 회복세를 보였다. 코스피는 3% 넘게 강세를 보였고, 환율은 15원 가량 급락해 1500원대로 내려왔다. 이날 오전 9시32분...",https://www.khan.co.kr/article/202604030943001,6,,1
호르무즈 개방 기대에 환율 '뚝'...12원 내려 '1507원',이란이 호르무즈 해협 통행을 논의하고 있다는 소식이 전해지면서 3일 원/달러 환율은 10원 넘게 하락했다. 이날 서울 외환시장에서 미국 달러화 대비 원화 환율은 오전 9시 5분 현재 전날 주간 거래 종가(오후 3시...,http://www.wowtv.co.kr/NewsCenter/News/Read?articleId=A202604030317&t=NN,5,,1
[시선집중] 염승환 “트럼프 ‘널뛰는 발언’에도 패턴은 있다?...중동 ...,"환율도 다시 올라가고 유가도 오르는 모습도 있었고 근데 국내 증시가 그 전날, 연설 전에만 해도 주가가 또... 60달러대였는데 대부분 전문가분들 의견은 80달러는 유지될 것 같다. 호르무즈해협에. 물론 80달러로 떨어지면...",https://n.news.naver.com/mnews/article/214/0001490463?sid=100,5,,1
"[3일 금값 시세] 또 떨어졌다… 순금 83만원대, 지금이 매수 기회?","여기에 미국 금리 상승과 달러 강세가 맞물리면서 귀금속 투자 매력이 일부 약화된 점도 영향을 미쳤다.... 시장에서는 향후 국제 금 가격 흐름과 환율, 금리 방향이 국내 시세를 좌우할 핵심 변수로 지목된다. 이번...",https://www.pinpointnews.co.kr/news/articleView.html?idxno=442481,5,,1
코스피 5400 회복 시도...환율 리스크 여전 [포토],"3일 오전 서울 중구 하나은행 본점 딜링룸 전광판에 코스피, 원·달러 환율 지수가 표시되고 있다. 이날 코스피는 간밤 뉴욕증시 상승과 중동 리스크 완화 기대를 반영해 전 거래일보다 141.45포인트(2.70%) 상승한...",https://news.tf.co.kr/read/photomovie/2309310.htm,9,,1
"코스피, 장중 한때 5400선 탈환 [포토]","34)보다 22.83포인트(2.16%) 오른 1079.17에 거래를 시작했다. 원·달러 환율은 전 거래일보다 8.9원 내린 1510.8원에 출발했지만, 여전히 1500원대에서 등락하며 높은 수준을 유지하고 있다. 사진영상기획부",https://news.tf.co.kr/read/photomovie/2309309.htm,6,,1
"코스피, 호르무즈 개방 기대감에 5300선 회복…환율, 8.9원↓","84을 기록하고 있다. 코스닥 시장에서는 외국인과 기관이 각각 1824억원, 386억원을 팔았고 2268억원을 사들였다. 한편, 이날 서울 외환시장에서 원·달러 환율은 전 거래보다 8.9원 내린 1510.8원에 출발했다.",https://www.mydaily.co.kr/page/view/2026040309400173139,8,,1
"'연설 후폭풍' 털고 코스피 3% 상승...환율은 1,500원대로 하락","원·달러 환율은 9원 가까이 내린 1,510원대에서 거래를 시작했습니다. 취재기자 연결해 알아보겠습니다. 윤태인 기자, 코스피는 오늘 상승세로 시작했죠? [기자] 코스피는 어제 종가보다 2.7% 상승한 5,375로 상승...",https://www.ytn.co.kr/_ln/0102_202604030941263552,6,,1
"코스피, 중동 리스크 완화에 5400선 회복 시도…장 초반 3%대 반등","삼성전자와 SK하이닉스를 비롯해 현대차, LG에너지솔루션 등 주요 대형주가 일제히 오르며 지수 반등을 견인했다. 한편 서울 외환시장에서 원·달러 환율은 전 거래일보다 8.9원 내린 1510.8원에 출발했다. [이지경제 ]",https://www.ezyeconomy.com/news/articleView.html?idxno=234315,7,,1
"코스피, 장중 한때 5400선 회복...환율 1500원대 [TF사진관]","34)보다 22.83포인트(2.16%) 오른 1079.17에 거래를 시작했다. 원·달러 환율은 전 거래일보다 8.9원 내린 1510.8원에 출발했지만, 여전히 1500원대에서 등락하며 높은 수준을 유지하고 있다. 사진영상기획부",https://news.tf.co.kr/read/photomovie/2309308.htm,6,,1
코스피 5400 탈환 시도,"07로 거래를 시작한 가운데, 서울 중구 하나은행 을지로본점 딜링룸에서 직원들이 업무를 보고 있다. 서울외환시장에서 원·달러 환율은 전장 대비 12.00원 하락한 1507.70원에 주간거래를 시작했다. 2026.04.03",https://www.newspim.com/news/view/20260403000223,9,,1
‘중동 여파’ 3월 석유류 물가 상승률 3년 5개월만 최고치,"국제 유가가 전쟁 한 달 만에 두 배 가까이 뛴 데다, 원·달러 환율도 1,500원대에 진입했습니다. 항공료와 수입 농산물 가격 등이 시차를 두고 오를 가능성이 큽니다. 전쟁이 끝나도 에너지 시설 피해로 유가가 배럴당...",https://news.kbs.co.kr/news/pc/view/view.do?ncd=8526063&ref=A,4,,1
자재비 폭등에 전쟁 이슈까지…건설시장 '통곡의 벽',"전쟁 여파로 치솟는 유가와 원-달러 환율에 이어 최근엔 창호(새시), 외벽 도장 등 마무리 공정에 쓰이는 필수재 원료인 나프타 수급 이슈까지 겹치면서 공사비 공포는 극에 달하고 있다. 미국 서부텍사스산원유(WTI)는...",https://www.electimes.com/news/articleView.html?idxno=366682,4,,1
코스닥 2.23% 상승 1079.86 출발,"86로 거래를 시작한 가운데, 서울 중구 하나은행 을지로본점 딜링룸에서 직원들이 업무를 보고 있다. 서울외환시장에서 원·달러 환율은 전장 대비 12.20원 하락한 1507.50원에 주간거래를 시작했다. 2026.04.03",https://www.newspim.com/news/view/20260403000213,9,,1
"환율, 이란 호르무즈 해협 개방 논의에 급락...1500원대 초반 하락",3일 서울 외환시장에서 원·달러 환율은 이날 오전 9시 18분 기준 1505.5원으로 집계됐다. 이는 전날 주간장 종가보다 14.2원 내린 값이다. 이날 환율은 8.9원 내린 1510.8원으로 개장해 낙폭이 확대되며 1510원 아래에서...,https://www.g-enews.com/view.php?ud=20260403092628372bb91c46fcd_1,4,,1
3월 외환보유액 4236.6억달러…전월比 39.7억달러↓,달러 강세와 환율방어 등의 여파에 외환보유액이 소폭 줄어든 것으로 나타났다. 3일 한국은행에 따르면 3월 말 기준 우리나라 외환보유액은 4236억6000만달러로 전월 대비 39억7000만달러 감소했다. 전월에는...,http://www.newscape.co.kr/news/articleView.html?idxno=121420,12,,1
"코스피, 뉴욕증시 반등에 3%↑ 상승 출발…환율 1510원 출발","39%), 알테오젠(2.27%), 삼천당제약(2.13%), 에코프로비엠(1.17%), 에이비엘바이오(0.81%) 등은 상승 중이다. 코오롱티슈진(-0.7%)은 약세다. 이날 원/달러 환율은 전일 대비 8.9원 내린 1510.8원으로 거래를 시작했다.",http://www.seoulwire.com/news/articleView.html?idxno=714974,6,,1
[호르무즈 해협 후폭풍] 환율 1500원에 은행권 긴장 고조…재무전략 재...,"당초 원·달러 환율을 1400원 안팎으로 가정했지만, 미국·이란 전쟁 여파로 1500원대에 안착하면서 가정 자체가 무너진 상황이기 때문이다. 실제 원·달러 환율은 연초 1400원대 중반에서 움직였으나 지난달 들어 급등세를...",https://dealsite.co.kr/articles/159599,7,,1
'중동 사태' 환율 방어에…3월 韓 외환보유액 40억 달러 감소,미국과 이스라엘의 이란 공습으로 촉발된 중동 사태가 3월 내내 지속되면서 원달러 환율이 1500원대 고공행진을 이어가면서 외환보유액이 40억달러 가량 줄었다. 3일 한국은행에 따르면 올해 3월 말 우리나라의...,https://www.newsworks.co.kr/news/articleView.html?idxno=836508,12,,1
"외환보유액, 달러 강세·환율 안정화 조치로 40억달러↓…11개월 만에 최...",당시 미국의 상호관세 발표로 원/달러 환율이 급등하자 외환당국이 환율 방어에 나서면서 외환보유액이 5년 만에 최소 수준으로 줄었던 바 있다. 주요국 외환보유액 순위 / 한국은행 제공 외환보유액은 지난 2월...,https://www.fntoday.co.kr/news/articleView.html?idxno=381450,12,,1
"[국내증시 개장시황] 국내 증시, 기관 매수세에 힘입어 상승세 기록","서울 외환시장에서 원·달러 환율은 전 거래일보다 6.50원 내린 1,506.00원에 거래되고 있다. 국제 금 시세는 트로이온스당 133.40달러 하락한 4,679.70달러를 기록 중이며, 국내 금 가격(g당)은 137.33원...",https://www.tokenpost.kr/news/market/345884,4,,1
"코스피, 호르무즈 통항 프로토콜 기대감에 3% 반등","원·달러 환율 1510원선 상회 등이 상방을 제한하며 장중 변동성 장세는 불가피할 것""이라고 전망했다. 삼성전자와 SK하이닉스는 각각 4.76%, 5.36% 오른 18만6900원, 87만4500원에 거래 중이다. 그 외 현대차(3.33...",https://www.cstimes.com/news/articleView.html?idxno=700728,6,,1
"日 증시, 美 기술주 연동하며 상승 출발",상승세를 이어가기는 어려울 것이라고 전망했다. 미국 주식시장과 상품 시장은 이날 '성 금요일'을 맞아 휴장하고 채권 시장은 조기 폐장한다. 같은 시각 달러-엔 환율은 전장보다 0.09% 하락한 159.454엔에 거래됐다.,https://news.einfomax.co.kr/news/articleView.html?idxno=4407572,7,,1
"코스피, 2.7% 오른 5375.50 출발...원·달러 환율 1510.8원",45포인트(2.70%) 상승한 5375.50에 개장했다. 코스닥 지수는 전 거래일(1056.34)보다 22.83포인트(2.16%) 오른 1079.17에 거래를 시작했다. 서울 외환시장에서 원·달러 환율은 8.9원 내린 1510.8원에 출발했다.,https://www.gukjenews.com/news/articleView.html?idxno=3547830,8,,1
"[금융로드] 신한은행, 6억달러 개발금융채권 성공 발행…한국물 스프레...","금리는 3년물 FRN이 SOFR(미 달러 기준무위험금리)에 0.58%포인트를 더한 수준, 5년물 FXD는 동일 만기 미국 국채금리에 0.43%포인트를 가산하는 조건으로 확정됐다. 신한은행은 최근까지 이어진 글로벌 금리·환율 변동성...",http://www.newsroad.co.kr/news/articleView.html?idxno=57253,23,,1
1507원으로 떨어져 출발한 환율…내 비상금 환테크 타이밍,서울 외환시장에서 원·달러 환율이 전 거래일보다 8.9원 내린 1510.8원에 거래를 시작한 뒤 장 초반 하락 압력을 받으며 1500원대 초반 안착을 시도하고 있다. 3일 원·달러 환율은 오전 개장 직후 하락세를 나타내며 9시 2분...,https://www.wikitree.co.kr/articles/1129500,4,,1
코스닥 2.38% 상승 1081.53 출발,"53로 거래를 시작한 가운데, 서울 중구 하나은행 을지로본점 딜링룸에서 직원들이 업무를 보고 있다. 서울외환시장에서 원·달러 환율은 전장 대비 12.40원 하락한 1507.30원에 주간거래를 시작했다. 2026.04.03",https://www.newspim.com/news/view/20260403000196,9,,1
"코스피 장 초반 상승세 5,400 넘어‥환율 1,510원으로 시작","코스닥도 2.16% 오른 1,079.17로 시작했습니다. 원달러 환율은 8.9원 내린 1,510.8원으로 시작한 뒤 더 하락해, 오전 9시 20분 기준으로 1,505원 부근에서 거래되고 있습니다.",https://imnews.imbc.com/news/2026/econo/article/6812392_36932.html,8,,1
"호르무즈 개방 기대감…환율, 8.9원 내린 1510원 개장",[사진=연합뉴스] 원·달러 환율이 내림세로 출발했다. 다만 여전히 1500원대를 기록 중이다. 3일 서울 외환시장에서 오전 9시 8분 현재 미국 달러화 대비 원화 환율은 1507.6원이다. 환율은 8.9원 내린 1510.8원에...,https://www.ajunews.com/view/20260403090608379,5,,1
"호르무즈 해협 개방 기대에…환율 12.1원 내린 1,507.6원",오늘(3일) 원/달러 환율은 이란이 호르무즈 해협 통행을 논의하고 있다는 보도에 10원 넘게 하락했습니다. 서울 외환시장에서 미국 달러화 대비 원화 환율은 오전 9시 5분 현재 전날 주간 거래 종가(오후 3시 30분...,https://news.sbs.co.kr/news/endPage.do?news_id=N1008503878&plink=ORI&cooper=NAVER,5,,1
장초반 3%대 강세 보이는 코스피... 원달러 환율 하락,이종수 인턴기자 = 3일 오전 서울 중구 하나은행 딜링룸 전광판에 코스피와 원달러 환율 등 시황이 표시되고 있다. 이날 코스피는 전 거래일보다 141.45포인트(2.70%) 상승해 5375.5로 출발했다. 2026.4.3/뉴스1,https://www.news1.kr/photos/7835315,9,,1
"국채선물, '성금요일' 거래 저조 속 혼조…10년물 3틱↑","미국 국채 금리는 오름세를 나타냈다. 미 국채 10년물 금리는 전 거래일 뉴욕시장 마감 가격 대비 1.10bp, 30년물 금리는 3.60bp 각각 상승했다. 2년물 금리는 3.30bp 높아졌다. 미국의 지난달 고용이 '서프라이즈'를...",https://news.einfomax.co.kr/news/articleView.html?idxno=4407701,4,,1
"리플XRP·온톨로지가스·온톨로지…거래대금 급감, 이란 전쟁·금리 상승...","그 결과 미국 국채 금리가 상승하며 위험자산 회피 심리가 강화됐고, 코인시장 역시 직접적인 영향을 받았다. ○ 거래소별 상위 종목…온톨로지가스 급등 주도 업비트 기준 거래대금 상위 종목은 리플XRP(909억원)...",https://www.topstarnews.net/news/articleView.html?idxno=16025176,4,,1
“트럼프 패배에 베팅한다면”… 삼성전자·하이닉스 대신 ‘이곳’ [조...,"즉 국채금리가 2bp만 상승해도 증거금 추가납입, 즉 마진콜당하며 이런 경우 베타가 높은 자산부터 매도해 마진콜에 대응하게 된다. 베타가 높은 자산으로 비트코인, 금, 테크주식, 이머징마켓인 한국의 삼성전자와...",https://magazine.hankyung.com/business/article/202604012952b,9,,1
"미 국채 2년물 금리, 고용 서프라이즈에 3.9% 돌파",,https://news.einfomax.co.kr/news/articleView.html?idxno=4407685,4,,1
"21억 달러 만기 폭탄에 고용 지표까지...가상자산, 거대 변동성 경고",미국 국채 금리와 달러화 가치마저 가파르게 상승하면서 가상자산 시장을 향한 거시 경제의 하방 압박을 더욱 강하게 옥죄고 있다. 투자자들의 시선은 미국 노동통계국이 곧 발표할 3월 비농업 고용 지수와 실업률...,http://coinreaders.com/228654,8,,1
미국의 이란 지상군 투입 임박? 가상자산 시장 연쇄 붕괴 오나,"다만 다가오는 11월 미국의 중간선거를 앞둔 정치적 부담과 800만 명이 참여한 반전 시위, 39조달러를 돌파한 미국 국가 부채, 그리고 4.40%를 넘보며 경제를 옥죄는 10년물 국채 금리 상승 등의 요인들이 트럼프 행정부의...",http://coinreaders.com/228648,8,,1
[월드 e-브리핑] 블루아울서 또 대규모 환매 요청,"그 여파로 10년물 국채 금리가 뛰자 정부도 투자자 유인을 위해 더 높은 이자를 제시할 수밖에 없게 된 겁니다. 문제는 정부 부채가 이미 1천 조엔, 우리 돈 약 9천400조 원을 넘는 상황에서 국채 이자 부담까지 더 무거워...",https://www.obsnews.co.kr/news/articleView.html?idxno=1519760,4,,1
"“10배 몰렸다”…신한은행, 변동성 장세 뚫고 6억 달러 외화채 ‘흥행...","금리는 3년물은 SOFR에 0.58%포인트, 5년물은 미국 국채금리에 0.43%포인트를 더한 수준에서 결정됐다. 발행 타이밍을 조율한 점도 흥행에 영향을 줬다. 아시아 장 초반부터 주문이 몰리며 금리 확정까지 속도가 붙었다....",https://www.betanews.net/article/view/beta202604030074,17,,1
호르무즈 해협 개방 기대감에 국고채 금리 일제히 하락...3년물 연 3.448%,"미 국채금리도 하락세(채권가격 강세)를 보였다. 전날 도널드 트럼프 미국 대통령의 연설로 불확실성이 커지긴 했지만, 전쟁 우려가 정점을 통과하고 있다는 인식이 확산된 것도 영향을 줬다. 미 국채 10년물...",https://www.betanews.net/article/view/beta202604030072,10,,1
[채권-마감] 外人 매수·美 3월 고용 대기…국고 3년 2.9bp 하락,아시아 주요국이 '성 금요일'로 휴장한 가운데 간밤 미국 국채 금리가 약세 되돌림을 보인데 영향받았다. 외국인도 국채선물에 대한 탄탄한 순매수 움직임을 보이면서 걍세를 지지했다. 서울 채권시장에 따르면...,https://news.einfomax.co.kr/news/articleView.html?idxno=4407673,6,,1
[은행 뉴스브리핑] 신한금융 경북 안동에 'SOL방울 포레스트' 조성,"가산금리는 3년 FRN의 경우 SOFR에 0.58%p, 5년 FXD는 동일 만기 미국 국채금리에 0.43%p를 더한 수준으로 확정됐다. 신한은행은 최근 글로벌 시장 변동성 속에서도 투자자 수요 회복 흐름을 면밀히 점검하며 발행 시점을...",https://www.asiatime.co.kr/article/20260403500249,17,,1
고유가發 인플레 압력…日 국채금리 27년來 최고,日銀 이달 금리 인상 가능성 10년물 금리 2.395%로 급등 일본 채권시장의 지표가 되는 10년물 국채 금리가 27년 만에 최고치를 기록했다. 일본은행의 조기 기준 금리 인상 가능성이 점쳐지는 가운데 신규 발행 채권 금리도...,https://www.mk.co.kr/article/12007606,13,,1
"신한은행, 6억달러 글로벌 외화채 발행…수요 70억달러 몰려","가산금리는 3년 FRN의 경우 SOFR(미국의 무위험 기준금리)에 0.58% 포인트(p), 5년 FXD는 동일 만기 미국 국채금리에 0.43%p를 더한 수준으로 확정됐다. 신한은행 관계자는 ""글로벌 시장 변동성이 지속되는 상황에서도...",https://www.ajunews.com/view/20260403171935867,20,,1
[브리프]국민은행 신한은행 하나은행 우리은행 농협은행 카카오뱅크,"가산금리는 3년 FRN의 경우 SOFR에 0.58%p, 5년 FXD는 동일 만기 미국 국채금리에 0.43%p를 더한 수준으로 확정됐다. 신한은행은 최근 글로벌 시장 변동성 속에서도 투자자 수요 회복 흐름을 면밀히 점검하며 발행 시점을...",http://www.biztribune.co.kr/news/articleView.html?idxno=351818,16,,1
"신한은행, 6억달러 글로벌 외화채권 발행 성공…ESG 기반 조달 확대","가산금리는 3년물 FRN의 경우 SOFR에 0.58%포인트, 5년물 FXD는 동일 만기 미국 국채금리에 0.43%포인트를 더한 수준으로 확정됐다. 이는 최근 글로벌 금융시장의 불확실성을 감안할 때 경쟁력 있는 조건으로 평가된다....",https://www.factin.co.kr/news/articleView.html?idxno=6064,20,,1
"[차이나워치] 中, 파나마 선박 억류 논란 속 ""호르무즈 봉쇄 美 책임""",블룸버그에 따르면 전쟁이 시작된 2월 28일 이후 10년 만기 중국 국채 금리는 0.02%포인트 하락했습니다. 같은 기간 미국과 영국 국채 금리가 0.38에서 0.7%포인트 오른 것과는 정반대 흐름인데요. 중국은 석탄과 재생에너지...,http://www.yonhapnewstv.co.kr/MYH20260403171919RNx,4,,1
"일본 신규 발행 국채 금리 약 29년 만에 최고...""재정 악화 우려""",국채 표면 금리가 시장 금리보다 낮으면 금융상품으로서의 매력이 떨어지고 국채를 사려는 사람이 줄어듭니다. 이에 재무성은 시장 금리 수준을 고려해 새롭게 발행하는 국채의 표면 금리를 3개월마다 재검토합니다....,https://www.ytn.co.kr/_ln/0104_202604031705336696,5,,1
"신한은행, 6억달러 규모 글로벌 선순위 외화채권 발행","가산금리는 3년 FRN의 경우 SOFR(미국의 무위험 기준금리)에 0.58%포인트, 5년 FXD는 동일 만기 미국 국채금리에 0.43%포인트를 더한 수준으로 확정됐다. 신한은행은 최근 글로벌 시장 변동성이 확대되자 투자자 수요 회복...",https://www.joongangenews.com/news/articleView.html?idxno=508769,22,,1
"신한은행, 글로벌 선순위 외화채권 6억달러 발행","가산금리는 3년 FRN의 경우 무위험지표금리(SOFR)에 0.58%p, 5년 FXD는 동일 만기 미국 국채금리에 0.43%p를 더한 수준으로 확정됐다. 신한은행은 최근 글로벌 시장 변동성 속에서도 투자자 수요 회복 흐름을 면밀히 점검하며...",https://www.jeonmae.co.kr/news/articleView.html?idxno=1245028,19,,1
[현장] 출렁이는 금값에 종로 귀금속거리 '썰렁'…거래도 뚝,"홍성기 LS증권 애널리스트 역시 “전쟁이 장기화하면 실질금리 하락으로 금 가격이 견조하게 유지되고, 종전 시에는 미 국채 금리 하락에 따라 본격적으로 반등할 것”이라고 내다봤다.​",https://www.bizhankook.com/bk/article/31955,4,,1
'트럼프 본심' 숫자로 읽는다…고대생이 만든 '타코알리미',"타코알리미는 S&P500, VIX 공포지수, 미국 10년물 국채금리, 유가(WTI), 달러인덱스, 대통령 지지율 등 6개 지표를 조합해 '타코 점수(1~6점)'를 산출한다. 이후 산출된 점수에 따라 '타코 레벨'을 매긴다. 정책 유지...",https://www.kpinews.kr/newsView/1065595079655327,9,,1
"[금융권 풍향계] 은행권, 생산적 금융 확대 위해 신용보증기금과 ‘맞손...","가산금리는 3년 FRN의 경우 SOFR에 0.58%p, 5년 FXD는 동일 만기 미국 국채금리에 0.43%p를 더한 수준으로 확정됐다. 발행에는 씨티글로벌마켓증권, 크레디아그리콜, JP모건, 미즈호증권, 스탠다드차티드, 웰스파고가 공동...",https://www.ekn.kr/web/view.php?key=20260403025334006,12,,1
"신한은행, '사회·경제적 가치 창출 목표' 글로벌 선순위 외화채권 6억달...","가산금리는 3년 FRN의 경우 SOFR에 0.58%p, 5년 FXD는 동일 만기 미국 국채금리에 0.43%p를 더한 수준으로 확정됐다. 신한은행은 최근 글로벌 시장 변동성 속에서도 투자자 수요 회복 흐름을 면밀히 점검하며 발행 시점을...",https://www.fetv.co.kr/news/article.html?no=216337,18,,1
국채선물 상승 폭 다소 축소…입찰 부담 vs 外人 매수 확대,"아시아장에서 미국 국채 금리가 반등하고, 다음 거래일 입찰 부담 등이 영향을 준 요인으로 꼽혔다. 연합인포맥스에 따르면 3년 국채선물은 이날 오후 1시20분 현재 전일 대비 10틱 상승한 103.90을 나타냈다. 10년...",https://news.einfomax.co.kr/news/articleView.html?idxno=4407647,4,,1
"신한은행, 6억달러 글로벌 외화채권 발행 성공","3년 FRN은 SOFR에 0.58%포인트, 5년 FXD는 동일 만기 미국 국채금리에 0.43%포인트를 더한 가산금리로 확정됐다. 신한은행은 글로벌 시장 내 변동성에도 불구하고 투자자 수요 회복을 면밀히 분석하며 발행 시점을...",http://www.newsbrite.net/news/articleView.html?idxno=197317,19,,1
日 신규 발행 국채 금리 2.4%…약 29년 만에 최고,"일본의 2026회계연도 당초 예산안에서 국채 이자 지급 비용은 약 13조 엔(122조원)으로 책정됐는데, 이는 전년보다 2조5천억엔(23조원) 늘어난 것입니다. #일본 #국채 #금리 #원유 #물가 #이란전쟁 #중동전쟁",http://www.yonhapnewstv.co.kr/AKR20260403144457Ov1,4,,1
"신한은행, 6억달러 외화채 발행 성공…글로벌 투자자 신뢰 입증",또 5년물의 경우는 동일 만기 미국 국채금리에 0.43%포인트를 더한 수준으로 확정됐다. 이날 외화채권 발행 과정에서는 견조한 수요도 확인됐다. 아시아 장 개시 직후부터 주문이 이어지며 북빌딩이 순조롭게...,https://www.seoultimes.news/news/article.html?no=2000094811,19,,1
"안도걸 의원, 중동발 경제충격 경고…""추경은 선택 아닌 필수""","에너지 가격 급등과 함께 국채금리 상승, 환율 변동성 확대가 동시에 나타나며 시장 불안이 커지고 있다는 것이다. 특히 경제협력개발기구(OECD)가 한국의 성장률 전망을 낮추고 물가상승률을 상향 조정한 점을 언급하며...",https://www.thefairnews.co.kr/news/articleView.html?idxno=73397,11,,1
日신규 발행 국채 표면금리 29년만 최고치…엔저·유가 급등 영향,"일본은행이 엔화 약세, 유가 상승을 배경으로 추가 금리 인상을 추진한다는 관측과 '적극 재정'을 내건 다카이치 사나에(高市早苗) 정권 아래 재정 악화 우려를 배경으로 국채 금리는 상승하고 있다. 지난달 30일에는...",https://www.newsis.com/view/NISX20260403_0003576890,7,,1
"신한은행, 글로벌 선순위 외화채권 6억 달러 발행","가산금리는 3년 FRN의 경우 미국 무위험지표금리(SOFR)에 0.58%포인트, 5년 FXD는 동일 만기 미국 국채금리에 0.43%포인트를 더한 수준으로 확정됐다. 북빌딩(수요예측)은 피크 기준 약 70억 달러의 주문을 확보했다. 최종...",https://www.newsis.com/view/NISX20260403_0003576963,19,,1
"日 신규 발행 국채 금리 약 29년만에 최고…""재정 악화 우려""",일본 재무성이 10년물 국채 표면 금리를 연 2.4%로 인상했다고 마이니치신문과 아사히신문이 3일 보도했습니다. 이로써 일본 10년물 국채의 표면 금리는 지난 1997년 7월(당시 2.5%) 이후 28년 8개월 만에 최고 수준을...,https://biz.sbs.co.kr/article_hub/20000301902?division=NAVER,4,,1
"신한은행, 6억 달러 글로벌 외화채권 최저 금리 발행","3년 FRN의 가산금리는 SOFR에 0.58%포인트를 더한 수준이며, 5년 FXD는 동일 만기 미국 국채금리에 0.43%포인트를 가산해 확정됐다. 신한은행은 최근 글로벌 시장 변동성 속에서 투자자 수요 회복 흐름을 면밀히 점검해 발행...",http://www.ttlnews.com/news/articleView.html?idxno=3095710,19,,1
[금융계 동향] 신한은행·NH농협은행·하나은행,"5년 FXD는 동일 만기 미국 국채금리 대비 0.43%p다. 신한은행 관계자는 ""ESG 기반 조달을 확대하겠다""고 말했다. NH농협은행은 With CEO 미래 금융 동행 행사를 개최했다. 행사는 전날 열렸고 AX를 주제로 은행장과 직원이...",http://www.iminju.net/news/articleView.html?idxno=162057,17,,1
亞국가 휴장 속 外人매수·커브 주시…국고10년 5.6bp↓,전일 국제유가 급등에도 미국 국채 금리가 소폭 하락한 데 따른 영향이다. 국내 채권시장이 과도한 약세를 선반영한 상황에서 미국 국채 금리가 고점 대비 낮아지는 모습을 보이자 매수세가 유입된 것이다. 다만 이후...,https://news.einfomax.co.kr/news/articleView.html?idxno=4407624,6,,1
“미국·이스라엘 선박 통행 영구 차단”,"2일 브렌트유는 약 8% 올라 배럴당 109.03달러에 마감하며 치솟았고, 미 국채 10년물 금리도 4.379%까지 오르며 상승 압력을 받았다. 세계 증시는 상승분을 반납했다. 이란 군은 앞으로 더 광범위하고 파괴적인 공격을 예고했고...",https://www.naeil.com/news/read/583892?ref=naver,5,,1
"신한은행, 6억달러 외화채 발행…70억달러 주문 '흥행'","가산금리는 3년물 FRN의 경우 SOFR에 0.58%포인트, 5년물 FXD는 동일 만기 미국 국채금리에 0.43%포인트를 더한 수준으로 결정됐다. 신한은행은 ""최근 글로벌 금융시장 변동성이 이어지는 상황에서 투자자 수요 회복 흐름을...",https://www.econovill.com/news/articleView.html?idxno=735991,18,,1
[아시아라운드업 20260403] 중동 공방 속 '호르무즈 개방' 외교전 가열,일본 신규 발행 국채 금리 약 29년만에 최고치 - 일본 재무성이 10년물 국채의 표면 금리를 연 2.4%로 인상했다고 마이니치신문과 아사히신문이 3일 보도. 이로써 일본 10년물 국채의 표면 금리는 지난 1997년 7월(당시 2.5...,http://kor.theasian.asia/archives/403851,4,,1
"[최보원의 글로벌 Talk Talk <1>] 코리아 프리미엄 조건, 결국은 기업의...","AI, 전쟁, 환율, 국채 금리, 외교 갈등 등의 혼란이 가중되고 있는 상황에서도 생존을 위한 변화는 지속되고 있다. 혼란스러운 시기일수록 선택과 집중이라는 핵심에 초점을 맞춰보는 것을 제시해 본다.",https://economychosun.com/site/data/html_dir/2026/03/27/2026032700022.html,7,,1
다이와 “중동 긴장 완화 시 미 10년물 금리 4.2%대 하락 가능”,Odaily에 따르면 다이와증권 전략가 오타니 은 중동 충돌이 어떤 형태로든 해결 국면에 들어설 경우 미국 10년물 국채금리가 현재 4.30%에서 4.20% 안팎까지 하락할 수 있다고 밝혔다. 오타니는 적대 행위가 잦아들면...,https://www.tokenpost.kr/news/breaking/345962,8,,1
[금융 브리핑] 신한은행·하나은행·우리은행,"가산금리는 3년 FRN의 경우 SOFR에 0.58%p, 5년 FXD는 동일 만기 미국 국채금리에 0.43%p를 더한 수준으로 확정됐다. 북빌딩에는 피크기준 약 70억달러 주문이 확보됐고, 최종 가산금리는 최초제시금리 대비 37bp 축소됐다....",http://www.niceeconomy.co.kr/news/articleView.html?idxno=89588,18,,1
"신한은행, 외화채권 6억달러 발행...주문 70억달러 확보","가산금리는 3년 FRN의 경우 SOFR에 0.58%포인트, 5년 FXD는 동일 만기 미국 국채금리에 0.43%포인트를 더한 수준으로 확정됐다. 신한은행은 최근 글로벌 시장 변동성 속에서 투자자 수요 회복 흐름을 점검하며 발행 시점을...",https://www.womentimes.co.kr/news/articleView.html?idxno=101861,19,,1
"""美 국채, 급격한 시장 마비 올 것""…MSCI 경고의 근거는","MSCI는 구체적으로 국채 금리의 내재 변동성(Implied Volatility)은 꾸준히 상승하고 있지만, 실현 변동성(Realized Volatility)은 이에 미치지 못하고 있다고 평가했다. 동시에 수익률 곡선(커브) 전반의 가격 일관성을 나타내는...",https://news.einfomax.co.kr/news/articleView.html?idxno=4407612,4,,1
"신한은행, 6억달러 외화채 발행 완료···스프레드 37bp 축소","가산금리는 3년 FRN의 경우 SOFR에 0.58%p, 5년 FXD는 동일 만기 미국 국채금리에 0.43%p를 더한 수준으로 확정됐다. 신한은행은 최근 글로벌 시장 변동성 속에서도 투자자 수요 회복 흐름을 면밀히 점검하며 발행 시점을...",http://www.finomy.com/news/articleView.html?idxno=252604,20,,1
"유가 폭등에도 멈춘 채권 '패닉셀'…국채선물, 급등 출발",전일 미국 국채 금리가 유가 급등에도 소폭 하락하며 강세를 보인 데 따른 영향이다. 미 국채 금리는 미국 4월 고용 보고서 발표를 앞두고 전일 주간 기준 계속 실업보험 청구 수당이 늘어난 것으로 확인되면서 하락...,https://news.einfomax.co.kr/news/articleView.html?idxno=4407609,6,,1
[경제소식] KB국민은행 6000억원 규모 생산적금융 지원,"가산금리는 각각 SOFR+0.58%포인트, 미 국채금리+0.43%포인트로 확정됐다. 북빌딩에는 약 70억달러의 주문이 몰렸으며 최종 가산금리는 최초 제시 대비 37bp(1bp=0.01%포인트) 축소됐다. 사진=KB국민은행 KB국민은행 6000억원 규모...",http://www.4th.kr/news/articleView.html?idxno=2109979,13,,1
"신한은행, 글로벌 선순위 외화채권 6억달러 발행 성공","가산금리는 3년 FRN의 경우 SOFR에 0.58%p, 5년 FXD는 동일 만기 미국 국채금리에 0.43%p를 더한 수준으로 확정됐다. 신한은행은 최근 글로벌 시장 변동성 속에서도 투자자 수요 회복 흐름을 면밀히 점검하며 발행 시점을...",https://www.smarttoday.co.kr/ko-kr/articles/106127,19,,1
"美 주담대 금리, 7개월 만에 최고치…이란 전쟁 이후 치솟아",모기지 금리는 일반적으로 10년 만기 미국 국채 금리를 따르는 경향이 있는데 미국 국채 매도세 확대로 지난주 금요일 장중 한때 4.48%를 웃돌며 지난해 7월 이후 최고치를 기록하기도 했다. 이후 상승폭을 일부 반납했다....,https://www.hankyung.com/article/202604036732i,4,,1
"신한은행, 6억달러 외화채 발행 성공…""변동성 속 투자수요 70억달러 몰...","금리는 3년물의 경우 SOFR(무위험 지표 금리)에 0.58% 포인트, 5년물은 동일 만기 미국 국채금리에 0.43% 포인트를 가산하는 수준으로 확정됐다. 이번 발행의 핵심은 수요다. 북빌딩 과정에서 약 70억달러 규모 주문이 몰리며...",https://www.newsworks.co.kr/news/articleView.html?idxno=836530,17,,1
"신한은행, 글로벌 선순위 외화채권 6억달러 발행...ESG 조달 경쟁력 강화","가산금리는 3년물 FRN의 경우 SOFR에 0.58%포인트, 5년물 FXD는 동일 만기 미국 국채금리에 0.43%포인트를 더한 수준으로 확정됐다. 은행은 최근 글로벌 금융시장의 변동성을 면밀히 관찰하며 발행 시점을 조율해왔다. 시장...",http://www.queen.co.kr/news/articleView.html?idxno=454335,20,,1
"신한은행, 6억달러 규모 외화채권 발행… 투자 수요 70억달러 확보","가산금리는 3년물의 경우 SOFR(담보부익일물금리)에 0.58%포인트, 5년물은 동일 만기 미국 국채금리에 0.43%포인트를 더한 수준으로 확정됐다. 신한은행은 최근 글로벌 금융시장 변동성이 확대된 상황에서 투자 수요 회복...",http://digitalchosun.dizzo.com/site/data/html_dir/2026/04/03/2026040380061.html,20,,1
[오늘의 은행] 하나은행·KB국민은행·신한은행,"가산금리는 3년 FRN의 경우 SOFR에 0.58%p, 5년 FXD는 동일 만기 미국 국채금리에 0.43%p를 더한 수준으로 확정됐다. 신한은행은 최근 글로벌 시장 변동성 속에서도 투자자 수요 회복 흐름을 면밀히 점검하며 발행 시점을...",http://www.financialreview.co.kr/news/articleView.html?idxno=41403,16,,1
"신한은행, 글로벌 선순위 외화채권 6억 달러 발행 … 70억 달러 주문 확...","가산금리는 3년 FRN의 경우 SOFR에 0.58%p(포인트), 5년 FXD는 동일 만기 미국 국채금리에 0.43%포인트를 더한 수준으로 확정됐다. 신한은행은 최근 글로벌 시장 변동성 속에서도 투자자 수요 회복 흐름을 면밀히 점검하며 발행...",https://biz.newdaily.co.kr/site/data/html/2026/04/03/2026040300099.html,19,,1
"신한은행, 6억 달러 외화채 발행…국내 최초 '개발금융채'","가산금리는 3년 FRN의 경우 SOFR에 0.58%p, 5년 FXD는 동일 만기 미국 국채금리에 0.43%p를 더한 수준으로 확정됐다. 신한은행은 최근 글로벌 시장 변동성 속에서도 투자자 수요 회복 흐름을 면밀히 점검하며 발행 시점을...",https://www.ezyeconomy.com/news/articleView.html?idxno=234312,18,,1
"신한은행, 외화채권 6억달러 발행…미국·이란 전쟁 후 시중은행 최초","가산금리는 3년물은 SOFR(미국 무위험지표금리) 대비 58bp, 5년물은 동일 만기 미국 국채금리 대비 43bp 정도로 확정됐다. 이번 채권은 국내 시중은행 최초로 중소기업 지원과 금융포용 확대 등을 목표로 한...",https://www.hankyung.com/article/202604036504i,20,,1
"신한은행, 6억달러 글로벌 외화채권 발행","가산금리는 3년물은 SOFR에 0.58%포인트, 5년물은 동일 만기 미국 국채금리에 0.43%포인트를 더한 수준으로 확정됐다. ▲[자료=신한은행] 이번 발행은 글로벌 금융시장 변동성이 이어지는 가운데 시장 분위기가 안정되는...",https://www.megaeconomy.co.kr/news/newsview.php?ncode=1065575668207800,20,,1
"신한은행, 글로벌 선순위 외화채권 6억 달러 발행 ""안정적 성과""","가산금리는 3년 FRN의 경우 SOFR에 0.58%포인트(p), 5년 FXD는 동일 만기 미국 국채금리에 0.43%p를 더한 수준으로 확정됐다. 신한은행은 최근 글로벌 시장 변동성 속에서도 투자자 수요 회복 흐름을 면밀히 점검하며 발행...",https://www.news1.kr/finance/general-finance/6124296,19,,1
[금융권 소식] KB국민은행ㆍNH농협은행ㆍ신한은행 (4.3),"가산금리는 3년 만기 변동금리부채권의 경우 SOFR에 0.58%포인트를 더한 수준, 5년 만기 고정금리부채권은 동일 만기 미국 국채금리에 0.43%포인트를 가산한 수준으로 정해졌다. 신한은행은 최근 글로벌 시장 변동성...",http://www.weeklytoday.com/news/articleView.html?idxno=769084,19,,1
"신한은행, 6억 달러 규모 글로벌 외화채권 발행 성공","가산금리는 3년 FRN의 경우 SOFR에 0.58%p, 5년 FXD는 동일 만기 미국 국채금리에 0.43%p를 더한 수준으로 확정됐다. 신한은행은 최근 글로벌 시장 변동성 속에서도 투자자 수요 회복 흐름을 면밀히 점검하며 발행 시점을...",http://www.press9.kr/news/articleView.html?idxno=74536,19,,1
"신한은행, 시장 변동성 완화 국면 글로벌 선순위 외화채권 6억달러 발행","가산금리는 3년 FRN의 경우 SOFR에 0.58%p, 5년 FXD는 동일 만기 미국 국채금리에 0.43%p를 더한 수준으로 확정됐다. 신한은행은 최근 글로벌 시장 변동성 속에서도 투자자 수요 회복 흐름을 면밀히 점검하며 발행 시점을...",http://www.sisacast.kr/news/articleView.html?idxno=94639,19,,1
[손지현의 채권분석] 다시 유가의 굴레 속으로,국제유가가 배럴당 110달러를 넘기는 상황에서도 미 국채 금리가 급등하지 않은 것은 인플레이션 우려보다는 성장 둔화에 주목했기 때문으로 보인다. 이같은 상황에서 이날 밤 공개되는 미국의 3월 고용보고서에 따라...,https://news.einfomax.co.kr/news/articleView.html?idxno=4407575,7,,1
"신한은행, 6억달러 규모 글로벌 선순위 외화채권 발행 성공","3년 FRN은 SOFR에 0.58%p, 5년 FXD는 미국 국채금리에 0.43%p를 더한 수준으로 확정됐다. 특히 이번 채권은 국내 시중은행 최초로 '개발금융채권' 형태로 발행됐다. 기후변화 대응과 금융포용 확대, 중소기업 지원 등 사회...",https://www.businessplus.kr/news/articleView.html?idxno=110015,20,,1
"신한銀, 글로벌 선순위 외화채권 6억달러 발행","가산금리는 3년 FRN의 경우 SOFR에 0.58%p, 5년 FXD는 동일 만기 미국 국채금리에 0.43%p를 더한 수준으로 확정됐다. 신한은행은 시장 분위기가 개선되는 시점을 포착해 신속하게 북빌딩(수요예측)에 착수하며 안정적인 발행을...",https://www.bizwork.co.kr/news/articleView.html?idxno=414116,19,,1
[금융레이더]신한은행/BNK경남은행/카카오뱅크/카카오페이/네이버페이/...,"가산금리는 3년 FRN의 경우 SOFR에 0.58%p, 5년 FXD는 동일 만기 미국 국채금리에 0.43%p를 더한 수준으로 확정됐다. ◆BNK경남은행, ‘오면우대! 하면우대! 정기적금’ 판매 BNK경남은행은 최고 연 7% 금리를 제공하는...",https://www.dnews.co.kr/uhtml/view.jsp?idxno=202604030920063710844,17,,1
"신한은행, 6억달러 글로벌 선순위 외화채권 발행","가산금리는 3년 FRN의 경우 SOFR에 0.58%p, 5년 FXD는 동일 만기 미국 국채금리에 0.43%p를 더한 수준으로 확정됐다. 이번 발행과 관련하여 이 은행은 ""최근 글로벌 시장 변동성 속에서도 투자자 수요 회복 흐름을 면밀히...",http://www.choicenews.co.kr/news/articleView.html?idxno=163269,19,,1
"신한은행, 6억달러 글로벌 선순위 외화채권 발행 성공…70억 달러 주문 ...",5년 만기 고정금리 채권은 동일 만기 미국 국채금리에 0.43%포인트를 가산한 수준에서 결정됐다. 이번 발행은 글로벌 금융시장 변동성이 이어지는 가운데 투자 수요 회복 흐름을 면밀히 점검한 뒤 진행됐다. 시장...,https://www.public25.com/news/articleView.html?idxno=43274,20,,1
"신한은행, 시중은행 최초 '개발금융채권' 6억달러 발행…스프레드 대폭...","가산금리는 3년 FRN의 경우 근거금리(SOFR)에 0.58%p, 5년 FXD는 동일 만기 미국 국채금리에 0.43%p를 더한 수준으로 확정됐다. 신한은행은 세계 시장 변동성 속에서도 투자자 수요 회복 흐름을 점검하며 발행 시점을...",https://www.etnews.com/20260403000045,23,,1
"신한은행, 6억달러 외화채 발행…수요 70억달러 몰려","가산금리는 FRN이 SOFR 대비 0.58%포인트, FXD는 동일 만기 미국 국채금리에 0.43%포인트를 더한 수준으로 확정됐다. 북빌딩 과정에서는 최대 약 70억달러 규모의 주문이 몰리며 견조한 수요를 확인했다. 최종 가산금리는...",https://www.pinpointnews.co.kr/news/articleView.html?idxno=442466,17,,1
"중동 불안에도...신한은행, 글로벌 선순위 외화채권 6억달러 발행","가산금리는 3년 FRN의 경우 SOFR에 0.58%p, 5년 FXD는 동일 만기 미국 국채금리에 0.43%p를 더한 수준으로 확정됐다고 은행측은 설명했다. 공동 주관사로는 씨티글로벌마켓증권, 크레디아그리콜, JP모건, 미즈호증권...",https://thetracker.co.kr/View.aspx?No=4028358,19,,1
"'금 100만 원' 하루 만에 붕괴, 트럼프 입에 안전자산 공식 깨졌다","홍성기 LS증권 연구원은 ""사태 전개와 관계없이 금은 현재 저가 매수 기회""라며 ""전쟁이 장기화되어 실질금리가 하락하거나 반대로 전쟁이 종료되어 국채 금리가 안정될 경우 금 가격은 본격적으로 반등할 것""이라고...",https://www.smartbizn.com/news/articleView.html?idxno=141159,4,,1
"“주요 금융지주, 금리 상승에 마진도 확대…은행 실적 방어력 부각” ...","당초 실적 기대는 높았지만, 3월 들어 중동 지역 지정학 리스크 영향으로 국채금리가 급등하면서 채권 운용 수익과 매매평가익은 일부 감소한 것으로 분석됐다. 그럼에도 전반적인 이익 체력은 유지되고 있다는 평가다....",https://www.news2day.co.kr/article/20260403500043,15,,1
[뉴욕 마켓 브리핑](3일),"*2일(현지시간) -뉴욕증시 : 다우 0.13%↓ S&P500 0.11%↑ 나스닥 0.18%↑ -미 국채 10년물 금리 : 전 거래일 오후 3시 기준가 대비 0.80bp 하락한 4.3120% -달러화 : 엔화에 강세, 유로화에 강세, 달러인덱스는 100.046으로...",https://news.einfomax.co.kr/news/articleView.html?idxno=4407556,5,,1
"[모닝 리포트] 4월 금통위, 기준금리 2.50% 만장일치 동결 전망…""방심은...","미국 국채 10년 금리 밴드로 4.25~4.50%를 제시했다. 국내의 경우, WGBI(세계국채지수) 편입 관련 자금 유입이 일부 확인됐으나 변동성이 높은 국면에서 추세적 유입을 기대하기는 이르다고 판단했다. 국고채 3년 3.35~3.60...",https://www.newspim.com/news/view/20260403000117,7,,1
뉴욕증시 혼조 마감... 호르무즈 통항 프로토콜 기대에 낙폭 축소,"채권시장에서 2년물 국채 금리는 3.80% 수준을 유지했고, 10년물 금리는 4.309%로 소폭 하락했다. 시카고상품거래소(CME) 페드워치에 따르면 시장은 연말까지 금리가 인상될 확률을 0.4% 수준으로 낮게 보며 긴축 우려가...",http://www.joseilbo.com/news/news_read.php?uid=565889&class=53&grp=,6,,1
"중동리스크, KBㆍ하나ㆍ우리 등 금융지주사에 ""병주고 약주고""","박혜진 대신증권 연구원은 ""지난 2월까지는 실적 전망이 매우 긍정적이었지만, 3월 중동 전쟁의 영향으로 국채 금리가 3년물 기준 50bp 급등하면서 채권 운용 수익이 감소했다""며 ""지수 하락에 따른 은행권의...",http://www.ftoday.co.kr/news/articleView.html?idxno=357289,11,,1
"외국인 증시 수급과 수입업체 매수…환율, 1500원대 박스권[외환브리핑...","만큼 이날도 달러를 확보하기 위한 저가매수는 꾸준할 것”이라고 짚었다. 한편 미국채 금리는 통화정책에 상대적으로 민감한 2년물이 0.7bp(1bp=0.01%포인트) 내린 3.80%, 10년물 금리는 1.2bp 내린 4.309%에 거래를 마쳤다.",http://www.edaily.co.kr/news/newspath.asp?newsid=02728966645412512,8,,1
"[마켓인]효성重, 한신평 이어 나신평도 신용등급 A+ 상향","실제 회사는 최근 미착공 사업장 3곳에 대해 2863억원의 부동산 프로젝트파이낸싱(PF) 채무를 인수한 바 있다. 박 수석연구원은 “현재 대다수 사업장의 공정 및 분양 추이는 대체로 양호하나, 대구 감삼동 등 분양...",http://www.edaily.co.kr/news/newspath.asp?newsid=04736326645412512,9,,1
"[AI 부동산 투데이] 서울 전세 40% 급감…오세훈 ""임대 혜택 축소 재고""","이번 조치에 따라 세 지역은 오는 5월 9일까지 관리지역으로 묶이게 되며, 여기에서 분양을 하거나 부동산 프로젝트파이낸싱(PF) 보증을 발급받으려는 사업장은 반드시 사전 심사를 거쳐야 합니다. 공급 부담을 조절하고...",https://www.newspim.com/news/view/20260403001084,9,,1
거래대금 50조 시대의 그늘···증권업 '양극화' 속 중소형사 생존 방정...,☞프로젝트파이낸싱(PF)=부동산 개발사업의 미래 현금흐름을 담보로 자금을 조달하는 방식이다. 사업이 지연되거나 분양이 부진하면 대출 회수가 어려워져 금융사 부실로 이어질 수 있다. 여성경제신문 허아은 기자...,https://www.womaneconomy.co.kr/news/articleView.html?idxno=252049,13,,1
"최인호 HUG 사장, 주택협회 찾아 ""CR리츠 보증 지원 강화""","프로젝트파이낸싱(PF)·정비사업 활성화, 미분양 해소 등 업계 현안을 논의했다. 이 자리에서 최 사장은 지방... CR리츠는 HUG 보증을 받아 미분양 주택을 매입한 뒤 임대 운영하거나 추후 매각하는 부동산투자회사로...",https://view.asiae.co.kr/article/2026040317073759527,9,,1
"한화, PF 대출 미상환 ‘시그니처 광교’ 직접 수습…자회사 에이치씨앤...",이투데이=조남호 기자 | PF 대주 ‘담보권 실행’ 따라 액면가 3억원에 호메오박스 경영권 인수 한화그룹 계열 부동산 시행사인 에이치씨앤디가 프로젝트 파이낸싱(PF) 대출 상환에 실패한 시행사 호메오박스를...,https://www.etoday.co.kr/news/view/2572579,5,,1
"SBI저축은행 OK저축은행 작년 순이익 반등 성공, 대표 연임 김문석 정길...","SBI저축은행은 신용대출 차주 상환능력 악화, OK저축은행은 부동산 프로젝트파이낸싱(PF) 부실화 여파에 주로 타격을 입었다. 2025년에 들어서야 반등 계기를 마련한 셈이다. 그러나 SBI저축은행과 OK저축은행의 실적을...",https://www.businesspost.co.kr/BP?command=article_view&num=434921,21,,1
최인호 HUG 사장 “지방 미분양 해소 위한 CR리츠 지원 강화”,간담회에서 최 사장은 최근 공사비 상승과 부동산 프로젝트파이낸싱(PF) 시장 위축으로 어려움을 겪고 있는 주택사업자의 건의사항을 직접 들었다. 최 사장은 지방 미분양으로 어려움을 겪는 주택사업자를 위해 CR리츠...,https://www.mk.co.kr/article/12007398,9,,1
"[Deal리뷰] 하나증권, 회사채 수요예측 흥행…'증권채 훈풍' 합류","일각에서는 부동산 프로젝트파이낸싱(PF)과 해외 대체투자 리스크 관련 우려가 있지만, 하나증권 측은 이미 평가손익을 반영해왔고 신규 투자는 심사 기준을 강화해 신중하게 접근한다고 설명했다. 하나증권...",https://www.kfenews.co.kr/news/articleView.html?idxno=656435,13,,1
"HUG 최인호 사장, 지방 미분양 해소 위한 CR리츠 강화한다",이날 간담회에서는 부동산 PF·정비사업 활성화 방안과 미분양 해소 등 주택업계가 직면한 현안을 논의했다. 최 사장은 최근 공사비 상승과 PF 시장 위축으로 어려움을 겪는 주택사업자의 건의 사항을 직접 청취했다. 최...,http://www.kookje.co.kr/news2011/asp/newsbody.asp?code=0200&key=20260403.99099000865,4,,1
"최인호 HUG 사장 ""지방 미분양 해소 위해 CR리츠 보증 지원 강화""",최근 가파른 공사비 상승과 부동산 프로젝트파이낸싱(PF) 시장 위축으로 자금난을 겪는 건설업계를 위해 기업구조조정(CR) 리츠 보증 지원을 대폭 강화하기로 했다 3일 HUG에 따르면 최인호 사장은 전날 한국주택협회를...,http://www.iminju.net/news/articleView.html?idxno=162087,9,,1
저축은행 '생산적 금융' 시동…중기대출 '기지개',"저축은행업계 관계자는 ""지난해 부동산 PF 부실채권 정리가 이전보다 활발하게 이뤄졌다""면서 ""그럼에도 감소폭이 줄어든 것은 신규 취급이 그만큼 늘어났다는 의미로 볼 수 있다""고 설명했다. 지난해...",https://www.asiatime.co.kr/article/20260403500130,21,,1
이천시·양주시·인천 중구 '미분양관리지역' 지정,미분양 관리지역에 선정되면 부동산프로젝트파이낸싱(PF) 분양 보증을 받기 위해 사전 심사를 거쳐야 해 신규 공급이 어려워진다. 미분양 관리지역의 미분양 주택은 총 5652호다. 전국 미분양 주택(6만6208호)의 약 8.5...,https://www.newsis.com/view/NISX20260403_0003577068,9,,1
"최인호 HUG 사장 ""기업구조조정 리츠 보증 지원 강화""",이번 간담회는 최근 공사비 상승과 부동산 프로젝트파이낸싱(PF) 시장 위축으로 어려움을 겪고 있는 주택사업자의 건의 사항을 청취하기 위해 마련됐다. CR 리츠는 HUG의 보증을 받아 지방 미분양 주택을 매입해...,https://www.newsis.com/view/NISX20260403_0003577048,9,,1
장기화하는 ‘이란 전쟁’에… 국내 건설산업도 직격탄,"특히 에너지발 인플레이션이 길어져 금리 인하가 지연되거나 시장금리가 오르게 되면 부동산PF(프로젝트 파이낸싱), 차입비용 등의 차환 리스크가 커지고, 추가 자금조달 비용 상승의 악순환이 발생할 가능성이 큰 것으로...",http://mcnews.co.kr/86000,10,,1
"""NH투자증권, 1분기 생각보다 더 좋다…트레이딩 견조한 실적 시현""",부동산 프로젝트파이낸싱(PF) 부문에서 대형 딜 부재로 인해 전분기 대비 소폭 감소할 전망이다. 트레이딩 부문에서의 운용 및 기타 손익은 금리 상승 환경에서도 보수적인 운용 기조에 따라 채권운용손익이...,https://www.newsquest.co.kr/news/articleView.html?idxno=264237,13,,1
"“NH투자증권, 1분기 ‘서프라이즈’ 전망…투자 매력도 높아”<하나證...","IB 및 기타수수료수익은 16.5% 감소한 997억원으로, 부동산 프로젝트파이낸싱(PF) 부문에서의 대형 딜 부재가 실적을 깎을 것이란 분석이다. 그러면서 NH투자증권에 대해 투자의견 매수(BUY)와 목표주가 4만4000원을...",https://www.news2day.co.kr/article/20260403500156,12,,1
"[더벨]PF펀드 만기 도래 앞둔 저축은행, 긴장감 고조","안태영 한국기업평가 책임연구원은 작년 9월 보고서를 통해 ""저축은행 부동산PF 건전성 지표 개선에는 PF정상화펀드의 착시가 가려져 있다”며 “2종 수익증권(후순위 출자자)에 분배되는 잔여 이익은 제한적일 것...",https://www.thebell.co.kr/free/content/ArticleView.asp?key=202604011544536320108874,18,,1
"[더벨][WM 풍향계] 메리츠증권 PIB강남센터, 역삼 떠나 청담으로","메리츠증권이 직접 발굴한 비상장 주식, 부동산 프로젝트파이낸싱(PF), 사모펀드 등 차별화된 투자 기회를 고객에게 제공하는 플랫폼 역할을 수행한다. 메리츠증권은 거점별로 PIB센터의 역할을 분화해 운영하고 있다....",https://www.thebell.co.kr/free/content/ArticleView.asp?key=202604010908170900105867,10,,1
"[단독] '도이치 공범' 이정필 ""이종호 처벌 불원…오해 풀어"" 법원에 탄...","이정필 씨는 ""이 사건을 돌이켜 보면서 피고인(이종호)과의 관계에 대해 많은 생각을 하게 됐다""며 ""저는 이종호에 부동산 PF(프로젝트 파이낸싱) 대출 관련 사업 성사 목적으로 거마비(교통비) 명목의 금원을 지급한...",https://ilyo.co.kr/?ac=article_view&entry_id=510254,5,,1
"1분기부터 흔들...손보업계, 투자성과 축소·자보 부진",무보증 AAA금 금융채 금리와 AA- 3년물 회사채 금리를 비롯한 지표도 투자손익에 부정적으로 작용한 것으로 보인다. 신용 스프레드도 1년여 만에 최고치다. 기준금리 인하 국면이 끝나고 인상 가능성이 대두된...,https://www.ekn.kr/web/view.php?key=20260403025133809,12,,1
"리벨리온, '국민성장펀드 1호' 타이틀, 채용에 적극 활용한다","전략 기획 및 IPO 분야는 '국민성장펀드 1호' 기업으로서 투명한 경영 관리와 명확한 IR 역량을 발휘해 6,000억 원의 투자금을 효율적으로 운용하고, 글로벌 자본 시장에서의 신뢰도를 높여 성공적인 상장을 실현할...",https://www.smarttoday.co.kr/ko-kr/articles/106152,4,,1
“우리 챗봇 구독해”…상장에 조건 붙인 머스크,"지난 1일 미국 증권거래위원회에 비공개로 예비상장심사 신청서를 제출했다. 회사 측은 이번 IPO를 통해 이번 상장으로 기업가치를 최대 2조 달러(약 3,022조원)로 인정받을 계획이며, 750억 달러를 조달할 계획이다.",http://www.wowtv.co.kr/NewsCenter/News/Read?articleId=A202604040148&t=NN,5,,1
“챗봇 구독하고 X에 광고해”…스페이스X 상장에 붙은 머스크의 황당한...,사상 최대 규모의 기업공개(IPO)가 될 것으로 기대를 모은 스페이스X 상장 참여에 인공지능(AI) 챗봇 구독이라는 독특한 조건이 붙었다. 미국 일간 뉴욕타임스(NYT)는 3일(현지시간) 일론 머스크가 스페이스X IPO 과정에...,https://www.dt.co.kr/article/12055615?ref=naver,4,,1
"스페이스X IPO 참여 자격은 그록 구독?…""머스크가 강력 요구""",상장 업무 맡은 은행·로펌 등에 요구…일부는 자사 IT시스템에 통합도 김경윤 특파원 = 사상 최대 규모의 기업공개(IPO)가 될 것이라는 기대를 불러 모은 스페이스X 상장 참여에 인공지능(AI) 챗봇 구독이라는 독특한...,https://www.yna.co.kr/view/AKR20260404011100075?input=1195m,7,,1
반도체 ‘생각한대로’ 만들어드립니다…디자인하우스에서 진화하는 AS...,성장세를 바탕으로 작년 말 창업 6년 7개월 만에 IPO(기업상장)에 성공했다. 디자인하우스 중에서 가장 빠른 속도다. 성장성을 인정받아 세미파이브는 상장 한 달 만에 시가총액 1조원을 돌파했다. 세미파이브 본사...,https://biz.heraldcorp.com/article/10709569?ref=naver,4,,1
[리벨리온 IPO] ②테슬라도 탐내는 한국 반도체 인재…쟁탈전 최전선 섰...,"리벨리온의 경우 기업공개(IPO)를 앞두고 있어 스톡옵션의 실현 가능성이 높아진 상황이다. 상장 후 주식 가치가 현실화되면 인재 유지 수단으로서의 효력이 그만큼 강해진다. 투자업계 관계자는 ""리벨리온과 퓨리오사는...",https://www.smarttoday.co.kr/ko-kr/articles/106121,5,,1
"""신약개발, 자금 흐름 구조 이해해야…'연결자' VC 활용이 답""","이어 ""과거 적자 기업은 상장 자체가 불가능했지만, 기술특례상장 제도가 도입되면서 환경이 크게 개선됐다... 언제 IPO를 할 것인지, 정부 연구비를 어떻게 끌어들일 것인지 그 구조를 이해할 필요가 있다는 설명이다. 황...",https://www.medipana.com/news/articleView.html?idxno=409266,4,,1
홍콩증권거래소 상장규칙 개정,"홍콩은 자본시장의 경쟁력 제고를 위해 홍콩증 권거래소(HKEX) 유가증권 상장 규칙(Listing Rules) 중 (i) IPO 가격 산정 및 공개 시장 요건(2025년 8월 4일 시행), (ii) 상장유지 유동주식 관련 조항 (2026년 1월 1일 시행)...",https://www.lawtimes.co.kr/news/articleView.html?idxno=218437,5,,1
호날두·르브론·맥길로이 줄줄이 투자…미국서 또 '데카콘' 나왔다,"아직 IPO(기업공개)에 대해선 뚜렷한 계획을 밝히지 않고 있다. 아메드 대표는 ""상장 기업이 되기 위한 많은 준비를 하고 있다""면서도 ""훌륭한 기술을 개발하고 사업을 성장시키는 데 집중해야 상장 기업이 됐을 때...",https://www.mt.co.kr/future/2026/04/04/2026040219184098789,4,,1
[포커스] 10대 증권사 총자산 '841조' 호황 봄바람…IB만 '옥에 티',대형 IPO가 중복상장 규제 강화 영향으로 급감했고 회사채 발행도 예년 대비 위축된 상태다. 회사채 시장 역시 부담이 커졌다. 올해 1~3월 회사채 발행 규모는 32조 3400억 원으로 전년 동기 39조 5941억 원 대비 18.3...,https://www.startuptoday.co.kr/news/articleView.html?idxno=608627,11,,1
[자본中심] IPO 좌절 뒤 6년…홍콩에서 시작된 앤트의 금융 복귀,[편집자주] 한때 세계 최대 규모가 될 것으로 기대를 모았던 기업공개(IPO)가 무산된 뒤 본토 규제 아래 사업 재편을 이어온 앤트그룹(Ant Group)이 홍콩에서 다시 금융업 확장에 나섰다. 홍콩 상장 증권사...,http://www.edaily.co.kr/news/newspath.asp?newsid=01272646645412840,8,,1
[GAM] 우주 산업의 새로운 투자 패러다임 ① 아르테미스 II·스페이스X I...,"기업공개(IPO) 서류를 제출했다고 보도했다. 21개 은행이 이미 협력 관계를 구축하고 있으며, 올해 안에 정식 상장이 이루어질 가능성이 높다는 전망이다. 미국 캘리포니아주 호손에 있는 스페이스X 본사 [사진...",https://www.newspim.com/news/view/20260404000013,7,,1
"테크의 거인들, 역사상 최대 IPO 경쟁 격화","이번 주, 일론 머스크는 스페이스X의 가치를 약 175조 원(약 1,440조 원)으로 평가받는 750억 달러(약 108조 원)의 공개 상장을 비밀리에 신청했다고 보도되었다. 이는 역사상 최대 규모의 IPO가 될 것으로 예상되며...",https://www.tokenpost.kr/news/tech/346218,5,,1
[EBN 오늘(3일) 이슈 종합] IPO '단타·거품' 흑역사 끝낼까…코너스톤 ...,일단 상장 첫날 주가 변동성을 완화하고 합리적인 공모가를 형성할 것이란 긍정적인 전망이 나온다. 시장에서는 이번 제도 도입이 IPO 시장의 체질을 개선하는 역할을 할 것으로 보고 있다. 가장 큰 기대 효과는 '공모가...,https://www.ebn.co.kr/news/articleView.html?idxno=1704424,5,,1
"""우주선처럼 '목표 몸값' 하늘 위로""…테슬라 시총 넘본다",사우디 아람코를 넘어 사상 최대 '기업공개(IPO)' 기록이 예상되는 미국의 우주항공 기업 '스페이스X'가 상장을 앞두고 목표 기업가치를 한층 높인 것으로 파악됐다. 블룸버그 통신은 2일(현지시간) 스페이스X가...,http://www.wowtv.co.kr/NewsCenter/News/Read?articleId=A202604030406&t=NN,4,,1
"""세제 혜택에 IPO 기회까지""… BNK자산운용, '코스닥벤처펀드'로 투자 매...",BNK자산운용은 3일 벤처기업과 코스닥 상장(예정) 기업에 투자하는 'BNK코스닥벤처펀드'를 출시했다고 밝혔다.... 기업공개(IPO) 시장에서 보다 유리한 기회를 확보할 수 있다. 이는 공모주 투자 기회를 확대하려는...,https://www.mediafine.co.kr/news/articleView.html?idxno=76737,6,,1
"BNK자산운용, 주식혼합 코스닥벤처펀드 출시","코스닥 상장 중소·중견기업의 신주 및 구주에 35% 이상 투자하는 상품이다. 해당 투자 요건을 충족할 경우 코스닥 공모주 물량의 30%를 우선 배정받을 수 있어, 기업공개(IPO) 시장에서 보다 폭넓은 투자 전략을...",https://www.cnbnews.com/news/article.html?no=787601,7,,1
[ETF 시황] '에너지·조선·방산' 주도 상승…원유·탄소 ETF '약세',"3일 국내 상장지수펀드(ETF) 시장에서는 외국인 수급 개선에 따른 코스피 반등 영향으로 레버리지 및... 반면 하락률 상위 테마는 탄소배출권(-3.16%), 원유·가스기업(-3.09%), IPO·M&A(-2.96%), 명품(-1.32%) 등으로...",https://www.newspim.com/news/view/20260403000986,6,,1
"'출범 10주년' 케이뱅크, 성장부터 상장까지 돌아보니",무엇보다 올해는 케이뱅크의 숙원 사업이었던 기업공개(IPO)에 성공했다는 점에서 의미가 크다. 상장을 통해 출범 초기부터 발목을 잡았던 자본력 문제를 해결하고 성장을 가속화할 수 있게 되어서다. 케이뱅크는...,http://www.newsdream.kr/news/articleView.html?idxno=111137,4,,1
"‘사상 최대’ 스페이스X IPO 임박…‘머스크 기업’, 美 ETF 시장 판 흔...",2019년 사우디 국영 석유기업 아람코가 기록한 290억달러를 넘어서는 역대 최대 IPO 규모다. 스페이스X 상장은 나스닥100 지수에도 변화를 예고한다. 시장에서는 스페이스X가 상장 후 나스닥100 내 비중 상위 5위권에...,https://biz.heraldcorp.com/article/10709384?ref=naver,5,,1
[단독]“상장 전 자사주 소각” IPO 심사 문턱 높아진다,기업공개(IPO)를 추진하는 비상장사들도 보유한 자사주를 우선적으로 소각해야 할 상황에 처하게 됐다. 자기주식 소각 의무화를 골자로 한 개정 상법 시행에 따라 한국거래소가 IPO를 주관하는 증권사를 대상으로 상장...,https://www.sedaily.com/article/20028115?ref=naver,8,,1
"기업가치 3000조원…스페이스X, IPO 앞두고 상향",스페이스X는 오는 6월 상장을 목표로 전날 미국 증권거래위원회(SEC)에 비공개로 예비 상장심사 신청서를 제출했다. 블룸버그통신은 스페이스X가 상장을 통해 최대 750억달러를 조달할 것으로 예상했다. 이는 2019년...,https://www.hankyung.com/article/2026040377291,5,,1
'중복 상장' 규제·불확실성 증가…IPO 줄줄이 미루는 게임사들,"3일 게임업계에 따르면 넷마블은 최근 자회사 넷마블네오의 상장(IPO) 계획을 철회하고 완전자회사로 편입했다. 넷마블네오는 지난해 '뱀피르', '나 혼자만 레벨업: 어라이즈' 흥행으로 상장이 기대됐으나 최근 상법 개정을...",http://www.inews24.com/view/1956765,4,,1
"BNK자산운용, 코스닥벤처펀드 출시…""세제혜택·성장성 1석2조""",코스닥 상장 중소·중견기업의 신주 및 구주에 35% 이상 등으로 구성됐다. 특히 해당 투자 요건을 충족할 경우 코스닥 공모주 물량의 30%를 우선 배정받을 수 있어 기업공개(IPO) 시장에서 보다 폭넓은 투자 전략을...,https://www.news1.kr/local/busan-gyeongnam/6124990,6,,1
"상장 3사, 다각화 행보…IPO 앞둔 건화, 안전에 무게",KH-SMS 현황판 시각화 구현 화면 국내 엔지니어링업계가 사업 다각화에 속도를 내는 가운데 상장을 준비 중인 건화는 안전관리 고도화를 핵심 경쟁력으로 설정하는 모습이다. 3일 엔지니어링업계에 따르면 상장 3사를...,http://www.engdaily.com/news/articleView.html?idxno=22025,4,,1
"'시총 2조 달러' 스페이스X 상장에 고평가 지적 이어져, ""검증되지 않은...",스페이스X가 상장 뒤 시가총액 2조 달러를 목표로 하고 있다는 보도가 나왔다. 이는 지나치게 고평가된... 블룸버그는 3일 관계자들의 말을 인용해 스페이스X가 기업공개(IPO) 과정에서 2조 달러 이상의 기업가치를...,https://www.businesspost.co.kr/BP?command=article_view&num=434953,5,,1
"스마일게이트RPG 기업가치 '8조' 법원 판단, 권혁빈 이혼 재산분할액 더...","재판부는 스마일게이트RPG가 기업공개(IPO) 약속을 이행하지 않아 라이노스자산운용에 피해를 입혔다고... 권 CVO의 자산 대부분이 비상장사인 스마일게이트홀딩스 지분으로 구성돼 있어, 기업가치 평가가 재산분할액...",https://www.businesspost.co.kr/BP?command=article_view&num=434920,-2,,0
라인야후 품에 안긴 카카오게임즈…8000억원 확보 '재도약 시동',"◆라이온하트 상장, 신작 출시 등 변동 없이 진행 아울러 정부가 오는 6월부터 모회사와 자회사가 동시에 상장되는 구조를 원칙적으로 제한하겠다고 예고하며 기업공개(IPO) 우려가 불거졌지만, 핵심 자회사 라이온하트...",https://www.kfenews.co.kr/news/articleView.html?idxno=656454,4,,1
"'미리캔버스' 미리디, 지난해 매출 942억…6년 연속 '최대 실적' 경신",또한 다가올 상장(IPO)에 대비해 2025년 결산부터 자발적으로 기존 일반기업회계기준(K-GAAP)을 한국채택국제회계기준(IFRS)으로 전환했다고 밝혔다. 미리디는 2024년 KB증권을 대표주관사로 전정하고 2027년 증시 입성...,https://www.mt.co.kr/future/2026/04/03/2026040309493816421,8,,1
"[투자 노하우] 트럼프 ""철강·알루미늄 함량 높은 제품 25% 관세""","오픈 AI와 같이 IPO 준비 중인 가운데, 월스트리트 저널은 ""먼저 상장하는 기업이 투자수요를 선점할 가능성이 높다""고 발표했습니다. 소장님 생각도 그러한지? - 앤트로픽 상장 추진 중…오픈 AI와 경쟁 붙어 - WSJ ""먼저...",https://biz.sbs.co.kr/article_hub/20000301937?division=NAVER,4,,1
깊이가 다른 글로벌 투자 정보 GAM - 맛보기편 (4/3),"홍콩증시 IPO 조달자금, 5년래 최고치 [사진 = CCTV 동영상 캡처] 2025년 1월 9일 홍콩증권거래소에 상장한 미니맥스(MiniMax∙稀宇科技 0100.HK) 관련 보도화면. [AI의 종목 이야기] A주 '배당랠리', 10% 이상 초고배당...",https://www.newspim.com/news/view/20260403000855,0,,0
[증시 인사이트] 외국인·기관 순매수에 코스피 3%대↑…5400선 회복,"6월 상장 추진…IPO 신청서도 제출 - 스페이스X 목표 기업가치 약 1조 7500억 달러 - 스페이스X, 공모 통한 조달 금액 최대 750억 달러 - 스페이스X IPO 필두 우주산업 관련 기업 재평가 전망 - 스페이스X, 나스닥 100 조기 편입...",https://biz.sbs.co.kr/article_hub/20000301934?division=NAVER,7,,1
[더벨][중동 쇼크 선전한 K헤지펀드] '변동성 관리' 입증한 타임폴리오...,"주식 뿐 아니라 가치 상승이 예상되는 기업공개(IPO), Pre-IPO, 상장사 메자닌, M&A 등 이벤트 드리븐 전략에도 펀드 자산의 10~20%를 배분해 알파를 겨냥한다. 하우스 측은 여전한 지수 고점 구간에서 이같은 롱숏...",https://www.thebell.co.kr/free/content/ArticleView.asp?key=202604011626335080101983,5,,1
미래에셋운용도 美우주 ETF 출시···SCHD 역전극 재현 가능할까,미래에셋자산운용도 일론 머스크의 스페이스X 기업공개(IPO)에 맞춰 미국 우주산업에 투자하는 ETF를 내놓는다. 국내에는 이미 하나자산운용과 삼성자산운용이 미국 우주산업 ETF를 상장했다. 여기에...,https://www.sisajournal-e.com/news/articleView.html?idxno=420261,4,,1
"[IPO] 상장 앞둔 채비, 전기차 보급 수혜 얼마나?",뷰어스 박민선 기­자 parkpro@viewers.co.kr 국내 전기차 급속 충전기를 제조하고 있는 채비가 코스닥 상장... 수요예측을 거쳐 20~21일 공모청약을 진행한다. 공모주관사는 KB증권과 삼성증권이며 상장 예정일은 이달 30일이다.,https://theviewers.co.kr/View.aspx?No=4029268,6,,1
"스페이스X, 기업가치 2조달러 목표…역대급 IPO 예고",데이터센터 구축과 달 기지 및 공장 건설 등 미래 사업 확대에 나설 계획이다. 시장에서는 스페이스X 상장이 현실화될 경우 글로벌 IPO 시장의 판도를 바꿀 '게임 체인저'가 될 가능성에 주목하고 있다. 더퍼블릭,https://www.thepublic.kr/news/articleView.html?idxno=299905,5,,1
"혁단협, ""승강형 세그먼트 재검토""…IPO 위축·낙인효과 우려",아울러 IPO 시장에도 영향이 예상된다. 신규 상장기업이 상장 직후 '프리미엄'군에 편입되기 어려운 구조일 경우 국내 상장 유인이 맞아지고 해외 상장 선호 확대나 상장 연기·포기로 이어질 수 있다. 이는 장기적으로...,https://www.shinailbo.co.kr/news/articleView.html?idxno=5007691,4,,1
"컬리·무신사 '외형 확장, 실적 선방'에 날개 단 IPO",뉴스토마토 = 이혜현 기자 | 마켓컬리와 무신사가 지난해 실적 성장과 외형 확장에 가시적인 성과를 보이자 올해 하반기 증시 상장에 속도를 낼 것이라는 전망이 나오고 있습니다. 양사의 기업공개(IPO) 선제조건으로...,http://www.newstomato.com/ReadNews.aspx?no=1296683&inflow=N,5,,1
"오픈AI, 1,220억 달러 유치 성공…기업가치 8,520억 달러","이번 1,220억 달러는 실리콘밸리 역사상 최대 규모의 투자 유치로 평가되며 연말까지 IPO(기업공개)를... 오픈AI는 이번 라운드에서 개인 투자자 참여도 확대해 약 30억 달러를 조달했으며, ARK 인베스트의 상장지수펀드...",http://www.digitalbizon.com/news/articleView.html?idxno=2342563,5,,1
스페이스X 상장 몸값 3000조로 상향… 미국 유인 달 탐사 특수도 누릴 듯,"기업 공개(IPO)를 추진하는 일론 머스크 최고경영자(CEO)의 항공우주기업 스페이스X의 목표 기업 가치가 3... 3일(현지시간) 블룸버그통신에 따르면, 스페이스X는 올해 6월 상장을 앞두고 최근 목표 기업 가치를 최대...",https://www.hankookilbo.com/news/article/A2026040312060002513?did=NA,4,,1
"""코스닥 1·2부 도입, 시장 왜곡·낙인효과 우려""","이어 ""신규 상장기업이 상장 직후부터 프리미엄군에 편입되기 어려운 구조라면 국내 IPO 유인이 떨어질 수 있다""며 ""이는 상장 연기·포기, 해외 상장 선호 확대로 이어져 회수시장 위축과 민간 벤처투자 감소라는 악순환을...",http://www.fnnews.com/news/202604031533514502,6,,1
"BNK자산운용, 공모주 우선 배정 '코스닥벤처펀드' 출시","BNK자산운용이 벤처기업과 코스닥 상장 기업 등에 투자하는 'BNK코스닥벤처펀드'를 출시한다고 3일 밝혔다.... 상품""이라며 ""검증된 IPO 운용 역량을 바탕으로 코스닥 벤처 투자 시장의 새로운 기준을 제시하겠다""고...",http://www.newsdream.kr/news/articleView.html?idxno=111129,6,,1
"이마고웍스, 삼성증권과 코스닥 IPO 대표주관 계약 체결","이마고웍스는 이번 계약을 기점으로 2027년 코스닥 상장을 목표로 IPO 준비에 본격 착수하며, 상장 전 단계로 2026년 하반기 Pre-IPO 투자유치도 병행 추진할 계획이다. KIST 공식 스핀오프 기업인 이마고웍스는 서울대...",https://www.dentalnews.or.kr/news/article.html?no=46889,6,,1
"[장외시황] 스트라드비젼ㆍ져스텍, 상장예비심사 승인",기업공개(IPO) 관련 상장 예비심사 청구 종목으로 휴대용 엑스레이 장치 전문기업 레메디는 호가 2만7750원(0.91%)으로 반등했다. 상장 예비심사 승인 종목으로 인공지능(AI) 기반 자율주행 소프트웨어 개발 공급...,https://www.etoday.co.kr/news/view/2572580,4,,1
[더벨][아시아비엔씨는 지금] '따이공' 재고에서 시작…글로벌 영토 넓...,"아시아비엔씨는 다음 스텝을 밟기 위해 IPO를 통한 자금 조달도 계획 중이다. 지난 2024년 대표 주관사로 신한투자증권, 공동 주관사로 NH투자증권을 선정해 상장을 준비해왔다. 현재 지정감사인 신청과 감사보고서 작성을...",https://www.thebell.co.kr/free/content/ArticleView.asp?key=202604011536181040102229,4,,1
"BNK자산운용, 코스닥 공모주 30% 우선배정 펀드 출시",BNK자산운용은 IPO 및 상장 이후(Post-IPO) 투자 경험과 철저한 기업 분석 역량을 바탕으로 저평가된 우량 공모주를 선별한다. 또한 적극적인 의무보유 확약 전략을 활용해 코스닥벤처펀드의 수익률 제고를 추진한다....,http://www.ttlnews.com/news/articleView.html?idxno=3095884,6,,1
"BNK자산운용, 코스닥벤처펀드 출시…공모주·절세 혜택 동시 겨냥","BNK자산운용은 공모주 투자뿐 아니라 상장 이후 주가 흐름까지 함께 보는 포스트 기업공개 (IPO) 전략, 스팩, 유상증자, 블록딜 등 이벤트 드리븐 전략을 함께 병행할 계획이다. 스팩은 비상장 기업과의 합병을 목적으로...",http://www.popcornnews.net/news/articleView.html?idxno=117454,7,,1
세제혜택·성장성 두마리 토끼 잡는다… BNK코스닥벤처펀드 출시,"BNK자산운용은 IPO와 상장 이후 투자 경험, 기업 분석 역량을 토대로 저평가 공모주를 선별하고 의무보유 확약 전략 등을 활용해 수익률을 높인다는 방침이다. 시장 환경도 우호적이다. 정부와 금융당국은 코스닥 시장...",https://view.asiae.co.kr/article/2026040315075387431,7,,1
"BNK자산운용, 코스닥벤처펀드 출시…절세·성장 동시 노린다",이를 바탕으로 BNK자산운용은 IPO 및 상장 이후 투자 경험과 기업 분석 역량을 활용해 저평가된 우량 공모주를 선별하고 의무보유 확약 전략 등 다양한 방식으로 수익률 제고를 추진할 계획입니다. 시장 환경 역시...,https://www.inthenews.co.kr/news/article.html?no=85170,6,,1
나홀로 역성장에 오버행 우려까지…케이뱅크 '고전',주요 재무적 투자자(FI)인 외국계 사모펀드 운용사 베인캐피탈은 상장 당일 95만3786주를 주당 9081원에 매도해 약 87억원을 현금화했습니다. 앞서 기업공개(IPO) 단계에서는 증자로 참여했던 FI 4곳이 총 3000만주의...,http://www.newstomato.com/ReadNews.aspx?no=1296653&inflow=N,7,,1
"BNK자산운용, ‘BNK코스닥벤처펀드’ 출시…세제혜택·성장성 동시 공략","이를 바탕으로 IPO 및 상장 이후(Post-IPO) 투자 경험과 기업 분석 역량을 활용해 저평가된 우량 공모주를 선별하고, 의무보유 확약 전략 등을 통해 수익률 제고를 추진할 계획이다. 시장 환경 역시 긍정적이다. 정부와...",https://www.tfmedia.co.kr/news/article.html?no=203378,6,,1
"BNK자산운용, BNK코스닥벤처펀드 출시",코스닥 상장 중소·중견기업의 신주 및 구주에 35% 이상 투자하는 상품이다. 해당 투자 요건을 충족할 경우 코스닥 공모주 물량의 30%를 우선 배정받을 수 있어 기업공개(IPO) 시장에서 보다 폭넓은 투자 전략을 활용할...,https://www.newsis.com/view/NISX20260403_0003577106,6,,1
증시 활황에 거래소 돈벼락?…이사장 고액연봉 ‘눈살’,결국 상장(IPO) 절차가 가시화되지 않는 한 2000억원 출연은 기약이 없는 셈입니다. 거래소는 감사보고서에 '출연 시기가 불확실해 현재가치로 평가하지 않았다'고 명시하며 이를 비유동충당부채로 계상했습니다....,http://www.newstomato.com/ReadNews.aspx?no=1296639&inflow=N,4,,1
"스페이스X가 바꾼 종목 분류... 미래에셋증권, 기존 증권주 잣대 뛰어넘...","실제 이 정도 규모로 상장이 성사되면 사우디 아람코를 넘어서는 사상 최대급 IPO가 될 수 있다. 스페이스X는 xAI를 합병해 로켓, 스타링크, 인공지능 자산을 함께 거느린 구조로 재편된 상태다.미래에셋증권이 공개한...",https://www.insight.co.kr/news/548720,4,,1
스페이스X IPO 돌풍에 글로벌 우주항공 ETF '우후죽순'...편입종목 잘 살...,스페이스X 기업공개(IPO) 기대감이 커지면서 우주 산업에 대한 투자자들의 관심이 높아지고 있다. 이에 주요 자산운용사들이 잇달아 관련 상장지수펀드(ETF)를 신규  상장하는 등 라인업이 확대되며 투자 접근성이...,http://www.seoulwire.com/news/articleView.html?idxno=715053,4,,1
"채비, 美 이브이모드와 캘리포니아 현지 생산 체제 구축","채비는 CPO 업계 최초의 코스닥 시장 상장을 위한 막바지 절차에 돌입했다. 지난 4일 증권신고서를 제출하고 1000만주를 공모한다. 공모가 희망가격은 1만2300~1만5300원으로, 예상 공모 금액은 최대 1530억원이다....",https://www.hankyung.com/article/202604037203r,5,,1
스페이스X 기업가치 2조달러 목표 상장 추진...역대 최대 규모,"씨티그룹, 골드만삭스, JP모건체이스, 모건스탠리가 이름을 올렸다. 앵커 투자자 배정 물량을 제외한 나머지 상장 물량의 상당 부분은 IPO 주관사단이 관리하는 고액 자산가들에게 돌아갈 것으로 전망된다.",https://www.smarttoday.co.kr/ko-kr/articles/106136,5,,1
스페이스X IPO 추진…2조달러 가치 거론,"이 경우 2019년 사우디 아람코의 294억달러를 웃도는 초대형 IPO가 될 수 있다. 회사는 상장 작업을 위해 최소 21개 은행으로 구성된 주관단을 꾸린 것으로 전해졌으며, 일부 중동 자금을 포함한 기관투자가와 앵커 투자...",https://www.mstoday.co.kr/news/articleView.html?idxno=101076,8,,1
"혁단협, 코스닥 1·2부 리그 개편 우려…""시장 왜곡·낙인 효과 초래""","IPO(기업공개) 시장에도 악영향을 미쳐 회수 시장이 침체할 가능성이 있다는 우려도 표했다. 혁단협은 ""신규 상장기업이 상장 직후부터 '프리미엄'군에 편입되기 어려운 구조라면 국내 상장의 유인 자체가 약화될 수 있다""며...",https://www.mt.co.kr/future/2026/04/03/2026040308581733856,6,,1
"[메모리 마켓워치] CXMT, IPO 일시중지… 삼성·SK, 반짝 숨통",IPO 일시중지…재무자료 유효기간 만료 3일 외신과 업계에 따르면 상하이증권거래소는 최근 창신메모리의 과학창업판(커촹반·科創板) IPO 심사 상태를 '중지'로 변경했다. 상장신청서에 포함된 재무자료의 유효기간이...,https://www.bloter.net/news/articleView.html?idxno=658564,4,,1
[기업家] 스페이스X ㅣ 기업가치 2조달러 도전…사상 최대 IPO로 우주 산...,이 같은 성과는 미국 우주개발기업 스페이스X의 상장(IPO) 추진 소식과 미국 소형발사체 기업 로켓랩의 주가 급등에 영향을 받은 것으로 나타났다. 로켓랩은 이달 1일 40달러에서 19일 70.52달러까지 오르며 약 75%의...,https://www.cbci.co.kr/news/articleView.html?idxno=565366,6,,1
"스페이스X, 6월 IPO 전망…일론 머스크 테슬라·xAI '겹악재' 속 행보 주...","스페이스X의 상장이 6월로 예상되면서 테슬라·xAI·로드스터의 겹악재 속 일론 머스크의 행보가 주목된다. [사진: 셔터스톡] 스페이스X가 1일(이하 현지시간) 기업공개(IPO) 관련 서류를 제출하며, 이르면 6월 S-1...",https://www.digitaltoday.co.kr/news/articleView.html?idxno=653239,4,,1
"'한화·현대차 업은' 보원케미칼, 車 내장재 점유율 80%에 독보적 태양광...","허찬회 보원케미칼 대표는 기업공개(IPO) 기자간담회를 통해 ""그동안 공급망의 뒤편에서 내실을 다져왔다면, 이번 상장을 계기로 기술과 제품의 주도권을 쥐고 전면으로 나설 것""이라며 ""연구개발(R&D) 역량 강화와...",http://www.newsprime.co.kr/news/article.html?no=729172,4,,1
"[마키나락스 IPO] FI 엑시트 줄대기, 오버행 우려 커진다","2023년 프리 IPO 과정에서는 1만8961원으로 정점을 찍었다. 상장예심을 철회한 뒤 첫 투자였던 2024년 말에는 9200원, 지난해에는 1만1500원을 기록했다. 현재 공모가 희망밴드(1만2500~1만5000원)를 감안하면 사전 투자 차익...",https://www.the-stock.kr/news/articleView.html?idxno=32300,4,,1
"드라이브포스, 친환경 선박 추진시스템 기반 Pre-IPO 추진","㈜드라이브포스가 4월 1일부터 Pre-IPO 투자 유치에 나섰다. 드라이브포스는 부산에 본사를 둔 친환경 선박... 회사는 현재 2027년 코스닥 상장을 목표로 준비를 병행 중이며, 일반상장과 성장성 특례상장 등 상장 방안도 함께...",https://www.fntoday.co.kr/news/articleView.html?idxno=381476,6,,1
"美 벤처 자본, AI 중심으로 1분기 383조 원 유치 '기록'","IPO 시장에서도 긍정적인 신호가 있었으며, 이번 분기에 벤처 지원 상장 15건이 이루어졌다. 이러한 수치는 2025년보다 다소 높은 수준이지만, 역사적 평균보다는 여전히 낮은 수준이다. 이번 분기 벤처...",https://www.tokenpost.kr/news/economy/346013,4,,1
"빗썸, IPO 2028년 이후로 다시 연기…신뢰 회복이 우선 과제로","‘수요’보다 ‘기초 체력’…상장 전략 변화 빗썸은 삼정KPMG를 IPO 자문사로 선정하고 회계 정책과 내부 통제 강화에 착수했다. 이는 통상 상장 직전 단계에서 진행되는 작업이지만, 이번 경우처럼 일정 자체를...",https://www.tokenpost.kr/news/blockchain/346010,4,,1
"KB증권, ECM 1위에서 6위로…대형 딜 부재에 순위 급락","1분기 IPO 주관 실적은 총 8372억원으로 전년 대비 55.8% 감소했고, 상장 기업 수 역시 크게 줄었다. 유상증자 시장 역시 감소세를 보이며 전반적인 딜 환경이 악화됐다. 다만 시장은 2분기 이후 반등 가능성에 주목하고...",http://www.press9.kr/news/articleView.html?idxno=74556,5,,1
"‘1000억 패소’ 스마일게이트, 2600억 추가배상?",라이노스는 스마일게이트가 계약대로 주식시장 상장(IPO)을 추진하지 않아 손해를 봤다며 2023년 11월 1000억원을 청구하는 소송을 제기했다. 재판부는 “이 사건 전환권은 자본으로도 부채로도 분류할 수 있다”고...,https://www.naeil.com/news/read/583910?ref=naver,5,,1
"벤처업계 ""코스닥 승강제, 해외 상장·상장 포기로 이어질 수도""","아울러 이번 발표가 IPO 시장에도 적지 않은 영향을 미칠 것으로 내다봤다. 혁단협은 ""신규 상장기업이 상장 직후부터 '프리미엄'군에 편입되기 어려운 구조라면 국내 상장의 유인 자체가 약화할 수 있다""며 ""이는 상장 준비...",https://view.asiae.co.kr/article/2026040312290689325,6,,1
"'사상 최대 IPO' 스페이스X, 기업가치 목표 '3천조원'으로 높여",AFP=연합뉴스  사상 최대규모 기업공개(IPO)를 기록할 것으로 예상되는 미국 항공우주 기업 스페이스X가 상장을 앞두고 목표 기업가치를 3000조원 이상으로 높인 것으로 알려졌다. 2일(현지시간) 스페이스X가...,http://www.newsfc.co.kr/news/articleView.html?idxno=77850,4,,1
"스페이스X, SEC에 비공개 상장 신청…기업공개 절차 착수",이는 지금까지 미국 기업공개(IPO) 최대 기록의 약 3배에 달하는 규모다. 3일 업계에 따르면 스페이스X는 최근 미국 증권거래위원회(SEC)에 비공개 방식의 상장 예비심사 신청서를 제출했다. 비공개 신청은 재무 정보...,http://www.seouleconews.com/news/articleView.html?idxno=90423,4,,1
"""코스닥 '2부 리그' 시장 왜곡·낙인효과""…벤처업계, 승강형 세그먼트...","IPO 시장 영향도 우려했다. 신규 상장기업이 상장 직후 '프리미엄'군에 편입되기 어려운 구조라면, 국내 상장 유인이 약화될 수 있다는 설명이다. 이는 해외 상장 선호 확대나 상장 연기·포기로 이어질 수 있으며...",https://www.m-i.kr/news/articleView.html?idxno=1361338,6,,1
중국 유니트리 IPO 본격화....中 로봇기업 시대 열리나,중국 로봇기업 유비테크와 함께 로봇산업을 이끄는 양대 기업으로 꼽히는 유니트리의 기업공개(IPO)가 본격화되고 있다. 지난 2023년 홍콩증시에 상장한 유비테크도 최근 호실적을 발표해 중국 로봇기업에 대한...,http://www.choicenews.co.kr/news/articleView.html?idxno=163280,5,,1
"스페이스X 6월 증시 입성…'2조 달러' 몸값, 테슬라 시총 넘본다","테슬라 최고경영자 일론 머스크가 이끄는 우주 기업 스페이스X가 미국 증권거래위원회(SEC)에 비공개 예비 상장 심사 신청서를 제출하며 본격적인 기업공개(IPO, 비상장 기업이 주식을 공개하여 시장에 내놓는 것)...",https://www.wikitree.co.kr/articles/1129552,6,,1
"두나무, 실적 부진에 네이버 합병 지연까지…오경석 “IPO 반드시 갈것”",두나무는 네이버와 합병을 마치면 상장에 나설 계획이다. 지난달 말 오경석 두나무 대표는 주주총회에서 IPO 계획과 관련해 “네이버파이낸셜과의 합병이 마무리되면 적극적으로 상장 추진을 계획하고 있다”고 말했다.,https://www.mydaily.co.kr/page/view/2026040310341020077,5,,1
"'사상 최대 기업 공개' 스페이스X, 기업 가치 목표 3천조 원",사상 최대 규모 기업 공개(IPO)를 기록할 것으로 예상되는 미국 항공우주 기업 스페이스X가 상장을 앞두고 목표 기업 가치를 한층 높인 것으로 확인됐습니다. 블룸버그 통신은 현지시간 2일 스페이스X가 기업가치를...,https://science.ytn.co.kr/program/view.php?mcd=0082&hcd=&key=202604031102431010,4,,1
"초정밀 모션시스템 기업 '져스텍', 코스닥 상장 예비심사 승인","져스텍은 증권신고서 제출을 위한 제반 사항을 준비한 뒤 본격적인 기업공개(IPO) 절차에 착수할 예정이다. 상장 주관사는 삼성증권이다. 1999년에 설립된 져스텍은 반도체 및 디스플레이 공정과 산업용 로봇, 인공위성 등에...",https://www.datanet.co.kr/news/articleView.html?idxno=210681,6,,1
한앤컴퍼니 ‘중고차 1위’ 케이카 매각,한앤코는 앞서 2021년 케이카를 중고차 기업 최초로 유가증권시장(KOSPI)에 상장한 바 있다. PEF 소유 기업의 성공적인 기업공개(IPO) 사례로 주목받았다. 이 과정에서 약 3000억원의 구주 매출을 통해 이미 투자 원금...,https://biz.heraldcorp.com/article/10709442?ref=naver,4,,1
"스페이스X, 상장 앞두고 목표 기업가치 3000조원 설정","사상 최대 IPO 예상…6월 상장 목표 미국 항공우주 기업 스페이스X가 사상 최대규모 기업공개(IPO)를 기록할 것으로 예상되는 가운데, 상장을 앞두고 목표 기업가치를 3000조원 수준으로 높인 것으로 확인됐다....",https://www.sisajournal.com/news/articleView.html?idxno=368136,4,,1
"드라이브포스, Pre-IPO 착수...친환경 선박·전력변환 사업 확대","부산 소재 친환경 선박 추진시스템 전문기업 ㈜드라이브포스가 지난 1일부터 Pre-IPO(상장 전 지분 투자) 유치에 착수했다고 3일 밝혔다. 회사는 2027년 코스닥 상장을 목표로 상장 준비를 진행 중이며, 일반상장과 성장성...",https://www.esgeconomy.com/news/articleView.html?idxno=15069,6,,1
"스페이스X IPO 임박, 美 ETF 시장 지각변동 예고",2019년 사우디 국영 석유기업 아람코가 기록한 290억달러를 넘어서는 역대 최대 IPO 규모다. 스페이스X 상장은 나스닥100 지수에도 변화를 예고한다. 시장에서는 스페이스X가 상장 후 나스닥100 내 비중 상위 5위권에...,https://biz.heraldcorp.com/article/10709419?ref=naver,5,,1
"[CEO 리포트] 이재원 빗썸 대표, 연임 성공…""IPO·수익구조 개선 과제""",IPO도 핵심 과제 중 하나다. 빗썸은 당초 올해 상반기 코스닥 상장을 목표로 했지만 이번 주주총회에서 상장 시점을 2028년 이후로 조정했다. 대신 2027년까지 회계 정책 정비와 내부통제 강화에 집중한다는 방침이다....,https://daily.hankooki.com/news/articleView.html?idxno=1354871,6,,1
유럽 첫 온체인 IPO 추진…자본시장 토큰화 시험대 올랐다,프랑스 파리의 라이트닝 증권거래소 ‘리즈(Lise)’가 유럽 최초의 ‘온체인 IPO’를 추진하며 자본시장 토큰화의 시험대에 오른다. 리즈는 4월 9일 프랑스 항공우주 부품업체 ‘ST 그룹(ST Group)’을 상장할 계획이라고...,https://www.tokenpost.kr/news/blockchain/345957,4,,1
"스마일게이트, IPO 소송 1심 패소…""법리적 다툼"" 예고",법원 “상장 의무 회피 주장 신의칙 위반” 로스트아크 흥행 후 IPO 미추진 쟁점 스마일게이트 “판결 검토 후 항소 예정” [서울타임즈뉴스 = 서연옥 기자] 스마일게이트가 기업공개(IPO) 추진을 둘러싼 소송 1심에서...,https://www.seoultimes.news/news/article.html?no=2000094806,4,,1
"'초정밀 모션시스템' 져스텍, 코스닥 상장 예비심사 승인","글로벌 시장 진출을 통해 견조한 성장세를 이어가도록 노력하겠다""고 덧붙였다. 져스텍은 증권신고서 제출을 위한 제반 사항을 준비한 뒤 본격적인 기업공개(IPO) 절차에 착수할 예정이다. 상장 주관사는 삼성증권이다.",https://www.widedaily.com/news/articleView.html?idxno=291588,6,,1
"""테슬라 팔고 갈아탈까?""…스페이스X, IPO 몸값 '2조 달러' 상향",스페이스X는 이르면 오는 6월 상장을 목표로 비밀리에 상장 서류를 제출한 상태다. 이번 IPO를 통해 조달하려는 자금 규모는 최대 750억 달러(약 101조 원)에 달할 것으로 추산된다. 이는 지난 2019년 사우디 아람코가 세운...,https://www.newsis.com/view/NISX20260403_0003576790,5,,1
2차전지 공격 투자 고전…‘범 GS가’ 코스모그룹 로봇기업 상장으로 반...,"회사 측은 자금 조달을 위해 허경수 회장이 보유한 코스모앤컴퍼니 지분 100%에 대한 1순위 근질권, 코스모화학에 대한 근질권, 기업공개(IPO·상장)를 추진하는 코스모로보틱스 주식에 대한 처분 권리 등을 담보로...",https://ilyo.co.kr/?ac=article_view&entry_id=510242,5,,1
"[조간브리핑]한국 큐브위성 'K-라드큐브', 아르테미스 2호에 실려 우주...","[조선일보]스페이스X, IPO 신청서 비공개 제출···6월 상장 본격화 일론 머스크<사진> 테슬라 최고경영자(CEO)의 우주 기업 스페이스X가 기업공개(IPO) 절차에 본격 착수했다. 스페이스X의 IPO는 규모가 클 뿐 아니라...",http://www.hellodd.com/news/articleView.html?idxno=111362,4,,1
"스마일게이트, IPO 소송 1심 패소…“1000억원 배상” 판결",라이노스자산운용은 스마일게이트가 상장 요건을 충족했다고 판단하고 2022년 6월2일 서면으로 IPO를 요구했다. 다만 스마일게이트는 2021년까지 회계상 자본으로 분류했던 CB를 부채로 분류했다. 그 결과 당기순손실...,https://www.kukinews.com/article/view/kuk202604030072,4,,1
스페이스X 몸값 3000조원 도전...사상 최대 IPO ‘눈앞’,시장에서는 이번 상장이 오픈AI와 앤스로픽으로 이어질 초대형 IPO 흐름의 출발점이 될 것이라는 관측도 나온다. 다만 시장 일각에서는 신중론도 제기된다. 투자자들이 이 같은 고평가를 수용할 수 있을지...,https://www.sedaily.com/article/20027956?ref=naver,4,,1
"스페이스X, IPO 몸값 2조달러 정조준…사상 최대 상장 도전",상장이 성사되면 사상 최대 규모 IPO가 될 수 있다는 관측이 나온다. 3일 블룸버그통신은 스페이스X가 IPO에서 2조달러를 웃도는 기업가치를 목표로 하고 있다고 보도했다. 이는 앞서 거론된 1조7500억달러(약...,https://www.ajunews.com/view/20260403110442535,5,,1
"[더벨][KG그룹 케이카 인수] '바이아웃 강자' 한앤코, 케이카 매각으로...","SK엔카 직영사업부 인수를 시작으로 기업공개(IPO), 상장 후 배당, 이번 KG그룹으로의 매각까지 이어지는 3단계 회수 구조를 완성하면서다. 초기 투자금 대비 회수 규모(MOIC)는 최소 4배를 웃도는 것으로 추산된다....",https://www.thebell.co.kr/free/content/ArticleView.asp?key=202604011022129160107156,4,,1
"CJ올리브영 IPO 멀어졌지만 … CJ 밸류↑, 이선호 장악력↑","이경연 대신증권 연구원은 최근 CJ에 대해 ""핵심 자회사인 CJ 올리브영이 중복상장 규제 강화로 기업공개(IPO) 실현 가능성이 낮아졌다""며 ""이는 핵심 자회사의 가치가 지주사인 CJ에 온전히 귀속될 수 있다는 의미""라고...",https://www.ilovepc.co.kr/news/articleView.html?idxno=58795,4,,1
"[N2 뷰] 미리디, 매출 940억 ‘폭풍 성장’ 이면의 적자 전환...IFRS 카드...","압도적인 영업 현금흐름으로 전환해야 [뉴스투데이=임성지 기자] 미리디가 지난해 최대 실적을 썼지만, 적자를 감수한 ‘IFRS 자발적 도입’ 카드를 꺼내며 본격적인 상장(IPO) 준비에 돌입했다. 국내 최대 사스(SaaS)...",https://www.news2day.co.kr/article/20260403500124,5,,1
"우버 ""확인 불가""·카카오 ""사실무근""… 인수설 속 수수료 논란에 택시...","그러나 시장에서는 IPO 무산 이후 지분 매각 가능성이 꾸준히 제기돼 온 만큼, 단순 해프닝으로 보기는... 투자업계 관계자는 ""카카오모빌리티는 상장도, 매각도 규제에 막힌 사례""라며 ""좋은 자산이지만 정책 리스크 때문에...",https://www.greened.kr/news/articleView.html?idxno=338816,5,,1
"'한국판 로레알·10조 몸값' 구다이글로벌, IPO 준비 분주","'한국판 로레알'로 불리는 구다이글로벌이 기업공개(IPO)를 앞두고 상장 준비에 속도를 내고 있다. 브랜드 인수·육성을 기반으로 한 사업 모델을 앞세워 외형 성장을 이어온 가운데, 수익성 개선과 글로벌 확장 전략을...",http://www.seoulwire.com/news/articleView.html?idxno=714995,4,,1
"드라이브포스, Pre-IPO 본격화… 친환경 선박 추진시스템 기반 성장세 이...","친환경 선박 추진시스템 전문기업 ㈜드라이브포스가 4월 1일부터 Pre-IPO 투자 유치에 돌입했다고 밝혔다.... 회사는 2027년 코스닥 상장을 목표로 관련 절차를 준비 중이며, 일반상장과 성장성 특례상장 가능성을 함께...",https://www.dt.co.kr/article/12055528?ref=naver,6,,1
"상장 앞둔 스페이스X, 기업가치가 3천조?… 美 5위권 시총",일론 머스크 테슬라 최고경영자(CEO)의 미국 항공우주 기업 스페이스X가 기업공개(IPO) 과정에서 기업가치를 2조달러(약 3022조원) 이상으로 제시하며 사상 최대 규모 상장에 나섰다. 3일 블룸버그통신에 따르면...,https://it.chosun.com/news/articleView.html?idxno=2023092159785,5,,1
"드라이브포스, Pre-IPO 투자 유치 착수",Pre-IPO 투자 유치에 돌입한다고 밝혔다. 드라이브포스는 전기 및 하이브리드 선박 추진시스템과... 드라이브포스는 2027년 코스닥 상장을 목표로 상장 준비도 병행하고 있다. 일반상장과 성장성 특례상장 등 다양한 방안을...,https://biz.chosun.com/industry/business_info/2026/04/03/XMM76RZ54FFA3F7XM5A7JAYTPU/?utm_source=naver&utm_medium=original&utm_campaign=biz,6,,1
"""'IPO 최대어' 스페이스X, 나스닥·S&P500 기존 종목 수급 압박 우려""","스페이스X는 미국 증권거래위원회(SEC)에 IPO 관련 서류를 비공개로 제출했다. 딜의 내부 코드명은 'Project Apex'로, 머스크는 오는 6월 상장을 내부 목표로 설정하고 있다. 예상 공모 조달 규모는 400억에서 800억 달러다....",https://news.einfomax.co.kr/news/articleView.html?idxno=4407591,5,,1
"[Tech & Now] 져스텍, 코스닥 상장 예비심사 통과…본격 IPO 착수 등","◆져스텍, 코스닥 상장 예비심사 통과…본격 IPO 착수 초정밀 모션제어 기업 져스텍은 지난 2일 한국거래소 코스닥시장본부로부터 소부장(소재·부품·장비) 기술특례 상장을 위한 예비심사 승인을 받았다고 3일 밝혔다....",https://www.ebn.co.kr/news/articleView.html?idxno=1704355,6,,1
9년 만에 빛 보는 IPO 코너스톤 제도…'공모 왜곡' 우려서 '단타 억제' 기...,"코너스톤 투자자 제도는 증권신고서 제출 전, IPO 기업과 상장 주관사가 기관투자자를 유치할 수 있도록 하는 장치다. 프리IPO와 같은 상장 전 투자 유치와 달리, 공모주 자체를 배정하는 방식이다. 일종의 사전 수요조사가...",https://news.einfomax.co.kr/news/articleView.html?idxno=4407585,4,,1
[#IT라운지] 카카오-스폰지밥 '협업'·마리트-캐나다관광청 '파트너십'·...,"미리디는 성장 동력을 바탕으로 2027년 상장을 목표로 기업공개(IPO)를 준비 중이다. 성장을 위한 과감한 투자도 돋보인다. 미리디는 자체 디자인 AI 엔진 '미리클넷' 개발과 핵심 인재 채용, 북미·남미 등 글로벌 현지...",https://www.newsworks.co.kr/news/articleView.html?idxno=836518,4,,1
"드라이브포스, Pre-IPO 투자 유치…친환경 선박 시스템 사업 확대","친환경 선박 추진시스템 전문기업 ㈜드라이브포스가 4월 1일부터 Pre-IPO 투자 유치 절차를 본격화한다고... 회사는 2027년 코스닥 상장을 목표로 상장 준비를 진행 중이며, 일반상장과 성장성 특례상장 등을 포함한 다양한...",https://www.hankyung.com/article/202604036497O,6,,1
[N2 증시 풍향계] 광통신·재생에너지·스페이스X 테마 ‘불기둥’…넥...,"목표로 삼았다고 소식통을 인용해 2일(현지시각) 보도했다. 상장이 현실화될 경우 글로벌 최대 규모 IPO가 될 전망으로, 우주 산업 전반에 대한 투자 기대와 함께 관련 국내 기업들의 수혜 기대도 커지고 있다.",https://www.news2day.co.kr/article/20260403500104,4,,1
증시 불안에 IPO 투심도 꽁꽁…지난달 예비심사 4곳 그쳐,"대형 IPO 후보군들이 정부의 중복 상장 원칙 금지 기조에 따라 상장을 철회하며 제동이 걸리는 분위기""라고 설명했다. 강 연구원은 ""금융위원회가 올해 2분기까지 중복 상장 방지 관련 구체적 심사 기준을 확정하겠다고...",https://www.newsis.com/view/NISX20260403_0003576379,17,,1
'코너스톤 투자자' 도입 가시화,"증권업계 한 관계자는 ""코너스톤 제도가 도입되면 기업은 장기적인 주가 안정화를 도모할 수 있고, 투자자들은 상장 후 안정적인 주가 흐름 내에서 차익실현이 가능하다""며 ""대형 기관 입장에서는 IPO 과정에서 우량...",http://www.inews24.com/view/1956651,5,,1
"'역대급 IPO' 스페이스X, 기업가치 3천조 목표",미국 항공우주 기업 스페이스X가 본격적인 기업공개(IPO)를 앞두고 기업가치 목표를 대폭 상향했다. 사상... 스페이스X는 오는 6월 상장을 목표로 하고 있으며 전날 미국 증권거래위원회(SEC)에 비공개로 예비...,https://www.safetimes.co.kr/news/articleView.html?idxno=241495,4,,1
"'로아' 대박에도 IPO 회피... 스마일게이트, 미래에셋에 1000억 배상",서울중앙지법이 스마일게이트의 IPO 의무 회피를 인정하며 미래에셋증권에 1000억 원 배상 판결을 내렸다.... 계약서에는 스마일게이트RPG의 당기순이익이 120억 원 이상일 경우 상장을 추진한다는 조항이 포함됐다....,https://www.insight.co.kr/news/548675,5,,1
"1000억 내놔야 할 스마일게이트, '로스트아크' 투자자에 '적자 기업' 행...",스마일게이트 사옥 전경'로스트아크'로 알려진 스마일게이트RPG가 기업공개(IPO) 약속을 저버리고 투자자의 정당한 투자 회수 기회를 박탈했다는 법원 판결이 나왔다. 회사 측이 2022년 상장을 준비하는 과정에서...,https://news.mtn.co.kr/news-detail/2026040222211030690,4,,1
아주IB투자·미래에셋벤처투자 등 스페이스X株 상승...기업가치 상향,"기업공개(IPO) 신청서를 비공개 제출했다. 또한 최대 2조 달러(약 3022조원)의 기업가치를 평가받는 것을 목표로 두고 있다. 스페이스X는 올해 6월 상장을 추진하고 있으며, 성공적으로 상장할 경우...",https://www.gukjenews.com/news/articleView.html?idxno=3547851,5,,1
스페이스X 3000조 IPO 기대…우주 ETF 투자판 커진다,이 같은 흐름의 배경에는 SpaceX IPO 기대감이 있다. 스페이스X는 최근 미국 증권거래위원회(SEC)에 비공개 상장 신청서를 제출하며 기업공개 절차에 돌입했다. 시장에서는 당초 기업가치 1조7000억달러 수준이...,https://www.imaeil.com/page/view/2026040309383633836,5,,1
"‘역대 최대 IPO’ 스페이스X, 몸값 목표 더 올랐다…3천조원으로 상향",당초보다 14%↑…상장시 美 시총 6위 전망 사상 최대규모 기업공개(IPO)를 기록할 것으로 예상되는 미국 항공우주 기업 스페이스X가 상장을 앞두고 목표 기업가치를 한층 높인 것으로 확인됐다. 블룸버그통신은 2일...,https://www.mk.co.kr/article/12007032,4,,1
"스마일게이트, IPO 소송 1심 패소…""항소로 대응""",이에 라이노스자산운용은 상장 요건이 충족됐다고 보고 2022년 6월 IPO 이행을 공식 요구했다. 하지만 스마일게이트는 같은 해 전환사채의 회계 분류를 자본에서 부채로 변경하면서 1426억원 규모의 당기순손실이...,https://www.ezyeconomy.com/news/articleView.html?idxno=234311,4,,1
"[AI의 종목 이야기] 1분기 홍콩증시 IPO 조달자금, 5년래 최고치",1분기 홍콩 IPO 시장의 핵심 원동력은 대형 기업들의 연이은 상장에서 비롯됐다. 목원식품(002714.SZ/2714.HK)과 둥펑음료(605499.SH/9980.HK) 등 내륙 선도 기업 두 곳이 연달아 홍콩증시에 입성하며 각각 단일 모금액...,https://www.newspim.com/news/view/20260403000214,4,,1
"""스페이스X, 기업가치 목표 2조달러로 상향""",비공개로 상장신청서를 제출하면 재무정보를 공개하지 않고도 상장 절차를 진행할 수 있다. 블룸버그는 스페이스X가 IPO를 통해 최대 750억달러를 조달할 수 있다고 설명했다. 이는 2019년 사우디 아람코가 기록한...,https://view.asiae.co.kr/article/2026040309214215868,5,,1
"'사상 최대 IPO' 스페이스X 기업가치 3000조원…머스크, 113조 조달",앞서 스페이스X는 미국 증권거래위원회(SEC)에 상장 예비 심사신청서를 비공개로 제출했다. 상장 시점은 오는 6월로 예상된다. 스페이스X는 위성 기반 인터넷 사업 '스타링크'와 대형 우주선 스타십 사업 등을...,http://www.opinionnews.co.kr/news/articleView.html?idxno=136193,4,,1
"[카드] 져스텍, 기술특례 상장 승인…코스닥 입성 절차 돌입",기술특례 상장을 위한 예비심사 승인을 받았다고 3일 밝혔다. 져스텍은 증권신고서 제출을 위한 제반 사항을 준비한 뒤 본격적인 기업공개(IPO) 절차에 착수할 예정이다. 상장 주관사는 삼성증권이다.,http://www.newsprime.co.kr/news/article.html?no=729138,6,,1
"부산창경 보육 기업, 시니어 업계 첫 ‘기업 공개’ 추진","케어닥은 현재 진행 중인 프리IPO를 통해 200억원 규모 이상의 투자금을 확보한 뒤 2027년 연내 상장을 목표로 하고 있다. 케어닥은 시니어하우징, 돌봄 매칭, 간병 및 방문 요양 등 시니어케어 전 영역에서 빠른 성장세를...",http://www.metroseoul.co.kr/article/20260402500654,4,,1
"스페이스X, IPO 목표 기업가치 2조달러 상향…최대 750억달러 조달 추진","상장은 이르면 6월로 예상되며, 성사될 경우 사상 최대 규모 IPO 중 하나가 될 전망이다. 스페이스X의 기업가치는 수개월 만에 큰 폭으로 높아졌다. 앞서 2월 일론 머스크 산하 xAI를 인수한 이후 합병 회사의...",https://www.tokenpost.kr/news/breaking/345871,5,,1
"머스크 스페이스X, IPO서 기업가치 3000조원으로 상향",블룸버그는 전날 스페이스X가 6월 상장을 목표로 비공개로 IPO를 신청했다고 보도했다. 스페이스X의 상장은 최대 750억 달러(약 113조원)의 자금을 조달할 것으로 예상된다. 이는 2019년 사우디 아람코가 기록한 290억...,http://www.edaily.co.kr/news/newspath.asp?newsid=02988086645412512,5,,1
[굿모닝! 글로벌 뉴욕증시] 트럼프 대국민 연설 실망감 속.. 이란-오만 ...,올해 기업공개(IPO) 최고 기대주인 일론 머스크의 항공우주 기업 스페이스 X가 상장 절차에 돌입했다는 소식에 로켓랩은 3.37% 올랐고. 인튜이티브 머신스는 18.53% 급등했다. 블루아울 캐피털이 사모신용 펀드 환매를...,https://www.newsquest.co.kr/news/articleView.html?idxno=264206,4,,1
"머스크의 스페이스X, 6월 상장 추진...기업가치 2조달러 목표 [지금이뉴...",사상 최대규모 기업공개(IPO)를 기록할 것으로 예상되는 미국 항공우주 기업 스페이스X가 상장을 앞두고 목표 기업가치를 한층 높인 것으로 확인됐습니다. 블룸버그 통신은 2일(현지시간) 스페이스X가 기업가치를...,https://www.ytn.co.kr/_ln/0134_202604030903299623,5,,1
"이정훈 의장 친인척 보안업체, 자회사 편입 빗썸… 무슨 일?","전문가들은 기업공개(IPO)를 추진하는 빗썸이 향후 잠재적 리스크를 사전에 정리하려는 조치로 풀이한다.... 당초 올해 상반기 상장을 목표로 했던 빗썸은 일정을 오는 2028년 이후로 미뤘다. 한 법조계 관계자는 ""현재...",https://it.chosun.com/news/articleView.html?idxno=2023092159732,4,,1
담배 피우며 반도체 만든다? 일론 머스크의 '테라팹' 현실성 있을까 [스...,결국 목표는 스페이스X 상장? 미래 먹거리 산업인 반도체 시장에서 IDM 모델을 고수하려는 기업은 수없이... 또 하나 주목할 건 올해에 스페이스X의 IPO가 예정되었다는 겁니다. 일론 머스크는 자신이 그리는 우주...,https://news.sbs.co.kr/news/endPage.do?news_id=N1008502781&plink=ORI&cooper=NAVER,4,,1
"혁신벤처단체協 ""코스닥 1·2부 방식은 시장 왜곡·낙인효과 초래""","이어 ""신규 상장기업이 상장 직후부터 프리미엄군에 편입되기 어려운 구조라면 국내 IPO 유인이 떨어질 수 있다""며 ""이는 상장 연기·포기, 해외 상장 선호 확대로 이어져 회수시장 위축과 민간 벤처투자 감소라는 악순환을...",https://www.news1.kr/industry/sb-founded/6124133,6,,1
"채비, 53조 북미 충전 인프라 시장 정조준…캘리포니아 생산 거점 구축",한편 채비는 전기차 충전 인프라 운영 사업자 가운데 처음으로 코스닥 상장을 추진 중이다. 이번 기업공개(IPO)를 통해 총 1000만 주를 공모할 예정이다. 희망 공모가 범위는 1만2300원~1만5300원으로 공모 규모는...,https://biz.chosun.com/stock/stock_general/2026/04/03/AZCNFX6TSZHCJKLSCTYYA6DE4I/?utm_source=naver&utm_medium=original&utm_campaign=biz,6,,1
"져스텍, 코스닥 상장 예비심사 승인",져스텍은 증권신고서 제출을 위한 제반 사항을 준비한 뒤 본격적인 기업공개(IPO) 절차에 착수할 예정이다. 상장 주관사는 삼성증권이다. 회사에 따르면 1999년에 설립된 져스텍은 반도체 및 디스플레이 공정과 산업용...,https://www.newspim.com/news/view/20260403000102,6,,1
"“코스닥 승강제, 혁신기업 낙인효과 우려”…벤처업계 신중한 정책 설...",IPO 시장에도 영향이 미칠 수 있다는 우려도 제기됐다. 신규 상장기업이 상장 직후 프리미엄군에 편입되기 어려운 구조가 형성될 경우 국내 상장의 유인이 약화될 수 있다는 것이다. 이는 해외 상장 확대나 상장 연기 등으로...,https://www.etnews.com/20260403000023,6,,1
"져스텍 ""코스닥 상장 예비심사 통과, IPO착수""","져스텍은 증권신고서 제출을 위한 제반 사항을 준비한 뒤 본격적인 기업공개(IPO) 절차에 착수할 예정이다. 상장 주관사는 삼성증권이다. 1999년에 설립된 져스텍은 반도체 및 디스플레이 공정과 산업용 로봇, 인공위성...",https://daily.hankooki.com/news/articleView.html?idxno=1354781,6,,1
"'사상 최대 IPO' 스페이스X, 기업가치 목표 3천조원으로 한층 더 높였다",사상 최대규모 기업공개(IPO)를 기록할 것으로 예상되는 미국 항공우주 기업 스페이스X가 상장을 앞두고 목표 기업가치를 한층 높인 것으로 확인됐다. 연합뉴스와 블룸버그 통신은 2일(현지시간) 스페이스X가...,https://www.tfmedia.co.kr/news/article.html?no=203358,4,,1
"스페이스X, IPO 비공개 신청…연내 상장 기대감 ‘확대’","미국 IPO 절차상 비공개 신청은 통상 상장 예비심사 성격을 띠는 만큼, 향후 SEC 피드백과 서류 보완을 거쳐 공모 구조와 주당 가격 범위 등 세부 조건이 순차적으로 공개될 전망이다. 일론 머스크 스페이스X...",http://www.edaily.co.kr/news/newspath.asp?newsid=02804406645412512,4,,1
"스페이스X, 기업가치 목표 3000조원으로 상향…'사상 최대 IPO'","일론 머스크가 이끄는 항공우주 기업 스페이스X가 상장을 앞두고 목표 기업가치를 3000조원으로 상향... 2조달러 이상의 기업가치를 인정받고 있는 곳은 S&P 500 지수 상장 기업 중 엔비디아, 애플, 구글의 모회사인...",https://www.hankyung.com/article/2026040360567,5,,1
"웨인힐스브라이언트 에이아이 USA, 중기부에 '벤처투자 불공정 관행' 개...","특히 오는 5~6월경 열릴 2차 포럼에서는 'IPO 의무조항' 등 상장 실패 시 발생하는 불합리한 투자금 회수 계약을 주요 안건으로 상정해 개선안을 마련할 계획이다. 또한, 중기부는 이러한 논의 결과를 반영하여 '표준...",https://www.enetnews.co.kr/news/articleView.html?idxno=48431,4,,1
"'사상 최대 IPO' 스페이스X, 기업가치 3000조원으로 상향 재조정","월가 주요 IPO의 경우 개인투자자 배정 비율은 5~10% 수준이다. 그만큼 스페이스X의 배정 비율은 매우 이례적이다. 로이터통신은 ""머스크가 개인투자자들의 '충성도'를 활용해 상장 이후 주가를 안정시키려는 의도""라고...",https://www.etoday.co.kr/news/view/2572355,5,,1
"[더벨]대신증권-스카이워크, 뉴로메카 엑시트…ROI 130% '잭팟'","뷰노, 로보노이, 티로보틱스 등 메자닌 투자를 통해 고수익을 실현했다. 코스닥 시장에 상장한 플라즈맵 등 프리IPO 트랙레코드도 보유하고 있다. 네트워크를 활용해 다수의 증권사 신기술투자사업본부와 협업했다.",https://www.thebell.co.kr/free/content/ArticleView.asp?key=202603311846162720101592,9,,1
스페이스X IPO 몸값 2조달러 추진…“사상 최대 상장 가능성”,"◇“6월 상장 가능성”…초대형 IPO 연쇄 신호탄 스페이스X는 비공개 방식으로 상장 신청을 진행했으며 이르면 6월 상장이 예상된다. 이번 상장은 오픈AI, 앤스로픽 등 대형 인공지능 기업들의 연쇄 상장으로 이어질...",https://www.g-enews.com/view.php?ud=2026040308220493729a1f309431_1,5,,1
"""해외 사업 진출...日 등 동아시아 적극 공략"" [레몬헬스케어 대해부③...","더 완벽한 도약을 위한 필연적인 준비 과정이었죠."" 레몬헬스케어는 최근 코스닥 상장 예비심사 청구를 마치고 기술성 평가에서 A·A라는 우수한 등급을 획득하며 기업공개(IPO) 관문을 넘어섰다. 홍병진 레몬헬스케어...",http://www.edaily.co.kr/news/newspath.asp?newsid=02742086645412512,6,,1
"스페이스X, IPO서 기업가치 목표 2조달러로 상향","블룸버그는 스페이스X가 상장으로 최대 750억달러 규모의 자금을 조달할 수 있다고 전망했다. 이는 2019년 사우디 아람코가 세운 역대 최대 IPO 기록인 290억달러를 압도하는 수준이다. 한편, 스페이스X에 대해 조지...",https://biz.heraldcorp.com/article/10709078?ref=naver,5,,1
"""고래 매수세보다 기관 매도 압력 우위""...XRP 1.30달러 깨지면 1.11달러...","이에 따라 매수 대 매도 비율은 0.9264로 떨어져 공매도 포지션이 우위를 점하고 있음을 보여주었다. 반면 이 같은 약세 심리 속에서도 엑스알피 선물의 미결제 약정은 3% 증가한 24억 6,000만달러를 기록해...",http://coinreaders.com/228709,4,,1
"세 번째 폭락 파동 덮친 비트코, 6만 2000달러 선까지 추락할까",현재 약 820만 개의 비트코인이 손실 상태에 놓여 있으며 파생상품 시장의 포지셔닝 지수 역시 마이너스 3.1로 뚜렷한 공매도 우위를 나타낸다. 엑스알피 역시 주간 1.2% 하락한 1.33달러에 거래되며 전반적인...,http://coinreaders.com/228698,4,,1
"인스코비, 100억원 규모 전환사채 발행 결정","본 건 전환사채의 취득이 금지되는 공매도 거래 기간해당여부아니오시작일-종료일-21. 당해 사채의 해외발행과 연계된 대차거래 내역 - 목적, 주식수, 대여자 및 차입자 인적사항,예정처분시기, 대차조건...",https://www.digitaltoday.co.kr/news/articleView.html?idxno=653547,4,,1
"레이저쎌, 유상증자 통해 109만5461주 발행 결정",청약이 금지되는 공매도 거래 기간해당여부아니오시작일-종료일-19. 공정거래위원회 신고대상 여부미해당20. 기타 투자판단에 참고할 사항 1) 신주의 발행가액 산정방법 : 「증권의 발행 및 공시 등에 관한...,https://www.digitaltoday.co.kr/news/articleView.html?idxno=653540,3,,1
"레이저쎌, 10억원 규모 전환사채 발행 결정","본 건 전환사채의 취득이 금지되는 공매도 거래 기간해당여부아니오시작일-종료일-21. 당해 사채의 해외발행과 연계된 대차거래 내역 - 목적, 주식수, 대여자 및 차입자 인적사항,예정처분시기, 대차조건(기간...",https://www.digitaltoday.co.kr/news/articleView.html?idxno=653541,4,,1
"지놈앤컴퍼니, 유상증자 결정…104만118주 발행",청약이 금지되는 공매도 거래 기간해당여부아니오시작일-종료일-19. 공정거래위원회 신고대상 여부미해당20. 기타 투자판단에 참고할 사항 가. 발행가액 산정방법「증권의 발행 및 공시 등에 관한 규정」제5-18조...,https://www.digitaltoday.co.kr/news/articleView.html?idxno=653422,3,,1
'공매도 지긋지긋하다' 눈뜨고 당했는데…속 터지는 개미들,정부는 작년 3월 30일 약 17개월간 이어진 공매도 전면 금지 조치를 해제했다. 시장 불안에 대한 개인투자자들의 우려는 여전했지만 당시 금융당국은 불법 공매도를 실시간으로 걸러낼 수 있는 ‘공매도 중앙점검시스템...,https://www.hankyung.com/article/2026040377761,4,,1
"클로봇, 유상증자 결정…보통주 549만4500주 발행",청약이 금지되는 공매도 거래 기간해당여부예시작일2026년 04월 04일종료일2026년 07월 10일23. 공정거래위원회 신고대상 여부미해당주1)신주배정기준일 전 주식매수선택권의 권리행사로 인하여 1주당...,https://www.digitaltoday.co.kr/news/articleView.html?idxno=653401,4,,1
삼천당제약에 소송 당한 iM증권…“주가조작”vs“자율적 기업분석” 공...,이에 대해 삼천당제약 측은 증권사가 공매도 세력과 결탁해 의도적으로 악성 정보를 퍼뜨렸다고 주장했다. 전인석 삼천당제약 대표는 “주가 흐름을 보며 참담한 심정”이라며 “유포된 허위 사실은 곧 거짓으로 밝혀질...,https://www.ceoscoredaily.com/page/view/2026040316102766299,7,,1
[공매도 브리핑] 4월 3일 거래대금 2조 200억…퍼시스·골프존 상위,"공매도 거래대금이 하루 만에 큰 폭으로 줄었다. 4월 3일 공매도 거래대금은 2조 200억 원으로 전체 거래대금 대비 4.25%를 기록하며 전일 대비 1조 3,914억 원 감소했다. 시장별로는 코스피와 코스닥 모두...",https://www.topstarnews.net/news/articleView.html?idxno=16024883,7,,1
"[특징주] 논란의 삼천당제약, 나흘 만에 '반등'…기자 간담회 결정","삼천당제약은 ""주가 하락은 기업 가치의 훼손이 아닌악성 루머와 결탁한 공매도 세력의 인위적인 공격이었다""며 ""거래소가 즉각 '공매도 과열 종목'으로 지정해 지난 1일 하루 공매도를 금지시킨 것이 그 증거""라고...",https://www.cstimes.com/news/articleView.html?idxno=700775,4,,1
널뛰는 주식시장에서 역사상 가장 큰돈 번 투자자,리버모어가 스타가 된 것은 1929년 당시 강세장이 약세장으로 바뀌는 타이밍을 잘 포착해 대규모 주식 공매도로 큰 수익을 올렸기 때문이다. 공매도는 주가가 비쌀 때 주식을 빌려서 판 다음 주가가 하락하면 주식을 사서...,https://www.chosun.com/economy/stock-finance/2026/04/03/EXMDUNOZTFDEPDPPU7HKV2C37M/?utm_source=naver&utm_medium=referral&utm_campaign=naver-news,5,,1
"삼천당제약에 무슨 일이?…3거래일 연속 하락, 코스닥 시총 1위에서 4위...",이에 더해 한국거래소가 삼천당제약을 공매도 과열 종목으로 지정하면서 불성실공시법인으로도 지정 예고한 것도 주가 하락에 영향을 미친 것으로 풀이된다. 이에 더해 삼천당제약은 1일 홈페이지에 게시한 긴급...,https://www.thepublic.kr/news/articleView.html?idxno=299842,6,,1
삼천당제약 주가 급락…'공매도 vs 기대 조정' 해석 충돌,"회사 측은 공매도 세력의 개입을 직접적인 원인으로 지목하며 강경 대응을 예고했지만, 시장에서는 기대가... 3일 관련업계에 따르면 삼천당제약은 최근 공지를 통해 ""주가 하락은 악성 루머와 결합된 공매도 세력의 인위적...",https://www.ebn.co.kr/news/articleView.html?idxno=1704352,4,,1
"HD한국조선해양, 2.4조 EB 발행…'지주사 디스카운트' 해소 신호탄 될까","주식을 공매도하는 '헤지 트레이딩'에 나설 가능성이 크기 때문이다. 김 연구원은 ""지주사 주가는 자산 유동화에 따라 긍정적 영향을 받을 수 있지만, 사업회사는 EB 매수자들의 공매도 헤지 트레이딩으로 부정적 영향을...",https://news.bizwatch.co.kr/article/market/2026/04/03/0003,5,,1
"삼천당제약, 공매도 금지 연장 속 36,000원 상승…645,000원 5.91% 강세",코스닥 상장사 삼천당제약이 공매도 거래 금지 연장 조치와 맞물려 상승 흐름을 나타냈다. 4월 3일 장초반... 한국거래소에 따르면 삼천당제약은 코스닥시장 업무규정 제9조의2 및 시행세칙 제8조의5에 따라 공매도...,https://www.cbci.co.kr/news/articleView.html?idxno=565280,5,,1
"예탁원, 차기 사장에 이윤수 전 금융위 상임위원 내정",이 내정자는 자본시장 정책과 불공정거래 대응에 강점을 가지고 있어 예탁원의 본업인 증권 결제·예탁·시장 인프라 등 자본시장 전문성이 강한 인사라는 평가가 나온다.,http://www.joseilbo.com/news/news_read.php?uid=565950&class=77&grp=,10,,1
"울주군, 중동발 위기 대응 콜센터 가동","군은 종량제봉투 수급과 유가 상승 등 생활 불편을 통합 접수하는 콜센터를 운영하고 물가대책상황실을 통해 주요 품목 가격과 불공정 거래를 점검합니다. 또 소상공인 지원과 취약계층 긴급지원, 필수의약품 확보 등 생활...",https://news.kbs.co.kr/news/pc/view/view.do?ncd=8526702&ref=A,0,,0
"포장 용기도 품귀 현상...""배달 중단 사태 우려""","소상공인연합회는 최근 성명을 내고 포장 용기를 생활필수품으로 지정해 불공정 거래 행위를 단속하고 비용 상승분 등에 대한 실질적인 지원을 촉구했습니다. [방경섭/ 한국외식업중앙회 대구광역시지회 북구지부장 ""정부...",https://www.tbc.co.kr/news/view?pno=20260403152203AE08092&id=205111,0,,0
"정왕룡 더불어민주당 김포시장 예비후보, ‘김포 민생지원센터’ 설립...","채무, 불공정 거래 등 경제적 고충을 전문가와 연계해 해결하는 ‘민생 경제 통합 솔루션 제공’ 등이다. 정 예비후보는 “국가와 지자체가 예산을 편성해 놓고도 시민이 신청하지 않는다는 이유로 책임을 방기하는...",https://www.kyeonggi.com/article/20260403580353,0,,0
"중기부, 플라스틱용기 납품대금 연동제 직권조사 착수","불공정 거래행위가 적발될 경우 대·중소기업 상생협력 촉진에 관한 법률에 따라 개선요구, 시정명령, 벌점부과 등으로 엄중하게 대응한다는 방침이다. 중기부는 원재료 수급 불균형이 지속될 경우 피해가 예상되는...",https://medicalworldnews.co.kr/news/view.php?idx=1510973904,0,,0
[뉴스줌인] '약손명가'의 화려한 성공 신화 뒤편…6년간 이어진 법 위반...,한편 이번 사태에서 가맹점주들은 소송과 더불어 약손명가의 불공정거래 행위 신고서 및 불공정약관 등을 공정위에 신고해 공정위의 칼날이 다시 한 번 약손명가를 향할 것으로 보인다. 사진=약손명가 로고,http://www.dailypop.kr/news/articleView.html?idxno=97768,4,,1
"""얼마에 샀는지도 모르고 팔았다""... 주유소 '깜깜이 정산' 끝낸다","사후정산이 과거 판례에서 불공정거래로 보기 어렵다는 판단이 나온 적도 있어 제도를 흑백으로 자르기 쉽지 않다. 다만 고유가 국면에선 가격 결정 구조가 불투명할수록 주유소의 가격 결정이 위축되고, 그 부담이 소비자...",https://www.newsway.co.kr/news/view?ud=2026040311472430383,3,,1
[KAI 대해부]⑥ '방만경영 통제' 거버넌스 관리 모드,"부정부패와 불공정거래, 법률 위반 등 비위 재발을 막기 위해 윤리준법 행동강령에 대한 교육을 제공하고 있으며 비위에 대해 무관용 원칙을 적용하고 있다. KAI의 거버넌스 개선 노력은 지난해...",https://www.bloter.net/news/articleView.html?idxno=658589,3,,1
예탁원 신임 사장에 이윤수 전 금융위 상임위원 내정,"자본시장조사단장, 자본시장국장, 금융정보분석원(FIU) 원장, 증선위원으로 근무했다. 증선위 상임위원 재직 당시에는 '주가조작 근절 합동대응단 출범'과 불공정거래에 대한 '원스트라이크 아웃' 제도 도입을 주도했다.",http://www.seouleconews.com/news/articleView.html?idxno=90428,11,,1
"BGF리테일, 하나은행·한국은행과 프로젝트 한강 '예금 토큰 실증 사업...","다만 디지털 화폐 사용 정보의 기록이 자칫 사생활 침해, 정보의 상업화, 불공정 거래에 이용될 수도 있다고 경고했다. 또 손쉽게 예금을 CBDC로 바꿀 수 있기 때문에 뱅크런과 같은 금융위기 위험성이 증가할 수도...",https://www.businesspost.co.kr/BP?command=article_view&num=434906,15,,1
'소송 vs 상생'...프랜차이즈 업계 '두 갈래 길',피부관리 프랜차이즈 약손명가 가맹점주 수십 명이 본사의 계약 구조가 불공정하다며 공정거래위원회에 신고한 것으로 알려졌다. 또 약 170억원 규모의 손해배상 청구 소송과 형사 고소까지 병행한 것으로 전해진다....,https://www.ebn.co.kr/news/articleView.html?idxno=1704379,1,,0
예탁원 신임 사장에 이윤수 전 금융위 상임위원 내정… 6일 선임,"경험을 쌓아온 정통 금융 관료로, 전문성과 정책 이해도를 겸비한 인물로 평가된다. 특히 증선위 상임위원 재직 당시 ‘주가조작 근절 합동대응단 출범’과 불공정거래에 대한 ‘원스트라이크 아웃’ 제도 도입을 주도했다.",https://biz.chosun.com/stock/stock_general/2026/04/03/ZOKMNHX7XBEABDSJ3IEPJB2BPE/?utm_source=naver&utm_medium=original&utm_campaign=biz,11,,1
"LS계열 선우, 하도급 계약서 부실 발급 '적발'",공정거래위원회가 LS그룹 계열사인 선우의 불공정하도급 거래행위를 적발하고 시정명령을 내렸다. 선우가 수급사업자에게 전기·계장공사를 맡기면서 계약의 핵심 내용을 빠뜨리거나 당사자 서명·날인을 누락한...,https://www.safetimes.co.kr/news/articleView.html?idxno=241517,2,,1
"법무법인 호암, '금융규제대응센터' 출범",법무법인 호암(대표변호사 신민영)은 금융당국의 자본시장 불공정거래 조사 및 수사 체계의 대대적인 개편에 발맞춰 '금융규제대응센터'를 공식 출범한다고 4월 2일 밝혔다. 금융규제대응센터는 이번 달 시행을 앞둔...,https://www.lawtimes.co.kr/news/articleView.html?idxno=218822,4,,1
"(주)선우, 하도급 계약서 부실 발급 '철퇴'...공정위 시정명령 부과","공정위는 향후 원사업자의 불공정 하도급거래 행위에 대해 지속적으로 감시하고 법 위반행위 적발 시 엄중 제재할 방침이다. 공정위 관계자는 ""이번 조치는 건설 현장에서 원사업자가 위탁 공사에 대해 부실하게 서면을...",http://www.newslock.co.kr/news/articleView.html?idxno=128050,2,,1
"중기부, 원자재價 급등 플라스틱용기 납품대금 연동제 직권조사","이번 직권조사 과정에서 원재료 가격인상분 떠넘기기 등 불공정 거래행위가 적발될 경우, 상생협력법에 따라 개선요구, 시정명령, 벌점부과 등 엄중하게 대응할 방침이다, 원재료 수급 불균형이 지속될 경우 피해가...",http://amenews.kr/news/view.php?idx=66212,0,,0
[단독]'약손명가 갑질 의혹' 고소인 소환…경찰 수사 본격화,앞서 약손명가 가맹점주 수십 명은 '가맹점사업자협의회'를 꾸리고 본사와 가맹본부 등이 그간 점주들을 상대로 불공정 거래 및 강요 등을 했다며 공정위 신고와 민·형사 소송에 나섰다. ※CBS노컷뉴스는 여러분의...,https://www.nocutnews.co.kr/news/6496183?utm_source=naver&utm_medium=article&utm_campaign=20260403114352,1,,0
"[테크M 트렌드] 증권사 IMA, IB 각축전...인가 못 받은 삼성·메리츠는 속...","삼성증권은 지난해 4월 금감원 검사 과정에서 거점 영업점의 불건전 영업행위가 적발됐고, 메리츠증권은 이화전기 BW(신주인수권부사채) 불공정거래 의혹으로 검찰 수사를 받고 있다. 두 회사 모두 '대관 강화'로...",https://www.techm.kr/news/articleView.html?idxno=150805,14,,1
"약손명가 가맹점주 33명, 본사 상대로 173억 손배소 제기",관련 업계에 따르면 약손명가 가맹점주들은 최근 가맹점사업자협의회를 구성한 뒤 본사와 가맹본부를 상대로 공정위에 불공정거래 행위 신고서와 불공정약관 심사 청구서를 제출한 것으로 알려졌다. 법원에는 173억원...,https://mdtoday.co.kr/news/view/1065608166401603,4,,1
"파주시, 중동發 경제위기 정면돌파…‘비상경제본부’ 가동해 민생 사수","시민 가계와 직결되는 주유소 판매 가격은 물론 생활필수품과 농축산물 가격을 상시 점검해 매점매석 등 불공정 거래를 차단한다. 아울러 복지 사각지대를 없애기 위해 위기가구 집중 발굴 기간을 운영하고, 생계와 의료...",https://www.g-enews.com/view.php?ud=202604030652434247f0f3e23044_1,0,,0
보험사 자본조달 위축…킥스 규제·금리 '이중 압박',그동안 보험사들은 킥스 비율을 끌어올리기 위해 후순위채와 신종자본증권 등 자본성증권을 적극 활용했다. 이들 증권은 보완자본으로 분류돼 단기간 내 건전성 지표를 개선하는 데 유용했기 때문이다. 다만...,http://www.ftoday.co.kr/news/articleView.html?idxno=357310,6,,1
"롯데손보 등 6개사 기본자본 규제치 밑돌아...당국, 내년부터 킥스 50%이...",내년 지급여력제도(K-ICS·킥스) 규제 도입을 앞두고 보험사들의 자본 확충 움직임이 이어지고 있지만 일부 보험사는 여전히 기준치에 못 미치는 것으로 나타났다. 특히 대형사의 영향력을 제외할 경우 업계 전반의...,http://www.seoulwire.com/news/articleView.html?idxno=715042,3,,1
보장 축소·자기부담 확대 ‘5세대 실손보험’ 또 연기... 절판 마케팅·...,업계에서는 5세대 실손보험 보험료가 기존 4세대 대비 평균 30% 이상 낮아질 것으로 보고 있다. 일부는 40대 남성 기준 월 1만원 안팎 수준까지 낮아질 수 있다는 전망도 내놓고 있다. 다만 가입자 입장에서 체감은 단순한...,http://www.joseilbo.com/news/news_read.php?uid=565954&class=18&grp=,2,,1
5세대 실손 도입 앞두고 보험사 '보장 공백' 선점 경쟁,이번 5세대 실손보험 역시 보험금 누수를 억제하기 위한 방안의 연장선이다. 5세대 실손은 기존 상품 대비 보험료가 절반 수준까지 낮아지는 대신 비중증 비급여 항목에 대한 본인부담률을 50%로 높인 것이 특징이다....,https://www.shinailbo.co.kr/news/articleView.html?idxno=5007787,5,,1
다음달 출시될 ‘5세대 실손보험’…보장은 줄지만 보험료 부담도 감소,비중증 보장 줄고 자부담 증가 추가적인 보험 가입 권유 주의 도수치료 등 비급여는 관리급여화 다음 달 초 출시될 5세대 실손보험은 비중증 진료의 보장 범위가 줄어든 대신 보험료는 크게 낮아져 보험료 절감 효과가...,https://www.mk.co.kr/article/12007374,2,,1
병원비 본인부담 30%→50% 껑충... 다음달 초 '5세대 실손보험' 나온다,"비중증 비급여 진료비의 본인 부담을 50%로 높이는 대신 보험료를 대폭 낮춘 '5세대 실손보험'이 다음 달 초 출시될 예정이다. 지난 2일 보험업계에 따르면, 금융 당국은 5세대 실손보험을 다음 달 4일쯤 출시하는 방향으로...",https://www.insight.co.kr/news/548679,2,,1
[R]'4천만 가입' 실손보험의 두 얼굴,"◀ 앵 커 ▶ 실손보험은 '제2의 건강보험'이라 불릴 정도로 가입자가 많습니다. 보험이란 게 예상치 못한... 넓어 보험금 지급이 늘었고, 상품이 갱신될수록 보장 문턱은 높아지고 보험료 부담만 커지면서 분쟁이...",http://andongmbc.co.kr/adboard/NewsView81698,2,,1
"[단독] 李 ""은행권 추심 가혹"" 지적에 … 금감원, 채무자보호 실태점검",금감원은 이 같은 법규에 대한 현장 준수 실태를 집중 점검한 것으로 알려졌다. 이번 검사는 향후 제도 변화에 앞서 금융권 실태를 점검하고 금융당국이 강조하는 포용적 금융 기조를 현장에 안착시키기 위한 사전 점검...,https://www.mk.co.kr/article/12007583,10,,1
[Invest]홍콩 ELS 과징금 대규모 감경될까…나란히 청와대 찾아간 금융위...,"동시에 대규모 감경안을 설득하기 위해 검사와 제재안을 주도해 온 금감원이 함께 나서 무게를 실은 것 아니냐는 분석도 제기된다.금융당국 한 고위 관계자는 ""통상 개별 제재 사안을 유관기관과 논의하는 것은 이례적...",https://www.investchosun.com/site/data/html_dir/2026/04/03/2026040380126.html,13,,1
"하나증권, 펀드 판매 대가 해외연수 논란…금감원 제재",금융당국은 이 같은 관행이 투자상품 판매 과정에서 이해상충을 유발하고 투자자 보호를 저해할 수 있다고 보고 검사와 제재를 강화하고 있다. 특히 고위험 펀드와 결합될 경우 투자자 피해로 이어질 가능성이 큰 만큼...,https://www.ppss.kr/news/articleView.html?idxno=291221,7,,1
국조특위 '쌍방울 대북 송금' 관련 기관보고…선서하는 증인들 [TF사진관...,"이찬진 금감원장(앞줄 왼쪽부터) 및 참석자들이 3일 오전 서울 여의도 국회에서 열린 윤석열 정권 정치검찰... 한편 '쌍방울 대북 송금' 의혹 사건의 수사 담당자인 박상용 인천지검 부부장검사는 회의에 출석했지만, 오후...",https://news.tf.co.kr/read/photomovie/2309439.htm,6,,1
"글로벌금융판매, '보험 사기' 1심 유죄…""일탈"" 주장에도 내부통제·수수...","회사 측은 ""2019년 금감원 검사 이후 내부통제 시스템을 대대적으로 정비했고, 이후 지속적으로 개선 조치를 시행해왔다""고 밝혔다. 김 대표는 현대해상 준법감시인 출신으로 내부통제 전문가로 평가받으며 2020년 취임...",https://www.greened.kr/news/articleView.html?idxno=338818,7,,1
"농협손보, 손해율↑…ESG경영도 미흡","금감원 제재는 그 이후에 발생했으므로 '제재 현황'에 미기재한 것은 공시 규정상 의무 위반이 아니다. 그러나 문제는 이후 항목이다. 보고서의 '작성기준일 이후 발생한 주요사항' 항목 역시 ""해당사항 없음""으로...",http://www.srtimes.kr/news/articleView.html?idxno=200340,6,,1
고려아연·영풍 ‘분식 혐의’ 감리위 종결…제재 본격화,"금감원은 두 회사 모두 회계기준위반의 동기가 ‘고의’라고 판단, 중징계 제재안을 마련해 제재 절차에 돌입했다. 피켓 시위하는 고려아연노조 지난달 24일 서울 중구 코리아나호텔에서 제52기 고려아연 정기 주주총회가...",https://www.naeil.com/news/read/583878?ref=naver,6,,1
"금융회사 지배구조 손질 시동…국회는 속도, 당국은 지연","기존에는 회사 측이 주주 요구를 사실상 무시해도 이를 제재할 수단이 부족하다는 한계가 있었다. 금융회사... 이찬진 금감원장은 지난달 26일 기자간담회에서 ""금융회사 지배구조 개선 방안은 4월 중 윤곽이 나올 것...",https://www.kbanker.co.kr/news/articleView.html?idxno=224620,7,,1
"정부 ""부동산 시장과 금융의 절연"" 선포…대출 더 죈다","이뤄진 제도 개선입니다. [앵커] 거론되던 예외도 현실화됐죠? [기자] 네, 주택을 즉시 매도하기 어려운... 전요섭 금융위원회 금융정책국장은 '2026 가계부채 관리방안' 발표 브리핑에서 ""그간 대출 규제가 강해졌다...",https://biz.sbs.co.kr/article_hub/20000301685?division=NAVER,17,,1
7월부터 보증부대출 금리에 출연금 '절반 이상' 전가 금지,이번 제도개선은 금리 산정 체계를 직접 규율함으로써 이러한 불합리한 관행을 근본적으로 차단하는 데 초점이 맞춰졌다. 금융위는 이번 조치로 보증부대출을 주로 이용하는 중소기업과 소상공인의 실제 금리 부담이 크게...,https://www.shinailbo.co.kr/news/articleView.html?idxno=5007750,9,,1
"“대출 이자 전가 못 한다”… 은행, 보증료 50% 이상 금리 반영 ‘철퇴...",금융위 ‘은행법 시행령’ 입법예고… 중기·소상공인 겨냥한 ‘금리 꼼수 인상’ 원천 차단 7월 1일부터... 이번 제도 개선으로 가장 큰 혜택을 보는 이들은 보증부대출 의존도가 높은 소상공인과 중소기업이 될 전망이다....,https://www.daily365.news/2026/04/03/%eb%8c%80%ec%b6%9c-%ec%9d%b4%ec%9e%90-%ec%a0%84%ea%b0%80-%eb%aa%bb-%ed%95%9c%eb%8b%a4-%ec%9d%80%ed%96%89-%eb%b3%b4%ec%a6%9d%eb%a3%8c-50-%ec%9d%b4%ec%83%81-%ea%b8%88/,12,,1
7월부터 보증부대출 금리에 ‘출연금 50% 이상 반영 금지’,이번 제도 개선은 금리 산정 구조를 직접 규율해 이러한 관행을 차단하는 데 초점이 맞춰졌다. 금융위는 이번 조치로 보증부대출을 이용하는 중소기업과 소상공인의 실질적인 이자 부담이 낮아질 것으로 기대하고 있다....,https://www.dailian.co.kr/news/view/1629308/?sc=Naver,9,,1
[들어보니]“금리 낮추라는데 구조는 복잡”…보증대출 규제 효과 ‘불...,금융위도 이번 제도 개선으로 차주의 실질 금리 부담이 상당 부분 완화될 것으로 기대하고 있다. 다만 현장에서는 금리 결정 구조 자체가 복잡한 만큼 정책 효과가 단순하게 나타나지 않을 수 있다는 지적이 제기된다. 한...,https://www.nspna.com/news/?mode=view&newsid=808620,9,,1
"금융위, 금리 산정 체계 개편...보증비용 과다 반영 차단",금융위는 이번 제도 개선으로 보증부대출을 이용하는 중소기업과 소상공인의 실질적인 금융비용이 낮아질 것으로 기대하고 있다. 특히 정책금융 이용 비중이 높은 취약 차주의 금리 부담 완화 효과가 클 것으로 전망된다....,https://www.youthdaily.co.kr/news/article.html?no=216783,9,,1
"구윤철 ""전쟁영향 큰 공급망·물가 품목 매일 점검 ... 소비 제약 보완 ...","투자 제도개선 추진방안, 기업현장 공공기관 숨은 규제 합리화방안 등을 논의 했다. 회의에는 구 부총리... 공정위·금융위·식약처·관세청·조달청 등 장·차관이 참석했다. 구 부총리는 모두발언에서 ""중동전쟁이 한달...",http://www.efnews.co.kr/news/articleView.html?idxno=128767,7,,1
"KB증권, 4월 첫째주 현대건설 등 16종목 매수 추천","원자재 토큰증권 (STO) 기반, 자금 조달. 구리와 희토류 담는 최적의 투자 대안. 불확실성 해소+실적 개선+신 사업 진출 = 리레이팅 방향성 명확. 목표주가 40만원과 투자의견 Buy 유지. 우리금융지주(316140)...",https://www.bigtanews.co.kr/article/view/big202604030009,9,,1
"“완전체가 대세” 우리금융·교보생명, 종합금융 완성 나서","과거 인터넷은행 설립 논의, 디지털 금융 협력 등 주요 사업에서 파트너십을 구축했으며 최근에는 토큰증권(STO) 등 디지털 자산 시장에서도 협력을 확대하고 있다. 교보생명 관계자는 “SBI그룹과의 오랜 신뢰를...",https://economist.co.kr/article/view/ecn202604010057,10,,1
"은행권, K-콘텐츠 키운다…KB·농협·하나, '생산적 금융' 총 1500억 규모...","특히 뮤직카우, 아톤과 함께 진행한 스테이블코인 기반 STO(토큰증권) 청약 PoC는 금융권의 새로운 시도로 평가되고 있다. 해외 투자자가 원화 스테이블코인을 활용해 K-팝 저작권에 투자하는 구조를 검증하며, ▲환율...",https://www.lcnews.co.kr/news/articleView.html?idxno=200126,14,,1
[6·3지방선거 인터뷰] 박경만 서울시의원 예비후보 “여의도는 24시간 ...,그는 해결책으로 ‘STO(토큰증권) 비즈니스 허브’ 구축을 제안했다. 재건축 과정에서 확보될 기부채납 공간에 STO 센터와 연구소를 유치해 청년 창업가와 문화예술인이 밤낮없이 교류하는 공간을 만들겠다는 구상이다. 박...,https://www.megaeconomy.co.kr/news/newsview.php?ncode=1065555121567479,6,,1
"태양광발전소 STO 플랫폼 '솔브릭', 재생에너지 인프라 투자 구조를 제...",태양광발전소 개발과 EPC 사업을 통해 성장해 온 넥스트솔라에너지는 최근 태양광발전소를 기초자산으로 하는 토큰증권(STO) 플랫폼 '솔브릭' 론칭을 앞두며 새로운 사업에 주력하고 있다. 발전 자산의 개발부터 시공...,https://www.handmk.com/news/articleView.html?idxno=36906,6,,1
입법 표류에 증권계 가세…가상업계 혼선 가중,"이처럼 주요 증권사들이 규제 리스크를 감수하면서까지 거래소 인수를 저울질하는 것은, 토큰증권(STO) 등 디지털 자산 시장 선점을 위한 인프라를 단기간에 확보할 수 있기 때문입니다. 아울러 기존 자산관리(WM) 역량과...",http://www.newstomato.com/ReadNews.aspx?no=1296665&inflow=N,9,,1
[STO 인터뷰②] 크레도스파트너스 “금융자산도 토큰증권으로”,"국내 주요 증권사와 함께 토큰증권(STO) 금융 인프라 컨설팅을 진행하며 솔루션 효율화 작업도 진행 중이다. 대형 증권사와 신종자본증권 연계 개념증명(PoC)을 다시 추진하는 한편, 토큰증권 인프라 구축을 위한 사전 논의도...",https://byline.network/?p=9004111222598083,10,,1
한국투자증권 코인원 인수 검토… 증권사 가상자산 사업 진출 가속화,토큰증권(STO)도 증권사가 가상자산 거래소 인수를 추진하는 주요 이유 중 하나다. 부동산·채권·지적재산권·미술품 등 다양한 실물자산을 블록체인 기술을 활용해 디지털 토큰으로 발행한 토큰증권은 증권사의 미래...,https://www.ekoreanews.co.kr/news/articleView.html?idxno=85404,14,,1
"한국투자증권, 코인원 인수설에 ""디지털자산 주시, 결정된 바 없다""",금융투자업계에서는 증권사들이 토큰증권(STO) 등 디지털자산 관련 사업을 새로운 성장 동력으로 검토하고 있는 만큼 가상자산 플랫폼 확보 가능성도 완전히 배제하기는 어렵다는 분석도 나왔다. 앞서 미래에셋그룹...,https://www.seoulfn.com/news/articleView.html?idxno=625566,13,,1
"윤창현 ""AI·디지털자산 시대, 파생상품 기능 확장해야""","이어 ""토큰증권(STO)과 가상자산 파생상품 도입 과정에서는 기존의 '금가분리' 원칙을 재정립할 필요가 있다""며 ""이분법적 규제보다는 전통 금융의 리스크 관리 체계 내에 가상자산을 선별적으로 편입하는 접근이 필요하다...",https://www.asiatime.co.kr/article/20260403500178,10,,1
한투-코인원 vs 미래-코빗…디지털로 전장 '확대',"앞서 카카오뱅크 등과 함께 토큰증권(STO) 인프라를 깔았고, 빗썸과는 자산관리 서비스 제공 관련 MOU를 맺었습니다. 한투운용은 한국디지털자산수탁(KDAC)과 커스터디 협력을 진행했습니다. 이런 점을 보면 운용사에서...",https://www.wowtv.co.kr/NewsCenter/News/Read?articleId=A202604030352&t=NNv,6,,1
예탁결제원 사장에 이윤수 전 금융위 상임위원 내정…6일 주총,"전자주주총회 서비스 개시, 외국인 주주의 의결권 행사 환경 개선 등을 지속할 방침이다. 아울러, STO(토큰증권), 조각투자 등 혁신금융상품 결제플랫폼 구축으로 기업 자금조달 지원에도 나선다. 정선은 한국금융신문 기자",http://www.fntimes.com/html/view.php?ud=202604031412237967179ad43907_18,13,,1
"미래에셋은 코빗, 한투는 코인원 러브콜…증권사 코인 거래소에 눈독 들...","예컨대 미래에셋증권이 대기업 회사채를 발행하고 토큰화해 STO로 만들면, 코빗 플랫폼에서 리테일 고객에게 소액 분산 판매가 가능해진다. 지금까지는 기관만 살 수 있던 상품이 100만원짜리 토큰으로 쪼개져 개인...",https://www.techm.kr/news/articleView.html?idxno=150808,10,,1
[K-VIBE] 전태수의 '웹 3.0' 이야기…K-뷰티의 경쟁력은 어디서 오는가,"여기서 STO, 즉, 토큰증권은 중요한 도구가 될 수 있다. 지역의 천연자원, 생산 인프라, 브랜드 수익 구조를 디지털 자산화하고, 이를 통해 발생하는 수익을 투명하게 배분하는 방식이다. 예를 들어 특정 지역의 천연수, 해양...",https://www.yna.co.kr/view/AKR20260403050300371?input=1195m,6,,1
"""MTS 다음은 코인?"" … 증권사, 가상자산 거래소 확보 경쟁","토큰증권(STO) 시장을 대비한 포석이라는 해석도 나온다. STO 제도화가 지연되는 상황에서, 증권사들은 가상자산 거래소를 통해 디지털 자산 인프라 선점에 나서고 있다. 향후 STO 시장이 본격화되면 기존 인프라를 활용해...",https://biz.newdaily.co.kr/site/data/html/2026/04/03/2026040300111.html,12,,1
"한국투자증권, 코인원 인수 검토","증권 위주의 기존 사업 구조에서 한발 더 나아가, 가상자산과 토큰증권(STO) 등 새로운 금융 영역으로 보폭을 넓히려는 움직임으로 해석된다. ▲ 가상자산 사업 확대 3일 금융투자업계에 따르면 한국투자증권은 코인원 지분...",http://www.hansbiz.co.kr/news/articleView.html?idxno=830094,10,,1
리플(XRP) 가격구간 기준선 유의...RLUSD 스테이블코인 유통 관심,"국내 거래소 상장을 통해 접근성이 확대됐으며, XRP 레저 기반 발행 규모도 증가하는 모습이다. 이는... [※ 본 기사에서 제공하는 정보는 일반적인 가상자산 관련 소식 전달을 목적으로 하며, 투자 권유나 재정적 조언이...",https://www.cbci.co.kr/news/articleView.html?idxno=565518,3,,1
美고용 쇼크에 얼어붙은 업비트…3대장 주춤·거래량 34% 급감,"미국 고용 시장의 깜짝 호조가 연내 금리 인하 기대감에 찬물을 끼얹으면서, 국내 최대 가상자산 거래소 업비트에서도 비트코인을 비롯한 주요 가상자산이 일제히 약세를 보이고 있다. 거래량이 급감하며...",http://coinreaders.com/228707,4,,1
미국은 은행도 가상자산 ETF 발행하는데…9년째 '금가분리'에 갇힌 韓,미래에셋그룹은 지난 2월 비금융 계열사 미래에셋컨설팅을 통해 가상자산 거래소 코빗 지분 약 92%를 인수한다고 공시한 바 있다. 이후 금융위원회 금융정보분석원(FIU)의 임원 변경 신고 수리를 거쳐 코빗 이사회에도...,https://www.news1.kr/finance/blockchain-fintech/6124782,19,,1
0.062 쇼크…바이낸스 XRP 시장 깊이 완전히 무너졌다,"글로벌 가상자산 시장에서 거래 유동성 위축 신호가 뚜렷해지면서, XRP를 둘러싼 투자 심리에도 냉기가 감돌고 있다. 세계 최대 암호화폐 거래소인 바이낸스에서 XRP 유동성 지수가 급락하며, 시장이 '얇아진 상태'에...",https://www.pinpointnews.co.kr/news/articleView.html?idxno=442703,9,,1
속도·수수료 끝판왕 XRPL…이제 남은 건 단 하나,"3일(현지시간) 가상자산업계에 따르면, 논쟁의 중심에는 XRP 레저의 네이티브 탈중앙화 거래소(DEX)가 있다. XRPL은 이미 자체 주문서 기반 거래 기능과 자동화된 마켓메이커(AMM)를 동시에 지원하는 독특한 구조를 갖추고...",https://www.pinpointnews.co.kr/news/articleView.html?idxno=442700,4,,1
"""코인 안 사도 돈 번다""...ARKK, '우회 투자'로 암호화폐 수익 싹쓸이","가상자산을 직접 매수하지 않고도 시장 상승의 수혜를 흡수하는 ‘우회 투자 전략’이 기관과 개인... 해당 ETF는 거래소 수익 구조와 디지털 결제 확장성에 연동된 기업들에 집중 투자함으로써, 암호화폐 상승장에서...",http://coinreaders.com/228697,6,,1
스카이프로토콜·USDS·베니스토큰·유니타스 [이주의 상장코인],"4월 첫째 주, 국내 가상자산 거래소에는 스테이블코인·AI·디지털자산 수익 인프라 등 다양한 분야의 프로젝트가 거래를 시작했다. 4일 가상자산 업계에 따르면 이번 주 업비트와 빗썸, 고팍스에서...",https://it.chosun.com/news/articleView.html?idxno=2023092159775,3,,1
"가상자산 규제, 먼저 생각할 점","이로 인해 스테이블코인 발행사와 그로부터 수익을 분배 받는 거래소의 주가가 급락했고, 시장은 가상자산이 신뢰할 수 있는 담보로서의 지위를 상실할 수 있다는 우려에 빠졌습니다. 이와 같은 미묘한 맥락의...",https://www.lawtimes.co.kr/news/articleView.html?idxno=218732,4,,1
"XRP, 유동성 바닥...1.35달러 저항 돌파 확률은?",글로벌 최대 가상자산 거래소 바이낸스(Binance)에서 엑스알피(XRP)의 유동성 지수가 사상 최저치로 곤두박질치며 가격 대폭락을 경고하는 붉은등이 켜졌다. 4월 3일(현지시간) 암호화폐 전문 매체 더크립토베이직에...,http://coinreaders.com/228692,10,,1
"리플(XRP), 1.32달러 부근 상승 흐름…실사용 확장 속 단기 분기점 형성",전반적인 가상자산 시장이 뚜렷한 방향성을 보이지 않는 상황에서도 상대적으로 안정적인 흐름을 유지한... 한편 크립토퀀트 기고자 다크포스트(Darkfost)가 주요 거래소 내 대장주 비트코인 개인 투자자의 유입액이 9년...,https://www.cbci.co.kr/news/articleView.html?idxno=565516,4,,1
"엘립틱 “2억8천만 달러 규모 해킹, 북한 소행 가능성”","파생상품 거래소인 드리프트 프로토콜에서 발생한 해킹 사건이 북한 해커 그룹의 수법과 유사하다고 지적했습니다. 엘립틱은 이날 발표한 보고서에서 이번 공격으로 가상자산 약 2억8천600만 달러가 탈취됐다면서, 공격...",https://www.voakorea.com/a/elliptic-280-million-hack-likely-carried-out-by-north-korea-20260403/8134071.html,4,,1
[자정 뉴스브리핑] 블랙록의 비트코인 현물 ETF IBIT 거래량 급증 外,"게이트의 최근 7일 자금 순유입 세계 1위 기록 DefiLlama 데이터에 따르면 가상자산 거래소 게이트(Gate)의 최근 7일 자금 순유입이 9519만달러를 넘어서며 전 세계 1위를 기록했다. EU, 주요 암호자산 서비스...",https://www.tokenpost.kr/news/briefing/346204,4,,1
"바이낸스 창업자, 자서전 출간",/아마존 캡처 | 서울=한스경제 전시현 기자 | 세계 최대 가상자산 거래소 바이낸스를 세운 자오창펑(CZ)이 회고록 출간을 앞두고 책 제목에 담긴 뜻과 수익금 활용 계획을 직접 공개했다. 3일 가상자산 전문매체 보도에...,http://www.hansbiz.co.kr/news/articleView.html?idxno=830313,-1,,0
"드리프트 프로토콜, 2억8천만달러 탈취당해…북한 연계 해킹그룹 소행 ...","회사는 현재 보안업체, 가상자산 거래소, 수사기관과 협력해 탈취 자금의 이동 경로를 추적하고 동결 조치를 추진하고 있다. 아울러 조만간 이번 사건 전반을 정리한 상세 사후 분석 보고서를 공개하겠다고 밝혔다. 이번...",https://www.dailysecu.com/news/articleView.html?idxno=206087,4,,1
"바이낸스서 유동성 98% 증발한 XRP, 기나긴 침체기 언제 끝날까","세계 최대 가상자산 거래소에서 엑스알피(XRP, 리플)의 거래 생태계가 심각한 가뭄에 시달리며 투자자들의 불안감을 증폭시키고 있다. 고래 세력의 대규모 이탈과 함께 주요 거래 지표가 고점 대비 무려 98%나...",http://coinreaders.com/228632,6,,1
"수익 물량 바닥 친 비트코인, 기나긴 약세장의 끝이 다가오나",그러나 가상자산 거래소 비트루의 안드리 파우잔 아지마 리서치 책임자는 이 지표가 당장의 저평가가 아닌 시장의 스트레스 가중을 의미한다고 반박했다. 그는 진정한 항복(Capitulation)이 일어난 과거 바닥에서는...,http://coinreaders.com/228626,3,,1
"한투증권, 코인원 인수설 일축…""디지털자산 사업 검토 중이지만 확정된...",한국투자증권이 가상자산 거래소 코인원 인수설과 관련해 디지털자산 시장에 대한 관심은 인정하면서도 구체적인 사업 계획은 없다는 입장을 밝혔다. 3일 금융투자업계에 따르면 한국투자증권은 코인원 지분 인수를...,https://www.econovill.com/news/articleView.html?idxno=736057,4,,1
"디지털자산 기본법 2단계 논의, 지방선거 이후로 미뤄졌다","대신 금융 관련 법안 5건만 소위로 넘겼고, 가상자산 이용자 보호법 일부 개정안만 심사 절차에 들어갔다. 선거를 앞둔 민감한 시기인 만큼, 은행과 대형 거래소 이해관계가 충돌하는 쟁점을 서둘러 처리하지 않겠다는...",https://www.tokenpost.kr/news/policy/346120,7,,1
비트코인 '1만弗 쇼크' 오나,"가상자산 분석업체 XWIN리서치재팬은 3일(현지 시각) 데이터 플랫폼 크립토퀀트에 게재한 보고서를 통해 ""미국 시카고상품거래소(CME) 비트코인 선물의 미결제약정이 1만8000~2만BTC에 달하며, 이는 대부분 단기 레버리지...",http://www.hansbiz.co.kr/news/articleView.html?idxno=830262,3,,1
[기자수첩] 금융위에 멈춰선 디지털자산기본법의 시계,금융위원회는 정부안 대신 지난해 12월 23일 가상자산거래소 대주주 지분을 제한하자는 '폭탄'을 별안간 꺼내들었다. 현행 최대 70%에 이르는 가상자산거래소의 대주주 지분을 20~34%까지 제한하는 내용이 골자다. 국회...,https://www.techm.kr/news/articleView.html?idxno=150819,16,,1
"금감원, 두나무-네이버파이낸셜 주식교환 공시 정정명령",특히 국회에서 논의 중인 디지털자산기본법에 가상자산거래소 대주주 지분 제한 조항이 포함될 경우 주식 교환 이후 추가 지분 정리가 필요해질 수 있는 점이 잠재 변수로 거론된다. 두나무는 현재로서는 기존 합의안에...,https://www.newsway.co.kr/news/view?ud=2026040317490856685,10,,1
코인원 한투 품으로?…가상자산 시장 노리는 증권사,서울경제티브이 김효진 기자 증권사들이 잇달아 가상자산 거래소 지분 확보에 나서고 있습니다. 단순 투자를 넘어 디지털 자산 사업의 포석을 마련하고 있단 분석이 나오는데요. 증권업계 최상위권인 한국투자증권이...,https://www.sentv.co.kr/article/view/sentv202604030091,6,,1
"이더리움, 거래소 보유량 사상 최저…2,100달러 회복 후 반등 신호","거래소 이더리움 보유량 사상 최저 가상자산 시장이 완만한 회복세를 보이는 가운데, 이더리움(ETH) 투자자들은 거래보다 ‘보유’를 선택하는 흐름을 보이고 있다. 리스크(Lisk) 리서치 총괄 레온 바이드만(Leon Waidmann)...",https://www.tokenpost.kr/news/cryptocurrency/346103,4,,1
3대 가상자산거래소 실적 ‘급랭’…본업 성장 빗썸만 영업익 증가,"지난해 국내 가상자산 거래소들의 실적이 전반적으로 악화된 것으로 나타났다. 가상자산 시장이 침체 국면에 접어들면서 거래대금이 감소했고, 이에 따라 수수료 수익에 의존하는 거래소들의 순이익도 함께...",https://www.ceoscoredaily.com/page/view/2026040315425673918,6,,1
"금감원, 두나무・네이버 주식교환 공시에 정정명령",가상화폐거래소 업비트 운영사 두나무는 지난해 11월 네이버파이낸셜과 포괄적 주식 교환 방식의 합병을... 아울러 향후 디지털자산기본법 입법 진행 상황 역시 거래에 영향을 줄 수 있는 변수로 언급했다. 한편 이날 기준...,https://www.decenter.kr/article/20028131?ref=naverdc,7,,1
'센트비' 8년 장투 끝 2배 수익낸 코인원...투자 포트폴리오 살펴보니,사진=코인원 제공 가상자산거래소 코인원이 핀테크 기업 '센트비' 지분을 매각하면서 투자 회수에 성공했다. 2017년 해외송금 솔루션에 관심을 갖고 센트비에 투자한 코인원은 당시 투자금액의 2배가 넘는 금액을...,https://www.techm.kr/news/articleView.html?idxno=150818,3,,1
[업앤다운]게임주 하락…컴투스홀딩스↑·모비릭스↓,"한국투자증권이 가상자산 거래소 코인원 지분 인수를 검토한다는 소식이 전해지면서, 코인원 2대 주주(지분 21.95%)인 컴투스홀딩스에 수혜 기대가 반영됐다. 6거래일 연속 하락해 52주 최저가까지 밀렸던...",https://www.nspna.com/news/?mode=view&newsid=808743,3,,1
"금감원, 두나무 공시 정정명령…“중요 정보 누락·허위 기재”",금감원은 공시 내용 중 ‘향후 회사구조개편 계획’과 ‘기타 투자판단 관련 중요사항’ 항목에 중요한... 금감원은 “정정명령에 따라 주요사항보고서의 관련 내용이 변경될 수 있으니 투자판단에 참고하라”고 밝혔다....,https://www.mydaily.co.kr/page/view/2026040317155048051,6,,1
"타이코, 블록체인 메인넷 업그레이드 이후 15% 하락[특징코인]",통상 가상자산 입출금이 막히면 외부 물량 유입 없이 거래소 내부 수요만으로 가격이 급등하는 '가두리 펌핑' 현상이 발생한다. 이후 이날 입출금이 재개되면서 타이코는 상승분을 다시 반납했다. 이더리움 레이어2...,https://www.news1.kr/finance/blockchain-fintech/6124934,3,,1
"금감원, 두나무 주식교환 공시에 정정명령…구조개편·투자판단 사항 지...","가상자산 거래소 업비트 운영사 두나무는 지난해 11월 네이버파이낸셜과의 주식교환 추진 계획을 공식 발표했다. 거래가 완료되면 두나무는 네이버파이낸셜의 완전 자회사 체제로 편입되고, 두나무 기존 주주들은 보유...",https://www.etoday.co.kr/news/view/2572612,10,,1
"비트코인 손실 공급량 820만개, 2022년 이후 최악 수준... 회복 가능 시...",가상자산 분석 업체인 크립토퀀트(CryptoQuant)의 분석가인 다크포스트(Darkfost)에 따르면 2일(미국 시각) 기준... 비트루(Bitrue) 거래소의 연구 책임자인 안드리 파우잔 아지마(Andri Fauzan Adziima)는 현재의 상황이 저평가된...,https://www.wikitree.co.kr/articles/1129612,3,,1
"경찰대, 두나무와 디지털금융범죄 대응 세미나",가상자산 이용 금융범죄가 급증하면서 법 집행기관과 민간 가상자산 거래소 간 협력 모델을 구축하고 정책 대안을 모색하기 위해 마련됐다. 경찰대학 금융범죄 분석센터와 두나무는 3일 경찰대학에서 '디지털 금융범죄...,https://www.newspim.com/news/view/20260403000961,4,,1
"금감원, 두나무·네이버파이낸셜 주식교환 공시 정정명령 부과",국내 최대 가상자산거래소 업비트의 운영사 두나무는 지난해 11월 국내 1위 간편결제 기업인 네이버파이낸셜과 합병을 발표했다. 두나무를 네이버파이낸셜의 완전 자회사로 편입하고 기존 두나무 주주가 네이버파이낸셜...,http://www.edaily.co.kr/news/newspath.asp?newsid=04365686645412512,11,,1
"[코인시황] ""호르무즈 항행 프로토콜 작성""…비트코인, 6만6000달러선 '횡...",국내 거래소 빗썸에서는 같은 시각 0.33% 하락한 1억126만원을 기록했다. 같은 시각 알트코인의 희비는... 소식이 전해지자 가상자산 시장은 낙폭을 축소하는 모습을 보였다. 다만 시장에서는 당분간 뚜렷한 방향성...,https://www.newsworks.co.kr/news/articleView.html?idxno=836593,4,,1
"한국투자증권, 코인원 지분 투자 검토…5대 거래소 판도 바뀌나",ⓒ각 사 한국투자증권이 국내 가상자산 거래소 코인원 지분 투자를 검토하고 있다. 이에 업비트와 빗썸 양강 구도로 굳어졌던 국내 가상자산 거래소 판도에 변화가 생길지 귀추가 주목된다. 3일 가상자산 업계에 따르면...,http://www.sisaon.co.kr/news/articleView.html?idxno=182087,3,,1
"더퓨처 아카데미, 4월 법인 전환…암호화폐 차트 교육·신호 서비스 확...","가상자산 시장에서는 거래소 API를 활용한 자동매매, 매매 시그널 구독, 교육형 커뮤니티 서비스가 빠르게 늘고 있어 관련 사업자 간 경쟁도 심화하는 추세다. 결국 더퓨처 아카데미의 이번 법인화와 서비스 확대가 실제...",https://www.hellot.net/news/article.html?no=111856,6,,1
코인보다 더 흔들린 코스피…전쟁 한 달 '22.6% 롤러코스터',한 달 동안 주식시장이 가상자산보다 더 크게 흔들린 셈이다. 3일 한국거래소에 따르면 3월 코스피 지수의 고가와 저가는 각각 6180.45와 5042.99로 집계됐다. 이에 따른 고·저 변동률은 22.6%였다. 같은 기간 비트코인의...,http://weekly.chosun.com/news/articleView.html?idxno=50328,6,,1
[게임스톡] 컴투스홀딩스 코인원 지분 기대감 7.84%↑,증권가에 따르면 한국투자증권은 가상자산 거래소 코인원의 지분 인수를 검토 중인 것으로 알려졌다. 컴투스홀딩스는 더원그룹(34.30%) 다음으로 많은 21.95%의 코인원 지분을 보유한 2대주주라는 점에서 이 같은...,https://www.tgdaily.co.kr/news/articleView.html?idxno=403476,3,,1
한국투자증권 디지털 자산 접점 확대는 계속된다 : 가장자산 거래소 코...,한국투자증권이 가상자산 거래소 지분 투자를 검토하며 디지털 자산 시장을 향한 사업 의지를 보이고 있다. 가상자산의 제도권 편입에 발맞춰 시장 주도권을 확보하기 위한 움직임에 나선 것으로 풀이 된다. 3일...,https://www.huffingtonpost.kr/article/256371,3,,1
암호화폐(코인) XRP 고래들 이틀 만에 6억 달러 규모 인출... 가격은 왜 ...,시장 전반에 불확실성이 감도는 가운데 3월 말 세계 최대 규모의 거래소 두 곳에서 거대 보유자들이 내린... 뉴스BTC 등 가상자산 업계에 따르면 여러 시간대에서 XRP 차트 약세가 지속됨에 따라 지지선 근처에서...,https://www.wikitree.co.kr/articles/1129595,7,,1
"[특징주] 컴투스홀딩스, 한국투자증권 코인원 인수 검토에 급등",ㅣ 네이버증권 컴투스홀딩스가 한국투자증권의 가상자산 거래소 코인원 지분 인수 검토 소식에 8% 가까이 상승했다. 3일 코스닥시장에서 컴투스홀딩스는 전 거래일 대비 7.84%(1310원) 상승한 1만8020원에 거래를...,http://www.biztribune.co.kr/news/articleView.html?idxno=351803,5,,1
"[특징주] 컴투스홀딩스, 한투증권 코인원 인수 검토에 8% 상승(종합)","검토 중이지만, 아직 구체적으로 확정된 사안은 없다""고 전했다. 2014년 설립된 코인원은 업계 점유율 3위 가상자산거래소로, 컴투스홀딩스가 더원그룹(지분율 34.30%) 다음으로 많은 지분(21.95%)을 보유한 2대 주주이다.",https://www.yna.co.kr/view/AKR20260403045351008?input=1195m,3,,1
"""온체인 금융, 선택 아닌 필수""…증권사-가상자산 거래소 '합종연횡' 속...","특히 최근 주식을 토큰화해 24시간 거래하는 '토큰화 증권'(주식 토큰) 거래가 증가하면서, 증권사와 가상자산 거래소 간 합종연횡은 전 세계적으로 가속화되는 모습이다. 한투도 미래에셋도 '가상자산'…미래 먹거리 낙점...",https://www.news1.kr/finance/blockchain-fintech/6124700,8,,1
[더밸류 브리핑] 오늘의 핀테크 소식…네이버페이·토스페이먼츠·NHN KC...,"일부 금융사와 가상자산 거래소가 제한된 구간에서 기술 검증을 진행한 사례는 있었지만, 대고객 웹서비스와 API 전반에 양자내성암호를 적용한 사례는 드물다는 설명이다. 이번 인프라 전환 과정에서는 기술 지원 전문...",http://www.thevaluenews.co.kr/news/view.php?idx=197884,4,,1
"금감원, 두나무에 정정명령…네이버파이낸셜 주식교환 공시 대상",두나무는 국내 최대 가상자산거래소 업비트의 운영사로 지난해 11월 네이버파이낸셜과의 포괄적 주식교환 계획을 발표했다. 두나무를 네이버파이낸셜의 완전 자회사로 편입하고 기존 두나무 주주가 네이버파이낸셜...,https://www.mt.co.kr/stock/2026/04/03/2026040315254434645,11,,1
“요즘 인뱅 대세라던데”…잘 나가는 곳 따로 있었다,특히 가상자산 거래소 ‘업비트’ 고객 예치금에 대한 이자 비용이 크게 늘어나면서 수익 증가폭을 상쇄했다. 2024년 7월 가상자산이용자보호법 시행으로 업비트 예치금 이용료율이 0.1%에서 2.1%로 크게 오르면서...,https://www.mk.co.kr/article/12007373,3,,1
[크립토퀵서치] TWAP 주문 기능이란 무엇인가요?,국내 디지털자산(가상자산) 거래소가 법인의 디지털자산 시장 참여를 대비해 법인 고객 서비스를 강화하고 있습니다. 대표적인 것이 시간가중평균가격(TWAP) 주문 기능입니다. 빗썸은 앱에서만 적용하던 TWAP 주문...,https://it.donga.com/108675/,3,,1
[특징주] 컴투스홀딩스 주가 상승...한투증권 코인원 지분 인수 검토,"사업 진출의 일환으로 코인원의 지분 인수를 검토하고 있다. 코인원은 2014년 설립된 가상자산거래소로, 업계 점유율 3위다. 컴투스홀딩스가 2대 주주로서 코인원 지분 21.95%를 확보하고 있다. 김태환 기자 kth@ekn.kr",https://www.ekn.kr/web/view.php?key=20260403027533920,4,,1
"경찰대, 디지털 금융 범죄 대응 위한 학술 토론회 개최","금융범죄분석센터와 두나무 주관으로 열리는 이번 학술토론회는 가상자산을 이용한 금융 범죄가 급증하는 가운데, 법집행기관과 민간 가상자산 거래소 간의 실효적인 협력 방안을 찾기 위해 마련됐다. 특히 국가기관에...",https://news.tvchosun.com/site/data/html_dir/2026/04/03/2026040390182.html,4,,1
한국투자증권 코인원 인수 검토하나…미래에셋-코빗 이어 증권사도 거래...,"금융위원회는 2025년 2월 법인의 가상자산 거래를 단계적으로 허용하겠다고 밝혔고, 상반기에는 법집행기관과 비영리법인, 학교법인, 가상자산거래소의 현금화 목적 매도를 허용하기로 했다. 아울러 반기에는 상장사와...",http://www.newsworker.co.kr/news/articleView.html?idxno=420391,19,,1
김병기 '5차 소환' 조사 6시간만 종료…차남 이어 부자 잇단 소환,"경찰은 차남의 대학 편입과 가상자산 거래소 취업 과정에 김 의원이 영향력을 행사했는지 집중 수사하고 있다. 이 밖에도 정치자금 수수, 배우자 법인카드 의혹, 보좌진 인사 개입 등 10여 개 의혹이 수사 대상에...",https://news.tvchosun.com/site/data/html_dir/2026/04/03/2026040390171.html,-1,,0
"경찰대학·두나무, 가상자산 범죄 대응 공공민간 학술토론회 개최","경찰과 민간 가상자산 거래소, 학계가 한자리에 모인 첫 합동 학술행사다. 이번 토론회는 보이스피싱·투자사기·연애 빙자 사기 등 금융범죄 조직이 범죄수익을 가상자산으로 전환해 자금을 세탁하는 수법이 확산하는 데...",https://www.newsis.com/view/NISX20260403_0003577039,4,,1
업비트 거래소에서 금일 가장 주목 받는 가상화폐는…,4월 3일 현재 국내 가상화폐 거래소인 업비트에서 '셀로'가 가장 높은 일일 체결강도를 보이고 있다.... 바탕으로 가상자산을 대출하는 서비스를 이용할 수 있다. 한편 가상화폐 시장 대표 자산인 '비트코인'은 4월 3일...,https://www.khgames.co.kr/news/articleView.html?idxno=303100,4,,1
코빗 이어 코인원까지…거래소 판 바꾸는 ‘금융그룹 연합’,증권사發 M&A 확산 중소 거래소 생존 해법 디지털자산 제도권 진입 국내 가상자산 거래소 지형이 변화 국면을 맞았다. [사진=챗GPT 생성] [뉴스투데이=염보라 기자] 국내 가상자산 거래소 지형이 변화 국면을 맞았다. 독립...,https://www.news2day.co.kr/article/20260403500175,7,,1
"컴투스홀딩스, 한투증권 '코인원 인수 추진설'에 8% 강세",한국투자증권이 가상자산 거래소 코인원 지분 인수를 추진한다는 사실이 알려지면서 컴투스홀딩스 주가가 8% 강세다. 3일 한국거래소에 따르면 이날 오후 1시42분 현재 컴투스홀딩스는 전장 대비 8.56% 오른...,https://www.newsis.com/view/NISX20260403_0003576951,4,,1
"[특징주] 컴투스홀딩스, 한투증권 코인원 인수 검토 '상승'","지분 인수 등을 포함해 디지털 자산 사업 진출을 모색 중이다. 2014년 설립된 코인원은 업계 점유율 3위 가상자산거래소로, 컴투스홀딩스가 더원그룹(지분율 34.30%) 다음으로 많은 지분(21.95%)을 보유한 2대 주주이다.",https://www.jeonmae.co.kr/news/articleView.html?idxno=1244967,3,,1
[특징주] 한투증권 '코인원 인수 검토' 보도에…컴투스홀딩스 7%↑,한국투자증권이 가상자산 거래소 코인원 인수를 검토하고 있다는 보도의 영향으로 보인다. 3일 한국거래소에 따르면 오후 1시 23분 기준 컴투스홀딩스는 전날보다 1240원(7.30%) 오른 1만7930원에 거래 중이다. 전날 언론...,https://www.newsworks.co.kr/news/articleView.html?idxno=836548,3,,1
"경찰대학·두나무, '디지털 금융범죄 대응' 토론회 개최","이번 학술토론회는 한국금융범죄예방협회와 한국경찰연구학회가 후원하며, 가상자산을 이용한 금융범죄가 급증하는 가운데 법집행기관과 민간 가상자산 거래소 간의 실효적인 협력 방안을 모색하기 위해 마련됐다. 최근...",http://www.edaily.co.kr/news/newspath.asp?newsid=03765446645412512,4,,1
"가상자산 범죄 급증에…경찰·두나무, 협력 모델 논의","이날 토론회에서는 수사 실무와 민간 거래소, 학술 연구, 국제 정책 등 다양한 관점에서 가상자산 범죄 대응 현황과 과제가 테이블에 올랐다. 유상현 경찰청 국가수사본부 연구사는 수사 현장에서의 제도적 공백과 실무적...",https://www.mt.co.kr/society/2026/04/03/2026040309174176280,-1,,0
가상자산 범죄 대응 위해…경찰·민간 협력 토론회 열려,"법집행기관과 민간 가상자산 거래소 간 실효적인 협력 방안을 모색하고자 하는 취지다. 이번 학술토론회에서는 가상자산 범죄 대응의 현황과 과제를 수사 실무, 민간 거래소, 학술 연구, 국제 정책이라는 네 가지 관점에서...",http://www.fnnews.com/news/202604031017295328,3,,1
"가상자산 이용 금융범죄 급증…경찰대-두나무, 공공민간 협력 논의","가상자산을 이용한 금융 범죄가 급증하는 가운데 대응 방안을 찾기 위해 경찰과 가상자산 거래소, 학계가 머리를 맞댔다. 경찰대학은 3일 금융범죄분석센터와 두나무 주관으로 '디지털 금융 범죄 대응을 위한 공공민간협력...",https://www.news1.kr/society/incident-accident/6124442,4,,1
"“어제는 지옥, 오늘은 천당”…사이드카 12번 터진 코스피, 비트코인보...","가상화폐보다 코스피가 더 위험한 자산처럼 비친 한 달이었다는 평가가 나온다. 사이드카 22번·서킷브레이커 2번…금융위기 후 최다 3일 한국거래소 집계에 따르면 3월 코스피 고가와 저가는 각각 6180.45와 5042.99, 고...",https://www.sedaily.com/article/20028002?ref=naver,9,,1
스테이블코인 시장 99% ‘달러’…‘입법 공백’ 갇힌 K-코인,목소리가 가상자산 업계 전반에서 터져 나오고 있다. 웹3 전문 리서치사 타이거리서치는 2일 보고서를 통해... 원화 스테이블코인 법제화 논의가 머뭇거리는 동안 국내 5대 거래소 거래대금은 57조원을 기록했지만...,https://www.mk.co.kr/article/12007227,5,,1
"현금 확보 vs 비트코인 집중, 어느 쪽이 맞는가?[엠블록레터]","투자 세계의 거물들이 상반된 투자 전략을 내놓아 가상자산 시장 투자자들의 이목을 집중시키고 있어요.... 금융당국, 거래소 라이선스 갱신서 ‘매도매수·교환업’ 제외 업비트·코빗 VASP 갱신 시 5개 중 3개 유형만...",https://www.mk.co.kr/article/12007224,4,,1
"DefiLlama “게이트, 최근 7일 자금 순유입 9519만달러…전 세계 1위”",DefiLlama 데이터에 따르면 가상자산 거래소 게이트(Gate)의 최근 7일 자금 순유입이 9519만달러를 넘어서며 전 세계 1위를 기록했다. 거래소 자금 순유입은 일정 기간 동안 유입된 자금이 유출된 자금보다 많았다는...,https://www.tokenpost.kr/news/breaking/345995,4,,1
[주간 코인플릭스] 26년 14주차 암호화폐 상승률 1위 알고랜드,"글로벌 가상자산 시황 중계 사이트 코인마켓캡(CoinMarketCap)에 따르면, 3월 27일 오전 10시 50분부터 4월 3일... 밈코어는 최근 바이비트(Bybit)와 게이트아이오(Gate.io) 등 주요 거래소 상장 소식이 투자 심리를 자극했다....",https://www.bizhankook.com/bk/article/31939,6,,1
"XRP, 4월 반전 시나리오 유출...""예전처럼 82% 폭등 랠리 똑같이 간다""","지난 2월 말부터 글로벌 가상자산 거래소 바이낸스(Binance)에서 매일 4,000XRP에서 최대 6,000XRP가 빠져나가는 뚜렷한 매집 정황까지 온체인 데이터로 확인되며 상승 기대감을 증폭시키고 있다. 긍정적인 온체인 지표와...",http://coinreaders.com/228559,3,,1
"대형 증권사, 가상자산 거래소 인수 움직임 확대",가상화폐 CG./연합뉴스  국내 대형 증권사들이 가상자산 거래소 인수를 검토하며 디지털 자산 사업 확장에 나서는 움직임이 이어지고 있다. 3일 업계에 따르면 한국투자증권은 가상자산 거래소 코인원 지분 인수 등 디지털...,http://www.seouleconews.com/news/articleView.html?idxno=90420,6,,1
"비트코인, 방향성 잃고 박스권 '횡보'…변동성 이어질까",지정학 리스크와 정책 불확실성 등으로 단기 변동성이 확대되는 양상이다.3일 미국 가상자산거래소 코인베이스에 따르면 이날 오전 11시 기준 비트코인은 전일 대비 1.14% 하락한 거래되고 있다. 최근 비트코인 가격은...,https://www.asiatoday.co.kr/view.php?key=20260403010000986,3,,1
"한국투자證, 코인원 인수 검토",차명훈 대표 보유 53%중 일부 지분 한투 “다양한 디지털자산 사업 검토” 한국투자증권이 디지털자산거래소... 코인원 측은 “최근 가상자산 업권에 대한 관심이 높아진 만큼 코인원에 다양한 협업 제안이 들어오고...,https://biz.heraldcorp.com/article/10709451?ref=naver,3,,1
"[특징주] 컴투스홀딩스, 한국투자증권의 '코인원' 지분 인수 검토 소식...","한국투자증권이 국내 가상자산 거래소 코인원 지분 인수를 검토한다는 소식이 전해지면서, 코인원의 2대 주주인 컴투스홀딩스의 주가가 장 초반부터 큰 폭의 상승세를 보이고 있다. 3일 오전 11시 32분 기준...",https://www.widedaily.com/news/articleView.html?idxno=291595,4,,1
"한국투자증권, 가상자산 거래소 코인원 지분 인수 검토","한국금융지주 자회사 한국투자증권이 가상자산 거래소 코인원 지분 인수를 검토하는 것으로 알려졌다. 3일 금융투자업계와 가상자산업계 등에 따르면, 한국투자증권은 디지털자산 시장 진출을 위해 코인원 지분 인수를...",http://www.fntimes.com/html/view.php?ud=2026040311022462080f4390e77d_18,4,,1
"두나무, 대학생 서포터즈 '업투' 4기 수료식 개최",가상자산 거래소 업비트를 운영하는 두나무는 지난 2일 강남구 슈피겐홀에서 업비트 대학생 팀 서포터즈 '업투(UpTo)' 4기의 활동을 마무리하는 수료식을 열었다고 3일 밝혔다. 이번 업투 4기는 총 36명의 대학생이 팀을...,https://www.widedaily.com/news/articleView.html?idxno=291586,3,,1
"[특징주] 컴투스홀딩스, 한투증권 코인원 인수 검토 소식에 강세",코인원은 2014년 설립된 업계 점유율 3위의 가상자산거래소다. 컴투스홀딩스는 코인원 지분 21.95%를 보유하고 있는 2대 주주다. 최대 주주는 더원그룹(34.30%)이다. 금융투자업계에 따르면 한국투자증권은 코인원 지분...,http://www.metroseoul.co.kr/article/20260403500121,4,,1
"[특징주] 컴투스홀딩스, 코인원 매각 검토설에 8%대 강세","전일부터 한국투자증권이 가상자산 거래소인 코인원 인수를 검토한다는 소문이 주가에 영향을 주는 것으로 해석된다. 하지만 한국투자증권은 선을 그었다. 한국투자증권 관계자는 ""디지털 자산 시장에 관심이...",https://www.kfenews.co.kr/news/articleView.html?idxno=656420,4,,1
"컴투스홀딩스 주가 장중 9%대 상승, 한국투자증권 코인원 인수 검토에 ...",컴투스홀딩스가 2대 주주로 있는 가상자산거래소 코인원 매각설에 영향을 받은 것으로 보인다. 업계에 따르면 한국투자증권은 코인원 지분 인수를 검토하고 있다. 코인원은 2014년 설립된 국내 주요 가상자산...,https://www.businesspost.co.kr/BP?command=article_view&num=434889,4,,1
코인 거래량 줄었는데 점유율은 '흔들'…약진하는 후발 거래소들,"국내 가상자산 거래소의 점유율 구도에 변화 조짐이 나타나고 있다. 전체 코인 거래량이 1년 새 큰 폭 하락하며 빗썸과 코인원, 코빗 등 거래소들은 수수료 무료 정책과 각종 이벤트를 앞세워 점유율 끌어올리기에...",https://www.sidae.com/article/2026040215492146714,4,,1
"증권가 가상자산 영토 확장…한투, 코인원 지분 인수 '태핑'",한국투자증권이 국내 3위 가상자산 거래소인 코인원의 지분 인수를 포함해 디지털 자산 사업 진출을 다각도로 검토하고 있는 것으로 알려졌다. 앞서 미래에셋그룹이 지난 2월 코빗 지분 92% 인수를 공식화하며 시장 선점에...,https://www.newsquest.co.kr/news/articleView.html?idxno=264229,3,,1
"[N2 특징주] 컴투스홀딩스, 코인원 지분 매각 기대감에 10%대 오름세",[자료=한국거래소 / 사진=네이버 페이] 컴투스홀딩스(063080)가 한국투자증권이 가상자산 거래소 코인원 지분 인수를 검토한다는 소식에 급등세다. 3일 한국거래소에 따르면 이날 오전 10시 27분 기준 컴투스홀딩스는...,https://www.news2day.co.kr/article/20260403500130,3,,1
"[오늘의 게임·IT 소식] 넥슨, 롯데월드 '메이플 아일랜드' 개장 外","◆파이오링크-틸론, HCI 기반 VDI 사업 협력 파이오링크가 틸론과 하이퍼 컨버지드 인프라(HCI) 기반 가상... ◆업비트, 대학생 서포터즈 '업투' 4기 활동 마무리 디지털자산거래소 업비트를 운영하는 두나무가 업비트...",https://dealsite.co.kr/articles/159628,0,,0
"한투, 코인원 투자 검토 ""디지털 자산사업 확대""",코인원은 국내 업계 3위 가상자산거래소다. 창업자 차명훈 대표가 총 53.44%의 지분을 보유 중이다. 최근 금융 당국이 거래소 대주주 지분 제한을 추진하고 있어 차 대표의 지분 매각설이 제기됐다. 한국투자증권 관계자는...,https://dealsite.co.kr/articles/159630,4,,1
"[ET특징주]컴투스홀딩스, 한투증권 코인원 인수 검토설에 상승세","지분 인수 등을 포함해 디지털 자산 사업 진출을 모색 중이다. 2014년 설립된 코인원은 업계 점유율 3위 가상자산거래소로, 컴투스홀딩스가 더원그룹(지분율 34.30%) 다음으로 많은 지분(21.95%)을 보유한 2대 주주이다.",https://www.etnews.com/20260403000138,3,,1
"[특징주]컴투스홀딩스, 코인원 매각 기대감에 급등",업계 점유율 3위 가상자산거래소인 코인원은 2014년 설립됐다. 컴투스홀딩스는 더원그룹 다음으로 지분(21.95%)이 많은 2대 주주다. 다만 한국투자증권은 가상자산 산업 전반에 걸쳐 다양한 가능성을 검토하고 있으나...,https://view.asiae.co.kr/article/2026040310461897067,3,,1
"컴투스홀딩스, 한투증권 코인원 인수 검토 기대감에 11%대 상승[특징주...",이번 상승은 한국투자증권의 가상자산 거래소 코인원 지분 인수 검토 소식이 영향을 준 것으로 풀이된다. 코인원은 국내 점유율 3위 가상자산 거래소다. 최근 주요 금융사들이 가상자산 시장 진출을 확대하는 흐름도...,https://www.newsway.co.kr/news/view?ud=2026040310143333233,4,,1
"""도망 못 간다""...FTX 사태, 엔지니어 370만 달러 토해냈다",미국 상품선물거래위원회(CFTC)가 파산한 가상자산 거래소 FTX의 전직 엔지니어와 370만 달러 규모의 합의를 체결하며 사태 발생 이후 처음으로 개인 단위의 제재 조치를 공식 마무리했다. 4월 3일(현지시간) 암호화폐 전문...,http://coinreaders.com/228546,7,,1
비트코인 6만6000달러대 등락…트럼프 발언 이후 관망 심리 확대,"3일 오전 10시 20분 기준 글로벌 가상자산 시황 사이트 코인마켓캡에 따르면 비트코인은 약 6만6800달러 안팎에서 거래됐다. 국내 거래소 업비트 기준 가격은 약 1억140만원 수준으로, 글로벌 시세와 유사한 흐름 속 제한적인...",http://www.nongaek.com/news/articleView.html?idxno=94985,4,,1
"토스페이먼츠, 양자내성암호 전면 도입…""가장 안전한 결제 환경 제공""",현재 국내 일부 시중은행과 가상자산 거래소 등이 기술 검증(PoC)이나 특정 VPN 구간에 한정해 도입을 시도하고 있다. 토스페이먼츠는 이번 양자내성암호 전면 적용으로 지난 4년간 이어온 보안 프로토콜 고도화 여정을...,https://zdnet.co.kr/view/?no=20260403083952,6,,1
"[특징주] 컴투스홀딩스, 코인원 딜 기대감에 12% 상승세","인수 등을 포함해 디지털 자산 사업 진출을 모색 중이다. ""2014년 설립된 코인원은 업계 점유율 3위 가상자산거래소로, 컴투스홀딩스가 더원그룹(지분율 34.30%) 다음으로 많은 지분(21.95%)을 보유한 2대 주주""라고 말했다.",http://www.issuenbiz.com/news/articleView.html?idxno=75115,3,,1
"인터넷은행 판 흔들렸다…카카오 '최대', 케이 '역성장'",실적 의존도가 높은 가상자산 거래소 업비트 관련 예치금 이용료율 상승으로 이자비용이 증가하면서 순이자이익이 감소한 영향이 컸다. 여기에 IT 투자와 마케팅 비용 확대까지 겹치며 수익성이 둔화된 것으로 풀이된다....,http://www.newslock.co.kr/news/articleView.html?idxno=128046,7,,1
"비트코인 6.6만 달러…""전쟁 리스크 완화 때 8만달러 가능""[코인브리핑...","니키타 비어 X 제품 총괄은 ""가상자산 스캠 확산의 근본적인 요인을 제부분 제거할 수 있을 것""이라고 설명했다. ""드리프트 해킹, 북한 소행 가능성"" 전날 발생한 탈중앙화 거래소(DEX) 드리프트 해킹 사건이 북한...",https://www.news1.kr/finance/blockchain-fintech/6124322,4,,1
"리플(XRP), 프라임 브로커리지 '리플 프라임' BBB 등급 획득…""현금 50억...","이 같은 다각화 전략에는 가상자산 거래 통합이 포함된 것으로 보인다. 코인게이프에 따르면, 리플... 또 KBRA는 리플 프라임의 비즈니스 모델이 현재 확장 단계에 있으며, 거래소 상장 파생상품 플랫폼에서 청산 및 중개...",https://www.cbci.co.kr/news/articleView.html?idxno=565314,3,,1
"업비트, 대학생 서포터즈 '업투' 4기 수료식 성료",사진/두나무 가상자산 거래소 업비트 운영사 두나무는 지난 2일 업비트 대학생 팀 서포터즈 '업투(UpTo)' 4기의 활동을 마무리하는 수료식을 개최했다고 3일 밝혔다. 이번 업투 4기는 총 36명의 대학생이 팀을 이뤄...,http://www.smedaily.co.kr/news/articleView.html?idxno=354991,3,,1
"컴투스홀딩스 주가 상승...한투증권, 코인원 인수 검토",한국투자증권이 가상자산 거래소 코인원 지분 인수를 검토한다는 소식에 주가가 오르는 것으로 풀이된다. 컴투스홀딩스는 코인원의 2대 주주다. 업계에 따르면 한국투자증권은 코인원의 지분 인수 등을 포함해...,https://www.gukjenews.com/news/articleView.html?idxno=3547909,4,,1
"토스페이먼츠, 국내 최초 ‘양자내성암호’ 전면 도입한다",현재 국내 일부 시중은행과 가상자산 거래소 등이 기술 검증(PoC)이나 특정 VPN 구간에 한정해 도입을 시도하고 있다. 그러나 대고객 서비스와 연결된 전체 웹서비스 및 API 서비스에 양자내성암호를 전면 적용한 사례는...,https://www.mk.co.kr/article/12007061,6,,1
"토스페이먼츠, 국내 금융·IT 업계 최초 ‘양자내성암호’ 전면 도입",현재 국내 일부 시중은행과 가상자산 거래소 등이 기술 검증(PoC)이나 특정 VPN 구간에 한정해 도입을 시도하고 있다. 그러나 대고객 서비스와 연결된 전체 웹서비스 및 API 서비스에 양자내성암호를 전면 적용한 사례는...,https://www.ddaily.co.kr/page/view/2026040309524922163,7,,1
"한국투자증권, 코인원 지분 인수 검토","2일 금융투자업계에 따르면 한국투자증권은 가상자산 거래소 코인원의 지분 인수 등을 포함해 디지털 자산 사업 진출을 모색 중이다. 한국투자증권 관계자는 ""여러 방안을 검토 중이지만, 아직 구체적으로 확정된 사안은...",https://www.pointdaily.co.kr/news/articleView.html?idxno=299607,4,,1
한국투자증권도 가상자산 시장 진출?···코인원 인수설,"2일 증권업계에 따르면 한투증권은 가상자산거래소 코인원의 지분 인수 등을 포함한 디지털자산 사업 진출을 모색 중이다. 최근 미래에셋그룹이 업계 4위 거래소 코빗의 지분 92% 인수 계획을 밝힌 가운데, 주요 증권사...",http://www.koreastocknews.com/news/articleView.html?idxno=117698,6,,1
"(특징주)컴투스홀딩스, 코인원 매각 검토설에 강세",2대 주주로 있는 국내 가상자산 거래소 코인원이 한국투자증권 인수 검토 대상으로 거론되면서 관련 기대감이 반영된 것으로 풀이됩니다. 3일 한국거래소에 따르면 오전 9시46분 현재 컴투스홀딩스는 전 거래일 대비...,http://www.newstomato.com/ReadNews.aspx?no=1296627&inflow=N,3,,1
미래에셋 이어 한투증권까지…증권사들 왜 코인 거래소 보나,"올해 상반기에는 비영리법인과 가상자산거래소의 현금화 거래를, 하반기 이후에는 상장기업과 전문투자자 등록 법인 등 3500개 사를 대상으로 매매 실명계좌 발급을 추진하겠다고 설명했다. 다만 금융회사에 대해서는...",https://www.bizhankook.com/bk/article/31933,7,,1
"[특징주] 컴투스홀딩스, 한투증권 코인원 인수 검토에 12%↑","지분 인수 등을 포함해 디지털 자산 사업 진출을 모색 중이다. 2014년 설립된 코인원은 업계 점유율 3위 가상자산거래소로, 컴투스홀딩스가 더원그룹(지분율 34.30%) 다음으로 많은 지분(21.95%)을 보유한 2대 주주이다.",https://www.yna.co.kr/view/AKR20260403045300008?input=1195m,3,,1
"경찰, 김병기 5차 조사 6시간만 종료…차남과 동시 소환 [세상&]","김 의원은 차남의 숭실대학교 편입, 가상자산 거래소 빗썸 취업 과정에서 영향력을 행사했다는 의혹을 받는다. 김 의원은 이번 조사에서도 대체로 혐의를 부인하는 취지로 진술한 것으로 알려졌다. 그는 지난달 11일 3차...",https://biz.heraldcorp.com/article/10709198?ref=naver,3,,1
"토스페이먼츠, PQC 전면 도입…""금융 데이터 장기적 기밀성 확보""","토스페이먼츠는 ""현재 국내 일부 시중은행과 가상자산 거래소 등이 기술검증(PoC)이나 특정 VPN 구간에 한정해 도입을 시도하고 있으나 대고객 서비스와 연결된 전체 웹서비스 및 API 서비스에 PQC를 전면 적용한 사례는...",https://www.itbiznews.com/news/articleView.html?idxno=208751,7,,1
"[특징주] 컴투스홀딩스, 한투증권 코인원 인수 검토설에 10%↑",2대 주주로 있는 국내 가상자산 거래소 코인원이 한국투자증권 인수 검토 대상으로 거론되면서 관련 기대감이 반영된 것으로 풀이된다. 3일 오전 9시 42분 현재 컴투스홀딩스는 전 거래일 대비 13.11% 오른 1만8900원에...,https://www.etoday.co.kr/news/view/2572416,3,,1
"[특징주] 컴투스홀딩스, 한국투자증권의 코인원 지분 인수 검토 '강세'",컴투스홀딩스는 코인원의 2대 주주로 한국투자증권이 가상자산거래소 코인원 지분 인수를 검토한다는 소식이 투심을 자극한 것으로 보인다. 3일 한국거래소에 따르면 이날 오전 9시 32분 기준 컴투스홀딩스는 전...,https://www.g-enews.com/view.php?ud=2026040309302385244093b5d4e_1,3,,1
"한투 지분 인수설…코인원, ""여러 가능성 열어둬"" 신중",| 서울=한스경제 최천욱 기자 | 한국투자증권이 가상자산거래소 코인원 지분 인수를 검토 중인 것으로 알려진 가운데 코인원 측은 여러 가능성을 열어두고 있다며 신중한 입장을 내비쳤다. 3일 금융투자업계에 따르면...,http://www.hansbiz.co.kr/news/articleView.html?idxno=830128,4,,1
"한투증권, 코인원 지분 인수검토 ""디지털 자산에 관심""",한국투자증권(한투증권)이 가상자산거래소 업계 3위 코인원 지분 인수에 나설지 주목된다. 3일 업계에 따르면 한투증권은 코인원 지분 인수 등 디지털 자산사업 확대 방안을 검토 중이다. 코인원은 2014년 출범한...,https://www.dailybrief.co.kr/news/articleView.html?idxno=5497,3,,1
"업비트, 대학생 서포터즈 4기 수료식 개최",가상자산 거래소 업비트를 운영하는 두나무는 2일 서울 강남 슈피겐홀에서 업비트 대학생 팀 서포터즈 '업투(UpTo)' 4기의 활동을 마무리하는 수료식을 개최했다고 밝혔다. 이번 업투 4기는 총 36명의 대학생이 참가했다....,https://view.asiae.co.kr/article/2026040309304131714,3,,1
한투증권 코인원 인수설에…컴투스홀딩스 10%대 급등[특징주],한국투자증권이 가상자산거래소 코인원 지분 인수를 검토한다는 소식에 컴투스홀딩스(063080)가 강세다. 컴투스홀딩스는 코인원의 2대 주주다. 3일 엠피닥터에 따르면 이날 오전 9시 22분 기준 컴투스홀딩스는 전...,http://www.edaily.co.kr/news/newspath.asp?newsid=03102886645412512,3,,1
"토스페이먼츠, '양자내성암호' 전면 도입",현재 국내 일부 시중은행과 가상자산 거래소 등이 기술 검증(PoC)이나 특정 가상사설망(VPN) 구간에 한정해 도입을 시도하고 있다. 토스페이먼츠는 대고객 서비스와 연결된 전체 웹서비스 및 API 서비스에 양자내성암호를...,http://www.srtimes.kr/news/articleView.html?idxno=200306,6,,1
"토스페이먼츠, '양자내성암호' 도입…미래 양자컴퓨터 해킹 미리 막는다","현재 국내 일부 시중은행과 가상자산 거래소 등이 기술 검증(PoC)이나 특정 VPN 구간에 한정해 도입을 시도하고 있지만, 대고객 서비스와 연결된 전체 웹서비스 및 API 서비스에 양자내성암호를 전면 적용한 사례는...",https://www.news1.kr/finance/general-finance/6124130,6,,1
새정부 첫 금융위 출신 수장…이윤수 예탁원 신임 사장 과제는,"이 과정에서 한국거래소와 증권업계의 이견 조율이 관건이다. 그 외 토큰증권 플랫폼 구축, 가상자산 현물 상장지수펀드(ETF) 제도화 등 한국 자본시장 미래가 걸린 과제들이 산적해 있다. 내부 분위기는 대체로...",https://news.einfomax.co.kr/news/articleView.html?idxno=4407562,13,,1
"토스페이먼츠, '양자내성암호' 전면 도입 ""국내 금융·IT 업계 최초""",현재 국내 일부 시중은행과 가상자산 거래소 등이 기술 검증(PoC)이나 특정 VPN 구간에 한정해 도입을 시도하고 있다. 그러나 대고객 서비스와 연결된 전체 웹서비스 및 API 서비스에 양자내성암호를 전면 적용한...,http://www.newsroad.co.kr/news/articleView.html?idxno=57248,7,,1
"비트코인 1억184만 원대 하락, 구조적 취약성에 내림세 가속 가능성 나...",사진은 가상화폐 그래픽 이미지. 3일 가상화폐거래소 업비트에서 오전 8시31분 기준 비트코인은 24시간... 가상자산시장분석플랫폼 글래스노드는 이란 전쟁 같은 거시경제 불확실성뿐 아니라 시장 자체에서...,https://www.businesspost.co.kr/BP?command=article_view&num=434872,3,,1
토스페이먼츠 국내 금융·IT 최초 양자내성암호 전면 도입,"현재 국내 일부 시중은행과 가상자산 거래소 등이 기술 검증이나 특정 VPN 구간에 한정해 도입을 시도하고 있지만, 대고객 서비스와 연결된 전체 웹서비스 및 API 서비스에 양자내성암호를 전면 적용한 사례는...",https://www.econovill.com/news/articleView.html?idxno=735911,7,,1
"케이뱅크 주가, 카카오뱅크 전철 밟나","한국거래소에 따르면, 전날인 2일에도 주가가 약세를 이어가며 종가 기준 사상 최저치(5천790원)를... 가상자산 시장 변동성에 따라 케이뱅크의 은행 기초체력이 흔들릴 수 있다는 우려는 플랫폼으로서의 안정성을...",http://www.globalepic.co.kr/view.php?ud=2026040308423766777cc35ccc5c_29,7,,1
"토스페이먼츠, 양자컴 위협 맞서 '양자내성암호' 전면 도입",현재 국내 일부 시중은행과 가상자산 거래소 등이 기술 검증(PoC)이나 특정 VPN 구간에 한정해 도입을 시도하고 있다. 그러나 대고객 서비스와 연결된 전체 웹서비스 및 API 서비스에 양자내성암호를 전면 적용한 사례는...,http://www.edaily.co.kr/news/newspath.asp?newsid=02896246645412512,6,,1
"토스페이먼츠, 국내 금융·IT업계 최초로 '양자내성암호' 전면 도입",현재 국내 일부 시중은행과 가상자산 거래소 등이 기술 검증(PoC)이나 특정 VPN 구간에 한정해 도입을 시도하고 있다. 그러나 대고객 서비스와 연결된 전체 웹서비스 및 API 서비스에 양자내성암호를 전면 적용한 사례는...,https://www.newspim.com/news/view/20260403000131,7,,1
[오늘의 비트코인] 트럼프 이란 폭격에 급락…6만6000달러대,미국 암호화폐 거래소 코인베이스에 따르면 3일 오전 8시 기준 비트코인 가격은 24시간 전보다 1.62% 내린... 한편 글로벌 가상자산 데이터 조사 업체 얼터너티브(Alternative)에서 집계하는 '공포 및 탐욕 지수'는 이날...,https://news.dealsitetv.com/articles/168031,7,,1
1분기 거래량 75% 스테이블코인,/이미지=ideogram ai | 서울=한스경제 전시현 기자 | 3일 가상자산 거래소 CEX.IO 보고서에 따르면 올해 1분기 스테이블코인 공급량은 3150억달러로 사상 최대를 기록했다. 전체 가상자산 거래량에서 스테이블코인이 차지한...,http://www.hansbiz.co.kr/news/articleView.html?idxno=830084,4,,1
[기획] 전쟁 장기화 우려로 건설 현장 원자잿값 ‘꿈틀’...재개발·재건...,"유가·환율 동반 상승, 운송비 증가, 호르무즈 해협 봉쇄 등에 따라 일부 자재 공급에 문제가 발생하기 때문인 것으로 알려졌다. ◇ 나프타 수급 차질로 건설자재 기업 가격 인상 부담 건설 현장에서는 원유에서 추출한...",https://www.m-economynews.com/news/article.html?no=66100,3,,1
중동 직격탄…구원투수 국민연금이 산 종목은,최근 원자재 가격과 환율이 상승하는 가운데 종합상사인 LX인터내셔널은 석탄·석유·팜오일 등 원자재와 각종 소재를 거래하며 석탄 광산도 보유하고 있습니다. 유가가 치솟으면서 석탄이 일부 대체재 수요를...,https://biz.sbs.co.kr/article_hub/20000301940?division=NAVER,3,,1
1945년산 로마네 콩티 경매 최고가 경신...12억원에 낙찰,"그동안 경매에서 팔린 가장 고급 와인은 역시 1945년산 로마네 콩티로, 2018년 뉴욕 소더비 경매에서 55만8천달러(당시 환율 기준 약 6억3000만 원)에 낙찰됐다. 로마네 콩티는 세계 최고급 부르고뉴 와인으로 이...",https://www.munhwa.com/article/11579779?ref=naver,4,,1
"""무조건 휘발유 1ℓ 1600원 맞춰라""…중동 정세에 보조금 쏟는 日 [뭔日...","종전 기대감에 장 초반 순조롭게 출발했던 도쿄 주식 시장은 급락했고, 환율에도 영향을 미쳤죠. 가장 문제가 되는 것은 유가입니다. 연설 내용을 토대로 추측해보면 앞으로 2~3주는 원유 수급 차질이 발생할 가능성이...",https://view.asiae.co.kr/article/2026040315085801098,4,,1
"[중간점검, 생산적 금융①] 기업대출 늘었지만···자금은 여전히 부동...",중동사태로 인한 고환율·고유가·고금리 '3고(高)'가 한국경제를 덮치면서 선택과 집중이 필요한 '생산적... 중동 리스크로 환율과 시장금리 변동성이 커지면서 기업 투자 심리가 흔들릴 가능성이 커졌다. 생산적 금융은...,https://www.seoulfn.com/news/articleView.html?idxno=625593,6,,1
"샤넬 가방 사려했는데…""도대체 몇번째냐"" 불만 나온 이유","명품업계는 원자재 가격과 물류비, 환율 등을 가격 인상 배경으로 설명했다. 중동발 불안으로 산업 전반의 운임 부담이 커진 것은 사실이지만 명품 브랜드들은 그 이전부터 가격 인상을 이어오고 있어 소비자...",https://www.hankyung.com/article/202604037377g,3,,1
건설공사비 사상 최고치 찍었다…국토부 ‘비상경제 TF’ 격상[코주부],"유가·환율 상승과 운송비 증가, 나프타 수급 불안 등이 겹치면서 주요 자재 가격이 오르자 일부 아파트 건설 현장에는 공사 지연 가능성 등을 예고하는 공문이 발송되기도 했다. 중동 전쟁이 장기화될 조짐을 보이면서...",https://www.sedaily.com/article/20028123?ref=naver,3,,1
석유화학 위기에 전쟁까지… 여수의 눈물,"석유화학 폐기물 후처리 약품 제조업체 대표 남모씨는 주간조선에 ""하청업체들은 지금의 산단 위기는 물론 환율 상승에 더 큰 타격을 입는다""며 ""대기업 공장 직원들과 달리 소규모 업체들은 대부분 직원들이 그만뒀고...",http://weekly.chosun.com/news/articleView.html?idxno=50293,3,,1
1945년산 로마네 콩티 12억원에 경매 낙찰…최고가 경신,"현재 환율로 치면 12억3천만원에 달합니다. 그동안 경매에서 팔린 가장 고급 와인은 역시 1945년산 로마네 콩티로, 2018년 뉴욕 소더비 경매에서 55만8천달러(당시 환율 기준 약 6억3천만원)에 낙찰됐습니다. 로마네...",https://biz.sbs.co.kr/article_hub/20000302035?division=NAVER,4,,1
유가 급등 직격탄 맞은 항공업계…운항 축소에 채용도 ‘긴장’,특히 항공유는 환율 영향까지 함께 받는 만큼 비용 부담이 복합적으로 확대되는 특징이 있다. 간접 영향도 동시에 나타난다. 유가 상승은 전반적인 물가 상승 압력으로 이어지며 소비심리를 위축시킬 수 있다. 이에 따라...,https://economist.co.kr/article/view/ecn202603300068,3,,1
"변동성 장세 장기화…""포트폴리오, 수익보다 생존이 먼저""","김주연 미래에셋증권 연구원은 ""호르무즈 해협 개방 논의가 이어지며 환율 하락과 증시 반등이 나타났다""면서도 ""중동 전쟁의 최대 피해국으로 한국과 일본이 지목되는 만큼 불확실성은 완전히 해소되지 않았다""고...",https://www.sidae.com/article/2026040316124274081,3,,1
일단 가격 인상부터...'버티기' 돌입한 저가형 커피업계,"업계 관계자는 ""원두값, 환율, 인건비 등 전반적으로 사업 비용이 모두 상승하는 상황인데 따라 저가커피 브랜드들이 저가 정책을 유지하기 어려운 상황이 전개되고 있다""고 말했다. 이 가운데 메가커피가 홈플러스...",https://www.pointdaily.co.kr/news/articleView.html?idxno=299541,3,,1
찾는 사람 줄었는데 치솟는 우유값… “영세-高비용 생산구조 탓”,국제 곡물 가격이나 환율이 오르면 생산비도 크게 오르는 구조다. 낙농업계 관계자는 “2021∼2024년 우유 생산비는 L당 175원 올랐지만 원유 가격 인상 폭은 88원에 그쳤다”며 “이마저도 폭등한 사료값을 겨우 막는...,https://www.donga.com/news/Economy/article/all/20260403/133672164/2,3,,1
"카드고릴라, '1분기 인기 체크카드 TOP10' 발표…케이뱅크 ONE 체크 1위","환율 우대, 해외 수수료 면제, 현지 통화 결제 서비스 등의 트래블카드 기본 기능을 갖추고 있다.... 10위는 'KB국민 트래블러스 체크카드(토심이)'로 환전 시 환율 우대, 해외 수수료 면제 등 해외 여행 혜택뿐만...",http://www.bizwnews.com/news/articleView.html?idxno=132328,0,,0
[주식 매매 상위 종목 및 환율] 2026년 4월 3일자,2026년 4월 3일자,https://www.chosun.com/economy/stock-finance/2026/04/04/UYEFH3FVZVAEVBXULFKJOGSH3M/?utm_source=naver&utm_medium=referral&utm_campaign=naver-news,4,,1
"라이엇플랫폼즈, 1분기 3,778 BTC 매각…채굴업계 매도 압력 확대되나","매각 대금은 약 2억8,950만 달러(환율 1,510.30원 기준 약 4,372억 원)로, 그간 채굴 물량을 축적해온 기조에서 벗어나 ‘현금 유동성’ 확보로 무게중심을 옮긴 모습이다. 회사의 비트코인 보유량 감소는 분기 단위...",https://www.tokenpost.kr/news/cryptocurrency/346217,7,,1
[비즈니스 인사이트] 배신의 경제학,"예산을 세울 때 환율은 얼마로 추정했는지, 국제 원자재 가격은 어떻게 예상했는지 등 극히 기초적인 가설도 물어보라. 배신을 당한 그대에게 배신당했다고 너무 자책할 필요는 없다. 배신 자체는 여러분이 저지른 것이...",https://www.hankyung.com/article/2026040377391,3,,1
"[사설] 노봉법 첫 원청 ‘사용자성’ 인정, 산업현장 대혼란 우려",중동 전쟁으로 유가·물가·환율이 뛰고 공급망 위기가 심각하다. 이런 와중에 ‘누가 진짜 사장인가’를 따지는 노사 갈등과 불확실성을 키우는 것은 백해무익한 자해 행위나 다름없다. 노란봉투법은 당초 사용자 범위...,https://www.sedaily.com/article/20028199?ref=naver,3,,1
"세계서 가장 비싼 와인…1945년산 로마네 콩티, 12억원에 낙찰","그동안 경매에서 팔린 와인 중 최고가는 역시 1945년산 로마네 콩티로, 2018년 뉴욕 소더비 경매에서 55만8000달러(당시 환율 기준 약 6억3000만원)에 낙찰된 바 있다. 로마네 콩티는 세계 최고급 부르고뉴 와인으로...",https://www.joongang.co.kr/article/25417386,4,,1
"와인 한 병이 아파트 값… 1945년산 로마네 콩티, 12억에 낙찰","기존에는 다른 1945년산 로마네 콩티가 2018년 뉴욕 소더비 경매에서 55만8000달러(당시 환율 기준 약 6억3000만원)에 낙찰된 바 있다. 로마네 콩티는 세계 최고급 부르고뉴 와인으로, 이 와인 제조에 사용되는 포도인...",https://www.chosun.com/international/international_general/2026/04/03/55MKR6J2HRBKXHEG5O4CCBUKAU/?utm_source=naver&utm_medium=referral&utm_campaign=naver-news,4,,1
"1945년산 '로마네 콩티' 뭐길래…최고가 경신, 12억원에 경매 낙찰","그동안 경매에서 최고가에 팔린 와인 역시 1945년산 로마네 콩티로, 앞서 2018년 뉴욕 소더비 경매에서 55만8000달러(당시 환율 기준 한화 약 6억3000만원)에 낙찰됐다. 로마네 콩티는 세계 최고급 부르고뉴 와인으로...",https://www.hankyung.com/article/2026040381757,4,,1
"환율불안 대비…기획처 ""추경 목적예비비 보강""","최근 고환율 기조가 이어지며 일각에서 환율 변동에 따른 외화예산 과부족 우려가 나오자 기획처는 ""정부는 이를 대비하기 위해 예산의 이·전용, 예비비, 외화예산 환전제도 등 다양한 대응 방안을 운영하고 있다""고...",https://news.tvchosun.com/site/data/html_dir/2026/04/03/2026040390321.html,3,,1
1945년산 로마네 콩티 12억원에 경매 낙찰,"현재 환율로 환산하면 약 12억3000만원에 이른다. 기존 최고가 기록 역시 1945년산 로마네 콩티가 갖고 있었다. 이 와인은 2018년 뉴욕 소더비 경매에서 55만8000달러, 당시 환율 기준 약 6억3000만원에 낙찰된 바 있다....",https://www.mk.co.kr/article/12007832,4,,1
[4월4일자] 비즈니스포스트 아침의 주요기사,"● 한은 '역대급' 개입에도 환율 1500원대 요지부동, 총재 후보자 신현송 앞에 놓인 '고환율' 난제 ● 미국 AI 데이터센터 증설에 전력기기 공급 부족, 효성중공업 HD현대일렉트릭 LS일렉트릭 수혜 커진다 ● 삼성·SK 이어...",https://www.businesspost.co.kr/BP?command=article_view&num=434969,8,,1
"주호영 컷오프 유지…임세은 ""주호영 정치적 타격 불가피"" 권영현 ""무소...",지금 고유가와 우리 지금 환율 정말 경제적인 이 지금 문제가 총체적으로 난국인데 이러한 상황에서 저희가 추경은 필요합니다. 그렇다면 복지의 어떤 사각지대에 있는 약자들 그리고 청년 세대 어떤 주거 지원이라든지...,https://www.natv.go.kr/natv/news/newsView.do?newsId=513018,3,,1
"'중동 사태' 인천 中企 피해...""물류서 원자재로 확산""","인천시 중동 사태 지원 정책을 건의하며 태스크포스팀에 참여해온 인천상공회의소는 ""중동 사태 초반부터 제조 기업 대부분 영향을 받았는데, 환율과 물류비 영향이 컸기 때문에 인천시에 수출 기업 대상으로 물류비...",https://news.ifm.kr/news/articleView.html?idxno=468251,3,,1
할인 행사에 장사진…‘중동 여파’ 물가 상승에 부담 가중,"한우를 포함한 국산 소고기값은 사육 마릿수 감소로 6.8%, 수입산은 생산 감소와 환율 영향으로 9% 상승했습니다. 달걀도 고병원성 조류인플루엔자 여파로 11% 오르며 가계 부담을 더 했습니다. 다만, 과실이나 채소는...",https://news.kbs.co.kr/news/pc/view/view.do?ncd=8526653&ref=A,3,,1
"[기업공시] STX, 삼성에스디에스, HD한국조선해양, SKC, DB손해보험 외","(기준환율 1,507.80원 적용) [공시관계분석] 최근 매출액(82,279,635,343원) 대비 29.09% 비중의 대규모... 방식 (환율 USD 1 = 1,507.80원 적용) [공시관계분석] 연결 기준 최근 매출액(17,580,600,000,000원) 대비 3.48...",https://www.kdpress.co.kr/news/articleView.html?idxno=203983,3,,1
"국내시장 복귀계좌(RIA), 출시 열흘 만에 9.2만좌 개설","화이트페이퍼, WHITEPAPER(자료=금투협)  정부의 환율 안정과 국내 자본시장 활성화를 지원하는 RIA(국내시장 복귀계좌)가 지난달 23일 출시 열흘 만에 9만좌 넘게 가입한 것으로 나타났다. 3일 금융투자협회에...",http://www.whitepaper.co.kr/news/articleView.html?idxno=260568,4,,1
[데일리안 오늘뉴스 종합] 정원오 떠나자 '도이치모터스' 흔적 지우기?·...,"안철수 의원은 3일 페이스북에 ""주가, 환율, 유가로 국민은 피눈물을 흘리는데, 이재명 정부와 여당은... 환율은 1520원대를 넘보고 유가는 100달러에 이르렀으며 코스피는 4% 이상 급락했다. 국민은 피눈물을 흘리고...",https://www.dailian.co.kr/news/view/1629555/?sc=Naver,7,,1
"휴머노이드·AI반도체·전력인프라까지…ETF 4종, 7일 신규 상장","AI 확산에 따른 전력 수요 증가 흐름에 대응하는 상품으로, 환헤지를 하지 않아 환율 변동 위험에 노출될 수 있다. 거래소는 이들 상품이 각기 다른 구조와 위험 특성을 갖고 있는 만큼, 투자 전 상품 구조와...",https://www.econovill.com/news/articleView.html?idxno=736056,3,,1
K-푸드+ 1분기 수출 33억5000만 달러로 순항,"김정욱 농식품부 농산업혁신정책실장은 ""중동 전쟁 장기화로 유가와 환율 상승 등에 따른 K-푸드+ 수출기업의 어려움이 가중되고 있다""며 ""정부는 수출기업의 리스크 대응 강화를 위해 최신 물류 정보 제공, 물류...",http://www.aflnews.co.kr/news/articleView.html?idxno=318014,4,,1
"[고병욱의 경제동향] 환율과 부동산 : 보이지 않는 가격, 그러나 절대적...","바로 환율이다. 환율은 단순히 수출입 기업의 손익을 좌우하는 지표를 넘어, 한 나라의 자본 흐름과 금융 환경, 그리고 투자 심리를 동시에 흔드는 변수다. 다만, 중요한 점은 환율이 부동산 가격을 직접적으로 결정하는...",https://www.lcnews.co.kr/news/articleView.html?idxno=200191,4,,1
"[기획story] '관세 전쟁 1년' 한국 수출 전략, 재설계가 시작됐다","수출 대기업들은 대응 방안으로 수출시장 다변화(26.9%), 글로벌 생산·조달·물류 구조 재조정(19.8%), 환율 리스크 관리 강화(16.5%) 순으로 꼽고 있다. 정부에 바라는 것도 분명하다. 관세율 최소화를 위한 협상력 확보...",https://www.todayeconomic.com/news/article.html?no=30120,6,,1
[기자수첩] 항공편 취소보다 분노하는 것,소비자도 이미 전쟁과 환율로 인해 원유 수급 상황이 원활하지 못하다는 것을 이미 알고 있다. 또 약관에 동의 했기때문에 '사전 예고 없는 통보'를 받아들여야만 하는 것도 안다. 그럼에도 분노하는 것은 국가 위기의...,https://www.consumuch.com/news/articleView.html?idxno=77740,3,,1
"[이로운시선]""석기시대""만 외친 트럼프…협상 없는 전쟁, 미국이 만든 중...","호르무즈 해협 불안은 원유 수입 비용 상승으로 이어질 수 있고, 국제유가 급등과 환율 불안은 국내 물가와... 전쟁의 여파가 유가, 환율, 물가를 통해 국내 민생경제에 도미노 충격을 주고 있다는 점에서 반전 요구는 곧...",https://www.eroun.net/news/articleView.html?idxno=77340,3,,1
"구윤철 ""외환수급 개선될 것""…RIA 현장점검 나서",RIA(Reshoring Investment Account)는 환율 안정과 국내 자본시장 활성화를 목적으로 도입된 전용 계좌다. 해외 주식에 투자하던 이른바 '서학개미'가 해당 계좌로 자산을 이전해 매도한 뒤 원화 자산이나 국내 주식 등에...,https://www.econovill.com/news/articleView.html?idxno=736036,5,,1
"국힘, 7일 여야정 오찬 회동 수락…""민생 어려움 타파하기 위한 차원""","박 수석대변인은 ""지금은 중동 전쟁으로 환율과 물가 등 여러 문제가 시장에 넘쳐나는 상황""이라며 ""고환율·고물가로 인한 어려움을 하루빨리 해결하기 위해 여야정이 머리를 맞대야 할 시기로 판단했다""고 설명했다. 이어...",https://www.wolyo.co.kr/news/articleView.html?idxno=310605,3,,1
"hy, 매출 1.9% 감소에도 1조 유지…수익성은 후퇴","hy 관계자는 “내수 부진 속에서 매출이 소폭 감소했고 원부자재, 환율, 물류비, 인건비 상승이 수익성에 영향을 미쳤다”고 밝혔다. 회사 측은 기존 투자 성과가 향후 실적 개선으로 이어질 것으로 보고 있다.",http://www.edaily.co.kr/news/newspath.asp?newsid=04683846645412512,4,,1
[주요공시] 4월 3일 오후,"계약금액은 약 6117억원(계약일 기준 환율 USD 1=1507.80원 적용)으로, 2025년 연결 기준 최근 매출액(약... 계약금액은 약 184억원(부가세 포함, 계약일 기준 환율 1518.80원/USD 적용)으로, 에스케이플라즈마의 2025년말...",https://www.ebn.co.kr/news/articleView.html?idxno=1704415,3,,1
"현대백화점, 신라·신세계도 나가 떨어졌는데…'독이 든 성배' 인천공항...","그러나 실제로 돌아온 중국인 관광객들은 면세점 대신 올리브영·다이소·무신사로 향했고, 내국인은 온라인 면세점이나 환율이 낮은 일본에서 쇼핑하는 패턴이 굳어졌다. 2025년 9월 외국인 구매 인원은...",https://www.newsquest.co.kr/news/articleView.html?idxno=264242,3,,1
서학개미 국장 복귀 본격?..RIA 열흘 만에 4800억 유입,"환율 안정과 국내 자본시장 활성화를 동시에 겨냥한 제도로, 투자자들의 절세 수요와 맞물리며 빠르게... 신한투자증권은 비대면 계좌 개설과 거래 전 과정을 모바일에서 제공하며 접근성을 강화하고, 수수료 및 환율...",http://www.4th.kr/news/articleView.html?idxno=2110005,4,,1
"전쟁發 공사비 인상 도미노 … 건설사, 마천4구역에 ""75% 올려달라""","유가·환율 상승과 운송비 증가, 나프타 수급 불안 등이 겹치면서 주요 자재 가격이 오르자 공사비 역시 상승 압박을 강하게 받고 있다. 이란 전쟁 발발 후 주요 건설 원자재 가격이 크게 올라 단열재와 방수재, 페인트...",https://www.mk.co.kr/article/12007631,3,,1
"7일 청와대 여야정 회담 …""중동발 경제위기 초당적 대응""","송 원내대표는 앞서 지난달 31일 원내대책회의에서 환율과 물가·유가 등 경제 상황 점검을 위한 여야정 협의체 구성을 제안했던 바 있다. 당시 그는 ""중동 리스크로 인한 경제 불안이 안정세를 되찾을 때까지 국정조사와...",https://www.mk.co.kr/article/12007637,3,,1
"SK디스커버리, 183억 6천만 원대 혈액제제 공급계약→수출 기반 강화","78% 수준으로, 향후 환율 변동 및 공급 실적 등에 따라 금액이 달라질 수 있다. 공급지역은 사우디아라비아이며, 계약금액 산정에는 2026년 4월 3일 기준 KEB하나은행 최초고시 매매기준환율(1,518.80원/USD)이...",https://www.topstarnews.net/news/articleView.html?idxno=16024941,7,,1
RIA 출시 열흘 만에 9만 계좌 돌파…누적 잔액 5000억 ‘목전’,"RIA는 환율 안정과 국내 자본시장 활성화를 목적으로 지난달 23일 출시된 특별 전용 계좌다. 개인투자자는 지난해 12월 23일 전에 보유하고 있었던 해외주식을 매도하고, RIA 계좌를 통해 1년간 국내 주식시장에...",https://www.sedaily.com/article/20028160?ref=naver,4,,1
"[체크!해주] 실적 부진 나이키, 어두운 중국 시장 전망에 주가 16%↓",1% 상승했지만 환율 영향을 감안하면 3% 감소했다. 영업이익은 5억5300만달러(약 8398억9640만원)를 기록해... 환율 영향을 제외 시 감소폭은 10%로 커진다. 유럽 및 중동 역시 환율 영향을 제외하면 7% 감소한...,https://www.sidae.com/article/2026040308465143442,6,,1
RIA 흥행에 서학개미 유치전 치열화… 대형사 웃고 중소형사 울고,"세제 감면 혜택에 투자 수익, 환율 효과까지 누리려면 RIA 계좌를 빠른 시간 안에 가입하는 것이 일반 투자자들에게 큰 도움이 됩니다.""]공격적으로 해외 주식에 투자를 한 4050 등 상당수 투자자들이 RIA를 계기로 국내...",https://news.mtn.co.kr/news-detail/2026040316380669491,4,,1
“태양광 늘린다고 나프타 확보되나”…반도체·조선업까지 덮친 안보비...,수송 비용만 따져도 1조 5000억~2조 7000억 원(2025년 평균 환율 적용)의 비용을 줄일 수 있다는 얘기다. 여기에 운송 기간이 짧고 국내 정유 설비가 중동산 중질유 처리에 최적화돼 있다는 점도 중동 의존도를 고착화시킨...,https://www.sedaily.com/article/20028150?ref=naver,3,,1
"세원물산, SEWON AMERICA 채무보증 연장 결정",이는 2026년 4월 3일 기준 환율인 1달러당 1518.80원을 적용한 금액이다. 세원물산은 1994년 12월 29일 코스닥 시장에 상장된 자동차 신품 부품 제조업체다. 2026년 4월 3일 장마감 기준 세원물산의 주가는 전일...,https://www.digitaltoday.co.kr/news/articleView.html?idxno=653363,7,,1
"제이스텍, 2차전지 제조설비 공급계약 해지 발표","이번 해지는 2024년 7월 2일 체결된 단일판매ㆍ공급계약의 해지 공시로, 해지금액은 USD 3400만달러이며, 2024년 7월 1일 서울외국환중개시장 매매기준율 고시환율 1382.40원으로 환산된 금액이다. 한편...",https://www.digitaltoday.co.kr/news/articleView.html?idxno=653364,4,,1
[표] 외국환율고시표,,https://www.mk.co.kr/article/12007589,3,,1
"구윤철 ""RIA 등 3종세트·국민연금 개편...외환수급 개선될 것""",RIA는 환율 안정과 국내 자본시장 활성화를 목적으로 출시된 특별 전용 계좌입니다. 이른바 '서학 개미'가 해외주식을 이 계좌로 입고·매도한 뒤 원화나 국내 주식 등에 재투자하고 1년 이상 유지하면 해외주식...,https://www.ytn.co.kr/_ln/0102_202604031743358528,5,,1
"""너희들 삼전·하닉 샀어?""···목표주가 장사의 끝, AI로 인력 대체","그러나 시장은 금리, 환율, 지정학, 기술 변화, 수급 구조 등 조건이 끊임없이 바뀌는 비선형 시스템이기 때문에 과거 구간에서 형성된 가격과 흐름을 그대로 복제하는 순간 전제 자체가 무너진다. 즉 외삽은 분석이 아니라...",https://www.womaneconomy.co.kr/news/articleView.html?idxno=252041,5,,1
"AI 메모리 호황의 역설…삼성, 갤S25 ‘출시 후 인상’ 카드 꺼낸 이유",삼성전자 관계자는 “핵심 부품 가격 상승과 환율 변동이 겹치면서 일부 제품 가격 인상이 불가피했다”며 “그동안 가격 동결 기조를 유지해왔지만 최근 환경 변화로 인해 조정이 필요했다”고 설명했다.,https://www.kukinews.com/article/view/kuk202604030156,3,,1
"국힘, '여야정 회동'에 ""벼랑끝 민생 어려움 가감 없이 전할 것""","중동 전쟁 등으로 민생의 어려움이 벼랑 끝에 몰려있고 환율, 물가 등 여러 문제가 넘치는 상황""이라며 ""하루빨리 이를 해결하기 위해 여야정이 머리를 맞댈 시기""라고 답했다. 한편 박 수석대변인은 장 대표의 공개 일정을...",https://www.yna.co.kr/view/AKR20260403134700001?input=1195m,3,,1
"""현대차, 1분기 영업익 3.15조원 전망… 자율주행·로보틱스 기대감↑"" ...",SK증권은 3일 현대차가 우호적인 환율과 고부가 차종 중심의 믹스 개선에 힘입어 시장 기대치를 소폭... 기말 환율 급등에 따른 판매보증 충당금 증가와 미국 관세 영향(약 1.1조 원 추정) 등이 영업이익 증가폭을 다소...,http://www.biztribune.co.kr/news/articleView.html?idxno=351830,7,,1
"""한자리수 달성 가능할 듯""","환율도 높아, 경제도 망가져(공감 11) 적당히 해라(공감 10) 물가가 점점 처오르는데, 뭔 맨날 지지율 타령(공감 7) 공정 여론 반영되면 얼마나 추락할지 지켜볼께(공감 7) 짱동혁이 계속 당대표 해줭(공감 2) 다음에서...",https://www.bigtanews.co.kr/article/view/big202604030011,3,,1
"hy, 작년 매출 줄었지만 '1조 클럽' 유지…""비용 상승 영향""","hy 관계자는 ""어려운 내수 환경 속에서 전년 대비 매출이 소폭 하락했으며 원부자재, 환율, 물류비, 인건비 등 비용 상승에 따른 수익성이 줄었다""고 설명했다. 이어 ""기존 투자했던 성과들이 올해는 성과로 전환될...",https://www.newsis.com/view/NISX20260403_0003577425,3,,1
ETF 4종 신규 상장 예고…'AI 인프라·휴머노이드 로봇' 대상 삼아,"한편 액티브 ETF와 환 노출 ETF는 운용 능력에 따른 성과 차이와 환율 변동 위험에 노출될 수 있다. 거래소는 ""총보수 이외에 기초지수 사용료나 매매 비용 등 기타 비용이 추가로 발생할 수 있다""면서 ""투자자...",https://www.sidae.com/article/2026040316284684987,3,,1
"""최고의 미술품 구입 기회 … 홍콩에서 왔어요""","아트오앤오(ART OnO), 둘째날도 이어진 컬렉터 행렬 중동위기·고환율 불안감에도 유망작가 투자 수요는 안... 중동발 지정학적 위기와 환율 변동성 등 불확실성이 커진 상황에도 유망 작가의 작품을 선점하려는 투자 수요는...",https://www.mk.co.kr/article/12007545,3,,1
"'실적 착시' 정유사, 1분기 흑자에도 속 탄다","오히려 원유 수급 불안과 운임비 상승, 고환율에 따라 영업환경이 악화되면서 괴리가 커지고 있다. 정부의... 그런데 환율 상승 국면에 수출 확대의 한계가 생기면서 수익성이 이중으로 압박받고 있는 셈이다. 오히려...",https://www.newsway.co.kr/news/view?ud=2026040313480744592,4,,1
'가성비 착시'에 웃었다…햄버거 성장의 이면,"KFC, 맥도날드, 버거킹, 맘스터치 등 주요 브랜드들은 원재료 가격 상승과 환율 부담, 인건비 및 임대료 증가 등을 이유로 일부 메뉴 가격을 잇따라 조정했다. 할인과 프로모션을 유지하면서도 가격을 올리는 '이중...",http://www.hansbiz.co.kr/news/articleView.html?idxno=830255,3,,1
美 '철강 완제품' 25% 관세 부과에 국내 가전 업계 촉각,"중동 정세, 물류비 상승, 환율 변동 등 복합 변수들이 동시에 작용하는 상황에서 관세만으로 생산 전략을... 시장에서는 관세에 더해 유가·물류비·환율 부담이 겹칠 경우 가전업체들의 수익성이 점진적으로 압박받을...",http://www.inews24.com/view/1956842,3,,1
[업앤다운]제약주 하락…한올바이오파마·인벤테라↓,"특히 외환 시장에서 위험자산 선호 심리가 회복됨에 따라 환율이 14.5원 하락하며 지수 반등에 힘을 보탰다. 그 결과 코스피가 2.74% 오른 5,370선까지 고점을 높인 가운데 코스닥도 장중 1%대 상승세를 보이며...",https://www.nspna.com/news/?mode=view&newsid=808730,7,,1
“뛰는 美 나는 中”…R&D 투자액 처음으로 미국 추월,3일 기준 환율은 1달러당 약 6.7위안이지만 PPP 조정을 적용하면 1달러가 4위안으로 환산된다. 해당 기준은 중국은 임금 수준이 미국보다 낮기 때문에 같은 예산으로 더 많은 연구 인력을 고용할 수 있다는 점을...,https://www.nongmin.com/article/20260403500264,4,,1
[그래픽 뉴스] 트럼프의 ‘타코 한 입’에 흔들린 시장의 비밀,"우리에게 미치는 영향 글로벌 정치 발언은 국내 증시와 환율 등 금융시장 전반에 영향을 주며, 특히 기술주와 성장주 중심으로 변동성이 확대될 가능성이 높습니다. 투자 심리가 위축되면 비트코인, 해외 ETF 등...",http://www.fntimes.com/html/view.php?ud=202604031643308081de68fcbb35_18,4,,1
"국민의힘 ""민생 어려움 해결 위해 조건 없이 여야정 협의체 참여""","지난번과 달리 오찬 회동을 수락한 배경을 두고는 ""지금은 중동 전쟁으로 환율, 물가 등 여러 문제가 시장에 넘쳐나는 상황""이라며 ""고환율, 고물가로 인한 어려움을 하루빨리 해결하기 위해 여야정이 머리를 맞대야 할...",https://www.newsis.com/view/NISX20260403_0003577337,3,,1
"구윤철 ""RIA 등 외환안정 세제 3종세트 안착 시 외환 수급 개선될 것""",이 중 RIA는 환율 안정과 국내 자본시장 활성화를 목적으로 출시된 특별 전용 계좌다. 해외주식에 투자하던 개인투자자가 RIA 계좌로 입고·매도한 뒤 원화나 국내 주식 등에 재투자하고 1년 이상 유지하면 해외주식...,https://www.newscj.com/news/articleView.html?idxno=3391138,5,,1
[뉴스토마토프라임] 인플레이션 조세,"2021년 이전 4년 누적 물가 상승률이 약 5%였던 것에 비해 최근 4년은 에너지 가격 상승, 공급망 위기, 환율 급등이 겹치며 약 13~14%로 가파른 상승세를 보였습니다. 약 13~14%라는 수치는 체감 피부로 느끼는 '장바구니 물가'와...",http://www.newstomato.com/ReadNews.aspx?no=1296678&inflow=N,3,,1
"정읍시, 축산농가 사료비 부담 던다…정책자금 551억 원 저금리 지원","환율·유가 상승 여파로 사료비 부담이 커진 지역 축산농가의 경영 안정을 위해 올해 상반기 550억 원대 규모의 사료 구매 정책자금을 저금리로 지원한다. 최근 사료 원료 수급은 비교적 안정적이지만, 해상 운임과 환율...",http://www.jeollailbo.com/news/articleView.html?idxno=796628,4,,1
'K-푸드+' 1분기 수출 33.5억 달러 달성… 전년比 3.5% '쑥',"농식품부는 최근 중동 전쟁 장기화로 인한 물류난과 환율 상승으로 어려움을 겪고 있는 수출 기업들의... 김정욱 농식품부 농산업혁신정책실장은 ""중동 전쟁 장기화로 유가와 환율 상승 등에 따른 K-푸드...",https://www.redian.org/news/articleView.html?idxno=256187,4,,1
가수 이하이와 열애설 빛의 속도로 인정하고 레이블 설립한 래퍼 도끼 ...,"앞서 도끼는 2018년 총 20만6천 달러(당시 환율 기준 약 2억6700만 원) 상당 귀금속을 구매한 뒤 일부 대금을 지급하지 않았고, 이에 보석업체 측이 소송을 제기한 것이다. 그뒤 법원은 2022년 7월 미지급금과...",https://www.huffingtonpost.kr/article/256369,-6,,0
1분기 농식품 수출 4% 늘어…라면·과자가 이끌어,"유가와 환율 상승으로 물류비 부담이 커지면서 수출 기업의 어려움이 커지고 있기 때문입니다. 이에 따라 수출기업 지원을 강화하고, 바이어 매칭과 수출 바우처를 통해 대체 시장 진출을 확대할 계획입니다. 김정욱...",http://www.tjb.co.kr/sub0301/bodo/view/id/96759,3,,1
"""삼성전기, 우린 아직 2회말이에요…컴포넌트·패키지솔루션 다 좋다""","우호적인 환율과 사업환경에도 불구하고, 일회성 비용 인식에 따라 수익성은 컨센서스(영업이익 2813억원)를 소폭 하회할 전망. 일회성 비용을 제외할 경우 3000억원대의 영업이익을 기록한 것으로 추정된다....",https://www.newsquest.co.kr/news/articleView.html?idxno=264245,3,,1
"구윤철 ""RIA안착하면 환율 안정될 것"" 세제 3종 세트로 외환수급 뚜렷이...",RIA는 환율 안정과 국내 자본시장 활성화를 목적으로 출시된 특별 전용 계좌다. '서학개미(미국주식에 투자하는 국내 개인 투자자)'가 해외주식을 이 계좌로 입고·매도한 뒤 원화나 국내 주식 등에 재투자하고 1년 이상...,http://www.smedaily.co.kr/news/articleView.html?idxno=355049,5,,1
"구윤철 ""RIA 등 외환 안정 3종 세트 안착하면 외환 수급 개선""","RIA는 환율 안정과 국내 자본시장 활성화를 위해 도입된 특례 계좌로, RIA를 통해 해외 자산을 매도한 뒤 국내 주식을 매수하면 양도소득세를 최소 50%(연말까지)에서 최대 100%(5월 말까지) 공제받을 수 있다. 지난 2일...",https://www.sisajournal.com/news/articleView.html?idxno=368214,4,,1
"SK네트웍스, 최신원 명예회장 선임… ""AI 혁신 지원할 경영 멘토""","이번 선임은 최근 트럼프발 중동 리스크와 유가·환율 불안 등 대외 환경의 변동성이 극심해지는 상황에서, 최 명예회장의 풍부한 경영 노하우와 글로벌 네트워크를 적극 활용하기 위한 결정이다. 최 명예회장은...",https://www.gokorea.kr/news/articleView.html?idxno=862517,3,,1
2분기 국제곡물 선물가격지수 1분기 대비 상승,"대미환율, 국제유가 전망치를 반영할 경우 원화 기준 2분기 식용 곡물 수입단가지수는 전 분기와 비슷하고 사료용 곡물 수입단가지수는 4.2% 오를 것으로 예상된다. 로이터 기준 2분기 대미환율과 국제유가...",http://www.aflnews.co.kr/news/articleView.html?idxno=317913,4,,1
"李, 7일 '여야정 민생경제협의체' 회담…""중동 상황 초당적 협력""","앞서 송언석 국민의힘 원내대표는 지난달 31일 ""환율, 물가, 유가 관리 상황과 대응 방안을 점검하기 위한 여야정 긴급 원탁회의 개최하자""고 제안한 바 있다. 홍 수석은 ""중동 전쟁에 따른 국가 경제적 위기가 갈수록...",http://www.inews24.com/view/1956864,3,,1
구윤철 “외환안정 세제 3종세트 안착하면 외환수급 개선될 것”,RIA는 환율 안정과 국내 자본시장 활성화를 목적으로 출시된 특별 전용 계좌다. 이른바 '서학 개미'가 해외주식을 이 계좌로 입고·매도한 뒤 원화나 국내 주식 등에 재투자하고 1년 이상 유지하면 해외주식 양도소득세...,https://www.etoday.co.kr/news/view/2572584,5,,1
대한항공 실적 급감에도…조원태 보수 146억 ‘시끌’ [재계톡톡],"고유가와 환율 변동, 인건비 상승, 화물 특수 종료 등 악재가 겹치며 항공 업계 전반의 수익성이 흔들리는 국면이다. 한진그룹 측은 “이사 보수 지급 기준에 따라 보수를 산정하고, 보상위원회 사전 검토·이사회...",https://www.mk.co.kr/article/11993722,4,,1
"안철수 ""추경 시정 연설, 민주당 환호·셀카 파티"" 맹비판···전쟁 위기...","그는 ""환율이 1,520원대를 넘보고 국제유가는 100달러에 근접했으며 코스피는 5%대 급락했다""며 ""국민은 피눈물을 흘리고 기업 시가총액 수조원이 순식간에 증발했다""고 말했다. 이어 ""시장에서는 매도 사이드카까지 발동되는...",http://www.enewstoday.co.kr/news/articleView.html?idxno=2414793,6,,1
"구윤철 ""국장 복귀계좌 열흘만에 9.2만개…외환수급 개선 기대""",RIA는 환율 안정과 국내 자본시장 활성화를 목적으로 출시된 특별 전용 계좌다. 이른바 '서학 개미'가 해외주식을 이 계좌로 입고·매도한 뒤 원화나 국내 주식 등에 재투자하고 1년 이상 유지하면 해외주식 양도소득세...,http://www.wowtv.co.kr/NewsCenter/News/Read?articleId=A202604030427&t=NN,5,,1
"구윤철 ""RIA 출시 등 세제 3종세트 안착하면 외환수급 개선될 것""",RIA는 환율 안정과 국내 자본시장 활성화를 목적으로 출시된 특별전용계좌다. 이른바 '서학 개미'가 해외주식을 RIA로 입고·매도한 뒤 원화나 국내 주식 등에 재투자하고 1년 이상 유지하면 해외주식 양도소득세 공제...,http://www.seouleconews.com/news/articleView.html?idxno=90431,5,,1
"구윤철 ""세제 3종 세트 안착하면 외환 시장 수급 개선""",RIA는 환율 안정과 국내 자본시장 활성화를 목적으로 출시된 특별 전용 계좌입니다. 이른바 '서학 개미'가 해외주식을 이 계좌로 입고·매도한 뒤 원화나 국내 주식 등에 재투자하고 1년 이상 유지하면 해외주식...,http://mbnmoney.mbn.co.kr/news/view?news_no=MM1005805535,5,,1
중동 전쟁에 알루미늄값 '천정부지'…음료·주류업계 예의주시,"환율과 알루미늄 국제 시세가 가격 결정을 좌우하는데, 이들 모두 전쟁 발발 이후 치솟은 대표적인 항목이다. 음료업계 관계자는 ""3개월 단위로 시세와 환율 변동분에 따라 공급 가격이 정해진다""며 ""아직 가격 인상...",https://www.news1.kr/industry/distribution/6124770,3,,1
"캄보디아·싱가포르, QR 결제 2단계 시행…“현금 없이 여행 가능”","모든 결제 과정에서 환율이 실시간으로 표시되며, 이용자는 결제 전 확인 절차를 거쳐 안전하게 거래할 수 있다.리퀴드 그룹의 제레미 탄 CEO는 “이번 2단계는 양국 간 완전한 QR 결제 체계를 구축하는 중요한 진전”...",http://kor.theasian.asia/archives/403863,-1,,0
코스피 5377.30 마감…삼성전자·하이닉스 주주라면 주당 최대 '4만 6000원...,글로벌 금리 추이와 환율 변동성 등 대외 변수가 여전한 상황에서 외국인의 매수세 지속 여부가 5500선 안착의 관건이 될 전망이다. 거래대금이 20조 원을 상회하는 등 시장의 에너지는 충분히 응축된 것으로...,https://www.wikitree.co.kr/articles/1129608,6,,1
"티웨이항공, 유증으로 733억 조달해도 바로 못 쉰다…항공기 도입 보증...","유럽 노선 확대에 따른 초기 투자 비용에 더해 유가와 환율 부담까지 겹친 상황에서, 새로 확보한 자금도... 함께 환율·유가 상승을 들었다. 비행기 도입과 노선 확대에 앞서 돈이 먼저 들어가는 상황에서 유가와...",https://www.newsquest.co.kr/news/articleView.html?idxno=264236,3,,1
"李, 7일 정청래·장동혁과 여야정 민생협의체 회담","청와대는 여야정 민생경제 협의체 회담 추진 배경에 대해, 송언석 원내대표가 지난달 31일 '환율, 물가, 유가... 됐다""며 ""환율, 물가, 유가 관리 상황과 대응 방안을 점검하기 위한 여야정 긴급 원탁회의 개최를 제안한다""고...",https://www.m-i.kr/news/articleView.html?idxno=1361424,3,,1
"구윤철, RIA 출시 기념 현장방문…“성공적 안착 시 외환수급 개선될 것...",RIA는 환율 안정과 국내 자본시장 활성화를 목적으로 출시된 특별 전용 계좌입니다. 이른바 '서학 개미'가 해외주식을 이 계좌로 입고·매도한 뒤 원화나 국내 주식 등에 재투자하고 1년 이상 유지하면 해외주식...,https://biz.sbs.co.kr/article_hub/20000301957?division=NAVER,5,,1
구윤철 “RIA 등 3종세트·국민연금 개편…외환수급 개선될 것”,RIA는 환율 안정과 국내 자본시장 활성화를 목적으로 출시된 특별 전용 계좌다. 이른바 ‘서학 개미’가 해외주식을 이 계좌로 입고·매도한 뒤 원화나 국내 주식 등에 재투자하고 1년 이상 유지하면 해외주식...,https://biz.heraldcorp.com/article/10709642?ref=naver,5,,1
"""추경 끼워넣기 예산으로 예술인ㆍ독립영화 지원?""","송 원내대표는 최근 환율이 1500원대를 넘어 1530원까지 상승하는 등 엄중한 경제 상황을 언급하며 ""이런 때에 바다 건너 중동 전쟁을 핑계로 추경을 강행하는 것은 부적절하다""고 강조했다. 그러면서 ""국민의힘은 심사...",https://www.thereport.co.kr/news/articleView.html?idxno=86238,-3,,0
중동정세 불안 대응 지역 수출입기업 지키기 나선다,"전주시가 중동발 지정학적 리스크와 환율 불안이라는 대외 충격 속에서 지역 수출입기업 지키기에 나선다.... 행사는 하나은행과의 협력을 통해 마련됐으며, 최근 미·이란 갈등으로 촉발된 중동 정세 불안과 환율 변동성에...",http://www.jeollailbo.com/news/articleView.html?idxno=796602,6,,1
"한국 수산업, 유가 급등과 피시플레이션 '비상'","마 본부장은 ""환율이 오른 상황에서 면세유까지 올랐고, 석유화학 제품과 기후변화 이슈까지 같이 겹쳤다""며 ""이전의 러시아-우크라이나 전쟁 때보다 체감하는 것이 훨씬 클 것""이라고 설명했다. 그는 '회복 탄력성'을...",https://www.hdhy.co.kr/news/articleView.html?idxno=34140,3,,1
"靑, 여야정 민생경제협의최 회담 개최…7일 오찬","회담이 향후 여야정 협의체의 정례화로 이어질지도 주목된다. 한편 송언석 원내대표는 지난달 31일 중동 사태와 관련해 정부·여당에 환율, 물가 등 대응 방안 점검을 위한 ‘여야정 긴급 원탁회의’ 개최를 제안한 바 있다.",http://www.edaily.co.kr/news/newspath.asp?newsid=04122966645412512,3,,1
"2025년 주류 시장 둔화… 와인·백주 부진, RTD·무알코올 성장","시장 가치 역시 하락세를 보였으며, 2024년 고정 환율 기준으로 환산한 결과 약 4% 감소한 것으로 나타났다. 와인 또한 이러한 흐름에서 예외는 아니었다. 2025년 와인 소비량은 4%, 시장 가치는 2% 감소하며 전반적인 약세...",https://www.sommeliertimes.com/news/articleView.html?idxno=130572,3,,1
"[위클리오늘] 삼성전자, '메모리 슈퍼 사이클' 미드사이클 진입…1분기...",SDC(디스플레이) 부문은 우호적인 환율과 플래그십 OLED 패널 출하에 힘입어 3300억원의 이익을 낼 것으로 추정된다. 출처=메리츠증권 리서치센터 보고서 재구성 2026년 연간 영업이익 322조 시대 개막 시장에서는 이번...,http://www.weeklytoday.com/news/articleView.html?idxno=769235,3,,1
안철수 “사이드카 터졌는데 與 박수·셀카…위기 대응 추경 맞나”,"그는 “본회의장 밖 현실은 처참했다”며 “환율은 1520원대를 넘보고, 유가는 100달러에 이르렀으며, 코스피는 4% 이상 급락했다”고 밝혔다. 이어 “국민은 피눈물을 흘리고, 기업 시가총액 수조원이 순식간에 증발했다”...",https://www.ddaily.co.kr/page/view/2026040315262413494,6,,1
1분기 농식품 수출 '25억6000만달러' 4% 증가…라면·과자 인기,"농식품부는 ""중동 전쟁 장기화로 유가와 환율 상승 등 수출 여건이 악화되면서 기업 부담이 커지고 있다""며 ""물류정보 제공과 비용부담 완화, 대체시장 바이어 매칭, 온·오프라인 판촉 지원 등을 통해...",https://www.newsworks.co.kr/news/articleView.html?idxno=836541,4,,1
라면 중심 K-푸드...다음 과제는 '다변화',중동 전쟁 장기화로 물류와 환율 불확실성이 확대된 상황에서도 수출 증가세를 이어갔다는 점에서 의미가 더욱 크다. 다만 업계 일각에서는 가공식품 가운데 라면이 실적을 주도하면서 수출 구조의 편중 현상이 한층...,https://www.ebn.co.kr/news/articleView.html?idxno=1704391,4,,1
SK하이닉스 주가 6%대 급등…88만원대 안착 시도,"글로벌 반도체 수요 회복 속도와 IT 업황, 환율 변동성 등에 따라 주가 변동성이 확대될 가능성이 있다는 분석이다. 증권업계 관계자는 ""SK하이닉스 주가는 AI 메모리 수요 확대 기대를 선반영하고 있다""며...",https://www.job-post.co.kr/news/articleView.html?idxno=212499,4,,1
"구윤철 부총리 ""외환안정 3종세트 성공적 안착 시 수급 개선될 것""",RIA는 환율 안정과 국내 자본시장 활성화를 목적으로 출시된 특별 전용 계좌다. 해외주식을 이 계좌로 입고·매도한 뒤 원화나 국내 주식 등에 재투자하고 1년 이상 유지하면 해외주식 양도소득세 공제 혜택을 받을 수...,https://www.joongangenews.com/news/articleView.html?idxno=508734,5,,1
출시하자마자 하루 9200개 팔렸다…사람 몰린 'RIA'의 정체,RIA는 환율 안정과 국내 자본시장 활성화를 목적으로 출시된 특별 전용 계좌로 RIA에서 해외주식을 입고·매도한 뒤 원화나 국내 주식 등에 재투자하고 1년 이상 유지하면 해외주식 양도소득세 공제 혜택을 받을 수 있다....,https://view.asiae.co.kr/article/2026040315203367581,5,,1
삼성전자 주가 4%대 상승…18만6천원대 강세 마감,"글로벌 증시 변동성과 환율, 그리고 반도체 업황 회복 속도에 따라 주가가 영향을 받을 가능성이 있다는 분석이다. 증권업계 관계자는 ""삼성전자 주가는 실적 기대와 업황 개선 전망이 선반영되고 있는 상황""이라며...",https://www.job-post.co.kr/news/articleView.html?idxno=212498,5,,1
"구윤철 ""세제 3종 세트 등 안착하면 외환 수급 개선될 것""",RIA는 환율 안정과 국내 자본시장 활성화를 목적으로 출시된 특별 전용 계좌입니다. 이른바 '서학개미'가 해외주식을 이 계좌로 입고·매도한 뒤 원화나 국내 주식 등에 재투자하고 1년 이상 유지하면 해외주식...,https://news.sbs.co.kr/news/endPage.do?news_id=N1008504473&plink=ORI&cooper=NAVER,5,,1
"보은옥천영동축협, 전 조합원에 기자재 지원","구희선 조합장은 ""가축질병 발생, 원자재 가격 및 환율 상승으로 인한 사료 가격 인상 등  축산경영에 애로사항이 많다""며 ""앞으로도 조합원들에게 생산비 절감과 경쟁력 강화를 위한 지원 활동을 계속해 조합원 실익...",https://www.chukkyung.co.kr/news/articleView.html?idxno=80442,3,,1
전쟁 추경 26조… 농업은 1% '구조적 배제',"생산비의 절반 이상을 차지하는 사료값은 국제 곡물가와 환율, 해상운임 상승이 겹치며 상승세가 지속되고 있다. 현장에서는 ""버티는 것이 아니라 버텨야 하는 상황""이라는 절박한 목소리가 나온다. 농민단체는 이번...",https://www.chukkyung.co.kr/news/articleView.html?idxno=80477,3,,1
"디허스코리아, 통합 캠페인 닻 올려","정주호 PM은 ""최근 환율 상승으로 원가 부담이 커진 상황에서 농가 수익성 확보가 어느 때보다 중요하다""며 ""난각 강화 사료와 데이터 기반 컨설팅을 결합한 이번 프로그램으로 농장 손실을 줄이고 안정적인 생산 기반...",https://www.chukkyung.co.kr/news/articleView.html?idxno=80455,3,,1
"""고장 날 때까지 쓴다""...AI발 메모리 대란 소비자 '강제 존버'","그러나 최근에는 메모리 가격 급등과 환율 부담이 겹치며 가격 하방 압력이 약해지고, 일부 제품군에서는 출시 이후에도 가격이 유지되거나 오르는 흐름까지 나타나고 있다. 이 같은 변화는 소비자 행동에도 영향을 주고...",https://www.mediapen.com/news/view/1091131,3,,1
"구윤철 ""'외환시장 안정 3종세트'로 수급 개선""","RIA는 환율 안정과 국내 자본시장 활성화를 목적으로 출시된 특별 전용 계좌로, 이른바 '서학 개미'가 해외주식을 이 계좌로 입고·매도한 뒤 원화나 국내 주식 등에 재투자하고 1년 이상 유지하면 해외주식 양도소득세...",http://www.yonhapnewstv.co.kr/AKR20260403151329D7R,5,,1
春來不似春(춘래불사춘),"국제 유가가 상승하여, 이전보다 거의 3배 가까이 오른 수준에 이르렀고, 그 여파로 인한 환율폭등, 주가 폭락, 전 세계적인 경제불황에 죄 없는 사람들이 엄청난 고통을 받고 있다. 유탄에 맞은 우리나라 농업계에도 타격이...",https://www.chukkyung.co.kr/news/articleView.html?idxno=80385,4,,1
[가락골] 중동발 쇼크 확대… 농심은 타는데 정부 추경은 '쥐꼬리',"국제 곡물 가격 상승, 해상운임 급등, 환율 변동, 여기에 유가 상승까지 겹치며 생산비 전반이 동시다발적으로 오르고 있다. 특히 사료와 비료, 면세유 등 핵심 농자재는 대부분 수입에 의존하는 구조다. 외부 충격이...",https://www.chukkyung.co.kr/news/articleView.html?idxno=80383,3,,1
"[아주사설 | 기본·원칙·상식] 호르무즈 개방, 한국은 설계에 나서야 한...","호르무즈 봉쇄는 물가, 환율, 산업 전반에 영향을 미치는 구조적 리스크다. 단순 참여에 머물기 어려운 이유다. 외교가 중심이 되는 국면에서는 해상 안전, 선박 보호, 보험 안정화, 물류 복원 등 구체적 의제를 연결하고...",https://www.ajunews.com/view/20260403145352696,3,,1
"""전쟁도 못 막은 K-푸드 인기""…라면·과자 수출 질주","김정욱 농식품부 농산업혁신정책실장은 ""중동 전쟁 장기화로 유가와 환율이 상승해 수출 기업의 어려움이 가중되고 있다""면서 ""물류 정보 제공, 대체 시장 바이어 매칭, 온·오프라인 판촉 등의 지원을 하겠다""고...",https://news.sbs.co.kr/news/endPage.do?news_id=N1008504431&plink=ORI&cooper=NAVER,3,,1
"구윤철 ""국내 증시 복귀계좌 순항…출시 10일만 9만2천개 개설""","""환율안정 3법·국민연금 개편에 외환수급 뚜렷이 개선될 것"" RIA 출시기념 NH투자증권 본점 방문 구윤철 부총리 겸 재정경제부장관[출처 : 연합뉴스 자료사진] (세종=연합인포맥스) 박준형 기자 = 구윤철 부총리 겸...",https://news.einfomax.co.kr/news/articleView.html?idxno=4407642,3,,1
[장기화하는 중동사태]② 보험·카드 덮친 전쟁 여파…해상보험 노출·...,"고환율과 이에 따른 금리 하방 제약으로 조달 부담이 커질 수 있다는 우려가 나온다. 3일 금융권에 따르면... 고환율과 유가 불안이 물가 상승 압력을 키우면서 기준금리 인하 기대를 약화시키고, 이는 곧 카드사의...",https://www.financialpost.co.kr/news/articleView.html?idxno=254197,11,,1
술 소비 급감에 주류업계 흔들… 제품 다변화·해외 돌파구 모색,특히 최근 중동 지역 지정학적 리스크로 환율이 상승하고 물류비·원자재 가격 부담이 커지면서 소비 위축이 심화될 가능성이 제기된다. 이에 주류업계는 무알코올·저칼로리 제품 확대와 해외 시장 공략으로...,https://it.chosun.com/news/articleView.html?idxno=2023092159773,3,,1
"""전시 상황"" 내세운 26조 추경 … 실상은 '현금 살포·사업 부활' 논란","환율 관리 실패 책임론도 이어진다. 중동 사태 이전부터 고환율을 방치해 유가 충격을 키워 놓고, 그 부담을 추경으로 편성한 환율 대응 예비비 3000억 원을 동원해 메우려 한다는 지적이다. 이 과정에서 현금성 지출이...",https://www.newdaily.co.kr/site/data/html/2026/04/02/2026040200259.html,3,,1
"윤재옥 “이재명 정부 추경, 위기 빌미 선거용 돈 살포” 강도 높게 비...",이어 “고유가·고환율·고물가라는 복합 위기 속에서 무분별한 유동성 공급은 인플레이션과 환율 상승을 부추길 수 있다”며 “지방선거 이후 경제에 더 큰 부담으로 돌아올 것”이라고 경고했다. 대구시장 출마를...,https://www.kbmaeil.com/article/20260403500202,6,,1
"삼성전자, 구형폰도 가격 인상…""핵심 부품 가격 상승""","이번 가격 인상에는 메모리 반도체 등 핵심 부품 가격 급등과 환율 상승에 따른 원가 부담이 반영된 것으로 풀이된다. 삼성전자 관계자는 ""고용량 메모리(512GB, 1TB) 탑재 모델 제품에 한해 인상했다""면서 ""이는...",http://www.newsprime.co.kr/news/article.html?no=729184,3,,1
"[특징주] HD한국조선해양, '조 단위' 육박 수주 공시","계약 금액 산정에는 USD 1달러당 1,507.80원의 환율이 적용됐다. 한편, 이번 수주를 진행한 HD현대삼호의 자산총액은 HD한국조선해양 2025년 말 연결 재무상태표 기준 12.66% 비중을 차지하고 있다. [참고 자료] 시세...",http://www.newstnt.com/news/articleView.html?idxno=603887,4,,1
"'열애' 도끼, 귀금속값 4900만원 미납 상태…""법적 조치 검토""","법원은 도끼에게 A씨가 소송을 제기한 2020년 9월2일 환율로 계산해 4120만여원과 이에 대한 이자를 지급하라고 판결했다. 도끼는 당시 ""해당 귀금속은 구매한 것이 아니라 협찬용이었고 모두 도둑맞았다""며 항소했다....",https://www.mt.co.kr/society/2026/04/03/2026040313365497528,-3,,0
기지개 켜는 한국GM…소형 SUV 생산·수출 기지 '도약',"한국GM 관계자는 ""국내 생산 모델의 글로벌 수요는 충분한 상황""이라며 ""환율·관세 등 대외 여건만 불리해지지 않으면 올해 좋은 성과를 낼 수 있을 것으로 기대한다""고 설명했다. 앞으로의 과제는 국내 시장에서...",https://www.ntoday.co.kr/news/articleView.html?idxno=126326,3,,1
“건설장비 유류비 증가로 수익성 악화… 해외수주도 난항 우려”,"2월 말 1,450원대 이하였던 환율 역시 3월 13일 1,499원을 기록하며 2009년 글로벌 금융위기 이후 최고치를... 유가와 환율이 급등하는 가운데 물가 상승의 압박이 심해지며, 세계 각국의 금리는 상승 추세를 기록하고 있다는...",http://mcnews.co.kr/86001,11,,1
"[종목분석]﻿현대오토에버, '차·로봇·공장' 잇는 핵심 축…주가 흔들...","엘레나 보스 노스스타 마켓 인사이트 에디터는 31일 보고서를 통해 ""환율 변동과 한국 시장의 불안정성이 해외 투자자들의 현대오토에버 투자 위험 요소로 작용할 수 있다""며 ""또 외부 매출 성장 속도와 모빌리티...",https://www.ebn.co.kr/news/articleView.html?idxno=1704378,4,,1
중동발 자재값 상승…건설업계 공사비 인상 '명분' 형성,"현대건설은 ""유가와 환율 상승으로 자재 협력사들이 오는 4월부터 주요 자재 가격을 10~40% 인상할 예정""이라며 ""공급 차질이 이어질 경우 준공 지연 가능성도 있다""고 밝혔다. 인상 대상에는 페인트, 창호, 단열재, 방수재...",https://www.news1.kr/realestate/general/6123750,3,,1
"네이버, 8억 달러 '외화 채권' 상환 완료…추가 발행 나선다","투자업계(IB) 업계 관계자는 ""글로벌 사업을 하는 기업들은 서버 인프라 확충, 해외 마케팅 등에 달러나 유로화가 직접 필요하다""면서 ""달러-원 환율이 높은 상황에서 원화 채권을 찍어 환전하는 것보다 아예 외화로 빌려...",https://news.einfomax.co.kr/news/articleView.html?idxno=4407634,7,,1
"에어프레미아, 재무구조 개선명령에도…'자본잠식' 심화","외형은 커졌어도 고유가와 고환율로 리스부채 부담을 버티지 못하며 내실은 흔들렸다. 3일 에어프레미아... 숨통은 트였지만, 리스부채와 금융비용 부담이 큰 데다 항공유와 환율 변동에도 민감해 대외 변수...",https://www.ebn.co.kr/news/articleView.html?idxno=1704369,4,,1
"[취재수첩] 中에 따라잡힐 위기… K-가전, 지금 필요한 건",여기에 환율 상승까지 더해지며 비용 압박은 한층 가중되고 있다. 수요 회복이 더딘 상황에서 원가만 오르는 이중 압박인 셈이다. 통상 환경의 불확실성도 변수다. 지난 1일(현지시간) WSJ에 따르면 미국 정부는 철강...,https://www.ddaily.co.kr/page/view/2026040312020738137,3,,1
"국토부, 건설자재 수급 위기에 ‘비상경제 TF’ 격상 가동","유가·환율 상승과 운송비 증가, 나프타 수급 불안 등이 겹치면서 주요 자재 가격이 오르자 일부 아파트 건설 현장에는 공사 지연 가능성 등을 예고하는 공문이 발송되기도 했다. 건설기술연구원 공사비원가관리센터에...",https://www.sedaily.com/article/20028026?ref=naver,3,,1
역대급 '롤러코스피'에도 개미들 '진격'…빚투·수익률은 숙제,중동 지정학 리스크와 환율 급등으로 코스피 변동성이 극단적으로 확대된 가운데 개인투자자들이 존재감을 키우고 있다. 개인은 외국인이 던진 대규모 물량을 받아내면서 지수 하단을 떠받치고 있지만 레버리지 투자와...,https://www.newsway.co.kr/news/view?ud=2026040311141598737,5,,1
"안철수 ""코스피 사이드카 때 李·與 셀카파티…위기 추경 맞나""","안 의원은 이날 페이스북에 글을 올려 ""주가, 환율, 유가로 국민은 피눈물을 흘리는데 이재명 정부와 여당은... 환율은 1520원대를 넘보고 유가는 100달러에 이르렀으며 코스피는 4% 이상 급락했다""며 ""국민은 피눈물을 흘리고...",https://www.sisajournal.com/news/articleView.html?idxno=368143,7,,1
연 4% 이상 기대…IMA 상품에 개인·법인 대거 몰려 [코주부],"해당 상품은 기업대출, 회사채, 인수금융 등 우량 기업금융(IB) 자산을 중심으로 운용된다. NH투자증권은 IMA 사업자 가운데 유일하게 신용등급 ‘AA+(안정적)’을 유지하고 있다. 한 증권사 관계자는 “IMA는 원금 지급...",https://www.sedaily.com/article/20028137?ref=naver,9,,1
"오픈에덴, BNY인베스트먼츠 하이일드 채권 전략 연동 토큰화 상품 출시","오픈에덴 최고경영자 제러미 응(Jeremy Ng)은 ""토큰화는 현금성 자산과 국채 전략에서 시장 적합성을 입증했다""며 ""하이본드는 규제 체계 안에서 적극 운용되는 회사채 익스포저(exposure)를 온체인으로 가져오는...",https://www.digitaltoday.co.kr/news/articleView.html?idxno=653575,9,,1
﻿널뛰기 증시에 머니무브 가속...'안정성' 기반 IMA 각광,"해당 상품은 기업대출, 회사채, 인수금융 등 우량 기업금융(IB) 자산을 중심으로 운용되며, NH투자증권의 높은 신용도를 바탕으로 원금 지급 안정성을 극대화했다.한국투자증권은 지난해 12월 1호 상품을 1조 원 규모로...",https://news.mtn.co.kr/news-detail/2026040319213416151,6,,1
"엔지니어링공제조합, '다원시스 사태' 대응 착수","다원시스는 지난달 30일 수원회생법원에 기업회생절차 개시를 신청했다. 다원시스가 회생절차 개시 신청을 하면서 이 회사가 발행한 회사채에 신용을 보증한 신용보증기금, 전환사채(CB) 투자자들의 손실이 확산되고 있다.",https://www.energy-news.co.kr/news/articleView.html?idxno=224324,4,,1
"널뛰기 증시에 '안정성' 각광받는 IMA, NH투자증권도 완판 행진 이어갈까","상품은 기업대출, 회사채, 인수금융 등 우량 기업금융(IB) 자산을 중심으로 운용된다. IMA는 고객으로부터 예탁받은 자금을 통합해 기업금융관련 자산 등에 운용하고 그 결과 발생한 수익을 고객에게 돌려주는 상품이다....",https://www.businesspost.co.kr/BP?command=article_view&num=434957,6,,1
[단독]M&A 포식자 떠오른 태광…단독 협상으로 케이조선 인수 유력[시그...,매각 대상은 연합자산관리(유암코)·KHI 컨소시엄이 보유한 지분 99.58%와 회사채다. 시장에서는 구주 매각가가 5000억 원 이상이 될 것으로 추정하고 있다. 여기에 신주 발행을 통한 추가 투자 가능성까지 고려하면 전체...,https://www.sedaily.com/article/20028076?ref=naver,4,,1
"[2025 실적] CJ푸드빌, 7년 만에 매출 1조 회복..美 투자로 수익성은 둔...","차입금과 회사채, 임대 관련 부채 등을 포함한 전체 부채는 약 1702억원으로 전년 약 1013억원보다 늘었다. 글로벌 생산 기반 확대에 따라 외부 자금 의존도가 높아진 것으로 보인다. 실적 성장은 해외 베이커리 사업이...",http://www.4th.kr/news/articleView.html?idxno=2109995,5,,1
국고채 금리 일제히 하락…3년물 3.448%,"통안증권 2년물은 2.9bp 내린 연 3.397%, 무보증 회사채(3년물·AA-) 금리는 2.1bp 하락한 연 4.093%로 집계됐다. 반면 CD 91일물 금리는 연 2.820%로 전일과 동일했다. 이날 채권시장은 전반적인 위험선호 회복과...",http://www.issuenbiz.com/news/articleView.html?idxno=75134,7,,1
중동發 널뛰기 장세에 갈 곳 잃은 내 돈…증권사 IMA로 '머니무브' 가속,"기업대출과 회사채, 인수금융 등 우량 기업금융 자산을 중심으로 운용되며 안정적인 수익 구조를 지향하는 것이 특징이다. 또한 발행어음 사업을 통해 축적한 운용 경험을 바탕으로 정교한 리스크 관리 체계를...",https://www.newsworks.co.kr/news/articleView.html?idxno=836577,9,,1
"CJ프레시웨이, 600억 규모 공모 회사채 발행 예정","공모 회사채 발행을 추진한다고 3일 공시했다. 발행일은 오는 15일이며, 16일 상장될 예정이다. 수요예측은 오는 7일 진행된다. 대표주관사는 KB증권, NH투자증권, 신한투자증권, 키움증권이다. 회사채는...",http://www.edaily.co.kr/news/newspath.asp?newsid=04368966645412512,4,,1
"""주식은 불안하고 예금은 아쉽고""…'연 4%' IMA 해볼까 [미다스의 손]","IMA는 혁신 기업과 유망한 비상장사들에 다양한 형식(기업대출, 회사채, 인수금융 등)으로 투자하면서, 증권사가 원금 지급을 보장하고 예적금보다 더 높은 수익률의 운용 성과를 투자자에게 돌려주는 상품입니다. 특히...",https://www.wowtv.co.kr/NewsCenter/News/Read?articleId=A202604030374&t=NNv,10,,1
증시 변동성 커지자…IMA에 몰리는 투심,"해당 상품은 기업대출·회사채·인수금융 등 우량 기업금융(IB) 자산을 중심으로 운용되며, NH투자증권의 높은 신용도를 바탕으로 원금 지급 안정성을 극대화했다. 업계 관계자는 “IMA는 원금 지급 구조와 예금 대비...",https://www.dailian.co.kr/news/view/1629442/?sc=Naver,6,,1
증시 흔들리자 ‘확정수익’ 찾는다…IMA로 법인 자금 이동,"기업대출, 회사채, 인수금융 등 기업금융(IB) 자산 중심으로 운용된다. 한국투자증권은 지난해 12월 1조원 규모의 1호 상품을 시작으로 매월 신규 상품을 출시하며 시장을 선도하고 있다. 미래에셋증권도 1호 상품에 이어...",https://www.dt.co.kr/article/12055581?ref=naver,6,,1
대형 증권사 가세한 IMA 시장 확대…안정성 기반 수요 증가,기업대출과 회사채 등 기업금융 자산 중심으로 운용된다. 업계에서는 대형 증권사의 신용도와 운용 역량이 결합된 점이 IMA 수요 확대의 배경으로 보고 있다. 한 금융투자업계 관계자는 “최근처럼 거시경제 지표에...,https://www.ajunews.com/view/20260403155423768,9,,1
"[K-방산 2.0 ③] LIG D&A, 중동서 입증된 ‘천궁-Ⅱ’...""첨단화·고도화...",여기에 3400억원 규모 회사채 발행을 통해 유동성 대응 여력을 확보하면서 연구개발(R&D) 투자도 병행하고 있다. 중장기 성장 축도 구체화하고 있다. LIG D&A는 ‘천리안위성 5호’ 개발 등 우주 사업을 비롯해 레이저 무기...,http://www.thebigdata.co.kr/view.php?ud=2026040315230797620ecbf9426b_23,7,,1
"KoAct 상승세에 1Q 주춤···하나운용, '레드오션' 반도체 ETF 내놓는 이...",하나자산운용은 지난 2024년 10월 현대자동차그룹 계열사의 회사채에 투자하는 '1Q 현대차그룹채권(A+이상)&국고통안' ETF를 상장시켰다. 국내 대기업 그룹의 채권에 투자하는 첫 ETF 상품이다. 작년 7월엔 인공지능(AI)...,https://www.sisajournal-e.com/news/articleView.html?idxno=420248,6,,1
"'회생절차 개시 신청' 다원시스, '혈세' 신보·CB 투자자 손실 불가피 [...","다원시스가 회생절차 개시 신청을 하면서 다원시스가 발행한 회사채에 신용을 보증한 신용보증기금... 다원시스가 발행한 회사채는 P-CBO 300억원, CB 215억원으로 총 515억원 수준이다. 나이스신용평가는 다원시스의 P...",http://www.fnnews.com/news/202604020929073697,4,,1
'1호 IMA' 둘러싼 '쩐'의 전쟁…'안타왕' 미래 vs '홈런왕' 한투,"여러 기업대출, 인수금융, 회사채 등 다양한 IB 자산에 분산 투자해 특정 자산에 대한 의존도를 낮추고, 안정적인 운용을 통해 시장금리 대비 추가 수익을 추구하는 구조다 '한 방'보다는 실점은 막고 승수는 챙기는...",https://www.newsquest.co.kr/news/articleView.html?idxno=264238,7,,1
증시 널뛰기에 연 4%가 어디야…개인·법인 가리지 않고 쏟아지는 IMA ‘...,"해당 상품은 기업대출, 회사채, 인수금융 등 우량 기업금융(IB) 자산을 중심으로 운용된다. NH투자증권은 IMA 사업자 가운데 유일한 AA+(안정적)이다. 한국투자증권은 지난해 12월 1호 상품을 1조원 규모로 출시하며 포문을...",https://www.mk.co.kr/article/12007367,6,,1
증시 변동성 확대에 IMA로 자금 이동…법인 유동성도 ‘대거 유입’,"해당 상품은 기업대출, 회사채, 인수금융 등 우량 기업금융(IB) 자산을 중심으로 운용되며 회사 신용도가 높은 만큼 원금 지급 안정성도 비교적 우수하다는 평가다. 증권업계 관계자는 “IMA는 원금 지급 구조와 예금...",https://www.youthdaily.co.kr/news/article.html?no=216804,9,,1
"[더벨][코리아세븐 뉴 리더십] 차입금 감축 '속도', 영구채 중장기 관리...",후순위로 분류되는 신종자본증권의 특성상 금리가 일반 회사채에 비해 높게 형성된다. 2025년 코리아세븐이 발행한 1000억원 규모 신종자본증권 역시 기초금리가 6.3%로 매겨졌다. 업계 관계자는 “2025년 초 미니스톱...,https://www.thebell.co.kr/free/content/ArticleView.asp?key=202604011416274880108775,5,,1
"주주환원 압박받는 태광산업, 사업 재편 카드 먼저 꺼냈다","추가 회사채 인수 계획, 케이조선 입찰 참여 등이 반영됐다. 이는 주총 직후 회사가 단기 주주환원보다 사업 포트폴리오 재편 방향을 먼저 설명한 것으로 볼 수 있다. 다만 태광산업이 주주가치 제고 자체를 뒤로 미룬...",https://www.bizhankook.com/bk/article/31936,5,,1
"KAI, ‘KF-21’ 화려한 날갯짓에도 방산 빅4 꼴찌… 지배구조 개편 목소...",올해만 회사채와 전환사채(CB) 발행 등을 통해 1조 원 규모 외부 자금을 수혈한 것으로 알려졌다. 사업 경쟁력 측면에서는 지속된 수주 실패가 뼈아픈 대목으로 평가받는다. 미군 블랙호크 성능개량 사업과 전자전기...,https://www.donga.com/news/Economy/article/all/20260403/133669739/1,4,,1
"[생산적·포용금융 '나야나' ⑧] NH투자증권, 모험자본으로 '생산적 금융...",NH투자증권은 올해 5~6개의 IMA를 선보여 기업대출·회사채·인수금융 등을 중심으로 자금을 운용할 예정이다. IMA의 모험자본 공급 비율은 올해 10%에서 2028년 25%까지 단계적으로 확대해 정부의 '생산적 금융' 기조를...,https://www.joongangenews.com/news/articleView.html?idxno=508680,6,,1
"본사 시총 넘보는 인도법인, 15일 65% 락업 해제... '오버행' 우려에 LG전...","또한 회사채 신용등급이 AA 수준으로 외부 자금 조달 여력도 충분하다는 점을 감안하면, 추가 지분 매각을 통해 급격히 현금을 확보해야 할 재무적 압박은 제한적이라는 분석이다. 다만 중장기적으로는 일부 지분...",https://www.greened.kr/news/articleView.html?idxno=338789,4,,1
‘2.4조’ 기습 유증 주주 달래기 나선 한화솔루션…반발 여전,"신용등급이 떨어질 경우 향후 2년 내 만기가 도래하는 회사채 가운데 최대 1조8000억원 규모의 차환 부담이 확대되고, 조달 금리 상승에 따른 재무 부담도 커질 수 있다는 것이다. 이에 회사는 2026년 정기 신용평가...",https://www.mydaily.co.kr/page/view/2026040310590432754,5,,1
"인텔, Fab 34 합작 지분 전량 재매입 파운드리 사업 반격",이번 재매입은 이 JV 구조를 사실상 종결하고 Fab 34를 다시 완전 종속회사로 편입하는 절차로 인텔은 보유 현금과 약 65억 달러 규모의 신규 회사채 발행을 통해 총 142억 달러를 마련해 아폴로 지분 49%를 전량...,http://www.joseilbo.com/news/news_read.php?uid=565910&class=78&grp=,5,,1
3월 외환보유액 40억 달러↓…고환율·안정화 조치 영향,"유가증권에는 국채, 정부기관채, 회사채, 자산유동화증권(MBS) 등이 포함된다. 예치금은 210억5000만 달러(5.0%)로 전월보다 14억4000만 달러 줄었으며, SDR(특별인출권)은 2억 달러 감소한 155억7000만 달러(3.7%)를...",http://www.iminju.net/news/articleView.html?idxno=162043,11,,1
"""은행 고객 뺏어오자""…한투·미래·NH, IMA 3파전 본격화","자산 구성 방식에서는 인수금융과 기업대출, 회사채 등 기업금융 자산을 중심으로 운용 방향을 설정했다.... NH투자증권이 최근 출시한 첫 IMA 상품은 인수금융과 브릿지론, 기업대출, 회사채·기업어음(CP) 등 크레딧...",https://www.imaeil.com/page/view/2026040310321160102,12,,1
"[이슈] 强달러·시장안정 조치 겹쳤다…韓, 외환보유액 40억달러 줄어","자산별로 보면 국채·회사채 등 유가증권이 3776억 9000만 달러로 22억 6000만 달러 감소했다. 예치금은 210억 5000만 달러로 14억 4000만 달러 줄었고, 국제통화기금(IMF) 특별인출권(SDR)도 155 억7000만 달러로 2억 달러...",https://www.startuptoday.co.kr/news/articleView.html?idxno=608511,8,,1
"국채 넘은 토큰화 확장…오픈에덴, 하이일드 회사채 상품 출시",‘HYBOND’는 이보다 높은 수익을 추구하는 하이일드 회사채를 온체인으로 가져오며 시장 확장을... 용어정리 하이일드 채권: 신용등급이 낮은 대신 높은 금리를 제공하는 회사채 토큰화(RWA): 실물 자산을 블록체인...,https://www.tokenpost.kr/news/blockchain/345928,10,,1
고환율 방어에 지난달 외환보유액 40억달러 감소,"자산별로 보면 국채·회사채 등 유가증권(3776억9000만달러)이 22억6000만달러 감소했다. 예치금(210억5000만달러)과 IMF(국제통화기금) 특별인출권(SDR·155억7000만달러)도 각각 14억4000만달러, 2억달러 줄었다. 금은...",https://www.newsinside.kr/news/articleView.html?idxno=4562396,11,,1
"트럼프 ""이란 최대 교량 붕괴""⋯테슬라 5.4% 급락 外 [오늘의 주요뉴스...","자산별로는 국채·회사채 등 유가증권이 3776억9000만달러로 22억6000만달러 감소했고, 예치금은 210억5000만달러, 국제통화기금(IMF) 특별인출권은 155억7000만달러로 각각 줄었습니다. 금은 47억9000만달러로 변동이...",https://www.etoday.co.kr/news/view/2572423,8,,1
외환보유액 급감…전월比 39.7억 달러 감소,"외환보유액은 유가증권(국채, 회사채 등) 3776억9000만달러(89.2%), 예치금 210억5000만달러(5.0%), IMF 특별인출권인 SDR 155억7000만달러(3.7%), 금 47억9000만달러(1.1%), 국제통화기금(IMF)에 대한 교환성 통화 인출...",https://magazine.hankyung.com/business/article/202604036412b,8,,1
"한화호텔앤드리조트, 회사채 수요예측 6600억원 몰려",한화호텔앤드리조트(A-)가 700억원 규모의 회사채 수요예측을 진행해 6660억원의 수요를 끌어모았다. 채권금리 변동성이 확대되며 회사채 조달 여건이 악화된 상황에도 견조한 수요를 확보했다는 평가다. 2일...,https://www.hankyung.com/article/202604025178r,7,,1
“환율 방어하느라 곳간 바닥난다 ”...외환보유액 한달만에 40억弗 증발,"외환보유액을 자산별로 나눠보면 국채·회사채 등 유가증권이 3776억9000만달러로 22억6000만달러 줄었다. 예치금과 IMF(국제통화기금) 특별인출권(SDR)도 각 14억4000만달러, 2억달러 감소했다. 금은 시세를 반영하지...",https://www.mk.co.kr/article/12006954,11,,1
[오늘의 채권ㆍ외환 메모] (04월03일),"6,300억원 ▲회사채 278억원 ▲공사채 1,000억원 ◇채권 만기 ▲은행채 3,900억원 ▲여전채 2,600억원 ▲회사채 2,490억원 ◇채권 입찰 ▲물가채 10년 1,000억원 입찰 ▲통안채20,000억원 조기환매 (서울...",https://news.einfomax.co.kr/news/articleView.html?idxno=4407569,9,,1
3월 외환보유액 40억달러 감소…달러강세·환율방어 등 영향,"외환보유액을 자산별로 나눠보면 국채·회사채 등 유가증권(3천776억9천만달러)이 22억6천만달러 축소됐다. 예치금(210억5천만달러)과 IMF(국제통화기금) 특별인출권(SDR·155억7천만달러)도 각 14억4천만달러, 2억달러...",https://www.tfmedia.co.kr/news/article.html?no=203361,11,,1
3월 외화보유액 40억달러↓…달러 강세에 11개월 만에 최대폭,"자산별로 보면 국채와 회사채 등 유가증권은 3천776억9천만달러로, 한 달 전보다 22억6천만달러 줄었다. 예치금은 210억5천만달러로 14억4천만달러 감소했고, 국제통화기금(IMF) 특별인출권(SDR)도 155억7천만달러로 2억달러...",https://www.youthdaily.co.kr/news/article.html?no=216757,3,,1
중동불안·고환율에…3월 외환보유액 39억달러 감소,"외환보유액 대부분을 구성하는 미국 국채와 정부 기관채, 회사채 등을 포함하는 유가증권은 한달새 22억6000만달러가 줄어든 3776억9000만달러다. 한국의 외환보유액 규모는 2월말 기준 이탈리아와 프랑스에 밀려...",https://news.tf.co.kr/read/economy/2309284.htm,11,,1
"환율 방어에 외환보유액, 11개월 만에 최대 감소… 40억 달러 가까이 줄...","외환보유액은 국채·회사채 등 유가증권(3776억 9000만 달러)이 22억 6000만 달러 축소됐다. 예치금(210억 5000만 달러)과 IMF(국제통화기금) 특별인출권(SDR·155억 7000만 달러)도 각 14억 4000만 달러, 2억 달러 줄었다....",https://www.newscj.com/news/articleView.html?idxno=3391023,11,,1
3월 외환보유액 40억 달러 규모 감소…11개월 만 최대 감소,외환보유액을 자산별로 나눠보면 국채·회사채 등 유가증권(3776억9000만 달러)이 22억6000만 달러 축소됐다. 또 예치금(210억5000만 달러)과 IMF(국제통화기금) 특별인출권(SDR·155억7000만 달러)도 14억4000만 달러...,http://www.ftoday.co.kr/news/articleView.html?idxno=357290,8,,1
외환보유액 40억 달러 감소…환율 방어·달러 강세 영향,"외환보유액을 자산별로 나눠보면 국채·회사채 등 유가증권(3776억9000만 달러)이 22억6000만 달러 축소됐다. 예치금(210억5000만 달러)과 IMF(국제통화기금) 특별인출권(SDR·155억7000만 달러)도 각 14억4000만 달러, 2억...",http://www.kookje.co.kr/news2011/asp/newsbody.asp?code=0200&key=20260403.99099000800,11,,1
3월 외환보유액 40억달러 가까이 감소…달러 강세·시장안정 조치 영향,"국채와 회사채 등으로 구성된 유가증권은 3776억9000만 달러로 전월보다 22억6000만 달러 줄었고, 예치금 역시 210억5000만 달러로 14억4000만 달러 감소했다. 국제통화기금의 특별인출권인 SDR도 155억7000만 달러로 2억 달러...",https://www.ebn.co.kr/news/articleView.html?idxno=1704345,8,,1
고환율에 3월 외환보유액 40억달러 감소…11개월만에 최대폭,"외환보유액을 자산별로 나눠보면 국채·회사채 등 유가증권(3천776억9천만달러)이 22억6천만달러 축소됐다. 예치금(210억5천만달러)과 IMF(국제통화기금) 특별인출권(SDR·155억7천만달러)도 14억4천만달러, 2억달러...",https://www.nocutnews.co.kr/news/6495966?utm_source=naver&utm_medium=article&utm_campaign=20260403094951,11,,1
3월 외환보유액 40억달러 감소…환율 방어·달러 강세,"자산별로 보면 국채·회사채 등 유가증권은 3776억9000만달러로 22억6000만달러 줄었고, 예치금은 210억5000만달러로 14억4000만달러 감소했다. 국제통화기금 특별인출권(SDR)도 2억달러 줄었다. 반면 금은 매입가 기준으로...",https://www.cstimes.com/news/articleView.html?idxno=700702,11,,1
3월 외환보유액 40억달러↓…11개월만에 최대폭,"자산별로 보면 국채·회사채 등 유가증권(3천776억9천만달러)이 22억6천만달러 축소됐다. 예치금(210억5천만달러)과 IMF(국제통화기금) 특별인출권(SDR·155억7천만달러)도 각 14억4천만달러, 2억달러 줄었다....",https://www.viewsnnews.com/article?q=234831,8,,1
3월 외환보유액 4236억달러…환율 방어 등에 40억 달러↓,"외환보유액을 자산별로 나눠보면 국채·회사채 등 유가증권(3776억9000만달러)이 22억6000만달러 감소했다. 예치금(210억5000만달러)과 IMF(국제통화기금) 특별인출권(SDR·155억7000만달러)도 각 14억4000만달러, 2억달러...",https://www.kukinews.com/article/view/kuk202604030028,11,,1
3월 외환보유액 40억달러 '뚝'…11개월 만에 최대 감소,"자산별로 살펴보면 국채와 회사채 등 유가증권(3776억9000만달러)이 22억6000만달러 축소됐다. 예치금(210억5000만달러)과 IMF(국제통화기금) 특별인출권(SDR·155억7000만달러)도 각각 14억4000만달러, 2억달러씩 감소했다....",https://www.shinailbo.co.kr/news/articleView.html?idxno=5007615,8,,1
"""와우(WOW)! 너무 편해요""...외국인 관광객 필수템된 이 '결제 카드'",수수료에서도 와우패스는 기존 결제수단 대비 경쟁력을 갖췄다. 해외 신용카드는 대부분 국내에서 사용... 네이버나 카드사들 등 경쟁 서비스 확대에 대한 대응 전략은 A. 경쟁 자체는 긍정적으로 본다. 시장이 커지고 더...,https://economist.co.kr/article/view/ecn202603310058,4,,1
14년째 공회전…보험료 카드 납부 '깐부'는 어디?,카드납이 시행될 경우 보험사는 약 2% 수준의 가맹점 수수료를 카드사에 지급해야 해 비용 부담이 커지기 때문입니다. 특히 생명보험사는 보험료 규모가 큰 저축성·변액보험 등 장기 상품 비중이 높아 수수료 부담이 더...,https://biz.sbs.co.kr/article_hub/20000301603?division=NAVER,9,,1
"코인베이스·리눅스재단, HTTP 402를 웹 결제 표준으로 되살렸다","수수료 ‘센트 이하’…기존 결제망과 격차 X402의 가장 큰 강점은 비용 구조다. 스테이블코인 기반... HTTP 레벨에서 결제가 이루어지면 중개자(카드사·PG) 없이도 실시간 정산이 가능해지며, 특히 AI·API 경제에서...",https://www.tokenpost.kr/news/blockchain/346165,4,,1
"'최고가격제'에 막힌 유통비…석유대리점 ""공급 중단·폐업 위기"" 호소","협회는 40여 년간 유지된 '정률제' 수수료 방식으로 인해 유가가 상승할수록 국민과 주유소의 부담은 커지는 반면, 카드사의 수익은 늘어나는 구조적 모순이 발생하고 있다고 지적한다. 이러한 구조는 주유소의 판매가...",http://www.newsian.co.kr/news/articleView.html?idxno=88116,4,,1
"애플페이 이어 삼성페이도 수수료 부과하나, 카드사 반발에 진통 예고","이에 삼성전자는 애플페이 확산을 계기로 삼성페이 유료화 명분을 확보, 일부 카드사에 수수료 관련 계약안을 전달한 것으로 알려졌다. 삼성페이 국내 이용자 수는 2025년 기준 1860만 명이며, 결제 금액은 2024년 기준 약...",https://www.businesspost.co.kr/BP?command=article_view&num=434936,4,,1
"비씨카드, 본업 둔화 뚜렷…김영우號, 전략방향 이달 나오나","비씨카드는 결제망 제공과 정산 대행을 통해 수수료를 확보하는 매입 프로세싱을 본업으로 삼고 있다. 해당... 기존 프로세싱 사업은 카드사나 은행 등 비교적 신용도가 높은 기관을 대상으로 했던 반면, 대출은 개인 및...",https://www.1conomynews.co.kr/news/articleView.html?idxno=47860,8,,1
"""주유비까지 떠넘겼다""…카드사 덮친 상생금융 압박",문제는 카드사들의 체력이 이미 약화돼 있다는 점이다. 가맹점 수수료 인하와 여전채 금리 상승으로 조달 비용이 급증하면서 본업 수익성이 흔들리는 상황에서 추가 지원까지 떠안기 어렵다는 목소리가 커지고 있다....,https://dealsite.co.kr/articles/159519,7,,1
"인도네시아 여행, 환전없이 국내 금융앱으로 QR결제 가능해져","이에 따라 인도네시아 여행 시 번거로운 환전이나 비싼 해외결제수수료 부담 없이, 인도네시아 전역의 3... 아울러 국가간 QR결제 인프라를 은행, 카드사, 핀테크사 등이 모두 이용할 수 있는 개방형 인프라로 운영할...",https://news.cpbc.co.kr/article/1171855?division=NAVER,4,,1
"하나카드, 영세·중소 가맹점 ‘2~3개월 무이자 할부’ 시행…골목상권...","고객은 해당 가맹점에서 하나카드로 결제 시 할부 수수료 부담 없이 2~3개월에 걸쳐 대금을 나눠 낼 수 있다.... 앞서 지난 2월 2일, 카드사 최초로 200만 영세 가맹점을 대상으로 총 12조 원 규모의 ‘가맹점 대금 즉시지급(D...",https://www.megaeconomy.co.kr/news/newsview.php?ncode=1065572199977902,5,,1
"금융결제원, '국가 간 QR결제' 표준 세운다… 인도네시아와 양방향 서비...",결제 수수료 부담도 한층 낮출 수 있을 것으로 기대됩니다. 국내 금융사들은 금융결제원의 결제 인프라를... 금융결제원은 국가간 QR결제 인프라를 은행·카드사·핀테크사가 함께 활용할 수 있는 개방형 인프라로...,https://news.einfomax.co.kr/news/articleView.html?idxno=4407566,8,,1
"우리카드, 국내 카드사 최초 '한·인니 QR결제 서비스' 오픈",사진=우리카드  우리카드(사장 진성원)가 국내 카드사 최초로 '한·인도네시아 QR결제 서비스'를 공식... 수수료·환율 측면에서도 혜택을 제공한다. QR결제 서비스는 국제브랜드와 해외서비스 수수료를 전액 면제해...,http://www.bizwnews.com/news/articleView.html?idxno=132226,7,,1
부동산 대출과 법률(5)[정보근 변호사의 부동산 법률을 부탁해],저축은행들은 부실대출의 손실을 주식 투자 수익으로 메꾸기도 한다. 심지어는 현금이 부족하자 더 큰 수익을 내기 위해 부동산을 담보로 주식 투자 자금을 대출받는 시행사들도 있다. 최근 필자의 지인으로부터 전화...,https://www.sedaily.com/article/20028154?ref=naver,11,,1
“저축은행 해킹에 역대 최고 수준 과징금 부과…정보보안 관리 수준 높...,제3회 상호저축은행법학회 세미나 저축은행 해킹 제재 사례 분석 법조계 “유출 건수·보안 소홀 정도가 제재 수위 결정” 3일 서울 강남구 법무법인 바른에서 개최된 ‘제3회 상호저축은행법학회’에서 주제발표를 맡은...,https://biz.heraldcorp.com/article/10709796?ref=naver,7,,1
"‘유상증자 논란’ 한화솔루션, 주주 달래기 시도... “2030년까지 추가...","이를 막기 위해 한화솔루션은 1조 570억원 규모의 계열회사 지분과 한화저축은행 지분(1785억 원), 울산 사택부지(1602억 원), 신재생에너지 개발자산(1600억 원), 여수산단 내 유휴부지(360억 원), 전기차 충전사업(250억 원)...",https://www.mediawatch.kr/news/article.html?no=259158,7,,1
"한화솔루션 ""2030년까지 추가 증자 없을 것…신용등급 하향 압력 대응""","이를 막기 위해 지난 2년 동안 1조570억 원 규모의 계열회사 지분과 한화저축은행 지분(1천785억 원), 울산 사택부지(1천602억 원), 신재생에너지 개발자산(1600억 원), 여수산단 내 유휴부지(360억 원), 전기차 충전사업(250억...",http://www.whitepaper.co.kr/news/articleView.html?idxno=260561,7,,1
"THE CUBE& 주주 바로저축은행, THE CUBE& 주식등의 수 보유 지분 해소","THE CUBE&의 주주인 바로저축은행이 보유 지분을 전량 해소했다. 바로저축은행의 2026년 4월 2일 기준 보유 THE CUBE& 주식등의 수는 0주, 보유 비율은 0%로 보고됐다. 종목 시세 정보에 따르면 THE CUBE&의 주가는 4월 3일 16시...",https://www.digitaltoday.co.kr/news/articleView.html?idxno=653529,9,,1
"현대엘리베이터 최대주주 현대홀딩스컴퍼니, 현대엘리베이터 주식등의...","더케이저축은행(주), 현대해상화재보험(주), (주)전북은행, (주)아이비케이캐피탈, (주)오케이저축은행 사이에 체결된 전질권설정 합의서로, 주2)의 계약에 따라 메트로폴리탄홀딩스(유)가 취득하는 모든 권리에 대해...",https://www.digitaltoday.co.kr/news/articleView.html?idxno=653520,11,,1
한화솔루션 “2030년까지 추가 유상증자 없다”,"△계열사 지분 △한화저축은행 지분 △울산 사택부지 △신재생에너지 개발자산 △여수산단 유휴부지 △전기차 충전사업 등을 매각해 약 1조6000억원을 확보했고, 영구채 발행을 통해 7000억원을 조달했다. 회사는 이 같은...",https://www.g-enews.com/view.php?ud=20260403171522470824debea800_1,7,,1
"한화솔루션, 소액주주 반발에도 '유상증자' 강행...""2030년까지 추가 증...","한화솔루션은 태양광 사업의 핵심 시장인 미국 내 정책 변화 등으로 대내외 환경이 악화돼 지난 2년 동안 1조570억원 규모의 계열회사 지분을 비롯해 한화저축은행 지분(1785억원), 울산 사택부지(1602억원), 신재생에너지...",https://www.livebiz.today/news/articleView.html?idxno=201438,7,,1
"DB손해보험, DB저축은행에 정기예금 1년 567억원 예치",손해보험사 DB손해보험(005830)은 계열회사인 DB저축은행에 정기예금 1년 상품으로 567억원을 예치한다고 3일 공시했다. 이번 예·적금 거래 기간은 2026년 4월3일부터 2026년 4월12일까지다. 거래 목적은...,https://www.digitaltoday.co.kr/news/articleView.html?idxno=653430,10,,1
"대우건설, 청라피크원 푸르지오 오피스텔 수분양자 채무보증 결정","이번 채무보증은 에스비아이저축은행, 오케이저축은행, 대신저축은행, 비엔케이저축은행을 채권자로 하며, 채무금액은 5500억원이다. 대우건설의 자기자본 대비 채무보증금액 비율은 18.99%로 나타났다....",https://www.digitaltoday.co.kr/news/articleView.html?idxno=653434,9,,1
"트리니티항공, LCC 틀 깨고 글로벌 항공사로 간다","이후 2010년 토마토저축은행 계열 신보종합투자에 인수되면서 티웨이항공이라는 새 이름을 달고 CI(Corporate Identity, 기업 정체성)도 붉은색 계열로 꾸몄다. 2012년에는 예림당이 티웨이항공을 인수하고 조직 재정비와 노선...",https://www.econovill.com/news/articleView.html?idxno=736035,7,,1
"""저축은행도 디지털자산 진출 모색해야""","2026년 1월 토큰증권 도입을 골자로 한 '전자증권법', '자본시장법' 개정안이 국회를 통과해 발행·유통의 법적 기반이 마련되면서, 엄격한 규제를 받는 저축은행 업권에서도 디지털자산 산업 진출 방안을 모색할 필요가...",https://www.lawtimes.co.kr/news/articleView.html?idxno=218842,10,,1
"""잠이 안 온다""…주주들 고성 이어진 한화솔루션 유증 설명회","1조 570억원 규모 계열사 지분과 ▲한화저축은행 지분(1785억원), 울산 사택부지(1602억원) ▲신재생에너지 개발자산(1600억원) ▲여수산단 내 유휴부지(360억원) ▲전기차 충전사업(250억원) 등을 매각해 약 1조 6000억원을...",https://zdnet.co.kr/view/?no=20260403191451,7,,1
"한화솔루션 ""2030년까지 추가 유상증자 없이 재무구조 개선·주주환원""","회사는 1조570억원 규모의 계열회사 지분과 한화저축은행 지분(1785억원), 울산 사택부지(1602억원), 신재생에너지 개발자산(1600억원), 여수산단 내 유휴부지(360억원), 전기차 충전사업(250억원) 등을 매각해 약 1조6000억원을...",https://www.shinailbo.co.kr/news/articleView.html?idxno=5007837,7,,1
한화솔루션 “2030년까지 유증 없어”…주주들 “경영실패 책임 왜 전가...,"한화솔루션은 태양광 사업의 핵심 시장인 미국 내 정책 변화 등으로 대내외 환경이 악화된 상황에서 이를 막기 위해 지난 2년 동안 1조570억원 규모의 계열회사 지분과 한화저축은행 지분(1785억원), 울산 사택부지...",https://www.segye.com/newsView/20260403513807?OutUrl=naver,7,,1
"한화솔루션, 성난 주주 달래라…""2030년까지 추가 유증 없다""","지난 2년간 한화저축은행 지분과 울산 사택 부지, 여수산단 유휴 부지 매각 등 총 1조6000억원 규모의 자산을 처분했으며, 7000억원의 신종자본증권 발행까지 총 2조3000억원의 자구 노력을 선제적으로 이행했다는...",https://www.m-i.kr/news/articleView.html?idxno=1361481,7,,1
한화솔루션 “2030년까지 추가증자 없다”…주주 반발에 유상증자 해명,"한화솔루션은 태양광 사업의 핵심 시장인 미국 내 정책 변화 등으로 대내외 환경이 악화한 상황에서 이를 막기 위해 지난 2년 동안 1조 570억 원 규모의 계열회사 지분과 한화저축은행 지분(1,785억 원), 울산 사택 부지(1...",https://news.kbs.co.kr/news/pc/view/view.do?ncd=8526502&ref=A,7,,1
"""2030년까지 추가 증자 없다""는 한화솔루션…주주들 ""경영 실패 부담 왜...","태양광 사업 핵심 시장인 미국 내 정책 변화 등으로 대내외 환경이 악화한 가운데, 지난 2년간 계열사 지분(1조570억원)과 한화저축은행 지분(1785억원), 울산 사택 부지(1602억원), 신재생에너지 개발 자산(1600억원)...",http://www.newsroad.co.kr/news/articleView.html?idxno=57290,7,,1
MBC '김만배 보도' 과징금 취소 판결 2심서도 유지,"2022년 3월 7일 MBC는 윤 후보가 검사 시절 대장동 개발의 종잣돈이 됐다고 알려진 1천100억 원의 부산저축은행 부실 대출 사건을 봐줬다는 의혹과 관련해, 대장동 민간 사업자 김만배 씨의 육성을 인용해 보도했습니다....",https://imnews.imbc.com/news/2026/society/article/6812538_36918.html,10,,1
"“2030년까지 추가 증자 없다”…한화솔루션, 재무개선·주주환원 확대","한화솔루션은 지난 2년간 계열사 지분과 한화저축은행 지분, 울산 사택 부지, 신재생에너지 개발 자산, 여수산단 유휴부지, 전기차 충전 사업 등을 매각해 약 1조6000억원을 확보했다. 여기에 신종자본증권(영구채) 발행을...",http://www.joseilbo.com/news/news_read.php?uid=565944&class=17&grp=,7,,1
"한화솔루션 유증 해명 나섰지만...""주총선 말 없더니"" 반발","한화솔루션은 유상증자에 앞서 계열사 지분과 한화저축은행 지분, 울산 사택부지, 신재생에너지 개발자산, 여수산단 유휴부지, 전기차 충전사업 등을 매각해 약 1조6000억원을 확보했고, 신종자본증권 발행을 통해...",https://www.etoday.co.kr/news/view/2572648,7,,1
[금융권 Clip] 플랫폼·AI 중심 경쟁구도 재편 본격화,"웰컴저축은행, 'AI뱅킹' 도입…AI 기반 금융서비스 본격화 웰컴저축은행은 업권 최초로 'AI뱅킹' 서비스를 도입하고 관련 광고 캠페인을 공개했다. 사진=웰컴저축은행 웰컴저축은행은 업권 최초로 'AI뱅킹' 서비스를...",http://www.sisacast.kr/news/articleView.html?idxno=94660,8,,1
"한화솔루션 ""2030년까지 추가증자 없다""…주주들 ""경영진 나와라"" 반발(...","한화솔루션은 태양광 사업의 핵심 시장인 미국 내 정책 변화 등으로 대내외 환경이 악화된 상황에서 이를 막기 위해 지난 2년 동안 1조570억원 규모의 계열회사 지분과 한화저축은행 지분(1천785억원), 울산 사택부지...",https://www.yna.co.kr/view/AKR20260403144351003?input=1195m,7,,1
한화솔루션 “2030년까지 추가 증자 없다…신용등급 하향 압박 대응” ...,"이를 막기 위해 지난 2년간 1조 570억원 규모의 계열회사 지분과 한화저축은행 지분(1785억원), 울산 사택 부지(1602억원), 신재생에너지 개발 자산(1600억원), 여수산단 내 유휴 부지(360억원), 전기차 충전 사업(250억원) 등을...",https://www.seoul.co.kr/news/economy/industry/2026/04/03/20260403500273?wlog_tag3=naver,7,,1
"포커스에이아이 최대주주 위허브, 포커스에이아이 주식등의 수 181만5320...","제이플래닝은 상상인저축은행과 전환사채매매계약을 4월 1일 체결했다. 추가로 다른 기재 내역을 보면, 3월 31일 박철웅은 임원퇴임으로 기타 57만주를 처분했다. 4월 1일 제이플래닝은 전환사채권 64만2201주를...",https://www.digitaltoday.co.kr/news/articleView.html?idxno=653379,10,,1
"한화솔루션 ""2030년까지 추가 유증 없다""…자구책 2.3조·주주환원 확대","계열회사 지분(1조570억원)과 한화저축은행 지분(1785억원), 울산 사택부지(1602억원), 신재생에너지 개발자산(1600억원), 여수산단 유휴부지(360억원), 전기차 충전사업(250억원) 등을 매각해 약 1조6천억원을 확보했으며...",http://www.paxetv.com/news/articleView.html?idxno=268377,7,,1
"한화솔루션 ""2030년까지 추가 유증 없다""","회사는 1조570억원 규모의 계열회사 지분과 한화저축은행 지분(1천785억원), 울산 사택 부지(1천602억원), 신재생에너지 개발자산(1천600억원), 여수산단 내 유휴부지(360억원), 전기차 충전사업(250억원) 등을 매각해 약...",https://news.einfomax.co.kr/news/articleView.html?idxno=4407667,7,,1
"한화솔루션 ""2030년까지 추가 유증 없다""···신뢰 회복 과제","계열사 지분과 한화저축은행 지분, 울산 사택부지, 신재생에너지 개발자산, 여수산단 유휴부지, 전기차 충전사업 등을 매각해 약 1조6천억 원을 확보했다. 여기에 자본시장에서 신종자본증권 발행으로 7천억 원을 추가...",https://www.enetnews.co.kr/news/articleView.html?idxno=48513,7,,1
"한화솔루션 ""2030년까지 추가 유증 없다""…재무개선 로드맵 제시","계열회사 지분 1조570억원과 한화저축은행 지분 1785억원, 울산 사택부지 1602억원, 신재생에너지 개발자산 1600억원, 여수산단 유휴부지 360억원, 전기차 충전사업 250억원 등을 매각해 약 1조6000억원을 확보했다. 여기에...",https://www.dailian.co.kr/news/view/1629507/?sc=Naver,7,,1
주주 달래기 나선 한화솔루션…“2030년까지 추가 유증 없다”,"계열 회사 지분, 한화저축은행 지분, 울산 사택 부지 등을 매각해 그동안 1조6000억원에 달하는 자금을 마련했다는 것이다. 한편, 이날 한화솔루션은 올해 기점으로 주요 사업 실적이 개선될 것이라고 전망했다. 올...",https://www.mk.co.kr/article/12007592,8,,1
"상상인그룹, 7주간 임직원 참여 '걷기 프로젝트' 실시…""일상 속 ESG 실천...","상상인을 비롯해 상상인저축은행, 상상인플러스저축은행, 상상인선박기계 등 주요 계열사 및 시너지이노베이션과 그 계열사인 엠아이텍, 메디카코리아, 뉴로바이오젠 등이 참여한다. 프로젝트는 팀 단위로 참여하는...",https://www.econovill.com/news/articleView.html?idxno=736032,7,,1
"유상증자 진화 나선 한화솔루션..""2030년까지 추가 증자 없다""",△1조570억원 규모 계열회사 지분 △한화저축은행 지분 1785억원 △울산 사택부지 1602억원 △신재생에너지 개발자산 1600억원 △여수산단 내 유휴부지 360억원 △전기차 충전사업 250억원 등을 매각해 약 1조6000억원을...,http://www.4th.kr/news/articleView.html?idxno=2110000,7,,1
"한화솔루션 ""2030년까지 추가 유증 없이 재무구조 개선·주주환원""",회사는 ▲1조570억원 규모 계열회사 지분 ▲한화저축은행 지분(1785억원) ▲울산 사택 부지(1602억원) ▲신재생에너지 개발자산(1600억원) ▲여수산단 내 유휴부지(360억원) ▲전기차 충전사업(250억원) 등을 매각해 약...,https://www.sidae.com/article/2026040316374982642,7,,1
"[금융체크] 신한은행, 웰컴저축은행, 네이버페이 등","웰컴저축은행이 고객 의견을 반영해 금융서비스를 개선하는 고객참여제도 '웰컴ON' 10기를 모집한다. 사진=웰컴저축은행 ◆ ""고객 의견으로 서비스 바꾼다""…웰컴저축은행 '웰컴ON' 10기 모집 웰컴저축은행(대표 박종성...",http://www.bizwnews.com/news/articleView.html?idxno=132319,13,,1
"""2030년까지 추가 유상증자 없다!""…여의도서 투자자 만난 한화솔루션 ...","1조570억원 규모의 계열회사 지분과 한화저축은행 지분(1785억원), 울산 사택부지(1602억원), 신재생에너지 개발자산(1600억원), 여수산단 내 유휴부지(360억원), 전기차 충전사업(250억원) 등을 매각해 약 1조6천억원을...",https://www.getnews.co.kr/news/articleView.html?idxno=866960,7,,1
"""추가 유증 없다"" 선 그은 한화솔루션…주주 불신은 여전","지난 2년간 계열회사 지분(1조570억원), 한화저축은행 지분(1785억원), 울산 사택부지(1602억원), 신재생에너지 개발자산(1600억원), 여수산단 유휴부지(360억원), 전기차 충전사업(250억원) 등을 매각해 약 1조6000억원을...",https://www.pointdaily.co.kr/news/articleView.html?idxno=299726,7,,1
"한화솔루션 ""최소 2030년까지 추가 유상증자 없다""","1조570억원 규모의 계열회사 지분과 한화저축은행 지분(1785억원), 울산 사택부지(1602억원), 신재생에너지 개발자산(1600억원), 여수산단 내 유휴부지(360억원), 전기차 충전사업(250억원) 등을 매각해 약 1조6천억원을...",https://news.mtn.co.kr/news-detail/2026040317001148620,7,,1
"한화솔루션 “2030년까지 추가 유상증자 없어""…'주주 달래기'","한화솔루션은 앞서 1조570억원 규모의 계열회사 지분과 한화저축은행 지분(1785억원), 울산 사택부지(1602억원), 신재생에너지 개발자산(1600억원), 여수산단 내 유휴부지(360억원), 전기차 충전사업(250억원) 등을 매각해 약...",https://view.asiae.co.kr/article/2026040317063955634,7,,1
한화솔루션 “2030년까지 추가 유상증자 없어”,"1조570억원 규모의 계열 회사 지분과 한화저축은행 지분(1785억원), 울산 사택 부지(1602억원), 신재생에너지 개발 자산(1600억원), 여수산단 내 유휴 부지(360억원), 전기차 충전 사업(250억원) 등을 매각해 약 1조6000억원을...",https://biz.chosun.com/industry/company/2026/04/03/DKCEADPAKFFJ7LXOZNMQF2JDQI/?utm_source=naver&utm_medium=original&utm_campaign=biz,7,,1
조단위 기습 유증에 뿔난 개미들…한화솔루션 '달래기' 나서,"현재까지 1조570억원 규모의 계열회사 지분과 한화저축은행 지분(1785억원), 울산 사택부지(1602억원), 신재생에너지 개발자산(1600억원) 등을 매각해 약 1조6000억원을 마련했다. 또한 자본시장에서 신종자본증권(영구채)을...",https://www.newsworks.co.kr/news/articleView.html?idxno=836608,7,,1
"한화솔루션 ""2030년까지 추가 유증 없어""…재무 안정 총력","한화솔루션은 지난 2년간 한화저축은행 지분(1785억원), 울산 사택 부지(1602억원), 전기차 충전 사업(250억원) 등 비핵심 자산을 매각해 약 1조6000억원을 마련했다. 여기에 7000억원 규모의 신종자본증권(영구채) 발행을 더해...",https://dealsite.co.kr/articles/159671,7,,1
"정원영 한화솔루션 CFO ""2030년까지 추가 유상증자 없다""","1조570억원 규모의 계열회사 지분과 한화저축은행 지분(1785억원), 울산 사택부지(1602억원), 신재생에너지 개발자산(1600억원), 여수산단 내 유휴부지(360억원), 전기차 충전사업(250억원) 등을 매각해 약 1조6000억원을...",https://www.fetv.co.kr/news/article.html?no=216342,7,,1
"한화솔루션, ""2030년까지 추가 유상증자 없어""...중장기 계획 제시","계열회사 지분과 한화저축은행 지분, 울산 사택부지, 신재생에너지 개발 자산, 여수산단 유휴부지, 전기차 충전사업 등을 매각해 약 1조6000억원을 확보했으며, 신종자본증권 발행을 통해 7000억원을 추가 조달했다. 일부...",https://www.joongangenews.com/news/articleView.html?idxno=508773,7,,1
"""고객 의견으로 서비스 바꾼다"" …웰컴저축은행, '웰컴ON' 10기 모집","웰컴저축은행이 고객 의견을 반영해 금융서비스를 개선하는 고객참여제도 '웰컴ON' 10기를 모집한다. '웰컴ON'은 고객이 웰컴저축은행의 금융상품, 서비스 전반에 대해 직접 의견을 제시하는 고객패널 제도로 2017년...",http://www.dailysmart.co.kr/news/articleView.html?idxno=122154,8,,1
"한화솔루션, 2030년까지 재무구조 개선·주주환원 확대","1조570억원 규모의 계열회사 지분과 한화저축은행 지분(1785억원), 울산 사택부지(1602억원), 신재생에너지 개발자산(1600억원), 여수산단 내 유휴부지(360억원), 전기차 충전사업(250억원) 등을 매각해 약 1조6천억원을...",https://www.businesskorea.co.kr/news/articleView.html?idxno=266974,7,,1
"주주 달래기 나선 한화솔루션 ""2030년까지 추가 유증 없어, 재무 개선·...","1조570억원 규모 계열회사 지분과 한화저축은행 지분(1785억원), 울산 사택부지(1602억원), 신재생에너지 개발자산(1600억원), 여수산단 내 유휴부지(360억원), 전기차 충전사업(250억원) 등을 매각해 약1조6000억원을...",http://www.hansbiz.co.kr/news/articleView.html?idxno=830249,7,,1
"한화솔루션 ""2030년까지 추가 유증 없다""... 영업현금으로 재무개선","계열회사 지분, 한화저축은행 지분, 울산 사택부지, 신재생에너지 개발자산, 여수산단 유휴부지, 전기차 충전사업 등을 매각해 약 1조6000억원을 마련했고, 신종자본증권 발행으로 7000억원을 조달했다.일부 주주들이...",https://www.insight.co.kr/news/548795,7,,1
한화솔루션 “2030년까지 추가 유상증자 없다”…재무개선·주주환원 로...,"계열사 지분 매각(1조570억원), 한화저축은행 지분(1785억원), 울산 사택부지(1602억원), 신재생에너지 개발자산(1600억원), 여수산단 유휴부지(360억원), 전기차 충전사업(250억원) 등을 통해 약 1조6000억원을 확보했다. 여기에...",https://www.socialvalue.kr/news/view/1065598860924282,7,,1
"일본계 SBI저축은행, 본업 대신 한국 주식에 빠졌다",단기매매증권 중 주식 6.5억→152억원…순이익 40% 증가 에임드바이오 31억원·알지노믹스 18억원 인식…방송사 투자 부진 '옥의 티' 일본계 금융그룹인 SBI홀딩스를 최대주주로 둔 국내 업계 1위사 SBI저축은행이...,https://www.topdaily.kr/articles/109545,4,,1
"한화솔루션 ""2030년까지 추가 유상증자 계획 없다""","1조570억 원 규모 계열회사 지분과 한화저축은행 지분(1785억원), 울산 사택부지(1602억원), 신재생에너지 개발자산(1600억원), 여수산단 내 유휴부지(360억원), 전기차 충전사업(250억원) 등을 매각해 약 1조6000억 원을...",http://www.fntimes.com/html/view.php?ud=2026040316482736780d260cda75_18,7,,1
"한화솔루션 ""2030년까지 추가 증자 없다""…유증 논란 진화","1조 570억원 규모의 계열회사 지분과 한화저축은행 지분(1785억원), 울산 사택부지(1602억원), 신재생에너지 개발자산(1600억원), 여수산단 내 유휴부지(360억원), 전기차 충전사업(250억원) 등을 매각해 약 1조 6천억원을...",https://www.econovill.com/news/articleView.html?idxno=736021,7,,1
"한화솔루션 ""2030년까지 추가 유상증자 없다""…2.3조 자구책 시행","계열사 및 저축은행 지분, 유휴부지, 신재생에너지 개발자산 등을 팔아 약 1조6천억원을 마련했다. 자본시장에서 신종자본증권도 발행해 7천억원을 추가로 조달했다. 계열사를 대상으로 한 제3자 배정 유상증자 요구에는...",http://www.newsdream.kr/news/articleView.html?idxno=111138,7,,1
"한화솔루션, 중장기 주주환원 확대 로드맵···""2030년까지 유상증자 없...","한화솔루션은 1조570억원 규모의 계열회사 지분과 한화저축은행 지분(1785억원), 울산 사택부지(1602억원), 신재생에너지 개발자산(1600억원), 여수산단 내 유휴부지(360억원), 전기차 충전사업(250억원) 등을 매각해 약...",https://www.ziksir.com/news/articleView.html?idxno=129678,7,,1
"'유상증자 논란' 한화솔루션, ""2030년까지 추가 증자 없다""","지난 2년간 계열회사 지분 매각(1조570억원), 한화저축은행 지분(1785억원), 울산 사택부지(1602억원), 신재생에너지 개발자산(1600억원), 여수산단 유휴부지(360억원), 전기차 충전사업(250억원) 등을 처분해 약 1조6000억원을...",http://www.newslock.co.kr/news/articleView.html?idxno=128072,7,,1
"OK금융, 금융지주 지분 10% 미만 활용...규제 밖 영향력 확대",저축은행을 보유한 금융그룹이 국내 지방 금융지주 3곳에 동시에 주요 주주로 올라선 사례는 OK금융이 유일하다. OK금융은 지난해 말 기준 iM금융 지분 9.99%를 보유한 최대주주다. 또 JB금융 9.03%를 보유해 3대 주주...,https://www.pointdaily.co.kr/news/articleView.html?idxno=299654,8,,1
"웰컴저축은행, '웰컴ON' 10기 모집…""고객 목소리 담는다""",웰컴저축은행이 고객 패널 제도 '웰컴ON' 10기를 모집하며 고객 중심 경영을 강화한다. 지난 2017년 도입 이 올해로 10회째를 밪은 '웰컴ON'은 고객이 웰컴저축은행의 금융상품 및 서비스 전반에 대해 직접 의견을 제시하는...,https://www.dailian.co.kr/news/view/1629432/?sc=Naver,8,,1
"웰컴저축은행, 고객패널 ‘웰컴ON’ 10기 모집…서비스 개선 참여 확대",웰컴저축은행(대표 박종성·손대희)이 고객 의견을 반영하는 고객패널 ‘웰컴ON’ 10기를 모집해 금융서비스 개선 참여 기회를 확대하고 고객 중심 운영 구조를 강화한다. 웰컴저축은행이 고객참여제도 ‘웰컴ON’ 10기를...,http://www.thevaluenews.co.kr/news/view.php?idx=197888,8,,1
"한울반도체, 주가 하락으로 전환사채 행사가액 조정...삼성전기 등에 M...","한울소재과학은 최근 상상인플러스저축은행 및 상상인증권과 주식담보대출 계약도 체결했다. 대상 주식등의 수는 각각 433만1000주, 281만9000주다. 특수관계자인 에스텔조합1호도 상상인플러스저축은행과 123만6531주...",http://www.lkp.news/news/articleView.html?idxno=78722,10,,1
"웰컴저축은행, 고객 아이디어 130건 반영… 앱 기능·상품 설명 서비스...",웰컴저축은행이 고객 의견을 반영한 금융서비스 개선을 위해 고객참여제도 ‘웰컴ON’ 10기를 모집한다. 3일 웰컴저축은행에 따르면 ‘웰컴ON’은 고객이 금융상품과 서비스 전반에 대해 직접 의견을 제시하는 고객패널...,https://www.g-enews.com/view.php?ud=202604031424055468e30fcb1ba8_1,8,,1
"[더벨][PF Radar] 이지스운용, 메트로·서울로타워 개발 재구조화 '속도...","트랜치A에는 KB캐피탈, IBK캐피탈, 미래에셋캐피탈, 신용협동조합중앙회, 신한캐피탈과 다수 저축은행이 참여했다. 트랜치A 규모는 4800억원이며 트랜치B는 1400억원, 트랜치C는 970억원이었다. 트랜치B에는 신한투자증권...",https://www.thebell.co.kr/free/content/ArticleView.asp?key=202604011425443360102387,14,,1
[김윤섭의 Fin포인트] 고유가·고환율에 주담대 금리 7% 돌파…금리 낮...,"금리인하요구권은 시중은행은 물론 지방은행, 인터넷 전문은행, 저축은행, 카드사, 보험사 등 1·2금융권 모두 신청할 수 있다. 신청을 위해서는 각 금융회사 영업점을 방문하거나 모바일 앱을 통해 접수하면 된다. 특히...",https://www.ajunews.com/view/20260403134948609,18,,1
"상상인그룹, 7주간 걷기 사내 캠페인…건강·친환경 실천","이번 캠페인엔 상상인을 비롯해 상상인저축은행, 상상인플러스저축은행, 상상인선박기계 등 주요 계열사와 시너지이노베이션, 엠아이텍, 메디카코리아, 뉴로바이오젠 등 관계사가 참여한다. 프로젝트는 팀 단위로...",http://www.edaily.co.kr/news/newspath.asp?newsid=03844166645412512,7,,1
"웰컴저축은행, 고객패널 '웰컴ON' 10기 모집",웰컴저축은행이 고객 의견을 반영해 금융서비스를 개선하는 고객참여제도 '웰컴ON' 10기를 모집한다고 3일 밝혔다. 웰컴ON은 고객이 웰컴저축은행의 금융상품 및 서비스 전반에 대해 직접 의견을 제시하는 고객패널...,http://www.fnnews.com/news/202604031040010788,8,,1
"“고객 의견으로 서비스 바꾼다”…웰컴저축은행, ‘웰컴ON’ 10기 모집","웰컴저축은행이 고객 의견을 반영해 금융서비스를 개선하는 고객참여제도 ‘웰컴ON’ 10기를 모집한다고 3일 밝혔다. ‘웰컴ON’은 고객이 금융상품과 서비스 전반에 대해 직접 의견을 제시하는 고객패널 제도로, 2017년...",https://www.ddaily.co.kr/page/view/2026040313474276468,8,,1
"與서영교 ""출마 기웃거리는 한동훈, 윤석열과 함께 조작기소 책임 있어...","이어 ""대장동 사건도 착수 비용을 부산저축은행에서 대출해 오는 과정에서 브로커가 있다. 당시 주임 검사가 윤석열이었고, 대장동 사건에서 김만배가 윤석열 아버지의 집을 사준다""라며 ""오히려 윤석열 검사가 깊이...",https://www.polinews.co.kr/news/articleView.html?idxno=727457,8,,1
"SBI저축은행 김문석, 저축은행 CEO 2026년 4월 브랜드평판 1위","저축은행 CEO 브랜드평판 2026년 4월 빅데이터 분석결과, 1위 SBI저축은행 김문석 2위 OK저축은행 정길호 3위 웰컴저축은행 김대웅 순으로 분석됐다. 한국기업평판연구소는 44개 저축은행 CEO 브랜드에...",https://www.energy-news.co.kr/news/articleView.html?idxno=224293,7,,1
"웰컴저축은행, 고객 중심 경영 실천…'웰컴ON' 10기 모집",웰컴저축은행이 고객 의견을 반영해 금융서비스를 개선하는 고객참여제도 '웰컴ON' 10기를 모집한다고 3일 밝혔다. '웰컴ON'은 고객이 웰컴저축은행의 금융상품 및 서비스 전반에 대해 직접 의견을 제시하는 고객패널...,https://www.econovill.com/news/articleView.html?idxno=735977,8,,1
"저축은행 CEO 브랜드평판 4월 조사, SBI저축은행 김문석 1위…2위 OK저축...","한국기업평판연구소는 3일 2026년 4월 저축은행 CEO 브랜드평판 빅데이터 분석 결과, SBI저축은행 김문석 CEO가 1위를 차지했다고 밝혔다. 2위는 OK저축은행 정길호, 3위는 웰컴저축은행 김대웅 CEO로...",https://www.cbci.co.kr/news/articleView.html?idxno=565346,7,,1
저축은행 vs 핀테크… ‘대출 중개 수수료율’ 정면 충돌,금융당국이 핀테크 플랫폼의 저축은행 대출 중개 수수료율을 시중은행 수준으로 낮추는 방안을 추진 중인 가운데 이를 둘러싼 핀테크업계와 저축은행업계 간 갈등이 커지고 있다. 금융당국은 서민 금리를 낮추기 위해...,https://www.munhwa.com/article/11579637?ref=naver,11,,1
대출중개 사후규제 압박에…'금융 혁신' 벼랑 끝 위기,금융당국이 저축은행 등 2금융권의 온라인 대출 중개 플랫폼 수수료율 인하를 추진하면서 핀테크 업계의 위기감이 커지고 있다. 1금융권과 2금융권 간 구조적 차이를 고려하지 않은 수수료 평준화 접근이 핀테크 기업들을...,https://www.newsis.com/view/NISX20260403_0003576780,10,,1
[오늘의 주요 정치 일정] 정치(4월3일 금요일),3평화공원 14:00 본회의 / 국회본회의장 15:30 상호저축은행법학회 세미나 / 삼성역 섬유센터 빌딩 2층 법무법인 바른 17:40 제정당 원내대표 개헌안 의안과 제출 / 국회 본관 701호 ◇진보당【상임대표】 평택...,http://www.econonews.co.kr/news/articleView.html?idxno=434008,7,,1
"웰컴저축은행, 고객참여제도 ‘웰컴ON’ 10기 모집",웰컴저축은행은 고객 의견을 반영해 금융서비스를 개선하는 고객참여제도 ‘웰컴ON’ 10기를 모집한다고 3일 밝혔다. ‘웰컴ON’은 고객이 웰컴저축은행의 금융상품 및 서비스 전반에 대해 직접 의견을 제시하는...,https://www.viva100.com/article/20260403500319,8,,1
"웰컴저축은행, '웰컴ON' 10기 모집",웰컴저축은행이 고객참여제도 '웰컴ON' 10기를 모집한다. [웰컴저축은행]  웰컴저축은행이 고객 의견을 반영해 금융서비스를 개선하는 고객참여제도 '웰컴ON' 10기를 모집한다고 3일 밝혔다. '웰컴ON'은 고객이...,https://www.ziksir.com/news/articleView.html?idxno=129614,8,,1
"상상인, 팀 평균 1만보 목표 '걷기 프로젝트 시즌11' 진행","이번 캠페인에는 상상인을 비롯해 상상인저축은행, 상상인플러스저축은행, 상상인선박기계, 시너지이노베이션 및 계열사 등이 참여한다. 프로젝트는 팀 평균 일일 1만 보 달성을 목표로 하는 챌린지 방식으로...",https://www.fetv.co.kr/news/article.html?no=216292,7,,1
"상상인그룹, 임직원 참여형 건강·친환경 캠페인 '걷기 프로젝트' 실시","이번 시즌11은 총 7주간 운영되며, 상상인을 비롯해 상상인저축은행, 상상인플러스저축은행, 상상인선박기계 등 주요 계열사 및 시너지이노베이션과 그 계열사인 엠아이텍, 메디카코리아, 뉴로바이오젠 등이...",https://www.newspim.com/news/view/20260403000337,7,,1
"웰컴저축은행, '웰컴ON' 10기 모집…고객 제안 기반 서비스 개선","금융상품·앱 개선 제안 등 5개월 온·오프라인 활동 지난해 130건 의견 반영, 용어·앱 UI 등 실제 개선  웰컴저축은행이 고객 참여형 서비스 개선 프로그램 ‘웰컴ON’ 10기 모집에 나섰다. 고객 의견을 금융상품과 앱...",https://www.fetv.co.kr/news/article.html?no=216282,8,,1
웰컴저축은행 “고객 의견으로 서비스 바꾼다”…웰컴ON 10기 모집,웰컴저축은행은 고객 의견을 반영해 금융서비스를 개선하는 고객참여제도 ‘웰컴ON’ 10기를 모집한다. 웰컴저축은행 제공 웰컴저축은행은 고객 의견을 반영해 금융서비스를 개선하는 고객참여제도 ‘웰컴ON’ 10기를...,http://www.segyebiz.com/newsView/20260403505070?OutUrl=naver,8,,1
"상상인그룹, ‘걷기 프로젝트 시즌11’ 시작…“1206톤 이산화탄소 절감...","상상인을 비롯해 상상인저축은행, 상상인플러스저축은행, 상상인선박기계 등 주요 계열사 및 시너지이노베이션과 그 계열사인 엠아이텍, 메디카코리아, 뉴로바이오젠 등이 참여한다. 프로젝트는 팀 단위로 참여하는...",https://www.ddaily.co.kr/page/view/2026040309572496101,7,,1
[전격시사] 서영교 더불어민주당 의원 - “한동훈 국힘서도 내쳐져…여...,대장동도 들어가 보니 대장동 처음 착수 비용이 부산저축은행에서 대출해 오는데요. 불법 대출이죠. 그 과정 속에서 브로커가 있는데 브로커하고 당시 주임 검사가 윤석열 그리고 대장동 사건에서 김만배가 윤석열...,https://news.kbs.co.kr/news/pc/view/view.do?ncd=8526109&ref=A,8,,1
저축은행 CEO 브랜드평판 1위 SBI저축은행 김문석,"저축은행 CEO 브랜드평판 2026년 4월 빅데이터 분석결과, 1위 SBI저축은행 김문석 2위 OK저축은행 정길호 3위 웰컴저축은행 김대웅 순으로 분석됐다. 한국기업평판연구소는 44개 저축은행 CEO 브랜드에 대해 2026년...",https://www.businesskorea.co.kr/news/articleView.html?idxno=266906,7,,1
"웰컴저축은행, '웰컴ON' 10기 모집…""서비스 개선에 적극 반영""",|중앙이코노미뉴스 김수현 기자|웰컴저축은행(대표 박종성·손대희)이 고객 의견을 반영해 금융서비스를 개선하는 고객참여제도 '웰컴ON' 10기를 모집한다고 3일 밝혔다. [이미지=웰컴저축은행]  웰컴저축은행(대표...,https://www.joongangenews.com/news/articleView.html?idxno=508554,8,,1
"""준비된 자만 살아남는다""…금융권 설치형 보안 SW 폐지 움직임에 명암...","이전부터 다중인증·인공지능(AI) 이상탐지시스템(FDS) 등 자체 보안을 구축해온 대형 은행과 증권사는 ""문제없다""는 입장이지만, 상대적으로 규모가 작은 저축은행과 같은 금융사는 발등에 불이 떨어졌다. 익명을 요구한 한...",https://www.ddaily.co.kr/page/view/2026040214471933999,11,,1
"웰컴저축은행, 고객참여제도 '웰컴ON' 10기 모집… 서비스 개선 박차",이미지=웰컴저축은행 웰컴저축은행이 고객 의견을 반영해 금융서비스를 고도화하는 고객참여제도 '웰컴ON' 10기를 모집한다고 3일 밝혔다. '웰컴ON'은 고객이 상품과 서비스 전반에 대해 직접 의견을 제시하는 고객패널...,https://www.pinpointnews.co.kr/news/articleView.html?idxno=442469,8,,1
"웰컴저축은행, '웰컴ON' 10기 모집…""고객 의견으로 서비스 바꾼다""",서울경제티브이 이정민 기자 웰컴저축은행은 고객 의견을 반영해 금융서비스를 개선하는 고객참여제도 ‘웰컴ON’ 10기를 모집한다고 3일 밝혔다. ‘웰컴ON’은 고객이 웰컴저축은행의 금융상품 및 서비스 전반에 대해...,https://www.sentv.co.kr/article/view/sentv202604030032,8,,1
[빅데이터투데이] 저축은행 CEO 2026년 4월 브랜드평판 랭킹... 1위 SBI저...,"저축은행 CEO 브랜드평판 2026년 4월 빅데이터 분석결과, 1위 SBI저축은행 김문석 브랜드로 분석됐다. 한국기업평판연구소는 44개 저축은행 CEO 브랜드에 대해 2026년 3월 3일부터 2026년 4월 3일까지 저축은행 CEO...",https://www.fntoday.co.kr/news/articleView.html?idxno=381381,7,,1
"KLPGA,'더 시에나 오픈 2026' 개막","지난 2025시즌 2승을 기록한 김민솔(19,두산건설We've)과 '2026 KLPGA 정규투어 시드순위전' 수석의 양효진(19,대보건설)을 필두로, 이세영(19,두산건설We've), 김가희2(20,SBI저축은행), 김지윤2(21,SBI저축은행), 최정원...",https://www.fntoday.co.kr/news/articleView.html?idxno=381444,7,,1
"“고객 의견 반영""…웰컴저축은행, ‘웰컴ON’ 10기 모집",웰컴저축은행이 고객 의견을 반영해 금융서비스를 개선하는 고객참여제도 ‘웰컴ON’ 10기를 모집한다고 3일 밝혔다. 웰컴ON은 고객이 웰컴저축은행의 금융상품 및 서비스 전반에 대해 직접 의견을 제시하는 고객패널...,http://www.edaily.co.kr/news/newspath.asp?newsid=03099606645412512,8,,1
"상상인그룹, '걷기 프로젝트 시즌11' 개최… 임직원 건강·친환경 가치 ...","총 7주간 운영되는 이번 프로젝트에는 상상인을 비롯해 상상인저축은행, 상상인플러스저축은행, 상상인선박기계 등 주요 계열사와 시너지이노베이션, 엠아이텍, 메디카코리아, 뉴로바이오젠 등 전 계열사 임직원이...",https://www.pinpointnews.co.kr/news/articleView.html?idxno=442468,7,,1
"[生기업TALK] 창립 25주년 우리금융그룹, 127년 역사 이어 '상생 선순환...","캐피탈, 저축은행 등 그룹 내 2금융권 대출 고객을 위해 '2금융권에서 은행 갈아타기 대출'을 다음 달 출시해 2천억원 규모를 지원할 방침이다. 대상은 금융소외계층이고 대안신용평가모델을 활용한다. 금융비용 경감을...",http://www.sisacast.kr/news/articleView.html?idxno=94625,12,,1
"상상인그룹, '걷기 프로젝트 시즌11' 시작 ""건강 증진·친환경 가치 실현...","이번 시즌11은 총 7주간 운영되며, 상상인을 비롯해 상상인저축은행, 상상인플러스저축은행, 상상인선박기계 등 주요 계열사 및 시너지이노베이션과 그 계열사인 엠아이텍, 메디카코리아, 뉴로바이오젠 등이 참여한다....",http://www.newsroad.co.kr/news/articleView.html?idxno=57251,7,,1
"김문석 SBI저축은행 대표, 4월 저축은행 CEO 평판 1위…페퍼 장매튜 '급...","국내 저축은행 업계의 수장들에 대한 브랜드 평판 조사 결과, 김문석 SBI저축은행 대표가 1위 자리를 굳건히 지키며 리더십을 입증했다. 특히 이번 조사에서는 페퍼저축은행의 장매튜하돈 대표가 전월 대비 세 자릿수...",http://www.popcornnews.net/news/articleView.html?idxno=117419,7,,1
"웰컴저축은행, '웰컴ON' 10기 모집…고객 의견 서비스에 반영한다",웰컴저축은행(대표 박종성·손대희)은 고객 의견을 반영해 금융서비스를 개선하는 고객참여제도 '웰컴ON' 10기를 모집한다고 3일 밝혔다. '웰컴ON'은 고객이 웰컴저축은행의 금융상품 및 서비스 전반에 대해 직접 의견을...,https://www.etnews.com/20260403000029,8,,1
"상상인그룹, '걷기 프로젝트 시즌11' 시작","이번 시즌11은 총 7주간 운영되며, 상상인을 비롯해 상상인저축은행, 상상인플러스저축은행, 상상인선박기계 등 주요 계열사 및 시너지이노베이션과 그 계열사인 엠아이텍, 메디카코리아, 뉴로바이오젠 등이 참여한다....",https://www.cstimes.com/news/articleView.html?idxno=700694,7,,1
"존 마샬 뱅코프(JMSB), 순이익 23.9%↑…배당·자사주 매입에 ‘중형 금...",존 마샬 뱅코프(JMSB)가 안정적인 수익 성장과 적극적인 주주환원 정책을 바탕으로 지역 상업은행 가운데... 연체 대출이나 부실자산이 사실상 없는 ‘우수한 자산 건전성’ 역시 투자 매력을 높이는 요소로...,https://www.tokenpost.kr/news/market/346276,11,,1
"""내 돈 돌려줘"" 8조 탈출 러시에 빗장…유동성 늪에 빠진 사모신용","미국 투자은행인 모간스탠리의 애널리스트들은 이날 보고서를 내고 ""사모대출 펀드 내에서 대출 연체가 증가한 가운데 신규 자금 조달마저 부진해 실망스러운 결과가 나올 것으로 예상한다""고 분석했다. 이 같은...",https://www.mt.co.kr/world/2026/04/03/2026040308544439075,9,,1
"농협은행, '포용금융·AI 대출' 혁신 투트랙...소호 지원부터 AX까지 확...","농협은행은 여신심사 기준 및 정책 제공과 함께 500건 이상의 기술평가보고서, 익명 처리된 기업 연체 및 재무 데이터를 지원한다. 또한 PoC(개념검증) 환경 제공 및 실증·검증을 수행할 계획이다. 양사는 심사자료 작성...",https://www.the-pr.co.kr/news/articleView.html?idxno=61009,7,,1
변동성 장세 속 홀로 웃은 은행株…이익 안정성 기반 '방어주' 매력 부...,"중동발 지정학적 리스크로 국내 증시가 '롤러코스터 장세'를 이어가는 가운데, 은행주가 나 홀로 상승... 기반한 연체 확대로 인한 추가 충당금 확대가 가능하다""고 밝혔다. 이어 ""4월 중순 전쟁이 종료된다는 기본...",https://www.imaeil.com/page/view/2026040310074048889,10,,1
"신보, 4대 은행과 1.4조 보증 공급…""생산적 금융·지역 균형 성장 겨냥...","신보와 은행권의 이번 협력은 중소기업 금융 지원의 새로운 모델로 자리 잡을 가능성이 있다. 다만 실제 자금 집행 속도, 기업 선별 기준, 연체 및 부실 관리 등이 정책 효과를 좌우할 핵심 변수로 꼽힌다. [뉴스웍스=]",https://www.newsworks.co.kr/news/articleView.html?idxno=836516,8,,1
"NH투자증권, 의무공개매수 제도 수혜…과제는 신뢰회복","금융위원회 관계자는 딜사이트경제TV에 ""제도 도입을 위해 국회 및 정부와 지속적으로 소통하고 있다""고... 금융위 증권선물위원회 비상임위원을 맡고 있는 정준혁 서울대 교수는 최근 대신경제연구소의 거버넌스...",https://news.dealsitetv.com/articles/167977,13,,1
“대출 더 옥죈다”는 정부 말에…하루 만에 550건 쏟아진 서울아파트 ...,시장과 업계에서는 이에 대해 지난 1일 금융위원회가 발표한 가계부채 관리 방안이 영향을 미친 것으로 보고 있다. 금융위가 다주택자·임대사업자의 주택담보대출 만기 연장을 불허하고 가계대출 총량 규제를 강화하는...,https://www.mk.co.kr/article/12007883,17,,1
정영채 전 NH증권 대표 '옵티머스 징계' 최종 승소,관련해 금융위원회로부터 받은 중징계 처분을 취소해달라며 제기한 소송에서 최종 승소했다. 3일 법조계에 따르면 대법원 2부(주심 권영준 대법관)는 전날 정 전 대표가 금융위원회를 상대로 낸 문책경고 처분 취소 청구...,http://www.4th.kr/news/articleView.html?idxno=2110015,13,,1
옵티머스 펀드 사태 7년…정영채 중징계 취소 확정,정영채 전 NH투자증권 대표(사진)가 금융위원회로부터 받은 옵티머스 펀드 사태 관련 중징계 취소 소송에서 최종 승소했다. 3일 법조계에 따르면 대법원 2부는 전날 정 전 대표가 금융위를 상대로 낸 문책경고 처분 취소...,https://www.hankyung.com/article/2026040380451,13,,1
김진태 지사 “150조 국민성장펀드 참여…강원 첨단산업 투자 적기”,"강원특별자치도(도지사 김진태)는 금융위원회와 공동으로 3일 춘천 스카이컨벤션에서 '찾아가는 국민성장펀드 간담회'를 개최했다. 이날 행사에는 김진태 강원특별자치도지사 비롯해 금융위원회, 산업은행, 기업은행 등...",https://view.asiae.co.kr/article/2026040319360189671,16,,1
"대법, 정영채 전 NH證 대표 '옵티머스 사태' 중징계 취소",정영채 전 NH투자증권 대표가 2019년 옵티머스 펀드 사태와 관련해 금융위원회의 중징계에 반발해 제기한 소송에서 최종 승소했다. 3일 법조계에 따르면 대법원 2부(주심 권영준 대법관)는 전날 정 전 대표가 금융위...,https://it.chosun.com/news/articleView.html?idxno=2023092159846,13,,1
"[보험직썰] 보험개발원, 추락한 위상에도 변함없는 '낙하산 꿀단지'",제14대 보험개발원장 자리에 유재훈 전 금융위원회 금융소비자국장이 유력하다는 소식이 들린다. 1989년 설립... 개발원이 실손24 시스템에 천착한 이유도 금융위원회가 맡긴 일이기 때문이다. 네번째 특징은 조직의...,https://www.ebn.co.kr/news/articleView.html?idxno=1704419,14,,1
"한-베트남 외교차관 하노이 회담…""원전·공급망 안정 등 협력 논의""","이날 회담에는 외교부 뿐만 아니라 과기정통부, 국토부, 금융위, 지재처 등 유관부처 등이 참석했다. 박 차관은 이어 레 화이 쭝 베트남 외교장관을 예방하고 한-배트남 관계 발전을 위한 양국 정부의 강력한 의지를 실질...",https://www.newsis.com/view/NISX20260403_0003577544,7,,1
대법 “정영채 전 NH투자증권 대표 ‘옵티머스 중징계’ 취소”,3일 법조계에 따르면 대법원 2부(주심 권영준 대법관)는 정 전 대표가 금융위원회를 상대로 낸 문책 경고... 금융위는 2023년 11월 정 전 대표에 대해 옵티머스 펀드 판매와 관련해 내부통제 기준 마련 의무 위반 등을...,https://www.sedaily.com/article/20028191?ref=naver,13,,1
강원도-금융위 ‘찾아가는 국민성장펀드 간담회’ 개최…150조 원 규모 ...,강원도와 금융위원회가 3일 춘천 스카이컨벤션에서 ‘찾아가는 국민성장펀드 간담회’를 개최했다. (사진=강원도 제공) 강원도는 금융위원회와 공동으로 3일 춘천 스카이컨벤션에서 ‘찾아가는 국민성장펀드 간담회’...,https://www.cnbnews.com/news/article.html?no=787606,13,,1
"대법원, 옵티머스 사태 관련 금융당국의 정영채 전 NH투자증권 대표 중...",3일 법조계에 따르면 대법원 2부(주심 권영준 대법관)는 전날 정 전 대표가 금융위원회를 상대로 낸... 금융위는 2023년 11월 정 전 대표에 대해 옵티머스 펀드 판매와 관련해 내부통제기준 마련 의무 위반 등을 사유로...,https://www.businesspost.co.kr/BP?command=article_view&num=434962,13,,1
"강원도·금융위, '국민성장펀드' 간담회 개최…150조 투자 기회 선점 나...","도는 3일 춘천 스카이컨벤션에서 금융위원회와 공동으로 '찾아가는 국민성장펀드 간담회'를 개최했다. 이날 행사에는 김진태 도지사를 비롯해 금융위원회, 산업은행, 기업은행 등 정책금융기관 관계자와 도내 기업인 등...",https://www.kado.net/news/articleView.html?idxno=2042596,16,,1
다주택자 주담대 연장 금지 '강수'···수도권 매물 출회 이어질까,2일 금융권에 따르면 금융위원회는 전날 정부서울청사에서 재정경제부·국토교통부·행정안전부·국세청... 금융위에 따르면 다주택자가 보유한 만기 일시상환 주담대 규모는 약 1만7000건(4조1000억원)으로 이 중 1만2000건...,https://www.sisajournal-e.com/news/articleView.html?idxno=420270,13,,1
다주택자 대출 규제 강화 '신호탄' 매물 증가 효과는 제한적,금융위원회는 '가계부채 관리방안'에 있어 다주택자와 임대사업자가 보유한 수도권·규제지역 아파트... 금융위 방안 핵심은 이미 신규 취급이 제한된 다주택자 대출 규제를 만기연장 단계까지 확대한다는 점이다....,http://www.newsprime.co.kr/news/article.html?no=729204,17,,1
"옵티머스 굴레 벗은 정영채, ""희생양 만드는 문화 개선되길""",앞서 금융위원회가 옵티머스 펀드 판매와 관련해 정영채 전 대표를 상대로 내린 중징계 처분을 취소해야... 3일 법조계에 따르면 대법원은 전날 정 전 대표가 금융위원회를 상대로 낸 문책경고 처분 취소 소송에서 원심...,https://news.dealsitetv.com/articles/168067,13,,1
"대법, 정영채 전 NH증권 대표 '옵티머스 사태' 중징계 취소",정영채 전 NH투자증권 대표가 2019년 옵티머스 펀드 사태 관련 금융위원회 중징계에 불복해 낸 소송에서 최종 승소했다. 3일 법조계에 따르면 대법원 2부(주심 권영준 대법관)는 전날 정 전 대표가 금융위를 상대로 낸...,https://www.newsis.com/view/NISX20260403_0003577433,13,,1
예탁원 차기 사장에 이윤수 전 금융위 상임위원…다음주 주총서 확정,아주경제=류소현 기자 sohyun@ajunews.com 이윤수 전 금융위원회 증권선물위원회 상임위원. [사진=금융위] 한국예탁결제원이 차기 사장 선임 절차를 마무리하고 다음주 임시 주주총회를 통해 신임 사장을 확정한다. 3일...,https://www.ajunews.com/view/20260403164411822,13,,1
7월부터 보증부대출 금리에 '출연금 50% 이상 반영' 제한,"/금융위원회 제공 | 서울=한스경제 이성노 기자 |  7월부터 은행의 보증부대출 금리에 보증기관 출연금의 50... 금융위윈회는 3일, 은행 대출금리 산정시 각종 보증기관 출연금 등 법적비용의 반영을 제한·금지하는...",http://www.hansbiz.co.kr/news/articleView.html?idxno=830211,18,,1
"강원도, 태양광·풍력 등 인프라 풍부… 60조 국민성장펀드와 연계","금융위원회는 3일 강원도 춘천에서 '국민성장펀드·지방 우대금융 지역 간담회'를 열고 이같이 밝혔다. 이번 방문은 지난 2월 금융위원장의 중부·서남권, 금융위 부위원장의 대경·동남권 방문에 이어 세 번째로 진행된...",https://www.mt.co.kr/finance/2026/04/03/2026040316350843981,13,,1
'보증부대출' 금리부담 완화 … 출연금 50% 이상 반영 금지,"금융위원회는 이같은 내용을 골자로 한 은행법 시행령 일부 개정안을 입법예고한다고 3일 밝혔다.... 금융위 관계자는 ""보증부대출을 받는 중소기업·소상공인 등 차주의 금리 부담이 크게 완화될 것으로 기대된다""고...",https://www.safetimes.co.kr/news/articleView.html?idxno=241533,18,,1
"김희정 의원, 국토교통부 상대로 항공안전 부실 관리 질책",이어 김 의원은 최근 금융위원회가 발표한 '2026년 정책금융 계획'과 관련해 국토교통부와 협의조차 하지 않은 '유령 예산'이 포함됐다고 지적했다. 금융위는 지난해 12월 정책금융 150조 원을 5대 분야에 집중 공급하겠다고...,https://www.pennmike.com/news/articleView.html?idxno=118080,15,,1
7월부터 보증부대출 금리 내린다… 보증기관 출연금 전가 제한,금융위원회는 이 같은 내용의 '은행법 시행령 일부 개정령안'을 입법 예고한다고 3일 밝혔다. 개정안에... 금융위는 이번 조치로 보증부대출을 이용하는 중소기업과 소상공인 등 차주의 실제 금리 부담이 크게 완화될...,https://www.mt.co.kr/finance/2026/04/03/2026040316264614677,18,,1
"김희정 의원, 국토부 정책 신뢰 '부실' 지적...보안·예산 관리 대책 촉...","또한, 금융위원회가 발표한 정책금융 예산 중 일부가 국토부와 사전 협의 없이 책정된 것으로 나타나 행정... 금융위는 앞서 '2026년 정책금융 계획'을 통해 국토부 소관 디지털 전환 분야에 2.1조 원을 공급하겠다고...",https://www.onews.tv/news/articleView.html?idxno=277912,15,,1
차기 금융결제원장에 채병득 전 한은 부총재보 선임,"일각에서는 한국은행과 금융위원회 사이의 조율 문제로 인한 인선 절차가 미뤄졌다는 시각도 있다. 금융결제원장은 형식상 이사회 추천과 사원총회, 금융위 인가를 거치지만, 원장후보추천위원회 구성에 한국은행...",http://www.joseilbo.com/news/news_read.php?uid=565934&class=77&grp=,26,,1
"강원도·금융위, '찾아가는 국민성장펀드' 간담회 개최","강원도와 금융위원회가오늘 춘천 스카이컨벤션에서'찾아가는 국민성장펀드 간담회'를열었습니다. 금융위원회가 국민성장펀드 조성과지방 우대 금융제도를 설명했고,강원도는 첨단산업 육성계획을 발표했습니다. 또...",https://chmbc.co.kr/article/HOH6z9AbS3s8dexnClsF,13,,1
"금융위, 강원도서 '국민성장펀드 간담회'…""에너지 등 첨단산업 잠재력...","금융위원회는 3일 강원도 춘천에서 ‘국민성장펀드·지방우대금융 지역간담회’를 열어 국민성장펀드의 주요내용을 소개하고, 지방의 첨단산업 생태계 조성 및 투자 활성화 방안을 모색했다. 사진=금융위원회 이번...",https://www.mediapen.com/news/view/1091157,13,,1
"강원도·금융위, 춘천서 찾아가는 국민성장펀드 간담회 개최","도, 경제부지사 단장 전담 TF 구성…투자 프로젝트 발굴 강원특별자치도와 금융위원회가 함께 하는 '찾아가는 국민성장펀드 간담회'가 3일 춘천에서 열렸다. 김진태 도지사와 신진창 금융위원회 사무처장을 비롯해...",https://www.yna.co.kr/view/AKR20260403117700062?input=1195m,13,,1
"김희정 의원, 국토교통부 관리·정책 신뢰 '총체적 부실' 지적",최근 금융위원회가 발표한 '2026년 정책금융 계획'과 관련해 국토교통부와 협의조차 하지 않은 '유령 예산'이 포함됐다고 지적했다. 금융위는 지난해 12월 정책금융 150조 원을 5대 분야에 집중 공급하겠다고 발표하며...,https://www.gukjenews.com/news/articleView.html?idxno=3548210,15,,1
"정영채 전 NH투자증권 대표, 7년 만에 옵티머스 중징계 취소",3일 법조계에 따르면 대법원 2부(주심 권영준 대법관)는 정 전 대표가 금융위원회를 상대로 낸 문책경고... 금융위는 2023년 11월 정 전 대표에 대해 옵티머스 펀드 판매와 관련해 내부통제기준 마련 의무 위반 등을...,https://theviewers.co.kr/View.aspx?No=4029170,13,,1
"[더벨][thebell desk] 리벨리온, 'K팹리스 특급'의 길","금융위원회는 이달 26일 리벨리온의 'AI 반도체(NPU) 양산 및 차세대 AI 반도체 개발사업'에 2500억원의 자금을... 금융위는 이번 선정 발표에서 ""국내 팹리스 기업이 설계하고 국내 파운드리를 통해 생산하는 구조로서...",https://www.thebell.co.kr/free/content/ArticleView.asp?key=202603301645293160104235,13,,1
"‘옵티머스 사태’ 정영채 전 NH증권 대표, 중징계 취소 확정",3일 법조계에 따르면 대법원 2부(주심 권영준 대법관)는 정 전 대표가 금융위원회를 상대로 제기한 문책경고... 앞서 금융위는 2023년 11월 정 전 대표에 대해 옵티머스 펀드 판매와 관련 내부통제 기준 마련 의무 위반 등을...,https://www.segye.com/newsView/20260403510584?OutUrl=naver,13,,1
중기·소상공인에 1.4조 보증 지원…7월부터 대출금리 '거품' 뺀다,금융위원회는 이날 은행법 시행령 일부개정령안을 입법예고했다. 보증부대출 금리 산정 시 보증기관에... 금융위는 이번 개정으로 보증부대출을 이용하는 중소기업과 소상공인의 실질 금리 부담이 크게 완화될 것으로...,https://www.ezyeconomy.com/news/articleView.html?idxno=234334,18,,1
"금융위, 강원서 창업·투자 해법 모색...국민성장펀드 역할 부각",금융위원회가 강원도에서 '찾아가는 국민성장펀드·지방우대금융 간담회'를 열고 지역 투자 활성화와 청년 창업 지원 방안을 논의했다. 금융위원회는 3일 강원도 춘천에서 '국민성장펀드·지방우대금융 지역간담회'를...,https://www.greened.kr/news/articleView.html?idxno=338837,13,,1
"대법, 정영채 손 들어줬다…CEO 제재 ‘제동’",3일 금융투자업계에 따르면 대법원 2부(주심 권영준 대법관)는 정영채 전 NH투자증권대표가 금융위원회를... 앞서 금융위는 2023년 11월 NH투자증권의 옵티머스 펀드 판매 과정에서 내부통제 기준 마련 의무를 위반했다는...,http://www.fntimes.com/html/view.php?ud=2026040314555383012a735e27af_18,13,,1
"정영채 전 NH증권 대표, 옵티머스 중징계 취소 확정",3일 법조계에 따르면 대법원은 정 전 대표가 금융위원회를 상대로 낸 문책경고 처분 취소 소송에서 원고... 금융위는 2023년 11월 정 전 대표에 대해 옵티머스 펀드 판매와 관련해 내부통제기준 마련 의무 위반 등을 사유로...,http://www.bizwnews.com/news/articleView.html?idxno=132344,13,,1
"정영채 전 NH증권 대표, 대법서 '옵티머스 중징계' 취소",3일 법조계에 따르면 전날 대법원 2부는 정 전 대표가 금융위원회를 상대로 낸 문책경고 처분 취소소송에서... 앞서 금융위는 2023년 11월 정 전 대표에 대해 옵티머스 펀드 판매와 관련해 내부통제기준 마련 의무 위반...,https://www.safetimes.co.kr/news/articleView.html?idxno=241519,13,,1
"금융위, 강원 춘천서 국민성장펀드 간담회 개최",금융위원회는 3일 강원도 춘천에서 ‘찾아가는 국민성장펀드·지방우대금융 지역간담회’를 열고 지방의 첨단산업 생태계 조성과 투자 활성화를 위한 방안을 논의했다. 이번 방문은 지난 2월 이억원 금융위원장의 중부...,http://www.fnnews.com/news/202604031349561323,13,,1
"정영채, 옵티머스 중징계 7년 만에 취소… 대법서 최종 승소",3일 법조계에 따르면 대법원은 정 전 대표가 금융위원회를 상대로 낸 문책경고 처분 취소 소송에서 원고... 금융위는 2023년 11월 정 전 대표에 대해 옵티머스 펀드 판매와 관련해 내부통제기준 마련 의무 위반 등을...,https://www.mk.co.kr/article/12007322,13,,1
[단독] ‘옵티머스 중징계 취소’ 정영채 “고객에게 가장 미안해”,대표가 금융위원회를 상대로 낸 문책경고 처분 취소 소송에서 원고 승소한 원심 판결을 2일 심리불속행 기각으로 확정했다. 2019년 옵티머스 사태 발발 이후 약 7년 만이다. 앞서 금융위는 2023년 11월 정 전 대표에 대해...,https://www.sedaily.com/article/20028049?ref=naver,13,,1
국민성장펀드 “강원 에너지·AI산업 적극 지원”,금융위원회가 3일 강원 지역 기업인들과 만나 첨단산업 생태계 조성과 투자 활성화 방안을 논의했다. 금융위는 이날 강원도 춘천에서 간담회를 열고 지역 기업인들을 대상으로 국민성장펀드와 지방우대금융을 홍보하고...,https://www.sedaily.com/article/20028043?ref=naver,13,,1
"대법원, 정영채 전 NH투자증권 대표 '옵티머스 중징계' 취소",대법원은 정 전 대표가 금융위원회를 상대로 낸 문책경고 처분 취소 소송에서 원고 승소한 원심 판결을 심리불속행 기각으로 확정했습니다. 앞서 금융위는 지난 2023년 11월 정 전 대표에 대해 옵티머스 펀드 판매에 대한...,https://www.ytn.co.kr/_ln/0103_202604031433367847,13,,1
'옵티머스 사태' 중징계 대법서 취소…정영채 전 NH증권 대표 승소,오늘(3일) 법조계에 따르면 대법원 2부는 정 전 대표가 금융위원회를 상대로 낸 문책경고 처분 취소... 금융위는 지난 2023년 11월 정 전 대표에 대해 옵티머스 펀드 판매와 관련해 내부통제기준 마련 의무 위반 등을...,https://biz.sbs.co.kr/article_hub/20000301931?division=NAVER,13,,1
"경찰, 박왕열 '131억 마약 밀수·유통' 혐의로 구속 송치","5비트코인(BTC)으로 현재가로 환산하면 58억5000만원이나 된다 경찰 관계자는 ""박왕열은 조직원들이 연쇄적으로 검거되는 것을 막기 위해 조직원 간 접촉을 못 하게 할 정도로 치밀하게 관리했다""며 ""금융위와 관세청 등...",https://www.joongangenews.com/news/articleView.html?idxno=508714,7,,1
"금융위 ""청정 자연환경 강원도…재생에너지 등 첨단산업 잠재력""","금융위원회는 3일 강원도 춘천을 방문해 '국민성장펀드·지방우대금융 지역 간담회'를 개최했다. 강원도... 금융위는 ""강원도가 태양광, 풍력 등 풍부한 에너지자원과 청정한 자연환경을 바탕으로 AI 인프라·바이오...",https://www.widedaily.com/news/articleView.html?idxno=291628,13,,1
"국민성장펀드, 강원 AI·에너지 산업 육성...지방에 60조 지원",금융위원회가 150조원 규모 국민성장펀드 조성액 중 40%인 60조원을 지방에 투입해 강원권 인공지능(AI) 데이터센터와 에너지 인프라 등 첨단전략산업을 집중적으로 지원한다. 금융위는 3일 강원도 춘천에서 '국민성장펀드...,http://www.newsfc.co.kr/news/articleView.html?idxno=77851,13,,1
"'옵티머스 사태' 정영채 전 NH증권 대표, '문책경고' 취소 확정",3일 법조계에 따르면 대법원 2부(주심 권영준 대법관)는 전날(2일) 정 전 대표가 금융위원회를 상대로 제기한... 앞서 금융위는 2023년 11월 정 전 대표에 대해 옵티머스 펀드 판매와 관련 내부통제 기준 마련 의무 위반 등을...,https://www.news1.kr/society/court-prosecution/6124606,13,,1
"대법원, 정영채 전 NH증권 대표 금융위 중징계 취소",3일 법조계에 따르면 대법원 2부(주심 권영준 대법관)는 정 전 대표가 금융위원회를 상대로 낸 문책경고... 금융위는 2023년 11월 정 전 대표에 대해 옵티머스 펀드 판매와 관련해 내부통제기준 마련 의무 위반 등을...,https://www.pointdaily.co.kr/news/articleView.html?idxno=299656,13,,1
예탁결제원 사장에 이윤수 전 금융위 상임위원 내정…6일 주총서 선임,3일 금융투자업계에 따르면 예탁결제원은 오는 6일 임시 주주총회를 열고 이윤수 전 금융위원회... 주총 의결 이후에는 금융위원회 승인 절차를 거쳐 최종 임명이 이뤄질 전망이다. 앞서 예탁결제원은 전임 사장 임기 종료...,http://www.wowtv.co.kr/NewsCenter/News/Read?articleId=A202604030383&t=NN,13,,1
"김진태 강원지사 ""국민성장펀드 적극 참여""...첨단산업 투자 유치 선제...",강원자치도가 금융위원회와 공동으로 '찾아가는 국민성장펀드 간담회'를 개최하고 총 150조원 규모의... 간담회 현장에서 금융위는 펀드 조성 방향과 지방 우대금융 제도를 설명했으며 도는 '강원 첨단산업 육성계획'을...,http://www.fnnews.com/news/202604031350476997,13,,1
"소상공인 보증부대출 금리 낮아진다…""출연금 절반은 은행이 부담""",금융위원회는 이 같은 내용의 은행법 시행령 일부 개정안을 입법예고한다고 3일 밝혔다. 대출금리에... 금융위는 이에 맞춰 구체적인 금리 반영 제한 비율을 설정했다. 기존에는 차주가 부담하던 보증부대출 법정 출연요율...,https://www.hankookilbo.com/news/article/A2026040311100002880?did=NA,19,,1
"김진태 지사, 국민성장펀드 유치 시동…첨단산업 투자판 키운다",금융위와 현장 간담회 개최…비수도권 투자 확대 방향과 연계 강화 도내 기업·정책금융기관 한자리에... [사진=강원도] 강원특별자치도(도지사 김진태)는 금융위원회와 공동으로 3일 춘천 스카이컨벤션에서 ‘찾아가는...,https://www.ajunews.com/view/20260403132523583,13,,1
"“보증부대출 금리 낮아진다”…은행, 보증기관 출연금 절반 넘게 못 얹...",금융위원회는 3일 이런 내용을 담은 은행법 시행령 개정안을 입법예고했다. 앞서 개정된 은행법은 은행이... 금융위는 이번 제도 개편으로 보증부대출을 이용하는 중소기업과 소상공인 등의 실제 금리 부담이 완화될...,https://www.ddaily.co.kr/page/view/2026040313342619466,18,,1
"“지방에 60조 투자” 금융위, 강원도서 국민성장펀드 간담회","금융위원회가 국민성장펀드를 통해 지역 기업의 혁신을 도모하고, 청년 창업을 지원하겠다고 3일 밝혔다. 이날 금융위는 강원도 춘천에서 ‘국민성장펀드·지방우대금융 지역 간담회’를 열었다. 지난 2월 중부·서남권...",https://www.seoul.co.kr/news/economy/finance/2026/04/03/20260403500155?wlog_tag3=naver,13,,1
“반쪽짜리 ESG 공시 안 돼…인권·사회정보 의무화해야”,금융위원회가 발표한 ‘ESG 공시 의무화 로드맵 초안’에 대해 각계각층의 지적이 잇따르는 가운데... ◆국제 흐름 역행이자 ESG 본질 훼손 = 3일 한국공인노무사회는 지난달 31일 금융위원회에 ESG 공시 제도화 로드맵에...,https://www.naeil.com/news/read/583904?ref=naver,13,,1
7월부터 보증부대출 금리 산정 제한…출연금 반영 50%로 제한,금융위원회는 3일 이 같은 내용을 담은 은행법 시행령 일부개정령안을 입법예고했다고 밝혔다. 이번... 금융위는 이번 조치로 보증부대출을 이용하는 중소기업과 소상공인 등의 실제 금리 부담이 완화될 것으로 기대하고...,https://www.econovill.com/news/articleView.html?idxno=735990,18,,1
“석화업계 이달 생산중단 가능성”… 중동사태에 기업 신용하향 우려,"금융위원회는 ‘금융부문 비상대응 태스크포스(TF)’를 구성해 민생·실물경제 자금지원, 금융시장 안정 및 금융산업 리스크 관리 등을 추진 중이다. 산업은행과 수출입은행은 석유공사에 대한 유동성 지원을 추진할...",https://www.munhwa.com/article/11579684?ref=naver,19,,1
박왕열 구속 송치…중간 수사 결과 마약 밀반입·유통 63억,"경찰은 기존 공범 236명 외 관계기관(법무부, 검찰청, 식약처, 국세청, 관세청, 금융위, 국정원)에서 제공한... 관세청, 금융위, 국세청, 식약처, 국정원 등 관계기관과의 수사 공조회의 및 자료공유 등을 통해서도...",https://www.nocutnews.co.kr/news/6496200?utm_source=naver&utm_medium=article&utm_campaign=20260403115152,7,,1
"대법 ""정영채 전 NH증권 대표 금융위 중징계 취소""",3일 법조계에 따르면 대법원 2부(주심 권영준 대법관)는 정 전 대표가 금융위원회를 상대로 낸 문책경고... 금융위는 2023년 11월 정 전 대표에 대해 옵티머스 펀드 판매와 관련해 내부통제기준 마련 의무 위반 등을 사유로...,https://www.yna.co.kr/view/AKR20260403072800004?input=1195m,13,,1
드디어 홀가분해진 정영채...옵티머스 징계 굴레 '대법원서 최종 승소',"금융위원회는 지난 2023년 11월 정 전 사장에게 문책경고 처분을 내렸다. 문책경고는 연임을 비롯해 금융권... 정 전 사장은 2018년부터 NH투자증권을 이끈 업계 장수 CEO였지만, 금융위 징계 여파로 큰 회의감을 느꼈던...",https://www.financialpost.co.kr/news/articleView.html?idxno=254171,13,,1
7월부터 보증부대출 금리규제 출연금 50% 이상 반영 금지,금융위원회는 3일 이같은 내용의 은행법 시행령 일부개정령안을 입법예고했다. 입법예고 기간은 5월... 금융위는 개정 은행법에서 위임한 보증기관 출연금의 대출금리 반영 제한 비율을 100분의 50 이상으로 정했다. 이에...,https://biz.heraldcorp.com/article/10709401?ref=naver,18,,1
"금융위, 강원서 국민성장펀드 현장 행보…“지역기업·청년창업 금융지...","금융위원회가 강원도 현장을 찾아 국민성장펀드 활용 방안을 점검하고 지역기업 및 청년창업 지원 확대에... 금융위는 3일 강원도 춘천에서 ‘국민성장펀드·지방우대금융 지역 간담회’를 개최하고, 지역 기반 첨단산업...",https://www.dailian.co.kr/news/view/1629299/?sc=Naver,13,,1
"정영채, 옵티머스 징계 굴레 벗었다…대법서 최종 승소",3일 법조계에 따르면 전날 대법원은 정 전 사장이 금융위원회를 상대로 낸 문책경고 처분 취소 청구... 앞서 금융위는 2023년 11월 정 전 사장에 대해 문책경고 처분을 내렸다. 문책경고는 연임을 비롯해 금융권 임원...,https://news.einfomax.co.kr/news/articleView.html?idxno=4407611,13,,1
단기 급매 또 쏟아질까…다주택자 대출 연장 불허에 시장 안갯속,3일 주택·부동산업계에 따르면 금융위원회는 지난 1일 이 같은 내용의 ‘2026년 가계대출 관리방안’을 발표했다. 금융위가 파악한 다주택자 아파트 만기 일시상환 규모는 약 4조1000억원(1만7000건) 규모다. 이 가운데 올해...,https://www.mk.co.kr/article/12007173,14,,1
"금융위, 강원도서 국민성장펀드 간담회…""AI 등 첨단전략산업 잠재력""",60조원 이상 지방 투자 계획 아주경제=이성진 기자 leesj@ajunews.com 서울 종로구 소재 금융위원회 전경 [사진=금융위] 금융위원회는 3일 강원도 춘천에서 '찾아가는 국민성장펀드·지방우대금융 지역간담회'를 열고 지방...,https://www.ajunews.com/view/20260403111729548,13,,1
은행 보증기관 출연금 절반만 대출금리에 반영,3일 금융위원회는 이같은 내용의 은행법 시행령 일부개정령안을 입법 예고했다. 은행법 개정에 따른... 금융위는 보증부대출을 받는 중소기업 및 소상공인 등 차주의 실제 금리 부담이 완화될 것으로 보고 있다.,https://news.bizwatch.co.kr/article/finance/2026/04/03/0014,18,,1
"금융위, 국민성장펀드 60조 지방 투자… 지역혁신·청년창업 지원",사진=연합뉴스 금융위원회가 150조 원 규모의 국민성장펀드 가운데 60조 원 이상을 지방에 투자해 지역기업 혁신성장과 청년창업 지원에 나선다. 금융위원회는 3일 강원도 춘천에서 '국민성장펀드·지방우대금융...,https://www.pinpointnews.co.kr/news/articleView.html?idxno=442533,13,,1
"금융위, 강원 춘천서 국민성장펀드·지방우대금융 간담회 개최","금융위원회는 4월 3일 강원도 춘천에서 '국민성장펀드·지방우대금융 지역간담회'를 개최해, 국민성장펀드의... 이번 간담회는 지난 2월 11일~12일 금융위원장의 중부·서남권, 금융위 부위원장의 2월 26일~27일 대경·동남권...",http://www.intn.co.kr/news/articleView.html?idxno=2049968,13,,1
"금융위, 보증부대출 금리에 보증기관 출연금 50% 이상 반영 금지",금융위원회 CI. 사진=금융위원회  금융위원회는 은행이 보증부대출 금리를 산정할 때 보증기관 출연금의 50% 이상을 반영하지 못하도록 하는 은행법 시행령 일부개정령안을 3일 입법예고한다고 밝혔다. 지난해 12월 30일...,http://www.bizwnews.com/news/articleView.html?idxno=132264,18,,1
"7월부터 보증부대출 금리에 출연금 50% 이상 반영 제한…""차주 부담 완화...",은행법 개정 후속 조치 5월 14일 입법예고 예정 아주경제=이성진 기자 leesj@ajunews.com 서울 종로구 소재 금융위원회 전경 [사진=금융위] 오는 7월부터 은행은 보증부대출 금리를 산정할 때 보증기관 출연금의 50% 이상을...,https://www.ajunews.com/view/20260403110744539,18,,1
"중기·소상공인, 보증부대출 이자 부담 줄어든다…출연금 50% 이상 반영...",금융위원회는 3일 이러한 내용이 담긴 은행법 시행령 일부 개정안을 다음달 14일까지 입법예고한다고 밝혔다.... 금융위 관계자는 “보증기관 출연금의 반영이 제한되면서 보증부대출을 받는 중소기업과 소상공인 등...,https://www.khan.co.kr/article/202604031055001,17,,1
"금융위, 강원도서 '국민성장펀드·지방우대금융' 간담회…""지방투자 60조...","금융위원회가 지방 첨단산업 육성과 청년 창업 활성화를 위한 금융지원 확대에 나선다. 금융위원회는 3일 강원도 춘천에서 '국민성장펀드·지방우대금융 지역간담회'를 개최하고, 지역 기업 투자 활성화 및 청년 창업 지원...",https://www.newspim.com/news/view/20260403000419,13,,1
보증부대출 금리에 출연금 50% 이상 반영 제한…금리 부담 완화,"금융위원회는 이 같은 내용의 은행법 시행령 일부 개정안을 입법예고한다고 오늘(3일) 밝혔습니다. 앞서... 금융위는 ""보증부대출을 받는 중소기업 및 소상공인 등 차주의 실제 금리 부담이 크게 완화될 것""이라고...",https://news.kbs.co.kr/news/pc/view/view.do?ncd=8526158&ref=A,18,,1
"[게시판] 금융위, 강원도서 국민성장펀드·지방우대금융 간담회",▲ 금융위원회는 3일 강원도 춘천에서 '국민성장펀드·지방우대금융 지역간담회'를 열고 지방 첨단 산업... 금융위는 강원도 에너지인프라 및 인공지능(AI) 데이터센터 등 첨단전략산업을 지원하겠다며 많은 관심을...,https://www.yna.co.kr/view/AKR20260403054600002?input=1195m,13,,1
보증부대출 금리에 출연금 50% 이상 반영 제한,금융위원회는 보증기관 출연금의 대출금리 반영 제한 비율을 규정한 '은행법 시행령' 일부개정령안을... 금융위는 이번 조치로 보증부 대출을 이용하는 중소기업과 소상공인의 금융비용이 낮아질 것으로 기대하고 있다....,https://www.seoulfn.com/news/articleView.html?idxno=625522,18,,1
"강원 기업에 성장자금 잇는다…금융위, 국민성장펀드 현장 간담회",소개 금융위원회가 3일 강원도 춘천에서 '국민성장펀드·지방우대금융 지역간담회'를 열고 지역 첨단산업 생태계 조성과 투자 활성화 방안을 논의했다. 금융위는 강원도가 태양광·풍력 등 풍부한 에너지 자원과 청정한...,https://www.etoday.co.kr/news/view/2572454,13,,1
"국민성장펀드, 강원서 지방투자·청년창업 확대 시동",금융위원회가 국민성장펀드를 앞세워 지역 기업 투자와 청년 창업 지원 확대에 나섰다. 수도권에 집중된 투자 흐름을 지방으로 분산시키겠다는 의도다. 금융위원회는 3일 강원도 춘천에서 ‘국민성장펀드·지방우대금융...,http://www.edaily.co.kr/news/newspath.asp?newsid=03345606645412512,13,,1
"국민성장펀드, 강원 AI·에너지 산업 육성...지방기업에 60조원 집중 투...",금융위원회가 150조원 규모 국민성장펀드 조성액 중 40%인 60조원 이상을 지방에 투입해 강원권 인공지능(AI) 데이터센터와 에너지 인프라 등 첨단전략산업을 집중적으로 지원한다. 금융위는 3일 강원도 춘천에서...,https://www.etnews.com/20260403000057,13,,1
"금융위, 강원서 국민성장펀드 간담회…“에너지인프라 등 지원”","기자] 금융위원회는 3일 강원도 춘천에서 ‘찾아가는 국민성장펀드·지방우대금융 지역간담회’를 열고... 이날 간담회는 지난 2월 11~12일 이억원 금융위원장의 중부·서남권 방문, 같은 달 26~27일 권대영 금융위...",https://biz.heraldcorp.com/article/10709294?ref=naver,13,,1
"금융위 “국민성장펀드, 강원도 에너지·AI 등 첨단전략산업 투자""",금융위원회는 국민성장펀드를 통해 강원도 에너지 인프라 및 인공지능(AI) 데이터센터 등 첨단전략산업을 지원하겠다고 3일 밝혔다. 금융위는 이날 강원도 춘천에서 ‘국민성장펀드·지방우대금융 지역 간담회’를...,https://biz.chosun.com/stock/finance/2026/04/03/EB3MST4QOBERZBFGNFDK4T7LEU/?utm_source=naver&utm_medium=original&utm_campaign=biz,13,,1
강원 찾은 금융위…국민성장펀드로 지역 첨단산업·청년창업 지원 강화,금융위원회가 강원도를 찾아 국민성장펀드와 지방우대금융을 앞세운 지역 투자 확대 방안을 제시했다. 지역... 금융위는 3일 춘천에서 '국민성장펀드·지방우대금융 지역간담회'를 열고 강원 지역 기업들을 대상으로...,http://www.joseilbo.com/news/news_read.php?uid=565899&class=18&grp=,13,,1
"강원 찾은 금융위, IR 늘리고 자금 푼다…""지역 혁신성장 지원""","금융위원회가 강원도를 찾아 정책금융기관의 투자설명회(IR) 기회 확대, 보육 프로그램 확충 등 초기·혁신 분야에 대한 마중물 투자를 강화하겠다고 밝혔다. 금융위는 3일 강원도 춘천에서 '국민성장펀드·지방우대금융...",https://www.sidae.com/article/2026040309025038171,13,,1
"금융위, 강원 춘천에서 국민성장펀드 간담회…""지역 첨단전략산업 지원...",금융위원회가 오늘(3일) 강원도 춘천에서 '국민성장펀드·지방우대금융 지역 간담회'를 개최했습니다. 이억원 금융위원장의 지난 2월 중부·서남권 방문과 권대영 금융위 부위원장의 대경·동남권 방문에 이은 세 번째...,https://biz.sbs.co.kr/article_hub/20000301833?division=NAVER,13,,1
"금융위, 강원도서 국민성장펀드 간담회 개최…""60조원 지방 투자""","금융위원회는 3일 강원도 춘천에서 지역기업을 대상으로 국민성장펀드와 지방우대금융을 적극 홍보하고 지역 내 투자계획을 청취했다. 이번 방문은 지난 2월 이억원 금융위원장의 중부·서남권, 권대영 부위원장의 대경...",https://view.asiae.co.kr/article/2026040309131825918,13,,1
"금융위, 강원도 방문 ""첨단산업 성장·창업자금 확보 돕겠다""",금융위원회가 강원특별자치도 춘천시를 방문해 국민성장펀드의 주요내용을 소개하고 지방의 첨단 산업... 3일 금융위원회는 강원도 춘천시에서 국민성장펀드·지방우대금융 지역간담회를 개최하고 이같은 내용을...,https://news.bizwatch.co.kr/article/finance/2026/04/03/0011,13,,1
지방에 60조 쏟는 국민성장펀드…강원 '청년창업·지역기업' 키운다,금융위원회가 '국민성장펀드'를 통한 지역 기업의 혁신 성장과 청년 창업 지원에 나선다. 금융위는 3일 강원도 춘천에서 '국민성장펀드·지방우대금융 지역간담회'를 개최하고 국민성장펀드의 지방 첨단 산업 생태계 조성...,https://www.news1.kr/finance/general-finance/6124282,13,,1
국민성장펀드 '지방 60조 투자'…청년창업·지역산업 금융지원 확대,3일 금융위원회는 강원도 춘천에서 '국민성장펀드·지방우대금융 지역간담회'를 열고 국민성장펀드 운용 방향과 지역 투자 활성화 방안을 공개했다. 이번 발표의 핵심은 투자 구조다. 금융위는 총 '150조원+@' 규모로...,https://www.newsworks.co.kr/news/articleView.html?idxno=836511,13,,1
"보증부대출 금리, 7월부터 내린다…가산금리에 출연금 절반 제한",금융위원회 제공 오는 7월 1일부터 은행은 보증부대출 금리에 보증기관 출연금의 50% 이상을 반영할 수 없게... 3일 금융위원회에 따르면 정부는 '은행법' 개정에 따른 후속조치로 보증부대출 금리 산정 시 보증기관 출연금...,http://www.newsfc.co.kr/news/articleView.html?idxno=77838,18,,1
손만 대면 짤랑짤랑~ '동전주 제조기' 남궁견 회장이 사냥꾼이라고? [조...,/일러스트=조수연 편집위원 지난 2월 12일 금융위원회는 부실기업 퇴출을 위한 상장폐지 개혁 방안을 공개했다. 금융위는 4대 상장폐지 요건을 제시했는데 ▲시가총액(300억원) ▲완전 자본잠식(반기 기준) ▲공시 위반...,http://www.newswell.co.kr/news/articleView.html?idxno=17435,15,,1
"보증부대출 금리에 보증기관 출연금 50% 이상 반영 금지…""차주 부담 완...","금융위원회는 이 같은 내용의 은행법 시행령 일부 개정안을 입법예고한다고 오늘(3일) 밝혔습니다. 앞서... 금융위는 ""보증부대출을 받는 중소기업 및 소상공인 등 차주의 실제 금리 부담이 크게 완화될 것""이라고...",https://biz.sbs.co.kr/article_hub/20000301834?division=NAVER,18,,1
은행 보증부대출 금리에 출연금 50% 이상 반영 제한... 은행법 시행령 개...,"된다.금융위원회는 3일 이와 같은 내용의 은행법 시행령 일부 개정안을 입법예고했다.앞서 작년 말 은행법... 또 보증부대출이 아닌 경우 대출금리에 보증기관 출연금을 반영할 수 없다.금융위는 ""보증부대출을 받는...",https://weeklytrade.co.kr/news/view.html?section=1&category=6&item=&no=99187,18,,1
"[13회 국무회의] 한성숙 ""지방의 100년 시장 12곳 확 바꾼다""",2000억원 규모의 로컬 기업 전용 펀드를 조성하고 금융위원회와 함께 소상공인 특화 신용평가 체계를... 그리고 금융위와 함께 소상공인들에게는 특화 신용평가 체계가 필요합니다. 그래서 이 만드는 작업들을 하고요....,https://www.dailybrief.co.kr/news/articleView.html?idxno=5478,13,,1
은행 보증부대출 이자 부담 줄어든다…출연금 50% 이상 반영 제한,3일 금융위원회는 이러한 내용을 담은 '은행법 시행령' 일부개정령안을 입법예고했다. 입법예고는 다음달... 금융위는 이번 제도 개편으로 보증부대출 금리에 포함되는 법적 비용이 줄어들면서 중소기업과 소상공인 등...,https://www.etoday.co.kr/news/view/2572420,18,,1
위원장이 직접 주재…금융위 가계부채 점검회의 '격상'된 이유 [금융당...,이억원 금융위원장이 지난 1일 관계부처 합동 가계부채 점검회의를 주재했습니다. 이 자리에서 다주택자 대출... 실제로 금융위는 지난해 열린 가계부채 점검회의 모두 사무처장 주재로 열었는데요. 회의 성격상 관계부처와...,https://www.hankyung.com/article/202604036339i,11,,1
7월부터 은행 대출금리에 보증기관 출연금의 50% 이상 반영 못한다,금융위원회는 3일 이같은 내용의 은행법 시행령 일부개정령안을 입법예고했다. 입법예고 기간은 5월... 금융위는 개정 은행법에서 위임한 보증기관 출연금의 대출금리 반영 제한 비율을 100분의 50 이상으로 정했다. 이에...,https://biz.heraldcorp.com/article/10709197?ref=naver,18,,1
'은행 대출금리에 출연금 반영 제한' 은행법 개정안 입법예고,"금융위원회는 이같은 내용의 개정안을 3일부터 5월 14일까지 입법예고한다고 밝혔다. 앞서 정부는 은행... 금융위는 ""보증부대출 금리에 보증기관 출연금의 반영이 제한됨에 따라 보증부 대출을 받는 중소기업, 소상공인...",https://www.newsis.com/view/NISX20260403_0003576431,18,,1
"은행 보증부대출 금리부담↓…""출연금 50% 이상 반영 금지""",금융위원회[금융위원회 제공] 정부가 서민·취약계층을 대상으로 한 포용금융 강화를 위해 은행 보증부대출을 이용하는 차주들의 금리부담을 낮추는 방안을 추진한다. 금융위원회는 3일 은행 대출금리 산정시 각종...,https://news.einfomax.co.kr/news/articleView.html?idxno=4407573,18,,1
보증부대출 금리 '비용 전가' 막는다…출연금 반영 50% 제한,"3일 금융위원회에 따르면 정부는 '은행법' 개정에 따른 후속조치로 보증부대출 금리 산정 시 보증기관 출연금... 금융위 관계자는 ""그간 은행은 보증기관 출연금 등 법적 비용을 대출금리에 일부 반영해 차주의 금리 부담을...",https://www.newsworks.co.kr/news/articleView.html?idxno=836507,18,,1
보증부대출 금리 낮아진다…은행 출연금 50%로 제한,"금융위원회는 3일 이 같은 내용을 담은 은행법 시행령 일부개정령안을 입법예고한다고 밝혔다. 이번... 금융위는 이번 시행령 개정안을 다음 달 14일까지 입법예고한 뒤, 국무회의 의결 등을 거쳐 개정 은행법 시행일인 7월...",https://www.sentv.co.kr/article/view/sentv202604030018,18,,1
7월부터 보증부대출 금리 규제…출연금 50% 이상 반영 금지,금융위원회는 3일 보증기관 출연금의 대출금리 반영 제한 비율을 정하기 위해 은행법 시행령 개정안 입법예고에 나선다고 밝혔다. 이는 지난해 말 이뤄진 은행법 개정에 따른 후속 조치로 마련됐다. 이에 금융위는 위임...,https://view.asiae.co.kr/article/2026040309163071309,18,,1
"보증부대출 금리 산정 손질…은행, 출연금 50% 초과 반영 제한",금융위원회는 3일 개정 '은행법'의 후속조치로 '은행법 시행령' 일부개정령안을 입법예고한다고 밝혔다.... 금융위는 특별출연금의 경우 법정출연금과 달리 현재도 대출금리에 반영되지 않고 있다고 설명했다. 금융위...,http://www.joseilbo.com/news/news_read.php?uid=565892&class=18&grp=,18,,1
다음주 예탁결제원 사장 확정…이윤수 전 금융위 상임위원,새 정부 출범 후 첫 금융위 출신 금융공기업 수장 낙점 이윤수 전 금융위 증선위 상임위원 신민경 송하린 기자 = 한국예탁결제원의 차기 사장이 다음주 임시 주주총회를 거쳐 확정된다. 이윤수 전 금융위원회...,https://news.einfomax.co.kr/news/articleView.html?idxno=4407559,13,,1
"'삼전·하닉 2배 ETF' 출격 앞두고 기대와 우려…""새 투자처"" vs ""과도한...",삼성전자와 SK하이닉스를 기초자산으로 한 단일 종목 레버리지 상장지수펀드(ETF) 도입이 확정됐다. 이르면 다음달 출시될 것으로 예상되는 가운데 시장에서는 기대와 우려가 동시에 나오고 있다. 4일 금융당국에 따르면...,https://www.newsis.com/view/NISX20260403_0003577368,1,,0
퇴직연금 막막하다면…알아서 굴려주는 ‘생애주기펀드’ 아시나요?[경...,TDF 시장이 커지자 금감원은 리스크 관리에도 나섰습니다. 이달부터 해외 특정 국가에 대한 투자액 한도를... 아울러 금감원은 투자자가 TDF 운용 전략을 쉽게 이해할 수 있도록 자산운용사가 도표와 그래프를 함께...,https://www.khan.co.kr/article/202604040600021,6,,1
"금감원 ""한화솔루션 유증 사전 협의 없었다""…즉시 소명 요구",정원영 한화솔루션 최고재무책임자(CFO)는 “금감원과 사전에 유상증자 계획에 대해 다 말씀드렸다”며 “증권신고서를 제출하기 전부터 소통을 한다”고 말한 것으로 전해졌다. 금감원은 증권신고서 심사는 엄격한...,https://www.ajunews.com/view/20260403234443974,6,,1
"금감원, '한화솔루션 유증 사전 교감' 주장 반박…""소명 요구""","한 언론 보도에 따르면 이 과정에서 사측은 증권신고서 제출 전부터 유상증자 계획을 금감원에 전달하고... 금감원은 ""한화솔루션의 유상증자와 관련해 사전 협의나 승인을 한 사실이 전혀 없다""고 밝혔다. 증권신고서...",https://magazine.hankyung.com/business/article/202604038196b,6,,1
"한화솔루션 ""유증 사전교감""…금감원 ""발언 즉각 소명해야""","한화솔루션, 주주 질답서 ""금감원과 사전교감"" 금감원 즉각 반박…""사전 협의와 승인 없었다"" 금감원 ""발언 즉각 소명해야…필요한 조치 검토"" (서울=연합인포맥스) 신민경 기자 = 기습 유상증자 발표로 주주들 반발을 산...",https://news.einfomax.co.kr/news/articleView.html?idxno=4407680,6,,1
"금감원, 한화솔루션 유상증자 '사전교감' 보도에 ""사전 협의·승인 없었...","금감원은 ""증권신고서 심사는 엄격한 법적 절차에 따라 증권신고서 제출 후에 이루어지는 것""이라며 ""사전에... 간담회'에서 ""금감원하고 사전에 유상증자 계획에 대해 다 말씀드렸다""며 ""증권신고서를 제출하기 전부터...",https://www.dailian.co.kr/news/view/1629561/?sc=Naver,6,,1
"금감원 ""한화솔루션 유증 사전논의 없었다""... 즉시 소명 요청","금감원은 3일 설명자료를 통해 ""한화솔루션의 2조 4000억원 규모 유상증자와 관련해 사전 협의나 승인이... 앞서 한화솔루션이 이날 서울 여의도에서 개최한 '개인주주 간담회'에서 유상증자 계획을 사전에 금감원에...",http://www.fnnews.com/news/202604032125490853,6,,1
국민연금 금융지주 사외이사 추천 허용?…지배구조 개편 신호탄 '촉각',이 원장은 금감원장 취임 이전에도 국민연금의 적극적인 주주권 행사를 주장했다. 특히 2021년 국민연금 기금운용위원회 위원으로 활동하던 당시에는 사모펀드 소비자 피해를 이유로 KB·신한·하나·우리금융을 ESG...,https://www.econovill.com/news/articleView.html?idxno=736066,7,,1
"금감원 ""한화솔루션과 유상증자 사전논의 없어…한화, 즉시 소명하라""","간담회에서 한화솔루션 측은 유상증자 계획을 사전에 금감원에 전달했다는 취지로 해명한 것으로 전해졌다.... 금감원 측은 ""증권신고서 심사는 엄격한 법적 절차에 따라 증권신고서 제출 후에 이뤄지는 것""이라며 ""사전에...",https://www.news1.kr/finance/general-stock/6125177,6,,1
"한화솔루션, 총수 보수 15% 늘 때 주가 48% ‘뚝’...채무 상환은 ‘주주...","이날 IR 담당자는 “그 부분에 대해 상당히 오해를 많이 갖고 계신데 금감원 중점 심사라는 게 유상증자 5000억원 이상은 무조건 받게 된다”며 “무슨 문제가 있어서 중점 심사를 받게 되는 건 아니고, 금감원에 사전에...",https://www.asiatime.co.kr/article/20260403500253,7,,1
"한화솔루션 유증 논란 '점입가경'… 무리수인가, 생존 위한 결단인가","결국 한화솔루션 소액주주연대는 지난달 30일 금감원에 탄원서 제출을 시작으로 지난 2일에는 기관 및... 이제 시장의 관심은 금감원의 결정에 쏠리고 있다. 금감원은 이번 유증의 당위성, 주주 권익 훼손 여부, 이사회...",https://www.greened.kr/news/articleView.html?idxno=338856,6,,1
‘주가 폭락’ 한화솔루션 “금감원에 유상증자 계획 사전에 알렸다”,현재 금감원은 한화솔루션이 제출한 유상증자 증권신고서를 바탕으로 주주권익 훼손 우려 등에 대한 중점심사를 진행하고 있다. 이에 소액주주들은 금감원에 탄원서를 제출하는 등 직접 행동에 나선 상태다....,https://www.hani.co.kr/arti/economy/marketing/1252602.html,7,,1
"금감원, 두나무·네이버파이낸셜 주식교환 공시에 정정명령 부과",따르면 금감원은 두나무가 지난달 30일 제출한 주요사항보고서(주식교환 및 이전 결정)에 대한 심사 결과 신고서 내용 중 중요한 누락이나 허위 기재가 발견됐다며 이날 정정명령을 부과했다. 금감원은 자본시장과...,https://www.digitaltoday.co.kr/news/articleView.html?idxno=653350,7,,1
"금감원, 두나무에 '네이버파이낸셜과 주식교환' 공시 정정명령 내려",금감원이 어떠한 사유로 정정명령을 내렸는지는 알려지지 않았다. 금감원은 보통의 경우 정정명령 이유를 밝히지 않는다. 두나무는 3월30일 네이버파이낸셜과 포괄적주식교환 관련 주요사항보고서를 공시했다. 공시 속...,https://www.businesspost.co.kr/BP?command=article_view&num=434959,7,,1
[서민의 곡(哭)소리] 정원오 칸쿤 사태로 보는 좌파의 음습한 DNA,"참여연대 출신으로 민주당에서 비례대표 의원을 지냈던 김기식, 그는 문재인 정부 때인 2018년 4월, 12대 금감원장으로 임명된다. 금감원장은 인사청문회 대상이 아니었지만, 그의 취임과 더불어 온갖 문제점이 쓰나미처럼...",https://www.ilyoseoul.co.kr/news/articleView.html?idxno=515115,6,,1
"한화, '2.4조 증자' 해법(?)으로 고려아연 지분 카드 꺼내나... 자금·지...",-채무상환 62% 논란… 소액주주 2500명 결집·금감원 탄원 -최대주주 자금 마련·지배구조 변수까지… 파장 전방위 확산 한화솔루션은 2026년 3월 26일 이사회를 열고 2조4000억 원 규모의 유상증자를 결정했다. 신주 발행...,https://www.ilyoseoul.co.kr/news/articleView.html?idxno=515210,6,,1
"대법원, 고려아연 상호주 의결권 제한 '적법' 확정…영풍·MBK 재항고 기...","고려아연은 2024년 10월 추진하다 철회한 2조5000억원 규모 유상증자 건과 관련해 금감원이 부정거래 혐의로 검찰에 이첩한 수사가 진행 중이며, SMC를 통한 순환출자 관련 공정거래위원회의 상호출자금지...",https://www.newsinside.kr/news/articleView.html?idxno=4564302,6,,1
"금감원, 두나무 정정명령",3일 금융당국에 따르면 금감원은 두나무가 정정공시한 주요사항보고서에서 투자자 판단에 필요한 중요 내용이 누락됐다고 판단했다. 금감원이 문제로 본 항목은 '향후 회사구조개편에 관한 계획'과 '기타 투자판단과...,http://www.hansbiz.co.kr/news/articleView.html?idxno=830247,7,,1
"보험금 거절, 의료자문 땐 '최고 50%대'…의협 선택땐 달라질까",금감원과 의협은 우선 뇌·심혈관 질환과 정형외과 후유장해 등 일부 정액형 보험을 대상으로 올해 2~3분기 시범 운영을 실시한 뒤 제도 실효성을 점검해 적용 범위를 확대할 계획이다. ▷관련기사: 보험금 분쟁...,https://news.bizwatch.co.kr/article/finance/2026/04/03/0030,6,,1
"주가 반토막 삼천당제약, 6일 기자회견…의혹 확산에 직접 등판해 정면...","금감원은 지난달 바이오기업 공시 가이드라인 개선 태스크포스(TF)를 꾸리고 정기·수시공시 서식과 가이드라인 보완 작업을 시작했다. 보도자료, 연구개발 관련 정보 제공 방식, 예상 매출 제시 방식도 논의 대상에...",http://www.newsworker.co.kr/news/articleView.html?idxno=420442,7,,1
‘삼전·하닉 2배 ETF’ 허용 추진…이르면 내달 출시 가능성,"금감원 시행세칙 개정안 사전예고…대상 종목 2개로 제한 레버리지·인버스·커버드콜 허용 변동성 확대 우려도 SK하이닉스, 삼성전자 전경/각 사 제공 삼성전자와 SK하이닉스를 기초자산으로 한 단일종목 레버리지 ETF...",http://www.metroseoul.co.kr/article/20260403500158,6,,1
한화솔루션 소액주주 '부글부글'…주주명부 열람에 금감원 탄원까지,"금감원은 한화솔루션 유상증자 중점심사에 들어갔다. 중점심사는 유상증자 당위성과 의사결정 과정, 일반주주 권익 훼손 우려, 이사회 논의 내용, 주주소통계획 등 기재사항을 집중적으로 검토한다. 금감원 관계자는...",https://news.tf.co.kr/read/economy/2309444.htm,6,,1
"""주주 충실의무 증명하라""…이마트·신세계푸드 주식교환, 무엇이 부족...","금감원 관계자는 ""법무부가 이사 주주충실의무 가이드라인을 공개한 이후 첫 번째로 신고서가 들어온 사례... 이는 같은 시기 유사한 포괄적 주식교환을 추진하며 금감원의 정정 요구를 소화해 낸 현대지에프홀딩스...",https://news.einfomax.co.kr/news/articleView.html?idxno=4407640,7,,1
"금감원 지적에 토스·카카오페이증권, IT 리스크 점검 개편","금감원은 지난 1일 인터넷은행 및 계열 증권사 CIO를 대상으로 점검회의를 열고, 프로그램 변경 과정에서 테스트, 현업 검증, 제3자 검증, 타 시스템 영향 분석 등이 제대로 이행되지 않고 있다고 지적했다. 금감원 관계자는...",http://www.inews24.com/view/1956700,12,,1
스테이블코인 결제 초읽기…여당TF·금감원·페이사 모였다,"안도걸 의원 등 TF 위원과 금감원, 네이버페이·카카오페이 등 대표 페이사들이 참석했습니다. 참석자들은 스테이블코인 관련 서비스 모델을 살펴보고 개정 조항과 내용에 대해 논의합니다. TF 관계자는 ""전자금융거래법이...",https://biz.sbs.co.kr/article_hub/20000301869?division=NAVER,7,,1
"“떨어질수록 더 샀다”…서학개미, 레버리지 ETF에 ‘집중 베팅’",금감원은 “지수가 올랐다 내리기를 반복하면 투자금이 녹아내리는 음의 복리효과가 발생한다”며 “장기 투자목적으로 레버리지·인버스 상품을 선택하는 것은 바람직하지 않다”고 전했다.,https://www.mk.co.kr/article/12007179,6,,1
"""증시 오른다니까 가입했는데""…사회초년생, 변액보험 높은 초회보험료...",이번에 금감원이 실시한 미스터리쇼핑에서 평가대상 9개 생보사 중 2개사가 '미흡' 판정을 받은 이유도 소비자 이해력 제고를 위한 설명이 부족했기 때문이다. 특히 '위법계약해지권' 설명 항목은 전반적으로 미흡 판정을...,http://www.dailypop.kr/news/articleView.html?idxno=97614,7,,1
"""반도체 빼면 매출·이익 감소""…코스피 영업익 137조, 29.5% 급증","10대 증권사 증시 호황 성과급 잔치 금감원 전자공시 시스템에 따르면 지난해 10대 증권사 대표의 연봉은 평균 16억 9,500만 원으로 전년도 11억 9,300만 원에 비해 연간 5억 원이 올랐다. 그러나 지난해 증시...",http://www.economytalk.kr/news/articleView.html?idxno=419930,11,,1
'라임 손배소' 미래에셋 vs 신한투자 2심 다음달 시작…5년 법정공방 재...,"2020년 7월 금감원 분쟁조정위원회는 무역금융펀드의 부실 여부를 알고도 판매한 판매사인 우리은행... 지난 2020년 금감원 분조위 권고, 2022년 라임 파산 선고를 거쳐 2025~2026년 연이은 1심 판결까지, 라임 사태의 법적...",https://www.techm.kr/news/articleView.html?idxno=150797,12,,1
역대 최대 또 경신한 '보험사기'...병원·업계 연루 구조화 우려 [모터그...,"금감원은 유관기관과 공조 체계를 강화하고, 내부자 제보를 토대로 기획조사를 추진하겠다고 밝혔다. 또 진화하는 보험사기를 적발하기 위한 맞춤형 대응책과 대국민 홍보를 통한 선제적 예방 활동을 병행하겠다고...",http://www.sisunnews.co.kr/news/articleView.html?idxno=236284,9,,1
'삼전·SK하닉 2배 ETF' 허용⋯이르면 내달 출시,높았던 만큼 출시 이후 상당한 자금 유입이 예상된다. 개정안 사전 예고 기간은 이달 2일부터 17일까지다. 금감원은 의견 수렴 이후 관련 시행령 및 금융투자업 규정 개정 일정을 고려해 본격적인 시행일을 확정한다.,http://www.inews24.com/view/1956635,7,,1
주주 뿔난 한화솔루션 유상증자…금감원 판단은,"금감원은 주주권익 훼손 우려가 큰 유상증자를 중점심사를 대상으로 선정하고, 유상증자 당위성과 의사결정 과정, 이사회 논의 내용, 주주소통계획 등 기재사항을 집중적으로 검토한다. 금감원 관계자는 ""심사 기한인...",https://www.newsis.com/view/NISX20260403_0003576316,6,,1
"[Why&Next]개정 상법 후폭풍…이마트, 신세계푸드 편입 '제동'","금감원은 공시를 통해 ""증권신고서의 형식이 제대로 갖춰지지 않았거나 중요사항의 거짓 기재 또는 누락... 앞서 금감원은 지난 2월 현대지에프홀딩스의 주식교환 신고서에도 정정 요구를 한 바 있다. 이후 회사는...",https://view.asiae.co.kr/article/2026040108022026782,7,,1
