title,summary,url,score,prob,keep
[오늘의 ABC 뉴스룸] BTS '아리랑' 월드투어 85회 대장정! 지금 바닥 친...,"세계 최고 수준의 인프라를 갖췄기 때문입니다. 쿠팡을 필두로 이마트24와 주요 택배사들까지 잇따라 도로... 전문가들은 획일적인 대출 규제가 저신용자들을 고금리 대부업 등 사금융으로 내몰고 있다며, 취약계층을...",https://www.ajunews.com/view/20260410145949491,8,,1
새마을금고 등 상호금융 대출도 빗장…저신용자 역풍 우려도,"중저신용자들이 법정 최고금리에 달하는 대부업으로 밀려날 수 있다는 우려의 목소리도 나온다. 10일 금융당국 및 금융권에 따르면, 새마을금고는 이르면 이달 중 비회원 대상 주택담보대출(주담대) 신규 취급을 전면...",https://www.mk.co.kr/article/12013786,16,,1
"연 이율 최대 1만8250%…경찰, 불법사금융 일당 8명 검거","현재 법정 최고 금리는 20%다. 이들은 대부업 등록을 하지 않은 채 대출이 필요한 서민들에게 접근했다. 대부 중개 플랫폼에 광고한 뒤 고객 전화 상담을 하는 ‘콜’, 대면 상담과 함께 대출금을 지급하는 ‘출동’...",https://www.kmib.co.kr/article/view.asp?arcid=0029661083&code=61121211&cp=nv,14,,1
‘연이율 1만8250%’ 불법 사채 일당 검거...전화 폭탄으로 빚 독촉까지,"현행 법정 최고금리는 연 20%다. 일당은 범행을 철저히 분업화했다. 미등록 사무실에서 본인 및 타인 명의로 등록한 대부업등록증을 이용해 대부 중개 플랫폼에 광고한 뒤 고객과 전화 상담을 하는 ‘콜’, 고객을 직접...",https://www.chosun.com/national/national_general/2026/04/10/NJ6AWGWL4FDSTOG4JXIKOH25GQ/?utm_source=naver&utm_medium=referral&utm_campaign=naver-news,8,,1
"“연이자율 최대 1만 8250%”…경찰, 불법채권추심 일당 검거",이 과정에서 연 20% 수준의 법정 최고 금리를 넘겨 최소 34%에서 최대 1만 8250%의 이자율을 적용한 것으로 조사됐다. 이들은 미등록 사무실에서 본인과 타인 명의의 대부업 등록증을 이용해 대부 중개 플랫폼에 광고를 낸...,https://www.seoul.co.kr/news/society/accident/2026/04/10/20260410500114?wlog_tag3=naver,13,,1
더 좁아지는 상호금융 대출문… 비조합원 주담대 등 줄줄이 중단,대출 문턱이 높아지면 우량한 신용을 지닌 차주 위주로 대출이 공급될 가능성이 생길 수 있다는 우려가 나온다. 기존에 상호금융을 이용하던 중저신용자들은 법정최고금리 수준의 대부업 등으로 밀려날 거란 전망이다.,https://www.munhwa.com/article/11581319?ref=naver,12,,1
"새마을금고, 비회원 주담대 신규 취급 중단... 상호금융 대출도 조이기...","다만 일각에서는 상호금융권마저 대출 문턱이 높아지면 기존보다 우량한 신용을 지닌 차주 위주로 대출이 공급될 가능성이 생기고, 결국 중저신용자들은 법정최고금리(연 20%) 수준의 대부업 등으로 쫓길 수 있다는...",https://www.mediawatch.kr/news/article.html?no=259217,16,,1
"새마을금고, 비회원 주담대 ‘전면 중단’… 우대금리 혜택도 사라진다","결국 기존 상호금융을 이용하던 중저신용자들은 연 20%에 달하는 법정최고금리를 감당해야 하는 대부업체나 사금융으로 밀려날 가능성이 크다. 전문가들은 가계부채의 양적 관리도 중요하지만, 서민층의 자금 절벽...",https://www.segye.com/newsView/20260410503902?OutUrl=naver,18,,1
농협·신협 가계대출 조이기 이어 새마을금고도 비회원 주담대 중단,"증가했는데 이중 농협, 신협, 새마을금고 등 상호금융권 증가 폭이 2조7000억원규모였다. 상호금융권의 대출 조이기로 일각에서는 결국 중저신용자들은 법정최고금리(연 20%) 수준의 대부업 등으로 밀려날 것으로 우려한다.",https://hbnpress.com/news/view/1065571980942185,20,,1
새마을금고도 비회원 주담대 중단…대출문 꽉 닫는 상호금융,"다만 일각에서는 상호금융권의 대출 문턱이 높아지면 기존보다 우량한 신용을 지닌 차주 위주로 대출이 공급될 가능성이 생기고, 결국 중저신용자들은 법정최고금리(연 20%) 수준의 대부업 등으로 밀려날 것이라는 우려도...",https://www.ngonews.kr/news/articleView.html?idxno=228047,16,,1
“이제 정말 대부업밖에 없나”…非조합원에 대출문 닫는 상호금융권 왜...,"금융권 일각에서는 상호금융권의 대출 문턱이 높아지면 기존보다 우량한 신용을 지닌 차주 위주로 대출이 공급될 가능성이 생기고, 결국 중저신용자들은 법정최고금리(연 20%) 수준의 대부업으로 내몰릴 것이라는 우려가...",https://www.mk.co.kr/article/12013297,12,,1
새마을금고도 비회원 주담대 중단…상호금융 대출도 '꽁꽁',"다만 일각에서는 상호금융권의 대출 문턱이 높아지면 기존보다 우량한 신용을 지닌 차주 위주로 대출이 공급될 가능성이 생기고, 결국 중저신용자들은 법정최고금리(연 20%) 수준의 대부업 등으로 밀려날 것이라는 우려도...",http://www.yonhapnewstv.co.kr/AKR20260410084530VOl,16,,1
"새마을금고, 비회원 주담대 전면 중단…상호금융 '대출 빗장' 더 굳힌다","이 경우 연 20% 법정최고금리 수준의 대부업이나 비제도권 고금리 시장으로 차주가 쏠리는 '풍선효과'가 발생할 수 있다는 것이다. 가계부채 관리라는 정책 목표와 금융소외 심화라는 부작용 사이에서, 상호금융권의...",http://www.newsroad.co.kr/news/articleView.html?idxno=57657,20,,1
1만8250% 이자 뜯어낸 불법사금융 일당…피해자만 600명,"마포경찰서 제공 미등록 대부업체를 운영하며 최대 1만8250%에 달하는 초고금리를 챙긴 불법사금융 일당이 경찰에 붙잡혔다. 이들이 챙긴 수수료만 8억4000만 원에 달하고, 피해자는 600여 명에 이르는 것으로 조사됐다....",https://www.munhwa.com/article/11581444?ref=naver,14,,1
年 1만8250% 사채업 일당 재검거…영장 기각 뒤 다시 영업,"경찰 조사 결과, 이들은 미등록 사무실에서 본인 및 타인 명의로 등록한 대부업 등록증을 이용해 광고한 뒤 전화 상담, 대면 상담 및 대출 실행, 상환 관리 및 수금 등 역할을 분담해 활동했다. 또 수사기관의 추적을...",https://biz.chosun.com/topics/topics_social/2026/04/10/FYP25R24CJB4NL2BWURK6UYH2Y/?utm_source=naver&utm_medium=original&utm_campaign=biz,8,,1
"최대 연 1만8000% 불법대출 일당, 영장 기각되자 또 범행","이들은 미등록 사무실에서 본인·타인 명의로 등록한 대부업등록증을 이용해 대부 중개 플랫폼에 광고한 뒤 고객과 전화 상담을 하는‘콜’ 역할, 고객을 직접 대면해 상담을 진행하고 대출금을 지급하는 ‘출동’ 역할...",https://www.joongang.co.kr/article/25419181,6,,1
"""급전 필요하죠?""…포털 광고에 속아 1만8000% 폭리 덫","이들에게 총 1741회에 걸쳐 17억원 상당을 대부하고, 최소 34%에서 최대 연 1만8250%에 달하는 이자를 적용해 약 8억4000만원을 챙긴 혐의를 받는다. 이들은 미등록 사무실을 차려 '콜센터 상담', '대면 대출 실행', '상환 관리...",http://www.fnnews.com/news/202604101458107539,1,,0
최대 이자율 1만8250%…서민 울린 불법 사금융업자 8명 검거,"이들은 관할 시도지사에 대부업 등록을 하지 않은 미등록 상태로 대출을 희망하는 피해자 600여명을 상대로 1741회에 걸쳐 17억원 상당을 대부해주고, 최대 1만 8250% 이자율로 수수료 8억 4000만원을 수취한 혐의를 받는다....",http://www.edaily.co.kr/news/newspath.asp?newsid=03735926645414808,8,,1
"""받을 때까지 전화해 빚 독촉""... 이자율 1만8250% 불법 대부업 일당 송...",이들은 △본인이나 타인 명의 대부업등록증을 이용해 미등록 사무실에서 대부 중개 플랫폼에 광고하고 고객과 상담하는 '콜' △대면 상담 및 대출금을 지급하는 '출동' △대출 진행 후 상환 일자 및 상환 금액 안내하는...,https://www.hankookilbo.com/news/article/A2026041010280004476?did=NA,6,,1
서민 600명에 17억 불법대출…연 1만8000% 이자 8억 챙긴 일당 구속,경찰 조사 결과 이들은 미등록 사무실에서 본인 및 타인 명의로 등록한 대부업등록증을 이용해 대부 중개 플랫폼에 광고한 뒤 △콜센터 상담 △대면 상담 및 대출 실행△상환 관리 및 수금 등 역할을 나눠 조직적으로...,https://www.news1.kr/society/incident-accident/6132139,6,,1
"""이자율 1만 8천%""‥'불법 대부업' 일당 8명 송치","이들은 미등록 대부업체를 차려 6백여 명에게 1천7백여 차례에 걸쳐 최대 1만8250% 이자율로 약 17억 원을 빌려주고, 수수료 8억 4천만 원을 편취한 혐의를 받고 있습니다. 이들은 대부 중개 플랫폼에서 업체를 광고하며 전화...",https://imnews.imbc.com/news/2026/society/article/6814239_36918.html,6,,1
"이자율이 무려 1만8250%…""받을 때까지 빚 독촉 전화 폭탄""","일당은 미등록 업장을 운영하며 본인이나 타인 명의로 만든 대부업등록증을 이용해 대부 중개 플랫폼에 광고를 올렸다. 이후 전화 상담을 담당하는 '콜' 역할, 고객과 만나고 대출금을 지급하는 '출동' 역할, 상환 일정과...",https://www.mt.co.kr/society/2026/04/10/2026041013025839606,6,,1
"케이뱅크, 시스템 업데이트 19일 자정부터 10시간 금융거래 일시 중단","단, 교통카드 기능 이용과 체크카드 분실신고, 보이스피싱 피해 신고는 고객센터를 통해 중단없이 이용할 수 있다. 케이뱅크는 고객이 꾸준히 늘어나는 상황에서 안정적인 서비스를 위해 시스템 업데이트를 결정했으며...",https://www.public25.com/news/articleView.html?idxno=43833,1,,0
“사고死처럼 복수해드릴까요? 가상화폐로 입금해주세요”,"신고해 ‘보이스피싱 연루 의심 계좌’로 만들어 해당 명의의 통장을 모두 정지시키는 것이다. 이를 해결하려면 피해자가 직접 소명 자료를 제출해 결백을 입증해야 하고, 입증될 때까지 한 달 가까이 발만 동동 굴러야...",https://www.chosun.com/national/weekend/2026/04/11/G7OOPTEI3VDIHIZHVSJP2TQOYY/?utm_source=naver&utm_medium=referral&utm_campaign=naver-news,0,,0
"소상공인시장진흥공단, 소상공인 피싱범죄 피해 예방 총력 대응","먼저, 소진공은 경찰청으로부터 제공받은 최신 보이스피싱 유형과 실제 피해 사례를 종합해 '소상공인이 조심해야 할 주요 피싱범죄 유형'을 마련하고, 전국 78개 지역센터를 통해 의심 사례 안내 및 교육에 활용할...",http://www.newstnt.com/news/articleView.html?idxno=606281,0,,0
"캄보디아에서 한국인 상대로 38억원 노쇼사기 벌인 총괄, 징역 9년",범행의 피해 규모가 상당함에도 회복이 제대로 이뤄지지 않았다”고 양형 이유를 밝혔다. 정씨와 이씨를 비롯한 범죄단체 조직원 23명을 구속기소한 동부지검 보이스피싱 범죄 정부합동수사부는 외국인 총책을 추적...,https://www.chosun.com/national/national_general/2026/04/10/ISFMPPZZGNES7H4XJ5V7YIP4VU/?utm_source=naver&utm_medium=referral&utm_campaign=naver-news,0,,0
"'보안' 역량, 곧 생존···가상자산, '이용자 보호 체계'가 경쟁력 가른...",국내에서도 보이스피싱 피해금이 가상자산으로 전환된 뒤 빠르게 분산 이체되는 사례가 늘면서 추적과 환급이 어려운 구조가 굳어지고 있다. 금융당국 점검 결과 가상자산 거래소 내 사기 이용 계좌 2526건 중 1490건(59%)이...,http://www.enewstoday.co.kr/news/articleView.html?idxno=2417304,4,,1
군부대라던 '그놈 목소리'…시아누크빌 피싱 조직 간부 9년,요청하고 피해금을 챙긴 뒤 잠적하는 사기 피해 신고가 전국적으로 접수된 바 있다. 정씨와 이씨를 비롯한 조직원 23명을 구속기소 한 동부지검 보이스피싱 범죄 정부합동수사부는 현재 외국인 총책을 추적 중이다.,https://www.yna.co.kr/view/AKR20260410155000004?input=1195m,0,,0
"당진경찰서, 기지시줄다리기 축제서 피싱범죄 예방활동 집중 추진","보이스피싱을 비롯해 메신저피싱, 물품 대리구매를 유도하는 노쇼 사기, 로맨스스캠, 투자 리딩방 사기 등 다양한 형태로 진화하고 있으며, 수법 또한 점차 지능화·고도화 되면서 일반 시민 뿐만아니라 소상공인까지 피해...",http://www.idjnews.kr/news/articleView.html?idxno=215751,0,,0
"당진경찰서·재향경우회 금융범죄예방단, 고대면 노인대학 피싱범죄 예...","올해 당진 고대면에 거주하는 60대 여성이 수사기관 사칭 보이스피싱범에게 속아 약 1억 5천만원의 피해를 입었으며, 합덕읍에 거주하는 또 다른 70대 여성도 같은 수법에 속아 비슷한 규모의 피해를 입는 등 피해가...",http://www.idjnews.kr/news/articleView.html?idxno=215750,1,,0
"케이뱅크, 시스템 업데이트로 19일 새벽 서비스 일시 중단","교통카드 기능 이용과 체크카드 분실신고, 보이스피싱 피해 신고는 고객센터를 통해 중단없이 이용할 수 있다. 케이뱅크는 고객이 꾸준히 늘어나는 상황에서 안정적인 서비스를 위해 시스템 업데이트를 결정했다. 고객...",http://www.edaily.co.kr/news/newspath.asp?newsid=04395206645414808,0,,0
소상공인 상대 '노쇼 사기' 38억원 피해... 범죄조직 총책 징역 9년,"검찰이 파악한 피해 금액은 약 38억원에 이른다. 이런 가운데 서울동부지검 보이스피싱범죄 합동수사부(이태순 부장검사)는 보도자료를 내고 ""외국인 총책이 한국인 총괄을 한 명만 두고 있는 것은 아닐 것""이라며...",https://www.ltn.kr/news/articleView.html?idxno=50893,0,,0
"130억 가로챈 보이스피싱 유인책들, 결국 실형","중국에 거점을 두고 130억 원대의 대규모 보이스피싱 범행을 저지른 조직의 유인책들에게 법원이 중형을 선고했습니다. 대구지법 형사11부(이영철 부장판사)는 10일, 전기통신금융사기 피해 방지 및 피해금 환급에...",https://news.bbsi.co.kr/news/articleView.html?idxno=4077644,1,,0
"""소화기 구매하면 환급""…주유소 상대 보이스피싱 기승","경북 청도소방서는 10일 주유소를 상대로 '소방관서 사칭 보이스 피싱' 사례가 잇따르고 있다며 주의를... 다행히 주유소 관계자들이 즉시 소방서에 확인해 피해는 발생하지 않았다. 청도소방서 측은 ""소방공무원 명함...",https://www.news1.kr/local/daegu-gyeongbuk/6132684,0,,0
[브리프]KB금융 하나금융 농협금융 신한은행 하나은행 外,"단, 교통카드 기능 이용과 체크카드 분실신고, 보이스피싱 피해 신고는 고객센터를 통해 중단없이 이용할 수 있다. 케이뱅크는 고객이 꾸준히 늘어나는 상황에서 안정적인 서비스를 위해 시스템 업데이트를 결정했으며...",http://www.biztribune.co.kr/news/articleView.html?idxno=352212,9,,1
"'캄보디아 노쇼사기' 범죄단체 총괄, 1심서 징역 9년 선고","검찰이 파악한 피해금액은 약 38억 원에 이르는 것으로 전해졌다. 한편 서울동부지검 보이스피싱범죄 합동수사부(부장검사 이태순)는 앞서 보도자료를 내고 ""외국인 총책이 한국인 총괄을 한 명만 두고 있는 것은 아닐...",https://www.news1.kr/society/court-prosecution/6132591,0,,0
전통시장 덮친 '노쇼 사기'…경찰·상인 함께 막는다,"사기와 보이스피싱 예방법을 집중 안내했다. 노쇼 수법은 갈수록 교묘해지고 있다. 고가 메뉴 단체 예약 뒤 연락을 끊거나, 관공서를 사칭하는 방식까지 등장했다. 피해는 고스란히 영세 상인 몫이다. 경찰은 현장 대응을...",https://www.mhns.co.kr/news/articleView.html?idxno=744507,0,,0
추경 앞두고 피싱 기승…소상공인 300만명 ‘비상’,소진공은 경찰청으로부터 제공받은 최신 보이스피싱 수법과 실제 피해 사례를 토대로 ‘소상공인이 조심해야 할 주요 피싱범죄 유형’ 7가지를 정리했다. ▲예약·주문 사기 ▲공공기관 사칭 ▲거래처 변경 ▲긴급 요청...,https://www.nongmin.com/article/20260410500069,0,,0
"케이뱅크, 19일 일요일 새벽 금융거래 전면 중단","단, 교통카드 기능 이용과 체크카드 분실신고, 보이스피싱 피해 신고는 고객센터를 통해 중단없이 이용할 수 있다. 케이뱅크는 고객이 꾸준히 늘어나는 상황에서 안정적인 서비스를 위해 시스템 업데이트를 결정했으며...",http://www.enewstoday.co.kr/news/articleView.html?idxno=2417531,1,,0
"케이뱅크, 19일 자정부터 서비스 10시간 중단","단, 교통카드 기능 이용과 체크카드 분실신고, 보이스피싱 피해 신고는 고객센터를 통해 중단없이 이용할 수 있다. 케이뱅크는 고객이 꾸준히 늘어나는 상황에서 안정적인 서비스를 위해 시스템 업데이트를 결정했으며...",http://www.srtimes.kr/news/articleView.html?idxno=200928,0,,0
"부산 연제구, 보이스피싱 예방 포상금 기탁받아",연산로터리새마을금고에서 일하는 방 씨는 1500만 원을 인출하려는 고객의 사용처를 확인하는 과정에서 고객이 횡설수설하는 등 이상 징후를 보여 경찰에 신고했으며 그 결과 보이스피싱 피해를 예방했다. 이 공로로...,https://www.joongdo.co.kr/web/view.php?key=20260410010003135,4,,1
"130억대 보이스피싱 유인책 두 명 중형⋯각 징역 7년, 5년6개월 선고",중국에 거점을 둔 보이스피싱 조직에서 유인책으로 활동하며 130억 원대 피해를 낸 일당에게 중형이 선고됐다. 대구지법 형사11부(이영철 부장판사)는 전기통신금융사기 관련 혐의로 기소된 A씨(50대)에게 징역 7년과...,https://www.kbmaeil.com/article/20260410500147,1,,0
"안산시 '공무원 노쇼(No-Show) 사기' 확산...""시민들 주의 당부""","사기' 피해가 관내에서 잇따라 발생하고 있다며 시민들의 각별한 주의를 당부했다. '안산시 공무원 사칭... 여부를 반드시 확인하고, 의심 사례는 즉시 경찰(112)이나 보이스피싱 신고번호(1394)로 신고해 달라""고 당부했다.",https://www.newspim.com/news/view/20260410000983,0,,0
130억원대 피해 보이스피싱 조직서 ‘유인책’ 역할 2명 징역형,"대구지법 제11형사부(재판장 이영철)는 중국에서 보이스피싱 조직의 유인책으로 활동한 혐의(전기통신금융사기피해방지 및 피해금 환급에 관한 특별법 위반)로 기소된 A씨(51)에게 징역 7년과 추징금 1억3731만원, B씨...",https://www.khan.co.kr/article/202604101534001,1,,0
"케이뱅크, 시스템 업데이트 위해 19일 새벽 서비스 일시 중단",단 교통카드 기능 이용과 체크카드 분실신고 보이스피싱 피해 신고는 고객센터를 통해 중단없이 이용할 수 있다. 케이뱅크는 고객 불편을 최소화하기 위해 주말 심야에 작업을 진행한다. 중단시간은 작업에 따라 다소...,http://www.smedaily.co.kr/news/articleView.html?idxno=355489,0,,0
"""케이뱅크 10시간만 쉬어 갑니다""...19일 새벽 시스템 업데이트","단, 교통카드 기능 이용과 체크카드 분실신고, 보이스피싱 피해 신고는 고객센터를 통해 중단 없이 이용할 수 있다. 케이뱅크는 고객이 꾸준히 늘어나는 상황에서 안정적인 서비스를 위해 시스템 업데이트를 결정했다....",http://www.fnnews.com/news/202604101451509361,0,,0
"""QR코드 찍지 마세요"" 우편으로 온 출석요구서, 알고 보니 신종 보이스...",검찰청 출석요구서를 위조해 우편으로 발송하는 새로운 형태의 보이스피싱 수법이 확산되고 있어 시민들의... 이는 피해자가 주변에 상담하거나 인터넷 검색을 통해 사기임을 알아채지 못하도록 하려는 교묘한 수법으로...,https://www.insight.co.kr/news/549730,0,,0
[위클리오늘] 연제구 소식(4.10),"연산로터리새마을금고에 근무하는 방 씨는 1,500만 원을 인출하려는 고객의 사용처를 확인하던 중 이상 징후를 발견하고 경찰에 신고해 보이스피싱 피해를 예방했다. 이 공로로 경찰로부터 포상금을 받은 방 씨는 ""작은...",http://www.weeklytoday.com/news/articleView.html?idxno=770426,4,,1
“1년간 81명에 131억 뜯었다”…보이스피싱 유인책 2명 징역형,대구지법 형사11부(이영철 부장판사)는 중국에서 보이스피싱 조직의 유인책으로 활동한 혐의(전기통신금융사기피해방지 및 피해금 환급에 관한 특별법 위반)로 기소된 A(50대)씨에게 징역 7년과 추징금 1억3700여만원...,https://www.dt.co.kr/article/12056726?ref=naver,1,,0
[정치家] 정청래 더불어민주당 대표 ㅣ 지방선거 앞두고 민생 전방위 행...,"그는 ""피해자가 누구든 다시는 이런 일이 없어야 하며, 증거 조작으로 기소된 사건은 진실을 밝혀야 한다""고... 그는 이창수 전 중앙지검장이 도이치모터스 주가조작 사건을 수사하던 검사에게 보이스피싱 현금 인출책...",https://www.cbci.co.kr/news/articleView.html?idxno=566978,1,,0
"“IMSI 취약성 놓친 2023년 조사”…LG유플러스, 유심 교체 사태","유출되는 피해를 입었다. 김장겸 의원(국민의힘) “전화번호 기반 IMSI 구조, 충분히 발견 가능했다”... 일각에서는 위치추적, 보이스피싱, 유심·단말 복제 등 다양한 보안 위협에 가입자를 노출시켰다는 비판도...",http://www.edaily.co.kr/news/newspath.asp?newsid=03591606645414808,0,,0
"대구 달성경찰서, 수표 뽑기 직전 '9천만원' 멈췄다",▲ 안문기 달성경찰서장이 보이스피싱 피해를 눈앞에서 차단한 은행원에게 감사장을 수여하고 있다. 달성경찰서 제공 대구 달성경찰서가 보이스피싱 피해를 눈앞에서 차단한 은행원에게 감사장을 수여했다고 11일...,https://www.dkilbo.com/news/articleView.html?idxno=540622,3,,1
130억대 피해 보이스피싱…유인책 2명 징역 7년·5년6개월,대구지법 형사11부(이영철 부장판사)는 중국에서 보이스피싱 조직의 유인책으로 활동한 혐의(전기통신금융사기피해방지 및 피해금 환급에 관한 특별법 위반)로 기소된 A(50대)씨에게 징역 7년과 추징금...,https://www.yna.co.kr/view/AKR20260410103300053?input=1195m,1,,0
"[정책리뷰] 김장겸 의원, ""LG 유플러스 해킹조사 , IMSI 취약성 문제 놓...","그럼에도 LG유플러스는 오랜 기간 구형 IMSI 체계를 유지하며 위치추적, 보이스피싱, 유심 및 단말 복제 등... 2차 피해 가능성에 대한 국민적 불안은 더욱 커지고 있다. 김 의원은 ""2023년 해킹 사고 당시 단순히 침투...",http://www.financialreview.co.kr/news/articleView.html?idxno=41573,0,,0
"가평경찰서, 2026년 치안협의회 개최…노인 맞춤형 치안대책 강화","및 피해자 보호·지원에 관한 조례 제정 등이 상정돼 심도 있게 논의됐다. '가평경찰 안심지팡이(Gapyeong... 선언문에는 보이스피싱, 학대·폭력 등 노인 대상 범죄와 교통사고·안전사고 예방을 위해 상호 협력하고...",https://www.kyeonggi.com/article/20260410580167,0,,0
"케이뱅크, 오는 19일 새벽 서비스 중단…""시스템 업데이트""","교통카드 기능 이용과 체크카드 분실신고, 보이스피싱 피해 신고는 고객센터를 통해 중단없이 이용할 수 있다. 케이뱅크는 고객이 꾸준히 늘어나는 상황에서 안정적인 서비스를 위해 시스템 업데이트를 결정했다. 고객...",https://www.sidae.com/article/2026041013393464326,0,,0
"케이뱅크, 시스템 업데이트 위해 오는 19일 새벽 서비스 일시 중단","단, 교통카드 기능 이용과 체크카드 분실신고, 보이스피싱 피해 신고는 고객센터를 통해 중단없이 이용할 수 있다. 케이뱅크는 고객이 꾸준히 늘어나는 상황에서 안정적인 서비스를 위해 시스템 업데이트를 결정했으며...",http://www.popcornnews.net/news/articleView.html?idxno=118042,0,,0
"케이뱅크, 19일 오전 금융거래 전면 중단","또는 카드 결제 알림 서비스 ▲타 금융기관을 이용한 케이뱅크 계좌 거래 및 조회 등 금융 비스 이용이 제한된다. 다만 교통카드 기능 이용과 체크카드 분실신고, 보이스피싱 피해 신고는 고객센터를 통해 이용할 수 있다.",https://economist.co.kr/article/view/ecn202604100043,1,,0
"안산시, 공무원 사칭 노쇼(No-Show) 사기 주의 당부",경찰이나 보이스피싱 신고번호로 신고할 것을 권고했다. 안산시는 소상공인의 피해를 예방하기 위해 사기 예방 홍보를 지속할 방침이다. 아래는 위 기사를 '구글 번역...,http://www.breaknews.com/1199245,0,,0
"케이뱅크, 시스템 어베이트 위해 19일 새벽 서비스 일시 중단","단, 교통카드 기능 이용과 체크카드 분실신고, 보이스피싱 피해 신고는 고객센터를 통해 중단없이 이용할 수 있다. 케이뱅크는 고객이 꾸준히 늘어나는 상황에서 안정적인 서비스를 위해 시스템 업데이트를 결정했으며...",https://www.newspim.com/news/view/20260410000762,0,,0
"케이뱅크, 19일 자정부터 10시간 시스템 업데이트…서비스 일시 중단",체크카드 분실신고와 보이스피싱 피해 신고도 고객센터를 통해 중단 없이 가능하다. 케이뱅크는 고객이 꾸준히 늘어나는 상황에서 안정적인 서비스 제공을 위해 이번 시스템 업데이트를 결정했다고 설명했다. 고객...,https://www.dailian.co.kr/news/view/1632035/?sc=Naver,0,,0
"소상공인시장진흥공단, 추경 전 피싱범죄 선제 대응",이에 따라 경찰청으로부터 제공받은 최신 보이스피싱 유형과 실제 피해 사례를 종합해 '소상공인이 조심해야 할 주요 피싱범죄 유형'을 마련했다. 해당 유형은 전국 78개 지역센터를 통해 의심 사례 안내와 교육 자료로...,http://www.chungnamilbo.co.kr/news/articleView.html?idxno=882744,0,,0
"안산시 ""공무원 사칭 '노쇼 사기' 잇따라… 금전 요구 시 확인 필요""","먼저 금전이나 물품 구매를 요구하지 않는다고 밝혔다. 의심되는 연락을 받을 경우 안산시 민원콜센터를 통해 사실 여부를 확인하고, 피해가 의심되면 경찰112나 보이스피싱 신고번호1394로 신고해야 한다고 안내했다.",https://www.newsclaim.co.kr/news/articleView.html?idxno=3060334,0,,0
"[안산 24시] 안산시, 공무원 사칭 '노쇼 사기' 확산…각별한 주의 요망","이어 ""의심되는 연락을 받을 경우 안산시 민원콜센터를 통해 사실 여부를 반드시 확인하고, 피해가 의심되면 즉시 경찰이나 보이스피싱 신고번호로 신고해 달라""고 당부했다. ◇안산시, 민간안전점검단 설명회 개최…77개...",https://www.sisajournal.com/news/articleView.html?idxno=369040,0,,0
"[법률칼럼] 보이스피싱 가담 혐의 40대 불기소 '코인 대행 위장, 고의성...","보이스피싱 피해금을 가상자산으로 환전해 전달한 혐의로 수사를 받던 40대 남성이 검찰에서 불기소 처분을 받으며, 보이스피싱 사건에서 '고의성' 판단의 중요성이 다시 주목받고 있다. 법조계에 따르면 대전지방검찰청은...",https://www.ksilbo.co.kr/news/articleView.html?idxno=1053706,3,,1
"소진공, 피싱범죄 선제 대응… 주요유형 전국 78곳서 교육",소진공은 경찰청이 제공한 최신 보이스피싱 유형과 피해 사례를 토대로 ‘소상공인이 조심해야 할 주요 피싱 범죄 유형’을 정리해 전국 78개 지역센터를 통해 교육과 안내를 실시할 계획이다. 또 ‘소상공인 경영안정...,https://www.munhwa.com/article/11581330?ref=naver,0,,0
[변호사 칼럼] 쇼핑몰 사기 확산… 형사 사건으로 이어지는 피해 구조 ...,"특히 수사 과정에서 자금을 전달하거나 계좌를 제공한 정황이 확인될 경우, 단순 피해자가 아닌 공범으로 의심받을 수 있으며, 보이스피싱 등 금융사기 사건과 같은 방식으로 해석되어 수사가 진행되는 경우도 적지 않다....",https://idsn.co.kr/news/view/1065581001359492,1,,0
"소진공, 추경 앞두고 소상공인 대상 피싱 예방 대응 강화",이에 따라 경찰청으로부터 제공받은 최신 보이스피싱 유형과 실제 피해 사례를 토대로 '소상공인이 조심해야 할 주요 피싱범죄 유형'을 마련해 전국 78개 지역센터에서 안내와 교육에 활용할 계획이다. 주요 유형은 예약...,http://www.smedaily.co.kr/news/articleView.html?idxno=355454,0,,0
"케이뱅크, 19일 서비스 일시 중단⋯ 시스템 업데이트 진행","단 교통카드 기능 이용과 체크카드 분실신고, 보이스피싱 피해 신고는 고객센터를 통해 중단없이 이용할 수 있다. 케이뱅크는 고객이 꾸준히 늘어나는 상황에서 안정적인 서비스를 위해 시스템 업데이트를 결정했으며...",https://www.viva100.com/article/20260410500259,0,,0
"소상공인 노린 정책자금 피싱 주의…소진공, 피해 선제 차단 나서","소진공은 경찰청과의 업무협약 후속 조치로 최신 보이스피싱 유형과 피해 사례를 반영한 주요 사기 유형을 마련하고, 전국 78개 지역센터를 통해 교육과 안내에 활용할 계획이다. 주요 유형은 예약·주문 사기, 공공기관...",http://www.sisacast.kr/news/articleView.html?idxno=94896,0,,0
"케이뱅크, 19일 새벽 서비스 일시 중단…“시스템 업데이트”","단, 교통카드 기능 이용과 체크카드 분실신고, 보이스피싱 피해 신고는 고객센터를 통해 중단없이 이용할 수 있다. 케이뱅크는 고객이 지속 늘어나는 상황에서 안정적인 서비스를 위해 시스템 업데이트를 결정했으며...",https://www.ddaily.co.kr/page/view/2026041011181757236,0,,0
"""케이뱅크 잠시 멈춰요""…19일 오전 시스템 업데이트로 서비스 중단","교통카드 기능 이용과 체크카드 분실신고, 보이스피싱 피해 신고는 고객센터를 통해 중단없이 이용할 수 있다. 케이뱅크 관계자는 ""고객이 꾸준히 늘어나는 상황에서 안정적인 서비스를 위해 시스템 업데이트를...",https://www.news1.kr/finance/general-finance/6132078,0,,0
"케이뱅크, 오는 19일 금융거래 일시 중단","단, 교통카드 기능과 체크카드 분실신고, 그리고 보이스피싱 피해 신고는 고객센터를 통해 이용 가능하다. 케이뱅크는 ""안정적인 서비스를 위해 시스템 업데이트를 결정했다""며 ""고객 불편을 최소화하기 위해 주말...",https://weekly.hankooki.com/news/articleView.html?idxno=7159315,1,,0
"케이뱅크, 19일 자정부터 10시간 서비스 일시 중단","교통카드 기능 이용과 체크카드 분실신고·보이스피싱 피해 신고는 고객센터를 통해 정상 이용할 수 있다. 케이뱅크 관계자는 ""대출 상환·부동산 거래대금·가상자산 거래 등 중요한 자금 운용은 서비스 중단 시간을...",https://www.joongangenews.com/news/articleView.html?idxno=510645,4,,1
"안산시, '노쇼 사기' 사례 잇따라 발생…시민들 각별한 주의 당부","사기’ 피해가 관내에서 잇따라 발생하고 있다며 시민들의 각별한 주의를 당부했다. 10일 시에 따르면 최근... 반드시 확인하고, 의심 사례는 즉시 경찰(112)이나 보이스피싱 신고번호(1394)로 신고해 달라”고 당부했다. 안산=",https://www.viva100.com/article/20260410500222,0,,0
"케이뱅크, 19일 새벽 서비스 중단…시스템 업데이트","교통카드 기능 이용과 체크카드 분실신고, 보이스피싱 피해 접수 등 사고 신고 업무는 고객센터를 통해 중단 없이 이용 가능하다. 이번 업데이트는 이용자 증가에 따른 시스템 안정성을 확보하기 위한 조치다. 케이뱅크는...",https://www.pointdaily.co.kr/news/articleView.html?idxno=300637,0,,0
"케이뱅크, 19일 서비스 일시 중단...시스템 업데이트 작업","다만 교통카드 기능과 체크카드 분실신고, 보이스피싱 피해 신고는 고객센터를 통해 정상 이용할 수 있다. 케이뱅크는 고객 증가에 따른 서비스 안정성 강화를 위해 이번 시스템 업데이트를 진행한다고 설명했다. 작업은...",https://www.digitaltoday.co.kr/news/articleView.html?idxno=655663,0,,0
보이스피싱 피해자 30% ‘고령층’…전용 무료 보험까지 등장,"[앵커] 전화금융사기, 보이스피싱의 주요 표적은 60대 이상 고령층에 집중돼 있는데요. 상황이 이렇자 최근 은행권에선 피해 구제를 위해 무료 보험 상품까지 내놨습니다. 임서영 기자가 보도합니다. [리포트] 강원도...",https://news.kbs.co.kr/news/pc/view/view.do?ncd=8532369&ref=A,4,,1
"소진공, 추경 앞두고 소상공인 피싱범죄 피해 예방 총력",우선 소진공은 경찰청으로부터 제공받은 최신 보이스피싱 유형과 실제 피해 사례를 종합해 '소상공인이 조심해야 할 주요 피싱범죄 유형'을 마련한다. 전국 78개 지역센터를 통해 의심 사례 안내 및 교육에 활용할...,https://www.mt.co.kr/economy/2026/04/10/2026041009110573408,0,,0
"[은행업계 소식] NH농협은행, 케이뱅크","및 고객센터를 통한 업무처리 ▲타 금융기관을 이용한 케이뱅크 계좌 거래 및 조회 등이다. 다만 교통카드 기능 이용과 체크카드 분실신고, 보이스피싱 피해 신고는 고객센터를 통해 중단없이 이용할 수 있다.",https://www.financialpost.co.kr/news/articleView.html?idxno=255028,4,,1
추경 앞두고 '피싱 주의보'…경찰과 대응 강화,"정부 지원금을 사칭한 보이스피싱이 늘어날 것으로 예상되면서 소상공인시장진흥공단은 경찰과 함께... 정책자금과 지원사업과 관련한 의심스러운 연락을 받을 경우 반드시 공식 사이트에서 확인하고, 피해가...",https://news.sbs.co.kr/news/endPage.do?news_id=N1008512954&plink=ORI&cooper=NAVER,0,,0
"케이뱅크, 19일 새벽 서비스 일시 중단…시스템 업데이트 진행","다만 교통카드 기능 이용과 체크카드 분실 신고, 보이스피싱 피해 신고는 고객센터를 통해 정상적으로 이용할 수 있다. 케이뱅크는 고객 증가에 따른 안정적인 서비스 제공을 위해 이번 시스템 업데이트를 결정했으며...",https://www.delighti.co.kr/news/articleView.html?idxno=114992,0,,0
"케이뱅크, 19일 새벽 서비스 일시 중단…“더 나은 서비스 위해 시스템...","단 교통카드 기능 이용과 체크카드 분실신고, 보이스피싱 피해 신고는 고객센터를 통해 중단없이 이용할 수 있다. 케이뱅크는 고객이 꾸준히 늘어나는 상황에서 안정적인 서비스를 위해 시스템 업데이트를 결정했으며...",http://www.joseilbo.com/news/news_read.php?uid=566318&class=18&grp=,0,,0
"케이뱅크, 19일 시스템 업데이트...10시간 금융거래 일시 중단","다만 교통카드 기능 이용과 체크카드 분실신고, 보이스피싱 피해 신고는 고객센터를 통해 중단 없이 이용할 수 있다. 케이뱅크는 고객 수 증가에 따른 안정적인 서비스 제공을 위해 이번 시스템 업데이트를 결정했으며...",https://www.businessplus.kr/news/articleView.html?idxno=110452,1,,0
"케이뱅크, 19일 새벽 10시간 서비스 중단…시스템 고도화 작업","다만 교통카드 기능과 체크카드 분실 신고, 보이스피싱 피해 접수는 고객센터를 통해 정상 이용할 수 있다. 케이뱅크 관계자는 ""고객 증가에 따른 거래량 확대에 대응하고 서비스 안정성을 높이기 위해 이번 업데이트를...",https://www.seoultimes.news/news/article.html?no=2000095031,0,,0
"""일요일 오전 시스템 업데이트""…케이뱅크, 19일 서비스 일시 중단","단, 교통카드 기능 이용과 체크카드 분실신고, 보이스피싱 피해 신고는 고객센터를 통해 중단없이 이용할 수 있습니다. 케이뱅크는 고객이 꾸준히 늘어나는 상황에서 안정적인 서비스를 위해 시스템 업데이트를...",https://biz.sbs.co.kr/article_hub/20000303446?division=NAVER,0,,0
"안산시, 공무원 사칭 금전 요구 '노쇼 사기' 잇따라…""주의 당부""","이어 “의심되는 연락을 받을 경우 안산시 민원콜센터를 통해 사실 여부를 확인하고, 피해가 의심되면 즉시 경찰이나 보이스피싱 신고번호로 신고해 달라”고 당부했다.",https://www.pressian.com/pages/articles/2026041010150939097?utm_source=naver&utm_medium=search,0,,0
"케이뱅크, 19일 새벽 서비스 일시 중단…""금융거래 미리 확인하세요""","다만 고객 불편을 최소화하기 위해 교통카드 기능과 고객센터를 통한 체크카드 분실신고, 보이스피싱 피해 신고 등 사고 예방 업무는 중단 없이 정상 운영된다. 케이뱅크는 지난달부터 앱 내 공지와 이메일, 알림톡 등을...",https://www.thefairnews.co.kr/news/articleView.html?idxno=74011,1,,0
"케이뱅크, 시스템 업데이트 진행...오는 19일 서비스 중단","또는 카드 결제 알림 서비스 ▲타 금융기관을 이용한 케이뱅크 계좌 거래 및 조회 등이다. 단, 교통카드 기능 이용과 체크카드 분실신고, 보이스피싱 피해 신고는 고객센터를 통해 중단없이 이용할 수 있다.",http://www.issuenbiz.com/news/articleView.html?idxno=75449,1,,0
"케이뱅크, 19일 새벽 서비스 일시 중단…업데이트 진행","단 교통카드 기능 이용과 체크카드 분실신고, 보이스피싱 피해 신고는 고객센터를 통해 중단없이 이용할 수 있다. 케이뱅크는 고객이 꾸준히 늘어나는 상황에서 안정적인 서비스를 위해 시스템 업데이트를 결정했으며...",https://www.ceoscoredaily.com/page/view/2026041010005771815,0,,0
"소진공, 추경 앞두고 소상공인 피싱범죄 예방 강화",소진공은 경찰청으로부터 받은 최신 보이스피싱 유형과 실제 피해 사례를 바탕으로 ‘소상공인이 조심해야 할 주요 피싱범죄 유형’을 마련했다. 이를 전국 78개 지역센터를 통해 의심 사례 안내와 교육에 활용할...,https://www.etoday.co.kr/news/view/2574590,0,,0
추경 노린 '피싱' 조심하세요…'이것' 확인해두고 피해 예방해야,소진공은 경찰청으로부터 제공받은 최신 보이스피싱 수법과 피해 사례를 바탕으로 '소상공인이 조심해야 할 주요 피싱범죄 유형'을 마련했다. 해당 내용은 전국 78개 지역센터를 통해 의심 사례 안내·교육 자료 등으로...,https://www.wikitree.co.kr/articles/1130735,0,,0
"""추경 미끼로 보이스 피싱 나올라""…'이것' 속지 마세요","소진공은 경찰청으로부터 제공받은 최신 보이스피싱 유형과 실제 피해 사례를 종합해 '소상공인이 조심해야 할 주요 피싱범죄 유형'을 마련하고, 전국 78개 지역센터를 통해 의심 사례 안내 및 교육에 활용할 계획이다....",https://www.widedaily.com/news/articleView.html?idxno=292010,0,,0
"""지원금 사칭 피싱 주의보""…소진공, 300만 소상공인 긴급 안내",피싱범죄 확산에 대응해 예방 조치를 강화하고 나섰다. 추가경정예산 편성을 앞두고 지원금 관련 사기 피해... 우선 경찰청으로부터 제공받은 최신 보이스피싱 유형과 실제 사례를 바탕으로 '소상공인이 주의해야 할...,https://www.m-i.kr/news/articleView.html?idxno=1363243,0,,0
"'추경 피싱 주의' 소진공, 300만 소상공인 보호 나서","소진공은 경찰청으로부터 제공받은 최신 보이스피싱 수법과 피해 사례를 바탕으로 '소상공인이 조심해야 할 주요 피싱범죄 유형'을 마련했다. 주요 유형은 예약·주문 사기, 공공기관 사칭, 거래처 변경, 긴급 요청·점검...",http://www.fnnews.com/news/202604100928364805,0,,0
[중기 뉴스픽] 소진공·기보·한유원·홈앤쇼핑·이노비즈,"소진공은 경찰청이 제공한 최신 보이스피싱 유형과 피해 사례를 종합해 예약·주문 사기와 공공기관 사칭 등 '소상공인이 조심해야 할 주요 피싱범죄 유형'을 취합하고, 전국 78개 지역센터를 통해 의심 사례 안내...",https://www.ajunews.com/view/20260410081349134,0,,0
"달콤한 양배추, 든든한 상생… NH농협은행 광장지점, 제주 양배추 홍보",행사 당일엔 고령층 고객 대상으로 전화금융사기 피해 예방 안내와 함께 '보이스피싱 보상 보험' 무료 가입 지원도 진행됐다. NH농협은행은 포용금융 실천을 위해 만 60세 이상 고객들에게 무료로 보험 상품을 제공하고...,https://www.aflnews.co.kr/news/articleView.html?idxno=318421,4,,1
"소진공, 추경 앞두고 소상공인 피싱범죄 피해 예방 총력 대응",소진공은 경찰청으로부터 제공 받은 최신 보이스피싱 유형과 실제 피해 사례를 종합해 '소상공인이 조심해야 할 주요 피싱범죄 유형'을 마련하고 전국 78개 지역센터를 통해 의심 사례 안내 및 교육에 활용할 계획이다....,https://news.mtn.co.kr/news-detail/2026041008460384210,0,,0
"정책자금 사칭 피싱 기승 우려…소진공, 선제 차단 나서",경찰이 제공한 최신 보이스피싱 유형과 피해 사례를 토대로 '소상공인이 조심해야 할 주요 피싱 범죄 유형'을 정리해 전국 78개 지역센터를 통해 교육과 안내를 실시할 계획이다. 아울러 '소상공인 경영안정 바우처' 등...,http://www.issuenbiz.com/news/articleView.html?idxno=75434,0,,0
"""추경 앞두고 피싱 주의하세요""…소진공, 300만 소상공인 보호 나서","소진공은 경찰청으로부터 제공받은 최신 보이스피싱 수법과 피해 사례를 바탕으로 '소상공인이 조심해야 할 주요 피싱범죄 유형'을 마련했다. 주요 유형은 예약·주문 사기, 공공기관 사칭, 거래처 변경, 긴급 요청·점검...",https://www.news1.kr/industry/sb-founded/6131759,0,,0
"소진공, 추경 앞두고 소상공인 피싱 범죄 예방 강화",소진공은 경찰청이 제공한 최신 보이스피싱 유형과 피해 사례를 토대로 '소상공인이 조심해야 할 주요 피싱 범죄 유형'을 정리해 전국 78개 지역센터를 통해 교육과 안내를 실시할 계획이다. 또 '소상공인 경영안정 바우처...,https://www.yna.co.kr/view/AKR20260410027200030?input=1195m,0,,0
[다음주 한국은행 및 금융위·금감원 일정],금융위 의결(배포시) *4월16일(목) ※2026년 3월 외국인 증권투자 동향(석간) ※최근 민원사례로 알아보는 '종신보험 가입시' 유의사항(조간) *4월17일(금) ※'26.2월말 국내은행의 원화대출 연체율 현황(잠정)(석간),https://news.einfomax.co.kr/news/articleView.html?idxno=4408981,27,,1
"[핀포인트] [전북은행] 박춘원號, 가계 의존 낮추고 기업금융 확대 '과제...","한국은행이 지난해 9월 발간한 '금융안정 상황' 보고서에 따르면, 지방은행 전체 연체율은 지난해 6월 말 1.04%를 기록하며 2012년 이후 처음으로 1% 선을 넘어섰다. 전북은행 역시 2024년 1.09%였던 명목 연체율이 지난해 말...",https://news.dealsitetv.com/articles/168372,13,,1
다음주 금융당국 일정,‘종신보험 가입시’ 유의사항(12:00) -생산적금융 대전환 제5차 회의 개최(14:00) △17일(금) -‘26.2월말 국내은행의 원화대출 연체율 현황(잠정)(06:00) -국제자금세탁방지기구(FATF) 장관 공동선언문 채택(20일 석간),http://www.edaily.co.kr/news/newspath.asp?newsid=01794166645415136,10,,1
"상위 저축은행 20곳, 건전성 청신호…작년 연체율 5%대로 하락",평균 연체율은 부동산 프로젝트파이낸싱(PF) 부실채권 정리 등 영향으로 약 2%포인트(p) 하락하며 5%대에... 10일 저축은행 업계에 따르면 총자산 기준 상위 20개 저축은행의 작년 말 평균 연체율은 5.46%로 전년 말(7....,https://www.econovill.com/news/articleView.html?idxno=736914,30,,1
"김제 광활농협, 내실 경영으로 모범 강소농협 ‘발돋움’","특히 2025년 연체율 0%를 기록하며 뛰어난 재무건전성을 입증했는데, 이는 전국 1110개 농축협 가운데 7곳만 달성한 성과다. 가장 돋보이는 성과는 창립 이래 처음으로 농협중앙회 ‘종합업적평가’에서 전국 1위(최우수상)...",https://www.nongmin.com/article/20260410500302,2,,1
"""진입은 쉽고 퇴출은 어려운 자영업 시장""…버티거나 접거나 둘 다 '빚'",아울러 시장금리 상승으로 대출 원리금 상환 부담이 높아지면서 연체율도 높아져 결국 금융기관 자산건전성 악화를 야기할 수 있다는 우려가 나온다. 10일 국회 정무위원회 소속 김상훈 국민의힘 의원이...,https://www.thepublic.kr/news/articleView.html?idxno=300697,2,,1
"삼성카드, 1분기 순익 성장 전망…'신판확대·건전성' 버팀목","한국투자증권은 삼성카드의 올해 연체율과 고정이하여신비율을 각각 1.14%, 0.94% 수준으로 예상했다. 지난해 기준 연체율 1.02%, 고정이하여신비율 0.74%를 기록하며 업계 내에서도 양호한 수준을 유지한 점이 반영된 것으로...",https://www.1conomynews.co.kr/news/articleView.html?idxno=47996,2,,1
저축은행 실적 반등 성공…대형사 쏠림 양극화 심화,지난해 말 기준 상위 20개 저축은행의 평균 연체율은 5.46%로 전년 말(7.83%) 대비 2.37%포인트(p) 하락했다.... 반면 한국투자저축은행은 연체율이 8.59%로 전년 대비 0.46%p 상승해 유일하게 악화됐다. 업권 내 양극화는...,https://www.pointdaily.co.kr/news/articleView.html?idxno=300655,12,,1
"대부분 저축은행 회복세인데, 한국투자-애큐온만은 뒷걸음질....이유는...","그 부실 마저 많이 줄여 작년 말 기준 부동산PF 대출은 연체율이 2.28%에 불과했고, 건설업대출과 부동산업대출 연체율도 각각 6.98%, 13.78%에 그쳤다. 다른 저축은행들에 비해 상대적으로 낮은 수준이다. 그런데도 다른...",https://thetracker.co.kr/View.aspx?No=4037550,23,,1
"웰컴저축은행, 연체 없는 정상여신비율 51.7% 불과한 이유는?",이 가운데 2906억원인 부동산PF대출의 연체율은 1.26%에 불과하다. 당국의 압박으로 부동산PF 부실여신을 매각 등의 방법으로 많이 처분한 영향으로 보인다. 하지만 3025억원에 달하는 부동산업대출의 연체율은 아직 39....,http://www.newsfc.co.kr/news/articleView.html?idxno=78014,23,,1
"KB·신한·하나·우리, 소상공인 대출심사에 '미래 성장성' 반영한다",개인사업자 대출의 약 90%가 담보·보증 대출로 이뤄지는 상황에서 자영업자 연체율은 2022년 0.69%에서 2025년 1.76%로 3년 새 두 배 이상 뛰었다. 금융위원회는 기존 신용평가가 대표자 개인의 금융 이력 위주로...,https://www.greened.kr/news/articleView.html?idxno=339144,18,,1
"OK캐피탈, PF 부실 정리 속도전…새 먹거리는 '투자·기업금융'",같은 기간 연체율 역시 13.2%에서 10.2%로 3.%p 낮아졌다. 여전히 절대수치는 높지만 급격한 유동성 경색의 여파로 건전성 악화가 최고조로 치달았던 2023년과 비교하면 정상화 단계에 진입한 것으로 평가된다. 이는 손실...,https://www.bloter.net/news/articleView.html?idxno=659177,19,,1
'은행 막히자 카드론' 43조 육박…취약 차주 연체 리스크 확대,"지난 1월 국내 일반은행의 신용카드 대출 연체율은 4.1%로 지난해 말(3.2%)보다 0.9%포인트 상승했다. 지난 2005년 5월 카드사태 당시 5.0% 이후 최고 수준이다. 일반은행의 신용카드 대출 연체율에는 카드론, 현금서비스...",http://www.opinionnews.co.kr/news/articleView.html?idxno=136593,13,,1
[뉴스락 특별기획] '2026 뉴:홈' 흔들리면 PF 폭탄 또 터진다,"최근 PF 연체율이 3%대로 낮아지며 안정세를 보이고 있다는 평가도 있지만, 시장에서는 이를 '이연된 리스크... 금융권에 따르면 PF 연체율은 1년 만에 3%대로 낮아졌다. 그러나 시장에서는 이를 '착시'에 가깝다고 본다. 만기...",http://www.newslock.co.kr/news/articleView.html?idxno=128293,9,,1
"보은옥천영동축협, 상호금융 대상 수상","특히 연도말 연체율이 0.38% 수준으로 안정적으로 관리되며 2년연속 농협인증 클린뱅크 '금' 등급 달성에 이은 수상으로 지역대표 상호금융기관으로 입지를 굳혔다. 구희선 조합장은 수상 소감에서 ""최근 상호금융의...",https://www.chukkyung.co.kr/news/articleView.html?idxno=80517,9,,1
"[데스크칼럼] 연장된 금리 동결 시간, 더 무거워진 차기 총재의 책임","연체율 상승과 은행권 건전성 악화로 이어질 가능성도 배제하기 어렵다. 이 때문에 금리만으로 경제를 조절하는 접근에는 한계가 있다. 특정 취약 부문을 겨냥한 선별적 긴축, 금융 규제와 거시건전성 정책의 병행이...",https://www.news2day.co.kr/article/20260410500112,11,,1
"[더벨][저축은행경영분석] JT·JT친애저축, 자산 재편 성과로 나란히 흑...",올해 JT저축은행은 연체율 개선과 투자 자산 성장에 역량을 집중할 계획이다. JT친애저축은행은 우량 차주... 지난해 말 기준 JT저축은행의 연체율은 5.25%로 전년 대비 2.98%포인트 개선됐다. NPL비율은 2.66%포인트 하락한...,https://www.thebell.co.kr/free/content/ArticleView.asp?key=202604082204405920104614,15,,1
"IBK저축은행, 3년 연속 적자에 NPL 10% 육박…국책은행 '밑 빠진 독'","연체율은 6.52%로 업계 평균(6.62%) 수준이다. ◆이사회, 출자안 '보류' 후 한 달도 안돼 재추진 주목되는 것은 기업은행 이사회의 행보다. 사업보고서에 공시된 이사회 의결 현황에 따르면, 기업은행 이사회는 2025년...",http://www.srtimes.kr/news/articleView.html?idxno=200724,15,,1
대출 아닌 결제로 재기 지원…상생보폭 넓히는 카드업계,"카드론과 현금서비스, 리볼빙 등 대출성 기능은 제한되고 사업 운영에 필요한 지출 중심으로 사용이... 올해 2분기부터 시행되는 재기 지원 후불교통카드는 채무조정 중이라도 현재 연체가 없으면 체크카드에 후불교통...",http://www.hansbiz.co.kr/news/articleView.html?idxno=831698,2,,1
"주담대 잡았지만, 집값은 아직…한은 ""비규제지역 불안 여전""","이재명 정부의 연이은 대출 규제와 거시건전성 정책 영향으로 주택담보대출 증가세가 눈에 띄게 둔화됐다.... 금융위 관계자는 ""이는 농협, 새마을금고 등 상호금융권의 신규 대출취급 중단 조치 전 승인된 집단대출...",https://www.financialpost.co.kr/news/articleView.html?idxno=255088,23,,1
가계대출 증가 진원지 지목되자…상호금융 ‘대출 셧다운’ 확산,농협·신협 이어 새마을금고까지 동참 가계대출 조이기 본격화…우량 차주 중심 재편 상호금융권 전반에서... 한 금융권 관계자는 취재진에 “대출 총량이 줄어드는 상황에서는 금융기관 입장에서 건전성 관리가 우선될...,https://www.tfmedia.co.kr/news/article.html?no=203589,16,,1
관심 뜸해지자 또 이자놀이. 신한.우리 등 4대금융지주 1분기 역대급 순...,"신한은행은 정책 서민금융 제외 가계 예대금리차가 올 1월 1.57%P, 2월 1.60%P로 작년 2월 이후 연간 최고치를 기록했다. 우리은행 대출금리는 2025년 12월 4.15%에서 올 1월 4.25%, 2월 4.24%로 높아진 반면, 예금 금리는...",https://www.autodaily.co.kr/news/articleView.html?idxno=543161,15,,1
[4대 금융 1Q 프리뷰②] '진옥동 2기' 시동···非은행 계열사 경쟁력 ...,"백두산 한국투자증권 연구원은 ""시장금리 상승에 따른 대출금리 리프라이싱으로 예대금리차가 상승하는 추세다. 1분기 은행 NIM은 전기 대비 2bp 상승할 것""이라며 ""원화대출금도 증가할 것으로 보이는데, 가계대출...",https://www.seoulfn.com/news/articleView.html?idxno=626130,11,,1
은행 막히자 몰린 상호금융…그 문까지 닫히는 가계대출 시장,"은행 문턱은 높아진 상황에서 상호금융은 대출 접수 자체를 줄이는 등 가계부채 관리 강도가 나날이... 다주택자 대출 규제, 대출규제 위반 점검, 추가 DSR 적용 확대 같은 과제가 이어지는 상황에서 상호금융만 느슨하게 둘...",https://www.ebn.co.kr/news/articleView.html?idxno=1705053,16,,1
대출 차단에 월세 직행 … 연 1200만원 가계 부담 현실화,"10일 금융권에 따르면 금융당국은 전세대출에 대한 DSR 적용 확대와 소액대출 관리 강화, 주담대 위험가중치 상향 등 추가 규제를 검토 중이다. 앞서 4월 1일 가계부채 증가율을 1.5% 이내로 제한하고, 다주택자 대출...",https://biz.newdaily.co.kr/site/data/html/2026/04/10/2026041000094.html,9,,1
"""금리 결정 후회 없다""…퇴임 앞둔 이창용 한은총재, 인플레 대응부터 ...","금리 조기 인하에 실기했다는 말도 많았고, 지나서는 너무 금리를 안 올려서 환율이 올랐다고도 하니 그냥 잘했다고 생각하고 있다"" 오는 20일 퇴임을 앞둔 이창용 한국은행 총재는 10일 마지막 금융통화위원회...",https://www.econovill.com/news/articleView.html?idxno=736926,18,,1
이창용 “물가 상당폭 높아질 것”…마지막까지 부동산 강조,"[이창용/한국은행 총재 : ""현재의 기준금리 수준을 유지하면서 사태의 추이와 파급 영향을 좀 더 점검해 나가는 것이 적절하다고 판단하였습니다.""] 물가 상승률은 2%대 중후반으로 당초 전망보다 높아지고, 경제 성장률은...",https://news.kbs.co.kr/news/pc/view/view.do?ncd=8533135&ref=A,12,,1
[천지일보 이슈종합] 26.2조 전쟁 추경·한은 7연속 기준금리 동결·일본...,중동전쟁 불확실성에 한국은행이 기준금리를 현재의 연 2.5% 수준으로 동결했다. 지난해 7월 10일 이후 7연속 기준금리 동결을 선택한 것이다. 이에 따라 다음달 28일까지 기준금리는 최소 10개월간 2.5% 수준으로 고정된다....,https://www.newscj.com/news/articleView.html?idxno=3392996,17,,1
"매경이 전하는 세상의 지식 (매-세-지, 4월 11일)","한국은행 금융통화위원회가 10일 통화정책방향회의를 열고 만장일치로 기준금리를 연 2.50%로 유지했습니다. 7회 연속 동결입니다. 중동 전쟁 여파로 환율, 물가, 성장이 모두 불안한 상황에 ‘동결 후 관망’ 외에는...",https://www.mk.co.kr/article/12013899,16,,1
"[다음주 환율전망] 환율, 1500원 재진입 시험대…변동성 장세 지속","다음주 원·달러 환율은 중동 지정학 리스크와 한국은행의 기준금리 동결 장기화 영향 속에 1450~1500원대 박스권에서 등락할 것으로 전망된다. 단기적으로는 유가와 달러 강세 흐름이 상방 압력으로 작용하는 가운데, 당국...",https://www.goodkyung.com/news/articleView.html?idxno=285712,16,,1
韓 성장 2% 밑돌고 물가 2% 중후반 예상…“S위험 배제 못해” [Pick코노...,이창용 한국은행 총재의 임기 만료 전 마지막 금융통화위원회에서 기준금리가 연 2.5%로 7회 연속 동결됐다. 중동 전쟁 확산 등 지정학적 리스크로 대외 불확실성이 커진 만큼 추가 판단을 유보하고 상황을 지켜보겠다는...,https://www.sedaily.com/article/20031200?ref=naver,13,,1
상장 리츠 시총 10조 돌파…도입 25년 만의 이정표,이창용 ‘마지막 금통위’…7연속 금리 동결 - 핵심 요약: 이창용 한국은행 총재의 재임 중 마지막 금융통화위원회에서 기준금리를 연 2.50%로 7회 연속 동결했다. 이란 전쟁으로 경제 불확실성이 커지는 가운데...,https://www.sedaily.com/article/20031199?ref=naver,13,,1
상장사 2554곳 전수조사…비업무용 부동산 107조 ‘사상 최대’,이창용 ‘마지막 금통위’…7연속 금리 동결 - 핵심 요약: 이창용 한국은행 총재의 재임 중 마지막 금융통화위원회에서 기준금리를 연 2.50%로 7회 연속 동결했다. 이란 전쟁으로 경제 불확실성이 커지는 가운데...,https://www.sedaily.com/article/20031198?ref=naver,13,,1
[오늘의 경제뉴스] 중동전에 물가·환율·성장 모두 불안…기준금리 7연...,(사진=연합뉴스/공동취재단) 한국은행 금융통화위원회(이하 금통위)가 10일 통화정책방향 회의에서 금통위원 7명 전원 일치 의견으로 기준금리를 동결(연 2.50%)했다. 작년 7월 이후 7연속 동결이다. 중동전 여파로 환율...,https://www.newsverse.kr/news/articleView.html?idxno=10104,16,,1
이창용 마지막 금통위… 금리 7연속 동결,고유가·고환율 부담에 2.5% 유지 여야 ’26조 전쟁 추경' 합의 처리 한국은행이 10일 금융통화위원회를 열고 만장일치로 기준금리를 연 2.5%로 동결했다. 한은은 지난해 5월 금리를 0.25%포인트 내린 후 11개월째 같은...,https://www.chosun.com/economy/economy_general/2026/04/11/LFXFQC5UH5EITFH72AVMNNKENU/?utm_source=naver&utm_medium=referral&utm_campaign=naver-news,21,,1
[사진] 이창용의 마지막 금통위,이창용 한국은행 총재(가운데)가 10일 한국은행 본관에서 임기 중 마지막 금융통화위원회를 주재하고 있다. 이날 금통위는 기준금리를 연 2.50%로 유지하기로 결정했다. 지난해 7·8·10·11월과 올해 1·2월에 이어 7회...,https://www.joongang.co.kr/article/25419296,13,,1
"물가 오르고 성장은 둔화…이창용, 7연속 ‘금리 동결’","━ 한은, 기준금리 연 2.50% 유지 이창용 한국은행 총재가 마지막까지 금리 멈춤 버튼을 누르고 4년 임기를 마무리했다. 취임 초 6%대 물가에 맞서 두 차례 빅스텝(0.50% 인상)으로 긴축을 이끌었던 그가, 임기 말에는 7차례...",https://www.joongang.co.kr/article/25419295,17,,1
"기준금리, 7회 연속 동결… 중동사태 불확실성에 ‘관망 모드’",한국은행 금융통화위원회(금통위)가 기준금리를 연 2.50%로 유지했다. 임기 만료를 앞둔 이창용 한은 총재는 마지막으로 주재하는 금통위에서 지난해 7월 이후 7연속 동결을 결정했다. 금통위는 10일 통화정책방향...,https://www.kmib.co.kr/article/view.asp?arcid=1775810101&code=11151300&cp=nv,18,,1
2%대 물가라는데 장바구니 왜 이러지…중동 전쟁이 ‘착시’ 더 키운다,"이 같은 이유로 한국은행은 10일 금융통화위원회를 열고 기준금리를 연 2.5%로 동결키로 했다. 11개월째 같은 수준으로, 금통위 기준으론 7연속 동결이다. 하지만 정부의 물가 통계는 여전히 2%대의 안정세를 유지하고...",https://www.joongang.co.kr/article/25419247,13,,1
4월 10일 모닝뉴스 헤드라인,"한국은행이 기준금리를 연 2.5%로 동결했습니다. 중동 전쟁으로 인한 불확실성이 커지면서, 현재 금리 수준을 유지하면서 상황을 지켜보겠다는 판단입니다. 14. 미국의 지난달 소비자 물가지수가 일년전에 비해 3.3...",https://www.radiokorea.com/news/article.php?uid=493144,12,,1
"기준금리 7연속 동결…이창용 ""환율, 트럼프가 안도와줘""","한국은행이 중동 전쟁 여파를 반영해 기준금리를 7회 연속 동결했습니다. 이창용 총재는 마지막 금통위를 주재하며, 고환율 상황 속 퇴임에 아쉬움을 나타내기도 했는데요. 김수빈 기자입니다. [기자] 기준금리가 큰 이변...",http://www.yonhapnewstv.co.kr/MYH202604102247575fI,15,,1
기준금리 2.5% 동결…“물가 상당 폭 높아질 것”,"중동 사태로 인해 우리 기준금리도 연 2.5%로 동결됐습니다. 한국은행 금융통화위원회는 중동 사태로 불확실성이 높은 만큼 기준금리 수준을 유지하면서, 사태 추이와 영향을 점검해 가기로 했다고 설명했습니다. 이창용...",https://news.kbs.co.kr/news/pc/view/view.do?ncd=8532864&ref=A,13,,1
"환율 못 잡고 떠나는 이창용 ""트럼프가 도와주지 않는다""","퇴임을 앞둔 이창용 한국은행 총재가 마지막 금융통화위원회에서 물가와 환율, 수도권 집값에 대한 경계 메시지를 거듭 내놨다. 한은 금융통화위원회는 10일 통화정책방향 회의를 열고 기준금리를 연 2.5%로 유지했다. 중동...",https://www.daejonilbo.com/news/articleView.html?idxno=2268331,21,,1
"""현시점 스태그플레이션 가능성 낮아…예측은 불가""","[이창용 / 한국은행 총재: 이란 사태가 안정되면, 그 이전에 환율이 굉장히 빠른 속도로 올라간 것에 비해서 이란 사태가 안정되면 그만큼 빠르게 내려올 가능성도 있다….] 한국은행 기준금리는 연 2.5%로 7연속...",https://www.obsnews.co.kr/news/articleView.html?idxno=1520586,15,,1
"3차 최고가 동결에도 기름값 또 올라…""올해 말까지 고유가""","▶ 인터뷰 : 이창용 / 한국은행 총재 - ""물가 상승률은 국제 유가 상승의 영향으로 상방압력이 크게 확대되겠지만…."" 한국은행이 기준금리를 연 2.5%로 동결했지만, 기름값이 석유화학제품은 물론 생필품 가격까지...",http://www.mbn.co.kr/pages/news/newsView.php?news_seq_no=5187399,12,,1
원달러 환율 1482.5원 보합…美·이란 협상 관망 속 기준금리 7회 연속 ...,"장 초반 1475.1원으로 하락 출발한 뒤 한국은행 기준금리 동결 영향으로 1474.5원까지 밀렸지만, 지정학적 불확실성이 부각되며 낙폭을 대부분 되돌렸다. 한국은행 금융통화위원회는 이날 기준금리를 연 2.50%로...",https://www.betanews.net/article/view/beta202604100073,17,,1
[종합] 중동發 '물가·성장' 딜레마에 갇힌 한은…금리동결 장기화 속 연...,한국은행이 중동 전쟁 발발 이후 첫 기준금리 결정 회의에서도 시장의 예상대로 기준금리를 연 2.50%로 묶고 7차례 연속 '관망 모드'를 이어갔다. 금리를 내리자니 안 그래도 불붙은 물가·환율과 부동산 시장에 기름을 붓는...,https://www.getnews.co.kr/news/articleView.html?idxno=867491,20,,1
"[이슈체크] 이창용 총재 마지막 금통위…""금리 결정 잘해왔다고 생각""","이창용 한국은행 총재의 소회였습니다. 어차피 이번 금리 동결은 예상됐지만 전쟁 국면 속에서 거세게... 이번 금통위는 이견없이 만장일치로 기준금리를 현행 수준인 연 2.50%로 동결하긴 했습니다만, 3개월 금리 전망인...",https://biz.sbs.co.kr/article_hub/20000303529?division=NAVER,12,,1
이창용 한은 총재 “최악 땐 스태그플레이션 가능성 배제 못해”,한국은행 금융통화위원회는 10일 통화정책방향 회의에서 기준금리를 연 2.50%로 동결했다. 이 총재는 회의 직후 기자간담회에서 “중동전쟁으로 물가의 상방압력과 성장의 하방압력이 동시에 증대되고 금융·외환시장...,https://www.sentv.co.kr/article/view/sentv202604100202,18,,1
"'K-점도표' 도입부터 '입시개혁'까지…이창용 4년, 한은의 틀을 깼다",같은 해 11월부터는 기준금리를 결정하는 금융통화위원들의 최종금리 전망을 알려주는 포워드 가이던스를 제시해 눈길을 끌었다. 이는 미 중앙은행인 연방준비제도(연준)가 석 달에 한 번 공개하는 점도표와 닮아 '한국식...,https://www.news1.kr/economy/financial-currency/6132735,18,,1
이창용 ‘마지막 금통위’…7연속 금리 동결,한국은행 총재가 10일 서울 중구 한은 본관에서 재임 중 마지막으로 열린 금융통화위원회 본회의를 주재하며 의사봉을 두드리고 있다. 이란 전쟁으로 경제 불확실성이 커지는 가운데 이날 한은 금통위는 기준금리를 연...,https://www.sedaily.com/article/20031126?ref=naver,18,,1
[서환-마감] 예측불허 중동 변수 속 보합,"한편, 한국은행 금융통화위원회는 금통위원 만장일치로 기준 금리를 2.50%로 동결했다. 한은은 통화정책방향 결정문에서 ""중동 전쟁으로 물가의 상방압력 및 성장의 하방압력이 함께 증대되고 금융·외환시장...",https://news.einfomax.co.kr/news/articleView.html?idxno=4408932,15,,1
"이창용 한은 총재 ""최악 시나리오 땐 스태그플레이션 가능성 배제 못해...","인더스트리뉴스 김은경 기자  이창용 한국은행 총재는 10일 ""최악의 시나리오로 간다면 스태그플레이션이 발생할 가능성을 부인하기 어렵다""고 밝혔다. 이 총재는 이날 금융통화위원회(금통위)를 주재하며 기준금리를 연...",https://www.industrynews.co.kr/news/articleView.html?idxno=79898,18,,1
한국은행 금리 2.5% 결정..7연속 동결,"한국은행 금융통화위원회가 이달 한국은행 기준금리를 현재의 2.50% 수준에서 유지하기로 했다. 이번 금리동결은 지난해 7월 10일 금통위 결정 이후 7번째 연속 동결이며, 기준금리 동결 결정에 대해서는 금융통화위원 7명...",https://news.cpbc.co.kr/article/1172047?division=NAVER,13,,1
휴전 지속 기대감…코스피 다시 5800선 탈환,환율은 어제보다 7원 내린 1475원으로 출발해 한국은행의 기준금리 유지 결정 이후 1474원까지 하락했는데요. 아직 남아 있는 협상 관련 불확실성에 하락폭을 줄이고 1483원대까지 오르기도 했습니다. 장중 대기...,https://biz.sbs.co.kr/article_hub/20000303623?division=NAVER,17,,1
"이창용 마지막 금통위도 동결…“중동 변수 커, 금리 유지”",한국은행 금융통화위원회가 중동 리스크로 물가·성장·환율 불확실성이 동시에 확대된 상황에서 기준금리를 7연속 동결했다. 이창용 총재의 임기 마지막 회의에서도 통화정책은 방향 전환보다 대외 변수 점검에 무게가...,https://www.dnews.co.kr/uhtml/view.jsp?idxno=202604101554157690810,16,,1
"한은, 기준금리 연 2.5% 7회 연속 동결",한국은행은 금융통화위원회 통화정책방향 결정회의를 열고 기준금리를 연 2.50%로 동결했습니다. 기준금리는 7번째 동결이 이어지면서 지난해 7월 10일 이후 다음 회의인 5월 28일 전까지 10개월 이상 2.50%로...,https://www.obsnews.co.kr/news/articleView.html?idxno=1520572,18,,1
"韓銀, 중동發 리스크에 '7연속' 동결…연내 인상할까?",사진=연합뉴스 한국금융경제신문=김선재 기자 | 시장의 예상대로 한국은행이 기준금리를 동결했다. 지난해 7월 이후 '7연속' 동결 결정이다. 이번에는 중동 전쟁으로 인한 고환율과 물가 불안이 발목을 잡았다. 일각에서는...,https://www.kfenews.co.kr/news/articleView.html?idxno=656754,16,,1
"한은, 7연속 기준금리 연 2.5% 동결","한국은행이 기준금리를 연 2.5%로 동결했다. 중동 전쟁으로 환율과 물가, 성장이 불안해진 영향 탓으로 풀이된다. 한국은행 금융통화위원회는 10일 오전 서울 중구 한국은행에서 통화정책방향 회의를 열어 기준금리를 현...",https://www.labortoday.co.kr/news/articleView.html?idxno=233738,21,,1
"증권가 ""신중함 보인 금통위, 연내금리 동결할 듯""","김태은 교보증권 선임연구원은 ""한국은행이 연내 기준금리 동결 기조를 유지할 가능성이 더 크다""며 ""중동 전쟁 장기화로 인플레이션 상방 압력이 지속될 경우 한국은행의 금리인상 가능성을 완전히 배제하기 어렵다고...",https://www.econovill.com/news/articleView.html?idxno=736902,12,,1
기준금리 7번 동결하고 떠나는 이창용,"5% 유지결정 스태그플레이션 우려는 일축 ""경직된 예산배분 재검토해야"" ""환율은 매듭 못지어 아쉬워"" 한국은행 금융통화위원회가 10일 통화정책방향회의를 열고 만장일치로 기준금리를 연 2.50%로 유지했다. 7회 연속...",https://www.mk.co.kr/article/12013924,16,,1
"한은, 7차례 연속 금리 '동결'…""방향 판단 어려워""",한국은행이 일곱번 연속으로 기준금리를 동결했습니다. 중동 전쟁이라는 초대형 변수로 물가와 성장 모두 불확실성이 커졌기 때문인데요. 올해 성장률 전망에도 적신호가 켜졌습니다. 김소현 기자입니다.[기사내용]오는...,https://news.mtn.co.kr/news-detail/2026041015573639460,17,,1
"퇴임 앞둔 이창용 “서학개미 발언 욕먹었지만, 그래도 얘기했을 것” ...","이창용 한국은행 총재가 4년의 임기를 마치기에 앞서 마지막 금융통화위원회를 10일 주재하며 기준금리를 동결했다. 러시아-우크라이나, 미국·이스라엘-이란 등 두번의 전쟁과 초유의 비상계엄을 거쳤던 이 총재는 그동안...",https://www.hani.co.kr/arti/society/society_general/1253679.html,13,,1
"한은, 기준금리 7연속 동결…""올해 성장률 2% 밑돌 것""",이창용 한국은행 총재의 마지막 금융통화위원회 통화정책방향 결정 회의에서다. 한은 금통위는 10일 통화정책방향 결정 회의에서 기준금리를 연 2.50%로 유지하기로 했다. 지난해 7월 이후 7회 연속 동결이다. 중동...,https://www.hankyung.com/article/2026041031181,18,,1
중동發 변수에 묶인 금리…'물가·성장 딜레마' 속 동결 장기화 무게,"한국은행 금융통화위원회가 만장일치로 기준금리(연 2.50%)를 동결한 가운데, 중동발(發) 유가 급등으로 물가와 성장 흐름이 엇갈리면서 당분간 '관망 기조'가 이어질 것이란 전망이 나온다. 유가 상승은 물가를 끌어올리는...",https://www.news1.kr/economy/trend/6132546,13,,1
"이창용 ""중동 전쟁 장기화 시 물가 압력 확산…정책 대응 필요""","이창용 한국은행 총재는 10일 ""중동 전쟁에 따른 공급 충격이 장기화하면서 물가 상승 압력이 확산하고 기대인플레이션이 불안정해질 경우 정책적 대응이 필요하다""고 밝혔다. 이 총재는 이날 금융통화위원회가 기준금리를...",https://www.fntoday.co.kr/news/articleView.html?idxno=382074,13,,1
"엠플러스운용 매각, 금융당국 문턱 넘었다…이달 딜 마무리[only 이데일...",다만 중동 전쟁 여파로 한국은행(한은)의 기준금리 인하 기대가 줄고 원자재 가격이 오르고 있어서 부동산 투자심리가 본격적으로 회복되기까지 시간이 걸릴 것으로 보인다. 글로벌 투자은행(IB)들은 한은의 금리 인상...,http://www.edaily.co.kr/news/newspath.asp?newsid=04444406645414808,18,,1
"기준금리 2.50% 동결, 7회 연속","10일 한국은행에 따르면 금통위 회의를 열고 기준금리를 2.50%로 동결했다. 지난해 5월 인하했던 이후 7회 연속 동결이 이어졌다. 하나증권은 이번 결정에 대해 ""예상대로 선제적 대응보다는 관망 기조를 시사했다""며 ""향후...",https://www.fetv.co.kr/news/article.html?no=216755,12,,1
美·이란 종전협상 앞두고 코스피 5800선 회복…기준금리는 7연속 동결,환율은 보합권에 머물렀고 한국은행은 기준금리를 동결하며 관망 기조를 이어갔다. 물가 상승 압력과 성장 둔화 우려가 동시에 커진 상황에서 금융시장과 통화정책 모두 '방향을 정하지 못한 채 버티는 구간'에...,https://www.polinews.co.kr/news/articleView.html?idxno=728130,18,,1
"[퇴근길머니] 휴전 안도감에 코스피 5,900선 '터치'…기준금리 7연속 동...","오늘 정오 기준 전국 주유소 평균 휘발유 가격은 1,987원대, 경유는 1,980원대로 모두 어제보다 올랐습니다. 또... 15일에는 신현송 한국은행 총재 후보자 인사청문회가 열립니다. 새 한은 수장이 금리와 물가, 환율 상황을...",http://www.yonhapnewstv.co.kr/MYH20260410172915miW,22,,1
환율·물가 압박에 또 '동결'…금리인하 사이클 '종료',뉴스토마토 = 윤금주 기자 | 한국은행이 7연속 기준금리 '동결'을 결정했습니다. 미국·이란 전쟁 장기화에 따른 고환율·고물가 등 영향이 컸습니다. 시장에서는 사실상 금리 인하 사이클이 종료됐다는 관측과 함께...,http://www.newstomato.com/ReadNews.aspx?no=1297491&inflow=N,15,,1
"미·이란 협상 앞두고 환율 1,482.5원 보합","이날 환율은 전날보다 7.4원 내린 1,475.1원으로 출발해 한국은행의 기준금리 동결 결정 이후 1,474.5원까지 떨어졌다. 그러나 오는 11일(현지시간) 파키스탄 이슬라마바드에서 열리는 미국과 이란의 첫 번째 종전...",https://news.tvchosun.com/site/data/html_dir/2026/04/10/2026041090217.html,15,,1
"한은, 기준금리 연 2.5% 동결…“중동 불확실성 지켜봐야”","한국은행이 기준금리를 연 2.5%로 동결했습니다. 중동 전쟁으로 인한 불확실성이 커지면서, 현재 금리 수준을 유지하면서 상황을 지켜보겠다는 판단입니다. 김진화기자의 보도입니다. [리포트] 한국은행 금융통화위원회가...",https://news.kbs.co.kr/news/pc/view/view.do?ncd=8532666&ref=A,18,,1
"[뉴스인사이드_뉴스톡톡] 한은, 기준금리 연 2.5% 7연속 동결","한은, 기준금리 연 2.5% 7연속 동결 한국은행이 기준금리를 연 2.5%로 유지했습니다. 이번 결정으로 금리는 일곱 차례 연속 동결됐습니다. 물가와 환율 불안, 대외 변수 등을 고려한 판단으로,한국과 미국의 금리 격차도 1.25...",https://www.newsinside.kr/news/articleView.html?idxno=4585315,20,,1
"한은, 기준금리 2.50% 동결…'이란전쟁' 발발에 7연속 관망","장민 한국금융연구원 선임연구위원은 ""하반기 중 금리를 한두 차례 올려 연말 기준금리가 3.00%에 이를 가능성도 충분하다""고 전망했다. 한편 신현송 한국은행 총재 후보자도 최근 ""중동 정세 급변으로 경제 전망의...",https://www.goodnews1.com/news/articleView.html?idxno=458667,18,,1
"코스피, 美·이란 종전 협상 앞두고 1.4% 상승…5858.87 마감","환율은 개장 직후 전날보다 7.4원 낮은 1475.1원에서 출발해 한국은행의 기준금리 동결 결정 이후 1474.5원까지 하락했지만, 미국·이란 협상 관련 불확실성이 다시 부각되며 낙폭을 줄였다. 이날 원/엔 재정환율은...",http://www.kdfnews.com/news/articleView.html?idxno=181704,17,,1
"[오늘Who] 한은 총재 이창용이 남긴 이란전쟁의 경제 타격 경계령, 금리...",한국은행 금통위는 이날 통화정책방향회의를 열고 기준금리를 연 2.50%로 유지하기로 결정했다. 2025년 7월부터 7번 연속 동결이다. 이란전쟁으로 물가안정과 금융시장 안정 사이 상충이 커진 어려운 상황에서 통화정책...,https://www.businesspost.co.kr/BP?command=article_view&num=435456,18,,1
중동 경계심에 국고채 금리 일제히 상승…3년물 연 3.360%(종합),이날 한국은행 금융통화위원회(금통위)는 기준금리를 연 2.50%로 유지하며 시장 예상 범위를 벗어나지 않았다. 전반적으로 매파적 톤을 감추고 신중하게 원론적인 메시지를 전달했다는 평가가 나왔다. 금통위는...,https://www.yna.co.kr/view/AKR20260410142951008?input=1195m,13,,1
'성장'보다 '물가' 무게 둔 금통위…연내 금리 인상될까,한국은행이 7회 연속 기준금리를 2.5%로 동결했지만 통화정책 기조는 이전보다 물가 대응 쪽으로 무게추가 이동했다는 평가가 나온다. 통화정책방향 결정문에서 지난 2월까지 유지되던 '성장세 회복 지원' 문구가 빠지고...,https://www.mt.co.kr/economy/2026/04/10/2026041015421313125,12,,1
"[채권마감] 전강후약, 원론적 금통위 vs 중동·미 CPI 우려",기록했다(금리 상승). 장초반 강세를 지키지 못하고 약세로 돌아선 것이다. 밤사이 이스라엘이 레바논과 휴전협상에 나설 것이라는 소식이 전해지면서 미국채가 강세를 보였다. 관심을 모았던 한국은행 4월...,https://www.etoday.co.kr/news/view/2574752,17,,1
[시황분석] 중동 협상 기대에 코스피 반등…반도체·정책 모멘텀에 투심...,한국은행 금융통화위원회는 기준금리를 연 2.50%로 동결했지만 26조2천억원 규모의 추가경정예산안에 여야가 합의하면서 내수 지원 기대가 부각됐습니다. 특히 고유가 피해지원금이 원안대로 유지되면서 관련 소비 회복...,https://news.ifm.kr/news/articleView.html?idxno=468732,15,,1
"이창용 ""중동 사태, 최대 변수…물가 오르고 성장 꺾인다""","3월 기준금리를 3.50~3.75%로 동결하기로 결정했다. 연준은 당시 ""중동지역의 상황전개가 미국 경제에 미치는 영향은 불확실하다""는 문구를 정책결정문에 새로 추가했다. 중동 사태를 핵심 변수로 본 점에서 한국은행의...",http://www.newsprime.co.kr/news/article.html?no=729943,17,,1
"""중동발 물가·성장 불안""‥기준금리 7회 연속 동결",◀ 리포트 ▶ 한국은행 금융통화위원회가 기준금리를 연 2.50%로 유지하기로 했습니다. 지난해 5월 0.25%p 인하한 이후 7차례 연속 기준금리를 동결한 겁니다. 당분간 현재의 기준금리 수준을 유지하면서 추이를 지켜보기로...,https://imnews.imbc.com/replay/2026/nw1700/article/6814271_36981.html,13,,1
[퇴근길 7분 뉴스] 2년고용금지법·이창용·삼립·삼성전자·추론AI,"한편 이날 금통위에서 한국은행은 기준금리를 연 2.50%로 동결하면서, 7회 연속 금리 동결 기조를 이어갔다. ◇새마을금고도 문닫았다…비회원 주담대 중단 최근 가계대출 급증의 주원인으로 상호금융권이 지목되자...",https://news.dealsitetv.com/articles/168488,22,,1
'중동 변수'에 취약한 한국 경제…환율 상승폭 세계 4위,"10일 한국은행에 따르면 미국과 이스라엘의 대이란 공격이 발생하기 전인 2월 27일부터 3월 31일까지 39개국... 이처럼 고환율은 고물가를 초래하고, 이는 기준금리 인상으로 이어져 고금리 상황을 불러오면서 경제에...",https://www.bizhankook.com/bk/article/32024,15,,1
한은 기준금리 7연속 동결…증권가 ‘연내 인상 vs 동결’ 엇갈려,[사진=연합뉴스] [뉴스투데이=염보라 기자] 한국은행이 기준금리 동결을 결정한 가운데 시장의 관심은 이미 ‘연내 금리 경로’로 이동했다. 증권가에서는 인상과 동결 전망이 뚜렷하게 엇갈리며 통화정책 방향성에 대한...,https://www.news2day.co.kr/article/20260410500233,17,,1
"원·달러 환율, 종전 협상 앞두고 1482.5원 보합 마감","한국은행의 기준금리 동결 결정 이후 장중 1474.5원까지 내려갔지만, 이후 종전 협상을 둘러싼 불확실성이 부각되면서 낙폭을 대부분 반납했다. 미국과 이란은 11일(현지시간) 파키스탄 이슬라마바드에서 첫 종전...",https://www.g-enews.com/view.php?ud=202604101633006034bb91c46fcd_1,16,,1
미·이란 협상 앞두고…환율 1482.5원 보합 마감,"환율은 전날보다 7.4원 내린 1,475.1원으로 출발해 한국은행의 기준금리 동결 결정 이후 1,474.5원까지 하락했으나 이후 협상 관련 불확실성이 부각되며 하락폭을 줄였다. 미국과 이란은 오는 11일(현지시간) 파키스탄...",https://www.slist.kr/news/articleView.html?idxno=730835,15,,1
[증시 인사이트] 국내증시 동반 상승…외국인·기관 코스피 순매수,"- 국내증시 동반 상승…외국인·기관 코스피 순매수 - 한국은행, 기준금리 연 2.5%로 유지…""7연속"" - 이창용 ""중동 전쟁으로 韓경제에 공급충격 우려"" - 이창용 ""중동 전쟁 전개에 따라 스태그 우려도"" - 이창용 ""중동...",https://biz.sbs.co.kr/article_hub/20000303571?division=NAVER,14,,1
기준금리 동결에 지방 사업장 긴장…충청권 개발 회복 더뎌,유동성 부족·초기 분양 부진 속 자금 회전 부담 가중 [충청투데이 함성곤 기자] 한국은행이 기준금리를 다시 동결하면서 충청권 부동산 시장도 숨 고르기를 더 길게 이어가게 됐다.금리 인하 기대가 뒤로 밀린 데다 대출...,https://www.cctoday.co.kr/news/articleView.html?idxno=2228430,16,,1
"한국은행, 기준금리 2.5% 유지 결정…'금융시장 변동성 확대'에 대응","한국은행(총재 이창용)이 기준금리를 7번 연속 동결하며 2.50%로 유지해 중동전쟁에 따른 환율·물가 불확실성 확대 속에서 통화정책 신중 기조를 이어갔다. 금융통화위원회는 ""중동전쟁으로 물가의 상방압력 및 성장의...",http://www.thevaluenews.co.kr/news/view.php?idx=198036,16,,1
"이창용 ""중동 변수에 물가·성장 흔들려…스태그플레이션 가능성도""",[사진: 연합뉴스]  한국은행이 기준금리를 연 2.50%로 동결했다. 이창용 한국은행 총재는 중동 전쟁에 따른 불확실성이 급격히 확대된 상황에서 통화정책 방향을 서둘러 결정하기보다 사태 전개를 지켜보겠다는 판단을...,https://www.digitaltoday.co.kr/news/articleView.html?idxno=655787,12,,1
원·달러 환율 1482.5원 보합 마감...미·이란 협상 앞두고 관망세,"외환시장에서는 한국은행의 기준금리 동결 결정이 단기적으로 원화 강세 요인으로 작용했으나, 지정학적 리스크가 이를 상쇄한 것으로 분석하고 있다. 특히 미국과 이란이 오는 11일(현지시간) 파키스탄...",https://www.ppss.kr/news/articleView.html?idxno=292346,17,,1
"환율, 미·이란 협상 앞두고 보합 마감…1480원 초반대","환율은 전날보다 7.4원 내린 1475.1원에 출발한 뒤 한국은행의 기준금리 동결 결정 이후 1474.5원까지 내려갔다. 이후 미국과 이란 협상을 둘러싼 불확실성이 부각되며 낙폭을 줄였고, 결국 보합 수준에서 장을...",https://www.ziksir.com/news/articleView.html?idxno=130430,15,,1
물가는 오르고 성장은 꺾이고...7연속 금리 동결로 마무리한 이창용 총...,이창용 한국은행 총재가 마지막까지 금리 멈춤 버튼을 누르고 4년 임기를 마무리했다. 취임 초 6%대 물가에... 한은 금통위는 10일 통화정책방향 결정회의를 열고 기준금리를 연 2.50%로 유지했다. 지난해 7·8·10·11월과 올해...,https://www.joongang.co.kr/article/25419191,17,,1
"기준금리 7연속 동결···""중동전쟁에 성장·물가 불안""",임보라 앵커> 한국은행이 기준금리를 연 2.5%로 동결했습니다. 중동 사태로 불확실성이 커진 만큼 금리를 묶고 상황을 지켜보겠다는 판단입니다. 한은은 올해 성장률이 전망치인 2% 밑돌고 물가는 2% 중후반 수준까지 오를...,https://www.ktv.go.kr/content/view?content_id=752163,17,,1
미·이란 협상 기대에 코스피 1% 반등…외국인 1조 순매수,한국은행 금융통화위원회는 중동 정세에 따른 환율·물가·성장 불확실성을 고려해 기준금리를 2.5%로 동결했다. 지정학적 변수에 따른 대외 여건 변화 가능성이 커 정책 대응의 신중함이 요구되는 상황이라는...,https://www.hidomin.com/news/articleView.html?idxno=700836,18,,1
"성장률 2% 깨지고 물가 상승... 한은, 중동 전쟁 여파에 성장 전망 하향","한국은행이 중동 전쟁 여파로 올해 우리나라 경제 성장률이 2%를 밑돌고 물가 상승률은 2% 중반대로 오를... 향후 기준금리 결정 방향에 대해서는 ""성장세 회복을 지원해 나가되 이 과정에서 대내외 정책 여건의 변화와...",https://www.insight.co.kr/news/549772,17,,1
"미·이란 협상 앞두고 환율 보합…1,482.5원 마감","한국은행의 기준금리 동결 결정 이후에는 1,474.5원까지 내려가기도 했다. 그러나 장 후반으로 갈수록 미국과 이란 간 협상을 둘러싼 불확실성이 부각되면서 하락폭을 대부분 반납했다. 양국은 오는 11일(현지시간)...",http://www.issuenbiz.com/news/articleView.html?idxno=75467,15,,1
"한은, 기준금리 2.50% 동결…“중동발 공급충격, 물가·성장 동시 압박”","중동전쟁 여파에 ‘물가↑·성장↓’ 동시 확대 성장률 2% 하회, 물가는 2%대 중후반 전망 한국은행 금융통화위원회가 기준금리를 연 2.50%로 동결했다. 중동전쟁에 따른 공급충격으로 물가와 성장의 상충이 심화된 가운데...",https://www.nspna.com/news/?mode=view&newsid=809398,18,,1
"퇴임 앞둔 이창용 한은총재 ""금리 결정 잘해왔다고 생각""(종합)",이창용 한국은행 총재는 10일 마지막 금융통화위원회(이하 금통위) 통화정책방향 회의를 주재한 뒤 기자 간담회에서 재임 중 통화정책 성적을 이렇게 자평했다. 이 총재가 위원장인 금통위는 앞서 2024년 10월 기준금리를...,https://www.yna.co.kr/view/AKR20260410097151002?input=1195m,18,,1
"미·이란 협상 앞두고…환율 1,482.5원 보합 마감","환율은 전날보다 7.4원 내린 1,475.1원으로 출발해 한국은행의 기준금리 동결 결정 이후 1,474.5원까지 하락했으나 이후 협상 관련 불확실성이 부각되며 하락폭을 줄였다. 미국과 이란은 오는 11일(현지시간) 파키스탄...",https://www.yna.co.kr/view/AKR20260410131000002?input=1195m,15,,1
‘외화 46억’ 신현송 두둔한 이창용 “애국심이 더 클 것”,이창용 한국은행 총재가 10일 신현송 차기 총재 후보자의 해외 자산 논란과 관련해 “애국심이 가진 자산보다 더 클 것으로 믿는다”고 말했다. 이 총재는 이날 금융통화위원회가 기준금리를 연 2.50%로 동결한 뒤 열린...,https://www.kmib.co.kr/article/view.asp?arcid=0029661346&code=61141111&cp=nv,13,,1
"휴전 협상 촉각, 코스피 '활짝'...LG·CJ·대한항공·삼성생명 올랐다","이날 한국은행이 기준금리를 연 2.50%로 동결했다는 소식은 예상치에 부합하며 시장에 별다른 영향을 미치지 않았다. 이날 외국인들이 1.1조원어치를 사들이며 지수 오름세를 이끌었다. 업종별로는 반도체, IT...",http://www.choicenews.co.kr/news/articleView.html?idxno=163647,14,,1
"이창용 “환율, 과거와 비교 벗어나야… 외환보유고 안 지키면 위기엔 ...",이창용 한국은행 총재는 미국·이란 전쟁이 마무리되면 그간 빠르게 오른 환율이 빠르게 내려올 가능성이... 이 총재는 10일 금융통화위원회가 기준금리를 연 2.5%로 동결한 뒤 기자간담회를 열어 “최근 외국인 주식...,https://www.segye.com/newsView/20260410511283?OutUrl=naver,17,,1
"""금리는 잘했는데 트럼프 때문에""…이창용, 고환율 상태서 퇴장",이창용 한국은행 총재는 10일 마지막 금융통화위원회(이하 금통위) 통화정책방향 회의를 마친 뒤 기자 간담회에서 재임 중 통화정책에 대해 이렇게 소회를 밝혔다. 이날 금통위는 위원 7인 만장일치로 기준금리를 현 2.50...,https://www.nocutnews.co.kr/news/6500445?utm_source=naver&utm_medium=article&utm_campaign=20260410041717,16,,1
"이창용, 금리 동결로 마무리…""스태그플레이션 가능성 작아""",한국은행이 금융통화위원회를 열고 기준금리를 연 2.50%로 유지했습니다. 임기 만료를 앞둔 이창용 총재의 마지막 금통위에서도 금리가 동결된 건데요. 한은은 이란 전쟁으로 금융과 외환시장 변동성이 확대된 가운데 수장...,http://mbnmoney.mbn.co.kr/news/view?news_no=MM1005811530,18,,1
[Editorial-우리 생각엔…] 커지는 금리 상방 압력…재정 효율성 제고 힘...,한국은행이 또 기준금리를 동결했다. 10일 열린 정례 금융통화위원회 회의에서 위원 7명 전원일치 의견으로 내려진 결정이다. 이로써 한은 기준금리는 지난해 7월 금통위 회의를 포함해 7회 연속 2.50%에서 제자리걸음을 하게...,http://www.niceeconomy.co.kr/news/articleView.html?idxno=89631,18,,1
"기준금리 7회 연속 동결…금리 방향, 중동 전쟁 장기화가 변수","한국은행 금융통화위원회가 기준금리를 연 2.50%로 동결하며 '7연속' 금리 동결 기조를 이어갔다. 중동 전쟁에 따른 불확실성과 고유가·고환율 부담이 커진 가운데, 향후 금리 방향은 전쟁 장기화 여부와 글로벌 통화정책...",http://www.srtimes.kr/news/articleView.html?idxno=200932,16,,1
금리 동결 속 원·달러 환율 보합 마감 [김혜란의 FX],이날 오전에는 한국은행 금융통화위원회가 4월 통화정책방향 회의에서 만장일치로 기준금리를 연 2.50%로 동결했다. 오는 20일 퇴임 예정인 이창용 한국은행 총재는 금리 결정 이후 기자간담회에서 “이란 전쟁으로 인한...,https://www.sedaily.com/article/20031021?ref=naver,17,,1
"금리 묶고 '중동' 주시한 이창용…""최악의 경우 스태그플레이션 가능성...","한국은행은 이날 금통위원 전원 일치로 기준금리를 연 2.50%로 동결했다. 이에 따라 기준금리는 지난해 하반기 이후 7회 연속 동결 기조를 이어가게 됐다. 중동 전쟁발 충격…""성장 둔화·물가 압력 동시 확대"" 이 총재는 이번...",https://www.sidae.com/article/2026041015141322540,12,,1
"코스피, 1.4% 오른 5850선 마감⋯외국인 홀로 1조원 ‘사자’","이날 한국은행 금융통화위원회는 통화정책 방향 회의에서 기준금리를 연 2.50%로 유지한다고 밝혔다. 미국과 이란 전쟁 발발 후 석유를 중심으로 소비자물가 상승률이 2%를 넘어서고, 원/달러 환율도 치솟았고...",https://www.etoday.co.kr/news/view/2574728,19,,1
"[증시-마감] 중동에 부는 휴전 기대…코스피 1.4% 올라 5,800대 안착",이날 한국은행 금융통화위원회는 기준금리를 시장 예상대로 2.50%로 동결했다. 금통위는 최근 물가의 상방 위험과 성장의 하방 위험이 모두 증대됐다고 판단했다. 이창용 한은 총재는 금통위원들이 금리 인상 및...,https://news.einfomax.co.kr/news/articleView.html?idxno=4408919,20,,1
"벚꽃은 끝났는데…전쟁은 계속, 유가는 상승[노컷한컷]","한국은행은 이날 금융통화위원회(금통위)를 열고 기준금리를 연 2.50%로 유지하기로 결정했다. 지난해 1월 금리를 3.00%로 동결한 뒤 2월과 5월에 각각 0.25%포인트 인하하고, 7월과 8월, 10월, 11월에는 2.50%에서 금리를...",https://www.nocutnews.co.kr/news/6500435?utm_source=naver&utm_medium=article&utm_campaign=20260410040419,13,,1
"중동 전쟁에 발 묶인 기준금리… ""외국인 매도세에 환율 개입 어려워""",한국은행이 미국·이란 전쟁 이후 개최한 첫 통화정책방향(통방) 회의에서 기준금리를 연 2.5%로 동결했다. 물가와 환율이 치솟는 가운데 성장률 둔화 우려까지 커지면서 통화정책 대응 여력이 크게 줄어든 영향이다....,https://www.hankookilbo.com/news/article/A2026041010100000166?did=NA,15,,1
"떠나는 이창용 한은 총재, 마지막 선택도 '동결'",한국은행은 기준금리 조정을 통해 성장과 물가를 통제할 수 있다. 다만 이 총재 체제 금통위는 중동 전쟁 발발 이전인 지난해 7월부터 동결을 택하며 자신들이 할 수 있는 대책을 활용하지 않았다는 지적에 휩싸여왔다. 이...,https://www.topdaily.kr/articles/109631,17,,1
"한은, 7회 연속 기준금리 2.5% '동결'...""중동 사태 불확실성 높아 현 수...","[사진=연합뉴스] 한국은행이 기준금리를 7회 연속 2.5%로 동결했다. 중동 사태와 관련해 불확실성이 높은 상황인 만큼, 현재의 기준금리 수준을 유지하는 것이 적절하다는 판단에서다. 10일 <녹색경제신문>의 취재를...",https://www.greened.kr/news/articleView.html?idxno=339142,17,,1
"이창용 ""스태그플레이션, 최악의 경우 현실화 가능""",이창용 한국은행 총재가 이란 전쟁 이후 불거진 스태그플레이션 우려를 완화한 동시에 향후 전쟁 양상에 따라 현실화될 가능성이 있다고 경고했다. 이 총재는 10일 한은 금융통화위원회가 기준금리(연 2.5%)를 동결한 뒤...,https://www.safetimes.co.kr/news/articleView.html?idxno=241764,18,,1
"[경인방송 경제뉴스] 배달의민족 노사, 창사 첫 임단협 타결","■ 한은, 기준금리 연 2.50% 동결…전쟁·환율·물가 변수에 관망 한국은행 금융통화위원회가 10일 통화정책방향 회의에서 기준금리를 연 2.50%로 유지했습니다. 이란전쟁 여파로 환율과 물가, 성장 흐름이 동시에...",https://news.ifm.kr/news/articleView.html?idxno=468698,15,,1
"[서환] 美·이란 회담 앞두고 '눈치보기'…1,480원선 안팎","이날 오전에는 한국은행 금융통화위원회(이하 금통위)가 통화정책방향 회의에서 만장일치로 기준금리를 연 2.50%로 유지했다. 오는 20일 퇴임 예정인 이창용 한은 총재는 금리 결정 후 기자간담회에서 ""이란...",https://news.einfomax.co.kr/news/articleView.html?idxno=4408918,18,,1
“스태그 가능성 낮지만”...올해 韓 성장률 2% 하회 [기준금리 동결],"이창용 한국은행 총재가 중동전쟁을 한국 경제의 최대 변수로 지목하며, 향후 물가와 성장, 통화정책 방향... 이 총재는 10일 금융통화위원회가 기준금리를 연 2.5%로 동결한 뒤 열린 기자간담회에서 (호르무즈해협) 인근...",https://www.ekn.kr/web/view.php?key=20260410024195952,13,,1
"금리 동결 속 ‘집값 경고’...이창용 한은 총재 ""자본 배분 왜곡 우려...","서울 집값 상승 구조에 ‘경고음’ 금리 동결 속 부동산 리스크 부각  이창용 한국은행 총재가 서울 중심의 주택가격 상승세에 대해 강한 우려를 표하며, 구조적 대응 필요성을 강조했다. 기준금리 동결 기조를 유지하는...",https://www.youthdaily.co.kr/news/article.html?no=217227,17,,1
韓 성장 2% 밑돌고 물가 2% 중후반 예상…“스태그 배제 못해”,이창용 한국은행 총재의 임기 만료 전 마지막 금융통화위원회에서 기준금리가 연 2.5%로 7회 연속 동결됐다. 이란 전쟁 여파로 경제 전반의 불확실성이 커지자 일단 동결 후 향후 상황을 지켜보겠다는 의도로 풀이된다....,https://www.sedaily.com/article/20031012?ref=naver,13,,1
이창용 마지막 금통위…중동발 불확실성에 7회 연속 '동결',한국은행 금융통화위원회가 10일 열린 통화정책방향 결정 회의에서 기준금리를 현 수준인 연 2.50%에서 유지하기로 결정했다. 지난해 7월부터 시작된 동결 기조는 이로써 일곱 차례 연속 이어지게 됐다. 이번 결정은 이창용...,https://www.dailian.co.kr/news/view/1632129/?sc=Naver,13,,1
"이창용 한은 총재, 마지막 금통위…""환율 못잡아 아쉬워""","10일 한국은행 금융통화위원회는 기준금리를 다음 금통위까지 현 수준인 2.50%로 유지하기로 결정했다. 이번까지 포함하면 7회 연속 동결이다. 이 총재는 금통위 후 열긴 기자간담회에서 ""환율이 안정된 상태에서 임기를...",https://www.sisaon.co.kr/news/articleView.html?idxno=200145,21,,1
"이창용 한은 총재 ""물가 압력 커지면 정책 대응…스태그플레이션 가능성...","이창용 한국은행 총재가 ""중동 전쟁에 따른 공급 충격이 장기화하면서 물가 상승 압력이 확산하는 가운데... 이 총재는 10일 한은 금융통화위원회의 기준금리 연 2.5%로 동결 결정 이후 기자간담회를 열고 ""충격이 일시적일...",http://www.srtimes.kr/news/articleView.html?idxno=200925,18,,1
외국인 나흘 연속 현·선물 동반 매수…코스피 5850선 회복,외국인은 한국은행이 기준금리를 동결한다는 소식이 전해진 오전 10시께부터 유가증권시장에서 순매수로 돌아섰다. 외국인은 지난 7일부터 4거래일 연속으로 코스피 현·선물을 동반 매수하고 있다. 기관은...,https://www.hankyung.com/article/2026041027276,14,,1
"과감히 시작, 관망으로 마무리···이창용의 32차례 금통위 기록 [종합...",2023년 1월 13일부터 2024년 10월 11일까지 총 1년9개월 가까운 시간 기준금리가 굳어있었다. 최근에도 지난해 5월부터 7차례 연속 동결이 결정되며 다음 금통위까지 1년간 금리가 묶이게 됐다. 박형중 우리은행...,http://www.fnnews.com/news/202604101245426921,7,,1
[마감 시황] 한은 7연속 동결에 코스피·코스닥 동반 강세,"한국은행이 기준금리를 연 2.5%로 동결하기로 결정했고, 미국 인사청문회 관련 변수가 제거되면서 투자자들의 심리가 개선됐다. 이날 코스피는 80.86포인트(1.40%) 올라 5858.87로 마감했고, 코스닥은 17.63포인트...",http://www.fieldnews.kr/news/articleView.html?idxno=27889,21,,1
"""금리 올리기도 내리기도""···한은, '물가·환율·성장 충돌'에 7연속...",<한국은행 금융통화위원회 4월 통화정책방향> 금융통화위원회는 다음 통화정책방향 결정시까지 한국은행 기준금리를 현재의 2.50% 수준에서 유지하여 통화정책을 운용하기로 하였다. 중동전쟁으로 물가의 상방압력 및...,https://www.sisajournal-e.com/news/articleView.html?idxno=420407,21,,1
또또또또또또… 묶으면 떠오르는 '기준금리 동결 수혜주' [뉴스톡 웰스...,"한국은행이 기준금리를 7회 연속 동결하면서 어떤 업종이 수혜를 입을지에 투자자들의 관심이 쏠린다. /사진=클립아트코리아 ""2차 파급 효과가 없고 단기적이면 통화정책이 가급적 반응하지 않는 것이 바람직하고, 2차...",http://www.newswell.co.kr/news/articleView.html?idxno=17719,12,,1
한은 금리 7연속 동결…증권가선 '관망' 속 인상론도 고개,기준금리 2.50% 유지…유가·환율·기대인플레 주시 물가·환율 불안과 성장 둔화 우려가 맞물리면서 한국은행이 기준금리를 연 2.50%로 7회 연속 동결했다. 증권가는 일단 관망 기조를 유지하는 분위기다. 다만 연말...,https://news.tf.co.kr/read/economy/2311905.htm,20,,1
이젠 서학개미 탓 아니다? 이창용이 지목한 환율 급등 원인은 '외국인 ...,"한국은행 금통위는 이날 연 2.50%인 기준금리를 7차례 연속 동결했다. 이 총재는 ""금통위원님이 잘 해주셔서 후회스러운 면은 없다""며 ""금리 조기 인하에 실기했다는 분도 많았고, 금리를 너무 안 올려서 환율이 이렇게...",https://www.pennmike.com/news/articleView.html?idxno=118521,15,,1
원유·LNG·나프타 도입 '오리무중'…장기화 때 경제 올스톱 위기,"◆ 한은, 기준금리 2.50% 7회 연속 동결...트리플 악재에 갇힌 통화정책 한국은행 금융통화위원회는 이날 정례회의를 열고 기준금리를 연 2.50%로 다시 한번 동결했다. 이번 결정은 위원 7명 전원 일치 의견으로 이뤄졌다....",https://www.pinpointnews.co.kr/news/articleView.html?idxno=444430,18,,1
"퇴임 앞둔 이창용 한은총재 ""후회 없어""","'청년들 쿨해서 해외주식 한다더라' 발언 재차 해명 오는 20일 퇴임을 앞둔 이창용 한국은행 총재가 ""금리... 금통위는 앞서 2024년 10월 기준금리를 0.25%포인트(p) 낮추면서 통화정책을 완화하는 방향을 선택했다. 하지만...",https://www.sisajournal.com/news/articleView.html?idxno=369079,18,,1
"고물가·저성장 위험에 금리 동결...전쟁으로 시작과 끝, 이창용 대응 차...",중동 전쟁이 몰고온 불확실성 파고에 물가의 상방위험과 성장의 하방위험이 모두 증폭되자 한국은행 금융통화위원회가 기준금리를 묶었다. 지난 2월 한은이 제시한 올해 전망치 대비 물가상승률은 상당폭 올라가고...,http://www.updownnews.co.kr/news/articleView.html?idxno=316872,18,,1
"[종합] 이창용 ""스태그플레이션 가능성 낮지만…최악 땐 배제 못해""",이날 한국은행 금융통화위원회는 기준금리를 연 2.50%로 동결했다. 지난해 7월 이후 7차례 연속 동결이며 금통위원 7명이 만장일치로 이뤄졌다. [서울=뉴스핌] 사진공동취재단 = 이창용 한국은행 총재가 10일 서울 중구...,https://www.newspim.com/news/view/20260410000928,13,,1
"증권가 ""신중함 보인 금통위""…금리동결 우세 전망 속 인상론도","김태은 교보증권 선임연구원도 ""한국은행이 연내 기준금리 동결 기조를 유지할 가능성이 더 크다""며 ""중동 전쟁 장기화로 인플레이션 상방 압력이 지속될 경우 금리 인상 가능성을 완전히 배제하기는 어렵지만...",https://biz.sbs.co.kr/article_hub/20000303578?division=NAVER,12,,1
"서울환시 ""금통위 환율영향 제한적…중동 사태가 최대 변수""",kr 신윤우 김지연 기자 = 서울외환시장 참가자들은 10일 한국은행 금융통화위원회가 예상대로 금리를 동결해... 한은은 이날 금통위원 만장일치로 기준금리를 2.50%로 동결했다. 지난해 5월 금리를 25bp 인하한 뒤 7차례...,https://news.einfomax.co.kr/news/articleView.html?idxno=4408910,21,,1
"이창용 총재가 꼽은 '최악의 말실수'…""서학개미 투자, 사실은 걱정됐다...",오는 20일 퇴임을 앞둔 이창용 한국은행 총재가 10일 마지막 금융통화위 기자간담회에서 임기 중시장을... 이 총재가 위원장인 금통위는 앞서 2024년 10월 기준금리를 0.25%포인트(p) 낮추면서 통화정책의 키를 완화 쪽으로...,https://www.newsquest.co.kr/news/articleView.html?idxno=264549,13,,1
"이창용 ""현 시점 스태그플레이션 가능성 낮다…초과세수 통한 추경 긍정...",""" 10일 이창용 한국은행 총재 임기 만료 전 마지막 금융통화위원회 후 기자간담회를 관통하는 키워드는 전쟁이었다. 중동전쟁의 전개와 그 파급영향을 좀 더 살펴야 한단 이유에서 기준금리는 연 2.50%로 동결됐다. 올해...",https://view.asiae.co.kr/article/2026041015262538246,13,,1
"한은, 기준금리 7연속 연 2.5%…""중동 전쟁 여파로 불확실성 ↑""",ⓒ뉴시스 한국은행 금융통화위원회는 10일 통화정책방향회의를 열고 현재의 연 2.50%인 기준금리를 유지하기로 했다. 지난해 5월 이후 일곱 차례 연속 동결이다. 증권가는 당분간 기준금리 동결 기조가 이어질 것으로 보고...,http://www.sisafocus.co.kr/news/articleView.html?idxno=358571,18,,1
"이창용 마지막 금통위, 금리 또 2.50% 동결 …7연속 동결로 마무리","한국은행이 이란전쟁 발발 이후 처음 열린 금융통화위원회(금통위)에서 기준금리를 동결했다. 2월 말 발발한 이란전쟁으로 금리를 낮출 수도, 올릴 수도 없는 딜레마 상황에서 당분간 중립적인 기조를 유지하는 것이...",https://www.g-enews.com/view.php?ud=202604101516597504bbed569d68_1,13,,1
중동 변수에 기준금리 2.5% 동결…“물가↑·성장↓ 압력 동시 확대”,"한국은행 금융통화위원회(금통위)가 기준금리를 연 2.5%로 동결했다. 중동전쟁에 따른 물가와 성장의 상충 압력이 동시에 확대된 상황에서, 당분간 금리 수준을 유지하며 대외 변수를 지켜보겠다는 판단이다. 금통위는...",https://www.nongmin.com/article/20260410500317,13,,1
"이창용 “환율 레벨, 숫자 비교 벗어나야…원화 약세론, 동의 안해”","이창용 한국은행 총재는 ""환율을 1200원, 1500원, 1100원처럼 과거의 특정 레벨과 단순 비교하는 방식에서 벗어나야 한다""며 ""달러 인덱스와 비교해 얼마나 절하됐는지, 절상됐는지를 기준으로 판단하는 것이 더 의미 있다...",http://www.joseilbo.com/news/news_read.php?uid=566338&class=18&grp=,13,,1
"[포토] 이창용 ""기준금리, 현재의 2.5%에서 유지하기로 결정""","열린 한국은행 금통위 통화정책방향 설명회에 참석해 당장 금리 방향을 정하기보다 중동 사태의 지속성과 국내 파급 정도를 더 점검해야 한다고 밝혔다. 이 총재는 이날 기자간담회에서 ""금통위원 전원 동의로 기준금리를...",http://www.iminju.net/news/articleView.html?idxno=162427,12,,1
"이창용 한은 총재 ""스태그플레이션, 현시점에서 가능성 작아""","한국은행 총재가 10일 ""중동 전쟁에 따른 공급 충격이 장기화하면서 물가 상승 압력이 확산하고 기대인플레이션이 불안정해질 경우에는 정책적 대응이 필요하다""고 강조했다. 이 총재는 10일 금융통화위원회가 기준금리를...",http://www.seouleconews.com/news/articleView.html?idxno=90567,18,,1
"한은총재 ""금리결정 관련 후회 없어"" 서학개미 발언 후회하지만 맞는 얘...","사진/연합뉴스 이창용 한국은행 총재가 10일 ""금리 결정과 관련해서는 금통위원들이 잘 해주셔서 자기 자랑... 이 총재가 위원장인 금통위는 앞서 지난 2024년 10월 기준금리를 0.25%포인트 인하하면서 통화정책의 방향을...",http://www.smedaily.co.kr/news/articleView.html?idxno=355483,17,,1
"한은 총재 ""현 시점 스태그플레이션 가능성 작아...'초과세수 추경' 긍정...","한국은행 총재는 10일 ""중동 전쟁에 따른 공급 충격이 장기화하면서 물가 상승 압력이 확산하고 기대인플레이션이 불안정해질 경우에는 정책적 대응이 필요하다""고 밝혔다. 이 총재는 이날 한은 금융통화위원회가 기준금리...",https://www.delighti.co.kr/news/articleView.html?idxno=115007,18,,1
"채권전문가들, 금리동결 속 인상 여지 열어둔 한은 금통위","이투데이=김남현 기자 | 전쟁 변수에 정책 경로 안갯속..성장 하방·물가 상방 ‘샌드위치’ 채권시장 박스권 전망, 유가·전쟁 향방에 금리 상단 열려 한국은행 4월 금융통화위원회가 기준금리를 연 2.50%로 동결했지만...",https://www.etoday.co.kr/news/view/2574701,20,,1
"전쟁 추경, 이렇게 써도 되나 … 이창용, ""교육예산 자동배분 합당한가...","뉴데일리 곽예지 기자 = 26조원 규모의 추가경정예산(추경)이 국회 통과를 눈앞에 둔 가운데, 이창용 한국은행... 그는 이날 기준금리를 동결한 금융통화위원회 회의 직후 기자간담회에서 ""이번 추경은 적자 국채 발행이...",https://biz.newdaily.co.kr/site/data/html/2026/04/10/2026041000191.html,16,,1
이란 전쟁 여파…기준금리 동결 속 물가 상승 우려 확대,"한국은행의 금융통화위원회가 10일 기준금리를 현행 2.50%로 유지했다. 최근 이란전쟁의 영향으로 환율과 물가, 경제 성장 전망이 모두 불투명한 상황에서 신중한 결정을 내린 것으로 보인다. 이는 금통위가 7차례 연속...",https://www.gokorea.kr/news/articleView.html?idxno=863220,16,,1
중동전쟁에 물가·성장 '빨간불'… 한은 7연속 기준금리 동결,중동전쟁 불확실성에 한국은행이 기준금리를 현재의 연 2.5% 수준으로 동결했다. 지난해 7월 10일 이후 7연속 기준금리 동결을 선택한 것이다. 이에 따라 다음달 28일까지 기준금리는 최소 10개월간 2.5% 수준으로 고정된다....,https://www.newscj.com/news/articleView.html?idxno=3392875,17,,1
"[이슈] '기준금리 동결' 이창용 총재 ""전쟁 장기화시 정책 대응 필요""","한국은행 금융통화위원회가 10일 기준금리를 연 2.50%로 유지했다. 이창용 한국은행 총재는 ""이번 전쟁 충격이 물가와 성장에 동시에 부담을 주고 있다""면서, 2022년 러시아·우크라이나 전쟁 때와는 다른 판단을 요구했다....",http://www.paxetv.com/news/articleView.html?idxno=269204,13,,1
"이창용 ""신현송 애국심, 해외자산보다 더 크다고 믿어""",오는 20일 임기를 마무리하는 이창용 한국은행 총재가 신현송 차기 총재 후보자의 애국심이 가진 자산보다 클 것으로 믿어 의심치 않는다고 말했습니다. 이 총재는 오늘 이란전쟁 여파로 기준금리를 동결한 뒤 열린...,https://www.ytn.co.kr/_ln/0102_202604101451287311,12,,1
"한국은행, 기준금리 연 2.50%로 '얼음'… 7회 연속 '제자리'",한국은행이 현재 연 2.50%인 기준금리를 다시 한번 그대로 유지하기로 했다. 한국은행 금융통화위원회(금통위)는 10일 오전 서울 중구 본관에서 열린 통화정책방향 결정 회의에서 기준금리를 연 2.50%로 동결했다. 지난해...,http://www.dailysmart.co.kr/news/articleView.html?idxno=122485,13,,1
"JP모건 ""한은 기준금리, 최소 6개월은 인상 가능성 낮아""","[사진=연합뉴스] 한국은행이 기준금리를 연 2.50%로 동결한 가운데, 당분간 금리 인상 가능성은 제한적이라는 분석이 나왔다. 박석길 JP모건 이코노미스트는 10일 ""한국은행이 시장 예상대로 기준금리를 2.50%로 유지했다""며...",https://www.straightnews.co.kr/news/articleView.html?idxno=299892,17,,1
"[일문일답] 이창용 ""중동사태 불확실성 해소가 먼저""…환율·물가·성장...",성장률 2% 하회 가능성 시사…유가·환율·에너지 공급 차질이 최대 변수 이창용 한국은행 총재가 기준금리를 현 2.50% 수준에서 유지한 배경에 대해 사태의 추이와 파급영향을 좀 더 점검해 나가는 것이 적절하다고...,https://news.tf.co.kr/read/economy/2311878.htm,15,,1
"[일문일답]이창용 ""스태그플레이션 가능성 낮아…장기화시 대응""","이창용 한국은행 총재가 10일 경제성장률 하락, 물가 상승이 동시에 찾아오는 스태그플레이션 가능성에 대해... 이 총재는 이날 한은 금융통화위원회가 기준금리를 2.50%에서 동결한 뒤 열린 기자간담회에서 ""물가상승률이...",https://view.asiae.co.kr/article/2026041014441586484,18,,1
"복합 이슈 속...장중 亞증시 & 유럽 선물 '활짝', 美 선물 '혼조'","미국 경제방송 씨엔비씨는 ""이날 아시아 시장 오후 장중 주요 이슈로는 한국은행 기준금리 동결, 중국 3월 생산자물가지수(PPI) 전년 동기대비 0.5% 상승으로 시장 예상치(0.4% 상승) 웃돌며 디플레이션...",http://www.choicenews.co.kr/news/articleView.html?idxno=163646,6,,1
"이창용 ""중동 전쟁 석유 의존도 높은 아시아에 더 큰 영향""","10일 이창용 한국은행 총재가 통화정책방향 기자간담회에서 발언을 하고 있다.(사진=아시아타임즈) 이창용 총재는 10일 기준금리를 동결한 금융통화위원회 회의 직후 열린 기자간담회에서 ""충격이 일시적일 경우 금리...",https://www.asiatime.co.kr/article/20260410500128,13,,1
"한은 7연속 동결…금리 인상 갈림길, '중동 변수'에 달렸다","그러면서 ""여전히 한국은행이 연내 기준금리 동결 기조를 유지할 가능성이 더 높다고 예상한다""면서 ""중동 전쟁 장기화로 인플레이션 상방 압력이 지속될 경우 한은의 금리인상 가능성을 완전히 배제하기 어렵다고...",https://sports.hankooki.com/news/articleView.html?idxno=6930631,17,,1
"한은, 기준금리 2.5%로 동결 전쟁발 물가·성장·환율 ‘불안 고조’ 고...","한국은행 금융통화위원회는 10일 기준금리를 2.5로 유지하기로 했다고 밝혔다.이번 기준금리 동결 결정에 금통위원 7명 전원이 찬성했다.중동 전쟁 속에 물가 상승, 성정 저하, 환율 상승 상황을 고려한 결정이다.금통위는...",https://vop.co.kr/A00001691690.html,21,,1
"한은, 기준금리 7연속 동결…이란전쟁에 물가·환율·성장 모두 불안","한국은행 금융통화위원회(이하 금통위)가 10일 통화정책방향 회의에서 기준금리를 연 2.50%로 유지했다.2월 말 시작된 이란전쟁의 여파로 환율, 물가, 성장이 모두 불안한 상황에서 '동결 후 관망' 외 선택의 여지가...",https://www.kbsm.net/news/view.php?idx=515461,21,,1
"이창용 마지막 금통위…스태그플레이션 선 그었지만, 여지 남겨","중동 사태 변수…“최악 땐 배제 못해” 금리 동결 속 환율·물가 불확실성 경계 한국은행이 기준금리를 연 2.50%로 동결한 가운데, 이창용 한국은행 총재가 현재로선 스태그플레이션 가능성이 제한적이라고 진단했다. 10일...",https://www.tfmedia.co.kr/news/article.html?no=203609,15,,1
"[경제 이슈] 한국은행, 기준금리 7연속 동결...현재의 2.5% 수준 유지",한국은행이 10일 한국은행 기준금리를 현재의 2.5% 수준에서 유지하겠다고 밝혔다. 금융통화위원 7명이 전원 찬성했다. 중동전쟁으로 물가의 상방압력 및 성장의 하방압력이 함께 증대되고 금융·외환시장 변동성이 크게...,http://www.sisacast.kr/news/articleView.html?idxno=94913,13,,1
"한은, 기준금리 7회 연속 2.50% 동결…""중동발 불확실성 확대""",사진=연합뉴스  한국은행이 기준금리를 7회 연속 연 2.50%로 동결했다. 한은은 중동 사태로 시장 불확실성이 커진 상황에서 우선 금리를 유지하고 향후 전개 상황을 지켜보기로 했다. 특히 중동발 고물가 우려가 확대되는...,https://daily.hankooki.com/news/articleView.html?idxno=1357055,17,,1
[연합뉴스 이 시각 헤드라인] - 14:30,"이창용 한국은행 총재는 10일 ""중동 전쟁에 따른 공급 충격이 장기화하면서 물가 상승 압력이 확산하고... 이 총재는 이날 한은 금융통화위원회가 기준금리를 연 2.5%로 동결한 뒤 기자간담회를 열어 ""충격이...",https://www.yna.co.kr/view/AKR20260410105200011?input=1195m,18,,1
"한은, 5월 경제전망까지 통화정책 판단 유보",유진투자증권은 10일 발간한 리포트에서 한국은행이 4월 금융통화위원회에서 기준금리를 만장일치로 동결한 배경과 향후 통화정책 방향을 분석했다. 이창용 한은 총재는 이날 기자회견에서 금리 동결 결정이 단순한...,http://www.ftoday.co.kr/news/articleView.html?idxno=357530,18,,1
"7연속 금리 동결한 금통위 ""올해 성장률 2.0% 밑돌고 물가 2.2% 상당폭 상...",한국은행 금융통화위원회가 '위원 7명 전원 일치' 의견으로 기준금리를 연 2.50%를 동결하면서 당초 예상보다 올해 경제 성장률은 떨어지고 물가 상승률이 오를 것으로 전망했습니다. 금통위는 오늘(10일) 통화정책방향 회의...,https://news.sbs.co.kr/news/endPage.do?news_id=N1008513406&plink=ORI&cooper=NAVER,13,,1
"스테이트스트리트 ""한은 금리동결은 예상된 결과…물가 압력은 확대""","2026.4.10 [공동취재] ksm7976@yna.co.kr 한국은행 4월 기준금리 동결 결정에 관해 ""예상된 결과""라는 글로벌 금융기관의 의견이 나왔다. 드위포르 에반스 스테이트스트리트마켓 아시아태평양 매트로전략 헤드는 10일...",https://news.einfomax.co.kr/news/articleView.html?idxno=4408896,18,,1
"""애국심이 자산보다 클 것""…'46억' 신현송 감싼 이창용","이창용 한국은행 총재가 10일 ""신현송 차기 총재 후보자의 애국심이 가진 자산보다 클 것으로 믿어 의심치... 이 총재는 이날 한은 금융통화위원회가 기준금리를 연 2.50%로 동결한 뒤 열린 기자간담회에서 취재진 질문을...",http://www.wowtv.co.kr/NewsCenter/News/Read?articleId=A202604100335&t=NN,18,,1
"이창용 ""중동 사태 최악 땐 스태그플레이션, 다만 가능성은 낮아""","이창용 한국은행 총재가 10일 기준금리를 연 2.50%로 동결한 뒤 열린 기자간담회에서 ""최악의 시나리오로 간다면 스태그플레이션이 일어날 수도 있다는 점을 부인하기 어렵다""고 말했다. 이 총재는 ""현시점에서는...",http://www.seoulwire.com/news/articleView.html?idxno=716302,12,,1
"퇴임 앞둔 이창용 ""고환율, '중동 사태·외국인 주식 매도'가 원인""","앞서 한국은행 금융통화위원회는 10일 연 2.50%인 기준금리를 7차례 연속 동결했다. 이와 관련, 이 총재는 이날 한국은행 별관에서 열린 '통화정책방향 기자간담회'에서 이같이 밝히고, ""주식이 많이 올라 외국인의 이익...",http://www.ftoday.co.kr/news/articleView.html?idxno=357528,17,,1
이창용 “중동 변수에 금리 경로 논의 보류… 충격 장기화 땐 정책 대응...,스태그플레이션 선 긋기… “현 시점 가능성 제한적” 외국인 매도發 환율 상승… “달러인덱스 기준 판단” 금리 경로 논의 보류… “포워드 가이던스 미제시”이창용 한국은행 총재가 중동 전쟁발 불확실성 속에서 금리...,https://www.seoul.co.kr/news/economy/2026/04/10/20260410500176?wlog_tag3=naver,13,,1
"중동 리스크에 발 묶인 통화정책…한은, 기준금리 2.50% '7연속 동결'",한국은행이 기준금리를 2.50%로 유지하며 7회 연속 동결 기조를 이어갔다. 중동 지역 긴장 고조에 따른 유가 상승과 인플레이션 불확실성이 통화정책의 발목을 잡은 모습이다. 한국은행 금융통화위원회는 10일 서울 중구...,https://www.1conomynews.co.kr/news/articleView.html?idxno=47988,18,,1
"이창용 ""물가 압력 커지면 통화정책 대응…중동 상황 지켜봐야"" [일문일...",이창용 한국은행 총재가 “(미국·이란 전쟁으로) 물가 상승 압력이 올라간 것은 부인할 수 없는 사실”... 10일 이 총재는 한은 금융통화위원회가 기준금리를 연 2.50%에서 동결한 뒤 열린 기자간담회에서 이같이 밝혔다....,https://www.joongang.co.kr/article/25419159,18,,1
"이창용 ""환율, 레벨보다 거시 요인 중요…스태그플레이션 가능성 배제 ...","이창용 한국은행 총재가 10일 ""환율 레벨보다 달러인덱스 등 거시적인 요인을 봐야 한다""고 밝혔다. 이 총재는 이날 금융통화위원회를 열고 기준금리를 2.5%로 동결한 후 기자들과 만나 ""환율 변동성에 대한 대응은...",https://www.dailian.co.kr/news/view/1632066/?sc=Naver,17,,1
"이창용 ""국내 주택가격 상승세 바로잡아야⋯수도권 집중 해소가 해법""","이투데이=배근미 기자 | ""타 자산 대비 과도한 집값 상승세, 자본 배분 비효율ㆍ양극화 초래"" 이창용 한국은행... 한은 금통위는 이날 만장일치로 기준금리를 동결(연 2.50%)을 결정했다. 부동산 이슈와 관련해선 통화정책방향...",https://www.etoday.co.kr/news/view/2574663,17,,1
"금통위, ""올해 성장률 2% 하회할 것…중동전쟁 영향""",한국은행 금융통화위원회(금통위)가 올해 국내 경제 성장률을 두고 지난 2월 전망치(2.0%)를 하회할 것이라는... 금통위는 이날 금융통화위원 7명 전원의 찬성으로 기준금리를 연 2.50%로 동결했다. 금통위는 이번 금리 결정의...,http://www.newsdream.kr/news/articleView.html?idxno=111239,13,,1
금통위 '전원일치' 기준금리 동결…중동 전쟁에 한국은행 '신중론',[사진=한은] 한국은행 금융통화위원회가 10일 통화정책방향 회의에서 기준금리를 연 2.50%로 유지했다. 중동 전쟁의 여파로 환율·물가·성장이 모두 불안한 상황에서 일단 금리를 묶어두고 사태 추이를 지켜보는 '신중론...,https://www.ajunews.com/view/20260410125804370,21,,1
"7회 연속 기준금리 동결…이창용 ""중동 사태 파급 영향 점검해야""","민주신문=이한호 기자｜한국은행 금융통화위원회(금통위)가 10일 기준금리를 현 수준인 연 2.50%로 동결했다. 중동 전쟁 발발에 따른 국제 유가 급등과 환율 변동성 확대 등 대내외 불확실성이 커진 가운데, 물가 상승과...",http://www.iminju.net/news/articleView.html?idxno=162417,16,,1
"한은, 기준금리 연 2.5% 동결…“성장·물가 모두 불안”","한국은행이 기준금리를 연 2.5%로 동결했습니다. 중동 전쟁으로 인한 불확실성이 커지면서, 현재 금리 수준을 유지하면서 상황을 지켜보겠다는 판단입니다. 김진화 기자의 보도입니다. [리포트] 한국은행...",https://news.kbs.co.kr/news/pc/view/view.do?ncd=8532559&ref=A,17,,1
한은 기준금리 동결,한국은행이 10일 시장의 예상대로 기준금리를 현행 연 2.5%로 유지했다/이코노텔링그래픽팀. 한국은행이 10일 시장의 예상대로 기준금리를 현행 연 2.5%로 유지했다. 지난해 7월 이후 7연속 동결이다. 이란 전쟁 여파로 원...,http://www.econotelling.com/news/articleView.html?idxno=20056,17,,1
"한은, 7연속 동결 뒤 '금리 향방'은?…증권가 전망도 엇갈렸다","한국은행이 10일 금융통화위원회에서 기준금리를 연 2.50%로 만장일치 동결한 이후 증권가의 시선은 곧바로 '다음 금리 방향'으로 옮겨가고 있다. 이번 동결 자체는 예상된 수순이었지만, 중동 전쟁에 따른 유가 급등과 환율...",https://www.newsworks.co.kr/news/articleView.html?idxno=837399,21,,1
"이창용 ""스태그플레이션 가능성 작아…물가 압력 커지면 대응""(종합)","이창용 한국은행 총재는 10일 ""중동 전쟁에 따른 공급 충격이 장기화하면서 물가 상승 압력이 확산하고... 이 총재는 이날 한은 금융통화위원회가 기준금리를 연 2.50%로 동결한 뒤 가진 기자간담회에서 ""충격이 일시적일...",https://www.nocutnews.co.kr/news/6500270?utm_source=naver&utm_medium=article&utm_campaign=20260410015715,18,,1
"이창용 ""물가압력 확대 시 정책 대응해야…'스태그플레이션' 가능성 낮...",이창용 한국은행 총재가 중동 전쟁 장기화에 따른 물가 불안 가능성을 경고하면서 필요 시 정책 대응에 나설 수 있음을 시사했다. 이 총재는 10일 한은 금융통화위원회가 기준금리를 연 2.50%로 동결한 직후 열린...,https://www.cstimes.com/news/articleView.html?idxno=701606,18,,1
"[비은행 선두주자] ➀ 삼성금융, 은행 아닌 곳에서 답을 찾다",한국은행 금융통화위원회는 4월 기준금리를 2.50%로 유지했다. 7연속 기준금리 동결이다. 성장 여건은 예상보다 나아졌지만 금융안정 리스크가 계속되는 만큼 금리를 그대로 두는 것이 적절하다고 판단했다는...,https://www.straightnews.co.kr/news/articleView.html?idxno=299884,13,,1
"이창용 총재 4년, 대외변수 격랑 속 한은 보폭 넓혀","한국은행 금융통화위원회는 10일 기준금리를 연 2.50%로 동결했다. 이번까지 7차례 연속 동결이다. 임기 마지막 금통위까지 금리를 묶어두며 이 총재는 4년을 마무리하게 됐다. 이 총재는 ""(떠나는)발걸음은 무겁지 않다""고...",https://it.chosun.com/news/articleView.html?idxno=2023092160188,18,,1
오늘의 주요 정책소식 (26. 04. 10. 13시),"한은, 기준금리 연2.5% 유지···7차례 연속 동결 한국은행 금융통화위원회가 기준금리를 연 2.5%로 동결했습니다. 지난해 5월 이후 일곱 차례 연속 동결 기조를 이어갔습니다. 5. '꼼수 인상' 학원에 과징금···신고포상금...",https://www.ktv.go.kr/content/view?content_id=752140,18,,1
"뛰는 물가·환율에 한은, 7연속 금리 동결",빅터뉴스 이재영 기자 한국은행이 7연속 기준금리를 동결했다. 중동발 불확실성으로 물가와 환율이 모두 요동치고 있다는 점이 동결의 배경이 된 것으로 풀이된다. 시장에서도 금리인하에 대한 기대감이 사그러드는...,https://www.bigtanews.co.kr/article/view/big202604100014,20,,1
"한은 총재 ""물가 압력 커질 시 정책 대응…스태그플레이션 가능성 작아...","이 총재는 오늘(10일) 한은 금융통화위원회의 기준금리 연 2.5%로 동결 결정 이후 기자간담회를 열어 ""충격이... (그가) 가진 자산보다 클 것으로 믿어 의심치 않는다""고 덧붙였습니다. #한국은행 #이창용 #금리 #물가 #환율",http://www.yonhapnewstv.co.kr/AKR20260410134708S53,21,,1
이창용 “스태그플레이션 가능성 작아…외국인 주식 매도 환율 상승 주...,이창용 한국은행 총재가 중동 전쟁에 따른 스태그플레이션 우려에 대해 현시점에서는 가능성이 작다고 판단했습니다. 이 총재는 오늘(10일) 한은 금융통화위원회가 기준금리를 연 2.5%로 동결한 뒤 기자간담회에서 “이란...,https://news.kbs.co.kr/news/pc/view/view.do?ncd=8532554&ref=A,22,,1
한은총재 “2주 뒤 예측 불가능…현 시점 스태그플레이션 가능성 작아”,한국은행 총재가 “중동 전쟁에 따른 공급 충격이 장기화하면서 물가 상승 압력이 확산하고 기대인플레이션이 불안정해질 경우에는 정책적 대응이 필요하다”고 밝혔다. 이 총재는 10일 한은 금융통화위원회가 기준금리...,http://www.kookje.co.kr/news2011/asp/newsbody.asp?code=0200&key=20260410.99099002969,18,,1
"이창용 총재 ""스태그플레이션 가능성 적어…물가압력 커지면 정책적 대...","[사진=연합뉴스]  이창용 한국은행 총재는 ""현시점에서는 스태그플레이션 가능성이 작다""며 ""지금 이란 사태가 종결되면 그럴 가능성이 작다고 얘기할 것""이라고 했다. 10일 이 총재는 한은 금융통화위원회가 기준금리를 연...",https://www.joongangenews.com/news/articleView.html?idxno=510681,18,,1
"중동전쟁·환율 1500원… 한은, 금리 인하 대신 동결",사진=KTV 갈무리 원·달러 환율이 1500원 선을 오르내리는 가운데 한국은행이 기준금리를 또 동결했다. 중동 리스크가 이어지면서 시장과 통화정책에 대한 긴장도 함께 높아진 상태다. 10일 서울 외환시장에서 원·달러...,https://www.newsclaim.co.kr/news/articleView.html?idxno=3060360,21,,1
"이창용 ""공급충격 장기화 시 정책대응 필요…인플레 리스크 확대""[문답...",이창용 한국은행 총재는 10일 중동전쟁에 따른 공급충격이 일시적일 경우 금리를 조정하지 않는 것이... 이날 금통위는 기준금리를 현 수준인 연 2.50%로 유지했다. 이로써 한은은 7차례 연속 기준금리를 동결했다. 중동 전쟁...,https://www.news1.kr/economy/trend/6132313,17,,1
"기준금리 연 2.5% 동결··· ""물가 뛰고 올해 성장률은 불안정""","한국은행 금융통화위원회(이하 금통위)가 ""중동사태 관련 불확실성이 큰 만큼, 현재의 기준금리 수준을 유지하면서 사태의 추이와 영향을 좀 더 점검하는 것이 적절하다""며 기준금리를 2.5%로 동결했다. 이창용 한국은행...",https://www.dkilbo.com/news/articleView.html?idxno=540617,13,,1
"한은, 기준금리 2.5% 유지…중동 리스크 속 ‘관망 기조’ 지속",한국은행이 10일 금융통화위원회를 열고 기준금리를 연 2.5%로 동결했습니다. 이번 결정으로 기준금리는 지난해 하반기 이후 약 10개월 넘게 같은 수준을 유지하며 7차례 연속 동결됐습니다. 이번 회의는 이창용 총재가...,https://news.knn.co.kr/news/article_sns/1186,18,,1
이창용 “인상·인하 논의 안해…동결은 정책 유보 아닌 방향 판단”,한은은 4월 금융통화위원회에서 다음 통화정책방향 결정시까지 한국은행 기준금리를 현재의 2.50% 수준에서 유지해 통화정책을 운용하기로 결정했다고 10일 밝혔다. 이 결정은 금통위원 전원 일치였다. 한은은 기준금리를...,http://www.joseilbo.com/news/news_read.php?uid=566332&class=18&grp=,18,,1
"이창용 ""최악의 경우 스태그플레이션 가능성 부정 어려워""(종합)","김래현 권안나 기자 = 이창용 한국은행 총재가 10일 ""최악의 시나리오로 간다면 스태그플레이션이 일어날 수도 있다는 점을 부인하기 어렵다""고 말했다. 이 총재는 이날 금융통화위원회(금통위)를 주재하고 기준금리를 2.5...",https://www.newsis.com/view/NISX20260410_0003586243,13,,1
이창용 “전쟁 파급영향 점검…단기적이면 통화정책 반응 안해야”[일문...,사진=한국은행 이 총재는 이날 오전 한은 금융통화위원회(금통위)가 기준금리를 연 2.50%로 동결한 뒤 기자간담회를 열어 이같이 말했다. 이 총재는 이란 전쟁으로 인해 대외여건이 크게 바뀌었다고 진단했다. 그는 “이번...,http://www.edaily.co.kr/news/newspath.asp?newsid=03506326645414808,18,,1
"[서환-오전] 예상된 금리 동결 속 '반발 매수'…낙폭 줄여 1,480원대 초반","이날 한국은행 금융통화위원회(이하 금통위)는 통화정책방향 회의에서 만장일치로 기준금리를 연 2.50%로 유지했다. 금통위는 ""앞으로 반도체 수출 호조와 추가경정예산에도 불구하고 에너지 가격 상승과 공급...",https://news.einfomax.co.kr/news/articleView.html?idxno=4408885,13,,1
이창용 “트럼프가 안 도와줘…환율 다시 오른 상태로 임기 마무리 아쉽...,이창용 한국은행 총재는 ‘이창용 패션’의 상징인 화려한 넥타이를 매고 마지막 금융통화위원회에 참석했다. 한글 자음·모음이 적힌 금색 넥타이었다. 기준금리 동결을 결정한 이날 회의가 끝난 후 열린 기자...,https://www.chosun.com/economy/economy_general/2026/04/10/E6JDATXQKVAOFPUB6J3D7SM4YI/?utm_source=naver&utm_medium=referral&utm_campaign=naver-news,16,,1
"[직설] 한은, 기준금리 유지…중동리스크 상황 속 앞으로의 통화정책 방...","한국은행이 연내 기준금리 인상도 고민해야 한다고 보십니까? Q. 국제유가가 오르면서 3월 석유류 가격이 전년 동월보다 9% 넘게 올랐습니다. 정부가 석유 최고가격제를 통해서 가격 통제에 나선 상황이지만, 4월에는 물가...",https://biz.sbs.co.kr/article_hub/20000303422?division=NAVER,17,,1
"떠나는 이창용 한은 총재 ""후임 신현송, 애국심이 자산보다 클 것""",오는 20일 임기를 마치고 퇴임하는 이창용 한국은행 총재가 10일 마지막 금융통화위원회를 주재해 연 2.50%로 운용 중인 기준금리를 7연속 동결했다. 이 총재는 이날 통화정책방향 기자간담회를 갖고 기준금리 인하 또는...,https://www.newsworks.co.kr/news/articleView.html?idxno=837390,18,,1
"[현장] 이창용 한은 총재 ""물가 압력 커지면 대응""···중동 변수에 신...","한국은행은 이날 금융통화위원회를 열고 기준금리를 금통위원 전원일치로 연 2.50%로 동결했다. 이 총재는 ""충격이 일시적이면 금리로 대응하지 않는 것이 바람직하지만, 장기화되면 정책 대응이 필요하다""며 ""현...",http://www.enewstoday.co.kr/news/articleView.html?idxno=2417425,18,,1
"이창용 마지막 금통위, 금리 7연속 동결...성장 2% 밑돌고 물가는 더 오...",이창용 한국은행 총재가 주재한 마지막 금융통화위원회에서 기준금리가 또 한 번 동결됐다. 중동발 지정학 리스크와 환율·물가 불안이 겹치면서 통화정책은 '관망' 기조를 이어갔다. 한국은행 금융통화위원회는 10일...,https://www.polinews.co.kr/news/articleView.html?idxno=728106,16,,1
"고물가, 고환율, 기준금리 '예고된' 동결… 5월에는 과연",한국은행의 선택은 이번에도 동결이었다. 한은은 10일 금융통화위원회를 열고 기준금리를 현재의 2.50%로 동결했다. 금통위원 7인 만장일치 결정이었다. 지난해 5월 기준금리를 3%에서 0.25%포인트 내린 후 일곱차례 연속...,https://www.thescoop.co.kr/news/articleView.html?idxno=309801,21,,1
[이시각헤드라인] 4월 10일 뉴스현장,"서울은 2,022.78원입니다. ■한은, 7연속 기준금리 동결…연 2.5% 유지■ 한국은행이 7회 연속 기준금리 연 2.5%를 유지했습니다. 중동 전쟁 여파로 물가와 환율이 동시에 불안한 상황을 고려한 결정으로 보입니다.",http://www.yonhapnewstv.co.kr/MYH20260410132931iIe,20,,1
"이창용 마지막 금통위""중동 사태로 금리 논의 일러…스태그플레이션은...","이창용 한국은행 총재가 10일 임기 중 마지막 통화정책방향 결정회의(금통위)를 마치고 기자간담회를 가졌다.... ""중동 변수 급변···지금은 금리 인상·인하 논의할 때 아냐"" 이 총재는 향후 기준금리 향방을 묻는 질문에...",https://www.newsway.co.kr/news/view?ud=2026041012585345551,12,,1
"4년 임기 마친 이창용 ""환율 못잡아 제일 아쉬워""","""환율이 안정된 상태에서 후임자에게 넘겼다면 일을 잘 마무리했다고 생각했을텐데, 트럼프 대통령이 안 도와줬다."" 이창용 한국은행 총재가 10일 금융통화위원회 기준금리 동결(연 2.50%) 직후 열린 기자간담회에서 지난...",https://www.ebn.co.kr/news/articleView.html?idxno=1705036,16,,1
"이창용 한은총재, ""물가상승 압력 확산되고 기대인플레이션 불안정하며...","이창용 한국은행 총재는 10일 ""중동 전쟁에 따른 공급 충격이 장기화하면서 물가 상승 압력이 확산하고... 이 총재는 이날 한은 금융통화위원회(금통위)가 기준금리를 연 2.5%로 동결한 뒤 기자간담회를 열어 ""충격이...",http://www.beyondpost.co.kr/view.php?ud=2026041013180993102aaae0046f_30,18,,1
이창용 한은 총재 “일시적 충격에 금리로 대응하지 않아…스태그플레...,이창용 한국은행 총재는 10일 한은 금융통화위원회가 기준금리를 연 2.50%로 7회 연속 동결한 뒤 열린 기자간담회에서 “공급 충격이 일시적일 경우 정책 시차 등을 고려할 때 금리 조정으로 대응하지 않는 것이...,https://economist.co.kr/article/view/ecn202604100042,18,,1
[뉴스특보] 미·이란 대면협상 D-1…코스피‧코스닥 상승세,"<질문 5> 한편, 한국은행이 기준금리를 연 2.50%로 7연속 동결했습니다. 중동 사태 여파로 인한 금융시장 불안과, 이에 따른 물가와 환율의 상방 압박이 금리 동결을 결정한 주요 요인으로 보이는데요. 어떤 점을 주요하게...",http://www.yonhapnewstv.co.kr/MYH20260410132413712,20,,1
"이창용, 금리 동결 속 ""물가 불안 시 정책 대응""…스태그 가능성 낮게 평...","이 총재는 이날 한국은행 금융통화위원회 본회의 후 열린 기자간담회에서 기준금리를 연 2.5%로 동결한 배경을 설명하며 이같이 말했다. 그는 ""충격이 일시적이라면 정책 시차를 고려할 때 금리로 대응하지 않는 것이...",http://www.issuenbiz.com/news/articleView.html?idxno=75450,13,,1
"마지막 금통위 이창용 ""중동 충격, 물가·성장 함께 흔든다""","한국은행 금융통화위원회가 기준금리를 연 2.50%로 동결했다. 이창용 한국은행 총재는 중동 전쟁 이후 국제유가와 환율, 금융시장 변동성이 동시에 커진 상황에서 물가 상방 압력과 성장 하방 압력이 함께 확대됐다고...",http://www.4th.kr/news/articleView.html?idxno=2110277,16,,1
중동전쟁 불확실성에…한은 기준금리 2.5%로 7연속 동결,한국은행이 현행 연 2.5%인 기준금리를 유지하기로 결정했다. 지난해 7월 이후 7회 연속 동결이다. 한은 금융통화위원회는 10일 통화정책방향 결정회의를 열어 기준금리를 연 2.5%로 유지하기로 결정했다. 미국과 이란이...,https://www.donga.com/news/Economy/article/all/20260410/133713767/1,18,,1
"이창용 한은 총재 고별사 ""환율 안정 못해 못내 아쉬워""",사진=조혜승 기자  이창용 한국은행 총재가 2년의 임기를 마무리하는 마지막 금융통화위원회(이하 금통위)에서 기준금리를 현행 연 2.50%로 동결하며 고심 어린 마침표를 찍었다. 이 총재의 임기는 오는 20일 만료된다....,https://www.pointdaily.co.kr/news/articleView.html?idxno=300649,21,,1
"한은, 기준금리 2.5% 동결…전쟁 변수에 '7회 연속 관망'",[사진=연합뉴스] 한국은행 금융통화위원회는 10일 통화정책방향회의를 열고 기준금리를 연 2.50%로 유지했다고 밝혔다. 이로써 기준금리는 7회 연속 동결되며 약 10개월째 같은 수준을 이어가게 됐다. 이번 결정은 중동...,https://www.pinpointnews.co.kr/news/articleView.html?idxno=444460,18,,1
기준금리 연 2.50%로 동결,한국은행이 기준금리를 또 동결했다. 물가상승 압력과 환율 변동성 등을 고려한 결정으로 풀이된다. 기준금리 동결 기조는 당분간 이어질 가능성이 있지만 물가상승 추이에 따라 인상 압박도 커질 것이라는 관측이다....,https://www.naeil.com/news/read/584856?ref=naver,15,,1
"한은 ""중동 영향 2분기부터 본격화…연간 성장률 2% 하회""","중동 전쟁에 따른 국내 경제 충격이 올해 2분기 본격화돼 연간 성장률이 2.0%를 밑돌 수 있다는 한국은행의... 이창용 총재 역시 이날 기준금리 결정 이후 기자간담회를 통해 ""높은 수출 증가세와 소비 회복세가 이어지면서...",https://view.asiae.co.kr/article/2026041013102434839,17,,1
"임기 마무리 앞둔 이창용 ""중동발 물가성장 불안""…기준금리 7연속 동결...",이창용 한국은행 총재가 10일 오전 서울 중구 한국은행 본관에서 열린 통화정책방향 기자간담회에서 취재진의 질문을 경청하고 있다.,https://www.newsway.co.kr/news/view?ud=2026041012345247191,12,,1
한은 총재 “현재 환율은…외국인 주식 매도와 중동 사태가 큰 영향”,"연 2.50%인 기준금리 7연속 동결 환율, 외국인 이익 실현 매도 영향 “서울 주택가격 상승은 고쳐가야” 한국은행 금융통화위원회가 중동 사태로 경제적 불확실성이 커진 만큼 10일 연 2.50%인 기준금리를 7차례(지난해 7·8...",https://www.mk.co.kr/article/12013566,22,,1
금리 동결 길어지나…물가가 변수,한국은행이 통화정책으로 거시경제에 영향을 주기 어려운 상황이 길어지고 있다. 당분간 이러한 상황이 지속돼 기준금리는 현재 수준에서 상당기간 이어질 수 있다는 전망이다. 한은은 10일 금융통화위원회를 열어...,https://www.naeil.com/news/read/584824?ref=naver,18,,1
[표] 은행간 단기금리 기준-코리보(10일),※다음은 연합인포맥스가 10일 오전 11시02분에 고시한 한국의 은행간 단기금리 기준 입니다. ────┬──────────── 기간│금리(%) 전일대비...,https://news.einfomax.co.kr/news/articleView.html?idxno=4408881,4,,1
"퇴임 전 마지막 '금통위' 이창용 한은 총재 ""4년 간 내린 결정 후회한 적...","이날 한국은행은 기준금리를 연 2.50% 수준으로 동결하기로 결정했다. 지난해 7월부터 8월, 10월, 11월에 이어 올해 1월, 2월, 4월까지 총 7차례 연속 동결이다. 이번 기준금리 동결은 예상했던 흐름이다. 중동 전쟁이 경제에...",http://www.consumernews.co.kr/news/articleView.html?idxno=753794,17,,1
"KDB연구소 “환율상승, 개인 해외주식투자 증가 원인”",이창용 한국은행 총재가 지난해 11월 환율상승의 원인으로 한·미 금리차이가 아닌 해외주식 투자가 늘었기... 2023년 7월 미 연준의 기준금리 인상이 종료된 이후 달러 인덱스가 하락했음에도 원화는 달러 대비 약세를...,https://www.naeil.com/news/read/584768?ref=naver,23,,1
중동 전쟁 불확실성에…기준금리 7연속 동결,한은은 다음 달 새 총재 체제에서 성장과 물가 흐름을 점검하며 향후 정책 방향을 가늠할 것으로 보입니다. 연합뉴스TV 김수빈입니다. [영상편집 김소희] #물가 #환율 #한국은행 #기준금리 #이창용 #금융통화위원회,http://www.yonhapnewstv.co.kr/MYH2026041012581272V,21,,1
"이창용 ""서울 집값 상승 그대로 두면 장래 어둡다""",이창용 한국은행 총재가 10일 서울 중구 한국은행에서 열린 금융통화위원회의 금리 결정에 대한 기자간담회에서 취재진 질문에 답하고 있다./사진=미디어펜 김상문 기자 이 총재는 이날 금융통화위원회에서 기준금리를 연...,https://www.mediapen.com/news/view/1092554,13,,1
"[현장] 이창용 한은 총재, 마지막 금통위…“후임 체제, 고환율·고물가...",한국은행 제공 한국은행 금융통화위원회가 10일 기준금리를 현 수준인 2.50%으로 동결했다. 이번 동결은 중동 전쟁 확산에 따른 국제유가 변동성 확대와 대외 여건의 불확실성을 고려한 조치로 풀이된다. 이창용 총재는 오는...,http://www.segyebiz.com/newsView/20260410508309?OutUrl=naver,21,,1
"한은총재 ""물가압력 커지면 대응…스태그플레이션 가능성 작아""(종합)","한국은행 총재는 10일 ""중동 전쟁에 따른 공급 충격이 장기화하면서 물가 상승 압력이 확산하고 기대인플레이션이 불안정해질 경우에는 정책적 대응이 필요하다""고 밝혔다. 이 총재는 이날 한은 금융통화위원회가 기준금리...",https://www.yna.co.kr/view/AKR20260410088200002?input=1195m,18,,1
"이창용 한은 총재 “올해 물가 상승률, 당초 전망보다 높아질 것”","후임 신현송, 외화 재산 논란엔 “과도한 우려” 중동 전쟁으로 인한 글로벌 유가 상승으로 한국의 올해 물가 상승률이 예상보다 높아질 가능성이 커졌다고 이창용 한국은행 총재가 밝혔다. 이 총재는 10일 기준금리...",https://www.chosun.com/economy/economy_general/2026/04/10/Q5H266U2OJBVPOMUJNLJ35G4IM/?utm_source=naver&utm_medium=referral&utm_campaign=naver-news,17,,1
"이창용 ""현시점 인상·인하 여부보다 중동사태 추이 먼저 봐야""(종합)","이창용 한국은행 총재가 향후 3개월 내 금리 전망과 관련, 금통위원들이 금리 인상 및 인하에 대한 논의는... 시장에 기준금리 인상 기대가 선반영되어 있다는 평가에 대해서는 변동성이 큰 현재의 시장금리로 인상...",https://news.einfomax.co.kr/news/articleView.html?idxno=4408874,12,,1
"이창용 ""공급 충격 일시적이면 금리 조정 바람직 하지 않아""","이창용 한국은행 총재는 10일 ""이란 전쟁에 따른 공급충격이 일시적일 경우 금리 조정으로 대응하지 않는 것이 바람직하다""고 밝혔다. 이 총재는 이날 한은 금융통화위원회가 기준금리를 연 2.50%로 동결한 뒤 열린...",https://www.g-enews.com/view.php?ud=202604101238343486bbed569d68_1,18,,1
"이창용 마지막 금통위, 7연속 금리 유지",공공뉴스=정진영 기자 한국은행 금융통화위원회가 이창용 한국은행 총재의 임기 내 마지막 본회의에서 기준금리를 현 수준인 연 2.5%로 유지했다. 지난해 7월 이후 올해 4월까지 7회 연속 동결이다. 이창용 한국은행 총재....,http://www.00news.co.kr/news/articleView.html?idxno=103166,13,,1
"[포토] 한국은행, 기준금리 2.5% 유지...7연속 동결",이창용 한국은행 총재가 10일 서울 중구 한국은행에서 열린 금융통화위원회의 금리 결정에 대한 기자간담회에 참석하고 있다.이창용 한국은행 총재가 10일 서울 중구 한국은행에서 열린 금융통화위원회의...,https://www.meconomynews.com/news/articleView.html?idxno=130059,13,,1
"한국은행, 7회 연속 기준금리 2.50% 동결···올해 성장률 2.0% 하회 예상...",투데이코리아=김준혁 기자 | 한국은행 금융통화위원회(금통위)가 다시 한 번 동결했다. 특히 중동전쟁에 따른 경제 하방압력을 우려하며 올해 성장률이 2.0%를 하회할 것으로 내다봤다. 10일 한은 금통위는 기준금리를 2.50...,https://www.todaykorea.co.kr/news/articleView.html?idxno=400633,18,,1
"한은총재 ""서울 중심 주택가격 상승 그대로 두면 장래 어두워""","이창용 한국은행 총재는 10일 ""서울 중심 주택가격 상승을 그대로 둔 채로는 우리나라 장래가 어둡다""고 지적했다. 이 총재는 이날 금융통화위원회가 기준금리를 연 2.50%로 동결한 뒤 열린 기자간담회에서 ""주택 가격 상승이...",https://www.jeonmae.co.kr/news/articleView.html?idxno=1247073,18,,1
"한국은행, 기준금리 연 2.50% 동결 [포토오늘]",이창용 한국은행 총재가 10일 오전 서울 중구 한국은행 본관에서 열린 금융통화위원회 본회의에서 의사봉을 두드리고 있다. ⓒ공동사진취재단,https://www.sisaon.co.kr/news/articleView.html?idxno=200129,13,,1
"이창용 ""단기 충격에는 금리조정 안 하는 것이 바람직""","이창용 한국은행 총재가 ""공급 충격이 일시적일 경우 정책 시차 등을 고려할 때 금리 조정으로 대응하지 않는 것이 바람직하다""고 밝혔습니다. 이 총재는 오늘(10일) 한은 금융통화위원회가 기준금리를 연 2.50%로 동결한 뒤...",https://biz.sbs.co.kr/article_hub/20000303505?division=NAVER,18,,1
'기준금리 2.5%' 7연속 동결…통화정책방향 간담회 발언하는 이창용 총...,이창용 한국은행 총재가 10일 서울 중구 한국은행 본관에서 열린 금융통화위원회 본회의 후 기자간담회에서 발언하고 있다. ※CBS노컷뉴스는 여러분의 제보로 함께 세상을 바꿉니다. 각종 비리와 부당대우...,https://www.nocutnews.co.kr/news/6500209?utm_source=naver&utm_medium=article&utm_campaign=20260410123216,13,,1
한은 '기준금리 2.5%' 7연속 동결,이창용 한국은행 총재가 10일 서울 중구 한국은행 본관에서 열린 금융통화위원회 본회의 후 기자간담회에서 발언하고 있다. ※CBS노컷뉴스는 여러분의 제보로 함께 세상을 바꿉니다. 각종 비리와 부당대우...,https://www.nocutnews.co.kr/news/6500208?utm_source=naver&utm_medium=article&utm_campaign=20260410123216,18,,1
"이창용 ""현시점에선 스태그플레이션 가능성 작아""","이창용 한국은행 총재는 10일 ""현시점에서는 스태그플레이션 가능성이 작다""고 밝혔다. 이 총재는 이날 한은 금융통화위원회가 기준금리를 연 2.50%로 동결한 뒤 열린 기자간담회에서 ""2주 뒤에 무슨 일이 일어날지 예측...",https://www.g-enews.com/view.php?ud=202604101229306790bbed569d68_1,18,,1
[금리동결 배경과 전망] 유가급등이 초래한 성장·인플레 부담(종합),"한국은행 금융통화위원회가 10일 기준금리를 동결한 것은 중동사태가 물가와 성장에 미치는 파장을 더 지켜봐야 한다는 판단에 따른 것으로 풀이된다. 중동 전쟁으로 성장은 하방, 물가는 상방 압력을 받을 것으로...",https://news.einfomax.co.kr/news/articleView.html?idxno=4408870,13,,1
"한은, 기준금리 2.50% 7연속 동결..중동 사태 불확실성 커",브레이크뉴스 문홍철 기자= 한국은행 금융통화위원회는 다음 통화정책방향 결정시까지 한국은행 기준금리를 2.50%로 유지해 통화정책을 운용하기로 했다고 10일...,http://www.breaknews.com/1199229,18,,1
"이창용 마지막 금통위, 기준금리 7연속 동결…전쟁에 물가·환율 우려(종...","한국은행 금융통화위원회는 10일 오전 통화정책방향 회의를 열어 기준금리를 연 2.50%로 7연속 동결했다. 중동 전쟁 여파로 환율과 물가, 성장의 불확실성이 커진 상황을 감안해 동결을 선택한 것으로 해석된다. 전쟁...",https://www.nocutnews.co.kr/news/6500214?utm_source=naver&utm_medium=article&utm_campaign=20260410122615,16,,1
"한은, 기준금리 2.50% 동결…""물가↑·성장↓"" 경고","/뉴시스 한국은행 금융통화위원회가 10일 기준금리를 연 2.50%로 동결했다. 중동전쟁으로 물가의 상방압력과 성장의 하방압력이 동시에 커지고 금융·외환시장 변동성도 크게 확대된 만큼, 현 수준을 유지하면서 사태의...",http://www.metroseoul.co.kr/article/20260410500102,18,,1
"[포토] 한국은행, 기준금리 2.5% 동결",이창용 한국은행 총재가 10일 서울 중구 한국은행에서 열린 통화정책방향 기자간담회에서 취재진 질문에 답하고 있다.,https://view.asiae.co.kr/article/2026041012220370099,12,,1
"이창용 총재 ""환율 과거 레벨과 비교에서 벗어나야""","[사진=한은] 이창용 한국은행 총재는 10일 ""환율 1200원, 1500원 등 레벨을 과거와 비교하는 것에서 벗어나야 한다""고 밝혔다. 이 총재는 이날 금융통화위원회가 기준금리를 연 2.50%로 동결한 뒤 기자간담회를 열어...",https://www.ajunews.com/view/20260410121425353,21,,1
"한은총재 ""서울 중심 집값 상승 그대로 두면 장래 어두워…부동산정책...","이창용 한국은행 총재가 10일 ""서울 중심 주택가격 상승을 그대로 둔 채로는 우리나라 장래가 (어둡다)""고 지적했다. 이 총재는 이날 한은 금융통화위원회가 기준금리를 연 2.50%로 동결한 뒤 기자간담회를 열어 ""주택 가격...",https://www.imaeil.com/page/view/2026041012120538451,18,,1
"이창용 ""중동 전쟁으로 韓경제 공급 충격…전개따라 스태그 우려도""","이창용 한국은행 총재 취임 이후 금융통화위원회 기준금리 결정 추이.(자료=한국은행) 그는 ""러시아·우크라이나 전쟁 시와 비교해 볼 때, 그때와 같이 통화정책으로 적극 대응하게 될 가능성과 그렇지 않을 가능성이 모두...",https://zdnet.co.kr/view/?no=20260410112254,13,,1
"""중동발 물가·성장 불안""‥기준금리 7연속 동결",◀ 앵커 ▶ 한국은행이 기준금리를 2.50%로 동결하기로 했습니다. 고유가로 물가 상승이 우려되는 한편 성장률 전망도 낮아지는 진퇴양난의 상황에서 현재 금리 수준을 유지하면서 추이를 지켜보는 게 맞다고 판단한...,https://imnews.imbc.com/replay/2026/nw1200/article/6814204_36967.html,12,,1
"한국은행, 기준금리 연 2.50% 유지…7연속 동결","[사진=뉴스1]  한국은행 금융통화위원회(금통위)가 10일 연 2.50%인 기준금리를 유지하기로 결정했다. 7연속 동결 결정이다. 앞서 금통위는 지난해 5월 기준금리를 연 2.75%에서 2.50%로 내린 이후 수도권 집값, 환율...",http://www.newskr.kr/news/articleView.html?idxno=104099,16,,1
한은 '기준금리 2.5%' 7연속 동결...발언하는 이창용 총재 [TF사진관],"한국은행은 이날 금융통화위원회(금통위)를 열고 기준금리를 연 2.50%로 유지하기로 결정했다고 밝혔다. 한은 금통위는 지난해 1월 금리를 3.00%로 동결한 뒤 2월과 5월에 각각 0.25%포인트 인하하고, 7월과 8월, 10월...",https://news.tf.co.kr/read/photomovie/2311821.htm,18,,1
"이창용 한은 총재 ""서울 집값 이대로 두면 나라 미래 어둡다""...수도권 ...","이날 한국은행 금융통화위원회는 기준금리를 연 2.50%로 동결했고, 이 총재는 기자간담회에서 “서울 중심 주택가격 상승을 그대로 둔 채로는 우리나라 장래가 어둡다”는 취지로 말했습니다. 이 총재는 주택가격 상승이...",https://www.ikbc.co.kr/article/view/kbc202604100028,18,,1
"금통위 ""올해 성장률 2.0% 밑돌고 물가 2.2% 넘을 듯""","둔화"" 한국은행 금융통화위원회(이하 금통위)가 올해 우리나라 경제 성장률이 2%를 밑돌고 물가 상승률은 2% 중반대로 상승할 수 있다고 전망했다. 금통위는 10일 기준금리를 연 2.50%로 동결한 뒤 배포한 통화정책방향...",https://www.sisajournal.com/news/articleView.html?idxno=369032,13,,1
"이창용 ""신현송 교수 애국심 그렇게 의심하지 않아""…기준금리 동결","◇ 중동 전쟁 충격에 금리 동결…""불확실성 큰 만큼 상황 더 봐야"" 이창용 한국은행 총재는 이날 금통위 직후 모두발언에서 ""오늘 금융통화위원회는 한국은행 기준금리를 현재의 2.5%에서 유지하기로 결정했다""며 ""중동...",https://www.straightnews.co.kr/news/articleView.html?idxno=299882,13,,1
"“트럼프가 안도와줘”…李, 고환율 부담속 퇴장",사진공동취재단 이창용 한국은행 총재가 마지막으로 주재한 금융통화위원회가 10일 기준금리를 현 2.5% 수준으로 유지하기로 했다. 이 총재의 임기는 오는 20일 끝난다. 이날 한은 금통위는 통화정책 결정문에서 “물가의...,https://www.munhwa.com/article/11581385?ref=naver,21,,1
"이창용 ""서울중심 집값 상승 두면 나라 장래 어두워""","이창용 한국은행 총재는 10일 ""서울 중심 주택가격 상승을 그대로 둔 채로는 우리나라 장래가 어둡다""며... 이 총재는 이날 한은 금융통화위원회가 기준금리를 연 2.50%로 동결한 뒤 가진 기자간담회에서 ""주택 가격...",https://www.nocutnews.co.kr/news/6500194?utm_source=naver&utm_medium=article&utm_campaign=20260410120415,18,,1
[12뉴스] 오늘의 주요뉴스,"한국은행이 기준금리를 연 2.5%로, 일곱 차례 연속 동결했습니다. 중동전쟁의 여파로 환율과 물가, 성장 모두 불확실성이 커지면서 '동결 후 관망'을 선택한 것으로 풀이됩니다. 4. 통일교 금품수수 의혹을 수사하는 검경...",https://news.sbs.co.kr/news/endPage.do?news_id=N1008513231&plink=ORI&cooper=NAVER,15,,1
"한국은행, 기준금리 2.5% 유지…'전쟁·환율·물가' 고려해 7연속 동결",| 내외경제TV=김민호 기자 | 한국은행이 기준금리를 현재 수준고 동일하게 유지하기로 결정했다. 지난해 5월 기준금리 0.25% 인하 결정 이후 7회 연속 동결이다. 한국은행 금융통화위원회는 10일 오전 통화정책방향...,https://www.nbntv.co.kr/news/articleView.html?idxno=4020699,16,,1
"한은, 기준금리 2.50% 동결…중동 리스크에 '신중 모드'",한국은행 금융통화위원회가 기준금리를 연 2.50%로 동결했다. 사진=김수식 기자  한국은행 금융통화위원회(금통위)가 기준금리를 연 2.50%로 동결하며 대내외 불확실성에 대응한 신중 기조를 이어갔다. 중동 지역 긴장...,http://www.bizwnews.com/news/articleView.html?idxno=133292,18,,1
"이창용 ""중동전쟁 파급경로 점검하며, 금리 정책""",사진공동취재단 = 이창용 한국은행 총재가 10일 서울 중구 한국은행 본관에서 열린 금융통화위원회 본회의에 참석하고 있다. 2026.04.10 photo@newspim.com 관련해 이날 금통위는 기준금리를 현재 연 2.50%에서 동결하기로...,https://www.newspim.com/news/view/20260410000603,13,,1
"기준금리 7연속 묶은 한은…""중동전쟁에 '물가↑·성장↓' 압력 함께 커...",한국은행 금융통화위원회(금통위)는 기준금리를 연 2.50%로 7회 연속 동결하면서 중동전쟁으로 물가의 상방압력과 성장의 하방압력이 함께 증대되고 금융·외환시장 변동성이 크게 확대된 점을 배경으로 들었다....,https://www.getnews.co.kr/news/articleView.html?idxno=867451,18,,1
기준금리 7연속 동결…보험사 K-ICS 변동성 '촉각',한국은행 금융통화위원회가 기준금리를 연 2.50%로 7차례 연속 동결했다. 중동발 지정학 리스크로 물가·환율·성장 경로가 동시에 흔들리는 상황에서 섣부른 정책 변경보다 '관망'에 무게를 둔 결정이다. 다만 금리 경로...,http://www.fins.co.kr/news/articleView.html?idxno=108174,19,,1
"이창용 총재 ""주택 가격 상승 두면 자본 효율적 배분에 문제""","[사진=연합뉴스] 이창용 한국은행 총재는 10일 ""서울 중심의 주택 가격 상승을 그대로 두면 자본의 효율적 배분에서도 문제""라고 밝혔다. 이 총재는 금융통화위원회가 기준금리를 연 2.50%로 동결한 뒤 기자간담회를 열어...",https://www.ajunews.com/view/20260410115330351,13,,1
"이창용 한은총재 ""신현송 후보자, 해외자산보다 애국심 더 클 것으로 믿...",이창용 한국은행 총재가 신현송 차기 총재 후보자에 대해 언급했다. 이 총재는 10일 한은 금융통화위원회가 기준금리를 연 2.50%로 동결한 뒤 기자간담회를 열었다. 이 자리에서 '신 후보자의 외화 자산 비중이 높다는...,https://www.slist.kr/news/articleView.html?idxno=730777,18,,1
"한은, 기준금리 연 2.50% 동결… 물가·환율 ‘이중 압박’",2026.4.10 /연합뉴스 한국은행이 기준금리를 연 2.50%로 동결했다. 이번까지 일곱 차례 연속 금리 동결이다. 중동전쟁 영향으로 금융·외환시장 변동성이 커진 상황 속 기준금리 변화는 금융 불안정으로 이어질 수 있다고...,https://www.kyeongin.com/article/1761634,21,,1
"'중동發 물가·성장 불안에'…한은, 기준금리 7연속 동결",한국은행이 10일 금융통화위원회를 열고 기준금리를 연 2.5%로 동결했다. 금통위원 7명 만장일치였다. 한은 금통위는 지난해 5월 금리를 0.25%포인트 내린 이후 7·8·10·11월과 올해 1·2월 잇달아 금리를 묶었다. 이번까지...,https://news.tvchosun.com/site/data/html_dir/2026/04/10/2026041090116.html,18,,1
"이창용 ""신현송 애국심, 가진 자산보다 더 클 것으로 믿어""","이창용 한국은행 총재는 10일 ""신현송 차기 총재 후보자의 애국심이 가진 자산보다 클 것으로 믿어 의심치 않는다""고 말했다. 이 총재는 이날 한은 금융통화위원회가 기준금리를 연 2.50%로 동결한 뒤 가진...",https://www.nocutnews.co.kr/news/6500183?utm_source=naver&utm_medium=article&utm_campaign=20260410115314,18,,1
이란 전쟁 변수에 발 묶인 한은…기준금리 2.5% 또 동결,지난해 하반기부터 7회째 제자리걸음…차기 총재 체제서 지정학 리스크 대응 한국은행 금융통화위원회가 10일 통화정책방향 결정회의를 개최해 기준금리를 연 2.5%로 묶었다. 이로써 이달 퇴임을 앞둔 이창용 총재 주재의...,https://www.sisajournal.com/news/articleView.html?idxno=369010,18,,1
"한은, 기준금리 7연속 동결",이 총재의 임기(4월 20일) 전 마지막 통화정책방향 회의가 된 이번 회의에서 한은 금통위는 기준금리를 연 2.50%로 유지했다. [사진공동취재단] 이창용 한국은행 총재가 주재하는 마지막 금융통화위원회가 10일 기준금리를...,https://biz.heraldcorp.com/article/10714492?ref=naver,18,,1
"이창용 ""스태그플레이션 가능성 작아…일시적 충격엔 금리 안 띄운다""","이 총재는 이날 한국은행 금융통화위원회가 기준금리를 연 2.50%로 동결한 뒤 열린 기자간담회에서 이같이 말했다. 그는 ""공급충격에 대한 통화정책의 기본 원칙은 명확하다""며 ""충격이 장기화하면서 물가 상승 압력이...",https://www.sisajournal.com/news/articleView.html?idxno=369037,13,,1
"한국은행, 기준금리 '7회 연속 동결'...금리 인상 어려운 상황 지속","한국은행 금융통화위원회가 10일 통화정책방향 회의에서 기준금리를 연 2.50%로 유지하며 7회 연속 금리 동결이 이어졌다. 이번 금통위는 중동에서 이란전쟁이 발발한 이후 처음 열린 회의로, 전문가들은 전쟁에 따른...",https://www.ppss.kr/news/articleView.html?idxno=292215,13,,1
"한은총재 ""집값 두면 자본비효율 등 문제…부동산정책 이어가야""","한지훈 임지우 기자 = 이창용 한국은행 총재는 10일 ""서울 중심 주택가격 상승을 그대로 둔 채로는 우리나라 장래가 (어둡다)""고 지적했다. 이 총재는 이날 한은 금융통화위원회가 기준금리를 연 2.50%로 동결한 뒤...",https://www.yna.co.kr/view/AKR20260410083100002?input=1195m,18,,1
"한은 ""이란 전쟁에 올해 성장률 1%대로 추락…물가는 2% 중후반대로 높...","한국은행은 10일 ""앞으로 반도체 수출 호조와 추가경정예산에도 불구하고 에너지 가격 상승과 공급 차질의... 한은은 이날 금융통화위원회(금통위)가 '위원 7명 전원 일치' 의견으로 기준금리를 연 2.50%를 동결하면서...",https://www.g-enews.com/view.php?ud=202604101144514569bbed569d68_1,18,,1
"금리 인하 사이클 끝났나…한은 7연속 동결, 인상 전환 가능성 주목","한국은행 금융통화위원회는 10일 통화정책방향 회의에서 기준금리를 연 2.50%로 유지했다. 이번 결정으로 금리는 7차례 연속 동결됐으며, 지난해 7월 이후 약 10개월째 같은 수준이 이어지고 있다. 이번 동결은 물가와 성장...",https://www.betanews.net/article/view/beta202604100032,18,,1
"이창용 마지막 금통위, 금리 7연속 동결… ""올 성장률 2% 안 될 것""","2026.4.10 [사진공동취재단] ⓒ 연합뉴스 한국은행이 기준금리를 다시 한번 동결하며 신중한 행보를 이어갔다. 한은 금융통화위원회(금통위)는 10일 오전 본관에서 통화정책방향 결정 회의를 열고, 기준금리를 지금과 같은...",https://www.ohmynews.com/NWS_Web/View/at_pg.aspx?CNTN_CD=A0003223161&CMPT_CD=P0010&utm_source=naver&utm_medium=newsearch&utm_campaign=naver_news,18,,1
[속보] 이창용 “현시점 스태그플레이션 가능성 작아”,기자간담회는 한국은행 금통위가 기준금리를 연 2.50%로 동결한 뒤 열렸다. 이 총재는 또 원·달러환율과 관련해선 “이란사태가 안정되면 그 이전에 굉장히 빠른 속도로 올라간 환율이 그만큼 빠르게 내려올 가능성 있을...,https://www.joongang.co.kr/article/25419134,16,,1
"한은 기준금리 연 2.50%로 7연속 동결, 이란전쟁 따른 유가·환율 불안 ...",한국은행이 기준금리를 7번 연속 동결했다. 한국은행 금융통화위원회는 10일 서울 중구 본관에서 통화정책방향회의를 열고 기준금리를 연 2.50%로 유지하기로 결정했다. 이창용 한국은행 총재가 10일 서울 중구...,https://www.businesspost.co.kr/BP?command=article_view&num=435418,21,,1
"한은, 기준금리 2.5%로 7회 연속 동결…""중동 불확실성 커""",이창용 한국은행 총재가 10일 서울 중구 한국은행 본관에서 열린 금융통화위원회 본회의에서 의사봉을 두드리고 있다./연합뉴스 한국은행 금융통화위원회가 10일 통화정책방향 회의에서 기준금리를 연 2.50%로 유지했다....,http://www.seouleconews.com/news/articleView.html?idxno=90559,18,,1
기준금리 '7연속 동결'…이란전쟁에 물가·환율·성장 모두 불안,한국은행 금융통화위원회(이하 금통위)가 10일 금융통화위원회(금통위)를 열고 기준금리를 연 2.5%로 동결했다. 금통위원 7명 전원이 기준금리 동결에 찬성했다. 지난해 하반기부터 임기 종료를 앞둔 이창용 총재의...,http://www.newsfc.co.kr/news/articleView.html?idxno=78007,16,,1
기준금리 2.50% 또 묶은 한국은행,"한국은행이 10일 금융통화위원회에서 기준금리를 위원 7명의 만장일치로 연 2.50%로 동결했다. 결정문에는 ""세계경제가 그간 AI 투자와 주요국 재정 확대에 힘입어 비교적 양호한 성장세를 이어왔지만, 중동전쟁 이후 에너지...",https://www.datasom.co.kr/news/articleView.html?idxno=208322,13,,1
"한은, 기준금리 7연속 동결…물가↑·성장↓ ‘이중 압박’","한국은행 금융통화위원회(금통위)는 10일 기준금리를 현 수준인 연 2.50%로 유지했다. 중동 전쟁 여파로 금리를 올릴 수도, 내릴 수도 없는 딜레마 상황에 처한 것으로 풀이된다. 금통위는 이날 오전 서울 중구 한은...",https://www.kukinews.com/article/view/kuk202604100059,18,,1
"이창용 ""금통위원 3개월 내 전망에서 인상 논의 없어""",금통위는 이날 기준금리를 연 2.5%로 유지하기로 했다. 지난해 7월부터 7회 연속 동결 결정이다. 이창용 한국은행 총재가 10일 서울 중구 한국은행 본관에서 열린 금융통화위원회 본회의를 주재하고 있다. (사진= 공동취재단)...,http://www.edaily.co.kr/news/newspath.asp?newsid=03348886645414808,13,,1
4월 10일 NEWS 11 오프닝,지난 4년간 한국은행을 이끌었던 이창용 한은 총재의 마지막 금융통화위원회가 열렸습니다. 총재의 임기 막판 중동 전쟁이라는 거대한 변수를 맞이한 금통위는 역시나 모두가 예상했던 대로 기준금리를 유지했습니다....,https://biz.sbs.co.kr/article_hub/20000303474?division=NAVER,18,,1
"이창용 ""중동 사태 한치 앞 몰라⋯공급 충격 일시적이면 금리 대응 안해...","이투데이=배근미 기자 | 이창용 한국은행 총재는 10일 ""공급 충격이 일시적일 경우 정책 시차 등을 고려할 때 금리 조정으로 대응하지 않는 것이 바람직하다""고 밝혔다. 이 총재는 이날 한은 금융통화위원회가 기준금리를...",https://www.etoday.co.kr/news/view/2574641,18,,1
[이시각헤드라인] 4월 10일 뉴스센터,"1원으로 집계됐습니다. ■한은, 7연속 기준금리 동결…연 2.5% 유지■ 한국은행이 7회 연속 기준금리 연 2.5%를 유지했습니다. 중동 전쟁 여파로 물가와 환율이 동시에 불안한 상황을 고려한 결정으로 보입니다.",http://www.yonhapnewstv.co.kr/MYH20260410113633YBL,20,,1
"한은총재 ""신현송 애국심, 해외자산보다 더 크다고 믿어""","한지훈 임지우 기자 = 이창용 한국은행 총재는 10일 ""신현송 차기 총재 후보자의 애국심이 가진 자산보다 클 것으로 믿어 의심치 않는다""고 말했다. 이 총재는 이날 한은 금융통화위원회가 기준금리를 연 2.50%로 동결한 뒤...",https://www.yna.co.kr/view/AKR20260410080000002?input=1195m,18,,1
"이창용 총재 ""공급 충격 일시적이면 통화정책으로 대응 않는 게 바람직...","""스태그플레이션 가능성은 적어"" 아주경제=장수영·장선아 기자 swimming@ajunews.com 이창용 한국은행 총재가 10일... 이 총재는 이날 오전 금융통화위원회가 기준금리를 연 2.50%로 동결한 뒤 기자간담회를 열어 ""우리 경제는...",https://www.ajunews.com/view/20260410112948342,13,,1
금통위 “올해 성장률 2.0% 밑돌 전망”,"한국은행 금융통화위원회(금통위)가 당초 예상과 달리 올해 경제 성장률은 떨어지고, 물가 상승률은 오를 가능성을 제기했다. 금통위는 10일 통화정책방향 회의 의결문에서 “현재의 기준금리 수준을 유지하면서 사태의...",https://www.busan.com/view/busan/view.php?code=2026041011341497147,13,,1
“올해 성장률 2.0% 하회…물가상승률 2.2% 상회” [기준금리 동결],"한국은행 금융통화위원회가 또다시 기준금리를 연 2.50%로 동결했다. 중동전쟁으로 물가 상방 압력과 성장 하방압력이 함께 증대되고, 금융·외환시장 변동성도 확대됐다는 이유다. 한은은 금통위원 7명 모두가 동결에...",https://www.ekn.kr/web/view.php?key=20260410022405914,18,,1
"[한국 국채, 4월부터 세계국채지수 편입] WGBI 편입 첫발 뗀 한국 국채…...",한국 국채 시장이 사실상 선진국 국채 시장과 같은 기준으로 평가받는 단계에 들어섰다는 뜻이기 때문이다. 하지만 시장엔 편입 효과가 금리 방향성을 완전히 바꾸기엔 한계가 있다는 신중론도 있다.김찬희...,https://economychosun.com/site/data/html_dir/2026/04/03/2026040300020.html,4,,1
"""7번째 동결"" 금리는 멈췄는데…대출금리는 왜 안 떨어지나",한국은행 금융통화위원회(금통위)가 기준금리를 7연속 동결했다. 지난 1월 통화결정문에서 '기준금리 인하 가능성' 문구를 삭제하며 금리 인하 신호를 사실상 거둬들인 이후 방향성이 뚜렷해지지 않으면서 당분간...,https://www.news1.kr/finance/general-finance/6132169,14,,1
"금통위 ""올해 성장률 2% 아래, 물가는 2%대 중후반""",OECD 수정전망과 비슷 한국은행 금융통화위원회가 10일 '이란전 쇼크'로 올해 경제성장률이 당초 예상했던 2% 아래로 떨어지고 소비자물가는 2%대 중후반으로 높아질 것으로 예상했다. 금통위는 이날 만장일치로 기준금리...,https://www.viewsnnews.com/article?q=235033,13,,1
"여러 '빅 이슈' 속...장중, 아시아 10곳 증시 '대부분 급등 및 상승'",점 ▲그리고 한국은행(BOK)이 환율 방어 등을 위해 시장 예상대로 기준금리를 또 동결시킨 점 등이 이날 아시아 증시에서 주요 이슈로 부각됐다. 이 시각 한국증시 코스피 지수는 5889.54로 1.93%나 치솟은 채로...,http://www.choicenews.co.kr/news/articleView.html?idxno=163634,17,,1
"한은총재 ""현시점에선 스태그플레이션 가능성 작아""","""최악의 시나리오 땐 가능성 부인 어려워"" 한지훈 임지우 기자 = 이창용 한국은행 총재는 10일 ""현시점에서는 스태그플레이션 가능성이 작다""고 밝혔다. 이 총재는 이날 한은 금융통화위원회가 기준금리를 연 2.50%로 동결한...",https://www.yna.co.kr/view/AKR20260410079000002?input=1195m,18,,1
이창용 “공급충격 장기화로 물가 상승압력 커지면 정책 대응”,이창용 한국은행 총재는 10일 “공급 충격이 일시적일 경우 정책 시차 등을 고려할 때 금리 조정으로... 앞서 이날 금통위는 이날 통화정책방향 회의를 열고 기준금리를 연 2.50%로 동결했다. 이날 회의는 오는 20일 임기가...,https://www.seoul.co.kr/news/economy/finance/2026/04/10/20260410500126?wlog_tag3=naver,12,,1
‘중동 사태’에 물가 2.2% 상회·성장률 2% 하회 전망,윤창빈 기자 한국은행이 7회 연속 기준금리를 동결한 것은 그만큼 ‘중동 사태’에 따른 경제적 불확실성이 커진 상황을 반영한 것으로 풀이된다. 이창용 한은 총재는 10일 ‘통화정책방향 결정문’에서 “중동사태...,https://biz.heraldcorp.com/article/10714422?ref=naver,17,,1
한은 기준금리 연 2.50%로 7연속 동결…전쟁·물가·성장 '딜레마',"/ 연합뉴스 제공 한국은행 금융통화위원회(금통위)가 10일 통화정책방향 회의에서 기준금리를 연 2.50%로 유지했다. 이로써 지난해 7월 이후 7차례 연속 동결이 이어지며, 다음 회의(5월 28일)까지 약 10개월 이상 금리가...",https://www.fntoday.co.kr/news/articleView.html?idxno=382010,18,,1
"한은, 기준금리 연 2.50%로 ‘7연속 동결’…미·이란 전쟁 불확실성 반...","한국은행 금융통화위원회가 기준금리를 연 2.50%로 유지하며 7연속 동결했다. 금통위가 10일 통화정책방향 회의에서 위원 전원일치 의견으로 기준금리를 연 2.50%로 결정했다. 2월 말 미국과 이란전쟁 영향으로 환율, 물가...",https://www.kyeonggi.com/article/20260410580125,21,,1
"한은, 올해 물가 2%대 중후반 전망...기준금리 2.50% 7연속 동결","한국은행 금융통화위원회가 10일 기준금리를 연 2.50%로 동결했다. 중동전쟁 여파로 물가와 성장의 불확실성이 동시에 커진 가운데, 당분간은 금리 인하보다 상황 점검에 무게를 두겠다는 신호로 해석된다. 금통위는 이날...",https://www.raonnews.com/news/article.html?no=57383,18,,1
"한은, 기준금리 2.50% 7연속 동결...이란전쟁 속 '진퇴양난' 딜레마","한국은행 금융통화위원회(금통위)가 10일 기준금리를 현행 연 2.50%로 유지하기로 결정했다. 이창용 한국은행 총재, 금통위 주재 (연합뉴스 제공) 2월 말 발발한 이란전쟁의 여파로 물가·환율·성장이 동시에 불안한...",https://www.daily365.news/2026/04/10/%ed%95%9c%ec%9d%80-%ea%b8%b0%ec%a4%80%ea%b8%88%eb%a6%ac-2-50-7%ec%97%b0%ec%86%8d-%eb%8f%99%ea%b2%b0-%ec%9d%b4%eb%9e%80%ec%a0%84%ec%9f%81-%ec%86%8d-%ec%a7%84%ed%87%b4%ec%96%91%eb%82%9c-%eb%94%9c/,21,,1
"한국은행, 기준금리 연 2.50% 동결…""중동 리스크 높아""",한국은행 금융통화위원회는 10일 열린 통화정책방향 결정 회의에서 현재 연 2.50%인 기준금리를 동결하기로 결정했다. 이번 결정에는 금통위원 7명 전원이 찬성표를 던졌다. 금융통화위원회는 중동 사태와 관련한...,https://www.ezyeconomy.com/news/articleView.html?idxno=234616,13,,1
"한은총재 ""물가 압력 커지면 대응…스태그플레이션 가능성 작아""","▲ 이창용 한국은행 총재가 10일 서울 중구 한국은행 본관에서 열린 금융통화위원회 본회의 후... 이 총재는 오늘 한은 금융통화위원회가 기준금리를 연 2.5%로 동결한 뒤 기자간담회를 열어 ""충격이 일시적일 경우에는 정책...",https://news.sbs.co.kr/news/endPage.do?news_id=N1008513182&plink=ORI&cooper=NAVER,18,,1
"한은총재 ""공급충격 일시적이면 금리로 대응하지 않아""","이창용 한국은행 총재는 10일 ""공급 충격이 일시적일 경우 정책 시차 등을 고려할 때 금리 조정으로 대응하지 않는 것이 바람직하다""고 밝혔다. 이 총재는 이날 한은 금융통화위원회가 기준금리를 연 2.50%로 동결한 뒤...",https://www.yna.co.kr/view/AKR20260410076600002?input=1195m,18,,1
"[속보] 이창용 ""기준금리 연 2.50% 동결, 금통위 만장일치 결정""",전민 이강 기자 = 10일 이창용 한국은행 총재 통화정책방향 기자간담회.,https://www.news1.kr/economy/trend/6132183,12,,1
"한은 총재 ""공급 충격 일시적이면 금리로 대응 안해야""","이창용 한국은행 총재가 ""공급 충격이 일시적일 경우에는 정책 시차 등을 고려할 때 금리 조정으로 대응하지 않는 것이 바람직하다""고 밝혔습니다. 이 총재는 오늘(10일) 한은 금융통화위원회가 기준금리를 연 2.50%로...",http://www.yonhapnewstv.co.kr/AKR20260410111920Q8H,18,,1
"[종합] 한은, 기준금리 2.50% 동결…중동전쟁 불확실성에 7회 연속 유지",[전문] 통화정책방향 □ 금융통화위원회는 다음 통화정책방향 결정시까지 한국은행 기준금리를 현재의 2.50% 수준에서 유지하여 통화정책을 운용하기로 하였다. 중동전쟁으로 물가의 상방압력 및 성장의 하방압력이 함께...,https://www.financialpost.co.kr/news/articleView.html?idxno=255046,18,,1
"중동전쟁에 ""성장 2.0% 하회·물가 2.2% 상회""…한은, 전망 대폭 수정 시...","한국은행 금융통화위원회(금통위)가 10일 기준금리를 연 2.50%로 동결하면서, 올해 성장률은 지난 2월 전망치(2.0%)를 하회하고, 물가는 전망치(2.2%)를 상당폭 웃돌 것으로 내다봤다. 중동 전쟁으로 인한 유가 등 에너지 가격...",https://www.news1.kr/economy/trend/6132142,18,,1
중동 불확실성에 금리 동결한 한은…'인하' 언급은 없었다,이달 한국은행 금융통화위원회(금통위) 통화정책방향문(통방문)에는 이란 전쟁의 불확실성에 관한 우려가 담겼다. 지난 1월부터 통방문에서 사라진 기준금리 인하 문구는 이번에도 찾아볼 수 없었다. 시장에서는 한은의...,https://www.newsis.com/view/NISX20260410_0003586051,18,,1
중동 리스크에 금리 묶은 한은…기준금리 2.50% '7연속 동결'(종합),한국은행 금융통화위원회가 기준금리를 연 2.50%로 또다시 동결했다. 중동 리스크에 따른 환율·물가 불확실성이 확대된 상황에서 정책 전환보다는 '관망'에 무게를 둔 결정으로 풀이된다. 특히 이창용 한국은행 총재가...,https://www.sidae.com/article/2026041010380850702,21,,1
[전문] 한국은행 4월 통화정책방향,금융통화위원회는 다음 통화정책방향 결정시까지 한국은행 기준금리를 현재의 2.50% 수준에서 유지하여 통화정책을 운용하기로 하였다. 중동전쟁으로 물가의 상방압력 및 성장의 하방압력이 함께 증대되고 금융·외환시장...,https://zdnet.co.kr/view/?no=20260410111410,13,,1
한은 기준금리 연 2.50% 동결⋯중동사태에 환율·물가 불확실성 우려,"한국은행 금융통화위원회(이하 금통위)가 10일 통화정책방향 회의에서 기준금리를 연 2.50%로 유지했다. 중동 전쟁 여파로 환율과 물가, 성장의 불확실성이 커진 상황을 감안해 동결을 선택한 것으로 풀이된다. 전쟁 발발...",https://www.viva100.com/article/20260410500249,21,,1
"[포토] 한국은행, 기준금리 연 2.50% 동결…7차례 연속",com 이창용 한국은행 총재가 10일 서울 중구 한국은행 본관에서 열린 금융통화위원회 본회의에서 의사봉을 두드리고 있다. 이날 한국은행 금통위는 기준금리를 연 2.50%로 유지했다. 2026.4.10,https://www.ajunews.com/view/20260410110934322,13,,1
"금통위 ""올해 물가 2.2% 상당폭 상회, 성장률 2.0% 하회 예상""",한국은행 금융통화위원회는 10일 위원 전원일치 의견으로 기준금리를 연 2.50%로 동결하면서 중동전쟁에 따른 물가 상승과 경제 성장률 하락 가능성 등을 근거로 들었다. 금통위는 이날 통화정책방향 회의 의결문에서...,https://www.nocutnews.co.kr/news/6500152?utm_source=naver&utm_medium=article&utm_campaign=20260410111314,13,,1
기준금리 2.5% 그대로인데…계속 오르는 은행 대출금리,한국은행이 기준금리를 7연속 동결했지만 은행 대출금리는 상승세를 지속하고 있다. 시장금리 상승분 반영과 가계대출 관리 강화 영향이 더해져 차주들의 부담이 확대되는 모습이다. 10일 금융권에 따르면 KB국민...,https://www.newsis.com/view/NISX20260410_0003586039,14,,1
"한은, 기준금리 연 2.5% 7연속 동결",한국은행이 기준금리를 현재 연 2.50% 수준으로 유지하기로 결정했다. 한은 금융통화위원회는 10일 통화정책방향 결정 회의를 열고 기준금리를 연 2.50%로 유지한다고 밝혔다. 7연속 동결 결정이다. 한은은 지난해 5월...,https://www.newsinside.kr/news/articleView.html?idxno=4583492,18,,1
"한은, 기준금리 2.50% 동결…""중동전쟁 불확실성, 더 지켜봐야""","사진=한국은행 한국은행 금융통화위원회가 10일 기준금리를 연 2.50%로 동결했다. 금통위원 7명 전원 일치 결정이다. 지난해 7월·8월·10월·11월, 올해 1월·2월에 이은 일곱 번째 연속 동결이다. 중동전쟁에 따른 물가...",https://www.techm.kr/news/articleView.html?idxno=150977,18,,1
"한은, 중동 위기에 기준금리 동결…7연속 2.5%","(사진=연합뉴스)  한국은행이 기준금리를 연 2.50%로 유지했다. 중동지역 전쟁에 물가와 환율, 성장이 모두 불안한 상황을 고려한 결과로 풀이된다. 한은 금융통화위원회는 10일 오전 통화정책방향 회의를 열어 기준금리를...",http://www.newscape.co.kr/news/articleView.html?idxno=121566,21,,1
"한은 금통위 “올해 韓 성장률 2% 밑돌 것… 물가는 2% 중후반 예상""",10일 한국은행 금융통화위원회(이하 금통위)는 올해 우리나라 경제 성장률이 2%를 밑돌고 물가 상승률은 2% 중반대로 오를 수 있다고 전망했다. 금통위는 이날 이창용 총재를 포함한 금통위원 7인 만장일치로 기준금리를 연...,https://biz.chosun.com/policy/policy_sub/2026/04/10/PVC4FG4CPVF4HFLUV5BWJ3CDZU/?utm_source=naver&utm_medium=original&utm_campaign=biz,18,,1
"한은 ""올해 성장률 2.0% 하회·물가 2.2% 상당폭 상회 전망""","또 ""향후 통화정책은 중동전쟁 등 대내외 여건 변화와 이에 따른 물가와 성장 흐름, 금융안정 상황 등을 면밀히 점검하면서 결정해 나갈 것""이라고 예고했습니다. #한국은행 #금리 #기준금리 #물가 #성장",http://www.yonhapnewstv.co.kr/AKR20260410110944OGa,18,,1
"한은 금통위, 기준금리 연 2.5%로 7연속 동결",한국은행 금융통화위원회(금통위)가 기준금리를 연 2.50%로 유지했다. 중동 전쟁에 따른 고유가·고환율로 물가 불안이 커진 가운데 성장 둔화 우려까지 공존하면서 관망 기조를 유지하는 판단을 내린 것으로 풀이된다....,http://www.newsdream.kr/news/articleView.html?idxno=111236,21,,1
"'만장일치' 금리 동결⋯금통위 ""올해 물가상승률, 2월 전망치 상당폭 상...",이투데이=배근미 기자 | 한국은행이 중동 전쟁 여파에 따른 물가 상방 리스크와 성장 하방 리스크를 우려하고... 한은 금통위는 10일 오전 기준금리를 2.5%로 동결 결정한 직후 통화정책방향 결정문(통방문)을 통해...,https://www.etoday.co.kr/news/view/2574619,17,,1
"4월 한은 금통위, 기준금리 연 2.5% '7연속 동결'…중동전쟁 영향 물가·...",한국은행 금융통화위원회는 10일 열린 2026년 4월 통화정책방향 회의에서 기준금리를 현행 연 2.50%로 동결했다. 이는 7회 연속 동결이다. 이번 기준금리 동결 결정은 금통위원 7명 모두가 찬성했다. 이날 금통위는 이창용...,http://www.fntimes.com/html/view.php?ud=202604101058544858179ad43907_18,18,,1
금리 동결에도 물가·환율·이자 '3중 압박'…서민경제 부담 확대,"한국은행 금융통화위원회의 기준금리 2.50% 동결 결정이 이어지는 가운데, 정책 안정과 달리 서민 경제 현장에서는 부담이 누적되는 흐름이 뚜렷해지고 있다. 물가 상승, 환율 불안, 고금리 지속이 맞물리며 가계의 실질...",https://www.newswhoplus.com/news/articleView.html?idxno=58534,16,,1
월드 뉴스 브리프 (기준일시: 2026년 04월 10일 금요일 10:00),한국은행 기준금리 동결…중동발 물가·성장 리스크 동시 경계 한국은행이 기준금리를 연 2.50%로 동결하며 신중한 통화정책 기조를 유지했습니다. 이번 결정은 시장 예상과 일치하는 결과입니다. 중동 위기로 인한 유가...,http://www.ifs.or.kr/bbs/board.php?bo_table=globalnewsfocus&wr_id=307,12,,1
"한은, 기준금리 연 2.5% 7연속 동결…“중동 전쟁 불확실성 매우 높은 상...","한국은행이 기준금리를 현재 연 2.50% 수준으로 유지하기로 결정하며 일곱 차례 연속 동결했다. 이번 결정은 중동 사태가 발발한 이후 처음 이뤄지는 것으로, 한은은 대내외 불확실성이 높아진 만큼 현재 기준금리 수준을...",https://www.hani.co.kr/arti/economy/finance/1253600.html,17,,1
한은 금리동결 배경…“물가 상방·성장 하방 압력 동시 증대”,"한국은행은 4월 금융통화위원회에서 다음 통화정책방향 결정시까지 한국은행 기준금리를 현재의 2.50% 수준에서 유지해 통화정책을 운용하기로 결정했다고 밝혔다. 한은은 기준금리를 유지하게 된 배경으로 ""중동전쟁으로...",http://www.joseilbo.com/news/news_read.php?uid=566323&class=18&grp=,18,,1
"한은 ""중동 불확실성 높아···올해 성장률 전망치 하향"" [통화정책방향...",□금융통화위원회는 다음 통화정책방향 결정시까지 한국은행 기준금리를 현재의 2.50% 수준에서 유지하여 통화정책을 운용하기로 하였다. 중동전쟁으로 물가의 상방압력 및 성장의 하방압력이 함께 증대되고 금융...,http://www.fnnews.com/news/202604100958071129,18,,1
"한은, 기준금리 연 2.5% 7연속 동결…중동發 물가·환율 불안에 발목(종...","한국은행 금융통화위원회(금통위)가 10일 기준금리를 현 수준인 연 2.50%로 유지했다. 이로써 한은은 7차례 연속 기준금리 동결 기조를 이어가게 됐다. 미국과 이란이 최근 휴전을 선언했으나, 상황이 완전히 종료되지...",https://www.news1.kr/economy/financial-currency/6132126,21,,1
"한은, 기준금리 연 2.50% 동결…중동 리스크에 “물가·성장 동시 압박”",서울경제티브이 이연아 기자 [서울경제TV = 이연아 기자] 한국은행 금융통화위원회가 기준금리를 연 2.50%로 유지했다. 중동전쟁 장기화로 국제유가와 환율 변동성이 확대되면서 물가 상방압력과 성장 하방압력이 동시에...,https://www.sentv.co.kr/article/view/sentv202604100072,21,,1
"한은, 기준금리 2.5% 만장일치 동결… 전쟁發 ‘물가·환율·성장’ 딜레...",7연속 동결 속 관망 기조… “상방 물가·하방 성장 압력 동시 확대” 유가 급등에 물가 2%대 재진입… 연내 2%대 중후반 상승 전망한국은행이 기준금리를 연 2.5%로 동결하며 통화정책의 ‘관망 기조’를 이어갔다. 이창용...,https://www.seoul.co.kr/news/economy/2026/04/10/20260410500111?wlog_tag3=naver,20,,1
"한은 기준금리 2.5% 동결…""물가·환율·성장 삼중 불안""",한국은행 금융통화위원회가 10일 통화정책방향 회의에서 기준금리를 연 2.5%로 유지했다. 2월 말 시작된 이란전쟁의 여파로 물가·환율·성장 모두 불안정한 상황 속에서 금리 인하도 인상도 어려운 상황에 처한 것으로...,http://www.globalepic.co.kr/view.php?ud=2026041010534173377cc35ccc5c_29,21,,1
"한은, 고물가·저성장 동시 압박…'중동 리스크' 탓 신중 기조","이창용 한국은행 총재가 10일 서울 중구 한국은행 본관에서 열린 금융통화위원회 본회의에서 의사봉을... 금통위는 10일 기준금리 동결 배경에 대해 ""중동 사태의 불확실성이 높은 상황에서 금리 수준을 유지하며 향후...",https://www.cstimes.com/news/articleView.html?idxno=701592,18,,1
"한은, 기준금리 7연속 동결…물가상승 우려·환율 부담",한국은행 금융통화위원회(이하 금통위)가 통화정책방향 회의에서 기준금리를 연 2.50%로 유지했다. 지난 2월말 시작된 이란전쟁의 여파로 물가·환율·성장 불확실성이 확대된 가운데 동결 이후 추이를 지켜보려는...,http://www.popcornnews.net/news/articleView.html?idxno=118017,21,,1
"한은, 기준금리 7회 연속 '동결'…""중동 불확실성 높아""",한국은행 금융통화위원회가 '위원 7명 전원 일치' 의견으로 기준금리를 연 2.50%로 동결했다. 중동전쟁에 따른 물가 상방압력이 커지고 외환시장 변동성도 확대되면서 사태의 추이를 좀 더 점검해 나가는 것이 적절하다는...,https://www.dailian.co.kr/news/view/1631968/?sc=Naver,18,,1
[전문] 한국은행 금융통화위원회 4월 통화정책방향 결정문,통화정책방향 금융통화위원회는 다음 통화정책방향 결정 시까지 한국은행 기준금리를 현재의 2.50% 수준에서 유지하여 통화정책을 운용하기로 했다. 중동전쟁으로 물가의 상방 압력 및 성장의 하방 압력이 함께 증대되고...,https://www.news1.kr/economy/trend/6132105,13,,1
"고환율·집값 사이 '동결로 넘긴 공' … 신현송 취임 후, 인상 카드 꺼낼...","뉴데일리 곽예지 기자 = 한국은행이 기준금리를 7회 연속 동결하며 약 10개월째 금리를 묶어두게 됐다. 중동발 지정학적 리스크로 환율과 물가 불확실성이 커진 가운데 수도권 집값까지 다시 들썩이면서, 금리 인하도...",https://biz.newdaily.co.kr/site/data/html/2026/04/10/2026041000082.html,15,,1
"한은 기준금리 연 2.5% 동결…""중동 전쟁 영향에 일단 관망""","한국은행 금융통화위원회(금통위)는 10일 통화정책방향 회의에서 기준금리를 연 2.50%로 유지한다고 밝혔다. 중동 전쟁 여파로 환율, 물가, 성장이 모두 불안한 상황에서 동결 외엔 다른 선택의 여지가 없었던 것으로...",https://www.idaegu.co.kr/news/articleView.html?idxno=544647,21,,1
"한은, 기준금리 연 2.50% 동결…중동發 물가·환율·성장 우려",민주신문=이한호 기자｜한국은행 금융통화위원회(금통위)가 10일 기준금리를 현행 연 2.50%로 동결했다. 이는 지난해 7월부터 이어진 7차례 연속 동결 조치다. 이번 기준 금리 동결은 미국과 이란 간 전쟁으로 촉발된...,http://www.iminju.net/news/articleView.html?idxno=162392,21,,1
"한국은행, 기준금리 2.50% 동결...""중동사태 관련 불확실성 높아""",한국은행 금융통화위원회는 오늘 통화정책방향 회의를 열어 기준금리를 현재의 2.50%로 동결하기로 했습니다. 금통위는 이로써 지난해 7월 이후 7연속으로 기준금리를 동결했습니다. 금통위는 통화정책방향 결정문에서...,https://news.bbsi.co.kr/news/articleView.html?idxno=4077542,13,,1
"한은, 기준금리 2.5% 동결…""올해 성장률 2% 하회 가능성""",이창용 한국은행 총재가 10일 서울 중구 한국은행 본관에서 열린 금융통화위원회 본회의에서 의사봉을 두드리고 있다./제공=한국은행한국은행 금융통화위원회가 기준금리를 연 2.5%로 동결했다. 지난해 7월 이후 7차례...,https://news.mtn.co.kr/news-detail/2026041010475415517,18,,1
"한은 기준금리 연 2.5% 동결... ""중동戰에 물가·환율·성장 불안""",/사진=연합뉴스 한국은행 금융통화위원회는 다음 통화정책방향 결정시까지 한국은행 기준금리를 현재의 2.50% 수준에서 유지하여 통화정책을 운용하기로 했다고 10일 발표했다. 이번 기준금리 동결 결정에 대해서는...,http://www.efnews.co.kr/news/articleView.html?idxno=128957,21,,1
"한은 금통위, 기준금리 연 2.50%…7회 연속 동결",'매파' 신현송 후보자 등판 앞두고 인하 기대감 후퇴 한국은행 금융통화위원회가 7차례 연속 금리를 동결했다. 한은 금통위는 10일 통화정책방향 회의를 열고 기준금리를 연 2.50%로 동결하기로 결정했다. 금통위는...,https://news.dealsitetv.com/articles/168453,18,,1
이창용 한은 총재 마지막 금통위⋯기준금리 연 2.50% 동결 [아이포토],이창용 한국은행 총재가 10일 서울 중구 한국은행 본관에서 열린 금융통화위원회 본회의를 주재하고 있다. 이날 금통위는 기준금리를 연 2.50%로 유지했다. 지난해 5월 기준금리를 2.75%에서 0.25%포인트 인하한 이후...,http://www.inews24.com/view/1959042,18,,1
기준금리 7연속 동결…이란전쟁에 물가·환율·성장 모두 불안(종합2보...,"2% 상당폭 상회 예상"" 전문가들 ""물가 상승세 이어지면 하반기 통화긴축 전환 가능성"" (서울=연합뉴스) 신호경 한지훈 임지우 기자 = 한국은행 금융통화위원회(이하 금통위)가 10일 통화정책방향 회의에서 기준금리를 연...",https://www.yna.co.kr/view/AKR20260410049451002?input=1195m,16,,1
[오늘의 금값시세] 4월 10일 금시세(순금·24k)는?,한국은행 금융통화위원회는 이날 올해 세 번째 통화정책방향 회의를 열고 현재 연 2.50%인 기준금리 조정 여부를 결정한다. 시장에서는 올해 1·2월에 이어 7연속 금리를 동결할 것이란 전망이 우세하다. 글로벌...,https://www.ggilbo.com/news/articleView.html?idxno=1151996,13,,1
"[그래픽] 한은, 7회 연속 기준금리 2.5%로 동결","한국은행이 10일 금융통화위원회를 열고 기준금리를 2.5%로 동결했다.미국의 기준금리는 3.50~3.75%로, 한국과 금리 차이는 1.25%p로 유지된다. (그래픽=안지혜 기자)",https://www.newsis.com/view/NISI20260410_0002107424,18,,1
"증권가 ""한은, 연내 기준금리 동결할 듯…한 차례 인상 가능성도""","김지만 삼성증권 연구원은 ""한국은행 기준금리에 대한 기본 전망은 연내 동결이다. 중동 이슈 향방이 현재까지 불확실하며, 장기화 시 한 차례 정도 인상은 가능할 수도 있을 것이란 판단""이라며 ""글로벌 다수 지역에서...",https://www.newsis.com/view/NISX20260410_0003585518,17,,1
"[전문] 한은 ""물가 상방압력·성장 하방압력 동시 증대""",[다음은 한은 통화정책방향 의결문 전문] 금융통화위원회는 다음 통화정책방향 결정시까지 한국은행 기준금리를 현재의 2.50% 수준에서 유지하여 통화정책을 운용하기로 하였다. 중동전쟁으로 물가의 상방압력 및 성장의...,https://www.seoulfn.com/news/articleView.html?idxno=626179,18,,1
"금통위 ""올해 성장률 2.0% 밑돌고 물가 2.2% 상당폭 상회 예상""",▲ 한국은행 한국은행 금융통화위원회(이하 금통위)가 오늘(10일) '위원 7명 전원 일치' 의견으로 기준금리를 연 2.50%를 동결하면서 당초 예상보다 올해 경제 성장률은 떨어지고 물가 상승률이 오를 가능성을 제기했습니다....,https://news.sbs.co.kr/news/endPage.do?news_id=N1008513117&plink=ORI&cooper=NAVER,13,,1
"한은, 기준금리 2.5% 동결…중동 리스크에 '금리 딜레마' 심화",라이센스뉴스 = 김상미 기자 | 한국은행이 기준금리를 연 2.5%로 동결했다. 이는 중동발 지정학 리스크로 물가·환율·성장 불확실성이 동시에 확대되면서 통화정책이 '인상도 인하도 어려운 딜레마' 국면에 진입했다는...,https://www.lcnews.co.kr/news/articleView.html?idxno=200564,20,,1
"한은, 기준금리 2.50% '동결'…'중동發' 성장률·물가 전망 동반 악화",이로써 기준금리는 7회 연속 현 수준으로 묶였다. 가장 눈에 띄는 대목은 한국은행의 비관적인 경제 전망 수정이다. 한은은 올해 국내 경제성장률이 지난 2월 내놓았던 전망치인 2.0%를 밑돌 것으로 내다봤다. 당초 반도체...,https://www.newsway.co.kr/news/view?ud=2026041010463586915,17,,1
"금통위 ""올해 물가, 2%대 중후반 상승…성장률 2% 밑돌 것""(종합)","한국은행 금융통화위원회는 중동전쟁으로 물가의 상방위험과 성장의 하방위험이 모두 증대됐다고... 금통위는 10일 기준금리를 2.50%로 동결한 뒤 배포한 통화정책방향 결정문에서 ""중동전쟁으로 물가의 상방위험과...",https://news.einfomax.co.kr/news/articleView.html?idxno=4408816,13,,1
"고환율·고물가에 발목잡힌 한은, 7연속 금리 동결",한국은행 금융통화위원회(금통위)가 통화정책방향 회의에서 기준금리를 연 2.50%로 유지했다. 지난 2월말부터 계속된 이란 전쟁 여파로 환율과 물가 등이 불안해 인플레이션(물가 상승) 흐름을 더 지켜볼 필요가 있다고...,https://www.shinailbo.co.kr/news/articleView.html?idxno=5009940,21,,1
"금리 동결 만장일치…금통위 ""물가·금융시장 불확실성 확대""",한국은행 금융통화위원회가 기준금리를 연 2.50%로 동결하며 통화정책의 '관망 기조'를 재확인했다. 중동전쟁에 따른 물가 상승 압력과 성장 둔화 우려가 동시에 커진 상황에서 금리 조정보다는 현 수준 유지가 적절하다고...,https://www.ebn.co.kr/news/articleView.html?idxno=1705018,13,,1
"한은, 기준금리 2.5% 동결…중동 리스크 속 '관망 기조' 유지",이창용 한국은행 총재가 주재한 금융통화위원회가 기준금리를 연 2.5%로 동결하며 통화정책의 '관망 기조'를 이어갔다. 중동발 지정학적 리스크로 인한 성장 둔화 우려와 함께 고환율·유가 상승에 따른 물가 불확실성이...,https://www.ppss.kr/news/articleView.html?idxno=292230,21,,1
"금통위 ""물가·금융안정 유의하며 통화정책 운용할 것""",금융통화위원회는 다음 통화정책방향 결정시까지 한국은행 기준금리를 현재의 2.50% 수준에서 유지하여 통화정책을 운용하기로 하였다. 중동전쟁으로 물가의 상방압력 및 성장의 하방압력이 함께 증대되고 금융·외환시장...,https://view.asiae.co.kr/article/2026041010521590590,13,,1
"만장일치로 기준금리 동결…""전쟁으로 물가 상방압력, 성장 하방압력""","한국은행 금융통화위원회가 기준금리를 또다시 동결했다. 지난해 7·8·10·11월, 올해 1·2월에 이어 7회 연속 동결 결정이다. 한은 금통위는 10일 통화정책방향 결정회의를 열고 기준금리를 연 2.5%로 동결했다. 기준금리 동결...",https://www.mt.co.kr/economy/2026/04/10/2026041010315256476,18,,1
"한은 기준금리 '만장일치' 동결…""중동 사태로 올해 성장률 2.0% 하회""","한국은행이 10일 금융통화위원회를 열어 연 2.50%인 기준금리를 동결했다. 작년 7월과 8월, 10월, 11월, 올해 1월과 2월에 이은 7연속 동결 결정이다. 한은 금융통화위원회는 이날 '통화정책방향 의결문'을 통해 ""다음...",https://www.newsworks.co.kr/news/articleView.html?idxno=837368,18,,1
기준금리 2.50%로 7연속 동결…고환율에 저성장 우려까지,[사진=뉴시스] 한국은행(이하 한은) 금융통화위원회(이하 금통위)가 기준금리를 연 2.50%로 7회 연속 동결했다. 부동산 시장 불안이 지속되는 가운데 중동 전쟁 발 고유가·고환율과 글로벌 긴축 기조 등이 영향을 끼친...,https://www.ntoday.co.kr/news/articleView.html?idxno=126473,21,,1
"중동 전쟁이 발목… 한은 금통위, 오늘 기준금리 2.5% 동결 전망",한국은행 금융통화위원회(금통위)가 10일 올해 세 번째 통화정책방향 회의를 열고 기준금리(현재 연 2.50%) 조정 여부를 결정한다. 연합뉴스가 실시한 설문조사에서 경제 전문가 6명 모두 이번 회의에서도 금리가 동결될...,https://www.fntoday.co.kr/news/articleView.html?idxno=381999,18,,1
"한은, 기준금리 2.50%로 7연속 동결…성장률 2% 하회·물가상승률 2.2% 상...",한국은행 제공 한국은행이 기준금리를 현재 연 2.50% 수준으로 유지하기로 결정했다. 지난해 7월 이후 일곱 차례 연속 금리 동결이다. 10일 한은 금융통화위원회는 올해 3번째 정례회의를 열어 기준금리를 현 수준인 연 2.50...,http://www.segyebiz.com/newsView/20260410506103?OutUrl=naver,18,,1
"한은, 기준금리 2.50% 동결… 지난해 7월 이후 7회 연속 유지",한국은행 금융통화위원회가 오늘(10일) 정례회의를 열고 기준금리를 현 수준인 연 2.50%로 유지하기로 결정했다. 이번 결정은 지난해 7월 이후 일곱 차례 연속 동결 결정이 내려진 것이다. 이창용 한국은행 총재의 임기...,https://www.m-economynews.com/news/article.html?no=66310,18,,1
금통위 “중동 전쟁에 올 韓 성장률 2% 하회...물가는 2.2% 상당폭 웃돌...,한국은행 금융통화위원회가 10일 통화정책방향 입장문에서 중동 사태로 올해 우리나라 경제 성장률이 2%를... 이어 물가의 상방 압력과 성장의 하방 압력이 동시에 커지고 있어 현 기준금리 수준을 유지하면서 파급 영향을...,https://www.sedaily.com/article/20030872?ref=naver,13,,1
"기준금리 '만장일치' 동결…""올해 성장률 2% 하회 예상""",□금융통화위원회는 다음 통화정책방향 결정시까지 한국은행 기준금리를 현재의 2.50% 수준에서 유지하여 통화정책을 운용하기로 하였다. 중동전쟁으로 물가의 상방압력 및 성장의 하방압력이 함께 증대되고 금융...,http://www.wowtv.co.kr/NewsCenter/News/Read?articleId=A202604100280&t=NN,13,,1
"금통위 ""반도체 수출·추경에도 성장↓·물가↑""…금리 2.50% 유지",사진공동취재단 = 이창용 한국은행 총재가 10일 서울 중구 한국은행 본관에서 열린 금융통화위원회 본회의를 주재하고 있다. 한은 금통위는 회의에서 기준금리를 지난해 7월 이후 7연속 연 2.50%로 동결했다. 2026.04.10...,https://www.newspim.com/news/view/20260410000429,18,,1
이창용 총재 마지막 금통위…물가·환율 압박에 7연속 금리동결,한국은행 금융통화위원회가 올해 세 번째 통화정책방향 회의에서 기준금리를 연 2.50%로 동결했다. 이로써 이창용 한은 총재의 임기 중 마지막 기준금리 결정이 7회 연속 동결로 마무리됐다. 중동 사태 여파가 유가와...,https://www.getnews.co.kr/news/articleView.html?idxno=867443,21,,1
호르무즈 봉쇄 해제 시 1450원대 전망도…미국-이란 휴전에 원화값 상승...,금일 한국은행 금융통화위원회가 중동 리스크와 물가 압력을 고려해 기준금리를 동결할 가능성이 유력하는 점도 원화 약세를 완화할 전망이다. 다만 원화 약세 완화 흐름이 이어질 수 있을지는 불투명하다. 문정희...,https://www.mk.co.kr/article/12013480,14,,1
‘중동 사태’ 경제 타격 현실로…한은 올해 성장률 2% 하회 수정 전망,[한국은행] [헤럴드경제=김벼리·유혜림 기자] 한국은행이 7회 연속 기준금리를 동결한 것은 그만큼 ‘중동 사태’에 따른 경제적 불확실성이 커진 상황을 반영한 것으로 풀이된다. 이창용 한은 총재는 10일...,https://biz.heraldcorp.com/article/10714327?ref=naver,17,,1
'금통위 전원일치' 기준금리 동결…5월 전망서 물가 '상당폭 상향조정'...,"이창용 한국은행 총재 임기 만료 전 마지막 금융통화위원회(금통위)에서 기준금리가 연 2.50%로 유지됐다. 전원 일치 동결 결정이다. 이로써 지난해 7, 8, 10, 11월과 올해 1, 2월에 이어 7회 연속 금리 동결이 이뤄졌다. 이번...",https://view.asiae.co.kr/article/2026041008262720436,13,,1
"한은, 금리 2.5% 유지···환율·중동 변수에 신중 대응",한국은행이 대내외 불확실성 확대 속에서 기준금리를 동결하며 통화정책의 신중한 운용 기조를 이어갔다. 한은 금융통화위원회는 10일 통화정책방향 회의를 열고 기준금리를 연 2.5%로 유지했다. 금통위는 지난해 5월...,https://www.thereport.co.kr/news/articleView.html?idxno=86490,21,,1
이창용 한은 총재 마지막 금통위도 2.50% '금리 동결',▲이창용 한국은행 총재 이번 기준금리 동결은 예상했던 흐름이었다. 중동 전쟁이 경제에 미치는 영향을 가늠하기가 이른 데다 추경 등 재정정책과 상충해 인상이 없을 것이 유력했다. 반도체를 제외하면 수출도 내수도...,http://www.consumernews.co.kr/news/articleView.html?idxno=753789,17,,1
[금통위 금리 동결③ 보험업권] 동결 뒤에 숨은 폭풍…K-ICS·CSM '옥석 가...,"금리 동결, 부채 급증 방파제 역할 제도변경 등 자본확충 압박 여전 'CSM 확보' 제3보험 시장 경쟁 [그림=ChatGPT] [뉴스투데이=김태규 기자] 한국은행 금융통화위원회가 기준금리를 동결하면서 보험업계는 일단 안도하는...",https://www.news2day.co.kr/article/20260410500081,13,,1
"금통위 ""중동전쟁 등 대내외 여건 변화 점검하며 통화정책 결정""","한국은행 금융통화위원회는 10일 통화정책방향 결정회의를 열고 기준금리를 연 2.5%로 동결했다. (사진= 공동취재단) 금통위는 “향후 통화정책은 중동전쟁 등 대내외 여건 변화와 이에 따른 물가 및 성장 흐름, 금융안정...",http://www.edaily.co.kr/news/newspath.asp?newsid=03158646645414808,13,,1
"한은, 기준금리 2.5%로 동결…""중동 불확실성 높아""(종합)",한국은행이 10일 금융통화위원회(금통위)를 열고 기준금리를 2.5%로 동결했다. 금통위원 7명 전원이 기준금리 동결에 찬성했다. 지난해 하반기부터 임기 종료를 앞둔 이창용 총재의 마지막 금통위까지 기준금리가 7회 연속...,https://www.newsis.com/view/NISX20260410_0003585947,18,,1
"한은, '기준금리 2.5%' 7회 연속 동결…중동 불확실성·금융 변동성↑",한국은행 금융통화위원회(이하 금통위)가 현행 기준금리인 연 2.5%를 유지했다. 지난 2월과 5월 각각 기준금리를 0.25%씩 내린 이후 7회 연속 동결이다. 한국은행 금통위는 10일 오전 서울 중구 한은 본점에서 통화정책방향...,http://www.ftoday.co.kr/news/articleView.html?idxno=357524,18,,1
"""중동전쟁에 물가·환율 불안""…한은, 기준금리 7연속 연 2.5% 동결 (종합...","3월 물가 2.2%로 일부 반영…4월 이후 오름폭 확대 가능성 OECD, 올해 성장률 1.7%로 하향…차기 총재 통화정책도 주목 한국은행 금융통화위원회가 기준금리를 7연속 동결했다. 중동전쟁 여파로 국제유가와 원·달러 환율...",https://news.tf.co.kr/read/economy/2311727.htm,22,,1
[연합뉴스 이 시각 헤드라인] - 10:30,■ 한은 기준금리 연 2.5% 동결…이란전쟁에 물가·환율·성장 불안 한국은행 금융통화위원회(이하 금통위)가 10일 통화정책방향 회의에서 기준금리를 연 2.50%로 유지했다. 2월말 시작된 이란전쟁의 여파로 환율...,https://www.yna.co.kr/view/AKR20260410066000011?input=1195m,21,,1
"이창용 마지막 주재, 한은 금통위 기준금리 연 2.50% 7연속 동결",임기 만료를 앞둔 이창용 한국은행 총재가 마지막 주재한 10일 금융통화위원회(이하 금통위)가 기준금리를 7연속으로 연 2.50%로 유지했다. 이창용 한국은행 총재가 10일 서울 중구 한국은행 본관에서 열린...,https://hbnpress.com/news/view/1065577172352862,18,,1
이창용의 마지막 금통위...이란 전쟁 불확실성에 기준금리 7연속 2.50% 동...,"조용구 신영증권 연구원은 ""미 연준은 연말까지 정책금리를 동결 (3.50~3.75%)하고, 한국은행은 기준금리를 3분기에 한차례 0.25%p 인상하는 것이 기본 전망""이라고 말했다. 김지만 삼성증권 연구원은 ""기준금리에 대한 기본...",https://www.livebiz.today/news/articleView.html?idxno=201540,17,,1
"한국은행, 기준금리 7연속 동결…중동發 고유가·고환율 고려","한국은행이 10일 금융통화위원회(금통위)를 열고 기준금리를 연 2.5%로 유지하며 7차례 연속 동결했다. 중동 사태에 따른 고유가, 고환율 상황 등을 종합적으로 반영해 동결 후 관망을 선택한 것으로 풀이된다. 이날...",http://www.beyondpost.co.kr/view.php?ud=20260410104039958be44c0aacd_30,16,,1
"[전문] 금통위 ""만장일치 동결…올해 성장률 2% 하회할 것""",금융통화위원회는 다음 통화정책방향 결정시까지 한국은행 기준금리를 현재의 2.50% 수준에서 유지하여 통화정책을 운용하기로 하였다. 중동전쟁으로 물가의 상방압력 및 성장의 하방압력이 함께 증대되고 금융...,https://www.ajunews.com/view/20260410094230229,13,,1
"한국은행, 기준금리 연 2.50% 동결... 7회 연속 '관망 기조'",한국은행 금융통화위원회가 10일 국내 기준금리를 동결했다.(사진제공=연합뉴스)  중동발 지정학적 리스크로 환율과 문가 변동성이 확대된 영향으로 국내 기준금리가 연 2.50%로 유지돼 통화정책의 '관망 기조'가 이어졌다....,http://www.chungnamilbo.co.kr/news/articleView.html?idxno=882707,16,,1
통방문 달라진 점은…중동전쟁 본격 반영 '성장률↓·물가↑',환율은 다시 리스크 요인 부각 한국은행 금융통화위원회가 기준금리를 7회 연속 동결한 가운데 통화정책방향(통방문) 문구를 통해 성장 경로를 하향 조정하고 물가 경로를 상향 조정했다. 특히 이번 통방문에서는...,https://news.einfomax.co.kr/news/articleView.html?idxno=4408813,16,,1
"이창용 한은, 마지막 결정은 '동결'···8번째 2.50% [상보]","한국은행이 이창용 총재의 마지막 금융통화위원회(금통위)에서 기준금리를 2.50%로 동결했다. 7회 연속 유지한 셈인데, 중동 사태 이후 물가 상승 압력이 가중되고 있는 동시에 환율, 부동산 문제도 여전한 만큼...",http://www.fnnews.com/news/202604100909274253,21,,1
"한은, 기준금리 2.50% 결정…이란 공습 고환율에 7연속 동결",한국은행 금융통화위원회가 10일 기준금리를 연 2.50%로 동결했다. 이번 결정으로 한은은 지난해 5월 기준금리를 0.25%포인트 내린 뒤 11개월째 같은 수준을 유지하게 됐다. 금통위 기준으로는 7회 연속 동결이다. 이날...,https://www.ddaily.co.kr/page/view/2026041010410452046,21,,1
[전문] 한국은행 금통위 4월 통화정책방향 의결문,통화정책방향 □금융통화위원회는 다음 통화정책방향 결정시까지 한국은행 기준금리를 현재의 2.50% 수준에서 유지하여 통화정책을 운용하기로 하였다. 중동전쟁으로 물가의 상방압력 및 성장의 하방압력이 함께 증대되고...,https://biz.chosun.com/policy/policy_sub/2026/04/10/EVRS3SGCYBHABOGDXNOZPSELYQ/?utm_source=naver&utm_medium=original&utm_campaign=biz,13,,1
"물가 오르고 성장 둔화···한은, 중동 변수에 기준금리 동결",한국은행 금융통화위원회는 10일 통화정책방향 회의에서 기준금리를 연 2.50%로 유지하기로 결정했다. 지난해 7월 이후 이어진 동결 기조가 이번까지 7차례 연속 이어진 것이다. 이번 결정은 금통위원 7명 전원 일치로...,http://www.enewstoday.co.kr/news/articleView.html?idxno=2417319,18,,1
"'중동전쟁' 여파에 한은 ""성장률 2% 하회·물가상승률 2.2% 상회 전망""","한국은행 금융통화위원회는 오늘(10일) 통화정책방향문을 내고 중동전쟁의 여파로 한국경제 성장률이 지난... 한편, 이번 기준금리 2.5%로 7연속 유지 결정에 대해서는 금통위원 7명 모두 찬성했습니다.",https://biz.sbs.co.kr/article_hub/20000303460?division=NAVER,18,,1
"한은 기준금리 연 2.5%, 7연속 동결...이란전쟁에 물가·환율·성장 불안",이날 금통위의 7연속 금리 동결로 사실상 시장에서는 '인하 사이클(주기) 종료' 관측이 굳어지고 인상 전환 시점에 관심이 집중될 것으로 예상됩니다. #금통위 #기준금리 #동결 #물가 #환율 #이란전쟁 #한국은행,https://www.ikbc.co.kr/article/view/kbc202604100024,20,,1
"중동·환율·물가에…한은, 연 2.5% 기준금리 7연속 동결",한국은행 금융통화위원회가 10일 기준금리를 현행 연 2.50%로 동결했다. 지난해 7월 이후 7차례 연속 금리를 묶은 것이다. 지난 2월 말 발발한 미국·이란 군사적 충돌 여파로 국제 원자재 가격과 환율 변동성이...,https://news.bizwatch.co.kr/article/finance/2026/04/10/0006,21,,1
"금통위 ""반도체 수출 호조·추경에도 올해 성장률 2% 하회 예상""",한국은행 금융통화위원회는 10일 통화정책방향 결정회의를 열고 기준금리를 연 2.5%로 동결했다. (사진= 한국은행) 금통위는 향후 국내 경제 상황에 대해 “반도체 수출 호조 및 추경에도 불구하고 에너지 가격 상승 및...,http://www.edaily.co.kr/news/newspath.asp?newsid=03119286645414808,13,,1
[금통위 금리 동결② 증권가] ‘예고된 동결’보다 무서운 ‘인상 복선...,7회 연속 동결…‘총재 메시지’ 주목 중동발 유가·환율 압력…‘인상론’ 부상 인하 기대 후퇴…‘매파적 동결’ 경계 여의도 증권가 [사진=연합뉴스] [뉴스투데이=염보라 기자] 한국은행이 기준금리를 다시 묶었지만...,https://www.news2day.co.kr/article/20260409500249,15,,1
기준금리 2.5% 동결…중동사태 영향 유가·환율·성장 등 불확실성 증대,[한국은행] [헤럴드경제=김벼리·유혜림 기자] 이창용 한국은행 총재가 주재하는 마지막 금융통화위원회가 10일 기준금리를 7회 연속 2.5%로 동결했다. 최근 중동사태 여파로 물가와 환율이 불안정한 상황에서 금리를 낮추면...,https://biz.heraldcorp.com/article/10714311?ref=naver,16,,1
기준금리 '연 2.5%' 7연속 동결⋯물가 최우선 고려,한국은행 금융통화위원회는 이란 전쟁 여파로 물가는 오르고 성장 눈높이는 낮아지는 국면에서 기준금리를 동결했습니다. 중동발 지정학적 불확실성이 지속되는 가운데 일단 금리를 현 수준으로 유지하며 상황을...,http://mbn.mk.co.kr/pages/news/newsView.php?category=mbn00003&news_seq_no=5187286,13,,1
[전문]한국은행 금융통화위원회 4월 통화정책방향,금융통화위원회는 다음 통화정책방향 결정시까지 한국은행 기준금리를 현재의 2.50% 수준에서 유지하여 통화정책을 운용하기로 하였다. 중동전쟁으로 물가의 상방압력 및 성장의 하방압력이 함께 증대되고 금융·외환시장...,https://www.newsis.com/view/NISX20260410_0003585926,13,,1
"돌아오나 했던 외국인, 중동 불안에 재이탈…10일 3월 CPI가 분수령",같은 날 한국은행도 이창용 총재 임기 마지막 금융통화위원회를 열고 기준금리를 결정할 예정이다. 시장에서는 기준금리 동결 가능성이 유력하게 점쳐지지만 향후 통화정책 방향에 대한 총재 발언이 변수로 작용할...,https://www.widedaily.com/news/articleView.html?idxno=292042,16,,1
[금통위 금리 동결① 은행권] 7연속 동결인데 시장금리는 들썩…대출 부...,[사진=연합뉴스] [뉴스투데이=이금용 기자] 한국은행 금융통화위원회가 기준금리를 또 한 번 동결했다. 중동 전쟁 여파로 물가와 성장 불확실성이 동시에 확대된 가운데 통화정책 방향을 쉽게 전환하기 어려운 상황이...,https://www.news2day.co.kr/article/20260410500102,14,,1
[전문] 4월 금융통화위원회 통화정책방향문,□ 금융통화위원회는 다음 통화정책방향 결정시까지 한국은행 기준금리를 현재의 2.50% 수준에서 유지하여 통화정책을 운용하기로 하였다. 중동전쟁으로 물가의 상방압력 및 성장의 하방압력이 함께 증대되고 금융...,https://news.einfomax.co.kr/news/articleView.html?idxno=4408809,13,,1
"한국은행, 기준금리 2.50% 유지...7차례 연속 동결",한국은행이 10일 금융통화위원회를 열고 기준금리를 연 2.50%로 유지했다. 이번 결정으로 기준금리는 지난해 하반기 이후 7차례 연속 같은 수준을 이어갔다. 임기 종료를 앞둔 이창용 총재에게는 마지막 금통위 결정이다....,https://www.wolyo.co.kr/news/articleView.html?idxno=310849,13,,1
"한은 금통위, 기준금리 2.5%로 7연속 동결…중동發 물가·환율 불안",한국은행 금융통화위원회(금통위)가 기준금리를 현 수준인 연 2.50%로 유지했다. 7차례 연속 동결이다. 금통위는 10일 오전 서울 중구 한은 본관에서 통화정책방향 결정회의를 열고 기준금리를 연 2.50%로 유지하기로...,https://www.ngonews.kr/news/articleView.html?idxno=228053,21,,1
"한은, 7회 연속 기준금리 2.50% 동결...중동 리스크에 '신중 모드'",[사진: 연합뉴스]  한국은행 금융통화위원회는 10일 기준금리를 연 2.50%로 동결하고 통화정책을 유지하기로 결정했다. 중동전쟁으로 물가 상승 압력과 성장 둔화 압력이 동시에 커지고 금융·외환시장 변동성이 확대된...,https://www.digitaltoday.co.kr/news/articleView.html?idxno=655664,18,,1
"한은, 기준금리 2.5% 또 동결…""전쟁 속 물가·환율 불안, 인하 여력 없...",한국은행 금융통화위원회는 10일 통화정책방향 회의에서 기준금리를 연 2.50%로 유지하기로 했다. 이로써 기준금리는 지난해 7월 10일 2.50%로 인하된 뒤 올해 5월 말 다음 회의 전까지 10개월 넘게 같은 수준에 묶이게 됐다....,http://www.newsroad.co.kr/news/articleView.html?idxno=57676,21,,1
"한은, 기준금리 연 2.5% 유지…'7연속' 동결",한국은행 금융통화위원회(이하 금통위)가 10일 통화정책방향 회의에서 기준금리를 연 2.50%로 유지했다. 금통위는 이날 오전 서울 중구 한은 본관에서 통화정책방향 결정회의를 열고 기준금리를 연 2.50%로 유지하기로...,http://www.srtimes.kr/news/articleView.html?idxno=200888,18,,1
[오늘 외환딜러 환율 예상레인지],"예상 레인지:1,470.00~1,480.00원 ◇ B은행 딜러 한국은행 금통위를 대기하면서 유가를 따라 1,470원대 흐름을 보일 것으로 예상된다. 기준금리 동결 전망이 우세한 상황이다. 1,470원대에서 움직이면서 중동 전쟁 소식과...",https://news.einfomax.co.kr/news/articleView.html?idxno=4408805,15,,1
"한은 금통위, 기준금리 2.50% 동결…일곱 차례 연속 동결",인더스트리뉴스 김은경 기자  한국은행 금융통화위원회(금통위)가 기준금리를 연 2.50%로 동결했다. 대외 불확실성이 확대된 가운데 물가와 환율 불안이 동시에 지속되자 금융시장 안정을 우선 고려한 결정으로 풀이된다....,https://www.industrynews.co.kr/news/articleView.html?idxno=79865,21,,1
"한은, 금리 2.50% 유지…물가·환율에 발 묶였다",사진=연합뉴스  한국은행 금융통화위원회가 기준금리를 연 2.50%로 동결하며 '관망 기조'를 이어갔다. 중동발 지정학 리스크로 물가·환율·성장 모두 불안한 상황에서 금리 방향을 바꾸기 어려운 여건이 반영된 결정으로...,http://www.opinionnews.co.kr/news/articleView.html?idxno=136565,21,,1
"기준금리 내릴수도, 올릴수도...한은의 '숙고' 길어진다",(사진=연합뉴스) 한국은행 금융통화위원회(이하 금통위)가 기준금리를 다시 묶었다. 이로써 지난해 7월 이후 다음 회의(5월 28일) 전까지 기준금리는 연 2.50%로 고정된다. 이란 전쟁으로 물가와 환율 상황이 불안한...,http://www.nongaek.com/news/articleView.html?idxno=95059,21,,1
"유가·환율·물가 '트리플 쇼크'…한은, 금리 인하 카드 접었다",한국은행 금융통화위원회(금통위)는 10일 통화정책방향 회의에서 기준금리를 연 2.50%로 동결했다. 2월 말 발발한 이란전쟁의 여파로 환율·물가·성장 세 축이 동시에 흔들리는 상황에서 '동결 후 관망'은 사실상 유일한...,https://www.newsquest.co.kr/news/articleView.html?idxno=264529,21,,1
"한국은행, 기준금리 2.50%..7연속 동결",한국정경신문 이진성 기­자 jinlee@g.skku.edu [한국정경신문=이진성 기자] 한국은행 금융통화위원회(금통위)가 통화정책방향 회의에서 기준금리를 동결했다.한은은 10일 금통위를 열고 기준금리를 연 2.50%로...,https://kpenews.com/View.aspx?No=4036995,18,,1
한은 기준금리 연 2.50% 동결…전쟁에 물가·환율 우려(종합),"한국은행 금융통화위원회는 10일 오전 통화정책방향 회의를 열어 기준금리를 연 2.50%로 동결했다. 7연속 동결이다. 중동 전쟁 여파로 환율과 물가, 성장의 불확실성이 커진 상황을 감안해 동결을 선택한 것으로...",https://www.nocutnews.co.kr/news/6500106?utm_source=naver&utm_medium=article&utm_campaign=20260410103414,21,,1
"한은, 기준금리 연 2.5% 동결…중동 리스크에 상황 예의주시 (종합)",한국은행 금융통화위원회(금통위)가 10일 기준금리를 동결했다. 한국은행 금통위는 이날 오전 통화정책방향 결정 회의를 열고 기준금리를 연 2.50%로 동결하기로 결정했다. 이에 따라 기준금리는 지난해 7·8·10·11월과...,https://www.busan.com/view/busan/view.php?code=2026041010340871325,18,,1
한은 기준금리 연 2.5％ 7연속 동결…이란전쟁에 물가·환율·성장 불안,한국은행 금융통화위원회가 오늘(10일) 통화정책방향 회의에서 기준금리를 연 2.50％로 유지했습니다. 금통위는 지난해 하반기 7월부터 이번달까지 7연속 동결하면서 기준금리는 다음 회의인 5월 28일 전까지 약 10개월...,http://tbs.seoul.kr/news/newsView.do?typ_800=1&idx_800=3536153&seq_800=20529031,21,,1
한국은행 금통위 4월 통화정책방향 [전문],□금융통화위원회는 다음 통화정책방향 결정시까지 한국은행 기준금리를 현재의 2.50% 수준에서 유지하여 통화정책을 운용하기로 하였다. 중동전쟁으로 물가의 상방압력 및 성장의 하방압력이 함께 증대되고 금융...,http://www.inews24.com/view/1959029,13,,1
"한은, 기준금리 2.5% 동결…환율·유가에 ‘진퇴양난’",한·미 금리차 부담에 인하 어려워 금리 인하 사이클 사실상 마무리 한국은행이 기준금리를 연 2.50%로 동결했다. 원·달러 환율이 1500원 안팎에서 높은 변동성을 보이는 가운데 국제유가 상승으로 물가 불안이 다시 고개를...,https://www.tfmedia.co.kr/news/article.html?no=203591,21,,1
[전문]4월 한국은행 금통위 통화정책방향,금융통화위원회는 다음 통화정책방향 결정시까지 한국은행 기준금리를 현재의 2.50% 수준에서 유지하여 통화정책을 운용하기로 하였다. 중동전쟁으로 물가의 상방압력 및 성장의 하방압력이 함께 증대되고 금융...,http://www.edaily.co.kr/news/newspath.asp?newsid=03083206645414808,13,,1
"금통위 ""기준금리 동결, 만장일치로 결정""",(사진= 한국은행) 금통위는 이날 기준금리를 연 2.5%로 유지하기로 한 결정에 대해 금통위원 7명 모두 찬성헀다고 밝혔다. 한은은 지난 2024년 10월 기준금리를 25bp(1bp= 0.01%포인트) 인하하면서 통화정책방향을 인하기조로...,http://www.edaily.co.kr/news/newspath.asp?newsid=03079926645414808,17,,1
기준금리 2.5% 동결···전쟁發 ‘삼중불안’,"한국은행이 기준금리를 연 2.50%로 동결하며 ‘장기 관망 국면’에 들어갔다. 이란 전쟁 여파로 물가·환율·성장 모두 불안해진 가운데, 금리 인하도 인상도 어려운 정책 딜레마가 뚜렷해진 모습이다. 한국은행...",https://www.kbmaeil.com/article/20260410500021,15,,1
"기준금리 2.50% 동결…이창용 마지막 금통위, 7연속 유지",한국은행 금융통화위원회가 기준금리를 연 2.50%로 동결했다. 이창용 총재 임기 만료 전 마지막 금통위에서도 금리는 움직이지 않았다. 금통위는 10일 서울 남대문로 본관에서 통화정책방향 회의를 열고 기준금리를 현...,http://www.seoulwire.com/news/articleView.html?idxno=716258,13,,1
한은 기준금리 7연속 동결…2.5% 유지,한국은행 금융통화위원회(이하 금통위)가 10일 기준금리를 연 2.5%로 동결했다. 금통위는 10일 서울 중구 한은에서 통화정책방향회의를 열고 기준금리를 연 2.5%로 결정했다고 밝혔다. 이번 기준금리 결정은 중동전쟁...,https://www.nongmin.com/article/20260410500065,18,,1
이창용 마지막 금통위도 동결…물가·환율 변수에 7회째 신중모드,［뉴시안= 송서영 기자］한국은행 금융통화위원회가 기준금리를 또다시 동결하며 통화정책의 신중 기조를 이어갔다. 기준금리가 물가와 환율 불안 속에 이창용 총재의 마지막 금통위에서도 일곱 차례 연속 동결됐다....,http://www.newsian.co.kr/news/articleView.html?idxno=88378,16,,1
"한은 금통위, 7회 연속 기준금리 2.5% 동결 [뉴시스Pic]",류현주 김래현 기자 = 한국은행이 10일 금융통화위원회(금통위)를 열고 기준금리를 2.5%로 동결했다. 지난해 하반기부터 임기 종료를 앞둔 이창용 총재의 마지막 금통위까지 기준금리가 7회 연속 동일한 수준을 유지하게...,https://www.newsis.com/view/NISX20260410_0003585894,18,,1
'중동 전쟁' 물가·환율 불안에…금리 7연속 동결,"한국은행 금융통화위원회가 7회 연속 기준금리를 동결했습니다. 중동 전쟁 여파로 물가와 환율이 동시에 불안한 상황을 고려한 결정인데요. 자세한 내용, 취재기자 연결해 들어보겠습니다. 김수빈 기자! [기자] 네...",http://www.yonhapnewstv.co.kr/MYH20260410102715yli,16,,1
"BOK '금리 동결'..장중 한국증시 '급등', 아시아증시 '대부분 상승'","이 방송은 ""이날 한국은행 기준 금리 동결 및 한국증시 급등에도 이 시각 미국달러 대비 원화환율은 1478.54 원으로 0.29% 상승하며 달러 대비 원화가치가 절하 중에 있다""고 부연했다. 한편 이날 장중(한국시각...",http://www.choicenews.co.kr/news/articleView.html?idxno=163626,8,,1
"한은, 기준금리 7회 연속 동결...연 2.50% 유지",사진=공동취재단  한국은행 금융통화위원회가 10일 기준금리를 연 2.50%로 동결했다. 지난해 하반기부터 이어진 동결 기조가 올해 들어서도 지속되며 기준금리는 다음달 28일 회의 전까지 7회 연속 동결 상태를 유지하게...,https://www.pointdaily.co.kr/news/articleView.html?idxno=300612,18,,1
"외국인 현·선물 동반 순매수 전환…코스피, 장중 5900 돌파",한국은행이 기준금리 동결을 결정했다는 소식이 전해진 오전 9시50분께 외국인 수급도 순매도에서 순매수로 전환됐다. 장 초반 주식을 사들이던 개인은 순매도로 전환해 4004억원어치를 팔고 있다. 시가총액...,https://www.hankyung.com/article/2026041016926,15,,1
"한은, 기준금리 2.50% 유지…‘중동전쟁’ 변수에 7번째 동결",커지면서 기준금리를 동결했다. 한국은행 금융통화위원회(이하 금통위)가 10일 올해 세 번째 통화정책방향 회의에서 기준금리를 현재 연 2.50%로 결정했다. 이번 결정으로 기준금리는 지난해 7월 이후 11개월간 7차례...,https://www.news2day.co.kr/article/20260410500093,18,,1
"금통위, 올해 기준금리 1~2차례 인상할 것으로 예상...10일 금통위, 예상...","한국은행 금융통화위원회(이하 금통위)가 10일 통화정책방향 회의에서 기준금리를 예상대로 연 2.50%로 동결했다. 금통위는 하반기 들어 7,8,10,11월 잇달아 금리를 묶었고, 올해 1, 2월에 이어 이달까지 세 차례 회의에서도...",http://www.beyondpost.co.kr/view.php?ud=2026041010234472622aaae0046f_30,13,,1
"‘중동·환율·물가’…한은, 기준금리 연 2.50%로 7연속 동결",한국은행 금융통화위원회는 10일 통화정책방향 회의를 열고 기준금리를 연 2.50%로 유지했다. 지난해 5월 기준금리를 2.75%에서 0.25%포인트 인하한 이후 일곱 번 연속 동결했다. 임기 만료를 앞둔 이창용 총재의 마지막...,https://economist.co.kr/article/view/ecn202604100020,21,,1
"한국은행, 기준금리 연 2.5% 동결…코스피·코스닥 흐름은 '상승'","한국은행이 10일 금융통화위원회를 열고 기준금리를 연 2.5%로 동결했다. 지난해 5월 0.25%포인트 인하 이후 11개월째 같은 수준을 유지한 것으로, 금통위 기준으로는 7회 연속 동결이다. 이번 결정은 물가 안정 흐름과...",https://www.cbci.co.kr/news/articleView.html?idxno=566960,17,,1
"한은, 기준금리 2.5% 동결…중동발 불확실성에 7회 연속 유지",중동발 지정학 리스크로 물가와 환율 불안이 다시 커진 가운데 한국은행이 기준금리를 또 묶었다. 한국은행 금융통화위원회는 10일 통화정책방향 회의에서 기준금리를 연 2.50%로 유지했다. 이번 결정으로 기준금리는...,https://www.thepowernews.co.kr/view.php?ud=202604101022113510de3f0aa1be_7,21,,1
"한은, 기준금리 7연속 동결...연 2.50% 유지","한국은행이 기준금리를 2.5%로 7차례 연속 동결했다. 한국은행 금융통화위원회(금통위)는 10일 통화정책방향 회의에서 기준금리를 연 2.50%로 유지했다. 한은은 지난해 7, 8, 10, 11월, 올해 1, 2월에 이어 7회 연속 금리를...",https://www.womennews.co.kr/news/articleView.html?idxno=276103,18,,1
"한은, 7연속 기준금리 2.5% 동결⋯중동발 고유가ㆍ고환율 영향 반영한 듯...","이투데이=배근미 기자 | 한국은행 금통위, 4월 금통위서 현 기준금리 2.5% 유지키로 결정 중동 사태 이후 환율 1500원대 등락ㆍ유가 상승 따른 고물가 우려 ↑ 이창용 총재 주재 마지막 회의 주목⋯""마지막인데 선물은?...",https://www.etoday.co.kr/news/view/2574593,20,,1
"한은, 기준금리 2.5% 동결…7차례 연속 유지",한국은행 금융통화위원회는 10일 서울 중구 본관에서 통화정책방향 결정회의를 열고 기준금리를 연 2.50%로 유지했다. 지난해 5월 금리를 2.50%로 낮춘 이후 약 12개월째 같은 수준이 이어지고 있다. 금리는 이번까지...,https://www.newspost.kr/news/articleView.html?idxno=222268,18,,1
"[뉴스퀘어10] 첫 대면 협상 D-1...트럼프 ""협상 매우 낙관적""",지금 한국은행 금통위가 이달 기준금리를 연 2. 5%로 동결하기로 했다는 소식이 들어왔습니다. 이창용 총재의 마지막 금통위였는데요. 7번 연속 기준금리를 동결했습니다. 다시 한 번 전해 드리겠습니다. 한국은행이...,https://www.ytn.co.kr/_ln/0104_202604101022100160,12,,1
중동정세·고환율 고려…한은 기준금리 2.5%로 7연속 동결,"금통위는 이날 서울 중구 한국은행 본관에서 열린 본회의에서 기준금리를 동결하기로 했다. 금통위는 지난해 5월 회의에서 기준금리를 연 2.50%로 낮춘 이후, 이번 회의까지 총 7차례 연속 동결 기조를 이어가고 있다....",https://www.donga.com/news/Economy/article/all/20260410/133712851/2,20,,1
[주末머니] “중동발 진통에도 코스피 아직 싸다”,통화정책 측면에서는 케빈 워시 차기 연준 의장 지명자의 인사청문회가 이벤트 리스크로 작용할 전망이다. 시장에서는 금리 인하를 지지하는 '비둘기파적' 성향에 대한 기대와 양적 긴축에 대한 '매파적' 성향의 우려가...,https://view.asiae.co.kr/article/2026041007480483887,8,,1
[뉴욕마켓워치] 신경전 속 마주 앉는 미국과 이란…채권·달러↓주식 혼...,"시카고상품거래소(CME) 페드워치에 따르면, 연방기금금리(FFR) 선물시장은 뉴욕 오후 3시 39분께 연방준비제도(연준ㆍFed)가 오는 12월까지 금리를 동결할 가능성을 75.6%로 반영했다. 12월까지 금리가 25bp 인상될 가능성은...",https://news.einfomax.co.kr/news/articleView.html?idxno=4408986,15,,1
"미국 뉴욕증시, 美·이란 협상 앞두고 경계심…다우존스·S&P500 하락, 나...","25bp 금리인하 베팅은 24.4%에서 21.7%로 낮아졌다. 오리온의 팀 홀랜드 최고투자책임자(CIO)는 ""연방준비제도(Fed·연준)는 3월과 4월에 나오는 어떤 데이터도 무시하려고 모든 노력을 다할 것""이라며 ""이는 미국과...",https://www.lecturernews.com/news/articleView.html?idxno=200334,11,,1
[주간증시전망] ‘전쟁에서 실적으로’ 시선 이동…코스피 5400~6200선 예...,"미 연준 의장 후보자의 인사청문회가 꼽힌다. 일부 의원들이 인준 반대 입장을 표명하는 등 불확실성이 존재하는 가운데, 청문회에서 원칙론적이고 매파적인 발언이 나올 경우 금리 경로에 대한 경계 심리를 자극해...",https://www.etoday.co.kr/news/view/2574747,9,,1
새 한국은행 총재 후보는 ‘노벨상급 석학’이라는데…,"BIS 전에는 미국 연준 FED 시스템의 핵심인 뉴욕 연방은행에서도 일했고, 국제통화기금 IMF에도 적을 둔... 한국적 부동산 금융 구조와 고금리 상황도 고려해야 한다. 엄밀히 말하면 학자의 자리와는 멀리 떨어진...",https://news.kbs.co.kr/news/pc/view/view.do?ncd=8533175&ref=A,20,,1
[뉴욕증시] 美·이란 협상 앞두고 경계심…혼조 마감,"25bp 금리인하 베팅은 24.4%에서 21.7%로 낮아졌다. 오리온의 팀 홀랜드 최고투자책임자(CIO)는 ""연방준비제도(Fed·연준)는 3월과 4월에 나오는 어떤 데이터도 무시하려고 모든 노력을 다할 것""이라며 ""이는 미국과...",https://news.einfomax.co.kr/news/articleView.html?idxno=4408980,11,,1
"미·이란 첫 종전 협상 앞두고 뉴욕증시 '숨 고르기'…다우·S&P 하락, 나...",금리 선물 시장에서는 연방준비제도(Fed·연준)의 장기 동결 가능성이 더 높아졌다. 시카고상품거래소(CME) 페드워치에 따르면 연방기금금리 선물시장은 올해 12월 말까지 기준금리가 현 수준에서 동결될 확률을 전날...,http://www.newsroad.co.kr/news/articleView.html?idxno=57730,14,,1
비트코인·이더리움·리플XRP 상승…미·이란 협상 경계 속 코인시장 '숨...,"연준의 금리 동결 기대는 유지됐으나, 투자자들은 추가 방향성을 확인하려는 태도를 보였다. 미국 10년물 국채 수익률은 4월 10일 기준 4.316%로 전일 대비 0.023%p 상승하며 금리 부담 역시 일부 반영됐다. ○ 거래소별...",https://www.topstarnews.net/news/articleView.html?idxno=16031753,9,,1
미국 뉴욕증시 혼조 마감…이란 협상 경계감,다만 근원 CPI가 예상보다 완만하게 나타나면서 금리 상승 압력은 제한됐다. 시장에서는 연준의 긴축 기조가 유지될 가능성은 높지만 추가 금리 인상 가능성은 크지 않다는 해석이 우세했다. 에드워드존스는...,https://www.topstarnews.net/news/articleView.html?idxno=16031745,9,,1
"뉴욕증시, 美·이란 협상 앞두고 혼조…엔비디아·브로드컴 강세",미국 10년물 국채금리는 전일 4.28%에서 4.32%로 상승했다. 종목별로는 대형 기술주가 혼조세를 보였다.... 다만 6월까지 유가가 100달러선에 머문다면 인플레이션 기대 심리가 고착화되어 연준이 난처한 상황에 빠질...,http://www.joseilbo.com/news/news_read.php?uid=566374&class=53&grp=,15,,1
이란전쟁 충격에 꺾인 美 소비심리…미시간대 지수 '사상 최저',"25bp 금리 인하 베팅은 24.4%에서 21.7%로 낮아졌다. 오리온의 팀 홀랜드 최고투자책임자(CIO)는 ""연방준비제도(Fed·연준)는 3월과 4월에 나오는 어떤 데이터도 무시하려고 모든 노력을 다할 것""이라며 ""이는 미국과...",https://www.econovill.com/news/articleView.html?idxno=736924,11,,1
"美 CPI 예상치 하 효과?...비트코인, 7만 3,000달러 재돌파 임박",투자자들은 이번 물가 지표가 연준의 금리 인하 시점을 앞당길 수 있는 근거가 될 것으로 기대하며 시장 유동성 변화를 예의주시하고 있다. 가상자산 전체 시가총액은 이번 지표 발표 이후 수조 달러 규모의 자금...,http://coinreaders.com/230105,16,,1
[뉴욕채권] 국채가↓…CPI 예상 부합에도 인플레 우려+이란 협상 경계,"시카고상품거래소(CME) 페드워치에 따르면, 연방기금금리(FFR) 선물시장은 뉴욕 오후 3시 39분께 연방준비제도(연준ㆍFed)가 오는 12월까지 금리를 동결할 가능성을 75.6%로 반영했다. 12월까지 금리가 25bp 인상될...",https://news.einfomax.co.kr/news/articleView.html?idxno=4408972,19,,1
미·이란 협상 대기 속 인플레이션 우려…뉴욕증시 혼조 마감(종합),"미 국채 금리는 상승했고, 달러화 가치는 거의 변화가 없었다. 10년 만기 미 국채 금리는 4bp(1bp=0.10... 경제에 힘든 상황이 될 것이고 연방준비제도(Fed·연준)를 다소 난처한 처지에 빠뜨릴 것""이라고 말했다.",https://www.yna.co.kr/view/AKR20260411005751072?input=1195m,15,,1
"미 달러화, 혼조세 속 주간 단위 약세…국채 수익률은 보합","기준물인 10년 만기 국채 수익률은 0.028%포인트 오른 4.321%, 시중의 연준 금리 전망에 민감히 반응하는 2년 남기 수익률은 0.016%포인트 상승한 3.799%를 기록했다. 김미혜 글로벌이코노믹 해외통신원",https://www.g-enews.com/view.php?ud=202604110454155766be84d87674_1,10,,1
"금 가격, 하락 전환…구리값은 상승","인플레이션이 가파르지 않으면 연방준비제도(연준)가 금리 인상 카드를 꺼내들지 않아도 된다. 금리 하락이 멈추거나, 아예 인상으로 전환되면 이자가 없는 금의 매력은 떨어진다. 한편 산업 기초 소재 구리...",https://www.g-enews.com/view.php?ud=202604110451128222be84d87674_1,6,,1
[주간증시전망] 중동 변수 속 실적 시즌 개막…반등 이후 변동성 장세 ...,"동시에 10일 미국 소비자물가지수(CPI)와 14일 생산자물가지수(PPI) 발표, 16일 케빈 워시 연준 의장 후보 인사청문회 등도 예정돼 있어 금리와 정책 불확실성이 시장 변동성을 자극할 수 있다. 또한 미국과 이란 간 협상...",https://www.ajunews.com/view/20260411002035690,10,,1
중동 협상 경계에 S&P500 상승 멈칫…알고리즘 자금 유입 임박[월스트리...,"미 10년물 국채금리는 전 거래일 대비 2.2bp(1bp=0.01%포인트) 오른 4.315%를, 연준 정책에 민감하게 연동하는 2년물 국채금리는 1.2bp 상승한 3.795%에서 움직이고 있다. 달러 가치는 큰 변동 없이 보합권에 머물고 있다. 이는...",http://www.edaily.co.kr/news/newspath.asp?newsid=01685926645415136,14,,1
"중동 협상 앞두고, 美 나스닥 '상승'...반도체가 '견인'","미치고 연준을 곤란한 상황에 빠뜨릴 수 있을 것""이라고 우려했다. 미국 증시에서 주요 기술주 중... 미국 국채금리는 상승했다. 인베스팅닷컴에 따르면 벤치마크 금리인 10년물 국채금리는 뉴욕증시 마감시간...",http://www.choicenews.co.kr/news/articleView.html?idxno=163650,13,,1
비트코인 7만3000달러 돌파…7만5000달러가 분수령,"헤드라인 CPI는 이란 전쟁에 따른 유가 충격을 반영한 반면, 연준은 정책 판단 시 근원 지표를 더 중시하기 때문이다. CME 데이터에 따르면 시장은 4월 29일 연방공개시장위원회(FOMC)에서 금리 동결 가능성을 98%로...",https://www.tokenpost.kr/news/cryptocurrency/348289,10,,1
[속보]중동 협상 앞두고 S&P500 7일 랠리 종료…주간 3%↑ ‘올해 최고’,"미 국채금리는 상승했고 달러 가치는 큰 변화 없이 보합권을 유지하고 있다. 시장 전문가들은 단기적으로... 주고, 연준을 정책적으로 난처한 상황에 놓이게 할 수 있다”고 지적했다. 한편 시장의 관심은 다음 주부터...",http://www.edaily.co.kr/news/newspath.asp?newsid=01476006645415136,14,,1
"뉴욕증시, 미-이란 협상 앞두고 혼조 마감…나스닥 0.35%↑",시카고상업거래소(CME) 그룹 페드워치(FedWatch)에 따르면 금리 선물 시장 참가자들은 연준이 내년 9월 전까지는 금리를 현행 3.50~3.75% 수준에서 유지할 가능성을 유력하게 반영 중이다. 인플레이션 우려로 국채...,https://www.newspim.com/news/view/20260411000017,14,,1
"美증시, 물가 상승 압박에 혼조세…""금리 하락 가능성 ↓""",로이터는 “유가 충격의 본격적인 영향은 4월에 나타날 것”이라며 “물가 인상으로 연방준비제도(연준·Fed)의 금리 인하 가능성이 크게 내려갔다”고 분석했다. 미 투자사 오리온의 팀 홀랜드 최고투자책임자...,https://www.dailian.co.kr/news/view/1632277/?sc=Naver,11,,1
"""전쟁 때문 아니라고""…'50조 미스터리 매도' 증권사 반전 진단","● 금리 시험대…외국인 ‘미스터리 매도’ 변수 다만, 정책 변수는 여전히 부담 요인이다. 다음 주 16일에는 차기 미 연준 의장 후보인 케빈 워시의 인사 청문회가 예정돼 있으나, 일부 의원들이 제롬 파월 의장에 대한...",http://www.wowtv.co.kr/NewsCenter/News/Read?articleId=A202604100392&t=NN,9,,1
"백악관 해싯 ""호르무즈 재개방되면 연준 금리인하 가능""","그는 ""그럴 경우 연준이 금리를 내릴 수 있는 여지가 매우 견고해질 것""이라며 금리인하 기대감을 드러냈다. 해싯은 전날에도 미국 언론 인터뷰에서 ""대형 유조선 한 척이 들어오면 200만배럴이 들어오는데 이는 현재...",https://news.einfomax.co.kr/news/articleView.html?idxno=4408962,6,,1
"비트코인, CPI 충격에도 반등…‘에너지발 물가’에 시장은 안도","연준의 금리 정책에는 어떤 영향이 있나요? 근원 물가가 안정된 흐름을 보이면서 연준이 당장 추가 긴축에 나설 가능성은 낮아졌습니다. 이에 따라 금리 인하 기대도 완전히 사라지지 않았고, 이는 비트코인에...",https://www.tokenpost.kr/news/cryptocurrency/348231,9,,1
미국 근원 CPI 안도감…비트코인 7만3000달러 돌파 후 숨고르기,"단기적으로는 유가와 같은 에너지 가격, 그리고 미·이란 협상 결과가 중요합니다. 중기적으로는 다음 발표될 CPI에서 인플레이션이 확산되는지 여부와 연준의 금리 정책 방향이 핵심 변수로 작용할 전망입니다.",https://www.tokenpost.kr/news/cryptocurrency/348220,10,,1
美 국채가 소폭 하락…급등한 CPI에도 일단 관망,미국 10년물 국채금리 일중 추이[출처 : 연합인포맥스] 미국 3월 소비자물가지수(CPI)가 이란 전쟁 충격파로... 근원 인플레이션은 아직 양호한 만큼 유가 충격이 3월에 한정된다면 연방준비제도(Fed·연준)의 부담도...,https://news.einfomax.co.kr/news/articleView.html?idxno=4408960,21,,1
CPI 예상 웃돌았는데 비트코인 상승…시장은 ‘근원 물가’에 반응했다,"에너지 가격 안정 여부, 근원 CPI 흐름, 연준의 금리 정책, 그리고 지정학적 리스크 완화 여부가 주요 변수로 작용하며 이들이 안정될 경우 상승 환경이 이어질 수 있습니다.",https://www.tokenpost.kr/news/cryptocurrency/348217,9,,1
美 3월 CPI 예상치 하회에도 불확실성↑…인플레 재점화 우려 '고개',"휘발유 급등 물가 상승폭 확대…근원 물가 안정 흐름 지속 엇갈린 물가 신호…美 연준 기준금리 셈법 '난항' 3월 미국 소비자물가지수(CPI)가 시장 전망치를 하회했지만, 시장의 반응은 차가운 분위기다. 에너지 가격...",https://news.tf.co.kr/read/economy/2312054.htm,12,,1
"[더페어 전망대] 5850선 안착한 코스피, 'HBM·밸류업' 훈풍 타고 상단 돌...",이는 미 연준의 금리 인하 시점을 늦추는 근거로 작용할 수 있으며 다음주 발표 예정인 미국의 소비자물가지수(CPI) 결과와 맞물려 증시의 심리적 저항선을 형성할 것으로 보인다. 결과적으로 다음 주 증시는 매크로...,https://www.thefairnews.co.kr/news/articleView.html?idxno=74078,11,,1
[자정 뉴스브리핑] 러시아 국적 초대형 유조선 아르히메다가 호르무즈 ...,"미국 CPI 발표 이후 시장, 연내 금리 인하 가능성 반영 미국 CPI 발표 이후 시장에서 미 연준이 올해 안에 한 차례 금리를 인하할 가능성을 반영하는 움직임이 확대됐다. Odaily에 따르면 미국 단기금리 선물은 CPI 보고서...",https://www.tokenpost.kr/news/briefing/348188,9,,1
전쟁發 유가충격 덮쳤다 美 3월 소비자물가 급등,미국·이란 전쟁에 따른 유가 충격이 인플레이션을 다시 자극하면서 올해 미국 연방준비제도(Fed·연준)의 금리 인하 가능성도 한층 낮아졌다는 평가가 나온다. 미국 노동부는 10일(현지시간) 3월 소비자물가지수(CPI)가...,https://www.mk.co.kr/article/12014210,14,,1
美CPI 4년만에 최대폭 상승…멀어지는 금리인하,미국 연방준비제도(Fed·연준)의 통화정책 판단도 한층 복잡해졌다. 에너지 가격 급등으로 인플레이션 압력이 다시 커지면서 시장 참여자들은 2026년 추가 금리 인하 가능성을 낮게 보고 있다. 다만 노동시장이 더 약화될...,https://www.mk.co.kr/article/12014207,14,,1
"'연준 대변인' 티미라오스 ""미 3월 근원 CPI 예상 소폭 하회...한 달 지표...","운송 등 에너지 관련 영향이 앞으로 더 반영될 수 있다고 덧붙였다. 이번 발언은 시장의 금리 인하 기대를 자극할 수 있는 물가 둔화 신호에도 불구하고, 연준이 보다 폭넓은 지표와 추세를 중시하고 있음을 시사한다.",https://www.tokenpost.kr/news/breaking/348182,9,,1
유가 급등에 美 3월 물가 전월比 0.9%↑…2022년 6월 이후 최대,"CNBC에 ""연준이 에너지발 물가 변동을 일시적 현상으로 간주하며 시간을 벌 수는 있겠지만 진짜 시험대는 앞으로가 될 것""이라고 내다봤다. 이미 시장에서는 연내 금리인하 가능성을 낮게 반영하는 분위기다. 지난 3월...",http://www.joseilbo.com/news/news_read.php?uid=566361&class=42&grp=,6,,1
'전쟁여파' 미 3월 소비자물가 전월비 0.9%↑…약 4년만에 최대(종합),이란 전쟁에 따른 고유가와 도널드 트럼프 미 행정부의 관세 정책 영향이 겹치면서 연내 연방준비제도(Fed·연준)의 기준금리 인하 기대는 낮아진 것으로 평가된다. 시장에선 현재 진행 중인 미·이란 간 휴전이...,https://www.yna.co.kr/view/AKR20260410173852072?input=1195m,14,,1
"美 3월 소비자물가지수 3.3%↑…""에너지 가격 21년 만에 최대 상승폭""",2% 올랐다. 반면 의료비는 0.2% 내려갔다. 로이터는 “유가 충격의 본격적인 영향은 4월에 나타날 것”이라며 “물가 인상으로 연방준비제도(Fed·연준)의 금리 인하 가능성이 크게 내려갔다”고 분석했다.,https://www.dailian.co.kr/news/view/1632264/?sc=Naver,11,,1
"로이터 “시장, 연준이 2026년 내내 금리 동결할 것으로 반영”","로이터는 시장이 미 연방준비제도(Fed)가 2026년 한 해 동안 기준금리를 동결할 것으로 계속 반영하고 있다고 보도했다. 금리 인하 기대보다는 장기간 동결 전망이 우세하다는 뜻으로, 이는 글로벌 금융시장과 가상자산...",https://www.tokenpost.kr/news/breaking/348172,18,,1
미국 뉴욕증시 혼조 출발…이란 회담 경계 속 CPI 영향,"부담에도 불구하고 근원 물가 안정과 기술주 수요 기대가 맞물리며 혼조 흐름을 보이고 있다. 향후 시장 방향은 이란 관련 지정학적 변수와 유가 흐름, 그리고 연준의 금리 정책 전망에 크게 좌우될 것으로 보인다.",https://www.topstarnews.net/news/articleView.html?idxno=16031366,9,,1
"시장, 연내 미 연준 1회 금리 인하 가능성 반영 확대",미국 CPI 발표 이후 시장에서 미 연준이 올해 안에 한 차례 금리를 인하할 가능성을 반영하는 움직임이 확대됐다. Odaily에 따르면 미국 단기금리 선물은 CPI 보고서 발표 후 초기 상승분 일부를 되돌렸다. 시장은 물가...,https://www.tokenpost.kr/news/breaking/348170,9,,1
"美 소비자물가, 휘발유 급등에 3.3%…2년 만의 최고치 [WSJ]","만약 유가가 높은 수준을 유지한다면, 현재의 3%대 인플레이션은 다시 상승 압력을 받을 수 있으며, 이는 연준의 금리 인하 시점을 늦추는 결정적 요인이 될 수 있다고 매체는 전했다.",http://www.joseilbo.com/news/news_read.php?uid=566360&class=42&grp=,6,,1
"비트코인, 7만2000달러 위 횡보…휴전 지속성에 달렸다",앞으로 비트코인 가격 방향은 어떻게 결정될까요? 휴전의 지속 여부와 연준의 금리 정책이 핵심 변수입니다. 지정학적 긴장이 재개되거나 금리 인상 압력이 커질 경우 변동성 확대가 예상됩니다.,https://www.tokenpost.kr/news/cryptocurrency/348158,7,,1
"CME 페드워치 ""연준 4월 금리 동결 확률 98.4%""","5%, 금리 동결 확률이 96.8%, 누적 25bp 인상 확률이 1.7%로 나타났다. 이번 수치는 미국 소비자물가지수(CPI) 발표를 앞두고 공개된 것으로, 시장이 당분간 연준의 금리 유지 기조를 예상하고 있음을 보여준다.",https://www.tokenpost.kr/news/breaking/348156,9,,1
[종합] 미 3월 소비자물가 4년 만에 최대 폭 급등…전쟁發 유가 쇼크에...,미 동부시간 4월 10일 오전 연방기금(FF) 금리선물시장 참가자들의 연준 기준금리 전망.[표=CME 페드워치] 이 같은 전망은 8일 공개된 3월 17~18일 연방공개시장위원회(FOMC) 의사록에서도 확인됐다. 의사록에 따르면 연준...,https://www.newspim.com/news/view/20260410001250,9,,1
"연준 데일리 총재 ""금리 인상보다 동결·인하 가능성 더 높아""",연준의 토머스 바킨 리치먼드 연방준비은행 총재가 금리 인상보다 금리 동결이나 인하 가능성이 더 높다고 밝혔다. PANews는 진시데이터를 인용해 바킨 총재가 이란과의 분쟁이 빠르게 해소되고 유가가 하락한다면 금리...,https://www.tokenpost.kr/news/breaking/348145,9,,1
美 3월 소비자 물가 3.3% 상승... 전월 보다 0.9%p 급등,"분야에서 전혀 진전이 보이지 않는다""고 답답함을 토로한 바 있다. 시장 전문가들은 유가 불안과 서비스 물가 정체가 지속될 경우, 연준의 금리 인하 시점이 당초 예상보다 더 늦춰질 수 있다고 분석하고 있다.",http://www.fnnews.com/news/202604101938044713,6,,1
미 3월 CPI 예상 부합…근원 둔화에 비트코인 소폭 상승,"CPI: 소비자물가지수, 전체 물가 수준 측정 근원 CPI: 식품·에너지 제외한 물가 지표, 장기 인플레이션 판단 기준 FOMC: 미국 연준의 금리 결정 회의 페드워치: 금리 전망 확률을 보여주는 CME 도구 CPI와 근원 CPI가 왜...",https://www.tokenpost.kr/news/economy/348137,9,,1
"ANZ·골드만삭스 ""금 장기 강세 유지""…연말 5,800달러 전망","골드만삭스는 중앙은행의 지속적인 금 매수와 올해 미 연준의 50bp 금리 인하 기대를 반영해 금값 5,400달러 전망을 유지했다. 다만 골드만삭스는 호르무즈 해협 차질이 장기화할 경우 단기적으로는 금 가격이 전술적...",https://www.tokenpost.kr/news/breaking/348130,10,,1
"외환 분석가 ""CPI보다 미·이란 협상 결과가 시장 좌우""","또 미 연준은 현재 확고한 중립 기조를 유지하고 있지만, 인플레이션 기대가 높아지거나 전쟁이 예상보다... 시장에서는 연말까지 7bp 수준의 완화 여지를 반영하고 있으며, 이는 2026년에는 금리 인상도 인하도 없을...",https://www.tokenpost.kr/news/breaking/348122,9,,1
이란 사태 속 파월의 시장 달래기 [US REPORT],"문제는 불과 몇 년 전 이런 식으로 대응하던 연준이 금리 인상 시기를 놓쳐 크게 낭패를 본 적이 있다는 점이다. 파월은 2021년 하원 청문회에서 “인플레이션은 곧 지나갈 현상”이라며 “항공료나 호텔비, 중고차 가격...",https://www.mk.co.kr/article/12007333,6,,1
"비트코인, 지정학 리스크에도 무반응…CPI가 7만5000달러 갈림길","물가 상승률이 둔화되며 연준의 금리 인하 기대를 자극할 경우, 비트코인(BTC)은 7만5000달러 돌파를 시도할 수 있다. 반대로 인플레이션이 예상보다 높게 나오면, 단기 조정 압력이 강화될 가능성이 크다. 지정학적...",https://www.tokenpost.kr/news/cryptocurrency/348058,10,,1
이란전쟁 여파 첫 반영...3월 美물가 급등 전망,전날 연준이 공개한 3월 연방공개시장위원회(FOMC) 회의 의사록을 보면 참석한 연준 위원들은 금리 인상 가능성까지 논의한 것으로 나타났다. “인플레이션(물가 상승)이 연준의 목표치인 2%를 웃도는 상황이 계속될...,https://www.sedaily.com/article/20031112?ref=naver,6,,1
"옵션 23억달러 만기·CPI 경계…비트코인 6만9천달러 시험대, ETF는 유입","CME 페드워치에 따르면 올해 연준의 금리 인하 가능성은 크게 낮아진 상태다. 이는 유동성 기대를 약화시키는 요인이다. 비트코인 ETF, 2.7억달러 유입…구조적 수요 유지 거시 불확실성에도 불구하고 현물 비트코인...",https://www.tokenpost.kr/news/cryptocurrency/348045,13,,1
[데일리픽] 클래리티법 통과 언제쯤…스페이스X·테슬라 합병설 재부상,"■ 美 연준, 연내 금리 인하 여지 남겼다…전쟁 변수에 내부 시각 엇갈려 미국 연방준비제도(Fed)가 3월 연방공개시장위원회(FOMC) 회의에서 기준금리를 3.5%~3.75%로 동결하면서도 연내 금리 인하 가능성을 열어둔 것으로...",https://www.digitaltoday.co.kr/news/articleView.html?idxno=655772,14,,1
"[투자 노하우] 뉴욕증시, 하락 출발에도 휴전 지속에 상승 마감","백악관 국가경제위원회 위원장이 차기연준 의장인 케빈 워시의 취임을 5월 15일로 확신한 가운데, 미... 금통위에서 기준금리를 7연속 유지 결정을 내렸습니다. 새 한은 총재인 신현송은 매파적 성격이 강한 걸로 알려져...",https://biz.sbs.co.kr/article_hub/20000303574?division=NAVER,14,,1
"""과거 패턴 올해는 없다""...비트코인 4월 상승 가로막는 '삼중고'","최근 미국·이란 갈등, 유가 상승, 연준의 금리 동향이 시장의 핵심 변수로 꼽힌다. 10일(현지시간) 디지털자산 전문매체 뉴스BTC에 따르면 시장 분석가 샘 다오두는 ""비트코인이 역사적으로 4월에 상승 마감하는 경향이...",https://www.newsway.co.kr/news/view?ud=2026041016435345270,6,,1
[AI MY 뉴스] 연준 리더십 공백 시나리오와 꼬이는 통화정책,"질문 : 케빈 워시 후보자의 인준이 막히면서 연준 리더십에 공백이 발생할 리스크와 이에 따른 통화정책... 월스트리트저널(WSJ)은 워시 후보자가 과거 금리 인하 필요성을 강조해 왔지만, 이란 전쟁 이후 에너지 가격...",https://www.newspim.com/news/view/20260410000910,6,,1
[오전 주요 국제금융뉴스](10일),"▲제러미 시겔 ""연준 금리 인하 불투명…하반기 인상할 것"" - 펜실베이니아대 명예 교수인 제러미 시겔은 연방준비제도(Fed·연준)의 기준금리 인하는 불투명해졌고, 하반기 인상이 가장 가능성 있는 시나리오라고...",https://news.einfomax.co.kr/news/articleView.html?idxno=4408906,15,,1
"이창용 ""환율 1500원 돌파, 위기 상황 아냐…'속도'와 '착시' 봐야""","이 총재는 10일 금융통화위원회 직후 열린 기자간담회에서 ""환율의 절대적 수치보다 달러 인덱스(DXY)와 대비 절하 정도를 봐야 거시경제적 의미가 있다""며 ""지난해 상승은 미 연준(Fed)의 금리 인상에 따른 공통...",https://www.newspim.com/news/view/20260410000803,16,,1
"[글로벌마켓인사이트]""전쟁발 인플레로 향후 3개월 증시 고전할 것""",게다가 시겔 교수는 미 중앙은행인 연방준비제도(연준·Fed)의 금리인하 전망이 불투명해졌다고 말하기도 했다. 그는 연준이 전쟁 전보다 훨씬 더 큰 인플레이션 압력에 직면해 있다며 대출과 미 통화량 공급 증가라는 두...,https://www.businessplus.kr/news/articleView.html?idxno=110463,15,,1
[정의길 국제경제 톺아보기] 이란 전쟁은 끝나도 끝나지 않을 것이다,"<연합뉴스> 제롬 파월 미국 연방준비위원회(Fed) 의장은 이란 전쟁이 터진 뒤 연준이 다시 '공급 충격의 시대... 트럼프가 바라는 금리인하는 물 건너갔고, 오히려 금리인상을 우려해야 하는 때이다. 최악은 휴전이 깨지고...",https://www.businesspost.co.kr/BP?command=article_view&num=435431,11,,1
위기엔 강했지만 달러 균열 깊어져,실제 로이터는 일부 기관들이 연준의 첫 금리 인하 시점을 9월 이후로 늦추거나 올해 인하가 없을 수 있다고 전망했다고 전했다. 안전자산 지위와 상대적으로 높은 미국 금리라는 버팀목까지 당장 흔들리는 현실은...,https://www.naeil.com/news/read/584812?ref=naver,7,,1
[김현철의 美증시] 중동 평화 협상 기대감에 일제히 반등,"만약 공급망 차질로 인한 물가 상승이 기업들의 가격 인상과 근로자들의 임금 인상 요구로 이어지는 악순환이 발생할 경우, 연준은 시장의 기대와 달리 금리 인하를 미루거나 오히려 추가 인상을 검토해야 하는 상황에...",http://www.00news.co.kr/news/articleView.html?idxno=103167,6,,1
"[박선영의 금융 디파인(DeFine) <25>] 호르무즈가 닫힌 세계, 스태그플레...","연준의 이중 책무 간 긴장을 숨기지 않았다. 노동시장의 하방 리스크는 완화적 정책을, 인플레이션의 상방 리스크는 긴축적 대응을 요구한다. 하지만 아직 어느 한쪽 선택을 강요받는 단계는 아니며, 현행 기준금리 3....",https://economychosun.com/site/data/html_dir/2026/04/03/2026040300022.html,10,,1
신현송 한국은행 총재 후보자 “거시건전성 유지되면 美로부터 독립적...,"연준이 금리를 올리면 달러 조달 비용이 커지고, 글로벌 투자자들은 일제히 신흥국에서 자금을 거둬들인다. 이때 신흥국이 독자적으로 금리를 내리면 자본 유출이 더 빨라지는 악순환에 빠진다. 환율 변동에 따라 달러가...",https://biz.heraldcorp.com/article/10714425?ref=naver,20,,1
"美 연준, 연내 금리 인하 여지 남겼다…전쟁 변수에 내부 시각 엇갈려","연준은 지난해 12월 10일을 마지막으로 기준금리를 25베이시스포인트(bp) 내린 바 있다. 이번 의사록은 연내 인하 기대를 완전히 꺾지는 않았지만, 물가 재상승 가능성 앞에서 금리 인상 선택지까지 남겨뒀다는 점에서...",https://www.digitaltoday.co.kr/news/articleView.html?idxno=655684,9,,1
'조마조마' 美기업 실적…이란 전쟁 '파고' 넘을까?,"파월 연준의장의 발언으로 금리인상 확률이 급격히 낮아진 점을 긍정적으로 평가했고요. 에버코어는 현재 밸류에이션이 매력적인 수준까지 내려왔다, 하락을 두려워하는 게 아니라, 오히려 기다리고 있다 말하고...",https://biz.sbs.co.kr/article_hub/20000303455?division=NAVER,7,,1
'국내 개인·기관도 65조원 물렸는데' … 美 사모대출 환매 막히고 부실...,"유가 상승에 따른 인플레이션 압력 확대로 변동금리 구조가 대부분인 사모대출 차입기업의 이자 부담이 커질 수 있으며, IMF는 연준의 향후 1년 금리 인하 여지가 제한적이라며 올해 1회 인하를 전망했다. 한 증권사...",https://biz.newdaily.co.kr/site/data/html/2026/04/10/2026041000081.html,12,,1
“종전 후 물가·금리·신용지표 흐름 주목해야”<IBK투자證>,정 연구원은 “과거 이례적 유가 급등 국면은 연준 기준금리 인상으로 이어지는 경우가 많았다”며 “장단기금리차(10년-기준금리) 확대도 수반되는 만큼 하반기 금리에서는 이 부분을 주목해야 한다”고 부연했다. 아울러...,https://www.news2day.co.kr/article/20260410500068,9,,1
"한국은행, 4월 기준금리 연 2.50% '동결'…7연속 유지","미국 연방준비제도(Fed·연준) 차기 의장으로 지명된 케빈 워시 후보가 '매파(통화긴축 선호)'로 분류되는 만큼, 미 연준의 기준금리 인하 지연 가능성이 커지면서 한은 역시 관망세를 유지한 것으로 분석된다. 특히 이번...",https://www.newsway.co.kr/news/view?ud=2026041009511443509,27,,1
한국은행 기준금리 7연속 동결…연 2.50%,"5월 금통위 전 4월 30일 새벽에는 미국 연방준비제도(Fed)의 금리 발표가 나온다. 연준 정책금리는 연 3.50~3.75%로, 올해 1월과 3월 연속 동결됐다. 제롬 파월 연준 의장도 5월 임기가 만료된다. [뉴스웍스=허운연 기자]",https://www.newsworks.co.kr/news/articleView.html?idxno=837352,22,,1
"‘물가 꿈틀, 고환율’에 한은 ‘멈춤’…금리인하 기대 꺾였다","특히 ""금리 전망은 조건부이며 연준이 기대한 인플레이션 진전이 나타나지 않으면 금리인하는 이뤄지지 않을 것""이라고 말하며 연준이 여전히 인플레이션과의 싸움을 끝내지 않았음을 분명히 했다. 금통위의 동결...",http://www.joseilbo.com/news/news_read.php?uid=566313&class=18&grp=,14,,1
신현송 “美 금리 영향 절대적이지 않아…통화정책 국내 상황 중점 운영...,"연준이 금리를 올리면 달러 조달 비용이 커지고, 글로벌 투자자들은 일제히 신흥국에서 자금을 거둬들인다. 이때 신흥국이 독자적으로 금리를 내리면 자본 유출이 더 빨라지는 악순환에 빠진다. 환율 변동에 따라 달러가...",https://biz.heraldcorp.com/article/10714191?ref=naver,10,,1
[오늘의 금시세] 4월 10일 환율 상승·이란 변수 속 국내↑ 국제 혼조,"시장에서는 이번 CPI 결과가 향후 연준(Fed)의 정책 경로를 결정짓는 핵심 변수로 작용할 것으로 보고 있으며, 예상치 수준에 따라 금리 인하 기대가 재조정될 가능성이 있다. 이는 금 가격의 단기 방향성을 좌우할 주요...",https://www.topstarnews.net/news/articleView.html?idxno=16030696,17,,1
코스피 5870선·코스닥 1080선…반도체 훈풍에 쌍끌이 급등,외환 시장에서는 원·달러 환율이 하락세로 돌아서며 외국인 매수 환경을 뒷받침하고 있으나 미국 연준의 금리 정책 변화 가능성에 따른 변동성 확대 여지는 남아 있다. 52주 신고가인 6347.41 탈환을 위해서는 반도체...,https://www.wikitree.co.kr/articles/1130737,14,,1
"비트코인 추가 상승, 유가 안정이 관건…호르무즈 변수 부각","그렇게 되면 연준의 금리 인하 기대는 더 약해질 수 있다. 분석가들은 현재 위험자산을 들고 있는 투자자들이 사실상 2주라는 시한 안에서 움직이고 있으며, 휴전 붕괴는 최초의 충격보다 더 큰 피해를 줄 수 있다고...",https://www.digitaltoday.co.kr/news/articleView.html?idxno=655578,6,,1
전후 중동 특수? 중국 1분기 굴삭기 수출 36% 급증,"씨틱증권은 올해 중국 건설기계 수출이 15% 이상 성장할 것으로 예상했으며, 동우증권은 미국 연준(Fed)의 금리 인하 사이클에 따른 글로벌 유동성 개선이 중동과 아프리카 등 신흥국의 대규모 프로젝트 재개로...",https://www.newspim.com/news/view/20260410000147,14,,1
금시세(금값) 10일,"달러화 강세와 약세, 글로벌 중앙은행의 금 매입, 제롬 파월 연준 의장의 발언과 FOMC 회의 내용, 전쟁 등이... 연방준비제도가 금리를 25bp인상 할 확률을 1.6%로, 금리를 동결할 확률을 98.4%로 전망했다. 시카고상품거래소...",https://www.bntnews.co.kr/article/view/bnt202604100079,10,,1
"비트코인, 기름값 빠지자 꿈틀…금리 인하 겹치면 8만달러 직행?",이 경우 연준은 기준금리를 한동안 3.5% 안팎에서 유지할 가능성이 있다는 관측이 제기됐다. 비트파이넥스 측은 호르무즈 해협 봉쇄가 이어지면 유가가 120달러까지 오를 수 있다고 경고했다. 브라운도 휴전이 무너지면...,https://www.digitaltoday.co.kr/news/articleView.html?idxno=655576,10,,1
중동 분쟁에 요동치는 국제금융시장... 달러 강세 속 원화 가치 하락,"국제유가 급등으로 인플레이션 우려가 다시 고개를 들자 미 연준의 금리 인하 기대감은 위축되었고, 안전자산인 달러화는 강세를 나타냈다. 이 여파로 국내 외환시장에서도 원/달러 환율이 요동치고 외국인...",https://www.pointe.co.kr/news/articleView.html?idxno=78201,12,,1
"뉴욕증시, '휴전 추진' 이스라엘 향한 기대와 의심 '강세'...WTI 3.7%↑",연방준비제도(Fed·연준)의 통화정책에 강력한 압박으로 작동할 만한 수준이다. 반면 미국 성장률은... 시카고상품거래소(CME) 페드워치툴에 따르면 연방기금금리 선물시장은 올해 12월 말까지 기준금리가 25bp 인하될...,https://www.asiatime.co.kr/article/20260410500006,14,,1
"제러미 시겔 ""연준 금리 인하 불투명…하반기 인상할 것""","펜실베이니아대 명예 교수인 제러미 시겔은 연방준비제도(Fed·연준)의 기준금리 인하는 불투명해졌고, 하반기 인상이 가장 가능성 있는 시나리오라고 관측했다. 시겔 교수는 9일(현지시간) CNBC를 통해 ""연준은 제롬 파월...",https://news.einfomax.co.kr/news/articleView.html?idxno=4408762,14,,1
48185 찍은 다우의 환호 뒤로…선물 시장 흔드는 실체,특히 유가가 배럴당 특정 수준을 돌파할 경우 연준의 금리 경로에 직접적인 영향을 줄 수 있다는 점이 시장의 가장 큰 공포 요인으로 꼽힌다. 실물 경제 지표의 견조함에도 불구하고 지정학적 불확실성이 지수의 상단을...,https://www.wikitree.co.kr/articles/1130729,6,,1
"“시시각각 변하는 사모 대출 위험, 연준에겐 통제할 수단이 없다”","금융 안정을 보장한다는 연준의 정책 수단도 시장의 변화와 함께 바뀔 필요가 있습니다. 아미트 세루(Seru)... 금리 상승, 대출 연장 조건 강화, 자산 가치 평가에 대한 불확실성 증가 등이 대표적인 변화입니다. 이런...",https://www.chosun.com/economy/economy_general/2026/04/10/L47ERKJ3WVGYFCRQ5VDHR3OLEU/?utm_source=naver&utm_medium=referral&utm_campaign=naver-news,8,,1
[뉴욕마켓워치] '휴전 추진'은 하겠다는 네타냐후…주식↑달러↓채권 혼...,"시카고상품거래소(CME) 페드워치에 따르면, 연방기금금리(FFR) 선물시장은 뉴욕 오후 4시 4분께 연준이 오는 12월까지 금리를 동결할 가능성을 71.0%로 반영했다. 12월까지 금리가 25bp 인상될 가능성은 1.1%에 그쳤고, 연내...",https://news.einfomax.co.kr/news/articleView.html?idxno=4408751,10,,1
[국제금융 브리핑] 트럼프 “이란 협상 낙관”에 증시 반등…S&P500 상승...,시장에서는 연준의 정책 경로에 대한 불확실성도 확대되고 있다. 중동발 에너지 가격 충격과 관세 정책 변수 등이 겹치며 당분간 금리 인하 기대는 제한되고 ‘관망 기조’가 이어질 가능성이 높다는 분석이 나온다....,https://www.tokenpost.kr/news/international/347964,7,,1
"고환율과 고유가…3월 수입물가, 9개월 연속 오르나[한은 미리보기]",앞서 지난달 원·달러 환율이 1530원대까지 치솟았던 만큼 수입 물가 상승세가 여전히 이어질지 관심이 모인다. 사진=이데일리 한은은 오는 15일 올해 3월 수출입물가지수를 발표한다. 지난달 원·달러 환율이...,http://www.edaily.co.kr/news/newspath.asp?newsid=01879446645415136,9,,1
고물가·고환율에 중동전쟁까지···원가 급등에 식품업계 속앓이[산업...,"중동전쟁 여파로 원·달러 환율이 1500원대를 넘나들고, 국제 유가가 갤런당 100달러를 찍는 것도 이젠 낯설지 않습니다. 식품업체들은 당장 원자재 가격급등을 걱정하고 있습니다. 봉쇄된 호르무즈해협이 활짝 열린다고...",https://www.khan.co.kr/article/202604110800041,4,,1
5대 제약사 R&D 투자 '엇갈린 행보'…환율·약가가 '변수',특히 우크라이나·러시아 전쟁에 이어 중동 지역 긴장까지 확대되면서 원·달러 환율 변동성이 커진 점이 부담 요인으로 작용하고 있다. 환율 불안은 원료의약품 수입 의존도가 높은 국내 제약업계에는 치명적이다....,https://www.sisaon.co.kr/news/articleView.html?idxno=200155,4,,1
[뉴욕환시] 달러 닷새째↓…美·이란 협상 경계 속 인플레 안도,유로-달러 환율은 1.17275달러로 0.00270달러(0.231%) 높아졌다. 파운드-달러 환율은 1.34683달러로 0.00327달러(0.243%) 올라갔다. 유럽 천연가스 시장의 벤치마크인 네덜란드 TTF 선물 근월물은 5.0% 내려갔다 주요 6개 통화에...,https://news.einfomax.co.kr/news/articleView.html?idxno=4408974,4,,1
[GAM]디지털 위안화 2.0① '페트로 위안' 훈풍에 위상 확대,"다만, 다수의 기관은 올해 말 달러당 위안화 환율이 6.7~6.8위안대까지 내려갈 것으로 예상한다. 대표적으로 골드만삭스와 TD증권은 연말 달러당 6.7위안 대까지 진입할 수 있다는 강세 시나리오를 제시했다. 싱가포르...",https://www.newspim.com/news/view/20260410000970,4,,1
"달러-원, 미·이란 협상 앞두고 제한적 움직임…1,483.50원 마감","오전 2시 41분께 달러-엔 환율은 159.246엔, 유로-달러 환율은 1.17220달러에 거래됐다. 역외 달러-위안 환율은 6.8252위안에 움직였다. 엔-원 재정환율은 100엔당 930.92원을 나타냈고, 위안-원 환율은 216.76원에 거래됐다....",https://www.tfmedia.co.kr/news/article.html?no=203623,4,,1
"""막판 휴전에 시장은 반등…유가 변수에 '지속성은 미지수'""","원·달러 환율은 1470.6원으로 전일 대비 33.6원 내렸고, 엔화와 유로화도 각각 1.0%, 0.9% 강세를 보였다. 달러인덱스는 2주 만에 99선을 하회했으며, 태국·말레이시아·대만·중국·인도 등 아시아 신흥국 통화도 전반적으로...",https://www.mediapen.com/news/view/1092684,4,,1
국민연금 '돈의 방향' 바꿨다…해외주식부터 바이오까지 투자 재편,원달러 환율이 높은 수준을 유지하는 상황에서 국민연금의 대규모 해외 투자 집행은 달러 수요를 자극하며 환율 변동성을 키우는 요인으로 작용한다. 특히 연초 자산 배분 계획과 달리 실제 집행 과정에서는 해외 투자...,https://www.ebn.co.kr/news/articleView.html?idxno=1705046,5,,1
[진정자의 이란전쟁 이야기 | 진리·정의·자유] 달러 대신 비트코인과...,"에너지 수입 기업의 결제 리스크 관리, 환율 변동성 대응, 디지털 자산 규제 체계 정비가 동시에 필요하다. 넷째, 외교의 언어를 재정립해야 한다. 이란은 비트코인과 위안화를 요구하고, 미국은 달러 질서를 유지하려 한다....",https://www.ajunews.com/view/20260410133311384,4,,1
"美 CPI 예상치 부합...달러가치 '하락', 엔화환율은 '상승'",같은 시각 엔-달러 환율은 159.29엔으로 전장 대비 0.21% 상승하며 달러 대비 엔화가치는 약세를 기록 중이다. 미국 경제매체 CNBC에 따르면 이스라엘과 레바논은 미국 중재 하에 워싱턴 DC에서 회담을 개최할...,http://www.choicenews.co.kr/news/articleView.html?idxno=163649,7,,1
"'치안 불안' 멕시코, 월드컵 앞두고 '방탄차' 수요 폭주","간 충돌 가능성 등으로 인해 방탄차 시장이 계속해서 호황을 누릴 것으로 보고 있다. 다만 최근 중동전쟁으로 발생한 방탄용 특수강 수급난, 달러 결제에 따른 환율변동 리스크는 업계의 숙제로 남아있다고 신문은 전했다.",https://www.yna.co.kr/view/AKR20260411003300087?input=1195m,4,,1
"매출은 사상 최대인데 이익은 급감…기아, 관세 직격탄에도 반등 신호",1분기 말 원·달러 환율이 1520원 수준까지 상승하면서 외화환산 부채 증가에 따른 환차손이 불가피한 상황이다. 특히 품질보증충당부채 가운데 외화로 인식된 부분에서 추가 비용이 반영되며 수익성을 약 0.3%포인트...,https://www.pinpointnews.co.kr/news/articleView.html?idxno=444315,4,,1
“중동서 최악 상황 벌어지면 스태그플레이션 배제 못해”,연초 달러당 1420원대까지 내려갔던 원화 환율은 중동 전쟁으로 한때 1500원 선을 넘어 2009년 글로벌 금융위기 이후 최고 수준으로 올라갔다. 휴전 소식에 다소 진정됐지만 10일 달러당 1482.5원으로 주간 거래를 마치는 등...,https://www.chosun.com/economy/economy_general/2026/04/11/6BT7FDICOJAQVFGRS6YTJQ5LRI/?utm_source=naver&utm_medium=referral&utm_campaign=naver-news,12,,1
"문페이·월렛커넥트·인제니코, 오프라인 스테이블코인 결제 도입","환율 기준으로 1달러는 약 1,483.70원 수준에서 처리된다. 문페이는 이를 통해 ‘결제 과정의 복잡성’을 줄이고, 스테이블코인의 실생활 활용도를 끌어올리는 것이 목표다. 특히 글로벌 리테일 네트워크를 활용하면...",https://www.tokenpost.kr/news/blockchain/348203,4,,1
환율 10원 오르면 지수 1% '뚝'… 유가·환율 쌍두마차에 춤추는 코스피,"증권업계의 계량 분석 결과에 따르면, 원·달러 환율과 코스피 지수는 강한 음(-)의 상관관계를 나타내고 있다. 통계적으로 환율이 10원 상승(원화 약세)할 때마다 코스피 지수는 약 0.8%에서 1.2% 내외의 하락 압력을 받는...",https://www.thefairnews.co.kr/news/articleView.html?idxno=74080,7,,1
"금·은 가격 상승, BTC·ETH 변동성 지수는 1%대 하락","달러·엔 환율(USD/JPY)은 0.09% 오른 159.142로 나타났다. 글로벌 주가지수는 대체로 강세를 보였다. 유로스톡스50은 0.60% 상승한 5,948.37, 영국 FTSE100은 0.18% 오른 10,623.85, 독일 DAX40은 0.30% 상승한 23,987....",https://www.tokenpost.kr/news/breaking/348197,5,,1
미 달러화 약보합…중동긴장 완화 속 인플레 지표 줄줄이 대기,유로-달러 환율은 1.17117달러로 전장보다 0.00112달러(0.096%) 소폭 상승했다. 유럽 천연가스 시장의 벤치마크인 네덜란드 TTF 선물 근월물은 전장 대비 3.7% 내려갔다 파운드-달러 환율은 1.34392달러로 전장 대비 0....,https://news.einfomax.co.kr/news/articleView.html?idxno=4408947,4,,1
"XRP ‘1,632달러’ 전망 재점화…시장, 가격보다 ‘가정’에 주목","원달러환율 1,483.70원을 적용하면 약 242만 원 수준이다. 다만 시장 전문가가 주목한 핵심은 가격 자체가 아니었다. 그는 “사람들은 가격을 논하지만, 변수는 보지 않는다”고 지적하며, 출력값보다 입력값이...",https://www.tokenpost.kr/news/cryptocurrency/348171,4,,1
"달러-원, 뉴욕장서 1,480원 초반대 거래","달러 인덱스는 98.767에 거래 중이다. 같은 시각 달러-엔 환율은 전장 대비 0.003엔 오른 159.222엔에, 유로-달러 환율은 전장과 보합 수준인 1.17110달러에 거래됐다. 역외 달러-위안은 6.8274위안에 거래됐다.",https://news.einfomax.co.kr/news/articleView.html?idxno=4408946,4,,1
"HJ중공업, 대웅제약, 엘앤에프, 대우건설, 썸에이지 외","주말 예정된 미국·이란 협상을 앞두고 위험선호가 회복되면서 외국인이 유가증권시장에서 1조원 안팎 순매수에 나섰고, 원·달러 환율은 1482.5원으로 전일과 같은 수준에서 주간거래를 마쳤다. 주가 등락...",https://www.kdpress.co.kr/news/articleView.html?idxno=204187,5,,1
상장 직후만 반짝…1년 뒤 수익 남는 코인 10%도 안 돼,"원달러환율이 1,483원대까지 오른 가운데, 해외 거래소와 국내 거래소의 상장 코인 흐름을 함께 보는 시각도 더 중요해지고 있다. 이번 보고서는 암호화폐 시장에서 ‘상장’ 자체보다 이후의 수요 유지가 더...",https://www.tokenpost.kr/news/cryptocurrency/348154,7,,1
"한국서 잘나가는 테슬라, 500만 원 '기습 인상'…왜?","최근 원·달러 환율 급등에 따른 전략적 조정이란 목소리도 있다. 소비자들 사이에선 불만이 나온다. 완성차 제조사는 연식 변경이나 옵션 추가 등 제품의 변화를 통해 가격을 인상하고 있지만, 테슬라처럼 가격만...",https://www.hankookilbo.com/news/article/A2026041018470000134?did=NA,4,,1
종전 협상 결과가 정할 코스피 방향성…시장 주목,"장 초반 1,470원대로 내려왔던 원·달러 환율은 다시 올라 1,482.5원으로 보합 마감했습니다. 전문가들은 협상 기대감이 시장을 지지하고 있지만, 환율 변수는 여전히 부담이라고 진단합니다. <박상현 / iM증권 연구원...",http://www.yonhapnewstv.co.kr/MYH20260410205811ilp,6,,1
"[주식마감] 끝나지 않은 중동 리스크... 대한해운 상한가, 세미파이브·...","이날 오후 3시 30분 기준 서울 외환시장에서 달러 대비 원화 환율은 1,482.5원으로 보합을 나타냈다. 유가증권시장에서 외국인이 홀로 1조1021억원 순매수하며 지수를 견인했다. 최근 정규장과 시간외거래 매매 동향을...",https://www.ggilbo.com/news/articleView.html?idxno=1152042,6,,1
[미디어FC] 이창용 한국은행 총재의 ‘외화 부자 후임’ 두둔이 모순처...,"신현송 보유 외화는 “지나친 우려”인가 정부의 원·달러 환율 안정화를 위한 그동안의 행보를 살펴보면, 신현송 후보자에 대한 이창용 총재에 발언에 크게 공감하지 못한다는 지적이 나올 수밖에 없다. 정부는 지난해...",https://www.mediawatch.kr/news/article.html?no=259230,12,,1
"달러-원, 美·이란 회담 경계에 반등…1,480원대 중후반","3월 소비자물가지수(CPI) 및 4월 미시간대 소비심리지수·기대 인플레이션 지표가 공개된다. 같은 시각 달러-엔 환율은 159.289엔, 유로-달러 환율은 1.16850달러였다. 역외 달러-위안(CNH) 환율은 6.8325위안으로 상승했다.",https://news.einfomax.co.kr/news/articleView.html?idxno=4408940,7,,1
[亞증시-종합] 중동 불확실성 속 상승,같은 시각 달러-엔 환율은 전장보다 0.22% 상승한 159.274엔에 거래됐다. 가타야마 사쓰키 일본 재무상은 이날 의회에 출석해 원유 및 환율 시장에서의 투기적 움직임에 대해 전방위적으로 결정적 조치를 할 준비가...,https://news.einfomax.co.kr/news/articleView.html?idxno=4408939,4,,1
"이창용, 재임 마지막 금통위서 '후회 없는 통화정책' 자평","지난해 원/달러 환율이 1.500원을 넘어선 당시, 한국은행의 금리 동결이 원화 가치 하락에 영향을 미쳤다는 주장이 있었다. 이에 대해 한국은행은 해외 주식 투자 증가가 환율 상승의 주된 원인이라고 밝혔다. 이창용...",https://www.gokorea.kr/news/articleView.html?idxno=863257,15,,1
"홍콩, 첫 스테이블코인 발행사 라이선스 승인…규제 정비 본격화","환율이 달러당 1,484.10원 수준까지 오른 상황에서, 아시아 금융 중심지들의 디지털자산 정책 경쟁은 더 주목받고 있다. 홍콩의 첫 ‘스테이블코인’ 라이선스 발급은 제도권 진입의 시작이자, 향후 규제와 시장 수요가...",https://www.tokenpost.kr/news/policy/348061,5,,1
"제재 장기화 속 이란, 암호화폐 시장 급부상…""혁명수비대 영향력 확대...","블록체인 분석업체 체이너리시스 자료에 따르면, 이란의 암호화폐 거래 규모는 지난해 약 78억 달러 수준으로 집계됐다. 이는 약 11조5000억원 규모에 해당하는 수준으로 평가된다. 다만 환율 변동에 따라 실제 원화 환산...",http://www.bizwnews.com/news/articleView.html?idxno=133350,8,,1
"키움증권, '해외주식 환헷지 상품' 일반투자자로 확대 外",환헷지 금액의 만기청산(중도해지)일에는 미리 정해진 계약환율과 청산일의 정산환율의 차이를 계산한 손익금액이 미달러화로 환산되어 예수금에 정산 처리된다. 다만 환율 및 기초자산 가격 변동에 따라 투자 원금...,https://www.rcast.co.kr/news/articleView.html?idxno=30499,5,,1
[기자수첩] 트럼프의 인질이 된 전 세계인,원·달러 환율은 1500원을 넘겼다. 관세 공포가 채 가시기도 전에 지정학 리스크가 덮쳤다. 이제 피해자는 서학개미만이 아니다. 중동 원유 공급이 흔들리면 기름값이 오르고 밥상 물가가 뛴다. 트럼프의 변덕이...,http://www.bizwnews.com/news/articleView.html?idxno=133278,4,,1
"제주항공, IT 계열사 '지주사에 매각' 연기…""중단 가능성 없다""","원·달러환율 상승도 영향을 미쳤다. 항공기 임차료, 정비비 등 달러 결제 비용 확대됐다. 항공 시장 재편과 경쟁 심화에 따른 수익성 악화도 매출 감소로 이어졌다. 올해 사업 운영의 안정성과 효율성을 높일...",https://www.fetv.co.kr/news/article.html?no=216754,4,,1
"홍콩, 첫 스테이블코인 라이선스 발급…은행 중심 실험 본격화","현재도 이들 은행은 미 달러를 홍콩 정부의 외환기금에 예치하고, 미 달러당 7.80홍콩달러 고정환율에 따라 채무증서를 발급받아 지폐를 찍는다. 유 총재는 과거 “상업은행이 은 예치금을 기반으로 발행한 지폐는...",https://www.tokenpost.kr/news/blockchain/348059,7,,1
"이창용 “환율, 중동 사태 안정되면 빠르게 내려올 수도”",서울경제티브이 이연아 기자 [서울경제TV = 이연아 기자] 이창용 한국은행 총재가 최근 원·달러 환율 급등과 관련해 “이란 사태가 안정되면 그 이전에 환율이 굉장히 빠른 속도로 올라간 것에 비해 그만큼 빠르게 내려올...,https://www.sentv.co.kr/article/view/sentv202604100201,12,,1
종전 협상 기대에 코스피 1%대 상승…우려도 상존,"다만 장 초반 1,470원대로 내려왔던 원·달러 환율은 소폭 오른 1,482.5원에 거래를 마감했습니다. 레바논 공격과 호르무즈 해협 개방에 대한 미국과 이란의 입장 차이가 좁혀지지 않자, 불안감이 반영된 것으로...",http://www.yonhapnewstv.co.kr/MYH20260410181527XWR,6,,1
[중국증시-마감] 디플레 우려 완화에 상승,"개선하면서 증권사 주가가 상승세를 나타냈으며, 기술주도 강세를 보였다. 중국 인민은행(PBOC)은 위안화를 절하 고시했다. 달러-위안 거래 기준환율은 전장 대비 0.0005위안(0.01%) 올라간 6.8654위안에 고시됐다.",https://news.einfomax.co.kr/news/articleView.html?idxno=4408931,11,,1
"[오늘증시]외국인 1조 원 이상 '사자'에 코스피 1.40% 상승 ""5858선 마감""...","68%) 등이 강세를 보였고, 백화점·일반상점(-2.29%), 상업서비스와 공급품(-1.59%) 등은 약세를 나타냈다. 서울외환시장에서 달러·원 환율은 전일과 같은 1482.5원으로 마감했다. 이코노미퀸 | 사진 뉴스1",http://www.queen.co.kr/news/articleView.html?idxno=454856,6,,1
미국·이란 협상 기대감에 코스피 1% 반등…5850선 회복,"30%), 섬유·의류(2.50%) 등이 강세를 보였고, 제약(-0.37%)과 일반서비스(-0.06%)는 소폭 하락했다. 한편, 이날 오후 3시 30분 기준 서울 외환시장에서 원·달러 환율은 1482.5원을 기록하며 보합권에서 움직였다.",https://www.industrynews.co.kr/news/articleView.html?idxno=79896,6,,1
"일본, 비트코인·이더리움 ‘금융상품’ 편입 추진…세금 20%로 낮아질까",원·달러 환율이 1달러당 1485.80원을 넘는 상황에서 일본 개인투자자와 해외 자금 모두에 부담을 덜어주는 방향이다. ‘결제 수단’에서 ‘투자 자산’으로…2027년 시행 가능성 일본 금융당국은 암호화폐가 실제로는...,https://www.tokenpost.kr/news/policy/348051,8,,1
"파라타항공 지난해 영업손실 671억 원, 초기 투자비와 경쟁심화 영향",<파라타항공> 아울러 저비용항공사(LCC)업계 경쟁 심화와 높은 원/달러 환율도 수익성에 악영향을 미쳤던 것으로 분석된다. 회사의 지난해 탑승률은 78.1%로 국적사 평균 83.4%보다 5.3%포인트 낮은 수치를 기록했다....,https://www.businesspost.co.kr/BP?command=article_view&num=435492,4,,1
[중시 오늘] 협상 일단 지켜보자…한숨 돌린 증시,"코스닥과 코스피는 1%대 상승했고, 원/달러 환율은 보합세를 보였다. 10일 한국거래소(KRX)에 따르면 코스피는 전 거래일 대비 80.86포인트(1.40%) 오른 5,858.87에 장을 마쳤다. 외국인(1조1021억원) 순매수했지만...",https://www.bigtanews.co.kr/article/view/big202604100018,8,,1
"국내 수입차 1위 올라선 테슬라, 최대 500만원 기습 인상",여기에 최근 가팔라진 원화 약세 역시 인상 압박을 높였을 것으로 보인다. 미국·이란 전쟁 등 중동 사태 여파로 원·달러 환율이 급등하면서 수입 원가 부담이 커진 점이 가격 책정에 영향을 미쳤다는 해석이다.,https://www.segye.com/newsView/20260410512966?OutUrl=naver,5,,1
"미·이란 종전 기대…코스피 1.4% 뛰어 5,858 마감","한편 코스닥 지수는 전장 대비 17.63포인트(1.64%) 상승한 1,093.63으로 장을 마쳤다. 이날 오후 3시 30분 기준 서울 외환시장에서 달러 대비 원화 환율은 전날과 같은 1,482.5원으로 보합 마감했다.",https://news.tvchosun.com/site/data/html_dir/2026/04/10/2026041090220.html,9,,1
"'마지막 금통위' 마친 이창용 ""환율 1500원, 위기 프레임에서 벗어나야...","이 총재의 취임 초 1200원대였던 원-달러 환율은 러시아-우크라이나 전쟁과 12·3 비상계엄 사태, 최근 중동 전쟁을 거치며 300원가량 급등했다. ""달러 인덱스보다 빠른 원화 약세가 진짜 문제"" 하지만 이 총재의 진단은...",https://www.ohmynews.com/NWS_Web/View/at_pg.aspx?CNTN_CD=A0003223297&CMPT_CD=P0010&utm_source=naver&utm_medium=newsearch&utm_campaign=naver_news,5,,1
"중국의 'SWIFT 대항마', 이란전쟁에 하루 거래액 절반 급증","위안화와 달러화  이란전쟁 기간 중 중국이 미국 주도 국제결제 시스템 국제은행간통신협회(SWIFT... 중신증권 수석 이코노미스트 밍밍은 CIPS 수요 증가와 관련해 ""지정학적 위험 고조 속에 위안화 환율이...",http://www.newsfc.co.kr/news/articleView.html?idxno=78021,11,,1
"코스피, 美ㆍ이란 종전협상 낙관론에 1.4% 상승... 5,850대 마감",이날 오후 3시 30분 기준 서울 외환시장에서 원-달러 환율은 1482.5원으로 보합을 나타냈다. 코스피시장(유가증권시장)의 상승세를 견인한 것은 외국인이었다. 외국인은 이날 홀로 1조1021억원 순매수하며 지수를...,https://www.getnews.co.kr/news/articleView.html?idxno=867478,6,,1
"코스피, 美·이란 종전협상 앞두고 1.4% 올라","이날 오후 3시 30분 기준 서울 외환시장에서 달러 대비 원화 환율은 1,482.5원으로 보합을 나타냈다. 유가증권시장에서 외국인이 홀로 1조1021억원 순매수하며 지수를 견인했다. 최근 정규장과 시간외거래 매매...",https://www.delighti.co.kr/news/articleView.html?idxno=115025,7,,1
'헤일로' 테마에 주목하라…중동 전쟁이 바꿔놓을 투자 시장 전망,#환율 방어 관점 선택지 ‘수출주’와 ‘방어주’ 중동 전쟁 여파로 원·달러 환율 변동성이 커지면서 고환율 대응력이 있는 종목을 찾는 투자자들의 움직임도 활발하다. 3월 원·달러 환율 일평균 변동 폭은 11....,https://ilyo.co.kr/?ac=article_view&entry_id=510378,4,,1
[더밸류 브리핑] 오늘의 증권업계 소식…키움증권·대신증권·토스증권,만기 또는 중도해지 시점에는 계약환율과 정산환율 차이에 따른 손익이 미달러화로 환산돼 예수금에 반영된다. 다만 환율과 기초자산 가격 변동에 따라 투자 원금 이상의 손실이 발생할 수 있어 상품 구조를 충분히...,http://www.thevaluenews.co.kr/news/view.php?idx=198032,4,,1
"외국인 1조원 ""사자'""..코스피 5850선 안착",한편 서울 외환시장에서 원·달러 환율은 1482.5원으로 전 거래일과 동일한 수준에서 마감하며 보합세를 나타냈다. 【 청년일보=신정아 기자 】 서울시 중구 하나은행 딜링룸. [사진=연합뉴스],https://www.youthdaily.co.kr/news/article.html?no=217235,9,,1
"코스피, 1.4% 상승해 5800선 회복-미국·이란 협상 기대감","기관이 932억원을 순매수했지만 개인이 826억원, 외국인이 50억원 순매도했다. 서울외환시장에서 달러ㆍ원 환율은 전일 오후 3시 30분 주간종가와 같은 1482.5원을 기록했다. #코스피 #코스닥 #환율 #미국 이란 협상",http://www.techholic.co.kr/news/articleView.html?idxno=220761,8,,1
"키움證, '해외주식 환헷지 상품' 일반투자자로 확대",환헷지 금액의 만기청산(중도해지)일에는 미리 정해진 계약환율과 청산일의 정산환율 차이를 계산한 손익금액이 미국 달러화로 환산돼 예수금에 정산 처리된다. 세제 혜택도 기존과 동일하게 적용된다. 정부의...,http://www.fnnews.com/news/202604101652535609,5,,1
"코스피, 외인 1조 순매수에 5850대 마감… 美·이란 협상 기대 반영","같은 날 서울 외환시장에서 원달러 환율은 전날과 같은 1482.5원으로 주간 거래를 마쳤다. 이날 환율은 장 초반 하락했다가 협상 관련 불확실성이 다시 부각되며 낙폭을 줄였고, 주말 예정된 미국과 이란 간...",https://www.seoul.co.kr/news/economy/2026/04/10/20260410500250?wlog_tag3=naver,6,,1
"코스피, 미·이란 협상 기대에 5850선 회복",73%)는 상승했습니다. 서울 외환시장에서 원달러환율은 전 거래일과 동일한 1482.5원에 주간 거래를 마쳤습니다. 10일 서울 중구 하나은행 딜링룸에서 딜러들이 업무를 보고 있다. (사진=연합뉴스),http://www.newstomato.com/ReadNews.aspx?no=1297493&inflow=N,9,,1
"(마감시황) 코스피, 미·이란 회담 기대감에 5,850선 안착","67%), 퍼스텍(16.58%), 빛과전자(16.45%) 등은 52주 신고가를 기록했다. 한편 서울 외환시장에서 원·달러 환율은 주간 거래 종가인 오후 3시 30분을 기준으로 전 거래일과 동일한 1,482.5원을 기록했다.",https://www.news2day.co.kr/article/20260410500252,6,,1
코스피 1.40%·코스닥 1.64% 급반등,"원·달러 환율은 전일 대비 9.1원 오른 1483.8원을 기록하며 5거래일 만에 약세로 돌아섰다. 달러지수는 98.8p(-0.2%)로 소폭 하락했으나, 국제유가(WTI)는 1.38% 상승한 99.22달러로 2거래일 연속 올랐다. 브렌트유도...",https://www.thereport.co.kr/news/articleView.html?idxno=86519,8,,1
"[증권 & Now] 하나증권, 빌드블록과 미국 부동산 자산관리 강화 등",만기 청산이나 중도 해지 시에는 미리 정해진 계약환율과 청산일 정산환율 차이에 따라 발생한 손익이 미달러화로 환산돼 예수금에 반영된다. 세제 혜택도 유지된다. 정부의 조세특례제한법 및 농어촌특별세법 개정안에...,https://www.ebn.co.kr/news/articleView.html?idxno=1705093,4,,1
중동 긴장 완화에 코스피·코스닥 동반 상승… 외인 1조 순매수,서울 외환시장에서 달러 대비 원화 환율은 오후 3시30분 기준 전 거래일과 같은 1482.5원에 보합 마감했다. 이날 국내 증시는 미국과 이란 간 대면 협상을 앞두고 전쟁 우려가 완화되면서 상승했다....,https://it.chosun.com/news/articleView.html?idxno=2023092160211,9,,1
[마감시황] 종전협상 앞두고 상승 마감 코스피…5850선 회복,"38%) 등은 올랐다. 이 날 유가증권시장과 코스닥 시장 거래대금은 각각 23조 3924억원, 13조 2744억원을 기록했다. 서울외환시장에서 달러·원 환율은 전일 주간 종가와 같은 1482.5원으로 주간 거래를 마쳤다.",https://www.lcnews.co.kr/news/articleView.html?idxno=200591,8,,1
미 ‘CLARITY Act’ 상원서 멈칫…트럼프 책상까지 갈까,"원달러환율이 1달러당 1,484.40원까지 오른 가운데, 글로벌 정책 변화는 국내 투자심리에도 적지 않은 영향을 줄 전망이다. 상원 결정이 미국 크립토 규제 분수령 CLARITY Act는 단순한 규제안이 아니라, 미국이 디지털...",https://www.tokenpost.kr/news/policy/348038,4,,1
"서학개미 매수세 둔화…RIA, 증시 환류 가교될까","원·달러 환율이 1500원대에 진입한 이후 정부의 고환율 대응으로 진정세를 보이자 환차손 부담이 부각됐고, 중동발 지정학적 리스크로 증시 변동성도 확대됐다. 국내시장 복귀계좌(RIA)의 효과도 일부 있다. RIA는...",https://www.kukinews.com/article/view/kuk202604100133,4,,1
"美·이란 종전협상 앞둔 코스피, 1.4% 올라 5,850대 마감","이날 오후 3시 30분 기준 서울 외환시장에서 달러 대비 원화 환율은 1482.5원으로 보합을 나타냈다. 이경민·정해창 대신증권 연구원은 ""토요일에 있을 미국과 이란의 1차 회담에 이목이 집중되고 있다""며 ""협상...",https://www.pointdaily.co.kr/news/articleView.html?idxno=300724,7,,1
[OBS뉴스 오늘] 미국-이란 '2주간 휴전'도 삐걱,"원·달러 환율 또 휘청 이창용 마지막 금통위…환율·물가 압박에 동결 한은 총재 후보자 ""외환보유고 안 부족해"" [질문5] '중동 전쟁' 으로 부각된 미·러 원유 수입 중동산 원유 대체 가능할까 친환경 발전·원자력·석탄...",https://www.obsnews.co.kr/news/articleView.html?idxno=1520513,9,,1
"조원태 한진 회장, 아시아나 포함 총 145억 수령...통합 전 '高연봉'",LCC는 달러 결제 구조와 낮은 운임 전략으로 인해 유가와 환율 상승에 더 큰 영향을 받는다. 화물 사업 비중도 낮아 대한항공 대비 수익 방어 여력이 제한적이다. 이러한 구조 속에서 조 회장이 진에어에서도 17억원이 넘는...,https://www.insightkorea.co.kr/news/articleView.html?idxno=244467,4,,1
원달러 환율…1482.5원 보합 마감,뉴시스 원달러 환율이 10일 전날과 동일하게 보합으로 장을 마감했다. 이날 서울 외환시장에서 미국 달러화 대비 원화 환율의 주간 거래 종가(오후 3시30분 기준)는 전날과 같은 1482.5원으로 집계됐다. 환율은...,http://www.segyebiz.com/newsView/20260410512142?OutUrl=naver,5,,1
중동 정세 안정 기대감에 코스피·코스닥 동반 상승,원·달러 환율은 보합세로 주간거래를 마감했다. 10일 한국거래소에 따르면 코스피 지수는 전일 대비 80.86포인트(1.40%) 상승한 5858.87로 거래를 마쳤다. 코스피 지수는 장중 한때 5918.59까지 오르기도 했다. 이날...,http://www.enewstoday.co.kr/news/articleView.html?idxno=2417563,8,,1
"코스피, 종전 기대에 5850대 회복… 외국인 1조 순매수","92%), 운송·창고(3.30%), 섬유·의류(2.50%) 등 상당수 업종이 올랐다. 코스닥 지수는 전 거래일 대비 17.63포인트(1.64%) 상승한 1093.63에 장을 마감했다. 원·달러 환율은 전날과 같은 1482.5원에 거래를 마쳤다.",https://www.kmib.co.kr/article/view.asp?arcid=0029661391&code=61141111&cp=nv,8,,1
"미국 ‘클래리티 법안’, 상원서 멈췄다…스테이블코인 규정이 변수","달러당 환율이 1,484원 수준까지 오른 원화 약세 환경에서, 미국의 ‘가상자산 규제’ 방향은 국내 투자자에게도 적지 않은 영향을 줄 수 있다. 클래리티 법안이 최종 통과되면 미국의 가상자산 규제는 한층 선명해질...",https://www.tokenpost.kr/news/policy/348036,8,,1
‘돌아온 외인’ 1조 사자…코스피 5900선 겨냥 [투자360],"이날 원/달러 환율은 오후3시30분 기준 전날과 같은 1482.5원을 기록했고, 코스닥은 17.63p(1.64%) 오른 1093.63로 마감했다. [연합] [헤럴드경제=김유진 기자] 코스피가 주말 예정된 미국·이란 종전 협상을 앞두고...",https://biz.heraldcorp.com/article/10714714?ref=naver,8,,1
"원·달러 환율, 보합세…1482.5원",10일 서울외환시장에서 원·달러 환율은 전거래일 주간 거래 종가보다 7.4원 내린 1475.1원으로 출발했다. 장중 등락하다가 상승하며 전거래일(3시 30분 기준)과 동일한 1482.5원을 기록했다.,http://www.joseilbo.com/news/news_read.php?uid=566344&class=18&grp=,4,,1
코스피 5800선 회복…협상 기대에 외국인 '1조 순매수',원·달러 환율은 1482.5원에서 보합 마감하며 비교적 안정적인 흐름을 이어갔다. 이날 유가증권시장에서 상승 종목은 719개로 하락 종목(164개)을 크게 웃돌았다. 보합은 30개로 집계되며 전반적인 상승 우위...,http://www.newsian.co.kr/news/articleView.html?idxno=88406,6,,1
휴전 기대감에 살아나는 투자심리...코스피·가상자산 상승 랠리,"핵심 기술로 광통신이 부각되며 대한광통신(+25.32%), 빛과전자(+16.45%), 머큐리(+5.57%), 기가레인(+2.08%) 등이 강세였다. 한편 서울 외환시장에서 원·달러 환율은 전 거래일과 동일한 1482.5원에 거래를 마감했다.",https://www.ntoday.co.kr/news/articleView.html?idxno=126480,9,,1
[오늘 A주] 휴전 협상 기대감에 상승...정책호재에 리튬 섹터 급등,"한편 이날 중국 인민은행 산하 외환 거래소는 달러당 위안화 기준 환율을 6.8654위안으로 고시했다. 이는 직전 거래일(6.8649위안) 대비 0.0005위안을 올린 것으로, 위안화 가치로는 0.01% 하락한 것이다.",https://www.newspim.com/news/view/20260410001067,7,,1
돌아온 외인…반도체 투톱 견인 코스피 5850선 안착,"반면 코오롱티슈진(-4.06%), 알테오젠(-2.30%), 에코프로비엠(-2.18%), 에코프로(-1.68%), 리노공업(-1.15%) 등은 하락했다. 한편, 서울 외환시장에서 원·달러 환율은 전 거래일과 동일한 1482.5원에 주간 거래를 마감했다.",https://www.mediapen.com/news/view/1092628,6,,1
"KB금융, 환율 급등에도 1분기 순이익 1조8000억원 호실적 전망 - NH투자증...","특히 중동 전쟁의 여파로 원·달러 환율이 크게 올랐음에도 불구하고, 강도 높은 위험 자산 관리를 통해 핵심 자본 지표인 CET1 비율을 13.6% 이상으로 견고하게 지켜낼 것으로 보인다. 주주들을 위한 배당 정책은 더욱...",https://www.s-journal.co.kr/news/articleView.html?idxno=40394,7,,1
"달러·원 환율, 하락 출발 후 낙폭 반납…1482.5원 보합 마감(종합)",하락 출발한 달러·원 환율이 보합으로 주간 거래를 마쳤다. 10일 서울외환시장에 따르면 달러·원 환율은 1482.5원에 보합권에서 조간 거래를 마감했다. 이날 환율은 전장 대비 7.4원 내린 1475.1원에 출발해 1474.50원까지...,https://www.news1.kr/finance/general-stock/6132578,4,,1
"코스피, 휴전 기대감에 5850선 돌파…외국인 1조 '사자'","35%), 삼천당제약(0.20%) 등이 강세였다. 코오롱티슈진(-4.06%) 알테오젠(-2.30%), 에코프로비엠(-2.18%), 에코프로(-1.68%), 리노공업(-1.15%) 등은 약세였다. 이날 원/달러 환율은 1482.5원으로 보합 마감했다.",http://www.seoulwire.com/news/articleView.html?idxno=716339,6,,1
"휴전 기대감, 코스피·코스닥 동반 상승…외인 1.1조 순매수[시황종합]",이날 서울외환시장에서 달러·원 환율은 전일 주간 거래 종가와 같은 1482.5원으로 마감했다. 코스닥은 전일 대비 17.63p(1.64%) 상승한 1093.63로 장을 마쳤다. 기관은 934억 원 순매수했다. 외국인은 19억 원...,https://www.news1.kr/finance/general-stock/6132597,8,,1
"개미 또 주말 앞두고 '조단위 매도', 코스피 1.4% 상승",원/달러 환율은 보합으로 끝나 미국-이란 휴전협상 불확실성에 개인이 지난 주 마지막 거래일에 이어 또다시 '조단위 매도'를 해 10일 코스피지수가 1%대 상승에 만족해야 했다. 이날 유가증권시장에서...,https://www.viewsnnews.com/article?q=235042,6,,1
AI 수요 확산에 전자 형님 이어 부품 아우도 1분기 '방긋',여기에 원/달러 환율 상승도 수익성 증가에 긍정적인 기여를 했을 것으로 보인다. 양사 모두 수출 비중이 압도적으로 높고 대금을 달러로 받기 때문에 달러가 강세를 보이면 환차익 효과를 누리게 된다. 김운호...,https://www.sidae.com/article/2026041014043843400,4,,1
"GC녹십자, 환율 오를수록 유리···'알리글로' 매출에 영향",이날 서울 외환시장에서 원달러 환율은 전날(9일) 주간 거래 종가와 동일한 수준에서 1482.5원으로 거래를 마쳤다. 이같은 환율 상승과 하락은 제약사들에게 영향을 주는데 일반적으로 환율이 오르면 수입 원료의약품...,https://www.sisajournal-e.com/news/articleView.html?idxno=420409,4,,1
"코스피, 美·이란 종전협상 앞두고 1.4% 올라 5,850대 마감","이날 원/달러 환율은 오후3시30분 기준 전날과 같은 1,482.5원을 기록했고, 코스닥은 17.63p(1.64%) 오른 1,093.63로 마감했다. 10일 코스피는 1% 이상 상승하며 5,858.87로 마감했다. 이날 지수는 전날의 하락을 대부분...",https://www.jeonmae.co.kr/news/articleView.html?idxno=1247154,8,,1
주말 美·이란 협상 앞둔 코스피 5800선 탈환,"LG에너지솔루션(-2.14%), 삼성바이오로직스(-0.57%)는 하락했다 코스닥은 전 거래일보다 17.63포인트(1.64%) 상승한 1093.63에 거래를 마쳤다. 원·달러 환율은 전 거래일 대비 6.90원 오른 1482.90원에 장을 마감했다.",https://www.digitaltoday.co.kr/news/articleView.html?idxno=655806,8,,1
미-이란 대면협상 앞두고 코스피·코스닥 1% 상승,"외국인은 코스피 시장에서 나흘째 순매수를 했는데 오늘 순매수 금액은 1조 1천억 원에 달했습니다. 원-달러 환율은 1,089원으로 출발해 7원 내린 1,482원으로 주간거래를 마쳤습니다.",https://www.ytn.co.kr/_ln/0102_202604101614114645,8,,1
[ETF 시황] 중국판 나스닥 ETF 강세…미국AI소프트웨어는 6%대 하락,서울외환시장에서 원·달러 환율은 전장 대비 0.10원 상승한 1482.60원에 주간거래를 마감했다. 2026.04.10 yym58@newspim.com TIGER 미국AI소프트웨어TOP4Plus는 전 거래일보다 6.05% 하락하며 가장 큰 낙폭을...,https://www.newspim.com/news/view/20260410001041,4,,1
"코스피, 미국·이란 대면 협상 기대에 '5850선 회복'…코스닥 1.64%↑","59%), 전기제품(-0.81%), 사무용전자제품(-0.40%), 전기유틸리티(-0.34%)가 위치했다. 한편 이날 오후 3시30분 종가 기준 서울 외환시장에서 원·달러 환율은 전 거래일과 같은 1482.5원 보합 마감했다.",http://www.newsprime.co.kr/news/article.html?no=729934,8,,1
"미-이란 협상 기대감에 코스피 소폭 상승 마감‥환율 1,482.5원","1조 원가량 샀고, 기관과 개인은 1조 3천억 원가량 팔며 차익을 실현했습니다. 코스닥 지수는 1.64% 오른 1,093.63으로 장을 끝냈습니다. 달러 대비 원화 환율은 어제와 같은 1,482.5원으로 주간 거래를 마쳤습니다.",https://imnews.imbc.com/news/2026/econo/article/6814261_36932.html,9,,1
"코스피, 주말 美·이란 종전협상 앞두고 1.4% 올라 5,850대 마감(종합)","이날 오후 3시 30분 기준 서울 외환시장에서 달러 대비 원화 환율은 1,482.5원으로 보합을 나타냈다. 유가증권시장에서 외국인이 홀로 1조1천21억원 순매수하며 지수를 견인했다. 최근 정규장과 시간외거래 매매...",https://www.yna.co.kr/view/AKR20260410125351008?input=1195m,7,,1
코스피 5850선 안착···중동 종전 기대감에 외인 '1.1조원 순매수',"06%), 알테오젠(-2.30%), 에코프로비엠(-2.18%), 에코프로(-1.68%), 리노공업(-1.15%) 등은 하락세를 보였다. 한편 이날 서울 외환시장에서 원·달러 환율은 오후 3시 30분 기준 전 거래일과 같은 1482.5원을 기록했다.",https://www.newsfreezone.co.kr/news/articleView.html?idxno=684626,6,,1
코스피·코스닥 1%대 상승 마감…'20만전자·102만닉스' 안착,"18%) △알테오젠(-2.30%) △리노공업(-1.15%) △코오롱티슈진(-4.06%) 등은 떨어졌다. 한편, 서울 외환시장에서 원·달러 환율은 오후 3시 30분 기준 전 거래일과 같은 1482.5원에 보합 마감했다.",https://news.tf.co.kr/read/economy/2311928.htm,8,,1
원·달러 환율 1482원에 한주 마감한 딜링룸,"거래를 마감한 가운데, 서울 중구 하나은행 을지로본점 딜링룸에서 직원들이 업무를 보고 있다. 서울외환시장에서 원·달러 환율은 전장 대비 0.30원 상승한 1482.80원에 주간거래를 마감했다. 2026.04.10",https://www.newspim.com/news/view/20260410001037,7,,1
"코스피, 중동 리스크 완화 기대감에 5850선 상승","63포인트(1.64%) 오른 1093.63에 마감했다. 코스닥 시장에서 개인과 외국인은 817억원, 19억원을 팔았고 기관은 925억원 샀다. 서울 외환시장에서 원·달러 환율은 전거래일과 같은 1482.5원에 마감했다.",https://www.mydaily.co.kr/page/view/2026041016063717666,8,,1
"떠나는 한은 총재의 경고…""환율 숫자 집착 버리고 집값 구조 손봐야""","이창용 총재는 중동 전쟁이 국제유가와 환율을 흔들며 물가뿐 아니라 성장까지 압박할 수 있다고 했고 원·달러 환율은 숫자보다 변동 속도와 배경을 봐야 한다고 말했다. 서울과 수도권 집값, 가계부채, 초과 세수 배분...",https://news.mtn.co.kr/news-detail/2026041013330989727,12,,1
'종전 협상' D-1…기대감에 코스피 1%대 상승,"다만 장 초반 1,470원대로 내려왔던 원·달러 환율은 소폭 오른 1,482.5원에 거래를 마감했습니다. 레바논 공격과 호르무즈 해협 개방에 대한 미국과 이란의 입장 차이가 좁혀지지 않자 불안감이 반영된 것으로 해석됩니다....",http://www.yonhapnewstv.co.kr/MYH20260410160454rLS,6,,1
종전 협상 앞두고 코스피 1.4% 강세 마감 … 원·달러 1480원대 보합,"다만 원 · 달러 환율은 보합세를 보이며 경계감이 이어졌다. 10일 한국거래소에 따르면, 코스피는 전일 대비 80.86포인트(1.40%) 오른 5858.87로 마감했다. 오전 장중에는 5918.59를 터치하며 5900선을 넘기도 했다. 개인과...",https://biz.newdaily.co.kr/site/data/html/2026/04/10/2026041000240.html,6,,1
"코스피, 외국인 1조원 순매수에 상승 마감… 코스닥 1.64%↑","18%)은 하락세로 돌아섰다. 알테오젠(-2.30%), 리노공업(-1.15%), 코오롱티슈진(-4.06%)도 약세 흐름을 피하지 못했다. 서울 외환시장에서 원·달러 환율은 전일과 같은 1482.5원으로 주간 거래를 마감했다.",https://www.newsclaim.co.kr/news/articleView.html?idxno=3060399,8,,1
"[현장+] 이창용 ""환율은 달러인덱스 흐름 비교로 평가해야···외환유동...","이 총재는 ""환율 1200원, 1500원 레벨을 과거와 비교하는 것에서 벗어나야 한다""며 ""달러인덱스에 비해 얼만큼 절상되고 절하됐느냐를 판단하는 게 의미있다""고 밝혔다. 이어 ""DXY(달러인덱스)와 비교는 1400원 초반까지는...",https://www.todaykorea.co.kr/news/articleView.html?idxno=400649,4,,1
美·이란 휴전 낙관론에 코스피 강세 전쟁보단 실적…SK하이닉스 3%↑,오후 3시 30분 기준 서울 외환시장에서 원달러 환율은 전 거래일과 보합인 1482.5원을 기록했다. 환율은 전장보다 7.4원 내린 1475.1원으로 거래를 시작했다. 간밤 뉴욕증시는 미국·이란 휴전에 대한 낙관론에...,http://www.smedaily.co.kr/news/articleView.html?idxno=355501,7,,1
미-이란 종전 협상 앞두고 코스피 1.4%↑…환율은 1482.5원,49까지 밀렸다. 이날 코스닥 지수는 17.63포인트(1.64%) 오른 1093.63으로 마감하며 동반 상승세를 보였다. 이날 서울 외환시장에서 원·달러 환율은 8.6원 오른 1482.5원에 주간거래를 마쳤다.,https://www.daejonilbo.com/news/articleView.html?idxno=2268308,8,,1
[포토] 하나은행 본점 딜링룸,"이날 코스피는 전날보다 80.86p(1.40%) 오른 5,858.87으로 마감했으며 코스닥은 17.63p(1.64%) 오른 1,093.63를 나타냈다. 한편, 원/달러 환율은 오후3시30분 기준 전날과 같은 1,482.5원을 기록했다.",http://www.edaily.co.kr/news/newspath.asp?newsid=03942566645414808,11,,1
"[포토] 코스피 80.86p 상승한 5,858.87","이날 코스피는 전날보다 80.86p(1.40%) 오른 5,858.87으로 마감했으며 코스닥은 17.63p(1.64%) 오른 1,093.63를 나타냈다. 한편, 원/달러 환율은 오후3시30분 기준 전날과 같은 1,482.5원을 기록했다.",http://www.edaily.co.kr/news/newspath.asp?newsid=03936006645414808,8,,1
[포토] 코스피 80.86p 상승 마감,"이날 코스피는 전날보다 80.86p(1.40%) 오른 5,858.87으로 마감했으며 코스닥은 17.63p(1.64%) 오른 1,093.63를 나타냈다. 한편, 원/달러 환율은 오후3시30분 기준 전날과 같은 1,482.5원을 기록했다.",http://www.edaily.co.kr/news/newspath.asp?newsid=03939286645414808,8,,1
"[포토] 코스피 80.86p, 코스닥 17.63p 상승","이날 코스피는 전날보다 80.86p(1.40%) 오른 5,858.87으로 마감했으며 코스닥은 17.63p(1.64%) 오른 1,093.63를 나타냈다. 한편, 원/달러 환율은 오후3시30분 기준 전날과 같은 1,482.5원을 기록했다.",http://www.edaily.co.kr/news/newspath.asp?newsid=03929446645414808,8,,1
코스피-코스닥 1% 상승으로 마감한 금융시장,"거래를 마감한 가운데, 서울 중구 하나은행 을지로본점 딜링룸에서 직원들이 업무를 보고 있다. 서울외환시장에서 원·달러 환율은 전장 대비 0.10원 상승한 1482.60원에 주간거래를 마감했다. 2026.04.10",https://www.newspim.com/news/view/20260410001025,12,,1
[포토] 코스피 80.86포인트 상승,"이날 코스피는 전날보다 80.86p(1.40%) 오른 5,858.87으로 마감했으며 코스닥은 17.63p(1.64%) 오른 1,093.63를 나타냈다. 한편, 원/달러 환율은 오후3시30분 기준 전날과 같은 1,482.5원을 기록했다.",http://www.edaily.co.kr/news/newspath.asp?newsid=03922886645414808,8,,1
'중동 우려 완화' 코스피·코스닥 모두 1%대 상승 마감,미국과 이란은 11일 파키스탄 이슬라마바드에서 첫 회담을 진행할 예정이다. 한편 서울 외환시장에서 원·달러 환율은 오후 3시30분 기준 전 거래일과 같은 1482.5원에 보합 마감했다.,https://view.asiae.co.kr/article/2026041016005387453,8,,1
암호화폐 큰장 열린 이란…혁수대 무기부터 환전까지 11조 규모,이란 중앙은행도 환율 방어와 무역 결제에 활용하기 위해 달러 연동 스테이블코인인 테더를 대규모로 확보한 것으로 전해졌다. 이란이 호르무즈 해협을 통과하는 유조선에 대해 암호화폐로 통행료를 부과하는 방안을...,https://www.digitaltoday.co.kr/news/articleView.html?idxno=655795,10,,1
"이창용 ""현 환율, 외국인 주식매도 큰 영향…개입 실익 제한적""",[한은 제공] 이창용 한국은행 총재는 최근 달러-원 환율 상승이 외국인 주식 매도에 따른 자금 유출 영향이 컸다며 이러한 국면에서는 외환시장 개입의 실익이 제한적일 수 있다고 평가했다. 이 총재는 10일...,http://www.newsfc.co.kr/news/articleView.html?idxno=78011,18,,1
"코스피, 종전 협상 앞두고 1%대 상승…2거래일 만에 5800선 회복[마감]","한편, 원/달러 환율은 오후3시30분 기준 전날과 같은 1,482.5원을 기록했다. 10일 엠피닥터에 따르면 코스피는 전 거래일 대비 80.86포인트(1.40%) 오른 5858.87에 거래를 마쳤다. 이날 지수는 전장 대비 1.70% 오른...",http://www.edaily.co.kr/news/newspath.asp?newsid=03926166645414808,6,,1
"[포토] 코스피 80.86포인트 상승한 5,858.87 마감","이날 코스피는 전날보다 80.86p(1.40%) 오른 5,858.87으로 마감했으며 코스닥은 17.63p(1.64%) 오른 1,093.63를 나타냈다. 한편, 원/달러 환율은 오후3시30분 기준 전날과 같은 1,482.5원을 기록했다.",http://www.edaily.co.kr/news/newspath.asp?newsid=03919606645414808,8,,1
"[포토] 코스피 5,858.87 마감","이날 코스피는 전날보다 80.86p(1.40%) 오른 5,858.87으로 마감했으며 코스닥은 17.63p(1.64%) 오른 1,093.63를 나타냈다. 한편, 원/달러 환율은 오후3시30분 기준 전날과 같은 1,482.5원을 기록했다.",http://www.edaily.co.kr/news/newspath.asp?newsid=03913046645414808,8,,1
"코스피, 휴전 기대감에 1.4% 상승 마감…외인 1조 '사자'","38%) 등이 상승했고, 에코프로(-1.68%), 에코프로비엠(-2.18%), 알테오젠(-2.30%), 리노공업(-1.15%), 코오롱티슈진(-4.06%) 등은 하락했다. 이날 서울외환시장에서 원·달러 환율은 전날과 같은 1482.5원으로 거래를 마쳤다.",https://www.cstimes.com/news/articleView.html?idxno=701635,6,,1
"코스피, 1.4% 상승하며 5800선 회복...외인 1조 순매수",외환시장에서 원·달러 환율은 전 거래일(1482.5원)과 동일한 1482.5원에 주간 거래를 마감한 10일 오후 서울 중구 하나은행 본점 딜링룸 모니터에 지수가 나오고 있다. /뉴시스 코스피가 미국·이스라엘과...,http://www.metroseoul.co.kr/article/20260410500174,9,,1
원·달러 환율 0.10원 상승 1482.60원 마감,"10일 오후 서울외환시장에서 원·달러 환율이 전장 대비 0.10원 상승한 1482.60원에 주간거래를 마감한 가운데, 서울 중구 하나은행 을지로본점 딜링룸에서 직원들이 업무를 보고 있다. 2026.04.10 yym58...",https://www.newspim.com/news/view/20260410001022,7,,1
"미국·이란 종전협상 앞두고 코스피 1.4% 올라 5,850대 마감","이날 오후 3시 30분 기준 서울 외환시장에서 달러 대비 원화 환율은 1,482.5원으로 보합을 나타냈다. 유가증권시장에서 외국인이 홀로 1조1천21억원 순매수하며 지수를 견인했다. 최근 정규장과 시간외거래 매매...",https://www.kwnews.co.kr/page/view/2026041015420836286,7,,1
"美·이란 대면 협상 기대감…코스피, 외인 1.1조 매수세에 1.4% 상승[마감...","68%), 에코프로비엠(-2.18%), 알테오젠(-2.30%), 리노공업(-1.15%), 코오롱티슈진(-4.06%) 등은 하락했다. 이날 서울외환시장에서 원·달러 환율은 전 거래일(1482.5원)과 동일한 1482.5원에 거래를 마쳤다.",https://www.newsway.co.kr/news/view?ud=2026041015441915475,6,,1
"휴전 기대에 ""휴"" 외인 1.1조 사들였다…코스피 불금 랠리","이어 리가켐바이오(4.38%), 원익IPS(3.39%) 등이 상승했다. ISC(-4.98%), 코오롱티슈진(-4.06%), 알테오젠(-2.30%), 에코프로비엠(-2.18%) 등은 하락했다. 이날 원/달러 환율은 전 거래일 대비 보합인 1482.5원에 거래를 마쳤다.",https://www.mt.co.kr/stock/2026/04/10/2026041015515863503,6,,1
"이창용 ""환율 아쉬움"" 남기고 퇴장…차기 총재엔 신뢰","그는 ""환율 수준 자체를 목표로 하기보다 달러인덱스(DXY)와의 괴리와 변동 속도를 보고 대응한다""며 기계적인 시장 개입에는 선을 그었다. 특히 외국인 자금이 빠져나가는 국면에서의 개입은 신중해야 한다고 강조했다....",http://www.newsian.co.kr/news/articleView.html?idxno=88405,4,,1
"[마감시황] 코스피, 중동 분쟁 완화 기대감에 1.4% 상승","서울 외환시장에서 원·달러 환율은 전 거래일과 같은 1482.5원에 주간 거래를 종료했다. 신한투자증권 연구원은 ""이스라엘과 레바논 협상에 따른 중동 불안이 진정됐다""며 ""중동 협상 가능성에 따른 재건...",https://www.shinailbo.co.kr/news/articleView.html?idxno=5010086,6,,1
[도쿄증시-마감] 미·이란 회담 앞두고 혼조,같은 시각 달러-엔 환율은 전장보다 0.22% 상승한 159.274엔에 거래됐다. 가타야마 사쓰키 일본 재무상은 이날 의회에 출석해 원유 및 환율 시장에서의 투기적 움직임에 대해 전방위적으로 결정적 조치를 할 준비가 돼...,https://news.einfomax.co.kr/news/articleView.html?idxno=4408917,4,,1
"코스피-코스닥, 1%대 상승 마감","이날 코스피는 전 거래일 대비 80.86p(1.40%) 오른 5858.87, 코스닥은 17.63포인트(p)(1.64%) 오른 1093.63, 서울외환시장에서 달러·원 환율은 전일 오후 3시 30분 주간종가와 같은 1482.5원을 기록했다. 2026.4.10/뉴스1",https://www.news1.kr/photos/7849177,8,,1
보합세 중인 원달러 환율,외환시장에서 원·달러 환율은 전 거래일(1482.5원)과 동일한 1482.5원에 주간 거래를 마감한 10일 오후 서울 중구 하나은행 본점 딜링룸 모니터에 지수가 나오고 있다. 코스피는 전 거래일(5778.01)보다...,https://www.newsis.com/view/NISI20260410_0021242652,9,,1
상승 마감한 코스피와 코스닥 지수,코스닥 지수는 전 거래일(1076.00)보다 17.62포인트(1.64%) 상승한 1093.62에 거래를 마쳤다. 외환시장에서 원·달러 환율은 전 거래일(1482.5원)과 동일한 1482.5원에 주간 거래를 마감했다. 2026.04.10.,https://www.newsis.com/view/NISI20260410_0021242651,8,,1
소폭 하락 중인 원달러 환율,외환시장에서 원·달러 환율은 전 거래일(1482.5원)과 동일한 1482.5원에 주간 거래를 마감한 10일 오후 서울 중구 하나은행 본점 딜링룸 모니터에 지수가 나오고 있다. 코스피는 전 거래일(5778.01)보다...,https://www.newsis.com/view/NISI20260410_0021242649,9,,1
상승 마감한 코스피,코스닥 지수는 전 거래일(1076.00)보다 17.62포인트(1.64%) 상승한 1093.62에 거래를 마쳤다. 외환시장에서 원·달러 환율은 전 거래일(1482.5원)과 동일한 1482.5원에 주간 거래를 마감했다. 2026.04.10.,https://www.newsis.com/view/NISI20260410_0021242654,8,,1
5800선 회복한 코스피,"이날 코스피는 전 거래일 대비 80.86p(1.40%) 오른 5858.87, 코스닥은 17.63포인트(p)(1.64%) 오른 1093.63, 서울외환시장에서 달러·원 환율은 전일 오후 3시 30분 주간종가와 같은 1482.5원을 기록했다. 2026.4.10/뉴스1",https://www.news1.kr/photos/7849174,8,,1
"원/달러 환율, 오후3시30분 기준 보합","10일 오후 서울 중구 하나은행 딜링룸에서 딜러들이 업무를 보고 있다. 이날 원/달러 환율은 오후3시30분 기준 전날과 같은 1,482.5원을 기록했고, 코스닥은 17.63p(1.64%) 오른 1,093.63로 마감했다. 2026.4.10",https://www.yna.co.kr/view/PYH20260410127900013?input=1196m,9,,1
오늘의 원달러 환율 시황은?,외환시장에서 원·달러 환율은 전 거래일(1482.5원)과 동일한 1482.5원에 주간 거래를 마감한 10일 오후 서울 중구 하나은행 본점 딜링룸 모니터에 지수가 나오고 있다. 코스피는 전 거래일(5778.01)보다...,https://www.newsis.com/view/NISI20260410_0021242647,9,,1
"코스피, 1.40% 상승한 5858.87 마감…원·달러 환율 1482.5원",이날 코스닥 지수 역시 전 거래일 대비 17.63포인트(1.64%) 상승한 1093.63에 거래를 마감했다. 서울 외환시장에서 원·달러 환율은 전 거래일과 동일한 1482.5원에 정규장 거래를 마쳤다.,http://www.iminju.net/news/articleView.html?idxno=162433,8,,1
[환율마감] 원·달러 전저후고 속 보합 ‘주말 경계감’,"이투데이=김남현 기자 | 휴전 협상 따라 상하단 열려있어, 다음주 1470~1500원 등락 예상 원·달러 환율이 보합으로 마감했다. 다만, 장중 전저후고 속 10원 가까이 오르는 흐름이었다. 밤사이 이스라엘이 레바논...",https://www.etoday.co.kr/news/view/2574723,4,,1
"코스피, 주말 미·이란 종전협상 앞두고 1.4% 상승해 5,850대 마감","코스닥 지수는 전장보다 17.63포인트 오른 1,093.63으로 장을 끝냈습니다. 서울 외환시장에서 원/달러 환율은 전 거래일 종가와 같은 1,482.5원에 마무리됐습니다. BBS 보도국",https://news.bbsi.co.kr/news/articleView.html?idxno=4077663,8,,1
미-이란 대면 협상 기대감에 증시 반응,"이날 코스피는 전 거래일 대비 80.86p(1.40%) 오른 5858.87, 코스닥은 17.63포인트(p)(1.64%) 오른 1093.63, 서울외환시장에서 달러·원 환율은 전일 오후 3시 30분 주간종가와 같은 1482.5원을 기록했다. 2026.4.10/뉴스1",https://www.news1.kr/photos/7849163,8,,1
[마감시황] 종전 협상 D-1 기대감에 외국인 '사자'…코스피 1%대 상승,"서울외환시장에서 원·달러 환율은 전장 대비 0.30원 상승한 1482.80원에 주간거래를 마감했다. 2026.04.10 yym58@newspim.com 시가총액 상위 종목 중 반도체와 방산, 금융주가 강세를 보였다. 삼성전자(0.98%)와...",https://www.newspim.com/news/view/20260410001014,8,,1
"코스피, 1.4%대 상승 마감","10일 오후 서울 중구 하나은행 딜링룸에서 딜러들이 업무를 보고 있다. 이날 원/달러 환율은 오후3시30분 기준 전날과 같은 1,482.5원을 기록했고, 코스닥은 17.63p(1.64%) 오른 1,093.63로 마감했다. 2026.4.10",https://www.yna.co.kr/view/PYH20260410127800013?input=1196m,11,,1
"코스피, 美·이란 대면협상 기대에 1.4% 반등…5850선 회복",63포인트(1.64%) 상승한 1093.63으로 장을 마감했다. 중동 지정학 리스크가 완화될 수 있다는 기대가 투자심리를 일부 되살린 것으로 풀이된다. 외환시장에서는 원·달러 환율이 전일과 같은 1482.5원에 마감했다.,https://www.etnews.com/20260410000218,6,,1
달러·원 환율 상황은?,"이날 코스피는 전 거래일 대비 80.86p(1.40%) 오른 5858.87, 코스닥은 17.63포인트(p)(1.64%) 오른 1093.63, 서울외환시장에서 달러·원 환율은 전일 오후 3시 30분 주간종가와 같은 1482.5원을 기록했다. 2026.4.10/뉴스1",https://www.news1.kr/photos/7849137,8,,1
80.86포인트 상승해 5800선 회복한 코스피,"이날 코스피는 전 거래일 대비 80.86p(1.40%) 오른 5858.87, 코스닥은 17.63포인트(p)(1.64%) 오른 1093.63, 서울외환시장에서 달러·원 환율은 전일 오후 3시 30분 주간종가와 같은 1482.5원을 기록했다. 2026.4.10/뉴스1",https://www.news1.kr/photos/7849136,8,,1
코스피 1.40% 상승 5858...원·달러 환율 0.30원 상승 1482원 마감,"거래를 마감한 가운데, 서울 중구 하나은행 을지로본점 딜링룸에서 직원들이 업무를 보고 있다. 서울외환시장에서 원·달러 환율은 전장 대비 0.30원 상승한 1482.80원에 주간거래를 마감했다. 2026.04.10",https://www.newspim.com/news/view/20260410001013,9,,1
"[도쿄환시] 달러-엔, 美·이란 협상 주시하며 상승…159엔 초","신호로 받아들여지지 않았고, 시세에 미치는 영향도 제한적이었다. 한편, 유로-엔 환율은 전장보다 0.09% 뛴 186.12엔, 유로-달러 환율은 0.05% 낮아진 1.16920달러를 가리켰다. 달러인덱스는 0.08% 올라간 98.872에서 거래됐다.",https://news.einfomax.co.kr/news/articleView.html?idxno=4408915,4,,1
"[오늘증시] 5900 찍고 유턴 코스피, 개인 1.2조 매도…환율 1482.5원","68%), 에코프로비엠(-2.18%), 알테오젠(-2.30%), 리노공업(-1.15%), 코오롱티슈진(-4.06%)은 약세로 마쳤다. 서울 외환시장에서 원·달러 환율은 전 거래일(1482.5원)과 같은 1482.5원에 주간 거래가 마감됐다.",https://www.sidae.com/article/2026041015222230991,6,,1
1.4% 상승해 5800선 회복한 코스피,"이날 코스피는 전 거래일 대비 80.86p(1.40%) 오른 5858.87, 코스닥은 17.63포인트(p)(1.64%) 오른 1093.63, 서울외환시장에서 달러·원 환율은 전일 오후 3시 30분 주간종가와 같은 1482.5원을 기록했다. 2026.4.10/뉴스1",https://www.news1.kr/photos/7849134,8,,1
[마감시황] 해운 관련주·삼성전기·풍산홀딩스,"서울 외환시장에서 미국 달러화 대비 원화 환율의 주간 거래 종가는 전날과 동일한 1,482.5원으로 집계됐다. ◆ 해운 관련주 대한해운, KSS해운 등 해운 관련주가 강세를 보였다. 이날 한국거래소에 따르면 대한해운...",https://www.joongangenews.com/news/articleView.html?idxno=510762,6,,1
신현송 재산 55% 해외·가족 전원 외국 국적… 환율 책임자 맞나,원·달러 환율이 1500원 문턱을 넘나든다. 중동발 전쟁 리스크가 국제 유가를 흔들고 있다. 미국의 관세 공세가 한국 수출 기업의 숨통을 조이고 있다. 이 복합 위기 앞에서...,http://www.breaknews.com/1199286,4,,1
코스피 1.40% 상승 5858.87 마감,"거래를 마감한 가운데, 서울 중구 하나은행 을지로본점 딜링룸에서 직원들이 업무를 보고 있다. 서울외환시장에서 원·달러 환율은 전장 대비 0.30원 상승한 1482.80원에 주간거래를 마감했다. 2026.04.10",https://www.newspim.com/news/view/20260410001007,9,,1
"코스피, 1.4% 상승해 5800선 회복","이날 코스피는 전 거래일 대비 80.86p(1.40%) 오른 5858.87, 코스닥은 17.63포인트(p)(1.64%) 오른 1093.63, 서울외환시장에서 달러·원 환율은 전일 오후 3시 30분 주간종가와 같은 1482.5원을 기록했다. 2026.4.10/뉴스1",https://www.news1.kr/photos/7849130,8,,1
"코스피, 1%대 상승하며 5800선 회복","이날 코스피는 전 거래일 대비 80.86p(1.40%) 오른 5858.87, 코스닥은 17.63포인트(p)(1.64%) 오른 1093.63, 서울외환시장에서 달러·원 환율은 전일 오후 3시 30분 주간종가와 같은 1482.5원을 기록했다. 2026.4.10/뉴스1",https://www.news1.kr/photos/7849122,8,,1
코스피 상승 마감,"10일 오후 서울 중구 하나은행 딜링룸에서 딜러들이 업무를 보고 있다. 이날 원/달러 환율은 오후3시30분 기준 전날과 같은 1,482.5원을 기록했고, 코스닥은 17.63p(1.64%) 오른 1,093.63로 마감했다. 2026.4.10",https://www.yna.co.kr/view/PYH20260410127100013?input=1196m,11,,1
"""이란, 암호화폐 '큰 손' 됐다…'11조 원' 규모""","이란 중앙은행도 환율을 방어하고, 무역 결제에 활용하기 위해 달러 연동 스테이블코인, 테더를 대규모로 확보한 것으로 전해졌습니다. 이란이 호르무즈 해협을 통과하는 유조선에 대해 암호화폐로 통행료를 부과하는...",http://mbn.mk.co.kr/pages/news/newsView.php?category=mbn00008&news_seq_no=5187335,10,,1
휴전 기대 속 위험자산 선호…코스피·코스닥 동반 상승 마감 [마감시황...,이러한 글로벌 위험자산 선호 심리가 국내 증시에도 반영된 것으로 풀이된다. 한편 서울 외환시장에서 원·달러 환율은 전 거래일 대비 8.27원 오른 1482.78원에 거래를 마쳤다. 장하은 기자 lamen910@ekn.kr,https://www.ekn.kr/web/view.php?key=20260410020585984,8,,1
"[속보] 코스피, 종전협상 앞두고 1.4% 상승 마감...환율 1,482.5원 보합","코스피, 종전협상 앞두고 1.40% 상승 마감 코스피, 1.40% 오른 5,858.87 거래 종료 코스닥, 1.64% 오른 1,093.63 마감 원·달러 환율 1,482.5원 보합 마감 (15:30 기준) ▷ 자세한 뉴스가 곧 이어집니다.",https://www.ytn.co.kr/_ln/0102_202604101542502371,8,,1
원/달러 환율 1482.5원 보합 마감,10일 서울 외환시장 원/달러 환율 오후 3시30분 종가,https://www.mt.co.kr/economy/2026/04/10/2026041013481981648,4,,1
"테슬라 車, 줄서서 본다더니…하루 만에 '500만원' 올랐다",원·달러 환율 상승에 따른 가격 압박으로 인상이 불가피했다는 분석도 뒤따랐다. 테슬라는 정부가 보조금 100% 지급 상한액을 낮출 때마다 정부의 기준선 바로 직전까지 차량 가격을 조정하는 식으로 국내 시장에...,https://www.hankyung.com/article/202604102662g,4,,1
"美·이란 힘겨루기에 원·달러 환율, 1482.5원 마감(종합)",미국과 이란의 협상에 관한 낙관론이 다시 떠오르며 원·달러 환율도 1470원대에서 장을 시작했지만 결국 이틀 연속 1480원대로 거래를 마쳤다. 10일 서울 외환시장에 따르면 이날 원·달러 환율은 7.4원 내린 1475.1원으로...,https://www.newsis.com/view/NISX20260410_0003586543,4,,1
"[속보] 코스피 5858.87(▲80.86p, 1.40%), 원·달러 환율 1482.5(보합) 마...","코스피 5858.87(▲80.86p, 1.40%), 원·달러 환율 1482.5(보합) 마감",http://mbn.mk.co.kr/pages/news/newsView.php?category=mbn00003&news_seq_no=5187343,6,,1
[외환마감] 원·달러 환율 1482.5원···보합 마감,10일 서울 외환시장에서 원·달러 환율은 9일 주간종가와 같은 달러당 1482.5원에 마감했다.,https://www.seoulfn.com/news/articleView.html?idxno=626241,4,,1
"원·달러 환율, 1482.5원 제자리 마감",미국 달러 대비 원화 환율(원·달러 환율)은 10일 1482.5원으로 거래를 마쳤다. 전날과 같은 수준이다. 이날 원·달러 환율은 전날보다 7.4원 하락한 1475.1원으로 개장했다. 하지만 오후 들어 상승으로 전환됐다. 결국 전날...,https://biz.chosun.com/policy/policy_sub/2026/04/10/QHHSQO4R5ZE55NT6E5MFRLUBJI/?utm_source=naver&utm_medium=original&utm_campaign=biz,5,,1
"휴전 기대감에…코스피, 1.4% 상승 마감","코스닥 지수 역시 동반 상승하며 1.64% 오른 1,093.63에 거래를 마쳤습니다. 한편, 서울 외환시장에서 원·달러 환율은 1,482.5원으로 보합 마감했습니다. #코스피 #코스닥 #원달러환율",http://www.yonhapnewstv.co.kr/AKR20260410153711SHK,8,,1
"코스피, 1.40% 상승한 5858.87 마감…코스닥 1.64%↑(2보)",40%) 상승한 5858.87로 거래를 마쳤다. 코스닥은 전일 대비 17.63포인트(p)(1.64%) 상승한 1093.63로 마감했다.서 울외환시장에서 달러·원 환율은 전일 오후 3시 30분 주간종가와 같은 1482.5원을 기록했다.,https://www.news1.kr/finance/general-stock/6132541,8,,1
[달러·원] 환율 1482.5원 보합 마감,10일 미국 USD 환율,https://www.news1.kr/finance/general-stock/6132538,4,,1
"코스피 5858.87(▲1.40%), 코스닥 1093.62(▲1.64%), 원·달러 환율 1482.5원...",코스닥 지수는 전 거래일(1076.00)보다 17.62포인트(1.64%) 상승한 1093.62에 거래를 마쳤다. 서울 외환시장에서 원·달러 환율은 전 거래일(1482.5원)과 동일한 1482.5원에 주간 거래를 마감했다．,https://www.newsis.com/view/NISX20260410_0003586534,8,,1
유가 변동성에 묶인 항공업계…하늘길 막는 '3중 변수',최근 원·달러 환율이 높은 수준을 유지하면서 항공사들의 달러 기반 비용 부담은 최고조에 달했다. 항공유 결제는 물론 항공기 리스료와 해외 공항 조업료 등이 대부분 달러로 이뤄지는 구조상 환율 상승은 유가 하락분을...,https://www.mediapen.com/news/view/1092604,4,,1
"한국은 기름 없어 난리인데…이란 혁수대, 코인으로 4조 굴렸다 [핫이슈...",이란 중앙은행도 무역 결제와 환율 방어를 위해 달러 연동 스테이블코인 테더를 대규모로 확보한 것으로 알려졌다. 리알화 급락과 고물가에 시달린 일반 시민들 역시 비트코인과 테더를 자산 방어 수단으로 택하고...,https://nownews.seoul.co.kr/news/newsView.php?id=20260410601011&wlog_tag3=naver,7,,1
휴전 안도감에 장중 5918 치솟아…환율 1480원선 등락,"달러-원 환율은 하락 흐름 속 주요 경제지표 발표를 앞두고 변동성이 예상되는데요. 자세한 내용 취재기자 연결해 알아봅니다. 이한나 기자, 증시 상황 전해주시죠. [기자] 오후 2시 50분 기준 코스피는 어제(9일)...",https://biz.sbs.co.kr/article_hub/20000303550?division=NAVER,6,,1
"퇴임 앞둔 이창용 한은 총재 ""금리 결정 잘했다고 생각…'서학개미' 발...","이 총재는 지난해 11월 원·달러 환율 상승 요인을 설명하는 과정에서 나온 '서학개미' 발언을 재임 중 후회되는 말실수 중 하나로 꼽았습니다. 이 총재는 당시를 떠올리며 ""작년 11월, 12월 해외 투자 유출이 많았다""면서...",http://www.yonhapnewstv.co.kr/AKR20260410150447JRP,10,,1
전기차값 기습 인상한 테슬라…'어차피 보조금 안 나오니까?',여기에 최근 원·달러 환율 상승도 가격 인상 요인으로 작용한 것으로 보인다. 완성차를 해외에서 들여오는 구조상 환율 상승은 곧바로 원가 부담으로 이어지기 때문이다. 이와 함께 견고한 브랜드 충성도를 바탕으로...,http://www.edaily.co.kr/news/newspath.asp?newsid=03722806645414808,4,,1
"한국, 작년 공적개발원조 5.7조로 OECD 13위…3.9% 감소",전년 대비 원달러 환율 상승(4.3%↑)도 지원 규모 감소에 영향을 미쳤다. 지난해 전체 공여국의 총 ODA 지원규모는 1743억달러(257조9000억원)로 전년 대비 19% 감소했다. ODA 역사상 최대 감소폭이다. 한국의 전체 ODA...,https://www.newspim.com/news/view/20260410000911,4,,1
"[일문일답] 한은총재 ""중동 전쟁 없으면 환율 안정 국면…빠르게 내릴 ...","지금 외화 유동성은 굉장히 풍부한 상태고, 현물환 달러 환율은 많이 올라갔지만 대차 시장에서는 달러를 바꾸지 않고 빌려주려는 수요가 너무 커서 오히려 달러 가치가 떨어져 있는 이상한 현상이 지속되고 있다. 흐름을...",https://www.yna.co.kr/view/AKR20260410095700002?input=1195m,12,,1
"[증권 뉴스브리핑] 박정림 전 KB증권 대표 중징계 취소 확정/IR협의회 ""...","최근 미국의 보호무역 기조가 강해지면서 '트럼프 관세'로 대표되는 통상 정책 변화가 잇따르고, 원·달러 고환율 기조까지 지속되는 상황에 대응하는 방안을 논의하겠다는 취지다. 특강은 ▲외환 리스크 관리...",https://www.asiatime.co.kr/article/20260410500134,4,,1
"한국 국채, WGBI 편입…채권시장 반등?","외국인이 국고채 매수를 위해 달러를 원화로 환전하는 과정에서 원화 강세 압력이 발생해 환율 안정에도 기여할 수 있다는 분석도 나온다. 한 업계 관계자는 ""최근 수개월 간 한국 채권시장은 주도적인 매수 주체가...",http://www.hansbiz.co.kr/news/articleView.html?idxno=832051,10,,1
"키움증권, '해외주식 환헷지 상품' 일반투자자로 확대",환헷지 금액의 만기청산(중도해지)일에는 미리 정해진 계약환율과 청산일의 정산환율의 차이를 계산한 손익금액이 미달러화로 환산되어 예수금에 정산 처리된다. 다만 환율 및 기초자산 가격 변동에 따라 투자 원금...,http://www.press9.kr/news/articleView.html?idxno=74885,5,,1
이란 전쟁에 휘청거린 국장…하락률 1위는,국제유가와 원·달러 환율이 동시에 급등한 영향으로 풀이된다. 같은 기간 코스피 시장에서 하락률이 가장 컸던 종목은 코아스였다. 58.7% 급락한 것으로 나타났다. 지난 2월 말 3530원이던 주가는 이달 1458원으로...,https://www.mk.co.kr/article/12013664,7,,1
"금융지주 1분기 호실적에도 불안 ""상고하저 전망""",중동 지정학 리스크 영향으로 올해 3월 평균 원·달러 환율은 1486원을 기록했고 국제유가 역시 1분기 들어 약 84% 상승하며 기업 수익성을 압박하고 있습니다. 금융권에서는 올해 실적이 상고하저 흐름을 보일...,http://www.newstomato.com/ReadNews.aspx?no=1297451&inflow=N,6,,1
"휴전 기대감, 코스피·코스닥 동반 강세…개미 1조 '팔자'[장중시황]",이날 서울외환시장에서 달러·원 환율도 전일 주간 거래 종가 대비 7.4원 내린 1475.1원으로 출발한 후 1480원 선에서 거래 중이다. 코스닥은 전일 대비 19.63p(1.82%) 상승한 1095.63을 가리키고 있다. 기관은...,https://www.news1.kr/finance/general-stock/6132395,8,,1
"테슬라코리아, 모델 Y L 등 가격 인상…출시 일주일 만에 500만원↑",원·달러 환율 상승에 따른 수입차 가격 압박도 영향을 미쳤을 수 있다. 정부 보조금 정책 변화도 변수로 지목된다. 지난 3월31일 발표된 ‘전기자동차 보급사업 수행자 선정 평가기준’에 따라 일부 수입 전기차의...,https://www.kukinews.com/article/view/kuk202604100095,4,,1
퇴임 앞둔 이창용 한은총재 “‘젊은층 해외투자 쿨해보여서 한다’ 말...,이창용 한국은행 총재가 10일 퇴임 전 마지막 통화정책방향 기자간담회에서 재임 중 가장 후회되는 일로 작년 말 원·달러 환율 상승의 주범으로 서학개미를 지목하며 ‘젊은층이 해외투자를 쿨하다고 여긴다’고...,https://biz.chosun.com/policy/policy_sub/2026/04/10/US2SHZPV5NEK7IVJOQYI4NKA5E/?utm_source=naver&utm_medium=original&utm_campaign=biz,17,,1
'295만원→400만원 간다'…국내서 가장 비싼 주식 '깜짝 전망',"내년부터 환율 효과도 나타날 수 있다고 덧붙였다. 현재 실적에는 지난 2024년 달러당 1300원대에서 계약한 물량이 실적에 반영되고 있는데, 올해 이후에는 달러당 1400원 중후반대에서 계약한 물량이 반영될 것으로...",https://www.hankyung.com/article/202604102048i,6,,1
“환율 1400원 초반 마무리 기대했지만…” 한은 떠나는 이창용의 아쉬...,2022년 러시아-우크라이나 전쟁 당시에는 글로벌 에너지 가격 급등과 함께 달러 강세가 심화되며 원/달러 환율이 1440원대로 올라섰다. 이후 2023년에는 긴축 속도 둔화 기대 속에 다소 안정되는 흐름을 보였다. 하지만...,https://www.mydaily.co.kr/page/view/2026041013580016787,9,,1
휴전 낙관론 확대 속...일본증시 장중 '급등'·5만7000 '눈앞',같은 시간 달러 대비 엔화 환율은 159.18엔으로 0.14% 상승하며 엔화가치 약세를 나타내고 있다. 중국 상하이지수는 오후 1시 2분(현재시간) 전일 대비 0.74% 상승한 3995.35를 기록 중이다. 부사강산업인터넷(+2.96...,http://www.choicenews.co.kr/news/articleView.html?idxno=163645,4,,1
"키움증권, ‘해외주식 환헤지 상품’ 일반 투자자로 대상 확대",환헤지 금액의 만기 청산·중도 해지일에는 미리 정해진 계약 환율과 청산 일의 정산 환율의 차이를 계산한 손익 금액이 달러로 환산돼 예수금에 정산된다. 다만 환율과 기초 자산 가격 변동에 따라 투자 원금 이상의...,https://biz.chosun.com/stock/stock_general/2026/04/10/SFPUI6X3W5C2TKYZVU6SJK6RUY/?utm_source=naver&utm_medium=original&utm_campaign=biz,5,,1
"이창용 총재 ""트럼프가 안 도와줘…고환율 해결 못해 가장 아쉽다""","이창용 총재는 ""환율을 1200원 레벨 과거하고 비교하는 것을 벗어나야 한다고 생각한다""면서 ""이제는 달러 인덱스에 대해서 얼마 만큼 절하됐는지를 가지고 판단하는 것이 거시 경제 측면에서 더욱 의미가 있다""고 말했다....",https://www.g-enews.com/view.php?ud=20260410124700615bb91c46fcd_1,4,,1
"이란, '코인 통행료' 꺼냈다…암호화폐 경제 78억달러",블록체인 분석업체 엘립틱에 따르면 중앙은행은 환율 방어와 국제 결제에 활용하기 위해 달러 연동 스테이블코인인 테더를 최소 5억달러 이상 확보한 것으로 파악됐다. 국가 차원의 활용뿐 아니라 일반 국민의 의존도도...,http://www.4th.kr/news/articleView.html?idxno=2110283,10,,1
"키움증권 '해외주식 환 헤지 상품', 일반투자자도 서비스 가능",환 헤지 금액의 만기청산(중도해지)일에는 미리 정해진 계약환율과 청산일의 정산환율의 차이를 계산한 손익금액이 미달러화로 환산되어 예수금에 정산 처리된다. 다만 환율 및 기초자산 가격 변동에 따라 투자 원금...,https://www.sidae.com/article/2026041008594065798,5,,1
"키움증권, 해외주식 환헤지 상품 일반투자자 확대",미래 환율을 확정해 환위험을 관리한다는 원리다. 일반투자자는 보유 주식 평가금액의 50% 이내에서 신청할 수 있으며 적합성 확인과 설명 절차를 추가로 적용한다. 환율과 자산 변동에 따라 손실이 발생할 수 있다....,https://weekly.hankooki.com/news/articleView.html?idxno=7159370,4,,1
고환율에 달러 결제 AI 구독료 고공행진...서비스 이용자 '벌벌',10일 달러/원 환율이 1500원에 육박하는 등 최근 고환율이 이어지면서 해외 인공지능(AI) 및 구독 서비스를 이용하는 소비자 부담도 커지고 있다. 기업이 요금을 인상하지 않아도 결제 기준이 달러로 고정돼 매월 지불해야...,https://www.newspim.com/news/view/20260410000672,4,,1
"[일문일답] 이창용 ""환율, 과거 수준보다 달러인덱스와 비교해야""","작년 한해 매각 규모(70억달러)의 7배""라며 ""현재 환율은 중동 사태와 외국인의 매도세에 의한 것인 만큼, 상황이 안정되면 반대로 빠르게 내려갈 가능성도 있다""고 판단했다. 중동사태로 인한 스태그플레이션 가능성도...",https://www.seoulfn.com/news/articleView.html?idxno=626192,4,,1
"[티타임] 개인 9000억 탈출…코스피, 5900 찍고 다시 5880선","87%), 에코프로비엠(-0.97%), 알테오젠(-2.03%), 삼천당제약(-1.98%), 리노공업(-0.80%), 코오롱티슈진(-3.48%)은 떨어졌다. 서울 외환시장에서 원·달러 환율은 전 거래일 보다 3.50원(-0.24%) 오른 1479.50원에 거래된다.",https://www.sidae.com/article/2026041013275949177,6,,1
비트코인 1억원선 회복… 투자심리 안정세,"원·달러 환율과 김치프리미엄 변동도 겹치며 원화 기준 가격 등락 폭이 커졌다. 시장에서는 투자자들이 조정 시 분할 매수 위주로 대응하고, 미국 통화정책과 주요 지표 발표를 지켜보며 향후 방향을 가늠한다는...",https://www.newsclaim.co.kr/news/articleView.html?idxno=3060356,5,,1
"원·달러 환율, 1,470원대 하락 출발…중동 리스크 완화에 원화 강세","원·달러 환율이 10일 장 초반 1,470원대에서 하락 출발하며 최근 급등 흐름에서 한숨을 돌리는 모습을 보였다. 지정학적 긴장 완화 기대와 함께 위험자산 선호 심리가 회복되면서 원화가 강세를 나타낸 영향으로...",https://www.job-post.co.kr/news/articleView.html?idxno=213283,5,,1
"국제 금값, 2,300달러대 등락…달러·금리 변수 속 관망세 확대","국내 금 시장 역시 국제 시세와 원·달러 환율 영향을 동시에 반영하며 비교적 높은 가격대를 유지하고 있다. 환율 상승 국면에서는 동일한 국제 금 가격이라도 국내 체감 가격이 더 높아지는 구조다. 시장 전문가들은 ""금은...",https://www.job-post.co.kr/news/articleView.html?idxno=213282,5,,1
"키움증권, 해외주식 환헷지 상품 대상 일반투자자로 확대",환헷지 금액의 만기청산(중도해지)일에는 미리 정해진 계약환율과 청산일의 정산환율의 차이를 계산한 손익금액이 미달러화로 환산되어 예수금에 정산 처리된다. 세제 혜택도 기존과 동일하게 적용된다. 정부의...,http://www.smedaily.co.kr/news/articleView.html?idxno=355464,5,,1
"이창용 ""공급충격 일시적이면 금리 대응 안해…지속되면 대응 필요""(종...","환율에 대해서는 현재 달러·원 환율이 중동 사태와 외국인 주식 매도세에 주도되고 있다고 분석했다. 이 총재는 ""올해 1월부터 4월까지 외국인 주식 매각 금액이 478억 달러로, 지난해 한 해 전체(70억 달러)의 7배에 달한다...",https://www.news1.kr/economy/trend/6132281,6,,1
"“전쟁 덕분에?”…이란, 무기부터 환전까지 11조 ‘암호화폐 큰 손’ ...",이란 중앙은행도 환율 방어와 무역 결제에 활용하기 위해 달러 연동 스테이블코인인 테더를 대규모로 확보한 것으로 전해졌다. 이란이 호르무즈 해협을 통과하는 유조선에 대해 암호화폐로 통행료를 부과하는 방안을...,https://www.mk.co.kr/article/12013568,10,,1
"싱가포르, 에너지 충격에 긴축 전환 시사","MAS는 금리를 직접 조정하는 대신 환율을 통해 통화정책을 운용한다. 자국 통화인 싱가포르달러를 주요 교역국 통화 바스켓 대비 일정 범위 내에서 움직이도록 하는 ‘명목실효환율(S$NEER)’ 체계를 활용하며, 환율 상승...",https://www.naeil.com/news/read/584761?ref=naver,5,,1
"원-엔화 환율, 2원 이상 오르면서 930원 초반대 기록…달러-엔화 환율은...",도쿄 외환시장에서 달러-엔화 환율은 1달러 당 159.07엔에 거래되면서 직전 장마감 시점 보다 0.11엔 하락했다. 중동의 휴전협상이 이뤄졌음에도 불안감이 지속되고 있는 것이 영향을 미쳤다.,https://kidd.co.kr/news/245628,4,,1
중국 3월 CPI 전년비 1.0% 상승…예상치 하회(상보),가격 급등 등 영향으로 국내 석유 관련 업종의 가격이 빠르게 상승하고 있다고 설명했다. 지표 발표 이후 역외 달러-위안(CNH) 환율은 한국시간으로 오전 10시 50분 현재 전장 대비 0.08% 오른 6.8322위안에 거래됐다.,https://news.einfomax.co.kr/news/articleView.html?idxno=4408879,7,,1
"키움증권, '해외주식 환헤지 서비스' 일반투자자까지 전격 확대","전일 종가 기준 해외주식 평가액의 50% 이내에서 신청 가능하며, 만기 시 미리 정한 계약환율과 정산환율의 차이에 따른 손익이 달러로 정산됩니다. 단, 일반투자자에게는 금융상품 적합성 확인과 상세한 상품 설명 절차가...",https://news.bbsi.co.kr/news/articleView.html?idxno=4077570,6,,1
"이창용 ""외국인 매도 주도 환율 상승…개입할 이유 적었던 국면""","작년말 상승은 개인 해외투자 영향…""환율 개입은 기계적으로 하는 것 아냐"" 이창용 한국은행 총재는 최근 달러-원 환율 상승이 외국인 주식 매도에 따른 자금 유출 영향이 컸다며 이러한 국면에서는 외환시장 개입의...",https://news.einfomax.co.kr/news/articleView.html?idxno=4408877,13,,1
"박현주 ""미래에셋, 스페이스X 상장 주관 명단 포함…배정 규모 상당할 ...",스페이스X 상장 시 대규모 달러 수요가 발생해 환율 상승을 부추길 수 있다는 우려에 대해 박 회장은 신규 환전보다는 기존 해외 주식의 '갈아타기'가 주를 이룰 것으로 내다봤다. 신규 원화 자금이 달러로 환전되는 것이...,http://www.seoulwire.com/news/articleView.html?idxno=716288,6,,1
"키움증권, ""해외주식 환헤지 상품 '일반투자자'로 범위 넓힌다""",상품 만기 또는 중도해지 시에는 사전에 정한 계약환율과 청산 시점의 정산환율 간 차이를 기준으로 손익이 산출된다. 해당 손익은 미 달러화 기준으로 계산된 뒤 원화 예수금에 반영되는 방식이다. 키움증권은 앞서 해당...,https://www.goodkyung.com/news/articleView.html?idxno=285690,6,,1
"日 재무상, 투기적 환율 움직임에 ""결정적 조치 준비돼""","취할지는 말할 수 없지만 결정적 행동을 취할 준비가 돼 있다는 점은 계속 강조해왔다""고 답했다. 달러-엔 환율은 가타야마 재무상 발언 이후 상승폭을 줄여 오준 10시 46분 현재 전장보다 0.11% 오른 159.090엔에 거래됐다.",https://news.einfomax.co.kr/news/articleView.html?idxno=4408876,4,,1
이창용 “원화 약세 구조화? 동의 어려워”···“트럼프가 안 도와줘...,"이창용 한국은행 총재가 10일 “원·달러 환율 1200원, 1500원 수준을 과거와 비교하는 것은 벗어나야 한다”며 “중장기적으로 고령화 등으로 환율이 절하된다는 것에 대해선 동의하기 어렵다”고 말했다. 이 총재는 이날...",https://www.khan.co.kr/article/202604101247001,13,,1
"이창용 ""임기 중 아쉬운 부분, 환율⋯중동사태 안정화 시 빠르게 하락할...","원·달러 환율과 관련해 ""사태가 안정화되면 그간 굉장히 빠른 속도로 올라간 환율이 빠르게 내려올 것으로 보고 있다""고 말했다. 그는 총재 임기 만료 전 아쉬운 부분으로도 최근 중동 사태로 치솟은 환율 이슈를 꼽았다....",https://www.etoday.co.kr/news/view/2574651,4,,1
"이창용 ""환율 개입, 레벨보단 DXY와 괴리·변동 속도로 판단""(종합)","그는 ""작년 연말 달러-원 환율이 1,480원까지 상승했을 당시에는 달러 인덱스와 관계없이 우리 내부 요인으로 급격히 상승한 측면이 컸다""며 ""당시에는 개입을 통해 시장 심리를 바꿀 가능성이 컸고 효과도 더 큰 국면이었다...",https://news.einfomax.co.kr/news/articleView.html?idxno=4408873,4,,1
위안화 0.01% 절하 고시…6.8654위안,0005위안(0.01%) 올라간 6.8654위안에 고시됐다. 달러-위안 환율 상승은 달러 대비 위안화 가치의 하락을 의미한다. 전장 은행 간 거래 마감가(화면번호 6402)는 6.8410위안이었다.,https://news.einfomax.co.kr/news/articleView.html?idxno=4408867,7,,1
"韓, ODA 38조7천억달러 13위…지원 효율성은 22위로 세 계단 상승",지난해 원·달러 평균 환율은 1421.78원으로 전년보다 4.3% 상승했다. 같은 예산을 투입하더라도 달러 기준 ODA 규모는 줄어들 수밖에 없는 구조다. 그럼에도 한국은 주요 공여국 가운데 여전히 상위권을 유지했다....,https://www.youthdaily.co.kr/news/article.html?no=217192,4,,1
이란전쟁 기간 국내 주식 10개 중 7개↓…30%는 52주 신저가 기록,"이 같은 증시 약세는 이란 전쟁 발발 이후 국제유가가 급등하고, 원/달러 환율이 치솟으면서 시장이 연일 휘청인 때문으로 풀이됐다. 전쟁 발발 이후 이달까지 코스피는 7% 넘게 내렸다. 같은 기간 코스피 종목...",http://www.newsfc.co.kr/news/articleView.html?idxno=78010,7,,1
이창용 한은총재 “중동 사태 안정되면 환율 크게 떨어질 것”,이창용 한국은행 총재가 10일 “중동 사태가 안정되면 그간 굉장히 빠른 속도로 올라간 원·달러 환율이 빠르게 내려올 것으로 보고 있다”고 했다. 이 총재는 이날 통화정책방향 결정회의 직후 열린 기자간담회에서...,https://biz.chosun.com/policy/policy_sub/2026/04/10/V4SQ2SWWCJDRZFTZVCG5LF4JAE/?utm_source=naver&utm_medium=original&utm_campaign=biz,17,,1
강달러 업은 외국인 ‘부동산 습격’… 3명중 1명 ‘강남·용산 입성’,미국·이란 전쟁 여파로 원·달러 환율 평균은 1470원을 넘으며 외환위기 이후 최고치를 기록했다. 일각에선 상호주의 원칙을 기반으로 외국인에게 취득세 등 세금을 차등 부과하는 방안을 본격 논의해야 한다는...,https://www.munhwa.com/article/11581364?ref=naver,4,,1
"[속보] 이창용 ""환율, IMF·금융위기 아닌 달러인덱스와 비교해야""",,http://www.fnnews.com/news/202604101148468979,11,,1
"이창용, 신 후보자 외화자산 우려에 ""애국심이 자산보다 클 것""",(사진= 공동취재단) 이 총재는 이날 통화정책방향 기자간담회에서 한은 총재 후보자가 원·달러 환율이 오를수록 자산이 불어나는 점에 대해 지적이 있다는 질문에 “국민 정서에는 어긋날지 모른다”면서도 “해외...,http://www.edaily.co.kr/news/newspath.asp?newsid=03368566645414808,9,,1
"코스피, 휴전 낙관론에 장중 5,900선 '터치'","원·달러 환율은 전 거래일 대비 7.4원 내린 1,475원대로 개장한 이후 지금은 낙폭을 줄여 1,480원대에서 움직이고 있습니다. 다만 중동 정세가 완전히 해소된 것은 아닌 만큼, 당분간 변동성 장세가 이어질 전망입니다....",http://www.yonhapnewstv.co.kr/MYH20260410115129mwK,6,,1
"이창용 ""환율 레벨, 과거와 비교하는 것 벗어나야…달러인덱스와 비교해...",,https://news.einfomax.co.kr/news/articleView.html?idxno=4408857,4,,1
"[속보]이창용 ""환율, 과거 레벨과 비교보다 달러인덱스와 견줘야""",,https://view.asiae.co.kr/article/2026041011492139781,4,,1
"베트남 거래소 시범제 문턱 높아지자…CAEX, OKX·해시키 투자 유치","원달러환율 1480.60원을 적용하면 약 5620억원 규모다. 베트남 기획재정부와 국가증권위원회는 5년간의 가상자산 시범 제도를 추진 중이며, 거래소 사업자는 제한적으로만 허용할 방침이다. 외국인 지분은 49%로 묶이고...",https://www.tokenpost.kr/news/policy/347996,7,,1
휴전 안도감에 코스피 5900 회복…달러-원 환율 1470원 상승,"달러-원 환율은 미국 이란의 휴전 지속 기대에 어제(9일)보다 7.4원 내린 1475.1원에 출발한 뒤 1,480원 초반에서 오르고 있습니다. [앵커] 뉴욕증시는 모두 상승 마감했죠? [기자] 이스라엘이 레바논과 직접 협상에 나선...",https://biz.sbs.co.kr/article_hub/20000303477?division=NAVER,6,,1
"이창용 ""환율, 달러인덱스보다 변동성 커…외국인 주식 매도 영향""",,https://news.einfomax.co.kr/news/articleView.html?idxno=4408847,5,,1
"한은총재 ""이란사태 안정 시 환율 빠르게 내려올 것""","이창용 한국은행 총재가 오늘(10일) ""중동 사태가 안정되면 그간 굉장히 빠른 속도로 올라간 원·달러 환율이 빠르게 내려올 것으로 보고 있다""고 말했습니다. 이 총재는 이날 통화정책방향 결정회의 직후 열린...",https://biz.sbs.co.kr/article_hub/20000303493?division=NAVER,17,,1
휴전 기대감에 코스피 5900선 눈앞…장 초반 2% 급등,"하락 출발했으나, 이스라엘이 레바논 정부와 직접 협상에 나설 것이라는 소식이 전해지며 상승 전환에 성공했다. 한편, 이날 서울외환시장에서 원·달러 환율은 전 거래일보다 7.4원 내린 1475.1원에 출발했다.",https://www.industrynews.co.kr/news/articleView.html?idxno=79876,6,,1
이란 전쟁發 충격에 국내 증시 '와르르'...상장사 10곳 중 7곳 하락·신저...,이 같은 부진은 국제유가 급등과 원·달러 환율 상승 등 대외 변수가 복합적으로 작용한 결과로 풀이된다. 실제로 같은 기간 코스피 지수는 7% 넘게 하락하며 변동성이 확대됐다. 개별 종목별로 보면 코아스가 58.7...,https://www.thepublic.kr/news/articleView.html?idxno=300664,6,,1
코스피 짓누르는 셀코리아…외국인 수급 이탈 장기화되나,지난달 원달러 환율 일평균 변동폭은 11.4원으로 전월 대비 가팔라졌고 변동률 역시 0.76%로 뛰었다. 최근 장중 1500원대를 터치한 이후 1480원대를 오르내리는 극심한 널뛰기 장세를 이어가는 등 수급 이탈 우려가...,https://www.mediapen.com/news/view/1092530,6,,1
[IFRS17 보험사 점검] ④ 이재원號 푸본현대…자본 수혈 불구 '수익성 시...,"신규 계약 유입과 손실 부담 계약 감소로 보험 손익은 개선됐으나, 원·달러 환율 하락과 자산 평가손실 확대 등으로 투자 손실이 커지면서 당기순손실이 증가했다. 같은기간 투자손실은 1488억원으로 2024년(35억원)...",http://www.hansbiz.co.kr/news/articleView.html?idxno=831753,7,,1
휴전 등에 업고 '날개' 단 78억불 이란 코인 경제…'그림자 금융'의 폭주,"이란 중앙은행 역시 환율 방어와 국제 무역 결제를 위해 미국 달러에 연동된 세계 최대 스테이블코인 '테더'를 최소 5억 700만 달러(약 7,490억 원)어치 비축한 상태다. 동시에 디지털 자산은 초인플레이션에 신음하는...",https://www.newspim.com/news/view/20260410000530,8,,1
이란 위기 속 위안화 국경 간 거래액 1조위안 돌파…역대 최고치 기록,"상하이증권보는 달러당 위안화 환율은 지난 3월 말 6.9194위안까지 상승하며 0.05%의 누적 상승률을 기록, 6개월 연속 상승했다며 “위안화의 내재적 안정성이 위안화 사용 확대를 뒷받침했다”고 전했다. CIPS 참여자...",https://www.khan.co.kr/article/202604101131001,4,,1
"[서환] 중동 휴전·금통위 살피며 1,470원대 등락…4.70원↓","같은 시각 달러-엔 환율은 0.25엔 오른 159.17엔, 유로-달러 환율은 0.001달러 하락한 1.1687달러에 거래됐다. 엔-원 재정환율은 100엔당 927.60원, 위안-원 환율은 216.29원이었다. 역외 달러-위안(CNH) 환율은 6.8315위안으로...",https://news.einfomax.co.kr/news/articleView.html?idxno=4408838,4,,1
'RWA 딜레마' 정부의 생산적 금융 vs 자본 효율…은행은 줄타기 중,원·달러 환율이 평균 1400원대를 웃도는 고환율이 이어지며 외화 자산의 원화 환산액을 끌어올린 것이 공통 배경이다. 사실 은행의 자본적정성 핵심 지표인 보통주자본비율(CET1)은 보통주자본을 RWA로 나눠...,https://www.techm.kr/news/articleView.html?idxno=150978,9,,1
[경제소식] 하나은행 '하나모임통장' 첫선,환헷지 금액의 만기청산(중도해지)일에는 미리 정해진 계약환율과 청산일의 정산환율의 차이를 계산한 손익금액이 미달러화로 환산되어 예수금에 정산 처리된다. 정부의 조세특례제한법 및 농어촌특별세법 개정안에...,http://www.4th.kr/news/articleView.html?idxno=2110268,7,,1
"서학개미도 환위험 방어…키움증권, '해외주식 환헷지' 일반투자자 확대",만기 청산이나 중도 해지 시 미리 정해진 계약환율과 청산일 정산환율의 차이를 계산한 손익금액이 미 달러화로 환산되어 예수금에 정산된다. 다만 해당 상품은 환율 및 기초자산 가격 변동에 따라 투자 원금 이상의...,https://news.einfomax.co.kr/news/articleView.html?idxno=4408836,5,,1
"휴전 기대감 코스피 강세, 5900 터치… 외인 순매수[장중시황]",이날 서울외환시장에서 달러·원 환율도 전일 주간거래 종가 대비 7.4원 내린 1475.1원으로 출발했다. 코스닥은 전일 대비 14.89p(1.38%) 상승한 1090.89를 가리키고 있다. 외국인은 1202억 원 순매수했다....,https://www.news1.kr/finance/general-stock/6132170,8,,1
[김상철의 경제포커스]돈 풀린 韓…정책은 막혔다,특히 환율 상승 압력은 유동성 요인보다는 해외 증권투자 확대와 수출기업의 외화 보유 선호 등 외환시장의... 그렇게 달러를 찍어 냈음에도 불구하고 71% 수준에 불과하다. 조금씩 다르긴 하지만 유럽 국가들은...,https://view.asiae.co.kr/article/2026040913261140784,7,,1
암호 화폐 큰 장 열린 이란…혁명수비대 무기부터 환전까지 11조 규모,이란 중앙은행도 환율 방어와 무역 결제에 활용하기 위해 달러 연동 스테이블코인인 테더를 대규모로 확보한 것으로 전해졌습니다. 이란이 호르무즈 해협을 통과하는 유조선에 대해 암호화폐로 통행료를 부과하는 방안을...,https://biz.sbs.co.kr/article_hub/20000303489?division=NAVER,10,,1
"코스피, 중동 휴전 지속 기대감에 ‘5900선’ 돌파…삼전·하닉 3%↑",모든 무기 소유권을 국가가 독점하겠다는 나와프 살람 레바논 총리의 요구를 높이 평가한다”고 덧붙였다. 한편 이날 서울 외환시장에서 원·달러 환율은 전 거래일 주간 거래 종가 보다 7.4원 내린 1475.1원에 출발했다.,http://www.beyondpost.co.kr/view.php?ud=202604101109515823be44c0aacd_30,6,,1
"키움증권, 해외주식 환헤지 상품 일반투자자로 확대",키움증권 환헤지 상품은 고객이 보유한 해외주식 평가금액 일부를 미래 특정 시점에 적용할 계약환율로 확정해 환율 변동 위험을 관리하는 상품입니다. 앞서 키움증권은 지난달 개인전문투자자를 대상으로 해당 상품을...,https://biz.sbs.co.kr/article_hub/20000303612?division=NAVER,4,,1
"이란 전쟁 두 달, 페트로달러 균열 오나?…호르무즈 봉쇄가 바꾼 세계","원/달러 환율은 이같은 달러 패권의 약화에도 에너지 충격과 안전자산 수요 확대, 이미 높았던 구조적 취약성으로 1500원선을 넘기도 했다. 전쟁이 끝나고 호르무즈 해협이 열리면 단기적으로는 원/달러 환율이 하향...",https://www.mt.co.kr/world/2026/04/10/2026041010400826044,4,,1
"""중동서 빠진 돈, 한국서 메운다""…명품값 또 오르나",시장에서는 원·달러 환율이 심리적 저항선인 1500원 선을 상회할 수 있다는 관측도 나온다. 실제로 지난 7일 기준 1504.2원을 기록했다. 수입 원가 부담이 가중되는 만큼 명품 브랜드들이 이를 상쇄하기 위해 국내 판매가...,https://www.ddaily.co.kr/page/view/2026041010462705217,4,,1
[서환] 개장 전 마(MAR) '파' 거래…픽싱 스퀘어,"서울외환시장에서 개장 전 마(MAR, 시장평균환율) 호가는 '파(0)' 수준을 나타냈다. 10일 복수의 중개사에 따르면 서울외환시장의 개장 직전 달러-원 스팟 마 가격은 '파'에 거래됐다. 차액결제선물환(NDF) 픽싱 포지션은...",https://news.einfomax.co.kr/news/articleView.html?idxno=4408821,4,,1
"공사비 더 뛰기 전에…정부, 공공계약 지원카드 꺼냈다","중동 전쟁 이후 국제유가가 단기간에 배럴당 100달러를 넘어서고 원·달러 환율이 1500원 안팎에서 움직이면서, 나프타 계열 자재 가격은 전년보다 30~50% 오른 것으로 전해졌다. 자재 가격 상승이 단순한 원가 부담을 넘어...",https://www.ebn.co.kr/news/articleView.html?idxno=1705019,4,,1
비축유만 ‘유가 96.41달러·환율 1450원’ 재산정…다른 해외예산은 13...,[연합] [헤럴드경제=배문숙 기자] 중동전쟁 여파로 원/달러 환율과 국제유가가 급등하면서 정부가 올해 추가경정예산(추경)을 통해 비축유 구입 예산을 다시 산정한 것으로 나타났다. 다만 이번 추경에 반영되지...,https://biz.heraldcorp.com/article/10714357?ref=naver,4,,1
작년 韓 공적개발원조 5.7조원 OECD 13위…다자원조 전년比 21.1% ↓,이와 함께 전년 대비 원달러 환율 상승(4.3%↑)도 지원 규모 감소에 영향을 미쳤다. 한편 지난해 전체 공여국의 총 ODA 지원규모는 1743억달러(257조9000억원)를 기록해 전년 대비 19% 감소했다. ODA 역사상 최대...,https://www.newsis.com/view/NISX20260410_0003585944,4,,1
[더벨][난기류 빠진 에어프레미아] '산넘어 산'...고유가·고환율·장거...,"또 기재 리스료와 해외 정비비, 보험료 등도 모두 달러로 결제되는 만큼 환율 상승에 따른 부담은 커졌다. 지난해 환율은 1년 만에 140원 넘게 올랐다. 이에 따라 에어프레미아는 지난해 2024년 대비 매출원가 41.71...",https://www.thebell.co.kr/free/content/ArticleView.asp?key=202604081129408920104644,5,,1
ODA 실적 줄었지만 순위는 껑충…주요국 급락 속 韓 '선방',정부는 원달러 적용 환율이 2024년 1363.53원에서 2025년 1421.78원으로 4.3% 오른데다 다자원조 규모를 축소했기 때문이라고 설명했다. 다만 △미국 -55.8% △독일 -11.4% △영국 -4.5% 등 주요 공여국들의 지원 규모가...,https://www.nocutnews.co.kr/news/6500135?utm_source=naver&utm_medium=article&utm_campaign=20260410110015,5,,1
중동 전쟁에 인천기업 다수 주가 하락...HD건설기계는 12.4%↑,"전쟁 발발 이후 국제유가와 원/달러 환율이 급등하고 국제 물류망이 심각한 타격을 입은 탓으로 풀이된다. 10일 한국거래소에 따르면, 9일 기준 중동 전쟁 직전 거래일인 지난 2월 27일 대비 주가가 하락한 인천...",https://www.joongboo.com/news/articleView.html?idxno=363722466,5,,1
[올댓차이나] 위안화 기준치 1달러=6.8654위안…0.007% 절하,"앞서 위안화 환율은 10일 새벽 달러에 대해 1달러=6.8304위안, 엔화에 대해선 100엔=4.3010위안으로 폐장했다. 한편 중국인민은행은 10일 역레포(역환매조건부 채권) 거래를 통한 공개시장 조작을 실시해...",https://www.newsis.com/view/NISX20260410_0003585991,9,,1
"[이슈] 외국인 자금 54조원 이탈…""금융위기 이후 최대""","이와 함께 원·달러 환율 상승(원화 약세)도 외국인 자금 이탈과 맞물려 나타나고 있다. 한은 관계자는 ""국제 유가 상승과 외국인의 주식 순매도가 복합적으로 작용하면서 환율 상승 압력이 커졌다""고 설명했다....",https://www.polinews.co.kr/news/articleView.html?idxno=728066,18,,1
"코스피, 휴전 낙관론 속 5,900 탈환…삼전·하이닉스 동반 강세","서울 외환시장에서 달러 대비 원화 환율은 전장보다 7.4원 내린 1,475.1원에 거래를 시작했다. 한편 간밤 뉴욕증시는 미·이란 휴전 낙관론과 이스라엘·레바논 직접 협상 소식에 이틀 연속 올랐다. 특히...",https://www.news2day.co.kr/article/20260410500057,7,,1
"中 CPI-PPI '혼조'...중국 & 홍콩증시 '상승 출발', 위안화 '절하'",미국 경제방송 씨엔비씨에 따르면 같은 시각 미국달러 대비 중국 위안화 환율은 6.8326 위안으로 0.02% 상승하며 달러 대비 위안화가치는 소폭하락(약보합)세를 나타냈다. 같은 시각 미국달러 대비 중국 위안화...,http://www.choicenews.co.kr/news/articleView.html?idxno=163630,1,,0
"""호르무즈 안 풀리면 하반기 감산할 수도"" … 포스코홀딩스의 초조한 5...","철강 유통 가격 회복이 계약 가격에 반영되는 데 시차가 있는 데다, 원·달러 환율 하락으로 원가 부담까지 커진 탓이다. 한국투자증권은 10일 발표한 기업 분석 보고서에서 포스코홀딩스의 1분기 연결 영업이익을...",https://www.ilovepc.co.kr/news/articleView.html?idxno=58927,4,,1
치솟은 환율에 전기차 보조금 개편까지 … 수입차업계 이중고에 '울상',"10일 업계에 따르면 수입차업체들은 국내로 차량을 들여올 때 대금을 달러 등 외화로 결제하는 구조를 가지고 있다. 이 때문에 환율 급등은 곧바로 원가 상승으로 이어진다. 수입차업계 관계자는 ""환율이 조금만 움직여도...",https://biz.newdaily.co.kr/site/data/html/2026/04/10/2026041000096.html,4,,1
"이란 전쟁 충격에 국내 주식…상장 종목 70% 하락, 신저가 속출",국제유가 급등과 원/달러 환율 불안이 증시 하락을 부추겼다. 전쟁 이후 코스피는 7% 넘게 하락했다. 하락률 상위 종목으로는 ▲코아스(-58.7%) ▲유니켐(-44.3%) ▲진원생명과학(-42.3%) ▲씨케이솔루션(-40.9...,https://www.fntoday.co.kr/news/articleView.html?idxno=382000,7,,1
"국채선물, 美 국채 약세 속 소폭 상승…10년물 2틱↑","한편 같은 시간 미국 국채 금리는 오름세를 나타냈다. 미 국채 10년물 금리는 전 거래일 뉴욕시장 마감 가격 대비 4.30bp, 30년물 금리는 2.80bp 각각 상승했다. 2년물 금리는 2.80bp 높아졌다. 미국의 지난달...",https://news.einfomax.co.kr/news/articleView.html?idxno=4408984,4,,1
5년만에 등장한 국채 '순상환'? '바이백'과는 뭐가 다를까? [남정민의 정...,"최근 미국-이란 전쟁으로 미국 국채 금리가 올라버리자 한국 국채 금리도 치솟았는데, 이에 대응하기 위한 조치였습니다. 바이백과 순상환의 또다른 차이점은 국채 발행량 총량에 있습니다. 순상환을 진행하면 국채...",https://www.hankyung.com/article/202604102856i,4,,1
뉴욕증시 혼조세 마감…중동 휴전 불안 영향,"미국 국채 10년물 금리는 4.32%까지 올랐다. 미시간대 조사에서는 4월 소비자심리지수가 10.7% 하락했고, 1년 기대인플레이션은 3.8%에서 4.8%로 상승했다. 시장에서는 유가 급등에 따른 인플레이션 압력이 당분간 이어질...",http://www.segyebiz.com/newsView/20260411502137?OutUrl=naver,4,,1
미·이란 협상 앞두고 관망…뉴욕증시 혼조 마감,"미 국채 금리는 상승했고, 달러화 가치는 거의 변화가 없었다. 10년 만기 미 국채 금리는 4bp(1bp=0.10%포인트) 오른 4.32%, 2년 만기 미 국채 금리는 5bp 내린 3.80%였다. 시장 참가자들은 미·이란 협상 결과와 함께 주말...",http://www.wowtv.co.kr/NewsCenter/News/Read?articleId=A202604110203&t=NN,5,,1
"[지난밤 뉴욕에선] 3대지수, 미·이란 협상 대기 속 혼조","미국 10년 만기 국채금리는 4bp 오른 4.32%, 2년 만기 국채금리는 5bp 내린 3.80%를 기록했다. 달러화 가치는 큰 변화 없이 움직였다. 아전트 캐피털의 제드 엘러브룩은 ""투자자들은 미·이란 협상이 예정된 긴 주말을...",https://www.straightnews.co.kr/news/articleView.html?idxno=299941,9,,1
미·이란 협상 앞두고 뉴욕증시 혼조…유가 하락하며 관망 모드,"미 국채 10년물 금리는 4.32%까지 치솟았다. 미시간대 조사에서도 4월 소비자심리지수가 10.7% 하락했으며, 1년 기대 인플레이션은 3.8%에서 4.8%로 급등했다. 전문가들은 유가 급등에 따른 인플레이션 압력이 향후...",https://www.newsis.com/view/NISX20260411_0003587047,4,,1
[뉴욕 금가격] 美·이란 협상 앞두고 신경전…0.8%↓,"인플레이션 우려에 미 국채 금리도 모든 구간에서 일제히 상승세를 보이고 있다. 금은 이자를 지급하지 않는 상품으로 저금리에 더욱 선호되는 경향이 있다. 뉴욕장에서 4,820.00달러 수준까지 오르던 금 가격도 4...",https://news.einfomax.co.kr/news/articleView.html?idxno=4408968,5,,1
[채권-마감] 금통위 반영 속 주말 美·이란 협상 경계…국고 3년 2.2bp↑,"종전 논의 소식이 전해지면서 전쟁 우려가 완화하고, 간밤 미국 국채 금리가 소폭 내린 영향이다. 통화정책방향 결정문이 공개되자, 강세가 더 가팔라졌다. 금리 동결 결정이 만장일치란 사실에다 성장 하방 위험에...",https://news.einfomax.co.kr/news/articleView.html?idxno=4408934,6,,1
"유럽 증시, 중동 불확실성 속 혼조…국채금리↑","유럽 국채금리는 중동 협상 주시 속 일제히 오름세를 나타냈다. 독일 국채 10년물 금리는 전장보다 2.66bp 상승한 3.0148%, 영국 국채 10년물 금리는 5.87bp 상승한 4.7360%를 나타냈다. 프랑스 10년물 금리는 0.66bp...",https://news.einfomax.co.kr/news/articleView.html?idxno=4408933,8,,1
"과천도시공사, 공사채 300억 발행 성공...응찰수요 1600억 몰려","특히, 이번 성과는 최근 미국–이란 간 긴장 고조로 국채 금리가 상승하고 채권시장 수급 불균형이 심화된 상황에서 달성돼 의미를 더한다는 평가다. 한편 강신은 사장은 “대외 불확실성 속에서도 증권업계와의...",https://www.ajunews.com/view/20260410154149520,6,,1
국채선물 하락세 지속…美 CPI 헤드라인 경계감,이날 밤 공개되는 미국 3월 소비자물가지수(CPI) 발표를 앞두고 미국 국채 금리가 아시아장에서 소폭 오른 영향이다. 연합인포맥스에 따르면 3년 국채선물은 이날 오후 1시30분 현재 전일 대비 7틱 내린 104.31을...,https://news.einfomax.co.kr/news/articleView.html?idxno=4408913,7,,1
"과천도시공사, 대외 악재 뚫고 300억 원 공사채 흥행 성공","특히 이번 발행은 최근 미국-이란 간 긴장 고조로 인한 지정학적 리스크로 국채 금리가 급등하고 채권 시장의 수급 불균형이 심화된 시점에 거둔 성과라 더욱 의미가 크다는 평가다. 강신은 사장은""앞으로도...",http://www.enewstoday.co.kr/news/articleView.html?idxno=2417481,6,,1
"채권시장이 본 이창용 간담회…""걱정했던 매의 발톱 없었다""","간담회를 거치면서 금리가 다소 올랐지만, 아시아장에서 미국과 호주 국채 금리가 오른 점을 고려하면 금통위가 크게 재료로 영향을 미치지 않았다는 평가다. 이 총재의 간담회에서 잠재적 대형 약세 재료로 꼽았던...",https://news.einfomax.co.kr/news/articleView.html?idxno=4408899,6,,1
과천도시공사 공사채 흥행…300억 모집에 1천600억 몰려,미국과 이란 간 긴장 심화 등으로 국채 금리가 상승하고 투자 심리가 위축된 가운데서도 투자 수요를 끌어낸 것이다. 강신은 사장은 “시장과의 지속적인 소통을 통해 공사의 안정성과 성장성을 적극적으로 설명해 온...,https://www.kyeonggi.com/article/20260410580182,4,,1
국고 3년 1.4bp 상승…도비시 통방문 소화 후 기자간담회 경계,"종전 논의 소식이 전해지면서 전쟁 우려가 완화하고, 미국 국채 금리가 소폭 내린 영향이다. 금통위를 통해 그간 채권시장의 가팔랐던 약세를 일부 되돌릴 것이란 기대감도 작용했다. 기준금리 동결 소식이 전해졌으나...",https://news.einfomax.co.kr/news/articleView.html?idxno=4408882,9,,1
"IMF ""세계 경제, 전쟁 이전으로 복귀 불가""","미 국채 금리는 큰 변동 없이 대체로 보합권에서 움직였고, 금리 흐름이 제한된 가운데 달러와 금 변동 폭도 크지 않았습니다. 휴전 비관론보다 낙관론이 우세한 상황이지만, 미국과 이란의 요구 조건 차이가 크다는...",http://www.yonhapnewstv.co.kr/MYH20260410125601mPu,5,,1
[뉴스나우] 미국·이란 협상 D-1...종량제봉투 사재기 속 대란 우려,"이러다 보니까 글로벌 금리의 벤치마크 역할을 하고 있는 미국의 10년물 국채금리가 지난주 4. 45, 4. 5%까지 육박을 했는데 지금 4. 2%까지 떨어졌기 때문에 시장은 어쨌든 안도 랠리하고 있다. 다만 5000선, 6000선에...",https://www.ytn.co.kr/_ln/0104_202604101256175092,8,,1
"일본 5년물 국채금리, 인플레 우려에 사상최고치 경신",일본 5년물 국채금리가 10일 인플레이션 우려에 장중 1.85%까지 오르며 사상최고치를 경신했다. 일본 5년물 국채금리 변동 추이(인포맥스 제공) 연합인포맥스 해외금리 현재가(화면번호 6531)에 따르면 일본 5년물...,https://news.einfomax.co.kr/news/articleView.html?idxno=4408875,8,,1
"S&P500 선물, 중동 협상 주시 속 하락…美 국채금리↑","미국 국채 금리는 상승했다. 연합인포맥스 지수선물 통합화면(화면번호 6520)에 따르면 한국 시각으로 오전 9시33분 기준 E-미니 S&P500 지수 선물은 전장 대비 0.09% 하락한 6,857.25에 거래됐다. 기술주 중심의 E-미니...",https://news.einfomax.co.kr/news/articleView.html?idxno=4408846,8,,1
"뉴욕증시, 휴전 낙관론에 이틀째 상승…S&P 500 '7일 랠리'","미 국채 금리는 대체로 보합권에서 움직였습니다. 10년 만기 미 국채 금리는 4.292%로 큰 변동이 없었고, 통화 정책에 민감한 2년 만기 미 국채 금리는 소폭 하락한 3.782%였습니다. 금리 흐름이 제한된 가운데 달러와 금...",https://www.tjb.co.kr/news05/bodo/view/id/96989,5,,1
"국채선물, 금통위 당일 장 초반 강보합세",전일 미 국채 금리가 소폭 하락한 데 따른 영향이다. 이날 열리는 한국은행 금융통화위원회를 앞두고 관망 분위기가 이어졌다. 연합인포맥스에 따르면 3년 국채선물은 이날 오전 9시2분 현재 전일 대비 2틱 오른 104....,https://news.einfomax.co.kr/news/articleView.html?idxno=4408822,13,,1
[글로벌 마켓 리포트 4월 10일],◇ 미 국채금리·달러 하락 국제유가가 하락하면서 미 국채금리와 달러화는 동시에 하락했다. 이날 뉴욕 채권시장에서 벤치마크인 미국 10년물 국채 수익률은 전장 대비 5.4bp(1bp=0.01%포인트) 하락한 4.289%를...,https://www.newspim.com/news/view/20260410000173,11,,1
"한은, 기준금리 2.50% 7연속 동결…전쟁·환율·물가 '삼중 부담'",연초 2.935% 수준이던 3년 만기 국채 금리는 최근 3.338%까지 오르며 향후 기준금리 인상 기대를 일부 반영하고 있다. 전문가들 사이에서는 사실상 금리 인하 사이클이 종료됐다는 평가도 적지 않다. 연합뉴스 설문에서도...,https://www.hidomin.com/news/articleView.html?idxno=700807,15,,1
"이창용, 마지막 회의서 기준금리 ‘동결’…11개월째 ‘2.5%’ 유지",물가 안정 속 기대인플레 여전히 높아…금리 인하 여건 제한 중동 리스크·환율 부담 겹쳐 ‘인상도 인하도 어려운’ 복합 국면 국채금리 상승에 긴축 전망 확산…차기 총재 체제 정책 변화 주목 [아시아타임즈=우승준...,https://www.asiatime.co.kr/article/20260410500018,10,,1
"한은 금통위, 기준금리 2.5%로 7연속 동결",연초 연 2.935% 수준이던 3년 만기 국채 금리는 9일 종가 기준 3.338%까지 올랐다. 채권 시장 전문가들은 지금의 금리 수준이 한은이 향후 1년간 2~4차례 정도 기준금리를 올리리라는 전망을 반영했다고 본다. 이창용 한은...,https://www.chosun.com/economy/economy_general/2026/04/10/7IMT2KULAVFCLOLUQDHWH3C4PI/?utm_source=naver&utm_medium=referral&utm_campaign=naver-news,14,,1
[손지현의 채권분석] 이창용의 마지막 왈츠,"이를 반영해 전 거래일 미 국채 2년물 금리는 1.7bp 내린 3.7730%, 10년물 금리는 1.8bp 내린 4.2770%를 나타냈다. 한편, 전일 저녁 정부는 3차 석유 최고가격을 동결한다고 밝혔다. 이로써 휘발유는 리터당 1천934원, 경유는 1천923원...",https://news.einfomax.co.kr/news/articleView.html?idxno=4408781,6,,1
"""무디스, 프랑스 신용등급 유지 가능성 커""<LS證>","실제로 최근 프랑스 국채 금리는 정치·재정 리스크보다는 지정학적 위험이나 유럽중앙은행(ECB)의 통화정책 등 거시경제 이슈에 더 민감하게 반응하는 추세다. 박 연구원은 ""설령 프랑스 국가신용등급이 강등되더라도...",https://www.news2day.co.kr/article/20260410500061,11,,1
[굿모닝 투자 브리핑] 지정학적 리스크 '피크아웃' 국면...불안한 휴전 ...,이는 국채 금리 안정화와 더불어 그간 억눌렸던 성장주에 대한 매수 심리를 자극하는 핵심 동력이 되고 있다. ◇ AI 시장 '클로드 5' 독주 체제 강화 vs 애플 '혁신 지연' 고심 기업 단에서는 인공지능(AI) 패권 경쟁과...,http://www.ttlnews.com/news/articleView.html?idxno=3097954,4,,1
[뉴욕 마켓 브리핑](10일),"*4월9일(현지시간) -뉴욕증시 : 다우 0.58%↑ S&P500 0.62%↑ 나스닥 0.83%↑ -미 국채 10년물 금리 : 전 거래일 오후 3시 기준가 대비 0.30bp 상승한 4.2930% -달러화 : 엔화에 강세, 유로화에 약세. 달러인덱스는 98....",https://news.einfomax.co.kr/news/articleView.html?idxno=4408769,5,,1
[오늘 금시세]美CPI 앞두고 금값 상승 탄력 확대…4천800달러 재접근,"10일 금값은 미국 CPI 발표를 앞두고 달러 약세와 국채금리 하락에 힘입어 상승 탄력을 확대하며 4,800달러 부근까지 반등했다. 중동 긴장 완화 기대와 함께 위험회피 심리가 일부 완화됐음에도, 약달러...",https://www.namdonews.com/news/articleView.html?idxno=907056,12,,1
[뉴욕증시포커스] 중동 불확실성에도 상승 마감…협상 기대에 투자심리...,"상승한 가운데 산업과 소재 업종도 강세를 나타냈다. 반면 보건 업종은 소폭 하락했다. 국채금리는 장단기 구간에서 모두 소폭 하락했고, 달러인덱스 역시 약세를 보이며 위험자산 선호 심리를 뒷받침했다. 굿모닝경제",https://www.goodkyung.com/news/articleView.html?idxno=285672,9,,1
"뉴욕증시, 이란 휴전 낙관에 이틀째 상승","미 국채 금리는 큰 변동 없이 10년물 4.292%, 2년물 3.782% 수준에서 움직였고, 달러와 금 가격도 제한적인 흐름을 보였다. 블룸버그 달러 현물 지수는 0.2% 하락했고, 금 현물은 온스당 4769.71달러로 1.1% 상승했다....",https://www.sentv.co.kr/article/view/sentv202604100017,5,,1
"[데스크리포트 4월] 이란 전쟁 와중에 시작된 WGBI 자금 유입, 다음은 M...","한국금융연구원은 이에 따라 국채금리가 0.2~0.6% 가량 내려갈 것으로 전망하기도 했다. 재정경제부는 9일 보도자료를 통해 ""3월30일 이후 외국인의 국채 순매수 규모는 6조8천억 원에 이른다""며 ""일본계 등...",https://www.businesspost.co.kr/BP?command=article_view&num=435394,9,,1
"[해외시황] 뉴욕증시, 이스라엘·레바논 협상 기대에 '상승 마감'…나스...",국채금리는 장단기 모두 2bp 전후로 소폭 하락했다. 주요 6개국 통화 대비 달러 가치를 나타내는 달러인덱스는 0.33% 하락했다. 국제유가는 상승했다. 뉴욕상업거래소(NYMEX)에서 5월물 미국 서부 텍사스산 원유(WTI)...,http://www.newsprime.co.kr/news/article.html?no=729856,9,,1
"이란, 호르무즈 통행 하루 15척 제한 [굿모닝 글로벌 이슈]","물가 상승 우려가 여전하지만 2월 PCE에서 개인소비지출이 낮아지는 점 다시 말해 성장 둔화에 대한 걱정이 이를 상쇄하면서 국채 금리는 크게 움직이지 않았습니다. 전일장과 비교해 큰 변동성은 없었으며, 2년물 국채...",http://www.wowtv.co.kr/NewsCenter/News/Read?articleId=A202604100205&t=NN,4,,1
"뉴욕증시 3대 지수 상승...이스라엘·레바논, 내주 美서 직접 협상하기...",오늘 장 10년물 국채금리는 4.29%에 거래되고 있고요. 2년물 국채금리는 3.78%에 거래되고 있습니다. (환율) 미국과 이란 사이의 불안한 휴전이 이어지고 있지만 달러화는 여전히 약세를 보이고 있습니다. 달러 인덱스는...,http://www.wowtv.co.kr/NewsCenter/News/Read?articleId=A202604100185&t=NN,12,,1
[원자재 시황] 분쟁 완화에 안도…불확실성이 방향성 제한,10년물 국채금리는 큰 변동 없이 유지됐고 2년물 금리는 소폭 하락했다. 달러는 약세를 보였으며 금 가격은 상승했다. 시장의 시선은 다음날 발표될 소비자물가지수(CPI)로 이동하고 있으며 에너지 가격 상승이 물가에...,https://www.ebn.co.kr/news/articleView.html?idxno=1704996,12,,1
"뉴욕증시, 美ㆍ이란 휴전 지속 낙관론에 상승 마감... '이스라엘 변수'...",미 국채 금리는 대체로 보합권에서 움직였다. 10년 만기 미 국채 금리는 4.292%로 큰 변동이 없었다. 통화 정책에 민감한 2년 만기 미 국채 금리는 소폭 하락한 3.782%였다. 금리 흐름이 제한된 가운데 달러와 금 변동폭은...,https://www.getnews.co.kr/news/articleView.html?idxno=867422,5,,1
"국채선물, '휴전 균열' 불안 완화에 상승…10년물 39틱↑","한편 같은 시간 미국 국채 금리는 소폭의 내림세를 나타냈다. 미 국채 10년물 금리는 전 거래일 뉴욕시장 마감 가격 대비 1.80bp, 30년물 금리는 0.10bp 각각 하락했다. 2년물 금리는 1.70bp 낮아졌다. 이란 전쟁에서 강경...",https://news.einfomax.co.kr/news/articleView.html?idxno=4408747,4,,1
한신평 “양적팽창 시대는 끝… K-IB 2.0 핵심은 유동성 방어”,김 수석은 “국내 종투사는 언제든 빠져나갈 수 있는 발행어음과 단기 차입금에 조달의 절반 이상을 의존하고 있다”며 “반면 운용은 부동산 PF나 모험자본 등 회수 기간이 긴 자산에 쏠려 있어 자산과 부채의 ‘만기...,https://news.dealsitetv.com/articles/168430,7,,1
"[단독] 키움·한국투자증권, ‘트리븐 서산’ PF 리파이낸싱 주관…812억...","ABSTB는 자산을 담보로 발행하는 1년 미만의 단기 채권으로, 최근 부동산 PF 시장에서 널리 활용되는 조달 수단이다. 이를 통해 이번 대출은 2029년 4월까지 유지된다. ‘트리븐 서산’ 개발사업은 충청남도 서산시...",https://biz.heraldcorp.com/article/10714643?ref=naver,7,,1
[2025년 중요판례분석] (6) 민사집행법,"원고가 PF 대출을 위해 설정한 지상권을 양도하거나 저당권의 목적으로 제공한 경우, 임대차 계약 종료... 선고 2024다291102 판결 □ 사안과 쟁점 A는 피고 앞으로 부동산에 매매예약을 원인으로 한...",https://www.lawtimes.co.kr/news/articleView.html?idxno=219162,5,,1
"[인터뷰] 복기왕 ""전세사기 막으려면 제도 바꿔야""","또 현행 부동산 정책과 관련해 ""서울 기준을 전국에 일괄 적용하는 방식은 현실과 맞지 않는다""며 ""수도권과... 현재 공급 절벽의 핵심 원인은 금리보다 '고착화된 고비용 구조'와 'PF 부실 공포'입니다. 원자잿값과 인건비는...",https://www.sentv.co.kr/article/view/sentv202604060001,7,,1
'진격의 메리츠'…고려아연 베팅·대형 딜로 IB 존재감 확대,"메리츠증권이 올해 2월 11일 실시한 컨퍼런스콜에서 김종민 대표는 ""4분기 SK이노베이션, LNG, 자산 유동화 등 신규 대형 딜의 수익 인식이 기업금융 수익 증가의 주요인""이라면서도 ""이는 일회성 빅딜을 넘어 부동산 PF...",https://www.econovill.com/news/articleView.html?idxno=736920,5,,1
"[증권업계기상도]NH투자증권 ‘맑음’ IMA 1호 완판, 법인 자금 55%·키움...",한양증권은 기업금융(IB) 역량 강화와 부동산 PF 리스크 관리 체계 고도화를 위해 지난 2025년 초 김기형 IB총괄 사장을 영입한 바 있다. ◆대신증권 ‘맑음’=유튜브 세미나 통해 투자 전략 제시…지정학 리스크·정책...,https://www.nspna.com/news/?mode=view&newsid=809427,1,,0
"한양증권, 준공 후 PF로 활로 모색…존재감 키운다","대한 안정적인 자금 공급을 확대해 나갈 계획""이라고 말했다. 한편 한양증권은 IB 경쟁력 제고와 부동산 PF 리스크 관리 체계 정비를 위해 올해 초 김기형 IB총괄 사장을 영입하는 등 조직 역량 강화에 속도를 내고 있다.",https://news.tf.co.kr/read/economy/2311942.htm,4,,1
"주식은 멀미나고, 코인은 겁나고…안정적인 리츠로 갈아탈까",기존 프로젝트파이낸싱(PF) 사업의 저자본·고부채에 따른 취약점을 해소하고 사업성 중심의 개발 환경을 조성하고자 마련된 프로젝트리츠는 완공된 자산에 투자하는 일반 리츠와 달리 부동산 개발 단계에서부터...,https://www.sedaily.com/article/20031100?ref=naver,10,,1
"한양증권, HUG 보증 기반 준공 후 PF 금융주관 잇따라 성사","솔루션으로 주거사업에대한  자금 공급을 확대해 나갈 것""이라고 말했다. 한양증권은 2025년 초 김기형 IB총괄 사장을 영입한 이후 투자은행(IB) 역량 강화와 부동산 PF 리스크 관리 체계 고도화에 주력하고 있다.",https://www.insightkorea.co.kr/news/articleView.html?idxno=244482,8,,1
"한양증권, 610억 규모 준공후 PF 주관","구조화금융 솔루션으로 주거사업에 대한 안정적인 자금 공급을 늘려갈 것""이라고 말했다. 한편, 한양증권은 2025년 김기형 IB총괄 사장 영입 이후 부동산 PF 리스크 관리와 기업금융(IB) 역량 강화에 속도를 내고 있다.",https://www.mediapen.com/news/view/1092642,5,,1
취임 100일 맞은 황성엽 금투협회장의 '담금질'···BDC·연금·STO 총동...,부동산 PF 리스크 관리 방안도 함께 언급됐다. 브릿지론의 본PF 전환 지원과 유동성 공급을 통해 시장 연착륙을 유도하겠다는 계획이다. 7월부터 확대 적용되는 책무구조도는 내부통제 강화 수단으로 활용된다. 협회는...,https://www.womaneconomy.co.kr/news/articleView.html?idxno=252274,10,,1
[증권 단신] 신한증권·하나증권·한양증권·신한운용,"◇ 하나증권-빌드블록, '미국 부동산 투자 솔루션 강화' MOU 하나증권은 빌드블록과 '글로벌 자산관리 서비스... ◇ 한양증권, PF 금융주관 확대··· 신디케이션 역량 강화 한양증권은 자사의 신디케이션본부가 올해 HUG...",https://daily.hankooki.com/news/articleView.html?idxno=1357169,5,,1
"[크레딧뷰어] 한화투자증권, 지난해 수익성 회복 뚜렷…건전성도 '관리...","여윤기 수석연구원은 한화투자증권에 관해 ""부동산PF 부실 등으로 자산건전성이 저하했으나, 대손충당금 적립 등으로 자기자본 대비 잠재위험은 완화됐다""며 ""자본적정성과 유동성 지표를 양호하게 관리하고...",https://www.kfenews.co.kr/news/articleView.html?idxno=656736,20,,1
출구 전략 막힌 무궁화신탁…새마을금고·키스톤PE '부글부글',[기자] 부동산PF 대주단인 새마을금고의 경우 익스포저가 가장 크기 때문에 소송 등 법적 대응 등도 불가피한 것으로 전해집니다. 키스톤PE도 수년 전부터 오창석 회장의 자금 조달에 직접 얽혀있는데요. IB업계 관계자는...,https://biz.sbs.co.kr/article_hub/20000303555?division=NAVER,13,,1
부동산 신탁사 적자 지속…책임준공 리스크에 신탁계정대·차입부채 동...,"일부는 PF 원리금을 먼저 상환해 사업장을 확보한 뒤 부동산 가치를 점진적으로 높여 회수하는 전략을 택하고, 일부는 손실 인식을 감수하더라도 처분을 서둘러 재무 부담을 빠르게 낮추는 데 집중하고 있다. PF...",http://www.opinionnews.co.kr/news/articleView.html?idxno=136578,4,,1
"계룡건설, 업성2구역PFV에 1670억 추가 대여… 사업 본격화",시행을 맡은 자회사 업성개발피에프브이(PFV)의 브리지론을 본 프로젝트파이낸싱(PF)하는 과정에서 필요한... 우선주 투자자로는 한국투자부동산신탁과 서인도시개발이 참여했다. 시행과 시공을 모두 계룡건설이...,http://www.wikileaks-kr.org/news/articleView.html?idxno=186155,9,,1
'이중규제' 은행 계열 증권사···황성엽 회장에 거는 기대,"홍종수 한국개발연구원 연구위원은 ""증권사들이 기업금융, 부동산 프로젝트파이낸싱(PF) 대출 등 은행과 유사한 신용공여 업무까지 영역을 넓혔다""라며 ""이러한 변화는 대형 증권사를 중심으로 자산 규모와...",http://www.enewstoday.co.kr/news/articleView.html?idxno=2417466,17,,1
"한양산업개발, '사천 한양아이클래스 파크힐' 순항 요인...""예비임차인 ...","이번 사업은 일반적인 부동산 개발사업에서 활용되는 프로젝트파이낸싱(PF) 방식 대신, 시공사의 직접 투자와 예비임차인 납부금을 기반으로 추진되는 구조다. 이를 통해 금융비용 부담을 줄이고 사업 진행 과정의...",https://www.bizwork.co.kr/news/articleView.html?idxno=414426,10,,1
롯데카드 새 대표 정상호가 만난 초대형 암초 : 금감원 4.5개월 영업정지...,롯데카드는 이미 부동산 PF 대출 부실과 주요 거래처의 회생 절차 신청 등으로 인해 최근에만 210억 원 규모의 신규 부실채권이 발생하는 등 재무 부담이 가중된 상태로 알려졌다. 금융권에서는 2025년 순이익이 전년 대비...,https://www.huffingtonpost.kr/article/256527,21,,1
"롯데카드, 중징계 '직격탄'···매각 궤도 이탈 어쩌나","이 가운데 부동산 PF 채권 100억원은 원금 회수가 어려운 '회수의문' 등급으로 분류, 나머지 110억원은 다원시스 회생 신청 여파로 관련 SPC 대출이 부실화된 것이다. 금융당국의 PF 사업성 평가 기준이 강화되면서 잠재...",http://www.finomy.com/news/articleView.html?idxno=252993,10,,1
"[生기업TALK] 웰컴저축은행, 사업 구조 바꾼다…""리테일·수신 전략 강화...","사진=웰컴저축은행 대화형 'AI 금융비서' 도입…저축은행 디지털 전환 가속 저축은행 업계가 전통적인 고금리 수신 경쟁과 부동산 PF 리스크에 직면한 가운데, 웰컴저축은행이 인공지능(AI)을 기반으로 한 금융 서비스...",http://www.sisacast.kr/news/articleView.html?idxno=94899,13,,1
[생산적 금융 모델]①하나금융지주… ESG와 결합된 '생산적 금융',"부동산에 쏠렸던 자금을 제조업과 ESG 산업으로 돌리며, 금융이 어디에 자금을 배분할지를 '선택하는 주체'로... 글로벌 프로젝트 파이낸싱(PF)과 인프라 투자 등에서 국내외 자본을 연결하는 기능도 강화되고 있다....",http://www.press9.kr/news/articleView.html?idxno=74874,5,,1
"한양증권, 준공 후 주거사업 PF 금융주관 확대","한편, 한양증권은 IB 역량 강화와 부동산 프로젝트파이낸싱(PF) 리스크 관리 체계 고도화를 위해 2025년 초 김기형 IB총괄 사장을 영입한 이후 관련 분야 역량 강화에 주력하고 있다.",https://www.esgeconomy.com/news/articleView.html?idxno=15174,10,,1
[더벨][Policy Radar] 저축은행 총량규제서 중금리대출 '80%' 제외,"부동산 PF 등 고위험 자산 비중을 줄이는 대신 서민·지역 금융 기능을 강화하는 흐름과 맞닿아 있다. ◇위축된 중금리대출, 점진적 회복 전망 위축됐던 중금리대출 영업에도 변화가 예상된다. 지난해 6·27 가계부채 관리...",https://www.thebell.co.kr/free/content/ArticleView.asp?key=202604091455021000102442,17,,1
"한양증권, 구조화금융 입지 강화…주거사업 PF 연이어 성사","한편, 한양증권은 IB 역량 강화와 부동산 프로젝트파이낸싱(PF) 리스크 관리 체계 고도화를 위해 2025년 초 김기형 IB총괄 사장을 영입한 이후 관련 분야 역량 강화에 주력하고 있다.",http://www.wowtv.co.kr/NewsCenter/News/Read?articleId=A202604100266&t=NN,10,,1
"""발행어음·IMA, 증권사 건전성 악화 우려...만기 미스매치도 발생""","이는 부동산 PF 의존도 축소와 함께 해외 브로커리지 확대, 자본시장 거래 증가 등이 복합적으로 작용한 결과로 풀이된다. 특히 해외 주식 거래 확대는 증권사 수익 구조 변화의 중요한 축으로 자리 잡고 있다. 그는 ""해외...",https://www.asiatime.co.kr/article/20260410500038,10,,1
"부동산신탁사, 적자 줄었지만 '재무부담 폭증'…회복 대신 버티기","부동산신탁사들의 책임준공형 토지신탁 수주는 2022년 4000억원을 웃도는 수준에서 2025년에는 500억원 미만으로 급감했다. 사업장 수도 2022년 말 918개에서 2025년 말 138개로 크게 줄었고, PF대출잔액도 23.9조원에서 5....",https://www.ebn.co.kr/news/articleView.html?idxno=1705010,5,,1
"한양증권, ‘준공 후 주거사업’ PF 금융주관 순항",한양증권은 지난해초 IB 역량 강화와 부동산 프로젝트파이낸싱(PF) 리스크 관리체계 고도화를 위해 김기형 IB총괄 사장을 영입해 관련분야 역량강화에 주력하고 있습니다.,https://www.inthenews.co.kr/news/article.html?no=85440,10,,1
"[단독] '부실 자회사에 한숨' 교보생명, 결국 교보라플·자산신탁 1186억...","특히 부동산 프로젝트파이낸싱(PF) 사업 부실이 실적 악화의 주요 원인으로 꼽힌다. 책임준공형 토지신탁 사업에서 건설사 부도와 원가 상승 부담이 겹치며 손실이 확대됐고, 이에 따라 대손상각비도 급증했다....",http://www.paxetv.com/news/articleView.html?idxno=269115,12,,1
"대한토지신탁, 프로젝트 리츠 첫 참여…개발·운용 확장 시동","9일 업계에 따르면 대한토지신탁은 지난 4월 '이앤엠프로젝트위탁관리부동산투자회사(이앤엠프로젝트리츠)... 통상적인 개발사업이 PF 대출을 중심으로 추진되는 것과 달리, 프로젝트 리츠는 투자자 지분을 기반으로...",https://dealsite.co.kr/articles/159812,5,,1
"[증권업 양극화 생존법-BNK투자증권] 영업익 12계단↓, 수익구조 개편으...",한 업계 관계자는 “최근 지역 부동산 시장이 어려워지면서 PF(프로젝트파이낸싱) 수익 확보가 쉽지 않은 상황”이라며 “증시 호황이 이어지고 있는 만큼 BNK투자증권도 브로커리지 부문 확대에 더욱...,https://www.fetv.co.kr/news/article.html?no=216680,9,,1
건설사 부채비율 ‘극과극’…최고 284% vs 최저 84%,2022~2023년에는 부동산 프로젝트파이낸싱(PF) 우발채무 리스크가 확산되며 건설사 전반의 부채비율이 상승세를 보였다. 이 시기와 비교하면 빅배스 영향을 받은 기업을 제외하고 대체로 부채비율을 낮췄다....,http://www.datanews.co.kr/news/article.html?no=144235,9,,1
[새책] 건설분쟁 실무강의,"책은 공사대금, 추가공사비, 지체상금 등 전통적인 쟁점은 물론 최근 급증하는 하도급 대금 직접지급 청구, 건설공동수급체 내부 분쟁, 그리고 부동산 신탁 및 PF 사업장의 책임준공 리스크와 중재 절차까지 망라해 건설...",https://www.koscaj.com/news/articleView.html?idxno=323487,4,,1
한화에너지 9000억 PRS 검토… 자금 조달 이면에 '10%의 벽' 존재,"요구하는 스프레드를 넓히는 변수로 작용했을 가능성이 있다. ▲유증 논란, PRS까지 덮쳤다 타이밍도... 조달 자금 가운데 1조4899억원은 올해 만기가 도래하는 회사채·기업어음(CP)·한도대출 등 차입금 상환에...",http://www.newsroad.co.kr/news/articleView.html?idxno=57684,11,,1
[굿모닝! 금융지식]요즘 채권이 뜬다…금리 하락기 돈 버는 구조를 이해...,최근에는 신용 스프레드가 안정되면서 우량 회사채 투자 수요도 증가하고 있다. 추가 수익을 기대할 수 있기 때문이다. 투자자들은 국채 중심 안정 포트폴리오에 일부 회사채를 편입하는 전략을 활용하고 있다. 수익성과...,https://www.goodkyung.com/news/articleView.html?idxno=285688,14,,1
[3월 금융시장] 국고채 금리 급등·코스피 12% 폭락···중동發 인플레...,반면 정기예금은 주식 투자 등을 위한 가계 자금 유출과 정기예금 ABCP 만기도래 등으로 4조4000억원... MMF 역시 분기말 법인들의 자금 인출로 인해 4조7000억원 줄어들며 시장의 유동성 위축을 단적으로 보여줬다.,http://www.weeklytoday.com/news/articleView.html?idxno=770284,15,,1
스페이스X IPO가 다시 짜는 美 리테일 판…한국에선 ETF 각축전,"'세기의 IPO' 스페이스X의 상장 작업이 본궤도에 올랐다. 공모 규모만 111조원인 이번 딜은 메가 IPO를 넘어, 글로벌 자본시장의 새로운 이정표가 될 것으로 보인다. 그 파장은 곧바로 투자 채널과 주도권 경쟁으로 빠르게...",https://news.einfomax.co.kr/news/articleView.html?idxno=4408983,4,,1
"캐스팅엔, BSM 시스템 '제노' 출시 ""기업 판관비 관리 솔루션 혁신""","글로벌 시장에서는 Coupa 등이 이 시장을 기반으로 상장한 바 있으나, 국내에는 전문 솔루션이 부재했다.... 캐스팅엔은 2027년 IPO를 목표로 하고 있으며, 4월 16일 PwC컨설팅과 CFO 대상 세미나를 개최한다.",http://www.e2news.com/news/articleView.html?idxno=329439,4,,1
오프라인 보폭 넓히는 무신사,"무신사는 지난 2022년부터 IPO를 추진해 왔지만, 시장 상황과 밸류 논란 등으로 실제 상장으로 이어지지 않았다. 하지만 이후 고정비 투자가 본격적으로 매출 및 이익으로 이어지면서 상장 가능성이 높아진 상태다....",https://www.newsway.co.kr/news/view?ud=2026041012073250242,4,,1
"[IPO 돋보기] 상장 목표하는 케어닥, ‘200억 프리IPO’ 불구 깡통 수익...","11일 벤처투자업계에 따르면 케어닥은 2027년 코스닥 상장을 목표로 200억원 규모의 프리IPO(상장 전 지분투자)에 나섰다. 케어닥은 2018년 설립 이래 병원 간병부터 가사 돌봄, 요양시설 연계까지 아우르는 이른바...",https://www.news2day.co.kr/article/20260410500245,6,,1
"세계 최대 편의점의 몰락?…세븐일레븐, 적도 시장도 다 잃었다 [박시진...",그러나 미국과 이란 간 전쟁으로 인한 시장 불안이 신규 상장에 걸림돌로 작용하고 있습니다. 세븐앤아이 주가는 ACT의 철회 직후 9% 이상 하락한 데 이어 IPO 계획 연기까지 겹치며 철회 이전 수준 밑돌고 있습니다. 10일...,https://www.sedaily.com/article/20031074?ref=naver,5,,1
"유니트리 R1, 알리익스프레스로 해외 출시…세계 최저가 휴머노이드 로...","사안에 정통한 두 관계자를 인용해 이번 해외 출시는 유니트리가 중국 규제 당국에 상장 예비 서류를 제출한 직후 이뤄진 것으로, 연내 기업공개(IPO)를 향한 사전 정지 작업과 맞닿아 있다는 분석이 나온다....",https://www.g-enews.com/view.php?ud=2026041022053130712bd56fbc3c_1,4,,1
"“부산 넘어 세계로”... 소프트스퀘어드, 부산형 유니콘 ‘부니콘’ 최...",글로벌 진출·IPO 상장 우대 혜택 개발자 매칭 및 AI MSP 기술력 기반... “글로벌 시장 진출 박차 가할 것” 지이코노미 양하영 기자 | 부산의 기술 창업 생태계를 이끌 차세대 유니콘 후보군이 윤곽을 드러냈다. 특히...,https://www.geconomy.co.kr/news/article.html?no=319101,4,,1
"중국 장쑤성, 홍콩 '가짜 증권거래소' 통한 불법 자금 조달 위험 경고","이어 일부 기업은 이런 허위 상장 사실을 이용해 자사 주식이나 'IPO 전 주식'을 일반 투자자에게 홍보하고 있으며, 이는 불법 자금 조달에 해당할 소지가 있다고 지적했다. 규제 당국은 투자자들에게 홍콩 증권선물위원회...",https://www.tokenpost.kr/news/breaking/348141,5,,1
"[챔피언기획④]""자율주행 로봇으로 물류 혁신""..상장 도전 '트위니'","올해 IPO를 할 계획을 가지고 있습니다."" 트위니는 올해 상장을 목표로 하는 한편, 자사가 보유한 소프트웨어 기술을 다양한 형태의 피지컬 AI 분야로 확장, 보급해 나간다는 계획입니다. TJB 이호진입니다. (영상취재 : )",http://www.tjb.co.kr/sub0301/bodo/view/id/97024,4,,1
채비·코스모로보틱스·폴레드…코스닥 상장 IPO 주목 [매경 자이앤트],채비는 코스닥시장 상장을 통해 자본을 확충하고 사업 확장을 기대하고 있다. 웨어러블 재활로봇 전문기업인 코스모로보틱스도 IPO에 도전한다. 오는 16일부터 22일까지 기관 투자자 수요예측을 진행하고 이달 말...,https://www.mk.co.kr/article/12013983,6,,1
"뉴로핏, 전환사채 160억 발행 결정",뉴로핏은 2025년 7월 25일 코스닥 시장에 상장된 소프트웨어 개발 및 공급업체다. 주요사항보고서... 1파인밸류IPO플러스V 일반 사모증권투자신탁파인밸류자산운용 주식회사엔에이치투자증권 주식회사본건 펀드...,https://www.digitaltoday.co.kr/news/articleView.html?idxno=655883,7,,1
"스트라드비젼, 코스닥 상장 본격화… ""AI 차량 인식 기술 기업 출사표""","스트라드비젼은 지난 9일 금융위원회에 증권신고서를 제출하며 기업공개(IPO)를 공식화했다. 앞서 한국거래소 코스닥시장본부로부터 상장 예비심사 승인을 받은 데 이어, 향후 기관 수요예측과 일반 청약을 거쳐...",http://digitalchosun.dizzo.com/site/data/html_dir/2026/04/10/2026041080150.html,19,,1
[1% 초고수의 선택] '미래에셋벤처투자' 사고 '삼성전자' 팔았다,"우주항공 기업 스페이스X의 기업공개(IPO)를 앞두고 미래에셋그룹의 지분 투자에 따른 평가이익 기대감이 주가에 반영된 것으로 분석된다. 우도형 미래에셋증권 연구원은 ""6월 상장이 예상되는 스페이스X 관련 평가이익...",https://www.ebn.co.kr/news/articleView.html?idxno=1705104,5,,1
"'IPO 출사표' 인텔리빅스, 세라젬과 스마트 웰니스 사업 '맞손'","삶을 세심하게 살피는 자율형 스마트 웰니스 환경을 구현할 수 있도록 적극적으로 협력해 나가겠다”고 말했다. 한편, 인텔리빅스는 6월 코스닥 시장 상장을 위해 상장예비심사 청구서를 최근 한국거래소에 제출했다.",http://www.wowtv.co.kr/NewsCenter/News/Read?articleId=A202604100432&t=NN,6,,1
"[양보연의 주(株)토피아] ""돈 뺄 길이 없다"" 17조 투자금 만기 아우성에...","돈을 빌려준 사람들(LP)에게 수익을 돌려줘야 하지만, 상장(IPO)이나 M&A 시장은 얼어붙었습니다. 황성엽 금융투자협회장이 ""선별을 전제로 괜찮은 기업의 엑시트를 도와야 한다""고 강조한 이유도 여기에 있습니다. 이때...",https://www.ajunews.com/view/20260410163332572,5,,1
상장 요원한데 적자전환까지…야나두는 왜 카카오의 아픈 손가락이 됐나,야나두는 2022년 7월 국내 사모펀드(PEF) 운용사 큐캐피탈파트너스로부터 기업가치 6000억 원을 인정받으며 300억 원 상당 프리IPO(상장 전 지분투자) 투자를 유치하기도 했다. 그러나 상장 전 요구되는 수익성·안정성...,https://ilyo.co.kr/?ac=article_view&entry_id=510377,7,,1
상업화 속도 내는 셀비온…과감한 투자로 '허가 이후' 대비,회사 측은 이에 대해 '상장 이후 효율적인 연구 환경 조성 및 시설 확충의 시급성이 구체화됨에 따른 결정'이라고 설명했다. 이는 IPO 자금 우선순위 조정으로 상업화 인프라에 힘을 싣겠다는 포석으로 풀이된다....,https://www.newsway.co.kr/news/view?ud=2026041011023212560,4,,1
"스마일게이트 1천억 패소 판결, 이혼소송에 주는 두 가지 시사점",스마일게이트가 투자사 라이노스자산운용과의 1000억원대 IPO(기업공개) 약정금 소송 1심에서 패소하면서 이 판결이 권혁빈 창업주의 조 단위 이혼소송에 변수로 부상하고 있다. 법원은 회계처리를 이유로 한 상장 의무...,https://www.sisajournal-e.com/news/articleView.html?idxno=420419,-2,,0
"한화로보틱스, 매출 늘어도 수익성 개선 난항...300억 수혈에도 자본잠...",이에 한화로보틱스가 IPO(기업공개)에 나설 경우 지주사 가치에 부담 요인으로 작용할 가능성이 제기된다. 이상헌 iM증권 연구원은 “중복상장이 해소되지 않은 상태에서 단순한 인적분할만으로는 중장기적인 주가...,http://www.thebigdata.co.kr/view.php?ud=202604101415439530ecbf9426b_23,5,,1
[더벨][매드업 IPO] 코스닥 예심 통과…테슬라 트랙 상장 본궤도,"기업공개(IPO)를 마무리한다는 계획이다. 매드업은 최근 같은 이익미실현 트랙을 밟았던 프리랜서 매칭 플랫폼 크몽이 예비심사를 자진 철회하고, 교육 서비스 기업 코드잇이 상장 트랙을 변경하는 등 상장 심사가...",https://www.thebell.co.kr/free/content/ArticleView.asp?key=202604100924044400105292,6,,1
"파워큐브세미, HL만도 화재 감지기 핵심 부품 인증 진행","파워큐브세미는 기업 공개(IPO)로 확보한 자금을 활용해 산화갈륨 에피(EPI), 패키지 라인 등을 구축한다. 앞서 지난 1월 거래소에 상장 예비 심사 청구서를 제출했다. 기술특레상장 방식이며, 지난해 하반기...",https://www.thelec.kr/news/articleView.html?idxno=54916,4,,1
"[더벨][코스닥 새내기주 점검] 체질 전환 마친 엔알비, 신규 수주 가시...",극동건설 컨소시엄의 일원으로 '의왕초평 A-4블록' 사업을 수주한 뒤 본격적인 기업공개(IPO) 준비에 들어갔다. 모듈러 교사를 넘어 공동주택까지 포트폴리오를 확장하자 내부적으로 상장 동력을 확보했다는 판단을...,https://www.thebell.co.kr/free/content/ArticleView.asp?key=202604062201036400103544,6,,1
"[장외시황] 채비, 수요예측 시작",기업공개(IPO) 관련 상장 예비심사 청구 종목으로 휴대용 엑스레이 장치 전문기업 레메디가 2만6500원(-3.64%)으로 약세를 지속했다. 상장 예비심사 승인 종목으로 인공지능(AI) 기반 자율주행 소프트웨어 개발 공급...,https://www.etoday.co.kr/news/view/2574735,4,,1
"""스페이스X 잡아라"" 금투업계, 마케팅전 '앗! 뜨거워'","올해 기업상장(IPO) 최대어로 꼽히는 '스페이스X(SpaceX)' IPO를 앞두고, 금융투자업계 마케팅 경쟁전도 치열한 모습이다. 관련 상품을 담는 ETF 신상품을 비롯 지수 리밸런싱 등 다양한 행보가 감지되고 있다. 10일...",http://www.fnnews.com/news/202604101405260125,5,,1
"무신사, 신발 커뮤니티에서 15조원 데카콘으로","패션 플랫폼 무신사가 글로벌 진출 등 사업 다각화를 통해, 이르면 2026년 하반기 유가증권시장(KOSPI) 또는 미국 나스닥 상장을 목표로 기업공개(IPO)를 준비하고 있다. 2001년 온라인 커뮤니티에서 출발한 무신사는...",https://www.junggi.co.kr/news/articleView.html?idxno=36095,4,,1
[더벨][더본코리아 확장 재가동] 오너 리스크 딛고 재확장 기로 마련,"◇상장 직후 평판 리스크 직면, 주가·실적 침체 국면 감내 더본코리아가 유가증권시장에 상장한 건 2024년 11월 6일이다. 2024년 기업공개(IPO) 대어로 꼽혔으며 수요예측에서 735대 1의 높은 경쟁률을 기록, 공모가를 희망...",https://www.thebell.co.kr/free/content/ArticleView.asp?key=202604081607519840101364,6,,1
"[더벨][thebell note] 케이뱅크, 격세지감의 10년",수차례의 실패가 있었지만 마침내 상장(IPO)에 성공했으며 그 성과로 인식된 자본은 1조원에 달한다. 자본 비율은 20%대로 치솟았다. 한때 대출 여력을 우려해야 했던 처지에서 이제는 국내 금융권에서 손꼽히는 자본 여력을...,https://www.thebell.co.kr/free/content/ArticleView.asp?key=202604071029254960102515,6,,1
"[IPO] 세미티에스, 6월 상장...""AI 물류 자동화 표준 선도""","코스닥 상장에 도전한다. 10일 금융투자업계에 따르면 민남홍 세미티에스 대표는 전일 서울 여의도에서 기업공개(IPO) 기자간담회를 열고 ""세미티에스는 기술적 진입장벽이 높은 전공정 시장에서 글로벌 팹들의 수율과...",https://www.asiatime.co.kr/article/20260410500197,7,,1
"[더벨]스트라드비젼, 증권신고서 제출 'IPO 가시화'",스트라드비젼이 기업공개(IPO)에 다가서고 있다. 2024년 코스닥 상장을 추진했으나 다양한 대외 변수로 일정을 연기한 바 있다. 이번 재도전은 순항하는 분위기다. 10일 스트라드비젼은 코스닥 상장을 위한...,https://www.thebell.co.kr/free/content/ArticleView.asp?key=202604100806561520108366,6,,1
[VC 포트폴리오] 신규 자금 조달한 ‘아델’...연내 코스닥 상장 준비 속...,무엇보다도 이번 투자 유치를 계기로 아델은 기술성 평가와 상장 예비심사 청구 등 본격적인 IPO 절차에도 착수할 예정이다. 벤처투자업계 관계자는 <뉴스투데이>에 “아델은 기존 경쟁 약물과 달리 타우 단백질의...,https://www.news2day.co.kr/article/20260410500136,6,,1
상장 8개월 만에 감사의견 거절…아이티켐 '상폐 위기'에 KB증권 책임론,"상장 이후 발생한 개별 사실관계는 주관사가 알기 어려운 부분""이라고 덧붙였다. 그러면서 ""세부 사실관계와 감사의견 근거는 회사 공시와 외부감사인의 절차를 통해 확인해야 한다""고 설명했다. 앞서 금융당국은 IPO...",https://daily.hankooki.com/news/articleView.html?idxno=1357137,5,,1
"[이슈] 알피바이오, 'ERM 전문가' 감사 영입…신사업 통제 강화","김 사장은 노브랜드의 매출 5000억 원 성장과 상장(IPO)을 주도한 재무 전문가로, 생산성 개선과 이익률 제고를 통해 2026년 영업이익 120억 원 달성을 목표로 제시했다. 재무와 내부통제 라인을 동시에 강화하며 경영 전반의...",https://www.startuptoday.co.kr/news/articleView.html?idxno=609455,4,,1
[더벨][그룹의변신 Before&After] 승계 분기점은 2029년…지분 이미 이동...,투자업계에서는 CJ올리브영 기업공개(IPO)를 통해 구주매출 방식으로 승계 재원을 확보할 것이란 전망이 나온다. 반면 최근 중복상장 규제 기조가 강화되면서 CJ㈜와 CJ올리브영 합병을 통한 지배력 확대 시나리오도...,https://www.thebell.co.kr/free/content/ArticleView.asp?key=202604081512206120102379,4,,1
"[더벨][중동 쇼크 선전한 K헤지펀드] 더블유운용, 멀티 전략서 두각…데...","다만 국내 상장주식 플레이 뿐 아니라 채권, 스팩(SPAC), 기업공개(IPO), 이벤트 드리븐을 포함한 복수 자산에 분산 투자하는 멀티 전략의 유효성을 입증하면서 선택지를 보강했다는 평가가 나온다. 8일 금융투자업계에...",https://www.thebell.co.kr/free/content/ArticleView.asp?key=202604081527376800108140,8,,1
따따블 뒤 급락 … 재미 못 본 1분기 IPO 공모주 [박정은의 IPO 캘린더],"한 증권사 관계자는 ""1분기에 대어급인 케이뱅크의 상장은 성공한 것으로 보지만, 2분기에도 대어급 기업이 추가적으로 진행되는 것은 없고 비수기로 관망세가 진행될 것으로 예상한다""며 ""이달 IPO 예상 기업...",https://biz.newdaily.co.kr/site/data/html/2026/04/10/2026041000184.html,7,,1
“30억 싸움에 머스크까지”…억만장자들 SNS 우르르 참견,최근 유니버설뮤직그룹 인수 추진과 신규 펀드 상장 계획 등으로 월가의 주목을 받아왔다. 대형 거래와 기업공개(IPO)를 동시에 추진하는 상황에서 개인 분쟁까지 공개적으로 드러낸 점에 시장의 시선이 집중됐다. 사건의...,https://www.donga.com/news/Inter/article/all/20260410/133714860/2,1,,0
"외신 ""스페이스X 작년 손실 50억 달러 추정"", 합병 뒤 xAI 실적도 떠안아",스페이스X는 올해 기업공개(IPO)를 통한 상장 절차에 돌입했다. 10일 디인포메이션과 로이터 등 외신을 종합하면 스페이스X는 지난해 50억 달러(약 7조4100억 원)의 손실을 기록한 것으로 추정된다. 같은 기간에 연매출...,https://www.businesspost.co.kr/BP?command=article_view&num=435443,6,,1
주작(朱雀)이 날아오른다 란젠항톈(蓝箭航天)과 재사용 로켓 [전병서의...,"과창판 역사상 가장 빠른 속도 중 하나로 IPO가 진행되고 있다. 중국 정부가 2025년 6월 과창판 '제5호 상장 기준'을 상업우주항공으로 확대하자마자, 란젠항톈은 바로 치고 들어갔다. 이 기준은 적자 기업이라도 기술이...",http://www.fntimes.com/html/view.php?ud=202604101435337620c1c16452b0_18,4,,1
"미래에셋증권, 랩인큐브와 IPO 주관 계약…기술특례상장 추진",미래에셋증권이 MOF 기반 신소재 기업 랩인큐브의 기업공개(IPO) 주관사로 나서며 코스닥 상장 절차를 지원한다. 미래에셋증권은 랩인큐브와 대표주관사 계약을 체결하고 기술특례상장을 통한 코스닥 입성을 추진할...,http://www.press9.kr/news/articleView.html?idxno=74886,6,,1
"KB증권, '1조원 몸값' 예비 유니콘 기업 라이너 IPO 주관",KB증권이 기업가치 1조원 수준으로 평가되는 AI 플랫폼 기업 라이너의 기업공개(IPO) 주관사로 선정되며 상장 준비를 본격 지원한다. 9일 투자은행(IB) 업계에 따르면 KB증권은 라이너의 주관사로 낙점됐다. 라이너는...,http://www.press9.kr/news/articleView.html?idxno=74887,7,,1
[마키나락스 IPO] FI 엑시트 줄줄이 대기···성적표는?,"전체 상장 예정 주식(1755만4024주)의 38.48%로 통상적인 IPO 과정에서 30% 내외로 유통 물량이 정해지는 걸 감안하면 적지 않은 수준이다. 최근 증권신고서를 제출한 채비(24.84%), 폴레드(27.94%), 코스모로보틱스(32.43...",https://www.topdaily.kr/articles/109620,5,,1
"젠엑시스-이터널, 인도 시장 K-산업 유통 협력 MOU 체결","이터널은 지난 3월 인도 기업 인수를 통해 뭄바이 증권시장에 진입하며 한국 기술 기업의 인도 증시 상장... 연계, IPO까지 전주기 성장을 지원하고 있다. 양사는 이번 협약을 계기로 인도 시장 진출을 위한 스타트업...",https://mdtoday.co.kr/news/view/1065586463756345,4,,1
"이터널, 젠엑시스와 MOU 체결... K-산업 유통 확대","인도 상장 기반과 현지 인프라를 강점으로 한다. 양사는 협력을 통해 역할을 분담한다. 젠엑시스는 인도... 초기 발굴부터 사업화, 후속 투자, IPO까지 전주기 지원 역량을 갖추고 있으며, 다양한 정부 프로그램 운용...",https://view.asiae.co.kr/article/2026041013092630004,4,,1
"SK텔레콤, 배당주 넘어 AI '기대주'로... 정재헌 체제서 읽히는 변화","다만 로이터에 따르면 엔트로픽의 IPO는 아직 초기·비공식 단계다. 상장 기대를 그대로 확정 가치처럼 보는 데는 다소 무리가 있다. 이런 시장 해석과 별개로, 회사는 주가보다 '고객'에 집중하는 모습이다....",https://www.insight.co.kr/news/549720,5,,1
스페이스X 상장땐 미래에셋증권 ‘초대박’,우주항공 기업 스페이스X의 기업공개(IPO)가 가시화되는 가운데 금융투자업계가 이번 초대형 상장 이벤트의 국내 최대 수혜주로 미래에셋증권을 지목하고 있다. 미래에셋증권은 일론 머스크 관련 투자로 이미...,https://www.munhwa.com/article/11581321?ref=naver,5,,1
"이터널, 젠엑시스와 MOU…인도 기반 K-플랫폼 유통 사업 본격화","인도 상장 기반과 현지 인프라가 핵심 경쟁력이다. 이번 협약을 통해 이터널은 젠엑시스가 발굴·육성... 초기 발굴부터 사업화, 후속 투자 연계, IPO까지 전주기 성장 지원 역량을 갖추고 있으며, 중소벤처기업부 TIPS...",https://www.hankyung.com/article/202604101866O,4,,1
"[스트라드비젼 IPO] 7000억대 몸값 도전, 시장은 갸웃",자율주행 인공지능(AI) 소프트웨어 전문기업 스트라드비젼이 증권신고서를 제출하고 기업공개(IPO)... 작년에 상장한 차량 보안 소프트웨어 업체 아우토크립트도 로열티 구조 전환을 강조한 바 있다. MP 매출이...,https://www.the-stock.kr/news/articleView.html?idxno=32345,4,,1
스페이스X와 대우주 시대[박정경 기자의 몸으로 기록하는 시대],"미국의 우주항공 기업 스페이스X의 기업공개(IPO)를 앞두고 시장은 상장 첫날 시가총액이 얼마나 형성될지, 어떤 종목이 수혜주로 엮일지에 촉각을 곤두세우며 ‘우주 투자’에 돈이 몰리고 있다. 하지만 더 본질적인...",https://www.munhwa.com/article/11581286?ref=naver,4,,1
"HLB그룹, 베리스모 상장 아직…임상 1상 후 LO 추진 [현장+]","""현재 베리스모테라퓨틱스에 대한 상장 계획은 없다. 이미 충분한 자금을 확보하고 있다고 생각하기... 이는 최근 주식투자자들의 관심이 집중된 가운데 IPO 계획을 묻는 주주의 질문에 대한 답변이다. HLB그룹의 핵심...",https://www.bloter.net/news/articleView.html?idxno=659126,5,,1
"다산제약, 1000억 매출 첫 돌파…제품 성장·CDMO 확장 동시 진행","상장 준비도 병행됐다. 다산제약은 지난해 12월 KB증권과 NH투자증권이 참여한 130억원 규모 프리IPO 유치에 성공했다. 회사는 확보 자금을 생산설비 확충, 신제품 연구개발, 글로벌 CDMO 시장 공략에 투입하겠다고...",https://www.medipana.com/news/articleView.html?idxno=409573,4,,1
[테크M 리포트] 스페이스X 상장 초읽기…우주산업 패러다임 전환 스타트,"일론 머스크가 창업한 민간 우주기업 스페이스X(SpaceX)가 4월 1일 비공개 기업공개(IPO) 신청서 제출을 완료했다. 올해 6월 중하순 뉴욕 증시 상장이 전망되며, 예상 시가총액은 1조7500억달러(약 2625조원) 이상으로...",https://www.techm.kr/news/articleView.html?idxno=150976,5,,1
"[더벨][폴레드 IPO] 시총 상단 1300억, 유아용품 섹터 디스카운트",이형무 폴레드 대표는 “굉장히 아쉬운 건 사실”이라며 “당초 계획대로 상장을 진행하기 위해선 유아용품 시장의 저평가를 받아들일 필요가 있었다”고 설명했다. 시장에선 저성장·저수익성이 고착화 된 국내...,https://www.thebell.co.kr/free/content/ArticleView.asp?key=202604091817352960103844,4,,1
"""게 섯거라 유니클로"" 해외서 빛난 무신사, 中-日연속 정복…IPO 몸값 '1...","함께 상장 시기와 전략 등 구체적인 계획을 본격적으로 확정할 예정이다. 무신사는 IPO를 통해 '데카콘(기업가치 10조원 이상)'이 되겠다는 목표인데, 이 경우 공모 규모가 1조원을 넘길 수 있다는 전망이 나온다....",https://www.techm.kr/news/articleView.html?idxno=150974,4,,1
"AI 글라스부터 로봇 아이돌까지… 갤럭시코퍼레이션, 엔터테크 2.0 시대...","(이미지2 사진제공: 갤럭시코퍼레이션) 글로벌 자본시장의 뜨거운 관심사인 상장(IPO)에 대해서도 최 대표는 확고한 소신을 드러냈다. 그는 “코스피, 코스닥은 물론 나스닥과 뉴욕증권거래소(NYSE) 등 모든 가능성을...",https://biz.heraldcorp.com/article/10714321?ref=naver,4,,1
"디케이앤디, ‘AI·자율주행’ 올라탄다…투자사 스트라드비젼 상장 예...",글로벌 합성피혁 전문기업 디케이앤디(DK&D)가 선제적으로 투자한 AI 기반 자율주행 소프트웨어 기업 ‘스트라드비젼’이 코스닥 상장 예비심사를 통과하며 기업공개(IPO) 본궤도에 올랐다. 전통 제조업을 넘어 AI와 로봇...,https://www.theguru.co.kr/news/article.html?no=100428,6,,1
"[IB탈탈털기] SV인베스트먼트, '프라이드' 접고 그로쓰캐피탈 전면에…...","(M&A), 상장 전 체력 보강 등을 지원하는 영역으로 분류된다. 완전한 초기 벤처투자도 아니고, 경영권 인수를... 기업가치 조정, IPO 시장 경색, 회수 지연이 이어지는 상황에서 단순히 투자 단계만 넓힌다고 성과가...",http://www.newsworker.co.kr/news/articleView.html?idxno=421437,7,,1
"스트라드비젼, 코스닥 상장 본격화···공모 최대 1036억원",자동차용 AI 인식 소프트웨어 기업 스트라드비젼이 코스닥 상장을 위한 공모 절차에 착수했다. 스트라드비젼은 9일 금융위원회에 증권신고서를 제출하고 기업공개(IPO)를 본격 추진한다고 10일 밝혔다. 공모 주식...,http://www.enewstoday.co.kr/news/articleView.html?idxno=2417313,20,,1
"美 리튬 개발사 US엘레멘탈, 5.7억 달러 가치 스팩 합병으로 나스닥 상장...",리튬은 상장 이후에도 US엘리멘탈 지분 80% 이상을 보유할 전망이다. US엘리멘탈은 현재 오리건주(州) '맥더밋 리튬 프로젝트'와 네바다주 '클레이턴 노스 프로젝트'를 추진하고 있다. US엘리멘탈은 기업공개(IPO)를 통해...,https://www.theguru.co.kr/news/article.html?no=100399,5,,1
[이주의 키워드] 스페이스X 기업공개(IPO),"IPO 규모는 750억 달러, 우리 돈으로 약 113조원으로 추산된다. 이는 2019년 사우디아라비아 아람코가 기록했던 294억 달러의 두 배를 훨씬 웃도는 수준이다. 블룸버그 등 외신에서는 스페이스X가 성공적으로 상장을...",https://www.sisajournal.com/news/articleView.html?idxno=368812,5,,1
"[더벨][인사이드 헤지펀드] 에이원운용, 하이일드펀드로 자금몰이",코스닥벤처펀드가 코스닥 상장 물량에 한해 우선 배정을 받는 것과 달리 하이일드 펀드는 코스피 물량의 5... 기초자산인 BBB급 채권에서 약 5%대 금리를 확보한 데다 IPO 확약 전략이 성과로 이어진 결과다.,https://www.thebell.co.kr/free/content/ArticleView.asp?key=202604072235044400102971,11,,1
"랩인큐브, 미래에셋증권과 상장 주관 계약…MOF 기반 소재 플랫폼 고도...",MOF 기반 다공성 신소재 전문기업 랩인큐브가 미래에셋증권과 IPO 대표주관사 계약을 체결하고 코스닥 상장 준비에 본격 착수했다. 랩인큐브는 기술특례상장을 통해 코스닥 입성을 추진할 계획이다. 회사는 최근...,http://www.medisobizanews.com/news/articleView.html?idxno=137064,6,,1
"스페이스X 상장 뒤 주식 1조 달러 증시에 풀리나, 초기 투자자 차익실현...",이는 역사상 최대 규모 상장이지만 스페이스X의 전체 주식 수와 비교하면 5% 미만에 그친다. 세마포어는 기업공개(IPO) 과정에서 일반적으로 전체 지분의 20% 이상이 신주로 발행된다는 점을 고려하면 이례적이라고...,https://www.businesspost.co.kr/BP?command=article_view&num=435410,6,,1
"랩인큐브, 시리즈B 이어 IPO 시동···미래에셋증권과 대표주관 계약","최경민 대표는 ""이번 IPO 추진은 단순한 상장 절차를 넘어 랩인큐브의 기술력과 사업성을 자본시장에서 공식적으로 인정받는 과정""이라며 ""글로벌 시장에서 경쟁력을 갖춘 소재 플랫폼 기업으로 성장해 나가겠다""고...",https://www.enetnews.co.kr/news/articleView.html?idxno=48703,4,,1
"[스타트업 레이더] 비전 AI 강자 슈퍼브에이아이, 피지컬 AI로 기업가치...","이러한 사업 확장성을 바탕으로 지난해 12월 한화자산운용의 벤처 펀드, 포스코기술투자 등으로부터 140억원 규모의 Pre-IPO(상장 전 지분 투자)를 유치했다. 현재까지 회사의 누적 투자 유치 금액은 630억원 규모다....",https://www.ebn.co.kr/news/articleView.html?idxno=1704882,4,,1
"제미니 거래소, 해외 사업부 인수 타진…유럽·영국 라이선스 수요↑",제미니는 2025년 9월 기업공개(IPO) 당시 공모가 28달러로 상장해 첫날 37달러를 웃돌며 거래를 시작했으나 이후 하락세로 전환됐다. 현재 주가는 약 4.36달러로 공모가 대비 80% 이상 낮은 수준이다. 다만 이날 관련 소식이...,https://www.digitaltoday.co.kr/news/articleView.html?idxno=655602,6,,1
[N2 숏폼] 스페이스X IPO 초읽기…스피어·미래에셋 ‘우주 잭팟’ 터지...,몸값 2600조 글로벌 최대 IPO 우주 밸류체인 전면 재평가 아르테미스 2호 발사도 수혜 [뉴스투데이=염보라 기자 / 영상= 강태임] 올해 글로벌 기업공개(IPO) 시장의 최대 이벤트로 꼽히는 스페이스X 상장이 가시권에...,https://www.news2day.co.kr/article/20260410500067,4,,1
"아델, 490억 규모 프리IPO 유치…코스닥 상장 본격화",알츠하이머병 등 중추신경계(CNS) 혁신 신약 개발 전문 기업 아델이 약 490억원 규모의 프리IPO(상장 전 지분투자)를 성공적으로 마무리했다고 9일 밝혔다. 기관투자가 15곳이 참여해 당초 목표액이었던 400억원보다...,https://www.hankyung.com/article/202604099269r,6,,1
‘몸집’ 불린 토스 임직원 2000명 육박… 나스닥 상장 위한 ‘기술·조...,“단순 IPO 준비보다는 본업 경쟁력 강화 차원”이라고 선을 그었다. 하지만 업계에서는 이번 인력 보강을 미국 증시 상장을 염두에 둔 포석으로 보고 있다. 토스는 최근 미국 증권거래위원회(SEC) 신고와 나스닥 상장...,https://www.etoday.co.kr/news/view/2574337,4,,1
빗썸 사고가 바꾼 '코인 거래' 룰···앞으로 어떻게 바뀌나,다만 이번 사고로 인한 신뢰 타격을 의식한 듯 당초 계획했던 상장(IPO) 일정은 뒤로 미뤄졌다. 빗썸 측은 내년까지 내부통제 체계를 철저히 강화한 뒤 기업 가치를 제대로 인정받아 상장을 추진하겠다는 입장이다. 한편...,https://www.smartbizn.com/news/articleView.html?idxno=141623,4,,1
일론 머스크 '제국 통합' 현실화되나…스페이스X·테슬라 합병설 재부상,"브렛 존슨(Bret Johnsen) 스페이스X 최고재무책임자(CFO)는 상장을 통해 혁신 속도를 높일 수 있다고 밝혔다. 그는 IPO 이후 스타십 발사 확대, 우주 기반 AI 데이터센터 구축, '문베이스 알파'(Moonbase Alpha) 조성, 화성 유...",https://www.digitaltoday.co.kr/news/articleView.html?idxno=655569,4,,1
"日 세븐일레븐, 북미 IPO 연기…실적 부진 영향",기업공개(IPO)를 연기했다. 9일(현지시간) 파이낸셜타임스(FT)에 따르면 세븐앤아이는 북미 편의점 사업을 담당하고 있는 미국 자회사 ‘세븐일레븐 Inc’의 상장 시점을 올해 하반기에서 내년 3월 이후로 미루겠다고...,https://zdnet.co.kr/view/?no=20260410085424,5,,1
[라이너 IPO] 예비 유니콘 선택은 KB증권,"기업용 AI 에이전트 솔루션 전문기업 스마트마인드, AI 푸드테크 기업 비트코퍼레이션 등과도 상장을 준비하고 있다. 라이너의 IPO 청사진을 그려낼 핵심 레퍼런스를 갖췄다는 평가다. 세일즈 역량도 주효했던 것으로...",https://dealsite.co.kr/articles/159945,4,,1
"키움證 “세아베스틸지주, 2분기 수익성 개선·스페이스X 상장 수혜 기대...","키움증권은 10일 세아베스틸지주에 대해 2분기 주요 제품들의 수익성이 개선되고, 스페이스X 상장에 따른... 주가 상승 동력으로는 올해 6월로 예정된 스페이스X의 기업공개(IPO)가 꼽혔다. 세아베스틸지주는 미국...",https://biz.chosun.com/stock/stock_general/2026/04/10/FZMXT33WB5B55NI3VBG3BNMQ24/?utm_source=naver&utm_medium=original&utm_campaign=biz,5,,1
"[단독] 미래에셋, 中 '항저우 6룡' 중 한 곳인 매니코어 IPO 투자","분야의 IPO에 적극 참여하고 있다. 매니코어 테크는 이번 상장을 통해 약 1억6100만주를 공모할 예정이다. 홍콩 공모 물량은 1606만2000주(10%), 국제 공모 물량은 1억4500만주(90%)다. 공모주 발행가는 주당 최고 7....",https://www.theguru.co.kr/news/article.html?no=100410,4,,1
"스트라드비젼 ""증권신고서 제출로 공모 절차 돌입""",ⓒ스트라드비젼  스트라드비젼은 지난 9일 금융위원회에 증권신고서를 제출하고 상장 공모 절차에 들어갔다고 10일 밝혔다. 이번 IPO를 통해 공모하는 주식 수는 총 700만주다. 희망 공모가 범위는 1만2400원에서...,https://daily.hankooki.com/news/articleView.html?idxno=1356916,18,,1
"[애널픽] ""스페이스X 상장에 우주산업 밸류 재평가...수혜 ETF는?""","있는 KODEX 미국우주항공 ETF가 투자대안이 될 수 있다""고 제안했다. 이 ETF는 미국 상장 우주항공 기업들에 집중 투자하는 ETF로, SpaceX IPO로 촉발될 섹터 전반 리레이팅 모멘텀의 수혜가 가능하다는 설명이다.",https://theviewers.co.kr/View.aspx?No=4036805,4,,1
"[인터뷰] 황유선 HB인베스트 대표 ""1500억 펀드 장착…AUM 1조 도약 변곡...","올해는 다수 포트폴리오에서 기업공개(IPO)를 통한 회수 기대감도 커지고 있다. 상장 예비 심사를 통과해 상장을 앞둔 기업으로는 세미티에스, 피스피스스튜디오, 마키나락스 등이 있다. 기술성 평가를 통과한...",https://www.topdaily.kr/articles/109623,4,,1
"세미티에스 ""AMHS 선도 기업으로 도약할 것""…반도체 물류 '게임체인저...","세미티에스는 9일 서울 여의도에서 기업공개(IPO) 기자간담회를 열고 핵심 경쟁력과 상장 이후 성장 전략을 공개했다. 회사는 스팩(엔에이치스팩29호) 소멸 합병 방식으로 상장을 추진 중이며, 오는 4월 17일 주주총회를...",https://www.thepublic.kr/news/articleView.html?idxno=300641,4,,1
월가서 사모펀드 신용 '역배' 파생 출시...금융·은행·보험 등 편입,그동안 헤지펀드들은 개별 주식이나 채권을 공매도하는 방식으로 사모신용 시장 위험에 대응했지만 거래 비용과 접근성 측면에서 한계가 있었다. 은행권도 이번 지수를 거래 상품으로 활용하는 동시에 사모신용 관련...,https://www.slist.kr/news/articleView.html?idxno=730906,10,,1
"월가, '부실 경고음' 사모신용 하락 베팅 파생상품 만든다","그동안 헤지펀드들은 개별 주식이나 채권을 공매도하는 방식으로 사모신용 시장 위험에 대응해왔지만, 거래 비용과 접근성 제약으로 한계가 있었다. 은행들 역시 이번 지수를 거래 상품으로 활용하는 동시에...",https://www.yna.co.kr/view/AKR20260411016000072?input=1195m,11,,1
"팔란티어 오늘도 2% 하락, 3일 연속↓ 5일간 14% 폭락",‘빅 쇼트’로 널리 알려진 마이클 버리가 미증시의 대표적 인공지능(AI) 수혜주 팔란티어에 공매도를... 이는 버리가 최근 팔란티어에 대한 공매도를 더욱 강화했다고 밝혔기 때문이다. 전일 버리는 X를 통해 “AI...,https://www.news1.kr/world/usa-canada/6132972,3,,1
앤스로픽도 자체 칩 개발 검토…AI 빅테크 ‘탈엔비디아’ 가속,■ 韓 반도체·화학주 공매도 집중과 혼합형 ETF 자금 유입 확대: 한미반도체(042700)·코오롱인더스트리 등에 공매도 순보유 잔액 비중이 6거래일 연속 상위권을 유지하며 수급 부담이 이어지고 있다. 이와 함께 미...,https://www.sedaily.com/article/20031196?ref=naver,3,,1
"트럼프 ""팔란티어, 전투 능력 입증""… 찬사에도 주가는 이번 주 15% 급락","공매도 투자자로 유명한 마이클 버리는 팔란티어 주가 하락에 베팅하며 ""이 회사의 본질 가치는 주당 50달러 이하""라고 주장했다. 팔란티어 주가는 현재 약 127달러 수준에서 거래되고 있다.",https://www.newsis.com/view/NISX20260411_0003587040,5,,1
"숏 청산 폭발 직전...파생상품, 비트코인 '강제 상승' 트리거 되나","가격이 일정 구간을 돌파할 경우 공매도 포지션이 연쇄적으로 청산되며 추가 매수 압력을 유발하고, 이는 가격을 더 끌어올리는 폭발적 상승으로 이어질 수 있다. 실제로 파생상품 시장에서 공매도 비중이 높은...",http://coinreaders.com/230055,3,,1
"인스코비, 제3자배정 방식으로 유상증자 결정","청약이 금지되는 공매도 거래 기간해당여부아니오시작일-종료일-19. 공정거래위원회 신고대상 여부미해당20. 기타 투자판단에 참고할 사항 (1) 본 유상증자결정은 공모금액이 10억원 미만으로서, 증권신고서를...",https://www.digitaltoday.co.kr/news/articleView.html?idxno=655988,3,,1
"썸에이지, 유상증자 결정 발표…980만주 발행 예정",청약이 금지되는 공매도 거래 기간해당여부예시작일2026년 04월 11일종료일2026년 07월 29일23. 공정거래위원회 신고대상 여부미해당24. 기타 투자판단에 참고할 사항 가 . 신주발행가액 산정방법 '증권의 발행 및 공시...,https://www.digitaltoday.co.kr/news/articleView.html?idxno=655971,3,,1
"[올댓차이나] 대만 증시, 중동협상 기대에 나흘째 상승 최고치 경신…1...","애널리스트는 시황에 관해 ""3월 약세로 누적된 공매도 물량이 최근 투자심리 개선에 따른 숏커버링으로 이어지며 ‘숏 스퀴즈’ 성향의 상승을 이끌고 외국인도 순매수로 전환해 매수세가 지속되고...",https://www.newsis.com/view/NISX20260410_0003586923,3,,1
"뉴로핏, 유상증자 결정…제3자배정 통해 159억9965만4996원 조달",청약이 금지되는 공매도 거래 기간해당여부아니오시작일-종료일-19. 공정거래위원회 신고대상 여부미해당20. 기타 투자판단에 참고할 사항 1. 의결권에 관한 사항 본건 우선주는 의결권이 없다. 2. 배당에 관한 사항 가....,https://www.digitaltoday.co.kr/news/articleView.html?idxno=655905,3,,1
"티엘비, 주주배정후 실권주 일반공모 유상증자 및 1대 1 무상증자 결정",청약이 금지되는 공매도 거래 기간해당여부예시작일2026년 04월 13일종료일2026년 07월 01일23. 공정거래위원회 신고대상 여부미해당주) 구주주 청약 및 초과청약 결과 발생한 실권주에 대해 2026년 07월 09일부터 07월...,https://www.digitaltoday.co.kr/news/articleView.html?idxno=655900,3,,1
"""공매도 세력 전멸""...비트코인, 결국 8만 달러 벽 부순다","지난 24시간 동안 2억 4,789만 달러 규모의 공매도 포지션이 강제 청산되었다. 이는 전체 청산액인 3억 4,010만 달러의 73%에 해당한다. 총 12만 3,299명의 트레이더가 포지션 강제 종료로 막대한 손실을 입었다....",http://coinreaders.com/230021,4,,1
"애니메디솔루션, 유상증자 통해 2억7000만원 운영자금 조달",청약이 금지되는 공매도 거래 기간해당여부아니오시작일-종료일-19. 공정거래위원회 신고대상 여부미해당20. 기타 투자판단에 참고할 사항 가. 신주 발행가액 산정근거상기 발행가액은 예정발행가액이며 추후...,https://www.digitaltoday.co.kr/news/articleView.html?idxno=655880,3,,1
"""테슬라 숏 치다 망하더니 또?""…마이클 버리의 팔란티어 저격, 치명적...","과거 일론 머스크의 테슬라가 고평가되었다며 대규모 풋옵션(공매도)을 걸었다가, 혁신 기업의 성장 속도를 오판해 주가 폭등의 쓴맛을 보고 조용히 포지션을 청산한 흑역사는 월가에서 유명하다. 거시 경제의 거품을...",http://www.fnnews.com/news/202604092356282346,4,,1
반등장서 더 커진 공매도 베팅…한미반도체·코오롱인더 ‘표적’,이달 들어 한미반도체(042700)와 코오롱인더(120110)스트리·삼화콘덴서(001820) 등 반도체와 화학 일부 종목에 공매도 세력의 포지션이 집중된 것으로 나타났다. 주가가 반등하는 구간에서도 공매도 순보유 잔액...,https://www.sedaily.com/article/20031093?ref=naver,4,,1
"월가 투자자 ""아마존, 엔비디아의 반도체 시장지배력 위협할 것""",레프트는 한때 활발한 공매도 활동과 소셜미디어 존재감으로 유명세를 떨쳤으나 최근에는 활동을 줄인 상태다. 그는 지난 2024년 7월 증권거래위원회(SEC)로부터 시장 조작과 증권 사기 혐의로 기소된 바 있다.,https://news.einfomax.co.kr/news/articleView.html?idxno=4408926,3,,1
"[공매도 브리핑] 4월 10일 거래대금 1조 8,205억…넷마블·메디톡스 상위","4월 10일 공매도 거래대금은 1조 8,205억 원으로 전체 거래대금 대비 3.48%를 기록했다. 전 거래일 대비 7,998억 원 감소하며 공매도 규모는 하루 만에 줄어든 모습이다. 시장별로는 코스피와 코스닥 모두 공매도...",https://www.topstarnews.net/news/articleView.html?idxno=16031161,7,,1
"라덕연, 김익래·키움증권 상대 손배소 패소","김 전 회장이 상속세를 줄이려는 목적으로 주가를 낮추기 위해 공매도를 했으며, SG증권에서 차액결제거래(CFD) 반대매매가 발생해 주가가 폭락했다는 것이다. SG증권발 주가 폭락 사태는 2023년 4월 24일 SG증권 창구를...",https://www.cstimes.com/news/articleView.html?idxno=701644,4,,1
깊이가 다른 글로벌 투자 정보 GAM - 맛보기편 (4/10),(빨강)와 공매도 물량(검정) 및 유통주식 수 대비 공매도 비중(파랑) [자료=블룸버그] [AI의 종목 이야기] 유니클로 모회사 패스트 리테일링 사상 최고치 패스트 리테일링 주가 추이 [자료=블룸버그] [AI의 종목...,https://www.newspim.com/news/view/20260410000860,5,,1
"‘SG발 주가조작’ 라덕연, 김익래 상대 손배소 패소","김 전 회장이 상속세를 줄이려는 목적으로 주가를 낮추기 위해 공매도를 했고, SG증권에서 차액결제거래(CFD) 반대매매가 발생해 주가가 폭락했다는 주장이다. 검찰은 지난 2024년 김 전 회장이 계열사인 키움증권을...",https://www.kmib.co.kr/article/view.asp?arcid=0029661421&code=61121311&cp=nv,4,,1
"'SG증권 사태' 라덕연, 김익래·키움증권 상대 손배소서 패소","라 전 대표는 김 전 회장이 상속세를 줄이려는 목적으로 주가를 낮추기 위해 공매도를 했고, SG증권에서 차액결제거래(CFD) 반대매매가 발생해 주가가 폭락했다고 주장하며 김 전 회장을 SG발 주가 폭락 사태의 배후로...",https://www.mt.co.kr/society/2026/04/10/2026041015564930387,4,,1
"[Stock Tracking] 로킷헬스케어, 삼천당제약 학습효과? 공매도 잔고 변동...",600억원 규모 RCPS 발행 이후 늘어난 대차거래 잔고가 공매도 우려를 키우면서다. 이에 따라 최근 5거래일... 한국거래소 통계에 따르면 공매도 진입 정도를 파악할 수 있는 '공매도 순보유 잔고수량'은 RCPS 자금...,https://www.greened.kr/news/articleView.html?idxno=339097,9,,1
"'SG發 주가폭락' 라덕연, 김익래·키움증권 상대 손배소 패소","김 전 회장이 상속세를 줄이기 위해 공매도를 했고, SG증권에서 차액결제거래(CFD) 반대매매가 발생해 주가가 폭락했다는 것. 라 전 대표 측은 주가 폭락 사태 전 김 전 회장 등이 이미 많은 이득을 취했고, 불법...",https://www.dailian.co.kr/news/view/1632117/?sc=Naver,4,,1
"트럼프 발언 15분 전 ""원유에 1조 베팅""...수상한 거래 포착",유가하락을 예상하고 공매도에 나섰다는 의미로 해석된다. 더불어 예측시장 플랫폼인 폴리마켓 내에서 계정 3개가 이란 휴전 타이밍을 정확히 맞혀 60만달러(8억9000만원)이상의 수익을 올린 사례도 있었다. 이러한...,https://www.mt.co.kr/world/2026/04/10/2026041010540845914,4,,1
"'SG발 폭락' 라덕연, 김익래·키움증권 등에 손해배상 청구 패소","라씨는 김 전 회장이 상속세를 줄이려는 목적으로 주가를 낮추기 위해 공매도를 했고, SG증권에서 차액결제거래(CFD) 반대매매가 발생해 주가가 폭락했다고 주장하며 김 전 회장을 SG발 주가 폭락 사태의 배후로...",https://www.newsis.com/view/NISX20260410_0003586324,4,,1
[AI의 종목 이야기] CATL '깜짝 실적' 앞두고 숏스퀴즈 불안감,"가운데, 공매도 잔량이 홍콩 상장 이후 최고 수준에 근접해 있기 때문이다. S3 파트너스(S3 Partners) 데이터에 따르면 홍콩 증시에 상장된 CATL 주식의 공매도 잔량은 약 2930만 주로, 지난해 5월 홍콩 상장 이래...",https://www.newspim.com/news/view/20260410000780,5,,1
"골드만 ""CTA, 다음주 S&P500 주식 340억弗 매수 예상""",이 은행은 자사 모델로 예측한 결과 CTA가 S&P500지수에 대해 300억달러 규모의 공매도 포지션을 보유하고 있다며 예상되는 매수세로 인해 이러한 공매도 포지션이 청산되고 매수 포지션으로 전환될 것이라고...,https://news.einfomax.co.kr/news/articleView.html?idxno=4408865,8,,1
[비트버니 퀴즈 정답] 오퀴즈 4월10일 정답 공개,"정답: 주가순자산비율 문제: 주식 공매도는 주가가 오를 것을 기대하고 하는 투자 방법이에요. 정답: X 비트버니 오퀴즈는 재미와 실질적인 혜택을 동시에 제공하는 서비스로, 누구나 쉽게 이용할 수 있다. 퀴즈는 사전...",https://www.stardailynews.co.kr/news/articleView.html?idxno=531305,5,,1
[비트버니 퀴즈] 오늘의 퀴즈 최신 정답 4월 10일 공개,"정답: 주가순자산비율 문제: 주식 공매도는 주가가 오를 것을 기대하고 하는 투자 방법이에요. 정답: X 비트버니 오퀴즈는 매일 새로운 문제를 출제하며, 적립한 포인트는 기프티콘, 상품권 등으로 교환할 수 있다....",https://www.joongangenews.com/news/articleView.html?idxno=510554,5,,1
"비트버니 퀴즈 정답, 4월 10일 돈버는 오늘의 퀴즈 정답 확인","문제: OOOOOO이란, 기업의 장부가치 대비 시장가치 비율로, 1보다 낮으면 자산 대비 저평가됐다고 보는 지표를 말해요.정답: 주가순자산비율문제: 주식 공매도는 주가가 오를 것을 기대하고 하는 투자 방법이에요. 정답: X...",https://www.topstarnews.net/news/articleView.html?idxno=16030846,5,,1
"""비트코인 저리가라"" … 롤러코스피에 '나락' 떨어진 공매도 세력 [김병...",쳤던 공매도 세력들이 예상치 못한 폭등장에 당황하고 있다. 10일 한국거래소에 따르면 지난달 31일... 주목할 점은 공매도 세력의 움직임이다. 지난 3월 31일 삼성전자 주가가 전 거래일 대비 5.16% 급락해...,https://biz.newdaily.co.kr/site/data/html/2026/04/10/2026041000076.html,6,,1
제동 걸어도 또 걸렸다…중동 사태 터지자 공매도 과열 지정 쏟아져,올해 들어 약 100일간 유가증권시장 공매도 과열 종목 지정 건수는 115건이다. 이 중 71%에 달하는 82건이 3월 이후 두 달도 안 되는 기간에 집중됐다. 중동 사태로 유가 급등 영향을 받는 종목들을 중심으로 공매도...,https://news.einfomax.co.kr/news/articleView.html?idxno=4408766,3,,1
4월 9일 주식시장 주요공시,"제품 Nexsphere-F 일본 독점 판권 계약 ▶한진칼, 공매도 과열종목 지정 ▶ISC, 공매도 과열종목 지정 ▶캠시스, 공매도 과열종목 지정 ▶플루토스, 공매도 과열종목 지정 ▶동진쎄미켐, 공매도 과열종목 지정",https://www.catchnews.kr/news/articleView.html?idxno=122595,4,,1
미국시장 풋옵션 비중 확대…'숏스퀴즈' 반등 누릴 종목은,"오 연구원은 ""공매도 비중 증가와 함께 마이너스(-) 감마가 집중된 풋옵션 행사 가격대(각각 100달러... 그는 ""공매도 비중이 높고 최근 숏 포지션이 증가했으며 - 감마가 집중된 풋옵션 행사 가격대에서 반등했거나...",https://news.einfomax.co.kr/news/articleView.html?idxno=4408754,4,,1
[굿모닝! 글로벌 뉴욕증시] 이스라엘 레바논 휴전 추진 소식에 투심 개...,"반면, 팔란티어 테크놀로지(-7.30%)는 美-이란 휴전 합의로 방산 프리미엄이 소멸된 가운데, 마이클 버리가 팔란티어 주가가 거품 수준이라며 공매도 포지션을 취한 것으로 전해지며 급락했다.",https://www.newsquest.co.kr/news/articleView.html?idxno=264513,4,,1
"정성호 ""전국 18개 지검에 물가담합 전담팀 즉시 가동""","전담팀은 유가 담합과 지역 토착 비리, 불공정거래 범죄 등을 집중적으로 수사할 방침이다. 검찰은 앞서 설탕과 밀가루 등 생필품 담합 사건을 적발한 데 이어, 서민 경제에 부담을 주는 담합 행위에 대한 단속을...",https://www.daejonilbo.com/news/articleView.html?idxno=2268351,3,,1
가상자산거래소 지분 규제는 적절한 해법일까,"고객 자산과 회사 자산의 분리 보관, 상장 심사의 독립성 확보, 시장 불공정거래에 대한 엄격한 규제 등 보다 직접적인 규제 수단은 이미 존재한다. 투자자 보호라는 정책 목표를 생각한다면 지분 구조를 일률적으로...",https://www.lawtimes.co.kr/news/articleView.html?idxno=219090,6,,1
"지정학적 긴장 완화에 7만달러 돌파, 비트코인 상승의 진짜 이유[엠블록...",부과 불공정 거래 금지 조항과 정책 조율용 ‘디지털자산위원회’ 신설 포함 통과 시 규제 명확성 확보되나 진입장벽 상승…시장 구조 재편 본격화 전망 디지털자산기본법 통합안 세부 내용…원화코인 외환규율·RWA...,https://www.mk.co.kr/article/12014109,2,,1
"일본, 가상자산 ‘금융자산’ 분류 추진…내부자거래 규제·세제 개편 ...","비공개 정보를 이용해 거래 이익을 얻는 행위를 막아, 시세 조작과 불공정 거래를 줄이겠다는 의미다. 거래소와 발행사에는 더 엄격한 공시 의무도 부과될 전망이다. 운영 현황과 토큰 관련 활동을 더 자세히 공개하도록...",https://www.tokenpost.kr/news/policy/348096,4,,1
금감원 특사경 인지수사 가동 코앞인데…조직정비는 ‘지지부진’,다만 주가조작 등 불공정거래 척결 속도를 높일 수 있는 통로가 확보됨에도 이에 맞게 수사를 진행할 현장 인력과 조직 개편은 지지부진한 상황이다. 10일 금융당국에 따르면 지난 8일 금융위원회 산하 증권선물위원회...,https://www.mk.co.kr/article/12013939,23,,1
금감원 특사경 인지수사 초읽기 … 조직개편은 지지부진,다만 주가조작 등 불공정거래 척결 속도를 높일 수 있는 통로가 확보됨에도 이에 맞게 수사를 진행할 현장 인력과 조직개편은 지지부진한 상황이다. 10일 금융당국에 따르면 지난 8일 금융위원회 산하 증권선물위원회...,https://www.mk.co.kr/article/12013884,23,,1
"민형배, 소상공인·장애인·청년 정책행보 박차","해소 ▲플랫폼 불공정 거래 관행 개선 법률 제정 등을 건의했다. 연합회는 ""현장의 절박함이 실질적인 정책으로 반영되길 바란다""고 밝혔고, 민 경선후보는 ""소상공인들의 위기는 생존과 직결된 문제""라며 ""제안들을...",http://www.newsworker.co.kr/news/articleView.html?idxno=421560,0,,0
"중기연, 식자재마트 ‘묻지마 규제’ 경계… “법적 정의부터 명확히 해...",현재 논의되는 문제들은 입점 갈등부터 불공정 거래까지 다양하게 얽혀 있어 일률적인 규제 적용이 어렵다는 해석이다. 법적 근거가 약한 상태에서 면적 기준으로만 제한하면 일반 동네 슈퍼까지 규제 그물에 걸릴...,https://www.nspna.com/news/?mode=view&newsid=809335,0,,0
"법무법인 태평양, 최광식 전 금감원 국장 영입",최근 자본시장에서는 불공정거래와 회계 규제 강화로 금융 리스크가 조사∙제재∙수사 단계까지 확대되고 있다. 이에 따라 기업들은 초기 대응 단계부터 전략적인 대응 체계를 마련해야 하는 환경에 놓여 있다. 태평양은...,https://www.lawtimes.co.kr/news/articleView.html?idxno=219209,10,,1
"[PICK! 이 안건] 김성원 등 10인 ""가상자산산업의 건전성 및 경쟁력 향상...","김 의원 등은 제안이유에 대해 ""현재 특정금융정보법 개정을 통한 가상자산사업자 신고제가 시행되어 자금세탁방지 규제가 도입되어 있고, 가상자산이용자보호법 제정에 따른 최소한의 이용자 자산보호 및 불공정거래행위...",https://www.jeonmae.co.kr/news/articleView.html?idxno=1247008,9,,1
"[Biz&Law] 하이브, BTS 美투어 전 '짝퉁 굿즈' 선제적 법적 대응","하이브는 법적 청구원인으로 ▲랜햄법 위반 ▲불공정 경쟁 ▲퍼블리시티권 침해 ▲플로리다 기만적·불공정한 거래관행법 위반 등을 내세우며, 법원에 피고들과 그 대리인, 직원, 협력자 전부를 상대로 BTS 이름·상표...",http://www.seoulwire.com/news/articleView.html?idxno=716332,0,,0
"방미통위, 단통법 폐지 후속 조치 완료…불법 보조금 차별 금지 명문화","이는 소비자들이 불공정한 거래를 예방하고, 합리적인 소비가 이루어지도록 도울 것으로 기대된다. 김종철 방미통위 위원장은 ""단통법 폐지 이후 소비자들에게 실질적인 혜택이 돌아가도록 하는 법적 장치를 마련했다""며...",http://www.popcornnews.net/news/articleView.html?idxno=118047,0,,0
정유업계 사후정산 관행 없앤다...공정위와 상생협약 체결,또한 유통·납품 과정에서 불공정거래행위가 계속될 경우 지속적으로 점검할 방침이다. 정유업계의 사후정산 폐지 및 혼합판매 전환은 주유소 경영 리스크 축소와 소비자 가격 경쟁 촉진으로 이어질 가능성이 크다. 다만...,https://www.todayenergy.kr/news/articleView.html?idxno=296427,3,,1
보험사 '생산적 금융' 빗장 풀리나…위험계수 완화 논의는 '신중',"이번 논의의 핵심은 지급여력(K-ICS·킥스)제도의 '위험계수' 조정이다. 위험계수는 자산별 위험 수준에 따라 보험사가 추가로 적립해야 하는 자본 규모를 결정하는 지표다. 쉽게 말해, 위험한 자산에 투자할수록 손실에...",http://www.ftoday.co.kr/news/articleView.html?idxno=357540,4,,1
다시 시동거는 보험사 M&A···이번엔 팔릴까,지난해 말 기준 이 보험사의 경과조치 전 지급여력비율(K-ICS·킥스)는 70.99%를 기록했다. 한 해 전과 비교해 29%포인트 가까이 상승했지만 여전히 법적 기준치인 100%에 한참 미치지 못했다. 물론 KDB생명은 킥스 제도 중...,https://www.sisajournal-e.com/news/articleView.html?idxno=420410,3,,1
보험사 매물 줄줄이 … '인수 후보' 한투지주에 시선 집중,뉴데일리 박정연 기자 = 보험사 인수·합병(M&A) 시장에 매물이 잇따라 나오고 있지만 자본 확충 부담과... 롯데손보의 킥스 비율은 지난해 1분기 말 119.9%까지 떨어졌다가 연말 기준 159.3%로 회복됐다. 다만 당국의...,https://biz.newdaily.co.kr/site/data/html/2026/04/10/2026041000147.html,3,,1
"내 실손보험, 몇 세대인지 아시나요","물론 당연히 보험료는 더 저렴해진다. 실손보험은 겉으로 보면 비슷해 보이지만, 가입 시기에 따라 세부 조건이 다르다. 이른바 ‘세대’에 따라 자기부담금 수준, 면책기간, 갱신방식, 재가입형 여부 등이 달라진다. 초기...",https://www.joongang.co.kr/article/25419292,2,,1
"[이슈] ""퇴직 후 보험 공백 막는다더니""…단체→개인 실손보험 전환 '높...","이로 인해 보험 가입자들의 '이중 보험료' 부담도 커지고 있다. 금감원에 따르면 실손보험 중복 가입자는 약 130만 명 수준이며, 이 가운데 상당수가 단체보험과 개인보험을 동시에 유지하고 있는 것으로 추산된다. 퇴직 시...",https://www.polinews.co.kr/news/articleView.html?idxno=728072,8,,1
"'정보유출' 신한카드, 국가 AI 협의체 참여 제약 없던 이유","개보위 조사, 금감원 검사, 경찰 수사가 동시에 진행 중이지만 어느 것도 결론이 나지 않은 현재, 신한카드의 사업 활동에는 법적 제약이 없다. 같은 금융업이라도 증권사·운용사는 내부통제 부실만으로 업무 일부...",http://www.fieldnews.kr/news/articleView.html?idxno=27888,12,,1
"[TBS 봉지욱의 봉인해제] 서영교 위원장 ""박상용 위증 고발...용산 몸통...",◆봉지욱 : 그러니까 윤석열이 취임하자마자 검사들 인사를 내가지고 국정원에 보낸다든지 뭐 금감원장은 또 이복현 전 검사였잖아요. 이게 취임하자마자 정적 이재명을 제거하기 위해서 아주 그냥 조직적으로 움직인 게...,http://tbs.seoul.kr/news/newsView.do?typ_800=9&idx_800=3536163&seq_800=20529041,6,,1
덩치 키우는 대형GA…'소비자보호' 질적 성장 과제,"금감원은 지난달 업무설명회에서도 ""1200%룰을 앞두고 설계사 스카우트 유치를 위한 정착지원금 과당경쟁이 나타나고 있다""면서 불건전 영업 행위에 대한 보험사·GA 현장검사를 예고했습니다. 보험사의 판매 위탁 시...",http://www.newstomato.com/ReadNews.aspx?no=1297439&inflow=N,9,,1
"롯데카드, 4.5개월 영업정지 중징계…'홈플러스' MBK 책임론 재점화","당초 롯데카드는 유출 데이터 용량을 1.7GB로 보고했으나, 금감원의 현장 검사 결과 실제 유출 규모는 약 200GB에 달하는 것으로 드러났다. 보고치보다 100배가 넘는 정보가 빠져나간 사실이 확인되면서 금융당국의 신뢰를...",http://www.newsroad.co.kr/news/articleView.html?idxno=57681,7,,1
롯데카드 중징계 국면...다시 커진 MBK 책임론,금감원은 사고 이후 수시검사를 통해 보안 체계와 내부 통제 전반을 점검해왔다. 개인정보 보호 조치의 적정성과 전자금융거래 안정성 확보 의무 이행 여부 등이 주요 점검 대상이었다. 관련 법상 위반이 인정될 경우...,https://www.ekn.kr/web/view.php?key=20260410023285929,7,,1
"NH증권, 회사채 발행·운용 내부통제 미흡 '경영유의'","(사진=연합뉴스) 금감원 검사결과 이 증권사는 수요예측을 통해 배정받은 공모 회사채를 취득한 후 단기간 내에 매도하는 과정에서 왜, 팔았는지에 대한 사유 기록이나 거래 상대방에 대한 정보 관리를 제대로 하지 않았다....",http://www.nongaek.com/news/articleView.html?idxno=95058,15,,1
[뉴공 아카이브]퍼니포: 서울중앙지검서 확인한 ‘남욱 구금 고문’ 의...,"박상용 검사실 가야 되고. 진술 세미나 했던 그 장소를 온 국민에게 보여줄 필요가 있다, 라고 해서 이제... 가장 대표적으로 금감원에 주가, 처음에 이 사람들 수사한 것도 수원지검에서 2022년 10월에 자기네들...",http://www.ddanzi.com/878482369,7,,1
"금감원, '해킹' 롯데카드에 영업정지 4.5개월 사전통지","앞서 금감원은 지난해 9월 롯데카드 해킹사고로 전체 고객의 1/3 수준인 297만명의 정보가 유출된 이후 같은해 12월까지 사고·정기검사를 진행했다. 금감원은 여신전문금융업법과 신용정보법, 전자금융거래법 등 위반...",https://www.nocutnews.co.kr/news/6500013?utm_source=naver&utm_medium=article&utm_campaign=20260410091313,7,,1
“빗썸 너네 잘못이잖아”…‘오지급 비트코인’ 7억 반환 거부한 사용...,"업계는 긴급대응반을 꾸려 거래소 시스템 전반을 대상으로 한 전수 점검에 착수해 시스템 취약성과 내부통제 운영 미비를 포착했다. 금감원은 빗썸에 대한 검사를 마무리했고, 제재 절차에 착수한 것으로 알려졌다.",https://www.mk.co.kr/article/12013313,6,,1
"금감원, ‘개인정보 유출’ 롯데카드에 영업정지 4.5개월 사전 통지","▲ [사진=연합뉴스] 이는 '금융기관 검사 및 제재에 관한 규정'에 따른 조치로, 금감원은 오는 16일 제재심의위원회에 해당 안건을 상정해 논의할 예정이다. 이번 제재는 지난해 9월 발생한 해킹 사고에 따른 것이다. 당시...",https://www.megaeconomy.co.kr/news/newsview.php?ncode=1065569420218148,7,,1
"롯데카드, '역대급' 중징계 벼랑 끝…'MBK 책임론' 전방위 확산","10일 금융권에 따르면, 금감원은 오는 16일 제재심의위원회에서 영업정지 4.5개월과 과징금 50억원, 인적 제재 등이 담긴 중징계 안건을 상정해 논의할 예정이다. 이미 제제안을 롯데카드에 사전 통지한 상황으로, 최종...",https://www.apnews.kr/news/articleView.html?idxno=3047728,7,,1
'정보 유출' 롯데카드 4.5개월 영업정지 통지에 MBK 책임론 재점화,금감원은 오는 16일 제재심의위원회를 열고 제재안을 논의할 것으로 전망된다. 이후 금융위원회 정례회의 의결을 거쳐 제재가 최종 확정될 예정이다. 2014년 카드사 고객 정보 유출 사태 이후 가장 강도 높은 수준의...,https://zdnet.co.kr/view/?no=20260410170853,22,,1
"MBK, 홈플러스 이어 롯데카드 제재 논란까지⋯재점화되는 책임론",금감원은 오는 16일 제재심의위원회를 열어 관련 안건을 심의할 예정이다. 이후 금융위원회 정례회의 의결을 거쳐 최종 제재 수위가 확정된다. 시장에서는 롯데카드 최대주주인 MBK의 책임 범위를 두고도 다시 시선이...,http://www.inews24.com/view/1959243,19,,1
MBK 책임론 다시 부상…롯데카드 중징계 수순에 홈플러스 사태까지 재소...,"금융권 등에 따르면 금감원은 최근 롯데카드에 영업정지 4.5개월, 과징금 약 50억 원, 인적 제재 등을 포함한 제재안을 사전 통지한 것으로 전해졌다. 제재안은 오는 16일 제재심의위원회 논의를 거쳐 이후 금융위원회...",https://www.nbntv.kr/news/articleView.html?idxno=339859,19,,1
"‘개인정보 유출’ 롯데카드, 영업정지·과징금 등 제재 통보… 최대주...",금감원은 오는 16일 제재심의위원회를 열어 제재 수위를 논의하고 이후 금융위원회 의결을 거쳐 제재를 최종적으로 확정할 예정이다. 롯데카드는 MBK파트너스가 특수목적법인(SPC)인 한국리테일카드홀딩스를 통해 약 59.8...,https://www.donga.com/news/Economy/article/all/20260410/133716466/1,19,,1
"금감원, 롯데카드 개인정보 유출사고 제재안 사전통보…MBK 책임 경영 재...",금감원은 최근 롯데카드에 영업정지를 비롯해 과징금 50억원과 인적 제재 등이 포함된 제재안을 사전 통보했다. 사전 통지 단계로 오는 16일 제재심의위 심의 절차를 거쳐 확정 된다. 앞서 개인정보보호위원회도...,http://www.joseilbo.com/news/news_read.php?uid=566349&class=17&grp=,6,,1
[지평선] 결과만 묻는 제재의 부작용,"□ 금감원이 고객 개인 정보가 유출된 롯데카드에 영업정지 등 고강도 제재안을 사전 통보했다. 롯데카드는 사고 인지 후 곧바로 신고하고 고객 보호 조치에 착수, 실질적 피해는 한 건도 없다고 밝혔다. 사고를...",https://www.hankookilbo.com/news/article/A2026040916510001318?did=NA,6,,1
"KB증권, 펀드 판매하며 TRS 수수료 숨겨…금감원 제재","금감원은 지난 7일 관련 책임자에 대해 퇴직자 기준 견책 상당 1명, 주의 상당 1명 등의 제재를 의결했다. '자본시장법'은 금융투자업자가 투자 권유 시 허위 또는 불완전한 정보를 제공하는 행위를 금지하고 있다....",http://www.biztribune.co.kr/news/articleView.html?idxno=352217,8,,1
"금감원, '라임펀드' KB증권 전 대표 징계..""7년만의 결론""","KB증권 관계자는 ""금감원 제재는 판매 과정에서의 부당권유 행위에 관한 건이고, 금융위 직무 정지는 내부 통제 기준 마련 의무 위반 건이라 별건으로 봐야 한다""고 밝혔다. 그러면서 금감원 제재가 7년 만에 이뤄진 데...",https://www.dailybrief.co.kr/news/articleView.html?idxno=5575,13,,1
롯데카드 '영업정지 4.5개월' 예고… 297만명 정보 유출에 역대급 중징계,"금감원은 오는 16일 제재심의위원회를 열고 해당 안건을 정식 상정할 예정이다. 기관제재 5단계 중 상위 두 번째에 해당하는 영업정지가 최종 확정될 경우, 롯데카드는 약 5개월간 신규 회원 유치와 부수 업무가 전면...",https://www.pointe.co.kr/news/articleView.html?idxno=78233,6,,1
"'라임 펀드 부당권유' 금감원, KB증권 퇴직 임원 제재","금감원은 KB증권이 이 같은 규정을 위반했다고 판단했다. 다만 제재 대상이 모두 퇴직자인 점을 감안해 징계 수위는 견책 및 주의 상당 수준으로 결정됐다. 한편, 지난 2019년 환매 중단 이후 수년이 지난 현재까지도 관련...",http://www.finomy.com/news/articleView.html?idxno=253038,6,,1
"롯데카드, 297만명 해킹 사건에도 '배짱' 이유",데일리 환경 정민오(assh1010@dailyt.co.kr) [데일리환경=정민오 기자] 2025년 8월 금융권을 뒤흔든 롯데카드 개인정보 유출 사태가 최근 개인정보보호위원회와 금감원의 제재 소식이 알려지며 겉으로는 봉합된 듯 보이지만 그...,https://www.dailyt.co.kr/newsView/dlt202604100004,7,,1
롯데카드 제재 절차 가시화…확정 시 소비자 영향은,"금감원은 오는 16일 제재심의위원회에 해당 안건을 상정할 예정이며, 이후 금융위원회 의결 등을 거쳐 최종 제재 수위가 확정된다. 다만 현재는 사전통지 단계인 만큼 롯데카드의 소명 절차를 거치면서 수위나 세부 내용이...",https://www.ntoday.co.kr/news/articleView.html?idxno=126479,19,,1
“영업정지 4.5개월 통보”…롯데카드 제재에 MBK 책임론 재점화,금감원은 오는 16일 제재심의위원회를 열어 해당 안건을 논의한 뒤 금융위원회 의결을 거쳐 최종 제재 수위를 확정할 방침이다. 이번 제재는 지난해 발생한 정보 유출 사고에 따른 조치다. 롯데카드는 2024년 8월 서버...,https://www.kyeonggi.com/article/20260410580216,19,,1
롯데카드 중징계 통보에 MBK 책임론 재점화,금감원은 오는 16일 제재심의위원회를 열어 제재안을 논의할 예정이다. 이후 금융위원회 정례회의 의결을 거쳐 최종 제재 수위가 확정된다. 금융권에서는 이번 조치가 2014년 카드 3사 고객 정보 유출 사태 이후 가장...,https://www.ddaily.co.kr/page/view/2026041015205069751,19,,1
"금감원, 증권사 6곳에 회사채 업무 '경영유의'… 내부통제 미흡","검증하는 절차를 마련하고 이를 상시 점검하도록 했다. 금감원 관계자는 ""이번 조치는 제재가 아닌 경영유의 사항으로, 회사채 시장의 공정성과 투자자 보호를 강화하기 위한 것""이라고 말했다. 유은정 기자 viayou@chosunbiz.com",https://it.chosun.com/news/articleView.html?idxno=2023092160200,15,,1
롯데카드 영업정지에 홈플러스 사태까지… 다시 불붙은 ‘MBK 책임론’,금감원은 오는 16일 제재심의위원회를 열고 안건을 논의할 예정이며 금융위원회 정례회의를 거쳐 최종 제재 수위가 결정된다. 이번 조치는 2014년 카드사 정보 유출 사태 당시 내려졌던 3개월 영업정지보다 수위가 높은...,https://www.seoul.co.kr/news/economy/2026/04/10/20260410500204?wlog_tag3=naver,22,,1
"MBK, 홈플러스 사태 이어 롯데카드 중징계 예고까지 …거세지는 '책임론...",금감원은 오는 16일 제재심의위원회를 열고 제재안을 논의할 것으로 전망된다. 이후 금융위원회 정례회의 의결을 거쳐 제재가 최종 확정될 예정이다. 이번 조치는 2014년 카드사 고객 정보 유출 사태 이후 가장 강도 높은...,http://www.fntimes.com/html/view.php?ud=2026041014263037807de3572ddd_18,22,,1
"""홈플러스 이어 롯데카드?""...MBK 관리능력 ""시험대""",금감원은 오는 16일 제재심의위원회를 열고 롯데카드에 대한 제재 방안을 논의할 것으로 전망된다. 이후 롯데카드 제재는 금융위원회 정례회의 의결을 거쳐 최종 확정될 예정이다. 이번 조치는 2014년 카드사 고객...,https://www.dailybrief.co.kr/news/articleView.html?idxno=5572,22,,1
롯데카드 중징계에 홈플러스 사태까지…MBK 책임론 재점화,금감원은 오는 16일 제재심의위원회를 열고 제재안을 논의할 것으로 전망된다. 이후 금융위원회 정례회의 의결을 거쳐 제재가 최종 확정될 예정이다. 이번 조치는 지난 2014년 카드사 고객 정보 유출 사태 이후 가장 강도...,http://www.issuenbiz.com/news/articleView.html?idxno=75453,22,,1
"MBK, '홈플러스' 사태 이어 '롯데카드' 중징계 예고까지…""거세지는 MBK ...",금감원은 오는 16일 제재심의위원회를 열고 제재안을 논의할 것으로 전망된다. 이후 금융위원회 정례회의 의결을 거쳐 제재가 최종 확정될 예정이다. 이번 조치는 2014년 카드사 고객 정보 유출 사태 이후 가장 강도 높은...,http://www.bizwnews.com/news/articleView.html?idxno=133321,22,,1
"경영 관리능력 도마에 오른 MBK...홈플러스는 기업회생, 롯데카드는 금...",금감원은 오는 16일 제재심의위원회에서 제재안을 논의할 것으로 예상된다. 이후 금융위원회 정례회의 의결을 거쳐 제재가 최종 확정될 예정이다. 강도 높은 제재안이 사전 통보된 것으로 알려지면서 MBK파트너스의...,http://www.consumernews.co.kr/news/articleView.html?idxno=753805,19,,1
[이슈+]롯데카드 '영업정지 4.5개월' 중징계 예고…MBK '책임론' 재점화,"업계 관계자는 ""사모펀드가 대주주인 금융회사의 경우 수익 극대화 과정에서 공적 기능이나 소비자 보호가 뒷전으로 밀릴 수 있다는 우려가 현실화된 사례""라며 ""금감원의 최종 제재 수위와 향후 홈플러스 회생 향방이...",https://www.businessplus.kr/news/articleView.html?idxno=110465,7,,1
"롯데카드, 4.5개월 영업정지 통보 받았지만 소명 수순","롯데카드가 금융당국으로부터 4.5개월 영업정지 등이 제재를 사전 통지받았으나 오는 16일 최종 결과가 나오면대책을 마련하겠다는 입장이다 롯데카드 관계자는 10일 데일리브리프에 ""금감원으로부터 제재와 관련 사전...",https://www.dailybrief.co.kr/news/articleView.html?idxno=5569,7,,1
"금감원, 롯데카드에 영업정지 4.5개월 포함한 제재안 사전통지… MBK 책...",금감원은 16일 제재심의위원회를 열고 제재안을 논의할 예정이다. 이후 금융위원회 정례회의 의결을 거쳐 최종 제재가 확정될 예정이다. 이번 조치는 2014년 카드사 고객 정보 유출 사태 이후 가장 강도 높은 수준의...,https://www.s-journal.co.kr/news/articleView.html?idxno=40373,22,,1
명의도용·보험사기까지...삼성생명 설계사 잇단 제재,2026.3.10./사진=삼성생명 삼성생명 소속 보험설계사들이 잇따라 금융당국 제재를 받으면서 영업 현장의... 금감원은 3월 10일에도 삼성생명 설계사에 대해 업무정지 180일 처분을 내렸다. 해당 설계사는 2021년 11월부터 2022년...,http://www.4th.kr/news/articleView.html?idxno=2110281,10,,1
롯데카드 중징계에 'MBK 책임론' 재점화…홈플러스 사태 겹악재,금감원은 오는 16일 제재심의위원회를 열어 제재안을 논의할 것으로 전망된다. 이후 금융위원회 정례회의 의결을 거쳐 제재가 최종 확정될 예정이다. 이번 조치는 2014년 카드사 고객 정보 유출 사태 이후 가장 강도 높은...,https://www.newsway.co.kr/news/view?ud=2026041011030644172,22,,1
'보안·경영 모두 흔들' 롯데카드 사태…MBK 책임론 재부상,"금감원은 오는 16일 제재심의위원회를 열어 최종안을 논의한 뒤, 금융위원회 의결을 거쳐 확정할 계획이다. 이번 조치는 2014년 카드사 개인정보 유출 사태 이후 가장 강도 높은 수준으로 평가된다. 당시 롯데카드와...",http://www.biztribune.co.kr/news/articleView.html?idxno=352182,22,,1
롯데카드 제재안에 흔들리는 MBK…사모펀드식 경영 비판 재부각,"금감원은 오는 16일 제재심의위원회를 열어 징계 수위를 심의할 예정이며, 이후 금융위원회 정례회의 의결을 거쳐 최종 제재가 확정됩니다. 금융권에서는 이번 조치가 2014년 카드 3사 정보유출 사태 이후 가장 무거운...",https://www.inthenews.co.kr/news/article.html?no=85454,19,,1
"롯데카드 해킹사고 중징계…대주주 MBK, 또 경영 책임 논란 ‘도마’","금감원은 오는 16일 제재심의위원회에 이 안건을 상정해 논의할 예정이며, 이 안건이 통과되면 금융위원회가 최종 확정하게 된다. 4.5개월의 영업정지 결정은 금융회사 입장에서는 상당한 중징계다. 이에 따라 롯데카드...",https://www.munhwa.com/article/11581369?ref=naver,19,,1
"롯데카드, 297만 고객정보 유출 사태 제재안 윤곽…'4.5개월 영업정지·...","롯데카드 해킹 사태 관련 제재안은 오는 16일 금감원 제재심의위원회에서 롯데카드 중징계안이 부의될 경우 금융위원회 정례회의를 거쳐 최종 확정될 예정이다. 이와 관련해 롯데카드 관계자는 ""아직 확정된 바 없으며...",https://www.nbntv.co.kr/news/articleView.html?idxno=4020697,19,,1
"MBK, 홈플러스 사태 이어 롯데카드 중징계 예고까지 …거세지는 MBK 책임...",금감원은 오는 16일 제재심의위원회를 열고 제재안을 논의할 것으로 전망된다. 이후 금융위원회 정례회의 의결을 거쳐 제재가 최종 확정될 예정이다. 이번 조치는 2014년 카드사 고객 정보 유출 사태 이후 가장 강도 높은...,https://www.etnews.com/20260410000103,22,,1
"롯데카드 고객정보 유출, 금감원 중징계 예고…홈플러스 사태까지, MBK ...","금융권에 따르면 금감원은 최근 롯데카드에 영업정지, 과징금, 인적 제재 등이 포함된 제재안을 전달했으며, 오는 16일 제재심의위원회에서 논의한 뒤 금융위원회 정례회의 의결을 거쳐 최종 확정될 예정이다. 이번...",http://www.queen.co.kr/news/articleView.html?idxno=454806,19,,1
"FIU를 진흙탕으로...두나무 소송전략, 우리은행·삼성생명 사건 교훈 증...","이런 논리 맥락에서 2심은 당국이 사후적으로 내부통제기준을 도출한 다음, 이 규정이 포함돼 있지 않은 내부통제기준은 실효성으로 없다는 식으로 의무 위반 제재를 하면 안 된다고 판단했다. 특히, 금감원이 갑자기...",https://www.financialpost.co.kr/news/articleView.html?idxno=255012,9,,1
"""홈플러스에 이어 롯데카드까지""…중징계에 MBK 경영 관리 '도마 위'",금감원은 오는 16일 제재심의위원회를 열고 제재안을 논의할 것으로 전망된다. 이후 금융위원회 정례회의 의결을 거쳐 제재가 최종 확정될 예정이다. 이번 조치는 2014년 카드사 고객 정보 유출 사태 이후 가장 강도 높은...,https://www.joongangenews.com/news/articleView.html?idxno=510640,22,,1
"롯데카드 제재 예고에 MBK 책임론 재부상… 금감원, 영업정지 검토",금감원은 오는 16일 제재심의위원회를 열어 관련 안건을 논의한 뒤 금융위원회 의결을 거쳐 최종 제재 수위를 확정할 예정이다. 이번 조치는 지난해 발생한 고객 정보 유출 사고에 따른 것이다. 롯데카드는 서버 점검...,http://www.seoulwire.com/news/articleView.html?idxno=716265,19,,1
롯데카드 이어 홈플러스까지…MBK파트너스 책임론 '재점화',금감원은 오는 16일 제재심의위원회를 열고 제재안을 논의할 것으로 전망된다. 이후 금융위원회 정례회의 의결을 거쳐 제재가 최종 확정될 예정이다. 이번 조치는 지난 2014년 카드사 고객 정보 유출 사태 이후 가장 높은...,https://www.sidae.com/article/2026041010055388727,22,,1
"MBK, 홈플 사태 이어 롯데카드 중징계 예고까지…거세지는 MBK 책임론",금감원은 오는 16일 제재심의위원회를 열고 제재안을 논의할 것으로 전망된다. 이후 금융위원회 정례회의 의결을 거쳐 제재가 최종 확정될 예정이다. 이번 조치는 2014년 카드사 고객 정보 유출 사태 이후 가장 강도 높은...,https://www.sentv.co.kr/article/view/sentv202604100058,22,,1
"""홈플러스 이어 또""...롯데카드 중징계 예고에 MBK 책임론 논란",금감원은 오는 16일 제재심의위원회를 열고 제재 수위를 논의한 뒤 금융위원회 의결을 거쳐 최종 확정할 예정이다. 이번 조치는 지난해 8월 발생한 해킹 사고에 따른 것이다. 당시 롯데카드는 서버 점검 과정에서 침해...,http://www.kdfnews.com/news/articleView.html?idxno=181629,19,,1
"외감 첫 대상 기업 4747곳…금감원, 감사인 선임 온라인 설명회","이 의무를 지키지 않으면 감사인 지정 등의 제재를 받을 수 있다. 설명회에서는 외부감사 대상 판단 기준과 감사인 선정 주체, 선임 절차, 사후평가, 감사 전 재무제표 제출, 지배주주 등의 소유주식 현황 제출 등 주요...",https://www.ddaily.co.kr/page/view/2026041009443269569,7,,1
"금감원, 롯데카드에 ‘영업정지 4.5개월’ 사전 통지","금감원은 오는 16일 제재심의위원회에 해당 안건을 상정할 예정이다. 롯데카드는 제재심에서 소명 절차를 거친 뒤, 이후 금융위원회 정례회의 의결을 통해 최종 제재가 확정된다. 앞서 개인정보보호위원회는 지난달...",https://www.sentv.co.kr/article/view/sentv202604100010,19,,1
"'개인정보 유출' 롯데카드, 4.5개월 영업정지 통보 받았다","이는 지난해 9월 해킹으로 297만 명의 개인정보가 노출된 사건에 대한 제재 조치다. 금감원은 오는 16일 제재심의위원회에서 이 중징계 안건을 논의할 예정이며, 최종 결정은 금융위원회에서 확정된다. 롯데카드는...",https://www.insight.co.kr/news/549650,19,,1
하반기엔 코스닥이 메인?… 연기금·국민성장펀드 등 자금 쏠린다,하려는 제도에 주목했다. 지난해 12월 금융위원회는 코스닥 시장 신뢰와 혁신 제고방안을 내놓고... 기존에는 코스피만 평가해 평가기준수익률을 계산했으나 제도개선 이후엔 코스피 95%+코스닥150 5%를 반영하도록 한...,https://www.segye.com/newsView/20260410514465?OutUrl=naver,17,,1
[정책브리핑] 신안우이 해상풍력 PF 약정…3.4조 사업 본궤도,"금융위원회와 기후에너지환경부는 9일 서울 여의도 산업은행 본관에서 '신안우이 해상풍력 발전사업... 사업장변경 제도 개선 방향에 대해서는 노사간 의견이 엇갈린 가운데, 전문가들은 이주노동자에 대한 권익보호...",https://www.esgeconomy.com/news/articleView.html?idxno=15170,20,,1
"구윤철 ""중동전쟁 중대한 분수령...경제 대도약 위한 구조개혁 본격 추...","공정위·금융위·개보위·식약처·관세청·조달청 등 장차관, 산업연구원장 등이 참석했다. 구 부총리는... 정보보호를 위한 제도개선과 관련, 구 부총리는  ""정부, 공공기관, 지자체 등 공공부문이 보유한 가상자산에 대해...",http://www.efnews.co.kr/news/articleView.html?idxno=128945,10,,1
"[마켓Q] IMF에 무너진 고려증권…그 비대위원장, 코스콤 전무됐다","특히 디지털사업본부장 재임 시절에는 금융권의 핵심 과제인 금융클라우드 안정화, 마이데이터 중계 인프라 조성, 토큰증권(STO) 공동플랫폼 개발 등 코스콤의 미래 성장을 견인할 주요 사업들을 성공적으로...",https://www.asiatime.co.kr/article/20260410500260,7,,1
"코스콤, 김성환 신임 전무이사 선임",재임 중 금융클라우드 안정화·마이데이터 중계 인프라 조성·토큰증권(STO) 공동플랫폼 개발 등을 안착시켰다는 평가를 받는다. 코스콤은 이번 인사와 함께 상무·본부장급 승진 인사도 단행해 창사 50주년을 1년여...,http://www.bizwnews.com/news/articleView.html?idxno=133358,7,,1
"코스콤, 김성환 前 한국거래소 CISO 전무로 선임···상무·본부장급 승...","특히 디지털사업본부장 재임 당시 금융클라우드 안정화, 마이데이터 중계 인프라 조성, 토큰증권(STO) 공동플랫폼 개발 등 코스콤의 핵심 미래사업을 안착시키는 데 기여했다는 평가를 받는다. 코스콤은 이번 전무이사...",https://www.newsway.co.kr/news/view?ud=2026041020532081433,7,,1
"부동산분석학회·LH·재무관리학회, ‘AI가 만드는 부동산 4.0 시대’ 공...","이번 공동세미나는 인공지능(AI) 기술이 부동산 시장의 구조와 운영 방식을 근본적으로 바꾸고 있는 가운데, 프롭테크 혁신과 부동산 토큰증권(STO), 지속가능한 부동산 생태계 구축 방안을 종합적으로 논의하기 위해...",https://www.hankyung.com/article/202604103185i,6,,1
"코스콤, 신임 전무에 김성환 전 거래소 CISO 선임","특히 디지털사업본부장 재임 시절에는 금융권의 핵심 과제인 금융클라우드 안정화, 마이데이터 중계 인프라 조성, 토큰증권(STO) 공동플랫폼 개발 등 코스콤의 미래 성장을 견인할 주요 사업들을 성공적으로...",https://www.seoulfn.com/news/articleView.html?idxno=626260,7,,1
"코스콤, 김성환 전무이사 선임",특히 코스콤 디지털사업본부장(상무) 재임기 △금융클라우드 안정화 △마이데이터 중계인프라 조성 △토큰증권(STO) 공동플랫폼 개발 등을 성공적으로 안착시켰다는 평가를 받는다고 코스콤은 설명했다.,https://www.mt.co.kr/stock/2026/04/10/2026041017453354147,7,,1
"코스콤, 김성환 신임 전무이사에 거래소 CISO 선임","코스콤은 “김 전무이사는 디지털사업본부장 재임 당시 금융권의 핵심 과제인 금융 클라우드 안정화, 마이데이터 중계 인프라 조성, 토큰 증권(STO) 공동 플랫폼 개발 등 코스콤의 미래 성장을 견인할 주요 사업들을...",https://biz.chosun.com/stock/stock_general/2026/04/10/3HMISOMFD5FBBOTAKDL5ZZKJ24/?utm_source=naver&utm_medium=original&utm_campaign=biz,4,,1
국회서 ‘부동산 4.0’ 논의…AI·프롭테크·STO 한자리,"프롭테크와 토큰증권(STO) 등 신기술 기반 시장 재편 방향이 주요 의제로 다뤄질 전망이다. 한국부동산분석학회와 LH 토지주택연구원, 한국재무관리학회 등은 17일 국회도서관 소강당에서 ‘REAL ESTATE 4.0 - AI가 만드는...",https://www.fetv.co.kr/news/article.html?no=216756,6,,1
"코스콤, 김성환 전무이사 신규 선임","특히 디지털사업본부장 재임 시절에는 금융권의 핵심 과제인 금융클라우드 안정화, 마이데이터 중계 인프라 조성, 토큰증권(STO) 공동플랫폼 개발 등 코스콤의 미래 성장을 견인할 주요 사업들을 성공적으로...",http://www.fntimes.com/html/view.php?ud=202604101708013684179ad43907_18,7,,1
"코스콤, 신임 전무이사에 김성환 전 거래소 CISO 선임","코스콤은 김 전무이사가 ""디지털사업본부장 재임 시절 금융권의 핵심 과제인 금융 클라우드 안정화, 마이데이터 중계 인프라 조성, 토큰증권(STO) 공동플랫폼 개발 등 코스콤의 미래 성장을 견인할 주요 사업들을...",https://biz.sbs.co.kr/article_hub/20000303608?division=NAVER,7,,1
"[이슈] 코스콤, 신임 전무이사에 김성환 전 거래소 CISO 선임","코스콤은 김 전무이사가 ""디지털사업본부장 재임 시절 금융권의 핵심 과제인 금융 클라우드 안정화, 마이데이터 중계 인프라 조성, 토큰증권(STO) 공동플랫폼 개발 등 코스콤의 미래 성장을 견인할 주요 사업들을...",https://www.startuptoday.co.kr/news/articleView.html?idxno=609512,7,,1
"코스콤, 김성환 전무 선임…디지털·인프라 사업 강화","특히 디지털사업본부장 재임 시절에는 금융클라우드 안정화, 마이데이터 중계 인프라 조성, 토큰증권(STO) 공동플랫폼 개발 등 주요 사업을 추진하며 코스콤의 디지털 사업 기반을 강화했다는 평가를 받는다. 코스콤은...",https://www.dailian.co.kr/news/view/1632205/?sc=Naver,7,,1
"코스콤, 김성환 신임 전무이사 선임 및 임원 인사 실시","디지털사업본부장 재임 당시 금융권의 핵심 과제인 금융클라우드 안정화와 마이데이터 중계 인프라 조성, 토큰증권(STO) 공동 플랫폼 개발 등 코스콤의 미래 사업을 안착시켰다. 김성환 전무 선임과 함께 상무 및...",https://www.sidae.com/article/2026041016160489474,7,,1
"코스콤, 디지털사업본부장 출신 김성환 전무이사에","[사진=코스콤] 디지털사업본부장 재임 시절에는 금융클라우드 안정화, 마이데이터 중계 인프라 조성, 토큰증권(STO) 공동플랫폼 개발 등을 추진했다. 코스콤은 이번 전무이사 선임과 함께 상무 및 본부장급 승진...",https://www.newspim.com/news/view/20260410001059,7,,1
"코스콤, 김성환 신임 전무 선임…""미래사업 성공 안착시켜""","특히 디지털사업본부장 재임 시절에는 금융권의 핵심 과제인 금융클라우드 안정화, 마이데이터 중계 인프라 조성, 토큰증권(STO) 공동플랫폼 개발 등 코스콤의 미래 성장을 견인할 주요 사업들을 성공적으로...",http://www.smedaily.co.kr/news/articleView.html?idxno=355504,7,,1
"아이티센글로벌, 금 거래로 몸집 키우고 'STO' 확장",다만 업계에선 금 유통 중심의 외형 성장과 토큰증권(STO)·실물자산연계(RWA) 사업의 수익성은 구분해 봐야 한다는 신중론도 나온다. 10일 한국IR협의회 기업리서치센터에 따르면 아이티센글로벌의 2025년 연결 매출은...,http://www.hansbiz.co.kr/news/articleView.html?idxno=832059,6,,1
[A 증권가 소식] 자산관리 전문성 강화 및 디지털 투자 영토 확장,"특히 인공지능(AI)을 활용한 포트폴리오 분석과 토큰증권(STO) 등 신성장 동력 확보를 통해 디지털 금융 경쟁력을 높이는 한편, 고객 중심의 수수료 혜택과 맞춤형 금융 상품 공급에 전력을 다하고 있다. △하나증권...",https://www.asiaa.co.kr/news/articleView.html?idxno=246114,8,,1
"미래에셋·한투證, 디지털 자산 플랫폼 확보 '속도'...STO 시장 선점 경...",토큰증권(STO) 제도화와 함께 법인의 가상자산 시장 참여 허용 가능성이 거론되면서 관련 시장이 빠르게 확대될 것이라는 전망이 힘을 얻고 있다. 특히 토큰증권(STO) 시장은 증권사 입장에서 새로운 사업 기회로 부상하고...,https://www.greened.kr/news/articleView.html?idxno=339136,12,,1
"[코스닥 기업탐방] 편의점 결제에서 STO까지…갤럭시아머니트리, 결제 ...","신사업은 토큰증권(STO)에 집중하고 있다. 박 부장은 ""STO는 증권에 분산원장 기술을 적용해 발행하는 구조""라며 ""STO 관련 가이드라인이 발표된 이후 이를 반영해 혁신금융서비스 지정을 받은 사례는 당사가 유일하다""고...",https://daily.hankooki.com/news/articleView.html?idxno=1357058,9,,1
“지금이 레벨업 골든타임…K-자본시장포럼 출범”,"토큰증권(STO) 안착과 스테이블코인 결제 허용, 가상자산 현물 상장지수펀드(ETF) 도입 등이 추진 과제로 제시됐다. 황 회장은 “가상자산은 이미 주요 시장에서 분산투자 수단으로 활용되고 있다”고 말했다. 김유진...",https://biz.heraldcorp.com/article/10714402?ref=naver,9,,1
"이성산 ""솔라나, '스테이블코인 글로벌 결제 표준'이 목표""","그는 ""한국은 개발자 역량이 뛰어나고 금융 인프라가 매우 잘 구축된 곳""이라며 ""특히 내년 토큰증권(STO) 제도화가 예정되어 있어 블록체인이 실질적으로 활용되는 사례가 쏟아질 것""이라고 기대했다. 그러면서...",https://www.hankyung.com/article/2026041016296,7,,1
"""RWA 시장 2030년 10조 달러 성장""…DAXA, 디지털자산 6대 과제 제시",실물자산토큰(RWA) 등 글로벌 디지털 금융의 핵심 트렌드를 진단하는 ‘2026 디지털자산 정책 자료집’을... RWA를 증권형(STO)과 비증권형으로 나눠 각각 자본시장법과 일반 상거래·디지털자산 규제를 적용해야 한다는...,http://www.edaily.co.kr/news/newspath.asp?newsid=03129126645414808,5,,1
위험자산 선호심리 회복?...비트코인·이더리움 '장중 상승',11일 국내외 가상자산거래소에서 비트코인 가격이 장중 상승세를 기록 중이다. 알트코인(비트코인 이외의 가상화폐) 가운데 이더리움은 장중 상승하는 반면 리플 등은 장중 하락하며 엇갈리는 흐름을 보이고 있다....,http://www.choicenews.co.kr/news/articleView.html?idxno=163653,3,,1
업비트 상승장 이어질까…주말 미·이란 협상에 달렸다,"국내 최대 암호화폐 거래소 업비트에서 비트코인과 이더리움, 엑스알피, 솔라나가 일제히 오르며 국내 가상자산 시장이 다시 위험자산 선호 회복 신호를 내고 있다. 한국시간 11일 오전 7시 59분 기준 업비트에...",http://coinreaders.com/230113,6,,1
"""공격적 매수세가 시장 장악""...이더리움, 3년 만에 역대급 상승 신호 포...","4월 10일(현지시간) 비인크립토에 따르면, 세계 최대 가상자산 거래소 바이낸스(Binance)의 이더리움 테이커 매수 및 매도 비율이 1.016을 기록하며 며칠째 1을 웃돌고 있다. 테이커 매수 및 매도 비율은 무기한 선물...",http://coinreaders.com/230106,3,,1
두나무 승소...규제 공백 확인 속 블록체인 분석 기술 '주목',"가상자산 거래소 업비트 운영사 두나무가 영업정지 처분 취소 소송에서 승소하면서, 거래소의 법적 책임 범위가 일정 부분 제한됐다는 평가가 나온다. 법원은 특히 100만 원 미만 거래에 대해 명확한 규제 기준이 없었다는...",https://news.mtn.co.kr/news-detail/2026041014290457230,3,,1
"비트코인, 인플레 공포 끝내고 황소 세력 주도권 탈환...8만 8,000달러 정...",공급은 가상자산 가격의 하방 경직성을 확보하는 결정적인 요인으로 작용한다. 비트코인 현물 ETF를 통한 지속적인 자금 유입은 시장의 매도 물량을 소화하며 가격 결정권을 거래소에서 장기 보유자들의 손으로 옮기고...,http://coinreaders.com/230102,4,,1
알트시즌의 광기… SHIB '초기 투자 신화' 재조명,"가상자산 시장에서 대표적인 '인생 역전' 사례로 꼽히는 시바 이누의 초기 투자 수익이 다시 주목받고 있다.... 주요 글로벌 거래소 상장이 이어지며 유동성이 급격히 확대됐고, 시장 참여자들의 관심이 집중되면서 가격이...",https://www.pinpointnews.co.kr/news/articleView.html?idxno=444637,6,,1
"호르무즈 통행료, 비트코인 결제…기회일까 독일까[계좌부활전]",실제로 미국은 2023년 북한의 해커그룹 '라자루스'와 가상자산을 장외거래한 3명을 경제 제재 대상으로 올렸습니다. 또 'SWIFT 퇴출' 카드로 이란과 비트코인을 거래하는 기업이나 거래소를 압박할 가능성도 있습니다....,https://www.nocutnews.co.kr/news/6500452?utm_source=naver&utm_medium=article&utm_campaign=20260411050023,3,,1
"체인링크, 저항선 돌파 카운트다운...주말 내 대폭등 전망","4월 10일(현지시간) 가상자산 전문 매체 FX스트리트에 따르면, 체인링크는 최근 하향 추세선을 벗어나... 거래소 외부로 유입되는 물량이 증가하는 현상은 장기 보유를 선호하는 심리가 강해지고 있음을 의미한다. 선물...",http://coinreaders.com/230095,3,,1
"""연준 결제망 뚫었다""...크라켄 '직접 송금 권한' 확보","가상자산 거래소 크라켄(Kraken)이 캔자스시티 연방준비은행(Federal Reserve Bank of Kansas City)의 핵심 결제망에 직접 진입하는 역사적인 이정표를 세웠다. 4월 9일(현지시간) 로이터 통신에 따르면, 캔자스시티...",http://coinreaders.com/230094,16,,1
"""지금 터지기 직전""...XRP, 선물 자금 83% 폭증에 시장 긴장 최고조","4월 10일(현지시간) 가상자산 전문 매체 유투데이에 따르면, 최근 24시간 동안 XRP 선물 잔고가 83% 급증하며... 바이낸스와 OKX 등 주요 거래소의 롱·숏 비율에서는 매수 우위가 뚜렷하게 나타났다. 다만 특정 방향으로 쏠린...",http://coinreaders.com/230092,3,,1
"시바이누 촘촘한 캔들차트의 비밀...""폭풍 전 고요""",가상자산 시장에서 시바이누는 현재 0.000025달러에서 0.000028달러 사이의 핵심 지지선 위에서 안정적으로... 고래들의 지갑에서 거래소로의 이동이 줄어들고 매집 지구에서의 물량 잠김 현상이 심화될수록 반등의 강도는...,http://coinreaders.com/230087,4,,1
"리플(XRP), 일본서 금융상품 된다?…""내부자 거래 금지 담은 법안 승인""","가상자산 거래소 계좌 수는 1200만개를 넘었고, 이용자 예치금은 5조엔을 웃돌았다. 또 1200곳이 넘는 기관 투자자들이 현물 비트코인 ETF에 자금을 넣고 있다고 코인게이프는 보도했다. 일본 금융청은 자금 조달...",https://www.cbci.co.kr/news/articleView.html?idxno=567150,4,,1
"일본, 가상자산 규제 빗장 해제...""이제 세금 55% 아니라 20%""",무등록 거래소에 대한 처벌 수위도 대폭 상향됐다. 세제 개편은 이번 정책 변화의 가장 큰 축이다. 기존에는 가상자산 투자 수익이 종합과세 대상인 잡소득으로 분류되며 최대 55%의 세율이 적용됐다. 그러나 금융상품으로...,http://coinreaders.com/230065,4,,1
"홍콩, 첫 홍콩달러 스테이블코인 인가…HSBC·SC 합작법인 선정","홍콩은 2022년 ‘글로벌 가상자산 허브’ 육성 선언 이후 제도 정비를 빠르게 진행해왔다. 2023년에는 거래소 라이선스 제도를 도입했고, 이어 법정화폐 연동 스테이블코인 규제를 마련해 지난해부터 시행했다. 이번...",https://www.tokenpost.kr/news/blockchain/348166,4,,1
"HSBC·스탠다드차타드, 첫 홍콩달러 스테이블코인 발행사로 낙점","이번 라이선스 부여는 홍콩 정부가 지난 2022년 홍콩을 글로벌 가상자산 허브로 육성하겠다고 선언한... 홍콩 증권선물위원회(SFC)는 2023년부터 디지털자산 거래소 라이선스 제도를 도입했으며, 홍콩 통화당국이...",http://www.edaily.co.kr/news/newspath.asp?newsid=05582566645414808,4,,1
"비트코인, 금·원유와 따로 논다","10일 글로벌 가상자산 거래소 바이낸스의 자체 연구소인 바이낸스 리서치가 소셜미디어 엑스(X·옛 트위터)를 통해 공개한 분석에 따르면, 비트코인은 거시경제의 불확실성 속에서도 시장 상황에 크게 흔들리지 않는...",http://www.hansbiz.co.kr/news/articleView.html?idxno=832125,3,,1
"김병기, 복대 차고 7차 조사 마쳐…13개 의혹 관련 구속영장 기로",주요 혐의로는 ▲차남의 숭실대 편입 및 가상자산 거래소 빗썸 취업 청탁 ▲배우자의 법인카드 유용 의혹 내사 무마 시도 ▲전직 동작구의원들로부터 불법 정치자금 수수 ▲쿠팡을 상대로 한 전직 보좌관 인사 불이익...,https://www.joongang.co.kr/article/25419231,-1,,0
"자오창펑 ""가상자산 5년 내 일상화""",세계 최대 가상자산 거래소 바이낸스의 창업자인 자오창펑(CZ)은 최근 유명 가상자산 팟캐스트 '울프오브올스트리츠(The Wolf Of All Streets)'의 진행자 스콧 멜커와의 대담에서 가상자산의 대중화 시기를 이같이 구체적으로...,http://www.hansbiz.co.kr/news/articleView.html?idxno=832124,3,,1
"고팍스, 전사적 에너지 절약 동참",/고팍스 | 서울=한스경제 전시현 기자 |  가상자산 거래소 고팍스가 최근 급변하는 글로벌 에너지 수급 위기와 대외 경제 여건에 선제적으로 대응하기 위해 발 벗고 나섰다. 고팍스는 기업의 사회적 책임을 다하고 내부...,http://www.hansbiz.co.kr/news/articleView.html?idxno=832123,3,,1
"김병기, 공천헌금 등 13개 의혹 수사 가속… 이틀 만 7차 소환","아울러 배우자의 동작구의회 법인카드 사적 사용 의혹, 관련 내사 무마 과정에서의 외압 행사 의혹, 차남의 숭실대 편입 및 가상자산 거래소 취업 과정 특혜 의혹 등 총 13개 의혹이 제기된 상태다. 특히 차남의 숭실대...",https://www.mediawatch.kr/news/article.html?no=259228,-1,,0
[코인 브리프] 두나무 코빗,"ㅣ코빗 ■코빗, 갤럭시아머니트리와 스테이블코인 기반 결제 사업 추진 국내 최초 가상자산 거래소 코빗이 전자금융업자 갤럭시아머니트리와 협력해 스테이블코인 기반 결제 사업을 추진한다고 10일 밝혔다. 양사는...",http://www.biztribune.co.kr/news/articleView.html?idxno=352219,4,,1
"두나무, FIU 영업정지 소송 1심 승소… 합병 탄력 받나",법원이 미신고 가상자산사업자 거래에 대한 명확한 기준 부재를 인정하면서 제재 근거가 흔들린 데 따른... 유사한 제재를 받은 다른 거래소들에는 파장을 미칠 전망이다. FIU는 두나무를 시작으로 코빗·고팍스·빗썸...,http://www.biztribune.co.kr/news/articleView.html?idxno=352203,3,,1
"핀하버, 하이브리드 네오뱅크 모듈 통합 금융·거래 인프라로 재구성",핀테크 인프라 업체 핀하버(FinHarbor)가 하이브리드 네오뱅크 모듈을 은행 서비스와 중앙화거래소(CEX)... 전통 금융 기능과 가상자산 거래 기능을 한데 묶어 관련 서비스 개발 수요에 대응하려는 전략으로 풀이된다....,https://www.tokenpost.kr/news/breaking/348112,7,,1
"“라쿠텐까지 품었다”…시바이누, 일본 대형 플랫폼 상장에 ‘대중화...",기존 거래소를 넘어 대형 플랫폼 생태계로 확장된 사례로 평가된다. ‘그린리스트’ 등재…규제 통과 자산 일본은 암호화폐에 대해 엄격한 규제를 적용하는 시장으로 알려져 있다. SHIB는 앞서 일본가상자산거래업...,https://www.tokenpost.kr/news/cryptocurrency/347780,6,,1
"""핸드폰 하나로 전 재산 증발""...안드로이드 결함, 가상자산 지갑 대규...",거래소와 지갑 서비스 업체들도 비상 대응 체제를 가동하며 사용자 보호 조치에 나섰다. 이번 사태는 모바일 지갑의 편의성 이면에 존재하던 보안 취약성을 드러낸 사건으로 평가된다. 가상자산 업계는 이를 계기로...,http://coinreaders.com/230030,3,,1
"'13개 의혹' 김병기, 6시간 경찰 조사 후 귀가…'묵묵부답'","차남의 숭실대 편입과 가상자산 거래소 빗썸 취업에 개입하고, 배우자의 동작구의회 법인카드 유용 사건 수사 무마를 청탁한 혐의 등도 받는다. 김 의원을 둘러싼 의혹은 지난해 9월 언론보도 이후 본격적으로 불거졌다....",https://www.mt.co.kr/society/2026/04/10/2026041019581678202,-1,,0
"비트코인, 폭등 트리거 가동...전고점 뚫기 '카운트다운'","4월 10일(현지시간) 암호화폐 전문 매체 FX스트리에 따르면, 전체 가상자산 시가총액은 지난 24시간 동안... 한편 크립토퀀트(CryptoQuant) 자료에 따르면 중앙 집중형 거래소의 거래량은 지난해 10월 정점 대비 48...",http://coinreaders.com/230028,6,,1
"정부, 780억 가상자산 관리 ‘시스템’ 도입한다","정부가 보유 중인 수백억원대 공공부문 가상자산을 체계적으로 관리키 위한 시스템을 도입한다. 정부는 10일... 거래소가 보관하고 있는 자산은 사업자 협조를 얻어 계정을 즉시 동결하고, 기부받은 자산은 수령 즉시...",https://www.viva100.com/article/20260410500719,3,,1
해외서도 화제…‘늑구’ 코인까지 등장,"가상자산 거래소에도 늑구의 이름이 등장했습니다. 화제가 된 이슈를 소재로 가상자산을 발행하는 해외 거래소에 늑구의 이름을 딴 이른바 '밈 코인'이 만들어진 겁니다. [김승주 / 고려대 정보보호대학원 교수] ""밈코인은...",https://www.ichannela.com/news/main/news_detailPage.do?publishId=000000523495,3,,1
[집중분석] 호르무즈 해협 통행료 논란…이란‧비트코인·트럼프‧중국...,"양 연구원은 ""최근 테더(Tether)와 서클(Circle)이 이란 가상자산 거래소 월렉스(Wallex) 관련 계정 약 249만 달러를 동결한 사례에서 보듯, 주요 스테이블코인 발행사는 규제 준수 의무를 따르고 있다""고 했다. 테더와 서클 등...",https://www.thepublic.kr/news/articleView.html?idxno=300781,4,,1
"압수 가상자산 유출 잇따르자… 정부, 관리체계 대폭 강화","△ 사진= 게티이미지뱅크 검찰·경찰·국세청 등 공공기관이 압수·보관 중인 수백억 원대 가상자산이 관리... 거래소 보관 자산은 즉시 계정을 동결하고, 기부받은 자산은 수령 즉시 처분하도록 해 보관 과정의 위험을...",https://news.koreanbar.or.kr/news/articleView.html?idxno=35445,3,,1
코인DCX 사칭 도메인에 투자자 피해…법원 “거래소 연루 정황 없다”,"인도의 가상자산 거래소 코인DCX(CoinDCX) 사칭 사건이 그 사례다. 현지에서 제기된 716만 루피(약 7만7000달러) 규모의 사기 은 처음에는 코인DCX 경영진 체포로 이어졌지만, 법원은 결국 실제 플랫폼이 아닌 사칭 범죄였다고...",https://www.tokenpost.kr/news/cryptocurrency/348063,4,,1
"고팍스, 에너지 절약 동참…""재택근무 확대·시차 출퇴근""","가상자산거래소 고팍스가 '에너지 절약 및 비상경제 대응 동참 캠페인'을 시행한다고 10일 밝혔다. 고팍스는 ""현재도 임직원 상당수의 재택근무가 활발한 점에 착안해 이번 캠페인을 기점으로 재택근무를 더욱 전략적으로...",https://www.mt.co.kr/stock/2026/04/10/2026041018094944850,3,,1
"두나무, 영업 정지 취소 소송 승소 ‘제재 요건 불충분’",국내 디지털자산(가상자산) 거래소 업비트를 운영하는 두나무가 금융위원회 금융정보분석원(FIU)을 상대로 낸 영업 일부정지 처분 취소 소송 1심에서 승소했다. 법원은 100만 원 미만 거래에 대한 구체적인 규제가...,https://it.donga.com/108723/,16,,1
"""늑대판 쇼생크 탈출""…늑구 밈코인까지 등장","10일 가상자산 통계 사이트 코인게코에 따르면 해외 일부 탈중앙화거래소(DEX)에서 코인 Neukgu(늑구)가 유통되고 있다. 8일 생성된 전형적인 밈코인으로, 발행 물량 1억6000만 개에 총유동성은 2만달러 수준으로 알려졌다....",https://www.hankyung.com/article/2026041030491,7,,1
"[단독] 최원석 전 BC카드 대표, 두나무 ‘글로벌 사업총괄’ 전격 합류",뉴욕대 MBA 출신 ‘전략통’ 스테이블코인부터 STO까지 두나무 북미 진출 역할 기대 글로벌 경영과 데이터 전문가로 알려진 최원석 전 BC카드 대표가 국내 최대 가상자산 거래소 ‘업비트’ 운영사인 두나무에 전격...,https://www.mk.co.kr/article/12013972,6,,1
"[D리포트] ""국세청 '코인 유출' 재발 방지""…정부, 780억 가상자산 관리...","보유량이 급증하고 있지만, 관리 소홀로 사고가 잇따르자 정부가 관리 가상자산 시스템을 도입하겠다고... 거래소가 보관 중인 자산은 사업자 협조를 얻어 계정을 즉시 동결하고, 기부받은 자산은 수령 즉시 처분해 위험을...",https://news.sbs.co.kr/news/endPage.do?news_id=N1008513761&plink=ORI&cooper=NAVER,3,,1
"법원, FIU 두나무 제재 취소…가상자산업계 예의주시","서울경제티브이 이연아 기자 [앵커] 법원이 가상자산 거래소 업비트 운영사 두나무에 대한 금융당국의 영업 일부정지 처분을 취소했습니다. 다른 거래소들 역시 제재 심의와 소송을 앞두거나 진행 중인 만큼, 업계는...",https://www.sentv.co.kr/article/view/sentv202604100057,4,,1
"빗썸, 오지급 7억 가압류…미회수 반환거부 법정으로 번져","확인했고, 가상자산 이용자 보호법 위반 여부에 대한 추가 법률 검토가 끝나는 대로 제재 절차에 들어가겠다고 밝힌 바 있다. 오지급 사고가 단순 실수로 끝나지 않고 거래소 운영 체계 전반을 다시 들여다보는 계기로...",https://www.newswhoplus.com/news/articleView.html?idxno=58563,3,,1
"고팍스, 에너지 절약·비상경제 대응 전사 캠페인 시행",가상자산 거래소 고팍스는 기업의 사회적 책임을 다하고 내부 운영 내실을 기하기 위한 '에너지 절약 및 비상경제 대응 동참 캠페인'을 시행한다고 10일 밝혔다. 고팍스는 이번 캠페인에 대해 사회 전반의 에너지 절감...,https://www.newsis.com/view/NISX20260410_0003586809,3,,1
AI 사업 불확실성에…눈높이 낮아지는 네카오,가상자산거래소 대주주 적격성 규제 등 불확실성은 여전히 남아 있지만 최종 합병이 성사될 경우 기업가치 합산 20조 원 규모의 ‘메가 핀테크’ 플랫폼으로 확장될 수 있어서다. 이에 주주들 사이에서는 밸류에이션...,https://www.sedaily.com/article/20031090?ref=naver,3,,1
"""리테일 중심 한국 가상자산 시장, 기관 들어오는 전환점 진입""","박현영 블록체인전문기자 = 리테일(개인 투자자) 중심이었던 국내 가상자산 시장이 기관이 들어오는... 또 지난해 하반기 일평균 거래 규모와 거래소 영업이익이 줄어든 것을 고려하면, 시장 참여자는 늘었지만 거래량은...",https://www.news1.kr/finance/blockchain-fintech/6132708,3,,1
"코빗, 갤럭시아머니트리와 '스테이블코인 활용 실결제' 사업 추진",<코빗> 가상자산거래소 코빗이 스테이블코인 기반 결제서비스 생태계 구축에 나선다. 코빗은 갤럭시아머니트리와 스테이블코인 결제 사업 추진을 위한 업무협약을 맺었다고 10일 밝혔다. 갤럭시아머니트리는...,https://www.businesspost.co.kr/BP?command=article_view&num=435483,3,,1
"고팍스, 에너지 절약·비상경제 대응 캠페인 시행…""사회적 책임 강화""",가상자산거래소 고팍스가 기업의 사회적 책임을 다하고 내부 운영 내실을 기하기 위한 '에너지 절약 및 비상경제 대응 동참 캠페인'을 시행한다고 10일 밝혔다. 이번 캠페인은 사회 전반의 에너지 절감 노력에 적극 기여하는...,https://www.sidae.com/article/2026041017300992147,3,,1
"가상자산 해외정보 구멍…""소득세 재검토를""","정부는 내년 1월 1일부터 가상자산 매매 차익과 대여 수익 등에 소득세를 부과하기로 했다. 국세청은 업비트, 빗썸, 코인원 등 암호화폐거래소를 거치지 않는 탈중앙화금융(DeFi)에 대한 과세 기준도 마련하지 않은 것으로...",https://www.hankyung.com/article/2026041030931,7,,1
"두나무, FIU 1심 승소 뒤 남은 과제는 자본 배분... 송치형 3년간 배당 1...",국내 최대 가상자산거래소 업비트 운영사인 두나무가 사법 리스크를 극복해 나가고 있다. 지난 9일 서울행정법원 행정5부는 두나무가 금융위원회 금융정보분석원(FIU)을 상대로 낸 영업 일부정지 처분...,https://www.insight.co.kr/news/549786,16,,1
"고팍스, 에너지 절약·비상경제 대응 전사 캠페인 시행⋯ “사회적 책임...",가상자산 거래소 고팍스가 최근 급변하는 대외 경제 여건과 글로벌 에너지 수급 위기에 선제적으로 대응하기 위해 전사적인 실천 행보를 공식화했다. 고팍스는 기업의 사회적 책임을 다하고 내부 운영의 내실을 기하기...,https://www.viva100.com/article/20260410500653,3,,1
"고팍스, 재택근무 확대로 에너지 절감 나선다",가상자산 거래소 고팍스(GOPAX)가 글로벌 에너지 수급 위기와 대외 경제 불안에 대응해 전사적 에너지 절약 캠페인을 시행한다고 10일 밝혔다. 고팍스는 이번 캠페인의 핵심 수단으로 재택근무 비율 확대를 내세웠다. 현재도...,https://www.econovill.com/news/articleView.html?idxno=736895,3,,1
"[코인시황] ""호르무즈 통행료는 가상자산""…비트코인, 7만1000달러선 '안...","굳이 거래소를 이용할 필요조차 없기 때문""이라고 덧붙였다. 한편 가상자산 데이터 제공업체 얼터너티브가 집계하는 가상자산 심리 단계는 이날 기준 44점(중립)으로 집계됐다. 이는 전날(45점·중립)보다 1점 낮아진...",https://www.newsworks.co.kr/news/articleView.html?idxno=837442,4,,1
"코빗, 갤럭시아머니트리와 업무협약…스테이블코인 시장 선점 나서나",'머니프리' 앱과 연계해 가상자산을 결제 영역으로 확장 코빗은 전반적인 자산 흐름 지원하는 역할 맡을 예정 국내 최초 가상자산거래소인 코빗이 스테이블코인 기반 결제 사업 영역까지 확장에 나서고 있다. 10일 코빗에...,https://www.fetv.co.kr/news/article.html?no=216748,3,,1
정부기관서 잇단 탈취 사고…가상자산 관리지침 첫 마련,""" 가상자산은 압수 즉시 기관 명의 지갑으로 전송하고, 거래소 계좌에 있는 경우엔 계정을 동결해 접근을 차단합니다. 압수 자산은 인터넷과 분리된 '콜드월렛'에 보관하며 개인 키와 복구 구문은 반드시 2명 이상이 확인...",http://www.yonhapnewstv.co.kr/MYH20260410171648GQE,3,,1
법원 “두나무 일부 영업정지 3개월 처분 취소…금융당국 패소,연합뉴스 법원이 가상자산 거래소 업비트의 운영사 두나무에 대한 금융당국의 영업 일부 정지 3개월 처분을 취소했다. 서울행정법원 행정5부(이정원 부장판사)는 9일 두나무가 금융정보분석원(FIU)에 제기한 영업 일부...,https://www.munhwa.com/article/11581419?ref=naver,4,,1
'코인 유출' 재발 방지...취득 즉시 '콜드월렛' 기관지갑 보관,"정부가 780억 원대 공공분야 가상자산을 체계적으로 관리하기 위한 시스템을 도입하기로 했습니다. 최근... 거래소가 보관 중인 자산은 사업자 협조를 얻어 계정을 즉시 동결하고, 기부받은 자산은 수령 즉시 처분해 위험을...",https://science.ytn.co.kr/program/view.php?mcd=0082&hcd=&key=202604101604352005,3,,1
"고팍스, 에너지 위기 대응 캠페인 본격화…재택근무·차량 5부제 추진",이투데이=박정호 기자 | 국내 가상자산 거래소 고팍스는 급변하는 대외 경제 여건과 글로벌 에너지 수급 위기에 선제적으로 대응하기 위해 ‘에너지 절약 및 비상경제 대응 동참 캠페인’을 시행한다고 10일 밝혔다. 이번...,https://www.etoday.co.kr/news/view/2574756,3,,1
"""업비트 영업 일부정지 부당""...두나무, FIU 상대 소송 1심서 승소","가상자산 거래소 업비트를 운영하는 두나무가 금융당국의 영업 일부정지 처분에 불복해 제기한 행정소송 1심에서 승소했다. 금융위원회는 판결에 불복해 즉각 항소할 방침이다. 10일 법조계에 따르면, 서울행정법원...",https://www.thepublic.kr/news/articleView.html?idxno=300651,16,,1
"[A 주간 서머리] 경제·산업계 ""두나무, 영업정지 취소 소송 승소...국내...",가상자산 거래소 업비트의 운영사 두나무가 금융당국을 상대로 제기한 행정소송에서 승소하며 그간 발목을 잡았던 규제 리스크를 털어냈다. 국내 금융지주회사들이 지난해 자산 4000조원 시대를 개막하며 역대급 실적...,https://www.asiaa.co.kr/news/articleView.html?idxno=246038,5,,1
"[IT 투데이] 펄어비스 '붉은사막', 개발자 노트 통해 업데이트 外","◆코빗, 갤럭시아머니트리와 협력해 스테이블코인 기반 결제 상용화 시동 가상자산 거래소 코빗이 전자금융업자 갤럭시아머니트리와 손잡고 스테이블코인을 기반으로 한 결제 사업을 공동 추진한다. 양사는 코빗의...",https://news.dealsitetv.com/articles/168491,4,,1
공공기관 '780억' 가상자산 분실 막는다...관리 가이드라인 공개,"가상자산거래소에 보관된 자산은 계정 접근 차단 조치를 취한다. 필요한 경우 외부 전문기관에 위탁해 보관하는 것도 허용하나, 직접보관 수준의 보안 조치를 적용하고 주기적으로 점검한다. 또한 사전에 설정된 최소...",https://www.techm.kr/news/articleView.html?idxno=150990,3,,1
코빗-갤럭시아머니트리 맞손…'코인 결제' 현실화 시동,인더스트리뉴스 김은경 기자  국내 최초 가상자산 거래소 코빗이 스테이블코인 기반 결제 사업에 나선다. 코빗(대표 오세진)은 10일 전자금융업자 갤럭시아머니트리와 협력해 스테이블코인을 활용한 결제 서비스 구축을...,https://www.industrynews.co.kr/news/articleView.html?idxno=79890,4,,1
"""코인으로 커피 한 잔"" 코빗, 갤럭시아머니트리와 가상자산 '실사용 시...",가상자산거래소 코빗이 투자 영역에 머물러 있던 가상자산을 실생활 결제 수단으로 끌어올린다. 10일 코빗은 지난 9일 갤럭시아머니트리와 스테이블코인 기반 결제 사업 추진을 위한 업무협약(MOU)을 체결했다고 밝혔다....,https://www.insight.co.kr/news/549758,3,,1
'징계 불복'소송 줄패소에 체면 구긴 금융당국,FIU 조사 결과에 따르면 두나무가 운영하는 국내 최대 가상자산거래소 업비트는 2022년 8월28일부터 2024년 8월23일까지 미신고 가상자산사업자 19개사와 총 4만4948건의 가상자산 이전을 거래했습니다. 이는 동기간...,http://www.newstomato.com/ReadNews.aspx?no=1297485&inflow=N,4,,1
가상자산 계정 1100만 시대에도 거래 둔화…외국인 개방 수면 위로,"한 거래소 관계자는 <뉴스토마토>와의 통화에서 ""가상자산은 국내시장에만 있는 비즈니스가 아니라 글로벌 비즈니스""라며 ""외국인 거래가 허용된다면 유동성 측면에서 도움을 줄 수 있다""고 말했습니다. 다만 ""현재는...",http://www.newstomato.com/ReadNews.aspx?no=1297467&inflow=N,6,,1
"코빗, PG 기업과 연이어 손 잡았다...가상자산 결제 서비스 진출",/사진=코빗 제공 가상자산거래소 코빗이 가상자산 기반 결제 서비스에 뛰어든다. KG파이낸셜(옛 KG모빌리언스)에 이어 갤럭시아머니트리까지 전자지급결제대행(PG) 기업과 연이어 손을 잡으면서다. 코빗은...,https://www.techm.kr/news/articleView.html?idxno=150984,3,,1
"두나무, FIU와 공방 1심 승소…네이버 합병·IPO 순항하나","10일 가상자산거래소업계에 따르면 전날 두나무와의 1심 소송에서 패소한 FIU는 항소 여부를 검토하고 있다. 두나무는 우선 제재 리스크를 일부 덜어냈지만, 소송이 장기화될 가능성은 여전히 남아 있다. 앞서...",https://www.fetv.co.kr/news/article.html?no=216710,7,,1
"코빗, 갤럭시아머니트리와 스테이블코인 기반 결제 사업 추진","코빗 관계자는 ""이번 협력은 가상자산이 거래소 내 투자 자산을 넘어 실질적인 활용 영역으로 확장되는 중요한 시도""라며 ""안정적인 거래 인프라를 기반으로 사용자 경험을 고도화하고, 가상자산의 활용 범위를...",https://www.cstimes.com/news/articleView.html?idxno=701632,3,,1
"“스테이블코인으로 결제”…코빗, 머니트리 앱에 가상자산 연동",코빗 관계자는 “가상자산이 거래소 내 투자 자산을 넘어 실질적인 활용 영역으로 확장되는 중요한 시도”라며 “안정적인 거래 인프라를 기반으로 가상자산의 활용 범위를 지속적으로 넓혀 나가겠다”고 말했다.,https://www.decenter.kr/article/20031020?ref=naverdc,3,,1
"두나무, FIU에 1심 승소…두나무·가상자산 업계 나란히 '방긋'",이번 판결은 두나무는 물론 가상자산 거래소 전반의 규제 리스크에 영향을 미칠 분수령이 될 전망이다. 지난 9일 서울행정법원 제5부(부장판사 이정원)는 두나무가 제기한 영업 일부정지 취소청구 소송에서 원고 승소...,https://www.insightkorea.co.kr/news/articleView.html?idxno=244433,3,,1
"공공 가상자산 커스터디 빗장 풀려…업계, 서비스 준비 '분주'",가상자산 거래소도 커스터디 서비스에 관심을 보이고 있다. 업비트 운영사 두나무는 이미 법인·기관 전용 수탁 서비스를 제공 중이다. 두나무 관계자는 “금융위원회의 법인 가상자산 시장 참여 로드맵에 따라 허용된 고객...,https://zdnet.co.kr/view/?no=20260410154620,16,,1
"“7억 못 준다, 빗썸이 잘못했는데?”...‘비트코인 오지급’ 반환 버티...",가상자산 거래소 빗썸이 지난 2월 발생한 ‘비트코인 오지급’ 사고와 관련해 끝내 회수하지 못한 물량을 되찾기 위해 법적 대응에 착수했다. 단순 시스템 사고로 시작된 문제가 일부 이용자의 반환 거부로 이어지면서...,https://www.sedaily.com/article/20031017?ref=naver,3,,1
"코빗, 굿네이버스와 디지털자산 기부 MOU 체결",가상자산거래소 코빗이 아동 권리 전문 비정부기구(NGO) 굿네이버스와 디지털자산 기부 활성화를 위한 업무협약(MOU)을 체결했다. 10일 굿네이버스에 따르면 협약식은 지난 8일 서울 영등포구 굿네이버스 회관에서 열렸다....,http://www.fnnews.com/news/202604101437152538,3,,1
"[자막뉴스] ""개이득!"" 싹 팔아 치우고 '배짱'…'원물 반환' 소송에 ""재앙...",가상자산 거래소 빗썸이 지난 2월 발생한 '비트코인 오지급' 사고와 관련해 회수 못한 물량을 되찾기 위해 법적 대응에 나섰습니다. 빗썸은 오지급 된 비트코인 가운데 반환을 거부하고 있는 약 7억 원 상당 물량과 관련된...,https://news.sbs.co.kr/news/endPage.do?news_id=N1008513505&plink=ORI&cooper=NAVER,3,,1
[크립토 브리프] 두나무 빗썸 코비빗,"■ 코빗, 갤럭시아머니트리와 스테이블코인 기반 결제 사업 추진 국내 최초 가상자산 거래소 코빗(대표 오세진)이 전자금융업자 갤럭시아머니트리와 협력해 스테이블코인 기반 결제 사업을 추진한다고 10일 밝혔다....",https://www.s-journal.co.kr/news/articleView.html?idxno=40391,4,,1
"퓨어글로벌, 영국 가상자산 거래소 'N Exchange'와 글로벌 Web3 생태계 협...",AI·블록체인 기술 기반 플랫폼 기업 퓨어글로벌이 영국 기반 가상자산 거래소 N Exchange와 글로벌 Web3 생태계 확장을 위한 전략적 업무협약(MOU)을 체결했다고 10일 밝혔다. 이번 협약은 블록체인 기반 디지털 금융...,https://www.it-b.co.kr/news/articleView.html?idxno=87714,4,,1
“암호화폐(코인) 리플 공급 꾸준히 감소 중... 가격 상승 조건은 다음...,가상자산을 분석하는 크립토퀀트 자료에 따르면 수개월 동안 코인이 거래소를 지속적으로 빠져나가고 있다. 바이낸스 거래소의 누적 유출액은 지난해 8월 중순 마이너스 104억 달러에서 현재 마이너스 112억 3000만 달러로...,https://www.wikitree.co.kr/articles/1130857,7,,1
"코빗, 갤럭시아머니트리와 맞손…스테이블코인 결제 사업 추진",국내 가상자산거래소 코빗은 10일 전자금융업자 갤럭시아머니트리와 협력해 스테이블코인 기반 결제 사업을 추진한다고 밝혔다. 양사는 코빗의 가상자산 거래 인프라와 갤럭시아머니트리가 운영하는 ‘머니트리’ 앱을...,https://news.mtn.co.kr/news-detail/2026041015090194918,4,,1
"코빗·갤럭시아머니트리, 스테이블코인 기반 결제 사업 추진",이용자는 코빗에 보유한 가상자산을 활용해 머니트리 캐쉬를 충전할 수 있다. 이를 통해 온·오프라인 가맹점에서 결제까지 이어지는 실사용 환경이 마련될 전망이다. 코빗은 거래소 인프라를 기반으로 결제·정산 등...,https://weekly.hankooki.com/news/articleView.html?idxno=7159357,4,,1
"가상자산 유출사고 잇따르자...정부, 공공부문 통합 관리체계 도입","거래소 보관 자산은 즉시 계정을 동결하고, 기부받은 가상자산은 수령 즉시 처분해 리스크를 줄인다. 보관 환경에 대한 통제도 강화된다. 금고와 CCTV 등 물리적 보안 장치를 설치하고 출입 기록을 주기적으로 점검한다....",https://www.greened.kr/news/articleView.html?idxno=339123,3,,1
"이란, 금융제재 틈새 파고든 가상자산…달러망 막히자 코인으로",살인적인 인플레이션 속에서 자산을 지킬 유일한 수단으로 가상자산을 선택한 것이다. 이용자가 1100만 명을 넘어선 이란 최대 거래소 노비텍스(Nobitex)는 자국 화폐를 테더(USDT)로 바꾼 뒤 해외 자금으로 환전하는 주요...,https://www.sisajournal.com/news/articleView.html?idxno=369075,5,,1
"""단순 제휴 아니다""…두나무, '업비트 글로벌' BW 투자 공식 확인","업비트 글로벌은 싱가포르에 본사를 두고 싱가포르·태국·인도네시아 등 동남아시아 가상자산 거래소를 운영하는 지주사 성격의 법인이다. 두나무는 그동안 이 법인과의 관계를 ""독립적 제휴""로 설명해왔으며...",https://www.greened.kr/news/articleView.html?idxno=339121,3,,1
"""62조 중 아직 7억 못 받았다"" 빗썸, 버티는 회원 계좌에 '가압류' 신청",가상자산 거래소 빗썸이 지난 2월 발생한 '비트코인 오지급' 사고와 관련해 법적 대응에 나섰다. 아직 회수하지 못한 물량을 되찾기 위해 반환 거부 대상자들의 계좌에 가압류를 신청한 것이다. 9일 뉴스1에 따르면 빗썸은...,http://www.fnnews.com/news/202604101451131103,3,,1
"두나무 영업정지 취소…법원 ""FIU 제재 위법""",법원이 가상자산 거래소 업비트 운영사 두나무에 내려진 영업 일부정지 처분을 취소했다. 서울행정법원 행정5부(이정원 부장판사)는 9일 두나무가 금융정보분석원(FIU)을 상대로 낸 영업 일부정지 3개월 처분 취소...,https://www.dailybrief.co.kr/news/articleView.html?idxno=5573,4,,1
"빗썸, '비트코인 오지급 사건' 법적 대응 시작...반환 거부자에 가압류...",가상자산 거래소 빗썸이 비트코인 오지급 사고와 관련해 회수하지 못한 약 7억원 상당의 비트코인 반환을 위해 법적 절차에 착수했다. 빗썸은 이벤트 경품 지급 과정에서 직원의 입력 실수로 원화 대신 비트코인이...,https://www.ppss.kr/news/articleView.html?idxno=292251,4,,1
"“더는 유출 그만!”…정부, 780억 가상자산 관리 강화","가상자산 징수액 3년 새 100배...공공기관 유출 사고 반복 압류 즉시 ‘콜드월렛’ 기관지갑 보관 규정... 거래소가 보관 중인 자산은 사업자 협조를 얻어 계정을 즉시 동결하고, 기부받은 자산은 수령 즉시 처분한다....",https://www.mk.co.kr/article/12013684,3,,1
[더밸류 브리핑] 오늘의 디지털금융 소식...두나무·빗썸,두나무와 빗썸이 각각 에너지 절감과 콘텐츠 개편에 나서며 가상자산 업계에서 비용 효율화와 이용자 유입... [자료=두나무] 디지털자산 거래소 업비트를 운영하는 두나무는 ‘에너지 사용 절감 5대 실천 계획’을...,http://www.thevaluenews.co.kr/news/view.php?idx=198023,4,,1
"""늑구야 집에 가자""…대전 탈출 늑대 응원계정에 밈코인까지 등장",딴 가상자산이 등장하는 등 이색적인 현상이 나타나고 있다. 10일 업계와 온라인 커뮤니티 등에 따르면 탈중앙화거래소(DEX) 펌프스왑(PumpSwap) 등 해외 일부 플랫폼에는 늑구 이름을 딴 밈 코인 'Neukgu'가 생성돼 유통되고...,http://weekly.chosun.com/news/articleView.html?idxno=50573,3,,1
비트코인 1억 700만 원대 유지… 센트리퓨즈 21%대 '급등',"국내 가상자산 거래소 업비트에 따르면 비트코인은 전일 대비 0.63% 상승한 1억 729만 7,000원에 거래되고 있다. 이더리움 역시 0.43% 오른 326만 8,000원을 기록 중이며, 리플(+0.15%)과 도지코인(+0.72%)도 소폭 상승하며...",https://www.gukjenews.com/news/articleView.html?idxno=3554146,3,,1
"두나무, 차량 5부제 동참…'에너지 절감 5대 실천 계획' 시행",가상자산(디지털자산) 거래소 업비트 운영사 두나무가 정부의 에너지 절감 정책에 동참하고자 '에너지 사용 절감 5대 실천 계획'을 시행한다고 10일 밝혔다. 이번 계획은 △임직원 '에너지 절약 국민 행동' 참여 독려 △차량...,https://www.news1.kr/finance/blockchain-fintech/6132353,3,,1
"7번째 경찰 조사 김병기, 송치 임박…구속영장 관심","경찰은 13개 의혹 가운데 차남 김모 씨의 숭실대학교 계약학과 편입 및 중소기업, 가상자산 거래소 빗썸 채용 특혜 의혹을 우선적으로 들여다보고 있는 것으로 알려졌다. 일각에선 경찰이 전격 김 의원 신병 확보에 나설...",https://news.tf.co.kr/read/life/2311840.htm,3,,1
이틀 만에 소환된 김병기…복대 착용하고 7번째 조사,김 의원은 △강선우 의원 공천헌금 수수 묵인 △차남 숭실대 편입 개입 △가상자산 거래소 '빗썸' 취업 청탁 △배우자 법인카드 유용 및 수사 무마 △전직 보좌관 인사 불이익 청탁 등 총 13가지 의혹으로 수사를 받고...,http://www.fnnews.com/news/202604101432130191,-1,,0
국세청·검경 가상자산 유출 사고에…정부 “기관명의 지갑에 보관” 지...,"거래소가 보관하고 있는 가상자산의 경우 사업자 협조를 얻어 계정을 즉시 동결한다. 기부받은 가상자산도 수령 즉시 처분해야 한다. 가상자산 보관 장소에는 금고, 폐쇄회로(CC)TV 등을 설치해 출입내역을 주기적으로...",https://www.donga.com/news/Economy/article/all/20260410/133713619/1,3,,1
"이란, 달러 막히자 코인 시장 키웠다…11.5조원대로 불어",전시 상황에서 인터넷 차단이나 자산 압류 가능성을 우려한 이용자들이 개인 지갑(거래소 밖에서 가상자산을 직접 보관하는 계정)이나 해외 거래소로 자금을 옮긴 것으로 해석된다.,https://www.ajunews.com/view/20260410143004469,4,,1
"‘13개 의혹’ 김병기, 허리 복대 차고 7차 조사 출석","김 의원이 차남의 가상자산 거래소 취업에 관여했다는 의혹도 주요 수사 대상이다. 김 의원이 2024년 9~11월 빗썸과 두나무(업비트)에 채용 청탁을 했고, 이 과정에서 빗썸 경영진과 여러 차례 만났다는 것이다. 경찰은 지난...",https://www.chosun.com/national/national_general/2026/04/10/4P4LXWKBKJFFVCSW7HGQ26TS3M/?utm_source=naver&utm_medium=referral&utm_campaign=naver-news,3,,1
두나무 1심 승소 이어 빗썸도 집행정지…금융당국 제재 소송 선례 남기...,금융당국 제재의 성립 요건과 거래소 사고 뒤 반환 책임을 두고 법원 판단이 이어지면서 가상자산 거래소 분쟁의 선례가 쌓이기 시작했다. 서울행정법원 행정5부는 9일 두나무가 FIU를 상대로 낸 영업 일부정지 처분...,http://www.newsworker.co.kr/news/articleView.html?idxno=421515,4,,1
업비트 거래소에서 금일 가장 주목 받는 가상화폐는…,4월 10일 현재 국내 가상화폐 거래소인 업비트에서 '유에스디코인'이 가장 높은 일일 체결강도를 보이고... 5개 자산에 이름을 올리고 있다. 일일 매수 체결강도 상위 5개 가상화폐 모두 100% 이상의 체결강도를 보유...,https://www.khgames.co.kr/news/articleView.html?idxno=303314,0,,0
'13개 의혹' 김병기 이틀 만에 경찰 재출석…7차 피의자 소환,"또 차남의 숭실대 편입 과정과 가상자산 거래소 빗썸 취업 과정에 개입했는지 여부도 주요 수사 대상이다. 김 의원은 현재 모든 의혹을 부인하고 있다. 지난 8일 6차 조사를 마친 후 ""무죄 입증을 자신한다""고 밝힌 바...",https://www.newsis.com/view/NISX20260410_0003586325,3,,1
'13개 의혹' 김병기 7차 경찰 조사 출석…'묵묵부답',"또 차남의 숭실대 편입과 가상자산 거래소 빗썸 취업에 개입하고, 배우자의 동작구의회 법인카드 유용 사건 수사 무마를 청탁한 혐의 등을 받고 있다. 김 의원을 둘러싼 의혹은 지난해 9월 언론보도 이후 본격적으로...",https://www.mt.co.kr/society/2026/04/10/2026041013572991363,-1,,0
탈출 늑대 수색 장기화 속 이름 딴 밈 코인 'Neukgu' 등장,딴 가상자산이 발행되는 등 이색적인 현상이 나타나고 있다. 늑구의 행방을 쫓는 긴박한 상황 속에서도... 8일 대전 오월드 동물원에서 2살 수컷 늑대 '늑구'가 탈출한 이후 탈중앙화거래소(DEX) 펌프스왑(PumpSwap)에서 늑구의...,https://www.newsis.com/view/NISX20260410_0003586238,3,,1
"두나무 승소 후폭풍…가상자산 송금 규제, 실효성 논쟁 재점화",금융위원회 산하 금융정보분석원(FIU)은 지난 9일 가상자산 거래소 업비트를 운영하는 두나무와의 1심 소송에서 패소했다. 앞서 FIU는 지난해 2월 두나무가 미신고 가상자산 사업자(VASP)로 100만원 미만 출고를 고의적으로...,https://www.newsway.co.kr/news/view?ud=2026041011512434500,16,,1
"김병기, 이틀 만에 경찰 재출석…7차 피의자 조사","또 차남의 숭실대 편입 과정과 가상자산 거래소 빗썸 취업 과정에 개입했는지 여부도 주요 수사 대상입니다. 김 의원은 현재 모든 의혹을 부인하고 있고, 지난 8일 6차 조사를 마친 후 ""무죄 입증을 자신한다""고 밝힌 바...",https://www.ichannela.com/news/main/news_detailPage.do?publishId=000000523398,3,,1
"코빗, 갤럭시아머니트리와 스테이블코인 결제 추진","코빗 관계자는 ""이번 협력은 가상자산이 거래소 내 투자 자산을 넘어 활용 범위를 넓히는 시도""라며 ""거래 인프라를 기반으로 사용자 편의성을 높이고 가상자산 실사용 가능성을 점검해갈 것""이라고 말했다. KPI뉴스",https://www.kpinews.kr/newsView/1065586459170039,3,,1
[크립토퀵서치] 단독상장 디지털자산 투자가 왜 위험한가요?,국내 디지털자산(가상자산) 거래소에는 712종의 디지털자산이 상장되어 있습니다. 그중 약 300종이 특정 거래소에만 상장된 단독상장 디지털자산입니다. 금융당국은 ‘2025년 하반기 가상자산사업자 실태조사 결과’를...,https://it.donga.com/108717/,4,,1
"정부 보유 가상자산 유출 막는다...기관지갑 만들어 보안강화, 전담조직...",가상자산 거래소가 보관중인 자산은 거래소 협조를 얻어 기존 소유자의 계정 접근을 차단한다. 유출사고가 일어나면 신규 지갑을 만들어 남은 자산을 즉시 옮기고 기존 계정을 동결하는 등 비상조치에 나선다. 피해금액이...,https://www.mk.co.kr/article/12013592,3,,1
"코빗, 갤럭시아머니트리와 맞손…스테이블코인 기반 결제 실증 나선다",이투데이=박정호 기자 | 국내 가상자산 거래소 코빗은 전자금융업자 갤럭시아머니트리와 협력해 스테이블코인 기반 결제 사업을 추진한다고 10일 밝혔다. 양사는 코빗의 가상자산 거래 인프라와 갤럭시아머니트리가...,https://www.etoday.co.kr/news/view/2574660,4,,1
"‘대전 오월드 탈출’ 늑구, 밈코인까지 등장",10일 가상자산 업계에 따르면 해외 일부 가상화폐 거래소에서 늑구의 이름을 딴 코인 ‘Neukgu’가 유통되고 있다. 해당 코인은 지난 8일 1억6000만개가 발행돼 총 유동성은 2만달러에 달한다. 이 코인은 지난 8일 생성된...,https://biz.chosun.com/topics/topics_social/2026/04/10/REKUIWNWURFJRCGWWXKQR6RBZE/?utm_source=naver&utm_medium=original&utm_campaign=biz,7,,1
"가상자산 거래소, 금융당국 제재에 맞선다…'불복 소송' 도미노","가상자산 거래소들이 금융당국 제재에 정면 대응하기 시작했다. 두나무의 1심 승소를 계기로 '제재 수용' 관행이 깨지면서, 행정소송으로 맞서는 흐름이 확산되고 있다. 가상자산 규제의 기준을 둘러싼 당국과 법원의...",https://www.newsworks.co.kr/news/articleView.html?idxno=837391,4,,1
비트코인 7만달러 회복에도…전문가 전망은 '엇갈림',"다만 향후 가격 전망을 두고는 전문가들의 예측이 엇갈린 상황으로, 여전히 가상자산 시장의 변동성 및 불확실성이 남아있다.10일 미국 가상자산거래소 코인베이스에 따르면 이날 오후 1시 기준 비트코인 가격은 전날보다...",https://www.asiatoday.co.kr/view.php?key=20260410010003195,4,,1
"코인 거래소 바이낸스, 예측 시장도 진출… 멀티플랫폼 변신","세계 1위 가상 자산 거래소 바이낸스가 예측 시장 서비스를 출시하면서 현물과 파생 상품 거래 중심에서 멀티플랫폼으로 변신하고 있다. 10일 가상 자산 업계에 따르면, 바이낸스는 BNB 스마트 체인(BSC·Build and Build...",https://biz.chosun.com/stock/finance/2026/04/10/BGUDXUIXARCE5FMGQG3NF3XG7A/?utm_source=naver&utm_medium=original&utm_campaign=biz,0,,0
두나무 ‘영업정지’ 취소 ‘규제 공백 이유’ 판단,가상자산거래소 업비트를 운영하는 두나무가 금융당국의 영업 일부정지 처분에 불복해 제기한 행정소송 1심에서 승소했다. 법원은 가상자산 100만원 미만 거래에 대한 규제가 명확히 마련되지 않은 상태에서 업비트의...,https://www.naeil.com/news/read/584840?ref=naver,4,,1
"정부, 공공분야 가상자산 관리체계 ‘대수술’…보안 강화","정부가 보유하고 있는 780억원대 가상자산을 체계적으로 관리하기 위한 시스템을 도입한다. 최근 국세청... 거래소가 보관 중인 자산은 사업자 협조를 얻어 계정을 즉시 동결하고, 기부받은 자산은 수령 즉시 처분해...",https://www.naeil.com/news/read/584765?ref=naver,3,,1
비트코인 반등에도 암호화폐株는 한겨울…월가 투자의견 하향 잇따라,가상자산 거래소 불리쉬(NYS:BLSH) 역시 로젠블랫이 투자의견을 '매수'에서 '중립'으로 하향 조정하면서 2.51달러(6.5%) 하락한 36.12달러에 마감했다. 로젠블랫은 불리쉬가 현재 코인베이스 글로벌(NAS:COIN)나 로빈후드(NAS...,https://news.einfomax.co.kr/news/articleView.html?idxno=4408878,7,,1
"제재 리스크 털어낸 두나무, 네이버 합병 탄력받나","미신고 거래 '고의성 부재' 인정 ""합병 좌우할 변수는 아냐""…업계선 신중론도 가상자산 거래소 업비트를 운영하는 두나무가 금융정보분석원(FIU)을 상대로 제기한 행정소송 1심에서 승소하면서 규제 리스크가 완화됐다....",https://news.tf.co.kr/read/economy/2311815.htm,4,,1
이란 코인으로 통행료 요구 왜?…“제재 회피해 무기구매 등 활용”,체이널리시스의 분석가 케이트린 마틴은 “포괄적 제재를 받는 국가에서 가상화폐는 유용하다”며 “국경... 우려해 자산을 현지 암호화폐 거래소에서 개인 지갑 또는 해외 암호화폐 거래소로 옮기기도 했다. 엘립틱에...,https://www.donga.com/news/Inter/article/all/20260410/133713749/2,3,,1
"""잘못 받은 코인 돌려주세요""…62조 오지급 빗썸, 남은 7억은 법정 대응",가상자산 거래소 빗썸이 지난 2월 발생한 '비트코인 오지급' 사고와 관련해 아직 회수하지 못한 약 7억원 상당 물량 반환을 위해 법적 대응에 나섰다. 9일 업계에 따르면 빗썸은 오지급된 비트코인 가운데 반환을...,http://weekly.chosun.com/news/articleView.html?idxno=50547,3,,1
"XRP 고래들, 매집 폭주...""공포에 팔린 물량 싹쓸이""",특히 거래소에서 외부 지갑으로 빠져나가는 유출량이 급증하면서 시장 내 즉각적인 매도 압력도... 가상자산 시장은 이번 대규모 매집이 향후 강력한 가격 돌파의 신호탄이 될 수 있을지에 촉각을 곤두세우고...,http://coinreaders.com/229952,3,,1
"코빗-갤럭시아머니트리, 스테이블코인 기반 결제 사업 추진…머니트리...",코빗은 가상자산 유동성 공급과 거래소 인프라를 기반으로 자산 흐름을 지원한다. 갤럭시아머니트리는 선불전자지급수단 라이선스를 기반으로 결제 인프라를 제공한다. 양사는 단계적 개념검증을 거친 후 법령 준수 범위...,http://www.lawissue.co.kr/view.php?ud=20260410121205420204ead0791_12,6,,1
"업비트 영업정지 취소…이용자 ""거래 중단 불안 해소""",ABC뉴스=백용재 기자 / 법원이 가상자산 거래소 업비트 운영사 두나무 에 대한 영업 일부정지 처분을 취소하면서 이용자들의 거래 제한 우려가 줄어들게 됐다. 소비자 입장에서는 서비스 중단 가능성이 해소됐다는 점에서...,https://www.abcn.kr/news/articleView.html?idxno=87360,3,,1
공공 가상자산 관리 ‘물샐틈없게’… 압수 780억 ‘콜드월렛’ 별도 보...,"정부가 비트코인 등 780억 원대의 가상자산을 보유하고 있는 가운데 이들 자산을 체계적으로 관리하기 위해... 각 거래소가 보관 중인 자산은 사업자 협조를 얻어 계정을 즉시 동결하고, 기부받은 자산은 수령 즉시 처분해...",https://www.munhwa.com/article/11581383?ref=naver,3,,1
"[기자수첩] 표심에 흔들린 금융소득 과세, 코인만 남았다","해외 거래소에 대한 과세 공백이 분명한 것은 사실이지만, 이는 한국만의 특수한 문제가 아니라 주요국이 함께 풀어가고 있는 공통 과제다. 과세 사각지대가 없을 때 까지 제도를 유예하자는 기준을 적용한다면, 가상자산...",https://www.newspim.com/news/view/20260410000316,4,,1
"두나무, FIU 영업정지 처분 취소소송 1심 승소…법원 ""고의·중과실 해당...","한편 이번 판결은 가상자산 거래소 업계 전반에 영향을 미칠 전망이다. 빗썸도 유사한 이유로 6개월 영업 일부정지 처분을 받고 지난달 행정소송을 제기한 상태로, 이번 결과가 해당 소송에도 참고될 것으로 보인다....",http://www.dailypop.kr/news/articleView.html?idxno=97937,3,,1
"이란, 호르무즈 통행료 비트코인 징수 검토…11조원 크립토 시장이 배경","올해 2월 말 미-이란 충돌 직후, 이란 내 거래소에서 약 1030만달러(약 152억원) 규모의 가상자산이 개인 지갑으로 이동한 것으로 나타났다. 이는 자산 압류나 인터넷 차단에 대비한 움직임으로 해석된다. 실제 도입은...",https://www.tokenpost.kr/news/cryptocurrency/347997,4,,1
‘AI 에이전트 결제’ 상거래 판 흔든다,‘x402’는 미국 가상자산 거래소 코인베이스가 개발한 AI 에이전트 결제 프로토콜로 AI가 서비스에 접근하면 서버가 가격을 응답하고 예산이 범위 내일 경우 스테이블코인으로 자동 결제되는 구조다. x402 재단 출범에는...,https://www.munhwa.com/article/11581322?ref=naver,3,,1
"베트남 암호화폐 제도권 편입 가속…OKX·해시키, 현지 거래소 선점 경...",거래소 설립을 넘어 ‘규제 친화적’ 운영 모델 구축에 초점이 맞춰진 구조로 평가된다. 자금세탁 규제 압박도 제도화 촉진 요인 베트남은 2023년 국제자금세탁방지기구(FATF) ‘그레이 리스트’에 포함되며 가상자산...,https://www.tokenpost.kr/news/cryptocurrency/347995,6,,1
업비트 행정소송 승소에 빗썸·코인원 ‘반색’,가상자산 거래소 업비트를 운영하는 두나무가 금융정보분석원(FIU)을 상대로 낸 행정소송에서 승소하면서 업비트뿐 아니라 경쟁사인 빗썸과 코인원도 안도의 한숨을 내쉬게 됐다. 이들 역시 업비트와 마찬가지로 제재...,https://www.munhwa.com/article/11581320?ref=naver,4,,1
가상자산 ‘스테이킹·렌딩 수익 과세’ 기준 부재 [H-EXCLUSIVE],오문성 한국조세정책학회장은 “과세가 시작되면 빠져나갈 방법을 찾게 될 텐데 국세청의 세부 기준이 없다면 국내 거래소를 이용하는 투자자와 DEX나 디파이로 빠진 투자자 간 형평성이 어긋난다”며 “가상자산에서...,https://biz.heraldcorp.com/article/10714462?ref=naver,3,,1
"비트코인, 7만 달러 벽 앞 매물 폭탄...""10년 잠자던 고래가 움직였다""","4월 10일(현지시간) 가상자산 전문 매체 코인텔레그래프 보도에 따르면, 7년 이상 비트코인을 보유해 온... 실제로 거래소 내 BTC 잔고는 약 450만BTC 수준까지 감소하며 공급 부족 구조가 형성되고 있다. 이 과정에서...",http://coinreaders.com/229941,4,,1
"이란, 호르무즈 통행료 코인 징수 배경엔…""11조원 시장""",뒤에는 거래소 유출 규모가 약 1030만달러(약 152억원)에 달했다고 WSJ는 전했다. 다만 전문가들은 유조선 통행료를 가상자산으로 받는 방식이 실제로 어떻게 작동할지는 분명하지 않다고 말했다. 해운회사들이 촉박한 시간...,http://www.edaily.co.kr/news/newspath.asp?newsid=03322646645414808,4,,1
"가상자산 소득세 시행 코 앞인데, 국세청 ""과세기준 검토 단계""",이에 따라 가상자산 소득세가 시행되면 국내 거래소를 이용하던 투자자들이 세금부담을 피하기 위해 과세 사각지대인 탈중앙화금융으로 대거 이동하는 이른바 풍선효과가 나타날 수 있다는 우려가 제기된다. 실제로...,https://www.taxtimes.co.kr/news/article.html?no=274682,4,,1
"압류코인 유출 막는다...정부, 공공가상자산 관리 손질",가상자산사업자가 보관 중인 가상자산은 거래소 계정의 접근을 차단하고 기부받은 가상자산은 수령 즉시 처분한다. 보관 단계에서는 네트워크 차단을 통해 보안성을 강화한다. 가상자산 개인 키나 복구구문 등 중요...,http://www.wowtv.co.kr/NewsCenter/News/Read?articleId=A202604100287&t=NN,3,,1
"거래소 내 스테이블코인으로 결제까지…코빗, 갤럭시아머니트리와 협업",박현영 블록체인전문기자 = 가상자산 거래소 코빗이 전자금융업자 갤럭시아머니트리와 협력해 스테이블코인 기반 결제 사업을 추진한다고 10일 밝혔다. 양사는 코빗의 가상자산 거래 인프라와 갤럭시아머니트리가...,https://www.news1.kr/finance/blockchain-fintech/6132058,4,,1
"법원이 본 '나름의 조치' … 두나무 승소, 빗썸에도 통할까",뉴데일리 정혜영 기자 = 법원이 국내 가상자산 거래소 업비트를 운영하는 두나무의 금융당국 제재 취소 소송에서 '나름의 조치'를 인정하며 손을 들어줬다. 규정이 명확하지 않았던 상황에서 거래소가 실제 대응 노력을...,https://biz.newdaily.co.kr/site/data/html/2026/04/10/2026041000093.html,4,,1
"[더벨][i-point] 채비, 미국 SPT와 공급 협약","SPT는 태양광·ESS 사업을 담당하는 Stored Power Technology Inc.와 AI 기반 가상발전소(VPP) 및 탄소자산관리... 한국거래소 예비심사 승인에 이어 지난 4일 증권신고서를 제출했으며, 총 1000만 주를 공모한다. 희망...",https://www.thebell.co.kr/free/content/ArticleView.asp?key=202604101035200440109219,3,,1
코인투자 사기피해 발생 시 유의해야할 점은?,"가상자산 시장이 빠르게 성장하면서 이를 악용한 투자 사기 역시 다양한 형태로 증가하고 있다. 특히... 이중에서도 코인 투자사기는 주로 리딩방, 가짜 거래소, 투자 플랫폼 등을 통해 이루어진다. 초기에는 소액 투자로...",http://www.e2news.com/news/articleView.html?idxno=329422,3,,1
[단독]'알겠습니다^^' 해놓고…가상자산거래소 영업정지한 FIU,법원이 가상자산거래소 업비트 운영사인 두나무에 대한 금융당국의 영업정지 처분을 취소한 배경엔 당국의 '앞뒤 다른' 행위가 있었던 것으로 나타났다. 업계가 마련한 미신고 가상자산사업자에 대한 출금 통제...,https://www.nocutnews.co.kr/news/6500140?utm_source=naver&utm_medium=article&utm_campaign=20260410110515,4,,1
"""코인 안 내면 통행 없다""…美 제재 비웃는 이란, 11조 비트코인 경제",미국 규제 당국도 이란의 가상화폐망 차단에 주력하고 있다. 지난 1월 미 재무부 해외자산통제국(OFAC)은 혁명수비대의 자금 거래를 도운 영국 등록 거래소 2곳을 제재하는 등 감시 수위를 높이고 있다．,https://www.newsis.com/view/NISX20260410_0003586015,0,,0
양자컴퓨터 기술 발전에 가상화폐 업계 '멘붕'... 비트코인도 10분만에 ...,비트코인 '양자 내성 암호' 체계가 도입했을 때 예측되는 결과로는 ▲자산 수탁 방식 재점검 ▲가상화폐 거래소의 양자 내성 주소 지원 등이 있다. 보안 수준에 따라 비트코인 가치가 달라질 수 있을지에도 이목이...,https://www.khgames.co.kr/news/articleView.html?idxno=303308,0,,0
"“코인 털리면 파면”… 정부, 780억 가상자산 관리 강화","검찰·경찰·국세청 등 공공기관이 압수한 수백억원대 가상자산이 관리 소홀로 잇따라 유출되자, 정부가... 또 거래소가 보관 중인 자산은 사업자 협조를 얻어 계정을 즉시 동결하고, 기부받은 자산은 수령 즉시 처분해...",https://www.kmib.co.kr/article/view.asp?arcid=0029659886&code=61141111&cp=nv,3,,1
"코빗, 갤럭시아머니트리와 스테이블코인 결제 사업 추진",가상자산 거래소 코빗이 전자결제사 갤럭시아머니트리와 스테이블코인 기반 결제 사업을 추진한다고 10일 밝혔다. 두 회사는 전날 관련 업무협약도 맺었다. 갤럭시아머니트리는 '머니트리' 앱을 운영하고 있다. 코빗은...,https://www.hankyung.com/article/202604101740i,3,,1
"잇단 코인 유출에…정부, 780억 공공 가상자산 특별관리",가상자산을 인터넷 연결이 차단된 '콜드월렛' 등 기관 지갑으로 즉시 전송해 보관하도록 의무화했다. 지갑 생성 시 발급되는 개인키나 복구구문 등 중요 정보는 반드시 2인 이상이 분할해 관리해야 한다. 거래소가 보관...,https://news.tvchosun.com/site/data/html_dir/2026/04/10/2026041090102.html,3,,1
"""국세청 해외 가상자산 파악 난항...과세 실현 불가능""","이 같은 상황에서 가상자산 소득세 징수가 시행될 경우 국내 거래소 이용자만 대상이 되고, 해외 거래소나 탈중앙화금융으로 이동한 투자자는 과세를 회피할 가능성이 높아 조세 형평성이 훼손될 우려가 크다는 지적이...",https://www.hankyung.com/article/202604101688i,4,,1
두나무 '에너지 사용 절감 5대 실천 계획' 시행,가상자산 거래소 업비트 운영사 두나무는 정부의 에너지 절감 정책에 동참하고자 '에너지 사용 절감 5대 실천 계획'을 시행한다고 10일 밝혔다. 이번 계획은 ▲임직원 '에너지 절약 국민행동' 참여 독려 ▲차량 5부제 시행...,http://www.smedaily.co.kr/news/articleView.html?idxno=355447,3,,1
빗썸 비트코인 오지급 반환 거부…가압류 절차 돌입,가상자산거래소 빗썸이 지난 2월 발생한 대규모 비트코인 오지급 사고 이후 회수하지 못한 비트코인에 대해 가압류 절차를 시작했다. 10일 가상자산업계에 따르면 최근 빗썸은 비트코인 오지급 사태 이후 일부 회수하지...,https://www.kukinews.com/article/view/kuk202604100047,3,,1
"“비트코인 오지급, 빗썸 잘못이니 7억원 못 준다”…버티는 사용자 회...","가상자산 거래소 빗썸이 지난 2월 발생한 ‘비트코인 오지급’ 사고와 관련, 회수 못한 물량을 되찾기 위해 법적 대응에 나섰다. 9일 업계에 따르면 빗썸은 오지급된 비트코인 가운데 반환을 거부하고 있는 약 7억원 상당...",https://biz.heraldcorp.com/article/10714335?ref=naver,3,,1
"이란 가상자산 시장 활성화 기대…""호르무즈 통행료 영향""",미국과 교전이 시작된 지난 2월28일 이후 이란 최대 가상자산 거래소인 노비텍스에서는 가상자산의 해외 유출이 평시보다 700% 이상 급증했던 것으로 알려졌다. 체이나리시스의 케이틀린 마틴 선임 정보분석가는 WSJ에...,https://view.asiae.co.kr/article/2026041010002744828,3,,1
"[오늘의 게임·IT 소식] 빗썸, 유튜브 채널 전면 개편 外","◆코빗, 갤럭시아머니트리와 스테이블코인 기반 결제 사업 추진 국내 최초 가상자산 거래소 코빗이 전자금융업자 갤럭시아머니트리와 협력해 스테이블코인 기반 결제 사업을 추진한다고 10일 밝혔다. 양사는 코빗의...",https://dealsite.co.kr/articles/159992,0,,0
"코빗-갤럭시아머니트리, 스테이블코인 결제 생태계 구축",가상자산 거래소 코빗은 전자금융업자 갤럭시아머니트리와 '스테이블코인 기반 결제 사업'을 추진한다고 10일 밝혔다. 단순한 업무 제휴 수준을 벗어나 양사의 핵심 플랫폼을 직접 연동하는 실질적 서비스 구현을 목표로...,https://www.mhj21.com/news/articleView.html?idxno=251538,4,,1
"잇따른 가상자산 유출 사고에…정부, 780억원대 공공 가상 자산 관리 대...","개인지갑에 보관된 자산은 압수·압류 즉시 기관 명의 지갑으로 이전하고, 거래소에 보관된 자산은 가상자산사업자 협조를 통해 계정 동결 등 접근 차단 조치를 병행한다. 보관 단계에서는 보안을 대폭 강화한다....",https://www.segye.com/newsView/20260410505794?OutUrl=naver,3,,1
"비트코인 7.2만 달러…""이더리움과 美 퇴직연금 편입 기대""[코인브리핑...","코인베이스, 비트코인·토큰화 금 인덱스 출시 인덱스 제공업체 마켓벡터와 미국 가상자산 거래소 코인베이스가 비트코인과 토큰화된 금을 추종하는 신규 인덱스를 출시했다. 9일(현지시간) 코인텔레그래프에 따르면...",https://www.news1.kr/finance/blockchain-fintech/6132060,4,,1
"위메이드, 위메이드플레이 직접 지배⋯출자 구조 변경","위메이드는 지난 2021년 게임과 가상자산 생태계 결합을 목적으로 위믹스 코인을 발행하면서 투자 회사인 위믹스코리아를 세웠다. 이후 위믹스는 업비트·빗썸 등 국내 거래소에서 상장됐으나, 경영진의 대량 매도 논란...",http://www.inews24.com/view/1959028,3,,1
"코빗, 전자금융기업 갤럭시아머니트리와 스테이블코인 기반 결제 사업 ...","코빗 관계자는 ""가상자산이 거래소 내 투자 자산을 넘어 실질적인 활용 영역으로 확장되는 중요한 시도""라며 ""안정적인 거래 인프라를 기반으로 사용자 경험을 고도화하고, 가상자산의 활용 범위를 지속적으로 넓혀...",http://www.fnnews.com/news/202604101028526488,4,,1
"코빗, 스테이블코인으로 편의점 결제 도전 ""가상자산 생활화 첫발""",국내 1호 가상자산 거래소 코빗이 전자금융업자 갤럭시아머니트리와 손잡고 스테이블코인 기반 결제 사업에 나선다고 10일 밝혔다. 양사는 코빗의 가상자산 거래 인프라와 갤럭시아머니트리의 '머니트리' 앱을 연계해...,https://www.econovill.com/news/articleView.html?idxno=736818,4,,1
"정부, 780억 공공 가상자산 '콜드월렛 관리'…유출 땐 형사 고발도","거래소가 보관 중인 자산의 경우 사업자 협조를 통해 계정을 즉시 동결하고, 공공기관이 기부받은 가상자산은 수령 즉시 처분해 가격 변동과 해킹 등 위험 노출 기간을 최소화한다는 방침이다. 보관 장소에는 금고와...",http://www.newsroad.co.kr/news/articleView.html?idxno=57675,3,,1
"비트코인, 트럼프 ""호르무즈 통행료 부과 말라""에 7만1000달러선 반등 [...",이에 국제유가인 런던 ICE 선물거래소에서 6월 인도분 브렌트유는 9일(현지시간) 전장보다 1.23% 상승한 배럴당 95.92달러에 거래를 마치기도 했다. 코인마켓캡이 제공하는 '가상자산 공포 및 탐욕 지수'는 이날 45로...,http://www.fnnews.com/news/202604101022585884,4,,1
"FIU 제재 앞둔 코인원, 두나무 판결 변수되나","가상자산거래소 업비트를 운영하는 두나무가 금융정보분석원(FIU)을 상대로 한 영업정지 취소 소송 1심에서 승소해, 오는 13일 제재 수위 결정을 앞둔 코인원의 처분 수위가 완화할지 주목한다. 10일 금융투자업계에...",http://www.inews24.com/view/1959006,4,,1
"송언석 “가상자산소득세 준비 미흡"".. 전면 재검토 촉구",가상자산 소득세가 시행될 경우 국내 거래소 이용자들이 과세 공백이 있는 영역으로 이동할 수 있다는 우려가 나온다. 해외 거래소 소득에 대한 과세 실효성 역시 한계가 있다는 지적이다. 암호화자산 정보교환 규정(CARF)...,http://www.joseilbo.com/news/news_read.php?uid=566316&class=7&grp=,3,,1
[기획] 코빗 1분기 상장 0·상장 폐지 4개,DAXA가 집계 중인 원화마켓 거래사업자 가상자산 거래지원 현황(2026년 2월 27일 기준)에 따르면 코빗은 200종을 거래 중이다. 고팍스 126종과 코인원 394종과 비교하면 거래소 업계 4위 수준이다. 이전부터 코빗은...,https://www.nbntv.co.kr/news/articleView.html?idxno=4020696,4,,1
"공공부문 '코인유출' 재발 방지…정부, 10일 가이드라인 배포","정부가 가상자산 유출 사고를 막기 위해 보유하고 있는 780억원대 공공부문 가상자산을 취득에서부터 보관... 거래소가 보관 중인 자산은 사업자 협조를 얻어 계정을 즉시 동결하고, 기부받은 자산은 수령 즉시 처분해...",http://www.newsfc.co.kr/news/articleView.html?idxno=78000,3,,1
[ND 가상자산] 두나무·빗썸·코빗,"코빗 관계자는 ""이번 협력은 가상자산이 거래소 내 투자 자산을 넘어 실질적인 활용 영역으로 확장되는 중요한 시도""라며 ""안정적인 거래 인프라를 기반으로 사용자 경험을 고도화하고, 가상자산의 활용 범위를 지속적으로...",http://www.newsdream.kr/news/articleView.html?idxno=111232,3,,1
비트코인 7만달러대 소폭 상승…중동 변수 속 숨 고르기,재판매 및 DB 금지] 10일 오전 10시 기준 글로벌 가상자산 시황 사이트 코인마켓캡에 따르면 비트코인은 약 7만1900달러 안팎에서 거래되고 있다. 국내 거래소 업비트 기준 가격은 약 1억700만원대 초반에서 형성되며...,http://www.nongaek.com/news/articleView.html?idxno=95056,4,,1
"코빗, 갤럭시아머니트리와 스테이블코인 결제 시장 진출",] 가상자산 거래소 코빗이 전자금융업자 갤럭시아머니트리와 협력해 스테이블코인 기반 결제 사업을 추진한다고 오늘(10일) 밝혔습니다. 양사는 코빗의 가상자산 거래 인프라와 갤럭시아머니트리가 운영하는 '머니트리...,https://biz.sbs.co.kr/article_hub/20000303434?division=NAVER,4,,1
"코인 유출 막는다···정부, 공공 가상자산 관리 기준 마련",법 집행 과정에서 압수·압류·동결로 확보한 가상자산은 신속히 기관 지갑으로 이전해 통제권을 확보하고 거래소 보관 자산은 사업자 협조를 통해 계정 접근을 즉시 제한하도록 했다. 기부받은 가상자산은 보유에 따른...,https://www.thereport.co.kr/news/articleView.html?idxno=86487,3,,1
"정부, 780억 가상자산 관리 나선다…“코인유출 재발 방지”",앞으로 모든 압수·압류 가상자산을 인터넷 연결이 차단된 ‘콜드월렛’에 보관하도록 의무화했다. 특히 지갑의 열쇠 격인 개인키와 복구구문은 반드시 2인 이상이 분할해 관리하도록 했다. 거래소 보관 자산은 즉시...,https://www.ddaily.co.kr/page/view/2026041009595630220,3,,1
"송언석, ""국세청, 가상자산 과세기준·원가 산정방식 여전히 검토 단계...","송 의원은 이 같은 상황에서 가상자산 소득세가 시행될 경우, 국내 거래소 이용 투자자들이 과세 사각지대인 탈중앙화금융으로 이동할 가능성이 크다는 우려를 제기했다. 실제로 암호화폐 시장 분석 플랫폼...",https://www.sejungilbo.com/news/articleView.html?idxno=57950,7,,1
"두나무, 정부 정책 부응 위한 ‘에너지 절감 5대 실천 계획’ 시행","가상자산 거래소 업비트를 운영하는 두나무가 정부의 에너지 절감 정책에 동참하고자 '에너지 사용 절감 5대 실천 계획'을 시행한다고 10일 밝혔다. 이번 계획은 임직원의 '에너지 절약 국민행동' 참여 독려, 차량 5부제...",https://www.megaeconomy.co.kr/news/newsview.php?ncode=1065574663210202,3,,1
"빗썸, 보는 재미에 정보까지…유튜브 전면 개편","/빗썸 | 서울=한스경제 전시현 기자 | 국내 가상자산 거래소 빗썸이 투자자들의 접근성을 높이고 시장 정보를 쉽고 명확하게 전달하기 위해 공식 유튜브 채널을 전면 개편했다. 10일 빗썸에 따르면, 이번 리뉴얼은 복잡한...",http://www.hansbiz.co.kr/news/articleView.html?idxno=832025,-1,,0
"정부, 780억 가상자산 관리한다…공공부문 '코인유출' 재발 방지","▲정부가 보유하고 있는 780억원대 공공부문 가상자산을 체계적으로 관리하기 위한 시스템을 도입한다.... 거래소가 보관 중인 자산은 사업자 협조를 얻어 계정을 즉시 동결하고, 기부받은 자산은 수령 즉시 처분해...",https://www.goodnews1.com/news/articleView.html?idxno=458642,3,,1
"""이더리움 4% 장악""...비트마인, 40억 달러 자사주 매입 베팅에도 주가 ...","이더리움(Ethereum, ETH) 중심의 가상자산 재무 관리 기업 비트마인이 뉴욕증권거래소 대형주 게시판으로 이전 상장하고 자사주 매입 규모를 40억 달러로 확대하며 공격적인 행보를 보이고 있다. 가상자산 전문 매체...",http://coinreaders.com/229918,5,,1
"[영상클립] ""삼성도 네이버도 아니었다""…한국에서 연봉 가장 많이 주는...","더 자세한 내용과 업계의 숨은 이야기는 영상을 통해 확인하실 수 있습니다. 두나무,업비트,빗썸,직원연봉,평균연봉,연봉1위,가상자산,코인거래소,암호화폐,광고비,영업이익,기업분석,업비트연봉,빗썸연봉,뉴스워커",http://www.newsworker.co.kr/news/articleView.html?idxno=421319,6,,1
780억 공공 가상자산 관리시스템 도입···'콜드월렛' 별도 보관,"거래소에 보관 중인 자산은 사업자 협조를 통해 계정을 즉시 동결하고, 기부받은 가상자산은 수령 즉시 처분해 가격 변동에 따른 위험을 최소화할 방침이다. 보관 장소에는 금고와 폐쇄회로(CC)TV 등을 설치해 출입을...",https://www.seoulfn.com/news/articleView.html?idxno=626159,3,,1
"코빗·갤럭시아머니트리, 스테이블코인 결제사업 추진 MOU",가상자산거래소 코빗이 지난 9일 갤럭시아머니트리와 스테이블코인 기반 결제사업을 추진하기 위한 업무협약(MOU)을 체결했다고 10일 밝혔다. 가상자산 거래 인프라와 갤럭시아머니트리의 '머니트리' 앱을 연계해 가상자산...,https://www.mt.co.kr/stock/2026/04/10/2026041009453094567,3,,1
"정부, 780억 가상자산 관리 시스템 도입…코인유출 재발 방지","정부가 보유하고 있는 780억 원대 공공부문 가상자산을 체계적으로 관리하기 위한 시스템을 도입합니다.... 거래소가 보관 중인 자산은 사업자 협조를 얻어 계정을 즉시 동결하고, 기부받은 자산은 수령 즉시 처분해...",http://mbnmoney.mbn.co.kr/news/view?news_no=MM1005811162,3,,1
"두나무, 에너지 절약 5대 실천 가동","/두나무 | 서울=한스경제 전시현 기자 | 국내 최대 가상자산 거래소 업비트의 운영사인 두나무가 전사적인 에너지 허리띠 졸라매기에 나섰다. 글로벌 에너지 위기 속에서 정부의 자원 안보 정책에 발맞춰, 사무실 대기전력...",http://www.hansbiz.co.kr/news/articleView.html?idxno=832021,3,,1
국세청 등 정부기관 보유 코인유출 차단…가상자산 관리체계 개선,"또한 거래소 보관 자산은 즉시 계정 동결 조치를 취하고 기부로 받은 가상자산은 즉시 현금화하도록 해 가격 변동 및 해킹 위험을 차하기로 했다. 보관 단계에서는 금고, CCTV, 출입통제 등 물리적 보안과 함께 접근권한...",http://www.intn.co.kr/news/articleView.html?idxno=2050097,3,,1
"코빗-갤럭시아머니트리, 스테이블코인 사업 추진",/코빗 | 서울=한스경제 전시현 기자 | 국내 가상자산 거래소 코빗이 전자금융업체 갤럭시아머니트리와 손잡고 스테이블코인 기반 결제 사업에 나선다. 코빗은 10일 갤럭시아머니트리와 협력해 스테이블코인을 활용한 결제...,http://www.hansbiz.co.kr/news/articleView.html?idxno=832018,4,,1
"코빗·갤럭시아머니트리, 스테이블코인 결제 사업 추진",국내 가상자산 거래소 코빗이 전자금융업자 갤럭시아머니트리와 협력해 스테이블코인 기반 결제 사업을 추진한다고 10일 밝혔다. 양사는 코빗의 가상자산 거래 인프라와 갤럭시아머니트리가 운영하는 ‘머니트리(Moneytree)...,http://www.wowtv.co.kr/NewsCenter/News/Read?articleId=A202604100232&t=NN,4,,1
'압류 코인' 못 지킨 공공기관…보관체계 손질로 유출 막을까,"미국 연방보안관청은 2024년 경쟁 입찰을 거쳐 코인베이스 프라임을 수탁업체로 선정했고, 영국 경찰청장협의회도 2021년부터 전문 커스터디 업체에 압수한 가상자산을 맡기고 있다. 국내에서도 거래소와 커스터디 업계가...",https://www.ebn.co.kr/news/articleView.html?idxno=1705002,3,,1
비트코인 7만1000달러 회복…'투심 위축'은 변수 [Bit 코인],"하지만 이와 관련해 가상자산 거래소 비트멕스의 공동 창업자 아서 헤이즈는 ""선박 통행료와 연결된 비트코인 온체인 거래를 확인하기 전까지는 이란이 비트코인으로 통행료를 받는다는 주장을 믿기 어렵다""고...",https://www.etoday.co.kr/news/view/2574568,4,,1
"정부, 780억 규모 공공 가상자산 관리 특단 조치…통제 시스템 도입",정부가 국세청과 검찰 등에서 발생한 가상자산 유출 사고의 재발을 막기 위해 780억원대에 달하는 공공부문... 거래소가 보관 중인 자산은 사업자 협조를 얻어 계정을 즉시 동결하고 기부받은 자산은 수령 즉시 처분해...,https://www.pinpointnews.co.kr/news/articleView.html?idxno=444418,3,,1
"코빗, 갤럭시아머니트리 '맞손'…스테이블코인 기반 결제 사업 추진",가상자산 거래소 코빗은 전자금융업자 갤럭시아머니트리와 협력해 스테이블코인 기반 결제 사업을 추진한다고 10일 밝혔다. 양사는 코빗의 가상자산 거래 인프라와 갤럭시아머니트리가 운영하는 '머니트리' 앱을 연계해...,https://www.newsis.com/view/NISX20260410_0003585669,4,,1
"빗썸, 유튜브 채널 전면 개편…""보는 재미에 정보까지""",가상자산 거래소 빗썸은 자사 유튜브 채널을 개편했다고 10일 밝혔다. 이번 개편은 정보 전달 방식을 직관적으로 재정비해 이용자 접근성을 높이는 데 중점을 뒀다고 설명했다. 빗썸은 이번 개편을 통해 새로운 콘텐츠를...,https://www.widedaily.com/news/articleView.html?idxno=292001,-1,,0
"코빗, 스테이블코인 결제 사업 추진···갤럭시아머니트리와 맞손","코빗 관계자는 ""가상자산이 거래소 내 투자 자산을 넘어 실질적인 활용 영역으로 확장되는 중요한 계기""라며 ""사용자 경험을 고도화하고 가상자산 활용 범위를 지속적으로 넓혀 나가겠다""고 말했다.",http://www.enewstoday.co.kr/news/articleView.html?idxno=2417218,3,,1
"정부, 780억 가상자산 관리 강화…콜드월렛 보관 의무화","정부는 우선 압수·압류한 가상자산을 취득 즉시 인터넷과 분리된 콜드월렛 등 기관 지갑으로 이전해 보관하도록 했다. 개인키나 복구구문 등 주요 접근 정보는 2인 이상이 분할 관리하도록 하고, 거래소 보관 자산은...",http://www.nongaek.com/news/articleView.html?idxno=95054,3,,1
"두나무, '에너지 사용 절감 5대 실천 계획' 시행…정부 정책 동참",가상자산 거래소 업비트를 운영하는 두나무는 정부 에너지 절감 정책에 동참하기 위해 '에너지 사용 절감 5대 실천 계획'을 시행한다고 10일 밝혔다. 시행되는 계획은 ▲임직원 '에너지 절약 국민행동' 참여 독려 ▲차량...,https://www.widedaily.com/news/articleView.html?idxno=291996,3,,1
국세청·검찰·경찰 가상자산 줄줄 샜다…정부 780억원 관리 시스템 가...,가상자산은 현장에서 즉시 인터넷 연결이 차단된 '콜드월렛' 등 기관 지갑으로 옮겨 보관해야 한다. 기관 지갑 생성 시 발급되는 개인키와 복구구문 등 중요 정보는 2인 이상이 분할 관리하도록 의무화했다. 거래소가...,https://www.imaeil.com/page/view/2026041009143142114,3,,1
"김성원 의원, '가상자산 3법' 대표발의… ""1거래소 1은행 규제 깨고 산업...",이번 개정안이 통과되면 가상자산사업자는 둘 이상의 금융회사로부터 실명확인 계정을 발급받을 수 있게 되어 거래소 간 건전한 경쟁이 가능해질 것으로 보인다. 금융혁신법 개정안은 가상자산사업자를 규제 특례 대상인...,https://www.ppss.kr/news/articleView.html?idxno=292203,7,,1
정부기관 '코인유출' 재발 차단…780억 가상자산 관리체계 구축,"정부, '공공분야 가상자산 보유·관리체계 개선방안' 의결 취득 즉시 '콜드월렛' 기관지갑 보관 국세청 등... 거래소 잔고는 즉각 동결하고 기부분은 현금화 우선 원칙을 적용하기로 했다. 보관 시설은 금고와 CCTV로...",https://www.raonnews.com/news/article.html?no=57372,3,,1
"""국가기관이 가상자산 유출""…정부, 관리 시스템 대폭 강화","지난 2월 국세청을 비롯해 경찰과 겸찰 등 국가기관에서 최근 가상자산 노출·유출 사고가 잇따라 발생하자... 거래소가 보관 중인 자산은 사업자 협조를 얻어 계정을 즉시 동결하고, 기부받은 자산은 수령 즉시 처분해...",http://www.kookje.co.kr/news2011/asp/newsbody.asp?code=0200&key=20260410.99099002928,3,,1
1년째 제자리 네이버 주가...송치형의 인공호흡에 최수연 살아날까,"◆ 두나무 치열한 법정 공방으로 꺼져가던 합병 이슈 살려내 지난 2025년 11월 27일, 국내 간편결제 1위 사업자 네이버파이낸셜과 국내 1위 가상자산 거래소 업비트를 운영하는 두나무가 합병 절차에 착수한 바 있다....",https://www.financialpost.co.kr/news/articleView.html?idxno=255003,4,,1
"두나무, 차량 5부제 시행…“에너지 절감 정책에 적극 동참”","미·이란 전쟁 이후 유가 부담이 커진 가운데, 디지털자산(가상자산) 거래소 업비트를 운영하는 두나무가 에너지 절감에 나선다. 두나무는 정부의 에너지 절감 정책에 동참하고자 ‘에너지 사용 절감 5대 실천 계획’을...",http://www.edaily.co.kr/news/newspath.asp?newsid=02673206645414808,3,,1
"코빗과 갤럭시아머니트리, 스테이블코인 결제 사업 착수",국내 최초 가상자산 거래소 코빗과 전자금융업자 갤럭시아머니트리가 스테이블코인 기반 결제 사업을 공동으로 추진한다. 양사는 코빗의 가상자산 거래 인프라와 갤럭시아머니트리의 머니트리 앱을 연동해 가상자산을...,https://www.cbci.co.kr/news/articleView.html?idxno=566922,4,,1
"[토큰주식] 갤럭시아머니트리, 코빗과 스테이블코인 결제사업 추진에 주...","코빗은 가상자산 유동성과 거래소 인프라를 바탕으로 자산 흐름을 지원하고, 갤럭시아머니트리는 선불전자지급수단 라이선스를 기반으로 결제 인프라를 제공한다. 양사는 우선 개념검증(PoC)을 통해 서비스 안정성과 운영...",https://www.tokenpost.kr/news/economy/347968,7,,1
"정부 '코인유출' 재발 방지…""780억 가상자산 관리한다""","정부가 보유하고 있는 780억원대 공공부문 가상자산을 체계적으로 관리하기 위한 시스템을 도입한다. 최근... 거래소가 보관 중인 자산은 사업자 협조를 얻어 계정을 즉시 동결하고, 기부받은 자산은 수령 즉시 처분해...",https://www.ngonews.kr/news/articleView.html?idxno=228045,3,,1
"코빗, 갤럭시아머니트리와 스테이블코인 결제 협력",가상자산 거래소 코빗이 스테이블코인을 활용한 실생활 결제 사업 확대에 나선다. 전자금융업체 갤럭시아머니트리와 협력해 가상자산을 기반으로 한 충전·결제 서비스를 구축하고 실제 사용 환경 마련에 속도를 낼...,https://www.insightkorea.co.kr/news/articleView.html?idxno=244424,4,,1
"코빗, '머니트리' 앱 통한 스테이블코인 결제 상용화 추진",국내 최초 가상자산 거래소 코빗이 전자금융업자 갤럭시아머니트리와 스테이블코인 기반 결제 사업에 나선다고 10일 밝혔다. 이 사업은 가상자산을 일상생활에서 결제할 수 있도록 하기 위해 추진된다. 양사는 코빗의...,https://view.asiae.co.kr/article/2026041008480732211,4,,1
"정부, 잇따른 '코인유출'에 가상자산 관리 시스템 도입","|중앙이코노미뉴스 김수현 기자|정부는 최근 최근 국세청 등에서 잇따랐던 가상자산 유출 사고를 막기 위해... 또 거래소가 보관 중인 자산은 사업자 협조를 얻어 계정을 즉시 동결하고, 기부받은 자산은 수령 즉시...",https://www.joongangenews.com/news/articleView.html?idxno=510561,3,,1
"모건스탠리 비트코인 ETF, 첫날 3,400만 달러 돌파...""블랙록 저리 비켜...","가상자산 전문 매체 크립토포테이토는 4월 9일(현지시간) 보도를 통해 모건스탠리 비트코인 트러스트(Morgan Stanley Bitcoin Trust, MSBT)가 뉴욕증권거래소 아르카에 상장된 첫날 약 3,400만 달러 규모의 거래를...",http://coinreaders.com/229904,4,,1
"'300억 비트코인' 탈취 재발 막는다 … 정부, 가상자산 통합 관리체계 구...","뉴데일리 임준환 기자 = 정부가 공공부문 가상자산 유출 사고를 계기로 압수·보관·관리·사고 대응 전... 거래소가 보관 중인 자산은 사업자 협조를 얻어 계정을 즉시 동결하고, 기부받은 자산은 수령 즉시 처분해...",https://biz.newdaily.co.kr/site/data/html/2026/04/10/2026041000044.html,3,,1
"채비, 美 SPT와 캘리포니아 전기차 충전 공급 협약",SPT는 태양광·ESS 사업을 담당하는 Stored Power Technology Inc.와 AI 기반 가상발전소(VPP) 및 탄소자산관리... 한국거래소 예비심사 승인에 이어 지난 4일 증권신고서를 제출했으며 총 1000만 주를 공모한다. 희망 공모가...,https://www.newspim.com/news/view/20260410000117,3,,1
"780억 공공 코인 '철통 보안'…정부, 가상자산 관리 표준화 가동","규모의 가상자산을 보다 안전하게 관리하기 위해 강도 높은 보안 시스템을 도입한다. 이는 국세청 등 주요... 거래소 보관 자산은 계정을 즉시 동결하고, 기부 자산은 수령 즉시 처분해 위험을 차단한다. 보관 장소에는...",https://www.youthdaily.co.kr/news/article.html?no=217164,3,,1
"국세청·검경 가상자산 탈취 사고에…정부, '전담조직' 설치","취득단계에서는 가상자산을 압수·압류 즉시 기관지갑에 전송하고, 가상자산사업자가 보관 중인 가상자산은 거래소 계정을 동결한다. 기부받은 가상자산은 받은 즉시 처분해 리스크를 전면 차단한다. 보관 단계에서는...",https://www.taxtimes.co.kr/news/article.html?no=274668,3,,1
"비트코인, 1억600만원선…휴전 안도감에 소폭 상승","이날 오전 8시10분 기준 가상자산 거래소 빗썸에서 비트코인은 24시간 전보다 0.84% 오른 1억682만원에 거래되고 있다. 달러 기준으로는 7만1000달러, 7만2000달러 구간에서 등락을 이어가며 같은 시각 7만1942달러를...",https://www.newsis.com/view/NISX20260410_0003585545,4,,1
"정부, 780억 가상자산 관리시스템 도입 ""'코인유출' 재발 방지""","정부가 보유하고 있는 780억 원대 공공부문 가상자산을 체계적으로 관리하기 위한 시스템을 도입한다. 최근... 거래소가 보관 중인 자산은 사업자 협조를 얻어 계정을 즉시 동결하고, 기부받은 자산은 수령 즉시 처분해...",https://www.busan.com/view/busan/view.php?code=2026041008342096467,3,,1
"두나무, 에너지 사용 절감 5대 계획 추진…임직원 참여형 실천 확대",이투데이=박정호 기자 | 가상자산 거래소 업비트 운영사 두나무는 정부의 에너지 절감 정책에 동참하기 위해 ‘에너지 사용 절감 5대 실천 계획’을 시행한다고 10일 밝혔다. 이번 계획은 △임직원 ‘에너지 절약...,https://www.etoday.co.kr/news/view/2574538,3,,1
"“코인 유출 재발 방지”…공공부문 780억 가상자산, 관리 시스템 도입","정부가 보유하고 있는 780억원대 공공부문 가상자산을 체계적으로 관리하기 위한 시스템을 도입한다. 최근... 거래소가 보관 중인 자산은 사업자 협조를 얻어 계정을 즉시 동결하고, 기부받은 자산은 수령 즉시 처분해...",https://www.dt.co.kr/article/12056673?ref=naver,3,,1
[오늘의 비트코인] 중동 긴장 완화 기대감에 7만3000달러 돌파,미국 암호화폐 거래소 코인베이스에 따르면 10일 오전 8시 기준 비트코인 가격은 24시간 전보다 1.46% 오른... 한편 글로벌 가상자산 데이터 조사 업체 얼터너티브(Alternative)에서 집계하는 '공포 및 탐욕 지수'는 이날...,https://news.dealsitetv.com/articles/168431,7,,1
스테이블코인 결제 확대되나…코빗 행보 주목,"코빗, 스테이블코인 결제 실험 돌입…‘머니트리’와 실사용 연결 국내 최초 가상자산 거래소 코빗이 스테이블코인을 활용한 결제 시장 확장에 본격적으로 나섰다. 거래소 내 자산을 실제 소비 영역으로 연결하려는...",http://coinreaders.com/229901,3,,1
"채비, 美 SPT와 공급 협약…캘리포니아 통합 에너지 시장 진출","SPT는 태양광·ESS 사업을 담당하는 Stored Power Technology Inc.와 AI 기반 가상발전소(VPP) 및 탄소자산관리... 한국거래소 예비심사 승인에 이어 지난 4일 증권신고서를 제출했으며, 총 1000만주를 공모한다. 희망 공모가...",http://www.edaily.co.kr/news/newspath.asp?newsid=02509206645414808,3,,1
"빗썸, 유튜브 채널 전면 개편…투자 정보·예능 결합 콘텐츠 강화",국내 가상자산거래소 빗썸이 공식 유튜브 채널을 전면 개편하고 신규 콘텐츠 라인업을 선보였다. 정보 전달 방식을 직관적으로 바꿔 이용자 접근성을 높이겠다는 전략이다. 빗썸은 이번 개편을 통해 신규 프로그램을...,http://www.edaily.co.kr/news/newspath.asp?newsid=02496086645414808,-9,,0
"갤럭시아머니트리, 코빗과 가상자산 결제 사업 협력",갤럭시아머니트리는 국내 가상자산 거래소 코빗과 '머니트리(Moneytree)' 카드 충전 기능 연동을 기반으로 스테이블코인 결제 사업을 공동 추진한다고 밝혔다. 갤럭시아머니트리는 자사가 운영하는 머니트리 앱과 코빗의...,http://www.popcornnews.net/news/articleView.html?idxno=117970,3,,1
"채비, 美 SPT와 공급 협약… 캘리포니아 통합 에너지 시장 진출","SPT는 태양광·ESS 사업을 담당하는 Stored Power Technology Inc.와 AI 기반 가상발전소(VPP) 및 탄소자산관리... 한국거래소 예비심사 승인에 이어 지난 4일 증권신고서를 제출했으며, 총 1000만 주를 공모한다. 희망...",https://www.sentv.co.kr/article/view/sentv202604100009,3,,1
[아주경제 코이너스 브리핑] 중동 평화 유지 기조에 비트코인 소폭 상승...,10일 글로벌 가상자산 시황 사이트 코인마켓캡에 따르면 비트코인은 이날 오전 8시 기준 전일 대비 1.33... 이날 오전 8시 기준 국내 원화 거래소 빗썸에서는 비트코인이 7만2007(약1억670만원)에 거래되고 있다. 이는...,https://www.ajunews.com/view/20260410081239133,4,,1
"'조인성 윤어게인 좌표' 기사, 조인성은 반가웠을까","괜찮냐고, 환율이 치솟기 시작하는데""라고 말했고, 옆에 있던 조인성씨가 ""그렇죠. 그게 가장 큰 문제였죠... 조씨가 지난달 20일 자신의 인스타그램에 게시글을 올렸는데 ""지금 환율 1510원 넘어갔는데 뭐라고 한마디...",https://www.mediatoday.co.kr/news/articleView.html?idxno=333660,-1,,0
[클로즈업 북한] 유가 상승에 북한은 “석탄 증산”…중동사태 영향은?,"""] 우리 국가정보원은 중동 사태 장기화의 여파로 북한도 물가와 환율이 오르는 등 경제적 타격을 크게 받고... 산업용 물자 확보에 차질을 빚고 있고 물가가 오르고 있고 환율이 치솟고 있습니다.""] 이런 상황을 타개하기...",https://news.kbs.co.kr/news/pc/view/view.do?ncd=8533177&ref=A,8,,1
[11일 금값 시세] 금값 또 올랐다…순금 98만8천원 '눈앞',금값은 최근 국제 금 가격 상승과 환율 영향이 반영되며 강세 흐름을 유지하고 있다는 분석이다.... 특히 환율 변동과 국제 금 시세 조정이 동시에 발생할 경우 국내 금 가격은 예상보다 큰 폭으로 흔들릴 수 있다는...,https://www.pinpointnews.co.kr/news/articleView.html?idxno=444664,3,,1
카페가 식당 됐다… 떡볶이·치킨까지 늘리는 이유,"커피 전문점 간 경쟁이 심화된 데다 원두 가격 상승과 고환율 부담까지 겹치면서, 수익성 방어를 위한... 여기에 환율 상승까지 더해지면서 2025년 국내 커피 수입액은 약 18억6000만달러(약 2조7000억원)로 전년 대비...",https://it.chosun.com/news/articleView.html?idxno=2023092160237,4,,1
"면세점 1위 아볼타, F&B 본격 확장…美 잭슨빌공항 15년 계약","면세점 사업이 환율과 여행 수요, 규제 등 외부 변수에 크게 좌우되는 반면 F&B는 안정적인 현금 흐름을 창출할 수 있기 때문이다. 특히 공항 체류 시간이 길어질수록 식음 소비가 자연스럽게 증가하는 구조도...",https://www.theguru.co.kr/news/article.html?no=100254,-1,,0
"AI·전장 수요 탔다…삼성전기·LG이노텍, 나란히 '영업익 1조원' 조준","실적의 핵심 축인 광학솔루션(카메라 모듈) 부문은 아이폰17 모델 중 프로·프로맥스의 판매 증가와 비중 확대, 저가형 모델(아이폰17e) 출시에 따른 가동률 확대 및 우호적인 환율 효과가 맞물리며 실적을 든든하게...",https://www.ebn.co.kr/news/articleView.html?idxno=1705096,4,,1
백화점·편의점 '활짝' vs 대형마트 '훌쩍',"올해 고환율·고유가·고물가 기조가 이어지면서 오프라인 유통 채널별로 회복의 온도 차가 드러나고 있다.... 업계 관계자는 ""온라인 쏠림 현상 속 오프라인 채널들은 고군분투하고 있으나 물가, 환율 영향으로 'K자형...",http://www.inews24.com/view/1959149,3,,1
"여행업계, 유류할증료 급등에 '가격 방어' 총력전","라이브 커머스 채널 '여기어때LIVE'를 통해 환율과 유류세 변동에도 추가 비용이 발생하지 않는 패키지 상품을 선보였다. 유류비와 환율 상승 리스크를 플랫폼이 흡수하는 구조로, 여행 비용 변동에 대한 부담을 줄인 것이...",https://www.newsway.co.kr/news/view?ud=2026041010261296684,-1,,0
서학개미의 4월 숙제…양도 차익 250만 원 넘으면 22% 과세,"매매 시점이나 환율 변동성 등 시장 상황에 따라 결과가 달라질 수 있다. 삼성증권, 미래에셋증권, 키움증권, 토스증권, NH투자증권, 한국투자증권 등 해외 주식 리테일 거래 수요가 큰 주요 증권사는 각사의...",https://magazine.hankyung.com/money/article/202603163454c,7,,1
"[단독] 라잔 前 인도은행 총재 “신현송 가족 국적, 직무와 무관” [Pick...","신 후보자가 10년 넘게 국제결제은행(BIS) 경제보좌관·조사국장·통화경제국장 등을 역임하며 제롬 파월 미 연방준비제도(Fed·연준) 의장, 크리스틴 라가르드 유럽중앙은행(ECB) 총재 등과 구축한 네트워크는 환율 불안과...",https://www.sedaily.com/article/20031187?ref=naver,20,,1
"트리플 카메라 모듈 ASP 15% 상향...LG이노텍, 실적 개선 가속",우호적인 환율 환경과 북미 고객사의 지속적인 롱테일 수요는 LG이노텍의 광학 사업 실적을 크게 끌어올리는 요인으로 평가된다. 특히 가변 조리개가 탑재된 트리플 카메라 모듈의 ASP(평균판매가격)가 기존 대비 15...,https://www.pinpointnews.co.kr/news/articleView.html?idxno=444288,4,,1
미 24개 주 “트럼프 관세 무효화해야”…무역법원서 공방,"또 해당 조항은 금본위제와 같은 고정환율 체제를 전제로 만들어진 것으로, 현재의 변동환율 체제에서는 사실상 의미가 없다고 지적했다. 즉 당시에는 외환보유고와 금 보유량을 기준으로 국제수지 균형을 판단했지만...",http://www.edaily.co.kr/news/newspath.asp?newsid=01443206645415136,3,,1
"헝가리 현지화 효과…에코프로비엠, 글로벌 전략으로 수익성 확보","삼성SDI향 NCA 양극재 판매 확대가 긍정적으로 작용하며, 평균판매단가(ASP)는 환율 효과와 메탈 가격 상승으로 1~2% 호조를 보일 전망이다. 지역별로는 흐름이 엇갈릴 것으로 분석된다. 유럽향 판매는 전방 고객의 재고...",https://www.pinpointnews.co.kr/news/articleView.html?idxno=444310,3,,1
[주식 매매 상위 종목 및 환율] 2026년 4월 10일자,2026년 4월 10일자,https://www.chosun.com/economy/stock-finance/2026/04/11/K7Z34POYIJCQTLWR7TJZPSF6LI/?utm_source=naver&utm_medium=referral&utm_campaign=naver-news,4,,1
"""지금은 바닥이다""…현대차, 하반기 반등 카드 '신차·로봇'","환율 변수는 일부 긍정적이면서도 동시에 부담 요인으로 작용했다. 1분기 평균 환율은 1465원으로 전년 대비 상승해 수출 기업에 우호적인 환경을 제공했지만, 기말 환율이 1520원까지 오르면서 외화환산...",https://www.pinpointnews.co.kr/news/articleView.html?idxno=444316,3,,1
[비즈니스 인사이트] 전쟁의 경영학 : '트럼프 리스크'와 생존 방정식,"특히 에너지 패권 갈등은 불규칙한 환율 요동을 동반하며 기업의 현금 흐름을 위협한다. 수출입 비중이 높은 우리 기업은 단일 통화 결제에 의존하는 관성에서 벗어나 결제 수단을 입체화하고, 통화별 자산과 부채의 균형을...",https://www.hankyung.com/article/2026041029481,3,,1
관광 추경 2조1000억 확정…융자·마케팅·내수 활성화 3대축 집중,윤슬빈 관광전문기자 = 중동전쟁으로 촉발된 고유가·고환율로 관광업계 경영난이 심화하는 가운데... 정부는 유가·환율 인상으로 경영 압박을 받는 관광사업체 지원을 위해 본예산(6441억 원) 대비 2800억 원을 증액...,https://www.news1.kr/industry/hotel-tourism/6132937,3,,1
전쟁 여파 '고용불안' 대응…청년·취약계층에 4165억 투입,"고용노동부 소관 추경은 유가·환율 상승과 산업 충격에 따른 고용 충격 완화, 취약 노동자의 생활안정 등 지원, 일자리 위기 청년 집중 지원을 중심으로 본예산 대비 총 4165억원 늘어난 규모로 확정됐다. 고용 안정을...",http://www.edaily.co.kr/news/newspath.asp?newsid=05720326645414808,3,,1
중동發 고용불안 대응 4165억 추경 확정…청년·취약계층 지원 확대,"유가·환율 상승과 중동발 산업 충격 여파로 고용 불안이 커지는 가운데, 정부가 4000억 원 규모의 추가 재정을 투입해 대응에 나선다. 체불 노동자 지원과 청년 일자리 확대 등 취약계층 보호를 중심으로 속도전에...",https://www.news1.kr/economy/employment-labor/6132918,3,,1
고용 충격 선제 대응…고용유지·체불구제·청년지원 4165억 확대,"유가·환율 상승 등 대외 충격에 따른 고용 불안을 완화하고, 취약 노동자 생활 안정과 청년 일자리 위기 대응을 위한 조치다. 이번 추경은 ▷고용 충격 완화 ▷취약계층 생활 안정 ▷청년 일자리 지원 등 3개 축으로...",https://biz.heraldcorp.com/article/10714861?ref=naver,3,,1
"HS효성첨단소재, 자회사 HS Hyosung Quang Nam 채무보증 결정","채무금액은 USD 3000만달러로, 4월 10일자 기준환율을 적용해 환산됐다. HS효성첨단소재는 2018년 7월 13일 코스피에 상장된 화학섬유 제조업체다. 타인에대한채무보증결정 【채무자의 요약...",https://www.digitaltoday.co.kr/news/articleView.html?idxno=656008,6,,1
"심텍홀딩스, 교환사채 462억 발행 결정","사채권자는 발행일로부터 2년 후 및 이후 매 3개월마다 조기상환을 청구할 수 있으며, 조기상환율은... (해외발행)권면(전자등록)총액(통화단위)--기준환율등-발행지역-해외상장시 시장의 명칭-3. 자금조달의...",https://www.digitaltoday.co.kr/news/articleView.html?idxno=655978,5,,1
"심텍홀딩스, 198억원 규모 교환사채 발행 결정","(해외발행)권면(전자등록)총액(통화단위)--기준환율등-발행지역-해외상장시 시장의 명칭-3. 자금조달의... (조기상환율은 연복리 4%). 단, 조기상환지급일이 영업일이 아닌 경우에는 그 다음 영업일에 상환하고...",https://www.digitaltoday.co.kr/news/articleView.html?idxno=655970,3,,1
"[고유가 3.0] '유류세 숨긴' 정부 최고가격제, 4대 정유사만 골병 든다","원유 도입 가격과 환율이 요동치는 가운데 공급가 상한선이 막히면서 정제마진이 급격히 악화되고 있어서다. 업계 관계자는 ""정부의 민생 안정 취지에는 공감하지만, 시장 원리를 무시한 가격 압박이 장기화되면서 정유...",https://www.financialpost.co.kr/news/articleView.html?idxno=255072,3,,1
[기자수첩] 앞으로가 더 걱정인 석유와 LPG가격,"2개월 가까이 진행된 중동 사태로 빚어진 에너지 수급 불안과 어지러운 환율, 선박운임을 비롯한 보험료 등 도입비용 등은 앞으로 더 인상될 에너지가격에 부담 요인이 아닐 수 없다. 중동사태가 해결된다고 하더라도...",https://www.energy-news.co.kr/news/articleView.html?idxno=224520,4,,1
"반도체·우주테크로 테마 확대…ETF 5종, 14일 유가증권시장 입성","거래소는 ""액티브 ETF의 경우 운용역량에 따라 성과 차이와 환율 변동 위험에 노출될 수 있다""며 ""투자 전 상품 구조와 편입 자산을 충분히 확인할 필요가 있다""고 강조했다.",https://www.newsway.co.kr/news/view?ud=2026041019524907069,3,,1
전북 제조업 10곳 중 8곳 '중동 리스크' 직격탄,"원자재 가격 급등과 환율 불안, 물류비 상승이 동시에 덮치면서 도내 기업들의 경영 부담이 임계점에... 기업들이 꼽은 가장 큰 부담 요인은 '원자재·에너지 가격 상승'(41.0%)이었으며, 이어 △환율 상승에 따른 부담 증가...",http://www.jeonmin.co.kr/news/articleView.html?idxno=437643,3,,1
"전북상의, 중동 리스크로 전북 제조기업 78% 직격탄","원자재·부품 가격 급등, 고환율, 물류비 증가로 인해 전북 지역 실물 경제에 직접적인 영향을 미칠 것으로... 도내 기업들이 꼽은 중동 정세로 인한 가장 큰 고충은 '원자재·에너지 가격 상승'(41.0%)이며, '환율 상승에...",http://www.jeollailbo.com/news/articleView.html?idxno=797212,3,,1
"NH농협은행, 'NH외국환 아카데미' 개최…수출입 기업 지원",엄을용 NH농협은행 부행장(왼쪽)과 조영무 NH금융연구소장이 글로벌 경제·환율 전망을 주제로... 이날 조영무 NH금융연구소장이 강연자로 나서 최근 중동발 리스크 확대에 따른 '글로벌 경제환경·환율 전망'을 주제로...,http://www.bizwnews.com/news/articleView.html?idxno=133274,7,,1
'중동 불안' 장기화···영농철 농자재 수급 온힘,"다만 유가·환율 상승 등의 영향으로 향후 가격 인상 가능성이 있다. 이에 따라 사료구매자금 지원을 확대해 축산농가의 경영 부담 완화를 추진한다. 농약은 원제 사용량의 90% 이상을 확보해 둔 상황으로, 중동 수입...",https://www.agrinet.co.kr/news/articleView.html?idxno=403302,3,,1
[기자수첩] 노란봉투법 시행 한달…원·하청 간 갈등 격화,"원청 기업들은 환율 인상, 에너지 가격 상승 등의 영향을 받아 녹록치 않은 상황에 놓여 있다. 이 같은 상황에서 개인의 이익을 추구하기 위한 원청에 대한 교섭 요구는 시기가 적절치 않아 보인다. 물론 임금과 상여급 등...",http://www.srtimes.kr/news/articleView.html?idxno=200799,3,,1
"농식품부, 중동전쟁 위기극복 위해 영농자재 적기 공급체계 구축 등 총...",최근 중동전쟁으로 인한 국제유가 상승과 환율변동 등으로 비료 등 영농자재 가격 전반에 상승 압력이 커지고 있다. 반면 주요 과채류는 작황 호조로 출하량이 증가하면서 가격 약세가 이어지고 있다. 이에 정부는 이러한...,https://www.aflnews.co.kr/news/articleView.html?idxno=318490,3,,1
중동 리스크 속 일본·동남아 '근거리 특수' 누린다,"중동 전쟁과 환율 불안 등 대외 불확실성이 이어지고 있지만 국내 여행 수요는 꾸준한 상승세를 보이고... 유류할증료 상승과 고환율이 겹치면서 유럽·미주 등 장거리 여행상품 가격이 크게 오른 반면, 단거리 노선은...",https://www.straightnews.co.kr/news/articleView.html?idxno=299911,-1,,0
[금융 PICK] 농협은행·한화생명금융서비스,전문가 강연자로 나선 조영무 NH금융연구소 소장은 최근 중동 긴장 고조가 글로벌 경제에 미치는 파장과 향후 환율 변동 추이를 정밀하게 분석했다. 대외 변수가 경영의 상수가 된 상황에서 기업들이 취해야 할 포지션과...,http://www.wikileaks-kr.org/news/articleView.html?idxno=186145,7,,1
[금융 브리핑]금융 혁신·포용·콘텐츠 결합…전방위 전략으로 진화하는...,"■NH농협은행, NH외국환 아카데미…수출입 기업 환리스크 대응 지원=NH농협은행이 중동발 긴장 고조로 환율... 이번 행사에서는 글로벌 경제환경과 환율 전망을 주제로 강연한다. 기업들이 사전에 접수한 환리스크 관리와...",https://www.seoultimes.news/news/article.html?no=2000095033,7,,1
李 “환율 안정 못 보고 퇴임…트럼프가 안 도와줘”,그는 임기 내 금리 결정과 관련해 “금리 조기 인하에 실기했다는 말도 많았고 금리를 너무 안 올려 환율이... 환율에 대해서는 “발걸음은 가볍다”면서도 “환율이 안정된 상태에서 자리를 넘기고 싶었는데 그렇게 가지...,https://www.sedaily.com/article/20031108?ref=naver,4,,1
'국내 최고가 황제주' 효성重…목표주가 400만원대 등장,교보증권 역시 환율 상승에 따른 실적 개선 효과를 반영해 목표주가를 360만원으로 상향했다. 전력 관련 종목 전반이 상승 흐름을 보이고 있다. 인공지능(AI) 확산으로 미국 빅테크들이 자체 전력망 구축에 나서면서...,https://www.hankyung.com/article/2026041030371,5,,1
"SK이노, 장용호·추형욱 각자대표 체제...LNG·자원개발 시너지 본격화 ...","원유 및 환율 급등에 따른 정제마진과 재고평가이익 상승 효과가 올 상반기에 집중될 것이라는 전망이다. 유안타증권은 지난 2일 SK이노베이션 기업분석 보고서를 통해 ""올해 상반기에만 3조8000억 원 영업이익이...",http://www.fntimes.com/html/view.php?ud=2026041017290850737de3572ddd_18,3,,1
[표] 외국환율고시표,,https://www.mk.co.kr/article/12013930,3,,1
인플레 파이터에서 구조개혁 전도사까지…이창용의 1460일,"이후 4년간 성장률 하락과 한·미 간 금리 차, 늘어나는 가계부채, 고환율 등 우리 경제가 직면한 다양한... 올려 환율이 올랐다는 말도 들었다”며 “양쪽에서 비판을 받는다는 건 균형 있게 잘했다는 뜻으로 생각하고...",https://www.hankyung.com/article/2026041031171,7,,1
"""전쟁 이전으로 못 돌아가""… IMF·IEA의 영구손상 경고 [사설]","한국은행 금융통화위원회가 10일 금리동결을 결정한 것도 이란전쟁 여파로 환율, 물가, 성장이 모두 불안한 상황을 고려한 것이다. 전쟁이 한국 경제에 던진 숙제는 분명하다. 원유 수입량의 70% 이상을 중동지역에...",https://www.mk.co.kr/article/12013876,13,,1
"이스타항공 지난해 매출 6301억으로 역대 최대, ""올해 중화권 노선 확대...","사업량 확대에 따라 매출이 늘며 손실이 일부 감소했지만 환율 상승과 인건비, 공항이용료 상승으로 영업손익은 적자를 유지한 것으로 분석된다. 국토교통부 항공통계에 따르면 이스타항공은 2025년 국내선...",https://www.businesspost.co.kr/BP?command=article_view&num=435486,3,,1
"""돈 모르는 중학생 없다""…요즘 '돈 공부'는 필수라는데","금융사기 예방, 개인정보 보호, 부채와 신용의 위험, 환율과 투자 개념까지 다루며 '돈을 지키는 법'을 구체적으로 짚는다. 특히 단리와 복리의 차이를 통해 ""시간이 만드는 돈의 힘""을 강조하는 대목은 청소년...",https://www.nocutnews.co.kr/news/6500503?utm_source=naver&utm_medium=article&utm_campaign=20260410051717,4,,1
"NH농협은행, 환율 변동성 대응 지원…'외국환 아카데미' 성공적 마무","이날 강연에는 NH금융연구소 조영무 소장이 나서 중동 지역 긴장 고조에 따른 글로벌 경제 흐름과 환율... 엄을용 NH농협은행 부행장은 ""대외 불확실성이 커지며 환율 변동성도 확대되는 상황""이라며 ""기업 고객이...",https://www.ziksir.com/news/articleView.html?idxno=130450,7,,1
"투썸플레이스, 지난해 매출·영업익 동반 성장…""디저트 전략 성과""","아울러 투썸플레이스는 원두 및 주요 식자재 가격과 환율 상승 등 외부 비용 부담이 지속되는 환경 속에서도, 전사적 운영 효율화와 체계적인 비용 관리를 통해 안정적인 수익 구조를 유지했다고 전했습니다. 지난해...",https://biz.sbs.co.kr/article_hub/20000303566?division=NAVER,3,,1
"구자근 의원, '이재명 정부의 선거용 추경' 지목","특히 이번 추경과 관련해선 수조 원대 자금을 시장에 추가로 풀 경우 최근 요동치는 환율과 물가를 더욱 자극할 수 있다는 국민적 우려의 목소리도 이어지고 있다. 구자근 의원은 ""무리하게 예산부터 부풀리는 게...",https://www.pennmike.com/news/articleView.html?idxno=118523,3,,1
"하나운용, 반도체 ETF 2종 신규 출시…미래·한투, 우주 테마 맞대결","환 노출 ETF는 ETF 편입자산에 대해 별도의 환 헤지를 하지 않아 환율 변동 위험에 노출될 수 있다. 거래소는 ""총보수 이외에도 기초지수 사용료 등 기타 비용이 추가로 발생할 수 있다""며 ""투자자 이해를 돕기...",https://www.sidae.com/article/2026041016344991364,3,,1
"에어로케이항공, 친환경 운항 가속화... ""이륙 전부터 게이트 도착까지...",에어로케이는 최근 중동 지역의 군사적 긴장으로 유가와 환율이 급등하자 준비해 둔 3단계를 즉각 앞당겨 시행한다고 10일 밝혔다. 지상에서 새는 연료부터 막는다. 일반적으로 항공기는 활주로로 이동할 때 엔진...,https://www.econovill.com/news/articleView.html?idxno=736887,3,,1
"닭고기, 튀김유 가격 속속 인상…치킨 '3만원' 시대 성큼",AI(조류 인플루엔자) 유행이 장기화하며 지난해보다 육용 종계 살처분 규모가 커진 데다 환율 상승으로 사료 가격도 올랐다는 게 가격 인상 이유다. 닭고기 도·소매 가격도 상승했다. 지난달 닭고기 도매가격은 ㎏당...,https://www.kpinews.kr/newsView/1065598075899595,3,,1
"하나로마트 딸기·참외 등 과채류 최대 57% 할인…농식품부, 소비촉진 행...","최근 중동전쟁으로 인한 국제유가 상승과 환율변동으로 비료 등 영농자재 가격 전반에 상승 압력이 커지고 있다. 반면, 주요 과채류는 작황 호조로 출하량이 증가하면서 가격 약세가 이어지고 있다. 오이의 경우, 4월...",https://www.busan.com/view/busan/view.php?code=2026041016342240185,3,,1
"NH농협은행, 환율 변동성 대응 '외국환 아카데미' 개최···수출입 기업...",현대경제신문 정준기 기자 | NH농협은행이 환율 변동성 확대에 대응해 수출입 기업 대상 외환 교육을 강화했다. 중동 지역 긴장 고조에 따른 환율 전망과 환리스크 관리 방안을 중심으로 기업 고객 지원에 나선 것이다....,http://www.finomy.com/news/articleView.html?idxno=253033,6,,1
"투썸플레이스, 지난해 영업익 363억원...전년比 11%↑","또 원두 및 주요 식자재 가격과 환율 상승 등 외부 비용 부담이 지속되는 환경 속에서도, 전사적 운영 효율화와 체계적인 비용 관리를 전개했다. 더불어 ▲가맹점 납품대금 카드 결제 도입 ▲정기 가맹점주협의회...",https://www.getnews.co.kr/news/articleView.html?idxno=867477,4,,1
"'유통 전문가' 이제훈 체제 1년...유한킴벌리, 이익 급락에 수익성 반등...","고환율 환경이 지속되며 원재료 수입 비용이 상승한 영향과 함께, 시장 경쟁 심화에 따른 가격 인상 제한이... 향후 원가 상승, 환율 변동, 소비 둔화 등 외부 변수에 직면할 경우 대응 여력이 제한될 가능성도 배제하기...",https://www.upkoreanews.kr/news/articleView.html?idxno=97964,3,,1
"[사사건건] 왕이 중국 외교부장, 6년 만에 북한 찾은 이유는?",환율이 지금 6만 원까지 올라갔거든요. 물론 국제 시세로 비교해 보면 그걸 따라는 갑니다. 그런데 내부의 임금이나 이런 건 안 따라가거든요. 그러니까 산업 기반이 없는 러시아의 협력은 군사적 분야를 제외하고 별...,https://news.kbs.co.kr/news/pc/view/view.do?ncd=8532629&ref=A,3,,1
"[캐피탈 글로벌 성적표] iM캐피탈, 라오스 성장 본격화…환차손 부담 털...","환율 변동 리스크 축소, 환포지션 90% 이상 유지 캄보디아 영업 악화에 '모기지→모빌리티'로 재편 국내... 라오스 법인은 그동안 환율 변동에 따른 운영리스크(환차손) 부담으로 적자가 이어졌지만 지난해부터...",https://www.fetv.co.kr/news/article.html?no=216731,6,,1
"휴전 기대감에 외인 매수, 코스피 5850선 안착...환율은 보합","이란사태 진정 기대감으로 환율도 급격한 상승 없이 안정적 흐름을 보였다. 기준금리 동결과 관련, 하락으로 방향을 잡는 듯 했지만 결국 보합으로 끝났다. 서울 외환시장에서 환율의 주간 거래 종가(오후 3시30분...",https://www.financialpost.co.kr/news/articleView.html?idxno=255096,9,,1
"포스코인터, 그룹 '믿을맨' 부상…철강·배터리 공백 메운 '에너지'","영업이익은 환율 상승 효과에 힘입어 미얀마 가스전은 3710억→3920억원, 세넥스는 400억→750억원으로 각각 증가했다. 포스코인터는 아울러 광양 LNG 터미널 운영과 자체 LNG 운반선을 통한 ‘미드스트림’ 사업도...",https://www.topdaily.kr/articles/109636,3,,1
"여야 26.2조 규모 '전쟁 추경' 합의, 국힘 비판 '짐 캐리' 예산은 조정하...","특히 장동혁 국민의힘 당대표는 이번달 7일 청와대에서 열린 여야정 민생경제협의체 오찬 회담에서 ""꼭 필요한 곳에는 지원을 해야 마땅하지만, 국민 70%에게 현금을 나누어주는 방식이라면 오히려 물가와 환율에...",https://www.businesspost.co.kr/BP?command=article_view&num=435448,3,,1
"""디저트 전략 통했다""…투썸플레이스, 매출 5824억원 '역대 최대'","◆운영 효율화로 안정적 수익 구조 유지 원두와 주요 식자재 가격 상승, 환율 변동 등 외부 비용 부담이 지속되는 상황에서도 안정적인 수익 구조를 유지했다. 전사 차원의 운영 효율화와 체계적인 비용 관리 전략을...",https://www.ebn.co.kr/news/articleView.html?idxno=1705092,3,,1
"""연료 한 방울도 아낀다""···에어로케이, '친환경 운항' 전략 확대","2024년 2월 1단계 도입 이후 지난해 10월 2단계까지 총 10가지 절감 절차를 정착시켰으며, 최근 중동 지역 군사적 긴장으로 유가와 환율이 급등하자 준비해 둔 3단계 시행도 앞당겼다. ◇ 지상 이동부터 연료 절감...",https://www.bzeronews.com/news/articleView.html?idxno=815869,3,,1
유가 급등에 ‘3단계 조기 가동’…에어로케이의 친환경 운항 전략,"▲ [사진=에어로케이항공] 최근 중동 지역의 지정학적 리스크로 유가와 환율이 동반 상승하자, 회사는 준비해 둔 3단계 절차를 조기에 시행하기로 결정했다고 10일 밝혔다. 지상 운항 단계에서는 엔진 사용 최소화...",https://www.megaeconomy.co.kr/news/newsview.php?ncode=1065598289824605,3,,1
"[세상의 모든 정보 윤인구입니다] 한동훈 “부산을 대단히 사랑해, 노래...","생활, 환율 이런 것에 대해서 별로 체감으로 느껴지지 않습니다. 주가 얼마 나간다 올라갔다 이런 식의... 환율 문제라든가 경제의 방향성 문제라든가 그리고 포퓰리즘적인 행태 그리고 정의의 문제에 있어서는 뭐 아주...",https://news.kbs.co.kr/news/pc/view/view.do?ncd=8532615&ref=A,4,,1
[미코 줌인]① 1조 클럽 눈앞 '슈퍼을'…투자 성과 기대,"차입 확대에 따른 이자 비용 증가와 환율 변동에 따른 외환차손·외화환산손실 증가가 반영됐다. 연구개발(R&D) 투자도 확대되고 있다. 지난해 R&D 비용은 541억원으로, △2021년 222억원 △2022년 284억원 △2023년 304억원...",https://www.bloter.net/news/articleView.html?idxno=659089,3,,1
"투썸플레이스, 지난해 영업익 363억원⋯전년비 11% ↑","이와 함께 투썸플레이스는 원두 및 주요 식자재 가격과 환율 상승 등 외부 비용 부담이 지속되는 환경 속에서도, 전사적 운영 효율화와 체계적인 비용 관리를 통해 안정적인 수익 구조를 유지했다. 이를 기반으로...",https://www.econovill.com/news/articleView.html?idxno=736874,3,,1
"투썸플레이스, 지난해 영업이익 363억원… 전년比 11%↑",또 투썸플레이스는 원두 및 주요 식자재 가격과 환율 상승 등 외부 비용 부담이 계속되는 환경에서도 전사적 운영 효율화와 체계적인 비용 관리를 통해 안정적인 수익 구조를 유지했다. 이 외에 ▲가맹점 납품 대금...,https://biz.chosun.com/distribution/food/2026/04/10/PFXKJTICUNDMVLYY5BKTHWRFKU/?utm_source=naver&utm_medium=original&utm_campaign=biz,4,,1
"디저트 특화 전략 성과...투썸, 지난해 매출 전년비 12%↑","이와 함께 투썸플레이스는 원두 및 주요 식자재 가격과 환율 상승 등 외부 비용 부담이 지속되는 환경 속에서도, 전사적 운영 효율화와 체계적인 비용 관리를 통해 안정적인 수익 구조를 유지했다. 이를 기반으로...",https://www.womentimes.co.kr/news/articleView.html?idxno=102102,3,,1
작년 한국 공적개발원조 38억7천만달러 지원...전년比 3.9%↓,"10일 국무조정실에 따르면, 이는 전년 대비 환율 상승(4.3%)과 최근 확대된 다자원조 규모 축소에 따라 다자원조 실적이 감소(-1억8천만달러)한 결과이다. 다만, 미국(-55.8%), 독일(-11.4%), 영국(-4.5%)과 같은 주요...",http://www.efnews.co.kr/news/articleView.html?idxno=128981,5,,1
청주공항 1분기 이용객 135만 명…국제선 증가세 두드러져,"중동 정세 영향으로 유류할증료와 환율이 상승하면서 여행 비용 부담이 커지고, 일부 항공사의 노선 조정으로 운항 횟수가 줄어들 것으로 예상된다. 충북도는 항공 수요 변화에 대응하며 상승 흐름을 유지할 수...",https://www.daejonilbo.com/news/articleView.html?idxno=2268309,-1,,0
청주공항 1분기 이용객 135만7천명…전년 동기대비 44%↑,중동 사태 장기화 여파로 유류할증료가 전년 대비 3배가량 급등하고 환율도 크게 올라 여행객 비용 부담이 커진 데다 항공사도 전략적 노선 조정에 나서면서 4월 운항 횟수가 일부 줄어들 것으로 전망된다.,http://www.cctimes.kr/news/articleView.html?idxno=901266,-1,,0
"[VN 데이터] ""환율 올랐지만, 베트남 물가도 따라올랐다""","명목 환율 상승에도 불구하고 베트남 현지의 가파른 물가 상승이 이를 상쇄하며 실질 구매력은 전월... 세부 지표를 살펴보면, 3월 환율(100동당 원)이 전월 5.57원에서 5.66원으로 상승하면서 전체 지수 회복을...",https://www.insidevina.com/news/articleView.html?idxno=42929,3,,1
전쟁 여파 비껴간 백화점…명품·외국인 효과에 1분기 매출 ‘쑥’,특히 고환율 흐름이 외국인 매출 확대를 부채질하면서 백화점 3사가 나란히 '외국인 매출 1조 원' 시대를 열... K컬처 열풍에 힘입은 방한 관광객 증가와 환율 상승에 따른 외국인 구매력 강화 효과가 맞물려 매출 성장의...,https://www.mediapen.com/news/view/1092614,3,,1
[거래소 외국인] SK하이닉스 삼성전자 집중 러브콜...현대차 기아 두산...,시장 전문가들은 환율 변동성 속에서도 한국 기업들의 이익 전망치가 상향 조정되는 종목을 중심으로 외국인 자금이 유입되고 있다고 분석했다. 증권업계 관계자는 외국인이 대형주 중심의 포트폴리오를 구성하며 지수...,https://www.pinpointnews.co.kr/news/articleView.html?idxno=444582,3,,1
"""환율변동성 확대 대처방법은?"" 농협은행, 수출입기업 지원 'NH외국환 아...","엄을용 기업금융부문 부행장은 10일 ""불안정한 대외 변수로 환율 변동성이 확대돼 수출입 기업의 경영... 및 환율 전망'을 주제로 강연을 진행했다. 특히 이번 'NH외국환 아카데미'는 최근 환율 급변 상황을 반영해...",https://www.catchnews.kr/news/articleView.html?idxno=122620,7,,1
"김광석 한국경제산업연구원 실장, 광주경총 포럼서 '컴퓨팅 파워' 강조","금융시장 안정이 중요한 과제로 남아 있다""며 ""지역 기업들은 특히 제조업과 물류, 화학, 배터리 수출 분야에서 원자재 가격과 운송비, 환율 변동을 반영해 가격 정책과 재고 전략을 재점검해야 할 시점""이라고 강조했다.",http://www.gjdream.com/news/articleView.html?idxno=668577,4,,1
"""중소기업은 지역 경제의 혈관""... 로저스 쿠팡 대표, 충청서 '상생 경영...",이번 방문은 최근 중동 정세 불안과 환율 · 에너지 가격 변동으로 운영 부담이 가중된 지역 제조사들을 격려하고 실질적인 협력 방안을 모색하기 위해 마련됐다. 충청권은 지역 경제 내 에너지 산업 비중이 높아 최근 수출...,https://www.polinews.co.kr/news/articleView.html?idxno=728062,3,,1
"투썸플레이스, 지난해 매출 5800억원...역대 최대 기록","다만 원두와 주요 식자재 가격 상승, 환율 변동 등 외부 비용 부담은 지속됐다. 회사는 전사적 운영 효율화와 비용 관리 강화를 통해 수익성을 방어했다고 설명했다. 가맹점과의 상생 정책도 이어졌다. 투썸플레이스는...",https://zdnet.co.kr/view/?no=20260410152135,4,,1
치솟는 유류할증료 시대 '올인클루시브'의 재발견,"식사, 주류, 액티비티 비용을 한국에서 미리 확정해놓으면, 현지에서의 환율 변동이나 추가 결제에 대한 불안이 생기지 않는다. 몰디브 리조트는 이동 수단에 따라 크게 두 가지 전략으로 나뉜다. 예산과 취향에 따른...",http://www.ttlnews.com/news/articleView.html?idxno=3098148,3,,1
"카드사, 스테이블코인 결제 인프라 구축 '가속화'",이와 함께 환율과 시세 변동을 반영한 정산 기술에 대한 특허도 출원했다. 빅테크 기업들도 관련 시장에 진입하고 있다. 카카오페이는 원화 스테이블코인을 중심으로 결제·송금·정산을 통합하는 '슈퍼 월렛' 구축을 추진...,http://www.finomy.com/news/articleView.html?idxno=252996,7,,1
"코스피, 1.4% 오른 5858.87 마감...미-이란 회담 '경계보단 기대'","10일 서울 중구 하나은행 딜링룸에 코스피 종가와 환율이 표시돼 있다. 코스피는 1.4% 오른 5858.87로 마감했다. 사진=연합뉴스  10일 코스피 지수가 1.4%(80.86) 오른 5858.87로 마감했다. 개인이 1조2283억원, 기관이...",http://www.opinionnews.co.kr/news/articleView.html?idxno=136599,8,,1
2026 민생지원금 3차 소득하위 70% 건보료 기준은 얼마일까?,국제 유가 상승과 환율 변동이 이어지면서 생활비 부담이 커진 상황이 반영됐다. 지원금은 지역화폐 형태로 지급되며 1인당 최소 10만 원에서 최대 60만 원까지 차등 지급된다. 기본 금액 10만 원에 거주 지역과...,https://www.wikitree.co.kr/articles/1130854,3,,1
"청주공항 이용객 급등세 계속…1분기 44.3%↑, 국제선 1위","다만 도는 중동 사태가 장기화되면서 유류할증료가 3배 이상 급등한 데다 환율도 크게 올라 항공사들이 운항 횟수 조정에 나서면서 여행 수요의 변수가 될 것으로 내다봤다. 충북도 관계자는 ""고유가 등 리스크...",https://www.nocutnews.co.kr/news/6500423?utm_source=naver&utm_medium=article&utm_campaign=20260410035517,-1,,0
"코스피 5,850대 마감…미국·이란 협상 앞두고 1.4% 상승","대한 기대감으로 어제 하락분을 대부분 만회했습니다. 코스닥도 어제보다 1.6% 오른 1,093.63으로 거래를 끝냈습니다. 환율은 어제 주간 종가와 같은 1,482.5원으로 주간 거래를 마쳤습니다. [사진 출처 : 연합뉴스]",https://news.kbs.co.kr/news/pc/view/view.do?ncd=8532605&ref=A,7,,1
고환율·중동 리스크 겹쳤다…제약바이오 공급망 '압박',고환율과 중동 리스크로 나프타 공급이 흔들리며 제약바이오 산업 전반의 공급망 불안이 커지고 있다. [사진=챗GPT] 고환율·지정학적 리스크 직격탄을 맞은 국내 제약바이오 산업 전반에 공급 불안감이 증폭되고 있다. 중동...,http://www.mkhealth.co.kr/news/articleView.html?idxno=78225,3,,1
"[중동발 3고 쇼크⑪]이란 전쟁에 치솟는 공사비, 당장 분양가 반영 등 쉽...","환율 상승과 물가 상승, 금리 인상 압력이 높아지며 '3고 쇼크'가 임박했다는 관측이 나온다. 한국 정부는 이에 대응해 비상대책을 가동하고 있지만 효과는 일시적 수준에 그칠 공산이 크다. 결국 주요 기업들이 저마다...",https://www.businesspost.co.kr/BP?command=article_view&num=435450,4,,1
"장흥군, '다국어 안전전남 앱' 설치 확대 추진",주요 기능으로는 ▲재난 관련 한줄뉴스 ▲긴급신고 원터치 기능(112·119·외국인콜센터) ▲치안·교통정보 제공 ▲날씨·환율·지원제도 등 생활정보 안내 ▲국가별 커뮤니티 서비스 등이 있다. 한국어를 포함해 영어...,http://www.newsmaker.or.kr/news/articleView.html?idxno=175980,-1,,0
"전북 제조업 78% ""중동 리스크 영향""","이어 환율 상승과 물류비 증가, 원자재 수급 불안 등이 뒤를 이었습니다. 기업들은 사태 장기화 시 비용 부담이 더욱 커질 것으로 내다봤습니다. 특히 자동차부품과 금속기계, 전기전자 등 주요 업종 전반에서 수출 비용...",https://news.skbroadband.com/news/articleView.html?idxno=223907,3,,1
"투썸플레이스, 작년 영업익 363억⋯전년비 11% 증가","원두와 주요 식자재 가격 상승, 환율 변동 등 외부 변수에도 불구하고 전사적 운영 효율화와 비용 관리 체계를 통해 안정적인 수익 구조를 유지했다. 문 대표는 “이번 성과는 어려운 경영 환경 속에서도 고객 만족을...",https://www.etoday.co.kr/news/view/2574720,3,,1
"NH농협은행, 수출입 기업 지원 위한 '2026 NH외국환 아카데미' 개최",이날 NH금융연구소 조영무 소장이 강연자로 나서 최근 중동발 리스크 확대에 따른'글로벌 경제환경 및 환율 전망'을 주제로 심도 있는 강연을 진행했다. 특히 이번 'NH외국환 아카데미'는 최근 환율 급변 상황을 반영해...,http://www.thefirstmedia.net/news/articleView.html?idxno=197698,7,,1
"중동발 유가 급등 속 농가 부담↑…농식품부, 딸기·참외 소비 촉진","최근 중동 전쟁 장기화와 환율 변동으로 비료 등 영농자재 가격이 상승했다. 반면 오이, 애호박, 토마토, 딸기 등 주요 과채류는 작황 호조로 출하량이 늘면서 가격 약세를 보이고 있다. 정부는 난방비 부담을 덜기 위해...",https://www.mt.co.kr/economy/2026/04/10/2026041015215332886,3,,1
이창용이 꼽은 '후회 발언' 두 가지…서학개미·금리 전환 표현,"""환율 안정 못한 채 퇴임 아쉬워…금리 결정엔 큰 후회 없다"" 퇴임을 앞둔 이창용 한국은행 총재가 재임 시절 후회했던 말이 '서학개미'와 '금리 전환'관련 표현이라고 밝혔다. 환율 상승에 대한 책임과 금리 방향성에 대해...",https://news.tf.co.kr/read/economy/2311894.htm,12,,1
"농식품부, 과채류 할인행사…최대 57% 할인","정부는 오늘 간담회에서 국제유가 상승과 환율 변동으로 비료 등 영농자재 가격 상승 압력이 높아진 상황도 점검했습니다. 정부는 농가 부담 완화를 위해 난방용 면세유 등 유가 연동 보조금을 한시적으로 지원하고, 비료...",https://news.kbs.co.kr/news/pc/view/view.do?ncd=8532595&ref=A,3,,1
"이창용, 마지막 금통위서 “환율안정 아쉬워…방향전환·서학개미 발언...",이창용 한국은행 총재가 10일 임기 마지막 금융통화위원회(금통회)를 마치면서 아쉬운 점으로 ‘환율’을... 이 총재는 이날 “어떤 새로운 일을 할지 (기대돼) 발걸음이 무겁지 않다”면서도 “아쉬운 게 있다면 환율이...,https://www.kukinews.com/article/view/kuk202604100086,12,,1
"커피업계 실적 '희비'… 저가·디저트는 웃고, 원가 부담에 수익성은 흔...",매출은 전반적으로 증가했지만 원재료 가격 상승과 환율 영향으로 수익성은 기업별로 차이를 보였다. 특히... 이는 고환율 상황이 지속되면서 원두를 비롯한 주요 원재료 비용이 상승한 점이 주요 원인으로 분석된다....,http://www.newsian.co.kr/news/articleView.html?idxno=88403,4,,1
과채류 소비촉진 등 수급안정 대책 추진…중동 전쟁 영향 최소화 총력,10일 농식품부에 따르면 최근 중동전쟁으로 인한 국제유가 상승과 환율변동 등으로 비료 등 영농자재 가격 전반에 상승 압력이 커지고 있다. 이에 반해 주요 과채류는 작황 호조로 출하량이 증가하면서 가격 약세가...,https://www.nocutnews.co.kr/news/6500361?utm_source=naver&utm_medium=article&utm_campaign=20260410033016,3,,1
"전북 제조업체 78% ""중동 사태로 경영 타격""","주요 부담 요인은 원자재·에너지 가격 상승(41%)이 가장 크고 환율 상승(20.7%), 해상 운임 및 물류비 증가(18.... 김정태 전북상공협 회장은 ""중동 정세 불안이 원가, 환율, 물류 등 경영 전반에 영향을 미쳐 기업들은 비상...",http://www.fnnews.com/news/202604101527406738,3,,1
"중동 악재에 과채값까지 흔들…정부, 비료 풀고 할인행사로 맞불",국제유가와 환율 변동성이 커지면서 비료 등 영농자재 가격 전반에 상승 압력이 커지고 있다. 반면 오이... 농식품부에 따르면 최근 중동전쟁 여파로 국제유가 상승과 환율 변동이 겹치면서 비료 등 영농자재 가격 전반에...,https://www.etoday.co.kr/news/view/2574489,3,,1
"중동발 유가 급등에…농식품부, 추경으로 무기질비료 가격 보전 확대","국제유가 상승과 환율 변동이 겹치며 농자재 가격 상승 압력이 커지는 가운데, 과채류 가격은 하락세를 보이며 농가 수익성 악화 우려가 커진 상황이다. 김종구 차관은 10일 서울 서초구 농협 하나로마트 양재점을...",https://www.newspim.com/news/view/20260410000351,3,,1
"중동발 고유가에 비료 등 상승 압력…농식차관 ""농자재 공급 관리 총력...",중동 전쟁 여파로 국제유가와 환율이 동반 상승하면서 비료 등 농자재 가격 상승 압력이 커진 가운데 정부가... 최근 중동발 지정학 리스크로 국제유가 상승과 환율 변동성이 확대되면서 비료 등 영농자재 가격 전반에...,https://www.newsis.com/view/NISX20260410_0003585966,3,,1
"[외부감사 진단] 화신, 재고자산서 확인된 '성장 모멘텀'","화신 관계자는 ""재고자산은 매출 증가와 환율, 원자재가 변동성 대응 등에 영향을 받는다""며 ""지난해 가장 큰 이슈는 상품으로 신규 차종에 부품을 공급하기 위해 일시적으로 증가할 수 있다""고 설명했다. 현대차와...",https://www.bloter.net/news/articleView.html?idxno=659158,3,,1
"환율 불확실성 확대에…농협은행, 기업 대응 전략 공유",이날 조영무 NH금융연구소 소장이 강연자로 나서 최근 중동발 리스크 확대에 따른 ‘글로벌 경제환경 및 환율 전망’을 주제로 심도 있는 강연을 진행했다. 특히 이번 ‘NH외국환 아카데미’는 최근 환율 급변 상황을...,https://www.sentv.co.kr/article/view/sentv202604100041,7,,1
"베트남 은행권, 중앙銀 지시에 '예대금리' 전격 인하 합의…수신경쟁 막...","중앙은행은 은행 시스템 전반의 유동성 지원을 위해 공개시장운영(OMO)을 유연하게 관리했으며, 환율과 외환 시장은 상황에 맞춰 적절히 관리되고 있다""며 ""향후 대출 자금이 생산과 경영 등 국가 성장의 실질적인 동력이...",https://www.insidevina.com/news/articleView.html?idxno=42947,11,,1
"RF머트리얼즈, 72억 9천만 원 규모 미국 공급계약→매출 기반 강화","계약금액 7,294,886,200원은 최근 매출액 64,084,381,231원 대비 11.38%에 해당하며, 환산 기준은 2026년 04월 09일 최초 매매기준환율 1,476.10/USD를 적용했다. 최근 매출액은 2025년 연결재무제표 기준이다. 회사는...",https://www.topstarnews.net/news/articleView.html?idxno=16031056,3,,1
'몸값 4조' 테일러메이드 매각 '리셋'…다시 F&F에 쏠린 눈,"환율 상승 효과까지 반영되면서 수익 규모는 더욱 커진 상황이다. 업계는 이번 거래가 국내 패션 기업의 성공적인 해외 브랜드 투자 사례로 남을 가능성이 크다고 평가한다. 업계 한 관계자는 ""F&F가 테일러메이드...",https://www.ebn.co.kr/news/articleView.html?idxno=1705073,3,,1
"[KFE 유통로그]쿠팡, 중소상공인 상생부터 글로벌 가전 확대까지","이번 방문은 중동 정세 불안과 환율 변동, 에너지 가격 상승 등 대외 환경 변화로 어려움을 겪고 있는 제조 협력업체들의 상황을 직접 점검하기 위해 마련됐다. 이날 간담회에는 곡류 가공업체, 도시락 및 조리식품...",https://www.kfenews.co.kr/news/articleView.html?idxno=656731,3,,1
"포장재 '비상벨'…식품업계 ""이대론 못 버틴다"" 아우성","고금리·고환율·고물가가 장기화되는 가운데 원재료 가격 상승이 이어지면서 기업들의 원가 부담은 한계... 또 다른 식품업계 관계자는 ""최근 몇 년간 원재료와 물류비, 환율 등 비용 요인이 동시에 상승하면서 기업들의...",https://www.ebn.co.kr/news/articleView.html?idxno=1705063,4,,1
"""이륙 전부터 연료 아낀다""…에어로케이, '친환경 운항' 강화",에어로케이항공이 최근 중동 사태로 인한 유가·환율 급등에 대응해 친환경 운항 절차를 강화하며 연료 절감에 속도를 낸다. 에어로케이는 이륙 전 지상 이동부터 착륙 후 게이트 도착까지 전 운항 단계에서 연료...,https://www.news1.kr/industry/general-industry/6132450,3,,1
[더밸류 브리핑] 오늘의 농협금융그룹 소식...NH농협은행·NH농협카드,"◆ NH농협은행, 환율 변동성 대응 ‘외국환 아카데미’ 개최…수출입 기업 지원 NH농협은행(은행장 강태영)이 중동발 지정학 리스크로 환율 변동성이 확대되는 상황에서 수출입 기업을 대상으로 외환 대응 전략 공유에...",http://www.thevaluenews.co.kr/news/view.php?idx=198025,7,,1
[위클리 디지털포스트] '국장' 투자자 수익률 -10.3%... 수수료·세금으...,"(해외 투자수익이 압도적으로 높아 보이지만, 보고서는 해외시장 투자자가 거둔 수익률 가운데 9%포인트 이상이 환차익, 즉 원화 약세로 비롯된 환율의 영향을 받았다고 설명했습니다.) 거래비용을 차감하면 국내시장...",https://www.ilovepc.co.kr/news/articleView.html?idxno=58905,5,,1
"에어로케이항공 ""이륙 전부터 연료 절감""… 친환경 운항 3단계 조기 시행","최근 중동 지역의 군사적 긴장으로 국제유가와 환율이 동반 상승하자, 기존에 준비해온 절감 전략을 앞당겨 시행하며 대응에 나선 것이다. 에어로케이항공은 이륙 전 지상 이동부터 착륙 후 게이트 도착까지 전 운항...",http://www.fnnews.com/news/202604101447263499,3,,1
지난해 공적개발원조 38.7억 달러...전년대비 3.9%↓,이는 전년 대비 3.9% 감소한 수치로 정부는 환율이 오르고 최근 다자원조 축소 폭이 확대된 결과라고 설명했습니다. OECD 개발원조 공여국 33개 나라 가운데 우리나라의 지원 규모 순위는 재작년과 같은 13위였고...,https://www.ytn.co.kr/_ln/0101_202604101445125440,4,,1
"“국내 우유 시장, 가격보다 ‘신선도·품질’ 우선”","이는 수입 유제품 가격이 관세 외에도 물류비, 환율, 유통 구조 등의 영향을 동시에 받기 때문으로 분석된다. 우유 시장 경쟁은 단순한 가격 중심 구조를 넘어서는 양상을 보이고 있다. 수입 유제품이 가격과 보관...",https://www.kmib.co.kr/article/view.asp?arcid=0029660851&code=61171811&cp=nv,3,,1
"[단독] 라잔 前 인도은행 총재 “신현송, 최고 적임자”","신 후보자가 10년 넘게 국제결제은행(BIS) 경제보좌관·조사국장·통화경제국장 등을 역임하며 제롬 파월 미 연방준비제도(Fed·연준) 의장, 크리스틴 라가르드 유럽중앙은행(ECB) 총재 등과 구축한 네트워크는 환율 불안과...",https://www.sedaily.com/article/20030963?ref=naver,20,,1
"투썸플레이스, 지난해 매출·영업익 동반 성장…역대 최대 실적",아울러 투썸플레이스는 원두 및 주요 식자재 가격과 환율 상승 등 외부 비용 부담이 지속되는 환경 속에서도 전사적 운영 효율화와 체계적인 비용 관리를 통해 안정적인 수익 구조를 유지했다고 강조했다. 가맹점과의...,https://www.pointdaily.co.kr/news/articleView.html?idxno=300662,5,,1
강원도 사료 구매 자금 332억 투입,강원특별자치도는 중동 정세 불안에 따른 환율 변동과 유가 상승 등 대외 불확실성에 대응해 축산농가의... 고환율·고유가 영향으로 해상운임 상승 등 가격 변동 가능성이 지속되고 있는 상황이다. 도는 사료구매...,https://www.chukkyung.co.kr/news/articleView.html?idxno=80510,3,,1
"세인BS, 고효율 나노비타민 출시","최근 축산업계는 사료비 상승과 질병 부담, 환율 및 원자재 가격 변동 등으로 생산비 압박이 커지면서, 제한된 비용 내에서 생산성을 높일 수 있는 영양관리 기술의 중요성이 더욱 강조되고 있다. 특히 비타민 등 미량...",https://www.chukkyung.co.kr/news/articleView.html?idxno=80497,3,,1
"NH농협은행, '2026 NH외국환 아카데미' 개최","NH농협은행(은행장 강태영)은 최근 중동 지역 긴장 고조 등으로 환율 변동성이 강화되는 가운데, 수출입... 이날 NH금융연구소 조영무 소장이 강연자로 나서 최근 중동발 리스크 확대에 따른 '글로벌 경제환경 및 환율...",http://www.techholic.co.kr/news/articleView.html?idxno=220755,7,,1
"이창용 ""신현송 후보, 해외 자산보다 애국심이 더 클 것""","최근 환율 상승으로 외화 자산의 원화 환산 가치가 커지면서, 통화정책을 총괄하는 중앙은행 수장의 이해... 이와 관련해 일각에서는 환율이 오르면 원화 기준 자산 가치도 함께 커지는 구조라는 점을 들어, 통화정책을...",https://www.econovill.com/news/articleView.html?idxno=736850,7,,1
"투썸플레이스, 지난해 매출 첫 1조원 돌파⋯영업익도 11% ↑","이와 함께 투썸플레이스는 원두 및 주요 식자재 가격과 환율 상승 등 외부 비용 부담이 지속되는 환경 속에서도, 전사적 운영 효율화와 체계적인 비용 관리를 통해 안정적인 수익 구조를 유지했다. 이를 기반으로...",http://www.inews24.com/view/1959115,3,,1
"NH농협은행, '2026 NH외국환 아카데미' 개최…수출입 기업 환율 대응 지...",경제환경과 환율 전망을 주제로 강연하고 있다.(제공=NH농협은행)©열린뉴스통신ONA  NH농협은행이 환율 변동성 확대에 대응해 수출입 기업 고객 대상 교육을 열었다. 올해 교육은 사전 접수한 질문을 현장에서 답하는...,https://www.onews.tv/news/articleView.html?idxno=278290,6,,1
"전북 제조업체 78% ""중동 사태로 경영 타격…물류비·원가 상승""","주요 부담 요인으로는 원자재·에너지 가격 상승(41.0%)이 가장 크고 환율 상승(20.7%), 해상 운임 및 물류비... 김정태 전북상공협 회장은 ""중동 정세 불안이 원가, 환율, 물류 등 경영 전반에 영향을 미쳐 기업들은 비상...",https://www.yna.co.kr/view/AKR20260410104600055?input=1195m,3,,1
"기아, 2029년부터 공장에 '인간형 로봇' 쓴다…""명확한 로드맵 긍정적""","그는 ""환율 가정을 1,370원으로 보수적으로 잡았음에도 불구하고 2025년 대비 영업이익 연평균 성장률(CAGR) 목표가 13~14%에 달해 중장기 가이던스는 매우 양호하다""고 평가했다. 마지막으로 김 연구원은 ""신사업 내용이...",http://www.biztribune.co.kr/news/articleView.html?idxno=352191,3,,1
"구윤철 부총리, AI·초혁신경제 속도전 주문","민생물가·환율 등 시장 안정화에 기여한 공로를 인정 받았다. 3월 베스트 소확행엔 경제구조 개혁총괄과 박준석 사무관이 선정됐다. 박 사무관은 ‘새정부 경제성장전략’에 전국민 AI 한글화, 국가균형발전 연계...",https://www.mk.co.kr/article/12013638,3,,1
마지막 금통위 마친 이창용 “‘서학개미 쿨하다’ 제 말처럼 보도···...,"그는 “인터뷰 당시 환율과 물가를 볼때 인하 기조 방향으로 기대가 강화되면 안되겠다 고 생각해 정책기조... 그는 “금리 조기 인하에 실기했다는 분도 많았고, 금리를 너무 안 올려서 환율이 이렇게 됐다고 비난하시는...",https://www.khan.co.kr/article/202604101414001,4,,1
"‘창립 70주년’ 한양증권, 규모 확대·내실 강화 통한 ‘강한 증권사’...","이어 1987년 유가증권시장 상장에 성공한 뒤 CD매매, 중개업무, 인수합병(M&A) 주선업무, 회사채 지급보증업무 겸영인가를 받았다. 이후 한양증권은 대주주 변경이라는 역사적 전환점을 맞이했다. 지난 2024년 9월...",https://www.kukinews.com/article/view/kuk202604100150,7,,1
예금보다 높은 수익...증권사 IMA에 투자해볼까?,"IMA는 증권사가 고객 자금을 기업금융, 회사채, 대체투자 등 다양한 자산에 운용해 수익을 창출하는 구조입니다. 확정 금리는 아니지만 연 4~8% 수준의 목표 수익률을 제시하면서도 원금이 보장된다는 점에서, 최근과...",https://biz.sbs.co.kr/article_hub/20000303560?division=NAVER,9,,1
"NH투자증권, 회사채 업무 내부통제 미흡... 금감원 '경영유의'","이어 4월에는 과거 공모 회사채 발행·운용 업무를 점검한 금감원 경영유의 내용이 공개됐다.1분기 회사채 대표주관 실적 상위권을 달리기는 했지만, 정보관리와 이해상충 통제가 제대로 됐느냐에 대한 의문이 제기되고...",https://www.insight.co.kr/news/549773,13,,1
국고채 금리 일제히 상승…3년물 3.360%·10년물 3.686%,회사채 금리도 동반 상승했다. 무보증 3년물 AA- 등급 금리는 1.9bp 오른 연 4.018%를 기록했다. 시장에서는 최근 글로벌 불확실성과 금리 경로에 대한 경계감 속에 채권 금리가 전반적으로 상승 압력을 받은...,http://www.issuenbiz.com/news/articleView.html?idxno=75468,7,,1
"한화솔루션, 6월말 만기 4884억 차환 부담 가중…금감원 정정 요구로 유...","한편 한화솔루션은 국내 주요 신용평가사로부터 회사채 'AA-', 기업어음 'A1'이라는 우수한 신용등급을 부여받고 있어 대외적인 자본시장 접근성과 재무융통성도 양호하다는 평가를 받는다. 한화솔루션의...",https://www.greened.kr/news/articleView.html?idxno=339147,12,,1
"롯데케미칼, 4000억 은행보증채 발행 추진 … 롯데타워 담보 검토",회사채 발행에 나선다. 롯데케미칼을 비롯한 국내 주요 석유화학사들은 재무구조 악화로 신용등급이 관찰·주의·경고 구간에 진입하며 하향 가능성이 제기된다. 10일 업계에 따르면 롯데케미칼이 4000억원 규모 회사채...,https://biz.newdaily.co.kr/site/data/html/2026/04/10/2026041000253.html,7,,1
"유증 제동 걸린 한화솔루션 주가 반등…한화에어로·풍산, 방산 빅딜 무...",그런데 조달 자금의 60%인 1조5천억 원을 회사채 상환에 쓴다는 계획이 알려지면서 주가는 이틀 만에 20% 넘게... 단위 회사채 차환 비용도 급증할 수 있다는 우려가 나옵니다. 여기에 한화에어로스페이스가 추진하던 풍산...,http://mbnmoney.mbn.co.kr/news/view?news_no=MM1005811529,5,,1
"NH투자증권 IMA 1호 완판, 법인 자금 유입 속 자본시장 투자 지형 변화 ...","해당 상품은 고객 예탁금을 기업대출, 회사채, 인수금융 등 기업금융 자산에 투자해 발생한 운용 성과를 투자자에게 제공하는 구조로 설계됐다. IMA는 기존 기관투자가 중심으로 형성돼 있던 기업금융 투자 영역을 개인...",http://www.lkp.news/news/articleView.html?idxno=79074,6,,1
[단독] 롯데케미칼 계열 롯데에코월 매물로... 2000억 수준,"부채비율은 71%이며, 은행 대출이나 회사채 같은 금융권 차입이 없다. 원가율 상승 등 건설업계 전반의 유동성 위기 속에서도 안정적인 현금 창출력을 유지하고 있는 것으로 평가받는다.",https://biz.chosun.com/stock/market_trend/2026/04/11/OMA2IEONBJATHJJOH44CUOBHDM/?utm_source=naver&utm_medium=original&utm_campaign=biz,12,,1
"금감원, 한화솔루션 2.4兆 기습 유증 '제동'… ""정정신고서 제출 요구""","한화솔루션은 앞선 유증 계획에서 조달 자금 가운데 1조 5000억원은 회사채 상환, 9000억원은 신기술 개발 등 미래 투자에 쓰겠다고 했다. ""태양광 부문과 화학 부문이 동반 부진하면서 채무가 누적된 데 따른 결정""이라는...",https://www.financialpost.co.kr/news/articleView.html?idxno=255085,12,,1
"삼성전자, 연말 200조 실탄 쌓인다 … 美 빅테크 빚투 속 '제2의 하만' 대...",고금리 부담을 감수하면서도 대규모 회사채를 발행해 AI 인프라 경쟁에 나서는 이유는 지금 투자하지 않으면 시장 주도권을 내줄 수 있다는 위기감 때문이다. 삼성전자의 과거 인수 사례도 재평가되는 분위기다. 2011년...,https://biz.newdaily.co.kr/site/data/html/2026/04/10/2026041000196.html,5,,1
"유상증자 브레이크 걸린 한화솔루션, 주가 반등 성공",1조5000억원은 회사채를 상환하는 데 쓰고 나머지 9000억원은 신기술 개발 등에 투자하겠다는 것이다. 한화솔루션 주력 사업인 태양광 부문(큐셀)과 화학 부문(케미칼)이 동반 부진에 빠지며 채무가 누적된 데 따른...,https://www.newsquest.co.kr/news/articleView.html?idxno=264539,5,,1
증권사 줄줄이 '경영유의'…회사채 시장 내부통제 '구멍',/사진=연합 금융당국이 대형 증권사 6곳에 대해 공모 회사채 발행주관·운용 업무 전반의 내부통제 미흡을... 이번 조치는 개별 회사의 단순 실수라기보다 공모 회사채 시장 전반의 구조적 통제 미비를 겨냥한 것으로...,http://www.4th.kr/news/articleView.html?idxno=2110280,8,,1
"신한은행, SK온과 '생산적 금융' 업무협약…5억달러 글로벌 본드 신용보...",또한 신한은행은 외환시장 변동성 대응을 위한 FX 자문 서비스와 함께 회사채·자본증권 발행 등 자본시장을 통한 자금 조달 전반에 걸쳐 전문적인 컨설팅을 제공할 계획이다. 아울러 본사 및 국내외 사업장 근로자를...,http://www.thebigdata.co.kr/view.php?ud=202604101047008031df3c2a17b7_23,14,,1
"신한은행, SK온과 생산적 금융 협력 MOU 체결",또한 외환시장 변동성 대응을 위한 FX 자문과 회사채 및 자본증권 발행 등 자본시장 관련 컨설팅을 제공한다. 임직원을 대상으로 한 금융 교육 프로그램 지원도 검토한다. 신한은행 관계자는 “기업의 글로벌 사업...,https://weekly.cnbnews.com/news/article.html?no=211682,13,,1
"유상증자 제동에…한화솔루션, 자금조달·재무개선 빨간불",상반기 정기평가에서 등급이 낮아지면 2년 내 만기가 도래하는 1조8000억원 규모의 회사채 차환(재조달)에도 난항이 예상된다. 신사업 투자 등도 지연되면서 수익성 개선 역시 늦어질 가능성이 있다. 현재 회사는 사업...,http://www.edaily.co.kr/news/newspath.asp?newsid=03070086645414808,4,,1
"신한은행· SK온, 2차전지· ESS 글로벌 경쟁력 강화 맞손",또한 신한은행은 외환시장 변동성 대응을 위한 FX 자문 서비스와 함께 회사채·자본증권 발행 등 자본시장을 통한 자금 조달 전반에 걸쳐 전문적인 컨설팅을 제공할 계획이다. 아울러 본사 및 국내외 사업장 근로자를...,https://www.handmk.com/news/articleView.html?idxno=37070,12,,1
"[금통위 브리핑] 한국은행, 이창용 총재 마지막 금통위 기준금리 동결…...","- 외국인, 지난달 국내 주식·채권 시장에서 365억 5,000만 달러(약 54조 3000억 원) 순유출 - 금융당국, 3월 한 달간 시장 안정자금 투입해 2조 4,200억 원 규모 회사채·기업어음을 매입 - 정부 순자금조달 52.6조, 코로나...",https://biz.sbs.co.kr/article_hub/20000303403?division=NAVER,21,,1
자금조달 막히고 M&A 중단...한화솔루션·에어로스페이스 동반 악재에 김...,만약 상반기 정기평가에서 신용등급이 강등되면 2년 내 만기가 도래하는 1조8000억원 규모의 회사채 차환도 난관에 봉착할 수 있다. 공교롭게도 같은 날 한화에어로스페이스는 풍산 탄약사업부 인수 중단을 밝혔다. 9일...,https://www.livebiz.today/news/articleView.html?idxno=201537,4,,1
"금호건설, 10년 넘게 해묵은 PF 우발부채 털어낸다","건설사가 은행에서 대출을 받거나 회사채를 발행할 때 금융기관은 우발부채를 실질 부채에 준해 평가한다. 공공 건설 입찰에서도 마찬가지다. 시공사의 재무건전성은 입찰 평가 항목에 포함되며, 우발부채가...",http://www.wikileaks-kr.org/news/articleView.html?idxno=186133,15,,1
[오늘의 채권ㆍ외환 메모] (04월10일),"발행 ▲여전채 5,160억원 ▲회사채 500억원 ▲공사채 400억원 ◇채권 만기 ▲은행채 4,500억원 ▲여전채 4,600억원 ▲회사채 2,400억원 ◇채권 입찰 ▲국고채 50년 7,000억원 입찰 (서울=연합인포맥스)",https://news.einfomax.co.kr/news/articleView.html?idxno=4408774,9,,1
"금융권, 디지털 혁신·포용금융·글로벌 확장 동시 추진","신한은행은 글로벌 본드 보증 외에도 FX 자문, 회사채·자본증권 발행 컨설팅, 임직원 금융교육 프로그램 등 전방위 기업금융 서비스를 제공할 예정이다. K-배터리 공급망 강화를 위한 은행과 제조기업 간 협력 모델로...",http://www.dailypop.kr/news/articleView.html?idxno=97922,13,,1
"CJ ENM, 홈쇼핑 없었으면 적자…본업인 콘텐츠와 플랫폼 수익 '시계 제로...","CJ ENM은 5개월 간격으로 회사채를 두 번 발행했다. 2025년 9월 2100억원, 2026년 2월 2450억원으로 총 4550억원을 끌어왔다. 2026년 2월 발행분의 이자율은 각각 연 3.575%와 연 3.818%다. 두 발행 모두 조달 목적은 공시에...",https://www.newsquest.co.kr/news/articleView.html?idxno=264511,4,,1
"신한은행, SK온 글로벌 본드 5억 달러 발행 지원하며 K-배터리 성장에 주...",또한 신한은행은 외환시장 변동성 대응을 위한 FX 자문 서비스와 함께 회사채·자본증권 발행 등 자본시장을 통한 자금 조달 전반에 걸쳐 전문적인 컨설팅을 제공할 계획이다. 아울러 본사 및 국내외 사업장 근로자를...,http://www.press9.kr/news/articleView.html?idxno=74842,13,,1
"신한은행, SK온과 글로벌 배터리 사업 확대 위한 생산적 금융 협력 강화",또한 신한은행은 외환시장 변동성 대응을 위한 FX 자문 서비스와 함께 회사채·자본증권 발행 등 자본시장 기반 자금 조달 전반에 걸쳐 전문적인 컨설팅을 제공할 계획이다. 아울러 본사 및 국내외 사업장 근로자를...,https://www.public25.com/news/articleView.html?idxno=43791,13,,1
"금감원, 한화솔루션 유상증자 정정 요구...""주주가치 최우선 반영한 신...","이 가운데 약 1조4899억원은 회사채, 기업어음(CP), 대출 등 차입금 상환에 투입되고, 나머지는 태양광 사업 경쟁력 강화를 위한 투자에 활용될 예정이다. 한화솔루션은 유상증자가 재무구조 개선과 신용등급 방어를 위해...",https://www.joongangenews.com/news/articleView.html?idxno=510562,17,,1
"[모닝 리포트] 빅테크 AI 투자 위축 가능성…""올 1분기 어닝시즌이 분수...","이어 ""스태그플레이션 우려와 성장 전망 후퇴는 2025년 초부터 AI 투자 전망을 위축시켜 왔다""며 ""AI 경쟁의 과열 양상이 빅테크들의 회사채 발행을 유발하며 투자 경쟁이 일시적으로 재개됐으나, 최근 분기 대비(QoQ)...",https://www.newspim.com/news/view/20260410000039,4,,1
은행 참여 속속… 몸집 키우는 한은 디지털화폐 실험,카드사와 빅테크 중심으로 형성된 기존 결제 구조를 은행 중심으로 재편할 수 있는 기회가 열릴 수 있기... 중간 결제망이 줄어들면 가맹점 수수료 부담이 낮아질 수 있다. 공공 영역에서는 보조금과 정책자금의 목적 외...,https://it.chosun.com/news/articleView.html?idxno=2023092160178,13,,1
“보험료 카드로 낼 거면 해지하라고?”…천차만별 방침에 혼란,"국회에선 2012년부터 카드납 의무화 법안이 꾸준히 발의되고 있지만, 보험사와 카드사 사이 합의점을 도출하기 어려운 상황이다. 보험업계에선 보험료에 한해 카드 수수료를 낮춰달라는 요구가 나오지만, 수익성 방어에...",https://www.joongang.co.kr/article/25419322,8,,1
"스테이블코인, 비자·마스터카드 넘었다…결제 패러다임 전환 신호","이는 은행, 카드사, SWIFT 등 기존 결제 인프라와 병행하는 새로운 결제 레이어로 자리 잡을 수 있음을... 이 같은 성장 전망은 낮은 수수료, 실시간 결제, 그리고 유럽연합의 MiCA와 미국의 스테이블코인 규제 정비 등...",https://www.tokenpost.kr/news/cryptocurrency/347766,7,,1
"[카드사 장부 속 셈법]②신한카드, 1785억 '신한은행 영업망' 청구서…'...",신한카드가 지난해 신한은행 등 그룹 계열사에 지불한 수수료 규모가 늘어나면서 수익성 방어가 주요... 1785억 vs 100억…벌어들인 수익 17배 넘는 수수료 지출 계열사 간 거래를 살펴보면 지출과 수익의 불균형이...,http://www.press9.kr/news/articleView.html?idxno=74877,12,,1
스테이블코인 결제 인프라 구축 속도전…신한·KB국민카드 앞장,카드사들이 스테이블코인을 활용한 미래 디지털 금융 인프라 구축에 속도를 내고 있다. 단순 실험 단계를... 빠른 처리 속도와 낮은 수수료를 강점으로 하는 글로벌 블록체인 네트워크를 활용해 실질적인 결제 적용...,https://www.mediapen.com/news/view/1092569,5,,1
"신한카드, 스테이블코인 PoC 진행···미래 결제인프라 주도권 전쟁 서...","이 시스템은 안정성을 담보했지만, 높은 수수료와 느린 정산 시간이라는 구조적 한계를 안고 있었다.... 이는 디지털자산의 유동성을 활용해 전통적인 신용 모델을 확장하는 방식으로, 카드사가 디지털자산 시장에서...",https://www.enetnews.co.kr/news/articleView.html?idxno=48736,7,,1
"SK 주유소서 GS 휘발유도 팔라니 … 정유사들 ""탁상공론""","업계 관계자는 ""유가가 급등하면서 (혼합 판매가) 대두됐으나 실제 소비자 가격 인하로 이어질지는 솔직히 미지수""라며 ""카드 결제 수수료 문제나 제휴 카드 혜택 등 얽혀 있는 카드사와 현장의 입장도 조율해야 해 당장...",https://biz.newdaily.co.kr/site/data/html/2026/04/10/2026041000083.html,4,,1
"카드사, 중동발 금리 쇼크에…자금조달 다변화 안간힘","이 가운데 카드론 금리나 가맹점 수수료는 규제와 시장 경쟁 등의 영향으로 단기간에 올리기 어려워, 결국 조달비용만 상승하고 수익은 제자리인 이익률 하방 압력이 지속될 전망이다. 이 같은 환경에 카드사들은 금리...",https://www.widedaily.com/news/articleView.html?idxno=292038,8,,1
"카드사 여전채 만기 '17조'···""자금조달 전략 다변화""","| 스마트비즈 = 전근홍 기자 | 카드사들의 자금조달 부담이 커지고 있다. 중동분쟁 장기화로 금융시장에서... 그러면서 이 관계자는 ""자금조달 부담은 커지는데 카드론 금리나 가맹점 수수료는 규제 속에서 인상하기...",https://www.smartbizn.com/news/articleView.html?idxno=141616,9,,1
"국내 금융권, 해외 QR결제 주도권 경쟁 치열","QR결제는 국가별 중앙은행과 결제망, 카드사, 가맹점이 촘촘히 맞물려야 해 쉽게 늘리기 어렵다. 이용자 입장에서는 수수료 면제와 환율 우대가 핵심이지만, 업계가 이런 혜택을 장기간 유지할 수 있을지도 관건이다....",http://www.datanews.co.kr/news/article.html?no=144231,12,,1
"애플, 삼성전자 상대로 '글로벌 소환장' 강수… 美 반독점 재판 새 국면","그간 '수수료 제로' 정책을 고수해 온 삼성전자가 재판 과정에서 비용 부담을 입증하게 될 경우, 국내 카드사와의 수수료 유료화 재협상에서 강력한 명분을 쥐게 된다. 이는 곧 소비자 금융 비용 상승으로 이어질 수 있는...",https://www.g-enews.com/view.php?ud=202604100731501288fbbec65dfb_1,5,,1
"""세계 무대 티켓 향해"" 현대캐피탈, 5월 AVC 챔스리그 출전","조 추첨 행사에는 라몬 수자라 AVC 회장은 물론, V리그 여자부 페퍼저축은행에서 아시아 쿼터로 활약했던 메가왓티 퍼티위(등록명 메가)도 참석했다. 이번 챔피언스리그에는 총 8개 팀이 참가해 네 팀씩 두 개 조로...",https://www.topstarnews.net/news/articleView.html?idxno=16031818,10,,1
'FA 최대어' 허수봉 어디로…대한항공·현대캐피탈 영입전 2R,"속에 우리 팀과 접점이 있는지를 확인하겠다""고 밝혔다. 다른 구단 중에선 KB손해보험, 우리카드, OK저축은행, 삼성화재가 관심을 보이는 가운데 협상 테이블이 차려질지는 지켜봐야 할 전망이다. 사진=한국배구연맹",https://www.slist.kr/news/articleView.html?idxno=730891,10,,1
"""연봉8억 A등급"" 허수봉, FA시장 최대어…대한항공도 영입 시동","남자부에서는 KB손해보험, 우리카드, OK저축은행, 삼성화재 등이 허수봉 영입에 관심을 보이고 있는 것으로 알려졌다. 다만 실제로 협상 테이블이 차려질지는 각 구단의 샐러리캡 상황과 전력 구성 계획에 따라 갈릴 수...",https://www.topstarnews.net/news/articleView.html?idxno=16031773,7,,1
"KLPGA투어, 'iM금융오픈 2026' 2R 강풍 뚫고 김민선7·전예성·김민솔 공...","4언더파 140타를 기록한 공동 7위에는 김가희2(SBI저축은행)·김민주(삼천리)·최정원(NH투자증권)이 포진했고, 3언더파 141타를 기록한 공동 10위에는 장은수(굿빈스)·홍현지·마다솜(삼천리)·박현경(메디힐)·김나현2가...",http://www.newsroad.co.kr/news/articleView.html?idxno=57729,8,,1
[안선영의 아주-머니] '이달 생활비 부족한데'…비상금대출 똑똑하게 받...,"핀다와 같은 온라인 대출 비교 플랫폼을 이용하면 은행뿐 아니라 저축은행, 카드, 보험사의 비상금대출 조건을 비교할 수 있다. 당장 자금이 필요한데 대출이 거절됐다면 햇살론, 사잇돌대출, 불법사금융예방대출 등...",https://www.ajunews.com/view/20260409154658892,18,,1
[GAM]디지털 위안화 2.0② 은행업계 또 다른 파이경쟁으로,"먼저 공상은행(601398.SH/1398.HK), 농업은행(601288.SH/1288.HK), 건설은행(601939.SH/0939.HK), 중국은행(601988.SH/3988.HK), 우정저축은행(601658.SH/1658.HK), 교통은행(601328.SH/3328.HK) 등 6대 국유은행과 초상은행(600036.SH/3968.HK)과...",https://www.newspim.com/news/view/20260410000971,7,,1
다시 불붙는 보험사 M&A 시장…꽃놀이패 쥔 '큰 손' 한투,현재 한투지주는 핵심 계열사인 한국투자증권을 중심으로 자산운용·저축은행·캐피탈 등을 자회사로 두고 있다. 하지만 보험 계열사가 아직 없어 과거부터 인수 의지를 보여 왔다. 한투지주는 최근 올해 안으로 보험사...,https://www.sidae.com/article/2026041010282969524,13,,1
단기 자금 유치나선 은행들… 4%·5% 파킹통장 눈길,시중은행부터 저축은행까지 '단기 자금'을 유연하게 운용하려는 소비자를 겨냥하는 모습이다. 파킹토장은 예적금과 달리 언제든 입출금이 가능하면서도 상대적으로 높은 금리를 제공한다. 최근 증시 변동성이...,https://it.chosun.com/news/articleView.html?idxno=2023092160173,8,,1
"'윤석열 명예훼손 보도' 재판부, 피해자 尹 내달 증인으로 재소환",검찰에 따르면 김 씨와 신 전 위원장은 2021년 9월 '윤 전 대통령이 2011년 대검찰청 중앙수사부 2과장 당시 부산저축은행 대출 브로커로 지목된 조우형 씨 수사를 덮어줬다는 내용을 인터뷰했다. 그리고 20대 대통령...,https://www.news1.kr/society/court-prosecution/6132928,8,,1
"주요주주 상상인플러스저축은행, 성안머티리얼스 주식 보유 감소",성안머티리얼스(011300)의 주요주주 상상인플러스저축은행이 2026년 4월 10일 공시를 통해 주식 보유 비율을 줄였다고 밝혔다. 상상인플러스저축은행은 성안머티리얼스의 주식을 직전 보고 기준일인...,https://www.digitaltoday.co.kr/news/articleView.html?idxno=655969,8,,1
"마지막에 깨어난 대한항공 '왕조 DNA', 벼랑 끝서 축배 들었다[대한항공...",대한항공은 2023~2024시즌 챔피언결정전에서 OK저축은행에 3전 전승을 거두며 V-리그 최초의 '4연속 통합우승'이라는 과업을 달성했다. 2011~2012시즌을 시작으로 3연속 통합우승을 달성했던 '삼성화재 왕조'마저 뛰어넘는...,https://sports.hankooki.com/news/articleView.html?idxno=6930661,3,,1
"'윤 명예훼손' 사건 재판부, 다음 달 윤석열 증인 재소환","채택됐지만, 불출석 사유서를 내고 법정에 나오지 않았습니다. 김 씨와 신 전 위원장 등은 윤 전 대통령이 부산저축은행 사건 수사를 덮어줬다는 내용의 보도를 대가로 억대 금품을 주고받은 혐의로 재판에 넘겨졌습니다.",https://www.ytn.co.kr/_ln/0103_202604102057522663,7,,1
"한울반도체 최대주주 한울소재과학, 한울반도체 주식등의 수 변동 없어...","이 외 주요 내용으로, 한울소재과학은 상상인플러스저축은행과 주식담보대출 계약을 4월 1일 체결했으며 대상 주식등의 수는 433만1000주다. 에스텔조합1호는 빛과전자와 주식매매계약서를 4월 3일 체결했으며 대상...",https://www.digitaltoday.co.kr/news/articleView.html?idxno=655962,9,,1
"케이이엠텍 주주 상상인저축은행, 케이이엠텍 주식등의 수 보유 지분 해...","케이이엠텍(106080)은 스마트폰 카메라 모듈 부품 제조 업체로, 상상인저축은행이 보유 지분을 전량 해소했다고 10일 공시했다. 이번 보유 지분 해소 사유는 채권자의 담보처분권 실행과 채무자의 기한이익 회복에 따른...",https://www.digitaltoday.co.kr/news/articleView.html?idxno=655940,10,,1
"윤석열, '명예훼손 의혹' 재판 증인 재소환.. 유동규와 법정 선다",검찰에 따르면 김씨와 신 전 위원장은 2021년 9월 '윤 전 대통령이 2011년 대검찰청 중앙수사부에서 부산저축은행 사건을 수사할 때 대출 브로커 조우형에 대한 수사를 덮어줬다'는 내용의 인터뷰를 진행했다. 이어 대선을...,http://www.fnnews.com/news/202604101954585844,8,,1
"법원, 윤석열 전 대통령 재소환…‘허위 보도’ 처벌 의사 직접 묻는다","이후 대선을 앞둔 이듬해 3월 6일 뉴스타파는 해당 인터뷰를 인용해 윤 전 대통령이 부산저축은행 사건 수사를 무마했다는 내용을 보도했다. 검찰은 두 사람이 대선에 영향을 미칠 의도로 공모하고, 김만배가 허위 인터뷰...",https://www.joongang.co.kr/article/25419222,7,,1
"동성제약 주주 상상인저축은행, 동성제약 주식등의 수 보유 지분 해소","전문 의약품 기업 동성제약(002210)의 주주인 상상인저축은행이 보유 지분을 전량 해소했다고 10일 공시했다. 상상인저축은행의 2026년 4월 9일 기준 보유 동성제약 주식등의 수는 0주, 보유 비율은 0%로 보고됐다. 종목...",https://www.digitaltoday.co.kr/news/articleView.html?idxno=655932,8,,1
"대호에이엘 주주 상상인저축은행, 대호에이엘 주식등의 수 281만5330주 감...",알루미늄소재 생산 회사 대호에이엘(069460)의 주주 상상인저축은행이 주식등 보유 상황을 10일 공시했다. 상상인저축은행은 대호에이엘 주식등의 수를 281만5330주 줄였다고 밝혔다. 이번 변동은 담보처분권 실행 및...,https://www.digitaltoday.co.kr/news/articleView.html?idxno=655929,8,,1
"수성웹툰 최대주주 투믹스홀딩스, 수성웹툰 주식등의 수 138만875주 감소...",이 외 주요 내용으로 투믹스홀딩스는 상상인저축은행과 질권설정계약을 2026년 3월 10일 체결했으며 대상 주식등의 수는 의결권있는 주식 366만1422주다. 상상인플러스저축은행과의 질권설정계약은 2026년 3월 10일...,https://www.digitaltoday.co.kr/news/articleView.html?idxno=655926,8,,1
"성안머티리얼스 주주 상상인저축은행, 성안머티리얼스 주식등의 수 969만...","성안머티리얼스의 주주인 상상인저축은행이 주식등의 수를 969만7655주 줄였다고 보고했다. 상상인저축은행과 특별관계자 3인의 2026년 4월 9일 기준 성안머티리얼스 보유 주식등의 수는 4037만6154주, 보유 비율은 22.56...",https://www.digitaltoday.co.kr/news/articleView.html?idxno=655928,8,,1
"에코글로우 최대주주 더편한, 에코글로우 주식등의 수 6만3050주 증가…...","이 외 주요 내용으로 더편한은 상상인저축은행과 담보계약을 체결했으며, 대상 주식등의 수는 600만주다. 또한, 상상인저축은행과의 담보계약은 2025년 4월 7일 체결됐다. 조승용의 지분은 6만8000주, 0.13%포인트 증가한...",https://www.digitaltoday.co.kr/news/articleView.html?idxno=655927,13,,1
"한화솔루션 ""2030년까지 추가 유상증자 없다""… 시장 오해에 적극 해명...","지난 2년간 한화저축은행 등 계열사 지분과 울산·여수의 유휴 부지를 매각하고, 신재생에너지 자산 및 전기차 충전 사업을 정리해 1조 6,000억 원을 확보했다. 여기에 7,000억 원 규모의 신종자본증권(영구채) 발행까지...",https://www.greened.kr/news/articleView.html?idxno=339161,7,,1
"'尹명예훼손' 허위보도 재판부, 윤석열 내달 증인 재소환",검찰 조사에 따르면 김씨와 신 전 위원장은 2021년 9월 '윤 전 대통령이 2011년 대검찰청 중앙수사부에서 부산저축은행 사건을 수사할 때 대출 브로커 조우형에 대한 수사를 덮어줬다'는 내용의 인터뷰를 진행했다. 그리고...,https://www.yna.co.kr/view/AKR20260410163400004?input=1195m,8,,1
"'윤석열 명예훼손 보도' 재판부, 내달 12일 尹 증인 소환","한편, 김씨와 신 전 위원장 등은 20대 대선을 사흘 앞둔 2022년 3월 6일 당시 국민의힘 후보였던 윤 전 대통령이 대검찰청 중수2과장이던 시절 부산저축은행 대출 브로커라는 의혹을 받은 조우형씨 수사를 무마했다는 허위...",https://www.newsis.com/view/NISX20260410_0003586873,8,,1
"[들어보니]황성엽, 지주·은행 어려운 투자 증권업계가 나서야…“입법...",국내 개인 자금이 은행 중심의 저축에서 증권사 중심의 투자로 이동하는 이른바 ‘머니무브’ 흐름이 이어지는 가운데 증권사가 기존 역할을 넘어 고유 기능을 강화해야 한다는 취지다. 이에 대해 금융투자업계에...,https://www.nspna.com/news/?mode=view&newsid=809394,7,,1
[주간 금리 리포트: 저축은행] 저축은행 정기예금 최고 연 3.57%…시중은...,"2026년 04월 10일 기준 전국 저축은행의 정기예금 금리를 비교한 결과, 79개 저축은행의 331개 상품 중 MS저축은행의 'e-정기예금'이(가) 연 3.57%로 최고금리를 기록했다. 이는 같은 날 시중은행 최고금리(연 3.40...",http://www.dailypop.kr/news/articleView.html?idxno=97966,8,,1
"[게시판] 코난테크놀로지, LIG시스템과 공공 AX 혁신 맞손 등 단신","■ PFCT(대표 이수환)는 국내 주요 저축은행을 포함한 15개 금융사, 30여명의 담당자가 참여한 가운데 '렌딩테크 아레나 2026'를 진행했다고 밝혔다. 금융 특화 AI 인프라 솔루션 '에어팩'으로 데이터 전처리부터 모델링...",https://www.aitimes.com/news/articleView.html?idxno=209044,12,,1
"PFCT, 'AI 렌딩테크 아레나' 개최…금융 AX 시대 대응","행사에는 국내 주요 저축은행을 포함한 15개 금융사, 30여 명의 리스크 담당자가 참여했다. 참가자들은 팀을 구성해 에어팩을 통해 모델링부터 금리·한도·승인 최적화 전략 설계, 실행, 성과 검증까지 이어지는 AI...",https://www.newsis.com/view/NISX20260410_0003586679,13,,1
"iM뱅크, 예·적금 대거 판매 종료…이유는?",소비자들이 금리에 더욱 민감하게 움직이는 저축은행과 상호금융권은 3.5% 이상의 고금리 상품을 운영하며 수신 방어에 나섰는데요. 저축은행 평균 예금금리(1년)는 올해 초 2.92%에 그쳤지만 지난달 30일 기준으로 3.17...,https://biz.sbs.co.kr/article_hub/20000303556?division=NAVER,13,,1
"이병철, 다올투자증권 김기수 측 잔여지분 모두 사들여 경영권 방어","2대 주주인 DB손해보험이 592만3990주(지분율 9.73%)를 보유하고 있고 3대 주주인 세코그룹이 흥국저축은행, 오투저축은행, 인베스터유나이티드 등을 통해 569만5678주(지분율 9.35%)를 가지고 있다. 여기에 4대주주로...",https://www.sisajournal-e.com/news/articleView.html?idxno=420404,7,,1
'윤석열 대통령 명예훼손' 허위보도 의혹 김용진 전 대표 법원 출석 [TF...,"화천대유자산관리 대주주 김만배 씨와 신학림 전 전국언론노조위원장은 2021년 9월 15일 부산저축은행 수사와 관련해 윤석열 대통령과 관련한 허위의 사실을 담은 내용의 인터뷰를 했고, 뉴스타파가 대선 사흘 전 해당...",https://news.tf.co.kr/read/photomovie/2311887.htm,7,,1
'윤석열 대통령 명예훼손 허위보도 의혹' 신학림 법원 출석 [TF사진관],신 전 위원장은 부산저축은행 수사와 관련한 허위 인터뷰를 보도해 윤석열 대통령의 명예를 훼손하고 보도 대가로 1억6500만 원을 주고받은 혐의로 재판에 넘겨졌다. 사진영상기획부,https://news.tf.co.kr/read/photomovie/2311885.htm,7,,1
"[알림]5월13일, 제6회 생산·포용·신뢰금융 ESG 어워드 시상식 개최","여신금융협회, 저축은행중앙회, 한국핀테크산업협회 등 ◆시상 부문 종합 대상 및 각 10개 부문별 리더 선정 대상은 종합 평가 결과 최고 점수를 받은 곳 시상, 리더는 부문별 최고 등급을 받은 곳 시상 (동일 평가...",https://www.sidae.com/article/2026040917173863801,8,,1
"[KLPGA] 2006년생 '이정민 키즈' 김가희, ""신인왕도 욕심 나지만 우승하...","올 시즌 한국여자프로골프(KLPGA)투어에 데뷔한 2006년생 루키 김가희(등록명: 김가희2, SBI저축은행)가 ‘iM금융오픈 2026’(총상금 10억 원, 우승상금 1억 8천만 원) 첫 날 시즌 베스트 스코어 라운드를 펼치며 선두권에...",https://swtvnews.com/news/newsview.php?ncode=1065583799341055,4,,1
애큐온캐피탈 인수전 본격화…메리츠·한화생명 숏리스트 올라,"이번 거래는 EQT파트너스가 보유한 애큐온캐피탈 지분 96.06%를 매각하는 구조로, 애큐온캐피탈이 애큐온저축은행 지분 100%를 보유하고 있는 점에서 '캐피탈+저축은행' 패키지 딜로 진행된다. 매각 주관사는...",https://www.econovill.com/news/articleView.html?idxno=736844,10,,1
남자배구 FA 시장 13일 열린다…최대어 허수봉 거취 관심,"허수봉 외에 현대캐피탈의 세터 황승빈과 삼성화재의 아웃사이드 히터 김우진, 우리카드의 미들 블로커 이상현, 한국전력의 세터 하승우, OK저축은행의 세터 이민규, 미들 블로커 박창성, KB손해보험의 리베로 김도훈...",https://www.fntoday.co.kr/news/articleView.html?idxno=382040,10,,1
"여자배구 페퍼저축은행, 해체 위기… 인수없인 공중분해",여자배구 페퍼저축은행이 모기업 재정 부담으로 인해 공중분해 위기에 놓였다. 연합뉴스에 따르면 2025-2026시즌을 마치고 페퍼저축은행은 해체 위기에 있다. 2021년 광주광역시를 연고에 두고 제7구단으로 창단됐지만...,https://sports.hankooki.com/news/articleView.html?idxno=6930624,7,,1
"한화솔루션, 답해야 할 증자 궁금점 셋…'호텔 지분은?'","한화퓨처프루프 등 해외 합작 계열사 지분(1조570억원), 한화저축은행 지분(1785억원), 울산 사택부지(1602억원), 미국 발전소 등 자산(1600억원), 여수산단 유휴부지(360억원), 전기차 충전사업(250억원) 등을 매각해 총...",https://news.bizwatch.co.kr/article/industry/2026/04/10/0008,7,,1
"동구 공공도서관, 11일~18일까지 '도서관주간'",도서관주간 기간 중에는 남목도서관은 저축의 장점과 은행의 역할을 체험하는 '은행에서 뭐 하니'(14일)와 '과일 찹쌀떡 만들기'(17일) 체험이 운영된다. 꽃바위작은도서관에서는 '가죽공예로 가방만들기'(16일)가...,https://www.ksilbo.co.kr/news/articleView.html?idxno=1053694,3,,1
"[남승표의 궁변통구] 과잉금융과 생산적 금융, 그리고 아파트","2026.3.24 dwise@yna.co.kr 근대 영국의 골드 스미스가 그랬던 것처럼, 고삐 풀린 금융은 저축은행 파산 등 여러 문제를 가져왔고 흔히 말하는 최종 대부자의 역할을 하는 중앙은행, 연방준비제도(FED)가 탄생하는 계기가 됐다....",https://news.einfomax.co.kr/news/articleView.html?idxno=4408776,13,,1
"메리츠·한화생명, 애큐온캐피탈 인수전 '격돌'",저축은행을 축으로 한 사업 포트폴리오 확장이 핵심 전략으로 꼽힌다. 9일 투자은행(IB) 업계에 따르면 한화생명과 메리츠금융그룹은 애큐온캐피탈 매각 본입찰 적격 후보(쇼트리스트)에 포함됐다. 이번 거래 대상은...,http://www.fins.co.kr/news/articleView.html?idxno=108168,11,,1
"KB국민은행, 개인사업자 '비대면 금리인하요구권' 확대","▲신상정보 ▲당행거래정보 ▲대출거래정보 ▲카드거래정보 ▲연체정보 등 5개 항목을 제공해 고객의 신용관리를 지원하고 금융비용 절감으로 이어질 수 있도록 했다. KB국민은행 관계자는 ""바쁜 소상공인 고객이 보다...",http://www.whitepaper.co.kr/news/articleView.html?idxno=260898,8,,1
"KB국민은행, 금리인하요구권 비대면 확대…사업자 대출까지 적용","신상정보, 은행 거래, 대출·카드 이용, 연체 여부 등 5개 항목을 제공해 신용 개선 방향을 안내한다. KB국민은행 관계자는 ""앞으로도 금융소비자 권익 보호와 금융비용 부담 완화를 위한 포용금융 서비스를 지속 확대해...",https://www.pinpointnews.co.kr/news/articleView.html?idxno=444608,8,,1
"KB국민은행, 개인사업자 '비대면 금리인하요구권' 확대 실시","▲신상정보 ▲당행거래정보 ▲대출거래정보 ▲카드거래정보 ▲연체정보 등 5개 항목을 제공해 고객의 신용관리를 지원하고 금융비용 절감으로 이어질 수 있도록 했다. KB국민은행 관계자는 ""바쁜 소상공인 고객이 보다...",http://www.paxetv.com/news/articleView.html?idxno=269245,8,,1
대출 틀어막자 차로 영끌했는데…이마저도 연체,[기자] 은행 대출금리 상승세가 지속되자 급전 창구인 자동차담보대출 이용이 급증했습니다. 지난해 대형... 못하는 연체가 늘면서 채무 조정도 급증했습니다. 지난 1분기 채무 조정 확정자 가운데 자동차 담보대출 차주는...,https://biz.sbs.co.kr/article_hub/20000303625?division=NAVER,7,,1
"은행권, 포용금융 보폭 넓힌다…‘소상공인 특화 신용평가모형’ 도입",△신상정보 △당행거래정보 △대출거래정보 △카드거래정보 △연체정보 등 5개 항목을 제공해 고객의 신용관리를 지원하고 금융비용 절감으로 이어질 수 있도록 했다. KB국민은행 관계자는 “바쁜 소상공인 고객이 보다...,https://www.ekn.kr/web/view.php?key=20260410026146015,7,,1
"KB국민은행, 개인사업자 대상 비대면 금리인하요구권 확대… 포용금융 ...","이 서비스는 ▲신상정보 ▲당행거래정보 ▲대출거래정보 ▲카드거래정보 ▲연체정보 등 5개 항목을 제공해 고객이 신용을 체계적으로 관리하고 금융비용 절감으로 이어질 수 있도록 지원한다. KB국민은행 관계자는 ""바쁜...",http://www.queen.co.kr/news/articleView.html?idxno=454846,8,,1
"KB국민은행, 개인사업자 금융비용 부담 완화 위해 '비대면 금리인하요구...","▲신상정보 ▲당행거래정보 ▲대출거래정보 ▲카드거래정보 ▲연체정보 등 5개 항목을 제공한다. KB국민은행 관계자는 ""앞으로도 금융소비자 권익 보호와 금융비용 부담 완화를 위한 포용금융 서비스를 지속 확대해...",http://www.popcornnews.net/news/articleView.html?idxno=118071,8,,1
"""문턱 낮추고, 길을 안내한다""…KB국민은행, 금리인하요구권 전면 확장","더피알=김영순 기자｜KB국민은행이 개인사업자를 대상으로 한 금리 인하 서비스의 적용 범위를 넓히며... 거래정보, 연체 여부 등 5개 항목을 기반으로 개선 방향을 제시한다. 단순 결과 통보를 넘어 '금리 관리 가이드...",https://www.the-pr.co.kr/news/articleView.html?idxno=61089,6,,1
"KB국민, '개인사업자 비대면 금리인하요구권' 확대…포용금융 강화","▲신상정보 ▲당행거래정보 ▲대출거래정보 ▲카드거래정보 ▲연체정보 등 5개 항목을 제공해 고객의 신용관리를 지원하고 금융비용 절감으로 이어질 수 있도록 했다. KB국민은행 관계자는 ""바쁜 소상공인 고객이 보다...",https://www.kfenews.co.kr/news/articleView.html?idxno=656742,8,,1
"보증·담보대출도 된다…KB국민銀, 금리인하요구권 대상 확대","해당 서비스는 ▲신상정보 ▲당행거래정보 ▲대출거래정보 ▲카드거래정보 ▲연체정보 등 5개 항목을 제공해 신용 관리 방향을 제공해 보다 나은 신용관리를 지원한다. KB국민은행 관계자는 ""개인사업자가 보다 편리하게...",https://www.econovill.com/news/articleView.html?idxno=736879,7,,1
"KB국민은행, 개인사업자 '금리인하요구권' 비대면 신청 확대","▲신상정보 ▲당행거래정보 ▲대출거래정보 ▲카드거래정보 ▲연체정보 등 5개 항목을 제공해 고객의 신용관리를 지원하고 금융비용 절감으로 이어질 수 있도록 했다. KB국민은행 관계자는 ""바쁜 소상공인 고객이 보다...",https://www.ezyeconomy.com/news/articleView.html?idxno=234634,8,,1
"[금융 이모저모] KB국민은행, 개인사업자 '비대면 금리인하요구권' 확대...","신상정보, 당행거래정보, 대출거래정보, 카드거래정보, 연체정보 등 5개 항목을 제공해 고객의 신용관리를 지원하고 금융비용 절감으로 이어질 수 있도록 했다. KB국민은행 관계자는 ""바쁜 소상공인 고객이 보다...",http://www.worktoday.co.kr/news/articleView.html?idxno=83640,8,,1
"KB국민은행, 비대면 금리인하요구권 신청 대상 확대","▲신상정보 ▲당행거래정보 ▲대출거래정보 ▲카드거래정보 ▲연체정보 등 5개 항목을 제공해 고객의 신용관리를 지원하고 금융비용 절감으로 이어질 수 있도록 했다. KB국민은행 관계자는 ""바쁜 소상공인 고객이 보다...",http://www.thefirstmedia.net/news/articleView.html?idxno=197711,8,,1
"국민은행, 개인사업자 보증·담보대출도 ‘비대면 금리인하요구권’ 실...","신상정보, 당행거래정보, 대출거래정보, 카드거래정보, 연체정보 등 5개 항목을 제공해 고객의 신용관리를 지원하고 금융비용 절감으로 이어질 수 있도록 했다. KB국민은행 관계자는 “바쁜 소상공인 고객이 보다 편리하게...",http://www.edaily.co.kr/news/newspath.asp?newsid=03814646645414808,8,,1
[금융권 소식] KB국민은행ㆍBNK경남은행ㆍ신한은행(4.10),"수용되지 않은 경우에는 신상정보, 당행거래정보, 대출거래정보, 카드거래정보, 연체정보 등 5개 항목을 중심으로 '신용 개선가능 항목 안내' 서비스도 제공된다. KB국민은행 관계자는 ""바쁜 소상공인 고객이 보다...",http://www.weeklytoday.com/news/articleView.html?idxno=770463,12,,1
"비대면으로 더 쉬워진 금리 인하… KB국민은행, 개인사업자 대출 부담 ...","은행은 신상정보, 거래 내역, 대출 및 카드 사용 정보, 연체 여부 등 총 5가지 항목을 기반으로 '신용 개선 가능 요소'를 안내해, 향후 금리 인하 가능성을 높일 수 있도록 지원한다. 이는 단순한 서비스 확대를 넘어...",https://www.mediafine.co.kr/news/articleView.html?idxno=77116,7,,1
[ND 은행] BNK경남은행·KB국민은행·신한은행,"여기선 5개 항목(신상정보, 당행거래정보, 대출거래정보, 카드거래정보, 연체정보 등)을 제공한다. 국민은행 관계자는 ""앞으로도 금융소비자 권익 보호와 금융비용 부담 완화를 위한 포용금융 서비스를 지속 확대해...",http://www.newsdream.kr/news/articleView.html?idxno=111244,12,,1
개인사업자 '비대면 금리인하요구권' 확대한 KB국민은행,"△신상정보 △당행 거래 정보 △대출거래 정보 △카드 거래 정보 △연체정보 등 5개 항목을 제공해 고객의 신용 관리를 지원하고 금융비용 절감으로 이어질 수 있도록 했다. KB국민은행 관계자는 ""바쁜 소상공인 고객이...",https://www.100ssd.co.kr/news/articleView.html?idxno=208083,8,,1
[CEO풍향계] '뉴삼성 가속' 이재용…'새만금 맞손' 장재훈,지난 6일 한국산업은행을 비롯한 기관들과 금융지원협력 업무협약을 체결했는데요. 최근 구성된... 취약차주들의 연체 리스크는 눈덩이처럼 커졌습니다. 가진 것보다 빚이 많은 고위험 가구는 이미 지난해 3월 기준 약 46만...,http://www.yonhapnewstv.co.kr/MYH202604100942276BU,6,,1
"KB국민, 개인사업자 '비대면 금리인하요구권' 보증서.담보대출까지 확대","신상정보, 당행거래정보, 대출거래정보, 카드거래정보, 연체정보 등 5개 항목을 제공해 고객 신용관리를 지원하고 금융비용 절감으로 이어질 수 있도록 한 것이다. KB국민은행은 이번 비대면 금리인하요구권의 신청 대상...",https://www.autodaily.co.kr/news/articleView.html?idxno=543159,8,,1
"KB국민은행, 개인사업자 '비대면 금리인하요구권' 확대…포용금융 실천...","해당 서비스는 ▲신상정보 ▲당행거래정보 ▲대출거래정보 ▲카드거래정보 ▲연체정보 등 5개 항목을 제공해 개인사업자의 체계적인 신용관리와 금융비용 절감에 도움을 줄 것으로 기대된다. KB국민은행 관계자는 ""바쁜...",https://www.public25.com/news/articleView.html?idxno=43863,8,,1
"KB국민은행, 개인사업자 비대면 금리인하요구권 신청 대상 확대","▲신상정보 ▲당행거래정보 ▲대출거래정보 ▲카드거래정보 ▲연체정보 등 5개 항목을 제공해 고객의 신용관리를 지원하고 금융비용 절감으로 이어질 수 있도록 했다. 국민은행 관계자는 ""바쁜 소상공인 고객이 보다...",http://www.press9.kr/news/articleView.html?idxno=74890,8,,1
"""담보 아닌 매출 본다"" 4대은행, 소상공인 특화 신용평가 도입에 지원 특...","금융당국이 소상공인 신용평가 방식을 전면 손질하며 은행권의 대출 기준에도 변화가 예고된다. 담보와... 기록, 연체 여부 등 신용 관련 정보를 바탕으로 신용도를 수치나 등급 형태로 산출하는 평가 방식 ☞비금융정보...",https://www.womaneconomy.co.kr/news/articleView.html?idxno=252303,7,,1
"KB국민은행, 개인사업자 금리 인하 문턱 낮췄다…비대면 확대","해당 서비스는 신상정보, 은행 거래정보, 대출 거래정보, 카드 이용정보, 연체 정보 등 5개 항목을 제공해 고객의 신용 관리 방향을 안내한다. 회사 관계자는 “바쁜 소상공인 고객이 보다 편리하게 금융 서비스를...",https://www.ajunews.com/view/20260410141553448,8,,1
"KB국민은행, 금리인하요구권 확대···비대면으로 더 간편하게","해당 서비스는 신상정보, 은행 거래 내역, 대출·카드 이용 정보, 연체 여부 등 5개 항목을 제공해 신용도 개선 방향을 제시한다. KB국민은행 관계자는 ""비대면 채널로 더 간편하게 금리 인하 혜택을 이용할 수 있게...",https://www.thereport.co.kr/news/articleView.html?idxno=86505,7,,1
"국민은행, 개인사업자 '비대면 금리인하요구권' 확대 실시…""포용금융 ...","이에 ▲신상정보 ▲당행거래정보 ▲대출거래정보 ▲카드거래정보 ▲연체정보 등 5개 항목을 제공해 고객의 신용관리를 지원하고 금융비용 절감으로 이어질 수 있도록 했다. KB국민은행 관계자는 ""바쁜 소상공인 고객이...",http://www.dailysmart.co.kr/news/articleView.html?idxno=122476,8,,1
"KB국민은행, 개인사업자 고객 위해 비대면 금리인하요구권 신청 대상 확...","고객은 ▲신상정보 ▲당행거래정보 ▲대출거래정보 ▲카드거래정보 ▲연체정보 등 5개 항목을 통해 신용을 관리해 금융비용 절감으로 이어질 수 있도록 했다. KB국민은행 관계자는 ""바쁜 소상공인 고객이 보다...",https://www.newspim.com/news/view/20260410000839,8,,1
"자산관리공사 ""새도약기금 참여 압박 사실 아냐""","대부업체의 참여를 독려하기 위해 은행권 차입 허용, 개인연체채권 매입펀드 대상 채권 인수 등 다양한 인센티브를 제공하고 있는 것으로 전해졌다. 캠코에 따르면, 기금 운영 성과와 관련해서는 지난달 말 기준...",https://www.pinpointnews.co.kr/news/articleView.html?idxno=444511,12,,1
"KB국민은행, 개인사업자 '비대면 금리인하요구권' 확대...포용금융 강화","해당 서비스는 △신상정보 △당행거래정보 △대출거래정보 △카드거래정보 △연체정보, 5개 항목을 제공해 고객의 신용관리를 지원하며 금융비용 절감으로 이어질 수 있도록 돕는다. KB국민은행 관계자는 ""바쁜 소상공인...",https://www.businessplus.kr/news/articleView.html?idxno=110468,8,,1
"KB국민은행, 개인사업자 보증서·담보대출에 ‘비대면 금리인하요구권...",▲신상정보 ▲당행거래정보 ▲대출거래정보 ▲카드거래정보 ▲연체정보 등 5개 항목을 제공해 고객의 신용관리를 지원하고 금융비용 절감으로 이어질 수 있도록 했다. KB국민은행 관계자는 “바쁜 소상공인 고객이 보다...,https://www.smarttoday.co.kr/ko-kr/articles/106385,8,,1
"KB국민은행, 개인사업자 비대면 금리인하요구권 확대…보증서·담보대출...",△신상정보 △당행거래정보 △대출거래정보 △카드거래정보 △연체정보 등 5개 항목을 세분화해 제공한다. 고객이 스스로 신용상태를 관리해 향후 금리 인하 혜택을 받을 수 있도록 지원하기 위함이다. KB국민은행...,https://www.etnews.com/20260410000163,7,,1
"""사장님, 영업점 안 가셔도 됩니다""…KB국민은행, 담보대출도 비대면 금...","KB국민은행은 금리 인하 거절 고객을 위해 '신용 개선가능 항목 안내' 서비스를 신설했다. 연체 정보나 카드 거래 현황 등 신용도에 영향을 주는 5개 항목을 분석해 제공함으로써, 고객이 향후 금리 인하를 재신청할 수...",https://www.thefairnews.co.kr/news/articleView.html?idxno=74061,7,,1
"캠코 ""새도약기금 참여 압박 없었다""… 관련 보도 정면 반박","캠코는 협약 참여를 유도하기 위해 은행권 차입 허용, 개인연체채권 매입펀드 대상채권 인수 등 인센티브를 제공하고 있으나, 미가입 업체에 불이익을 언급하는 등의 압박은 없었다고 강조했다. 캠코는 올해 3월 말...",https://www.s-journal.co.kr/news/articleView.html?idxno=40376,7,,1
"중소기업·자영업자 부실률, 9년만에 최악",부실률이 높아지면서 신보가 연체 기업을 대신해 국민 세금으로 은행에 대출금을 갚아주는 대위변제액도 급격히 불어나고 있다. 대위변제액은 지난 2019년 1조2760억원에서 2022년 8812억원까지 하락했으나 2023년...,https://www.chosun.com/economy/economy_general/2026/04/10/LUETI3YG2NCYZI634OQJHYTG2Y/?utm_source=naver&utm_medium=referral&utm_campaign=naver-news,8,,1
"""내 말대로 해봐""…농협 지점장 수법에 100억 '줄줄'","대구의 한 농협은행 지점입니다. 지난 2020년 이곳에서 여신팀장으로 일했던 A 씨는 농업인 시설자금을 많이... 이렇게 나간 대출금은 투기 자금이나 생활비로 탕진됐고, 전체 대출금의 60% 정도인 61억 원이 연체되거나...",https://news.sbs.co.kr/news/endPage.do?news_id=N1008513159&plink=ORI&cooper=NAVER,6,,1
"신한은행, '미래 성장성'으로 소상공인 보듬는다…특화 신용평가 시범운...",신한은행이 과거의 신용도가 아닌 미래의 성장 가능성을 토대로 소상공인을 평가하는 새로운 시스템을... 기존의 신용평가가 과거 대출 이력이나 연체 여부 등 금융정보에 치중했다면 이번에 도입되는 SCB 모형은 매출...,https://www.thefairnews.co.kr/news/articleView.html?idxno=74022,12,,1
“연체 한 번 없었는데 이자 14%요?”...바이오 벤처 사장님의 눈물,A업체도 4년간 연체 한번 없이 대출 원리금 수억 원을 꼬박꼬박 갚았다. 문제는 2025년 만기가 찾아오며 불거졌다. 은행 측이 A업체의 적자가 3년 연속됐단 점을 이유로 기존보다 대출 연장 조건을 대폭 강화한 것이다. 본사...,https://www.mk.co.kr/article/12013310,6,,1
ESG공시로 갈등 빚은 영국 석유회사 ’BP’… “한국도 신뢰 확보 변수...,"현재 금융위원회는 2028년 시행, 자산총액 30조원 이상(58개) 기업을 대상으로 ESG공시를 의무화하는 안을 검토하고 있다. 이에 국회는 금융위의 검토내용이 부족하다고 보고 ESG공시를 바로 법정공시화하는 법안을...",https://www.segye.com/newsView/20260410514678?OutUrl=naver,13,,1
"[판결] 대법, ""'라임사태' 박정림 전 KB증권 대표 직무정지 위법""… 금융...",금융위원회가 박정림 전 KB증권 대표에게 내린 직무정지 처분을 취소한다는 판결이 대법원에서 확정됐다. 대법원 특별3부(주심 이숙연 대법관)는 박정림 전 KB증권 대표가 금융위원회를 상대로 낸 직무정지 처분...,https://www.lawtimes.co.kr/news/articleView.html?idxno=219233,13,,1
"한국, 글로벌 금융 허브 도약…미국 상공회의소와 정책 협력 논의","주한미국상공회의소는 서울에서 이억원 금융위원장과의 만남을 통해 한국이 글로벌 금융 허브로 발전하기... 이억원 금융위원장은 이에 대한 감사의 뜻을 전하며, 금융 산업 혁신을 위한 국제적 평가와 미래 비전을...",https://www.gokorea.kr/news/articleView.html?idxno=863258,7,,1
"새도약기금 또 잡음…캠코, 기업들 가입 압박 논란",아시아투데이 보도에 따르면 캠코는 기금에 참여하지 않은 사실을 청와대와 금융위원회에 보고하겠다고 일부... 이에 대해 금융위는 공신력이 있는 정보를 활용해 상환 능력을 심사할 뿐 아니라 채무조정 지원이 적절치...,https://www.tleaves.co.kr/news/articleView.html?idxno=9115,13,,1
황종우 해수부 장관 “호르무즈 통항 안전에 총력”,"정부, 호르무즈 통항 재개 대비 보험 상황 긴급 회의 개최 보험 관련 선사 애로 점검…금융위·보험업계... 해수부는 이번 회의에서 제기된 선사 애로사항을 바탕으로 다음 주 초 금융위원회 등 관계부처와 국내 재보험사가...",https://biz.heraldcorp.com/article/10714809?ref=naver,16,,1
"금융위, 국민참여형펀드 판매 목표액 20% 서민 우성 배정 검토",국민참여형 국민성장펀드가 이르면 5월 중 출시될 계획인 가운데 금융위원회는 많은 국민이 참여할 수 있도록 펀드 판매 목표액의 20% 이상을 서민에 우선 배정하는 방안을 검토하기로 했다. 금융위원회는 10일 이 같은...,http://www.edaily.co.kr/news/newspath.asp?newsid=04700246645414808,13,,1
"황종우 해수장관 ""호르무즈 통항 준비과정 불확실성 조기 해소 적극 지...",보험요율과 신속한 가입 절차가 뒷받침돼야 한다는 데 의견을 모았다. 해수부는 이번 회의에서 논의된 선사의 애로사항을 토대로 다음 주 초 금융위원회 등 관계 부처 및 국내 재보험사와의 간담회를 추진할 계획이다.,https://www.news1.kr/economy/idustry-trade/6132808,16,,1
"라임 사태 관련 박정림 전 KB증권 대표 징계 취소 확정…대법 ""직무정지...","10일 법조계에 따르면 대법원 3부(주심 이숙연 대법관)는 박 전 대표가 금융위원회를 상대로 낸 직무정지... ◆ 금융위 ""내부통제 위반"" 징계…법원 판단 뒤집혀 앞서 금융위원회는 2023년 11월 라임펀드 사태와 관련해...",https://www.econovill.com/news/articleView.html?idxno=736907,13,,1
'국민참여형 국민성장펀드' 윤곽 나왔다…5월 출시 목표,첨단전략산업에 60% 이상 투자 400억~1200억원 규모 자펀드 10개 내외 조성 금융위원회가 '국민참여형... 금융위원회는 10일 국민참여형 국민성장펀드의 실제 투자운용을 담당할 자펀드 운용사 선정기준을 마련했다고...,https://news.tf.co.kr/read/economy/2311975.htm,13,,1
국민성장펀드 5월 출시…소득공제·서민 우선배정 추진,금융위원회는 10일 국민참여형 국민성장펀드 자금의 실제 투자 운용을 담당할 자펀드 운용사 선정 기준을... ◆ 자펀드 400억~1200억 규모…내달 출시 금융위에 따르면 자펀드 규모는 400억~1200억원으로 설정된다....,https://www.econovill.com/news/articleView.html?idxno=736904,13,,1
"국민참여형 국민성장펀드, 서민에 20% 이상 우선배정 검토","금융위, 자펀드 운용사 선정기준 확정 펀드 규모 최대 1200억 내 자율 제안 성과 등 고려 자펀드 10개 안팎 선정 이억원(왼쪽 여덟 번째부터) 금융위원장이 지난해 12월 11일 서울 여의도 한국산업은행에서 열린...",https://biz.heraldcorp.com/article/10714807?ref=naver,10,,1
"금융위원장, 암참 회장과 글로벌 금융허브 도약 논의",제임스 김 “한국 충분한 잠재력 있어” 상호 건설적·생산적 논의 이어가기로 이억원(오른쪽) 금융위원장이 10일 정부서울청사에서 제임스 김 주한미국상공회의소 회장 겸 대표이사와 악수하고 있다. [금융위 제공]...,https://biz.heraldcorp.com/article/10714806?ref=naver,7,,1
"금융위원장 이억원 암참 회장과 면담, '글로벌 금융허브 도약' 방안 논의","이억원 금융위원장(오른쪽)이 10일 서울 종로구 정부서울청사에서 제임스 김 주한미국상공회의소 회장 겸 대표이사와 만나 기념사진을 찍고 있다. <금융위원회> 이억원 금융위원장이 주한미국상공회의소(암참, AMCHAM)...",https://www.businesspost.co.kr/BP?command=article_view&num=435480,13,,1
"국민참여형 국민성장펀드, 서민에 20% 우선배정",금융위원회가 오는 5월 국민참여형 국민성장펀드를 출시하기 위해 자펀드 운용사 선정 기준을 마련했다. 서민에게 펀드 투자의 우선 배정분을 주는 방안도 검토한다. 10일 금융위는 국민참여형 펀드 자금의 실제 투자...,https://www.mk.co.kr/article/12013932,13,,1
[단독] 부산銀 손 잡은 카뱅 … 인뱅 첫 中企 대출 출시,1분기 금융위원회가 심사하는 '혁신금융서비스' 대상으로 신청했다. 혁신금융서비스에 선정되면 일정 기간 시장에서 해당 상품을 시범 운영해볼 수 있다. 금융위 역시 생산금융 및 지방금융 활성화 차원에서 공동대출 상품...,https://www.mk.co.kr/article/12013923,14,,1
[포토] K금융 글로벌 경쟁력 강화나선 금융위,,https://www.mk.co.kr/article/12013929,7,,1
'소득공제 40%' 국민성장펀드 5월 출시…서민 우선 배정,금융위원회는 많은 국민이 참여할 수 있도록 펀드 판매 목표액의 20% 이상을 서민에 우선 배정하기로 했다. 금융위는 10일 이같은 내용을 담은 '국민참여형 국민성장펀드 자펀드 운용사의 선정 기준'을 마련했다고...,https://www.nocutnews.co.kr/news/6500534?utm_source=naver&utm_medium=article&utm_campaign=20260410054518,13,,1
국민참여형 펀드 5월 출시…손실 20%는 재정이 먼저 부담,금융위원회는 10일 ‘국민참여형 국민성장펀드’ 자금의 실제 투자운용을 담당할 자펀드 운용사 선정을... 금융위는 첨단산업 육성이라는 정책 목표와 함께 펀드의 수익성·안정성을 균형 있게 고려해 투자 가이드라인을...,https://www.sentv.co.kr/article/view/sentv202604100194,13,,1
"[Invest]국민참여펀드 내달 출범…운용사 10곳 선정, 반도체 등 12개 분야...",금융위원회는 '국민참여형 국민성장펀드'(국민참여형펀드) 투자를 담당할 자펀드 운용사의 선정기준을 마련했다. 국민참여형펀드는 이르면 5월 중 출시될 계획이다.금융위원회는 국민참여형펀드 자금의 실제...,https://www.investchosun.com/site/data/html_dir/2026/04/10/2026041080139.html,13,,1
"금융위 첨단산업 지원 위한 국민참여형 국민성장펀드 5월 출범, 서민 우...",금융위원회는 '국민참여형 국민성장펀드' 투자를 담당할 자펀드 운용사의 선정기준을 마련했고 5월 펀드 운용을 시작한다고 10일 발표했다. 금융위원회가 국민성장펀드의 자펀드 운용사 선정기준을 확정했다....,https://www.businesspost.co.kr/BP?command=article_view&num=435484,13,,1
"""사랑해 딸, 다음 생에도""…'싱글맘 불법사채' 1년 반 만의 단죄 [와이파...",YTN 보도 이후 당시 서울경찰청장이 유감의 뜻을 밝혔고 대통령 지시에 따라 금융위와 법무부 등 관계 기관들이 앞다퉈 대책을 내놨습니다. 사채업 진입 장벽을 높이는 대부업법 개정안도 국회 문턱을 넘었습니다. 하지만...,https://www.ytn.co.kr/_ln/0103_202604101730018929,20,,1
"라임펀드 사태, 박정림 전 KB증권 대표…대법원서 중징계 취소 확정",10일 법조계 등에 따르면 대법원 3부(주심 이숙연 대법관)는 박 전 대표가 금융위원회를 상대로 낸 직무정지 처분 취소 청구소송에서 원심의 원고승소 판결을 전날 심리불속행 기각으로 확정했다. 앞서 금융위는 2023년...,http://www.segyebiz.com/newsView/20260410513045?OutUrl=naver,13,,1
국민참여형 '국민성장펀드' 5월 출시...서민 우선 배정 추진,"금융위원회가 국민참여형 국민성장펀드 운용사를 선정하고 5월 출시한다. 금융위는 한국성장금융투자운용 등 관계기관과 협의해 주목적 투자 대상, 자펀드 규모·개수 등의 방안을 10일 발표했다. 국민참여형펀드는...",https://www.ppss.kr/news/articleView.html?idxno=292303,13,,1
"스트라드비젼, 금융위에 증권신고서 제출.. 코스닥 상장 추진","글로벌 자동차용 AI(인공지능) 인식 소프트웨어 기업 스트라드비젼(대표 김준환)이 9일 코스닥 상장을 위한 증권신고서를 금융위원회에 제출하고 공모 절차에 돌입했다고 10일 밝혔다. 공모 주식수는 총 700만주, 희망...",https://www.mt.co.kr/future/2026/04/10/2026041011045483002,16,,1
[단독] 카뱅·부산銀 손 잡는다…인뱅 첫 中企 대출 출시,1분기 금융위원회가 심사하는 ‘혁신금융서비스’ 대상으로 신청했다. 혁신금융서비스에 선정되면 일정 기간 동안 해당 상품을 시장에서 시범운영 해볼 수 있다. 금융위 역시 생산금융 및 지방금융 활성화 차원에서...,https://www.mk.co.kr/article/12013847,14,,1
보험 M&A 기지개…예별손보 지연 속 롯데·KDB 매각 시동,금융위원회는 지난 7일 매각심의위원회를 개최해 산업은행의 KDB생명 매각을 승인했으며 이에 앞서... 롯데손보는 지난해 11월 비계량 평가 미달로 적기시정조치를 받으면서 금융위를 상대로 행정소송을 제기한 바 있다....,https://www.pointdaily.co.kr/news/articleView.html?idxno=300729,16,,1
"은행권, 소상공인 특화 신용평가 도입…포용금융 실천",4대 시중은행들이 금융위원회의 '신용평가체계 개편'에 따라 '소상공인 특화신용평가모형(이하 'SCB')을... 10일 KB국민·신한·하나·우리은행에 따르면 KB국민은행은 오는 8월 SCB 서비스 오픈에 맞춰 금융위와 약 1년간...,http://www.wikileaks-kr.org/news/articleView.html?idxno=186162,16,,1
국민참여형 국민성장펀드 5월 출시…서민 우선배정 검토,"금융위원회는 10일 국민참여형 국민성장펀드(이하 '국민참여형펀드') 자금의 실제 투자운용을 담당할 자펀드... 금융위 제공 한편, 개별 자펀드 결성금액의 40% 이내에서 자유로운 투자를 허용하여 운용사의 전문성에...",http://www.efnews.co.kr/news/articleView.html?idxno=128987,13,,1
"이억원 금융위원장, 암창 회장과 글로벌 금융허브 도약 논의",금융위원회는 이억원 금융위원장이 10일 서울정부청사에서 주한미국상공회의소(이하 암참) 제임스 김 회장 겸 대표이사와 만나 글로벌 금융기관의 한국 투자 확대 및 한국 금융규제 경쟁력 제고를 위한 제언과...,https://www.seoulfn.com/news/articleView.html?idxno=626257,13,,1
"7개 은행, 소상공인 AI 신용평가 도입 시동…대출한도·금리우대 나선다","10일 금융권에 따르면, KB국민·신한·하나·NH농협·IBK기업·제주은행 등 7개 은행이 금융위원회의 '신용평가체계 개편' 사업 시범운영기관으로 참여한다. 금융위는 전날인 9일 금융위원회는 제 3차 '신용평가체계 개편...",https://www.financialpost.co.kr/news/articleView.html?idxno=255098,18,,1
"""서민에 국민성장펀드 우선 배정 검토…자펀드 규모 400억~1200억""","금융위원회는 한국성장금융투자운용 등 관계기관과 협의를 거쳐 마련한 주목적 투자대상, 규모 및 개수 등... 금융위 관계자는 ""국민참여형펀드 투자에 보다 많은 국민이 참여할 수 있도록 근로소득 5000만원 이하...",https://www.sidae.com/article/2026041016495426972,13,,1
"암참, 이억원 금융위원장 만나 “韓 금융허브 도약 지원”",주한미국상공회의소(암참)가 이억원 금융위원장과 만나 한국 금융시장의 글로벌 경쟁력 강화 방안을 논의했다고 10일 밝혔다. 제임스 김 암참 회장(사진 왼쪽)과 이억원 금융위원장이 면담을 통해 한국의 글로벌...,http://www.edaily.co.kr/news/newspath.asp?newsid=04201686645414808,7,,1
"'라임펀드 사태' 박정림 前 KB증권 대표, 직무정지 취소 확정",10일 법조계에 따르면 대법원 3부(주심 이숙연 대법관)는 전날(9일) 박 전 대표가 금융위원회를 상대로... 앞서 지난 2023년 11월 금융위는 라임펀드 사태와 관련해 박 전 대표에게 직무정지 3개월의 중징계 처분을 내린 바...,https://www.insight.co.kr/news/549788,13,,1
국민참여형펀드 5월 출시…판매목표액 20% 이상 서민 우선 배정,"국민참여형 국민성장펀드가 다음달 중 출시될 예정인 가운데, 금융위원회는 많은 국민이 참여할 수 있도록 펀드 판매 목표액의 20% 이상을 서민에 우선 배정하기로 했다. 금융위는 10일 이같은 내용의 '국민참여형...",https://www.newsis.com/view/NISX20260410_0003586616,13,,1
"금융위, 국민성장펀드 운용사 선정해 내달 출시","금융위원회가 국민참여형 국민성장펀드 운용사를 선정하고 오는 5월 출시한다. 금융위는 10일 한국성장금융투자운용 등 관계 기관과 협의해 주목적 투자 대상, 자펀드 규모·개수 등의 방안을 발표했다....",http://www.inews24.com/view/1959210,13,,1
국민참여형 성장펀드 5월 출시...서민층 20% 우선배정,금융위원회가 '국민참여형 국민성장펀드'(이하 국민참여형펀드)의 실제 투자를 담당할 '자(子)펀드'(사모펀드) 운용사 선정기준을 확정하고 내달 중 상품 출시에 나선다. 금융위는 10일 자펀드의 주목적 투자대상과 규모...,https://news.bizwatch.co.kr/article/market/2026/04/10/0021,13,,1
"IBK기업은행, 금융위 주관 ‘신용평가체계 개편’ 시범운영 참여",(사진=IBK기업은행 제공)  IBK기업은행은 금융위원회 주관으로 진행되는 ‘소상공인 특화 신용평가모형(SCB) 도입을 위한 신용평가체계 개편’ 사업에 참여한다고 10일 밝혔다. 소상공인 특화 신용평가모형(SCB)은...,https://www.siminilbo.co.kr/news/newsview.php?ncode=1160291286314505,16,,1
"5월 출시 '국민참여형 국민성장펀드', 서민 우선 배정 유력",금융위원회는 오는 5월 출시를 앞둔 국민참여형 펀드 자금의 실제 투자 운용을 담당할 자펀드 운용사 선정 기준을 확정했다고 10일 밝혔다. 금융위에 따르면 자펀드는 결성금액의 60% 이상을 첨단전략산업 및 관련 기업에...,http://www.wowtv.co.kr/NewsCenter/News/Read?articleId=A202604100381&t=NN,13,,1
"신한은행, 소상공인 특화 신용평가모형 도입",신한은행은 금융위원회가 추진하는 '신용평가체계 개편' 방향에 맞춰 소상공인의 미래 성장성을 반영한 '소상공인 특화 신용평가모형(SCB)' 시범운영에 참여한다고 10일 밝혔다. 이번 시범운영 참여는 금융위가 주재한...,http://www.smedaily.co.kr/news/articleView.html?idxno=355510,21,,1
"리버스톤자산운용 ""사법 리스크 털고 운용 재개""","10일 금융투자업계에 따르면 리버스톤자산운용은 기관 및 임직원에 대한 금융위원회의 제재 조치와 관련해... 이번 행정소송에서 금융위는 ""이 사건 처분의 효력정지가 공공복리에 중대한 영향을 미칠 우려가 있다""고...",https://www.dailybrief.co.kr/news/articleView.html?idxno=5576,13,,1
"박정림 전 KB증권 대표, 직무정지 처분 무효…금융위 판단 제동","10일 업계에 따르면 대법원 3부(주심 이숙연 대법관)는 금융위원회가 내린 직무정지 3개월 처분에 대해 원고 승소 판결을 심리불속행 기각으로 확정하며, 징계의 위법성을 인정했다. 앞서 금융위는 내부통제 의무 위반...",http://www.biztribune.co.kr/news/articleView.html?idxno=352209,13,,1
"이억원 금융위원장, 암참 회장 만나 한국 투자 확대 방안 논의",글로벌 금융기관의 한국 투자 확대와 한국 금융규제 경쟁력 제고 위한 의견 교환 이억원 금융위원장은 10일... 금융위는 앞으로도 우리 경쟁력을 한층 높이고 외국인 투자 유입을 촉진하기 위해 'MSCI 선진지수 편입 로드맵...,https://news.tf.co.kr/read/economy/2311919.htm,7,,1
금융위 중징계 뒤집혔다…정영채 이어 박정림도 승소 확정,10일 법조계에 따르면 대법원 3부(주심 이숙연 대법관)는 박 전 대표가 금융위원회를 상대로 제기한... 이번 판결은 금융위원회가 2023년 11월 라임펀드 사태를 이유로 박 전 대표에게 내린 직무정지 3개월의 중징계...,https://www.ajunews.com/view/20260410160306544,13,,1
"이억원 금융위원장, 암참 회장과 면담...금융 경쟁력 강화 방안 논의",이억원 금융위원장이 제임스 김 주한미국상공회의소(AMCHAM·암참) 회장과 만나 한국의 금융 경쟁력 제고 방안을 논의했다. 금융위원회는 이 위원장과 김 회장이 10일 오후 정부서울청사에서 면담하고 글로벌 금융기관의...,http://www.fnnews.com/news/202604101554508772,13,,1
"‘라임펀드 사태’ 박정림 전 KB증권 대표, 내부통제 미흡 중징계 2년 5...",10일 법조계에 따르면 대법원 3부(주심 이숙연 대법관)는 전날 박 전 대표가 금융위원회를 상대로 낸 직무... 이후 금융위는 2023년 11월 정례회의에서 라임펀드 사태와 관련해 내부통제 기준 마련 의무를 위반하고 펀드에...,https://www.womennews.co.kr/news/articleView.html?idxno=276128,13,,1
국민참여형 국민성장펀드 5월 출시… 서민 우선배정 검토,인센티브금융위원회가 국민참여형 국민성장펀드의 자펀드 운용사 선정 기준을 확정했다. 다음 달 중순 자펀드 선정을 거쳐 같은 달 내 펀드를 출시할 계획이다. 금융위는 자펀드 운용사 선정 계획을 발표하고 자펀드...,https://www.seoul.co.kr/news/economy/2026/04/10/20260410500224?wlog_tag3=naver,13,,1
"""AI 등 첨단산업 투자에 세제 혜택까지""...국민참여형펀드 5월 출시","금융위원회는 한국성장금융투자운용 등 관계기관과 협의를 거쳐 마련한 주목적 투자대상, 규모 및 개수 등 운용사 선정 기준을 확정해 10일 발표했다. 국민참여형펀드는 국민이 직접 투자금 조성에 참여할 수 있도록...",http://www.fnnews.com/news/202604101541565234,13,,1
"국민참여형 국민성장펀드 5월 출격…""서민 20% 우선 배정 검토""",첨단산업 60% 투자·정부 최대 20% 손실 부담 구조 아주경제=이서영 기자 2s0@ajunews.com 서울 종로구 소재 금융위원회 전경 [사진=연합뉴스] 금융위원회가 '국민참여형 국민성장펀드'의 자펀드 운용사 선정 기준을 확정하고...,https://www.ajunews.com/view/20260410154157521,13,,1
라임 사태 징계 잇단 제동... 박정림 前 KB증권 대표 '직무정지 취소',라임 사태로 금융위원회로부터 직무정지 처분을 받았던 박정림 전 KB증권 대표의 징계 취소가 대법원에서 확정됐다. 대법원 3부(주심 이숙연 대법관)는 전날(9일) 박 전 대표가 금융위원회를 상대로 낸 직무정지 처분취소...,https://www.ltn.kr/news/articleView.html?idxno=50891,13,,1
"""글로벌 금융 허브 도약""…금융위원장, 주한 미국상공회의소와 면담",이억원 금융위원장이 주한 미국상공회의소와 한국의 글로벌 금융 허브로의 도약을 위한 금융 부문 경쟁력... 금융위는 앞으로도 외국인 투자 유입을 촉진하기 위해 모건스탠리 캐피털 인터내셔널(MSCI) 선진지수 편입...,https://www.newsis.com/view/NISX20260410_0003586549,7,,1
박정림 전 KB증권 대표 중징계 취소 '최종 승소'…CEO 제재 제동,대표가 금융위원회를 상대로 제출한 직무정지 처분 취소 청구 소송에서 원심의 원고 승소 판결을 전날... 금융위는 지난 2023년 11월 라임펀드 사태와 관련 내부통제 기준 마련 의무 위반 등을 근거로 박 전 대표에 대해...,http://www.fntimes.com/html/view.php?ud=202604101454048500179ad43907_18,13,,1
신규자금 30% '고위험 투자'…베일 벗은 국민참여형 국민성장펀드,"금융위원회는 10일 국민참여형펀드 자금의 실제 투자운용을 담당할 자펀드 운용사 선정에 앞서 자펀드 규모... 금융위는 ""유망한 첨단기술을 가진 기업이 스케일업 단계에서 직면하는 소위 '죽음의 계곡(death valley)...",https://www.dailian.co.kr/news/view/1632120/?sc=Naver,13,,1
금융위 “국민참여형 국민성장펀드 5월 출시…서민 우선배정 검토”,금융위원회가 국민참여형 국민성장펀드 자금의 실제 투자 운용을 담당할 자펀드 운용사 선정 기준을 확정했다. 10일 금융위가 밝힌 자펀드 운용사 선정계획 등에 따르면 자펀드별 펀드 규모는 400억∼1200억원으로...,http://www.segyebiz.com/newsView/20260410511171?OutUrl=naver,13,,1
"'라임펀드 사태' 박정림 전 KB증권 대표, 중징계 취소 확정",사태'로 금융위원회로부터 직무 정지 처분을 받았던 박정림 전 KB증권 대표의 징계 취소가 대법원에서 확정됐다. 10일 법조계에 따르면 대법원 3부(주심 이숙연 대법관)는 박 전 대표가 금융위원회를 상대로 낸 직무정지...,http://www.thefirstmedia.net/news/articleView.html?idxno=197688,13,,1
'국민성장펀드' 내달 출시…첨단산업에 60% 투자하는 자펀드 10개 선정,금융위원회가 일반 국민이 참여하는 정책형 펀드인 '국민참여형 국민성장펀드'의 자펀드 운용사 선정... 금융위는 오늘(10일) 국민참여형 펀드 자금의 실제 운용을 맡을 자펀드 운용사 선정을 위해 한국성장금융투자운용...,https://biz.sbs.co.kr/article_hub/20000303576?division=NAVER,13,,1
"대법원, 박정림 전 KB증권 대표 직무정지 처분 취소 확정",10일 법조계에 따르면 대법원 3부(주심 이숙연 대법관)는 전날 박 전 대표가 금융위원회를 상대로 제기한... 금융위는 2023년 11월 정례회의에서 라임펀드 사태와 관련해 내부통제 기준 마련 의무 위반과 펀드에 레버리지...,https://www.seoulfn.com/news/articleView.html?idxno=626221,13,,1
정영채 이어 박정림도 중징계취소 확정...금융당국 제재 적정성 논란,"10일 법조계에 따르면, 박정림 전 KB증권 사장은 금융위원회를 상대로 제기한 직무정지 처분 취소 소송에서 대법원 최종 승소 판결을 받았다. 대법원은 금융위의 상고를 심리불속행 기각하며 원심의 원고 승소 판결을...",https://www.greened.kr/news/articleView.html?idxno=339127,13,,1
"이억원 금융위원장, 암참 회장 만나 韓 투자 확대 방안 논의",이억원 금융위원장은 오늘(10일) 오후 정부서울청사에서 제임스 김 주한미국상공회의소(암참) 회장 겸... 금융위는 앞으로도 우리 경쟁력을 한층 높이고 외국인투자 유입을 촉진하기 위해 MSCI 선진지수 편입 로드맵에...,https://biz.sbs.co.kr/article_hub/20000303567?division=NAVER,7,,1
담보 대신 미래 본다 … 10.5조 풀리는 소상공인 AI 대출,뉴데일리 윤세라 기자 = 금융위원회가 성장성을 기반으로 대출을 심사하는 '소상공인 특화 신용평가체계... 10일 금융권에 따르면 금융위원회는 전날 '신용평가체계 개편 태스크포스(TF)' 3차 회의를 열고 이 같은...,https://biz.newdaily.co.kr/site/data/html/2026/04/10/2026041000213.html,14,,1
"암참, 금융위원장과 면담…글로벌 금융허브 도약 논의","주한미국상공회의소(AmCham·암참)는 10일 서울정부청사에서 이억원 금융위원장과 면담하고 글로벌... 이억원 금융위원장은 암참의 관심과 지원에 감사를 표하고, 그간 정책 노력과 금융 산업 혁신에 대한 국제사회의...",https://www.yna.co.kr/view/AKR20260410121700003?input=1195m,7,,1
국민성장펀드 투자 담당할 자펀드 10개 마련…내달 상품 출시 목표,"400억~1천200억 금융위원회가 국민참여형 국민성장펀드의 자금을 실제 운용할 자펀드 운용사 선정 기준을 마련했다. 총 10개의 펀드를 마련할 예정이며, 선정 과정을 거쳐 이르면 다음 달 중 상품이 출시된다. 금융위원회는...",https://news.einfomax.co.kr/news/articleView.html?idxno=4408907,13,,1
"금융위-암참, 글로벌 금융허브 도약 논의…""한국, 아태 지역 거점 잠재...","금융위원회 이억원 위원장이 오늘 정부서울청사에서 제임스 김 주한미국상공회의소, 암참 회장을 만나 글로벌 금융기관의 투자 확대와 한국의 금융규제 경쟁력 강화 방안을 논의했습니다. 제임스 김 회장은 한국이...",https://news.bbsi.co.kr/news/articleView.html?idxno=4077638,13,,1
‘내달 출시’ 국민참여형 성장펀드 밑그림 나왔다…첨단산업에 60% 투자,출자 금융위원회가 다음 달 출시를 목표로 ‘국민참여형 국민성장펀드’의 자펀드 운용 기준을 확정했다. 첨단전략산업에 자금의 60% 이상을 투자하도록 설계해 성장산업 육성과 수익성 확보를 동시에 노린다. 금융위는...,https://www.etoday.co.kr/news/view/2574705,13,,1
"금융위, ‘국민참여형 국민성장펀드’ 운용사 선정 … 5월 출시 박차","뉴데일리 김병욱 기자 = 금융위원회가 첨단전략산업 육성과 국민 자산 형성을 동시에 겨냥한 ‘국민참여형... ◇ 첨단산업 ‘죽음의 계곡’ 건널 신규 자금 공급 10일 금융위원회에 따르면, 이번 펀드의 주목적...",https://biz.newdaily.co.kr/site/data/html/2026/04/10/2026041000214.html,13,,1
"이억원 금융위원장, 암참 회장 만나 '韓 금융 경쟁력 강화' 논의",이억원 금융위원장은 10일 오후 정부서울청사에서 주한미국상공회의소(암참) 제임스 김 회장 겸 대표이사와... 금융위는 앞으로도 우리 경쟁력을 한층 높이고 외국인 투자 유입을 촉진하기 위해 'MSCI 선진지수 편입...,https://www.news1.kr/finance/general-finance/6132496,7,,1
"'라임펀드 사태' 박정림 전 KB증권 대표, 직무정지처분 취소 확정","10일 법조계에 따르면 전날 대법원은 박 전 사장이 금융위원회를 상대로 낸 직무정지 처분 취소 소송에서... 앞서 금융위는 2023년 11월 라임사태와 관련해 내부통제 기준 마련 의무 위반, 펀드에 레버리지 자금을 제공한...",http://www.newsfc.co.kr/news/articleView.html?idxno=78012,13,,1
"거래소 이어 예탁원까지…독점 깨지는 자본시장, '무한경쟁'[NW리포트]","금융위원회는 지난해 2월 넥스트레이드 투자중개업 본인가를 의결하면서 국내 증권시장에 본격적인... 금융위는 벤처기업 4만여개 가운데 예탁기업은 1100여개, 전자등록 기업은 300여개 수준에 그친다고 설명했다....",https://www.newsway.co.kr/news/view?ud=2026041015043538520,13,,1
'3.4조' 신안우이 해상풍력… 금융 약정 마치고 본궤도 올랐다,금융위원회는 9일 국민성장펀드 1차 메가프로젝트 가운데 하나인 신안우이 해상풍력 발전사업의 PF금융 약정식이 열렸다고 밝혔다. 이날 행사에는 권대영 금융위 부위원장과 심진수 기후에너지환경부...,https://www.aitimes.com/news/articleView.html?idxno=209053,17,,1
박정림·정영채 대법서 최종 승소…7년 끈 사모펀드 징계 결국 '무효',10일 법조계에 따르면 대법원 3부(주심 이숙연 대법관)는 지난 9일 박정림 전 KB증권 사장이 금융위원회를... 앞서 금융위는 2023년 11월 라임펀드 사태와 관련해 내부통제 기준 마련 의무 위반을 근거로 박 전 사장에게...,https://www.newsway.co.kr/news/view?ud=2026041014571252984,13,,1
"고물가에 짓눌린 소상공인… 은행권, 다방면 지원책 모색",10일 금융권에 따르면 KB국민·신한·하나·우리·NH농협·IBK기업·제주은행 등 7개 은행이 금융위원회 주관의... 금융위는 오는 8월 SCB 서비스 정식 오픈을 목표로 하고 있다. 각 은행은 SCB 등급이 우수한 소상공인에게...,http://www.biztribune.co.kr/news/articleView.html?idxno=352199,16,,1
"[금융zip] KB국민·신한·우리은행, '소상공인 특화신용평가모형' 도입 ...","우리은행은 금융위원회가 주관하는 '소상공인 특화신용평가모형(SCB)을 활용한 금융지원 시범사업에 각각... 전환점""이라며 ""금융위의 소상공인 지원 정책 방향에 발맞춰 보다 많은 소상공인이 실질적인 금융 혜택을...",https://www.getnews.co.kr/news/articleView.html?idxno=867462,16,,1
"'라임펀드 사태' 박정림 전 KB증권 대표, 직무정지 징계 취소 확정",'라임펀드 사태'로 금융위원회로부터 직무 정지 처분을 받았던 박정림 전 KB증권 대표의 징계 취소가 대법원에서 확정됐다. 10일 법조계에 따르면 대법원 3부(주심 이숙연 대법관)는 전일 박 전 대표가 금융위원회를...,http://www.fnnews.com/news/202604101424290803,13,,1
"“매출·상권까지 본다”⋯은행권, 소상공인 평가모형 전환 속도",이투데이=김이현 기자 | 금융위 시범사업 참여⋯소상공인 신용평가 체계 고도화 한도·금리 등 차등 적용... 10일 금융권에 따르면 주요 시중은행들은 금융위원회 주도의 ‘신용평가체계 개편 태스크포스(TF)’ 일환으로...,https://www.etoday.co.kr/news/view/2574664,17,,1
"신한은행, '소상공인 특화 신용평가모형' 시범운영 참여","이번 시범운영 참여는 금융위가 주재한 '신용평가체계 개편 TF' 핵심 과제인 소상공인 신용평가 고도화의... 전환점""이라며 ""금융위의 소상공인 지원 정책 방향에 발맞춰 보다 많은 소상공인이 실질적인 금융 혜택을 받을...",https://www.dailian.co.kr/news/view/1632076/?sc=Naver,15,,1
"은행권, ""8월부터 SCB 도입"" ... 소상공인 대상 대출조건 개선","기자|금융위원회가 추진하는 '신용평가체계 개편'에 발맞춰 주요 시중은행들이 매출과 상권, 사업 지속성 등 '사업성'을 반영하는 소상공인 특화 신용평가모형(SCB)을 도입할 예정이다.[사진=연합뉴스]   금융위원회가...",https://www.joongangenews.com/news/articleView.html?idxno=510689,17,,1
'업무추진비 비공개' 항소까지 했던 금감원… 다시 선택의 기로에,"반면 금융위원회는 매 분기 위원장과 부위원장, 고위공무원의 업무추진비 집행내역을 각각 공개하고, 사용일시와 장소, 목적, 금액, 인원 등을 모두 공개했다. 금융위 산하 공공기관인 예금보험공사도 일자, 내역, 금액...",https://www.hankookilbo.com/news/article/A2026041013510001403?did=NA,19,,1
"4대 시중은행, 소상공인 특화 신용평가모형(SCB) 시범운영 참여",한국금융경제신문=임유진 기자 | 4대 시중은행(KB·신한·하나·우리)은 금융위원회(금융위)가 주관하는 '소상공인 특화 신용평가모형(SCB)을 활용한 금융지원 시범사업'에 참여한다고 10일 밝혔다. 이번 참여는 금융위가...,https://www.kfenews.co.kr/news/articleView.html?idxno=656727,16,,1
‘사모펀드 사태’ CEO 징계 줄 제동… 박정림 前 KB증권 대표 직무정지...,이른바 ‘라임펀드 사태’와 관련해 금융위원회가 박정림 전 KB증권 대표에게 내린 직무정지 처분을... 10일 법조계에 따르면 대법원 3부(주심 이숙연 대법관)는 박 전 대표가 금융위를 상대로 낸 직무정지 처분 취소...,https://www.seoul.co.kr/news/society/2026/04/10/20260410500166?wlog_tag3=naver,13,,1
"스트라드비젼, 금융위에 증권신고서 제출…코스닥 상장 절차 돌입","스트라드비젼이 코스닥 상장을 위한 증권신고서를 금융위원회에 제출하고 본격적인 공모 절차에 돌입했다. 공모 주식수는 총 700만주로 희망 공모가 범위는 1만2400원~1만4800원, 총 공모금액은 868억원~1,036억원이다....",https://www.itbiznews.com/news/articleView.html?idxno=209286,16,,1
라임펀드 사태로 중징계‥박정림 전 KB증권 대표 징계 취소 확정,"대법원 3부는 박 전 대표가 금융위원회를 상대로 낸 직무정지 처분 취소 청구소송에서 원심의 원고승소... 앞서 금융위는 2023년 11월 라임펀드 사태와 관련해 내부통제 기준 마련 의무를 위반하고, 펀드에 레버리지...",https://imnews.imbc.com/news/2026/society/article/6814212_36918.html,13,,1
"KB국민은행, '소상공인 특화신용평가모형' 시범사업 참여",KB국민은행은 금융위원회가 주관하는 '소상공인 특화신용평가모형(SCB)'을 활용한 금융지원 시범사업에 참여한다고 10일 밝혔다 금융위는 오는 8월 SCB 서비스 오픈에 맞춰 KB국민은행과 함께 약 1년간 시범사업을 운영할...,https://www.newsinside.kr/news/articleView.html?idxno=4583493,16,,1
[기자수첩] 정권 눈치보기에 뒷전 된 NCR 개편,금융위원회는 10개월이 넘게 종합금융투자사업자(종투사) 건전성 제도 개편 방향을 발표하지 않고 있다. 논의 자체가 없었던 것은 아닌지 착각이 들 정도다. 불과 1년 전만 해도 금융위의 기조는 강경했다. 종투사에 구...,https://www.kbanker.co.kr/news/articleView.html?idxno=224682,15,,1
"국민은행, 소상공인 특화신용평가모형 활용 금융지원 시범사업 참여","사진/KB국민은행 KB국민은행은 금융위원회가 주관하는 '소상공인 특화신용평가모형(Small business&self-ownership Credit Bureau, 이하 SCB)'을 활용한 금융지원 시범사업에 참여한다고 10일 밝혔다. 금융위는 오는 8월 SCB...",http://www.smedaily.co.kr/news/articleView.html?idxno=355466,16,,1
"[사실은 이렇습니다] 금융위 ""생산적 금융을 위한 은행·보험업권 자본...","생산적 금융 위축으로 이어지는 것을 막기 위해 해외법인 이익 잉여금의 RWA 산정제외, 보험사의 적격 국내... 정책펀드 투자 위험계수 20%로 완화」 제하의 기사에서, ㅇ""금융위원회는 오는 15일 이 같은 내용을 골자로...",https://www.korea.kr/briefing/actuallyView.do?newsId=148962437&call_from=naver_news,19,,1
"우리은행, 매출·상권 반영···소상공인 금융 문턱 낮춘다",앞서 금융위는 지난 9일 '신용평가체계 개편 태스크포스(TF)' 회의를 통해 SCB 개발을 완료하고 금융권의 시범운영 참여를 요청했다. 현재 우리은행을 포함해 KB국민·신한·하나·NH농협·IBK기업·제주은행 등 7개...,https://www.thereport.co.kr/news/articleView.html?idxno=86498,10,,1
"신한은행, '소상공인 특화' 신용평가모형 도입…금융 문턱 낮춘다",신한은행은 금융위원회가 추진하는 '신용평가체계 개편' 방향에 맞춰 소상공인의 미래 성장성을 반영한 '소상공인 특화 신용평가모형(SCB)' 시범운영에 참여한다고 10일 밝혔다. 이번 참여는 금융위가 주재한...,https://www.job-post.co.kr/news/articleView.html?idxno=213275,21,,1
"박정림 전 KB증권 대표, '라임 사태' 관련 징계 취소 확정","10일 법조계에 따르면, 대법원 3부는 박 전 대표가 금융위원회를 상대로 낸 직무정지 처분 취소 청구... 앞서 금융위는 2023년 11월 라임사태와 관련해 내부통제 기준 마련 의무 위반, 펀드에 레버리지 자금을 제공한...",https://www.sisajournal.com/news/articleView.html?idxno=369055,13,,1
"'신안우이 해상풍력' 사업을 위한 금융단 구성 완료, 이제 사업현장에 ...","금융위원회는 4월 9일 국민성장펀드의 1차 메가프로젝트 사업 중 하나인 '신안우이 해상풍력 발전사업'을 위한 'PF금융 약정식'이 개최되었다고 밝혔다. 이날 약정식에는 권대영 금융위 부위원장, 심진수...",https://www.job-post.co.kr/news/articleView.html?idxno=213259,17,,1
"신한은행, SCB 도입···소상공인 금융지원 확대",신한은행은 금융위원회가 추진하는 '신용평가체계 개편'에 맞춰 '소상공인 특화 신용평가모형(SCB)' 시범운영에 참여한다고 10일 밝혔다. 이번 사업은 금융위 산하 태스크포스(TF)가 추진 중인 신용평가 고도화 과제의...,https://www.thereport.co.kr/news/articleView.html?idxno=86497,21,,1
'라임 사태' 박정림 前 KB증권 대표 '직무정지' 취소 확정,'라임 사태'로 금융위원회로부터 직무 정지 처분을 받았던 박정림 전 KB증권 대표의 징계 취소가 대법원에서 확정됐다. 10일 법조계에 따르면 대법원 3부(주심 이숙연 대법관)는 전날(9일) 박 전 대표가 금융위원회를...,https://www.news1.kr/society/court-prosecution/6132260,13,,1
"해수부, 호르무즈 통항재개 대비 보험상황 점검…“신속·안전한 통황 ...",해수부는 이번 회의에서 논의된 선사의 애로사항을 토대로 다음 주 초 금융위원회 등 관계 부처 및 국내 재보험사와의 간담회를 개최할 예정이다. 황종우 해수부 장관은 “호르무즈 해협 통항의 안전한 재개를 위해...,https://www.busan.com/view/busan/view.php?code=2026041011492920863,16,,1
"KB국민은행, 금융위 SCB 기반 소상공인 맞춤 대출 혜택 착수",KB국민은행은 금융위원회가 주관하는 '소상공인 특화신용평가모형(SCB)' 금융지원 시범사업에 참여한다. 금융위원회는 8월 SCB 서비스 오픈에 맞춰 KB국민은행과 함께 약 1년간 시범사업을 운영할 계획이다. KB국민은행은...,http://www.ttlnews.com/news/articleView.html?idxno=3097949,17,,1
"국민은행, '소상공인 특화' 금융지원 시범사업 참여",KB국민은행은 금융위원회가 주관하는 '소상공인 특화신용평가모형(SCB)을 활용한 금융지원 시범사업에 참여한다고 10일 밝혔다. 금융위는 오는 8월 SCB 서비스 오픈에 맞춰 국민은행과 함께 약 1년간 시범사업을 운영할...,https://www.news1.kr/finance/general-finance/6132193,16,,1
"대법, 박정림 전 KB증권 대표 '라임 사태' 직무정지 징계 취소",10일 법조계에 따르면 대법원 3부(주심 이숙연 대법관)는 전날 박 전 대표가 금융위원회를 상대로 제기한... 금융위는 2023년 11월 정례회의에서 라임펀드 사태와 관련해 내부통제 기준 마련 의무 위반과 펀드에...,https://www.newsis.com/view/NISX20260410_0003586060,13,,1
"신한은행, 금융위 추진 소상공인 특화 신용평가체계 개편 시범사업",신한은행은 금융위원회가 추진하는 신용평가체계 개편 방향에 맞춰 소상공인의 미래 성장성을 반영한 '소상공인 특화 신용평가모형(SCB)' 시범운영에 참여한다고 10일 밝혔다. 이번 시범운영 참여는 금융위원회가 주재한...,http://www.press9.kr/news/articleView.html?idxno=74871,21,,1
"KB국민은행, SCB 기반 대출 지원···금리·한도 혜택 강화",KB국민은행은 금융위원회가 주관하는 '소상공인 특화신용평가모형(SCB)' 활용 금융지원 시범사업에 참여한다고 10일 밝혔다. 금융위는 오는 8월 SCB 서비스 개시에 맞춰 약 1년간 시범사업을 운영할 계획이다. SCB는...,https://www.thereport.co.kr/news/articleView.html?idxno=86495,18,,1
정영채 이어 박정림도 징계취소 확정…금융당국 '무리한 징계' 도마,법조계에 따르면 대법원은 박 전 사장이 금융위원회를 상대로 낸 직무정지 처분 취소 소송에서 원고 승소... 반영될 필요가 있다”고 말했습니다. #박정림 #KB증권 #정영채 #NH투자증권 #두나무 #빗썸 #금융당국 #금융위 #법원,http://www.yonhapnewstv.co.kr/AKR20260410111223KWm,13,,1
"'라임펀드 사태' 박정림 전 KB증권 대표, 직무정지 처분 취소 확정",10일 법조계에 따르면 대법원 3부(주심 이숙연 대법관)는 박 전 대표가 금융위원회를 상대로 제기한... 앞서 금융위원회는 2023년 11월 29일 금융사의 지배구조법상 내부통제기준 마련의무 위반 등의 책임을 물어 박 전...,https://www.newspim.com/news/view/20260410000539,13,,1
담보 대신 '사업성'…은행권 소상공인 대출 기준 바뀐다,10일 금융권에 따르면 KB국민·신한·하나·우리은행 등은 금융위원회가 추진하는 SCB 시범사업에 참여해 대출... IBK기업은행과 하나은행도 전날 금융위원회 발표에 맞춰 SCB 도입 계획을 공개했다. 기업은행은 3분기부터...,http://www.4th.kr/news/articleView.html?idxno=2110269,17,,1
[단독] 고유가 대응 車보험 할인 '신상품' 만든다…전 손보사 TF 구성,앞서 금융위원회는 중동 사태 장기화에 따른 대응 방안을 논의하는 과정에서 차량 5부제 등 운행 제한... 업계는 TF에서 도출된 기본안을 바탕으로 금융위와 세부 승인 절차를 논의할 계획이다. 또한 해당 안은 모든...,https://www.ajunews.com/view/20260410104203291,13,,1
[더벨]KDB생명 매각심위 통과…시장 재평가 받는다,"총리실 매각 절차 승인과 금융위원회 매각심의위원회 등 공개 매각에 필요한 절차가 마무리됐다.... ◇금융위 매각위, KDB생명 매각 재가 금융위는 지난 7일 국유재산 매각 관련 안건을 심의하는 매각심의위원회를 열고...",https://www.thebell.co.kr/free/content/ArticleView.asp?key=202604091618570360108022,13,,1
"IBK기업은행, 금융위 주관 '신용평가체계 개편' 참여",사진=IBK기업은행 한국금융경제신문=임유진 기자 | IBK기업은행은 '소상공인 특화 신용평가모형(SCB) 도입을 위한 신용평가체계 개편' 사업에 참여한다고 10일 밝혔다. 이번 모형은 한국신용정보원과 NICE평가정보가 공동...,https://www.kfenews.co.kr/news/articleView.html?idxno=656720,10,,1
"""라임 사태 책임자"" 낙인 벗은 박정림…대법, 금융위 중징계 최종 취소",2023년 11월 금융위원회가 제재를 의결한 지 2년 5개월 만에 내려진 결론이다. 10일 법조계에 따르면 대법원 3부(주심 이숙연 대법관)는 박 전 대표가 금융위원회를 상대로 제기한 직무정지 처분 취소 청구 소송 상고심에서...,http://www.newsroad.co.kr/news/articleView.html?idxno=57680,13,,1
"[이슈] 금융위, 소상공인 대출 바꾸는 'SCB' 도입…""담보 대신 데이터""",금융위원회는 9일 서울 은행회관에서 '신용평가체계 개편 태스크포스(TF)' 회의를 열고 '소상공인 특화... 제도의 정착을 위해 금융위는 SCB 활용을 촉진하는 인센티브 체계도 마련한다. 금융회사 임직원의 적극적인...,https://www.polinews.co.kr/news/articleView.html?idxno=728067,17,,1
"[금융 HOT 뉴스] KB국민은행, '소상공인 특화신용평가모형' 기반 생산적...","KB국민은행이 금융위원회가 주관하는 '소상공인 특화신용평가모형을 활용한 금융지원 시범사업에... KB국민은행(은행장 이환주)은 10일, 금융위원회가 주관하는 '소상공인 특화신용평가모형(Small business&self-ownership...",http://www.bizwnews.com/news/articleView.html?idxno=133231,16,,1
"우리은행, 소상공인 특화 신용평가체계 하반기 도입...성장 잠재력 높은...",퍼블릭타임스=우리은행이 금융위원회가 추진하는 소상공인 특화 신용평가모형(SCB) 시범운영에 적극 참여... 앞서 금융위는 지난 9일 '신용평가체계 개편 태스크포스(TF) 3차 회의'를 열고 SCB 모형 개발 완료에 따른...,https://www.public25.com/news/articleView.html?idxno=43814,16,,1
"IBK기업은행, 금융위 주관 신용평가체계 개편 사업 참여",IBK기업은행이 금융위원회 주관으로 진행되는 소상공인 특화 신용평가모형(SCB) 도입을 위한 신용평가체계 개편 사업에 참여한다고 밝혔다. 소상공인 특화 신용평가모형(SCB)은 한국신용정보원과 NICE평가정보가 공동...,https://www.itbiznews.com/news/articleView.html?idxno=209267,16,,1
"KB국민은행, ‘소상공인 특화신용평가모형’ 시범운영 착수",금융위 주관 SCB 활용 시범사업 참여 약 1년간 SCB 등급 따라 맞춤형 혜택 이환주 KB국민은행장 [KB국민은행 제공] [헤럴드경제=김은희 기자] KB국민은행은 금융위원회가 주관하는 소상공인 특화신용평가모형(SCB)을 활용한...,https://biz.heraldcorp.com/article/10714292?ref=naver,16,,1
"생산적 금융 위한 보험업권 자본규제 개편방안 검토 중, 구체적인 사항...","4.9일 한 신문이 「보험도 생산적금융 유도...정책펀드 투자 위험계수 20%로 완화」 제하의 기사에서, ""금융위... 금융위와 금감원 등 금융당국인 '동 보도내용에 대한 설명'이라는 보도설명자료를 내어 ""보험업권의 생산적...",http://www.intn.co.kr/news/articleView.html?idxno=2050104,13,,1
"KB·우리·하나銀, '소상공인 특화신용평가모형' 사범사업 참여",은행권이 고물가·고유가 등으로 어려움을 겪는 소상공인과의 동반성장 및 포용금융 확대를 위해 금융위원회가 추진하는 '소상공인 특화신용평가모형(SCB)' 시범사업에 참여키로 했다. 앞서 금융위는 지난 9일...,https://www.seoulfn.com/news/articleView.html?idxno=626174,16,,1
"KB국민은행, 금융위 주관 '소상공인 특화신용평가모형' 시범사업 참여",KB국민은행은 금융위원회가 주관하는 '소상공인 특화신용평가모형'(이하 SCB)을 활용한 금융지원 시범사업에 참여한다고 10일 밝혔다. KB국민은행은 금융위원회가 주관하는 '소상공인 특화신용평가모형'(이하 SCB)을...,https://www.newspim.com/news/view/20260410000329,16,,1
"국민은행, ‘소상공인 특화신용평가모형’ 기반 생산적·포용금융 실천...",KB국민은행은 금융위원회가 주관하는 ‘소상공인 특화신용평가모형(Small business&self-ownership Credit Bureau·SCB)을 활용한 금융지원 시범사업에 참여한다고 10일 밝혔다. 금융위원회는 오는 8월 SCB 서비스 오픈에 맞춰...,https://economist.co.kr/article/view/ecn202604100015,16,,1
종투사가 발행어음 통해 조달한 재원으로 모험자본에 투자해야 한다는...,"금융위와 금감원은 보도에 대한 설명이라는 보도설명자료를 내어 ""발행어음‧IMA 조달액의 25%는 모험자본 공급의무의 기준 설정을 위해 제시된 것으로서 종투사의 전체 운용자산에서 그만큼의 모험자본을 공급하면...",http://www.intn.co.kr/news/articleView.html?idxno=2050101,13,,1
"KB국민은행, 금융위 주관 '소상공인 특화 신용평가모형' 시범 운영","KB국민은행은 금융위원회가 주관하는 '소상공인 특화신용평가모형(Small business&self-ownership Credit Bureau, 이하 SCB)을 활용한 금융지원 시범사업에 참여한다고 10일 밝혔다. 금융위원회는 오는 8월 SCB 서비스 오픈에 맞춰...",http://www.press9.kr/news/articleView.html?idxno=74856,16,,1
KB국민은행 소상공인 특화신용평가 기반 생산적·포용금융 강화,인더뉴스 문승현 기자ㅣKB국민은행(은행장 이환주)이 금융위원회 주관 소상공인 특화신용평가모형(Small business&self-ownership Credit Bureau·SCB)을 활용한 금융지원 시범사업에 참여합니다. 금융위는 오는 8월 SCB 서비스...,https://www.inthenews.co.kr/news/article.html?no=85443,16,,1
"KB국민은행, 소상공인 신용평가 모델 기반 포용금융 적극 실천",KB국민은행은 금융위원회가 주관하는 '소상공인 특화신용평가모형(SCB)을 활용한 금융지원 시범사업에 참여한다고 10일 밝혔다. 금융위원회는 오는 8월 SCB 서비스 오픈에 맞춰 KB국민은행과 함께 약 1년간 시범사업을...,https://view.asiae.co.kr/article/2026041009423149953,16,,1
"[금융가] IBK기업은행·KB국민은행,금융위 주도 '소상공인 특화 신용평가...",IBK기업은행과 KB국민은행이 금융위원회가 추진하는 '소상공인 특화 신용평가모형(SCB)' 기반 금융지원 시범사업에 참여한다고 10일 밝혔다. SCB는 기존 부도율 중심의 신용등급에 소상공인의 미래 성장성을 반영한...,http://www.newstnt.com/news/articleView.html?idxno=606193,16,,1
"KB국민은행, 금융위 '소상공인 특화 신용평가' 시범사업 참여…금리·한...",KB국민은행이 금융위원회 주관 소상공인 특화신용평가모형(SCB) 시범사업에 참여해 맞춤형 금융지원을 강화한다. KB국민은행은 금융위가 오는 8월 소상공인 특화 SCB 서비스를 시작함에 따라 약 1년간 시범사업을 운영할...,https://www.etnews.com/20260410000029,17,,1
정영채 이어 박정림도 징계 취소 최종 승소...금융당국의 무리한 징계였...,10일 법조계에 따르면 전날 대법원은 박 전 사장이 금융위원회를 상대로 낸 직무 정지 처분 취소 소송에서 박... 금융위는 지난 2023년 11월 금융사의 지배 구조법상 내부 통제 기준 마련 의무를 위반했다며 라임 펀드...,https://www.chosun.com/economy/money/2026/04/10/Q4DVTRYDRVEGFNXLCWL6TCDTSQ/?utm_source=naver&utm_medium=referral&utm_campaign=naver-news,13,,1
"KB국민은행, 8월부터 소상공인 대출 시 '성장성' 평가",KB국민은행은 오는 8월 금융위원회가 주관하는 ‘소상공인 특화신용평가모형(SCB)’을 활용한 금융지원 시범사업에 참여한다고 10일 밝혔다. SCB는 개인의 신용도나 담보 중심의 기존 평가 방식에서 벗어나 매출 흐름과...,http://www.edaily.co.kr/news/newspath.asp?newsid=02794566645414808,17,,1
[ND 은행] KB국민은행·하나은행·NH농협은행,"국민銀, 금융위 '소상공인 특화신용평가모형(SCB)' 활용 시범사업 참여 KB국민은행이 금융위원회(금융위) 주관하는 '소상공인 특화신용평가모형'(Small business&self-ownership Credit Bureau, SCB)을 활용한 금융지원 시범사업에...",http://www.newsdream.kr/news/articleView.html?idxno=111229,16,,1
야간 연장돌봄 전화 한 통으로 '1522-1318' 기억하세요,경영 진단부터 자금 지원까지 경영위기 소상공인 원스톱 지원 중소벤처기업부와 금융위원회가 부실·폐업... 이번 협약에 따라 중기부와 금융위는 정책자금·보증·은행대출 이용자 가운데 경영 악화가 우려되는...,https://www.korea.kr/news/policyNewsView.do?newsId=148962018&call_from=naver_news,19,,1
예탁결제원 신임 이윤수 사장 본격 임기 시작,선제적으로 대비하고 정부정책에 대해서도 적극적인 역할을 하겠다고 밝혔습니다. 금융위 자본시장국장과 금융정보분석원 원장 등을 지낸 이 사장은 자본시장 전문가로 평가받고 있으며 취임식은 다음주 열릴 전망입니다.,https://news.knn.co.kr/news/article/186336,7,,1
[경제·산업 주요일정] 4월 10일(금),"△ 금융위, 주간업무회의 (10시, 정부서울청사) △ 기획처, 비상경제본부회의 겸 경제관계장관회의 (08시, 서울청사) △공정위 부위원장 차관회의(10시, 세종청사) △ 재경부, 비상경제본부회의 겸 경제관계장관회의...",https://www.ebn.co.kr/news/articleView.html?idxno=1704994,7,,1
"IBK기업은행, 금융위 주관'신용평가체계 개편'시범운영 참여",IBK기업은행은 금융위원회 주관으로 진행되는 '소상공인 특화 신용평가모형(SCB) 도입을 위한 신용평가체계 개편' 사업에 참여한다고 9일 밝혔다. 소상공인 특화 신용평가모형(SCB)은 한국신용정보원과 NICE평가정보가 공동...,https://www.thepublic.kr/news/articleView.html?idxno=300604,16,,1
"1400만 개미 호구로 보는 유상증자 ""이젠 참지 않아"" [이환주의 시선]","금감원이 유상증자에 대해 묵시적 동의를 해줬다는 취지였다. 이후 회사는 정 CFO를 대기 발령하며 개인의 실언이라고 해명했다. 금감원도 ""증권신고서 심사는 엄격한 법적 절차에 따라 증권신고서 제출 후에 이뤄지기...",http://www.fnnews.com/news/202604061622579744,6,,1
금감원 퇴짜에 증자규모 축소 기대감 ‘↑‘…한화솔루션 “정정내용 잘...,"통상 금감원은 어떤 내용이 문제가 있어 증권신고서 정정요구를 했는지 밝히지 않고 있다. 다만 이번 증자가 금감원의 중점심사 대상에 올랐다는 점, 지난해 그룹 계열사 한화에어로스페이스가 금감원 중점심사 후...",https://www.segye.com/newsView/20260410512236?OutUrl=naver,6,,1
"풍산·한화, 탄약사업 매각 협상 왜 깨졌나",◇금감원 제동까지 ‘엎친 데 덮친 격’ 한화에어로스페이스는 지난 3일 진행된 풍산 탄약사업 매각을 위한... 금감원이 한화솔루션의 유상증자에 제동을 걸면서 한화그룹의 자금 조달 계획에도 비상이 걸렸다....,https://www.hankyung.com/article/2026041030621,6,,1
"KB證 임원, TRS 수수료 숨긴 펀드 제안서 배포…금감원 적발","10일 금감원 공시에 따르면 KB증권 임원들은 펀드를 판매하면서 약 41억6000만원의 선취판매수수료를 받는 구조였지만, 내부적으로는 TRS(총수익스왑) 거래를 통해 이 수수료를 다시 보전받는 계획을 가지고 있었다....",http://www.newswatch.kr/news/articleView.html?idxno=79123,7,,1
"한화솔루션, 유증 재설계 수순…규모·주주보호 촉각","금감원은 ""설명이 부족하다""며 신고서를 다시 써 오라고 퇴짜를 놨는데요. 유증 규모 축소와 주주보호 대책이... 한화솔루션은 ""금감원 판단을 엄중히 받아들인다""며 즉각 신고서 정비 작업에 착수했습니다. 새롭게 제출될...",https://biz.sbs.co.kr/article_hub/20000303630?division=NAVER,6,,1
"금감원, 한화솔루션 유증 제동…'한화식' 자금조달 또 시험대","금감원은 유상증자의 당위성과 의사결정 과정, 이사회 논의 내용, 주주 소통 계획 등을 검토한 것으로 전해진다. 이번 조치에 따라 한화솔루션은 3개월 내로 정정신고서를 제출해 금감원의 심사를 다시 받아야 한다. 기한...",https://www.newsway.co.kr/news/view?ud=2026041016270885874,6,,1
'2.4조 유상증자' 제동 …한화솔루션 2% 올라,"금감원, 정정신고서 제출 요구 한화솔루션이 추진하던 2조4000억원 규모 유상증자에 제동이 걸리면서... 금감원은 전날 넥스트레이드 애프터마켓 종료 직후 한화솔루션에 유상증자 증권신고서를 정정하라고 요구했다....",https://www.mk.co.kr/article/12013882,6,,1
"[기자의눈] '절차적 정당성' 뒤 한화솔루션 기습 유상증자 민낯, 무너진...","한화솔루션은 금감원의 정정공시 요구에 ""주주가치 제고를 최우선으로 정정 요구에 충실히 부합하는 신고서를 준비하겠다""고 말했다. 신뢰가 무너진 시장에 자본이 머물 이유는 없다. 정보 비대칭성에서 기업에 밀릴...",https://www.businesspost.co.kr/BP?command=article_view&num=435463,7,,1
"[주식도락] 거침없이 뛰는 대우건설 주가…""상승 여력 충분""",금감원 공시에 따르면 대우건설은 올해 'Hyper E&C(하이퍼 이앤씨)'라는 비전을 내걸고 BIM(건축정보모델링)과 인공지능(AI)을 활용한 디지털 혁신을 추진하고 있다. 본사와 현장을 연결하는 운영 체계 고도화를 통해 원가...,http://www.newsdream.kr/news/articleView.html?idxno=111245,8,,1
방산·에너지 확장에 ‘제동’…한화 주력사업 시험대,"금감원은 “증권신고서 심사 결과 형식 요건을 제대로 갖추지 못했거나 중요사항에 관한 기재가 누락, 불분명해 투자자의 합리적인 판단을 저해할 우려가 있다고 봤습니다. 금감원의 결정으로 한화솔루션의 유증 일정 등...",http://www.newstomato.com/ReadNews.aspx?no=1297458&inflow=N,6,,1
한화에어로에서 솔루션까지...'한화 유증' 잇단 제동 왜,"금감원은 공시를 통해 ""심사결과, 증권신고서의 형식을 제대로 갖추지 아니한 경우 또는 증권신고서 중... 강조했지만 금감원은 이를 충분치 않다고 봤다. 금융당국이 한화의 유상증자에 제동을 건 건 이번이 처음은...",https://www.newspim.com/news/view/20260410000994,7,,1
"[특징주] 한화솔루션, 금감원 유상증자 제동에 2% 상승(종합)",금감원은 한화솔루션이 제출한 유상증자 증권신고서에 대해 정정신고서 제출을 요구했다고 공시했다. 금감원은 증권신고서 심사 결과 형식 요건을 제대로 갖추지 못했거나 중요사항에 관한 기재가 누락·불분명해...,https://www.yna.co.kr/view/AKR20260410038351008?input=1195m,6,,1
"“KB증권과 카카오페이증권도 도입”…AWS코리아, 금융사 AI 에이전트 확...","노경훈 AWS코리아 금융 사업 총괄은 “현재 기술·규제적으로 클라우드 사용에 전혀 문제가 없다”며 “금감원 혁신금융 서비스 신청이 올 2월 기준 1000건을 넘어섰고, 이를 통해 에이전트 AI 서비스 도입도 가능한...",https://www.ddaily.co.kr/page/view/2026041015325985465,7,,1
"한화솔루션, 유상증자에 금감원 제동…정정요구로 일정 변경 가능성",한화솔루션이 추진 중인 대규모 유상증자에 대해 금융당국이 정정신고서 제출을 요구하며 제동이 걸렸다. 이는 투자자 보호를 위한 공시 보완 필요성이 제기되면서 증자 일정 전반에도 변동 가능성이 커진 상황이다....,http://www.popcornnews.net/news/articleView.html?idxno=118048,7,,1
"한화솔루션, 2.4조 유증에 제동…'규모·비율' 조정 불가피","남은 카드가 없는 만큼, 한화솔루션은 금감원의 요구사항을 최대한 반영해 유상증자 방식을 수정할 것으로 보입니다. <앵커> 대주주인 한화가 초과 청약을 약속할 만큼 의지를 보였는데요. 금감원이 제동을 건 이유는...",https://www.wowtv.co.kr/NewsCenter/News/Read?articleId=A202604100318&t=NNv,6,,1
우대금리 적용 조건 안내 못 받아 '이자 환급' 요구,"금감원은 우대금리를 적용받기 위해서는 급여이체, 카드 사용, 자동이체, 금융상품 가입 등 각 항목별 요건을... 금감원은 대출상품 가입이나 갱신 시 우대금리 조건을 사전에 꼼꼼히 확인하고, 이후에도 충족 여부를...",https://www.consumuch.com/news/articleView.html?idxno=77651,9,,1
"[AWS 게임데이 2026] ""금융권 AI 개발, 실험 아닌 실전 단계 진입""","노 총괄은 ""글로벌하게도 금융권이 클라우드를 쓰는 속도가 빠르게 늘어나고 있고, 최근에는 AI·AI 에이전트를 쓰기 위해 혁신금융서비스를 금감원에 신청하는 건수가 올해 2월 기준 1000건을 넘었다""고 밝혔다. AWS가...",https://www.econovill.com/news/articleView.html?idxno=736865,7,,1
"2차전지 양극재 기업 엘앤에프, 음극재 사업 진출 검토 중단","10일 금감원 전자공시시스템(다트)에 따르면 엘앤에프는 음극재 사업 진출설과 관련 ""당사는 음극재 사업 진출과 관련해 미쯔비시케미컬社(사)와 합작사를 포함한 장기적이고 포괄적인 음극재 사업 진출에 대하여 검토를...",https://www.getnews.co.kr/news/articleView.html?idxno=867467,6,,1
[특징주] AI·통신 인프라 수급 집중…에이치시티 '상한가',회장을 비롯한 비롯한 주요 경영진들이 보유한 주식이 늘어난 것도 호재로 꼽힌다. 금감원 공시에 따르면 에이치시티는 지난달 24일 정기주주총회를 열고 총 9만2000주에 달하는 보통주 배당키로 결의했다.  [뉴스드림],http://www.newsdream.kr/news/articleView.html?idxno=111240,7,,1
"금융당국, 한화솔루션 유상증자 '제동'…기업 선례 될까",사실 한화 계열사 유상증자가 금감원 정정 요구를 받은 사례는 이번이 처음도 아니다. 한화에어로스페이스가 작년 3월 3조6000억원 규모 유상증자를 추진하는 과정에서 두 차례나 정정 요구를 받은 사례가 있다. 회사 측은...,https://www.mediapen.com/news/view/1092575,7,,1
"[특징주] 한화솔루션, 금감원 유상증자 제동에 '강세'",금감원은 한화솔루션이 지난 26일 제출한 유상증자 증권신고서에 대해 정정신고서 제출을 요구했다고 전일 공시했다. 금감원은 증권신고서 심사 결과 형식 요건을 제대로 갖추지 못했거나 중요사항에 관한 기재가 누락...,https://www.asiatime.co.kr/article/20260410500118,6,,1
"[ET특징주]한화솔루션, 금감원 유상증자 제동에 상승세",한화솔루션이 금감원 유상증자 제동 소식에 상승세다. 한화솔루션(009830)은 4월 10일 오후 1시 53분 기준 전... 금감원은 한화솔루션이 제출한 유상증자 증권신고서에 대해 정정신고서 제출을 요구했다고 공시했다....,https://www.etnews.com/20260410000165,6,,1
[취재후일담] 꼬여버린 2.4조 자금 조달…한화솔루션의 돌파구는,10일 업계에 따르면 금감원은 전날 이번 유상증자와 관련해 자금 사용 목적과 필요성 등에 대한 기재가... 금감원이 요구한 수준의 구체성과 설득력을 확보하지 못할 경우 일정 지연을 넘어 계획 자체가 흔들릴 가능성도...,https://www.asiatoday.co.kr/view.php?key=20260410010003200,6,,1
"'기습 유증' 한화솔루션, 금감원 정정 요구까지…2조4000억 유상증자 '삐...","10일 업계에 따르면, 금감원은 한화솔루션이 제출한 유상증자 증권신고서를 중점 심사한 결과 정정신고서 제출을 요구했다. 금감원은 ""중요사항의 기재나 표시 내용이 불분명해 투자자의 합리적 투자 판단을 저해하거나...",http://www.newslock.co.kr/news/articleView.html?idxno=128439,6,,1
‘감사인 미선임’ 불이익 기업 27.9% ↑ … 최초 외부감사 대상 기업 ‘...,"금감원은 신규 외감 대상 회사들이 법적 의무를 몰라 불이익을 받는 일이 없도록 온라인 설명회를 열고... 금감원은 10일 중소기업중앙회, 외국인투자옴부즈만과 협력해 유튜브 채널 등을 통해 ‘감사인 선임제도...",https://www.naeil.com/news/read/584767?ref=naver,2,,1
"""정정신고서 내라""···금감원, 한화솔루션 유상증자 '제동'","10일 금융투자업계에 따르면 금감원은 전날 공시를 통해 한화솔루션이 지난달 26일 제출한 유상증자 관련... 금감원의 이번 조치는 주주들과 사전 교감 없이 2조4000억원에 이르는 대규모 유상증자가 결정됐고, 조달 자금...",https://www.seoulfn.com/news/articleView.html?idxno=626183,7,,1
[단독] 6월 말부터 앱 통해 현금 뽑을 때 QR 인증 거쳐야 가능,"앞서 금감원은 지난해 10월 시중은행들에 간편 앱 출금 서비스의 보안 강화를 주문한 것으로 확인됐습니다. 현재는 인증번호만 입력하면 출금 가능하기 때문에 계좌주 본인이 아니어도 현금 인출이 가능한데, 스마트폰...",https://biz.sbs.co.kr/article_hub/20000303479?division=NAVER,9,,1
"메가MGC커피, 작년 매출 6469억 30% '껑충'…영업익 1113억",10일 금감원에 따르면 메가MGC커피 운영사 엠지씨(MGC)글로벌(옛 앤하우스)의 지난해 매출은 6469억원으로 전년 대비 30.4% 증가했다. 영업이익은 1113억원으로 전년과 비교해 3.5% 늘었다. 당기순이익 역시...,https://www.newsis.com/view/NISX20260410_0003586091,7,,1
"금감원, 한화솔루션 유증 제동…재무개선 계획도 ‘흔들’","10일 금융권에 따르면 금감원은 3월 26일 제출된 증권신고서(지분증권)를 심사한 결과, 형식을 제대로 갖추지 않았거나 중요사항 기재·표시가 불분명한 경우 등에 해당한다고 보고 지난 9일 정정신고서 제출을 요구했다....",https://www.ddaily.co.kr/page/view/2026041011401124440,7,,1
"금감원, 한화솔루션 2.4조 유증 '스톱'…증권신고서 효력 정지",금감원은 신고서가 형식 요건을 충족하지 못했거나 중요한 정보가 누락 또는 불명확하게 기재돼 투자자의 합리적 판단을 저해할 우려가 있다고 판단했다. 이에 따라 해당 증권신고서는 수리되지 않은 상태로 효력이...,https://www.thepublic.kr/news/articleView.html?idxno=300665,6,,1
'우려가 현실로' 한화솔루션 유상증자 결국 제동,"금감원은 한화솔루션이 제출한 유상증자 증권신고서를 중점 심사한 결과, 형식 요건을 제대로 갖추지... 한화솔루션은 이에 대해 ""금감원의 정정 요구를 엄중하게 받아들이고, 최대한 성실하게 답변하겠다""며 ""유상증자에...",https://economist.co.kr/article/view/ecn202604100029,6,,1
"[특징주] 한화솔루션, 금감원 유상증자 정정 요구에 강세","금감원은 해당 유상증자를 중점심사 대상으로 선정해 유상증자의 필요성과 의사결정 과정, 이사회 논의... 통상 주주배정 유상증자는 기존 주주 가치 희석 부담으로 주가에 악재로 인식되는데, 금감원 정정 요구로...",https://www.tokenpost.kr/news/economy/347991,7,,1
"[특징주] 한화솔루션, 금감원 유상증자 제동 '상승'",금감원은 한화솔루션이 제출한 유상증자 증권신고서에 대해 정정신고서 제출을 요구했다고 공시했다. 금감원은 증권신고서 심사 결과 형식 요건을 제대로 갖추지 못했거나 중요사항에 관한 기재가 누락·불분명해...,https://www.jeonmae.co.kr/news/articleView.html?idxno=1247033,6,,1
"[아주사설 | 기본·원칙·상식] 2.4조 유증 제동…한화솔루션 사태, 자본...","금감원이 이번 건을 ‘중점 심사’ 대상으로 선정해 자금 사용의 필요성과 긴급성까지 점검한 이유도 여기에... 유상증자 과정에서 ‘금감원과 사전 논의’ 발언까지 나오며 시장의 의구심이 커졌고, 이후 사실이 아닌...",https://www.ajunews.com/view/20260410104920300,6,,1
"[특징주] 한화솔루션, 금감원 유증 신고서 정정 요구 받자 '상승'",금감원은 한화솔루션이 제출한 유상증자 증권신고서에 대해 정정신고서 제출을 요구했다고 공시했다. 금감원은 증권신고서 심사 결과 형식 요건을 제대로 갖추지 못했거나 중요사항에 관한 기재가 누락·불분명해...,https://www.g-enews.com/view.php?ud=20260410102957305044093b5d4e_1,6,,1
"한화솔루션, 금감원 제동에 증권신고서 정정 방안 검토…유상증자 규모...",앞서 금감원은 지난 9일 한화솔루션이 제출한 유상증자 증권신고서에 대해 정정신고서 제출을 요구했다고 밝혔다. 금감원은 증권신고서 심사 결과 형식 요건을 제대로 갖추지 못했거나 중요사항에 관한 기재가 누락...,http://www.fieldnews.kr/news/articleView.html?idxno=27878,6,,1
"[특징주] 한화솔루션, 금감원 유증 정정 요구에 상승 전환","금감원은 ""증권신고서의 형식을 제대로 갖추지 아니한 경우 또는 증권신고서 중 중요 사항에 관한 거짓의 기재 또는 표시가 있거나 중요 사항의 기재나 표시 내용이 불분명해 투자자의 합리적인 투자 판단을 저해하거나...",https://www.newspim.com/news/view/20260410000269,6,,1
한화솔루션 2.4조 유상증자 막혔다 투자자 합리적 판단 저해 우려 있어,"10일 금융투자업계에 따르면 전날 금감원은 한화솔루션이 지난달 26일 제출한 유상증자 증권신고서에 대해... 한화솔루션은 ""금감원의 정정 요구를 엄중하게 받아들이고 최대한 성실하게 답변하겠다""며 ""유상증자에 대해...",http://www.smedaily.co.kr/news/articleView.html?idxno=355436,7,,1
[N2 증시 풍향계] 한화솔루션·삼성전기·한화에어로·광통신주 ‘강세...,"■ 한화솔루션, 금감원 유상증자 제동에 반등 한화솔루션(009830)이 금융당국의 유상증자 정정 요구에 장중 상승세를 보이고 있다. 10일 한국거래소에 따르면 한화솔루션은 이날 오전 10시 현재 코스피시장에서...",https://www.news2day.co.kr/article/20260410500075,9,,1
[하우머니] 아슬아슬한 휴전에 '불안'…오늘 장 흐름은?,"“제2 삼천당제약 사태 막겠다”…칼 빼 든 금감원? Q. 200만닉스 전망도…이제는 SK하이닉스의 시간? Q. AI 시대 필수 인프라로 부각…광통신주 실적은? Q. 배당에 실적 기대까지…통신주 전망은? Q. 에이피알, 호실적...",https://biz.sbs.co.kr/article_hub/20000303402?division=NAVER,7,,1
[CP’s View] 한화솔루션 유상증자 제동 이후,"금감원은 정정신고서 제출을 요구했고 만약 회사가 3개월 이내에 이를 제출하지 않으면 유상증자는 철회된 것으로 간주된다. 주주는 반발에 주가는 급락하고, CFO는 대기발령까지 받았다. 여기에 금감원의 정정신고서...",http://www.globalepic.co.kr/view.php?ud=20260410101343938648439a4874_29,10,,1
한화솔루션 '기습 유증' 역풍...당국 제동에 주주 반발 '사면초가',"지난 3일 열린 간담회에서 정원영 최고재무책임자(CFO)는 ""금감원과 사전에 유상증자 계획을 소통했다""고 발언했으나, 금감원이 즉각 ""사실무근""이라며 반박하는 소동이 벌어졌다. 결국 사측은 발언이 허위임을 인정하고...",https://www.delighti.co.kr/news/articleView.html?idxno=114988,6,,1
"[특징주] 한화솔루션, 금감원 유상증자 제동에 '반등'",금감원은 한화솔루션이 제출한 유상증자 증권신고서에 대해 정정신고서 제출을 요구했다. 금감원은 증권신고서 심사 결과 형식 요건을 제대로 갖추지 못했거나 중요사항에 관한 기재가 누락·불분명해 투자자의...,https://www.cstimes.com/news/articleView.html?idxno=701574,6,,1
"[특징주] 한화솔루션, 금감원 제동에 투자심리 개선…주가↑",금감원은 한화솔루션이 제출한 유상증자 증권신고서에 대해 정정신고서 제출을 요구했다고 공시했다. 금감원은 증권신고서 심사 결과 형식 요건을 제대로 갖추지 못했거나 중요사항에 관한 기재가 누락·불분명해...,http://www.issuenbiz.com/news/articleView.html?idxno=75447,7,,1
"한화솔루션 2.4조 유상증자 제동…금감원, 정정 요구","금감원은 9일 전자공싯스템을 통해 ""심사 결과, 증권신고서의 형식을 제대로 갖추지 아니한 경우 또는... 금감원은 다만 증권신고서 심사 절차가 진행 중인 만큼 세부적인 정정 요구 내용은 공개하지 않았다. 금감원이...",http://www.opinionnews.co.kr/news/articleView.html?idxno=136559,6,,1
"[특징주]금감원 제동에도…한화솔루션, 장 초반 '상승 반전'","금감원은 공시를 통해 한화솔루션이 제출한 증권신고서에 대해 정정신고서 제출을 요구했다고 밝혔다. 심사... 한화솔루션은 ""금감원의 정정 요구를 엄중하게 받아들이고 최대한 성실하게 답변하겠다""며 ""유상증자에...",https://www.namdonews.com/news/articleView.html?idxno=907057,6,,1
"[특징주]한화솔루션, 금감원 '유상증자 제동' 소식에 상승세",한화솔루션이 10일 장 초반 주가가 오르고 있다. 금융당국으로부터 유상증자 증권신고서에 대해 정정 요구를 받은 소식이 영향을 미친 것으로 풀이된다. 이날 오전 9시40분께 한국거래소에서 한화솔루션은 전장 대비 1.00...,https://view.asiae.co.kr/article/2026041009421145197,8,,1
"[특징주] 한화솔루션, 금감원 유상증자 제동에 장 초반 상승세",금감원은 전날 한화솔루션이 제출한 유상증자 증권신고서에 대해 정정신고서 제출을 요구했다고 공시했다. 증권신고서 심사 결과 형식 요건을 제대로 갖추지 못했거나 중요사항에 관한 기재가 누락·불분명해...,https://www.ajunews.com/view/20260410093621218,6,,1
"금감원, 최초 외부감사 대상 '감사인 선임제도' 온라인 설명회","이에 금감원은 신규 외부감사대상회사가 정해진 기한내에 감사계약을 체결·보고할 수 있도록 외부감사대상 판단기준, 감사인선정주체, 선임절차, 전자보고 요령 등을 알기쉽게 안내할 예정이다. 금감원 유튜브...",https://www.pointdaily.co.kr/news/articleView.html?idxno=300606,2,,1
"[특징주] 한화솔루션, 금감원 유증 제동에 주가 강세",한화솔루션 주가가 10일 장 초반 강세를 보이고 있다. 금융당국이 유상증자에 제동을 걸면서 투자심리가 개선된 영향으로 풀이된다. 한국거래소에 따르면 이날 오전 9시 20분 현재 유가증권시장에서 한화솔루션은 전...,https://www.ekn.kr/web/view.php?key=20260410029515870,8,,1
"[특징주] 한화솔루션, 금감원 유상증자 제동에 상승세",금감원은 한화솔루션이 제출한 유상증자 증권신고서에 대해 정정신고서 제출을 요구했다고 공시했다. 금감원은 증권신고서 심사 결과 형식 요건을 제대로 갖추지 못했거나 중요사항에 관한 기재가 누락·불분명해...,https://www.yna.co.kr/view/AKR20260410038300008?input=1195m,6,,1
금감원 '유상증자' 정정요구에…한화솔루션 주가 3%↑,전날 금감원이 한화솔루션의 유상증자 증권신고서에 대해 정정신고서 제출을 요구한 영향으로 풀이된다. 금감원은 한화솔루션 증권신고서 심사결과 △증권신고서 형식을 제대로 갖추지 않은 경우 △중요사항에 관해...,https://www.mt.co.kr/stock/2026/04/10/2026041009042691076,7,,1
‘오래오래 함께’ 가자는 카카오페이…새로운 ‘상생 금융’ 실험 [핀...,"핀테크 최초 금감원장상 수상 기부 넘어 ‘효과 내는 상생’ 구조 지속가능성·확장성 동시에 확보 ""단순히 좋은 일을 하고 끝나는 것이 아니라, 현장에서 실질적인 변화를 만들어내는 '지속 가능한 상생 모델'을 구축하는...",https://www.etoday.co.kr/news/view/2574263,7,,1
"금감원, 한화솔루션 2.4조 유증 제동...정정신고서 요구",금감원은 한화솔루션이 지난달 26일 제출한 증권신고서에 대해 정정신고서 제출을 요구했다고 공시했습니다. 금감원은 신고서가 형식 요건을 갖추지 못했거나 중요사항 기재가 불분명해 투자자의 합리적 판단을 저해할...,https://www.ytn.co.kr/_ln/0102_202604100908073587,6,,1
‘2.4조 유증’ 제동 걸린 한화솔루션…주가 끌어올린 금감원 한마디,금감원 “유증 정정신고서 제출하라” 프리마켓 4만3600원까지 치솟기도 주주가치 훼손 우려 덜며 투심 회복... 금감원은 “중요사항의 기재 또는 표시 내용이 불분명해 투자자의 합리적인 투자판단을 저해하거나...,https://www.mk.co.kr/article/12013322,7,,1
"금감원, 한화솔루션 2.4조 유상증자 계획에 제동..정정신고서 제출 요구",10일 금융당국에 따르면 금감원은 지난 9일 한화솔루션이 지난달 26일 제출한 유상증자 증권신고서에 대해 정정신고서 제출을 요구했다고 공시했다. 금감원은 증권신고서 심사 결과 형식 요건을 제대로 갖추지 못했거나...,https://kpenews.com/View.aspx?No=4036819,7,,1
"금감원, 한화솔루션 유증 제동…소액주주 임시주총 추진 계속","그러나 이 자리에서 정원영 전 최고재무책임자(CFO)의 발언을 둘러싸고 금감원과의 사전 교감 여부가 논란이 되면서 파장이 커졌다. 이후 금감원은 한화 측과 사전 협의나 승인은 없었다는 입장을 밝혔고, 한화솔루션은...",https://zdnet.co.kr/view/?no=20260410081352,6,,1
"한화솔루션, 금감원 유증 정정신고서 요구에 프리마켓서 5% 강세[특징주...",금감원은 9일 “중요사항의 기재나 표시 내용이 불분명해 투자자의 합리적인 투자판단을 저해하거나... 여기에 한화솔루션이 주주간담회에서 금감원과 유상증자 관련 ‘사전 교감’이 있었다고 발언하면서 논란이...,http://www.edaily.co.kr/news/newspath.asp?newsid=02561686645414808,6,,1
금감원 2.4조 유증 제동에…한화솔루션 프리장서 5% 상승 [이런국장 저런...,앞서 금감원은 한화솔루션이 추진하던 2조 4000억 원 규모의 유상증자와 관련해 증권신고서 정정을... 당일 한화솔루션 주가는 18.22% 급락 마감했다. 금감원까지 나섰다! 한화솔루션 2.4조 유상증자가 유독 시끄러운 이유,https://www.sedaily.com/article/20030768?ref=naver,7,,1
한화솔루션 2조4천억 유증 '제동' … 정정신고서 요구,10일 금융당국에 따르면 전날 금감원은 한화솔루션이 제출한 유상증자 증권신고서에 대해 정정신고서... 것이 금감원의 판단이다. 이에 따라 한화솔루션은 3개월 안에 정정신고서를 제출하지 않을 경우 신고서는 철회된...,https://www.safetimes.co.kr/news/articleView.html?idxno=241737,7,,1
[증시키워드] 삼전 3조 블록딜ㆍ99만 닉스⋯‘재건ㆍ원전’에 쏠린 투심,"금감원은 ""증권신고서(지분증권)에 대한 심사 결과 중요사항의 기재나 표시 내용이 불분명하여 투자자의 합리적인 투자판단을 저해하거나 투자자에게 중대한 오해를 일으킬 수 있는 경우에 해당된다""고 공시했다....",https://www.etoday.co.kr/news/view/2574533,6,,1
"금감원, 외부감사 대상 기업 '감사인 선임' 온라인 설명회 개최","금감원은 신규 외부감사 대상 기업이 기한 내 감사 계약을 체결하고 보고할 수 있도록 제도를 알기 쉽게 안내할 예정이며, 온·오프라인 설명회를 통해 기업들의 외부감사 관련 법규 위반을 예방하기 위한 노력을 지속할...",https://www.seoulfn.com/news/articleView.html?idxno=626141,6,,1
"금감원, 외부감사대상 회사 첫 ‘감사인 선임제도’ 온라인 설명회 개최",금감원에 따르면 최근 3년간 연평균 5000개 내외의 회사가 외감대상에 신규 편입됐다. 최초로 외감대상이 되는... 이에 금감원은 중소기업중앙회와 외국인투자옴부즈만 등과 신규 외감대상이 된 중소기업·유한회사가 기한...,https://www.sedaily.com/article/20030764?ref=naver,6,,1
"한화솔루션, 2.4조 유상증자 '제동'…금감원 정정신고서 요구","금감원은 한화솔루션 증권신고서에 대해 투자자 합리적인 판단을 저해하거나 투자자에게 중대한 오해를... 한화솔루션은 ""금감원 정정 요구를 엄중하게 받아들이고, 최대한 성실하게 답변하겠다""며 ""유상증자에 대해 주주...",http://www.fntimes.com/html/view.php?ud=2026041008184224670d260cda75_18,6,,1
"한화솔루션 유상증자 ‘제동’…금감원, 정정신고서 제출 요구",서울 중구 한화그룹 사옥 (사진=한화) 금감원은 9일 한화솔루션이 지난 26일 제출한 유상증자 증권신고서에 대해 정정신고서 제출을 요구했다고 공시했습니다. 금감원은 증권신고서에 대한 심사 결과 형식을 제대로 갖추지...,http://www.newstomato.com/ReadNews.aspx?no=1297401&inflow=N,6,,1
"[AP 미디어동향 4월 2주] 작년 신문사 실적…매출은 중앙, 이익은 조선","AP신문 미디어동향 4월 2주 ⓒAP신문(AP뉴스) / AI제미나이 생성 이미지 (4월 3일(금)~4월 9일(목) ■ 매출 1위 중앙일보, 순이익은 조선일보 압승 금감원 전자공시시스템에 나타난 지난해 주요 신문사 실적중 [중앙일보]는...",https://www.apnews.kr/news/articleView.html?idxno=3047687,8,,1
