title,summary,url,score,prob,keep
“우리 애가 30% 고금리 대출?” 게임 즐기던 아들이 당할 줄 몰랐다 [사...,이는 법정 최고금리(연 20%)를 크게 초과하는 불법사금융에 해당한다. 인스타그램·엑스(구 트위터)·틱톡 등... 한편 지난해 7월 개정된 대부업법 시행으로 연 이자율이 60%를 넘는 계약은 원칙적으로 무효가 돼 원금과...,https://biz.heraldcorp.com/article/10710728?ref=naver,16,,1
"['불법 대부업' 죽이기] ""'産銀 끼고 고리대' 쿠팡보다 잘할 것, 기업은...","""옛날 먼 옛날, 대부업계에는 착한 대부업과 불법 대부업이 살았습니다?"" 지금까지 일반적으로 고착화돼 온... 법정 최고금리의 20배가 넘는 이자율이라는 것. 하지만 정작 이렇게 법안이 마련되고 규제를 받는 건...",https://www.financialpost.co.kr/news/articleView.html?idxno=254356,6,,1
"4대 금융지주, 디지털 금융 본격화···생존 과제로 'AX' 규정",특히 보이스피싱 대응 시스템에서는 실질적인 성과도 나타나고 있다. 통신사와 연계한 AI 기반 모니터링을 통해 이상 거래를 사전에 탐지하고 계좌를 즉시 정지하는 방식으로 금융 피해를 줄이는 데 활용되고 있다....,http://www.enewstoday.co.kr/news/articleView.html?idxno=2415555,1,,0
[원주]캄보디아 범죄단지 소탕 약발 끝?..사칭 사기 다시 기승,"보이스피싱의 경우 피해자가 은행에 요청을 하면 즉시 계좌가 정지되지만, 최 씨가 당한 건 '사기'로 분류돼 경찰 수사 절차가 필요했기 때문입니다. 결국 경찰서를 찾아 그날 밤늦게 계좌를 정지시킬 수 있었는데, 통장에...",https://kjmbc.co.kr/NewsArticle/1512851,3,,1
"경찰 “보복대행 조직, 박사방 유사… 의뢰자도 수사”",통장협박은 특정 계좌로 송금한 뒤 ‘보이스피싱’ 계좌로 신고해 계좌가 지급정지되면 돈을 요구하는... 경찰은 피해자가 더 있을 것으로 보고 의뢰자 추적 등 수사를 확대하고 있다. 박 청장은 “의뢰자와 다른 사건...,https://www.seoul.co.kr/news/society/2026/04/07/20260407010002?wlog_tag3=naver,0,,0
강원·서울·부산 등 전국 피해…제도 허점 악용 수수료 먹튀,"불법 결제대행업체(PG)로 인한 피해는 오롯이 자영업자들의 몫이다. 금융위원회에 등록된 합법 PG 업체로... 보이스피싱도 그런 것에 왜 당하느냐고 하면 할 말이 없지 않나""며 ""의심이 들 때마다 업체가 우리는 불법...",https://www.kado.net/news/articleView.html?idxno=2043055,14,,1
[채희창칼럼] 민생 수사 공백 방치할 건가,"검사 차출·사표로 미제 사건 급증 경찰도 민생 사건 처리에 하세월 피해 구제 지연, 범죄자만 좋을 판 정부... 전세 사기, 보이스피싱 등으로 삶이 무너진 서민들의 절박한 호소가 일선 검찰청의 서류 더미 속에 묻히고...",https://www.segye.com/newsView/20260406516010?OutUrl=naver,0,,0
오물 투척·래커칠 ‘보복 대행’ 조직…‘배민’과 기관서 ‘개인정보...,수사당국은 해당 조직이 보이스피싱 피해금과 관련된 ‘통장 협박’ 피해자들로부터 의뢰를 받아 범행을 수행한 것으로 보고 있다. 피해자들은 계좌 지급정지 이후 돈을 요구받는 상황에서 보복을 의뢰한 것으로...,https://sateconomy.co.kr/news/view/1065622019443082,0,,0
"농협은행 인천본부, ‘보이스피싱 예방 캠페인’ 실시",이날 인천본부는 최근 증가하고 있는 소비자 피해 사례를 알리고 날로 교묘한 신종 전기통신 금융사기(보이스피싱)에 대한 올바른 대처법과 예방 정보를 시민들에게 알기 쉽게 전달했다. 특히 사기 피해 사례를 소개하며...,https://www.nongmin.com/article/20260406500540,4,,1
"박인환 우정사업본부장, 보이스피싱 추가 피해 막은 직원 격",우정사업본부가 우체국 직원이 보이스피싱 의심 사례를 인지하고 경찰 신고를 통해 피해를 막았다. 6일 우정사업본부에 따르면 3월 24일 오전 9시경 춘천후평3동 우체국을 방문한 70대 남성 고객이 보험환급금 대출...,http://www.lawissue.co.kr/view.php?ud=202604062224442837f4ab64559d_12,1,,0
"[리포트] ""피싱에 금융사 책임 묻는다""…금융위, '무과실 배상' 우선 추...","보이스피싱 피해 발생 시 금융사가 피해의 일부 혹은 전부를 부담하는, '무과실 배상책임제' 도입을 우선적으로 추진합니다."" [싱크] 신진창 / 금융위원회 사무처장 ""소비자가 입는 보이스피싱 피해로 인한 손실에 대해...",http://www.paxetv.com/news/articleView.html?idxno=268664,13,,1
“소화기 안 사면 벌금?”…‘소방관 사칭 사기’ 극성,"[보이스피싱 피해자/음성변조 : ""당하기 쉽게 말을 하니까, 우리 나이 많은 사람들한테는 쉽게 당하게 되더라고요. 잘 모르니까….""] 소방관을 사칭한 전화 사칭 사기 시도는 경남에서만 96건, 실제 피해로 이어진 건...",https://news.kbs.co.kr/news/pc/view/view.do?ncd=8528486&ref=A,0,,0
"강원경찰, 보이스피싱 피해금 추가 환수","강원경찰청은 최근, 국내 보이스피싱 피해자 6명이 중국의 사기 조직원으로부터 피해금 1억 6,000만 원을 돌려받았다고 밝혔습니다. 이 조직원들은 2023년부터 8달 동안 물품 구매 후기를 쓰면 돈을 준다고 속여...",https://news.kbs.co.kr/news/pc/view/view.do?ncd=8528444&ref=A,0,,0
"영주경찰서, '영주소백산마라톤대회에서 보이스피싱 예방 캠페인' 실시","영주경찰서는 최근 영주시민운동장에서 개최되는 '2026 영주소백산마라톤대회'에 참가해 보이스피싱 예방... 최진육 영주경찰서장은 ""앞으로 시민과 함께하는 시민밀착형 홍보활동에 힘써 소중한 시민의 재산피해를...",https://www.ksmnews.co.kr/news/view.php?idx=598877,0,,0
"'보복대행' 조직, 배달의민족 외 기관서도 개인정보 탈취 정황(종합)","경찰은 이 조직이 보이스피싱 피해금을 송금한 뒤 신고해 계좌가 지급정지되면 돈을 요구하는 일명 '통장 협박'을 받은 이들에게 의뢰받은 것으로 보고 있다. 박정보 서울경찰청장은 이날 정례 간담회에서 ""운영자와 공범...",https://www.yna.co.kr/view/AKR20260406076751004?input=1195m,0,,0
"대구대-대구동부경찰서, 보이스피싱 예방 콘텐츠 제작 업무협약 체결",양 기관은 지속적으로 피해가 발생하는 보이스피싱 범죄를 중심으로 맞춤형 홍보에 주력할 계획이다.대구대 웹툰영상애니메이션학부는 대구동부경찰서의 요청에 따라 학생들의 전공 수업을 활용하여 실질적인 기획 및...,https://www.ksmnews.co.kr/news/view.php?idx=598996,0,,0
가상자산거래소도 보이스피싱 무과실 배상 추진…연 2800억원 부담되나,"신진창 금융위원회 사무처장은 “보이스피싱 피해 규모는 연간 1조2000억원, 피해자만 2만3000명에 달한다”며 “소비자 보호를 위해 금융회사와 디지털자산사업자 책임을 강화하는 제도를 적극 추진하겠다”고 밝혔다....",https://www.tokenpost.kr/news/policy/346748,16,,1
"'도민 체감안전·범죄 강력 대응·약자 보호'…김호승 충남경찰청장, 치...","◇ 지능·강력범죄 집중 대응…선거사범 엄정 관리 보이스피싱 등 지능형 범죄와 마약 범죄, 강력범죄에... ◇ 사회적 약자 보호…피해자 중심 대응 강화 김 청장은 여성·아동·어르신 등 사회적 약자 보호를 치안의 최우선...",https://www.bzeronews.com/news/articleView.html?idxno=815614,0,,0
“年 2800억 청구”…코인거래소에도 ‘보이스피싱 무과실 배상’ 추진,디지털자산(가상자산)거래소 과실이 없더라도 보이스피싱 피해자에게 피해액을 배상하도록 하는 ‘무과실 배상책임제’가 추진된다. 가상자산거래소에도 금융회사와 똑같은 수준으로 규제를 적용하기로 정부 차원에서...,http://www.edaily.co.kr/news/newspath.asp?newsid=05382486645413496,4,,1
김호승 충남경찰청장 취임…“사회적 약자 보호·예방 중심 치안 강화”,2차 피해 방지까지 책임지는 경찰이 돼야 한다”고 강조했다. 6일  제39대 충남경찰청장으로 취임한 김호승 치안감. 주요 범죄 대응과 관련해서는 보이스피싱과 마약범죄 등 지능·강력범죄에 대한 강력 대응을 예고했다....,https://www.segye.com/newsView/20260406517970?OutUrl=naver,0,,0
영주경찰서 영주소백산마라톤대회에서 보이스피싱 예방 캠페인,"영주경찰서가 지난 5일, 영주시민운동장에서 개최된 '2026 영주소백산마라톤대회'에 참가 보이스피싱 예방... 최진육 영주경찰서장은 ""앞으로 시민과 함께하는 시민밀착형 홍보활동에 힘써 소중한 시민의 재산피해를...",https://www.dkilbo.com/news/articleView.html?idxno=540065,0,,0
"NH농협은행 서울강서사업부, '보이스피싱 보상보험' 무료 지원 사업 캠...",이번 홍보는 만 60세 이상을 대상으로 보이스피싱 및 메신저피싱 피해에 대비할 수 있는 보상보험을 알리고 예방 인식을 높이기 위해 마련됐다. NH올원뱅크 앱과 NH농협은행 영업점을 통해 가입신청이 가능하다....,https://www.thepublic.kr/news/articleView.html?idxno=300111,3,,1
"""1g이라도 미안하다면 사죄를""…여친 살해 20대 무기징역 구형","변호인 측은 ""피고인에게 어떤 이유로도 피해자에 대한 사죄가 우선이며 혐의를 부인하는 태도는 좋지... 했으나 보이스피싱으로 의심받아 결국 아무런 돈을 확보하지 못한 것으로 파악됐다. 같은 해 12월29일 오전 1시께...",https://www.news1.kr/local/gyeonggi/6127239,0,,0
"백동흠 신임 대전경찰청장 ""시민안전 수호하고 공정한 경찰 최선""","바탕으로 보이스피싱, 사기, 마약, 스토킹, 가정폭력 등 민생 침해와 사회적 약자를 대상으로 한 범죄에 대응하고, 피해자 안전조치를 강화하겠다""고 다짐했다. 그는 또 ""동료들의 목소리를 경청하고, 현장의 어려움을...",https://www.joongdo.co.kr/web/view.php?key=20260406010001755,0,,0
소상공인 울리는 가짜광고 근절해야,금전적 피해를 주고 정신적 심적 고통까지 주는 사회적 폐해가 아닐 수 없다. 보이스 피싱 범죄처럼 우선 소상공인들이 가짜 광고에 속아 넘어가지 않도록 각별한 주의가 필요하다. 하지만 계약 해지와 환불 조항에...,http://www.domin.co.kr/news/articleView.html?idxno=1551243,0,,0
"영주경찰서, 영주 소백산 마라톤대회에서 보이스피싱 예방 캠페인","영주경찰서는 지난 5일 '2026 영주 소백산 마라톤대회'에 참가해 보이스피싱 예방 캠페인을 실시했다. 이날... 최진육 영주경찰서 서장은 ""앞으로 시민과 함께하는 시민밀착형 홍보활동에 힘써 소중한 시민의 재산피해를...",https://www.hidomin.com/news/articleView.html?idxno=700134,0,,0
"김호승 신임 충남경찰청장 ""경찰 역할, 예방 중심으로 확대""","이어 ""보이스피싱 등 지능형 범죄와 마약범죄 등 강력범죄에 대해서는 수사 역량을 집중하고 관계기관과... 또 ""여성·아동·어르신 등 사회적 약자를 대상으로 한 범죄는 피해가 크고 회복이 어려울 뿐 아니라 사회적...",https://www.nocutnews.co.kr/news/6497530?utm_source=naver&utm_medium=article&utm_campaign=20260406055531,0,,0
민·관·학·연 금융범죄 예방역량 결집... ‘제3회 금융범죄예방세미나...,강욱 한국금융범죄예방협회 회장은 개회사를 통해 최근 금융사기의 급격한 증가와 범죄의 지능화 양상을 언급하며 기존의 단편적 대응 방식으로는 한계가 명확하다며 특히 보이스피싱 피해 규모가 다시 급증하고...,http://www.boannews.com/media/view.asp?idx=143031&kind=2,1,,0
"라바웨이브 ""몸캠피싱 계좌 44% 인터넷은행…취약점 드러나""",현행 전기통신금융사기법은 계좌 지급정지 조치를 보이스피싱에만 적용한다. 몸캠피싱 등 신종 디지털 범죄에는 동일한 대응 수단이 없다. 피해자가 신고해도 범죄자 계좌를 즉시 동결할 수 없어 피해 회복이 어렵다....,http://www.hansbiz.co.kr/news/articleView.html?idxno=830802,4,,1
[공기업 센터] 코레일·캠코,민주신문=정영훈 기자｜코레일유통은 최근 자사를 사칭한 보이스피싱 및 사기 시도가 늘어남에 따라 각별한... 현재까지 코레일유통에 접수된 피해 사례는 없으나 해당 사실을 인지한 즉시 전사에 주의를 당부하고...,http://www.iminju.net/news/articleView.html?idxno=162166,0,,0
"백동흠 신임 대전경찰청장 취임...""시민 위한 '든든한 울타리' 될 것""","그러면서 ""전문성을 바탕으로 보이스피싱, 사기, 마약 등 민생침해 범죄에 대해서는 예방 활동부터... 이밖에도 백 청장은 스토킹, 가정폭력 등 사회적 약자를 위협하는 범죄에는 단호히 대응하고 피해자 안전조치를...",https://www.newspim.com/news/view/20260406001192,0,,0
"농협은행 수성금융센터, ‘보이스피싱 보상보험’ 무료 가입 안내 행사",농협은행 영업점과 NH올원뱅크 어플을 통해 신청할 수 있는 이 보험은 보이스피싱과 메신저피싱으로 인한 직접 송금 피해액의 70%를 보장하며 보장한도는 최대 1000만원이다. 오희동 센터장은 “전기통신 금융사기를...,https://www.nongmin.com/article/20260406500030,4,,1
"백동흠 대전경찰청장 취임…""피싱·마약 등 민생침해 예방·수사 총력""","특히 ""전문성을 바탕으로 보이스피싱, 사기, 마약 등 민생침해 범죄는 예방 활동부터 수사까지 총력... 스토킹, 가정폭력 등 범죄 피해자 안전조치를 강화하겠다는 의지도 드러냈다. 한편, 백 청장은 2004년 경정 특채(사시...",https://www.news1.kr/local/daejeon-chungnam/6127138,0,,0
"박인환 우정사업본부장, 보이스피싱 예방 직원 격려","우정사업본부 관계자는 ""보이스피싱 피해를 당할 때는 당사자가 그 상황을 알아차리지 못하는 경우가 많으므로 아래와 같은 경우가 발생할 경우 일단 전화를 끊고 확인하고, 경찰 및 금융권이 제공하는 각종 예방...",https://www.koit.co.kr/news/articleView.html?idxno=206610,1,,0
"코레일유통, 임직원 사칭 사기 주의보","사칭한 보이스피싱과 공문서 위조 사기 시도에 대해 주의를 당부했다. 납품이나 공사를 빌미로 금전을... 현재까지 코레일유통에 접수된 직접적인 피해는 없으나, 공사는 해당 사실을 인지한 즉시 전사에 주의를 공지하고...",http://www.whitepaper.co.kr/news/articleView.html?idxno=260628,0,,0
"하남경찰서, 대규모 지역축제 속 피싱예방 홍보 활동 나서","박성갑 하남경찰서장은 ""보이스피싱은 계속하여 피해사례가 속출되고 있기에 지속적인 예방활동이 중요하다""며 ""봄을 맞아 지역축제 행사의 연이은 개최가 예상되는 만큼 하남경찰은 이에 발맞춰 많은 시민들이 인지할...",https://www.kmaeil.com/news/articleView.html?idxno=635900,0,,0
"김성희 부산경찰청장 취임…“헌법·인권 기반, 정도 지키는 스마트 경...","보이스피싱 등 금융범죄, 마약·도박 등 중독범죄, 사기와 가짜뉴스, 중대재해, 음주 교통사고, 지방선거 사범 등을 주요 대응 분야로 꼽았다. 김 청장은 “단순 단속을 넘어 원인을 치유하는 접근이 필요하다”며 “피해자...",https://www.munhwa.com/article/11580204?ref=naver,1,,0
"백동흠 신임 대전경찰청장 ""과학기술 활용해 시민 안전 수호""","이어 ""보이스피싱, 사기, 마약, 스토킹, 가정폭력 등 민생 침해와 사회적 약자를 대상으로 한 범죄는 예방 활동부터 수사까지 총력 대응하고, 피해자 안전조치를 강화하겠다""고 약속했다. 1968년생인 백 청장은 대구...",https://www.yna.co.kr/view/AKR20260406112700063?input=1195m,0,,0
"백동흠 제23대 대전경찰청장 취임…""시민 안전·공정 경찰"" 강조","이어 ""보이스피싱과 사기, 마약 등 민생침해 범죄에 대해 예방부터 수사까지 총력 대응하고, 대전의 과학기술... 또 스토킹과 가정폭력 등 사회적 약자를 대상으로 한 범죄에 대해 단호히 대응하고, 피해자 보호 조치를...",http://www.chungnamilbo.co.kr/news/articleView.html?idxno=881910,0,,0
"NH농협은행 서울강서사업부, '2026 강서봄빛페스타'서 보이스피싱 보상...",이번 홍보는 만 60세 이상을 대상으로 보이스피싱 및 메신저피싱 피해에 대비할 수 있는 보상보험을 알리고 예방 인식을 높이기 위해 마련됐다. 보이스피싱 및 메신저피싱 직접 송금 피해액의 최대 70%를 보상하며...,http://www.thefirstmedia.net/news/articleView.html?idxno=197289,3,,1
"코레일유통, 사칭 보이스피싱 증가에 주의 당부",코레일유통이 자사를 사칭한 보이스피싱 시도가 늘어나자 협력업체 등을 대상으로 주의 강화를 요청했다.... 현재까지 회사에 직접적인 피해는 발생하지 않았으나 관련 정황을 확인한 즉시 내부 공지와 함께 계약업체 및...,https://www.insightkorea.co.kr/news/articleView.html?idxno=244167,0,,0
"""박사방과 유사한 범죄 구조""…보복대행 수사 범위, '의뢰자'까지 확대","통장 협박이란 보이스피싱 피해금을 특정 계좌로 송금해 해당 계좌를 지급정지시킨 뒤, 해제를 빌미로 금전을 요구하는 수법이다. 이에 원한을 품은 피해자들이 텔레그램을 통해 B씨 조직에 보복을 의뢰했을 가능성이...",https://www.sisajournal.com/news/articleView.html?idxno=368366,0,,0
"스팸문자·보이스피싱 전화번호, 24시간 내 완전 차단…정부 시스템 개...","보이스피싱 피해액도 1조2000억원을 넘어섰다. 보안 업계 관계자는 “UNMS 고도화로 불법 스팸문자, 보이스피싱 등 범죄에 활용되는 전화번호를 신속하게 파악하고 이용중지 명령을 내릴 수 있다는데 의미가 있다”고...",https://www.etnews.com/20260406000344,0,,0
"대구대·대구동부경찰서, 보이스피싱 예방 콘텐츠 제작 협약",두 기관은 지속적으로 피해가 발생하는 보이스피싱 범죄를 중심으로 맞춤형 홍보에 주력할 계획이다. 대구대 웹툰영상애니메이션학부는 대구동부경찰서의 요청에 따라 학생들의 전공 수업을 활용하여 실질적인 기획 및...,https://dhnews.co.kr/news/view/1065597709512722,0,,0
"""주가조작, 투자자 피해액 기준 처벌 강화해야""","실제 피해 규모는 범죄수익보다 더 크다고 진단했다. 그는 ""주가조작 세력이 얻은 이익보다 일반 투자자... 어려웠던 보이스피싱 탐지도 사전에 예측해 차단하는 방향으로 고도화하고 있다""고 소개했다. 민재호 카카오뱅크...",https://www.straightnews.co.kr/news/articleView.html?idxno=299489,1,,0
숏폼으로 보이스피싱 예방… 대구대 웹툰영상애니메이션학부-대구동부...,두기관은 지속적으로 피해가 발생하는 보이스피싱 범죄를 중심으로 맞춤형 홍보에 주력할 계획이다. 대구대 웹툰영상애니메이션학부는 대구동부경찰서의 요청에 따라 학생들의 전공 수업을 활용해 실질적인 기획 및...,https://www.imaeil.com/page/view/2026040616102892312,0,,0
[기고] 진화론은 왜 허구인가 - 모든 생물의 종(種)은 고정돼 있다!(37),지금도 보이스 피싱이나 인공지능(AI)으로 만든 가짜 영상으로 우리 사회가 큰 혼란과 피해를 겪고 있다. 모든 생물이 환경에 영향을 받아 변한 부분이 있는 것은 사실이다. 사람의 피부만 해도 흑인 백인 황인으로 구분이...,https://www.kmib.co.kr/article/view.asp?arcid=0029639103&code=61221311&cp=nv,0,,0
"보이스피싱 배상 앞두고 카뱅·케뱅·토뱅 연대, 6월 실전 투입","금융사가 보이스피싱 범죄 책임을 나눠 갖는 '무과실 배상책임'이 가시화하면서, 인터넷전문은행들이 국내... 현재 국회에서는 금융사의 과실이 없더라도 피해를 일부 배상하는 법안에 대해 쟁점 정리가 진행 중이며...",https://www.newsfreezone.co.kr/news/articleView.html?idxno=683693,4,,1
조성목 서민금융연구원장 “소비자보호 첨병될 것”,조 원장은 2001년 금감원 사금융 피해 대책반장을 맡아 사금융 피해 상담센터 설치를 주도했다. 2017년에는... 중점 추진 과제로는 보이스피싱과 금융사기 예방을 꼽았다. 조 원장은 “교묘해지는 보이스피싱과...,https://www.sedaily.com/article/20028860?ref=naver,7,,1
"""보이스피싱 피해, 은행이 배상""…보상 한도·면책 규정 둔다","금융당국이 보이스피싱 피해 발생 시 금융회사가 이를 일부 혹은 전액 배상하는 무과실 책임 제도 입법화를 추진한다. 보상 한도와 면책 규정, 허위 신고 방지 장치 등을 마련해 법안에 반영할 방침이다. 6일 서울 중구...",https://www.news1.kr/finance/general-finance/6126730,4,,1
"NH농협은행 서울강서사업부, 보이스피싱 보상보험 홍보",이번 홍보는 만 60세 이상을 대상으로 보이스피싱 및 메신저피싱 피해에 대비할 수 있는 보상보험을 알리고 예방 인식을 높이기 위해 마련됐다. NH올원뱅크 앱과 NH농협은행 영업점을 통해 가입신청이 가능하다....,https://www.discoverynews.kr/news/articleView.html?idxno=1088413,3,,1
"NH농협은행 강서사업부, '강서봄빛페스타'서 보이스피싱 보상보험 홍보",이번 캠페인은 만 60세 이상 고령층을 대상으로 보이스피싱과 메신저피싱 피해 예방 인식을 높이고 보상보험 가입을 안내하기 위해 마련됐다. 해당 보상보험은 NH올원뱅크 앱과 NH농협은행 영업점을 통해 가입 신청이...,http://www.seoulwire.com/news/articleView.html?idxno=715361,3,,1
"NH농협은행 서울강서사업부, 봄 축제 현장서 보이스피싱 보상보험 홍보",이번 캠페인은 만 60세 이상 고객을 대상으로 보이스피싱 및 메신저피싱 피해에 대비할 수 있는 보상보험을 알리고 예방 인식을 높이기 위해 마련됐다. 해당 보험은 NH올원뱅크 앱과 NH농협은행 영업점을 통해 가입...,https://www.nextdaily.co.kr/news/articleView.html?idxno=248222,3,,1
"라바웨이브, ""전기통신금융사기법 개정 서둘러야""…몸캠피싱 계좌 통계...",라바웨이브가 2025년 한 해 동안 몸캠피싱 범죄에 사용된 계좌 통계를 공개하며 보이스피싱에 국한된 계좌정지 관련 전기통신금융사기 피해 방지 및 피해금 환급에 관한 특별법(전기통신금융사기법)의 조속한 개정을 6일...,http://www.epnc.co.kr/news/articleView.html?idxno=400012,1,,0
"한국장학진흥원, 탐정(탐정사) 자격증 교육 무료수강 이벤트 열어","최근 해외 실종자 수색, 보이스피싱, 로맨스 스캠 피해 관련 의뢰가 늘면서 수요가 꾸준히 증가하는 추세다. 한국장학진흥원의 탐정 자격증 교육 커리큘럼은 △탐정 제도 △탐정업 일반론 △민간 조사 제도론 △유형별...",https://dhnews.co.kr/news/view/1065590587011749,0,,0
"경찰 ""보복 대행 의뢰자도 수사… 배민 개인정보 수천만 원에 거래""",'통장 협박'은 온라인 등에 공개된 통장으로 보이스피싱 피해금을 송금한 뒤 '은행에 신고해 계좌를 지급 정지시키겠다'고 계좌 주인을 협박하면서 합의금을 요구하는 수법이다. 앞서 이 사건을 수사해 온 서울...,https://www.hankookilbo.com/news/article/A2026040612350001206?did=NA,3,,1
"박인환 우정사업본부장, 보이스피싱 예방 직원 격려…유형별 사례 전파","우정사업본부 관계자는 “보이스피싱 피해를 당할 때는 당사자가 그 상황을 알아차리지 못하는 경우가 많으므로 아래와 같은 경우가 발생할 경우 일단 전화를 끊고 확인하고, 경찰 및 금융권이 제공하는 각종 예방...",https://www.dailian.co.kr/news/view/1630061/?sc=Naver,1,,0
‘리뷰 알바’ 미끼 피싱 피해금 1억6000만 원···한·중 공조로 환수...,“피싱 피해금을 되찾는 ‘초국가적 환수’에 힘을 쏟고 있다”고 말했다. 강원경찰청은 전화금융사기(보이스피싱) 범죄 사건에 대한 신속한 추적과 피해 회복을 위해 올해 형사기동대에 ‘국제공조반’을 신설했다.,https://www.khan.co.kr/article/202604061403001,1,,0
"안양동안서, 보이스피싱 막은 ‘기지’ 은행원에 감사장·포상금 수여",안양동안경찰서(서장 김신조)는 보이스피싱 피해 예방 및 범인 검거에 결정적인 기여를 한 IBK기업은행 평촌아크로타워지점 직원 A씨에게 감사장과 포상금을 수여했다고 6일 밝혔다. 경찰에 따르면 지난달 31일 기업은행...,https://www.kyeonggi.com/article/20260406580332,3,,1
"박인환 우정사업본부장, 보이스피싱 사기피해 예방 직원 격려","우정사업본부 관계자는 ""보이스피싱 피해를 당할 때는 당사자가 그 상황을 알아차리지 못하는 경우가 많다""며 ""경찰 및 금융권이 제공하는 각종 예방 서비스를 이용하고 경찰에 신고해 달라""고 당부했다.",https://www.digitaltoday.co.kr/news/articleView.html?idxno=653774,1,,0
"'AI와 돌아온' 서민금융 지킴이, 조성목 서민금융연구원장 복귀","'그놈 목소리 파일'을 널리 공개해 세간의 관심을 환기시키면서 보이스피싱과의 전쟁에 나섰던 그는 저축은행 사태에 앞서 문제있는 저축은행들을 정리, 서민층 피해를 축소했던 바도 있다. 6일 금융권에 따르면 그런 그가...",https://www.financialpost.co.kr/news/articleView.html?idxno=254425,8,,1
"경찰, ""보복대행 조직, '박사방'과 유사""…의뢰자로 수사 확대",돈을 받고 남의 집에 오물을 뿌리고 래커칠을 한 이른바 '보복대행' 조직에 정보를 제공한 위장취업 상담사가 대가로 수천만원을 받은 것으로 확인됐다.경찰은 이들이 보이스피싱 피해금을 송금한 뒤 신고해 계좌가...,https://www.kbsm.net/news/view.php?idx=514816,0,,0
"""보복대행 조직, '박사방'과 유사""…경찰, 의뢰자로 수사 확대",경찰은 이들이 보이스피싱 피해금을 송금한 뒤 신고해 계좌가 지급정지되면 돈을 요구하는 일명 '통장 협박'을 받은 이들에게 의뢰받은 것으로 보고 전담팀을 꾸려 수사를 이어가고 있습니다. 박정보 서울경찰청장은 오늘...,https://news.sbs.co.kr/news/endPage.do?news_id=N1008506932&plink=ORI&cooper=NAVER,0,,0
"결국 '미필적 고의'가 성패를 가른다, 보이스피싱전달책 소송의 본질적...","보이스피싱전달책 사건은 단순한 형사 사건을 넘어, 피해자와의 합의 및 배상 명령 등 복잡한 민사적 책임까지 수반한다. 따라서 수사 구조의 메커니즘을 정확히 꿰뚫고 있는 전문가의 조력이 필수적이다. 경찰청...",http://www.hortitimes.com/news/articleView.html?idxno=33875,0,,0
[#시큐리티 포커스] 라온 '日 MAU 1000만'·나루-비아웹 '제로트러스트 ...,"우정사업본부의 보이스피싱 피해예방 사례 공유 등의 소식이 전해졌다. ◆라온시큐어, 터치엔 원패스 日 MAU 1000만명 돌파…확산세 가속 라온시큐어의 AI 기반 생체인증 플랫폼 터치엔 원패스가 일본에서...",https://www.newsworks.co.kr/news/articleView.html?idxno=836727,0,,0
"NH농협은행 인천본부, 유관기관 합동 '보이스피싱 예방 캠페인' 벌여","기호일보, KIHOILBO NH농협은행 인천본부 관계자 등이 4∼5일 인천대공원에서 열린 '시민 안전문화 체험축제'에 참여, 안전한 금융환경 조성을 위한 보이스피싱 피해예방 캠페인을 벌이고 기념촬영을 하고 있다. NH농협은행...",https://www.kihoilbo.co.kr/news/articleView.html?idxno=3018653,4,,1
"""통화하면서 대출, 수상해""...우체국 직원이 보이스피싱 피해 막아",우정사업본부는 박인환 본부장이 지난 3일 춘천후평3동 우체국을 방문해 보이스피싱 추가 피해를 예방한 직원을 격려했다고 6일 밝혔다. 지난달 24일 70대 남성은 우체국에 방문해 투자금 회수를 위한 세금 납부를...,https://news.mtn.co.kr/news-detail/2026040613113417571,1,,0
"라바웨이브, 몸캠피싱 계좌정지로 피해 최소화 시급","보이스피싱, 몸캠피싱 등 디지털 범죄 대응 전문기업 라바웨이브(대표 김준엽)는 2025년 한 해 동안 몸캠피싱 범죄에 사용된 계좌 통계를 공개하며, 보이스피싱에 국한된 계좌정지 관련 전기통신금융사기 피해 방지 및...",https://kbench.com/?q=node/277614,1,,0
"박인환 우정사업본부장, 보이스피싱 막은 우체국 직원 격려","우정사업본부 관계자는 “보이스피싱 피해를 당할 때는 당사자가 그 상황을 알아차리지 못하는 경우가 많으므로 아래와 같은 경우가 발생할 경우 일단 전화를 끊고 확인하고, 경찰 및 금융권이 제공하는 각종 예방...",https://www.etnews.com/20260406000195,1,,0
"경찰 ""보복 대행 조직, '박사방'과 유사""…의뢰자로 수사 확대",경찰은 이들이 보이스피싱 피해금을 송금한 뒤 신고해 계좌가 지급정지되면 돈을 요구하는 일명 '통장 협박'을 받은 이들에게 의뢰받은 것으로 보고 전담팀을 꾸려 수사를 이어가고 있습니다. 박정보 서울경찰청장은 오늘...,https://news.sbs.co.kr/news/endPage.do?news_id=N1008506862&plink=ORI&cooper=NAVER,0,,0
"‘보복 대행’ 조직, 정보제공자에 수천만원 건네… “박사방과 수법 유...",통장 협박은 피해자의 통장에 소액의 범죄수익을 넣고 이를 금융당국에 신고한 뒤 해당 통장이 보이스피싱 관련 계좌로 묶여 입출금이 막힌다는 점을 이용해 “통장을 잠구겠다”는 협박을 하는 것이다. 이들 조직은 이런...,https://www.sedaily.com/article/20028743?ref=naver,1,,0
"""저금리 대환대출"" 속을 뻔한 1800만원, 은행원 기지로 지켰다","A씨는 보이스 피싱 범죄임을 직감했다. 신고받고 출동한 경찰은 현장에서 B씨를 추궁해 공범인 수거책 C(54)씨를 인근 범계역에서 현행범으로 체포했다. 조사 결과 이들은 60대 피해자에게 ""기존 대출금을 상환하면...",https://www.newsis.com/view/NISX20260406_0003579234,7,,1
"나주시, '떴다방' 근절…고령층 소비자교육 강화",전남 나주시가 어르신들을 노린 불법 방문판매와 보이스피싱 등 금융사기 피해를 막기 위해 현장 예방 활동에 박차를 가한다. 나주시는 지난 2일 나주시노인복지관 이용자 90여 명을 대상으로 '찾아가는 소비자 교육'을...,https://www.namdonews.com/news/articleView.html?idxno=906491,1,,0
"사기범 “일단”, 피해자 “네네”…보이스피싱 이렇게 당한다 [사기공...","그 결과 보이스피싱 피해가 예상되는 사례는 피해자들이 “그럼, 네네, 진행, 그래요” 등과 같은 수동적이고 순응적인 단어를 사용한 것으로 파악됐다. 반대로 보이스피싱 피해를 회피한 사례의 경우 “아니, 없어요...",https://biz.heraldcorp.com/article/10710735?ref=naver,0,,0
"AI로 만든 가짜 진단서, 보험사도 구별 못 한다 [사기공화국의 민낯]","AI 활용 보험사기에 대한 우려가 갈수록 커지는 가운데 이미 보험사기는 매해 1조원이 넘는 피해가 발생하고... 보이스피싱의 경우 범정부 차원의 합동 대응 체계가 가동되고 있지만, 연간 적발액만 1조원이 넘는...",https://biz.heraldcorp.com/article/10710720?ref=naver,3,,1
우체국 직원이 막은 보이스피싱...박인환 본부장 격려,"우정사업본부 관계자는 “보이스피싱 피해를 당할 땐 당사자가 그 상황을 알아차리지 못하는 경우가 많으므로 의심되는 상황이 발생할 경우 일단 전화를 끊고 확인하고, 경찰 및 금융권이 제공하는 각종 예방 서비스를...",https://zdnet.co.kr/view/?no=20260406104955,1,,0
다시 벼랑 끝 서민 곁으로…조성목 서민금융연구원장 복귀,"우선 갈수록 정교해지는 보이스피싱과 금융사기에 대응하는 예방 체계를 강화하겠다는 구상이다. 피해가 발생한 뒤 구제 절차에 들어가는 방식만으로는 한계가 분명한 만큼, 사전 차단과 소비자 보호 기능을 끌어올릴 수...",https://www.ntoday.co.kr/news/articleView.html?idxno=126364,1,,0
"코레일유통, 직원 사칭·공문서 위조 보이스피싱 주의 당부","코레일유통(대표 박정현)은 최근 자사를 사칭한 보이스피싱 및 사기 시도가 늘어남에 따라 각별한 주의를... 현재까지 코레일유통에 접수된 피해 사례는 없으나, 해당 사실을 인지한 즉시 전사에 주의를 당부하고 유관기관...",http://www.globalepic.co.kr/view.php?ud=20260406103437479548439a4874_29,0,,0
우체국 직원이 막아낸 보이스피싱 사기피해,"우정사업본부 관계자는 ""보이스피싱 피해를 당할 때는 당사자가 그 상황을 알아차리지 못하는 경우가 많다""라고 지적했습니다. 수사나 공공기관, 금융회사 등은 재산의 탈취위험 등을 이유로 현금화 또는 계좌 이체 등을...",https://news.bbsi.co.kr/news/articleView.html?idxno=4076435,1,,0
"""그 대출, 사기입니다""…우체국 창구서 지켜낸 70대 어르신의 '재산'",박인환 우정사업본부장이 지난 3일 춘천후평3동 우체국을 방문해 최근 보이스피싱 추가 피해를 예방한 직원을 격려했다. (사진=우정사업본부) 춘천의 한 우체국 직원이 기지를 발휘해 70대 노인을 노린 800여만 원 규모의...,http://www.edaily.co.kr/news/newspath.asp?newsid=02751926645413496,1,,0
"우정사업본부장, 보이스피싱 예방 직원 격려…춘천 우체국 방문",박인환 우정사업본부장은 지난 3일 강원 춘천후평3동 우체국을 방문해 보이스피싱 추가 피해를 예방한 직원을 격려했다. 이번 사례는 지난 3월 24일 오전 9시께 발생했다. 70대 남성 고객이 투자금 회수를 위한 세금 납부를...,http://www.inews24.com/view/1957229,0,,0
"‘금감원 포청천’의 귀환…조성목, 서민금융 ‘사전 예방’ 패러다임...",△보이스피싱·금융사기로부터 자산을 지키는 ‘금융 파수꾼’ △일시적 위기가 생계 붕괴로 이어지지... 취약계층의 피해를 가장 가까이에서 목격해온 인물이다. 특히 2000년대 초 사채 피해 신고센터 근무 당시부터 불법...,https://www.mydaily.co.kr/page/view/2026040609594535025,9,,1
"NH농협은행 대구본부, '보이스피싱 보상보험' 무료 지원 실시","보장내용은 보이스피싱과 메신저피싱 직접 송금 피해액의 70%를 보장하며 보장 한도는 각 최대 1000만 원이다. 이인희 본부장은 ""전기통신금융사기 수법이 고도화되면서 피해자가 지속적으로 증가하고 있는 만큼 이번...",http://www.aflnews.co.kr/news/articleView.html?idxno=317564,4,,1
"NH농협은행 경북본부, N돌핀과 어르신 대상 금융사기 예방 활동 전개",봉사단은 실제 피해 사례를 바탕으로 보이스피싱 수법과 예방법을 쉽게 설명하고 교육 내용을 따라오기 어려운 어르신들에게 개별적으로 안내를 진행했다. 특히 스마트폰 사용이 익숙하지 않은 어르신들을 위해 모바일...,http://www.aflnews.co.kr/news/articleView.html?idxno=317850,4,,1
"NH농협은행 경북본부, 금융사기 취약계층 대상 '보이스피싱 보상보험' ...",만 60세 이상 전 국민 100만 명에게 무료 가입을 지원할 예정이며 NH농협은행 영업점과 NH올원뱅크 앱을 통해 가입신청이 가능하며 보장내용은 보이스피싱과 메신저피싱 직접 송금 피해액의 70%를 보장하며 보장 한도는 각...,http://www.aflnews.co.kr/news/articleView.html?idxno=317565,4,,1
"[지역청년 노리는 취업사기①] ""비수도권엔 좋은 일자리 없어""…고용 격...","'고수익'이라는 미끼에 속아 해외취업을 꿈꾸다 범죄에 연루되고 결국 피해자에서 가해자로 전락한... '채권 회수 업무', '법률사무소 전달책' 등을 내세워 보이스피싱에 가담시키거나 교육비 명목으로 금전을 편취하는...",https://www.ntoday.co.kr/news/articleView.html?idxno=126323,2,,1
"""계좌동결·지급정지로 범죄의 돈줄을 끊자""","이 책은 불법 온라인 도박, 보이스피싱, 디지털 성범죄, K-콘텐츠 침해 범죄가 번지는 현실에서 처벌... 저자는 돈이 움직이는 속도를 따라잡는 초기 조치가 범죄 억제와 피해 회복의 핵심이라고 본다. 국내 현실도 따로...",https://www.news1.kr/life-culture/book/6126082,0,,0
'보이스피싱 보상보험' 무료 지원 실시,NH농협은행 강원본부(본부장 이명호)는 보이스피싱 등 금융사기 피해로부터 고령층 고객을 보호하기 위해 만 60세 이상 고객을 대상으로 보상보험 무료 가입 지원에 나선다고 밝혔다. 이번 사업은 정부의 포용금융 정책...,https://www.chukkyung.co.kr/news/articleView.html?idxno=80479,4,,1
"두나무, 범죄공조 강화","보이스피싱과 투자 사기처럼 디지털자산이 범죄 수단으로 활용되는 사례가 잇따르면서, 기존 수사... 민간 거래소가 이런 정보를 신속히 공유하면 범죄 피해를 줄이는 데 도움이 될 수 있다는 얘기다. 서준배 경찰대학...",http://www.hansbiz.co.kr/news/articleView.html?idxno=830541,0,,0
"'든든한' 인니, ·'회복' 중인 미얀마…우리카드, 동남아 해외법인 이익...",우리카드 관계자는 “인도네시아 법인은 대출 심사기준 고도화와 우량 고객 중심 거래로 연체율이 안정됨에 따라 충당금이 감소해 수익성이 개선됐다”고 설명했다. 정치적 불안정 및 지진 등 악재가 겹쳤던 미얀마...,https://www.youthdaily.co.kr/news/article.html?no=216902,9,,1
"""순익 330% 급증""...OK저축은행, SBI 제치고 정상 등극 '최초'",이에 따라 연체율과 고정이하여신비율이 동반 하락했다. 선제적인 대손충당금 적립도 비용 부담 완화로 이어지며 실적 개선을 뒷받침했다. 다만 투자수익 의존도가 높아진 점은 부담이다. 유가증권 처분이익은 시장...,https://www.youthdaily.co.kr/news/article.html?no=216867,16,,1
[시중은행장 성적표] 경쟁력 입증한 이호성 행장…'생산적 금융' 속도전,지난해 말 기준 하나은행 연체율은 0.32%로 전년 대비 0.02%포인트 상승했다. 고정이하여신(NPL)비율도 0.29%에서 0.35%로 올라서며 관리 필요성이 더욱 커졌다. NPL 커버리지 비율은 136.36%로 전년 대비 29.03%포인트 하락했다....,https://dealsite.co.kr/articles/159662,12,,1
"이환주號 국민은행, 부동산업 대출 4% '증가'···생산적금융 전환 시험...","연체율도 기업대출 기준으로 0.32%로 낮아져 전년보다 0.01%p 낮아진 바 있다. 올해 첨단산업·친환경에너지 투자 확대 의지 올해는 정부의 생산적금융 요구가 본격화됨에 따라, 국민은행 역시 전담부서를 확대 재편하며...",http://www.fntimes.com/html/view.php?ud=2026040613400459625e6e69892f_18,9,,1
"은행 신용카드 대출 연체율, 4% 돌파…21년 만에 최고",국내 은행의 신용카드 대출 연체율이 4%대로 치솟으며 약 21년 만에 최고 수준을 나타냈다. '서민 급전... 7일 한국은행과 은행연합회에 따르면 지난 1월 국내 일반은행의 신용카드 대출 연체율은 4.1%로 지난해 말(3.2...,https://www.newsis.com/view/NISX20260406_0003579899,13,,1
"이호성號 하나은행, 작년 제조·ESG 업종 대출 증대···생산적 금융 '...","건설업의 경우 NPL비율이 1.10%에서 1.41%로 상승, 연체율도 0.26%에서 0.48%로 급등하며 가장 큰 리스크 요인으로 부상했다. 부동산업 역시 고정이하여신 비율이 0.32%에서 0.42%로 상승하며 잠재 부실 확대 가능성을...",http://www.fntimes.com/html/view.php?ud=202604062012245772b4a7c6999c_18,15,,1
[상용차 역주행 미스터리]② 생계형 트럭ㆍ봉고 판매 ‘반토막’…건설...,개인사업자의 대출 연체율은 2022년 말 0.36%에서 2024년 말 0.98%로 통계 작성 이래 사상 최고치를 기록했다. 코로나19 시기 급증한 소상공인 대출의 원금 상환이 본격화되면서 부실이 눈덩이처럼 불어난 결과다....,https://www.dnews.co.kr/uhtml/view.jsp?idxno=202604021547077910796,2,,1
[2026 금융리더십] BNK금융 빈대인 2기 체제…기업가치 제고·생산적금융...,연체율은 같은 기간 0.2%P 내린 1.14%로 하향 안정화 추세에 접어들었다. 지난해 연간 대손충당금 전입액은 전년대비 1136억 원이나 감소하면서 대손비용률(CCR)도 1년 새 0.13%P 개선된 0.64%로 집계됐다. BNK금융은 CCR이 0....,https://www.g-enews.com/view.php?ud=20260406143714510bbed569d68_1,9,,1
[오정근의 경제포커스] 저성장 고물가 속 혼돈의 거시경제정책,1월 연체율도 한 달 새 0.02%P 증가하고 있다. 국내외 중앙은행의 기준 금리가 인상될 수도 있다는 관측이 대출 금리의 지표가 되는 시장 금리에 반영된 영향으로 풀이된다. 중동 사태 여파로 유가가 급등하고 주요국의...,https://m.skyedaily.com/news_view.html?ID=301667,9,,1
"신평사 ""신한은행, 수익성·자본·건전성 '삼중 부담'""",한신평은 한계차주 중심의 연체율 상승과 수입 의존도가 높은 기업의 부실이 가시화될 경우 고정이하여신비율 상승과 대손충당금 적립 확대 등으로 이어질 수 있다고 지적했다. 생산적 금융 전환에 따른 리스크도...,https://news.tf.co.kr/read/economy/2309965.htm,21,,1
"저축은행, 연체율 5%대로 ‘뚝’ 건전성 회복…DB저축 2.39% 최저",상위 20개 저축은행의 연체율은 5%대로 낮아지고 고정이하여신비율도 개선세를 보였다. 부실채권 정리와... 평균 연체율은 5.46%로 전년 말(7.83%) 대비 2.37%포인트(p) 하락했다. 지난해 상위 20개사 중 두 자릿수...,https://sateconomy.co.kr/news/view/1065585686052385,21,,1
부산 법인 파산신청 역대 최고,"- 중기 대출연체율 전국 평균 상회 - “지역, 장기적 저성장 돌입 신호” 부산지역 법인 파산 신청 건수가 지난해 역대 최고치를 기록한 것으로 확인됐다. 중소기업 대출 연체율도 전국 평균을 웃돈다. 지난 2월 하순...",http://www.kookje.co.kr/news2011/asp/newsbody.asp?code=0200&key=20260407.22011001708,2,,1
"[마켓인]한기평, 케이카캐피탈 신용등급 ‘BBB+’로 상향","2025년 말 기준 1개월 이상 연체율과 고정이하여신비율은 각각 2.3%, 2.2%로 전년과 유사한 수준을 유지했으며, 레버리지배율도 4.4배로 관리 가능한 수준이라는 평가다. 최대주주 변경에 따른 영향은 제한적인 것으로...",http://www.edaily.co.kr/news/newspath.asp?newsid=05051206645413496,7,,1
"인뱅, 개인사업자 대출 가속…'사장님 대출' 쟁탈전","인터넷은행의 개인사업자 대출 연체율은 시중은행보다 높은 수준으로 나타났습니다. 토스뱅크 2.34%, 카카오뱅크 1.5%, 케이뱅크 0.6%로, 5대 시중은행이 0.4% 수준인 것과 대비됩니다. 가계대출 규제에 인뱅이 개인 사업자...",https://www.sentv.co.kr/article/view/sentv202604060142,8,,1
"[이슈플러스] 중동 리스크 장기화…금융지주, 고환율 방어전","국내은행 연체율, 지난해 말 0.5%로 2021년 0.21% 이후 계속 오르고 있습니다. [앵커] 네, 여기까지 듣겠습니다. 지금까지 금융증권부 이연아 기자였습니다.  yalee@sedaily.com [영상편집: 유연서]",https://www.sentv.co.kr/article/view/sentv202604060122,11,,1
[카드 新경영코드 ⑤] 하나카드 성영수號 ‘속 빈 성장’…트래블·법카...,"연체율 역시 1.74%(1년 전 1.87%)로 개선됐지만 업계 평균(1.2~1.5% 형성) 대비 높은 수준을 유지하고 있어, 자산 건전성 리스크는 여전히 상존한다. 수익성과 건전성이 동시에 제약을 받는 ‘이중 압박’ 구간에 진입한 것으로...",https://www.mydaily.co.kr/page/view/2026040616531322663,2,,1
"""손쉬운 영업 말라"" 강조했는데…시중銀 담보 관행 더 심해졌다",은행 담보대출 비중 상승…생산적 금융 기조와 역행 연체율 상승·자본비율 부담에 담보대출 선호 강화... 일부 은행의 경우 중소기업대출의 85~90%가량이 담보대출로 채워져 있는 것으로 나타났다.은행권은 연체율...,https://www.asiatoday.co.kr/view.php?key=20260406010001710,9,,1
"지난해 상위 20곳 저축은행 연체율 5%대로 하락 [금융, 데이터로 읽기]",지난해말 79개 전체 저축은행의 평균 연체율은 6.04%로 2024년(8.52%)보다 2.48%포인트 하락했다. 2021년(2.51%)이후 상승하던 연체율이 5년 만에 내려갔다. 자산 기준 상위 20개 저축은행으로 한정하면 연체율은...,https://www.hankyung.com/article/202604061436i,12,,1
좋아졌지만 갈 길 먼 저축은행,지난해말 79개 전체 저축은행의 평균 연체율은 6.04%로 2024년(8.52%)보다 2.48%포인트 하락했다. 2021년(2.51%)이후 상승하던 연체율이 5년 만에 내려갔다. 자산 기준 상위 20개 저축은행으로 한정하면 연체율은 지난해...,https://www.hankyung.com/article/2026040623741,11,,1
"[NPL 톺아보기] 우리은행, '방어 중심' 건전성 관리 주목…연체 발생 사...","연체율은 0.30%에서 0.34%로 0.04%p 상승했다. 우리은행이 지난해 상·매각 규모를 1년 전보다 30%가량 늘렸다.... 영업점 사후관리 실무자를 위한 '연체 사후관리 실무 매뉴얼'을 제작·배포하고, 매분기 연체율 우수 관리...",https://www.kfenews.co.kr/news/articleView.html?idxno=656511,13,,1
"안정세 접어든 PF 시장, '중동발 공사비 쇼크'가 변수",특히 PF 대출 연체율은 2025년 3월 말 4.49%에서 지속적으로 하락해 12월 말 기준 3.88%까지 낮아지며 금융권의 부실 정리 노력이 성과를 거두고 있음을 보여줬다. 이러한 지표 개선은 부실 사업장에 대한 과감한 채찍질이...,http://www.dailypop.kr/news/articleView.html?idxno=97808,12,,1
"[중동발 3고 쇼크③] 끝나지 않는 고환율에 고물가·고금리 태풍 오나, ...",이미 연 최고 7%대에 오른 대출금리 수준과 연체율 등 건전성 리스크 등도 고려해야 한다. 결국 물가와 성장 사이 상충관계가 더욱 커지면서 통화정책 운영의 어려움은 가중될 것으로 예상된다. 이창용 총재 임기는 20일...,https://www.businesspost.co.kr/BP?command=article_view&num=435047,11,,1
빚내서 하는 주식 투자,"이는 필연적으로 연체율 상승으로 이어진다. 한국은행 통계의 의하면 올해 1월 말 기준 대출금 연체율은 4.1%. 이는 20년 8개월 만에 최고치다. 빚으로 빚을 막거나, 빚을 얻어 단타 매매에 몰입하는 사람들이 늘어나 대출금...",https://www.kbmaeil.com/article/20260406500153,14,,1
PF 연체율 3%대 안착…'토담대 불씨' 중소금융권 '살얼음판',"부동산 프로젝트파이낸싱(PF) 연체율이 3%대로 떨어지며 시장 긴장감이 완화되는 분위기다. 주요 지표가... 6일 금융권에 따르면 PF 연체율이 낮아지며 지표는 개선된 모습이지만, 중소금융권을 중심으로 한 부담은 여전히...",http://www.ftoday.co.kr/news/articleView.html?idxno=357367,14,,1
부실채권도 '급매'...우리은행 부실채권 매각 속도,"연체율도 상승 흐름을 이어가고 있다. 2023년 0.26%에서 2024년 0.30%, 2025년 0.34%로 매년 오르며 자산건전성에 대한 경계 신호가 확대되는 모습이다. 부실채권은 3개월 이상 원리금이 연체된 대출로, 회수 가능성이 낮아...",https://www.newspim.com/news/view/20260406001054,18,,1
"저축은행 연체율 2%p↓, 순익 50배 급증… PF 부실 털고 건전성 회복",상위 저축은행들의 연체율이 큰 폭으로 하락하고 순이익도 급증하면서 건전성과 수익성이 동시에 개선된 것으로 나타났다. 6일 저축은행 업계에 따르면 총자산 기준 상위 20개 저축은행의 지난해 말 평균 연체율은...,https://www.g-enews.com/view.php?ud=202604061622311074e30fcb1ba8_1,20,,1
"4대 금융, 1분기 순익 5조 돌파 유력…또 '사상 최대' 기록하나?",특히 원달러 환율이 장중 1530원을 넘는 등 급등하면서 환평가손실 부담이 확대될 수 있다는 관측도 나온다. 여기에 기업대출 확대에 따른 연체율 상승과 대손충당금 증가 가능성도 리스크 요인으로 지목된다.,https://www.econovill.com/news/articleView.html?idxno=736213,14,,1
"보은옥천영동축협, 전국 상호금융 '그룹 1위'…우수상 수상","연체율 0.38% '초저위험' 관리…신용·경제·지도 전 부문 고른 성과 ［충북일보］ 전국 1천100여 개 농·축협... 축협은 지난해 연말 기준 연체율을 0.38% 수준으로 관리하며 금융 건전성을 유지했고, 이 같은 성과를 바탕으로...",https://www.inews365.com/news/article.html?no=913931,11,,1
석 달째 치솟는 부도율…中企 '흑자도산' 공포 현실로,"이 같은 흐름은 시중은행의 대출 연체율에서도 확인된다. 1월 말 전체 은행의 기업대출 연체율은 0.67%로 전월 말보다 0.08%포인트(p) 상승했다. 대기업대출 연체율은 0.13%로 0.01%p 오르는 데 그쳤지만, 중소기업대출...",https://www.etoday.co.kr/news/view/2573125,8,,1
PF 연체율 3%대로 하락…저축·상호 등 중소금융 30%대 리스크는 여전,"특히 PF 연체율이 3%대로 하락했고, 사업성 평가에서 C등급 이하 여신도 15조원 밑으로 떨어지면서 개선 흐름을 지속하고 있다. 다만 저축은행과 여신전문금융회사(이하 여전사), 상호금융 등의 PF 연체율은 약 30%로...",https://sports.hankooki.com/news/articleView.html?idxno=6930201,20,,1
제4인뱅 추진 다시 수면 위로…필요성 vs 실효성 논쟁,자본력과 안정적인 수신 기반이 충분히 확보되지 않은 상태에서 인가 조건을 일부 완화해 신규 사업자가 진입한다면 연체율 상승과 부실자산 확대 가능성이 커질 수 있기 때문이다. 이미 인뱅 3사가 금융 취약계층 지원...,https://www.ajunews.com/view/20260406153205035,2,,1
"KB캐피탈, 자산 리밸런싱 속도…오토금융 의존도 줄인 배경은","이 결과 2025년 말 기준 고정이하여신(NPL) 비율은 2.5%, 연체율은 1.8%로 관리되고 있다. 전년동기 대비 NPL 비율은 동일하고 연체율은 0.2%p 낮아진 수치다. KB캐피탈의 체질개선 노력은 재무적 성과로 나타나고 있다....",https://www.bloter.net/news/articleView.html?idxno=658736,12,,1
"제4인뱅 논의 재점화…""SME 위한 금융 필수"" vs ""안정성 담보돼야""","특히 인뱅 연체율이 0.6~0.9%로 시중은행 대비 높아 SME 대출이나 중·저신용 대출을 늘리기 어려운 구조도 문제로 꼽혔다. ""과잉경쟁 신중""…제4인뱅 도입하기 위해 선제조건 필요 전문가들은 제4인뱅 도입에는 공감하지만...",https://view.asiae.co.kr/article/2026040615150760542,9,,1
‘이너서클’ 무풍지대 저축은행…SBI·OK 등 CEO ‘장수체제’ 굳건,지난해 말 기준 연체율은 6.04%로 2015년 이후 최고치를 기록한 전년 말(8.52%) 대비 2.48%포인트(p) 하락했다. 저축은행 업계 관계자는 “불확실한 시장 상황에서 조직을 안정적으로 이끌어온 경영진의 경험이 높은 평가를...,https://www.ddaily.co.kr/page/view/2026040612365232584,11,,1
[보은소식]벚꽃길 축제 ‘지역상권 활력’ 페이백 이벤트 등,"보은옥천영동축협은 2025년 분기별 중간평가에서도 우수상을 기록했고 연도말 연체율은 0.38% 수준을 유지했다. 구희선 조합장은 ""2년 연속 농협인증 클린뱅크 '금' 등급 달성에 이어 상호금융대상에서도 수상함으로써...",https://www.newsis.com/view/NISX20260406_0003579553,9,,1
“잠이 안 와요”…빚투족 대출 ‘돌려막기’ 급증,8개 카드사 대환대출 잔액 13.5%↑ 대출금 연체율 4.1%…20년 만에 최대 지난해 감소세를 보이던 카드사... 차주의 상환 능력 악화는 연체율 지표로도 확인된다. 한국은행에 따르면 올해 1월 말 일반은행의 신용카드 대출금...,https://www.mk.co.kr/article/12009045,18,,1
경영위기 사전에 포착 '위기 알림톡' 발송한다,이번 조치는 코로나19 이후 폐업 증가와 연체율 상승 등으로 어려움이 커진 상황에서 소상공인이 스스로 위기 징후를 인지하지 못하거나 분산된 지원제도 접근에 어려움을 겪는 문제를 해소하기 위해 마련됐다. '위기...,http://www.kbiznews.co.kr/news/articleView.html?idxno=113856,2,,1
"신한카드, VIP 쟁탈전 판 키운다…프리미엄 조직 전면 강화","특히 고금리 장기화로 연체율이 상승하며 대손비용이 급증, 신용손실충당금 전입액도 9118억원으로 경쟁사 대비 부담이 컸다. 결국 연체율이 낮고 소비 여력이 높은 프리미엄 고객 확보가 곧 수익 구조 개선으로...",https://dealsite.co.kr/articles/159654,9,,1
PF 부실 털어낸 대형 저축은행…연체율 내리고 순익 50배 급증,평균 연체율(확정치 기준)은 5.46%로 집계됐다. 이는 전년 말(7.83%)과 비교해 2.37%포인트 하락한 수치다. 지난해 상위 20개사 중 두 자릿수 연체율을 기록한 곳은 한 곳도 없었다. 업체별로는 DB저축은행이 2.39%로 20개사...,http://www.seoulwire.com/news/articleView.html?idxno=715367,17,,1
"""소호은행 필요"" vs ""부실만 초래""…제4인뱅 설립 찬반 팽팽","특히 포용금융 확대로 은행 연체율이 상승하는 등 건전성 부담도 커졌다. 개인사업자도 부채 부담이 커지고 있다. 비은행 및 가계대출을 포함한 개인사업자대출 부채는 약 1000조원에 달하며, 은행 기준으로 놓고 봐도 약...",https://www.mediapen.com/news/view/1091500,13,,1
"[심층분석_은행업계] 2026년 은행업계, 역대급 실적 뒤에 가려진 건전성...","기록한 연체율은 업계에 무거운 긴장감을 불어넣고 있다. 최근 5년간 은행권은 고금리 기조 속에서 사상... 2026년 1월 말 기준 국내은행 원화대출 연체율이 0.56%로 최근 9년 내 최고 수준까지 상승한 것은, 그동안...",http://www.newsworker.co.kr/news/articleView.html?idxno=420645,13,,1
부동산 PF 연체율 3%대로 하락,금융당국이 부실 PF 사업장 정리에 속도를 내고 있으며 연체율도 3%대로 하락했다. 6일 금융당국에 따르면... 특히 건전성 핵심 지표인 PF 대출 연체율은 3.88%를 기록하며 전 분기 대비 0.36%p 하락했다. 적극적인 부실...,https://www.naeil.com/news/read/584105?ref=naver,14,,1
부동산 PF 연체율 하락…부실 여신 3분기 연속 감소,열고 연체율 동향과 사업성 평가 결과를 논의했다고 6일 밝혔다. 지난해 12월 말 기준 금융권 PF대출(116조원) 연체율은 3.88%로 전분기 대비 0.36%p 내렸다. 지난해 내내 하락세가 이어졌다. PF 익스포저는...,http://www.bizwnews.com/news/articleView.html?idxno=132543,12,,1
PF 익스포져 174.3조로 감소…금융당국 “부실 정리 계속”,"부동산 프로젝트파이낸싱(PF) 익스포져가 지난해 말 174조3000억원으로 줄고 연체율도 3.88%로 낮아진... PF 연체율 동향과 사업성 평가 결과, 제도 개선 이행 계획을 점검했다. 지난해 12월 말 기준 PF 익스포져는 전...",https://www.ddaily.co.kr/page/view/2026040612560230617,16,,1
"""제4인뱅, 신용평가 혁신 필요…사업자 특화 대출 확대해야""","3%로 높은 수준""이라며 ""인뱅 3사가 가계대출에 편중돼 있고 취약차주 연체율이 높은 것도 사실""이라고 말했다. 이날 제4인뱅 관련 국회 토론회는 민병덕·이정문 더불어민주당 의원, 신장식 조국혁신당 의원, 한창민...",https://news.einfomax.co.kr/news/articleView.html?idxno=4407911,2,,1
'생산적 금융' 드라이브에도 취약기업 돈줄 막혔다 … 저축은행 기업대...,중견기업 대출은 비교적 신용도가 안정적인 차주 비중이 높아 연체율 관리 측면에서 유리한 구조로 평가된다. 대출 규모가 크고 거래 기간이 길어 안정적인 이자 수익원을 확보할 수 있다는 점도 장점으로 꼽힌다....,https://biz.newdaily.co.kr/site/data/html/2026/04/06/2026040600173.html,13,,1
"4대 금융, 순익 역대 최고에도 수익원 불안",여기에 기업대출은 상대적으로 연체율이 높고 구조적 리스크가 커서 금융지주들은 충당금을 더 많이 쌓아야 하고 장기적으로는 대손비용 증가로 이어져 순익 성장세를 제약할 수 있다. 건전성 관리도 더욱 중요해질...,https://biz.heraldcorp.com/article/10710782?ref=naver,12,,1
대형 저축은행 건전성 '청신호'… 연체율 5%대로 개선,지난해 저축은행 상위 20개사의 평균 연체율이 전년 대비 2%p 하락한 것으로 나타났다. 6일 저축은행 업계에 따르면 총자산 기준 상위 20개 저축은행의 작년 말 평균 연체율(확정치 기준)은 5.46%로 집계됐다. 이는...,https://www.newscj.com/news/articleView.html?idxno=3391577,13,,1
PF 부실 벗어나는 2금융권… 고금리로 고객 유치 시동,특히 부동산 PF 부실 정리 속도가 빨라지면서 저축은행의 PF 대출 연체율은 지난해 말 2.95%에서 1.82%로 하락했다. 이에 따라 지난해 상위 20개 저축은행 합산 당기순이익은 2600억 원으로 전년(53억5000만 원) 대비 50배...,https://www.munhwa.com/article/11580083?ref=naver,21,,1
저축은행 연체율 5%대로 개선…순익 50배 급증,상위 저축은행들의 연체율이 큰 폭으로 낮아지고 순이익이 급증하면서 건전성과 수익성이 동시에 개선된 것으로 나타났습니다. 오늘(6일) 업계에 따르면 자산 기준 상위 20개 저축은행의 지난해 평균 연체율은 5.46...,http://mbnmoney.mbn.co.kr/news/view?news_no=MM1005807045,14,,1
부동산 PF 연체율 3%대로 하락…건전성 개선 흐름,"금융권 부동산 프로젝트파이낸싱(PF) 연체율이 3%대로 낮아지며 건전성이 개선되는 흐름을 보였다. 다만... 6일 금융권에 따르면, 금융위원회는 정부서울청사에서 PF 상황 점검회의를 열고 연체율 동향과 사업성 평가...",https://www.thepublic.kr/news/articleView.html?idxno=300007,28,,1
"'PF 부실 정리' 저축은행 상위사, 연체율 5%대로 개선...순익도 50배↑","부동산 프로젝트파이낸싱(PF) 부실 정리 효과가 반영되면서 연체율은 낮아지고 순이익은 큰 폭으로 증가했다. 6일 저축은행 업계에 따르면 자산 기준 상위 20개 저축은행의 지난해 말 평균 연체율은 5.46%로, 전년(7....",https://www.thepublic.kr/news/articleView.html?idxno=300015,23,,1
"[더벨][저축은행경영분석] 애큐온저축, 고위험 포트폴리오 조정에 손실...",지난해 말 기준 연체율이 4.52%로 전년 대비 0.84%포인트 개선됐다. NPL비율은 0.77%포인트 하락해 6.01%를 기록했다. 부동산PF 부문에서도 체질 개선이 이뤄졌다. 6%에 달했던 연체율이 0.74%로 대폭 낮아지며 부실 리스크를...,https://www.thebell.co.kr/free/content/ArticleView.asp?key=202604021647022840108269,26,,1
“PF 부실 뇌관 뺐다”… 18.5조 원 재구조화로 부동산 금융 연착륙,"금융권 PF 연체율 3%대 안착하며 하락세 지속… 부실 사업장 3분기 연속 감소 2027년 ‘자기자본 20%’ 시대... 특히 시장의 우려를 샀던 PF 대출 연체율은 3.88%를 기록, 전분기보다 0.36%p 하락하며 안정화 단계에 진입했다....",https://www.daily365.news/2026/04/06/pf-%eb%b6%80%ec%8b%a4-%eb%87%8c%ea%b4%80-%eb%ba%90%eb%8b%a4-18-5%ec%a1%b0-%ec%9b%90-%ec%9e%ac%ea%b5%ac%ec%a1%b0%ed%99%94%eb%a1%9c-%eb%b6%80%eb%8f%99%ec%82%b0-%ea%b8%88/,12,,1
"정부, 부실 부동산 PF 18.5조 정리…중동 변수에 안심 일러",금융위원회는 최근 부동산 PF 상황 점검회의를 열고 PF 연체율을 점검한 결과 이같이 나타났다고 6일 밝혔다. 구체적으로 지난해 말 기준 금융권 PF 대출 연체율은 전 분기 대비 0.36%p 하락한 3.88%로 집계됐다. 지난해...,http://www.newsfc.co.kr/news/articleView.html?idxno=77888,24,,1
주담대 7% 돌파에 '영끌족' 비명...서울 주택구입 부담 3년 만에 최대 늘...,"이자 부담을 견디지 못한 차주들이 늘어나며 올 1월 전국 주담대 연체율은 0.29%로 전월 대비 상승했다. 이승훈 KB금융연구소 센터장은 ""인플레이션 가능성에 대비해 주요 중앙은행들이 기준금리를 인상할 가능성도 있다...",https://www.delighti.co.kr/news/articleView.html?idxno=114750,12,,1
"상장 마친 케이뱅크, 몸집 키웠지만 이익은 뒷걸음질","연체율은 0.96%에서 0.60%로, 고정이하여신(NPL)비율은 0.86%에서 0.57%로 낮아졌다. 국제결제은행(BIS) 자본비율도 14.56% 수준을 유지했다. IPO를 통한 자본 확충 효과가 건전성 지표 개선으로 이어졌다는 평가다. 문제는...",https://dealsite.co.kr/articles/159648,17,,1
저축은행 회복 ‘신호탄’?…실적 50배 ‘급증’,"상위 20개 저축은행의 연체율이 5%대로 떨어지며 건전성을 회복했고, 실적은 전년 대비 50배 가까이... 6일 저축은행업계에 따르면, 자산 기준 상위 20개 저축은행의 지난해 말 평균 연체율은 5.46%를 기록했다. 이는...",https://www.dt.co.kr/article/12055855?ref=naver,14,,1
‘연체율 0%’ 작지만 강한 울릉농협... 정종학 조합장의 ‘클린 경영’...,"대한민국 최동단, 거친 파도를 품은 울릉도에서 ‘작지만 매서운’ 저력을 보여주는 농협이 있다. 정종학 조합장이 이끄는 울릉농협이다. 지난 조합장 선거에서조합원들의 절대적인 신임을 받아 무투표당선됐던 정...",https://www.kbmaeil.com/article/20260406500082,2,,1
카드론 '돌려막기' 확산..연체 경고등 속 금리·규제 압박 강해져,"한국은행에 따르면 일반은행의 신용카드 대출 연체율은 올해 1월 기준 4.1%로 약 21년 만에 최고 수준을... 결과""라며 ""이 같은 흐름이 지속될 경우 연체율 상승과 충당금 부담 확대가 동시에 나타날 가능성이 크다""고 말했다.",https://kpenews.com/View.aspx?No=4030640,20,,1
저축은행 상위 20개사 연체율 5%대로 하락…순이익 50배 급증,"저축은행 상위 20개사의 지난해 평균 연체율이 전년보다 2%포인트 이상 하락하며 5%대로 내려앉았다.... 6일 저축은행 업계에 따르면 총자산 기준 상위 20개 저축은행의 지난해 말 평균 연체율은 5.46%로, 전년 말(7.83...",https://www.fntoday.co.kr/news/articleView.html?idxno=381586,12,,1
상위 저축은행 작년 연체율 5%대로 개선…순익도 약 50배 올라,저축은행 상위 20개사의 지난해 평균 연체율이 전년보다 2%포인트(p) 이상 하락한 5%대로 집계됐습니다.... 오늘(6일) 저축은행 업계에 따르면 총자산 기준 상위 20개 저축은행의 작년 말 평균 연체율(이하 확정치...,https://news.sbs.co.kr/news/endPage.do?news_id=N1008506431&plink=ORI&cooper=NAVER,11,,1
"상위 20개 저축은행, 건전성·수익성 개선···연체율 5%대로 '뚝'","평균 연체율은 5%대로 낮아졌고, 당기순이익은 2600억원 수준으로 크게 늘었다. 6일 업계에 따르면 지난해 말 기준 상위 20개 저축은행의 평균 연체율은 5.46%로, 전년 말(7.83%) 대비 2.37%p 하락했다. 20개 저축은행...",https://www.seoulfn.com/news/articleView.html?idxno=625662,14,,1
대형 저축은행 건전성 청신호…순이익 80%는 OK·SBI가 싹쓸이,20개사 연체율 5.46%로 '뚝' 사업 다각화로 순이익 2600억 '50배 급증' 지난해 국내 대형 저축은행들이 부동산 프로젝트파이낸싱(PF) 부실 여파를 딛고 건전성 지표를 일제히 개선한 것으로 나타났다. 연체율과...,https://www.sisajournal.com/news/articleView.html?idxno=368261,25,,1
대환대출發 금융권 '머니무브'…우량 차주 선점 경쟁,"상대적으로 신용도가 높은 고객층이 은행권으로 빠져나가면서 남은 대출 포트폴리오의 질이 하락하고 이에 따른 연체율 상승 가능성도 커지고 있기 때문이다. 금융권 관계자는 ""은행들이 안정적인 수익 기반을 확보하기...",http://www.newscape.co.kr/news/articleView.html?idxno=121422,11,,1
[고영철號 신협 진단] ① 여신전문성 강화·인터넷은행 설립 공약 '의문...,지난해 상반기 기준 국내 상호금융권 최고 수준의 연체율인 8.36%를 기록했던 만큼 리더십을 비롯해 전반적... 취급으로 연체율을 폭증시킨 결과다. 수익성이 크게 악화되는 상황에서 시장의 관심은 새롭게 취임한...,https://www.topdaily.kr/articles/109539,16,,1
상위 20개 저축은행 '건전성 회복'…연체율 줄고 순이익 급증,"연체율은 큰 폭으로 낮아졌고, 순이익 역시 급증하며 전반적인 체질 개선 흐름이 확인됐다. 자산 기준 상위 20개 저축은행의 지난해 말 평균 연체율은 5.46%로, 전년(7.83%) 대비 2.37%포인트 하락했다. 연체율이 2%대로...",https://www.cstimes.com/news/articleView.html?idxno=700865,14,,1
"현대카드, 수익성 3년 연속 하락...'애플페이' 효과는 어디로 갔나",카드론 확대는 부실 위험에 대비한 대손충당금 부담으로 직결됐다. 실제로 현대카드의 신용손실충당금 전입액은 2023년 4530억원에서 지난해 6142억원으로 2년 새 35.6% 급증했다. 총 연체비율도 2023년 0.97%에서 지난해 1....,http://www.newslock.co.kr/news/articleView.html?idxno=128140,10,,1
"주식열풍 유탄?…보험 해약 급증, 저축성보험 등 20% 늘기도","은행의 대출규제로 1금융권 대출이 어려워졌다든가, 빚내서 투자(빚투)했다가 최근 주식시장의 변동성이 커지자 다시 카드론을 내는 악순환이 반복되고 있는 것으로 풀이된다. 대환대출이 늘고 있는 것은 연체 위험도...",https://www.raonnews.com/news/article.html?no=57260,12,,1
대출 규제 직면한 새마을금고…김인 '비전2030' 새판 짠다,"초과한 새마을금고에 대해 올해 가계대출 증가율 목표치를 '0'으로 설정했다. 이는 가계부채 관리 기조에 맞춘 선제적 대응으로, 건전성 중심 경영을 강화하는 조치로도 해석된다. 기존 대출이 상환되지 않는 한 신규...",https://dealsite.co.kr/articles/159578,10,,1
증권사 판 더 커진다…IMA가 여는 머니무브 [증권이 금융을 삼킨다 中-①...,"반면 은행은 여전히 예대마진 중심 수익 구조 비중이 큰 데다 가계대출 총량 관리, 예대금리차 공시, 상생금융 확대 요구 등 정부 규제 부담이 상대적으로 큰 편이다. 예·적금성 자금이 투자형 계좌로 이동하는...",https://www.etoday.co.kr/news/view/2573114,13,,1
"신한금융, 올 1분기도 성장세…'통큰' 주주환원 기대","백두산 한국투자증권 연구원 역시 ""시장금리 상승에 따른 대출금리 재산정으로 은행 분기 예대금리차가 확대됐다""며 ""가계대출 역성장에도 기업대출이 중소법인과 대기업 위주로 증가해 원화대출은 전분기 대비...",http://www.popcornnews.net/news/articleView.html?idxno=117614,11,,1
"대출 규제, 비거주 1주택·전세대출·고액 주담대까지 '정조준'","금융당국이 다주택자 대출 옥죄기에 이어 이번에는 비거주 1주택자, 총부채원리금상환비율(DSR), 위험가중치... 금융권 한 관계자는 ""당국이 가계부채 관리 기조를 전방위적으로 강화하는 흐름은 명확하다""며 ""특히 비거주...",https://www.newswhoplus.com/news/articleView.html?idxno=58245,9,,1
비거주 1주택자도 투기성이면 전세대출 제한 검토,"무주택자라도 고액 전세대출을 사용하면 이자 상환분에 DSR 규제를 적용해 대출 한도를 줄이는 안도... 한편, 정부의 가계부채 관리 강화 기조에 따라 대출 수수료가 주 수익원인 온라인투자연계금융업 위축 우려는...",https://biz.sbs.co.kr/article_hub/20000302389?division=NAVER,10,,1
'거지방' 이어 '거지맵' 열풍 … 이자 갚기도 벅찬 李 정부 3040의 슬픈 ...,"앞서 한국은행 역시 ""과도한 가계부채가 우리나라 경제의 성장률을 저해한다""고 경고한 바 있다. 실제로... 한은에 따르면 총부채원리금상환비율(DSR)이 40%를 넘고 자산보다 빚이 많은 고위험가구는 지난해 기준 약 46만...",https://biz.newdaily.co.kr/site/data/html/2026/04/06/2026040600190.html,20,,1
꺼진 줄 알았던 ‘제4인뱅’ 불씨 다시 살린다,오히려 가계부채 확대를 자극하는 '과열 신호'로 번질 수 있다는 우려도 나온다. 서울 여의도... 여기에 금융당국의 총부채원리금상환비율(DSR) 규제 강화와 자본규제 논의까지 겹치며 대출 확대 여력도 제한적이다....,https://www.dt.co.kr/article/12055959?ref=naver,9,,1
"[이슈] 금융당국, '2차 대출 규제' 검토 착수…전세대출·DSR 확대 유력",금융당국이 가계부채 관리를 위한 추가 대출 규제 마련에 나선다. 다주택자 대출 규제에 이어 전세대출과 총부채원리금상환비율(DSR) 적용 확대 등이 핵심 방안으로 검토되고 있다. 6일 금융권에 따르면 금융위원회는...,https://www.polinews.co.kr/news/articleView.html?idxno=727615,21,,1
"""무주택도 고액 전세면 DSR 적용""…금융당국, 가계부채 '성역' 없앤다","서울 아파트 가격이 끝없이 상승하면서 다주택자에 대한 대출규제 방안이 나온 데 이어 금융당국이 비거주 1주택과 총부채원리금상환비율(DSR), 위험가중치(RWA) 등 3개 축을 중심으로 추가 대출 규제 마련에 착수하는...",https://www.thepublic.kr/news/articleView.html?idxno=299993,9,,1
규제지역 다주택자 매물 연내 7500채…비거주 1주택자도 규제,"가계부채 억제를 넘어 대출을 활용한 부동산 투자 수요까지 차단하겠다는 금융 당국의 의지가 반영된... 특히 금융당국은 다주택자 대출 규제와 별개로 '투기성' 비거주 1주택자 대출과 DSR 사각지대 해소방안, 은행권...",http://www.newsfc.co.kr/news/articleView.html?idxno=77881,12,,1
"한은, 기준금리 동결 속 '매파냐 중립이냐'…전쟁·추경에 채권시장 초...","이번 주 열리는 한국은행 금융통화위원회(금통위)를 앞두고 국내 채권시장이 다시 한 번 긴장 국면에... 글로벌 투자은행 모건스탠리도 기준금리 동결을 예상하면서 ""인플레이션에 대한 우려는 강화될 수 있으나 성장에...",http://www.newsroad.co.kr/news/articleView.html?idxno=57420,20,,1
"[스타트 경제] 트럼프, 합의 불발 시 ""7일 밤 자정시까지 이란의 모든 교...",있고 기준금리가 우리나라가 미국보다 낮은 상태로 역전된 상태로 지난 4년을 지났거든요. 22년도에 미국... 한국은행이 발표한 3월 말 외환보유액을 보니까 많이 줄었더라고요. 어떻게 봐야 됩니까? [김태봉] 오르다 보니까...,https://www.ytn.co.kr/_ln/0102_202604070732319123,12,,1
[핀테크핫이슈] 고유가·고환율 위기 고조...인뱅 IT 내부통제 강화,"한국은행은 이달 금통위에서 기준금리 동결이 유력하지만, 고유가·고환율이 장기화될 경우 하반기 금리 인상 가능성도 배제할 수 없는 상황이다. 정부와 국회는 환율 방어를 위해 '환율 안정 3법'을 여야 합의로...",https://www.digitaltoday.co.kr/news/articleView.html?idxno=653868,15,,1
10일 금통위 유지 전망…채권시장 촉각,이번 주 한국은행 금융통화위원회(금통위)를 앞두고 채권시장이 또 한 번 긴장하고 있습니다. 오늘(7일) 금융투자업계에 따르면 증권가에서는 한은이 오는 10일 이창용 총재가 마지막으로 주재하게 될 금통위에서 기준금리...,https://biz.sbs.co.kr/article_hub/20000302454?division=NAVER,20,,1
글로벌 석학 발탁 속 ‘이해충돌’ 논란…신현송 한은 총재 후보 검증대,"한국은행 총재는 기준금리 결정과 함께 외환시장 안정 등 통화·외환 정책 전반을 총괄하는 자리다. 외화자산 비중이 높은 경우 원화 약세, 즉 환율 상승 시 자산 가치가 증가하는 구조이기 때문에 정책 결정의 중립성에...",https://www.news2day.co.kr/article/20260407500011,21,,1
"이창용 마지막 '금통위 D-3'…한은, 환율·물가 압박 속 7연속 동결 유력","한국은행은 지난해 5월 기준금리를 0.25%포인트(p) 인하한 이후 같은 해 7·8·10·11월과 올해 1·2월까지 여섯 차례 연속 동결 기조를 이어왔다. 시장에서는 이번 금통위에서도 기준금리를 동결한 뒤 물가와 환율 흐름, 금융...",https://www.dailian.co.kr/news/view/1630082/?sc=Naver,21,,1
금주 금통위 동결 전망 속 매파냐 중립이냐…채권시장 촉각,주 한국은행 금융통화위원회(금통위)를 앞두고 채권시장이 또 한 번 긴장하고 있다. 중동전쟁에 계속... 금통위에서 기준금리를 2.50%에서 만장일치 동결할 것이라는 예상이 지배적이다. 물가와 성장 모두 상·하방 리스크가...,https://www.yna.co.kr/view/AKR20260406148300008?input=1195m,15,,1
이창용 '마지막 금통위'…7회 연속 기준금리 동결 전망,"이창용 한국은행 총재가 마지막 금융통화위원회(금통위)를 열고 기준금리를 결정한다. 고물가, 고환율 우려가 커지는 한편 성장 양극화를 마주한 한국 경제 상황을 고려할 때 이번에도 기준금리에 변화를 주기는 어려울...",https://www.newsis.com/view/NISX20260406_0003579990,16,,1
[증시전략] 7일 오후 8시 '운명의 시한'…트럼프-이란의 선택은?,"금요일 한국은행 금통위, 이창용 총재 마지막 회의 개최 - 전쟁 이후 고유가·고환율, 기준금리 유지 전망 우세 - 삼성전자 실적 발표 D-day…코스피 방향성 좌우하나? - 삼성전자 '어닝서프라이즈' 가능성 제기…""수익성...",https://biz.sbs.co.kr/article_hub/20000302431?division=NAVER,18,,1
트럼프에 유가 급등…브렌트유 ‘전쟁 후 최고가’ 경신,유가가 80달러를 웃돌 경우 한국은행의 기준금리 인상 가능성도 배제할 수 없다는 전망까지 나오고 있다. 8일 오전 9시(한국시간) 협상 데드라인이 유가의 향방을 결정할 분수령이 될 전망이다....,https://www.bntnews.co.kr/article/view/bnt202604070010,13,,1
"원달러 1506원, 연준 동결 확률 92% ‘폭등’","10원 오른 1506.30원에 마감했다. 8거래일 연속 1500원대로, 2009년 2~3월 이후 최장 기간 기록이다. 오는 10일 한국은행 금융통화위원회는 중동 전쟁 발발 이후 처음으로 기준금리를 결정한다.",https://www.bntnews.co.kr/article/view/bnt202604070009,19,,1
美 상반기 금리 동결 확률 '92.2%' 급등…한은 금리 '인상론' 솔솔,"중동 전쟁에 따른 유가 급등 여파로 미국 연방준비제도(Fed·연준)의 기준금리 인하 기대가 사실상 사라지면서, 한국은행 통화정책에도 금리 동결 장기화 또는 인상 압력이 커지고 있다는 분석이 나온다. 연준의 상반기...",https://www.news1.kr/economy/trend/6126979,27,,1
"(K-라오스 윈윈 ODA)(5) 라오스 진출의 마지막 고리, 국책은행","동시에 한국 기업과 스타트업의 해외 진출을 뒷받침하는 실질적인 교두보로 기능합니다. 본 기획은... 내수와 생산 부문에 자금이 돌도록 기준금리를 2026년 2월 기준 8%까지 낮추고, 전체 은행 신용의 35%를 중소기업에...",http://www.newstomato.com/ReadNews.aspx?no=1296841&inflow=N,7,,1
환율 1500원 비정상 한 목소리…'외환 수급 다변화·부채 관리' 열쇠,환율이 급등하고 물가가 불안해지면 한국은행은 물가 안정과 자본 유출 방지를 위해 기준금리를 높은 수준으로 유지하거나 추가 인상할 압박을 받는다. 주택담보대출이나 신용대출을 보유한 가계의 이자 상환 부담이...,https://www.newspim.com/news/view/20260406001170,16,,1
"[금통위 설문조사] ""4월 기준금리 동결""…인상은 내년으로""",[사진=한국은행] 중동 전쟁이 발발한 뒤 첫 한국은행 금융통화위원회가 열린다. 중동발 물가 충격이 아직 본격 반영되지 않은 가운데 한은이 기준금리를 현 수준인 2.50%에서 동결할 것이란 전망이 우세하다. 물가 상승...,https://www.ajunews.com/view/20260406134108858,18,,1
중국 국채 금리 2% 돌파 초읽기…이란 전쟁발 유가 충격이 방아쇠 당겼...,"한국은행이 올해 경제성장률 전망을 2.0%로 높이면서 기준금리 인하 여지를 좁힌 가운데, 중국발 물가 압력이 아시아 전반으로 번지면 한국 채권시장의 금리 상방 압력도 커질 수 있다는 분석이 채권 운용업계 안팎에서...",https://www.g-enews.com/view.php?ud=2026040622190745382bd56fbc3c_1,17,,1
'물가·환율·부채' 덫에 걸린 한은…이창용 마지막 금통위 '7연속 동결...,◇10일 금통위…총재 교체기 '동결' 기정사실화 한국은행은 오는 10일 금융통화위원회를 열고 기준금리를 결정한다. 이번 회의는 이창용 총재 임기 중 열리는 마지막 금통위다. 앞서 이재명 대통령은 지난달 22일 신현송...,https://www.ziksir.com/news/articleView.html?idxno=129833,21,,1
"골드만삭스 ""한은, 기준금리 동결 전망… 물가 상승 우려 과도""",골드만삭스가 오는 10일 한국은행 금융통화위원회(이하 금통위)가 기준금리를 연 2.5%로 동결할 것이라고 전망했다. 국내 시장이 물가 상승과 매파적 정책 가능성을 과도하게 반영했다는 시각이다. 6일 골드만삭스는...,https://www.mt.co.kr/stock/2026/04/06/2026040615034038114,18,,1
"""코로나 때와 다르다""…을지로 센터원, 대출 만기에 '금리 인상' 압박",국내 기준금리 추이 (자료=한국은행) 지난 2021년 4월에는 코로나19 여파로 기준금리가 0.5%에 그쳤었다. 당시 프라임 오피스 선순위 담보대출 금리는 2%대에 머물렀던 것으로 전해졌다. 현재 기준금리는 2.50% 수준이다....,http://www.edaily.co.kr/news/newspath.asp?newsid=05303766645413496,13,,1
'3고 압박'에 기준금리 옴짝달싹… 연내 인상 가능성도,"물가·금리·환율이 모두 치솟는 '3고(高)' 압박 속에 한국은행이 기준금리를 올릴 수도, 내릴 수도 없는 진퇴양난에 빠졌다는 진단이 나왔다. 시장은 한은이 이번 금융통화위원회(금통위)에서 '매파적(통화긴축 선호)...",https://www.hankookilbo.com/news/article/A2026040611050004407?did=NA,21,,1
외환보유 감소 우려…국내 금융시장에 미치는 영향은,한국은행은 오는 4월 금융통화위원회에서 기준금리 동결 기조를 유지할 것으로 예상되나 유가와 환율의 향방에 따라 향후 3개월 내 추가 인상 가능성을 열어둘 수도 있다. 단기 금리 커브가 이미 정책금리 인상을...,https://www.junggi.co.kr/news/articleView.html?idxno=36032,16,,1
[중동발 경제쇼크] 물가·환율 고공행진… 한국경제 먹구름,"미국, 유럽, 영국, 일본의 중앙은행이 일제히 기준금리를 동결하고 매파적(통화긴축 선호) 메시지를 발신해서다. 주요국 중앙은행은 중동 사태와 국제유가 상승에 따른 인플레이션(물가상승) 우려를 언급했다. 한국은...",https://www.yonhapmidas.com/news/articleView.html?idxno=10281,10,,1
[글로벌이코노믹 사설] 美·이란 강대강 대결…한국 경제 영향은,주요 투자은행(IB) 8곳도 한국의 물가를 2월 말 평균 2.0%에서 3월 말 2.4%로 한 달 만에 0.4%P 올려 잡았을 정도다. 특히 달러당 1500원대인 환율이 문제다. 올해 종가 기준 달러당 원화 환율이 1500원을 넘어선 게 10차례다....,https://www.g-enews.com/view.php?ud=2026040617463784535e857d010_1,8,,1
"[퇴근길머니] 트럼프 위협에도 5,400선 회복…불안·기대 '혼재'",금요일에는 한국은행이 금융통화위원회를 열고 기준금리를 결정합니다. 이창용 총재의 마지막 금통위이기도 한데요. 현재까지 동결에 무게가 쏠리고 있습니다. 또 이날 국회 본회의에서는 26조2천억원 규모의 추경안이...,http://www.yonhapnewstv.co.kr/MYH20260406172846kbn,13,,1
인플레 우려에 금리전망 '인하→인상' 선회,"Fed)가 기준금리를 두 차례 연속 동결했다. 한국은행도 당분간 금리를 연 2.50%에 묶을 가능성이 커졌다. 만약 중동 사태가 길어져 고유가가 지속될 경우, 물가를 잡기 위해 금리 인하가 아닌 인상으로 선회할 수 있다는...",https://www.yonhapmidas.com/news/articleView.html?idxno=10254,17,,1
대출금리 5년새 1.8%p 상승…차주 상환 부담 '눈덩이',"한국은행이 기준금리를 연 2.50%로 묶어두고 있지만, 시장금리를 반영한 실제 대출금리는 오름세를 이어가는 흐름이다. 6일 은행연합회 공시와 금융권 자료를 보면 KB국민·신한·하나·우리·NH농협 등 5대 시중은행의...",https://www.namdonews.com/news/articleView.html?idxno=906535,14,,1
"한은 총재 후보 검증 쟁점, 재산 '규모'보다 '구조'","신현송 한국은행 총재 후보자 인사청문회 검증의 초점이 재산 규모에서 자산 구조로 이동할 전망이다. 신 후보자가 보유한 해외자산 비중이 높은 만큼, 금리·환율 정책과 자산 간 이해충돌 가능성이 제기된다. 6일...",https://www.kbanker.co.kr/news/articleView.html?idxno=224639,17,,1
"[채권마감] 이틀째 불플랫, 트럼프 TACO에 관망 속 외인 선물매수",한국은행 기준금리(현 2.50%)와 국고3년물간 금리차는 93.2bp로 좁혀졌다. 국고10년물과 3년물간 장단기금리차는 0.6bp 줄어든 29.3bp를 보였다. 이는 지난달 23일(26.2bp) 이후 최저치다. 6월만기 3년 국채선물은 12틱...,https://www.etoday.co.kr/news/view/2573194,17,,1
"[중동발 3고 쇼크②] 정의선 '위기가 기회' DNA 빛 발할까, 현대차그룹 ...","고물가·고금리 태풍 오나, 리더십 교체기 한국은행 방향키 어디로 향할까 ④한진그룹 중동 사태에... 증시, 기준금리 상승 압력에 자본시장 '역 머니무브' 우려 커진다 ⑦""비싸면 안 산다"", 삼성전자 고물가 파도에...",https://www.businesspost.co.kr/BP?command=article_view&num=435051,12,,1
빚투 '경계령' 여전한데···스탁론 출시하고 금리 내린 증권사들,"기준금리는 한국은행에서 결정하지만, 가산금리는 일종의 마진율로서 증권사가 재량으로 정할 수 있다. 한화투자증권의 신용거래 융자 이자율에 적용되는 기준금리는 이번에 2.78%에서 2.82%로 상승했다. 하지만...",https://www.sisajournal-e.com/news/articleView.html?idxno=420296,15,,1
[기자수첩] '진퇴양난'의 한은 금리 결정,매일일보 = 최재원 기자  |  오는 10일 한국은행이 금융통화위원회 본회의를 열고 기준금리를 결정한다. 이번 금통위는 이창용 한은 총재의 마지막 기준금리 결정 회의다. 당초 한은의 올해 기준금리 기조에 대해 시장과...,https://www.m-i.kr/news/articleView.html?idxno=1361899,18,,1
"골드만삭스 ""국장 횡보 거쳐 회복할듯…대외·재정 건전성 견조""","이달 한국은행은 기준금리를 2.5%로 동결할 것으로 예상하며 ""당사의 판단으로는 시장이 인플레이션 및 매파적 정책(금리 인상) 가능성을 과도하게 반영하고 있다""고 지적했다. 딜라이트닷넷 이남석",https://www.delighti.co.kr/news/articleView.html?idxno=114791,14,,1
"""최저 3% 이자로 설비투자액 절반 쏜다""…150조 국민펀드 K디스플레이 수...","홍상현 한국산업은행 차장은 이같이 밝히며 K디스플레이 초격차 유지를 위한 자금 지원 로드맵을 공개했다.... 홍 차장은 ""국고채 수준의 기준금리에 신용 리스크 프리미엄을 더해 최저 3% 내외가 적용될 것""이라며...",https://www.ddaily.co.kr/page/view/2026040615265714956,7,,1
"골드만삭스 ""K증시, 횡보 거쳐 회복할 것…금리 동결 예상""","한편 골드만삭스는 한국은행이 이달 2.5%인 기준금리를 동결할 것으로 예상했다. ※CBS노컷뉴스는 여러분의 제보로 함께 세상을 바꿉니다. 각종 비리와 부당대우, 사건사고와 미담 등 모든 얘깃거리를 알려주세요....",https://www.nocutnews.co.kr/news/6497437?utm_source=naver&utm_medium=article&utm_campaign=20260406044030,12,,1
"조달금리 위협받는 카드사·캐피탈, '위안화'에 꽂혔다","그러나 원화 약세와 강달러 흐름이 지속되는 상황에서 외화 유출·수급 이슈의 급부상, 한국은행이... 이날 기준 미국 연방준비제도(Fed) 기준금리는 3.75%인 반면, 중국 인민은행(PBoC) 기준금리는 3.0%입니다....",http://www.newstomato.com/ReadNews.aspx?no=1296857&inflow=N,25,,1
'확전 불안' 속 코스피 1.4% 상승...실적발표 앞둔 삼성전자 '강세',이번 주 금요일에는 한국은행 금융통화위원회가 이창용 총재 재임 중 마지막 회의를 열어 기준금리를 결정할 예정인데요. 전문가들은 대부분 이란전쟁 이후 고유가와 고환율을 들어 기준금리 동결을 전망했습니다....,https://www.ytn.co.kr/_ln/0102_202604061634409195,19,,1
"[중동발 3고 쇼크①] 환율·물가·금리 동시 압박, 한국 경제 '복합위기...","고물가·고금리 태풍 오나, 리더십 교체기 한국은행 방향키 어디로 향할까 ④한진그룹 중동 사태에 '비상경영... 증시, 기준금리 상승 압력에 자본시장 '역 머니무브' 우려 커진다 ⑦""비싸면 안 산다"", 삼성전자 고물가...",https://www.businesspost.co.kr/BP?command=article_view&num=435057,15,,1
이창용 마지막 금통위…신현송 체제 앞두고 '동결 속 메시지' 주목,사진=연합뉴스  오는 10일 한국은행 금융통화위원회가 열린다. 이창용 총재가 주재하는 마지막 회의다. 시장에서는 이번 회의에서 기준금리가 연 2.50%로 동결될 가능성에 무게를 두고 있다. 사실상 금리 결정 자체는 큰...,http://www.opinionnews.co.kr/news/articleView.html?idxno=136316,13,,1
"골드만삭스 ""한은, 이달 기준금리 동결할 것⋯시장 인플레 우려 과도""","이투데이=배근미 기자 | 권구훈 전무 ""에너지 충격에 거시경제 불확실성 ↑, 금리는 동결"" ""정부 조치가 상하방 리스크 낮출 것⋯3분기 물가상승률 2.6%"" 한국은행이 10일 진행될 4월 금융통화위원회(금통위)에서 기준금리를...",https://www.etoday.co.kr/news/view/2573158,18,,1
"'최근 셀오프는 과도' 골드만삭스, 한국 경제 'AI·반도체' 믿고 반등 전...","아울러 한국은행의 통화정책과 관련해 이달 기준금리가 2.5%로 동결될 것으로 예상하며 ""당사의 판단으로는 시장이 인플레이션 및 매파적 정책(금리 인상) 가능성을 과도하게 반영하고 있다""고 지적했다. (ㅍㅍㅅㅅ...",https://www.ppss.kr/news/articleView.html?idxno=291576,12,,1
"골드만삭스 ""국내 증시 조정 후 회복 가능…대외·재정 건전성 견조""","한편 이달 한국은행이 기준금리를 2.5%로 동결할 것으로 전망하며 ""당사의 판단으로는 시장이 인플레이션과 매파적 정책 가능성을 과도하게 반영하고 있다""고 지적했다. #골드만삭스 #견조 #조정 #회복 #재정",https://www.kado.net/news/articleView.html?idxno=2042917,14,,1
"주담대 상환 부담 1년만에 반등, 서울은 2년반만에 최고...금융여건은?","수도권을 중심으로 과열된 주택시장이 가계부채 증가 과속 우려를 키우자 한국은행이 기준금리를 장기간 묶고 있지만, 은행 대출 금리가 크게 오르면서 가계의 주택구입 부담 수위를 끌어올렸다. 특히 서울의 경우...",http://www.updownnews.co.kr/news/articleView.html?idxno=316795,17,,1
"""물가 다시 뛴다""···유가·항공료에 4월 CPI 반등, 대출 규제에 크레...","크다""며 ""한국은행은 공급발 물가 상승의 2차 파급을 억제하기 위해 하반기 기준금리 인상에 나설 것""이라고 전망했다. 채권시장 역시 변동성이 확대되는 모습이다. 최근 국고채 금리 변동성이 커지면서 크레딧...",https://www.smartbizn.com/news/articleView.html?idxno=141302,18,,1
중동 전쟁 확전 시 국제유가 ‘174달러’…환율 1500원대 장기화 가능성...,"국제유가 상승이 장기화하며 연준과 한국은행이 기준금리 인상 기조로 선회할 가능성이 있다는 것이다. 진옥희 국제무역통상연구원 연구원은 “현재는 환율 상·하방 요인이 병존하는 변곡점 국면에 있는 만큼, 대외...",https://www.nongmin.com/article/20260406500352,21,,1
'확전 불안' 속 코스피 1% 상승...실적발표 앞둔 삼성전자 '강세',이번 주 금요일에는 한국은행 금융통화위원회가 이창용 총재 재임 중 마지막 회의를 열어 기준금리를 결정할 예정인데요. 전문가들은 대부분 이란전쟁 이후 고유가와 고환율 상황을 들어 기준금리 동결을...,https://www.ytn.co.kr/_ln/0102_202604061441372822,19,,1
"골드만삭스 ""에너지 공급 차질 시 GDP 0.1%↓…증시 회복 전망""","골드만삭스는 한국은행의 기준금리 동결 가능성을 높게 봤다. 권 이코노미스트는 ""한국은행이 4월 기준금리를 2.5%로 유지할 것""이라며 ""시장이 인플레이션과 긴축 전환 가능성을 과도하게 반영하고 있다""고 판단했다....",https://www.asiatime.co.kr/article/20260406500282,12,,1
"골드만 ""시장에서 매파 한은 과하게 반영…주식은 숨고르기 후 회복""","골드만삭스는 6일 보고서를 통해 한국은행이 4월 금융통화위원회 회의에서 기준금리를 2.5%로 동결할 것이라며 이같이 말했다. 골드만삭스는 ""글로벌 에너지 충격 속에서 거시경제 전망을 둘러싼 불확실성이 빠르게 커졌다...",https://news.einfomax.co.kr/news/articleView.html?idxno=4407930,19,,1
"해외IB ""한국 물가 3%대 간다""…이번주 금통위 '동결' 유력",실제 지난달 소비자물가가 2.2% 오르며 물가 상승이 본격화될 조짐을 보이고 있는데다 해외 주요 투자은행들(IB)들도 한국의 물가 전망치를 상향 조정하면서 이번 금통위에선 기준금리를 동결하겠지만 금리 인상...,https://www.asiatime.co.kr/article/20260406500222,7,,1
골드만삭스 “한은 4월 금통위 금리 동결…시장의 물가 우려는 과도”,투자은행(IB) 골드만삭스는 한국은행이 4월 금융통화위원회(금통위)에서 기준금리를 동결할 것으로 전망했다. 국내 시장의 물가 상승 우려와 금통위 매파적 시그널 경계는 다소 과도하다고 진단했다. 사진=연합뉴스 6일...,http://www.edaily.co.kr/news/newspath.asp?newsid=03667046645413496,18,,1
"전문가 “한은, 4월 금리 못 내린다…유가 폭등에 금융시장 ‘패닉’”",오는 10일 열리는 한국은행 금융통화위원회에서 기준금리를 현행 2.50%로 만장일치 동결할 것이라는 전망이 지배적이다. 다만 이번 금통위가 단순히 '쉬어가는 회의'가 아니라 '금리인하 기대를 정면으로 꺾는 매파적 신호...,http://www.joseilbo.com/news/news_read.php?uid=566024&class=18&grp=,18,,1
"과천시, 신혼부부 전세대출 이자 ‘최대 100만 원’ 지원… 20일부터 접...","보증부 월세를 내는 신혼부부의 경우, 주택임대차보호법상 한국은행 고시 기준금리(2월 26일 현재 2.5%)에 대통령령이 정하는 이율(2%) 등을 통해 환산한 임차보증금이 5억원 이하이어야 한다. 그러나 ▲공공주택사업자가...",https://www.kyeonggi.com/article/20260406580296,13,,1
[이번 주 증시 전망] 중동전쟁 격화 여부…고용·물가·FOMC 회의록 주목,10일 한국은행은 금융통화위원회를 개최한다. 시장전문가들은 중동전쟁의 인플레이션 및 성장에 대한 경계에도 불구하고 아직 실제 영향을 판단하기 어려워 7회 연속 기준금리를 2.50%로 동결할 것으로 전망하고 있다....,https://www.naeil.com/news/read/584182?ref=naver,13,,1
[표] 은행간 단기금리 기준-코리보(06일),※다음은 연합인포맥스가 06일 오전 11시00분에 고시한 한국의 은행간 단기금리 기준 입니다. ────┬──────────── 기간│금리(%) 전일대비...,https://news.einfomax.co.kr/news/articleView.html?idxno=4407915,4,,1
[금융 인사이드] 생산적 금융 필요성 보여준 ‘삼성금융네트웍스’,현재 한국은행의 기준금리는 2.5%. 이로인한 시중금리 4~5%선은 인플레이션도 막으면서 은행도 돈놀이를 가장 잘 할 수 있는 ‘황금이자율’로 꼽힌다. 그러니 시중은행들로서는 ‘앉아서 거저먹기’에 익숙해지고...,https://www.news2day.co.kr/article/20260406500157,13,,1
"'日 139억 달러' 외환시장, 4월은 진정될까","경우 환율의 균형점 자체가 1,500원으로 이동할 것이라는 금융권의 분석이 나온다. 한편, 한국은행은 오는 10일 금융통화위원회로 연다. 시장에선 환율 등의 영향으로 기준금리가 동결될 것이라는 관측이 주를 이루고 있다.",https://www.bigtanews.co.kr/article/view/big202604060009,17,,1
"D램값 630% 급등, 1Q 영업이익 50조 전망..'34만전자' 힘받나","◆ 조태현 : 신현송 한국은행 총재 후보자 인사청문 절차 진행이 이제 시작이 됐는데요. 주말 사이에 재산... ◆ 조태현 : 기준금리 전망이라든지 신 후보자의 통화정책 방향 함께 살펴볼까요? ◇ 허란 : 네, 한국경제...",https://radio.ytn.co.kr/program/?f=2&id=108177&s_mcd=0206&s_hcd=15,12,,1
트럼프 시한 연장에도…유가 110달러·환율 1510원대,"한국은행은 2월 26일 기준금리를 연 2.50%로 유지했고, 3월 통화신용정책보고서에서도 중동지역 리스크 전개와 그에 따른 물가·성장·금융안정 상황을 점검하면서 향후 정책을 결정하겠다고 밝혔다. 한국은행 공개...",https://www.mstoday.co.kr/news/articleView.html?idxno=101096,17,,1
금통위 2.50% 동결 유력… 중동 리스크에 하반기 인상 카드 꺼낼까,"오는 10일 한국은행 금융통화위원회는 기준금리 연 2.50%를 유지할 가능성이 크다는 관측이 우세하다. 최근 연구기관과 증권사 이코노미스트들을 대상으로 한 조사에서 다수가 동결을 예상한 데다, 중동발 지정학 리스크로...",https://www.betanews.net/article/view/beta202604060021,16,,1
"롤러코스터 코스피, 개미 투자자 리스크 확대","한국은행은 10일 금융통화위원회에서 기준금리를 결정하는데, 시장에서는 연 2.5% 동결 전망이 우세하다. 문제는 동결 그 자체보다 이후 경로다. 고유가와 고환율이 물가를 다시 자극할 가능성이 커지면서 연내 금리...",https://www.straightnews.co.kr/news/articleView.html?idxno=299419,18,,1
"""물가·환율 다 비상""…한은, 금리 동결 유력 속 '연내 인상' 카드 만지...",의사봉 두드리는 이창용 한국은행 총재 / 연합뉴스 제공 오는 10일 열리는 한국은행 금융통화위원회(금통위)에서 기준금리가 현행 연 2.50%로 동결될 것이라는 전망이 우세하다. 이란 전쟁 여파로 물가와 환율 불안이 커진...,https://www.fntoday.co.kr/news/articleView.html?idxno=381605,21,,1
"주담대 금리, 5년 새 1.8%p 올라…4억 주담대 월이자 36만원↑",한국은행이 연 2.50%의 기준금리 동결 기조를 유지하고 있지만 시장금리를 반영한 대출금리는 우상향 곡선을 그리는 중이다. 6일 은행연합회 공시와 금융권에 따르면 KB국민·신한·하나·우리·NH농협 등 5대...,https://www.newsis.com/view/NISX20260406_0003579000,14,,1
3%대로 높아진 韓 물가 눈높이…점점 커지는 금리 인상 전망,따라 한국은행의 물가 대응에 관심이 집중되고 있다. 연간으로 보면 여전히 2%대 물가를 유지할 것으로 보이지만 한은 물가 목표치인 2% 수준을 크게 웃도는 물가에 대해서는 최소 한 차례 이상의 금리 인상으로 대응할...,https://news.einfomax.co.kr/news/articleView.html?idxno=4407868,14,,1
"금리상승 직격탄 맞은 서울 영끌족, 소득 42%를 대출 상환에 사용...""앞...",또 인플레이션 억제를 위해 하반기에 한국은행이 기준금리를 인상할 가능성도 점쳐진다. 중동 사태 이후 최근 주요 시중은행의 주택담보대출 고정 금리는 3년 5개월만에 7%를 넘어섰다. 국제 유가를 비롯한 원자재...,https://www.livebiz.today/news/articleView.html?idxno=201452,13,,1
[AJP 데스크 칼럼] 통화정책도 위기의식을 담아야 한다,"초기에 균열의 전이 차단하지 못하면, 시장을 넘어 시스템으로 확산될 수 있다. 한국은행 이창용 총재가 주재하는 4월 10일 마지막 금융통화위원회에서는 기준금리 동결이 유력시 된다. (사진=한국은행 제공)",https://www.ajunews.com/view/20260406094113621,13,,1
[친절한 경제] 앞으로 줄줄이 오르나…'서비스 물가' 껑충,"<앵커> 물가를 잡으려면 한국은행이 조만간 기준금리를 올릴 수도 있다. 이런 전망도 나오고 있죠? <기자> 10일 열릴 금통위에서는 일단은 기준금리가 동결될 거라는 전망이 강하고요. 하지만 하반기에는 기준금리가 1, 2회...",https://news.sbs.co.kr/news/endPage.do?news_id=N1008506078&plink=ORI&cooper=NAVER,12,,1
"월급 42% 빚 갚는 데 쓴다… 서울 내 집 마련 부담, 3년 만에 최대 폭 폭...",금융권 한 관계자는 “가계 소득이 획기적으로 늘어나지 않는 상황에서 주택 부담을 낮출 유일한 열쇠는 금리 인하뿐”이라며 “한국은행의 기준금리 인하 시점과 은행권의 가산금리 조정 여부가 향후 주택 시장의...,https://www.segye.com/newsView/20260406503828?OutUrl=naver,13,,1
주택구입 부담 3분기 만에 반등... 서울 소득 42% 상환에,한국은행 통계에 따르면 예금은행의 신규 취급액 기준 주택담보대출 금리는 지난해 3분기 연 3.96%에서 4분기 연 4.23%로 상승했다. 가계 소득 여건은 소폭 개선돼 지난해 4분기 중위가구 소득은 6717000원으로 지난...,https://www.pointe.co.kr/news/articleView.html?idxno=77712,10,,1
"""4월 금통위, 인상 논의 시작 전망""<한화투자證>","예정된 한국은행 금융통화위원회(금통위)에서 기준금리가 동결과 함께 인상 논의가 시작될 것이라고도 내다봤다. 김성수 한화투자증권 연구원은 이날 보고서에서 ""이번 회의는 인상으로 가는 첫 단계""라며 ""인상...",https://www.news2day.co.kr/article/20260406500061,13,,1
"치솟는 기름값이 금리까지 올리나…""韓, 이르면 7월 금리 인상 대응""[금...",오는 10일 이창용 한국은행 총재가 임기 만료 전 마지막으로 주재하는 금융통화위원회 기준금리 결정이 이뤄진다. 전문가들은 이날 금리가 연 2.50%로 동결될 것이라고 전망했다. 이란 전쟁 이후 높아진 유가 수준과...,https://view.asiae.co.kr/article/2026040516305168481,13,,1
"[금통위poll]②이란 전쟁, 물가에 먼저 타격…전원 ""전망치 상향""",10일 한국은행의 기준금리 결정을 앞두고 국내 대다수 전문가는 올해 우리나라 소비자물가 상승률이 2.4%를 웃돌 것으로 예상했다. 지난 2월 말부터 시작된 중동 전쟁 이후 전문가 전원이 물가 전망치를 높여 잡은 결과다....,https://view.asiae.co.kr/article/2026040607580909339,12,,1
"[모닝 리포트] 한은 4월 금통위, '매파적 동결' 전망…금리인하 사이클...",키움증권은 6일 한국은행이 4월 금융통화위원회에서 기준금리를 동결할 것이라며 이번 금통위는 인플레이션 리스크를 강조하는 '매파적 동결' 스탠스를 보일 것으로 전망했다. 기존 금리 인하 사이클은 사실상 종료됐다는...,https://www.newspim.com/news/view/20260406000027,18,,1
트럼프 입이 들었다놨다 하는 국내 증시…이번주 물가·실적 발표 영향...,또 오는 10일 예정된 한국은행 금융통화위원회 통화정책방향 결정회의도 있다. 기준금리 2.5% 동결 전망이 우세하다. 이번 회의는 이창용 한은 총재 임기 내 마지막 기준금리 결정 회의다. 이경민 대신증권 연구원은...,https://www.mk.co.kr/article/12008604,19,,1
"단기 조정 들어간 은행주…증권가 ""그래도 더 담아라""","최정욱 하나증권 연구원은 ""오는 10일 한국은행 금통위에서 기준금리를 동결할 것으로 예상되는 가운데 중동 사태 장기화와 고유가 지속으로 당분간 시중금리가 빠르게 안정화될 공산은 크지 않아 은행주에...",https://www.newsway.co.kr/news/view?ud=2026040608020891703,12,,1
"이란 폭격 개시?...비트코인, 트럼프 최후 통첩 속 7만 7,000달러 공략",실업률은 4.3%로 하락했으나 고용 시장의 열기는 연방준비제도(Fed)의 금리 인하 시점을 늦추는 요인이 된다. 다만 4월 16일로 예정된 연준 의장 지명자 청문회에서 새로운 인물이 등장할 경우 파격적인 금리 인하가...,http://coinreaders.com/229129,12,,1
[뉴욕마켓워치] 그래도 최악은 피할 거라는 기대감…주식·채권↑달러↓,"시카고상품거래소(CME) 페드워치에 따르면, 연방기금금리(FFR) 선물시장은 뉴욕 오후 4시께 연방준비제도(연준ㆍFed)가 오는 12월까지 금리를 동결할 가능성을 77.5%로 반영했다. 12월까지 금리가 25bp 인상될 가능성은...",https://news.einfomax.co.kr/news/articleView.html?idxno=4408024,15,,1
"정점 지나는 중동 리스크…증권가 ""반도체주 더 담아라""",이는 금융시장 변동성 확대에 따라 연준의 선제적인 금리 인하 대응이 제한될 수 있음을 보여준다. 차기 연준 의장으로 거론되는 케빈 워시의 인사청문회 관련 불확실성 역시 통화정책의 변수를 키우는 요인이다. 미국...,https://www.newsway.co.kr/news/view?ud=2026040708011878979,7,,1
"'연준 매파' 해맥, 금리 인상 명시적 언급…""인플레 지속적으로 높으면...",미국 연방준비제도(연준ㆍFed) 안에서 두드러지게 매파적 목소리를 내온 베스 해맥 클리블랜드 연방준비은행 총재가 정책금리 인상 가능성을 명시적으로 언급했다. 해맥 총재는 6일(현지시간) 보도된 AP통신과...,https://news.einfomax.co.kr/news/articleView.html?idxno=4408016,14,,1
"[채권/외환] 휴전 기대 vs 확전 경계… 美 국채 숨 고르기, 엔화 160엔 재...",현재 미국 금리 선물시장은 연준의 첫 금리 인하 시점을 2027년 하반기 이후로 늦춰 반영하고 있다. 이는 올해 초만 해도 2026년 중 두 차례 금리 인하를 예상했던 것과 크게 달라진 모습이다.,https://www.newspim.com/news/view/20260407000027,11,,1
[아주증시포커스] 근속연수는 더 긴데 연봉은 적다…증권가 여성 임금 ...,"높아져 연준의 금리인하도 지연될 가능성 커 -시장의 시선은 다시 실적으로 이동할 것이며, 삼성전자 호실적을 바탕으로 반도체 중심 재편이 유효 ◆장 마감 후(6일) 주요공시 ▷삼천당제약 전인석 대표, 2500억원...",https://www.ajunews.com/view/20260407070244354,7,,1
[뉴욕채권] 국채가 소폭 상승…'협상 기대 vs 트럼프 위협' 줄타기,"시카고상품거래소(CME) 페드워치에 따르면, 연방기금금리(FFR) 선물시장은 뉴욕 오후 4시께 연방준비제도(연준ㆍFed)가 오는 12월까지 금리를 동결할 가능성을 77.5%로 반영했다. 12월까지 금리가 25bp 인상될 가능성은...",https://news.einfomax.co.kr/news/articleView.html?idxno=4408005,16,,1
"JP모건 다이먼 ""미국 패권 유지에 1.5조 달러 투입""… 경제 안보 경고","그는 인플레이션을 '파티의 불청객'에 비유하며, 이란과의 전쟁 등 지정학적 갈등이 에너지 가격을 자극해 연준(Fed)의 금리 인하 기대를 꺾고 오히려 추가 금리 인상을 압박할 수 있다고 내다봤다. 특히 1조 8000억 달러...",https://www.g-enews.com/view.php?ud=2026040707075775542bd56fbc3c_1,12,,1
노벨상 베이커 교수 “생성형 AI로 자연에 없는 단백질 설계 시대 열려...,"기업 경영진 입장에서는 재정 확장이 물가·금리·환율에 미치는 파급 효과를 면밀히 모니터링해야 할... 워시 연준 의장 지명 3개월만에 청문회…공화당 1명만 돌아서면 통과 흔들 ▶ 기사 바로가기: 삼성전자, EUV...",https://www.sedaily.com/article/20029099?ref=naver,9,,1
워시 연준 의장 후보 16일 청문회…공화당 이탈표 1표가 변수,독자 유형별 맞춤 뉴스 6개를 선별해 제공합니다 ■ 연준 의장 인준 불확실성과 통화정책 공백 리스크... 추경을 통한 유동성 공급이 국채 상환 규모를 웃돌면서 물가·금리·환율에 부담 요인으로 작용할 수 있다는...,https://www.sedaily.com/article/20029095?ref=naver,15,,1
‘오픈클로’ 기반 AI 에이전트 확산…정부도 생태계 구축 나선다,"표면 금리 5.30%, 만기 2년 조건으로 케이프(064820)투자증권이 발행을 주관했다. 토스뱅크(순이익 968억 원)... 워시 연준 의장 지명 3개월만에 청문회…공화당 1명만 돌아서면 통과 흔들 ▶기사 바로가기: 삼성전자, EUV...",https://www.sedaily.com/article/20029094?ref=naver,7,,1
"""물가 폭등 온다""...비트코인, CPI 발표 앞 폭락 시나리오 가동","미국 연방준비제도(Fed, 연준)의 금리 결정에 결정적인 영향을 미칠 4대 지표 발표를 앞두고 비트코인(Bitcoin, BTC) 시장의 긴장감이 고조되고 있다. 4월 6일(현지시간) 암호화폐 전문 매체 비인크립토는 이번 주 예정된...",http://coinreaders.com/229114,17,,1
미국 뉴욕증시 상승 마감…이란 협상 기대 지속,"이에 따라 연준의 금리 인하 기대는 약화되는 흐름을 보였다. 미국 10년물 국채 금리는 4.34%, 2년물 금리는 약 3.85% 수준으로 상승했다. 이는 시장 유동성 기대를 제약하며 주가 상승폭을 제한하는 요인으로 작용했다....",https://www.topstarnews.net/news/articleView.html?idxno=16027357,13,,1
"[뉴욕증시] 트럼프 위협에도 '설마', 상승···유가 112달러·마이크론...",시카고상품거래소(CME) 페드워치툴에 따르면 금리 선물시장에서 연준이 기준금리가 12월까지 25bp 인하할 확률은 전거래일보다 10%포인트 가량 낮아진 10.8%를 가리켰다. 투자자들은 이번 주 발표될 소비자물가지수...,https://www.seoulfn.com/news/articleView.html?idxno=625770,10,,1
[금/유가] 미-이란 대치 속 유가 상승…금 하락,"(PCE) 물가지표, 금요일 발표될 소비자물가지수(CPI) 등이 있다. 연준은 지난달 금리를 동결했으며, CME의 페드워치(FedWatch) 도구에 따르면 현재 대다수 트레이더들은 올해 연준이 금리를 인하할 가능성이 없다고 보고 있다.",https://www.newspim.com/news/view/20260407000020,14,,1
[시론] 재검토 여론 커지는 ‘트럼프 反이민정책’,이달 말 금리결정을 좌우할 고용지표는 ‘만족’점수가 나왔으니 물가만 큰 변동이 없으면 금리는 동결하면 그만인 것이다. 제롬 파월 연준 의장은 그러나 “고용증가율이 0% 증가율 균형상태인 것은 맞지만 그다지...,https://www.etoday.co.kr/news/view/2573216,6,,1
"중동전쟁 한 달, ETF 지형도 재편…'불타는 유가' vs '빛바랜 금'","유가 상승이 인플레이션 우려를 자극하면서 미 연방준비제도(연준·Fed) 등 주요국 중앙은행의 금리 인하에 대한 기대감을 낮췄고, 이는 국채 금리 상승과 강달러 현상으로 이어졌기 때문이다. 이자를 지급하지 않는...",https://www.newsis.com/view/NISX20260406_0003579903,18,,1
"금·은 가격, 보합권 혼조세…미·이란 휴전 협상 관망","멜렉은 이어 그렇게 되면 각국 중앙은행, 특히 미 연방준비제도(연준)는 금리 인하 여력이 더 작아지고, 일부에서는 금리 인상 논의를 시작할 수도 있다면서 이는 금 가격에 부정적이라고 설명했다. 김미혜...",https://www.g-enews.com/view.php?ud=202604070151176115be84d87674_1,9,,1
"해싯 ""이란 전쟁 인플레이션은 일시적 혼란…호르무즈만 열리면 돼""","연준에 대해선 긍정적 공급 충격으로 금리인하가 가능할 것이라고 해싯은 내다봤다. 그는 ""연준의 독립성을 존중하지만 핵심은 현재 나타나고 있는 18조달러 규모의 신규 자본 지출과 같은 긍정적 공급 충격""이라며...",https://news.einfomax.co.kr/news/articleView.html?idxno=4407996,7,,1
미·이란 휴전 기대에 암호화폐 반등…스트레티지 추가 매수도 힘 보탰...,미국 연준의 금리 정책을 결정하는 회의 왜 중동 뉴스만 나와도 암호화폐 가격이 움직이나요? 전쟁이나 지정학적 긴장이 완화되면 투자자들은 다시 위험자산에 투자하려는 경향을 보입니다. 암호화폐는 대표적인...,https://www.tokenpost.kr/news/cryptocurrency/346870,9,,1
"연준 위원들 ""인플레이션, '주황색' 넘어 '빨간색'으로 변하는 중""",앞서 연준은 지난달 연방공개시장위원회(FOMC) 정례회의에서 기준금리를 3.50~3.75%로 동결한 바 있다. 당시 제롬 파월 연준 의장은 예상보다 더딘 물가 진전에 대해 답답함을 토로하기도 했다. 미 연방준비제도(Fed) 본부 [사진...,https://www.newspim.com/news/view/20260407000011,14,,1
"하셋 ""워시 취임 후 연준 금리 인하 예상""",하셋은 연준이 금리를 인하할 수 있는 능력을 갖춰야 한다고 말했다. 시장에서는 기준금리 인하 전망이 강화될 경우 위험자산 선호 심리에 영향을 줄 수 있다는 해석이 나온다.,https://www.tokenpost.kr/news/breaking/346818,9,,1
"비트코인, 연준보다 ETF가 움직인다…시장 구조 ‘정반대’로 뒤집혔다","기사요약 by TokenPost.ai 시장 해석 비트코인은 더 이상 금리·연준 정책을 따라 움직이는 자산이 아니라, 이를 선반영하는 구조로 전환됨 ETF를 통한 기관 자금이 시장 가격 결정의 핵심 축으로 부상하며 기존 상관관계...",https://www.tokenpost.kr/news/blockchain/346815,6,,1
"[조수빈의 말로 사람 읽기] [6] 논객 같은 이창용, 절제하는 파월, 시험...",“금리 인하 시기와 방향 전환은 데이터에 달려 있다”는 말도 모호한 신호를 보냈다. 물론 고충이 짐작된다.... 역시 곧 임기를 마치는 미 연준 의장 제롬 파월은 말이 적지만 신호는 명확하다. 건조한 단어로 자기 영역을...,https://www.chosun.com/opinion/specialist_column/2026/04/06/IM4HTWBFOBG45CQ455GKFN2OSY/?utm_source=naver&utm_medium=referral&utm_campaign=naver-news,6,,1
"웰스파고 ""연준, 2026년 금리 동결 전망""",웰스파고는 미국 연방준비제도(Fed)가 2026년 기준금리를 동결할 것으로 전망했다. Odaily에 따르면 웰스파고는 기존에 제시했던 연내 두 차례 금리 인하 전망을 수정해 금리 동결을 예상했다. 시장에서는 금리 인하...,https://www.tokenpost.kr/news/breaking/346783,14,,1
"뉴욕증시 프리뷰, '휴전 vs 확전' 기로 속 주가선물 혼조…넷플릭스·솔...",CME 그룹 페드워치에 따르면 금리선물 시장은 현재 연내 미 연방준비제도(Fed·연준)의 금리 인하 가능성을 사실상 반영하지 않고 있다. 이는 전쟁 발발 이전 연내 두 차례 인하 기대가 형성됐던 것과 대조적이다. 이날은...,https://www.newspim.com/news/view/20260406001279,12,,1
"씨티 “미 연준, 9월 금리인하 전망”","panewslab.com에 따르면, 씨티는 연준의 금리인하 개시 시점을 9월로 예상했다. 시장에서는 연준의 통화정책 경로 변화가 비트코인과 이더리움을 포함한 위험자산 전반에 영향을 줄 수 있다는 점에 주목하고 있다. 앞서...",https://www.tokenpost.kr/news/breaking/346772,6,,1
"[홍기빈의 두 번째 의견]비료, 신흥산업국, 지구적 스태그플레이션","연준이 금리를 올리면 달러가 강세를 보이고, 달러 표시 부채를 진 개도국들의 상환 부담이 커지며, 수입 물가가 오르면서 충격은 오히려 심화될 수 있다. IMF의 긴축 처방은 식량 보조금을 우선 삭감하도록 되어 있으며...",https://www.khan.co.kr/article/202604061952005,7,,1
"7만5000달러 돌파 vs 6만 달러 회귀…비트코인, CPI에 갈림길","CPI는 연준의 금리 정책을 좌우하고, 이는 달러 강세와 국채 수익률을 통해 위험자산 수요에 직접적인 영향을 준다. 클리블랜드 연은의 예측에 따르면 3월 CPI는 전월 대비 0.84% 상승할 것으로 전망된다. 이는 2월 0.27...",https://www.tokenpost.kr/news/cryptocurrency/346728,13,,1
"기관 ""금리인하 기대 약화·중동 충돌 종식 기대, 금값 상승 제한 가능...","Odaily에 따르면, 스카이 링크스 캐피털의 다니엘 타키에딘 최고경영자(CEO)는 시장의 미 연준 금리인하 기대가 약해지면서 금값 상승 여력이 제한될 수 있다고 밝혔다. 그는 미국의 견조한 고용 지표가 미 국채 수익률을...",https://www.tokenpost.kr/news/breaking/346718,9,,1
"美 '깜짝' 고용 증가…씨티 ""올해 첫 금리인하 6월 아닌 9월""","5일(현지시간) 로이터통신에 따르면 씨티그룹은 지난 3일 보고서에서 연준의 기준금리 예상 시기를 기존 6월, 7월, 9월에서 각각 9월, 10월, 12월로 조정했다. 단 올해 금리 인하 예상 폭은 0.75%포인트(p)로 기존 전망을...",https://www.mt.co.kr/world/2026/04/06/2026040618033994109,9,,1
호르무즈 봉쇄 장기화를 우려하는 이유,그러나 고유가 현상 지속으로 물가압력이 확대될 경우 미 연준을 위시한 주요국 중앙은행들이 금리 인하가 아닌 금리 인상에 나설 수 있음은 국채 금리 상승으로 나타나고 있다. 국채 금리 상승 리스크를 강조하는 이유는...,https://www.hani.co.kr/arti/economy/economy_general/1252915.html,12,,1
"이번 주 물가가 가른다…비트코인, 금리 경로 분기점","9일 발표될 2월 ‘근원 개인소비지출(PCE)’과 10일 공개되는 3월 소비자물가지수(CPI)가 연준의 금리 인하 시점을 가늠할 결정적 단서가 될 전망이다. 올해 초만 해도 금리 인하는 ‘기정사실’로 받아들여졌지만, 현재...",https://www.tokenpost.kr/news/cryptocurrency/346700,9,,1
전쟁이 악재로 작용하는 이유… 인플레이션과 금리 급등,"그러나 2022년 초 전쟁이 발발하면서 에너지와 원자재 가격이 급등했고, 연준은 뒤늦게 급격한 긴축으로 방향을 틀었다. 기준금리를 한 번에 0.75% 포인트씩 올리는 이른바 '자이언트 스탭'을 연이어 단행했다. 그 결과...",https://www.yonhapmidas.com/news/articleView.html?idxno=10245,9,,1
주담대 총량 줄고 금리 오르고...기업대출로 눈돌리는 은행권,"미국 연방준비제도(연준)의 고금리 기조 유지와 국내 물가 상승 압력이 지속되면서, 대출 금리의 기준이 되는 은행채 금리와 코픽스(COFIX)가 우상향 곡선을 그리고 있어서다. 이로 인해 은행들의 자금 조달 원가가 동반...",https://www.m-i.kr/news/articleView.html?idxno=1361980,10,,1
"[뉴욕증시 전략] ""스페이스X 원하면 그록 구독""…머스크식 끼워팔기","수요일에는 연준이 지난달 열린 FOMC의 의사록을 공개합니다. 금리인상에 대한 언급이 나온 만큼, 눈여겨보셔야겠습니다. 우리 시간으로는 목요일로 넘어가는 새벽 3시입니다. 또 요즘 급등한 항공유로 고전 중인...",https://biz.sbs.co.kr/article_hub/20000302343?division=NAVER,6,,1
전쟁 공포에 채권형펀드 자금 썰물…한 달 만에 2.7조 순유출,"3% 범위를 상향 이탈한 이후 다시 해당 범위로 복귀한 상황""이라며 ""궁극적으로는 중동 이슈에 따라 등락할 가능성이 높지만, 미국 연방준비제도(Fed·연준) 금리 인하에 대한 기대 시점이 뒤로 밀렸고 당분간 상·하방...",https://www.mt.co.kr/stock/2026/04/06/2026040616280658522,13,,1
"""금값, 원유 가격 떨어지면 5,000달러 위로 반등 가능""","기대는 금리 인하로 빠르게 돌아갈 수 있으며, 이는 금에 매우 우호적인 환경을 조성할 것""이라고 설명했다. 차기 연방준비제도(Fed·연준) 의장으로 지명된 케빈 워시 후보의 취임 역시 금 가격 상승에 긍정적인 영향을...",https://news.einfomax.co.kr/news/articleView.html?idxno=4407961,12,,1
외국인 이탈 지속…환율 1506.3원 [MTN 마감시황],"반면 LIG넥스원과 한화시스템은 5%대 하락했다.한지영 키움증권 연구원은 ""국내 증시는 중동 전쟁 리스크 추가 격상 여부와 미국의 3월 CPI 이후 시장 금리 변화, 3월 FOMC 의사록 및 주요 연준 인사 발언, 삼성전자...",https://news.mtn.co.kr/news-detail/2026040615593748756,12,,1
"[나이스 증시전망] 둔화된 외국인 매도세, 추세 변화 조짐일까",실제 발표되는 수치가 시장의 컨센서스보다 높게 나타날 경우 향후 연준 기준금리에 대한 상방압력은 전보다 커진다고 볼 수 있다. 이번 주에도 연준 관계자들의 공개 발언은 다양하게 펼쳐진다. 이들의 통화정책...,http://www.niceeconomy.co.kr/news/articleView.html?idxno=89600,9,,1
"'중동 사태' 속 원·달러 환율, 1.1원 오른 1506.3원 마감(종합)","이민혁 국민은행 연구원은 ""미국의 양호한 고용 지표가 확인되며 연준의 금리 인하 기대가 약화됐고, 달러 강세가 환율 하방을 제한한다""며 ""트럼프의 이란 시설 파괴 경고는 원화를 비롯한 위험 자산 회피 심리를...",https://www.newsis.com/view/NISX20260406_0003579700,14,,1
"[도쿄환시] 달러-엔, 美·이란 휴전 추진 소식에 소폭 하락",지난주 말 발표된 3월 미국 비농업 부문 고용자 수가 시장 예상치를 크게 웃돌고 실업률은 예상보다 낮게 나타나면서 연방준비제도(Fed·연준)가 금리 인하에 신중해질 것이라는 관측도 달러에 약세 압력을 가했다....,https://news.einfomax.co.kr/news/articleView.html?idxno=4407946,12,,1
"비트코인, 6만9000달러대 횡보…전망은?","중동 지역의 지정학적 긴장과 미국 금리 정책 불확실성이 맞물리면서 비트코인을 비롯한 가상자산 시장이... 28~29일 연준 회의가 있다""며 ""이후에는 이란 전쟁의 향방과 모건스탠리 MSBT의 최종 승인 및 출시 시점을...",https://www.asiatoday.co.kr/view.php?key=20260406010001654,10,,1
"[영상클립] ""전쟁 났는데 왜 금값은 떨어졌나""…2주 만에 다시 100만원 넘...","전쟁보다 더 중요한 건 ""미국이 금리를 언제 내릴 것인가""라는 점이다. 금값,금한돈,100만원,달러,미국금리,연준,트럼프,중동전쟁,미국이란전쟁,안전자산,국제금값,투자,환율,경제뉴스",http://www.newsworker.co.kr/news/articleView.html?idxno=420616,10,,1
"크루그먼 ""호르무즈 봉쇄, 美에도 문제""","이는 인플레이션 지표를 상승시켜 연준이 금리를 인상하거나 최소한 금리 인하를 보류하도록 압박할 것이라고 전망했다. 그는 다른 조건이 동일하다면 경유, 항공유, 플라스틱 가격 급등은 연준의 매파적 행보를 더욱...",https://news.einfomax.co.kr/news/articleView.html?idxno=4407939,6,,1
중동 긴장에 연준 전 들썩인 크립토 시장…비트코인 박스권 벗어날까,시 금리 부담으로 하락 리스크 대비 필요 CPI: 소비자물가지수로 실제 체감 물가를 반영하는 핵심 지표 PCE: 연준이 선호하는 물가 지표로 통화정책 판단 기준 박스권: 가격이 일정 범위 안에서 반복적으로 움직이는 구간...,https://www.tokenpost.kr/news/cryptocurrency/346640,9,,1
트럼프 대이란 압박에도 코스피 반등…시장선 '관망',"이후 미·이란 전쟁의 확전 여부를 비롯해 미국 3월 CPI 발표 이후 금리 흐름, 3월 FOMC 의사록과 연준 인사 발언, 삼성전자 잠정실적 발표 후 외국인 수급 변화 등을 소화하며 변동성 장세를 이어갈 가능성이 크다”고 밝혔다.",https://www.etnews.com/20260406000278,12,,1
"""증시,전쟁 불안과 노이즈는 주중 내내""…시나리오별 유가 등락 '주목'","국내 증시는 4월8일 이후 미-이란 전쟁 추가 악화 여부, 미국 3월 CPI 이후 시장 금리 변화, 3월 FOMC(연방공개시장위원회) 의사록 및 주요 연준 인사 발언, 삼성전자 잠정실적 이후 외국인 수급 향방 등에 영향을 받을...",http://www.seoulwire.com/news/articleView.html?idxno=715357,10,,1
"""석기시대 발언보다 더 무서운 것…금값을 누르는 진짜 힘""","이어 4월 3일 발표된 미국 3월 고용지표는 예상보다 강하게 나오며 연준의 금리 인하 기대를 다시 밀어냈다. 이번 주 금 시장은 “전쟁이면 금이 오른다”는 단순 공식을 넘어, 전쟁·유가·달러·금리·고용이 한꺼번에...",https://zdnet.co.kr/view/?no=20260406132824,7,,1
월드 뉴스 브리프 (기준일시: 2026년 04월 06일 월요일 10:00),1.미국 연준 인사 발언…금리 인하 시점 불확실성 확대 미국 연방준비제도 인사들의 발언이 이어지며 금리 인하 시점에 대한 불확실성이 확대되고 있습니다. 일부 위원들은 인플레이션 둔화 확인이 필요하다는 입장을...,http://www.ifs.or.kr/bbs/board.php?bo_table=globalnewsfocus&wr_id=303,6,,1
[자막뉴스] 예상 밖 결과에 기세등등 트럼프? 최악의 결과는 피한 미국,경제 전문가들은 연준이 적어도 다음 한두 번의 통화 정책 회의까지는 금리 인하를 보류할 가능성이 매우 크다고 보고 있습니다. 뉴욕에서 YTN 이승윤입니다. 촬영ㅣ최고은 화면제공ㅣ코닝 유튜브 자막뉴스ㅣ이미영...,https://www.ytn.co.kr/_ln/0134_202604061134270793,2,,1
"환율, 트럼프 대통령의 최후통첩 앞두고 긴장감...1500원대 횡보",이에 더해 지난 3일(현지 시각) 공개된 미국 고용지표가 예상 밖의 호실적으로 인한 미국 연준의 금리 인하 기대감 감소에 달러 강세를 자극했다. 미국 노동부에 따르면 3월 비농업부문의 고용이 전월 대비 17만 8000명...,https://www.g-enews.com/view.php?ud=202604061042158110bb91c46fcd_1,11,,1
미국 3월 물가 1% 폭등 전망…이란 전쟁발 '기름값 쇼크' 현실로,중동 전쟁으로 인한 새로운 인플레이션 위험과 노동 시장의 안정세가 맞물리면서 연준이 금리를 내릴 명분이 약해졌기 때문이다. 안나 웡 블룸버그 이코노미스트를 비롯한 전문가들은 3월 고용 지표와 낮은 실업률을...,https://www.newsis.com/view/NISX20260406_0003579147,6,,1
[뉴욕 주간 프리뷰] ②트럼프 '화요일 8시' 시한에 3월 CPI까지,"연방준비제도(연준, Fed)의 연방공개시장위원회(FOMC) 의사록도 공개된다. 2월28일 이란전쟁 발발 보름여... 이어 주택건설업체 톨브라더스와 DR호튼에 대해 ""터무니없이 저렴하다""며 차후 금리 하락 시 직접적인 수혜가...",https://www.newspim.com/news/view/20260406000410,14,,1
"비트코인, 4만 달러 붕괴 시그널...미국 국채 금리 폭주에 투자자들 비...",디젤과 비료 및 유가 급등으로 12개월 기대 인플레이션이 5.2%에 달하면서 연준이 금리를 인하하기 어려운 스태그플레이션 상황이 전개되고 있다. 시장은 당초 예상했던 금리 인하 기대감을 거둬들이고 있으며 오히려...,http://coinreaders.com/228931,10,,1
[오늘의 금값시세] 4월 6일 금시세(순금·24k)는?,지난 3일(현지 시각) 공개된 미국 고용지표가 예상 밖의 호조를 보이면서 미국 연준의 금리 인하 기대가 줄어든 것도 달러 강세를 뒷받침하고 있다. 미 노동부에 따르면 3월 비농업부문 고용은 전월 대비 17만8천명...,https://www.ggilbo.com/news/articleView.html?idxno=1150967,7,,1
"환율, 미국의 이란 공격유예 시한 임박…1510원대로 상승 출발",시장 예상치인 6만명 증가도 훌쩍 뛰어넘으면서 미국 연준의 금리인하 기대가 줄어들자 달러 강세로 이어졌다. 이민혁 국민은행 연구원은 “미국의 양호한 고용 지표가 확인되며 연준의 금리인하 기대가 약화됐고...,https://www.news2day.co.kr/article/20260406500111,13,,1
"BTC·ETH 이번주 하락·횡보 전망 우세…투자자 35% ""트럼프 발언 속 시장...",국내 가상자산 투자자 10명 중 3명은 미국 연준의 금리 정책과 관계없이 비트코인의 가격 상승을 확신하고 있는 것으로 나타났다. 다만 이번주 단기 가격 전망에 대해서는 비트코인과 이더리움 모두 하락세를...,https://www.the-stock.kr/news/articleView.html?idxno=32306,9,,1
"[FX스팟 주포] 키움證 유지원 ""리테일 흐름이 힌트…매일 일지 쓴다""","현재 중동 전쟁에 따른 글로벌 펀더멘털 변화와 미국 연방준비제도(Fed·연준) 의장 교체 등도 시장 변수로... 금리, 채권, 스와프 트레이더들과 함께 리뷰하면서 스팟 움직임을 큰 그림에서 공유하고 있다. --거래할 때 꼭...",https://news.einfomax.co.kr/news/articleView.html?idxno=4407864,13,,1
중동 전쟁 이후 韓·美 금리 디커플링 완화…'유사한 통화정책 기대 반...,"이후 9월 들어 연준이 추가 금리 인하를 단행하자, 한국과 미국 모두 추가 금리 인하 기대가 반영되면서 한달가량 잠깐 '플러스(+)'로 돌아서기도 했지만, 11월 들어 이창용 한은 총재의 '방향 전환' 발언으로 한은의 금리...",https://news.einfomax.co.kr/news/articleView.html?idxno=4407862,11,,1
[뉴욕은 지금] 전쟁은 곧 끝날 거라 믿는 채권시장,안전자산 선호 속 연방준비제도(연준·Fed)의 추가 긴축 가능성은 제한적으로 반영되고 있다. 오히려 향후 정책 완화 가능성까지 일부 가격에 반영되면서 금리 상승 압력을 방어하고 있다. 시카고상품거래소(CME)...,https://news.einfomax.co.kr/news/articleView.html?idxno=4407854,13,,1
"엔화, 유가 고공행진에 1달러=159엔대 후반 하락 출발","시장에선 중동 정세가 한층 명확해질 때까지 연방준비제도(Fed 연준)가 금리인하를 보류하는 게 충분히 가능하다는 관측이 퍼졌다. 이에 미국 장기금리가 올라 미일 금리차를 확대하면서 엔 매도, 달러 매수를...",https://www.newsis.com/view/NISX20260406_0003578926,12,,1
중동 타격 시한 연기 속 환율 1510원대 상승,여기에 지난 주말 발표된 미국의 3월 비농업 고용자 수가 시장 예상치를 크게 상회하면서 연준의 금리 인상 가능성이 부각되어 달러 가치를 밀어 올리는 요인으로 작용했다. 미국과 유럽 증시는 3일 부활절 연휴가...,https://www.junggi.co.kr/news/articleView.html?idxno=36023,10,,1
오늘 금시세(금값) 얼마?…'상승 제한 요인 살펴보면',실제로 시장에서는 연준의 금리 동결 가능성이 높게 반영되면서 금 가격의 추가 상승 속도가 제한되는 흐름이 이어지고 있다. 최근 시장은 '기술주 상승 + 금 가격 제한적 상승'이라는 이중 구조로 전개되고...,https://www.cbci.co.kr/news/articleView.html?idxno=565716,6,,1
"트럼프 이란 공격유예 최후통첩…환율 5.1원 오르며 1,510.3원",미국 고용지표가 예상보다 호조를 보이면서 연준의 금리 인하 기대가 줄어든 점도 달러 강세를 뒷받침했다. 미 노동부에 따르면 3월 비농업부문 고용은 전월 대비 17만8천 명 증가해 2024년 12월 이후 15개월 만에...,https://www.fntoday.co.kr/news/articleView.html?idxno=381598,10,,1
[신윤우의 외환분석] 美·이란의 '지옥' 예고,미국 연방준비제도(Fed·연준)가 연내 기준 금리를 인하할 것이란 기대가 후퇴한 결과다. 미 노동부에 따르면 3월 비농업부문 고용은 전월 대비 17만8천명 증가했다. 지난 2024년 12월(23만7천명) 이후 15개월 만의 최고치를...,https://news.einfomax.co.kr/news/articleView.html?idxno=4407847,11,,1
[손지현의 채권분석] 금통위 주간까지 번진 중동 전쟁,실제로 국제유가가 급등하더라도 미 국채 금리가 하락하는 흐름도 종종 나타났다. 다만 미국의 3월 고용보고서로 인해 연방준비제도(Fed·연준)가 물가 안정과 고용 안정 등 이중 책무 가운데 중동 전쟁으로 인한...,https://news.einfomax.co.kr/news/articleView.html?idxno=4407846,16,,1
[KOL 인덱스] “극단적 공포 속 알트 신호 쏟아져” 커뮤니티 이목… WI...,매크로·온체인·잡담형 이슈도 동시 노출… ‘연준 동결 95.5%’와 BTC 활용도 저점 언급 시장 외 변수로는 비농업고용(NFP) 이후 연준 금리 동결 확률이 95.5%로 뛰었다는 업데이트가 공유되며 매크로 변동성...,https://www.tokenpost.kr/news/cryptocurrency/346410,6,,1
"트럼프 이란 공격유예 시한 임박…환율 5.1원 오른 1,510.3원",지난 3일(현지 시각) 공개된 미국 고용지표가 예상 밖의 호조를 보이면서 미국 연준의 금리 인하 기대가 줄어든 것도 달러 강세를 뒷받침하고 있다. 국제 유가도 상승세다. 이날 오전 아시아장에서 5월 인도분 서부...,https://www.jnilbo.com/news/articleView.html?idxno=90000029176,10,,1
"코스피, 트럼프 '최후통첩' 앞두고 5400선 회복…환율, 1510원 출발","한지영 키움증권 연구원은 ""한국 증시는 8일 이후 미-이란 전쟁 추가 악화 여부, 미국의 3월 소비자물가지수(CPI) 발표 이후 시장 금리 변화, 3월 연방공개시장위원회(FOMC) 의사록 및 주요 연준 인사 발언...",https://www.newsworks.co.kr/news/articleView.html?idxno=836675,14,,1
"바이낸스 ""비트코인, 연준 통화정책 더이상 안따라가""","(제작=챗GPT) 이전에는 연준이 금리 인상 또는 금리 인하를 시사할 때마다 비트코인 시세가 영향을 받았다면, ETF 승인 이후에는 연준의 금리정책 방향과 비트코인 시세 연관성이 점차 떨어지고 있다는 설명이다....",https://zdnet.co.kr/view/?no=20260406082529,6,,1
“은행 자금 촘촘히 뒤섞여…사모 대출엔 거대한 ‘정보 공백’이 있다...,은행이 예금·대출 금리 차로 쉽게 돈을 번다는 농담이었습니다. 실제로 약 30년 전만 해도 미국 은행들은... 결국 연준이 이들을 구제할 수밖에 없는 상황을 의미한다.) -어떤 경우에 그런 일이 발생할 수 있을까요. “어떤...,https://www.chosun.com/economy/economy_general/2026/04/06/X75QRYMWXZHRPP6M6FWILTSLHQ/?utm_source=naver&utm_medium=referral&utm_campaign=naver-news,10,,1
트럼프 최후 통첩에 환율 오름세…1510원대 출발,"이민혁 국민은행 연구원은 ""미국의 양호한 고용 지표가 확인되며 연준의 금리 인하 기대가 약화됐고, 달러 강세가 환율 하방을 제한한다""며 ""트럼프의 이란 시설 파괴 경고는 원화를 비롯한 위험 자산 회피 심리를...",https://www.newsis.com/view/NISX20260406_0003578771,14,,1
트럼프 “이란에 지옥 보여줄 것” 위협하자…금값 와르르,"에너지 가격 급등이 인플레이션 우려를 키우면서 금리인하 기대가 후퇴한 것이 주된 원인으로 꼽힌다. 이자를 지급하지 않는 금은 금리 인하 시 매력이 높아지는데, 그 전망이 약해진 것이다. 여기에 투자자들이 다른...",http://www.edaily.co.kr/news/newspath.asp?newsid=02387846645413496,1,,0
고용 호조·중앙은행 엑소더스 겹악재… 수급 불균형 늪 빠진 미 국채,소비와 물가 상승 압력을 높여 연준이 금리 인하를 서두르지 않아도 되는 여건을 조성하기 때문이다. 폴 애쉬워스 캐피털 이코노믹스 이코노미스트는 “지난달 엄청난 고용 증가는 경제의 회복력을 고려할 때 금리...,https://www.chosun.com/economy/economy_general/2026/04/06/ETWIB5CXUNFBFCSS5OLCWTDUFQ/?utm_source=naver&utm_medium=referral&utm_campaign=naver-news,12,,1
[뉴욕 마켓 브리핑](6일),"고용시장이 예상보다 견고하다는 점이 확인되면서 올해 연방준비제도(Fed·연준)가 기준금리 인상에 나설 수 있다는 베팅이 다시 강해진 영향. 성 금요일을 맞아 주식, 원유시장이 휴장한 가운데...",https://news.einfomax.co.kr/news/articleView.html?idxno=4407824,15,,1
금시세(금값) 6일,"전쟁이 불러온 유가 폭등과 인플레이션 우려가 아직 고용 지표와 경제 전반에 완전히 반영되지 않은 만큼, 연준은 당분간 금리 인하 카드를 서랍 속에 깊이 넣어두고 팍팍한 고금리 환경을 이어갈 가능성이 높다....",https://www.bntnews.co.kr/article/view/bnt202604060083,6,,1
[금주 뉴욕증시 전망] 중동 변수에 또 흔들리나…CPI까지 겹친 '변동성 ...,"통해 연준이 중동 리스크에 따른 물가 영향을 어떻게 평가하고 있는지 확인할 필요가 있다""고 말했다. 물가 지표 결과는 향후 통화정책 기대에도 영향을 줄 수 있다. 나정환 NH투자증권 연구원은 ""금리 인하 기대가...",https://www.goodkyung.com/news/articleView.html?idxno=285434,9,,1
"NDF, 1,509.90/ 1,510.10원…6.20원↑(재송)",고용 여건이 양호한 상황으로 확인되면서 미국 연방준비제도(Fed·연준)가 연내 기준 금리를 인하할 것이란 기대는 후퇴했고 달러화 강세로 이어졌다. 달러 인덱스는 다시 100 위로 올라섰다. 케빈 해싯 미국...,https://news.einfomax.co.kr/news/articleView.html?idxno=4407820,12,,1
중동전쟁 타격 반영 소비자물가 지표 촉각 [뉴욕인사이트],"발표 연준 의사록, 4분기 GDP 수정치 공개 델타항공 등 1분기 실적시즌 전초전 개시 이번주(6~10일)... 전쟁발 인플레이션 우려로 인해 시장에서는 올해 기준금리 인하 가능성을 사실상 배제하는 분위기다. 금리 인하는...",https://www.etoday.co.kr/news/view/2572881,10,,1
"트럼프 48시간 경고…""증시 'D-day' 확인 후 전략 수정해야""","이재만 하나증권 연구원은 ""향후 금융시장은 호르무즈 해협을 통과하는 선박 수 증가 여부와 연준의 기준금리 인상 가능성 하락 여부를 확인하며 점진적인 정상화 과정이 진행될 것""이라고 설명했다. 그러면서 ""지수...",https://news.einfomax.co.kr/news/articleView.html?idxno=4407800,10,,1
"""중동 전쟁 '긴장감 vs 낙관론' 여전 ⋯1510원 안팎서 등락"" [환율전망]",이투데이=배근미 기자 | 7일 원·달러환율 등락 범위 1506~1515원 전망 미국과 이란 협상 난항 속 불확실성에 소폭 상승 원·달러환율이 1510원 안팎에서 등락할 것이라는 전망이 나왔다. 민경원 우리은행 선임연구원은 7일...,https://www.etoday.co.kr/news/view/2573273,7,,1
[어제장 오늘장] 삼성전자 실적 '어닝 서프라이즈'…20만전자 돌파할까,미국이 이란을 상대로 다시 한번 최후 통첩을 한 이후 오름세를 보이던 환율은 상승폭을 줄이며 마감했습니다. 정규장 마감 시간 달러 기준 1원 10전 오른 1506원 30전에 거래를 마쳤습니다. 다만 야간거래에선 빠르게...,https://biz.sbs.co.kr/article_hub/20000302468?division=NAVER,5,,1
"삼성전자, 분기 영업익 57조…한국 기업사 신기원 열었다(종합)",반도체 수출 비중이 높은 특성상 원·달러 환율 상승은 실적에 긍정적으로 작용했다. ‘피크 초입’ 평가…실적 상승세 이어질까 다만 완제품(DX)부문은 상대적으로 부진했을 것으로 보인다. 스마트폰 사업을 총괄하는...,http://www.edaily.co.kr/news/newspath.asp?newsid=02568246645413824,5,,1
고환율·고유가 반영은 아직…대한항공 1Q 영업이익 8.35%↑ 전망,"이서연 상상인증권 연구원은 ""3월 초 미-이란 전쟁 발발에 따라 항공 유가는 배럴당 200달러대, 달러-원 환율은 1천500원대에 진입했다""며 ""이는 1분기 및 향후 영업비용에 부담을 가중할 것""이라고 예상했다. 박수영...",https://news.einfomax.co.kr/news/articleView.html?idxno=4408023,4,,1
2026년 케냐 경제·투자 전망,"물가 및 환율 안정: 3년 전 9.6%에 달했던 인플레이션이 4.4% 수준으로 안정화되었으며, 환율은 달러당 129실링 내외로 방어되고 있다. 이를 반영하듯 최근 스탠더드앤드푸어스(S&P)는 케냐의 국가 신용등급을 'B-'에서 'B...",http://dream.kotra.or.kr/kotranews/cms/news/actionKotraBoardDetail.do?SITE_NO=3&MENU_ID=80&CONTENTS_NO=2&bbsGbn=242&bbsSn=242&pNttSn=240370,4,,1
"분기 50조 벽 깬 韓 최초 기업…삼성전자, AI 반도체로 새 역사",아울러 수출 비중이 큰 반도체 산업 특성상 최근 이어지고 있는 달러 강세(원화 약세) 등 우호적인 환율 흐름 역시 원화 환산 이익을 극대화하는 겹호재로 작용했다. 세트 사업은 ‘부품값의 역설’…사업부별 희비...,https://www.sedaily.com/article/20029113?ref=naver,5,,1
"IBK투자, LG이노텍 목표주가↑…""전 사업부 경쟁력 상승""","또 ""2026년 1분기 영업이익은 2025년 4분기 대비 24.7% 감소한 2천446억원으로 이전 전망 대비 큰 폭으로 증가할 것으로 예상된다""며 ""원/달러 환율 및 예상보다 높았던 수요로 가동률이 개선된 영향""이라고 강조했다. 김...",https://www.yna.co.kr/view/AKR20260407021700008?input=1195m,5,,1
뉴욕증시 상승...협상 기대감·불안감 교차-[글로벌 마감 시황],오늘 장중 엔 달러 환율이 다시 160엔까지 오르기도 했죠. 어제 일본의 10년물 국채금리가 27년 만에 최고치로 오른 영향을 받았는데 현재는 159엔 중반으로 다시 떨어졌고요. 반면에 원 달러 환율은 이란이 일시적 휴전이...,http://www.wowtv.co.kr/NewsCenter/News/Read?articleId=A202604070162&t=NN,12,,1
"삼성전자 1분기 영업익 57조, '어닝 서프라이즈'",반도체 슈퍼 사이클과 HBM 경쟁력 회복에 원/달러 환율 급등까지 겹치면서 시장 예상치를 웃도는 실적 달성이 가능했던 것으로 분석된다. 우선 1분기 범용 D램과 낸드 가격은 전 분기 대비 약 90% 상승한 것으로...,https://www.viewsnnews.com/article?q=234920,5,,1
"[칼럼] 세금, 대접 잘못하면 '동티'난다","우리 돈의 가치가 달러당 천 원일 때가 얼마나 행복했던가. 그 경제성장과 국가 발전의 과실은 얼마나 달콤했던가. 고물가, 고환율, 고금리의 3고에 민생은 갈수록 팍팍해지는데 환율이 천오백 원이 넘어도 위정자들은...",https://www.sejungilbo.com/news/articleView.html?idxno=57878,5,,1
농가 덮친 ‘중동발 3高’…생산비 솟는데 대책은 부실,여기에 원달러 환율마저 1500원을 넘나들며 물류비와 외국산 농자재 가격을 밀어올리고 있다. ‘중동발 3고(高) 현상’이 농가 경영난을 압박하자 정부는 추가경정예산(추경)안을 편성하며 대책 마련에 나섰다. 그러나...,https://www.nongmin.com/article/20260406500674,6,,1
"환율 급등에 ""지금이 고점""…5대 은행, 달러 예금 한 달 새 65억 달러 '썰...",원·달러 환율이 1500원대에 고착화되자 국내 주요 은행의 달러 예금 잔액이 한 달 새 10% 가까이 급감했다. 중동 전쟁 여파로 변동성이 커진 상황에서 환율이 고점에 다다랐다고 판단한 투자자들이 대거 차익 실현에 나선...,https://www.dailian.co.kr/news/view/1630110/?sc=Naver,7,,1
"'휴전 무산'에 위험회피 확대…환율 1,500원대 후반 상승","원/달러 환율이 중동 긴장 고조 영향으로 야간 거래에서 반등하며 1,510원선에 근접했다. 7일(한국시간) 새벽 달러-원 환율은 전장 서울환시 종가보다 4.60원 상승한 1,509.80원에 거래를 마쳤다. 이는 주간 거래 종가(1,506....",http://www.issuenbiz.com/news/articleView.html?idxno=75217,4,,1
"'2분기 공포' 도사리는 항공업계…LCC, 비용 절감 '사투'","항공기 리스료, 정비비 등이 달러로 결제되는 구조상 고환율도 큰 부담으로 작용한다. 여기에 중동 상공을 지나가지 못하는 상황에서 우회로를 이용해야 하는 탓에 비행 거리가 길어져 연료는 배로 투입돼야 하는...",https://news.mtn.co.kr/news-detail/2026040613443289395,4,,1
"뉴욕증시, 소폭 상승⋯미ㆍ이란 휴전 기대 vs 트럼프 공격 위협 불안 교...","28% 하락한 99.98을 기록했다. 엔화는 달러당 160엔 수준에 근접했으며, 일본 가타야마 사쓰키 재무상은 최근 환율 변동성이 크게 확대됐다며 투기적 움직임에 대응할 준비가 돼 있다고 경고한 바 있다.",https://www.etoday.co.kr/news/view/2573250,4,,1
신현송 한은 총재 후보 청문회 쟁점은…'외화자산·이해충돌' 검증대,"최근 원/달러 환율 상승 흐름과 맞물리며 외화자산 변동 가능성도 함께 주목받고 있다. 따라서 이번 청문회에서는 신 후보자의 외화자산 보유 현황과 관리 방안, 환헤지 여부 등이 주요 질의 대상이 될 전망이다. 환율 관련...",https://www.cstimes.com/news/articleView.html?idxno=700977,9,,1
"원·달러 환율, 2.75원 내린 1508.05원 출발 전망","0을 기록하며 전월(56.1)과 시장 예상치를 모두 하회했다. 김유미 키움증권 연구원은 ""원·달러 환율은 하락 출발할 것으로 예상하며 약보합권 달러 등에 소폭의 하락세는 이어갈 것으로 전망한다""라고 설명했다.",http://www.joseilbo.com/news/news_read.php?uid=566062&class=18&grp=,4,,1
"LG이노텍, 둔화된 계절성과 경쟁력 제고…목표가↑-IBK",이전 전망 대비 큰 폭으로 증가한 규모”라며 “원·달러 환율 및 예상보다 높았던 수요로 가동률이 개선된 영향”이라고 분석했다. 2026년 실적은 이전 전망 대비 상향 조정했다. 그는 “모바일 솔루션 사업부 실적이...,http://www.edaily.co.kr/news/newspath.asp?newsid=02371446645413824,5,,1
"원·달러 NDF 1508.0/1508.1원, 3.1원 상승..이란 일시적 휴전 거부",이투데이=김남현 기자 | 역외환율이 상승했다. 이란이 영구적 종전을 요구하며 ‘45일 휴전안’을... 6일(현지시간) 뉴욕 차액결제선물환(NDF)시장에서 원·달러 1개월물은 1508.0/1508.1원에 최종 호가되며 거래를...,https://www.etoday.co.kr/news/view/2573247,4,,1
[뉴욕환시] 달러 사흘만에↓…이란 美 제안 거부에 낙폭 축소,유로-달러 환율은 1.15428달러로 전장보다 0.00283달러(0.246%) 높아졌다. 달러인덱스는 99.999로 0.223포인트(0.223%) 하락했다. 유럽과 영국의 시장이 휴장하면서 거래는 한산한 편이었다. 달러는 미국과 이란의 협상...,https://news.einfomax.co.kr/news/articleView.html?idxno=4408009,4,,1
[오늘의 경제뉴스] 계엄여파에도 관리재정수지 적자 감소…국가채무 13...,"이밖에 재정 관리가 느슨해졌다는 지적에는 ""필요한 분야에는 과감히 지출하고, 지출 구조를 통해 효율적으로 관리하고 있다""고 반박했으며, 관리재정수지 개선이 원달러 환율 상승에 따른 명목 GDP 증가...",https://www.newsverse.kr/news/articleView.html?idxno=10076,4,,1
[브라질증시] 미-이란 휴전 합의 결말 기다리며 강보합 마감...헤알 강세,"달러/헤알 환율은 5.1465헤알로 헤알화 가치가 0.2% 올랐다. 브라질 10년물 국채 수익률은 13.955%로, 전 거래일보다 0.105%포인트 하락했다. 브라질 BM&F 보베스파 증권거래소 플로어에서 시세 현황판을 가리키는 남성 [사진...",https://www.newspim.com/news/view/20260407000029,7,,1
중동전쟁에 경제 심리 '꽁꽁'…뉴스심리지수 11개월 만 최저,2월에 1420원대까지 내려왔던 달러-원 환율은 중동 전쟁 이후 급등해 글로벌 금융위기 이후 처음으로 1500원대로 올라섰습니다. 사상 처음 '6천피'(코스피 6000선)를 달성했던 코스피는 크게 떨어져 한때 5000선을...,https://biz.sbs.co.kr/article_hub/20000302456?division=NAVER,13,,1
"[돈돈돈] ""해외 주식 팔면 세금 깎아준다""… RIA, 출시 8일 만에 9만좌 돌...",정부는 원/달러 환율이 1500원을 돌파하자 해외 증시로 빠져나간 투자금을 국내 증시로 유도해 시장을 활성화하기 위해 지난해 말부터 RIA 계좌 도입을 논의해왔다. RIA 계좌의 과세특례 대상은 지난해 12월 23일 기준...,https://www.newscj.com/news/articleView.html?idxno=3391818,5,,1
BTS 공연 뒤 하이브 주가 급락… 주식시장의 재료 소멸 법칙,"원/달러 환율마저 우호적인 상황이다. 인간 본능은 기대가 클수록 더 오래 들고 있게 만든다. 기대감이 절정에 이르는 순간이 바로 팔아야 할 타이밍이라는 것을 머리로는 알지만, 손이 따라가지 않는다. 그래서 이 법칙은...",https://weekly.donga.com/3/all/11/6166507/1,6,,1
‘외화 부자’ 신현송 한은 총재 청문회 15일 개최…쟁점 세 가지,"문제는 이 같은 자산 구성이 원·달러 환율이 오를수록 재산 증가로 이어지는 구조라는 점이다. 외화 예금과 해외 채권, 해외 부동산은 원화 가치가 떨어질수록 원화 환산액이 커진다. 외환시장 안정을 맡아야 할...",https://www.kmib.co.kr/article/view.asp?arcid=0029640790&code=61141111&cp=nv,12,,1
"[스타트 브리핑] 유럽 영공 제한에 미군 초장거리 비행...""각성제로 버틴...","국제결제은행(BIS)은 매월 실질실효환율을 발표하는데쉽게 말하면 각국 통화의 구매력 가치와 그 나라... 중동 전쟁에 따른 달러 강세와 국제유가 상승으로 원화의 힘이 빠지고 있는 상황인데요. 결국, 전쟁 관련...",https://www.ytn.co.kr/_ln/0104_202604070701227546,8,,1
중동전쟁에 뉴스심리지수 11개월 만 최저…우크라전 후 최대폭↓,"2월에 1,420원대까지 내려왔던 원/달러 환율은 중동 전쟁 이후 급등해 글로벌 금융위기 이후 처음으로 1,500원대로 올라섰다. 사상 처음 '6천피'(코스피 6,000선)를 달성했던 코스피는 크게 떨어져 한때 5,000선을...",https://www.yna.co.kr/view/AKR20260406146000002?input=1195m,13,,1
"美-이란 협상 상황 '촉각'...달러 '약보합', 엔화환율도 '관망세'",엔-달러 환율은 159.69 엔으로 0.01% 소폭 올라 달러 대비 엔화의 가치는 소폭 떨어지며 보합세를 나타냈다. 인베스팅닷컴에 따르면 이날(현지시각 6일 오후 3시 16분 기준) 주요 6개국 통화 대비 미국달러화의 가치 수준을...,http://www.choicenews.co.kr/news/articleView.html?idxno=163383,4,,1
"달러-원, 이란 '일시적 휴전' 거부에 강세 반등…1,509.80원 마감","오전 2시 46분께 달러-엔 환율은 159.763엔, 유로-달러 환율은 1.15420달러에 거래됐다. 역외 달러-위안 환율은 6.8773위안에 움직였다. 엔-원 재정환율은 100엔당 942.80원을 나타냈고, 위안-원 환율은 219.00원에 거래됐다....",https://www.tfmedia.co.kr/news/article.html?no=203460,4,,1
"구윤철 “추경, 중동전 3개월 염두한 것” [美·이란 전쟁]",구 부총리는 앞서 국무회의 겸 비상경제점검회의에서 “원·달러 환율이 1510원대를 돌파했고 국고채 3년물 금리도 3.4%까지 올라온 상황”이라며 “유가 상승에 따른 물가 압력과 소비심리 둔화가 동시에 나타날 것으로...,https://www.segye.com/newsView/20260406518577?OutUrl=naver,5,,1
AI 확산에 사료값 인상까지… 치킨값 또 뛸까?,"여기에 원달러 환율이 1530원을 웃도는 고환율 상황이 이어지면서 사료 수입 가격도 올랐다. 사료비 인상은 축산 농가의 생산비 부담으로 이어지며, 닭고기 가격을 밀어 올린다. 실제로 양계협회에 따르면 일부...",https://www.viva100.com/article/20260406500867,4,,1
1분기 K-푸드 수출 4% 증가…성장세 유지 속 중동 변수 대응 본격화,"여기에 고환율 환경도 달러 기준 가격 경쟁력을 높이며 수출 확대에 긍정적으로 작용했다. 지역별로는 중동 걸프협력회의(GCC) 지역 수출이 32.3% 증가하며 가장 높은 증가율을 기록했고, 중화권과 북미 등 주요...",https://www.news2day.co.kr/article/20260406500237,4,,1
“달러는 더 이상 안전하지 않다” 기축통화 신뢰의 균열... 한국 경제 ...,"만약 글로벌 결제 비중에서 달러가 차지하는 영역이 현재의 40퍼센트대에서 급격히 축소될 경우, 한국이 보유한 수천억 달러의 가치는 종잇조각에 불과한 위험 자산으로 변질될 수 있다. 이는 단순한 환율 변동의 문제가...",https://www.g-enews.com/view.php?ud=20260407054812282f4f9a46d5b_1,4,,1
"'유가 100달러' 뉴노멀 시대, 진퇴양난 빠진 정유업계[우보세]","역대급 프리미엄이 적용된 유가에 달러당 1500원대에 달한 환율 변수까지 더해 원가 부담이 가중되고 있다. 여기에 정부가 석유제품 수출을 전년 대비 100% 이내로 제한했고, 국내 공급 물량에는 최고가격제까지 적용하고...",https://www.mt.co.kr/opinion/2026/04/07/2026040311492223914,4,,1
"골드만삭스 ""中 부동산 침체 최악은 지났다… 이란 전쟁이 '자립 경제' ...",틸턴은 연말까지 위안화 환율이 달러당 6.70위안까지 상승(가치 상승)할 것으로 내다봤다. 중국의 낮은 인플레이션율로 인해 실질 구매력 측면에서 위안화는 여전히 저평가되어 있다는 판단이다. 위안화가 강해지면 금융...,https://www.g-enews.com/view.php?ud=2026040617523798740c8c1c064d_1,5,,1
■ 4월 7일(화) 경제 캘린더,"■ 재경부, 오늘 오전 외환시장 간담회…환율 동향·정책 제언 이란전쟁 여파로 원·달러 환율이 출렁이고 있는 가운데, 정부가 오늘 오전 외환시장 간담회를 개최합니다. 재정경제부 국제경제관리관 주재로 열리는...",https://www.ytn.co.kr/_ln/0102_202604070507152232,4,,1
"삼성전자 실적 기대감, 코스피 5400선 재탈환… 환율·금값은 ‘불안불...","●환율, 45일 휴전 소식에 상승폭 줄여 원달러 환율은 이날 서울 외환시장에서 전 거래일 주간거래 종가보다 5.1원 오른 1510.3원에 개장했다. 이후 중동 긴장 고조로 상승 압력을 받다가 미국과 이란의 45일 휴전...",https://www.seoul.co.kr/news/economy/finance/2026/04/07/20260407031005?wlog_tag3=naver,7,,1
"[유혜미 칼럼] 고유가 속 돈풀기, 인플레이션 자극한다",주식시장은 롤러코스터 장세를 반복하고 원·달러 환율은 1500원을 넘어섰다. 이런 금융시장의 불안은 중동 전쟁에 따른 유가 급등이 한국의 거시경제에 미칠 영향이 그만큼 심각하다는 신호다. 이렇듯 한국 경제에 짙은...,https://www.sedaily.com/article/20028663?ref=naver,6,,1
삼성전자 오늘 '역대급' 실적 나오나…'20만전자' 탈환 기대,"이어 ""여기에 원·달러 환율 상승에 따른 환차익 효과도 긍정적으로 작용할 전망""이라고 덧붙였다. 이어 ""다만 반도체 가격 상승이 스마트폰 및 가전 부문의 원가 부담으로 이어질 가능성이 있어 사업부별 실적...",https://www.newsis.com/view/NISX20260406_0003579994,5,,1
"달러-원, 이란 '일시적 휴전' 거부에 반등…1,509.80원 마감","오전 2시 46분께 달러-엔 환율은 159.763엔, 유로-달러 환율은 1.15420달러에 거래됐다. 역외 달러-위안 환율은 6.8773위안에 움직였다. 엔-원 재정환율은 100엔당 942.80원을 나타냈고, 위안-원 환율은 219.00원에 거래됐다....",https://news.einfomax.co.kr/news/articleView.html?idxno=4407998,4,,1
미 상원 ‘가상자산 시장구조법’ 4월 처리 속도…SEC→CFTC 전환 주목,"원달러환율 1508.40원을 적용하면 1억9300만달러는 약 2910억 원 수준이다. 가상자산 시장은 이번 법안의 진전에 따라 규제 불확실성 완화 기대를 키울 수 있지만, 실제 통과까지는 위원회 조율과 정치 일정이라는 변수가...",https://www.tokenpost.kr/news/international/346881,7,,1
[시론] 물가상승의 소용돌이와 추경,"최근 3년 동안 원달러 환율을 생각해보면, 기준금리가 역전 상태였다. 또한 우리나라 신M2 기준으로도 약 11% 더 풀려 환율은 1350원에서 1480원으로 상승했다고 볼 수 있다. 여기에 국내총생산의 1%에 달하는 돈이 풀리게...",https://www.dnews.co.kr/uhtml/view.jsp?idxno=202604051838208470009,8,,1
"달러·원, 이란 일시적 휴전 거부에 반등...1,509.80원 마감","이란이 45일 휴전안을 거부하면서 달러·원 환율이 빠르게 반등해 1,510원 선에 바짝 다가섰습니다. 달러·원 환율은 전장 종가 대비 4.60원 오른 1,509.80원에 거래를 마쳤습니다. 앞서 미 언론들은 45일간의 휴전과...",https://www.ytn.co.kr/_ln/0104_202604070404375975,4,,1
"“중동 전쟁·구글 AI 쇼크… K-증시 ‘이중 충격’, 반도체 흔들리나?","전문가들은 지금의 하락이 단순한 조정인지, 아니면 구조적 하락의 시작인지 확인하기 위해선 ① 엔비디아 등 빅테크의 설비투자(CAPEX) 유지 여부, ② 원/달러 환율 1400원선 사수, ③ HBM4 시장 주도권을 면밀히 살펴야...",https://www.g-enews.com/view.php?ud=202604061437167626fbbec65dfb_1,4,,1
"스트레티지, 비트코인 추가 매수 재개…1분기 미실현 손실 확대","원달러환율 1,510원을 적용하면 미실현 손실은 약 21조8,409억원 수준이다. 다만 비트코인(BTC) 보유분이 취득원가 아래에서 거래되고 있어, 회사는 이연법인세자산 17억3,000만달러를 인식했고 같은 규모의...",https://www.tokenpost.kr/news/market/346856,4,,1
"도쿄서 열리는 ‘XRP Tokyo 2026’…리플, 기관 채택·RWA 전략 시험대","원달러환율 1508.70원을 적용하면 약 2039원 수준이다. 특히 이번 행사에서는 기관 채택, XRPL 기반 RWA 토큰화, 디파이(DeFi)가 핵심 의제로 다뤄진다. 일본의 규제 명확성이 다른 네트워크보다 XRP에 구조적 우위를...",https://www.tokenpost.kr/news/cryptocurrency/346845,4,,1
"[박근종 칼럼] 경제 성장률 1%대와 환율 1,500원대로 굳어지는 뉴노멀에...","원·달러 환율은 1,500원대로 굳어질 수 있다는 우려가 비등하고 있다. 서울경제신문이 지난 4월 5일 국내 경제·경영학 교수와 채권시장 전문가 20명을 대상으로 설문한 결과 올해 한국의 성장률 평균 전망치는 1.92...",https://www.mhns.co.kr/news/articleView.html?idxno=743949,6,,1
중동 불안에 美 국채 매도 늘어,유가 급등 속에 원유 수입국들이 결제 자금과 환율 방어를 위해 달러 자산을 현금화한 영향이다. 블룸버그통신은 “각국 중앙은행들이 자국 위기 관리를 위해 국채 매수자에서 매도자로 돌아서면서 미 국채 시장은 가장...,https://www.chosun.com/economy/economy_general/2026/04/07/ZKEC5OM745GCDDU7C26QZC2QQM/?utm_source=naver&utm_medium=referral&utm_campaign=naver-news,10,,1
[경제시평] ‘양치기 소년’의 경고가 필요하다,"지난주 원·달러 환율이 2008년 금융위기 당시 고점에 근접했다. 3월 말까지 외국인의 자금 흐름을 보면 석 달간 주식시장에서 약 59조원 규모의 순매도가 발생했고, 채권시장도 표면상 매수(24조원)지만 만기상환분을 빼면...",https://www.kmib.co.kr/article/view.asp?arcid=1775455460&code=11171313&cp=nv,14,,1
"""5월엔 더 비싸진다"" 유류할증료 폭등 예고, 4월이라도 또 선발권?","또 여기에 원·달러 환율마저 1,500원을 돌파하며 여행 물가 상승을 부추기고 있다. 이런 상황 속에서 여름 성수기 모객을 시작하는 시점에 진입한 여행업계는 이번 유류할증료 급등이 단기적인 현상을 넘어 올해 여행...",https://www.traveltimes.co.kr/news/articleView.html?idxno=415621,0,,0
"오늘의 금값시세(4월 7일자) 전쟁 중재안→금값 오르락내리락 ""지금이 ...","국제유가와 환율급락, 금융계와 금값은 요동치고 있다. 금은 인플레이션 헤지 수단으로 여겨지지만... 이후 달러 강세와 금리 인상 기대감 증가로 13% 하락했다. 이번주 금값은 미국 이란 공격 데드라인 4월...",https://www.gukjenews.com/news/articleView.html?idxno=3550486,6,,1
국가채무 1300조원 첫 돌파…2년 연속 100조 적자,"2024년(-4.1%)보다는 나아졌지만, 이는 소폭 상승한 명목 GDP와 원·달러 환율 상승의 영향이다. 기업 실적 개선 등으로 국세 수입이 전년 대비 37조4000억원이나 증가했음에도 관리재정수지 적자 비율이 2024년과 비슷한...",https://www.joongang.co.kr/article/25418017,5,,1
[사설] 재정 전제 달라진 현실 알고도 ‘2차 추경’ 얘기하나,"두바이유 가격은 배럴당 62달러로, 환율은 달러당 1400원 안팎으로 예상했다. 유가와 환율, 물가가 안정되고 성장률이 회복되면서 세금이 많이 걷힐 것으로 예상한 것이다. 하지만 두바이유 가격은 110달러대로 올라갔고...",https://www.chosun.com/opinion/editorial/2026/04/07/3LBQ33TX4FHVHN7U5LEAWQ4IPE/?utm_source=naver&utm_medium=referral&utm_campaign=naver-news,4,,1
[분야별 오늘(7일) 증시 전망] 5500선 안착 시험대 오른 코스피…'실적'...,"1,500원대에서 등락을 반복 중인 원·달러 환율이 중동 사태 추이에 따라 안정을 찾느냐에 따라 외국인의 매매 포지션이 급변할 수 있다. 환율 안정이 선행되지 않을 경우 기관 주도의 반등이 연속성을 갖기 어려울 것이라는...",https://www.thefairnews.co.kr/news/articleView.html?idxno=73550,7,,1
미 달러화 약세…미·이란 휴전 기대감 고조,유로-달러 환율은 1.15445달러로 전장보다 0.00300달러(0.261%) 상승했다. 파운드-달러 환율은 1.32361달러로 0.00431달러(0.327%) 올라갔다. 달러-엔 환율은 159.531엔으로 0.114엔(0.071%) 떨어졌다. 달러-엔 환율이 160엔에 성큼...,https://news.einfomax.co.kr/news/articleView.html?idxno=4407986,4,,1
"달러-원, 뉴욕장서 1,500원대 거래","달러 인덱스는 99.947에 거래 중이다. 같은 시각 달러-엔 환율은 전장 대비 보합인 159.549엔에, 유로-달러 환율은 전장 대비 0.00006달러 오른 1.15450달러에 거래됐다. 역외 달러-위안은 6.8779위안에 거래됐다.",https://news.einfomax.co.kr/news/articleView.html?idxno=4407984,4,,1
미국 뉴욕증시 혼조 출발…이란 리스크 부각,환율은 원·달러 기준 1504.4원으로 전일 대비 5.7원 하락하며 안정 흐름을 보였다. 서학개미 보관금액은 176조원 수준으로 증가하며 해외 투자 수요는 여전히 견조한 모습이다. 주요 종목별로는 테슬라가 1.76% 상승하며...,https://www.topstarnews.net/news/articleView.html?idxno=16027239,4,,1
임형도의 경제노트 (29회),"원달러 환율이 1,530원을 돌파하기도 했습니다. 변동폭이 매우 큰 상황인데요. 17년 만에 최고치를 기록하면서 IMF 외환위기만큼 심각해지는 것 아니냐는 우려도 나오고 있습니다. 어떻게 보십니까? Q6. 이란...",https://www.obsnews.co.kr/news/articleView.html?idxno=1519728,4,,1
"사나에노믹스의 딜레마, '쓰는 정부'와 '올리는 중앙은행' 사이",그러나 엔·달러 환율은 오히려 155엔에서 156엔대로 올랐다. 금리 인상이 엔화 강세로 이어지지 않는 구도는 다카이치 정부의 확장 재정에 대한 시장 불신이 그만큼 깊다는 방증이다. 다카이치 정부 출범 이후...,https://www.pressman.kr/news/articleView.html?idxno=101201,8,,1
"파이네트워크, 프로토콜 업그레이드 ‘하드포크’ 전환…미완료 노드 연...","원달러환율 1달러=1505원을 적용하면 약 256원 수준이다. 최근 저점 대비 30% 반등했지만, 2.98달러였던 최고가와 비교하면 낙폭이 여전히 크다. 기술 개선에도 약한 가격 흐름 차트상으로는 하락 신호가 뚜렷하다....",https://www.tokenpost.kr/news/cryptocurrency/346782,4,,1
미·이란 휴전 협상 기대…비트코인·이더리움·XRP 반등,원달러환율은 1달러당 1504.50원으로 제시됐다. 기사요약 by TokenPost.ai 시장 해석 지정학 리스크 완화 기대(미국·이란 휴전 협상)가 단기 상승 촉매로 작용하며 비트코인·이더리움·XRP가 동반 반등. 과거와 달리 단순...,https://www.tokenpost.kr/news/international/346780,4,,1
[기획] 나도 스페이스X 주주?… '우주 잭팟' IPO에 미래에셋 물량잡기,50억 달러 규모다. 이 가운데 미래에셋증권은 최소 10억 달러 이상을 직접 인수하는 방안을 검토 중인 것으로... 여기에 환율 변동 역시 수익률에 직접적인 영향을 미친다. 특히 대규모 자금이 해외로 이동할 경우...,https://www.startuptoday.co.kr/news/articleView.html?idxno=608855,8,,1
중동 리스크 비켜간 삼성E&A… '뉴 에너지' 품고 목표가 47% 껑충,오히려 달러 강세에 따른 긍정적인 환율 효과와 멈췄던 그룹사 공사가 재개되면서 든든한 실적 방어벽을 쳤다는 분석이다. 무엇보다 삼성E&A의 주가를 끌어올릴 진짜 무기는 '에너지 분야'로의 맹렬한 진출이다. 삼성E...,http://www.biztribune.co.kr/news/articleView.html?idxno=351903,6,,1
"金총리 ""환율, 제일 부담스러운 지표…대응 총력다하고 있어""","대해 저희가 객관적이고 겸허하게 지켜보면서 대책을 여러 가지로 쓰고 있다""고 설명했다. 한편 중동 전쟁이 장기화하며 달러-원 환율은 지난달 말부터 1,500원대를 돌파했다. 이는 2009년 금융위기 이후 17년 만의 수치다.",https://www.ajunews.com/view/20260406211744331,11,,1
[이란 전쟁] 휴전 가능성에 환율 상승폭 축소...1500원 초반 횡보,6일 서울외환시장에서 원·달러 환율은 오후 9시 15분 기준 1505.00원으로 전일대비 5.10원(-0.34) 하락했다. 이날 주간장에서는 1506.3원으로 장을 마감했다. 이는 전 거래일 주간장 종가대비 1.1원 오른 값이었다. 환율은...,https://www.g-enews.com/view.php?ud=202604061623294603bb91c46fcd_1,4,,1
비트코인·스테이블코인 확산…달러 패권 흔들기보다 ‘보강’한다는 ...,"현재 원달러환율이 1달러당 1,505원 수준인 점을 감안하면, 달러 자산과 연동된 스테이블코인의 존재감은 더 커지고 있다. 미국은 규제 정비, 중국은 통제 유지에 무게 라이먼은 미국 의회가 GENIUS 규제 프레임워크에...",https://www.tokenpost.kr/news/cryptocurrency/346757,4,,1
"기요사키 “1974년 체제 변화, 이제 현실로”…비트코인·금 ‘진짜 돈’...","달러 강세와 높은 환율 환경에서 안전자산 선호가 커지는 만큼, 기요사키의 발언은 단순한 경고를 넘어 비트코인(BTC)과 금을 둘러싼 자산 재편 논의를 다시 자극하고 있다. 다만 실제 가격 흐름은 거시경제와 투자심리...",https://www.tokenpost.kr/news/economy/346753,4,,1
"金총리, '환율 IMF 수준' 지적에 ""李정부 제일 부담되는 지표""","한편 중동 전쟁이 장기화하며 달러-원 환율은 지난달 말부터 1,500원대를 돌파했다. 이는 2009년 금융위기 이후 17년 만의 수치다. 경제 분야 대정부 질문 답하는 김민석 총리(서울=연합뉴스) 배재만 기자 = 김민석...",https://news.einfomax.co.kr/news/articleView.html?idxno=4407982,11,,1
"조인성, 난데없는 고환율 불똥…SNS 악플 테러, 이유는?","게시물의 내용과는 전혀 관련 없는 댓글들로, 상당수가 최근 원-달러 환율이 1500원 대를 기록하고 있는 것에 대해 해명을 요구하고 있다. 논란은 조인성이 지난달 4일 방송된 MBC TV ‘손석희의 질문들’에 출연해 영화...",https://www.donga.com/news/Society/article/all/20260406/133687133/1,-11,,0
글로벌 금융위기 수준 떨어진 원화 가치…외환보유액까지 11개월만에 가...,연합뉴스 1400원대 박스권에 갇혀있던 원·달러 환율이 미국·이란 전쟁 이후 17년 만에 장중 1530원을 뚫으면서 글로벌 금융위기 수준으로 흔들리고 있다. 외환보유액도11개월만에 가장 큰 폭으로 감소하며 위기감이...,https://www.munhwa.com/article/11580224?ref=naver,12,,1
2단계 중재안 소식에 국제유가·환율 급락‥요동치는 금융시장,"원달러 환율도 장 마감 이후 급락했는데요. 내일 삼성전자 잠정 실적 발표를 앞두고, 코스피가 다시 반등할 수 있을지 주목됩니다. 남효정 기자입니다. ◀ 리포트 ▶ 한국시간 오후 4시쯤 미국과 이란이 휴전 후 종전을...",https://imnews.imbc.com/replay/2026/nwdesk/article/6813084_37004.html,8,,1
지정학적 위기마다 ‘화석연료 쇼크’…“변동성 적은 재생에너지는 완...,원·달러 환율은 2월27일 1466.5원에서 일주일 만에 1521원까지 올랐다. IEEFA는 에너지 수입 비용과 환율 상승이 수입 연료에 의존하는 국영 에너지 기업의 재무를 악화시킨다고 지적했다. 특히 전기·가스·휘발유 등에...,https://www.khan.co.kr/article/202604062012005,4,,1
"신현송 한은 총재 후보, 재산 절반 이상이 외화","- 환율책임자 이해충돌 논란 신현송(사진) 한국은행 총재 후보자의 신고 재산 중 절반 이상이 외화 자산인... 이 예금은 미국 달러화, 영국 파운드화, 유로화, 스위스 프랑 등 외화로 예치됐다. 신 후보자는 15만 파운드...",http://www.kookje.co.kr/news2011/asp/newsbody.asp?code=0200&key=20260407.22003001489,17,,1
미·이란 ‘45일 휴전’ 논의에 원·달러 환율 1506원대 마감...코스피는...,미국이 이란을 상대로 다시 한번 최후 통첩을 한 이후 오름세를 보이던 원·달러 환율이 장중 45일간 휴전하는 방안을 논의하고 있다는 보도가 나오며 소폭 상승 마감했다. 지정학적 리스크에도 불구하고...,https://www.betanews.net/article/view/beta202604060078,6,,1
"미국증시 약세·환율 상승 여파...서학개미, 이달들어 美주식 순매도 전...","또한 글로벌 금융위기 이후 최고 수준으로 치솟은 원·달러 환율 역시 서학개미들을 주저하게 하고 있다. 환율은 1,500원대의 높은 수준을 유지하고 있다. 도널드 트럼프 미국 대통령이 밝힌 이란 발전 시설 공격...",https://www.betanews.net/article/view/beta202604060083,12,,1
"비트코인 비관론 급등…센티먼트 “FUD, 반등 전조 될 수도”","원·달러 환율 1503.70원을 적용하면 약 1억105만 원 수준이다. 규제 기대와 투자심리 위축이 맞물린 가운데, 당분간 비트코인(BTC) 가격은 정책 관련 변수와 시장 심리 변화에 더 민감하게 반응할 가능성이 크다....",https://www.tokenpost.kr/news/cryptocurrency/346735,4,,1
"삼성전자 실적 기대가 이끈 코스피…5,400선 회복","장중 1,510원을 넘보던 원·달러 환율은 중동의 휴전 기대 속에 오름폭을 줄이며 1,506원대에서 마감했습니다. 증시가 반등한 것과 달리 환율은 여전히 고점 부근에 머물며 시장 불안을 반영하고 있습니다. <박상현 / iM증권...",http://www.yonhapnewstv.co.kr/MYH20260406194209JHp,7,,1
"달러-원, 런던장서 1,500원선 하회…""이란 정보기관 수장 사망""(상보)","같은 시각 달러-엔 환율은 뉴욕시장 대비 0.286엔 내린 159.384엔, 유로-달러 환율은 0.00430달러 상승한 1.15571달러에 거래됐다. 엔-원 재정환율은 100엔당 941.21원을, 위안-원 환율은 218.75원을 나타냈다. 역외 달러-위안...",https://news.einfomax.co.kr/news/articleView.html?idxno=4407980,4,,1
['클릭' 증시] 중동 공포 이긴 삼전 실적 기대감,원·달러 환율은 오후 3시30분 기준 전 거래일보다 4.6원 내린 1506.8원에 거래됐다. 한국거래소(KRX) 브리핑에 따르면 코스피는 실적 발표 기대감 등의 영향으로 전기·전자 업종 중심의 기관 매수세가 유입되며...,http://www.00news.co.kr/news/articleView.html?idxno=103068,7,,1
[증시 오늘] 미-이란 협상 믿을 수 있을까,"원/달러 환율도 전 거래일보다 1.1원 올랐다. 6일 한국거래소(KRX)에 따르면 코스피는 전 거래일보다 73.03포인트(1.36%) 오른 5,450.33으로 거래를 마쳤다. 기관이 약 8,388억원 순매수했고 개인(약 1조554억원)과...",https://www.bigtanews.co.kr/article/view/big202604060023,6,,1
“렌터카 전기차 추가 확보 어려워”…해외여행 줄취소,"[김미아/○○○여행사 대표 : ""유류세 인상과 원·달러 환율이 인상되면서 예약이 안 들어오는 상황이기 때문에 (계약 전 취소되면 피해 금액이) 최소 3,000(만 원)이고, 그 이상의 손해가 될 수 있는 부분이죠.""] 중동 사태...",https://news.kbs.co.kr/news/pc/view/view.do?ncd=8528109&ref=A,0,,0
"골드만삭스 ""중동 불바다 돼도 중국은 웃는다?""",현재 달러당 6.88위안 수준인 위안화 환율이 연말에는 6.70위안까지 절상될 것이라는 관측이다. 중국의 낮은 물가와 재화 가격 경쟁력을 고려할 때 현재 위안화가 저평가되어 있다는 논리다. 오는 5월 예정된 도널드 트럼프...,https://www.pinpointnews.co.kr/news/articleView.html?idxno=443286,4,,1
비트코인 랠리 멈춘 범인은 일본?...96억 달러 증발시킨 엔화의 역습,엔화의 상대적 강세 또한 달러 표시 자산인 가상자산 시장에 부정적인 영향을 미친다. 김 분석가는 비트코인의 향후 흐름을 이해하기 위해서는 온체인 지표를 넘어 금리와 환율 등 거시 경제적 자본 흐름을 면밀히...,http://coinreaders.com/229015,8,,1
"대한항공·아시아나, 유류할증료 4배 인상…항공권 '선발권' 수요 확산","중동 지역의 지정학적 긴장으로 원유 가격이 상승한 데다, 항공유가 달러로 결제되는 만큼 원·달러 환율 상승까지 겹치면서 항공사들의 비용 부담이 크게 늘어난 것이다. 유류할증료가 항공권 가격에 직접 반영되면서...",https://www.thepublic.kr/news/articleView.html?idxno=300098,4,,1
"코스피, 1%대 올라 5,450 마감…환율은 1.1원 상승","미국과 이란이 45일간 휴전하는 방안을 논의하고 있다는 보도가 나온 가운데 원·달러 환율은 소폭 상승했습니다. 오늘 오후 3시 30분 기준 서울 외환시장에서 달러 대비 원화 환율은 1.1원 오른 1,506.3원으로...",https://news.kbs.co.kr/news/pc/view/view.do?ncd=8528060&ref=A,7,,1
"'외환보유액 감소'에 해법 제각각⋯野 ""경제 방어선 붕괴, 정책 전환"", ...","◇ 국힘 ""경제 전반 위험 신호⋯외환시장 안정 등 위한 정책 전환 나서야"" 한국은행에 따르면 3월 말 기준 우리나라 외환보유액은 달러 강세와 환율 변동성 관리 등의 영향으로 전월보다 39억7000만달러 감소한...",https://www.goodkyung.com/news/articleView.html?idxno=285488,12,,1
[서환-마감] 美·이란 휴전 가능성에 강보합…1.10원↑,"유로-달러 환율은 1.15230달러, 달러 인덱스는 100.126을 나타냈다. 역외 달러-위안(CNH) 환율은 6.8852위안이었다. 위안-원 직거래 환율은 1위안당 218.71원에 마감했다. 장중 저점은 218.51원, 고점은 219.60원이다. 거래량은...",https://news.einfomax.co.kr/news/articleView.html?idxno=4407973,4,,1
"삼성전자 1분기 영업익, 꿈의 '50조' 보인다…사상 최대는 '기정사실'","반도체 업체는 수출 대금을 달러로 받는데 6일에도 환율이 1506.70원을 기록했다. 지난주에도 1510~1530원대 등락 흐름을 보였다. 환율은 지난달 19일 1500원을 넘긴 후 고환율을 이어가고 있다. 반면, 반도체 외 사업은...",https://www.newsworks.co.kr/news/articleView.html?idxno=836690,4,,1
미·이란 '45일 휴전' 기대에 환율 상승폭 축소...삼전 강세에 코스피 5...,"이날 서울 외환시장에서 원·달러 환율은 전 거래일 대비 1.1원 오른 1,506.3원에 마감했다. 장 초반 1,510.3원까지 상승했지만, 장중 1,503.5원까지 밀렸다가 다시 반등하며 강보합권에서 거래를 마쳤다. 미국과 이란 간...",https://www.polinews.co.kr/news/articleView.html?idxno=727669,6,,1
"코스피, 1%대 상승 마감…'최후통첩' 긴장·기대 교차","한편 이날 원·달러 환율은 1,510원을 넘기며 개장했지만 이후 소폭 하락해 1,506원대에 거래를 마쳤습니다. 연합뉴스TV 양현주입니다. [영상취재 임예성] [영상편집 송아해]",http://www.yonhapnewstv.co.kr/MYH20260406183215pJ6,6,,1
"""환율 IMF수준"" 묻자, 김민석 ""이재명 정부서 가장 부담스런 지표""","중동 전쟁 장기화로 지난달 말부터 원·달러 주간 환율은 1,500원대를 돌파했다. 이는 2009년 금융위기 이후 17년 만의 수치다. 다만 김 총리는 “윤석열 정부 말기보다 이재명 정부가 들어선 뒤 한국 경제가 왕창 더 망할...",https://www.joongang.co.kr/article/25417936,11,,1
"중동 긴장 속 원·달러 환율 1,506.3원 강보합 마감","▲6일 서울 중구 하나은행 본점 딜링룸 전광판에 원/달러 환율, 코스피, 코스닥지수가 표시돼 있다. 이날 코스피는 73.03포인트(1.36%) 오른 5,450.33으로, 코스닥 지수는 16.38포인트(1.54%) 내린 1,047.37로 장을 끝냈다....",https://www.goodnews1.com/news/articleView.html?idxno=458450,11,,1
여야 ‘3高 해법’ 촉구… 구윤철 “물가압력·소비둔화 동시 우려” [美...,뉴시스 구윤철 경제부총리 겸 재정경제부 장관은 앞서 국무회의 겸 비상경제점검회의에서 “원·달러 환율이 1510원대를 돌파했고 국고채 3년물 금리도 3.4%까지 올라온 상황”이라며 “유가 상승에 따른 물가 압력과...,https://www.segye.com/newsView/20260406515864?OutUrl=naver,5,,1
"개미, 스페이스X 공모주 산다…최소 참여 금액은",<기자> 스페이스X의 공모 규모는 750억달러로 추산됩니다. 원화로 환산하면 약 113조원에 달하는 수치인데요.... 특히 1조5000억원 규모의 자금이 단기간에 해외로 빠져나갈 때 발생하는 환율 변동 리스크를 누가...,https://www.wowtv.co.kr/NewsCenter/News/Read?articleId=A202604060234&t=NNv,5,,1
국내선 유류할증료 4월 7700원 →5월 3만4100원으로 '껑충',"유류할증료 급등은 국제유가 상승과 원·달러 환율 강세가 맞물린 결과다. 항공사들은 지난 3월 1일부터 31일까지 싱가포르 항공유 평균가격(MOPS)을 기준으로 할증료를 산정하는데, 해당 기간 유가가 급격히 뛰면서 인상...",https://www.delighti.co.kr/news/articleView.html?idxno=114805,4,,1
"서학개미, 이달들어 美주식 순매도로 선회... '국장' 활황에 高환율 여...","평균 1,500원대인 원-달러 환율 폭등도 국내투자자들의 미 증시 이탈을 부추긴 것으로 지적됐다. 여기에다 금융당국이 도입한 RIA 효과에 대한 기대감도 영향을 끼친 것으로 보인다. 개인 투자자는 지난해 12월 23일...",https://www.getnews.co.kr/news/articleView.html?idxno=867147,6,,1
"코스피, '삼전 효과'에 1%대 상승","79%)과 에코프로(086520)(1.06%), 레인보우로보틱스(277810)(0.37%) 등은 약세 마감했습니다. 서울 외환시장에서 원달러환율은 전 거래일보다 1.1원 오른 1506.3원에 주간 거래를 마쳤습니다.",http://www.newstomato.com/ReadNews.aspx?no=1296914&inflow=N,6,,1
[오늘증시]삼성전자 강세에 코스피 5400선 회복…코스닥은 약세 마감,서울외환시장에서 달러·원 환율은 전일 대비 1.1원 오른 1506.3원에 마감했다. 미국과 이란 간 휴전 협상 가능성이 제기되면서 상승 압력이 일부 완화된 것으로 풀이된다. 코스닥은 전일 대비 16.38포인트(-1.54...,http://www.queen.co.kr/news/articleView.html?idxno=454525,8,,1
중학개미 발빼나…두달새 보관액 1억 달러 ‘급감’,국내 투자자의 중국 주식 보유액이 두 달 새 1700억 원(1억 달러) 넘게 급감한 것으로 나타났다. 3월 한... 전문가들은 단기적으로는 환율 안정이 버팀목 역할을 할 수 있지만 구조적인 성장 둔화가 해소되지 않는...,https://www.sedaily.com/article/20028993?ref=naver,5,,1
'환율 1천500원대 고착' 전북 경제 산소호흡기 신세,"원·달러 환율이 1천500원대에 진입하며 사실상 뉴노멀로 굳어질 조짐을 보이면서 전북지역 산업 전반에 긴장감이 짙어지고 있다. 단순한 비용 상승을 넘어 기업 운영의 전제가 흔들리는 상황으로, 일부 업종에서는 이미...",http://www.domin.co.kr/news/articleView.html?idxno=1551269,4,,1
트럼프 최후통첩 촉각…'널뛰기' 코스피 5400선 반등,"달러-원 환율은 소폭 상승 마감했는데요. 지난주 금요일보다 1원 10전 오른 1,506원 30전으로 주간 거래를 마쳤습니다. 주말 사이 중동 긴장이 고조되며 강세를 보였던 달러는 오후 들어 소폭 약세로 돌아섰습니다....",https://biz.sbs.co.kr/article_hub/20000302381?division=NAVER,6,,1
[뉴스투데이 뚝딱뉴스] RIA 머니 프리즘 세금·제도 다 풀었는데 RIA·3법...,"개인 투자자가 RIA를 통해 해외주식을 팔고 국내주식에 투자할 경우 양도소득세를 파격적으로 감면해주는 이번 정책은, 고공행진 중인 원·달러 환율의 하향 안정을 꾀하겠다는 정부의 강한 의지가 담겨 있다. 하지만...",https://www.news2day.co.kr/article/20260406500123,5,,1
"[천지일보 사설] 환율 1500원 시대, 외환 방어벽과 재정 건전성 확보가...",최근 이란전쟁과 지정학적 리스크 확산으로 원/달러 환율이 1520원을 돌파하며 외환 시장의 변동성이 극도로 커진 상황이다. 대한민국 경제의 안정성을 확보하고 대외 신인도를 제고하기 위해 외환보유고 확충과 통화...,https://www.newscj.com/news/articleView.html?idxno=3391738,6,,1
여야 추경 공방…與 “선제적 위기 대응” vs 野 “환율·물가 악영향”,반면 박수영 국민의힘 의원은 지난달 31일 원·달러 환율이 장중 1536원대까지 치솟은 점을 언급하며 “환율이 오르는 상황에서 추경을 해서 소비쿠폰을 풀면 M2(유동성) 증가가 되지 않을까 하는 우려가 굉장히 많다”며...,https://www.etoday.co.kr/news/view/2573210,7,,1
"“가격 아닌 길이 막혔다”…호르무즈 봉쇄, 韓경제 ‘스태그플레이션...","6일 한국경제연구원에 따르면 ‘호르무즈 리스크 확대 시나리오’ 3단계 중 현재 한국 경제는 2단계 장기 봉쇄(유가 100달러 상회, 원달러 환율 1500~1530원) 국면에 진입한 것으로 분석된다. 이 경우 에너지 수입 대금...",https://www.etoday.co.kr/news/view/2573154,4,,1
코스피 5450선 상승 마감…삼성전자 강세에 반등 견인,에이비엘바이오와 코오롱티슈진도 1% 이상 하락한 반면 에코프로비엠은 3% 이상 상승했다. 서울외환시장에서 원·달러 환율은 전일 주간 종가 대비 1.10원 오른 1506.30원을 기록했다. [이지경제 ],https://www.ezyeconomy.com/news/articleView.html?idxno=234417,6,,1
미·이란 휴전 협상 소식에 환율 상승폭 축소,글로벌 금융위기 후 처음으로 원·달러 환율이 1530원 돌파한 지난달 31일 오후 서울 중구 하나은행 딜링룸에 환율정보가 표시되고 있다. 뉴시스 미국과 이란이 45일간 휴전하는 방안을 논의 중이라는 보도가...,http://www.segyebiz.com/newsView/20260406516823?OutUrl=naver,14,,1
"4대 금융, 1분기 순익 5.2조 '역대급' 전망···올해 '환율·규제' 복병","특히 원·달러 환율은 글로벌 금융위기 이후 처음으로 장중 1530원을 돌파하는 등 급등세를 보였고, 현재도 1510원대에서 등락을 이어가고 있다. 이에 따라 금융지주들은 대규모 환평가손실을 피하기 어려운 상황이다....",https://www.seoulfn.com/news/articleView.html?idxno=625760,11,,1
트럼프 협상 시한 연장…호르무즈 개방·전쟁 격화 갈림길,"3대 주요 지수 선물 역시 일제히 약세를 면치 못하고 있습니다. 이날 서울 외환시장에서 미국 달러화 대비 원화 환율은 다시 1,510원대에 올라섰습니다. 코스피는 상승 출발한 뒤 장 초반 1%대 올라 5,400선을 회복했습니다.",https://news.sbs.co.kr/news/endPage.do?news_id=N1008507410&plink=ORI&cooper=NAVER,7,,1
"""추경, 선거와 무관""…중동 3개국 특사 파견","특히 야당은 대규모 추경에 따른 원달러환율 상승 압박에 대한 우려를 전했습니다. [박수영/국민의힘 의원: 이번에 소비쿠폰을 풀고, 추경을 하게 되면 2025년 7월처럼 다시 환율을 올리는 M2(광의통화)의 증가가 되지 않을까...",https://www.wowtv.co.kr/NewsCenter/News/Read?articleId=A202604060256&t=NNv,4,,1
"코스피, 1%대 올라 5450 마감 '기관 홀로 순매수'…코스닥은 내려","이날 오후 3시 30분 기준 서울 외환시장에서 달러 대비 원화 환율은 1.1원 오른 1,506.3원을 나타냈다. 기관이 홀로 8388억원 순매수하며 지수를 견인했다. 개인과 외국인은 각각 1조554억원과 1천533억원...",https://www.slist.kr/news/articleView.html?idxno=729648,9,,1
"[마켓+]""기업에 올인""… 은행권, 가계대출 1.5% 족쇄 피해 기업대출 약탈...",하나증권 분석에 따르면 원/달러 환율 급등과 채권평가손실이 겹치면서 대형 은행지주들의 보통주자본(CET 1) 비율은 1분기에만 평균 25~30bp 하락할 것으로 추정된다. 기업대출은 가계대출보다 위험가중치(RW)가 높아 자본...,https://www.businessplus.kr/news/articleView.html?idxno=110149,10,,1
환율 1510원대에 유류할증료까지…면세업계 회복세 '흔들',"외국인 관광객 증가로 올해 회복 기대가 커졌지만, 원·달러 환율이 1510원대를 이어가고 중동 전쟁 여파로 유류할증료까지 급등하면서 업황 회복에 제동이 걸릴 수 있다는 우려가 나온다. 6일 업계에 따르면 호텔롯데...",https://www.ajunews.com/view/20260406134428865,4,,1
"가상자산 거래소 투톱 두나무·빗썸, 투자 수익 어디서 갈렸나","유로화(7억8,600만원), 싱가포르 달러(7억5,078만원) 등도 전년비 대폭 늘어난 수치다. 두나무 관계자는 ""지난해 외화 증가는 외화 금융 상품 운용, 기타 종속사 비즈니스에 따른 외화 채권 증가, 환율 상승 등에 따른...",http://www.srtimes.kr/news/articleView.html?idxno=200494,10,,1
"코스피, 2거래일 연속 상승…美-이란 긴장에도 1.36%↑ 5450선","원·달러 환율은 하루 만에 4.6원 내린 1506.8원으로 강세를 나타냈다. 국제유가는 WTI가 0.12% 하락한 111.41달러를 기록한 반면 브렌트유는 7.87% 급등했다. 국채금리는 3년물 3.432%(-1.8bp), 10년물 3.724%(-2.6bp)로...",https://www.thereport.co.kr/news/articleView.html?idxno=86309,14,,1
삼성전자 실적 앞두고 코스피 상승 마감,"03포인트(1.36%) 오른 5,450.33에 마감했다. 코스닥 지수는 16.38p(1.54%) 내린 1,047.37, 원·달러 환율은 전 거래일 주간거래 종가보다 1.30원 오른 1,506.5원을 기록했다. 2026.4.6/뉴스1",https://www.news1.kr/photos/7840250,9,,1
"4대 금융지주, 환율 충격에도 최대 실적",자본이 그대로인 채 원·달러 환율이 10원 오르면 CET1은 0.01~0.03%포인트가량 떨어진다. 오는 7월 시행되는 은행법 개정안도 금융지주에 부담이 될 전망이다. 개정안이 적용되면 은행은 대출금리에 포함하는 보증기금...,https://www.hankyung.com/article/2026040623691,11,,1
"신현송 한은 총재 후보자, ‘외화자산 과다’ 논란에…“순차적으로 줄...",한은 총재 후보자가 원·달러 환율이 오를수록 평가액이 커지는 외화 자산을 다수 보유할 경우 이해충돌 소지가 있다는 지적이 나온 데 따른 것이다. 신 후보자는 6일 “외화 자산 비중이 큰 데 대해 제기된 우려를...,https://biz.chosun.com/policy/policy_sub/2026/04/06/Y2UE4PORHZHI3GPT43VRNZGU4Q/?utm_source=naver&utm_medium=original&utm_campaign=biz,9,,1
"'삼성전자 실적 D-1' 코스피, 1.36% 올라 5,450 마감","이날 오후 3시 30분 기준 서울 외환시장에서 달러 대비 원화 환율은 1.1원 오른 1,506.3원을 나타냈다. 기관이 홀로 8388억원 순매수하며 지수를 견인했다. 개인과 외국인은 각각 1조554억원과 1133억원 순매도했다....",https://www.delighti.co.kr/news/articleView.html?idxno=114795,8,,1
"반등 노리던 면세점, 고환율·전쟁에 '털썩'","면세점은 명품, 화장품 등을 달러로 직접 매입하는 구조인데요. 환율이 상승하면 매입 원가가 높아질 수밖에 없습니다. 외상 매입 물량 결제 부담까지 더해지면 환차손 리스크(외화 표시 자산·부채의 원화 가치가...",http://www.newstomato.com/ReadNews.aspx?no=1296870&inflow=N,5,,1
"金총리 ""韓경제 펀더멘털 보면 환율 이렇게 오르는 것 조금 이상""","김민석 국무총리는 6일 달러화 대비 1500원대의 고환율이 이어진 최근 상황에 대해 ""한국 경제의 펀더멘털에 비춰 본다면 이재명 정부 초기를 포함한 시기의 환율이 이렇게 오르는 부분은 조금 이상한 측면이 있다""고...",https://www.newspim.com/news/view/20260406001183,4,,1
"코스피, 1%대 올라 5400선 회복…실적 발표 앞둔 삼성전자 강세",코스닥은 전일 대비 1.54% 하락한 1047.37로 거래를 마쳤다. 서울외환시장에서 오후 3시 30분 기준 달러 대비 원화 환율은 전일보다 1.10원 오른 1506.3원에 마감했다.,https://news.tvchosun.com/site/data/html_dir/2026/04/06/2026040690258.html,10,,1
"대한항공 고유가·고환율에도 실적 굳건, 이란전쟁 휴전 논의에 주가도...",여기에 원/달러 환율도 1500원 위로 치솟으면서 여행 심리 위축으로 연결될 가능성도 높아졌다. 다만 이 같은 외적 환경 변화가 1분기 실적에는 큰 영향을 미치지 못했을 것으로 추정된다. 상상인증권 리서치센터는...,https://www.businesspost.co.kr/BP?command=article_view&num=435056,2,,1
"美 최후통첩 임박...버티는 코스피, 출렁이는 환율과 금값",원달러 환율은 이날 서울 외환시장에서 전 거래일 주간거래 종가보다 5.1원 오른 1510.3원에 개장했다. 이후 중동 긴장 고조로 상승 압력을 받다가 미국과 이란의 45일 휴전 물밑 협상 소식이 전해지면서 상승 폭을...,https://www.seoul.co.kr/news/economy/2026/04/06/20260406500185?wlog_tag3=naver,6,,1
기관 자금은 쌓이는데 가격은 멈췄다…‘조용한 상승장’ 신호 늘어,"원달러환율 1,500원을 기준으로 보면 24조원 안팎의 거래 규모다. 현물 ETF가 단순한 ‘대기 자산’이 아니라 실제 시장 유동성을 끌어오는 통로로 자리 잡았다는 뜻이다. 매크로 환경과 비트코인 흐름 매크로 환경도...",https://www.tokenpost.kr/news/cryptocurrency/346691,7,,1
美-이란 종전 협상 소식에 국고채 금리 하락…3년물 연 3.432%,"달러-원 환율은 소폭 상승한 채 마감했습니다. 서울 외환시장에서 미국 달러화 대비 원화 환율의 주간 거래 종가는 전 거래일보다 1.1원 오른 1,506.3원으로 집계됐습니다. 조용구 신영증권 연구원은 ""오늘...",https://biz.sbs.co.kr/article_hub/20000302368?division=NAVER,6,,1
[미디어 이슈] 조인성 ‘비상계엄 환율’ 발언에 SNS 댓글 뭇매 논란,그런데 최근 원·달러 환율이 비상계엄 당시보다 크게 오르고 동시에 물가 상승의 우려 역시 커지는 상황에서 조인성의 이런 발언이 일부 국민들의 심기를 자극했다는 지적이 나온다. 이에 SNS상에 비난 댓글이 이어지고...,https://www.mediawatch.kr/news/article.html?no=259179,1,,0
'확전 우려' 속 코스피 1%대 상승 마감...'19만 전자' 회복,"54% 내린 1,047로 마감했고, 기관과 외국인이 매도 우위를 보이며 지수를 눌렀습니다. 원·달러 환율은 오늘(6일) 오후 3시 반 기준 직전 거래일인 지나 3일 같은 시간보다 1.1원 오른 1,506.3원으로 거래됐습니다.",https://www.ytn.co.kr/_ln/0102_202604061703469541,6,,1
"국힘 박수영 ""스태그플레이션 초입""…김민석 총리 ""중동발 일시 변동""","원/달러 환율을 둘러싼 공방도 이어졌다. 박 의원은 확장 재정과 소비쿠폰 지급이 시중 유동성(M2)을 늘려 원/달러 환율 상승을 부추길 수 있다고 주장했다. 이에 김 총리는 ""유동성 문제도 분명한 원인으로 이론적으로나...",https://www.sidae.com/article/2026040616210471904,7,,1
"코스피, '삼전' 실적 기대감 1%대 상승… 기관 '나홀로 매수'","서울 외환시장에서 달러 대비 원화 환율은 오후 3시 30분 기준 전 거래일보다 1.1원 오른 1506.3원에 거래를 마쳤다. 임정은 KB증권 연구원은 ""외국인이 다시 순매도로 돌아선 가운데 기관은 2거래일 연속...",https://it.chosun.com/news/articleView.html?idxno=2023092159907,8,,1
GDP 50% 육박한 국가채무...1년새 130조원 늘었다,"2024년(-4.1%)보다는 나아졌지만, 이는 소폭 상승한 명목 GDP와 원∙달러 환율 상승의 영향이다. 기업 실적 개선 등으로 국세 수입이 전년 대비 37조4000억원이나 증가했음에도 관리재정수지 적자 비율이 2024년과...",https://www.joongang.co.kr/article/25417899,5,,1
트럼프 협상시한 연장…호르무즈 개방·전쟁격화 갈림길(종합),"뉴욕 증시의 3대 주요 지수 선물 역시 일제히 약세를 면치 못하고 있다. 이날 서울 외환시장에서 미국 달러화 대비 원화 환율은 다시 1,510원대에 올라섰다. 코스피는 상승 출발한 뒤 장 초반 1%대 올라 5,400선을 회복했다.",https://www.yna.co.kr/view/AKR20260406075851009?input=1195m,7,,1
"""국내선도 오른다""···항공권 요금 급등, 이미 끊은 티켓은 안전할까",여기에 환율 부담까지 더해졌다. 항공유는 달러로 결제되기 때문에 원화 가치가 하락하면 같은 양을 구매하는 데 더 많은 비용이 든다. 국제선은 인상 폭이 더 커질 가능성이 높다. 기준 기간 동안 항공유 가격이 이미...,https://www.womaneconomy.co.kr/news/articleView.html?idxno=252111,5,,1
‘외화자산 45억’ 신현송 한은 총재 후보자 “일부 팔겠다”,"문제는 이 같은 자산 구성이 원·달러 환율이 오를수록 재산 증가로 이어지는 구조라는 점이다. 외화 예금과 해외 채권, 해외 부동산은 원화 가치가 떨어질수록 원화 환산액이 커진다. 외환시장 안정을 맡아야 할...",https://www.kmib.co.kr/article/view.asp?arcid=0029639459&code=61141111&cp=nv,12,,1
"김 총리 ""韓경제 비춰 보면 환율 이렇게 오르는 것 조금 이상""","김민석 국무총리는 6일 최근 달러화 대비 1500원대의 고환율이 지속되는 상황과 관련 ""한국 경제의 펀더멘털에 비춰 본다면 이재명 정부 초기를 포함한 시기의 환율이 이렇게 오르는 부분은 조금 이상한 측면이 있다""고...",https://www.newsis.com/view/NISX20260406_0003579872,4,,1
"코스피, 삼성전자 실적 발표 하루 앞두고 1%대 상승 마감... 5,450대",이에 원-달러환율도 소폭 상승세를 보였다. 이날 오후 3시 30분 기준 서울 외환시장에서 원-달러 환율은 1.1원 오른 1506.3원으로 마감됐다. 이날 상승세는 기관이 주도했다. 기관은 홀로 8388억원 순매수하며 지수를...,https://www.getnews.co.kr/news/articleView.html?idxno=867123,7,,1
"삼전 실적 발표 D-1, 코스피 '구세주' 되나…""반도체 비중 늘려라""",이날 서울 외환시장에서 원/달러 환율은 전 거래일 종가보다 1.1원 오른 1506.3원(오후 3시30분 종가 기준)을 기록했다. 전문가들은 오는 7일 삼성전자의 1분기 잠정실적 발표 이후 코스피가 반등할 수 있을지 주목한다....,https://www.mt.co.kr/stock/2026/04/07/2026040616022235242,7,,1
"[이서연 칼럼] 아이 키우다 보니 내 노후는 뒷전… ""지금 시작해도 늦지...","특히 요즘처럼 물가 상승과 환율 변동이 큰 시대에는 자산을 한 가지로만 준비하는 것도 위험할 수 있습니다. 그래서 최근에는 원화 자산 + 달러 자산을 함께 준비하는 방식이 주목받고 있습니다. ◇ 달러 종신보험, 왜...",https://www.ibabynews.com/news/articleView.html?idxno=150145,5,,1
"코스피, 기관이 끌고 반도체가 밀었다…1.36% 상승","기관이 각각 658억원, 3710억원어치를 순매도했고, 개인은 4263억원어치를 순매수했다. 한편 서울외환시장에서 주간 종가 기준 원/달러 환율은 전 거래일 대비 1.10원 오른 1506.30원에 마감했다. [스트레이트뉴스 ]",https://www.straightnews.co.kr/news/articleView.html?idxno=299491,6,,1
휴전협상 소식에 국고채 금리 일제히 하락…3년물 연 3.432%(종합),"원/달러 환율은 소폭 상승 마감했다. 이날 서울 외환시장에서 미국 달러화 대비 원화 환율의 주간 거래 종가(오후 3시 30분 기준)는 전 거래일보다 1.1원 오른 1,506.3원으로 집계됐다. 조용구 신영증권 연구원은...",https://www.yna.co.kr/view/AKR20260406137251008?input=1195m,6,,1
"환율,미·이란 휴전 논의에 오름폭 축소···1500원 초반대","외국인 투자자가 1595억원 규모의 순매도를 기록했다. 엔·달러 환율은 0.02% 하락한 159.630엔으로 나타났다. 원·엔 재정환율은 오후 3시 30분 기준 100엔당 944.06원으로, 전 거래일 기준가(942.66원)보다 1.4원 상승했다.",https://www.ziksir.com/news/articleView.html?idxno=129871,4,,1
"코스피, '삼전 실적' 기대감에 1%대 반등···5,450선 안착","서울 외환시장에서 원·달러 환율은 전 거래일보다 1.1원 오른 1,506.3원에 거래를 마쳤다. 시장의 시선은 7일 잠정 실적 발표를 앞둔 삼성전자에 집중됐다. 삼성전자는 이날 3.71% 오른 19만3,100원에 거래를...",https://www.globale.co.kr/news/articleView.html?idxno=37458,7,,1
"식품업계, 1분기 선방에도 울상…수익성 전망 '흐림'",원·달러 환율은 지난달 31일 1530원을 넘은 뒤 현재 1510원대 안팎을 오르내리고 있고 제품 포장재 원료가 되는 나프타 수급에 어려움이 생기면서 재고 부족 사태 우려가 확산되고 있다. 더구나 정부가 물가 안정을...,https://www.goodkyung.com/news/articleView.html?idxno=285473,4,,1
[Biz뷰] '붉닭볶음면' 덕분에…나홀로 웃는 삼양식품,"류은애 KB증권 연구원은 “환율이 상승하면 해외 사업 비중이 높은 삼양식품의 원화 환산 매출이 증가한다”며 “올해 1분기 실적을 추정할 때 원·달러 환율 1464원을 적용했으나, 1500원을 적용하면 삼양식품...",https://theviewers.co.kr/View.aspx?No=4028542,6,,1
미·이란 '45일 휴전' 논의에 시장 숨 고르기…환율 1506원대 마감,인더스트리뉴스 김은경 기자  미국과 이란이 45일간의 휴전 방안을 논의하고 있다는 보도가 나온 가운데 원·달러 환율이 소폭 상승 마감했다. 6일 서울외환시장에서 원·달러 환율은 주간 거래 종가(오후 3시 30분...,https://www.industrynews.co.kr/news/articleView.html?idxno=79694,4,,1
"""환율 상승=수출주 수혜?…'가격전가력' 따라 성과 갈린다'""[인터뷰]",조선업 역시 수주 대금을 달러로 받는 구조인 만큼 환율 상승이 유리하게 작용할 수 있다. 여기에 철강처럼 원자재을 비롯한 원자재 상당 부분을 국내에서 조달할 수 있는 산업은 원가 부담이 상대적으로 완충되면서...,http://www.edaily.co.kr/news/newspath.asp?newsid=04506726645413496,4,,1
"코스피, 삼전 실적 발표 앞두고 1%대 상승","이날 오후 3시 30분 기준 서울 외환시장에서 달러 대비 원화 환율은 1.1원 오른 1506.3원을 나타냈다. 이경민·정해창 대신증권 연구원은 ""실적 시즌에 진입하면서 기업 실적에 대한 기대는 여전히 유효하다""며...",https://www.pointdaily.co.kr/news/articleView.html?idxno=299940,8,,1
코스피 1.36% 상승···코스닥은 1.54% 하락,"개인이 4264억원 순매수한 가운데 외국인과 기관은 각각 634억원, 3711억원 매도 우위를 기록했다. 한편, 서울외환시장에서 원·달러 환율은 전 거래일 대비 1.1원 오른 1506.3원에 주간 거래를 마쳤다.",http://www.enewstoday.co.kr/news/articleView.html?idxno=2415517,8,,1
"[마감시황] 실적 기대 vs 중동 리스크…코스피, 5450선 마감","아주경제=송윤서 기자 sys0303@ajunews.com 6일 서울 중구 하나은행 본점 딜링룸 전광판에 , 원/달러 환율, 코스피, 코스닥지수가 표시돼 있다. 이날 코스피는 73.03포인트(1.36%) 오른 5450.33으로, 코스닥 지수는 16....",https://www.ajunews.com/view/20260406163307131,12,,1
중동 전운에도 코스피 반등…삼성전자 실적 기대에 1%대 상승,“7일 잠정실적 발표를 앞둔 삼성전자가 실적 기대감에 힘입어 상승하며 지수 상승에 기여했다”고 밝혔다. 이날 서울 외환시장에서 원·달러 환율은 오후 3시30분 기준 전장보다 1.1원 오른 1506.3원을 기록했다.,https://www.ddaily.co.kr/page/view/2026040616342889023,7,,1
"전기·전자업종 중심 기관 매수세에...코스피, 5450선 마감","5%), 의료·정밀기기(-2.8%)가 하락했다. 한편 서울 외환시장에서 원·달러 환율은 전 거래일보다 1.1원 오른 1,506.3원으로 장을 마쳤다. 【 청년일보=신정아 기자 】 서울시 중구 하나은행 딜링룸. [사진=연합뉴스]",https://www.youthdaily.co.kr/news/article.html?no=216911,9,,1
"""이제는 실적을 보자""...삼성전자 실적 추정치 상향에 3%↑",특징주로는 삼천당제약 전인석 대표가 2500억원 규모 지분 매각 계획을 철회한 영향으로 4.63% 급락했다. 한편 서울 외환시장에서 원·달러 환율은 전 거래일보다 1.1원 오른 1506.3원에 거래를 마감했다.,https://www.ntoday.co.kr/news/articleView.html?idxno=126374,5,,1
"[가장 보통의 투자] ""달러 환전 못한다"" 괴담까지 만들어 낸 환율 공포의...","그러나 지금은 경제의 기초 체력이 무너졌기 때문이 아니라, 자금의 방향이 바뀌면서 환율이 오르고 있다. 외국인 자금이 빠져나가고, 글로벌 자금은 달러로 쏠린다. 여기에 에너지 가격 상승까지 겹치면서 원화는...",https://www.bizhankook.com/bk/article/31971,5,,1
"‘서프라이즈’ 삼전 기대하는 시장…코스피, 1%대 상승 마감 [투자360]","06%), 레인보우로보틱스(0.37%) 등은 올랐다. 환율은 전쟁 불확실성 속 소폭 오르며 높은 수준을 유지했다. 이날 오후 3시30분 기준 서울 외환시장에서 달러 대비 원화 환율은 1.1원 오른 1506.3원을 나타냈다.",https://biz.heraldcorp.com/article/10711050?ref=naver,7,,1
[증시 인사이트] 국내증시 동반 상승 출발 후 엇갈린 희비…혼조 마감,"9조원 전망"" - 삼성전자, HBM4 양산 선제적 추진…시장 주도권 확보 - 삼성전자, 파운드리·시스템LSI 부문 적자 축소 흐름 - 반도체 수출 대금 '달러' 결제…고환율, 실적에 우호적 Q. 오늘도 광통신주는 강세를...",https://biz.sbs.co.kr/article_hub/20000302341?division=NAVER,5,,1
"코스피, 삼성전자 1Q 실적 발표에 기대감↑1.36% 상승 마감","656억원, 기관이 3710억원 순배도 한 반면 개인은 4264억원 순배수했다. 서울 외환시장에서 원ㆍ달러 환율은 전 거래일보다 1.1원 오른 1506.3원에 거래를 마쳤다. #코스피 #코스닥 #환율 #삼성전자 실적발표",http://www.techholic.co.kr/news/articleView.html?idxno=220678,9,,1
"휘발유 2,000원 시대, 서울은 이미 '초비상'... 4월 들어 단 하루도 안 쉬...","여기에 원·달러 환율까지 고공행진을 하며 수입 원가 부담을 키웠고, 이게 국내 소매가 인상을 부채질하는 형국이다. 정부가 유류세 인하 조치를 유지하고는 있지만, 최근 상승 폭이 너무 가팔라 세금 인하분마저...",https://www.ppss.kr/news/articleView.html?idxno=291598,4,,1
코스피 5450대 상승 마감… 중동 리스크에도 '삼전 효과',38포인트(1.54%) 내린 1047.37로 장을 끝냈다. 이날 서울 외환시장에서 미국 달러화 대비 원화 환율의 주간 거래 종가(오후 3시 30분 기준)는 전 거래일보다 1.1원 상승한 1506.3원에 마감했다.,https://www.daejonilbo.com/news/articleView.html?idxno=2267381,7,,1
"코스피, 1%대 상승 마감… 코스닥은 하락",93%)는 하락 마감했다. 코스닥은 전 거래일보다 16.38포인트(1.54%) 내린 1047.37로 장을 마감했다. 서울 외환시장에서 원·달러 환율은 실시간 기준 전 거래일보다 3.10원(0.21%) 내린 1507.00원을 기록했다.,https://www.digitaltoday.co.kr/news/articleView.html?idxno=653922,8,,1
[ETF 시황] 2차전지·원유 ETF 강세…바이오·방산 하락 주도,"서울외환시장에서 원·달러 환율은 전장 대비 1.80원 상승한 1507.00원에 주간거래를 마감했다. 2026.04.06 yym58@newspim.com 테마별로는 원유(3.45%), 건설(3.21%), 기타 귀금속(2.19%), MSCI Korea(1.71%), 2차전지(1....",https://www.newspim.com/news/view/20260406001131,4,,1
원·달러 환율 1506원-코스피 5450-삼성전자 19만원대 복귀 마감,"37로 거래를 마감한 가운데, 서울 중구 하나은행 을지로본점 딜링룸에서 직원들이 업무를 보고 있다. 서울외환시장에서 원·달러 환율은 전장 대비 1.20원 상승한 1506.40원에 주간거래를 마감했다. 2026.04.06",https://www.newspim.com/news/view/20260406001135,9,,1
고환율에 카드사 해외전략 '속도 조절'…확장 대신 안정화 무게,지난달 말 1536.90원을 기록한 원/달러 환율은 아직 1500원대에서 움직이고 있다. 원화 약세가 지속될 경우 해외 투자에 필요한 자금 부담이 커지는 데다 현지 통화 기준으로 발생한 수익을 원화로 환산할 때 변동성이 확대될...,http://www.wikileaks-kr.org/news/articleView.html?idxno=185967,8,,1
"코스피, 삼성전자 실적 발표 앞두고 상승 마감","코스닥 시가총액 상위주 중에서는 에코프로비엠(3.79%), 에코프로(1.06%), 레인보우로보틱스(0.37%) 등이 올랐다. 서울 외환시장에서 원·달러 환율은 전 거래일보다 1.1원 뛴 1506.3원에 주간 거래를 마쳤다.",http://www.issuenbiz.com/news/articleView.html?idxno=75204,9,,1
"코스피, 기관 '사자'에 5450선 마감…삼전 실적 기대에 3% 상승","반면 에코프로비엠(3.79%), 에코프로(1.06%), 레인보우로보틱스(0.37%) 등은 상승 마감했다. 이날 서울 외환시장에서 원·달러 환율은 전일 주간 거래 종가 대비 1.1원 오른 1506.3원에 마감했다. [뉴스웍스=]",https://www.newsworks.co.kr/news/articleView.html?idxno=836788,7,,1
"코스피 55450.33 마감, 1.36%↑…코스닥은 1047.37, 1.54%↓",15%) 알테오젠(-0.96%) 등이 내린 반면 에코프로비엠(3.79%) 에코프로(1.06%) 레인보우로보틱스(0.37%) 등이 올랐다. 서울 외환시장에서 원·달러 환율은 전장 대비 1.1원 오른 1506.3원으로 주간 거래를 마쳤다.,http://www.seouleconews.com/news/articleView.html?idxno=90474,8,,1
"증시 떠받친 삼전 실적 기대감 … 코스피 1.3% 강세, 코스닥 하락","강진혁 신한투자증권 연구원은 ""이날 증시는 트럼프의 최후 통첩 연기 속 강대강 대치에 경계감이 지속됐다""고 말했다. 한편 원 · 달러 환율은 1.1원 오른 1506.3원으로 장을 마쳤다. 뉴데일리 박정은",https://biz.newdaily.co.kr/site/data/html/2026/04/06/2026040600339.html,9,,1
[오늘증시] 기관이 떠받친 코스피… 반도체·에너지 강세에 상승 마감,"이어 ""미국 서부 텍사스산 원유(WTI) 가격이 브렌트유를 상회하기 시작한 점은 미국 금융시장 불안 요인이자 달러 강세 압력으로 작용할 수 있다""며 ""달러-원 환율은 1480~1540원 범위에서 움직일 것""이라고 전망했다....",https://www.startuptoday.co.kr/news/articleView.html?idxno=608823,7,,1
기관이 방어한 코스피...5400대 사수 [마감시황],"수급 동향을 보면, 외국인과 기관이 각각 635억원, 3711억원을 순매도하고 개인은 4264억원을 순매수했다. 한편 원·달러 환율은 전일 대비 1.1원 오른 1506.3원에 마감했다. 김태환 기자 kth@ekn.kr",https://www.ekn.kr/web/view.php?key=20260406023194647,6,,1
"'삼전 실적 D-1' 코스피, 1%대 올라 5,450 마감…코스닥은 내려(종합)","이날 오후 3시 30분 기준 서울 외환시장에서 달러 대비 원화 환율은 1.1원 오른 1,506.3원을 나타냈다. 기관이 홀로 8천388억원 순매수하며 지수를 견인했다. 개인과 외국인은 각각 1조554억원과 1천533억원...",https://www.yna.co.kr/view/AKR20260406121151008?input=1195m,10,,1
'삼전닉스'의 힘…기관 8369억 매수 코스피 5450선 마감,"기대감이 유입됐다""며 ""전쟁에 따른 할인율 압력에도 펀더멘털의 지지 여부가 주목된다""고 분석했다. 한편, 이날 서울 외환시장에서 원·달러 환율은 전 거래일 대비 1.1원 오른 1506.3원에 주간 거래를 마감했다.",https://www.mediapen.com/news/view/1091586,6,,1
"중동 불안 딛고, 코스피 '활짝'...삼성전자·하나금융·LG '껑충'","원-달러 환율이 소폭(1.1원) 상승한 1506.3원에 마감한 가운데 외국인들은 1500억원 대를 순매도했다. 업종별로는 반도체를 비롯해 금융지주, 보험, 건설, 2차전지, 전력기기주 등이 올랐고 조선, 방산...",http://www.choicenews.co.kr/news/articleView.html?idxno=163373,7,,1
"개인도 세기의 IPO 참여할까 … 미래에셋, 스페이스X 주식 국내 공모 추...","공모 규모는 750억달러(약 113조원)로, 기존 최대 기록인 사우디 아람코 IPO(294억달러)를 크게 웃도는... 환율변동에 따른 수익률 영향과 해외 상장주 특유의 높은 변동성도 변수로 꼽히는데 미래에셋은 이에 대한...",https://biz.newdaily.co.kr/site/data/html/2026/04/06/2026040600310.html,9,,1
外人 매수 유입된 삼전 3.7%↑…SK하닉도 상승 마감[핫스탁](종합),"이어 ""여기에 원·달러 환율 상승에 따른 환차익 효과도 긍정적으로 작용할 전망""이라고 덧붙였다. 이어 ""다만 반도체 가격 상승이 스마트폰 및 가전 부문의 원가 부담으로 이어질 가능성이 있어 사업부별 실적...",https://www.newsis.com/view/NISX20260406_0003579796,5,,1
"코스피, 실적 기대·기관 매수에 '5450선 회복'…코스닥 1.54%↓","21%), 건강관리장비와용품(-3.93%), 에너지장비및서비스(-3.49%), 판매업체(-2.74%)가 위치했다. 한편 이날 오후 3시30분 종가 기준 서울 외환시장에서 원·달러 환율은 전 거래일보다 1.1원 오른 1506.3원에 마감했다.",http://www.newsprime.co.kr/news/article.html?no=729362,9,,1
"""공식 안 통하네"" 한달새 21% 빠졌다…힘 못쓰는 고환율 수혜주, 왜?",원/달러 환율이 1500원대에서 횡보하는 강달러 흐름이 지속되고 있어 투자자들의 고민이 깊어지고 있다. 환율은 미국과 이란의 전쟁 발발 전 1400원대 초반에서 한달여 만에 100원가량 뛰었다. 특히 환율 관련주들의...,https://www.mt.co.kr/stock/2026/04/06/2026040615400792178,4,,1
원·달러 환율 1.80원 상승 1507원 마감,"37로 거래를 마감한 가운데, 서울 중구 하나은행 을지로본점 딜링룸에서 직원들이 업무를 보고 있다. 서울외환시장에서 원·달러 환율은 전장 대비 1.80원 상승한 1507.00원에 주간거래를 마감했다. 2026.04.06",https://www.newspim.com/news/view/20260406001122,7,,1
"환율 1.1원 오른 1,506.3원…美·이란 휴전 논의에 상승폭 줄어",미국과 이란이 45일간 휴전하는 방안을 논의하고 있다는 보도가 나온 가운데 원/달러 환율은 소폭 상승 마감했다. 6일 서울 외환시장에서 미국 달러화 대비 원화 환율의 주간 거래 종가(오후 3시 30분 기준)는 전...,https://www.yna.co.kr/view/AKR20260406127500002?input=1195m,5,,1
"코스피, 기관 매수세 힘입어 5450선 마감","37로 마감했다. 코스닥 시장에서 외국인은 635억원, 기관은 3711억원을 순매도했다. 개인은 4264억원을 순매수했다. 한편, 서울 외환시장에서 원·달러 환율은 전거래일 대비 1.1원 오른 1506.3원에 거래를 마쳤다.",https://www.mydaily.co.kr/page/view/2026040616143677189,8,,1
"4월 6일 원/달러 환율 1,506.30원...엔화·유로·위안화","6일, 서울외환시장에서 금일 오후 3시 30분 기준 미국 달러(US) 매매기준율(금융권이 달러를 구해 온 평균 원가)은 1달러당 1,506.30원을 기록했다. 전 거래일 대비 달러당 1.10원 상승했다. 같은 기준으로...",http://www.snmnews.com/news/articleView.html?idxno=567612,5,,1
코스피 5450선 안착… 삼성전자·LG에너지솔루션 강세,"알테오젠(-0.96%), 에이비엘바이오(-1.53%), 코오롱티슈진(-1.50%), 펩트론(-1.27%) 등 대부분 약세로 마감됐다. 서울 외환시장에서 원·달러 환율은 전 거래일보다 1.1원 오른 1506.3원에 마쳤다.",https://www.newsclaim.co.kr/news/articleView.html?idxno=3059973,6,,1
"삼전이 끌고간 코스피, 5450.33 마감…코스닥 1.54%↓[시황종합]",이날 서울외환시장에서 달러·원 환율은 전 거래일 대비 1.1원 상승한 1506.3원에 주간 거래를 마쳤다. 미국과 이란 간 휴전 협상 가능성이 제기되면서 상승 압력이 일부 완화된 것으로 보인다. 코스닥은...,https://www.news1.kr/finance/general-stock/6126987,8,,1
'삼전 실적 발표 임박' 코스피 5450선 상승 마감…코스닥은 1%대 하락,이날 원/달러 환율은 1.1원 오른 1506.3원에 주간거래를 마쳤다. 시장에서는 중동 긴장과 협상 기대가 엇갈리는 가운데 삼성전자 잠정 실적 발표를 앞둔 기대감이 지수 상승을 지지한 것으로 분석된다. 특히...,https://www.kado.net/news/articleView.html?idxno=2042937,9,,1
"코스피, 삼성전자 실적 기대에 5450선 회복…환율 1500원대",실적 개선 흐름이 확인될 경우 투자심리 회복의 계기가 될 수 있다는 기대가 나온다. 환율은 여전히 1500원대를 유지하고 있다. 서울 외환시장에서 원·달러 환율은 전 거래일보다 1.1원 오른 1506.3원에 마감했다.,http://www.newsian.co.kr/news/articleView.html?idxno=88187,7,,1
상승 마감한 코스피,"03포인트(1.36%) 오른 5,450.33에 마감했다. 코스닥 지수는 16.38p(1.54%) 내린 1,047.37, 원·달러 환율은 전 거래일 주간거래 종가보다 1.30원 오른 1,506.5원을 기록했다. 2026.4.6/뉴스1",https://www.news1.kr/photos/7840271,8,,1
"코스피, 삼성전자 강세에 5450선 회복…환율 1506.3원 마감","37%) 등은 상승했지만 삼천당제약(-4.63%), 리노공업(-4.44%), 에이비엘바이오(-1.53%), 코오롱티슈진(-1.50%), 알테오젠(-0.96%) 등은 하락했다. 이날 원/달러 환율은 전일 대비 1.1원 오른 1506.3원으로 거래를 마감했다.",http://www.seoulwire.com/news/articleView.html?idxno=715416,6,,1
"[마감시황] 코스피, 73.03포인트 오른 5450.33 마감","한편, 코스닥은 전 거래일 대비 16.38포인트(1.54%) 하락한 1047.37을 기록했고, 원·달러 환율(미국 달러 대비 원화 환율)은 전 거래일보다 1.1원 상승한 1506.3원으로 마무리했다.",https://www.lcnews.co.kr/news/articleView.html?idxno=200288,9,,1
"미국·이란 45일 휴전說…달러·원 환율1506원, 1.1원 상승 그쳐",미국과 이란 간 휴전 협상 가능성이 제기되면서 장 중 1512원까지 올랐던 달러·원 환율이 상승분을 대부분 뱉어냈다. 6일 서울외환시장에 따르면 이날 오후 3시 30분 달러·원 환율은 전 거래일 대비 1.1원 상승한 1506....,https://www.news1.kr/finance/general-stock/6126953,4,,1
"코스피, 기관 '사자'에 5400선 회복…코스닥은 삼천당제약 사태에 하락...","주고 있다""며 ""해당 블로거를 명예훼손 및 업무방해 등으로 고발할 것""이라고 밝혀 법적 대응을 예고했다. 이날 서울외환시장에서 원·달러 환율은 전 거래일(1505.2원) 대비 1.1원 오른 1506.3원에 거래를 마쳤다.",https://www.newsway.co.kr/news/view?ud=2026040615554452007,8,,1
코스피 상승 마감,"이날 코스피 지수는 전 거래일 대비 73.03포인트(1.36%) 오른 5,450.33에 마감했다. 원·달러 환율은 전 거래일 주간거래 종가보다 1.30원 오른 1,506.5원을 기록했다. 2026.4.6/뉴스1",https://www.news1.kr/photos/7840312,6,,1
[시황] 코스피 5400선 회복 마감…삼성전자 호실적 기대감 작용,"53%) △코오롱티슈진(1.5%) △리노공업(4.44%) △펩트론(1.27%)는 나란히 하락하며 거래를 끝냈다. 한편, 서울 외환시장에서 원·달러 환율은 전 거래일(1505.2원)보다 1.1원 오른 1506.3원에 마감했다. [뉴스드림]",http://www.newsdream.kr/news/articleView.html?idxno=111159,7,,1
"코스피, 삼성전자 강세에 5,400선 탈환","한편, 이날 원·달러 환율은 1,510원을 넘기며 개장했지만 이후 소폭 하락해 1,506원대에 거래를 마쳤습니다. 지금까지 경제부에서 전해드렸습니다. [영상취재 임예성] [영상편집 송아해]",http://www.yonhapnewstv.co.kr/MYH20260406160643MI5,6,,1
"코스피, 삼성전자 실적 기대감에 상승...5450선 기록","에코프로비엠(3.79%), 에코프로(1.06%), 레인보우로보틱스(0.37%) 등이 올랐다. 서울 외환시장에서 원·달러 환율은 전 거래일(1505.2원)보다 1.1원 오른 1506.3원에 주간 거래를 마감했다．",https://www.cstimes.com/news/articleView.html?idxno=700971,7,,1
"[환율마감] 원·달러 전고후저 속 찔끔 상승, 외인 주식매도폭 축소+WGB...",이투데이=김남현 기자 | 미 넌펌 호조 영향...유럽·중국 등 휴장에 전반적으로 조용 트럼프 입·미국 물가 지표 주시 속 변동성 장세 지속..이번주 1500~1530원 등락할 듯 원·달러 환율이 찔끔 상승에 그쳤다(원화...,https://www.etoday.co.kr/news/view/2573162,6,,1
삼전 실적 기대감에 코스피 지수도 '쑥'…전쟁 불확실성은 여전,"에이비엘바이오, 코오롱티슈진은 1% 이상 미끄러졌다. 에코프로비엠은 3% 이상 올랐다. 이날 서울 외환시장에서 원/달러 환율은 전 거래일 종가보다 1.1원 오른 1506.3원(오후 3시30분 종가 기준)을 기록했다.",https://www.mt.co.kr/stock/2026/04/06/2026040615252669878,7,,1
"항공업계, 1분기 실적 ‘선방’… 고유가·고환율에 2분기 ‘난기류’",최근 원·달러 환율은 1500원대 중후반대를 넘긴 상태로 달러로 결제되는 항공유 비용 부담이 가중되는 상황이다. 항공유 비용은 전체 영업비용의 약 30% 안팎을 차지한다. 이미 시장 전망은 잿빛이다. 2분기 대한항공의...,https://www.viva100.com/article/20260406500795,5,,1
[마감시황] 삼성E&A·풍산·삼천당제약,"|중앙이코노미뉴스 엄현식 기자|6일 서울 중구 하나은행 본점 딜링룸 전광판에 , 원/달러 환율, 코스피, 코스닥지수가 표시돼 있다. [사진=연합]  6일 코스피는 1% 넘게 오르며 5,450대를 기록했다. 이날 코스피 지수는 73....",https://www.joongangenews.com/news/articleView.html?idxno=509257,11,,1
[마감시황]코스피 1%대 상승 마감…실적 기대·업종 차별화,"38포인트(1.54%) 내린 1047.37에 거래를 마쳤다. 개인이 4264억원을 순매수했으나 외국인과 기관이 각각 635억원, 3710억원을 순매도했다. 서울 외환시장에서 원·달러 환율은 전 거래일보다 1.1원 오른 1506.3원에 마감했다.",https://www.newspim.com/news/view/20260406001089,7,,1
"코스피, 삼전 실적발표 기대 속 1%대 상승…코스닥은 하락","코스닥 지수는 이날 상승 출발했지만 장중 하락 전환해 16.38포인트(1.54%) 내린 1047.37로 장을 끝냈습니다. 한편, 이날 서울 외환시장에서 원·달러 환율은 전 거래일 대비 1.1원 오른 1506.3원에 거래를 마쳤습니다.",https://www.ichannela.com/news/main/news_detailPage.do?publishId=000000522620,9,,1
중동 전쟁 경계감 속…코스피 1%대 상승 마감,원달러 환율은 주간 거래 종가 기준으로 전 거래일보다 1.1원 오른 1506.3원으로 집계됐다. 코스닥 지수는 이날 상승 출발했지만 장중 하락 전환해 16.38포인트(1.54%) 내린 1047.37로 장을 끝냈다.,https://www.busan.com/view/busan/view.php?code=2026040616011362849,8,,1
"코스피, 기관 순매수에 1%대 상승...5400선 회복","27%) 등이 전부 내렸다. 상한종목은 8개, 상승종목은 566개, 하락종목은 1115개, 보합종목은 69개로 집계됐다. 한편, 서울 외환시장에서 원·달러 환율은 전 거래일보다 1.1원 오른 1506.3원에 주간 거래를 마감했다.",http://www.metroseoul.co.kr/article/20260406500487,6,,1
"“해외시장 뚫어야 하는데…” 유업계, 환율·고유가에 해상 운임 부담...",원화 가치 하락은 수출에는 호재일 수 있지만 원·달러 환율 상승과 국제 유가 상승으로 해상 운임 변동성이 커지면서 물류비 부담이 전반적으로 증가하는 추세다. 원가 부담도 동시에 커지고 있다. 원유뿐 아니라 치즈 등...,https://www.etnews.com/20260406000228,5,,1
코스닥 16.38% 하락 1047.37 마감,"37로 거래를 마감한 가운데, 서울 중구 하나은행 을지로본점 딜링룸에서 직원들이 업무를 보고 있다. 서울외환시장에서 원·달러 환율은 전장 대비 1.70원 상승한 1506.90원에 주간거래를 마감했다. 2026.04.06",https://www.newspim.com/news/view/20260406001084,9,,1
"외국인·기관, 반도체 집중 매수로 '착시'…코스피 5450선 상승 마감 [시...","27%) 등이 내렸고, 에코프로비엠(3.79%)·에코프로(1.06%)·레인보우로보틱스(0.37%) 등이 올랐다. HLB는 보합 마감했다. 서울 외환시장에서 미국 달러화 대비 원화 환율은 전장 대비 1.1원 오른 1506.3원으로 마감했다.",https://www.dailian.co.kr/news/view/1630146/?sc=Naver,7,,1
나라살림 적자 2년 연속 100조대…역대 네번째 많은 수준,"관리재정수지 개선이 작년 원/달러 환율 상승에 따라 분모인 명목 GDP가 늘어난 영향이 있다는 지적에는 ""환율 효과도 배제할 수는 없겠지만, 실제 성장 자체도 기여한 것으로 보고 있다""고 평가했다. 또 ""재정준칙...",https://www.goodnews1.com/news/articleView.html?idxno=458442,4,,1
[도쿄증시-마감] 미·이란 휴전 논의 소식 속 혼조,"같은 시각 달러-엔 환율은 전장보다 0.04% 하락한 159.596엔에 거래됐다. 한편, 다카이치 사나에 일본 총리는 이날 참의원(상원) 예산위원회에서 이란과 최고위급 회담을 포함해 일본을 포함한 모든 선박의 안전을...",https://news.einfomax.co.kr/news/articleView.html?idxno=4407954,4,,1
"(마감시황) 코스피, 5,450선 안착…삼성전자 실적 기대감 반영","28%), 후성(10.99%), 동국제약(9.12%) 등은 52주 신고가를 기록했다. 한편 서울 외환시장에서 원·달러 환율은 주간 거래 종가인 오후 3시 30분을 기준으로 전 거래일보다 1.1원 오른 1,506.3원을 기록했다.",https://www.news2day.co.kr/article/20260406500204,7,,1
"[포토]'삼성전자 실적 D-1' 코스피, 1%대 올라 5,450 마감…코스닥은 내...","03(1.36%)포인트 상승한 5,450.33을 코스닥은 전 거래일 대비 16.38(1.54%)포인트 하락한 1,047.37을 기록했다. 서울외환시장에서 원·달러 환율은 전일 대비 1.20원(0.08%) 상승한 달러당 1506.40원에 거래되고 있다.",http://www.edaily.co.kr/news/newspath.asp?newsid=04296806645413496,9,,1
"여름휴가, 항공권 대란 시작되나 / 비행기 타기 겁나는 기름값","국제 유가 상승으로 연료비 자체가 오른 상황에서, 원·달러 환율까지 동반 상승하면 비용 부담은 기하급수적으로 커진다. 결국 항공사는 비행기를 띄울수록 손실이 쌓이는 '역마진 구조'에 놓이게 된다. 수요가 있다고...",http://topclass.chosun.com/news/articleView.html?idxno=36074,4,,1
"[서환] DXY·WTI따라 한때 하락…1,500원 중반대서 등락","같은 시간 달러-엔 환율은 뉴욕장 대비 0.108엔 하락한 159.554엔, 유로-달러 환율은 0.00095달러 상승한 1.15220달러에 거래됐다. 엔-원 재정환율은 100엔당 943.89원, 위안-원 환율은 218.72원이었다. 역외 달러-위안(CNH)...",https://news.einfomax.co.kr/news/articleView.html?idxno=4407953,4,,1
[포토]삼성전자 실적 기대감에…코스피 상승 마감,"03(1.36%)포인트 상승한 5,450.33을 코스닥은 전 거래일 대비 16.38(1.54%)포인트 하락한 1,047.37을 기록했다. 서울외환시장에서 원·달러 환율은 전일 대비 1.80원(0.12%) 상승한 달러당 1507.00원에 거래되고 있다.",http://www.edaily.co.kr/news/newspath.asp?newsid=04290246645413496,9,,1
코스피 1.36% 상승 마감…중동 리스크 속 '삼전 효과'(종합),"시가총액 상위 종목은 에코프로비엠(3.79%), 에코프로(1.06%), 레인보우로보틱스(0.37%) 이외는 약세 마감했다. 서울 외환시장에서 원·달러 환율은 전 거래일(1505.2원)보다 1.1원 오른 1506．3원에 주간 거래를 마감했다．",https://www.newsis.com/view/NISX20260406_0003579746,6,,1
실적 이벤트 앞둔 코스피 5450대로 '어닝서프'기대감…삼성전자 4%↑,오후 3시 30분 기준 서울 외환시장에서 원달러 환율은 전 거래일보다 1.1원 오른 1506.3원을 기록했다. 환율은 전장보다 5.1원 오른 1510.3원으로 거래를 시작했다. 지난주 마지막 거래일인 3일(현지시간) 뉴욕증시는...,http://www.smedaily.co.kr/news/articleView.html?idxno=355133,7,,1
"코스피, 기관 '사자'에 1.36% 상승 마감","△에코프로비엠(3.79%) △에코프로(1.06%) △레인보우로보틱스(0.37%) 등은 올랐고, △HLB(0.00%)는 보합으로 마쳤다. 한편 서울 외환시장에서 원·달러 환율은 전 거래일보다 1.1원 오른 1506.3원에 거래를 마쳤다.",https://news.tf.co.kr/read/economy/2310110.htm,6,,1
"[포토]'삼전 실적 D-1' 코스피, 1%대 올라 5,450 마감","03(1.36%)포인트 상승한 5,450.33을 코스닥은 전 거래일 대비 16.38(1.54%)포인트 하락한 1,047.37을 기록했다. 서울외환시장에서 원·달러 환율은 전일 대비 1.80원(0.12%) 상승한 달러당 1507.00원에 거래되고 있다.",http://www.edaily.co.kr/news/newspath.asp?newsid=04283686645413496,9,,1
상속세 털고 역대급 실적 '삼성전자 주가'의 끝은? [뉴스톡 웰스톡],"오늘 양 주식시장은 희비가 갈렸다. 코스피 지수는 73.03p(1.36%) 뛴 5450.33을 기록했고, 코스닥은 16.38p(1.54%) 빠진 1047.37로 장을 마감했다. 서울외환시장에서 원/달러 환율은 1.1원 오른 1506.3원에 거래를 마쳤다.",http://www.newswell.co.kr/news/articleView.html?idxno=17518,11,,1
"[포토]'확전 불안' 속 코스피 상승 마감...원·달러 환율 1,506원","03(1.36%)포인트 상승한 5,450.33을 코스닥은 전 거래일 대비 16.38(1.54%)포인트 하락한 1,047.37을 기록했다. 서울외환시장에서 원·달러 환율은 전일 대비 1.80원(0.12%) 상승한 달러당 1507.00원에 거래되고 있다.",http://www.edaily.co.kr/news/newspath.asp?newsid=04280406645413496,8,,1
원·달러 환율 1056원...코스피 5450.33 마감,"37로 거래를 마감한 가운데, 서울 중구 하나은행 을지로본점 딜링룸에서 직원들이 업무를 보고 있다. 서울외환시장에서 원·달러 환율은 전장 대비 1.30원 상승한 1506.50원에 주간거래를 마감했다. 2026.04.06",https://www.newspim.com/news/view/20260406001060,9,,1
1400원은 이제 옛말…환율 1500원 선에서 펼쳐지는 팽팽한 줄다리기,6일 서울 외환시장에서 원/달러 환율이 전 거래일 대비 하락세를 보이며 1506.3원으로 거래를 마쳤다. 오전 9시 장 개시와 함께 1510.3원으로 출발하며 심리적 저항선을 위협했으나 오후 들어 상승폭을 반납하며 안정세를...,https://www.wikitree.co.kr/articles/1129944,4,,1
"[오늘증시] 삼전 3.7% 급등 코스피, '5450.33' 마감…환율 1506원","50%), 리노공업(-4.44%), 펩트론(-1.27%)은 약세로 끝났다. HLB(0.00%)는 보합세를 나타냈다. 서울 외환시장에서 원·달러 환율은 전 거래일(1505.2원)보다 1.1원 오른 1506.3원에 주간 거래를 마감했다．",https://www.sidae.com/article/2026040615225017495,6,,1
美 연준 칩플레이션 경고···메모리 계급화 '보이지 않는 손',"원·달러 환율 상승은 수입 원자재 가격을 밀어올리고, 중동 지역 긴장에 따른 에너지 가격 상승은 제조 비용을 추가로 자극한다. 반도체 원가 상승과 환율 상승이 동시에 작용하면 삼성전자와 SK하이닉스는 비용을...",https://www.womaneconomy.co.kr/news/articleView.html?idxno=252095,9,,1
"코스피, 유가·금리·환율 삼중'高'…""그래도 믿을 건 반도체""",금리 압력이 높아지는 가운데 원·달러 환율은 1500원을 돌파했다. 외국인 비중이 높은 국내 증시 특성상 환율 상승은 곧바로 수급 부담으로 연결된다. 증권가에 따르면 과거에는 금리나 원자재 가격 변화에 따라 업종 간...,https://www.newsway.co.kr/news/view?ud=2026040611380800970,7,,1
"코스피 1%대 올라 5,450 마감‥코스닥은 내려","코스닥 지수는 상승 출발했지만 오전에 내림세로 전환하며 어제보다 1.54% 내린 1,047.37로 마감했습니다. 원·달러 환율은 어제보다 1.1원 오른 1,506.3원으로 거래를 마쳤습니다.",https://imnews.imbc.com/news/2026/econo/article/6813013_36932.html,8,,1
"중동 긴장 속 코스피, 5450선 강세 마감…실적 기대감에 '19만전자' 회복",15%) 알테오젠(-0.96%) 등이 내린 반면 에코프로비엠(3.79%) 에코프로(1.06%) 레인보우로보틱스(0.37%) 등이 올랐다. 서울 외환시장에서 원·달러 환율은 전장 대비 1.1원 오른 1506.3원으로 주간 거래를 마쳤다.,https://www.hankyung.com/article/2026040619416,7,,1
"[포토]코스피, 상승 마감..코스닥 하락 마감","03(1.36%)포인트 상승한 5,450.33을 코스닥은 전 거래일 대비 16.38(1.54%)포인트 하락한 1,047.37을 기록했다. 서울외환시장에서 원·달러 환율은 전일 대비 1.70원(0.11%) 상승한 달러당 1506.90원에 거래되고 있다.",http://www.edaily.co.kr/news/newspath.asp?newsid=04257446645413496,8,,1
“지정학적 위기 오면 재생에너지가 완충재···화석연료는 국제 충격...,한국 원화는 2월27일 달러당 1466.5원에서 일주일 만에 1521원까지 올랐다. IEEFA는 에너지 수입 비용과 환율 상승이 수입 연료에 의존하는 국영 에너지 기업의 재무를 악화시킨다고 지적했다. 특히 전기·가스·휘발유...,https://www.khan.co.kr/article/202604061553011,5,,1
1%대 상승 마감한 코스피,"6일 서울 중구 하나은행 본점 딜링룸 전광판에 , 원/달러 환율, 코스피, 코스닥지수가 표시돼 있다. 이날 코스피는 73.03포인트(1.36%) 오른 5,450.33으로, 코스닥 지수는 16.38포인트(1.54%) 내린 1,047.37로...",https://www.yna.co.kr/view/PYH20260406153900013?input=1196m,11,,1
"[포토]코스피, 1.36% 오른 5450.33 마감","03(1.36%)포인트 상승한 5,450.33을 코스닥은 전 거래일 대비 16.38(1.54%)포인트 하락한 1,047.37을 기록했다. 서울외환시장에서 원·달러 환율은 전일 대비 1.80원(0.12%) 상승한 달러당 1507.00원에 거래되고 있다.",http://www.edaily.co.kr/news/newspath.asp?newsid=04254166645413496,8,,1
"[포토]코스피, 관세 부담에도 1% 상승 마감","03(1.36%)포인트 상승한 5,450.33을 코스닥은 전 거래일 대비 16.38(1.54%)포인트 하락한 1,047.37을 기록했다. 서울외환시장에서 원·달러 환율은 전일 대비 1.70원(0.11%) 상승한 달러당 1506.90원에 거래되고 있다.",http://www.edaily.co.kr/news/newspath.asp?newsid=04244326645413496,8,,1
항공권 '발권 쇼크' 현실화…유류할증료 3배 급등,여기에 원·달러 환율 상승까지 겹치면서 항공사들의 연료비 부담이 더욱 커졌다. 항공유는 달러로 결제되기 때문에 환율이 오르면 비용이 이중으로 증가하는 구조다. 소비자들이 가장 궁금해하는 부분은 기존 예약...,https://www.ppss.kr/news/articleView.html?idxno=291573,4,,1
코스피 5450선 탈환...원·달러 환율 1506원 마감,"37로 거래를 마감한 가운데, 서울 중구 하나은행 을지로본점 딜링룸에서 직원들이 업무를 보고 있다. 서울외환시장에서 원·달러 환율은 전장 대비 1.70원 상승한 1506.90원에 주간거래를 마감했다. 2026.04.06",https://www.newspim.com/news/view/20260406001038,9,,1
[외환마감] 원·달러 환율 1506.3원···1.1원↑,6일 서울 외환시장에서 원·달러 환율은 오후 3시 30분 종가 기준 전장 대비 1.1원 오른 달러당 1506.3원에 마감했다.,https://www.seoulfn.com/news/articleView.html?idxno=625727,4,,1
"[포토]코스피, 1.36% 오른 5450.35 마감","03(1.36%)포인트 상승한 5,450.33을 코스닥은 전 거래일 대비 16.38(1.54%)포인트 하락한 1,047.37을 기록했다. 서울외환시장에서 원·달러 환율은 전일 대비 1.80원(0.12%) 상승한 달러당 1507.00원에 거래되고 있다.",http://www.edaily.co.kr/news/newspath.asp?newsid=04237766645413496,8,,1
"""그래서 환율 1530원 문제없다 했구나""","이 예금은 미국 달러화, 영국 파운드화, 유로화, 스위스 프랑 등 외화로 예치됐다. 신 후보자와 가족의 해외 자산은 임의로 지난달 20일의 매매기준율을 적용해 원화로 환산됐다. 이후 환율이 뛰면서 자산 가치는...",https://www.bigtanews.co.kr/article/view/big202604060014,5,,1
"삼성전자 실적 기대감에…코스피, 1.36% 오른 5450.35 마감",이날 코스닥 지수는 전장보다 16.38포인트(1.54%) 내린 1047.37로 장을 마감했다. 서울 외환시장에서 원·달러 환율은 전 거래일보다 1.1원 소폭 오른 1506.3원에 주간 거래를 마감했다.,http://www.iminju.net/news/articleView.html?idxno=162154,9,,1
신현송 후보자의 유별난 '한국 주식 ETF' 사랑... 13.6억원어치 보유,외환당국의 수장인 한은 총재 후보자가 원·달러 환율이 오를수록 평가액이 불어나는 자산 구조를 가지고 있을 경우 향후 업무 수행에 있어 이해충돌의 소지가 있을 수 있다는 지적이 나오고 있는 데 따른 것이다. 신...,http://www.edaily.co.kr/news/newspath.asp?newsid=04227926645413496,10,,1
코스피 1.36% 상승…삼성전자·SK하이닉스 동반 상승,원/달러 환율의 변동성과 대외 경제 지표 발표를 앞둔 경계감이 외국인의 매도세를 유도한 것으로 풀이된다. 투자자들은 지수 상승에도 불구하고 종목별 하락 수가 압도적인 장세에 유의하며 대형주 중심의...,https://www.wikitree.co.kr/articles/1129939,6,,1
"신세계, 체질 변화…백화점 외국인 훈풍에 부진 사업도 기지개","이와 관련해 배송이 미래에셋증권 연구원은 “적자 방어한 이유는 중국인 소비 개선에 따른 영업상황 개선 때문”이라면서 “중국인 인바운드가 강세인 가운데, 달러위안 환율이 완화되면서 구매력이 강화된 것으로...",https://www.g-enews.com/view.php?ud=202604061532192276056c162803_1,4,,1
"원·달러 환율, 1.1원 오른 1506.3원",6일 서울외환시장에서 원·달러 환율은 전거래일 주간 거래 종가보다 5.1원 오른 1510.3원으로 출발했다. 장중 소폭 내리며 전거래일(3시 30분 기준)과 비교해 1.1원 오른 1506.3원을 기록했다.,http://www.joseilbo.com/news/news_read.php?uid=566037&class=18&grp=,4,,1
"코스피, 1.36% 오른 5450.33 마감...원·달러 환율 1506.3원",36%) 오른 5450.33에 마감했다. 코스닥 지수는 전 거래일 대비 16.38p(1.54%) 내린 1047.37에 종료했다. 서울 외환시장에서 원·달러 환율은 오후 3시30분 기준 전 거래일 대비 1.1원 오른 1506.3원에 마감했다.,https://www.gukjenews.com/news/articleView.html?idxno=3550081,8,,1
"[속보] 코스피 5450.33(▲73.03p, 1.36%), 원·달러 환율 1506.3(▲1.1원) ...","코스피 5450.33(▲73.03p, 1.36%), 원·달러 환율 1506.3(▲1.1원) 마감",http://mbn.mk.co.kr/pages/news/newsView.php?category=mbn00003&news_seq_no=5186402,6,,1
"코스피 1%대 상승 마감…5,400선 탈환","코스닥 지수도 전장보다 0.54% 내 1,047.37에 거래를 마쳤습니다. 한편, 이날 서울 외환시장에서 원·달러 환율은 전 거래일 대비 1.1원 오른 1506.3원에 거래를 마쳤습니다. #코스피 #코스닥 #원달러환율",http://www.yonhapnewstv.co.kr/AKR20260406153712Xhn,8,,1
"[속보] '확전 불안' 속 코스피 상승 마감...원·달러 환율 1,506원","'확전 불안' 속 코스피 상승 마감…환율 1,506원 코스피 1.36% 오른 5,450.33 종료 삼성전자 3.7%·SK하이닉스 1.1%↑…현대차 0.4%↓ 코스닥 1.54% 내린 1,047.37 종료 원·달러 환율 1.1원 오른 1,506.3원 (15:30...",https://www.ytn.co.kr/_ln/0102_202604061537431768,8,,1
"원/달러 환율, 1.1원 오른 1506.3원 마감",6일 서울 외환시장 원/달러 환율 오후 3시30분 종가,https://www.mt.co.kr/economy/2026/04/06/2026040615362981016,4,,1
"코스피 5450.33(▲1.36%), 코스닥 1047.37(▼1.54%), 원·달러 환율 1506.3원...",코스닥 지수는 전 거래일(1063.75)보다 16.38포인트(1.54%) 내린 1047.37에 거래를 마쳤다. 서울 외환시장에서 원·달러 환율은 전 거래일(1505.2원)보다 1.1원 오른 1506.3원에 주간 거래를 마감했다．,https://www.newsis.com/view/NISX20260406_0003579691,8,,1
"코스피, 1.36% 상승한 5450.33 마감…코스닥 1.54%↓(2보)",33로 거래를 마쳤다. 코스닥은 전일 대비 16.38포인트(p)(1.54%) 하락한 1047.37로 마감했다. 서울외환시장에서 달러·원 환율은 전일 오후 3시 30분 주간종가 대비 1.10원 오른 1506.30원을 기록했다.,https://www.news1.kr/finance/general-stock/6126941,8,,1
열흘 만에 9만개 돌파한 RIA…서학개미 U턴 본격화하나,"원·달러 환율이 1,500원선을 돌파하면서, 기존 해외주식 보유자들에게는 환차익 실현과 양도세 면제를 동시에 챙길 수 있는 타이밍으로 작용하고 있기 때문입니다. 실제로 국내 투자자들의 미국주식 순매수 규모는...",http://mbnmoney.mbn.co.kr/news/view?news_no=MM1005807456,5,,1
나라살림 적자 역대 4번째 …나랏빚도 1년새 129조 '껑충',실제 경제 성장 효과 외에 원/달러 환율 상승 영향으로 분모인 명목 GDP 규모가 커졌기 때문이다. 나랏빚도 눈덩이처럼 불어났다. 중앙정부와 지방정부 채무를 합친 국가채무는 지난해 1304조5000억원으로 1년 새...,https://www.mt.co.kr/economy/2026/04/07/2026040610170837485,4,,1
"[속보]코스피, 1.36% 오른 5450.33…코스닥은 1.54% 하락","03(1.36%)포인트 상승한 5,450.33을 코스닥은 전 거래일 대비 16.38(1.54%)포인트 하락한 1,047.37을 기록했다. 서울외환시장에서 원달러 환율은 전일 대비 1.20원(0.08%) 상승한 달러당 1506.40원에 거래되고 있다.",http://www.edaily.co.kr/news/newspath.asp?newsid=04195126645413496,8,,1
"4대 금융지주 1분기 추정 순이익 '5조' 순항, 역대 최대 분기 실적 또 쓴...","신한은행 본점 전광판에 1500원이 넘는 원/달러 환율이 표시돼 있다. <신한은행> 은경완 신한투자증권 연구원은 ""채권·외환 관련 손실은 증권 관련 수수료수익 등을 통해 충분히 상쇄가 가능하다""고 말했다. 안정적...",https://www.businesspost.co.kr/BP?command=article_view&num=435043,18,,1
"4대 금융, 이란 전쟁 속 1분기 실적 튼튼... 보통주자본비율은 하락",최정욱 하나증권 연구원은 “최근 국채금리 상승으로 FV-OCI 평가손 발생에 따른 기타포괄손익누계액 감소로 CET1 비율에 부정적인 영향이 불가피하다”면서 “원·달러 환율이 1분기 중 90원가량 상승하면서 대형...,https://www.g-enews.com/view.php?ud=202604061426254114bb91c46fcd_1,14,,1
[달러·원] 환율 1.1원 오른 1506.3원 마감,6일 미국 USD 환율,https://www.news1.kr/finance/market-exr/6126931,4,,1
美 주식 팔고 국내로?…국내시장 복귀계좌 9만개 개설,"연초 이후 상승 흐름을 보인 국내 증시와 달리 미국 증시가 정체된 가운데, 원·달러 환율의 고공행진이 지속된 점도 투자 심리 변화에 영향을 미쳤다는 분석이 나온다. 6일 오전 장중 원·달러 환율은 1,510원대까지...",https://www.imaeil.com/page/view/2026040614282059474,5,,1
"외국인, 4월 배당으로 11조 원 가져간다...환율 발목 잡나",4월 '배당 시즌'을 맞아 외국인 투자자가 우리나라 증시에서 배당금을 대거 챙길 것으로 예고되면서 원·달러 환율에 상방 압력을 가속화할 수 있다는 분석이 나왔다. 주주환원 제고 정책으로 상장사의 배당금 규모가...,https://www.hankookilbo.com/news/article/A2026040610310002725?did=NA,4,,1
중동 불안에도 '반도체 실적' 기대‥유가는 혼조세,"원달러 환율은 장중 한때 1,503원대까지 내려갔다가 2시 기준 1,505선 부근에서 오르내리고 있습니다. 당분간 전쟁 불확실성 때문에 증시와 환율, 국제유가 변동성은 계속될 것으로 보입니다. MBC뉴스 김민형입니다.",https://imnews.imbc.com/replay/2026/nw1400/article/6812995_36974.html,5,,1
"""태양광 1GW, LNG 수입 4조 대체""..중동발 위기에 재생E 늘린다","미국의 이란 공격 전일인 2월 27일 1466.5원/달러이던 환율은 일주일 후인 3월 6일 1485원/달러, 트럼프가 '대대적 공격' 연설을 한 4월 2일 1521원/달러까지 치솟았다. 이들 국가는 2022년 러시아의 우크라이나 침공 발발...",https://www.mt.co.kr/industry/2026/04/06/2026040612011890503,4,,1
증시 요동 속 게임주가 부각되는 이유는?,"여기에다 1510원대의 높은 달러 환율 역시 게임주에 대한 관심을 높이는 요인이 되고 있다. 외국에서 원자재를 수입하는 제조업종의 경우 높은 환율이 악재지만, 게임산업의 경우 외국에서 수입하는 재료가 없다....",https://www.tgdaily.co.kr/news/articleView.html?idxno=403492,5,,1
"'빚투 끝판왕' 해외 CFD 잔고 급감, 왜?","중동 지역 긴장이 고조되며 주요국 증시가 흔들렸고, 동시에 달러-원 환율이 상승하면서 CFD 투자자들의 손실이 빠르게 커진 것입니다. 이 과정에서 증거금 유지 비율을 맞추지 못한 계좌들이 강제 청산되거나...",https://biz.sbs.co.kr/article_hub/20000302310?division=NAVER,4,,1
"""제주도 가는 것도 부담""…항공권 오늘이 가장 싸다?","중동 지역의 지정학적 긴장으로 국제 유가가 상승한 데다, 항공유는 달러로 결제되는 만큼 환율 상승까지 겹치면서 항공사들의 비용 부담이 크게 늘었습니다. 이미 예약한 항공권에 대한 영향은 ‘발권 여부’에 따라...",https://biz.sbs.co.kr/article_hub/20000302320?division=NAVER,4,,1
삼성전자·이차전지 '들썩'…'롤러코스피' 5400선 탈환,"트럼프의 이란 타격 시한이 임박하며 1510원 선까지 치솟았던 달러-원 환율은 소폭 내려왔습니다. [앵커] 반도체 1, 2위 삼성전자와 SK하이닉스는 희비가 엇갈리고 있죠? [기자] 네, 그렇습니다. 삼성전자는 3%대...",https://biz.sbs.co.kr/article_hub/20000302309?division=NAVER,6,,1
"전쟁이냐 반등이냐… 8일 오전 9시, 코스피 운명 가른다",당시 원·달러 환율이 1천530원 선까지 치솟으며 환차손 우려가 커진 것이 주요 원인으로 지목된다. 다만 최근 환율 상승세가 진정되면서 투자 환경이 개선됐고 외국인 수급 역시 점진적인 회복 흐름을 보이고 있다....,https://www.idaegu.com/news/articleView.html?idxno=659931,6,,1
유가·환율·하늘길 삼중충격…미·이란 전쟁에 무너진 여행·항공·카지...,"환율 상승까지 겹치며 ‘이중 비용 부담’이 발생하고 있다. 항공사는 달러로 연료를 구매한다. 원화 약세가 지속될 경우, 같은 유가에서도 실제 비용은 더 커진다. 시장에서는 “유가와 환율이 동시에 오르는 구조가...",https://www.kbmaeil.com/article/20260405500264,1,,0
"신한은행 베트남, 지난해 대출 늘었지만 수익은 오히려 줄어들어","또한 ""달러 대비 베트남 동화 환율 변동성 역시 달러화 자산 비중이 상대적으로 높은 은행 영업 실적에 영향을 미쳤다""고 덧붙였다. 주요 건전성 지표는 안정적인 수준을 유지했다. 자본적정성비율(CAR)은 20.53...",https://www.theguru.co.kr/news/article.html?no=100188,16,,1
"삼성전자, 분기 영업익 40조 시대 여나…반도체 호황에 '역대급 실적' 눈...","여기에 파운드리(반도체 위탁생산)와 시스템LSI 부문의 적자 폭이 줄어든 점, 그리고 높은 원·달러 환율도 수익성 개선에 힘을 보탠 것으로 추측된다. 반도체 수출 대금 대부분이 달러로 결제되는 구조 상 원·달러...",https://www.pinpointnews.co.kr/news/articleView.html?idxno=443132,5,,1
"정청래는 수원, 장동혁은 인천으로… 여·야, 수도권 민심잡기 ‘잰걸음...","그러면서 “대부분 국가들이 달러 인덱스 범위 내에서 화폐 가치가 움직이는데, 우리 원화 가치는 다른... 이어 “이러한 상황에서 추경한다면, 분명한 것은 환율은 더 오르고, 물가도 더 오르고, 외국인 투자는 빠져나갈...",https://m.skyedaily.com/news_view.html?ID=301852,5,,1
삼성전자가 끌고 가는 코스피 5500 터치…개인·외인 동반 매도 상승폭...,이날 서울외환시장에서 달러·원 환율은 전 거래일 종가 대비 5.1원 오른 1510.3원으로 출발한 후 1504원 선에서 거래 중이다. 코스닥은 전일 대비 15.15p(-1.42%) 하락한 1048.60을 가리키고 있다. 코스닥은 이날...,https://www.news1.kr/finance/general-stock/6126812,8,,1
'역대 4번째' 나라살림 적자 104조...재정앵커 도입 검토,여기에 원·달러 환율 상승으로 명목 GDP가 늘어난 점도 지표 개선에 작용했다. 지출 측면에서는 주택기금이 직접융자에서 은행 자금을 활용한 2차 보전 방식으로 전환되면서 기금 지출이 줄어든 것도 영향을 줬다....,http://www.fnnews.com/news/202604061424465776,7,,1
USDC 거래소 유입 급증…비트코인 반등 신호될까,"최근 하루 동안 거래소로 들어간 USDC는 7억7,856만6,191.65달러로, 원달러환율 1,505.30원을 적용하면 약 1조1,720억 원에 달한다. 이는 2025년 9월 이후 가장 큰 규모다. 당시에도 비슷한 급등 이후 비트코인(BTC)은 10월 초...",https://www.tokenpost.kr/news/cryptocurrency/346645,4,,1
중동발 고유가 직격탄…항공업계 2분기 실적 '비상등',"6일 서울외환시장에서 원·달러 환율은 1500원을 넘어 1510원대까지 상승했고, 항공사 비용 구조상 달러 결제가 대부분인 만큼 부담이 급격히 확대되고 있다. 실제로 항공사들은 유가와 환율 변동에 따라 수백억 원 규모의...",https://www.ekoreanews.co.kr/news/articleView.html?idxno=85428,5,,1
미국 3월 고용 17만8000명 증가…'착시'일 수도,이는 원·달러 환율 상승과 외국인 투자 자본의 국내 금융시장 이탈을 유발할 수 있다. 따라서 미국 고용지표 이면의 실질적인 소비 둔화 여부를 파악하는 것은 한국의 거시경제 정책 및 기업 전략 수립에 필수적이다....,https://www.junggi.co.kr/news/articleView.html?idxno=36030,5,,1
[데스크 칼럼]K-산업 운명 쥔 호르무즈 해협,"여기에 원·달러 환율이 1500원을 상회하는 고환율 시대가 이어질 경우 한국 기업들은 배럴당 1달러의 통행세와 고비용 에너지, 고환율이라는 삼중고에 직면하게 될 가능성이 높다는 분석이다. 한국 경제와 산업계에...",https://www.m-i.kr/news/articleView.html?idxno=1361870,4,,1
"삼성 '40조 잭팟'·LG '흑자 전환'... 전자 양강, 내일 잠정실적 '기대'","송명섭 iM증권 연구원은 ""1분기 매출과 영업이익은 125조2000억원과 45조3000억원으로 추정한다""며 ""이는 메모리 가격 급등과 원달러 환율 상승에 따른 결과""라고 분석했다. LG전자, 역대 최대 매출 예고…HS·ES가 호실적...",https://www.newsway.co.kr/news/view?ud=2026040612585274017,5,,1
중동 전쟁발 건설현장 '공사 중단 위기'…공사비·PF 리스크 확산 우려,"국제유가 상승으로 경유 가격이 급등했고, 원·달러 환율은 금융위기 이후 최고 수준을 기록했다. 이에 따라 건설사 원가율은 여전히 90%대를 유지하며 수익성이 크게 악화된 상태다. 일부 대형 건설사는 이미 대규모...",https://www.pinpointnews.co.kr/news/articleView.html?idxno=443115,15,,1
"[N2 특징주] 삼성E&A, 중동 리스크 딛고 에너지 신사업 기대감에 주가 강...","원/달러 환율 상승에 따른 수혜와 더불어 삼성전자, 삼성바이오로직스 등 그룹 계열사의 공사가 본궤도에 오르며 외형 성장을 견인했다. 매출 규모가 커지면서 판매관리비 비중이 낮아지는 등 수익 구조가 안정화된...",https://www.news2day.co.kr/article/20260406500164,5,,1
"“진짜 고비는 2분기부터”…항공업계, 3고(高)쇼크에 ‘보릿고개’ 현...",티웨이항공과 제주항공 등 주요 LCC들은 고환율로 인해 달러로 결제되는 항공기 리스료와 정비비가 급증하자 수익성이 낮은 비인기 노선을 중심으로 대대적인 감편 조치를 시행 중이다. 특히 4·5월 여행 비수기와 맞물려...,https://www.mk.co.kr/article/12008988,0,,0
"삼성전자, 잠정 영업익 50조까지… 1Q ‘어닝 서프라이즈’ 예고","지난달 초 1500원 선을 위협하던 원·달러 환율은 같은달 13일 1501.8원을 찍더니, 30일 1516원까지 오르며 우호적인 환율 환경을 제공했다. 비메모리 부문의 약진도 눈에 띈다. 그간 전사 실적의 발목을 잡았던 파운드리...",https://www.viva100.com/article/20260406500704,5,,1
구윤철 “중동 상황 장기화에 물가 압력 확대…비상경제 대응으로 충격...,원·달러 환율과 국고채 금리도 동반 상승하며 금융시장 불안 요인이 확대됐다. 국내 유가도 빠르게 오르고 있다. 이달 초 기준 휘발유와 경유 가격은 각각 리터당 1900원대 중후반 수준으로 상승했다. 유가 상승은...,https://www.etnews.com/20260406000244,6,,1
삼성전자 1Q 영업익 40조 넘어설까... 잠정실적 발표 기대감 ↑,수준의 생산능력을 바탕으로 막대한 이익을 거뒀을 것으로 보고 있다. 환율도 실적 향상의 변수 중 하나다. 반도체 수출 대금을 대부분 달러로 받는 특성상 최근의 고환율은 삼성전자에 수혜로 작용한다는 설명이다.,https://www.mediawatch.kr/news/article.html?no=259176,5,,1
"원·달러 환율 1,500원대 유지…강달러 영향 속 고점권 등락","원·달러 환율이 1,500원대에서 등락을 이어가며 고점권 흐름을 유지하고 있다. 4월 6일 기준 환율은 달러당 약 1,510원 내외 수준에서 움직이며 전반적인 강달러 흐름이 지속되고 있다. 최근 환율 상승은 미국 경제지표...",https://www.job-post.co.kr/news/articleView.html?idxno=212657,4,,1
"금값, 달러 강세에 하락 전환…온스당 4,600달러대 후퇴",국제 금값이 달러 강세와 금리 인하 기대 약화 영향으로 하락세를 보이고 있다. 4월 6일 기준 현물 금 가격은... 국내 금 시세 역시 국제 가격 하락과 환율 영향을 반영하며 단기 조정 흐름을 보이고 있다. 한국 기준 금...,https://www.job-post.co.kr/news/articleView.html?idxno=212656,5,,1
"[티타임] 상승폭 축소 코스피, 개인·외인 1조 매도…환율 1508원","15%), 에이비엘바이오(-1.66%), 코오롱티슈진(-2.79%), 리노공업(-3.44%), 펩트론(-0.18%)은 약세이고 HLB(0.00%)는 보합세다. 서울 외환시장에서 원·달러 환율은 전 거래일 보다 5.50원(-0.36%) 내린 1508.00에 거래된다.",https://www.sidae.com/article/2026040613340779486,6,,1
[서환-오전] 美·이란 45일 휴전 추진 소식에 한때 하락 전환,"달러-엔 환율은 뉴욕장 대비 0.116엔 내린 159.561엔, 유로-달러 환율은 0.00100달러 오른 1.15250달러에 거래됐다. 엔-원 재정환율은 100엔당 943.34원, 위안-원 환율은 218.76원이었다. 역외 달러-위안(CNH) 환율은 6.8797위안으로...",https://news.einfomax.co.kr/news/articleView.html?idxno=4407924,4,,1
"장동혁 ""'중국 추경' 납득안돼…'국민 7대 생존 사업' 포함해야""","국가들이 달러 인덱스 범위 내에서 화폐 가치가 움직이고 있는데, 우리 원화 가치는 다른 나라에 비해 2배 넘게 급락했고 이란 전쟁 이후에는 더 크게 폭락중""이라고 했다. 이어 ""이런 상황에 추경한다면, 분명한 것은 환율...",http://www.metroseoul.co.kr/article/20260406500254,5,,1
"[뉴스특보] 코스피, 상승 출발…중동위기 속 긴장·기대 교차","오늘 코스피는 0.86% 오른 5,423.35로 상승 출발했고, 원달러 환율도 5.1원 오른 1,510.3원으로 출발했는데요. 우리 시장 어떻게 보세요? <질문 2> 지난달 외국인 투자자가 주식시장에서 투매에 가까운 매도에 나서면서 시가총액...",http://www.yonhapnewstv.co.kr/MYH20260406132502fEQ,7,,1
"원-엔화 환율, 1원 이상 하락하면서 945원 초반대 기록…달러-엔화 환율...",도쿄 외환시장에서 달러-엔화 환율은 1달러 당 159.78엔을 기록하면서 직전 장마감 시점에 비해 0.19엔 하락했다. 국제유가가 좀처럼 하락세를 보이지 않고 있는 것이 영향을 미쳤다.,https://kidd.co.kr/news/245559,4,,1
"KB금융·써클, USDC 협력 확대…스테이블코인 금융 인프라 분기점 되나","달러에 연동된 스테이블코인 특성상 환율 변동 위험을 줄이면서 국제 결제 효율을 높일 수 있다는 점이 핵심 경쟁력으로 꼽힌다. 스테이블코인, 금융 인프라로 자리 잡나 이번 회담은 단순 협력을 넘어 국내 금융...",https://www.tokenpost.kr/news/blockchain/346625,5,,1
[국가결산] 나라살림 적자 2년 연속 100조대…역대 네번째 규모,"관리재정수지 개선이 작년 원/달러 환율 상승에 따라 분모인 명목 GDP가 늘어난 영향이 있다는 지적에는 ""환율 효과도 배제할 수는 없겠지만, 실제 성장 자체도 기여한 것으로 보고 있다""고 평가했다. 또 ""재정준칙...",https://www.yna.co.kr/view/AKR20260406063600002?input=1195m,4,,1
환율 1500원·유가 100달러 공포...'3고(高) 파도'에 한국 경제 비상등[어...,"원·달러 환율이 1500원선을 위협하고 국제 유가가 배럴당 100달러를 돌파하면서, 물가 안정과 자산 시장 회복을 기대하던 국민들의 시름이 깊어지고 있다. 이와 관련하여 유은길 경제전문기자가 지난 3일 ‘어쨌든 경제’...",http://www.edaily.co.kr/news/newspath.asp?newsid=03575206645413496,4,,1
"日 투자 시장, 엔화 약세 속 ‘FX 거래’ 활기...“개인 투자자 존재감...","특히 엔화가 1년 8개월 만에 달러 대비 160엔대를 기록하는 등 약세 기조가 지속되는 가운데, 그 동향에... 특히 아시아 시간대에는 거래의 주체가 되는 경우가 많기 때문에 포지션 축적이나 청산이 환율 시장을 좌우하는...",https://www.g-enews.com/view.php?ud=20260406105418730e7e8286d56_1,4,,1
"日 닛케이평균지수, 상승세...美, 이란 공격 시한 임박에 엔화가치 하락",미국의 이란 공격 시한이 다가오자 다시금 원유 가격 상승이 우려되면서 달러 매수·엔화 매도세가 우세한 흐름을 보였다. 노무라증권 고토 유지로 수석 환율 전략가는 6일자 리포트에서 “중동 정세의 불확실성이 높고...,https://www.g-enews.com/view.php?ud=20260406104002530e7e8286d56_1,4,,1
"트럼프 ""해협 열어라"" 최후통첩…이틀 뒤 호르무즈 개방·확전 기로","확전 공포로 뉴욕 증시 3대 지수 선물은 일제히 약세를 보였으며, 서울 외환시장에서 원·달러 환율은 다시 1,510원대로 올라섰습니다. 코스피는 불확실성 속에서도 상승 출발한 뒤 장 초반 1%대 올라 5,400선을 회복했습니다....",http://mbn.mk.co.kr/pages/news/newsView.php?category=mbn00008&news_seq_no=5186348,6,,1
실적 방어는 성공…은행권 고환율·국채금리 상승에 자본비율 시험대,"반면 원·달러 환율 급등과 국채금리 상승이 동시에 겹치면서 자본비율에는 하방 압력으로 작용하고 있다. 실적이 버텨도 CET1이 흔들리면 배당과 자사주 매입·소각, 향후 비은행 확장 여력까지 다시 점검받을 수밖에...",https://www.ebn.co.kr/news/articleView.html?idxno=1704527,16,,1
"유통家, ‘고환율·고유가 직격탄’…물류 효율화·냉동 전환 구조 전면...","결제 통화 다변화도 병행되고 있다. 일부 업체는 과일을 호주 달러로 결제하거나, 연어 수입 대금을 노르웨이 크로네로 전환하는 등 환율 변동 리스크를 줄이기 위한 대응에 나섰다.",https://sateconomy.co.kr/news/view/1065576488702276,4,,1
"왕복 60만원 더 내라? ‘갑자기, 너무’ 뛴 유류할증료···대체 뭐길래",여기에 환율까지 겹쳤다. 항공유는 달러로 결제되기 때문에 원화 가치가 하락하면 같은 양의 연료를 사더라도 비용 부담은 더 커진다. 이미 예약한 항공권에 대한 불안도 커지고 있다. 핵심은 발권 시점이다. 좌석만...,https://www.khan.co.kr/article/202604061236001,5,,1
"민주, ‘전쟁 추경’ 10일 본회의 처리 재확인... 국힘 “선거용”",40억달러 급감했다”며 “대한민국 경제의 '최후 안전판'인 외환보유액이 줄어드는 것은 실물경제 전반에 보내는 엄중한 경고”라고 강조했다. 또한 “보유고의 하락은 환율 상승과 금융시장 불안을 부추겨 국가 신인도...,https://www.siminilbo.co.kr/news/newsview.php?ncode=1160275141797658,5,,1
"이 대통령 ""중동 전쟁 상황인데 가짜뉴스 유포? 반란 행위""","이 대통령은 이날 ""(환율 관련) 달러 강제 매각 및 4대 시중은행 달러 환전규제 등의 가짜뉴스에 대한 형사고발 조치를 완료했다""면서 공급망 관련 품목별 수급 상황 언론보도에 대한 팩트체크 및 적극 대응을 요청하는...",https://www.ohmynews.com/NWS_Web/View/at_pg.aspx?CNTN_CD=A0003221761&CMPT_CD=P0010&utm_source=naver&utm_medium=newsearch&utm_campaign=naver_news,7,,1
중동 불안에도 '반도체 실적' 기대‥유가 110달러 돌파,"치솟았고, 브렌트유 선물도 111달러를 넘었습니다. 서울외환시장에서 원달러 환율은 지난주보다 5.1원 오른 1,510.3원으로 거래를 시작해 11시 20분 현재 1,504원대에 거래되고 있습니다. MBC뉴스 김민형입니다.",https://imnews.imbc.com/replay/2026/nw1200/article/6812936_36967.html,5,,1
“원료비 뛰는데 가격 못올려”… 정부 눈치보는 기업들 ‘냉가슴’,B 건자재업체 관계자는 “연초 경영 계획을 원·달러 환율 1450원에 맞췄는데 50원 이상 올라 이익에서 수십억 원씩 빠지고 있다”며 “매주 월요일마다 원가 대응 회의를 열고 있지만 여러 상황 탓에 가격을 올릴 수 없어...,https://www.munhwa.com/article/11580132?ref=naver,4,,1
"삼양식품, 고환율에 1분기 실적 추정치 상향 가능성",삼양식품은 해외 매출 비중이 높아 원·달러 환율 상승 시 원화 환산 매출이 늘어나는 구조라고 증권가는 분석했다. 전체 매출 가운데 내수 비중은 10%대에 그치고 나머지는 수출이 차지한다. 미국 시장을 중심으로...,https://www.s-journal.co.kr/news/articleView.html?idxno=40213,6,,1
트럼프 협상 시한 연장…이틀 뒤 호르무즈 개방·전쟁 격화 갈림길,"3대 주요 지수 선물 역시 일제히 약세를 면치 못하고 있습니다. 이날 서울 외환시장에서 미국 달러화 대비 원화 환율은 다시 1,510원대에 올라섰습니다. 코스피는 상승 출발한 뒤 장 초반 1%대 올라 5,400선을 회복했습니다.",https://news.sbs.co.kr/news/endPage.do?news_id=N1008506811&plink=ORI&cooper=NAVER,7,,1
"장동혁 ""'천원주택' 최고 가성비 저출생 대책···전국 공약 확대 방안...","그는 ""이재명 정부 출범 이후 원화 가치가 기록적으로 하락했다""며 ""대부분 국가들이 달러 인덱스 범위... 것은 환율은 더 오를 것이고, 물가도 더 오를 것이며, 외국인 투자는 빠져나갈 것""이라고 경고했다. 그러면서...",https://www.polinews.co.kr/news/articleView.html?idxno=727619,5,,1
"코스피, 2%대 상승…삼성전자, 실적 기대에 강세","한편 이날 원달러 환율은 1,510원을 넘기며 개장했지만 현재는 소폭 하락해 1,505원대에서 거래되고 있습니다. 지금까지 경제부에서 전해드렸습니다. [영상취재 임예성] [영상편집 송아해]",http://www.yonhapnewstv.co.kr/MYH20260406114942SqQ,7,,1
“1500원 넘으니 도저히 손이 안가”…서학개미 ‘순매도 전환’,글로벌 금융위기 이후 최고 수준으로 치솟은 원·달러 환율 역시 서학개미들을 주저하게 하고 있다. 이날 서울 외환시장에서 원·달러 환율은 전 거래일보다 5.1원 오른 1510.3원에 거래를 시작해 오전 11시 현재 1509....,https://www.munhwa.com/article/11580084?ref=naver,11,,1
지옥문 D-2 무색…협상 타결 베팅 코스피 5500 돌파,"오늘 오전 이미 1510원을 돌파한 고환율 상황에서 전면전이 현실화될 경우 추가적인 원달러 환율 폭등과 물류비 원가 부담이라는 직격탄을 피할 수 없기 때문이다. 전문가들은 ""미국과 이란의 실제 무력 충돌 수위가...",https://www.mediapen.com/news/view/1091475,6,,1
"'국장 복귀 계좌' RIA ,출시 2주 초반 흥행 '성공적'…과제는?",최근 원·달러 환율이 역대 최고 수준인 1500원선에서 거래되면서 환차손을 우려한 투자자들이 해외 주식 매도 시점을 잡지 못해 RIA 가입을 망설이는 사례가 빈번해서다. 또 국내 증시의 고질적인 저평가와 낮은 수익성...,https://news.tf.co.kr/read/economy/2309971.htm,5,,1
"삼성전자 실적 D-1, 코스피 5500 터치…영업익 50조 내외 '추정'[장중시...",이날 달러·원 환율도 전 거래일 종가 대비 5.1원 오른 1510.3원으로 출발했다. 코스닥은 전일 대비 2.11p(-0.20%) 하락한 1061.64를 가리키고 있다. 상승 출발했으나 외국인과 기관의 매도세로 약보합으로...,https://www.news1.kr/finance/general-stock/6126567,9,,1
"구윤철 ""환율·금리상승 압력 재확인…공급망 병목 해소 총력""","구 부총리는 이날 제14회 국무회의 겸 제4차 비상경제점검회의에 참석해 ""중동 전쟁이 조기에 종전되기 어렵다는 인식이 확산되면서 브렌트유, 서부산텍사스유(WTI) 모두 110달러 이상으로 상승했다""며 ""환율과 금리 상승...",https://www.ajunews.com/view/20260406113121810,5,,1
트럼프 협상시한 연장…이틀 뒤 호르무즈 개방·전쟁격화 갈림길,"뉴욕 증시의 3대 주요 지수 선물 역시 일제히 약세를 면치 못하고 있다. 이날 서울 외환시장에서 미국 달러화 대비 원화 환율은 다시 1,510원대에 올라섰다. 코스피는 상승 출발한 뒤 장 초반 1%대 올라 5,400선을 회복했다.",https://www.yna.co.kr/view/AKR20260406075800009?input=1195m,7,,1
"구윤철 ""중동전쟁 장기화에 물가 압력·소비 둔화 우려…범정부 대책 가...","이날 오전 달러·원 환율이 1510원대를 돌파했고 국고채 3년물 금리도 3.4%를 기록하고 있다. 국내 휘발유 가격은 리터당 1946원으로 지난달 26일 대비 127원 올랐고, 경유는 1937원으로 121원 상승했다. 구 부총리는 ""2차...",https://www.news1.kr/economy/trend/6126561,5,,1
"계엄 때 환율 치솟았다던 배우 조인성, 달러 1520원 찍자 SNS에 쏟아진 악...",실제 비상계엄 선포 이후 원·달러 환율은 한동안 1400원대를 웃도는 고환율 흐름을 보였다. 해외 촬영이 포함된 영화 제작비 부담이 커질 수밖에 없는 상황이었다. 하지만 최근 원·달러 환율이 계엄 당시보다 더 오르며...,http://www.newsworker.co.kr/news/articleView.html?idxno=420595,-9,,0
"[서환] 이란 폭격시한 예고에도 상승폭 제한…1,510원대 유지","같은 시각 달러-엔 환율은 0.074엔 오른 159.73엔, 유로-달러 환율은 0.0003달러 오른 1.1515달러에 거래됐다. 엔-원 재정환율은 100엔당 945.29원, 위안-원 환율은 219.34원이었다. 코스피는 1.8% 이상 상승했고, 외국인...",https://news.einfomax.co.kr/news/articleView.html?idxno=4407899,6,,1
"신현송 한은 총재 후보자, '외화자산ㆍ다주택' 논란⋯인사청문회 쟁점 ...","실제 올해 초 1400원 중후반대였던 원·달러 환율은 최근 1530원대까지 상승했다. 신 후보자의 경우 영국 옥스퍼드대·런던정경대(LSE)·프린스턴대 교수, 국제결제은행(BIS) 국장 등 해외에서 약 44년간 경력을 쌓은...",https://www.etoday.co.kr/news/view/2572950,12,,1
환율·금리 압박에 외인 이탈 가속화…'셀 코리아' 장기화 우려,원·달러 환율 역시 중동 지정학적 긴장과 달러 강세 영향으로 다시 상승 압력을 받고 있다. 6일 환율은 1510원대에서 출발하며 전일 하락분을 일부 되돌렸고 달러인덱스도 상승세를 나타냈다. 금융권에서는 미국의...,https://news.tf.co.kr/read/economy/2309945.htm,6,,1
유가 급등에 공급망 흔들…정부 “수술복·수술포 의료필수품에 원료 우...,환율·유가급등 속 물가 방어…“가짜뉴스 엄정 대응” 정부가 중동 사태로 촉발된 유가 상승과 석유화학... 그는 “달러 강제 매각 등 근거 없는 가짜뉴스에 대해서는 이미 형사 고발 등 엄정 대응을 완료했다”며...,https://biz.heraldcorp.com/article/10710676?ref=naver,4,,1
"30% 예산 삭감 ""문제없다""더니…부랴부랴 1580억 추경 증액한 정부","앞서 아시아경제는 올해 비축유 예산이 553억원으로 전년 799억원 대비 246억원(31%) 삭감됐으며 당시 국제유가와 원·달러 환율을 감안하면 비축유 구입 단가(국제유가 배럴당 74.66달러, 원·달러 환율 1380원)를 과도하게...",https://view.asiae.co.kr/article/2026040610043735951,4,,1
“유가 급등에도 달러 '선방'…원·달러 환율은 변동성 확대” <iM證>,원·달러 환율은 1500원 초반에서 이란 관련 뉴스에 따라 등락을 반복하는 흐름이 이어지고 있다. 외국인 주식 자금이 순매수로 전환되며 달러 수급 부담은 일부 완화된 것으로 평가된다. 다만 향후 변동성 확대 가능성은...,https://www.news2day.co.kr/article/20260406500149,5,,1
[속보] 李대통령 “가짜뉴스는 반란”…양도세 중과 유예 ‘5월9일 신청...,"구 부총리는 이번 회의에서 “중동전쟁이 조기에 종전되기 어렵다는 인식이 확산하면서 브렌트유, WTI 모두 110달러 이상으로 상승했다”면서 “6일 오전 원·달러 환율이 1510원대를 돌파했고 국고채 3년물 금리도 3.4%까지...",https://www.dt.co.kr/article/12055885?ref=naver,5,,1
중동 위기가 재생에너지 전환 가속한다? 리팩트 '대체로 사실',이 국가들은 이란 분쟁 발발 후에도 첫 7일 동안 2020년 이후 최대폭의 통화가치 하락 즉 환율 상승을 겪었다. 실제로 미국의 이란 공격 전일인 2월 27일 1달러(USD) 당 1466.5원이던 한국 원화는 일주일 후인 3월 6일 1485원...,https://magazine.hankyung.com/business/article/202604061290b,5,,1
"코스피 장중 '미국의 이란 공격 유예 연장'에 5460선 상승, 원/달러 환율...",41%) HLB(0.39%) 펩트론(0.36%) 순이다. 코오롱티슈진(-1.6%) 리노공업(-1.54%) 에이비엘바이오(-0.06%) 주가는 내리고 있다. 이날 서울 외환시장에서 원/달러 환율은 직전 거래일보다 5.1원 오른 1510.3원으로 출발했다.,https://www.businesspost.co.kr/BP?command=article_view&num=435021,7,,1
원·달러 급등 국면서 다시 떠오른 외화예산 리스크 [세종 백브리프],이창용 총재는 1월 신년사에서 “원·달러 환율이 지난해 말 1400원대 후반까지 올라 시장의 경계감이 높다”며 “환율 상승이 물가 압력을 키우고 내수기업에 상대적으로 불리하게 작용할 수 있다”고 경고했다. 같은 달...,https://www.dailian.co.kr/news/view/1629969/?sc=Naver,4,,1
1510원 원화 ‘실질 구매력’ 전 세계 최저…위안보다 낮아져,최근 서울 외환시장에서 명목 원-달러 환율이 1500원대를 지속하는 등 원화 가치 약세가 지속되는 가운데 우리나라 물가 수준과 다른 나라들과의 교역 비중을 함께 반영한 원화의 실질 구매력 가치도 금융위기 이후...,https://www.hani.co.kr/arti/economy/finance/1252818.html,12,,1
"반도체가 살린 2% 성장, 전쟁에 꺾였다…그래도 자금은 AI로",원·달러 환율 변동성이 확대되는 가운데 금리 상승과 주가 조정이 동시에 나타나며 시장 전반의 변동성이 커졌다. 한국은행에 따르면 금융불안지수(FSI)는 2월 15.3으로 '주의 단계(12~24)'를 유지하던 중 중동 상황 이후...,http://www.newsian.co.kr/news/articleView.html?idxno=88165,15,,1
"달러-원 방향키 쥔 외국인, 움직일 만한 변수는",시장 참가자들은 앞으로 달러-원 환율 방향키를 쥔 외국인 행보에 주목하고 있다. WGBI 편입에 따른 채권 자금 유입 효과는 중동 리스크로 희석되는 양상이다. 4월초를 전후해 30억달러 가량의 외국인 채권자금이...,https://news.einfomax.co.kr/news/articleView.html?idxno=4407894,6,,1
역대급 실적 전망에 '30만 전자' 기대감↑,"33에 거래를 시작했다. 개인은 1027억원 순매수하고 있고, 외국인과 기관은 각각 452억원, 625억원 순매도하는 중이다. 한편 서울 외환시장에서 원·달러 환율은 전 거래일보다 5.1원 오른 1510.3원에 출발했다.",https://www.ntoday.co.kr/news/articleView.html?idxno=126365,5,,1
트럼프 “다 날리겠다” 경고에…국제유가 110달러 넘어서,국제유가 상승 영향으로 원-달러 환율도 장중 한때 1511원까지 올랐다. 영국 런던 ICE선물거래소에서 6월 인도분 북해산 브렌트유 선물 가격은 한국시간 6일 오전 10시 20분 현재 전 거래일 대비 1.67% 오른 배럴당 110....,https://www.donga.com/news/Economy/article/all/20260406/133681578/1,4,,1
"[연금경제] 흔들리는 장세, 무너지지 않는 연금: ‘상품’에서 ‘솔루션...","유가는 배럴당 100달러를 돌파했고, 원·달러 환율은 2009년 금융위기 이후 17년 만에 1,510원대를 기록했다. ■ 한국형 공포지수(VKOSPI) 현황 • 3월 5일 장중 최고치 81.99 기록 — 2008년 금융위기 이후 최고 수준 • 2020년...",http://www.globalepic.co.kr/view.php?ud=202604061032429688d55156af31_29,11,,1
중동 리스크 확산에 생활물가 '전방위 압박'... 기름값 2000원 '눈앞',"더불어 원·달러 환율 상승까지 겹치면서 수입 물가 부담이 동시에 확대되는 이중 압박이 나타나고 있다. 환율 상승은 원유뿐 아니라 곡물, 사료, 원자재, 중간재 가격까지 끌어올리며 물가 상승 경로를 더욱 복잡하게...",http://www.chungnamilbo.co.kr/news/articleView.html?idxno=881707,4,,1
조기종전 기대감보다 위기감 재확산에 정부 중동전 대응 '속도전',"중동전쟁의 조기종전 기대감이 약화되고 국제유가와 환율, 금리 등의 상승 압박이 더 커지자 정부가 선제적인... 재경부는 또 수술복 등 의료 필수품의 경우, 원료 우선공급 원칙으로 대응하는 한편, '달러 강제 매각'이나...",https://news.bbsi.co.kr/news/articleView.html?idxno=4076462,5,,1
[서환] 개장 전 마(MAR) '파' 거래…픽싱 스퀘어,"서울외환시장에서 개장 전 마(MAR, 시장평균환율) 호가는 '파(0)' 수준을 나타냈다. 6일 복수의 중개사에 따르면 서울외환시장의 개장 직전 달러-원 스팟 마 가격은 '파'에 거래됐다. 차액결제선물환(NDF) 픽싱 포지션은...",https://news.einfomax.co.kr/news/articleView.html?idxno=4407888,4,,1
장동혁 “전쟁 추경이라며 TBS 지원 왜?...사실상 ‘중국 추경’”,"국민의힘이 이재명 정부의 ‘전쟁 추경’을 매표 행위로 규정하며 “환율, 물가를 자극해 장기적으로 민생... 대부분 국가들이 달러 인덱스 범위내서 화폐 가치가 움직이는데, 원화는 두 배 넘게 급락했고 이란 전쟁...",https://www.sedaily.com/article/20028701?ref=naver,5,,1
외국인 35조 '투매'에 코스피 비중 최저…이달 복귀 가능성 주목,"원·달러 환율 상승도 외국인 자금 이탈을 가속한 요인으로 꼽힌다. 다만 이달 들어 분위기는 일부 달라지고 있다. 외국인의 매도세가 눈에 띄게 약화됐고, 순매수 전환 움직임도 나타났다. 지난 3일에는 12거래일 만에...",https://www.thepublic.kr/news/articleView.html?idxno=300006,6,,1
"“환율 잡아야하는데”…신현송, ‘재산 82억’ 절반 이상이 ‘외화’ ...","한은 경제통계시스템에 따르면, 원/달러 환율(매매기준율)은 지난달 20일 1499.7원에서 이달 1일 1530.5원으로 단기간에 2% 넘게 치솟았다가 3일 1518.8원으로 내렸다. 그 사이 신 후보자 외화 자산의 원화 환산 평가액도 한때...",https://biz.heraldcorp.com/article/10710544?ref=naver,10,,1
"""삼전 지금이라도 살까"" 역대급 전망 나왔다…1분기 영업익 50조 눈앞","환율이 상승하지만 글로벌 빅테크(대형 정보기술 기업)의 AI 투자 확대 등에 따라 달러 기준 매출이 늘어나고 있기 때문이다. 또 반도체 사업 특성상 인건비 비중이 낮고 설비투자 비중이 높은 만큼, 해외 생산기지의...",https://view.asiae.co.kr/article/2026040609440191534,4,,1
"KB금융, 1분기 순익 1.8조 거뜬... 증권 기여도 환율 능가","원달러 환율 급등에도 CET1 13.6% 방어 이자 부문 기업 대출 늘며 방어 비이자 부문, 증권사 수수료 늘며 기여도 상승 KB금융그룹 전경. 사진=KB금융 [디지털포스트(PC사랑)=김호정 기자 ] 중동 전쟁의 영향으로 원·달러...",https://www.ilovepc.co.kr/news/articleView.html?idxno=58844,10,,1
"LG이노텍, 1Q 어닝 서프라이즈 관측…'피지컬 AI' 사업 보폭 확대",실적 개선의 주요 배경으로는 북미 고객사의 스마트폰 신모델 판매 호조와 1450원을 상회하는 우호적인 원·달러 환율이 꼽힌다. 고부가 사업 확대에 힘입어 LG이노텍이 수년 만에 연간 영업이익 1조원을 넘어설...,https://www.ebn.co.kr/news/articleView.html?idxno=1704507,5,,1
헤지펀드의 '韓 주식 숏' 잦아드나…달러-원은 어디로,"등 협상 관련 뉴스로 이번주도 변동성 장세가 예상된다""며 이번주 달러-원 환율 레인지를 1,480원~1,540원으로 내다봤다. 지난달 외환거래 역대 최대 기록서울 중구 한 은행 건물에 게시된 원/달러 환율. 2026.4.5 kjhpress@yna.co.kr",https://news.einfomax.co.kr/news/articleView.html?idxno=4407885,8,,1
금리도 주식처럼 출렁 … 0.5%p 널뛰기 '롤러코스터' [신희강의 코드경...,"원·달러 환율은 1530원까지 상승하며 금융위기 이후 최고 수준에 근접했고, 국제유가 역시 배럴당 100달러 안팎에서 움직이며 물가 불안을 자극하고 있다. 시장금리는 이를 선반영하며 먼저 뛰고, 대출금리는 뒤늦게...",https://biz.newdaily.co.kr/site/data/html/2026/04/06/2026040600130.html,14,,1
"중동 불안 지속...장중 달러 '절상', 원화환율도 '하락'",이 시각 미국달러 대비 일본 엔화환율은 159.63 엔으로 0.04% 상승하며 달러 대비 엔화의 가치는 소폭 절하된 채로 거래되고 있다. 이 시각 미국달러 대비 한국 원화환율(KRW)은 한국증시 코스피 지수가 장중 1% 이상...,http://www.choicenews.co.kr/news/articleView.html?idxno=163352,7,,1
美·이란 전쟁 이후 일본과 유럽 경제…다카이치노믹스와 EU의 앞날은?[...,더 우려되는 것은 저금리를 통한 달러 약세를 추진하는 트럼프 정부와의 충돌도 우려된다. 플라자 협정처럼 인위적으로 조정되지 않으면 환율전쟁이 발생할 경우도 배제할 수 없다. 재정정책에 있어서는 소득세 감면과...,http://www.wowtv.co.kr/NewsCenter/News/Read?articleId=A202604060126&t=NN,5,,1
"금·은 약세, 유가 혼조…BTC 변동성지수 상승","외환시장에서는 달러 대비 역외 위안화 환율(USD/CNH)이 0.03% 오른 6.88562를 기록했고, 달러·엔 환율(USD/JPY)도 0.03% 상승한 159.654를 나타냈다. 유럽 증시는 대체로 약세였다. 유로스톡스50은 0.53...",https://www.tokenpost.kr/news/breaking/346584,4,,1
[글로벌 경제 이슈] 중동 리스크 따른 석유화학산업 충격 전방위 확산,"보고서는 원·달러 환율이 1450원 수준에서 유지되면서 에너지 수입 비용과 물류비 상승이 동시에 확대되고, 이는 제조업 전반의 비용 구조를 악화시키는 악순환으로 이어질 수 있다고 진단했다. 공급 충격의 강도에 따라...",http://www.kbiznews.co.kr/news/articleView.html?idxno=113834,4,,1
지난달 외국인 코스피 비중 36%대로 '뚝'...연중 최저치,외국인 투자자는 그간 글로벌 포트폴리오의 재조정 등으로 반도체를 중심으로 국내 주식에 대한 포지션을 축소해왔으나 전쟁 발발로 원/달러 환율까지 급등하자 국내 증시 이탈을 가속했다. 매도 일색이었던 외국인...,http://www.newsfc.co.kr/news/articleView.html?idxno=77891,7,,1
"구윤철 ""중동전쟁에 물가 압력 현실화…소비 둔화까지 우려""","같은 기간 원·달러 환율은 1500원대를 웃돌고 국고채 금리도 상승하는 등 금융시장 전반에 부담이 확대되는 모습이다. 구 부총리는 ""오늘 아침 원·달러 환율이 1510원대를 돌파했고 국고채 3년물 금리도 3.4%까지 올라온...",https://www.newsis.com/view/NISX20260406_0003579059,6,,1
"iM증권 ""이란사태 데드라인 하루 연기, 달러 환율 1480~1540원 예상""","이번주 달러-원 환율도 1500원대 안팎에 머물 것이라는 예상이 우세하다. 6일 iM증권에 따르면 트럼프 대통령이 협상 시한 데드라인을 하루 연기했다. 트럼프 대통령은 현지시간 5일 트루스소셜을 통해 ""미 동부시간...",https://www.fetv.co.kr/news/article.html?no=216404,4,,1
"[인터랙티브]격동의 바다, 호르무즈…원유 동맥서 전쟁 인질로",오피넷 전국 평균 휘발유 가격(하루 6회 업데이트)과 한국수출입은행 원달러 환율을 화면 상단에서 바로 확인할 수 있습니다. 중간에는 호르무즈 해협 일대를 담은 지도를 배치해 지정학적 맥락을 한눈에 파악할 수...,https://www.donga.com/news/Inter/article/all/20260406/133680351/1,7,,1
"삼성전자, 잠정 실발 앞두고 '19만전자' 회복…코스피 5,400대","서울 외환시장에서 달러 대비 원화 환율은 전장보다 5.1원 오른 1,510.3원으로 장을 시작했다. 이날 유가증권시장에서는 기관이 3천483억원 순매수하며 지수를 끌어올리고 있다. 반면 개인과 외국인은 각각...",https://www.slist.kr/news/articleView.html?idxno=729530,7,,1
[이코노미 플러스]중동 전쟁 여파로 환율 하루 평균 11원 껑충… 지난달...,"사흘간 일평균 거래량은 121억4,500만달러다. 당분간 환율이 1,500원 안팎에서 움직이고 변동성이 클 것이라는 전망이 나온다. 문정희 KB국민은행 수석이코노미스트는 “미국과 이란의 협상이 진행되는 동안 환율은 1...",https://www.kwnews.co.kr/page/view/2026040609354666183,7,,1
"코스피, 기관 매수에 5400대 중반 회복…2차전지주 강세",48% 오르고 있다. 알테오젠도 1.64% 강세다. 반면 코오롱티슈진은 2.5% 내리고 있다. 리노공업도 3.17% 약세다. 서울외환시장에서 원·달러 환율은 전일 대비 1.4원(0.095) 내린 달러당 1510원에 거래되고 있다.,https://www.hankyung.com/article/2026040611266,6,,1
"코스피, 기관 '사자'에 5,470선 안착…삼성전자 3%대 강세","12%), 펄어비스(3.80%) 등은 내림세다. 서울 외환시장에서 달러 대비 원화 환율은 전장보다 5.1원 오른 1,510.3원에 거래를 시작했다. 한편 지난 주말 뉴욕증시는 ‘성금요일’을 맞아 하루 휴장했다.",https://www.news2day.co.kr/article/20260406500071,7,,1
"트럼프 '최후통첩'에도 상승…삼성전자, 실적 기대","이에 따라 환율도 비상입니다. 서울 외환시장에서 원·달러 환율은 다시 상승하며 1,510원 선에서 출발했습니다. 지금까지 경제부에서 전해드렸습니다. [영상취재 임예성]",http://www.yonhapnewstv.co.kr/MYH20260406103323lAn,5,,1
"[MD포커스] 환율 오르면 한은 총재 자산도 뛴다?…신현송, 외화자산 55% ...",외화 자산은 원/달러 환율이 상승할 경우 원화 기준 가치가 자동으로 증가하는 구조다. 실제로 지난달 20일 이후 환율이 약 2% 오르면서 신 후보자 외화 자산의 평가액은 한때 1억원 가까이 늘어난 것으로 추산된다....,https://www.mydaily.co.kr/page/view/2026040610263812047,10,,1
"코스피 1%대 상승…장 초반 5,400선 회복","같은 시각 서울 외환시장에서 원·달러 환율은 전 거래일보다 5.1원 오른 1,510.3원에 출발했다. 해외 증시는 중동 정세와 협상 기대가 엇갈린 가운데 혼조세를 보였다. 뉴욕증시는 부활절 연휴로 휴장했으나, 직전...",https://www.jeonmae.co.kr/news/articleView.html?idxno=1245399,6,,1
삼성전자·SK하이닉스 '역대급 실적' 전망에도 시장은 불안,디램(DRAM)·낸드(NAND) ASP가 전분기 대비 50~80% 급등한 데다 원달러 환율 상승이 겹친 결과다. 다만 메모리 가격의 급격한 상승이 오히려 세트(완성품) 업체의 실적 부진 가능성을 동시에 키우고 있다. 메모리 가격...,https://www.digitaltoday.co.kr/news/articleView.html?idxno=653195,5,,1
[오늘 외환딜러 환율 예상레인지],"6일 서울 외환시장의 외환딜러들은 달러-원 환율이 1,510원대로 오르며 상승 흐름을 나타낼 것으로 내다봤다. 미국 고용 지표 호조와 실업률 하락으로 달러화가 강세를 나타낸 데다 중동발 헤드라인 리스크도...",https://news.einfomax.co.kr/news/articleView.html?idxno=4407866,4,,1
"""영업이익 40조 넘보는 삼성전자""...1분기 최대 50조 전망까지",여기에 원·달러 환율 상승 효과까지 더해지며 전사 수익성 개선에 힘을 보탠 것으로 보인다. 반도체 수출 대금 대부분이 달러로 결제되는 만큼 환율 상승은 삼성전자 실적에 우호적으로 작용하는 구조다. 지난 3일...,http://www.fnnews.com/news/202604060931356614,5,,1
환율 1510원대 출발 후 등락…중동 긴장 속 변동성 확대,글로벌 금융위기 후 처음으로 원·달러 환율이 1530원 돌파한 지난달 31일 오후 서울 중구 하나은행 딜링룸에 환율정보가 표시되고 있다. 뉴시스 원·달러 환율은 6일 전 거래일 주간거래 종가(1505.2원)보다 5.1원...,http://www.segyebiz.com/newsView/20260406505580?OutUrl=naver,14,,1
"중동 긴장 속 코스피 1.64% 상승, 5400선 회복 … 삼전 3%대 강세",한편 원 · 달러 환율은 전 거래일 대비 0.10% 오른 1511.60원에서 거래되고 있다. 국제유가도 상승세다. WTI(서부텍사스산 원유)는 현지시간 5일 오후 7시 19분 기준 전 거래일 대비 1.26% 오른 배럴당 112.94달러에 거래...,https://biz.newdaily.co.kr/site/data/html/2026/04/06/2026040600066.html,6,,1
"[위클리 ETF] 4月 1주차, ‘PLUS K방산레버리지’ 1위…주간 수익률 16.30...",주 초반에는 전쟁 장기화 우려가 부각되며 국제유가가 배럴당 100달러를 상회하고 원달러 환율이 1500원대를 돌파하는 등 시장 전반에 부담 요인이 확대됐다. 이후 미국과 이란 간 종전 기대감이 반영되며 코스피가...,http://www.thevaluenews.co.kr/news/view.php?idx=197898,6,,1
"항공업계 감편·단항 대란에도… 파라타항공 ""4∼5월, 전 노선 정상 운항...",시사위크=제갈민 기자  항공업계가 최근 국제유가 및 달러 환율 급등으로 '비상경영'을 잇따라 선포하며 항공편 운항을 줄이고 있다. 이와 달리 파라타항공은 4∼5월 운항 예정인 항공편들을 모두 정상 운항한다고 밝혀...,https://www.sisaweek.com/news/articleView.html?idxno=234679,4,,1
"코스피, 기관 매수세에 5400선 회복 [시황]","합의 여부가 전쟁 피로감 회복의 촉매가 될 것""이라고 내다봤다. 한편 이날 서울 외환시장에서 달러 대비 원화 환율은 1500원대에서 움직이고 있다. 환율은 전 거래일보다 5.1원 오른 1510.3원에 거래를 시작했다.",https://www.dailian.co.kr/news/view/1629918/?sc=Naver,7,,1
"[종합 환율] 4월 6일 장중 달러/원 1,511.90원 기록","장중 달러/원 환율은 1,511.90원으로 전거래일 대비 1.80원 (+0.12%) 상승했다. 캐나다 달러 또한 1,084.42원으로 전거래일 대비 1.41원 (+0.13%) 오르며 원화 대비 강세를 나타냈다. 유로/원 환율 역시 1,741.18원을 기록하며...",https://www.tournews21.com/news/articleView.html?idxno=133225,5,,1
코스피 장초반 2%대 상승…美 고용 호조에 5400선 안착,2달러를 넘어서며 불안한 흐름을 이어가고 있다. 외환시장에서는 원·달러 환율은 상승하며 거래를 시작했다. 전 거래일 주간거래 종가인 1505.2원 대비 5.1원 오른 1510.3원으로 상승 출발했다. [이지경제 ],https://www.ezyeconomy.com/news/articleView.html?idxno=234360,6,,1
"코스피 장초반 1%대 올라 5,400대 회복…코스닥은 약보합 전환(종합)","서울 외환시장에서 달러 대비 원화 환율은 전장보다 5.1원 오른 1,510.3원으로 장을 시작했다. 이날 유가증권시장에서는 기관이 3천483억원 순매수하며 지수를 끌어올리고 있다. 반면 개인과 외국인은 각각...",https://www.yna.co.kr/view/AKR20260406031251008?input=1195m,9,,1
유가·원료 가격 상승에 식품업계 1Q 수익성 '빨간불',"국제 유가는 배럴당 100달러를 넘어섰고, 원·달러 환율은 1500원을 돌파하며 악재가 계속되는 양상이다. 식품 주요 원료인 대두와 팜유의 선물 가격도 연초 대비 각각 13%, 20% 상승했다. 이런 가운데 전쟁이 끝나더라도...",https://www.pinpointnews.co.kr/news/articleView.html?idxno=443047,4,,1
“삼성전자 안 비싸다”...환율 공포에 가린 ‘센티 괴리’ [찐코노미],"이투데이=이은지PD 기자 | 중동 지역의 긴장 고조와 원·달러 환율 급등이라는 대외 변수 속에서 국내 증시가 1분기 실적 시즌을 맞이했다. 시장의 불확실성이 확대된 가운데, 현재 증시가 ‘펀더멘털과 센티멘털이 괴리된...",https://www.etoday.co.kr/news/view/2572955,5,,1
"""기대물가뿐 아니라 단기자금 여건 따라 장기금리 변동성 확대""","그는 ""원화 환율이 상승하는 것은 달러화가 유입되는 강도가 약화한 점을 반영하면서 동시에 원화자금 공급 강도도 약해지게 된다""고 설명했다. 단기금리 커브 구조에 대해서는 ""이미 정책금리 인상을 반영하고 있기 때문에...",https://news.einfomax.co.kr/news/articleView.html?idxno=4407852,6,,1
"[뉴스1 PICK]코스피, 트럼프 협상 시한 연기에 '5400선 회복'",같은 시각 코스닥 지수는 전 거래일보다 1.77포인트(0.17%) 내린 1061.98을 가리키고 있다. 서울 외환시장에서 원달러환율은 전 거래일 대비 5.1원 오른 1510.3원에 개장했다.,https://www.news1.kr/finance/market-exr/6126325,8,,1
"“韓, 코인 최고 실험지”...글로벌 평가에도 입법 지지부진",원·달러 환율이 1500원 안팎에서 움직이는 상황에서 자금 변동성을 키울 수 있는 제도 도입에 부담이 크다는 분석이다. 금융권 관계자는 “전쟁이 장기화될수록 디지털자산 입법 논의는 후순위로 밀릴 가능성이 있다”...,https://www.sedaily.com/article/20028484?ref=naver,5,,1
"코스피, 반도체 기대감에 장초반 강세…5480선 돌파 시도",외환시장에서는 원·달러 환율이 상승 출발했다. 이날 서울외환시장에서 환율은 전 거래일 주간거래 종가(1505.2원) 대비 5.1원 오른 1510.3원에 개장하며 지정학적 긴장에 따른 달러 강세 흐름을 반영했다. 시장에서는...,https://www.industrynews.co.kr/news/articleView.html?idxno=79663,6,,1
"코스피, 5400선 상승 출발… 중동 리스크에 긴장·기대 교차",협상 시한을 7일(현지시간)로 하루 연장하겠다고 5일 밝혔다. 한편 이날 서울 외환시장에서 미국 달러화 대비 원화 환율은 전 거래일 주간 거래 종가(오후 3시 30분 기준)보다 5.1원 오른 1510.3원에 출발했다.,https://www.daejonilbo.com/news/articleView.html?idxno=2267216,7,,1
"코스피 0.8% 상승 출발‥환율은 아직 1,500원대","지수는 지난 금요일보다 46.05포인트, 0.86% 오른 5,423.35로 개장했습니다. 코스닥 지수도 0.43% 오른 1,068.33으로 거래를 시작했습니다. 원달러 환율은 지난주보다 5.1원 오른 1,510.3원으로 시작했습니다.",https://imnews.imbc.com/news/2026/econo/article/6812896_36932.html,8,,1
코스피 0.86% 상승 출발…5420선 회복·환율 1510원대 등락,"원·달러 환율은 전 거래일보다 5.1원 오른 1510.3원에 개장하며 1510원대를 다시 상회했다. 이번 주에는 주요 경제지표 발표 등 주요 일정이 예정돼 있다. 7일에는 삼성전자 실적 발표가 예정돼 있으며, 9일에는 미국...",http://www.newsian.co.kr/news/articleView.html?idxno=88147,7,,1
"코스피, 트럼프 협상 시한 연기에 5400선 회복","37포인트(0.11%) 오른 6582.69에, 기술주 중심의 나스닥지수는 38.23포인트(0.18%) 상승한 2만1879.18에 거래를 마쳤습니다. 서울 외환시장에서 원달러환율은 전 거래일 대비 5.1원 오른 1510.3원에 개장했습니다.",http://www.newstomato.com/ReadNews.aspx?no=1296795&inflow=N,6,,1
'강달러' 베팅한 에이피알…재무 전략 통했다,"원·달러 환율이 고공행진을 이어가면서 산업계 부담이 커진 가운데 에이피알은 실적 극대화의 기회로 활용해 주목을 받고있다. K뷰티의 수출 비중뿐만 아니라, 외화예금을 적극 늘려 환율을 '리스크'가 아닌 '수익 기회...",https://view.asiae.co.kr/article/2026040216193702553,5,,1
"'확전 불안' 속 코스피 2%·코스닥 1% 상승...환율 5원 오른 1,510원 출발","반면 국제유가 상승으로 원-달러 환율은 다시 1,510원대로 올라왔습니다. 금융시장에 나가 있는 취재기자를 연결해 증시와 환율 소식 좀 더 알아보겠습니다. 류환홍 기자! 우리 증시가 지난주 금요일에 이어 연이틀...",https://www.ytn.co.kr/_ln/0102_202604060945563610,9,,1
"코스피, 삼성전자 실적 기대감에 5470선 상승","11에 거래 중이다. 코스닥 시장에선 기관이 149억원 팔았고 외국인과 개인이 각각 140억원, 23억원 사들였다. 한편 서울 외환시장에서 원·달러 환율은 전거래일 대비 5.1원 오른 1510.3원에 거래되고 있다.",https://www.mydaily.co.kr/page/view/2026040609421004794,9,,1
"[이준호의 N잡러칼럼] 시너지경영(37), 중동발 충격, 세계를 흔들다.-이...","환율 전쟁 - 금융 시장의 패닉 전쟁은 곧 금융 시장의 불확실성을 의미한다. 첫째, 달러 초강세 - 위기 상황에서 안전자산 선호로 달러가 급등한다. 둘째, 신흥국 통화 붕괴 - 외국 자본이 이탈하며 신흥국 통화가 급락한다....",https://www.kmaeil.com/news/articleView.html?idxno=635723,5,,1
[포토] 원/달로 환율 상승 출발,중구 하나은행 본점 딜링룸에서 직원이 증시와 환율 등을 모니터하고 있다. 이날 코스피는 전 거래일 대배 0.86% 오른 5423.35로 원/달러 환율은 5.1원 오른 1.510.3원에 코스닥은 0.43% 오른 1068.33에 장을 시작했다.,https://view.asiae.co.kr/article/2026040609411540582,11,,1
[포토] 1% 이상 상승 출발한 코스피,중구 하나은행 본점 딜링룸에서 직원이 증시와 환율 등을 모니터하고 있다. 이날 코스피는 전 거래일 대배 0.86% 오른 5423.35로 원/달러 환율은 5.1원 오른 1.510.3원에 코스닥은 0.43% 오른 1068.33에 장을 시작했다.,https://view.asiae.co.kr/article/2026040609414455874,11,,1
[포토] 상승 출발한 코스피,중구 하나은행 본점 딜링룸에서 직원이 증시와 환율 등을 모니터하고 있다. 이날 코스피는 전 거래일 대배 0.86% 오른 5423.35로 원/달러 환율은 5.1원 오른 1.510.3원에 코스닥은 0.43% 오른 1068.33에 장을 시작했다.,https://view.asiae.co.kr/article/2026040609401134051,11,,1
[포토] 코스피. 코스닥 동반 상승 출발,중구 하나은행 본점 딜링룸에서 직원이 증시와 환율 등을 모니터하고 있다. 이날 코스피는 전 거래일 대배 0.86% 오른 5423.35로 원/달러 환율은 5.1원 오른 1.510.3원에 코스닥은 0.43% 오른 1068.33에 장을 시작했다.,https://view.asiae.co.kr/article/2026040609391512347,11,,1
트럼프 '타코'에 코스피 5400선 회복…환율 강세는 여전,서울 외환시장에서 원·달러 환율은 5.1원 오른 1510.3원으로 장을 시작했다. 증시 반등에도 불구하고 환율 불안이 이어지면서 외국인 수급에는 부담 요인으로 작용하는 분위기다.,https://news.tf.co.kr/read/economy/2309854.htm,6,,1
"코스피, 전쟁 불안감에도 상승 출발… 실적 발표 앞둔 삼전 3%대↑","펩트론, 리노공업은 강보합세다. HLB, 코오롱티슈진은 약보합세를 보인다. 케어젠은 4% 이상 하락하고 있다. 이날 서울 외환시장에서 원/달러 환율은 전 거래일 종가보다 5.1원 오른 1510.3원에 출발했다.",https://www.mt.co.kr/stock/2026/04/06/2026040609042655043,7,,1
나스닥의 기묘한 상승…지정학적 리스크에도 웃는 내 계좌 속 기술주,채권 시장에서는 안전 자산에 대한 수요가 서서히 고개를 들며 국채 금리가 특정 범위 안에서 횡보하는 흐름을 나타냈다. 주식 시장의 상승세가 이어지고 있음에도 불구하고 중동 정세의 급격한 변화에 대비하려는...,https://www.wikitree.co.kr/articles/1130010,7,,1
"국채선물, '협상 주시' 거래 저조 속 상승…3년물 2틱↑","한편 같은 시간 미국 국채 금리는 혼조세를 나타냈다. 미 국채 10년물 금리는 전 거래일 뉴욕시장 마감 가격 대비 0.50bp, 30년물 금리는 2.90bp 각각 하락했다. 2년물 금리는 1.90bp 높아졌다. 도널드 트럼프 미국 대통령이...",https://news.einfomax.co.kr/news/articleView.html?idxno=4408021,4,,1
"[금값 시세] 5400달러 찍고 급락…지금이 조정인가, 추세 전환인가",실제로 최근 미국 국채 금리가 상승하고 달러 가치가 강세를 보이면서 금 투자 매력은 상대적으로 감소했다. 여기에 그간 급등에 따른 차익 실현 매물이 쏟아지며 가격 조정이 심화됐다는 분석이다. 금값은 이미 지난...,https://www.pinpointnews.co.kr/news/articleView.html?idxno=443323,5,,1
학회 모멘텀·약가 압박 교차…제약바이오 '엇갈린 변수',"미국 국채금리 상승과 지정학적 리스크 영향으로 글로벌 증시 전반이 약세 흐름을 보이면서, 바이오 업종 역시 외부 충격에서 자유롭지 못한 상황이다.국내 정책 변화 역시 업종에 부담으로 작용할 가능성이 크다. 최근...",https://www.yakup.com/news/index.html?mode=view&cat=12&nid=325598,8,,1
"뉴욕증시 마감 직전 반도체주는?...SMH '상승', 마이크론 · STX '껑충'",미국-이란 간 협상 가능성이 사라지지 않은 가운데 미국 국채금리는 하락하고 반도체주들은 선방했다. 뉴욕증권거래소에 따르면 이 시각 현재 미국증시 반도체 관련주 흐름을 반영하는 VANECK SEMICONDUCTOR ETF...,http://www.choicenews.co.kr/news/articleView.html?idxno=163384,8,,1
"미국증시 마감 60분전..4대지수 '장중 상승폭 확대', 테슬라는 '뚝'",이 시각 미국 벤치마크 금리인 10년물 국채금리는 4.337%로 직전일의 4.346% 대비 하락했다. 장중 유가 상승폭 축소 속 미국 국채금리도 떨어졌다. 이 시각 미국증시 S&P 섹터별 주가 흐름을 보면 S&P 테크놀로지(+0.37%) S...,http://www.choicenews.co.kr/news/articleView.html?idxno=163382,9,,1
"뉴욕 장중...美증시 '상승', 비트코인 '급등', 달러 & 美국채금리 '하락...",국제 유가는 장중 상승폭을 줄이고 있고 미국 장단기 국채금리는 일제히 하락세를 나타내고 있다. 그리고 달러가치는 절하 중이다. 트럼프 미국 대통령이 대 이란 극단 공격 유예 최후 통첩 시한을 익일 미국...,http://www.choicenews.co.kr/news/articleView.html?idxno=163381,9,,1
트럼프 ‘수정헌법 25조 해임’ 확률 35%… 전쟁 속 시장이 보내는 위험...,정치적 리스크가 임계치를 넘어서면 투자자들은 ▲달러 강세 ▲미 국채 금리 하락(안전자산 수요) ▲VIX 급등 ▲원유 및 방산주 변동성 확대라는 전형적인 ‘위기 자산 재배치’ 패턴이 나타난다.” 월가 전문가들은...,https://www.g-enews.com/view.php?ud=202604061733372963fbbec65dfb_1,5,,1
"[사설]나랏빚 급증, 포퓰리즘 막아야",BIS는 정부부채가 임계점인 GDP 대비 60% 수준을 넘어서면 중앙은행이 물가를 잡기 위해 금리를 올리려 해도 국채이자 부담과 차환위험 때문에 통화정책이 사실상 마비되는 '정부부채의 역설'을 지적했다....,https://www.mt.co.kr/opinion/2026/04/07/2026040613362123574,7,,1
"美 장중..유가 '뛰고', 미국증시·금값·美국채금리는 '보합권 관망'","미국 국채금리는 보합권 혼조세다. 미국증시 3대 지수는 소폭씩 상승 중이다. 금값 역시 강보합세다. 미국-이란이 협상에 나설지, 아니면 협상이 결렬돼 전쟁 상황이 더욱 악화될지 가늠하기 힘든 상황에서...",http://www.choicenews.co.kr/news/articleView.html?idxno=163380,8,,1
"수출입은행, 공급망안정화기금 첫 글로벌본드 5억 달러 발행","이번 채권은 대한민국 정부가 보증하며, 만기는 5년, 발행금리는 미국 국채 5년 금리에 0.27%포인트를 더한 수준으로 결정됐다. 은행 측은 ""확보된 자금은 중동발 지정학적 위기로 어려움을 겪는 기업을 위한 특별지원...",https://www.webeconomy.co.kr/news/articleView.html?idxno=2128125,10,,1
美 국채가 소폭 강세…이란 전쟁 중재안에 '촉각',미국 10년물 국채금리 일중 추이[출처 : 연합인포맥스] 미국과 이란이 휴전 후 종전에 합의하는 중재안을 중재국들로부터 '수령'한 가운데 채권시장은 좁게 움직이며 경과를 주시하고 있다. 연합인포맥스의 해외금리...,https://news.einfomax.co.kr/news/articleView.html?idxno=4407987,10,,1
실수요자 울리는 국민주택채권 할인율,국민주택채권을 매입하면서 발생하는 손실을 할인율에 반영한다. 이에 따라 국채 금리가 오를수록 할인율도 함께 상승하는 구조다. 실제로 최근 국채 금리 상승 흐름 속에서 국민주택채권 할인율도 빠르게 높아졌다.,https://www.chosun.com/economy/economy_general/2026/04/07/MHSRTNMSQJDE3LQNT2PLPUBQRA/?utm_source=naver&utm_medium=referral&utm_campaign=naver-news,6,,1
일본 국채 금리 상승…기관 리밸런싱에 비트코인 하방 압력,"결국 일본 국채 금리의 변화는 단순 채권 시장 이슈를 넘어 비트코인(BTC)의 수급에도 연결되는 셈이다. 스테이블코인 공급은 늘었지만, 자금은 아직 시장 밖에 다만 유동성 자체가 사라진 것은 아니라는 점도 관찰된다....",https://www.tokenpost.kr/news/economy/346744,9,,1
日 장기금리 2.425%로 뛰어 27년 만에 최고…중동 변수 속 4월 금리인상...,"닛케이 신문과 지지(時事) 통신 등에 따르면 일본 채권시장에서 이날 장기금리 지표인 신규 10년물 국채 금리는 장중 한때 2.425%까지 상승, 지난 3일 대비 0.045% 포인트 뛰었다. 장기금리는 3일 일시 2.395%까지 상승했다가...",https://www.newsis.com/view/NISX20260406_0003580080,6,,1
[채권-마감] 美·이란 45일 휴전 추진 소식에 국고 3년 1.6bp↓,지난주 후반에 발표된 미국의 3월 고용보고서가 '서프라이즈'를 나타내면서 미 국채 금리가 상승한 영향이다. 지난주 미국 노동부는 3월 비농업 부문 고용이 전월 대비 17만8천명 증가했다고 발표했다. 이는 시장...,https://news.einfomax.co.kr/news/articleView.html?idxno=4407974,6,,1
[강남視角] '최단기 전쟁추경'이 놓친 것들,"이는 전쟁으로 오른 국채 금리의 추가 상승 가능성을 높인다. 한 해 30조원이 넘는 국채 이자 부담도 커진다. 이번 추경은 고유가와 석유공급망 위기가 핵심이다. 직격탄을 맞은 산업 위기지역과 근로자 지원, 관련...",http://www.fnnews.com/news/202604061831352384,4,,1
"일본 국채 10년물 금리, 2.425%로…'27년 만에 최고'",▲ 일본의 거리 일본의 장기금리 지표인 10년물 국채 금리가 오늘(6일) 채권 시장에서 한때 2.425%까지 상승하며 27년 만에 최고치를 기록했습니다. 10년물 금리가 오르며 국채 가치가 떨어진 것은 이란 전쟁에 따른...,https://news.sbs.co.kr/news/endPage.do?news_id=N1008507502&plink=ORI&cooper=NAVER,6,,1
"""널뛰는 증시 못견디겠다"" 개인들 만기 짧은 국고채로 대피",지난 2016년 연 1.5% 금리로 발행된 저쿠폰 국채(액면 금리가 낮은 국고채)다. 잔존만기가 4~5년가량 남은 국고채에도 관심이 모였다. 개인들은 지난달 '국고 01375-3006(20-04)'를 931억원어치 순매수했다. 지난 2020년...,http://www.fnnews.com/news/202604061817199378,4,,1
"디지털자산법, 결국 규제 빠지나…여야 '코인 친화' 한목소리",'미국·이스라엘-이란 전쟁' 여파로 치솟은 국채 금리도 가상자산업계에 힘을 실어주는 기류다.금융투자협회 채권정보센터에 따르면 국내 채권시장 벤치마크로 불리는 국고채 3년물 금리는 전쟁이 일어나기 직전인 2월...,https://www.kpinews.kr/newsView/1065597951743388,10,,1
"FX스와프, 장단기 엇갈려…1년물 美국채금리 상승에 큰 폭 하락",특히 1년물의 경우 부채스와프 물량이 물러난 가운데 미국 국채 금리 흐름에 민감히 반영하며 큰 폭 하락했다. 미 국채 금리는 미국 비농업 고용 지표 호조에 큰 폭 상승했고 10년물의 경우 아시아 개장 이후 추가...,https://news.einfomax.co.kr/news/articleView.html?idxno=4407972,8,,1
"""중국 디플레 우려 잦아들어 … 10년물 금리 2% 넘어설 듯""",블룸버그 中국채 금리 전망 주요 경제지표 예상밖 호조 바닥찍고 상승세 전환 기대 중국 국채 금리가 바닥을 찍고 상승세로 전환할 것이라는 관측이 나오고 있다. 이란 전쟁으로 국제 에너지 가격이 급등하면서...,https://www.mk.co.kr/article/12009473,4,,1
고유가 '직격탄'…日 국채금리 27년 만에 최고,중동 정세 불안 여파로 일본 10년물 국채 금리가 급등하며 27년 만에 최고 수준을 기록했다. 6일 니혼게이자이신문(닛케이) 등에 따르면 일본 10년물 국채 금리는 이날 채권 시장에서 2.425%까지 상승했다. 앞서 3일 2.395...,http://www.wowtv.co.kr/NewsCenter/News/Read?articleId=A202604060291&t=NN,10,,1
"日국채 10년물 금리, 2.425%로 상승…중동정세에 27년 만에 최고",조기 금리인상·재정지출 확대 전망 영향 조성미 특파원 = 일본의 장기금리 지표인 10년물 국채 금리가 6일 채권 시장에서 한때 2.425%까지 상승하며 27년 만에 최고치를 기록했다고 니혼게이자이신문(닛케이) 등이...,https://www.yna.co.kr/view/AKR20260406146300073?input=1195m,6,,1
日 커브 스티프닝…40년물 국채 금리 7bp↑,,https://news.einfomax.co.kr/news/articleView.html?idxno=4407970,4,,1
'운용부 쇼크'보다 심각? 日 국채금리 2.425%..27년2개월래 최고,국제 유가가 상승하며 인플레이션 가속화 우려가 커지자 일본의 장기 금리 지표인 10년 만기 신규 발행 국채 금리가 6일 한 때 2.425%까지 상승했다. 이는 1999년 2월 이후 27년 2개월 만에 최고치다. 이날 일본...,http://www.fnnews.com/news/202604061611285863,8,,1
"""주식 변동성 지겹다""...채권으로 다시 눈돌리는 개미들",지난 2016년 연 1.5% 금리로 발행된 저쿠폰 국채(액면 금리가 낮은 국고채)다. 잔존만기가 4~5년가량 남은 국고채에도 관심이 모였다. 개인들은 지난달 '국고 01375-3006(20-04)'를 931억원어치 순매수했다. 지난 2020년...,http://www.fnnews.com/news/202604061312110510,7,,1
日 10년물 국채 금리 27년 만에 '최고'…고유가 '직격탄',일본 10년 만기 국채 금리가 27년 만에 최고치로 치솟았다. 유가 상승에 따른 인플레이션 우려로 채권 매도세가 이어지고 있다. 6일 일본 채권시장에서 장기 금리 지표인 10년 만기 국채 금리는 한때 연 2.425%까지 상승...,https://www.hankyung.com/article/202604062145i,6,,1
[오전 주요 국제금융뉴스](06일),"▲S&P500 선물, 중동 협상 주시 속 혼조…美 국채금리↑ - 6일 오전 아시아 시장에서 미국 주가지수 선물은 미국과 이란의 협상을 주시하는 가운데 혼조세를 나타냈다. 미국 국채 금리는 상승세를 보였다. 연합인포맥스...",https://news.einfomax.co.kr/news/articleView.html?idxno=4407942,10,,1
변동성 장세에…회사채시장 여전히 겨울,"이경록 애널리스트는 “국채시장 변동성이 완전히 해소되기 전까지 회사채 시장도 안정되기 어렵다”며 “전쟁 장기화 여부와 물가 흐름이 국채금리를 좌우할 변수인데, 이를 예단하기 어려운 상황”이라고 진단했다.",https://www.etoday.co.kr/news/view/2573075,12,,1
"[더벨][하나증권 WM 드라이브] 전사적 역량 총동원, 야심작 'THE센터필드...",실제 지난해 말 THE센터필드W는 미국 장기국채 금리 방향성에 투자 수요가 있는 고객에게 장기파생상품 솔루션을 선보인 바 있다. 하나증권이 지난해 6월 조직개편을 통해 기존 하나더넥스트팀을 실로 승격한 점도...,https://www.thebell.co.kr/free/content/ArticleView.asp?key=202604021151447920109195,4,,1
"""일본 금리 인상=비트코인 폭등 트리거""...엔화, 가상자산 새로운 변수...","4월 6일(현지시간) 암호화폐 전문 매체 비트코이니스트에 따르면, 일본 국채 금리 상승이 글로벌 자금 흐름을 흔들며 비트코인(Bitcoin, BTC) 시장의 방향성을 결정짓는 주요 요인으로 떠오르고 있다. 일본은행(Bank of Japan, BOJ)...",http://coinreaders.com/228963,17,,1
국고채 금리 소폭 상승…입찰 경계·유가 변동 주시,이날 서울 채권시장은 미국 국채 금리 상승을 반영하며 약세 출발했다. 미국의 3월 비농업 부문 고용 지표가 예상치를 크게 웃돌며 시장은 인플레이션으로 관심을 돌렸다. 전 거래일 미 국채 2년물 금리와 10년물...,https://news.einfomax.co.kr/news/articleView.html?idxno=4407919,6,,1
"日국채금리, 美고용 호조·이란전쟁 격화에 상승…10년물 27년만 최고치",일본 국채금리가 6일 미국 비농업고용 호조와 이란전쟁 격화 등에 상승했다. 일본 10년물 등락 추이(인포맥스 제공) 일본 10년물 금리는 장중 2.4091%까지 올라 1999년 2월 이후 최고치를 기록했다. 오전 10시 51분...,https://news.einfomax.co.kr/news/articleView.html?idxno=4407917,8,,1
"日 장기 국채 금리, 2.410%로 상승...“27년 만에 최고 수준 기록”","지지통신은 “이란 정세가 안정화를 찾지 못하면서 원유 선물 시세가 상승했고, 인플레이션 우려로 인해 일본은행의 조기 금리 인상 가능성이 대두된 점도 국채 매도 요인으로 작용했다”고 전했다. 이용수...",https://www.g-enews.com/view.php?ud=202604061058078639e7e8286d56_1,7,,1
"S&P500 선물, 중동 협상 주시 속 혼조…美 국채금리↑","미국 국채 금리는 상승세를 보였다. 연합인포맥스 지수선물 통합화면(화면번호 6520)에 따르면 한국 시각으로 오전 10시23분 기준 E-미니 S&P500 지수 선물은 전장 대비 0.12% 하락한 6,614.25에 거래됐다. 기술주 중심의 E...",https://news.einfomax.co.kr/news/articleView.html?idxno=4407910,8,,1
국채선물 하락 출발…美 고용지표 호조·유가 상승,미국의 3월 고용지표가 예상치를 대폭 상회하며 미 국채 금리가 상승한 영향이다. 미국과 이란간 전쟁 장기화 우려에 상승한 국제 유가도 약세 압력을 더했다. 연합인포맥스에 따르면 3년 국채선물은 이날 오전 9시...,https://news.einfomax.co.kr/news/articleView.html?idxno=4407893,4,,1
日 국채금리 2.4%까지 상승..27년2개월래 최고,중동 정세로 국제 유가가 고공행진을 이어가자 인플레이션 가속화 우려가 커지면서 일본의 장기 금리 지표인 10년 만기 신규 발행 국채 금리가 6일 한 때 2.4%까지 상승했다. 이는 1999년 2월 이후 27년 2개월 만에...,http://www.fnnews.com/news/202604060935391074,8,,1
실수요자 울리는 국민주택채권 할인율...7억 집 사면 100만원 부담 늘어,"따라서 국채 금리가 오르면 금융사가 포기하는 몫이 커지는 꼴이 되므로, 금융사가 적용하는 할인율도 오르게 된다. 작년 말부터 국채 금리가 상승하는 흐름 속에서 국민주택채권 할인율이 치솟은 이유다. 금융권...",https://www.chosun.com/economy/economy_general/2026/04/06/FRXX6ENB6ZF5FFDUDNKDCMUG2M/?utm_source=naver&utm_medium=referral&utm_campaign=naver-news,7,,1
"일본 10년물 국채금리, 1999년 이후 최고치",일본 국채금리 상승은 통상 글로벌 유동성과 투자심리에 영향을 줄 수 있어 비트코인과 이더리움 등 주요 가상자산 시장에도 간접적인 변동성 요인으로 작용할 수 있다.,https://www.tokenpost.kr/news/breaking/346565,14,,1
[오늘의 금시세] 4월 6일 달러 강세·이란 지정학 변수에 금값 하락,"미국 국채 금리는 4.363% 수준에서 정체 흐름을 보이고 있음에도 불구하고, 안전자산 선호가 달러로 집중되며 금의 상대적 매력도가 약화된 점이 주요 배경으로 지목된다. 여기에 중동 리스크가 인플레이션 기대를...",https://www.topstarnews.net/news/articleView.html?idxno=16026547,5,,1
“금이 비트코인 닮아간다”…이란 전쟁 터졌는데 15% 폭락,"10년 만기 미국 국채의 실질금리는 약 0.4%포인트 상승했다. 이는 글로벌 환경의 위험 증가와 함께, 유가 상승이 인플레이션을 자극해 중앙은행이 금리를 인상할 것이라는 우려를 반영한다. 금 값의 또 다른 하락 이유는...",http://datanews.co.kr/news/article.html?no=144123,7,,1
'사상 최대 거래대금' 증권사 1분기 순익 2배 기대…'채권 손실' 변수,"국채금리 상승에 따라 부진이 우려되는 만큼, 운용손익 방어 수준이 증권사들의 실적을 가를 핵심 요인으로 지목된다. 6일 연합인포맥스 컨센서스 종합(화면번호 8031)에 따르면 최근 3개월간 증권사들이 전망한...",https://news.einfomax.co.kr/news/articleView.html?idxno=4407803,14,,1
[건설사 수익성 점검] [태영건설] 워크아웃 졸업 1년 앞두고 실적 '청신...,부채비율 720→542% …부동산PF 대출잔액 1조 밑으로 워크아웃 졸업을 1년 앞둔 태영건설이 지난해 가시적인 경영 성과 개선을 이뤘다. 부채비율 등 주요 건전성 지표뿐만 아니라 강도 높은 비용 절감을 통해 수익성...,https://dealsite.co.kr/articles/159655,13,,1
증권사 고정이하자산비율 4년 만에 하락…흥국·BNK·상상인증권 개선율...,특히 금융당국이 부동산 PF 사업장 평가 기준을 강화한 2024년에는 3.21%포인트 급등하기도 했다. PF 부실 정리·재구조화 효과는 중소형 증권사 중심으로 나타났다. 개별 증권사별로 보면 고정이하자산비율 감소폭이...,https://www.ceoscoredaily.com/page/view/2026040616280086909,10,,1
건설사들이 “못 받을 돈” 포기한 금액 2조 원…원가 폭탄·PF 부실·유...,고금리와 주택시장 침체의 여파로 부동산 프로젝트파이낸싱(PF) 부실이 늘어난 것도 건설사들을 옥죄고 있다. SK에코플랜트와 대우건설은 시행사에 사업비로 빌려준 대여금이나 미수금 등을 의미하는 ‘기타채권’을...,https://www.sedaily.com/article/20028935?ref=naver,14,,1
4대 금융지주 1분기 순익 5조원대 전망…비은행 경쟁력이 변수,여기에 부동산 PF와 기업대출 관련 충당금 부담도 이어질 것으로 예상된다. 기업금융 확대 역시 위험가중치(RW)와 리스크 부담 영향으로 우량 차주 중심의 선별 여신 기조가 지속되면서 속도를 내기 쉽지 않다는...,https://www.news2day.co.kr/article/20260407500007,13,,1
"증권사 IB, 모험자본 리스크 시험대 올랐다","부동산 PF 시장이 조정 국면에 들어선 반면, 금융당국은 발행어음과 종합투자계좌(IMA)를 축으로 증권사의 기업금융과 모험자본 공급을 제도적으로 밀어주고 있어서다. 다만 시장에서는 기업금융 수익성과 아울러...",http://www.fnnews.com/news/202604070143300874,8,,1
'가계대출 증가율 0%' 현실화…새마을금고 수익성 '빨간불',기업대출 확대도 주요 고객층이 소상공인에 집중돼 있는 데다 과거 부실 원인인 부동산PF 대출은 재확대하지 않겠다는 방침으로 한계가 있다. 새마을금고는 전략 수정에 나섰다. 금융당국이 부동산 대출 축소와 서민금융...,https://www.news1.kr/finance/general-finance/6127167,17,,1
동부·계룡 ′선방′ vs 아이에스동서·우미 ′우울′...중견사 원가율...,또한 고금리 기조의 장기화와 부동산 프로젝트파이낸싱(PF) 시장의 경색 장기화도 원가율 상승 못지않게 수익성 악화를 부추기는 핵심 요인으로 작용했다. 자금 조달 비용이 천정부지로 솟으면서 브릿지론 단계에서 본...,https://www.newspim.com/news/view/20260406000987,10,,1
'비대면' 저축은행의 반전⋯ 점포 줄었어도 고객은 늘었다,부동산 PF(프로젝트파이낸싱) 부실 우려와 수익성 악화에 대응해 업권 전반이 조직 슬림화에 매진한 결과다. 자산 규모 등 외형 지표도 보수적 영업 기조를 반영해 축소됐다. 총자산은 120조9068억원에서...,https://www.etoday.co.kr/news/view/2573084,18,,1
[박종면칼럼] 잘나가던 메리츠금융 왜 멈춰섰나,"밸류업 선도주 프리미엄이 희석됐고, 홈플러스와 해외 부동산 PF의 그늘이 다시 짙어졌으며, 미래에셋·한국금융처럼 다음 10년을 설명하는 성장 서사를 보여주지 못했기 때문입니다. 더 정확히 말하면 지난해까지...",https://www.bloter.net/news/articleView.html?idxno=658764,5,,1
[다산칼럼] 한국 '시장 안정 프로그램'의 불안정성,이후 부동산 PF 지원책이 속속 추가돼 100조원 규모가 됐다. 지금은 크게 38조원 규모 채권·단기시장 안정과 61조원 규모 부동산 PF 지원 프로그램으로 구성된다. PF 지원 프로그램은 보증이 대부분인 데다 쓰임새도...,https://www.hankyung.com/article/2026040624251,6,,1
건설업계 작년 ‘떼인 돈’ 2조 털었지만…아직 수조원 더 남았다,고금리와 주택시장 침체의 여파로 부동산 프로젝트파이낸싱(PF) 부실이 늘어난 것도 건설사들을 옥죄고 있다. SK에코플랜트와 대우건설은 시행사에 사업비로 빌려준 대여금이나 미수금 등을 의미하는 ‘기타채권’을...,https://www.sedaily.com/article/20028983?ref=naver,14,,1
달라진 수주전...건설사 '금융력' 핵심 변수로,"과거 부동산 PF발 자금 경색 등으로 재무제표가 악화된 롯데건설은 성수 4지구 입찰에 앞서 7천억 원 규모 자금 조달을 통해 재무구조 개선에 나섰고, 현대건설과 DL이앤씨, 삼성물산까지도 은행, 증권사 등 금융사들과...",https://www.wowtv.co.kr/NewsCenter/News/Read?articleId=A202604060190&t=NNv,11,,1
"PF 우발채무 줄었지만 리스크 여전···롯데건설, 브릿지론 편중 심화",지난해 롯데건설의 부동산 프로젝트파이낸싱(PF) 우발채무가 전년 대비 줄어든 것으로 나타났다. 그러나 사업 초기 단계인 브릿지론 비중은 오히려 확대되면서 재무건전성 관리에 대한 경계감이 지속되는 모습이다. 6일...,https://www.sisajournal-e.com/news/articleView.html?idxno=420306,11,,1
"[CEO 리포트] '곽봉석 2기' DB증권, 리스크 관리 넘어 '성장 드라이브'",그간 DB증권은 부동산프로젝트파이낸싱(PF) 익스포저 관리에 집중하는 한편 기업금융(IB) 중심으로 사업 구조를 조정해왔다. 또 ROE(자기자본이익률) 개선을 추진하는 동시에 밸류업 목표를 제시하고 주주환원 정책을...,https://daily.hankooki.com/news/articleView.html?idxno=1355517,10,,1
증권사 기업금융 익스포저 2배 확대…한투·NH '최대',"나신평 ""조달·운용 만기 매칭 수준 중요"" 부동산 프로젝트파이낸싱(PF) 위축과 생산적 금융으로의 전환 등으로 증권사 내 기업금융 규모가 2배 이상 확대된 것으로 나타났다. ◇증권사 기업금융 익스포저 2배…수익성...",https://news.einfomax.co.kr/news/articleView.html?idxno=4407966,13,,1
"국내 증시 민감도 커진 증권사, 1분기 '실적피크' 우려","정 연구원은 ""증권사들이 증시 호조의 수혜를 크게 누린다는 것은, 실적의 국내 증시 민감도가 크게 증가했다는 점을 의미한다""며 ""이는 해외 주식 거래나 부동산 프로젝트파이낸싱(PF) 등, 실적의 국내 증시 민감도를...",http://www.popcornnews.net/news/articleView.html?idxno=117600,14,,1
'부실 털기' 나선 롯데건설…미수금 회수로 하반기 실적 반전 모색,"지난해 롯데건설은 부동산 시장 한파에 대비해 선제적으로 현금을 확보하고, PF(프로젝트 파이낸싱) 관련 우발채무를 대폭 축소하는 등 철저한 위기 관리에 나섰다. 장부상 영업이익은 감소했지만, 일회성 비용을...",https://www.newspim.com/news/view/20260406001040,7,,1
빗썸 ‘베트남 리조트 투자’ 미스터리… 수백억 투입하고도 착공 ‘전...,"빗썸이 부동산 개발 자회사를 통해 베트남 리조트 사업에 수년간 수백억원을 투입했지만, 정작 핵심인... 통상 대형 개발사업은 프로젝트 파이낸싱(PF)이나 공동 투자 구조를 통해 리스크를 분산시키지만, 이번 사업은...",https://wemakenews.co.kr/news/view.php?no=25004,4,,1
"종속회사 13곳·5년 사이 '최대' 대우건설…김보현 체제 사업 확장 ""속도...",지난해 해외 현장과 국내 수익형 부동산에서 누적된 부실을 한꺼번에 반영하는 이른바 '빅배스(Big Bath)'를... 종속회사 확대에 따른 관리 복잡도 증가와 PF 및 투자 기능 확대에 따른 금융 리스크 노출이 동시에 커진...,https://www.asiatoday.co.kr/view.php?key=20260406010001583,7,,1
'내 집 마련' 불똥 튈까? 부동산 PF '자기자본 20%' 강화에 분양가 상승...,"금융위원회와 금감원 등 관계부처는 지난 4월 3일 '부동산 PF 상황 점검회의'를 열고, 향후 PF 대출 시 사업비 대비 자기자본비율이 높을수록 금융사의 위험가중치와 충당금 부담을 낮춰주는 차등화 방안을 확정했다....",http://www.dailypop.kr/news/articleView.html?idxno=97799,28,,1
"민·관, 중동발 건설산업 위기 맞서 비상 대응 지원체계 가동","그 외에도 국토부는 부동산 프로젝트파이낸싱(PF) 상황점검회의 등을 통해 금융당국 및 금융업계에 건설업계의 상황인식을 공유하고, 위기 확산 방지를 위한 긴급 금융지원을 요청하는 등 관계부처와도 적극 협의 중이다.",https://www.koscaj.com/news/articleView.html?idxno=323406,10,,1
"[더벨][건설사 인사 풍향계] 롯데건설, 김원재 영입한 재경외주본부에 ...","재경외주본부는 기존 경영지원본부의 재경부문(회계·자금·PF금융 등)을 분리해 외주구매본부와 합친... 김 전무는 그룹과 지주, 유통 등 여러 계열사를 두루 거친 인물인 만큼 향후 그룹 차원의 부동산 개발사업에서...",https://www.thebell.co.kr/free/content/ArticleView.asp?key=202604021411020120103172,5,,1
"[더벨][건설리포트] HXD화성개발, 수주 확대로 매출 성장 '포석'","자체사업 추진을 위한 사업지 확보 과정에서 대규모 부동산 프로젝트파이낸싱(PF) 대출을 조달할 수 있는 재무건전성도 갖춰진 셈이다. HXD화성개발 관계자는 ""상당수 프로젝트의 공사가 올해 본격화될 예정인 만큼...",https://www.thebell.co.kr/free/content/ArticleView.asp?key=202604021413083880102934,12,,1
"대신F&I, NPL 점유율 21% 회복…업계 2위 탈환","대신F&I는 지난 2023년 하반기부터 국내 부동산 프로젝트파이낸싱(PF)·해외 오피스 등 비핵심 자산을 회수하고, 그 자금을 NPL 투자로 재배분했다. 그 결과 전체 자산에서 NPL이 차지하는 비중은 지난 2022년 말 18.0%에서...",https://www.kbanker.co.kr/news/articleView.html?idxno=224638,13,,1
"[CEO+] LS증권, 홍원식 대표 7년 만에 다시 부른 이유는?",부동산 PF 시장 침체가 직격탄이 됐다. 2022년 이후 PF 부실로 충당금 적립 부담이 커지고 수수료 수익도 줄면서 순영업수익은 하락세로 돌아섰다. 2025년 1분기 PF 충당금은 813억원으로 2024년 말 671억원보다 더...,http://www.bizwnews.com/news/articleView.html?idxno=132541,11,,1
[기획] 대출규제도 발목…정비사업 조합·시공사 대응책 마련 고심,"PF 대출은 재건축·재개발 사업에서 초기 사업비와 공사비를 마련하는 핵심 금융 수단인데, 최근 금융권이 부동산 PF 위험 관리를 강화하면서 대출 승인 절차가 까다로워진 상황이다. 이로 인해 일부 사업장은 사업비 조달...",https://www.m-i.kr/news/articleView.html?idxno=1361884,6,,1
"회생사건, 대전·대구·광주로 일부 분산","서울·수원은 건설·부동산 비중이 높아 프로젝트파이낸싱(PF)과 미분양 영향으로 일반회생 중심 구조를 보이는 반면, 부산과 대전·대구·광주 등 지방 법원은 유통·서비스, 농식품, 중소 제조업 비중이 높아...",https://www.naeil.com/news/read/584200?ref=naver,9,,1
[인천 건설 위기 진단 기획②] 준공했는데도 돈 못 받았다…인천 PF 사업...,인천뉴스 이정규 기자ㅣ인천 지역 일부 부동산 프로젝트파이낸싱(PF) 사업장에서 준공 이후에도 공사비 정산이 이뤄지지 않으면서 건설업계 전반에 후폭풍이 확산되고 있다. 업계에 따르면 최근 인천 지역 공동주택 및...,http://www.incheonnews.com/news/articleView.html?idxno=435320,9,,1
"[부동산 인사이트] ""조선업이 끌고 집값이 밀었다"" 울산만 홀로 오르는...","지방 부동산 시장이 전반적인 침체의 늪에서 헤어나지 못하고 있는 가운데, 울산만이 홀로 가파른 상승... 설상가상으로, 전국적인 공사비 급등과 PF(프로젝트파이낸싱) 시장 경색까지 맞물리면서 신규 사업 진출에...",https://www.bizhankook.com/bk/article/31968,9,,1
"[아유경제_부동산] 김윤덕 장관, 건설 분야 8개 협회와 긴급 회동… ""중...","또 이달 3일 금융위원회 주관으로 열린 '부동산 PF 상황점검회의' 등을 통해 금융당국과 금융업계에 건설업계의 상황인식을 공유하고, 위기 확산 방지를 위한 긴급 금융 지원을 요청하는 등 유관 부처와도 적극 협의 중이다....",http://www.areyou.co.kr/news/articleView.html?idxno=93261,17,,1
착공 늘었지만 인허가·준공은 부진 … 첫삽만 뜬 '반쪽 공급',"있다""며 ""PF 문제 등이 빠르게 해소되고 있다는 신호가 현장에서 뚜렷하게 들려오는 상황도 아니다""고... 한 부동산업계 관계자는 ""착공과 분양 반등만으로 공급 회복을 단정하기는 어렵다""며 ""인허가 감소는 향후 공급...",https://biz.newdaily.co.kr/site/data/html/2026/04/06/2026040600107.html,4,,1
"한토신 '천안 동일하이빌 파크레인', 96% '무더기' 미달 사태","미달사태로 PF 회수에 비상이 걸렸다. [사진=스트레이트뉴스] 한국토지신탁이 충남 천안시 직산읍에서... 지역 부동산 시장 관계자는 ""요즘 수요자들은 브랜드와 가격과 입지 등이 확실해야 통장을 사용한다""며...",https://www.straightnews.co.kr/news/articleView.html?idxno=299422,4,,1
"국토부, 중동 전쟁 장기화 대응 건설업계 긴급 간담회 개최","아울러 금융위원회 주관 부동산 PF 상황점검회의 등을 통해 금융당국과 건설업계 상황을 공유하고, 위기 확산 방지를 위한 긴급 금융지원 방안도 협의하고 있다. 국토부는 간담회에서 논의된 사항을 신속히 검토해 정책에...",https://www.bizwork.co.kr/news/articleView.html?idxno=414184,17,,1
[모닝 리포트] 회사채 금리 2년 만에 4%대…이란 사태가 변수,"이 연구원은 ""회사채는 스프레드와 금리 모두 확대(상승)되며 AA- 3년물 기준 2024년 4월 이래 처음으로 금리가 4%대를 돌파했으며 추가 금리 상승에 대한 우려감으로 발행시장과 유통시장 모두 위축 흐름을 보였다""고...",https://www.newspim.com/news/view/20260407000058,8,,1
"[Deal프리뷰] SK네트웍스, 계열사 영업관계 바탕 사업안정성 '탄탄'…수...",만기 국고채와 회사채 간 금리 차이를 일컫는 '회사채 스프레드'가 점차 확대되며 최근 1년 새 최대치를 기록한 것이다. 이는 기업들이 자금 조달 환경에 어려움을 겪고 있음을 의미한다. 실제로 에쓰오일과...,https://www.kfenews.co.kr/news/articleView.html?idxno=656509,8,,1
전쟁發 금리 상승에 회사채 발행 위축…기업들 유증·EB로 눈돌려,정화영 자본시장연구원 채권연구센터장은 “발행자 입장에서는 중동 전쟁 영향으로 회사채 금리를 결정하는 신용 스프레드가 하루에도 큰 폭으로 변동해 부담이 커진 상황”이라며 “투자자 역시 금리 상승이...,https://biz.chosun.com/stock/stock_general/2026/04/06/LUK7CH26DFDPNBOPULO6JO4C4M/?utm_source=naver&utm_medium=original&utm_campaign=biz,10,,1
"MBS 장기 구간 미매각 지속…회사채 발행도 ""일단 지켜보자""","한국주택금융공사의 주택저당증권(MBS)이 장기 구간을 중심으로 소규모 미매각을 지속하는 데다 회사채... D 증권사의 채권 딜러는 ""시장 변동성이 크면 크레디트물은 어려울 수밖에 없다""며 ""가산금리(스프레드)...",https://news.einfomax.co.kr/news/articleView.html?idxno=4407886,14,,1
[전문가 칼럼] 미국- 이란 전쟁과 'XRP',"올해 말, 또는 내년으로 예상되는 XRP 발행사 리플의 나스닥 상장이 성공한다면 기업가치가 약 500억 달러에... '소송 중인 코인'이라는 꼬리표를 떼고, IPO를 준비하는 핀테크 기업의 핵심 자산으로 자리잡을 날이 멀지...",https://www.tgdaily.co.kr/news/articleView.html?idxno=403494,5,,1
"오픈AI, 주정부에 일론 머스크 '반경쟁적 태도' 조사 요구",기업공개(IPO)를 앞두고 이용자 수를 늘리기 위해 아동을 포함한 여성들의 성착취물 딥페이크 생성을 방치하고 있다는 글로벌 조사 내용을 언급하며 머스크의 도덕성을 정조준했다. 또한 최근 사상 최대 규모의 상장을...,http://www.fnnews.com/news/202604070817140258,4,,1
"[중국 비즈니스 트렌드&동향] 화웨이·미니소·엑스리얼, 각자의 방식으...","AR 글래스 글로벌 1위 엑스리얼, 홍콩증시 상장 신청 4월 1일, 글로벌 AR(증강현실) 글래스 점유율 1위... 이번 IPO는 선택이 아닌 생존을 위한 필수다. 2030년까지 글로벌 AR 시장이 94억 달러(약 14조원)로...",https://platum.kr/archives/284809,5,,1
[GAM]빅테크 '우주 전쟁' 점입가경 ② 반도체 가치사슬에 번지는 수혜,"우주 경쟁에 베팅하는 전략으로 개별 종목 이외에 상장지수펀드(ETF)도 투자자들에게 선택지를 제공한다.... 한편, NASA는 스페이스X의 기업공개(IPO) 전에 특수목적법인(SPV)을 통해 지분 노출 기회를 제공한다고...",https://www.newspim.com/news/view/20260406000735,4,,1
[폴레드 IPO] ①'현대차 DNA' 사내 벤처에서 코스닥행 시동,코스닥 상장 절차를 시작했다. 최근 실적 성장과 함께 자본잠식 해소 등 재무 구조 개선을 완료한... 이번 상장은 NH투자증권이 대표주관한다. 기관 수요예측은 오는 22일부터 28일까지 진행된다. 폴레드는...,https://www.fetv.co.kr/news/article.html?no=216328,7,,1
"[더벨][현장+] [영상]AI로 '새는 돈' 잡는다…캐스팅엔, 구매 OS로 상장 ...","IPO는 현재 주관사를 선정했고 목표는 내년 상장을 준비하는 것입니다. 이를 위해 두 가지를 검증해야 합니다. 하나는 대기업들이 실제로 저희 플랫폼을 통해 구매를 수행하는지, 두 번째는 차세대 시스템이 시장에서 대체...",https://www.thebell.co.kr/free/content/ArticleView.asp?key=202604061600175840105856,4,,1
"美증시, 휴전 기대·불안 공존에 소폭 올라…코스피 상승 기대[뉴스새벽...","◇홍콩증시 IPO, 나스닥 추월 -홍콩 증시 기업공개(IPO) 시장이 올해 1분기 5년 만에 최대 규모를 기록. 중국 당국이 증시 상장을 일부 제한하는 등 여러 규제 조치 등8이 복합적으로 작용하며 자금이 홍콩 시장으로 쏠린...",http://www.edaily.co.kr/news/newspath.asp?newsid=02466566645413824,6,,1
"[도전기업 백서] 상장 궤도 뷰런테크놀로지, 표준화 전쟁 서막(下)",김재광 대표는 2027년 하반기 상장을 목표로 주관사인 미래에셋증권과 함께 IPO 준비를 본격화하고 있다. 상장을 통해 확보한 자금은 글로벌 지사의 영업망 확충과 인지 AI 파운더리인 '뷰엑스(VueX)' 플랫폼 고도화에...,http://www.hansbiz.co.kr/news/articleView.html?idxno=830512,4,,1
[유상증자 모니터] 운전자본 부담 속 DLS 인수 '변수' | 클로봇②,클로봇은 기업공개(IPO) 등을 통해 조달한 자금으로 영업활동의 현금 부족을 보완했다. 회사는 2024년 10월 기술특례상장 당시 공모자금 383억을 조달했다. 운영자금으로 46억원을 사용해 지난해 말 기준 337억원이 남아...,https://www.bloter.net/news/articleView.html?idxno=658716,4,,1
[더벨][thebell note] IPO 앞둔 채비의 진짜 경쟁력,"상장과는 거리가 멀던 회사를 지금의 채비로 만들어낸 것도 그들이었다. 그간의 길을 돌아보면 그 심정이 이해됐다. 글로벌 투자자의 제의를 뒤로한 IPO 결정, 밸류를 깎아 결정한 코스닥 행, 그리고 FI들과의 치열한 협상...",https://www.thebell.co.kr/free/content/ArticleView.asp?key=202604021105306000108047,6,,1
"기업 IPO 문턱, 부산시가 직접 낮춘다",부산시는 부산기술창업투자원과 함께 ‘IPO 상장 지원사업’ 참여 기업을 다음 달 4일까지 모집한다고 7일 밝혔다. 기술력과 성장성을 갖춘 지역 기업의 상장을 촉진해 자본시장 진출 기반을 강화하기 위한 사업이다....,https://www.sedaily.com/article/20029104?ref=naver,4,,1
[테크인사이드] 아직 돈 먹는 하마...오픈AI·앤트로픽 IPO 앞 'AI 경제학...,"이는 역사상 거의 모든 다른 상장기업들 손실을 압도하는 수준일 것이라고 WSJ은 전했다. 또 두 회사 모두 향후 수년간 막대한 현금을 소진할 것으로 예상되며, IPO를 통해 확보한 자금이 사업을 지탱해 줄 것으로...",https://www.digitaltoday.co.kr/news/articleView.html?idxno=654133,4,,1
[Who Is ?] 김완수 HD현대로보틱스 대표이사 사장,HD현대로보틱스는 앞서 2020년 6월 KT와 500억 원 규모의 상장 전 지분투자(Pre-IPO) 계약을 체결했다. KT는 해당 계약을 통해 HD현대로보틱스 지분 10%를 취득했다. HD현대로보틱스는 당시 2022년 주식시장 상장이 예상됐다....,https://www.businesspost.co.kr/BP?command=article_view&num=435093,5,,1
"스페이스X 열풍, 우주여행 회사 버진 갤럭틱 25% 폭등(상보)","상장은 6월 말로 예정돼 있고, 이번 상장에서 모두 750억달러를 조달, 사상 최대의 기업공개(IPO)가 될 전망이다. 이는 사우디 국영석유회사 아람코가 지난 2019년 기록한 290억달러를 크게 상회하는 규모다. 상장 이후...",https://www.news1.kr/world/usa-canada/6127382,1,,0
[더벨][VC x 스타트업 동행] '자율주행 인프라' 키운 8년…스톤브릿지·...,모빌테크는 올해 기업공개(IPO)를 핵심 과제로 설정하고 본격적인 상장 절차에 돌입했습니다. 기술특례상장을 통해 연내 코스닥 입성을 목표로 하고 있어요. 오는 5월 상장 예비심사를 청구할 계획을 수립했죠. 사업...,https://www.thebell.co.kr/free/content/ArticleView.asp?key=202604021431567280107734,6,,1
[더벨]'K-바이오 밸류' JP모간에 묻는다…이병건·이상훈 대담,2002년부터 2004년까지는 HKEX(홍콩증권거래소) 상장부와 홍콩 증권선물위원회에서 IPO 심사 및 자본시장 정책 수립도 담당했다. 그밖에 2016년 1월부터 2017년 6월까지는 홍콩 정부 중앙정책단(CPU) 준위원으로 활동했고...,https://www.thebell.co.kr/free/content/ArticleView.asp?key=202604061408564880102614,7,,1
"[더벨]씨엔티테크, 내달 예심청구…AC 상장 시도 재개","한동안 멈췄던 액셀러레이터(AC)의 기업공개(IPO) 시도가 다시 시작된다. 한 차례 상장을 자진 철회했던 씨엔티테크가 다시 도전장을 냈다. 그동안 업권의 성장, 사업 영토 확장 등 업계 내 의미있는 변화가 있었기 때문에...",https://www.thebell.co.kr/free/content/ArticleView.asp?key=202604030829561080102886,4,,1
"[더벨]한림제약 자회사 HL지노믹스, IPO 추진 '첫 상장사' 의미",한림제약의 자회사인 의약품 원료 생산 기업 에이치엘지노믹스가 기업공개(IPO) 절차에 착수했다. 200억원대 매출이 상장 밸류의 뒷배다. 에이치엘지노믹스가 상장에 성공하면 한림제약 계열의 첫 상장사가 된다....,https://www.thebell.co.kr/free/content/ArticleView.asp?key=202604060821524580109394,4,,1
"[더벨]잇단 게임사 엑시트 소송, 라이노스·앵커PE '희비'","소송의 불씨가 기업공개(IPO) 무산이라는 점도 공통점이다. 라이노스는 스마일게이트가 스마일게이트RPG 상장 무산에 대한 책임을, 앵커PE는 라인야후가 라인게임즈 상장 무산에 대한 책임을 져야 한다는 취지로...",https://www.thebell.co.kr/free/content/ArticleView.asp?key=202604030105102690107717,4,,1
[더벨][라이드플럭스 IPO] 기술성 평가 신청…연내 코스닥 상장 추진,자율주행 소프트웨어 스타트업 라이드플럭스가 연내 코스닥 상장을 목표로 기업공개(IPO) 절차에 착수한다. 3일 투자은행(IB) 업계에 따르면 라이드플럭스는 지난달 중순 한국거래소에 기술성 평가를 위한 전문 평가...,https://www.thebell.co.kr/free/content/ArticleView.asp?key=202604030743569080102381,9,,1
[더벨][메타넷엑스 IPO] '합종연횡 전략 통했다' 매출·이익 동반 성장,"상장 걸림돌을 모두 제거한 상태다. 안현덕 메타넷엑스 사장은 ""AI 네이티브 인프라 경쟁력을 강화하기... ◇'첫 클라우드 MSP 직상장'에 쏠린 관심, 4월 예심 결과 전망 상장예비심사 결과도 임박했다. 메타넷엑스는...",https://www.thebell.co.kr/free/content/ArticleView.asp?key=202604031533502800107514,4,,1
[더벨][마키나락스 IPO] 퇴사 창업멤버도 3년 락업…흥행 관건은 우리사...,이는 최근 코스닥 시장에 상장하는 스타트업 중 많은 수준이다. 자본시장법상 IPO를 진행할 때는 우리사주조합에 20%를 우선 배정하는 게 원칙이지만 벤처기업의 경우 예외조항이 적용된다. 이에 따라 스타트업이 통상...,https://www.thebell.co.kr/free/content/ArticleView.asp?key=202604021835246160104322,6,,1
[더벨][소크라AI IPO] 초도 실사 앞두고 원점 재점검…체질 변화 주목,소크라AI가 삼성증권과 기업공개(IPO) 상장 주관 정식 계약을 맺고 본격적인 준비 절차에 들어갔다. 상장 준비가 시작된 가운데 회사와 주관사는 초도 실사에서 달라진 사업 구조와 경영진 변화를 중심으로 회사 현황을...,https://www.thebell.co.kr/free/content/ArticleView.asp?key=202604030829590600106746,4,,1
"시프트업, 개발 투자보다 자산 불리기 열중","상장(IPO) 당시 공언했던 자금 사용 계획과 달리 신작 개발을 위한 연구개발(R&D)에는 인색한 반면, 부동산과 펀드 등 금융상품 투자는 대폭 늘려서다. 문제는 핵심 IP(지식재산권)가 노후와 되면서 증권가에서...",https://news.dealsitetv.com/articles/167783,5,,1
[더벨][상장 N수생 점검 | 아이나비시스템즈] 2년 연속 적자에 중복상장...,당장 중복상장 이슈로 IPO가 무산된 에식스솔루션즈도 M&A로 LS그룹에 편입된 기업임에도 상장에 실패했다. 이번 분기 중 발표될 정부의 지침을 우선적으로 살펴볼 필요가 있다. 다만 중복상장에 대한 '원칙적 금지'가...,https://www.thebell.co.kr/free/content/ArticleView.asp?key=202604031425155920108764,4,,1
"인벤테라·아이엠바이오 '연타석 흥행'… K-바이오, '데이터'로 IPO 잔혹...","아이엠바이오로직스, '데이터 실체'로 하방 경직성 확보 지난 3월 상장하며 바이오 IPO 열풍의 문을 연 아이엠바이오로직스 역시 '기술료 수익'을 통해 정책 리스크를 돌파 중이다. 상장 초기 공모가 대비 4배 급등하는...",https://www.apsk.co.kr/news/articleView.html?idxno=539057,4,,1
[GAM]A주 'eVTOL 1호주' 탄생 기대② 테마주 속 투자기회,"A주 상장사들도 포함되어 있다. 중국 관영 증권시보(證券時報) 산출 플랫폼 수쥐바오(數據寶)가 4월 3일까지 집계한 불완전한 통계에 따르면, A주 시장에서 에어로푸지아 투자에 참여한 상장사는 약 20곳으로 주로...",https://www.newspim.com/news/view/20260406000900,0,,0
"[외신 헤드라인] 버핏 ""극장서 불나면 문으로 달려가야""…사모신용 경고","◇ 中 AI 굴기에…홍콩 IPO규모, 나스닥 추월 AI 열풍은 중국에서도 거셉니다. 줄잇는 릴레이 상장에 홍콩 증시의 기업공개 시장은 나스닥을 앞지를 정도가 됐는데요. 올 1분기 1·2차 발행규모만 20조 원을 찍으며 5년 만에...",https://biz.sbs.co.kr/article_hub/20000302430?division=NAVER,4,,1
'미래형 건설사?'…반도체 매출 비중 70% 육박한 이곳,중복 상장 이슈가 발목을 잡은 것으로 알려졌다. SK에코플랜트는 약속한 IPO 기한을 연장하거나 FI에게 투자자금을 돌려주는 방안 등에 대해 논의 중이다. FI가 투자금 상환을 요구하면 이자비용 지급 등을...,https://news.bizwatch.co.kr/article/real_estate/2026/04/06/0016,4,,1
"“설명할 시간 없어 빨리 올라타”…우주 경제 시대, 실전 투자는? [머스...",특히 스페이스X처럼 상장 직후 주가 변동성이 극심할 것으로 예상되는 메가 IPO의 경우 ETF를 통한 분산 투자는 리스크를 관리하며 성장의 결실을 공유할 수 있어 효과적이다. 국내 투자자들의 발걸음은 이미 우주로...,https://magazine.hankyung.com/business/article/202604023082b,5,,1
생각만으로 손이 움직인다- 강뇌과기(强脑科技:BrainCo)와 BCI혁명[전병서...,"이것이 강뇌과기가 IPO 직전 20억 위안의 초대형 투자를 받을 수 있었던 배경이다. '항저우 여섯 마리 용'의 첫 상장주 - 자본시장의 역사를 쓰다 2026년 1월, 강뇌과기는 두 개의 축포를 연달아 터뜨렸다. 1월 6일...",http://www.fntimes.com/html/view.php?ud=202604061834043837c1c16452b0_18,4,,1
"[ASIA BIZ] ""스페이스X만큼 저렴한 발사 비용"" 中 제1호 로켓회사 상장 ...",적자기업도 IPO...상업용 로켓 정책 지원 중커위항이 적자 기업임에도 상장을 시도할 수 있는 것은 상업 항공우주에 대한 정책적 지원 덕분이다. 중국은 2025년 커촹반에서 상업용 로켓 등 첨단 기술 기업에 대해...,https://www.ajunews.com/view/20260404174442060,4,,1
"[ASIA BIZ] ""로켓 발사보다 힘든 IPO 문턱"" 中 우주기업의 현실",7천억 적자 늪 '랜드스페이스' IPO 심사 중단 상장 도전 줄 잇지만..적자·기술 장벽에 발목 아주경제=베이징(중국)=배인선 특파원 baeinsun@ajunews.com 랜드스페이스 재사용 로켓 '주췌3호' [사진=랜드스페이스 제공] 미국...,https://www.ajunews.com/view/20260404180148063,4,,1
"[AI 클로즈업] 인텔리빅스, 6월 코스닥 상장 목표… 공공 넘어 외연 확장...","안전 인공지능(AI) 기업 인텔리빅스가 6월 코스닥 상장을 앞두고 본격적인 기업공개(IPO) 절차에 돌입했다. 대다수 AI 기업이 적자 상태에서 기술특례상장을 택하는 것과 달리, 인텔리빅스는 13년 연속 흑자와 3년 연속...",https://www.ddaily.co.kr/page/view/2026040614583689826,6,,1
"IPO 채비 '솔리스', 북미 배터리 EPC로 매출 껑충","정제와 관련해서는 국내 특허 등록을 완료했고 미국과 유럽 특허 출원도 진행 중이다. 한편 솔리스는 한화투자증권을 상장 주관사로 선정했으며, 2026년 상반기 중 상장 예비심사 신청을 목표로 IPO 작업을 진행 중이다.",https://www.newspim.com/news/view/20260406001214,4,,1
디지털 헬스케어 ‘성장 가도’…AI 진단보조 기술 민·관·학 집중[의료...,메디웨일은 내년 상반기 기술특례상장을 통한 코스닥 입성을 목표로 기업공개(IPO) 절차도 추진한다. 고바이오랩은 과학기술정보통신부와 정보통신산업진흥원(NIPA)이 추진하는 초거대 AI 기반 보건의료 서비스 지원...,https://www.etoday.co.kr/news/view/2571814,6,,1
[마켓인] AI 투자 늘었다더니…‘리벨리온’ 착시 였나,"최근 대규모 프리IPO를 성공적으로 마치며 3조원대 중후반 수준의 기업가치를 인정받았고, 시장에서는 2027년 상장을 목표로 증시 입성을 준비 중인 것으로 보고 있다. 국내 AI 투자는 수치만 놓고 보면 뚜렷한...",http://www.edaily.co.kr/news/newspath.asp?newsid=01544886645413824,4,,1
"[글로벌 비즈 브리핑] 버핏도 '사모신용' 위험 경고…""극장서 불나면 먼...",中 AI 열풍에 돈다발...홍콩 IPO 5년 만에 최대 중국 인공지능(AI) 및 기술 기업들의 상장 열풍에 힘입어 홍콩 증시의 기업공개(IPO) 시장이 5년 만에 최대 규모를 기록했습니다. 영국 파이낸셜타임스(FT)는 5일(현지시간)...,https://biz.sbs.co.kr/article_hub/20000302414?division=NAVER,4,,1
中 AI 열풍에 돈다발…홍콩 IPO 5년 만에 최대,중국 인공지능(AI) 및 기술 기업들의 상장 열풍에 힘입어 홍콩 증시의 기업공개(IPO) 시장이 5년 만에 최대 규모를 기록했습니다. 영국 파이낸셜타임스(FT)는 5일(현지시간) 시장 조사 업체 딜로직과 LSEG  자료를...,https://biz.sbs.co.kr/article_hub/20000302411?division=NAVER,4,,1
CNBC 보도 인용 '스페이스X 2조달러 가치 IPO 신청' 주장 확산,최대 IPO'를 추진하며 향후 첫 1조달러 비트코인 기업이 등장할 수 있다고 주장했다. 다만 게시물에는 스페이스X의 비트코인 보유 규모나 관련 공식 문서는 함께 제시되지 않았다. 시장에서는 대형 기술기업의 상장...,https://www.tokenpost.kr/news/breaking/346863,5,,1
월가황제 다이먼 “파티 망칠 ‘스컹크’는 인플레…유가발 침체 경고”,"또한 최근 증시가 사상 최고치 근처에 있음에도 기업들의 상장(IPO)이 활발하지 않은 점도 지적하며, 사모펀드 투자 보유 기간이 평균 7년으로 늘어난 점을 그 배경으로 꼽았다.",http://www.edaily.co.kr/news/newspath.asp?newsid=01285766645413824,4,,1
"中 파운드리·메모리·AI칩 기업, 줄줄이 사상 최대 매출","지난해 말부터 중국 AI 칩 업체인 무어스레드, 메타X, 비렌 등이 상장한 데 이어 메모리 업체인 CXMT는 상반기, YMTC는 하반기 상장에 나선다. IPO로 확보한 자금을 설비와 연구·개발(R&D) 투자에 쏟아 선두 주자를...",https://www.chosun.com/economy/tech_it/2026/04/07/WWNO4JH7XZFAXPPEFL6QLGXD5Q/?utm_source=naver&utm_medium=referral&utm_campaign=naver-news,4,,1
"'코닥어패럴·말본' 하이라이트브랜즈, IPO 공식화 … 주관사 선정","코닥어패럴, 말본, 시에라디자인 등 다양한 브랜드를 운영하는 하이라이트브랜즈가 기업공개(IPO)를... 이준권 하이라이트브랜즈 대표는 ""상장은 지속가능한 성장 기반을 한층 공고히 하기 위한 과정""이라며, ""실질적인...",http://www.worktoday.co.kr/news/articleView.html?idxno=83473,4,,1
"[파워인터뷰] 로킷헬스케어, 유석환 회장 ""당뇨발에서 적응 확장 속도....","코스닥 상장 1년, 괄목할 성장은? ▶열심히 살고 있고요. IPO를 했으니까 공기업이나 마찬가지니까 제일 중점을 뒀던 것은 약속을 지키려고 노력을 했습니다. 그래서 IPO 당시에 저희는 바이오 기업이지만 흑자전환을...",http://www.paxetv.com/news/articleView.html?idxno=268666,6,,1
"다이먼 JP모건 회장 ""인플레로 금리 오르면 금융시장 위축될 것""","시장 상황이 좋을 때 기업상장(IPO)을 통해 차익 실현을 해야 하는데, 같은 업계나 다른 펀드(컨티뉴에이션 펀드)로 넘겨서 투자한 지분을 계속 보유하고 있는 것을 지적한 것이다. 이 경우 엑시트 타이밍을 놓쳤거나, 매도...",https://view.asiae.co.kr/article/2026040622364793988,6,,1
"""머지않아 결론""…'부정거래 혐의' 방시혁, 다시 압수수색 될까? 경찰, ...","현재 방 의장은 하이브 상장 전 투자자, 벤처캐피털(VC) 등 기존 투자자들에게 기업공개(IPO) 계획이 없다고 속이고 그의 지인이 설립한 사모펀드(PEF)에 지분을 팔게 한 혐의를 받고 있다. 투자자들은 상장 계획이 없다는...",https://www.topstarnews.net/news/articleView.html?idxno=16027234,4,,1
"오픈AI, 상장 추진 둘러싼 내부 이견 표면화…투자 확대 속 재무 부담 논...","IPO 추진 역시 중요한 변수로 꼽힌다. 상장을 통해 대규모 자금을 확보할 수 있지만, 동시에 외부 투자자에 대한 책임과 실적 압박이 커질 수 있기 때문이다. 특히 기술 기업의 경우 성장 기대가 높을수록 시장 변동성에...",http://www.bizwnews.com/news/articleView.html?idxno=132626,5,,1
"오픈AI, IPO 앞두고 내부 갈등...올트먼 '연내 상장' vs CFO '준비 부족'",이는 연내 IPO를 추진하고 있는 샘 올트먼 CEO의 전략과 충돌한다. 올트먼은 공격적인 투자와 함께 상장을 통해 자금을 확보해야 한다는 입장이다. 두 사람의 이견은 조직 내부 긴장으로 이어지고 있다. 올트먼 CEO가 주요...,https://www.thepublic.kr/news/articleView.html?idxno=300092,4,,1
[올댓차이나] 홍콩 IPO 1분기 21조원 조달·490%↑…AI 주도 5년래 최대,1분기 전년 동기 대비 150% 급증한 40개 기업이 홍콩 증시에 상장했으며 조달액은 490% 격증했다. 누적 IPO 금액이 1000억 홍콩달러 돌파까지 소요된 기간은 78일로 역대 최단이다. 전 세계에서는 1분기 IPO로 400억...,https://www.newsis.com/view/NISX20260406_0003580057,5,,1
“스페이스X 주식 어떻게 사?” 벌써 투자자 관심 폭발…상장 후엔 이미...,[로이터] 우주항공 기업 스페이스X의 기업공개(IPO)가 6월로 가시화되면서 상장 초기 투자를 둘러싼 관심이 커지고 있다. 전체 지분의 5% 미만 수준만 유통될 것으로 전망되면서 상장 이후 적은 유통 물량을 둘러싼 매수...,https://biz.heraldcorp.com/article/10710895?ref=naver,5,,1
라인야후 품에 안기는 카카오게임즈...라이온하트스튜디오 IPO 힘 얻을까,"중복상장 우려 해소...IPO 재추진 동력? 카카오게임즈의 최대주주 변경을 앞두고 자회사인 라이온하트스튜디오의 IPO 가능성이 대두됐다. 카카오게임즈가 카카오 계열에서 벗어나 라인야후에 편입되게 되면, 중복상장...",https://www.techm.kr/news/articleView.html?idxno=150862,4,,1
"'역대 최대' 스페이스X IPO, 韓 개미 투자 길 연다",해당 공모주는 6월 말 나스닥 상장 예정인 스페이스X. 금융투자업계에 따르면 미래에셋증권은... 미래에셋증권의 스페이스X IPO 참여 배경은 장기적 협력 관계. 미래에셋증권은 2022년부터 2개년에 걸쳐 한화 약 4100억원을...,https://www.sentv.co.kr/article/view/sentv202604060137,5,,1
"[AI는 지금] 오픈AI·앤트로픽, 모델 경쟁 '가속'…IPO 시장선 투자 온도...",다리오 아모데이 앤트로픽 CEO (사진=위키커먼스) 오픈AI 내부에서는 IPO 시기를 둘러싼 긴장감도 감지된다는 보도도 이어졌다. 5일 디인포메이션 보도에 따르면 샘 알트먼 오픈AI 최고경영자(CEO)는 상장을 서두르지만...,https://zdnet.co.kr/view/?no=20260406165836,4,,1
수익률 '세 자릿수' 기본…스페이스X 기대감 '우주 ETF' 불 붙는다,"스페이스X의 공모주 발행 규모는 750억 달러(약 113조 원)로, 전세계 IPO 역사상 최대 규모인 아람코(294억달 러)를 훌쩍 뛰어넘는다. 블룸버그는 스페이스X 상장이 성공적으로 마무리될 경우 S&P500 내에서 시가총액...",https://www.news1.kr/finance/general-stock/6127186,5,,1
10조 몸값 노리는 무신사… 자회사 적자·리스크 관리 '상장 변수',"무신사가 이르면 하반기 기업공개(IPO)를 추진하는 가운데, 상장 시 최대 10조원 수준의 기업가치를 인정받을 수 있을지 관심이 쏠린다. 외형 성장과 영업이익 개선에는 성공했지만, 자회사 적자 누적과 각종 행정...",https://it.chosun.com/news/articleView.html?idxno=2023092159906,4,,1
기관이 잠가 올린 IPO 주가…락업 해제 후 옥석 가린다,확약 비중 높을수록 상장 직후 매도물량 감소 효과 초기 급등 이후엔 실적·성장성 따라 주가 향방 갈려 최근 기업공개(IPO) 시장에서 신규 상장주가 공모가를 크게 웃도는 흐름이 이어지고 있다. 다만 상장 초반 주가가...,https://www.asiatoday.co.kr/view.php?key=20260406010001697,6,,1
"오픈AI 상장 두고 경영진 이견…""올해 상장"" vs ""시기상조""",오픈AI의 상장 시기를 두고 경영진 내에서 이견이 나오고 있는 것으로 전해졌다.사라 프라이어 오픈AI... 막대한 지출에 따른 재무적 위험이 존재하는 점과 기업공개(IPO)를 준비하기 위해 필요한 조직적·절차적...,https://www.asiatoday.co.kr/view.php?key=20260406010001757,4,,1
"미래에셋, 스페이스X 50억弗 공모 물량 확보",미국의 IPO 제도 차이가 제약으로 작용할 수 있다. 금융당국은 미국과 국내에서 동시 공모가 가능한지 법률 검토를 진행한 뒤 가이드라인을 전달할 예정이다. 공모 후 투자에는 리스크 요인도 있다. 해외 상장주는 가격...,http://www.segyebiz.com/newsView/20260406516924?OutUrl=naver,5,,1
"본토 규제 피해 AI 기업 몰려…홍콩증시, 5년만에 최대 호황",홍콩 IPO 심사 기준이 강화돼 상장 절차가 다소 지연되는 점도 영향을 미쳤다. 베이징 내 벤처캐피털의 한 투자 매니저는 FT에 “포트폴리오 기업 가운데 AI·양자컴퓨팅 관련 회사가 상하이 스타마켓 상장을 고려하고...,https://www.hankyung.com/article/2026040625111,4,,1
'모험' 잃은 벤처 AI·반도체만 투자,"AI 반도체 기업 리벨리온은 지난달 6400억원 규모의 프리기업공개(IPO) 투자 유치를 마무리했다.... 한 VC 대표는 “벤처투자를 장려한 결과 자금 공급은 넘치지만 인수합병(M&A) 시장 부재, 모자기업 중복 상장 제한...",https://www.hankyung.com/article/2026040625211,4,,1
"[단독] 벤처펀드 올해 17조 회수 막막해지자…""민간자금으로 돌려막기""","올해 17조원에 육박하는 벤처펀드의 만기가 돌아오지만, 기업공개(IPO) 등을 통한 자금 회수는... 세컨더리 펀드 투자 규모를 늘려 미성숙 기업의 조기 상장에 따른 폐해도 방지한다는 방침이다.",https://www.hankyung.com/article/2026040625231,4,,1
"미래에셋증권 국내서 '스페이스X' 공모주 추진, 개인투자자 역대 최대 ...",6일 금융투자업계에 따르면 미래에셋증권은 6월 상장 예정인 스페이스X IPO에 참여해 국내 기관 투자자 등을 대상으로 공모주를 공급하는 방안에 관한 법률 검토에 착수했다. 회사는 구체적 공모 방식을 확정한 뒤 참여...,https://www.businesspost.co.kr/BP?command=article_view&num=435082,5,,1
"""전기차 충전소 수익, 고배당으로 나눌 것""",최 대표는 기업공개(IPO) 과정에서 가장 힘들었던 점으로 '기준이 없는 길'을 만드는 여정을 꼽았다. 국내에 밸류에이션을 비교할 만한 상장사가 없다 보니 채비의 상장이 곧 산업 전체의 첫인상이 된다는 점이 부담으로...,https://www.mk.co.kr/article/12009417,4,,1
"에티버스그룹 이노그리드, 1년 만에 NHN 품으로 가나…IPO 구상 변수",IPO)까지 염두에 둔 성장 전략을 검토해 온 것으로도 알려졌다. 이노그리드가 클라우드 풀스택 기술을 보유한 점을 바탕으로 그룹 내 클라우드 사업 핵심 축으로 육성하고 이를 통해 기업가치를 끌어올린 뒤 상장까지...,https://zdnet.co.kr/view/?no=20260406173212,4,,1
2분기 IPO 시장 '찬바람' 예고... 대형 딜 실종 속 '당국 눈치보기' 이어...,"6일 녹색경제신문 취재에 따르면, 올해 IPO 시장은 금융당국의 중복상장 규제 강화 기조와 지정학적 리스크가 맞물리며 위축된 흐름을 보인다. 업계에서는 중복상장 가이드라인이 확정되기 전까지 이 같은 관망세가...",https://www.greened.kr/news/articleView.html?idxno=338901,5,,1
'컬리 대표 남편' 성추행 선고 7일 예정... 성장에 독 될까?,지난 2021년 컬리는 IPO를 준비하며 4조원의 기업가치를 인정받고 이듬해 한국거래소 상장 예비심사를 통과했다. 다만 연간 영업손실이 늘자 컬리는 2023년 1월 IPO를 연기했다. 현재 흑자전환에 성공한 컬리가 IPO를...,https://www.greened.kr/news/articleView.html?idxno=338900,4,,1
"스페이스X, IPO 韓 투자 문 열린다…""엔비디아 꺾고 시총 1위"" 전망도",6일 금융투자업계에 따르면 미래에셋증권은 6월 상장 예정인 스페이스X IPO의 조(兆) 단위 공모주 물량을 확보해 국내 기관과 전문투자자 등을 대상으로 공모주를 공급할 예정이다. 스페이스X는 일론 머스크가 설립한...,https://news.tvchosun.com/site/data/html_dir/2026/04/06/2026040690262.html,5,,1
[더밸류 브리핑] 자산운용사 소식…이지스자산운용·BNK자산운용,"회사는 이 같은 IPO와 상장 이후 투자 경험, 기업 분석 역량을 신규 상품에도 반영하겠다고 밝혔다. 시장 환경도 우호적으로 보고 있다. 정부와 금융당국이 코스닥 시장 신뢰 회복과 모험자본 활성화를 위해 BDC와...",http://www.thevaluenews.co.kr/news/view.php?idx=197924,7,,1
"NH투자증권, 1분기 DCM·IPO 동시 1위…'IB 명가' 존재감 되살렸다","IPO 대어가 제한적인 상황에서 NH투자증권이 3조원대 대어 케이뱅크의 코스피 상장을 주관하며 존재감을 입증했다는 평가다. NH투자증권 관계자는 ""시장 위축으로 전체 발행 물량이 줄어든 가운데, 대형...",http://www.wikileaks-kr.org/news/articleView.html?idxno=185982,6,,1
"[데일리픽] 스페이스X, 연내 IPO 추진…'비트코인 반감기' 이제 없나",■ 스페이스X 상장 추진·달 탐사 재개…우주항공 관련주·ETF 주목 스페이스X의 기업공개(IPO) 추진과 달 탐사선 아르테미스 2호의 발사 성공이 맞물리면서 국내 증시에서 우주항공 관련 수혜주와 상장지수펀드(ETF)가...,https://www.digitaltoday.co.kr/news/articleView.html?idxno=653887,4,,1
스페이스X 투자 유치전…우주항공 ETF 베끼기 판친다,스페이스X가 기업공개(IPO) 절차를 밟으면서 국내에서 미국 우주항공 테마 상장지수펀드(ETF) 출시가 잇따르고 있다. 이번 IPO가 사상 최대 규모가 될 것이라는 기대감이 높아지자 관련 투자 수요를 선점하려는...,http://www.edaily.co.kr/news/newspath.asp?newsid=04552646645413496,4,,1
코스닥 중복상장 심사 올스톱···속타는 증권사들,정부의 중복상장 금지 기조가 코스닥으로 확대 적용되면서 대신증권과 교보증권이 상장주관을 맡은 IPO기업 4개의 상장예비심사가 사실상 멈춰있다. 대신증권과 교보증권은 중복상장 논란에도 한국거래소의 올해 1분기...,https://www.sisajournal-e.com/news/articleView.html?idxno=420300,9,,1
"[마키나락스 IPO] 최대 2600억 몸값, 투자자 인정 받을까",상장주관사인 미래에셋증권은 마키나락스가 이익미실현 기술특례 상장을 추진 중인 만큼 2027년 흑자전환 이후 수익이 본격화할 것으로 예상되는 2028년 추정 당기순이익(158억7000만원)을 기초로 삼았다. 그 동안...,https://www.topdaily.kr/articles/109524,5,,1
"LS파워솔루션 인수 효과 본 LS일렉트릭, 추가 지분 확보 나설까","당초 LS파워솔루션의 IPO(기업공개)를 통해 LB PE가 투자금을 회수할 것으로 예상됐지만, 모자회사 중복상장 제한 이슈로 상장은 사실상 어려워진 상태다. 업계 일각에서는 해외 상장 역시 쉽지 않다는 점을 고려했을...",https://www.sisajournal-e.com/news/articleView.html?idxno=420298,4,,1
"상장 기업 수 '반토막'···IPO 시장, 코스닥 중소형주 '선별 흥행'","6일 한국거래소 기업공시채널(KIND)에 따르면 올해 1분기 IPO 시장에서 신규 상장한 기업은 스팩·코넥스를 제외하면 9개사로 집계됐다. 공모금액은 7721억원에 그쳤다. 지난해 1분기 23개사, 공모금액 1조8430억원과...",https://www.seoulfn.com/news/articleView.html?idxno=625736,6,,1
[퇴근길 7분 뉴스] 가업상속공제·유령코인·풍산·스페이스X,"◇스페이스X 국내서 청약 가능?…미래에셋, 법률 검토 착수 미래에셋증권이 오는 6월 상장 예정인 스페이스X의 기업공개(IPO)에 참여해 국내 투자자에게 공모주를 공급하는 방안을 추진하고 있다. 금감원에 증권신고서를...",https://news.dealsitetv.com/articles/168163,10,,1
"머스크의 다음 카드 ‘우주 데이터센터’, 실현 가능성은","일론 머스크가 이끄는 스페이스X가 기업공개(IPO) 절차에 본격 착수한 것으로 알려진 가운데, 향후 핵심... 커스틴 코로섹은 “상장을 앞둔 기업이 우주 데이터센터를 추진한다고 하면 투자자들은 제약 조건보다 미래...",https://zdnet.co.kr/view/?no=20260406153529,4,,1
"'코스닥 특례', 채비 1890억 적자 누적… 최대주주 보증·풋옵션 3300억",다만 채비는 지난 2월 상장 완료 시에는 적격상장 요건을 충족하지 못하더라도 풋옵션 조항을 소멸시키는 변경합의를 체결했다. 풋옵션이 발동될 가능성을 낮춘 것이지만 IPO가 PEF는 물론 채비와 최대주주...,https://www.mt.co.kr/stock/2026/04/06/2026040616034295855,6,,1
오픈AI CEO·CFO가 IPO 시기로 의견 차 보여,"한편, 오픈AI는 이미 주요 로펌 및 투자은행과 접촉하며 IPO 준비 작업에 착수한 상태다. 실제 상장 시점은 투자자 확보 상황과 주요 파트너인 아마존·엔비디아 등의 이해관계에 따라 달라질 수 있다.",https://www.aitimes.com/news/articleView.html?idxno=208830,7,,1
공모주 시장 ‘양보다 질’ 재편…1분기 IPO 9곳 그친 이유,"금융당국의 기업공개(IPO) 심사 기준 강화와 ‘모·자회사 중복상장’ 규제 여파로 대기업 계열사들의 상장 철회가 이어진 가운데 시장에서는 단순한 IPO 비수기가 아닌, ‘상장 가능 기업’이 걸러지는 구조적 변화란...",https://ilyo.co.kr/?ac=article_view&entry_id=510290,5,,1
중복상장 규제에 막힌 로봇 IPO... HD현대·HL '자금·성장' 이중 압박,"하지만 중복상장 규제 논의가 본격화되면서 IPO 절차는 사실상 중단된 상태다. 업계에서는 상장 예비심사 청구 일정이 지연되는 것을 넘어, IPO 철회 가능성까지 거론하고 있다. 대신증권은 지난 2일 보고서를 통해...",https://www.greened.kr/news/articleView.html?idxno=338896,4,,1
[인터뷰] 오재근 코아칩스 대표 “DX는 기술을 넘어 문화이자 문명… 전...,IPO의 핵심은 '지속 가능성' IPO를 준비하는 과정에서 가장 중요하게 생각하는 가치로 오 대표는 '지속 가능성... 상장 이후 그리는 회사상에 대해서도 “대표가 없어도 100년 이상 존속할 수 있는 회사”를 언급했다....,https://www.etnews.com/20260406000399,4,,1
中 주요 반도체 업체 전 분야에서 사상 최대 매출... AI 붐과 칩 자립화...,"지난해 말부터 중국 AI 칩 업체인 무어스레드, 메타X, 비렌 등이 상장한 데 이어 메모리 업체인 CXMT는 상반기, YMTC는 하반기 상장에 나선다. IPO로 확보한 자금을 설비와 연구·개발(R&D) 투자에 쏟아 선두 주자를...",https://www.chosun.com/economy/tech_it/2026/04/06/DXAQMF5IINEMHEJ2I6ZUXJ4IRY/?utm_source=naver&utm_medium=referral&utm_campaign=naver-news,4,,1
스페이스X IPO 국내 문 열리나…투자기회 확대 vs '국장 복귀' 엇갈린 셈...,이투데이=심영주 기자 | 스페이스X 기업공개(IPO)가 국내 투자자에게도 열릴 가능성이 커지면서 시장 관심이... 현재 스페이스X는 지난 1일 미국 증권거래위원회(SEC)에 비공개 상장 신청서를 제출한 상태다. 문제는...,https://www.etoday.co.kr/news/view/2573126,4,,1
스페이스X IPO 기대에 우주 ETF 확대···투자 테마 부상,스페이스X 기업공개(IPO) 기대와 달 탐사 프로젝트 재개가 맞물리며 우주 산업이 자본시장의 새로운 투자 테마로 부상하고 있다. 자산운용사들도 관련 상장지수펀드(ETF)를 잇따라 선보이며 시장 선점 경쟁에 나서는...,https://www.seoulfn.com/news/articleView.html?idxno=625720,4,,1
"[장외시황] 무신사, 1.05% 상승",6일 기업공개(IPO) 관련 상장 예비심사 청구종목으로 휴대용 엑스레이 장치 전문기업 레메디가 전거래일과 동일한 호가였다. 상장 예비심사 승인종목으로 의료용 웨어러블 로봇 전문업체 코스모로보틱스와...,https://www.etoday.co.kr/news/view/2573164,4,,1
"LG전자, 공들인 글로벌 사우스로 美 25% 관세 정책 이겨낼까",지난해 10월 상장까지 완료한 LG전자 인도법인은 안드라프라데시 스리시티에 3번째 공장을 현재 건설... 지난 10월 IPO 당시 조주완 LG전자 전 CEO는 ▲'인도를 위해 만드는(Make for India)' ▲'인도에서 만드는(Make in India)...,https://www.econovill.com/news/articleView.html?idxno=736222,4,,1
"아이티버스, IPO 준비 막바지…상장 가시성 확대","아이티버스가 기업공개(IPO)를 위한 주요 준비를 마무리하며 상장 추진이 가시권에 들어섰다는 평가가 나오고 있다. 업계에 따르면 아이티버스는 통일주권 발행 등 필수 절차를 완료하고, 주관사 선정 및 협의를 진행하는...",https://www.koreadaily.com/article/20260406000929638,4,,1
"""스페이스X IPO 참여=그록 구독""…머스크, 상장 앞두고 끼워팔기 논란","IPO에는 뱅크오브아메리카, 씨티그룹, 골드만삭스, JP모건, 모건스탠리 등이 참여하는 것으로 전해졌다. 다만 대표 주관사는 아직 정해지지 않았다. 스페이스X는 최근 미국 증권거래위원회(SEC)에 비공개로 예비 상장심...",https://www.thepublic.kr/news/articleView.html?idxno=300052,4,,1
"시진핑이 아끼는 로봇기업 유니트리, IPO 속도 낸다…9000억원 조달",시진핑 중국 국가주석이 직접 격려한 중국의 유니트리가 순수 휴머노이드 기업 중 처음으로 기업공개(IPO... 6일 업계에 따르면 유니트리는 최근 ‘중국의 나스닥’으로 불리는 커촹반에 상장하겠다는 신청서를...,https://www.hankyung.com/article/2026040609381,4,,1
"백준호 ""터보퀀트가 메모리 효율의 시작…반도체 수요 확대될 것""",한편 퓨리오사AI와 함께 대표적 국내 반도체 스타트업으로 꼽히는 리벨리온은 프리IPO(상장 전 투자유치)를 통해 6400억원을 유치했다고 최근 발표했다. 이 과정에서 기업가치를 3조4000억원으로 인정받았다....,https://www.hankyung.com/article/2026040609471,4,,1
"하이라이트브랜즈, IPO 공식화…해외 사업 확대 본격화",김경희 기자 | 하이라이트브랜즈가 기업공개(IPO)를 추진한다. 상장 주관사로 신한투자증권을 선정했다고 6일 밝혔다. 향후 일정은 시장 환경과 회사 계획 등을 종합적으로 고려해 진행될 예정이다. 2019년 설립된...,http://digitalchosun.dizzo.com/site/data/html_dir/2026/04/06/2026040680147.html,4,,1
가상자산 '5분마다 잔고검증' 의무화…금융사 수준 내부통제 격상,"당초 연내로 추진하던 코스닥 상장 계획은 2028년 이후로 연기됐다. 빗썸 관계자는 ""삼정KPMG와 자문계약을 체결해 회계정책 검토 및 내부통제 강화 등 기업공개(IPO)를 위한 사전준비를 2027년 말까지 진행할 예정""이라며...",https://www.newspim.com/news/view/20260406000997,10,,1
"[주간투자동향] 리벨리온, 6400억 원 규모 프리IPO 투자 유치 外","현재 메이사는 한국항공우주산업(KAI)을 전략적 주주로 두고 우주, 국방 AI 영역에서 기술 적용 범위를 넓히며 글로벌 사업 기회를 모색하고 있으며, 2026년 하반기 IPO를 목표로 상장 준비에도 박차를 가하고 있다....",https://it.donga.com/108684/,4,,1
[더벨][피스피스스튜디오 넥스트스텝] 상장 앞두고 체력 시험대…5000억...,피스피스스튜디오가 기업공개(IPO)를 앞두고 수익성과 운영 효율성 지표에서 동시에 변곡점을 맞았다. 과거... 시장에서는 IPO 과정에서 5000억원 안팎의 기업가치가 거론되면서 최근 지표 흐름을 감안할 때 이를 정당화할...,https://www.thebell.co.kr/free/content/ArticleView.asp?key=202604021416241160106333,4,,1
[공시학개론] 공모주 관심있는 투자자라면…거래소 'KIND' 주목,"특히 카인드는 'IPO 현황' 카테고리를 통해 상장 예정 기업의 개요, 공모 일정, 공모 금액, 주관사 배정 등을 한눈에 제공하고 있습니다. 이는 다트에서 증권신고서를 직접 분석해야 얻을 수 있는 정보입니다. ◇ IPO의...",https://www.ajunews.com/view/20260406150709006,4,,1
"영국, 미국 정부에서 퇴출된 앤트로픽 끌어안기에 나서","특히 이번 움직임은 앤트로픽이 이르면 올해 기업공개(IPO)를 추진할 것으로 예상되는 시점과 맞물려 더 주목된다. 영국 정부 관계자는 ""이상적인 시나리오는 앤트로픽이 영국과 미국에 동시 상장하는 것""이라면서도...",https://www.aitimes.com/news/articleView.html?idxno=208828,4,,1
브랜드 포트폴리오 구축 및 확대 통해 기업가치 높인다,㈜하이라이트브랜즈는 기업공개(IPO)를 공식화하며 주관사로 신한투자증권을 선정했다. 이번 주관사 선정은 상장을 위한 초기 단계의 절차다. 향후 일정 및 구조는 시장 상황과 회사의 전략적 방향성 등을 종합적으로...,https://www.cstimes.com/news/articleView.html?idxno=700950,4,,1
"[보스턴다이내믹스 상장-②] ""아틀라스가 띄운 새 게임""...휴머노이드 I...","현대차그룹 입장에서 보스턴다이내믹스 IPO는 단순한 계열사 상장이 아니다. 상장 자금과 구주매출 대금이 결합될 경우, 그룹이 그동안 미뤄왔던 지배구조 개편 재원을 한 번에 마련할 수 있기 때문이다. 동시에 글로벌...",https://www.handmk.com/news/articleView.html?idxno=36935,4,,1
"세제혜택 제공…BNK자산운용, BNK코스닥벤처증권투자신탁 출시",BNK자산운용은 벤처기업과 코스닥 상장(예정) 기업에 투자하는 ‘BNK코스닥벤처펀드’를 출시한다고 6일... “검증된 IPO 운용 역량을 바탕으로 코스닥 벤처 투자 시장의 새로운 기준을 제시하겠다”고 말했다.,https://www.ddaily.co.kr/page/view/2026040315423836496,6,,1
"오픈AI CEO-CFO, 상장 시기 이견…""연내상장"" vs ""시기상조""","한편, 올트먼 CEO가 연내 IPO를 추진하는 데는 경쟁자인 앤트로픽보다 빨리 상장해야 한다는 이유도 있는 것으로 알려졌다. 반면 다리오 아모데이 앤트로픽 CEO는 지난 2월 한 팟캐스트에 출연해 ""예상대로 기술의 발전...",http://www.newsfc.co.kr/news/articleView.html?idxno=77902,4,,1
"美 억만장자 ""AI, 안 하면 망하고, 해도 문제""…딜레마 경고","[사진: 셔터스톡] 인공지능(AI)이 기업공개(IPO)와 상장 기업 가치에 미치는 영향이 커지면서, 기업들이 혁신과 현상 유지 사이에서 선택을 강요받는 '딜레마'에 직면했다. 6일(이하 현지시간) 비즈니스인사이더에...",https://www.digitaltoday.co.kr/news/articleView.html?idxno=653890,4,,1
"경찰 ""김병기 일부 혐의 먼저 송치""…신병 확보는 검토",방 의장은 지난 2019년 기존 하이브 투자자들에게 기업공개(IPO) 전 상장 계획이 없다고 속인 뒤 자신과 관계 있는 사모펀드가 설립한 특수목적법인(SPC)에 지분을 팔도록 한 혐의를 받는다. 경찰은 방 의장이 이후 실제로...,https://news.tf.co.kr/read/life/2310001.htm,4,,1
“스페이스X 상장 후 테슬라까지 삼킬 것”…‘조만장자’ 머스크 현실...,“그록 구독해야 IPO 참여”…논란 속 2조달러 기업 노려 스페이스X 상장을 둘러싼 잡음도 이어지고 있다. 뉴욕타임스에 따르면 머스크는 IPO 과정에 참여하는 투자은행과 자문사 등에 xAI의 챗봇 ‘그록’ 구독을...,https://www.sedaily.com/article/20028821?ref=naver,8,,1
"홍콩 IPO, 중국 AI 열풍에 ‘5년래 최대’","이투데이=김해욱 기자 | 1분기 자금조달 규모 132.6억달러 즈푸ㆍ미니맥스, 상장 후 400% 이상 폭등 홍콩 기업공개(IPO) 시장이 중국의 인공지능(AI)·기술기업들의 상장 열기에 힘입어 5년 만에 최대 규모를 기록한 것으로...",https://www.etoday.co.kr/news/view/2573090,5,,1
"'코닥어패럴 운영' 하이라이트브랜즈 상장 추진...""해외사업 확장""","패션 브랜드 코닥어패럴과 말본골프 등을 운영하는 하이라이트브랜즈가 기업공개(IPO)를 추진하고 해외... 이준권 하이라이트브랜즈 대표는 ""상장은 지속가능한 성장 기반을 공고히 하기 위한 과정으로, 실질적인...",http://www.fnnews.com/news/202604061420280587,4,,1
"신한투자증권, 하이라이트브랜즈 IPO 주관사 선정","6일 금융투자업계에 따르면 하이라이트브랜즈는 IPO 주관사로 신한투자증권을 선정했으며 향후 상장 일정과 구조는 시장 상황 등을 고려해 결정될 예정이다. 하이라이트브랜즈는 코닥어패럴, 말본 등 10개 브랜드를...",http://www.press9.kr/news/articleView.html?idxno=74630,5,,1
"오픈AI 경영진, IPO 시기 놓고 이견… “연내 상장” vs “아직 이르다”",한편 올트먼 CEO가 상장을 서두르는 배경에는 경쟁사 앤트로픽보다 먼저 IPO를 추진하려는 판단도 작용한 것으로 전해졌다. 반면 앤트로픽의 다리오 아모데이 CEO는 기술 발전 속도와 매출 성장 간 괴리를 지적하며...,https://biz.chosun.com/it-science/ict/2026/04/06/3LQLGQUBHBA6HHYVTBQMO2N4SQ/?utm_source=naver&utm_medium=original&utm_campaign=biz,4,,1
벤처캐피탈(VC)과 엑시트(Exit),IPO는 회사의 주식을 코스닥이나 나스닥 같은 주식시 장에 상장하여 자본시장에서 누구나 회사의 주식이 거래될 수 있게 하는 것이다. 상장을 통하여 회사는 대규모 자금조달이 가능하고 성장의 발판을 마련할 수...,https://www.m-economynews.com/news/article.html?no=66114,10,,1
"'EV 충전 인프라 1위' 채비, 코스닥 상장 추진…'적자·실적 변동성' 해...",사진=채비 전기차 충전 인프라 시장 1위 업체인 채비가 코스닥 상장에 나선다. 적자 구조와 사업 변동성 해소 여부는 IPO 흥행 여부를 좌우할 핵심 변수로 꼽힌다. 6일 투자은행(IB) 업계에 따르면 채비는 오는 10일부터...,https://daily.hankooki.com/news/articleView.html?idxno=1355336,10,,1
"[더벨][Product Tracker] 동아특수금속, 한투→NH증권 주관사 변경…하반...",그러다 지난해 한국투자증권 IPO IB1그룹 인력이 교체되면서 상장 스케줄을 변경해야 하는 처지에 놓였다. IB1그룹 내에서 동아특수금속을 담당하던 팀이 인력 조정 및 퇴사로 모두 교체된 것으로 전해진다. 실사까지...,https://www.thebell.co.kr/free/content/ArticleView.asp?key=202604021104252200101754,4,,1
"[사회혁신발언대] 사회적기업이 자본시장에서 힘들 때, 고용노동부는 어...","스케일업과 투자, 프리IPO, 상장 이후까지 이어지는 성장 경로를 정책적으로 조망해야 한다. 둘째, 사회적기업의 가치가 시장에서 번역될 수 있는 중간언어를 만들어야 한다. 사회성과 사업성이 어떻게 결합해 장기...",https://futurechosun.com/?p=146488,4,,1
"하이라이트브랜즈, IPO 공식화…브랜드 운영 역량 기반 성장 가속",6일 업계에 따르면 하이라이트브랜즈는 IPO 주관사로 신한투자증권을 선정했다. 이번 선정은 상장을 위한 초기 절차로 향후 일정과 구조는 시장 상황과 회사 전략 등을 종합적으로 고려해 결정될 예정이다. IPO는 중장기...,https://www.mt.co.kr/living/2026/04/06/2026040613321085967,4,,1
"아이티버스, 상장 절차 본격화?","아이티버스가 기업공개(IPO)를 위한 상장 절차를 본격화하고 있는 것으로 나타났다. 업계에 따르면 아이티버스는 통일주권 발행 등 상장을 위한 핵심 사전 절차를 완료했으며, 국내 주요 증권사와의 주관사 선정 및 계약...",https://www.rcast.co.kr/news/articleView.html?idxno=30448,7,,1
이번주 IPO 일정 없어... 채비 수요예측 돌입,"경향을 보이고 있지만, 동시에 단기 수급에 따른 주가 변동성도 커진 상태다. 한편, 채비의 이번 상장은 단순히 한 기업의 IPO를 넘어 전기차 충전 인프라 산업에 대한 시장의 평가를 가늠해볼 수 있는 시험대가 될 전망이다.",http://www.joseilbo.com/news/news_read.php?uid=566025&class=53&grp=,5,,1
AI 열풍에 돈 몰렸다… 홍콩 IPO 5년 만에 최대,"금융정보업체 딜로직과 영국증권거래소그룹(LSEG)에 따르면 2026년 1분기 홍콩에서 IPO와 추가 상장을 통해 조달된 자금은 130억 달러(약 19조7000억원)에 달했다. 이는 2021년 이후 최대치로, 같은 기간 나스닥...",https://biz.chosun.com/international/international_economy/2026/04/06/BED4HNUP25AT5LIYE44E7AQZDQ/?utm_source=naver&utm_medium=original&utm_campaign=biz,6,,1
[기업家] LS그룹 ㅣ '전력 인프라 등 방점…데이터센터 시대 맞춰 전방...,"● 2026-03-26 명노현 LS 부회장 ""중복상장 없이도 투자 여력 충분""…에식스솔루션즈 IPO 중단 배경 취재진 질문에 답하는 명노현 LS 부회장 (사진=연합뉴스) ㈜LS는 계열사 중복상장과 관련한 정부 방침을 따르겠다는...",https://www.cbci.co.kr/news/articleView.html?idxno=565772,4,,1
"'코닥어패럴·말본' 하이라이트브랜즈, IPO 공식화…주관사 선정","코닥어패럴, 말본 등 브랜드를 전개 중인 하이라이트브랜즈가 기업공개(IPO)를 공식화하며, 주관사로 신한투자증권을 선정했다고 6일 밝혔다. 상장을 위한 초기 단계 절차로, 향후 일정 및 구조는 시장 상황과 회사의...",https://www.widedaily.com/news/articleView.html?idxno=291723,4,,1
"'지드래곤 효과' 갤럭시코퍼, 작년 매출 2988억원…1년 만에 6배↑",증권 업계는 갤럭시코퍼레이션의 IPO(기업공개)에 관심을 높이고 있다. 회사는 지난해 투자 유치 당시 기업가치 1조원을 인정받으며 유니콘(기업가치 1조원 이상 비상장 기업)에 올랐다. 특히 이달 초 나스닥(NASDAQ)...,https://www.mt.co.kr/future/2026/04/06/2026040610094732531,4,,1
"오픈AI CEO·CFO, IPO 시기 놓고 갈등...경영진 내 긴장감 고조","한편, 올트먼 CEO가 IPO를 서두르는 배경에는 경쟁사 앤트로픽보다 먼저 상장하려는 의도도 있는 것으로 알려졌다. 앤트로픽의 다리오 아모데이 CEO는 지난 2월 한 팟캐스트에서 기술 발전 속도가 매출 증가로 바로...",https://www.ppss.kr/news/articleView.html?idxno=291504,4,,1
홍콩 증시의 화려한 부활…AI 날개 달고 나스닥 제쳤다,"홍콩 IPO 심사 기준이 강화되면서 상장 절차가 다소 지연되고 있는 점도 영향을 미치고 있다. 베이징 소재 벤처캐피털의 한 투자 매니저는 FT에 ""포트폴리오 기업 가운데 AI·양자컴퓨팅 관련 기업들이 상하이 스타마켓...",https://www.hankyung.com/article/202604061432i,4,,1
"리벨리온, 코스피 상장 추진 본격화…AI 반도체 '조 단위 IPO' 확대","6일 투자은행(IB) 업계에 따르면 리벨리온은 하반기 상장을 목표로 기업공개(IPO) 절차를 준비 중이며, 오는 8월 한국거래소에 상장 예비심사를 청구하는 방안이 유력하게 거론된다. 통상 하반기 상장을 추진하는 기업은...",http://www.seouleconews.com/news/articleView.html?idxno=90455,9,,1
"'2세 경영' 한림제약, 원료 자회사 IPO 시동…이익률 32%","이번 HL지노믹스 상장은 한림제약 자회사 가운데 첫 IPO 도전이라는 점에서 관심을 모은다. 한림제약은 작년 말 기준 HL지노믹스와 한림MS, 한림눈건강 등을 자회사로 두고 있다. 한림제약을 포함해 이들 자회사 모두...",https://new.dailypharm.com/user/news/337213?REFERER=NP,4,,1
"경찰, 김병기 신병 확보 나서나…""조만간 일부 혐의 결론""","아울러 경찰은 하이브 상장(IPO) 과정에서 1900억원대 부당 이득을 챙긴 혐의를 받는 방시혁 하이브 의장과 관련해서도 수사를 거의 마친 상태다. 박 청장은 ""방 의장 관련해서도 법리 검토가 거의 끝났고, 머지않은 시간...",https://www.news1.kr/society/incident-accident/6126618,4,,1
"[아시아라운드업 20260406] 이란 ""민간시설 공격 반복하면 더 큰 보복""",중국 AI·기술기업 상장 러시…홍콩 IPO 5년래 최대 호황- 중국 인공지능(AI) 및 기술 기업들의 상장 열풍에 힘입어 홍콩 증시의 기업공개(IPO) 시장이 5년 만에 최대 규모를 기록. 영국 파이낸셜타임스(FT)는 5일(현지시간)...,http://kor.theasian.asia/archives/404008,4,,1
한림제약 자회사 에이치엘지노믹스 '코스닥 도전',"회사는 지난해 8월 주식 액면분할, 올해 2월 외부감사인 선임, 3월 결산공고 등 통상적인 비상장사의 IPO 사전 정비 수순을 밟아왔다. 때문에 이번 IPO 예심 청구 이후 기업가치(밸류에이션) 책정에 관심이 모아진다....",https://www.dailymedi.com/news/news_view.php?wr_id=935360,7,,1
"최대 매출 쓴 크리에이츠, IPO 재도전 '청신호'","IB업계 관계자는 ""전방시장 확대와 함께 신제품 출시 등 미래 투자를 이어가고 있어 성장은 지속될 것""이라며 ""첫 상장 도전 당시 강조했던 투자 포인트들이 현실화되고 있고 실적을 개선한 점에서 IPO 재수 전망도 밝은...",https://www.the-stock.kr/news/articleView.html?idxno=32308,5,,1
스페이스X 상장 후 주가 급등해 엔비디아 꺾고 시총 1위도 가능,"상장은 6월 말로 예정돼 있고, 이번 상장에서 모두 750억달러를 조달, 사상 최대의 IPO가 될 전망이다. 이는 사우디 국영석유회사 아람코가 지난 2019년 기록한 290억달러를 크게 상회하는 규모다. 당초 상장 이후...",https://www.news1.kr/world/usa-canada/6126566,6,,1
"반도체 ‘피크아웃’ 우려 지웠나...SK하닉, 삼전 나란히 순매수 1·2위 ...",스페이스X 상장 임박?! 삼성전자·SK하이닉스에 이어 고수들이 찍은 ‘이 종목’의 정체 미래에셋증권에서... 특히 이달 1일(현지시간) 미국 현지 언론이 스페이스X가 최근 미 증권거래위원회(SEC)에 기업공개(IPO)...,https://www.sedaily.com/article/20028728?ref=naver,4,,1
스페이스X IPO 후 유통물량 제한 전망…변동성 확대 예고,"전체 지분 5% 미만 유통 전망 미래에셋, 50억弗 공모참여 검토 국내 개인, 배정구조·경쟁률 관건 우주항공 기업 스페이스X의 기업공개(IPO)가 6월로 가시화하면서 상장 초기 투자를 둘러싼 관심이 커지고 있다. 전체 지분의...",https://biz.heraldcorp.com/article/10710689?ref=naver,4,,1
"케이비엘러먼트, 파주 복지관에 사랑의 쌀·후원금 전달","기술력과 사업성을 인정받아 누적 투자액 240억 원을 유치했으며, 2027년 IPO(기술특례 상장)를 목표로 하고 있다. 아울러 지속가능한 소재 개발이라는 기업의 정체성에 발맞춰, 사회적 책임을 다하는 ESG 경영을 실천...",https://www.livesnews.com/news/article.html?no=60618,4,,1
"""그들만의 잔치 끝?""…스페이스X 공모주, 한국에도 온다 [영상PICK]","스페이스X는 우주, AI, 국방을 아우르는 사업 구조와 기술력을 바탕으로 상장 이후 성장 가능성이 높다는 평가를 받고 있다. 나스닥 편입 시 패시브 자금 유입 가능성도 거론된다. 결국 이번 IPO는 단순한 투자 기회를...",http://www.metroseoul.co.kr/article/20260406500164,4,,1
中 AI 투자 열풍…홍콩 IPO 시장 5년래 최대 호황,중국 인공지능(AI) 및 기술 기업들의 상장 열풍에 힘입어 홍콩 증시의 기업공개(IPO) 시장이 5년 만에 최대 규모를 기록했습니다. 영국 파이낸셜타임스(FT)는 5일(현지시간) 시장 조사 업체 딜로직과 LSEG  자료를...,https://biz.sbs.co.kr/article_hub/20000302232?division=NAVER,4,,1
중국 AI·기술기업 몰리자…홍콩 IPO 5년 만에 최대,이 투자운용 책임자는 홍콩 IPO에 대한 품질 관리 요건이 강화되면서 상장 및 등록 절차가 지난해보다 느려졌다고 말했다. 최근 몇 주 동안 규제당국은 IPO 열기를 완전히 꺾지는 않되 과열을 진정시키기 위해 이른바...,https://view.asiae.co.kr/article/2026040609232747259,4,,1
"英, 美 국방부와 갈등 빚은 앤트로픽에 '러브콜'","한편 앤트로픽은 이르면 올해 기업공개(IPO)를 준비 중이다. 영국 정부 내부에서는 영국과 미국 동시 상장을 유도하는 방안도 거론되지만, 실현 가능성은 낮은 것으로 평가된다. 영국 정부 관계자는 ""앤트로픽과...",https://it.chosun.com/news/articleView.html?idxno=2023092159885,4,,1
[K-패션 거목 무신사] ① 수확철 도래…'수익성' 주목하라,"나올지를 통제할 수는 없다고 본다""면서도 ""여러 대외 상황이 있겠지만 회사의 실적을 계속해서 끌어올리면서 상장 준비 시점과 밸류와 관련해 지속 소통, 잘 운영되어갈 때 쯤에 (IPO를) 진행할 것""이라고 덧붙였다.",https://www.the-stock.kr/news/articleView.html?idxno=32307,5,,1
"오픈AI 상장 놓고 경영진 내 이견...""연내 가능 vs 시기 상조""","한편 올트먼 CEO가 IPO를 서두르는 배경에는 경쟁사인 앤트로픽보다 먼저 상장하려는 전략적 판단도 깔려 있는 것으로 전해졌다. 이에 대해 앤트로픽의 다리오 아모데이 CEO는 최근 ""기술 성장 속도와 매출 확대 속도 간...",https://www.joongangenews.com/news/articleView.html?idxno=509071,4,,1
"하이라이트브랜즈, IPO 공식화…해외 사업 확장에 속도","하이라이트브랜즈가 기업공개(IPO)를 공식화하며 주관사로 신한투자증권을 선정했다고 6일 밝혔다. 이번 주관사 선정은 상장을 위한 초기 단계의 절차로, 향후 일정 및 구조는 시장 상황과 회사의 전략적 방향성 등을...",http://www.ktnews.com/news/articleView.html?idxno=145213,4,,1
"""연내 추진"" vs ""아직 무리""…오픈AI 상장 '삐걱'","챗GPT 개발사 오픈AI의 기업공개(IPO) 시기를 두고 최고경영진 간 이견이 노출되고 있다. 샘 올트먼 최고경영자(CEO)는 연내 상장을 목표로 속도전에 나서고 있는 반면, 새러 프라이어 최고재무책임자(CFO)는 재무적 부담과...",http://www.wowtv.co.kr/NewsCenter/News/Read?articleId=A202604060125&t=NN,4,,1
"케이비엘러먼트, 어르신 위한 쌀·후원금 전달...3년째 나눔의 가치 실...","기술력과 사업성을 인정받아 누적 투자액 240억 원을 유치했으며, 2027년 IPO(기술특례 상장)를 목표로 하고 있다. 아울러 지속가능한 소재 개발이라는 기업의 정체성에 발맞춰, 사회적 책임을 다하는 ESG 경영을 실천...",https://theviewers.co.kr/View.aspx?No=4030718,4,,1
경제칼럼)호르무즈에서 이제 우주로,"민간 기업이지만 미국 전략산업의 중심에 서 있으며, 올 6월 상장(IPO)을 목표로 하는 SpaceX의 기업가치는 최대 2조 달러(약 3천조 원) 이상으로 평가된다. 이는 우주산업이 더이상 가능성의 영역이 아니라 현실이 되었음을...",https://www.idaegu.com/news/articleView.html?idxno=659902,5,,1
"오픈AI CEO·CFO, IPO 시기 이견…연내 상장 놓고 온도차","5일(현지시간) 미 정보기술(IT) 전문매체 디인포메이션에 따르면 프라이어 CFO는 최근 내부적으로 올해는 상장 준비가 돼 있지 않다는 취지의 우려를 제기한 반면, 올트먼 CEO는 이르면 4분기 IPO를 원하고 있는...",https://www.ajunews.com/view/20260406104108741,4,,1
스페이스X IPO참여하려면 '그록' 구독부터…머스크 '황당' 요구,이 보도는 이번 IPO 논의 과정을 잘 아는 4명의 관계자를 인용해 전해졌다. 머스크는 스페이스X의 상장을 지원하려는 기관들이 그록 서비스를 구매해야만 관련 업무를 맡을 수 있도록 한 것으로 알려진다. 그록은...,https://www.mt.co.kr/world/2026/04/06/2026040609514078819,4,,1
"오픈AI, 연내 IPO 추진 '파열음'…""매출 성장 확신 못해""","연내 IPO를 추진하고 있는 방향과 엇갈린다. 오픈AI는 데이터센터 인프라 확보 등을 위해 5년간 6000억달러를 지출해야 하는 상황으로 전해졌는데, 프라이어 CFO는 이런 재무 부담을 감안해 상장 시점에 보다 신중한...",https://www.slist.kr/news/articleView.html?idxno=729529,5,,1
"넷마블, ""자사주 소각·구조개편 동시에""… 기업가치 반등 시동",중복상장 리스크와 지배구조 할인 요인 제거 지배구조 측면에서의 가장 핵심적인 변화는 개발 자회사인 '넷마블네오'의 완전자회사 편입 결정이다. 넷마블은 시장의 기대를 모았던 넷마블네오의 개별 IPO를 추진하는 대신...,https://www.upkoreanews.kr/news/articleView.html?idxno=97839,4,,1
[자본시장 분쟁사례] IPO 안 해도 된다? 법원은 달리 봤다…스마일게이...,"그런데 상장 준비 과정에서 불가피하게 발생하는 회계기준 변경을 역이용해 IPO 의무를 부정하는 것은, 계약 구조 자체를 뒤집는 행위다. 법원이 ""신의성실 원칙에 반한다""고 판단한 이유가 여기에 있다. 이 사건은 민법...",https://www.kbanker.co.kr/news/articleView.html?idxno=224632,4,,1
"울진 텅스텐 광산 개발사 '캐나다 퓨어 텅스텐', IPO 시동",6월 쌍전광산 첫 텅스텐 정광 출하 연내 美 증시 상장 목표  캐나다 광산기업 '퓨어 텅스텐(Pure Tungsten)'이 경북 울진 쌍전광산의 텅스텐 생산을 기반으로 기업공개(IPO)를 추진하기로 했다. 퓨어 텅스텐은 6일 상장 추진...,https://www.theguru.co.kr/news/article.html?no=100176,4,,1
"미래에셋, 스페이스X 국내 공모 추진…법률 검토 착수",6일 금융투자업계에 따르면 미래에셋증권은 오는 6월 상장 예정인 스페이스X IPO에 참여해 국내 기관 투자자 등을 대상으로 공모주를 공급하는 방안에 대한 법률 검토에 착수했다. 이후 구체적인 IPO 방식을 결정해 참여...,https://www.news1.kr/finance/general-stock/6126349,5,,1
“상장은 끝 아닌 시작…제도 변화 맞춰 생존 전략 다시 짜야”[자본시...,“상장은 목적지가 아닌 새로운 출발선” 전문가들은 공통적으로 IPO에 임하는 오너들의 ‘마인드셋’ 변화를 주문했다. 상장 그 자체를 성공의 끝으로 보는 시각이 상장 폐지 리스크를 키운다는 지적이다. 정 고문은...,https://www.hankyung.com/article/202604036851r,4,,1
"""스페이스X 주주되려면 그록 구독해"" 머스크의 끼워팔기",사상 최대 규모의 기업공개(IPO)가 될 스페이스X 상장에 참여하려면 일론 머스크의 인공지능(AI) 기업 xAI가 개발한 챗봇 그록을 구독해야 한다고 뉴욕타임스(NYT)가 5일(현지 시각) 보도했다. NYT는 일론 머스크가...,https://www.news1.kr/world/usa-canada/6126302,4,,1
"“말본·코닥어패럴 히트”...하이라이트브랜즈, 상장 추진","패션브랜드 말본골프와 코닥어패럴, 디아도라 등을 운영하는 하이라이트브랜즈가 기업공개(IPO)를... “성공적인 상장 준비를 지원할 계획”이라고 말했다. 브랜드별 해외 유통망 확대와 현지 수요 증가에 힘입어...",https://www.sedaily.com/article/20028640?ref=naver,4,,1
"‘말본‧코닥어패럴’ 하이라이트브랜즈, IPO 주관사 신한투자증권 선정","IPO는 회사의 중장기 성장 전략의 일환으로, 주관사 선정 이후의 일정은 시장 상황과 회사의 전략적 방향성 등을 종합적으로 고려해 정해질 예정이다. 이준권 하이라이트브랜즈 대표는 “상장은 지속가능한 성장 기반을...",https://www.etoday.co.kr/news/view/2572951,4,,1
"하이라이트브랜즈, IPO 공식화... 주관사에 신한투자증권 선정","코닥어패럴, 말본 등을 운영하는 하이라이트브랜즈가 기업공개(IPO)를 공식화하며, 주관사로 신한투자증권을 선정했다고 6일 밝혔다. 이번 주관사 선정은 상장을 위한 초기 단계의 절차로, 향후 일정 및 구조는 시장...",http://www.newslock.co.kr/news/articleView.html?idxno=128104,4,,1
스페이스X 상장 주관사 되려면 '그록' 구독은 필수? 일론 머스크의 강매...,"이번 주 초 기밀리에 상장 서류를 제출한 스페이스X의 IPO는 기업 가치 1조달러(약 1513조원) 이상, 조달액 500억달러(약 75조6500억원)를 목표로 하는 초대형 거래다. 주관사단이 이번 상장 업무로 거둬들일 수수료 수익만...",https://www.digitaltoday.co.kr/news/articleView.html?idxno=653707,6,,1
"스페이스X IPO, 낙관과 부담 사이…31%는 즉시 매수, 나머지는 관망","패시브 자금 유입이 제한될 수 있다는 분석이 나온다. 시장에서는 스페이스X IPO가 단순한 상장을 넘어, 우주·통신·AI 인프라를 아우르는 초대형 플랫폼 기업의 탄생 여부를 가늠하는 시험대가 될 것으로 보고 있다.",https://www.digitaltoday.co.kr/news/articleView.html?idxno=653713,4,,1
"하이라이트브랜즈, IPO 공식화","하이라이트브랜즈가 기업공개(IPO) 추진을 공식화하고 상장 주관사로 신한투자증권을 선정했다. 주관사 선정은 IPO의 초기 단계로, 구체적인 일정과 구조는 시장 상황과 회사 전략을 반영해 추후 결정될 예정이다. 상장은...",https://economist.co.kr/article/view/ecn202604060009,4,,1
"'IPO 공식화' 하이라이트브랜즈, 브랜딩 역량 통해 글로벌로 확장","기업공개(IPO)를 공식화하며 주관사로 신한투자증권을 선정했다. 주관사 선정은 상장을 위한 초기 단계의 절차로, 향후 일정 및 구조는 시장 상황과 회사의 전략적 방향성 등을 종합적으로 고려해 정할 예정이다. IPO는...",https://www.fashionbiz.co.kr/article/225203,4,,1
"하이라이트브랜즈, IPO 공식화…신한투자증권 주관사 선정","하이라이트브랜즈가 기업공개(IPO)를 공식화하며, 주관사로 신한투자증권을 선정했다고 6일 밝혔다. 이번 주관사 선정은 상장을 위한 초기 단계의 절차로, 향후 일정 및 구조는 시장 상황과 회사의 전략적 방향성 등을...",https://www.news1.kr/industry/distribution/6126220,4,,1
"코닥·말본 연속 히트···하이라이트브랜즈, IPO로 '브랜드 확장' 베팅","6일 하이라이트브랜즈에 따르면 IPO 주관사로 신한투자증권을 선정했다. 상장을 위한 초기 절차에 착수한 단계로, 향후 일정과 구조는 시장 상황과 회사 전략을 종합적으로 고려해 확정할 예정이다. 이번 IPO는 중장기 성장...",http://www.enewstoday.co.kr/news/articleView.html?idxno=2415187,4,,1
"케이비엘러먼트, 사랑의 쌀·후원금 전달식 및 봉사활동 진행","기술력과 사업성을 인정받아 누적 투자액 240억 원을 유치했으며, 2027년 IPO(기술특례 상장)를 목표로 하고 있다. 아울러 지속가능한 소재 개발이라는 기업의 정체성에 발맞춰, 사회적 책임을 다하는 ESG 경영을 실천...",https://www.enetnews.co.kr/news/articleView.html?idxno=48530,4,,1
[DP's 모닝픽] 국민연금 '게임 픽'은 NC… 8.15%로 확대,"스페이스X는 기업가치 약 1조7500억달러 규모 IPO를 추진 중으로, 성사 시 역대 최대 상장이 될 전망입니다. ■ 고정밀 지도 반출 허용 이후 구글이 AI 기반 지도 기능을 앞세워 본격적인 국내 홍보에 나섰습니다. 6일...",https://www.ilovepc.co.kr/news/articleView.html?idxno=58832,5,,1
"'말본·코닥어패럴' 하이라이트브랜즈, 상장 시동",골프웨어 브랜드 말본 등을 운영하는 하이라이트브랜즈가 기업공개(IPO)를 공식화했다. 하이라이트브랜즈는... “성공적인 상장 준비를 지원할 계획”이라고 말했다. 하이라이트브랜즈는 2019년 7월 설립된 브랜드...,https://www.hankyung.com/article/202604060659i,4,,1
"BNK자산운용, 주식 혼합 ‘BNK코스닥벤처펀드’ 출시","BNK자산운용은 이 같은 IPO 및 상장 이후(Post-IPO) 투자 경험, 철저한 기업 분석 역량을 바탕으로 저평가된 우량 공모주를 선별하고, 적극적인 의무보유 확약 전략 등을 활용해 코스닥벤처펀드의 수익률 제고를 추진할...",https://biz.heraldcorp.com/article/10710423?ref=naver,7,,1
"머스크가 요구한 '스페이스X' IPO 참여 조건은?…""AI 챗봇 구독해야""","일론 머스크 테슬라 최고경영자(CEO)가 이끄는 스페이스X가 기업공개(IPO) 절차를 밟고 있는 가운데, 상장 참여 조건에 '인공지능(AI) 챗봇 구독'이라는 독특한 조건을 내건 것으로 알려졌다. 머스크, 은행들에 '그록...",https://view.asiae.co.kr/article/2026040609012328711,7,,1
"[케이뱅크 주가 충격] ①공모가보다 액면가 근접, 정부 관리군 위험 고...",성장 기업들이 찾는 기업공개(IPO) 시장에서 이례적인 장면이다. 더 큰 문제는 앞으로 늘어나는 수급 압력이다. 상장 1개월 차에 접어들면서 기관투자자 초기 락업(의무보유확약) 물량이 본격적으로 시장에 풀린다....,https://www.smarttoday.co.kr/ko-kr/articles/106148,5,,1
[케이뱅크 주가 충격] ③주주 원성 방관하는 '박윤영·최우형 KT 회전문...,이준형 실장은 이번 IPO 실무를 이끈 핵심 인물이다. 상장 전 기업간담회에서도 공모가 관련 질문에 마이크를 잡았다. 그는 공모가 희망 범위를 밑돌 가능성과 재무적 투자자(FI)와의 이면 합의 등에 대한 질문에...,https://www.smarttoday.co.kr/ko-kr/articles/106157,5,,1
"[케이뱅크 주가 충격] ②사모펀드도 손절 상황, 개미 끌어들인 KT·비씨...","KT와 비씨카드, 케이뱅크를 믿고 공모가 혹은 그보다 높은 가격에 투자했던 주주들은 ""개미 설거지 상장이었다""며 분통을 터뜨린다. 하루빨리 탈출하겠다며 IPO를 요구한 FI도 마냥 기쁜 상황은 아니다. 잔여 물량에...",https://www.smarttoday.co.kr/ko-kr/articles/106142,5,,1
"하이라이트브랜즈, IPO 본격화…신한투자증권 주관사 선정",코닥어패럴 중국 상해 EKA 플래그십스토어 (사진=하이라이트브랜드) |스마트투데이=이재수 기자| ㈜하이라이트브랜즈는 IPO 주관사로 신한투자증권을 선정하고 본격적인 상장 절차에 나선다고 6일 밝혔다. 2019년 설립된...,https://www.smarttoday.co.kr/ko-kr/articles/106159,4,,1
"하이라이트브랜즈, IPO 공식화…라이선스 넘어 해외로 간다","기업공개(IPO)를 공식화하고, 주관사로 신한투자증권을 선정했다고 6일 밝혔다. 이번 주관사 선정은 상장을 위한 초기 단계의 절차다. 향후 상장 일정과 구조는 시장 상황과 전략적 방향성을 종합적으로 고려해 결정할...",https://biz.heraldcorp.com/article/10710391?ref=naver,4,,1
"'1.4조 투입' 롯데바이오로직스, 송도 공장 가동 임박...추가 수주 가능...",수주 실적이 가시화되면 자연스럽게 기업공개(IPO)에 대한 속도도 붙을 전망이다. 다만 모회사인 롯데지주가 지분 80%를 보유하고 있어 상장 시 불거질 수 있는 중복 상장 논란은 반드시 극복해야 할 특허 장벽만큼이나...,http://www.edaily.co.kr/news/newspath.asp?newsid=02102486645413496,6,,1
"㈜하이라이트브랜즈, IPO 공식화...주관사로 신한투자증권 선정","㈜하이라이트브랜즈가 기업공개(IPO)를 공식화하며, 주관사로 신한투자증권을 선정했다고 6일 밝혔다. 이번 주관사 선정은 상장을 위한 초기 단계의 절차로, 향후 일정 및 구조는 시장 상황과 회사의 전략적 방향성 등을...",http://www.beyondpost.co.kr/view.php?ud=20260406082351312446a9e4dd7f_30,4,,1
"""1분기 상장 ‘대어’ 케이뱅크가 살렸다…수급열기 속 양극화 뚜렷""<유...","[이미지=챗GPT 생성] [뉴스투데이=황수분 기자] 2026년 1분기 국내 기업공개(IPO) 시장은 상장 기업 수와 공모금액 면에서 예년 평균을 밑돌았으나, 기관과 일반 투자자 참여 열기는 그 어느 때보다 뜨거웠던 것으로...",https://www.news2day.co.kr/article/20260406500019,4,,1
[박정식의 국내 주식시황] 트럼프-이란 최후 통첩에 국내시장 혼조 및 ...,"▷토스 美 ADR 상장 추진 소식 등에 토스(toss) 테마 상승. ▷한국-프랑스 정상회담 개최 속 원자력 협력... ▷아르테미스 2호 발사 성공 및 스페이스X, IPO 비공개 신청서 제출 속 기업가치 상향 조정 등에 우주항공산업...",https://www.newsquest.co.kr/news/articleView.html?idxno=264265,5,,1
기술반환 탓에 자진철회한 유빅스·노벨티 '데자뷰'…상장 재도전할까,"박상규 노벨티노빌리티 대표는 ""투자받은 자금이 적지 않은 만큼 상장(IPO)에 대한 부담도 적지 않다""며 ""믿어주신 주주들께 좋은 결과를 보이기 위해 부단히 노력하고 있다""고 말했다.",http://www.edaily.co.kr/news/newspath.asp?newsid=02050006645413496,4,,1
"영국-EU, '탈미국' 앤트로픽 유치 공세 치열","앤트로픽이 실제 런던증시에 상장될 경우 침체된 유럽 기업공개(IPO) 시장에 강력한 활력을 불어넣을 것으로 보인다. 전문가들은 ""미국 정부의 강경한 규제가 테크 기업들의 해외 이탈을 가속화할 수 있다""고 분석하고...",http://www.choicenews.co.kr/news/articleView.html?idxno=163316,4,,1
"""7만 5900달러 돌파 못하면 추락"" 샌티먼트가 경고한 비트코인 하락 반전...",이번 상승장을 견인한 핵심 동력은 파생상품 시장에서 발생한 대규모 숏 스퀴즈(공매도 포지션 청산 혹은... 베팅했던 공매도 트레이더들의 강제 청산 물량으로 확인됐다. 주목할 만한 점은 이러한 극적인 반등이...,http://coinreaders.com/229126,4,,1
[AI의 종목 이야기] 블루아울 주가 최저치 '털썩'…사모대출 불안,3월 초에는 동 주식에 대한 공매도 규모가 사상 최고치에 달했다. 블루 아울은 개인 투자자들이 사모 신용 시장에 진입할 수 있는 핵심 경로 가운데 하나인 복수의 사업개발회사를 운용하고 있다. 테크놀로지 분야에...,https://www.newspim.com/news/view/20260407000045,6,,1
“이번주 전쟁 종결 베팅”…비트코인 7만달러 돌파,"나오자 공매도 포지션이 청산될 수밖에 없었고, 그것이 상승을 이끌었다”고 말했다. 크립토 파생상품 데이터 분석 플랫폼인 코인글라스(CoinGlass) 데이터에 따르면 지난 하루 동안 1억4500만달러 이상의 공매도...",http://www.edaily.co.kr/news/newspath.asp?newsid=02322246645413824,4,,1
"비트코인, 7만 달러 터치...하락 베팅 트레이더 자금 7,500만 달러 삭제",하지만 숏 스퀴즈(공매도 포지션 청산 혹은 커버를 위해 발생하는 매수세)는 피하지 못했다. 미결제 약정 규모는 여전히 높은 수준을 유지하고 있다. 비트코인 현물 ETF 자금 유입이 다시 활발해졌다. 기관 투자자들이...,http://coinreaders.com/229117,4,,1
"에코프로비엠, 코스닥 시총 1위 탈환…에코프로·알테오젠과 ‘19조 3파...",공매도 현황에서도 에코프로 관련주가 주목됐다. 이날 코스닥 공매도 잔고금액(T-2 기준) 상위에 에코프로(9259억원)와 에코프로비엠(5048억원)이 이름을 올렸다. 에코프로비엠은 코스닥 공매도 거래대금에서도...,https://www.bntnews.co.kr/article/view/bnt202604070012,6,,1
펀더멘털은 좋아지는데 왜 못 오르나…솔라나 가격 정체 이유,"솔라나 반등처럼 보였던 82달러 회복은 추세 전환보다 숏 스퀴즈(공매도 포지션 청산 혹은 커버를 위해 발생하는 매수세)에 가까웠고, 시장은 여전히 하락 구조를 벗어나지 못하고 있다는 분석이 나왔다. 4월 6일...",http://coinreaders.com/229109,4,,1
"""화요일 휴전 타결 시 2800달러 직행"" 이더리움 폭풍 전야 상승 전망",중동발 휴전 기대감이 가상자산 시장에 대규모 숏 스퀴즈(공매도 포지션 청산 혹은 커버를 위해 발생하는... 규모의 공매도 포지션이 강제 청산되며 가격 상승을 더욱 부채질했다. 파생상품 시장의 지표도 긍정적인...,http://coinreaders.com/229107,7,,1
휴전 임박인가 폭풍 전야인가? 기로에 선 비트코인 8만 달러 갈까,"스퀴즈(공매도 포지션 청산 혹은 커버를 위해 발생하는 매수세)를 촉발했다. 엑스알피(XRP, 리플)를 비롯한... 이 중 공매도 포지션이 1억 9,670만달러에 달해 하락을 점치던 세력이 막대한 타격을 입었다. 이번 상승은...",http://coinreaders.com/229104,4,,1
"제임스 윈, 비트코인 하락 올인 결과는 '패가망신'...""한 방에 전재산 증...",하지만 시장은 파생상품 주도의 숏 스퀴즈(공매도 포지션 청산 혹은 커버를 위해 발생하는 매수세)와 자본 순환이 맞물리며 하락론자들을 벼랑 끝으로 몰아넣었다. 이번 사태로 비트코인 거래량은 83.33% 폭증한...,http://coinreaders.com/229103,3,,1
"XRP, 미결제 약정 2주 최고치...30억 달러 공매도 세력 '비명'",공매도 세력이 가격 하락을 예상하며 구축한 물량이 거대한 벽을 형성했다. 엑스알피(XRP) 가격이 특정... 가격이 해당 구간에 진입하면 공매도 투자자들은 손실을 줄이기 위해 시장가 매수에 나선다. 이는 인위적인...,http://coinreaders.com/229084,4,,1
"데드크로스가 상승 신호?...시바이누, 5% 반등에 숨겨진 '베어 트랩' 포...",그러나 예상 밖의 반등을 기록하며 공매도 세력을 유인해 가두는 베어 트랩 가능성을 시사했다. 4월 6일(현지시간) 암호화폐 전문 매체 유투데이에 따르면 시바이누는 3일간의 하락세를 뒤집었다. 거래 세션 초반에...,http://coinreaders.com/229079,6,,1
"XRP, 2억 달러 숏 스퀴즈 종료?...볼린저 밴드는 박스권 횡보 경고",4월 6일(현지시간) 암호화폐 전문 매체 유투데이에 따르면 가상자산 시장에서 2억 달러 이상의 공매도... 크립토퀀트 분석가 마르툰(Maartunn)은 최근의 가격 상승이 강제적인 공매도 청산에 의한 결과였다고 분석했다....,http://coinreaders.com/229074,10,,1
"비트코인, 25억 달러 청산 vs 3만 달러 추락 갈림길...'여기'서 결판 예...","하락에 베팅했던 공매도 물량이 7만 2,000달러 부근에 집중됐다. 비트코인이 이 선을 돌파하면 약 25억 달러 규모의 포지션이 강제 청산된다. 이러한 연쇄 청산은 가격 상승폭을 가파르게 키우는 촉매제가 된다. 다만...",http://coinreaders.com/229058,4,,1
"[공시] 광전자·오이솔루션 '투자경고', 오늘이엔엠 '위험'...28건",및 공매도 과열종목 지정 현황을 공시했다. 이번 조치에 따른 지정 및 변경 사항은 오는 7일부터... 공매도 및 단기과열 조치 공매도 거래가 과도하게 발생하거나 우선주 중심의 가격 과열이 지속되는 종목들에...,http://www.newstnt.com/news/articleView.html?idxno=604634,3,,1
"삼천당제약, 블록딜 철회에도 애프터마켓서 10%대 급락",지난달 31일 한국거래소가 삼천당제약에 대한 불성실공시법인 지정을 예고한 데 이어 1일 삼천당제약을 공매도 과열 종목으로 지정하면서 주가는 더욱 요동치고 있다.,https://www.kmib.co.kr/article/view.asp?arcid=0029640191&code=61141211&cp=nv,4,,1
"에이전트AI, 공매도 금지 연장 결정→거래 제한 주의",에이전트AI(060900)가 공매도 과열종목 지정기간 연장에 따라 2026년 4월 7일 하루 동안 정규시장 및 시간외시장에서 공매도 거래가 금지된다고 공시했다. 한국거래소 공시에 따르면 에이전트AI의 공매도 금지 연장...,https://www.topstarnews.net/news/articleView.html?idxno=16027158,3,,1
"유명 분석가 ""비트코인, 6만 3,000달러 찍고 7만 2,800달러 찍는다""","이러한 하락은 반등을 앞두고 늦게 진입한 공매도 포지션을 청산하기 위한 전형적인 유동성 사냥 과정으로 해석된다. 분석가는 비트코인이 6만 3,000달러 선에서 지지력을 확인한 후에야 비로소 7만 2,800달러를 향한...",http://coinreaders.com/229023,7,,1
[코인 시황] 휴전 기대에 비트코인 7만달러 재도전… 숏 스퀴즈 속 7만5...,"단기적으로는 대규모 숏 스퀴즈(공매도·하락 베팅 청산에 따른 급등)가 반등을 이끌었지만, 중장기적으로는 7만5000달러 돌파 여부가 향후 추세를 가를 핵심 분기점으로 떠오르고 있다. 이날 장중 비트코인 가격은 3...",https://www.newspim.com/news/view/20260406001265,4,,1
"[공매도 브리핑] 4월 6일 거래대금 1조 8,696억…한진칼·캠시스 비중 상...","4월 6일 공매도 거래대금은 1조 8,696억 원으로 집계됐다. 전체 거래대금 대비 비중은 4.16%로, 전 거래일보다 1,506억 원 감소했다. 코스피와 코스닥 모두 공매도 비중은 각각 4.55%, 3.15%를 기록했다. 외국인과...",https://www.topstarnews.net/news/articleView.html?idxno=16027110,7,,1
가짜 기술? 고점 먹튀? 사흘 만에 주가 반토막 ‘삼천당제약’의 실체는,"한국거래소는 지난달 31일 불성실공시법인 지정을 예고했고, 다음 날에는 공매도 과열 종목으로 지정했다. 서둘러 회견을 열어 진화에 나선 전 대표는 회사가 보유한 기술과 관련해 미국 식품의약품청(FDA)에 제출한 자료...",https://www.hani.co.kr/arti/economy/finance/1252928.html,4,,1
"블록딜 철회·루머 반박했지만…삼천당제약, 의구심 '여전'","한국거래소의 불성실공시법인 지정 예고와 공매도 과열 종목 지정까지 겹치며 투자 심리는 크게 위축됐다. 회사는 향후 시장과의 소통을 강화하겠다는 입장이다. 분기별 기업설명회(IR)를 정례화하고, 파이프라인 개발...",http://www.newsprime.co.kr/news/article.html?no=729383,3,,1
"'긴급 진화' 삼천당제약, 의구심 해소하고 주가 회복할까","엎친 데 덮친 격으로 지난달 31일 한국거래소가 삼천당제약에 대한 불성실공시법인 지정을 예고했고, 1일엔 삼천당제약을 공매도 과열 종목으로 지정했다. 주가 안정을 위해 전 대표는 이날 오전 2500억원 규모의 블록딜...",https://www.cstimes.com/news/articleView.html?idxno=700985,4,,1
"""주가 조작 피해액 기준 징벌적 환수제 도입해야""","한편 이 전무는 불법 공매도 감시 시스템인 중앙공매도감시시스템(NSDS)에 대해 ""허위 보고 가능성에 대비한 이중 상시 감시 체제가 작동하고 있어 큰 문제는 없다""면서도 ""실수든 고의든 위반 사례는 계속 적발되고 있어...",https://www.kbanker.co.kr/news/articleView.html?idxno=224640,4,,1
"사흘만에 주가 반토막 삼천당제약, 2500억 블록딜 철회","한국거래소는 삼천당제약에 대해 불성실공시법인 지정을 예고했고, 공매도 과열 종목으로 지정했다. 2일 코스닥 시총 4위로 주저앉으며 주가가 고점 대비 절반인 60만 원대로 떨어졌다. 이에 전인석 삼천당제약 대표는...",https://www.donga.com/news/Economy/article/all/20260406/133683531/1,6,,1
"삼천당제약, 간담회서 루머 반박…기술 검증·공시 신뢰가 관건","주가 하락에 대해서도 ""악성 루머와 결탁한 공매도 세력의 인위적 공격""이라고 주장했다. 공매도 과열 종목 지정 사실도 근거로 제시했다. 법적 대응 수위도 높였다. 삼천당제약은 지난달 31일 홈페이지 공지를 통해...",http://www.opinionnews.co.kr/news/articleView.html?idxno=136307,4,,1
"박주민 “청년 자산 형성, 기회는 넓히고 위험은 줄일 것”","박 후보는 공매도, 시세조종 등 시장의 공정성과 직결되는 정보 역시 청년의 눈높이에 맞춰 제공하고, 개인 투자자들이 공동 대응할 수 있는 지원 방안도 함께 검토한다고 밝혔다. 과도한 레버리지와 ‘빚투’로 인한...",https://biz.heraldcorp.com/article/10711043?ref=naver,3,,1
"진영, 80억원 규모 전환사채 발행 결정","본 건 전환사채의 취득이 금지되는 공매도 거래 기간해당여부아니오시작일-종료일-21. 당해 사채의 해외발행과 연계된 대차거래 내역 - 목적, 주식수, 대여자 및 차입자 인적사항,예정처분시기, 대차조건(기간...",https://www.digitaltoday.co.kr/news/articleView.html?idxno=653913,4,,1
"비트코인, 6만 7,500달러 철벽 지지...대폭발 전 마지막 '줍줍' 기회","주요 분석가들은 가격이 박스권 상단을 돌파하는 순간 숏 스퀴즈(공매도 포지션 청산 혹은 커버를 위해 발생하는 매수세)가 발생하며 상승폭이 더욱 확대될 것으로 내다보고 있다. 비트코인이 6만 8,500달러 돌파에...",http://coinreaders.com/228986,4,,1
"삼천당제약, 2500억 불록딜 철회 소식에 주가 하락","지난달 31일 한국거래소가 삼천당제약에 대한 불성실공시법인 지정을 예고한 데 이어, 1일 삼천당제약을 공매도 과열 종목으로 지정하며 투자자들의 불안감은 커지고 있다. 한편 삼천당제약은 이날 오후 3시 본사에서...",https://www.gukjenews.com/news/articleView.html?idxno=3549957,4,,1
"삼천당제약, '황제주'에서 급락…신뢰 흔들린 바이오 기대주","여기에 한국거래소가 지난달 31일 삼천당제약에 대해 불성실공시법인 지정을 예고하고, 공매도 과열 종목으로도 지정하면서 투자심리는 더욱 위축됐다. 회사 측은 이에 대해 ""불성실공시 지정은 회사 전체 실적과는...",https://www.ppss.kr/news/articleView.html?idxno=291562,4,,1
"""극단적 약세 편향이 폭등 부른다"" XRP 숏 스퀴즈로 인한 단기 급등 전망","가상자산 시장 전반의 훈풍 속에서 엑스알피(XRP, 리플)가 파생상품 시장의 대규모 숏 스퀴즈(공매도 포지션... 이는 가격이 조금만 위로 튀어도 공매도 세력이 강제로 포지션을 덮어야 하는 상황을 만들어, 연쇄적인...",http://coinreaders.com/228971,6,,1
"가상자산, 숏 포지션 2.5억 달러 청산...비트코인 하락 베팅 후 '피눈물...","비트코인(Bitcoin, BTC) 가격이 예상을 깨고 반등하는 과정에서 숏 스퀴즈(공매도 포지션 청산 혹은 커버를 위해 발생하는 매수세)가 발생해 하락론자들의 자산이 대거 증발한 것으로 풀이된다. 이번 사태에서 발생한...",http://coinreaders.com/228952,7,,1
‘천당·지옥 ’ 삼천당제약…결국 블록딜 철회,"지난달 31일 한국거래소가 삼천당제약에 대한 불성실공시법인 지정을 예고한 데 이어, 1일 삼천당제약을 공매도 과열 종목으로 지정하며 시장의 혼란은 더 커졌다. 불성실공시 지정과 관련, 회사 측은 “당사 실적...",https://biz.heraldcorp.com/article/10710681?ref=naver,4,,1
"[사실은 이렇습니다] 금융위 ""무차입 공매도 3중 방지체계 통해 공정하...","""거래 발생과 기록이 분리되어 있다보니, NSDS가 실시간으로 잔량 부족을 적출하더라도 그것이 '무차입 공매도'인지 '단순 입력누락'인지를 즉각 판별할 방법이 없다""..""공매도의 핵심 전제인 대차거래는 여전히 전산화의...",https://www.korea.kr/briefing/actuallyView.do?newsId=148962125&call_from=naver_news,10,,1
오늘 비트코인 가격이 상승한 이유,지정학적 긴장 완화와 파생상품 시장의 대규모 숏 스퀴즈(공매도 포지션 청산 혹은 커버를 위해 발생하는... 이번 상승의 주된 원동력은 파생상품 시장에서 발생한 강력한 숏 스퀴즈(공매도 포지션 청산 혹은 커버를...,http://coinreaders.com/228908,3,,1
[기자수첩] 알테오젠 주주들의 애정 어린 쓴소리,공매도 이슈 역시 빠지지 않았다. 최근 공매도 잔고가 늘어나며 주가 하방 압력이 커진 상황에서 주주들의 불만이 집중됐다. 공매도는 주가 하락을 예상한 투자 전략으로 잔고가 늘어날수록 시장의 하락 기대가 반영돼...,https://dealsite.co.kr/articles/159613,4,,1
4월 3일 주식시장 주요공시,"미제출 등으로 관리종목 지정 ▶에이전트AI, 공매도 과열종목 지정 ▶KC코트렐, 관리종목지정 사유변경. 감사인 의견 미달 관련 상장폐지 사유 해소 및 상장적격성 실질심사 사유 발생 안내",https://www.catchnews.kr/news/articleView.html?idxno=122349,4,,1
"성우하이텍, 하도급 계약서 780건 누락...873일 '늑장발급 관행' 드러나","공정거래위원회는 이를 단순 실무 누락이 아니라 금형업계에 굳어진 불공정 거래 관행으로 보고 시정명령과 과징금 4600만원을 함께 부과했다. 자동차 산업 공급망의 밑단을 떠받치는 금형 분야에서 '선작업, 후계약...",https://www.newswhoplus.com/news/articleView.html?idxno=58247,0,,0
의료기기 대리점 vs 글로벌기업 '영업권 분쟁',병원계에 따르면 의료기기 유통기업 HDX는 글로벌 기업 ‘베리안 메디컬 시스템즈 코리아’(이하 ‘베리안’)의 불공정거래행위에 대해 한국공정거래조정원에 분쟁조정을 신청한 상태다. 베리안은 지멘스 헬시니어스...,https://www.dailymedi.com/news/news_view.php?wr_id=935376,3,,1
"김종민 의원, '기름값 사후정산제' 폐지 합의 환영.","김 의원은 지난해 산업통상자원부 국정감사에서 ""계약 당시 가격이 아닌 나중 가격으로 정산하는 것은 명백한 갑질""이라며 정유사와 주유소 간 불공정 거래 문제를 강력히 질타한 바 있다. 특히 지난 3월에는 현안질의를...",http://www.ccnnews.co.kr/news/articleView.html?idxno=406473,0,,0
"성우하이텍, 하도급법 위반...공정위 시정명령·과징금 4600만원","공정위 관계자는 ""이번 사건은 금형 업계에서 관행적으로 이뤄져 온 계약서 지연교부 행태 등을 적발해 제재한 것""이라며, ""금형 등 뿌리산업 전반의 불공정 하도급 거래를 지속 점검할 계획""이라고 밝혔다. 한편...",https://www.ppss.kr/news/articleView.html?idxno=291618,0,,0
"이억원 ""가계부채 구조적 리스크""…증가율 1.5% 관리 재확인","이와 함께 주가조작 등 불공정거래 행위에 대해서도 적극적으로 적발·엄단하겠다고 강조했다. 이 위원장은 6일 국회 본회의에서 ""가계부채는 한국 경제의 구조적 리스크로 작용하고 있는 만큼 이를 어떻게 연착륙...",https://dealsite.co.kr/articles/159756,7,,1
김동명 “AI·로봇 대세 못 막아…기업 경쟁력 지속돼야 勞 문제도 해결...,김 위원장은 “노조도 책임 있는 행동을 할 때 요구의 정당성을 얻는다”며 “기업의 횡포와 불공정 거래만 탓하고 ‘우리가 임금을 더 받는 게 무슨 문제인가’라는 식으로 운영되는 노조는 요구의 정당성을 상실하게 될...,https://www.sedaily.com/article/20028956?ref=naver,0,,0
"박홍근 ""추경? 선거와 상관 없어... 방파제 쌓는 심경으로 마련""","김 의원은 ""주유소 입장에서는 정산가를 알 수 없어 적자를 피하기 위해 소비자 가격을 높게 책정할 수밖에 없다""며 ""정유사의 독과점 지위가 낳은 불공정 거래""라고 꼬집었다. ""이번 기회에 거래 구조를 개혁해야 한다""고...",https://www.ohmynews.com/NWS_Web/View/at_pg.aspx?CNTN_CD=A0003221907&CMPT_CD=P0010&utm_source=naver&utm_medium=newsearch&utm_campaign=naver_news,0,,0
"테마주 주가조작 의혹에…이억원 ""불공정거래 엄단""","사진=뉴시스이억원 금융위원장은 ""주가조작 등 불공정거래 행위를 엄단하겠다""고 강조했다.이억원 금융위원장은 6일 경제분야 대정부질문에서 박범계 더불어민주당 의원이 '정치, 문화예술 테마주에 대한 성역 없는...",https://news.mtn.co.kr/news-detail/2026040617315083193,11,,1
"공정위, 하도급법 위반 성우하이텍에 과징금 4천600만원","공정위 관계자는 ""금형 업계에서 관행적으로 이루어져 온 계약서 지연교부 행태 등을 적발해 제재한 것""이라면서 ""앞으로도 국가 핵심 뿌리산업인 금형 분야의 불공정하도급거래행위를 지속적으로 감시하고 법...",https://www.jbnews.com/news/articleView.html?idxno=1501872,0,,0
"[마켓Q] 예탁원, 이윤수 사장 선임안 의결...금융위 승인만 남아",지난해 7월 서울 여의도 한국거래소에서 이윤수 당시 금융위원회 증권선물위원회 상임위원이 자본시장 불공정거래 근절 실천방안 합동브리핑을 하고 있다./사진=연합뉴스 1969년생인 이 사장은 서울대 국제경제학과와...,https://www.asiatime.co.kr/article/20260406500361,16,,1
"강북구, '석유 매점매석 신고 센터' 운영","강북구가 유가 폭등으로 인한 불공정 거래 행위를 차단하기 위해 '석유 매점매석 신고 센터'를 운영하고 있습니다. 5월 12일까지 한시적으로 운영되고, 정당한 사유 없이 판매를 거부하거나 폭리를 목적으로 석유를...",https://news.skbroadband.com/news/articleView.html?idxno=223292,0,,0
'오지급 후폭풍' 거래소 뿌리부터 개선···금융당국 전산·통제 전면 ...,"현재 이용자 보호 체계는 예치금 분리 보관이나 콜드월렛 비율, 해킹 대응 준비금, 불공정거래 규제 등 자산 보관과 외부 리스크 관리에 무게가 실려 있다. 반면 지급 승인 절차나 상시 잔고대사 주기, 고위험 거래 사전...",https://www.womaneconomy.co.kr/news/articleView.html?idxno=252104,4,,1
[팩트체크] 주유소 사장님도 모르는 기름값의 비밀…‘사후정산제’가...,2013년 사후 정산제가 불공정 거래에 해당하지 않는다는 대법원 판결이 나오면서 법적 문제는 일단 없는 것으로 판단된 상황이다. Q. 사후 정산제가 아예 폐지되는 방향으로 논의되고 있는가? A. 더불어민주당과 정부는...,https://biz.chosun.com/industry/company/2026/04/06/RAZSY356RBA6VJXKHZUEKVZHGY/?utm_source=naver&utm_medium=original&utm_campaign=biz,0,,0
"하도급 계약서 최대 873일 지연…공정위, 성우하이텍에 과징금 4600만원","지연교부 행태 등이라는 것이 공정위 측의 설명이다. 공정위 관계자는 ""국가 핵심 뿌리산업인 금형 분야의 불공정하도급거래행위를 지속적으로 감시하고 법 위반행위를 적발할 경우 엄중 조치할 것""이라고 말했다.",https://www.newspim.com/news/view/20260406001090,0,,0
"성우하이텍, '갑질' 계약 관행에 제동… 공정위, 과징금 4600만원 부과",현대자동차와 기아의 주요 협력사인 자동차 부품업체 ㈜성우하이텍이 하도급 업체들을 상대로 '선(先)공사 후(後)계약' 식의 불공정 거래를 해오다 적발됐다. 공정거래위원회는 성우하이텍이 자동차 부품 금형 제조...,https://www.pointe.co.kr/news/articleView.html?idxno=77783,0,,0
"성우하이텍, 하도급법 위반…공정위, 과징금 4600만원 부과","이뤄진 서면 발급 의무 위반 행태를 적발‧제재한 건""이라며 ""앞으로도 국가 핵심 뿌리산업인 금형 분야의 불공정 하도급 거래 행위를 지속적으로 감시하고 법 위반 시 엄중 조치할 계획""이라고 밝혔다. 더퍼블릭",https://www.thepublic.kr/news/articleView.html?idxno=300038,0,,0
[기자수첩] 공시·소통 논란 반복…코스닥 신뢰는 왜 스스로 무너지나,"실제로 한국거래소 시장감시위원회에 따르면 지난해 금융위원회에 통보된 불공정거래 의심 사건 98건 중 58건(59.2%)이 미공개정보 이용이었습니다. 특히 코스닥 시장에서 발생한 건수가 66건(67.3%)으로, 코스피(28건·28.6%)를...",https://www.greened.kr/news/articleView.html?idxno=338880,20,,1
"[단독]공정위, 신세계라이브쇼핑·컬리 현장조사 착수",공정위는 티커머스(T-commerce) 등 온라인 유통시장에서 발생하는 불공정 거래 행위를 점검 중인 것으로 알려졌다. 특히 오프라인 중심으로 설계된 현행법 체계에 대한 보완 방안 및 제도 개선 필요성을 살펴볼 계획이다....,https://view.asiae.co.kr/article/2026040615390333514,0,,0
"당정, 호르무즈 봉쇄에 '특사 파견' 총력전…주유소 '사후정산제' 폐지...",국내 유가 안정을 위해 정유업계와 주유소 간 불공정 거래 관행도 손질한다. 당정은 정유사가 제품을 먼저 공급한 뒤 한 달 뒤에 가격을 결정하던 '사후정산제'를 원칙적으로 폐지하기로 합의했다. 그간 주유소는 매입가를...,https://www.idaegu.co.kr/news/articleView.html?idxno=544075,0,,0
"서면 발급 의무 위반한 성우하이텍…공정위, 과징금 4천600만원 부과",공정위 관계자는 “앞으로도 국가 핵심 뿌리산업인 금형 분야의 불공정 하도급 거래 행위를 지속적으로 감시하고 법 위반 행위를 적발할 경우 엄중 조치할 계획”이라고 말했다.,https://www.kyeonggi.com/article/20260406580490,0,,0
"강북구, 5월12일까지 석유 매점매석행위 신고센터 한시적 운영",사실 확인 후 행정조치… 불공정 거래 사전차단  강북구는 최근 자원위기 주의 경보발령 및 석유류 수급 불안 상황에 따라 불공정 거래행위를 사전에 차단하고 건전한 유통질서를 확립하기 위해 ‘석유 매점매석행위...,https://www.siminilbo.co.kr/news/newsview.php?ncode=1160286968142947,0,,0
"공정위, '하도급 부실 계약서' 성우하이텍에 과징금 4천 600만원",공정위는 이번 조치가 금형 업계에서 관행적으로 이뤄지던 계약서 지연 발급 행태를 적발한 사례라며 국가 핵심 사업인 금형 분야의 불공정 거래를 지속적으로 감시하겠다고 밝혔습니다.,https://news.bbsi.co.kr/news/articleView.html?idxno=4076565,2,,1
[단독] 금융범죄는 지능화하는데…검찰개혁 뒤 대책 없는 금융당국,"금융위는 이들이 자본시장조사심의위원회·감리위원회 안건 법률자문, 자본시장 불공정거래 조사, 특정금융거래정보 심사분석·제공 업무를 수행한다고 밝혔다. 금융위 파견검사 수는 2021년부터 올해 3월까지 5년째...",https://news.mtn.co.kr/news-detail/2026040614033054217,10,,1
"성우하이텍, 하도급 계약서 '늑장·부실' 발급…공정위, 과징금 4600만원...","공정위 관계자는 ""앞으로도 국가 핵심 뿌리산업인 금형 분야의 불공정 하도급 거래행위를 지속 감시하고, 법 위반 행위를 적발할 경우 엄중 조치할 계획""이라고 밝혔다.",http://www.newslock.co.kr/news/articleView.html?idxno=128135,2,,1
제25회 공정거래의 날 기념행사… 유공자 29명 훈·포장 수여,"납품단가 미반영, 기술 탈취, 불공정 하도급 거래 등 구조적 문제에 직면해 온 중소기업 입장에서는 공정거래 기반이 마련될 때 비로소 정당한 대가를 받고 지속가능한 성장이 가능하기 때문이다. 중소기업계는 이번...",http://www.kbiznews.co.kr/news/articleView.html?idxno=113848,0,,0
'협력업체 상생 우수'라면서 불공정하도급 거래로 과징금… 어디?,"거래에 대한 경각심이 높아져야 한다는 목소리가 나온다. 공정당국은 ""국가 핵심 뿌리산업인 금형 분야의 불공정하도급거래행위를 지속적으로 감시하고 법 위반행위를 적발할 경우 엄중 조치할 계획""이라고 밝혔다.",https://www.safetynews.co.kr/news/articleView.html?idxno=247389,0,,0
"""최대 873일 버티기""…성우하이텍 하도급법 위반 드러나","사용을 권장하고 있으며, 선급금과 중도금 지급 기준도 명확히 제시하고 있다. 공정위는 앞으로도 금형 등 핵심 제조 산업에서의 불공정 하도급 거래를 지속적으로 점검하고 위법 행위에 대해 엄정 대응할 방침이다.",https://www.kizmom.com/news/articleView.html?idxno=109012,0,,0
"공정위, 성우하이텍의 반복된 하도급 '갑질' 제재…계약서 최대 873일 지...","금형 업계 관행 적발…공정위 ""뿌리산업 불공정 거래 엄정 대응"" 공정위는 이번 제재가 금형 업계에서 관행적으로 발생해온 서면 지연 발급 관행을 적발한 사례라는 점에서 의미가 있다고 설명했다. 서면을 나중에...",https://www.newsinside.kr/news/articleView.html?idxno=4567801,0,,0
"성우하이텍, 부실·늑장 하도급 계약서 발급…공정위 과징금 4천600만원","공정위 관계자는 ""금형 업계에서 관행적으로 이뤄져 온 계약서 지연 교부 행태를 적발해 제재한 건""이라며 ""앞으로도 국가 핵심 뿌리산업인 금형 분야의 불공정 하도급 거래 행위를 지속 감시하고 법 위반 행위를 엄중...",https://www.imaeil.com/page/view/2026040612444021715,2,,1
"강북구 석유 매점매석 신고센터, 판매 기피·과다 공급 점검",서울 강북구는 자원 위기 주의 경보 발령과 석유류 수급 불안 상황에 따라 불공정 거래 행위를 사전에 차단하고 건전한 유통질서를 확립하기 위해 '석유 매점매석 행위 신고 센터'를 운영하고 있다고 6일 밝혔다. 신고...,https://www.newsis.com/view/NISX20260406_0003579280,0,,0
"공정위, '하도급 부실 계약서' 성우하이텍 과징금 4600만원","공정위는 ""금형업계에서 관행적으로 이뤄진 계약서 지연교부를 적발했다""면서 ""국가 핵심 뿌리산업인 금형 분야의 불공정하도급거래행위를 지속적으로 감시하고 법 위반행위를 적발할 경우 엄중 조치할 계획""이라고...",https://www.busan.com/view/busan/view.php?code=2026040612160224324,2,,1
"""약국 소모품 우선 공급을""…약포지 등 수급대란 대응 착수","약사회에 따르면 권영희 회장은 이 자리에서 약국 소모품의 안정적 공급을 위해 우선 배정 필요성을 강조하고, 유통 과정에서 발생할 수 있는 가격 급등 및 불공정 거래 행위에 대한 집중 관리 필요성을 요청했다. 약사회는...",https://www.dailypharm.com/user/news/337218?REFERER=NP,0,,0
"성우하이텍, 서면발급의무 위반…공정위 제재",제3조의 서면 발급의무를 위반한 것이라고 공정위는 지적했다. 공정위는 앞으로도 국가 핵심 뿌리산업인 금형분야의 불공정 하도급거래행위를 감시하고 법 위반행위를 적발하면 엄중하게 조치하겠다고 설명했다.,https://news.einfomax.co.kr/news/articleView.html?idxno=4407906,0,,0
"공정위, ㈜성우하이텍 불공정하도급거래행위 제재",중도금 지급 비율을 표준 계약서 표지에 명시하도록 하고 있다. 공정위는 앞으로도 국가 핵심 뿌리산업인 금형 분야의 불공정하도급거래행위를 지속적으로 감시하고 법 위반행위를 적발할 경우 엄중 조치할 계획이다.,http://www.intn.co.kr/news/articleView.html?idxno=2049985,0,,0
"공정위, 성우하이텍 ‘불공정하도급 거래행위’ 제재",공정거래위원회는 6일 성우하이텍이 자동차용 부품 관련 금형 제조 등을 위탁하면서 ‘하도급거래 공정화에 관한 법률’을 위반한 행위에 대해 시정명령 및 과징금 4600만 원을 부과하기로 결정했다고 밝혔다. 공정위에...,http://www.edaily.co.kr/news/newspath.asp?newsid=03388246645413496,0,,0
"공정위, 서면발급 의무 위반한 성우하이텍에 과징금 4600만원 부과",공정위는 앞으로도 국가 핵심 뿌리산업인 금형 분야 불공정하도급거래행위를 지속적으로 감시하고 법 위반행위를 적발하면 엄중 조치할 계획이다. 공정위 관계자는 “이번 사건은 금형 업계에서 관행적으로 이뤄져 온...,https://zdnet.co.kr/view/?no=20260406114722,0,,0
"공정위, 성우하이텍의 불공정하도급거래행위 제재",서면발급의무를 위반한 성우하이텍이 공정거래위원회로부터 제재를 받았다. 공정위는 ‘하도급거래 공정화에 관한 법률’을 위반한 혐의로 성우하이텍에 대해 시정명령과 과징금 4600만원을 부과한다고 6일 밝혔다....,https://www.dailian.co.kr/news/view/1629862/?sc=Naver,0,,0
"공정위, 성우하이텍 하도급법 위반 과징금…금형업 관행 제재",선급금과 중도금 지급 비율을 명시해 초기 비용 부담을 낮추는 구조다. 공정위 관계자는 “금형 등 뿌리산업 전반의 불공정 하도급 거래를 지속 점검할 계획”이라고 말했다.,https://www.etnews.com/20260406000106,0,,0
"성우하이텍, 하도급 계약서 '뒷북 발급' 무더기 적발…공정위, 과징금 ...","공정위는 ""국가 핵심 뿌리산업인 금형 분야의 불공정 거래 행위를 지속해서 감시하고 법 위반 시 엄중히 조치해 원사업자의 경각심을 높여 나갈 것""이라고 강조했다.",https://view.asiae.co.kr/article/2026040610221076137,0,,0
"공정위, 서면 발급 의무 위반 성우하이텍에 과징금 4600만원","원사업자의 경각심을 높였다는 데 의의가 있다""고 평가했다. 이어 ""앞으로도 국가 핵심 뿌리산업인 금형 분야의 불공정하도급거래행위를 지속 감시하고 법 위반행위를 적발할 경우 엄중 조치할 계획""이라고 전했다．",https://www.newsis.com/view/NISX20260406_0003578704,0,,0
"성우하이텍, 하도급 서면 지연·누락… 공정위, 과징금 4600만 원 제재",반영한 표준하도급계약서를 마련해 보급하고 있으며 선급금과 중도금 지급 기준도 명시하도록 권장하고 있다. 앞으로도 금형 분야 불공정 하도급 거래를 지속적으로 감시하고 위법 행위 적발 시 엄정 대응할 방침이다.,https://www.mediapen.com/news/view/1091460,0,,0
"""계약서 지연교부""…공정위, 성우하이텍에 시정명령·과징금 4600만원 부...","공정위 관계자는 ""앞으로도 국가 핵심 뿌리산업인 금형 분야의 불공정하도급 거래행위를 지속적으로 감시하고 법 위반행위를 적발할 경우 엄중 조치할 계획""이라고 말했다.",http://www.fnnews.com/news/202604060924509259,0,,0
"""일단 작업부터 해""···성우하이텍, 하도급 계약서 '늑장 발급' 철퇴",그러면서 앞으로도 국가 핵심 뿌리산업인 금형 분야의 불공정 하도급 거래 행위를 지속적으로 감시하겠다고 전했다. 한편 공정위는 금형 제작의 초기 비용이 큰 업계 특수성을 고려해 수급사업자가 대금을 쉽게 회수할...,https://www.seoulfn.com/news/articleView.html?idxno=625666,0,,0
"공정위, 서면에 하도급 요건 미기재한 성우하이텍에 과징금 4600만원","공정위 관계자는 ""제조업 품질 경쟁력의 근간을 형성하는 금형 분야에서 관행적으로 이뤄진 서면발급의무 위반 행태를 적발·제재한 것""이라며 ""앞으로도 국가 핵심 뿌리산업인 금형 분야의 불공정 하도급거래...",https://www.ajunews.com/view/20260406094333627,0,,0
"하도급 계약서 부실·늑장발급 '성우하이텍', 공정위 제재","공정위 관계자는 ""앞으로도 국가 핵심 뿌리산업인 금형 분야의 불공정 하도급 거래 행위를 지속적으로 감시하고 법 위반 행위를 적발할 경우 엄중 조치할 계획""이라고 밝혔다.",https://www.mt.co.kr/economy/2026/04/06/2026040608291763032,2,,1
"'서면 발급 의무 위반' 성우하이텍…공정위, 과징금 4600만원","및 중도금 지급 비율을 표준 계약서 표지에 명시하도록 하고 있다. 공정위는 ""국가 핵심 뿌리산업인 금형 분야의 불공정하도급거래행위를 지속적으로 감시하고 법 위반행위를 적발할 경우 엄중 조치하겠다""고 밝혔다.",https://news.tf.co.kr/read/economy/2309889.htm,0,,0
하도급 계약서 2년 넘게 지연지급…성우하이텍 과징금 4600만원,"공정위 관계자는 ""제조업 품질 경쟁력의 근간을 형성하는 금형 분야에서 관행적으로 이루어진 서면 발급 의무 위반 행태를 적발·제재한 건""이라며 ""금형 분야의 불공정 하도급 거래 행위를 지속적으로 감시하고 법...",https://www.news1.kr/economy/trend/6126282,0,,0
"강북구, 석유 매점매석 신고센터 운영…불공정 거래 집중 단속","서울 강북구는 다음 달 12일까지 석유류 수급 불안에 대응해 불공정 거래를 차단하기 위한 '석유 매점매석행위 신고센터'를 운영한다고 6일 밝혔다. 신고 대상은 판매 기피, 특정 업체 편중 공급, 폭리를 위한 과다 보유 등...",https://www.news1.kr/local/seoul/6126606,0,,0
"석유 수급 불안 속 불공정 거래 차단...강북구, '매점매석 신고센터' 가...",강북구(구청장 이순희)는 에너지 수급 불안을 악용한 매점매석 등 불공정 거래를 차단하고 건전한 시장 질서를 세우고자 '석유 매점매석행위 신고센터'를 설치해 운영에 나섰다. 신고센터는 내달 12일까지 한시적으로...,http://www.babytimes.co.kr/news/articleView.html?idxno=72573,0,,0
"강북구, 석유 매점매석 신고센터 운영",강북구청 제공 서울 강북구가 중동 전쟁으로 최근 불거진 석유류 수급 불안을 틈타 폭리를 취하려는 불공정 거래 행위를 원천 차단하기 위한 주유소 매점매석 집중 단속과 신고센터 운영에 나선다. 강북구는 자원위기주의...,https://www.munhwa.com/article/11580035?ref=naver,0,,0
"강북구, 석유 매점매석 근절 신고센터 가동",강북구가 자원 위기 상황을 틈탄 석유류 불공정 거래를 막기 위해 '석유 매점매석행위 신고센터'를 설치하고 본격적인 운영에 들어갔다. 최근 석유 수급 불안이 이어짐에 따라 발생할 수 있는 시장 교란 행위를 사전에...,https://www.jeonmae.co.kr/news/articleView.html?idxno=1245365,0,,0
"유가 급등기 불공정 거래 차단... 강북구, 석유 매점매석 신고센터 운영",사진=강북구청 서울 강북구는 최근 자원위기 주의 경보발령 및 석유류 수급 불안 상황에 따라 불공정 거래행위를 사전에 차단하고 건전한 유통질서를 확립하기 위해 ‘석유 매점매석행위 신고센터’를 설치·운영하고...,https://weekly.cnbnews.com/news/article.html?no=211079,0,,0
"거래소, 계양전기우 투자경고 종목 지정","투자주의종목은 불공정거래 개연성이 있는 종목에 대해 지정하는 제도다. 주의종목 지정 이후에도 주가 이상 상승이 계속될 경우 투자경고 종목으로 지정되며, 이후 투자위험 종목으로 지정된다.",https://www.pointdaily.co.kr/news/articleView.html?idxno=299777,4,,1
"[IFRS17 도입, 보험사 점검] ① 흥국생명, 내실 경영 가속…수익성 중심...",이에 <한스경제>는 주요 보험사들의 자본적정성 변화를 통해 지급여력비율(킥스·K-ICS)과 CSM이 손익 구조에 미치는 영향을 업체별로 분석했다. <편집자주> | 서울=한스경제 이지영 기자 |  흥국생명은 그동안 자본...,http://www.hansbiz.co.kr/news/articleView.html?idxno=830696,3,,1
"신한라이프 '약진'…생보업계, '빅3 시대' 가고 '빅4 시대' 온다","IFRS17 도입 이후 보험사를 평가하는 기준은 순이익이나 자산보다 CSM(보험계약마진), 킥스(지급여력비율, K-ICS) 등의 중요도가 높아졌다. IFRS17은 지난 2023년 도입된 보험회계제도로 보험부채를 기존 원가가 아닌...",https://www.news1.kr/finance/insurance-card/6127212,4,,1
"KB손보, CSM 9조 첫 돌파…'보장성 중심' 전략 통했다","보험사의 미래 수익성 지표인 CSM 잔액이 9조원대를 넘어선 것은 처음이며, 삼성화재·DB손해보험·메리츠화재에 이어 손보 업계에서 4번째로 높은 수치다. 건전성 지표인 신지급여력비율(킥스·KICS)도 지난해 말 191.5%로...",https://daily.hankooki.com/news/articleView.html?idxno=1355533,5,,1
당국 ‘기본자본 규제’ 내년 도입…삼성생명·화재 자본 기반 안정화,내년 3월 말 기준 기본자본 킥스가 50% 미만인 보험사에는 최저이행기준을 부과해 9년간 50%까지 끌어올릴 수 있도록 목표치를 준다. 이민지 글로벌이코노믹 기자,https://www.g-enews.com/view.php?ud=202604061541316147a6e8311f64_1,3,,1
'6수생' 예별손보 입찰 또 연기…한투·하나 인수 의지 식었나,"MG손해보험의 가교 보험사인 예별손해보험의 입찰 일정이 또다시 미뤄졌다. 예금보험공사는 인수자 측의... 같은 기간 건전성 지표인 지급여력비율(K-ICS·킥스비율)도 경과조치 적용 전 8.24%, 적용 후 9.69%를 기록해...",https://www.newsway.co.kr/news/view?ud=2026040614265126261,5,,1
"보험업황 부진 속 태광그룹 계열사의 '약진'...흥국생명·흥국화재 ""내실...","흥국화재도 지닌해 말 기준으로는 196.0%의 안정적 수준을 유지하고 있으며, 최근 1000억원 규모의 후순위채 자금 조달을 감안할 경우 킥스비율 200%를 넘어설 전망이다. 한편 지난해 보험업계는 두자릿수 순이익 감소를...",https://www.greened.kr/news/articleView.html?idxno=338871,1,,0
경과조치 보험사에 드리운 기본자본 '착시'…규제 형평성 논란,"킥스가 여러 경과조치를 전제로 연착륙을 설계한 만큼, 기본자본규제에 일정한 경과규정 적용은 불가피하다는 반론도 있다. 다른 보험업계 관계자는 ""경과조치는 가용자본뿐만 아니라 요구자본에도 적용되고 있다....",https://www.kbanker.co.kr/news/articleView.html?idxno=224630,3,,1
[기자수첩] 보험 소비자 민원 챙기는 금감원장,"이찬진 금감원장은 백내장 실손보험금 미지급 사태 당시 시위 민원인을 직접 만나 분쟁 접수 건을 중심으로... 그 원칙이 흔들리면 상품 설계와 보험료 산정, 나아가 계약의 신뢰 자체가 무너질 수밖에 없다. 특히 민원은...",https://dealsite.co.kr/articles/159621,8,,1
"실손, 자주 쓰면 유지… 거의 안 쓰면 5세대 전환이 유리",도수·체외충격파 등 자기부담 높여 최대 3년간 보험료 50% 할인 검토 이용 패턴 따라 꼼꼼하게 살펴야 다음 달 출시를 앞둔 5세대 실손의료보험을 두고 가입자들의 고민이 커지고 있다. 보험료 인하라는 ‘당근’과 비급여...,https://www.seoul.co.kr/news/economy/Insurance/2026/04/07/20260407031003?wlog_tag3=naver,2,,1
"라이나손보, 재물보험 '5건 중 1건' 미지급…부지급률 20% 육박","방식으로 보험료를 지급하기도 한다""라고 했다. 이에 손보사에서도 재물보험은 리스크 관리가 까다로운 상품으로 손꼽힌다. 실손보험처럼 청구가 일정하게 발생하는 구조가 아닌, 대형 화재나 자연재해 등 특정 이슈에...",https://news.tf.co.kr/read/economy/2309977.htm,2,,1
[브리프] 삼성생명 신한라이프 KB라이프 ABL생명 삼성화재 NH농협손보,위해 보험료 납입 유예 등 긴급 지원을 실시한다고 6일 밝혔다. 지원 대상은 지난 2월 28일 이후 중동지역에서... 실손보험 청구 전산화를 기반으로 보험금 청구부터 지급까지 소요 시간을 기존 수시간에서 길게는...,http://www.biztribune.co.kr/news/articleView.html?idxno=351919,2,,1
"KMI 안지현 연구위원, AI와 의학 교육 출간 外","2025년 4월 감사원이 발표한 '건강ㆍ실손ㆍ자동차보험 등 보험서비스 이용실태' 보고서를 보면, 향후... 자동차보험 치료를 중단하면 환자들이 건강보험으로 몰려 재정 부담이 커지고 결국 국민 전체의 건강보험료...",http://www.newsmp.com/news/articleView.html?idxno=252551,2,,1
"한의협, 국토부 자동차보험 경상환자 치료 제한 정면 반박","협회는 2025년 4월 발표된 감사원 보고서(건강·실손·자동차보험 등 보험서비스 이용실태)를 인용하며, 향후... 민간보험사의 비용을 줄이는 대신 그 부담을 국민 전체가 부담하는 건강보험 재정으로 전가하고, 건강보험료...",https://medicalworldnews.co.kr/news/view.php?idx=1510973923,5,,1
[보험사 이모저모] 삼성생명·신한라이프·ABL생명·삼성화재,"사진=신한라이프 ◆신한라이프, 중동 피해 고객 보험료·대출 원리금 납입유예 신한라이프는 중동사태로... 삼성화재가 실손보험 청구~지급 평균 10분 내 처리 체계를 구축했다. 사진=삼성화재 ◆삼성화재, 실손보험 청구...",http://www.bizwnews.com/news/articleView.html?idxno=132604,6,,1
'5세대 실손'은 무조건 불리?…SNS '공포마케팅' 횡행,소비자에게 균형 잡힌 정보를 제공하려면 5세대 실손보험의 장점도 알려야 하는데 그런 부분은 빠져 있다. 금융위원회 공식 발표에 따르면 5세대 실손보험료는 4세대 대비 30~50% 인하될 것으로 추정된다. 비급여 보장...,https://www.kpinews.kr/newsView/1065600224876635,12,,1
또 밀린 5세대 실손…5월엔 나오나 [이슈 더보기],1·2세대 실손보험 가입자가 5세대 상품으로 갈아탈 경우 보험료를 3년간 약 50% 할인하는 방안이 거론된다. 이에 따라 월 보험료는 1만원대 초반 수준으로 전망된다. 다만 4세대 실손보험 도입 당시에도 유사한 수준의 할인...,https://www.ngetnews.com/news/articleView.html?idxno=549747,2,,1
보험 경쟁 키워드 '속도·연결·보호'…손보사 전략 변화,실손보험 청구 전산화 플랫폼을 기반으로 별도 심사가 필요 없는 경우 자동 심사를 통해 평균 10분 이내... 보험 제공사진=신한라이프 제공 신한라이프는 중동 지역 정세 악화로 피해를 입은 고객을 대상으로 보험료 납입...,http://www.kdfnews.com/news/articleView.html?idxno=181444,2,,1
"“자주 쓰면 유지, 거의 안 쓰면 전환”… 5세대 실손, ‘갈아타기 득실...",다음 달 출시를 앞둔 5세대 실손의료보험을 두고 가입자들의 고민이 커지고 있다. 보험료 인하라는 ‘당근’과 비급여 보장 축소라는 ‘채찍’이 동시에 제시되면서 갈아타기 판단이 더 복잡해졌다. 6일 보험업계와...,https://www.seoul.co.kr/news/economy/finance/2026/04/06/20260406500182?wlog_tag3=naver,2,,1
[이성진의 金맥 지도] 5세대 실손 '환승 보상' 막바지 조율…효과는 '글...,"당국은 기존 1세대·초기 2세대 실손보험 계약을 해지하고 5세대 실손으로 전환할 경우 보험료를 3년간 50% 할인해 주는 방식을 제시했고, 보험사와 할인율과 할인 기간 등에 대해 조율 중인 것으로 전해졌다. 5세대 실손...",https://www.ajunews.com/view/20260406134128859,5,,1
"한의협 ""경상환자 8주 치료 제한, 피해는 환자에게·이익은 보험사에 돌...","한의협은 ""2025년 4월에 발표된 감사원 보고서 '건강·실손·자동차보험 등 보험서비스 이용실태'에 따르면... 이어 ""이는 민간보험사의 비용을 줄이는 대신 그 부담을 건강보험 재정으로 전가하고 건강보험료 상승으로...",https://www.rapportian.com/news/articleView.html?idxno=234431,5,,1
"[기획] 농협생명, AI로 보험설계 고도화…효율·만족도 잡는다",이를 통해 고객은 기존 가입 담보와 납입 가능 보험료를 반영한 최적화된 상품을 빠르게 추천받을 수 있으며... 실손 보험이나 재해 보험 등 고객 맞춤형 추천이 필요하지 않은 상품을 제외하고는 농축협에서 판매하는...,http://www.newswatch.kr/news/articleView.html?idxno=78946,2,,1
"""교통사고 경상환자 충분한 치료? 연장은 단 1회…8주 제한 피해는 환자...","건강보험으로 편입되어 자동차보험에서 지출되어야 할 보험료가 건강보험재정으로 지출되고 있는 상황을... 한의협은 ""감사원 보고서(건강·실손·자동차보험 등 보험서비스 이용실태)에 따르면 현재도 매년 연평균 37만...",http://www.mjmedi.com/news/articleView.html?idxno=62349,2,,1
"자보 '8주 치료 제한', 환자 아닌 보험사 위한 제도…한의협, 국토부 정...","실제로 2025년 4월 감사원이 발표한 '건강·실손·자동차보험 등 보험서비스 이용실태' 보고서에 따르면, 향후... 보험으로 이동하면서 재정 누수가 더욱 확대될 것""이라며 ""결국 보험사의 비용 절감이 국민 전체의 보험료...",https://www.apsk.co.kr/news/articleView.html?idxno=539053,5,,1
보험금 지급 '10분 시대'…실손 전산화·AI 결합에 속도 경쟁,"정부는 참여 확대를 위해 요양기관과 EMR 업체에 개발비, 유지보수비 등을 지원하고, 신용보증기금 보증료 인하와 보험료 할인 등 인센티브를 제공하고 있다. 보험업계 관계자는 ""실손보험 청구 전산화와 AI 도입이...",http://www.4th.kr/news/articleView.html?idxno=2110047,2,,1
제2 빗썸 오지급 사태 막는다...거래소 자산점검 ‘5분 주기’ 의무화,오지급 사태를 일으킨 빗썸에 대해서는 제재에 나선다. 금감원은 3월 6일까지 빗썸에 대한 현장검사를 실시했으며 가상자산 이용자보호법 위반 여부에 대한 법률 검토를 마무리하는대로 제재 절차에 착수할 계획이다.,https://www.mk.co.kr/article/12009598,9,,1
"[뉴스하이킥] 서영교 “박상용 '진술 회유 의혹', 개인 일 아냐…‘윤석...","서민을 위한 법안을 해 나가되 형사소송법 개정안을 마저 정리해서 검사는 기소 그리고 수사는 경찰과... 국정원, 그리고 북과의 관계 쌍방울, 그리고 금감원까지 연결되는데요. 그렇다면 이 과정 속에서 이시원이라고 하는...",https://n.news.naver.com/mnews/article/214/0001491026?sid=100,6,,1
"[단독] 기술금융 실적 부풀리기 의혹에 … 금감원, 은행 대출과정 검사...",앞서 금감원은 한국평가데이터 등 기술신용평가 업체를 검사하는 과정에서 두 은행이 한국평가데이터의 보증서를 토대로 기술신용대출을 내준 점에 착안해 수시검사에 나서기로 했다. 금감원은 한국평가데이터가 은행에...,https://www.mk.co.kr/article/12009445,12,,1
가상자산 '5분 잔고 체크' 의무화…5월까지 전산시스템 구축,"한편, 금감원은 빗썸에 대한 현장 검사를 통해 내부통제 전반의 문제점을 확인했으며 법률 검토를 마무리하는 즉시 제재 절차에 착수할 계획입니다. 강은혜 머니투데이방송 MTN 기자",https://news.mtn.co.kr/news-detail/2026040616273665566,3,,1
MBK·스톤브릿지 후속 제재 결국 지선 이후로…정무적 부담에 논의 멈춰,"MBK파트너스처럼 특정 딜(거래)을 겨냥한 테마 검사라기보다, 금감원이 강화하고 있는 PEF 운용사 내부통제 점검의 연장선에서 운용 과정 전반을 들여다보는 식으로 검사가 이뤄졌다. 투자은행(IB) 업계에서는...",https://www.etoday.co.kr/news/view/2573099,9,,1
"“빗썸 사태, 사람 아닌 시스템 문제”…가상자산 거래소 전면 개편",향후 ‘2단계 가상자산법’(디지털자산법)’에도 반영된다. 한편 금감원은 별도로 진행 중인 빗썸 검사에서 내부통제 전반의 문제를 확인한 만큼 법 위반 여부 검토를 마치는 대로 제재 절차에 착수한다는 방침이다.,https://www.news2day.co.kr/article/20260406500221,9,,1
'빗썸 유령코인 사태'에…가상자산거래소 잔고대조 5분 단위로 강화,한편 금감원은 지난 2월 10일부터 3월 6일까지 진행한 빗썸 검사에서 조직·업무·전산 시스템 전반의 내부통제 문제를 확인했다고 밝혔다. 금감원은 가상자산이용자보호법 위반 여부에 대한 법률 검토를 마치는 대로...,https://www.hankyung.com/article/202604062047i,9,,1
"""대북송금 조작수사""…시민단체, 윤석열·한동훈 등 7명 고발","쌍방울 대북송금 사건을 수사한 박 검사에게는 공무상 비밀누설 혐의가 추가됐다. 사세행은 ""대북송금 사건은 검찰, 대통령실, 국정원, 금감원 등 주요 국가기관이 총동원돼 이재명 당시 더불어민주당 대표를 엮기 위한...",https://news.tf.co.kr/read/life/2309943.htm,6,,1
"금융당국, 가상자산 거래소 '5분 단위 잔고 점검' 의무화","한편, 금감원은 빗썸에 대한 검사를 통해 확인된 내부통제 부실과 관련해 법률 검토를 마무리하는 대로 즉시 제재 절차에 착수할 방침이다. 정서영 기자 insyong@chosunbiz.com",https://it.chosun.com/news/articleView.html?idxno=2023092159890,12,,1
"금융위, 가상자산 거래소에 5분 주기 '잔고검증' 의무화…'제2 오지급' ...","금감원은 “검사를 통해 조직, 업무, 전산 시스템 등 내부통제 전반의 문제점을 확인했다”며 “가상자산이용자보호법 위반 여부에 대한 법률 검토를 마치는 대로 즉시 제재 절차에 착수할 것”이라고 밝혔다.",https://zdnet.co.kr/view/?no=20260406144325,16,,1
"코인 거래소, 실시간 감시망 깐다","금감원은 지난 2월 10일부터 3월 6일까지 빗썸 현장검사를 실시했으며, 가상자산 이용자보호법 위반 여부에 대한 법률 검토를 마치는 대로 제재 절차에 착수할 방침이다. 금융당국은 이번 사고를 한 거래소의 일회성 실수로...",http://www.hansbiz.co.kr/news/articleView.html?idxno=830691,10,,1
'빗썸 사고' 후속대책까지 두 달간 숨 가쁘게 진행된 고강도 점검,"금감원, 빗썸 검사서 내부통제 전반 문제 확인…제재 절차 착수 지난 2월, 빗썸이 약 60조원 규모의 비트코인을 고객에게 오지급하는 사고가 발생했다. 사태 발생 직후 금융당국과 업계는 긴급대응반을 꾸려 거래소 시스템...",https://news.einfomax.co.kr/news/articleView.html?idxno=4407933,7,,1
"5분마다 실제 코인 잔고 확인…금융당국, 거래소 내부통제 전면 강화",금감원은 빗썸에 대한 검사를 통해 조직･업무･전산시스템 등 내부통제의 전반적 문제점을 확인했다. 이후 가상자산이용자보호법 위반 여부에 대한 법률 검토 등을 마치는 대로 즉시 제재절차에 착수할 계획이다.,https://www.etoday.co.kr/news/view/2573055,10,,1
"금융위, 가상자산 '5분 잔고 체크' 의무화…내부통제 금융권 수준으로","이번 개선안의 주요 내용은 향후 추진될 '2단계 가상자산법'에도 반영할 예정이다.한편, 금감원은 빗썸에 대한 현장 검사를 통해 내부통제 전반의 문제점을 확인했으며, '가상자산이용자보호법' 위반 여부에 대한 법률...",https://news.mtn.co.kr/news-detail/2026040609490011707,16,,1
코인 거래소 '5분 단위 자산 점검' 의무화 … 금융사 수준 내부통제,2단계법)'에도 주요 내용을 반영해 제도적 강제력을 확보할 방침이다. 한편 금감원은 빗썸 검사 결과를 토대로 관련 법 위반 여부를 검토 중이다. 검토가 마무리되는 대로 제재 절차에 착수할 예정이다. 뉴데일리 정혜영,https://biz.newdaily.co.kr/site/data/html/2026/04/06/2026040600256.html,7,,1
"""유령코인 막는다""…가상자산거래소 '5분 단위' 검증 시스템","한편, 금감원은 빗썸에 대한 검사를 거쳐 조직･업무･전산시스템 등 내부 통제의 전반적 문제점을 확인했고, 가상자산이용자보호법 위반 여부에 관한 법률 검토 등을 마무리하는 대로 즉시 제재 절차에 착수할...",https://www.nocutnews.co.kr/news/6497083?utm_source=naver&utm_medium=article&utm_campaign=20260406020029,9,,1
"금융당국, '빗썸 사태'에 가상자산 거래소 전면 점검…내부통제 강화 나...",한편 금감원은 빗썸에 대한 검사에서 내부통제 전반의 문제점을 확인했으며 가상자산 이용자보호법 위반 여부에 대한 법률 검토를 마무리하는 대로 제재 절차에 착수할 방침이다. [신아일보],https://www.shinailbo.co.kr/news/articleView.html?idxno=5008332,10,,1
'62조 유령코인' 빗썸사태는 시스템 문제...5대 거래소 모두 취약,현장검사를 마치고 제재 절차를 앞둔 빗썸은 영업정지를 포함한 중징계가 불가피할 것으로 보인다. 금감원은 법률 검토를 마무리하는 대로 제재절차를 밟을 예정이다. 현행 가상자산이용자보호법을 통해서도 영업정지...,https://www.mt.co.kr/stock/2026/04/07/2026040611043871829,9,,1
"""거래소, 5분마다 잔고 맞춘다""…당국, '빗썸 사태'에 내부통제 전면 손...",금감원은 지난 2월 10일부터 3월 6일까지 빗썸에 대한 현장검사를 실시했으며 가상자산 이용자보호법 위반 여부에 대한 법률 검토를 마무리하는대로 제재 절차에 착수할 계획이다.,https://www.news1.kr/finance/blockchain-fintech/6126422,9,,1
"빗썸뿐 아니다…코인거래소, 내부통제 총체적 난국",지난달 빗썸의 현장검사를 마무리한 금감원은 가상자산이용자보호법 위반 여부에 대한 법률 검토를 마무리하는대로 제재 절차에 착수할 방침이다. 거래소마다 달라…위험관리 '제각각' 이번 점검 결과에 따르면...,https://news.bizwatch.co.kr/article/mobile/2026/04/06/0009,9,,1
"""5분마다 잔고 맞춰라""…코인거래소 은행급 시스템 도입",금감원은 빗썸 검사 과정에서 확인한 내부통제 전반의 문제점과 ‘가상자산 이용자보호법’ 위반 여부에 대한 법리 검토를 마치는 대로 제재 절차에 착수할 예정이다.,http://www.wowtv.co.kr/NewsCenter/News/Read?articleId=A202604060119&t=NN,12,,1
"[뉴공 아카이브]퍼니포: 민주당, 박상용 ‘윗선’ 언급 녹취 공개 “내...",서민석 : 검사님 위에 또 부장도 있을 거고 지금 검사장도 있을 텐데.박상용 : 그러니까요. 제가 그러니까... 국정원장 금감원장은 준비를 많이 해서 왔더라고요.노영희 : 너무 잘해.▷주진우 : 국정원. 국정원이 검찰하고...,http://www.ddanzi.com/878013329,6,,1
"금감원, 올 하반기 민생금융범죄 특사경 편성 비용 추경 요청","금감원에 파견 나온 수사자문관(검사)과 경찰 직원이 영장 신청 방안, 수사 개시 절차, 증거물 압수 방법 등의 내용을 교육했다. 금감원 관계자는 “민생금융범죄 특사경 출범을 위해 필요한 비용 등을 산정해 보고 추경을...",https://biz.chosun.com/stock/finance/2026/04/06/XNVS5TWEEBHYXL2P5RL5GIN5FA/?utm_source=naver&utm_medium=original&utm_campaign=biz,7,,1
금융지주 주총에선 … 'FSS 보다 ISS',"겨냥한 검사 가능성까지 거론하면서 긴장감도 높았다. 그런데 막상 뚜껑을 열어보니 결과는 맹탕이었다. 우리금융 임종룡, 신한금융 진옥동, BNK금융 빈대인 등 회장님(?)들은 모두 연임에 성공했다. 금감원(FSS)의 말...",https://www.ilovepc.co.kr/news/articleView.html?idxno=58841,7,,1
은행 감사는 ‘금감원 카르텔’… 11곳 중 10곳 싹쓸이,"한 금감원 직원은 “금감원 출신이 감사로 있다고 해서 검사에 영향을 주는 것은 아니지만, 선배들이 만나자고 하면 계속 거절하기 힘든 것도 사실”이라고 말했다. 이들이 감사 업무를 제대로 수행하는지 의문이라는...",https://biz.chosun.com/stock/finance/2026/04/06/WGWINIOM3RAIJG6F2PBXWV32FE/?utm_source=naver&utm_medium=original&utm_campaign=biz,9,,1
"ETF 판매 폭증에 칼 빼든 금감원…상반기 1위 은행, 7월 '본보기 검사'","이 같은 추세가 이어질 경우 해당 은행이 7월 금감원 검사에서 중점 점검 대상, 이른바 '본보기'가 될 가능성이 크다. 불완전판매가 확인될 경우 강도 높은 제재가 뒤따를 전망이다. ETF는 특정 지수를 추종하는 펀드로...",https://view.asiae.co.kr/article/2026040423585448564,9,,1
해킹으로 첫 영업정지?… 고객정보 유출 롯데카드 제재 주목,"금감원 관계자는 ""롯데카드 제재수준은 확정되기 전까지 확인해줄 수 없다""고만 밝혔다. 금융권은 롯데카드 제재수위에 촉각을 세우고 있다. 지난해부터 금융사에서 외부 사이버 침해사고가 빈번히 발생해서다....",https://www.mt.co.kr/finance/2026/04/07/2026040620085357933,7,,1
"[주요공시] 삼성전자, SK하이닉스, 삼천당제약, 볼빅, 신세계푸드, 삼성...","지정예고·금감원 조사 주시·대표이사 2,500억 블록딜 예고 등 악재가 누적되었다. 주요 공시 요약... 불성실공시·제재 ■ 케이이엠텍 (106080) — 불성실공시법인 지정 예고 (공시 불이행) 한국거래소로부터 공시...",https://www.kdpress.co.kr/news/articleView.html?idxno=204023,6,,1
빗썸 사태 여파…가상자산거래소 잔고·승인 시스템 의무화,이번 제도개선의 주요 내용은 현재 논의 중인 2단계 가상자산법(디지털자산법)에도 반영될 예정이다. 금감원은 빗썸에 대한 가상자산이용자보호법 위반 여부 검토가 끝나는 대로 제재 절차에 들어간다.,https://www.bloter.net/news/articleView.html?idxno=658751,9,,1
"현대카드, 공정위 표창 수상에도…AML 제재와 엇갈린 '내부통제 평가'","금감원은 지난해 6월 현대카드 전·현직 준법감시인 3명에 대해 제재를 내렸다. 현직 준법감시인 1명은 '주의' 처분을 받았고, 전직 준법감시인 2명은 '퇴직자 위법사실 통지' 조치를 받았다. 위반 내용은 '특정...",http://www.newslock.co.kr/news/articleView.html?idxno=128150,6,,1
"""해킹으론 영업정지 없었는데""… 롯데카드, 제재 수위에 촉각","금감원 관계자는 ""롯데카드 제재 수준은 확정되기 전까지 확인해줄 수 없다""고만 밝혔다. 금융권은 롯데카드 제재 수위에 촉각을 세우고 있다. 지난해부터 금융사에서 외부 사이버 침해사고가 빈번하게 발생해서다....",https://www.mt.co.kr/finance/2026/04/07/2026040615092229879,7,,1
"금융당국, ""가상자산거래소 금융사 수준 내부통제 개편""","아울러 금감원은 오지급 사태를 일으킨 빗썸을 대상으로 확인된 위반 사항에 대한 법률 검토가 끝나는 대로 제재 절차에 착수할 방침이다. 신 사무처장은 ""1100만명의 이용자가 70조원의 자산을 맡긴 만큼 근본적인 개편이...",https://www.pointdaily.co.kr/news/articleView.html?idxno=299903,10,,1
"가상자산거래소, 5분 마다 잔고 확인…금융사 수준으로 내부통제 개편",개선안을 향후 2단계 가상자산법에 충실히 반영해 이행력을 확보할 것”이라고 밝혔다. 금감원은 오지급 사태를 일으킨 빗썸을 대상으로 확인된 위반 사항에 대한 법률 검토가 끝나는 대로 제재 절차에 착수할 방침이다.,http://www.segyebiz.com/newsView/20260406511422?OutUrl=naver,10,,1
가상자산거래소 내부통제 '대수술'…5분 단위 상시 잔고대조 시스템 구...,"내용을 2단계 가상자산법(디지털자산법)에도 반영해 이행력을 제고한다는 방침이다. 한편, 금감원은 빗썸에 대해 가상자산이용자보호법 위반 여부에 대한 법률 검토가 마무리되는 대로 제재 절차에 착수하겠다는 계획이다.",https://www.imaeil.com/page/view/2026040614360095170,9,,1
"'제2의 유령코인 사태' 막는다…당국, '5분 주기' 잔고검증 의무화","금감원은 빗썸에 대한 '가상자산이용자보호법' 위반에 대한 법률 검토를 마무리하는 대로 제재절차에 착수할 방침이다. 신진찬 금융위 사무처장은 ""오지급 사태의 표면적 원인으로 지목된 인적 오류를 넘어 그간 거래소에...",https://www.newsis.com/view/NISX20260406_0003579394,16,,1
"은행권 홍콩 ELS 제재 또 미뤄져…당국, 과징금 확정 신중 모드","이후 금감원은 지난 2월 12일 제재심의위원회에서 기관 제재 수위를 일부 영업정지보다 낮은 기관경고로 조정하고, 과징금도 1조4000억~1조5000억원 수준으로 낮춰 의결했다. 판매 규모가 컸던 국민은행이 약 8000억원으로...",https://news.tf.co.kr/read/economy/2309869.htm,9,,1
‘유령 코인’ 사태 없도록… 5분마다 잔고 의무 검증 [경제 레이더],"금융위원회는 6일 정부서울청사에서 신진창 금융위 사무처장 주재로 5대 가상자산거래소 대표, 디지털자산거래소공동협의체(DAXA·닥사)와 간담회를 열고 이 같은 내용의 제도 개선 방안을 발표했다. 서울 강남구...",https://www.segye.com/newsView/20260406515730?OutUrl=naver,16,,1
"제2의 빗썸 사태 없도록… 코인거래소 잔고, 5분 마다 살핀다","금융위원회는 6일 오후 2시 정부서울청사에서 가상자산업계 간담회를 열고 빗썸 오지급 사태 이후 긴급대응반의 점검결과와 제도개선 방안을 발표했다. 신진창 금융위 사무처장은 ""점검결과 오지급 사태의 표면적...",https://www.mt.co.kr/finance/2026/04/07/2026040619573847094,16,,1
가상자산거래소 5분마다 장부-자산 대조,"금융위는 “이번 제도 개선 주요 내용은 ‘2단계 가상자산법’에도 반영된다”며 “법 위반 시 영업정지 등 기관 제재와 해임 요구 등 임직원 제재, 과태료 부과 근거도 함께 마련될 것”이라고 밝혔다.",https://www.donga.com/news/Economy/article/all/20260406/133686091/2,10,,1
"가상자산거래소 장부, 5분마다 점검",금융위원회는 6일 5대 가상자산거래소가 5월까지 장부상 가상자산 보유량과 실제 보유량을 5분 주기로 검증하는 시스템을 구축한다는 내용을 담은 ‘가상자산거래소 점검 결과 및 향후 제도 개선 방향’을 발표했다....,https://www.khan.co.kr/article/202604062057015,16,,1
서민금융 출연금 1973억 확대…취약계층 지원 '속도',"금융위는 이번 제도 개선을 통해 채무조정 이행자의 중도 탈락을 방지하고 재기를 지원하는 한편, 전반적인 금융 접근성을 높일 수 있을 것으로 보고 있다. 또한 향후에도 정책서민금융 공급 확대와 금리 인하를 위한...",https://www.ajunews.com/view/20260406163634135,8,,1
‘빗썸사태 여파’ 가상자산 거래소 '5분 주기' 잔고 대사 의무화…내부...,"금융위원회는 5대 가상자산 거래소 대표들이 참석한 가운데 간담회를 열고, 긴급대응반 점검 결과와 향후 제도 개선 방안을 논의했다고 6일 밝혔다. 이날 디지털자산거래소 공동협의체(DAXA)와 가상자산 거래소 5곳은...",http://www.fntimes.com/html/view.php?ud=2026040616452629150f4390e77d_18,16,,1
"금융위, 중소·벤처기업 공시부담 완화… 소액공모 10억→30억 확대","금융위원회 관계자는 ""이번 제도 개선을 통해 중소·벤처기업의 공시 부담이 완화되고 자본시장을 통한 자금 조달이 활성화될 것""이라며 ""상반기 중 관련 개정을 마무리할 계획이다""라고 밝혔다.",https://www.pinpointnews.co.kr/news/articleView.html?idxno=443141,13,,1
"가상자산거래소, 내달 말까지 5분 잔고 대조 의무화 …내부통제체계 강...","금융위는 “이번 제도개선 주요 내용은 ‘2단계 가상자산법’에도 반영된다”며 “법 위반 시 영업정지 등 기관제재와 해임요구 등 임직원 제재, 과태료 부과 근거도 함께 마련될 것”이라고 밝혔다.",https://www.donga.com/news/Economy/article/all/20260406/133684243/1,10,,1
"'코인' 5분 단위 잔고 확인해야 … 빗썸, 6개월 영업정지 초읽기","금융위-닥사, 한 달간 점검 마쳐 5대 가상자산거래소 전수조사 … 시스템 허점 수두룩 3곳 하루 한차례만 잔고... 이에 금융당국은 내부통제 전반을 금융회사 수준으로 강화하는 제도 개선에 나서기로 했다. 우선 모든...",https://www.ilovepc.co.kr/news/articleView.html?idxno=58855,10,,1
“5분마다 고객자산 맞춰본다”…가상자산거래소 내부통제 전면 수술,금융위원회는 6일 신진창 사무처장 주재로 5대 가상자산거래소 대표와 디지털자산거래소 공동협의체(DAXA) 등이 참석한 간담회를 열고 긴급대응반 점검 결과와 제도 개선 방안을 논의했다고 밝혔다. 핵심은 이용자 자산에...,https://www.ddaily.co.kr/page/view/2026040616095151616,16,,1
"가상자산 거래소, 5분마다 잔고 대조·계정 분리 등 의무화","제도 개선의 주요 내용은 2단계 가상자산법에 충분히 반영할 예정이다. 이날 간담회를 주재한 신진창 금융위원회 사무처장은 ""간급대응반 점검 결과, 오지급 사태의 표면적 원인으로 지목된 '인적 오류'를 넘어 거래소에...",http://www.enewstoday.co.kr/news/articleView.html?idxno=2415493,16,,1
빗썸 사태 후폭풍…거래소 고객자산 5분마다 상시 점검,금융위원회가 빗썸 오지급 사태 이후 가상자산 거래소의 이용자 자산 관리와 내부통제 체계를 재정비한다.... 이번 회의는 '빗썸 오지급 사태' 직후 구성된 긴급대응반의 점검 결과를 공유하고 향후 제도 개선 방향을...,https://www.newsway.co.kr/news/view?ud=2026040616044852343,16,,1
‘유령코인 사태’ 막는다…코인 잔액 5분마다 검증,금융위원회는 6일 이 같은 내용을 뼈대로 하는 ‘가상화폐거래소 제도 개선 방안’을 발표했다. 2월 초 빗썸에서 발생한 비트코인 오지급 사태에 따른 후속 조치다. 먼저 가상화폐거래소는 5분 주기로 장부상 가상화폐 수와...,https://www.sedaily.com/article/20028891?ref=naver,13,,1
서민금융 재원 2000억 늘린다…금융사 출연 확대·저금리 대출 지원 강화,정부는 이번 제도 개선을 통해 서민금융의 양적 확대뿐 아니라 질적 개선도 동시에 추진한다는 방침이다. 금융위는 “정책서민금융 공급 확대와 금리 인하를 통해 금융 접근성을 높이고 금융비용 부담을 줄이겠다”며...,https://www.nspna.com/news/?mode=view&newsid=808836,9,,1
가상자산거래소 '5분' 잔고대조 의무화…내부통제 금융사 수준으로,"같은 제도개선 방안을 밝혔다. 금융위는 표준화된 상시 잔고대사 시스템 구축, 고위험거래 리스크 관리, 내부통제 실효성 확보 등 제도개선을 추진할 방침이다. 금융당국은 DAXA와 4월 중 자율규제 제·개정을 마무리하고...",http://www.newsfc.co.kr/news/articleView.html?idxno=77906,10,,1
"'빗썸 사태' 재발 막는다…금융위 ""거래소 잔고 대조, 5분 주기 의무화...","금융위원회는 6일 5대 가상자산거래소 대표, 디지털자산거래소 공동협의체(DAXA)와 간담회를 열고 이같은 제도개선 방안을 발표했다. 이번 조치는 지난 2월 빗썸의 비트코인 오지급 사태 이후 금융위·금융정보분석원(FIU)...",https://www.sisajournal.com/news/articleView.html?idxno=368362,16,,1
"'5분마다 자산 대조'…금융당국, 거래소 관리체계 전면 강화",6일 금융위원회는 '빗썸 오지급 사태' 직후 구성된 '긴급대응반'이 점검한 결과 공유 및 향후 제도 개선 방안 논의 등을 위한 간담회를 개최했다. 이 자리에서 디지털자산 거래소협의체(DAXA)와 5개 거래소는 사고 재발 방지...,https://www.ajunews.com/view/20260406153634050,13,,1
"빗썸 60조 오지급이 드러낸 민낯…거래소 규제, 금융사 수준으로",6일 금융위원회는 서울정부청사에서 가상자산업계와 간담회를 열고 ‘빗썸 오지급 사태’ 점검 결과와 후속 제도개선 방안을 논의했다. 이번 조치는 지난 2월 발생한 빗썸의 60조원대 비트코인 오지급 사고가 단순 입력...,https://www.tfmedia.co.kr/news/article.html?no=203444,16,,1
가상자산거래소 장부점검 ‘24시간→5분마다’...빗썸 오지급 사태 후속...,금융위원회는 6일 가상자산 5대 거래소가 5월까지 장부상 가상자산 보유량과 실제 보유량을 5분 주기로 검증하는 시스템을 구축한다는 내용을 담은 ‘가상자산거래소 점검결과 및 향후 제도개선 방향’을 발표했다....,https://www.khan.co.kr/article/202604061531001,16,,1
빗썸 ‘62조 유령코인’ 재발 막는다…잔고 확인 주기 ‘5분’으로 단축,금융위원회는 6일 오후 열린 ‘가상자산 업계 간담회’에서 금융당국과 디지털자산거래소 공동협의체(DAXA)가 실시한 가상자산 관리 실태 점검 결과와 제도개선 방안을 발표했다. 지난 2월 국내 2위 가상자산 거래소인...,https://www.hani.co.kr/arti/economy/finance/1252857.html,16,,1
서민금융 '실탄' 늘린다…금융권 출연금 2천억 확대,"금융회사 자체 채무조정 이행자도 정책서민금융 지원 대상에 포함된다. 금융위는 ""재원 확충과 제도 개선을 통해 서민·취약계층의 금융 접근성을 높이고, 채무 부담과 금융 비용을 완화하는 데 기여할 것""이라고 밝혔다.",http://www.issuenbiz.com/news/articleView.html?idxno=75200,7,,1
금융사 서금원 출연금 연 1973억원 늘린다,"금융위는 이번 제도 개선으로 채무조정 이행자의 중도 탈락을 막고 신속한 재기를 지원할 수 있을 것으로 기대했다. 이날 국무회의에서 의결된 시행령은 공포한 날부터 시행된다. 금융위는 ""정책서민금융 공급 확대와...",https://www.ebn.co.kr/news/articleView.html?idxno=1704556,7,,1
"금융위, 소액공모 '10억→30억' 확대…중소·벤처 공시 부담↓","개인투자조합 등 일부는 제외 대상에 포함되지 않는다. 금융위는 이번 제도 개선으로 ""중소·벤처기업의 의도치 않은 공모규제 위반 문제가 개선되고 VC 투자 과정에서 발생하던 규제 리스크도 줄어들 것""으로 기대했다.",https://www.pointdaily.co.kr/news/articleView.html?idxno=299905,7,,1
"""5분마다 이용자 자산 대조""…'빗썸 사태' 코인거래소 금융사 수준 내부...","개선안을 자율규제 형태로 우선 도입한 뒤, 향후 '2단계 가상자산법'에 반영해 제도화를 추진할 방침이다. 4월 중 자율규제 개정과 거래소 내규 반영을 마무리하고, 5월까지 전산 시스템 구축을 완료할 계획이다. 금융위...",https://www.newsworks.co.kr/news/articleView.html?idxno=836771,10,,1
"'60조 날아갈 뻔' 빗썸 오지급에 화들짝…""5분마다 잔고 보겠다""","금융위원회는 6일 정부서울청사에서 가상자산업계와 간담회를 열고 '빗썸 오지급 사태' 후속 조치를... 금융 당국은 이달 중 제도 개선을 위한 자율규제를 제·개정하고, 다음 달까지 상시 잔고대사 등을 위한 전산 시스템...",https://www.hankyung.com/article/2026040618176,16,,1
"금융당국 ""가상자산 거래소 5분 단위 점검 의무화""","금융위원회는 오늘(6일) 5대 가상자산 거래소 등과 간담회를 열고 '긴급대응반' 점검 결과와 제도 개선 방안을 논의했다며 이같이 밝혔습니다. 금융위 점검 결과, 거래소 5곳 가운데 3곳이 이용자 자산에 대해 하루 단위로만...",https://www.ytn.co.kr/_ln/0102_202604061450192947,16,,1
"""코인 거래소 '5분마다 잔고 점검'…금융회사 수준 내부 통제 강화""",금융위원회는 오늘(6일) 5대 가상자산거래소 대표와 디지털자산거래소 공동협의체(DAXA) 등이 참석한 간담회에서 이 같은 내용의 제도 개선 방안을 발표했습니다. 금융위·금융정보분석원(FIU)·금감원·DAXA는 지난 2월 빗썸...,https://news.jtbc.co.kr/article/NB12292916?influxDiv=NAVER,22,,1
"""가상자산거래소, 금융회사 수준 내부통제 마련해야""",금융위원회는 6일 신진창 금융위원회 사무처장 주재로 '가상자산 업계 간담회'를 개최하고 이같은 내용의 제도개선 방안을 제시했다. 지난 2월 빗썸 오지급 사태 이후 구성된 '긴급대응반'의 점검결과를 공유하고 향후...,http://www.metroseoul.co.kr/article/20260406500149,16,,1
가상자산거래소 하반기부터 5분마다 잔고대사 확인,(사진=연합뉴스) 6일 금융당국에 따르면 신진창 금융위원회 사무처장 주재로 연 '가상자산 업계 간담회'에서 빗썸 오지급 사태 직후 구성된 '긴급대응반'의 점검결과 공유와 향후 제도개선 방안 등을 논의했다. 신진창...,https://www.asiatime.co.kr/article/20260406500122,16,,1
"금융위, 가상자산 거래소 ‘5분 단위’ 잔고 점검 의무화한다",금융위원회 신진창 사무처장은 6일 정부서울청사에서 가상자산 업계 간담회를 열고 이 같은 내용을 골자로 한 ‘가상자산거래소 점검결과 및 향후 제도개선 방향’을 발표했다. 이번 대책은 빗썸 오지급 사태 직후 구성된...,http://www.fnnews.com/news/202604061209562323,16,,1
"코인 거래소, 5분마다 자산 점검하고 매월 회계 실사 받는다","금융위원회는 6일 서울정부청사에서 가상자산업계와 간담회를 열고 빗썸 오지급 사태 후속 조치를... 금융 당국은 4월 중 제도 개선을 위한 자율규제를 제·개정하고, 5월까지 상시 잔고대사 등을 위한 전산 시스템 구축도...",https://biz.chosun.com/stock/finance/2026/04/06/YHB26PJESRGMDGORX3AUGRQWKA/?utm_source=naver&utm_medium=original&utm_campaign=biz,16,,1
"'빗썸 오지급 사태' 후속조치…금융위 ""이용자 자산 상시 점검 시스템 ...","금융위원회는 6일 신진창 사무처장 주재로 5대 가상자산거래소 대표, 디지털자산거래소 공동협의체(DAXA) 등이 참석한 가운데 '빗썸 오지급 사태' 직후 구성된 '긴급대응반'의 점검결과 공유 및 향후 제도개선 방안 논의...",http://www.joseilbo.com/news/news_read.php?uid=566029&class=18&grp=,16,,1
"‘유령 코인’ 막는다…5분 단위 검증하고, '킬스위치' 도입","금융위는 “이달 중 제도 개선 이행을 위해 필요한 자율 규제 제·개정을 마무리하는 한편, 5월까지 상시 잔고 대사 등을 위한 전산시스템 구축을 완료할 계획”이라며 “이행력 제고를 위해 제도 개선 주요 내용은 2단계...",http://www.edaily.co.kr/news/newspath.asp?newsid=03752326645413496,7,,1
빗썸 오지급 사태 후폭풍…거래소 자산관리 '5분 단위 점검' 의무화,금융위원회는 오늘(6일) 신진창 사무처장 주재로 5대 가상자산 거래소 및 디지털자산거래소 공동협의체(DAXA)와 간담회를 열고 '긴급대응반' 점검 결과와 제도 개선 방안을 논의했다고 밝혔습니다. 이번 점검은 금융위·FIU...,https://biz.sbs.co.kr/article_hub/20000302264?division=NAVER,16,,1
“빗썸 사태 막는다”… 가상자산 ‘5분 단위 잔고대사’ 의무화,이러한 전산 시스템과 조직문화를 근본적으로 개편하기 위해 금융위가 제시한 제도 개선안은 크게 세 가지다. 먼저 ‘표준화된 상시 잔고대사 시스템’으로 오지급 발생에 즉각 대응한다는 계획이다. 전산 부하와...,https://m.skyedaily.com/news_view.html?ID=301841,10,,1
"""제2의 빗썸 사태 막는다""…금융위, 가상자산 거래소 5분 단위 상시 감시...",금융위원회는 6일 '가상자산 업계 간담회'를 열고 긴급 점검 결과와 함께 이 같은 제도 개선 방향을 공개했다. 이번 조치는 지난 2월 발생한 빗썸의 대규모 오지급 사고 이후 구성된 긴급대응반 점검 결과에 따른 후속...,https://www.dt.co.kr/article/12055878?ref=naver,16,,1
"""코인거래소, 5분마다 잔고 점검""…금융사 수준 내부통제 강화","금융위원회는 6일 오후 2시 정부서울청사에서 가상자산 업계 간담회를 열고 빗썸 오지급 사태 이후 긴급대응반의 점검결과와 제도개선 방안을 발표했다. 신진창 금융위 사무처장은 ""점검결과 오지급 사태의 표면적...",https://www.mt.co.kr/stock/2026/04/07/2026040609585745063,16,,1
"2000억 털린 구멍 숭숭 가상자산 거래, 5분 주기로 살핀다","금융위 관계자는 ""금융당국과 DAXA는 4월 안에 제도개선 이행을 위해 필요한 자율규제 제·개정을 마무리하고 5월까지 상시 잔액 대사 등을 위한 전산시스템 구축도 차질 없이 완료할 계획""이라고 설명했다. 이어 ""이행력...",https://www.sidae.com/article/2026040613524254688,10,,1
"""'빗썸 오지급 사태' 막는다""…금융위, 코인거래소 잔고·장부량 5분단위...","등 제도 개선에 나설 것""이라고 말했다. 금융위는 5분 단위 상시 잔고 대조 시스템 구축을 의무화할 계획이다. 시스템을 통해 보유량과 장부 수량을 5분 단위로 비교해 오지급 사고 발생 시 즉각 조치할 수 있도록 할...",https://view.asiae.co.kr/article/2026040611363229478,7,,1
‘빗썸 오지급’ 재발 방지한다…“5분 마다 코인 잔고 확인”,"금융위원회는 오늘(6일) 오후 정부서울청사에서 5대 가상자산거래소 대표와 디지털자산거래소 공동협의체(DAXA) 등이 참석한 가운데 간담회를 열고, 이 같은 내용의 제도 개선 방안을 발표했습니다. 이번 대책은 지난 2월...",https://news.kbs.co.kr/news/pc/view/view.do?ncd=8527876&ref=A,16,,1
"금융위, ‘10억→30억’ 소액공모 확대…중소·벤처 공시 부담 낮춘다","개인투자조합 등 일부는 제외 대상에 포함되지 않는다. 금융위는 이번 제도 개선으로 ""중소·벤처기업의 의도치 않은 공모규제 위반 문제가 개선되고 VC 투자 과정에서 발생하던 규제 리스크도 줄어들 것""으로 기대했다.",https://www.dt.co.kr/article/12055910?ref=naver,7,,1
기업 공시 부담 줄인다…소액공모 기준 '30억 미만' 확대,의도치 않게 공모 규제를 위반해 제재를 받는 사례가 방지될 것으로 보인다. 금융위는 이번 제도 개선을 통해 기업의 공시 부담은 덜어주되 실효성 있는 투자자 보호 체계를 구축해 자본시장의 활력을 높이겠다는 방침이다.,https://www.goodnews1.com/news/articleView.html?idxno=458434,7,,1
"금융위, 소액공모 한도 10억→30억 확대…중기·벤처 자금조달 숨통","이에 금융당국은 VC펀드가 벤처투자회사, 신기술금융회사 등 운용주체(GP)가 전문성을 충분히 갖추고 있다는 점을 고려해 제도 개선을 추진하기로 결정했다. 금융위는 다음 달 18일까지 입법·규정변경 예고 기간을 거쳐...",https://www.widedaily.com/news/articleView.html?idxno=291719,7,,1
소액공모 한도 30억으로 확대…VC 투자 공모규제 부담 완화,"투자자 수 산정 오류로 공모 규제를 위반하는 사례를 줄일 수 있을 것으로 기대된다. 금융위 관계자는 ""이번 제도 개선으로 기업의 자금 조달 여건이 개선되는 한편, 불필요한 규제 리스크도 완화될 것""이라고 밝혔다.",http://www.issuenbiz.com/news/articleView.html?idxno=75188,7,,1
"금융위, 소액공모 범위 '10억원→30억원' 확대한다","금융위 측은 ""이번 제도 개선을 위한 자본시장법 시행령과 증권의 발행 및 공시 등에 관한 규정 개정안은 오는 7일부터 다음달 18일까지 예고기간을 거쳐 상반기 중 개정을 마무리할 계획""이라고 밝혔다.",https://www.news1.kr/finance/financial-policy/6126617,7,,1
소액공모 30억원 확대…중소·벤처 공시 부담 낮춘다,여건 개선 벤처투자조합·신기술투자조합 투자 시 공모 규제 일부 완화 4월6일~5월18일 입법예고 /금융위원회 정부가 중소·벤처기업의 자금조달 문턱을 낮추기 위해 소액공모 기준을 대폭 확대하고 공모 규제도 일부...,http://www.metroseoul.co.kr/article/20260406500125,13,,1
"금융위, 소액공모 30억으로 확대…중소·벤처 자금조달 부담 완화",특히 초기 성장 단계에 있는 중소·벤처기업에는 실질적인 제도 개선 효과가 있을 것으로 예상된다. 다만 금융위는 규제 완화에만 초점을 맞추지 않고 투자자 보호 장치도 함께 강화하기로 했다. 소액공모서류에서...,http://www.joseilbo.com/news/news_read.php?uid=566021&class=18&grp=,7,,1
중소·벤처 자금조달 '숨통' 틔운다…소액공모 한도 30억으로 상향,"금융위 관계자는 ""이번 제도 개선을 통해 중소·벤처기업들의 공시 규제 위반 리스크와 VC의 규제 준수 부담이 모두 완화될 것으로 기대한다""고 말했다. 해당 개정안은 예고 기간을 거친 뒤 올해 상반기 중으로 개정이...",https://www.ebn.co.kr/news/articleView.html?idxno=1704530,7,,1
공모가 적으면 공시부담 완화…기준 '10억 미만→ 30억원 미만',"금융위 관계자는 ""제도개선을 위한 '자본시장과 금융투자업에 관한 법률 시행령' 및 '증권의 발행 및 공시 등에 관한 규정' 개정안은 4월7일~5월18일 예고기간을 거쳐 상반기 안에 개정을 마무리할 계획""이라고 설명했다.",https://www.sidae.com/article/2026040609545462644,7,,1
소액공모 30억까지 확대···중소·벤처기업 공시부담 완화 추진,개정안의 핵심은 소액공모 제도 개선이다. 금융위는 경제 규모 확대와 공모시장 성장 등을 반영해 소액공모 기준을 기존 10억원 미만에서 개정 후 30억원 미만으로 확대하기로 했다. 소액공모는 증권신고서에 비해 공시...,https://www.seoulfn.com/news/articleView.html?idxno=625667,7,,1
"투게더아트, 제9회차 미술품 투자계약증권 합산 발행","한편 투게더아트는 한국디지털거래소(KDX) 컨소시엄에 참여하며 토큰증권(STO) 생태계로 사업 영역을 확장하고 있다. 투게더아트 관계자는 ""이번 공모를 통해 투자자들이 더욱 안정적인 방식으로 미술품에...",https://www.cstimes.com/news/articleView.html?idxno=701050,6,,1
[기업家] 카카오 ㅣ 'AI·핀테크·모빌리티 전방위 확장…글로벌 협력 가...,"또한 카카오 그룹 내 AI 시너지 창출, '슈퍼 월렛'을 중심으로 스테이블코인, 블록체인, 토큰증권발행(STO) 등 디지털 자산 사업에 대한 준비도 병행한다. 신 대표는 ""에이전틱 AI가 자율결제, 임베디드 금융, 초개인화 등...",https://www.cbci.co.kr/news/articleView.html?idxno=565889,7,,1
"김갑래, 베리파이바스프 합류…트래블룰 인프라 경쟁력 강화되나","김 총괄은 자본시장연구원 재직 시절 토큰증권(STO), 스테이블코인 규제 프레임워크 등 디지털자산 핵심 의제를 주도해 온 인물이다. 금융위원회와 국회 자문, 가상자산사업자 등록심사위원회 활동 등 정책 최전선에서도...",https://www.tokenpost.kr/news/policy/346760,22,,1
"김갑래 자본硏 박사, ‘트래블룰 솔루션’ 베리파이바스프 자본시장총...","김 총괄은 자본시장연구원에 몸 담으면서 토큰증권(STO)과 스테이블코인 규제 프레임워크, 디지털자산 시장 인프라에 관한 영향력 있는 연구를 주도했으며, 금융위원회와 국회 등 한국의 주요 공공기관에 전문적인...",http://www.edaily.co.kr/news/newspath.asp?newsid=05671126645413496,19,,1
전통 금융과 코인의 결합…증권사 가상자산 시장 공략 가속,"증권사들은 자산의 토큰화라는 시대적 흐름에 맞춰 신규수익원 확보, 토큰증권발행(STO) 시장 선점, 기관 자금 유입 대비 등의 이유로 거래소 인수를 추진하고 있다. 우선 내년 초 시행 예정인 자본시장법 개정안에 따라...",https://www.pointdaily.co.kr/news/articleView.html?idxno=299928,13,,1
"“원화 스테이블코인까지 간다”…KB금융, 써클과 ‘차세대 결제 인프라...","은행·증권사 중심으로 블록체인, 토큰증권(STO), 스테이블코인 등 다양한 영역에서 선제적 투자가 확대되는 흐름이다. 특히 스테이블코인은 결제·송금뿐 아니라 자산관리, 유동성 공급 등 금융 서비스 전반으로 확장될...",https://www.todayeconomic.com/news/article.html?no=30131,17,,1
"""USDC 생태계, 한반도 상륙"" 서클 CEO 알레어, 방한해 금융지주·거래소...","뉴욕증권거래소(NYSE) 상장도 성사시켰다. 그의 방한은 서클이 한국 시장을 단순한 유통처가 아닌 전략적... 아울러 STO 제도화 논의가 본격화되는 가운데, USDC를 토큰화 자산의 결제·정산 수단으로 활용하는 방안이 KB...",https://www.techm.kr/news/articleView.html?idxno=150859,9,,1
김성환號 세 번째 항해 닻 올렸다…한투증권 첫 기항지는 코인원?,"주식과 채권, 토큰증권(STO), 가상자산을 아우르는 종합 디지털 자산관리 체계를 구축해 금융 영토를 넓히려는 전략이라는 것이다. 박선영 동국대 경제학과 교수는 “토큰증권과 가상자산 기반 거래 확대를 선제적으로...",https://www.ddaily.co.kr/page/view/2026040615505250129,13,,1
"증권업계, 가상자산 거래소 인수 추진 잇따라...미래에셋 이어 한투증권...",사진=한국투자증권  올해 초 토큰증권(STO) 제도화를 위한 전자증권법 및 자본시장법 개정안이 국회 본회의를 통과 통과한 가운데 증권사들이 잇따라 관련 시장으로 사업을 확장하고 있다. 미래에셋그룹이 코빗 인수를...,https://daily.hankooki.com/news/articleView.html?idxno=1355451,12,,1
"한투지주, 보험사·가상자산 동시 공략…'종합금융그룹' 완성 속도","또 정부가 법인의 가상자산 투자에 대해 단계적으로 허용한 만큼, 향후 가상자산 상장지수펀드(ETF) 및 토큰증권(STO) 시장 선점 역시 지분 인수의 주요 요인으로 꼽힌다.",https://www.joongangenews.com/news/articleView.html?idxno=509166,13,,1
"가상계좌부터 펌뱅킹까지... 헥토파이낸셜, 기업 결제 플랫폼 강자","부동산, 미술품, 저작권 등 다양한 실물 자산을 조각내어 투자할 수 있는 토큰증권(STO) 시장의 제도적 기틀이 마련되면서 6일 주식시장의 관련 테마주들이 일제히 기지개를 켜고 있다. 금융당국의 가이드라인 제정 이후...",https://www.pinpointnews.co.kr/news/articleView.html?idxno=443148,8,,1
"갤럭시아머니트리, 효성 계열 핀테크 거물로 우뚝... STO 선점 박차","최근 토큰증권(STO) 법제화 움직임과 예술품, 게임 아이템 등 실물 자산의 디지털화가 가속화되면서 NFT 기술을 보유한 기업들을 향한 투자자들의 매수세가 유입 중이다. 가장 강력한 상승세를 보이는 종목은 결제...",https://www.pinpointnews.co.kr/news/articleView.html?idxno=443135,6,,1
"한패스, 20개국 언어 지원 무기로 'K-핀테크' 글로벌 표준 제시","토큰증권(STO) 사업 진출로 주목받는 갤럭시아머니트리와 모바일 인증 보안의 아톤 또한 매수 우위를 점하고 있다. NHN KCP와 헥토이노베이션, 대형 통신사인 KT와 PG 업계 강자인 KG모빌리언스도 긍정적인 흐름을 유지하고...",https://www.pinpointnews.co.kr/news/articleView.html?idxno=443130,9,,1
"제이케이시냅스, 소니드디앤디·셀렉터 인수... 공격적 M&A로 덩치 키웠...",통신 모듈 및 안테나 기술력을 갖춘 아모텍과 토큰증권(STO) 및 결제 사업을 영위하는 갤럭시아머니트리 역시 상승 곡선을 그리고 있다. 휴대폰 소액결제 강자인 KG모빌리언스와 국내 주요 PG사인 NHN KCP도 온·오프라인...,https://www.pinpointnews.co.kr/news/articleView.html?idxno=443122,9,,1
"휴대폰 결제의 원조 다날, 온·오프라인 통합 결제 생태계 주도",가상자산 결제 도입과 토큰증권(STO) 법제화 움직임이 구체화됨에 따라 결제 플랫폼을 보유한 기업들을 중심으로 투자자들의 강력한 매수세가 유입 중이다. 시장 상승을 주도하는 종목은 휴대폰 결제 선두 주자인...,https://www.pinpointnews.co.kr/news/articleView.html?idxno=443113,9,,1
"비트고, 신탁은행 인가 발판 스테이블코인 본격 진출…한국도 제도화 분...","올 초 토큰증권(STO) 법제화와 장외거래소 예비인가가 이뤄졌고, 현재 국회에서는 원화 스테이블코인 도입과 디지털자산사업자 규제를 포함한 ‘디지털자산기본법’ 논의가 이어지고 있다. 제도권 편입이 가시화되면서...",https://www.tokenpost.kr/news/blockchain/346611,10,,1
"K-스테이블코인 경쟁 점화… KB, 써클과 PoC·제휴로 시장 선점","블록체인 기업과 협력해 원화 기반 스테이블코인 기술 검증을 진행했으며, 기업 간 대금 결제와 증권형 토큰(STO) 거래 결제 수단으로의 활용 가능성을 검토하고 있다. NH농협은행도 글로벌 기술 기업과 협력해 송금 시스템...",http://www.4th.kr/news/articleView.html?idxno=2110055,7,,1
"[특징주] 헥토파이낸셜, 스테이블코인 기반 글로벌 송금 사업 기대감에...",헥토파이낸셜은 올해 제도권 내 디지털자산 결제와 외환 기능을 연계해 스테이블코인 기반 글로벌 송금 및 STO(토큰증권) 자금 결제 시장 선점에 나선다고 밝혔다. 이를 위해 금융 라이선스를 확대하고 글로벌...,https://www.bizwork.co.kr/news/articleView.html?idxno=414169,7,,1
"한국투자 김남구 회장, 보험사 대신 ‘코인원’ 인수 선회?","증권업계 관계자는 ""적자 보험사 인수로 구조 개선에 자원을 쏟기보다, 토큰증권(STO) 등 증권 본업과 직결되는 시너지를 낼 수 있는 가상자산 인프라 선점이 효율적이라고 본 것 같다""고 설명했다. 이어 ""불가능한 보험...",http://www.globalepic.co.kr/view.php?ud=2026040609263698867cc35ccc5c_29,12,,1
[아주경제 코이너스 브리핑] 휴전 기대감에 가상자산 일제히 상승…비트...,com 미국과 이란 간 휴전 협상이 진전될 것이란 기대감이 확산하면서 비트코인을 비롯한 가상자산이... 이날 오전 8시 기준 국내 원화 거래소 빗썸에서는 비트코인이 6만8949달러(약 1억401만원)에 거래되고 있다....,https://www.ajunews.com/view/20260407074419378,5,,1
[오늘의 비트코인] 美·이란 종전 기대감에 7만달러 탈환,미국 암호화폐 거래소 코인베이스에 따르면 7일 오전 8시 기준 비트코인 가격은 24시간 전보다 1.63% 오른... 한편 글로벌 가상자산 데이터 조사 업체 얼터너티브(Alternative)에서 집계하는 '공포 및 탐욕 지수'는...,https://news.dealsitetv.com/articles/168183,7,,1
"뉴욕증시·유가, 이란전 기대·불안 교차에 소폭 상승 [글로벌마켓 모닝...",뉴욕증권거래소(NYSE)에서 다우존스30산업평균지수는 전 거래일 대비 165.21포인트(0.36%) 오른 4만6669.88에... 가상자산 주요 가상자산 가격은 전반적으로 상승했다. 미국 가상자산 데이터 제공업체 코인마켓캡에 따르면...,https://www.etoday.co.kr/news/view/2573269,3,,1
[굿모닝! 글로벌 뉴욕증시] 종전 협상 시안 앞두고 휴전 안 수령 소식에...,뉴욕상업거래소에서 5월 인도분 서부텍사스산원유(WTI) 가격은 전장 대비 0.87달러(+0.78%) 상승한 배럴당 112.... 대표적인 안전자산인 금 가격은 소폭 상승했다. 업종별로는 상승 업종이 우세한 가운데 재생에너지...,https://www.newsquest.co.kr/news/articleView.html?idxno=264331,1,,0
주춤한 국제 금값…국내 금시세는?,6일(현지시간) 뉴욕상품거래소(COMEX)에서 6월 인도분 금 선물 가격은 트로이온스(약 31.1g·이하 온스)당... 등 가상자산 역시 강세를 보였다. 위험자산 선호 심리가 일부 회복되면서 금과 같은 안전자산으로의...,https://www.etoday.co.kr/news/view/2573262,3,,1
리플(XRP) ·비트코인(BTC) …뉴욕증시 상승에 가상자산 시장도 관망 속...,"국내가상자산 거래소에서 리플(XRP)은 2,008원 수준에서 거래되고 있다.이더리움(ETH)은 321만6000원이다.비트코인(BTC)은 1억458만4000원 수준이다.도지코인(DOGE)은 138원에 형성돼 있다. 시장에서는 뉴욕증시 상승이 직접적인...",https://www.cbci.co.kr/news/articleView.html?idxno=565949,3,,1
"보난자팩토리 “가상자산 범죄 대응, 민관 협력 강화해야”","김 대표는 “국제 공조 과정에서 해외 거래소에 피의자 정보 제공이나 자산 동결을 요청하더라도 24시간, 48시간이 걸린다”며 “길게는 한 달까지 지연되는 경우도 있고 이를 강제할 방법도 없다”고 말했다. 이를...",https://byline.network/?p=9004111222598332,3,,1
[Who Is ?] 강병중 넥센타이어 회장,넥센의 자산 총계는 2024년 5조4226억 원에서 2025년 5조6119억 원으로 증가했다. 넥센타이어 유럽법인의 공장... 1987년 12월 한국증권거래소에 주식을 상장했다. 1995년 6월 중국 현지법인 '청도흥아윤태유한공사'를...,https://www.businesspost.co.kr/BP?command=article_view&num=435091,1,,0
"비트코인, 숏 스퀴즈에 7만달러 재돌파…상승 지속성은 '불확실'","7일(현지시간) 가상자산 시장에 따르면 비트코인은 장중 7만300달러를 돌파하며 약 4% 상승했다가 일부... 글래스노드는 ""거래소, ETF, 온체인 활동 전반에서 참여도가 여전히 낮은 수준""이라며 ""이번 상승이 추세로...",https://www.ebn.co.kr/news/articleView.html?idxno=1704596,4,,1
이더리움 4.0% 상승…비트코인·리플 등 코인 시세는?,앞두고 가상자산 시장이 빠르게 반등했다. 전쟁 장기화 우려 대신 ‘막판 합의’ 가능성에 무게가 실리면서... 위험자산 선호 심리가 살아난 영향이다. 한국시간 7일 오전 6시 52분 기준 글로벌 거래소 코인베이스 시황에...,https://www.etoday.co.kr/news/view/2573242,3,,1
“스테이블코인 발행만 하면 끝?…핵심은 유통구조 및 자금흐름 이해”,"어디에서 발행되고 어떤 경로를 통해 거래소나 수탁기관, 이용자에게 이동하는지를 파악하는 것이... 유럽연합(EU)의 가상자산시장법 ‘미카(MiCA)’나 미국의 ‘지니어스 법안(GENIUS Act)’ 등 이미 여러 국가에서 참고할...",http://www.edaily.co.kr/news/newspath.asp?newsid=02253366645413824,3,,1
"""파국은 피한다"" 베팅 확산…업비트 거래대금 폭증에 코인시장 반색","7일(한국시간) 오전 6시 57분 기준 국내 최대 가상자산 거래소 업비트에 따르면, 대장주 비트코인은 전일 대비 0.42% 상승한 1억 472만 9,000원에 거래되며 굳건한 강세를 유지하고 있다. 시가총액 2위 이더리움은 1.13...",http://coinreaders.com/229115,3,,1
"[더벨]현대오토에버, 디토닉 지분 매각 '핵심사업 중심 재편'",현대오토에버가 비핵심 투자자산을 정리하며 사업 포트폴리오 재편에 속도를 내고 있다. 핵심 사업과... 현재는 한국거래소에 코스닥 상장을 위한 예비심사청구서를 제출하고 상장 절차를 진행 중이다. 상장 주관사는...,https://www.thebell.co.kr/free/content/ArticleView.asp?key=202604021419115640101943,2,,1
비트코인·리플XRP·레드스톤 상승…미·이란 협상 낙관 속 '위험자산 회...,"금리 하락은 자금이 주식과 가상자산 등 위험자산으로 이동하는 요인으로 작용한다. ○ 거래소별 주도 종목…비트코인 중심 확산 업비트에서는 비트코인(1,667억원), 리플XRP(1,546억원), 레드스톤(1,500억원)이 거래를...",https://www.topstarnews.net/news/articleView.html?idxno=16027360,5,,1
"이란 폭격 D-1, 증시도 코인도 올랐다… 시장은 왜 '극적 타결' 확신할까...","이 같은 강세장에 힘입어 전체 가상자산 시가총액은 2.85% 증가한 2조 3,800억 달러를 기록했다. 코인 시장의 훈풍은 글로벌 증시의 분위기와 궤를 같이한다. 6일(현지시간) 뉴욕증권거래소에서 다우존스30산업평균지수...",http://coinreaders.com/229110,4,,1
"비트파이넥스, ""비트코인 횡보 속 옵션 시장 주의해야""",글로벌 가상화폐 거래소 비트파이넥스(Bitfinex)는 4월 보고서에서 비트코인 옵션 투자자들이 시세 하락에... '내재변동성'은 파생상품 옵션 거래 만기일까지 기초자산 가격의 예측 변동성을 계량화한 수치다. 일반적으로...,https://www.khgames.co.kr/news/articleView.html?idxno=303165,0,,0
韓찾는 서클 CEO...두나무·KB·신한·하나 회동,6일 금융계에 따르면 제러미 알레어 서클 창업자 겸 최고경영자(CEO)는 이달 13일 한국을 찾아 주요 가상자산 거래소와 금융사 고위 관계자들을 잇달아 만날 예정이다. 특히 알레어 CEO는 오경석 두나무 대표와 별도...,https://www.sedaily.com/article/20029070?ref=naver,4,,1
"하나 ""AI·데이터로 고객 맞춤형 개인화 구현"" [증시 MTS 열전 ④]","지난해 3월 대체거래소(NXT) 출범에 맞춰 KRX(한국거래소)와 NXT 호가를 보다 직관적으로 보여주는 방식으로... 국내외 주식이나 가상자산처럼 이미 성숙한 시장은 주요 플레이어가 자리 잡은 상태이지만, STO는 아직 선점...",https://it.chosun.com/news/articleView.html?idxno=2023092159765,7,,1
"에이비프로바이오, 나스닥 핵심 인력 줄이탈…셀트리온 협업도 '흔들'④",윤병학씨가 대표로 있던 카나리아바이오와 세종메디칼 역시 지난해 7월과 8월 한국거래소에서 상장폐지로... 한편 최대주주가 변경된 에이비프로바이오가 이후 사업 방향을 엔터테인먼트 및 가상자산 분야로 전환할...,https://www.greened.kr/news/articleView.html?idxno=338897,4,,1
나스닥 0.54% 상승…미국-이란 협상 기대 속 지정학 불안 완화[뉴욕마감...,"6일(현지시간) 뉴욕증권거래소에서 다우존스산업평균지수는 0.36% 오른 4만6669.88에 거래를 마쳤고, S... 가상자산 가격 상승 영향으로 코인베이스와 스트래티지 등 관련주도 상승했다. 시장에서는 지정학적 리스크와...",https://www.news1.kr/world/international-economy/6127348,3,,1
"세무서 직원 십수명, 체납자 1만명 관리…유치장 가둬도 '버티기' 여전",국내 거래소와 달리 인적 사항 공유가 미비한 해외 거래소로 가상자산을 보내 은닉하거나 거래소를 통하지 않고 USB 형태의 개인 지갑(콜드 월렛)에 담아 숨기기도 한다. 체납을 관리할 인력도 태부족한 실정이다. 2025년...,http://www.edaily.co.kr/news/newspath.asp?newsid=01636726645413824,3,,1
"[모닝 뉴스브리핑] JP모건, 실물연계자산 토큰화 시장 2030년 13조달러 성...",암스트롱은 코인베이스가 단순 암호화폐 거래소를 넘어 다양한 자산을 포괄하는 거래 플랫폼과... 르완다 중앙은행은 국민들에게 가상자산 사용을 피하라고 권고했다. 중앙은행은 가상자산이 중대한 금융 위험을...,https://www.tokenpost.kr/news/briefing/346883,11,,1
"크립토퀀트, ""개인 및 채굴 매도세가 기관 비트코인 수요 압도""",비트코인이 상장지수펀드(ETF)와 연금 등 제도권 금융에 통합되며 대규모 자산 매각이 예전과 비교해 구조적으로 어려워지고 있다는 것이 전문가들의 중론이다. 비트코인은 4월 7일 오전 현재 빗썸 가상화폐 거래소에...,https://www.khgames.co.kr/news/articleView.html?idxno=303163,1,,0
"르완다 중앙은행, 바이비트 ‘프랑화 P2P’에 제동…“크립토 결제 승인...","가상자산이 여전히 법적 결제수단이 아니며, 르완다 프랑(FRW)을 이용한 ‘P2P’ 거래도 허용되지 않는다는... 전략 포인트 아프리카 시장 진출 시 국가별 규제 편차가 매우 크므로, 거래소는 현지 법정통화 연동 전략보다...",https://www.tokenpost.kr/news/international/346852,6,,1
"북한 연계 해커, 디파이 기업에 장기 잠복…드리프트 해킹이 드러낸 ‘...","넘어 가상자산 산업 전반의 국가안보 리스크로 번지고 있다. 북한 IT 네트워크를 둘러싼 제재와 단속이 강화되는 흐름 속에서, 거래소와 디파이 프로젝트는 채용 검증부터 개발 환경 관리까지 더 엄격한 보안 체계를...",https://www.tokenpost.kr/news/tech/346850,3,,1
"美 의회 보고서 ""XRP는 상품""...증권 논란 완전 종결",반면 거래소를 통한 일반 판매는 증권 거래가 아니라는 논리가 의회 공식 문서에 실렸다. 이번 보고서는... 이번 보고서 발간을 기점으로 미국 내 가상자산 입법 논의가 탄력을 받으며 시장 전반의 투명성이 크게...,http://coinreaders.com/229082,3,,1
글로벌 위기 속 비트코인 수익률 안전자산 압도,"시장에서는 비트코인이 단기적으로 변동성이 큰 자산이지만, 위기 이후 국면에서는 가장 강한 성과를 보이는 자산으로 자리 잡고 있음을 시사한다는 의견이 나오기도 했다. 브라질 가상화폐 거래소인...",https://www.khgames.co.kr/news/articleView.html?idxno=303162,0,,0
비트코인-통화정책 관계 역전 '선행지표화',향후 비트코인은 금리 정책의 결과가 아니라 기대를 반영하는 자산으로서 변동성을 보일지 귀추가 주목된다. 비트코인은 4월 7일 오전 현재 고팍스 가상화폐 거래소에서 전일대비 2.05% 상승한 1억 463만 원에 거래되고...,https://www.khgames.co.kr/news/articleView.html?idxno=303161,1,,0
"""숏 1.9억 달러 증발""...비트코인, 6만 9,000달러 터치하자 10만명 '줄청...","4월 6일(현지시간) 암호화폐 전문 매체 더크립토베이직에 따르면, 최근 24시간 동안 가상자산 시장에서... 거래소별로는 오케이엑스(OKX)에서 발생한 비트코인 선물 거래가 약 894만 달러 규모로 단일 최대 청산 사례로...",http://coinreaders.com/229071,7,,1
"""1,000만SHIB 공중분해""...로빈후드·바이낸스, 시바이누 소각 행렬 동참","가상자산 도박 플랫폼 스테이크닷컴은 단 한 번의 거래로 517만 8,012SHIB를 소각 명단에 올렸다. 코인베이스(Coinbase)도 7회에 걸쳐 517만 6,736SHIB를 태웠다. 크립토닷컴은 1,100만SHIB를 소각하며 대형 거래소 중 가장...",http://coinreaders.com/229066,3,,1
"카카오페이, 'x402 재단' 창립 합류…에이전틱 AI 결제 인프라 구축","'x402'는 미국 최대의 가상자산거래소인 코인베이스(Coinbase)가 주도하는 차세대 웹 결제 프로토콜이다. 웹 상호작용에 결제 기능을 직접 내장하여, 즉각적인 '온체인 결제(On-chain, 블록체인 네트워크상에서의 직접 결제)...",https://www.startuptoday.co.kr/news/articleView.html?idxno=608882,3,,1
뉴욕증시 개장 전 특징주...시게이트·스트래티지·샌디스크↑ VS 할리버...,미국 최대 가상자산 거래소 코인베이스(COIN)도 3% 넘게 올랐다. ◆ 메모리 반도체주 지난주 급락 이후 메모리 반도체 관련주는 반등세를 이어갔다. 샌디스크(SNDK)와 마이크론 테크놀로지(MU)는 3% 넘게 상승했고...,https://www.newspim.com/news/view/20260406001280,3,,1
가상자산 거래소 관리 기준 강화 수순…운영 체계 재정비,금융당국이 가상자산 거래소의 이용자 자산 관리 체계를 전반적으로 점검하고 내부통제 기준 강화를 추진하면서 거래소 운영 방식에도 단계적인 변화가 예상된다. 장부상 보유량과 실제 보유량을 상시 비교하는 점검 체계...,http://www.nongaek.com/news/articleView.html?idxno=95016,4,,1
"르완다 중앙은행, Bybit의 FRW P2P 지원에 제동…“비트코인 결제·환전...","글로벌 거래소 바이비트(Bybit)가 P2P 플랫폼에 FRW 지원을 추가하자 곧바로 제동을 건 것으로, 현지 '통화... 올해 3월 르완다 자본시장당국은 가상자산사업자 규제 초안을 공개하며 ‘책임 있는 혁신’을 강조했다....",https://www.tokenpost.kr/news/policy/346769,6,,1
"""터지면 다 죽는다""...이더리움, 선물 시장 과열에 반등 함정 경고",가상자산 분석가 다크포스트(Darkfost)의 자료를 보면 거래소 전체의 이더리움 미결제 약정은 약 640만ETH에 달한다. 2025년 7월에 기록한 역대 최고치인 780만ETH에 육박하는 수치다. 특히 세계 최대 거래소인 바이낸스는 전체...,http://coinreaders.com/229035,3,,1
'빗썸 사태' 또 생길라…'5분마다 잔고 확인' 의무화,"금융 당국이 앞으로는 모든 가상자산거래소에, 5분마다 자산을 점검하는 시스템을 의무적으로 도입하도록 했습니다. 박재현 기자가 보도합니다. <기자> 고객 이벤트로 62만 원을 지급하려다가 직원 실수로 62만 개의...",https://news.sbs.co.kr/news/endPage.do?news_id=N1008507528&plink=ORI&cooper=NAVER,4,,1
"카카오페이, x402 재단 합류","카카오페이가 참여한 'x402'는 미국 최대 가상자산거래소 코인베이스가 주도하는 차세대 웹 결제 프로토콜이다. 웹 상의 각종 서비스와 애플리케이션에 결제 기능을 직접 내장해, 블록체인 네트워크에서 바로 이뤄지는...",http://www.technoa.co.kr/news/articleView.html?idxno=100758,3,,1
"KG파이낸셜 및 헥토월렛원, 디지털자산 결제 인프라 구축 MOU 체결","있으며, 가상자산사업자 자격을 취득한 인앱 지갑 서비스 오하이월렛도 보유하고 있다. 양사는 이번 협약을... 오하이월렛 기반 디지털자산 결제 및 거래소 원화 전환 서비스 연계 2. 옥텟 API를 활용한 온오프라인 결제...",http://www.technoa.co.kr/news/articleView.html?idxno=100757,4,,1
업비트 거래량 무려 41% 폭발! 휴전 중재안에 다시 살아난 코인 투심!,"6일 오후 8시 1분 기준 국내 최대 가상자산 거래소 업비트에 따르면, 대장주 비트코인은 전일 대비 0.48% 상승한 1억 479만 3,000원에 거래되며 하락세를 멈추고 반등에 성공했다. 시가총액 2위 이더리움 역시 1.44% 오른 323만...",http://coinreaders.com/229028,3,,1
"일본 정부, 가상자산 100종 공식 승인...2026년 암호화폐 패권 탈환 초읽...","4월 6일(현지시간) 암호화폐 전문 매체 비트코인닷컴에 따르면, 일본 가상자산거래소협회(JVCEA)는 최근 28개 거래 플랫폼에서 유통되는 비트코인(Bitcoin, BTC) 등 암호화폐 토큰 100개를 공식 인정했다. 일본 시장은 엄격한...",http://coinreaders.com/229027,6,,1
"""지갑부터 결제까지""… KG파이낸셜–헥토월렛원, 디지털자산 원스톱 인...","있으며, 가상자산사업자(VASP) 자격을 취득한 인앱 지갑 서비스 '오하이월렛'을 보유한 전문 기업이다. 양사는 이번 협약을 통해 ▲오하이월렛 기반 디지털자산 결제 및 거래소 원화 전환 서비스 연계 ▲옥텟...",https://kr.aving.net/news/articleView.html?idxno=1810193,4,,1
"카카오페이, x402 재단 합류…AI 기반 결제 시장 진출","x402는 미국 가상자산 거래소 코인베이스가 주도한 차세대 웹 결제 프로토콜로, 웹 환경에 결제 기능을 직접 결합해 블록체인 기반 온체인 결제를 즉시 처리할 수 있도록 설계된 기술이다. 데이터 교환처럼 자산을...",http://www.sisacast.kr/news/articleView.html?idxno=94736,3,,1
"서클 CEO, 13일 두나무·빗썸·코인원 만난다…USDC 유통 활성화 논의","재판매 및 DB 금지) 6일 가상자산업계에 따르면 알레어 CEO는 13일 방한해 두나무, 빗썸, 코인원 등 가상자산거래소 세 곳와 KB국민·신한·하나은행 등 주요 시중은행을 찾는다. 이번 방한에서 알레어 CEO는 가상자산...",http://www.edaily.co.kr/news/newspath.asp?newsid=05031526645413496,6,,1
[기획] 빗썸 1분기 18개 상장·상장 폐지 10개,이에 비해 업비트는 시커폰 선물 이벤트를 진행하면서 '본 이벤트는 프로젝트 측 요청으로 진행하는 이벤트입니다'라는 문구룰 표기하는 대신 거래소와 가상자산 또는 발행주체/운영주체 관련 이해 상충 가능성을...,https://www.nbntv.co.kr/news/articleView.html?idxno=4020548,3,,1
"리플(XRP), 일본 대형 행사 앞두고 고래 매집 10개월 만에 최고…상승 힘...",이는 최근 가상자산 시장이 흔들리는 와중에도 매수 움직임이 이어지고 있음을 보여준다고 코인게이프는... 거래소 밖으로 빠져나가는 물량도 빨라지면서 큰 매도 압력도 줄고 있는 것으로 전해졌다. 코인게이프는...,https://www.cbci.co.kr/news/articleView.html?idxno=565887,3,,1
AI에이전트 결제 선점 나선 카카오페이…인프라경쟁 한창인데 입법은 하...,"x402는 미국 최대 가상자산 거래소인 코인베이스가 개발한 AI 에이전트 결제 프로토콜로, 현재는 리눅스 재단이 관리한다. AI 에이전트가 사람 개입 없이 초소액·고빈도 결제를 자동 수행할 수 있도록 설계된 것이...",http://www.edaily.co.kr/news/newspath.asp?newsid=04946246645413496,3,,1
서클 창립자 13일 방한…금융권·거래소·네카오까지 '릴레이 회동',"박현영 블록체인전문기자 = 스테이블코인 USDC 발행사 서클의 제레미 알레어 창립자가 오는 13일 방한해 국내 금융권과 가상자산 거래소는 물론, 네이버·카카오 등 정보기술(IT) 기업 관계자들까지 잇달아 만나는...",https://www.news1.kr/finance/blockchain-fintech/6127223,4,,1
‘두나무 vs FIU’ 이번주 1심 결론,국내 가상자산 거래소의 영업정지 처분에 대해 법적 판단이 나오는 건 이번이 처음이기 때문이다. 빗썸 역시 지난달 특금법 위반으로 FIU로부터 영업 일부정지 6개월 처분을 받은 뒤 행정소송을 제기한 상황이다....,http://www.fnnews.com/news/202604061822451025,3,,1
빗썸 오지급 재발 방지…'5분 주기 점검' 의무화,"금융당국이 빗썸 오지급 사태를 계기로 가상자산 거래소에 5분마다 자산을 점검하는 시스템 도입을 의무화했습니다. 또 장부와 실제 보유 자산이 맞지 않을 경우 거래를 자동으로 차단하고, 이벤트 보상 지급 등 고위험...",https://biz.sbs.co.kr/article_hub/20000302394?division=NAVER,4,,1
"카카오페이, 'x402 재단' 합류…에이전틱 AI 결제 표준 참여","'x402'는 미국 최대 가상자산 거래소 코인베이스가 주도하는 웹 결제 프로토콜이다. 웹 상호작용에 결제 기능을 직접 내장하여, 즉각적인 '온체인 결제(On-chain, 블록체인 네트워크 상에서의 직접 결제)'를 가능하게 하는...",http://www.sisaon.co.kr/news/articleView.html?idxno=182134,3,,1
"[코인시황] 미국·이란 2단계 중재안 수령…비트코인, 6만9000달러선↑","국내 거래소 빗썸에서는 같은 시각 2.26% 오른 1억407만원을 기록했다. 같은 시각 알트코인 역시 상승세를... 소식이 전해지자 가상자산 시장은 상승세로 전환됐다. 샤우라 말와 코인데스크 데이터 분석가는 ""휴전 협상...",https://www.newsworks.co.kr/news/articleView.html?idxno=836811,4,,1
"""빗썸 오지급 사태 막는다""...가상자산거래소, 5분 단위로 잔고 점검키...","사진=금융위원회 모든 가상자산거래소는 앞으로 5분 단위로 전산상 장부와 실제 잔고 간 일치여부를 확인하게 된다. 외부 회계법인을 통한 실사주기도 월 단위로 변경하고, 공시 범위도 가상자산 종목별 지갑과 장부상...",https://www.techm.kr/news/articleView.html?idxno=150864,16,,1
"스테이블코인 관련주, '봄꽃만개' 다날·미투온·헥토파이낸셜·더즌","6일 한국거래소에 따르면 다날, 미투온, 헥토파이낸셜, 더즌, NHN KCP는 상승했다. 다날과 미투온은 전... 페이코인을 통해 국내 최초로 가상자산 결제 상용화에 성공한 다날은 이 결제 방식에 대한 온·오프라인...",http://www.finomy.com/news/articleView.html?idxno=252736,6,,1
“코인 범죄 갈수록 고도화…거래없는 유령 거래소 통해 자금 세탁까지...,“최근에는 탈중앙화거래소(DEX)를 활용해 자금을 세탁하거나 서로 다른 블록체인 간 자산 이동(체인간... 김영석 보난자팩토리 대표가 6일 은행회관에서 열린 제3회 금융범죄예방을 위한 정책세미나에서 가상자산 거래의...,http://www.edaily.co.kr/news/newspath.asp?newsid=04772406645413496,7,,1
"카카오페이, 국내 첫 'x402 재단' 합류…에이전틱 AI 결제 글로벌 표준 ...",AI 에이전트 간 끊김 없는 결제 구현 'x402'는 미국 최대의 가상자산거래소인 코인베이스(Coinbase)가 주도하는 차세대 웹 결제 프로토콜이다. 웹 상호작용에 결제 기능을 직접 내장해 즉각적인 '온체인 결제(On-chain...,http://www.economytalk.kr/news/articleView.html?idxno=420031,3,,1
"자립준비청년 지원 업비트, 3월 투자자 관심도 1위…빗썸·코빗 순",올 3월 가상자산거래소 중 업비트가 가장 높은 관심도(정보량=포스팅 수)를 기록했다. 빗썸이 그 뒤를 추격했으며 코빗이 3위를 차지했다. 6일 데이터앤리서치는 뉴스·커뮤니티·블로그 등 다양한 채널 및 사이트를...,http://www.lawissue.co.kr/view.php?ud=20260406175636441007f28b58b8_12,3,,1
"박현주 '코빗' vs 김남구 '코인원', 증권사 빅2 '코인 대전' 시작","미래에셋이 가상자산 거래소 인수를 추진한 가운데 한투도 가상자산 사업에 대한 야심을 본격적으로 드러냈다. 한투, 코인원 인수는 'NO'…가상자산은 'YES' 지난 2일 <헤럴드경제>가 한투증권이 가상자산 업계 3위 거래소...",https://www.insightkorea.co.kr/news/articleView.html?idxno=244112,6,,1
서클 CEO 방한…두나무 협업 맺나,"6일 업계에 따르면 얼레어 CEO는 오는 13일 방한해 은행과 가상자산 거래소들을 잇달아 만나 스테이블코인 사업 협력 가능성을 타진할 예정이다. ▲ 두나무와 MOU 추진 거래소 가운데서는 두나무와 빗썸, 코인원을 만날...",http://www.hansbiz.co.kr/news/articleView.html?idxno=830809,6,,1
"두나무-경찰대 금융범죄분석센터, 가상자산 범죄 근절 '맞손'",디지털자산 거래소 업비트를 운영하는 두나무(대표 오경석)는 지난 3일 경찰대학 금융범죄분석센터(센터장 서준배 교수)와 공동으로 '디지털 금융범죄 대응을 위한 공공민간협력 세미나'를 개최했다고 6일 밝혔다. 이번...,https://www.startuptoday.co.kr/news/articleView.html?idxno=608861,4,,1
[단독]빗썸이 세웠던 로똔다 문 닫았다…웹3지갑 사실상 '좌초',예컨대 탈중앙화 거래소에 가상자산을 상장한 뒤 일정 요건을 충족한 프로젝트에 한해서 해당 중앙화거래소에 상장하는 방식이다. 자기발행코인을 보유한 글로벌 거래소들은 중앙화 거래소 런치패드에 자체 코인을...,https://www.newsway.co.kr/news/view?ud=2026040616432663166,3,,1
디지털자산법 앞두고 금융지주 총출동…‘스테이블코인’ 하나금융 선...,핵심 쟁점으로는 은행 중심 컨소시엄 구조를 의미하는 ‘51% 룰’과 가상자산거래소 지분 제한(15~20%) 방안 등이 거론된다. 이 같은 제도 논의에 맞춰 금융지주들의 움직임도 빨라지고 있다. 신한금융 계열사인 제주은행은...,https://www.ceoscoredaily.com/page/view/2026040615355031051,7,,1
“지금 암호화폐 파이코인에 5000달러를 투자하면 2027년엔 어떻게 될까...,캡틴알트코인 등 가상자산 업계에 따르면 파이코인 관련 여러 기술 지표는 현재 시장의 복합적인 상황을... 거래소 상장 소식 역시 시장을 흔들고 있다. 크라켄(Kraken) 거래소에 상장되면서 유동성이 공급됐고 향후...,https://www.wikitree.co.kr/articles/1129966,10,,1
"[DD퇴근길] ""삼성은 반도체, LG는 가전""…1Q '깜짝 실적' 거둘까",[조윤정기자] 한국투자증권이 가상자산 거래소 코인원 지분 인수를 검토하며 디지털 자산 사업 확대에 나섰습니다. 6일 금융투자업계에 따르면 한국투자증권은 최근 코인원 측에 지분 인수 제안을 한 것으로...,https://www.ddaily.co.kr/page/view/2026040617193734578,5,,1
"미래에셋증권, 1Q 순익 240% 급증 예상...한국투자 ""낙관은 금물""","6일 한국거래소에 따르면 미래에셋증권은 6만3200원으로 마감했다. 연초(1월 2일) 대비 상승률은 171.84%로... 우 연구원은 ""미래에셋증권은 (내년 6월) 스페이스X 상장까지 걱정 없다""며 ""디지털자산(가상자산)...",http://www.opinionnews.co.kr/news/articleView.html?idxno=136308,3,,1
제2의 ‘빗썸 오지급 사태’ 막는다… 5분마다 잔고 대조,"다음달부터 국내 가상자산 거래소는 장부상 보유량과 실제 가상자산 잔고를 5분마다 대조하고, 대규모 오차가 발생하면 즉시 거래를 차단해야 한다. 62조원 규모의 유령코인이 잘못 지급된 이른바 빗썸 사태의 재발을 막기...",https://www.kmib.co.kr/article/view.asp?arcid=0029639530&code=61141111&cp=nv,3,,1
"[이슈] 금융당국, '빗썸 오지급 사태' 계기 거래소 전면 점검…5분 단위...",금융당국이 가상자산 거래소의 내부통제 체계를 대폭 강화하는 제도 개선에 나선다. 최근 발생한 비트코인 오지급 사고를 계기로 자산 관리와 위험 대응 시스템 전반을 손질하겠다는 방침이다. 금융위원회는 6일...,https://www.polinews.co.kr/news/articleView.html?idxno=727659,16,,1
"비트코인 현물 ETF, 기관 통로 넘어 ‘가격 발견’ 축으로 커졌다",운용자산 862억달러…비트코인 시가총액의 6.44% 가상자산 분석업체 크립토퀀트(CryptoQuant) 데이터에... 그만큼 현물 ETF가 중앙화 거래소 못지않게 비트코인 가격 발견에 관여하고 있다는 의미다. 여기에 130만 BTC에...,https://www.tokenpost.kr/news/cryptocurrency/346688,4,,1
스테이블코인 사고 시 책임은?…국내 '사업자 원칙' 속 예외 고려,"국내는 가상자산 1단계 법이 있지만 스테이블코인을 따로 다루지 않고 있다. 1단계에서는 거래소 규제, 예치금 보호, 이상거래 대응, 내부통제 등 이용자 보호를 중점으로 다루고 있으며, 추가 법안은 가상자산...",https://www.epnc.co.kr/news/articleView.html?idxno=400034,3,,1
"빗썸 사고에 규제 강화 나선 금융당국, 가상자산거래소 '5분 점검' 의무...","금융당국이 가상자산거래소에 대한 내부통제 기준을 대폭 강화한다. 금융위원회는 6일 서울 종로구 정부서울청사에서 5대 가상자산거래소 대표, 디지털자산거래소 공동협의체(DAXA)와 '가상자산업계 간담회'를 열었다고...",https://www.businesspost.co.kr/BP?command=article_view&num=435066,16,,1
“암호화폐 비트코인 내부 지표서 특별한 랠리 신호가 포착됐습니다”,비트코이니스트 등 가상자산 업계에 따르면 비트코인이 과거의 모든 하락장 바닥에서 나타났던 것과... 분석가 구가온체인(GugaOnChain)가 공유한 데이터를 보면 지난 한 달 동안 전 세계 주요 거래소에서 약 6만 6300개의...,https://www.wikitree.co.kr/articles/1129942,6,,1
"카카오페이, 'x402 재단' 합류…에이전틱 AI 결제 글로벌 표준 참여","'x402'는 미국 최대의 가상자산거래소인 코인베이스(Coinbase)가 주도하는 차세대 웹 결제 프로토콜이다. 웹 상호작용에 결제 기능을 직접 내장하여, 즉각적인 '온체인 결제(On-chain)'를 가능하게 하는 기술이다. AI...",https://www.it-b.co.kr/news/articleView.html?idxno=87626,3,,1
'빗썸 오지급' 재발 방지···5분 주기 잔고 검증 의무화,당국은 가상자산 거래소의 내부 통제 체계를 금융회사 수준으로 강화하기로 했는데요. 앞으로 모든 가상자산 거래소가 5분마다 코인 잔고를 확인하도록 제도를 개선합니다. 보도에 김찬규 기자입니다. 김찬규 기자> 지난...,https://www.ktv.go.kr/content/view?content_id=751782,4,,1
"AI 3강의 꿈, '보안 사상누각' 위에 세울 순 없다","유출된 코인은 해커에 의해 글로벌 가상자산 거래소를 통해 매도됐다. 피해액은 약 90억원이다. 위믹스 사옥 내부 인증키 관리 소홀이 화근이었다. 전직 직원이 인증키를 공개된 공간에 올려놨고, 이를 악용한 해커의...",https://zdnet.co.kr/view/?no=20260406145856,3,,1
"[토큰주식] NAVER, 두나무-FIU 1심 선고 앞두고 약세…네이버파이낸셜 빅...","업계는 이번 소송을 국내 가상자산 거래소 영업정지 처분에 대한 첫 사법 판단이라는 점에서도 주목하고 있다. 빗썸도 최근 FIU 제재에 대해 행정소송에 나선 상태여서, 이번 결과가 향후 유사 분쟁의 기준점이 될...",https://www.tokenpost.kr/news/economy/346670,4,,1
"""거래 90%가 도박판""...바이낸스, 1.8조 달러로 시장 완전 장악","가상자산 시장에서 파생상품 거래 비중이 90%에 육박하는 구조로 재편되며 바이낸스가 압도적인 거래... 4월 6일(현지시간) 암호화폐 전문 매체 크립토포테이토에 따르면, 전 세계 거래소 전체 거래량 중 파생상품이...",http://coinreaders.com/228992,7,,1
"서클, 두나무·KB와 스테이블코인 협력",달러 스테이블코인 유에스디코인(USDC) 발행사 서클이 국내 1위 가상화폐 거래소 업비트 운영사 두나무와... 디지털자산 시장에서의 리더십을 더욱 강화해 나가겠다”고 설명했다. 서클 방한단은 오찬 간담회를 통해...,https://www.sedaily.com/article/20028900?ref=naver,1,,0
‘USDC 발행’ 서클 제레미 알레어 CEO 내주 방한…K금융·가상자산 톱티...,"대형 가상자산 거래소 경영진과 연쇄 회동을 갖는다. 6일 금융권 및 가상자산 업계에 따르면 알레어 CEO는 내주 방한해 KB국민, 신한, 하나 등 국내 주요 시중은행을 비롯해 두나무(업비트), 빗썸, 코인원 등 주요...",https://www.mk.co.kr/article/12009226,7,,1
"""가상자산 범죄, 민관이 짠다"" 두나무·경찰대 '수사 공조' 전격 제도화","두나무 관계자는 ""디지털자산 거래의 투명성을 높이고 이용자를 보호하기 위해 경찰과의 공조를 더욱 공고히 할 것""이라며 ""앞으로도 안전한 디지털 금융 생태계 조성을 위해 거래소로서의 사회적 책임을 다하겠다""고...",https://www.asiaa.co.kr/news/articleView.html?idxno=245615,4,,1
"카카오페이, 국내 기업 유일 'x402 재단' 창립 멤버 합류","x402는 미국 최대의 가상자산거래소인 코인베이스가 주도하는 차세대 웹 결제 프로토콜이다. 웹 상호작용에 결제 기능을 직접 내장해, 즉각적인 '온체인 결제(On-chain, 블록체인 네트워크상에서의 직접 결제)'를 가능하게...",https://www.financialpost.co.kr/news/articleView.html?idxno=254443,3,,1
"[사설] 글로벌 AI결제, 참여 자체보다 성과 만들길",카카오페이가 참여한 'x402 재단'은 미국 최대 가상자산거래소 코인베이스가 주도하는 차세대 웹 결제 프로토콜이다. 웹 상호작용에 결제 기능까지 담아 블록체인 네트워크상에서 직접 결제가 이뤄지도록 한 '온체인 결제...,https://www.etnews.com/20260406000371,3,,1
[ET시론] 우리나라 디지털 금융의 미래가 위험하다,"가상자산이용자보호법 시행을 발판 삼아 2단계 입법에서는 산업 발전과 활성화를 위한 논의가 본격화 될... 첫째는 거래소 대주주 지분 상한을 일률적으로 정한다는 것이며, 둘째는 스테이블코인 발행 주체에 있어 기존...",https://www.etnews.com/20260406000247,4,,1
가상자산거래소 '5분 잔고대사' 의무화…내부통제 강화,"DAXA는 이달 중 자율규제 정비를 마무리하고, 다음 달까지 관련 전산 시스템 구축을 완료할 계획입니다. 이 같은 내용은 향후 '2단계 가상자산법'에도 반영될 예정입니다. #가상자산거래소 #빗썸 #내부통제 #DAXA #금융위원회",http://www.yonhapnewstv.co.kr/AKR20260406155816CLP,16,,1
"KG파이낸셜, 헥토월렛원과 손잡고 결제 인프라와 연동 구축","있다""며 ""디지털자산 업계와의 협업은 거래소에서 디지털자산을 원화로 실시간 전환해주는 기술을 결제... 갖췄으며, 가상자산사업자(VASP) 자격을 취득한 인앱 지갑 서비스 '오하이월렛'도 보유하고 있다. KG파이낸셜은 이...",https://www.wolyo.co.kr/news/articleView.html?idxno=310677,4,,1
"가상자산거래소, 5분마다 잔고 대조 의무화...내부통제 '금융사 수준' 강...","앞으로 가상자산 거래소는 5분 단위로 장부상 보유량과 실제 보유량을 대조·검증하는 시스템을 의무적으로 구축해야 한다. 내부통제 역시 금융회사 수준으로 강화되고, 관련 점검 결과는 금융당국에 보고해야 한다....",https://www.thepublic.kr/news/articleView.html?idxno=300067,4,,1
쪼그라드는 카드업⋯규제·입법 부진에 악화일로,"구윤철 경제부총리 겸 재정경제부 장관과 금융위는 지난 1월 대통령 보고 주요 과제에 디지털자산기본법 계획을 포함했지만, 거래소 기준 규제·발행 주체 간 이견에다가 지난 2월 말부터 시작한 중동 전쟁까지 겹쳐...",http://www.inews24.com/view/1957399,7,,1
"[금융 이모저모] 한국투자증권, 대학생 금융·경제 학회 동아리 등록제...","'x402'는 미국 최대의 가상자산거래소인 코인베이스(Coinbase)가 주도하는 차세대 웹 결제 프로토콜이다. 웹 상호작용에 결제 기능을 직접 내장하여, 즉각적인 '온체인 결제(On-chain, 블록체인 네트워크상에서의 직접 결제)...",https://www.greened.kr/news/articleView.html?idxno=338891,4,,1
빗썸 오지급 후폭풍…거래소 내부통제 '5분 점검' 체계로 재편,가상자산 거래소의 내부통제가 ‘실시간 수준’으로 재편된다. 빗썸 오지급 사태를 계기로 금융당국이 거래소 전반의 구조적 취약성을 지적하며 고강도 개선에 착수했다. “5분마다 자산 점검”…상시 관리 체계 의무화...,https://www.tokenpost.kr/news/policy/346656,4,,1
빗썸 사태 후폭풍…가상자산 거래소 ‘5분 잔고대조’ 강제된다,"가상자산 거래소 전반에 ‘금융회사급 내부통제’가 요구되며, 업계 구조 자체를 흔드는 고강도 규제 개편이 본격화됐다. 6일 금융당국에 따르면 금융위원회는 주요 가상자산 거래소 대표 및 디지털자산거래소...",http://coinreaders.com/228984,16,,1
가상자산 거래소에 신속 대응 시스템 요구… 내부통제 강화 나선 금융 ...,"6일 열린 금융위원회와 주요 가상자산거래소의 간담회에서 신진창 금융위원회 사무처장은 최근 발생한 빗썸의 비트코인 오지급 사건을 거론하며, ""이번 사건은 인적 실수에 그치지 않고 거래소에 누적된 구조적 문제들이...",https://www.gokorea.kr/news/articleView.html?idxno=862711,16,,1
"컴투스홀딩스, 코인원 매각설에 지분 재평가...주가 급등",/컴투스홀딩스 | 서울=한스경제 전시현 기자 | 국내 가상자산 거래소 코인원의 매각 가능성이 불거지면서 2대 주주인 컴투스홀딩스 주가가 큰 폭으로 올랐다. 시장에서는 이를 단순한 단기 수급 재료로 보기보다 코인원...,http://www.hansbiz.co.kr/news/articleView.html?idxno=830393,4,,1
"카카오페이, 리눅스의 ‘AI 결제’ 참여",x402는 미국 최대의 가상화폐거래소인 코인베이스가 주도하는 차세대 웹 결제 프로토콜이다. AI 에이전트와 API·애플리케이션이 데이터를 주고받는 것처럼 자산을 원활하게 거래할 수 있도록 설계돼 향후 에이전틱 AI가...,https://www.sedaily.com/article/20028862?ref=naver,0,,0
“암호화폐(코인) 리플 투자자들의 약세 편향이 오히려 가격 상승을 이...,가상자산 분석가 마르툰(Maartunn)에 따르면 5일(미국 시각) XRP의 미결제 약정은 9억 4300만 건 이상으로... 최근 한 달 동안 전 세계 주요 거래소에서 6만 6300개에 달하는 비트코인이 빠져나갔다. 이는 44억 4000만...,https://www.wikitree.co.kr/articles/1129922,6,,1
거래소 고위험 거래 규제에…사업 구조 재편 '불가피',"가상자산 거래소에 대한 금융당국의 규제 강화가 본격화되면서 업계 전반의 사업 구조가 재편될 가능성이 커졌다. 잔고대사 시스템 구축 의무화, 고위험 거래 내부통제 장치 강화 등 조치는 거래소의 수익 모델과 운영...",https://www.asiatoday.co.kr/view.php?key=20260406010001655,4,,1
"카카오페이, 'x402 재단' 창립멤버 합류…국내 유일","x402는 미국 최대의 가상자산거래소인 코인베이스가 주도하는 차세대 웹 결제 프로토콜이다. 웹 상호작용에 결제 기능을 직접 내장해, 즉각적인 '온체인 결제(블록체인 네트워크상에서의 직접 결제)'를 가능하게 하는...",https://www.newsis.com/view/NISX20260406_0003579635,3,,1
"가상자산 거래소, 5분마다 잔고 대조 의무화","앞으로 가상자산 거래소는 장부상 보유량과 실제 보유량을 5분 단위로 대조·검증하는 시스템을 구축해야 한다. 내부통제 역시 금융회사 수준으로 강화하고, 위반 여부를 정기적으로 점검해 금융당국에 보고해야 한다. 6일...",https://www.seoulfn.com/news/articleView.html?idxno=625716,4,,1
"금융당국, 가상자산 5분 주기 잔고대사 의무화...빗썸 오지급 후속 제도...",금융당국이 빗썸 오지급 사태를 계기로 가상자산 거래소 전반에 대한 내부통제 체계를 금융회사 수준으로 끌어올리는 제도개선에 착수했다. 금융위원회는 6일 신진창 사무처장 주재로 5대 가상자산 거래소 대표와...,https://www.asiaa.co.kr/news/articleView.html?idxno=245607,16,,1
"카카오페이, 'x402 재단' 합류…'에이전틱 AI' 결제 글로벌 인프라 구축...",재단의 핵심 기술인 'x402'는 미국 최대 가상자산 거래소 코인베이스가 주도하는 차세대 웹 결제 프로토콜이다. 웹 상호작용 과정에 결제 기능을 내장해 블록체인 네트워크상에서 즉각적인 '온체인 결제'를 구현한다....,http://www.wikileaks-kr.org/news/articleView.html?idxno=185940,3,,1
‘유령코인’ 막는다…코인거래소 5분마다 잔고 대조 의무화,"가상자산 거래소는 앞으로 5분 단위로 장부상 보유량과 실제 보유량을 상시 대조·검증하는 시스템을 의무적으로 구축해야 한다. 아울러 금융회사 수준의 내부통제를 마련하고, 위반 여부를 점검해 금융당국에 보고하는...",https://www.mydaily.co.kr/page/view/2026040615203983870,4,,1
대만 가상자산서비스법 초안 통과…무허가 스테이블코인 발행에 최대 6...,"가상자산서비스법은 거래소, 지갑, 스테이블코인 발행사 등 가상자산 관련 사업자를 통합적으로 규제하는 법안입니다. 투자자 보호, 자금세탁 방지, 시장 투명성 강화를 핵심 목표로 하며 대만의 암호화폐 산업을 제도권...",https://www.tokenpost.kr/news/international/346651,6,,1
제2의 빗썸 유령코인 사태 막는다...가상화폐 ‘5분 검증’ 의무화,하지만 가상화폐 거래에서는 도입이 미비한 실정이다. 실제 금융 당국과 디지털자산거래소공동협의체(DAXA)가 빗썸 오지급 사태 이후 진행한 긴급 점검 결과에 따르면 가상화폐거래소 5곳 중 3곳에는 아예 킬 스위치가...,https://www.sedaily.com/article/20028844?ref=naver,1,,0
"KG파이낸셜-헥토월렛원, 디지털자산 결제 인프라 구축 MOU 체결","있으며, 가상자산사업자(VASP) 자격을 취득한 인앱 지갑 서비스 '오하이월렛'도 보유하고 있다. 양사는 이번 협약을 통해 △오하이월렛 기반 디지털자산 결제 및 거래소 원화 전환 서비스 연계 △옥텟 API를...",http://www.enewstoday.co.kr/news/articleView.html?idxno=2415407,4,,1
가상자산거래소 오지급 사태에…5분마다 '잔고 대조' 의무화,가상자산거래소가 장부와 지갑상의 자산을 5분마다 대조·확인하는 시스템을 구축하게 된다. 올해 초 가상자산거래소에서 약 62조원 규모의 비트코인이 오지급된 데 따른 후속 조치다. 금융위원회는 6일 오후 2시 신진창...,http://www.newsprime.co.kr/news/article.html?no=729337,16,,1
"이더리움, 반등 에너지 응축 중...2,200달러 고지 점령 임박?","가상자산 통계 플랫폼 코인마켓캡(CoinMarketCap)의 4월 6일(현지시간) 실시간 데이터에 따르면, 이더리움은... 주요 거래소 내에서의 이더리움 보유량이 감소하며 공급 쇼크 가능성까지 제기되고 있다. 현재 이더리움은 2...",http://coinreaders.com/228976,4,,1
"KB금융지주, 스테이블코인 전략 본격화... 테더 이어 서클까지 파트너십...","여기에 가상자산 거래소 빗썸과의 협업 가능성도 거론된다. 이미 계좌 제휴를 통해 접점이 형성된 만큼, 대규모 이용자를 보유한 거래소와의 결합은 향후 원화 스테이블코인 확산 속도를 높일 수 있는 변수로 꼽힌다....",http://www.press9.kr/news/articleView.html?idxno=74632,5,,1
"3년 만에 꺾인 예치금 성장세…두나무, 지난해 예수부채 28% 줄었다",가상자산거래소는 고객예치금을 부채로 잡는 구조여서 예수부채 증감은 전체 부채에도 직접 영향을 미친다. 실제 두나무의 지난해 말 총부채는 6조9705억원으로 전년 9조4353억원 대비 26% 줄었다. 반면 자본은 늘었다....,https://www.bloter.net/news/articleView.html?idxno=658701,3,,1
"이용자 자산 상시 점검 시스템 구축, 금융회사 수준 내부통제체계 강화","6일 14시 금융위원회 신진창 사무처장 주재로 5대 가상자산거래소 대표, 디지털자산거래소 공동협의체(DAXA) 등이 참석한 가운데, '빗썸 오지급 사태' 직후 구성된 '긴급대응반'의 점검결과 공유 및 향후 제도개선 방안 논의...",http://www.intn.co.kr/news/articleView.html?idxno=2050002,16,,1
"현금흐름 둔해진 두나무, 계열사 부진에 외형성장 '발목'","6일 가상자산업계에 따르면 디지털자산(가상자산) 거래소 업비트를 운영하는 두나무는 지난해 영업이익 8693억원, 당기순이익 9838억원을 기록했다. 이는 전년 대비 각각 27% 가량 감소한 수치다. 두나무의 실적이...",https://www.newsway.co.kr/news/view?ud=2026040613044568524,5,,1
"KG파이낸셜, 헥토월렛원과 디지털자산 실사용 서비스 협력","스테이블코인을 포함한 디지털자산의 발행·보관·이전 기능을 제공하며 가상자산사업자(VASP) 자격을... 양사는 오하이월렛 기반 디지털자산 결제와 거래소 원화 전환 서비스 연계, 옥텟 API를 활용한 온·오프라인 결제...",https://www.fetv.co.kr/news/article.html?no=216427,4,,1
"카카오페이, 코인베이스 주도 ‘x402’ 참여…AI 결제 인프라 확보","‘x402’는 미국 최대의 가상자산거래소인 코인베이스(Coinbase)가 주도하는 차세대 웹 결제 프로토콜이다. 웹 상호작용에 결제 기능을 직접 내장하여, 즉각적인 ‘온체인 결제(On-chain, 블록체인 네트워크상에서의 직접...",https://www.munhwa.com/article/11580173?ref=naver,3,,1
"서클 CEO, 두나무 만난다…USDC 유통 등 협업","이번에도 국내 금융사와 가상자산 거래소들과 만날 예정인 가운데, 국내 1위 거래소 업비트와 협업을 추진할 것으로 알려져 관심을 끈다. 6일 업계에 따르면 제레미 얼레어 서클 창업자이자 최고경영자(CEO)는 오는...",https://news.bizwatch.co.kr/article/mobile/2026/04/06/0014,4,,1
업비트 거래소에서 금일 가장 주목 받는 가상화폐는…,4월 6일 현재 국내 가상화폐 거래소인 업비트에서 '메타디움'이 가장 높은 일일 체결강도를 보이고 있다.... 5개 자산에 이름을 올리고 있다. 일일 매수 체결강도 상위 5개 가상화폐 모두 100% 이상의 체결강도를 보유...,https://www.khgames.co.kr/news/articleView.html?idxno=303148,0,,0
빗썸 사고 원천 차단…잔고 5분 대조·고위험 수작업 업무 절차 마련,"사고의 원인이 된 잔고 대사 시스템 미비와 수작업 업무 오류에 대한 구체적인 방지 시스템을 마련하고, 가상자산거래소에 금융사 수준의 준법 감시 프로그램 마련을 요구했다. 금융위원회는 6일 신진창 사무처장 주재로...",https://news.einfomax.co.kr/news/articleView.html?idxno=4407932,16,,1
이번주 ‘두나무 vs FIU’ 1라운드 결론…“빅딜·기본법 분수령” [크립...,국내 가상자산 거래소의 영업정지 처분에 대해 법적 판단이 나오는 건 이번이 처음이기 때문이다. 빗썸 역시 지난달 특금법 위반으로 FIU로부터 영업 일부정지 6개월 처분을 받은 뒤 행정소송을 제기한 상황이다....,http://www.fnnews.com/news/202604061240457264,3,,1
"코인 잔고 안 맞으면 자동 거래 중단... 당국, ‘빗썸 유령 코인’ 사고...",국내 가상자산거래소는 다음달까지 코인 잔고를 5분 주기로 점검하는 시스템을 구축해야 한다. 만약 이 과정에서 장부상 잔고와 실제 잔고가 크게 어긋나면 자동으로 거래를 차단해야 한다. 분기마다 해 왔던 외부...,https://www.chosun.com/economy/money/2026/04/06/7B7ZHTQPRRCARGLVVPWJ6LPAJU/?utm_source=naver&utm_medium=referral&utm_campaign=naver-news,3,,1
가상자산 거래소 잔고 검증 5분 단위로 의무화…오류 시 자동 거래 차단...,금융위원회는 6일 오후 정부서울청사에서 신진창 사무처장 주재로 5대 가상자산거래소 대표와 디지털자산거래소 공동협의체(DAXA) 등이 참석한 간담회를 열고 ‘빗썸 오지급 사태’ 이후 구성된 긴급대응반 점검 결과와...,https://biz.heraldcorp.com/article/10710889?ref=naver,16,,1
"‘빗썸 오지급’에 드러난 거래소 부실…당국, 위험관리 체계 마련한다",빗썸의 대규모 비트코인 오지급 사태를 계기로 당국이 실시한 긴급 점검에서 가상자산거래소의 전반적인 시스템 운영 미흡과 구조적 문제점이 적발됐다. 금융당국은 거래소의 전사적인 개편 필요성을 강조하면서 강도...,https://www.kukinews.com/article/view/kuk202604060126,6,,1
"카카오페이, 'x402 재단' 합류…국내 최초 에이전틱 AI 결제 글로벌 표준...","'x402'는 미국 최대의 가상자산거래소인 코인베이스가 주도하는 차세대 웹 결제 프로토콜이다. 웹 상호작용에 결제 기능을 직접 내장하여, 블록체인 네트워크상에서의 직접 결제인 '온체인 결제'를 가능하게 한다....",https://www.etnews.com/20260406000277,3,,1
"가상자산 거래소, '5분 점검' 상시 의무화 도입",금융당국이 가상자산 거래소에 대해 이용자 자산을 5분 단위로 점검하는 상시 대사 시스템 도입과 함께 고위험거래 통제 및 준법감시·위험관리 체계를 금융회사 수준으로 의무화한다. 6일 금융위원회는 금융정보분석원...,http://www.inews24.com/view/1957274,16,,1
빗썸 '62조 오지급' 철퇴…가상자산 거래소 '5분마다 잔고대사' 의무화,"지난 2월 발생한 빗썸의 천문학적인 가상자산 오지급 사태를 계기로, 금융당국이 국내 가상자산 거래소들의 허술한 내부통제 시스템에 전면적인 칼을 빼 들었다. 앞으로 모든 거래소는 5분마다 고객의 자산 잔고를...",https://www.ebn.co.kr/news/articleView.html?idxno=1704537,4,,1
고객 외면하는 업비트…예치금·순이익 '뒷걸음',두나무가 운영하는 가상자산 거래소 업비트의 고객예치금이 지난해 2조6000억원 넘게 빠져나갔다. 2024년 뜨겁게 달아올랐던 시장 분위기가 꺾인 데다 금융정보분석원(FIU)의 영업일부정지 처분 소식까지 겹치면서...,https://www.newstopkorea.com/news/articleView.html?idxno=44261,5,,1
"KG파이낸셜, 헥토월렛원과 디지털자산 결제 인프라 구축 협력","있고, 가상자산사업자(VASP) 자격을 얻은 인앱 지갑 서비스 ‘오하이월렛’도 보유하고 있다. 양사는 이번 협약을 통해 △오하이월렛 기반 디지털자산 결제, 거래소 원화 전환 서비스 연계 △옥텟 API를...",http://www.edaily.co.kr/news/newspath.asp?newsid=03703126645413496,4,,1
"KG파이낸셜-헥토월렛원, 디지털자산 결제 인프라 구축 MOU","있으며, 가상자산사업자(VASP) 자격을 취득한 인앱 지갑 서비스 '오하이월렛'도 보유하고 있다. 두 회사는 이번 협약으로 ▲오하이월렛 기반 디지털자산 결제 및 거래소 원화 전환 서비스 연계 ▲옥텟 API를...",https://www.newsis.com/view/NISX20260406_0003579386,4,,1
트럼프 강경 발언 이후에도… 비트코인 박스권 흐름 지속,"6일 오후 1시 가상자산 거래소 업비트에서 비트코인(BTC)은 전일 같은 시각보다 0.29% 낮은 1억398만2000원에 거래됐다. 하루 새 30만6000원이 빠지며 1억4000만 원선 아래로 내려왔지만, 여전히 1억 원 안팎에서 짧은 등락을...",https://www.newsclaim.co.kr/news/articleView.html?idxno=3059938,3,,1
[테크M 이슈] X402 판 키우는 카카오페이…카카오표 에이전틱 AI 결제 시...,특정 기업에 종속되지 않는 중립적 오픈소스 표준으로 법정화폐와 가상자산 결제를 모두 지원하도록... 현재 5대 시중은행을 중심으로 플랫폼·거래소·증권사·카드사가 얽힌 원화 스테이블코인 주도권 싸움이...,https://www.techm.kr/news/articleView.html?idxno=150847,13,,1
중국 대출중개 규제 강화에 플랫폼 수익성 악화…일부는 암호화폐·해외...,"위신핀테크는 2024년 암호화폐 거래소 사우전드 웨일스 테크놀로지(BVI) 지분 15%를 간접 인수했으며, 지난해에는 홍콩 증권선물위원회 인가를 받은 가상자산 거래 플랫폼 운영사 엑시오그룹에 23억9500만 홍콩달러를...",https://www.tokenpost.kr/news/breaking/346627,8,,1
"카카오페이, 'x402 재단' 합류 ··· 에이전틱 AI 결제 글로벌 표준 참여","'x402'는 미국 최대의 가상자산거래소인 코인베이스가 주도하는 차세대 웹 결제 프로토콜로, 웹 상호작용에 결제 기능을 직접 내장해 즉각적인 '온체인 결제'가 가능하다. AI 에이전트와 API, 애플리케이션이 데이터를...",https://www.datanet.co.kr/news/articleView.html?idxno=210713,3,,1
"""1.35달러 뚫는다""...XRP, 폭발 직전 '광속 랠리' 신호 터졌다","가상자산 통계 플랫폼 코인마켓캡의 4월 6일(현지시간) 실시간 데이터에 따르면, XRP는 현재 1.3392달러를... 거래소 내의 XRP 보유량이 소폭 감소하며 공급 우위 장세가 이어지는 만큼 상방 저항선을 뚫어내려는 시도가...",http://coinreaders.com/228950,4,,1
"카카오페이, 글로벌 노린다...AI 자동결제 'x402' 재단 합류","x402 재단은 미국 최대 가상자산거래소인 코인베이스가 주도하는 차세대 웹 결제 프로토콜로, 상호작용에 결제 기능을 직접 내장해 즉각적인 온체인 결제를 가능하게 한다. AI 에이전트, API, 앱이 데이터를 주고받는...",https://www.ppss.kr/news/articleView.html?idxno=291487,3,,1
"""가짜 댓글에 속았다""...X, 암호화폐 스팸 봇에 완전히 뚫렸다","가상자산 업계도 경각심을 높이고 있다. 데이터 분석 업체 샌티먼트(Santiment)는 소셜 미디어상의 상당수 언급이 봇에 의해 생성됐을 가능성을 지적하며, 투자 판단 시 온체인 데이터와 거래소 유동성을 함께 확인해야...",http://coinreaders.com/228946,9,,1
"사용자 개입 없이 AI가 자동 결제...다날, AAIF 멤버 합류",지난해 12월에는 세계 최대 가상자산 거래소 바이낸스와 손잡고 '바이낸스 페이(Binance Pay)'의 한국 서비스 운영(Master Aggregator) 계약을 체결했다. 이를 통해  다날은 바이낸스 페이의 국내 가맹점 모집·연동...,https://www.wolyo.co.kr/news/articleView.html?idxno=310663,4,,1
디지털자산기본법 논의 재개…불법 거래 대응 공조도 본격화,"가상자산 거래소 지분 규제 역시 논의 대상이지만, 일부 안건은 후순위로 밀리는 분위기다. 전문가들은 입법 지연을 단순한 공백으로 보기보다, 제도 설계를 정교화할 수 있는 시간으로 활용해야 한다고 지적한다. 이종섭...",https://www.tokenpost.kr/news/policy/346606,3,,1
"비트고, 기관 투자자 대상 스테이블코인 발행 서비스 출시","디지털자산 수탁 업체인 비트고(BitGo)가 기관 투자자를 대상으로 스테이블코인 등 가상화폐 발행(민팅)... 비트고는 '비트고 민트' 주요 고객층으로 마켓 메이커(시장 조성자), 유동성 공급자, 은행, 거래소, 자산운용사...",https://www.khgames.co.kr/news/articleView.html?idxno=303137,6,,1
트럼프 '이란 경고' 이후 비트코인 반등…긴장 속 흐름 변화,"6일 오전 11시 20분 기준 글로벌 가상자산 시황 사이트 코인마켓캡에 따르면 비트코인은 약 6만9200달러 안팎에서 거래됐다. 국내 거래소 업비트 기준 가격은 약 1억420만원 수준으로, 글로벌 시세와 유사한 흐름 속 완만한...",http://www.nongaek.com/news/articleView.html?idxno=95007,4,,1
"비트겟 CEO ""주식·코인, 한 군데서 24시간 풀매수""...월스트리트 '발칵...","가상자산 거래소가 단순한 코인 중개를 넘어 주식과 금, 외환을 아우르는 유니버설 거래소로 진화하며 전통 금융의 경계를 허물고 있다. 4월 5일(현지시간) 암호화폐 전문 매체 코인텔레그래프에 따르면, 글로벌...",http://coinreaders.com/228940,8,,1
"중동 불안에도, 비트코인·알트코인 '장중 상승'...이슈는?",6일 국내외 가상자산거래소에서 비트코인과 알트코인(비트코인 이외의 암호화폐) 가격이 장중 상승하고 있다. 암호화폐 파생상품과 클래리티 법안에 대한 다양한 이슈가 거론되는 가운데 이 같은 흐름이 나타나고...,http://www.choicenews.co.kr/news/articleView.html?idxno=163358,6,,1
"카카오페이, 'x402 재단' 참여···AI 결제 표준 경쟁 본격화",'x402'는 미국의 가상자산 거래소 코인베이스가 주도하는 웹 기반 결제 프로토콜이다. 온라인 상호작용 과정에 결제 기능을 결합해 블록체인 기반의 즉시 결제를 구현하는 구조다. AI 에이전트와 애플리케이션 간...,https://www.thereport.co.kr/news/articleView.html?idxno=86276,3,,1
"카카오페이, 국내 유일 ‘x402 재단’ 합류…에이전틱 AI 결제 글로벌 표...","x402는 미국 최대의 가상자산거래소인 코인베이스가 주도하는 차세대 웹 결제 프로토콜이다. 웹 상호작용에 결제 기능을 직접 내장하여, 즉각적인 ‘온체인 결제(On-chain, 블록체인 네트워크상에서의 직접 결제)’를...",https://www.mk.co.kr/article/12008889,3,,1
"다날, 오픈AI·구글과 결제 표준화 구축 소식에 상한가[특징주]",6일 한국거래소에 따르면 이날 오전 11시 10분 기준 다날은 전 거래일 대비 1800원(30.00%) 오른 7800원에... 시장에서는 다날의 가상자산 및 글로벌 결제 인프라 운용 경험이 이번 협업에서 시너지를 낼 것으로 보고 있다....,https://www.newsway.co.kr/news/view?ud=2026040611112340520,3,,1
길어지는 전쟁에 트럼프 발언에도 ‘둔감’…비트코인 6.9만달러 회복 [...,가상자산시장 전체 시가총액도 700억달러 상승해 2억3600억달러선을 회복했다. 6일 비트코인은 세계 최대 디지털자산거래소인 바이낸스에서 24시간 전보다 2.83% 오른 6만8927달러에...,https://www.mk.co.kr/article/12008866,4,,1
"카카오페이, x402 재단 합류… 에이전틱 AI 결제 표준 참여","'x402'는 미국 최대의 가상자산거래소인 코인베이스(Coinbase)가 개발한 차세대 웹 결제 프로토콜로, 기존 웹 표준에 존재하던 HTTP '402 Payment Required' 상태코드를 실제 결제 흐름에 적용한 구조가 핵심이다. 유료 API나...",https://www.insnews.co.kr/news/articleView.html?idxno=90076,3,,1
"비트코인, 내부 지표서 역대급 랠리 신호...""1만 달러 하락 우려 뚫었다...",가상자산 분석 기관 크립토퀀트(CryptoQuant) 소속 분석가 악셀 애들러 주니어(Axel Adler Jr)는 최근 시장의 미시... 거래소로 유입되는 비트코인 물량의 변화와 투자자들의 보유 행태 역시 강세론을 뒷받침한다. 최근 장기...,http://coinreaders.com/228934,4,,1
"[뉴욕 돋보기] ""은행계좌서 비트코인 거래""…'12조달러 공룡' 찰스 슈왑...","투자자들은 별도의 암호화폐 거래소를 이용하지 않고도 디지털 자산을 직접 매매하고 보유할 수 있게 된다.... 찰스 슈왑 프리미어 뱅크 계좌를 통해 보유한 가상자산은 증권이 아니며, 미국 증권투자자보호공사(SIPC)...",https://news.dealsitetv.com/articles/168130,10,,1
"두나무-경찰대, '디지털 금융범죄 대응 공공민간협력 세미나' 열어",가상자산 거래소 업비트를 운영하는 두나무는 지난 3일 경찰대학 금융범죄분석센터와 공동으로 '디지털 금융범죄 대응을 위한 공공민간협력 세미나'를 개최했다고 6일 밝혔다. 이번 행사는 가상자산을 악용한 범죄가...,https://www.widedaily.com/news/articleView.html?idxno=291701,4,,1
"두나무·경찰대 금융범죄분석센터, 가상자산 범죄 근절 세미나 개최",가상자산 거래소 업비트를 운영하는 두나무는 지난 3일 경찰대학 금융범죄분석센터와 공동으로 ‘디지털 금융범죄 대응을 위한 공공민간협력 세미나’를 개최했다고 6일 밝혔다. 이번 행사는 가상자산을 악용한 범죄가...,http://www.fnnews.com/news/202604061042587218,4,,1
"카카오페이, 'x402 재단' 합류… 국내 최초 에이전틱 AI 결제 글로벌 표...",'x402'는 미국 최대 가상자산거래소 코인베이스(Coinbase)가 주도하는 차세대 웹 결제 프로토콜이다. 웹 상호작용에 결제 기능을 직접 내장해 즉각적인 '온체인 결제(블록체인 네트워크상에서의 직접 결제)'를 가능하게...,https://www.pinpointnews.co.kr/news/articleView.html?idxno=443084,3,,1
"카카오페이, x402 재단 합류...국내 최초 '에이전틱AI 결제' 구축 나선다","카카오페이는 현재 카카오, 카카오뱅크와 함께 태스크포스(TF)를 꾸리고 디지털 자산 생태계 전망에 대응해 나가고 있다.‘x402’는 미국 최대의 가상자산거래소인 코인베이스(Coinbase)가 주도하는 차세대 웹 결제...",http://www.fnnews.com/news/202604060953334861,3,,1
"'x402 재단' 합류 카카오페이, 에이전틱 AI 결제 글로벌 표준 참여","'x402'는 미국 최대의 가상자산거래소인 코인베이스가 주도하는 차세대 웹 결제 프로토콜이다. 웹 상호작용에 결제 기능을 직접 내장하여, 즉각적인 '온체인 결제(On-chain, 블록체인 네트워크상에서의 직접 결제)'를...",http://www.newswell.co.kr/news/articleView.html?idxno=17489,3,,1
"카카오페이, ‘x402 재단’ 합류…국내 최초 에이전틱 AI 결제 글로벌 표...",x402는 미국 최대의 가상자산거래소인 코인베이스가 주도하는 차세대 웹 결제 프로토콜이다. 웹 상호작용에 결제 기능을 직접 내장해 즉각적인 ‘온체인 결제( 블록체인 네트워크상에서의 직접 결제)’를 가능하게 하는...,https://www.ddaily.co.kr/page/view/2026040610123210622,3,,1
"카카오페이, 에이전틱 AI 결제 글로벌 표준 참여","‘x402’는 미국 가상자산 거래소인 코인베이스가 주도하는 차세대 웹 결제 프로토콜이다. 웹 상호작용에 결제 기능을 직접 내장해, 즉각적인 ‘온체인 결제’를 가능하게 하는 기술이다. 에이전틱 AI가 자동으로...",https://zdnet.co.kr/view/?no=20260406102759,3,,1
"""차세대 웹결제 표준 만든다"" 카카오페이, 국내 기업 유일 'x402 재단' 합...",'x402'는 미국 최대의 가상자산거래소인 코인베이스(Coinbase)가 주도하는 차세대 웹 결제 프로토콜이다. 웹 상호작용에 결제 기능을 직접 내장해 즉각적인 '온체인 결제(On-chain·블록체인 네트워크상에서의 직접 결제)...,https://www.catchnews.kr/news/articleView.html?idxno=122359,3,,1
"[특징주] 다날 상한가, 한국 최초 오픈AI·구글 참여 'AAIF' 합류에 투자...",6일 한국거래소에 따르면 다날의 주가는 오전 10시 14분 기준 전일 대비 30.00% 상승한 7800원에 거래되고... 페이코인을 통해 국내 최초로 가상자산 결제 상용화에 성공한 다날은 이 결제 방식에 대한 온·오프라인...,https://www.widedaily.com/news/articleView.html?idxno=291671,4,,1
"두나무·경찰대 금융범죄분석센터, 디지털 금융범죄 대응 세미나",사진/두나무 가상자산 거래소 업비트 운영사 두나무는 지난 3일 경찰대학 금융범죄분석센터와 공동으로 '디지털 금융범죄 대응을 위한 공공민간협력 세미나'를 개최했다고 6일 밝혔다. 이번 행사는 디지털자산을 악용한...,http://www.smedaily.co.kr/news/articleView.html?idxno=355073,4,,1
"[AI픽] 카카오페이, AI 자동결제 'x402' 재단 합류","x402 재단은 미국 최대 가상자산거래소인 코인베이스가 주도하는 차세대 웹 결제 프로토콜이다. x402 재단은 상호작용에 결제 기능을 직접 내장해 즉각적인 온체인 결제를 가능하게 한다. AI 에이전트, API, 앱이 데이터를...",https://www.yna.co.kr/view/AKR20260406052400017?input=1195m,3,,1
"""디지털 금의 반격""…비트코인 ETF, 금 ETF 추월 가능성[코인브리핑]","""드리프트, 북한 소행 가능성"" 탈중앙화 거래소(DRIFT)가 최근 발생한 대규모 해킹 사건의 배후로 북한 연계... 1분기 가상자산 자금 유입 110억 달러 올해 1분기 가상자산 시장으로 유입된 자금 규모가 둔화했다는 분석이...",https://www.news1.kr/finance/blockchain-fintech/6126354,4,,1
"카카오페이, 'x402 재단' 창립멤버 합류…에이전틱 AI 결제 구축",x402는 미국 최대 가상자산 거래소인 코인베이스가 주도하는 차세대 웹 결제 프로토콜이다. 웹 상호작용에 결제 기능을 내장해 즉각적인 온체인 결제(블록체인 네트워크상에서의 직접 결제)를 가능하게 한다. 특히 AI...,https://www.news1.kr/it-science/general-it/6126308,3,,1
"""돈은 줄었는데 가격은 올랐다""…업비트 시장에 무슨 일이 벌어졌나","한편, 업비트 데이터랩은 디지털 자산 거래소 업비트를 운영하는 두나무가 제공하는 데이터 전문 서비스다. 업비트 종합지수(UBCI)를 비롯해 시장 동향, 섹터 분류 등 가상자산 시장의 펀더멘털 분석을 위한 표준...",http://coinreaders.com/228923,3,,1
"두나무, 경찰대와 디지털자산 범죄 근절 맞손","행사에서는 수사 실무와 민간 거래 플랫폼, 학계, 글로벌 정책 등 네 갈래 시각으로 가상자산 범죄의 현주소를 정밀하게 분석했다. 이날 정윤정 두나무 변호사는 거래소에서 운영 중인 이상거래 탐지 시스템(FDS) 운영 방식과...",https://www.pointdaily.co.kr/news/articleView.html?idxno=299810,3,,1
"두나무, 경찰대와 공조 체계 구축…“디지털자산 범죄 근절”",국내 1위 가상화폐거래소 업비트가 디지털자산 범죄를 차단하기 위해 법 집행기관과 공조 체계 구축에 나섰다. 업비트를 운영하는 두나무는 지난 3일 경찰대학 금융범죄분석센터와 공동으로 ‘디지털 금융범죄 대응을 위한...,https://www.decenter.kr/article/20028649?ref=naverdc,1,,0
"카카오페이, 에이전틱 AI 결제 글로벌 표준 참여..‘x402 재단’ 합류","‘x402’는 미국 최대의 가상자산거래소인 코인베이스(Coinbase)가 주도하는 차세대 웹 결제 프로토콜이다. 웹 상호작용에 결제 기능을 직접 내장해 즉각적인 ‘온체인 결제(On-chain, 블록체인 네트워크상에서의 직접...",https://kpenews.com/View.aspx?No=4030649,3,,1
가상자산거래소 관심도 1위 업비트…빗썸·코빗 뒤이어,지난 3월 국내 가상자산거래소 가운데 업비트가 온라인상에서 가장 높은 관심도를 기록한 것으로 나타났다. 다만 전체 관련 정보량은 전년 동월 대비 감소하며 시장 관심 흐름이 다소 둔화된 모습도 확인됐다. 자료...,http://www.nongaek.com/news/articleView.html?idxno=95004,3,,1
"[게시판] 두나무·경찰대, 디지털 금융 범죄 대응 세미나 개최",▲ 가상자산 거래소 업비트를 운영하는 두나무는 지난 3일 경찰대 금융범죄분석센터와 '디지털 금융범죄 대응을 위한 공공민간협력 세미나'를 열었다고 6일 밝혔다. 가상자산을 악용한 범죄 대응에서 경찰과 민간 거래소...,https://www.yna.co.kr/view/AKR20260406041400002?input=1195m,4,,1
"카카오페이, 국내 최초 코인베이스 주도 'x402 재단' 합류","'x402'는 미국 최대의 가상자산거래소인 코인베이스(Coinbase)가 주도하는 차세대 웹 결제 프로토콜이다. 웹 상호작용에 결제 기능을 직접 내장해 즉각적인 '온체인 결제(On-chain, 블록체인 네트워크상에서의 직접 결제)'를...",https://www.pointdaily.co.kr/news/articleView.html?idxno=299792,3,,1
"카카오페이, ‘x402 재단’ 합류…글로벌 인프라 구축 참여","‘x402’는 미국 최대의 가상자산거래소인 코인베이스가 주도하는 차세대 웹 결제 프로토콜입니다. 웹 상호작용에 결제 기능을 직접 내장하여, 즉각적인 ‘온체인 결제(On-chain, 블록체인 네트워크상에서의 직접 결제)...",https://biz.sbs.co.kr/article_hub/20000302170?division=NAVER,3,,1
"두나무, 경찰대와 가상자산 범죄 근절 위한 세미나 개최",가상자산 거래소 업비트를 운영하는 두나무는 지난 3일 경찰대학 금융범죄분석센터와 공동으로 '디지털 금융범죄 대응을 위한 공공민간협력 세미나'를 개최했다고 6일 밝혔다. 이번 행사가 법 집행기관과 민간 거래소 간...,https://view.asiae.co.kr/article/2026040609194915176,4,,1
카카오페이 국내 결제사 최초 x402 재단 창립 멤버 합류,"x402는 미국 최대 가상자산거래소 코인베이스가 주도하는 차세대 웹 결제 프로토콜이다. 웹 상호작용에 결제 기능을 직접 내장해 블록체인 네트워크상에서의 즉각적인 온체인 결제를 가능하게 하는 기술로, AI...",https://www.econovill.com/news/articleView.html?idxno=736132,3,,1
"카카오페이, ‘x402 재단’ 합류…""에이전틱 AI 미래 주도""",'x402'는 미국 최대의 가상자산거래소인 코인베이스가 주도하는 차세대 웹 결제 프로토콜이다. 웹 상호작용에 결제 기능을 직접 내장해 즉각적인 온체인 결제를 가능하게 하는 기술이다. AI 에이전트와 API...,https://view.asiae.co.kr/article/2026040609182295283,3,,1
"스테이블코인 입법 지연 속…""불법거래 추적·국제공조 강화"" 논의 본격...",스테이블코인 발행 주체를 은행 중심으로 제한하는 '51%룰'과 가상자산 거래소 대주주 지분을 15~20%로 제한하는 방안이 대표적이다. 특히 지분 규제는 위헌 소지 논란까지 제기되며 정치권과 금융당국 간 충돌 지점으로...,http://www.seoulwire.com/news/articleView.html?idxno=715242,7,,1
"카카오페이, 코인베이스 주도 'x402 재단' 합류","'x402'는 미국 최대의 가상자산거래소인 코인베이스(Coinbase)가 주도하는 차세대 웹 결제 프로토콜이다. 웹 상호작용에 결제 기능을 직접 내장하여, 즉각적인 '온체인 결제(On-chain, 블록체인 네트워크상에서의 직접...",https://www.newspim.com/news/view/20260406000140,3,,1
"위메이드, 필리핀 공략…게임 현지화·코인 상장으로 접점 확대",위메이드는 최근 필리핀 최대 가상자산 거래소인 '코인스'(Coins)에 위믹스를 상장했다. 이번 상장으로 필리핀 법정화폐인 '페소'로 위믹스를 직접 사고팔 수 있게 됐다. 신작을 통해서도 시장을 공략한다....,https://www.news1.kr/it-science/game-review/6126126,3,,1
"두나무-경찰대, 디지털 금융범죄 공조 체계 구축 세미나 열어",가상자산 거래소 업비트를 운영하는 두나무는 지난 3일 경찰대학 금융범죄분석센터와 공동으로 '디지털 금융범죄 대응을 위한 공공민간협력 세미나'를 열었다고 6일 밝혔다. 이번 행사는 보이스피싱과 투자 사기 등...,https://www.pointe.co.kr/news/articleView.html?idxno=77665,4,,1
"비트코인, 풋옵션 비중 54.87% 돌파...역대급 헤징 장세에 투자자들 '비...",가상자산 옵션 거래소 데리비트(Deribit) 자료를 보면 투자자들은 가격 하락 시 수익을 내는 풋옵션을 대거 매수하며 시장의 불확실성에 대응하는 모습이다. 전문가들은 비트코인이 단기 고점에 도달했다는 인식이...,http://coinreaders.com/228907,3,,1
전쟁·인플레 악재에도 이악물고 버텼다…그레이스케일 “비트코인 저가...,3월 가상자산 섹터 중 가장 높은 수익률(+11%)을 기록한 금융 섹터에서는 ‘하이퍼리퀴드(Hyperliquid)’의 성장이 눈부셨다. 전통 거래소가 문을 닫는 주말이나 야간에도 주식과 원자재를 24시간 거래할 수 있는 ‘HIP-3’...,https://www.mk.co.kr/article/12008624,5,,1
"1700조원 ‘큰손’ 프랭클린템플턴, 가상자산 운용사 ‘250디지털’ 인수","캐나다증권거래소(CSE) 상장사인 BRCH가 웹3 인프라 기업 모션 코프(Motion Corp)를 2000만달러에 인수하고, 풀크럼(Fulcrum)이 온체인 마케팅 플랫폼 메가폰(Megaphone)을 인수하는 등 전략적 M&A가 잇따르고 있다. 가상자산...",https://www.mk.co.kr/article/12008616,4,,1
"“코인 범죄 꼼짝마”…두나무·경찰대, 디지털 금융범죄 근절 ‘맞손’",최대 가상자산 거래소 업비트 운영사인 두나무와 경찰이 범죄 뿌리 뽑기에 나섰다. 민간의 첨단 기술력과 공공의 수사 역량을 결합해 범죄 대응의 골든타임을 확보하겠다는 취지다. 두나무(대표 오경석)는 지난 3일...,https://www.mk.co.kr/article/12008615,4,,1
"두나무, 디지털 금융범죄 근절 위해 민관협력..경찰대 금융범죄분석센...",한국정경신문 변동휘 기­자 kkobugi89021@naver.com [한국정경신문=변동휘 기자] 가상자산 거래소 업비트가 디지털 금융범죄 근절을 위해 민관협력에 나섰다.업비트 운영사 두나무는 지난 3일 경찰대학 금융범죄분석센터와...,https://kpenews.com/View.aspx?No=4030521,4,,1
[경제·산업 주요일정] 4월 6일(월),"본관 530호) [경제·산업] △미국, 철강 포함 완제품에 관세 25% 부과 △'퇴직금 미지급' 쿠팡 CFS 전현직 대표, 첫 재판(서울 중앙지법) △금융당국, '빗썸 오지급' 사고 관련 가상자산거래소 제도 개선 방향 발표",https://www.ebn.co.kr/news/articleView.html?idxno=1704487,4,,1
[아주경제 코이너스 브리핑] 트럼프 최후 통첩에도 비트코인 견조…6만...,6일 글로벌 가상자산 시황 사이트 코인마켓캡에 따르면 비트코인은 이날 오전 8시 기준 전일 대비 0.91... 이날 오전 8시 기준 국내 원화 거래소 빗썸에서는 비트코인이 약 1억360만원(6만8406달러)에 거래되며...,https://www.ajunews.com/view/20260406082055513,5,,1
"삼성전자, 1분기 '깜짝실적'...매출 130조원·영업익 50조원 돌파",환율 상승도 도움이 됐다. 시스템LSI사업부는 '엑시노스 2600'을 '갤럭시 S26'과 '갤럭시 S26 플러스'에 공급했다. 서버용 더블데이터레이트(DDR)5 D램과 기업용 솔리드스테이트드라이브(eSSD)도 강세를 보이고 있다....,https://www.techm.kr/news/articleView.html?idxno=150868,4,,1
"삼성전자, 창사 이래 역대급 실적…증권가 ""36만전자 간다"" [종합]","디스플레이는 우호적인 환율과 플래그십 OLED 패널 수요에 힘입어 3000억~4000억원대 이익을 낼 것으로 보이지만, 스마트폰 시장 둔화와 메모리 가격 급등의 간접 영향권에서 완전히 벗어나기는 어렵다는 분석이...",https://www.hankyung.com/article/202604073119g,4,,1
"현대차, 1분기 일회성 비용에 실적 둔화…하반기 로보틱스로 반등 기대...","박 연구원은 “1분기 영업이익 2조 6800억원으로 시장 기대치보다 3000억원 가까이 하회할 전망”이라며 “판매 감소와 환율 상승, 일회성 비용 영향으로 부진이 불가피하다”고 설명했다. 특히 환율과 비용 요인이...",http://www.edaily.co.kr/news/newspath.asp?newsid=02522326645413824,4,,1
"POSCO홀딩스, 철강·비철강 점진적 회복 전망","박 연구위원은 ""포스코 별도 영업이익은 3349억원으로 예상한다""며 ""2025년 말부터 이어지고 있는 원료탄 강세와 환율 상승 등으로 투입원가는 톤당 2만원 이상 상승하는 데 반해 평균판매단가(ASP)는 4분기 수준에...",https://www.mt.co.kr/stock/2026/04/07/2026040708095414959,3,,1
"한화투자증권 ""기아, 신차 효과 본격화…1분기 기점 증익 전환 기대""","이어 ""다만 수익성은 관세 영향과 환율 부담으로 훼손될 전망""이라며 ""1분기 관세 영향이 6520억원 수준에 달하고, 기말 환율 상승에 따른 외화환산 부담까지 반영되면서 영업이익률이 7.7%로 낮아질 것""이라고 덧붙였다....",https://www.etoday.co.kr/news/view/2573263,3,,1
의료소모품까지 번진 나프타 충격…주사기·포장재 수급 비상,"복지부는 치료재료의 경우 최근 환율 상승분을 반영해 건강보험 수가를 상향 조정하겠다고 밝혔다. 의료업계 다른 관계자는 ""필수 의료소모품 가격이 오를 때마다 의료기관이 이를 그대로 떠안는 구조는 한계가 있다""며...",https://www.ziksir.com/news/articleView.html?idxno=129824,3,,1
[투자노트] 고유가에 필연적인 ‘고물가 대비’,"급등한 유가, 1달러당 1500원을 넘은 원화 환율을 감안하면 올해 우리나라 소비자물가지수도 중앙은행의 관리 목표인 연 2%를 훌쩍 넘을 가능성이 크다. 이승훈 메리츠증권 연구원은 올해 우리나라 소비자물가지수에...",https://biz.chosun.com/stock/stock_general/2026/04/07/MO6USO5E7VEE3KJXKMEHVFJG2Q/?utm_source=naver&utm_medium=original&utm_campaign=biz,8,,1
"기아, 관세 부담에 1Q 이익 감소하나 신차 효과 기대…목표가 24.5만원↑...",김 연구원은 “1분기 영업이익은 관세 영향과 외화환산 부채 증가 영향으로 감소세를 지속할 전망”이라며 “1분기 기말환율은 1520원으로 품질보증충당부채 중 외화환산 부채 환차손 영향이 발생이 불가피하다”며...,http://www.edaily.co.kr/news/newspath.asp?newsid=02404246645413824,3,,1
"전차 무용론에도…현대로템, 저점 매수 기회-SK",한 연구원은 “2차 이행계약(EC2) 사업 초기임에도 불구하고 EC1 대비 불확실성 및 품질 비용이 어느 정도 제어됐다”며 “이와 더불어 EC1 보다 높은 평균판매가격(ASP) 효과 및 환율 효과 때문인 것으로 추정된다”고...,http://www.edaily.co.kr/news/newspath.asp?newsid=02394406645413824,3,,1
삼성전자 잠정 실적 공개 앞둬 영업익 40조 돌파 여부 촉각…추정치 기...,"특히 반도체 업황, 환율, 글로벌 수요 변화에 따라 실적 괴리가 발생할 수 있는 만큼 절대적인 기준으로 해석하기는 어렵다. 최근 시장에서는 메모리 업황 회복 기대와 함께 글로벌 리스크 완화가 동시에 반영되면서...",https://www.cbci.co.kr/news/articleView.html?idxno=565947,4,,1
"[마켓人] 민동욱 상장협 신임회장 ""전쟁 영향 속 완급 조절 중요""","현재 진행 중인 지정학적 불안정성이 해소되고 상장회사들이 환율과 금리, 원가 변수에 대한 관리와 함께 안정적인 수익 기반을 확보할 수 있다면 상장사 실적도 점차 개선되는 방향으로 이어질 수 있을 것으로 기대한다....",https://www.yna.co.kr/view/AKR20260406167300008?input=1195m,5,,1
[RIA 머니 프리즘③] RIA 효과 반쪽?…발행시장 연계·제도 정합성 ‘핵...,"파격적인 양도소득세 감면을 내건 'RIA'와 이를 뒷받침하는 '환율안정 3법'이 본격 가동되면서, 이른바... 출시 초기 계좌개설 호조라는 표면적 성과에도 불구하고 중동발 지정학적 리스크와 고환율, 국내 증시의 변동성...",https://www.news2day.co.kr/article/20260406500300,3,,1
"채권단, 여천NCC 이번주부터 실사…중동전쟁에 조사 길어질듯","환율 상승으로 LC 한도가 줄어들 경우 나프타 수급 차질이 우려된 데 따른 선제 조치다. 한 채권단 관계자는 ""기초화학 제품 수급 문제 관련 범정부 차원에서 대책이 마련되고 있는 만큼, 채권단도 이에 맞춰 필요한 조치가...",https://www.yna.co.kr/view/AKR20260406152000002?input=1195m,5,,1
5월에 예매하면 제주행 비행기 5.2만 원 더 낸다…국내선 유류할증료 4....,5월 발권 국내선 유류할증료는 전쟁 발발 이후 유가와 환율이 오르기 시작한 3월 싱가포르 항공유 평균가(MOPS)를 기준으로 산정됐다. 유류할증료는 항공사가 유가 상승에 따른 손실을 보전하기 위해 운임을 추가...,https://www.sedaily.com/article/20029053?ref=naver,3,,1
삼성전자 역대 최대 실적? 언론의 전망은,"국민일보는 <환율 잡아야 하는데… 신현송 후보자 금융자산 93%가 외화>에서 ""환율이 오를수록 원화 기준 80억원이 넘는 그의 재산도 함께 불어나는 구조다. 외환시장 안정을 책임질 차기 한은 수장으로서 이해충돌...",https://www.mediatoday.co.kr/news/articleView.html?idxno=333562,11,,1
"치료재료수가 인상 이어 추가 조정 검토…政 ""환율 반영 보완""","정부가 지난 4월 환율 상승분을 반영해 치료재료 수가를 인상한 데 이어, 최근 중동 사태로 인한 환율 급등을 고려해 추가 조정까지 검토 중이다. 현행 환율 연동 방식이 현실을 제대로 반영하지 못한다는 지적을 수용한...",http://www.docdocdoc.co.kr/news/articleView.html?idxno=3038031,3,,1
"""오뚜기, 안방 좁다""…美 공장·할랄로 반전 노린다","여기에 중동 지역 지정학적 리스크에 따른 유가와 환율 상승, 원부재료비 부담까지 더해지면서 경영 환경이 한층 악화된 상황이다. 이 같은 구조적 한계를 보완하기 위해 해외 시장 확대가 불가피하다는 지적이다. 현재...",https://daily.hankooki.com/news/articleView.html?idxno=1355496,3,,1
중동 리스크 확산…지자체 '민생 비상 대응' 총력,"중동 전쟁 장기화로 환율과 유가가 급등하면서 서민 경제 부담이 커지고 있습니다. 종량제봉투 부족과 공공요금 인상 우려까지 겹치자, 전국 지자체들이 비상 대응에 나섰습니다. 이상현 기자입니다. [기자] 미국과 이란의...",http://www.yonhapnewstv.co.kr/MYH20260407062833nAQ,3,,1
"""美, 70년전 수에즈 위기 때처럼 중동서 교착상태 시작""",영국은 국제통화기금(IMF)에 도움을 요청했고 두 나라 모두 환율 체제 개방과 외환 통제 제한을 도입해야 했다. 결국 두 서유럽 강대국이 미국이 주도하는 국제기구의 감시 아래 경제 자유화를 강요받게 됐다. 수에즈에서의...,https://www.tfmedia.co.kr/news/article.html?no=203459,3,,1
"[칼럼] 환율은 1500원, 기준가는 1100원… 멈춰 서는 의료기기 공급망","또한 치료재료의 기준 수가가 여전히 환율 1,100원을 기준으로 고정된 점도 문제다. 현재 환율이 1,500원을 넘는 상황에서는 오히려 수입을 포기하는 것이 더 유리한 구조가 되어버렸다. 이에 산업계는 기준환율 인상과 환율...",http://www.docdocdoc.co.kr/news/articleView.html?idxno=3038011,3,,1
대정부질문서 추경 공방…“과감 대응해야”·“물가상승 우려”,"""] 정부는 현재의 환율 상승은 ""우리 경제의 기초체력을 고려하면 조금 이상하다""며 ""부담스러운 지표인 것은 사실""이라고 밝혔습니다. 또한 석유와 천연가스 가격 상승으로 전기료가 오르지 않도록 원전과 재생에너지...",https://news.kbs.co.kr/news/pc/view/view.do?ncd=8528578&ref=A,3,,1
생보사 운용자산이익률 흥국생명 4.87% 1위...'환율 영향' 메트라이프생...,"상승과 환율 하락으로 손실로 반전된 것으로 분석된다. 여기에 변액보험 부채 변동성 관리를 위한... 상승과 환율 하락으로 유가증권 관련 손실이 발생했고 변액보험 헤지 비용도 일시적으로 늘었다""며 ""이익률 조정은...",http://www.consumernews.co.kr/news/articleView.html?idxno=753444,3,,1
"제주 휘발유 2,016원 돌파… 전국 평균 1,960원대, 부산과 82원 격차","공급 불확실성과 환율 변수까지 겹칠 경우 당분간 유가 상승세는 제한적 조정 없이 이어질 전망이다. ■ 전국 휘발류/경유 가격 전국: 휘발유 1,961.56원 / 경유 1,952.11원 서울: 휘발유 1,995.20원 / 경유...",https://www.tokenpost.kr/news/economy/346891,3,,1
"""2주만에 항공권 2번 취소""…'고유가 항공편 취소' 소비자 발동동","새 항공편을 급하게 찾아 예약했지만, 여행이 3주 남짓 남은 데다가 환율까지 오른 탓에 기존의 항공권보다 100만원 넘게 비싼 177만 1442원(1160달러)을 지불해야 했다. 심지어 한 씨가 항공권 취소 통보를 받은 건 2주 만에...",https://www.news1.kr/society/incident-accident/6126734,0,,0
길어지는 이란 전쟁…선거 국면 변수될까,"리얼미터는 ""중동 전쟁 장기화로 환율이 1530원을 돌파하고 유가가 급등하는 등 고물가·고환율 상황이 심화되면서 서민들의 경제적 부담이 커진 점이 지지율 하락에 영향을 준 것으로 보인다""라고 분석했다. 이어 ""특히...",https://news.tf.co.kr/read/ptoday/2310242.htm,3,,1
"바디프랜드, 전 사업부문 '총체적 난국'...믿을 건 해외 확장뿐","이를 두고 바디프랜드 측은 ""원가 상승과 환율 영향으로 수익성은 일부 둔화된 측면이 있다""며 ""자회사 투자 확대에 따른 적자 영향이 반영되며 실적 감소폭이 확대됐다""고 전했다. 이와 달리 바디프랜드의 사업...",https://www.newspim.com/news/view/20260406001196,4,,1
[카드뉴스] '나도 받는다! 고유가 피해지원금' 총정리,브라보마이라이프=한승희 기자 | 중동 전쟁 여파로 국제유가와 환율이 동시에 상승하면서 국내 기름값과 생활물가 부담이 빠르게 확대되고 있다. 이에 정부는 고유가로 인한 민생 부담을 완화하기 위해 추가경정예산을...,https://bravo.etoday.co.kr/view/atc_view/18996,3,,1
"'3500% 부채' 속 경영진은 '연봉 잔치'…티웨이항공, 비상경영 맞나","지난해에는 매출 1조7982억원을 기록하며 외형을 확대했으나, 높은 유가와 환율 여파로 영업손실을 면치... 여기에 유가·환율 등 대외 변수에 따른 비용 부담도 주효했다. 이러한 상황 속에서 티웨이항공은 긴축경영...",https://www.newsway.co.kr/news/view?ud=2026040616130178185,3,,1
나프타 수급 불안...'약포지·시럽병' 등 조제 소모품 안정화에 총력,"또한 환율 상승을 반영해 치료재료의 건강보험 수가를 상향 조정함으로써 의료계의 경제적 부담을 완화하겠다는 계획도 밝혔다. 대한약사회, 조제 소모품 수급 현황 브리핑... ""가수요 억제 당부"" 이와 관련해 대한약사회는...",https://www.pharmnews.com/news/articleView.html?idxno=302641,-1,,0
이란 전쟁 직격탄 맞은 방글라데시 의류업계… 원가 폭등에 ‘고사 위기...,"트럼프 행정부의 관세 압박과 우호적인 환율 정책을 앞세운 경쟁국들의 추격 속에서, 방글라데시 의류 산업은 ‘불확실성’이라는 가장 큰 적과 마주하게 됐다. ◇ 한국 패션 업계에 주는 시사점 방글라데시는 한국 의류...",https://www.g-enews.com/view.php?ud=2026040618082257780c8c1c064d_1,3,,1
"증가 속도 美·日 앞질렀다…1300조 넘은 韓 부채, 재정 마지노선 ‘위...",여기에 추가경정예산 편성 등으로 공급된 유동성이 국채 상환 규모를 웃돌면서 재정 확장이 물가·금리·환율에 부담 요인으로 작용할 수 있다는 분석도 제기된다. 허정 서강대 경제학과 교수는 “최근 성장 역시...,https://www.sedaily.com/article/20029072?ref=naver,10,,1
[마감 후] 전쟁이 드러낸 韓 증시의 취약성,정책이 제도와 신뢰를 통해 서서히 효과를 쌓아가는 동안 지정학적 리스크는 하루아침에 유가를 밀어 올리고 환율을 흔들고 수급을 바꿔 놓는다. 지금 경계해야 할 것은 하락 자체보다 불안의 일상화다. 하루 5% 급락도...,https://www.etoday.co.kr/news/view/2573074,3,,1
당정 “수액 팩-주사기-도시락 용기 등에 나프타 우선 공급”,사후정산제는 정유사가 대리점이나 주유소에 기름을 공급할 때 일단 임시 가격으로 물건을 주고 한 달 뒤에 환율 등을 반영해 실제 판매 가격을 확정하고 차액을 정산하는 방식이다. 주유소가 원유 수입 단가를 모르는...,https://www.donga.com/news/Politics/article/all/20260407/133687486/2,3,,1
[LG유플러스소식] 로밍패스 데이터 2배 개편 / 유심 업데이트·교체 안내...,"개편된 요금제는 5월 1일부터 적용되며, 5월 초 징검다리 연휴를 앞두고 고물가·환율 상승으로 커진 해외여행 비용 부담을 완화하기 위한 취지다. 이번 개편은 지난 4월까지 한시 운영하던 '데이터 2배 제공...",https://www.webeconomy.co.kr/news/articleView.html?idxno=2131764,-1,,0
[주식 매매 상위 종목 및 환율] 2026년 4월 6일자,2026년 4월 6일자,https://www.chosun.com/economy/stock-finance/2026/04/07/JN2PF25WRZCTDLSNAUFDJXMUCA/?utm_source=naver&utm_medium=referral&utm_campaign=naver-news,4,,1
[문화산책] 오버투어리즘 막자고 ‘황금알을 낳는 거위’ 죽이려는 관광...,"여기에 항공권 가격 상승과 환율 변수까지 겹치면 전체 여행 비용은 체감상 크게 증가한다. 일본의 출국세 인상과 태국의 입국세 도입까지 고려하면, 인기 관광지를 여러 곳 방문하는 여행일수록 비용 상승 체감은 더욱...",https://www.news2day.co.kr/article/20260407500001,-1,,0
[사설] 이젠 3% 물가상승률 전망... 비상한 인플레 대응 나와야,해외 주요 투자 은행들이 중동 원유 의존도와 환율 민감도가 높은 우리나라 물가 전망을 일제히 끌어올린 것 또한 대단히 우려스러운 시그널이다. 5일 보도에 따르면 투자은행 8곳이 제시한 한국의 올해 소비자물가...,https://www.hankookilbo.com/news/article/A2026040613230003667?did=NA,6,,1
유류할증료 급등에 여행업계 '가격 방어' 나섰다,"유류할증료와 환율 인상 폭이 제한적인 항공사를 중심으로 상품을 구성했으며, 유럽, 미주·호주, 동남아, 중국 등 주요 지역과 한일크루즈까지 포함됐다. 예약 이후 환율 변동에 따른 추가 비용을 청구하지 않는다는 점도...",https://www.traveltimes.co.kr/news/articleView.html?idxno=415623,-1,,0
골든타임 vs 매표용…여야 '전쟁추경' 두고 강대강 대치,"고환율의 원인 중 하나로 광의통화(M2) 증가를 지목하며, 고유가 대응 지원금 지급에 대한 우려를 제기했다. 박 의원은 ""지난해 7월 21일 소비쿠폰으로 13조원이 살포됐다. 그 이후 M2가 많아지니 원화가치 떨어지고 환율이...",https://www.dailian.co.kr/news/view/1630230/?sc=Naver,4,,1
"[사설] 신현송 이해상충 논란, 해외인재 유치 문화 되돌아볼 때",원화 가치가 떨어질수록 개인 재산의 원화 평가액이 늘어나는데 환율정책 수장 자리에 적절하느냐는 것이다.... 게다가 환율은 경제 펀더멘털에 의해 좌우되는 만큼 중앙은행 총재가 개인 재산 때문에 통화·환율정책을...,https://www.sedaily.com/article/20029030?ref=naver,7,,1
눈물의 허리띠 졸라매기…가성비 식당 찾아주는 ‘거지맵’ 인기,각종 공산품에 쓰이는 나프타 등 석유화학 원료 가격이 오른 데 이어 원화값 하락세(환율 상승)가 이어지면서 수입물가도 오른 탓이다. 6일 인터넷 커뮤니티 등에 따르면 음식 가격이 1만원 이하인 ‘가성비(가격 대비...,https://www.joongang.co.kr/article/25418016,4,,1
"LG유플러스, 내달부터 로밍패스 데이터 최대 2배 상향 개편","LG유플러스는 최근 유류할증료 인상, 환율 상승 등으로 해외여행 경비 부담이 커지는 가운데 해외여행 수요가 늘어나는 징검다리 연휴 기간에 맞춰 로밍 이용 부담을 완화하기 위해 개편했다고 설명했다. 로밍패스는...",http://www.worktoday.co.kr/news/articleView.html?idxno=83472,-1,,0
"[아주경제 오늘의 뉴스 종합] '체포방해' 윤석열, 2심서 10년 구형...""상...","金총리 ""환율, 제일 부담스러운 지표…대응 총력다하고 있어"" ​​​​​​​김민석 국무총리가 6일 최근 고환율 문제에 대해 ""이재명 정부가 들어선 이후 추세로서 제일 부담스러운 경제 지표가 환율인 것은 사실...",https://www.ajunews.com/view/20260406214249333,3,,1
"아이폰 호조에 AI·로봇까지 활짝 피었다… LG이노텍, 목표가 48만 '껑충...","통상적으로 1분기는 스마트폰 부품 업계의 비수기로 꼽히지만, 우호적인 환율 환경 속에서 북미 핵심 고객사(애플)의 프리미엄 모델이 꾸준히 팔려나가는 '롱테일(Long-tail) 수요'가 든든하게 뒷받침된 덕분이다. 특히...",http://www.biztribune.co.kr/news/articleView.html?idxno=351904,3,,1
기름값 껑충 뛰자 곳곳서 개미들 ‘비명’…증권가 꼽은 ‘고유가 방어...,"김대준 연구원은 “고유가는 한국의 경제 펀더멘털을 취약하게 만들 수 있고, 물가와 환율이 오르면 경제적 비용이 증가하게 된다”며 “이런 환경에서도 주식 시장이 버티는 배경에는 기업 실적이 양호한 점이...",https://www.sedaily.com/article/20029061?ref=naver,5,,1
"고흥군, 조사료 생산 확대 교육...축산농가 사료비 부담 완화 추진",이번 교육은 국제 곡물 가격 상승과 환율 변동 등으로 사료비 부담이 커지는 상황에서 국산 조사료 생산을 확대하고 축산농가 경영 안정에 도움을 주기 위해 마련됐다. 특히 사료 자급 기반을 강화해 외부 요인에 따른 비용...,http://www.thebigdata.co.kr/view.php?ud=202604061740068131e91b94b033_23,3,,1
4천원 오른 금징어…물가 주범은 ‘길고 복잡한 유통망’,"이는 기후변화에 따른 수급 불균형 뿐만 아니라 환율, 유가, 수입 의존도 심화 등 복합적인 요인이 작용한... 변동과 환율 등을 수입 공급망과 연계해 선제적으로 대응할 수 있는 정책 마련이 반드시 필요하다”고...",https://www.kwnews.co.kr/page/view/2026040614025731544,3,,1
[4월7일자] 비즈니스포스트 아침의 주요기사,"● [중동발 3고 쇼크①] 환율·물가·금리 동시 압박, 한국 경제 '복합위기' 터널 진입 우려 커진다... 고유가·고환율에도 실적 굳건, 이란전쟁 휴전 논의에 주가도 반등 날개 펴나 ● 한화에어로 풍산 탄약사업 매각...",https://www.businesspost.co.kr/BP?command=article_view&num=435090,6,,1
‘삼전’ 실적 기대감…코스피 상승 마감,다만 고환율·고유가에 따른 부담에 반도체와 나머지 업종의 양극화가 커질 수 있다는 우려도 나온다.... 달리 환율이 급등해 수출기업 대부분에서 환율 효과가 긍정적 영향을 줄 것으로 전망된다”고 말했다. 그러나...,https://www.khan.co.kr/article/202604062059005,6,,1
[미리보는 이데일리 신문]솜방망이 징수 권한 비웃는 고액 체납자,‘1500원대 환율’ 변동성 주의 -“중동 의존도 줄여라”…2030년 재생에너지 보급 100GW ‘속도’ △9면... ‘고환율=수출호재’ 공식 깨져…수혜기업 옥석 가려 투자해야 -스페이스X 상장 앞두고…또 쏟아지는...,http://www.edaily.co.kr/news/newspath.asp?newsid=05684246645413496,3,,1
추경 두고 여야 충돌…“경제 방어” VS “민생 부담”,물가와 환율 상승을 자극해 국민 부담을 키울 수 있다고 반박했다. 민주당 오기형 의원은 이날 추경에 대해... 반면 국민의힘은 추경 집행이 현재의 고유가·고물가·고환율 상황을 악화시킬 수 있다고 우려했다. 박수영...,https://biz.heraldcorp.com/article/10711167?ref=naver,3,,1
"[기자수첩] 고시 환율도 못 지키는데, ‘원화 스테이블코인’ 꿈꾸나",지난달 토스뱅크에서 발생한 ‘반값 엔화’ 사태는 단순한 전산 헤프닝이 아니다. 280억 원 규모의 비정상 거래가 실제 결제까지 이어지는 동안 이상 가격 감지부터 사후 모니터링까지 내부통제망은 단 한번도 작동하지...,https://www.viva100.com/article/20260330501435,4,,1
"중동 집중한 대정부질문…정부 ""장기화 전망""","[박수영 / 국민의힘 의원: 지금 (환율이) 올라가는 상황에서 다시 한번 이번에 소비 쿠폰을 풀고 추경하게 되면 이게 25년 7월 20일처럼 다시 환율을 올리는….] 반도체 산업의 수도권 집중 문제도 제기됐는데, 김 총리는 분산...",https://www.obsnews.co.kr/news/articleView.html?idxno=1519982,3,,1
"정부 “중동 사태 ‘3개월’ 예상하고 추경 편성”…여야, 추경 공방","자극하고 환율을 더 높일 거라고 비판했습니다. 민주당 오기형 의원은 ”남들이 볼 때 너무 심하다고 할... 국민의힘 박수영 의원은 ” 우리 대한민국 경제는 고물가, 고환율, 고유가의 3고 속에서 고통받고 있다“며 ”...",https://news.kbs.co.kr/news/pc/view/view.do?ncd=8528275&ref=A,3,,1
[김현우의 핫스팟] 삼성 흔들리면 나라 망하나··· 한국 경제 덮친 과...,경제 덮친 유령 정체 ​이스라엘과 이란이 으르렁대니 유가가 들썩이고 환율이 널뛰니 주식판이 출렁인다.... 환율이 오르니 주가가 불안하고 주가가 불안하니 노사 갈등이 나라 망칠 징조처럼 보인다. ​트랜서핑에서는...,https://www.womaneconomy.co.kr/news/articleView.html?idxno=252105,5,,1
[경일시론]인고의 시간은 길고 화양연화는 짧다,"유가와 LNG가격 불안정, 해상물류 리스크 증가, 환율상승 압력이 과거와 비슷한 패턴으로 다가오고 있다. 산업비용 증가와 제조업의 수익성 악화가 뒤따를 것이 예견된다. 그 결과는 금리인상과 소비위축, 산업둔화로...",https://www.gnnews.co.kr/news/articleView.html?idxno=634307,4,,1
밥상 덮친 중동 사태… 축산농가 사료값 '비상',"연합뉴스 중동 지역 긴장 고조 여파로 국제 곡물 가격과 유가, 환율이 동반 상승하면서 사료 가격 인상... 환율 상승에 따른 수입 원가 부담 증가가 주요 요인으로 분석된다. 문제는 추가 상승 요인이 누적되고 있다는...",https://www.dkilbo.com/news/articleView.html?idxno=540069,3,,1
"與 ""추경으로 경제 방어"" 野 ""스태그플레이션 초기 단계""","국민의힘은 추경으로 인한 환율 불안정, 추경 목적에 맞지 않는 사업 예산 편성 등에 대해 비판했다. 박수영 국민의힘 의원은 ""시중에 돈이 많이 풀리니까 우리 돈의 가치가 떨어져 환율이 올라간다""며 ""이런 상황에서 다시...",https://www.news1.kr/politics/assembly/6127267,3,,1
"“미, 70년전 수에즈 위기 때처럼 중동 교착상태 시작”","수에즈 위기의 여파는 금융권에도 미쳐, 영국은 국제통화기금(IMF)에 도움을 요청했고 두 나라 모두 환율 체제 개방과 외환 통제 제한을 도입해야 했습니다. 결국 두 서유럽 강대국이 미국이 주도하는 국제기구의 감시 아래...",https://news.kbs.co.kr/news/pc/view/view.do?ncd=8528085&ref=A,4,,1
"추경 삭감 벼르는 국민의힘 ""목적 안 맞는 예산 많아""",이 외에도 ▲국세청 체납관리단 운영비 2134억원 ▲관광산업 융자지원 2800억원 ▲4대 과기원 운영비 639억원 ▲환율 대응용 예비비 3000억원 등도 국민의힘의 '삭감 리스트'에 올랐다. 국민의힘은 이러한 불필요한 예산을...,https://www.newscj.com/news/articleView.html?idxno=3391669,3,,1
"미 의약품 관세에 수급 불안···정부 ""신속 대응"" [뉴스의 맥]","또 조금 전 정은경 장관 설명에서도 들으셨는데, 환율 상승으로 원가가 뛴 치료 재료에 대해서는 건강보험 수가를 상향 조정해 현장 부담을 덜어주기로 했습니다. 국가가 먼저 사각지대를 메우겠다는 정부의 복지 철학이...",https://www.ktv.go.kr/content/view?content_id=751816,3,,1
"‘치밀유방’ 암 진단 어려움, AI 영상분석으로 크게 개선",특히 암 재검사를 위해 환자를 다시 소환하는 ‘리콜률(재소환율)’은 전문의 단독 판독과 AI 활용 판독이 유의미한 차이를 보이지 않았다. 이는 AI 활용이 불필요한 재검사를 늘리지 않으면서도 유방암 발견율을...,http://www.kookje.co.kr/news2011/asp/newsbody.asp?code=0700&key=20260407.22014001677,3,,1
[사설] '전쟁 추경' 농민 어려움 외면해선 안 된다,현장에선 환율까지 고려하면 비료 가격이 이미 연초 대비 25%가량 올랐고 상황이 장기화하면 농민들의 고통은 예상보다 더 커질 것으로 우려하고 있다. 또 추경안에 시설농가 난방유 예산 78억 원을 반영했지만 면세유...,https://www.ggilbo.com/news/articleView.html?idxno=1151187,3,,1
"LG유플러스, 로밍패스 데이터 최대 2배 상향","LG유플러스는 최근 유류할증료 인상, 환율 상승 등으로 해외여행 경비 부담이 커지는 가운데 해외여행 수요가 늘어나는 징검다리 연휴 기간에 맞춰 로밍 이용 부담을 완화하기 위해 개편했다고 설명했다. 로밍패스는...",https://www.betanews.net/article/view/beta202604060081,-1,,0
"LG유플러스, 5월부터 로밍패스 데이터 최대 2배…해외여행 경비 부담 완...","LG유플러스가 최근 유류할증료 인상, 환율 상승 등으로 늘어나는 해외여행 경비 부담을 완화하기 위해 '로밍패스'의 데이터 제공량을 최대 2배 상향한다고 밝혔다. 또한 로밍패스 가입 시 발송되는 안내 문자도 개편해...",https://www.thepublic.kr/news/articleView.html?idxno=300086,-1,,0
"與 ""심할 정도 선제대응해야""…국힘 ""스태그플레이션 우려""",물가와 환율 폭등으로 이어져 국민 부담만 커질 것이라고 맞섰습니다. 민주당 오기형 의원은 이날 추경에... 반면 국민의힘에서는 이번 추경으로 고유가·고물가·고환율 상황이 악화할 우려가 있다고 주장했습니다. 박수영...,https://biz.sbs.co.kr/article_hub/20000302400?division=NAVER,3,,1
"""미국, 70년 전 수에즈 위기 때처럼 중동서 교착상태 시작""",영국은 국제통화기금(IMF)에 도움을 요청했고 두 나라 모두 환율 체제 개방과 외환 통제 제한을 도입해야 했습니다. 결국 두 서유럽 강대국이 미국이 주도하는 국제기구의 감시 아래 경제 자유화를 강요받게 됐습니다....,https://news.sbs.co.kr/news/endPage.do?news_id=N1008507547&plink=ORI&cooper=NAVER,3,,1
"위월드, VSAT 기술로 K-방산 통신망 주도... ""시스템 고도화 박차""",이는 완성차 업황은 견조하지만 부품 단가 압박과 환율 변동성에 대한 우려가 동시에 반영된 결과로 해석된다. 자동차부품 업종이 하락 마감한 주요 배경으로는 최근 글로벌 증시 변동성과 함께 전기차 수요 성장 속도에...,https://www.pinpointnews.co.kr/news/articleView.html?idxno=443282,3,,1
"당정 ""중동 전쟁 장기화 판단, 추경 신속 집행""... 野 ""환율 불안 부추겨...",물가·환율에 미칠 악영향을 지적하며 유류세 인하 등으로 대응했어야 한다고 26조여억 원 규모... 국민의힘은 치솟는 환율 문제를 지적하며 추경이 오히려 환율 불안을 부추길 수 있다고 지적했다. 박수영 국민의힘 의원은...,https://www.hankookilbo.com/news/article/A2026040617230005256?did=NA,3,,1
중동 전쟁에 유탄 맞은 K-디스플레이… “정부 금융지원 활용해 위기 대...,"이승우 KDIA 부회장은 “중동 지역 불확실성 증대는 세계 공급망의 커다란 위협 요인으로 작용하고, 물가·환율 상승을 함께 불러일으키고 있다”며 “특히 중국은 매년 수조원 이상의 정부 보조금을 투입해 우리나라...",https://biz.chosun.com/it-science/ict/2026/04/06/ECAOTZX63VFAHJSIVM7NL3HLWQ/?utm_source=naver&utm_medium=original&utm_campaign=biz,4,,1
"""주사기·수액제 재고 2개월 뒤 바닥, 주문 불가""","정부는 물량 선점이나 사재기 등 유통질서 교란행위를 막기 위해 건강보험심사평가원을 통한 신고센터를 운영하고, 치료 재료의 경우 환율 상승 등을 반영해 건강보험 수가를 조정하는 방안을 검토 중이다.",http://www.fnnews.com/news/202604061826306397,3,,1
"박성훈 국힘대변인 “이재명 정권, 특검·현금 살포로 실책 덮으려는 오...","물가비상 상황 및 정부 대응 비판 관련 이어 박 원내수석대변인은 “지금의 물가 상승은 에너지, 환율, 식량이 동시에 흔들리는 ‘복합 위기’이며 민생 현장의...",http://www.breaknews.com/1198051,3,,1
"金총리 ""윤 정부 말기 비해 경제 망할 이유 없어…환율 오르는 것 이상...","이기림 구진욱 기자 = 김민석 국무총리는 6일 고환율 문제에 관해 ""아주 단적으로 이야기해서 윤석열 정부 말기에 비해 한국 경제가 왕창 더 망할 이유가 없었지 않나""라며 ""한국의 펀더멘털에 비춰보면, 환율이 오르는 건...",https://www.news1.kr/politics/president/6127228,3,,1
"스타벅스, 작년 매출 4% 늘며 3조 2380억원 달성",고환율 여파 속 원재료 가격이 오르면서 수익성은 낮아졌다. 6일 SCK컴퍼니는 지난해 매출이... 주된 배경으론 고환율이 장기화하는 가운데 커피 원두 등 원재료 수입 단가가 높아진 점이 꼽힌다. 한국은행...,https://www.chosun.com/economy/2026/04/06/Y4QGMNSVE5DRTPF6XRAJQ2ETDE/?utm_source=naver&utm_medium=referral&utm_campaign=naver-news,11,,1
"'45일 휴전 후 종전'...美·이란, 모두 2단계 중재안 수령","호르무즈 해협 봉쇄 장기화 우려 속에 브렌트유와 서부텍사스원유(WTI)는 배럴당 110달러를 돌파했고, 환율은 1510원대로 상승하는 등 금융시장 변동성도 확대됐다. OPEC+의 증산에도 불구하고 하루 1200만 배럴 규모의 공급...",https://www.newstree.kr/newsView/ntr202604060019,5,,1
"與 ""심할 정도로 선제대응해야""…국힘 ""스태그플레이션 우려""",물가와 환율 폭등으로 이어져 국민 부담만 커질 것이라고 맞섰다. 민주당 오기형 의원은 이날 추경에 대해... 반면 국민의힘에서는 이번 추경으로 고유가·고물가·고환율 상황이 악화할 우려가 있다고 주장했다. 박수영...,https://www.yna.co.kr/view/AKR20260406151200001?input=1195m,3,,1
"與 ""추경 확대""… 野 ""스태그플레이션 우려""","박 의원은 중동 사태 이후 최근 환율이 장중 1536원까지 치솟은 점을 짚으며 ""경제성장률은 떨어지고 물가는... 이에 김민석 국무총리는 ""유동성 확대가 간과할 문제는 아니지만 그것만을 환율 상승의 주된 요인이라고...",http://www.fnnews.com/news/202604061821246713,6,,1
"정부·국책연구기관 ""고환율, 해외시장 다변화 기회""",고환율을 해외시장 다변화의 기회로 활용해야 한다고 분석했습니다. 특히 글로벌 사우스 등 주요 신흥... 더불어 환율상승을 해외시장 다변화 기회로 활용해야 한다고 강조했습니다. 가격 경쟁력 제고를 바탕으로...,http://www.newstomato.com/ReadNews.aspx?no=1296909&inflow=N,3,,1
"[로터리] 과기 추경, 청년 창업·지역 혁신의 마중물",최근 중동 사태로 국제유가와 환율이 급등하면서 우리 경제를 둘러싼 대외 불확실성이 커지고 있다. 복합적 충격 속에서 정부가 26조 2000억 원 규모로 편성한 추가경정예산안을 통해 위기 대응 과정에서 재정의 역할이...,https://www.sedaily.com/article/20029010?ref=naver,3,,1
"LG유플러스, 로밍패스 데이터 최대 2배 더 준다","LG유플러스는 최근 유류할증료 인상, 환율 상승 등으로 해외여행 경비 부담이 커지는 가운데 해외여행 수요가 늘어나는 징검다리 연휴 기간에 맞춰 로밍 이용 부담을 완화하기 위해 개편했다고 설명했다. LG유플러스는...",http://www.fnnews.com/news/202604061812356430,-1,,0
[포토뉴스] 냉장 대신 냉동과일로,미국-이란전쟁으로 인한 고환율 여파로 수입 과일가격이 오르고 있는 가운데 비교적 단기 환율 영향이 적은 냉동과일 상품이 대체품으로 관심을 받고 있다. 6일 도내 한 대형마트에서 시민이 냉동과일을 살펴보고 있다.,https://www.kwnews.co.kr/page/view/2026040617465539306,3,,1
"""민생은 디테일""...민주, 李 '실용주의' 맞춰 맞춤형 핀셋 당정협의 연일...","금리·환율 변동성 확대에 따른 금융 시스템 리스크와 취약 차주 부실 우려를 관리하기 위해, 채무 조정과 원리금 상환 유예, 서민 금융 지원 프로그램을 전쟁·에너지 위기 상황에 맞게 조정하는 방안이 논의되고 있다....",https://www.newspim.com/news/view/20260406001118,7,,1
중동發 공사비 급등과 자재 수급 불안 ... 공사 중단으로 '공급 경고등',"유가와 환율, 운송비가 동시에 상승하면서 레미콘·아스팔트·페인트 등 석유 기반 자재 가격뿐 아니라 현장 운영비 전반이 압박을 받고 있다. 건설사들은 이미 누적된 공사비 상승에 추가 충격이 겹치며 수익성 확보가...",http://www.queen.co.kr/news/articleView.html?idxno=454523,3,,1
"여야, 경제 분야 대정부질문...""추경으로 선제적 대응"" vs ""스태그플레이...","박 의원은 중동 전쟁 이후 1500원대의 고환율이 지속되는 상황에 대해서도 ""경제 성장률은 떨어지고 물가는... 그러자 김 총리는 ""유동성 확대가 간과할 문제는 아니지만 그것 만을 환율 상승의 주된 요인이라고 보기는...",https://www.ajunews.com/view/20260406162645119,6,,1
"일동후디스, 작년 영업익 25.9억 전년비 39%↓…순이익 전환","및 매출 비중이 확대되면서 전반적인 이익 구조가 개선됐다""며 ""여기에 환율 변동에 따른 원가 절감 효과까지 더해져 매출과 영업이익 감소에도 불구하고 전반적인 수익성은 오히려 개선되는 흐름을 보였다""고 말했다.",https://www.newsis.com/view/NISX20260406_0003579978,4,,1
"삼성전자 실적 D-1…코스피 분기점, 'AI 메모리 사이클'이 좌우하나","최근 국내 증시는 중동 정세 불확실성과 환율 상승, 금리 부담 등이 복합적으로 작용하며 방향성을 찾지 못한 채 높은 변동성을 이어가고 있다. 외국인 수급 역시 뚜렷한 방향성을 보이지 못하며 지수 상승을 제한하는...",https://economist.co.kr/article/view/ecn202604060088,7,,1
하림發 공급가 인상 여파…치킨값까지 오르나,"여기에 환율 상승에 따른 수입 사료 가격 인상까지 겹치며 생산비 부담이 확대됐다. ◆치킨값 인상 유도에도 업계 부담 가중 프랜차이즈 업계에서는 가격 인상 압력을 본사가 일부 부담하며 유보하고 있지만, 향후...",http://www.hansbiz.co.kr/news/articleView.html?idxno=830776,3,,1
"'악몽의 한 달' 코스피, 실적 발표 속 반전 만들까…이번 주가 관건","지난 2월28일(현지시각) 시작된 전쟁은 개전 1개월을 넘겼고, 전쟁이 한 달 안에 종결될 것이란 기대감이 무너진 상황에서 유가와 환율 급등은 증시에 악영향으로 작용하고 있기 때문이다. 이러한 상황 속 4월에는...",https://www.sidae.com/article/2026040608512280351,7,,1
[더벨][고환율 뉴노멀] 금리만으론 부족하다…채권 투자 기준 바뀐다,환율 1400원대가 새로운 기준선으로 자리 잡으면서 채권 투자 방식도 변화하고 있다. 금리와 환율이 동시에 작용하는 구조가 형성되며 동일한 금리 환경에서도 수익률 경로가 달라지는 구간이 나타나고 있다. 채권 투자가...,https://www.thebell.co.kr/free/content/ArticleView.asp?key=202604011707146960107385,6,,1
LG유플러스 '로밍패스' 데이터 최대 2배 확대,"유류할증료와 환율 상승으로 해외 체류 비용 부담이 가중되는 상황에서, 여행객들의 통신비 부담을 줄이려는 전략적 결정이다. 단순 저가형 서비스인 현지 유심이나 eSIM과는 차별화된 프리미엄 가치를 지향한다. 서비스...",https://www.consumuch.com/news/articleView.html?idxno=77754,-1,,0
[사설] 정부 추경안에 지방경제 살릴 해법 담아야,"국제 유가와 환율 변동, 글로벌 식량 가격 상승이 맞물리며 생산비와 유통비 전반을 끌어올리고 있다. 이런 상황에서 현금성 지원은 단기적으로 소비를 떠받치는 효과는 있을지언정, 근본적인 물가 안정으로 이어지기는...",https://www.jbnews.com/news/articleView.html?idxno=1501877,3,,1
[글로벌이코노믹 사설] 개인·기업이 현금 확보에 나선 이유,증시와 원자재 가격이 급등락을 반복하고 환율 불안까지 겹치자 기업이 설비투자 대신 현금성 자산 비중을 늘리는 것이다. 투자보다 언제든 인출이 가능한 만큼 요구불 예금에 자금을 쌓아두며 관망에 들어간...,https://www.g-enews.com/view.php?ud=20260406091904364435e857d010_1,3,,1
"“전쟁 추경”vs“환율 자극”…여야, 대정부질문 공방","여당은 이른바 ‘전쟁 추경’의 시급성을 강조하며 처리 필요성을 제기했고, 국민의힘은 추경 집행이 환율... 국민의힘은 이번 추경 편성이 환율 상승의 요인이 될 수 있다고 비판했다. 국민의힘 박수영 의원은 김민석...",https://www.viva100.com/article/20260406501397,3,,1
[표] 외국환율고시표,,https://www.mk.co.kr/article/12009447,3,,1
<조용래의 머니톡스> 석유의 비명과 고금리의 귀환,"이미 고환율과 고물가에 시달리는 한국 경제에, 공급망 붕괴로 인한 에너지 비용 가중은 치명적이다.... 비용 절감을 위해 해외에 의존했던 ‘글로벌 공급망’이 고금리 환경에서는 물류비용과 이자 비용뿐 아니라 환율상...",https://www.ilyosisa.co.kr/news/article.html?no=255185,4,,1
시장 냉각에도 증권채 발행 훈풍,"중동 전쟁 장기화로 촉발된 고금리와 환율 불확실성이 채권시장을 짓누르고 있지만, 국내 증시 강세로 증권사 실적에 대한 기대감이 커진 영향이다. 6일 투자은행(IB) 업계에 따르면 하나증권은 지난 2일 2000억원...",https://www.mk.co.kr/article/12009418,13,,1
"LGU+, 로밍패스 데이터 최대 2배 상향 개편","최근 유류할증료 인상과 환율 상승 등으로 고객들의 해외여행 경비 부담이 커지는 가운데, 해외여행 수요가 늘어나는 징검다리 연휴 기간에 맞춰 로밍 이용 부담을 완화하기 위한 조치다. LG유플러스는 로밍패스 가입 시...",https://www.apnews.kr/news/articleView.html?idxno=3047512,-1,,0
"중동사태로 의료소모품 부족…정부, 사재기 등 단속","식약처는 수액제 포장재와 주사기, 혈액투석제 등 제품 6개는 집중 관리 품목으로 생산과 공급 상황을 관리하고 있고, 대상 품목을 늘려갈 계획입니다.환율 상승을 반영해 치료 재료의 건강보험 수가를 상향 조정하는...",https://news.mtn.co.kr/news-detail/2026040616375971555,3,,1
"고흥군, 조사료 자급률 높여 축산농가 경영안정 돕는다","이번 교육은 최근 국제 곡물 가격 상승과 환율 변동, 중동 지역 긴장 등 외부 요인에 따른 사료비 부담 증가 상황에서 국산 조사료 생산을 확대해 축산농가 경영비 절감과 사료 자급 기반을 강화하기 위해 마련됐다. 교육은...",http://www.seoulwire.com/news/articleView.html?idxno=715446,3,,1
"골드만삭스 ""중국 경제, 이란전 영향 적어…미중 회담 성과 불투명""","틸튼 수석은 현재 1달러당 6.88위안 수준인 위안화 환율이 올해 말 6.70위안 수준까지 절상될 것이라고 전망했습니다. 중국의 물가가 대부분의 교역 상대국보입니다 낮고, 재화·서비스의 상대 가격 관점에서 위안화가 매우...",https://news.sbs.co.kr/news/endPage.do?news_id=N1008507421&plink=ORI&cooper=NAVER,4,,1
"정부·보건의약 12개 단체, 중동전쟁발 의료제품 수급안정 협력 선언",아울러 치료재료의 경우 최근 환율 상승을 반영해 건강보험 수가를 상향 조정하여 의약계의 부담을 완화한다는 계획이다. ◆12개 단체 협력 선언 합의 이날 참석한 보건의약단체와 정부는 ‘보건의약단체 의료제품...,https://medicalworldnews.co.kr/news/view.php?idx=1510973927,3,,1
"'내리막' 자동차株, 로봇으로 반전 시동",전쟁으로 공급망에 차질이 빚어진 데다 환율이 분기 말 급등해 외화 판매보증충당부채 평가손실이 확대된 영향이다. 다만 로봇 등 피지컬 인공지능(AI) 분야의 사업 확장 기대는 여전히 높다. 6일 한국거래소에...,https://www.hankyung.com/article/2026040624611,3,,1
"""이마트, 본업은 괜찮은데 SSG.Com·SCK컴퍼니·이마트24 등 계열사 부진...","1분기 기존점성장률이 전년 동기대비 +2%를 기록하며 턴어라운드하는 모습을 보였으나, 환율 상승에 따른 원가율 부담이 지속되는 상황에서 가습기 자발적 리콜 관련 일회성 비용이 반영될 것으로 예상되기 때문이다...",https://www.newsquest.co.kr/news/articleView.html?idxno=264318,3,,1
[기고] 디오클레티아누스의 비극… 가격통제 정책의 실패,환율이 널뛰자 서학개미 투자도 규제하는 등 통제가 강화되고 있다. 이러한 통제는 시장의 바로미터인 가격을 묶어둠으로써 정상적인 시장이 작동하지 못하게 한다. 암시장을 키우고 자원배분을 왜곡한다. 역사는...,https://www.asiatoday.co.kr/view.php?key=20260406010001602,3,,1
"군산시, 中企 수출보험부터 퇴직연금까지 지원","시는 먼저 글로벌 금융시장 변동에 대응하기 위해 2025년 실적이 있는 관내 183개 수출기업 전체를 대상으로 '수출보험료 지원사업'을 시행하며, 한국무역보험공사와 협력해 수출 대금 미회수와 환율 변동 등 각종...",http://www.jjn.co.kr/news/articleView.html?idxno=1037265,6,,1
호르무즈 틀어쥔 이란…세계 4대 강국 부상에 한국도 비상 [핫이슈],"공급 불안이 길어지면 보험료와 운송비 상승이 에너지 가격을 끌어올리고 무역수지와 환율, 물가까지 차례로 압박할 수 있다. 결국 에너지 의존은 외교와 산업 정책까지 흔들 수 있다. 그는 1970년대식 오일쇼크의 악몽이...",https://nownews.seoul.co.kr/news/newsView.php?id=20260406601019&wlog_tag3=naver,4,,1
외식물가 '줄인상'…밥값 공포 커진다,"유가와 환율, 원자재 가격이 동시에 상승하는 구조에서는 외식 가격 인상이 시차를 두고 이어질 가능성이 크기 때문이다. 현재 가격을 유지하고 있는 업소들 역시 일정 시점 이후에는 인상 압력을 견디기 어려울 것이라는...",https://www.namdonews.com/news/articleView.html?idxno=906544,3,,1
전쟁 추경이라더니…폐지된 청년예산 1600억 늘리자는 與,"중동사태 여파로 인해 물가와 환율이 불안정해지면서 정부가 이른바 '전쟁 추경(추가경정예산)' 편성에 나선... 이란 전쟁 장기화에 따른 고물가·고금리·고환율 대응이 이번 추경의 핵심인데, 이미 정책적으로 종료된...",https://www.hankyung.com/article/202604062354i,4,,1
"국민의힘, ‘매표·전쟁 핑계’ 추경 저지 및 민생 생존 예산 관철 총력","유가는 배럴당 100달러를 상회하고, 환율은 1,500원 선을 위협하며 코스피 6... “결국 환율과 물가를 폭등시켜 외국인 투자를 유출하고 민생에 치명타를 입힐 것”이라고...",http://www.breaknews.com/1198045,6,,1
토스뱅크 이은미 대표 '2기 체제' 숙제는?,◇ 고객보호·내부통제 강화 숙제로 또한 지난달 10일에는 '엔화 환율 고시 오류' 사태로 276억원의 금융사고가 발생했다. 이날 오후 7시 29분부터 약 7분간 토스뱅크에선 엔화 환전 시 100엔당 472원대 환율이 적용되는...,https://www.sisaweek.com/news/articleView.html?idxno=234699,4,,1
국내선 유류할증료도 폭등...전쟁 쇼크에 한달새 4.4배,5월 발권 국내선 유류할증료는 전쟁 발발 이후 유가와 환율이 오르기 시작한 3월 싱가포르 항공유 평균가(MOPS)를 기준으로 산정됐다. 유류할증료는 항공사가 유가 상승에 따른 손실을 보전하기 위해 운임을 추가...,https://www.sedaily.com/article/20028939?ref=naver,3,,1
"[화요광장] 33년 꼴찌, 숫자가 말하지 않는 것","중동 사태로 유가와 환율이 동시에 치솟고 있는 지금, 생산 기반이 약한 도시가 외부 충격에 얼마나 취약한지를 우리는 체감하고 있다. 이 구조적 불균형이 청년 유출과도 직결된다. 이전 칼럼에서 다뤘듯, 대구에...",https://www.kyongbuk.co.kr/news/articleView.html?idxno=4069204,3,,1
국제유가 급등에 항공요금 들썩… 유류할증료 역대 최대,최근 중동 지역 분쟁 장기화로 국제유가와 환율이 동시에 상승하면서 항공사 운임 구조에 부담이 커진 점이... 업계에서는 국제유가와 환율 변동성이 지속될 경우 항공 운임 전반이 상승 압력을 받을 가능성이 높다고...,https://www.autodaily.co.kr/news/articleView.html?idxno=543017,3,,1
"골드만삭스 ""中경제, 이란전 영향 적어…미중회담 성과 불투명""","틸튼 수석은 현재 1달러당 6.88위안 수준인 위안화 환율이 올해 말 6.70위안 수준까지 절상될 것이라고 전망했다. 중국의 물가가 대부분의 교역 상대국보다 낮고, 재화·서비스의 상대 가격 관점에서 위안화가 매우 약세인...",https://www.yna.co.kr/view/AKR20260406141100083?input=1195m,4,,1
"LG유플, 로밍 데이터 최대 2배 확대",LG유플러스는 최근 유류할증료와 환율 상승으로 해외여행 비용 부담이 커진 점을 고려해 이번 개편을 추진했다고 설명했다. 특히 다음달 초 연휴를 앞두고 해외여행 수요가 증가하는 시점에 맞춰 실질적인 비용...,https://www.hankyung.com/article/2026040623581,-1,,0
"""5월이면 동난다""..중동발 나프타 쇼크에 식품·의료 '비상'","정부는 물량 선점이나 사재기 등 유통 질서 교란 행위를 막기 위해 건강보험심사평가원을 통한 신고센터를 운영하고, 치료 재료의 경우 환율 상승 등을 반영해 건강보험 수가를 조정하는 방안을 검토 중이다. 정은경...",http://www.fnnews.com/news/202604061447360709,3,,1
"중동전쟁 장기화에 건설공사비 급등, 조합과 갈등 점증","중동 전쟁 장기화로 국제유가와 환율이 치솟고 원자재 수급 불안이 현실화하면서 건설현장의 공사비 부담이... 2020년(100) 이후 30% 이상 급등한 수치로, 여기에 호르무즈 해협 봉쇄에 따른 유가·환율·원자재 불안까지...",https://www.ekoreanews.co.kr/news/articleView.html?idxno=85434,3,,1
고유가에 전기차 인기… 보조금 동난다,"지정학 리스크, 석유 감산, 환율 변동 등 다양한 요인으로 언제든 유가가 급등할 수 있다는 우려가 확산하고 있다는 것이다. 자동차 업계에선 이번 중동 사태가 전기차의 변곡점이 될 거라는 전망도 나온다. 전기차도...",https://www.yonhapmidas.com/news/articleView.html?idxno=10250,3,,1
"고흥군, 조사료 자급률높여 축산농가 경영안정 돕는다 - 경영체대상 사...","이번 교육은 최근 국제 곡물 가격 상승과 환율 변동, 중동 지역 긴장 등 외부 요인에 따른 사료비 부담 증가 상황에서 국산 조사료 생산을 확대해 축산농가 경영비 절감과 사료 자급 기반을 강화하기 위해 마련됐습니다....",http://www.paxetv.com/news/articleView.html?idxno=268625,3,,1
중동發 공사비 폭등에 입주 지연 확산…주택시장 '공급 경고등',"유가·환율·운송비가 동시에 오르자 레미콘과 아스팔트, 페인트 등 석유 기반 자재 가격뿐만 아니라 현장 운영비까지 전방위 압박을 받고 있다. 건설사들은 이미 누적된 공사비 상승에 중동발 충격이 겹치면서 치솟는...",https://www.news1.kr/realestate/general/6126851,3,,1
능동형 AI·프라이버시 화면… '갤럭시S26' 호평,울트라 모델 1TB 제품은 전작보다 약 30만 원 올랐다. 삼성전자는 제품 가격 인상이 메모리 등 부품 가격 상승과 환율 등 영향이라고 설명했다. 권영전 연합뉴스 샌프란시스코 특파원,https://www.yonhapmidas.com/news/articleView.html?idxno=10248,3,,1
"金총리 “‘반도체 팹 지역 분산’ 방향은 공감… 판단은 기업 몫""","또한 박수영 국민의힘 의원의 고환율 문제 지적에 대해서는 “새 정부에 들어 비교적 여러 (경제) 지표가 긍정적인 추세가 있었지만, 가장 부담스러운 지표는 환율”이라고 말했다. 그러면서 “한국 경제의 펀더멘털에 비춰...",https://biz.chosun.com/policy/policy_sub/2026/04/06/ZC467DQ6WBBKFNSJ5QW2L2Q5EY/?utm_source=naver&utm_medium=original&utm_campaign=biz,3,,1
"LG유플러스, '로밍패스' 개편...데이터 최대 2배 상향","최근 유류할증료 인상, 환율 상승 등으로 해외여행 경비 부담이 커지는 가운데 해외여행 수요가 늘어나는 징검다리 연휴 기간에 맞춰 로밍 이용 부담을 완화하기 위함이다. 이번 개편은 '데이터 2배 제공' 프로모션 수준의...",http://www.ftoday.co.kr/news/articleView.html?idxno=357371,-1,,0
"국책연·수은 연구소 대외경제 점검 간담회…""환율 상승, 해외 시장 다변...","중장기적으로는 에너지 전환, 중동 원유 의존도 완화, 수출시장과 공급망 다변화가 필요성 등의 의견을 제시하며 최근 환율상승을 해외시장 다변화의 기회로 활용해야 한다고 제언했습니다. 방산 등 성장 잠재력이 높은...",https://news.sbs.co.kr/news/endPage.do?news_id=N1008507344&plink=ORI&cooper=NAVER,3,,1
나랏빚 年100조 증가 ‘뉴노멀’ 될판…4년 뒤 부채율 60% 전망도,여기에 추가경정예산 편성 등을 통해 시장에 공급되는 유동성이 국채 상환 규모를 크게 웃돌면서 재정 확장이 물가·금리·환율에 부담 요인으로 작용할 수 있다는 분석도 제기된다. 허정 서강대 경제학과 교수는...,https://www.sedaily.com/article/20028925?ref=naver,10,,1
[키워드 경제] 적자가구,"최근 미국·이스라엘이 이란을 공격하면서 증시가 요동 치고, 환율과 유가가 크게 오르는 등 실물경제... 가시화하면 환율은 더 오를 수 있다. 올해 연평균 유가가 100달러 수준을 유지할 경우 우리나라 성장률은 0.3%p...",https://www.yonhapmidas.com/news/articleView.html?idxno=10242,4,,1
"한우자조금, 홍보대사 16인 위촉…'가치 소비' 확대로 접점 넓힌다",최근 사료 원료 가격 상승과 환율·운임 부담 증가로 축산물 생산비가 높아지면서 가격 상승 압력도 커지는 상황이다. 이러한 환경 속에서 가격 경쟁보다는 가치와 경험을 강조하는 방식으로 소비를 유지하려는 전략이...,http://www.kdfnews.com/news/articleView.html?idxno=181442,3,,1
"政-醫, 의료제품 수급안정 위한 협력 선언","치료재료의 경우 최근 환율 상승을 반영해 건강보험 수가를 상향 조정해 의약계의 부담을 완화한다는 설명이다. 한편, 복지부는 의료제품 수급 대응을 위한 보건의약단체 회의를 매주 정례화해 개최할 예정이다. 정은경...",http://www.doctorstimes.com/news/articleView.html?idxno=237497,3,,1
3월 대구·경북 아파트 매매 상승 거래 비중 감소,직방 관계자는 중동 전쟁 장기화에 따른 환율 상승과 물가 부담이 수요 심리를 위축시키고 있다며 가계부채 관리 방안 등 정책 변화와 대외 변수에 따라 시장의 방향성이 결정될 것으로 전망했습니다.,https://dgmbc.com/NewsArticle/833578,6,,1
내일 삼전 1분기 잠정 실적발표···실적 기대감에 증권가 반도체 눈높...,그러나 고환율·고유가에 따른 부담이 커지면서 반도체를 제외한 나머지 업종 간 양극화는 커질 수 있다는... 달리 환율이 급등해 수출 기업 대부분에서 환율 효과가 긍정적 영향을 미칠 전망”이라고 말했다. 그러나...,https://www.khan.co.kr/article/202604061645001,4,,1
"코스피, 중동 불안감에도 삼성전자 기대감에 5450선 마감","삼성 효과의 직접적 대상에서는 비껴있는 코스닥은 하락했고, 환율도 지정학적 위기감으로 상승하며... 한편 서울 외환시장에서 환율은 주간 거래 종가(오후 3시 30분 기준) 1506.3원을 기록했다(전장 대비 1.1원...",https://www.financialpost.co.kr/news/articleView.html?idxno=254468,7,,1
당정 “추경 늘릴 것”..野 “스태그플레이션 우려”,박 의원은 중동 사태 이후 최근 환율이 장중 1536원까지 치솟은 점을 짚으며 “경제성장률은 떨어지고 물가는... 이에 김민석 국무총리는 “유동성 확대가 간과할 문제는 아니지만 그것만을 환율 상승의 주된 요인이라고...,http://www.fnnews.com/news/202604061636333135,6,,1
버거킹은 안 바꿨다…40년 고집 지킨 와퍼 '불맛',"이동형 비케이알 대표는 지난해 사상 최대 실적을 거둔 것에 대해 ""국내 시장에서의 경쟁 심화와 원부자재비 및 환율 상승 등으로 대내외적으로 어려운 상황에도 불구하고 임직원 및 가맹점주, 협력사들이 함께 노력해...",https://www.sidae.com/article/2026040609551868574,5,,1
"중동전쟁 여파, 의료현장 '물류 비상'…정부·12개 의약단체 ""사재기 근...","특히 최근의 가파른 환율 상승을 고려해, 치료재료에 대한 건강보험 수가를 상향 조정함으로써 의료계의 비용 부담을 완화해주는 실질적인 지원책도 병행된다. 민·관 협력 대응체계 가동… ""단 한 명의 환자도 소외 없도록...",https://www.apsk.co.kr/news/articleView.html?idxno=539058,3,,1
나랏빚 1300조 돌파…관리재정수지 2년째 100조 적자,"환율 변동성 확대에 대응하기 위한 외화 자금 조달 수요가 반영된 것으로 풀이된다.지난해 총수입과 총지출은 각각 637조4000억원, 684조1000억원으로 집계됐다. 이에 총수입에서 총지출을 뺀 통합재정수지는...",https://www.asiatoday.co.kr/view.php?key=20260406010001683,3,,1
"인천시, 중동 전쟁發 고유가 대응 총력…어민·기업 지원 확대","기호일보, KIHOILBO 연일 오르는 휘발유 경유 가격 인천시는 중동 전쟁 장기화에 따른 고유가·고환율 확산에... 상승과 환율 변동에 따른 부담 완화에 나섰다. 또 사회복지시설 등 에너지 취약시설에 대한 모니터링을...",https://www.kihoilbo.co.kr/news/articleView.html?idxno=3018731,3,,1
"3월 아파트 상승거래, 대전·충북·충남 늘고 세종은 줄었다","이어 ""정부가 '2026년도 가계부채 관리방안'을 발표하면서 수도권 및 규제지역 아파트 담보대출의 만기연장이 불가능해진 상황""이라며 ""여기에 중동 전쟁 장기화에 따른 환율 상승과 물가 부담까지 더해지면서 시장은...",https://www.ggilbo.com/news/articleView.html?idxno=1151149,7,,1
"디스플레이協, 패널 및 소부장에 수출 금융 및 세제 지원 설명회 개최","이승우 협회 부회장은 “중동 불안, 환율 상승 등 업황 불확실성 대응력 제고를 위해 협회는 '공급망 대응센터'를 설치·운영하고 있다”며 “기존 패널 중심 통상 태스크포스(TF)에 소부장 기업 및 시장조사업체까지...",https://www.etnews.com/20260406000410,4,,1
디스플레이산업협회 “공급망 안정화 위한 기금‧펀드 활용 방안 마련”,"이승우 한국디스플레이산업협회 부회장은 “중동 상황 불안, 글로벌 환율 상승 등에 따른 업황 불확실성이 고조됨에 따라, 협회는 업계 대응력 제고와 신속한 상황 공유를 전담할 ‘공급망 대응센터’를 설치ㆍ운영하고...",https://www.dailian.co.kr/news/view/1630164/?sc=Naver,3,,1
[칼럼] 원화 스테이블코인과 외환체계,"자본이 국경을 넘어 실시간으로 이동할 경우 통화 주권이 약화되고, 환율 방어 수단이 무력화될 수 있다는... 셋째, 비상시 환율 방어를 위한 개입 수단이 약화될 수 있다는 점이다. 이 중 자본 도피 우려는 기술적으로...",https://www.tokenpost.kr/news/insights/346677,4,,1
"영주시, 농자재 수급 선제 점검…농번기 '공급 안정' 관리 고삐","비료 원료 상당 부분을 수입에 의존하는 구조에서 국제 유가와 물류비, 환율 변동은 곧바로 농가 부담으로 이어진다. 실제로 최근 몇 년간 글로벌 공급망 충격이 발생할 때마다 비료 가격이 급등하며 농가 경영 부담이 크게...",https://www.kyongbuk.co.kr/news/articleView.html?idxno=4069196,3,,1
"재경부, 국책 연구기관과 대외경제 이슈 점검…중동 리스크 대응 논의","중장기적으로는 에너지 전환, 중동 원유 의존도 완화, 수출시장과 공급망 다변화가 필요성 등의 의견을 제시하며 최근 환율상승을 해외시장 다변화의 기회로 활용해야 한다고 제언했습니다. 방산 등 성장 잠재력이 높은...",https://biz.sbs.co.kr/article_hub/20000302351?division=NAVER,3,,1
"최은석 의원 ""전쟁 대응이라더니 사실은 선거용?""… 추경안 조목조목 비...","최 의원은 오늘(6일) 자신의 SNS를 통해 ""중동 전쟁 여파로 유가와 환율이 요동치는 위기 상황에서 민생 대응을 위한 추경은 불가피하다""고 전제하면서도, 현재 논의되는 예산안의 세부 내용은 본래 취지와 동떨어져 있다고...",https://news.bbsi.co.kr/news/articleView.html?idxno=4076626,0,,0
중동 쇼크에 레미콘 대란…건설현장 공사비 도미노 인상,"건설업계 관계자는 ""유가·환율 상승으로 원자재 가격이 오르면 사업비를 분양가에 반영하고 공기가 지연될 수밖에 없다""며 ""주요 원자재를 중국산으로 대체 수입하는 가능성도 거론되지만 품질 문제 탓에 즉시 대체는...",https://www.sidae.com/article/2026040614442396633,3,,1
"서학개미, 미 주식 순매도 전환...고환율·미 증시 정체 영향?","환율이 1,500원대로 높은 수준을 유지한 것이 영향을 미친 것으로 분석됩니다. 시장에서는 해외 투자금의 국내 복귀 유도를 위해 도입된 국내시장 복귀계좌, RIA가 효과를 낼지도 주목하고 있습니다. RIA는 환율...",https://www.ytn.co.kr/_ln/0102_202604061626274916,4,,1
중동전쟁 악재 뚫고 7월까지 비료 공급 안정 전망,"원자재 가격과 환율 상승에 대응해 추가경정예산(추경)을 투입, 무기질비료 가격 보전 사업을 이어가고 비료 업계의 원료구입자금 지원 규모도 늘려 농업인들의 피해를 최소화할 방침이다. 단기적인 지원을 넘어, 이번...",https://www.farmnmarket.com/news/article.html?no=26056,3,,1
"""삼성전자, 영업익 50조원 돌파 전망""… 증권가 목표가 줄상향","이어 ""메모리 부문의 레버리지 효과에 더해 모바일경험(MX) 사업부 역시 환율 효과와 원가 절감, 일부 플래그십 가격 인상에 힘입어 실적 서프라이즈 가능성이 높다""고 덧붙였다. 이 같은 기대를 반영해 증권사들은...",http://www.biztribune.co.kr/news/articleView.html?idxno=351908,7,,1
"흰 우유가 식는다… 유업계, 탈우유 생존 경쟁","잉여 원유 상황이 심화되면서 흰 우유 시장 손실이 확대됐고, 원·부자재 가격 및 환율 상승에 따른 원가 부담이 커진 영향이다. 저출산과 수입산 공세, 소비 트렌드 변화가 동시에 밀려오는 가운데 식물성 음료와...",http://www.updownnews.co.kr/news/articleView.html?idxno=316804,-1,,0
"LG유플러스, '로밍패스' 데이터 최대 2배 상향 개편","LG유플러스는 최근 유류할증료 인상, 환율 상승 등으로 해외여행 경비 부담이 커지는 가운데 해외여행 수요가 늘어나는 징검다리 연휴 기간에 맞춰 로밍 이용 부담을 완화하기 위해 개편했다고 설명했다. 로밍패스는...",http://www.thefirstmedia.net/news/articleView.html?idxno=197240,-1,,0
'파워트레인 전략'으로 실적 방어한 현대차... 미래 먹거리는 AI·로보틱...,"현대차는 4분기 판매실적에 대해 ""4분기 매출액은 하이브리드(HEV), 제네시스 브랜드를 포함한 고부가가치 차종 중심 판매 확대에 따른 평균판매단가(ASP) 개선 및 우호적 환율 효과를 바탕으로 전년 동기 대비 0.5...",https://www.pressman.kr/news/articleView.html?idxno=101199,4,,1
"케이뱅크 원 체크카드, '가장 인기 있는 체크카드' 안 놓친다","환율 우대, 해외 수수료 면제, 현지 통화 결제 서비스 등의 트래블카드 기본 가능을 간춘 카드로, 더라운지 공항라운지 연2회 무료 입장 등의 혜택을 제공한다. 한편, 이번 집계는 1월1일부터 3월 22일까지 카드고릴라...",http://datanews.co.kr/news/article.html?no=144176,4,,1
"재경부, 국책연구기관과 대외경제 리스크 점검…공급망·금융 영향 논의","또한, 환율 상승을 해외시장 다변화의 기회로 활용하고, 방산 등 성장 잠재력이 높은 산업에 대한 집중 투자와 글로벌 경쟁력 확보가 필요하다는 제언도 나왔다. AI·로보틱스, K-컬처, 방산, 우주항공 등 신성장 산업에서...",https://news.einfomax.co.kr/news/articleView.html?idxno=4407955,4,,1
"재경부, 대외경제 이슈 점검 간담회…중동 위기 대응책 논의","또한 최근 환율 상승을 해외시장 다변화의 기회로 활용할 필요가 있다는 제언도 나왔다. 이와 함께 방산 등 성장 잠재력이 높은 산업에 대한 집중 투자와 글로벌 경쟁력 확보 필요성이 논의됐으며, AI·로보틱스, K-컬처...",https://www.ajunews.com/view/20260406155138075,3,,1
"재경부, 씽크탱크와 대외경제 리스크 선제 대응…“공급망 다변화 필요...","한편 중장기적으로는 에너지 전환, 중동 원유 의존도 완화, 수출시장 및 공급망 다변화가 필요성 등의 의견을 제시하며 최근 환율상승을 해외시장 다변화의 기회로 활용해야한다는 제언을 덧붙였다. 방산 등 성장 잠재력이...",https://www.dailian.co.kr/news/view/1630089/?sc=Naver,3,,1
[송민택 교수의 D-엣지]스테이블코인 논쟁과 원화 확장,"환율의 동시 압박은 물가 상승과 기업 비용 증가, 가계의 실질소득 감소로 이어질 수밖에 없다. 전쟁은 외부 충격이지만, 그 충격이 닥칠 때마다 원화는 위험 회피 국면에서 불안함을 보여준다. 현재, 1500원을 넘어선 환율은...",https://www.etnews.com/20260406000158,4,,1
"재경부, 주요 국책연구기관과 대외 리스크 공동 점검","환율 상승을 해외시장 확대의 기회로 활용해야 한다는 제언도 나왔다. 방산 등 성장 잠재력이 높은 분야에 대한 집중 투자와 글로벌 경쟁력 확보 필요성도 강조됐다. 아울러 AI·로보틱스, K컬처, 방산, 우주항공 등 신성장...",https://www.etnews.com/20260406000340,3,,1
"중동 긴장에 실물·금융 영향 점검…정부, 대외경제 간담회","특히 최근 환율 상승을 해외시장 확대의 기회로 활용해야 한다는 의견도 나왔다. 이와 함께 방산, 인공지능(AI), 로보틱스, K-컬처, 우주항공 등 미래 신성장 산업 분야에서 경쟁력을 강화하고, 신흥시장 등과 협력을...",https://www.nocutnews.co.kr/news/6497269?utm_source=naver&utm_medium=article&utm_campaign=20260406040030,4,,1
"정부·보건의약 12개 단체, 의료제품 수급 불안정 대처 협력 선언",치료재료의 경우 최근 환율 상승을 반영해 건강보험 수가를 상향 조정해 의약계의 부담을 완화할 계획이다. 이날 회의에 참석한 보건의약단체와 정부는 의료제품의 수급불안정 위기 상황을 극복하기 위한 ‘보건의약단체...,https://mdtoday.co.kr/news/view/1065587929816963,3,,1
"티웨이 항공, 사명 변경 '재도약'…수익성 개선은 숙제","회사는 ""비상경영은 비용 효율화를 위한 조치일 뿐 필수 투자 축소를 의미하지 않는다""고 선을 그으면서도 ""환율 유가의 급격한 변동에 따라 선제적인 대응을 통한 재무 안정성과 유동성 확보를 이어가며 안전운항과...",http://www.hansbiz.co.kr/news/articleView.html?idxno=830731,6,,1
"중동·미중 갈등에 공급망까지…정부 ""복합위기 선제 대응""","아울러 최근 환율 상승을 수출 경쟁력 제고와 해외시장 확대의 기회로 활용해야 한다는 의견도 제시됐다. 이와 함께 방산, 인공지능(AI), 로보틱스, K-컬처, 우주항공 등 미래 신성장 산업 분야에서 핵심 기술 확보와 글로벌...",https://www.newsis.com/view/NISX20260406_0003579534,3,,1
"[Invest]회사채 시장 ‘골칫덩이’ 삼척블루파워, 에너지 대란 수혜에 '...","삼척블루파워는 국내 마지막 석탄화력발전소로, 그간 ‘반(反) ESG’ 꼬리표 속에 회사채 시장에서 고전해온... 건설 자금 조달을 위해 꾸준히 회사채 발행에 나섰지만 기관 자금 유입은 제한적이었다.주관사단 역시 ESG...",https://www.investchosun.com/site/data/html_dir/2026/04/06/2026040680204.html,4,,1
[Invest]한화솔루션 유증이 판도라 상자 열었다…얼어붙은 공모 조달시...,"기업들의 회사채 발행에도 제동이 걸린 가운데, 최근 높은 조달 비용을 감수하기보다 발행 일정을 미루는 사례가 늘고 있다. 모자회사 중복 상장 금지로 계열사 상장이 어려워진 상황에서 회사채 시장까지 얼어붙으면서...",https://www.investchosun.com/site/data/html_dir/2026/04/06/2026040680155.html,4,,1
"[더벨]등급 전망 '부정적' 호텔신라, 공모채 시장 복귀",정기 이슈어인 호텔신라가 올해 역시 공모 회사채 시장을 찾을 예정이다. 호텔신라는 면세사업(TR)에서의 어려움으로 인해 수익성이 저하됐고 신용평가사별로 등급 전망이 엇갈리는 상황이어서 공모채 흥행을...,https://www.thebell.co.kr/free/content/ArticleView.asp?key=202604022154028320108431,4,,1
"[Invest]NH證, ‘정통 IB 딜’ IMA 1호에 담는다…차별화 과제 속 ‘포트...","기존에 강점을 지닌 회사채 등 정통 IB 딜에 초점을 맞출 것이란 전망이 나오는 가운데, ‘차별화’를 통해 흥행에 나설 수 있을지 주목된다. 금융당국이 ‘포트폴리오 공개’를 추진하고 있어 NH투자증권을 포함한...",https://www.investchosun.com/site/data/html_dir/2026/04/06/2026040680192.html,5,,1
삼천당 급락에 ETF 수익률 ‘극과 극’…운용 실력 갈랐다,"만기 2년 6개월, 기준수익률 연 4%로 설정된 이 상품은 기업대출·회사채·인수금융 등 IB(기업금융) 자산 중심으로 운용되며 만기 보유 시 원금 지급을 약정하는 구조다. 이는 유일한 은행지주 계열 증권사로서의...",https://www.sedaily.com/article/20029093?ref=naver,12,,1
NH투자증권 IMA 'N2 IMA1 중기형 1호' 4000억원 달성,기준수익률은 연 4.0%로 만기 보유 때 NH투자증권이 원금 지급을 약정한다 이번 IMA 상품은 기업대출·회사채·인수금융 등 기업금융(IB) 자산 중심으로 운용한다. 한국투자증권·미래에셋증권에 이어 세 번째 IMA...,http://www.bizwnews.com/news/articleView.html?idxno=132654,6,,1
한화솔루션 유상증자 후폭풍…김동관 '책임 경영' 시험대,"회사채 1조 5400억 원과 기업어음(CP) 1조 1500억 원으로 구성되고, 이 중 올해 만기가 도래하는 회사채만 약 2800억 원 규모다. 이번 유상증자를 놓고 시장에서 차입금 부담 경감을 위한 조치로 해석하는 배경도 여기에...",https://www.nocutnews.co.kr/news/6497462?utm_source=naver&utm_medium=article&utm_campaign=20260407044536,7,,1
"에테나, USDe 준비금으로 기관 대출 본격 진입…디파이 넘어선 확장","초기에는 부도 이력이 없는 ‘AAA 등급 CLO’에 제한적으로 투자하고, 이후 우량 회사채 펀드와 단기 신용... AAA 등급 CLO나 회사채 등 실물자산으로 투자 범위를 넓히면 안정성과 수익원의 다양성을 동시에 확보할 수...",https://www.tokenpost.kr/news/blockchain/346843,5,,1
"[증권소식] 금융위, 소액공모 10억→30억 확대/법원, '라임 사태' 윤경은...","기업대출·회사채·인수금융 등 기업금융(IB) 자산 중심으로 운용된다. 만기까지 보유하면 NH증권이 원금 지급을 약정하는 구조로, 안정성과 수익성을 균형 있게 갖춘 설계가 투자자들의 호응을 이끌었다. 시장 변동성이...",https://www.asiatime.co.kr/article/20260406500385,14,,1
"NH투자증권, IMA 1호 상품 '완판'",해당 상품은 기업대출·회사채·인수금융 등 기업금융 자산 중심으로 운용된다. 만기까지 보유시 NH투자증권이 원금 지급을 약정하는 구조다. NH투자증권은 이번 IMA 출시를 계기로 개인자산관리 시장을 확대하는...,https://www.newsinside.kr/news/articleView.html?idxno=4569619,6,,1
"NH투자증권, IMA 1호 상품 완판…IB 경쟁력 주효","기업대출·회사채·인수금융 등 기업금융(IB) 자산 중심으로 운용된다. 만기까지 보유하면 NH투자증권이 원금 지급을 약정하는 구조다. NH투자증권 관계자는 ""안정성과 수익성을 균형 있게 갖춘 설계가 투자자들의...",https://www.kfenews.co.kr/news/articleView.html?idxno=656516,6,,1
"[크레딧 체크포인트] 현금보다 2배 많은 단기차입…CJ프레시웨이, 투심...",크레딧 체크포인트는 회사채 발행을 앞둔 기업을 대상으로 재무구조와 자금 흐름을 점검해 신용등급... 회사채 투자자와 시장 참여자들이 보다 입체적인 시각에서 기업의 신용도를 판단할 수 있도록 핵심 재무...,http://www.edaily.co.kr/news/newspath.asp?newsid=05323446645413496,4,,1
"NH투자증권, IMA 1호 'N2 IMA1 중기형' 4000억 완판","이번에 출시된 'N2 IMA1 중기형 1호'는 투자기간 2년 6개월, 기준수익률 연 4.0%, 모집금액 4000억 원 규모로, 기업대출·회사채·인수금융 등 기업금융(IB) 자산 중심으로 운용된다. 만기까지 보유 시 NH투자증권이 원금...",http://www.whitepaper.co.kr/news/articleView.html?idxno=260636,6,,1
"NH투자증권, IMA 1호 완판…'N2 IMA1 중기형 1호' 4000억원 모집","지난달 출시된 'N2 IMA1 중기형 1호'는 투자기간 2년 6개월, 기준수익률 연 4.0%, 모집금액 4000억원 규모로, 기업대출·회사채·인수금융 등 기업금융(IB) 자산 중심으로 운용된다. 만기까지 보유하면 NH투자증권이 원금...",https://www.ajunews.com/view/20260406182129272,6,,1
"NH투자증권, ‘N2 IMA1 중기형 1호’ 4000억원 완판","‘N2 IMA1 중기형 1호’는 투자기간 2년 6개월, 기준수익률 연 4.0%, 모집금액 4000억원 규모로, 기업대출·회사채·인수금융 등 기업금융(IB) 자산 중심으로 운용된다. 만기까지 보유 시 NH투자증권이 원금 지급을 약정하는...",https://www.mydaily.co.kr/page/view/2026040618342533971,6,,1
스틸코드 매각 철회 조현상의 딜레마… 음극재 사업 안갯속,수익 안정 유지 등 경쟁력 강화 선택 음극재 추진 자금 회사채 발행 관측 차후 매각 재추진 가능성 배제 못해... 회사는 지난해 채무상환자금 등으로 활용하기 위해 회사채를 발행했다. 이번에도 같은 방식으로 현금을...,https://www.asiatoday.co.kr/view.php?key=20260407010001753,4,,1
"우리투자증권, 주가 예측 게임 '위비킬샷' 실시 外","이번에 출시된 'N2 IMA1 중기형 1호'는 투자기간 2년 6개월, 기준수익률 연 4%, 모집금액 4000억 원 규모로, 기업대출·회사채·인수금융 등 기업금융(IB) 자산 중심으로 운용된다. 만기까지 보유 시 NH투자증권이 원금...",https://www.rcast.co.kr/news/articleView.html?idxno=30451,7,,1
HDC그룹 중심축으로 거듭난 통영에코파워…수익급증에도 짠물경영 본격...,"한국신용평가 관계자는 ""통영에코파워는 연도별 PF 원리금 상환과 회사채 금융비용으로 연간 800억~900억원이 소요되지만, 약 900억원 내외의 용량요금 수입을 바탕으로 이에 대응할 수 있다""며 ""용량요금 수입 외에도...",https://www.asiatoday.co.kr/view.php?key=20260401010009759,9,,1
한투·미래에셋 이어 NH증권도 IMA 1호 '완판',"한국투자증권이 대규모 자금을 조달해 기업대출과 회사채, 인수금융 등 기업금융 위주로 운용하는 반면... 한국기업평가, 한국신용평가, 나이스신용평가는 올해 초 기준으로 NH투자증권 회사채 신용등급을 모두...",https://news.bizwatch.co.kr/article/market/2026/04/06/0031,6,,1
"SKC 유상증자 1조 조달 쉽지 않아, 김종우 결국 'SK넥실리스' 매각 검토...","회사채 금리의 기준점이 되는 3년 만기 국고채 금리도 올해 들어 0.5%포인트 가까이 오른 상황이라, 높은 이자 비용도 걸림돌이 됐을 것으로 관측된다. 지난해 회사는 이자비용으로만 1670억 원을 지출했다. 회사는 오는...",https://www.businesspost.co.kr/BP?command=article_view&num=435061,5,,1
"SOXL, 급락 때 샀다 2일만에 29% 차익 매도…나스닥지수 저가 매수[서학...",이어 미국의 만기 1~3년짜리 투자적격 등급 회사채에 투자하는 SPDR 포트폴리오 단기 회사채 ETF(SPSB)가 5396만달러 순매도됐다. 지난 3월12~18일 사이에 이뤄졌던 5408만달러의 순매수 대부분이 청산된 셈이다....,https://www.mt.co.kr/world/2026/04/06/2026040612250035085,5,,1
NH투자증권 1호 IMA 상품 4000억 완판,"기업대출·회사채·인수금융 등 기업금융(IB) 자산 중심으로 운용되며, 만기까지 보유 시 NH투자증권이 원금 지급을 약정하는 구조다. IMA는 고객 예탁금을 기업금융 자산에 투자해 수익을 돌려주는 상품으로, 기관...",https://www.newspim.com/news/view/20260406001233,6,,1
"NH투자증권, 4000억 규모 IMA 1호 상품 완판",해당 상품은 기업대출·회사채·인수금융 등 기업 금융(IB) 자산 중심으로 운용된다. 만기까지 보유할 경우 NH투자증권이 원금 지급을 약정하는 구조다. NH투자증권은 IMA 상품 완판 배경으로 IB 부문의 경쟁력을...,https://biz.chosun.com/stock/stock_general/2026/04/06/VP2OWYVQSRGORJEEP2DH7WCX3Y/?utm_source=naver&utm_medium=original&utm_campaign=biz,6,,1
"NH투자증권 IMA 1호, 일주일 만에 4000억 원 완판","만기 2년 6개월, 기준수익률 연 4%로 설정된 해당 상품은 기업대출·회사채·인수금융 등 기업금융(IB) 자산 중심으로 운용된다. 만기까지 보유 시 NH투자증권이 원금 지급을 약정하는 구조다. NH투자증권의 4000억 원...",https://www.sedaily.com/article/20028990?ref=naver,6,,1
"NH투자증권, IMA 1호 완판…4000억 모집","이번에 출시된 'N2 IMA1 중기형 1호'는 투자기간 2년 6개월, 기준수익률 연 4%, 모집금액 4000억원 규모로, 기업대출·회사채·인수금융 등 기업금융(IB) 자산 중심으로 운용된다. 만기까지 보유 시 NH투자증권이 원금 지급을...",https://news.dealsitetv.com/articles/168176,6,,1
NH 1호 IMA 4천억 '완판'…年4.0% 수익 노리는 상품,"0%, 모집금액 4000억원 규모다. 기업대출·회사채·인수금융 등 기업금융 자산 중심으로 운용된다. 만기까지 보유 시 NH투자증권이 원금 지급을 약정하는 구조다.",https://www.mk.co.kr/article/12009424,6,,1
"NH투자증권, 첫 IMA 'N2 IMA1 중기형 1호' 4000억 완판","이번에 출시된 'N2 IMA1 중기형 1호'는 투자기간 2년 6개월, 기준수익률 연 4.0%, 모집금액 4000억원 규모로, 기업대출·회사채·인수금융 등 기업금융(IB) 자산 중심으로 운용된다. 만기까지 보유 시 NH투자증권이 원금...",https://www.ezyeconomy.com/news/articleView.html?idxno=234418,6,,1
"NH투자증권, 1호 IMA 상품 4000억원 규모 '완판'","이번에 출시된 'N2 IMA1 중기형 1호'는 투자 기간 2년 6개월, 기준수익률 연 4.0%, 모집 금액 4000억원 규모로 기업대출·회사채·인수금융 등 기업금융(IB) 자산 중심으로 운용되는 상품이다. 만기까지 보유시...",https://www.mediapen.com/news/view/1091605,6,,1
"NH투자증권, 첫 IMA 상품 4000억원 모집 완료","기업대출과 회사채, 인수금융 등 기업금융(IB) 자산 중심으로 운용되며, 만기 보유 시 NH투자증권이 원금 지급을 약정하는 구조다. NH투자증권은 검증된 IB 경쟁력과 자본력을 바탕으로 투자자 신뢰를 확보했다고...",http://www.srtimes.kr/news/articleView.html?idxno=200495,6,,1
NH證 IMA 1호 4000억 완판…‘개인 자금의 IB화’ 신호탄,"이번 상품은 투자기간 2년 6개월, 기준수익률 연 4.0%로 설계됐으며 기업대출, 회사채, 인수금융 등 기업금융(IB) 자산에 집중 투자하는 구조다. 특히 만기 보유 시 NH투자증권이 원금 지급을 약정해 안정성을 확보한...",http://www.metroseoul.co.kr/article/20260406500617,6,,1
"[생산적금융 리더④] 진옥동 신한금융 회장 ""유망기업, 신한이 먼저 찾...","하건형 신한투자증권 연구원은 ""생산적금융은 크게 국민성장펀드, 정책금융, 모험자본, 제도 개편 등 네 가지 축으로 볼 수 있다""며 ""기존 금융지주사들은 모험자본을 중심으로 접근해 왔는데, 이 경우 회사채 등 부채성...",https://www.insightkorea.co.kr/news/articleView.html?idxno=244170,5,,1
"NH투자증권, IMA 1호 상품 완판…""생산적 금융 확대 기여""","이번에 출시된 'N2 IMA1 중기형 1호'는 투자기간 2년 6개월, 기준수익률 연 4.0%, 모집금액 4000억원 규모로, 기업대출·회사채·인수금융 등 기업금융(IB) 자산 중심으로 운용된다. 만기까지 보유 시 NH투자증권이 원금...",https://www.etoday.co.kr/news/view/2573202,6,,1
"NH투자증권, IMA 1호 상품 'N2 IMA1 중기형 1호' 4000억원 완판","이번에 출시된 'N2 IMA1 중기형 1호'는 투자기간 2년 6개월, 기준수익률 연 4.0%, 모집금액 4000억원 규모로, 기업대출·회사채·인수금융 등 IB(기업금융) 자산 중심으로 운용된다. 만기까지 보유 시 NH투자증권이 원금...",http://www.beyondpost.co.kr/view.php?ud=202604061721359694be44c0aacd_30,6,,1
토스플레이스 첫 회사채 발행…토스 IPO 보조 ‘잰걸음’,"비바리퍼블리카의 결제 단말기 제조 자회사 토스플레이스가 창사 후 처음으로 회사채를 발행했다.... 6일 투자은행(IB) 업계에 따르면 토스플레이스는 1000억원 규모의 회사채를 발행했다. 표면 금리는 5.30%, 만기구조는...",https://www.sedaily.com/article/20028904?ref=naver,12,,1
NH투자증권 첫 IMA 상품 완판…4000억 몰렸다,"이 상품은 투자기간 2년 6개월, 기준수익률 연 4.0% 수준으로 설계됐으며 기업대출과 회사채, 인수금융 등 기업금융(IB) 자산 중심으로 운용된다. IMA는 투자자의 예탁금을 기업금융 자산에 투자하고 운용 성과를...",https://news.tf.co.kr/read/economy/2310171.htm,6,,1
"금리 막히자 전략 전환…SBI·웰컴, 디지털로 활로 모색","당시 금융위는 유가증권 투자 한도 완화를 시사하며 주식 투자 한도를 자기자본의 50%에서 100%로 확대하고, 비상장 주식·회사채는 10%에서 20%, 집합투자증권은 20%에서 40%까지 늘리는 방안을 제시했다. 다만 제도 시행...",http://www.edaily.co.kr/news/newspath.asp?newsid=04592006645413496,15,,1
"NH투자증권, IMA 1호 상품 '완판'…4000억원 모집","이번에 출시된 N2 IMA1 중기형 1호는 투자기간 2년 6개월, 기준수익률 연 4.0%, 모집금액 4000억원 규모로, 기업대출·회사채·인수금융 등 기업금융(IB) 자산 중심으로 운용됩니다. 윤병운 NH투자증권 대표는 ""앞으로도...",https://biz.sbs.co.kr/article_hub/20000302370?division=NAVER,6,,1
"NH투자증권, ‘IMA 1호’ 4000억 완판","6일 NH투자증권에 따르면 ‘N2 IMA1 중기형 1호’는 투자기간 2년 6개월, 기준수익률 연 4.0%, 모집금액 4000억원 규모로 기업대출·회사채·인수금융 등 기업금융(IB) 자산 중심으로 운용된다. 만기까지 보유하면...",https://www.dailian.co.kr/news/view/1630212/?sc=Naver,6,,1
이자비용만 4.6조 육박…고금리 직격탄 맞은 카드업계,신한·우리·롯데카드는 일반 회사채보다 금리가 상대적으로 낮은 해외 자산유동화증권(ABS)을 잇달아 발행했다. 현대카드와 KB국민카드 역시 국내에서 발행하는 외화 표시 채권인 ‘김치본드’를 찍으며 조달처...,https://www.dnews.co.kr/uhtml/view.jsp?idxno=202604061430498140119,7,,1
"NH투자증권, IMA 1호 상품 완판...4000억원 모집","지난달 출시된 'N2 IMA1 중기형 1호'는 투자기간 2년 6개월, 기준수익률 연 4.0%, 모집금액 4000억원 규모로 기업대출·회사채·인수금융 등 기업금융(IB) 자산 중심으로 운용된다. 만기까지 보유하면 NH투자증권이 원금...",http://www.fnnews.com/news/202604061630554939,6,,1
"NH투자증권, IMA 1호 상품 4000억원 완판","기업대출·회사채·인수금융 등 기업금융(IB) 자산 중심으로 운용된다. 만기까지 보유 시 NH투자증권이 원금 지급을 약정하는 구조로, 안정성과 수익성을 균형 있게 갖춘 설계가 투자자들의 호응을 이끌었다....",https://www.job-post.co.kr/news/articleView.html?idxno=212717,6,,1
"NH투자증권, IMA 4천억 완판···자본시장 판 흔든다","그동안 사모와 기관의 영역으로 여겨지던 기업 대출, 회사채, 인수금융 등 기업금융 자산에 개인 자본이 직접 유입되기 시작했다. 이는 개인 투자자의 자산 배분 전략을 다변화하는 동시에, 기업이 자금을 조달하는...",https://www.enetnews.co.kr/news/articleView.html?idxno=48570,6,,1
"NH투자, 4천억 규모 'IMA 1호' 완판…""생산적 금융 확대 기여""","이번에 출시된 'N2 IMA1 중기형 1호'는 투자 기간 2년 6개월, 기준수익률 연 4.0%, 모집 금액 4천억원 규모로, 기업대출·회사채·인수금융 등 기업금융(IB) 자산 중심으로 운용된다. 만기까지 보유시 NH투자증권이 원금...",https://www.yna.co.kr/view/AKR20260406139800008?input=1195m,6,,1
"NH투자증권, '4000억 원' IMA 1호 상품 완판","기업대출, 회사채, 인수금융 등 기업금융(IB) 자산에 주로 투자하는 구조다. 'N2 IMA1 중기형 1호'도 기업대출과 회사채, 인수금융 등 IB 자산 중심으로 운용된다. NH투자증권은 만기까지 보유하면 원금 지급을 약정하는...",http://www.popcornnews.net/news/articleView.html?idxno=117612,6,,1
"NH투자증권, IMA 1호 상품 'N2 IMA1 중기형 1호' 완판","이번에 출시된 'N2 IMA1 중기형 1호'는 투자기간 2년 6개월, 기준수익률 연 4.0%, 모집금액 4,000억원 규모로, 기업대출·회사채·인수금융 등 기업금융(IB) 자산 중심으로 운용된다. 만기까지 보유 시 NH투자증권이 원금...",http://www.thefirstmedia.net/news/articleView.html?idxno=197292,6,,1
NH투자증권 '1호 IMA' 4천억원 완판,"기업대출·회사채·인수금융 등 기업금융(IB) 자산 중심으로 운용된다. 만기까지 보유 시 NH투자증권이 원금 지급을 약정하는 구조다. NH투자증권 관계자는 ""안정성과 수익성을 균형 있게 갖춘 설계가 투자자들의...",https://news.einfomax.co.kr/news/articleView.html?idxno=4407965,6,,1
"NH투자증권, IMA 1호 상품 'N2 IMA1 중기형 1호' 4000억 완판","N2 IMA1 중기형 1호는 투자기간 2년 6개월, 기준수익률 연 4.0%, 모집금액 4000억원 규모로 기업대출·회사채·인수금융 등 기업금융(IB) 자산 중심으로 운용된다. 만기까지 보유 시 NH투자증권이 원금 지급을 약정하는...",http://www.smedaily.co.kr/news/articleView.html?idxno=355143,6,,1
"NH투자증권, IMA 1호 상품 4천억원 완판","이번에 출시된 'N2 IMA1 중기형 1호'는 투자기간 2년 6개월, 기준수익률 연 4.0%, 모집금액 4천억원 규모로, 기업대출·회사채·인수금융 등 기업금융(IB) 자산 중심으로 운용된다. 만기까지 보유 시 NH투자증권이 원금...",http://www.globalepic.co.kr/view.php?ud=2026040616412016037cc35ccc5c_29,6,,1
"NH투자증권, IMA 성공적 데뷔..4000억 1호 판매 완료","'N2 IMA1 중기형 1호'는 투자기간 2년 6개월, 기준수익률 연 4.0%, 모집금액 4,000억원 규모로, 기업대출·회사채·인수금융 등 기업금융(IB) 자산 중심으로 운용된다. 만기까지 보유 시 NH투자증권이 원금 지급을...",https://www.smarttoday.co.kr/ko-kr/articles/106204,6,,1
"NH투자증권, IMA 1호 4000억 완판···모험자본 공급 확대 본격화","IMA는 투자자의 예탁금을 기업대출, 회사채, 인수금융 등 기업금융 자산에 운용하고 그 성과를 공유하는 구조다. 그간 기관투자자 중심이던 투자 영역을 개인에게 확장했다는 점에서 자본시장 구조 변화의 일환으로...",https://www.seoulfn.com/news/articleView.html?idxno=625750,6,,1
"NH투자증권, 첫 IMA 4000억원 완판… IB 경쟁력 입증","이번 상품은 투자기간 2년 6개월, 기준수익률 연 4%로 기업대출, 회사채, 인수금융 등 기업금융(IB) 자산 중심으로 운용된다. 만기 보유 시 원금 지급을 약정하는 구조로 안정성과 수익성을 동시에 갖춘 점이 투자...",http://www.biztribune.co.kr/news/articleView.html?idxno=351912,6,,1
"NH투자증권, IMA 1호상품 4000억원 판매 완료",기업대출·회사채·인수금융 등 기업금융(IB) 자산 중심으로 운용됩니다. 만기까지 보유하면 NH투자증권이 원금 지급을 약정하는 구조입니다. 국내와 글로벌시장 변동성이 확대되는 환경속에서 안정적인 투자대안을...,https://www.inthenews.co.kr/news/article.html?no=85249,6,,1
"NH투자증권, IMA 1호 상품 4000억 완판","기업대출·회사채·인수금융 등 기업금융(IB) 자산 중심으로 운용된다. 만기까지 보유하면 NH증권이 원금 지급을 약정하는 구조로, 안정성과 수익성을 균형 있게 갖춘 설계가 투자자들의 호응을 이끌었다. 시장...",https://www.newsis.com/view/NISX20260406_0003579854,6,,1
"NH투자증권, IMA 1호 완판…생산적 금융 역할 본격화","기업대출, 회사채, 인수금융 등 기업금융(IB) 자산 중심으로 운용되며 만기 보유 시 원금 지급을 약정하는 구조를 갖췄다. 시장 변동성이 확대되는 환경에서 안정성과 수익성을 동시에 추구할 수 있다는 점이 투자...",https://www.dt.co.kr/article/12055976?ref=naver,6,,1
"NH투자증권, ‘N2 IMA1 중기형 1호’…4000억 완판","이번에 출시된 ‘N2 IMA1 중기형 1호’는 투자기간 2년 6개월, 기준수익률 연 4.0%, 모집금액 4000억원 규모로, 기업대출·회사채·인수금융 등 기업금융(IB) 자산 중심으로 운용된다. 만기까지 보유 시 NH투자증권이 원금...",http://www.segyebiz.com/newsView/20260406514553?OutUrl=naver,6,,1
"'개미'에게 열린 기업금융의 문…NH투자증권, 1호 IMA '4000억 완판'의 의...","IMA는 고객 예탁금을 기업대출, 회사채, 인수금융 등 기업금융 자산에 집중 투자하고 그 성과를 고객에게 돌려주는 상품이다. 기존의 발행어음이 증권사 자체 신용을 바탕으로 한 조달 수단이었다면 IMA는 개인의 자금을...",https://www.thefairnews.co.kr/news/articleView.html?idxno=73598,9,,1
"조웅기 前 미래에셋 부회장, PEF 대표로 자본시장 컴백","당시 미래에셋대우는 대기업 회사채 발행과 유상증자, 기업공개(IPO) 주관 실적에서 상위권을 유지했고 해외 부동산과 대체투자 확대를 통해 IB 수익 기반도 넓혔다. 조 전 부회장은 증권사 전체 자본시장 플랫폼을 운영한...",https://www.newstopkorea.com/news/articleView.html?idxno=44266,12,,1
NH證 IMA 1호 상품 'N2 IMA1 중기형 1호' 완판,"이번에 출시된 'N2 IMA1 중기형 1호'는 투자기간 2년 6개월, 기준수익률 연 4.0%, 모집금액 4,000억원 규모로, 기업대출·회사채·인수금융 등 기업금융(IB) 자산 중심으로 운용된다. 만기까지 보유 시 NH투자증권이 원금...",https://www.sentv.co.kr/article/view/sentv202604060186,6,,1
"NH투자증권, IMA 1호 상품 완판…4000억원 모집 완료","이 상품은 투자 기간 2년 6개월, 기준수익률 연 4.0% 구조로 설계됐으며, 기업대출과 회사채, 인수금융 등 기업금융(IB) 자산 중심으로 운용된다. 만기까지 보유할 경우 NH투자증권이 원금 지급을 약정하는 구조다. IMA는...",http://www.edaily.co.kr/news/newspath.asp?newsid=04349286645413496,6,,1
"NH투자증권, IMA 1호 '완판'...4000억 모집","기업대출·회사채·인수금융 등 기업금융(IB) 자산 중심으로 운용되며 만기까지 보유 시 NH투자증권이 원금 지급을 약정하는 구조로, 안정성과 수익성을 균형 있게 갖췄다. 국내 및 글로벌 시장 변동성이 확대되는...",https://www.mt.co.kr/stock/2026/04/07/2026040616054072397,6,,1
"NH증권, 1호 IMA 4천억 ‘완판’",기업대출·회사채·인수금융 등 기업금융(IB) 자산 중심으로 운용된다. 만기까지 보유 시 NH투자증권이 원금 지급을 약정하는 구조다. NH투자증권은 이번 IMA 출시를 계기로 개인자산관리 시장을 확대하는 동시에...,https://www.mk.co.kr/article/12009239,6,,1
[증권가로수]신한증권/한양증권/우리투자증권/한투증권/키움증권/NH투자...,"이번에 출시된 ‘N2 IMA1 중기형 1호’는 투자기간 2년 6개월, 기준수익률 연 4.0%, 모집금액 4000억원 규모로, 기업대출·회사채·인수금융 등 기업금융(IB) 자산 중심으로 운용된다. 만기까지 보유 시 NH투자증권이 원금...",https://www.dnews.co.kr/uhtml/view.jsp?idxno=202604060836160450018,6,,1
"[바로잡습니다] '현대건설, 회사채 시장서 저금리 강요' 기사 관련","는 4월 3일 게재한 기사(""'언더 7' 아니면 나가""…현대건설, 회사채 시장서 저금리 강요)에서 ""현대건설이 회사채 발행 과정에서 주관사의 금리 하향을 노골적으로 압박했다""는 취지로 보도했습니다. 이에 대해 현대건설은...",https://www.bloter.net/news/articleView.html?idxno=658708,5,,1
"[경제소식] 신한투자증권 ""신한Premier 워크플레이스 WM, 성장세""","이번에 출시된 'N2 IMA1 중기형 1호'는 투자기간 2년 6개월, 기준수익률 연 4.0%, 모집금액 4000억원 규모로, 기업대출·회사채·인수금융 등 기업금융(IB) 자산 중심으로 운용된다. 만기까지 보유 시 NH투자증권이 원금 지급을...",http://www.4th.kr/news/articleView.html?idxno=2110049,6,,1
"CJ프레시웨이, 실적과 재무 체력 '두 토끼' 잡고 공모채 발행 채비",CJ프레시웨이가 안정적인 실적과 재무 체력 개선에 힘입어 1년 만에 다시 공모 회사채 발행에 나선다. 최근 외식물가 상승으로 구내식당 등 단체급식 수요가 늘어나면서 외형 성장세도 두드러지고 있어 이번 공모채...,https://www.bloter.net/news/articleView.html?idxno=658696,5,,1
[오늘의 채권ㆍ외환 메모] (04월06일),"1,200억원 ▲회사채 100억원 ▲공사채 700억원 ◇채권 만기 ▲은행채 500억원 ▲여전채 1,300억원 ▲회사채 2,400억원 ▲공사채 2,600억원 ◇채권 입찰 ▲국고채 3년 31,000억원 입찰 ▲통안채 91일물 5,000억원...",https://news.einfomax.co.kr/news/articleView.html?idxno=4407833,9,,1
"“240조 유동성 어디로”…ETF 2배 성장, 단기채로 쏠렸다",반면 회사채 ETF 규모는 같은 기간 7.1조 원에서 6.6조 원으로 감소세를 보이며 대비를 이뤘다. 이는 투자자들이 변동성이 큰 자산보다 안정적인 단기 자산으로 이동하는 흐름이 강화된 결과로 해석된다. ● 왜 단기채로...,https://www.donga.com/news/Economy/article/all/20260403/133672118/2,7,,1
"""석유대리점, 생존 위기에 직면해 있다""",협회에 따르면 카드수수료가 40여 년 '정률제'로 운영되고 있어 유가가 오를수록 국민과 주유소 부담은 커지는 데 카드사 수익은 오히려 늘어나는 구조적 모순이 있다. 이는 주유소 판매가 인하 여력을 더욱 약화시키고 결국...,http://www.energydaily.co.kr/news/articleView.html?idxno=166071,4,,1
[사설] 고유가 대응하면서 석유 유통구조도 개혁을,"소비자와 주유소는 고유가의 고통을 겪는 반면, 카드사만 반사이익을 누린다는 것이다. 고유가 시기에 수수료율 조정 등 다양한 방안이 필요한지 논의해야 한다. 원유 확보가 중요하지만 국내 유통망이 흔들리면 가격...",http://www.fnnews.com/news/202604061831263009,4,,1
"하나·신한카드, 트래블카드 점유율 격차 2.6%p… 5월 연휴 관건",특히 신한의 라운지 혜택은 트래블 카드 전쟁의 성격을 '수수료 전쟁'에서 '부가 서비스 전쟁'으로 바꾼... 이용실적은 '전월 실적 30만 원'이라는 타 카드사 대비 현실적인 조건이다. 실제 결과도 즉각적이었다. 2024년...,http://www.sisaon.co.kr/news/articleView.html?idxno=182132,5,,1
석유유통협회 '최고 가격제'로 유통망 붕괴 우려... '긴급 호소문' 발표,"협회는 ""현재 카드 수수료가 40여년 간 '정률제'로 운영 중이라 유가가 오를수록 국민과 주유소 부담은 커지는 반면 카드사 수익은 오히려 늘어나는 구조적 모순이 있다""며 ""이는 주유소 판매 가격 인하 여력을 더욱...",https://www.todayenergy.kr/news/articleView.html?idxno=296231,4,,1
가맹점 수수료↓ 카드론 규제↑…신용카드사 수익구조 ‘흔들’,카드사들은 수수료 수익 감소를 보완하기 위해 카드론을 확대해왔다. 그러나 최근 금융당국이 카드론을 규제 범위에 포함시키면서 상황이 달라지고 있다. 당국은 기존 ‘기타대출’로 분류되던 카드론을...,https://www.ceoscoredaily.com/page/view/2026040616151750580,9,,1
"주유업계, 카드수수료 또 내려달라는데…카드업계 냉가슴",주유소업계 관계자는 “을지로위원회에 소속된 의원들은 카드사들을 불러서라도 추후 카드수수료율 인하를 추진할 의지를 보이고 있다”고 말했다. 을지로위원회 소속 정진욱 더불어민주당 의원실은 “시간을 두고...,http://www.edaily.co.kr/news/newspath.asp?newsid=04703526645413496,4,,1
"에프아이티 ""직승인 플랫폼 DAP로 카드 결제 수수료 혁신 이끈다""","일부 대형 법인 가맹점의 경우 수수료 절감을 위해 카드사와 직접 연결하는 '표준직승인' 방식을 도입하기도 하지만, 이는 높은 IT 개발 비용과 운영 관리 부담으로 인해 일반 가맹점이 접근하기에는 현실적인 한계가...",http://www.seoulwire.com/news/articleView.html?idxno=715442,6,,1
금리 다시 뛰자 카드사들 조달 조였다… 카드채 석달째 순상환,"카드업계는 이미 가맹점 수수료 인하와 카드론 규제 강화 등으로 수익성 압박을 받고 있다. 이런 상황에서 시장금리까지 다시 오르면서, 당분간 카드사들의 보수적 조달 기조가 이어질 가능성이 크다는 관측이...",https://www.s-journal.co.kr/news/articleView.html?idxno=40242,8,,1
"[취재후일담] 정유사 대리점 적자유통…""횡재세 논의 웬말""","최고가격제 도입 후 유통망 붕괴 가속화 40년 고정 1.5% 카드수수료, 고유가 시기 카드사만 특수 횡재세 논의보다 시급한 것은 유통 생태계 정상화 중동 전쟁 장기화에 유가가 치솟자 '횡재세' 도입 논의가 다시 고개를...",https://www.asiatoday.co.kr/view.php?key=20260406010001656,4,,1
"[인니로 나아가는 한국금융] ①신한·우리·BC카드, 인니서 결제망 선점...","직접 카드 사업에 뛰어들기보다는, 결제 인프라와 플랫폼을 공급하는 방식이다. BC카드는 자체 회원 기반보다는 은행과 가맹점에 결제망과 프로세싱 서비스를 제공해 수수료를 얻는 B2B 중심 구조를 갖고 있다. 이...",http://www.opinionnews.co.kr/news/articleView.html?idxno=136311,6,,1
석유대리점 “최고가격제에 유통망 흔들”… 정부에 공급가 인하 촉구,유가 상승 시 카드사 수익이 함께 늘어나는 주유소 카드 수수료 체계도 개선이 필요하다고 요구했다. 해당 수수료 체계는 지난 40년간 매출액의 1.5%를 부과하는 정률제로 운영돼 왔다. 협회는 정률제 카드 수수료 체계가...,https://sateconomy.co.kr/news/view/1065584019939300,4,,1
카카오모빌리티·우버택시 갑질에 ‘불만 급증’… 택시호출 시장서 틈...,기사가 내는 유일한 비용은 카드 결제 시 발생하는 일반 카드사 수수료(약 1~2%)뿐이다. 특히 기사 수락률과 배차 속도 측면에서 경쟁력이 부각된다. 수수료 부담이 없다 보니 기사들이 호출을 적극적으로 수락하고...,https://biz.chosun.com/it-science/ict/2026/04/06/BZEPXMHTDNC4RPBD5GDEK4AV4M/?utm_source=naver&utm_medium=original&utm_campaign=biz,4,,1
"'이란 사태' 석유대리점 ""최고가격제로 폐업위기…공급가 인하해야"" 호...","협회에 따르면, 2025년 주유소 총매출액은 약 58조1062억원, 신용카드 수수료는 8280억원 수준으로 추정된다. 또 유가가 200원 오를 때마다 카드사의 추가 수익은 약 1038억원씩 늘고 유가가 2000원 수준에서 지속되면...",https://www.shinailbo.co.kr/news/articleView.html?idxno=5008234,4,,1
"[이슈] ""팔수록 손해, 한 달도 못 버텨""… 4,000곳 공급 '석유 대리점' 비...",40년 된 '정률제 카드 수수료'도 도마 위 고유가 시기에 오히려 수익이 느는 카드사 수수료 체계에 대한 비판도 제기됐다. 매출액의 1.5%를 떼가는 현행 정률제 방식은 유가가 오를수록 주유소의 부담을 가중하고 카드사의...,https://www.polinews.co.kr/news/articleView.html?idxno=727632,4,,1
'중앙과 호남을 잇는 경제통' 광주 원도심을 AI 밸리로 [여의도 교차로...,카드사나 은행이 필요가 없는 거죠.그렇지만 이게 문제는 뭐냐 하면 기존의 자금 결제 시스템을 파괴하는 거... 그러면서 우리가 원화 스테이블코인을 썼을 때 약간의 수수료라든가 이런 부분에 대해서 인센티브를...,https://news.mtn.co.kr/news-detail/2026040611410223062,8,,1
"석유유통협회 ""최고가격제, 대리점 위기…유통망 붕괴 경고""",현재 주유소 카드수수료율은 약 1.5% 수준으로 40년 가까이 정률제로 유지되고 있는데 유류세까지 포함된 금액에 수수료가 부과되면서 실제 부담은 3% 안팎에 달한다. 유가가 상승할수록 카드사 수익은 증가하는 반면...,https://www.econovill.com/news/articleView.html?idxno=736164,4,,1
[시론] '금융의 칸막이'를 넘어 '디지털 상생'으로,스테이블코인 도입에 따른 수수료 절감은 일방적인 희생을 강요하는 제로섬 게임이 아니다. 블록체인 기반의 실시간 정산 시스템은 은행과 카드사의 백오피스 운영 비용 및 부정 거래 탐지 비용을 획기적으로 낮출 수...,https://www.sentv.co.kr/article/view/sentv202604060088,8,,1
석유대리점업계 “최고가격제에 유통망 붕괴 위기…공급가 인하해야”,협회는 “유가가 오를수록 국민과 주유소 부담은 커지는 데 카드사 수익은 오히려 늘어나는 구조적 모순이 있다”며 “고유가 기간에는 수수료율을 0.8~1.2% 수준으로 한시 인하해야 한다”고 주장했다.,https://www.busan.com/view/busan/view.php?code=2026040610122638742,4,,1
"""한 달도 못 버틴다"" 석유대리점 비명…유통협회, 도매가 인하 긴급 호...",아울러 협회는 주유소 카드 수수료 체계 개선도 요구했다. 현재는 매출액 대비 1.5% 정률제로 운영돼 유가가 오를수록 카드사 수익이 늘어나 주유소 판매가 인하 여력을 악화시키고 있다는 것이다. 협회는 고유가 기간에는...,https://www.fntoday.co.kr/news/articleView.html?idxno=381585,4,,1
"""더는 못 버텨""…석유유통협회, 공급가·카드수수료 대책 촉구",협회는 현재 주유소 카드수수료율이 40년 가까이 정률제로 운영되면서 유가가 오를수록 카드사 수익은 늘고 주유소 부담은 커지는 구조라고 지적했다. 협회는 고유가 기간에 한해 카드수수료율을 탄력적으로 낮춰야...,https://zdnet.co.kr/view/?no=20260403195349,4,,1
"“한 달도 못 버틴다”…석유유통협회, 대리점 공급가 인하 촉구",협회는 “지난 40년간 매출액 대비 1.5% 정률제로 운영되면서 유가 상승 시 카드사 수익이 함께 증가하는 구조”라며 “고유가 기간에는 수수료율을 유가 수준에 따라 0.8~1.2%로 한시 인하할 필요가 있다”고 제안했다....,http://www.fnnews.com/news/202604060820268289,4,,1
"[코스피·코스닥,대우건설 SK가스 한화에어로스페이스 대양금속 데이타...","▲한화에어로스페이스(012450) :  ""방산 경쟁력 강화 및 기업가치 제고를 위해 풍산의 탄약사업부문을 포함한 다양한 사업 기회를 지속적으로 검토하고 있다""고 공시 ▲대양금속(009190)=상상인저축은행...",https://www.public25.com/news/articleView.html?idxno=43502,11,,1
"산하에코종합건설, 다올저축은행과 MOU… LH 매입약정사업 금융지원 확...",산하에코종합건설 이정관 대표이사(오른쪽)와 다올저축은행 김정수 대표이사가 지난 1일 'LH매입약정 사업 추진을 위한 상호협력' 양해각서(MOU) 체결 후 기념 사진을 촬영하고 있다. 산하에코종합건설(대표이사 이정관)은...,http://www.ikld.kr/news/articleView.html?idxno=332337,8,,1
저축은행도 양극화…순이익 OK·SBI에 쏠렸다,저축은행 순이익의 대부분이 상위권에 집중된 것으로 나타났다. 저축은행 로고 이미지./저축은행중앙회 지난해 저축은행 상위 20곳의 순이익이 전년 대비 50배 불어난 가운데 순이익의 80%가 오케이(OK)...,http://www.metroseoul.co.kr/article/20260407500062,8,,1
페로타임즈 손바닥뉴스 4월 7일(화),"7억톤…대동, 특수강 1만엔 인상 상상인저축은행, 대양금속 지분 12.68% CB 확보 대우건설, 용인·마포 잇단 수주…정비사업 2兆 돌파 포스코청암재단, '제18기 포스코사이언스펠로십' 모집…환경분야 신설 현대제철...",http://www.ferrotimes.com/news/articleView.html?idxno=47300,7,,1
"상상인저축은행, 대양금속 지분 12.68% CB 확보",사진=대양금속 공장 내부 상상인저축은행이 전환사채 인수를 통해 대양금속 지분 12% 이상을 확보한 것으로 나타났다. 상상인저축은행은 3월 30일 기준 대양금속 주식 812만6934주(발행주식총수의 12.68%)를 보유하게 됐다고...,http://www.ferrotimes.com/news/articleView.html?idxno=47288,8,,1
AI 활용 구조 분화…보험·저축은행으로 확산되는 금융 AX,"보험업에서는 심사와 상품 설계 중심으로, 저축은행에서는 고객 접점과 내부 업무 효율화 중심으로 도입이 진행되며, 업권별 데이터 구조와 업무 특성에 따라 AI 적용 방식이 달라지는 양상이다. 보험업권에서는 도입...",https://www.e-science.co.kr/news/articleView.html?idxno=128873,8,,1
초고가 등록임대 아파트 절반이상 대출규제 '무풍지대'[부동산AtoZ],"과거 집주인은 시중 은행이나 저축은행으로부터 자금을 융통했는데 지금은 다 갚은 것으로 파악된다. 서초구 방배동 방배3차 e편한세상에도 83평형 임대주택이 한 채 등록돼 있는데, 근저당권이 설정돼 있지 않다. 한...",https://view.asiae.co.kr/article/2026040623233907805,8,,1
"[N2 모닝 경제 브리핑-4월 7일] 美증시, 중동 종전 기대감에 일제히 상승...",상상인저축은행이 전환사채 신규 인수로 지분 12.68% 확보 - 한국유니온제약(080720) : 서울남부지방법원에 상장폐지 결정 관련 효력정지 가처분 신청 - 삼천당제약(000250) : 보통주 26만5700주에 대한 시간외매매...,https://www.news2day.co.kr/article/20260406500129,7,,1
"[금융 이모저모] BNK부산은행, 경남은행, KB 저축은행","KB 저축은행, 이자 부담 낮춘 다이렉트 대출 선보여 금리 상승 기조가 이어지며 금융 소비자의 이자 부담이 커지는 가운데, KB 저축은행은 중저신용자의 금융 부담을 낮추기 위한 비대면 다이렉트 채널 전용 대출 상품 5...",http://www.worktoday.co.kr/news/articleView.html?idxno=83467,10,,1
"하나금융 생활 금융 플랫폼 '하나머니', 하나손보·핀크·GLN 합류 ... 금...",기존에도 '하나머니'는 하나은행‧하나증권‧하나카드‧하나캐피탈‧하나생명‧하나저축은행 등 6개 관계사가 참여해 하나금융그룹만의 차별화된 금융 서비스를 제공해 왔다. 이번 3개사의 합류를 통해 그룹 관계사...,http://www.worktoday.co.kr/news/articleView.html?idxno=83466,11,,1
"세경하이테크 최대주주 에스지에이치홀딩스, 세경하이테크 주식등의 수...","이 외 주요 내용으로 에스지에이치홀딩스는 신한투자증권, IBK캐피탈, 한국산업은행 동탄지점, 신한캐피탈, 에스비아이저축은행, OK저축은행과 주식근질권설정계약을 2025년 3월 31일 체결했으며 대상 주식등의 수는...",https://www.digitaltoday.co.kr/news/articleView.html?idxno=654098,11,,1
은행권 스테이블코인 경쟁 본격화…디지털 지급결제 판 바뀌나,같은 날 연합뉴스에 따르면 BNK·iM금융·SC제일은행·OK저축은행 등과 손잡고 원화 스테이블코인 대응 컨소시엄을 꾸려 공동 대응에 나섰다. 개별 대응보다는 파트너십 기반 생태계 확장이 유리하다는 판단에서다. 하나금융...,https://sateconomy.co.kr/news/view/1065600288607065,9,,1
"제이에스링크 최대주주 주성씨앤에어, 제이에스링크 주식등의 수 96만94...",주성씨앤에어는 상상인저축은행과 근질권설정을 2025년 7월 31일 체결했으며 대상 주식등의 수는 83만4000주다. 상상인플러스저축은행과의 근질권설정은 41만7000주로 기재됐다. 상상인증권과의 근질권설정은...,https://www.digitaltoday.co.kr/news/articleView.html?idxno=654084,8,,1
"한울소재과학 최대주주 루시, 한울소재과학 주식등의 비율 0.1%p 감소…...",아이리니는 상상인저축은행과 주식담보대출을 4월 3일 체결했으며 대상 주식등의 수는 70만2324주다. 라뚜르는 상상인저축은행과 주식담보대출을 4월 3일 체결했으며 대상 주식등의 수는 81만373주다. 종목 시세 정보에...,https://www.digitaltoday.co.kr/news/articleView.html?idxno=654059,9,,1
"한울반도체 최대주주 한울소재과학, 한울반도체 주식등의 수 변동 없어...",이 외 주요 내용으로 한울소재과학은 상상인플러스저축은행과 주식담보대출 계약을 4월 1일 체결했으며 대상 주식등의 수는 433만1000주다. 상상인증권과의 주식담보대출 계약은 3월 6일 체결됐으며 대상 주식등의...,https://www.digitaltoday.co.kr/news/articleView.html?idxno=654058,9,,1
"젬백스 최대주주 젬앤컴퍼니, 젬백스 주식등의 수 5만7066주 감소…총 지...",이 외 주요 내용으로 젬앤컴퍼니는 상상인플러스저축은행과 질권설정을 2월 19일 체결했으며 대상 주식등의 수는 149만주다. 젬앤컴퍼니는 카파아이엔티와 질권설정을 3월 31일 체결했으며 대상 주식등의 수는...,https://www.digitaltoday.co.kr/news/articleView.html?idxno=654036,8,,1
"씨유메디칼 주주 상상인저축은행, 씨유메디칼 주식등의 수 변동 없어…...","씨유메디칼의 주주인 상상인저축은행이 주식등의 수를 1125만7035주로 유지하며, 보유 비율은 15.66%로 보고됐다. 상상인저축은행과 특별관계자 2인의 2026년 3월 30일 기준 씨유메디칼 보유 주식등의 수는 1125만7035주...",https://www.digitaltoday.co.kr/news/articleView.html?idxno=654029,8,,1
"하나금융, 글로벌 QR결제·대출 비교·손보까지..3개 자회사 합류로 '슈...","기존 하나은행·하나증권·하나카드·하나캐피탈·하나생명·하나저축은행 6개 관계사 체제에서, 손해보험·핀테크 비교·글로벌 결제 3개 영역이 추가되며 사실상 금융 전 분야를 커버하게 됐다. 은행·증권·카드·캐피탈...",https://www.insidevina.com/news/articleView.html?idxno=42905,12,,1
[주요공시] 4월 6일 오후,"▲대양금속, 상상인저축은행이 지분 12.68% 취득 =대양금속은 상상인저축은행이 전환사채 신규 인수로 812만6934주(지분율 12.68%)를 신규 취득했다고 6일 공시했다. 상상인저축은행은 보유 목적에 대해 '단순투자 목적...",https://www.ebn.co.kr/news/articleView.html?idxno=1704580,7,,1
脫주담대 압박에…생존모델 찾는 금융권,특히 저축은행 등 2금융권은 제 4의 인터넷은행 지정 등을 희망하며 살길을 모색하고 있다. 6일 국회에서 정치권 주도로 열린 제4인터넷전문은행 설립 논의를 위한 토론회도 이러한 공통된 고민의 일환에서 마련됐다....,http://www.edaily.co.kr/news/newspath.asp?newsid=05106966645413496,8,,1
"대양금속 주주 상상인저축은행, 대양금속 주식등의 수 812만6934주 신규 ...","대양금속의 주주인 상상인저축은행이 이번 보고서를 통해 주식 812만6934주를 신규 보고했다. 이는 대양금속의 주식등의 수로, 지분율은 12.68%다. 상상인저축은행은 전환사채 신규 인수를 통해 대양금속 주식을...",https://www.digitaltoday.co.kr/news/articleView.html?idxno=654005,8,,1
"비스토스 주주 상상인저축은행, 비스토스 주식등의 수 326만869주 신규 보...","상상인저축은행은 비스토스의 주주로서 이번 보고서에서 주식등의 수를 326만869주, 지분율을 12.42%로 신규 보고했다. 보유현황에 따르면 상상인저축은행의 3월 30일 기준 비스토스 보유 주식등의 수는 326만869주, 보유...",https://www.digitaltoday.co.kr/news/articleView.html?idxno=654002,8,,1
"푸른저축은행, 내부회계관리제도 비적정→투자주의환기종목 지정","푸른저축은행(007330)이 내부회계관리제도 비적정 등 사유로 투자주의환기종목으로 지정됐다고 공시했다. 한국거래소 공시에 따르면, 코스닥시장상장규정 제52조 및 동규정시행세칙 제48조(별표 9) 규정을 근거로...",https://www.topstarnews.net/news/articleView.html?idxno=16027075,9,,1
"하나금융그룹, 생활 금융 플랫폼 '하나머니'에 하나손보·핀크·GLN 합류","기존에도 '하나머니'는 하나은행‧하나증권‧하나카드‧하나캐피탈‧하나생명‧하나저축은행 등 6개 관계사가 참여해 하나금융그룹만의 차별화된 금융 서비스를 제공해 왔으며, 이번 3개사의 합류를 통해 그룹 관계사...",https://www.siminilbo.co.kr/news/newsview.php?ncode=1160290945484233,11,,1
"교보생명, SBI저축銀 자회사 편입 완료…지분 동맹 시너지",교보생명이 업계 1위 SBI저축은행의 자회사 편입을 완료했다. 교보생명 2대 주주인 일본 종합투자금융그룹 SBI홀딩스와의 지분 동맹 시너지를 바탕으로 종합금융그룹 도약에 박차를 가할 계획이다. 교보생명은...,https://www.fetv.co.kr/news/article.html?no=216458,8,,1
하나금융 ‘하나머니’에 하나손보·핀크·GLN 합류,"기존에도 ‘하나머니’는 하나은행·하나증권·하나카드·하나캐피탈·하나생명·하나저축은행 등 6개 관계사가 참여해 하나금융그룹만의 차별화된 금융 서비스를 제공해 왔으며, 이번 3개사의 합류를 통해 그룹 관계사...",http://www.segyebiz.com/newsView/20260406516927?OutUrl=naver,11,,1
"[S-이슈] 교보생명, 왜 SBI저축은행 당장 손대지 않나… 독립경영 유지...","교보생명이 SBI저축은행 인수에 속도를 내고 있으면서도, 당분간은 기존 경영 체제를 유지하는 쪽으로 가닥을 잡은 것으로 알려졌다. 인수 직후 조직 개편에 나서기보다 기존 경영진을 앞세워 안정적으로 자회사 편입을...",https://www.s-journal.co.kr/news/articleView.html?idxno=40245,7,,1
"금융사, 서민금융 출연금 1973억 더 낸다","기존 가계대출 잔액 기준으로 부과되던 출연요율은 은행 0.06%, 비은행(보험·상호금융·여전·저축은행) 0.03%였지만, 이번 개정을 통해 은행은 0.1%(+0.04%p), 비은행은 0.045%(+0.015%p)로 각각 인상된다. 이는 금융위가 정책...",https://m.skyedaily.com/news_view.html?ID=301866,19,,1
"하나금융 '하나머니' 참여사 9개로 확장, 하나손보·핀크·GLN 합류",<하나금융그룹> 기존에는 하나은행·하나증권·하나카드·하나캐피탈·하나생명·하나저축은행 등 6개 관계사가 참여했다. 이번에 모두 9개사로 확대된 것이다. 3사 합류에 따라 고객들은 하나머니에서 하나손해보험의...,https://www.businesspost.co.kr/BP?command=article_view&num=435079,11,,1
"KB금융, 스테이블코인 '써클(Circle)' CEO와 회담 및 파트너십 강화 外",기존에도 '하나머니'는 하나은행‧하나증권‧하나카드‧하나캐피탈‧하나생명‧하나저축은행 등 6개 관계사가 참여해 하나금융만의 차별화된 금융 서비스를 제공해 왔다. 이번 3개사의 합류를 통해 그룹 관계사 간의...,https://www.rcast.co.kr/news/articleView.html?idxno=30449,11,,1
"하나금융그룹, ‘하나머니’ 플랫폼 확대…9개사 참여로 금융영토 확장","‘하나머니’는 기존에도 하나은행, 하나증권, 하나카드, 하나캐피탈, 하나생명, 하나저축은행 등 주요 계열사가 참여해 서비스를 제공해 왔으며, 이번 확장을 통해 계열사 간 시너지 강화를 목표로 하고 있다....",https://weekly.cnbnews.com/news/article.html?no=211179,11,,1
"금융회사 서민금융진흥원 출연금, 연 1973억원 늘어난다",공통출연요율이 은행은 0.06%에서 0.1%로 비은행(보험·상호금융·여전·저축은행)은 0.03%에서 0.045%로 오른다. 이에 따라 연간 출연금액은 현행 4348억원에서 6321억원으로 1973억원 늘어난다. 확보된 재원은 정책서민금융...,http://www.bizwnews.com/news/articleView.html?idxno=132636,12,,1
"OK저축은행, 지난해 유가증권 수익 돋보여…향후 수익원 다각화 모색",OK저축은행이 지난해 저축은행업계 당기순이익 1위를 차지했다. 매도 가능 유가증권 처분이익이 전년 대비 5배 급증하며 순이익 증대를 주도했다. 사진=OK저축은행 한국금융경제신문=양지훈 기자 | OK저축은행이...,https://www.kfenews.co.kr/news/articleView.html?idxno=656513,9,,1
"하나금융그룹, 생활 금융 플랫폼 '하나머니' 참여사 확대",기존에도 하나머니는 하나은행·하나증권·하나카드·하나캐피탈·하나생명·하나저축은행 등 6개 관계사가 참여해 하나금융그룹만의 금융 서비스를 제공해 왔다. 하나금융은 이번 3개사 합류를 통해 그룹 관계사 간...,https://www.insnews.co.kr/news/articleView.html?idxno=90081,11,,1
"[르포] ""ISA가 뭐에요?""...겁쟁이 금융 기자의 '절세' 통장 도전기","일단 30만원을 A 저축은행 정기예금에 납입했다. 12개월(1년) 연이율 3.2%로, 신탁보수를 제하면 3.1%의 수익이 발생하게 된다. 1년을 기다리면 9300원이 생긴다. 이날 기준 신한은행에서 가장 금리가 높은 정기예금 상품의...",https://www.financialpost.co.kr/news/articleView.html?idxno=254432,14,,1
"하나금융그룹, 하나머니 금융영토 확장 추진","기존에도 '하나머니'는 하나은행·하나증권·하나카드·하나캐피탈·하나생명·하나저축은행 등 6개 관계사가 참여해 하나금융그룹만의 차별화된 금융 서비스를 제공해 왔으며, 이번 3개사의 합류를 통해 그룹 관계사...",https://www.safetynews.co.kr/news/articleView.html?idxno=247411,11,,1
"다올저축은행, 최고 연 5.0% 파킹통장 출시…하루만 맡겨도이자",다올저축은행이 우대금리 조건 없이도 연 5.0% 금리를 제공하는 파킹통장을 출시했다. 다올저축은행은 하루만 맡겨도 이자를 받을 수 있는 수시입출금통장(파킹통장) 'Fi(파이) 쌈짓돈 Ⅲ 통장'을 출시했다고 6일...,https://www.dailian.co.kr/news/view/1630177/?sc=Naver,8,,1
기업공시 [4월 6일],"▲SK가스(018670)=스틱·한투PE 컨소시엄에 울산GPS 지분 49% 매각 ▲넷마블(251270)=코웨이(021240) 주식 208만 3333주 취득 결정 ▲대양금속(009190)=상상인저축은행, 전환사채 신규 인수로 지분 12.68% 확보...",https://www.sedaily.com/article/20028919?ref=naver,8,,1
"하나금융그룹, 생활 금융 플랫폼 『하나머니』 하나손보·핀크·GLN 합류...","기존에도『하나머니』는 하나은행‧하나증권‧하나카드‧하나캐피탈‧하나생명‧하나저축은행 등 6개 관계사가 참여해 하나금융그룹만의 차별화된 금융 서비스를 제공해 왔으며, 이번 3개사의 합류를 통해 그룹...",https://www.fntoday.co.kr/news/articleView.html?idxno=381644,11,,1
금융권 '서금원 출연금' 2천억 확대 … 정책금융 '실탄' 마련,"가계대출 잔액을 기준으로 산정되는 출연요율은 은행권이 기존 0.06%에서 0.1%, 보험·상호금융·여신전문금융사·저축은행 등 비은행권은 0.03%에서 0.045% 등으로 인상된다. 이에 따라 추가로 확보되는 재원은 연간 2000억원...",https://www.safetimes.co.kr/news/articleView.html?idxno=241573,13,,1
"금융권, 서민금융진흥원에 출연금 2000억 더 낸다","개정안에 따라 각 금융회사의 가계대출잔액 기준으로 부과되는 서금원 공통 출연요율은 은행권은 현행 0.06%에서 0.1%로, 비은행권(보험·상호·여전·저축은행)이 현행 0.03%에서 0.045%로 각각 올랐다. 이에 은행권에서...",http://www.fnnews.com/news/202604061606464255,9,,1
"하나금융, 생활 금융 플랫폼 '하나머니'에 손보·핀크·GLN 합류","기존에도'하나머니'는 하나은행‧하나증권‧하나카드‧하나캐피탈‧하나생명‧하나저축은행 등 6개 관계사가 참여해 하나금융그룹만의 차별화된 금융 서비스를 제공해 왔으며, 이번 3개사의 합류를 통해 그룹 관계사...",http://www.thefirstmedia.net/news/articleView.html?idxno=197244,11,,1
"다올저축은행, 'Fi 쌈짓돈 Ⅲ 통장' 선봬",사진=다올저축은행 다올저축은행은 'Fi(파이) 쌈짓돈 Ⅲ 통장'을 선보였다고 6일 밝혔다. Fi 쌈짓돈 Ⅲ 통장은 하루만 맡겨도 정해진 이자를 받을 수 있는 수시입출금통장(파킹통장)이다. 고객의 유연한 단기자금...,http://www.thefirstmedia.net/news/articleView.html?idxno=197262,7,,1
하나금융 생활 금융 플랫폼 '하나머니'에 하나손보. 핀크. GLN 합류,"하나저축은행 등 6개 관계사가 참여, 하나금융그룹만의 차별화된 금융 서비스를 제공해 왔으며, 이번 3사의 합류를 통해 그룹 관계사 간의 시너지를 보다 더 강화하고 손님 중심의 'One-Stop' 금융 서비스를 구축할...",https://www.autodaily.co.kr/news/articleView.html?idxno=543014,11,,1
"[더벨][i-point] 상상인그룹, 걷기 프로젝트 시즌11 캠페인 시작","상상인을 비롯해 상상인저축은행, 상상인플러스저축은행, 상상인선박기계 등 주요 계열사 및 시너지이노베이션과 그 계열사인 엠아이텍, 메디카코리아, 뉴로바이오젠 등이 참여한다. 프로젝트는 팀 단위로 참여하는...",https://www.thebell.co.kr/free/content/ArticleView.asp?key=202604061604270560105889,7,,1
"다올저축은행, 'Fi 쌈짓돈 Ⅲ 통장' 출시…하루만 맡겨도 연 최고 5.0%",다올저축은행은 6일 우대금리 조건 없이 연 최고 5.0%(세전) 금리를 제공하는 'Fi(파이) 쌈짓돈 Ⅲ 통장'을 출시했다고 밝혔다. Fi 쌈짓돈 Ⅲ 통장은 하루만 맡겨도 정해진 이자를 받을 수 있는 수시입출금통장(파킹통장)...,http://www.seoulwire.com/news/articleView.html?idxno=715420,8,,1
"하나금융, '하나머니' 통합 생활 금융 플랫폼으로 확장",기존에도 '하나머니'는 하나은행/하나증권/하나카드/하나캐피탈/하나생명/하나저축은행 등 6개 관계사가 참여해 하나금융그룹만의 차별화된 금융 서비스를 제공해 왔다. 이번 3개사의 합류를 통해 그룹 관계사 간의...,https://www.100ssd.co.kr/news/articleView.html?idxno=207843,11,,1
"하나금융그룹, 보험·투자·결제 강화한 하나머니 회원사 9개 확대","이를 통해 하나은행, 하나증권, 하나카드, 하나캐피탈, 하나생명, 하나저축은행 등 기존 6개 관계사와 함께 9개 관계사 간 시너지가 강화됐다. 하나금융그룹 관계자는 ""'하나머니'는 출시 이후 손님 중심 혁신으로...",https://www.cbci.co.kr/news/articleView.html?idxno=565682,11,,1
[단독] 경찰관 고액 채무 미상환 의혹… '제식구 감싸기'인가,김씨는 다음날인 28일 고금리 캐피탈과 저축은행 채무상환하는데 사용했다고 주장했다. 사진=유영재 기자 사건의 핵심은 수사 기관의 태도다. 피해자는 수사 과정에서 당사자 간 진술이 엇갈림에도 불구하고 기본적인...,https://www.newsclaim.co.kr/news/articleView.html?idxno=3059933,11,,1
"금융권의 정책서민금융 출연금 연 2000억 늘어난다…""금리 인하 기대""","현재 은행권은 가계 대출 잔액의 0.06%, 비은행(보험·상호·여전·저축은행)은 0.03%를 출연금으로 납부한다. 하지만 이번 개정으로 서금원 공통 출연요율이 은행권은 0.1%, 비은행권은 0.045%로 각각 상향된다. 이에 따라...",https://www.hankookilbo.com/news/article/A2026040614530003305?did=NA,10,,1
"하나금융, 생활 금융 플랫폼 ‘하나머니’…하나손보·핀크·GLN 합류",‘하나머니’는 하나은행·하나증권·하나카드·하나캐피탈·하나생명·하나저축은행 등 6개 관계사에 더해 이번 3개사의 합류로 포인트 적립 및 트래블로그 무료 환전 등 기존 핵심 기능을 포함해 손님의 일상 전반을...,https://www.cnbnews.com/news/article.html?no=787780,11,,1
"하나금융, '하나머니' 회원사로 하나손보·핀크·GLN 합류",기존에도 하나머니는 하나은행·하나증권·하나카드·하나캐피탈·하나생명·하나저축은행 등 6개 관계사가 참여해 하나금융의 차별화된 금융 서비스를 제공해 왔다. 이번 3개사의 합류를 통해 그룹 관계사 간의 시너지를...,https://www.newsfreezone.co.kr/news/articleView.html?idxno=683695,11,,1
"하나금융, '하나머니' 앱에 손보·핀크·GLN 합류…생활 금융 플랫폼 확...","기존 '하나머니'는 하나은행·하나증권·하나카드·하나캐피탈·하나생명·하나저축은행 등 6개 관계사가 참여해 금융 서비스를 제공해 왔으며, 이번 3개사의 합류로 '하나머니'에서 포인트 적립 및 트래블로그 무료 환전...",https://www.thepublic.kr/news/articleView.html?idxno=300022,11,,1
서민금융 출연금 연 1973억 늘린다…소액 대출도 4200억으로,"은행권은 기존 0.06%에서 0.1%로, 보험·상호금융·여신전문금융·저축은행 등 비은행권은 0.03%에서 0.045%로 인상한다. 이에 따라 연간 출연금액은 현행 4348억원에서 1973억원 늘어난 6321억원에 달할 전망이다. 금융위는 ""서민...",http://www.newsfc.co.kr/news/articleView.html?idxno=77905,19,,1
금융사 서금원 출연요율 상향…출연금 연 1973억 확대,"이번 시행령 개정으로 금융회사별 가계대출 잔액 기준으로 부과되는 서금원 공통출연요율은 은행권이 0.06%에서 0.1%, 비은행권(보험·상호·여전·저축은행)이 0.03%에서 0.045%로 인상된다. 이에 따라 연간 출연금액은...",https://www.mediapen.com/news/view/1091552,9,,1
[금융체크] 우리은행·국민카드·애큐온저축은행·토스플레이스 등,"애큐온저축은행이 소비자보호팀 임직원들이 참여한 가운데 '내 금융자산 지키기 거리 캠페인'을 했다. 사진=애큐온저축은행 ◆ 애큐온저축은행, '내 금융자산 지키기 거리 캠페인' 전개 애큐온저축은행은 지난 3월...",http://www.bizwnews.com/news/articleView.html?idxno=132623,8,,1
"금융권, 서금원 출연금 연 1,973억 더 낸다…출연요율 인상","은행권은 기존 0.06%에서 0.1%로, 보험·상호금융·여신전문금융·저축은행 등 비은행권은 0.03%에서 0.045%로 인상한다. 이에 따라 연간 출연금액은 현행 4,348억원에서 1,973억원 늘어난 6,321억원에 달할 전망이다....",http://www.wowtv.co.kr/NewsCenter/News/Read?articleId=A202604060224&t=NN,12,,1
"다올저축은행, ‘Fi 쌈짓돈 Ⅲ 통장’ 출시…금리 연 최고 5.0%",다올저축은행은 우대금리 조건 없이 연 최고 5.0%(세전) 금리를 제공하는 ‘Fi(파이) 쌈짓돈 Ⅲ 통장’을 출시했다고 6일 밝혔다. ‘Fi 쌈짓돈 Ⅲ 통장‘은 하루만 맡겨도 정해진 이자를 받을 수 있는 수시입출금통장...,https://www.viva100.com/article/20260406501029,8,,1
"애큐온저축은행, 금융범죄 예방 앞장…거리 캠페인 실시",애큐온저축은행이 시민들을 대상으로 금융 범죄 예방을 위한 거리 캠페인에 나섰다. 애큐온저축은행은 지난달 31일 서울 강남구 선릉역 일대에서 소비자보호팀 임직원들이 참여한 가운데 '내 금융자산 지키기 거리...,https://www.dailian.co.kr/news/view/1630112/?sc=Naver,8,,1
"하나금융그룹, 생활 금융 플랫폼 ""하나머니"" 하나손보•핀크•GLN 합류로...","기존에도""하나머니""는 하나은행•하나증권•하나카드•하나캐피탈•하나생명•하나저축은행 등 6개 관계사가 참여해 하나금융그룹만의 차별화된 금융 서비스를 제공해 왔으며, 이번 3개사의 합류를 통해 그룹 관계사...",https://www.upkoreanews.kr/news/articleView.html?idxno=97869,11,,1
"금융권, 서금원 출연금 연 1973억 더 낸다…은행 출연요율 0.1%로","은행이 0.06%에서 0.1%로, 비은행 금융회사(보험·상호금융·여신전문·저축은행)가 0.03%에서 0.045%로 각각 인상된다. 이에 따라 연간 출연금은 기존 4348억원에서 6321억원으로 1973억원 늘어날 것으로 추산된다. 추가로...",https://biz.heraldcorp.com/article/10710972?ref=naver,12,,1
"금융회사, 정책금융 출연료 연간 1973억원 늘린다","보험, 상호금융, 여신전문금융회사, 저축은행 등 비은행권은 0.03%에서 0.045%로 0.015%P 올라간다. 은행권과 비은행권의 연간 출연금액은 종전의 4348억원에서 6321억원으로 연간 약 1973억원 확대된다. 정책서민금융 추가...",https://www.mt.co.kr/finance/2026/04/06/2026040614202479462,12,,1
"금융권, 서금원 출연금 연 1973억 더 낸다…요율 인상","기존에는 가계대출 잔액 기준으로 부과되는 서금원 공통 출연요율은 은행 0.06%, 비은행(보험·상호·여전·저축은행) 0.03%였지만 앞으로는 은행 0.1%, 비은행 0.045%로 각각 상향된다. 이에 따라 연간 출연 금액은 은행이...",https://www.seoulfn.com/news/articleView.html?idxno=625713,9,,1
"한국다문화연구원-대덕산단, 외국인근로자 '찾아가는 한국어 교실' 개강","특히 한국다문화연구원의 오종민 이사장(㈜한성저축은행 대표), 이승찬 이사(㈜계룡건설 대표), 신신자 이사(㈜장충동왕족발 대표) 등 이사진 또한 외국인근로자 복지 증진을 위해 전방위적인 지원을 아끼지 않겠다고...",https://www.joongdo.co.kr/web/view.php?key=20260406010001658,7,,1
"금융권, 서금원에 연 1973억원 더 출연…요율 인상","가계대출 잔액 기준으로 부과되는 출연요율은 은행권이 현행 0.06%에서 0.1%로, 비은행권(보험·상호·여전·저축은행)이 현행 0.03%에서 0.045%로 각각 올랐습니다. 이에 따라 연간 출연 금액은 은행권에서 1345억원...",https://biz.sbs.co.kr/article_hub/20000302322?division=NAVER,9,,1
"금융권 서금원 출연금, 연간 1,973억 추가…“안정적 재원 확보”","가계대출 잔액 기준으로 부과되는 출연요율은 은행권이 현행 0.06%에서 0.1%로, 비은행권(보험·상호·여전·저축은행)이 현행 0.03%에서 0.045%로 각각 올랐습니다. 이에 따라 연간 출연 금액은 은행권에서 1,345억 원...",https://news.kbs.co.kr/news/pc/view/view.do?ncd=8527915&ref=A,9,,1
"금융권, 서금원 출연금 1973억 더 낸다…신복위 소액대출도 확대","가계대출 잔액 기준으로 부과되는 출연요율은 은행권이 현행 0.06%에서 0.1%로, 비은행권(보험·상호·여전·저축은행)이 현행 0.03%에서 0.045%로 각각 올랐다. 이번 개정으로 금융권 전체의 연간 출연 규모는 기존...",https://www.dt.co.kr/article/12055946?ref=naver,9,,1
"교보생명, SBI저축은행 인수 '속도조절'… 경영 안정 속 지배력 확보, 종...",[뉴시스] 교보생명(대표이사 신창재)이 SBI저축은행 인수를 앞두고 기존 경영체제를 유지하는 '속도조절' 전략을 택했다. 단기적인 조직 개편 대신 안정적인 운영을 이어가면서도 지배구조 개편을 통해 실질적인 경영권은...,https://www.ilyoseoul.co.kr/news/articleView.html?idxno=515277,7,,1
"하나금융그룹, 3개사 합류로 인한 '하나머니' 플랫폼 확장 내용은?","기존 하나머니에는 하나은행, 하나증권, 하나카드, 하나캐피탈, 하나생명, 하나저축은행 등 6개 관계사가 참여해왔다. 이번 추가 합류를 통해 계열사 간 시너지를 강화하고 고객 중심의 원스톱 금융 서비스를 확대할...",http://www.newsworker.co.kr/news/articleView.html?idxno=420689,11,,1
"하나금융, '하나머니' 플랫폼 회원사 9곳으로 확대",기존 '하나머니' 플랫폼에는 하나은행·하나증권·하나카드·하나캐피탈·하나생명·하나저축은행 등 6개 관계사가 참여해 왔다. 여기에 이번에 3개사가 추가로 합류하면서 일상 전반을 아우르는 통합 금융 플랫폼으로서...,https://www.kpinews.kr/newsView/1065592994877896,11,,1
"서금원, 공통 출연요율 인상…“정책서민금융 공급 확대”","금융위에 따르면 기존 서민금융법령에 따라 금융회사별 가계대출잔액 기준으로 부과되는 서금원 공통출연요율은 은행 0.06%, 비은행(보험·상호·여전·저축은행) 0.03%였다. 이에 따른 기존 연간 출연금액은 약 4348억원...",https://www.dnews.co.kr/uhtml/view.jsp?idxno=202604061416174720113,15,,1
서민금융 출연금 연 6321억원으로 확대... 금융사 출연요율 상향,"은행권은 기존 0.06%에서 0.1%로, 보험·상호금융·여신전문금융·저축은행 등 비은행권은 0.03%에서 0.045%로 인상한다. 이에 따라 연간 출연금액은 현행 4348억원에서 1973억원 늘어난 6321억원에 달할 전망이다....",https://www.etnews.com/20260406000336,12,,1
"금융권 서금원 출연금, 연간 1천973억 확대…""안정적 재원 확보""","가계대출 잔액 기준으로 부과되는 출연요율은 은행권이 현행 0.06%에서 0.1%로, 비은행권(보험·상호·여전·저축은행)이 현행 0.03%에서 0.045%로 각각 올랐다. 이에 따라 연간 출연 금액은 은행권에서 1천345억원...",https://www.yna.co.kr/view/AKR20260406103600002?input=1195m,9,,1
"금융권, 서민금융 출연금 연간 1973억원 증액…은행권 출연요율 0.1%로 '...","기존 서민금융법령에 따라 금융회사별 가계대출잔액 기준으로 부과되는 서금원 공통출연요율은 은행 0.06%, 비은행(보험·상호·여전·저축은행) 0.03%였다. 이에 따른 기존 연간 출연금액은 약 4348억원(은행권 2473억원...",https://www.newsway.co.kr/news/view?ud=2026040614235652064,9,,1
"하나금융, '하나머니' 참여사 확대…보험·대출·글로벌 결제 기능 강화","기존에는 ▲하나은행 ▲하나증권 ▲하나카드 ▲하나캐피탈 ▲하나생명 ▲하나저축은행 등 6개 계열사가 참여해 왔으며, 이번 참여사 확대를 통해 그룹 내 서비스 연계성과 통합 금융 기능이 강화될 것으로 예상된다....",https://www.econovill.com/news/articleView.html?idxno=736168,12,,1
서민금융 재원 늘린다…금융권 서금원 출연금 연 1973억 확대,"기존에는 금융회사별 가계대출 잔액을 기준으로 은행 0.06%, 비은행(보험·상호금융·여전·저축은행) 0.03%의 공통출연요율이 적용됐다. 이에 따른 연간 출연금 규모는 약 4348억원(은행권 2473억원·비은행권 1875억원)...",https://www.dailian.co.kr/news/view/1630081/?sc=Naver,13,,1
"[금융 트렌드] 토스뱅크, NH투자증권과 '금 모으기' 서비스 선보여 外","◇ 애큐온저축은행, 금융소비자 보호 실천 행보 잇는다… '내 금융자산 지키기 거리 캠페인' 전개 애큐온저축은행이 지난달 31일 서울 지하철 2호선 선릉(애큐온저축은행)역 일대에서 '내 금융자산 지키기 거리 캠페인'을...",https://www.ibabynews.com/news/articleView.html?idxno=150287,8,,1
서민금융 출연금 연 2000억원 늘린다…시행령 개정안 국무회의 통과,"기존 출연요율은 은행 0.06%, 비은행(보험·상호·여신전문·저축은행) 0.03%로, 이에 따른 연간 출연금액은 약 4348억원 수준이었다. 개정안은 이를 은행 0.1%(0.04%포인트 인상), 비은행 0.045%(0.015%포인트 인상)로 각각...",https://www.newspim.com/news/view/20260406000844,8,,1
"하나금융 하나머니, 더 하나해진다...보험·대출비교·글로벌 결제 서비...","기존 하나머니에는 하나은행‧하나증권‧하나카드‧하나캐피탈‧하나생명‧하나저축은행 등 6개 관계사가 참여했다. 하나금융그룹은 ""이번 3개사의 합류를 통해 그룹 관계사 간의 시너지를 보다 더 강화하고 손님...",https://www.smarttoday.co.kr/ko-kr/articles/106189,12,,1
"하나금융, '하나머니' 플랫폼 확장…보험·핀테크·글로벌 결제 결합","기존에도 하나머니에는 하나은행, 하나증권, 하나카드, 하나캐피탈, 하나생명, 하나저축은행 등 6개 관계사가 참여해왔다. 이번 3개사의 추가로 총 9개 계열사가 참여하는 플랫폼으로 확대되면서 그룹 차원의 시너지...",https://www.factin.co.kr/news/articleView.html?idxno=6074,11,,1
하나금융 ‘하나머니’서 해외여행보험 들고 온투업·대출상품도 비교,그간 하나머니에서는 하나은행·하나증권·하나카드·하나캐피탈·하나생명·하나저축은행 등 6개 자회사가 하나금융만의 차별화된 원스톱 금융서비스를 제공해 왔습니다. 하나머니는 최근 가입자 1000만을 넘긴...,https://www.inthenews.co.kr/news/article.html?no=85224,8,,1
서민금융법 시행령 개정안 국무회의 의결,"기존 서민금융법령에 따라 금융회사별 가계대출잔액 기준으로 부과되는 서금원 공통출연요율은 은행 0.06%, 비은행(보험·상호·여전·저축은행) 0.03%였다. 이에 따른 기존 연간 출연금액은 약 4348억원(은행권 2473억원...",http://www.intn.co.kr/news/articleView.html?idxno=2050000,9,,1
"금융사, 서민금융진흥원에 2천억 더 낸다…취약계층 금리지원 '속도'","기존 서민금융법령에 따라 현재 금융사별 가계대출잔액 기준으로 부과되는 서금원 공통출연요율은 은행권은 0.06%, 보험·상호·여전·저축은행 등 비은행권은 0.03%였다. 이에 따른 기존 연간 출연금액은 약...",https://news.einfomax.co.kr/news/articleView.html?idxno=4407935,10,,1
"[더벨][인사이드 헤지펀드] NH헤지운용, 코벤 700억 자금몰이…모험자본...","종합투자계좌(IMA)와 발행어음 인가를 받은 사업자를 중심으로 뭉칫돈이 몰렸고, 저축은행과 금융그룹 계열사 등도 투자를 단행하면서 기관 전용 2개 펀드 모집을 마쳤다. 자금몰이의 배경으로는 안정적인 트랙...",https://www.thebell.co.kr/free/content/ArticleView.asp?key=202604021256285080102536,8,,1
서민금융법 시행령 개정안 의결…금융권 출연금 ‘6321억원’으로 확대,"적용 대상은 보험, 상호금융, 여신전문금융회사, 저축은행 등이다. 이에 따라 금융권의 연간 출연금액은 기존 약 4348억원에서 6321억원으로 1973억원 늘어날 전망이다. 권역별로 보면 은행권 출연금은 2473억원에서 1345억원...",http://www.joseilbo.com/news/news_read.php?uid=566030&class=18&grp=,12,,1
[더밸류 브리핑] 오늘의 하나금융그룹 소식...하나금융·하나카드,"하나머니 참여사는 기존 하나은행, 하나증권, 하나카드, 하나캐피탈, 하나생명, 하나저축은행에서 9개로 확대됐다. 그룹 내 계열사 연계를 기반으로 서비스 통합 범위를 넓힌 점이 특징이다. 플랫폼 성과도 이어지고...",http://www.thevaluenews.co.kr/news/view.php?idx=197905,11,,1
"하나금융그룹 생활 금융 플랫폼 '하나머니', 하나손해보험·핀크·GLN 합...",기존에도 '하나머니'는 하나은행‧하나증권‧하나카드‧하나캐피탈‧하나생명‧하나저축은행 등 6개 관계사가 참여해 하나금융그룹만의 차별화된 금융 서비스를 제공해 왔으며 이번 3개사의 합류를 통해 그룹 관계사...,http://www.dailysmart.co.kr/news/articleView.html?idxno=122223,11,,1
"하나금융, 하나머니에 하나손보·핀크·GLN 합류...생활금융 플랫폼 확대","기존 하나머니에는 하나은행, 하나증권, 하나카드, 하나캐피탈, 하나생명, 하나저축은행 등 6개 관계사가 참여해왔다. 이번 3개사 합류로 참여 계열사는 9곳으로 늘었다. 이에 따라 하나머니는 기존 포인트 적립과...",https://www.womentimes.co.kr/news/articleView.html?idxno=101900,11,,1
"한화솔루션 ""금감원과 사전협의 없어""…유증발언 사과",1조570억원 규모의 계열회사 지분과 ▲한화저축은행 지분 1785억원 ▲울산 사택부지 1602억원 ▲신재생에너지 개발자산 1600억원 ▲여수산단 내 유휴부지 360억원 ▲전기차 충전사업 250억원 등을 매각해 약 1조6000억원을...,https://news.dealsitetv.com/articles/168118,13,,1
"하나금융그룹, '하나머니' 하나손보·핀크·GLN 합류","기존에도『하나머니』는 하나은행‧하나증권‧하나카드‧하나캐피탈‧하나생명‧하나저축은행 등 6개 관계사가 참여해 하나금융그룹만의 차별화된 금융 서비스를 제공해 왔으며, 이번 3개사의 합류를 통해 그룹...",https://www.businesskorea.co.kr/news/articleView.html?idxno=267081,11,,1
"하나금융, 생활 금융 플랫폼 '하나머니' 서비스 확대","기존에도 '하나머니'는 하나은행·하나증권·하나카드·하나캐피탈·하나생명·하나저축은행 등 6개 관계사가 참여해 금융 서비스를 제공해 왔으며, 이번 3개사의 합류를 통해 하나금융그룹 관계사 간의 시너지를 보다 더...",https://www.megaeconomy.co.kr/news/newsview.php?ncode=1065580117424628,11,,1
"하나금융, 보험·대출·해외결제 한곳에···'하나머니' 확장","기존 '하나머니'에는 하나은행, 하나증권, 하나카드, 하나캐피탈, 하나생명, 하나저축은행 등 6개 관계사가 참여했다. 이번 확대로 계열사 간 시너지를 강화하고 '원스톱' 금융 서비스 체계를 고도화한다는 방침이다....",https://www.thereport.co.kr/news/articleView.html?idxno=86278,12,,1
"하나금융그룹, 통합 금융 플랫폼 '하나머니' 기능 강화","기존에도'하나머니'는 하나은행‧하나증권‧하나카드‧하나캐피탈‧하나생명‧하나저축은행 등 6개 관계사가 참여해 하나금융그룹만의 차별화된 금융 서비스를 제공해 왔으며, 이번 3개사의 합류를 통해 그룹 관계사...",https://www.gukjenews.com/news/articleView.html?idxno=3549722,11,,1
"""보험·대출비교·글로벌결제 한번에"" 하나금융, 하나머니에 손보·핀크...","이에 따라 기존 하나은행·하나증권·하나카드·하나캐피탈·하나생명·하나저축은행 등 6개 관계사에 더해 총 9개사가 참여하는 통합 플랫폼 체계를 갖추게 됐다. 하나금융그룹 관계자는 6일 ""하나머니 출시  이후...",https://www.catchnews.kr/news/articleView.html?idxno=122364,12,,1
주간일정(4월6일~12일),에큐온저축은행지회 2026년 임단협 상견례 오전 10시30분 사무금융노조 전국협동조합본부 부울경본부 2026년 정기대의원대회 오후 2시 한국노총 한국노총 사무총국 전 간부 회의 오전 10시 한국노총 6층 대회의실 류기섭...,https://www.labortoday.co.kr/news/articleView.html?idxno=233611,8,,1
"다올저축은행, 하루만 맡겨도 연 최고 5.0% 파킹통장 출시",다올저축은행이 우대금리 조건 없이 연 최고 5.0%(세전) 금리를 제공하는 ‘Fi(파이) 쌈짓돈 Ⅲ 통장’을 출시했다. Fi 쌈짓돈 Ⅲ 통장은 하루만 맡겨도 정해진 이자를 받을 수 있는 수시입출금통장(파킹통장)이다....,https://www.mk.co.kr/article/12008905,8,,1
"하나금융그룹, 생활 금융 플랫폼 '하나머니' 금융영토 확장","기존에도 '하나머니'는 하나은행·하나증권·하나카드·하나캐피탈·하나생명·하나저축은행 등 6개 관계사가 참여해 하나금융그룹만의 차별화된 금융 서비스를 제공해 왔으며, 이번 3개사의 합류를 통해 그룹 관계사...",http://www.globalepic.co.kr/view.php?ud=2026040611330813067cc35ccc5c_29,11,,1
"""이 은행에서 대출 받지 마세요"" 저축은행 수준 10% 이자 받는 SC제일은...",SC제일은행 일반신용대출 10% 이상 금리 비율 4% 5대 시중은행 0%대 그쳐…평균금리도 SC제일은행 가장 높아 SC제일은행이 신용대출에 대해 저축은행 수준의 높은 금리를 받는 것으로 나타났다. 반면 저금리...,https://www.theguru.co.kr/news/article.html?no=100181,9,,1
'소비자보호' 강화하는 저축은행…권익보호 활동 나서,"애큐온저축은행, 금융범죄 예방 캠페인 웰컴저축은행, 고객패널 '웰컴ON' 모집 고객제안 기반 상품·앱 서비스 개선 성과 애큐온저축은행 소비자보호팀 임직원들이 3월 31일 서울 지하철 2호선 선릉역 일대에서 '내...",https://www.news2day.co.kr/article/20260406500140,8,,1
"하나금융 '하나머니', 하나손보·핀크·GLN 편입",이로써 기존 하나은행·하나증권·하나카드·하나캐피탈·하나생명·하나저축은행에 더해 총 9개 관계사가 참여하는 통합 플랫폼 체계를 구축하게 됐다. 이번 확장을 통해 '하나머니'는 단순 포인트 적립이나 '트래블로그...,https://www.cstimes.com/news/articleView.html?idxno=700903,11,,1
"[저축은행 점검] [웰컴저축은행] 손대희 대표, '간접 지배'로 승계 9부 ...","창업자인 손종주 회장이 여전히 그룹을 이끌고 있지만, 지분 구조상 장남인 손대희 웰컴저축은행 신임 각자대표 (사진) 가 계열사 전반에 걸쳐 영향력을 확대하며 경영권 승계가 사실상 마무리 단계인 것으로 볼 수...",https://www.topdaily.kr/articles/109544,7,,1
"하나손보·핀크·GLN, '하나머니' 회원사로 참여","기존에도『하나머니』는 하나은행‧하나증권‧하나카드‧하나캐피탈‧하나생명‧하나저축은행 등 6개 관계사가 참여해 하나금융그룹만의 차별화된 금융 서비스를 제공해 왔으며, 이번 3개사의 합류를 통해 그룹...",http://www.newswell.co.kr/news/articleView.html?idxno=17479,11,,1
"中 ""부동산 침체 장기화""…베이징, 상해 회복 조짐",6일 중국 매일경제신문에 따르면 건설은행·공상은행·농업은행·중국은행·우정저축은행·교통은행 등 6대 국유 은행의 지난해 개인 주택담보대출 잔액은 총 24조4천800억위안(약 5천368조7천억원)으로 집계됐습니다....,https://biz.sbs.co.kr/article_hub/20000302229?division=NAVER,8,,1
"하나금융, '하나머니' 플랫폼 확대...생활 금융 영토 확장","기존 '하나머니'에는 하나은행, 하나증권, 하나카드, 하나캐피탈, 하나생명, 하나저축은행 등 6개 관계사가 참여해왔다. 이번 3개사 추가로 총 9개 관계사가 참여하게 되면서 그룹 내 서비스 연계와 시너지 강화가 기대된다....",https://www.digitaltoday.co.kr/news/articleView.html?idxno=653730,11,,1
"하나금융 생활 금융 플랫폼 '하나머니'에 하나손보·핀크·GLN 합류 ""금융...","기존에도 '하나머니'는 하나은행, 하나증권, 하나카드, 하나캐피탈, 하나생명, 하나저축은행 등 6개 관계사가 참여해 차별화된 금융 서비스를 제공해 왔다. 이번 3개사의 합류로 총 9개사가 참여하게 되면서 그룹 차원의...",http://www.queen.co.kr/news/articleView.html?idxno=454437,11,,1
"하나금융, '하나머니'에 손보·핀크·GLN 합류…""생활금융 플랫폼 확장""","하나머니는 기존 하나은행, 하나증권, 하나카드, 하나캐피탈, 하나생명, 하나저축은행 등 6개 관계사가 참여해 금융 서비스를 제공해 왔다. 이번 3개 사의 합류로 환전, 결제, 투자, 보험, 자산관리 등 생활 밀착형 금융...",https://www.newsis.com/view/NISX20260406_0003579122,11,,1
"다올저축은행, 최고 5% 파킹통장 출시",다올저축은행은 우대금리 조건 없이 연 최고 5.0%(세전) 금리를 제공하는 'Fi(파이) 쌈짓돈 Ⅲ 통장'을 출시했다고 6일 밝혔다. 이 상품은 하루만 맡겨도 정해진 이자를 받을 수 있는 수시입출금통장(파킹통장)이다....,https://www.newsis.com/view/NISX20260406_0003579097,8,,1
"하나금융 플랫폼 '하나머니'에 하나손보·핀크·GLN 합류...""통합 금융플...",기존 하나은행‧하나증권‧하나카드‧하나캐피탈‧하나생명‧하나저축은행 등 6개 관계사가 참여해 하나금융그룹만의 차별화된 금융 서비스를 제공해 온 '하나머니'는 이번 3개사의 합류를 통해 그룹 관계사 간의...,https://www.redian.org/news/articleView.html?idxno=256195,11,,1
"中 주택담보대출 잔액 3년 연속 감소…""부동산 침체 장기화""",6일 중국 매일경제신문에 따르면 건설은행·공상은행·농업은행·중국은행·우정저축은행·교통은행 등 6대 국유 은행의 지난해 개인 주택담보대출 잔액은 총 24조4천800억위안(약 5천368조7천억원)으로 집계됐다. 전년보다...,https://www.yna.co.kr/view/AKR20260406062400083?input=1195m,8,,1
"OK저축은행, 첫 순익 1위···SBI 제치고 격차 확대",OK저축은행(대표 정길호)이 창사 이후 처음으로 업계 연간 순이익 1위에 올랐다. 6일 금융권에 따르면 OK저축은행의 지난 2025년 연간 당기순이익은 1688억원으로 전년(392억원) 대비 4배 이상 급증했다. 실적을 끌어올린...,http://www.koreastocknews.com/news/articleView.html?idxno=117739,10,,1
"포커스에이아이, 양재석 회장 CB 70억 인수…오버행 해소",포커스에이아이는 제이플래닝이 상상인저축은행·상상인플러스저축은행으로부터 70억원 규모 제2회차 전환사채(CB) 일부 물량을 직접 인수했다고 6일 밝혔다. 제이플래닝은 최대주주 양재석 회장이 지분 100%를 보유하고...,https://www.widedaily.com/news/articleView.html?idxno=291685,7,,1
"[HOT 금융 트렌드] 하나금융그룹, '하나머니'에 하나손보·핀크·GLN 합류...",하나머니는 기존에도 하나은행·하나증권·하나카드·하나캐피탈·하나생명·하나저축은행 등 6개 관계사가 참여해 하나금융그룹만의 차별화된 금융 서비스를 제공했다. 이번 3개 사의 합류를 통해 그룹 관계사 간의...,http://www.bizwnews.com/news/articleView.html?idxno=132534,11,,1
"하나금융, 하나머니에 3개사 추가…보험·해외결제 확대","기존 하나머니에는 하나은행, 하나증권, 하나카드, 하나캐피탈, 하나생명, 하나저축은행 등 6개 관계사가 참여해왔다. 이번에 3개사가 추가되면서 참여 관계사는 모두 9곳으로 늘었고, 그룹은 이를 통해 관계사 간...",https://www.thepowernews.co.kr/view.php?ud=202604061038236648de3f0aa1be_7,11,,1
하나금융 '하나머니'에 하나손보·핀크·GNL 합류,"기존에도 '하나머니'는 하나은행·하나증권·하나카드·하나캐피탈·하나생명·하나저축은행 등 6개 관계사가 참여해 하나금융그룹만의 차별화된 금융 서비스를 제공해 왔으며, 이번 3개사의 합류를 통해 그룹 관계사...",http://www.whitepaper.co.kr/news/articleView.html?idxno=260578,11,,1
"포커스에이아이 최대주주, CB 70억 직접 인수…오버행 해소",6일 포커스에이아이는 양재석 회장이 지분 100%를 보유한 제이플래닝이 상상인저축은행 및 상상인플러스저축은행으로부터 제2회차 CB 일부 물량 70억원어치를 인수했다고 밝혔다. 제2회차 CB는 최초 120억원 규모로...,https://www.newspim.com/news/view/20260406000341,7,,1
"하나금융 플랫폼 '하나머니'에 손보·핀크·GLN 합류…""기능 확대""","기존에도 '하나머니'는 하나은행·하나증권·하나카드·하나캐피탈·하나생명·하나저축은행 등 6개 관계사가 참여해 하나금융그룹만의 차별화된 금융 서비스를 제공해 왔으며, 이번 3개사의 합류를 통해 그룹 관계사 간...",https://www.mt.co.kr/finance/2026/04/06/2026040609264743359,11,,1
"포커스에이아이, 양재석 회장 CB 70억원 직접 인수…오버행 이슈 해소",포커스에이아이는 제이플래닝이 상상인저축은행 및 상상인플러스저축은행으로부터 70억원 규모 제2회차 전환사채(CB) 일부 물량을 직접 인수했다고 6일 밝혔다. 제이플래닝은 최대주주 양재석 회장이 지분 100%를...,https://view.asiae.co.kr/article/2026040610310835821,7,,1
"다올저축은행, 하루맡 맡겨도 최고 연 5% 파킹통장 출시","우대조건 없는 파킹통장, 100만원까지 연 5.0% 적용 예치금 구간별 차등금리, 단기·소액 자금 운용 겨냥  다올저축은행이 우대금리 조건 없이 최고 연 5% 금리를 제공하는 파킹통장을 선보였다. 단기 여유자금을...",https://www.fetv.co.kr/news/article.html?no=216406,8,,1
"하나금융, '하나머니'에 손보·핀크·GLN 합류…9개사 생활금융 플랫폼...","기존 하나머니에는 하나은행, 하나증권, 하나카드, 하나캐피탈, 하나생명, 하나저축은행 등 6개 관계사가 참여해 왔으며 이번 확장을 통해 고객 중심의 '원스톱' 금융 서비스 구축이 한층 강화될 전망이다. 하나금융그룹...",http://www.babytimes.co.kr/news/articleView.html?idxno=72579,11,,1
"하나금융, ‘하나머니’에 보험·글로벌 QR결제 서비스 추가","기존에는 하나은행‧하나증권‧하나카드‧하나캐피탈‧하나생명‧하나저축은행 등 6개 관계사가 참여해 왔다. 먼저, 하나손해보험 합류로 ‘보험머니 쌓기’ 등 다양한 이벤트 혜택과 함께 보험상품도 간편하게...",https://www.viva100.com/article/20260406500457,11,,1
금융권 '설치형 보안 SW' 퇴출 신호탄…소비자 편의 vs 책임 전가 구조 ...,반면 저축은행 등 중소형 금융사는 상황이 다르다. 기존 PC 기반 서비스에서 설치형 보안에 의존해 온 비중이 높아 단기간 내 대체 시스템 구축이 쉽지 않다는 입장이다. 단순한 프로그램 교체가 아니라 보안 체계 전체를...,http://www.popcornnews.net/news/articleView.html?idxno=117560,8,,1
[금융레이더] 삼성화재/삼성생명/ABL생명/한화손해보험/하나카드/Kb국민...,"◆애큐온저축은행, 금융소비자 보호 ‘내 금융자산 지키기 거리 캠페인’ 전개 애큐온저축은행은 금융 범죄 예방과 금융소비자 보호를 위해 지난달 31일 서울 강남구 선릉역 일대에서 ‘내 금융자산 지키기 거리...",https://www.dnews.co.kr/uhtml/view.jsp?idxno=202604060928094340031,8,,1
"다올저축은행, 'Fi 쌈짓돈 Ⅲ 통장' 선봬…우대조건 없이 연 최고 5%",다올저축은행이 우대금리 조건 없이 연 최고 5.0%를 제공하는 수시입출금식 파킹통장 '파이(Fi) 쌈짓돈 Ⅲ 통장'을 출시했다. 사진=다올저축은행  다올저축은행은 우대금리 조건 없이 연 최고 5.0%를 제공하는...,https://www.pointdaily.co.kr/news/articleView.html?idxno=299817,8,,1
"하나머니, 보험·대출 비교·해외 서비스 기능 탑재","기존 하나머니에는 하나은행·하나증권·하나카드·하나캐피탈·하나생명·하나저축은행 등 6개 관계사가 참여해 하나금융의 다양한 금융 서비스를 제공해 왔다. 한편, 하나머니는 최근 가입자수가 1000만명을 넘긴...",http://www.fnnews.com/news/202604060909184457,12,,1
"애큐온저축은행, ‘내 금융자산 지키기 거리 캠페인’",애큐온저축은행 소비자보호팀 임직원들이 지난달 31일 서울 지하철 2호선 선릉(애큐온저축은행)역 일대에서 '내 금융자산 지키기 거리 캠페인'을 진행하고 있다./애큐온저축은행 애큐온저축은행이 지난달 31일 서울...,http://www.metroseoul.co.kr/article/20260406500091,8,,1
"하나금융, '하나머니' 참여사 9곳으로 확대…보험·대출·해외결제 기능...","기존 하나머니에는 하나은행, 하나증권, 하나카드, 하나캐피탈, 하나생명, 하나저축은행 등 6개 관계사가 참여해 왔다. 이번 3개사 추가로 그룹 내 비은행 계열 서비스 연계 폭이 더 넓어지게 됐다. 하나금융그룹 관계자는...",https://www.nbntv.kr/news/articleView.html?idxno=339816,12,,1
"다올저축은행, 연 최고 5% ‘Fi 쌈짓돈 Ⅲ 통장’","다올저축은행, 'Fi 쌈짓돈 Ⅲ 통장' 출시 관련 이미지./다올저축은행 다올저축은행이 우대금리 조건 없이 연 최고 5.0%(세전) 금리를 제공하는 'Fi(파이) 쌈짓돈 Ⅲ 통장'을 출시했다고 6일 밝혔다. Fi 쌈짓돈 Ⅲ 통장은...",http://www.metroseoul.co.kr/article/20260406500087,8,,1
"하나금융, 하나머니 신규 회원사로 하나손보·핀크·GLN 추가","기존에도 하나머니는 하나은행·하나증권·하나카드·하나캐피탈·하나생명·하나저축은행 등 6개 관계사가 참여해 하나금융만의 차별화된 금융 서비스를 제공해 왔으며, 이번 3개사의 합류를 통해 그룹 관계사 간의...",http://www.efnews.co.kr/news/articleView.html?idxno=128812,11,,1
"포커스에이아이, 양재석 회장 CB 70억 직접 인수…오버행 이슈 해소",서울경제티브이 이정민 기자 포커스에이아이는 제이플래닝이 상상인저축은행 및 상상인플러스저축은행으로부터 70억원 규모 제2회차 전환사채(CB) 일부 물량을 직접 인수했다고 6일 밝혔다. 제이플래닝은 최대주주...,https://www.sentv.co.kr/article/view/sentv202604060039,7,,1
"포커스AI, 최대주주 측 70억 CB 인수…오버행 부담 완화",포커스에이아이는 양재석 회장이 지분 100%를 보유한 제이플래닝를 통해 상상인저축은행 및 상상인플러스저축은행으로부터 70억원 규모의 제2회차 전환사채(CB) 일부 물량을 인수했다고 6일 밝혔다. 2회차 CB는 최초...,https://dealsite.co.kr/articles/159705,7,,1
"하나금융 하나머니, 원스톱 금융서비스 구축-손해보험·핀크·GLN 합류",하나머니는 하나은행·하나증권·하나카드·하나캐피탈·하나생명·하나저축은행 등 6개 관계사가 참여해 하나금융그룹만의 차별화된 금융 서비스를 제공해 왔다. 이번 3개사 합류로 고객 중심의 ‘원스톱’ 금융...,http://www.edaily.co.kr/news/newspath.asp?newsid=02728966645413496,11,,1
"하나금융그룹, '하나머니'에 하나손보·핀크·GLN 합류… 금융 영역 확장","기존에도 '하나머니'는 하나은행, 하나증권, 하나카드, 하나캐피탈, 하나생명, 하나저축은행 등 6개 관계사가 참여해 차별화된 금융 서비스를 제공해왔다. 이번 3개사의 추가 참여로 총 9개 관계사가 협력하게 되며, 그룹...",https://www.delighti.co.kr/news/articleView.html?idxno=114749,11,,1
"하나금융, '하나머니' 앱에 하나손보·핀크·GLN 합류","하나금융은 기존 회원사인 하나은행·하나증권·하나카드·하나캐피탈·하나생명·하나저축은행 등과의 시너지를 더 강화해 손님 중심의 원스톱 금융 서비스를 구축하겠다는 계획이다. 하나금융 관계자는 ""앞으로 9개사의...",https://view.asiae.co.kr/article/2026040610033219001,11,,1
"포커스에이아이, 양재석 회장 전환사채 70억 직접 인수로 오버행 이슈 ...",포커스에이아이는 제이플래닝이 상상인저축은행 및 상상인플러스저축은행으로부터 70억원 규모 제2회차 전환사채(CB) 일부 물량을 직접 인수했다고 6일 밝혔다. 제이플래닝은 최대주주 양재석 회장이 지분 100%를...,http://www.boannews.com/media/view.asp?idx=143009&kind=3,7,,1
"[금융브리핑] KB국민은행, 'KB 글로벌 미래성장 금융캠프' 참가자 모집 ...","기존에는 하나은행, 하나증권, 하나카드, 하나캐피탈, 하나생명, 하나저축은행 등 6개 계열사가 참여해 왔다. 하나금융그룹은 계열사 확대를 통해 플랫폼 기반 '원스톱' 금융 서비스 체계를 강화한다는 계획이다....",https://www.seoulfn.com/news/articleView.html?idxno=625670,11,,1
"다올저축은행, 'Fi 쌈짓돈 Ⅲ 통장' 출시",다올저축은행은 우대금리 조건 없이 연 최고 5.0%(세전) 금리를 제공하는 'Fi(파이) 쌈짓돈 Ⅲ 통장'을 출시했다. 사진=다올저축은행 다올저축은행은 우대금리 조건 없이 연 최고 5.0%(세전) 금리를 제공하는 'Fi(파이)...,https://weekly.hankooki.com/news/articleView.html?idxno=7158479,8,,1
하나금융그룹 '하나머니' 참여사 확대···보험·핀테크 결합,"기존에도 하나머니는 하나은행·하나증권·하나카드·하나캐피탈·하나생명·하나저축은행 등 6개 관계사가 참여해 하나금융그룹만의 차별화된 금융 서비스를 제공해 왔으며, 이번 3개사의 합류를 통해 그룹 관계사 간의...",http://www.finomy.com/news/articleView.html?idxno=252694,11,,1
"다올저축, 하루만 맡겨도 연 5% '파킹통장' 내놔",다올저축은행은 연 최고 5.0%(세전) 금리를 제공하는 'Fi(파이) 쌈짓돈 Ⅲ 통장'을 출시했다고 6일 밝혔다. Fi 쌈짓돈 Ⅲ 통장은 하루만 맡겨도 정해진 이자를 받을 수 있는 수시입출금통장이다. 별도의 우대조건을...,https://www.straightnews.co.kr/news/articleView.html?idxno=299420,8,,1
"하나금융 '하나머니', 하나손보·핀크·GLN 합류-금융영토 확장 나서",기존에도 '하나머니'는 하나은행ㆍ하나증권ㆍ하나카드ㆍ하나캐피탈ㆍ하나생명ㆍ하나저축은행 등 6개 관계사가 참여해 하나금융그룹만의 차별화된 금융 서비스를 제공해 왔으며 이번 3개사의 합류를 통해 그룹 관계사...,http://www.techholic.co.kr/news/articleView.html?idxno=220658,11,,1
"하나금융, '하나머니' 회원사 9개로 확대…생활 금융 영토 확장","이로써 하나금융그룹 내 협업 체계는 기존 하나은행·하나증권·하나카드·하나캐피탈·하나생명·하나저축은행 등 6개 관계사에서 총 9개사까지 늘었다. 이번 확대로 하나머니는 환전, 결제, 투자, 보험, 자산관리 등...",https://www.etnews.com/20260406000062,11,,1
"하나금융, '하나머니' 플랫폼에 3개 계열사 추가…생활 금융 서비스 확...",이에 따라 기존 하나은행·하나증권·하나카드·하나캐피탈·하나생명·하나저축은행 등 6개 관계사에 더해 총 9개사가 참여하는 통합 플랫폼 체계를 갖추게 됐다. 이번 합류로 하나머니는 포인트 적립과 '트래블로그...,https://www.pointdaily.co.kr/news/articleView.html?idxno=299798,11,,1
"다올저축은행, ‘Fi 쌈짓돈 Ⅲ 통장’ 출시 ··· 하루만 맡겨도 연 최...",다올저축은행이 우대금리 조건 없이 연 최고 5%(세전) 금리를 제공하는 ‘Fi(파이) 쌈짓돈 Ⅲ 통장’을 출시했다고 6일 밝혔다. Fi 쌈짓돈 Ⅲ 통장은 하루만 맡겨도 정해진 이자를 받을 수 있는 수시입출금통장...,http://www.edaily.co.kr/news/newspath.asp?newsid=02558406645413496,8,,1
"하나금융, 하나머니에 하나손보·핀크·GLN 더했다...통합 금융 플랫폼 ...",기존에도 하나머니는 하나은행·하나증권·하나카드·하나캐피탈·하나생명·하나저축은행 등 6개 관계사가 참여해 하나금융의 차별화된 금융 서비스를 제공해 왔다. 이번 3개사의 합류를 통해 그룹 관계사 간의 시너지를...,https://www.techm.kr/news/articleView.html?idxno=150838,11,,1
"[TOP's Pick] 포커스에이아이, 양재석 회장 '오버행' 우려 해소 나서",포커스에이아이는 제이플래닝이 상상인저축은행 및 상상인플러스저축은행으로부터 70억원 규모 제2회차 전환사채(CB) 일부 물량을 직접 인수했다고 6일 밝혔다. 제이플래닝은 최대주주 양재석 회장이 지분 100%를...,https://www.topdaily.kr/articles/109553,7,,1
"KB저축은행, 다이렉트 대출 5종 출시",KB금융의 KB저축은행은 중저신용자의 금융 부담을 낮추기 위한 비대면 다이렉트 채널 전용 대출 상품 5종을 출시했다고 6일 밝혔다. 고객이 다이렉트 채널을 이용할 경우에만 연 0.1%p에서 최대 1.5%p까지 금리 인하...,http://www.wsobi.com/news/articleView.html?idxno=309226,10,,1
"[더벨][i-point] 포커스에이아이, 양재석 회장 CB 70억 인수",포커스에이아이는 제이플래닝이 상상인저축은행과 상상인플러스저축은행으로부터 70억원 규모 제2회차 전환사채(CB) 일부 물량을 직접 인수했다고 6일 밝혔다. 제이플래닝은 최대주주 양재석 회장이 지분 100%를...,https://www.thebell.co.kr/free/content/ArticleView.asp?key=202604060855368640101082,7,,1
"애큐온저축은행, ‘내 금융자산 지키기 거리 캠페인’ 진행",애큐온저축은행이 지난달 31일 서울 지하철 2호선 선릉(애큐온저축은행)역 일대에서 ‘내 금융자산 지키기 거리 캠페인’을 진행했다. 캠페인에 참여한 애큐온저축은행 소비자보호팀 임직원들이 기념사진을 촬영하고...,http://www.segyebiz.com/newsView/20260406503834?OutUrl=naver,8,,1
"포커스에이아이, 양재석 회장 CB 70억 직접 인수 … 오버행 이슈 해소",포커스에이아이는 최대주주 양재석 회장이 지분 100%를 보유한 제이플래닝이 상상인저축은행 및 상상인플러스저축은행으로부터 70억원 규모의 제2회차 전환사채(CB) 일부 물량을 직접 인수했다고 6일 밝혔다. 제2회차...,https://www.mt.co.kr/stock/2026/04/06/2026040609131910710,7,,1
"하나손보·핀크·GLN, '하나머니' 합류…""금융 영토 확장""",하나머니는 하나은행·하나증권·하나카드·하나캐피탈·하나생명·하나저축은행 등 6개 관계사가 참여해 하나금융그룹만의 차별화된 금융 서비스를 제공해 왔으며 이번 3개 사의 합류를 통해 그룹 관계사 간의 시너지를...,https://www.news1.kr/finance/general-finance/6126190,11,,1
"애큐온저축은행, 금융소비자 보호 캠페인…""내 금융자산 지켜요""",캠페인에 참여한 애큐온저축은행 소비자보호팀 임직원들이 기념사진을 촬영하고 있다. 사진=애큐온저축은행  애큐온저축은행은 금융소비자 보호를 핵심 가치로 삼고 금융 범죄 예방을 위한 거리 캠페인을 전개했다고...,https://www.pointdaily.co.kr/news/articleView.html?idxno=299778,8,,1
"하나금융, '하나머니'에 9개 계열사 결집… 통합 생활 금융 플랫폼 강화","기존 하나은행, 하나증권, 하나카드, 하나캐피탈, 하나생명, 하나저축은행에 이어 이번 신규 관계사들의 합류로 하나금융그룹은 그룹사 간 시너지를 극대화하고 이용자 중심의 '원스톱' 금융 서비스를 공고히 한다는...",https://www.pinpointnews.co.kr/news/articleView.html?idxno=443018,11,,1
"한화솔루션, ""2030년까지 추가 유상증자 재무구조 개선할 것""","1조570억원 규모의 계열회사 지분과 한화저축은행 지분(1785억 원), 울산 사택부지(1602억 원), 신재생에너지 개발자산(1600억 원), 여수산단 내 유휴부지(360억 원), 전기차 충전사업(250억원) 등을 매각해 약 1조6000억 원을...",https://www.pinpointnews.co.kr/news/articleView.html?idxno=443014,7,,1
"하나금융, '하나머니'에 보험·대출비교·글로벌결제 추가","기존의 하나은행·하나증권·하나카드·하나캐피탈·하나생명·하나저축은행을 포함한 '통합 플랫폼'이 완성되는 셈이다. 6일 하나금융에 따르면, '하나머니'는 기존 포인트 적립, '트래블로그' 무료 환전 등 핵심 기능을...",http://www.ftoday.co.kr/news/articleView.html?idxno=357352,12,,1
"하나금융, '하나머니'에 하나손보·핀크·GLN 새 회원사로 합류",기존에도 하나머니는 하나은행‧하나증권‧하나카드‧하나캐피탈‧하나생명‧하나저축은행 등 6개 관계사가 참여해 하나금융그룹만의 차별화된 금융 서비스를 제공해 왔으며 이번 3개사의 합류를 통해 그룹 관계사...,https://www.fetv.co.kr/news/article.html?no=216383,11,,1
"하나금융 '하나머니', 하나손보·핀크·GLN 합류",그동안 하나머니는 하나은행‧하나증권‧하나카드‧하나캐피탈‧하나생명‧하나저축은행 등 6개 관계사가 참여해 하나금융만의 차별화된 금융 서비스를 제공해 왔다. 이번 3개사의 합류를 통해 그룹 관계사 간의...,https://thetracker.co.kr/View.aspx?No=4030560,11,,1
"하나금융, 생활금융 플랫폼에 보험·대출비교·글로벌결제 추가",이에 기존 하나은행·하나증권·하나카드·하나캐피탈·하나생명·하나저축은행 등 6개 관계사에 더해 총 9개사가 참여하는 통합 플랫폼 체계를 갖추게 됐다. 이번 합류를 통해 ‘하나머니’는 기존 포인트 적립...,https://biz.heraldcorp.com/article/10710415?ref=naver,12,,1
"하나금융, '하나머니'에 3개사 추가…생활금융 플랫폼 확장","기존에도 '하나머니'는 하나은행‧하나증권‧하나카드‧하나캐피탈‧하나생명‧하나저축은행 등 6개 관계사가 참여해 하나금융그룹만의 차별화된 금융 서비스를 제공해 왔으며, 이번 3개사의 합류를 통해 그룹 관계사...",https://www.ziksir.com/news/articleView.html?idxno=129753,11,,1
"하나금융, '하나머니'에 하나손보·핀크·GLN 합류…""보험·온투업·해외...",하나머니는 기존에 하나은행·증권·카드·캐피탈·생명·저축은행 등 6개 관계사가 참여해 하나금융만의 차별화된 금융 서비스를 제공해왔다. 하나손보의 참여로 고객들은 '보험머니 쌓기' 등 이벤트·혜택을 제공...,https://daily.hankooki.com/news/articleView.html?idxno=1355256,11,,1
"[금융로드] 하나금융, '하나머니'에 하나손보·핀크·GLN 합류…생활 금...","기존에는 하나은행, 하나증권, 하나카드, 하나캐피탈, 하나생명, 하나저축은행이 참여해 그룹 공통의 포인트 적립, 트래블로그 무료 환전 등 차별화된 서비스를 제공해 왔다. 이번 편입으로 하나머니는 포인트 기반 혜택에...",http://www.newsroad.co.kr/news/articleView.html?idxno=57349,11,,1
"하나금융, 하나머니 회원사 9개로 확대하며 통합 금융 플랫폼 강화","기존에도 하나머니는 하나은행‧하나증권‧하나카드‧하나캐피탈‧하나생명‧하나저축은행 등 6개 관계사가 참여해 하나금융만의 차별화된 금융 서비스를 제공해 왔으며, 이번 3개사의 합류를 통해 그룹 관계사 간의...",http://www.press9.kr/news/articleView.html?idxno=74573,11,,1
"포커스에이아이 ""양재석 회장 CB 70억 직접 인수…오버행 우려 해소""",포커스에이아이(331380)는 제이플래닝이 상상인저축은행 및 상상인플러스저축은행으로부터 70억원 규모 제2회차 전환사채(CB) 일부 물량을 직접 인수했다고 6일 밝혔다. 제이플래닝은 최대주주 양재석 회장이 지분 100%를...,http://www.edaily.co.kr/news/newspath.asp?newsid=02197606645413496,7,,1
하나금융그룹 '하나머니'에 하나손보·핀크·GLN 합류,"한편, 기존에도 '하나머니'는 하나은행‧하나증권‧하나카드‧하나캐피탈‧하나생명‧하나저축은행 등 6개 관계사가 참여해 차별화된 금융 서비스를 제공해 왔으며, 이번 3개사 합류를 통해 그룹 관계사 간의 시너지를...",http://www.choicenews.co.kr/news/articleView.html?idxno=163322,11,,1
"하나금융그룹, '하나머니'에 손보·핀크·GLN 합류 참여사 9곳으로 확대...",기존에도 '하나머니'는 하나은행‧하나증권‧하나카드‧하나캐피탈‧하나생명‧하나저축은행 등 6개 관계사가 참여해 하나금융그룹만의 차별화된 금융 서비스를 제공해 왔으며 이번 3개사의 합류를 통해 그룹 관계사...,https://www.public25.com/news/articleView.html?idxno=43386,11,,1
"포커스에이아이, 양재석 회장 CB 70억 직접 인수 ""오버행 이슈 해소""",포커스에이아이는 ㈜제이플래닝이 상상인저축은행 및 상상인플러스저축은행으로부터 70억원 규모 제2회차 전환사채(CB) 일부 물량을 직접 인수했다고 6일 밝혔다. 제이플래닝은 최대주주 양재석 회장이 지분 100%를...,http://www.fnnews.com/news/202604060842182438,7,,1
혁신 프리미어 1000 사업에 '바이오헬스 20개사',"산업은행, 기업은행, 수출입은행, 신용보증기금, 기술보증기금 등 정책금융기관과 산업부처와의 협업을... 신용유의정보(연체, 부도, 파산, 회생 등) 집중기관에 특이사항이 있는 경우도 이에 포함된다. 또 ▲보건신기술...",https://www.dailymedi.com/news/news_view.php?wr_id=935379,6,,1
"농협은행, 지난해 생산성·효율성 5대 은행 중 '꼴찌'","농협은행 관계자는 ""지난해 충전이익 감소는 금리 환경 변화로 이자수익이 줄어든 데 따른 것""이라고 설명했다. 이어 ""디지털 전환 등 미래 성장 기반 확보를 위한 전략적 투자를 확대하고 선제적 연체 관리를 통해...",https://news.bizwatch.co.kr/article/finance/2026/04/06/0028,6,,1
"[금융家] 강호동 농협중앙회장 ㅣ 미래 논의·소통 강조…""조직 혁신·신...","중앙회는 2022년 신설 법인에 145억원의 신용 대출을 부적절하게 집행했고, 지난해 2월부터 연체가 발생했다.... 중앙회 전무이사 등은 인사권이 없음에도 불구하고 농협은행 등 자회사 직원 인사에 관여했으며...",https://www.cbci.co.kr/news/articleView.html?idxno=565788,7,,1
"[S-이슈] 기름값 깎아준다더니… 카드업계 민생지원, 체감도는 '글쎄'","다만, 이번 대책이 기존 카드 이용자와 특정 상품 중심으로 설계돼 연체자나 저신용층 등 취약차주의 체감... 금융당국이 고유가 대응을 명분으로 카드업계에 추가 혜택 제공을 요구하면서 은행권에 이어 카드사에도...",https://www.s-journal.co.kr/news/articleView.html?idxno=40235,9,,1
"농협은행, 기술금융 '비수도권 집중' 가속…공급 확대 속 검증 시험대",농협은행은 최근 AI 기업 머스트리와 업무협약(MOU)을 체결하고 LLM 기반 자동대출 시스템 구축에 착수했다. 약 500건 이상의 기술평가보고서와 익명 처리된 기업 재무·연체 데이터를 학습에 활용해 기술평가보고서 자동...,http://www.wikileaks-kr.org/news/articleView.html?idxno=185962,7,,1
담보 140% 잡고 금리는 9%…'깜깜이' 금리에 빚투 수익만 1.7조,빚투(빚내서 투자) 규모가 나날이 증가하는 가운데 자율 금리 책정 권한을 쥔 증권사들이 은행보다 안전한... 담보가치가 떨어지더라도 '연체→경매→회수' 절차를 거쳐야 해 수개월에서 수년이 소요된다. 또 증권사는...,https://www.kbanker.co.kr/news/articleView.html?idxno=224637,9,,1
[CEO 포커스]양종희 KB금융 회장이 자문과 상담 기반 영업에 방점을 찍은...,"특히 은행 정기예금을 해지하고 주식 투자에 나서는 흐름이 멈추질 않고 있다. 우리 국민들 중 상당수가 2~3... 대출이 고객의 연체와 부실, 더 나아가 삶의 기반을 훼손할 경우 고객 보호를 제대로 구현하지 못한다는...",http://www.hansbiz.co.kr/news/articleView.html?idxno=830663,10,,1
[경제 안테나] '프라이빗 크레딧' 위험 신호 사실일까,"‘바젤 III’와 같은 새로운 규제의 등장으로 전통적인 은행들이 기업 대출을 축소하자, 은행이 아닌... 헬스케어 서비스 등의 분야는 인건비 상승으로 크게 고전할 것으로 보이지만, 테크 분야 기업들의 연체 비율은 2...",https://www.koreadaily.com/article/20260405190211186,6,,1
제4인뱅 군불에도…금융당국 “리스크부터 검증” 거리두기,"금융위원회 역시 유사한 기조를 보였다. 박성빈 금융위 은행과 사무관은 “금융소외계층 자금 공급 상황과 시장 경쟁 구조, 적합한 사업자 진입 가능성 등을 종합적으로 검토할 필요가 있다”고 언급하며 즉각적인...",https://www.dailian.co.kr/news/view/1630171/?sc=Naver,16,,1
[LP Scope] 성장금융 대표 공석…박상진 산업은행장이 챙긴다,"통상 성장금융 대표는 주무당국인 금융위원회가 추천해 청와대 재가를 받아 내정됐지만 사뭇 다른 루트를... 정통한 관계자는 ""이재명 출범 이후 성장금융에 대한 인사는 일년 가까이 미뤄졌다""며 ""주무당국인 금융위가...",https://dealsite.co.kr/articles/159692,16,,1
부동산 잡겠다며 금융부터 죈 정부…‘X 시그널’에 끌려가는 정책 [기...,"실제 금융위는 대통령이 임대사업자 대출 만기 연장을 지적하자 당일 금융권을 소집해 대응에 나섰다. 정책이 준비돼 있어서가 아니라, 메시지가 떨어졌기 때문에 움직인 것이다. 금융위 입장에서는 사전에 전달받은 바...",https://www.dailian.co.kr/news/view/1629816/?sc=Naver,8,,1
"[논란법안 돋보기⑥] '12년 표류' 사회연대경제기본법, '위헌적 특혜' 논...","기존에는 기획재정부가 전략을 수립하고 고용노동부, 농식품부, 금융위 등이 각 전문 영역을 담당해왔으나 법안이 통과되면 행안부가 중앙행정기관의 정책을 심의·조정하고 예산 배분에도 막강한 영향력을 행사하게...",https://www.newscj.com/news/articleView.html?idxno=3391814,7,,1
"'중동발 피해 상황 점검' 이억원 금융위원장, 오늘 산업-금융권 간담회","금융위원회는 7일 오후 2시 정부서울청사에서 ‘중동 상황 피해 업종 관련 산업-금융권 간담회’를 연다. 이억원 금융위원장이 회의를 직접 주재하며 중동 상황 관련 석유화학·정유산업 현황을 점검하고, 현장의...",http://www.edaily.co.kr/news/newspath.asp?newsid=01961446645413824,13,,1
"금융위, 증권사 CEO 징계 남발하다 '줄패소'…NH·KB증권 대표 '명예회복...",앞서 금융위원회는 2023년 11월 정 전 대표에게 옵티머스 펀드 판매 관련 내부통제 기준 마련 의무 위반 등을... 이 사건은 현재 금융위의 상고로 대법원 판단을 앞두고 있다. 윤 전 대표 역시 지난 1월 금융위를 상대로...,https://www.news1.kr/finance/general-stock/6127171,16,,1
주식 병합해도 못 피하겠네…상폐 위기 몰린 동전株 19곳은,1일 금융위원회의 새로운 ‘동전주 상장폐지 요건’ 시행을 앞두고 주식병합을 통해 퇴출을 모면하려던... 앞서 금융위원회와 한국거래소가 지난 2월 12일 발표한 부실기업 신속·엄정 퇴출을 위한 상장폐지...,https://www.mk.co.kr/article/12009696,16,,1
"‘비거주 1주택’ 대출 규제가 다 아니다…금융당국, DSR 추가 규제 검토",7일 금융권에 따르면 금융위원회는 이번 주중 이들 3개 분야에 각각 실무작업반을 가동할 계획이다. 이날... 우선 금융위는 DSR의 ‘사각지대’로 꼽혀온 전세대출과 정책대출을 추가 적용하는 방안을 검토 중이다....,https://www.munhwa.com/article/11580249?ref=naver,18,,1
"李 특급칭찬 권대영, 국회 돌며 '서민금융법' 통과 호소",27 부동산 대책을 주도해 이재명 대통령으로부터 특급 칭찬을 받은 권대영 금융위원회 부위원장이 이번에는 국회 의원실을 돌며 '서민의 금융생활 지원에 관한 법률(서민금융법)' 개정안을 설명하고 나섰다. 금융위...,https://www.nocutnews.co.kr/news/6497640?utm_source=naver&utm_medium=article&utm_campaign=20260407065537,13,,1
[오늘의 주요일정]금융·증권(4월7일 화요일),"◇주요일정 ▲10:00 금감원장, 임원회의 ▲10:40 한은-KB금융그룹 MOU 체결 ▲14:00 금융위원장, 중동상황 피해업종 관련산업-금융권 간담회 ▲14:00 금감원장, 금융보안 패러다임 전환 간담회 <금융위원회> ▲14:00...",https://www.newsis.com/view/NISX20260406_0003579584,24,,1
중소·벤처기업 공시부담 낮춘다…소액공모 기준 30억까지 확대,금융위원회는 6일 이 같은 내용을 핵심으로 하는 ‘자본시장과 금융투자업에 관한 법률 시행령’ 및 관련... 금융위는 소액공모 서류에 투자 위험 요소를 더욱 명확하게 기재하도록 관련 공시 서식을 개편할 방침이다....,https://www.mk.co.kr/article/12009612,13,,1
ESG 공시 로드맵 확정 앞두고 국민연금·금융위·재계 ‘이견 노출’,추진하던 금융위원회는 물론 비용부담 등을 호소하는 재계와도 배치되는 입장이어서 향후 제도화 과정에서 진통이 예상된다. 6일 금융투자업계에 따르면 국민연금은 최근 금융위에 ESG 공시 수정 의견서를 전달했다....,http://www.fnnews.com/news/202604062025448204,13,,1
기업 ESG 관리 부실한데… ‘공시 후퇴안’ 검토,2025년 50곳 주주권익 침해 등 발생 국민연금 비공개 면담 1050% 폭증 금융위는 공시의무 되레 연기 검토 적용... 이처럼 상장사 ESG 문제가 증가하고 있지만 ESG공시를 추진 중인 금융위원회는 오히려 투자자 보호에...,https://www.segye.com/newsView/20260406515703?OutUrl=naver,15,,1
[위클리오늘] 은행 보증부대출 금리 전가 관행 제동···출연금 50% 이상...,금융위원회는 보증부대출 금리 산정 시 보증기관 출연금 등 법적 비용의 반영을 제한하는 내용을 골자로 한 '은행법 시행령' 일부개정령안을 입법예고했다. 6일 금융위에 따르면 이번 개정안은 지난해 12월 31일 개정된...,http://www.weeklytoday.com/news/articleView.html?idxno=769595,18,,1
"이윤수 전 금융위 상임위원, 예탁원 신임 사장 사실상 선임…금융위 승...",이윤수 전 금융위원회 증권선물위원회 상임위원이 한국예탁결제원 차기 사장으로 사실상 선임됐다. 임시 주주총회에서 선임안이 의결되면서 금융위원회 승인 절차만 남겨두게 됐다. 이윤수 전 금융위원회 상임위원...,http://www.edaily.co.kr/news/newspath.asp?newsid=04860966645413496,13,,1
"금융위, 소액공모 10억→30억 확대…중기 자금수혈 물꼬",금융위원회는 6일 소액공모 한도를 기존 10억원 미만에서 30억원 미만으로 상향하는 내용을 골자로 한... 지난 1일 회의 중인 금융위원회. 사진=연합뉴스 벤처캐피털(VC) 펀드에 대한 규제도 합리화됩니다. 그간 VC펀드는...,http://www.newstomato.com/ReadNews.aspx?no=1296908&inflow=N,13,,1
정보 안주고 부정적 의견땐 소송전… 코스닥 '리포트' 꺼린다,"작년 12월 금융위원회는 코스닥 종목 리포트 확대를 추진하는 '코스닥 시장 신뢰 혁신 제고방안'을 발표했다. 당시 금융위는 리포트가 없으면 투자를 꺼리게 된다는 업계 의견을 반영해, 종합투자계좌·발행어음업에...",https://www.asiatoday.co.kr/view.php?key=20260407010001748,15,,1
"금융당국 업무정지 내렸는데…법원, 보험설계사 손 들었다, 왜",금융위원회는 항소 대신 절차를 바로잡아 다시 제재를 추진하기로 했습니다. 오늘(6일) 법조계에 따르면 서울행정법원 행정5부는 지난 1월 15일 법인대리점(GA) 소속 보험설계사 A씨가 금융위를 상대로 제기한 업무정지처분...,https://biz.sbs.co.kr/article_hub/20000302395?division=NAVER,13,,1
'주식병합'해도 못 피하겠네 … 상폐 위기 몰린 동전株 19개,1일 금융위원회의 새로운 '동전주 상장폐지 요건' 시행을 앞두고 주식병합을 통해 퇴출을 모면하려던... 앞서 금융위와 한국거래소가 지난 2월 12일 발표한 부실기업 신속·엄정 퇴출을 위한 상장폐지 개혁 방안에는 병합...,https://www.mk.co.kr/article/12009508,16,,1
"제동 걸린 금융위의 'ESG 공시 초안'…與·국민연금 ""기업가치 평가 불가...",금융위원회가 기업의 탄소 배출량과 지배구조 등 비재무적 성적표를 공개하는 ‘지속가능성(ESG) 공시’... 30일 금융위와 한국회계기준원 등에 서원주 기금이사 명의로 공식 의견을 전달했다. 지난 2월 발표한 금융위 ESG...,https://www.hankyung.com/article/2026040625301,13,,1
에너지·로봇 공부에 기업 방문…'산업금융위원회' 된 금융위,과거 금융위원회는 산업 전반의 흐름을 선제적으로 읽기보다 문제가 터진 뒤 대응하는 경우가 많았다.... 금융위가 산업 현장을 직접 찾아가 유망 업종을 살피고 국민성장펀드 등을 앞세워 산업 육성에 무게를 싣는 행보가...,https://www.hankyung.com/article/2026040623731,13,,1
부실 보험사 인수전에 '꽃놀이패' 쥔 한투,"KDB생명 매각을 위해선 소관 부처인 금융위원회와 국무총리실로부터 승인이 필요하다. 시장에서는 KDB생명 인수 후보로 한투가 유력하게 거론된다. 산은은 지난달 KDB생명 매각 예비입찰에 나설 계획이었지만, 금융위와...",https://www.hankyung.com/article/2026040623721,18,,1
"금융위, 소액공모 30억 원으로 늘리고 VC 투자 문턱 낮춘다",금융위원회는 6일 이 같은 내용을 골자로 하는 '자본시장과 금융투자업에 관한 법률 시행령' 및 '증권의 발행... 금융위는 그간의 물가 상승과 공모시장 규모(2.2배 증가) 및 건당 유상증자 규모(3.8배 증가) 확대 등을...,http://www.iminju.net/news/articleView.html?idxno=162168,13,,1
"새만금투자 관련, 현대차그룹- 정책금융기관 금융지원·협력 업무협약(...",이억원 금융위원장(왼쪽 세 번째)과 현대차그룹 정재훈 부회장(오른쪽 세 번째) 등 참석자들이 금융지원·업무협약(MOU) 체결식에서 손을 맞잡고 있다. (금융위 제공) 현대차그룹과 정책금융기관(한국산업은행...,https://news.cpbc.co.kr/article/1171894?division=NAVER,10,,1
"이억원 ""현대차 새만금 프로젝트, 산업생태계 구축 도전적인 과제""","6일 금융위원회는 서울 여의도 한국산업은행 본관에서 '현대차그룹-정책금융기관 금융지원·협력 업무협약... 협약식에는 이억원 금융위원장을 비롯해 주요 정책금융기관장과 현대차그룹 장재훈 부회장, 서강현 사장을...",http://www.joseilbo.com/news/news_read.php?uid=566045&class=18&grp=,16,,1
CEO까지 묻던 내부통제 책임…법원 제동에 관행 흔들,6일 금융투자업계에 따르면 서울행정법원은 최근 윤경은 전 KB증권 대표가 금융위원회를 상대로 제기한 징계처분 취소 소송에서 원고 승소 판결을 내렸다. 재판부는 금융위가 문제 삼은 내부통제 기준 마련 의무 위반 관련...,http://www.fntimes.com/html/view.php?ud=2026040616293573452a735e27af_18,13,,1
주식병합에도 해소 요원… 발등에 불 떨어진 에넥스,"금융위원회는 지난 2월 '부실기업 신속·엄정 퇴출을 위한 상장폐지 개혁 방안'을 발표하며 부실 상장사... 금융위가 내놓은 방안에 따르면, 우선 상장폐지 대상 시가총액 기준 상향이 당초 계획보다 빠르게 적용된다....",https://www.sisaweek.com/news/articleView.html?idxno=234695,16,,1
"""지금이 적기"" vs ""신중해야""…제4인뱅 재추진 논의 재점화",토론회를 주최한 신장식 조국혁신당 의원은 “이억원 금융위원장은 ‘시장의 요구가 성숙했을 때 (제4인뱅)... 송 교수는 이 같은 금융위의 결정에 대해 “금융 공급 구조와는 별개로 ‘진입 요건’을 중심으로 판단했기...,http://www.edaily.co.kr/news/newspath.asp?newsid=04483766645413496,7,,1
"국민연금·민주당, ESG 공시안 놓고 금융위와 충돌…의무화 시기·대상 ...","국민연금이 금융위원회의 ESG 공시 초안에 공식 의견을 내면서, 국내 ESG 공시 로드맵을 둘러싼 정책 주도권 경쟁이 본격화됐다. 금융위원회가 2028년부터 자산 30조원 이상 코스피 상장사를 시작으로 단계적 의무화를...",http://www.impacton.net/news/articleView.html?idxno=18470,15,,1
"국민연금, 금융위에 ESG 공시 로드맵 '전면 수정' 의견",국민연금공단(출처=연합뉴스) 국민연금이 금융위원회에 지속가능성(ESG) 공시 의무화 시점을 2026년 회계연도로 앞당기고 적용 대상을 대폭 확대해야 한다고 요구했다. 금융위원회는 지난 2월 '지속가능성(ESG) 공시...,https://www.esgeconomy.com/news/articleView.html?idxno=15095,13,,1
제4인터넷은행 재추진론 재점화…“소호금융 중심 재설계 필요”,"앞서, 금융위원회는 지난해 9월 소소뱅크, 소호은행, 포도뱅크, AMZ뱅크 등 예비인가 신청사 4곳 모두에 대해 불허 결정을 내린 바 있다. 금융위는 지난해 3월 신청 접수 이후 약 6개월 만에 심사 결과를 발표했다. 송 교수는...",https://www.dnews.co.kr/uhtml/view.jsp?idxno=202604061535064260137,16,,1
"금융권, 서금원 출연금 1973억 더 낸다 … 서민금융 재원 확대",금융위원회는 6일 이같은 내용의 '서민의 금융생활 지원에 관한 법률(서민금융법)' 시행령 개정안이... 금융위는 추가 재원 확보를 통해 서민·취약계층의 금융 접근성이 개선되고 금융 비용 부담이 경감될 것으로...,https://biz.newdaily.co.kr/site/data/html/2026/04/06/2026040600291.html,13,,1
'금융위 빼고 디지털자산 기본법 논의하자' 여당 강경 분위기,"디지털자산 기본법 정부안의 공백이 길어지면서 금융위원회를 배제한 법안 논의를 진행해야 한다는 여당 내... 이억원 금융위원장이 2025년 연내 추진을 공언했지만, 현재는 추진이 늦어지고 있다. 민병덕 의원이 지난해...",https://www.newspim.com/news/view/20260406001070,13,,1
“위험 감수해야 하는 상황” 호르무즈 해협 우회로 확보 나선 정부,"이억원 금융위원장은 연체 채권을 자꾸 매각해서 밑에 가면 영세한 사람들이 과도하게 추심하는 부분이 있다며 금융권에서는 일부 채권을 소각하고 있고, (금융위는) 소멸시효를 만성적으로 연장하는 부분에 대한...",https://vop.co.kr/A00001691299.html,11,,1
"""소액대출도 서금원 보증 받는다""…서민금융법 시행령 개정안 의결","6일 금융위원회는 이날 국무회의에서 '서민의 금융생활 지원에 관한 법률 시행령' 개정안이 의결됐다고... 금융위 관계자는 ""이번 개정을 통해 정책서민금융의 안정적 공급 기반을 확보하고, 제도권 금융 접근이 어려운...",https://www.newsworks.co.kr/news/articleView.html?idxno=836782,14,,1
제4인뱅 군불에도…금융당국 '신중론' 무게,"앞서 지난해 9월 금융위원회는 제4인터넷은행 예비인가 심사 결과 어느 컨소시엄에도 인가를 내주지 않기로... 박성빈 금융위 은행과 사무관은 ""금융 소외계층에 대한 금융권의 자금 공급 상황, 은행업을 영위하기에...",https://news.bizwatch.co.kr/article/finance/2026/04/06/0015,16,,1
"[Invest]우리금융, 보험사 인수 조건에 '케뱅 처분'도…내년에는 '완전 ...","이같은 결정은 금융위원회가 지난해 5월 우리금융의 동양·ABL생명 인수를 승인하면서 내부통제 개선과... 전해졌다.금융위는 해당 계획의 이행 여부를 반기별로 점검하고, 미이행 시 시정명령이나 주식처분명령까지...",https://www.investchosun.com/site/data/html_dir/2026/04/06/2026040680145.html,17,,1
에너지·로봇 공부하고 기업 방문…'산업'금융위원회 된 금융위 [금융당...,과거 금융위원회는 산업 전반의 흐름을 선제적으로 읽기보다 문제가 터진 뒤 대응하는 경우가 많았습니다.... 금융위가 산업 현장을 직접 찾아가 유망 업종을 살피고 국민성장펀드 등을 앞세워 산업 육성에 나서는 행보가...,https://www.hankyung.com/article/202604059550i,13,,1
옵티머스·라임 사태 관련 CEO 제재 잇단 법원 제동,"모두 금융위원회가 2023년 11월 29일 7개 금융회사 제재안을 의결하는 과정에서 확정한 조치였다. ▲(왼쪽부터) 정영채 전 NH투자증권 대표, 윤경은 KB증권 대표 [사진=각사] 대법원 2부는 지난 4월 2일 정 전 대표가 금융위를...",https://www.megaeconomy.co.kr/news/newsview.php?ncode=1065593753711120,13,,1
"금융권, 서금원에 '1973억원' 더낸다",서민금융 출연금 확대 /금융위원회 '햇살론'을 비롯한 정책서민금융상품의 공급을 위해 금융사가 부담하는 서민금융진흥원 출연요율이 인상된다. 금융위원회는 6일 국무회의에서 이같은 내용을 포함한 '서민의 금융...,http://www.metroseoul.co.kr/article/20260406500465,13,,1
"""사회적 순손실?"" ""포용금융 주축?"" 다시 고개드는 제4인뱅 재추진","금융위는 지난해 3월 제4인뱅 예비인가 신청을 받았지만 당초 2개월로 예상됐던 심사는 지연 끝에 같은 해... 금융위는 자금조달 안정성, 사업계획의 실현 가능성, 포용성 등을 중점 평가했지만 대부분이 인가 요건을...",https://www.sidae.com/article/2026040613580479565,7,,1
"정부 과징금 제재에…은행권, ‘행정소송 상시화’ 조짐","이후 세 차례 제재심의위원회 끝에 과징금을 1조4000억 원 수준으로 약 30% 감경해 금융위원회에 송부했고, 현재 금융위의 최종 제재 수위 판단이 지연되고 있는 상황이다. 은행권은 지난해 4분기 실적에 홍콩 ELS 관련...",https://www.viva100.com/article/20260406500961,17,,1
기업 자금조달 문턱 낮추는 금융위 개정안…소액공모 기준 30억원으로 ...,금융위원회는 기업이 소액공모를 통해 자금을 조달할 때의 기준을 기존 10억원 미만에서 30억원 미만으로... 상황을 방지하는 데 기여할 전망이다. 금융위원회는 이 같은 조치가 제재를 피하는 데 유용할 것이라고 밝혔다.,https://www.gokorea.kr/news/articleView.html?idxno=862708,13,,1
"금융권 서금원 출연금, 연간 약 2천억 원 확대‥""안정적 재원 확보""","금융위원회는 오늘 이러한 내용을 담은 '서민금융법 시행령' 개정안이 국무회의에서 의결돼 오늘부터... 금융위는 대외 불확실성 속에서 서민과 취약계층이 불법 사금융으로 내몰릴 가능성이 커졌다며, 정책서민금융을...",https://imnews.imbc.com/news/2026/econo/article/6812998_36932.html,13,,1
소액공모 한도 확대...VC 투자 공모 규제도 완화,"금융위원회는 오늘(6일) 이 같은 내용을 담은 자본시장과 금융투자업에 관한 법률 시행령과 개정안을 마련해 입법 예고한다고 밝혔습니다. 금융위는 소액공모 기준을 기존 10억 원 미만에서 30억 원 미만으로 올려, 해당...",https://www.ytn.co.kr/_ln/0102_202604061525226052,13,,1
소액공모 10억→30억 확대…VC 투자시 공모규제 부담도 완화,"완화된다.금융위원회는 6일 이 같은 내용을 담은 '자본시장과 금융투자업에 관한 법률 시행령' 및 관련 규정... 개정안은 VC펀드를 전문 투자자로 보고 투자자 수 산정에서 제외하도록 했다.금융위는 ""벤처기업이 VC 투자를...",https://www.kbsm.net/news/view.php?idx=514861,13,,1
"현대차 9조 새만금 프로젝트 속도…이억원 ""국민성장펀드도 기여""",이억원 금융위원장이 6일 오후 서울 여의도 한국산업은행 본관에서 개최된 현대차그룹과 정책금융기관... /사진=금융위원회 6일 금융위원회는 서울 여의도 한국산업은행 본관에서 ‘현대차그룹-정책금융기관 금융지원...,https://www.mediapen.com/news/view/1091517,16,,1
'제4인터넷은행 인가' 군불 떼는 정치권,"이어 ""금융위는 2023년 제4인뱅 컨소시엄 진입 허용을 발표한 뒤 26개월이 지난 지난해 9월에야 심사를... 금융위 ""재추진 시 다양한 의견 수렴"" 금융당국은 이 같은 의견에 대해 제4인뱅 인가 무산은 계획 미흡에 대한 것이...",http://www.newstomato.com/ReadNews.aspx?no=1296815&inflow=N,10,,1
현대차 새만금프로젝트에 국민성장펀드 투자 검토,"이억원 금융위원장은 6일 서울 여의도 한국산업은행 본관에서 현대차그룹에 이어 한국산업은행, 수출입은행... 과정에서 금융위와 정책금융기관이 실무 협의체를 구성해 금융 구조의 수립 등에 적극 협력할 계획이다....",https://www.dnews.co.kr/uhtml/view.jsp?idxno=202604061435489740122,10,,1
"'원팀' 정책금융 1호 사업, 현대차그룹 '새만금 프로젝트'...종합금융지...","금융위와 정책금융기관은 프로젝트 구체화 과정에서 실무협의체를 구성해 금융구조 수립 등에 협력한다는... 이억원 금융위원장은 축사에서 ""정책금융기관과 산업계가 하나의 팀으로 결합해 대한민국 미래 성장지도를...",https://www.mt.co.kr/finance/2026/04/07/2026040613432134484,7,,1
소액공모 10억→30억 확대…VC펀드 투자자 수 산정서 제외,"금융위원회는 6일 이 같은 내용을 담은 '자본시장과 금융투자업에 관한 법률 시행령' 및 관련 규정 개정안을 마련해 다음 날부터 입법예고한다고 밝혔다. 금융위는 ""벤처기업이 VC 투자를 받으며 투자자 수를 잘못 산정해...",http://www.newsfc.co.kr/news/articleView.html?idxno=77901,13,,1
소액공모 10억→30억 확대‥벤처캐피털 투자 시 공모규제 부담 완화,"금융위원회는 오늘 이러한 내용을 담은 '자본시장법 시행령'과 관련 규정 개정안을 마련해 내일부터 입법... 금융위는 ""벤처기업이 벤처캐피털펀드 투자를 받으며 투자자 수를 잘못 계산해 의도치 않게 공모 규제를...",https://imnews.imbc.com/news/2026/econo/article/6812978_36932.html,13,,1
금융사서 더 걷어 더 푼다…서민금융 출연금 1973억 확대,6일 금융위원회는 국무회의에서 국정 과제 수행을 위해 금융회사가 부담하는 서민금융진흥원 출연요율이... 금융위 관계자는 “앞으로도 정책서민금융 공급 확대와 금리 인하를 통해 서민·취약계층의 채무 부담 및...,https://www.tfmedia.co.kr/news/article.html?no=203442,14,,1
"금융권, 정책서민금융 위해 年 1973억 더 낸다","6일 금융위원회는 이러한 내용을 담은 '서민의 금융생활 지원에 관한 법률 시행령' 개정안이 국무회의에서... 금융위 관계자는 ""정책서민금융의 안정적인 재원 기반을 확충해 서민·취약계층에 대한 금융 공급을...",https://www.etoday.co.kr/news/view/2573089,13,,1
"금융회사, 서금원 출연금 연 2000억 늘린다…신복위 저금리 대출도 확대","금융위원회는 6일 국무회의에서 이 같은 내용을 담은 '서민의 금융생활 지원에 관한 법률 시행령' 개정안이... 금융위는 이번 조치로 채무조정 이행자의 중도 탈락을 방지하고, 취약계층의 금융 접근성 강화 및 신속한...",https://view.asiae.co.kr/article/2026040614201860266,15,,1
"금융권, 서금원 출연금 연 1973억 더 낸다…출연요율 인상",금융위원회는 정책 서민금융의 안정적 공급과 금리 인하에 필요한 추가 재원 확보를 위해 서금원 공통... 금융위는 추가 재원 확보를 통해 서민·취약계층의 금융 접근성이 개선되고 금융 비용 부담이 경감될 것으로...,https://www.newsis.com/view/NISX20260406_0003579465,14,,1
서민금융법 시행령 개정안 국무회의 의결...정책서민금융 공급 대폭 확...,금융위원회가 정책서민금융의 안정적인 재원 확보와 취약계층 지원 강화를 위한 '서민금융법 시행령... 금융위는 이번 시행령 개정으로 서민과 취약계층의 불법사금융 이탈을 방지하고 경제적 재기를 보다 적극적으로...,https://news.bbsi.co.kr/news/articleView.html?idxno=4076535,19,,1
"금융권, 서금원 출연금 年1973억 확대…은행 0.06%→0.1% 상향","금융위원회는 6일 국무회의에서 '서민의 금융 생활 지원에 관한 법률 시행령' 개정안이 의결됐다고 밝혔다.... 금융위는 ""이번 시행령 개정 외에도 정책 서민금융의 공급 확대와 금리 인하 등 서민·취약계층의 금융...",https://www.news1.kr/finance/general-finance/6126780,17,,1
정책금융·현대차 '9조 새만금 투자' 맞손…금융지원 본격화,금융위원회가 현대차그룹과 정책금융기관 간 협력 체계를 구축하며 새만금 첨단산업 투자 프로젝트 지원에... 6일 금융위원회는 한국산업은행 본관에서 현대차그룹과 정책금융기관 간 '금융지원·협력 업무협약(MOU)...,https://www.newsworks.co.kr/news/articleView.html?idxno=836767,16,,1
'현대차 새만금 9조 투자' 정책금융 지원…국민성장펀드 결합 검토,이억원 금융위원장은 6일 한국산업은행 본관에서 열린 현대차그룹과 정책금융기관 4곳(산업은행... 과정에서 금융위와 정책금융기관이 실무 협의체를 구성해 금융 구조의 수립 등에 적극 협력할 계획이다. 이후 로봇...,https://www.newsis.com/view/NISX20260406_0003579413,10,,1
금융사 정책금융에 내는 돈 1973억 늘어난다,금융위원회는 이런 내용이 담긴 서민금융법 시행령 개정안이 국무회의에서 의결됐다고 6일 밝혔다.... 금융위에 따르면 기존 서민금융법령에 따라 금융회사가 납부하는 연간 출연금액은 연간 4348억원(은행권 2473억원...,http://www.edaily.co.kr/news/newspath.asp?newsid=03775286645413496,16,,1
제4인터넷은행 예비인가 불허 7개월만에 재추진 불씨 '솔솔',"네 개의 인터넷전문은행 컨소시엄이 금융위원회로부터 예비인가를 받지 못한 지 7개월 여만에 필요성 등이... 박 회장은 ""제4인터넷전문은행은 단순히 금융위 인가 업무를 떠나 범국가적 과제가 돼야 한다""고 설명했다....",https://zdnet.co.kr/view/?no=20260406133709,16,,1
"현대차 새만금 8.9조 투자, 정책금융 1호 사업 추진","금융위원회는 6일 ""현대차그룹이 새만금에 인공지능(AI) 데이터센터, 로봇 제조 및 부품 클러스터, 수소 생산... 금융위는 현대차그룹, 정책 금융기관과 함께 실무 협의체를 구성해 금융 구조와 자금조달 방안을 구체화할...",http://www.inews24.com/view/1957325,13,,1
"[단독] 與·국민연금, 금융위 공시 초안 제동…""기업가치 평가 불가능""",필요하다”며 금융위원회와 한국회계기준원 등에 서원주 기금이사 명의로 의견을 전달했다. 금융위가 지난 2월 공개한 ESG 공시 초안에 따르면 2027회계연도(2028년 공시)부터 연결자산총액 30조원 이상의 코스피...,https://www.hankyung.com/article/202604061612i,15,,1
소액공모 10억→30억 확대…VC 투자 공모규제 부담 완화,"금융위원회는 6일 이 같은 내용을 담은 '자본시장과 금융투자업에 관한 법률 시행령 및 관련 규정 개정안'을... 금융위는 ""벤처기업이 VC 투자를 받으며 투자자 수를 잘못 산정해 의도치 않게 공모규제를 위반하고...",https://www.cstimes.com/news/articleView.html?idxno=700944,13,,1
삼성증권·메리츠증권 '발행어음' 눈앞…이번주 증선위 상정,"단기금융업 인가안, 8일 증선위 올라 금융위 의결 땐 사업자 총 9곳으로 삼성증권과 메리츠증권이 8번째 발행어음 사업자 타이틀을 나란히 눈앞에 뒀다. 6일 금융당국과 금융투자 업계에 따르면 금융위원회는 오는 8일...",https://news.einfomax.co.kr/news/articleView.html?idxno=4407927,13,,1
소액공모 기준 10억→30억 확대…VC 투자 시 공모 규제 부담도 완화,"▲ 금융위원회 기업의 공시 부담을 완화하기 위해 소액공모 기준이 30억원 미만으로 확대되고, 벤처투자조합 등 벤처캐피털(VC)펀드 투자 시에도 공모규제가 완화됩니다. 금융위원회는 오늘(6일) 이 같은 내용을 담은...",https://news.sbs.co.kr/news/endPage.do?news_id=N1008506948&plink=ORI&cooper=NAVER,13,,1
거래소 불통에 금융위로 향한 귀금속업계…“금시장 밀실개방 반대”,한국거래소가 일방적으로해외 업체의 금 공급을 허용하기로 하자 이에반발한 국내 귀금속업계가 오늘금융위원회 앞에서 단체행동에 돌입한다. 한국주얼리산업단체총연합회는 6일 오후 2시부터 5시까지 금융위가 위치한...,https://www.dnews.co.kr/uhtml/view.jsp?idxno=202604061316228550093,13,,1
[인사] 금융위 부이사관·서기관 승진 프로필(4월 6일자),"46회 ▲금융위원회 기업구조개선과(구조조정지원팀장) ▲금융지원과장 ▲금융데이터정책과장 ▲중소금융과장 박보란 ▲88년생 ▲은광여고 ▲서울대 경제학, 미)컬럽비아대 행정학 석사 ▲행시 55/56회 ▲금융위원회...",http://www.intn.co.kr/news/articleView.html?idxno=2049994,13,,1
중소·벤처기업 공시 부담 완화…소액 공모 기준 30억원까지 확대,금융위원회가 중소·벤처기업의 공시 부담을 완화하기 위해 자본시장법 시행령 및 규정 개정을 추진한다.... 금융위원회는 6일 이러한 내용을 담은 자본시장법 시행령 및 증권 발행 및 공시 규정 개정안을 입법예고한다....,https://news.einfomax.co.kr/news/articleView.html?idxno=4407907,13,,1
"30억 미만 소액공모, 증권신고서 대신 간소화된 서류 공시","금융위원회는 중소·벤처기업 공시부담을 완화하고, 벤처기업이 의도치 않게 공모규제를 위반해 제재를... 이에 금융위는 벤처투자회사, 신기술금융회사 등 운용주체가 전문성을 충분히 갖춘 VC일 경우 일반 펀드와...",https://www.hankookilbo.com/news/article/A2026040611020002734?did=NA,13,,1
중소·벤처 공시 부담 낮춘다… 소액공모 30억원 확대·VC 규제 완화,"소액공모 기준 10억→30억원 VC도 전문가로 분류… 투자자 수 산정에서 제외 금융위, 예고기간 거쳐 올해... 금융위원회는 이 같은 내용을 골자로 오는 7일부터 다음 달 18일까지 입법 예고 및 규정 변경 예고를 실시한다고...",https://biz.chosun.com/stock/stock_general/2026/04/06/2IZRY4GGWJEG5IVVMQXCBH2GSU/?utm_source=naver&utm_medium=original&utm_campaign=biz,13,,1
"금융위, 소액공모 30억으로 상향·VC 투자자수 산정 제외",금융위원회는 7일 이 같은 내용을 담은 자본시장법 시행령 및 공시규정 개정안을 입법예고한다고 밝혔다.... 금융위는 이를 30억원 미만으로 확대한다. 2009년 이후 유지돼 온 기준이 시장 규모 확대를 반영하지 못했다는...,http://www.inews24.com/view/1957266,13,,1
"""중소·벤처기업 공시 부담 완화""…금융위, 자시법 시행령·규정 개정 추...",금융위원회는 6일 '자본시장과 금융투자업에 관한 법률 시행령' 및 '증권의 발행 및 공시 등에 관한 규정' 개정안을 추진한다고 밝혔다. 이번 개정은 지난해 12월 금융위 업무보고 관련 후속조치 일환이다. 내일(7일)부터...,https://www.dailian.co.kr/news/view/1629887/?sc=Naver,13,,1
증권신고서 안내는 소액공모 30억원까지 가능해진다,금융위원회가 중소·벤처기업의 자금조달 부담을 낮추기 위해 소액공모 기준을 확대하고 공모 규제 적용... 소액공모 기준 완화…공시 부담 낮춘다 금융위원회는 6일 이 같은 내용을 담은 자본시장법 시행령 및 증권의...,https://news.bizwatch.co.kr/article/market/2026/04/06/0007,13,,1
"금융위, 중소·벤처 공시부담 완화…30억 미만은 증권신고서 면제",아주경제=신동근 기자 sdk6425@ajunews.com 서울 종로구 소재 금융위원회 내부 전경 [사진=금융위] 금융위원회가 중소·벤처기업의 자금조달 부담을 줄이기 위해 소액공모 범위를 기존 10억원 미만에서 30억원 미만으로...,https://www.ajunews.com/view/20260406092133580,13,,1
중소·벤처기업 소액공모 10억→30억 원 미만으로 확대,금융위원회는 6일 이 같은 내용을 담은 자본시장법 시행령과 증권의 발행 및 공시 등에 관한 규정 개정안을 입법·규정변경 예고한다고 밝혔다. 이는 지난해 12월 금융위 업무보고의 후속 조치다. 예고기간은 이달 7일부터...,https://www.sedaily.com/article/20028733?ref=naver,13,,1
"""기후만으론 반쪽짜리 ESG 공시""…공인노무사회, '인권·사회 의무화' 요...",사진제공=한국공인노무사회 한국공인노무사회(회장 이완영)는 금융위원회에 'ESG 공시 제도화 방안'에 대한 의견서를 제출하며 인권·사회(S) 정보의 동시 의무화를 최근 요구했다. 금융위는 2026년 2월 'ESG 공시 제도화...,https://www.esgeconomy.com/news/articleView.html?idxno=15085,13,,1
예탁결제원 차기 사장에 이윤수 전 금융위 상임위원 내정,"한국예탁결제원 차기 사장에 이윤수 전 금융위원회 증권선물위원회 상임위원이 내정됐습니다. 예탁결제원은 오늘(6) 임시 주주총회를 열고 선임안을 의결할 예정이며, 금융위원회 승인 절차를 거쳐 최종 임명이...",https://news.knn.co.kr/news/article/186083,13,,1
"""지배구조 개선, 국민연금 경영참여 등은 검토 중,구체적인 사항은 정해...",""" 등의 내용을 보도하자 금융위원회가 부인했다. 금융위는 '동 보도내용에 대한 설명'이라는 보도설명자료를 내어 ""금융회사 지배구조 선진화 관련 개선안의 구체적인 사항은 아직 정해지지 않았다""고 부인한 것이다.",http://www.intn.co.kr/news/articleView.html?idxno=2049987,13,,1
"한화솔루션 이사회, 김동관 거수기?…찬성률 100%·배당 외면[더시그널...","결국 금감원도 행동에 나섰다. 한화솔루션의 융증의 당위성, 주주 권익 훼손 여부, 이사회 논의 내용과 주주 소통 계획 등을 면밀히 검토하고 있으며, 10일 이내에 심사를 마칠 계획이다. 한화솔루션 관계자는 ""신규...",http://www.hansbiz.co.kr/news/articleView.html?idxno=830704,6,,1
확 높아진 문턱…가계대출도 선착순 게임?,금감원 관계자는 “전체적인 가이드라인이 나왔으니 이제 은행별 조정을 위한 협상을 진행 중”이라며 “은행들이 제시한 각자의 목표를 고려해 전체 1.5% 증가율 이내에서 배분하는 과정”이라고 설명했다. 이번 규제의...,https://www.dt.co.kr/article/12056030?ref=naver,10,,1
[이코노 브리핑] 조성목 서민금융연구원장 재취임 외,"조 원장은 금감원 재직 시절 5대 금융악 척결 특별대책단 종합대응반장을 맡는 등 서민금융 범죄를 다뤘으며 2017년 연구원 설립을 주도하고 초대원장을 지냈다. 하나카드, 두 달간 ‘주유 특화 카드’ 행사 하나카드가...",https://www.segye.com/newsView/20260406515733?OutUrl=naver,7,,1
대담해지는 불법 PG…국세청 사칭에 영업사원도 속였다,"자영업자를 상대로 '절세 단말기'를 내세우며 탈세를 조장하는 불법 결제대행업체(PG) 행태는 점점 대담해지고 있다. 국세청 직원을 사칭해 가맹점을 모집하는가 하면, 자신들의 영업 사원들에게조차 '정상적인 PG업체...",https://www.kado.net/news/articleView.html?idxno=2043095,1,,0
"[금융 HOT 뉴스] 유안타증권, AI 기반 영상형 준법 교육 콘텐츠 '준법&라...",사진=유안타증권  금감원은 최근 올해 증권사·자산운용사를 대상으로 고위험 상품의 상품 기획·제조·판매 등 단계별 내부통제 실태를 점검하겠다고 강조했다. 이런 가운데 유안타증권이 인공지능(AI) 기술을 활용한...,http://www.bizwnews.com/news/articleView.html?idxno=132608,10,,1
살금살금 다가가 ‘쿵’…자동차 보험사기 증가세,"[문병구/충남경찰청 형사기동대 팀장 : ""합의금을 받기 위해 큰소리 치며 엄포를 놓는 경우가 많은데 절대 먼저 합의하지 마시고 (사고) 사진 등을 확보해 (신고해야 합니다).""] 경찰과 금감원은 물론 보험협회까지 나서...",https://news.kbs.co.kr/news/pc/view/view.do?ncd=8528393&ref=A,9,,1
"클라비, 금감원 민원포털 구축 개시",사진=클라비 생성형 AI 및 클라우드 전문기업 클라비(대표 안인구)는 네이버클라우드의 초거대 AI 모델 하이퍼클로바X를 기반으로 자사의 AI 에이전트 플랫폼 '클라리오(Clario)'를 활용한 공공·산업 분야 AI 구축 사업을...,http://www.financialreview.co.kr/news/articleView.html?idxno=41454,6,,1
"[보험산업 진단 ②] ""202회 통원·1340만원 청구""...일반 가입자에 전가...","금융당국은 2023년에만 자동차보험 사기 5,476억원, 6만5천명을 적발했다고 밝혔고, 보험사기방지특별법 개정 이후 금감원과 보험업계는 보험사기 알선·유인행위 혐의자 3,677명, 약 939억원 규모를 수사 의뢰했다. 지난해...",https://www.polinews.co.kr/news/articleView.html?idxno=727671,10,,1
"에스엠 주주 티 로우 프라이스어소시에이트, 에스엠 주식등의 수 12만76...",달리하기에 금감원에 문의한 바에 따라 구분하여 기재함(본 보고서의 다른 부분에서도... 관계'는 금감원에 문의한 바에 따라 '운용펀드'로 기재함. (2) 특별관계자에 대한 구체적인...,https://www.digitaltoday.co.kr/news/articleView.html?idxno=653995,7,,1
"주주 반발 속 한화솔루션 2.4조 유증 강행…금감원 ""미흡하면 필요한 조...","다만 금감원이 심사 과정에서 정정을 요구할 경우 효력 발생 시점은 1~2개월가량 늦춰질 수 있다. 이미 금감원이 이번 건을 주주 권익 훼손 우려가 있는 중점심사 대상으로 들여다보고 있는 만큼, 증권신고서가 별다른...",https://www.newsway.co.kr/news/view?ud=2026040615250424873,6,,1
한화솔루션 유증 후폭풍…이사진 매입에 CFO 대기발령까지,그러나 설명회 과정에서 나온 금감원 관련 발언이 새 논란으로 번졌다. 정원영 CFO는 당시 “증권신고서 제출 전에 (금감원과) 소통하고 유상증자 계획을 얘기한다”는 취지로 발언했다. 이 발언은 한화솔루션이...,https://www.bizhankook.com/bk/article/31977,6,,1
"서영교 ""쌍방울 수사 누락 의혹""…금감원, 100억대 부당이득 확인","관련해 금감원 등 관계기관으로부터 업무보고를 받았다. 서영교 국조특위 위원장은 ""금감원이 100억원이 넘는 부당이득을 확인하고 압수수색 영장만 발부되면 자료를 제출할 준비가 돼 있었지만, 수원지검이 영장을...",https://www.kbanker.co.kr/news/articleView.html?idxno=224641,6,,1
'당국 교감' 실언 정원영 한화솔루션 CFO 대기발령…사실상 문책 경질,"주주들에게 ""금감원에 사전 계획을 다 말씀드렸다""고 답변했다. 당국이 증자안의 적절성을 엄중히 따져보는 상황에서 심사 결과에 가이드라인을 제시하는 듯한 오해를 산 것이다. 금감원이 즉각 ""사전 협의나 승인은...",https://magazine.hankyung.com/business/article/202604062558b,6,,1
"한화솔루션 주주 측, 유상증자 관련 발언 해명에 대한 입장 발표",금감원 교감 발언 논란 관련…책임 소재 및 시장 영향 지적 한화솔루션 유상증자 관련 발언 논란과 관련해 주주 측이 입장을 밝혔다. 한화솔루션 소액주주를 대표하는 천경득 변호사는 입장문을 통해 지난 3일...,https://www.seoul.co.kr/news/economy/2026/04/06/20260406500200?wlog_tag3=naver,6,,1
자본성 조달 두고…한화솔루션 유증 강행 왜? [시그널INSIDE],피해를 줄일 수 있는 방안을 고려한다”며 “SK이노베이션의 경우 지주사와 증권사가 일부 책임을 가져가는 방향으로 진행됐다”고 설명했다. 금감원까지 나섰다! 한화솔루션 2.4조 유상증자가 유독 시끄러운 이유,https://www.sedaily.com/article/20028922?ref=naver,9,,1
"“AI 자동투자로 돈 번다” 속아 1억원 날려먹은 ‘인생 한방’ 남편, 속...",없다면 금감원에서는 피해자들의 피해 금원 비율대로 지급해주게 된다”고 설명했다. 임 변호사는 또 “부부별산제를 원칙으로 하는 취지에 맞춰 개인 파산 절차에서도 배우자의 재산은 원칙적으로 분리된다”며...,https://biz.heraldcorp.com/article/10710502?ref=naver,2,,1
"한화솔루션 '금감원과 사전 소통' 발언 CFO 대기발령, 경영진 장내매수...",금감원과 2조4천억 원 규모 유상증자와 관련해 미리 교감했다는 취지의 발언을 내놓은 인물을 대기발령해 진화에 나선 것으로 분석된다. 정원영 CFO는 지난 3일 한화솔루션 개인 주주 간담회에서 유상증자 이전에 금감원과...,https://www.businesspost.co.kr/BP?command=article_view&num=435081,6,,1
"한화솔루션, ‘금감원과 유상증자 사전협의’ 발언 CFO 대기발령",말에 “금감원에 사전에 유상증자 계획을 다 말씀드렸다”고 말해 논란을 일으켰다. 현재 금감원은 조달 자본의 60% 이상을 채무 변제에 쓰겠다는 한화솔루션의 주주배정 방식 유상증자 계획이 주주권익을 훼손하지...,https://www.hani.co.kr/arti/economy/marketing/1252888.html,6,,1
"삼천당제약 주가 급락에 전인석 주식 블록딜 매각 철회, 흔들리는 바이...",금감원은 최근 '바이오 기업 공시 개선 TF'를 구성해 정기·수시공시뿐 아니라 보도자료의 문구와 표현 관행까지 전면 검토에 착수한 것으로 알려졌다. 바이오 업계의 '깜깜이 공시' 관행을 뿌리 뽑겠다는 의지로...,https://www.businesspost.co.kr/BP?command=article_view&num=435058,8,,1
유증 해명하다 역풍…한화솔루션 CFO 대기발령,"6일 재계에 따르면, 한화솔루션은 지난 3일 개인투자자 대상 기업설명회에서 ""금감원에 사전에 유상증자... 금감원은 이후 불편한 심기를 드러내며 즉각 반발했습니다. 금감원은 ""한화솔루션의 2조4000억 원 규모 유증과...",https://biz.sbs.co.kr/article_hub/20000302364?division=NAVER,6,,1
"한화솔루션, '금감원 사전 교감' 발언 CFO 대기발령 조치","금감원 반박 등 논란 커지자 경질 ""개인의 실수일뿐 회사 입장 아냐"" 아주경제=이나경 기자 nakk@ajunews.com [사진... 앞서 정 전무는 지난 3일 주주 간담회에서 질의응답 시간에 ""금감원과 사전에 유증 계획에 대해 다...",https://www.ajunews.com/view/20260406164858159,6,,1
돈 되는 금융꿀팁,"금감원에 따르면 일부 광고에서는 만기매칭형 채권 ETF를 홍보하면서 ""예금만큼 안전하다""는 표현을 사용하거나 목표 분배율을 강조하며 마치 고정 수익이 보장되는 것처럼 소개했다. 금감원은 ETF는 은행 예금과 달리...",https://www.yonhapmidas.com/news/articleView.html?idxno=10236,12,,1
한화솔루션 CFO 대기발령 조치...'2.4조원 유증 금감원 사전협의' 발언 ...,"6일 업계에 따르면, 한화솔루션은 지난 3일 개인 투자자 대상 기업설명회에서 ""금감원에 사전에 유상증자... 이에 금감원은 즉각 반박하며 불편한 심기를 드러냈다. 증권신고서 심사는 법적 절차에 따라 증권신고서...",https://www.newspim.com/news/view/20260406001127,6,,1
"재고 쌓인 한화솔루션, 재무 악화 속 유증 논란까지",금감원은 자금 사용 목적과 주주 소통 과정 등을 중심으로 증권신고서를 점검하고 있는 것으로 전해진다.... 금감원 사전 교감 여부를 둘러싼 논란도 불거졌다. 주주 간담회에서 최고재무책임자(CFO)가 금감원과 사전에...,https://daily.hankooki.com/news/articleView.html?idxno=1355522,6,,1
"한화솔루션, ""금감원과 유증 사전 교감"" 실언 CFO 대기발령","한화솔루션[009830]은 해당 내용에 대한 금감원의 지적 이후 즉시 사과문을 내고 사실이 아니라고 해명했다.... 앞서 정 전무는 지난 3일 주주 간담회에서 질의응답 시간에 ""금감원과 사전에 유증 계획에 대해 다 말씀드렸다....",https://news.einfomax.co.kr/news/articleView.html?idxno=4407958,6,,1
'다시 서민 곁으로' 조성목 서민금융연구원 4대 원장 취임,금감원을 떠난 뒤 연구원 설립을 주도하면서 국내 서민금융 분야의 새로운 이정표를 세웠다는 평가를 받았다. 조 원장은 취임사에서 “사후 구제에 머물렀던 기존 서민금융의 틀을 완전히 깨겠다”며 “빚을 진 뒤에 돕는...,http://www.fnnews.com/news/202604061034201587,7,,1
메리츠화재 손보사 '민원 1위' … 소비자 불만 '봇물',"다만 ""최근 가입자들이 금융사를 거치지 않고 금감원 등 외부 기관에 직접 민원을 제기하는 추세라는 점을 함께 고려할 필요가 있다""고 말했다. 세이프타임즈는 메리츠화재의 입장을 듣기 위해 △현재 민원 현황의 배경...",https://www.safetimes.co.kr/news/articleView.html?idxno=241558,7,,1
한화솔루션 유증 해명 역풍에 소액주주 결집력↑…임시주총 열리나,"회사는 3일 개인 주주 간담회에서 금감원 관련 설명 과정에서 표현이 잘못돼, 마치 유상증자 계획을 금감원과 사전에 상의하고 양해를 구한 것처럼 오해를 불러일으켰다고 해명했다. 소액주주들은 이에 대해...",https://zdnet.co.kr/view/?no=20260406142616,6,,1
'부정거래' 방시혁 수사 조만간 결론?…법리 검토만 5개월째,앞서 이 의혹을 수사 중이던 서울남부지검은 지난해 7월 사건을 금감원 특사경에 수사지휘한 바 있다. 일각에서는 수사 결과의 파급력을 고려해 송치 시점이 늦춰진 것 아니냐는 지적도 제기된다. 형사법 전문 곽준호...,https://www.mt.co.kr/society/2026/04/07/2026040613103114481,6,,1
‘2.4조 유증’ 한화솔루션 CFO 발언에...금감원 ‘곤혹’,할 금감원의 신뢰성 타격이 불가피하다는 관측이 나온다. 6일 업계에 따르면 정원영 한화솔루션 최고재무책임자(CFO)는 3일 열린 개인 투자자 대상 기업설명회에서 “금감원에 사전에 유상증자 계획에 대해 다 말씀드렸다....,https://www.sedaily.com/article/20028835?ref=naver,6,,1
"액트 ""한화솔루션, 금감원 신뢰 훼손한 부적절한 해명""","지난 3일 주주간담회에서 정원영 한화솔루션 재무실장이 금감원과 유상증자를 사전 교감한 듯한 발언을 한 뒤, 회사가 이를 '개인의 표현상 실수'라고 해명한 데 따른 것이다. 액트 측은 ""기만적인 해명을 결코 납득할 수...",https://news.tf.co.kr/read/economy/2310033.htm,6,,1
"한화솔루션이 던진 유증 2.4조, 지갑 여는 (주)한화···김동관 판단도...","하지만 이 자리에서 정원영 최고재무책임자(CFO)가 금감원에 유상증자 계획을 사전에 다 말씀드렸고, 증권신고서 제출 전부터 소통한다는 취지로 말하면서 논란이 번졌다. 금감원은 곧바로 사전 협의나 승인이 없었다고...",https://www.pointdaily.co.kr/news/articleView.html?idxno=299890,6,,1
“내 주식 또 폭락하나”…유상증자 논란에 뿔난 개미들 지분 결집 본격...,또 금감원이 즉각 이를 부인하며 소명을 요구했는데도 “회사 관계자 개인의 표현상 실수라고 해명한 것은... 금융투자업계에서는 유상증자 심사를 맡은 금감원이 자금사용 목적의 정당성이나 주주와의 소통 문제 등을...,https://www.mk.co.kr/article/12009070,8,,1
"한화솔루션 유증 고비…금감원, 이번 주 심사 끝낸다","최 기자, 금감원의 심사가 끝나면 바로 유상증자 일정이 진행됩니까? <기자> 중점심사 마감 기한이 이번 주 금요일로, 금감원의 정정 요구가 없다면 10일부터 유상증자 효력이 발생합니다. 현재 금감원은 제출된...",https://www.wowtv.co.kr/NewsCenter/News/Read?articleId=A202604060154&t=NNv,6,,1
"DB손보, 미국 보험사 인수...해외 사업 본격화","금감원에 따르면, 국내 보험사는 지난 2024년 기준 해외 11개국에서 총 44개의 점포를 운영 중인데, 이는 2019년 대비 10개 증가한 것이다. 특히 자본 여력이 충분한 대형사들은 해외법인 인수를 통해 해외 진출의...",https://www.ekoreanews.co.kr/news/articleView.html?idxno=85427,9,,1
한화솔루션 ‘유증’ 논란 지속…일부 소액 주주 “금감원 사전 교감설...,주주 측은 금감원이 즉각 이를 부인하며 소명을 요구했는데도 회사가 “회사 관계자 개인의 표현상 실수”... 정원영 CFO가 금감원과 유상증자 계획을 사전에 소통했다는 취지로 말하자 사전 교감 의혹이 제기됐고...,https://www.ddaily.co.kr/page/view/2026040613325810584,6,,1
사모신용 불안 확산 “보험사 리스크 관리 중요”,금감원은 위험노출 규모가 보험회사 총자산 대비 2.2% 수준이라서 관리 가능하다는 입장이다. 박 연구위원은 “국내보험사는 비교적 신용위험이 낮은 선순위 직접대출(Direct Lending) 형태로 사모신용 투자를 할 것으로...,https://www.naeil.com/news/read/584180?ref=naver,10,,1
주주 반발 부른 한화솔루션 ‘기습 유상증자’… 에어로스페이스 전철...,6일 금융권에 따르면 금감원은 유상증자 중점심사를 통해 한화솔루션의 유상증자 결정 배경 및 논의... 한화솔루션 소액주주들은 금감원에 탄원서를 제출한 데 이어 지분 결집을 시도하고 있다. 금융권에서는 주주 소통...,https://www.munhwa.com/article/11580116?ref=naver,7,,1
한화솔루션 '금감원 언급' 역풍…소액주주 지분 결집 본격화,지난주 개인투자자 간담회에선 금감원과 유증을 사전에 교감한 듯한 임원의 발언이 도마에 올랐습니다. 유증에 반대하는 개인투자자들은 주주대표 선출과 임시주총 추진에 나서며 집단행동 수위를 끌어올리고 있습니다....,https://biz.sbs.co.kr/article_hub/20000302253?division=NAVER,6,,1
'뿔난' 한화솔루션 소액주주 지분결집 3% 임박···이사회 진입 노린다,한편 이번 유상증자를 둘러싸고 금감원 사전 교감 의혹 관련 보도도 나왔다. 주간사와 금융당국 고위 인사... 한화솔루션 최고재무책임자(CFO)가 금감원과 사전 소통이 있었다는 취지로 언급한 점이 도화선이 됐다. 이에...,https://www.sisajournal-e.com/news/articleView.html?idxno=420287,7,,1
"서영교,수원지검이 쌍방울 주가조작 부당이득 조사 '부실' 주장","이날 국조특위 전체회의에서는 금감원이 쌍방울 계열사의 100억 원대 주가조작을 결론냈음에도 불구하고... 서 위원장은 ""금감원이 100억 원이 넘는 부당이득을 확인하고, 압수수색 영장만 발부받으면 자료를 넘겨줄...",http://www.intn.co.kr/news/articleView.html?idxno=2049993,9,,1
"은행 자본비율 하락, 위기 아닌 오해...알고 보니 '배당 확대' 때문?","금감원으로부터 신용리스크 내부등급법을 새로 승인받은 덕분으로, 내부등급법 도입으로 수협은행의 BIS비율은 3%p 이상 개선됐다. 한편 국내 전체 은행의 보통주자본비율 13.51%는 최저 규제치의 1.7배에 가까운...",http://www.dailypop.kr/news/articleView.html?idxno=97715,9,,1
"[단독] 인색한 삼성증권, 운용수익 ‘1등’인데…환원율은 ‘꼴찌’",금감원은 “합리적이고 공정한 예탁금 이용료율 산정을 통해 투자자 권익이 제고될 수 있도록 투자자 예탁금 이용료율 현황을 지속 모니터링하며 제도 개선 과제를 추가 발굴·추진하겠다”는 입장이다.,https://www.dailian.co.kr/news/view/1629891/?sc=Naver,6,,1
책무구조도 도입 전 카드사로 확산…이사회 의장 분리 운영은 '갑론을박...,"신한카드는 이달 2일 금감원에 책무구조도를 제출했고, 삼성은 10일까지 책무구조도를 제출할 예정인 것으로 확인됐다. 여신금융협회는 금융당국의 책무구조도 시행 발표 직후부터 발 빠르게 책무구조도 시행 대비에...",https://www.etnews.com/20260406000124,10,,1
망분리 완화 시행일 ‘안갯속’…금융사·SaaS 기업 발만 동동,금감원 관계자는 “신청 절차보다 제도 시행이 더 빠를 수 있다고 판단한 것 아니겠느냐”며 그 배경을 설명했다. 혁신금융 서비스 인가를 받고 서비스 도입을 준비 중이던 금융사도 사정은 다르지 않다. 실제 서비스...,https://www.ddaily.co.kr/page/view/2026040610154078676,7,,1
용돈을 모아? 난 불린다!…투자도 ‘조기교육’ 시대,"금감원이 금융 사기 예방 위주였던 청소년 교육을 실전 투자 중심으로 확 바꾼 이유입니다. [허수정... 해서…""] 금감원은 자체 개발한 투자 체험 교구들을 일선 학교에도 배포하고 있습니다. KBS 뉴스 석혜원입니다....",https://news.kbs.co.kr/news/pc/view/view.do?ncd=8527676&ref=A,7,,1
연임 ‘67%룰’…KB금융 회장 첫 시험대[김보형의 뷰파인더],이찬진 금감원장까지 “일부 금융지주 회장이 이사회에 자기 사람으로 참호를 구축한다”고 질타했다. BNK금융 지분 약 4%를 보유한 라이프자산운용도 “부실한 경영 성과에도 연임을 위해 무리하게 선임 절차를...,https://magazine.hankyung.com/business/article/202603306173b,9,,1
