title,summary,url,score,prob,keep,decision,decision_reason,relevance_score,relevance_prob,matched_hard,matched_soft,matched_negative,relevance_model_policy,model_used,candidate_keep_prob,candidate_drop_prob
"[테크M 이슈] ""사회공헌이 아니라 생존""…4대 금융지주의 포용금융 홍보...",KB금융 또한 제2금융권·대부업 차주를 은행권으로 대환하는 'KB국민도약대출'을 출시하고 새희망홀씨·신용대출 채무조정 상품의 최고금리를 3.5%포인트 인하했다. 신한금융은 그룹미소금융재단에 1000억원을 추가...,https://www.techm.kr/news/articleView.html?idxno=151964,9,0.5072,1,keep,candidate_hybrid_keep_strong_domain_rule_anchor,9,0.5072,대부업;최고금리,,,candidate_hybrid,1,0.65,0.35
저축은행 플랫폼 수수료율 인하 늦어지나…금융당국도 신중모드,금융위는 저축은행 대출금리 산정체계 모범규준도 함께 손질하는 방안을 검토 중인 것으로 알려졌다. 이 논의는 지난 3월 이찬진 금융감독원장은 저축은행 최고경영자(CEO) 간담회에서 '대출모집 비용 합리화' 필요성을...,https://news.einfomax.co.kr/news/articleView.html?idxno=4415609,16,0.7563,1,keep,candidate_hybrid_keep_strong_domain_rule_anchor,16,0.7563,금융감독원;금융위;저축은행,,,candidate_hybrid,1,0.65,0.35
생활비 급해 상품권 예약판매했더니 이자 2천% 초고금리 사채?,"경찰청 국가수사본부가 최근 발표한 6개월간의 불법사금융 특별단속(2025년 11월~2026년 4월) 결과, 상품권 예약판매를 빙자한 소액 대출 수법 등 신·변종 불법행위가 다수 적발됐으나 그동안 대부계약 상 금전거래보다는...",https://www.joongboo.com/news/articleView.html?idxno=363726230,9,0.7027,1,keep,candidate_hybrid_keep_strong_domain_rule_anchor,9,0.7027,불법사금융,대출,,candidate_hybrid,1,0.65,0.35
"상장 임박 '삼전·닉스 레버리지 ETF' 괜찮나…금감원 ""내부통제·모니터...",이와 관련해 협의회는 핀플루언서 AI 기반 모니터링 시스템을 통해 위법행위를 실시간으로 단속·적발하는... 가령 GA가 불법 사금융에 가담하거나 각종 컨설팅(세무·회계·노무 등)을 빌미로 불필요한 보험가입을...,https://www.mediapen.com/news/view/1099858,6,0.5579,1,keep,candidate_hybrid_gray_keep_domain_score_ge_threshold,6,0.5579,금감원,,,candidate_hybrid,1,0.65,0.35
"""레버리지 ETF 쏠림에 AI 해킹까지""…금감원 점검 나선다",이에 GA가 불법 사금융에 가담하거나 세무·회계·노무 등 컨설팅을 빌미로 불필요한 보험 가입을 유도하는... 핀플루언서 불법행위에 대해서는 24시간 AI 기반 모니터링 시스템을 통해 위법행위를 실시간 단속·적발하고...,http://www.bizwnews.com/news/articleView.html?idxno=136902,6,0.5011,1,keep,candidate_hybrid_gray_keep_domain_score_ge_threshold,6,0.5011,금감원,,,candidate_hybrid,1,0.65,0.35
"금감원 ‘5대 소비자위험’ 대응, GA불법영업, 증권업계 과당경쟁",이날 논의에서는 GA가 불법 사금융에 가담하거나 세무·회계·노무 등 각종 컨설팅을 빌미로 불필요한 보험... 이밖에도 협의회는 핀플루언서 AI 기반 모니터링 시스템을 통해 위법행위를 실시간으로 단속·적발하고...,https://www.naeil.com/news/read/589061?ref=naver,6,0.5249,1,keep,candidate_hybrid_gray_keep_domain_score_ge_threshold,6,0.5249,금감원,,,candidate_hybrid,1,0.65,0.35
"금감원, GA 모집질서 문란행위 단속… 소비자위험 선제 대응","협의회는 보험사의 GA 판매 의존도가 커지는 가운데, 일부 GA가 불법사금융에 가담하거나 세무·회계·노무... 협의회는 AI 기반 핀플루언서 모니터링 시스템을 상시 가동해 위법행위를 실시간 단속하고...",https://www.insnews.co.kr/news/articleView.html?idxno=90866,14,0.5356,1,keep,candidate_hybrid_keep_strong_domain_rule_anchor,14,0.5356,금감원;불법사금융,,,candidate_hybrid,1,0.65,0.35
"금감원, 레버리지 ETF 쏠림 경고…""금융회사 과당 경쟁 안돼""",금감원은 증시 호황기를 틈탄 핀플루언서와 투자자문업자의 불법 행위에 대해서도 단속을 강화하기로 했다.... 금감원은 일부 GA가 불법 사금융에 연루되거나 각종 컨설팅을 명목으로 불필요한 보험 가입을 유도하는...,https://www.widedaily.com/news/articleView.html?idxno=294242,6,0.5033,1,keep,candidate_hybrid_gray_keep_domain_score_ge_threshold,6,0.5033,금감원,,,candidate_hybrid,1,0.65,0.35
"이찬진 금감원장 ""자본시장 교란 행위 엄정 대처""",2%에 달하지만 내부통제가 부실해 불법 사금융 가담이나 불필요한 보험 가입 유도 등의 소비자 피해가... 실시간 단속하고 방송통신심의위원회 등 유관기관과 원스톱 대응체계를 운영해 불법 금융광고를 신속히...,https://www.pointdaily.co.kr/news/articleView.html?idxno=305422,0,0.3479,0,drop,candidate_hybrid_model_drop_prob_le_threshold,0,0.3479,,,,candidate_hybrid,1,0.65,0.35
"금감원, ‘AI 사이버위협·레버리지 ETF 과열’ 주요 현안 논의",보험사의 GA 판매 의존도가 커지는 가운데 일부 GA가 불법 사금융에 가담하거나 세무·회계·노무 컨설팅을... 이에 따라 금감원은 AI 기반 핀플루언서 모니터링 시스템을 24시간 상시 가동해 위법행위를 실시간으로 단속...,http://www.joseilbo.com/news/news_read.php?uid=568535&class=18&grp=,6,0.5719,1,keep,candidate_hybrid_gray_keep_domain_score_ge_threshold,6,0.5719,금감원,,,candidate_hybrid,1,0.65,0.35
"금융감독원, 제2차 소비자위험대응협의회 개최","GA가 불법 사금융에 가담하거나 각종 컨설팅(세무·회계·노무 등)을 빌미로 불필요한 보험가입을 유도하는... 실시간으로 단속·적발하는 한편, 방미통위 등 유관기관과 협력해 불법 금융광고 등을 신속히 차단·제재하는...",http://www.intn.co.kr/news/articleView.html?idxno=2050818,6,0.4588,1,keep,candidate_hybrid_gray_keep_domain_score_ge_threshold,6,0.4588,금융감독원,,,candidate_hybrid,1,0.65,0.35
"금감원, 레버리지 ETF 손실·GA 모집 문란 등 5개 소비자 위험 점검 나서",이들 중 일부가 불법 사금융에 가담하거나 세무·회계·노무 등 각종 컨설팅을 빌미로 불필요한 보험 가입을... 금감원은 24시간 365일 상시 가동하는 핀플루언서 AI 기반 모니터링 시스템으로 위법행위를 실시간 단속...,https://www.greened.kr/news/articleView.html?idxno=340912,6,0.4947,1,keep,candidate_hybrid_gray_keep_domain_score_ge_threshold,6,0.4947,금감원,,,candidate_hybrid,1,0.65,0.35
"이찬진 금감원장 ""과도한 빚투·레버리지 조장, 높은 경각심 갖고 대응...","한다""며 불법 사금융 가담이나 각종 컨설팅을 빌미로 한 불필요한 보험 가입 유도 행위를 차단하기 위해... 주도하는 불법 핀플루언서에 대해서도 자체 구축한 AI 기반 상시 모니터링 시스템을 가동해 24시간 실시간 단속...",http://www.srtimes.kr/news/articleView.html?idxno=203515,0,0.3741,0,drop,candidate_hybrid_gray_drop_score_lt_threshold,0,0.3741,,,,candidate_hybrid,1,0.65,0.35
"금감원, AI 해킹·레버리지 ETF 소비자 위험 점검","일부 GA가 세무·회계·노무 컨설팅 등을 빌미로 불필요한 보험 가입을 유도하거나 불법 사금융에 가담할... SNS상 불법 투자정보 제공과 불공정거래 의심 행위를 실시간으로 단속하고, 불법행위 징후가 큰 자문사...",https://www.ajunews.com/view/20260519085515033,6,0.4669,0,drop,candidate_hybrid_drop_negative_signal,6,0.4669,금감원;불공정거래,,sns,candidate_hybrid,1,0.65,0.35
"선매수 후 추천 '리딩방' 잡는다…금감원, 365일 AI 모니터링 가동",실시간으로 단속·적발하기로 했다. 방송통신심의위원회 등 유관기관과 협력해 불법 금융광고를 차단... ◆ GA 설계사가 전체의 59.2%…불법 사금융 가담 우려도 보험대리점(GA)의 모집질서 문란행위도 안건에 올랐다....,https://www.raonnews.com/news/article.html?no=58240,6,0.3625,1,keep,candidate_hybrid_gray_keep_domain_score_ge_threshold,6,0.3625,금감원,,,candidate_hybrid,1,0.65,0.35
"금감원, GA 모집질서 문란 정조준…""보험 소비자 피해 사전 차단""","금감원은 일부 GA가 불법 사금융에 가담하거나 세무·회계·노무 컨설팅 등을 명목으로 소비자에게 불필요한... 핀플루언서 불법 투자 권유 단속, AI 기반 사이버 공격 대응 방안 등이 함께 논의됐다. 다만 보험업계에서는...",http://www.fins.co.kr/news/articleView.html?idxno=108588,9,0.5276,1,keep,candidate_hybrid_keep_strong_domain_rule_anchor,9,0.5276,금감원;보험업계,,,candidate_hybrid,1,0.65,0.35
세무법인HKL '稅相 읽기'(29) 위법 지출과 손금의 경계는?,과거 사채업 분야에서는 불법채권추심과 초고금리로 인한 서민층의 피해가 극심했습니다. 이에 구... 대법원은 구 대부업법이 강력한 제재를 동원하면서까지 상한제를 강제하는 근본적인 이유에 주목했습니다. 과도한...,http://www.intn.co.kr/news/articleView.html?idxno=2050834,11,0.4802,1,keep,candidate_hybrid_keep_strong_domain_rule_anchor,11,0.4802,대부업법;채권추심,,,candidate_hybrid,1,0.65,0.35
"[변호사 칼럼] 로맨스스캠, 동남아면 안전할 줄 알았다?...해외 송환 본...",막대한 피해를 일으키고 있다. 과거의 로맨스스캠이 단순히 개인 간의 감정적 교류를 바탕으로 한 소액... 및 보이스피싱 조직원으로 활동하며 거액을 편취한 혐의를 받고 있다. 이처럼 해외에 거점을 두고 도피 생활을...,https://idsn.co.kr/news/view/1065592971853461,4,0.2055,0,drop,candidate_hybrid_model_drop_prob_le_threshold,4,0.2055,보이스피싱,,,candidate_hybrid,1,0.65,0.35
"은행원 기지로 보이스피싱 추가 피해 막고, 1억 3천만 원 회복...군포경...","경기군포경찰서(서장 허성희)가 군포시 소재 신한은행에서 기관사칭 보이스피싱 피해자의 추가 피해를 미연에 방지하고 피해 회복에 기여한 은행원에게 감사장을 5월 19일 수여하고, 112신고 포상금을 전달하며 깊은...",http://www.mediagunpo.co.kr/21387,4,0.1258,0,drop,candidate_hybrid_model_drop_prob_le_threshold,4,0.1258,보이스피싱,,,candidate_hybrid,1,0.65,0.35
"초국가범죄 대응, 의심거래보고가 출발점이다 [화우 자금세탁방지인사...","박상현 법무법인 화우 고문 국경 없는 범죄와 디지털 금융 한국인 대학생이 캄보디아 보이스피싱 조직에... 한편, FATF는 2023년 10월 자금세탁 범죄 피해자들의 자산 회복(Asset Recovery)을 강화하기 위해 각 국가의...",https://www.mk.co.kr/article/12051676,5,0.2843,0,drop,candidate_hybrid_model_drop_prob_le_threshold,5,0.2843,보이스피싱,금융,,candidate_hybrid,1,0.65,0.35
"숙박업중앙회 강원도지회, 평창서 숙박업 영업자 위생 교육",평창군보건의료원 관계자들도 참석해 현장의 목소리를 청취하고 보이스피싱 예방 수칙을 안내하며 피해 방지를 당부했다. 김순란 군 보건정책과장은 “방문객들에게 수준 높은 서비스를 제공할 수 있도록 행정적 지원과...,https://www.kwnews.co.kr/page/view/2026051950110600000,4,0.2168,0,drop,candidate_hybrid_model_drop_prob_le_threshold,4,0.2168,보이스피싱,,,candidate_hybrid,1,0.65,0.35
"[포토뉴스]강릉경찰서, 보이스피싱 예방 감사장 전달","강릉경찰서(서장:변상범)는 19일 농협 강릉시지부(지부장:박종범) 심효진, 윤순환 직원에게 보이스피싱 피해 예방 감사장을 전달했다. 이들은 지난 11일 70대 고객이 현금 4,500만원을 인출하려고 하자 보이스피싱을...",https://www.kwnews.co.kr/page/view/2026051950135300000,4,0.1073,0,drop,candidate_hybrid_model_drop_prob_le_threshold,4,0.1073,보이스피싱,,,candidate_hybrid,1,0.65,0.35
"사기범죄 역대 최다인데 검거율 60%…경찰 ""추적팀 편성""","특히 보이스피싱과 폰지사기는 피해자가 스스로 돈을 송금하도록 유도하는 방식이 많아 피해 사실은 분명하지만, 전달책과 총책이 분리돼 있는 데다 조직이 해외에 거점을 두는 경우가 많아 피의자 특정에 어려움을...",https://www.kado.net/news/articleView.html?idxno=2051168,4,0.3677,0,drop,candidate_hybrid_gray_drop_score_lt_threshold,4,0.3677,보이스피싱,,,candidate_hybrid,1,0.65,0.35
외국인 유학생 맞춤 범죄예방 교육 운영,"주요 내용은 한국 생활 중 알아야 할 생활법률, 보이스피싱과 온라인 사기 피해 예방, 마약·도박 등 중독성 범죄 예방, 전동킥보드 사용법 등 교통안전수칙 등이다. 교육 후에는 유학생들의 애로사항을 듣고 일대일...",https://www.ulsanpress.net/news/articleView.html?idxno=575500,4,0.2024,0,drop,candidate_hybrid_model_drop_prob_le_threshold,4,0.2024,보이스피싱,,,candidate_hybrid,1,0.65,0.35
"BNK경남은행, 독거 어르신 위한 식료품 꾸러미 ‘효(孝)키트’ 제작 및...","지난 4월에는 지역 어르신 200여 명을 대상으로 최근 교묘해진 신종 보이스피싱 사기 사례를 공유하고, 금융사기 피해 발생 시 신속하게 대처할 수 있는 요령을 전달하는 맞춤형 금융교육을 전격 실시하기도 했다. 물품...",https://www.livesnews.com/news/article.html?no=61555,4,0.1892,0,drop,candidate_hybrid_model_drop_prob_le_threshold,4,0.1892,보이스피싱,,,candidate_hybrid,1,0.65,0.35
"달서경찰서, 범죄예방 홍보 캠페인 실시",이날 경찰은 △청소년 사이버도박 근절 홍보 △보이스피싱 자가진단 체크리스트 배부 △관내 보이스피싱 피해 사례 안내 등을 진행하며 주민들의 범죄 대응 역량 강화에 나섰다. 특히 행사 참가자를 대상으로 최근 사회적...,https://www.idaegu.co.kr/news/articleView.html?idxno=548626,4,0.1831,0,drop,candidate_hybrid_model_drop_prob_le_threshold,4,0.1831,보이스피싱,,,candidate_hybrid,1,0.65,0.35
"하나금융, '찾아가는 안과 검진' 확대 … 의료·금융 결합 ESG 강화",은행 방문이 어려운 고령층을 대상으로 맞춤형 금융 상담과 보이스피싱 예방 교육 등을 제공해 금융 접근성을 높이고 금융 피해를 예방한다는 취지다. 이번 사업은 금융과 헬스케어를 결합한 ESG 활동이라는 점에서 의미가...,http://www.worktoday.co.kr/news/articleView.html?idxno=84767,8,0.323,1,keep,candidate_hybrid_keep_strong_domain_rule_anchor,8,0.323,은행;보이스피싱,금융,,candidate_hybrid,1,0.65,0.35
[단독] 개인정보 유출 사고 위자료 '10만원' 공식화? 모두투어 개인정보...,"원고 측은 10만원이라는 위자료 기준은 15년 전 형성된 것으로서 통화 가치 등을 고려할 때 너무 낮고, 유출된 개인정보로 인해 발생할 수 있는 보이스피싱 피해액이 폭증하고 있다는 점 등을 주장했으나 법원이 이를...",https://www.asiatoday.co.kr/kn/view.php?key=20260519010005445,4,0.3318,0,drop,candidate_hybrid_model_drop_prob_le_threshold,4,0.3318,보이스피싱,,,candidate_hybrid,1,0.65,0.35
"남원경찰서 인월파출소, 농촌 보이스피싱 예방 홍보","공풍용 인월파출소장은 “보이스피싱 범죄는 누구나 피해자가 될 수 있는 민생범죄”라며 “전화나 문자로 금전을 요구하거나 개인정보를 요구할 경우 반드시 의심하고, 가까운 경찰서, 파출소, 112에 신고 해 줄 것”을...",https://sjbnews.com/news/news.php?number=878855,4,0.0999,0,drop,candidate_hybrid_model_drop_prob_le_threshold,4,0.0999,보이스피싱,,,candidate_hybrid,1,0.65,0.35
"경북농협, 칠곡 어르신 대상 금융사기 예방교육 및 낙농업 우유 소비 캠...","최근 고령층을 중심으로 급증하는 보이스피싱 등 금융사기 피해를 막고, 어려움에 처한 지역 낙농가를 지원하는 것이 이번 행사의 취지다. 특히 칠곡군 대한노인회 회원 100여 명을 대상으로 생활 밀착형 금융사고...",https://www.straightnews.co.kr/news/articleView.html?idxno=302906,4,0.2696,0,drop,candidate_hybrid_model_drop_prob_le_threshold,4,0.2696,보이스피싱,,,candidate_hybrid,1,0.65,0.35
"'이수지 현상'이 주는 메시지…""내 안의 수많은 부캐 깨워라"" [더 라이프...","개그콘서트 시절의 '린자오밍'은 어설픈 연변 사투리로 보이스피싱을 시도하며 ""고객니임, 당황하셨어요?""라는 유행어를 남겼다. 사기꾼이 도리어 피해자에게 당황했냐고 묻는 이 극단적인 뻔뻔함은 대중에게...",https://www.hankyung.com/article/202605171990Q,4,0.4987,0,drop,candidate_hybrid_gray_drop_score_lt_threshold,4,0.4987,보이스피싱,,,candidate_hybrid,1,0.65,0.35
"당진경찰서, 순성노인대학 대상 맞춤형 피싱범죄 예방교육 실시","이날 교육은 윤홍규 경위의 강의로 진행됐으며, 최근 유행하는 보이스피싱 등 피싱범죄의 교묘한 수법과 실제 피해 사례, 현장 대응 방법 등을 중심으로 상세한 강의를 펼쳤다. 더불어 퇴직경찰관들로 구성된 당진경찰서...",https://www.idjnews.kr/news/articleView.html?idxno=300565,4,0.2724,0,drop,candidate_hybrid_model_drop_prob_le_threshold,4,0.2724,보이스피싱,,,candidate_hybrid,1,0.65,0.35
미래에셋자산운용 새마을금고 BNK부산은행 外(금융 레이더),"하나은행 관계자는 ""여름철 폭염을 피해 잠시 몸을 달래는 편안한 휴식처가 되길 바란다""고 전했습니다.... 이와 함께 보이스피싱 예방 등을 안내하는 금융 상담도 동시 운영합니다. 그룹 관계자는 ""실질적인 도움이...",https://www.newsclaim.co.kr/news/articleView.html?idxno=3064143,9,0.2931,1,keep,candidate_hybrid_keep_strong_domain_rule_anchor,9,0.2931,새마을금고;보이스피싱,금융,,candidate_hybrid,1,0.65,0.35
"BNK부산은행·금감원, 외국인 주민 대상 금융사기 예방 캠페인",[전국=위키트리 최학봉 선임기자] BNK부산은행이 외국인 주민들을 대상으로 보이스피싱 예방 활동에 나서며 금융사기 피해 차단과 금융안전망 강화에 힘을 보태고 있다. 부산은행은 지난 17일 부산 사상구 르네시떼...,https://www.wikitree.co.kr/articles/1137328,10,0.2184,1,keep,candidate_hybrid_keep_strong_domain_rule_anchor,10,0.2184,금감원;보이스피싱,,,candidate_hybrid,1,0.65,0.35
[사설] 선거 특수 노린 '노쇼 사기' 엄단해야,"주문을 받은 업체들이 이상함을 감지, 민주당 시당에 사실 확인을 요청하면서 다행히 피해로 이어지지... 경찰이 지난해부터 캄보디아 등 동남아 보이스피싱 조직 소탕에 나선 이후 잠시 주춤하던 노쇼 사기가 선거를...",https://www.joongdo.co.kr/web/view.php?key=20260519010005047,4,0.2893,0,drop,candidate_hybrid_model_drop_prob_le_threshold,4,0.2893,보이스피싱,,,candidate_hybrid,1,0.65,0.35
"경북농협, 금융사기 예방교육·우유 나눔 캠페인 동시 진행","이날 행사는 대한노인회 칠곡군 회원 100여명을 대상으로, 보이스피싱·스미싱 등 고령층을 겨냥한 금융사기 피해 예방에 초점을 맞춰 진행됐다. 봉사단 소속 전문강사가 실제 피해 사례와 상황별 대처 요령을 어르신...",https://www.kbsm.net/news/view.php?idx=520071,4,0.2198,0,drop,candidate_hybrid_model_drop_prob_le_threshold,4,0.2198,보이스피싱,,,candidate_hybrid,1,0.65,0.35
가입부터 보상까지…AI가 보험의 판을 바꾼다,"디지털사고안심보험을 통해 보이스피싱, 메신저피싱, 중고거래 사기, 인터넷 쇼핑몰 사기 등 디지털 범죄 피해를 보장한다. ◇서류없는 청구 서비스도 신한라이프는 보험 업무 전 과정에 AI를 적용하는 AX 전환을...",https://www.hankyung.com/article/2026051954951,4,0.1696,0,drop,candidate_hybrid_model_drop_prob_le_threshold,4,0.1696,보이스피싱,,,candidate_hybrid,1,0.65,0.35
"현대해상, 조직 개편·KAIST 협력…디지털 혁신으로 승부수 띄워",점차 고도화하는 디지털 기반 범죄 피해를 정조준했다. 보이스피싱·메신저피싱 등 사이버 금융 범죄는 물론 중고 거래 등 비대면 직거래 과정에서 발생하는 사기 피해까지 보장한다. 사이버 금융 범죄 피해는 최대...,https://www.hankyung.com/article/2026051955211,5,0.2116,0,drop,candidate_hybrid_model_drop_prob_le_threshold,5,0.2116,보이스피싱,금융,,candidate_hybrid,1,0.65,0.35
"경북농협, 어르신 '금융사기 예방 교육' 실시","국내 보이스피싱 피해액은 매년 수천억 원대에 달하고 있으며, 피해자 중 60대 이상 고령층의 비중이 꾸준히 늘고 있다. 디지털 환경에 상대적으로 취약한 어르신들이 금융사기의 주요 표적이 되고 있는 만큼, 사후 피해...",http://www.sisafocus.co.kr/news/articleView.html?idxno=360251,4,0.1801,0,drop,candidate_hybrid_model_drop_prob_le_threshold,4,0.1801,보이스피싱,,,candidate_hybrid,1,0.65,0.35
"하나금융, 의료 사각지대 어르신 찾아가는 무료 안과 검진 실시","은행 방문이 어려운 고령층을 대상으로 맞춤형 금융 상담을 제공하고, 최근 고령층 피해가 증가하는 보이스피싱 예방 교육도 함께 진행했다. 특히 디지털 금융 이용이 익숙하지 않은 시니어 고객을 대상으로 금융사기...",https://www.lcnews.co.kr/news/articleView.html?idxno=202350,8,0.2771,1,keep,candidate_hybrid_keep_strong_domain_rule_anchor,8,0.2771,은행;보이스피싱,금융,,candidate_hybrid,1,0.65,0.35
네이버 비번 털어가는 ‘과태료 공문’...방미통위 사칭 메일 주의보,"최근 정부기관을 사칭한 이메일 또는 전화 사기 피해가 확산되고 있다. 한국인터넷진흥원(KISA)과 서울경찰청은 지난 15일 금융·공공기관의 대표번호를 도용, 보이스피싱 전화와 불법 스팸 문자를 대량 발신한 통신...",https://www.asiatoday.co.kr/kn/view.php?key=20260519010005412,5,0.2087,0,drop,candidate_hybrid_model_drop_prob_le_threshold,5,0.2087,보이스피싱,금융,,candidate_hybrid,1,0.65,0.35
"""보이스피싱 막고 우유로 온정 나누고""… 경북농협, 칠곡서 상생 캠페인",이날 교육에서는 최근 고령층을 대상으로 급증하고 있는 보이스피싱과 스미싱 등 금융 범죄 예방에 초점이 맞춰졌다. 전문 강사는 실제 피해 사례를 중심으로 금융사기 수법과 대응 요령을 알기 쉽게 설명하며 어르신들의...,https://www.kyongbuk.co.kr/news/articleView.html?idxno=4073261,5,0.2081,0,drop,candidate_hybrid_model_drop_prob_le_threshold,5,0.2081,보이스피싱,금융,,candidate_hybrid,1,0.65,0.35
"하나금융, 소외지역 어르신 대상 ‘찾아가는 무료 안과검진’ 실시",특히 최근 고령층을 겨냥한 보이스피싱 범죄가 증가함에 따라 실제 피해 사례를 중심으로 예방 교육을 강화하고 있다. 금융권에서는 초고령사회 진입에 맞춰 ESG(환경·사회·지배구조) 경영 차원의 고령층 지원 프로그램을...,https://www.todayeconomic.com/news/article.html?no=30648,4,0.2688,0,drop,candidate_hybrid_model_drop_prob_le_threshold,4,0.2688,보이스피싱,,,candidate_hybrid,1,0.65,0.35
"충주경찰, 어르신이 안전한 충주 만든다",교통·범죄 예방 강화 ［충북일보］ 충주경찰서가 고령층 교통사고 예방과 보이스피싱 피해 차단을 위해 현장 중심의 안전 활동 강화에 나섰다. 충주경찰은 19일 대한노인회 충주시지회를 방문해 어르신들의 교통 불편...,https://www.inews365.com/news/article.html?no=920059,4,0.1852,0,drop,candidate_hybrid_model_drop_prob_le_threshold,4,0.1852,보이스피싱,,,candidate_hybrid,1,0.65,0.35
[단독] 경찰 內 덩치 키우는 국제협력…전문 역량 지속 강화해야,"마약·보이스피싱·로맨스스캠 등 초국가범죄 대응을 위해 경찰이 국제협력 분야 조직의 지위를 격상했다.... 해외에서 국민 피해 사건이 잇따르면서 현지 경찰기관과의 공조, 재외국민 보호, 국제 수사 협력 기능을 강화할...",https://www.asiatoday.co.kr/kn/view.php?key=20260519010005288,4,0.3138,0,drop,candidate_hybrid_model_drop_prob_le_threshold,4,0.3138,보이스피싱,,,candidate_hybrid,1,0.65,0.35
'위생 교육 실시'…평창·영월 숙박업 영업자 100여 명 대상,"또한 평창군보건의료원 관계자들이 참석해 숙박업 현장의 의견을 듣고, 최근 지역 내에서 발생하는 보이스 피싱 피해 예방 수칙을 안내할 예정이다. ▼사진=평창군, (사)대한숙박업중앙회 강원특별자치도지회가 평창군과...",https://www.gukjenews.com/news/articleView.html?idxno=3586083,0,0.2541,0,drop,candidate_hybrid_model_drop_prob_le_threshold,0,0.2541,,,,candidate_hybrid,1,0.65,0.35
"법무법인 정세, '듀오' 정보유출 1차 집단소송 제기… ""추가 피해자 모...","법률 전문가들은 이러한 고가치의 민감 정보가 다크웹이나 브로커 등을 통해 악용될 경우, 단순 스팸 문자를 넘어 지인 협박, 타깃형 보이스피싱, 심각한 인격권 침해 등 회복 불가능한 2차 피해로 이어질 수 있다고 강력히...",https://www.eroun.net/news/articleView.html?idxno=81043,4,0.2822,0,drop,candidate_hybrid_model_drop_prob_le_threshold,4,0.2822,보이스피싱,,,candidate_hybrid,1,0.65,0.35
"[에듀플러스]부천대, 부천원미경찰서 중앙지구대와 축제 현장 피싱예방...",부천대 관계자는 “대학생들이 보이스피싱 피해에 노출되지 않도록 부천원미경찰서 중앙지구대와 협력하여 실질적인 예방 활동을 추진했다”며 “학생 안전과 생활보호를 위한 지역 유관기관 협력 프로그램을...,https://www.etnews.com/20260519000318,4,0.2201,0,drop,candidate_hybrid_model_drop_prob_le_threshold,4,0.2201,보이스피싱,,,candidate_hybrid,1,0.65,0.35
"대구경북양돈농협 상인지점, 보이스피싱 피해 예방 기여",대구경북양돈농협(조합장 이상용) 상인지점 서연실 팀장이 15일 고객의 보이스피싱 피해를 예방한 공로를 인정받아 대구달서경찰서로부터 감사장을 받았다. 대구경북양돈농협에 따르면 4월9일 고객 A씨가 상인지점을...,https://www.nongmin.com/article/20260519500078,4,0.1196,0,drop,candidate_hybrid_model_drop_prob_le_threshold,4,0.1196,보이스피싱,,,candidate_hybrid,1,0.65,0.35
"청력 이어 시력까지… 하나금융그룹, 의료 취약지 노인 위해 '달리는 안...",현장에서는 '찾아가는 금융상담 서비스'를 함께 운영해 은행 방문이 어려운 어르신들에게 맞춤형 금융 상담을 제공하고 최근 피해가 급증하고 있는 보이스피싱 예방 교육도 진행한다. 특히 디지털 금융 환경 변화 속에서...,http://www.dailysmart.co.kr/news/articleView.html?idxno=124295,8,0.3121,1,keep,candidate_hybrid_keep_strong_domain_rule_anchor,8,0.3121,은행;보이스피싱,금융,,candidate_hybrid,1,0.65,0.35
"금융범죄 예방교육센터 출범…""AI 범죄 대응·금융안전망 구축""","안심존은 보이스피싱 등 금융사기를 현장에서 실시간으로 식별·차단하는 체계를 갖춘 안전 구역으로, 금융기관의 소비자 보호 책임을 강화하는 역할을 한다. 최근 정부가 전기통신금융사기 피해에 대한 금융사의 배상...",http://www.hansbiz.co.kr/news/articleView.html?idxno=838962,4,0.3142,0,drop,candidate_hybrid_model_drop_prob_le_threshold,4,0.3142,보이스피싱,,,candidate_hybrid,1,0.65,0.35
"하나금융그룹, 충남 어르신 '찾아가는 무료 안과 검진'…의료 사각지대...","평소 영업점 방문이 어려운 어르신에게 예금·연금 등 맞춤형 금융 상담을 제공하고, 최근 고령층 피해가 급증하고 있는 보이스피싱 예방 수칙을 함께 안내한다. 이번 검진 사업은 하나금융그룹이 올해 전국으로 확대 중인...",https://www.joongangenews.com/news/articleView.html?idxno=520262,5,0.2689,0,drop,candidate_hybrid_model_drop_prob_le_threshold,5,0.2689,보이스피싱,금융,,candidate_hybrid,1,0.65,0.35
"하나금융, '찾아가는 무료 안과 검진' 실시…의료 사각 어르신 지원","은행 방문이 어려운 어르신들에게 맞춤형 금융 상담을 제공하고 보이스피싱 예방 방법을 안내해 피해 방지에 나섰다. 의료와 금융을 연계해 지역사회 지원 범위를 넓히겠다는 취지다. 하나금융 관계자는 ""검진이...",http://www.newscape.co.kr/news/articleView.html?idxno=122270,8,0.3251,1,keep,candidate_hybrid_keep_strong_domain_rule_anchor,8,0.3251,은행;보이스피싱,금융,,candidate_hybrid,1,0.65,0.35
모텔서 불법 보이스피싱 중계기 운영한 일당 구속,경찰 관계자는 “불법 중계기 운영은 보이스피싱 피해를 발생시키는 중대범죄”라며 “고액 보수에 현혹돼 범행에 가담하지 않도록 주의해달라”고 말했다. [ 경기신문 / 인천 = 지우현 기자 ] 인천의 한 모텔에 설치된...,https://www.kgnews.co.kr/news/article.html?no=896432,4,0.0625,0,drop,candidate_hybrid_model_drop_prob_le_threshold,4,0.0625,보이스피싱,,,candidate_hybrid,1,0.65,0.35
"""국경 없는 범죄, 국경 넘는 추적""… 인터폴·그룹아이비, MENA 첫 대규모...","취업사기 피해 문제가 외교부 영사 데이터 수준을 넘어 인터폴-그룹아이비 라인의 글로벌 인텔리전스 체계 안에서 통합 관리될 가능성이 열렸다는 점이다. 둘째, 한국 금융기관을 겨냥한 보이스피싱...",http://www.newsroad.co.kr/news/articleView.html?idxno=59485,4,0.2423,0,drop,candidate_hybrid_model_drop_prob_le_threshold,4,0.2423,보이스피싱,,,candidate_hybrid,1,0.65,0.35
"하나금융, 충남서 ‘찾아가는 무료 안과 검진’…어르신 의료·금융 지...",평소 은행 방문이 어려운 어르신들을 대상으로 맞춤형 금융 상담과 보이스피싱 예방 교육을 진행해 금융 피해 예방과 정보 접근성 향상에도 힘을 보탤 계획이다. 고령층을 위한 생활밀착형 사회공헌 활동도 이어가고 있다....,https://www.seoultimes.news/news/article.html?no=2000095812,8,0.2768,1,keep,candidate_hybrid_keep_strong_domain_rule_anchor,8,0.2768,은행;보이스피싱,금융,,candidate_hybrid,1,0.65,0.35
동남아 보이스피싱 조직 ‘풍선효과’ 확산 차단,동남아 지역에서 보이스피싱과 사이버도박 조직이 국가 간 단속을 피해 이동하는 이른바 ‘풍선효과’ 현상이 커지면서 경찰이 베트남과 국제 공조 체계 강화에 나섰다. 최근 캄보디아 등 일부 국가의 집중 단속 이후...,https://www.naeil.com/news/read/589103?ref=naver,4,0.3371,0,drop,candidate_hybrid_model_drop_prob_le_threshold,4,0.3371,보이스피싱,,,candidate_hybrid,1,0.65,0.35
[은행 이모저모] 국민은행·하나은행·부산은행 등,"BNK부산은행이 외국인 주민들을 대상으로 '보이스피싱·전자금융사기 예방캠페인'을 했다. 사진=BNK부산은행... 최정희 부산은행 금융소비자보호 총괄책임자(CCO)는 ""금융사기 피해로부터 외국인 주민들을 보호하기 위해...",http://www.bizwnews.com/news/articleView.html?idxno=136899,7,0.513,1,keep,candidate_hybrid_gray_keep_domain_score_ge_threshold,7,0.513,은행;보이스피싱,,,candidate_hybrid,1,0.65,0.35
의료 사각지대 어르신 위한 '찾아가는 눈 건강 지원' 확대,최근 금융권에서는 고령층을 겨냥한 보이스피싱 피해가 증가하면서 금융 취약계층 대상 예방 교육 필요성이 커지고 있다. 특히 모바일 금융 서비스 확산으로 디지털 소외 문제가 사회적 과제로 떠오르자 금융회사들의...,https://www.koreaittimes.com/news/articleView.html?idxno=153835,5,0.2469,0,drop,candidate_hybrid_model_drop_prob_le_threshold,5,0.2469,보이스피싱,금융,,candidate_hybrid,1,0.65,0.35
수상한 거래 눈치챈 은행원…1억3000만 원 보이스피싱 막았다,"군포경찰서, 추가 피해 예방 공로 감사장·포상금 전달 군포경찰서가 기관사칭 보이스피싱 피해를 막은 은행원에게 감사장과 포상금을 전달했다. 군포경찰서는 19일 군포시 소재 신한은행에서 보이스피싱 피해자의 추가...",https://www.kgnews.co.kr/news/article.html?no=896416,4,0.0823,0,drop,candidate_hybrid_model_drop_prob_le_threshold,4,0.0823,보이스피싱,,,candidate_hybrid,1,0.65,0.35
숙박업소 장기 투숙하며 '보이스피싱 중계소' 구축 일당 경찰 구속,"서부경찰서 관계자는 ""불법 중계소 운영은 보이스피싱 사기 피해를 직접적으로 양산하는 중대 범죄""라며 ""고액 보장이라는 달콤한 유혹에 현혹되어 자신도 모르게 범행에 가담해 형사 처벌을 받는 일이 없도록 각별히...",https://www.kihoilbo.co.kr/news/articleView.html?idxno=3023219,4,0.0767,0,drop,candidate_hybrid_model_drop_prob_le_threshold,4,0.0767,보이스피싱,,,candidate_hybrid,1,0.65,0.35
"“당신도 당했다, 과태료 통지서의 함정”… 사칭 피싱 메일에 네이버 ...","이렇게 빼앗긴 금융 및 개인 정보는 향후 타인 명의 도용 범죄나 보이스피싱, 대포통장 개설 등 2차적인 대형... 이미 정보를 입력해 피해가 우려되는 이용자라면 포털 사이트의 비밀번호를 즉각 변경하고...",https://www.daily365.news/2026/05/19/%eb%8b%b9%ec%8b%a0%eb%8f%84-%eb%8b%b9%ed%96%88%eb%8b%a4-%ea%b3%bc%ed%83%9c%eb%a3%8c-%ed%86%b5%ec%a7%80%ec%84%9c%ec%9d%98-%ed%95%a8%ec%a0%95-%ec%82%ac%ec%b9%ad-%ed%94%bc/,5,0.2615,0,drop,candidate_hybrid_model_drop_prob_le_threshold,5,0.2615,보이스피싱,금융,,candidate_hybrid,1,0.65,0.35
"""찾아가는 무료 안과검진으로 상생금융 보폭 넓힌다"" 하나금융, 취약계...","있는 보이스 피싱의 유형과 대처법에 대한 예방 교육도 함께 실시해 실질적인 피해 방어막을 제공하고 있다. 하나금융지주의 2023~2025년 매출액, 영업이익, 당기순이익 추이 [됴표 CatvhNews] 금융권 안팎에서는...",https://www.catchnews.kr/news/articleView.html?idxno=124036,0,0.3603,0,drop,candidate_hybrid_gray_drop_score_lt_threshold,0,0.3603,,,,candidate_hybrid,1,0.65,0.35
"피싱범에게 돌아갈 뻔한 1억, 검찰 추가 기소로 지켜냈다",A씨는 2024년 3월 보이스피싱 범죄단체에 가입해 성명불상의 사람들로부터 보이스피싱 피해금 1억여원을 전달받아 자택에 보관한 혐의를 받는다. 앞서 수사기관은 A씨를 수사하며 그의 자택에서 문제의 1억여원을...,https://www.newsis.com/view/NISX20260519_0003635518,4,0.1394,0,drop,candidate_hybrid_model_drop_prob_le_threshold,4,0.1394,보이스피싱,,,candidate_hybrid,1,0.65,0.35
인천서부경찰서 보이스피싱 발신 중계소 관리책 구속,"경찰 관계자는 ""불법 중계기 운영은 보이스피싱 피해를 유발하는 중대범죄""라며 ""고액 아르바이트 제안 등에 현혹돼 범행에 가담하지 않도록 주의해달라""고 당부했습니다.",https://www.newsclaim.co.kr/news/articleView.html?idxno=3064088,4,0.073,0,drop,candidate_hybrid_model_drop_prob_le_threshold,4,0.073,보이스피싱,,,candidate_hybrid,1,0.65,0.35
"""과태료 부과됐습니다""…방미통위 사칭 이메일 주의",최근 정부기관을 사칭한 이메일 또는 전화가 피해를 양산하고 있다. 한국인터넷진흥원은 서울경찰청과 공조해 금융·공공기관의 대표번호를 도용해 보이스피싱 전화를 발신하고 불법 스팸 문자를 대량 발신한...,https://view.asiae.co.kr/article/2026051911055241066,5,0.2186,0,drop,candidate_hybrid_model_drop_prob_le_threshold,5,0.2186,보이스피싱,금융,,candidate_hybrid,1,0.65,0.35
"""수상한데"" 1억3000만원 보이스피싱 막은 은행원","고객의 수상한 점을 놓치지 않고 경찰에 신고, 1억3000만원 상당 보이스피싱 피해를 막은 신한은행 직원이 경찰 감사장을 받았다. 19일 경기 군포경찰서에 따르면 지난달 24일 군포시 소재 신한은행에 한 고객이 방문해...",https://www.newsis.com/view/NISX20260519_0003635484,4,0.198,0,drop,candidate_hybrid_model_drop_prob_le_threshold,4,0.198,보이스피싱,,,candidate_hybrid,1,0.65,0.35
"한국장학진흥원, 탐정(탐정사) 자격증 교육 무료수강 이벤트 혜택 공개","최근 해외 실종자 수색, 보이스피싱, 로맨스 스캠 피해 관련 의뢰가 늘면서 수요가 꾸준히 증가하는 추세다. 교육원 측 관계자는 “국가통계포털 자료에 따르면 ‘탐정 및 조사 서비스업’의 종사자 수는 2023년 360명에서...",https://dhnews.co.kr/news/view/1065578254487545,4,0.2703,0,drop,candidate_hybrid_model_drop_prob_le_threshold,4,0.2703,보이스피싱,,,candidate_hybrid,1,0.65,0.35
숙박업소서 보이스피싱 중계소 운영 관리책 2명 구속,확대하는 한편 보이스피싱 조직에 대해서도 수사를 이어갈 방침이다. 경찰 관계자는 “불법 중계기 운영은 보이스피싱 피해를 발생시키는 중대범죄로 고액 보수에 현혹돼 범행에 가담하지 않도록 주의해달라”고 말했다.,https://www.kmib.co.kr/article/view.asp?arcid=0029842198&code=61121111&cp=nv,4,0.0519,0,drop,candidate_hybrid_model_drop_prob_le_threshold,4,0.0519,보이스피싱,,,candidate_hybrid,1,0.65,0.35
"""고수익 알바""에 보이스피싱 중계소 운영한 20·30대 구속",보이스피싱 조직 상선에 대해서도 수사를 확대할 예정”라고 말했다. 이어 “불법 중계기 운영은 보이스피싱 피해를 일으키는 중대범죄”라며 “고액 보수에 현혹돼 범행에 가담하지 않도록 주의해달라”고 덧붙였다.,https://www.kyeonggi.com/article/20260519580095,4,0.0797,0,drop,candidate_hybrid_model_drop_prob_le_threshold,4,0.0797,보이스피싱,,,candidate_hybrid,1,0.65,0.35
해외 보이스피싱 전화 '010'으로 바꿔 준 남녀 구속,경찰은 이들이 운영한 중계소를 통해 해외 보이스피싱 조직의 전화·문자가 국내 휴대전화 번호처럼 위장돼 피해자들에게 전달된 것으로 보고 있다. 인천 서부경찰서는 전기통신사업법 위반 혐의로 30대 남성 A 씨와 20대...,https://www.news1.kr/local/incheon/6171017,4,0.135,0,drop,candidate_hybrid_model_drop_prob_le_threshold,4,0.135,보이스피싱,,,candidate_hybrid,1,0.65,0.35
"이찬진 금감원장 ""고성능 AI 사이버 위협·ETF 쏠림 선제 대응""","금감원은 GA가 세무, 회계 등 각종 컨설팅을 빌미로 불필요한 보험 가입을 유도하는 피해를 막기 위해 GA의... 이찬진 원장은 보이스피싱 정보공유·분석 AI 플랫폼(ASAP)과 핀플루언서 탐지시스템 고도화 등 업권별 AI...",https://www.imaeil.com/page/view/2026051910323692457,4,0.4294,0,drop,candidate_hybrid_gray_drop_score_lt_threshold,4,0.4294,보이스피싱,,,candidate_hybrid,1,0.65,0.35
"""고수익 아르바이트"" 현혹돼 보이스피싱 가담 2명 구속","보이스피싱으로 피해자가 발생했는지 여부도 확인하고 있다. 경찰 관계자는 ""불법 중계기 운영은 보이스피싱 피해를 발생시키는 중대범죄""라며 ""고액 보수에 현혹돼 범행에 가담하지 않도록 주의해 달라""고 말했다．",https://www.newsis.com/view/NISX20260519_0003635226,4,0.0864,0,drop,candidate_hybrid_model_drop_prob_le_threshold,4,0.0864,보이스피싱,,,candidate_hybrid,1,0.65,0.35
"하나금융, 소외 지역 어르신 대상 무료 안과 검진",은행 방문이 어려운 어르신들을 대상으로 맞춤형 금융 상담을 제공하고 보이스피싱 예방 방법을 안내해 금융 피해 예방을 진행했다. 의료와 금융을 연계한 생활 밀착형 사회공헌 활동을 통해 지역사회 지원 범위를...,https://www.pointdaily.co.kr/news/articleView.html?idxno=305411,8,0.2618,1,keep,candidate_hybrid_keep_strong_domain_rule_anchor,8,0.2618,은행;보이스피싱,금융,,candidate_hybrid,1,0.65,0.35
“고수익 알바의 실체”…모텔서 대포폰 105대 운영한 보이스피싱 일당...,경찰 관계자는 “불법 중계기 운영은 보이스피싱 피해를 발생시키는 중대한 범죄”라며 “고액 아르바이트 제안에 현혹돼 범행에 가담하지 않도록 각별한 주의가 필요하다”고 당부했다. 현행 전기통신사업법에 따르면...,https://www.viva100.com/article/20260519500366,4,0.1162,0,drop,candidate_hybrid_model_drop_prob_le_threshold,4,0.1162,보이스피싱,,,candidate_hybrid,1,0.65,0.35
[은행가] 하나금융그룹 '찾아가는 무료 안과' 外,은행 방문이 어려운 어르신에게 맞춤형 금융 상담과 보이스피싱 예방 안내를 제공하는 방식이다.... 고령층과 폭염 취약계층이 무더위와 폭우를 피해 머물 수 있도록 마련됐다. 하나은행은 올여름 무더위 쉼터 운영에...,https://www.slist.kr/news/articleView.html?idxno=739967,8,0.3026,1,keep,candidate_hybrid_keep_strong_domain_rule_anchor,8,0.3026,은행;보이스피싱,금융,,candidate_hybrid,1,0.65,0.35
[더밸류 브리핑] 오늘의 하나금융그룹 소식...하나금융·하나은행,상담과 보이스피싱 예방 교육을 제공했다. 하나금융그룹 관계자는 “작은 검진 하나가 어르신의 일상에... 고령층과 폭염 취약계층 등 지역민이 더위와 폭우를 피해 머무를 수 있도록 마련됐다. 하나은행은 지난 4월...,http://www.thevaluenews.co.kr/news/view.php?idx=198841,4,0.2906,0,drop,candidate_hybrid_model_drop_prob_le_threshold,4,0.2906,보이스피싱,,,candidate_hybrid,1,0.65,0.35
"하나금융그룹, 충남 어르신 ‘찾아가는 무료 안과 검진’…의료 사각지...","평소 영업점 방문이 어려운 어르신에게 예금·연금 등 맞춤형 금융 상담을 제공하고, 최근 고령층 피해가 급증하고 있는 보이스피싱 예방 수칙을 함께 안내한다. 이번 검진 사업은 하나금융그룹이 올해 전국으로 확대 중인...",https://www.viva100.com/article/20260519500327,5,0.2685,0,drop,candidate_hybrid_model_drop_prob_le_threshold,5,0.2685,보이스피싱,금융,,candidate_hybrid,1,0.65,0.35
"인천서부경찰서, 보이스피싱 중계소 유심칩 356개·와이파이 공유기 압...","인천서부경찰서 관계자는 ""불법 중계기 운영은 보이스피싱 피해를 유발하는 중대 범죄""라며 ""고액 아르바이트 제안에 현혹돼 범행에 가담하지 않도록 각별한 주의가 필요하다""고 당부했다. <사진=인천서부경찰서 제공>",https://www.ppss.kr/news/articleView.html?idxno=296450,4,0.0938,0,drop,candidate_hybrid_model_drop_prob_le_threshold,4,0.0938,보이스피싱,,,candidate_hybrid,1,0.65,0.35
"[단독]""소화기 값 800만원 입금""…완도 '소방관 사칭' 전화사기 피해 발...","전남 전역을 휩쓸고 있는 소방관 사칭 전화사기(보이스피싱)가 마침내 완도에서도 실제 금전 피해로 이어졌다. 식당 업주들의 절박한 심리와 관공서에 대한 신뢰를 악용한 악질적 범행으로, 추가 피해를 막기 위한...",https://view.asiae.co.kr/article/2026051908553228195,4,0.2261,0,drop,candidate_hybrid_model_drop_prob_le_threshold,4,0.2261,보이스피싱,,,candidate_hybrid,1,0.65,0.35
"대림대, 외국인 유학생 대상 한국 법질서 교육 강화","주요 내용은 성범죄 예방과 마약·보이스피싱 범죄 대응, 교통법규 위반 사례 등 외국인 유학생들이 한국 생활에서 주의해야 할 법률 사항들로 구성됐다. 또 범죄 피해 신고 방법과 긴급 상황 발생 시 대처 절차 등 실질적인...",https://news.unn.net/news/articleView.html?idxno=592660,4,0.1748,0,drop,candidate_hybrid_model_drop_prob_le_threshold,4,0.1748,보이스피싱,,,candidate_hybrid,1,0.65,0.35
금감원 “AI 악용 금융해킹 현실화 우려”…레버리지 ETF·핀플루언서도...,최근 증시 과열 속 레버리지 ETF 투자 쏠림과 핀플루언서 불법행위 등에 대해서도 소비자 피해 예방 중심의... 금감원은 현재 보이스피싱 정보공유·분석 AI 플랫폼 ‘ASAP’ 사업과 금융상품 광고 심의...,https://www.dailian.co.kr/news/view/1645837/?sc=Naver,10,0.462,1,keep,candidate_hybrid_keep_strong_domain_rule_anchor,10,0.462,금감원;보이스피싱,,,candidate_hybrid,1,0.65,0.35
"서산시, 중동 리스크 장기화 대응 ‘제3차 비상경제 점검회의’ 열고 민...",‘고유가 피해 지원금 2차 지급’ 등 행정력을 총동원한 추가 대책도 가시화되고 있다. 시는 어수선한 국제 정세를 악용한 보이스피싱 등 민생 침해 범죄 예방을...,http://www.breaknews.com/1208100,4,0.284,0,drop,candidate_hybrid_model_drop_prob_le_threshold,4,0.284,보이스피싱,,,candidate_hybrid,1,0.65,0.35
"[아주사설 | 기본·원칙·상식] CJ그룹 여직원 개인정보 유출, 기업 보안...","개인을 특정할 수 있는 연락처와 사진, 직급 정보까지 포함된 만큼 2차 피해로 이어질 가능성이 크다. 스팸이나 보이스피싱은 물론, 특정 개인을 겨냥한 범죄로 확산될 위험도 배제할 수 없다. 특히 여성 직원의 정보가...",https://www.ajunews.com/view/20260519083940990,4,0.4404,0,drop,candidate_hybrid_gray_drop_score_lt_threshold,4,0.4404,보이스피싱,,,candidate_hybrid,1,0.65,0.35
"[부산 브리핑 모음(5월19일)] 부산 기장군, 친환경 태양광 전동보장구 급...","◆ BNK부산은행, 외국인 주민 대상 보이스피싱 예방 캠페인 실시 ‘아시아문화한마당’ 행사 참여해... 부산은행 최정희 금융소비자보호 총괄책임자(CCO)는 “금융사기 피해로부터 외국인 주민들을 보호하기 위해...",https://www.dnews.co.kr/uhtml/view.jsp?idxno=202605181636339030167,4,0.3246,0,drop,candidate_hybrid_model_drop_prob_le_threshold,4,0.3246,보이스피싱,,,candidate_hybrid,1,0.65,0.35
"[경남 브리핑 모음(5월19일)] 하동군, 2차 고유가 피해지원금 18일부터 ...","군은 신청 과정에서 발생할 수 있는 보이스피싱, 스미싱 피해를 방지하기 위해 각별한 주의를 당부했다. 특히 정부와 군청, 카드사, 은행 등은 신청 관련 URL이 포함된 문자메시지를 발송하지 않으므로 유사 메시지 수신 시...",https://www.dnews.co.kr/uhtml/view.jsp?idxno=202605181729570130178,10,0.6133,1,keep,candidate_hybrid_keep_strong_domain_rule_anchor,10,0.6133,은행;카드사;보이스피싱,,,candidate_hybrid,1,0.65,0.35
"가계 빚 2,000조 육박...'영끌'·'빚투' 광풍이 원인 [앵커리포트]","특히 눈에 띄는 건 비은행권, 즉 2금융권으로 가계대출 수요가 쏠렸다는 건데요. 대출 규제가 집중된... 상황에서 연체율 상승으로 이어질 수 있습니다. 실제 기준 금리가 상승할 경우 금융시장 전체가 흔들릴 수 있는...",https://www.ytn.co.kr/_ln/0102_202605200844430858,5,0.5428,0,drop,candidate_hybrid_gray_drop_score_lt_threshold,5,0.5428,연체율,대출,,candidate_hybrid,1,0.65,0.35
초등생부터 90세까지…‘모두의 창업’에 6만명 몰려,"■ 2030대 빚투 연체율 빠르게 오른다: A시중은행의 20대 신용대출 연체율이 1분기 만에 0.3%에서 0.6%로 2배 급등했고, 5대 은행 신용대출 잔액은 보름 만에 1조 8000억 원 이상 불어났다. 금융권은 주식 투자를 위한...",https://www.sedaily.com/article/20046099?ref=naver,12,0.6316,1,keep,candidate_hybrid_keep_strong_domain_rule_anchor,12,0.6316,은행;시중은행;연체율,주식,,candidate_hybrid,1,0.65,0.35
정부 100% 보증에도…정책대출금리 은행마다 제각각,"중소기업·소상공인 중심의 고객 비중이나 내부 연체율 관리 기준, 기업금융 전략 등이 금리에 복합적으로... 한 금융권 관계자는 ""정책보증 상품은 공공성이 강하지만 실제 취급 주체는 민간 은행인 만큼 조달비용과...",https://www.kbanker.co.kr/news/articleView.html?idxno=224989,4,0.5572,0,drop,candidate_hybrid_gray_drop_score_lt_threshold,4,0.5572,연체율,,,candidate_hybrid,1,0.65,0.35
"[사설] 부동산 경매 급증, 대구경제에 보내는 경고음","올 들어 4월 말 현재, 금융권 이자를 감당하지 못해 법원 경매로 넘겨진 대구의 부동산이 1천149건에 달했다.... 대구의 지난 2월 원화 대출금 연체율(0.84%)은 전국 최고 수준이며, 한 달 새 상승 폭 역시 전국에서 가장...",https://www.yeongnam.com/web/view.php?key=20260520021464913,5,0.5917,0,drop,candidate_hybrid_gray_drop_score_lt_threshold,5,0.5917,연체율,원화,,candidate_hybrid,1,0.65,0.35
[사설]은행들도 우려하는 포용금융 그늘,기반으로 금융권이 대출에 나서는 관행의 수혜를 입었다. 전동차 납품이 끝나지 않았는데도 추가 계약과... 약자들에게 금융 문호를 열어준다는 취지지만 고객의 채무 불이행 위험을 높이고 결과적으로 연체율 상승과...,https://www.mt.co.kr/opinion/2026/05/20/2026051917021515606,5,0.3896,0,drop,candidate_hybrid_gray_drop_score_lt_threshold,5,0.3896,연체율,금융,,candidate_hybrid,1,0.65,0.35
"[기획] 케이뱅크, 몸집 키웠지만…업비트 넘어설 '넥스트 비전' 시험대",19일 금융권에 따르면 케이뱅크의 올해 1분기 BIS(국제결제은행) 자기자본비율은 21.47%를 기록했다. 지난해... 특히 기업대출 확대 과정에서 연체율과 고정이하여신(NPL) 비율 등 건전성 지표도 개선된 점은 긍정적으로...,https://www.startuptoday.co.kr/news/articleView.html?idxno=801412,11,0.5559,1,keep,candidate_hybrid_keep_strong_domain_rule_anchor,11,0.5559,npl;업비트,건전성,,candidate_hybrid,1,0.65,0.35
"與 ""상생금융지수 도입 등 포용금융 강화""⋯野 ""관치금융 부활""","송 원내부대표는 ""따라서 금융권은 저신용자도, 가난한 사람도 금융에서 배제되거나 소외되지 않는 포용금융... 하지만 결국 연체율 상승과 금융 부실로 이어지고, 최종 피해자는 더 많은 부채를 떠안게 되는 금융 약자들...",https://www.goodkyung.com/news/articleView.html?idxno=287187,5,0.3265,0,drop,candidate_hybrid_model_drop_prob_le_threshold,5,0.3265,연체율,금융,,candidate_hybrid,1,0.65,0.35
"안으로는 상생, 밖으로는 환율 쇼크…과열된 주주환원에 찬물","신한금융이 '상한 없는 주주환원'을 시작으로 금융권 전반에 배당·자사주 매입 경쟁이 과열 양상을... 추가하면서 ""연체율 상승과 자산건전성 악화로 이어질 수 있다""며 ""의도치 않은 비용이나 손실을 부담하게 될 수...",https://www.newsway.co.kr/news/view?ud=2026051915092780796,7,0.3151,0,drop,candidate_hybrid_model_drop_prob_le_threshold,7,0.3151,연체율;환율,,,candidate_hybrid,1,0.65,0.35
가계대출 총량규제서 제외하자 … 카드사 중금리대출 1조원 급증,19일 금융권에 따르면 올해 1분기 기준 8개 전업카드사(삼성·신한·KB국민·현대·롯데·하나·우리·BC)의 민간... 다만 민간 중금리대출은 중·저신용자를 대상으로 하다 보니 카드사 입장에선 상대적으로 연체율 부담이...,https://www.mk.co.kr/article/12052331,7,0.6141,1,keep,candidate_hybrid_gray_keep_domain_score_ge_threshold,7,0.6141,카드사;연체율,,,candidate_hybrid,1,0.65,0.35
"금감원, 다음주 JB금융 정기검사 착수…""올해 은행권 첫 타자""","올해 은행권 첫 정기검사로 내부통제, 소비자 보호 관련 전반을 들여다볼 예정이다.19일 금융권에 따르면... 특히 최근 지방금융지주를 중심으로 부동산 프로젝트파이낸싱(PF) 부실 우려와 연체율 상승 등 건전성 지표가...",https://news.mtn.co.kr/news-detail/2026051916143467327,27,0.7943,1,keep,candidate_hybrid_keep_strong_domain_rule_anchor,27,0.7943,금감원;은행권;연체율;pf;프로젝트파이낸싱,부실;건전성,,candidate_hybrid,1,0.65,0.35
"[1.5금융②] 靑 ""체리피킹 안돼""...인뱅 ""충당금 폭탄에 대출 한계""",중·저신용자들이 은행들이 세워놓은 높은 성벽을 넘지 못해 금리가 높은 제2금융권으로 밀려나고 있는 것.... 높은 중저신용대출 비중 탓에 연체율이 높은 인터넷은행에는 부담이 클 수밖에 없다. 가계여신의 경우 고정...,https://www.insightkorea.co.kr/news/articleView.html?idxno=246681,9,0.5556,1,keep,candidate_hybrid_keep_strong_domain_rule_anchor,9,0.5556,인터넷은행;충당금,대출,,candidate_hybrid,1,0.65,0.35
"커지는 전북 가계빚, 실수요자 '돈줄 압박'","대출 잔액은 꾸준히 늘고 있지만 금융권의 대출 심사는 한층 까다로워지면서, 실수요자들의 체감 부담은... 실제, 연체율 흐름도 완전히 안정됐다고 보기 어려운 상황이다. 전북지역 예금은행 연체율은 올해 2월 기준 0.91...",http://www.domin.co.kr/news/articleView.html?idxno=1555929,5,0.5846,0,drop,candidate_hybrid_gray_drop_score_lt_threshold,5,0.5846,연체율,대출,,candidate_hybrid,1,0.65,0.35
"KBI그룹, 상상인저축 인수 막바지...저축은행 영토 확장 속도",19일 금융권에 따르면 KBI그룹은 지난해 7월 계열사 KBI국인산업 주도로 대구·경북 기반 라온저축은행 지분... 지난해 4분기 말 기준 연체율은 16.9%로 지난 2024년 4분기 말 18.7%보다 하락했다. 전분기 기준 지난해 3분기...,https://www.pointdaily.co.kr/news/articleView.html?idxno=305472,4,0.6893,1,keep,candidate_hybrid_model_keep_prob_ge_threshold_with_domain_anchor,4,0.6893,저축은행,,,candidate_hybrid,1,0.65,0.35
"JB금융 '효자' 우리캐피탈, 건전성은 '숙제'","다만 JB우리캐피탈의 외형이 빠르게 커지는 과정에서 NPL비율과 연체율, 충당금 부담도 함께 높아지면서 비은행 포트폴리오 관리가 과제로 떠올랐다.19일 금융권에 따르면 JB금융의 올해 1분기 지배주주지분...",https://news.mtn.co.kr/news-detail/2026051914122640640,12,0.5192,1,keep,candidate_hybrid_keep_strong_domain_rule_anchor,12,0.5192,npl;연체율;충당금,,,candidate_hybrid,1,0.65,0.35
[생생경제] 만기만 미루는 금융시장?...롤오버의 두 얼굴,"금융위원회에 따르면 지난해 말 기준 금융권 전체 PF 연체율은 3%대 후반 수준으로 집계됐지만, 증권업권은 여전히 두 자릿수 이상의 높은 연체율을 기록하고 있습니다. 브리지론이나 후순위 익스포저 비중이 높은 증권사...",http://www.srtimes.kr/news/articleView.html?idxno=203545,19,0.65,1,keep,candidate_hybrid_keep_strong_domain_rule_anchor,19,0.65,금융위원회;금융위;증권사;pf,,,candidate_hybrid,1,0.65,0.35
이란 전쟁 유가·물가 상승… 시중금리 빠르게 상승 취약차주 위기,"중심으로 연체율이 빠르게 상승하고 기업 부실도 동반 확대될 가능성이 크다""고 지적했다. 특히 저신용 차주가 은행권에서 밀려나 2·3금융권으로 이동하면서 해당 부문의 부실이 먼저 확대되고 이후 금융시스템 전반으로...",https://www.g-enews.com/view.php?ud=202605191545024088cd0bfacc1c_1,0,0.6181,0,drop,candidate_hybrid_drop_corporate_macro_noise,0,0.6181,,,,candidate_hybrid,1,0.65,0.35
"정상혁, 서울시금고 지켰다…리딩뱅크 이어 또 성과[CEO파일]","정상혁, 서울시금고 3연속 수성…임기 말 존재감 키웠다 18일 금융권에 따르면 서울시는 지난 12일... 올해 3월 말 기준 연체율은 0.32%, 고정이하여신(NPL) 비율은 0.30%로 집계됐다. NPL 커버리지 비율도 160%대를 유지했다....",https://www.econovill.com/news/articleView.html?idxno=740394,4,0.659,0,drop,candidate_hybrid_drop_model_keep_without_domain_anchor,4,0.659,npl,,,candidate_hybrid,1,0.65,0.35
"'고신용자 쏠림' 개편에 법 개정이 관건…당국, 대책 마련 분주",19일 금융권에 따르면 은행권은 금융당국에 중금리대출 잔액과 사잇돌대출 잔액 등 자료를 제출했다. 이는... 이런 데이터가 뒷받침되면 중저신용자 대출을 늘리고 연체율도 줄어들 수 있을 것으로 보인다. 그러나 일부...,https://www.ajunews.com/view/20260519143541749,0,0.5909,0,drop,candidate_hybrid_gray_drop_score_lt_threshold,0,0.5909,,,,candidate_hybrid,1,0.65,0.35
[상암동에서] 정책과 리스크 사이…금융지주의 고난도 줄타기,"실제 경영에서는 연체율, 충당금, 보통주자본비율, 주주환원까지 관리해야 한다. 금융지주들이 체감하는... 한 금융권 관계자는 “정책 취지에는 공감하지만 현장에서는 건전성 부담을 함께 볼 수밖에 없다”며 “공급...",https://www.sentv.co.kr/article/view/sentv202605190083,10,0.5121,1,keep,candidate_hybrid_keep_strong_domain_rule_anchor,10,0.5121,연체율;충당금,건전성,,candidate_hybrid,1,0.65,0.35
"부산은행, 중기 M&A에 힘 싣기…1.2% 연체율 낮출 방책은",2%대의 연체율을 포함한 건전성 지표에 대한 부담이 커진 상황에서 기술보증기금의 보증과 부산시의 이차보전을 결합해 인수기업 금융에 힘을 보탤 계획이다. 19일 금융권에 따르면 부산은행은 기술보증기금에...,https://www.bloter.net/news/articleView.html?idxno=662840,11,0.5631,1,keep,candidate_hybrid_keep_strong_domain_rule_anchor,11,0.5631,연체율;기술보증기금,건전성,,candidate_hybrid,1,0.65,0.35
총량규제에 막힌 중금리대출···저축은행업계 대응 '고심',업계에서는 부동산 프로젝트파이낸싱(PF) 부실 정리와 연체율 관리 부담이 겹치면서 건전성 중심의 보수적... 금융당국은 최근 제2금융권 중금리대출을 '중금리대출 1·2'로 세분화하고 더 낮은 금리의 상품에는 예대율과...,https://www.sisajournal-e.com/news/articleView.html?idxno=421168,21,0.733,1,keep,candidate_hybrid_keep_strong_domain_rule_anchor,21,0.733,저축은행;연체율;pf;프로젝트파이낸싱,부실;건전성,,candidate_hybrid,1,0.65,0.35
"카드론 키운 카드사, 1년새 조달 3.6조 늘어…삼성카드 증가폭 최대","1분기 자금조달 평잔 174.4조…전년比 2.2%↑ 삼성카드, 업계 최저 연체율 바탕 카드론 적극 '자산 효율화... 19일 금융권에 따르면 전업 카드사 8곳(신한·삼성·현대·KB국민·롯데·우리·하나·BC카드)의 올해 1분기 말...",https://www.ajunews.com/view/20260519140007657,12,0.4763,1,keep,candidate_hybrid_keep_strong_domain_rule_anchor,12,0.4763,카드사;연체율;카드론,,,candidate_hybrid,1,0.65,0.35
"중금리대출 확대 경쟁 불붙은 은행권…KB국민·신한·우리금융, 대환·전...","늘리면 연체율이 오를 수 있고, 이는 건전성 관리 부담으로 이어질 수 있다. 금융권에서는 가계대출 억제와 중금리대출 확대를 동시에 요구받는 구조적 모순 속에서 담보 대출보다 위험이 큰 신용대출을 적극 늘리기...",https://www.greened.kr/news/articleView.html?idxno=340907,8,0.5488,1,keep,candidate_hybrid_keep_strong_domain_rule_anchor,8,0.5488,은행권,대환;건전성,,candidate_hybrid,1,0.65,0.35
금리 인상론 고개…주담대 7% 재돌파에 영끌·빚투족 '긴장',"지속되는 만큼, 최소한 조기 금리 인하 기대는 상당 부분 약화됐다는 평가다. 한 금융권 관계자는 ""금리 상승 장기화가 은행 연체율 상승과 금융권 건전성 부담으로 이어질 가능성을 주의 깊게 보고 있다""고 말했다.",http://www.opinionnews.co.kr/news/articleView.html?idxno=138661,10,0.6335,1,keep,candidate_hybrid_keep_strong_domain_rule_anchor,10,0.6335,은행;연체율,금리;건전성,,candidate_hybrid,1,0.65,0.35
[MD포커스] 이자 줄자 외환·WM 키웠다…SC제일·씨티은행의 ‘생존 공식...,"19일 금융권에 따르면 SC제일은행의 올해 1분기 순이익은 1049억원으로 전년 동기 대비 6.3% 감소했다. 반면... 연체율은 0.46%로 소폭 상승했지만 자본비율은 BIS 총자본비율(CAR) 17.23%, 보통주자본비율(CET1) 14.86%를...",https://www.mydaily.co.kr/page/view/2026051517441797338,0,0.4369,0,drop,candidate_hybrid_gray_drop_score_lt_threshold,0,0.4369,,,,candidate_hybrid,1,0.65,0.35
“포용금융 확대시 건전성↓” 美공시에 금융권 딜레마,"정부가 저소득층과 금융취약계층에 대한 대출 확대를 주문하는 과정에서 연체율 상승과 자산건전성 악화... 대출보다 연체율이 높을 수 있고, 경기 하강기에는 손실이 예상보다 빠르게 늘어날 수 있기 때문”이라고...",https://biz.heraldcorp.com/article/10740842?ref=naver,7,0.3828,1,keep,candidate_hybrid_gray_keep_domain_score_ge_threshold,7,0.3828,연체율,대출;건전성,,candidate_hybrid,1,0.65,0.35
"""포용금융·건전성 모두 잡았다""…인터넷은행, 사업자대출 폭증",보증서·담보를 기반으로 개인사업자대출을 안정적으로 늘리면서도 연체율 관리에 집중해 포용금융과 건전성을 모두 달성하는 모습이다. 19일 금융권에 따르면 케이뱅크의 개인사업자대출 잔액은 3조원을 돌파했다....,https://www.mediapen.com/news/view/1099734,10,0.5454,1,keep,candidate_hybrid_keep_strong_domain_rule_anchor,10,0.5454,인터넷은행;연체율,건전성,,candidate_hybrid,1,0.65,0.35
"“포용금융, 대출확대 보다 ‘중간위험 차주’ 선별이 성패 가른다”","정부는 중·저신용자와 금융취약계층에 대한 금융 접근성 확대를 주문하고 있지만, 금융권 안팎에선 자칫 연체율 상승과 자산건전성 악화로 이어질 수 있다는 우려도 커지고 있다. ▶“포용금융, 단순대출 확대로 접근 안...",https://biz.heraldcorp.com/article/10740806?ref=naver,5,0.2687,0,drop,candidate_hybrid_model_drop_prob_le_threshold,5,0.2687,연체율,금융,,candidate_hybrid,1,0.65,0.35
대형 건설사 브랜드 단지 선호 확대… 시장 불확실성 속 안정성 주목,"실제 금융권 자료에 따르면 대형 건설사의 연체율은 상대적으로 안정세를 보이는 반면, 중소형 건설사는 자금 부담이 지속되는 흐름이 나타나고 있다. 건설산업지식정보시스템(KISCON)에 따르면 올해 1분기 건설사 폐업...",https://economist.co.kr/article/view/ecn202605190011,0,0.5558,0,drop,candidate_hybrid_drop_generic_market_or_ipo_noise,0,0.5558,,,,candidate_hybrid,1,0.65,0.35
"중금리대출 대신 펀드 판매 … 인뱅3사 '증권플랫폼화' 가속, 포용금융...","19일 금융권에 따르면 토스뱅크는 최근 금융위원회로부터 금융투자업 본인가를 획득하고 연내 공모펀드... 인터넷은행 중저신용자 연체율은 2021년 말 1.43%에서 지난해 말 2.47%, 올해 3월 말에는 2.57%까지 상승했다....",https://biz.newdaily.co.kr/site/data/html/2026/05/19/2026051900108.html,16,0.6239,1,keep,candidate_hybrid_keep_strong_domain_rule_anchor,16,0.6239,금융위원회;금융위;인터넷은행,,,candidate_hybrid,1,0.65,0.35
"""고금리 대출로 몰린다""…70대 카드론 3년 새 두 배 급증","확대되면 금융권 전반의 리스크로 번질 가능성도 제기된다. 한국신용카드학회장인 서지용 상명대학교 경영학부 교수는 ""고령층은 상대적으로 소득 기반이 약해 경기 충격이나 금리 부담 확대에 취약할 수 있어 연체율...",https://view.asiae.co.kr/article/2026051907094394303,10,0.5608,1,keep,candidate_hybrid_keep_strong_domain_rule_anchor,10,0.5608,연체율;카드론,금리,,candidate_hybrid,1,0.65,0.35
"[경제대기획-HOUSE③] 경고등 켜진 대구 가계부채…집, 무거운 빚의 굴레...",대구지역 최근 5년 간 주택담보대출 추이 대출규제 허들이 다소 낮은 2금융권으로 확장하면 증가세가 더... 김 교수의 진단처럼 대구의 전반적 연체율은 높아지고 있습니다. iM뱅크의 2026년 1분기 가계부채 연체규모는...,https://www.yeongnam.com/web/view.php?key=20260519028340307,3,0.4857,0,drop,candidate_hybrid_gray_drop_score_lt_threshold,3,0.4857,가계부채,,,candidate_hybrid,1,0.65,0.35
[금융家]1분기 연체율 상승에도 한숨 돌린 은행권…하반기 '고유가' 덮치...,"1분기 연체율이 상승 곡선을 그리면서 위기감이 고조되는 분위기지만, 금융권 안팎에서는 이를 즉각적인 부실 징후로 보기보다는 '계절적 요인'에 기인한 착시 현상이라는 분석이 우세하다. 다만, 경기 양극화와 고금리...",https://www.megaeconomy.co.kr/news/newsview.php?ncode=1065573617413102,11,0.5813,1,keep,candidate_hybrid_keep_strong_domain_rule_anchor,11,0.5813,은행권;연체율,부실;금융,,candidate_hybrid,1,0.65,0.35
“포용금융 확대하면 건전성 악화 우려” 美 공시에 드러난 금융권 딜레...,정부가 저소득층과 금융취약계층에 대한 대출 확대를 주문하는 과정에서 연체율 상승과 자산건전성 악화... 이에 전문가들은 금융권 건전성과 주주 이익을 해치지 않는 범위 내에서 자율적이고 지속가능한 방식으로...,https://biz.heraldcorp.com/article/10740582?ref=naver,7,0.3904,1,keep,candidate_hybrid_gray_keep_domain_score_ge_threshold,7,0.3904,연체율,대출;건전성,,candidate_hybrid,1,0.65,0.35
카드사의 신기술 금융 투자 촉진을 위한 방안 [서지용의 금융 톡톡],"카드사는 가맹점 수수료와 카드론·현금서비스 등 전통 수익 기반이 흔들리는 가운데, 수수료 규제와 조달 비용 증가, 연체율 오름세까지 겹치며 실적 방어에 급급한 상황이다. 이런 환경에서 신기술 금융 투자는...",https://www.dailian.co.kr/news/view/1644783/?sc=Naver,13,0.4281,1,keep,candidate_hybrid_keep_strong_domain_rule_anchor,13,0.4281,연체율;카드론,수수료;가맹점;실적;금융,,candidate_hybrid,1,0.65,0.35
"카드업계 점유율 쟁탈전…2위 추격 속 개인-'신한', 법인-'KB' 선두권 지...","가맹점 수수료 인하와 카드론 규제 강화, 조달비용 상승 등으로 외형 성장이 제한된 상황 속 카드사들이... 법인카드는 개인 고객에 비해 연체율이 낮고 건당 결제금액이 큰 데다 기업대출이나 임직원 대상 영업 등 추가...",https://www.newsway.co.kr/news/view?ud=2026051916184886616,7,0.4982,1,keep,candidate_hybrid_gray_keep_domain_score_ge_threshold,7,0.4982,카드론,수수료;가맹점,,candidate_hybrid,1,0.65,0.35
"[출근길포인트]이 대통령ㆍ다카이치 총리, ""한일 원유ㆍLNG 협력 확대""","이어 ""최근 금융당국이 농협·새마을금고 등을 대상으로 가계부채 관리 강화 방안을 발표한 만큼... 한은은 다만 거시건전성 지표는 일부 개선될 가능성이 있다고 평가했다. 1분기 가계신용 증가율(3.5%)이 같은 기간...",https://www.pointdaily.co.kr/news/articleView.html?idxno=305500,7,0.6478,1,keep,candidate_hybrid_gray_keep_domain_score_ge_threshold,7,0.6478,새마을금고;가계부채,,,candidate_hybrid,1,0.65,0.35
"농협 고객예치금 횡령 사건, 상호금융권 감독체계 도마",지역농협은 농림축산식품부와 농협중앙회의 감사·검사를 받고 있으며 새마을금고는 행정안전부와 중앙회 중심 감독 구조로 운영된다. 금융당국 역시 일부 검사와 건전성 관리에 참여하고 있지만 시중은행 수준의 상시...,https://www.kyeongin.com/article/1763902,14,0.5818,1,keep,candidate_hybrid_keep_strong_domain_rule_anchor,14,0.5818,시중은행;상호금융;새마을금고,건전성,,candidate_hybrid,1,0.65,0.35
재건축·재개발 단체 “정비사업 고충 이해하는 정원오 지지”,두 단체는 이날 정 후보가 용산구 청파새마을금고 본점 강당에서 진행한 ‘찾아가는 간담회’에서 “그동안... 확대하는 건전성과 열정을 가지고 있다”고 강조했다. 서정태 리모델링조합협회 회장도 “정 후보가...,https://www.seoul.co.kr/news/politics/local-election2026/2026/05/19/20260519500229?wlog_tag3=naver,4,0.5443,0,drop,candidate_hybrid_gray_drop_score_lt_threshold,4,0.5443,새마을금고,,,candidate_hybrid,1,0.65,0.35
"가계부채 2000조 임박…규제에 비은행 '껑충', 은행은 '대기업'만 모신다","있다""며 ""농협중앙회, 새마을금고 등에서 모집인을 통한 대출 접수를 중단한 만큼 향후 증가 규모가 크게... 내수 부진과 고금리 장기화 속에서 은행들이 상대적으로 건전성 부담이 낮은 우량 대기업 중심으로 자산을...",https://www.pinpointnews.co.kr/news/articleView.html?idxno=453822,10,0.6509,1,keep,candidate_hybrid_keep_strong_domain_rule_anchor,10,0.6509,새마을금고;가계부채,대출;건전성,,candidate_hybrid,1,0.65,0.35
"새마을금고, 전국 통합 봉사단 'MG따숨' 시동",최근 상호금융업계는 고금리 여파와 자산 건전성 관리 강화 기조 속에서 지역 기반 고객들과의 정서적 신뢰를 회복해야 하는 과제에 직면해 있다. 새마을금고가 개별 금고 단위로 흩어져 있던 봉사 인프라를 13개...,https://www.cnbnews.com/news/articleView.html?idxno=1002127,10,0.588,1,keep,candidate_hybrid_keep_strong_domain_rule_anchor,10,0.588,상호금융;새마을금고,건전성,,candidate_hybrid,1,0.65,0.35
"하나금융, 베트남 BIDV 지분법손익 1분기만 404억원…투자 성과 빛났다","부실채권비율과 연체율이 하락했다""며 ""자산건전성이 개선되면서 충당금 부담 감소 등이 감소해 지분법손익이 증가했다""고 설명했다. 그는 ""인프라와 도시개발 사업은 상호 협력 예정으로 현재 구체화된...",http://www.wikileaks-kr.org/news/articleView.html?idxno=187587,8,0.5307,1,keep,candidate_hybrid_keep_strong_domain_rule_anchor,8,0.5307,부실채권;충당금,,,candidate_hybrid,1,0.65,0.35
"진해 웅동농협, 금융자산 7,000억 달성","진해 웅동농협이 금융자산 7,000억원과 상호금융예수금 4,000억원을 달성했다. 이번 성과로 웅동농협은... 이번 금융자산과 예수금 달성은 조합원 기반의 경영건전성, 지역 신뢰도, 그리고 고객 만족을 종합적으로 반영한...",https://www.gukjenews.com/news/articleView.html?idxno=3586684,4,0.5071,0,drop,candidate_hybrid_gray_drop_score_lt_threshold,4,0.5071,상호금융,,,candidate_hybrid,1,0.65,0.35
"웅동농협, 금융자산 7천억원·예수금 4천억원 달성","진해 웅동농협이 금융자산 7천억원과 상호금융예수금 4천억원을 달성했다. 금융자산 7천억원과 예수금 4천억원 달성은 조합원 기반을 바탕으로 경영건전성과 지역 신뢰도 등을 종합적으로 반영하는 것으로, 어려운...",https://www.nocutnews.co.kr/news/6519672?utm_source=naver&utm_medium=article&utm_campaign=20260519044837,4,0.5272,0,drop,candidate_hybrid_gray_drop_score_lt_threshold,4,0.5272,상호금융,,,candidate_hybrid,1,0.65,0.35
워싱턴 컨센서스의 종말? 가격 통제·국유화·금융 억압의 부상,"구제금융, 그리고 재정정책과 통화정책이 서로 충돌하지 않도록 하는 정책 공조가 필요하다. 만약... 게다가 신흥국들은 이런 통화정책 체계를 거시건전성 조치로 보완해 왔다. 이런 선택은 신흥국 경제가 자본...",https://newscham.net/articles/116385,1,0.5259,0,drop,candidate_hybrid_gray_drop_score_lt_threshold,1,0.5259,,금융,,candidate_hybrid,1,0.65,0.35
[정치家] 구윤철 부총리 ⑥ | 글로벌 투자 유치·경제 전략 총력…'코리...,"● 2026-05-19 구윤철 부총리, 런던 한국경제 설명회 개최…""블랙락 등 17개 글로벌 금융기관 참석"" 한국경제... 재정 건전성에 대해서는 지난해 정부 부채 비율이 선진 38개국 평균보다 낮고 순부채 비율도 선진국 평균의...",https://www.cbci.co.kr/news/articleView.html?idxno=575580,0,0.5076,0,drop,candidate_hybrid_gray_drop_score_lt_threshold,0,0.5076,,,,candidate_hybrid,1,0.65,0.35
"여전업계, 이르면 10월 사잇돌대출 출시… 중금리대출 확대 고심",은행·상호금융·저축은행에서 카드사와 캐피탈사 등 여전업권까지 확대하는 '중금리대출 활성화 방안'을... 사잇돌대출은 서울보증보험을 기반으로 해서 리스크가 적은 반면 민간 중금리대출은 수익성과 건전성을...,https://www.newscj.com/news/articleView.html?idxno=3401946,11,0.6548,1,keep,candidate_hybrid_keep_strong_domain_rule_anchor,11,0.6548,은행;저축은행;상호금융,,,candidate_hybrid,1,0.65,0.35
“지속가능 포용금융 ‘건전성 원칙’ 중요” [이슈&뷰],"김용기 회장은 “금융회사는 기본적으로 수익성과 건전성을 고려해야 하고 감당할 수 없는 위험을 떠안을... 시중은행은 물론 인터넷은행, 상호금융 등 서민금융기관까지도 고신용·고담보 차주 위주로 영업을 하면서...",https://biz.heraldcorp.com/article/10740816?ref=naver,14,0.5826,1,keep,candidate_hybrid_keep_strong_domain_rule_anchor,14,0.5826,시중은행;인터넷은행;상호금융,건전성,,candidate_hybrid,1,0.65,0.35
"사잇돌대출, 10월 출시 가닥…중금리 대출문 넓어진다","은행, 저축은행, 상호금융 중심으로 운영되던 사잇돌대출 공급망에 여전사가 새로 들어오면서 중신용자... 조달금리가 높은 상황에서 중금리대출을 무리하게 늘리면 수익성과 건전성이 동시에 흔들릴 수 있다....",https://www.straightnews.co.kr/news/articleView.html?idxno=302808,11,0.6616,1,keep,candidate_hybrid_keep_strong_domain_rule_anchor,11,0.6616,은행;저축은행;상호금융,,,candidate_hybrid,1,0.65,0.35
"[生기업TALK] KB금융, 1분기 균형 잡힌 비즈 포트폴리오로 견조한 실적 ...","1조8,924억원…계열사 상호보완적인 실적 시현하며 그룹의 견고한 이익창출력 입증 KB금융의 1분기... 자본건전성, 안정적인 수준 유지…손실흡수여력 선제적 확보 그룹의 보통주자본비율과 BIS자기자본비율은 급격한...",http://www.sisacast.kr/news/articleView.html?idxno=95318,1,0.3832,0,drop,candidate_hybrid_gray_drop_score_lt_threshold,1,0.3832,,실적,,candidate_hybrid,1,0.65,0.35
"[HMM50년 돌아보기-47] 컨테이너선 초대형화, 얼라이언스 체제 재편",금융위기 이후 장기간 불황을 겪은 각국의 선사들이 규모의 경제 확보와 비용 절감을 위해 상호... 재무 건전성 확보를 위해 합병을 적극적으로 추진했다. 그 결과 2010년대 중반 무렵의 세계 해운시장은 △2M...,http://www.thebigdata.co.kr/view.php?ud=202605190856142251570d99e4c8_23,2,0.5158,0,drop,candidate_hybrid_gray_drop_score_lt_threshold,2,0.5158,,건전성,,candidate_hybrid,1,0.65,0.35
4월 가계대출 3.5조 증가...주담대 반등에 '우회대출' 고개,"상호금융권은 2조원 증가했지만 전월 2조8000억원보다 줄었고, 보험은 5000억원 증가에서 4000억원 감소로... 한국은행, 금융감독원, 은행연합회, 생명보험협회, 손해보험협회, 저축은행중앙회, 여신금융협회, 농협·수협...",https://www.newswhoplus.com/news/articleView.html?idxno=60714,31,0.629,1,keep,candidate_hybrid_keep_strong_domain_rule_anchor,31,0.629,금융감독원;한국은행;저축은행;손해보험;생명보험;상호금융;여신금융협회,,,candidate_hybrid,1,0.65,0.35
"[오늘의 경제뉴스] '영끌·빚투'에 가계빚 2,000조 눈앞…1분기에 14조 증...",금융당국의 가계대출 관리 강화로 은행권 대출 문턱이 높아지자 상대적으로 규제가 덜한 상호금융... 이혜영 한은 금융통계팀장은 최근 금융당국이 농협·새마을금고 등을 대상으로 가계부채 관리 강화 방안을...,https://www.newsverse.kr/news/articleView.html?idxno=10496,21,0.735,1,keep,candidate_hybrid_keep_strong_domain_rule_anchor,21,0.735,한은;은행권;상호금융;새마을금고;가계부채,대출,,candidate_hybrid,1,0.65,0.35
빚투에 영끌 광풍… 고삐 풀린 가계빚,상호금융·새마을금고 등 비은행 예금취급기관의 전체 가계대출이 8조 2000억원 늘어 전 분기(+4조 1000억원)... 이날 금융권에 따르면 KB국민·신한·하나·우리·NH농협 등 5대 은행의 주담대 고정형(5년) 금리는 전날...,https://www.seoul.co.kr/news/economy/finance/2026/05/20/20260520001010?wlog_tag3=naver,8,0.6333,1,keep,candidate_hybrid_keep_strong_domain_rule_anchor,8,0.6333,상호금융;새마을금고,,,candidate_hybrid,1,0.65,0.35
은행 대출 줄었는데… 1분기 가계빚 14조 늘었다,"이 팀장은 ""금융당국의 관리 강화조치 시행 이전의 대출수요가 반영된 부분으로 보인다""며 ""2~3월 중 농협상호금고나 새마을금고 등이 모집인을 통한 가계대출과 집단대출 접수를 중단한 만큼 앞으로 크게...",https://www.mt.co.kr/economy/2026/05/20/2026051920004970935,8,0.7374,1,keep,candidate_hybrid_keep_strong_domain_rule_anchor,8,0.7374,은행;새마을금고,대출,,candidate_hybrid,1,0.65,0.35
"3분기 만에 반등한 가계 대출, 13조 늘었다",반면 상호금융 등 비은행 예금 취급 기관은 대출 증가액이 8조2000억원으로 지난해 4분기 4조1000억원의 두... 이혜영 한은 금융통계팀장은 “새마을금고와 농협 등이 최근 들어 모집인 대출을 중단하는 등 주택...,https://www.chosun.com/economy/economy_general/2026/05/20/7QZZLH3EVNEBBIK36PEPRMDUAI/?utm_source=naver&utm_medium=referral&utm_campaign=naver-news,14,0.7449,1,keep,candidate_hybrid_keep_strong_domain_rule_anchor,14,0.7449,한은;상호금융;새마을금고,대출,,candidate_hybrid,1,0.65,0.35
"여기선 영끌, 저기선 빚투…가계빚 2000조 눈앞",상호금융·저축은행·신협 등이 포함된 비은행 예금취급기관의 가계대출은 8조2000억원 상승하며 지난해... 이혜영 한은 금융통계팀장은 “최근 새마을금고와 농협 등이 모집인 대출을 중단하는 등 주택대출 관리...,https://www.joongang.co.kr/article/25429744,21,0.7149,1,keep,candidate_hybrid_keep_strong_domain_rule_anchor,21,0.7149,한은;저축은행;상호금융;새마을금고;신협,,,candidate_hybrid,1,0.65,0.35
[은행 이모저모] 우리은행·농협은행·부산은행 등,"NH농협은행이 NH포인트를 지역화폐 충전금으로 전환해 사용할 수 있는 서비스를 세종, 충주, 진천, 옥천... 양사는 협약을 통해 ▲상호 고객 대상 물류·금융 서비스 혜택 제공 ▲수출입 기업 대상 컨설팅·세미나 운영...",http://www.bizwnews.com/news/articleView.html?idxno=136958,4,0.4148,0,drop,candidate_hybrid_gray_drop_score_lt_threshold,4,0.4148,은행,금융,,candidate_hybrid,1,0.65,0.35
가계빚 1993조원 또 최대…비은행 주담대 급증에 '영끌·빚투' 확산,"비은행권 대출 급증 반면 상호금융·저축은행·신협 등 비은행예금취급기관 가계대출은 325조원으로 석... 이어 ""금융당국이 최근 농협중앙회, 새마을금고 등을 대상으로 가계부채 관리 강화 방안을 발표했기...",https://www.econovill.com/news/articleView.html?idxno=740435,20,0.7585,1,keep,candidate_hybrid_keep_strong_domain_rule_anchor,20,0.7585,저축은행;상호금융;새마을금고;신협;가계부채,대출,,candidate_hybrid,1,0.65,0.35
한 달에 이자만 150만 원 “남는 게 없어”...영끌족 ‘버티기 한계’ 왔...,"반면 상호금융, 저축은행, 신협 등 비은행예금취급기관의 가계대출은 같은 기간 8조 2000억 원이나... 금융권에 따르면 KB국민·신한·하나·우리·NH농협 등 5대 시중은행의 주담대 고정형(5년) 금리는 18일 기준 연 4.43...",https://www.sedaily.com/article/20046022?ref=naver,16,0.6244,1,keep,candidate_hybrid_keep_strong_domain_rule_anchor,16,0.6244,시중은행;저축은행;상호금융;신협,,,candidate_hybrid,1,0.65,0.35
안 꺾이는 '영끌·빚투'…가계빚 2000조 턱밑,"신협, 저축은행, 상호금융 등 비은행예금취급기관의 가계대출은 불과 석 달 만에 8조 2000억 원(잔액 325조... 2금융권에 몰리면서 전체 규모가 커졌다""고 분석했다. 이어 ""최근 농협과 새마을금고 등에 대해서도 강도...",https://www.ggilbo.com/news/articleView.html?idxno=1159222,16,0.648,1,keep,candidate_hybrid_keep_strong_domain_rule_anchor,16,0.648,저축은행;상호금융;새마을금고;신협,,,candidate_hybrid,1,0.65,0.35
"NH농협은행 충북본부·무역협회, 지역 기후테크기업 글로벌 시장 진출 ...",NH농협은행 충북본부가 한국무역협회 충북지역본부 및 NH투자증권 탄소금융부와 손을 잡고 19일 농협... 가능성과 상호 협력 기회를 깊이 있게 모색했다. 이번에 소개된 지원 프로그램은 녹색기후기금과 NH투자증권이 미화...,http://www.breaknews.com/1208362,0,0.4612,0,drop,candidate_hybrid_drop_generic_market_or_ipo_noise,0,0.4612,,,,candidate_hybrid,1,0.65,0.35
"[금융 풍향계] BNK부산은행, 지역 중소기업 M&A 금융지원 外","협약기관들은 지역 중소기업의 M&A 활성화를 위해 금융지원, 기업발굴, 제도 홍보 등에 상호 협력한다.... NH농협은행이 연세대, NH투자증권과 '농심천심 실천과 협동 가치 확산'을 위한 업무협약을 체결했다. 농협은행은...",https://www.ekn.kr/web/view.php?key=20260519020376165,1,0.4465,0,drop,candidate_hybrid_gray_drop_score_lt_threshold,1,0.4465,,금융,,candidate_hybrid,1,0.65,0.35
가계빚 증가폭 누그러졌어도… 1분기 잔액 2000조 '턱밑',"한은 이혜영 경제통계1국 금융통계팀장은 ""금융당국의 관리 강화 조치 시행 전 대출 수요가 반영된 결과""라며 ""상호금융권에 가계대출 확대 자제 요청을 했고, 농협상호금고와 새마을금고 등에서 모집인을...",http://www.fnnews.com/news/202605191808010229,14,0.6996,1,keep,candidate_hybrid_keep_strong_domain_rule_anchor,14,0.6996,한은;상호금융;새마을금고,대출,,candidate_hybrid,1,0.65,0.35
가계빚 2000조 코앞…빚투·영끌에 '사상 최대',"반면 저축은행·상호금융·신협·새마을금고 등 비은행 예금취급기관 가계대출은 8조2000억원... 이어 ""금융당국이 최근 농협중앙회, 새마을금고 등을 대상으로 가계부채 관리 강화 방안을 발표했기 때문에 비은행기관...",http://www.newstomato.com/ReadNews.aspx?no=1301426&inflow=N,19,0.7423,1,keep,candidate_hybrid_keep_strong_domain_rule_anchor,19,0.7423,저축은행;상호금융;새마을금고;신협;가계부채,,,candidate_hybrid,1,0.65,0.35
가계빚 1천993조…'영끌·빚투'에 2천조 눈앞,"반면 상호금융과 상호저축은행, 신협 등 비은행예금취급기관 가계대출은 325조 원으로 석 달 새 8조2천억... 이어 ""최근 금융당국이 농협중앙회와 새마을금고 등을 대상으로 가계부채 관리 강화 방안을 내놓은 만큼...",https://www.namdonews.com/news/articleView.html?idxno=911061,19,0.6731,1,keep,candidate_hybrid_keep_strong_domain_rule_anchor,19,0.6731,저축은행;상호금융;새마을금고;신협;가계부채,,,candidate_hybrid,1,0.65,0.35
[단독] 5대 은행서 전세대출 받은 수도권 1주택자 7만명,"의원이 금융감독원에서 받은 자료에 따르면 올해 3월 말 기준 국민·신한·하나·우리·농협은행 등 국내 5대... 은행권은 가계부채 관리 영향으로 증가세가 크게 둔화했지만, 상호금융·저축은행·신협 등...",https://www.hankyung.com/article/2026051969731,21,0.7078,1,keep,candidate_hybrid_keep_strong_domain_rule_anchor,21,0.7078,금융감독원;저축은행;상호금융;신협;가계부채,,,candidate_hybrid,1,0.65,0.35
"1분기 가계빚 1993조로 사상 최대, 2금융권 주담대 몰리며 14조 증가","반면 상호금융ᐧ상호저축은행ᐧ신용협동조합ᐧ새마을금고 등 비은행 예금취급기관 가계대출은 325조... 한국은행 관계자는 ""금융당국이 최근 농협과 새마을금고 등을 대상으로 가계부채 관리 강화 방안을 발표한...",https://www.businesspost.co.kr/BP?command=article_view&num=438182,20,0.7003,1,keep,candidate_hybrid_keep_strong_domain_rule_anchor,20,0.7003,한국은행;저축은행;상호금융;새마을금고;가계부채,,,candidate_hybrid,1,0.65,0.35
[은행 뉴스브리핑] 농협은행-연세대 '농심천심 실천' MOU 체결,이번 협약은 범농협의 '농심천심 운동'을 바탕으로 대학과 금융기관이 협력해 우리 농업의 가치와 협동조합... 분야에서 상호 협력 할 계획이다. 18일 강태영 농협은행장(왼쪽 첫번째)이 허대식 연세대 경영대학장(가운데)...,https://www.asiatime.co.kr/article/20260519500387,3,0.5739,0,drop,candidate_hybrid_gray_drop_score_lt_threshold,3,0.5739,은행,,,candidate_hybrid,1,0.65,0.35
"진해 웅동농협, 금융자산 7천억·상호금융예수금 4천억 달성","진해 웅동농협이 금융자산 7000억 원과 상호금융예수금 4000억 원을 달성했다. 웅동농협은 조합원과 지역주민, 고객의 신뢰를 바탕으로 금융자산 7000억 원, 상호금융예수금 4000억 원을 달성했다고 밝혔다. 이번 성과는...",https://www.newsgn.com/news/articleView.html?idxno=553062,4,0.4954,0,drop,candidate_hybrid_gray_drop_score_lt_threshold,4,0.4954,상호금융,,,candidate_hybrid,1,0.65,0.35
"한국 가계부채, 2천조원 눈앞…비은행권 대출 급증 경고","반면 상호금융, 상호저축은행, 신용협동조합 등 비은행예금취급기관의 가계대출은 325조원으로 8조2천억원... 최근 금융당국이 농협과 새마을금고 등을 대상으로 가계부채 관리 강화 방안을 내놓은 만큼, 비은행권의...",https://www.tokenpost.kr/news/economy/361193,16,0.7195,1,keep,candidate_hybrid_keep_strong_domain_rule_anchor,16,0.7195,저축은행;상호금융;새마을금고;가계부채,대출,,candidate_hybrid,1,0.65,0.35
은행권 주담대 규제에도 증시 빚투에 가계부채 증가,"이 팀장은 ""비은행예금취급기관 주택대출 증가는 금융당국의 관리 강화 조치 시행 전 대출 수요가 반영된 결과""라며 ""상호금융권에 가계대출 확대 자제 요청을 했고 농협중앙회, 새마을금고 등에서 모집인을 통한...",https://www.m-i.kr/news/articleView.html?idxno=1374336,16,0.7689,1,keep,candidate_hybrid_keep_strong_domain_rule_anchor,16,0.7689,은행권;상호금융;새마을금고;가계부채,대출,,candidate_hybrid,1,0.65,0.35
가계빚 1993조 ‘사상 최대’…대출규제에 2금융권 주담대 수요↑,"상호금융·상호저축은행·신용협동조합 등 비은행예금취급기관의 가계대출은 325조원으로 석 달 사이... 이어 “금융당국이 최근 농협, 새마을금고 등을 대상으로 가계부채 관리 강화 방안을 발표했기 때문에...",https://www.kukinews.com/article/view/kuk202605190128,15,0.7036,1,keep,candidate_hybrid_keep_strong_domain_rule_anchor,15,0.7036,저축은행;상호금융;새마을금고;가계부채,,,candidate_hybrid,1,0.65,0.35
역대급 ‘빚투·영끌’로 올해 1분기 가계빚 1993조 역대 최대,상호금융·새마을금고 등 비은행 예금취급기관의 전체 가계대출이 8조 2000억원 늘어 전 분기(+4조 1000억원)... 이날 금융권에 따르면 KB국민·신한·하나·우리·NH농협 등 5대 은행의 주담대 고정형(5년) 금리는 전날...,https://www.seoul.co.kr/news/economy/2026/05/19/20260519500204?wlog_tag3=naver,8,0.6319,1,keep,candidate_hybrid_keep_strong_domain_rule_anchor,8,0.6319,상호금융;새마을금고,,,candidate_hybrid,1,0.65,0.35
"NH농협은행·연세대·NH투자증권, '농심천심'·협동 가치 확산 업무협약","다방면에서 상호 협력 체계를 구축했다. 농협은행은 발전기금 전달식도 함께 진행, 연세대 연구 역량 강화에 힘을 보탰다. 금융권 관계자는 ""농협은행과 연세대, NH투자증권의 협력은 금융권과 학계를 잇는 다리 역할을...",https://www.asiaa.co.kr/news/articleView.html?idxno=250025,0,0.5044,0,drop,candidate_hybrid_gray_drop_score_lt_threshold,0,0.5044,,,,candidate_hybrid,1,0.65,0.35
"[은행업계 소식] NH농협은행, IBK기업은행, Sh수협은행",이 협약은 범농협 '농심천심(農心天心) 운동'을 바탕으로 대학과 금융기관이 협력해 우리 농업의 가치와... 등에서 상호 협력하기로 했다. ◆호남권 청년 위한 지역 상생형 일자리 박람회 개최…지역인재 정착 지원...,https://www.financialpost.co.kr/news/articleView.html?idxno=259688,5,0.3887,0,drop,candidate_hybrid_gray_drop_score_lt_threshold,5,0.3887,기업은행,,,candidate_hybrid,1,0.65,0.35
"남원읍, 상호기부 확산 마중물 역할 나서",(310만원) △위미농협-구미농협(1000만원) △남원읍-경북 경산시 하양읍(150만원) 등 총 5회가 추진됐거나 추진될 예정이다. 지난해에는 총 3개 금융기관·단체에서 상호기부에 참여해 총 2220만 원의 실적을 거둔 바 있다....,https://www.jemin.com/news/articleView.html?idxno=837766,0,0.4801,0,drop,candidate_hybrid_gray_drop_score_lt_threshold,0,0.4801,,,,candidate_hybrid,1,0.65,0.35
"KB금융·NH농협은행, ESG 사업 협력 강화","KB금융과 NH농협은행이 기관ㆍ기업과 ESG 사업 협력을 강화한다. 19일 금융권에 따르면 KB금융은... 분야에서 상호 협력할 계획이다. 협약식 이후 총장실에서 진행된 발전기금 전달식에는 윤동섭 총장, 김용호...",http://www.wsobi.com/news/articleView.html?idxno=312159,0,0.5749,0,drop,candidate_hybrid_gray_drop_score_lt_threshold,0,0.5749,,,,candidate_hybrid,1,0.65,0.35
“영끌·빚투 동시에 터지니 이런 결과가”…가계빚 2천조 육박 ‘역대...,반면 상호금융·저축은행·신협 등 비은행예금취급기관 가계대출은 325조원으로 석 달 새 8조2000억원... 이어 “최근 금융당국이 농협중앙회와 새마을금고 등을 대상으로 가계부채 관리 강화 방안을 발표한 만큼...,https://www.mk.co.kr/article/12052288,19,0.7116,1,keep,candidate_hybrid_keep_strong_domain_rule_anchor,19,0.7116,저축은행;상호금융;새마을금고;신협;가계부채,,,candidate_hybrid,1,0.65,0.35
가계빚 1천993조원 역대 최대…영끌·빚투에 1분기 14조↑,"주담대 증가폭은 전 분기(+4조8000억원)보다 크게 축소됐다.상호금융·상호저축은행·신용협동조합 등... 이어 ""금융당국이 최근 농협중앙회, 새마을금고 등을 대상으로 가계부채 관리 강화 방안을 발표했기...",https://www.kbsm.net/news/view.php?idx=520048,15,0.6746,1,keep,candidate_hybrid_keep_strong_domain_rule_anchor,15,0.6746,저축은행;상호금융;새마을금고;가계부채,,,candidate_hybrid,1,0.65,0.35
"가계 빚 1,993조 '역대 최대'…정부 규제 비웃은 '2금융권 풍선효과'","상호금융은 2조 3,000억 원에서 5조 1,000억 원으로, 새마을금고는 1조 6,000억 원에서 2조 4,000억 원으로 증가... 금융당국의 가계부채 관리 강화 조치가 시행되기 전 접수된 대출 수요가 일부 반영된 것으로 봤다. 농협...",https://www.ppss.kr/news/articleView.html?idxno=296536,12,0.6776,1,keep,candidate_hybrid_keep_strong_domain_rule_anchor,12,0.6776,상호금융;새마을금고;가계부채,대출,,candidate_hybrid,1,0.65,0.35
1분기 가계빚 1993조 ‘역대 최대’…2분기 2000조 돌파 가시권,반면 저축은행·상호금융·신협·새마을금고 등 비은행예금취급기관의 가계대출은 8조2000억원 늘어 전... 금융당국의 관리 강화 조치 시행 이전 대출 수요가 반영된 결과”라고 설명했다. 이어 “농협중앙회...,https://www.viva100.com/article/20260519501110,17,0.7132,1,keep,candidate_hybrid_keep_strong_domain_rule_anchor,17,0.7132,저축은행;상호금융;새마을금고;신협,대출,,candidate_hybrid,1,0.65,0.35
가계 빚 1993조 돌파 역대 최대…빚투·영끌 영향,"상호금융·상호저축은행·신용협동조합 등 비은행예금취급기관의 가계대출(325조원)은 1분기... 이어 ""금융당국이 최근 농협·새마을금고 등을 대상으로 가계부채 관리 강화 방안을 발표한 만큼 비은행권 주택...",https://www.pointdaily.co.kr/news/articleView.html?idxno=305495,15,0.6982,1,keep,candidate_hybrid_keep_strong_domain_rule_anchor,15,0.6982,저축은행;상호금융;새마을금고;가계부채,,,candidate_hybrid,1,0.65,0.35
"NH농협은행, 연세대·NH투자증권과 '농심천심' 확산 맞손",농협은행 측에 따르면 이번 협약은 범농협의 '농심천심 운동'을 바탕으로 대학과 금융기관이 협력해 우리... 분야에서 상호 협력할 계획이다. 특히 우리쌀 소비 감소와 농촌 고령화가 이어지는 가운데 범농협 차원의...,http://www.finomy.com/news/articleView.html?idxno=254595,0,0.5037,0,drop,candidate_hybrid_gray_drop_score_lt_threshold,0,0.5037,,,,candidate_hybrid,1,0.65,0.35
"대전축산농협, NH농협손해보험 위더스 사무소 수상 영예","대전축산농협은 지난해 종합업적평가 우수상 수상, 상호금융대상평가 최우수상 수상에 이어 올해 위더스 사무소까지 수상하며 상호금융 및 보험사업 전반에서 뛰어난 성과를 거뒀다. 신창수 조합장은 ""위더스 사무소...",https://www.ggilbo.com/news/articleView.html?idxno=1159176,7,0.506,1,keep,candidate_hybrid_gray_keep_domain_score_ge_threshold,7,0.506,손해보험;상호금융,,,candidate_hybrid,1,0.65,0.35
"천정부지 가계부채, 커지는 경고음","반면 상호금융·저축은행·신용협동조합 등 비은행예금취급기관의 가계대출은 석 달 새 8조2000억원이나... 이어 ""금융당국이 농협, 새마을금고 등을 대상으로 가계부채 관리 강화 방안을 발표한 만큼 비은행권의...",https://www.bigtanews.co.kr/article/view/big202605190011,15,0.7295,1,keep,candidate_hybrid_keep_strong_domain_rule_anchor,15,0.7295,저축은행;상호금융;새마을금고;가계부채,,,candidate_hybrid,1,0.65,0.35
"NH농협은행·연세대·NH투자증권, 농업 가치 확산·ESG 연구 '맞손'","19일 금융권에 따르면 NH농협은행은 지난 18일 연세대학교 경영관 용재홀에서 연세대 경영대학, NH투자증권과... 등에서 상호 협력할 계획이다. 강태영 농협은행장은 “이번 협약은 농업의 지속가능성과 협동의 가치를...",https://www.g-enews.com/view.php?ud=202605191522234448bb91c46fcd_1,0,0.5224,0,drop,candidate_hybrid_gray_drop_score_lt_threshold,0,0.5224,,,,candidate_hybrid,1,0.65,0.35
2금융 주담대·빚투에 1분기 가계빚 2000조원 '턱밑',"보인다""며 ""금융당국의 상호금융권 가계대출 확대 자제 요청으로 2~3월 농협중앙회나 새마을금고에서 모집인을 통한 가계대출, 집단대출 중단 시행을 발표해 향후 크게 늘어나지 않을 것으로 보인다""고 설명했다....",http://www.newsprime.co.kr/news/article.html?no=733989,8,0.6647,1,keep,candidate_hybrid_keep_strong_domain_rule_anchor,8,0.6647,상호금융;새마을금고,,,candidate_hybrid,1,0.65,0.35
[뱅크 NOW] NH농협은행·BNK부산은행·카카오뱅크,이번 협약은 범농협의 농심천심 운동을 기반으로 대학과 금융기관이 힘을 모아 청년 인재를 양성하고 ESG 및... 분야에서 상호 협력체계를 가동할 계획이다. 이날 협약식에는 강태영 NH농협은행장과 김석찬 NH투자증권...,http://www.wikileaks-kr.org/news/articleView.html?idxno=187584,0,0.4552,0,drop,candidate_hybrid_gray_drop_score_lt_threshold,0,0.4552,,,,candidate_hybrid,1,0.65,0.35
"대전축산농협, 보험·금융 동시 석권… '위더스 사무소'까지 품었다","NH농협손해보험 김철회 부사장은 ""대전축산농협은 상호금융과 보험사업 전반에서 탁월한 경쟁력을 보여주고 있다""며 ""신창수 조합장의 리더십과 조합원·임직원 간 신뢰가 만들어낸 성과""라고 말했다. 신창수 조합장은...",https://www.ccdailynews.com/news/articleView.html?idxno=2417225,8,0.4663,1,keep,candidate_hybrid_keep_strong_domain_rule_anchor,8,0.4663,손해보험;상호금융,금융,,candidate_hybrid,1,0.65,0.35
가계빚 역대 최대...영끌·빚투에 2천조원 육박,"반면 저축은행·상호금융·신협 등 비은행예금취급기관 가계대출은 8조2000억원 늘었다. 전 분기 증가 폭... 이어 “금융당국이 최근 농협, 새마을금고 등을 대상으로 가계부채 관리 강화 방안을 발표했기 때문에...",https://www.mk.co.kr/article/12052159,19,0.7115,1,keep,candidate_hybrid_keep_strong_domain_rule_anchor,19,0.7115,저축은행;상호금융;새마을금고;신협;가계부채,,,candidate_hybrid,1,0.65,0.35
비은행 주택 대출·'빚투'에 가계신용 14조↑…잔액 2000조 눈앞,"1분기 비은행예금취급기관(상호금융, 새마을금고 등)과 기타금융기관의 가계대출은 각각 8조2000억원... 최근 농협중앙회, 새마을금고 등을 대상으로 가계부채 관리 강화 방안을 발표했기 때문에 비은행기관...",http://www.newsfc.co.kr/news/articleView.html?idxno=78772,12,0.6842,1,keep,candidate_hybrid_keep_strong_domain_rule_anchor,12,0.6842,상호금융;새마을금고;가계부채,대출,,candidate_hybrid,1,0.65,0.35
'영끌' 꺾이지 않았다…가계빚 2000조 눈앞,"은행권 대출 문턱이 높아지자 대출 수요가 상호금융·저축은행 등 비은행권으로 이동했다. 주택 매수... 이혜영 한국은행 금융통계팀장은 ""최근 금융당국이 농협·새마을금고 등을 대상으로 가계부채 관리 강화...",https://www.ezyeconomy.com/news/articleView.html?idxno=235544,25,0.7914,1,keep,candidate_hybrid_keep_strong_domain_rule_anchor,25,0.7914,한국은행;은행권;저축은행;상호금융;새마을금고;가계부채,대출,,candidate_hybrid,1,0.65,0.35
2금융권 쏠림·증시 빚투에 가계대출 증가폭 재확대...2분기 상·하방 요...,"특히 상호금융은 전분기와 견줘 증가폭이 2조3000억원에서 5조1000억원으로, 새마을금고는 1조6000억원에서... 농협중앙회, 새마을금고 등은 당국의 가계부채 관리 강화 기조에 맞춰 지난 2~3월 모집인을 통한...",http://www.updownnews.co.kr/news/articleView.html?idxno=317258,11,0.6943,1,keep,candidate_hybrid_keep_strong_domain_rule_anchor,11,0.6943,상호금융;새마을금고;가계부채,,,candidate_hybrid,1,0.65,0.35
"[CEO 직썰] 강태영 NH농협은행장 ""청년 인재 육성 적극 지원""",이번 협약은 범농협의 '농심천심' 운동을 바탕으로 마련됐다. 대학과 금융기관이 협력해 우리 농업의... 분야에서도 상호 협력을 이어간다. 이날 협약식에는 강태영 NH농협은행장과 김석찬 NH투자증권 부사장을 비롯해...,https://www.ziksir.com/news/articleView.html?idxno=134360,0,0.4589,0,drop,candidate_hybrid_gray_drop_score_lt_threshold,0,0.4589,,,,candidate_hybrid,1,0.65,0.35
"영끌·빚투에 1분기 가계빚, 1993조1000억원 또 ‘역대 최대’",상호금융·저축은행·신협 등 비은행예금취급기관 가계대출은 325조원으로 전분기 4조1000억원 증가에서... 이어 “최근 농협·새마을금고 등을 대상으로 금융당국이 가계부채 관리 강화 방안을 발표한 만큼...,https://www.dnews.co.kr/uhtml/view.jsp?idxno=202605191510293500320,19,0.6932,1,keep,candidate_hybrid_keep_strong_domain_rule_anchor,19,0.6932,저축은행;상호금융;새마을금고;신협;가계부채,,,candidate_hybrid,1,0.65,0.35
"1분기 가계대출, 비은행 주택관련대출 늘며 증가폭 확대","이혜영 한은 금융통계팀장은 비은행 주택관련대출 증가에 대해 ""금융당국 관리 강화 조치 시행 전 대출 수요가 반영됐다""며 ""다만 금융당국에서 상호금융권 가계대출 확대 자제를 요청했었고 이에 2~3월 중 농협중앙회...",https://www.todaykorea.co.kr/news/articleView.html?idxno=401836,10,0.7087,1,keep,candidate_hybrid_keep_strong_domain_rule_anchor,10,0.7087,한은;상호금융,대출,,candidate_hybrid,1,0.65,0.35
다시 불어나는 주택대출...은행 막히자 제2금융권 '우르르',"상호금융·상호저축은행·신용협동조합 등 비은행예금취급기관의 가계대출 잔액은 325조원으로... 그는 ""금융당국이 농협중앙회 등을 대상으로 가계부채 관리 강화 방안을 발표한 만큼 비은행기관의...",http://www.nongaek.com/news/articleView.html?idxno=95435,14,0.773,1,keep,candidate_hybrid_keep_strong_domain_rule_anchor,14,0.773,은행;저축은행;상호금융;가계부채,,,candidate_hybrid,1,0.65,0.35
영끌·빚투에 가계빚 2000조 눈앞…은행 막히자 2금융 ‘풍선효과’,상호금융·저축은행·신협 등이 포함된 비은행 예금취급기관의 가계대출은 8조2000억원 늘며 지난해 4분기... 이혜영 한은 금융통계팀장은 “최근 새마을금고와 농협 등이 모집인 대출을 중단하는 등 주택대출 관리...,https://www.joongang.co.kr/article/25429600,24,0.7629,1,keep,candidate_hybrid_keep_strong_domain_rule_anchor,24,0.7629,한은;은행;저축은행;상호금융;새마을금고;신협,,,candidate_hybrid,1,0.65,0.35
‘영끌·빚투’ 다시 확산...가계빚 2천조 눈앞,반면 상호금융·저축은행·신협 등 비은행예금취급기관 가계대출은 8조2천억원 늘었다. 이 가운데... “다만 최근 금융당국이 농협·새마을금고 등을 대상으로 관리 강화 방안을 내놓은 만큼 비은행권 주택대출 증가세가...,https://www.youthdaily.co.kr/news/article.html?no=219403,16,0.7286,1,keep,candidate_hybrid_keep_strong_domain_rule_anchor,16,0.7286,저축은행;상호금융;새마을금고;신협,,,candidate_hybrid,1,0.65,0.35
"""은행 막자 상호금융으로""…1분기 가계빚 역대 최대","은행권 대출 규제 강화와 총량 관리 영향으로 수요가 상호금융 등 비은행권으로 이동하는 '풍선효과'가... 비은행기관에서 금융당국 관리 강화 기조 이전 대출 수요가 반영되면서 증가폭이 늘었다""며 ""최근 농협...",https://www.ziksir.com/news/articleView.html?idxno=134355,12,0.7651,1,keep,candidate_hybrid_keep_strong_domain_rule_anchor,12,0.7651,은행;은행권;상호금융,대출,,candidate_hybrid,1,0.65,0.35
"[이슈] ""예금 깨고 주식으로""…증시 급등에 '머니무브' 가속, 은행권 수...",NH농협은행과 신한은행의 정기예금 최고 금리는 연 2.95% 수준까지 올라섰다. 그러나 시장 반응은... 저축은행과 상호금융권 역시 비슷한 흐름이다. 일부 금융기관이 연 3~4%대 고금리 상품을 내놓으며 수신 방어에...,https://www.polinews.co.kr/news/articleView.html?idxno=731639,12,0.6873,1,keep,candidate_hybrid_keep_strong_domain_rule_anchor,12,0.6873,은행권;저축은행;상호금융,,,candidate_hybrid,1,0.65,0.35
가계빚 1천993조 원 역대 최대 규모…영끌·빚투에 1분기 14조 원 늘어,"상호금융·상호저축은행·신용협동조 합 등 비은행예금취급기관의 가계대출(325조 원)은 석 달 사이 8조... 이어 ""금융당국이 최근 농협중앙회, 새마을금고 등을 대상으로 가계부채 관리 강화 방안을 발표했기 때문에...",https://news.sbs.co.kr/news/endPage.do?news_id=N1008569228&plink=ORI&cooper=NAVER,15,0.6548,1,keep,candidate_hybrid_keep_strong_domain_rule_anchor,15,0.6548,저축은행;상호금융;새마을금고;가계부채,,,candidate_hybrid,1,0.65,0.35
"대전축산농협, NH농협손해보험 '위더스(With-Us) 사무소' 수상","김철회 부사장은 축사를 통해 ""대전축산농협은 지난해 종합업적평가 우수상 수상·상호금융대상평가 최우수상 수상에 이어 올해 위더스 사무소까지 수상하며 상호금융 및 보험사업 전반에서 뛰어난 성과를 달성했다...",https://www.newstnt.com/news/articleView.html?idxno=703105,7,0.516,1,keep,candidate_hybrid_gray_keep_domain_score_ge_threshold,7,0.516,손해보험;상호금융,,,candidate_hybrid,1,0.65,0.35
가계빚 1993조 '사상 최대'… 규제 피한 2금융권 주담대 폭발,"반면 상호금융, 상호저축은행, 신용협동조합 등 제2금융권으로 분류되는 비은행예금취급기관의 가계대출... 이 팀장은 이어 ""최근 금융당국이 농협중앙회와 새마을금고 등을 대상으로 전방위적인 가계부채 관리...",https://www.fntoday.co.kr/news/articleView.html?idxno=384565,15,0.7272,1,keep,candidate_hybrid_keep_strong_domain_rule_anchor,15,0.7272,저축은행;상호금융;새마을금고;가계부채,,,candidate_hybrid,1,0.65,0.35
1분기 가계부채 13조 늘어…은행 규제 ‘풍선효과’에 2금융↑,"상호금융·상호저축은행·신용협동조합 등 비은행예금취급기관의 가계대출(325조원)은 석 달 새... 이어 “금융당국이 최근 농협중앙회, 새마을금고 등을 대상으로 가계부채 관리 강화 방안을 발표했기 때문에...",https://biz.heraldcorp.com/article/10741016?ref=naver,18,0.7488,1,keep,candidate_hybrid_keep_strong_domain_rule_anchor,18,0.7488,은행;저축은행;상호금융;새마을금고;가계부채,,,candidate_hybrid,1,0.65,0.35
올해 1분기 가계빚 1993조원 '역대 최대'…비은행 대출 풍선효과,"수요가 상호금융과 저축은행 등 비은행권으로 몰리는 '풍선효과'가 나타난 영향이다. 한국은행이 19일... 이 팀장은 이어 “금융당국이 최근 농협중앙회, 새마을금고 등을 대상으로 가계부채 관리 강화 방안을...",https://www.etnews.com/20260519000332,21,0.7318,1,keep,candidate_hybrid_keep_strong_domain_rule_anchor,21,0.7318,한국은행;저축은행;상호금융;새마을금고;가계부채,대출,,candidate_hybrid,1,0.65,0.35
“2000조 육박”…영끌에 빚투에 가계빚 ‘사상 최대’,"은행권의 대출 관리 강화 속에 주택담보대출 수요가 상호금융·저축은행 등 비은행권으로 이동했고, 증시... 이혜영 한은 금융통계팀장은 “금융당국이 최근 농협중앙회, 새마을금고 등을 대상으로 가계부채 관리...",https://www.nongmin.com/article/20260519500358,21,0.8116,1,keep,candidate_hybrid_keep_strong_domain_rule_anchor,21,0.8116,한은;저축은행;상호금융;새마을금고;가계부채,대출,,candidate_hybrid,1,0.65,0.35
가계부채 2000조 코앞… '역대 최대' 경신,"상호금융·상호저축은행·신용협동조합 등 비은행예금취급기관의 가계대출은 325조원으로 석 달 사이... 이 팀장은 ""금융당국이 최근 농협중앙회, 새마을금고 등을 대상으로 가계부채 관리 강화 방안을...",https://www.newscj.com/news/articleView.html?idxno=3402053,15,0.7054,1,keep,candidate_hybrid_keep_strong_domain_rule_anchor,15,0.7054,저축은행;상호금융;새마을금고;가계부채,,,candidate_hybrid,1,0.65,0.35
1분기 가계부채 1993조원 또 최대…은행 줄고 비은행 늘어,"상호금융, 저축은행, 신협 등 비은행예금취급기관의 가계대출은 325조원으로 석 달 사이 8조2000억원... 이 팀장은 ""금융당국이 최근 농협중앙회, 새마을금고 등을 대상으로 가계부채 관리 강화 방안을 발표했기...",https://www.straightnews.co.kr/news/articleView.html?idxno=302847,22,0.7623,1,keep,candidate_hybrid_keep_strong_domain_rule_anchor,22,0.7623,은행;저축은행;상호금융;새마을금고;신협;가계부채,,,candidate_hybrid,1,0.65,0.35
멈추지 않는 '영끌·빚투'…가계 빚 2천조 원 돌파 초읽기,"상호금융·상호저축은행·신용협동조합 등 비은행예금취급기관의 가계대출(325조원)은 석 달 사이... 이어 ""금융당국이 최근 농협, 새마을금고 등을 대상으로 가계부채 관리 강화 방안을 발표했기 때문에 비은행기관...",https://www.jnilbo.com/news/articleView.html?idxno=90000036097,15,0.7276,1,keep,candidate_hybrid_keep_strong_domain_rule_anchor,15,0.7276,저축은행;상호금융;새마을금고;가계부채,,,candidate_hybrid,1,0.65,0.35
가계빚 1993조 '역대 최대'…비은행 주택대출 급증에 14조 더 늘었다,"반면 상호금융·상호저축은행·신용협동조합 등 비은행 예금취급기관의 가계대출(325조원)은 1분기에만... 이어 ""금융당국이 최근 농협, 새마을금고 등을 대상으로 가계부채 관리 강화 방안을 발표했기 때문에...",http://www.newsroad.co.kr/news/articleView.html?idxno=59496,15,0.6999,1,keep,candidate_hybrid_keep_strong_domain_rule_anchor,15,0.6999,저축은행;상호금융;새마을금고;가계부채,,,candidate_hybrid,1,0.65,0.35
가계 빚 1993조원 역대 최대...2금융권 '풍선효과'에 석 달 새 14조원↑,"이와 달리 상호금융·상호저축은행·신용협동조합 등 비은행예금취급기관의 가계대출(325조원)은 석 달... 이어 ""금융당국이 최근 농협중앙회, 새마을금고 등을 대상으로 가계부채 관리 강화 방안을 발표했기...",https://www.greened.kr/news/articleView.html?idxno=340960,15,0.7334,1,keep,candidate_hybrid_keep_strong_domain_rule_anchor,15,0.7334,저축은행;상호금융;새마을금고;가계부채,,,candidate_hybrid,1,0.65,0.35
1분기 가계 빚 1993조원 '사상 최대'… 2금융 대출 '풍선효과',"이혜영 한국은행 경제통계1국 금융통계팀장은 ""비은행예금취급기관의 가계대출 증가는 금융당국의 관리 강화 조치 시행 이전 대출 수요가 반영된 결과""라며 ""상호금융권 가계대출 확대 자제 요청이 있었고 농협중...",https://it.chosun.com/news/articleView.html?idxno=2023092162398,10,0.7394,1,keep,candidate_hybrid_keep_strong_domain_rule_anchor,10,0.7394,한국은행;상호금융,대출,,candidate_hybrid,1,0.65,0.35
가계빚 1993조원 '역대 최대'…주담대·빚투에 1분기 14조원 증가,"은행권 대출이 줄었지만 상호금융·새마을금고·저축은행 등 비은행예금취급기관의 가계대출은 8조... 이어 ""최근 농협중앙회와 새마을금고 등에 대한 금융당국의 관리 강화 조치가 시행된 만큼 비은행권...",http://www.opinionnews.co.kr/news/articleView.html?idxno=138664,16,0.7111,1,keep,candidate_hybrid_keep_strong_domain_rule_anchor,16,0.7111,은행권;저축은행;상호금융;새마을금고,,,candidate_hybrid,1,0.65,0.35
가계빚 1993조 또 역대 최대…비은행 주담대 급증,"은행권 대출은 줄었지만 상호금융·저축은행 등 비은행권 주택담보대출이 급증하면서 전체 가계부채... 늘었다""면서도 ""금융당국이 최근 농협중앙회, 새마을금고 등을 대상으로 가계부채 관리 강화 방안을...",https://www.mediapen.com/news/view/1099786,19,0.7617,1,keep,candidate_hybrid_keep_strong_domain_rule_anchor,19,0.7617,은행권;저축은행;상호금융;새마을금고;가계부채,,,candidate_hybrid,1,0.65,0.35
1분기 가계빚 1993조 역대 최대…주담대 상단 다시 7% 돌파,"줄었으나, 상호금융·저축은행 등 비은행권 대출은 8조2000억원(주택대출 10조6000억원) 급증했다. 증권사... 금융권에 따르면 지난 18일 기준 KB국민은행·신한은행·하나은행·우리은행·NH농협은행 등 5대 시중은행의...",http://www.the-biz.co.kr/news/articleView.html?idxno=720949,15,0.7546,1,keep,candidate_hybrid_keep_strong_domain_rule_anchor,15,0.7546,시중은행;저축은행;증권사;상호금융,,,candidate_hybrid,1,0.65,0.35
집 사고 주식 샀더니…한국 가계부채 결국 2천조원 턱밑,"은행권 가계대출은 2천억원 감소해 2023년 1분기 이후 처음으로 줄었지만, 상호금융·저축은행·신협 등... 이어 ""최근 금융당국이 농협과 새마을금고 등을 대상으로 가계대출 관리 강화 방안을 내놓은 만큼 비은행권...",https://www.kizmom.com/news/articleView.html?idxno=110373,24,0.675,1,keep,candidate_hybrid_keep_strong_domain_rule_anchor,24,0.675,은행권;저축은행;상호금융;새마을금고;신협;가계부채,주식,,candidate_hybrid,1,0.65,0.35
"포용금융 확대 나선 5대은행, 1분기 사잇돌대출 비중 3%에 그쳐","18일 은행연합회 소비자포털에 따르면 올해 1분기 5대 은행(KB국민·신한·하나·우리·NH농협)의... 은행뿐 아니라 저축은행, 상호금융에서도 사잇돌대출을 취급하고 있다. 은행권 사잇돌대출은 인터넷전문은행...",http://www.edaily.co.kr/news/newspath.asp?newsid=03558806645450560,15,0.6388,1,keep,candidate_hybrid_keep_strong_domain_rule_anchor,15,0.6388,은행;은행권;저축은행;상호금융,,,candidate_hybrid,1,0.65,0.35
"남원읍, 관내 기관·단체와 '상호기부' 확산 앞장","잡고 상호기부 활성화에 총력을 기울이고 있다. 이를 위해 남원읍은 연초부터 관내 12개 금융기관 및 단체를... 참여 기관·단체는 남원읍, 제주위미농협, 제주남원농협, 제주감협 남원지점, 제주감협 위미지점, 위미신협...",https://www.jejumaeil.net/news/articleView.html?idxno=401023,0,0.5339,0,drop,candidate_hybrid_gray_drop_score_lt_threshold,0,0.5339,,,,candidate_hybrid,1,0.65,0.35
1분기 가계빚 1993조원 또 역대 최대…영끌·빚투에 14조원 증가,"상호금융·상호저축은행·신용협동조합 등 비은행예금취급기관의 가계대출(325조원)은 석 달 사이... 이어 ""금융당국이 최근 농협중앙회, 새마을금고 등을 대상으로 가계부채 관리 강화 방안을 발표했기 때문에...",https://www.sisajournal.com/news/articleView.html?idxno=373368,15,0.6536,1,keep,candidate_hybrid_keep_strong_domain_rule_anchor,15,0.6536,저축은행;상호금융;새마을금고;가계부채,,,candidate_hybrid,1,0.65,0.35
1분기 가계빚 1993조원… 사상 최대 규모,"그러나 비은행예금취급기관(상호금융·저축은행 등) 대출이 8조2000억원, 보험·연기금·증권사 등... 실제로 최근 농협과 새마을금고 등은 모집인을 통한 대출 영업을 중단했고, 집단대출도 제한하는 등 은행권의 대출...",https://www.kmaeil.com/news/articleView.html?idxno=640489,16,0.6897,1,keep,candidate_hybrid_keep_strong_domain_rule_anchor,16,0.6897,저축은행;증권사;상호금융;새마을금고,대출,,candidate_hybrid,1,0.65,0.35
"남원읍, 지역 금융기관ㆍ단체와 '상호기부' 확산",남원읍은 상반기 중 전남 화순축협ㆍ경기도 태안농협과 지역 금융기관ㆍ단체 간 상호 기부도 추진할 계획이다. 확보한 기부금은 서귀포시 지정기탁사업인 '펫트립(Pet-Trip) in 서귀포'(최종 목표액 1억원)의 재원으로...,http://www.samdailbo.com/news/articleView.html?idxno=264556,0,0.4467,0,drop,candidate_hybrid_gray_drop_score_lt_threshold,0,0.4467,,,,candidate_hybrid,1,0.65,0.35
[DB속이야기]가계빚 2000조원 눈앞…비은행 풍선효과,"2~3월 농협중앙회와 상호금융기관에서 모집인 대출, 집단대출을 중단한다 발표해서 향후 크게 늘어날 가능성은 적다”고 설명했다. 이어 “향후 전망은 가계부채 관리강화기조 계속되고 있어 크게 늘진 않을 것”...",https://www.nspna.com/news/?mode=view&newsid=813599,8,0.7061,1,keep,candidate_hybrid_keep_strong_domain_rule_anchor,8,0.7061,상호금융;가계부채,대출,,candidate_hybrid,1,0.65,0.35
가계빚 1993조 '역대 최대'…은행 막히자 2금융권으로 몰렸다,"이혜영 한은 경제통계1국 금융통계팀장은 ""이는 금융당국의 관리 강화 조치 시행 전 대출 수요가 반영된 결과""라면서 ""상호금융권 가계대출 확대 자제 요청을 했고 농협중앙회, 새마을금고 등에서 모집인을 통한...",https://www.sidae.com/article/2026051912241844669,17,0.8113,1,keep,candidate_hybrid_keep_strong_domain_rule_anchor,17,0.8113,한은;은행;상호금융;새마을금고,대출,,candidate_hybrid,1,0.65,0.35
규제 비웃듯 늘어난 대출...가계부채 ‘2000兆’ 초읽기,은행권 대출 증가세는 다소 진정됐지만 상호금융과 증권사 등 비은행권으로 자금 수요가 이동하면서... 이 팀장은 최근 금융당국이 농협중앙회와 새마을금고 등을 대상으로 추가 관리 방안을 내놓은 만큼...,https://www.ekn.kr/web/view.php?key=20260519029565991,19,0.7824,1,keep,candidate_hybrid_keep_strong_domain_rule_anchor,19,0.7824,은행권;증권사;상호금융;새마을금고;가계부채,대출,,candidate_hybrid,1,0.65,0.35
가계빚 또 역대 최대…1분기 1993조원 육박,"반면 상호금융·저축은행·신협 등 비은행예금취급기관 가계대출은 8조2천억원 늘어난 325조원을 기록했다.... 이어 ""최근 금융당국이 농협중앙회와 새마을금고 등에 대한 가계부채 관리 강화 방안을 내놓은 만큼...",https://www.jeonmae.co.kr/news/articleView.html?idxno=1257805,19,0.7207,1,keep,candidate_hybrid_keep_strong_domain_rule_anchor,19,0.7207,저축은행;상호금융;새마을금고;신협;가계부채,,,candidate_hybrid,1,0.65,0.35
'영끌·빚투' 멈추지 않았다…가계신용 또 역대 최대,"반면 상호금융·상호저축은행·신용협동조합 등 비은행예금취급기관의 가계대출은 석 달 사이 8조 2... 이혜영 한국은행 금융통계팀장은 ""금융당국이 농협중앙회·새마을금고 등을 대상으로 가계부채 관리 강화...",https://theopiniontimes.news/%ec%98%81%eb%81%8c%c2%b7%eb%b9%9a%ed%88%ac-%eb%a9%88%ec%b6%94%ec%a7%80-%ec%95%8a%ec%95%98%eb%8b%a4%ea%b0%80%ea%b3%84%ec%8b%a0%ec%9a%a9-%eb%98%90-%ec%97%ad%eb%8c%80-%ec%b5%9c%eb%8c%80/,20,0.7136,1,keep,candidate_hybrid_keep_strong_domain_rule_anchor,20,0.7136,한국은행;저축은행;상호금융;새마을금고;가계부채,,,candidate_hybrid,1,0.65,0.35
가계 빚 ‘2000조원’ 시대 코앞…14조원 늘며 또 ‘역대 최대’,"이어 ""다만 금융당국이 상호금융권 가계대출 확대 자제를 요청했고 그런 이유로 농협중앙회와 새마을금고 등도 2~3월 중 모집인을 통한 가계대출 접수와 집단대출을 중단한다고 발표한 만큼 향후 크게 늘어나지는...",http://www.joseilbo.com/news/news_read.php?uid=568555&class=18&grp=,8,0.7192,1,keep,candidate_hybrid_keep_strong_domain_rule_anchor,8,0.7192,상호금융;새마을금고,,,candidate_hybrid,1,0.65,0.35
1분기 가계빚 1993조 역대 최대…2금융 주담대 몰려 14조↑,"상호금융·상호저축은행·신용협동조합 등 비은행예금취급기관의 가계대출(325조 원)은 8조 2천억 원... 이어 ""금융당국이 최근 농협중앙회, 새마을금고 등을 대상으로 가계부채 관리 강화 방안을 발표했기 때문에...",https://www.nocutnews.co.kr/news/6519428?utm_source=naver&utm_medium=article&utm_campaign=20260519124534,15,0.6755,1,keep,candidate_hybrid_keep_strong_domain_rule_anchor,15,0.6755,저축은행;상호금융;새마을금고;가계부채,,,candidate_hybrid,1,0.65,0.35
정부 규제 약발 다했나…가계 주택관련 대출 8.1조 늘며 증가폭 확대,"그는 이어 “당국에서 상호금융권 가계대출 확대 자제 요청을 했고 2~3월 중에 농협중앙회나 새마을금고 등에서 모집인을 통한 가계대출 접수를 중단, 집단대출도 중단한다고 했기 때문에 향후에 크게 늘어나진 않을...",http://www.edaily.co.kr/news/newspath.asp?newsid=03325926645450560,9,0.6691,1,keep,candidate_hybrid_keep_strong_domain_rule_anchor,9,0.6691,상호금융;새마을금고,대출,,candidate_hybrid,1,0.65,0.35
“주택관련대출 일시적으로 확대될 수도…가계대출상황 유의해야”[일...,"다만 당국에서 상호금융권 가계대출 확대 자제 요청을 했고 2~3월 중에 농협중앙회나 새마을금고 등에서 모집인을 통한 가계대출 접수를 중단, 집단대출도 중단한다고 했기 때문에 크게 늘어나진 않을 것으로 보인다....",http://www.edaily.co.kr/news/newspath.asp?newsid=03306246645450560,8,0.6907,1,keep,candidate_hybrid_keep_strong_domain_rule_anchor,8,0.6907,상호금융;새마을금고,,,candidate_hybrid,1,0.65,0.35
비은행서 주택대출 10.6조↑…1분기 가계빚 14조 늘어 1993조,"대신 상호금융·새마을금고 등 비은행 주택대출이 확대했다. 19일 한국은행의 '2026년 1분기 가계신용... 증가는 금융당국의 관리 강화 조치 시행 이전 대출 수요가 반영된 영향이다""며 ""농협중앙회·새마을금고...",http://www.inews24.com/view/1969662,14,0.6375,1,keep,candidate_hybrid_keep_strong_domain_rule_anchor,14,0.6375,한국은행;상호금융;새마을금고,대출,,candidate_hybrid,1,0.65,0.35
1분기 비은행 주담대 10.6조원 증가… 통계 작성 이래 최대,저축은행·새마을금고·농협·신협 등으로 수요가 몰린 것이다. 한국은행이 이날 발표한 ‘1분기... 상호금융 등 2금융권보다 대출 심사를 보수적으로 했기 때문이다. 예금은행의 전체 가계 대출 잔액은...,https://biz.chosun.com/policy/policy_sub/2026/05/19/UGAJT6D6N5EWHDBPPFV3KKUV44/?utm_source=naver&utm_medium=original&utm_campaign=biz,22,0.6778,1,keep,candidate_hybrid_keep_strong_domain_rule_anchor,22,0.6778,한국은행;저축은행;상호금융;새마을금고;신협,대출,,candidate_hybrid,1,0.65,0.35
"가계빚, 증가세는 둔화인데···2000조 턱밑 아슬아슬","한은 이혜영 경제통계1국 금융통계팀장은 ""금융당국의 관리 강화 조치 시행 전 대출 수요가 반영된 결과""라며 ""상호금융권에 가계대출 확대 자제 요청을 했고, 농협상호금고와 새마을금고 등에서 모집인을...",http://www.fnnews.com/news/202605190710308604,14,0.7444,1,keep,candidate_hybrid_keep_strong_domain_rule_anchor,14,0.7444,한은;상호금융;새마을금고,대출,,candidate_hybrid,1,0.65,0.35
주택 대출 ‘풍선 효과’…1분기 가계 대출 13조원 늘며 증가폭 확대,반면 상호금융 등이 포함된 비은행 예금취급기관의 주택 대출 증가 폭이 크게 늘었다. 은행권 대출은... 이혜영 한은 금융통계팀장은 “새마을금고와 농협 등이 최근 들어 모집인 대출을 중단하는 등 주택 대출...,https://www.chosun.com/economy/economy_general/2026/05/19/TRROAVS3XJBATH4MALSM6MXL7Q/?utm_source=naver&utm_medium=referral&utm_campaign=naver-news,18,0.7032,1,keep,candidate_hybrid_keep_strong_domain_rule_anchor,18,0.7032,한은;은행권;상호금융;새마을금고,대출,,candidate_hybrid,1,0.65,0.35
1분기 가계 빚 1993조 ‘또 최대’…은행권 대출은 감소 전환,"보인다”면서 “상호금융권의 가계대출 확대 자제를 요청했었고, 2~3월 증에 농협중앙회, 새마을금고 등에서 모집인을 통한 가계대출 및 집단대출 접수를 중단한다고 발표했던 만큼 향후에는 주택담보대출이 크게...",http://www.wowtv.co.kr/NewsCenter/News/Read?articleId=A202605190369&t=NN,12,0.6339,1,keep,candidate_hybrid_keep_strong_domain_rule_anchor,12,0.6339,은행권;상호금융;새마을금고,,,candidate_hybrid,1,0.65,0.35
가계 빚 2000조원 돌파 임박…주담대 '막차 수요' 풍선 효과,상호금융·저축은행 등 비은행예금취급기관은 기타대출이 감소했으나 주택관련대출 증가 규모가... 중 농협이나 새마을금고 등에서 가계대출 접수 중단을 시행한다고 발표했기 때문에 향후 크게 늘어날 가능성은...,https://www.newsway.co.kr/news/view?ud=2026051910462648593,12,0.7541,1,keep,candidate_hybrid_keep_strong_domain_rule_anchor,12,0.7541,저축은행;상호금융;새마을금고,,,candidate_hybrid,1,0.65,0.35
고삐 풀린 가계빚 1993조 ‘역대 최대’…2000조까지 불과 7조,반면 상호금융·신협·새마을금고 등을 포함한 비은행예금취급기관 가계대출은 8조2000억원 늘며 증가폭이... 설명회에서 “금융당국의 관리 강화 조치 이전 대출 수요가 반영된 부분으로 보인다”며 “농협이나...,https://www.dt.co.kr/article/12063206?ref=naver,13,0.6865,1,keep,candidate_hybrid_keep_strong_domain_rule_anchor,13,0.6865,상호금융;새마을금고;신협,대출,,candidate_hybrid,1,0.65,0.35
1분기 가계빚 14조 늘었다…은행대출 줄었는데 비은행 '풍선효과',"이 팀장은 ""금융당국의 관리 강화 조치 시행 이전 대출 수요가 반영된 부분으로 보인다""며 ""2~3월 중 농협상호금고나 새마을금고 등이 모집인을 통한 가계대출과 집단대출 접수를 중단한 만큼 향후 크게 늘어나지는...",https://www.mt.co.kr/economy/2026/05/20/2026051910595863118,5,0.7013,1,keep,candidate_hybrid_model_keep_prob_ge_threshold_with_domain_anchor,5,0.7013,새마을금고,대출,,candidate_hybrid,1,0.65,0.35
가계빚 1천993조 원 역대 최대…영끌·빚투에 1분기 14조↑,상호금융권을 중심으로 관리 강화 조치 시행 이전 대출 수요가 일부 선반영된 영향이라는 분석입니다. 실제로 농협중앙회와 새마을금고 등은 올해 2~3월 모집인을 통한 가계대출 접수 중단과 집단대출 제한 조치 등을...,https://biz.sbs.co.kr/article_hub/20000311299?division=NAVER,9,0.6669,1,keep,candidate_hybrid_keep_strong_domain_rule_anchor,9,0.6669,상호금융;새마을금고,대출,,candidate_hybrid,1,0.65,0.35
최고금리 年7%… 저축은행 자산 방어 총력,한국은행 경제통계시스템에 따르면 지난 2월 말 기준 상호저축은행 수신 잔액은 97조9365억 원으로 지난해... NH농협은행의 ‘NH올원e예금’ 등이 최고 연 2.95% 금리를 제공 중이다. 한 금융권 관계자는 “파킹통장은...,https://www.munhwa.com/article/11589905?ref=naver,13,0.716,1,keep,candidate_hybrid_keep_strong_domain_rule_anchor,13,0.716,한국은행;저축은행;최고금리,,,candidate_hybrid,1,0.65,0.35
"신경주농협, ‘경주역지점·하나로마트 준공식’…조합원·주민 상생발...",윤성훈 농협중앙회 상호금융대표이사는 “역세권에 위치한 경주역지점과 하나로마트가 농협의 새로운 성장동력이 되길 기대한다”며 “변화와 혁신에 앞장서는 신경주농협의 성장을 통해 농가 실익증대에 앞장서기를...,https://www.nongmin.com/article/20260519500059,4,0.4958,0,drop,candidate_hybrid_gray_drop_score_lt_threshold,4,0.4958,상호금융,,,candidate_hybrid,1,0.65,0.35
"대전축산농협, NH농협손해보험 '위더스 사무소' 선정","김철회 NH농협손해보험 부사장은 ""대전축산농협은 상호금융과 보험사업 전반에서 우수한 성과를 이어가고 있다""며 ""조합원과 임직원 간 신뢰를 기반으로 안정적인 사업 성장을 이어가고 있다""고 말했다. 신창수 조합장은...",http://www.chungnamilbo.co.kr/news/articleView.html?idxno=889245,7,0.4946,1,keep,candidate_hybrid_gray_keep_domain_score_ge_threshold,7,0.4946,손해보험;상호금융,,,candidate_hybrid,1,0.65,0.35
"홍성규 후보 “경기도, 행복지수 세계 10위로…‘서울 빨리 가는 도시’...","도내 상호저축은행·새마을금고·신용협동조합 등 서민금융기관과의 협력 및 지원도 수행할 계획”이라고... 그는 “공공은행은 일반은행이 아닌 특수은행”이라며 “IBK기업은행, 한국산업은행, 한국수출입은행, NH농협은...",https://www.etoday.co.kr/news/view/2585865,18,0.5716,1,keep,candidate_hybrid_keep_strong_domain_rule_anchor,18,0.5716,저축은행;새마을금고;산업은행;기업은행,,,candidate_hybrid,1,0.65,0.35
"[정책포커스] 금융위, 미래성장동력으로 나아가는 국민성장펀드 지난 4...","및 수협은행이 업무협약을 체결했다. 이억원 위원장은 ""국민성장펀드의 주요 목표 중 하나인 지방 균형발전에 보다 적극적인 기여를 위해 산업은행과 지방금융지주 간 정보교류, 공동 투자를 활성화하기 위해 상호협력을...",http://www.sisacast.kr/news/articleView.html?idxno=96010,20,0.423,1,keep,candidate_hybrid_keep_strong_domain_rule_anchor,20,0.423,금융위;산업은행;국민성장펀드;성장펀드,,,candidate_hybrid,1,0.65,0.35
압류 막는 '생계비통장'…5대 은행과 카카오뱅크·신협·새마을금고 등...,"5대 은행과 기업은행, 부산은행, 수협은행 등에 이어 인터넷전문은행인 카카오뱅크를 비롯해 신협중앙회... 상호금융권도 생계비통장 경쟁에 가세했다. 신협중앙회는 '신협 생계비통장'을 출시하고 가까운 영업점에서...",https://www.lcnews.co.kr/news/articleView.html?idxno=202305,17,0.6487,1,keep,candidate_hybrid_keep_strong_domain_rule_anchor,17,0.6487,상호금융;새마을금고;신협;기업은행,,,candidate_hybrid,1,0.65,0.35
“담보 대신 기술력으로 생산적금융” 농협은행이 8년 투자 ‘인내 자본...,이영우 농협은행 농업·공공금융 부행장 인터뷰 전국 농·축·수협 및 산림조합 8180억 대손보전 바이오·영농로봇·드론기업에 투자 및 대출 강화 통합청주시 시금고 노하우로 전남광주통합시 자신 이영우 NH농협은행 농업...,https://biz.heraldcorp.com/article/10741004?ref=naver,1,0.595,0,drop,candidate_hybrid_gray_drop_score_lt_threshold,1,0.595,,대출,,candidate_hybrid,1,0.65,0.35
캄보디아 Pentagonal Strategy-Phase I 정책 추진 동향,"이외 금융서비스업, 통신, 건설업의 성장이 이어지고 있으며 특히 금융서비스업 내 모바일 금융의... 강화, 산림복원, 조림사업 확대, 친환경 캠페인 전개 등을 주요 과제로 제시하고 있다. 또한 기후변화 대응 정책...",http://dream.kotra.or.kr/kotranews/cms/news/actionKotraBoardDetail.do?SITE_NO=3&MENU_ID=80&CONTENTS_NO=2&bbsGbn=242&bbsSn=242&pNttSn=241255,0,0.5069,0,drop,candidate_hybrid_gray_drop_score_lt_threshold,0,0.5069,,,,candidate_hybrid,1,0.65,0.35
"[더벨][PF Radar] 서울 남대문 쪽방촌 오피스 개발, 사업비 5000억 확보",디벨로퍼 두양종합건설이 추진하는 서울 남대문 쪽방촌 오피스 개발사업이 본프로젝트파이낸싱(PF)... 앞서 대전북부새마을금고 등 21개 금고가 1128억원 한도로 브릿지론 선순위 대주로 참여했다. 세민개발은...,https://www.thebell.co.kr/free/content/ArticleView.asp?key=202605151403546160103337,13,0.6749,1,keep,candidate_hybrid_keep_strong_domain_rule_anchor,13,0.6749,새마을금고;pf;프로젝트파이낸싱,,,candidate_hybrid,1,0.65,0.35
인천시내 신협 26곳 경영악화…계양신협 79억 적자,"'고정이하여신' 증가한 신협도 전체의 40% 육박 인천시내 신용협동조합(신협)들 중 절반 이상은... 매각을 추진하고 있으며, 철저한 건전성 관리를 바탕으로 우량 여신 위주의 취급을 독려하고 있다""고 말했다.",https://www.sisajournal.com/news/articleView.html?idxno=373437,6,0.5356,1,keep,candidate_hybrid_gray_keep_domain_score_ge_threshold,6,0.5356,신협,건전성,,candidate_hybrid,1,0.65,0.35
"기준금리 오르면 금융사 주가 오른다?…변동성·NIM 관리에 ""글쎄""","금융당국의 예대금리차 관리 기조와 대출 성장 둔화, 생산적 금융 비용 지출 등을 고려하면 수혜 폭이 제한적일 수 있다는 것이다. 한 금융권 관계자는 ""기준금리가 오르면 NIM이 확대되면서 은행 비중이 높은 금융지주...",https://www.sidae.com/article/2026051910205645156,17,0.6269,1,keep,candidate_hybrid_keep_strong_domain_rule_anchor,17,0.6269,은행;기준금리;예대금리차;생산적 금융,대출;주가;금융,,candidate_hybrid,1,0.65,0.35
“돈 벌어 빚 갚기 바쁘다” …가계대출·금리 동반 상승,특히 주요 시중은행의 예대금리차가 지난 2년 간 지속적으로 벌어지면서 역대 최대 수준이다. 대출금리와 예금금리 간 격차가 커지면 차주들의 이자 부담도 커지는 모양새다. 한편 전국 1분기 가계대출도 상승...,http://www.kwangju.co.kr/article.php?aid=1779186300799173005,9,0.5965,1,keep,candidate_hybrid_keep_strong_domain_rule_anchor,9,0.5965,시중은행;예대금리차,금리,,candidate_hybrid,1,0.65,0.35
하반기까지 이어질 은행권 규제 청구서...가계대출 관리 압박,앞서 금융당국은 예대금리차 비교공시·중도상환수수료 개편·대환대출 인프라 확대·스트레스 DSR 등을 통해 은행권 금리 경쟁과 가계대출 관리를 압박해 왔다. 올해는 여기에 주담대 위험가중치 상향·금리인하요구권...,http://www.hansbiz.co.kr/news/articleView.html?idxno=839302,13,0.7269,1,keep,candidate_hybrid_keep_strong_domain_rule_anchor,13,0.7269,은행권;예대금리차;dsr,금리,,candidate_hybrid,1,0.65,0.35
“월급 받아 대출 갚는 데 다 쓰겠네”…시중은행 주담대 금리 7% 재돌파,한편 주요 시중은행의 예대금리차가 2년 새 두 배 이상 확대하며 역대 최대 수준으로 벌어지고 있다. KB국민·신한·하나·우리·NH농협은행 등 5대 은행의 지난 3월 가계대출 예대금리차(정책서민금융 제외)는 평균 1.51...,https://www.mk.co.kr/article/12051762,10,0.6758,1,keep,candidate_hybrid_keep_strong_domain_rule_anchor,10,0.6758,시중은행;예대금리차,금리;대출,,candidate_hybrid,1,0.65,0.35
"밸류업 나선 금융지주, 환율·대출 증가에 'CET1·RWA' 관리 시험대",스트레스 총부채원리금상환비율(DSR)을 비롯한 가계부채 억제책의 영향으로 가계대출 성장이 제한되자 은행들이 기업금융 영업을 확대한 것으로 나타났다. 실제 올해 4월 말 기준 5대 시중은행의 기업대출 잔액은...,https://www.newsfreezone.co.kr/news/articleView.html?idxno=690584,15,0.6884,1,keep,candidate_hybrid_keep_strong_domain_rule_anchor,15,0.6884,시중은행;환율;dsr;가계부채,대출,,candidate_hybrid,1,0.65,0.35
은행 막자 2금융권으로 이동…가계부채 1993조 '또 최대',정부의 총부채원리금상환비율(DSR) 규제 강화와 은행권 대출 총량 관리가 본격 반영된 결과라는 분석이 나온다. 반면 비은행예금취급기관(상호저축은행·신용협동조합·상호금융·새마을금고 등) 가계대출은...,https://news.mtn.co.kr/news-detail/2026051910262386549,27,0.7482,1,keep,candidate_hybrid_keep_strong_domain_rule_anchor,27,0.7482,은행;은행권;저축은행;상호금융;새마을금고;dsr;가계부채,대출,,candidate_hybrid,1,0.65,0.35
"국토연구원 ""주택 중심 자산 구조, 생산성 측면 부정적 영향""","보고서 집필진은 인구구조 전환에 부동산 시장이 안정되려면 가계부채를 소득 대비 절대총량 관리 방식으로 바꾸고 전세자금대출 총부채원리금상환비율(DSR) 단계적 확대, 임대인 보증금 부채인식제도 도입으로 전세대출...",https://news.einfomax.co.kr/news/articleView.html?idxno=4415611,7,0.5845,0,drop,candidate_hybrid_gray_drop_no_domain_anchor,7,0.5845,dsr;가계부채,,,candidate_hybrid,1,0.65,0.35
4대 금융지주 “올해 반도체 슈퍼사이클이 경제 견인...체감경기 괴리는...,기준금리 전망을 제시한 KB금융과 하나금융은 한국은행이 신현송 신임 총재 취임 이후에도 당분간 금리를 동결할 가능성이 높다고 평가했다. 원·달러 환율은 고유가 영향으로 높은 수준을 유지할 것으로 봤다....,https://www.etnews.com/20260520000037,9,0.4837,1,keep,candidate_hybrid_keep_strong_domain_rule_anchor,9,0.4837,한국은행;기준금리,달러,,candidate_hybrid,1,0.65,0.35
[美·日 금리 폭주] 국고채 10년물 입찰 '사상 첫 가격 균열'…보험사가...,국고10년물과 한국은행 기준금리 간 격차는 173.9bp까지 벌어지며 약 3년 7개월 만 최대치를 기록했다. 국고10년물과 3년물 간 금리차 역시 48.2bp로 3개월 만에 최고 수준을 나타냈다. ◆ 美·日 금리 쇼크에 본드포워드...,https://www.newspim.com/news/view/20260519001141,9,0.7567,1,keep,candidate_hybrid_keep_strong_domain_rule_anchor,9,0.7567,한국은행;기준금리,금리,,candidate_hybrid,1,0.65,0.35
"'중도매파' 김진일 합류…금통위, 물가·금융안정 무게","실제 기준금리 결정 과정에서는 당분간 신중한 기조가 이어질 가능성에 무게가 실린다. 금융권 관계자는 ""현재 한국은행은 경기 부양과 물가 안정, 가계부채 관리까지 모두 함께 고민해야 하는 상황""이라며 ""새 금통위원...",https://www.cstimes.com/news/articleView.html?idxno=706405,11,0.7192,1,keep,candidate_hybrid_keep_strong_domain_rule_anchor,11,0.7192,한국은행;기준금리;가계부채,,,candidate_hybrid,1,0.65,0.35
"한국 경제, 반도체로 성장 기대…체감 경기와 온도차",기준금리 전망을 내놓은 KB금융과 하나금융은 한국은행이 신현송 신임 총재 취임 이후에도 당분간 금리를 동결할 가능성이 크다고 봤다. 물가와 환율 불안이 완전히 해소되지 않은 상황에서 성급한 금리 조정보다는 관망...,https://www.tokenpost.kr/news/economy/361381,12,0.716,1,keep,candidate_hybrid_keep_strong_domain_rule_anchor,12,0.716,한국은행;환율;기준금리,금리,,candidate_hybrid,1,0.65,0.35
"원-달러 환율, 다시 급등...""상당히 무서운 외국인 매도세"" [굿모닝경제...","그런데 예상치 못한 반도체 업황의 호조로 인해서 경기침체 가능성은 사라지니까 문제는 그때 풀린 유동성, 재정 역시 물가상승 압력을 끌어올릴 가능성이 커서 이렇게 고물가가 우려되고 그러면 한국은행은 기준금리...",https://www.ytn.co.kr/_ln/0134_202605200746328024,15,0.6673,1,keep,candidate_hybrid_keep_strong_domain_rule_anchor,15,0.6673,한국은행;유동성;환율;기준금리,달러,,candidate_hybrid,1,0.65,0.35
"반도체 슈퍼사이클에 의존한 성장…""외형은 2%대 중반, 체감은 냉랭""",한국은행 기준금리 경로를 제시한 KB금융과 하나금융은 모두 신현송 신임 총재 취임 이후에도 한은이 상당 기간 동결 기조를 유지할 가능성이 크다고 봤다. 고유가와 글로벌 인플레이션 압력이 금리 인하를 제약할...,http://www.newsroad.co.kr/news/articleView.html?idxno=59517,9,0.6593,1,keep,candidate_hybrid_keep_strong_domain_rule_anchor,9,0.6593,한국은행;기준금리,금리,,candidate_hybrid,1,0.65,0.35
"[스타트 경제] 삼성전자 노사, 오늘 오전 10시 최종 담판...총파업 갈림...","그런데 예상치 못한 반도체 업황의 호조로 인해서 경기침체 가능성은 사라지니까 문제는 그때 풀린 유동성, 재정 역시 물가상승 압력을 끌어올릴 가능성이 커서 이렇게 고물가가 우려되고 그러면 한국은행은 기준금리...",https://www.ytn.co.kr/_ln/0102_202605200711471725,11,0.5864,1,keep,candidate_hybrid_keep_strong_domain_rule_anchor,11,0.5864,한국은행;유동성;기준금리,,,candidate_hybrid,1,0.65,0.35
"5대 금융 ""올해 한국 경제, 반도체가 견인…체감과는 괴리""",한국은행의 기준금리 전망을 제시한 KB와 하나금융은 모두 한은이 신현송 신임 총재 취임 이후에도 당분간 금리를 동결할 가능성이 높다고 봤습니다. 원/달러 환율 수준은 고유가로 인해 당분간 높은 수준이 지속될...,https://biz.sbs.co.kr/article_hub/20000311476?division=NAVER,17,0.7126,1,keep,candidate_hybrid_keep_strong_domain_rule_anchor,17,0.7126,한국은행;환율;기준금리;원/달러,달러;금융,,candidate_hybrid,1,0.65,0.35
"금융지주들이 본 올해 韓 경제…""반도체가 견인, 체감과는 괴리""",한국은행의 기준금리 전망을 제시한 KB와 하나금융은 모두 한은이 신현송 신임 총재 취임 이후에도 당분간 금리를 동결할 가능성이 높다고 봤다. 원/달러 환율 수준은 고유가로 인해 당분간 높은 수준이 지속될 것으로...,https://www.yna.co.kr/view/AKR20260519151600002?input=1195m,16,0.7116,1,keep,candidate_hybrid_keep_strong_domain_rule_anchor,16,0.7116,한국은행;환율;기준금리;원/달러,달러,,candidate_hybrid,1,0.65,0.35
"전문가들 “머니무브, 일시적 이탈 아닌 자산배분 변화 신호"" [돈의 질서...",한국은행 기준금리는 2023년 1월 연 3.50%까지 오른 뒤 장기간 동결됐다가 2024년 10월부터 인하 국면에 들어섰다. 현재 기준금리는 연 2.50%다. 기준금리 인하는 은행 예금뿐 아니라 CMA·발행어음 금리에도 영향을 주지만 증시...,https://www.etoday.co.kr/news/view/2585090,11,0.7284,1,keep,candidate_hybrid_keep_strong_domain_rule_anchor,11,0.7284,한국은행;은행;기준금리,,,candidate_hybrid,1,0.65,0.35
"머니무브에 던진 0.1%p 칩?…금융소비자 ""예금엔 인색, 대출엔 가혹""",한국은행의 통화정책 전환 전망이 나오는 등 시장금리의 향방을 예측하기 어려운 상황에서 수신 금리를... 은행권이 금리를 올려도 실제 손에 쥐는 혜택이 미미한 탓이다. 예치금 1억원을 기준으로 금리가 0.1%p 오를 때...,https://www.ziksir.com/news/articleView.html?idxno=134335,5,0.6233,0,drop,candidate_hybrid_gray_drop_score_lt_threshold,5,0.6233,한국은행,,,candidate_hybrid,1,0.65,0.35
"[사설] 가계빚 2000조 육박, 고금리 충격에 선제 대응을",19일 한국은행에 따르면 올해 1분기 가계신용(잠정) 잔액은 1993조 1000억 원으로 지난해 말 대비 14조 원(0.7... 국채금리가 빠르게 오르면서 한은도 기준금리 인상을 저울질할 정도로 상황이 좋지 않다. 금리 인상기에...,https://www.sedaily.com/article/20046018?ref=naver,13,0.6824,1,keep,candidate_hybrid_keep_strong_domain_rule_anchor,13,0.6824,한국은행;국채금리;기준금리,금리,,candidate_hybrid,1,0.65,0.35
"씨티은행, 한국은행의 기준금리 동결 가능성 제기...2027년 연 3.5% 전망","씨티은행은 5월 금통위 이전에 해협이 예상 밖으로 개방될 경우 한국은행이 곧바로 기준금리를 0.25%포인트 올릴 가능성도 있다고 밝혔다. 해협이 열리면 원유 공급 차질 우려가 줄어들고, 그만큼 경기 둔화 위험도 일부...",https://www.tokenpost.kr/news/economy/361272,8,0.7397,1,keep,candidate_hybrid_keep_strong_domain_rule_anchor,8,0.7397,한국은행;기준금리,,,candidate_hybrid,1,0.65,0.35
"가계빚 1,993조원…'2금융권' 주담대 10.6조 급증","미국 국채 금리가 급등한 데 따른 건데, 여기에 중동 리스크에 따른 고유가·고물가 우려까지 겹치면서 한국은행의 기준금리 인상 가능성도 거론됩니다. 가계 빚이 역대 최대 수준으로 불어난 상황에서 대출금리가 더...",http://www.yonhapnewstv.co.kr/news/MYH20260519225221Btr,11,0.8011,1,keep,candidate_hybrid_keep_strong_domain_rule_anchor,11,0.8011,한국은행;국채;기준금리,,,candidate_hybrid,1,0.65,0.35
"한은 ""삼성전자 성과급, 물가 자극할 우려""",삼성전자 노사 간 성과급 협상을 두고 한국은행 안팎의 우려도 커지고 있다. 파업 여파가 국내 물가를 자극할... 된다”며 “이번달 금융통화위원회에서 이런 부분도 고려해 기준금리를 결정하게 될 것”이라고 말했다.,https://news.tvchosun.com/site/data/html_dir/2026/05/19/2026051990326.html,13,0.6141,1,keep,candidate_hybrid_keep_strong_domain_rule_anchor,13,0.6141,한국은행;한은;기준금리,,,candidate_hybrid,1,0.65,0.35
"“삼성전자 성과급, 물가 자극 우려”",삼성전자 노사 간 성과급 협상을 두고 한국은행 안팎의 우려도 커지고 있다. 파업 여파가 국내 물가를 자극할... 된다”며 “이번달 금융통화위원회에서 이런 부분도 고려해 기준금리를 결정하게 될 것”이라고 말했다.,https://www.kmib.co.kr/article/view.asp?arcid=1779179943&code=11151100&cp=nv,8,0.5907,1,keep,candidate_hybrid_keep_strong_domain_rule_anchor,8,0.5907,한국은행;기준금리,,,candidate_hybrid,1,0.65,0.35
가계빚 1993조 '또 역대 최대'...주담대·신용대출 증가에 1분기 14조↑,"19일 한국은행이 발표한 '2026년 1분기 가계신용(잠정)' 통계에 따르면, 지난 3월 말 기준 가계신용 잔액은... 시장에서는 기준금리 인하 기대와 자산시장 회복 전망 속에 가계 대출 수요가 다시 늘고 있다는 점에...",https://www.thepublic.kr/news/articleView.html?idxno=304912,9,0.7342,1,keep,candidate_hybrid_keep_strong_domain_rule_anchor,9,0.7342,한국은행;기준금리,대출,,candidate_hybrid,1,0.65,0.35
"美 국채금리 쇼크에 최고치 찍은 국고채, 증권·은행 '리밸런싱' 비상","인해 한국은행도 금리 인상으로 대응할 수밖에 없는 국면""이라고 진단했다. 이어 ""추가 인상 우려가 선반영되면서 기준금리 인상 전 시장 금리가 먼저 오르는 현상이 고착화될 것""이라고 내다봤다. 채권 전문가들은 현재...",https://www.meconomynews.com/news/articleView.html?idxno=131237,18,0.8593,1,keep,candidate_hybrid_keep_strong_domain_rule_anchor,18,0.8593,한국은행;은행;국채금리;기준금리,금리;채권,,candidate_hybrid,1,0.65,0.35
“금리 오르면 문 닫아야 한다”…대구·경북 중소기업 ‘고금리 공포’,"한국은행 기준금리는 작년 5월부터 연 2.50%에 묶여 있지만, 국고채 10년물 금리는 지난 15일 4.217%까지 올랐다. 국고채 금리는 정부의 장기 조달금리이자 회사채·은행채 등 기업 자금조달 금리의 기준선이다. 신용도가...",https://www.yeongnam.com/web/view.php?key=20260519024225024,13,0.7293,1,keep,candidate_hybrid_keep_strong_domain_rule_anchor,13,0.7293,한국은행;회사채;기준금리,금리,,candidate_hybrid,1,0.65,0.35
"""당장 이자 부담 적어서""…10명 중 6명 '변동형', 신의 한수 될까","한국은행은 ""기준금리가 0.25%p 인상될 때마다 대출차주 1인당 연평균 이자부담이 16만 3천원씩 증가할 것“으로 추산하고 있는데요. 현재 증권가에서는 한국은행이 하반기 두 차례 금리인상을 단행할 것으로 내다보고...",https://www.wowtv.co.kr/NewsCenter/News/Read?articleId=A202605190427&t=NNv,8,0.6963,1,keep,candidate_hybrid_keep_strong_domain_rule_anchor,8,0.6963,한국은행;기준금리,,,candidate_hybrid,1,0.65,0.35
미국발 금리 쇼크에 국고채 2년 6개월 최고…韓 대출금리 덮친다,"성장세가 굳건한 상황에서 물가가 오를 경우 통상 기준금리 인상으로 연결된다. 정부의 재정 확대 가능성도 장기 금리 상승에 압력을 가했다. 씨티은행은 한국 정부가 재정 지출을 하반기 20조 원, 내년에 90조 원 정도...",https://www.hankookilbo.com/news/article/A2026051913390004757?did=NA,4,0.7181,1,keep,candidate_hybrid_model_keep_prob_ge_threshold_with_domain_anchor,4,0.7181,기준금리,금리,,candidate_hybrid,1,0.65,0.35
"씨티 ""한은 5월 금리동결…호르무즈 개방 시 인상할 수도"" 전망","한국은행  씨티은행은 한국은행이 이달 금융통화위원회에서 향후 금리인상 가능성을 시사하면서 금리를... 김진욱 씨티은행 이코노미스트는 19일 공개한 보고서에서 ""한은은 5월 28일 금통위에서 기준금리를 연 2.50%로...",https://www.delighti.co.kr/news/articleView.html?idxno=116604,13,0.7147,1,keep,candidate_hybrid_keep_strong_domain_rule_anchor,13,0.7147,한국은행;한은;기준금리,,,candidate_hybrid,1,0.65,0.35
연내 2회 인상으로 기우는 추…‘K-점도표’ 3.0%에 점 몇개 찍히나,이번 금통위는 기준금리 결정뿐만 아니라 수정 경제전망과 K점도표까지 함께 발표할 예정이어서 시장의 관심이 쏠린다. 한국은행 전경. (사진= 한국은행) 연내 2회 인상 우세 속 1회 인상·동결 전망도 19일 이데일리가...,http://www.edaily.co.kr/news/newspath.asp?newsid=04506726645450560,8,0.7356,1,keep,candidate_hybrid_keep_strong_domain_rule_anchor,8,0.7356,한국은행;기준금리,,,candidate_hybrid,1,0.65,0.35
씨티 “5월 금통위 전 호르무즈 개방 시 한은 금리 올릴 수도”,한은이 금리를 올릴 수 있다는 분석을 내놨다. 신현송 신임 한국은행 총재가 지난달 21일 오전 서울 중구... 한은은 기준금리를 25bp(1bp=0.01%포인트) 올릴 수 있다”고 봤다. 호르무즈 해협 개방은 석유 공급과 성장 하방...,http://www.edaily.co.kr/news/newspath.asp?newsid=04500166645450560,14,0.7027,1,keep,candidate_hybrid_keep_strong_domain_rule_anchor,14,0.7027,한국은행;한은;기준금리,금리,,candidate_hybrid,1,0.65,0.35
무디스 “韓 은행산업 규제 상당히 강해”,향후 기준금리가 한두 번 인상된 효과를 어느 정도는 선반영하고 있다고 보고 있다”면서도 “지방 부동산 시장과 중대형 상가 중심의 상업용 부동산 시장의 회복 지연도 대형 은행을 중심으로 (건전성) 하향 압력으로...,https://www.sedaily.com/article/20045930?ref=naver,5,0.6709,1,keep,candidate_hybrid_model_keep_prob_ge_threshold_with_domain_anchor,5,0.6709,기준금리,건전성,,candidate_hybrid,1,0.65,0.35
고정형 부담 커졌다…변동형 주담대 비중 40% 육박,고정형과 변동형의 금리차가 확대되면서 변동형을 선택하는 이들이 늘고 있다. 19일 한국은행... 5월에도 고정형과 변동형 주택담보대출 금리차가 제법 크다. 이날 기준 5대 은행 고정형 주택담보대출 금리는 연 4.45~7....,https://www.kpinews.kr/newsView/1065598626000216,8,0.6852,1,keep,candidate_hybrid_keep_strong_domain_rule_anchor,8,0.6852,한국은행;은행,,,candidate_hybrid,1,0.65,0.35
가계신용 2000조 눈앞…비은행 주담대 오르고 영끌 부담 커진다,최근 시장금리 상승 압력까지 겹치면서 영끌족과 자영업자들의 원리금 상환 부담 우려가 커지고 있다. 19일 한국은행과 금융권 등에 따르면 올해 1분기 말 기준 가계신용 잔액은 1993조1000억원으로 전분기 말 대비...,https://www.g-enews.com/view.php?ud=202605191706452274e30fcb1ba8_1,5,0.5876,0,drop,candidate_hybrid_gray_drop_score_lt_threshold,5,0.5876,한국은행,,,candidate_hybrid,1,0.65,0.35
[美·日 금리 폭주] 반도체 빼면 비싸다…국채 4.2%가 흔든 코스피,"19일 서울 채권시장 등에 따르면 전 거래일 기준 국고채 3년물 금리는 3.7650%, 5년물은 3.9960%, 10년물은 4.2170... 키움증권은 최근 국고채 금리 상승 배경으로 고유가 지속, 영국 재정 불안, 한국은행 금리 인상 경계감을...",https://www.newspim.com/news/view/20260519001214,11,0.784,1,keep,candidate_hybrid_keep_strong_domain_rule_anchor,11,0.784,한국은행;국채,금리;코스피,,candidate_hybrid,1,0.65,0.35
"글로벌 재정위기·인플레에 브레이크 고장난 채권금리, 기준금리 인상 ...","지속해서 상승하는 채권금리에 시장에서는 한국은행의 기준금리 인상 횟수가 증가할 수 있다는 우려가 점차 커지고 있다. 당초 시장에서는 2차례의 기준금리 상향을 예상하지만, 4차례 인상을 통한 기준금리 3.5...",https://www.g-enews.com/view.php?ud=202605191351282974bb91c46fcd_1,8,0.8211,1,keep,candidate_hybrid_keep_strong_domain_rule_anchor,8,0.8211,한국은행;기준금리,,,candidate_hybrid,1,0.65,0.35
"무디스 ""韓 은행권 안정적""…금리·부동산 리스크는 남았다","국제 신용평가기관 무디스가 한국 은행시스템에 대해 안정적이라는 평가를 내렸다. 다만 시장금리 상승과... 시장금리 상승과 부동산 회복이다. 손 애널리스트는 ""기준금리 동결에도 시장금리 상승이 지속되고 있다""며...",http://www.ftoday.co.kr/news/articleView.html?idxno=359174,8,0.6755,1,keep,candidate_hybrid_keep_strong_domain_rule_anchor,8,0.6755,은행권;기준금리,금리,,candidate_hybrid,1,0.65,0.35
"[채권마감] 강보합 장단기금리차 7일만 축소, 금융투자 선물매수",한국은행 기준금리(현 2.50%)와 국고3년물간 금리차는 125.1bp로 좁혀졌다. 국고10년물과 3년물간 스프레드는 2.3bp 줄어든 45.9bp를 보였다. 이는 8일 0.2bp 축소 후 첫 감소세다. 전날에는 48.2bp까지 확대돼 2월9일(48....,https://www.etoday.co.kr/news/view/2586046,11,0.6556,1,keep,candidate_hybrid_keep_strong_domain_rule_anchor,11,0.6556,한국은행;스프레드;기준금리,,,candidate_hybrid,1,0.65,0.35
1500원 환율에 가구당 빚 1억 … 韓 금융시장에 드리운 ‘민스키’ 공포...,주담대 금리 7%와 비은행권 풍선효과까지 겹치면서 금융시장 안팎에서는 한국 경제가 '민스키 모멘트... 시장에서는 1500원 환율이 일시적 비상 구간이 아니라 새로운 기준선으로 굳어질 수 있다는 우려도 나온다. 미국...,https://biz.newdaily.co.kr/site/data/html/2026/05/19/2026051900241.html,1,0.6109,0,drop,candidate_hybrid_gray_drop_score_lt_threshold,1,0.6109,,금리,,candidate_hybrid,1,0.65,0.35
"""미국채랑 차이 없네""…한·미 금리차 축소에 원화채권 매력 낮아지나",수급 호재보다 고유가에 따른 물가 상승 우려와 1분기 '깜짝 성장' 등이 더 크게 반영되며 한국은행의 긴축... 미국 기준금리가 한국보다 1~2%포인트 높은 상황이 지속되면서 양국의 3년물 금리 역전 폭은 지난해 초 한때...,https://www.ajunews.com/view/20260519161843025,9,0.6858,1,keep,candidate_hybrid_keep_strong_domain_rule_anchor,9,0.6858,한국은행;기준금리,금리,,candidate_hybrid,1,0.65,0.35
[美·日 금리 폭주] 한은 금리인상 판 깔렸다...환율 1500원·국고채 4%,"한국은행의 기준금리 인상 가능성이 수면 위로 오르고 있다. 미국과 일본발 장기금리 급등이 국내 외환·채권시장 불안으로 번지면서 금리 인하 명분은 약해지고, 인상 압박은 더욱 커졌다는 평가다 달러/원 환율이...",https://www.newspim.com/news/view/20260519001120,18,0.8501,1,keep,candidate_hybrid_keep_strong_domain_rule_anchor,18,0.8501,한국은행;한은;환율;기준금리,금리;달러,,candidate_hybrid,1,0.65,0.35
"씨티 ""5월 금통위 전 호르무즈 해협 열리면 이달 금리 인상 가능""",기본 시나리오는 매파적 동결…금통위원 1~2명 인상 의견 오는 28일 한국은행 금융통화위원회를 앞두고 호르무즈 해협이 '깜짝' 개방된다면 이번 회의에서 기준금리 인상이 단행될 수 있다고 씨티 김진욱...,https://news.einfomax.co.kr/news/articleView.html?idxno=4415700,9,0.7336,1,keep,candidate_hybrid_keep_strong_domain_rule_anchor,9,0.7336,한국은행;기준금리,금리,,candidate_hybrid,1,0.65,0.35
"'4중 복합 악재'에 발목 잡힌 코스피, 하반기 반전 기류 올라탈까","외환시장 변동성이 커지자 자본 유출을 막기 위한 한국은행의 고심도 깊어졌다. 시장에서는 국고채 금리가 기준금리를 크게 웃도는 등 추가 긴축 압박이 커짐에 따라, 한은이 통화 긴축을 선호하는 매파적 금리 인상...",https://www.ziksir.com/news/articleView.html?idxno=134376,15,0.7453,1,keep,candidate_hybrid_keep_strong_domain_rule_anchor,15,0.7453,한국은행;기준금리;외환시장,금리;코스피,,candidate_hybrid,1,0.65,0.35
"KB국민은행, 단기 예금 금리 최대 0.1%p 상향… 시중은행·인터넷은행까...","여기에 한국은행의 금리 인상 가능성까지 거론되면서 주요 은행들의 예금 금리 조정 움직임도 확대되는... KB국민은행 측은 이번 금리 인상과 관련해 본지에 ""기준금리와 시장금리 변동, 조달 환경 변화 등을...",https://www.ilyoseoul.co.kr/news/articleView.html?idxno=517279,17,0.7774,1,keep,candidate_hybrid_keep_strong_domain_rule_anchor,17,0.7774,한국은행;시중은행;인터넷은행;기준금리,금리,,candidate_hybrid,1,0.65,0.35
"씨티 ""한은 5월 동결 전망…호르무즈 깜짝 개방시 올릴 수도""","'매파적 동결' 예상 씨티은행은 한국은행이 이달 금융통화위원회(금통위)에서 향후 금리인상 가능성을... 김진욱 씨티은행 이코노미스트는 19일 공개한 보고서에서 ""한은은 5월 28일 금통위에서 기준금리를 연 2.50%로...",https://www.yna.co.kr/view/AKR20260519121900002?input=1195m,13,0.7155,1,keep,candidate_hybrid_keep_strong_domain_rule_anchor,13,0.7155,한국은행;한은;기준금리,,,candidate_hybrid,1,0.65,0.35
"카드사, 조달 부담 확대···국고채 급등에 여전채 시장 '흔들'",시장에서는 기준금리 인하 기대가 약해지고 있는 점도 부담 요인으로 보고 있다. 미국의 소비자물가 상승세와 중동 지정학 리스크 등으로 글로벌 물가 불안이 재부각되면서 한국은행의 통화완화 기대 역시 후퇴하고...,http://www.finomy.com/news/articleView.html?idxno=254577,16,0.7495,1,keep,candidate_hybrid_keep_strong_domain_rule_anchor,16,0.7495,한국은행;카드사;기준금리;여전채,,,candidate_hybrid,1,0.65,0.35
주담대 고정금리 7% 재돌파…커지는 '영끌족' 이자폭탄 우려,"9%) 이후 최고 수준이다. 금융권 관계자는 ""물가 인상 우려가 다시 확대되고 있고 한국은행이 기준금리를 인상할 가능성도 점차 커지고 있다""며 ""대출금리 상승세가 단기간에 꺾이기는 어려워 보인다""고 말했다.",https://www.ajunews.com/view/20260519133408614,8,0.7511,1,keep,candidate_hybrid_keep_strong_domain_rule_anchor,8,0.7511,한국은행;기준금리,,,candidate_hybrid,1,0.65,0.35
환율 꺾이자 달러 매수 재개...외화자산 시장 다시 달아오른다,"미국 기준금리 인하 시점이 여전히 불투명하고 중동을 비롯한 지정학적 리스크도 이어지는 만큼, 안전자산으로 달러를 미리 확보하려는 수요가 늘었다는 설명도 나온다. 한 시중은행 관계자는 ""최근 들어 개인...",https://www.ppss.kr/news/articleView.html?idxno=296497,11,0.7116,1,keep,candidate_hybrid_keep_strong_domain_rule_anchor,11,0.7116,시중은행;환율;기준금리,달러,,candidate_hybrid,1,0.65,0.35
"씨티 ""5월 금통위, 매파적 동결될 듯⋯호르무즈 개방 시 '깜짝 인상' 가...",이끄는 한국은행 금융통화위원회(금통위)가 다음주 기준금리를 결정하는 통화정책방향 회의에서 '매파적 동결' 기조를 나타낼 것이라는 관측이 제기됐다. 특히 근래 줄곧 만장일치 동결 의견이 주를 이뤘던 것과 달리...,https://www.etoday.co.kr/news/view/2585979,8,0.702,1,keep,candidate_hybrid_keep_strong_domain_rule_anchor,8,0.702,한국은행;기준금리,,,candidate_hybrid,1,0.65,0.35
시중은행 예금금리 줄인상…'불장' 머니무브 막을 수 있나,"다만 일각에서는 기준금리가 인상됨에 따라 예금금리가 더 오를 것이라는 전망이 우세해 은행권이 자금... 한국은행에 따르면, 4월 은행 수신은 수시입출식예금을 중심으로 소폭 감소했다. 올해 3월에는...",https://www.financialpost.co.kr/news/articleView.html?idxno=259635,15,0.7634,1,keep,candidate_hybrid_keep_strong_domain_rule_anchor,15,0.7634,한국은행;은행;시중은행;기준금리,,,candidate_hybrid,1,0.65,0.35
코픽스 상승에 주담대 또 들썩…영끌족 '초긴장',이는 최근 한국은행 부총재가 기준금리 인상 가능성을 시사한 이후 시장금리가 상승 흐름을 보인 영향으로 풀이된다. 이 같은 흐름이 이어질 경우 변동형 주담대 금리의 추가 상승도 불가피할 전망이다. 19일 기준 5대...,https://www.kbanker.co.kr/news/articleView.html?idxno=224980,8,0.7021,1,keep,candidate_hybrid_keep_strong_domain_rule_anchor,8,0.7021,한국은행;기준금리,,,candidate_hybrid,1,0.65,0.35
"장단기금리차 확대, 경기호조에 물가상승·수급부재 등 겹친 탓",최대’ 기준금리 인상 단행될 3분기 이후 축소될 듯 경제상황을 엿볼 수 있는 대표적 채권시장 지표들인... 1.8%를 예상 중인 한국은행도 이달 수정경제전망에서 상향조정할 가능성이 높다. 강승원 NH투자증권 채권...,https://www.etoday.co.kr/news/view/2585967,10,0.7253,1,keep,candidate_hybrid_keep_strong_domain_rule_anchor,10,0.7253,한국은행;기준금리,채권,,candidate_hybrid,1,0.65,0.35
"무디스 ""한국 타이트한 금융규제, 위기 시 정부 지원 강력하단 방증""","수익성 역시 ""최근에 시장 금리가 상승되는 부분이 오히려 순이자 마진(NIM)에 대한 압력을 다소 완화하는 효과를 가지고 있을 것""이라고 보았다. 무디스는 지난 2월 한국 은행시스템 전망을 기존 '부정적'에서 '안정적'으로...",https://www.newsfreezone.co.kr/news/articleView.html?idxno=690563,0,0.6072,0,drop,candidate_hybrid_drop_generic_market_or_ipo_noise,0,0.6072,,,,candidate_hybrid,1,0.65,0.35
서울에 집 지어도 사업성 안나와 … 주택사업 경기전망 '뚝',한국은행에 따르면 지난 3월 예금은행의 주택담보대출 금리는 신규취급액 기준 연 4.34%로 전월보다 0.02%p 올랐다. 6개월 연속 상승세로 2023년 11월 이후 가장 높은 수준이다. 분양대금 잔금 마련과 기존 주택 처분이...,https://biz.newdaily.co.kr/site/data/html/2026/05/19/2026051900181.html,5,0.6062,0,drop,candidate_hybrid_gray_drop_score_lt_threshold,5,0.6062,한국은행,,,candidate_hybrid,1,0.65,0.35
[Invest]국고채 10년물 4% 돌파…채권시장 손절 물량 쏟아진다,"한국은행 역시 기준금리 인하 시점을 늦출 것이란 전망이 나오면서 채권시장 약세가 올해 하반기까지 이어질 수 있다는 우려도 나온다.채권시장 관계자는 ""현재 시장은 단순히 금리 레벨보다도 '인플레이션이 다시...",https://www.investchosun.com/site/data/html_dir/2026/05/19/2026051980096.html,9,0.7715,1,keep,candidate_hybrid_keep_strong_domain_rule_anchor,9,0.7715,한국은행;기준금리,금리,,candidate_hybrid,1,0.65,0.35
"“주식 만큼 역동적인 환율 등락, 숟가락 얹어볼까”…‘환테크’ 재시...",미국 기준금리 인하 시점 불확실성과 중동 등 지정학 리스크가 이어지면서 안전자산 성격의 달러를 미리 확보하려는 수요가 확대되고 있다는 분석이다. 한 시중은행 관계자는 “최근 들어 개인 고객들의 달러예금...,https://www.mk.co.kr/article/12052035,11,0.7107,1,keep,candidate_hybrid_keep_strong_domain_rule_anchor,11,0.7107,시중은행;환율;기준금리,주식,,candidate_hybrid,1,0.65,0.35
"대출은 늘고 예금은 뚝…은행권, ‘빚투 딜레마’에 속타는 사정",한국은행의 추가 기준금리 인상 가능성이 거론되는 가운데 은행채 금리도 오름세를 보이고 있다. 실제 KB국민은행은 최근 금융채 금리 상승 폭을 반영해 주택담보대출 금리를 추가 인상하기로 했다. 금융권에서는 이 같은...,https://www.viva100.com/article/20260519500632,13,0.7229,1,keep,candidate_hybrid_keep_strong_domain_rule_anchor,13,0.7229,한국은행;은행권;기준금리,금리,,candidate_hybrid,1,0.65,0.35
치솟은 금리에 영끌족 ‘비명’…주담대 다시 7% 넘었다,뉴시스 이란 전쟁 장기화에 따른 고유가·고물가 우려가 커지면서 금융시장에서는 연내 한국은행의 기준금리 인상 가능성까지 제기되고 있다. 이에 따라 은행권 대출금리 상승세가 당분간 이어질 가능성이 높다는...,https://www.segye.com/newsView/20260519508989?OutUrl=naver,16,0.6804,1,keep,candidate_hybrid_keep_strong_domain_rule_anchor,16,0.6804,한국은행;은행권;기준금리;은행권 대출금리,,,candidate_hybrid,1,0.65,0.35
가계·자영업 대출 역대 최대…금리 0.25%p 오르면 이자 3.2조↑,특히 변동금리 대출 비중이 높은 상황에서 연내 기준금리 인상 가능성까지 거론되면서 취약 차주를 중심으로 원리금 상환 부담이 빠르게 커질 수 있다는 우려가 나온다. 한국은행이 국민의힘 박성훈 의원실에...,http://www.dailypop.kr/news/articleView.html?idxno=98907,10,0.7558,1,keep,candidate_hybrid_keep_strong_domain_rule_anchor,10,0.7558,한국은행;기준금리,금리;대출,,candidate_hybrid,1,0.65,0.35
글로벌 국채금리 급등…주담대 7% 돌파,금융시장에서는 연내 한국은행의 기준금리 인상 가능성까지 제기되고 있다. 이에 따라 은행권 대출금리 상승세가 당분간 이어질 가능성이 높다는 전망이 나온다. 고금리 장기화는 기업들의 조달 구조 단기화와...,https://www.naeil.com/news/read/589168?ref=naver,20,0.7196,1,keep,candidate_hybrid_keep_strong_domain_rule_anchor,20,0.7196,한국은행;은행권;국채금리;기준금리;은행권 대출금리,,,candidate_hybrid,1,0.65,0.35
[표] 은행간 단기금리 기준-코리보(19일),※다음은 연합인포맥스가 19일 오전 11시00분에 고시한 한국의 은행간 단기금리 기준 입니다. ────┬──────────── 기간│금리(%) 전일대비...,https://news.einfomax.co.kr/news/articleView.html?idxno=4415661,1,0.5492,0,drop,candidate_hybrid_gray_drop_score_lt_threshold,1,0.5492,,금리,,candidate_hybrid,1,0.65,0.35
"이주열 총재 만난 파월 의장, 금리인상 계획을 듣자…","당시는 코로나 사태 때문에 초저금리 상황이었고, 기준금리를 올리는 중앙은행은 전혀 없었다. 그래서 파월 의장이 의아해하며 이유를 물었다. “물가 상승세가 기조적으로 자리를 잡은 것 같습니다. 그리고 한국은...",https://www.chosun.com/economy/economy_general/2026/05/19/X7PSPVLMYZHA3GHDG4XS245TZ4/?utm_source=naver&utm_medium=referral&utm_campaign=naver-news,3,0.705,0,drop,candidate_hybrid_drop_model_keep_without_domain_anchor,3,0.705,기준금리,,,candidate_hybrid,1,0.65,0.35
"재경부 ""최근 국고채 금리 상승, 확장재정 아닌 금리인상 기대 높아진 ...","글로벌 금리 흐름에 연동된 것에 더해, 한국은행의 기준금리 인상 기대가 높아진 영향이라고 판단했다. 재경부는 19일 보도설명자료를 내고 ""국고채 금리는 글로벌 금융시장 동조화로 인한 주요국 금리, 인플레 기대, 환율...",https://news.einfomax.co.kr/news/articleView.html?idxno=4415660,12,0.8206,1,keep,candidate_hybrid_keep_overseas_korean_market_impact,12,0.8206,한국은행;환율;기준금리,금리,,candidate_hybrid,1,0.65,0.35
주담대 금리 상단 7% 돌파…은행 원리금 한달 새 ‘껑충’,한국은행의 기준금리 인상 가능성까지 거론되면서 당분간 은행 대출금리의 오름세가 이어질 것이라는 전망이 나온다. 19일 은행권에 따르면 KB·신한·하나·우리·NH 등 국내 5대 은행의 18일 은행채 5년물(고정형) 기준...,https://biz.heraldcorp.com/article/10740867?ref=naver,12,0.7654,1,keep,candidate_hybrid_keep_strong_domain_rule_anchor,12,0.7654,한국은행;은행;기준금리,금리,,candidate_hybrid,1,0.65,0.35
국장 떠나는 외국인…환율 상승 압박 가중,동시에 금리 인상에 따른 경기 조정 우려가 커지고 있는 상황도 한국을 비롯해 글로벌 주식 시장에서 자금 이탈을 부채질 할 수 있다. ‘인베스팅닷컴’에 따르면 미국 30년물 국채 금리(종가 기준)는 지난 4일 5%를...,https://biz.heraldcorp.com/article/10740863?ref=naver,8,0.6911,0,drop,candidate_hybrid_drop_generic_market_or_ipo_noise,8,0.6911,환율;국채,금리;주식,,candidate_hybrid,1,0.65,0.35
"""삼성 또 당신입니까""…'치솟는 금리'에 구원투수로 등판",따른 기준금리 인상 기대까지 반영되면서 금리가 추가 상승한 것”이라고 설명했다. 이어 “재정기조만으로 최근 시장 흐름을 설명하는 것은 무리가 있다”며 “과도한 시장 변동성에 대해서는 한국은행 등 관계기관과...,https://www.hankyung.com/article/202605195756i,9,0.7727,1,keep,candidate_hybrid_keep_strong_domain_rule_anchor,9,0.7727,한국은행;기준금리,금리,,candidate_hybrid,1,0.65,0.35
"'불장'에 돈 묶어둘 순 없지…만기 3년이상 예금, 2년 반 만에 '뚝'","한국은행의 기준금리 인상 가능성에도 은행권 예금금리가 그만큼 따라 올라갈 가능성은 크지 않다는 관측이다. 정부의 가계부채 관리 강화 기조로 은행권이 적극적으로 대출을 늘리기 어려워지면서, 높은 금리로...",https://www.newsis.com/view/NISX20260519_0003635522,15,0.7653,1,keep,candidate_hybrid_keep_strong_domain_rule_anchor,15,0.7653,한국은행;은행권;기준금리;가계부채,,,candidate_hybrid,1,0.65,0.35
"홈플러스 1000억 막힌 이유...메리츠, 담보 2.8조에도 '개인보증' 요구",한국은행 경제통계시스템상 2025년 12월 예금은행 기업대출 평균금리(신규취급액 기준 4.16%)와 비교해도 1.84%포인트 높다. 메리츠가 회생법원에 신고한 회생채권은 별도로 1조 3028억원 규모다. 미상환 원금 1조...,https://www.insight.co.kr/news/554732,5,0.6111,0,drop,candidate_hybrid_gray_drop_score_lt_threshold,5,0.6111,한국은행,,,candidate_hybrid,1,0.65,0.35
"기본 시나리오로 확산하는 연내 두번 인상…""핵심은 기대인플레 상승 차...","한국은행이 기준금리를 연내 두차례 인상할 것이라는 시각이 시장에 기본 시나리오로 확산하고 있다. 물가가 당분간 오름세를 보일 것이라는 전망도 중요하지만, 핵심은 기대인플레이션 상승세 차단이며 이를 위한...",https://news.einfomax.co.kr/news/articleView.html?idxno=4415622,8,0.681,1,keep,candidate_hybrid_keep_strong_domain_rule_anchor,8,0.681,한국은행;기준금리,,,candidate_hybrid,1,0.65,0.35
'금리 쇼크' 주담대 금리 7% 재돌파…'영끌족' 어쩌나,이란 전쟁 장기화에 따른 고유가·고물가 우려가 커지면서 금융시장에서는 연내 한국은행의 기준금리 인상 가능성까지 제기되고 있다. 이에 따라 은행권 대출금리 상승세가 당분간 이어질 가능성이 높다는 전망이...,https://www.widedaily.com/news/articleView.html?idxno=294239,17,0.686,1,keep,candidate_hybrid_keep_strong_domain_rule_anchor,17,0.686,한국은행;은행권;기준금리;은행권 대출금리,금리,,candidate_hybrid,1,0.65,0.35
"K자형 성장 이번엔 다르다…""연내 두번 인상"" 시각 이유는",한국은행은 금리 인하로 대응했다. 반면 2010년~2011년 완만한 K자형 구도에서는 금리 인상을 결정했다. 당시 중국 익스포저가 높은 업종을 중심으로 수출 호조가 이어진 가운데 내수 침체가 덜하다는 판단으로 기준금리...,https://news.einfomax.co.kr/news/articleView.html?idxno=4415610,9,0.7194,1,keep,candidate_hybrid_keep_strong_domain_rule_anchor,9,0.7194,한국은행;기준금리,금리,,candidate_hybrid,1,0.65,0.35
[이슈] 주담대 상단 7% 진입....내릴 줄 알았던 대출금리 다시 꿈틀,5대 은행의 고정형(5년) 주담대 금리는 전날 기준 연 4.43~7.03% 수준으로 집계됐다. 지난 3월 말 금리 상단이 7... 주담대 금리도 일제히 인상됐다. 문제는 최근 변동금리 대출 비중이 다시 확대되고 있다는 점이다. 한국...,https://www.startuptoday.co.kr/news/articleView.html?idxno=801324,2,0.6845,0,drop,candidate_hybrid_drop_model_keep_without_domain_anchor,2,0.6845,,금리;대출,,candidate_hybrid,1,0.65,0.35
"‘국장 30조 순매도’ 외국인, 추가 차익실현에 환율 더 오르나 [머니뭐...",동시에 금리 인상에 따른 경기 조정 우려가 커지고 있는 상황도 한국을 비롯해 글로벌 주식 시장에서 자금 이탈을 부채질 할 수 있다. ‘인베스팅닷컴’에 따르면 미국 30년물 국채 금리(종가 기준)는 지난 4일 5%를...,https://biz.heraldcorp.com/article/10740657?ref=naver,8,0.6802,0,drop,candidate_hybrid_drop_generic_market_or_ipo_noise,8,0.6802,환율;국채,금리;주식,,candidate_hybrid,1,0.65,0.35
[이용웅 칼럼]금리의 역습에서 코스피 지키기…정부의 선택지는,특히 미국 장기금리가 5%대로 올라서는 상황에서 한국은행이 기준금리를 쉽게 내릴 수 없는 구조가 형성되고 있다는 점이 부담이다. 미국과의 금리 차가 더 벌어질 경우 외국인 자금 유출과 원화 약세가 동시에 심화될...,https://www.businessplus.kr/news/articleView.html?idxno=111963,12,0.6281,1,keep,candidate_hybrid_keep_strong_domain_rule_anchor,12,0.6281,한국은행;기준금리,금리;코스피;원화,,candidate_hybrid,1,0.65,0.35
“중동 전쟁에 내 이자가?” 주담대 연 7% 돌파,19일 금융권에 따르면 5대 은행(KB국민·신한·하나·우리·NH농협)의 주담대 고정형(5년) 금리는 전날 기준 연... 문제는 최근 변동금리를 택한 ‘영끌족’이 급증했다는 점이다. 한국은행 경제통계시스템에 따르면 지난...,https://magazine.hankyung.com/business/article/202605195465b,8,0.7588,1,keep,candidate_hybrid_keep_strong_domain_rule_anchor,8,0.7588,한국은행;은행,,,candidate_hybrid,1,0.65,0.35
“161만원→200만원” 주담대 금리 상승에 한달 새 대출 원리금도 ‘껑...,한국은행의 기준금리 인상 가능성까지 거론되면서 당분간 은행 대출금리의 오름세가 이어질 것이라는 전망이 나온다. 19일 은행권에 따르면 KB·신한·하나·우리·NH 등 국내 5대 은행의 18일 은행채 5년물(고정형) 기준...,https://biz.heraldcorp.com/article/10740625?ref=naver,13,0.7244,1,keep,candidate_hybrid_keep_strong_domain_rule_anchor,13,0.7244,한국은행;은행;기준금리,금리;대출,,candidate_hybrid,1,0.65,0.35
글로벌 금리 쇼크..주택담보대출 7% 돌파,일각에서는 한국은행의 추가 기준금리 인상 가능성까지 거론하고 있다. 이에 따라 은행권 대출금리도 지금이 최고점이라고 단언하기 어렵다. 되려 여기서 더 상승할...,http://www.breaknews.com/1208123,17,0.7495,1,keep,candidate_hybrid_keep_overseas_korean_market_impact,17,0.7495,한국은행;은행권;기준금리;은행권 대출금리,금리,,candidate_hybrid,1,0.65,0.35
"“앞으로가 더 문제”...4%대 여전채, 카드업계 ‘재조달 공포’","한국은행이 기준금리를 올리면 국고채가 상승하고, 국고채에 신용 스프레드(가산금리)를 더해 발행되는 여전채 금리가 덩달아 오른다. 미국 연방준비제도(Fed·연준)이 금리 인상을 단행해도 국내 여전채에 강한 영향을...",https://www.ekn.kr/web/view.php?key=20260519023185838,27,0.8566,1,keep,candidate_hybrid_keep_overseas_korean_market_impact,27,0.8566,한국은행;연준;fed;스프레드;기준금리;여전채,금리,,candidate_hybrid,1,0.65,0.35
"교보증권 ""하반기 코스피 1만 간다""…밴드 7000~1만 제시",연준은 올해 하반기 기준금리를 현 수준(3.75%)에서 유지할 것으로 전망되는 반면 한국은행은 올해 하반기 기준금리를 3.00%까지 25bp씩 두 차례 인상할 것으로 예상됐다. 한은의 금리 인상은 인플레이션 차단...,http://www.thebigdata.co.kr/view.php?ud=202605190857271054c808fa9903_23,11,0.7443,1,keep,candidate_hybrid_keep_strong_domain_rule_anchor,11,0.7443,한국은행;기준금리,금리;코스피,,candidate_hybrid,1,0.65,0.35
중동발 '금리 쇼크' 주담대 다시 7%대…영끌족 부담 심화,일각에서는 한국은행의 연내 기준금리 인상 가능성까지 거론된다. 변동형 주담대 금리도 상승 흐름이다. 지난 4월 신규취급액 기준 코픽스는 2.89%로 전월 대비 0.08%포인트 오르며 은행권 변동형 주담대 금리도 일제히...,https://www.cstimes.com/news/articleView.html?idxno=706289,13,0.6879,1,keep,candidate_hybrid_keep_strong_domain_rule_anchor,13,0.6879,한국은행;은행권;기준금리,금리,,candidate_hybrid,1,0.65,0.35
[마켓 프리뷰] 美 금리 19년 만에 최고…오늘 국장 흔들 변수는?,글로벌 금융시장이 다시 ‘금리 발작’ 국면에 진입했다. 최근 사상 최고치 랠리를 이어가던 국내 증시... 10년물 국채금리 역시 4.687%까지 오르며 지난해 1월 이후 최고 수준을 나타냈다. 연방준비제도(Fed·연준) 정책...,https://www.ajunews.com/view/20260520081546392,15,0.8205,1,keep,candidate_hybrid_keep_overseas_korean_market_impact,15,0.8205,연준;fed;국채금리,금리,,candidate_hybrid,1,0.65,0.35
[뉴욕마켓워치] 美 국채 30년물 금리 19년만에 최고…주식·채권↓달러...,글로벌 금융시장의 핵심 주체인 주요 연기금의 연간 목표 수익률은 명목 기준 통상 5~7%다. 세계에서 가장 안전한 자산인 미국 국채가 30년간 5% 중반대 금리를 고정으로 준다면 연기금처럼 '알파'가 최우선 목표가...,https://news.einfomax.co.kr/news/articleView.html?idxno=4415773,8,0.5485,1,keep,candidate_hybrid_keep_overseas_global_reference,8,0.5485,국채,금리;주식;채권;달러,,candidate_hybrid,1,0.65,0.35
[넥스트-샷] 금융위기급 금리? '진짜' 인상론에 파랗게 질립니다,"실물경제 전반의 벤치마크 역할을 하는 10년물 금리 역시 4.687%까지 오르며 시장의 공포를 키웠고, 연준의... 다우존스30: 금융시장을 뒤흔든 금리 발작의 충격을 피하지 못하고 기술주 약세와 맞물려 하방 압력을...",https://www.womaneconomy.co.kr/news/articleView.html?idxno=254049,1,0.671,0,drop,candidate_hybrid_drop_model_keep_without_domain_anchor,1,0.671,,금리,,candidate_hybrid,1,0.65,0.35
"`채권 자경단`이 돌아왔다…美 30년물 금리 5.18%, 워시 연준 압박","성향은 시장 가격과 연준 동료들 모두에게 도전을 받을 것”이라고 말했다. 연준은 최근 세 차례 회의에서 기준금리를 동결했고, 일부 위원들은 다음 정책 방향이 인하가 아니라 인상일 수도 있다는 점을 성명서에 더...",http://www.edaily.co.kr/news/newspath.asp?newsid=02125446645450888,11,0.8468,0,drop,candidate_hybrid_drop_generic_market_or_ipo_noise,11,0.8468,연준;기준금리,금리;채권,,candidate_hybrid,1,0.65,0.35
국채금리 급등에 미 증시 흔들렸는데…반도체는 왜 버텼을까 [마켓무버...,되면 연준이 결국 금리를 인상할 수 밖에 없다는 투자심리의 결과값입니다. 모든 물가의 근원인 원유... 장기채 금리가 아니라 기대인플레이션이라고 봅니다. 기대인플레이션은 말 그대로 소비자나 기업이나 금융시장이...,http://www.wowtv.co.kr/NewsCenter/News/Read?articleId=A202605200208&t=NN,4,0.6122,0,drop,candidate_hybrid_drop_generic_market_or_ipo_noise,4,0.6122,국채금리,,,candidate_hybrid,1,0.65,0.35
[채권/외환] 美 30년물 금리 19년 만 최고…달러 강세·엔화 159엔 압박,미국과 이란 간 긴장 고조로 전쟁발 인플레이션 우려가 커지면서 글로벌 금융시장에서 장기채권 매도세와... 선물시장은 현재 연준이 오는 12월까지 금리를 인상할 가능성을 약 50~55% 반영하고 있다. CME 페드워치 기준...,https://www.newspim.com/news/view/20260520000052,2,0.6551,1,keep,candidate_hybrid_keep_overseas_global_reference,2,0.6551,,금리;채권;달러,,candidate_hybrid,1,0.65,0.35
"""다음은 금리인상?""…예측시장서 연내 연준 긴축 확률 43%",미국 금융시장에서 연방준비제도(Fed)의 다음 행보가 금리 인하가 아니라 금리 인상이 될 수 있다는 전망이... 페드워치는 연방기금금리 선물 가격을 토대로 향후 연준 금리 경로에 대한 시장 기대를 확률 형태로...,https://www.news1.kr/world/usa-canada/6172005,11,0.8211,1,keep,candidate_hybrid_keep_overseas_global_reference,11,0.8211,연준;fed,금리,,candidate_hybrid,1,0.65,0.35
'물가 비명' 美국채 30년물 금리 5.19% 돌파…2007년 이후 최고,미국 장기 국채금리가 글로벌 금융위기 이전 수준까지 치솟으며 뉴욕 금융시장을 뒤흔들고 있다. 중동... 실제 CME 페드워치 기준으로 시장에서는 연말 연준 금리 인상 가능성을 빠르게 반영 중이다. CME 페드워치에...,https://www.news1.kr/world/international-economy/6171997,13,0.7801,1,keep,candidate_hybrid_keep_overseas_global_reference,13,0.7801,연준;국채;국채금리,금리,,candidate_hybrid,1,0.65,0.35
美 '워시 연준' 출범 임박…'인플레·트럼프' 시험대,급등하며 금융시장이 요동치고 있는데요. 트럼프 대통령의 금리 인하 압박까지 겹치며 '워시 체제' 연준이... 이런 상황에서 섣불리 기준금리를 내릴 경우 물가를 다시 자극해 장기금리를 더욱 밀어올리게 된다는 지적이...,http://www.yonhapnewstv.co.kr/news/MYH20260519210755ZwE,9,0.8277,0,drop,candidate_hybrid_drop_generic_market_or_ipo_noise,9,0.8277,연준;기준금리,금리,,candidate_hybrid,1,0.65,0.35
[만화경] ‘금리 발작’ 흑역사,1994년 2월 앨런 그린스펀 미 연방준비제도(Fed·연준) 의장이 기습적으로 기준금리를 인상했다. 1990년 8.25... 버냉키는 2013년 5월 금융위기 후유증을 극복하기 위한 시중 자금 회수 시사 발언으로 전 세계 금융시장에...,https://www.sedaily.com/article/20046015?ref=naver,14,0.8033,0,drop,candidate_hybrid_drop_generic_market_or_ipo_noise,14,0.8033,연준;fed;기준금리,금리,,candidate_hybrid,1,0.65,0.35
"치솟는 유가, 인플레 우려 불 질렀다… 글로벌 채권 매도 행진","이란 전쟁의 장기화로 몇 주 안에 석유 재고 고갈이 가시화되면서 금융시장으로의 불안 전이가 빠르게... 시장에서는 미 연방준비제도(Fed·연준)이 기준금리 동결을 넘어, 연말까지 0.25%p 인상에 나설 가능성도 제기됐다....",http://www.fnnews.com/news/202605191811116792,15,0.7824,1,keep,candidate_hybrid_keep_overseas_global_reference,15,0.7824,연준;fed;기준금리,채권,,candidate_hybrid,1,0.65,0.35
"""YES or NO, 당신의 선택을 거래합니다""","금리 인하 가능성, 비트코인 가격, 전쟁 발발 여부, 미국 기준금리, AI 기업 실적, 심지어 특정 연예인의 복귀... 최근 경제 연구들은 칼시의 일부 금리 예측시장이 전문가 전망이나 전통 금융지표보다 높은 정확도를...",https://www.m-joongang.com/news/articleView.html?idxno=402531,5,0.6972,0,drop,candidate_hybrid_drop_corporate_macro_noise,5,0.6972,기준금리,금리;실적,,candidate_hybrid,1,0.65,0.35
[문정현의 글로브] 환장의 콜라보,주식시장에 영향을 미치기 시작했다는 점이다. 이란 전쟁 이후 유가 급등에 연방준비제도(연준·Fed)를 비롯한 글로벌 중앙은행들이 기준금리를 오랜기간 현행 수준에 묶어두거나 심지어 인상할 것이라는 전망에도...,https://news.einfomax.co.kr/news/articleView.html?idxno=4415668,13,0.7545,1,keep,candidate_hybrid_keep_overseas_global_reference,13,0.7545,연준;fed;기준금리,,,candidate_hybrid,1,0.65,0.35
환율 1500원대 '네오노멀'이 온다,"우리 금융시장의 변동성이 너무너무 큰 것 같아요. 어제 보셨습니까? 아침에 매도 사이드카가 났다가 결국에... 만약에 이런 진단이 타당하다면, 연준이 설사 올해 기준금리를 인상하지 않더라도, 기준금리 인상 폭이...",https://www.ytn.co.kr/_ln/0102_202605191341411031,6,0.713,0,drop,candidate_hybrid_drop_model_keep_without_domain_anchor,6,0.713,환율;기준금리,,,candidate_hybrid,1,0.65,0.35
'소방수' 베센트의 침묵 … 글로벌 채권시장 발작 키우나 [마켓펀치],"채권시장 발작 때마다 중재자로 등판해 불을 꺼왔기 때문이다. 앞서 그는 지난해 2월 폭스비즈니스 인터뷰에서 ""행정부의 진짜 타깃은 연준 기준금리가 아닌 실물경제에 직결된 10년물 국채금리 안정""이라며 우려를...",https://biz.newdaily.co.kr/site/data/html/2026/05/19/2026051900094.html,12,0.6577,1,keep,candidate_hybrid_keep_overseas_global_reference,12,0.6577,연준;국채금리;기준금리,,,candidate_hybrid,1,0.65,0.35
[금값 시세] 한 돈에 95만8000원…금 투자 열풍 다시 거세진다,확대되고 원·달러 환율 불안이 이어지면서 실물자산 선호 현상이 강화되고 있어서다. 한국거래소 금시장... 금융시장 충격이 커질 경우 투자자들이 현금 확보를 위해 금을 차익 실현하는 상황이 나타날 수 있어서다....,https://www.pinpointnews.co.kr/news/articleView.html?idxno=453955,4,0.5763,0,drop,candidate_hybrid_gray_drop_score_lt_threshold,4,0.5763,환율,달러,,candidate_hybrid,1,0.65,0.35
"[금값 시세] 골드만삭스 ""중앙은행 금 매입 더 거세진다""",글로벌 금융 시스템 불안이 커질수록 국가 단위 투자자들은 달러나 미국 국채 의존도를 줄이고 실물... 우려와 원·달러 환율 변동성이 커지면서 안전자산 선호 심리가 강해지고 있어서다. 한국거래소 금시장 거래대금...,https://www.pinpointnews.co.kr/news/articleView.html?idxno=453947,8,0.6321,1,keep,candidate_hybrid_keep_overseas_global_reference,8,0.6321,환율;국채,달러;금융,,candidate_hybrid,1,0.65,0.35
"뉴욕증시 3대 지수 하락 마감...美 30년물 국채금리, 2007년 이후 최고-...",장중 5.19%까지 찍으면서 금융시장에서는 투자 전략에 근본적인 변화를 불러오고 있다는 평가가 나오고... 원 달러 환율은 주간 거래에서 한 달 반 만에 최고 수준으로 올라 왔죠. 특히 국내 증시에서 외국인 매도세가...,http://www.wowtv.co.kr/NewsCenter/News/Read?articleId=A202605200165&t=NN,5,0.5837,0,drop,candidate_hybrid_gray_drop_score_lt_threshold,5,0.5837,국채금리,달러,,candidate_hybrid,1,0.65,0.35
원·달러 NDF 0.35원 상승..영국 지표 부진 vs FOMC 의사록 대기,"이투데이=김남현 기자 | 역외환율이 상승했다. 다만, 상승폭은 크지 않았다. 영국 노동지표 부진에... 19일(현지시간) 뉴욕 차액결제선물환(NDF)시장에서 원·달러 1개월물은 1506.5/1506.9원에 최종 호가되며 거래를...",https://www.etoday.co.kr/news/view/2586119,1,0.56,0,drop,candidate_hybrid_drop_generic_market_or_ipo_noise,1,0.56,,달러,,candidate_hybrid,1,0.65,0.35
"[속보]뉴욕증시, 일제 하락 마감…美국채금리 19년만 최고",특히 미국 장기 국채금리가 글로벌 금융위기 이전 수준까지 치솟으며 뉴욕 금융시장을 뒤흔들고 있다.... 낮아지고 원·달러 환율 상승 압력까지 더해질 경우 환차손을 우려한 외국인 자금 이탈 가능성도 커질 수...,https://www.munhwa.com/article/11590054?ref=naver,8,0.5922,1,keep,candidate_hybrid_keep_overseas_global_reference,8,0.5922,환율;국채금리,달러,,candidate_hybrid,1,0.65,0.35
엔화가 아니라 달러를 빌린다? 11월 만기 한·일 통화스와프 속사정,"국내 은행과 기업이 해외에서 달러를 구하기 어려워지고, 원·달러 환율이 급등하며 시장 불안이 커지는... 차원의 금융안전망 구상인 ‘치앙마이 이니셔티브’가 출범했다. 그 흐름 속에서 한국과 일본은 2001년 7월...",https://www.kmib.co.kr/article/view.asp?arcid=0029844628&code=61141111&cp=nv,1,0.5718,0,drop,candidate_hybrid_drop_generic_market_or_ipo_noise,1,0.5718,,달러,,candidate_hybrid,1,0.65,0.35
"원/달러 환율, 1,500원대 재돌파...중동 불안과 외국인 매도 영향","19일 서울 외환시장에서 원/달러 환율은 오후 3시 30분 기준 전날보다 7.5원 오른 1,507.8원에 거래를 마쳤다.... 있어 환율 상승 요인으로 연결된다. 원화 가치가 약해졌다는 뜻이기도 해, 수입 물가나 금융시장 심리에...",https://www.tokenpost.kr/news/economy/361257,13,0.4625,1,keep,candidate_hybrid_keep_strong_domain_rule_anchor,13,0.4625,환율;원/달러;외환시장,달러;원화,,candidate_hybrid,1,0.65,0.35
"금시세닷컴, 금값 팔 때 81만 원",국제 유가 변동성이 확대되고 미국과 중국의 무역 갈등 우려도 다시 거론되면서 금융시장 불안 심리가... 원·달러 환율이 높은 수준을 유지할 경우 국제 금값이 소폭 하락하더라도 국내 금시세는 상대적으로 강세를...,https://www.gametoc.co.kr/news/articleView.html?idxno=108646,1,0.4916,0,drop,candidate_hybrid_gray_drop_score_lt_threshold,1,0.4916,,달러,,candidate_hybrid,1,0.65,0.35
코리아 디스카운트 해소 '최대 성과'…교육·연금 개혁 '기대 이하',"자본시장 정책에 가장 높은 점수를 줬다. 원·달러 환율 고공행진이 지속되고 있지만 성장률 등 전반적인... 금융(3.04점), 규제(2.86점), 공공(2.82점), 노동(2.59점), 연금(2.47점), 교육(1.98점) 순이었다. 노동개혁은 고용...",https://www.hankyung.com/article/2026051970471,5,0.5461,0,drop,candidate_hybrid_gray_drop_score_lt_threshold,5,0.5461,환율,달러;금융,,candidate_hybrid,1,0.65,0.35
1500원대 웃도는 환율… 美금리·고유가 겹치며 韓경제 압박,"110달러 돌파 외국인 증시 매도세 환율 상승 압박 ""수입물가·내수회복 부담 커질수도"" 원·달러 환율이... 19일 금융시장에 따르면 이날 서울 외환시장에서 미국 달러화 대비 원화 환율의 주간 거래 종가(오후 3시30분...",https://www.asiatoday.co.kr/kn/view.php?key=20260520010005501,10,0.6264,1,keep,candidate_hybrid_keep_strong_domain_rule_anchor,10,0.6264,환율;외환시장,금리;달러;원화,,candidate_hybrid,1,0.65,0.35
"신영證 ""달러-원, 연말까지 1,390~1,530원…원화 저평가""","주요 금융변수를 통한 달러-원 환율 적정레벨 추정신영증권 최근 달러-원 환율이 미국과 이란 전쟁 여파로 1... 조용구 신영증권 연구원은 19일 공개한 하반기 경제전망 보고서에서 ""주식시장(시가총액 배율)과 채권시장...",https://news.einfomax.co.kr/news/articleView.html?idxno=4415721,5,0.6001,0,drop,candidate_hybrid_gray_drop_score_lt_threshold,5,0.6001,환율,달러;원화,,candidate_hybrid,1,0.65,0.35
[속보] 원·달러 환율 장중 1508원 돌파…원화 가치 불안 지속,서울 외환시장에 따르면 이날 오후 4시 25분 기준 원·달러 환율은 1508원을 돌파하며 거래됐다. 환율이... 시장에서는 이재명 정부의 확장적 재정 기조와 더불어 이란 사태로 촉발된 중동 지정학 리스크가 국제 금융시장...,https://www.pennmike.com/news/articleView.html?idxno=120672,9,0.5816,1,keep,candidate_hybrid_keep_strong_domain_rule_anchor,9,0.5816,환율;외환시장,달러;원화,,candidate_hybrid,1,0.65,0.35
환율 1507원·코스피 급락…외국인 34조 썰물에 금융시장 흔들,"19일 서울 외환시장에서 원·달러 환율은 전 거래일보다 7.5원 오른 1,507.8원에 주간 거래를 마쳤다. 지난 15일 26거래일 만에 1,500원 선을 돌파한 데 이어 3거래일 연속 1,500원 선을 웃돌았다. 미국·이란 전쟁 여파로...",https://www.hankookilbo.com/news/article/A2026051914260001107?did=NA,10,0.5023,1,keep,candidate_hybrid_keep_strong_domain_rule_anchor,10,0.5023,환율;외환시장,코스피;달러,,candidate_hybrid,1,0.65,0.35
코스피 3% 급락 7200선 내려앉아…외국인 6조 넘게 순매도,"국제 금융시장에서는 뉴욕증시 3대 지수가 변동성 속에 혼조 마감했다. 다우존스30산업평균지수는 0.... 중동 정세 불안정과 함께 국제유가, 물가, 금리 부담이 부각됐고, 원·달러 환율은 전날보다 7.5원 오른...",https://www.jnilbo.com/news/articleView.html?idxno=90000036180,2,0.5421,1,keep,candidate_hybrid_keep_overseas_global_reference,2,0.5421,,금리;코스피;달러,,candidate_hybrid,1,0.65,0.35
반도체 호황에도 안 꺾인다…1500원대 '고환율' 고착화되나,"미국발 강달러 흐름 속에 원·달러 환율이 연일 1500원대를 이어가면서 고환율 장기화 우려가 커지고 있다.... 약해지고, 물가 부담 탓에 통화완화 여력이 줄어 경기·금융시장 전반에 부담이 커질 수 있다""고 우려했다.",https://www.dailian.co.kr/news/view/1646176/?sc=Naver,1,0.4808,0,drop,candidate_hybrid_drop_corporate_macro_noise,1,0.4808,,달러,,candidate_hybrid,1,0.65,0.35
코스피 급등 뒤 찾아온 금리·환율 충격…외인 투매에 개미 '몸빵',"주식시장 밸류에이션 부담을 동반한다""며 ""특히 상승 속도가 빨랐던 코스피는 외국인 자금 이탈 가속화로 연결될 수 있다""고 설명했다. 원·달러 환율 역시 최근 장중 1500원을 재돌파하며 외국인 수급 불안 요인으로...",http://www.newsprime.co.kr/news/article.html?no=733997,7,0.5805,0,drop,candidate_hybrid_gray_drop_generic_anchor_only,7,0.5805,환율,금리;코스피;달러,,candidate_hybrid,1,0.65,0.35
"[초점] '고성장·경상흑자=환율 하락' 옛말···맥 못추는 원화, 왜",19일 금융권에 따르면 이날 서울 외환시장에서 원·달러 환율은 전 거래일 대비 7.5원 오른 1507.8원으로 주간 거래를 마감했다. 환율은 지난 15일 한 달여 만에 1500원선을 돌파한 뒤 3거래일 연속 1500원대에서 주간 거래를...,https://www.seoulfn.com/news/articleView.html?idxno=629166,9,0.5496,1,keep,candidate_hybrid_keep_strong_domain_rule_anchor,9,0.5496,환율;외환시장,달러;원화,,candidate_hybrid,1,0.65,0.35
[오늘의 증시] 외국인 '팔자'에 코스피 7200선 후퇴...환율 다시 1500원 돌...,"원·달러 환율도 다시 1,500원대로 올라서며 한 달 반 만에 최고 수준을 기록했다. 중동 지정학 리스크와 미국 반도체주 약세, 외국인 자금 이탈이 동시에 겹치면서 국내 금융시장 변동성이 확대되는 모습이다....",https://www.polinews.co.kr/news/articleView.html?idxno=731678,10,0.6151,1,keep,candidate_hybrid_keep_strong_domain_rule_anchor,10,0.6151,환율;국내 금융시장,코스피;달러,,candidate_hybrid,1,0.65,0.35
'금리'에 발목 잡힌 금융시장…환율 3거래일째 1500원대 마감(종합),19일 오후 3시30분 서울외환시장에서 달러·원 환율은 7.5원 오른 1507.8원에 주간거래를 마감했다. 장 초반 1490원대에서 거래를 시작했지만 3거래일째 1500원 대를 기록했다. 트럼프 대통령이 이란에 대한 공격을...,https://www.news1.kr/finance/market-exr/6171577,9,0.5796,1,keep,candidate_hybrid_keep_strong_domain_rule_anchor,9,0.5796,환율;외환시장,금리;달러,,candidate_hybrid,1,0.65,0.35
코스피 3% 급락…외국인 6.3조 던졌다,원·달러 환율은 다시 1500원선을 웃돌며 한 달 반 만에 최고 수준으로 치솟았다. 중동 지정학적 리스크와 반도체주 차익실현 매물이 겹치면서 금융시장이 동반 충격을 받는 모습이다. 이날 코스피는 전...,https://www.ezyeconomy.com/news/articleView.html?idxno=235552,2,0.5409,0,drop,candidate_hybrid_gray_drop_score_lt_threshold,2,0.5409,,코스피;달러,,candidate_hybrid,1,0.65,0.35
"외국인 매도 폭탄에…코스피 7200선↓, 환율 1500원대↑(종합)","국내 금융시장도 흔들렸다. 외국인의 매도 폭탄에 코스피 지수는 7300선 아래로 밀렸고, 원·달러 환율은 1500원을 훌쩍 넘어서며 투자심리를 누르고 있다. 금융권에 따르면 이날 코스피는 전일 대비 244.38포인트(3.25...",https://www.newsis.com/view/NISX20260519_0003636128,10,0.5407,1,keep,candidate_hybrid_keep_strong_domain_rule_anchor,10,0.5407,환율;국내 금융시장,코스피;달러,,candidate_hybrid,1,0.65,0.35
원/달러 환율 다시 1500원 돌파…외국인 6조 매도에 원화 약세 압력 커졌...,"서울 외환시장에서 이날 오후 3시30분 기준 원/달러 환율은 전 거래일보다 7.5원 오른 1,507.8원에 거래를... 본 기사에서 제공하는 정보는 일반적인 가상자산 및 금융시장 관련 소식 전달을 목적으로 하며, 투자 권유나...",https://www.cbci.co.kr/news/articleView.html?idxno=575624,17,0.6245,1,keep,candidate_hybrid_keep_strong_domain_rule_anchor,17,0.6245,환율;가상자산;원/달러;외환시장,달러;원화,,candidate_hybrid,1,0.65,0.35
"[환율마감] 원·달러 1510원 육박 한달보름만 최고, 안전선호+외인 코스...","도널드 트럼프 미국 대통령이 이란 공격을 유예하면서 역외환율은 급락했었다. 반면, 글로벌 금융시장... 19일 서울 외환시장에서 원·달러 환율은 전일대비 7.5원(0.5%) 오른 1507.8원에 거래를 마쳤다(오후 3시30분...",https://www.etoday.co.kr/news/view/2586002,5,0.4476,0,drop,candidate_hybrid_gray_drop_score_lt_threshold,5,0.4476,외환시장,달러,,candidate_hybrid,1,0.65,0.35
외인 주식 ‘팔자’에 원·달러 환율 종가 4월 2일 이후 최고 [김혜란의...,19일 서울외환시장에서 원·달러 환율은 전 거래일보다 7.5원 오른 1507.8원에 주간 거래를 마쳤다. 종가... 한편 구윤철 부총리 겸 재정경제부 장관은 18일(현지 시간) 영국 런던에서 글로벌 금융기관 최고경영진과 만나...,https://www.sedaily.com/article/20045873?ref=naver,9,0.5661,1,keep,candidate_hybrid_keep_strong_domain_rule_anchor,9,0.5661,환율;외환시장,주식;달러,,candidate_hybrid,1,0.65,0.35
[이슈] 환율 1500원·국채금리 4% 돌파…'3고(高)' 공포에 금융시장 흔들,환율 역시 금융시장 불안을 키우는 핵심 변수로 떠올랐다. 이날 원·달러 환율은 1500.3원에 마감하며 심리적 저항선을 넘어섰다. 원화 약세는 수입물가 상승을 자극해 국내 물가를 끌어올리는 요인으로 작용한다. 특히...,https://www.polinews.co.kr/news/articleView.html?idxno=731638,9,0.6374,0,drop,candidate_hybrid_gray_drop_generic_anchor_only,9,0.6374,환율;국채금리,달러;원화,,candidate_hybrid,1,0.65,0.35
[셀럽의 한 수] 코스피 하락 출발…7300선에선 등락,- 1500원 넘어간 원·달러 환율…상승세 이어지나 - 외국인 코스피 매도세에 강세 지속 Q. 글로벌 금융시장에 큰 영향을 미치는 미국 장기금리가 일제히 급등하면서 시장 불안감이 커지고 있습니다. 특히 미국 10년물...,https://biz.sbs.co.kr/article_hub/20000311313?division=NAVER,6,0.654,1,keep,candidate_hybrid_keep_overseas_global_reference,6,0.654,환율,코스피;달러,,candidate_hybrid,1,0.65,0.35
[기획] 국제 금가격(금값) 폭락 속 5~6월 국내 금시세 버텨낼 유일한 열...,글로벌 금융시장은 극심한 불확실성과 변동성의 한가운데에 놓여 있다. 그 중심에는 인류의 가장 오래된... 외환시장에는 대규모 달러 매수 수요가 발생한다. 이는 원·달러 환율에 강한 상승(원화 가치 하락) 압력을...,https://www.wikitree.co.kr/articles/1137140,6,0.5021,1,keep,candidate_hybrid_gray_keep_domain_score_ge_threshold,6,0.5021,외환시장,달러;원화,,candidate_hybrid,1,0.65,0.35
원·달러 환율 1500원 돌파… 강달러 흐름에 주요 통화 일제 상승,원·달러 환율이 1500원선을 돌파하며 강달러 흐름이 이어지고 있다. 글로벌 금융시장의 불확실성과 안전자산 선호 심리가 확대되면서 주요 통화 대비 달러 강세가 지속되는 모습이다. 19일 하나은행 고시 기준 원...,https://www.job-post.co.kr/news/articleView.html?idxno=216298,4,0.5701,1,keep,candidate_hybrid_keep_overseas_global_reference,4,0.5701,환율,달러,,candidate_hybrid,1,0.65,0.35
"교보證 ""단기적 환율 상승 압력 크지만 구조적 원화 강세 유효""","연간 달러-원 환율 전망교보증권 최근 달러-원 환율이 단기적 상승 압력을 받고 있지만, 구조적으로는... 위재현 교보증권 선임연구원은 19일 발간한 하반기 금융시장 전망 보고서에서 외국인의 국내 주식 매도세가 최근...",https://news.einfomax.co.kr/news/articleView.html?idxno=4415629,6,0.653,0,drop,candidate_hybrid_drop_model_keep_without_domain_anchor,6,0.653,환율,주식;달러;원화,,candidate_hybrid,1,0.65,0.35
4.6% 넘은 美 국채금리…韓 금융시장도 흔들었다,미국과 일본 등 주요국 국채금리가 일제히 급등하면서 글로벌 금융시장 불안이 고조되는 가운데 19일 국내 금융시장도 크게 흔들리고 있다. 코스피는 장중 한때 7200선 아래로 밀렸고 원·달러 환율도 다시 1500원선을...,https://www.newsis.com/view/NISX20260519_0003635504,9,0.5687,1,keep,candidate_hybrid_keep_strong_domain_rule_anchor,9,0.5687,국채금리;국내 금융시장,달러,,candidate_hybrid,1,0.65,0.35
중동 지정학적 리스크 지속되며 국제유가 상승,당국 경계감에 원달러 환율 하락…원자재 숨고르기 유가 상승에 따른 인플레이션 우려로 미국 10년 만기 국채 금리가 장중 4.659%까지 치솟는 등 금융시장 변동성이 확대됐다. 그러나 국내 외환시장에서 원달러 환율은...,https://www.junggi.co.kr/news/articleView.html?idxno=36478,14,0.6287,1,keep,candidate_hybrid_keep_strong_domain_rule_anchor,14,0.6287,환율;국채;원달러;외환시장,,,candidate_hybrid,1,0.65,0.35
"한은의 섬뜩한 경고 … ""삼성전자 멈추면 성장률 최대 0.5%p 증발""","금융시장 긴장감도 커지고 있다. 반도체는 한국 전체 수출의 약 20%를 차지하는 핵심 산업이다. 생산 차질이 현실화할 경우 원·달러 환율 상승과 증시 변동성 확대, 외국인 자금 이탈 가능성까지 거론된다. 금융권...",https://biz.newdaily.co.kr/site/data/html/2026/05/19/2026051900099.html,4,0.5194,0,drop,candidate_hybrid_drop_generic_market_or_ipo_noise,4,0.5194,환율,달러,,candidate_hybrid,1,0.65,0.35
"""高금리가 달러-원 변수""…채권시장 주목하는 서울환시","19일 서울외환시장에 따르면 전일 달러-원 환율은 장중 1,506.90원까지 오른 뒤 상승분을 모두 반납하고 1,500.... 메리츠증권은 ""흔들리는 채권시장 약세는 글로벌 금융투자에 부담""이라며 ""우리나라의 경우 현재 선도금리...",https://news.einfomax.co.kr/news/articleView.html?idxno=4415604,5,0.4671,0,drop,candidate_hybrid_gray_drop_score_lt_threshold,5,0.4671,외환시장,달러,,candidate_hybrid,1,0.65,0.35
해외주식 양도소득세 종료… 국내 금융시장으로 몰리는 서학개미들,"'서학개미'들이 해외주식을 매도하고 국내 금융 시장으로 접어드는 흐름이 가속화되고 있다. 이런 움직임... 이런 상황 속에서도 원/달러 환율은 일부 반등을 시도하고 있지만, 외국인 투자자의 국내 주식 순매도로...",https://www.gokorea.kr/news/articleView.html?idxno=866885,11,0.4747,1,keep,candidate_hybrid_keep_strong_domain_rule_anchor,11,0.4747,원/달러;국내 금융시장,주식;달러;금융,,candidate_hybrid,1,0.65,0.35
韓 경제 '꿈틀?'…산업활동·소비심리 살아나,"4월 금융시장은 주가 상승, 국고채 금리 상승, 원달러 환율 하락이 이어졌으며, 3월 국내 주택시장은 매매가와 전세가 상승세가 나타났다. 전월대비 주택 매매가가 전월대비 0.23% 전년 동월대비 0.15% 각각 뛰었다. 이...",https://www.koreareport.co.kr/news/articleView.html?idxno=50475,9,0.6238,1,keep,candidate_hybrid_keep_strong_domain_rule_anchor,9,0.6238,환율;원달러,금리;주가,,candidate_hybrid,1,0.65,0.35
"뉴욕증시, 고삐 풀린 국채 금리에 일제히 하락",뉴욕증시 하락에는 최근 급등한 채권 금리가 시장에 악영향을 미쳤습니다. 30년 만기 미 국채 금리는 이날 한때 5.197%까지 오르며 2007년 이후 최고치를 기록했다. 이후 전장보다 0.03%p(포인트) 상승한 5.183%로...,https://biz.sbs.co.kr/article_hub/20000311491?division=NAVER,5,0.6959,0,drop,candidate_hybrid_drop_generic_market_or_ipo_noise,5,0.6959,국채,채권,,candidate_hybrid,1,0.65,0.35
미 국채 30년물 금리 5.20%…2007년 이후 최고(종합),"지난 18일 10년물 일본 국채 수익률은 2.8%까지 올라 약 30년 만의 최고 수준을 보였다. 모닝스타의 수석 상품 매니저 리즈 템플턴은 블룸버그에 ""채권 시장은 금리가 더 오랜 기간 높은 수준에 머무르는 정책을...",https://www.yna.co.kr/view/AKR20260519180251072?input=1195m,6,0.6958,0,drop,candidate_hybrid_drop_generic_market_or_ipo_noise,6,0.6958,국채,금리;채권,,candidate_hybrid,1,0.65,0.35
[美·日 금리 폭주] 외국인 42조 매도 부른 '겹악재'…美 금리·리밸런싱...,여기에 일본 금리 상승까지 겹치며 글로벌 채권시장 변동성도 확대되고 있다. 일본 재무상 발언 이후 미국채 10년물 금리가 4.5%를 넘어선 점도 글로벌 증시 하방 압력을 키운 요인으로 분석된다. 다만 외국인 자금이...,https://www.newspim.com/news/view/20260519001300,1,0.5893,1,keep,candidate_hybrid_keep_overseas_global_reference,1,0.5893,,금리,,candidate_hybrid,1,0.65,0.35
유가·국채금리 동반 상승에 비트코인 부진…7만7000달러 회복 실패,"이날 시장의 핵심 변수는 미국 채권시장이다. 미국 30년물 국채금리는 2007년 7월 이후 가장 높은 수준까지 올랐다. 장기금리 급등은 주식시장에 하방 압력을 키웠고, 금과 은에도 매도세를 불렀다. 금 현물...",https://www.digitaltoday.co.kr/news/articleView.html?idxno=667410,4,0.6801,0,drop,candidate_hybrid_drop_model_keep_without_domain_anchor,4,0.6801,국채금리,,,candidate_hybrid,1,0.65,0.35
[뉴욕증시] 美 국채금리 급등·중동 리스크에 약세…나스닥 0.84%↓,글로벌 채권시장 기준물 역할을 하는 10년 만기 미 국채금리 역시 장중 4.687%까지 치솟으며 올해 1월 이후 최고치를 나타냈다. 종가는 전 거래일보다 8.7bp 상승한 4.667%였다. 시장은 이란 전쟁 장기화 가능성과...,https://www.shinailbo.co.kr/news/articleView.html?idxno=5022572,8,0.6185,1,keep,candidate_hybrid_keep_overseas_global_reference,8,0.6185,국채금리;미 국채금리,,,candidate_hybrid,1,0.65,0.35
美 장기 국채금리 급등에 뉴욕증시 동반 하락…S&P·나스닥 사흘째 약세,글로벌 채권시장의 기준 역할을 하는 10년 만기 미 국채금리도 장중 4.687%까지 상승해 2025년 1월 이후 가장 높은 수준을 새로 썼다. 이후 일부 상승분을 반납했지만 전장보다 8.7bp 오른 4.667%로 거래를 마쳤다....,http://www.joseilbo.com/news/news_read.php?uid=568606&class=53&grp=,8,0.592,1,keep,candidate_hybrid_keep_overseas_global_reference,8,0.592,국채금리;미 국채금리,,,candidate_hybrid,1,0.65,0.35
[굿모닝! 글로벌 뉴욕증시] 이란 리스크보다 무서운 금리…대형 기술주...,미국 동부시간 오후 3시 기준 뉴욕 채권시장에서 10년물 국채금리는 전 거래일 대비 4.50bp 오른 4.668%에 거래됐다. 통화정책에 민감한 2년물 국채금리는 3.50bp 상승한 4.125%를 기록했다. 30년물 국채금리도 3.40bp 오른 5.181...,https://www.newsquest.co.kr/news/articleView.html?idxno=266493,5,0.6327,0,drop,candidate_hybrid_drop_generic_market_or_ipo_noise,5,0.6327,국채금리,금리,,candidate_hybrid,1,0.65,0.35
중동 긴장 고조로 미 국채 판매 늘며 금리 급등,"글로벌 채권시장의 기준 역할을 하는 10년 만기 미 국채 금리도 장중 4.687%까지 올라 2025년 1월 이후 가장 높은 수준을 보였고, 이후 다소 오름폭을 줄였지만 전장보다 8.7베이시스포인트 상승한 4.667%로 거래를 마쳤다....",https://www.tokenpost.kr/news/international/361387,4,0.5795,1,keep,candidate_hybrid_keep_overseas_global_reference,4,0.5795,국채,금리,,candidate_hybrid,1,0.65,0.35
"국채선물, 인플레 우려 속 美 국채 약세에 하락…10년물 46틱↓",20일 서울채권시장에 따르면 3년 국채선물은 야간 거래에서 전일 주간 거래 종가 대비 13틱 내린 103.07에... 10년 국채선물 야간 거래 흐름.출처: 연합인포맥스. 한편 같은 시간 미국 국채 금리는 일제히 오름세를...,https://news.einfomax.co.kr/news/articleView.html?idxno=4415776,3,0.6703,0,drop,candidate_hybrid_drop_generic_market_or_ipo_noise,3,0.6703,국채,,,candidate_hybrid,1,0.65,0.35
美 국채금리 급등에 뉴욕증시 약세…삼성전자 노사 막판 협상[뉴스새벽...,글로벌 채권 투매 지속…호르무즈 봉쇄 우려도 부담 -고유가에 따른 인플레이션 상승과 주요 선진국 재정 악화 우려가 맞물리며 글로벌 채권시장에서는 투매 흐름이 이어지고 있음. 10년 만기 미 국채 금리는 지난...,http://www.edaily.co.kr/news/newspath.asp?newsid=02236966645450888,9,0.5327,1,keep,candidate_hybrid_keep_overseas_global_reference,9,0.5327,국채;국채금리,채권,,candidate_hybrid,1,0.65,0.35
"뉴욕증시, 채권 금리 급등에 하락…유가, 이란전 협상 진전 기대에 하락...",채권 자경단은 인플레이션을 유발할 수 있는 재정·통화정책에 반발해 국채를 대거 매도함으로써 시장 금리를 끌어올리고 정책 당국에 경고를 보내는 기관투자자들을 뜻한다....,https://www.etoday.co.kr/news/view/2586127,2,0.6873,0,drop,candidate_hybrid_drop_generic_market_or_ipo_noise,2,0.6873,,금리;채권,,candidate_hybrid,1,0.65,0.35
[속보] 미증시 약세에도 삼전·SK하닉 프리장 1% 강세출발,채권시장에서는 장기금리 상승세가 두드러졌다. 30년 만기 미국 국채금리는 5.198%를 기록하며 19년 만에 최고 수준까지 올랐다. 10년 만기 미 국채금리는 6bp(1bp=0.01%포인트) 상승한 4.687%로 2025년 1월 이후 최고치를...,https://biz.newdaily.co.kr/site/data/html/2026/05/20/2026052000026.html,8,0.6158,1,keep,candidate_hybrid_keep_overseas_global_reference,8,0.6158,국채금리;미 국채금리,,,candidate_hybrid,1,0.65,0.35
"뉴욕증시, 美 국채금리 급등...일제히 하락",최근 급등한 채권 금리가 시장에 악영향을 보였다. 미 국채 금리는 이날 한때 5.197%까지 오르며 2007년 이후 최고치를 기록했다. 글로벌 채권의 벤치마크인 10년 만기 미 국채 금리 역시 장중 4.687%까지 오르며...,http://www.issuenbiz.com/news/articleView.html?idxno=76752,10,0.7553,0,drop,candidate_hybrid_drop_generic_market_or_ipo_noise,10,0.7553,국채;국채금리,금리;채권,,candidate_hybrid,1,0.65,0.35
美 30년물 금리 19년 만에 최고…반도체 조정 지속 [글로벌마켓 A/S],미국과 이란의 중동 분쟁으로 인한 유가 상승과 이로 인한 인플레이션 재발 우려에 미 장기 국채금리가 19년 만에 최고치를 기록했다. 채권 시장의 매도가 확산하면서 반도체를 중심으로 상승세를 보이던 미 뉴욕...,http://www.wowtv.co.kr/NewsCenter/News/Read?articleId=A202605200219&t=NN,7,0.6314,0,drop,candidate_hybrid_gray_drop_generic_anchor_only,7,0.6314,국채금리,금리;채권,,candidate_hybrid,1,0.65,0.35
[데일리 머니마켓] 미국 30년물 금리 2007년 이후 치고치,"10년물과 30년물 미국 국채금리가 각각 2025년 1월 이후, 2007년 이후 각각 최고 수준으로 뛰었다. 반면... ◆채권시장 미국 국채시장은 장기물 중심으로 매도세가 이어졌다. 배런스(Barron’s)는 “미국 30년물...",https://www.bigtanews.co.kr/article/view/big202605200001,5,0.6735,0,drop,candidate_hybrid_drop_model_keep_without_domain_anchor,5,0.6735,국채금리,금리,,candidate_hybrid,1,0.65,0.35
"뉴욕증시, 국채금리 급등ㆍ차익실현에 하락…나스닥 0.8%↓[종합]",채권 자경단은 인플레이션을 유발할 수 있는 재정·통화정책에 반발해 국채를 대거 매도함으로써 시장 금리를 끌어올리고 정책 당국에 경고를 보내는 기관투자자들을 뜻한다....,https://www.etoday.co.kr/news/view/2586118,6,0.6621,0,drop,candidate_hybrid_drop_generic_market_or_ipo_noise,6,0.6621,국채금리,채권,,candidate_hybrid,1,0.65,0.35
인플레 공포에 눈뜬 '채권 자경단'... 나스닥 3거래일 연속 하락,채권 금리 급등이 주식 시장을 강타했다. 30년 만기 미국 국채 금리는 장중 5.197%까지 치솟았다. 이는 2007년 이후 최고치다. 장 마감 시점에는 전장보다 5.5bp 상승한 5.178%를 나타냈다. 10년 만기 국채 금리 역시...,https://www.m-i.kr/news/articleView.html?idxno=1374451,7,0.7816,0,drop,candidate_hybrid_drop_generic_market_or_ipo_noise,7,0.7816,국채,금리;주식;채권,,candidate_hybrid,1,0.65,0.35
"뉴욕증시, 국채금리 5% 돌파에 동반 하락···전쟁·고유가에 긴장 고조",연방준비제도의 금리 인상 가능성이 맞물리며 위험자산 투자 심리를 위축시켰다. 글로벌 채권시장에서... 글로벌 채권의 벤치마크인 10년 만기 미국채 금리도 상승 흐름을 지속했다. 장중 4.687%까지 오르며 2025년1월...,https://www.smartbizn.com/news/articleView.html?idxno=144300,9,0.6144,1,keep,candidate_hybrid_keep_overseas_global_reference,9,0.6144,국채금리;미국채 금리,금리,,candidate_hybrid,1,0.65,0.35
치솟는 美국채금리에 발목 잡힌 뉴욕증시…기술주 조정에 3대 지수 동반...,"외신들은 최근 고조된 중동 지역의 지정학적 긴장으로 인해 국제유가가 고공행진을 이어가자, 채권시장 참여자들이 인플레이션 재가속화 가능성에 무게를 두고 국채를 대거 매도(채권금리 상승)한 결과라고...",https://www.ziksir.com/news/articleView.html?idxno=134400,4,0.5204,1,keep,candidate_hybrid_keep_overseas_global_reference,4,0.5204,국채금리,,,candidate_hybrid,1,0.65,0.35
"“美 국채금리 18년 만 최고”…뉴욕증시 동반 급락, 나스닥 0.84%↓",글로벌 채권시장의 벤치마크인 10년 만기 미 국채 금리도 장중 4.687%까지 상승하며 2025년 1월 이후 최고치를 경신했다. 이후 상승 폭을 일부 반납했지만 전장 대비 8.7bp 오른 4.667%에 거래를 마쳤다. 시장에서는...,https://www.etnews.com/20260520000025,7,0.5754,1,keep,candidate_hybrid_keep_overseas_global_reference,7,0.5754,국채;국채금리,,,candidate_hybrid,1,0.65,0.35
美 국채금리 19년만 최고…증시는 3일 연속 하락,"이란 전쟁 장기화로 인한 에너지 가격 불안과 인플레이션 우려가 국채 매도세를 키우면서 금리를 끌어올린 것으로 분석됩니다. 마이크 무시오 / FBB 캐피털 파트너스 대표 ""장기 채권시장이 인플레이션에 대해 어떤...",https://news.tvchosun.com/site/data/html_dir/2026/05/20/2026052090027.html,7,0.6801,0,drop,candidate_hybrid_drop_generic_market_or_ipo_noise,7,0.6801,국채;국채금리,,,candidate_hybrid,1,0.65,0.35
"뉴욕증시, 국채금리 급등에 하락…나스닥 0.8%↓[상보]",채권 자경단은 인플레이션을 유발할 수 있는 재정·통화정책에 반발해 국채를 대거 매도함으로써 시장 금리를 끌어올리고 정책 당국에 경고를 보내는 기관투자자들을 뜻한다....,https://www.etoday.co.kr/news/view/2586113,6,0.6579,0,drop,candidate_hybrid_drop_generic_market_or_ipo_noise,6,0.6579,국채금리,채권,,candidate_hybrid,1,0.65,0.35
뉴욕증시 금리 충격에 흔들…엔비디아·테슬라 약세,"시장은 이제 ""AI 랠리가 다시 살아날 수 있는가"", ""국채금리 충격이 어디까지 이어질 것인가""에 시선을... 실제로 CME 페드워치 기준 연말까지 금리 인상 가능성은 빠르게 높아지고 있다. 시장에서는 ""채권 자경단이...",https://www.topstarnews.net/news/articleView.html?idxno=16065896,7,0.6888,0,drop,candidate_hybrid_drop_low_value_overseas_market_noise,7,0.6888,국채금리,금리;채권,,candidate_hybrid,1,0.65,0.35
"뉴욕 증시, '30년물 금리 5.2% 돌파'에 일제 하락","미-이란 간 군사적 긴장에 따른 에너지 물가 자극과 더불어 영국 10년물 국채 금리가 재정 불안 여파로 5.1%까지 치솟은 점이 글로벌 채권 시장에 악재로 작용했다. 여기에 하이퍼스케일러 기업들의 4,550억 달러 규모...",https://www.globale.co.kr/news/articleView.html?idxno=38356,7,0.7107,1,keep,candidate_hybrid_keep_overseas_global_reference,7,0.7107,국채,금리;채권;달러,,candidate_hybrid,1,0.65,0.35
"[뉴욕채권] 국채가↓…30년물 금리, 전쟁 장기화 속 금융위기 전으로",연합인포맥스의 해외금리 일중 화면(화면번호 6532)에 따르면 19일(미국 동부시간) 오후 3시 현재 뉴욕 채권시장에서 10년물 국채금리는 전 거래일 오후 3시 기준가 대비 4.50bp 상승한 4.6680%에 거래됐다. 통화정책에...,https://news.einfomax.co.kr/news/articleView.html?idxno=4415768,5,0.6091,0,drop,candidate_hybrid_gray_drop_score_lt_threshold,5,0.6091,국채금리,금리,,candidate_hybrid,1,0.65,0.35
"'글로벌 국채 투매' 심화, 美주가 하락 마감",글로벌 채권시장에서 투매가 지속되며 주가가 하락하는 등 세계경제에 먹구름이 짙어지고 있다. 30년 만기 미국채 금리(유통수익률)는 19일(현지시간) 한때 5.197%까지 올랐다. 30년물 미국채 금리가 5.18%를 넘어선...,https://www.viewsnnews.com/article?q=235907,9,0.5374,1,keep,candidate_hybrid_keep_overseas_global_reference,9,0.5374,국채;미국채 금리,금리;주가,,candidate_hybrid,1,0.65,0.35
美국채금리 급등에 뉴욕증시 일제히 하락 마감,최근 급등한 채권 금리가 시장에 악영향을 미쳤다. 30년 만기 미 국채 금리는 이날 한때 5.197%까지 오르며 2007년 이후 최고치를 기록했다. 장 마감 시점에는 전장보다 5.5bp(1bp=0.01%포인트) 상승한 5.178%를...,https://biz.chosun.com/international/international_general/2026/05/20/QGSUV4SN35CXHDD2XTUJIT34XU/?utm_source=naver&utm_medium=original&utm_campaign=biz,9,0.7231,0,drop,candidate_hybrid_drop_low_value_overseas_market_noise,9,0.7231,국채;국채금리,채권,,candidate_hybrid,1,0.65,0.35
"美 장기 금리, 금융 위기 이후 최고 … 중동 리스크에 뉴욕증시 약세",시장 충격의 중심에는 미국 국채 금리 급등이 있었다. 글로벌 채권시장의 벤치마크인 미국 30년 만기 국채금리는 이날 장중 5.19% 선까지 올라 2007년 7월 이후 최고치를 기록했다. 10년물 금리 역시 4.66%대로 뛰며...,https://www.newdaily.co.kr/site/data/html/2026/05/20/2026052000017.html,9,0.7897,1,keep,candidate_hybrid_keep_overseas_global_reference,9,0.7897,국채;국채금리,금리;금융,,candidate_hybrid,1,0.65,0.35
"뉴욕증시, 미 국채금리 급등에 일제히 하락…다우 0.65%·나스닥 0.84%↓",장기물인 30년 만기 국채금리 역시 장중 5.198%까지 상승해 글로벌 금융위기 직전인 2007년 이후 19년 만에 가장 높은 수준을 기록했다. 채권시장 변동성이 커지자 연준의 긴축 재개 관측도 힘을 얻고 있다....,https://www.news2day.co.kr/article/20260520500017,8,0.5925,1,keep,candidate_hybrid_keep_overseas_global_reference,8,0.5925,국채금리;미 국채금리,,,candidate_hybrid,1,0.65,0.35
미국 주식·국채시장 동반 충격,이날 미국 증시는 채권 시장의 변동성과 장기 국채금리 급등의 영향을 받았다. 30년 만기 미국 국채 수익률은 5.198%로 19년 만에 최고치를 기록했다. 10년 만기 미국 국채 금리는 6bp 상승한 4.687%로 2025년 1월 이후...,https://www.jnilbo.com/news/articleView.html?idxno=90000036207,10,0.7402,0,drop,candidate_hybrid_drop_generic_market_or_ipo_noise,10,0.7402,국채;국채금리,주식;채권,,candidate_hybrid,1,0.65,0.35
"“1억 넣었는데, 지금 팔아야 할까요?”…코스피 짓누르는 악재는? [잇슈...","5월 18일 기준 미국 10년물 국채 금리는 4.61%까지 올라, 15개월 만에 최고치를 기록했습니다. 금리가 오르면 글로벌 자금이 한국과 같은 신흥시장을 떠나 미국 채권으로 이동합니다. 외국인이 파는 이유이기도 합니다. 두...",https://news.kbs.co.kr/news/pc/view/view.do?ncd=8565417&ref=A,5,0.5895,0,drop,candidate_hybrid_drop_generic_market_or_ipo_noise,5,0.5895,국채,코스피,,candidate_hybrid,1,0.65,0.35
"[뉴욕증시] 채권의 역습, 과열 시그널? 투심 급랭···반도체주 '선방'","블룸버그통신에 따르면 시타델은 보고서에서 ""미국채 금리 상승이 주식 시장에 경쟁을 불러 일으키기 시작했다""면서 ""증시의 펀더멘털은 여전히 탄탄하지만, 거품 조짐이 나타나고 있고, 이 때문에 채권 수익률이...",https://www.seoulfn.com/news/articleView.html?idxno=629207,8,0.6231,1,keep,candidate_hybrid_keep_overseas_global_reference,8,0.6231,미국채 금리,금리;주식;채권,,candidate_hybrid,1,0.65,0.35
뉴욕증시 하락 마감…30년물 국채금리 19년만 최고치 ‘충격’,"글로벌 채권의 기준물인 10년 만기 국채금리도 4.687%까지 뛰며 2025년 1월 이후 최고치를 찍은 뒤 4.667%에... 신호를 시장이 보내는 것일 수 있다""고 진단했다. 일각에서는 오는 22일 취임하는 케빈 워시 신임 연준...",https://www.bntnews.co.kr/article/view/bnt202605200013,9,0.7477,1,keep,candidate_hybrid_keep_overseas_global_reference,9,0.7477,연준;국채금리,,,candidate_hybrid,1,0.65,0.35
트럼프가 찍은 연준 의장 워시 취임 앞두고 금리 인상 경고등,"도널드 트럼프 미국 대통령이 금리 인하를 염두에 두고 차기 연방준비제도(Fed·연준) 수장으로 낙점한 케빈... 미국 국채 시장이 지속적인 인플레이션을 시사해 왔으며 이번 주가 결정적인 계기가 됐다""며 ""일부 채권...",https://www.g-enews.com/view.php?ud=202605200628461652e250e8e188_1,17,0.9268,1,keep,candidate_hybrid_keep_overseas_global_reference,17,0.9268,연준;fed;국채,금리;주가;채권,,candidate_hybrid,1,0.65,0.35
인플레 공포가 밀어 올렸다…글로벌 국채 '투매' 어쩌나,"우려도 시장 부담을 키웠다. 국제유가는 이날 4거래일 만에 소폭 하락했지만, 여전히 배럴당 110달러 안팎의 높은 수준을 유지하고 있다. ●미국채 30년 금리, 2007년 이후 최고 이날 급등한 채권 금리가 증시 하락을...",http://www.wowtv.co.kr/NewsCenter/News/Read?articleId=A202605200155&t=NN,6,0.6828,1,keep,candidate_hybrid_keep_overseas_global_reference,6,0.6828,국채,금리;채권,,candidate_hybrid,1,0.65,0.35
美 국채 5% 공포…글로벌 채권시장 다시 '흔들',글로벌 채권시장이 인플레이션 재점화 우려에 흔들리며 미국 국채 금리가 다시 금융시장의 최대 변수로 떠올랐다. 19일(현지시간) 블룸버그 통신에 따르면 미국 10년물 국채 수익률은 한때 연 4.69%까지 올랐다. 2025년 초...,https://www.ebn.co.kr/news/articleView.html?idxno=1709427,3,0.7471,1,keep,candidate_hybrid_keep_overseas_global_reference,3,0.7471,국채,,,candidate_hybrid,1,0.65,0.35
채권 자경단 귀환에 뉴욕증시 흔들…S&P500 3일째 하락[월스트리트in],시장의 시선이 다시 채권시장으로 향하면서다. 치솟는 국채금리…“연준 다음 행보는 인상일 수도” 미국 장기 국채금리는 계속 꼬리를 들고 있다. 30년 만기 국채금리는 장중 5.198%까지 치솟으며 2007년 이후 최고치를...,http://www.edaily.co.kr/news/newspath.asp?newsid=01994246645450888,11,0.7379,1,keep,candidate_hybrid_keep_overseas_global_reference,11,0.7379,연준;국채금리,채권,,candidate_hybrid,1,0.65,0.35
"채권금리 급등에 기술주 급락…뉴욕증시, 3대 지수 동반 하락",글로벌 채권시장의 기준으로 여겨지는 10년 만기 미 국채금리도 장중 4.687%까지 뛰며 2025년 1월 이후 최고치를 경신했다. 이후 상승 폭을 일부 줄였지만 전장보다 8.7bp 오른 4.667%에 거래를 마쳤다. 금리선물 시장도...,https://www.ebn.co.kr/news/articleView.html?idxno=1709426,8,0.4869,1,keep,candidate_hybrid_keep_overseas_global_reference,8,0.4869,국채금리;미 국채금리,,,candidate_hybrid,1,0.65,0.35
채권의 역습…물가 우려에 밀린 증시[뉴욕마감],뉴욕증시 주요지수가 19일(현지시간) 국채금리 급등과 인플레이션 우려 속에 일제히 하락했다. 시장에서... 채권금리 상승세가 투자심리를 위축시키고 있다는 분석이다. 미국 30년 만기 국채금리는 이날 장중 5.198...,https://www.mt.co.kr/world/2026/05/20/2026052006193538124,4,0.6776,0,drop,candidate_hybrid_drop_generic_market_or_ipo_noise,4,0.6776,국채금리,,,candidate_hybrid,1,0.65,0.35
금리 인하 꿈 깨졌다…인플레 공포에 금값 장중 2.2% 폭락,지속적인 인플레이션 우려로 세계 중앙은행들이 고금리 기조를 장기화하거나 추가 금리 인상에 나설 수... 글로벌 채권 시장의 매도세를 부추겼다. 이날 미국 30년 만기 국채 수익률이 2007년 글로벌 금융위기 직전...,https://www.g-enews.com/view.php?ud=20260520060012872e250e8e188_1,6,0.6901,0,drop,candidate_hybrid_drop_generic_market_or_ipo_noise,6,0.6901,국채,금리;채권,,candidate_hybrid,1,0.65,0.35
"美국채 30년물 금리, 금융위기 이후 최고...증시는 중동 불안에 하락 [데...",통화정책에 민감한 단기물 2년 만기 미국 국채 금리도 장중 0.049%포인트 올라 4.139%를 기록했다. 채권 시장에 충격을 준 것은 이란 정세에 대한 불안이다. 도널드 트럼프 대통령은 이날도 워싱턴DC 백악관에서...,https://www.sedaily.com/article/20046081?ref=naver,6,0.6889,0,drop,candidate_hybrid_drop_generic_market_or_ipo_noise,6,0.6889,국채,금리;채권,,candidate_hybrid,1,0.65,0.35
[뉴욕증시]미국채 금리 급등에 일제히 하락 마감,"이날 증시는 채권 시장의 변동성에 영향을 받았다. 30년 만기 미국채 수익률은 5.198%를 기록하며 19년 만에... 주택담보대출, 자동차 대출, 신용카드 부채와 관련해 중요한 지표인 10년 만기 미국채 금리도 6bp(1bp=0.01...",https://view.asiae.co.kr/article/2026052005420300054,8,0.6323,1,keep,candidate_hybrid_keep_overseas_global_reference,8,0.6323,미국채 금리,금리;대출;채권,,candidate_hybrid,1,0.65,0.35
[美증시] 국채금리 급등에 3대 지수 또 조정...메모리반도체·에너지주...,"이날 증시는 미국 30년 만기 국채금리가 5.198%로 19년만에 최고치로 올라서면서 강한 하락 압력을 받았다. 프라임 캐피털 파이낸셜의 최고투자책임자(CIO)인 윌 맥고프는 CNBC에 ""채권 시장이 연준의 인플레이션...",https://www.mediapen.com/news/view/1099890,6,0.6095,0,drop,candidate_hybrid_drop_generic_market_or_ipo_noise,6,0.6095,국채금리,채권,,candidate_hybrid,1,0.65,0.35
[뉴욕증시] 국채금리 폭등에 3대 지수 일제히 하락,주범은 채권 시장의 변동성이었다. 미 경제방송 CNBC에 따르면 30년 만기 미국 국채 수익률은 5.198%를... 점이 금리를 밀어 올렸다. 시장에서는 신용카드 및 모기지 금리 인상이 소비 지출을 위축시키고 장기적인 경제...,https://www.g-enews.com/view.php?ud=20260520052601106e250e8e188_1,10,0.7091,0,drop,candidate_hybrid_drop_generic_market_or_ipo_noise,10,0.7091,국채;국채금리,금리;채권,,candidate_hybrid,1,0.65,0.35
G7 긴급 의제로 떠오른 ‘채권시장 쇼크’…한은 “한국은 시스템 리스...,미국과 유럽 주요국에서는 재정적자 확대와 정부부채 부담 누적으로 초장기 국채 금리가 수십 년 만에 최고 수준까지 치솟고 있다. 다만 한은은 국내 채권시장이 미국이나 일본 등과는 구조적으로 다른 환경에 놓여...,https://www.sedaily.com/article/20045906?ref=naver,12,0.6788,1,keep,candidate_hybrid_keep_strong_domain_rule_anchor,12,0.6788,한은;국채;국내 채권시장,,,candidate_hybrid,1,0.65,0.35
S&P500 3거래일 연속 하락…미 국채금리 급등에 기술주 부담[뉴욕 is],S&P500지수는 3거래일 연속 하락했다.◆30년물 금리 5.198%…2007년 이후 최고이날 시장의 부담은 채권금리 상승이었다. 미국 30년물 국채금리는 장중 5.198%까지 올라 2007년 이후 약 19년 만에 최고치를 기록했다....,https://news.mtn.co.kr/news-detail/2026052005282033298,9,0.6992,1,keep,candidate_hybrid_keep_overseas_global_reference,9,0.6992,국채금리;미 국채금리,금리,,candidate_hybrid,1,0.65,0.35
[뉴욕증시] 美 국채금리 급등…3대 지수 일제히 내림세,"687% 치솟은 미국 국채 금리가 하락장을 이끌었다. 30년 만기물은 이날 한때 5.197%까지, 10년 만기물은 장중 4.687%까지 오르며 각각 2007년 이후, 2025년 1월 이후 최고치를 갈아치우기도 했다. 시장에선 채권 자경단...",http://www.hansbiz.co.kr/news/articleView.html?idxno=839767,9,0.6983,0,drop,candidate_hybrid_drop_generic_market_or_ipo_noise,9,0.6983,국채;국채금리,채권,,candidate_hybrid,1,0.65,0.35
"유럽증시, 미국의 이란 재공격 연기 등 영향 혼조세⋯독일 0.38% 상승, 영...",국제 채권시장은 최근 며칠간의 급격한 매도세 이후 다소 안정을 되찾는 모습이었다. 다만 유럽에서는 독일 10년물 국채 금리가 15년 만의 최고 수준 부근에 머물렀다. 온라인 투자 플랫폼 캐피털닷컴의 선임 시장...,http://www.econonews.co.kr/news/articleView.html?idxno=438602,3,0.682,0,drop,candidate_hybrid_drop_generic_market_or_ipo_noise,3,0.682,국채,,,candidate_hybrid,1,0.65,0.35
미국 국채의 역습…잘나가던 뉴욕증시 3대 지수 일제히 주저앉았다,"이날 증시를 끌어내린 결정적 도화선은 미 국채 금리의 급격한 상승세였다. 채권 금리가 오르면 주식시장의 미래 수익 가치가 할인될 뿐만 아니라, 위험자산인 주식 대신 안전자산인 채권으로 자금이 이탈하는...",https://www.pinpointnews.co.kr/news/articleView.html?idxno=453911,6,0.6165,0,drop,candidate_hybrid_drop_generic_market_or_ipo_noise,6,0.6165,국채,주식;채권,,candidate_hybrid,1,0.65,0.35
[속보]S&P500 3거래일 연속 하락…30년물 금리 2007년 이후 최고,‘채권 자경단’은 정부나 중앙은행이 인플레이션에 지나치게 관대하다고 판단할 경우 국채를 대거 매도해 시장금리를 끌어올리는 기관투자가들을 의미한다. 맥고프 CIO는 오는 23일 취임하는 케빈 워시 신임 연준...,http://www.edaily.co.kr/news/newspath.asp?newsid=01718726645450888,8,0.8026,1,keep,candidate_hybrid_keep_overseas_global_reference,8,0.8026,연준,금리;채권,,candidate_hybrid,1,0.65,0.35
"""채권 자경단 돌아왔다""…나스닥 0.8%↓, 3거래일 연속 하락[뉴욕마감]",채권 자경단은 정부의 인플레이션 정책이나 재정 확대에 반발해 국채를 대거 매도함으로써 시장 금리를 끌어올리고 정책 당국에 경고를 보내는 기관투자자들을 뜻한다. 반도체주는 엔비디아 실적 발표를 앞두고...,https://www.news1.kr/world/usa-canada/6171995,2,0.6194,0,drop,candidate_hybrid_drop_low_value_overseas_market_noise,2,0.6194,,실적;채권,,candidate_hybrid,1,0.65,0.35
"미 30년물 국채 금리 19년 만에 최고…""추가 상승 가능""",뉴욕채권시장에서 미국 동부 시간 오후 3시 37분 30년 만기 미 국채 금리는 전장보다 3bp(1bp=0.01%포인트(%p)) 상승한 5.177%를 기록했다. 장중 30년물은 5.197%까지 오르며 19년간 최고치를 가리켰다. 글로벌 벤치마크...,https://www.newspim.com/news/view/20260520000025,4,0.7256,0,drop,candidate_hybrid_drop_generic_market_or_ipo_noise,4,0.7256,국채,금리,,candidate_hybrid,1,0.65,0.35
미 30년물 국채금리 5.19% 돌파…2007년 이후 최고,염현석 특파원= 미국 30년물 국채금리가 5.19%를 넘어서며 2007년 이후 최고치를 기록했다.19일(현지시간)... 경계감이 채권시장에 반영됐기 때문이다. 장기금리 상승은 증시에도 부담으로 작용했다. 높은 차입비용은...,https://news.mtn.co.kr/news-detail/2026052004035414739,4,0.6686,0,drop,candidate_hybrid_drop_model_keep_without_domain_anchor,4,0.6686,국채금리,,,candidate_hybrid,1,0.65,0.35
"원유수입국, 美국채 팔아 '환율 방어'",미 국채금리 상승에 영향을 미쳤다고 분석했다. 한편 G7(주요 7개국) 재무장관은 18~19일 프랑스 파리에 모여 이란전쟁으로 인한 경제적 여파와 글로벌 채권시장의 변동성을 논의한다. 가타야마 사쓰키 일본 재무장관은...,https://www.mt.co.kr/world/2026/05/20/2026051919473593637,14,0.6208,1,keep,candidate_hybrid_keep_overseas_global_reference,14,0.6208,환율;국채;국채금리;미 국채금리,,,candidate_hybrid,1,0.65,0.35
"미국 장기 국채 금리 19년 만에 최고치, 글로벌 채권시장 흔들림 주목","글로벌 채권시장에서 매도세가 이어지면서 미국 장기 국채 금리가 19년 만의 최고 수준까지 치솟았다. 국제 유가 급등으로 물가가 다시 불안해진 데다, 미국과 일본, 영국 같은 주요 선진국의 재정 부담이 커지고 있다는...",https://www.tokenpost.kr/news/economy/361334,4,0.7188,1,keep,candidate_hybrid_keep_overseas_global_reference,4,0.7188,국채,금리,,candidate_hybrid,1,0.65,0.35
"美 30년물 국채금리, 인플레이션 우려에 2007년 이후 최고치",19일(현지시간) 뉴욕채권시장에서 미국 30년물 국채금리는 전 거래일 대비 최대 7bp 상승한 5.19%까지 올랐다. 이는 2007년 글로벌 금융위기 직전 이후 가장 높은 수준이다. 이날 유럽 시장에서도 국채 매도세가 나타났다....,https://www.bloter.net/news/articleView.html?idxno=662920,7,0.6572,0,drop,candidate_hybrid_drop_generic_market_or_ipo_noise,7,0.6572,국채;국채금리,,,candidate_hybrid,1,0.65,0.35
"유럽증시, 트럼프의 '이란 전쟁' 발언에 주목하며 혼조세 마감… 獨 유...",국제 채권시장은 최근 며칠간의 급격한 매도세 이후 다소 안정을 되찾는 모습이었다. 다만 유럽에서는 독일 10년물 국채 금리가 15년 만의 최고 수준 부근에 머물렀다. 온라인 투자 플랫폼 캐피털닷컴의 선임 시장...,https://www.newspim.com/news/view/20260520000022,3,0.6823,0,drop,candidate_hybrid_drop_generic_market_or_ipo_noise,3,0.6823,국채,,,candidate_hybrid,1,0.65,0.35
"美 30년물 국채금리, 약 20년래 최고치 경신…인플레 우려에 '투매'",미국 30년물 국채금리 일중 추이[출처 : 연합인포맥스] 연합인포맥스의 해외금리 일중 화면(화면번호 6532)에 따르면 19일(미국 동부시간) 오전 9시 31분 현재 뉴욕 채권시장에서 10년물 국채금리는 직전 거래일 오후...,https://news.einfomax.co.kr/news/articleView.html?idxno=4415749,4,0.7159,0,drop,candidate_hybrid_drop_model_keep_without_domain_anchor,4,0.7159,국채금리,,,candidate_hybrid,1,0.65,0.35
5월 19일 모닝 뉴스 헤드라인,채권 시장은 급락을 거듭하면서 양 시장의 극심한 괴리를 경고하는 목소리가 커지고 있습니다. 반면 국채... 미 국채 10년물 금리가 1년여 만에 최고 수준으로 치솟았습니다. 한일 정상이 이란전쟁 등 불안한 국제정세 속에...,https://www.radiokorea.com/news/article.php?uid=495668,5,0.7136,0,drop,candidate_hybrid_drop_generic_market_or_ipo_noise,5,0.7136,국채,채권,,candidate_hybrid,1,0.65,0.35
글로벌 국채투매에 미국채 30년 금리 5.18%…2007년 이후 최고,"채권시장에서 투매 현상이 지속되고 있습니다. 전자거래 플랫폼 트레이드웹에 따르면 30년 만기 미국채... 글로벌 채권 금리 동반 상승을 초래한 기본적인 배경이 됐습니다. 영국, 일본, 미국 등 주요 선진국의...",https://news.kbs.co.kr/news/pc/view/view.do?ncd=8565328&ref=A,2,0.6111,0,drop,candidate_hybrid_gray_drop_score_lt_threshold,2,0.6111,,금리;채권,,candidate_hybrid,1,0.65,0.35
미-이란 협상 불확실성 속 글로벌 증시 혼조…미국 증시·유가 하락,"여기에 채권시장의 변동성까지 겹치면서 30년 만기 미국 국채 금리는 19일 한때 5.198%까지 오르며, 거의 19년 만에 가장 높은 수준을 기록했습니다.주택담보대출과 자동차 대출, 신용카드 금리의 주요 기준이 되는 10년...",https://www.voakorea.com/a/global-markets-are-mixed-oil-prices-fluctuate-as-investors-show-cautious-optimism-over-us-iran-negotiations-051926/8151654.html,4,0.6562,0,drop,candidate_hybrid_drop_corporate_macro_noise,4,0.6562,국채,대출,,candidate_hybrid,1,0.65,0.35
美 30년물 국채금리 5.18% 돌파…금융위기 이전 이후 최고,19일(현지시간) 뉴욕채권시장에서 미국 30년 만기 국채금리는 이날 장중 5.189%까지 오르며 2007년 7월 이후 약 19년 만에 최고치를 기록했다. 전 거래일 대비 4bp(1bp=0.01%포인트) 상승한 수준이다. 10년 만기 미 국채금리도 6bp...,http://www.edaily.co.kr/news/newspath.asp?newsid=01105366645450888,8,0.7378,1,keep,candidate_hybrid_keep_overseas_global_reference,8,0.7378,국채금리;미 국채금리,,,candidate_hybrid,1,0.65,0.35
이란 전쟁에 미 국채 30년 금리 5.18%...19년 만에 최고,"채권 시장에서 투매 현상이 지속되고 있습니다. 전자 거래 플랫폼 트레이드 웹에서 30년 만기 미 국채... 글로벌 채권 금리 동반 상승을 초래한 배경이 됐습니다. 영국, 일본, 미국 등 주요 선진국의 국가 부채 부담이 큰...",https://www.ytn.co.kr/_ln/0104_202605200010147947,6,0.6809,0,drop,candidate_hybrid_drop_generic_market_or_ipo_noise,6,0.6809,국채,금리;채권,,candidate_hybrid,1,0.65,0.35
美 30년물 국채금리 5.18% 돌파… 19년 만에 최고,글로벌 채권시장의 벤치마크로 꼽히는 10년물 미국채 수익률은 지난 15일 강한 심리적 저항선으로... 이 같은 흐름이 글로벌 채권금리 동반 상승의 배경으로 작용했다. 주요 선진국의 재정 건전성 우려도 금리 상승을...,https://biz.chosun.com/international/international_economy/2026/05/19/LZG5EDJD3JFATI22EM27GLL554/?utm_source=naver&utm_medium=original&utm_campaign=biz,11,0.5994,1,keep,candidate_hybrid_keep_overseas_global_reference,11,0.5994,국채금리;글로벌 채권금리,금리;건전성,,candidate_hybrid,1,0.65,0.35
인플레 우려로 채권 수익률 급등하자 나스닥 1.3%↓,채권 시장이 강세장에 새로운 변수를 더했다. 30년 만기 미국채 수익률이 이 날 5.18%를 기록하며... 신용카드 금리나 주택담보대출 금리가 오르면 미국내 소비 지출이 위축된다. 또 장기적인 경제 성장을 둔화시키고...,https://www.hankyung.com/article/202605197400i,2,0.5962,0,drop,candidate_hybrid_gray_drop_score_lt_threshold,2,0.5962,,채권,,candidate_hybrid,1,0.65,0.35
[자정 뉴스브리핑] 미 백악관 관계자는 전략적 비트코인 비축과 관련해...,상승이 채권시장 변동성 확대와 함께 나타날 경우 미국 증시가 지난 3월 말 저점 이후 첫 뚜렷한 조정을 받을 수 있다고 밝혔다. 앞서 모건스탠리는 10년물 미국 국채금리 4.5%를 주식 밸류에이션에 더 큰 부담을 줄 수...,https://www.tokenpost.kr/news/briefing/361274,5,0.6596,1,keep,candidate_hybrid_model_keep_prob_ge_threshold_with_domain_anchor,5,0.6596,국채금리,주식,,candidate_hybrid,1,0.65,0.35
美 30년물 국채 금리 5.18%까지 치솟아…2007년 이후 19년來 최고치,이란 전쟁 여파와 주요 선진국 재정악화 우려로 인플레이션 불안감이 높아지는 가운데 미국 최장기 국채 금리가 약 20년 만에 최고 수준으로 치솟았다. 글로벌 채권시장에서 투매 현상이 지속되면서 심리적 저항선인 5...,https://www.sedaily.com/article/20046062?ref=naver,4,0.7409,1,keep,candidate_hybrid_keep_overseas_global_reference,4,0.7409,국채,금리,,candidate_hybrid,1,0.65,0.35
[뉴욕증시]미국채 금리 주시하며 혼조 출발 후 하락 중,채권 시장이 증시에 부담을 주는 모습이다. 30년 만기 미국채 수익률은 5.18%를 돌파하며 거의 19년 만에... 미국채의 금리 상승세는 지난주 인플레이션 지표 발표 후 나타났다. 이란 전쟁으로 유가가 상승하면서...,https://view.asiae.co.kr/article/2026051923193920657,7,0.6672,1,keep,candidate_hybrid_keep_overseas_global_reference,7,0.6672,미국채 금리,금리;채권,,candidate_hybrid,1,0.65,0.35
美 30년물 국채 금리 5.18%…19년 만에 최고치,연방준비제도의 금리 정책에 민감한 2년 만기 국채 수익률은 1bp 오른 4.10%를 기록했다. 채권의 수익률과... 제프리스의 수석 경제학자인 모히트 쿠마르는 ”전 세계 채권 시장이 에너지 비용 급등에 따른 높은...,https://www.hankyung.com/article/202605197395i,6,0.7088,0,drop,candidate_hybrid_drop_generic_market_or_ipo_noise,6,0.7088,국채,금리;채권,,candidate_hybrid,1,0.65,0.35
뉴욕증시 이란 긴장·AI 조정에 엔비디아 흔들,미국 10년물 국채금리는 4.6%대에서 높은 수준을 이어가고 있다. 시장은 새 연준 체제 아래 금리 인하 속도가 늦어질 가능성을 경계하는 분위기다. 찰스 슈왑은 최근 채권시장이 새 연준 의장의 정책 방향을 시험하고...,https://www.topstarnews.net/news/articleView.html?idxno=16065540,10,0.7598,1,keep,candidate_hybrid_keep_overseas_global_reference,10,0.7598,연준;국채금리,금리,,candidate_hybrid,1,0.65,0.35
‘한달 만에 16% 털썩’ 바이오주 믿었다가 후회 가득…앞으로도 문제 ...,"18일(현지시간) 뉴욕 채권시장에서 미국 10년물 국채금리는 4.623%, 30년물 국채금리는 5.147%에 마감했다. 미국 30년물 국채금리의 5% 돌파는 위험자산 회피 심리를 자극하는 심리적 마지노선으로 여겨진다. 업종 내부...",https://biz.heraldcorp.com/article/10740663?ref=naver,4,0.6004,0,drop,candidate_hybrid_gray_drop_score_lt_threshold,4,0.6004,국채금리,,,candidate_hybrid,1,0.65,0.35
"뉴욕증시 프리뷰, 유가·국채금리 부담에 미 주가 선물 하락...엔비디아...","미국 국채금리 흐름을 동시에 주시하고 있다. 시장에서는 높은 유가와 장기금리 상승이 미국 소비 둔화와... 점에서 시장 피로감이 커지고 있다""고 설명했다. 채권시장 역시 증시에 부담을 주고 있다. 미국 10년물...",https://www.newspim.com/news/view/20260519001380,5,0.6771,0,drop,candidate_hybrid_drop_low_value_overseas_market_noise,5,0.6771,국채금리,주가,,candidate_hybrid,1,0.65,0.35
"美 국채금리 숨 고르기…""30년물 6% 간다"" 전망도",다만 국제유가 급등과 인플레이션 재가속 우려가 이어지면서 글로벌 채권시장의 긴장감은 여전히 높은... 반면 30년물 금리가 4% 수준으로 내려갈 것이라고 본 응답자는 20%에 불과했다. 유럽 국채시장 역시 불안한...,https://www.newspim.com/news/view/20260519001358,4,0.6453,1,keep,candidate_hybrid_keep_overseas_global_reference,4,0.6453,국채금리,,,candidate_hybrid,1,0.65,0.35
'단기 카드론' 중독된 미국…유탄 맞은 코스피 [B급기자의 B급리포트],"● 10조달러 '돌려막기' 후폭풍 미국채 금리가 내려가지 않는 또 다른 이유는 시장에 풀리는 채권의 양이 많기 때문이다. 미국의 지출에서 의무 지출과 순이자 비용, 국방비 비중은 77%다. 국방비 지출 비중은 현재 13%로...",http://www.wowtv.co.kr/NewsCenter/News/Read?articleId=A202605190482&t=NN,11,0.577,1,keep,candidate_hybrid_keep_strong_domain_rule_anchor,11,0.577,카드론;미국채 금리,코스피,,candidate_hybrid,1,0.65,0.35
채권 '경고등' 켜졌는데 증시는 최고치 행진...'증시 조정 불가피' 경고,미국 증시가 사상 최고치 행진을 이어가는 사이 채권시장은 급락세를 보이면서 양 시장 간 괴리를... 미 국채 10년물 금리가 1년여 만에 최고 수준으로 치솟았다. 시장에서는 차입 비용 상승이 고평가 논란이 있는 AI...,https://www.betanews.net/article/view/beta202605190116,5,0.6772,0,drop,candidate_hybrid_drop_generic_market_or_ipo_noise,5,0.6772,국채,채권,,candidate_hybrid,1,0.65,0.35
미 증시 ‘사상 최고’ 행진 속 채권은 ‘뚝’…시장 괴리 확대 ‘먹구...,"이에 따라 미 국채 10년물 금리는 1년여 만에 최고 수준으로 올라섰다. FT는 주식 시장이 AI 중심의 성장 기대와 유동성에 기반한 낙관론에 기대고 있는 반면, 채권 시장은 에너지 가격 상승과 금리 부담이 실물경제에 미칠...",https://www.dt.co.kr/article/12063362?ref=naver,7,0.7025,0,drop,candidate_hybrid_drop_generic_market_or_ipo_noise,7,0.7025,국채,금리;주식;채권,,candidate_hybrid,1,0.65,0.35
[채권-마감] 종전 기대에 불 플래트닝…30년 금리 '홀로' 상승,채권시장에 따르면 국고채 3년물 최종호가 수익률은 전장 대비 0.6bp 하락한 3.751%였다. 10년물은 2.9bp 내려 4.210%를 나타냈다. 30년물 금리는 0.8bp 상승한 4.204%였다. 3년 국채선물은 4틱 상승한 103.20을 나타냈다....,https://news.einfomax.co.kr/news/articleView.html?idxno=4415733,2,0.6796,1,keep,candidate_hybrid_model_keep_prob_ge_threshold_with_domain_anchor,2,0.6796,,금리;채권,,candidate_hybrid,1,0.65,0.35
국채 금리발 쇼크…사흘 만에 775p 추락,"최근 코스피 하락 흐름은 외국인들의 순매도 때문인데, 대규모 차익 실현에 나선 이유도 있지만, 최근 급등하는 미국 국채 금리도 영향을 주고 있다는 분석이 나옵니다. 채권시장에서는 이란의 호르무즈 해협...",https://biz.sbs.co.kr/article_hub/20000311410?division=NAVER,5,0.6332,0,drop,candidate_hybrid_drop_generic_market_or_ipo_noise,5,0.6332,국채,코스피,,candidate_hybrid,1,0.65,0.35
올들어 100조 던진 외국인...왜?,사진=연합뉴스 매일일보 = 김현태 기자  |  국내증시 활황에도 외국인투자자가 올해 들어 코스피 시장에서... 주요국 국채금리가 높아진 점도 국내증시 투자 매력을 떨어뜨리고 있다. 글로벌 채권금리의 벤치마크인 미국...,https://www.m-i.kr/news/articleView.html?idxno=1374344,10,0.5057,1,keep,candidate_hybrid_keep_overseas_global_reference,10,0.5057,국채금리;글로벌 채권금리,코스피,,candidate_hybrid,1,0.65,0.35
외국인 9일째 던졌다…삼성전자·하이닉스 밀리며 코스피 급락,미국 10년 만기 국채 금리는 4.59% 수준을 유지했다. 고금리 장기화 우려가 이어지면서 글로벌 자금이 상대적으로 안전한 미국 채권시장으로 이동하는 흐름도 외국인 매도를 자극하는 요인으로 거론된다. 이경민...,https://www.topstarnews.net/news/articleView.html?idxno=16065236,5,0.5298,0,drop,candidate_hybrid_drop_generic_market_or_ipo_noise,5,0.5298,국채,코스피,,candidate_hybrid,1,0.65,0.35
'이란 공격' 유보에 치솟던 국채금리 멈췄다…3년물 연 3.751%,이날 서울 채권시장에서 3년 만기 국고채 금리는 전 거래일보다 0.6bp(1bp=0.01%포인트) 내린 연 3.751%에 장을 마쳤습니다. 10년물 금리는 연 4.210%로 2.9bp 하락했습니다. 5년물과 2년물은 각각 1.8bp 하락...,https://biz.sbs.co.kr/article_hub/20000311396?division=NAVER,4,0.7326,1,keep,candidate_hybrid_model_keep_prob_ge_threshold_with_domain_anchor,4,0.7326,국채금리,,,candidate_hybrid,1,0.65,0.35
"미국 국채 급락에 ""증시 조정"" 경고음",미 국채 10년물 금리가 1년여 만에 최고 수준으로 치솟았습니다. 이에 일부 대형 펀드매니저들은 차입 비용 상승이 AI 주식의 고평가 논란에 불을 붙일 경우 증시가 채권 시장의 악재를 언제까지 외면할 수 있을지 의문을...,https://news.sbs.co.kr/news/endPage.do?news_id=N1008569534&plink=ORI&cooper=NAVER,5,0.6814,0,drop,candidate_hybrid_drop_generic_market_or_ipo_noise,5,0.6814,국채,채권,,candidate_hybrid,1,0.65,0.35
나라빚에 금리까지 뛴다…日·英 흔들려도 미국은 버티는 이유,"그는 국채 금리가 급등하는 시점은 대체로 한 나라의 세금·지출 정책이 크게 바뀌거나 경제 전망이 나빠질 때라고 설명했다. 미국이 채권시장의 거센 압박을 받으려면 나라빚 우려에 더해, 미국 경제가 앞으로도 빚을...",https://www.newsis.com/view/NISX20260519_0003636229,3,0.648,0,drop,candidate_hybrid_drop_generic_market_or_ipo_noise,3,0.648,국채,,,candidate_hybrid,1,0.65,0.35
환호하는 증시와 흔들리는 채권 시장...두 시장 괴리에 경고음,"미 국채 10년물 금리가 1년여 만에 최고 수준으로 치솟았습니다. 이에 일부 대형 펀드매니저들은 차입 비용 상승이 AI 주식의 고평가 논란에 불을 붙일 경우, 증시가 채권 시장의 악재를 언제까지 외면할 수 있을지 의문을...",https://www.ytn.co.kr/_ln/0104_202605191634223509,5,0.6833,0,drop,candidate_hybrid_drop_generic_market_or_ipo_noise,5,0.6833,국채,채권,,candidate_hybrid,1,0.65,0.35
"美 국채 급락에 '경고음'…""증시 조정 불가피""",미국 증시가 랠리를 이어가는 가운데 국채 금리 급등으로 채권 시장이 급락하면서 양 시장의 괴리를 경고하는 목소리가 나온다. 18일(현지시간) 파이낸셜타임스(FT)에 따르면 S&P 500 지수는 4월 초 중동전쟁의 일시적 휴전...,http://www.wowtv.co.kr/NewsCenter/News/Read?articleId=A202605190469&t=NN,6,0.717,0,drop,candidate_hybrid_drop_generic_market_or_ipo_noise,6,0.717,국채,금리;채권,,candidate_hybrid,1,0.65,0.35
"뱅가드, 장기 금리 상승에도 채권 보유 전략 고수","뱅가드 그룹은 미국 10년 만기 국채 금리가 자사가 보던 예상 범위의 상단에 가까워졌다고 판단하면서도... 최근 미국을 비롯한 주요국 채권시장은 금리 상승 압력이 거세졌지만, 뱅가드는 지금 수준의 장기 금리가...",https://www.tokenpost.kr/news/economy/361175,6,0.7393,0,drop,candidate_hybrid_drop_generic_market_or_ipo_noise,6,0.7393,국채,금리;채권,,candidate_hybrid,1,0.65,0.35
"유가급등에 환율방어 안간힘…원유 수입국, 美 국채 팔아치웠다",미국 장기 금리의 지표인 10년물 국채 금리는 2월 말 3.9% 안팎에서 3월 말에는 4.3%까지 치솟았다. 한편 G7 재무장관들은 18~19일 프랑스 파리에 모여 이란 전쟁으로 인한 경제적 여파와 글로벌 채권 시장의 변동성에 대해...,https://www.mt.co.kr/world/2026/05/20/2026051911110626862,5,0.7136,0,drop,candidate_hybrid_drop_generic_market_or_ipo_noise,5,0.7136,국채,채권,,candidate_hybrid,1,0.65,0.35
"美 증시 최고치 행진 뒤 채권시장 급락…""조정 불가피"" 경고","미국 증시가 사상 최고치 흐름을 이어가는 사이 채권시장은 급락세를 보이면서 양 시장 간 괴리를 우려하는 목소리가 커지고 있다. 고유가와 인플레이션 가능성에 국채금리가 치솟는 가운데, 인공지능(AI)·반도체 중심의...",https://www.hankyung.com/article/2026051967367,4,0.5533,0,drop,candidate_hybrid_drop_generic_market_or_ipo_noise,4,0.5533,국채금리,,,candidate_hybrid,1,0.65,0.35
국채 금리 급등에도 증시는 파티…월가 “주식 조정 위험”,시장 참여자들은 인플레이션 우려로 타격을 받은 채권 시장과 주식 시장 사이의 괴리가 더욱 확대되고 있다고 지적하고 있다. 18일(현지시간) 글로벌 벤치마크 역할을 하는 미 10년 만기 국채 금리는 전날과 비슷한 4.591...,http://www.edaily.co.kr/news/newspath.asp?newsid=04159046645450560,7,0.7009,0,drop,candidate_hybrid_drop_generic_market_or_ipo_noise,7,0.7009,국채,금리;주식;채권,,candidate_hybrid,1,0.65,0.35
[저녁 뉴스브리핑] 미국 비트코인 현물 ETF 하루 6.49억달러 순유출 外,"윌리스는 에너지 비용 상승으로 시장이 인플레이션이 더 오래 높은 수준에 머물 것으로 예상하고 있으며, 이에 따라 주요 선진국 채권금리가 상승세를 보이고 있다고 설명했다. 그는 유럽중앙은행이 6월 회의에서...",https://www.tokenpost.kr/news/briefing/361169,0,0.6047,0,drop,candidate_hybrid_gray_drop_score_lt_threshold,0,0.6047,,,,candidate_hybrid,1,0.65,0.35
"미 국채금리 5% 돌파에 국내 증시 긴장…""유동성 위축 우려""","◆마이클 윌슨 ""3월 이후 첫 의미 있는 조정 가능"" 블룸버그통신에 따르면 모건스탠리의 마이크 윌슨 전략가가 이끄는 분석팀은 최근 보고서에서 ""채권시장 변동성이 확대되고 장기 국채금리가 계속 상승할 경우 3월 말...",https://www.ebn.co.kr/news/articleView.html?idxno=1709348,11,0.6366,1,keep,candidate_hybrid_keep_overseas_korean_market_impact,11,0.6366,유동성;국채금리;미 국채금리,,,candidate_hybrid,1,0.65,0.35
"""美 증시 조정 불가피…국채 급락 등 곳곳 신호""",미 국채 10년물 금리가 1년여 만에 최고 수준으로 치솟았습니다. 이에 일부 대형 펀드매니저들은 차입 비용 상승이 AI 주식의 고평가 논란에 불을 붙일 경우 증시가 채권 시장의 악재를 언제까지 외면할 수 있을지 의문을...,https://biz.sbs.co.kr/article_hub/20000311370?division=NAVER,5,0.6745,0,drop,candidate_hybrid_drop_generic_market_or_ipo_noise,5,0.6745,국채,채권,,candidate_hybrid,1,0.65,0.35
"美 국채 급락에 ""증시 조정"" 경고음",미 국채 10년물 금리가 1년여 만에 최고 수준으로 치솟았다. 이에 일부 대형 펀드매니저들은 차입 비용 상승이 AI 주식의 고평가 논란에 불을 붙일 경우 증시가 채권 시장의 악재를 언제까지 외면할 수 있을지 의문을...,https://www.yna.co.kr/view/AKR20260519124700009?input=1195m,5,0.6637,0,drop,candidate_hybrid_drop_generic_market_or_ipo_noise,5,0.6637,국채,채권,,candidate_hybrid,1,0.65,0.35
'4중 악재'에 치솟은 글로벌 금리…韓 증시 브레이크 걸리나,최근 글로벌 채권 시장에서 주요국 국채 금리가 도미노 상승세를 보이고 있다. 18일(현지시간) 미국 10년물 국채 금리는 4.63%로 뛰어오르며 지난해 2월 이후 최고치를 기록했고 30년물은 심리적 저항선 5%를 돌파한 5.13...,http://www.the-biz.co.kr/news/articleView.html?idxno=720979,6,0.7092,0,drop,candidate_hybrid_drop_generic_market_or_ipo_noise,6,0.7092,국채,금리;채권,,candidate_hybrid,1,0.65,0.35
"채권 '경고등' 켜졌는데 증시는 파티 중…월가 ""조정 온다"" 경고","고물가 우려로 국채 금리가 치솟는 가운데, 사상 최고치를 경신 중인 뉴욕증시와 채권시장 간 괴리가 커지면서 주요 기관투자자들 사이에서는 증시 조정 가능성에 대한 경고가 나오고 있다. 19일(현지 시간)...",https://www.newsis.com/view/NISX20260519_0003635769,5,0.6488,0,drop,candidate_hybrid_drop_generic_market_or_ipo_noise,5,0.6488,국채,채권,,candidate_hybrid,1,0.65,0.35
"""워시는 소수파…美연준 7월 금리 '깜짝' 인상 유력""","채권 시장은 그의 비둘기파적 태도에 부정적으로 반응하고 있다""고 말했ㅅㅂ니다. 그러면서 야데니는 연준 정책 결정자들이 인플레이션 압력에 기민하게 대응하고 있다고 워시가 신호를 보내지 못할 경우 국채 금리...",https://biz.sbs.co.kr/article_hub/20000311348?division=NAVER,11,0.7799,0,drop,candidate_hybrid_drop_generic_market_or_ipo_noise,11,0.7799,연준;국채,금리;채권,,candidate_hybrid,1,0.65,0.35
"이란전 불똥, 주담대·차 할부까지 번졌다…G7 금리 22년 만에 최고","스콧 베선트 재무장관은 지난해 뉴욕 연방준비은행 연설에서 국채 차입비용이 낮아지면 기업 대출비용, 주택담보대출 금리, 자동차 할부금도 낮아져 미국인의 부담 완화로 이어진다고 강조했다. 그러나 지금 시장...",https://www.newsis.com/view/NISX20260519_0003635908,4,0.7561,0,drop,candidate_hybrid_drop_corporate_macro_noise,4,0.7561,국채,금리,,candidate_hybrid,1,0.65,0.35
"[이슈딜] ""코스피 지지선 6900~7100…조정 때마다 모아가라""",이후 채권금리가 시장을 압박하면서 변동성이 커졌다”면서도 “1~2주 정도 조정 이후에는 다시 위쪽으로 방향성을 잡아갈 가능성이 높다”고 밝혔다. 이 부장은 임계점이라고 볼 수 있는 미국 10년물 국채금리가 4.6...,https://news.dealsitetv.com/articles/170654,6,0.6133,0,drop,candidate_hybrid_gray_drop_no_domain_anchor,6,0.6133,국채금리,코스피,,candidate_hybrid,1,0.65,0.35
"리서치센터장들 ""2분기 삼전·하닉 기반 상장사 실적 개선 지속""","조 센터장은 ""미국 10년물 국채 금리가 심리적인 마지노선 4.5%를 넘어섰다. 시장 변동성 확대가 채권 시장에서 비롯됐다""며 ""이번 미중 정상회담에서도 호르무즈 해협 재개방 관련된 가시적인 실마리가 나오지 않았다....",https://www.newsis.com/view/NISX20260519_0003635734,6,0.6383,0,drop,candidate_hybrid_drop_generic_market_or_ipo_noise,6,0.6383,국채,실적;채권,,candidate_hybrid,1,0.65,0.35
채권금리 치솟자 증시 조정 가능성↑···'중기채 액티브 ETF'에 모이는...,"국내외 국채 금리가 물가 급등세(인플레이션) 때문에 고공 상승함에 따라 주식 시장의 조정이 예상되는... 컸다""며 ""이는 채권금리 급등세가 주식시장으로의 머니무브보다 (물가·수요 동반 상승, 성장세 양극화, 채권형...",https://www.sisajournal-e.com/news/articleView.html?idxno=421172,4,0.67,0,drop,candidate_hybrid_drop_generic_market_or_ipo_noise,4,0.67,국채,주식,,candidate_hybrid,1,0.65,0.35
"코스피지수 하락율, 유독 큰 이유는..반도체 업황 '피크 아웃' 우려로는...",최근 채권 시장은 유가 상승과 인플레이션 가속화 신호로 고금리 장기화 우려가 커지며 강한 매도 압력을 받고 있다. 10년물 미 국채 금리는 3개월 전 중동전쟁 발발 이후 4% 아래에서 빠르게 상승해 18일 장중 4.63%를...,http://www.beyondpost.co.kr/view.php?ud=2026051913574765052aaae0046f_30,5,0.5929,0,drop,candidate_hybrid_drop_generic_market_or_ipo_noise,5,0.5929,국채,채권,,candidate_hybrid,1,0.65,0.35
"뱅가드 ""美국채 장기보유 유지…금리동결 예상""",최근 채권 시장은 유가 상승과 인플레이션 가속화 신호로 고금리 장기화 우려가 커지며 강한 매도 압력을 받고 있습니다. 10년물 미 국채 금리는 3개월 전 중동전쟁 발발 이후 4% 아래에서 빠르게 상승해 18일 장중 4.63%를...,https://biz.sbs.co.kr/article_hub/20000311323?division=NAVER,5,0.6404,0,drop,candidate_hybrid_drop_generic_market_or_ipo_noise,5,0.6404,국채,채권,,candidate_hybrid,1,0.65,0.35
모건스탠리 “미 증시 조정 위험 급증…10년물 4.5% 돌파”,상승이 채권시장 변동성 확대와 함께 나타날 경우 미국 증시가 지난 3월 말 저점 이후 첫 뚜렷한 조정을 받을 수 있다고 밝혔다. 앞서 모건스탠리는 10년물 미국 국채금리 4.5%를 주식 밸류에이션에 더 큰 부담을 줄 수...,https://www.tokenpost.kr/news/breaking/361124,5,0.6964,0,drop,candidate_hybrid_drop_generic_market_or_ipo_noise,5,0.6964,국채금리,주식,,candidate_hybrid,1,0.65,0.35
국고채 금리 혼조세…방향 탐색하며 커브 플랫,"호주 국채 2년물 금리는 5bp 넘게 하락했다. 증권사의 한 채권 딜러는 ""주요국 채권시장이 강세를 보였음에도 국내 채권시장은 생각만큼 따라가지 못 하고 있다""면서 ""차주 한국은행 금융통화위원회 정례회의 전까지...",https://news.einfomax.co.kr/news/articleView.html?idxno=4415663,15,0.7428,1,keep,candidate_hybrid_keep_strong_domain_rule_anchor,15,0.7428,한국은행;국채;국내 채권시장,금리;채권,,candidate_hybrid,1,0.65,0.35
‘인플레 충격’ 채권금리 급등,특히 우리나라 국채금리는 다른 나라보다 더 빠른 속도로 치솟고 있다. 시장전문가들은 글로벌 채권시장이 인플레이션 충격과 재정 악화 위험을 본격적으로 반영하고 있다고 분석했다. 19일 금융투자업계에...,https://www.naeil.com/news/read/589174?ref=naver,4,0.5058,1,keep,candidate_hybrid_keep_overseas_global_reference,4,0.5058,국채금리,,,candidate_hybrid,1,0.65,0.35
"美 소형주·소비재·주택주, 금리 급등 직격탄 맞을 가능성","것이라는 채권시장의 메시지가 이제 주식시장에도 제대로 전달되고 있다""고 진단했다. 시장에서는 국채금리 급등이 장기화될 경우 증시 주도권이 기술·성장주 중심에서 현금흐름이 안정적인 종목군으로 이동할 수...",https://www.newspim.com/news/view/20260519000724,5,0.6323,0,drop,candidate_hybrid_drop_generic_market_or_ipo_noise,5,0.6323,국채금리,금리,,candidate_hybrid,1,0.65,0.35
규제 호재에도 꺾인 비트코인…시장은 법보다 금리를 봤다,"그러나 단기적으로는 30년물 국채금리가 5%대에 머무는 한 비트코인의 상승 탄력은 제한될 가능성이 크다. 정리하면 이렇다. CLARITY는 길을 열었지만, 채권시장은 브레이크를 밟았다. 비트코인이 다시 강하게 반등하려면...",https://www.tokenpost.kr/news/insights/361099,4,0.6232,0,drop,candidate_hybrid_gray_drop_score_lt_threshold,4,0.6232,국채금리,,,candidate_hybrid,1,0.65,0.35
"보증채부터 P-CBO까지…지속되는 한국물 발행, 중동 긴장은 여전",국제유가 고공행진 속 예상보다 높은 미국의 인플레이션 결과에 중동 사태를 둘러싼 불안감이 다시 고조되면서 글로벌 채권시장의 변동성이 고조된 여파다. 이에 최근 미국 국채금리는 연고점을 재차 경신하기도...,https://news.einfomax.co.kr/news/articleView.html?idxno=4415646,4,0.6797,1,keep,candidate_hybrid_keep_overseas_global_reference,4,0.6797,국채금리,,,candidate_hybrid,1,0.65,0.35
치솟는 국채금리…정부도 이자 상환 부담 커졌다,"또 하나 최근 들어 시장을 긴장하게 만드는 게 천장을 뚫고 있는 채권 금리입니다. 우리나라의 금리 상승 속도가 해외보다는 완만한 편이라곤 하지만, 국채를 발행하는 정부의 부담은 이미 과거에 비해 크게 늘었습니다....",https://biz.sbs.co.kr/article_hub/20000311280?division=NAVER,7,0.6742,0,drop,candidate_hybrid_drop_corporate_macro_noise,7,0.6742,국채금리,금리;채권,,candidate_hybrid,1,0.65,0.35
“외국인 주식 발빼는 이유 이거였나”…미국 10년물 금리 15개월래 최고,이란전쟁·유가 급등에 인플레 우려 美·日·유럽 장기금리 동반 상승 ECB 총재 “채권시장 변동성 걱정” 미국 국채금리가 글로벌 채권시장 불안 속에 급등세를 이어가고 있다. 중동 전쟁 장기화와 국제유가 상승이...,https://www.mk.co.kr/article/12051922,10,0.6667,1,keep,candidate_hybrid_keep_overseas_global_reference,10,0.6667,ecb;국채금리,금리;주식,,candidate_hybrid,1,0.65,0.35
"뱅가드 ""美국채 10년물 예상고점 근접…롱듀레이션 유지""",최근 채권 시장은 유가 상승과 인플레이션 가속화 신호로 고금리 장기화 우려가 커지며 강한 매도 압력을 받고 있다. 10년물 미 국채 금리는 3개월 전 중동전쟁 발발 이후 4% 아래에서 빠르게 상승해 18일 장중 4.63%를...,https://www.yna.co.kr/view/AKR20260519076100009?input=1195m,5,0.6427,0,drop,candidate_hybrid_drop_generic_market_or_ipo_noise,5,0.6427,국채,채권,,candidate_hybrid,1,0.65,0.35
"월가 ""채권시장, 연준에 강력한 매파 신호 주문""",채권시장이 연방준비제도(Fed·연준)에 인플레이션 위험과 관련해 진지하고 조속한 대응을 요구하고 있다고 월가 전문가들이 진단했다. 자료 : 연합뉴스 19일 연합인포맥스에 따르면 미국 10년물 국채 금리는 간밤 4.6%에...,https://news.einfomax.co.kr/news/articleView.html?idxno=4415634,13,0.8028,1,keep,candidate_hybrid_keep_overseas_global_reference,13,0.8028,연준;fed;국채,,,candidate_hybrid,1,0.65,0.35
[글로벌차트] 어김없이 뛴 美 장기채 프리미엄…8개월來 최고,글로벌 채권시장의 기준 역할을 하는 미국 국채 10년물의 기간 프리미엄(term premium)이 8개월여 만의... 긴 채권을 보유하는 대가로 투자자들이 요구하는 추가 수익률을 뜻한다. 장기국채 금리가 뛸 때면 기간...,https://news.einfomax.co.kr/news/articleView.html?idxno=4415632,3,0.6679,1,keep,candidate_hybrid_keep_overseas_global_reference,3,0.6679,국채,,,candidate_hybrid,1,0.65,0.35
월드 뉴스 브리프 (기준일시: 2026년 05월 19일 화요일 10:00),세계 주요국 채권금리 상승…고금리 장기화 우려 확대 세계 주요 국가들의 국채금리가 상승하면서 글로벌 금융시장 긴장감도 다시 높아지고 있습니다. 최근 시장에서는 인플레이션 압력이 예상보다 오래 지속될 수 있다는...,http://www.ifs.or.kr/bbs/board.php?bo_table=globalnewsfocus&wr_id=346,4,0.5878,0,drop,candidate_hybrid_gray_drop_score_lt_threshold,4,0.5878,국채금리,,,candidate_hybrid,1,0.65,0.35
국채선물 보합 출발…트럼프 발언 경계속 약세 제한,간밤 미 국채 2년 금리는 2.70bp 하락한 4.0480%에 거래됐다. 10년 금리는 0.70bp 내린 4.5880%였다. 간밤 미국과 이란 사이 경계심이 완화되면서 채권시장도 강세 압력을 받았다. 트럼프 대통령은 소셜미디어 트루스소셜에...,https://news.einfomax.co.kr/news/articleView.html?idxno=4415628,3,0.6432,0,drop,candidate_hybrid_drop_generic_market_or_ipo_noise,3,0.6432,국채,,,candidate_hybrid,1,0.65,0.35
고유가·인플레 우려 커진다…美·日·獨 국채 금리 ↑,중동 사태발 에너지 충격이 장기 인플레이션 우려로 번지면서 글로벌 채권시장 매도세가 이어지고 있다. 18일(현지 시간) 파이낸셜타임스(FT) 등에 따르면 일본 30년물 국채 금리는 이날 0.08% 상승한 4.09%를 기록했다....,https://www.widedaily.com/news/articleView.html?idxno=294259,4,0.7069,1,keep,candidate_hybrid_keep_overseas_global_reference,4,0.7069,국채,금리,,candidate_hybrid,1,0.65,0.35
"바이오, 금리급등·실적부진 ‘겹악재’","18일(현지시간) 뉴욕 채권시장에서 미국 10년물 국채금리는 4.623%, 30년물 국채금리는 5.147%에 마감했다. 미국 30년물 국채금리의 5% 돌파는 위험자산 회피 심리를 자극하는 심리적 마지노선으로 여겨진다. 업종 내부...",https://biz.heraldcorp.com/article/10740767?ref=naver,4,0.6416,0,drop,candidate_hybrid_gray_drop_score_lt_threshold,4,0.6416,국채금리,,,candidate_hybrid,1,0.65,0.35
"트럼프 ""이란 공격 보류""에 이란서 새 종전안 전달…안도하는 시장(종합...",미 국채 30년물 금리는 5.131%를 기록했다. 채권시장에서 금리와 가격은 반대로 움직인다. 채권 매도세가 강해지면서 가격이 낮아졌다는 의미다. 이 같은 안정세가 앞으로 이어질 수 있을지는 의문이다. 고물가 장기화가...,https://view.asiae.co.kr/article/2026051910223983274,5,0.6256,0,drop,candidate_hybrid_drop_generic_market_or_ipo_noise,5,0.6256,국채,채권,,candidate_hybrid,1,0.65,0.35
"트럼프 ""이란 공격 보류""에 유가 진정…亞 증시는 혼조세",국제유가가 하락하면서 최근 급락했던 글로벌 채권시장도 다소 안정을 되찾는 모습이다. 중동 긴장이... 유가 하락은 최근 급등했던 글로벌 국채금리 상승세를 일부 진정시키는 역할을 했다. 미국 10년물 국채금리는 장...,https://www.news1.kr/world/international-economy/6171090,4,0.6338,1,keep,candidate_hybrid_keep_overseas_global_reference,4,0.6338,국채금리,,,candidate_hybrid,1,0.65,0.35
중동發 유가 경고음에 다카이치 “추경 편성하겠다”…日 국채금리 급등,“추가 국채 발행에 시장이 훨씬 강하게 반응할 위험도 있다”고 말했다. 그는 이란 전쟁 이후 글로벌 채권시장 환경이 크게 변했다며 “미국 장기금리 상승세까지 이어지는 상황에서 더욱 어려운 환경”이라고 진단했다....,https://biz.heraldcorp.com/article/10740745?ref=naver,7,0.6796,1,keep,candidate_hybrid_keep_overseas_global_reference,7,0.6796,국채;국채금리,,,candidate_hybrid,1,0.65,0.35
美 30년물 금리 5.11% 치솟았다…새 연준의장도 ‘인하’ 못 꺼낼 판,"미국 인터넷매체 액시오스는 18일(현지시간) 글로벌 채권시장이 에너지 공급 충격, 인공지능(AI) 투자 붐, 대규모 재정적자 속에서 차입 비용을 빠르게 끌어올리고 있다고 보도했다. 미국 30년 만기 국채금리는 최근 5.11...",https://www.newsis.com/view/NISX20260519_0003635449,5,0.6034,1,keep,candidate_hybrid_keep_overseas_global_reference,5,0.6034,국채금리,금리,,candidate_hybrid,1,0.65,0.35
트럼프 이란 공습 보류에 뉴욕증시 혼조,채권시장에서는 10년물 미국 국채금리가 1년 만의 최고 수준에 근접하며 성장주에 부담으로 작용했다. 고유가와 금리 상승이 동시에 부각되면서 기술주 중심의 나스닥지수는 약세를 보였다. 종목별로는 인공지능(AI)...,https://www.newstopkorea.com/news/articleView.html?idxno=45039,5,0.6453,0,drop,candidate_hybrid_drop_low_value_overseas_market_noise,5,0.6453,국채금리,금리,,candidate_hybrid,1,0.65,0.35
종전협상 재개에 한숨 돌린 유가·채권…고물가 시한폭탄,미 국채 30년물 금리는 5.131%를 기록했다. 채권시장에서 금리와 가격은 반대로 움직인다. 채권 매도세가 강해지면서 가격이 낮아졌다는 의미다. 트럼프 대통령은 전일 자신의 사회관계망서비스(SNS)인 트루스소셜에...,https://view.asiae.co.kr/article/2026051910083158863,2,0.6357,0,drop,candidate_hybrid_drop_negative_signal,2,0.6357,국채,채권,sns,candidate_hybrid,1,0.65,0.35
"""유가 변동이 금리 방향성 좌우""<키움證>",글로벌 국채금리 변동성도 확대되면서 외환시장의 불안이 지속되고 있다고 분석했다. 원·달러 환율은... 채권시장에서는 유가 급등이 금리 흐름을 좌우하는 양상이 이어졌다. 국고채 10년물 금리는 주간 0.297%포인트(p)...,https://www.news2day.co.kr/article/20260519500048,10,0.662,1,keep,candidate_hybrid_keep_strong_domain_rule_anchor,10,0.662,국채금리;외환시장,금리;달러,,candidate_hybrid,1,0.65,0.35
[뉴욕증시포커스] 이란 리스크 속 혼조 마감…기술주·반도체주 약세에...,"채권시장에서는 미국 국채금리가 장중 급등 후 상승폭을 대부분 반납했다. 미국 10년물 국채금리는 장외 거래에서 4.659%까지 오르며 지난해 2월 이후 최고 수준을 기록했으나, 이후 매수세가 유입되며 정규장에서는 4....",https://www.goodkyung.com/news/articleView.html?idxno=287138,4,0.6728,0,drop,candidate_hybrid_drop_low_value_overseas_market_noise,4,0.6728,국채금리,,,candidate_hybrid,1,0.65,0.35
금시세(금값) 19일,채권시장에서는 장기 금리 부담이 여전히 시장 전반을 짓누르고 있다. 미국 10년물 국채 수익률은 장중 거의 2년 만의 최고치인 4.63%까지 치솟은 뒤 4.59% 부근에서 진정되는 흐름을 보였다. 금리가 이렇게 높은 수준을...,https://www.bntnews.co.kr/article/view/bnt202605190054,4,0.7174,0,drop,candidate_hybrid_drop_generic_market_or_ipo_noise,4,0.7174,국채,금리,,candidate_hybrid,1,0.65,0.35
비트코인 하락 압력 커지나…美 PMI·엔비디아 실적 변수 '주목',"미국 30년물 국채 금리 또한 5%를 웃돌며 최근 수년간 반복적으로 시험했던 고점을 다시 넘봤다. 금리 인하 기대는 급격히 약해졌다. 시장분석업체 코베이시 레터는 ""미국 채권시장이 실시간으로 붕괴되고 있다...",https://www.digitaltoday.co.kr/news/articleView.html?idxno=667031,5,0.7228,0,drop,candidate_hybrid_drop_low_value_overseas_market_noise,5,0.7228,국채,금리;실적,,candidate_hybrid,1,0.65,0.35
[굿모닝! 글로벌 뉴욕증시] 유가·금리 부담에 기술주 흔들…혼조 마감,"미국 동부시간 오후 3시 기준 뉴욕 채권시장에서 10년물 국채금리는 전 거래일 대비 2.70bp 오른 4.6230%에 거래됐다. 통화정책에 민감한 2년물 금리는 0.60bp 상승한 4.0900%를 기록했고, 30년물 국채금리는 1.90bp 오른 5.1470%로...",https://www.newsquest.co.kr/news/articleView.html?idxno=266450,5,0.6299,0,drop,candidate_hybrid_drop_low_value_overseas_market_noise,5,0.6299,국채금리,금리,,candidate_hybrid,1,0.65,0.35
[데일리 머니마켓] 유가 110달러 안팎 상승,◆채권시장 고유가와 금리 추가 인상 가능성에 채권 금리가 올랐다. 로이터는 18일(현지시각) 미국 10년물 국채금리는 장중 4.659%까지 올라 2025년 2월 이후 최고 수준을 기록한 뒤 4.591% 부근으로 되돌렸다...,https://www.bigtanews.co.kr/article/view/big202605190002,7,0.752,0,drop,candidate_hybrid_drop_model_keep_without_domain_anchor,7,0.752,국채금리,금리;채권,,candidate_hybrid,1,0.65,0.35
"삼성전자·SK하이닉스, 프리마켓서 동반 약세…美 국채금리 급등·메모...","호르무즈 해협 봉쇄 장기화 우려로 서부텍사스산원유(WTI)가 3.07% 오르며 채권 시장의 인플레이션 우려를 높였다. 이에 따라 장중 미 국채 10년물 금리는 4.65%, 30년물 금리는 5.13%를 상회하며 오름세를 보였다. 장기...",https://www.newsway.co.kr/news/view?ud=2026051908361125746,9,0.6946,0,drop,candidate_hybrid_drop_generic_market_or_ipo_noise,9,0.6946,국채;국채금리,채권,,candidate_hybrid,1,0.65,0.35
"'증시 호황 덕에'…한투저축, 1분기 1300억 어떻게 벌었나했더니",저축은행업계는 최근 가계대출 총량 규제와 부동산 프로젝트파이낸싱(PF) 부실 여파로 전통적인 여신 영업만으로 수익성을 확보하기 어려워진 상황이다. 실제 지난해 저축은행업권 여신 규모는 93조 5000억원으로 전년...,http://www.edaily.co.kr/news/newspath.asp?newsid=04372246645450560,15,0.6691,1,keep,candidate_hybrid_keep_strong_domain_rule_anchor,15,0.6691,저축은행;pf;프로젝트파이낸싱,부실,,candidate_hybrid,1,0.65,0.35
배구단까지 매각한 페퍼저축은행…새 수장으로 건전성 회복 총력,페퍼저축은행 제공 최근 3년 연속 적자를 내고 있는 페퍼저축은행이 대표이사 교체와 배구단 매각 등으로 경영 효율화 작업에 속도를 내고 있다. 고금리 장기화와 부동산 프로젝트파이낸싱(PF) 시장 위축 여파로...,http://www.segyebiz.com/newsView/20260519512061?OutUrl=naver,15,0.7163,1,keep,candidate_hybrid_keep_strong_domain_rule_anchor,15,0.7163,저축은행;pf;프로젝트파이낸싱,건전성,,candidate_hybrid,1,0.65,0.35
[더벨][한국투자저축은행은 지금] 부실 털고 반등 신호탄 쏜 1분기 성적...,한국투자저축은행은 부동산PF 중심의 공격적인 외형 확대보다 기업대출과 담보 기반 여신 중심으로 자산을 운용해왔다. PF와 기타 부동산 여신을 합친 부동산 익스포저도 올해 1분기 기준 약 4조2500억원 수준으로...,https://www.thebell.co.kr/free/content/ArticleView.asp?key=202605151519433120103430,15,0.5716,1,keep,candidate_hybrid_keep_strong_domain_rule_anchor,15,0.5716,저축은행;pf;부동산pf,부실,,candidate_hybrid,1,0.65,0.35
"키움에프앤아이, 회사채 수요예측 완판…두 자릿수 언더 금리",키움에프앤아이(A)가 회사채 수요예측에서 6천550억원의 주문을 확보했다. 넉넉한 투자 수요에 힘입어 가산금리(스프레드)는 모집액 기준 민평 대비 두 자릿수 낮은 수준을 형성했다. 19일 투자은행(IB) 업계에...,https://news.einfomax.co.kr/news/articleView.html?idxno=4415711,8,0.6549,0,drop,candidate_hybrid_drop_model_keep_without_domain_anchor,8,0.6549,회사채;스프레드,금리,,candidate_hybrid,1,0.65,0.35
"석유화학 5사, 1분기 흑자 냈지만 하반기 '마진 스퀴즈' 덮칠 수도","2년 내 만기가 돌아오는 회사채만 1조8,000억원이다. 여수 1호 통합법인 참여를 위해 폴리에틸렌(PE)... 결국 원재료와 제품 간 스프레드가 급격히 압착되는 전형적인 마진 스퀴즈 상황에 직면한 것이다. 전방 고객사들이...",http://www.srtimes.kr/news/articleView.html?idxno=203560,3,0.4953,0,drop,candidate_hybrid_gray_drop_score_lt_threshold,3,0.4953,스프레드,,,candidate_hybrid,1,0.65,0.35
"삼천리, 회사채 수요예측서 8천400억 확보…언더 금리 형성","규모의 회사채 수요예측에서 총 8천400억원의 주문을 모았다. 만기는 2년과 3년으로 각각 300억원씩 배정했다. 수요예측 결과 2년물에 3천700억원, 3년물에 4천700억원의 자금이 유입됐다. 가산금리(스프레드)는 모집액...",https://news.einfomax.co.kr/news/articleView.html?idxno=4415699,8,0.6405,0,drop,candidate_hybrid_gray_drop_generic_anchor_only,8,0.6405,회사채;스프레드,금리,,candidate_hybrid,1,0.65,0.35
[정용택 칼럼] 미 高물가는 결국 금리로 귀결,신용 스프레드가 지난해 상반기를 저점으로 완만하게 상승 추세로 반전된 흐름이라는 점이다. 특히 뉴욕연준에서 발표하는 회사채 스트레스 지수는 이란전 발발을 계기로 급등한 모습을 보여주고 있다. 채권 발행을 통한...,http://www.ftoday.co.kr/news/articleView.html?idxno=359143,9,0.5868,0,drop,candidate_hybrid_gray_drop_generic_anchor_only,9,0.5868,회사채;스프레드,채권,,candidate_hybrid,1,0.65,0.35
엔비디아·SK하이닉스도 ‘스페이스X 상장’ 영향권…월가가 주목하는 ...,"스페이스X는 골드만삭스를 상장 주관사로 최종 선정했고, 2조 달러에 달하는 기업 가치를 목표로 5대 1 주식... 익명을 요구한 한 증권사 관계자는 “투자자들이 스페이스X에 투자하려고 그동안 주가가 크게 올랐던...",https://www.chosun.com/economy/stock-finance/2026/05/20/XVGSV2IH3ZBCZH5NI4IYWEVNXY/?utm_source=naver&utm_medium=referral&utm_campaign=naver-news,4,0.6983,0,drop,candidate_hybrid_drop_low_value_overseas_market_noise,4,0.6983,증권사,주식,,candidate_hybrid,1,0.65,0.35
[금융투자 1Q 실적]④증시 훈풍에도 희비 갈린 중소형 증권사,"확대됐다""며 ""IPO의 경우 2분기 진행한 인벤테라, 코스모로보틱스의 상장을 준비하는 동시에 다수의 주관... 다만 증권 사업보다는 자회사 효과가 컸다. 별도 기준 영업이익은 126억원에서 59억원으로 줄었지만...",https://news.bizwatch.co.kr/article/market/2026/05/19/0010,8,0.5733,0,drop,candidate_hybrid_drop_generic_market_or_ipo_noise,8,0.5733,증권사;ipo,실적,,candidate_hybrid,1,0.65,0.35
"일론 머스크, 오픈AI 소송 패소…IPO 리스크 해소","지난해 상장 주관사 선정 과정에서 모든 증권사가 기업가치 10조 원 이상을 제시한 가운데, 2년 연속 매출 1조 원대를 유지하며 올해 IPO 최대어 중 하나로 꼽힌다. [스타트업 창업자 관심 뉴스] 1. 필요한 정보 AI가...",https://www.sedaily.com/article/20046104?ref=naver,4,0.6241,0,drop,candidate_hybrid_drop_generic_market_or_ipo_noise,4,0.6241,ipo,,,candidate_hybrid,1,0.65,0.35
[Invest]“투자형 IB 도래는 기회…IPO 넘어 커버리지 헤리티지 구축”,"기업금융(IB) 부문은 최근 증권사의 가장 핵심적인 상품 공급자로 떠올랐다. 발행어음, 종합투자계좌(IMA)... 삼성증권은 지난해 총 13개 기업의 IPO를 주관했다. 대기업 커버리지에 일정 부분 한계가 있는 만큼 일찍부터...",https://www.investchosun.com/site/data/html_dir/2026/05/19/2026051980181.html,4,0.6668,0,drop,candidate_hybrid_drop_generic_market_or_ipo_noise,4,0.6668,ipo,,,candidate_hybrid,1,0.65,0.35
"증시 호황에도 미래에셋·신한투자·NH투자·키움증권, IB 수수료 수익 ...",IPO 주관사로 참여했고 화성코스메틱 인수금융 실적이 반영돼 인수 및 자문수수료가 소폭 늘었다. 대신증권(대표 진승욱)은 330억 원에서 491억 원으로 1.5배 가까이 증가하며 큰 폭의 성장을 달성했다. 대형 증권사...,http://www.consumernews.co.kr/news/articleView.html?idxno=755939,8,0.7015,0,drop,candidate_hybrid_drop_generic_market_or_ipo_noise,8,0.7015,증권사;ipo,수수료,,candidate_hybrid,1,0.65,0.35
[올댓차이나] 中 최대 플래시 메모리 YMTC 상장 절차 착수,중국 최대 낸드플래시 메모리 업체인 양쯔메모리 테크놀로지(YMTC 長江存儲)가 기업공개(IPO)를 위한 공식... 매체는 YMTC 상장 주관사를 국유 증권사인 중신증권(中信證券)과 중신건투증권(中信建投證券)이 맡는다고...,https://www.newsis.com/view/NISX20260519_0003636599,4,0.6585,0,drop,candidate_hybrid_drop_generic_market_or_ipo_noise,4,0.6585,ipo,,,candidate_hybrid,1,0.65,0.35
"‘10兆 대어’ 무신사, 상장 초읽기…8월 예심 청구 가닥 [시그널]",지난해 상장 주관사 선정 과정에서는 모든 증권사들이 기업가치 10조 원 이상을 제시한 것으로 전해졌다. 매출 역시 2년 연속 1조 원대를 유지하며 ‘IPO 대어’를 향한 시장의 기대감을 키우고 있다. 중복상장 규제...,https://www.sedaily.com/article/20045892?ref=naver,4,0.6983,0,drop,candidate_hybrid_drop_generic_market_or_ipo_noise,4,0.6983,ipo,,,candidate_hybrid,1,0.65,0.35
"""SDV 핵심 기술로 IPO 도전"" 페르세우스, 대신증권 상장주관사 선정",페르세우스는 최근 국내 주요 증권사를 대상으로 제안서 접수와 프레젠테이션을 진행한 뒤 IPO 파트너로 대신증권을 최종 선정했다. 주관사 선정 협약식은 지난 5월 14일 서울 중구 대신증권 본사에서 열렸으며...,https://www.autodaily.co.kr/news/articleView.html?idxno=544211,4,0.6372,0,drop,candidate_hybrid_drop_generic_market_or_ipo_noise,4,0.6372,ipo,,,candidate_hybrid,1,0.65,0.35
[Invest]무르익는 보스턴다이내믹스 IPO…로봇 홍보 열올리는 현대차그...,"이후 한 증권사의 NDR Q&A 리포트에 송 사장이 ""2028년이 IPO에 적절한 시기라고 판단한다""고 언급한 내용이... IPO를 주관할 경우 향후 그룹 내 주요 거래에서도 잇따라 역할을 맡을 가능성이 크다는 관측이 나온다.정의선...",https://www.investchosun.com/site/data/html_dir/2026/05/19/2026051980151.html,4,0.6313,0,drop,candidate_hybrid_drop_generic_market_or_ipo_noise,4,0.6313,ipo,,,candidate_hybrid,1,0.65,0.35
"페르세우스, IPO 대표주관사로 대신증권 선정…코스닥 상장 추진",/페르세우스 | 서울=한스경제 곽호준 기자 | 차량용 시스템 소프트웨어 기업 페르세우스가 대신증권을 기업공개(IPO) 대표주관사로 선정하고 코스닥 상장 준비에 본격 착수했다. 페르세우스는 최근 주요 증권사를...,http://www.hansbiz.co.kr/news/articleView.html?idxno=839626,6,0.819,0,drop,candidate_hybrid_drop_generic_market_or_ipo_noise,6,0.819,ipo,코스닥,,candidate_hybrid,1,0.65,0.35
높아진 IPO 문턱에 증권사 IB실적 흔들…신규상장 24→9건 ‘급감’,"IPO 시장 냉각은 증권사 실적에도 직접적인 부담으로 작용하고 있다. IPO 주관사의 인수 및 주선수수료는 상장이 최종 완료돼야 지급되는 구조인 만큼, 상장 일정이 연기되거나 철회될 경우 그동안 투입한 인력과...",https://www.ceoscoredaily.com/page/view/2026051816301459951,7,0.7911,0,drop,candidate_hybrid_drop_generic_market_or_ipo_noise,7,0.7911,증권사;ipo,,,candidate_hybrid,1,0.65,0.35
"페르세우스, IPO 대표주관사에 대신증권 선정…코스닥 상장 시동",차량용 하이퍼바이저 기업 페르세우스가 대신증권을 기업공개(IPO) 대표주관사로 선정하고 코스닥 상장 절차에 본격 착수했다. 페르세우스는 최근 국내 주요 증권사를 대상으로 제안서 접수 및 프레젠테이션을...,https://www.nocutnews.co.kr/news/6519387?utm_source=naver&utm_medium=article&utm_campaign=20260519112433,6,0.8257,0,drop,candidate_hybrid_drop_generic_market_or_ipo_noise,6,0.8257,ipo,코스닥,,candidate_hybrid,1,0.65,0.35
3년간 8개사 상장 도운 코넥스 특급 도우미 'IBK투자증권',"최근 3년여간 8개가 넘은 기업들의 코넥스 상장 주관 증권사 역할을 하며 성장 기업 특화 솔루션을 통해 IPO(기업공개) 시장을 집중 공략했다는 의견이다. 특히, IBK투자증권의 프로세스는 단순하게 IPO로 끝나지 않는다....",https://www.mt.co.kr/stock/2026/05/19/2026051810561929983,7,0.6932,0,drop,candidate_hybrid_drop_generic_market_or_ipo_noise,7,0.6932,증권사;ipo,,,candidate_hybrid,1,0.65,0.35
'구조화 금융' 발 넓히는 신한證…'백기사 IB'로 존재감 확대,만큼 증권사 IB(기업금융) 경쟁력을 좌우할 핵심 사업으로 부상하는 모습이다. 19일 금융투자업계에 따르면... 해당 거래에서 신한투자증권은 금융주관사로 참여해 자체 투자금과 외부 투자자 모집으로 총 3130억원...,https://www.imaeil.com/page/view/2026051910103417213,4,0.6374,0,drop,candidate_hybrid_gray_drop_score_lt_threshold,4,0.6374,증권사,금융,,candidate_hybrid,1,0.65,0.35
교보 이어 삼성생명도 인식…해약준비금 제도 개선 '안갯속',"킥스 비율이 양호해 적립률을 80%로 낮춘 보험사의 경우 기본자본 인정 금액이 줄어 불이익이 생길 수 있다는 지적에 따라, 이익잉여금 한도 내에서 100% 기준의 해약준비금을 기본자본으로 인정하기로 했다. 다만 이는...",https://www.newsis.com/view/NISX20260519_0003636488,5,0.5964,0,drop,candidate_hybrid_gray_drop_score_lt_threshold,5,0.5964,킥스,,,candidate_hybrid,1,0.65,0.35
‘축포’ 터트린 1분기 생보사 레이스…‘성장률’은 엇갈렸다,한화생명 역시 투자손익 증가와 더불어 건강보험 판매 확대 등 CSM 확보가 동시에 일어나 호실적에 주효했다. 다만 신한라이프가 킥스 비율 201%를 기록하는 등 우수한 자본 안정성을 지니고 있어 장기 체력전에선...,https://www.ekn.kr/web/view.php?key=20260519023556151,8,0.5623,1,keep,candidate_hybrid_keep_strong_domain_rule_anchor,8,0.5623,생보사;킥스,,,candidate_hybrid,1,0.65,0.35
"푸본현대생명, 1분기 당기순이익 38억원...3년 만에 흑자 전환 성공","구체적으로 보험손익과 투자손익도 각각 58억원, 925억원 늘었다. 푸본현대생명은 지난해 대만 최대주주의 지원 아래 7000억원 규모 유상증자를 진행하며 자본건전성도 강화했다. 이에 따라 신지급여력비율(K-ICS·킥스)...",https://www.joongangenews.com/news/articleView.html?idxno=520399,5,0.678,1,keep,candidate_hybrid_model_keep_prob_ge_threshold_with_domain_anchor,5,0.678,킥스,,,candidate_hybrid,1,0.65,0.35
"‘생산적금융’ 힘 보태는 손보사…중기대출 50조 육박, 10년새 3배↑","생보사는 보험 부채의 만기가 수십 년에 이를 만큼 길다. 자본 건전성 규제인 지급여력비율(K-ICS·킥스)은 자산과 부채의 만기가 어긋날수록 금리가 움직일 때 자본이 크게 흔들리는 점을 위험으로 잡아내는데, 부채...",https://biz.heraldcorp.com/article/10741010?ref=naver,10,0.6463,1,keep,candidate_hybrid_keep_strong_domain_rule_anchor,10,0.6463,손보사;킥스,건전성,,candidate_hybrid,1,0.65,0.35
"푸본현대생명, 1분기 순이익 38억…3년 적자 끊고 흑자 전환",보장성보험 수입보험료 85% 급증·CSM 2045억 달성 킥스 157%→252%…최대주주 7000억 유상증자 효과 [헤럴드경제=박성준 기자] 푸본현대생명이 올해 1분기 흑자 전환에 성공했다. 푸본현대생명은 올해 1분기...,https://biz.heraldcorp.com/article/10741200?ref=naver,6,0.4764,1,keep,candidate_hybrid_gray_keep_domain_score_ge_threshold,6,0.4764,킥스,순이익,,candidate_hybrid,1,0.65,0.35
"푸본현대생명, 3년 만에 흑자전환…체질 개선 성과 본격화","보험손익과 투자손익도 각각 58억원, 925억원 늘었다. 푸본현대생명은 지난해 대만 최대주주의 지원 아래 7000억원 규모 유상증자를 진행하며 자본건전성도 강화했다고 설명했다. 지급여력(K-ICS·킥스) 비율은...",https://www.dailian.co.kr/news/view/1646221/?sc=Naver,5,0.7769,1,keep,candidate_hybrid_model_keep_prob_ge_threshold_with_domain_anchor,5,0.7769,킥스,,,candidate_hybrid,1,0.65,0.35
"현대해상, 보험손익 '업계 2위' 우뚝…장기보험 개선에 시장 재평가",지난 3월 초 2만8000원대까지 밀렸던 주가는 실적 개선과 지급여력(K-ICS·킥스) 비율 상승 등이 반영되며 반등했다. ◆ 장기보험손익 132% 급증…RA 환입 900억·예실차 개선 효과 실적 개선의 핵심은 장기보험 부문이다....,http://www.ftoday.co.kr/news/articleView.html?idxno=359179,6,0.6702,1,keep,candidate_hybrid_model_keep_prob_ge_threshold_with_domain_anchor,6,0.6702,킥스,실적,,candidate_hybrid,1,0.65,0.35
"'삼성전자 30만원' 가면 삼성생명 자본비율 꺾인다는데, 왜?",킥스의 요구자본은 시장·금리·신용·보험위험 등 여러 리스크량을 단순 합산하는 것이 아니라 상관관계를 반영하는 방식으로 계산된다. 특정 주식의 비중이 지나치게 커지면 자산 포트폴리오 내 쏠림 현상이...,https://news.bizwatch.co.kr/article/finance/2026/05/19/0012,1,0.5367,0,drop,candidate_hybrid_drop_generic_market_or_ipo_noise,1,0.5367,,금리,,candidate_hybrid,1,0.65,0.35
"푸본현대생명, 수익성 부진·자본규제 부담에 신용도 '흔들'",고금리 퇴직연금 역마진 지속…경과조치 전 킥스비율 56% '업계 최저' 수준 국내 주요 신용평가사들이 푸본현대생명보험의 신용등급과 등급전망을 잇달아 하향 조정했다. 고금리 퇴직연금 역마진 여파로 3년 연속...,https://dealsite.co.kr/articles/162106,3,0.6083,0,drop,candidate_hybrid_gray_drop_score_lt_threshold,3,0.6083,생명보험,,,candidate_hybrid,1,0.65,0.35
"[더벨][보험경영분석] 롯데손보, 투자손익 손실로…보험손익 회복","CSM 확대에 더해 장기보험 간접비용과 자동차보험, 일반보험 사업비를 줄이면서 보험 영업의 비용 부담도 낮췄다. 자본건전성 지표도 직전 분기보다 개선됐다. 올해 3월 말 잠정 지급여력(킥스·K-ICS) 비율은 164.4%로...",https://www.thebell.co.kr/free/content/ArticleView.asp?key=202605171544057360105385,5,0.5879,0,drop,candidate_hybrid_gray_drop_score_lt_threshold,5,0.5879,킥스,,,candidate_hybrid,1,0.65,0.35
"현대해상, 보험손익 성장에 연이틀 코스피 강세...질적지표 개선도 '뚜...",특히 본업인 보험손익의 개선세가 돋보인다. 현대해상의 1분기 보험손익은 전년 대비 71.7% 급증한... 1분기 말 현대해상의 지급여력(킥스)비율은 207.2%로 지난해 말 보다 17.0%p 상승했다. 기본자본 킥스비율도 같은...,https://www.greened.kr/news/articleView.html?idxno=340929,7,0.5716,1,keep,candidate_hybrid_gray_keep_domain_score_ge_threshold,7,0.5716,킥스,코스피,,candidate_hybrid,1,0.65,0.35
"악사손보, 렌터카 차량 수리비 심사 사업 나선다","악사손보의 작년 말 지급여력비율(킥스·K-ICS)도 경과조치 후 201.8%로 전년 말보다 48.7%포인트(p) 하락하며 업계 평균 221.9%를 밑돌았다. 악사손해보험[촬영 안 철 수] 2025.6, AXA 손해보험",https://news.einfomax.co.kr/news/articleView.html?idxno=4415585,8,0.6405,1,keep,candidate_hybrid_keep_strong_domain_rule_anchor,8,0.6405,손해보험;킥스,,,candidate_hybrid,1,0.65,0.35
"'적자 늪' 벗어난 푸본현대생명, 신용등급 압박 딛고 체질개선","경과조치 전 킥스 비율이 업계 최저 수준으로, 이미 발행한 자본성 증권 조기상환에 따른 규제자본 감소도 예정됐기 때문이다. 또한, 푸본현대생명의 보유 보험계약마진(CSM) 규모가 작아 이익 변동성이 높은 편이다....",https://news.einfomax.co.kr/news/articleView.html?idxno=4415559,5,0.6505,1,keep,candidate_hybrid_model_keep_prob_ge_threshold_with_domain_anchor,5,0.6505,킥스,,,candidate_hybrid,1,0.65,0.35
"롯데손보, 1분기 순손실에도 보험영업 선전...매각 협상 변수될까","1분기 말 잠정 지급여력(K-ICS, 킥스)비율은 164.4%로 집계됐다. 보험 및 M&A 업계에서는 롯데손해보험이 외견상 적자를 기록했지만 보험영업 부문과 CSM 등에서 주요 지표에서 개선 흐름을 보였다는 점에서 시장내 매력을...",https://www.topdaily.kr/articles/110155,8,0.6406,1,keep,candidate_hybrid_keep_strong_domain_rule_anchor,8,0.6406,손해보험;킥스,,,candidate_hybrid,1,0.65,0.35
"전북자치도 군복무 청년 상해보험, 4만2900명 혜택","보험료는 도와 시·군이 전액 지원한다. 국방부 병상해보험이나 개인 실손보험과 관계없이 중복으로 보상받을 수 있도록 설계했다. 군 장병들은 입원과 수술, 골절, 화상뿐 아니라 정신질환 위로금과 중증질환...",https://www.etoday.co.kr/news/view/2586120,0,0.3953,0,drop,candidate_hybrid_gray_drop_score_lt_threshold,0,0.3953,,,,candidate_hybrid,1,0.65,0.35
"월 보험료 17만원 vs. 도수치료 3만원…5세대 실손, 갈아탈까 말까",최근 5세대 실손보험이 출시된 가운데 오는 7월 도수치료 관리급여 도입까지 예고되면서 기존 실손 유지와 전환을 놓고 가입자들의 셈법도 복잡해지고 있다. 보험료는 크게 낮아지지만 의료 이용 시 자기부담은...,https://www.dailian.co.kr/news/view/1646207/?sc=Naver,2,0.429,0,drop,candidate_hybrid_gray_drop_score_lt_threshold,2,0.429,,보험료;실손,,candidate_hybrid,1,0.65,0.35
"체외충격파, 자율통제 첫 시험대 오르나...""실손 비급여 관리 새 국면""","실손보험은 국민 대다수가 가입한 대표적 생활밀착형 보험이지만, 손해율 악화로 보험료 인상 압력이 반복되며 소비자 부담 확대 논란도 이어지고 있다. 업계는 일부 비급여 항목의 과잉 이용이 결국 전체 가입자의 보험료...",http://www.fins.co.kr/news/articleView.html?idxno=108599,2,0.3225,0,drop,candidate_hybrid_drop_corporate_macro_noise,2,0.3225,,보험료;실손,,candidate_hybrid,1,0.65,0.35
전북 ‘軍복무 상해보험’ 장병 안전망役 ‘톡톡’,"보험료는 전북도와 시·군이 전액 부담하며 국방부 병 상해보험이나 개인 실손보험과 별개로 중복 보상이 가능하도록 설계돼 지원 효과를 높였다는 평가다. 장병들은 이를 통해 입원과 수술, 골절, 화상 등 다양한...",https://www.segye.com/newsView/20260519514117?OutUrl=naver,0,0.4806,0,drop,candidate_hybrid_gray_drop_score_lt_threshold,0,0.4806,,,,candidate_hybrid,1,0.65,0.35
회사실손 있으면 개인 보험료 내지마세요…‘이중납부 중지’ 가능,# A씨는 입사 후 회사가 제공하는 단체 실손보험에 가입했다. 하지만 동시에 개인 실손보험료도 성실히 납부했다. 납입 중지 제도에 대한 설명을 듣지 못했기 때문이다. 이로 인해 A씨는 오랜 기간 보험료를 이중으로...,https://www.mk.co.kr/article/12052772,1,0.377,0,drop,candidate_hybrid_gray_drop_score_lt_threshold,1,0.377,,보험료,,candidate_hybrid,1,0.65,0.35
실손 갈아타고 후회?… “6개월내 철회 가능”,금감원은 단체 실손보험에 가입할 때 기존에 가입한 개인 실손보험의 보험료 납부를 멈출 수 있다는 점도 안내했다. 국내 실손보험 가입자는 해외여행 실손보험에 추가로 가입하면서 국내 의료비 특약을 넣어도 이를...,https://www.donga.com/news/Economy/article/all/20260519/133953405/2,2,0.4168,0,drop,candidate_hybrid_gray_drop_score_lt_threshold,2,0.4168,,보험료;실손,,candidate_hybrid,1,0.65,0.35
"전북도, 군복무 청년 상해보험 지원…올해 9900명 자동 가입","별도 신청 없이 자동 가입되며, 보험료는 도와 시군이 전액 부담한다. 이 보험은 군 생활 중 발생한 상해와... 국방부 병 상해보험이나 개인 실손보험 가입 여부와 관계없이 중복 보상이 가능하다. 보장 항목은 입원...",https://www.betanews.net/article/view/beta202605190109,0,0.3505,0,drop,candidate_hybrid_gray_drop_score_lt_threshold,0,0.3505,,,,candidate_hybrid,1,0.65,0.35
"실손보험 중복 가입, 보험료 납입 중지 가능","또한 개인실손보험 가입 1년이 지난 경우, 단체실손보험중복 가입자는 개인 실손보험 보험료 납부를 멈출 수 있다. 예를 들어 개인실손보험의 종합(상해+질병) 입원 담보와 단체실손보험의 상해 입원 담보가 중복되는...",http://www.whitepaper.co.kr/news/articleView.html?idxno=262771,1,0.3008,0,drop,candidate_hybrid_model_drop_prob_le_threshold,1,0.3008,,보험료,,candidate_hybrid,1,0.65,0.35
"[금융 HOT 뉴스] ""실손보험 몰라서 손해 보는 4가지""…금감원이 콕 집었...","첫째, 단체실손보험에 가입했다면 기존 개인실손보험 보험료 납입을 중지할 수 있다. 개인실손보험 가입 후 1년이 지난 계약자가 단체실손보험과 중복 가입된 경우 개인실손보험을 체결한 보험사에 신청하면 된다. 중지...",http://www.bizwnews.com/news/articleView.html?idxno=136922,2,0.3267,0,drop,candidate_hybrid_model_drop_prob_le_threshold,2,0.3267,,보험료;금융,,candidate_hybrid,1,0.65,0.35
자치도 '군복무 청년 상해보험 지원사업' 추진,"전북에 주민등록을 둔 현역병과 상근예비역 등 약 9,900명은 별도의 신청 절차 없이 자동으로 가입되며, 보험료는 도와 시·군이 전액 부담한다. 특히 국방부 병 상해보험이나 개인 실손보험 가입 여부와 관계없이 중복...",http://www.jjn.co.kr/news/articleView.html?idxno=1041384,0,0.3402,0,drop,candidate_hybrid_model_drop_prob_le_threshold,0,0.3402,,,,candidate_hybrid,1,0.65,0.35
"[금융꿀팁] 실손보험 갈아탔다가 후회했다면, 6개월 안에 따져야",금감원에 따르면 개인실손보험과 단체실손보험에 중복 가입한 경우 기존 개인실손보험의 보험료 납입을 중지할 수 있다. 대상은 가입 후 1년이 지난 개인실손보험을 보유하고 있으면서 단체실손보험에도 가입된 소비자다....,https://www.tfmedia.co.kr/news/article.html?no=204610,1,0.428,0,drop,candidate_hybrid_gray_drop_score_lt_threshold,1,0.428,,보험료,,candidate_hybrid,1,0.65,0.35
"전북자치도, 군복무 청년 상해보험 '효과 톡톡'","보험료는 도와 시군이 전액 지원하며, 국방부 병 상해보험이나 개인 실손보험과 관계없이 중복 보상이 가능하도록 설계돼 있다. 이에 군 장병들은 입원과 수술, 골절, 화상 등 다양한 상황에서 보험 혜택을 받을 수...",http://www.jeollailbo.com/news/articleView.html?idxno=800652,0,0.3914,0,drop,candidate_hybrid_gray_drop_score_lt_threshold,0,0.3914,,,,candidate_hybrid,1,0.65,0.35
"실손보험 민원 늘자 금감원 소비자경보…""단체보험·4세대 전환 시 주의...","금감원은 우선 직장 단체실손보험 가입자의 경우 기존 개인실손보험 보험료 납입을 중지할 수 있다고 안내했다. 개인실손보험 가입 후 1년이 지났고 단체실손보험과 보장 항목이 중복된다면, 해당 담보에 대해 보험료 납입...",http://www.srtimes.kr/news/articleView.html?idxno=203578,7,0.3488,0,drop,candidate_hybrid_model_drop_prob_le_threshold,7,0.3488,금감원,보험료,,candidate_hybrid,1,0.65,0.35
전북도 군복무 청년 상해보험 3년간 934건 지원,"보험료는 도와 시군이 전액 부담하며, 국방부 병 상해보험이나 개인 실손보험과 관계없이 중복 보상이 가능하도록 설계됐다. 보장 항목은 상해·질병 입원과 수술비, 골절·화상 치료비를 비롯해 정신질환 위로금과...",http://www.jeonmin.co.kr/news/articleView.html?idxno=440110,0,0.4181,0,drop,candidate_hybrid_gray_drop_score_lt_threshold,0,0.4181,,,,candidate_hybrid,1,0.65,0.35
"“단체 실손 가입된 직장인, 개인 실손 보험료 납입 중단 가능”",단체 실손보험에 가입하면 기존에 가입해둔 개인 실손보험의 보험료 납입을 중단할 수 있다. 최근 판매하는 실손보험으로 갈아탔다고 하더라도 6개월 이내 전환을 신청하면 기존 보험으로 원상복구 할 수 있다....,https://www.khan.co.kr/article/202605191748001,2,0.4213,0,drop,candidate_hybrid_gray_drop_score_lt_threshold,2,0.4213,,보험료;실손,,candidate_hybrid,1,0.65,0.35
단체실손 가입 땐 개인실손 보험료 중지 가능…“재개 신청 기한 주의”,"단체실손보험 가입자는 기존 개인 실손의료보험 보험료 납입을 일시 중지할 수 있지만, 퇴직 등으로 단체실손이 종료된 뒤에는 일정 기간 내 재개 신청을 해야 한다는 점에 유의할 필요가 있다. 19일 금융감독원에 따르면...",https://www.g-enews.com/view.php?ud=20260519172240155e30fcb1ba8_1,7,0.4476,1,keep,candidate_hybrid_gray_keep_domain_score_ge_threshold,7,0.4476,금융감독원,보험료,,candidate_hybrid,1,0.65,0.35
회사가 실손 들어줬다면 … 개인 보험료 내지마세요,A씨는 입사 후 회사가 제공하는 단체 실손보험에 가입했다. 하지만 동시에 개인 실손보험료도 성실히 납부했다. 납입 중지 제도에 대한 설명을 듣지 못했기 때문이다. 이로 인해 A씨는 오랜 기간 보험료를 이중으로 내야만...,https://www.mk.co.kr/article/12052330,2,0.3963,0,drop,candidate_hybrid_gray_drop_score_lt_threshold,2,0.3963,,보험료;실손,,candidate_hybrid,1,0.65,0.35
“5세대 실손 갈아탔다 후회되면 6개월 내 철회 가능”,금감원은 단체 실손보험에 가입할 때 기존에 가입한 개인 실손보험의 보험료 납부를 멈출 수 있다는 점도 안내했다. 국내 실손보험 가입자는 해외여행 실손보험에 추가로 가입하면서 국내 의료비 특약을 넣어도 이를...,https://www.donga.com/news/Economy/article/all/20260519/133951994/1,2,0.4422,0,drop,candidate_hybrid_gray_drop_score_lt_threshold,2,0.4422,,보험료;실손,,candidate_hybrid,1,0.65,0.35
실손보험 중지·재개 절차 강화…소비자 대응 방안은?,"금융감독원이 19일 실손보험 관련 민원 사례를 공개하면서, 단체실손보험과 개인실손보험을 함께 가입한 경우 보험료 납입 중지와 계약 재개 시한을 정확히 확인해야 한다고 안내했다. 회사가 들어주는 단체실손에 가입한...",https://www.tokenpost.kr/news/policy/361187,7,0.3784,1,keep,candidate_hybrid_gray_keep_domain_score_ge_threshold,7,0.3784,금융감독원,보험료,,candidate_hybrid,1,0.65,0.35
"""실손보험 전환 뒤 후회했다면""···최대 6개월 내 철회 가능","단체실손보험 가입 시 기존 개인실손보험 보험료 납입을 중지할 수 있다는 사실을 알지 못했기 때문이다. 뒤늦게 이 같은 제도를 알게 된 A씨는 ""보험료를 이중으로 부담했다""며 금융감독원에 민원을 제기했다....",http://www.finomy.com/news/articleView.html?idxno=254598,7,0.32,0,drop,candidate_hybrid_model_drop_prob_le_threshold,7,0.32,금융감독원,보험료,,candidate_hybrid,1,0.65,0.35
"""심리·경제부담 던다"" 전북 군복무 청년 상해보험 효과",전북에 주민등록을 둔 현역병과 상근예비역 약 9900명은 별도 신청 절차 없이 자동 가입되며 보험료는 도와 시군이 전액 지원한다. 국방부 병 상해보험이나 개인 실손보험과 관계없이 중복 보상이 가능하도록 설계해...,https://www.newsis.com/view/NISX20260519_0003636255,0,0.4174,0,drop,candidate_hybrid_gray_drop_score_lt_threshold,0,0.4174,,,,candidate_hybrid,1,0.65,0.35
단체실손만 믿었다간 ‘보장 공백’…금감원 소비자 경고,금감원에 따르면 개인실손보험과 단체실손보험에 중복 가입된 경우 개인실손보험 보험료 납입 중지나 일부 담보 중지를 신청할 수 있다. 대상은 개인실손보험 가입 후 1년이 지난 계약자다. 단체실손보험 종료 이후에는...,https://www.viva100.com/article/20260519501105,7,0.5699,1,keep,candidate_hybrid_gray_keep_domain_score_ge_threshold,7,0.5699,금감원,보험료,,candidate_hybrid,1,0.65,0.35
직장인 단체실손 있는데 개인실손 보험료 계속 냈다면? “중지 신청 가...,금감원에 따르면 직장 내 단체실손보험에 가입한 경우 기존에 보유한 개인실손보험의 보험료 납입을 중단하거나 일부 보장을 멈춰 보험료 부담을 줄일 수 있다. 개인실손보험과 단체실손보험에 동시에 가입돼 있더라도...,http://www.joseilbo.com/news/news_read.php?uid=568579&class=18&grp=,1,0.3962,0,drop,candidate_hybrid_gray_drop_score_lt_threshold,1,0.3962,,보험료,,candidate_hybrid,1,0.65,0.35
"NH농협생명, ""보험 설계도 AI가 원클릭으로""…업무 자동화로 고객 상담...","고객이 원하는 보험료에 맞추기 위해 여러 차례 설계를 반복해야 하고, 복잡한 상품 구조와 특약 내용을... 다만 일부 실손보험과 재해보험처럼 고객 맞춤형 추천이 불필요한 상품에는 적용되지 않는다. 이 시스템은...",https://www.hankyung.com/article/2026051955101,0,0.5064,0,drop,candidate_hybrid_gray_drop_score_lt_threshold,0,0.5064,,,,candidate_hybrid,1,0.65,0.35
"""새 실손보험을 옛 실손보험으로 돌아가려면 6개월내 신청해야""",금감원은 19일 실손보험 관련 유의사항들을 안내했다 (AI생성 이미지) 1세대 실손보험 가입자 A씨는 4세대 실손보험으로 전환하면 보험료를 많이 아낄 수 있다는 주변 사람들의 이야기에 지난해 4세대 실손으로 갈아탔다....,https://www.delighti.co.kr/news/articleView.html?idxno=116595,0,0.4214,0,drop,candidate_hybrid_gray_drop_score_lt_threshold,0,0.4214,,,,candidate_hybrid,1,0.65,0.35
단체 실손 끝나고 개인 실손 받으려면 1개월 내 재개 신청해야,"19일 금융감독원에 따르면 개인 실손보험과 회사 단체 실손보험에 동시에 가입한 경우 개인 실손보험 보험료 납입을 중지할 수 있다. 가입 후 1년이 지난 개인 실손보험이 대상이며, 중복되는 보장 항목만 중지하는...",http://www.newsfc.co.kr/news/articleView.html?idxno=78776,8,0.3425,1,keep,candidate_hybrid_keep_strong_domain_rule_anchor,8,0.3425,금융감독원,보험료;실손,,candidate_hybrid,1,0.65,0.35
"“5세대 실손? 안갈아타요”…보험료 오르는데 기존 실손 유지, 왜?",1~2세대 가입자 5세대 전환 권유 비중증 보장 줄고 자부담도↑ 보험료 절감 효과만으론 부족 # 2세대 실손보험을 가진 A씨는 최근 보험료 부담이 커지고 있다. 2년 전까지만 해도 보험료를 3만원대 냈지만 지금은...,https://www.mk.co.kr/article/12052213,2,0.3862,0,drop,candidate_hybrid_gray_drop_score_lt_threshold,2,0.3862,,보험료;실손,,candidate_hybrid,1,0.65,0.35
“실손 중복 가입했다면 보험료 납입 중지 가능”,개인실손보험과 단체실손보험에 중복 가입한 경우 개인실손보험의 보험료 납입을 중지하거나 일부 보장을 중지할 수 있다. 대상은 가입 후 1년이 지난 개인실손보험과 단체실손보험에 중복 가입한 사람이다. 신청은...,https://www.ddaily.co.kr/page/view/2026051914514675697,2,0.3305,0,drop,candidate_hybrid_model_drop_prob_le_threshold,2,0.3305,,보험료;실손,,candidate_hybrid,1,0.65,0.35
"""6개월 안엔 취소된다?""…실손 전환 철회 조건 따로 있다",두 보험에 함께 가입돼 있다면 개인실손보험의 보험료 납입중지 또는 일부 보장중지를 신청해 보험료 이중부담을 줄일 수 있다. 다만 중지할 수 있는 범위는 단체실손보험과 개인실손보험 간 중복되는 보장종목에...,https://www.ntoday.co.kr/news/articleView.html?idxno=127158,2,0.4187,0,drop,candidate_hybrid_gray_drop_score_lt_threshold,2,0.4187,,보험료;실손,,candidate_hybrid,1,0.65,0.35
"금감원, 실손보험 유의사항 안내…“중복 가입·세대 전환시 주의해야”","금융감독원에 따르면 개인실손과 단체실손보험에 중복 가입된 경우, 개인실손보험료 납입이나 일부 보장 중지를 신청할 수 있다. 중지 처리는 상해·질병입원 등 중복되는 보장종목에 한해 가능하며, 상품 구조 차이로...",http://www.segyebiz.com/newsView/20260519512332?OutUrl=naver,12,0.4285,1,keep,candidate_hybrid_keep_strong_domain_rule_anchor,12,0.4285,금융감독원;금감원,,,candidate_hybrid,1,0.65,0.35
직장 실손 가입하면 납입중지로 보험료 아끼세요,금융감독원 민원 사례에 따르면 A씨는 입사 이후 직장내 단체실손보험에 가입한 뒤에도 개인실손보험료를 성실히 납부했다. A씨는 납입중지 제도를 설명받지 못해 보험료를 이중 납입하는 손해를 봤다. 개인 실손보험을...,https://www.kbanker.co.kr/news/articleView.html?idxno=224979,8,0.4591,1,keep,candidate_hybrid_keep_strong_domain_rule_anchor,8,0.4591,금융감독원,보험료;실손,,candidate_hybrid,1,0.65,0.35
"'실손 중복가입' 주의보…금감원 ""단체보험 가입 시 개인보험 중지 가능...",금융감독원이 단체실손의료보험 가입 이후 개인 실손보험 보험료 납입을 중지할 수 있다는 사실을 모르고 보험료를 중복 납부하는 사례가 잇따르자 관련 유의사항 안내하고 나섰다. 19일 금감원은 이 같은 내용의 실손보험...,https://view.asiae.co.kr/article/2026051915111368313,14,0.3694,1,keep,candidate_hybrid_keep_strong_domain_rule_anchor,14,0.3694,금융감독원;금감원,보험료;실손,,candidate_hybrid,1,0.65,0.35
단체실손 가입하면 개인실손 중지…종료 1개월 내 재개 신청해야,"▲ 금융감독원 단체실손보험에 가입하면 기존 개인실손보험의 보험료 납입을 중지할 수 있고, 재개 신청은 단체실손보험이 종료된 후 1개월 이내 해야 합니다. 금융감독원은 오늘(19일) 이 같은 내용의 실손보험 관련 민원...",https://news.sbs.co.kr/news/endPage.do?news_id=N1008569227&plink=ORI&cooper=NAVER,7,0.429,1,keep,candidate_hybrid_gray_keep_domain_score_ge_threshold,7,0.429,금융감독원,보험료,,candidate_hybrid,1,0.65,0.35
5세대 실손 갈아탔다가 후회했다면…6개월 내 환원 가능,"회사가 가입해 주는 단체실손보험이 있음에도 기존 개인실손보험 보험료를 계속 내 왔다는 민원인도 있다. 해당 민원인은 납입중지 제도에 대한 설명을 들은 적이 없었고, 사실상 같은 위험에 대해 이중으로 보험료를...",https://www.news2day.co.kr/article/20260519500142,1,0.5168,0,drop,candidate_hybrid_gray_drop_score_lt_threshold,1,0.5168,,실손,,candidate_hybrid,1,0.65,0.35
단체보험 때문에 실손 해지했다면 한 달 이내 신청하세요,단체실손보험에 가입하면 기존 개인실손보험의 보험료 납입을 중지할 수 있다. 개인실손보험을 재개하려면 단체실손보험이 종료된 뒤 1개월 내에 신청해야 한다. 금융감독원은 19일 이같은 내용의 실손보험 관련 민원...,https://www.nocutnews.co.kr/news/6519547?utm_source=naver&utm_medium=article&utm_campaign=20260519025435,8,0.4112,1,keep,candidate_hybrid_keep_strong_domain_rule_anchor,8,0.4112,금융감독원,보험료;실손,,candidate_hybrid,1,0.65,0.35
"실손보험, 5세대로 전환해도 6개월 내 이전 계약 되돌릴 수 있어","■ 단체실손 가입했다면 기존 개인실손 '납입 중지' 가능 개인실손보험과 단체실손보험에 중복으로 가입됐다면, 기존 가입한 개인실손보험의 보험료 납입을 중지하거나 일부 보장을 중지해 보험료 이중부담을 해소할 수...",https://www.insnews.co.kr/news/articleView.html?idxno=90882,1,0.3156,0,drop,candidate_hybrid_model_drop_prob_le_threshold,1,0.3156,,보험료,,candidate_hybrid,1,0.65,0.35
"""4세대로 갈아탔다가 낭패""…금감원, 실손보험 유의사항 안내",안내 내용은 ▲단체·개인 실손보험 중복 가입 시 보험료 납입중지 ▲퇴직 이후 개인실손보험 재개 ▲실손보험 전환 철회 ▲해외여행보험 국내 의료비 보상 구조 등이다. 금감원에 따르면 개인실손보험 가입자가 직장...,https://www.ziksir.com/news/articleView.html?idxno=134347,7,0.3484,0,drop,candidate_hybrid_model_drop_prob_le_threshold,7,0.3484,금감원,보험료,,candidate_hybrid,1,0.65,0.35
"현대해상, 지난해 충격 딛고 반등 조짐…이번엔 무엇이 달랐나","자동차보험 손익은 -908억원으로 적자 전환했다. 누적된 자동차보험료 인하와 폭우·한파 등 이상기후에... 시장금리 상승과 실손보험 요구자본 산출 기준 변경, 예실차 위험액 감소 등이 복합적으로 반영된 결과다....",http://www.opinionnews.co.kr/news/articleView.html?idxno=138663,0,0.4263,0,drop,candidate_hybrid_gray_drop_score_lt_threshold,0,0.4263,,,,candidate_hybrid,1,0.65,0.35
"""단체실손 들면 개인실손 중지할 수 있다""","단체실손보험에 가입하면 기존 개인실손보험의 보험료 납입을 중지할 수 있고, 단체실손보험이 끝나면 1개월 이내에 재개 신청을 하면 된다. 금융감독원은 19일 이 같은 내용을 포함한 '실손보험 관련 민원 사례와 유의사항...",http://www.wowtv.co.kr/NewsCenter/News/Read?articleId=A202605190412&t=NN,7,0.3572,1,keep,candidate_hybrid_gray_keep_domain_score_ge_threshold,7,0.3572,금융감독원,보험료,,candidate_hybrid,1,0.65,0.35
"""단체실손 종료시 한달 안에 개인실손 재개해야""",개인실손보험의 보험료 납입을 중지해 보험료 부담을 줄일 수 있다. 퇴직 등으로 단체실손보험이 종료된 경우 한 달 내로 개인실손보험 재개를 신청해야 보장 공백을 피할 수 있다. (사진=연합뉴스) 19일 금융당국에 따르면...,https://www.asiatime.co.kr/article/20260519500274,1,0.3703,0,drop,candidate_hybrid_gray_drop_score_lt_threshold,1,0.3703,,보험료,,candidate_hybrid,1,0.65,0.35
"""직장인들 모르고 두 번 냈다""...실손 단체 가입시 개인보험 중지 가능",단체실손보험 가입 이후에 개인 실손보험 보험료 납입을 중지할 수 있다. 금융감독원은 19일 실손의료보험 관련 유의사항을 통해 이같이 안내했다. 개인실손보험과 단체실손보험에 중복으로 가입된 경우 개인실손보험의...,http://www.fnnews.com/news/202605191418131114,8,0.3882,1,keep,candidate_hybrid_keep_strong_domain_rule_anchor,8,0.3882,금융감독원,보험료;실손,,candidate_hybrid,1,0.65,0.35
"금감원, 실손보험 민원 늘자 경고…""단체·개인 중복가입 확인해야""",19일 금감원에 따르면 직장 단체실손보험 가입자는 기존 개인실손보험 보험료 납입을 일시 중단할 수 있다. 개인실손보험 가입 후 1년이 지났고 단체실손보험과 보장 항목이 겹친다면 개인실손보험 일부 또는 전부의...,https://news.tf.co.kr/read/economy/2324164.htm,7,0.4049,1,keep,candidate_hybrid_gray_keep_domain_score_ge_threshold,7,0.4049,금감원,보험료,,candidate_hybrid,1,0.65,0.35
"전북자치도, '군복무 청년 상해보험' 3년간 934건 지급","별도의 신청 절차 없이 자동 가입되며 보험료는 전북도와 시·군이 전액 부담한다. 국방부 병 상해보험이나 개인 실손보험과 중복 보상이 가능한 것이 특징이다. 보장 항목은 입원, 수술, 골절, 화상, 정신질환...",https://www.greened.kr/news/articleView.html?idxno=340926,0,0.384,0,drop,candidate_hybrid_gray_drop_score_lt_threshold,0,0.384,,,,candidate_hybrid,1,0.65,0.35
단체실손 들면 개인실손 중지…종료 1개월 내 재개 신청 해야,"단체 실손보험에 가입하면 기존 개인 실손보험의 보험료 납입을 중지할 수 있고, 재개 신청은 단체 실손보험이 종료된 후 1개월 이내 해야 합니다. 금융감독원은 오늘(19일) 이 같은 내용의 실손보험 관련 민원 사례와 유의...",https://news.kbs.co.kr/news/pc/view/view.do?ncd=8564780&ref=A,7,0.3959,1,keep,candidate_hybrid_gray_keep_domain_score_ge_threshold,7,0.3959,금융감독원,보험료,,candidate_hybrid,1,0.65,0.35
“실손 갈아탔다 후회되면 6개월 내 되돌릴 수 있다”,단체실손보험과 개인실손보험에 중복 가입한 경우에는 개인실손보험 보험료 납입을 중지할 수 있다. 개인실손보험 가입 후 1년이 지난 가입자가 대상이다. 개인실손보험을 체결한 보험회사에 신청해야 하며...,https://www.ddaily.co.kr/page/view/2026051913564549950,2,0.4478,0,drop,candidate_hybrid_gray_drop_score_lt_threshold,2,0.4478,,보험료;실손,,candidate_hybrid,1,0.65,0.35
“보험료 아끼려다 보장 끊긴다”…실손보험 가입자 유의사항,직장 단체실손보험에 가입했는데도 기존 개인실손보험 보험료를 계속 내는 사례가 적지 않다는 것이다. 금감원은 개인실손보험과 단체실손보험에 동시에 가입돼 있다면 개인실손보험 보험료 납입을 중지할 수 있다고...,https://www.kukinews.com/article/view/kuk202605190054,1,0.3021,0,drop,candidate_hybrid_model_drop_prob_le_threshold,1,0.3021,,보험료,,candidate_hybrid,1,0.65,0.35
회사가 실손 들어줬다면…보험료 두번 내지 마세요,개인 실손은 납입 중지 가능 퇴사 후 한달 안에 재개해야 5세대 실손 갈아타기 후회시 “6개월 이내 청약 철회 가능” A씨는 입사 후 회사가 제공하는 단체 실손보험(실손)에 가입했다. 하지만 동시에 개인 실손보험료도...,https://www.mk.co.kr/article/12052025,2,0.4818,0,drop,candidate_hybrid_gray_drop_score_lt_threshold,2,0.4818,,보험료;실손,,candidate_hybrid,1,0.65,0.35
"""4·5세대 실손 전환 후회된다면""... 금감원, 6개월 내 원복 제도 안내","19일 금융감독원에 따르면 개인실손보험 가입자가 직장에서 단체실손보험에 중복으로 가입된 경우, 개인실손보험의 보험료 납입을 잠정 중지할 수 있다. 가입 후 1년이 경과한 개인실손보험이 대상이며, 중복되는 보장...",https://www.pointe.co.kr/news/articleView.html?idxno=79634,14,0.5328,1,keep,candidate_hybrid_keep_strong_domain_rule_anchor,14,0.5328,금융감독원;금감원,보험료;실손,,candidate_hybrid,1,0.65,0.35
"갈아탄 실손이 만족스럽지 않다면… 금감원 ""6개월 내 전환 가능""",1세대 실손보험을 가지고 있던 A씨는 4세대 실손보험으로 전환하면 보험료를 많이 아낄 수 있다는 이야기에 지난해 보험 갈아타기를 했다. 하지만 1년 가까이 이용해 보니 자기부담 금액이 큰 데다 보장 내용이 적었다. 이에...,https://www.hankookilbo.com/news/article/A2026051911580003472?did=NA,6,0.4773,1,keep,candidate_hybrid_gray_keep_domain_score_ge_threshold,6,0.4773,금감원,,,candidate_hybrid,1,0.65,0.35
개인·단체 실손 중복 가입했다면 보험료 납입 중지 가능,단체 실손보험 가입 시 기존에 가입한 개인 실손보험 보험료 납입을 중지할 수 있다. 단체 실손보험이 종료됐다면 1개월 안에 중단된 개인 실손보험 재개를 해야 한다. 금융감독원은 19일 실손의료보험 관련 유의사항을...,https://www.sedaily.com/article/20045786?ref=naver,8,0.2676,1,keep,candidate_hybrid_keep_strong_domain_rule_anchor,8,0.2676,금융감독원,보험료;실손,,candidate_hybrid,1,0.65,0.35
전북 군복무 청년 상해보험 ‘효과’…입원·수술 등 934건 지원,"보험료는 도와 시·군이 전액 부담한다. 특히 국방부 병 상해보험이나 개인 실손보험과 별도로 중복 보상이 가능하도록 설계돼 실질적인 보장 범위를 넓혔다. 보장 항목은 상해·질병 입원과 수술, 골절, 화상 등을...",https://www.pressian.com/pages/articles/2026051912591689845?utm_source=naver&utm_medium=search,0,0.3952,0,drop,candidate_hybrid_gray_drop_score_lt_threshold,0,0.3952,,,,candidate_hybrid,1,0.65,0.35
"금감원, 단체실손 들면 개인실손 중지…종료 1개월 내 재개 신청 해야","단체실손보험에 가입하면 기존 개인실손보험의 보험료 납입을 중지할 수 있고, 재개 신청은 단체실손보험이 종료된 후 1개월 이내 해야 합니다. 금융감독원에 접수된 실손보험 관련 민원 사례에 따르면, 개인실손과...",https://news.bbsi.co.kr/news/articleView.html?idxno=4084494,13,0.4899,1,keep,candidate_hybrid_keep_strong_domain_rule_anchor,13,0.4899,금융감독원;금감원,보험료,,candidate_hybrid,1,0.65,0.35
전북도 군 복무 청년 상해보험 운영…934건 보장 혜택,"보험료는 도와 시군이 전액 부담한다.국방부 병 상해보험이나 개인 실손보험과 관계없이 중복 보상도 가능하며, 입원과 수술, 골절, 화상 등 다양한 보험 혜택을 받을 수 있다. 정신질환 위로금과 중증질환...",https://www.asiatoday.co.kr/kn/view.php?key=20260519010005259,0,0.3396,0,drop,candidate_hybrid_model_drop_prob_le_threshold,0,0.3396,,,,candidate_hybrid,1,0.65,0.35
"""실손보험, 이중 가입해도 보험금 더 못 받는다""…금감원, 소비자 유의...",19일 금감원에 따르면 개인실손보험과 직장 단체실손보험에 중복 가입한 경우 기존 개인실손보험의 보험료 납입을 중지할 수 있다. [사진=뉴스핌DB] 개인실손보험 가입 후 1년이 지났고 단체실손보험에도 가입돼 있다면...,https://www.newspim.com/news/view/20260519000616,7,0.5151,1,keep,candidate_hybrid_gray_keep_domain_score_ge_threshold,7,0.5151,금감원,보험료,,candidate_hybrid,1,0.65,0.35
"실손보험 중복 가입자, 보험료 납입중지 가능…퇴직 후 재개는 1개월 내",금감원에 따르면 개인실손보험과 단체실손보험에 함께 가입한 경우 기존 개인실손보험의 보험료 납입을 중지할 수 있다. 대상은 가입 후 1년이 지난 개인실손보험과 단체실손보험에 중복 가입한 소비자다. 납입중지는...,https://www.thepowernews.co.kr/view.php?ud=202605191313409247de3f0aa1be_7,1,0.2967,0,drop,candidate_hybrid_model_drop_prob_le_threshold,1,0.2967,,보험료,,candidate_hybrid,1,0.65,0.35
실손 갈아탔다가 못 돌아간다? 핵심은 ‘6개월’,"보험료 부담만 보고 섣불리 전환했다가는 되돌아가지 못할 수 있다. 금융감독원은 최근 민원 사례를 바탕으로 실손보험 관련 소비자 유의사항을 안내하며, “과거 가입한 실손보험을 최근 판매 중인 실손보험으로...",https://m.skyedaily.com/news_view.html?ID=304341,8,0.5196,1,keep,candidate_hybrid_keep_strong_domain_rule_anchor,8,0.5196,금융감독원,보험료;실손,,candidate_hybrid,1,0.65,0.35
"""4세대 실손 갈아탔다 후회된다면""…6개월 안에 되돌릴 수 있다","금감원, 민원사례로 알아보는 ‘실손의료보험’ 관련 유의사항 안내 갱신 보험료 부담에 4세대·5세대 실손보험으로 갈아탔다가 공제금액이 너무 크거나 보장이 줄어 후회하는 소비자가 적지 않다. 이 경우 청약 후 6개월...",https://www.raonnews.com/news/article.html?no=58251,8,0.5575,1,keep,candidate_hybrid_keep_strong_domain_rule_anchor,8,0.5575,금감원,보험료;실손,,candidate_hybrid,1,0.65,0.35
“단체보험 때문에 실손 해지했는데”…퇴직한 김부장 실손보험 가입 못...,"위 사례처럼 단체실손보험에 가입하면 기존 개인실손보험의 보험료 납입을 잠시 중단할 수 있다. 다만, 개인실손보험을 재개하려면 단체실손보험이 종료된 후 1개월 이내 해야 한다. 19일 금융감독원은 이 같은 내용이...",https://www.mk.co.kr/article/12051991,8,0.3501,1,keep,candidate_hybrid_keep_strong_domain_rule_anchor,8,0.3501,금융감독원,보험료;실손,,candidate_hybrid,1,0.65,0.35
"""단체실손 믿었다 낭패""...퇴직 후 한 달 넘기면 개인실손 재개 불가","특히 직장 단체실손보험 가입 시 개인실손보험 보험료 납입을 중지할 수 있고, 퇴직 후에는 일정 기간 내 별도 심사 없이 재개할 수 있다는 점을 강조했다. 금감원은 19일 '최근 민원사례로 알아보는 실손의료보험 관련...",http://www.fins.co.kr/news/articleView.html?idxno=108593,1,0.473,0,drop,candidate_hybrid_gray_drop_score_lt_threshold,1,0.473,,보험료,,candidate_hybrid,1,0.65,0.35
중복가입·해외보험 ‘헛돈’ 주의… 모르면 새는 실손 보험료,중지해 보험료 이중 부담을 줄여야 한다. 또 4세대 실손보험으로 갈아탄 뒤 후회가 된다면 무사고 기준 6개월 이내에 언제든 기존 계약으로 되돌릴 수 있다. 금융감독원은 19일 이처럼 실손의료보험 가입·전환·종료...,https://www.etoday.co.kr/news/view/2585837,8,0.4376,1,keep,candidate_hybrid_keep_strong_domain_rule_anchor,8,0.4376,금융감독원,보험료;실손,,candidate_hybrid,1,0.65,0.35
"실손보험, 세대 전환하더라도 6개월 내 '원복' 가능",단체 실손보험에 가입할 땐 기존에 가입한 개인실손보험 보험료 납입을 중지할 수 있다. 개인실손보험과 단체실손보험에 중복으로 가입된 경우 개인실손보험 보험료 납입중지나 일부 보장중지를 통해 보험료 이중 부담을...,https://www.etnews.com/20260519000046,1,0.2753,0,drop,candidate_hybrid_model_drop_prob_le_threshold,1,0.2753,,보험료,,candidate_hybrid,1,0.65,0.35
"실손보험 중복가입 주의보…보험료는 두 번, 보상은 한 번",우선 직장 단체실손보험에 가입한 경우 기존에 가입한 개인실손보험의 보험료 납입을 중지할 수 있다. 개인실손보험과 단체실손보험에 중복 가입돼 있다면 개인실손보험을 체결한 보험회사에 신청해 중복되는...,https://www.ajunews.com/view/20260519101336226,1,0.3252,0,drop,candidate_hybrid_model_drop_prob_le_threshold,1,0.3252,,보험료,,candidate_hybrid,1,0.65,0.35
단체실손보험 가입시 기존 가입한 개인실손보험 보험료 납입 중지할 수...,"금감원은 [소비자 유의사항]을 통해  ❶단체실손보험 가입시 기존에 가입한 개인실손보험의 보험료 납입을 중지할 수 있습니다. ❷퇴직 등으로 인해 단체실손보험이 종료되었다면, 기존에 중지했던 개인실손보험을 1개월...",http://www.intn.co.kr/news/articleView.html?idxno=2050821,1,0.4057,0,drop,candidate_hybrid_gray_drop_score_lt_threshold,1,0.4057,,보험료,,candidate_hybrid,1,0.65,0.35
“몰라서 이중 납부” 실손보험 중복가입 피해…단체 가입시 개인보험...,금융감독원이 단체실손보험 가입 이후에 개인 실손보험 보험료 납입을 중지할 수 있다는 사실을 몰라 보험료를 중복 납부하는 사례가 잇따르자 관련 제도 안내에 나섰다. 금감원은 19일 개인실손보험과 단체실손보험에...,https://www.hani.co.kr/arti/economy/finance/1259358.html,7,0.2683,0,drop,candidate_hybrid_model_drop_prob_le_threshold,7,0.2683,금융감독원,보험료,,candidate_hybrid,1,0.65,0.35
“회사 보험 믿었다가 몇 년치 날렸다”…실손 가입자가 놓치는 함정,"19일 금감원에 따르면 개인 실손보험과 회사 단체 실손보험에 동시에 가입한 경우 개인 실손보험 보험료 납입을 중지할 수 있다. 가입 후 1년이 지난 개인 실손보험이 대상이며, 중복되는 보장 항목만 중지하는 방식이다....",http://www.edaily.co.kr/news/newspath.asp?newsid=03276726645450560,2,0.3611,0,drop,candidate_hybrid_gray_drop_score_lt_threshold,2,0.3611,,보험료;실손,,candidate_hybrid,1,0.65,0.35
"“단체실손 가입 땐 개인실손 납입중지 가능”…금감원, 실손 주요 민원...",우선 개인실손보험 가입 후 1년이 지난 소비자가 직장 단체실손보험에 중복 가입한 경우 기존 개인실손보험 보험료 납입을 중지할 수 있다고 설명했다. 단체실손보험과 중복되는 보장 항목에 한해 중지가 가능하다. 퇴직...,https://www.dailian.co.kr/news/view/1645979/?sc=Naver,8,0.4787,1,keep,candidate_hybrid_keep_strong_domain_rule_anchor,8,0.4787,금감원,보험료;실손,,candidate_hybrid,1,0.65,0.35
"금융당국 ""실손보험 중복 가입·세대 전환시 소비자 유의해야""",우선 직장 단체실손보험에 가입한 경우 기존 개인실손보험 보험료 납입을 중지할 수 있다는 점이 대표 사례로 꼽혔다. 한 민원인은 단체실손보험 가입 이후에도 개인실손보험 보험료를 계속 납부했다며 이중 부담에 대한...,https://www.newsworks.co.kr/news/articleView.html?idxno=841165,1,0.4199,0,drop,candidate_hybrid_gray_drop_score_lt_threshold,1,0.4199,,보험료,,candidate_hybrid,1,0.65,0.35
"“퇴직 후 한 달이 골든타임”…중지한 개인실손, 기한 넘기면 재개 불...","기존 실손보험을 보험료가 더 저렴한 4세대나 5세대 상품으로 바꿨다가, 보장 범위 등이 맘에 들지 않아 원래 가입했던 실손보험으로 되돌리고 싶을 땐 전환한 날로부터 6개월 안에 신청해야 한다. 실제로 B씨는 갱신 보험료...",https://www.joongang.co.kr/article/25429548,1,0.436,0,drop,candidate_hybrid_gray_drop_score_lt_threshold,1,0.436,,보험료,,candidate_hybrid,1,0.65,0.35
"개인·단체 중복 가입돼 있다면, '일시중지' 가능해요","개인실손보험과 단체실손보험에 중복으로 가입된 경우, 개인실손보험의 보험료 납입중지 또는 일부 보장중지를 통해 보험료 이중부담을 해소할 수 있습니다. 대상은 개인실손보험(가입 후 1년 경과)과 단체실손보험에...",https://biz.sbs.co.kr/article_hub/20000311291?division=NAVER,1,0.2884,0,drop,candidate_hybrid_model_drop_prob_le_threshold,1,0.2884,,보험료,,candidate_hybrid,1,0.65,0.35
"""실손보험 전환 철회는 6개월 이내 가능합니다""","개인실손보험과 회사 등을 통한 단체실손보험에 중복으로 가입됐다면, 개인실손보험의 보험료 납입중지 또는 일부 보장중지를 통해 보험료 이중부담을 해소할 수 있다. 개인실손보험을 체결한 보험회사에 신청해야하고...",https://www.newsis.com/view/NISX20260519_0003635318,1,0.3095,0,drop,candidate_hybrid_model_drop_prob_le_threshold,1,0.3095,,보험료,,candidate_hybrid,1,0.65,0.35
“1세대로 돌아가볼까”…실손보험 전환 철회는 6개월 안으로,이 외에도 직장 내 단체실손보험에 가입하였으면 개인실손보험은 보험료 납입 중지 또는 일부 보장 중지가 가능하다. 퇴직 등의 이유로 단체 실손보험이 종료됐다면 기존의 개인 실손보험을 1개월 이내에 재개할 수 있다....,https://www.dt.co.kr/article/12063209?ref=naver,1,0.3276,0,drop,candidate_hybrid_model_drop_prob_le_threshold,1,0.3276,,보험료,,candidate_hybrid,1,0.65,0.35
"실손보험 전환·중지 민원 지속…금감원 ""재개 기한 확인해야""",19일 금융감독원에 따르면 개인실손보험과 직장 단체실손보험에 함께 가입한 소비자는 기존 개인실손보험의 보험료 납입을 중지하거나 일부 보장을 중지할 수 있다. 보험료를 이중으로 부담하는 상황을 줄이기 위한...,https://www.financialpost.co.kr/news/articleView.html?idxno=259608,13,0.3828,1,keep,candidate_hybrid_keep_strong_domain_rule_anchor,13,0.3828,금융감독원;금감원,보험료,,candidate_hybrid,1,0.65,0.35
"단체실손 종료 후 무심코 지나쳤다간…""1개월 내 개인실손 재개해야""","가장 먼저 금감원은 개인실손과 단체실손에 중복 가입한 경우, 가입 후 1년이 지난 경우 개인실손 보험사에 보험료 납입중지 또는 일부 보장중지를 통해 보험료 이중부담을 해소할 수 있다고 설명했다. 단체·개인실손간...",https://www.mt.co.kr/finance/2026/05/20/2026051910252597175,1,0.3629,0,drop,candidate_hybrid_gray_drop_score_lt_threshold,1,0.3629,,보험료,,candidate_hybrid,1,0.65,0.35
실손 중복 가입하셨나요?…단체보험 있으면 중지해도 됩니다,단체실손보험에 가입한 소비자는 기존 개인실손보험의 보험료 납입을 중지하거나 일부 보장을 중지해 보험료 이중 부담을 줄일 수 있다. 보험료 납입 중지 대상은 개인실손보험 가입 후 1년이 지난 계약자 가운데...,https://www.news1.kr/finance/insurance-card/6171122,2,0.3253,0,drop,candidate_hybrid_model_drop_prob_le_threshold,2,0.3253,,보험료;실손,,candidate_hybrid,1,0.65,0.35
"금감원 ""단체·개인실손 중복가입 확인""···보험료 이중납부 주의",A씨 사례처럼 개인·단체실손보험 중복 가입자는 개인실손보험의 보험료 납입중지 또는 일부 보장 중지를 신청해 이중 부담을 줄일 수 있다. 19일 금융감독원은 이런 내용을 담은 실손보험 관련 주요 민원 사례와...,https://www.seoulfn.com/news/articleView.html?idxno=629145,13,0.3741,1,keep,candidate_hybrid_keep_strong_domain_rule_anchor,13,0.3741,금융감독원;금감원,보험료,,candidate_hybrid,1,0.65,0.35
"""더 저렴한 실손 갈아탔더니 오히려 '낭패'""…민원으로 본 유의사항",C씨는 기존 실손보험의 갱신보험료 부담으로 비교적 저렴한 4세대로 전환했다. 하지만 공제금액이 많고 보장범위가 줄어 기존 상품으로 환원을 요청했으나 전환 후 6개월이 지나 불가능했다. 실손 전환 후 6개월 이내로는...,https://www.sidae.com/article/2026051909013846132,1,0.5263,0,drop,candidate_hybrid_gray_drop_score_lt_threshold,1,0.5263,,실손,,candidate_hybrid,1,0.65,0.35
"단체실손 가입 시 개인실손 중지 가능…당국, 유의사항 공개",금감원에 따르면 단체실손보험 가입 이후에도 개인실손보험료를 계속 납부하다가 납입중지 제도를 안내받지 못해 이중 납부 피해가 발생했다며 보상을 요구하는 민원이 최근 제기됐다. 금감원은 개인실손보험 가입 후...,https://www.newsway.co.kr/news/view?ud=2026051910390187124,0,0.5403,0,drop,candidate_hybrid_gray_drop_score_lt_threshold,0,0.5403,,,,candidate_hybrid,1,0.65,0.35
"전북, 군복무 청년 상해보험 확대 '효과'…3년간 934건 지원","보험료는 도와 시·군이 전액 지원한다. 특히 국방부 병 상해보험이나 개인 실손보험과 관계없이 중복 보상이 가능하도록 설계돼 실질적인 지원 효과를 높였다는 평가다. 보장 항목은 상해와 질병 입원, 수술비...",https://www.newspim.com/news/view/20260519000643,0,0.4303,0,drop,candidate_hybrid_gray_drop_score_lt_threshold,0,0.4303,,,,candidate_hybrid,1,0.65,0.35
사무장병원부터 설계사 전력까지…보험사기 근절 압박 높인다,"여기에 비급여 과잉진료, 실손보험금 및 건강보험 급여 거짓 청구 등 의료기관과 연계된 보험사기성 범죄도... 보험업계 관계자는 ""보험사기는 결국 선량한 가입자의 보험료 부담으로 이어질 수 있어 의료기관, 모집채널...",https://www.financialpost.co.kr/news/articleView.html?idxno=259600,4,0.3191,0,drop,candidate_hybrid_model_drop_prob_le_threshold,4,0.3191,보험업계,보험료,,candidate_hybrid,1,0.65,0.35
[포커스] 보험사 건전성 좋아졌다는데...손보사는 왜 뒷걸음쳤나,"손보사들은 올해 들어 자동차보험 손해율과 실손보험금 지급 부담을 계속 안고 있다. 보험료를 쉽게 올리기 어려운 상황에서 손해율이 높아지면 보험손익에 부담이 생기고, 자본 관리에도 영향을 줄 수 있다....",https://www.startuptoday.co.kr/news/articleView.html?idxno=801328,5,0.5365,0,drop,candidate_hybrid_gray_drop_score_lt_threshold,5,0.5365,보험사,건전성,,candidate_hybrid,1,0.65,0.35
외국인 자금 몰린 '보험주'···이달 삼성화재·DB손보 '베팅',DB손해보험에 대해서는 보험료 인상 효과가 본격 반영되는 2분기 이후 수익성이 개선될 것이란 전망이... 현대해상은 그동안 배당 중단과 실손보험 손해 부담 여파로 경쟁사보다 주가가 부진했다. 하지만 최근 들어...,http://www.finomy.com/news/articleView.html?idxno=254533,4,0.3835,0,drop,candidate_hybrid_gray_drop_score_lt_threshold,4,0.3835,손해보험,보험료,,candidate_hybrid,1,0.65,0.35
전북 청년 군복무 상해보험 정착…3년간 5억5000만원 지급,현재는 약 9900명이 별도 신청 절차 없이 자동 가입돼 있으며 보험료는 도와 시·군이 전액 지원한다. 국방부 병 상해보험이나 개인 실손보험과 관계없이 중복 보상이 가능한 점이 특징이다. 보장항목은 상해질병...,https://www.kmib.co.kr/article/view.asp?arcid=0029842119&code=61121111&cp=nv,0,0.4336,0,drop,candidate_hybrid_gray_drop_score_lt_threshold,0,0.4336,,,,candidate_hybrid,1,0.65,0.35
"손보사 1분기 실적, 장기보험·투자손익 ‘방어력’에서 갈렸다",다만 자동차보험 손익은 1분기 96억원 적자를 나타냈다. 과거 보험료 인하 누적 영향과 연초 강설로 인한... 장기보험도 실손·질병 담보 손해율 부담 확대로 예전만큼 폭발적인 수익성을 보장하지 못하고...,https://www.ekn.kr/web/view.php?key=20260519028505800,6,0.3446,0,drop,candidate_hybrid_model_drop_prob_le_threshold,6,0.3446,손보사,보험료;실손;실적,,candidate_hybrid,1,0.65,0.35
"전북도, 군 복무 청년 상해보험 전액 지원… 9900명 대상","국방부 병 상해보험이나 개인 실손보험과 관계없이 중복 보상이 가능하며, 별도 신청 없이 자동 가입된다.... 보험료는 도와 시·군이 전액 부담한다. 도에 따르면 2023년 사업 도입 이후 올해까지 총 4만2,900명의 청년이...",https://www.hankookilbo.com/news/article/A2026051910250004780?did=NA,0,0.5235,0,drop,candidate_hybrid_gray_drop_score_lt_threshold,0,0.5235,,,,candidate_hybrid,1,0.65,0.35
전북도 '군 복무 청년 상해보험' 효과 톡톡…3년간 934건 지원,"보험료는 도와 시군이 전액 부담한다. 국방부 병 상해보험이나 개인 실손보험과 관계없이 중복 보상도 가능하며, 입원과 수술, 골절, 화상 등 다양한 상황에서 보험 혜택을 받을 수 있다. 정신질환 위로금과...",https://www.news1.kr/local/jeonbuk/6171032,0,0.4172,0,drop,candidate_hybrid_gray_drop_score_lt_threshold,0,0.4172,,,,candidate_hybrid,1,0.65,0.35
전북도 군복무 청년 상해보험 도입 3년…4만 3천 명 혜택,"올해 기준 가입 대상은 약 9900명이며, 보험료는 전북자치도와 시군이 전액 부담한다. 특히 국방부 병 상해보험이나 개인 실손보험과 관계없이 중복으로 보상받을 수 있어 지원 효과가 크다. 군 장병은 입원, 수술...",https://www.nocutnews.co.kr/news/6519307?utm_source=naver&utm_medium=article&utm_campaign=20260519102833,0,0.4487,0,drop,candidate_hybrid_gray_drop_score_lt_threshold,0,0.4487,,,,candidate_hybrid,1,0.65,0.35
보험 GA시장 판도 흔드는 핀테크…데이터 무기로 '급성장',"최근에는 보험료 절감 기능을 강화한 솔루션도 선보였다. 건강 마이데이터와 보험 데이터를 결합해 실손보험 전환, 중복 가입 정리 등 다양한 시나리오별 절감 효과를 제시하고 고객의 실질적인 보험 혜택을 높인다는...",https://daily.hankooki.com/news/articleView.html?idxno=1368257,1,0.3265,0,drop,candidate_hybrid_model_drop_prob_le_threshold,1,0.3265,,보험료,,candidate_hybrid,1,0.65,0.35
"보험사기, 갈수록 지능화되는 수법 속 선의의 피해 방지 위한 법적 대응...","전체 보험료 인상을 초래하고 있다. 금융감독원과 관련 기관의 통계에 따르면 적발 금액이 매년 역대 최고치를 경신하고 있으며, 그 수법 또한 고령층을 이용한 허위 실손 보험 청구부터 사회 초년생을 끌어들인 고의...",http://www.hortitimes.com/news/articleView.html?idxno=34042,8,0.4217,1,keep,candidate_hybrid_keep_strong_domain_rule_anchor,8,0.4217,금융감독원,보험료;실손,,candidate_hybrid,1,0.65,0.35
"삼성證, 역대급 실적에 급등했지만… 발행어음 지연에 다시 '주르르'",발행어음 사업은 초대형 투자은행(IB)이 자기 신용을 기반으로 만기 1년 이내 어음을 발행해 자금을... 삼성증권은 지난해 금감원의 초고액자산가 거점점포 검사 과정에서 일부 영업점의 불건전 영업행위가 적발된 바...,https://it.chosun.com/news/articleView.html?idxno=2023092162415,3,0.6522,1,keep,candidate_hybrid_model_keep_prob_ge_threshold_with_domain_anchor,3,0.6522,검사,,,candidate_hybrid,1,0.65,0.35
"""5조 순익 넘어 6조 정조준""··· 양종희 KB금융 '리딩금융' 넘어 포용금...",18일 금융권에 따르면 KB국민은행은 올해 민간 중금리대출 공급 규모를 총 1조5300억원으로 확대하기로... 오는 8월 금융감독원이 실시할 KB금융 정기검사 역시 주요 변수로 꼽힌다. 금감원은 올해 '지배구조 선진화'와...,https://www.smartbizn.com/news/articleView.html?idxno=144281,6,0.5673,1,keep,candidate_hybrid_gray_keep_domain_score_ge_threshold,6,0.5673,금융감독원,,,candidate_hybrid,1,0.65,0.35
'라임·ELS 잔혹사' 고비 넘기는 은행권…남은 변수들은,"금감원이 금소법상 설명의무 위반과 부당권유 금지 위반을 동시에 적용한 법리 구조, 은행·증권사별 검사 기준 차이에 대한 보완이 핵심이다. 금감원은 보완 검토를 이달 중 마무리해 금융위에 다시 제출할 것으로...",http://www.srtimes.kr/news/articleView.html?idxno=203576,16,0.7757,1,keep,candidate_hybrid_keep_strong_domain_rule_anchor,16,0.7757,금융위;은행;은행권;검사,,,candidate_hybrid,1,0.65,0.35
[현장에서]ELS 반려가 드러낸 금융위·금감원의 숙제,"금융위원회가 시중은행에 대한 총 1조4000억원 규모의 과징금이 담긴 제재안을 금융감독원으로... 금감원은 검사와 제재 실무를, 금융위는 최종 의결을 맡지만 실제 현장에서는 책임과 권한의 경계가 늘 명확한 것은...",http://www.edaily.co.kr/news/newspath.asp?newsid=04431286645450560,25,0.6673,1,keep,candidate_hybrid_keep_strong_domain_rule_anchor,25,0.6673,금융감독원;금융위원회;금융위;시중은행;제재,,,candidate_hybrid,1,0.65,0.35
"금융감독원, 이지스자산운용 대표 둘러싼 신용공여 의혹 '문제없음' 결...","19일 투자은행(IB) 업계에 따르면 금감원은 최근 이지스자산운용에 '대주주 신용공여 금지 위반'과 '직무정보... 조 대표는 지난 2021년 대표이사직에서 물러난 뒤 신사업추진단장을 맡아왔지만, 금감원 검사 과정에서...",http://www.press9.kr/news/articleView.html?idxno=76759,15,0.7037,1,keep,candidate_hybrid_keep_strong_domain_rule_anchor,15,0.7037,금융감독원;금감원;검사,,,candidate_hybrid,1,0.65,0.35
"금감원, 고성능 AI·레버리지 ETF 위험 경보… ""소비자 피해 엄정 대응""","이번 협의회는 모니터링, 위험포착, 감독·검사, 시정·환류로 이어지는 리스크 기반 소비자보호 시스템을... 이에 따라 금감원은 관계기관 협력을 통해 금융권 특성을 반영한 AI 대응방안을 신속히 마련하고, 보안 목적의...",https://www.pointe.co.kr/news/articleView.html?idxno=79631,9,0.5533,1,keep,candidate_hybrid_keep_strong_domain_rule_anchor,9,0.5533,금감원;검사,,,candidate_hybrid,1,0.65,0.35
단일종목 레버리지 ETF 출시 앞두고…금감원 '빚투' 경고,"협의회에는 금융감독원장과 수석부원장, 은행·중소금융 부원장, 자본시장·회계 부원장... 금감원은 위법 가능성이 높은 투자자문사와 운용사에 대해서는 검사 실시 방안도 검토하기로 했다. 보험 분야에서는...",http://www.newsfc.co.kr/news/articleView.html?idxno=78761,18,0.6605,1,keep,candidate_hybrid_keep_strong_domain_rule_anchor,18,0.6605,금융감독원;금감원;은행;검사,,,candidate_hybrid,1,0.65,0.35
"하나자산신탁, 임직원 수년간 복수계좌 주식거래…내부통제 '유명무실'",최근 금융감독원은 하나자산신탁 검사 과정에서 임직원 25명의 금융투자상품 매매 제한 위반 행위를 적발하고 제재 조치를 공개했다. 금감원에 따르면 이들은 회사에 신고하지 않은 본인 계좌를 이용해 상장된 주식을...,https://www.100ssd.co.kr/news/articleView.html?idxno=209429,12,0.5848,1,keep,candidate_hybrid_keep_strong_domain_rule_anchor,12,0.5848,금융감독원;검사;제재,,,candidate_hybrid,1,0.65,0.35
이찬진 금감원장 “빚투·레버리지 조장 경각심”,불법 금융광고 등을 신속히 차단·제재하는 원스톱 대응체계의 유기적 운영이 강조됐다. 투자자문업자 등의 불법 영업 가능성에 대해서도 주의를 환기했다. 금감원은 비상장주식 투자나 공모주 청약대행을 미끼로...,https://www.mk.co.kr/article/12052019,0,0.5304,0,drop,candidate_hybrid_gray_drop_score_lt_threshold,0,0.5304,,,,candidate_hybrid,1,0.65,0.35
"금융사, 빚투·레버리지 투자 조장…이찬진 금감원장 “경각심 갖고 대...",유도 [금감원 제공] 이찬진(사진) 금융감독원장이 최근 국내 주식시장의 높은 변동성과 관련해 “금융회사의... 불법 금융광고 등을 신속히 차단·제재하는 원스톱 대응체계를 유기적으로 운영하겠다고 강조했다. 이날...,https://biz.heraldcorp.com/article/10740865?ref=naver,12,0.6575,1,keep,candidate_hybrid_keep_strong_domain_rule_anchor,12,0.6575,금융감독원;금감원,,,candidate_hybrid,1,0.65,0.35
"이찬진 “AI 금융위험 경각심 가져야”…금감원, 소비자위험 점검","한다”며 “금융회사의 보안체계 개선을 적극적으로 이끌 필요가 있다”고 강조했다. 그는 증시 변동성이... 금감원은 GA의 컨설팅업 겸영금지와 상호 규제 신설, 제재회피 행위 엄단 등 관련 규제 정비를 추진할...",https://www.ddaily.co.kr/page/view/2026051911272684519,6,0.6275,1,keep,candidate_hybrid_gray_keep_domain_score_ge_threshold,6,0.6275,금감원,,,candidate_hybrid,1,0.65,0.35
"무리한 빚투 부를라…금감원, 레버리지 쏠림 경고",쏠림과 금융회사 과당경쟁에 대한 모니터링을 강화하기로 했다. 최근 국내 증시가 ‘8000피’를 넘긴 직후... 불법 금융광고를 신속히 차단·제재하는 원스톱 대응체계를 운영할 계획이다. 더불어 불법행위 징후가 높은...,https://www.mk.co.kr/article/12051918,6,0.5655,1,keep,candidate_hybrid_gray_keep_domain_score_ge_threshold,6,0.5655,금감원,,,candidate_hybrid,1,0.65,0.35
"""돈 더 줄게, 여기 오세요""…당국 경고에도 보험 설계사 유치전 '과열'","19일 금융권에 따르면 올 1분기 GA 상위 9개사(한화생명금융서비스, 지에이코리아주식회사, 인카금융서비... 같은 기간 설계사 249명에 대한 제재도 이뤄졌다. 금감원은 부당승환 예방을 위한 제도 개선을 추진하고...",https://www.sidae.com/article/2026051908103565744,0,0.4877,0,drop,candidate_hybrid_gray_drop_score_lt_threshold,0,0.4877,,,,candidate_hybrid,1,0.65,0.35
금감원장 “빚투 부추기는 금융사와 핀플루언서 교란 행위 경각심 갖고...,"이찬진 금융감독원장이 “금융회사의 과도한 빚투(빚내서 투자)와 레버리지 투자를 부추기는 행위, 일부 핀플루언서 등의 자본시장 교란행위에 대해 높은 수준의 경각심을 갖고 대응하라”고 지시했다. 19일 금감원에...",https://www.hani.co.kr/arti/economy/finance/1259341.html,6,0.5171,1,keep,candidate_hybrid_gray_keep_domain_score_ge_threshold,6,0.5171,금융감독원,,,candidate_hybrid,1,0.65,0.35
"'레버리지 과열' 경고한 이찬진 ""높은 수준으로 대응""","앞두고 금융감독원이 개인투자자 손실 가능성 및 증권사 과당경쟁에 주의가 필요하다고 경고했다. 금감원... 가지고 금융회사의 보안체계 개선을 적극적으로 이끌어야 한다""고 말했다. 이와 함께 ""증시 변동성이...",https://www.nocutnews.co.kr/news/6519252?utm_source=naver&utm_medium=article&utm_campaign=20260519093832,15,0.633,1,keep,candidate_hybrid_keep_strong_domain_rule_anchor,15,0.633,금융감독원;금감원;증권사,,,candidate_hybrid,1,0.65,0.35
"이찬진 금감원장 ""과도한 빚투·핀플루언서 교란 강력 대응""",이찬진 금융감독원장이 국내 주식시장의 변동성 확대 국면에서 금융회사의 과도한 빚투(빚내서 투자)... 점검하면서 금감원이 사전 예방형 소비자 보호 체계 구축에 본격 시동을 거는 모양새다. 19일 금감원에 따르면...,http://www.thebigdata.co.kr/view.php?ud=202605190913447841c808fa9903_23,6,0.6358,1,keep,candidate_hybrid_gray_keep_domain_score_ge_threshold,6,0.6358,금융감독원,,,candidate_hybrid,1,0.65,0.35
금융AI부터 디지털자산까지···'AI G3' 청사진 그리다 [2026 한국금융미...,"이번 포럼에는 권대영 금융위원회 부위원장을 비롯해 김병환 전 금융위원장, 임종룡 우리금융그룹 회장... 금융당국이 추진 중인 금융권 AI 플랫폼과 데이터 결합 제도 개선 역시 이런 흐름의 연장선이라는 분석이다....",http://www.fntimes.com/html/view.php?ud=202605191707049234b4a7c6999c_18,16,0.5183,1,keep,candidate_hybrid_keep_strong_domain_rule_anchor,16,0.5183,금융위원회;금융위;디지털자산,,,candidate_hybrid,1,0.65,0.35
"""월 50만 원 넣었더니 3년 뒤 2255만 원""…'청년미래적금' 금리 공개","수준, 제도 개선 사항 등을 발표했다. 행사에는 이억원 금융위원장을 비롯해 금융기관 관계자와 청년 정책... 전략""이라며 ""청년이 결혼과 주거, 창업, 도전에 나설 수 있도록 정부와 금융권이 함께 지원하겠다""고 밝혔다.",https://www.dailytw.kr/news/articleView.html?idxno=31530,7,0.5294,1,keep,candidate_hybrid_gray_keep_domain_score_ge_threshold,7,0.5294,금융위,금리,,candidate_hybrid,1,0.65,0.35
'중징계 사전통보' MBK 제재 차일피일…이유는? [취재여담],"금융권 관계자는 ""얼마 전까지만 해도 일정 부분 금감원이 중징계에 드라이브를 거는 분위기였는데 계속... MBK의 홈플러스 사태로 촉발된 PE F제도 개선안은 지난해 금감원과 금융위가 사모펀드운용사들에 대한 규제와...",https://biz.sbs.co.kr/article_hub/20000311290?division=NAVER,9,0.6343,1,keep,candidate_hybrid_keep_strong_domain_rule_anchor,9,0.6343,금융위;제재,,,candidate_hybrid,1,0.65,0.35
"여전업계, 사잇돌대출 10월 출시 추진···최대 3천만원·연 8~12%",19일 금융권에 따르면 금융위원회는 오는 10월 여전업권 사잇돌대출 출시를 목표로 관련 제도 정비와 실무... 당국은 민간 중금리대출 활성화를 위해 금리요건 산식 개선과 인센티브 차등화 등 제도 개선도 추진한다....,https://www.seoulfn.com/news/articleView.html?idxno=629139,12,0.6408,1,keep,candidate_hybrid_keep_strong_domain_rule_anchor,12,0.6408,금융위원회;금융위,,,candidate_hybrid,1,0.65,0.35
[투데이 Pick] 하나금융-두나무 동맹…'코인 제휴' 케이뱅크 변수 주목,"업계에서는 이번 투자가 원화 스테이블코인과 토큰증권(STO), 디지털자산 기반 자산관리(WM), 블록체인 기반 결제·송금 인프라까지 염두에 둔 행보라는 분석이 나온다. 단순 지분 투자보다 디지털자산 생태계 전반으로...",https://www.news2day.co.kr/article/20260519500207,31,0.7307,1,keep,candidate_hybrid_keep_strong_domain_rule_anchor,31,0.7307,토큰증권;sto;디지털자산;두나무;스테이블코인;원화 스테이블코인,원화,,candidate_hybrid,1,0.65,0.35
"업비트·코인원·코빗까지…금융사, 가상자산 거래소에 눈독","전통 수익원이 약화된 상황에서, 거래 수수료·커스터디·토큰증권(STO) 등 신사업 기회를 조기에 확보하려는 것이다. 이미 대규모 이용자를 확보한 거래소에 투자해 고객 접점과 데이터 기반을 선점하려는 의도도 읽힌다....",https://www.kukinews.com/article/view/kuk202605190138,20,0.712,1,keep,candidate_hybrid_keep_strong_domain_rule_anchor,20,0.712,가상자산;토큰증권;sto;업비트,수수료,,candidate_hybrid,1,0.65,0.35
"[칼럼] 국가바이오혁신위, '신약-특허 토큰 혁명' 주도해야",여기에 2026년 초 시행된 전자증권법 및 자본시장법 개정안은 토큰 증권(STO)을 법적 테두리 안으로 정식 편입시켰다. 국가 차원의 디지털 혈맥과 법적 그릇이 비로소 맞물리기 시작한 것이다. 제약산업은 그 어떤 분야보다...,https://www.pharmnews.com/news/articleView.html?idxno=303624,5,0.566,0,drop,candidate_hybrid_gray_drop_score_lt_threshold,5,0.566,sto,,,candidate_hybrid,1,0.65,0.35
[사설] 현장은 ‘규제 절규’인데 국가는 ‘보신주의’… 언제까지 디지...,"가정에 불과하다지만, 2017년 ICO(암호화폐 공개)를 전면 금지하는 대신 합리적인 제도권 안으로 끌어들였다면, 그리고 토큰증권(STO)을 샌드박스라는 창살 안에 가두지 않고 진즉에 본법을 통과시켰다면 어땠을까. 수백조...",https://www.tokenpost.kr/news/insights/361262,14,0.7399,1,keep,candidate_hybrid_keep_strong_domain_rule_anchor,14,0.7399,암호화폐;토큰증권;sto,,,candidate_hybrid,1,0.65,0.35
"[텔레그래프] 전통 금융사, 코인시장 진출…디지털자산 '지분 혈맹' 확산","전통 자산과 가상자산, 토큰증권(STO)까지 하나로 연결하는 통합 디지털 금융 플랫폼을 구축하는 것이 목표입니다. 박현주 미래에셋그룹 회장도 올해 신년사에서 ""가상자산거래소 인수는 미래 금융을 향한 선제적 조치...",https://news.mtn.co.kr/news-detail/2026051917003842096,24,0.7457,1,keep,candidate_hybrid_keep_strong_domain_rule_anchor,24,0.7457,가상자산;토큰증권;sto;디지털자산;가상자산거래소,금융,,candidate_hybrid,1,0.65,0.35
"""저녁 골라줘"" 하면 배달까지?…네이버 '배민' 눈독 들이는 이유",다만 네이버는 최근 토큰증권(STO) 관련 금융 인프라 투자와 AI 검색·쇼핑 고도화 등 돈 쓸 곳이 줄을 잇고 있다. 결국 이번 투자가 성공하려면 배민 인수를 통해 배달 주문 데이터를 얼마나 깊숙이 넘겨받고 네이버페이 등...,https://www.newsis.com/view/NISX20260519_0003636299,11,0.6331,1,keep,candidate_hybrid_keep_strong_domain_rule_anchor,11,0.6331,토큰증권;sto,금융,,candidate_hybrid,1,0.65,0.35
"[단독] 신한금융, 홍콩 디지털자산 라이선스 취득 추진…자산 토큰화 사...",홍콩을 디지털자산 글로벌 전진기지로 삼아 STO(토큰증권)·RWA(실물연계자산) 토큰화 사업화을 본격 추진하는 것으로 풀이된다. 제도 정비가 빠른 홍콩을 거점으로 디지털자산 시장을 선점하려는 금융지주들의 움직임도...,https://biz.heraldcorp.com/article/10741214?ref=naver,14,0.7319,1,keep,candidate_hybrid_keep_strong_domain_rule_anchor,14,0.7319,토큰증권;sto;디지털자산,,,candidate_hybrid,1,0.65,0.35
"네이버, 52주 최고가 대비 30% 하락인데…반등 열쇠는?","양사는 두나무의 자체 블록체인 '기와체인' 기반 외화송금 서비스, 원화 스테이블코인 발행·유통 인프라, 하나증권 토큰증권(STO) 플랫폼 등에서 협력을 본격화한다는 계획이다. 네이버 입장에서는 합병 전 두나무...",http://www.joseilbo.com/news/news_read.php?uid=568572&class=53&grp=,27,0.7417,1,keep,candidate_hybrid_keep_strong_domain_rule_anchor,27,0.7417,토큰증권;sto;두나무;스테이블코인;원화 스테이블코인,원화,,candidate_hybrid,1,0.65,0.35
"[기획] 미래에셋증권, 홍콩·뉴욕·인도 잇는 '한국형 모건스탠리' 꿈꾼...",업계에서는 이를 단순 가상자산 거래 차원을 넘어 향후 토큰증권(STO)과 글로벌 디지털 투자 플랫폼 확장 전략의 일환으로 해석한다. 신흥국 확장 전략도 주목받는다. 미래에셋증권은 지난 해 11월 인도 현지 증권사...,https://www.polinews.co.kr/news/articleView.html?idxno=731672,17,0.7499,1,keep,candidate_hybrid_keep_strong_domain_rule_anchor,17,0.7499,증권사;가상자산;토큰증권;sto,,,candidate_hybrid,1,0.65,0.35
"김성수 후보 ""새만금 특별자치단체연합은 정치적 위선…전북 자산주권...","""외부 자본에 넘어간 재생에너지 주권을 전북펀드와 STO(토큰증권) 방식으로 되찾아오겠다""며 ""새만금 전력을 전용선로(PPA) 방식으로 전북 기업에 공급해 기업이 모이는 산업 생태계를 만들겠다""고 밝혔다. 김 후보는 ""행정...",http://www.jeollailbo.com/news/articleView.html?idxno=800602,10,0.616,1,keep,candidate_hybrid_keep_strong_domain_rule_anchor,10,0.616,토큰증권;sto,,,candidate_hybrid,1,0.65,0.35
디지털자산 시장에 금융권 가세…거래소 역할 재편 주목,"토큰증권(STO), 원화 스테이블코인, 예금토큰, 커스터디 등 금융권의 접근 영역이 점점 넓어지고 있기 때문입니다. 거래소는 금융권 참여를 시장 신뢰와 기관 자금 유입 확대의 기회로 활용할 수 있지만, 동시에 새 수익원을...",http://www.newstomato.com/ReadNews.aspx?no=1301384&inflow=N,26,0.7299,1,keep,candidate_hybrid_keep_strong_domain_rule_anchor,26,0.7299,토큰증권;sto;디지털자산;스테이블코인;원화 스테이블코인,원화,,candidate_hybrid,1,0.65,0.35
"[증권사 전성시대] ""안방 자금 지켜라""…은행권, 증시 활황에 ‘금리·디...","자산의 상당 부분을 차지하던 시중은행의 거액 정기예금 비중을 낮추고, 가상자산과 토큰증권(STO) 등 신종 디지털자산 투자로 눈을 돌린 것이다. B씨는 “예전에는 가상자산 투자가 막연히 위험하다고만 생각했는데...",http://www.segyebiz.com/newsView/20260519511532?OutUrl=naver,30,0.8239,1,keep,candidate_hybrid_keep_strong_domain_rule_anchor,30,0.8239,은행권;시중은행;증권사;가상자산;토큰증권;sto;디지털자산,금리,,candidate_hybrid,1,0.65,0.35
민병덕 의원 “AI 시대 금융혁신 위해 국회도 입법 지원할 것” [2026 한...,이어 “디지털자산과 토큰증권(STO) 등 새로운 금융 생태계도 빠르게 확장되고 있다”고 강조했다. 그는 “중요한 건 이러한 변화를 대한민국 국민의 경쟁력 강화와 국민 편익 증진으로 연결하는 일”이라며 “이를...,http://www.fntimes.com/html/view.php?ud=2026051914193551330f4390e77d_18,15,0.6175,1,keep,candidate_hybrid_keep_strong_domain_rule_anchor,15,0.6175,토큰증권;sto;디지털자산,금융,,candidate_hybrid,1,0.65,0.35
"美 SEC, '발행사 동의 없는' 토큰화 주식 허용 임박… 한국 STO 제도, 출...","한국이 토큰증권발행(STO) 법제화를 두고 수년째 공회전하는 사이, 미국은 STO를 건너뛰고 곧장 '발행사 없는 토큰화'라는 다음 단계로 향하고 있다. ■ 무엇이 달라지나… '주식의 디지털 복제본'이 합법화된다 SEC는...",https://www.tokenpost.kr/news/insights/360993,11,0.6764,1,keep,candidate_hybrid_keep_strong_domain_rule_anchor,11,0.6764,토큰증권;sto,주식,,candidate_hybrid,1,0.65,0.35
"기업들, 조용히 이더리움 쓸어 담았다… 보유량 사상 최대","탈중앙화금융(DeFi), NFT, 토큰증권(STO), 인공지능(AI) 기반 블록체인 서비스 등 상당수 프로젝트가 이더리움 생태계를 중심으로 구축되고 있기 때문이다. 다만 시장 분위기가 일방적으로 낙관적인 것은 아니다. 최근 일부...",https://www.pinpointnews.co.kr/news/articleView.html?idxno=453646,10,0.6327,1,keep,candidate_hybrid_keep_strong_domain_rule_anchor,10,0.6327,토큰증권;sto,,,candidate_hybrid,1,0.65,0.35
"비트코인, 미결제 약정 260억 달러 돌파...공포 장세 속 고래들 대규모...",가상자산 거래소 CEX.IO의 일리아 오티첸코 수석 애널리스트도 미국 인플레이션 데이터 발표 이후 연방준비제도의 올해 금리 인상 가능성이 대두되면서 시장의 기대 심리가 완전히 꺾였다고 분석했다. 실제로 예측...,http://coinreaders.com/237419,6,0.7815,1,keep,candidate_hybrid_model_keep_prob_ge_threshold_with_domain_anchor,6,0.7815,가상자산,금리;달러,,candidate_hybrid,1,0.65,0.35
"빗썸, 정기 헌혈 문화 확산…ESG 사회공헌 확대",가상자산 거래소 빗썸이 임직원 참여를 기반으로 한 ‘헌혈 문화’를 정례화하며 사회공헌 활동을 확대하고 있다. 단발성 이벤트를 넘어 지속 가능한 참여형 ESG 모델로 자리잡고 있다는 점에서 주목된다. 임직원 자발...,https://www.tokenpost.kr/news/society/361393,9,0.5502,1,keep,candidate_hybrid_keep_strong_domain_rule_anchor,9,0.5502,가상자산;빗썸,,,candidate_hybrid,1,0.65,0.35
[오늘의 비트코인] 美 국채금리 급등 직격탄…7만6000달러도 위태,미국 국채 금리 급등 여파로 비트코인을 비롯한 가상자산 시장이 약세를 나타내고 있다. 인플레이션 우려가 재차 부각되면서 안전자산 선호 심리가 강해진 영향으로 풀이된다. 미국 암호화폐 거래소...,https://news.dealsitetv.com/articles/170680,16,0.7668,1,keep,candidate_hybrid_keep_strong_domain_rule_anchor,16,0.7668,국채;국채금리;가상자산;암호화폐,금리,,candidate_hybrid,1,0.65,0.35
"[SEABW 2026] 빗컵·블록스트릿 ""RWA 토큰화, 단절된 유동성을 잇는다""",태국 최대 가상자산 거래소 빗컵(Bitkub)과 Web3 인프라 기업 블록스트릿(Block Street)이 공동 주최한 'Vision Day' 행사장이었다. 화려한 조명 아래 계단식 좌석을 가득 채운 참석자들은 저마다 휴대폰을 들고 무대를...,https://www.greened.kr/news/articleView.html?idxno=340998,4,0.6992,1,keep,candidate_hybrid_model_keep_prob_ge_threshold_with_domain_anchor,4,0.6992,가상자산,,,candidate_hybrid,1,0.65,0.35
"비트코인, 1억1400만원서 횡보…美 국채금리 급등에 투자심리 위축",이날 오전 8시10분 기준 가상자산 거래소 빗썸에서 비트코인은 24시간 전보다 0.50% 오른 1억1450만원에 거래되고 있다. 전날부터 1억1400만원대에서 뚜렷한 방향성 없이 횡보하는 모습이다. 비트코인은 지난 12일 한때...,https://www.newsis.com/view/NISX20260520_0003636772,8,0.6562,1,keep,candidate_hybrid_keep_strong_domain_rule_anchor,8,0.6562,국채금리;가상자산,,,candidate_hybrid,1,0.65,0.35
"빗썸, 임직원 자발적 헌혈 '사내 문화'로 안착",가상자산 거래소 빗썸이 임직원들의 자발적인 참여를 바탕으로 정기 헌혈을 사내 문화로 정착시키며 사회적 책임 이행에 속도를 내고 있다. 빗썸은 지난 18일 서울 강남구 본사 정문 앞에서 대한적십자사...,http://www.newsroad.co.kr/news/articleView.html?idxno=59521,9,0.5954,1,keep,candidate_hybrid_keep_strong_domain_rule_anchor,9,0.5954,가상자산;빗썸,,,candidate_hybrid,1,0.65,0.35
"[김대호 인물 열전] 피터 하윗(Howitt) ""슘페터 창조적 파괴""",국내 거래소와 가상자산 관련 기업들은 미국의 입법 속도에 맞춰 내부 통제 시스템과 자금세탁방지(AML) 기능을 고도화해야 한다. 규제에 수동적으로 대응하기보다 선제적으로 준수하는 것이 경쟁력이 되는 시대다....,https://www.g-enews.com/view.php?ud=202605152024533723906806b77b_1,4,0.6202,0,drop,candidate_hybrid_gray_drop_score_lt_threshold,4,0.6202,가상자산,,,candidate_hybrid,1,0.65,0.35
美 국채금리 급등에 비트코인 흔들...“6만5000달러 하락 가능성” [디센...,국내 가상화폐 거래소 빗썸에서 BTC는 24시간 전 대비 0.04% 내린 1억 1441만 8000원을 기록했다. ETH는 0.91... 미국 30년물 국채금리는 이날 장중 5.189%으로 2007년 이후 최고 수준까지 치솟아 위험자산 전반에 부담을...,https://www.decenter.kr/article/20046105?ref=naverdc,4,0.5882,0,drop,candidate_hybrid_drop_generic_market_or_ipo_noise,4,0.5882,국채금리,,,candidate_hybrid,1,0.65,0.35
[아주경제 코이너스 브리핑] 美 국채금리 급등에 비트코인 흔들…7만600...,"실제 코인마켓캡의 가상자산 공포 및 탐욕 지수는 이날 기준 공포(39)에 진입했다. 이 지수는 0에 가까울수록 극단적 공포를, 100에 가까울수록 극단적 낙관을 의미한다. 한편 같은 시각 국내 원화 거래소...",https://www.ajunews.com/view/20260520074728362,9,0.7215,1,keep,candidate_hybrid_keep_strong_domain_rule_anchor,9,0.7215,국채금리;가상자산,원화,,candidate_hybrid,1,0.65,0.35
'1회성 이벤트' 배제한 빗썸의 뚝심…4년째 이어온 정기 헌혈의 온기,가상자산 거래소 업계가 단순한 플랫폼 고도화를 넘어 임직원들이 직접 참여하는 상시적인 사회공헌 활동(CSR)을 전개하며 사회적 책임 이행을 강화하고 있다. 빗썸이 서울 강남구 소재 본사 정문 앞에서 대한적십자사...,https://www.thefairnews.co.kr/news/articleView.html?idxno=77403,4,0.5798,0,drop,candidate_hybrid_gray_drop_score_lt_threshold,4,0.5798,가상자산,,,candidate_hybrid,1,0.65,0.35
"비트코인, 지금은 최저점 다질 기회...최종 폭발 시점은?",거래소 내 비트코인 잔액 역시 과거 코비드 시절 17.6%에서 현재 15% 수준까지 떨어져 50만BTC가 거래소... 투자 전문가 제임스 래비시(James Lavish)는 현재 가상자산 시장이 대중과 언론의 무지 탓에 심각한 저평가...,http://coinreaders.com/237416,4,0.654,1,keep,candidate_hybrid_model_keep_prob_ge_threshold_with_domain_anchor,4,0.654,가상자산,,,candidate_hybrid,1,0.65,0.35
SBI그룹 “日제도화 후 비트코인 ETF·신탁 출시…3년내 48조원 유치”,현재 일본 금융청은 오는 2028년까지 도쿄증권거래소에서 가상자산 ETF 거래를 가능하게 하는 것을 목표로 하고 있다. 관련 법안이 통과될 경우 현행 최대 55%에 이르는 일본의 가상자산 양도차익 세율은 2027년부터...,http://www.edaily.co.kr/news/newspath.asp?newsid=02158246645450888,4,0.6974,1,keep,candidate_hybrid_model_keep_prob_ge_threshold_with_domain_anchor,4,0.6974,가상자산,,,candidate_hybrid,1,0.65,0.35
"""내년까지 금리 인하 확률 제로""...비트코인, 매파 돌변 시 7만 2,000달러...","5월 19일(현지시간) 가상자산 전문 매체 유투데이에 따르면, 시카고상품거래소(CME) 페드워치(FedWatch) 데이터 분석 결과 연준이 2027년까지 금리 인하 기조를 이어갈 확률은 현재 '시각적 제로(0%)'에 수렴했다. 오히려...",http://coinreaders.com/237414,5,0.7623,1,keep,candidate_hybrid_model_keep_prob_ge_threshold_with_domain_anchor,5,0.7623,가상자산,금리,,candidate_hybrid,1,0.65,0.35
코인 송금할 때 1000만원 넘으면 의심하라고?,실효성 의문 제기…음지 거래 부추길라 기준 강화에 당장 큰 부담을 느끼는 건 가상자산 거래소들이다. 업계는 하반기 법인 투자 시장이 열리는 가운데 분석 절차에 과부하가 걸릴 것으로 우려하고 있다....,https://news.bizwatch.co.kr/article/mobile/2026/05/18/0041,4,0.596,0,drop,candidate_hybrid_gray_drop_score_lt_threshold,4,0.596,가상자산,,,candidate_hybrid,1,0.65,0.35
"나스닥과 손잡은 폴리마켓, 5조 달러 비상장 시장 흔든다","세계 최대 탈중앙화 예측시장 플랫폼 폴리마켓(Polymarket)이 세계적인 증권거래소 나스닥(Nasdaq)과 손을 잡고... 폴리마켓은 가상자산뿐만 아니라 정치, 금융, 스포츠, 심지어 날씨에 이르기까지 지구상의 전방위적인...",http://coinreaders.com/237412,6,0.5418,1,keep,candidate_hybrid_gray_keep_domain_score_ge_threshold,6,0.5418,가상자산,달러;금융,,candidate_hybrid,1,0.65,0.35
"금융당국, 특금법 논란에 디지털자산 거래소 만나…""정책 디테일은 바꿀...",특히 이번 간담회에서 가상자산 업계가 가장 강력하게 우려를 표명한 대목은 해외 거래소 및 개인지갑 간 1000만원 이상의 모든 가상자산 이전 거래를 위험도와 관계없이 의심거래보고(STR) 대상으로 분류해 FIU에 강제...,https://www.newspim.com/news/view/20260519001292,13,0.6058,1,keep,candidate_hybrid_keep_strong_domain_rule_anchor,13,0.6058,가상자산;디지털자산;fiu,,,candidate_hybrid,1,0.65,0.35
업비트·빗썸 1분기 실적 급감…거래대금 한파에 분수령 맞나,국내 1·2위 가상자산 거래소 업비트와 빗썸의 올해 1분기 실적이 동시에 급감했다. 거래대금 축소와 대외 불확실성이 겹치며 ‘어닝 쇼크’ 수준의 성적표를 받아든 것이다. 두나무(업비트 운영사)는 2026년 1분기 매출...,https://www.tokenpost.kr/news/cryptocurrency/361379,20,0.4885,1,keep,candidate_hybrid_keep_strong_domain_rule_anchor,20,0.4885,가상자산;업비트;빗썸;두나무,실적,,candidate_hybrid,1,0.65,0.35
가상자산 시장 숨고르기...비트코인 주춤·알트코인 투심 흔들,"국내 가상자산 거래소 관계자는 ""최근 시장은 급격한 투매보다는 단기 차익 실현과 관망 심리가 동시에 반영되는 흐름에 가깝다""며 ""비트코인 대비 알트코인 낙폭이 확대되고 스테이블코인 거래 비중이 높아지는 점은...",https://www.newswhoplus.com/news/articleView.html?idxno=60713,9,0.7198,1,keep,candidate_hybrid_keep_strong_domain_rule_anchor,9,0.7198,가상자산;스테이블코인,,,candidate_hybrid,1,0.65,0.35
"얼어붙은 코인시장, 업비트·빗썸 실적 찬바람",금융정보분석원(FIU)과 금융감독원이 국내 27개 가상자산사업자 실태조사한 결과 지난해 말 기준 주요 가상자산 가격이 하락하며 가상자산 거래소의 이용자·원화예치금은 증가하였으나 거래규모·영업이익...,https://www.sisaon.co.kr/news/articleView.html?idxno=201200,31,0.6685,1,keep,candidate_hybrid_keep_strong_domain_rule_anchor,31,0.6685,금융감독원;가상자산;업비트;빗썸;fiu;금융정보분석원,실적,,candidate_hybrid,1,0.65,0.35
"5월 20일 출근길 팟캐스트 2,105만달러 청산 속 숏 포지션 압박, 워런은...",연관 뉴스와 자금 흐름 거래소별로는 최근 4시간 기준 바이낸스에서 1351만 달러가 청산돼 전체의 44.61%를... 정책 측면에서는 엘리자베스 워런 미국 상원의원이 미국 통화감독청에 리플과 코인베이스 등 가상자산...,https://www.tokenpost.kr/news/insights/361354,4,0.658,1,keep,candidate_hybrid_model_keep_prob_ge_threshold_with_domain_anchor,4,0.658,가상자산,,,candidate_hybrid,1,0.65,0.35
내년 가상자산 과세 강행…주식과 형평성 논란 재점화,"해외 거래소 이용자의 신고 기준, 에어드롭·스테이킹 보상 등 다양한 유형의 소득에 대한 과세 기준이 포함될 가능성이 크다. 해외 주요국과의 차이도 논란을 키우는 요인이다. 미국은 가상자산을 자본자산으로 보고 보유...",https://www.tokenpost.kr/news/policy/361377,4,0.5756,0,drop,candidate_hybrid_gray_drop_score_lt_threshold,4,0.5756,가상자산,,,candidate_hybrid,1,0.65,0.35
"[크립토마켓]위험자산 회피 심리…비트코인, 일주일 새 5% 하락",미국 최대 가상자산 거래소 코인베이스는 19일(현지시각) 나스닥에서 전 거래일 보다 2.12% 올랐지만 세계 최대 기업 비트코인 보유 업체 스트래티지 주가는 1.20% 떨어져 상반된 흐름을 보였다.,https://www.sidae.com/article/2026052007101660449,4,0.6478,0,drop,candidate_hybrid_gray_drop_score_lt_threshold,4,0.6478,가상자산,,,candidate_hybrid,1,0.65,0.35
"[더벨][Company Watch] 빗썸, 비용 절감에도 수익성 방어 실패 '코인 한파...",이 같은 실적 둔화는 빗썸만의 문제가 아니라 국내 주요 가상자산 거래소 전반에서 공통적으로 나타나는 흐름이다. 중동 지역 정세 불안과 고금리 기조 장기화로 투자심리가 위축되면서 가상자산 거래대금이...,https://www.thebell.co.kr/free/content/ArticleView.asp?key=202605181345301320103973,10,0.6186,1,keep,candidate_hybrid_keep_strong_domain_rule_anchor,10,0.6186,가상자산;빗썸,실적,,candidate_hybrid,1,0.65,0.35
"비트코인, 7.7억 달러 손실 물량 폭탄...대폭락 시나리오 가동되나?",가상자산 전문 매체 코인텔레그래프는 5월 19일(현지시간) 온체인 데이터 플랫폼 크립토퀀트(CryptoQuant)의 자료를 인용해 단기 보유자들이 월요일 하루 동안 1만BTC 넘는 물량을 손실을 보며 가상자산 거래소...,http://coinreaders.com/237406,5,0.7026,1,keep,candidate_hybrid_model_keep_prob_ge_threshold_with_domain_anchor,5,0.7026,가상자산,달러,,candidate_hybrid,1,0.65,0.35
"""돈 빠진다"" 국채금리 쇼크에 업비트 거래량 급감","국내 가상자산 시장에 관망세가 짙어지는 모습이다. 5월 20일 오전 6시 50분 기준 업비트에 따르면... 미국 30년물 국채금리는 장중 5.197%까지 치솟으며 2007년 이후 최고치를 기록했고, 미국 시카고상품거래소(CME)...",http://coinreaders.com/237404,13,0.7304,1,keep,candidate_hybrid_keep_strong_domain_rule_anchor,13,0.7304,국채금리;가상자산;업비트,,,candidate_hybrid,1,0.65,0.35
[전문인칼럼] 비트코인으로 산 해외직구 관세는,"특히 해외직구는 전자상거래 플랫폼, 결제사업자, 가상자산 거래소, 물류업체 등 다양한 참여자가 연결된 구조이기 때문에 어느 단계에서 거래가격을 검증할 것인지도 중요한 과제가 된다. 향후에는 결제 시점의 암호화폐...",https://www.daejonilbo.com/news/articleView.html?idxno=2276235,8,0.6935,1,keep,candidate_hybrid_keep_strong_domain_rule_anchor,8,0.6935,가상자산;암호화폐,,,candidate_hybrid,1,0.65,0.35
코인서 돈 빠지고 국장에 79조 몰렸다…거래소 실적 '반토막',"국내 1·2위 가상자산 거래소들의 올해 1분기 실적이 반토막 났다. 글로벌 경기 불확실성과 국내 증시 쏠림 영향으로 거래대금이 급감한 영향인데, 실제 통계에서도 올해 3월 국내 증시 하루 거래대금이 79조원까지...",https://www.newsis.com/view/NISX20260519_0003635846,5,0.5441,0,drop,candidate_hybrid_gray_drop_score_lt_threshold,5,0.5441,가상자산,실적,,candidate_hybrid,1,0.65,0.35
'프로포절' 33 통과로 변곡점 맞게 된 크로노스(CRO),"가상자산 관련 주요 정책의 변화, 거래소를 둘러싼 지형 변화 외에도 화제가 되는 코인에 대한 따끈따끈한 소식도 전하겠습니다. 크로노스(CRONOS) 생태계의 네이티브 토큰 CRO가 새로운 토크노믹스 전환점에 섰다....",https://www.wolyo.co.kr/news/articleView.html?idxno=312402,4,0.6433,0,drop,candidate_hybrid_gray_drop_score_lt_threshold,4,0.6433,가상자산,,,candidate_hybrid,1,0.65,0.35
[금융현미경]카드망 중심 질서 흔들…AI·스테이블코인이 바꾸는 결제 ...,"x402는 미국 최대 가상자산거래소 코인베이스가 주도하는 차세대 웹 결제 프로토콜이다. x402 기반 결제에서는 웹서비스가 ""결제가 필요하다""는 신호를 보내면 AI 에이전트가 스테이블코인 등을 활용해 즉시 비용을...",https://view.asiae.co.kr/article/2026051910333794555,14,0.5072,1,keep,candidate_hybrid_keep_strong_domain_rule_anchor,14,0.5072,가상자산;가상자산거래소;스테이블코인,,,candidate_hybrid,1,0.65,0.35
“1326만명 코인 과세 폐지해야”…국민 청원 4만명 돌파,"더욱이 가상자산 시장은 사기성 프로젝트, 부실 상장, 거래소 중심 구조 등으로 인해 투자 위험이 매우 높은 시장입니다. 그럼에도 불구하고 투자자 보호 장치와 피해 구제 제도는 여전히 미흡한 수준에 머물러 있습니다....",http://www.edaily.co.kr/news/newspath.asp?newsid=01905686645450888,6,0.5622,1,keep,candidate_hybrid_gray_keep_domain_score_ge_threshold,6,0.5622,가상자산,부실,,candidate_hybrid,1,0.65,0.35
"'메타마스크' 개발사, 미국 IPO 연기 결정",상장 연기 계획은 최근 가상화폐 시장 약세와 위험자산 회피 심리가 맞물린 결과로 풀이된다. 가상화폐... 컨센시스 외에는 가상화폐 거래소 크라켄(Kraken)과 블록체인 하드웨어 지갑 제조사 레저(Ledger) 역시 시장...,https://www.khgames.co.kr/news/articleView.html?idxno=304500,4,0.5174,0,drop,candidate_hybrid_drop_generic_market_or_ipo_noise,4,0.5174,ipo,,,candidate_hybrid,1,0.65,0.35
"솔라나 초기 투자자, 기습 차익 실현...38만 SOL 추가로 던지나?","지난달에도 별도의 지갑이 스테이킹을 해제하고 2,610만 달러 상당의 솔라나를 가상자산 거래소 바이낸스에 입금해 제도권 자금의 이탈 우려를 키웠다. 글로벌 자산운용사 갤럭시 디지털 역시 25만SOL을 거래소...",http://coinreaders.com/237385,5,0.5987,0,drop,candidate_hybrid_gray_drop_score_lt_threshold,5,0.5987,가상자산,달러,,candidate_hybrid,1,0.65,0.35
"테더, 한국서 회사명·로고 상표 출원...지사 설립 가능성 주목",특히 국회에서 논의 중인 디지털자산기본법에 해외 스테이블코인 발행사의 국내 유통 시 지점 설치 의무가... 한 가상화폐 업계 관계자는 “서클 창업자 제러미 알레어도 최근 직접 방한해 금융지주와 거래소들을 만나...,https://www.sedaily.com/article/20045939?ref=naver,9,0.4848,1,keep,candidate_hybrid_keep_strong_domain_rule_anchor,9,0.4848,디지털자산;스테이블코인,,,candidate_hybrid,1,0.65,0.35
지금이 폭등 전 마지막 기회…XRP 역대급 '태풍의 눈' 진입했다,투자자들의 투기성 자금 규모를 보여주는 가상자산 거래소 바이낸스의 XRP 추정 레버리지 비율 역시 0.173까지 추락했다. 불과 6개월 만에 기록했던 최고치인 0.260을 크게 밑도는 수치다. 그러나 전문가들은 이처럼...,https://www.pinpointnews.co.kr/news/articleView.html?idxno=453910,4,0.7133,1,keep,candidate_hybrid_model_keep_prob_ge_threshold_with_domain_anchor,4,0.7133,가상자산,,,candidate_hybrid,1,0.65,0.35
"[모닝 뉴스브리핑] 엘리자베스 워런, 리플·코인베이스 등 가상자산 기...","엘리자베스 워런 미국 상원의원이 미국 통화감독청(OCC)에 리플, 코인베이스 등 가상자산 기업에 대한... 이들 거래소는 수정 의견서를 통해 이 기준이 전통 상품선물 규제에서 비롯된 것으로, 유동성이 낮은 소형...",https://www.tokenpost.kr/news/briefing/361345,4,0.718,1,keep,candidate_hybrid_model_keep_prob_ge_threshold_with_domain_anchor,4,0.718,가상자산,,,candidate_hybrid,1,0.65,0.35
글로벌 최대 비트코인 ATM 업체 파산보호 신청,"알렉스 홈즈(Alex Holmes) 비트코인디포 최고경영자는 ""미국 각 주 정부가 가상자산 거래 한도를 극도로... 비트코인은 5월 20일 오전 현재 빗썸 가상화폐 거래소에서 전일대비 0.51%상승한 1억 1,451만 원에 거래되고 있다.",https://www.khgames.co.kr/news/articleView.html?idxno=304498,9,0.302,1,keep,candidate_hybrid_keep_strong_domain_rule_anchor,9,0.302,가상자산;빗썸,,,candidate_hybrid,1,0.65,0.35
"XRP, 미 국채 토큰화 결합으로 강세장 주도 준비...수십억 달러 이자 보...",가상자산 거래소 업홀드(Uphold) 대표 낸시 비튼(Nancy Beaton)이 개인 투자자와 기관 투자자들이 엑스알피(XRP)에 집중하는 핵심 이유를 밝히며 글로벌 결제 시장의 지각 변동을 예고했다. 5월 19일(현지시간) 가상자산...,http://coinreaders.com/237372,8,0.642,1,keep,candidate_hybrid_keep_strong_domain_rule_anchor,8,0.642,국채;가상자산,달러,,candidate_hybrid,1,0.65,0.35
"트럼프, 이란 공습 보류 하루만에 '그림자 금융' 등 50여 곳 역대급 제재",◆ 아민 환전소 겨냥 '그림자 금융' 초토화 작전 이번 제재의 핵심 타깃은 이란의 유력 외환 거래소인 아민... 재무부는 그간 경제적 분노 작전을 통해 이란 정권과 연계된 약 5억 달러 규모의 가상자산을 동결하고...,https://www.newspim.com/news/view/20260520000018,9,0.5287,1,keep,candidate_hybrid_keep_strong_domain_rule_anchor,9,0.5287,제재;가상자산,달러;금융,,candidate_hybrid,1,0.65,0.35
"이더리움 재단, 핵심 인력 이탈에 개발 리더십 '흔들'",특히 행동 강령 세부 문구에는 서구권 가상화폐 서구권 가상자산 진영에서 사상적·정치적 논란이 돼던... 이더리움은 5월 20일 오전 현재 코빗 가상화폐 거래소에서 전일대비 0.96% 상승한 316만 원에 거래되고 있다.,https://www.khgames.co.kr/news/articleView.html?idxno=304497,8,0.3032,1,keep,candidate_hybrid_keep_strong_domain_rule_anchor,8,0.3032,가상자산;코빗,,,candidate_hybrid,1,0.65,0.35
"지캐시, 1,000달러 돌파 카운트다운...비트코인 시총 10% 장악 확률은?","가상자산 거래소 비트멕스(BitMEX) 공동 창업자 아서 헤이즈(Arthur Hayes)는 지캐시의 시가총액이 향후 비트코인(Bitcoin, BTC) 시가총액의 10% 수준까지 도달할 수 있다고 분석했다. 지캐시의 현재 유통량인 약 1,668만...",http://coinreaders.com/237370,4,0.7051,1,keep,candidate_hybrid_model_keep_prob_ge_threshold_with_domain_anchor,4,0.7051,가상자산,,,candidate_hybrid,1,0.65,0.35
비트코인 조정 배경은 '손실성 투매'…단기 투자자 패닉셀 확대,지표에 따르면 지난 5월 19일 기준 직전 24시간 동안 실현 수익을 올리고 있던 단기 투자자들이 차익 실현을 위해 가상자산 거래소로 입금한 비트코인 물량은 약 112개에 그쳤다. 반면 마이너스 수익률을 기록 중이던...,https://www.khgames.co.kr/news/articleView.html?idxno=304496,4,0.6508,1,keep,candidate_hybrid_model_keep_prob_ge_threshold_with_domain_anchor,4,0.6508,가상자산,,,candidate_hybrid,1,0.65,0.35
"일주일 만에 12% 폭락하더니...시바이누, 24억 개 강제청산 터진 진짜 이...",다만 주말을 지배했던 극심한 변동성이 다소 진정되면서 거래소 밖으로 시바이누 물량을 빼내는 투자자들이 급증하고 있다. 가상자산 데이터 플랫폼 크립토퀀트 데이터에 따르면 최근 하루 동안 거래소...,http://coinreaders.com/237368,4,0.6583,1,keep,candidate_hybrid_model_keep_prob_ge_threshold_with_domain_anchor,4,0.6583,가상자산,,,candidate_hybrid,1,0.65,0.35
"카카오뱅크 앱서 가상자산 투자…코인원, 10종 코인 대상 '모으기' 개시",(사진제공=코인원) 컨슈머타임스=안성렬 기자 | 국내 가상자산 거래소와 인터넷전문은행이 협업 투자자들의 가상자산 적립식 투자 접근성을 대폭 개선했다. 코인원은 자사의 자동 주문 적립식 투자 상품인 '코인모으기...,https://www.cstimes.com/news/articleView.html?idxno=706465,4,0.6798,1,keep,candidate_hybrid_model_keep_prob_ge_threshold_with_domain_anchor,4,0.6798,가상자산,,,candidate_hybrid,1,0.65,0.35
"가상자산 기업, 거래량 감소·AI 열풍에 IPO 연기",렛저는 앞서 뉴욕증권거래소 상장과 40억달러 수준의 기업가치를 계획한 바 있다. 펀드스트랫의 숀 패럴 디지털자산 전략 책임자는 올해 가상자산 거래량이 약 75% 감소해 상장 가상자산 기업의 밸류에이션이 압박을...,https://www.tokenpost.kr/news/breaking/361292,12,0.7577,1,keep,candidate_hybrid_keep_strong_domain_rule_anchor,12,0.7577,ipo;가상자산;디지털자산,,,candidate_hybrid,1,0.65,0.35
[마켓인사이드] 美 SEC의 “제3자 토큰주식” 실험…월가와 가상자산 시...,"하지만 토큰주식이 확산되면 거래소 A의 토큰 테슬라, 디파이 플랫폼 B의 토큰 테슬라, 가상자산 프로토콜 C의 합성 테슬라 등이 동시에 거래될 수 있다. 이 경우 같은 테슬라를 기초자산으로 삼고 있어도 가격이 서로...",https://www.news2day.co.kr/article/20260520500001,4,0.6238,0,drop,candidate_hybrid_drop_low_value_overseas_market_noise,4,0.6238,가상자산,,,candidate_hybrid,1,0.65,0.35
외국인·기관 '7조원' 역대급 매도 폭탄…KOSPI 주도주 무차별 청산에 7...,"20일 한국거래소 마감 데이터에 따르면 전날 유가증권시장(코스피)에서 외국인 투자자는 홀로 4조 2,500억... 최근 가상자산 등 테마 장세로의 자금 쏠림과 금리 변동성 확대 탓에 기관과 외국인의 차익실현 매물이...",https://www.thefairnews.co.kr/news/articleView.html?idxno=77382,7,0.6101,1,keep,candidate_hybrid_gray_keep_domain_score_ge_threshold,7,0.6101,가상자산,금리;코스피,,candidate_hybrid,1,0.65,0.35
"금융 골드러시 시대, 월가에 ‘곡괭이’를 팔다… 독점 정보 유통망 설...",예를 들어 채권시장은 주식처럼 공개된 거래소가 아닌 장외(OTC)에서 개별적으로 거래가 이뤄지는 경우가... 블룸버그의 자산이 된다. 수만 명의 전문가들이 전용 메신저인 ‘인스턴트 블룸버그’를 통해 나누는 대화와...,https://www.donga.com/news/Opinion/article/all/20260519/133955074/2,1,0.4677,0,drop,candidate_hybrid_gray_drop_score_lt_threshold,1,0.4677,,금융,,candidate_hybrid,1,0.65,0.35
“AI로 역사문화유산 복원 천만 관광객 시대 열겠다”[6·3 재보선 인터...,"그는 “변호사 생활을 하며, 두나무 회사(가상자산 거래소)에서 일하며 실물경제가 어떻게 돌아가는지도 알게 됐다”고 했다. 충남 공주 출신인 김 후보는 대전지검, 서울중앙지검 등에서 11년간 검사로 근무했다. 2019...",https://www.khan.co.kr/article/202605192130005,9,0.5922,1,keep,candidate_hybrid_keep_strong_domain_rule_anchor,9,0.5922,가상자산;두나무,,,candidate_hybrid,1,0.65,0.35
"""투매 지표 10.54%로 폭발""...비트코인, 평단가 11만 달러 고래들도 항복",다만 해당 구역에 시카고상품거래소 갭이 새로 형성됨에 따라 이를 메우기 위한 일시적 회복 가능성은... 가상자산 데이터 플랫폼 크립토퀀트 데이터에 따르면 6개월에서 12개월 전 비트코인을 매입한 장기 보유자들의...,http://coinreaders.com/237327,5,0.6601,1,keep,candidate_hybrid_model_keep_prob_ge_threshold_with_domain_anchor,5,0.6601,가상자산,달러,,candidate_hybrid,1,0.65,0.35
"유정복 후보 배우자, 코인 2만개 해외 이전·재산 은닉 의혹 논란",선대위는 해당 자산들이 공직자 가상자산 재산등록 의무화 시행령 기준일(2024년 12월 31일)을 고작 보름 앞둔 12월 16일 해외 가상자산 거래소인 ‘바이낸스’로 긴급 이전된 점을 지적하며 “과연 이를 우연의 일치로 볼...,https://biz.heraldcorp.com/article/10741257?ref=naver,4,0.5227,0,drop,candidate_hybrid_gray_drop_score_lt_threshold,4,0.5227,가상자산,,,candidate_hybrid,1,0.65,0.35
"투기 연료 완전히 고갈됐네... 리플(XRP), 기괴한 '변동성 공백' 상태 빠...",글로벌 최대 가상자산 거래소 바이낸스에서 리플의 영구 선물 펀딩 금리는 보도 시점 기준 0.003에서 마이너스(-) 영역으로 전격 전환됐다. 펀딩 피가 마이너스로 돌아섰다는 것은 시장 참여자들이 리플의 하락에...,https://www.pinpointnews.co.kr/news/articleView.html?idxno=453900,4,0.6913,1,keep,candidate_hybrid_model_keep_prob_ge_threshold_with_domain_anchor,4,0.6913,가상자산,,,candidate_hybrid,1,0.65,0.35
하락장 속 테더 쌓는 두나무·빗썸…‘코인 대여서비스’ 유동성 확보,"코인 빌리기는 이용자가 비트코인, 테더 등 가상자산이나 원화를 담보로 맡기면 거래소가 다른 가상자산을 빌려주는 서비스다. 담보 가치가 일정 수준 아래로 떨어지면 거래소가 이를 강제 매도해 대여 자산을...",http://www.edaily.co.kr/news/newspath.asp?newsid=04975766645450560,17,0.6098,1,keep,candidate_hybrid_keep_strong_domain_rule_anchor,17,0.6098,유동성;가상자산;빗썸;두나무,,,candidate_hybrid,1,0.65,0.35
"두나무, 28일 임시주총…자사주 활용 정관 변경·신규 이사 선임 논의",사진=두나무  가상자산 거래소 업비트를 운영하는 두나무가 월말 임시주주총회를 열고 자사주 활용 근거를 담은 정관 변경과 신규 이사진 선임 안건을 논의한다고 19일 밝혔다. 두나무는 오는 28일 오전 8시 서울 강남구...,https://weekly.hankooki.com/news/articleView.html?idxno=7165015,9,0.695,1,keep,candidate_hybrid_keep_strong_domain_rule_anchor,9,0.695,가상자산;두나무,,,candidate_hybrid,1,0.65,0.35
유정복 인천시장 후보 측 ‘재산신고 고의 누락’ 의혹… 박찬대 후보 ...,"배우자 소유 가상자산 재산신고 누락 의혹 제기 해외 거래소 이전 통한 고의적 재산 은닉 주장 박찬대 측, 사법 절차 진행될 중대한 사안 경고 유정복 측, 사실 관계 파악 후 입장 발표 예정 더불어민주당 박찬대 인천시장...",https://www.kyeongin.com/article/1763889,4,0.4805,0,drop,candidate_hybrid_gray_drop_score_lt_threshold,4,0.4805,가상자산,,,candidate_hybrid,1,0.65,0.35
몸값 8조?…대기업이 '배달의민족' 인수 꺼려하는 까닭은,가상자산거래소 업비트 운영사인 두나무와 합병을 추진하면서 공정거래위원회와 금융당국의 승인을 기다리고 있는 네이버가 무리하게 인수를 추진할 이유가 없다는 논리다. 간편결제(네이버페이)와 인터넷 포털...,https://www.hankyung.com/article/2026051970501,14,0.5752,1,keep,candidate_hybrid_keep_strong_domain_rule_anchor,14,0.5752,가상자산;가상자산거래소;업비트,,,candidate_hybrid,1,0.65,0.35
"박찬대 인천시장 후보 ""유정복 후보, '코인 2만 개 재산은닉 의혹' 진실...","해외 가상자산 거래소인 '바이낸스'로 이전한 것인데, 2025년 유 시장의 공직자 재산 공개는 물론 이달 14일 제9회 지방선거 후보 등록 신고서 어디에도 이 내역이 포함되지 않았다""고 보도했다. 이와 관련 박찬대 후보...",https://news.tf.co.kr/read/national/2324330.htm,4,0.4533,0,drop,candidate_hybrid_gray_drop_score_lt_threshold,4,0.4533,가상자산,,,candidate_hybrid,1,0.65,0.35
[코인뉴스] 비트코인 7만6000달러 지지선 위태…추가 조정 우려,"가상자산 전문 분석가들은 첫 번째 지지 구간을 7만6000달러 부근으로 제시했으며, 이후에는 7만4000~7만5000달러 구간에 추가 매수 수요가 형성될 수 있다고 내다봤다. 인도 기반 FIU 등록 거래소 지오투스(Geotus)의...",https://www.dailian.co.kr/news/view/1646179/?sc=Naver,9,0.6714,1,keep,candidate_hybrid_keep_strong_domain_rule_anchor,9,0.6714,가상자산;fiu,,,candidate_hybrid,1,0.65,0.35
법인 가상자산 투자 허용 늦어진다… 특금법 개정안에 제동,19일 금융당국 및 업계에 따르면 금융정보분석원(FIU)은 디지털자산거래소 공동협의체(DAXA·닥사)를 통해 5대 원화 기반 가상자산 거래소(원화마켓)의 고객신원확인(KYC)과 의심거래보고(STR) 체계를 점검하고 있다. 또 이날...,http://www.fnnews.com/news/202605191827097795,24,0.762,1,keep,candidate_hybrid_keep_strong_domain_rule_anchor,24,0.762,가상자산;디지털자산;디지털자산거래소;fiu;금융정보분석원,원화,,candidate_hybrid,1,0.65,0.35
주식·예금도 '토큰'으로···미·한 금융시장 뒤흔든 '디지털 자산화'...,SEC는 제삼자 토큰주식을 허용하더라도 전통 증권거래소나 중앙화 가상자산 거래소가 아니라 탈중앙화 금융(디파이) 플랫폼에서만 거래하도록 하는 방안을 검토 중인 것으로 알려졌다. 24시간 거래와 즉시 결제라는...,http://www.enewstoday.co.kr/news/articleView.html?idxno=2430989,6,0.6052,1,keep,candidate_hybrid_gray_keep_domain_score_ge_threshold,6,0.6052,가상자산,주식;금융,,candidate_hybrid,1,0.65,0.35
"""트래블룰 확대 우려""…FIU, 가상자산 업계와 '특금법 시행령' 비공개 간...",특히 1000만원 이상 가상자산 이전 거래는 의심거래(STR)로 분류해 FIU에 보고하도록 하는 안이 포함됐다. 디지털자산거래소 공동협의체(DAXA)는 최근 업계 의견을 취합해 법제처에 공식 의견서를 내기도 했다. 업계는...,https://view.asiae.co.kr/article/2026051918225701440,18,0.6719,1,keep,candidate_hybrid_keep_strong_domain_rule_anchor,18,0.6719,가상자산;디지털자산;디지털자산거래소;fiu,,,candidate_hybrid,1,0.65,0.35
'레고냐' 비판에 '조작 배후' 맞대응…인천 공방전 격화,"재작년 말 공직자 가상자산 의무 등록·공개 시한을 앞두고 일부 코인을 해외 거래소로 빼돌렸다는 의혹이다. 캠프는 ""유 후보 측은 배우자가 백령도 선거운동 중이라 답변이 어렵다며 본질을 흐리고 있다""며 ""정직하고...",https://news.ifm.kr/news/articleView.html?idxno=471302,4,0.4993,0,drop,candidate_hybrid_gray_drop_score_lt_threshold,4,0.4993,가상자산,,,candidate_hybrid,1,0.65,0.35
김영빈 “박수현 약속 끝까지 책임지겠다…공주·부여·청양을 AI 역사문...,그는 “변호사 생활을 하며 두나무 회사(가상자산 거래소)에서 일하며 실물 경제가 어떻게 돌아가는지도 알게 됐다”며 “정책과 실물 경제 흐름을 잘 안다는 것이 강점”이라고 말했다. 충남 공주 출신인 김 후보는...,https://www.khan.co.kr/article/202605191811001,9,0.563,1,keep,candidate_hybrid_keep_strong_domain_rule_anchor,9,0.563,가상자산;두나무,,,candidate_hybrid,1,0.65,0.35
'애플 토큰' 주식거래소 안 거치고 24시간 매매,나스닥시장에 상장된 테슬라와 같은 이름의 토큰을 암호화폐거래소에서 매매할 수 있게 되는 것이다. 이를... 이 같은 방안은 ‘크립토 맘’(가상자산의 어머니)으로 불리는 헤스터 퍼스 SEC 위원이 주도한 것으로...,https://www.hankyung.com/article/2026051970871,8,0.456,1,keep,candidate_hybrid_keep_strong_domain_rule_anchor,8,0.456,가상자산;암호화폐,,,candidate_hybrid,1,0.65,0.35
"코인원, 카카오뱅크서 '코인모으기' 적립식 투자 서비스 제공",가상자산 거래소 코인원이 자사 적립식 투자 서비스 '코인모으기'를 카카오뱅크 앱에서도 제공한다고 오늘(19일) 밝혔습니다. 코인원 코인모으기는 고객이 설정한 가상자산·주기·금액에 따라 지정된 날짜에 자동으로...,https://biz.sbs.co.kr/article_hub/20000311408?division=NAVER,4,0.6556,1,keep,candidate_hybrid_model_keep_prob_ge_threshold_with_domain_anchor,4,0.6556,가상자산,,,candidate_hybrid,1,0.65,0.35
"코빗, 오는 25일까지 피자데이 이벤트…156명에게 피자 쏜다",가상자산 거래소 코빗이 비트코인 피자데이를 기념해 오는 25일까지 7일간 이벤트를 진행한다고 오늘(19일) 밝혔습니다. 비트코인 피자데이란 비트코인이 처음으로 현물 거래 수단으로 사용된 2010년 5월 22일을...,https://biz.sbs.co.kr/article_hub/20000311407?division=NAVER,8,0.6483,1,keep,candidate_hybrid_keep_strong_domain_rule_anchor,8,0.6483,가상자산;코빗,,,candidate_hybrid,1,0.65,0.35
엔비디아 동의 없이…‘엔비디아 토큰’ 난립하나,가상자산에 증권법을 적용했던 것에서 입장이 뒤바뀐 것이다. 뉴욕증권거래소(NYSE)가 최근 블록체인 기술을 활용한 거래소 구축에 나서고 나스닥 거래소 역시 자사주를 더 효과적으로 관리하는 토큰 설계 작업에 들어간...,https://www.sedaily.com/article/20045961?ref=naver,4,0.5065,0,drop,candidate_hybrid_drop_low_value_overseas_market_noise,4,0.5065,가상자산,,,candidate_hybrid,1,0.65,0.35
"FIU-5대 거래소 수장 첫 특금법 간담회…""상시 협의로 세부안 조율""",금융위원회 금융정보분석원(FIU)이 5대 원화 디지털자산 거래소 수장들과 만나 특정금융정보법(특금법) 시행령 개정안에 대한 업계 의견을 청취했다. 업계는 내년 1월부터 1000만원 이상 가상자산 이전 거래를 일괄적으로...,http://www.edaily.co.kr/news/newspath.asp?newsid=04637926645450560,31,0.6745,1,keep,candidate_hybrid_keep_strong_domain_rule_anchor,31,0.6745,금융위원회;금융위;가상자산;디지털자산;fiu;금융정보분석원,원화,,candidate_hybrid,1,0.65,0.35
"美 증권위, 주식 토큰화 빗장 푸나...XRP 레저는 자금 싹쓸이 기회 호시...",실물자산 토큰화 인프라로 다시 주목받고 있다. 규제 당국이 블록체인 기반 증권시장에 제도권 통로를 열... 해당 예외 체계는 주식의 가상 복제본을 암호화폐 기반 거래소에서 거래할 수 있도록 하는 방안으로...,http://coinreaders.com/237290,5,0.6235,0,drop,candidate_hybrid_gray_drop_score_lt_threshold,5,0.6235,암호화폐,주식,,candidate_hybrid,1,0.65,0.35
"[IT 투데이] D2SF, AI 스타트업 '클론랩스' 신규 투자 外","◆코빗, 2026년 비트코인 피자데이 기념 이벤트 진행 국내 디지털자산거래소 코빗이 비트코인... 고객들은 카카오뱅크 앱의 투자 탭에서 코인원 앱으로 이동할 필요 없이 10종의 가상자산에 대해 1회 5000원부터...",https://news.dealsitetv.com/articles/170667,17,0.5341,1,keep,candidate_hybrid_keep_strong_domain_rule_anchor,17,0.5341,가상자산;디지털자산;디지털자산거래소;코빗,,,candidate_hybrid,1,0.65,0.35
"FIU, 가상자산 거래소와 간담회…특금법 시행령 의견 청취",19일 가상자산업계에 따르면 FIU는 이날 오전 디지털자산거래소 공동협의체(DAXA·닥사)와 원화 가상자산 거래소 관계자들을 대상으로 비공개 간담회를 열고 특금법 시행령 개정안에 대한 의견을 청취했다. 앞서...,https://www.news2day.co.kr/article/20260519500213,19,0.6835,1,keep,candidate_hybrid_keep_strong_domain_rule_anchor,19,0.6835,가상자산;디지털자산;디지털자산거래소;fiu,원화,,candidate_hybrid,1,0.65,0.35
하나금융 1조 딜에 금융권 술렁…금융지주 '원화코인' 셈법 분주,최대 가상자산 인프라를 보유한 두나무와 손잡으면서 발걸음이 빨라졌다. 하나금융은 지난 15일 주요... 두나무는 국내 1위 디지털자산거래소 업비트를 운영하고 있다. 하나금융은 이번 투자를 단순 지분 취득이 아닌...,https://www.sidae.com/article/2026051817444735327,13,0.663,1,keep,candidate_hybrid_keep_strong_domain_rule_anchor,13,0.663,가상자산;디지털자산;디지털자산거래소,,,candidate_hybrid,1,0.65,0.35
카카오뱅크 앱에서 코인 투자…코인원 '코인모으기' 서비스,암호화폐 거래소 코인원은 적립식 암호화폐 투자 서비스인 ‘코인모으기’를 카카오뱅크 앱에서 제공한다고 19일 밝혔다. 코인모으기는 이용자가 지정한 날짜에 원하는 수량의 가상자산을 자동 매수해주는 서비스다....,https://www.hankyung.com/article/2026051969711,8,0.5855,1,keep,candidate_hybrid_keep_strong_domain_rule_anchor,8,0.5855,가상자산;암호화폐,,,candidate_hybrid,1,0.65,0.35
"테더, 韓 지사 설립하나… 회사명·로고 상표 출원",서클 창업자 제러미 알레어(Jeremy Allaire) 최고경영자(CEO·Chief Executive Officer)는 지난 4월 방한해 국내 금융지주와 가상 자산 거래소들을 만나 협력 가능성을 논의한 바 있다. 당시 그는 “한국은 세계에서 가장...,https://biz.chosun.com/stock/finance/2026/05/19/5BCDNJ764JB4RASDZDQ5DSDZ4E/?utm_source=naver&utm_medium=original&utm_campaign=biz,0,0.4916,0,drop,candidate_hybrid_gray_drop_score_lt_threshold,0,0.4916,,,,candidate_hybrid,1,0.65,0.35
해외사업 포석 마련하는 두나무...이사회 개편부터 조직 강화까지,국내 가상자산거래소 업비트 운영사 두나무가 해외로의 사업 확장을 위한 포석을 밟고 있다. /사진=GPT 생성 국내 가상자산거래소 업비트 운영사 두나무가 해외로의 사업 확장을 위한 포석을 마련하고 있다. 박현중...,https://www.techm.kr/news/articleView.html?idxno=151988,19,0.5957,1,keep,candidate_hybrid_keep_strong_domain_rule_anchor,19,0.5957,가상자산;가상자산거래소;업비트;두나무,,,candidate_hybrid,1,0.65,0.35
"코인원, 제재 앞두고 카뱅과 협업 강화…돌파구 될까","국내 가상자산 거래소 코인원이 카카오뱅크와 손잡고 신규 고객 확보에 나섰습니다. 최근 점유율과 거래량이 급감한 상황에서, 적립식 투자 서비스를 앞세워 장기 이용자 확보에 나선 건데요. 업계에선 제재 변수에...",https://www.sentv.co.kr/article/view/sentv202605190068,7,0.6721,1,keep,candidate_hybrid_model_keep_prob_ge_threshold_with_domain_anchor,7,0.6721,제재;가상자산,,,candidate_hybrid,1,0.65,0.35
엑스알피(리플) 거래대금 1위 기록… 온톨로지 11.95% '폭등',"가상자산 거래소 업비트에 따르면 엑스알피(리플)는 전일 대비 0.15% 소폭 상승한 2,068원에 거래 중이다. 특히 엑스알피의 거래대금은 1,260억 1,300만 원으로 집계돼 가상자산 중 가장 활발한 거래 흐름을 나타냈다....",https://www.gukjenews.com/news/articleView.html?idxno=3586618,4,0.6381,0,drop,candidate_hybrid_gray_drop_score_lt_threshold,4,0.6381,가상자산,,,candidate_hybrid,1,0.65,0.35
[리포트] 가상자산 영토 넓힌 은행권…범죄자금 추적은 아직 '깜깜이',하나금융이 국내 최대 가상자산거래소 업비트 운영사인 '두나무'에 1조원 규모 지분 투자에 나섰습니다. 전통 은행권이 스테이블코인과 결제 인프라 등 디지털자산 시장의 핵심 플레이어로 진입하는 신호탄입니다. 단순...,http://www.paxetv.com/news/articleView.html?idxno=272483,32,0.7221,1,keep,candidate_hybrid_keep_strong_domain_rule_anchor,32,0.7221,은행권;가상자산;디지털자산;가상자산거래소;업비트;두나무;스테이블코인,,,candidate_hybrid,1,0.65,0.35
골드만삭스마저 털었다…XRP·솔라나 ETF 전량 매도 충격,"스테이블코인 기업 서클과 미국 최대 가상자산 거래소 코인베이스, 암호화폐 금융기업 갤럭시디지털 등에 대한 익스포저를 늘렸다. 반면 마이크로스트래티지와 라이엇 플랫폼스, 비트디지털, IREN 등 일부 채굴·보유...",https://www.pinpointnews.co.kr/news/articleView.html?idxno=453873,13,0.761,1,keep,candidate_hybrid_keep_strong_domain_rule_anchor,13,0.761,가상자산;암호화폐;스테이블코인,,,candidate_hybrid,1,0.65,0.35
"테더, 韓 진출하나…회사명·로고 상표 출원",디지털자산기본법에 해외 스테이블코인 발행사가 국내에서 유통 사업을 하기 위해 국내 지점을 두도록 하는... 가상화폐 업계 관계자는 “최근 서클 창업자 제러미 알레어가 직접 방한해 금융지주와 가상화폐거래소들을...,https://www.sedaily.com/article/20045883?ref=naver,9,0.4665,1,keep,candidate_hybrid_keep_strong_domain_rule_anchor,9,0.4665,디지털자산;스테이블코인,,,candidate_hybrid,1,0.65,0.35
"조지프 루빈 ""달러 스테이블코인 시대…한국 대응 서둘러야""","2024년 시행된 '가상자산 이용자 보호법'은 거래소와 이용자 보호에 초점을 맞췄고, 민간 발행 스테이블코인 규율은 향후 과제로 남아 있다. 한국은행은 중앙은행 디지털화폐(CBDC)와 토큰화 예금 실험을 병행하고 있지만...",http://www.dailypop.kr/news/articleView.html?idxno=98915,15,0.6661,1,keep,candidate_hybrid_keep_strong_domain_rule_anchor,15,0.6661,한국은행;가상자산;스테이블코인,달러,,candidate_hybrid,1,0.65,0.35
"한화투자증권, 두나무 지분 가치 부각…디지털자산 시너지 시험대","연합뉴스에 따르면 국내 5대 가상자산 거래소의 24시간 거래대금은 지난 1월 30일 기준 5조원 남짓으로, 같은 날 코스피와 코스닥 거래대금 합산액의 8.9% 수준에 그쳤다. 업비트는 지난해까지만 해도 세계 3~4위권 거래...",http://www.srtimes.kr/news/articleView.html?idxno=203483,15,0.7023,1,keep,candidate_hybrid_keep_strong_domain_rule_anchor,15,0.7023,가상자산;디지털자산;두나무,코스닥,,candidate_hybrid,1,0.65,0.35
"두나무, 28일 임시주총 개최…자사주 보유·처분 정관 정비",가상자산 거래소 업비트를 운영하는 두나무가 오는 28일 임시주주총회를 열고 자사주 활용 근거를 담은 정관 변경과 신규 이사진 선임 안건을 논의한다. 19일 두나무에 따르면 회사는 오는 28일 오전 8시 서울 강남구...,https://www.newsis.com/view/NISX20260519_0003636252,9,0.6995,1,keep,candidate_hybrid_keep_strong_domain_rule_anchor,9,0.6995,가상자산;두나무,,,candidate_hybrid,1,0.65,0.35
[속보] 고려아연 3.5% 하락…중간배당락에도 기준가격 변동 없었다,"한국거래소에 따르면 고려아연의 중간(분기)배당락 기준가격은 137만4000원으로 안내됐다. 다만 이번... 본 기사에서 제공하는 정보는 일반적인 가상자산 및 금융시장 관련 소식 전달을 목적으로 하며, 투자 권유나 재정적...",https://www.cbci.co.kr/news/articleView.html?idxno=575640,4,0.643,0,drop,candidate_hybrid_gray_drop_score_lt_threshold,4,0.643,가상자산,,,candidate_hybrid,1,0.65,0.35
"""공포가 지배했다""... 리플 100시간 이동평균선 밑돌며 바닥 없는 추락","가상자산 거래소 크라켄 데이터에 따르면, 시간별 차트 기준 1.3950달러의 저항선과 함께 강력한 우하향 약세 추세선이 형성되어 있어 반등을 가로막고 있는 상태다. 최근 고점이었던 1.5496달러에서 저점인 1....",https://www.pinpointnews.co.kr/news/articleView.html?idxno=453864,4,0.66,1,keep,candidate_hybrid_model_keep_prob_ge_threshold_with_domain_anchor,4,0.66,가상자산,,,candidate_hybrid,1,0.65,0.35
도지코인 무차별 폭락 쇼크... '심리적 저지선' 0.10달러 붕괴 전야,"주요 가상자산 거래소인 크라켄 데이터에 따르면, 시간별 차트 기준 0.1075달러 부근에 강한 저항선과 함께 우하향하는 약세 추세선이 굳건히 형성되어 있어 반등 기미조차 보이지 않는 상황이다. 최근 고점이었던 0....",https://www.pinpointnews.co.kr/news/articleView.html?idxno=453861,4,0.5682,0,drop,candidate_hybrid_gray_drop_score_lt_threshold,4,0.5682,가상자산,,,candidate_hybrid,1,0.65,0.35
“클래러티법 통과 시 리플사·XRP에 어떤 이점들이 생기는지 자세히 알...,"가상자산 분석가 위플래시437(@Whiplash437)은 클래러티 법안 중에서 XRP에 가장 큰 영향을 미칠 수 있는... 이 조항은 디지털 상품 거래소와 중개인들이 자금세탁방지(AML)를 위해 등록하고 은행보안법(Bank Secrecy Act, BSA)을...",https://www.wikitree.co.kr/articles/1137297,4,0.5961,0,drop,candidate_hybrid_gray_drop_score_lt_threshold,4,0.5961,가상자산,,,candidate_hybrid,1,0.65,0.35
"플라이빗, 1분기 가상자산 실사 결과 공개…고객 예치분 초과 보유 확인","한국디지털거래소가 운영하는 플라이빗이 2026년 1분기 가상자산 실사 보고서를 공개했다고 19일 밝혔다. 3월 31일 기준으로 진행된 이번 실사에서는 BTC, ETH, USDT 등 총 50종의 가상자산을 점검했다. 실사 결과...",http://www.lawissue.co.kr/view.php?ud=202605191616167396204ead0791_12,4,0.6058,0,drop,candidate_hybrid_gray_drop_score_lt_threshold,4,0.6058,가상자산,,,candidate_hybrid,1,0.65,0.35
"[TOKEN WATCH] “3000억 달러 스테이블코인, 왜 놀고 있어야 하나” Sky, ...",토큰포스트는 국내 주요 원화거래소에 상장된 가상자산 프로젝트의 기술·사업·커뮤니티 현황을 투자자 눈높이에서 직접 확인하고 있다. 응답한 프로젝트들의 목소리를 순서대로 기록한다. [편집자주]...,https://www.tokenpost.kr/news/insights/360019,10,0.6106,1,keep,candidate_hybrid_keep_strong_domain_rule_anchor,10,0.6106,가상자산;스테이블코인,달러,,candidate_hybrid,1,0.65,0.35
가상자산 법인 투자 길 언제 열리나…규제 불확실성 '이중고' [크립토브...,19일 금융당국 및 업계에 따르면 금융정보분석원(FIU)은 디지털자산거래소 공동협의체(DAXA·닥사)를 통해 5대 원화 기반 가상자산 거래소(원화마켓)의 고객신원확인(KYC)과 의심거래보고(STR) 체계를 점검하고 있다. 또 이날...,http://www.fnnews.com/news/202605101315575293,24,0.7453,1,keep,candidate_hybrid_keep_strong_domain_rule_anchor,24,0.7453,가상자산;디지털자산;디지털자산거래소;fiu;금융정보분석원,원화,,candidate_hybrid,1,0.65,0.35
"코빗, '비트코인 피자데이' 축제 개막",국내 최초 가상자산 거래소 코빗(대표 오세진)이 가상자산의 역사적 이정표이자 최대 축제인 '비트코인 피자데이'를 기념해 투자자들을 위한 이색 프로모션을 전개한다. 코빗은 오는 25일까지 일주일간 도미노피자...,https://www.cnbizm.com/news/articleView.html?idxno=303359,8,0.654,1,keep,candidate_hybrid_keep_strong_domain_rule_anchor,8,0.654,가상자산;코빗,,,candidate_hybrid,1,0.65,0.35
"테더, 韓 진출하나...회사명 상표출원",디지털자산기본법에 해외 스테이블코인 발행사가 국내에서 유통 사업을 하기 위해 국내 지점을 두도록 하는... 가상화폐 업계의 관계자는 “최근 서클 창업자 제레미 알레어가 직접 방한해 금융지주와 가상화폐거래소들...,https://www.decenter.kr/article/20045883?ref=naverdc,9,0.4697,1,keep,candidate_hybrid_keep_strong_domain_rule_anchor,9,0.4697,디지털자산;스테이블코인,,,candidate_hybrid,1,0.65,0.35
"[코인시황] 비트코인, 美 ""이란 공격 보류""에도 7만6000달러선 '등락'",국내 거래소 빗썸에서는 같은 시각 0.90% 오른 1억1462만원을 기록했다. 같은 시각 알트코인의 희비는... 한편 가상자산 데이터 제공업체 얼터너티브가 집계하는 가상자산 심리 단계는 이날 기준 40점(중립)으로...,https://www.newsworks.co.kr/news/articleView.html?idxno=841244,4,0.6737,1,keep,candidate_hybrid_model_keep_prob_ge_threshold_with_domain_anchor,4,0.6737,가상자산,,,candidate_hybrid,1,0.65,0.35
"디지털자산법, 미국은 7월 통과 전망…한국은 6·3 지방선거에 '뒷전'","당초 여당과 금융당국은 올해 초 법안 통과를 목표로 논의를 이어왔으나 ▲가상자산거래소 대주주 지분 제한 ▲은행 중심(50%+1) 원화 스테이블코인 발행 컨소시엄 구성에 대한 여야와 금융당국, 업계 간 이견으로...",https://zdnet.co.kr/view/?no=20260519152935,28,0.7855,1,keep,candidate_hybrid_keep_strong_domain_rule_anchor,28,0.7855,은행;가상자산;디지털자산;가상자산거래소;스테이블코인;원화 스테이블코인,원화,,candidate_hybrid,1,0.65,0.35
"[속보]한미반도체, 곽동신 회장 80억원 규모 자사주 추가 매입 계획…""기...","이번 거래 계획은 보고일 전일인 5월 18일 한국거래소(KRX) 종가를 기준으로 산출됐다. 실제 거래는 공시상... 본 기사에서 제공하는 정보는 일반적인 가상자산 및 금융시장 관련 소식 전달을 목적으로 하며, 투자...",https://www.cbci.co.kr/news/articleView.html?idxno=575616,4,0.5396,0,drop,candidate_hybrid_gray_drop_score_lt_threshold,4,0.5396,가상자산,,,candidate_hybrid,1,0.65,0.35
클래러티 법안·24시간 선물 거래 등... 코인 가격에 큰 영향 미칠 5~7월...,암호화폐 거래소 맥시(MEXC)에 따르면 미카 규제가 전면 효력을 발휘함에 따라 가상자산 거래소와 스테이블코인 발행사들을 대상으로 엄격한 규칙이 부과된다. 실제로 규정을 준수하지 않는 기업들은 이미 벌금...,https://www.wikitree.co.kr/articles/1137278,13,0.6675,1,keep,candidate_hybrid_keep_strong_domain_rule_anchor,13,0.6675,가상자산;암호화폐;스테이블코인,,,candidate_hybrid,1,0.65,0.35
[김지윤의 골든피그] '비트코인 피자데이' 앞두고 마케팅 경쟁…거래량...,가상자산 시장 침체에 고객 유치 사활…성장동력 확대에는 한계 아주경제=김지윤 기자 yoon0930@ajunews.com 국내 가상자산 거래소들이 '비트코인 피자데이'를 맞아 대규모 이벤트에 나섰다. 피자와 비트코인을 앞세운...,https://www.ajunews.com/view/20260519142225714,4,0.6847,1,keep,candidate_hybrid_model_keep_prob_ge_threshold_with_domain_anchor,4,0.6847,가상자산,,,candidate_hybrid,1,0.65,0.35
"""트래블룰 확대 우려""…FIU, 가상자산 업계와 비공개 간담회",이에 대해 가상자산 자율규제 기구인 디지털자산거래소 공동협의체(DAXA·닥사)는 최근 27개 가상자산사업자의 의견을 취합해 법제처에 공식 의견서를 제출했다. 업계는 가상자산 시장 침체 상황에서 의심거래보고...,https://www.news1.kr/finance/blockchain-fintech/6171496,18,0.7433,1,keep,candidate_hybrid_keep_strong_domain_rule_anchor,18,0.7433,가상자산;디지털자산;디지털자산거래소;fiu,,,candidate_hybrid,1,0.65,0.35
두나무 지분 1조 인수한 하나은행…'업비트 동맹' 지각변동 예고에 케이...,"하나은행이 가상자산거래소 업비트의 운영사 두나무 지분 1조원 규모를 인수하며 4대 주주로 전격 올라섰다. 양사는 공식적으로 블록체인 기반 외화송금 등 디지털 자산 인프라 협력을 조명하고 있으나, 시장의 눈길은...",https://www.viva100.com/article/20260519500832,19,0.7399,1,keep,candidate_hybrid_keep_strong_domain_rule_anchor,19,0.7399,가상자산;가상자산거래소;업비트;두나무,,,candidate_hybrid,1,0.65,0.35
"코빗, 2026년 ‘비트코인 피자데이’ 기념 이벤트 실시",국내 가상자산 거래소 코빗은 ‘비트코인 피자데이’를 기념해 오는 25일까지 이벤트를 진행한다고 19일 밝혔다. 비트코인 피자데이란 비트코인이 처음으로 현물 거래 수단으로 사용된 2010년 5월 22일을 기념하는...,https://www.viva100.com/article/20260519500850,8,0.6094,1,keep,candidate_hybrid_keep_strong_domain_rule_anchor,8,0.6094,가상자산;코빗,,,candidate_hybrid,1,0.65,0.35
"코인원 '코인모으기' 서비스, 카카오뱅크에서도 제공",가상자산 거래소 코인원이 카카오뱅크와 제휴를 통해 자사 투자 서비스 '코인모으기'를 카카오뱅크 앱에서 제공한다고 19일 밝혔다. 코인모으기는 고객이 설정한 가상자산·주기·금액에 따라 지정된 날짜에 자동으로...,https://www.newsis.com/view/NISX20260519_0003635925,4,0.6421,0,drop,candidate_hybrid_gray_drop_score_lt_threshold,4,0.6421,가상자산,,,candidate_hybrid,1,0.65,0.35
"빗썸나눔, 다양한 사회 공한 실천…ESG 경영 강화나서","가상자산 거래소 빗썸이 ESG 경영을 강화하고 있다. 특히 빗썸은 S(social, 사회)부문에 두각을 드러내고 있는 모습이다. S부문 강화를 위해 지난 2023년에는 창립 10주년을 맞아 100억원 규모의 사회 공헌 기금을 출자하기도...",https://www.g-enews.com/view.php?ud=202605191452108596638475ab2b_1,4,0.5894,0,drop,candidate_hybrid_gray_drop_score_lt_threshold,4,0.5894,가상자산,,,candidate_hybrid,1,0.65,0.35
"[현장] 한컴위드, 디지털 금융과 차세대 보안 시장 정조준",부여하는 자산 레이어 역할을 수행한다. 온토리움의 첫 번째 프로젝트는 관계사인 한컴금거래소... 애플리케이션 레이어인 플로트는 복잡한 가상자산 지갑이나 가스비 부담 없이 24시간 글로벌 결제와 자산 운용을...,http://www.hansbiz.co.kr/news/articleView.html?idxno=839656,4,0.5692,0,drop,candidate_hybrid_gray_drop_score_lt_threshold,4,0.5692,가상자산,,,candidate_hybrid,1,0.65,0.35
"코인원 ‘코인모으기’, 카카오뱅크 앱에서 제공⋯ “서비스 접근 편의...",국내 가상자산 거래소 코인원은 자사의 적립식 투자 서비스 ‘코인모으기’를 카카오뱅크 앱에서도 제공한다고 19일 밝혔다. 실명계좌 제휴사인 카카오뱅크와 협업을 통해 고객의 서비스 접근 편의성을 대폭 강화했다....,https://www.viva100.com/article/20260519500841,4,0.5471,0,drop,candidate_hybrid_gray_drop_score_lt_threshold,4,0.5471,가상자산,,,candidate_hybrid,1,0.65,0.35
이혼 시 비트코인·주식·스톡옵션·법인 지분도 나눠야 할까···재산분...,"이처럼 가격 변동성이 큰 가상자산의 특성을 고려하여 기준 시점을 달리 적용하거나 조정할 수 있는지에 관한 대법원 판례는 아직 확립되지 않은 상태로, 실무상 다툼이 있는 영역입니다. 거래소 계정 외에 개인 지갑...",https://www.enetnews.co.kr/news/articleView.html?idxno=50212,-1,0.5656,0,drop,candidate_hybrid_drop_negative_signal,-1,0.5656,가상자산,주식,이혼,candidate_hybrid,1,0.65,0.35
실적악화에 과세까지…가상자산업계 '사면초가',업비트·빗썸 1분기 순이익 '반토막' 고객 예치금 작년 말 대비 10% 감소 내년 과세 시행 예고…시장 위축 우려 [아시아타임즈=이유빈 기자] 국내 양대 가상자산 거래소 업비트와 빗썸이 올해 1분기 나란히 부진한...,https://www.asiatime.co.kr/article/20260519500290,15,0.5237,1,keep,candidate_hybrid_keep_strong_domain_rule_anchor,15,0.5237,가상자산;업비트;빗썸,순이익,,candidate_hybrid,1,0.65,0.35
"EU 가상자산 시장, '단일 인가' 체계로 재편…MiCA 유예기간 7월 종료","MiCA 전환기는 기존에 회원국별 등록제나 자금세탁방지(AML) 기준을 바탕으로 유럽에서 영업해 온 가상자산 사업자가 EU 단일 인가 체계로 편입될 수 있도록 둔 유예기간이다. MiCA 적용 대상은 거래소, 커스터디, 중개...",https://www.etnews.com/20260519000102,4,0.7063,1,keep,candidate_hybrid_model_keep_prob_ge_threshold_with_domain_anchor,4,0.7063,가상자산,,,candidate_hybrid,1,0.65,0.35
기업 동의 없이도 ‘토큰 테슬라’ ‘토큰 엔비디아’ 발행(종합2보),이 때문에 SEC는 제3자 토큰주식을 허용하더라도 전통적인 증권거래소나 중앙화된 가상자산 거래소에서는 이를 상장하지 못하고 탈중앙화된 디파이 플랫폼에서만 거래할 수 있게 허용할 방침인 것으로 알려졌다....,http://www.edaily.co.kr/news/newspath.asp?newsid=03844166645450560,4,0.6366,0,drop,candidate_hybrid_drop_low_value_overseas_market_noise,4,0.6366,가상자산,,,candidate_hybrid,1,0.65,0.35
"“거래소 더는 금융 변두리 아니다”…금융권, 디지털자산 접점 확대",하나은행 두나무 투자·미래에셋은 코빗·네이버파이낸셜로 연결 스테이블코인·블록체인 송금·WM까지…금융권 “인프라 변화 대응” 전통 금융권이 가상자산거래소를 바라보는 시선이 달라지고 있다. 과거 실명계좌...,https://sateconomy.co.kr/news/view/1065600239769706,28,0.6273,1,keep,candidate_hybrid_keep_strong_domain_rule_anchor,28,0.6273,가상자산;디지털자산;가상자산거래소;두나무;코빗;스테이블코인,금융,,candidate_hybrid,1,0.65,0.35
"플라이빗 거래소, ‘고객 예치분 101.11% 가상자산 보유’ 실사 통해 확...",한국디지털거래소가 운영하는 가상자산 거래소 플라이빗(FLYBIT)이 올해 1분기 말 기준 가상자산 실사를 통해 고객 예치분을 웃도는 가상자산을 실제 보유하고 있음을 공식적으로 확인했다고 19일 밝혔다. 플라이빗은...,http://www.edaily.co.kr/news/newspath.asp?newsid=03834326645450560,4,0.6804,1,keep,candidate_hybrid_model_keep_prob_ge_threshold_with_domain_anchor,4,0.6804,가상자산,,,candidate_hybrid,1,0.65,0.35
"""증시는 따뜻, 코인은 찬바람""…'코인세' 도입 우려에 국민청원까지 등...",|중앙이코노미뉴스 김수현 기자|올 1분기 가상자산 거래소의 거래대금이 급감하면서 국내 거래소들이 직격탄을 맞았다. AI 반도체 호황으로 달아오른 증시로 투자금이 대거 이탈한 가운데 내년 '코인세' 시행 방침까지...,https://www.joongangenews.com/news/articleView.html?idxno=520301,4,0.5305,0,drop,candidate_hybrid_gray_drop_score_lt_threshold,4,0.5305,가상자산,,,candidate_hybrid,1,0.65,0.35
클래러티법 통과땐 리플 XRP·솔라나·이더리움 판 바뀐다,"미국 의회의 가상자산 규제 체계 법안인 '클래러티법(CLARITY Act)' 통과 가능성이 커지면서 알트코인 시장이... 이 때문에 거래소 상장과 기관투자 상품 출시, ETF 승인 과정에서 반복적으로 제동이 걸려왔다. 시장에서는...",https://www.topstarnews.net/news/articleView.html?idxno=16065078,4,0.6312,0,drop,candidate_hybrid_gray_drop_score_lt_threshold,4,0.6312,가상자산,,,candidate_hybrid,1,0.65,0.35
"코인원 '코인모으기', 카카오뱅크 앱 연동으로 접근성 강화","가상자산 거래소 코인원이 자사 적립식 투자 서비스인 '코인모으기'를 실명계좌 제휴사인 카카오뱅크 앱에서도 제공한다고 19일 밝혔다. '코인모으기'는 고객이 설정한 가상자산 종류, 투자 주기, 금액에 따라 지정된...",https://www.newsquest.co.kr/news/articleView.html?idxno=266483,4,0.6627,1,keep,candidate_hybrid_model_keep_prob_ge_threshold_with_domain_anchor,4,0.6627,가상자산,,,candidate_hybrid,1,0.65,0.35
"美 SEC, 토큰화 증권 '혁신 면제 제도' 발표 임박…월가 판도 바뀌나",이를 위해 지난 3월 글로벌 가상자산 거래소 OKX와 전략적 협력 관계를 체결한 바 있다. 앞서 지난해 12월 SEC는 미국 예탁결제기관(DTCC)에 사전 승인된 블록체인 네트워크에서 일부 고유동성 자산을 토큰화할 수 있도록...,https://www.newsway.co.kr/news/view?ud=2026051914185864303,4,0.6508,1,keep,candidate_hybrid_model_keep_prob_ge_threshold_with_domain_anchor,4,0.6508,가상자산,,,candidate_hybrid,1,0.65,0.35
"[TOKEN WATCH] “블록체인의 병목은 속도 하나가 아니다” QuarkChain, AI·데...",토큰포스트는 국내 주요 원화거래소에 상장된 가상자산 프로젝트의 기술·사업·커뮤니티 현황을 투자자 눈높이에서 직접 확인하고 있다. 응답한 프로젝트들의 목소리를 순서대로 기록한다. [편집자주]...,https://www.tokenpost.kr/news/insights/360026,4,0.5633,0,drop,candidate_hybrid_gray_drop_score_lt_threshold,4,0.5633,가상자산,,,candidate_hybrid,1,0.65,0.35
"'페이커 → 전인구' … 업비트, 광고모델 교체의 숨은 뜻은?","최대 가상자산 거래소 업비트가 투자 유튜버 전인구를 내세운 옥외광고를 선보이자 온라인 투자 커뮤니티를 중심으로 다양한 반응이 나오고 있다. 일부 투자자들은 이를 두고 ""코인 시장이 정점에 가까워진 것 아니냐""며...",https://www.ilovepc.co.kr/news/articleView.html?idxno=59371,9,0.653,1,keep,candidate_hybrid_keep_strong_domain_rule_anchor,9,0.653,가상자산;업비트,,,candidate_hybrid,1,0.65,0.35
"온톨로지·온톨로지가스, 업비트 상승률 상위권…거래량도 집중[특징코...",글로벌 가상자산 시황 플랫폼 코인마켓캡에 따르면 글로벌 가상자산 거래소 가운데 업비트의 온톨로지 거래량 비중은 32.5%로 가장 높았다. 온톨로지가스 역시 업비트 거래량 비중이 39.77%를 기록하며 바이낸스 등 주요...,https://www.news1.kr/finance/blockchain-fintech/6171391,9,0.614,1,keep,candidate_hybrid_keep_strong_domain_rule_anchor,9,0.614,가상자산;업비트,,,candidate_hybrid,1,0.65,0.35
업비트 거래소에서 금일 가장 주목 받는 가상화폐는…,5월 18일 현재 국내 가상화폐 거래소인 업비트에서 '유에스디이'가 가장 높은 일일 체결강도를 보이고... 5개 자산에 이름을 올리고 있다. 일일 매수 체결강도 상위 5개 가상화폐 모두 100% 이상의 체결강도를 보유...,https://www.khgames.co.kr/news/articleView.html?idxno=304480,5,0.177,0,drop,candidate_hybrid_model_drop_prob_le_threshold,5,0.177,업비트,,,candidate_hybrid,1,0.65,0.35
"(단독)유정복, 코인 2만개 재산신고 ‘누락·회피’?…공직윤리법 위반...","해당 자산은 유 후보의 배우자가 2024년 12월 해외 가상자산 거래소인 '바이낸스'로 이전한 것인데, 2025년 유 시장의 공직자 재산 공개는 물론 이달 14일 제9회 지방선거 후보 등록 신고서 어디에도 이 내역이 포함되지...",http://www.newstomato.com/ReadNews.aspx?no=1301349&inflow=N,4,0.4765,0,drop,candidate_hybrid_gray_drop_score_lt_threshold,4,0.4765,가상자산,,,candidate_hybrid,1,0.65,0.35
"토큰증권, 조각투자 넘어 정형증권으로…“사업화는 중장기 과제”","토큰증권 업계 관계자는 “정형증권까지 토큰화하려면 정부 의지만으로는 부족하고, 거래소·예탁·결제... 일부 선도 증권사가 가상자산 인프라 차원에서 대응하는 중이지만, 업계 전반의 선점 경쟁으로 번졌다고 보기는...",https://www.etoday.co.kr/news/view/2585903,9,0.6954,1,keep,candidate_hybrid_keep_strong_domain_rule_anchor,9,0.6954,가상자산;토큰증권,,,candidate_hybrid,1,0.65,0.35
"“비트코인 팔아 삼성전자 샀나”…업비트·빗썸, 1분기 예치금 8700억 증...","국내 가상자산 거래 시장에서 두 거래소가 차지하는 비중이 약 90%에 달하는 만큼, 이번 예치금 감소는 전반적인 투자심리 변화를 보여주는 지표로 해석된다. 거래소별로 보면 업비트 고객 예치금은 5조1990억원으로...",https://www.ddaily.co.kr/page/view/2026051914033978879,14,0.518,1,keep,candidate_hybrid_keep_strong_domain_rule_anchor,14,0.518,가상자산;업비트;빗썸,,,candidate_hybrid,1,0.65,0.35
[초동시각]전통 금융과 가상자산 공존의 조건은,특히 국내 최대 가상자산 거래소 운영사의 지분을 1조원이 넘는 거액을 들여 사들인 것은 전례가 없는 일이다. 업계에서도 상당히 과감하고 의외라는 평가가 나온다. 하나금융은 두나무와 전략적 동맹을 맺으면서...,https://view.asiae.co.kr/article/2026051907584873643,4,0.7173,1,keep,candidate_hybrid_model_keep_prob_ge_threshold_with_domain_anchor,4,0.7173,가상자산,,,candidate_hybrid,1,0.65,0.35
이더리움 317만 원대 상승세… 알트코인 투자심리 회복 조짐,19일 오후 2시 기준 국내 가상자산 거래소 빗썸에서 이더리움은 1ETH당 317만2000원에 거래됐다. 전일 대비 3만3000원(1.05%) 상승한 수준이다. 이날 이더리움은 장중 한때 318만5000원까지 오르며 상승폭을 확대했다. 장중...,https://www.job-post.co.kr/news/articleView.html?idxno=216300,4,0.5814,0,drop,candidate_hybrid_gray_drop_score_lt_threshold,4,0.5814,가상자산,,,candidate_hybrid,1,0.65,0.35
리플(XRP) 2060원대 약보합… 단기 숨 고르기 장세,19일 오후 2시 기준 국내 가상자산 거래소 업비트에서 리플(XRP)은 1개당 2061원에 거래됐다. 전일 대비 4원(0.19%) 하락한 수준이다. 이날 리플은 장중 한때 2075원까지 오르며 상승세를 보였지만 이후 차익실현 매물이...,https://www.job-post.co.kr/news/articleView.html?idxno=216301,4,0.6212,0,drop,candidate_hybrid_gray_drop_score_lt_threshold,4,0.6212,가상자산,,,candidate_hybrid,1,0.65,0.35
비트코인 1억1430만 원대 횡보… 차익실현 속 숨 고르기,"19일 오후 2시 기준 국내 가상자산 거래소 업비트에서 비트코인은 1BTC당 1억1433만7000원에 거래됐다. 전일 대비 9000원(0.01%) 하락한 수준이다. 이날 비트코인은 장중 1억1490만 원까지 오르며 상승 흐름을 보였지만, 이후...",https://www.job-post.co.kr/news/articleView.html?idxno=216299,4,0.6268,0,drop,candidate_hybrid_gray_drop_score_lt_threshold,4,0.6268,가상자산,,,candidate_hybrid,1,0.65,0.35
"리플(XRP) 포함 자산 묶였다…스완 비트코인, 프라임 트러스트 사태에 ...","시장에서는 이번 소송이 단순한 법적 분쟁을 넘어 암호화폐 수탁 리스크와 거래소·브로커 신뢰 문제를... 본 기사에서 제공하는 정보는 일반적인 가상자산 관련 소식 전달을 목적으로 하며, 투자 권유나 재정적 조언이...",https://www.cbci.co.kr/news/articleView.html?idxno=575595,8,0.6731,1,keep,candidate_hybrid_keep_strong_domain_rule_anchor,8,0.6731,가상자산;암호화폐,,,candidate_hybrid,1,0.65,0.35
"비트코인, 중동 리스크·금리 급등에 7만6000달러선 밀려","5대 거래소의 올해 원화마켓 신규 상장 코인은 5월 18일 기준 97개로, 전년 동기(148개) 대비 34.5% 감소했다. 업비트(35개)와 고팍스(14개)는 상장이 늘었지만, 빗썸·코인원·코빗은 크게 줄었다. 이는 ‘가상자산 이용자...",https://www.tokenpost.kr/news/cryptocurrency/361135,19,0.6122,1,keep,candidate_hybrid_keep_strong_domain_rule_anchor,19,0.6122,가상자산;업비트;빗썸;고팍스,금리,,candidate_hybrid,1,0.65,0.35
[RE:기업] 빗썸 1분기 영업익29억…순손실 869억 '적자전환',"/빗썸 | 서울=한스경제 전시현 기자 | 국내 2위 가상자산 거래소 빗썸의 올해 1분기 실적에 경고등이 켜졌다. 19일 금융감독원 전자공시시스템에 따르면 빗썸의 1분기 매출은 825억원, 영업이익은 29억원으로 집계됐다....",http://www.hansbiz.co.kr/news/articleView.html?idxno=839503,15,0.6113,1,keep,candidate_hybrid_keep_strong_domain_rule_anchor,15,0.6113,금융감독원;가상자산;빗썸,,,candidate_hybrid,1,0.65,0.35
"카카오뱅크 앱에서도 ‘코인모으기’…코인원, 적립식 투자 접점 넓혀",국내 디지털자산(가상자산) 거래소 코인원이 적립식 투자 서비스 ‘코인모으기’를 카카오뱅크 애플리케이션(앱)에서도 제공한다고 19일 밝혔다. 실명계좌 제휴사인 카카오뱅크와의 협업을 통해 이용자 접근성을...,http://www.edaily.co.kr/news/newspath.asp?newsid=03552246645450560,8,0.5907,1,keep,candidate_hybrid_keep_strong_domain_rule_anchor,8,0.5907,가상자산;디지털자산,,,candidate_hybrid,1,0.65,0.35
"금리 인상 겁났나...비트코인, 거시경제 불안에 ‘뚝’",가상자산거래소 빗썸에서 비트코인은 19일 오후 1시 10분 기준 전일 대비 0.65% 오른 1억1433만2000원에 거래되고 있다. 달러 기준으로는 코인마켓캡에서 24시간 전보다 0.1% 떨어진 7만6850.4달러를 기록하고 있다....,https://www.mk.co.kr/article/12052024,11,0.6008,1,keep,candidate_hybrid_keep_strong_domain_rule_anchor,11,0.6008,가상자산;가상자산거래소,금리;달러,,candidate_hybrid,1,0.65,0.35
[코인 다단계 2.0] ⑥ 피해자는 왜 또 지인망인가,"0] ⑦ 규제 사각지대의 코인 다단계 다음 편에서는 AI·노드·DAO·해외 거래소·지인망이 결합된 신종 코인 판매망을 현행 법체계가 어디까지 잡을 수 있는지 살펴본다. 특금법상 미신고 가상자산 영업, 유사수신...",https://www.tokenpost.kr/news/insights/360582,4,0.5118,0,drop,candidate_hybrid_gray_drop_score_lt_threshold,4,0.5118,가상자산,,,candidate_hybrid,1,0.65,0.35
자사주 17만주 RSU 지급하는 두나무…네이버파이낸셜 교환 후 잔여분 소...,뉴스저널리즘 홍인택 기자 = 가상자산 거래소 업비트 운영사인 두나무가 임직원 보상용 자사주를 양도제한조건부주식(RSU) 형태로 지급한다. 이와 함께 네이버파이낸셜과의 주식 교환이 마무리되는 대로 남은 자사주를...,https://www.ngetnews.com/news/articleView.html?idxno=550357,15,0.6783,1,keep,candidate_hybrid_keep_strong_domain_rule_anchor,15,0.6783,가상자산;업비트;두나무,주식,,candidate_hybrid,1,0.65,0.35
중동 불안에 비트코인 7.7만달러 붕괴 [매일코인],19일 비트코인은 세계 최대 가상자산거래소 바이낸스에서 24시간 전보다 0.19% 하락한 7만6742달러에 거래되고 있다. 비트코인은 지난 15일 이후 5일 연속으로 하락세를 이어가고 있다. 지난 일주일간 비트코인은 4.76...,https://www.mk.co.kr/article/12052014,9,0.4851,1,keep,candidate_hybrid_keep_strong_domain_rule_anchor,9,0.4851,가상자산;가상자산거래소,,,candidate_hybrid,1,0.65,0.35
[코인 다단계 2.0] ⑤ 해외 거래소가 미끼가 됐다,"금융위원회 법령해석은 자체 앱을 통해 제휴 가상자산거래소로 이동하게 하고, 별도 고객확인 없이 가상자산을 매매할 수 있도록 지원하며, 소개·홍보 수수료를 받는 경우 특정금융정보법상 가상자산사업자 신고 의무가...",https://www.tokenpost.kr/news/insights/360581,21,0.45,1,keep,candidate_hybrid_keep_strong_domain_rule_anchor,21,0.45,금융위원회;금융위;가상자산;가상자산거래소,,,candidate_hybrid,1,0.65,0.35
[오후 뉴스브리핑] 미 백악관 관계자 “전략적 비트코인 비축 관련 곧 발...,"러시아 금융감독청, 암호화폐 거래소 은행 수준 규제 촉구 러시아 금융감독청이 암호화폐 거래소를... 주지사가 가상화폐 법안에 서명했다고 보도했다. 법안은 고객 자산과 기관 자산 분리를 의무화하고, 기관이...",https://www.tokenpost.kr/news/briefing/361094,7,0.6314,1,keep,candidate_hybrid_gray_keep_domain_score_ge_threshold,7,0.6314,은행;암호화폐,,,candidate_hybrid,1,0.65,0.35
"FIU, 특금법 개정안 극비 의견수렴…1000만원 보고 의무 조정될까","금융당국이 가상자산 규제 강화를 추진하는 가운데, 논란이 큰 특금법 시행령 개정안을 두고 ‘극비’... 실제로 해당 기준이 적용될 경우 거래소와 FIU 모두 보고 건수가 급증해 시스템 과부하로 이어질 수 있다는...",https://www.tokenpost.kr/news/policy/361089,9,0.5882,1,keep,candidate_hybrid_keep_strong_domain_rule_anchor,9,0.5882,가상자산;fiu,,,candidate_hybrid,1,0.65,0.35
"[단독] FIU, 가상자산 업계와 특금법 시행령 의견수렴 극비 진행","가상자산 업계 관계자는 “FIU 측이 간담회 일정과 관련한 외부 유출을 자제해달라고 요청하며 보안 유지를 거듭 당부했다”고 전했다. 업계 안팎에서는 최근 FIU가 두나무, 빗썸, 코인원 등 주요 거래소와 법적 분쟁을...",https://zdnet.co.kr/view/?no=20260519114329,19,0.723,1,keep,candidate_hybrid_keep_strong_domain_rule_anchor,19,0.723,가상자산;빗썸;두나무;fiu,,,candidate_hybrid,1,0.65,0.35
"타이거리서치 ""美 클래리티법, 오는 7월 최종 통과 전망""",미국 클래리티법(가상자산 시장 구조화 법안)이 오는 7월 최종 통과될 것이란 전망이 나왔다. 웹3 리서치... 활동 기반 보상 사업은 거래소와 플랫폼이 이용자의 거래 활동에 보상을 제공해 자산 이탈을 막을 수 있다고...,https://www.news1.kr/finance/blockchain-fintech/6171163,4,0.6948,1,keep,candidate_hybrid_model_keep_prob_ge_threshold_with_domain_anchor,4,0.6948,가상자산,,,candidate_hybrid,1,0.65,0.35
"오픈씨, 차세대 NFT 실물자산으로 '포켓몬 카드·롤렉스' 주목",오픈씨(OpenSea) 대체불가토큰 거래소 경영진은 미국 플로리다주에서 열린 가상화폐 행사 '컨센서스 마이애미' 인터뷰에서 차세대 대체불가토큰 시장 중심축으로 실물연계자산을 지목했다. 실물연계자산 중에서도...,https://www.khgames.co.kr/news/articleView.html?idxno=304466,0,0.525,0,drop,candidate_hybrid_drop_generic_market_or_ipo_noise,0,0.525,,,,candidate_hybrid,1,0.65,0.35
[심층분석] 비트코인 단기 상승 추세선 이탈... 지지 구간은?,업비트 거래소=비트코인 일봉 차트 비트코인이 업비트 거래소 기준 전일 대비 0.24% 하락하고 있는... 코인마켓캡= 가상자산 공포 및 탐욕지수 코인마켓캡(CMC)에 따르면 현재 가상자산 공포 및 탐욕지수는 39를 기록하고...,https://www.mstoday.co.kr/news/articleView.html?idxno=101565,9,0.7333,1,keep,candidate_hybrid_keep_strong_domain_rule_anchor,9,0.7333,가상자산;업비트,,,candidate_hybrid,1,0.65,0.35
"코인원 '코인모으기', 카카오뱅크 앱 입점",가상자산 거래소 코인원이 카카오뱅크 앱에서 적립식 가상자산 투자 서비스 '코인모으기'를 제공한다. 코인원은 실명계좌 제휴사인 카카오뱅크와 협업해 이용자 접근성을 강화했다고 19일 밝혔다. 코인모으기는...,https://www.khgames.co.kr/news/articleView.html?idxno=304470,4,0.6517,1,keep,candidate_hybrid_model_keep_prob_ge_threshold_with_domain_anchor,4,0.6517,가상자산,,,candidate_hybrid,1,0.65,0.35
"코빗, 비트코인 피자데이 이벤트 진행 '도미노 피자 기프티콘 증정'","국내 가상자산 거래소 코빗이 '비트코인 피자데이'를 맞아 이용자 대상 이벤트를 진행한다. 코빗은 오는 25일까지 7일간 비트코인(BTC) 거래 이벤트를 열고, 추첨을 통해 총 156명에게 도미노피자 기프티콘을...",https://www.khgames.co.kr/news/articleView.html?idxno=304469,8,0.6378,1,keep,candidate_hybrid_keep_strong_domain_rule_anchor,8,0.6378,가상자산;코빗,,,candidate_hybrid,1,0.65,0.35
"사인 글로벌, 캐나다 상장사와 손잡고 자본시장 공시·계약 검증 사업 ...","리퍼블릭 테크놀로지스는 캐나다 증권거래소 상장사로, 이더리움 네트워크 검증자 인프라와 디지털 자산... 업계에서는 이번 계약이 블록체인 기술이 단순 가상자산을 넘어 실제 자본시장 업무로 확장되는 사례라는...",https://www.khgames.co.kr/news/articleView.html?idxno=304467,4,0.5198,0,drop,candidate_hybrid_gray_drop_score_lt_threshold,4,0.5198,가상자산,,,candidate_hybrid,1,0.65,0.35
"코인원 '코인모으기', 카카오뱅크서도 이용 가능","회당 투자 가능 금액은 최소 5000원부터 최대 500만 원이다. 한편, 코인원은 2014년에 설립돼 대한민국 정부의 정식 가상자산 사업자(VASP) 자격을 갖추고 원화(KRW) 결제 서비스를 제공하는 국내 5대 암호화폐 거래소 중 하나다.",https://www.cnbnews.com/news/articleView.html?idxno=1002117,9,0.6703,1,keep,candidate_hybrid_keep_strong_domain_rule_anchor,9,0.6703,가상자산;암호화폐,원화,,candidate_hybrid,1,0.65,0.35
[오늘의 게임·IT 소식] 스마일게이트 '비버롹스 2026' 전시팀 모집 外,◆코인원 '코인모으기' 카카오뱅크서도 제공 가상자산 거래소 코인원이 적립식 투자 서비스 '코인 모으기'를 카카오뱅크 애플리케이션(앱)에서도 제공한다고 19일 밝혔다. 코인 모으기는 지정된 날짜에 자동으로...,https://dealsite.co.kr/articles/162128,4,0.5926,0,drop,candidate_hybrid_gray_drop_score_lt_threshold,4,0.5926,가상자산,,,candidate_hybrid,1,0.65,0.35
"리플, 美 SEC 토큰화 검토에 XRP레저 주목…""주식 온체인 거래 기대감""","블룸버그 보도를 인용한 코인게이프에 따르면 SEC는 암호화폐 기반 거래소에서 주식의 가상 복제본을... 해당 계획은 이르면 이번 주(현지시간) 발표될 가능성이 있으며, 트럼프 행정부가 추진 중인 디지털 자산 정책...",https://www.cbci.co.kr/news/articleView.html?idxno=575529,5,0.5437,0,drop,candidate_hybrid_gray_drop_score_lt_threshold,5,0.5437,암호화폐,주식,,candidate_hybrid,1,0.65,0.35
“외환망 안으로 들어온 디지털자산…무역업체 수요 확대될 것”,이번 개정으로 ‘디지털자산이전업’이라는 별도 카테고리가 신설되면서 가상자산사업자(VASP)가 국경 간... 국내 디지털자산 시장은 거래소별로 유동성이 분산돼 있어 일정 규모 이상의 주문을 단일 거래소에서 체결하면...,https://biz.heraldcorp.com/article/10740756?ref=naver,8,0.5151,1,keep,candidate_hybrid_keep_strong_domain_rule_anchor,8,0.5151,가상자산;디지털자산,,,candidate_hybrid,1,0.65,0.35
"플레이그램 자회사, AIㆍ블록체인 결합 글로벌 디지털 금융 인프라 사업...","ACCX Group은 까다롭기로 유명한 영국 금융감독청(FCA)으로부터 가상자산 파생거래용 다자간거래소(MTF) 라이선스를 정식 획득한 법인이다. 이 법인을 통해 가상자산 인덱스, 변동성 인덱스, 선물·옵션 등 제도권 내의...",https://www.etoday.co.kr/news/view/2585883,5,0.6706,1,keep,candidate_hybrid_model_keep_prob_ge_threshold_with_domain_anchor,5,0.6706,가상자산,금융,,candidate_hybrid,1,0.65,0.35
美 SEC ‘주식 토큰화’ 비밀 카드에 XRP 레저 전격 부상…월가 대격변...,기반 거래소에서 상장 기업 주식의 가상 복제본(토큰)을 거래할 수 있도록 허용하는 ‘혁신 면제(Innovation Exemptions)’ 방안을 검토하고 있다. 이 계획은 트럼프 행정부가 추진하는 광범위한 디지털 자산 친화 정책의...,https://www.g-enews.com/view.php?ud=202605191051447197e250e8e188_1,1,0.5088,0,drop,candidate_hybrid_drop_generic_market_or_ipo_noise,1,0.5088,,주식,,candidate_hybrid,1,0.65,0.35
[칼럼] GENIUS와 CLARITY가 쏘아 올린 '달러 인터넷'의 진화: 패시브 이자...,"첫째, 국내 가상자산 거래소들은 현재 해외를 모방하고 있는 단순한 '보상금 지급(리워드) 마케팅'에 의존해서는 안 됩니다. 이자 지급을 금지하는 글로벌 규제 기조가 확산될 경우, 언제든 규제 리스크에 직면할 수...",https://www.tokenpost.kr/news/insights/361057,5,0.5834,0,drop,candidate_hybrid_gray_drop_score_lt_threshold,5,0.5834,가상자산,달러,,candidate_hybrid,1,0.65,0.35
"IPO 멀어진 빗썸, 거래소들 새판 짜기 와중에..나 혼자 독자노선",한국정경신문 변동휘 기­자 kkobugi89021@naver.com [한국정경신문=변동휘 기자] 최근 가상자산 거래소들이 우군을 확보하며 합종연횡을 이어가고 있다. 금융권과 해외 자본의 유입이 가속화되면서 시너지 창출에 집중하는...,https://kpenews.com/View.aspx?No=4082945,13,0.6381,1,keep,candidate_hybrid_keep_strong_domain_rule_anchor,13,0.6381,ipo;가상자산;빗썸,,,candidate_hybrid,1,0.65,0.35
"美 SEC, 주식 토큰 거래 허용 추진…'혁신 면제' 이번 주 공개 전망",뉴욕증권거래소(NYSE) 운영사 인터컨티넨털익스체인지(ICE)도 가상자산 거래소 OKX와 협력해 토큰화 주식 및 가상자산 연계 상품 확대 계획을 발표했다. 미국 증권시장 인프라를 담당하는 DTCC 역시 오는 7월부터 토큰화...,https://www.news1.kr/finance/blockchain-fintech/6171045,5,0.6799,1,keep,candidate_hybrid_model_keep_prob_ge_threshold_with_domain_anchor,5,0.6799,가상자산,주식,,candidate_hybrid,1,0.65,0.35
"코인원 '코인모으기', 카카오뱅크서도 제공",가상자산 거래소 코인원이 자사 적립식 투자 서비스 '코인모으기'를 카카오뱅크 앱에서도 제공한다고 오늘(19일) 밝혔습니다. 코인원 코인모으기는 고객이 설정한 가상자산·주기·금액에 따라 지정된 날짜에 자동으로...,https://biz.sbs.co.kr/article_hub/20000311264?division=NAVER,4,0.6789,1,keep,candidate_hybrid_model_keep_prob_ge_threshold_with_domain_anchor,4,0.6789,가상자산,,,candidate_hybrid,1,0.65,0.35
"코빗, 비트코인 피자데이 기념 7일간 이벤트 추진",가상자산 거래소 코빗이 비트코인 피자데이를 기념해 7일간의 이벤트를 진행한다. 코빗은 19일 보도자료를 통해 이번 행사가 25일까지 열린다고 밝혔다. 비트코인 피자데이는 2010년 5월 22일 비트코인이 실물 거래...,https://www.cbci.co.kr/news/articleView.html?idxno=575454,8,0.6258,1,keep,candidate_hybrid_keep_strong_domain_rule_anchor,8,0.6258,가상자산;코빗,,,candidate_hybrid,1,0.65,0.35
[하나 디지털자산 초격차]② 새로 쓴 비이자 공식…지렛대는 '수수료',"글로벌 가상자산 수탁(커스터디) 기업인 비트코(BitGo)와 하나은행이 공동으로 설립한 합작법인으로, 디지털자산 보관·관리 영역과 연결된다. 두나무는 거래소와 블록체인 기술, 디지털자산 생태계 접점을 갖고 있다....",https://www.bloter.net/news/articleView.html?idxno=662817,9,0.6221,1,keep,candidate_hybrid_keep_strong_domain_rule_anchor,9,0.6221,가상자산;디지털자산,수수료,,candidate_hybrid,1,0.65,0.35
"카카오뱅크 앱서 코인 모으기…코인원, 적립식 투자 서비스 제공",가상자산(디지털자산) 거래소 코인원이 적립식 투자 서비스 '코인 모으기'를 카카오뱅크 애플리케이션(앱)에서도 제공한다고 19일 밝혔다. 코인 모으기는 지정된 날짜에 자동으로 가상자산을 매수하는 자동 주문...,https://www.news1.kr/finance/blockchain-fintech/6170991,8,0.5638,1,keep,candidate_hybrid_keep_strong_domain_rule_anchor,8,0.5638,가상자산;디지털자산,,,candidate_hybrid,1,0.65,0.35
"코빗, '비트코인 피자데이' 기념 이벤트",국내 가상자산 거래소 코빗이 피자 기프티콘 증정 이벤트를 7일간 진행한다. 코빗은 비트코인 피자데이를 기념해 오는 25일까지 이런 이벤트를 한다고 19일 밝혔다. 비트코인 피자데이는 비트코인이 처음으로 현물...,https://view.asiae.co.kr/article/2026051910195369702,8,0.6821,1,keep,candidate_hybrid_keep_strong_domain_rule_anchor,8,0.6821,가상자산;코빗,,,candidate_hybrid,1,0.65,0.35
"코인원, 카카오뱅크서 '코인모으기' 서비스 제공",가상자산 거래소 코인원이 자사의 적립식 투자 서비스인 '코인모으기'를 카카오뱅크 앱에서도 제공한다고 19일 밝혔다. 실명계좌 제휴사인 카카오뱅크와 협업을 통해 고객의 서비스 접근 편의성을 대폭 강화했다....,https://www.etnews.com/20260519000088,4,0.5813,0,drop,candidate_hybrid_gray_drop_score_lt_threshold,4,0.5813,가상자산,,,candidate_hybrid,1,0.65,0.35
"""1만 비트코인 피자의 날""…코빗, 코인 거래하면 피자 쏜다",가상자산 거래소 코빗은 비트코인 피자데이를 기념해 오는 25일까지 이벤트를 진행한다고 19일 밝혔다. 비트코인 피자데이는 2010년 5월 22일 비트코인이 처음 실물 거래에 사용된 날을 기념하는 날이다. 당시 미국...,https://www.news1.kr/finance/blockchain-fintech/6170934,8,0.6953,1,keep,candidate_hybrid_keep_strong_domain_rule_anchor,8,0.6953,가상자산;코빗,,,candidate_hybrid,1,0.65,0.35
업비트·빗썸·코빗까지…왜 코인 거래소들은 ‘피자’에 진심일까?,"5월 22일 ‘비트코인 피자데이’를 앞두고 국내 주요 가상자산 거래소들이 일제히 피자 마케팅 경쟁에 뛰어들었다. 업비트와 빗썸, 코빗은 비트코인 지급부터 피자 기프티콘, 거래 수수료 혜택까지 내세우며 신규...",http://coinreaders.com/237213,15,0.5833,1,keep,candidate_hybrid_keep_strong_domain_rule_anchor,15,0.5833,가상자산;업비트;빗썸,수수료,,candidate_hybrid,1,0.65,0.35
"코빗, 비트코인 피자데이 이벤트…거래소 마케팅 경쟁 다시 불붙나",가상자산 거래소 코빗이 ‘비트코인 피자데이’를 맞아 이용자 참여형 이벤트를 진행한다. 상징적인 역사적 이벤트를 앞세워 신규 유입과 거래 활성화를 노린 마케팅 경쟁이 다시 달아오르는 모습이다. 코빗은 5월 19일...,https://www.tokenpost.kr/news/cryptocurrency/361010,8,0.609,1,keep,candidate_hybrid_keep_strong_domain_rule_anchor,8,0.609,가상자산;코빗,,,candidate_hybrid,1,0.65,0.35
"코빗, '비트코인 피자데이' 이벤트…156명 추첨",가상자산 거래소 코빗이 비트코인 피자데이를 기념해 오는 25일까지 7일간 이벤트를 진행한다고 19일 밝혔다. 비트코인 피자데이란 비트코인이 처음으로 현물 거래 수단으로 사용된 2010년 5월 22일을 기념하는 날이다....,https://www.etnews.com/20260519000065,8,0.641,1,keep,candidate_hybrid_keep_strong_domain_rule_anchor,8,0.641,가상자산;코빗,,,candidate_hybrid,1,0.65,0.35
"플레이그램子 ACCX코리아, AI·블록체인 금융 인프라 사업 확대",영국 법인 ACCX Group은 영국 금융감독청(FCA)으로부터 가상자산 파생거래용 다자간거래소(MTF) 라이선스를 확보한 상태다. 회사는 향후 디지털 자산 인프라와 실물자산 토큰화(RWA) 분야까지 사업 영역을 확대할...,http://www.edaily.co.kr/news/newspath.asp?newsid=02482966645450560,5,0.6852,1,keep,candidate_hybrid_model_keep_prob_ge_threshold_with_domain_anchor,5,0.6852,가상자산,금융,,candidate_hybrid,1,0.65,0.35
"코인원, 카카오뱅크서도 '코인모으기' 서비스 제공",가상자산 거래소 코인원은 자사 적립식 투자 서비스 '코인모으기'를 카카오뱅크 앱에서도 제공한다고 19일 밝혔다. 코인원 코인모으기는 고객이 설정한 가상자산·주기·금액에 따라 지정된 날짜에 자동으로 가상자산을...,http://www.newsdream.kr/news/articleView.html?idxno=112138,4,0.6578,1,keep,candidate_hybrid_model_keep_prob_ge_threshold_with_domain_anchor,4,0.6578,가상자산,,,candidate_hybrid,1,0.65,0.35
[가상화폐 시세] 비트코인 1억1000만원선에서 소폭 상승…이더리움 317만...,"19일 암호화폐거래소 빗썸에 따르면 오전 9시28분 기준 비트코인은 전 거래일 대비 1%(113만4000원) 상승한... 가상자산 전문매체 코인데스크는 ""비트코인은 5월의 모든 상승분을 내주며 7만7000달러 아래로...",http://www.econonews.co.kr/news/articleView.html?idxno=438577,8,0.5091,1,keep,candidate_hybrid_keep_strong_domain_rule_anchor,8,0.5091,가상자산;암호화폐,,,candidate_hybrid,1,0.65,0.35
"[게시판] 코빗, 오는 25일까지 비트코인 피자데이 이벤트",▲ 가상자산 거래소 코빗이 '비트코인 피자데이'를 기념해 오는 25일까지 이벤트를 진행한다고 19일 밝혔다. 비트코인 피자데이란 2010년 5월 22일 미국의 한 프로그래머가 1만 비트코인(BTC)으로 피자를 구매한 최초의...,https://www.yna.co.kr/view/AKR20260519037100002?input=1195m,8,0.679,1,keep,candidate_hybrid_keep_strong_domain_rule_anchor,8,0.679,가상자산;코빗,,,candidate_hybrid,1,0.65,0.35
"중동 리스크에 흔들린 비트코인, 7만7000달러 방어 [Bit 코인]","19일 오전 8시 50분 가상자산 통계사이트 코인게코에 따르면 비트코인은 24시간 전 대비 0.5% 하락한 7만7001.78달러(주요 거래소 평균가)에 거래됐다. 이더리움은 0.3% 오른 2129.59달러, 바이낸스 코인은 0.3% 내린 643.37달러로...",https://www.etoday.co.kr/news/view/2585768,4,0.6084,0,drop,candidate_hybrid_gray_drop_score_lt_threshold,4,0.6084,가상자산,,,candidate_hybrid,1,0.65,0.35
"[디지털머니+]코인원, '코인모으기' 서비스 카카오뱅크 앱 연동 개시 外","그래픽=코빗 ◇코빗, 피자데이 이벤트…총 156명 피자 기프티콘 증정 국내 최초 가상자산거래소 코빗은 '비트코인 피자데이'를 기념해 오는 25일까지 7일 간 이벤트를 진행한다고 19일 밝혔다. 비트코인 피자데이란...",https://www.businessplus.kr/news/articleView.html?idxno=111949,13,0.5799,1,keep,candidate_hybrid_keep_strong_domain_rule_anchor,13,0.5799,가상자산;가상자산거래소;코빗,,,candidate_hybrid,1,0.65,0.35
"코인원 '코인모으기', 이제 카카오뱅크 앱에서 이용해 보세요",국내 대표 전문 가상자산 거래소 코인원(대표 차명훈)이 자사의 적립식 투자 서비스인 ‘코인모으기’를 카카오뱅크 앱에서도 제공한다고 19일 밝혔다. 실명계좌 제휴사인 카카오뱅크와 협업을 통해 고객의 서비스 접근...,https://www.tokenpost.kr/news/economy/360991,4,0.5791,0,drop,candidate_hybrid_gray_drop_score_lt_threshold,4,0.5791,가상자산,,,candidate_hybrid,1,0.65,0.35
"엔비디아 허락 없이도 ‘엔비디아 코인’ 거래…SEC, 주식 토큰 ‘혁신...",최근 가상자산 거래소 불리시는 42억달러를 들여 명의개서 대리인 기업인 이퀴니티(Equiniti)를 인수했다. 주식 소유권 추적과 배당금 지급을 담당하는 전통 인프라를 흡수해 토큰화 시대에 대비하겠다는 포석이다....,https://www.mk.co.kr/article/12051717,5,0.5792,0,drop,candidate_hybrid_drop_low_value_overseas_market_noise,5,0.5792,가상자산,주식,,candidate_hybrid,1,0.65,0.35
1000조원 코인 신사업 기회 열리나…미국 ‘클래리티법’ 7월 통과 기대,가상자산 거래소와 여러 관 앱 서비스들은 단순한 수수료 인하 경쟁을 넘어 결제나 스테이킹 행위를 조건으로 보상을 지급해 자본 이탈을 막는 ‘활동 기반 락인(Lock-in) 리워드’ 비즈니스를 본격화할 전망이다. 대규모...,https://www.mk.co.kr/article/12051716,5,0.6691,1,keep,candidate_hybrid_model_keep_prob_ge_threshold_with_domain_anchor,5,0.6691,가상자산,수수료,,candidate_hybrid,1,0.65,0.35
5월 22일 ‘비트코인 피자데이’…업비트·빗썸·코빗 이벤트 경쟁,[그림=챗GPT] [뉴스투데이=염보라 기자] 오는 22일 ‘비트코인 피자데이’를 앞두고 국내 가상자산 거래소들이 이용자 잡기에 나섰다. 비트코인으로 처음 실물 결제가 이뤄진 날을 기념해 피자와 비트코인(BTC)을 내건...,https://www.news2day.co.kr/article/20260519500032,18,0.6233,1,keep,candidate_hybrid_keep_strong_domain_rule_anchor,18,0.6233,가상자산;업비트;빗썸;코빗,,,candidate_hybrid,1,0.65,0.35
"비트코인 1억1443만 원대 하락, 중동 지역 지정학적 불확실성에 매도세...",지정학적 불확실성이 커지며 비트코인 등 가상자산 매도세가 이어지고 있다. 사진은 가상화폐 그래픽 이미지. 19일 가상화폐거래소 업비트에서 오전 8시35분 기준 비트코인은 24시간 전보다 1BTC(비트코인 단위)...,https://www.businesspost.co.kr/BP?command=article_view&num=438099,4,0.5126,0,drop,candidate_hybrid_gray_drop_score_lt_threshold,4,0.5126,가상자산,,,candidate_hybrid,1,0.65,0.35
9년 묵은 ‘금가분리’ 완화 조짐…은행·코인거래소 동거 시작되나,은행권이 공개적으로 가상자산 거래소 지분 투자에 나섰다는 점 자체가 기존 분위기 변화의 신호로 읽히고 있기 때문이다. 향후 디지털자산기본법 2단계 입법 과정에서 논의되는 ‘대주주 지분 제한’과 맞물려 거래소...,https://www.dailian.co.kr/news/view/1645684/?sc=Naver,15,0.7217,1,keep,candidate_hybrid_keep_strong_domain_rule_anchor,15,0.7217,은행;가상자산;디지털자산;코인거래소,,,candidate_hybrid,1,0.65,0.35
"코인원, 카카오뱅크 앱서 가상자산 적립식 투자 서비스 개시",가상자산 거래소 코인원(대표 차명훈)은 적립식 투자 서비스 '코인모으기'를 카카오뱅크 앱에서도 이용할 수 있다고 19일 밝혔다. 이번 협업으로 고객은 카카오뱅크 앱 내 투자탭 모으기 메뉴를 통해 코인모으기를...,https://www.cbci.co.kr/news/articleView.html?idxno=575450,4,0.5855,0,drop,candidate_hybrid_gray_drop_score_lt_threshold,4,0.5855,가상자산,,,candidate_hybrid,1,0.65,0.35
"코빗, 비트코인 피자데이 이벤트…""도미노 피자 쏜다""",가상자산 거래소 코빗은 비트코인 피자데이를 기념해 오는 25일까지 7일간 이벤트를 진행한다고 19일 밝혔다. 비트코인 피자데이란 비트코인이 처음으로 현물 거래 수단으로 사용된 2010년 5월 22일을 기념하는 날이다....,https://www.newsis.com/view/NISX20260519_0003635099,8,0.641,1,keep,candidate_hybrid_keep_strong_domain_rule_anchor,8,0.641,가상자산;코빗,,,candidate_hybrid,1,0.65,0.35
"코인원·코빗, 신규 고객 접점 확대 경쟁···가상자산 투자 경험 넓힌...","국내 가상자산 거래소들이 투자 접근성을 높이고 신규 이용자를 끌어들이기 위한 마케팅에 속도를 내고 있다. 코인원은 카카오뱅크 앱과 연계해 적립식 투자 서비스를 외부 금융 플랫폼으로 확장했고, 코빗은 비트코인...",http://www.enewstoday.co.kr/news/articleView.html?idxno=2430660,9,0.6697,1,keep,candidate_hybrid_keep_strong_domain_rule_anchor,9,0.6697,가상자산;코빗,금융,,candidate_hybrid,1,0.65,0.35
"코인원, 적립식 투자 서비스 '코인모으기' 카카오뱅크 앱서도 제공","가상자산 거래소인 코인원이 19일, 자사의 적립식 투자 서비스 '코인모으기'를 카카오뱅크 앱에서도 제공할 예정이라고 밝혔다. 가상자산 거래소인 코인원이 19일, 자사의 적립식 투자 서비스 '코인모으기'를...",https://www.newspim.com/news/view/20260519000132,4,0.5782,0,drop,candidate_hybrid_gray_drop_score_lt_threshold,4,0.5782,가상자산,,,candidate_hybrid,1,0.65,0.35
[오늘의 비트코인] ETF 10억달러 유출…7만6000달러대 추락,"지갑가 거래소, 블록체인을 보호하는 암호 시스템이 위협받을 수 있다는 우려도 나온다. 특히 비트코인과 이더리움이 사용하는 공개키 암호 체계가 해킹에 취약해질 가능성이 제기된다. 한편 글로벌 가상자산...",https://news.dealsitetv.com/articles/170600,4,0.5521,0,drop,candidate_hybrid_gray_drop_score_lt_threshold,4,0.5521,가상자산,,,candidate_hybrid,1,0.65,0.35
"키움증권, DCM 신흥강자 깃발…커버리지 확대 속도 [빅10 증권사 DCM 지형...","대표적인 사례로는 포스코그룹 계열 삼척블루파워 공모 회사채 딜이 자주 거론된다. 미매각 이력이 있던 발행사 물량에 대해 키움증권이 대표주관을 맡아 딜 클로징을 했다. 또, 키움증권의 경우 개인투자자 기반의...",http://www.fntimes.com/html/view.php?ud=202605192310547569179ad43907_18,7,0.5853,0,drop,candidate_hybrid_gray_drop_generic_anchor_only,7,0.5853,증권사;회사채,,,candidate_hybrid,1,0.65,0.35
"""官 출신 인사난 갈수록 심화""…거래소·연구기관 CEO '북새통'","대표적으로 거론되는 곳이 한국거래소와 여신금융협회, 우리금융경영연구소 등이다. 과거에도 금융당국 출신 인사들이 금융지주 산하 연구소나 협회, 금융 유관기관으로 이동한 사례는 적지 않았지만 최근 들어선...",https://news.einfomax.co.kr/news/articleView.html?idxno=4415777,7,0.5575,1,keep,candidate_hybrid_gray_keep_domain_score_ge_threshold,7,0.5575,여신금융협회,금융,,candidate_hybrid,1,0.65,0.35
[카드사 실적 점검] [신한카드] 외형 1위 수성한 박창훈…수익성 선두 ...,"여신금융협회에 따르면, 신한카드의 올해 1분기 개인 신용판매액은 33조5085억원으로 전년 동기(31조9578억원) 대비 4.9% 증가했다. 특히 신한카드의 지난해 신용판매결제 기준 시장점유율 17.0%를 기록하며 업계 1위를...",https://news.dealsitetv.com/articles/170470,10,0.5008,1,keep,candidate_hybrid_keep_strong_domain_rule_anchor,10,0.5008,카드사;여신금융협회,실적,,candidate_hybrid,1,0.65,0.35
차기 여신금융협회장 후보등록 마감…'관 출신·민간 CEO' 하마평 확산,여신금융협회 차기 회장 선출 절차가 본격화하면서 차기 협회장 후보군에도 관심이 쏠리고 있다. 지난해 10월 정완규 현 회장의 임기 만료 이후 약 7개월간 멈춰있던 인선 작업이 재개되면서 금융당국 출신과 민간 금융사...,https://www.newsworks.co.kr/news/articleView.html?idxno=841288,6,0.6836,1,keep,candidate_hybrid_model_keep_prob_ge_threshold_with_domain_anchor,6,0.6836,여신금융협회,,,candidate_hybrid,1,0.65,0.35
여신협회장 선거 공모 마감···본격 인선 절차 시작,"| 스마트비즈 = 전근홍 기자 | 여신금융협회장 선거가 후보자 공모 절차를 마치고, 본격 절차에 돌입했다. 정완규 전 회장 임기 만료 7개월 만이다. 20일 금융권에 따르면 여신금융협회는 전날 회장후보추천위원회(회추위)...",https://www.smartbizn.com/news/articleView.html?idxno=144299,12,0.6247,1,keep,candidate_hybrid_keep_strong_domain_rule_anchor,12,0.6247,여신금융협회;여신협회,,,candidate_hybrid,1,0.65,0.35
"7개월 만에 가동된 여신협회장 선거…공모 마감, 레이스 본격 돌입","전준우 김도엽 기자 = 정완규 회장 임기 만료 7개월 만에 여신금융협회장 선거가 후보자 공모 절차를 마치고, 본격 레이스에 돌입한다. 19일 금융권에 따르면 여신금융협회 회장후보추천위원회(회추위)를 구성하고 이날...",https://www.news1.kr/finance/general-finance/6171862,12,0.6324,1,keep,candidate_hybrid_keep_strong_domain_rule_anchor,12,0.6324,여신금융협회;여신협회,,,candidate_hybrid,1,0.65,0.35
차기 여신금융협회장 누가 맡나…금융권·학계 인사 하마평,"제14대 여신금융협회장 선임 절차가 본격화했다. 오늘 차기 협회장 공모가 마감되며 전직 관료와 금융권 인사, 학계 인사 등이 거론되는 후보군에 업계 관심이 쏠리고 있다. 카드업계 수익성 악화와 신사업 경쟁...",https://www.sidae.com/article/2026051915040559415,6,0.6126,1,keep,candidate_hybrid_gray_keep_domain_score_ge_threshold,6,0.6126,여신금융협회,,,candidate_hybrid,1,0.65,0.35
여전업계도 사잇돌대출 시장 진출…중신용자 금융지원 확대,"금융당국은 지난 13일 금융감독원과 은행연합회, 여신금융협회, 저축은행중앙회 등 업권별 실무진이 참석한 가운데 중금리대출 활성화 관련 첫 실무회의를 개최했다. 여신금융협회는 향후 업계 대상 수요조사와 함께...",https://www.g-enews.com/view.php?ud=20260519172547631e30fcb1ba8_1,16,0.622,1,keep,candidate_hybrid_keep_strong_domain_rule_anchor,16,0.622,금융감독원;저축은행;여신금융협회,,,candidate_hybrid,1,0.65,0.35
카드사 분쟁조정 7분기 만에 최저⋯1분기 29% 줄었다,19일 여신금융협회 공시에 따르면 올해 1분기 국내 8개 카드사의 분쟁조정 신청 건수는 407건으로 집계됐다. 이는 지난해 1분기 571건보다 164건(28.7%) 감소한 규모다. 중복·반복 신청을 제외한 실질적인 분쟁 규모도...,https://www.etoday.co.kr/news/view/2585980,9,0.5398,1,keep,candidate_hybrid_keep_strong_domain_rule_anchor,9,0.5398,카드사;여신금융협회,,,candidate_hybrid,1,0.65,0.35
"교보생명, AI로 효율 높이고 보험금은 신속하게…업계 혁신 이끈다",법무·여신 관련 자료 검색 기능 등을 제공한다. 반복 업무를 줄이고 업무 생산성을 높이는 데 초점을 맞췄다. 설계사들의 영업을 돕는 생성형 AI 기술도 도입했다. 교보생명은 금융위원회에서 혁신금융서비스로 지정받은...,https://www.hankyung.com/article/2026051955021,12,0.5138,1,keep,candidate_hybrid_keep_strong_domain_rule_anchor,12,0.5138,금융위원회;금융위,,,candidate_hybrid,1,0.65,0.35
"‘트래블로그’ 앞세운 하나카드, 법인카드까지 ‘투트랙’ 전략",여신금융협회에 따르면 지난해 말 기준 시장 점유율은 44.9%로 집계됐다. 올해 1분기 개인 해외 직불·체크카드 취급액은 8379억원으로 전년 동기(7088억원) 대비 18.2% 증가하며 업계 선두를 유지했다. 해외여행 수요가...,https://www.dt.co.kr/article/12063308?ref=naver,6,0.486,1,keep,candidate_hybrid_gray_keep_domain_score_ge_threshold,6,0.486,여신금융협회,,,candidate_hybrid,1,0.65,0.35
"""AI, 금융 일하는 방식 대거 바꿀 것""…임종룡·빈대인 등 금융권 CEO 한...","이번 VIP간담회에는 임종룡 우리금융지주 회장, 빈대인 BNK금융지주 회장을 비롯, 조용병 은행연합회장, 김철주 생명보험협회장, 이병래 손해보험협회장, 정완규 여신금융협회장, 오화경 저축은행중앙회장, 윤영덕...",http://www.fntimes.com/html/view.php?ud=2026051914164536658a55064dd1_18,17,0.4819,1,keep,candidate_hybrid_keep_strong_domain_rule_anchor,17,0.4819,저축은행;손해보험;생명보험;여신금융협회,금융,,candidate_hybrid,1,0.65,0.35
불장에 빚투 몰렸다…주담대는 조이자 '풍선효과',특히 보험사와 여신전문회사 등 기타금융기관의 기타대출이 7조9천억원 늘었습니다. 시장에서는 증시... 실제로 금융투자협회에 따르면 올해 1분기 증권사 신용공여액은 7조3천억원 증가했습니다. 직전 분기 증가폭의...,https://biz.sbs.co.kr/article_hub/20000311356?division=NAVER,3,0.6564,0,drop,candidate_hybrid_drop_generic_market_or_ipo_noise,3,0.6564,증권사,,,candidate_hybrid,1,0.65,0.35
여신협회 차기 인선 착수...신임 협회장이 풀어야 할 과제들,뷰어스 황보람 기­자 bridger@viewers.co.kr 여신금융협회가 정완규 현 회장의 임기 종료 이후 반년 넘은 공백 끝에 차기 회장 선출에 나섰다. 결제 시장을 빅테크가 장악해 가는 상황 속에 정부까지 '약탈적 금융'이라며 비판...,https://theviewers.co.kr/View.aspx?No=4082951,13,0.5281,1,keep,candidate_hybrid_keep_strong_domain_rule_anchor,13,0.5281,여신금융협회;여신협회,금융,,candidate_hybrid,1,0.65,0.35
"[개회사] 김봉국 한국금융신문 대표 “금융 DNA 바꾸는 AI 기술혁명, 새...","항상 저희 포럼을 성원해 주시고 귀한 걸음 해 주신 조용병 은행연합회 회장님, 김철주 생명보험협회 회장님, 이병래 손해보험협회 회장님, 정완규 여신금융협회 회장님, 오화경 저축은행중앙회 회장님, 임종룡 우리금융...",http://www.fntimes.com/html/view.php?ud=202605191407323177c96e79780_18,17,0.3886,1,keep,candidate_hybrid_keep_strong_domain_rule_anchor,17,0.3886,저축은행;손해보험;생명보험;여신금융협회,금융,,candidate_hybrid,1,0.65,0.35
"해외여행 특수에도 '조용'…카드사, 내수 침체에 '표정관리' 왜?",19일 여신금융협회에 따르면 지난 1분기 주요 카드사 8곳(신한·삼성·KB국민·현대·하나·우리·롯데·비씨카드)의 개인 신용·체크카드 해외승인 잔액은 5조5631억원으로 집계됐다. 전년 동기(4조9322억원) 대비 12.8...,https://news.tf.co.kr/read/economy/2324088.htm,9,0.4768,1,keep,candidate_hybrid_keep_strong_domain_rule_anchor,9,0.4768,카드사;여신금융협회,,,candidate_hybrid,1,0.65,0.35
카드사도 사잇돌대출 취급한다…중신용자 대출 문턱 낮아지나,"금융위원회는 지난 13일 중금리대출 활성화 방안을 논의하기 위해 금융감독원과 은행연합회, 여신금융협회, 저축은행중앙회 등 업권 실무진을 소집해 첫 회의를 진행했다. 여신금융협회는 향후 업계 대상 수요조사와...",https://www.thepublic.kr/news/articleView.html?idxno=304886,29,0.6426,1,keep,candidate_hybrid_keep_strong_domain_rule_anchor,29,0.6426,금융감독원;금융위원회;금융위;저축은행;여신금융협회,대출,,candidate_hybrid,1,0.65,0.35
5천억 사잇돌대출 출시 10월…중금리대출 후속조치 속도,"회의에는 금융위원회와 금융감독원을 비롯해 은행연합회, 여신금융협회, 저축은행중앙회 등 업권별 실무진이 참석한 것으로 전해졌다. 여신금융협회는 향후 업계를 대상으로 수요조사를 진행하고, 사잇돌대출의...",http://www.seouleconews.com/news/articleView.html?idxno=91314,28,0.5841,1,keep,candidate_hybrid_keep_strong_domain_rule_anchor,28,0.5841,금융감독원;금융위원회;금융위;저축은행;여신금융협회,,,candidate_hybrid,1,0.65,0.35
"연말 출시 앞둔 사잇돌대출, 여전업계 중금리 대출 시장 강화 전망","이 자리에는 금융감독원, 은행연합회, 여신금융협회, 그리고 저축은행중앙회 등 업계 관계자들이 참석하여 관련 논의를 진행했다. 여신금융협회는 이와 관련한 수요조사를 실시하고, 사잇돌대출의 보증기관인...",https://www.gokorea.kr/news/articleView.html?idxno=866886,17,0.676,1,keep,candidate_hybrid_keep_strong_domain_rule_anchor,17,0.676,금융감독원;저축은행;여신금융협회,대출,,candidate_hybrid,1,0.65,0.35
"거래대금 '100조' 시대…증권사, 시중은행 수익도 노린다","한편, 여신 전문 금융사는 현대캐피탈 제외 시 상위 여전사의 자기자본이 2025년 말 기준 여전히 1~2조 원... 금융업권의 이익 규모는 일반적으로 운용자산에 비례한다. 운용자산 규모는 자본력 및 업권별 레버리지...",https://www.sisaon.co.kr/news/articleView.html?idxno=201205,7,0.6003,1,keep,candidate_hybrid_gray_keep_domain_score_ge_threshold,7,0.6003,시중은행;증권사,,,candidate_hybrid,1,0.65,0.35
‘13억 개인 상환’ 대법 판결에...“모두의창업? 연대책임 공포 여전”,창업자 부담을 줄이기 위해 연대책임 금지 방향으로 제도 개선을 추진하고 있지만 관련 여신전문금융업법 개정안은 아직 국회를 통과하지 못했다. 금융위원회도 개인 창업자 연대책임 금지를 주지시키고 관련 관행을...,https://biz.chosun.com/industry/business-venture/2026/05/20/7BNYYACDB5ELPOGOBT43S3HJMM/?utm_source=naver&utm_medium=original&utm_campaign=biz,18,0.5756,1,keep,candidate_hybrid_keep_strong_domain_rule_anchor,18,0.5756,금융위원회;금융위;여신전문금융업,,,candidate_hybrid,1,0.65,0.35
"[줌업] 롯데카드 매각의 길 '대주주 리스크', 해킹 제재와 홈플러스 채...","이와 관련해 롯데카드 관계자는 ""추정손실 분류는 여신전문금융업법에 따른 것""이라며 ""홈플러스 구매전용카드 거래 한도 확대는 없었다""고 말했다. 매각 영향에 대해서는 ""매각은 주주사에서 진행하는 사안이라 회사가...",https://www.startuptoday.co.kr/news/articleView.html?idxno=801411,6,0.4499,1,keep,candidate_hybrid_gray_keep_domain_score_ge_threshold,6,0.4499,여신전문금융업,,,candidate_hybrid,1,0.65,0.35
위조카드로 금팔찌 결제…중국인 관광객 덜미,19일 제주서부경찰서에 따르면 중국인 A씨는 사기 및 여신전문금융업법 위반 혐의로 구속돼 조사를 받고 있다. A씨는 지난 15일 낮 12시30분께 제주시 연동의 한 금은방에서 한국인 명의로 위조된 신용카드를 이용해...,https://www.jemin.com/news/articleView.html?idxno=837775,6,0.3617,1,keep,candidate_hybrid_gray_keep_domain_score_ge_threshold,6,0.3617,여신전문금융업,,,candidate_hybrid,1,0.65,0.35
위조 신용카드로 400만원 상당 금팔찌 구입한 중국인…경찰에 검거,19일 경찰 등에 따르면 제주서부경찰서는 사기와 여신전문금융업법 위반 혐의로 30대 중국인 A씨를 구속해 조사하고 있다. A씨는 지난 15일 낮 12시30분쯤 제주시 연동에 있는 금은방에서 한국인 명의 위조 신용카드를...,https://www.dailian.co.kr/news/view/1646238/?sc=Naver,6,0.3393,0,drop,candidate_hybrid_model_drop_prob_le_threshold,6,0.3393,여신전문금융업,,,candidate_hybrid,1,0.65,0.35
"금팔찌 산 중국인, 수상쩍다 했더니 위조 카드…금은방 주인 신고로 덜...",제주서부경찰서는 사기와 여신전문금융업법 위반 혐의로 A씨를 구속해 조사하고 있다고 오늘(19일) 밝혔습니다. A씨는 지난 15일 낮 12시 30분쯤 제주시 연동에 있는 금은방에서 한국인 명의 위조 신용카드를 이용해 400만...,http://www.yonhapnewstv.co.kr/news/AKR20260519161817lTB,6,0.4028,1,keep,candidate_hybrid_gray_keep_domain_score_ge_threshold,6,0.4028,여신전문금융업,,,candidate_hybrid,1,0.65,0.35
제주서 위조 신용카드로 '400만원 금팔찌' 구매한 중국인…구속,"19일 제주서부경찰서는 사기와 여신전문금융업법 위반 혐의로 30대 중국인 A씨를 구속해 조사 중이다. A씨는 지난 15일 낮 12시 30분쯤 제주시 연동에 있는 금은방에서 한국인 명의 위조 신용카드를 이용, 400만 원 상당...",http://www.fnnews.com/news/202605191445480975,6,0.3446,0,drop,candidate_hybrid_model_drop_prob_le_threshold,6,0.3446,여신전문금융업,,,candidate_hybrid,1,0.65,0.35
한국인 명의 위조 신용카드로 400만원 금팔찌 구매한 중국인 구속,19일 제주서부경찰서에 따르면 중국인 A씨는 사기 및 여신전문금융업법 위반 혐의로 구속돼 조사를 받고 있다. A씨는 지난 15일 낮 12시 30분쯤 제주시 연동의 한 금은방에서 한국인 명의로 위조된 신용카드를 사용해...,https://www.etnews.com/20260519000308,6,0.3519,1,keep,candidate_hybrid_gray_keep_domain_score_ge_threshold,6,0.3519,여신전문금융업,,,candidate_hybrid,1,0.65,0.35
제주서 위조 카드로 귀금속 구매하던 30대 중국인 구속,경찰은 19일 여신전문금융업법 위반과 사기 혐의로 30대 중국인 남성을 구속해 조사하고 있다고 밝혔다. 구속된 중국인은 지난 15일 낮 12시 30분 제주시 한 금은방에서 한국인 명의로 위조된 신용카드를 이용해 400만 원...,https://news.tvchosun.com/site/data/html_dir/2026/05/19/2026051990209.html,6,0.3322,0,drop,candidate_hybrid_model_drop_prob_le_threshold,6,0.3322,여신전문금융업,,,candidate_hybrid,1,0.65,0.35
"아리바이오 판권 기대 번진 메이슨캐피탈, 자본 재편 이후 상한가…변동...",여기에 리드코프 체제 이후 투자금융 플랫폼 역할 가능성이 거론되면서 기존 여신전문금융업보다 투자·금융서비스 성격이 함께 부각되고 있다는 평가도 나온다. 실제 메이슨캐피탈의 매출 구조를 보면 수수료수익...,https://www.topstarnews.net/news/articleView.html?idxno=16065021,6,0.5663,1,keep,candidate_hybrid_gray_keep_domain_score_ge_threshold,6,0.5663,여신전문금융업,,,candidate_hybrid,1,0.65,0.35
중국인이 한국인 명의 위조 신용카드로 400만원 상당 금팔찌 구매…구속,19일 제주서부경찰서는 사기와 여신전문금융업법 위반 혐의로 30대 중국인 A씨를 구속해 조사 중이다. A씨는 지난 15일 낮 12시 30분쯤 제주시 연동에 있는 금은방에서 한국인 명의 위조 신용카드를 이용해 400만원 상당...,https://www.seoul.co.kr/news/society/accident/2026/05/19/20260519500090?wlog_tag3=naver,6,0.329,0,drop,candidate_hybrid_model_drop_prob_le_threshold,6,0.329,여신전문금융업,,,candidate_hybrid,1,0.65,0.35
“왜 자꾸 승인 거절?”…중국인 범인 잡아낸 제주 금은방 주인,"경찰은 이 남성을 여신전문금융업법 위반과 사기 혐의로 구속하는 한편, 남성이 소지하고 있던 휴대전화 2대와 카드 5장을 압수하고 위조 카드 정보 수집 경위 등을 집중 수사하고 있습니다.",https://news.kbs.co.kr/news/pc/view/view.do?ncd=8564654&ref=A,6,0.3665,1,keep,candidate_hybrid_gray_keep_domain_score_ge_threshold,6,0.3665,여신전문금융업,,,candidate_hybrid,1,0.65,0.35
위조 신용카드로 금팔찌 구매한 중국 관광객 구속,제주서부경찰서는 중국인 A 씨(30)를 사기 및 여신전문금융업법 위반 혐의로 구속했다고 19일 밝혔다. 경찰에 따르면 A 씨는 지난 15일 낮 12시쯤 제주시 연동 소재 금은방에서 위조 신용카드로 400만원 상당의 금팔찌를...,https://www.news1.kr/local/jeju/6171189,6,0.3797,1,keep,candidate_hybrid_gray_keep_domain_score_ge_threshold,6,0.3797,여신전문금융업,,,candidate_hybrid,1,0.65,0.35
위조 신용카드로 400만 원 상당 금팔찌 구매한 30대 중국인 구속,제주서부경찰서는 사기와 여신전문금융업법 위반 혐의로 30대 중국인 A 씨를 구속해 조사하고 있다고 오늘(19일) 밝혔습니다. A 씨는 지난 15일 낮 12시 30분 제주시 연동에 있는 금은방에서 한국인 명의 위조 신용카드를...,https://news.sbs.co.kr/news/endPage.do?news_id=N1008568747&plink=ORI&cooper=NAVER,6,0.359,1,keep,candidate_hybrid_gray_keep_domain_score_ge_threshold,6,0.359,여신전문금융업,,,candidate_hybrid,1,0.65,0.35
"‘위조 신용카드’ 30대 중국인, 400만원 금팔찌 구매…현행범 체포","19일 경찰에 따르면, 제주서부경찰서는 사기와 여신전문금융업법 위반 혐의로 30대 중국인 A씨를 구속해 조사하고 있다. A씨는 지난 15일 낮 12시 30분쯤 제주시 연동에 있는 금은방에서 한국인 명의 위조 신용카드를...",https://www.dt.co.kr/article/12063202?ref=naver,6,0.3579,1,keep,candidate_hybrid_gray_keep_domain_score_ge_threshold,6,0.3579,여신전문금융업,,,candidate_hybrid,1,0.65,0.35
위조 신용카드로 400만원 상당 금팔찌 구매한 30대 중국인 구속,제주서부경찰서는 사기와 여신전문금융업법 위반 혐의로 30대 중국인 A씨를 구속해 조사하고 있다고 19일 밝혔다. A씨는 지난 15일 낮 12시 30분께 제주시 연동에 있는 금은방에서 한국인 명의 위조 신용카드를 이용해...,https://www.yna.co.kr/view/AKR20260519075700056?input=1195m,6,0.3349,0,drop,candidate_hybrid_model_drop_prob_le_threshold,6,0.3349,여신전문금융업,,,candidate_hybrid,1,0.65,0.35
위조 신용카드로 금팔찌 구매…30대 中관광객 구속,제주서부경찰서는 중국인 A(30대)씨를 사기 및 여신전문금융업법 위반 혐의로 구속해 조사 중이라고 19일 밝혔다. A씨는 지난 15일 낮 12시께 제주시 연동 소재 금은방에서 위조 신용카드를 이용해 400만원 상당의...,https://www.newsis.com/view/NISX20260519_0003635351,6,0.3173,0,drop,candidate_hybrid_model_drop_prob_le_threshold,6,0.3173,여신전문금융업,,,candidate_hybrid,1,0.65,0.35
"보스턴·실리콘밸리 샅샅이 뒤진다… 아주IB투자, 美 첨단 기술 기업 발...",여신전문금융업법과 자본시장법에 의거해 금융감독원에 정식 등록된 사모펀드(PEF) 운용회사로서 탄탄한 신뢰도를 구축했다. 국내를 넘어 글로벌 시장으로 눈을 돌려 조기 성과를 거두고 있다. 2013년부터 미국 바이오 및...,https://www.pinpointnews.co.kr/news/articleView.html?idxno=453679,12,0.5071,1,keep,candidate_hybrid_keep_strong_domain_rule_anchor,12,0.5071,금융감독원;여신전문금융업,,,candidate_hybrid,1,0.65,0.35
여전사 사잇돌대출 이르면 10월 출시…서민금융 보완 나선다,중신용자를 대상으로 한 보증부 정책금융 상품인 사잇돌대출이 여신전문금융업권(카드·캐피털사)으로 확대되면서 이르면 오는 10월 출시될 전망이다. 19일 금융당국에 따르면 금융위원회는 여전업권 사잇돌대출 상품...,https://www.sentv.co.kr/article/view/sentv202605190013,23,0.5584,1,keep,candidate_hybrid_keep_strong_domain_rule_anchor,23,0.5584,금융위원회;금융위;여신전문금융업;정책금융,,,candidate_hybrid,1,0.65,0.35
"청소년 신용카드, '엄카' 대신 '내카'?...금융교육인가 외상소비인가 [지...","이번 제도 변화는 여신전문금융업법 시행령 개정에 따른 것이다. 그동안 미성년자 가족카드는 신한·삼성카드에서 금융 샌드박스, 즉 혁신금융서비스 형태로 제한적으로 운영되기 시작했고 이후 현대·우리...",http://www.sisunnews.co.kr/news/articleView.html?idxno=238578,7,0.5122,1,keep,candidate_hybrid_gray_keep_domain_score_ge_threshold,7,0.5122,여신전문금융업,금융,,candidate_hybrid,1,0.65,0.35
점심 한 끼도 부담… 식비 지원 확산,"선정된 기업 근로자는 카드사나 디지털 식권 플랫폼을 통해 점심 결제 시 할인을 받는다. KB금융그룹은 민간... 가맹점까지 범위를 넓혀 점심과 간식 비용을 함께 줄일 수 있도록 설계했다. 업계 관계자는 ""금리나 수수료보...",https://www.newsclaim.co.kr/news/articleView.html?idxno=3064144,0,0.5122,0,drop,candidate_hybrid_gray_drop_score_lt_threshold,0,0.5122,,,,candidate_hybrid,1,0.65,0.35
“스타벅스 믿고 카드 냈는데”...불매 조짐에 카드사들 ‘당혹’ [이슈...,"저성장과 가맹점 수수료 인하로 수익성이 악화되자 특정 생활 플랫폼과의 제휴를 통해 이용액 확대에 나선... 제휴 브랜드를 둘러싼 논란이 장기화될 경우 카드 사용 빈도가 감소하고, 신규 회원 모집 효과도 떨어질...",https://www.ekn.kr/web/view.php?key=20260519027226023,2,0.4839,0,drop,candidate_hybrid_gray_drop_score_lt_threshold,2,0.4839,,수수료;가맹점,,candidate_hybrid,1,0.65,0.35
'5·18 탱크데이' 사태에 스타벅스 제휴 카드사들도 '긴장',"만약 스타벅스 불매운동이 커지면 가맹점 결제가 줄어 카드 이용 실적과 가맹점 수수료 수익이 동반 감소할 수 있다. 카드사들은 잘못이 없지만 충격을 같이 받는 셈이다. 제휴 카드사들은 ""마땅히 할 수 있는 일이 없다...",https://www.kpinews.kr/newsView/1065592839111922,2,0.5185,0,drop,candidate_hybrid_gray_drop_score_lt_threshold,2,0.5185,,수수료;가맹점,,candidate_hybrid,1,0.65,0.35
"'6조' 고유가 지원금 신청 본격화…카드사, 조용한 유치전",카드사 입장에서는 결제 물량이 늘더라도 수익 효과는 제한적이다. 연매출 30억원 이하 영세·중소가맹점에는 0.40~1.45%의 우대 수수료율이 적용돼 일반 가맹점 평균 수수료율인 2%대보다 낮다. 지원금 사용처 상당수가...,https://www.newspim.com/news/view/20260519000946,4,0.5559,0,drop,candidate_hybrid_gray_drop_score_lt_threshold,4,0.5559,카드사,가맹점,,candidate_hybrid,1,0.65,0.35
고유가 지원금 소비쿠폰 '데자뷔'…조용한 카드사,"고유가 피해지원금 사용처는 지난해 소비쿠폰과 마찬가지로 연매출 30억원 이하 가맹점과 소상공인 매장 중심으로 제한돼 카드사 입장에서는 결제액 증가분에 따른 수수료 수익이 제한적일 수 있고, 오히려 역마진이...",https://www.asiatime.co.kr/article/20260519500227,4,0.586,0,drop,candidate_hybrid_gray_drop_score_lt_threshold,4,0.586,카드사,수수료,,candidate_hybrid,1,0.65,0.35
"[더벨][여전사경영분석] 본업 정체된 BC카드, 케이뱅크 상장 호재에 웃...",가맹점 프로세싱을 넘어 직접 회원을 모집하는 자체카드 수수료수익은 136억원에서 168억원으로 23.5... 결제 프로세싱 중심의 비즈니스 구조상 일반 카드사에 비해 절대적인 조달 규모 자체는 크지 않지만 가파른...,https://www.thebell.co.kr/free/content/ArticleView.asp?key=202605181608463400107214,1,0.51,0,drop,candidate_hybrid_drop_generic_market_or_ipo_noise,1,0.51,,가맹점,,candidate_hybrid,1,0.65,0.35
스벅코리아 5·18 이벤트 논란…미 본사 “용납할 수 없다”,금감원에 따르면 은행권 가계신용대출 연체율은 지난해 12월 0.75%에서 올 2월 0.90%까지 꾸준히 오르는 추세다. 금융계 관계자는 “젊은 층의 연체는 사회문제가 될 수 있는 만큼 제대로 관리할 필요가 있다”고...,https://www.sedaily.com/article/20046097?ref=naver,4,0.5947,0,drop,candidate_hybrid_gray_drop_score_lt_threshold,4,0.5947,은행권,,,candidate_hybrid,1,0.65,0.35
금리 인하 기대감 반영됐나… 농협은행 대출 브랜드 1위,"최근 금융권은 기준금리 인하 가능성과 가계대출 규제 변화 속에서 고객 확보 경쟁을 이어가고 있다. 시중은행들은 모바일 플랫폼 강화와 중저신용자 상품 확대에 집중하고 있으며, 저축은행업계 역시 비대면...",https://www.pinpointnews.co.kr/news/articleView.html?idxno=453923,13,0.6994,1,keep,candidate_hybrid_keep_strong_domain_rule_anchor,13,0.6994,시중은행;저축은행;기준금리,금리;대출,,candidate_hybrid,1,0.65,0.35
가계빚 1993조 역대 최대···영끌·빚투에 1분기 '14조' 급증,"가계대출 규제로 시중은행들이 대출문턱을 높이면서 비은행기관의 주택 관련 대출은 3개월 새 10조6000억원이나 급증했다. 금융권 관계자는 ""주택매매거래가 증가하면서 주택 관련 대출 증가폭이 크게 늘었다""며...",https://www.smartbizn.com/news/articleView.html?idxno=144298,5,0.6047,0,drop,candidate_hybrid_gray_drop_score_lt_threshold,5,0.6047,시중은행,대출,,candidate_hybrid,1,0.65,0.35
"대출 빗장 걸고 지방도 영향권…주담대 7% 돌파, 영끌족 ‘발 동동’",은행권 가계대출 증가세가 계속되자 은행들이 주담대를 중심으로 선제적인 대출 조이기에 나서고 있어 낮은 금리로 갈아타기도 쉽지 않은 실정이다. 20일 금융권에 따르면 NH농협은행은 이날부터 타행 주담대 갈아타기...,https://www.dailian.co.kr/news/view/1646181/?sc=Naver,5,0.7077,1,keep,candidate_hybrid_model_keep_prob_ge_threshold_with_domain_anchor,5,0.7077,은행권,대출,,candidate_hybrid,1,0.65,0.35
"지방은행, 글로벌로 간다… 기업금융 지원과 생존 전략은",금융권에서는 고금리·가계대출 규제·인터넷은행 확산이라는 삼중 압박 속에서 지방은행들이 새로운 먹거리 확보에 사활을 걸고 있다고 보고 있다. ◆ 부산은행-DHL 협약…지역기업 금융 지원 확대 BNK부산은행은 지난 18일...,https://www.lcnews.co.kr/news/articleView.html?idxno=202364,5,0.6164,0,drop,candidate_hybrid_gray_drop_score_lt_threshold,5,0.6164,인터넷은행,금융,,candidate_hybrid,1,0.65,0.35
증시 널뛰기 속 늘어난 빚투...2030 연체 ‘쑥’,"금융감독원에 따르면 지난해 12월 말 0.75%였던 은행권 가계신용대출 연체율은 올 1월 0.84%, 2월 0.90%로 상승했다. 전체 가계대출 가운데서도 신용대출 등 담보가 약한 대출을 중심으로 부실 위험이 높아지고 있는 셈이다....",https://www.sedaily.com/article/20045977?ref=naver,14,0.6207,1,keep,candidate_hybrid_keep_strong_domain_rule_anchor,14,0.6207,금융감독원;은행권,연체;부실,,candidate_hybrid,1,0.65,0.35
이자이익 늘었지만…국내은행 1분기 순이익 6.7조원 '소폭 감소',올해 은행권은 이자이익 감소를 우려했으나 강력한 가계대출 규제 속에서 NIM은 오히려 반등 조짐을 보이면서 전박적인 수익성 개선으로 이어지고 있다. 대출금리가 예금금리보다 더 빠르게 오르면서 은행...,https://www.newsway.co.kr/news/view?ud=2026051915520293566,4,0.4937,0,drop,candidate_hybrid_gray_drop_score_lt_threshold,4,0.4937,은행,순이익,,candidate_hybrid,1,0.65,0.35
반도체 호황 덕에…정부부채 비율 3.8%p '뚝'[only 이데일리],한국은행은 이날 ‘2026년 1분기 가계신용(잠정)’ 설명회에서 “주택 관련 대출이 일시적으로 좀 확대될 수 있어서 가계 대출 상황을 좀 유의해서 지속적으로 모니터링할 필요가 있다”고 언급했다. 한편 IIF는 이번...,http://www.edaily.co.kr/news/newspath.asp?newsid=01662966645450888,6,0.5466,1,keep,candidate_hybrid_gray_keep_domain_score_ge_threshold,6,0.5466,한국은행,대출,,candidate_hybrid,1,0.65,0.35
증시로 돈 빠지는데 은행은 맑음?,"과거 부동산·가계 대출 중심이던 은행 영업이 산업·기업 금융 중심으로 이동하는 흐름도 나타나고 있다. 증시 활황 역시 은행들에 꼭 악재만은 아니다. 자금이 금융시장 안에서 움직이는 만큼 자산관리(WM), 퇴직연금...",https://www.seoul.co.kr/news/economy/finance/2026/05/20/20260520003001?wlog_tag3=naver,5,0.6607,0,drop,candidate_hybrid_drop_generic_market_or_ipo_noise,5,0.6607,은행,대출;금융,,candidate_hybrid,1,0.65,0.35
"함영주의 ‘대전환’⋯하나금융, 미래산업 금융 판 바꾼다 [생산적 금융...",가계대출 중심의 수익 구조를 기업·투자금융으로 전환하려는 이번 움직임이 실질적인 산업 생태계 변화로... 하나은행은 생산적투자본부를 중심으로 첨단산업 지원과 수출기업 금융 확대를 추진하고 있다. 하나증권은...,https://www.etoday.co.kr/news/view/2585899,5,0.5053,0,drop,candidate_hybrid_gray_drop_score_lt_threshold,5,0.5053,생산적 금융,금융,,candidate_hybrid,1,0.65,0.35
"하나금융, K-조선·AI 키울 ‘8조 모험자본’ 시동 [생산적 금융, 성장의...",가계대출 중심의 수익 구조를 기업·투자금융으로 전환하려는 이번 움직임이 실질적인 산업 생태계 변화로... 하나금융은 은행·증권·카드·캐피탈·벤처스 등 6개 관계사가 공동 출자하는 ‘하나 모두 성장 K...,https://www.etoday.co.kr/news/view/2585928,11,0.5683,1,keep,candidate_hybrid_keep_strong_domain_rule_anchor,11,0.5683,은행;캐피탈;생산적 금융,금융,,candidate_hybrid,1,0.65,0.35
"ELS 사태 후 달라진 금융지주 WM 전략…""은행·증권 복합채널 키운다""","가계대출 규제와 예대마진 압박으로 은행의 전통적 이자이익 확대가 제한되는 상황에서 WM은 여전히 금융지주의 핵심 비이자이익원으로 평가된다. 금융지주들은 은행 창구의 고난도 상품 직접 판매는 줄이되, 은행...",https://news.tf.co.kr/read/economy/2324090.htm,3,0.756,1,keep,candidate_hybrid_model_keep_prob_ge_threshold_with_domain_anchor,3,0.756,은행,,,candidate_hybrid,1,0.65,0.35
가계빚 2000조 코앞…비은행권으로 '풍선효과' 뚜렷,예금은행의 가계대출은 이번 분기 2000억 원 감소로 전환됐다. 지난 4분기에 6조 원 증가했던 것과 비교하면 급격한 변화다. 주택관련대출 증가 폭이 줄어든 데다 기타대출마저 감소하면서 은행권 가계대출이...,http://www.gjdream.com/news/articleView.html?idxno=669542,4,0.6289,0,drop,candidate_hybrid_gray_drop_score_lt_threshold,4,0.6289,은행권,,,candidate_hybrid,1,0.65,0.35
[포토] 가계 빚 1993조원… 역대 최대,"은행권이 가계대출 총량을 강도 높게 관리하면서 주택담보대출 등이 전 분기 대비 3000억원 증가하는 데 그쳤지만, 풍선 효과로 제2 금융권에서 주담대 등이 10조6000억원 늘었다. 19일 서울 시내 한 MG새마을금고...",https://www.kmib.co.kr/article/view.asp?arcid=1779194046&code=11151700&cp=nv,4,0.6261,0,drop,candidate_hybrid_gray_drop_score_lt_threshold,4,0.6261,새마을금고,,,candidate_hybrid,1,0.65,0.35
영끌·빚투에 1분기 가계 빚 1993조 '역대 최대',대출 창구별로는 예금은행 가계대출(1천9조6천억원)이 2천억원 감소하며 2023년 1분기 이후 3년 만에 처음으로 줄었다. 예금은행의 주택 관련 대출은 전 분기보다 3천억원 늘었지만 기타대출이 6천억원 줄었다....,https://www.idaegu.co.kr/news/articleView.html?idxno=548639,1,0.5814,0,drop,candidate_hybrid_gray_drop_score_lt_threshold,1,0.5814,,대출,,candidate_hybrid,1,0.65,0.35
현금부자 몰린 서울 청약시장… 고분양가 논란에도 흥행,정부의 가계대출 규제에 따라 은행권 주택담보대출에 총부채원리금상환비율(DSR) 40% 규제가 적용돼 고가주택일수록 대출 한도가 크게 줄어들기 때문이다. 25억원이 넘는 주택이라면 가능한 대출 규모가 2억원 안팎...,https://www.segye.com/newsView/20260519515090?OutUrl=naver,9,0.6827,1,keep,candidate_hybrid_keep_strong_domain_rule_anchor,9,0.6827,은행권;dsr,대출,,candidate_hybrid,1,0.65,0.35
"농협금융 2년 연속 1조원대 증자, 은행·증권 경쟁력↑","생산적금융의 대부분을 차지하는 기업대출의 경우 가계대출에 비해 위험가중치가 높아, 생산적금융 이행을 위해서는 충분한 자본력이 뒷받침돼야 한다. 농협은행과 NH투자증권의 자본 여력이 생기면 기업대출 및 벤처...",http://www.edaily.co.kr/news/newspath.asp?newsid=05188966645450560,3,0.6342,0,drop,candidate_hybrid_gray_drop_score_lt_threshold,3,0.6342,은행,,,candidate_hybrid,1,0.65,0.35
가계·기업대출 동반 확대…유동성 다시 증가,한국은행이 지난 17일 발표한 '2026년 4월 금융시장 동향'에 따르면 4월 은행 가계대출은 2조 1000억원 증가해 전달 5000억원 증가보다 확대됐다. 가계대출 잔액은 1174조 9000억원으로 집계됐다. 특히 주택담보대출은 3월...,https://www.gnnews.co.kr/news/articleView.html?idxno=637252,11,0.7809,1,keep,candidate_hybrid_keep_strong_domain_rule_anchor,11,0.7809,한국은행;은행;유동성,,,candidate_hybrid,1,0.65,0.35
"1분기 가계 빚 14조 원↑···""비은행 주담대·빚투 영향""",상호금융 등 비은행예금취급기관을 중심으로 주택관련대출이 크게 늘었고 이른바 '빚투'가 이어지며 가계부채가 2천조 원에 바짝 다가섰습니다. 김찬규 기자입니다. 김찬규 기자> 올해 1분기 가계 빚이 지난해 말보다...,https://www.ktv.go.kr/content/view?content_id=754991,7,0.5741,1,keep,candidate_hybrid_gray_keep_domain_score_ge_threshold,7,0.5741,상호금융;가계부채,,,candidate_hybrid,1,0.65,0.35
가계빚 1993조 역대 최대…'영끌·빚투'에 14조 증가,"대출 창구별로는 은행권 가계대출이 소폭 감소했지만, 상호금융·저축은행·신협 등 비은행권 가계대출이 크게 늘었다. 특히 비은행권 주택관련대출은 석 달 사이 10조6000억원 급증했다. 증권사 등을 포함한...",https://www.ccdailynews.com/news/articleView.html?idxno=2417287,20,0.7403,1,keep,candidate_hybrid_keep_strong_domain_rule_anchor,20,0.7403,은행권;저축은행;증권사;상호금융;신협,대출,,candidate_hybrid,1,0.65,0.35
"우리은행, 대출 영업이 '포용금융'?","우리은행 측은 ""포용금융 확대 차원""이라고 설명했지만, 가계대출 총량이 규제된 상황에서 고객을 선점하기 위한 영업 전략이라는 해석이 나옵니다. [권혁준 / 순천향대 경제금융학과 교수 : 우량 고객들을 빼와야...",https://biz.sbs.co.kr/article_hub/20000311420?division=NAVER,1,0.5227,0,drop,candidate_hybrid_gray_drop_score_lt_threshold,1,0.5227,,대출,,candidate_hybrid,1,0.65,0.35
영끌·빚투에…가계빚 1천993조원 '역대 최대',가계신용은 가계가 은행·보험사·대부업체·공적 금융기관 등에서 받은 대출에 결제 전 카드 사용 금액(판매신용)까지 더한 '포괄적 가계 부채'를 말한다. 우리나라 가계신용은 2024년 2분기 이후 8개 분기 연속...,https://www.imaeil.com/page/view/2026051914335756228,6,0.6359,1,keep,candidate_hybrid_gray_keep_domain_score_ge_threshold,6,0.6359,은행;보험사,,,candidate_hybrid,1,0.65,0.35
은행 대출 막히자 2금융 주담대 10조6000억원 급증…1분기 전체 가계빚 ...,눈여겨볼 점은 예금은행 가계대출이 줄었다는 점이다. 예금은행 가계대출은 1009조6000억원으로 전 분기보다 2000억원 줄었다는 점이다. 12분기 만에 감소로 전환했다. 주택관련대출 증가폭(3000억원)이 축소되고...,https://economist.co.kr/article/view/ecn202605190040,4,0.624,0,drop,candidate_hybrid_gray_drop_score_lt_threshold,4,0.624,은행,대출,,candidate_hybrid,1,0.65,0.35
대기업 대출 늘고 정기예금 깨고…경북동해안 '돈 가뭄',19일 한국은행 포항본부에 따르면 경북동해안(포항·경주·영덕·울진·울릉)의 3월 중 금융기관 여신(대출)... 한 달 전 감소세를 보였던 가계대출은 주택담보대출이 163억 원 늘어나면서 총 133억 원 증가로 돌아섰다....,https://www.dkilbo.com/news/articleView.html?idxno=544799,6,0.6258,1,keep,candidate_hybrid_gray_keep_domain_score_ge_threshold,6,0.6258,한국은행,대출,,candidate_hybrid,1,0.65,0.35
2금융권 쏠리며 가계대출 확대…은행 성장률은 ‘제자리’,"지금은 가계대출보다 기업대출에 집중하고 있다""고 말했다. 송두리 기자 dsk@ekn.kr 가계대출 성장 2금융권이 주도 5대 은행 가계대출 올해 감소세 “정부 강력 규제에 수요 줄어” 4월 증가 주목…농협은행은 관리 강화",https://www.ekn.kr/web/view.php?key=20260519027006120,3,0.7897,1,keep,candidate_hybrid_model_keep_prob_ge_threshold_with_domain_anchor,3,0.7897,은행,,,candidate_hybrid,1,0.65,0.35
"신한은행, 베트남 주춤했지만 '글로벌 1위' 불변…日·캄보디아 약진",이와 함께 캄보디아 법인인 신한캄보디아은행에서도 같은 기간 39.8% 증가한 71억8400만원의 순익을 시현하며 전체 글로벌 부문 순익 하락 방어에 힘을 보탰다. 고정금리 주택담보대출 중심의 가계대출과 금융기관...,https://www.kfenews.co.kr/news/articleView.html?idxno=658081,0,0.4035,0,drop,candidate_hybrid_gray_drop_score_lt_threshold,0,0.4035,,,,candidate_hybrid,1,0.65,0.35
은행 막히자 2금융권으로…가계 빚 2천조 육박,그나마 다행인 점은 당국의 대출 규제로 증가폭 자체는 전 분기보다 3000억원 축소됐습니다.실제로 은행 가계대출은 주택 관련대출 감소 영향으로 2000억원 줄어 약 3년 만에 하향세로 돌아섰습니다. 반면 은행 문턱이...,https://news.mtn.co.kr/news-detail/2026051916400514139,4,0.7493,1,keep,candidate_hybrid_model_keep_prob_ge_threshold_with_domain_anchor,4,0.7493,은행,대출,,candidate_hybrid,1,0.65,0.35
가계대출 규제에 인뱅 '개인사업자' 잡아라…3兆시대 열렸다,인터넷전문은행들이 개인사업자대출을 빠르게 키워가고 있다. 금융당국이 가계대출 관리를 강화하며 개인 신용대출을 중심으로 몸집을 키워온 인터넷은행들이 새로운 성장 동력으로 개인사업자 금융을 낙점한 것이다....,http://www.edaily.co.kr/news/newspath.asp?newsid=04582166645450560,4,0.5426,0,drop,candidate_hybrid_gray_drop_score_lt_threshold,4,0.5426,인터넷은행,,,candidate_hybrid,1,0.65,0.35
가계 빚 '1993조' 역대 최대…규제 피한 2금융권 '풍선효과',"시중 예금은행의 가계대출 잔액은 주택관련대출 증가세가 크게 꺾이면서 전 분기 대비 2000억원 줄어들며 3년 만에 처음으로 감소 전환했다. 반면 상호금융, 새마을금고, 저축은행 등 비은행예금취급기관의...",https://www.newsgn.com/news/articleView.html?idxno=553081,12,0.7385,1,keep,candidate_hybrid_keep_strong_domain_rule_anchor,12,0.7385,저축은행;상호금융;새마을금고,,,candidate_hybrid,1,0.65,0.35
"포용금융 확대 나선 은행권…'갈아타기'로 2금융 차주 품고, 주담대는 ...",은행권 전체 가계대출 잔액은 1174조9000억원으로 전월 대비 2조1000억원 늘며 두 달 연속 증가세를 보였다. 금융 당국의 가계대출 총량 관리 기조에 향후 은행권은 중·저신용자 대상 정책성 대출은 확대하면서도...,https://www.econovill.com/news/articleView.html?idxno=740414,5,0.6318,0,drop,candidate_hybrid_gray_drop_score_lt_threshold,5,0.6318,은행권,금융,,candidate_hybrid,1,0.65,0.35
"경남 고용 떠받치는 소상공인·자영업…""기업형 지원을""","김수명 한국은행 과장은 '경남지역 자영업 부진의 구조적 요인 및 시사점'에서 ""경남 자영업은 전체 취업자의 24.3%로 전국(19.5%)대비 높은 수준이고, 가계·기업 대출 총액도 2024년 기준 39.5%를 차지해 전국(34.3%) 대비 높은...",https://www.idomin.com/news/articleView.html?idxno=2006111,6,0.5681,1,keep,candidate_hybrid_gray_keep_domain_score_ge_threshold,6,0.5681,한국은행,대출,,candidate_hybrid,1,0.65,0.35
시장금리 뛰는데 역주행…우리은행 주담대 최대 0.8%p 인하,일부 은행은 가계대출 총량 관리 부담 속에서도 실수요자 중심 영업을 강화하는 방향으로 전략을 조정하고 있다. 시장에서는 기준금리 인하 기대와 별개로 조달금리와 가산금리 정책에 따라 실제 체감 대출금리...,http://www.ftoday.co.kr/news/articleView.html?idxno=359188,3,0.6907,1,keep,candidate_hybrid_model_keep_prob_ge_threshold_with_domain_anchor,3,0.6907,기준금리,,,candidate_hybrid,1,0.65,0.35
"1분기 가계 빚 역대 최대...""주택관련대출 늘어""","부동산 대출 규제에도 주택관련대출 등이 늘면서 올해 1분기 가계 빚이 역대 최고치를 기록했습니다. 한국은행은 올해 1분기 가계신용 잔액이 1,993조 1천억 원으로 직전 분기인 지난해 4분기보다 14조 원 증가했다고...",https://science.ytn.co.kr/program/view.php?mcd=0082&hcd=&key=202605191601339471,6,0.5945,1,keep,candidate_hybrid_gray_keep_domain_score_ge_threshold,6,0.5945,한국은행,대출,,candidate_hybrid,1,0.65,0.35
"가계 신용 잔액 1993조원, 역대 최대…'빚투' 늘면서 14조원 증가","즉, 정부의 시중은행 '가계대출' 관리가 본격화되면서, '주담대' 등의 수요가 상호금융 등 비은행예금취급기관으로 몰린 영향이다. 상호금융과 상호저축은행, 신용협동조합 등 비은행예금취급기관의 가계대출...",http://www.ftoday.co.kr/news/articleView.html?idxno=359186,12,0.611,1,keep,candidate_hybrid_keep_strong_domain_rule_anchor,12,0.611,시중은행;저축은행;상호금융,,,candidate_hybrid,1,0.65,0.35
"1분기 가계 빚 1,993조 돌파…영끌·빚투에 역대 최대","저축은행·상호금융·신협·새마을금고 등 비은행예금취급기관의 가계대출은 325조 원으로 1분기 8조 2,000억 원 늘었다. 직전 분기(4조 1,000억 원) 대비 증가 폭이 2배 확대됐다. 주택 관련 대출이 1분기에만 10조 6,000원...",https://news.tvchosun.com/site/data/html_dir/2026/05/19/2026051990278.html,16,0.6137,1,keep,candidate_hybrid_keep_strong_domain_rule_anchor,16,0.6137,저축은행;상호금융;새마을금고;신협,,,candidate_hybrid,1,0.65,0.35
"[현장] 무디스 ""한국 은행산업 안정적…자본적정성은 부담 확대""",이는 정부의 가계대출 규제 강화와 생산적 금융·포용금융 확대 정책으로 은행권 대출 포트폴리오에서 위험가중치가 높은 기업대출 비중이 늘어나고 있기 때문으로 풀이된다. 여기에 정부의 친 자본시장 정책에 따라 주주...,https://www.financialpost.co.kr/news/articleView.html?idxno=259685,10,0.5588,1,keep,candidate_hybrid_keep_strong_domain_rule_anchor,10,0.5588,은행권;생산적 금융,대출;금융,,candidate_hybrid,1,0.65,0.35
‘영끌·빚투’에 가계부채 2천조 육박…'역대 최대' 경신,대출 창구별로는 예금은행 가계대출(1천9조6천억원)이 2천억원 감소하며 2023년 1분기 이후 3년 만에 처음 줄었다. 예금은행 주택관련대출은 전 분기보다 3천억원 늘었으나 기타대출이 6천억원 줄었다. 주담대 증가폭은...,https://www.kyeonggi.com/article/20260519580438,4,0.617,0,drop,candidate_hybrid_gray_drop_score_lt_threshold,4,0.617,가계부채,대출,,candidate_hybrid,1,0.65,0.35
[단독]주식 투자의 또다른 그늘...“2030대 연체 늘어난다”,"금융감독원에 따르면 지난해 12월 말 0.75%였던 은행권 가계신용대출 연체율은 올 1월 0.84%, 올 2월 0.90%로 꾸준히 상승 중이다. 이 때문에 은행권은 빚투가 계속 늘어날 경우 젊은 취약 차주를 중심으로 연체율 상승세가...",https://www.sedaily.com/article/20045903?ref=naver,17,0.5638,1,keep,candidate_hybrid_keep_strong_domain_rule_anchor,17,0.5638,금융감독원;은행권;연체율,연체;주식,,candidate_hybrid,1,0.65,0.35
카뱅도 생산적 금융 동참,인터넷은행인 카카오뱅크가 기업과 개인사업자 대출 확대에 속도를 내고 있다. 가계대출 중심 구조에서 중소기업·소상공인 금융으로 사업 영역을 넓히는 모습이다. 19일 금융계에 따르면 카카오뱅크의 올해 3월 말...,https://www.sedaily.com/article/20045893?ref=naver,10,0.6566,1,keep,candidate_hybrid_keep_strong_domain_rule_anchor,10,0.6566,인터넷은행;생산적 금융,대출;금융,,candidate_hybrid,1,0.65,0.35
올 1분기 가계 빚 1993조원 돌파…은행 대출은 감소 전환,"주택 거래 흐름과 증권사 신용공여액 확대 영향으로 전체 가계대출 증가 폭은 커졌지만, 금융당국의 가계부채 관리 기조 속에 예금은행 가계대출은 12분기 만에 감소세로 돌아섰다. 한국은행이 19일 발표한 '2026년 1...",https://www.dailian.co.kr/news/view/1645992/?sc=Naver,14,0.6648,1,keep,candidate_hybrid_keep_strong_domain_rule_anchor,14,0.6648,한국은행;은행;증권사;가계부채,,,candidate_hybrid,1,0.65,0.35
가계빚 다시 증가세…은행 막히자 상호금융·새마을금고로 대출 이동,"예금은행 가계대출은 1분기 중 2,000억원 감소하며 12분기 만에 감소 전환했다. 지난해 4분기에는 6조원 증가했던 것과 대비된다. 반면 비은행예금취급기관 가계대출은 8조2,000억원 증가했다. 특히 주택관련대출이...",http://www.srtimes.kr/news/articleView.html?idxno=203553,12,0.6265,1,keep,candidate_hybrid_keep_strong_domain_rule_anchor,12,0.6265,은행;상호금융;새마을금고,대출,,candidate_hybrid,1,0.65,0.35
가계빚 ‘2000조 시대’ 초읽기… ‘영끌+빚투’에 고삐 풀렸다,여기에 이미 4월 전체 금융권 가계대출이 3조5000억원 더 늘어난 점을 감안하면 가계부채 규모는 이미... 한국은행이 19일 발표한 '2026년 1분기 가계신용(잠정)'에 따르면 올해 1분기 말 가계신용 잔액은...,https://www.dt.co.kr/article/12063297?ref=naver,8,0.6076,1,keep,candidate_hybrid_keep_strong_domain_rule_anchor,8,0.6076,한국은행;가계부채,,,candidate_hybrid,1,0.65,0.35
"신세계그룹 부사장, 5·18 단체 못 만나고 사죄 거부당해...불매운동 확...","예금은행의 가계대출 잔액은 1,009조 6,000억 원으로 주택관련대출 증가폭이 크게 축소되고 기타대출이 감소하면서 2023년 1분기 이후 3년 만에 처음으로 2,000억 원 줄었다. 반면 상호금융과 저축은행 등...",http://www.sisunnews.co.kr/news/articleView.html?idxno=238857,8,0.6555,1,keep,candidate_hybrid_keep_strong_domain_rule_anchor,8,0.6555,저축은행;상호금융,,,candidate_hybrid,1,0.65,0.35
예금은행 줄고 비은행 늘었다...1분기 가계신용 1993조원,"기관별로 살펴보면 예금은행 가계대출은 감소 전환했다. 예금은행 가계대출은 지난해 4분기 6조원 증가했지만, 올해 1분기에는 2000억원 감소했다. 주택관련대출 증가 규모가 4조8000억원에서 3000억원으로...",http://www.hansbiz.co.kr/news/articleView.html?idxno=839632,0,0.5113,0,drop,candidate_hybrid_gray_drop_score_lt_threshold,0,0.5113,,,,candidate_hybrid,1,0.65,0.35
은행권 막히자 비은행으로…가계대출 '풍선효과' 현실화,반면 예금은행은 가계대출은 1009조6000억원을 기록했다. 주택관련 대출 증가세 둔화와 기타대출 감소 영향으로 전분기 6조원 증가에서 올해 1분기 2000억원 감소로 전환했다. 기타금융기관 등도 주택관련대출 감소폭...,https://www.newspost.kr/news/articleView.html?idxno=223036,5,0.5481,0,drop,candidate_hybrid_gray_drop_score_lt_threshold,5,0.5481,은행권,대출,,candidate_hybrid,1,0.65,0.35
[오늘의 그래픽] 가계 빚 '2000조' 육박…은행 대출 줄고 2금융권 늘어,비은행예금취급기관 가계대출은 4조 1000억 원에서 8조 2000억 원으로 증가 폭이 두 배 가까이 확대됐다. 전년 동기 대비 증가율도 3.2%에서 5.5%로 높아졌다. 이는 기타대출이 감소했지만 주택관련대출(전...,https://www.news1.kr/photos/7914257,4,0.6017,0,drop,candidate_hybrid_gray_drop_score_lt_threshold,4,0.6017,은행,대출,,candidate_hybrid,1,0.65,0.35
가계빚 1993조 역대 최대…비은행권이 다시 밀어올렸다,예금은행 가계대출은 전 분기 6조 원 증가에서 올해 1분기 2000억 원 감소로 돌아섰다. 주택관련대출 증가폭이 4조8000억 원에서 3000억 원으로 크게 줄고 기타대출도 6000억 원 감소한 영향이다. 반면...,http://www.newsian.co.kr/news/articleView.html?idxno=89844,0,0.5736,0,drop,candidate_hybrid_gray_drop_score_lt_threshold,0,0.5736,,,,candidate_hybrid,1,0.65,0.35
가계빚 1993조원 역대 최대…영끌·빚투에 1분기 14조 증가,반면 예금은행 가계대출은 3년 만에 처음 감소했다. 업계에서는 최근 주택 매매 거래 회복과 증시 투자 수요가 동시에 확대되면서 가계부채 증가 압력이 커지고 있다는 분석이 나온다. 특히 은행권 대출 규제가...,https://www.sentv.co.kr/article/view/sentv202605190097,8,0.608,1,keep,candidate_hybrid_keep_strong_domain_rule_anchor,8,0.608,은행권;가계부채,대출,,candidate_hybrid,1,0.65,0.35
1분기 가계빚 1993조원 '역대 최대'…비은행기관 '풍선효과',예금은행 가계대출 증감액은 지난 분기 6조원 증가에서 이번 분기 2000억원 감소로 돌아섰다. 한은은 현재 가계신용 분기 통계와 '예금취급기관 가계대출' 월 통계에서 사용하던 '주택담보대출'이라는 명칭을...,https://www.financialpost.co.kr/news/articleView.html?idxno=259657,0,0.6032,0,drop,candidate_hybrid_gray_drop_score_lt_threshold,0,0.6032,,,,candidate_hybrid,1,0.65,0.35
"[사설] '영끌'-'빚투' 가계빚 2000조원 육박, 선제적 관리 나서야","가계신용은 가계가 은행·보험사·대부업체·공적 금융기관 등에서 받은 대출에 결제 전 카드 사용 금액(판매신용)까지 더한 '포괄적 가계 부채'로, 가계대출만 보면 1분기말 잔액이 1865조8천억원으로 전 분기말보다...",https://www.asiatime.co.kr/article/20260519500324,6,0.6007,1,keep,candidate_hybrid_gray_keep_domain_score_ge_threshold,6,0.6007,은행;보험사,,,candidate_hybrid,1,0.65,0.35
영끌·빚투로 가계빚 1993조 역대 최대… 1분기에만 14조 늘어,가계신용은 가계가 은행 등에서 받은 대출에다 결제 전 카드 사용 금액(판매신용)까지 더한 '포괄적 가계 부채'를 뜻한다. 우리나라 가계신용은 2024년 2분기 이후 8개 분기 연속 증가세를 이어갔다. 다만 1분기...,https://www.delighti.co.kr/news/articleView.html?idxno=116589,3,0.6231,0,drop,candidate_hybrid_gray_drop_score_lt_threshold,3,0.6231,은행,,,candidate_hybrid,1,0.65,0.35
'영끌·빚투'에 가계빚 2000조 턱밑…석 달 새 14조 늘었다,예금은행 가계대출은 전분기보다 2000억원 줄며 감소 전환했다. 주택 관련 대출 증가폭이 크게 축소된 데다 기타대출도 줄어든 영향이다. 반면 비은행예금취급기관 가계대출은 8조2000억원 늘었다. 특히 주택 관련...,http://www.4th.kr/news/articleView.html?idxno=2111967,1,0.6108,0,drop,candidate_hybrid_gray_drop_score_lt_threshold,1,0.6108,,대출,,candidate_hybrid,1,0.65,0.35
"[단독]""연봉의 6개월분 드려요""...'비상경영' 핀다, 첫 희망퇴직","저축은행 인수 등 회사의 중요 전환점을 앞두고 체질 개선을 위한 것""이라고 밝혔다. 핀다의 대응이 안일했다는 비판도 나온다. 현 정부의 가계대출 규제 기조는 명확했지만 핀다가 새로운 사업 전략이나 대비책을 세우는...",https://www.mt.co.kr/finance/2026/05/20/2026051914172841017,4,0.6572,1,keep,candidate_hybrid_model_keep_prob_ge_threshold_with_domain_anchor,4,0.6572,저축은행,,,candidate_hybrid,1,0.65,0.35
"1분기 가계 빚 '역대 최대'‥가계신용 1,993조 원에 달해","은행권의 가계대출은 2천억 원 줄며 2023년 1분기 이후 3년 만에 감소세를 보였지만 비은행권 대출이 늘었습니다. 상호금융, 저축은행 등 비은행예금취급기관에서 주택관련대출 증가 폭이 확대되면서 가계대출이 8조...",https://imnews.imbc.com/news/2026/econo/article/6823669_36932.html,8,0.6134,1,keep,candidate_hybrid_keep_strong_domain_rule_anchor,8,0.6134,저축은행;상호금융,,,candidate_hybrid,1,0.65,0.35
"가계 빚 1993조원 돌파, 2000조 눈앞… 은행 줄자 비은행 '풍선효과'",시중은행을 포함한 예금은행의 가계대출 잔액은 전분기말 대비 2000억원 감소하며 감소세로 돌아섰다. 주택 관련 대출의 증가 규모가 축소된 데다 신용대출 등 기타대출 감소세가 이어진 영향이다. 반면 상호금융과...,https://www.pointe.co.kr/news/articleView.html?idxno=79644,11,0.6463,1,keep,candidate_hybrid_keep_strong_domain_rule_anchor,11,0.6463,은행;시중은행;상호금융,,,candidate_hybrid,1,0.65,0.35
“가계빚 2000조 턱밑”…은행 막히자 비은행서 8.2조 늘었다,예금은행 가계대출은 전분기보다 2000억원 줄었다. 주택관련대출 증가폭이 축소되고 기타대출이 감소한 영향이다. 반면 비은행예금취급기관 가계대출은 8조2000억원 증가했다. 기타대출은 줄었지만...,https://www.ddaily.co.kr/page/view/2026051914534435098,3,0.6202,0,drop,candidate_hybrid_gray_drop_score_lt_threshold,3,0.6202,은행,,,candidate_hybrid,1,0.65,0.35
가계빚 또 불었다…1분기 가계신용 1993조원 '역대 최대',예금은행 가계대출은 지난해 4분기 6조원 증가에서 올해 1분기 2000억원 감소로 전환됐다. 주택 관련 대출 증가폭이 축소되고 기타대출이 감소한 영향이다. 반면 비은행예금취급기관 대출은 증가폭이 확대됐다....,https://www.news2day.co.kr/article/20260519500122,1,0.524,0,drop,candidate_hybrid_gray_drop_score_lt_threshold,1,0.524,,대출,,candidate_hybrid,1,0.65,0.35
"'영끌' '빚투'로 가계부채 급증, 2천조 턱밑 육박","대출 창구별로는 예금은행 가계대출(1천9조6천억원)이 2천억원 감소하며 2023년 1분기 이후 3년 만에 처음 줄었으나, 상호금융·상호저축은행·신용협동조합 등 비은행예금취급기관의 가계대출(325조원)은 석 달 사이...",https://www.viewsnnews.com/article?q=235886,12,0.6791,1,keep,candidate_hybrid_keep_strong_domain_rule_anchor,12,0.6791,저축은행;상호금융;가계부채,대출,,candidate_hybrid,1,0.65,0.35
상호금융 대출 급증…가계 빚 역대 최대치 경신,"주택담보대출 현수막이 걸려있다. 한국은행에 따르면 올해 1분기 말 가계신용 잔액은 1993조 1000억 원으로 전 분기 대비 14조 원(0.7%) 증가했으며, 전년 동기 대비로는 68조 1000억 원(3.5%) 늘었다....",https://www.news1.kr/photos/7914122,10,0.614,1,keep,candidate_hybrid_keep_strong_domain_rule_anchor,10,0.614,한국은행;상호금융,대출,,candidate_hybrid,1,0.65,0.35
가계빚 2천조원 육박…영끌·빚투 이어지며 사상 최대치,반면 예금은행 가계대출은 2천억원 줄어 2023년 1분기 이후 3년 만에 처음 감소했습니다. 증권사 등 기타 금융중개회사의 신용공여도 4조8천억원 늘어 이른바 ‘빚투’ 증가 흐름을 보여줬습니다. 이혜영 한국은행...,https://www.tjb.co.kr/news05/bodo/view/id/98405,8,0.6209,1,keep,candidate_hybrid_keep_strong_domain_rule_anchor,8,0.6209,한국은행;증권사,,,candidate_hybrid,1,0.65,0.35
상호금융 대출 급증…가계 빚 2000조 원 육박,"주택담보대출 현수막이 걸려있다. 한국은행에 따르면 올해 1분기 말 가계신용 잔액은 1993조 1000억 원으로 전 분기 대비 14조 원(0.7%) 증가했으며, 전년 동기 대비로는 68조 1000억 원(3.5%) 늘었다....",https://www.news1.kr/photos/7914112,10,0.6074,1,keep,candidate_hybrid_keep_strong_domain_rule_anchor,10,0.6074,한국은행;상호금융,대출,,candidate_hybrid,1,0.65,0.35
"1분기 가계빚 1993조, '역대 최대'…'영끌·빚투' 비은행권 몰려",예금은행 가계대출은 2000억원 줄며 3년 만에 처음 감소했다. 하지만 상호금융·저축은행·신협 등 비은행예금취급기관 대출은 8조2000억원 늘었다. 전 분기(4조1000억원) 대비 증가폭이 2배 확대됐다. 비은행권에서는...,http://www.seouleconews.com/news/articleView.html?idxno=91326,12,0.6415,1,keep,candidate_hybrid_keep_strong_domain_rule_anchor,12,0.6415,저축은행;상호금융;신협,,,candidate_hybrid,1,0.65,0.35
가계신용 1993조 사상 최대…2금융권 주담대 풍선효과,예금은행 가계대출은 1009조6000억원으로 전 분기 대비 2000억원 줄어 12분기 만의 감소 전환을 기록했다. 은행권 감소 전환의 배경은 주담대 둔화와 기타대출 감소다. △주택관련대출 증가폭(3000억원) 축소...,http://www.thebigdata.co.kr/view.php?ud=202605191430448949c808fa9903_23,4,0.5687,0,drop,candidate_hybrid_gray_drop_score_lt_threshold,4,0.5687,은행권,,,candidate_hybrid,1,0.65,0.35
“은행 막히자 2금융으로” 가계 빚 ‘역대 최대’,시중 은행들이 가계부채 관리를 강화하자 대출 수요가 상호금융·저축은행·새마을금고 등 비은행 2금융으로 대거 몰렸다. 실제로 예금은행의 주담대 증가 폭은 크게 축소된 반면 비은행기관의 주택 관련 대출은...,https://magazine.hankyung.com/business/article/202605196243b,19,0.7359,1,keep,candidate_hybrid_keep_strong_domain_rule_anchor,19,0.7359,은행;저축은행;상호금융;새마을금고;가계부채,대출,,candidate_hybrid,1,0.65,0.35
"1분기 가계 빛, 역대 최고치 갈아치우며 2천조원 육박...'영 끌', '빛 투...",대출 창구별로는 예금은행 가계대출은 2000억원 감소한 반면 상호금융·상호저축은행·신용협동조합 등 비은행예금취급기관의 가계대출 8조2000억원 불었다. 보험·증권·자산유동화회사 등 기타금융기관의...,http://www.beyondpost.co.kr/view.php?ud=2026051914173375182aaae0046f_30,9,0.5644,1,keep,candidate_hybrid_keep_strong_domain_rule_anchor,9,0.5644,저축은행;상호금융,대출,,candidate_hybrid,1,0.65,0.35
부동산 '영끌'·주식 '빚투' 영향에 1분기 가계빚 14조↑…2000조 초읽기,예금은행 가계대출이 줄어든 건 정부의 가계대출 규제 강화 영향으로 분석된다. 반면 같은 기간 상호금융 등 비은행예금취급기관의 가계대출은 주담대 중심으로 전분기 말보다 8조2000억원 늘었고 보험사 등...,https://www.getnews.co.kr/news/articleView.html?idxno=870465,8,0.5904,1,keep,candidate_hybrid_keep_strong_domain_rule_anchor,8,0.5904,보험사;상호금융,주식,,candidate_hybrid,1,0.65,0.35
"무디스 ""금융지주 비은행 확대, 긍정적이나 은행 부담 확대 우려""","특히 부동산 프로젝트파이낸싱(PF), 중소기업, 자영업자, 취약 가계대출 등은 은행권이 계속 살펴봐야 할 영역이다. 부동산 시장도 부담 요인이다. 손 연구원은 ""부동산 시장 회복 지연과 지역별 양극화는 지속적인 압력...",https://www.straightnews.co.kr/news/articleView.html?idxno=302837,12,0.7548,1,keep,candidate_hybrid_keep_strong_domain_rule_anchor,12,0.7548,은행;pf;프로젝트파이낸싱,,,candidate_hybrid,1,0.65,0.35
전세대란·월세화에 은행 전세자금대출도 2분기 연속 감소,예금은행의 가계대출 잔액은 1009조6069억원으로 2000억원 줄었다. 은행의 대출액이 줄어든 것은 12분기 만이다. 이혜영 한은 금융통계팀장은 “은행들이 금융당국의 가계부채 관리 기조 때문에 보수적으로 운용한...,https://www.khan.co.kr/article/202605191415011,11,0.7328,1,keep,candidate_hybrid_keep_strong_domain_rule_anchor,11,0.7328,한은;은행;가계부채,,,candidate_hybrid,1,0.65,0.35
1분기 가계빚 1993조원 '역대 최대'…2금융권 주담대 수요 몰려,기관별로 보면 예금은행 가계대출은 1009조6000억원으로 전 분기보다 2000억원 줄었다. 12분기 만의 감소 전환이다. 주택관련대출 증가폭(3000억원)이 축소되고 기타대출이 6000억원 감소 전환한 영향이다. 전...,https://news.tf.co.kr/read/economy/2324148.htm,0,0.4939,0,drop,candidate_hybrid_gray_drop_score_lt_threshold,0,0.4939,,,,candidate_hybrid,1,0.65,0.35
가계신용 2000조원 턱밑…과도한 '빚투' 경고음 커져,가계신용은 가계가 은행·보험사·대부업체·공적 금융기관 등에서 받은 대출과 함께 결제 전 카드 사용 금액(판매신용)을 포함한 포괄적인 가계부채를 의미한다. 부문별 증가폭을 살펴보면 가계대출이 12조9000억원...,https://www.asiatime.co.kr/article/20260519500211,9,0.5829,1,keep,candidate_hybrid_keep_strong_domain_rule_anchor,9,0.5829,은행;보험사;가계부채,,,candidate_hybrid,1,0.65,0.35
가계빚 2000조원 눈앞…은행권 줄고 비은행권 늘어,예금은행 가계대출은 주택관련대출 증가규모가 줄고 기타대출이 감소하면서 전분기 6조원 증가에서 1분기 2000억원 감소로 돌아섰다. 반면 비은행예금취급기관 가계대출은 전분기 4조1000억원 증가에서 1분기...,https://www.datasom.co.kr/news/articleView.html?idxno=208659,4,0.4599,0,drop,candidate_hybrid_gray_drop_score_lt_threshold,4,0.4599,은행권,,,candidate_hybrid,1,0.65,0.35
빚투·영끌에 1분기 가계빚 1993조 '14조↑'…2000조 육박,"반영되면서 은행권 자체 주택담보대출이 증가세로 전환되는 등 잠재적 위험 요인이 여전하다""며 ""주담대가 주택시장을 자극하지 않도록 철저하게 관리하겠다""고 설명했다. 한편 1분기 말 가계신용 잔액 가운데...",https://www.newsworks.co.kr/news/articleView.html?idxno=841220,4,0.4958,0,drop,candidate_hybrid_gray_drop_score_lt_threshold,4,0.4958,은행권,,,candidate_hybrid,1,0.65,0.35
경북동해안 예금 줄고 빚은 늘었다,가계대출은 주택담보대출이 163억원 늘며 전월 감소에서 133억원 증가로 전환됐다. 비은행금융기관 여신은 상호금융(882억원)과 신용협동조합(34억원) 중심으로 늘었다. 반면 수신은 감소세를 나타냈다. 금융기관...,https://www.kbmaeil.com/article/20260519500413,4,0.5768,0,drop,candidate_hybrid_gray_drop_score_lt_threshold,4,0.5768,상호금융,,,candidate_hybrid,1,0.65,0.35
"올 1분기 가계 부채, 영끌·빚투에 2000조원 육박…역대 최대 수준",대출 창구별로는 예금은행 가계대출(1009조6000억원)이 2000억원 감소하며 2023년 1분기 이후 3년 만에 처음 줄었다. 예금은행 주택관련대출은 전 분기보다 3000억원 늘었으나 기타대출이 6000억원 줄었다. 주담대...,https://www.joongangenews.com/news/articleView.html?idxno=520269,1,0.5472,0,drop,candidate_hybrid_gray_drop_score_lt_threshold,1,0.5472,,대출,,candidate_hybrid,1,0.65,0.35
"NH농협은행, 수도권 이어 비수도권까지 대출 조인다…갈아타기·대출한...","최근 은행권 가계대출이 다시 빠르게 늘어나면서 선제적 속도 조절에 들어갔다는 분석이 나온다. 19일 금융권에 따르면, NH농협은행은 오는 20일부터 다른 은행에서 받은 대면 주택담보대출 갈아타기 취급을...",https://www.thepublic.kr/news/articleView.html?idxno=304885,5,0.5984,0,drop,candidate_hybrid_gray_drop_score_lt_threshold,5,0.5984,은행권,대출,,candidate_hybrid,1,0.65,0.35
"'생산적 금융' 화답…은행,'기술금융' 1분기 만에 7조 증가",올해 들어 은행권의 기술금융이 7조원 넘게 증가한 것으로 나타났다./유토이미지 올해 들어 은행권의... 같은 기간 가계대출 증가폭은 1조5669억원 늘어나는데 그친 것과 대비된다. 주담대의 증가 규모도...,http://www.metroseoul.co.kr/article/20260519500194,8,0.5703,1,keep,candidate_hybrid_keep_strong_domain_rule_anchor,8,0.5703,은행;생산적 금융,금융,,candidate_hybrid,1,0.65,0.35
‘영끌·빚투’에 가계빚 역대 최대… 1분기 1993조원 돌파,"예금은행 가계대출은 2000억원 줄며 3년 만에 처음 감소했지만, 상호금융·저축은행·신협 등 비은행예금취급기관 대출은 8조2000억원 늘었다. 비은행권에서는 주택관련대출이 10조6000억원 급증했다. 보험·증권사 등...",https://www.joongang.co.kr/article/25429559,15,0.655,1,keep,candidate_hybrid_keep_strong_domain_rule_anchor,15,0.655,저축은행;증권사;상호금융;신협,,,candidate_hybrid,1,0.65,0.35
"은행 막히자 비은행으로…가계대출 1,993조 사상 최대","예금은행 가계대출은 약 2천억원 감소하며 3년 만에 처음 줄었지만, 상호금융·저축은행·신협 등 비은행예금취급기관 대출은 325조원으로 석 달 사이 8조2천억원 증가했다. 비은행권 주택관련대출이 10조6천억원 급증한...",http://www.issuenbiz.com/news/articleView.html?idxno=76735,15,0.7381,1,keep,candidate_hybrid_keep_strong_domain_rule_anchor,15,0.7381,은행;저축은행;상호금융;신협,,,candidate_hybrid,1,0.65,0.35
가계빚 1993조 원 역대 최대... 은행 대출↓·비은행-증권 수요 ↑,예금은행 가계대출 잔액은 1009조6000억 원으로 전 분기 대비 2000억 원 줄었다. 예금은행 가계대출이 감소한 것은 12개 분기 만이다. 은행권 주택관련대출은 3000억 원 증가에 그쳤고 기타대출은 6000억 원 감소했다....,http://www.chungnamilbo.co.kr/news/articleView.html?idxno=889295,8,0.719,1,keep,candidate_hybrid_keep_strong_domain_rule_anchor,8,0.719,은행;은행권,대출,,candidate_hybrid,1,0.65,0.35
가계대출 13兆 급증…빚투 늘었다,"예금은행의 가계대출은 전분기 대비 0.2조 원 감소했다. 주담대는 0.3조 원 소폭 늘어난 가운데 기타대출이 0.6조 원 감소한 영향이다. 이혜영 한은 경제통계1국 금융통계팀장은 ""주택관련대출의 경우 예금취급기관은...",https://www.sisaon.co.kr/news/articleView.html?idxno=201183,5,0.6623,1,keep,candidate_hybrid_model_keep_prob_ge_threshold_with_domain_anchor,5,0.6623,한은,,,candidate_hybrid,1,0.65,0.35
"경북 동해안, 빚 늘고 통장은 비고 ""투자 대신 버티기""","한국은행 포항본부 관계자는 ""기업들이 투자보다는 운영 자금 확보에 집중하고 있고, 가계 또한 예금을 헐어 대출을 갚거나 생활비로 쓰는 경향이 강해지고 있다""고 분석했다.",https://www.hidomin.com/news/articleView.html?idxno=705956,5,0.5462,0,drop,candidate_hybrid_gray_drop_score_lt_threshold,5,0.5462,한국은행,,,candidate_hybrid,1,0.65,0.35
"1분기 가계대출 잔액 1993조원, 14조↑...영끌·빚투에 역대 최대",대출 창구별로는 예금은행 가계대출(1천9조6천억원)이 2천억원 감소하며 2023년 1분기 이후 3년 만에 처음 줄었다. 예금은행 주택관련대출은 전 분기보다 3천억원 늘었으나 기타대출이 6천억원 줄었다. 주담대...,https://www.womennews.co.kr/news/articleView.html?idxno=277657,1,0.5785,0,drop,candidate_hybrid_gray_drop_score_lt_threshold,1,0.5785,,대출,,candidate_hybrid,1,0.65,0.35
1분기 가계빚 1993조 돌파…2금융 주담대 몰려 14조 증가,기관별로 보면 예금은행 가계대출은 1009조6000억원으로 전 분기보다 2000억원 줄었다. 12분기 만의 감소 전환이다. 주택관련대출 증가폭(3000억원)이 축소되고 기타대출이 6000억원 감소 전환한 영향이다. 전 분기에는...,https://www.widedaily.com/news/articleView.html?idxno=294281,0,0.4854,0,drop,candidate_hybrid_gray_drop_score_lt_threshold,0,0.4854,,,,candidate_hybrid,1,0.65,0.35
1분기 가계빚 14조원 증가…비은행 주택대출이 밀어올렸다,"예금은행 가계대출은 소폭 줄었지만, 비은행예금취급기관의 주택관련대출이 크게 늘면서 전체 가계빚 증가세가 이어졌다. 19일 한국은행의 ‘2026년 1분기 가계신용’ 잠정 통계에 따르면 1분기 말 가계신용...",https://www.thepowernews.co.kr/view.php?ud=202605191307274110de3f0aa1be_7,5,0.5178,0,drop,candidate_hybrid_gray_drop_score_lt_threshold,5,0.5178,한국은행,,,candidate_hybrid,1,0.65,0.35
"1분기 가계빚 '1993조원' 사상 최대 … 비은행 주담대 급증, 풍선효과 현...","가계신용은 가계가 은행 등 금융기관에서 대출을 받거나 외상으로 물품을 구입한 대금 등을 합한 부채를 말한다. 가계신용의 구성 항목별로 살펴보면, 가장 큰 비중을 차지하는 가계대출 잔액은 1865조8000억원으로...",https://biz.newdaily.co.kr/site/data/html/2026/05/19/2026051900145.html,3,0.6513,1,keep,candidate_hybrid_model_keep_prob_ge_threshold_with_domain_anchor,3,0.6513,은행,,,candidate_hybrid,1,0.65,0.35
[기획] 다시 '영끌'…1분기 가계부채 14조 급증 '비은행권 급팽창',"반면 예금은행 가계대출은 1009조 6000억 원으로 전 분기 대비 2000억 원 감소했다. 2023년 1분기 이후 처음 감소 전환이다. 주택관련대출 증가폭이 3000억 원 수준으로 축소됐고, 기타대출은 6000억 원 줄었다. 보험...",https://www.startuptoday.co.kr/news/articleView.html?idxno=801367,3,0.4989,0,drop,candidate_hybrid_gray_drop_score_lt_threshold,3,0.4989,가계부채,,,candidate_hybrid,1,0.65,0.35
1분기 가계 빚 1993조 '역대 최대'…주택대출 2금융권으로 몰렸다,"예금은행 가계대출이 감소로 전환한 것은 2023년 1분기 이후 12분기 만에 처음이다. 한은은 가계부채 관리 기조에 따라 은행권이 보수적으로 대출을 운영했고, 성과급 등 상여금을 활용한 신용대출 상환이 이루어진...",http://www.segyebiz.com/newsView/20260519508890?OutUrl=naver,3,0.5664,0,drop,candidate_hybrid_gray_drop_score_lt_threshold,3,0.5664,가계부채,,,candidate_hybrid,1,0.65,0.35
1분기 가계 빚 1993조 원 돌파…제2금융권 주담대 수요 쏠려,대출 창구별로는 예금은행 가계대출이 1009조6000억 원을 기록하며 전 분기보다 2000억 원 줄어들었다. 은행권의 가계부채 관리 강화 기조 속에 주택관련대출 증가폭이 3000억 원으로 축소되고 기타대출이 6000억 원...,http://www.iminju.net/news/articleView.html?idxno=164024,4,0.6827,1,keep,candidate_hybrid_model_keep_prob_ge_threshold_with_domain_anchor,4,0.6827,가계부채,대출,,candidate_hybrid,1,0.65,0.35
"1분기 말 가계빚 1,993조원…주택대출 8.1조 증가","올해 1분기 말 가계 빚이 2천조원에 바짝 다가서며 또다시 역대 최대치를 기록했습니다. 한국은행에... 가계대출 잔액은 1,865조8천억원으로 12조9천억원 늘었습니다. 특히 주택관련대출이 8조1천억원 늘었고, 증권사...",http://www.yonhapnewstv.co.kr/news/MYH20260519124357ZE6,8,0.6294,1,keep,candidate_hybrid_keep_strong_domain_rule_anchor,8,0.6294,한국은행;증권사,,,candidate_hybrid,1,0.65,0.35
가계빚 1993조원 역대 최대…영끌·빚투 1분기 14조 늘어,가계신용은 가계가 은행·보험사·대부업체·공적 금융기관 등에서 받은 대출에 결제 전 카드 사용 금액(판매신용)까지 더한 ‘포괄적 가계 부채’를 뜻한다. 가계신용은 2024년 2분기 이후 8개 분기 연속...,http://www.kookje.co.kr/news2011/asp/newsbody.asp?code=0200&key=20260519.99099004994,6,0.6203,1,keep,candidate_hybrid_gray_keep_domain_score_ge_threshold,6,0.6203,은행;보험사,,,candidate_hybrid,1,0.65,0.35
1분기 가계신용 14조↑·증가세 둔화 지속…잔액 2천조 눈앞,예금은행 가계대출 12분기 만에 감소 전환 올해 1분기 말 가계신용이 전 분기 말 대비 14조원 늘어나 증가세 둔화가 이어졌다. 예금은행의 가계대출은 정부의 가계부채 관리 기조로 12분기 만에 감소했다. 가계신용...,https://news.einfomax.co.kr/news/articleView.html?idxno=4415654,3,0.5098,0,drop,candidate_hybrid_gray_drop_score_lt_threshold,3,0.5098,가계부채,,,candidate_hybrid,1,0.65,0.35
"""갈 전셋집 없어""…은행권 전세대출, 2분기 연속 감소세",올해 1분기 국내 총 가계대출이 증가세를 이어간 가운데 전세자금대출(전세대출)을 중심으로 은행권 가계대출은 감소세로 돌아선 것으로 나타났다. 서울시내의 한 공인중개사에 매물현황이 붙어 있다. 19일 한국은행이...,http://www.edaily.co.kr/news/newspath.asp?newsid=03348886645450560,9,0.6488,1,keep,candidate_hybrid_keep_strong_domain_rule_anchor,9,0.6488,한국은행;은행권,,,candidate_hybrid,1,0.65,0.35
가계 빚 1993조원으로 늘어…비은행 주택 대출·‘빚투’ 영향 확대,가계신용은 은행 등에서 받은 가계대출과 대금 결제를 하지 않은 판매신용(신용카드 판매액 등)을 합친 금액이다. 전체 가계신용 중에서 가계대출(1865조8천억원)이 많이 늘었다. 1분기 동안 증가 폭이 12조9천억원에...,https://www.hani.co.kr/arti/economy/economy_general/1259361.html,4,0.6658,1,keep,candidate_hybrid_model_keep_prob_ge_threshold_with_domain_anchor,4,0.6658,은행,대출,,candidate_hybrid,1,0.65,0.35
가계 빚 1993조 '사상 최대'…비은행 주담대·빚투에 8분기 연속 증가,대출 창구별로는 예금은행에서 가계대출 잔액이 1009조6000억원으로 2000억원 줄었다. 주담대는 3000억원 늘어난 반면 기타대출은 6000억원 감소했다. 주담대의 경우 증가폭이 직전 분기 4조8000억원에서 큰 폭으로...,https://www.ajunews.com/view/20260519110629340,1,0.6226,0,drop,candidate_hybrid_gray_drop_score_lt_threshold,1,0.6226,,대출,,candidate_hybrid,1,0.65,0.35
가계빚 2000조 턱밑…1분기 가계신용 1993조원,"예금은행 가계대출은 12분기 만에 감소 전환했지만, 비은행권과 기타금융기관 대출이 늘면서 전체 가계대출 증가폭은 오히려 확대됐다. 19일 한국은행이 발표한 '2026년 1분기 가계신용' 잠정 통계에 따르면 지난...",http://www.metroseoul.co.kr/article/20260519500094,5,0.5793,0,drop,candidate_hybrid_gray_drop_score_lt_threshold,5,0.5793,한국은행,,,candidate_hybrid,1,0.65,0.35
가계빚 1993조 또 최대… 2금융권 가계대출 증가폭 9배 확대,"대출 규제가 집중된 시중은행은 1분기 가계대출 잔액(1,009조6,000억 원)이 2,000억 원 감소한 반면, 저축은행·신협 등 2금융권(325조 원)은 8조2,000억 원 증가했다. 이는 1년 전 같은 기간 증가폭(9,000억 원) 대비 9배...",https://www.hankookilbo.com/news/article/A2026051909520001793?did=NA,13,0.6003,1,keep,candidate_hybrid_keep_strong_domain_rule_anchor,13,0.6003,시중은행;저축은행;신협,대출,,candidate_hybrid,1,0.65,0.35
"가계 빚 '2000조' 육박, 역대 최대…은행 줄고 2금융권 늘어",비은행예금취급기관 가계대출은 4조 1000억 원에서 8조 2000억 원으로 증가 폭이 두 배 가까이 확대됐다. 전년 동기 대비 증가율도 3.2%에서 5.5%로 높아졌다. 이는 기타대출이 감소했지만 주택관련대출(전...,https://www.news1.kr/economy/trend/6171155,3,0.59,0,drop,candidate_hybrid_gray_drop_score_lt_threshold,3,0.59,은행,,,candidate_hybrid,1,0.65,0.35
1분기 가계 대출 1865조···13조나 가파르게 증가세,"예금은행 가계대출이 감소한 것은 2023년 1분기 이후 처음이다. 이혜영 한국은행 금융통계팀장은 ""가계부채 관리 기조 영향으로 은행권이 보다 보수적으로 대출을 운영한 부분이 있었다""며 ""기타대출은 상여금 등을...",https://www.newspim.com/news/view/20260519000509,9,0.6139,1,keep,candidate_hybrid_keep_strong_domain_rule_anchor,9,0.6139,한국은행;가계부채,대출,,candidate_hybrid,1,0.65,0.35
가계빚 2000조 턱밑…은행 줄자 비은행이 메웠다,예금은행 가계대출은 지난해 4분기 6조원 증가에서 올해 1분기 2000억원 감소로 전환했다. 주택관련대출 증가폭이 축소된 데다 신용대출 중심 기타대출이 감소한 영향이다. 예금은행 가계대출 감소는 12분기 만이다....,https://www.ebn.co.kr/news/articleView.html?idxno=1709318,3,0.6138,0,drop,candidate_hybrid_gray_drop_score_lt_threshold,3,0.6138,은행,,,candidate_hybrid,1,0.65,0.35
가계 빚 2천조 원 육박…올해 1분기 14조↑,"저축은행과 상호금융 등 비은행예금취급기관의 가계대출(325조 원)은 석 달 사이 8조 2천억 원 증가했습니다. 특히 비은행예금취급기관의 주택 관련 대출이 10조 6천억 원 급증했지만, 신용대출 등 기타 대출은 2조...",https://news.kbs.co.kr/news/pc/view/view.do?ncd=8564651&ref=A,8,0.5733,1,keep,candidate_hybrid_keep_strong_domain_rule_anchor,8,0.5733,저축은행;상호금융,,,candidate_hybrid,1,0.65,0.35
주담대 조이자 2금융권으로…빚투까지 늘며 가계신용 최대,예금은행 가계대출은 2000억 원 감소하며 감소 전환했다. 금융당국의 총량 관리에 맞춰 은행들이 연초부터 대출을 조인 영향이다. 주택 관련 대출 증가 폭도 3000억 원에 그쳐 2023년 1분기 이후 가장 낮았다. 반면...,https://www.sedaily.com/article/20045729?ref=naver,1,0.5274,0,drop,candidate_hybrid_gray_drop_score_lt_threshold,1,0.5274,,대출,,candidate_hybrid,1,0.65,0.35
1분기 가계 빚 1993조 '역대 최대'…주택 정책 대출·빚투 영향,"이번 조사부터 집계된 예금은행의 전세자금대출은 1분기 165조7000억원으로, 예금은행 가계대출에서 차지하는 비중은 16% 전후 수준이다. 이 팀장은 ""예금은행의 전세자금대출은 2021년까지는 빠르게 증가했으나...",https://view.asiae.co.kr/article/2026051911263018688,1,0.5229,0,drop,candidate_hybrid_gray_drop_score_lt_threshold,1,0.5229,,대출,,candidate_hybrid,1,0.65,0.35
'영끌→빚투' 끝난 줄 알았더니⋯1분기 가계빚 1993조 '또 역대급',"은행권 가계대출 감소세에는 주택대출 증가폭이 4조8000억원에서 3000억원으로 급감한 데다 기타대출도 1조2000억원 증가에서 6000억원 감소로 돌아선 영향이다. 반면 저축은행과 상호금융, 신협 등 비은행기관의...",https://www.etoday.co.kr/news/view/2585881,16,0.5869,1,keep,candidate_hybrid_keep_strong_domain_rule_anchor,16,0.5869,은행권;저축은행;상호금융;신협,,,candidate_hybrid,1,0.65,0.35
"1분기 말 가계빚 1,993조원…또 '역대 최대'","기관별로는 예금은행 가계대출이 2천억원 줄어 12분기 만에 감소로 돌아섰는데, 주택관련대출 증가 폭이 축소되고 기타대출이 감소한 영향입니다. 반면 비은행예금취급기관 가계대출은 8조2천억원 늘며 증가 폭이...",http://www.yonhapnewstv.co.kr/news/AKR202605191009016xt,0,0.5254,0,drop,candidate_hybrid_gray_drop_score_lt_threshold,0,0.5254,,,,candidate_hybrid,1,0.65,0.35
"1분기 가계 빚 1,993조 원 돌파…예금은행 대출은 감소 전환","그동안 가계대출 증가를 주도했던 시중은행 등 예금은행의 대출 잔액은 전분기 대비 2천억 원 줄어들며 감소 전환했습니다. 정부의 가계대출 규제 등으로 주택 관련 대출의 증가 규모가 크게 축소된 데다, 신용대출 등...",https://news.bbsi.co.kr/news/articleView.html?idxno=4084486,5,0.5756,0,drop,candidate_hybrid_gray_drop_score_lt_threshold,5,0.5756,시중은행,대출,,candidate_hybrid,1,0.65,0.35
1분기 가계신용 1993.1조 '또 역대 최대'···비은행 중심 14조↑,"대출규제 등의 영향으로 은행권 가계대출이 감소 전환했지만, 비은행권을 중심으로 주택관련대출이 크게 확대된 영향이다. 기타금융기관의 신용대출 등도 증가폭이 확대됐다. 19일 한국은행이 발표한 '가계신용...",https://www.seoulfn.com/news/articleView.html?idxno=629136,9,0.6421,1,keep,candidate_hybrid_keep_strong_domain_rule_anchor,9,0.6421,한국은행;은행권,,,candidate_hybrid,1,0.65,0.35
"우리은행, 주담대 역주행…'포용 금융' 과대포장?",은행들의 예금금리 인상에는 시장 금리 자체가 오르고 있다는 점도 원인 중 하나가 되고 있습니다. 그런데... [기자] 금융당국의 가계대출 관리 강화로 적극적인 대출 영업이 제한적인 상황에서 우량 차주를 확보하기...,https://biz.sbs.co.kr/article_hub/20000311284?division=NAVER,2,0.6456,0,drop,candidate_hybrid_gray_drop_score_lt_threshold,2,0.6456,,금리;대출;금융,,candidate_hybrid,1,0.65,0.35
보험계약대출 70조원대 고착…당국 압박에 보험권 대출 4월 감소 전환,반면 보험업권 가계대출은 3월 5000억원 증가에서 4월 4000억원 감소로 전환됐다. 이는 금융당국이 가계부채 관리 대상을 은행권에 한정하지 않고 제2금융권까지 넓히고 있는 흐름과 맞닿아 있다. 금융위는 올해 관리대상...,http://www.newslock.co.kr/news/articleView.html?idxno=130319,10,0.6776,1,keep,candidate_hybrid_keep_strong_domain_rule_anchor,10,0.6776,금융위;가계부채,대출,,candidate_hybrid,1,0.65,0.35
“자발적 포용금융 유인책 설계해야 ‘관치금융’ 논란 해소”,"실제 한국은행 경제통계시스템에 따르면 올 2월말 기준 예금 취급 기관의 전체 가계대출 잔액은 1331조5829억원으로, 이 중 주택담보대출 비중은 68.5%로 집계됐다. 은행으로 범위를 좁히면 76.4%로 상승한다. 이에 차주의...",https://biz.heraldcorp.com/article/10740841?ref=naver,5,0.5837,0,drop,candidate_hybrid_gray_drop_score_lt_threshold,5,0.5837,한국은행,,,candidate_hybrid,1,0.65,0.35
"[더벨][생존 위기 놓인 온투업] 가계대출 규제 직격탄, 수익모델 이중 ...",지난해 6·27 대책으로 저축은행의 여신 공급 여력이 크게 줄어든 영향이다. 하반기 가계대출 공급 계획을 50% 감축하고 신용대출 한도를 차주의 연소득 이내로 제한한 조치가 진입장벽으로 작용했다. 실질적인 수익성과...,https://www.thebell.co.kr/free/content/ArticleView.asp?key=202605140749530160101166,4,0.6481,0,drop,candidate_hybrid_gray_drop_score_lt_threshold,4,0.6481,저축은행,,,candidate_hybrid,1,0.65,0.35
“은행 대출 성장세 유지 가능성…4월 기업대출 증가세 지속” <다올투...,기업대출 증가세 가계대출도 확대 여신 성장률 유지 [사진=다올투자증권] [뉴스투데이=이금용 기자] 은행권 4월 여신 동향에서 기업대출 증가세가 이어지며 대출 성장률 방어 가능성이 확인됐다는 분석이 나왔다....,https://www.news2day.co.kr/article/20260519500028,8,0.6878,1,keep,candidate_hybrid_keep_strong_domain_rule_anchor,8,0.6878,은행;은행권,대출,,candidate_hybrid,1,0.65,0.35
금리 쇼크 속 카뱅 이어 우리은행도 주담대 금리 인하,"우리은행이 주택담보대출 금리 추가 인하에 나섰습니다. 최근 시장금리가 오르는 흐름 속 '금리 역주행'을 선택한 것으로, 가계대출 관리 강화로 대출 영업이 제한적인 상황에서 우량 차주 확보를 우선한 전략으로...",https://biz.sbs.co.kr/article_hub/20000311233?division=NAVER,2,0.7684,1,keep,candidate_hybrid_model_keep_prob_ge_threshold_with_domain_anchor,2,0.7684,,금리;대출,,candidate_hybrid,1,0.65,0.35
"NH농협은행, 주담대 관리 강화···대환대출 한시 중단",NH농협은행(은행장 강태영)이 주택담보대출을 중심으로 가계대출 관리 강화에 나섰다. 19일 금융권에 따르면 농협은행은 오는 20일부터 타행 주담대 대환대출(갈아타기)의 대면 취급을 한시적으로 제한하기로 했다....,http://www.koreastocknews.com/news/articleView.html?idxno=118559,0,0.6352,0,drop,candidate_hybrid_gray_drop_score_lt_threshold,0,0.6352,,,,candidate_hybrid,1,0.65,0.35
"[머니픽] 진옥동 회장, 동분서주...신한금융, 2년 연속 글로벌 순항하나","이 같은 결과가 의미있는 이유는 국내 금융시장이 포화상태에 다다른 가운데 정부의 가계대출 규제로 주... 신한금융 관계자는 ""은행 MMC(Money Market Center. 홍콩·런던·뉴욕·싱가포르 지점의 합) 실적 개선이 주 배경으로...",http://www.hansbiz.co.kr/news/articleView.html?idxno=839366,8,0.5953,1,keep,candidate_hybrid_keep_strong_domain_rule_anchor,8,0.5953,은행;국내 금융시장,실적,,candidate_hybrid,1,0.65,0.35
"""상속 걱정 뚝"" 은행 승부수…소송·세금 리스크는 복병",은행들이 중소기업 가업승계 시장을 겨냥해 총력전에 나서고 있다. 가계대출 규제 속 기업금융 강화 기조와 창업주 고령화에 따른 수십조원 규모의 승계 시점이 맞물린 결과다. 은행들은 신탁 상품을 앞세워 젊은 CEO...,https://www.dailian.co.kr/news/view/1645627/?sc=Naver,3,0.6183,0,drop,candidate_hybrid_gray_drop_score_lt_threshold,3,0.6183,은행,,,candidate_hybrid,1,0.65,0.35
"NH투자증권 “은행산업, PBR 1배 넘어 내재가치 향해..톱픽 KB지주 신한...",한국정경신문 이하정 기­자 sae256@hanmail.net [한국정경신문=이하정 기자] NH투자증권이 은행산업에 대해 최근... 물론 물가 상승에 따른 연체증가 가능성은 존재하지만 대손비용 증가는 이자이익 증가로 충분히 상쇄...,https://kpenews.com/View.aspx?No=4084289,0,0.5503,0,drop,candidate_hybrid_gray_drop_score_lt_threshold,0,0.5503,,,,candidate_hybrid,1,0.65,0.35
"[生기업TALK] 삼성카드, '무신사' 타고 결제 넘어 소비 플랫폼으로",사진=무신사 무신사·한화이글스·우리은행…생활 생태계 안으로 들어간 카드 삼성카드는 올해 다양한... 올해 1분기 기준 삼성카드의 1개월 이상 연체율은 0.92%로 1% 미만 수준을 유지했다. 총 조달금리와 신규 조달금리...,http://www.sisacast.kr/news/articleView.html?idxno=96021,0,0.3827,0,drop,candidate_hybrid_gray_drop_score_lt_threshold,0,0.3827,,,,candidate_hybrid,1,0.65,0.35
대안신용평가 '신파일러 발굴' 열쇠일까? 은행권은 공급 한계 신중론,"인터넷은행 업계의 관계자는 ""심사 모형이 점차 고도화될수록 산출되는 결과가 반드시 긍정적으로만 나타나지는 않을 것""이라며 ""예를 들어 공과금, 월세는 잘 내고 대출 연체도 없던 차주일지라도 통신료, 세금 납부...",https://view.asiae.co.kr/article/2026051917114674991,5,0.5943,0,drop,candidate_hybrid_gray_drop_score_lt_threshold,5,0.5943,인터넷은행,대출,,candidate_hybrid,1,0.65,0.35
[Invest]상록수 사태로 부실채권 주목…경기 반등에도 NPL 쌓이고 담보는...,이 과정에서 주주로 참여한 금융사들은 최근 5년간 약 420억원의 배당을 받은 것으로 전해졌다.상록수 사안은 개인 장기연체채권을 둘러싼 문제인 만큼 담보부 자산이 주를 이루는 은행권 NPL 시장과는 성격이 다르다....,https://www.investchosun.com/site/data/html_dir/2026/05/19/2026051980152.html,12,0.7173,1,keep,candidate_hybrid_keep_strong_domain_rule_anchor,12,0.7173,은행권;npl;부실채권,,,candidate_hybrid,1,0.65,0.35
10ha 모집에 33ha 신청한 경남 청년농단지...현재 6.3ha 계약 완료,"농지 매칭·농어촌공사 계약 절차 진행 중...경남도 ""6월 내 마무리 목표"" 타지역 청년 비중 83%...경남도 ""청년 인구 유입·농촌 정착 효과 기대"" 최대 30년 장기 상환·1% 저리 적용...중도 포기·연체는 농지은행 관리...",https://www.ajunews.com/view/20260520061710336,0,0.5069,0,drop,candidate_hybrid_gray_drop_score_lt_threshold,0,0.5069,,,,candidate_hybrid,1,0.65,0.35
"[금융 HOT 뉴스] 우리금융, 포용금융 강화…임종룡회장, ""청년·서민 금...",은행 최고 수준이다. 지난해 공급액은 7367억원으로 금융감독원장상도 받았다. 또 개인신용대출 금리를 연 7% 이하로 제한하는 제도를 시행해 올해 4월 말까지 약 4만명에게 총 10억원 규모의 이자를 줄여줬다. 장기 연체...,http://www.bizwnews.com/news/articleView.html?idxno=136942,12,0.4644,1,keep,candidate_hybrid_keep_strong_domain_rule_anchor,12,0.4644,금융감독원;은행,연체;금융,,candidate_hybrid,1,0.65,0.35
모바일 결제 천국 중국…3년 동안 신용카드 1.2억장 증발,연체액이 쌓이면 은행은 그만큼 충당금을 쌓아야 하는데 이는 경영상 손실로 이어진다. 디이차이징은 “최근 몇 년간 상장 은행의 재무 보고서에서 신용카드 부실 통제가 주요 내용 중 하나가 됐다”고 지적했다....,http://www.edaily.co.kr/news/newspath.asp?newsid=04893766645450560,2,0.5529,0,drop,candidate_hybrid_drop_generic_market_or_ipo_noise,2,0.5529,,부실,,candidate_hybrid,1,0.65,0.35
대부업 새도약기금 참여에 '시큰둥'…금융당국 '추가 당근책' 검토,대부업체들은 통상 저축은행·캐피탈사 등에서 돈을 빌려 연체채권을 매입한 뒤 해당 채권을 담보로 제공한다. 그런데 새도약기금에 채권을 매각하면 담보가 사라지게 된다. 이 경우 대출금을 한꺼번에 회수당할...,https://www.asiatime.co.kr/article/20260518500393,9,0.704,1,keep,candidate_hybrid_keep_strong_domain_rule_anchor,9,0.704,저축은행;대부업,,,candidate_hybrid,1,0.65,0.35
"[현경해부 ③우리금융] 우리금융 '80조 플랜'의 두 얼굴···미담인가, ...",하지만 생산적 금융이라는 미명 하에 속행될 경우 연체·부도·평가손실 등 리스크들이 은행 자본비율을 깎아 먹는 부담으로 되돌아올 수 밖에 없다. 이는 곧 자본비율을 잠실할 수 있는 여지가 넓어지는 셈이다. 임종룡...,http://www.finomy.com/news/articleView.html?idxno=254584,9,0.5114,1,keep,candidate_hybrid_keep_strong_domain_rule_anchor,9,0.5114,은행;생산적 금융,연체,,candidate_hybrid,1,0.65,0.35
"하나증권 ""은행주 금리 타고 ‘NIM 반등’...‘비은행·신금융’이 하반...",하나증권(대표이사 강성묵)이 하반기 은행업의 핵심 투자 요인으로 금리 상승에 따른 순이자마진(NIM)... 1분기 연체율과 매·상각을 감안한 실질 연체도 크게 늘었다. 다만 하나증권은 이를 계절적 요인으로...,http://www.thevaluenews.co.kr/news/view.php?idx=198849,1,0.5691,0,drop,candidate_hybrid_gray_drop_score_lt_threshold,1,0.5691,,금리,,candidate_hybrid,1,0.65,0.35
신용 낮은데 이자 덜 낸다…은행 17곳 中 16곳서 마통 ‘금리 역전’,"5대 시중은행의 올해 1분기 전체 대출 평균 연체율은 0.4%로, 지난해 4분기 말(0.34%)과 비교해 3개월 새 0.06%포인트 상승했다. 연체 기간 3개월 이상의 부실채권인 고정이하여신(NPL) 비율도 0.04%포인트 오른 0.37%를...",https://www.mk.co.kr/article/12052032,19,0.7008,1,keep,candidate_hybrid_keep_strong_domain_rule_anchor,19,0.7008,은행;시중은행;npl;부실채권,금리;대출;연체,,candidate_hybrid,1,0.65,0.35
새로운 불평등...업종 따라 성쇠 엇갈려,은행에 전화했더니 연체 벌금만 몇 차례 면제해 줬다. 16%인 카드 이자 때문에 점점 더 빚의 수렁에 빠져 들고 있다. 카드 체납금을 독촉하는 전화를 하루 5번 받기도 했다. 얼마 전에 가까스로 컴퓨터 수리점에 일을...,https://www.abcn.kr/news/articleView.html?idxno=88169,2,0.5385,0,drop,candidate_hybrid_gray_drop_score_lt_threshold,2,0.5385,,연체,,candidate_hybrid,1,0.65,0.35
"캠코, 새도약기금 '헐값 매입' 논란 반박… ""시장가격 반영""",캠코는 협약 참여 확대를 위해 은행권 차입 허용과 개인연체채권 매입펀드 대상채권 인수 등의 인센티브를 제공하고 있다고 설명했다. 캠코는 올해 3월 말 기준 약 8조2500억원 규모 장기연체채권을 인수해 추심을...,https://www.s-journal.co.kr/news/articleView.html?idxno=41318,4,0.6295,0,drop,candidate_hybrid_gray_drop_score_lt_threshold,4,0.6295,은행권,,,candidate_hybrid,1,0.65,0.35
“중금리대출 30% 충족했지만 금융취약 차주에 기회 더 줘야”,인터넷전문은행을 도입하며 기대효과로 내건 화두다. 2015년 당국은 인터넷은행 도입이 한국형 핀테크... 개인 역시 과거 연체 이력보다는 실질적인 소득 흐름과 상환 의지를 우선순위에 둬야 한다고 덧붙였다. 강경훈...,https://biz.heraldcorp.com/article/10740807?ref=naver,6,0.5775,1,keep,candidate_hybrid_gray_keep_domain_score_ge_threshold,6,0.5775,인터넷은행,연체,,candidate_hybrid,1,0.65,0.35
"[더벨][은행경영분석] SC제일은행, 예대업 부진에 순익 둔화…비이자 강...",SC제일은행이 순이익 감소와 함께 수익성 지표 둔화 흐름을 나타냈다. 여신 성장세에도 순이자마진(NIM)... 연체율과 고정이하여신비율이 일제히 상승하며 건전성 지표가 나빠진 반면 손실 흡수력을 나타내는...,https://www.thebell.co.kr/free/content/ArticleView.asp?key=202605151731480560104095,2,0.3686,0,drop,candidate_hybrid_gray_drop_score_lt_threshold,2,0.3686,,건전성;순이익,,candidate_hybrid,1,0.65,0.35
"한국경제, 격차 커지는 ‘K자’ 피하려면","자영업자 대출 연체율도 2022년 이후 급속히 높아졌고, 특히 1개월 이상 원리금이 연체된 취약 자영업자 연체율은 2025년 11%가 넘었다. 한국은행이 발표하는 소비자심리지수를 보면, 2026년 4월 소비자심리지수가 99.2로...",https://www.hani.co.kr/arti/economy/economy_general/1259343.html,6,0.5625,1,keep,candidate_hybrid_gray_keep_domain_score_ge_threshold,6,0.5625,한국은행,대출,,candidate_hybrid,1,0.65,0.35
1분기 호실적 낸 김성환號 한국투자증권…해외 리테일은 ‘숙제’,특히 개인 자산관리와 투자은행(IB) 부문 간 시너지를 키우며 고액자산가와 금융상품 판매 기반 확대에... 다만 향후 국내 증시가 하락장으로 전환하면 연체율 상승으로 재무 건전성이 악화할 수 있다. 금융투자업계...,https://www.ddaily.co.kr/page/view/2026051910314896446,4,0.4939,0,drop,candidate_hybrid_gray_drop_score_lt_threshold,4,0.4939,연체율,,,candidate_hybrid,1,0.65,0.35
“금리 상승에 은행 이자마진 반등…핵심이익 개선세 지속 전망” <하나...,올해 1분기 은행권 연체율이 상승하고 실질 연체 규모도 증가했지만 계절적 요인이 크게 작용한 것으로 평가됐다. 최 연구원은 “최근 4개년 동안 1분기에는 연체율 상승과 실질 연체가 크게 순증해 왔다는 점에서...,https://www.news2day.co.kr/article/20260519500043,14,0.601,1,keep,candidate_hybrid_keep_strong_domain_rule_anchor,14,0.601,은행;은행권;연체율,금리;연체,,candidate_hybrid,1,0.65,0.35
"하나증권 “은행업, 하반기 재차 상승 국면 진입할 것..톱픽 KB금융 하나...",중동사태를 계기로 고유가 상황 또한 장기화가 예상되면서 은행 건전성 악화 우려 확대 중이다. 시기상 유가 상승에 따른 영향이 아직 반영되지 않았음에도 1분기 연체율이 다소 크게 상승했다. 매·상각을 감안한...,https://kpenews.com/View.aspx?No=4082749,5,0.6361,0,drop,candidate_hybrid_drop_corporate_macro_noise,5,0.6361,은행,건전성,,candidate_hybrid,1,0.65,0.35
