title,summary,url,score,prob,keep,decision,decision_reason,relevance_score,relevance_prob,matched_hard,matched_soft,matched_negative,relevance_model_policy,model_used,candidate_keep_prob,candidate_drop_prob
싱글맘 죽음으로 내몬 ‘연 6083%’ 사채업자…2심서 징역 3년 6개월로 ...,연 6083% 무등록 대부업 14일 법조계에 따르면 서울북부지법 제3형사부(부장판사 허명산)는 대부업 등의 등록 및 금융이용자 보호에 관한 법률 위반 등 혐의로 기소된 김모(33)씨에게 항소심에서 원심(징역 4년)보다 낮은...,https://www.sedaily.com/article/20079551?ref=naver,5,0.7112,1,keep,candidate_hybrid_model_keep_prob_ge_threshold_with_domain_anchor,5,0.7112,대부업,,,candidate_hybrid,1,0.65,0.35
급전 창구로 몰리는 서민들…은행 비상금대출 신청 35% 급증,저신용자의 주요 자금 조달 창구인 대부업권의 대출 규모 역시 늘었다. 금감원의 ‘2025년 대부업 실태조사 결과’에 따르면 지난해 말 기준 전체 대부 업권의 대출 잔액은 13조 1402억 원으로 지난해 6월 말보다 6849억...,https://www.sedaily.com/article/20079679?ref=naver,9,0.4923,1,keep,candidate_hybrid_keep_strong_domain_rule_anchor,9,0.4923,은행;대부업,대출,,candidate_hybrid,1,0.65,0.35
모바일 게임과 도박에 빠진 자녀가 위험하다,"더 나아가 불법 사금융을 이용한 청소년이 돈을 갚지 못하면 인신매매를 당하거나, 불법 대부업 관계자가... 대부분의 경우 불법 대부업체의 협박을 받거나, 자녀가 불법적인 돈을 마련한 사실이 수사기관을 통해 드러나고...",http://www.djtimes.co.kr/news/articleView.html?idxno=113046,5,0.516,0,drop,candidate_hybrid_gray_drop_score_lt_threshold,5,0.516,대부업,,,candidate_hybrid,1,0.65,0.35
‘연 6000% 이자’ 싱글맘 죽음으로 내몬 사채업자 항소심 징역 3년 6개...,14일 대부업법·채권추심법 위반 등 혐의로 기소된 김모씨(33)에 대한 항소심에서 원심을 파기하고 징역 3년6개월을 선고했다. 범죄수익 770만776원도 추징했다. 김씨는 2024년 7월부터 11월까지 대부업 등록 없이 6명에게...,https://biz.chosun.com/topics/law_firm/2026/08/14/57MO43ZNMFHATBWBADONZMNNIU/?utm_source=naver&utm_medium=original&utm_campaign=biz,16,0.6653,1,keep,candidate_hybrid_keep_strong_domain_rule_anchor,16,0.6653,대부업;대부업법;채권추심,,,candidate_hybrid,1,0.65,0.35
무기 쇼핑몰 '머더헬프'…세금부터 통관까지 현실의 벽,"불법 대부업으로 피해자들을 속여 돈을 벌어들인 사업자는 ""사기 수익은 과세 대상이 아니다""라고 주장했지만, 조세심판원은 과세처분이 정당하다고 판단했다(조심2025인1476). 불법으로 얻은 돈이라도 실제 경제적...",https://www.taxwatch.co.kr/article/tax/2026/08/14/0001/naver,0,0.56,0,drop,candidate_hybrid_gray_drop_score_lt_threshold,0,0.56,,,,candidate_hybrid,1,0.65,0.35
싱글맘 죽음 내몬 사채업자 항소심 징역 3년6개월…1심은 4년,14일 법조계에 따르면 서울북부지법 형사항소3부(부장판사 허명산)는 대부업법·채권추심법 위반 등 혐의로... 김씨는 2024년 7월부터 11월까지 대부업 등록 없이 6명에게 총 1천760만원을 빌려주고 법정 제한을 크게 웃도는...,https://www.ppss.kr/news/articleView.html?idxno=305614,16,0.695,1,keep,candidate_hybrid_keep_strong_domain_rule_anchor,16,0.695,대부업;대부업법;채권추심,,,candidate_hybrid,1,0.65,0.35
"싱글맘 목숨 앗아간 `6083% 폭리` 사채업자, 항소심서 감형",14일 대부업법 위반 등 혐의로 구속기소된 김모(34)씨에게 징역 3년6개월을 선고하고 770만776원 추징을 명령했다. 1심은 김씨에게 징역 4년을 선고했다. 김씨는 2024년 7월부터 11월까지 대부업 등록 없이 6명에게 돈을...,https://www.edaily.co.kr/news/newspath.asp?newsid=05202086645547320,11,0.7304,1,keep,candidate_hybrid_keep_strong_domain_rule_anchor,11,0.7304,대부업;대부업법,,,candidate_hybrid,1,0.65,0.35
'비영리' 간판 달고 꼼수 영업?...사설구급차 관리 사각지대,앞서 김 씨는 지난 2024년 7월에서 11월 사이 대부업 등록을 하지 않고 6명에게 모두 합쳐 천760만 원을 고이율로 빌려준 뒤 이들의 가족과 지인에게 협박성 메시지를 보낸 혐의로 재판에 넘겨졌습니다. 또 다른 재판...,https://www.ytn.co.kr/_ln/0103_202608141449057427,5,0.6111,0,drop,candidate_hybrid_gray_drop_score_lt_threshold,5,0.6111,대부업,,,candidate_hybrid,1,0.65,0.35
"딸 유치원에 협박 전화까지···30대 싱글맘 죽음 내몬 사채업자, 2심서...",14일 대부업법·채권추심법 위반 등 혐의로 기소된 김모(34)씨에 징역 3년6개월을 선고하고 범죄수익 약 770만원 추징을 명령했다. 김씨는 지난 4월 1심에서 징역 4년을 선고받았다. 김씨는 2024년 7~11월 대부업 등록 없이...,https://www.khan.co.kr/article/202608141431001,16,0.6748,1,keep,candidate_hybrid_keep_strong_domain_rule_anchor,16,0.6748,대부업;대부업법;채권추심,,,candidate_hybrid,1,0.65,0.35
[연합뉴스 이 시각 헤드라인] - 14:30,서울북부지법 형사항소3부(부장판사 허명산)는 대부업법·채권추심법 위반 등 혐의를 받는 김모(34)씨에 대한 원심 판결을 파기하고 징역 3년 6개월을 선고하고 범죄수익 770만776원 추징을 명령했다. 1심에서는...,https://www.yna.co.kr/view/AKR20260814097400011?input=1195m,11,0.7022,1,keep,candidate_hybrid_keep_strong_domain_rule_anchor,11,0.7022,대부업법;채권추심,,,candidate_hybrid,1,0.65,0.35
"연 6000% 이자 폭리…싱글맘 죽음 내몬 악질 사채업자, 2심서 되레 '감형...",서울북부지법 형사항소3부(허명산 부장판사)는 대부업법 및 채권추심법 위반 등의 혐의로 재판에 넘겨진... 판결문에 따르면 김 씨는 지난 2024년 7월부터 11월까지 대부업 등록을 하지 않은 채 6명에게 총 1천760만 원을...,https://www.kyeonggi.com/article/20260814580103,16,0.6238,1,keep,candidate_hybrid_keep_strong_domain_rule_anchor,16,0.6238,대부업;대부업법;채권추심,,,candidate_hybrid,1,0.65,0.35
"[단독] 대한기업금융, 지자체에 무인가 보증서 발급 '일파만파'","한라대부업, 다시 한라금융 등을 거쳐 2018년 3월 현재의 대한기업금융으로 상호를 변경했다. 이 과정에서... 과거 등기에는 대부업, 금융보증업, 신용대출·담보대출업무, 보증서 발급업, 보증서 발급중개업, 보험대리점업...",https://www.safetimes.co.kr/news/articleView.html?idxno=244810,5,0.416,0,drop,candidate_hybrid_gray_drop_score_lt_threshold,5,0.416,대부업,,,candidate_hybrid,1,0.65,0.35
"싱글맘 죽음 내몬 사채업자, 항소심서 감형…징역 4년에서 3년 6개월로",오전 대부업법과 채권추심법 위반 등의 혐의로 구속기소된 김모(34)씨에게 징역 3년 6개월을 선고하고 770만776원을 추징하라고 명령했다. 김씨는 2024년 7월∼11월 대부업 등록을 하지 않은 채 6명에게 총 1760만원을...,https://www.kmib.co.kr/article/view.asp?arcid=9000003169&cp=nv,16,0.7007,1,keep,candidate_hybrid_keep_strong_domain_rule_anchor,16,0.7007,대부업;대부업법;채권추심,,,candidate_hybrid,1,0.65,0.35
싱글맘 죽음 내몬 사채업자 항소심서 감형,"(14일) 대부업법 위반 등 혐의로 기소된 사채업자 30대 김 모 씨에 대해 원심보다 낮은 징역 3년 6개월을 선고하고, 범죄 수익 770만여 원에 대해서 추징을 명령했습니다. 재판부는 ""김 씨가 무등록 대부업을 운영하며 제한...",https://news.kbs.co.kr/news/pc/view/view.do?ncd=8637338&ref=A,6,0.6424,0,drop,candidate_hybrid_gray_drop_no_domain_anchor,6,0.6424,대부업법,,,candidate_hybrid,1,0.65,0.35
"싱글맘 죽음 내몬 불법 사채업자, 항소심서 징역 3년 6개월",서울북부지법 형사항소3부는 대부업법 위반 등의 혐의를 받는 34살 김 모 씨에게 징역 3년 6개월을 선고하고... 김 씨는 지난 2024년 7월부터 11월까지 대부업 등록을 하지 않고 6명에게 총 1천760만 원을 고이율로 빌려준 뒤...,https://imnews.imbc.com/news/2026/society/article/6844774_36918.html,11,0.6745,1,keep,candidate_hybrid_keep_strong_domain_rule_anchor,11,0.6745,대부업;대부업법,,,candidate_hybrid,1,0.65,0.35
"싱글맘 죽음 내몬 사채업자, 항소심서 징역 3년 6개월","허명산)가 대부업법·채권추심업 위반 등 혐의를 받는 김모(34)씨에 대한 원심을 파기하고, 징역 3년 6개월을 선고했다. 범죄 수익금 770만776원 추징도 함께 명했다. 김씨는 지난 2024년 7~11월 대부업 등록을 하지 않은 채...",https://www.chosun.com/national/national_general/2026/08/14/UPMKV7OT5NAZVMWN5WAMOFAQTY/?utm_source=naver&utm_medium=referral&utm_campaign=naver-news,16,0.7008,1,keep,candidate_hybrid_keep_strong_domain_rule_anchor,16,0.7008,대부업;대부업법;채권추심,,,candidate_hybrid,1,0.65,0.35
"불법 대출로 싱글맘 협박한 사채업자, 항소심에서 형량 감경 판결","김씨는 2024년 여름부터 가을 사이, 대부업 등록 없이 6명에게 총 1천760만 원을 고리로 빌려주고, 대출금을... 김씨는 다른 사람의 이름으로 된 계좌와 휴대전화를 사용하며 대부업을 운영한 혐의도 있다. 항소심 재판부는...",https://www.gokorea.kr/news/articleView.html?idxno=875049,5,0.4499,0,drop,candidate_hybrid_gray_drop_score_lt_threshold,5,0.4499,대부업,,,candidate_hybrid,1,0.65,0.35
"'연 6000% 이자' 싱글맘 죽음 내몬 사채업자...2심서 감형, 왜?","서울북부지법 형사항소3부(부장판사 허명산)는 14일 오전 대부업법 위반 등 혐의로 구속 기소된 김모씨(33)... 재판부는 ""피고인은 무등록 대부업으로 적게는 연 1233%에서 많게는 6083%에 달하는 고율의 이자 수익을...",https://www.mt.co.kr/society/2026/08/14/2026081412002448600,6,0.5838,0,drop,candidate_hybrid_gray_drop_no_domain_anchor,6,0.5838,대부업법,,,candidate_hybrid,1,0.65,0.35
유치원 딸 두고 삶을 등진 싱글맘…연 6083% 사채업자 2심서 형량 줄었다...,14일 서울북부지법 제3형사부 허명산 부장판사는 대부업 등의 등록 및 금융이용자 보호에 관한 법률 위반 등... 김씨는 2024년 7월부터 11월까지 대부업 등록 없이 돈을 빌려주고 법정 제한 이자율을 크게 웃도는 고금리를...,https://biz.heraldcorp.com/article/10841551?ref=naver,5,0.691,1,keep,candidate_hybrid_model_keep_prob_ge_threshold_with_domain_anchor,5,0.691,대부업,,,candidate_hybrid,1,0.65,0.35
두 얼굴의 사설구급차...공익 뒤에 가려진 민낯,앞서 김 씨는 지난 2024년 7월에서 11월 사이 대부업 등록을 하지 않은 채 6명에게 모두 합쳐 1760만 원을 고이율로 빌려준 뒤 이들의 가족과 지인에게 협박성 메시지를 보낸 혐의로 재판에 넘겨졌습니다. 또 오늘 개그맨...,https://www.ytn.co.kr/_ln/0103_202608141242057478,5,0.5447,0,drop,candidate_hybrid_gray_drop_score_lt_threshold,5,0.5447,대부업,,,candidate_hybrid,1,0.65,0.35
"‘연 6000%’ 싱글맘 죽음 내몬 사채업자, 항소심서 3년 6개월",서울북부지법 형사항소3부(부장 허명산)는 14일 대부업법 위반 등 혐의로 기소된 김모씨에게 징역 3년 6개월을 선고하고 범죄수익 770만 776원을 추징하라고 명령했다. 김씨는 2024년 7월부터 11월까지 무등록 대부업을...,https://www.seoul.co.kr/news/society/2026/08/14/20260814500108?wlog_tag3=naver,6,0.6985,1,keep,candidate_hybrid_model_keep_prob_ge_threshold_with_domain_anchor,6,0.6985,대부업법,,,candidate_hybrid,1,0.65,0.35
싱글맘 죽음 내몬 사채업자 항소심에서 형량 줄어…징역 3년 6개월,대부업법·채권추심법 위반 등 혐의를 받는 30대 김 모 씨에 대한 원심 판결을 파기하고 징역 3년 6개월과 범죄수익 770만원 추징을 선고했습니다. 1심 징역 4년보다 형량이 4개월 줄었습니다. 김씨는 2024년 대부업...,http://www.yonhapnewstv.co.kr/news/MYH20260814121001pul,16,0.6627,1,keep,candidate_hybrid_keep_strong_domain_rule_anchor,16,0.6627,대부업;대부업법;채권추심,,,candidate_hybrid,1,0.65,0.35
싱글맘 죽음 내몬 악성 사채업자⋯항소심서 '감형' 이유는?,"서울북부지법 형사항소3부(부장판사 허명산)는 대부업법·채권추심법 위반 등 혐의를 받는 30대 김 모 씨에... 김 씨는 지난 2024년 7∼11월 대부업 등록을 하지 않고 6명에게 모두 1,760만 원을 고이율로 빌려준 뒤 이들의...",http://mbn.mk.co.kr/pages/news/newsView.php?category=mbn00009&news_seq_no=5212493,16,0.6589,1,keep,candidate_hybrid_keep_strong_domain_rule_anchor,16,0.6589,대부업;대부업법;채권추심,,,candidate_hybrid,1,0.65,0.35
연 6000%대 고리·불법추심…싱글맘 죽음 내몬 사채업자 2심서 감형,서울북부지법 형사항소3부(허명산 부장판사)는 대부업법·채권추심법 위반 등 혐의로 기소된 김모(34)씨의... 김씨는 2024년 7월부터 11월까지 대부업 등록을 하지 않고 6명에게 총 1760만원을 고율로 빌려준 뒤 이들의...,https://www.kado.net/news/articleView.html?idxno=2066791,22,0.6806,1,keep,candidate_hybrid_keep_strong_domain_rule_anchor,22,0.6806,대부업;대부업법;불법추심;채권추심,,,candidate_hybrid,1,0.65,0.35
"30대 싱글맘 죽음 내몬 사채업자, 항소심서 징역 3년6개월","14일 대부업법, 채권추심법 위반 등 혐의로 구속기소된 김모씨(33)에 대한 항소심에서 원심 징역 4년을 깨고 징역 3년 6개월을 선고했다. 777만776원 추징금도 명령했다. 김씨는 지난 2024년 7월부터 11월까지 대부업 등록을...",https://www.nocutnews.co.kr/news/6563052?utm_source=naver&utm_medium=article&utm_campaign=20260814115729,16,0.709,1,keep,candidate_hybrid_keep_strong_domain_rule_anchor,16,0.709,대부업;대부업법;채권추심,,,candidate_hybrid,1,0.65,0.35
연 6000% 이자에 싱글맘 숨졌는데…사채업자 항소심서 감형,서울북부지법 형사항소3부(부장판사 허명산)는 대부업법·채권추심법 위반 등 혐의를 받는 김모(34)씨에... 연 6000% 넘는 고금리…가족·지인까지 협박 김씨는 2024년 7∼11월 대부업 등록을 하지 않고 6명에게 총 1760만원을...,https://www.jnilbo.com/news/articleView.html?idxno=90000056894,16,0.6335,1,keep,candidate_hybrid_keep_strong_domain_rule_anchor,16,0.6335,대부업;대부업법;채권추심,,,candidate_hybrid,1,0.65,0.35
"연이자 원금 수십배, 싱글맘 죽음 내몬 사채업자...항소심서 감형",사진=연합뉴스 연합뉴스에 따르면 서울북부지법 형사항소3부(허명산 부장판사)는 대부업법·채권추심법... 김씨는 2024년 7월부터 11월까지 대부업 등록 없이 6명에게 총 1760만원을 빌려주고 법정 제한을 크게 웃도는...,https://www.slist.kr/news/articleView.html?idxno=758813,16,0.6554,1,keep,candidate_hybrid_keep_strong_domain_rule_anchor,16,0.6554,대부업;대부업법;채권추심,,,candidate_hybrid,1,0.65,0.35
"30대 싱글맘 죽음 내몬 악질 사채업자, 2심서 징역 3년 6개월","서울북부지법 형사합의3부(부장 허명산)는 14일 대부업법 및 채권추심법 위반 등 혐의를 받는 김모(34)씨에... 김씨는 2024년 7월부터 11월까지 미등록 대부업체를 운영하며 연 1,233~6,083%에 달하는 높은 이자율로 6명에게 총...",https://www.hankookilbo.com/news/article/A2026081410370005054?did=NA,11,0.6519,1,keep,candidate_hybrid_keep_strong_domain_rule_anchor,11,0.6519,대부업법;채권추심,,,candidate_hybrid,1,0.65,0.35
"싱글맘 죽음 내몬 불법추심 사채업자, 항소심서 감형…징역 3년 6개월","서울북부지법 형사항소3부(부장판사 허명산)는 대부업법·채권추심법 위반 등 혐의를 받는 김모(34)씨에... 김씨는 2024년 7∼11월 대부업 등록을 하지 않고 6명에게 총 1,760만 원을 고이율로 빌려준 뒤 이들의 가족과...",http://www.yonhapnewstv.co.kr/news/AKR20260814115114xZX,22,0.6871,1,keep,candidate_hybrid_keep_strong_domain_rule_anchor,22,0.6871,대부업;대부업법;불법추심;채권추심,,,candidate_hybrid,1,0.65,0.35
'싱글맘 불법추심' 사채업자 항소심 징역 3년 6개월,서울북부지방법원은 오늘(14일) 대부업법 위반 등 혐의로 기소된 김 모 씨의 항소심에서 징역 4년을... 김 씨는 지난 2024년 7월에서 11월 사이 대부업 등록을 하지 않고 6명에게 모두 천760만 원을 높은 이자로 빌려준 뒤...,https://www.ytn.co.kr/_ln/0103_202608141135452988,17,0.6888,1,keep,candidate_hybrid_keep_strong_domain_rule_anchor,17,0.6888,대부업;대부업법;불법추심,,,candidate_hybrid,1,0.65,0.35
"'싱글맘 죽음 내몬' 사채업자, 2심서 혐의 추가되고도 감형",14일 법조계에 따르면 서울북부지법 형사항소3부(허명산 부장판사)는 대부업법·채권추심법... 김씨는 지난 2024년 7월부터 11월까지 대부업 등록을 하지 않고 6명에게 총 1760만원을 고이율로 빌려준 뒤 이들의 가족과...,http://www.fnnews.com/news/202608141050468189,16,0.661,1,keep,candidate_hybrid_keep_strong_domain_rule_anchor,16,0.661,대부업;대부업법;채권추심,,,candidate_hybrid,1,0.65,0.35
"'싱글맘 죽음 내몬' 불법 사채업자, 항소심서 징역 3년6개월","서울북부지법 형사항소3부(부장판사 허명산)는 14일 오전 대부업법 등 혐의로 구속기소된 김모(34)씨에게... 재판부는 ""미등록 대부업자가 이자 제한을 잠탈해 급전이 필요한 긴박한 상태의 서민들로부터 과도한 이자를...",https://www.newsis.com/view/NISX20260814_0003749273,6,0.5985,0,drop,candidate_hybrid_gray_drop_no_domain_anchor,6,0.5985,대부업법,,,candidate_hybrid,1,0.65,0.35
"'싱글맘 죽음' 내몬 불법추심 사채업자, 2심서 징역 3년6개월",서울북부지법 형사항소3부(허명산 부장판사)는 14일 대부업등의등록및금융이용자보호에관한법률위반 등... [사진 = 뉴스핌DB] 김씨는 2024년 7월부터 11월까지 대부업 등록을 하지 않은 채 6명에게 총 1760만원을 고금리로...,https://www.newspim.com/news/view/20260814000538,11,0.7028,1,keep,candidate_hybrid_keep_strong_domain_rule_anchor,11,0.7028,대부업;불법추심,,,candidate_hybrid,1,0.65,0.35
싱글맘 죽음 내몬 '연 6000%' 불법추심 사채업자…항소심 징역 3년6개월,"서울북부지법 형사항소3부(부장판사 허명산)는 14일 대부업법 위반 등 혐의로 구속기소 된 김 모 씨(33)에게... 다만 ""김 씨는 무등록 대부업을 하면서 적게는 연 1233%에서 많게는 6083%에 달하는 고율의 이자를 수취했다""며...",https://www.news1.kr/society/court-prosecution/6259145,12,0.6765,1,keep,candidate_hybrid_model_keep_prob_ge_threshold_with_domain_anchor,12,0.6765,대부업법;불법추심,,,candidate_hybrid,1,0.65,0.35
"""은행 문 막히자 10%대 고금리로""…저축은행 몰리는 차주들",결국 은행권 대출은 줄더라도 저축은행·대부업 등 고금리 업권으로 수요가 전이되는 부작용이 발생한다. 따라서 가계부채 관리 정책의 효과를 높이려면 단순 총량 규제를 넘어 금융권 간 수요 이동 흐름을 세밀히 살피는...,https://www.ziksir.com/news/articleView.html?idxno=143066,19,0.9146,1,keep,candidate_hybrid_keep_strong_domain_rule_anchor,19,0.9146,은행;은행권;저축은행;대부업;가계부채,,,candidate_hybrid,1,0.65,0.35
"[정치쇼] 최민희 ""분열 우려? 차기 대표 손잡고 2막 넘어갈 것…5.18 모욕...",박하게 평가 -평택 선거 '대부업' 논란에...정청래 왜 단호하지 못했나 -'3자 비밀연합' 의혹? 정청래에 뒤집어... 오히려 제가 어떤 정황의 사정이 있었는지 모르지만 평택에서 대부업이라는 단어가 나왔을 때 저는 너무...,https://news.sbs.co.kr/news/endPage.do?news_id=N1008705156&plink=ORI&cooper=NAVER,5,0.5461,0,drop,candidate_hybrid_gray_drop_score_lt_threshold,5,0.5461,대부업,,,candidate_hybrid,1,0.65,0.35
'더 강한 금감원' 만든 이찬진 1년…'소신 발언'에 일부 논란도,대부업법과 채권추심법 위반 행위를 특사경 직무 범위에 포함해 민생금융범죄의 피해자 구제부터 수사까지 금감원의 역할을 넓히겠다는 구상이다. 자본시장 불공정거래에 대한 강제조사권 확보도 추진 중이다. 현행...,https://www.newsis.com/view/NISX20260814_0003748951,20,0.7006,1,keep,candidate_hybrid_keep_strong_domain_rule_anchor,20,0.7006,금감원;대부업법;채권추심;불공정거래,,,candidate_hybrid,1,0.65,0.35
싱글맘 죽음 내몬 사채업자…오늘 항소심 선고,서울북부지방법원은 오늘(14일) 오전 대부업법·채권추심법 위반 등 혐의를 받는 김모씨의 항소심 판결을 선고한다. 김씨는 지난 2024년 7월에서 11월 사이 대부업 등록을 하지 않고 6명에게 총 1760만원을 고이율로...,https://news.tvchosun.com/site/data/html_dir/2026/08/14/2026081490092.html,16,0.6103,1,keep,candidate_hybrid_keep_strong_domain_rule_anchor,16,0.6103,대부업;대부업법;채권추심,,,candidate_hybrid,1,0.65,0.35
"최민희 ""'5·18 재조명' 이진숙 제명 추진…鄭 평택 재선거 대처 의문""","재선거에서 대부업이라는 단어가 나왔을 때 너무 충격을 받아서 이후로는 그 평택에 대해 사고가 안 될 정도였는데, 민주당 후보 중에 대부업이라는 단어가 나온 건 처음인 것 같다""고 했다. 이어 ""그런데 (정 대표가) 그때...",https://www.mt.co.kr/politics/2026/08/14/2026081408483789257,0,0.5731,0,drop,candidate_hybrid_gray_drop_score_lt_threshold,0,0.5731,,,,candidate_hybrid,1,0.65,0.35
이찬진 금감원장 취임 1년…소비자보호 강화·불공정거래 척결 기조,범죄 혐의에 대한 직접 단속 및 기존 불법사금융 대응 업무와 연계해 나갈 수 있을 것으로 보고 있다. 내년 1월 시행을 목표로 사법경찰직무법 개정을 추진한다. 정부의 생산적 금융 정책에 대한 감독 행정 지원도 주요...,https://www.fntimes.com/html/view.php?ud=202608141104362676179ad43907_18,16,0.8187,1,keep,candidate_hybrid_keep_strong_domain_rule_anchor,16,0.8187,불법사금융;불공정거래;생산적 금융,금융,,candidate_hybrid,1,0.65,0.35
"이찬진 금감원장 1주년, 주가조작 끊고 ‘사전예방’ 칼날","자본시장 신뢰 회복을 위한 불법행위 단속도 한층 매서워졌다. 지난 4월 도입된 자본시장특별사법경찰... 이 외에도 보이스피싱 피해 예방, 불법사금융 피해신고센터를 통한 반사회적 계약 무효화 지원, 금융보안...",https://www.kukinews.com/article/view/kuk202608140031,14,0.8089,1,keep,candidate_hybrid_keep_strong_domain_rule_anchor,14,0.8089,불법사금융;보이스피싱,,,candidate_hybrid,1,0.65,0.35
"이찬진 1년, 달라진 금감원…키워드는 ‘소비자’","불법사금융 대응 역시 개별 기관 단속에서 협업 체계로 확장했다. 방송미디어통신위원회·방송미디어통신심의위원회와 불법금융 정보를 차단하고, 보건복지부와 취약계층 지원을 연계하는 구조를 만들었다....",https://www.tfmedia.co.kr/news/article.html?no=206479,14,0.7128,1,keep,candidate_hybrid_keep_strong_domain_rule_anchor,14,0.7128,금감원;불법사금융,,,candidate_hybrid,1,0.65,0.35
“키오스크 미설치하면 과태료 낸다고요? 그거 사기입니다”,이번에 확인된 사례는 ‘귀금속판매업 보이스피싱·자금세탁 피해 예방을 위한 본인확인 키오스크 설치 지원’ 등을 명목으로 소상공인에게 키오스크 설치비 전액을 지원한다며 특정 업체를 통한 장비 선구매를 유도하는...,https://biz.heraldcorp.com/article/10842064?ref=naver,6,0.7442,1,keep,candidate_hybrid_model_keep_prob_ge_threshold_with_domain_anchor,6,0.7442,보이스피싱,,,candidate_hybrid,1,0.65,0.35
[통일로 미래로] “낯선 세상 적응 도와요”…기부로 시작된 ‘연결의 ...,"낯선 금융·통신 환경에서 피해를 보지 않도록 보이스피싱 예방법까지 꼼꼼히 배웁니다. [""국가기관에서는 주민등록번호를 못 물어보게 되어 있습니다.""] 삼삼오오 모여 복잡한 지하철 노선과 익숙하지 않은 외래어까지...",https://news.kbs.co.kr/news/pc/view/view.do?ncd=8637936&ref=A,7,0.6686,1,keep,candidate_hybrid_model_keep_prob_ge_threshold_with_domain_anchor,7,0.6686,보이스피싱,금융,,candidate_hybrid,1,0.65,0.35
"KB국민은행, KB스타뱅킹에 ‘안티스미싱’ 서비스 출시","KB금융그룹은 경찰청, 신용회복위원회와 함께 보이스피싱 등 전기통신금융사기 피해 예방과 피해자의 일상 회복을 위한 지원도 진행하고 있다. 금융 피해와 함께 심리적 충격을 겪은 피해자를 대상으로 운영되는 전문...",https://www.sentv.co.kr/article/view/sentv202608150005,7,0.6328,1,keep,candidate_hybrid_gray_keep_domain_score_ge_threshold,7,0.6328,보이스피싱,금융,,candidate_hybrid,1,0.65,0.35
회삿돈 수백억 가로채는 딥페이크부터 변태안경까지…'AI 날개 단 범죄',"범죄 피해 규모만 수백만 달러에 달할 거라고 추산한 구글은 결국 올해 해당 조직을 상대로 민사 소송을 제기했다. AI로 범죄 비용은 낮아지고, 품질은 높아지고, 수법은 다양해져 15일 경찰 등에 따르면 보이스피싱...",https://www.news1.kr/society/incident-accident/6258382,6,0.6905,1,keep,candidate_hybrid_model_keep_prob_ge_threshold_with_domain_anchor,6,0.6905,보이스피싱,,,candidate_hybrid,1,0.65,0.35
"""유학생 재입국 시 성적표 지참해야 안전... 석사 두번 안돼""","이날 행사에는 이승용 경찰영사도 동석해 유학생 등을 상대로 보이스피싱 사건이 기승을 부리고 있다며... 한다""며 ""유학생들도 제법 전화를 받고 있고 20∼30대 젊은 분들이 피해를 보는 사례가 있다""고 경고했다.",https://www.radiokorea.com/news/article.php?uid=501655,6,0.6258,1,keep,candidate_hybrid_gray_keep_domain_score_ge_threshold,6,0.6258,보이스피싱,,,candidate_hybrid,1,0.65,0.35
김제경찰서 '투자리딩방 사기 조직' 적발,전북 김제경찰서는 사기 조직 일당 6명을 사기ㆍ전기통신금융사기 피해 방지 및... 조사 결과 전화금융사기(보이스피싱) 범죄 조직을 꾸린 이들은 범행 전반과...,http://www.breaknews.com/1229196,6,0.8718,1,keep,candidate_hybrid_model_keep_prob_ge_threshold_with_domain_anchor,6,0.8718,보이스피싱,,,candidate_hybrid,1,0.65,0.35
"iM사회공헌재단, 대구 어르신 700명 금융사기 예방교육",이번 교육은 금융거래가 비대면·디지털 방식으로 빠르게 전환되는 가운데 고령층의 금융정보 격차를 줄이고 신종 사기 피해를 예방하는 데 초점을 맞췄다. 교육에서는 보이스피싱과 문자메시지를 이용한 스미싱의...,https://www.edaily.co.kr/news/newspath.asp?newsid=06612486645547320,6,0.8722,1,keep,candidate_hybrid_model_keep_prob_ge_threshold_with_domain_anchor,6,0.8722,보이스피싱,,,candidate_hybrid,1,0.65,0.35
iM금융그룹 어르신 700여 명 초청 '찾아가는 시니어 금융교육',"특히 최근 기승을 부리고 있는 딥보이스 피싱, QR코드를 악용한 '큐싱' 등 고도화된 신종 금융사기 피해 사례를 공유해 어르신들의 경각심을 높이고 변화하는 사기 수법에 대한 이해도를 높였습니다. 금융 교육은 대부분...",https://www.newsclaim.co.kr/news/articleView.html?idxno=3072159,1,0.7268,0,drop,candidate_hybrid_drop_model_keep_without_domain_anchor,1,0.7268,,금융,,candidate_hybrid,1,0.65,0.35
"KB스타뱅킹, 실시간 스미싱 탐지 '안티스미싱' 출시","한편 KB금융그룹은 경찰청, 신용회복위원회와 함께 보이스피싱을 비롯한 전기통신금융사기 피해 예방과 피해자 지원에도 나서고 있다. 금융 피해뿐 아니라 사기 이후 겪는 심리적 충격까지 회복할 수 있도록 전문...",https://www.job-post.co.kr/news/articleView.html?idxno=224123,7,0.8076,1,keep,candidate_hybrid_model_keep_prob_ge_threshold_with_domain_anchor,7,0.8076,보이스피싱,금융,,candidate_hybrid,1,0.65,0.35
"iM금융그룹, 어르신 700명 대상 금융교육...보이스피싱 예방 강조","이어 딥보이스피싱, 큐싱 등 최근 등장한 신종 금융사기 피해 사례도 함께 소개해 금융사기에 대한 경각심을 강조했다. 아울러 재단이 자체 개발한 실시간 금융교육 앱 'iM행복금융교실'을 활용해 모바일 뱅킹, 카페...",https://www.gukjenews.com/news/articleView.html?idxno=3665257,6,0.8779,1,keep,candidate_hybrid_model_keep_prob_ge_threshold_with_domain_anchor,6,0.8779,보이스피싱,,,candidate_hybrid,1,0.65,0.35
[은행 뉴스브리핑] 카카오뱅크 임원진 자사주 4.6억원 매입 '책임경영',"또 최근 증가하고 있는 딥보이스피싱, 큐싱 등 신종 금융사기의 피해사례 공유를 통해 금융사기에 대한 경각심을 높이고 변화하는 금융사기 수법에 대한 이해를 높였다. /정종진 기자",https://www.asiatime.co.kr/article/20260814500409,9,0.6565,1,keep,candidate_hybrid_keep_strong_domain_rule_anchor,9,0.6565,은행;보이스피싱,,,candidate_hybrid,1,0.65,0.35
"정부·이통3사, 무효번호·해외발 스팸 막는다","남석 과기정통부 통신정책관은 “불법스팸은 단순한 이용자 불편을 넘어 보이스피싱, 스미싱 등 국민의 재산상 피해를 유발하는 심각한 민생범죄의 주요 통로”라며 “무효번호 차단시스템과 해외발 스팸차단 개선조치...",https://zdnet.co.kr/view/?no=20260814173332,6,0.8338,1,keep,candidate_hybrid_model_keep_prob_ge_threshold_with_domain_anchor,6,0.8338,보이스피싱,,,candidate_hybrid,1,0.65,0.35
"정부·이통3사, 불법스팸 차단 강화 나선다","남석 과기정통부 통신정책관은 “불법스팸은 단순한 이용자 불편을 넘어 보이스피싱, 스미싱 등 국민의 재산상 피해를 유발하는 심각한 민생범죄의 주요 통로인 만큼, 민관이 합심해 근본적인 발생 원인을 차단하는 것이...",https://www.dailian.co.kr/news/view/1678694/?sc=Naver,6,0.8375,1,keep,candidate_hybrid_model_keep_prob_ge_threshold_with_domain_anchor,6,0.8375,보이스피싱,,,candidate_hybrid,1,0.65,0.35
"국민은행, 스타뱅킹에 '안티스미싱' 탑재…악성 링크 실시간 탐지","한편 KB금융은 경찰청, 신용회복위원회와 함께 보이스피싱 등 전기통신금융사기 피해 예방과 피해자의 일상 회복을 지원하고 있다. 금융사기 피해자의 심리적 충격 회복을 위한 전문 심리상담 프로그램 운영 재원도 전액...",https://www.newsworks.co.kr/news/articleView.html?idxno=850466,6,0.8329,1,keep,candidate_hybrid_model_keep_prob_ge_threshold_with_domain_anchor,6,0.8329,보이스피싱,,,candidate_hybrid,1,0.65,0.35
"iM금융, 대구 어르신 700명 대상 디지털 금융교육 진행","딥보이스피싱과 큐싱 등 신종 금융사기 피해 사례도 소개했다. iM사회공헌재단이 개발한 금융교육 앱 'iM행복금융교실'을 활용한 디지털 금융교육도 진행했다. 모바일뱅킹을 비롯해 카페와 패스트푸드점, 택시 호출 등...",http://www.popcornnews.net/news/articleView.html?idxno=129821,6,0.8196,1,keep,candidate_hybrid_model_keep_prob_ge_threshold_with_domain_anchor,6,0.8196,보이스피싱,,,candidate_hybrid,1,0.65,0.35
"""남편 선물을 또…"" 금 80돈 구매하려던 보이스피싱 수거책 검거",세종의 한 금거래소 대표가 보이스피싱 범죄조직의 피해금 세탁 정황을 포착해 경찰에 신고하면서 현금수거책 검거에 기여했다. 한국감정금거래소 세종지역 한 지점 대표 강모(56)씨는 지난달 30일 순금 50돈을...,https://www.daejonilbo.com/news/articleView.html?idxno=2294612,6,0.9049,1,keep,candidate_hybrid_model_keep_prob_ge_threshold_with_domain_anchor,6,0.9049,보이스피싱,,,candidate_hybrid,1,0.65,0.35
"KB국민은행, 악성링크 탐지해 알려주는 '안티스미싱' 서비스 출시","한편 KB금융그룹은 경찰청, 신용회복위원회와 함께 보이스피싱 등 전기통신금융사기 피해 예방과 피해자의 일상 회복을 지원하고 있다. 금융 피해뿐 아니라 심리적 충격 회복을 돕기 위해 전문 심리상담 프로그램 운영...",https://www.delighti.co.kr/news/articleView.html?idxno=120252,7,0.672,1,keep,candidate_hybrid_model_keep_prob_ge_threshold_with_domain_anchor,7,0.672,보이스피싱,금융,,candidate_hybrid,1,0.65,0.35
"KB국민은행, 스미싱 차단 위한 '안티스미싱' 서비스 출시... 금융소비자...","한편 KB금융그룹(회장 양종희)은 경찰청, 신용회복위원회와 협력해 보이스피싱 등 전기통신금융사기 피해 예방과 피해자의 조속한 일상 회복을 지원하고 있다. 특히 피해자들의 심리적 충격 회복을 위해 전문 심리상담...",http://www.queen.co.kr/news/articleView.html?idxno=461792,6,0.7342,1,keep,candidate_hybrid_model_keep_prob_ge_threshold_with_domain_anchor,6,0.7342,보이스피싱,,,candidate_hybrid,1,0.65,0.35
추석 앞두고 불법스팸 차단 강화…이통3사·카카오도 대응 나선다,무효번호를 이용한 대량문자와 해외발 스팸을 차단하고 인공지능(AI) 기반 필터링도 강화해 스미싱·보이스피싱 등으로 이어지는 이용자 피해를 줄인다는 방침이다. 과학기술정보통신부는 방송미디어통신위원회와...,https://www.newsis.com/view/NISX20260814_0003749775,6,0.8094,1,keep,candidate_hybrid_model_keep_prob_ge_threshold_with_domain_anchor,6,0.8094,보이스피싱,,,candidate_hybrid,1,0.65,0.35
"KB국민은행, KB스타뱅킹에 실시간 악성링크 탐지 '안티스미싱' 서비스 탑...","KB금융그룹은 경찰청, 신용회복위원회와 함께 보이스피싱 등 전기통신 금융 사기 피해 예방과 피해자의 조속한 일상 회복을 위한 지원에 나서고 있다. 피해자들이 금융 피해뿐만 아니라 심리적 충격까지 회복할 수 있도록...",http://www.updownnews.co.kr/news/articleView.html?idxno=318403,7,0.6225,1,keep,candidate_hybrid_gray_keep_domain_score_ge_threshold,7,0.6225,보이스피싱,금융,,candidate_hybrid,1,0.65,0.35
[더밸류 브리핑] 오늘의 금융권 소식...KB금융·KB국민은행·IBK기업은행,"KB금융그룹은 경찰청, 신용회복위원회와 함께 보이스피싱 등 전기통신금융사기 피해 예방과 피해자의 일상 회복을 지원하고 있다. 피해자들이 금융 피해뿐 아니라 심리적 충격까지 회복할 수 있도록 전문 심리상담...",http://www.thevaluenews.co.kr/news/view.php?idx=200814,12,0.742,1,keep,candidate_hybrid_keep_strong_domain_rule_anchor,12,0.742,보이스피싱;기업은행,금융,,candidate_hybrid,1,0.65,0.35
"신한은행, 착한바람 키트로 '사랑잇는전화 인연' 독거 어르신 여름나기...",상담 업무 전문성을 활용해 보이스피싱 등 금융 사기 피해 예방과 금융 생활을 위한 정보를 안내한다. 일상적인 소통을 통해 노인들 일상과 금융 생활을 함께 살피는 활동으로 지원 범위를 넓혀가고 있다. 신한은행...,http://www.updownnews.co.kr/news/articleView.html?idxno=318391,7,0.6803,1,keep,candidate_hybrid_model_keep_prob_ge_threshold_with_domain_anchor,7,0.6803,보이스피싱,금융,,candidate_hybrid,1,0.65,0.35
"서귀포시축협, 생활고충 해소 지원","이어진 보이스피싱 예방 교육에서는 최근 발생하는 주요 범죄 수법과 실제 피해 사례를 설명하고, 의심스러운 전화나 문자에 대한 대응 방법, 피해 발생 시 신고 및 대처 요령 등을 안내했다. 김용관 조합장은 ""농업인과...",https://www.chukkyung.co.kr/news/articleView.html?idxno=82483,6,0.8238,1,keep,candidate_hybrid_model_keep_prob_ge_threshold_with_domain_anchor,6,0.8238,보이스피싱,,,candidate_hybrid,1,0.65,0.35
"KB스타뱅킹, 실시간 스미싱 탐지 '안티스미싱' 서비스 선봬","한편 KB금융그룹은 경찰청, 신용회복위원회와 함께 보이스피싱 등 전기통신금융사기 피해 예방과 피해자의 조속한 일상 회복을 위한 지원에 나서고 있다. 피해자들이 금융 피해뿐 아니라 심리적 충격까지 회복할 수...",https://www.discoverynews.kr/news/articleView.html?idxno=1098697,7,0.8228,1,keep,candidate_hybrid_model_keep_prob_ge_threshold_with_domain_anchor,7,0.8228,보이스피싱,금융,,candidate_hybrid,1,0.65,0.35
"KB국민은행 'KB스타뱅킹', 실시간 스미싱 탐지 '안티스미싱' 서비스 출시","한편, KB금융그룹(회장 양종희)은 경찰청, 신용회복위원회와 함께 보이스피싱 등 전기통신금융사기 피해 예방과 피해자의 조속한 일상 회복을 위한 지원에 나서고 있다. 피해자들이 금융 피해뿐 아니라 심리적 충격까지...",http://www.techholic.co.kr/news/articleView.html?idxno=222492,7,0.7464,1,keep,candidate_hybrid_model_keep_prob_ge_threshold_with_domain_anchor,7,0.7464,보이스피싱,금융,,candidate_hybrid,1,0.65,0.35
"KB국민은행, KB스타뱅킹에 '안티스미싱' 탑재…악성 링크 실시간 차단","한편 KB금융그룹은 경찰청, 신용회복위원회와 함께 보이스피싱 등 전기통신금융사기 피해 예방과 피해자 지원에 나서고 있다. 특히 피해자들이 금융 피해뿐만 아니라 심리적 충격까지 회복할 수 있도록 전문 심리상담...",http://www.beyondpost.co.kr/view.php?ud=202608141553266381be44c0aacd_30,7,0.7196,1,keep,candidate_hybrid_model_keep_prob_ge_threshold_with_domain_anchor,7,0.7196,보이스피싱,금융,,candidate_hybrid,1,0.65,0.35
"KB국민은행, KB스타뱅킹에 실시간 '안티스미싱' 서비스 탑재...악성 링크...","한편 KB금융그룹은 경찰청, 신용회복위원회와 함께 보이스피싱 등 전기통신금융사기 피해 예방과 피해자의 일상 회복 지원을 추진하고 있다. 피해자들의 심리적 충격 회복을 돕기 위해 전문 심리상담 프로그램 운영...",https://www.joongangenews.com/news/articleView.html?idxno=540243,6,0.6679,1,keep,candidate_hybrid_model_keep_prob_ge_threshold_with_domain_anchor,6,0.6679,보이스피싱,,,candidate_hybrid,1,0.65,0.35
[더밸류 브리핑] 오늘의 신한은행 소식...나라사랑카드·착한바람 키트...,어르신들의 안부를 확인하는 데 그치지 않고 보이스피싱 등 금융사기 피해 예방과 안전한 금융생활을 위한 정보도 함께 안내하고 있다. 고객의 목소리를 듣고 소통하는 상담 업무의 전문성을 활용해 어르신들의 일상과...,http://www.thevaluenews.co.kr/news/view.php?idx=200811,6,0.7137,1,keep,candidate_hybrid_model_keep_prob_ge_threshold_with_domain_anchor,6,0.7137,보이스피싱,,,candidate_hybrid,1,0.65,0.35
"KB국민은행, 문자·메신저 악성 링크 실시간 차단 서비스 도입","이번 서비스는 KB금융그룹이 추진해온 보이스피싱 등 전기통신금융사기 피해 예방 노력의 연장선으로 볼 수 있다. KB금융그룹(회장 양종희)은 경찰청, 신용회복위원회와 협력해 사기 피해자들의 일상 복귀를 지원하는...",https://www.tournews21.com/news/articleView.html?idxno=141060,6,0.66,1,keep,candidate_hybrid_model_keep_prob_ge_threshold_with_domain_anchor,6,0.66,보이스피싱,,,candidate_hybrid,1,0.65,0.35
"KB국민은행, KB스타뱅킹에 실시간 '안티스미싱' 서비스 탑재","한편 KB금융그룹은 경찰청, 신용회복위원회와 함께 보이스피싱 등 전기통신금융사기 피해 예방과 피해자의 일상 회복 지원을 추진하고 있다. 피해자들의 심리적 충격 회복을 돕기 위해 전문 심리상담 프로그램 운영...",https://www.newspim.com/news/view/20260814000880,6,0.7049,1,keep,candidate_hybrid_model_keep_prob_ge_threshold_with_domain_anchor,6,0.7049,보이스피싱,,,candidate_hybrid,1,0.65,0.35
"정부·통신사, 불법스팸 차단 위해 뭉친다···추석 앞서 AI 필터링 강화","명절을 앞두고 택배 배송이나 상품권, 명절 선물 등을 사칭한 문자메시지가 보이스피싱과 스미싱 범죄로 이어질 가능성이 있는 만큼 사전 차단을 강화해 이용자 피해를 줄이겠다는 취지다. 정부는 불법스팸을 단순한...",http://www.enewstoday.co.kr/news/articleView.html?idxno=2459541,6,0.8019,1,keep,candidate_hybrid_model_keep_prob_ge_threshold_with_domain_anchor,6,0.8019,보이스피싱,,,candidate_hybrid,1,0.65,0.35
"KB국민은행, 고객보다 먼저 스미싱 의심한다… '안티스미싱' 서비스 출...","한편 KB금융그룹은 지난 5월 경찰청, 신용회복위원회와 업무협약을 맺고 보이스피싱 등 전기통신금융사기 피해 예방과 피해자의 조속한 일상 회복을 위한 지원에 나서고 있다. 피해자들이 금융 피해뿐 아니라 심리적...",https://www.insnews.co.kr/news/articleView.html?idxno=92314,7,0.6907,1,keep,candidate_hybrid_model_keep_prob_ge_threshold_with_domain_anchor,7,0.6907,보이스피싱,금융,,candidate_hybrid,1,0.65,0.35
고수익 미끼로 투자금 1억원 가로챈 보이스피싱 조직원 검거,"김제경찰서는 사기, 전기통신금융사기 피해 방지 및 피해금 환급에 관한 특별법 위반 등 혐의로 보이스피싱 조직 총책 A(20대)씨와 관리책 B(30대)씨를 구속하고, 유통책과 인출책 등 조직원 4명을 불구속 입건했다고 14일...",https://www.kukinews.com/article/view/kuk202608140118,6,0.9155,1,keep,candidate_hybrid_model_keep_prob_ge_threshold_with_domain_anchor,6,0.9155,보이스피싱,,,candidate_hybrid,1,0.65,0.35
"KB국민은행, 스미싱 잡는 '안티스미싱' 출시...KB스타뱅킹서 악성링크 실...","한편, KB금융그룹은 경찰청, 신용회복위원회와 보이스피싱 등 전기통신금융사기 피해 예방과 피해자의 일상 회복을 위한 지원에 나서고 있다. KB국민은행 관계자는 ""스미싱 수법이 지능화되며 고객이 위험을 판단하기...",http://www.ftoday.co.kr/news/articleView.html?idxno=363657,6,0.6321,1,keep,candidate_hybrid_gray_keep_domain_score_ge_threshold,6,0.6321,보이스피싱,,,candidate_hybrid,1,0.65,0.35
"KB국민은행, 금융권 최초 수준의 '안티스미싱' 서비스","KB금융그룹은 경찰청, 신용회복위원회와 협력해 보이스피싱을 비롯한 전기통신금융사기 예방과 피해자의 신속한 일상 회복을 지원하고 있다. 금융 피해 복구뿐 아니라 사기 피해로 인한 심리적 충격까지 고려해 전문...",https://www.koreaittimes.com/news/articleView.html?idxno=156132,7,0.6984,1,keep,candidate_hybrid_model_keep_prob_ge_threshold_with_domain_anchor,7,0.6984,보이스피싱,금융,,candidate_hybrid,1,0.65,0.35
"정부·통신3사, 불법스팸 대응 점검…추석 앞 차단 강화","남석 과기정통부 통신정책관은 ""불법스팸은 보이스피싱과 스미싱 등 국민의 재산상 피해를 유발하는 민생범죄의 주요 통로""라며 ""무효번호 차단시스템과 해외발 스팸 차단 개선 등을 통해 불법스팸 근절에 노력하겠다...",https://www.digitaltoday.co.kr/news/articleView.html?idxno=693227,6,0.879,1,keep,candidate_hybrid_model_keep_prob_ge_threshold_with_domain_anchor,6,0.879,보이스피싱,,,candidate_hybrid,1,0.65,0.35
"국민은행, KB스타뱅킹에 '안티스미싱' 서비스 탑재","한편, KB금융그룹은 경찰청 등과 협력해 보이스피싱 피해자의 심리상담 재원을 전액 지원하고 있다고 덧붙였다. 최근 은행권에서는 앱 자체에 보안 기능을 고도화해 보이스피싱과 스미싱을 사전에 차단하는 방안에 힘을...",https://www.cnbnews.com/news/articleView.html?idxno=1011646,6,0.7185,1,keep,candidate_hybrid_model_keep_prob_ge_threshold_with_domain_anchor,6,0.7185,보이스피싱,,,candidate_hybrid,1,0.65,0.35
"[금융로드] KB스타뱅킹, 앱 추가 설치 없이 '실시간 스미싱 차단' 켠다","한편, KB금융그룹(회장 양종희)은 경찰청, 신용회복위원회와 협력해 보이스피싱 등 전기통신금융사기 피해 예방과 피해자의 일상 회복 지원에도 나서고 있다. 특히 금융 피해에 더해 정신적 충격을 겪는 피해자들을 위해...",http://www.newsroad.co.kr/news/articleView.html?idxno=62903,7,0.8375,1,keep,candidate_hybrid_model_keep_prob_ge_threshold_with_domain_anchor,7,0.8375,보이스피싱,금융,,candidate_hybrid,1,0.65,0.35
"경북신보, 보이스핑싱 피해 예방교육 '2회→ 6회' 확대","2차 교육은 경북경찰청 소속 강사가 맡아 스미싱·보이스피싱 실제 피해사례와 주요 수법, 피해 발생 시 대처 방안 등을 중심으로 2시간 동안 진행됐다. 앞서 경북신보는 지난 4월 2일 경북경찰청, 금융감독원 대구경북지원...",https://www.hidomin.com/news/articleView.html?idxno=717292,12,0.8687,1,keep,candidate_hybrid_keep_strong_domain_rule_anchor,12,0.8687,금융감독원;보이스피싱,,,candidate_hybrid,1,0.65,0.35
안드로이드폰 주의보…동유럽서 비접촉 결제 허점 노린 공격 발견,"이번 공격을 두고 업계는 기존 보이스피싱보다 더 정교해졌다고 보는 분위기다. 피해자는 은행 직원과 통화한다고 믿고 지시에 따르며, 은행 입장에서는 실제 카드와 정상 단말 간 거래처럼 보일 수 있어 탐지가 쉽지...",https://www.digitaltoday.co.kr/news/articleView.html?idxno=693243,9,0.7948,1,keep,candidate_hybrid_keep_strong_domain_rule_anchor,9,0.7948,은행;보이스피싱,,,candidate_hybrid,1,0.65,0.35
"미 유학생, 재입국 시 성적표 지참 필수...""석사 두 번 안 돼요""","영사관 측은 최근 유학생들을 상대로 ""비자나 체류에 문제가 생겼다""며 접근해 개인정보와 돈을 요구하는 보이스피싱 범죄도 기승을 부리고 있다며 피해 예방을 거듭 당부했습니다.",https://www.ytn.co.kr/_ln/0104_202608141450289586,6,0.7914,1,keep,candidate_hybrid_model_keep_prob_ge_threshold_with_domain_anchor,6,0.7914,보이스피싱,,,candidate_hybrid,1,0.65,0.35
"""고수익 보장"" 미끼로 1억.. 투자사기 일당 검거",투자리딩방을 사칭해 피해자들로부터 1억 원 상당을 가로챈 보이스피싱 조직 일당이 경찰에 붙잡혔습니다. 김제경찰서는 사기와 통신사기피해환급법 위반 혐의로 총책인 20대 A 씨와 관리책인 30대 B 씨를 구속하고...,http://www.jmbc.co.kr/news/view/67074,6,0.8243,1,keep,candidate_hybrid_model_keep_prob_ge_threshold_with_domain_anchor,6,0.8243,보이스피싱,,,candidate_hybrid,1,0.65,0.35
"KB국민은행, KB스타뱅킹에 '안티스미싱' 도입... 악성 링크 실시간 탐지","한편 KB금융그룹은 경찰청, 신용회복위원회와 함께 보이스피싱 등 전기통신금융사기 피해 예방과 피해자의 일상 회복을 지원하고 있다. 금융사기 피해자의 심리적 회복을 위한 전문 상담 프로그램 운영 재원도 지원하고...",http://www.thefirstmedia.net/news/articleView.html?idxno=206167,6,0.7191,1,keep,candidate_hybrid_model_keep_prob_ge_threshold_with_domain_anchor,6,0.7191,보이스피싱,,,candidate_hybrid,1,0.65,0.35
"신한은행, 독거 어르신 113명에 '착한바람 키트'... 직원 나눔으로 지원...","상담사들은 어르신들의 말벗이 되는 동시에 보이스피싱 등 금융사기 피해를 예방하고 안전하게 금융 서비스를 이용할 수 있도록 관련 정보를 안내하고 있다. 신한은행 고객상담센터 관계자는 ""오랜 기간 전화로 인연을...",http://www.thefirstmedia.net/news/articleView.html?idxno=206143,7,0.6957,1,keep,candidate_hybrid_model_keep_prob_ge_threshold_with_domain_anchor,7,0.6957,보이스피싱,금융,,candidate_hybrid,1,0.65,0.35
"KB국민은행, 별도 앱 없이 스미싱 위험 실시간 확인","한편, KB금융그룹은 경찰청, 신용회복위원회와 함께 보이스피싱 등 전기통신금융사기 피해 예방과 피해자의 일상 회복을 지원하고 있다. 피해자의 금융 피해뿐 아니라 심리적 회복을 돕기 위한 전문 심리상담...",https://www.thereport.co.kr/news/articleView.html?idxno=90456,7,0.7086,1,keep,candidate_hybrid_model_keep_prob_ge_threshold_with_domain_anchor,7,0.7086,보이스피싱,금융,,candidate_hybrid,1,0.65,0.35
"""체류연장·재입국 까다로워진다""…미 유학생 주의사항 살펴보니","이날 행사에는 이승용 경찰영사도 동석해 유학생 등을 상대로 보이스피싱 사건이 기승을 부리고 있다며... 젊은 분들이 피해를 보는 사례가 있다""고 경고했습니다. (사진=주LA총영사관 비자 설명회 웨비나 갈무리, 연합뉴스)",https://news.sbs.co.kr/news/endPage.do?news_id=N1008705731&plink=ORI&cooper=NAVER,6,0.685,1,keep,candidate_hybrid_model_keep_prob_ge_threshold_with_domain_anchor,6,0.685,보이스피싱,,,candidate_hybrid,1,0.65,0.35
"""유학생 미국 재입국 때 성적표 지참해야 안전…석사 두 번 안돼""","이날 행사에는 이승용 경찰영사도 동석해 유학생 등을 상대로 보이스피싱 사건이 기승을 부리고 있다며... 젊은 분들이 피해를 보는 사례가 있다""고 경고했습니다. (사진=주 LA총영사관 비자 설명회 웨비나 갈무리, 연합뉴스)",https://news.sbs.co.kr/news/endPage.do?news_id=N1008705679&plink=ORI&cooper=NAVER,6,0.666,1,keep,candidate_hybrid_model_keep_prob_ge_threshold_with_domain_anchor,6,0.666,보이스피싱,,,candidate_hybrid,1,0.65,0.35
돈 가로챈 수거책 감금했다 범행 발각…보이스피싱 조직 덜미,"이들의 텔레그램 대화방에서 확인된 보이스피싱 피해금은 약 1억 원으로, 경찰은 이를 근거로 더 많은 피해자가 있을 것으로 보고 수사하고 있습니다. #보이스피싱 #일당 #구속",http://www.yonhapnewstv.co.kr/news/AKR20260814143214WKU,6,0.9227,1,keep,candidate_hybrid_model_keep_prob_ge_threshold_with_domain_anchor,6,0.9227,보이스피싱,,,candidate_hybrid,1,0.65,0.35
"신한은행, 독거 어르신에 '착한바람 키트' 전달·'신한 SOL레미오' 연주...",특히 어르신들의 안부를 확인하는 데 그치지 않고 보이스피싱 등 금융사기 피해 예방과 안전한 금융생활을 위한 정보도 함께 안내하고 있다. 고객의 목소리를 듣고 소통하는 상담 업무의 전문성을 활용해 어르신들의...,http://www.wsobi.com/news/articleView.html?idxno=316533,6,0.7309,1,keep,candidate_hybrid_model_keep_prob_ge_threshold_with_domain_anchor,6,0.7309,보이스피싱,,,candidate_hybrid,1,0.65,0.35
'금 거래 투자' 미끼...보이스피싱 6명 검거,"조사 결과, 이들은 지난 2월부터 금 거래 투자로 수익을 보장하겠다고 속여 피해자 3명에게서 2천만 원을 가로챈 것으로 드러났습니다. 경찰은 텔레그램 대화방에서 전체 약 1억 원의 피해 정황을 확인하고 추가 피해자를...",https://www.ytn.co.kr/_ln/0115_202608141429506191,6,0.8676,1,keep,candidate_hybrid_model_keep_prob_ge_threshold_with_domain_anchor,6,0.8676,보이스피싱,,,candidate_hybrid,1,0.65,0.35
"""금융사기 예방수칙 전수""…iM금융, 시니어 금융교육","또한 최근 증가하고 있는 딥보이스피싱, 큐싱 등 신종 금융사기의 피해사례 공유를 통해 금융사기에 대한 경각심을 높이고 변화하는 금융사기 수법에 대한 이해를 높였다. 특히 iM사회공헌재단에서 개발한 실시간...",https://www.joongangenews.com/news/articleView.html?idxno=540184,6,0.8218,1,keep,candidate_hybrid_model_keep_prob_ge_threshold_with_domain_anchor,6,0.8218,보이스피싱,,,candidate_hybrid,1,0.65,0.35
'고수익 보장' 투자금 가로챈 사기 일당 구속,"전북 김제경찰서는 투자리딩방을 사칭해 비상장 주식 구매 대금 명목 등으로 1억 원 상당을 편취한 보이스피싱 조직원 6명을 검거하고, 이 가운데 국내 총책 20대 남성 등 2명을 구속했습니다. 이들은 피해자들에게 SNS로...",https://news.skbroadband.com/news/articleView.html?idxno=235090,4,0.7569,0,drop,candidate_hybrid_drop_negative_signal,4,0.7569,보이스피싱,주식,sns,candidate_hybrid,1,0.65,0.35
1억 편취 보이스피싱 조직 검거,"김제경찰서는 사기, 전기통신금융사기 피해 방지 및 피해금 환급에 관한 특별법 위반 등 혐의로 보이스피싱 조직 총책 A씨(20대)와 관리책 B씨(30대)를 구속해 조사 중이라고 14일 밝혔다. 또 대포통장을 모집하고 관리한...",http://www.jeollailbo.com/news/articleView.html?idxno=808207,6,0.9335,1,keep,candidate_hybrid_model_keep_prob_ge_threshold_with_domain_anchor,6,0.9335,보이스피싱,,,candidate_hybrid,1,0.65,0.35
"신한은행, 홀몸 어르신 113명에 '착한바람 키트' 전달",보이스피싱 등 금융사기 피해 예방과 안전한 금융 생활을 위한 정보도 안내하고 있다. 상담 업무의 전문성을 활용해 어르신들의 일상과 금융 생활을 살피는 방식으로 지원 범위를 넓혀가고 있다. 신한은행...,https://www.thereport.co.kr/news/articleView.html?idxno=90454,7,0.7772,1,keep,candidate_hybrid_model_keep_prob_ge_threshold_with_domain_anchor,7,0.7772,보이스피싱,금융,,candidate_hybrid,1,0.65,0.35
"""유학생 美재입국 때 성적표 지참해야 안전…석사 두번 안돼""","이날 행사에는 이승용 경찰영사도 동석해 유학생 등을 상대로 보이스피싱 사건이 기승을 부리고 있다며... 한다""며 ""유학생들도 제법 전화를 받고 있고 20∼30대 젊은 분들이 피해를 보는 사례가 있다""고 경고했다.",https://www.yna.co.kr/view/AKR20260814080000075?input=1195m,6,0.6527,1,keep,candidate_hybrid_model_keep_prob_ge_threshold_with_domain_anchor,6,0.6527,보이스피싱,,,candidate_hybrid,1,0.65,0.35
"불법 스팸 차단 더 고삐 죈다...정부·통신3사, 스팸 차단 강화하기로","남석 과기정통부 통신정책관은 ""불법스팸은 단순한 이용자 불편을 넘어 보이스피싱, 스미싱 등 국민의 재산상 피해를 유발하는 심각한 민생범죄의 주요 통로인 만큼, 민관이 합심하여 근본적인 발생 원인을 차단하는...",https://www.tjb.co.kr/news05/bodo/view/id/102425,6,0.8067,1,keep,candidate_hybrid_model_keep_prob_ge_threshold_with_domain_anchor,6,0.8067,보이스피싱,,,candidate_hybrid,1,0.65,0.35
추석 앞두고 불법스팸 차단 강화…정부·통신사 공동 대응,"남석 과기정통부 통신정책관은 “불법스팸은 단순한 이용자 불편을 넘어 보이스피싱, 스미싱 등 국민의 재산상 피해를 유발하는 심각한 민생범죄의 주요 통로”라며 “무효번호 차단시스템과 해외발 스팸차단 개선조치...",https://www.edaily.co.kr/news/newspath.asp?newsid=05021686645547320,6,0.8675,1,keep,candidate_hybrid_model_keep_prob_ge_threshold_with_domain_anchor,6,0.8675,보이스피싱,,,candidate_hybrid,1,0.65,0.35
"신한은행, 독거 어르신에 '착한바람 키트' 전달…여름나기 지원","특히, 단순한 안부 확인에 그치지 않고 어르신들이 보이스피싱 등 금융사기 피해를 당하지 않도록 사전 예방과 안전한 금융 생활을 영위할 수 있도록 관련 정보 또한 꾸준히 안내하고 있다. 신한은행 고객상담센터는 상담...",http://www.efnews.co.kr/news/articleView.html?idxno=131610,7,0.7794,1,keep,candidate_hybrid_model_keep_prob_ge_threshold_with_domain_anchor,7,0.7794,보이스피싱,금융,,candidate_hybrid,1,0.65,0.35
“고수익 미끼로 1억원 가로채”… 투자리딩방 사기 조직 6명 검거,경찰은 또 범죄수익의 흐름을 추적해 피해금 회수와 범죄수익 환수를 위한 조치를 진행하는 한편 추가 피해와 공범 여부에 대해서도 수사를 이어가고 있다. 허성수 김제경찰서장은 “보이스피싱 범죄는 총책부터 관리책...,https://www.segye.com/newsView/20260814511759?OutUrl=naver,6,0.8068,1,keep,candidate_hybrid_model_keep_prob_ge_threshold_with_domain_anchor,6,0.8068,보이스피싱,,,candidate_hybrid,1,0.65,0.35
"정부, 9월 추석 연휴 앞두고 통신3사 등과 불법스팸 대응 현황 점검","남석 과기정통부 통신정책관은 “불법스팸은 단순한 이용자 불편을 넘어 보이스피싱, 스미싱 등 국민의 재산상 피해를 유발하는 심각한 민생범죄의 주요 통로인 만큼, 민관이 합심하여 근본적인 발생 원인을 차단하는...",https://www.etoday.co.kr/news/view/2614566,6,0.8407,1,keep,candidate_hybrid_model_keep_prob_ge_threshold_with_domain_anchor,6,0.8407,보이스피싱,,,candidate_hybrid,1,0.65,0.35
"제주녹색소비자연대, 세화3리 경로당 소비자 교육 실시","어르신 피해예방 소비자교육을 진행했다. 이날 교육에서는 공짜폰 알뜰폰 구입 시 주의사항, 홍보관에서 물품 구매 시 주의사항, 제품 반품 방법(내용증명), 금융사기(보이스피싱, 스미싱), 상조서비스 가입 시 주의할 점...",https://www.mediajeju.com/news/articleView.html?idxno=365718,6,0.7852,1,keep,candidate_hybrid_model_keep_prob_ge_threshold_with_domain_anchor,6,0.7852,보이스피싱,,,candidate_hybrid,1,0.65,0.35
"신한은행, 독거 어르신에 '착한바람 키트' 전달…지원 대상 2배 확대","보이스피싱 등 금융사기 피해 예방과 안전한 금융생활을 위한 정보도 안내한다. 신한은행 고객상담센터 관계자는 ""오랜 기간 전화로 인연을 이어온 어르신들에게 직원들의 마음을 함께 전할 수 있어 뜻깊다""며 ""앞으로도...",https://www.ezyeconomy.com/news/articleView.html?idxno=238744,6,0.687,1,keep,candidate_hybrid_model_keep_prob_ge_threshold_with_domain_anchor,6,0.687,보이스피싱,,,candidate_hybrid,1,0.65,0.35
"방미통위·과기부, 1년 반 넘게 '스팸 대책 점검'…'매출 6% 과징금' 효과...","박성훈 국민의힘 의원이 이달 금융감독원으로부터 제출받은 자료에 따르면, 연간 보이스피싱 피해액은 2022년 1451억원, 2023년 1965억원, 2024년 3801억원, 2025년 8255억원까지 증가했다. 올해 1분기에도 2259억원의 피해가...",https://www.newsworks.co.kr/news/articleView.html?idxno=850370,15,0.7548,1,keep,candidate_hybrid_keep_strong_domain_rule_anchor,15,0.7548,금융감독원;과징금;보이스피싱,,,candidate_hybrid,1,0.65,0.35
추석 노린 불법스팸 막는다…정부·통신사업자 예방에 총력,"남석 과기정통부 통신정책관은 ""불법스팸은 단순한 이용자 불편을 넘어 보이스피싱, 스미싱 등 국민의 재산상 피해를 유발하는 심각한 민생범죄의 주요 통로인 만큼, 민관이 합심하여 근본적인 발생 원인을 차단하는 것이...",https://www.news1.kr/it-science/security-hacking/6258980,6,0.8089,1,keep,candidate_hybrid_model_keep_prob_ge_threshold_with_domain_anchor,6,0.8089,보이스피싱,,,candidate_hybrid,1,0.65,0.35
가짜 투자사이트로 1억원 편취한 보이스피싱 총책 등 6명 검거,가짜 투자사이트로 1억원을 가로챈 보이스피싱 조직이 경찰에 붙잡혔다. 전북 김제경찰서는 사기와... A씨 등은 역할을 나눠 13차례에 걸쳐 피해자들로부터 1억원 상당을 가로챈 혐의를 받고 있다. 이들은 카카오톡...,https://www.pressian.com/pages/articles/2026081413333540257?utm_source=naver&utm_medium=search,6,0.8542,1,keep,candidate_hybrid_model_keep_prob_ge_threshold_with_domain_anchor,6,0.8542,보이스피싱,,,candidate_hybrid,1,0.65,0.35
'수거책 납치·감금' 보이스피싱 조직 6명 덜미…총책 등 2명 구속,"경찰 수사는 지난 3월 수거책이 보이스피싱 피해금을 중간에서 가로채자 이를 문제 삼은 관리책 등 조직원 3명이 수거책을 납치하고 감금하면서 시작됐고, 조직원들의 SNS 대화방에서는 약 1억 원 규모의 보이스피싱...",https://news.tvchosun.com/site/data/html_dir/2026/08/14/2026081490145.html,5,0.912,1,keep,candidate_hybrid_keep_strong_finance_anchor_neg_cap,5,0.912,보이스피싱,,sns,candidate_hybrid,1,0.65,0.35
[금융계 동향] KB금융그룹·한국투자금융그룹·신한은행,신한은행은 안부 확인과 함께 보이스피싱 등 금융사기 피해 예방과 안전한 금융생활을 위한 정보도 제공하고 있다. 고객상담 업무의 전문성을 활용해 독거 어르신의 일상과 금융생활을 함께 지원하고 임직원이...,http://www.iminju.net/news/articleView.html?idxno=168098,6,0.6789,1,keep,candidate_hybrid_model_keep_prob_ge_threshold_with_domain_anchor,6,0.6789,보이스피싱,,,candidate_hybrid,1,0.65,0.35
"우유팩이 피싱 예방 안내판…서울우유, 일상 속 금융범죄 예방 캠페인 ...",| 이코노미사이언스 김연옥 기자 | 보이스피싱과 스미싱 등 금융범죄가 일상생활 속에서 지속적으로... 피싱 범죄의 경우 피해자가 범죄 수법을 사전에 인지하고 의심스러운 전화나 메시지에 대응하는 것이 중요한 만큼...,https://www.e-science.co.kr/news/articleView.html?idxno=133576,6,0.807,1,keep,candidate_hybrid_model_keep_prob_ge_threshold_with_domain_anchor,6,0.807,보이스피싱,,,candidate_hybrid,1,0.65,0.35
"iM사회공헌재단, 딥보이스피싱·큐싱 예방 시니어 교육","최근 늘어나는 딥보이스피싱, 큐싱 등 신종 금융사기 피해사례도 함께 공유해 경각심을 높였다. iM금융그룹 iM사회공헌재단은 지난 10일부터 13일까지 대구광역시 북구에 위치한 iM뱅크 제2본점에서 지역 어르신 700여명을...",http://www.finomy.com/news/articleView.html?idxno=259242,6,0.8553,1,keep,candidate_hybrid_model_keep_prob_ge_threshold_with_domain_anchor,6,0.8553,보이스피싱,,,candidate_hybrid,1,0.65,0.35
"iM금융그룹, 지역 어르신 대상 '찾아가는 금융교육' 진행","특히 딥보이스피싱, 큐싱 등 신종 금융사기의 피해 사례를 공유해 사기 수법에 대한 이해를 돕도록 구성했다. 아울러 iM사회공헌재단이 개발한 실시간 금융교육 앱 'iM행복금융교실'을 활용한 체험형 디지털 금융교육도...",http://www.newsdream.kr/news/articleView.html?idxno=116314,6,0.7595,1,keep,candidate_hybrid_model_keep_prob_ge_threshold_with_domain_anchor,6,0.7595,보이스피싱,,,candidate_hybrid,1,0.65,0.35
'수거책 납치·감금' 보이스피싱 조직 6명 덜미,"이들의 텔레그램 대화방에서 확인된 보이스피싱 피해금은 약 1억원으로, 경찰은 이를 근거로 더 많은 피해자가 있을 것으로 보고 수사를 이어가고 있다. 경찰은 하위 조직원 4명에 대한 구속영장 신청도 검토하고 있다....",https://www.yna.co.kr/view/AKR20260814078200055?input=1195m,6,0.8998,1,keep,candidate_hybrid_model_keep_prob_ge_threshold_with_domain_anchor,6,0.8998,보이스피싱,,,candidate_hybrid,1,0.65,0.35
"순천농협, 보이스피싱 신속 대응으로 고객 재산 보호 '앞장'","이번 보이스피싱 차단으로 금당지점은 관할 경찰서로부터 공로를 인정받아 경찰 감사장을 받았다. 현장에서 피해를 막아낸 김현주 대리는 ""어르신이 고액 인출을 서두르시는 모습을 보고, 본점에서 주기적으로 실시한...",http://www.youngnong.co.kr/news/articleView.html?idxno=61592,6,0.8884,1,keep,candidate_hybrid_model_keep_prob_ge_threshold_with_domain_anchor,6,0.8884,보이스피싱,,,candidate_hybrid,1,0.65,0.35
"신한은행, 독거 어르신 113명에 '착한바람 키트' 지원",안부 확인과 함께 보이스피싱 등 금융사기 피해를 예방하기 위한 정보를 안내하고 안전한 금융생활에 필요한 내용도 전달한다. 신한은행은 상담사의 고객 소통 경험을 활용해 독거 어르신의 일상뿐 아니라 금융생활까지...,http://www.finomy.com/news/articleView.html?idxno=259240,6,0.6996,1,keep,candidate_hybrid_model_keep_prob_ge_threshold_with_domain_anchor,6,0.6996,보이스피싱,,,candidate_hybrid,1,0.65,0.35
"[경제소식] 대신증권, 주식대여서비스 신규 고객 이벤트",단순한 안부 확인을 넘어 보이스피싱 등 금융사기 피해 예방과 안전한 금융생활을 위한 정보도 함께 제공하고 있다. 신한은행은 고객의 목소리를 듣고 소통하는 상담 업무의 전문성을 활용해 독거 어르신들의 일상과...,http://www.4th.kr/news/articleView.html?idxno=2116376,6,0.7593,1,keep,candidate_hybrid_model_keep_prob_ge_threshold_with_domain_anchor,6,0.7593,보이스피싱,,,candidate_hybrid,1,0.65,0.35
"신한은행, '착한바람 키트'로 독거 어르신 여름나기 지원",특히 어르신들의 안부를 확인하는 데 그치지 않고 보이스피싱 등 금융사기 피해 예방과 안전한 금융생활을 위한 정보도 함께 안내하고 있다. 고객의 목소리를 듣고 소통하는 상담 업무의 전문성을 활용해 어르신들의...,https://www.newsfreezone.co.kr/news/articleView.html?idxno=704085,6,0.7436,1,keep,candidate_hybrid_model_keep_prob_ge_threshold_with_domain_anchor,6,0.7436,보이스피싱,,,candidate_hybrid,1,0.65,0.35
"신한은행, 독거 어르신 위한 ‘착한바람 키트’ 전달… 지원 2배 확대",신한은행 고객상담센터는 어르신들의 안부를 확인하는 데 그치지 않고 보이스피싱 등 금융사기 피해 예방과 안전한 금융생활을 위한 정보도 함께 안내하고 있다. 신한은행 고객상담센터 관계자는 “오랜 기간 전화로...,https://www.m-economynews.com/news/article.html?no=69752,6,0.6919,1,keep,candidate_hybrid_model_keep_prob_ge_threshold_with_domain_anchor,6,0.6919,보이스피싱,,,candidate_hybrid,1,0.65,0.35
"[함께가자 우리ESG] 신한은행, 독거 어르신 '착한바람 키트' 지원…대상...",단순한 안부 확인을 넘어 보이스피싱 등 금융사기 피해를 예방하고 안전한 금융생활에 필요한 정보도 함께 제공하고 있다. 상담 업무의 전문성을 사회공헌에 접목해 어르신들의 일상과 금융생활을 동시에 살피는...,http://www.newslock.co.kr/news/articleView.html?idxno=134388,6,0.7348,1,keep,candidate_hybrid_model_keep_prob_ge_threshold_with_domain_anchor,6,0.7348,보이스피싱,,,candidate_hybrid,1,0.65,0.35
"신한은행, 독거 어르신들에 '착한바람 키트' 지원",전화 통화를 통해 어르신들의 일상적인 안부를 살피면서 보이스피싱 등 금융사기 피해를 예방하기 위한 정보도 전달하고 있다. 신한은행은 고객상담센터가 가진 '소통' 역량을 사회공헌에 접목했다. 금융 상담을 통해...,https://www.koreaittimes.com/news/articleView.html?idxno=156121,7,0.7155,1,keep,candidate_hybrid_model_keep_prob_ge_threshold_with_domain_anchor,7,0.7155,보이스피싱,금융,,candidate_hybrid,1,0.65,0.35
"경북신보, 소상공인 대상 '금융사기 예방교육' 운영","강사는 최근 기승을 부리는 스미싱 및 보이스피싱의 실제 피해 사례, 주요 범죄 수법, 그리고 불행히도 피해가 발생했을 때 즉각 취해야 할 골든타임 대처 방안 등을 중심으로 약 2시간 동안 열띤 강의를 펼쳤다. 앞서...",https://www.cnbnews.com/news/articleView.html?idxno=1011574,6,0.7421,1,keep,candidate_hybrid_model_keep_prob_ge_threshold_with_domain_anchor,6,0.7421,보이스피싱,,,candidate_hybrid,1,0.65,0.35
"신한은행, 독거 어르신 여름나기 위한 '착한바람 키트' 전달","특히 단순한 안부 확인을 넘어 보이스피싱 등 금융사기 피해 예방과 안전한 금융생활 안내까지 함께 제공하며, 상담 업무의 전문성을 활용해 어르신들의 일상과 금융생활을 함께 살피는 활동으로 발전시켜 왔다. 신한은행...",http://www.queen.co.kr/news/articleView.html?idxno=461749,6,0.7521,1,keep,candidate_hybrid_model_keep_prob_ge_threshold_with_domain_anchor,6,0.7521,보이스피싱,,,candidate_hybrid,1,0.65,0.35
[금융권 소식] 신한은행ㆍ하나은행ㆍMG새마을금고(8.14),"상담 과정에서는 보이스피싱 등 금융사기 피해 예방과 안전한 금융생활을 위한 정보도 함께 제공하고 있다. 신한은행 관계자는 ""오랜 기간 전화로 인연을 이어온 어르신들에게 직원들의 마음을 전할 수 있어 뜻깊다""며...",http://www.weeklytoday.com/news/articleView.html?idxno=790340,10,0.7396,1,keep,candidate_hybrid_keep_strong_domain_rule_anchor,10,0.7396,새마을금고;보이스피싱,,,candidate_hybrid,1,0.65,0.35
"신한은행, 독거 어르신 '착한바람 키트' 전달",상담 업무의 전문성을 활용해 보이스피싱 등 금융사기 피해 예방 정보를 안내하며 고령층의 금융 안전망 역할을 수행한다. 일상적인 소통을 통해 어르신들이 겪을 수 있는 실질적인 위험을 사전에 차단하는 방식이다....,https://www.businesskorea.co.kr/news/articleView.html?idxno=274818,7,0.7209,1,keep,candidate_hybrid_model_keep_prob_ge_threshold_with_domain_anchor,7,0.7209,보이스피싱,금융,,candidate_hybrid,1,0.65,0.35
[주목! e금융] 신한·우리은행·KB국민·카카오뱅크...디지털 편의·상생...,상담사들은 말벗 역할과 함께 보이스피싱 등 금융사기 피해를 예방하기 위한 정보도 안내한다. 이번 지원은 고객의 목소리를 듣는 상담 업무의 전문성을 일상 돌봄과 금융 안전 지원으로 확장한 사회공헌 활동이다....,http://www.kdfnews.com/news/articleView.html?idxno=186576,7,0.5669,1,keep,candidate_hybrid_gray_keep_domain_score_ge_threshold,7,0.5669,보이스피싱,금융,,candidate_hybrid,1,0.65,0.35
"""15년 말벗 인연, 폭염도 뚫었다""… 신한은행, 독거 어르신에 '착한바람...",상담사들은 단순히 안부를 묻는 수준에 그치지 않고 고객 소통 전문성을 살려 어르신 대상 보이스피싱 등 금융사기 피해 예방 정보를 정기적으로 제공하고 있다. 어르신들의 일상 안녕은 물론 안전한 금융생활까지 살피는...,http://www.dailysmart.co.kr/news/articleView.html?idxno=128276,6,0.7483,1,keep,candidate_hybrid_model_keep_prob_ge_threshold_with_domain_anchor,6,0.7483,보이스피싱,,,candidate_hybrid,1,0.65,0.35
"서울우유, '피싱 예방' QR 담은 우유팩 전국 유통",피싱 범죄에 대한 범정부 대응이 강화되면서 올해 들어 피해 지표는 감소하고 있다. 경찰청에 따르면 올해 1~4월 보이스피싱 발생 건수는 4739건으로 지난해 같은 기간 8268건보다 43% 감소했다. 같은 기간 피해액은...,http://www.finomy.com/news/articleView.html?idxno=259221,6,0.8594,1,keep,candidate_hybrid_model_keep_prob_ge_threshold_with_domain_anchor,6,0.8594,보이스피싱,,,candidate_hybrid,1,0.65,0.35
"""예금정보 노출됐다""...순천농협 금당지점, 검찰 사칭 보이스피싱 막아","사진=순천농협 제공  순천농협 금당지점이 검찰을 사칭한 보이스피싱에 속아 거액의 현금 인출을 시도하던... 필수적""이라며 ""경찰과 행정복지센터, 지역사회가 신속하게 협력한 덕분에 피해를 막을 수 있었다""고 말했다.",https://daily.hankooki.com/news/articleView.html?idxno=1395961,6,0.8351,1,keep,candidate_hybrid_model_keep_prob_ge_threshold_with_domain_anchor,6,0.8351,보이스피싱,,,candidate_hybrid,1,0.65,0.35
"""교묘해진 스미싱·보이스피싱 차단""···경북신용보증재단, 자영업자...","최근 문자 사기(스미싱)와 전화 금융사기(보이스피싱) 등 자영업자를 노린 범죄 수법이 갈수록 첨단화·지능화되는 가운데, 지역 영세 상인들의 피해를 사전에 차단하기 위한 현장 밀착형 교육이 열렸다. 경북신용보증재단...",http://www.newsprime.co.kr/news/article.html?no=743865,6,0.8179,1,keep,candidate_hybrid_model_keep_prob_ge_threshold_with_domain_anchor,6,0.8179,보이스피싱,,,candidate_hybrid,1,0.65,0.35
"순천농협 금당지점, 보이스피싱 의심 고액인출 차단… 2000만 원 피해예...","순천농협(조합장 최남휴) 금당지점이 검찰을 사칭한 보이스피싱에 속아 현금 인출을 시도하던 고령 고객의... 필수적이다""며 ""경찰과 행정복지센터, 지역사회가 신속하게 협력한 덕분에 피해를 막을 수 있었다""고 전했다.",https://www.aflnews.co.kr/news/articleView.html?idxno=326365,6,0.8468,1,keep,candidate_hybrid_model_keep_prob_ge_threshold_with_domain_anchor,6,0.8468,보이스피싱,,,candidate_hybrid,1,0.65,0.35
"보이스피싱만 하는 줄 알았더니…가짜 검사는 ""알몸 찍어라""","태국 방콕에 콜센터를 차려두고 국내 피해자에게 보이스피싱 범행을 저지른 조직원입니다. ▶ 인터뷰 : 태국 경찰 - ""어지럽지? 골목으로 도망치느라 힘들었지. 앉아, 바닥에 앉아."" 보이스피싱 범행은 총책 아래 금감원...",http://www.mbn.co.kr/pages/news/newsView.php?news_seq_no=5212415,12,0.9039,1,keep,candidate_hybrid_keep_strong_domain_rule_anchor,12,0.9039,금감원;보이스피싱,,,candidate_hybrid,1,0.65,0.35
"허영지, 친언니 허송연과 현실 자매 싸움 공개…""방금도 다투고 들어왔...","SNS나 통화 등을 통해 확보한 음성을 바탕으로 가족의 목소리를 모방해 보이스피싱이나 아동 유인 등에... 그는 강호순에 대해 ""범죄자라고는 믿기 어려울 정도로 평범한 인상이었다""고 회상하며, 피해자들에게 친근하게...",https://www.stardailynews.co.kr/news/articleView.html?idxno=546002,3,0.595,0,drop,candidate_hybrid_drop_negative_signal,3,0.595,보이스피싱,,sns,candidate_hybrid,1,0.65,0.35
"서울우유·파주경찰서, 우유 포장 활용 피싱 범죄 예방 나선다",최근 보이스피싱을 비롯한 금융범죄 수법이 다양해지면서 피해 예방을 위한 정보 전달의 중요성도 커지고 있다. 이번 협력은 기업의 유통망과 경찰의 범죄 예방 콘텐츠를 결합해 관련 정보를 시민들에게 전달한다는 데...,https://www.thefairnews.co.kr/news/articleView.html?idxno=85042,6,0.8422,1,keep,candidate_hybrid_model_keep_prob_ge_threshold_with_domain_anchor,6,0.8422,보이스피싱,,,candidate_hybrid,1,0.65,0.35
20일 금감원 AI 가상자산 감시 자동화 발표,"금감원은 17일 금융권 기후 리스크 관리 관련 국제 컨퍼런스 개최 예정 자료, 18일 2027년도 신입 종합직원 5급 95명 채용 예정 자료를 낸다. 금감원은 21일에는 2026년 6월 말 국내은행 원화대출 연체율 현황과 7월 외국인...",https://www.tokenpost.kr/news/policy/391245,14,0.8246,1,keep,candidate_hybrid_keep_strong_domain_rule_anchor,14,0.8246,금감원;연체율;가상자산,,,candidate_hybrid,1,0.65,0.35
[다음주 한국은행 및 금융위·금감원 일정],위원장 금융권 공동채용 박람회(동대문디자인플라자) ▲15:00 위원장 금융중심지 추진위원회... 6월말 국내은행의 원화대출 연체율 현황(잠정)(석간) ※2026년 7월 외국인 증권투자 동향(석간) (서울...,https://news.einfomax.co.kr/news/articleView.html?idxno=4430318,21,0.8857,1,keep,candidate_hybrid_keep_strong_domain_rule_anchor,21,0.8857,금감원;금융위;한국은행;연체율,,,candidate_hybrid,1,0.65,0.35
"정부, 가계대출 총량 확대…보험사, 주담대 다시 움직일까",정부가 부동산시장 안정을 위해 금융권의 올해 가계대출 관리목표를 기존 1.5%에서 3%로 상향하면서... 가계대출 연체율도 0.87%로 전분기보다 0.03%포인트 상승했다. 결국 이번 대책의 보험업권 영향은 '대출 확대' 자체보다...,http://www.fins.co.kr/news/articleView.html?idxno=109641,4,0.2249,0,drop,candidate_hybrid_model_drop_prob_le_threshold,4,0.2249,보험사,대출,,candidate_hybrid,1,0.65,0.35
다음주 금융당국 일정,"◇주간 행사 일정 △17일(월) - △18일(화) -금융위원장, 금융권 공동채용 박람회(09:10) -금융위원장... 6월말 국내은행의 원화대출 연체율 현황(잠정)(06:00) -2026년 7월 외국인 증권투자 동향(06:00)",https://www.edaily.co.kr/news/newspath.asp?newsid=01781046645547648,10,0.7444,1,keep,candidate_hybrid_keep_strong_domain_rule_anchor,10,0.7444,금융위;연체율,,,candidate_hybrid,1,0.65,0.35
"가계대출 총량 규제 완화에 은행권 '속웃음', '이자수익 확대' '건전성 ...",14일 금융권에 따르면 금융당국의 가계대출 총량 규제 완화로 은행권은 그동안 제약을 받았던 대출 영업을... 최근 은행들은 기업대출 중심의 성장 전략을 추진하면서 연체율 등 자산건전성 관리 부담이 커졌다. 이 같은...,https://www.businesspost.co.kr/BP?command=article_view&num=444819,11,0.4211,1,keep,candidate_hybrid_keep_strong_domain_rule_anchor,11,0.4211,은행권;연체율,대출;건전성,,candidate_hybrid,1,0.65,0.35
PF 살리기 나선 정부···2금융권은 '돈줄' 풀려도 관망,전 금융권 PF 익스포저는 올해 3월 말 기준 169조8000억원까지 감소했지만 저축은행·여신전문금융회사·상호금융의 토지담보대출 연체율은 31.88%에 달한다. 신규 대출을 늘리기보다 부실채권을 정리하고 자산건전성을...,https://www.sisajournal-e.com/news/articleView.html?idxno=423073,16,0.7128,1,keep,candidate_hybrid_keep_strong_domain_rule_anchor,16,0.7128,저축은행;상호금융;부실채권;pf,,,candidate_hybrid,1,0.65,0.35
"[은행 CEO 리더십①] 이환주 KB국민은행장, '리딩뱅크 탈환·체질개선' ...",금융권 전반에 연체율 상승 압력이 거세진 상황에서도 2분기 말 기준 고정이하여신(NPL) 비율을 0.28%로 방어해내며 선제적 리스크 관리 체계의 실효성을 입증했다. 금융권 안팎에선 이번 상반기 실적보다도 이 행장의...,https://www.joongangenews.com/news/articleView.html?idxno=540205,11,0.5271,1,keep,candidate_hybrid_keep_strong_domain_rule_anchor,11,0.5271,은행;npl;연체율,,,candidate_hybrid,1,0.65,0.35
"신한카드, 1년 새 연체액 22% 줄였다…기초체력에 열 쏟는 배경",14일 금융권에 따르면 신한카드의 2분기 말 기준 연체액(1개월 이상)은 4683억원으로 전년동기(6015억원) 대비 22.1% 감소했다. 같은 기간 총 채권에서 연체액이 차지하는 비율(연체율)도 1.50%에서 1.21%로 0.29%p 하락했다....,https://www.bloter.net/news/articleView.html?idxno=671003,4,0.5473,0,drop,candidate_hybrid_gray_drop_score_lt_threshold,4,0.5473,연체율,,,candidate_hybrid,1,0.65,0.35
"KB금융, 금융지주 8곳 중 사회(S) 부문 1위…포용금융 두드러져","차주의 연체율 변화, 채무조정 이후 정상 상환 전환율, 폐업 소상공인의 재기 성과, 금융 접근성 개선 정도 등이 대표적인 지표로 꼽힌다. 계명대 김성숙 교수·이화여대 최한솔 교수가 국내 금융권 ESG 보고서 136편을...",https://www.greened.kr/news/articleView.html?idxno=347687,5,0.4273,0,drop,candidate_hybrid_gray_drop_score_lt_threshold,5,0.4273,연체율,금융,,candidate_hybrid,1,0.65,0.35
"[여신 정밀진단]④ 우리은행, NPL 23%↑…중기 연체율 잡을 때",14일 금융권에 따르면 우리은행의 고정이하여신은 1분기 말 1조986억원에서 2분기 말 1조3493억원으로 2507억원(22.8%) 증가했다. 고정이하여신비율도 0.33%에서 0.39%로 0.06%p 상승했다. 연체율은 0.38%에서 0.43%로...,https://www.bloter.net/news/articleView.html?idxno=670945,8,0.4458,1,keep,candidate_hybrid_keep_strong_domain_rule_anchor,8,0.4458,npl;연체율,,,candidate_hybrid,1,0.65,0.35
김기홍 회장 '외국인 대출 승부수'…연체율 튀자 브레이크,"금융권 관계자는 ""대출 잔액을 얼마나 빨리 늘리느냐보다 이미 1조원을 넘어선 자산의 연체율을 얼마나 낮추고 새 신용평가체계로 우량 차주를 가려낼 수 있느냐가 외국인 금융의 추가 성장 속도를 결정할 것""이라고...",https://dealsite.co.kr/articles/167094,5,0.4772,0,drop,candidate_hybrid_gray_drop_score_lt_threshold,5,0.4772,연체율,대출,,candidate_hybrid,1,0.65,0.35
예금·대출 많이 해야 대의원?…새마을금고중앙회 '감독책임'도 수술대,그동안 새마을금고 개혁 논의는 부동산 프로젝트파이낸싱(PF) 부실과 연체율 문제를 계기로 감독권을... 금감원도 올해 새마을금고와 지역 농협 등 상호금융권의 중대한 위법행위에 대해 직접 검사를 강화하겠다는...,https://www.greened.kr/news/articleView.html?idxno=347650,22,0.8025,1,keep,candidate_hybrid_keep_strong_domain_rule_anchor,22,0.8025,상호금융;새마을금고;연체율;pf;프로젝트파이낸싱,대출,,candidate_hybrid,1,0.65,0.35
"롯데카드, 상반기 순익 647억원…전년比 55.5% 증가","◆연체율 하락…자산건전성 개선 자산건전성 지표도 개선됐다. 상반기 1개월 이상 연체율은 대환대출... 상반기 국내회원 이용금액은 일시불 40조5773억원, 할부 8조657억원, 현금서비스 3조2019억원, 카드론 2조4611억원...",https://www.ebn.co.kr/news/articleView.html?idxno=1720523,9,0.4757,1,keep,candidate_hybrid_keep_strong_domain_rule_anchor,9,0.4757,연체율;카드론,,,candidate_hybrid,1,0.65,0.35
"새마을금고, 사회연대에 2000억 대출...수익·건전성 시험대","새마을금고가 수익성과 건전성을 함께 고려한 자산 운용 원칙을 밝힌 만큼, 대출 확대 과정에서 건전성 관리가 어떻게 이뤄지는지도 지켜볼 부분이다. [위키리크스한국=]",http://www.wikileaks-kr.org/news/articleView.html?idxno=190967,7,0.675,1,keep,candidate_hybrid_model_keep_prob_ge_threshold_with_domain_anchor,7,0.675,새마을금고,대출;건전성,,candidate_hybrid,1,0.65,0.35
"[증권 뉴스브리핑] 투자자문·일임업 수익 2.3조/신한투자증권, 상반기...",생산적금융 관련 조합과 PEF 6건을 결성해 운용자산(AUM)을 약 2000억원 확대했다. 자산운용 부문 실적도 전년 동기 대비 45% 증가했다. 건전성 역시 개선됐다. 고정이하여신비율은 2024년 8.5%에서 올해 상반기 2.3...,https://www.asiatime.co.kr/article/20260814500417,2,0.5311,0,drop,candidate_hybrid_gray_drop_score_lt_threshold,2,0.5311,,건전성,,candidate_hybrid,1,0.65,0.35
"이문화 삼성화재 대표, 장기보험 손익 개선·일반보험 성장…고수익 자...","자산 건전성을 관리하고, 고위험 이자 소득 자산 확보를 지속해 상호 자산 중심의 고수익 포트폴리오... 혁신하고 데이터 기반 초개인화 경험을 제공해 고객 가치를 차별화할 방침이다. 강은영 한국금융신문 기자",https://www.fntimes.com/html/view.php?ud=2026081313564724119efc5ce4ae_18,0,0.4234,0,drop,candidate_hybrid_gray_drop_score_lt_threshold,0,0.4234,,,,candidate_hybrid,1,0.65,0.35
"""카드론 더 받을 수 있을까?""… 총량 완화에 2금융권 기대감↑",올해 상호금융 가계대출 증가의 주범이었던 농협과 새마을금고 잔액도 감소세로 접어들었다. 기존 가계대출 목표치를 준수하려면 새마을금고는 올해 남은 기간 계속 잔액을 줄이기만 해야 한다. 농협도 지난달까지...,https://www.mt.co.kr/finance/2026/08/15/2026081415540084542,13,0.5637,1,keep,candidate_hybrid_keep_strong_domain_rule_anchor,13,0.5637,상호금융;새마을금고;카드론,,,candidate_hybrid,1,0.65,0.35
[김의석의 단상] '예외 또 예외'가 키운 금융정책 불신,"NH농협은행을 시작으로 우리은행과 SC제일은행까지 주택담보대출을 전격 중단했다. 연간 대출 한도를 채운... 은행들은 잔금대출과 상호금융 집단대출, 청년·신혼부부 등 실수요자를 위한 별도 한도 배정 같은 예외 조치를...",https://www.fntimes.com/html/view.php?ud=202608141339379722fa40c35055_18,5,0.2522,0,drop,candidate_hybrid_model_drop_prob_le_threshold,5,0.2522,상호금융,대출,,candidate_hybrid,1,0.65,0.35
"농협상호금융, AI 확산 본격화…전사적 AX 전환 속도",농협상호금융(대표이사 윤성훈)이 인공지능(AI)을 활용한 업무 효율화를 넘어 금융서비스와 조직 전반의 체질을 바꾸는 전사적 AI 전환(AX·AI Transformation)에 속도를 낸다. 농협상호금융은 지난 13일 서울 중구 농협중앙회...,https://www.fntimes.com/html/view.php?ud=202608142040374462dd55077bc2_18,4,0.5925,0,drop,candidate_hybrid_gray_drop_score_lt_threshold,4,0.5925,상호금융,,,candidate_hybrid,1,0.65,0.35
"남인천농협 이태선 조합장, 농협 창립 65주년 기념 국무총리표창 수상",남인천농협은 상호금융을 통해 확보한 사업 기반을 바탕으로 농업인 지원사업을 강화하는 한편 지역사회와의 상생에도 적극적으로 나서고 있다. 지역 내 소외계층을 위한 기부와 사회공헌활동도 꾸준히 이어가고 있다....,https://www.fntimes.com/html/view.php?ud=202608142036143963dd55077bc2_18,4,0.4537,0,drop,candidate_hybrid_gray_drop_score_lt_threshold,4,0.4537,상호금융,,,candidate_hybrid,1,0.65,0.35
"농협상호금융, 전사적 AI 전환(AX) 가속 … 'AI 확산 워크숍' 개최",농협상호금융은 지난 13일 서울 중구 농협중앙회 본관에서 'AI 확산 워크숍'을 개최했다. 농협상호금융이 인공지능(AI)을 활용한 업무 혁신을 넘어 금융서비스와 조직 전반의 체질을 바꾸는 전사적 AI 전환(AX)에 속도를...,http://www.worktoday.co.kr/news/articleView.html?idxno=87993,4,0.5758,0,drop,candidate_hybrid_gray_drop_score_lt_threshold,4,0.5758,상호금융,,,candidate_hybrid,1,0.65,0.35
[산업브리핑] '기술·사람 중심' 체질 개선 속도...지속가능 농업부터 A...,"농협상호금융은 지난 13일 서울 중구 농협중앙회 본관에서 'AI 확산 워크숍'을 열고 전사적 AI 전환(AX, AI Transformation) 추진 전략을 논의했다. 생성형 AI 서비스와 AI 회의록, 문서 초안 작성 등 생산성 향상 도구를...",http://www.dailypop.kr/news/articleView.html?idxno=101609,4,0.4058,0,drop,candidate_hybrid_gray_drop_score_lt_threshold,4,0.4058,상호금융,,,candidate_hybrid,1,0.65,0.35
가계대출 총량 늘어도…2금융권 한도는 제자리,금융위원회에 따르면 신협·농협·수협·산림조합·새마을금고 등 상호금융권의 가계대출은 7월 한 달간 7000억 원 감소하며 증가세가 꺾였지만 올 들어서는 총 10조 6000억 원 늘었다. 업권별로는 농협의 가계대출이 7월...,https://www.sedaily.com/article/20079675?ref=naver,24,0.4088,1,keep,candidate_hybrid_keep_strong_domain_rule_anchor,24,0.4088,금융위원회;금융위;상호금융;새마을금고;신협,,,candidate_hybrid,1,0.65,0.35
농지 거래량 5년새 '반토막'···실거래가격도 30% 급락,"본보가 농협중앙회 상호금융여신관리부로부터 받은 '농지 등에 대한 최근 3개년 낙찰가율'을 보면 밭 낙찰가율은 2023년 62.31%에서 올해 1분기 48.41%, 2분기 47.92%로 낮아졌다. 같은 기간 논은 65.07%에서 51.38...",https://www.agrinet.co.kr/news/articleView.html?idxno=406445,4,0.6405,0,drop,candidate_hybrid_gray_drop_score_lt_threshold,4,0.6405,상호금융,,,candidate_hybrid,1,0.65,0.35
"[포토] 농협상호금융, AI 확산 워크숍 개최","농협상호금융(대표이사 윤성훈)은 13일 ‘AI 확산 워크숍’을 개최하고 범농협 AI 도입 방향과 상호금융 업무에 특화된 AX 추진전략을 공유했다. 이번 워크숍은 임직원의 AI 활용 역량을 높이는 동시에, 현장에서 실제로...",https://www.edaily.co.kr/news/newspath.asp?newsid=06215606645547320,4,0.5237,0,drop,candidate_hybrid_gray_drop_score_lt_threshold,4,0.5237,상호금융,,,candidate_hybrid,1,0.65,0.35
"금융당국, 은행권에 ""대출 물꼬 터라""…'30조원' 이렇게 풀린다",금융위원회는 5대 은행(KB국민·신한·하나·우리·NH농협) 은행장은 물론 2금융권·상호금융권·보험업권 등 전 금융권 수장들을 소집해 실수요자들에게 자금이 적시에 공급될 수 있도록 집행 속도를 높이라는 강력한...,https://www.newsway.co.kr/news/view?ud=2026081417083186983,20,0.7641,1,keep,candidate_hybrid_keep_strong_domain_rule_anchor,20,0.7641,금융위원회;금융위;은행;상호금융,대출,,candidate_hybrid,1,0.65,0.35
"농협상호금융, 전사적 AI 혁신 추진 본격화",농협상호금융은 지난 13일 서울 중구 농협중앙회 본관에서 'AI 확산 워크숍'을 개최했다 농협상호금융이 범농협 AI 도입에 발맞춰 상호금융 업무의 혁신 전략을 논의했다. 농협상호금융이 인공지능(AI)을 활용한 업무...,http://www.bokuennews.com/news/article.html?no=282603,4,0.6227,0,drop,candidate_hybrid_gray_drop_score_lt_threshold,4,0.6227,상호금융,,,candidate_hybrid,1,0.65,0.35
춘천철원화천양구축협 '총화상' 영예,"춘천철원화천양구축산농협(조합장 이중호)은 8월 13일 농협중앙회 본관 대강당에서 농협중앙회가 수여하는... 또한 농축협 업적평가 최우수사무소상을 2년 연속 수상했으며, 상호금융 예수금 6000억 원 달성탑...",https://www.chukkyung.co.kr/news/articleView.html?idxno=82418,4,0.485,0,drop,candidate_hybrid_gray_drop_score_lt_threshold,4,0.485,상호금융,,,candidate_hybrid,1,0.65,0.35
"남인천농협 이태선 조합장, 국무총리표창 수상",남인천농협은 지난달 말 기준 전국 33개 산지농협에 약 280억원 규모의 무이자 선급금을 지원했으며 영농자재 공급 사업도 확대해 농업인의 경영 안정과 농촌 활력 제고에 힘써왔다. 또 상호금융 성장 기반을 활용해 농업...,https://www.shinailbo.co.kr/news/articleView.html?idxno=5051559,4,0.3932,0,drop,candidate_hybrid_gray_drop_score_lt_threshold,4,0.3932,상호금융,,,candidate_hybrid,1,0.65,0.35
"농협상호금융, 생성형 AI 활용 확대…AX 전환 본격화",농협상호금융이 인공지능(AI)을 활용한 업무 혁신과 전사적 AI 전환(AX)에 속도를 낸다. 14일 농협상호금융에 따르면 지난 13일 'AI 확산 워크숍'을 열고 범농협 AI 도입 방향과 상호금융 업무에 특화된 AX 추진전략을...,http://www.popcornnews.net/news/articleView.html?idxno=129809,4,0.6061,0,drop,candidate_hybrid_gray_drop_score_lt_threshold,4,0.6061,상호금융,,,candidate_hybrid,1,0.65,0.35
전세 시장 얼어붙자 대출도 찬바람… 7월 가계대출 증가세 주춤,"농협(-5,000억 원)과 새마을금고(-2,000억 원) 등 상호금융권 가계대출은 6월 2,000억 원 증가에서 지난달 7,000억 원 감소로 돌아섰다. 주택담보대출 증가세가 꺾이면서 전체 가계대출 증가 폭을 억눌렀다. 지난달...",https://www.hankookilbo.com/news/article/A2026081413120004287?did=NA,8,0.2083,1,keep,candidate_hybrid_keep_strong_domain_rule_anchor,8,0.2083,상호금융;새마을금고,,,candidate_hybrid,1,0.65,0.35
"농협상호금융, 금융시장 분석에도 AI 쓴다…AX 전환 속도",농협상호금융이 인공지능(AI) 활용 범위를 금융 업무 전반으로 확대한다. 농협상호금융은 지난 13일 'AI 확산 워크숍'을 열고 상호금융 업무에 특화된 AI 전환(AX) 추진 방향을 논의했다고 14일 밝혔다. 단순 반복업무를...,https://www.ezyeconomy.com/news/articleView.html?idxno=238757,5,0.6388,0,drop,candidate_hybrid_gray_drop_score_lt_threshold,5,0.6388,상호금융,금융,,candidate_hybrid,1,0.65,0.35
"농협상호금융, 'AI 확산 워크숍' 열고 전사적 AX 전환 시동",농협상호금융이 인공지능(AI)을 활용한 단순 업무 혁신을 넘어 금융서비스와 조직 운영 전반을 재편하는 전사적 AI 전환(AX·AI Transformation)에 속도를 내고 있다. 농협상호금융(대표이사 윤성훈)은 13일 'AI 확산 워크숍'을...,http://www.newsroad.co.kr/news/articleView.html?idxno=62908,4,0.6093,0,drop,candidate_hybrid_gray_drop_score_lt_threshold,4,0.6093,상호금융,,,candidate_hybrid,1,0.65,0.35
"강신학 삼례농협 조합장, 철탑산업훈장 수상…농업·협동조합 발전 헌신","삼례농협 상호금융 예수금은 2019년 1806억원에서 지난해 2730억원으로 늘었으며, 올해 3월에는 예수금과 대출금 잔액이 5000억원을 넘어 ‘상호금융자산 5000억원 달성탑’을 받았다. 이 같은 성과를 바탕으로 삼례농협은...",https://www.nongmin.com/article/20260814500234,4,0.4311,0,drop,candidate_hybrid_gray_drop_score_lt_threshold,4,0.4311,상호금융,,,candidate_hybrid,1,0.65,0.35
"농협, 창립 65주년 맞아 기념식 열어... 농업 경쟁력 강화하고 농업소득...","한편 농협상호금융은 같은 날 'AI 확산 워크숍'을 열고 전사적 AI 전환(AX, AI Transformation) 전략을 공유했다. 이번 워크숍은 단순한 업무 효율화를 넘어 조직 전반의 업무 방식과 의사결정 체계를 혁신하는 데 초점을 맞췄다....",http://www.queen.co.kr/news/articleView.html?idxno=461791,4,0.3777,0,drop,candidate_hybrid_gray_drop_score_lt_threshold,4,0.3777,상호금융,,,candidate_hybrid,1,0.65,0.35
대출 여력 늘었지만…이억원 “투기적 대출수요 자극해선 안 돼”,"4개 상호금융 협회(신협·농협·수협·새마을금고)에서 참석했다. 이 위원장은 ""오늘 가계부채 점검회의는 논의할 사안이 어느 한 업권, 한 기관의 노력만으로는 풀어내기 어려운 문제이기 때문에 통상 회의에 비해 참석...",https://www.asiatoday.co.kr/kn/view.php?key=20260814010004980,16,0.6274,1,keep,candidate_hybrid_keep_strong_domain_rule_anchor,16,0.6274,상호금융;새마을금고;신협;가계부채,대출,,candidate_hybrid,1,0.65,0.35
"농협상호금융, 'AI 확산 워크숍' 개최",농협상호금융이 'AI 확산 워크숍'을 개최했다. 농협상호금융은 'AI 확산 워크숍'을 개최하고 범농협 AI 도입 방향과 상호금융 업무에 특화된 AX 추진 전략을 공유했다고 14일 밝혔다. 농협상호금융은 농협중앙회가 전국 농...,https://www.cnbnews.com/news/articleView.html?idxno=1011634,4,0.6254,0,drop,candidate_hybrid_gray_drop_score_lt_threshold,4,0.6254,상호금융,,,candidate_hybrid,1,0.65,0.35
"이억원 ""실수요 자금 차질 없이 공급해야""…8·13 대책 이행 점검","생․손보협회, 금융투자협회, 저축은행중앙회, 여신금융협회, 농협·수협·신협·새마을금고중앙회, 5대... 상호금융권이 2000억 원 증가에서 7000억 원 감소로 전환된 반면, 저축은행과 여신전문금융회사는 각각 5000억...",http://www.whitepaper.co.kr/news/articleView.html?idxno=265764,22,0.6716,1,keep,candidate_hybrid_keep_strong_domain_rule_anchor,22,0.6716,저축은행;상호금융;새마을금고;신협;여신금융협회,,,candidate_hybrid,1,0.65,0.35
"“업무에 AI 활용 본격 도입”…농협상호금융, ‘AI 확산 워크숍’ 개최",농협상호금융이 인공지능(AI)을 활용한 업무 혁신과 금융서비스 고도화를 위해 전사적 AI 전환(AX)에 나선다고 14일 밝혔다. 농협상호금융은 지난 13일 서울 중구 농협중앙회 본관에서 ‘AI 확산 워크숍’을 열고 범농협 AI...,https://www.donga.com/news/Economy/article/all/20260814/134478653/1,4,0.5961,0,drop,candidate_hybrid_gray_drop_score_lt_threshold,4,0.5961,상호금융,,,candidate_hybrid,1,0.65,0.35
부동산 대책발 대출 총량 관리 완화…은행권 하반기 '입주장' 경쟁 다시...,다음 달 입주를 앞둔 이 단지에는 KB국민·신한·하나은행에 이어 NH농협은행까지 각각 1000억원의 잔금대출... 그동안 시중은행의 총량 여력이 줄면서 일부 집단대출 수요가 상호금융으로 이동했지만 시중은행이 다시...,https://www.ebn.co.kr/news/articleView.html?idxno=1720431,13,0.3864,1,keep,candidate_hybrid_keep_strong_domain_rule_anchor,13,0.3864,은행권;시중은행;상호금융,대출,,candidate_hybrid,1,0.65,0.35
"농협상호금융, 현장 중심 AX 전환 본격화","현대경제신문 임이랑 기자 | 농협상호금융이 단순 업무 자동화를 넘어 금융서비스와 조직 운영 방식 전반을 바꾸는 인공지능 전환(AX)에 나선다. 현장 수요에 맞는 과제를 발굴해 실제 업무에 적용하고, 임직원이...",http://www.finomy.com/news/articleView.html?idxno=259251,4,0.5402,0,drop,candidate_hybrid_gray_drop_score_lt_threshold,4,0.5402,상호금융,,,candidate_hybrid,1,0.65,0.35
‘대출 총량 규제’에 은행 가계대출 증가 폭 축소…상호금융은 감소,올 상반기 새마을금고·농협 등 상호금융권의 이주비·중도금 집단대출이 대폭 늘면서 전체 가계대출 급증을 주도한 주범으로 지목돼 왔다. 그러나 대출 집행이 마무리 국면에 접어들고 신규 대출도 닫아걸면서...,https://www.khan.co.kr/article/202608141334001,12,0.4378,1,keep,candidate_hybrid_keep_strong_domain_rule_anchor,12,0.4378,은행;상호금융;새마을금고,대출,,candidate_hybrid,1,0.65,0.35
"[유통소식] 농심 웰치스, PC 슈팅게임 '배틀그라운드'와 협업","2026년 8월 13일 서울 중구 농협중앙회 본관에서 'AI 확산 워크숍'이 진행 중이다./사진=농협 농협상호금융, AI 전환 워크숍 개최..전사적 AX 추진 농협상호금융이 13일 'AI 확산 워크숍'을 개최하고 범농협 AI 도입 방향과...",http://www.4th.kr/news/articleView.html?idxno=2116382,4,0.4114,0,drop,candidate_hybrid_gray_drop_score_lt_threshold,4,0.4114,상호금융,,,candidate_hybrid,1,0.65,0.35
"농협상호금융, AI 넘어 'AX' 전환 속도전",지난 13일 서울 중구 농협중앙회 본관에서 'AI 확산 워크숍'을 개최했다.[사진=농협상호금융] 농협상호금융이 단순한 인공지능(AI) 도입을 넘어 조직과 업무 방식 전반을 바꾸는 'AI 전환(AX·AI Transformation)'에 본격적으로...,https://www.discoverynews.kr/news/articleView.html?idxno=1098629,4,0.5708,0,drop,candidate_hybrid_gray_drop_score_lt_threshold,4,0.5708,상호금융,,,candidate_hybrid,1,0.65,0.35
"농협상호금융, AI 확산 워크숍 개최…전사적 AX 전환 본격화",- 범농협 AI 도입 발맞춰 상호금융 업무 특화 AX 추진전략 논의 - 윤성훈 대표 “AI는 새로운 금융서비스와 사업 기회를 만들어내는 핵심 경쟁력” 농협상호금융이 인공지능(AI)을 활용한 업무 혁신을 넘어...,https://www.kenews.co.kr/news/article.html?no=89889,4,0.5849,0,drop,candidate_hybrid_gray_drop_score_lt_threshold,4,0.5849,상호금융,,,candidate_hybrid,1,0.65,0.35
"농협상호금융, 'AI 확산 워크숍' 개최… 전사적 AX 전환 속도",농협상호금융이 인공지능 기술을 활용해 전사적 차원의 업무 혁신과 디지털 전환에 본격적으로 나선다. 농협상호금융은 AI 확산 워크숍을 열고 상호금융 업무 특성에 맞춘 AX 추진 전략을 논의했다고 14일 밝혔다. 이번...,https://www.newsmap.co.kr/news/articleView.html?idxno=2294,4,0.6709,1,keep,candidate_hybrid_model_keep_prob_ge_threshold_with_domain_anchor,4,0.6709,상호금융,,,candidate_hybrid,1,0.65,0.35
"새마을금고, 조정석과 새 광고 공개…지역 밀착 이미지 강화","NH농협은행은 농업·지역사회와의 연계를, 신협은 서민금융과 지역 공동체 이미지를 광고에 담는 등 상호금융권을 중심으로 지역성과 포용금융을 강조하는 브랜드 마케팅이 확대되고 있다.",http://www.srtimes.kr/news/articleView.html?idxno=210050,12,0.6071,1,keep,candidate_hybrid_keep_strong_domain_rule_anchor,12,0.6071,상호금융;새마을금고;신협,,,candidate_hybrid,1,0.65,0.35
지난달 금융권 가계 대출 6조2000억 증가… 주담대는 3조5000억 늘어,상호금융권 가운데 신협 가계대출은 6월 20억원 증가에서 지난달 1000억원 증가로 증가폭이 확대됐다. 농협은 3000억원 증가에서 5000억원 감소로 전환했고 수협은 100억원 감소에서 40억원 증가로 돌아섰다....,https://biz.chosun.com/stock/finance/2026/08/14/JXS35NGXVZCTJNKBQ2ASICS72A/?utm_source=naver&utm_medium=original&utm_campaign=biz,9,0.2557,1,keep,candidate_hybrid_keep_strong_domain_rule_anchor,9,0.2557,상호금융;신협,대출,,candidate_hybrid,1,0.65,0.35
"7월 가계대출 6.2조↑…당국 “집값 불씨 여전, 고삐 죈다”","제2금융권 협회, 5대 은행(KB국민·신한·하나·우리·NH농협) 등이 참석했다. 당국이 발표한 자료에 따르면... 상호금융권이 감소세로 전환된 반면 저축은행 및 여전사는 증가세로 전환됐다. 보험도 증가폭이 축소됐다. 이...",https://www.dt.co.kr/article/12078280?ref=naver,11,0.6116,1,keep,candidate_hybrid_keep_strong_domain_rule_anchor,11,0.6116,은행;저축은행;상호금융,,,candidate_hybrid,1,0.65,0.35
"금융권 AX, AI '도입' 넘어 '일상화'로",농협상호금융과 공동 투자하고 KT와 협력해 차세대 컨택센터를 구축했다. AI콜봇은 단순하고 반복적인 문의에 대응한다. 상담직원에게 필요한 정보를 실시간으로 제공하고 상담내용 자동 요약과 맞춤형 답변 추천도...,http://www.bizwnews.com/news/articleView.html?idxno=143303,4,0.5607,0,drop,candidate_hybrid_gray_drop_score_lt_threshold,4,0.5607,상호금융,,,candidate_hybrid,1,0.65,0.35
[국민연금 CIO 숏리스트] 미래에셋맨 김호진…23조 국토부 주택기금 주...,2024년 수협중앙회 자금운용본부장으로 발탁된 김 전 본부장은 14조원 규모 자금을 총괄했다. 상호금융 자금과 공제 자산이 혼재된 복합 포트폴리오 구조에서 고금리 시기 저수익 채권 편중도를 낮추고 주식과 대체투자...,https://dealsite.co.kr/articles/167197,6,0.571,1,keep,candidate_hybrid_gray_keep_domain_score_ge_threshold,6,0.571,상호금융,채권,,candidate_hybrid,1,0.65,0.35
"영암군산림조합, 소통경영으로 지속가능한 임업 성장 이끈다","최근 금융 사업 활성화 성과를 인정받아 산림조합중앙회로부터 5천만원 상당의 업무용 차량을 지원받는 결실을 맺었다. 이번에 확보한 업무용 차량은 금융 사업의 현장 대응력을 높이고, 관내 조합원과 지역주민들을...",http://www.youngnong.co.kr/news/articleView.html?idxno=61590,1,0.3386,0,drop,candidate_hybrid_model_drop_prob_le_threshold,1,0.3386,,금융,,candidate_hybrid,1,0.65,0.35
리딩뱅크 되찾은 정상혁…신한은행 첫 3연임 '청신호',은행연합회에 따르면 신한은행의 정책서민금융을 제외한 가계 예대금리차는 6월 1.57%포인트로 지난해 12월부터 7개월 연속 5대 시중은행 가운데 가장 높았다. 상반기 민간중금리대출 공급액은 2132억원으로 5대 은행 중...,http://www.inews24.com/view/1995145,11,0.7874,1,keep,candidate_hybrid_keep_strong_domain_rule_anchor,11,0.7874,은행;시중은행;예대금리차,,,candidate_hybrid,1,0.65,0.35
“집값 35억인데 대출은 1.7억?”…‘디에이치방배’ 비명에 정부 결국...,7억 LTV·DSR·주택가격별 대출 상한은 유지…은행별 산정 기준 따라 한도 차이 “집값 35억원인데 대출은 1.... 올해 가계부채 총량 증가율 관리 목표를 기존 1.5%에서 3% 수준으로 높였다. 전체 가계대출 잔액이 약...,https://www.segye.com/newsView/20260815502087?OutUrl=naver,11,0.5191,1,keep,candidate_hybrid_keep_strong_domain_rule_anchor,11,0.5191,dsr;ltv;가계부채,대출,,candidate_hybrid,1,0.65,0.35
"정부, 수도권 23만호+α 공급…청년·실수요자 금융지원 강화","전세대출 관리와 총부채원리금상환비율(DSR) 소득산정 기준, 금융권 자본규제 등을 강화해 과도한... 주택공급 확대와 실수요자 금융지원 필요성을 고려해 올해 가계부채 총량 증가율 관리 목표는 당초 1.5%에서 3...",http://www.joygm.com/news/articleView.html?idxno=215419,7,0.7337,1,keep,candidate_hybrid_model_keep_prob_ge_threshold_with_domain_anchor,7,0.7337,dsr;가계부채,,,candidate_hybrid,1,0.65,0.35
금융위원장 “부동산 대책 자금지원 총력을”… 주담대 숨통 언제 트일...,이억원 금융위원장이 14일 서울 중구 은행회관에서 열린 확대 가계부채 점검회의에서 모두발언을 하고... 당국은 주택담보대출비율(LTV)·총부채원리금상환비율(DSR) 규제와 주담대 한도 등 기존 대출 규제는 유지했다....,https://www.segye.com/newsView/20260814515985?OutUrl=naver,17,0.8053,1,keep,candidate_hybrid_keep_strong_domain_rule_anchor,17,0.8053,금융위;dsr;ltv;가계부채,대출,,candidate_hybrid,1,0.65,0.35
청년미래보금자리론 발표 하루 만에 긴급 해명 … '빌라 가두리' 역풍에...,DSR을 완화할 경우 상대적으로 소득이 높은 일부 청년층에 혜택이 집중될 수 있는 만큼 가계부채 관리 틀은 유지하면서 저소득 사회초년생 등의 주거비 부담을 낮추는 별도 상품을 만들었다는 것이다. 1인 가구를 주요...,https://biz.newdaily.co.kr/site/data/html/2026/08/14/2026081400273.html,7,0.6304,0,drop,candidate_hybrid_gray_drop_no_domain_anchor,7,0.6304,dsr;가계부채,,,candidate_hybrid,1,0.65,0.35
“기준금리 인상 사이클 진입”…주담대 자본규제 겹쳐 더 오를 듯,"이 같은 상황에서 금융 당국은 내년부터 가계대출과 주택담보대출을 추가로 옥죈다. 금융위원회는 ‘8·13 대책’에서 고액과 높은 총부채상환비율(DSR), 고가 주택, 높은 담보인정비율(LTV) 주담대는 2~4배의...",https://www.sedaily.com/article/20079676?ref=naver,23,0.8006,1,keep,candidate_hybrid_keep_strong_domain_rule_anchor,23,0.8006,금융위원회;금융위;기준금리;dsr;ltv,금융,,candidate_hybrid,1,0.65,0.35
"가계대출 총량 풀리자⋯2금융권, 실제 공급 여력 확대 ‘예의주시’",가계담보대출은 확실히 증가할 것으로 보인다”며 “구체적인 증가 규모는 시장 상황을 지켜봐야 할 것”이라고 말했다. 그러나 총량 확대가 곧바로 큰 폭의 대출 증가로 이어질지는 미지수다. 총부채원리금상환비율(DSR)...,https://www.etoday.co.kr/news/view/2614775,5,0.3326,0,drop,candidate_hybrid_model_drop_prob_le_threshold,5,0.3326,dsr,대출,,candidate_hybrid,1,0.65,0.35
"“부동산-금융 절연” 외친 금융수장, 넉 달 지나자 국토장관과 “금융...",이날 이 위원장은 ‘2026년도 가계부채 관리방안’을 발표하며 “망국적 부동산 공화국의 오명에서 벗어나기... 총부채원리금상환비율(DSR)과 주택담보인정비율(LTV) 등 개별 규제가 허용하는 범위에서는 대출이 가능하지만...,https://www.hani.co.kr/arti/economy/property/1272961.html,11,0.8012,0,drop,candidate_hybrid_drop_model_keep_without_domain_anchor,11,0.8012,dsr;ltv;가계부채,금융,,candidate_hybrid,1,0.65,0.35
이억원 “대출총량 확대≠규제 완화”…실수요 풀고 투기 조인다,"이억원 금융위원장은 14일 서울 중구 은행연합회에서 열린 관계기관 합동 ‘확대 가계부채 점검회의’에서... 주택담보인정비율(LTV)과 총부채원리금상환비율(DSR), 주택가격별 주담대 한도 등 차주 단위 규제는 현행대로...",https://www.tfmedia.co.kr/news/article.html?no=206485,16,0.782,1,keep,candidate_hybrid_keep_strong_domain_rule_anchor,16,0.782,금융위;dsr;ltv;가계부채,,,candidate_hybrid,1,0.65,0.35
가계대출 30조 풀어도 체감은 '글쎄'... 세부 지침 없어 은행 조이기는...,"주택담보인정비율(LTV)과 총부채원리금상환비율(DSR), 주택가격별 주담대 한도 등 기존 규제는 그대로... 이억원 금융위원장은 이날 확대 가계부채 점검회의에서 ""이번 총량목표 조정이 시장에서 대출 관리 기조 완화로...",https://www.hankookilbo.com/news/article/A2026081413000004369?did=NA,20,0.7036,1,keep,candidate_hybrid_keep_strong_domain_rule_anchor,20,0.7036,금융위;은행;dsr;ltv;가계부채,대출,,candidate_hybrid,1,0.65,0.35
대출 혈맥 뚫린다는데…집값 ‘불쏘시개’ 우려는,"가계부채 총량 목표 1.5%→3% 금융권, 대출 제한 조치 단계적 해제 전문가 “유동성 장세 가능성 낮아... 주택담보대출비율(LTV)·총부채원리금상환비율(DSR) 규제와 주담대 한도는 기존대로 유지한다는 금융당국 입장이...",https://www.mk.co.kr/article/12127902,14,0.725,1,keep,candidate_hybrid_keep_strong_domain_rule_anchor,14,0.725,유동성;dsr;ltv;가계부채,대출,,candidate_hybrid,1,0.65,0.35
가계대출 7개월 만에 35조 늘어···벌써 작년 증가치 92.9%,"이억원 금융위원장은 이날 은행연합회에서 열린 확대 가계부채 점검회의에서 ""연간... 총부채원리금상환비율(DSR) 심사에는 청년층의 미래소득 증가분을 더 반영한다. DSR은 연간 소득에서...",https://www.newsfreezone.co.kr/news/articleView.html?idxno=704105,13,0.8071,1,keep,candidate_hybrid_keep_strong_domain_rule_anchor,13,0.8071,금융위;dsr;가계부채,,,candidate_hybrid,1,0.65,0.35
"부동산 대출, 이렇게 달라진다 '주담대 오픈런'·'결혼페널티' 해소 기대",'주담대 오픈런' 해소되나...올해 대출총량 두 배 증가 우선 올해 가계부채 총량 증가율 목표치가 현재 1.5... 또 앞으로는 청년 주택 대출에서 총부채원리금상환비율(DSR)을 산정할 때 금융회사가 '장래소득'을 적용할 수...,https://www.ekoreanews.co.kr/news/articleView.html?idxno=87514,8,0.5266,0,drop,candidate_hybrid_gray_drop_no_domain_anchor,8,0.5266,dsr;가계부채,대출,,candidate_hybrid,1,0.65,0.35
"이억원 ""가계대출 여전히 안심 못해…투기는 막고 실수요엔 공급""",부채원리금상환비율(DSR)을 산정할 때는 청년층의 향후 소득 증가분이 보다 충분히 반영되도록 개선한다. 이 위원장은 보금자리론 소득요건 개선에 대해 이른바 '결혼 페널티'를 해소하기 위한 조치라고 설명했다. 가계...,https://www.newsworks.co.kr/news/articleView.html?idxno=850406,0,0.4451,0,drop,candidate_hybrid_drop_negative_signal,0,0.4451,dsr,,결혼,candidate_hybrid,1,0.65,0.35
"이억원 금융위원장 ""실수요 대출 현장서 세심하게 배려… 차질 없이 공...",정부는 어제 올해 가계대출 총량 증가율 목표치를 기존 1.5%에서 3% 수준으로 두 배 상향 조정하며 금융권에 약 30조 원 규모의 공급 여력을 추가로 확보해 준 바 있다. 당국은 LTV(주택담보대출비율)나 DSR(총부채원리금상환비...,https://www.ngonews.kr/news/articleView.html?idxno=235487,14,0.7222,1,keep,candidate_hybrid_keep_strong_domain_rule_anchor,14,0.7222,금융위;dsr;ltv,대출,,candidate_hybrid,1,0.65,0.35
[이슈] 가계대출 총량 목표 1.5%→3% 상향…대출 여력 30조원 늘어난다,"주택담보인정비율(LTV)과 총부채원리금상환비율(DSR)을 비롯한 기존 수요관리 규제는 그대로 유지된다. 규제지역의 LTV는 40%, 은행권 DSR도 40%가 계속 적용된다. 주택가격에 따른 주택담보대출 한도 역시 유지된다. 15억원...",https://www.polinews.co.kr/news/articleView.html?idxno=740139,12,0.7112,1,keep,candidate_hybrid_keep_strong_domain_rule_anchor,12,0.7112,은행권;dsr;ltv,대출,,candidate_hybrid,1,0.65,0.35
"이억원 ""가계대출 총량 조정, 실수요 위한 것…투기 신호돼선 안돼""",DSR) 소득 심사 과정에서는 청년층의 미래 소득 증가분이 충분히 반영되도록 제도를 개선할 방침이다. 정부는 이와 함께 주택공급과 실수요자에게 필요한 자금이 안정적으로 공급될 수 있도록 금융권의 가계부채...,https://www.hankyung.com/article/2026081413716,7,0.3613,1,keep,candidate_hybrid_gray_keep_domain_score_ge_threshold,7,0.3613,dsr;가계부채,,,candidate_hybrid,1,0.65,0.35
"금융위, PF 보증 확대·LTV 산정 합리화 등 8월 중 즉시 시행",이억원 금융위원장이 14일 오전 서울 중구 은행회관에서 개최한 관계기관 합동 '확대 가계부채 점검회의... 정부는 '청년 주거지원 3종 세트'를 출시하고 총부채원리금상환비율(DSR) 심사 시 청년층의 미래 소득 증가분을...,https://www.newspim.com/news/view/20260814000349,20,0.8659,1,keep,candidate_hybrid_keep_strong_domain_rule_anchor,20,0.8659,금융위;pf;dsr;ltv;가계부채,,,candidate_hybrid,1,0.65,0.35
'대출 혈맥' 다시 뚫린다…집값 상승세 자극 우려는 없나,"정부가 올해 가계부채 총량 증가율 목표치를 1.5%에서 3%로 확대하면서, 시중은행을 비롯한 금융권의 막혔던... 금융당국은 주택담보대출비율(LTV)·총부채원리금상환비율(DSR) 규제와 주담대 한도는 기존대로 유지하기로...",https://www.widedaily.com/news/articleView.html?idxno=299468,15,0.823,1,keep,candidate_hybrid_keep_strong_domain_rule_anchor,15,0.823,시중은행;dsr;ltv;가계부채,대출,,candidate_hybrid,1,0.65,0.35
"이억원 “총량목표 조정, 실수요 위한 것…투기대출 자극 신호돼선 안돼...",DSR 소득 심사 과정에서는 청년층의 미래 소득 증가분이 충분히 반영되도록 제도를 개선할 계획이다. 정부는 이와 함께 주택공급과 실수요자에게 필요한 자금이 안정적으로 공급될 수 있도록 금융권의 가계부채 총량관리...,http://www.joseilbo.com/news/news_read.php?uid=573841&class=18&grp=,7,0.5062,0,drop,candidate_hybrid_gray_drop_no_domain_anchor,7,0.5062,dsr;가계부채,,,candidate_hybrid,1,0.65,0.35
꺼지지 않은 빚투·영끌 열풍에···7월 全금융권 가계대출 6.2조↑,증가폭은 두 달 연속 축소됐지만 최근 석 달 동안 늘어난 금액이 24조원에 육박하면서 가계부채 불안은... 총부채원리금상환비율(DSR) 심사에는 청년층의 미래 소득 증가분을 더욱 충실히 반영한다. 금융회사와...,https://www.seoulfn.com/news/articleView.html?idxno=635681,7,0.6989,1,keep,candidate_hybrid_model_keep_prob_ge_threshold_with_domain_anchor,7,0.6989,dsr;가계부채,,,candidate_hybrid,1,0.65,0.35
5대 은행 추가자본 최대 10조5000억원 거론,금융당국은 국내총생산(GDP) 대비 가계부채 비율이 일정 수준을 넘으면 제도를 발동하는 구조를 제시했고... 지난해 주담대 위험가중치 하한이 20%로 오른 데 이어 고액·고DSR·고LTV 주담대에는 평균의 2~4배...,https://www.tokenpost.kr/news/policy/390485,13,0.6807,1,keep,candidate_hybrid_keep_strong_domain_rule_anchor,13,0.6807,은행;dsr;ltv;가계부채,,,candidate_hybrid,1,0.65,0.35
스트레스완충자본 피했더니 더 센 규제 온다…내년 은행권 10조 부담,"GDP 대비 가계부채 비율이 일정 수준을 웃돌면 제도를 발동하는데, 당국이 예시한 기준은 80%다. 이는 당국이... 지난해 주담대 RW 하한이 20%로 상향된 데 이어, 최근 고액·고DSR·고LTV 주담대에 평균의 2~4배의 위험가중치를...",https://news.einfomax.co.kr/news/articleView.html?idxno=4430128,14,0.7414,1,keep,candidate_hybrid_keep_strong_domain_rule_anchor,14,0.7414,은행권;dsr;ltv;가계부채,,,candidate_hybrid,1,0.65,0.35
"[정책포커스] 금융위, 부동산 시장 안정 위한 금융 종합대책 발표...부동...","전세대출 관리 강화, DSR 소득산정 기준 합리화, 자본규제 강화 등을 통해 과도한 주택 대출 취급을... 아울러 주택공급 확대 및 청년·실수요자 지원 필요성 등 최근 상황 변화를 감안하여 금년도 가계부채 총량 증가율은...",http://www.sisacast.kr/news/articleView.html?idxno=98806,15,0.6445,1,keep,candidate_hybrid_keep_strong_domain_rule_anchor,15,0.6445,금융위;dsr;가계부채,대출;금융,,candidate_hybrid,1,0.65,0.35
"美는 동결 쪽, 日은 9월 인상 부상…韓 ‘달러·엔’ 셈법 바뀐다",한국은행 기준금리는 연 2.75%다. 한국은행은 지난달 16일 원화 약세와 물가 압력에 대응해 기준금리를 0.25%포인트 올렸고 추가 인상 가능성도 열어뒀다. 미국의 추가 인상 가능성이 낮아지면 한·미 금리차가 더...,https://sateconomy.co.kr/news/view/1065568538301949,10,0.9339,1,keep,candidate_hybrid_keep_strong_domain_rule_anchor,10,0.9339,한국은행;기준금리,달러;원화,,candidate_hybrid,1,0.65,0.35
"미국 물가 둔화, 한은 8월 금리 인상 '고심'…백투백 가능성은","미국의 물가 상승 압력이 둔화하면서 오는 27일 기준금리를 결정하는 한국은행의 셈법이 복잡해졌다. 미 연방준비제도(Fed)의 금리 인상 기대는 후퇴했지만, 국내 주택가격 상승과 가계부채 등 금융불균형 요인은...",https://www.dailian.co.kr/news/view/1678557/?sc=Naver,22,0.9406,1,keep,candidate_hybrid_keep_strong_domain_rule_anchor,22,0.9406,한국은행;한은;fed;기준금리;가계부채,금리,,candidate_hybrid,1,0.65,0.35
조달비용 부담 속 중금리대출 확대까지…카드사 '포용금융' 딜레마,한국은행이 지난달 기준금리를 연 2.50%에서 2.75%로 인상한 데 이어 연내 추가 인상 전망까지 나오고 있어 조달비용 상승 압력은 당분간 이어질 전망이다. 이 같은 조달비용 상승은 중금리대출 공급에도 부담으로 작용할...,https://www.dailian.co.kr/news/view/1678610/?sc=Naver,11,0.752,1,keep,candidate_hybrid_keep_strong_domain_rule_anchor,11,0.752,한국은행;카드사;기준금리,,,candidate_hybrid,1,0.65,0.35
[이호연의 D톡스] 한은도 다시 보는 금…개인 투자도 ‘꿈틀’,"15일 금융권에 따르면 한국은행은 올해 2분기 미국 증시에 상장된 대표 금 현물 상장지수펀드(ETF)인 ‘SPDR Gold Shares(GLD)’를 사들였다. 2분기 말 기준 보유량은 67만9765주, 평가액은 약 2억5041만달러로 우리 돈 3500억원...",https://www.ddaily.co.kr/page/view/2026081417223810870,5,0.5924,0,drop,candidate_hybrid_gray_drop_score_lt_threshold,5,0.5924,한국은행,,,candidate_hybrid,1,0.65,0.35
"""돈 풀었더니 대기업만 웃었다""…중기 대출금리 상승폭 2배",◇기업대출 49조원 늘었는데…금리 부담은 달랐다 한국은행에 따르면 올해 상반기 은행 기업대출은 지난해... 과정에서 금리 흐름은 기업 규모별로 차이를 보였다. 올해 1월 대비 6월 신규취급액 기준 대기업 대출금리는 0....,https://www.ziksir.com/news/articleView.html?idxno=143061,9,0.6007,1,keep,candidate_hybrid_keep_strong_domain_rule_anchor,9,0.6007,한국은행;은행,금리,,candidate_hybrid,1,0.65,0.35
"[박근종 칼럼] 금리의 역습, 가계 상환 부담 커지고 소비 여력 위축 우려...",한국은행의 추가 기준금리 인상 예고와 금융위원회의 주택 대출 위험가중치 확대 등으로 대출 한파는 더욱 매서워질 전망이다. 가계 상환 부담 폭증과 소비 여력 위축이라는 현실을 엄중히 직시해야 한다. 정부와...,https://www.mhns.co.kr/news/articleView.html?idxno=756531,21,0.6483,1,keep,candidate_hybrid_keep_strong_domain_rule_anchor,21,0.6483,금융위원회;금융위;한국은행;기준금리,대출,,candidate_hybrid,1,0.65,0.35
"1600원 넘보던 환율, 150원 급락… 對美투자 늘면 다시 뛸 수도",최근 한미 기준금리 차이가 줄어 원화 가치가 비교적 높아진 것도 이유다. 외국인들이 쥐고 있던 원화를... ● “외환·금융위기 수준의 높은 환율 변동성” 한국은행에 따르면 환율은 7일 장중 1407.3원까지 하락해...,https://www.donga.com/news/Economy/article/all/20260814/134481269/2,12,0.7815,1,keep,candidate_hybrid_keep_strong_domain_rule_anchor,12,0.7815,한국은행;환율;기준금리,원화,,candidate_hybrid,1,0.65,0.35
[광화문에서/지민구]과거보다 길어질 금리인상기… 영끌-빚투에 울리는...,한국은행이 27일 금융통화위원회를 열어 기준금리를 결정한다. 관심사는 지난달 기준금리를 연 2.75%로 올린 한은이 백투백(2차례 연속) 인상에 나설지다. 한은이 이번 금통위에서 기준금리를 더 올릴지는 아직...,https://www.donga.com/news/Opinion/article/all/20260814/134482177/2,8,0.917,1,keep,candidate_hybrid_keep_strong_domain_rule_anchor,8,0.917,한국은행;기준금리,,,candidate_hybrid,1,0.65,0.35
"1년 금리스와프 3.4550%, 단기물 올랐다","한국은행은 7월 16일 금융통화위원회에서 기준금리를 2.50%에서 2.75%로 0.25%포인트 올렸다. IRS는 고정금리와 변동금리를 교환하는 장외 파생상품이다. 금리스와프 금리는 시장금리 전망, 채권 보유 기관의 위험...",https://www.tokenpost.kr/news/cryptocurrency/390902,10,0.8664,1,keep,candidate_hybrid_keep_strong_domain_rule_anchor,10,0.8664,한국은행;기준금리,채권,,candidate_hybrid,1,0.65,0.35
"[매일 금리·환율 브리핑] 8월 14일, 국고채 5년 금리 상승","데일리팝 매일 금리·환율 브리핑 (8월 14일 15:30 기준, 자료=한국은행 ECOS) 8월 14일 15:30 기준 국고채 5년 금리가 전일 대비 3bp 상승한 4.047%를 기록했다. 시장금리 (8월 14일 15:30 기준) · 국고채 3년...",http://www.dailypop.kr/news/articleView.html?idxno=101607,9,0.7712,1,keep,candidate_hybrid_keep_strong_domain_rule_anchor,9,0.7712,한국은행;환율,금리,,candidate_hybrid,1,0.65,0.35
"[채권마감] 20년물 중심 초장기물 강세, 50년-20년 금리차 3년3개월만 정...",단중기물에서는 한국은행 백투백(7·8월 연속) 금리인상 우려감과 내주 18일 국고10년물 입찰을 앞둔 부담감이 영향을 미쳤다. 3조원 규모로 진행되는 10년물 입찰은 전달보다 2000억원(경쟁입찰물량 기준) 많은...,https://www.etoday.co.kr/news/view/2614907,5,0.6313,0,drop,candidate_hybrid_gray_drop_score_lt_threshold,5,0.6313,한국은행,,,candidate_hybrid,1,0.65,0.35
금리의 역습…혼합형 주담대 0.5%P 뛰었다,한국은행은 추가 기준금리 인상을 예고한 상태다. 금융위원회는 내년부터 고액 및 고가 주택 대출에 위험가중치(RW)를 최대 4배까지 적용하기로 했다. 이 경우 대출 가능액이 줄어든다. 염명배 충남대 경제학과...,https://www.sedaily.com/article/20079667?ref=naver,21,0.6324,1,keep,candidate_hybrid_keep_strong_domain_rule_anchor,21,0.6324,금융위원회;금융위;한국은행;기준금리,대출,,candidate_hybrid,1,0.65,0.35
‘공짜 돈’ 시대 끝나고 ‘자본 부족’ 시대 왔다… 요동치는 글로벌 ...,"한국은행이 8월 13일 발표한 자료에 따르면, 외국인은 올해 1월부터 7월까지 한국 주식시장에서만 총 185조... 또한 골드만삭스가 진단한 자본 희소 구조 역시 9월 미국 연방준비제도(Fed)의 기준금리 결정과 중동...",https://www.g-enews.com/view.php?ud=202608141725302256fbbec65dfb_1,13,0.768,1,keep,candidate_hybrid_keep_strong_domain_rule_anchor,13,0.768,한국은행;fed;기준금리,,,candidate_hybrid,1,0.65,0.35
글로벌 자금 이동 속 한국 증시 소외의 종착점은… 8월 반등 착시 경계...,"한국 증시가 일시적 반등 착시를 벗어나 진정한 추세 전환을 이루기 위해서는 3대 조건이 충족되어야 할 것으로 보인다. 첫째 미국 연방준비제도의 9월 기준금리 인하와 경기 연착륙 신호 확인, 둘째 빅테크 실적을...",https://www.g-enews.com/view.php?ud=202608141722103436fbbec65dfb_1,3,0.669,0,drop,candidate_hybrid_drop_generic_market_or_ipo_noise,3,0.669,기준금리,,,candidate_hybrid,1,0.65,0.35
[공동락의 금리산책] 韓 금리 상승 국면서 숨 고르기,실제 한국은행은 기준금리 인상 기조가 지속될 것임을 숨기지 않았고 시장에서는 빠르면 이달 늦어도 오는 10월에는 추가 인상이 이뤄질 것으로 예상하고 있다. 물론 추가 인상 이후에도 내년까지 인상이 이어져 이번 인상...,https://weekly.hankooki.com/news/articleView.html?idxno=7178666,9,0.8635,1,keep,candidate_hybrid_keep_strong_domain_rule_anchor,9,0.8635,한국은행;기준금리,금리,,candidate_hybrid,1,0.65,0.35
"우리카드, 3억달러 해외 조달…카드사 최저 수준 가산금리 확보","2년물 금리는 기준금리인 SOFR(미국 무위험 지표금리)에 0.55%포인트를 더하는 조건으로 정해졌고, 3년물은... 국내 신디케이티드론 거래에서 한국계 증권사와 해외 은행이 공동 주관사로 참여한 것은 이번이 처음이다....",http://www.4th.kr/news/articleView.html?idxno=2116408,6,0.6457,1,keep,candidate_hybrid_gray_keep_domain_score_ge_threshold,6,0.6457,카드사;기준금리,,,candidate_hybrid,1,0.65,0.35
"우리카드, 미화 3억달러 규모 해외 신디케이티드론 약정...자금조달 기반...",한국계 증권사와 외산 은행이 해외 차입 거래의 공동 주관을 수행한 것은 국내 업계 최초의 사례라는 점에서 금융 주관 역량의 외연 확장 측면에서도 그 가치가 높게 평가받는다. [사진=우리카드 제공] 이번 저금리 외화...,http://www.updownnews.co.kr/news/articleView.html?idxno=318402,1,0.5826,0,drop,candidate_hybrid_gray_drop_score_lt_threshold,1,0.5826,,금융,,candidate_hybrid,1,0.65,0.35
회사채 금리 뛰고 유증 문턱 높아지고…대기업도 눈돌리는 ‘메자닌’,"지난 11일 기자간담회에서 유상대 한국은행 부총재는 고물가 지속성을 거론하며 “특별한 요인이 없다면 기준금리가 추가로 인상될 가능성이 높다""고 말했다. 올 들어 조달 비용이 상승하면서 회사채 발행시장은...",https://www.ekn.kr/web/view.php?key=20260814023122965,13,0.8747,1,keep,candidate_hybrid_keep_strong_domain_rule_anchor,13,0.8747,한국은행;회사채;기준금리,금리,,candidate_hybrid,1,0.65,0.35
"우리카드, 아시아 금융권서 3억 달러 조달",이번에 제시된 0.55%p와 0.575%p는 최종 대출금리가 아니라 기준금리에 추가되는 가산금리다. 거래 주관은 한국투자증권과 타이베이푸본상업은행이 공동으로 맡았다. 우리카드에 따르면 국내 신디케이티드론 거래에서...,https://www.straightnews.co.kr/news/articleView.html?idxno=308972,4,0.5655,0,drop,candidate_hybrid_gray_drop_score_lt_threshold,4,0.5655,기준금리,달러,,candidate_hybrid,1,0.65,0.35
환율 안정·실적에 은행주 랠리···'목표가 하향' 증권주와 명암,"한국은행이 기준금리를 연 2.50%에서 2.75%로 0.25%포인트 인상한 데 이어 추가 인상 가능성까지 거론되면서, 시장금리 상승에 따른 은행권의 이자이익 증대 기대감이 높아졌다. 여기에 원·달러 환율 하락세도 호재로...",https://www.smartbizn.com/news/articleView.html?idxno=151285,12,0.8866,1,keep,candidate_hybrid_keep_strong_domain_rule_anchor,12,0.8866,한국은행;환율;기준금리,달러,,candidate_hybrid,1,0.65,0.35
"[경제 포커스] 세계국채지수 편입 후 처음으로 외국인 韓 국채 순매도,...","이날 한국은행에 따르면, 외국인은 한국 국채가 WGBI에 편입된 4월 5억5000만달러를 순매수했다. 순매수... 한국도 기준금리 인상에 대한 기대감이 커지면서 금리가 상승했지만 미국보다는 상대적으로 덜 올랐다....",https://biz.chosun.com/policy/policy_sub/2026/08/14/ILMZ6MRR7FB4FH2L3K7TP7K2IA/?utm_source=naver&utm_medium=original&utm_campaign=biz,11,0.7076,1,keep,candidate_hybrid_keep_strong_domain_rule_anchor,11,0.7076,한국은행;국채;기준금리,,,candidate_hybrid,1,0.65,0.35
[오늘의 그래픽] 원화값 한 달 새 9.4% '껑충'…주요국 통화 중 상승폭 ...,"윤주희 디자이너 = 14일 한국은행의 \'2026년 7월 이후 국제금융·외환시장 동향\'에 따르면 달러·원 환율은 6월 말 1549.4원에서 7월 말 1424원, 이달 11일 1416원까지 떨어졌다. 원화 강세는 미국의 금리인상 기대 약화에...",https://www.news1.kr/photos/8056517,11,0.7087,1,keep,candidate_hybrid_keep_strong_domain_rule_anchor,11,0.7087,한국은행;외환시장,달러;원화,,candidate_hybrid,1,0.65,0.35
성장률 2.6%→3.5% 껑충…씨티가 본 한은의 점도표,"한국은행이 오는 8월 기준금리를 또다시 올리고, 올해 경제성장률과 물가 전망치도 대폭 높여 잡을 것이라는 분석이 나왔다. 글로벌 금융기관 씨티은행의 진단이다. 씨티은행의 김진욱 이코노미스트는 14일 발표한...",http://www.ftoday.co.kr/news/articleView.html?idxno=363655,8,0.7835,1,keep,candidate_hybrid_keep_strong_domain_rule_anchor,8,0.7835,한국은행;기준금리,,,candidate_hybrid,1,0.65,0.35
7월 가계대출 증가폭 둔화…빚투 열기 한풀 꺾여,"14일 한국은행이 발표한 '2026년 7월 금융시장 동향'에 따르면 7월 말 기준 은행 가계대출 잔액은... 7월 금융시장에서는 국고채 금리가 국내 성장세 확대와 기준금리 인상, 추가 인상 기대 강화 영향으로...",https://www.ziksir.com/news/articleView.html?idxno=143258,11,0.6729,1,keep,candidate_hybrid_keep_strong_domain_rule_anchor,11,0.6729,한국은행;은행;기준금리,,,candidate_hybrid,1,0.65,0.35
"씨티 ""한은 8월에도, 10월에도 금리 인상 가능성""","""8월 0.15%p 인상 전망""…최종금리 3.75%까지 열어둬 한국은행이 지난달에 이어 이달에도 기준금리를 올리고, 물가 흐름에 따라 10월 추가 인상에 나설 수 있다는 전망이 나왔다. 경기와 물가가 예상보다 강한 흐름을...",https://www.sisajournal.com/news/articleView.html?idxno=383670,14,0.8734,1,keep,candidate_hybrid_keep_strong_domain_rule_anchor,14,0.8734,한국은행;한은;기준금리,금리,,candidate_hybrid,1,0.65,0.35
7월 은행 가계대출 5.4조 늘어…증가폭 둔화에도 작년 두 배,14일 한국은행이 발표한 '2026년 7월 금융시장 동향'에 따르면 지난달 말 정책모기지론을 포함한 은행... 시장금리는 성장세 확대와 기준금리 인상 등의 영향으로 상승했다. 국고채 3년물 금리는 6월 말 3.70%에서...,http://www.metroseoul.co.kr/article/20260814500127,11,0.7734,1,keep,candidate_hybrid_keep_strong_domain_rule_anchor,11,0.7734,한국은행;은행;기준금리,,,candidate_hybrid,1,0.65,0.35
7월 은행 가계대출 5조4천억원 증가…코스피는 큰 폭 조정,"현재 은행 가계대출 잔액은 1194조8000억원으로 전월말보다 5조4000억원 늘었다. 5월 6조9000억원, 6월 7조6000억원에 견줘 증가 폭이 축소됐다. 국고채(3년) 금리는 지난 7월말 기준 3.76%로 지난 6월말(3.70%)보다 0.06...",http://www.newsfc.co.kr/news/articleView.html?idxno=80537,3,0.4282,0,drop,candidate_hybrid_gray_drop_score_lt_threshold,3,0.4282,은행,,,candidate_hybrid,1,0.65,0.35
주식투자 열기 꺾이자…은행 가계대출 증가폭 2.2조원 줄었다,"14일 한국은행에 따르면 지난달 은행 가계대출은 전월보다 5조4000억원 증가했다. 6월 증가액... 국고채 금리는 국내 성장세 확대와 기준금리 인상, 추가 금리 인상 기대 등의 영향으로 상승했고 코스피는 인공지능...",https://news.mtn.co.kr/news-detail/2026081411231331568,12,0.689,1,keep,candidate_hybrid_keep_strong_domain_rule_anchor,12,0.689,한국은행;은행;기준금리,금리,,candidate_hybrid,1,0.65,0.35
"한화에어로 vs KB금융, 코스피 톱텐 쟁탈전...투자포인트는 '극과 극'",여기에 한국은행의 기준금리 인상(지난달 16일)이라는 호재도 더해졌다. 기준금리 인상에 따른 시장금리 상승은 은행들의 예금-대출금리 차이(예대마진)를 키워 이자이익을 늘릴 수 있다. 2분기 원화 강세(환율...,http://www.opinionnews.co.kr/news/articleView.html?idxno=143069,14,0.7579,1,keep,candidate_hybrid_keep_strong_domain_rule_anchor,14,0.7579,한국은행;환율;기준금리,코스피;원화,,candidate_hybrid,1,0.65,0.35
"목돈을 매달 연금으로…삼성생명, 5년 확정이율 '한번에내는연금보험' ...","한국은행은 지난 7월 기준금리를 연 2.50%에서 2.75%로 0.25%포인트 올렸다. 성장과 물가, 금융안정을 함께 고려한 결정으로, 금리 환경 자체가 다시 변동성을 보이고 있다는 의미이기도 하다. 상품은 기본형과...",https://www.e-science.co.kr/news/articleView.html?idxno=133585,9,0.8058,1,keep,candidate_hybrid_keep_strong_domain_rule_anchor,9,0.8058,한국은행;기준금리,금리,,candidate_hybrid,1,0.65,0.35
코리보 중장기물 0.01%포인트 올라 12개월 3.66%,"한국 은행 간 단기금리 기준인 코리보가 14일 중장기 구간을 중심으로 0.01%포인트 올랐다. 1주물과 1개월물은 전일 수준을 유지했고, 2개월물부터 12개월물까지 네 개 만기가 상승했다. 연합인포맥스는 14일...",https://www.tokenpost.kr/news/cryptocurrency/390644,3,0.6134,0,drop,candidate_hybrid_gray_drop_score_lt_threshold,3,0.6134,은행,,,candidate_hybrid,1,0.65,0.35
[표] 은행간 단기금리 기준-코리보(14일),※다음은 연합인포맥스가 14일 오전 11시00분에 고시한 한국의 은행간 단기금리 기준 입니다. ────┬──────────── 기간│금리(%) 전일대비...,https://news.einfomax.co.kr/news/articleView.html?idxno=4430193,1,0.1632,0,drop,candidate_hybrid_model_drop_prob_le_threshold,1,0.1632,,금리,,candidate_hybrid,1,0.65,0.35
1300원대 눈앞 둔 환율…한은 추가 인상 '속도조절' 변수 되나,원화 강세에 환율발 물가 압력 완화 기대…8월 연속 인상 부담 완화 한은은 '금리인상 기조' 유지 전망…美도 추가 인상 가능성 원·달러 환율이 1300원대 진입을 눈앞에 두면서 한국은행의 추가 기준금리 인상...,https://news.tf.co.kr/read/economy/2354184.htm,18,0.8809,1,keep,candidate_hybrid_keep_strong_domain_rule_anchor,18,0.8809,한국은행;한은;환율;기준금리,달러;원화,,candidate_hybrid,1,0.65,0.35
"씨티, 한은 8월 연속 인상·3.50% 전망","날 8월 경제전망에서 성장률과 근원물가 전망이 얼마나 조정되는지가 기준금리 경로 판단의 핵심 자료가 된다. 검증 출처: 연합인포맥스, 한국은행 2026년 5월 경제전망, 한국은행 기준금리 추이, 한국은행 금통위 일정",https://www.tokenpost.kr/news/cryptocurrency/390630,13,0.9195,1,keep,candidate_hybrid_keep_strong_domain_rule_anchor,13,0.9195,한국은행;한은;기준금리,,,candidate_hybrid,1,0.65,0.35
"씨티 ""한은, 올해 성장률·근원물가 전망 올릴 것…8월 '백투백' 인상""","씨티 씨티은행은 한국은행이 8월 경제전망에서 올해 성장률과 근원 소비자물가지수(CPI) 전망치를 상향 조정할 것으로 전망했다. 8월 '백투백' 기준금리 인상을 비롯해 최종금리 전망치는 3.50%로 유지하면서도, 3.75...",https://news.einfomax.co.kr/news/articleView.html?idxno=4430190,13,0.8537,1,keep,candidate_hybrid_keep_strong_domain_rule_anchor,13,0.8537,한국은행;한은;기준금리,,,candidate_hybrid,1,0.65,0.35
"한은, 지난달 은행 가계대출 5.4조 증가…증가폭 2.2조 축소",14일 한국은행이 발표한 ‘2026년 7월 금융시장 동향’에 따르면 지난달 은행 가계대출은 5조4000억원... 지난달 국고채 금리는 성장세 확대와 기준금리 추가 인상 기대로 크게 올랐다가 국제유가와 원·달러 환율...,https://www.nspna.com/news/?mode=view&newsid=824364,20,0.764,1,keep,candidate_hybrid_keep_strong_domain_rule_anchor,20,0.764,한국은행;한은;은행;환율;기준금리,달러,,candidate_hybrid,1,0.65,0.35
"정기예금 42조 폭증에 대출금리 또 오를까…한은 ""상방 압력 제한적""","최근 기준금리 인상 전후로 시장금리가 다 같이 상승한 영향이 크기 때문입니다."" 이승엽 한국은행 금융시장국 시장총괄팀 차장은 지난달 정기예금 급증(+42조3000억원) 현상이 시중은행의 조달비용을 밀어 올려 가계...",http://www.newsprime.co.kr/news/article.html?no=743937,17,0.8347,1,keep,candidate_hybrid_keep_strong_domain_rule_anchor,17,0.8347,한국은행;한은;시중은행;기준금리,,,candidate_hybrid,1,0.65,0.35
7월 은행 가계대출 5조4000억원 증가…코스피는 큰 폭 조정,"14일 한국은행이 발표한 '2026년 7월 금융시장 동향'에 따르면 지난달 말 기준 은행 가계대출 잔액은... 국고채(3년) 금리는 지난 7월말 기준 3.76%로 지난 6월말(3.70%)보다 0.06%포인트(p) 올랐으며, 8월 13일 기준 3.78%를...",https://www.dailian.co.kr/news/view/1678494/?sc=Naver,8,0.6287,1,keep,candidate_hybrid_keep_strong_domain_rule_anchor,8,0.6287,한국은행;은행,,,candidate_hybrid,1,0.65,0.35
"7월 수출 62.8% 증가, 가계대출 관리 강화","한국은행은 통화신용정책보고서에서 기준금리를 2.50%로 유지하며 성장세 회복을 지원했다고 밝혔다. 출처 한국은행은 동시에 수도권 주택시장, 가계부채, 환율 변동성 등 금융안정 상황을 면밀히 점검했다고...",https://www.tokenpost.kr/news/cryptocurrency/390604,14,0.7406,1,keep,candidate_hybrid_keep_strong_domain_rule_anchor,14,0.7406,한국은행;환율;기준금리;가계부채,,,candidate_hybrid,1,0.65,0.35
"8·13 부동산 금융대책 혼선, 더 커지는 가계대출 불안[사설]","한국은행에 따르면, 기준금리가 오르고 주식시장이 조정을 받았음에도 7월 가계대출도 전월 대비 6조2000억 원 늘어났다. 수도권을 중심으로 주담대가 3조5000억 원, 주로 주식 투자에 사용되는 신용대출도 2조 원...",https://www.munhwa.com/article/11609599?ref=naver,9,0.3687,1,keep,candidate_hybrid_keep_strong_domain_rule_anchor,9,0.3687,한국은행;기준금리,주식,,candidate_hybrid,1,0.65,0.35
美 금리 인상 가능성 후퇴…韓 증시에 다시 쏠리는 시선,"한국은행 금융통화위원회는 지난달 3년 반 만에 기준금리를 0.25%p 인상했다. 이에 따라 한미 기준금리 차는 1%p까지 줄었다. 한은은 추가 인상에도 나설 것으로 보인다. 최근 유상대 한은 부총재는 ""특별한 충격 없으면...",https://www.ebn.co.kr/news/articleView.html?idxno=1720434,14,0.9222,1,keep,candidate_hybrid_keep_strong_domain_rule_anchor,14,0.9222,한국은행;한은;기준금리,금리,,candidate_hybrid,1,0.65,0.35
"경기 회복 흐름 강화되는 모습이라지만…근원물가 상승, 청년 고용 악화...",근원물가는 한국은행이 기준금리 인상 여부를 결정할 때 참고하는 주요 지표다. 근원물가는 3~4월만 해도 2.2%에 머물렀지만 5~6월 2.5%로 올라선 뒤 지난달에는 2.6%로 2%대 후반까지 상승했다. 우리 물가에 시차를 두고...,https://www.segye.com/newsView/20260814509530?OutUrl=naver,8,0.7377,1,keep,candidate_hybrid_keep_strong_domain_rule_anchor,8,0.7377,한국은행;기준금리,,,candidate_hybrid,1,0.65,0.35
미·일 개입도 못막은 엔저…‘백방이 무효’,14일 한국은행에 따르면 13일 원/엔 환율은 100엔당 887.84원(매매기준율)으로 전 거래일보다 0.56원 하락했다.... 일본은행은 6월 기준금리를 0.75%에서 1%로 올렸지만 미국 기준금리 상단(3.75%)과는 2.75%포인트 차이가 난다....,https://biz.heraldcorp.com/article/10841399?ref=naver,8,0.6253,1,keep,candidate_hybrid_keep_strong_domain_rule_anchor,8,0.6253,한국은행;기준금리,,,candidate_hybrid,1,0.65,0.35
"[生기업TALK] 신한금융그룹, 선도적인 기업가치 제고 통해 주주환원 정...","안병길 한국해양진흥공사 사장, 전재수 부산광역시장, 정상혁 신한은행장, 신한은행 강명규 여신그룹장... SBJ의 경우, 부동산 시장의 활황과 기준금리 인상으로 이자이익이 확대되고 있으며 은행 MMC는 견고한...",http://www.sisacast.kr/news/articleView.html?idxno=98710,6,0.5661,0,drop,candidate_hybrid_gray_drop_no_domain_anchor,6,0.5661,은행;기준금리,,,candidate_hybrid,1,0.65,0.35
7월 가계대출 5.4조 증가…주담대·신용대출 증가세 둔화,14일 한국은행이 발표한 '2026년 7월 금융시장 동향'에 따르면 지난달 은행 가계대출은 5조4000억원 증가했다.... 한편 7월 국고채 금리는 국내 성장세 확대와 기준금리 인상 및 추가 인상 기대 강화 등으로 큰 폭...,https://www.sidae.com/article/2026081410383069297,11,0.5483,1,keep,candidate_hybrid_keep_strong_domain_rule_anchor,11,0.5483,한국은행;은행;기준금리,,,candidate_hybrid,1,0.65,0.35
'월세 수준' 청년미래보금자리론 금리는 얼마?…은행 주담대와 격차는,한국은행의 기준금리 인상까지 겹치면서 추가적인 금리 상승 가능성도 남아 있다. 이런 상황에서 새롭게 출시되는 청년미래보금자리론이 기존 정책모기지나 시중은행 주담대와 비교해 어느 정도의 금리 메리트를...,https://www.newsis.com/view/NISX20260814_0003749106,16,0.8459,1,keep,candidate_hybrid_keep_strong_domain_rule_anchor,16,0.8459,한국은행;은행;시중은행;기준금리,금리,,candidate_hybrid,1,0.65,0.35
금리 오르고 주가 내린 7월…가계대출 둔화·기업대출 확대,"한국은행이 14일 발표한 '2026년 7월 금융시장 동향'에 따르면 국고채 금리는 국내 성장세 확대와 기준금리 인상, 추가 인상 기대 강화 등으로 큰 폭 상승했다가 이후 국제유가와 원·달러 환율 움직임 등을 반영해...",http://www.4th.kr/news/articleView.html?idxno=2116369,14,0.769,1,keep,candidate_hybrid_keep_strong_domain_rule_anchor,14,0.769,한국은행;환율;기준금리,금리;주가;달러,,candidate_hybrid,1,0.65,0.35
"재경부 ""韓 경기회복 흐름 강화…수출 급증·내수 개선""",한국은행도 5월에 연 2500억달러 흑자로 제시한 전망치를 이번 달 상향할 예정이다. 6월에는 생산과 소비... 물가 안정을 위해 한은은 지난달 기준금리를 연 2.50%에서 2.75%로 0.25%포인트 올렸다. 3년 반 만에 통화정책이...,https://www.newsworks.co.kr/news/articleView.html?idxno=850387,8,0.8396,1,keep,candidate_hybrid_keep_strong_domain_rule_anchor,8,0.8396,한국은행;기준금리,,,candidate_hybrid,1,0.65,0.35
"7월 은행 가계대출 5.4조원↑, 증가폭 줄고 기업대출은 7.7조원↑",한국은행이 14일 발표한 '2026년 7월 금융시장 동향'에 따르면 지난달 은행 가계대출은 전월보다... 국고채 금리는 국내 성장세 확대와 기준금리 인상 및 추가 인상 기대 강화 등으로 큰 폭 상승했다가 국제유가와 원...,https://www.newspim.com/news/view/20260814000404,11,0.777,1,keep,candidate_hybrid_keep_strong_domain_rule_anchor,11,0.777,한국은행;은행;기준금리,,,candidate_hybrid,1,0.65,0.35
"""한은 8월 연속 인상 전망..10월도 가능성""..시티銀 보고서",한국은행이 이달 금융통화위원회에서 기준금리를 0.25%p 추가 인상할 것이란 전망이 나왔다. 물가와 성장률이 예상보다 높은 수준을 보이면서 오는 10월 연속 인상에 나설 가능성도 거론된다. 14일 김진욱 씨티...,http://www.fnnews.com/news/202608141011484561,13,0.8811,1,keep,candidate_hybrid_keep_strong_domain_rule_anchor,13,0.8811,한국은행;한은;기준금리,,,candidate_hybrid,1,0.65,0.35
7월 은행 가계대출 증가폭 축소…전세대출 감소폭 확대,"한국은행이 오늘(14일) 발표한 '7월 금융시장 동향'에서 은행 가계대출은 전월 대비 5조 4,000억 원 증가한... 금융시장에서는 국고채 금리가 국내 성장세 확대와 기준금리 인상, 추가 인상 기대 강화 등의 영향으로 큰...",https://news.kbs.co.kr/news/pc/view/view.do?ncd=8637206&ref=A,11,0.6645,1,keep,candidate_hybrid_keep_strong_domain_rule_anchor,11,0.6645,한국은행;은행;기준금리,,,candidate_hybrid,1,0.65,0.35
7월 가계대출 5.4조 늘며 5개월 연속↑…증가폭은 축소,한국은행 7월 은행의 기업대출은 7조7천억원 늘어나며 전월(+5조1천억원)에 비해 증가 규모가 확대됐다. 대기업대출(+3조8천억원)과 중소기업대출(+3조9천억원)이 모두 늘었다. 회사채는 금리 상승에 따른 발행 부담이...,https://news.einfomax.co.kr/news/articleView.html?idxno=4430162,6,0.5991,1,keep,candidate_hybrid_gray_keep_domain_score_ge_threshold,6,0.5991,한국은행,금리,,candidate_hybrid,1,0.65,0.35
"한은 ""7월 가계대출 증가세 꺾여…기업대출은 확대""","[사진=한국은행 제공]7월 국고채금리는 국내 성장세 확대, 기준금리 인상 및 추가 인상기대 강화 등으로 지난달 24일 3년물이 3.96%까지 올랐다가 이후 국제유가와 달러-원 환율 움직임 등을 반영하며 상승폭을...",https://biz.sbs.co.kr/article_hub/20000328737?division=NAVER,17,0.6227,1,keep,candidate_hybrid_keep_strong_domain_rule_anchor,17,0.6227,한국은행;한은;환율;기준금리,달러,,candidate_hybrid,1,0.65,0.35
가계대출 5.4조로 둔화…기업대출은 7.7조로 확대,"2% 급락했다. 한국은행은 국내 성장세 확대와 기준금리 인상 및 추가 인상 기대, AI 산업 관련 우려와 중동 사태 불확실성, 외국인 순매도 등이 각각 금리와 주가에 영향을 미쳤다고 설명했다.",http://www.fnnews.com/news/202608140900359250,8,0.6609,1,keep,candidate_hybrid_keep_strong_domain_rule_anchor,8,0.6609,한국은행;기준금리,,,candidate_hybrid,1,0.65,0.35
외환건전성 회의·한은 물가 지표 14일 집중,본지는 앞서 한국은행의 기준금리 결정과 물가 대응 흐름을 다루며 물가와 금융 안정이 통화정책의 주요 판단 축이라고 보도했다. 한국은행 금융감독원은 오전 10시 30분 7월 가계대출 동향 잠정치와 가계부채 점검회의...,https://www.tokenpost.kr/news/cryptocurrency/390486,23,0.9341,1,keep,candidate_hybrid_keep_strong_domain_rule_anchor,23,0.9341,금융감독원;한국은행;한은;기준금리;가계부채,금융,,candidate_hybrid,1,0.65,0.35
원화값 한 달 새 9.4% '껑충'…주요국 통화 중 상승폭 1위,"14일 한국은행의 '2026년 7월 이후 국제금융·외환시장 동향'에 따르면 달러·원 환율은 6월 말 1549.4원에서 7월 말 1424원, 이달 11일 1416원까지 떨어졌다. 원화 강세는 미국의 금리인상 기대 약화에 따른 달러 약세와...",https://www.news1.kr/economy/trend/6258844,11,0.7974,1,keep,candidate_hybrid_keep_strong_domain_rule_anchor,11,0.7974,한국은행;외환시장,달러;원화,,candidate_hybrid,1,0.65,0.35
삼전닉스 ‘실탄’ 117조 폭증…메모리 슈퍼사이클 언제까지?,"원화 절상폭 주요국 1위…환율 변동성도 세계 2위 핵심 요약: 한국은행 집계에 따르면 원화 가치는 7월... 중동 전쟁과 AI 인프라 투자 확대에 따른 인플레이션 압박, 연준의 기준금리 인하 사이클 종료, 재정적자...",https://www.sedaily.com/article/20079388?ref=naver,12,0.7534,1,keep,candidate_hybrid_keep_strong_domain_rule_anchor,12,0.7534,한국은행;환율;기준금리,원화,,candidate_hybrid,1,0.65,0.35
[신윤우의 외환분석] 안전한 물가와 두꺼운 바닥…금요일은 하락장(?),"토머스 바킨 리치먼드 연방준비은행 총재는 인플레이션을 목표치인 2%로 돌려놓기 위해 기준 금리를... 한국은행은 7월 금융시장 동향, 6월 통화 및 유동성 데이터를 공개한다. 달러-원은 이날 오전 6시 기준으로 전날...",https://news.einfomax.co.kr/news/articleView.html?idxno=4430140,9,0.7194,1,keep,candidate_hybrid_keep_strong_domain_rule_anchor,9,0.7194,한국은행;유동성,달러,,candidate_hybrid,1,0.65,0.35
"[위클리오늘] ""D램값 270% 뛰었다"" 반도체 질주에 수출물가 28년 만에 최...",지난달 기준금리를 3년 6개월 만에 인상한 한국은행은 향후 통화정책 결정 과정에서 반도체 가격과 교역조건을 주요 변수로 살펴보겠다는 입장이다. 다음 금융통화위원회는 오는 27일 열린다.,http://www.weeklytoday.com/news/articleView.html?idxno=790336,8,0.7698,1,keep,candidate_hybrid_keep_strong_domain_rule_anchor,8,0.7698,한국은행;기준금리,,,candidate_hybrid,1,0.65,0.35
[오늘의 이슈] 수출물가 28년 만에 최고…교역조건도 역대급,◇ 반도체가 가른 수출입물가 한국은행이 14일 오전 '2026년 7월 수출입물가지수 및 무역지수(잠정)'를... (FOMC·미국 기준금리를 결정하는 회의) 동결 확률은 63%로 올라섰다. 14일 밤에는 7월 소매판매(한국시간 오후...,http://www.newskr.kr/news/articleView.html?idxno=105620,8,0.7783,1,keep,candidate_hybrid_keep_overseas_korean_market_impact,8,0.7783,한국은행;기준금리,,,candidate_hybrid,1,0.65,0.35
신한증권 채권형펀드 1400억 설정…단기 자금 공략,한국도 반도체 호황과 내수 둔화의 K자형 성장 속에서 한국은행의 추가 기준금리 인상 가능성도 맞물려 있다. 이번 채권 펀드 릴레이 설정의 배경으로는 최근 국내 주식시장의 변동성이 꼽힌다. 코스피 지수는 4월초...,https://dealsite.co.kr/articles/165318,12,0.7137,1,keep,candidate_hybrid_keep_strong_domain_rule_anchor,12,0.7137,한국은행;기준금리,코스피;채권,,candidate_hybrid,1,0.65,0.35
월드 뉴스 브리프 (기준일시: 2026년 08월 14일 금요일 10:00),앞서 발표된 소비자물가에 이어 생산자물가까지 안정적인 흐름을 보이면서 미국 연방준비제도가 9월 기준... 금융시장에서는 연준의 다음 금리 인상 시점이 당초 예상보다 뒤로 밀릴 수 있다는 전망이 힘을 얻고 있다. 2....,http://www.ifs.or.kr/bbs/board.php?bo_table=globalnewsfocus&wr_id=433,1,0.7647,0,drop,candidate_hybrid_drop_model_keep_without_domain_anchor,1,0.7647,,금리,,candidate_hybrid,1,0.65,0.35
외국인 3조원 '사자'···코스피 6977선 마감,보이면서 연준이 9월 연방공개시장위원회(FOMC)에서 기준금리를 동결할 가능성에 무게가 실리고 있다.... 금리는 4.15% 수준까지 내려왔다. 다만 중동 지역 지정학적 긴장과 재정적자 확대 우려는 여전히 금융시장...,https://www.smartbizn.com/news/articleView.html?idxno=151344,5,0.6889,0,drop,candidate_hybrid_drop_generic_market_or_ipo_noise,5,0.6889,기준금리,코스피,,candidate_hybrid,1,0.65,0.35
생산자물가도 예상 하회 9월 동결론 확산,전년 대비 상승률은 3.3~3.4%로 연준 목표인 2%를 여전히 크게 웃돌 전망이다. 금융시장은 9월 동결 쪽으로 빠르게 기울었다. 시카고상품거래소(CME) 페드워치에 따르면 금리 선물시장이 반영하는 9월 기준금리 동결...,https://www.naeil.com/news/read/598887?ref=naver,9,0.6789,0,drop,candidate_hybrid_drop_generic_market_or_ipo_noise,9,0.6789,연준;기준금리,금리,,candidate_hybrid,1,0.65,0.35
"美 연준의 '덜 친절한' 소통에 ""채권금리·차입비용 상승"" 우려 나와",시장위원회(FOMC) 정례회의 횟수를 줄일 수 있다는 보도가 나오면서 시장 불안감이 높아지고 있다. 기준금리... 국채 금리도 20개월 만에 고점으로 치솟으며 금융시장 불안감을 더하고 있다. 다만 일각에서는 연준의 FOMC...,https://www.theguru.co.kr/news/article.html?no=105795,6,0.7285,0,drop,candidate_hybrid_drop_generic_market_or_ipo_noise,6,0.7285,국채;기준금리,,,candidate_hybrid,1,0.65,0.35
금시세(금값) 14일,"7월 소비자물가지수(CPI)가 시장 예상에 부합하며 둔화세를 보이고, 주거비 상승세가 숙박비 급락에 힘입어 진정된 것은 연준의 9월 금리 인상 명분을 크게 약화시킨다. 금융시장의 CME 페드워치 기준 9월 금리 인상...",https://www.bntnews.co.kr/article/view/bnt202608140130,1,0.7347,0,drop,candidate_hybrid_drop_generic_market_or_ipo_noise,1,0.7347,,금리,,candidate_hybrid,1,0.65,0.35
"현물환 10.1% 증가, 24시간 환시 한 달",없이 시장 인프라가 원활하게 가동되고 있다고 진단했다. 당국은 달러-원 환율도 주요국 통화와 비교해... 관건은 오후 6시 이후와 뉴욕 금융시장이 본격적으로 열리는 시간대의 거래다. 등록외국금융기관(RFI)의...,https://www.tokenpost.kr/news/cryptocurrency/391250,1,0.4414,0,drop,candidate_hybrid_drop_corporate_macro_noise,1,0.4414,,달러,,candidate_hybrid,1,0.65,0.35
24시간 환시 한 달…현물환 거래 10% 늘었다,"없이 시장 인프라가 원활하게 가동되고 있다""며 ""달러-원 환율도 주요국 통화와 비교해 안정적인 모습을... 해외 금융시장과의 시차도 있는 만큼 완만한 속도로 늘어나고 있다고 봤다. 현재 나타난 전체 거래량 증가를...",https://news.einfomax.co.kr/news/articleView.html?idxno=4430320,1,0.4923,0,drop,candidate_hybrid_drop_generic_market_or_ipo_noise,1,0.4923,,달러,,candidate_hybrid,1,0.65,0.35
‘日정부 개입’ 엔화보다 4배 더 올랐다…원화값 한달새 9.4% 올라 ‘상...,14일 한국은행의 ‘2026년 7월 이후 국제금융·외환시장 동향’에 따르면 지난달 1일부터 이달 11일까지 원화 가치는 달러화 대비 9.4% 상승했다. 원·달러 환율은 6월 말 1549.4원에서 7월 말 1424원으로 떨어진 데 이어 이달...,https://www.mk.co.kr/article/12127987,11,0.7087,1,keep,candidate_hybrid_keep_strong_domain_rule_anchor,11,0.7087,한국은행;외환시장,달러;원화,,candidate_hybrid,1,0.65,0.35
"[위클리오늘] ""원화 환전 거부""…문제는 '한국 돈' 대외 신뢰와 환율 변...",■왜 국민들은 '원화가 약해졌다'고 느끼는가 이미지=네이버 여기에는 체감경제와 금융시장의 괴리가 있다. 원·달러 환율이 상당 기간 높은 수준에 머물렀던 기억이 남아 있는 상황에서 해외여행을 떠난 국민이 현지에서...,http://www.weeklytoday.com/news/articleView.html?idxno=790394,5,0.5016,0,drop,candidate_hybrid_gray_drop_score_lt_threshold,5,0.5016,환율,달러;원화,,candidate_hybrid,1,0.65,0.35
수출 62.8% 급증 및 생산·소비·투자 개선…민생 부담은 ‘여전’,"금융시장에서는 주가가 6월 말 코스피 8천476.48pt에서 7월 말 6천595.45pt로 22.19% 하락했으며, 원·달러 환율은 1천549.4원에서 1천424원으로 8.8% 떨어졌다. 국고채 금리는 장기물을 중심으로 상승했다. 6월 주택시장에서는...",https://kidd.co.kr/news/247031,2,0.4769,0,drop,candidate_hybrid_gray_drop_score_lt_threshold,2,0.4769,,코스피;달러,,candidate_hybrid,1,0.65,0.35
MSCI 편입 로드맵 77% 이행…내년 원화 국제결제망 가동,내년부터 외국인 투자자가 국내 계좌를 개설하지 않고도 해외 금융기관을 통해 원화를 보유·이체하고 국내... 거래 불발 등 별다른 사고 없이 시장 인프라가 가동됐고 원·달러 환율도 주요국 통화와 비교해 안정적인...,https://www.edaily.co.kr/news/newspath.asp?newsid=04736326645547320,2,0.5928,0,drop,candidate_hybrid_drop_generic_market_or_ipo_noise,2,0.5928,,달러;원화,,candidate_hybrid,1,0.65,0.35
"수출·내수 동반 반등…정부, 경기 눈높이 상향",7월 금융시장에서는 주가가 하락하고 국고채 금리가 상승했다. 원·달러 환율은 전월보다 낮아졌다. 다만 정부는 주요 경제지표가 개선됐지만 민생 부담은 여전하다고 평가했다. 중동전쟁과 미국 관세 조치로 대외...,https://www.shinailbo.co.kr/news/articleView.html?idxno=5051419,1,0.6616,1,keep,candidate_hybrid_model_keep_prob_ge_threshold_with_domain_anchor,1,0.6616,,달러,,candidate_hybrid,1,0.65,0.35
"정부 ""수출·내수 개선에 경기회복 지속…중동 리스크 여전""",원·달러 환율은 7월 말 기준 1424.0원으로 전월 말보다 하락세를 보였다. 다만 금융시장은 하락세를 피하지 못했다. 7월 코스피는 전월 말보다 22.19포인트 하락한 6595.45에 마감됐으며 코스닥은 21.44포인트 쪼그라든 719....,https://www.ajunews.com/view/20260814091322761,1,0.6275,0,drop,candidate_hybrid_gray_drop_score_lt_threshold,1,0.6275,,달러,,candidate_hybrid,1,0.65,0.35
삼전닉스 현금성 자산 73% 급증…AI 메모리가 만든 실탄,원화값 9.4% 올라…절상폭 주요국 1위 - 핵심 요약: 한국은행이 13일 발표한 7월 이후 국제금융·외환시장 동향에 따르면 원화 가치는 지난달 1일부터 이달 11일까지 미 달러화 대비 9.4% 절상됐다. 원·달러 환율은...,https://www.sedaily.com/article/20079359?ref=naver,11,0.743,1,keep,candidate_hybrid_keep_strong_domain_rule_anchor,11,0.743,한국은행;외환시장,달러;원화,,candidate_hybrid,1,0.65,0.35
美 국채 10년물 금리 4.7% 돌파…해외 수요도 급감,"한국은행이 13일 발표한 7월 이후 국제금융·외환시장 동향에 따르면 원·달러 환율은 6월 말 1549.4원에서 7월 말 1424.0원, 이달 11일 1416.0원까지 내려앉았다. 중동 지역 불확실성 완화와 미국의 금리 인상 기대...",https://www.sedaily.com/article/20079347?ref=naver,14,0.8114,1,keep,candidate_hybrid_keep_strong_domain_rule_anchor,14,0.8114,한국은행;국채;외환시장,금리;달러,,candidate_hybrid,1,0.65,0.35
"지난달 수출, 전년比 62.8% 급증 [경제동향]",금융시장은 주가가 하락하고 원/달러 환율도 내렸다. 국고채 금리는 상승했다. 6월 주택시장은 매매가격과 전세가격이 모두 올랐다. 매매가격은 전월비 5월 0.21%에서 6월 0.33%로 상승폭이 확대됐다. 전세가격도...,http://www.joseilbo.com/news/news_read.php?uid=573837&class=1&grp=,5,0.5899,0,drop,candidate_hybrid_gray_drop_score_lt_threshold,5,0.5899,원/달러,달러,,candidate_hybrid,1,0.65,0.35
"중국 AI, 美 추격 속도낸다…비용은 클로드의 39분의 1","한국은행이 13일 발표한 ‘7월 이후 국제금융·외환시장 동향’에 따르면 원화 가치는 지난달 1일부터 이달 11일까지 미 달러화 대비 9.4% 절상됐고, 원·달러 환율은 6월 말 1549.4원에서 이달 11일 1416.0원까지...",https://www.sedaily.com/article/20079358?ref=naver,11,0.6952,1,keep,candidate_hybrid_keep_strong_domain_rule_anchor,11,0.6952,한국은행;외환시장,달러;원화,,candidate_hybrid,1,0.65,0.35
"10년 국채선물 3틱 상승, 야간 거래량 줄었다",국내 채권시장은 최근 미국 국채 금리와 외국인 선물 매매에 민감하게 반응해 왔다. 본지는 앞서 10년 국채선물이 국제유가와 한국은행 발언 경계 속에 장중 크게 밀린 흐름과 외국인의 3년 국채선물 순매수가...,https://www.tokenpost.kr/news/cryptocurrency/391251,12,0.449,1,keep,candidate_hybrid_keep_strong_domain_rule_anchor,12,0.449,한국은행;국채;국내 채권시장,,,candidate_hybrid,1,0.65,0.35
"국채선물, 美 국채 약세에도 소폭 상승…10년물 3틱↑",15일 서울채권시장에 따르면 3년 국채선물은 야간 거래에서 전일 주간 거래 종가 대비 1틱 상승한 103.25에... 10년 국채선물 야간 거래 흐름.출처: 연합인포맥스. 한편 같은 시간 미국 국채 금리는 장기물 중심의...,https://news.einfomax.co.kr/news/articleView.html?idxno=4430323,3,0.3408,0,drop,candidate_hybrid_drop_generic_market_or_ipo_noise,3,0.3408,국채,,,candidate_hybrid,1,0.65,0.35
[뉴욕마켓워치] 소비가 부진해도 금리가 오르네…주식·채권·달러 '트리...,◇채권시장 연합인포맥스의 해외금리 일중 화면(화면번호 6532)에 따르면 오후 3시 현재 뉴욕 채권시장에서 10년물 국채금리는 전 거래일 오후 3시 기준가 대비 5.60bp 상승한 4.6960%에 거래됐다. 통화정책에 민감한...,https://news.einfomax.co.kr/news/articleView.html?idxno=4430321,8,0.594,0,drop,candidate_hybrid_gray_drop_generic_anchor_only,8,0.594,국채금리,주식;채권;달러,,candidate_hybrid,1,0.65,0.35
[데일리 머니마켓] 뉴욕 증시 소폭 하락,"◆채권시장 국채금리가 하락했지만, 이후 유가 상승과 장기채 공급·재정 우려가 다시 부각되면서 장기물 금리는 상승 마감했다. 2년물은 전 거래일보다 2bp 상승한 4.17%, 10년물은 5bp 상승한 4.68%, 30년물은...",https://www.bigtanews.co.kr/article/view/big202608150003,4,0.4857,0,drop,candidate_hybrid_drop_low_value_overseas_market_noise,4,0.4857,국채금리,,,candidate_hybrid,1,0.65,0.35
[뉴욕채권] 베어 스팁…美 소매판매 실망이 오히려 장기물 약세 자극,연합인포맥스의 해외금리 일중 화면(화면번호 6532)에 따르면 14일(미국 동부시간) 오후 3시 현재 뉴욕 채권시장에서 10년물 국채금리는 전 거래일 오후 3시 기준가 대비 5.60bp 상승한 4.6960%에 거래됐다. 통화정책에...,https://news.einfomax.co.kr/news/articleView.html?idxno=4430313,4,0.5973,0,drop,candidate_hybrid_gray_drop_score_lt_threshold,4,0.5973,국채금리,,,candidate_hybrid,1,0.65,0.35
미국 30년물 금리 5.2%대 돌파…25년 만에 최고치 기록,니혼게이자이신문은 8월 14일(현지시각) 연방준비제도의 통화정책 대응 지연과 재정 확장 우려가 겹치면서 초장기 국채 금리가 급등했다고 보도했다. 연방준비제도 물가 대응 지연 우려 채권 시장의 금리를 끌어올리는...,https://www.g-enews.com/view.php?ud=2026081506583158652bd56fbc3c_1,6,0.8531,0,drop,candidate_hybrid_drop_generic_market_or_ipo_noise,6,0.8531,국채,금리;채권,,candidate_hybrid,1,0.65,0.35
"다우 107포인트 하락, 소비 둔화에도 금리 올랐다","봉쇄 장기화는 원유 공급과 물가, 국채금리 흐름을 동시에 흔드는 요인이다. 호르무즈 해협은 중동 원유 수송의 핵심 항로여서 봉쇄와 협상 소식이 에너지 가격을 통해 주식과 채권시장에 번지는 구조다....",https://www.tokenpost.kr/news/market/391217,5,0.5043,0,drop,candidate_hybrid_gray_drop_score_lt_threshold,5,0.5043,국채금리,금리,,candidate_hybrid,1,0.65,0.35
"하반기 채권시장 ""우량채 매수 지속""…美 국채 수급 불안은 변수","대신증권은 ""미국 채권시장의 하반기 고질적인 수급 부담이 재확인됐으며, 그 결과 수급 이슈에 취약한 장기 영역(장기 국채)을 중심으로 단기에 비해 부진한 금리 동향이 나타나고 있다""며 ""수익률 곡선의 스티프닝...",https://www.ebn.co.kr/news/articleView.html?idxno=1720531,4,0.5691,0,drop,candidate_hybrid_drop_generic_market_or_ipo_noise,4,0.5691,국채,금리,,candidate_hybrid,1,0.65,0.35
금리 걱정 덜었더니 경기 걱정…뉴욕증시 최고치서 후퇴[월스트리트in],"채권시장에서는 미 국채 10년물 금리가 5bp(베이시스포인트, 1bp=0.01%포인트) 상승한 4.69%를 나타냈다. 유가 상승이 다시 인플레이션 압력을 높이고 장기금리 상승세를 자극할 경우 연준의 금리 동결에도 금융여건이...",https://www.edaily.co.kr/news/newspath.asp?newsid=01722006645547648,4,0.5865,0,drop,candidate_hybrid_drop_generic_market_or_ipo_noise,4,0.5865,국채,금리,,candidate_hybrid,1,0.65,0.35
"인텔에 주목하는 월가…""CPU 시장 10배 커진다"" [박신영의 개장전 요것만...",재정적자가 커지면서 정부가 시장에서 빌려야 하는 돈도 많아졌습니다. 쉽게 말해 채권 공급은 늘어나는데 투자자들의 돈은 한정돼 있기 때문에 더 높은 금리를 줘야 국채를 팔 수 있는 상황입니다. 여기에 AI...,https://www.hankyung.com/article/202608152889i,2,0.4037,0,drop,candidate_hybrid_drop_generic_market_or_ipo_noise,2,0.4037,,채권,,candidate_hybrid,1,0.65,0.35
"1940억달러 빅테크 회사채, 금리 부담 커졌다",스프레드는 국채금리 등 기준금리에 더해 투자자가 요구하는 추가 금리다. 같은 우량 신용등급의 기업이라도 시장에 반복적으로 대규모 채권을 내놓으면 투자자는 더 높은 보상을 요구할 수 있다. 수요가...,https://www.tokenpost.kr/news/cryptocurrency/391174,15,0.6333,0,drop,candidate_hybrid_drop_corporate_macro_noise,15,0.6333,회사채;스프레드;국채금리;기준금리,금리,,candidate_hybrid,1,0.65,0.35
"10년물 금리 4.649%, 소매판매 부진에도 혼조","연합인포맥스 해외금리 일중 화면은 14일 오전 9시 7분(미국 동부시간) 뉴욕 채권시장에서 2년물 국채금리가 전장 오후 3시 기준보다 0.90bp 내린 4.129%, 30년물 국채금리가 1.80bp 오른 5.230%를 기록했다고 전했다....",https://www.tokenpost.kr/news/cryptocurrency/391104,5,0.5765,0,drop,candidate_hybrid_gray_drop_score_lt_threshold,5,0.5765,국채금리,금리,,candidate_hybrid,1,0.65,0.35
"美 국채가, 부진한 소매판매에도 보합권 혼조",연합인포맥스의 해외금리 일중 화면(화면번호 6532)에 따르면 14일(미국 동부시간) 오전 9시 7분 현재 뉴욕 채권시장에서 10년물 국채금리는 직전 거래일 오후 3시 기준가보다 0.90bp 오른 4.649%를 가리켰다. 통화정책에...,https://news.einfomax.co.kr/news/articleView.html?idxno=4430300,4,0.5519,0,drop,candidate_hybrid_gray_drop_score_lt_threshold,4,0.5519,국채금리,,,candidate_hybrid,1,0.65,0.35
"채권시장 판단축, 성장·고용서 지정학으로 넓어졌다","가상자산 시장에서는 채권 금리의 해석이 더 중요해졌다. 본지는 앞서 미국 국채 수익률과 연준 신뢰를 둘러싼 시장 불안을 다룬 바 있다. 높은 금리는 위험자산 유동성에 부담을 줄 수 있지만, 인플레이션과 달러...",https://www.tokenpost.kr/news/cryptocurrency/391095,15,0.6139,1,keep,candidate_hybrid_keep_strong_domain_rule_anchor,15,0.6139,연준;국채;가상자산,채권;달러,,candidate_hybrid,1,0.65,0.35
물가 잡히는데 국채금리 25년만에 최고…상식 벗어난 미국경제,재무부는 최근 분기 국채 발행 계획 발표문에서 향후 고정 금리 채권 발행 규모의 ‘확대’를 검토하겠다는 기존 문구를 ‘변화’로 수정했다. 시장에서는 이를 재무부가 장기 국채 발행량을 줄이거나 2~7년 단기물...,https://www.mk.co.kr/article/12128448,10,0.7067,0,drop,candidate_hybrid_drop_generic_market_or_ipo_noise,10,0.7067,국채;국채금리,금리;채권,,candidate_hybrid,1,0.65,0.35
‘삼전닉스’ 두고 증권가 전망도 ‘극과 극’,문제는 채권 시장 분위기가 예전 같지 않다는 점이다. 지난 7월 아마존이 발행한 250억달러 규모... 미국 국채 금리에 기업의 신용위험 등을 반영해 얹는 가산금리다. 스프레드가 확대됐다는 것은 시장이 두 기업에...,https://www.mk.co.kr/article/12120705,8,0.6209,0,drop,candidate_hybrid_drop_generic_market_or_ipo_noise,8,0.6209,스프레드;국채,채권,,candidate_hybrid,1,0.65,0.35
[채권-마감] 연휴 앞 포지션 줄이기·8월 인상 경계…전강후약,"전반적으로 시장이 '전강후약' 흐름을 이어갔다. 채권시장에 따르면 국고채 3년물 최종호가 수익률은... (PPI)가 시장에 안도감을 더해주면서, 미 국채 금리가 하락했다. 미 노동부에 따르면 지난달 전품목(헤드라인)...",https://news.einfomax.co.kr/news/articleView.html?idxno=4430280,5,0.5794,0,drop,candidate_hybrid_gray_drop_score_lt_threshold,5,0.5794,국채,채권,,candidate_hybrid,1,0.65,0.35
인플레 둔화에도 장기 국채수익률 상승…증시 랠리 위협할 수도[오미주...,13일(현지시간) 진행된 250억달러 규모의 미국 30년물 국채 입찰에서는 낙찰 금리가 최고 5.22%까지 상승했다.... 원칙적으로 채권시장에 우호적이어야 한다. 실제로 연준의 통화정책에 가장 민감하게 반응하는 2년물 국채...,https://www.mt.co.kr/world/2026/08/14/2026081417524985032,3,0.4528,0,drop,candidate_hybrid_drop_generic_market_or_ipo_noise,3,0.4528,국채,,,candidate_hybrid,1,0.65,0.35
빅테크 'AI 빚투' 경쟁에…글로벌 회사채 시장 흔들,수조원대 채권을 찍어내면서 시중 금리가 오르자 현지 기업들은 채권 발행 시점을 조정하는 상황에... 어치 채권을 발행했다. 당시까지 캐나다 회사채 시장에서 역대 최대 규모였다. 만기(5~30년)에 따라 캐나다 국채보...,https://www.hankyung.com/article/2026081425271,6,0.6287,0,drop,candidate_hybrid_drop_generic_market_or_ipo_noise,6,0.6287,회사채,채권,,candidate_hybrid,1,0.65,0.35
美 물가 상승세 주춤하는데 … 장기 국채금리는 25년來 최고,재무부는 최근 분기 국채 발행 계획 발표문에서 향후 고정 금리 채권 발행 규모의 '확대'를 검토하겠다는 기존 문구를 '변화'로 수정했다. 시장에서는 재무부가 장기 국채 발행량을 줄이거나 2~7년 단기물 중심으로 공급...,https://www.mk.co.kr/article/12128201,10,0.6895,0,drop,candidate_hybrid_drop_generic_market_or_ipo_noise,10,0.6895,국채;국채금리,금리;채권,,candidate_hybrid,1,0.65,0.35
3년 국고채 금리 2bp 상승…8월 인상 경계감 확산에 약세 반전,3년 국고채 금리와 국채선물이 14일 오후 약세로 돌아섰다. 이달 말로 예정된 한국은행 금융통화위원회를 앞두고 연속 금리 인상 경계감이 확산하는 가운데 강세분을 모두 되돌리는 장세가 나왔다. 채권시장에...,https://news.einfomax.co.kr/news/articleView.html?idxno=4430250,6,0.7557,1,keep,candidate_hybrid_model_keep_prob_ge_threshold_with_domain_anchor,6,0.7557,한국은행,금리,,candidate_hybrid,1,0.65,0.35
"[금융권 이모저모]토스증권, 해외채권 원리금 공휴일·토요일에도 지급...","채권자본시장(DCM)과 주식자본시장(ECM) 점유율은 각각 10.44%, 11.52%다. 고정이하여신비율은 2024년 8.5%에서... 가산금리는 미국 국채 담보부 익일물 조달금리(SOFR) 대비 2년물 0.55%포인트, 3년물 0.575%포인트로 정해졌다....",https://www.businessplus.kr/news/articleView.html?idxno=115509,3,0.5596,0,drop,candidate_hybrid_drop_generic_market_or_ipo_noise,3,0.5596,국채,,,candidate_hybrid,1,0.65,0.35
“日 국채금리 오르는데 엔화는 약세…자금 환류에 시간 필요” <유안타...,대규모 금융완화 과정에서 약화됐던 채권시장의 가격결정 기능이 매입 축소 이후 회복되면서 경제지표와 해외금리 변화가 일본 국채금리에 이전보다 빠르게 반영되고 있다는 설명이다. 김 연구원은 “BOJ의 국채 매입...,https://www.news2day.co.kr/article/20260814500154,11,0.4481,0,drop,candidate_hybrid_drop_generic_market_or_ipo_noise,11,0.4481,boj;국채;국채금리,,,candidate_hybrid,1,0.65,0.35
초장기물 강세폭 대거 반납…국고채 금리 일제히 낙폭 축소,구간에서 금리의 낙폭이 줄었다. 채권시장에 따르면 국고채 3년 지표물 금리는 이날 오전 11시 13분 현재... 30년물 금리는 1.6bp 내린 5.659%였다. 장 초반 4.620%까지 밀렸으나 낙폭을 크게 줄였다. 3년 국채선물은 6틱...,https://news.einfomax.co.kr/news/articleView.html?idxno=4430196,1,0.519,0,drop,candidate_hybrid_gray_drop_score_lt_threshold,1,0.519,,금리,,candidate_hybrid,1,0.65,0.35
엔저 타고 움직이는 '와타나베 부인'…韓 증시·원화 흔들까,국내에선 일본 공적연금 등 기관 자금이 국채시장으로 유입되고 있다. 다만 일본은행의 추가 금리 인상이나 엔화 반등으로 해외자금이 일본으로 돌아갈 경우 국내 주식·채권시장과 원화의 변동성이 커질 수 있어...,https://www.straightnews.co.kr/news/articleView.html?idxno=308958,2,0.6051,0,drop,candidate_hybrid_drop_generic_market_or_ipo_noise,2,0.6051,,금리;주식;원화,,candidate_hybrid,1,0.65,0.35
美고용악화·물가 둔화에 금리동결론…연내 1회 인상도 불확실,"반전된다면, 시장은 연준이 뒤늦은 12월 50bp 금리 인상을 단행할 가능성을 염두에 두고 움직일 수 있다""며 채권 금리의 반등 위험을 경고했다. 한편 이날 250억 달러 규모의 30년물 국채 경매는 입찰금리가 5.216%로...",https://www.news1.kr/world/usa-canada/6259081,7,0.7315,0,drop,candidate_hybrid_drop_generic_market_or_ipo_noise,7,0.7315,국채,금리;채권;달러,,candidate_hybrid,1,0.65,0.35
AMD도 AI 투자 가속⋯사상 최대 7조원 육박 회사채 발행,AI 붐에 따른 투자 확대를 위해 채권시장으로 몰려드는 기술기업들의 행렬에 가세한 것으로 풀이된다.... 25%포인트(p) 낮아져 미 국채 금리 대비 0.9%포인트 높은 수준에서 결정됐다. AMD는 공시를 통해 이번 채권...,https://www.etoday.co.kr/news/view/2614567,10,0.592,0,drop,candidate_hybrid_drop_generic_market_or_ipo_noise,10,0.592,회사채;국채,금리;채권,,candidate_hybrid,1,0.65,0.35
"160엔 다가선 달러·엔, 미 국채 금리도 흔든다","외환시장 개입은 통상 환율을 직접 움직이는 조치지만, 조달 통화와 보유 자산의 구성이 채권시장으로 파급될 수 있다. 엔화를 사기 위해 달러를 팔고, 그 달러를 마련하는 과정에서 국채 보유분을 현금화하면 금리 변동...",https://www.tokenpost.kr/news/cryptocurrency/390520,9,0.6078,1,keep,candidate_hybrid_keep_strong_domain_rule_anchor,9,0.6078,국채;외환시장,금리;달러,,candidate_hybrid,1,0.65,0.35
"""100년 뒤 갚겠다"" 이례적…구글, '천문학적 돈' 끌어모으는 까닭",100년짜리 채권까지 내놨다. 현지 시장과 비교하면 발행액이 너무 크다는 점이 문제로 꼽힌다. 캐나다에서 AA 등급 회사채의 국채 대비 금리 차가 신용등급이 한 단계 낮은 A등급 지수보다 높아지는 현상이 나타나고 있다....,https://www.hankyung.com/article/202608141174i,4,0.5226,0,drop,candidate_hybrid_drop_generic_market_or_ipo_noise,4,0.5226,국채,금리,,candidate_hybrid,1,0.65,0.35
PPI 훈풍에 뉴욕증시 동반 상승…S&P500 사상 최고치 경신,채권시장에서는 단기물 중심의 강세 속에 국채 가격이 상승했다. 미국 10년물 국채금리는 전 거래일 오후 3시 기준가 대비 4.30bp 하락한 4.6400%를 기록했다. PPI 호조에 이어 국제유가까지 모처럼 하락하자 국채...,https://www.junggi.co.kr/news/articleView.html?idxno=37450,7,0.4567,1,keep,candidate_hybrid_keep_overseas_global_reference,7,0.4567,국채;국채금리,,,candidate_hybrid,1,0.65,0.35
"코스피, 3주 만에 ‘7000’ 터치…SK하이닉스 6%대 강세",미국 7월 물가 지표 발표 이후 채권시장에서는 연말 추가 금리 인상 가능성이 낮아졌다는 인식이 확산했다. 미국 국채 2년물 금리는 장중 4.15%까지 하락했고 변동성지수(VIX)도 14선에 머물렀다. 특히 AI 투자...,https://www.kukinews.com/article/view/kuk202608140030,6,0.6988,0,drop,candidate_hybrid_drop_generic_market_or_ipo_noise,6,0.6988,국채,금리;코스피,,candidate_hybrid,1,0.65,0.35
[오늘의 채권분석] 관건은 초장기와 외국인,"14일 서울채권시장은 간밤 미국의 7월 생산자물가지수(PPI)가 시장 전망치를 하회한 영향으로 대외금리가... PPI도 시장에 안도감을 주는 재료로 작용하면서, 간밤 미 국채 금리가 하락했다. 미 노동부에 따르면 지난달...",https://news.einfomax.co.kr/news/articleView.html?idxno=4430132,3,0.4607,0,drop,candidate_hybrid_drop_generic_market_or_ipo_noise,3,0.4607,국채,,,candidate_hybrid,1,0.65,0.35
PPI 안도감에 위험자산 선호 확대···코스피 6970선 돌파,"물가 둔화 기대는 채권시장에도 반영됐다. 미국 10년물 국채금리는 전 거래일보다 약 5bp 하락한 4.64%를 기록했고, 2년물 금리도 4.15%로 낮아졌다. 다만 중동 지역 지정학적 리스크와 재정적자 우려 등은 여전히...",https://www.smartbizn.com/news/articleView.html?idxno=151252,6,0.4687,0,drop,candidate_hybrid_gray_drop_no_domain_anchor,6,0.4687,국채금리,코스피,,candidate_hybrid,1,0.65,0.35
[뉴욕증시포커스] 물가 둔화에 일제히 상승…S&P500 사상 최고치,다만 지정학적 불확실성과 미국의 장기적인 재정적자에 대한 우려가 지속되고 있다는 점은 채권시장에 부담으로 남아 있다. 이에 따라 물가 압력 완화에도 미 국채 금리는 절대적인 수준에서는 여전히 높은 흐름을...,https://www.goodkyung.com/news/articleView.html?idxno=290276,3,0.547,0,drop,candidate_hybrid_drop_generic_market_or_ipo_noise,3,0.547,국채,,,candidate_hybrid,1,0.65,0.35
"브라질 대선에 채권시장 '긴장'…NH證 ""달러채 이자 먼저 챙기기, 헤알채...",브라질 중앙은행의 기준금리 인하에도 시장금리가 14%대에 머무는 가운데 오는 10월 대선이 채권시장의 최대... 브라질 채권에 우선 접근할 것을 권고했다. 최근 미국 국채 금리는 높은 수준을 유지하고 있어 달러채 투자...,https://www.financialpost.co.kr/news/articleView.html?idxno=270443,6,0.6415,0,drop,candidate_hybrid_drop_generic_market_or_ipo_noise,6,0.6415,국채;기준금리,,,candidate_hybrid,1,0.65,0.35
"뉴욕증시, 물가 부담 완화에 상승...S&P500 사상 최고치",채권시장에서도 물가 부담 완화가 반영됐다. 미국 국채 금리가 하락하면서 주식시장에 우호적인 환경이 조성됐다. AP는 미국 10년 만기 국채 금리가 4.65% 수준으로 내려왔다고 전했다. 국제유가 하락 역시...,https://www.newstopkorea.com/news/articleView.html?idxno=47039,3,0.5079,1,keep,candidate_hybrid_keep_overseas_global_reference,3,0.5079,국채,,,candidate_hybrid,1,0.65,0.35
"코스피, 개장 후 ‘7000피’ 회복… 美 증시 훈풍·연준 긴축 완화 기대","미국 7월 물가 지표 발표 이후 채권 시장에서는 연말 추가 금리 인상 가능성을 배제하는 재가격화가 진행됐다. 미국 국채 2년물 금리가 장중 4.15%까지 하락하며 단기물 중심의 강세가 나타났고, 변동성지수(VIX)도...",https://biz.chosun.com/stock/stock_general/2026/08/14/KP24X4SC2RHS7AUQ43KCQTTRDQ/?utm_source=naver&utm_medium=original&utm_campaign=biz,13,0.7029,1,keep,candidate_hybrid_keep_overseas_global_reference,13,0.7029,연준;국채,금리;코스피;채권,,candidate_hybrid,1,0.65,0.35
"갤럭시디지털 CEO ""美 재정적자, 오히려 비트코인엔 호재""…강세론 고수",노보그라츠는 결국 채권시장이 재정 규율을 강제할 것이라고 봤다. 그는 지난 10년간 여러 부문에서... 국채 금리가 오르거나 달러가 강세를 보일 경우 위험자산 전반의 투자심리가 위축될 수 있기...,https://www.digitaltoday.co.kr/news/articleView.html?idxno=693111,3,0.5338,0,drop,candidate_hybrid_drop_generic_market_or_ipo_noise,3,0.5338,국채,,,candidate_hybrid,1,0.65,0.35
"[금융실적] DB증권, 상반기 순이익 708억원",전통적인 강점 사업분야인 IB와 PF부문도 업계 내 경쟁이 심해지는 상황 속에서 조직과 인력을 계속... 또 DB저축은행 역시 부동산 관련 충당금 부담이 완화되며 안정적인 실적을 유지했다. 실적개선에 힘입어...,http://www.bizwnews.com/news/articleView.html?idxno=143398,13,0.6987,1,keep,candidate_hybrid_keep_strong_domain_rule_anchor,13,0.6987,저축은행;충당금;pf,순이익,,candidate_hybrid,1,0.65,0.35
"DB증권, WM·PI 성장에 상반기 순익 49%↑…자기자본 1조 돌파","PF) 부문도 경쟁이 심화하는 가운데 조직과 인력을 확충하며 수익성을 유지했다. 주요 자회사의 실적 개선도 힘을 보탰다. DB자산운용은 운용자산(AUM)이 늘면서 수익 기반을 확대했고, DB저축은행은 부동산 관련...",https://www.youthdaily.co.kr/news/article.html?no=225194,9,0.6341,1,keep,candidate_hybrid_keep_strong_domain_rule_anchor,9,0.6341,저축은행;pf,실적,,candidate_hybrid,1,0.65,0.35
"DB증권, 호실적 업고 자기자본 1조원 돌파",전통적인 강점 사업분야인 IB와 PF부문도 업계 내 경쟁이 심화되는 상황 속에서 조직과 인력을 지속적으로... DB저축은행 역시 부동산 관련 충당금 부담이 완화되며 안정적인 실적을 유지했다. 실적개선에 힘입어...,http://www.enewstoday.co.kr/news/articleView.html?idxno=2459685,12,0.7614,1,keep,candidate_hybrid_keep_strong_domain_rule_anchor,12,0.7614,저축은행;충당금;pf,,,candidate_hybrid,1,0.65,0.35
주담대 꺾이고 신용대출 주춤…7월 가계대출 6.2조원 증가,"발표된 부동산 금융 종합대책에 대한 구체적 이행 방안도 논의됐다. 정부는 공급 측면에서 프로젝트파이낸싱(PF) 사업자 보증공급을 올해 23조원, 내년 33조원 규모로 확대하고, 캠코펀드 3조원 추가 조성 및 은행...",https://www.junggi.co.kr/news/articleView.html?idxno=37456,13,0.4315,1,keep,candidate_hybrid_keep_strong_domain_rule_anchor,13,0.4315,은행;pf;프로젝트파이낸싱,금융,,candidate_hybrid,1,0.65,0.35
두 달째 둔화된 가계대출…'집 사는 대출'만 올해 최대,"다만 정부가 전날 발표한 부동산 금융 종합대책에서 집단대출 등 주택공급 관련 대출을 총량관리... 상호금융은 2000억원 증가에서 7000억원 감소로 돌아선 반면 저축은행은 5000억원, 여신전문금융사는 3000억원...",https://www.womentimes.co.kr/news/articleView.html?idxno=105321,10,0.3971,1,keep,candidate_hybrid_keep_strong_domain_rule_anchor,10,0.3971,저축은행;상호금융,대출;금융,,candidate_hybrid,1,0.65,0.35
[위클리오늘] 7월 全금융권 가계대출 6.2조 늘어···전월 대비 증가폭...,"상호금융은 감소 전환된 반면 저축은행과 여신전문금융사는 증가세로 돌아섰다. 최근 5년 월평균 증가... 출처=금융위원회 '7월 가계대출 동향(잠정)' 자료 재구성 당국, 부동산 금융대책 이행 강조···공급·실수요...",http://www.weeklytoday.com/news/articleView.html?idxno=790448,20,0.6394,1,keep,candidate_hybrid_keep_strong_domain_rule_anchor,20,0.6394,금융위원회;금융위;저축은행;상호금융,,,candidate_hybrid,1,0.65,0.35
"창사 첫 자기자본 1조 돌파…DB증권, 상반기 순익 49.4%↑",기업금융(IB)과 프로젝트파이낸싱(PF) 부문 역시 조직과 인력을 지속적으로 확대하며 안정적인 수익성을... DB저축은행은 부동산 관련 충당금 부담이 완화되면서 안정적 실적을 나타냈다. 이번 실적 개선에 힘입어...,https://www.cstimes.com/news/articleView.html?idxno=716943,18,0.7087,1,keep,candidate_hybrid_keep_strong_domain_rule_anchor,18,0.7087,저축은행;충당금;pf;프로젝트파이낸싱,실적,,candidate_hybrid,1,0.65,0.35
"DB증권, 창사 첫 자기자본 1조원 돌파…재무건전성 강화",증시 활황과 WM·PI 성장에 IB·PF 견조한 수익 창사 첫 자기자본 1조원 돌파·순자본비율 421.3% /DB증권... DB저축은행도 부동산 관련 충당금 부담이 완화되면서 안정적인 실적을 유지했다. 실적개선에 힘입어...,http://www.metroseoul.co.kr/article/20260814500196,16,0.7979,1,keep,candidate_hybrid_keep_strong_domain_rule_anchor,16,0.7979,저축은행;충당금;pf;순자본비율,,,candidate_hybrid,1,0.65,0.35
DB증권 상반기 영업이익 777억원… 당기순이익 49.4% 증가,"DB저축은행 역시 부동산 PF 관련 대손충당금 적립 부담이 전년 대비 대폭 완화되면서 실적 턴어라운드에 힘을 보탰다. DB증권 측은 하반기 증시 변동성 확대와 상고하저 흐름의 시장 환경이 예상되지만, 상반기에...",http://www.ttlnews.com/news/articleView.html?idxno=3134433,9,0.6763,1,keep,candidate_hybrid_keep_strong_domain_rule_anchor,9,0.6763,저축은행;pf,실적,,candidate_hybrid,1,0.65,0.35
"가계대출 7개월새 35.3조 급증…""총량 묶되 실수요엔 숨통""","상호금융권은 7000억원 감소로 전환한 반면 저축은행과 여신전문금융회사는 각각 5000억원, 3000억원 증가로... 주택공급 측면에서는 부동산 프로젝트파이낸싱(PF)에 자금을 공급해 정상 사업장의 착공을 앞당기고 부실...",http://www.4th.kr/news/articleView.html?idxno=2116394,19,0.5568,1,keep,candidate_hybrid_keep_strong_domain_rule_anchor,19,0.5568,저축은행;상호금융;pf;프로젝트파이낸싱,부실,,candidate_hybrid,1,0.65,0.35
"DB증권, 상반기 순이익 708억… 전년比 49.4%↑","기업금융(IB)과 프로젝트파이낸싱(PF) 사업도 비교적 안정적인 흐름을 유지했다. DB증권은 경쟁이 치열해진... DB자산운용은 운용자산 증가를 바탕으로 수익 기반을 확대했고, DB저축은행은 부동산 관련 충당금 부담이...",https://www.koreaittimes.com/news/articleView.html?idxno=156138,18,0.7584,1,keep,candidate_hybrid_keep_strong_domain_rule_anchor,18,0.7584,저축은행;충당금;pf;프로젝트파이낸싱,순이익,,candidate_hybrid,1,0.65,0.35
"DB증권, 상반기 순익 708억 ‘49%↑’…WM 반등·PI 성장에 자기자본 1조...",DB저축은행은 회사 설명 기준 부동산 관련 충당금 부담이 완화되며 안정적인 실적을 유지했다. 지난 6월 말 PF대출 잔액은 1806억8500만원으로 지난해 말 2152억1100만원보다 감소했다. ◆ 자기자본 1조 시대...,http://www.thevaluenews.co.kr/news/view.php?idx=200806,12,0.5212,1,keep,candidate_hybrid_keep_strong_domain_rule_anchor,12,0.5212,저축은행;충당금;pf,,,candidate_hybrid,1,0.65,0.35
"DB증권, 상반기 당기순이익 708억원…전년比 49.4% 증가",전통적인 강점 사업분야인 IB와 PF부문도 업계 내 경쟁이 심화되는 상황 속에서 조직과 인력을 지속적으로... DB저축은행 역시 부동산 관련 충당금 부담이 완화되며 안정적인 실적을 유지했다. 실적개선에 힘입어...,https://www.edaily.co.kr/news/newspath.asp?newsid=05320166645547320,12,0.5951,1,keep,candidate_hybrid_keep_strong_domain_rule_anchor,12,0.5951,저축은행;충당금;pf,,,candidate_hybrid,1,0.65,0.35
"DB증권, 상반기 영업이익 777억…전년比 36.8%↑",IB와 PF 부문도 업계 경쟁이 심화되는 상황에서 조직과 인력을 지속적으로 확충하며 견조한 수익성을... DB저축은행은 부동산 관련 충당금 부담이 완화되면서 안정적인 실적을 유지했다. 재무건전성도 강화됐다....,https://www.ppss.kr/news/articleView.html?idxno=305568,12,0.6299,1,keep,candidate_hybrid_keep_strong_domain_rule_anchor,12,0.6299,저축은행;충당금;pf,,,candidate_hybrid,1,0.65,0.35
[여의도단신]한국투자금융그룹·신한투자증권·DB증권·SK증권,전통적인 강점 사업분야인 IB(기업금융)와 PF부문도 업계 내 경쟁이 심화되는 상황 속에서 조직과 인력을... DB저축은행 역시 부동산 관련 충당금 부담이 완화되며 안정적인 실적을 유지했다고 회사 측은 설명했다. 회사...,https://www.imaeil.com/page/view/2026081414551060786,12,0.8055,1,keep,candidate_hybrid_keep_strong_domain_rule_anchor,12,0.8055,저축은행;충당금;pf,,,candidate_hybrid,1,0.65,0.35
"DB증권, 상반기 순이익 708억원…전년比 49.4% 증가","기업금융(IB)과 프로젝트파이낸싱(PF) 부문도 견조한 수익성을 유지했다. 업계 내 경쟁이 심화하는... DB자산운용은 운용자산(AUM)이 늘면서 수익 기반이 확대됐고, DB저축은행은 부동산 관련 충당금 부담이 완화되며...",https://biz.chosun.com/stock/stock_general/2026/08/14/IQ7CD2L4AVANLIZ3F5HA2NZP7U/?utm_source=naver&utm_medium=original&utm_campaign=biz,18,0.6709,1,keep,candidate_hybrid_keep_strong_domain_rule_anchor,18,0.6709,저축은행;충당금;pf;프로젝트파이낸싱,순이익,,candidate_hybrid,1,0.65,0.35
"DB증권, WM·PI 성장에 순익↑… 자기자본 1조원 시대 열었다",프로젝트파이낸싱(PF) 부문도 경쟁 심화 속에서 조직과 인력을 확충하며 수익성을 이어갔다. 자회사 실적도 개선됐다. DB자산운용은 운용자산(AUM) 확대를 통해 수익 기반을 넓혔고 DB저축은행은 부동산 관련 충당금...,http://www.biztribune.co.kr/news/articleView.html?idxno=357437,17,0.7343,1,keep,candidate_hybrid_keep_strong_domain_rule_anchor,17,0.7343,저축은행;충당금;pf;프로젝트파이낸싱,,,candidate_hybrid,1,0.65,0.35
"[기업실적]DB증권, 상반기 순이익 708억원…전년比 49.4%↑",프로젝트파이낸싱(PF) 부문은 조직과 인력을 확충하며 수익성 강화도 한 몫했다. 주요 자회사 실적도 개선됐다. DB자산운용은 운용자산(AUM) 확대에 따른 수익기반 확대로 수익성을 개선했으며 DB저축은행은 부동산...,https://www.nspna.com/news/?mode=view&newsid=824391,14,0.7223,1,keep,candidate_hybrid_keep_strong_domain_rule_anchor,14,0.7223,저축은행;pf;프로젝트파이낸싱,순이익,,candidate_hybrid,1,0.65,0.35
"저축은행·상호금융, 8·13 대책 타고 PF 엑시트 기대감",뉴스토마토 = 신수정 기자 |  저축은행과 상호금융 등 2금융권의 부동산 프로젝트파이낸싱(PF) 부실자산 비중이 높아지는 가운데 8·13 부동산대책이 PF 부실 정리의 돌파구로 떠올랐습니다. 14일 금융권에 따르면 전체...,http://www.newstomato.com/ReadNews.aspx?no=1310334&inflow=N,19,0.8808,1,keep,candidate_hybrid_keep_strong_domain_rule_anchor,19,0.8808,저축은행;상호금융;pf;프로젝트파이낸싱,부실,,candidate_hybrid,1,0.65,0.35
"DB증권, 상반기 순익 708억·전년比 50% ‘껑충’…자기자본 1조 돌파에...","IB(Investment Banking·투자은행)와 PF(Project Financing·프로젝트파이낸싱) 역시 업계 경쟁이 심화되는... DB자산운용은 운용자산(AUM) 증가에 따라 수익 기반을 확대했고, DB저축은행은 부동산 관련 충당금 부담이...",https://www.socialvalue.kr/news/view/1065590548784643,17,0.6627,1,keep,candidate_hybrid_keep_strong_domain_rule_anchor,17,0.6627,저축은행;충당금;pf;프로젝트파이낸싱,,,candidate_hybrid,1,0.65,0.35
"이억원 ""가계부채 엄격 관리…중도금·잔금대출은 차질 없이 공급""",상호금융권은 감소세로 돌아섰지만 저축은행과 여신전문금융회사는 증가세로 전환했다. 보험업권은... 이 위원장은 금융권에 주택공급 확대와 부동산 프로젝트파이낸싱(PF) 사업장 정상화에 적극적으로 참여해 달라고...,http://www.newsian.co.kr/news/articleView.html?idxno=93751,20,0.7689,1,keep,candidate_hybrid_keep_strong_domain_rule_anchor,20,0.7689,저축은행;상호금융;pf;프로젝트파이낸싱;가계부채,,,candidate_hybrid,1,0.65,0.35
7월 가계대출 6.2조원 증가...석 달 만에 증가폭 다시 꺾여,"상호금융권이 7000억원 감소로 돌아선 반면 저축은행과 여신전문금융사는 각각 5000억원, 3000억원 증가로... 시중은행이 참석한 가운데 확대 가계부채 점검회의를 열었다. 전날 발표된 부동산 시장 안정 금융...",https://www.asiaa.co.kr/news/articleView.html?idxno=258938,16,0.5619,1,keep,candidate_hybrid_keep_strong_domain_rule_anchor,16,0.5619,시중은행;저축은행;상호금융;가계부채,금융,,candidate_hybrid,1,0.65,0.35
"DB증권, 상반기 순이익 708억원…전년 대비 49.4% 증가","PF) 부문은 경쟁이 심화되는 상황에서도 조직과 인력을 확충하며 수익 기반을 유지했다. 자회사 실적도 개선됐다. DB자산운용은 운용자산(AUM) 확대에 따라 수익 기반을 넓혔으며, DB저축은행은 부동산 관련 충당금...",https://www.lcnews.co.kr/news/articleView.html?idxno=206573,13,0.6373,1,keep,candidate_hybrid_keep_strong_domain_rule_anchor,13,0.6373,저축은행;충당금;pf,순이익,,candidate_hybrid,1,0.65,0.35
"DB증권, 2분기 순익 404억원...반기 누적 708억원 달성",IB와 PF부문도 업계 내 경쟁이 심화되는 상황 속에서 조직과 인력을 지속적으로 확충하며 견조한 수익성을... DB저축은행 역시 부동산 관련 충당금 부담이 완화되며 안정적인 실적을 유지했다. DB증권은 상반기...,https://daily.hankooki.com/news/articleView.html?idxno=1396103,12,0.6225,1,keep,candidate_hybrid_keep_strong_domain_rule_anchor,12,0.6225,저축은행;충당금;pf,,,candidate_hybrid,1,0.65,0.35
"지난달 가계대출 6조2000억원↑…당국 ""총량목표 조정, 완화 신호 아냐...","반면 저축은행과 여신전문금융회사는 각각 5000억원, 3000억원 증가해 증가세로 전환했다. 보험권은... 부동산 공급 측면에서는 프로젝트파이낸싱(PF) 정상화를 위한 지원도 확대한다. 주택금융공사·주택도시보증공사...",https://www.pointdaily.co.kr/news/articleView.html?idxno=315574,13,0.403,1,keep,candidate_hybrid_keep_strong_domain_rule_anchor,13,0.403,저축은행;pf;프로젝트파이낸싱,,,candidate_hybrid,1,0.65,0.35
"DB증권, 상반기 순이익 708억원…전년比 49.4%↑","전통적인 강점 사업분야인 투자은행(IB)와 프로젝트파이낸싱(PF) 부문도 업계 내 경쟁이 심화되는 상황... DB저축은행 역시 부동산 관련 충당금 부담이 완화되며 안정적인 실적을 유지했다. DB증권 관계자는 ""하반기...",https://www.hankyung.com/article/2026081416856,18,0.7298,1,keep,candidate_hybrid_keep_strong_domain_rule_anchor,18,0.7298,저축은행;충당금;pf;프로젝트파이낸싱,순이익,,candidate_hybrid,1,0.65,0.35
"가계빚 7개월간 35조원 증가…작년 1년치에 육박, 40%는 2금융권","이 가운데 40%가량은 상호금융과 보험, 저축은행 같은 제2금융권에서 늘어난 몫이다. 금융위원회와... 정부는 전날 발표한 '부동산 시장 안정을 위한 금융 종합대책'을 통해 가계부채 총량관리 목표를 늘려 잡기로...",https://www.raonnews.com/news/article.html?no=60316,24,0.811,1,keep,candidate_hybrid_keep_strong_domain_rule_anchor,24,0.811,금융위원회;금융위;저축은행;상호금융;가계부채,금융,,candidate_hybrid,1,0.65,0.35
"DB증권, 상반기 순익 708억원 전년比 49%↑…자기자본 첫 1조원 돌파","IB·프로젝트파이낸싱(PF) 부문의 경쟁력을 유지하기 위해 관련 조직과 인력을 확충하고 있다. 주요 자회사 실적도 개선됐다. DB자산운용은 운용자산(AUM) 확대에 따라 수익 기반이 강화됐고, DB저축은행은 부동산...",https://www.ebn.co.kr/news/articleView.html?idxno=1720451,13,0.724,1,keep,candidate_hybrid_keep_strong_domain_rule_anchor,13,0.724,저축은행;pf;프로젝트파이낸싱,,,candidate_hybrid,1,0.65,0.35
"이억원 금융위원장 ""실수요자 자금 지원에 총력"" 주문","발표된 부동산 금융 종합대책의 후속 조치를 점검했다. 이날 회의에는 5대 은행장을 비롯해 금융감독원, 한국은행, 주택금융공사, 주택도시보증공사(HUG), SGI서울보증, 보험·저축은행·상호금융 등 전 금융권 관계자가...",https://www.econovill.com/news/articleView.html?idxno=748042,26,0.8787,1,keep,candidate_hybrid_keep_strong_domain_rule_anchor,26,0.8787,금융감독원;금융위;한국은행;저축은행;상호금융,금융,,candidate_hybrid,1,0.65,0.35
"""당기순이익 49% 증가""…DB증권, 상반기 순익 708억원",전통적인 강점 사업분야인 IB와 PF부문도 업계 내 경쟁이 심화되는 상황 속에서 조직과 인력을 지속적으로... DB저축은행 역시 부동산 관련 충당금 부담이 완화되며 안정적인 실적을 유지했다. 실적개선에 힘입어...,https://www.joongangenews.com/news/articleView.html?idxno=540170,12,0.6114,1,keep,candidate_hybrid_keep_strong_domain_rule_anchor,12,0.6114,저축은행;충당금;pf,,,candidate_hybrid,1,0.65,0.35
다올금융 이병철 회장 피의자 조사…3000억 우회지원 의혹,경찰은 2022년 10월 레고랜드 사태 이후 채권시장이 급격히 얼어붙으며 부동산 프로젝트파이낸싱(PF) 비중이 높았던 다올투자증권이 유동성 위기에 처하자 자회사인 다올저축은행 자금 약 3000억원이 동원된 것으로 보고...,http://www.dailypop.kr/news/articleView.html?idxno=101543,20,0.7113,1,keep,candidate_hybrid_keep_strong_domain_rule_anchor,20,0.7113,저축은행;pf;프로젝트파이낸싱;유동성;레고랜드 사태,,,candidate_hybrid,1,0.65,0.35
"DB증권, 상반기 순이익 708억…전년比 49.4% 증가",PF) 부문도 업계 경쟁이 심화한 가운데 조직과 인력을 확충하며 견조한 수익성을 유지했다. 자회사 실적도 개선됐다. DB자산운용은 운용자산(AUM) 확대를 바탕으로 수익 기반을 넓혔고 DB저축은행은 부동산 관련...,https://www.sedaily.com/article/20079451?ref=naver,9,0.6218,1,keep,candidate_hybrid_keep_strong_domain_rule_anchor,9,0.6218,저축은행;pf,순이익,,candidate_hybrid,1,0.65,0.35
7월 가계대출 6조2000억원 늘었다…전월대비 증가폭 약 2조원 줄어,"저축은행(-2000억원→5000억원), 여전사(-2000억원→3000억원)는 증가세로 돌아섰다. 한편, 이날 금융위는... 금감원·산업은행에 설치될 PF·건설사 애로해소 센터도 차질없이 준비하겠다고 밝혔다. 아울러 이번 부동산...",https://www.nongmin.com/article/20260814500168,25,0.3523,1,keep,candidate_hybrid_keep_strong_domain_rule_anchor,25,0.3523,금감원;금융위;저축은행;pf;산업은행,,,candidate_hybrid,1,0.65,0.35
증시 활황에 웃은 DB증권…자기자본 첫 1조원 돌파,IB와 PF부문도 업계 내 경쟁이 심화되는 상황 속에서 조직과 인력을 지속적으로 확충하며 견조한 수익성을... DB저축은행 역시 부동산 관련 충당금 부담이 완화되며 100억원의 순이익을 냈다. 실적 개선과 자본 확충에...,https://news.bizwatch.co.kr/article/market/2026/08/14/0019,13,0.6459,1,keep,candidate_hybrid_keep_strong_domain_rule_anchor,13,0.6459,저축은행;충당금;pf,실적,,candidate_hybrid,1,0.65,0.35
"금융당국, 7월 가계대출 동향(잠정) 및 확대 가계부채 점검회의 개최","상호금융권(+0.2조원 → △0.7조원)은 감소세로 전환된 반면, 저축은행(△0.2조원 → +0.5조원) 및 여전사(△0.... 시중은행 등이 참석했다. 참석자들은 7월 가계대출 동향에 대해 논의한 후, 8.13일 발표된 ｢부동산 시장을...",http://www.intn.co.kr/news/articleView.html?idxno=2052575,15,0.7547,1,keep,candidate_hybrid_keep_strong_domain_rule_anchor,15,0.7547,시중은행;저축은행;상호금융;가계부채,,,candidate_hybrid,1,0.65,0.35
"DB증권, 상반기 순이익 708억원···전년比 49.4% 증가","IB와 PF 부문은 조직과 인력을 확대하며 안정적인 수익 흐름을 이어갔다. 자회사 실적도 힘을 보탰다. DB자산운용은 운용자산(AUM) 증가로 수익 기반이 넓어졌고, DB저축은행은 부동산 관련 충당금 부담이 줄면서...",https://www.seoulfn.com/news/articleView.html?idxno=635692,13,0.676,1,keep,candidate_hybrid_keep_strong_domain_rule_anchor,13,0.676,저축은행;충당금;pf,순이익,,candidate_hybrid,1,0.65,0.35
"순익 708억원 DB증권, 자기자본 1조원 돌파","프로젝트파이낸싱(PF) 부문도 견조한 수익성을 이어갔다. 주요 자회사 실적도 연결 실적에 반영됐다. DB자산운용은 운용자산 확대에 따라 수익 기반을 넓혔고, DB저축은행은 부동산 관련 충당금 부담이 완화되면서...",https://www.tokenpost.kr/news/market/390581,17,0.8085,1,keep,candidate_hybrid_keep_strong_domain_rule_anchor,17,0.8085,저축은행;충당금;pf;프로젝트파이낸싱,,,candidate_hybrid,1,0.65,0.35
"DB증권, 상반기 순이익 708억…전년比 49.4%↑",전통적인 강점 사업분야인 IB(기업금융)와 PF부문도 업계 내 경쟁이 심화되는 상황 속에서 조직과 인력을... DB저축은행 역시 부동산 관련 충당금 부담이 완화되며 안정적인 실적을 유지했다고 회사 측은 설명했다....,https://www.newsis.com/view/NISX20260814_0003749289,13,0.6809,1,keep,candidate_hybrid_keep_strong_domain_rule_anchor,13,0.6809,저축은행;충당금;pf,순이익,,candidate_hybrid,1,0.65,0.35
"DB증권, 상반기 순익 708억…자기자본 1조원 시대 열었다",전통적인 강점 사업인 기업금융(IB)과 부동산 프로젝트파이낸싱(PF) 부문도 견조한 수익성을 이어갔다. 업계... DB저축은행도 부동산 관련 충당금 부담이 완화되면서 안정적인 실적을 유지했다. 재무건전성도 크게...,https://view.asiae.co.kr/article/2026081411140173439,17,0.701,1,keep,candidate_hybrid_keep_strong_domain_rule_anchor,17,0.701,저축은행;충당금;pf;프로젝트파이낸싱,,,candidate_hybrid,1,0.65,0.35
"DB증권, 상반기 순익 708억원…전년比 49.4% 증가",전통적인 강점 사업분야인 IB와 PF부문도 업계 내 경쟁이 심화되는 상황 속에서 조직과 인력을 지속적으로... DB저축은행 역시 부동산 관련 충당금 부담이 완화되며 안정적인 실적을 유지했다. 실적개선에 힘입어...,https://news.tf.co.kr/read/economy/2354216.htm,12,0.6147,1,keep,candidate_hybrid_keep_strong_domain_rule_anchor,12,0.6147,저축은행;충당금;pf,,,candidate_hybrid,1,0.65,0.35
"이억원 ""가계부채 엄격 관리…이주비·중도금·잔금은 차질없이 공급""",중구 은행연합회에서 관계기관 합동 '확대 가계부채 점검회의'를 열고 7월 가계대출 흐름과 부동산... 상호금융권은 감소로 돌아섰지만 저축은행과 여신전문금융회사는 증가세로 전환했다. 보험권 증가액은 1조1000억...,http://www.iminju.net/news/articleView.html?idxno=168086,11,0.768,1,keep,candidate_hybrid_keep_strong_domain_rule_anchor,11,0.768,저축은행;상호금융;가계부채,,,candidate_hybrid,1,0.65,0.35
"7월 금융권 가계대출 6.2조↑…""수도권 집값 상승 기대 여전""","반면 저축은행은 2천억원 감소에서 5천억원 증가로, 여신전문금융회사는 2천억원 감소에서 3천억원 증가로... 부동산 금융대책과 관련해서는 PF 사업자 보증 공급 규모 확대 계획을 차질 없이 이행하고 보증상품 신설과...",http://www.wowtv.co.kr/NewsCenter/News/Read?articleId=A202608140451&t=NN,8,0.6358,1,keep,candidate_hybrid_keep_strong_domain_rule_anchor,8,0.6358,저축은행;pf,,,candidate_hybrid,1,0.65,0.35
"DB증권, 상반기 순익 49% 증가…창사 첫 자기자본 1조원 돌파",전통적인 강점으로 꼽히는 투자은행(IB)과 프로젝트파이낸싱(PF) 부문도 업계 경쟁 심화 속에서 조직과... DB저축은행은 부동산 관련 충당금 부담이 완화되면서 안정적인 실적 흐름을 유지했다. 상반기 실적 성장에...,https://www.viva100.com/article/20260814500354,18,0.6841,1,keep,candidate_hybrid_keep_strong_domain_rule_anchor,18,0.6841,저축은행;충당금;pf;프로젝트파이낸싱,실적,,candidate_hybrid,1,0.65,0.35
"DB증권, 상반기 순이익 708억원…전년比 49.4% ↑","PF) 부문도 업계 경쟁 심화 속에서 조직과 인력을 확충하며 견조한 수익성을 이어갔다. 자회사 실적도 개선됐다. DB자산운용은 운용자산(AUM) 확대에 따른 수익 기반 확대로 수익성이 개선됐고, DB저축은행은 부동산...",https://www.etoday.co.kr/news/view/2614616,9,0.6328,1,keep,candidate_hybrid_keep_strong_domain_rule_anchor,9,0.6328,저축은행;pf,순이익,,candidate_hybrid,1,0.65,0.35
7월 가계대출 6조2000억원 증가…두 달째 증가폭 축소,"반면 저축은행은 2000억원 감소에서 5000억원 증가로, 여신전문금융회사는 2000억원 감소에서 3000억원... 다만 전날 발표한 '부동산 시장안정을 위한 금융 종합대책'에 따라 실수요자에 대한 자금 공급 여력은...",https://www.digitaltoday.co.kr/news/articleView.html?idxno=693162,5,0.3234,0,drop,candidate_hybrid_model_drop_prob_le_threshold,5,0.3234,저축은행,금융,,candidate_hybrid,1,0.65,0.35
"DB증권, 상반기 영업이익 777억원… 자기자본 1조원 돌파","PF) 부문 역시 인력 및 조직을 넓히며 안정적인 수익 기반을 유지했다. 주요 자회사들의 실적 흐름도 양호했다. DB자산운용은 운용자산(AUM) 확대를 바탕으로 수익성을 끌어올렸으며, DB저축은행은 부동산 관련...",https://www.pointe.co.kr/news/articleView.html?idxno=83224,9,0.7285,1,keep,candidate_hybrid_keep_strong_domain_rule_anchor,9,0.7285,저축은행;pf,실적,,candidate_hybrid,1,0.65,0.35
"DB증권, 상반기 순이익 708억…전년比 49.4% '껑충'","프로젝트파이낸싱(PF) 부문은 전담 조직과 인력을 늘리며 견조한 수익 흐름을 유지했다. 주요 자회사들의 실적 기여도 이어졌다. DB자산운용은 운용자산(AUM)을 넓히며 수익 기반을 강화했고, DB저축은행은 부동산 관련...",https://www.g-enews.com/view.php?ud=202608141049589342923c501012_1,15,0.722,1,keep,candidate_hybrid_keep_strong_domain_rule_anchor,15,0.722,저축은행;pf;프로젝트파이낸싱,실적;순이익,,candidate_hybrid,1,0.65,0.35
"7월 가계대출 6.2조원↑, 증가폭 둔화 … 8·13 이후 '돈줄 차단'서 '돈길...","다만 정부가 8·13 부동산 대책을 통해 가계대출 총량관리 목표를 조정하기로 하면서 가계부채 정책의... 상호금융은 2000억원 증가에서 7000억원 감소로 전환했고, 저축은행과 여전사가 각각 증가세로 돌아섰지만...",https://biz.newdaily.co.kr/site/data/html/2026/08/14/2026081400096.html,11,0.4057,1,keep,candidate_hybrid_keep_strong_domain_rule_anchor,11,0.4057,저축은행;상호금융;가계부채,,,candidate_hybrid,1,0.65,0.35
"주담대 ‘오픈런’ 끝날까…이억원, 은행장에 “실수요 자금 공급”",방안과 부동산 시장 안정을 위한 금융 종합대책을 발표했다.(사진=금융위원회 제공) 금융위원회는 14일... 보험·저축은행·상호금융 등 전 금융권 관계자가 참석했다. 이 위원장은 “가계대출 총량 목표가 조정된 만큼...,https://www.edaily.co.kr/news/newspath.asp?newsid=04329606645547320,21,0.7289,1,keep,candidate_hybrid_keep_strong_domain_rule_anchor,21,0.7289,금융위원회;금융위;저축은행;상호금융,금융,,candidate_hybrid,1,0.65,0.35
"7월 가계대출 6조2000억원 증가…금융위 “총량 조정, 투기수요 자극해...",은행연합회는 주택공급 관련 자금이 충분히 공급되도록 노력하되 신용대출 등에 대한 자율적인 관리 노력은 일관되게 지속하겠다고 밝혔다. 금융위는 부동산 금융 종합대책 가운데 PF사업자 보증공급 규모 확대와...,https://www.dailian.co.kr/news/view/1678422/?sc=Naver,11,0.4835,1,keep,candidate_hybrid_keep_strong_domain_rule_anchor,11,0.4835,금융위;pf,금융,,candidate_hybrid,1,0.65,0.35
7월 가계대출 6.2조원↑…금융위 “수도권 집값 상승 기대 여전”,"반면 저축은행은 2000억원 감소에서 5000억원 증가로, 여신전문금융회사는 2000억원 감소에서 3000억원 증가로... 특히 정부는 주택공급을 뒷받침하기 위해 부동산 프로젝트파이낸싱(PF) 사업자에 대한 보증 공급을...",http://www.joseilbo.com/news/news_read.php?uid=573840&class=18&grp=,19,0.5779,1,keep,candidate_hybrid_keep_strong_domain_rule_anchor,19,0.5779,금융위;저축은행;pf;프로젝트파이낸싱,,,candidate_hybrid,1,0.65,0.35
'대출 고삐' 통했다…가계대출 증가세 두 달째 둔화,"반면 저축은행은 2000억원 감소에서 5000억원 증가로, 여신전문금융회사는 2000억원 감소에서 3000억원... 전날 발표한 '부동산 시장 안정을 위한 금융 종합대책'과 관련해서는 주택공급을 뒷받침하고 청년 등 실수요자...",https://www.sidae.com/article/2026081409094257183,6,0.3227,0,drop,candidate_hybrid_model_drop_prob_le_threshold,6,0.3227,저축은행,대출;금융,,candidate_hybrid,1,0.65,0.35
"이억원 금융위원장 ""중도금·잔금대출 등 실수요자 지원에 총력""","이 위원장은 ""이번에 가계대출 총량목표가 합리적으로 조정된 만큼, 확대된 금융권의 추가 자금공급... 금융위는 부동산 시장 안정 실현을 위해 △부동산 PF 보증·자금공급 확대 △주택공급 촉진 위한 제도개선·규제완화...",http://www.newsfc.co.kr/news/articleView.html?idxno=80536,13,0.6931,1,keep,candidate_hybrid_keep_strong_domain_rule_anchor,13,0.6931,금융위;pf;제도개선,,,candidate_hybrid,1,0.65,0.35
7월 가계대출 6.2조 늘어…증가폭 둔화에도 총량관리 ‘경계’,"반면 저축은행은 2000억원 감소에서 5000억원 증가로, 여신전문금융회사는 2000억원 감소에서 3000억원... 주재로 은행연합회에서 확대 가계부채 점검회의를 열고 가계대출 동향과 13일 발표한 부동산 시장 안정을 위한...",https://www.etoday.co.kr/news/view/2614535,7,0.3958,1,keep,candidate_hybrid_gray_keep_domain_score_ge_threshold,7,0.3958,저축은행;가계부채,,,candidate_hybrid,1,0.65,0.35
"7월 가계대출 6.2조 증가…금융당국, 총량목표 조정 착수","반면 저축은행은 5000억원, 여신전문금융회사는 3000억원 늘어 각각 증가 전환했다. 보험권은 7000억원... 부동산 PF 후속 조치도 병행한다. 주택금융공사와 주택도시보증공사(HUG), SGI서울보증 등은 PF 사업자...",https://www.ebn.co.kr/news/articleView.html?idxno=1720403,8,0.5005,1,keep,candidate_hybrid_keep_strong_domain_rule_anchor,8,0.5005,저축은행;pf,,,candidate_hybrid,1,0.65,0.35
"7월 금융권 전체 가계대출 6.2조↑…""총량 완화, 투기 수요 자극에 유의...",상호금융권(+2000억원→-7000억원)은 감소세로 전환됐지만 저축은행(-2000억→+5000억원) 및 여전사(-2000억원... 주재로 은행연합회에서 관계기관 합동 '확대 가계부채 점검회의'를 개최하고 전날 발표된 '부동산 시장을 위한...,https://biz.sbs.co.kr/article_hub/20000328740?division=NAVER,11,0.4662,1,keep,candidate_hybrid_keep_strong_domain_rule_anchor,11,0.4662,저축은행;상호금융;가계부채,,,candidate_hybrid,1,0.65,0.35
"가계대출 8.3조→6.2조로 둔화…""총량 조정, 투기 자극 안 돼""","금융당국은 총량 확대안을 담은 8.13 부동산 대책이 '일관된 수요 관리 기조'는 유지하는 것임을... 상호금융권(2000억 원 →-7000억 원)은 감소세로 전환됐지만, 저축은행(-2000억 원→5000억 원) 및 여전사(-2000억 원→3000억...",https://www.news1.kr/finance/general-finance/6258967,8,0.3597,1,keep,candidate_hybrid_keep_strong_domain_rule_anchor,8,0.3597,저축은행;상호금융,,,candidate_hybrid,1,0.65,0.35
고금리에 3년물 회사채 대신 3개월 CP 찾는다…“연말 차환 부담 늘듯”,"그 결과 회사채와 CP의 금리 차(스프레드)는 지난해 하반기 0.25%포인트에서 전일 1.34%포인트까지 벌어졌다. 장기로 자금을 묶어두는 부담이 커지면서, 기업들이 상대적으로 금리 부담이 덜한 단기 조달로 몰리고...",https://www.ekn.kr/web/view.php?key=20260814024262944,11,0.5882,0,drop,candidate_hybrid_drop_corporate_macro_noise,11,0.5882,회사채;cp;스프레드,금리,,candidate_hybrid,1,0.65,0.35
[마켓인]9월 회사채 ‘만기 쓰나미’…7.5조 차환 물량 몰린다,"크레딧 스프레드는 회사채 시장의 투자심리를 가늠하는 대표적인 지표다. 스프레드가 확대될수록 투자자들이 회사채에 더 높은 금리를 요구한다는 뜻으로, 기업의 자금 조달 여건이 나빠지고 투자심리가...",https://www.edaily.co.kr/news/newspath.asp?newsid=05989286645547320,7,0.6731,0,drop,candidate_hybrid_drop_model_keep_without_domain_anchor,7,0.6731,회사채;스프레드,,,candidate_hybrid,1,0.65,0.35
"골드만 ""우량 등급 회사채 투자 최선 아냐…BBB·B등급 선호""","투자등급(IG) 회사채의 AA등급과 하이일드(HY) 회사채의 BB등급은 역사적으로 발행 비중이 큰 편이지만, 이들 채권은 듀레이션이 길고 신용스프레드가 좁아 금리 상승에 따른 가격 변동에 더욱 민감하다고 골드만은...",https://news.einfomax.co.kr/news/articleView.html?idxno=4430228,8,0.7146,0,drop,candidate_hybrid_drop_model_keep_without_domain_anchor,8,0.7146,회사채;스프레드,금리,,candidate_hybrid,1,0.65,0.35
美 빅테크들의 역외 자금 폭식에 현지 기업들 울상...회사채 발행 차질,"알파벳과 아마존은 캐나다 회사채 시장에서 AA등급으로 통하는데, 두 회사가 쏟아낸 물량으로 캐나다 AA등급 회사채 가격 전반이 하락(AA 등급 회사채 수익률 상승), AA 등급 회사채의 신용 스프레드(동일만기 국채 수익률...",https://www.newspim.com/news/view/20260814000793,10,0.6845,0,drop,candidate_hybrid_drop_generic_market_or_ipo_noise,10,0.6845,회사채;스프레드;국채,,,candidate_hybrid,1,0.65,0.35
"[더밸류 브리핑] 한투, 비상장 CEO 네트워크 넓힌다…현대차證 ‘소통’...","증권사들이 기업 성장 지원과 내부 소통, 글로벌 투자 편의성 강화에 나섰다. 한국투자금융그룹은 비상장... 이후 한국투자증권이 상장 전 지분투자와 IPO 대표주관을 통해 기업 성장을 지원한다. 한국투자증권 관계자는...",http://www.thevaluenews.co.kr/news/view.php?idx=200819,4,0.691,0,drop,candidate_hybrid_drop_generic_market_or_ipo_noise,4,0.691,ipo,,,candidate_hybrid,1,0.65,0.35
"신영증권, 운용이 떠받친 실적…IB 새 수익축 자리 잡을까","한국거래소 기준 IPO 상장주관 실적은 5,917억원으로 증권사 가운데 5위에 올랐다. 실적 확대에는 대한조선 IPO의 영향이 컸다. 신영증권의 IPO 공모 실적은 2022년부터 2024년까지 연간 1,000억원 안팎이었지만 지난해 공모...",http://www.srtimes.kr/news/articleView.html?idxno=210009,8,0.6659,0,drop,candidate_hybrid_drop_generic_market_or_ipo_noise,8,0.6659,증권사;ipo,실적,,candidate_hybrid,1,0.65,0.35
"[증권UP+] 금투업계, 신성장 동력 발굴 박차···투자 서비스 고도화 나...","아울러 그룹 내 액셀러레이팅부터 벤처투자, IPO 주관까지 이어지는 통합 지원 체계도 소개된다.... IMA는 증권사가 원금 지급을 약정하고 고객 자금을 기업대출, 인수금융, 회사채 등 기업금융 자산에 투자해 수익을...",https://www.smartbizn.com/news/articleView.html?idxno=151318,8,0.6535,0,drop,candidate_hybrid_drop_generic_market_or_ipo_noise,8,0.6535,회사채;ipo,,,candidate_hybrid,1,0.65,0.35
전통 IB 부진에 증권사 희비...PF·구조화금융이 실적 갈랐다,넓힌 증권사들은 상대적으로 선방했다. 대신증권은 상반기 IB·PF 부문에서 1290억원의 수익을 올렸다. 지난해 같은 기간 741억원보다 74% 늘었다. IPO 등 인수주선료가 30% 넘게 감소했지만 PF 우량 딜을 주관하면서...,https://www.ezyeconomy.com/news/articleView.html?idxno=238743,12,0.6994,1,keep,candidate_hybrid_keep_strong_domain_rule_anchor,12,0.6994,증권사;pf;ipo,실적,,candidate_hybrid,1,0.65,0.35
"한국투자금융, 비상장 CEO 모은다…'상장 전략' 원스톱 지원","최근 증권사들은 IPO 주관에 그치지 않고 스타트업 초기 투자와 벤처투자, 성장 지원을 연계하는 종합 기업금융 체계를 강화하고 있다. 유망 기업을 조기에 확보해 장기적인 파트너십을 구축하기 위한 경쟁도...",https://www.newspim.com/news/view/20260814000735,4,0.6492,0,drop,candidate_hybrid_drop_generic_market_or_ipo_noise,4,0.6492,ipo,,,candidate_hybrid,1,0.65,0.35
"[증권업계 게임체인저]⑤ 신재욱·배광수 투톱 시대…NH투자증권, IB·글...",NH투자증권은 올 상반기 공모금액 4980억원 규모의 '대어' 케이뱅크를 앞세워 IPO 주관 순위 4위에서 1위로... 홍콩법인은 IB·트레이딩·주식중개(Equity Sales)를 아우르는 종합증권사 기능을 수행하며 해외 사업의 핵심...,https://www.sentv.co.kr/article/view/sentv202608140083,4,0.6918,0,drop,candidate_hybrid_drop_generic_market_or_ipo_noise,4,0.6918,ipo,,,candidate_hybrid,1,0.65,0.35
"""최회장님, 고승범 의장님 창피합니다"" [전문]","시장은 시총의 80%에 육박하는 증권사 2026~28년 잉여현금흐름 추정을 믿지 않고 이익의 정점이 가까워지고... 금년 7월 ADR 상장을 앞두고 SK하이닉스는 주관사(JP Morgan, Bank of America, Goldman Sachs, Citi) 코칭을 받으며...",https://www.dailybrief.co.kr/news/articleView.html?idxno=6528,3,0.6365,0,drop,candidate_hybrid_gray_drop_score_lt_threshold,3,0.6365,증권사,,,candidate_hybrid,1,0.65,0.35
증권사 IB 희비 엇갈려…PF·구조화금융이 영향,"상반기 '불장'과 거래대금 증가를 바탕으로 호실적을 거둔 증권사들의 희비가 엇갈린 곳은 기업금융(IB)... IPO 등 인수주선료는 30% 넘게 줄었지만, PF 우량 딜을 주관하면서 2분기 금융자문료와 지급보증료가 각각 342...",https://biz.sbs.co.kr/article_hub/20000328750?division=NAVER,11,0.7217,1,keep,candidate_hybrid_keep_strong_domain_rule_anchor,11,0.7217,증권사;pf;ipo,,,candidate_hybrid,1,0.65,0.35
전통 IB 가뭄에 증권사 희비… PF·구조화금융 쥔 자가 웃었다,"준 증권사들은 선전했다. 대신증권은 상반기 IB·PF 수익이 1,290억 원을 기록해 전년 동기(741억 원) 대비 74% 급증했다. IPO 등 인수주선료는 30% 넘게 줄었지만, 우량 PF 딜 주관에 힘입어 2분기 금융자문료와...",https://www.fntoday.co.kr/news/articleView.html?idxno=390541,11,0.7141,1,keep,candidate_hybrid_keep_strong_domain_rule_anchor,11,0.7141,증권사;pf;ipo,,,candidate_hybrid,1,0.65,0.35
"KB증권, IPO 주춤한다? 주관 경쟁력 '이상없다'","표본 수를 고려해 코스닥 기준 IPO 주관 실적 상위 5개 증권사를 살펴보면 KB증권은 상장 당일~1년 평균 수익률이 양수(+)다. 올해는 3개월 차에 3.50% 하락했는데 한국투자증권(-11.30%), 삼성증권(-69.70%)보다 나은 수준이다....",https://www.the-stock.kr/news/articleView.html?idxno=33160,7,0.7549,0,drop,candidate_hybrid_drop_generic_market_or_ipo_noise,7,0.7549,ipo,실적;코스닥,,candidate_hybrid,1,0.65,0.35
같은 'IB 한파'에도 증권사 성적은 갈렸다…PF·구조화금융 희비,"거둔 증권사들의 희비가 엇갈린 곳은 기업금융(IB) 부문인 것으로 나타났다. 금리 상승과 중복상장 규제... IPO 등 인수주선료는 30% 넘게 줄었지만, PF 우량 딜을 주관하면서 2분기 금융자문료와 지급보증료가 각각 342...",https://www.yna.co.kr/view/AKR20260814035200008?input=1195m,12,0.7637,1,keep,candidate_hybrid_keep_strong_domain_rule_anchor,12,0.7637,증권사;pf;ipo,금리,,candidate_hybrid,1,0.65,0.35
"소비자보호는 채웠다…이찬진 금감원장 1년, 자본시장 과열은 과제","특사경 인지수사권 활용·합동대응단 3배 확대…불공정거래 대응 전면에 기자회견 없이 자료로 갈음한... 불완전판매 과징금의 금융위 최종 의결, 국고채 입찰담합 사건에 대한 공정거래위원회 제재와 그에 따른 금융권...",http://www.srtimes.kr/news/articleView.html?idxno=210098,13,0.7721,1,keep,candidate_hybrid_keep_strong_domain_rule_anchor,13,0.7721,금융위;불공정거래;불완전판매,,,candidate_hybrid,1,0.65,0.35
이찬진號 금감원 1년 어땠나,<사진=뉴시스> ◆자본시장 특사경 인지수사권 확보...조직 위상과 권한 대폭 확대 자본시장 불공정거래 척결... 은행권 홍콩H지수 ELS 불완전판매 사태 당시 금감원이 책정한 1조4000억원 규모의 과징금이 금융위 심의...,http://www.00news.co.kr/news/articleView.html?idxno=105882,23,0.7387,1,keep,candidate_hybrid_keep_strong_domain_rule_anchor,23,0.7387,금감원;금융위;은행권;불공정거래;불완전판매,,,candidate_hybrid,1,0.65,0.35
"롯데손보, 2분기 ‘흑자전환’…기본자본 2598억원 증가",2분기 잠정 총 킥스 비율은 161.9%를 기록하며 안정적인 자본력을 유지했다. 롯데손해보험 관계자는 “제도 변화와 비우호적 시장환경 속에서도 보험영업이익을 안정적으로 유지하고 기본자본과 순자산을...,http://www.segyebiz.com/newsView/20260815501597?OutUrl=naver,8,0.5839,1,keep,candidate_hybrid_keep_strong_domain_rule_anchor,8,0.5839,손해보험;킥스,,,candidate_hybrid,1,0.65,0.35
"롯데손보, 상반기 보험손익 148% 증가…2분기 흑자 전환","일반보험은 754억원으로 1.0%, 자동차보험은 706억원으로 7.4% 각각 증가했다. 재무건전성 지표도 직전 분기보다 개선됐다. 6월 말 잠정 기본자본 지급여력(K-ICS·킥스) 비율은 -5.4%로 3월 말 -21.4%보다 16.0%포인트...",https://www.kukinews.com/article/view/kuk202608140181,5,0.7054,1,keep,candidate_hybrid_model_keep_prob_ge_threshold_with_domain_anchor,5,0.7054,킥스,,,candidate_hybrid,1,0.65,0.35
"미래에셋생명, 보험손익 감소에 상반기 순익 5.4%↓",미래에셋생명이 보험손익 감소로 올해 상반기 순이익이 소폭 줄었다. 다만 투자손익이 크게 개선된... 재무건전성 지표인 지급여력(K-ICS·킥스) 비율은 6월 말 기준 155.3%로 지난해 말 176.7%와 비교하면 21.4...,https://www.kukinews.com/article/view/kuk202608140173,5,0.6841,1,keep,candidate_hybrid_model_keep_prob_ge_threshold_with_domain_anchor,5,0.6841,킥스,,,candidate_hybrid,1,0.65,0.35
"롯데손보, 2분기 흑자 전환… 기본자본 킥스비율도 개선",롯데손해보험은 2분기 말 잠정 기본자본 킥스비율이 -5.4%로 직전 분기(-21.4%)보다 16.0%포인트(p) 개선됐다고 14일 밝혔다. 잠정 기본자본은 -910억원으로 직전 분기(-3509억원)보다 약 2598억원 증가했다. 기말 순자산은...,https://www.insnews.co.kr/news/articleView.html?idxno=92316,3,0.5546,0,drop,candidate_hybrid_gray_drop_score_lt_threshold,3,0.5546,손해보험,,,candidate_hybrid,1,0.65,0.35
"교보생명, SBI 편입에 상반기 순익↑","반면 보험손익과 투자손익이 모두 부진한 탓에 별도 순익은 4786억원으로, 지난해 상반기(5853억원)보다 18.... 이익 창출 여력도 한층 확대됐다""고 밝혔다. 교보생명은 이날 지급여력(K-ICS, 킥스)비율을 공개하지 않았다.",https://news.dealsitetv.com/articles/174824,5,0.5674,0,drop,candidate_hybrid_gray_drop_score_lt_threshold,5,0.5674,킥스,,,candidate_hybrid,1,0.65,0.35
"롯데손해보험, 2분기 흑자전환 성공…기본자본·순자산 대폭 개선",새 회계제도 여파 속 장기보장성보험 성과 지속…자본건전성 확보 집중  롯데손해보험은 14일 당기순이익 13억원을 올리며 분기 흑자전환을 달성했다고 밝혔다. 2026년 2분기 잠정 기본자본 지급여력비율(K-ICS·킥스)...,http://www.srtimes.kr/news/articleView.html?idxno=210120,8,0.7979,1,keep,candidate_hybrid_keep_strong_domain_rule_anchor,8,0.7979,손해보험;킥스,,,candidate_hybrid,1,0.65,0.35
보험손익 뛴 SGI서울보증…상반기 순익 45% 증가,보험 부문의 실적 개선에도 투자 부문이 부진하면서 전체 순이익 증가폭은 크지 않았다. 재무건전성도 안정적인 수준을 유지했다. 6월 말 지급여력(K-ICS·킥스) 비율은 392.4%로 지난해 말 397.4%보다 5.0%포인트...,https://www.kukinews.com/article/view/kuk202608140163,7,0.6271,1,keep,candidate_hybrid_gray_keep_domain_score_ge_threshold,7,0.6271,킥스,실적;순이익,,candidate_hybrid,1,0.65,0.35
"롯데손보, 2분기 순이익 13억원… 분기 흑자전환",잠정 총 킥스 비율은 161.9%로 안정적인 자본건전성을 유지했다. 보험계약마진(CSM)은 2조2431억원으로 직전 분기(2조5090억원)에 비해 2659억원 감소했다. 롯데손보는 해당 감소분 대부분이 계리적 가정 선진화 제도...,https://www.pointdaily.co.kr/news/articleView.html?idxno=315631,6,0.6768,1,keep,candidate_hybrid_model_keep_prob_ge_threshold_with_domain_anchor,6,0.6768,킥스,순이익,,candidate_hybrid,1,0.65,0.35
"현대해상, 상반기 순익 6151억…전년대비 36.4% ↑","상반기 신계약 보험계약마진(CSM)은 9509억원이며 CSM 잔액은 9조8944억원이다. 건전성 지표인 지급여력비율(K-ICS, 킥스)은 209.0% 으로 지난해에 비해 18.9%포인트(P) 개선됐다.",https://daily.hankooki.com/news/articleView.html?idxno=1396287,7,0.7016,1,keep,candidate_hybrid_model_keep_prob_ge_threshold_with_domain_anchor,7,0.7016,킥스,건전성,,candidate_hybrid,1,0.65,0.35
"롯데손보, 드디어 분기 흑자 전환… 2분기 당기순이익 13억원",2분기 말 잠정 기본자본 지급여력비율(K-ICS·킥스)은 -5.4%로 개선됐다. 직전 분기 -21.4%에 비해 16.0%포인트 높아졌다. 2분기 기준 순자산 역시 9935억원으로 직전 분기에 비해 2888억원 증가했다. 보험계약 관련...,https://daily.hankooki.com/news/articleView.html?idxno=1396280,5,0.7023,1,keep,candidate_hybrid_model_keep_prob_ge_threshold_with_domain_anchor,5,0.7023,킥스,,,candidate_hybrid,1,0.65,0.35
"롯데손보, 2분기 순익 13억 '전분기 대비 흑자전환'…기본자본 킥스 개...",박재찬 보험전문기자 = 롯데손해보험이 올해 2분기 13억원의 순이익을 내며 전분기 대비 흑자 전환했다. 특히 재무건전성의 약점으로 꼽혀온 기본자본 지급여력(K-ICS·킥스)비율이 한 분기 만에 16%포인트(p) 개선됐다....,https://www.news1.kr/finance/insurance-card/6259793,8,0.7096,1,keep,candidate_hybrid_keep_strong_domain_rule_anchor,8,0.7096,손해보험;킥스,,,candidate_hybrid,1,0.65,0.35
"롯데손보, 2분기 순익 13억원 '흑자 전환'…투자 손실 개선","장기보장성보험의 2분기 원수보험료는 6천386억원으로 1년 전 6천285억원에 비해 101억원 증가했습니다. 한편, 총 지급여력비율(K-ICS, 킥스)는 161.9%이며, 기본자본 킥스는 -5.4%를 기록했습니다.",https://biz.sbs.co.kr/article_hub/20000328891?division=NAVER,5,0.6082,0,drop,candidate_hybrid_gray_drop_score_lt_threshold,5,0.6082,킥스,,,candidate_hybrid,1,0.65,0.35
"롯데손보, 2분기 순익 13억 ‘흑자전환’…기본자본 ‘킥스’도 16%p 개...",롯데손해보험이 올해 2분기 흑자전환에 성공했다. 보험영업이익을 안정적으로 유지하는 가운데 투자손익이 직전 분기보다 개선되면서 실적이 반등했다. 자본건전성 지표도 개선세를 보였다. 롯데손해보험은 2분기...,https://www.mydaily.co.kr/page/view/2026081417260437956,8,0.5969,1,keep,candidate_hybrid_keep_strong_domain_rule_anchor,8,0.5969,손해보험;킥스,,,candidate_hybrid,1,0.65,0.35
"롯데손보, 2분기 순익 13억 '흑자전환'…""투자손실 개선""","장기보장성보험의 2분기 원수보험료는 6386억원으로 전년 동기 6285 억원에 비해 101억원 증가했다. 총 지급여력비율(K-ICS, 킥스)는 161.9%이며, 기본자본 킥스는 -5.4%를 기록했다. 롯데손보 관계자는 ""일시적인...",https://www.mt.co.kr/finance/2026/08/14/2026081415492116859,5,0.6114,0,drop,candidate_hybrid_gray_drop_score_lt_threshold,5,0.6114,킥스,,,candidate_hybrid,1,0.65,0.35
"미래에셋생명, 계리가정 변경에도 상반기 순익 714억…신계약은 32%↑",미래에셋생명이 계리가정 변경에 따른 보험손익 감소에도 보장성보험과 변액보험을 중심으로 영업... 건전성 지표인 신지급여력제도(K-ICS·킥스) 비율은 155.3%로 연초보다 21.4%포인트 하락했다. 미래에셋생명...,https://www.newspim.com/news/view/20260814001131,7,0.7436,1,keep,candidate_hybrid_model_keep_prob_ge_threshold_with_domain_anchor,7,0.7436,킥스,건전성,,candidate_hybrid,1,0.65,0.35
"롯데손보, 2분기 순이익 13억원…흑자전환",2분기 말 보험계약마진(CSM)은 2조2431억원으로 직전 분기 대비 2659억원 줄었다. 투자손익은 -235억원으로 직전 분기 -557억원 대비 약 322억원 개선됐다. 잠정 기본자본 신지급여력제도(K-ICS·킥스) 비율은 -5.4%로...,https://view.asiae.co.kr/article/2026081417180761840,6,0.7151,1,keep,candidate_hybrid_model_keep_prob_ge_threshold_with_domain_anchor,6,0.7151,킥스,순이익,,candidate_hybrid,1,0.65,0.35
"미래에셋생명, 상반기 신계약 CSM 25%↑…순익 714억원",건강보험 중심의 보장성상품 판매 확대와 변액보험 성장에 따른 결과다. 보유 CSM은 2조3311억원으로 지난해 말(2조584억원) 대비 2727억원 증가했다. 지급여력(K-ICS·킥스) 비율은 155.3%로 지난해 말(176.7%) 대비 21.4...,http://www.ftoday.co.kr/news/articleView.html?idxno=363662,5,0.5419,0,drop,candidate_hybrid_gray_drop_score_lt_threshold,5,0.5419,킥스,,,candidate_hybrid,1,0.65,0.35
"현대해상, 상반기 순익 36.4%↑…장기보험 손익 105.7% 증가","현대해상 관계자는 ""상반기는 보험금 예실차 축소 등으로 이익이 증가했고, 킥스도 209%를 기록하는 등 자본 안정성도 확보되고 있다""며 ""앞으로 이익 창출력 향상에 더욱 역량을 집중해 기업가치 제고의 토대가 될...",https://www.s-journal.co.kr/news/articleView.html?idxno=43048,0,0.3629,0,drop,candidate_hybrid_gray_drop_score_lt_threshold,0,0.3629,,,,candidate_hybrid,1,0.65,0.35
"순이익 13억원 롯데손보, 한 분기 만에 흑자",본지는 앞서 금리 상승이 보험사 킥스 비율과 재무 건전성 변수로 작용할 수 있다고 보도했다. 2분기 말 순자산은 9935억원으로 전 분기보다 2888억원 늘었다. 기타포괄손익(OCI) 누계액이 개선된 영향이다. 잠정...,https://www.tokenpost.kr/news/market/390785,12,0.6997,1,keep,candidate_hybrid_keep_strong_domain_rule_anchor,12,0.6997,보험사;킥스,금리;건전성;순이익,,candidate_hybrid,1,0.65,0.35
6번 퇴짜맞던 KDB생명 '반전'…1조 수혈에 새 주인 찾기 눈앞,(K-ICS·킥스)비율이 여전히 금융당국 권고 수준에 크게 못 미치는 데다 내년 기본자본 규제 도입까지 앞두고 있어 새 주인 역시 상당한 규모의 추가 자본을 투입해야 할 것으로 예상된다. 14일 보험업계에 따르면...,https://www.news1.kr/finance/insurance-card/6259176,8,0.7608,1,keep,candidate_hybrid_keep_strong_domain_rule_anchor,8,0.7608,보험업계;킥스,,,candidate_hybrid,1,0.65,0.35
"롯데손보, 2분기 흑자전환…투자손실 줄이고 킥스 161%","잠정 킥스 비율은 161.9%로 안정적인 자본력을 유지하고 있다. 롯데손보 관계자는 ""제도 변화와 비우호적 시장환경에도 보험영업이익을 안정적으로 유지하고 기본자본과 순자산을 개선했다""며 ""자본 건전성 개선...",https://news.einfomax.co.kr/news/articleView.html?idxno=4430248,7,0.7474,1,keep,candidate_hybrid_model_keep_prob_ge_threshold_with_domain_anchor,7,0.7474,킥스,건전성,,candidate_hybrid,1,0.65,0.35
"롯데손보, 2분기 흑자전환…기본자본비율 개선","보험은 올해 2분기 당기순이익 13억원과 영업이익 31억원을 기록해, 직전 분기 대비 흑자전환했다고 14일 밝혔다. 1분기에는 당기순손실 198억원과 영업손실 285억원을 각각 기록했다. 2분기 지급여력(K-ICS, 킥스)...",https://news.dealsitetv.com/articles/174807,5,0.73,1,keep,candidate_hybrid_model_keep_prob_ge_threshold_with_domain_anchor,5,0.73,킥스,,,candidate_hybrid,1,0.65,0.35
"미래에셋생명, 상반기 순익 714억원…신계약 CSM 25%↑",변액보험 성장이 영향을 미쳤다. 미래 수익성을 나타내는 신계약 CSM도 3076억원으로 지난해 같은 기간보다 25.4% 늘었다. 반면 재무건전성 지표인 지급여력(K-ICS·킥스) 비율은 155.3%로 연초보다 21.4%포인트(p) 하락했다....,https://www.dailian.co.kr/news/view/1678681/?sc=Naver,5,0.6412,0,drop,candidate_hybrid_gray_drop_score_lt_threshold,5,0.6412,킥스,,,candidate_hybrid,1,0.65,0.35
"매각 추진 중인 롯데손보, 2분기 흑자전환...자본 건전성도 '반등'",4%로 개선 투자손실 폭 축소…순자산 2888억원 늘어 최대주주 변경을 추진 중인 롯데손해보험이 올해 2분기 흑자 전환에 성공했다. 지난 1분기 급락했던 기본자본 지급여력(K-ICS·킥스)비율이 반등하며 실적 개선을...,https://www.topdaily.kr/articles/111488,9,0.8148,1,keep,candidate_hybrid_keep_strong_domain_rule_anchor,9,0.8148,손해보험;킥스,실적,,candidate_hybrid,1,0.65,0.35
"롯데손보, 2분기 순익 13억원 '흑자전환' … 기본자본 2598억원 증가","기본자본과 순자산도 전분기보다 개선되면서 기본자본 지급여력(K-ICS·킥스) 비율은 -5.4%까지 회복했다. 롯데손해보험은 14일 올해 2분기 영업이익 31억원, 당기순이익 13억원을 기록하며 분기 흑자전환했다고...",https://biz.newdaily.co.kr/site/data/html/2026/08/14/2026081400248.html,8,0.721,1,keep,candidate_hybrid_keep_strong_domain_rule_anchor,8,0.721,손해보험;킥스,,,candidate_hybrid,1,0.65,0.35
"[2Q 생보사 실적 리뷰] 한화생명, 보험·투자 호실적 견인","가용자본 증가와 금리 상승 영향으로 지급여력비율인 킥스는 167%로 집계돼 전분기 대비 4.9%포인트, 지난해 말 대비 9.5%포인트 상승했다. 한화생명은 하반기에도 중장기납 종신보험과 치매·간병 건강보험의...",https://www.kfenews.co.kr/news/articleView.html?idxno=662468,5,0.5895,0,drop,candidate_hybrid_gray_drop_score_lt_threshold,5,0.5895,생보사,금리;실적,,candidate_hybrid,1,0.65,0.35
"롯데손보, 2분기 영업익 31억 흑자전환…순자산 2888억 증가","화이트페이퍼, WHITEPAPER롯데손해보험 사옥. (사진=롯데손해보험)  롯데손해보험이 올해 2분기 장기보장성... 2분기 말 잠정 기본자본 지급여력비율(K-ICS·킥스)은 -5.4%로 개선됐다. 직전 분기 -21.4%에 비해 16.0%p...",http://www.whitepaper.co.kr/news/articleView.html?idxno=265780,8,0.7642,1,keep,candidate_hybrid_keep_strong_domain_rule_anchor,8,0.7642,손해보험;킥스,,,candidate_hybrid,1,0.65,0.35
"롯데손해보험, 2분기 순익 13억…'흑자전환' 성공",롯데손해보험이 올해 2분기 흑자전환했다. 안정적인 보험영업이익이 이어진 가운데 투자영업손실도... 2분기 말 잠정 지급여력(K-ICS·킥스)비율​은 161.9%로 집계됐다. 기본자본 K-ICS비율은 -5.4%로 직전 분기 -21.4...,http://www.popcornnews.net/news/articleView.html?idxno=129820,8,0.7197,1,keep,candidate_hybrid_keep_strong_domain_rule_anchor,8,0.7197,손해보험;킥스,,,candidate_hybrid,1,0.65,0.35
"미래에셋생명, 상반기 순익 714억원…전년比 5.5%↓",아울러 신계약 연납화보험료(APE)는 전년 대비 32.4% 오른 3923억원이다. 신계약 서비스계약마진(CSM)은 지난해 같은 기간보다 25.4% 늘어난 3076억원이다. 건전성 지표인 신지급여력제도(K-ICS·킥스)는 비율은 155.3%다....,https://weekly.hankooki.com/news/articleView.html?idxno=7179119,7,0.6938,1,keep,candidate_hybrid_model_keep_prob_ge_threshold_with_domain_anchor,7,0.6938,킥스,건전성,,candidate_hybrid,1,0.65,0.35
"롯데손보, 2분기 당기순이익 13억원…분기 흑자전환",롯데손해보험은 2분기 영업이익 31억원·당기순이익 13억원을 기록하며 분기 흑자전환했다고 14일... 2분기 말 잠정 기본자본 지급여력비율(K-ICS·킥스)은 -5.4%로 개선됐다. 직전 분기 -21.4%에 비해 16.0%포인트 높아진...,https://www.newsis.com/view/NISX20260814_0003749953,8,0.7376,1,keep,candidate_hybrid_keep_strong_domain_rule_anchor,8,0.7376,손해보험;킥스,,,candidate_hybrid,1,0.65,0.35
"롯데손보, 2분기 흑자전환…기본자본 K-ICS도 -5.4%로 개선",보험 본업에서 안정적인 이익을 낸 데다 투자손실 규모가 줄면서 실적이 개선됐다. 자본건전성 지표인 기본자본 지급여력(K-ICS·킥스) 비율도 직전 분기보다 크게 높아졌다.14일 롯데손보에 따르면 올해 2분기...,https://news.mtn.co.kr/news-detail/2026081413122041059,5,0.8229,1,keep,candidate_hybrid_model_keep_prob_ge_threshold_with_domain_anchor,5,0.8229,킥스,,,candidate_hybrid,1,0.65,0.35
"롯데손보, 2분기 흑자전환…기본자본 킥스 한 분기새 16%p 상승",총 킥스 비율은 161.9%로 집계됐다. 다만 미래 수익성을 나타내는 보험계약마진(CSM)은 계리적 가정 선진화 제도 적용 등의 영향으로 감소했다. 2분기 말 CSM은 2조2431억원으로 직전 분기 2조5090억원보다 2659억원...,https://www.dailian.co.kr/news/view/1678662/?sc=Naver,5,0.5878,0,drop,candidate_hybrid_gray_drop_score_lt_threshold,5,0.5878,킥스,,,candidate_hybrid,1,0.65,0.35
"국고채 30년물 4.685%, 보험사 매수 여력 시험대",금리 상승폭이 커지면 보유 채권 평가손실이 확대되고 순자산이 줄어 킥스 비율 하락 압력이 생긴다. 한 보험사 관계자는 “시장금리가 오르면 보험 부채 듀레이션이 자산 듀레이션보다 더 빨리 짧아지기 때문에 오히려...,https://www.tokenpost.kr/news/cryptocurrency/390736,11,0.7211,1,keep,candidate_hybrid_keep_strong_domain_rule_anchor,11,0.7211,보험사;킥스,금리;채권,,candidate_hybrid,1,0.65,0.35
"현대해상, 장기보험 반등에 순익 36%↑…상반기 6151억원","6월 말 지급여력(K-ICS·킥스)비율은 209.0%로 지난해 말 190.1%보다 18.9%포인트 상승했다. 현대해상 관계자는 ""장기보험은 보험금 예실차 적자폭이 축소된 데다 계리가정 선진화 가이드라인 반영에 따른 일회성...",https://www.ntoday.co.kr/news/articleView.html?idxno=128762,5,0.5987,0,drop,candidate_hybrid_gray_drop_score_lt_threshold,5,0.5987,킥스,,,candidate_hybrid,1,0.65,0.35
"한국금융지주, KDB생명 인수 '초읽기'…향후 전망은","2025년에는 보험 부문이 적자를 기록하여 전반적인 수익성이 미흡한 편이다. 회사는 열위한 자본 규모로 인해 지급여력비율(K-ICS, 킥스) 등 자본적정성 관리 부담이 상존하고 있다. 2025년 말 지급여력비율은 경과조치...",https://www.sisaon.co.kr/news/articleView.html?idxno=203541,5,0.7497,1,keep,candidate_hybrid_model_keep_prob_ge_threshold_with_domain_anchor,5,0.7497,킥스,,,candidate_hybrid,1,0.65,0.35
"추락하는 30년 구원투수 없나…보험사 ""오히려 팔수도"" vs ""매력적 타이...","결과적으로 킥스 비율이 빠르게 하락하는 위기가 형성된다는 것이다. 한 보험사 관계자는 ""시장금리가 오르면 보험 부채 듀레이션이 자산 듀레이션보다 더 빨리 짧아지기 때문에 오히려 초장기를 팔아야 할 수도 있다...",https://news.einfomax.co.kr/news/articleView.html?idxno=4430231,8,0.6229,1,keep,candidate_hybrid_keep_strong_domain_rule_anchor,8,0.6229,보험사;킥스,,,candidate_hybrid,1,0.65,0.35
"현대해상, 장기보험 앞세워 상반기 순익 전년比 36.4%↑...CSM 10조원 눈앞",여기에 보험계약마진(CSM)이 10조원에 근접하고 지급여력비율(K-ICS·킥스)도 200%를 웃도는 등 미래 수익성·자본건전성 지표 역시 함께 개선됐다. 14일 <녹색경제신문>의 취재를 종합하면 현대해상의 올해 상반기...,https://www.greened.kr/news/articleView.html?idxno=347700,5,0.6493,0,drop,candidate_hybrid_gray_drop_score_lt_threshold,5,0.6493,킥스,,,candidate_hybrid,1,0.65,0.35
"[실적] 삼성생명, 상반기 순익 1.89조 전년比 35.8%↑…투자손익 82% 늘어",신계약 보험계약마진(CSM)은 1조7175억원으로 전년 동기 대비 20.4% 증가했다. 6월 말 CSM과 지급여력비율(K-ICS·킥스)은 각각 13.7조원과 208%를 기록했다. 서울시 서초구 삼성생명 본사. [사진=삼성생명]◆ 상반기...,http://www.thevaluenews.co.kr/news/view.php?idx=200792,6,0.6439,1,keep,candidate_hybrid_gray_keep_domain_score_ge_threshold,6,0.6439,킥스,실적,,candidate_hybrid,1,0.65,0.35
"미래에셋생명, 상반기 순익 714억…""계리가정변경에 보험손익 감소""","건강보험 중심의 보장성 상품 판매, 변액보험 성장의 투트랙 영업 전략으로 상반기 신계약 연납화보험료(APE)는 전년비 32.4% 증가한 3923억으로 나타났습니다. 지급여력비율(K-ICS, 킥스)은 155.3% 수준이다....",https://www.mt.co.kr/finance/2026/08/14/2026081415030381711,5,0.5404,0,drop,candidate_hybrid_gray_drop_score_lt_threshold,5,0.5404,킥스,,,candidate_hybrid,1,0.65,0.35
"미래에셋생명, 상반기 순이익 714억원…전년비 5.4%↓","신계약 보험계약마진(CSM)은 전년비 25.4% 늘어난 3076억원을 기록했다. 건전성 지표인 신지급여력제도(K-ICS·킥스) 비율은 155.3%로 연초 대비 21.4%포인트 줄었다. 미래에셋생명 관계자는 ""불확실한 대내외 환경에도...",https://view.asiae.co.kr/article/2026081415063747076,8,0.7923,1,keep,candidate_hybrid_keep_strong_domain_rule_anchor,8,0.7923,킥스,건전성;순이익,,candidate_hybrid,1,0.65,0.35
"미래에셋생명, 보장성·변액 '투트랙' 성장…신계약 APE 32%↑","이 가운데 보장성 신계약 CSM은 2795억 원으로 28.9%, 건강상해보험 신계약 CSM은 2594억 원으로 30.6% 늘었다. 6월 말 보유 CSM은 2조3311억 원으로 지난해 말 대비 13.2% 증가했다. 재무건전성 지표인 지급여력(K-ICS·킥스)...",http://www.popcornnews.net/news/articleView.html?idxno=129785,5,0.5422,0,drop,candidate_hybrid_gray_drop_score_lt_threshold,5,0.5422,킥스,,,candidate_hybrid,1,0.65,0.35
"현대해상, 상반기 순이익 6151억원…전년比 36.4%↑",3% 감소했다. 미래 수익성을 나타내는 보험계약서비스마진(CSM)은 9조8944억원으로 지난해 말보다 11.2% 증가했다. 자본 건전성 지표인 지급여력(K-ICS·킥스) 비율은 209.0%로 지난해 말보다 18.9%포인트 상승했다.,https://www.cstimes.com/news/articleView.html?idxno=716901,8,0.6664,1,keep,candidate_hybrid_keep_strong_domain_rule_anchor,8,0.6664,킥스,건전성;순이익,,candidate_hybrid,1,0.65,0.35
"홍원학 삼성생명 대표, 전속채널 4만5000명 확대…신계약 CSM 20% 성장 [금...","전속 보험설계사(FC)와 전속대리점이 전체 신계약 보험계약마진(CSM)의 85.1%를 차지하면서 전속설계사... 6월 말 지급여력(K-ICS·킥스)비율은 208%, 기본자본 K-ICS비율은 177%를 기록했다. 이 CFO는 “최적의 상품...",https://www.fntimes.com/html/view.php?ud=202608131550498709ed56b8e1f8_18,5,0.6618,1,keep,candidate_hybrid_model_keep_prob_ge_threshold_with_domain_anchor,5,0.6618,킥스,,,candidate_hybrid,1,0.65,0.35
"""올해 순이익만 '2조4000억' 전망…거침없는 삼성화재, 하반기도 쾌속 질...","같은 기간 보험손익은 5528억원으로 전년 동기대비 17.1% 증가했다. 장기보험손익은 4403억원을 기록하며... 2분기 킥스비율은 282.8%로 전분기 대비 12.7%p 상승했고, 기본자본비율은 219.9%로 35.3%p 올랐다. 삼성전자...",https://www.newsquest.co.kr/news/articleView.html?idxno=271806,0,0.3642,0,drop,candidate_hybrid_gray_drop_score_lt_threshold,0,0.3642,,,,candidate_hybrid,1,0.65,0.35
"""시장 기대치 하회한 삼성생명, 믿을 건 '압도적 CSM'과 '삼성전자 특별...","변액보험 투자손실은 2분기 연속 –850억원을 기록했다. 2분기 킥스비율은 208.2%로 전분기 대비 1.6%포인트 하락했으나, 기본자본비율은 177.2%로 7.7%포인트 상승해 안정적 수준을 유지했다. 하나증권은 14일...",https://www.newsquest.co.kr/news/articleView.html?idxno=271805,0,0.5818,0,drop,candidate_hybrid_drop_generic_market_or_ipo_noise,0,0.5818,,,,candidate_hybrid,1,0.65,0.35
"현대해상, 상반기 순익 6151억원… 장기보험이 실적 견인","현대해상이 장기보험을 중심으로 수익성이 개선되면서 올해 상반기 실적이 크게 증가했다.... 지급여력(K-ICS·킥스)비율도 209.0%로 지난해 말(190.1%)보다 18.9%포인트(p) 상승했다. 현대해상 관계자는 ""각 부문별로...",https://www.insnews.co.kr/news/articleView.html?idxno=92305,6,0.5298,1,keep,candidate_hybrid_gray_keep_domain_score_ge_threshold,6,0.5298,킥스,실적,,candidate_hybrid,1,0.65,0.35
현대해상 2분기 순익 58%↑…장기보험 뛰고 車보험 흑자전환,현대해상이 장기보험 손익 개선에 힘입어 올해 2분기 순이익을 60% 가까이 늘렸다. 적자를 이어가던... 6월 말 지급여력(K-ICS·킥스)비율은 209.0%로 지난해 말보다 18.9%포인트(p) 상승했다. 기본자본비율은 83.8%로...,https://www.kukinews.com/article/view/kuk202608140061,5,0.6337,0,drop,candidate_hybrid_gray_drop_score_lt_threshold,5,0.6337,킥스,,,candidate_hybrid,1,0.65,0.35
‘보험 퍼즐’ 맞추는 한투…KDB생명 정상화에 1조원 더 들까,관련 보험상품을 직접 제조·판매해 자산관리(WM) 영역을 넓히는 효과도 기대할 수 있다. 문제는 KDB생명의 자본건전성이다. 신한투자증권에 따르면 KDB생명의 기본자본 지급여력비율(K-ICS·킥스)은 -25% 수준이다. 오는...,https://www.kukinews.com/article/view/kuk202608140060,5,0.8086,1,keep,candidate_hybrid_model_keep_prob_ge_threshold_with_domain_anchor,5,0.8086,킥스,,,candidate_hybrid,1,0.65,0.35
현대해상 상반기 순익 6151억…전년동기比 36%↑,"인보험 신계약 가운데 무해지 상품 비중은 57.7%로 지난해보다 10.6%포인트 확대됐다. 건전성 지표도 개선됐다. 핵심 건전성 지표 중 하나인 지급여력비율(K-ICS·킥스)은 6월 말 기준 209.0%로, 지난해 말보다 18.9...",https://biz.heraldcorp.com/article/10841409?ref=naver,7,0.6737,1,keep,candidate_hybrid_model_keep_prob_ge_threshold_with_domain_anchor,7,0.6737,킥스,건전성,,candidate_hybrid,1,0.65,0.35
"삼성화재, 삼성전자 주주환원 기대감...증권가 목표가 올린 이유는? [주...","삼성화재가 보험 본업의 수익성 회복과 투자이익 증가에 힘입어 시장 예상치를 크게 웃도는 2분기 실적을... 2분기 말 지급여력제도(K-ICS·킥스) 비율은 282.8%로 전분기보다 12.7%포인트 상승했고, 기본자본비율도 219.9...",http://www.joseilbo.com/news/news_read.php?uid=573848&class=53&grp=,5,0.6785,1,keep,candidate_hybrid_model_keep_prob_ge_threshold_with_domain_anchor,5,0.6785,킥스,,,candidate_hybrid,1,0.65,0.35
"""장기보험 견인"" 현대해상, 상반기 순익 전년比 36.4%↑",현대해상의 신지급여력제도(K-ICS·킥스)는 209.0%다. 이는 보험사의 재무 건전성을 보여주는 지표로 높을수록 자본 건전성이 좋다는 의미다. 이번 수치는 지난해 말과 비교해 18.9%포인트 오른 수준이다.,https://weekly.hankooki.com/news/articleView.html?idxno=7179030,5,0.6031,0,drop,candidate_hybrid_gray_drop_score_lt_threshold,5,0.6031,킥스,,,candidate_hybrid,1,0.65,0.35
"KDB생명, 7수 끝에 새 주인 찾나…한투금융 우협 선정","이어 보험업까지 사업 영역을 확장하게 된다. 지난 7일 진행된 매각 본입찰에는 한화생명, 흥국생명... 올해 1분기 말 기준 KDB생명 지급여력비율(K-ICS·킥스)은 경과조치 적용 전 74.5%에 머물고 있다. 이처럼 인수 가격...",https://www.mdtoday.co.kr/news/articleView.html?idxno=608473,5,0.8126,1,keep,candidate_hybrid_model_keep_prob_ge_threshold_with_domain_anchor,5,0.8126,킥스,,,candidate_hybrid,1,0.65,0.35
"현대해상, 상반기 순익 6151억원 … 전년比 36.4%↑",뉴데일리 박정연 기자 = 현대해상이 올해 상반기 장기보험손익 증가에 힘입어 6000억원이 넘는 순이익을... 상반기 지급여력(K-ICS·킥스) 비율은 209.0%로 지난해 말보다 18.9%포인트(p) 상승했다. 뉴데일리 박정연,https://biz.newdaily.co.kr/site/data/html/2026/08/14/2026081400105.html,5,0.5901,0,drop,candidate_hybrid_gray_drop_score_lt_threshold,5,0.5901,킥스,,,candidate_hybrid,1,0.65,0.35
"현대해상, 상반기 순이익 6547억원…자동차보험은 적자","부문별로는 장기보험 손익이 6139억원으로 전년 동기 대비 105.7% 증가했다. 보험금 예실차(예상과 실제... 4%포인트 낮아졌으며 지급여력비율(K-ICS·킥스)은 6월 말 기준 209.0%로, 지난해 말보다 18.9%포인트 올랐다....",https://www.dnews.co.kr/uhtml/view.jsp?idxno=202608141030289270086,6,0.5288,1,keep,candidate_hybrid_gray_keep_domain_score_ge_threshold,6,0.5288,킥스,순이익,,candidate_hybrid,1,0.65,0.35
현대해상 상반기 순이익 6151억…전년比 36.4% 증가,"13회차, 25회차 유지율은 보험 계약 이후 각각 해당 개월동안 유지되고 있는 보험 비율로 보험 영업 효율성 지표로 활용된다. 킥스 비율은 209.0%로 전년 말(190.1%)보다 18.9%포인트 상승했다. 기본자본 킥스...",https://www.smartbizn.com/news/articleView.html?idxno=151267,6,0.4421,1,keep,candidate_hybrid_gray_keep_domain_score_ge_threshold,6,0.4421,킥스,순이익,,candidate_hybrid,1,0.65,0.35
"DB손보, 보험손익 109.9% 급증…삼성화재 바짝 추격",지급여력(K-ICS·킥스) 비율은 미국 특화보험사 포테그라 인수 자본 부담의 영향으로 전 분기보다 27.8%포인트 하락한 204.3%를 기록했다. 다만 회사가 설정한 관리 목표선인 200% 이상은 안정적으로 유지했다.,https://www.mdtoday.co.kr/news/articleView.html?idxno=608470,5,0.7141,1,keep,candidate_hybrid_model_keep_prob_ge_threshold_with_domain_anchor,5,0.7141,킥스,,,candidate_hybrid,1,0.65,0.35
"현대해상, 장기보험 회복·CSM 10조 눈앞…상반기 순익 6547억원",현대해상이 장기보험 실적 개선에 힘입어 올해 상반기 6500억원이 넘는 순이익을 거뒀다. 보험금... 2%) 증가했다. 같은 기간 지급여력(K-ICS·킥스) 비율은 190.1%에서 209.0%로 18.9%p 상승했다. 파이낸셜투데이,http://www.ftoday.co.kr/news/articleView.html?idxno=363635,6,0.5345,1,keep,candidate_hybrid_gray_keep_domain_score_ge_threshold,6,0.5345,킥스,실적,,candidate_hybrid,1,0.65,0.35
"현대해상, 상반기 순익 6151억·전년比 36.4%↑…미래수익·자산건전성 ...",미래 수익성 지표인 CSM(보험계약마진)과 보험사의 자산건전성 지표인 지급여력(K-ICS·킥스)비율도 상승 흐름을 이어갔다. 14일 금융감독원 전자공시에 따르면 현대해상의 올해 상반기 순이익은 지난해 같은...,http://www.popcornnews.net/news/articleView.html?idxno=129731,11,0.7005,1,keep,candidate_hybrid_keep_strong_domain_rule_anchor,11,0.7005,금융감독원;킥스,,,candidate_hybrid,1,0.65,0.35
본업 잘한 현대해상…상반기 순익 36% 증가,"손실흡수능력이 높은 핵심자본을 보여주는 지표인 기본자본 킥스비율은 올 상반기 83.8%로, 전년 같은 기간 대비 8.9%포인트 상승했다. 현대해상 관계자는 ""보험금 예실차 적자폭을 축소했고, 계리가정 선진화...",https://news.dealsitetv.com/articles/174753,0,0.3125,0,drop,candidate_hybrid_model_drop_prob_le_threshold,0,0.3125,,,,candidate_hybrid,1,0.65,0.35
"현대해상, 상반기 순익 6151억원…전년비 36.4%↑",투자손익은 1058억원으로 전년 동기 대비 55.3% 감소했다. 보험계약마진(CSM) 잔액은 9조8944억원으로 전년 말 대비 11.2% 증가했다. 신지급여력제도(K-ICS·킥스) 비율은 209.0%로 전년 말보다 18.9%포인트 상승했다.,https://view.asiae.co.kr/article/2026081410325866397,5,0.6304,0,drop,candidate_hybrid_gray_drop_score_lt_threshold,5,0.6304,킥스,,,candidate_hybrid,1,0.65,0.35
"현대해상, 상반기 당기순이익 6151억원⋯전년 대비 36.4% ↑","2% 증가했다. 장기보험, 자동차보험, 일반보험 손익은 각각 89%, 312.1%, 88% 증가했다. 지급여력(K-ICS·킥스)비율은 6월 말 기준 209.0%를 기록했다. 금리 상승으로 지난해 말보다 18.9%포인트(p) 올랐다.",http://www.inews24.com/view/1995029,6,0.5225,1,keep,candidate_hybrid_gray_keep_domain_score_ge_threshold,6,0.5225,킥스,금리,,candidate_hybrid,1,0.65,0.35
"현대해상, 상반기 순익 6151억원…지난해보다 36.4% 증가",나타내는 보험계약마진(CSM) 잔액은 6월 말 기준 9조8944억원으로 지난해 말보다 11.2% 증가했다. 신계약 CSM 유입과 계리가정 선진화 가이드라인 적용 등이 CSM 증가에 영향을 미쳤다. 지급여력(K-ICS·킥스) 비율은 209.0...,https://www.dailian.co.kr/news/view/1678456/?sc=Naver,5,0.5514,0,drop,candidate_hybrid_gray_drop_score_lt_threshold,5,0.5514,킥스,,,candidate_hybrid,1,0.65,0.35
"현대해상, 상반기 순익 36.4% ↑…장기보험 이익 2배",예실차 적자 축소·계리가정 변경에 일회성 환입…일반보험 이익도 38.9% 증가 현대해상의 올해 상반기... 금리 상승 등의 영향으로 자본 여력이 개선됐다. 기본자본 킥스비율은 83.8%로 집계됐다. 강울 기자,https://dealsite.co.kr/articles/167243,1,0.3561,0,drop,candidate_hybrid_drop_corporate_macro_noise,1,0.3561,,금리,,candidate_hybrid,1,0.65,0.35
"현대해상 상반기 순익 6151억원, 36%↑…장기보험이익 2배 효과","인보험 신계약 가운데 무해지 상품 비중은 57.7%로 지난해보다 10.6%포인트 확대됐다. 건전성 지표도 개선됐다. 핵심 건전성 지표 중 하나인 지급여력비율(K-ICS·킥스)은 6월 말 기준 209.0%로, 지난해 말보다 18.9...",https://biz.heraldcorp.com/article/10841207?ref=naver,7,0.6562,1,keep,candidate_hybrid_model_keep_prob_ge_threshold_with_domain_anchor,7,0.6562,킥스,건전성,,candidate_hybrid,1,0.65,0.35
"현대해상, 상반기 순익 6151억 전년비 36.4%↑…""어닝서프라이즈""","현대해상 관계자는 ""상반기는 보험금 예실차 축소 등으로 이익이 증가했고, 킥스도 209%를 기록 하는 등 자본 안정성도 확보되고 있다""며 ""앞으로 이익 창출력 향상에 더욱 역량을 집중해 기업가치 제고의 토대가 될...",https://www.mt.co.kr/finance/2026/08/14/2026081409254369562,0,0.4064,0,drop,candidate_hybrid_gray_drop_score_lt_threshold,0,0.4064,,,,candidate_hybrid,1,0.65,0.35
"""보험료 올리고 도수치료 줄이고…삼성화재, 손해율 바닥 뚫고 '고공비...","실손보험료 역시 인상했기 때문에 실손/비실손 손해율 하락이 가능한 상황인데, 도수치료 일평균 청구액까지 감소하고 있다. 삼성화재의 2분기 순이익은 IFRS17 도입 이후 사상 최고 실적을 달성했다. 보험손익 개선과...",https://www.newsquest.co.kr/news/articleView.html?idxno=271848,2,0.3995,0,drop,candidate_hybrid_gray_drop_score_lt_threshold,2,0.3995,,보험료;실손,,candidate_hybrid,1,0.65,0.35
이문화 삼성화재 강력한 '입구관리'로 치솟던 손해율 올해 상반기에 잡...,"이문화 삼성화재 대표이사 사장이 치솟았던 손해율을 안정시키며 장기보험 수익을 개선시켰다. 보험료... 여기에 2026년 1월 손해율이 높은 담보를 중심으로 한 보험료 인상과 실손보험료 인상, 보장범위·지급한도...",https://www.huffingtonpost.kr/article/259604,1,0.3579,0,drop,candidate_hybrid_gray_drop_score_lt_threshold,1,0.3579,,보험료,,candidate_hybrid,1,0.65,0.35
"정읍시, 시민안전보험 보장 25개로 확대…4주 이상 상해 진단 위로금 신...","시민안전보험은 정읍시에 주민등록을 둔 시민이면 별도 신청 없이 자동 가입된다. 보험료는 정읍시가 전액... 개인이 가입한 실손보험 등 다른 보험이 있더라도 중복 보상이 가능하며, 사고 발생 지역과 관계없이...",http://www.newsmaker.or.kr/news/articleView.html?idxno=180778,0,0.2586,0,drop,candidate_hybrid_model_drop_prob_le_threshold,0,0.2586,,,,candidate_hybrid,1,0.65,0.35
"DB손해보험, 2분기 순익 7111억…시장 전망 46% 웃돌아","일반보험손익은 보험료수익 증가와 낮은 손해율에 힘입어 흑자 전환했다""고 전했다. 투자이익은 전년 동기... 조아해 메리츠증권 연구원은 하반기 실손보험 관리급여에 따른 경상적인 개선세를 전망했다. 그는...",https://www.consumuch.com/news/articleView.html?idxno=78789,3,0.4284,0,drop,candidate_hybrid_gray_drop_score_lt_threshold,3,0.4284,손해보험,,,candidate_hybrid,1,0.65,0.35
손보사 보험·투자 손익 개선…하반기 호실적 기대감,"하반기에는 실손보험과 자동차보험 제도 개선에 따른 손해율 안정 효과가 기대되지만, 상반기 실적에... 자동차보험 역시 보험금 지급 감소분이 향후 보험료 인하로 이어질 경우 손익 개선 효과가 일부 상쇄될 수...",http://www.newstomato.com/ReadNews.aspx?no=1310322&inflow=N,4,0.4241,0,drop,candidate_hybrid_gray_drop_score_lt_threshold,4,0.4241,손보사,보험료,,candidate_hybrid,1,0.65,0.35
"""DB손해보험 2분기 순익 7111억…주주환원 바뀔 차례""<메리츠證>",보험금 예실차는 실손보험 보험료 인상에 힘입어 전분기대비 축소됐지만 추세 확인이 더 필요하다는 진단이다. 작년 말 선제적으로 반영한 계리적 가정 가이드라인이 확정되며 실손계약부담비용에서 2700억원이...,https://www.news2day.co.kr/article/20260814500131,4,0.3601,0,drop,candidate_hybrid_gray_drop_score_lt_threshold,4,0.3601,손해보험,보험료,,candidate_hybrid,1,0.65,0.35
SK쉴더스 민기식 체제 1년…겹악재 속 수익성 개선 가능할까?,"7년째 ADT캡스 보안 서비스를 이용 중인 고객 A씨는 지난 1일 한화손해보험으로부터 '화재 안심 실손 보상형 일반' 보험(보상한도 1억1,000만원)이 가입됐다는 문자 통보를 받았다. 매월 3만2,000원(부가세 별도)의 보험료...",http://www.srtimes.kr/news/articleView.html?idxno=210034,5,0.4557,0,drop,candidate_hybrid_gray_drop_score_lt_threshold,5,0.4557,손해보험,보험료;실손,,candidate_hybrid,1,0.65,0.35
"종신보험 판매 화법 어디까지…""자산형 건강보험""·""세대이전 연금""","New Medical 종신보험을 안내하며 실손보험만으로 충분하지 않다는 문장을 앞세우고 노후 실손 의료보험 71%가 가입 거절된다고 적었다. 과잉진료와 무분별한 의료쇼핑으로 보험료 인상을 걷잡을 수 없다는 점, 소득이...",https://www.raonnews.com/news/article.html?no=60303,2,0.2789,0,drop,candidate_hybrid_model_drop_prob_le_threshold,2,0.2789,,보험료;실손,,candidate_hybrid,1,0.65,0.35
“1년 내내 출장비 폭탄”…금감원 ‘세종행’ 시나리오에 부글부글,"은행·증권·보험사 등 주요 피감독기관 본사와 금융 유관기관이 여의도 일대에 밀집한 탓이다. 금감원이 세종으로 이전할 경우 현장검사와 금융회사 협의, 시장 불안 시 대응이 지연될 수 있다는 우려가 제기된다. 이찬진...",https://www.kukinews.com/article/view/kuk202608140139,13,0.719,1,keep,candidate_hybrid_keep_strong_domain_rule_anchor,13,0.719,금감원;은행;보험사,금융,,candidate_hybrid,1,0.65,0.35
[마켓Q] '조직 분리' 막았던 이찬진…이번엔 금감원 지방 이전 저지할까...,"가운데 금감원도 이전 대상에 포함될 가능성이 거론되고 있다. 산업은행과 기업은행, 수출입은행 등... 금감원의 핵심 업무인 검사와 감독은 금융회사와 자본시장의 현장을 직접 확인하는 것이 중요한 만큼 금융회사들이...",https://www.asiatime.co.kr/article/20260814500380,16,0.7065,1,keep,candidate_hybrid_keep_strong_domain_rule_anchor,16,0.7065,금감원;산업은행;기업은행,,,candidate_hybrid,1,0.65,0.35
"이찬진표 '강한 금감원' 1년 소비자보호 강드라이브, 단일종목 레버리지...",금융권에서는 이 원장이 금감원장으로 깜짝 등장하자 검사와 제재를 앞세운 감독이 강화될 수 있다는... 이에 금감원은 9월까지 은행의 ETF 신탁 판매과정에서 수수료 설명의무 준수 여부 등을 점검하고 감독방안을...,https://www.businesspost.co.kr/BP?command=article_view&num=444801,7,0.4723,1,keep,candidate_hybrid_gray_keep_domain_score_ge_threshold,7,0.4723,금감원,수수료,,candidate_hybrid,1,0.65,0.35
"카카오뱅크 노조, 두 번째 전면파업…금감원 현장점검",금감원은 은행검사국과 IT검사국을 중심으로 카카오뱅크의 대응 상황을 살피고 있다. 특히 전산 장애가 발생했을 때 서비스를 유지할 수 있도록 마련한 업무연속성계획(BCP)과 전산 리스크 관리체계를 점검하고 있다....,http://www.press9.kr/news/articleView.html?idxno=81155,6,0.5853,1,keep,candidate_hybrid_gray_keep_domain_score_ge_threshold,6,0.5853,금감원,,,candidate_hybrid,1,0.65,0.35
"소비자보호 집중한 이찬진, 은행·보험·자본시장 검사 집중한다","이에 금감원은 은행 검사를 마무리한 후 업계·협회와 TF를 구성해 신탁 수수료 체계, 은행 성과평가(KPI) 및 판매절차 개선방안 등을 논의할 계획이다. 또 은행권에 취약계층 보호도 유도할 계획이다. 우선 법무부와 함께...",https://www.mediapen.com/news/view/1116478,7,0.7224,1,keep,candidate_hybrid_model_keep_prob_ge_threshold_with_domain_anchor,7,0.7224,은행;검사,수수료,,candidate_hybrid,1,0.65,0.35
"금융당국, 지방이전에 술렁…현장감독 약화·인력 유출 불가피","아울러 금융위 산하 국책은행인 산업은행과 기업은행, 예금보험공사 등 주요 금융 공공기관도 지방 이전 검토... 금감원의 이전 시나리오로 한국거래소나 예탁결제원과 같은 '이원화 체제'를 전망하기도 한다. 현장검사...",https://www.newsis.com/view/NISX20260814_0003749481,17,0.692,1,keep,candidate_hybrid_keep_strong_domain_rule_anchor,17,0.692,금융위;산업은행;기업은행,금융,,candidate_hybrid,1,0.65,0.35
조직 분리 위기 넘기고 권한 키운 이찬진 1년…지방 이전은 새 변수,"금감원은 검사 결과를 토대로 수수료 체계와 은행 성과평가, 판매 절차 개선방안을 논의할 계획이다. 불법 영업을 반복하는 법인보험대리점(GA)에 대해서도 이른바 ‘끝장검사’를 예고했다. 수사 권한의 추가 확대도...",https://www.ajunews.com/view/20260814102457953,7,0.6053,1,keep,candidate_hybrid_gray_keep_domain_score_ge_threshold,7,0.6053,은행;검사,수수료,,candidate_hybrid,1,0.65,0.35
별도 기자회견도 없이… 이찬진 금감원장 ‘조용한 취임 1돌’,"주요 6개 은행의 ETF 신탁 판매액은 올해 1∼5월 약 64조 원에 달했다. 금감원은 판매은행을 대상으로 수수료 설명의무와 불완전판매 여부를 검사하고, 이후 수수료 체계와 판매 절차 개선에 나설 예정이다.",https://www.munhwa.com/article/11609595?ref=naver,5,0.6139,0,drop,candidate_hybrid_gray_drop_score_lt_threshold,5,0.6139,불완전판매,수수료,,candidate_hybrid,1,0.65,0.35
"[이슈]다올금융, 불법으로 계열사 자금지원 혐의 의혹 번지나",은행이 대주주나 특수관계인에게 신용을 제공하는 행위를 제한하고 있다. 제3자를 끼워 거래 형식을 달리했더라도 실질적으로 대주주나 계열사를 지원하기 위한 거래로 판단되면 규제 대상이 될 수 있다. 금감원은 검사...,https://www.the-today.com/news/articleView.html?idxno=88475,0,0.5661,0,drop,candidate_hybrid_gray_drop_score_lt_threshold,0,0.5661,,,,candidate_hybrid,1,0.65,0.35
"금감원, 시중은행 부동산 대출사기 490억 검사 착수 검토",검사 여부는 이후 판단한다. 금감원은 자체 점검 결과를 토대로 은행들의 대출 사기 방지책과 내부통제 현황을 살펴본 뒤 검사 착수를 결정하기로 했다. 공시는 지난 12일 한꺼번에 이뤄졌다. KB국민은행은 신규...,https://www.nspna.com/news/?mode=view&newsid=824333,14,0.7452,1,keep,candidate_hybrid_keep_strong_domain_rule_anchor,14,0.7452,금감원;시중은행;검사,대출,,candidate_hybrid,1,0.65,0.35
"은행권 잇단 대출 사기… 금감원, 내부통제 검사 검토",금감원은 자체 검사 결과를 토대로 은행들의 대출 사기 방지책 등 내부 통제 현황을 파악한 뒤 검사에 나설지 결정한다. 은행 4곳은 지난 12일 일제히 외부인 사기에 따른 금융사고가 발생했다고 공시했다. 사고 금액은...,https://biz.chosun.com/stock/finance/2026/08/14/7SF7CKS5A5DZNB6GVZXMT4FC4U/?utm_source=naver&utm_medium=original&utm_campaign=biz,17,0.8261,1,keep,candidate_hybrid_keep_strong_domain_rule_anchor,17,0.8261,금감원;은행;은행권;검사,대출,,candidate_hybrid,1,0.65,0.35
"책무구조도 시행 효과 확인, 제재 기준은 과제","금감원은 2026년 6월 대형 여신전문금융회사와 저축은행 52개사가 제출한 책무구조도를 분석한 뒤... 이는 검사·제재 절차 개선 과제와도 맞물린다. 책무구조도 시행 효과는 확인됐지만, 제도 정착은 책임...",https://www.tokenpost.kr/news/policy/390438,10,0.7736,1,keep,candidate_hybrid_keep_strong_domain_rule_anchor,10,0.7736,저축은행;검사;제재,,,candidate_hybrid,1,0.65,0.35
"금융위·금감원 세종행 가닥…금융노조, 내달 총파업",금융위 설치법은 금감원의 주된 사무소를 서울에 두도록 규정하고 있다. 검사·감독 등 일부 기능을 서울에 남기는 부분 이전 방안도 거론된다. 국책은행 역시 국회 문턱을 넘어야 한다. 산업은행법과 기업은행법은 두...,https://www.shinailbo.co.kr/news/articleView.html?idxno=5051348,25,0.8261,1,keep,candidate_hybrid_keep_strong_domain_rule_anchor,25,0.8261,금감원;금융위;검사;산업은행;기업은행,,,candidate_hybrid,1,0.65,0.35
상장 계획 내놨는데… 잡음 끊이지 않는 빗썸,"이와 관련해선 금감원이 제재 절차를 밟고 있는 상황이다. 이밖에도 빗썸은 해외 거래소와의 오더북 공유, 코인대여 서비스 등으로 논란을 일으키며 관계당국과 불편한 관계를 이어왔고, 지난 3월엔 특정금융정보법 위반과...",https://www.sisaweek.com/news/articleView.html?idxno=237310,5,0.6357,0,drop,candidate_hybrid_gray_drop_score_lt_threshold,5,0.6357,빗썸,,,candidate_hybrid,1,0.65,0.35
"이찬진 취임 1년 성적표 … 업계 ""소비자 보호는 박수, 삼전닉스 2배엔...",자본시장 규제가 금융회사의 상품 출시와 사업 전략에 직접적인 영향을 미치는 만큼 시장에 파급력이 큰... 등에 금감원이 목소리를 내야 한다는 의견도 제기됐다. 해외 금융사와 경쟁할 수 있는 자율적 환경을 마련하고...,https://biz.newdaily.co.kr/site/data/html/2026/08/14/2026081400071.html,0,0.5556,0,drop,candidate_hybrid_gray_drop_score_lt_threshold,0,0.5556,,,,candidate_hybrid,1,0.65,0.35
동양생명 신용정보법 위반 제재 이달 결론…업계 '제판분리' 변화 분수...,자회사 GA(General Agency·보험대리점) 간 DB(고객 데이터베이스) 공유 구조 전체를 흔들 수 있는 막대한 파급력을 지닌다. ◆제재 절차의 경과 및 금감원·금융위의 입장 차이 14일 금융당국에 따르면 금감원은 지난 2022년과...,https://www.ebn.co.kr/news/articleView.html?idxno=1720395,15,0.762,1,keep,candidate_hybrid_keep_strong_domain_rule_anchor,15,0.762,금감원;금융위;제재,,,candidate_hybrid,1,0.65,0.35
캐피탈사 렌털 규제 완화에… 중소 렌터카업계 “시장 잠식 우려”,"15일 금융권에 따르면 여신금융협회와 한국렌터카사업조합연합회, 전국렌터카연합회, 현대캐피탈은 지난달 13일 정책 간담회를 열고 중소 렌터카업체에 대한 금융지원과 제도 개선 방안을 담은 상생안을 논의했다....",https://biz.chosun.com/stock/finance/2026/08/15/5U6DMXAJMRC5LG4C7BMZPAZCLM/?utm_source=naver&utm_medium=original&utm_campaign=biz,6,0.647,1,keep,candidate_hybrid_gray_keep_domain_score_ge_threshold,6,0.647,여신금융협회,,,candidate_hybrid,1,0.65,0.35
금융위원장 “가계대출 총량조정 투기수요 자극신호로 읽혀선 안돼”,"인더뉴스 문승현 기자ㅣ이억원 금융위원장은 14일 ""주택공급과 실수요자에 필요한 자금이 안정적으로... 만큼 금융권에서 규제선상에 놓인 차주를 세심하게 배려하는 것이 매우 중요하다""며 ""이번 제도개선에 따라...",https://www.inthenews.co.kr/news/article.html?no=90553,9,0.5847,1,keep,candidate_hybrid_keep_strong_domain_rule_anchor,9,0.5847,금융위;제도개선,,,candidate_hybrid,1,0.65,0.35
"""가계대출 수요 안심 못 해···투기 제한·실수요 공급""","위한 금융권과 관계기관의 적극 협조를 당부했습니다. 원활한 자금 지원을 위해 PF 사업자 보증 공급 규모 확대 계획을 차질 없이 이행하고, 보증상품 신설과 제도 개선 등의 빠른 시행을 요청했습니다. 가계부채 총량...",https://www.ktv.go.kr/content/view?content_id=759458,7,0.5169,1,keep,candidate_hybrid_gray_keep_domain_score_ge_threshold,7,0.5169,pf;가계부채,,,candidate_hybrid,1,0.65,0.35
"금융위원장 ""이주비·중도금 등 실수요 자금 적시 공급 힘써 달라""","또한, 대출규제는 차주의 자금조달계획에 직접적인 영향을 미치는 만큼 금융권에서 규제선상에 놓인 차주들을 현장에서 세심하게 배려하는 것이 매우 중요하다고 강조하면서, 이번 제도 개선에 따라 금융회사 일선...",https://www.korea.kr/news/policyNewsView.do?newsId=148970098&call_from=naver_news,6,0.7341,1,keep,candidate_hybrid_model_keep_prob_ge_threshold_with_domain_anchor,6,0.7341,금융위,,,candidate_hybrid,1,0.65,0.35
"이억원 ""대출 총량 조정, 실수요 지원 위한 것…투기 신호 아냐""",금융위는 전날 부동산 시장 안정 실현을 위해 △부동산 PF 보증·자금공급 확대 △주택공급 촉진 위한 제도개선·규제완화 △청년 주거지원 3종 세트 출시 △가계부채 총량관리 상향 등의 조치를 발표한 바 있다. 특히...,https://www.nocutnews.co.kr/news/6563012?utm_source=naver&utm_medium=article&utm_campaign=20260814111728,17,0.6508,1,keep,candidate_hybrid_keep_strong_domain_rule_anchor,17,0.6508,금융위;pf;제도개선;가계부채,대출,,candidate_hybrid,1,0.65,0.35
"금융위원장 ""잔금대출 차질없이 지원… 규제완화는 아냐""",금융위는 금융감독원에 금융회사별 총량 목표 조정을 위한 금융권 협의를 신속히 추진해달라고 요청했다.... 신설과 제도 개선도 조속히 시행하기로 했다. 캠코펀드 3조원을 추가 조성하고 은행·보험권 신디케이트론을...,https://it.chosun.com/news/articleView.html?idxno=2023092168162,15,0.7329,1,keep,candidate_hybrid_keep_strong_domain_rule_anchor,15,0.7329,금융감독원;금융위;은행,,,candidate_hybrid,1,0.65,0.35
이억원 “잔금대출 차질없이 공급돼야... 실수요자 금융지원 강화”,금융위는 금융감독원에 금융회사별 총량 목표 조정을 위한 금융권 협의를 신속히 추진해 줄 것을 요청했다.... 보증 제도 개선을 조속히 시행하기로 했다. 캠코펀드 3조원 추가 조성과 은행·보험권 신디케이트론 확대를...,https://www.chosun.com/economy/stock-finance/2026/08/14/VWP5DKOIDBAKTG65W7F6QUBDUE/?utm_source=naver&utm_medium=referral&utm_campaign=naver-news,15,0.5288,1,keep,candidate_hybrid_keep_strong_domain_rule_anchor,15,0.5288,금융감독원;금융위;은행,,,candidate_hybrid,1,0.65,0.35
"이억원 ""가계대출 총량 조정, 실수요 지원 위한 것…투기신호 아니다""","이억원 금융위원회 위원장은 14일 금융권을 향해 ""총량목표 조정은 실수요 지원을 위한 조치""라며 ""투기적... 금융위는 부동산 시장 안정 실현을 위해 △부동산 PF 보증·자금공급 확대 △주택공급 촉진 위한 제도개선...",https://www.news1.kr/finance/general-finance/6259035,19,0.602,1,keep,candidate_hybrid_keep_strong_domain_rule_anchor,19,0.602,금융위원회;금융위;pf;제도개선,,,candidate_hybrid,1,0.65,0.35
"[단독] LS증권, 브로커리지+AI·STO 사업부 신설",브로커리지는 올 상반기 LS증권의 순이익을 2배 이상 키운 요인 중 하나고 인공지능(AI)과 토큰증권발행(STO)은 그동안 회사가 꾸준하게 주목해 온 신(新) 성장동력이다. 이번 사업부 신설로 LS증권은 두 성장축을 더욱...,http://www.newsdream.kr/news/articleView.html?idxno=116349,10,0.6756,1,keep,candidate_hybrid_keep_strong_domain_rule_anchor,10,0.6756,토큰증권;sto,,,candidate_hybrid,1,0.65,0.35
"루센트블록, STO 장외거래소 추가 예비인가 신청 허용 촉구",부동산 토큰증권(STO) 플랫폼 '소유'를 운영하는 루센트블록이 규제합리화위원회 소통 간담회에 참석해 토큰증권 장외거래소 예비인가를 추가 신청할 수 있도록 인가 절차를 보완해달라는 의견을 14일 밝혔다. 허세영...,https://www.ddaily.co.kr/page/view/2026081415121968244,10,0.8472,1,keep,candidate_hybrid_keep_strong_domain_rule_anchor,10,0.8472,토큰증권;sto,,,candidate_hybrid,1,0.65,0.35
"[자본시장, 새 영토를 열다②] 음악이 증권으로…뮤직카우가 연 ‘K콘텐...",토큰증권(STO)이 한국 자본시장의 외연을 얼마나 넓힐 수 있을지 2회에 걸쳐 짚어본다. <편집자주> 위 이미지는 기사 이해를 돕기 위해 AI(인공지능)를 활용해 제작했습니다. [그림=챗GPT] [뉴스투데이=염보라 기자] 내년 2월...,https://www.news2day.co.kr/article/20260814500184,10,0.6282,1,keep,candidate_hybrid_keep_strong_domain_rule_anchor,10,0.6282,토큰증권;sto,,,candidate_hybrid,1,0.65,0.35
"뱅크웨어글로벌, 디지털 금융 대전환 속 코어뱅킹 솔루션 수주 속도","STO(토큰증권 발행) 테마가 14일 토큰증권 법제화 기대감과 금융권의 관련 인프라 구축 확대에 상승세를 보이고 있다. 자본시장법과 전자증권법 개정을 통한 제도권 편입 논의가 이어지는 가운데 부동산과 미술품, 콘텐츠...",https://www.pinpointnews.co.kr/news/articleView.html?idxno=477509,11,0.8006,1,keep,candidate_hybrid_keep_strong_domain_rule_anchor,11,0.8006,토큰증권;sto,금융,,candidate_hybrid,1,0.65,0.35
"아이티센글로벌, 상반기 매출 5조원 돌파…하반기 STO 사업 확대 나서",하반기에는 토큰증권(STO)과 실물연계자산(RWA) 등 디지털자산 사업을 확대해 새로운 수익원 확보에 나선다는 전략이다. 14일 아이티센글로벌은 올해 상반기 연결 기준 누적 매출이 5조5806억원으로 전년 동기 대비 92...,https://www.mk.co.kr/article/12127875,14,0.7821,1,keep,candidate_hybrid_keep_strong_domain_rule_anchor,14,0.7821,토큰증권;sto;디지털자산,,,candidate_hybrid,1,0.65,0.35
네이버·두나무 빅딜 '청신호'…가상자산 지각변동 급물살,[황석진 / 동국대 개인정보보호대학원 교수 : 토큰증권(STO)이라든가 실물연계자산(RWA)이라든가 스테이블코인 이런 시장이 이제 얼마 남지 않았기 때문에 // 증권사와 거래소가 결합한 디지털금융플랫폼으로 거듭나는...,https://biz.sbs.co.kr/article_hub/20000328773?division=NAVER,24,0.9147,1,keep,candidate_hybrid_keep_strong_domain_rule_anchor,24,0.9147,가상자산;토큰증권;sto;두나무;스테이블코인,,,candidate_hybrid,1,0.65,0.35
"코빗 인수하자마자 500억 수혈…미래에셋, 디지털금융 판 키운다","단순히 가상자산거래소 한 곳을 사들인 데 그치지 않고 스테이블코인과 실물연계자산(RWA), 토큰증권(STO), 커스터디까지 아우르는 디지털금융 사업을 본격적으로 키우려는 행보로 풀이된다. 홍콩에서는 이미...",https://www.techm.kr/news/articleView.html?idxno=154305,28,0.8757,1,keep,candidate_hybrid_keep_strong_domain_rule_anchor,28,0.8757,가상자산;토큰증권;sto;가상자산거래소;코빗;스테이블코인,,,candidate_hybrid,1,0.65,0.35
"[심층분석] 스페이스X '잭팟' 넘어 체질이 달라졌다…미래에셋증권, '반...",토큰증권(STO) 제도화에도 대응하고 있다. 디지털엑스와 협력해 실물연계자산(RWA) 토큰화와 토큰증권 등 디지털 금융사업의 기반을 넓혀간다는 구상이다. 미래에셋증권이 혁신기업 투자에서 확보한 자본과 글로벌...,https://www.goodkyung.com/news/articleView.html?idxno=290277,10,0.9077,1,keep,candidate_hybrid_keep_strong_domain_rule_anchor,10,0.9077,토큰증권;sto,,,candidate_hybrid,1,0.65,0.35
"[더벨][i-point] 아이티센글로벌, 상반기 매출 5조5806억 기록",우선 수익증권 투자중개업 인가와 증권형토큰(STO) 예비인가 추진을 비롯해 STO 관련 사업을 단계적으로 확대할 예정이다. 또한 금을 기초자산으로 하는 토큰 발행과 해외 가상자산거래소 상장 등을 추진하며...,https://www.thebell.co.kr/free/content/ArticleView.asp?key=202608140959461000101978,14,0.7539,1,keep,candidate_hybrid_keep_strong_domain_rule_anchor,14,0.7539,가상자산;sto;가상자산거래소,,,candidate_hybrid,1,0.65,0.35
"[금융가 사람들] KB증권 AX·DX의 핵심, 박재만 상무","그는 ""삼성전자에서 주된 역할은 AI와 데이터를 다루는 일이었다""면서도 ""메타버스가 주목받던 시기에 맡았던 블록체인 프로젝트 경험이 현재 KB증권에서 AI와 STO(토큰증권)를 함께 담당하는 배경이 됐다""고 설명했다....",https://news.einfomax.co.kr/news/articleView.html?idxno=4430133,10,0.5054,1,keep,candidate_hybrid_keep_strong_domain_rule_anchor,10,0.5054,토큰증권;sto,,,candidate_hybrid,1,0.65,0.35
"캡, 일주일새 90% '껑충'…업비트 상장·TVL 증가 맞물려[코인현미경]",캡(CAP)이 국내 가상자산 거래소 업비트 상장 이후 일주일 새 약 90% 상승했다. 상장에 따른 국내 투자자 접근성 확대에 더해 프로토콜 예치자산 증가와 기관의 온체인 신용시장 참여 등이 맞물리면서 상승세가...,https://www.news1.kr/finance/blockchain-fintech/6259424,9,0.792,1,keep,candidate_hybrid_keep_strong_domain_rule_anchor,9,0.792,가상자산;업비트,,,candidate_hybrid,1,0.65,0.35
"업비트 실적은 급감했는데…회장 보수 39억원·직원 평균 1억4,000만원","업비트 거래 위축에 실적 급감…회장 보수 39억원·직원 평균 1억4,000만원 가상자산 시장의 유동성... 직원 급여 역시 경쟁 거래소보다 높은 수준을 나타냈다. 두나무 직원 757명의 상반기 1인당 평균 급여는 1억3...",http://coinreaders.com/252949,18,0.5905,1,keep,candidate_hybrid_keep_strong_domain_rule_anchor,18,0.5905,유동성;가상자산;업비트;두나무,실적,,candidate_hybrid,1,0.65,0.35
"AI 실탄 확보전…美, 주식 토큰화에 속도 내는 이유는[도예리의 디지털...",주식·채권·펀드 등 전통 금융자산을 블록체인 위에서 거래하는 토큰화가 금융 업계 화두로 부상하고 있는... 린 마틴 뉴욕증권거래소(NYSE) 사장은 이번 주 방한해 토큰화와 결제 인프라 현대화가 시장 회복력을 높일 수...,https://www.sedaily.com/article/20079754?ref=naver,2,0.6316,0,drop,candidate_hybrid_drop_generic_market_or_ipo_noise,2,0.6316,,주식;채권;금융,,candidate_hybrid,1,0.65,0.35
트럼프 가문 가상 자산회사 신탁은행 가승인,"월드 리버티는 1월 신탁회사를 설립하기 위한 신청서를 제출했으며, 가상자산 수탁 및 스테이블코인 전환 서비스를 제공하는 한편 가상자산 거래소, 시장조성업체, 투자회사 등을 포함한 기관 고객을 대상으로 서비스를...",https://www.newsis.com/view/NISX20260815_0003750425,9,0.7868,1,keep,candidate_hybrid_keep_strong_domain_rule_anchor,9,0.7868,가상자산;스테이블코인,,,candidate_hybrid,1,0.65,0.35
"XRP 거래소 인출 급증…7년 만에 최대 비중, 바닥 다지기 신호인가",가상자산 XRP가 장기 하락세에서 좀처럼 벗어나지 못하는 가운데 중앙화 거래소에서 XRP를 빼내는 움직임이 급격히 늘고 있다. 최근 XRP 인출 규모가 전체 거래소 거래에서 차지하는 비중이 약 7년 만에 가장 높은 수준까지...,https://www.pinpointnews.co.kr/news/articleView.html?idxno=477663,4,0.7112,1,keep,candidate_hybrid_model_keep_prob_ge_threshold_with_domain_anchor,4,0.7112,가상자산,,,candidate_hybrid,1,0.65,0.35
수천억 손실에 결국 백기… 최대 XRP 보유사 에버노스의 위험천만한 도...,"가상자산 시장의 차가운 냉기 속에서 강행되는 에버노스의 이번 상장 조건 수정이 무사히 거래소 문턱을 넘어서는 발판이 될지, 아니면 자산 가치 하락의 폭풍을 버티지 못하고 투자자 파형을 낳는 신호탄이 될지...",https://www.pinpointnews.co.kr/news/articleView.html?idxno=477662,4,0.506,0,drop,candidate_hybrid_gray_drop_score_lt_threshold,4,0.506,가상자산,,,candidate_hybrid,1,0.65,0.35
"리플XRP·비트코인 보합, 캡 급등…SEC 지연에 혼조",반면 국내 4개 거래소의 최근 24시간 거래대금은 1조2343억원으로 전일보다 18.0% 늘었다. 업비트에서는 캡이... 작용했지만 가상자산 시장은 이를 상승 동력으로 연결하지 못했다. 규제 불확실성이 다시 부각된 영향이...,https://www.topstarnews.net/news/articleView.html?idxno=16164159,4,0.6267,0,drop,candidate_hybrid_gray_drop_score_lt_threshold,4,0.6267,가상자산,,,candidate_hybrid,1,0.65,0.35
"""파생상품에 뭉칫돈 몰리는데 지옥문 열렸다""… XRP 5%대 폭락 속 '미청...","글로벌 주요 가상자산 거래소인 바이비트(Bybit)에서는 XRP 미청산약정 규모가 최근 3개월 만에 최고치를 경신했다. 미청산약정이란 파생상품 시장에서 결제되지 않고 남아 있는 선물 계약의 총량을 뜻하는 것으로, 이...",https://www.pinpointnews.co.kr/news/articleView.html?idxno=477659,4,0.6201,0,drop,candidate_hybrid_gray_drop_score_lt_threshold,4,0.6201,가상자산,,,candidate_hybrid,1,0.65,0.35
"싱가포르 벤처펀드 '대박 예감'…SV인베, 5개사 해외 상장 가능성","최근 국제자금세탁방지기구(FATF) 및 각국 규제기관들의 가상자산 이전 규제가 강화되면서 유럽연합(EU), 싱가포르, 한국 등 주요 가상화폐 거래소에 솔루션 공급이 늘어나고 있다. SV인베스트먼트는 360만달러(약...",https://view.asiae.co.kr/article/2026081414175782478,4,0.5297,0,drop,candidate_hybrid_gray_drop_score_lt_threshold,4,0.5297,가상자산,,,candidate_hybrid,1,0.65,0.35
자금 유입 촉각 속...비트코인·알트코인 '장중 하락',15일 국내외 가상자산거래소에서 비트코인과 알트코인(비트코인 이외의 가상화폐) 가격이 장중 하락세를 기록 중이다. 이날 미국증시가 미국 소비지표 둔화 속에 하락한 가운데 가상화폐 투자심리도 위축되는...,http://www.choicenews.co.kr/news/articleView.html?idxno=169904,9,0.4581,1,keep,candidate_hybrid_keep_strong_domain_rule_anchor,9,0.4581,가상자산;가상자산거래소,,,candidate_hybrid,1,0.65,0.35
"두나무, 올 상반기 매출·영업이익·당기순익 모두 줄었다",디지털자산거래소 업비트 운영사인 두나무가 상반기 실적을 공개했다. 연결기준 매출(영업수익)은... 이와 함께 두나무는 2024년 7월부터 시행한 가상자산 이용자 보호법에 따라 법적 기준을 철저히 준수하면서...,http://www.newsbrite.net/news/articleView.html?idxno=199753,23,0.734,1,keep,candidate_hybrid_keep_strong_domain_rule_anchor,23,0.734,가상자산;디지털자산;디지털자산거래소;업비트;두나무,,,candidate_hybrid,1,0.65,0.35
"유니트리 공모 흥행 대박, 실용성 의구심 번져",가상자산 거래소 코인엑스의 제프 고 수석 분석가는 유니트리의 90억 달러 몸값은 지난해 이익의 200배가 넘는 수준으로 투기적 요소가 섞여 있다고 분석했다. 실제 유니트리의 지난해 매출은 4배 이상 늘었으나 올해...,https://www.g-enews.com/view.php?ud=202608150636219042bd56fbc3c_1,5,0.7017,1,keep,candidate_hybrid_model_keep_prob_ge_threshold_with_domain_anchor,5,0.7017,가상자산,달러,,candidate_hybrid,1,0.65,0.35
"아일랜드, 개인지갑 이전 AML 기준 강화 추진",이는 거래소와 지갑 사업자뿐 아니라 가상자산 유입 가능성이 있는 비금융 업종에도 영향을 줄 수 있다. 통상 자금 출처 확인 의무가 강화되면 사업자는 고객 자금의 유입 경로와 거래 상대방 위험을 더 구체적으로...,https://www.tokenpost.kr/news/policy/391222,4,0.5435,0,drop,candidate_hybrid_gray_drop_score_lt_threshold,4,0.5435,가상자산,,,candidate_hybrid,1,0.65,0.35
금리인상 우려 완화 불구… 비트코인 여전히 게걸음 [주간코인시황],15일 가상자산거래소 업비트에 따르면 비트코인은 전날 오후 1시 기준 8900만원선에서 거래됐다. 이는 지난주 같은 시각과 비교해 약 0.3% 하락한 수준이다. 주요 알트코인은 혼조세를 나타냈다. 같은 시각...,https://it.chosun.com/news/articleView.html?idxno=2023092168035,9,0.6814,1,keep,candidate_hybrid_keep_strong_domain_rule_anchor,9,0.6814,가상자산;가상자산거래소,,,candidate_hybrid,1,0.65,0.35
"[취준생을 위하여(310)] 하나금융그룹, 디지털자산 기반 글로벌 금융망...",핵심 계열사인 하나은행은 지난 5월 가상자산 거래소 두나무에 1조원 규모의 지분투자를 단행했다. 이는 단순히 가상자산 관련 서비스를 출시하는 것을 넘어 디지털자산 생태계와의 연결고리를 확보하려는 움직임으로...,https://www.news2day.co.kr/article/20260811500030,8,0.7489,1,keep,candidate_hybrid_keep_strong_domain_rule_anchor,8,0.7489,가상자산;디지털자산,,,candidate_hybrid,1,0.65,0.35
주식·주택·코인 고민되시죠...알아두면 유용한 ‘3가지 꿀팁’,그런데 규제가 미치지 않는 가상 자산 시장에서는 이런 투자가 제약 없이 이뤄지고 있습니다. 한 금융계 인사는 “스테이블코인으로 역외 거래소의 토큰 증권을 사면 SK하이닉스 주식 10배 레버리지 상품도 어렵지...,https://www.chosun.com/special/2026/08/15/PVXM3X4XJBH3JGOXO5PTLMQNLY/?utm_source=naver&utm_medium=referral&utm_campaign=naver-news,6,0.5963,1,keep,candidate_hybrid_gray_keep_domain_score_ge_threshold,6,0.5963,스테이블코인,주식,,candidate_hybrid,1,0.65,0.35
[Digital Asset In-Depth] AI가 매매하는 시대,"금융감독원에 따르면 API를 이용한 거래는 가상자산 시장 전체 매수·매도 거래대금의 30%대를 차지한다. API는 프로그램이 거래소와 직접 정보를 주고받도록 만든 통로다. 이용자는 API 키를 발급받아 잔고 조회, 주문...",https://www.lawtimes.co.kr/news/articleView.html?idxno=224687,10,0.6254,1,keep,candidate_hybrid_keep_strong_domain_rule_anchor,10,0.6254,금융감독원;가상자산,,,candidate_hybrid,1,0.65,0.35
"[N2 포커스] NXT, 프리마켓 상·하한가 주문 금지…가격 왜곡 우려는 여...","이 시초가가 해외 가상자산 파생거래소 하이퍼리퀴드의 SK하이닉스 연동 무기한선물 상품의 가격 산정에 반영되면서 파생상품 시장에도 충격이 번졌다. 알리움 집계에 따르면 해당 상품 가격은 17.9% 급락했고, 2분 만에...",https://www.news2day.co.kr/article/20260812500314,4,0.6345,0,drop,candidate_hybrid_gray_drop_score_lt_threshold,4,0.6345,가상자산,,,candidate_hybrid,1,0.65,0.35
"두나무, 상반기 매출 4081억원…전년 동기 대비 49.1% 감소",사진=두나무  디지털자산 거래소 업비트를 운영하는 두나무는 2026년 상반기 반기보고서를 공시했다고... 두나무는 2024년 7월 19일부터 시행된 가상자산 이용자 보호 등에 관한 법률(가상자산이용자보호법)에 따라...,https://www.pointdaily.co.kr/news/articleView.html?idxno=315660,13,0.7338,1,keep,candidate_hybrid_keep_strong_domain_rule_anchor,13,0.7338,가상자산;디지털자산;두나무,,,candidate_hybrid,1,0.65,0.35
"클로드 미토스 5, 승인 고객에만 제한 제공","한국 가상자산 업계에도 이 문제는 간접적으로 닿아 있다. 거래소와 지갑, 브리지, 커스터디 사업자는 코드 취약점과 운영 보안에 민감하다. 고성능 AI가 취약점 탐지에 쓰일 수 있다는 점은 방어 수단을...",https://www.tokenpost.kr/news/cryptocurrency/391170,4,0.6798,1,keep,candidate_hybrid_model_keep_prob_ge_threshold_with_domain_anchor,4,0.6798,가상자산,,,candidate_hybrid,1,0.65,0.35
"바이낸스, 韓 파생상품 20배 레버리지에 24시간 거래… 한국인은 차단",해외 가상자산 거래소 바이낸스가 네이버와 LG전자 등 국내 대표 주식 및 지수를 추종하는 무기한 선물 상품을 추가로 선보였다. 최대 20배의 고레버리지 투자를 지원하며 주말이나 휴일과 관계없이 24시간 거래가...,https://www.dt.co.kr/article/12078353?ref=naver,5,0.6053,0,drop,candidate_hybrid_gray_drop_score_lt_threshold,5,0.6053,가상자산,주식,,candidate_hybrid,1,0.65,0.35
4조6100억달러 거래량에 거래소 정리 잇따랐다,"국내 투자자에게도 해외 거래소 이용 시 출금 기한, 계정 심사, 서비스 중단 공지를 확인해야 하는 문제가 커졌다. 본지는 앞서 해외 가상자산 이전 신원 확인이 강화되는 흐름을 전한 바 있다. 원문 보도에서 함께...",https://www.tokenpost.kr/news/cryptocurrency/391126,4,0.5859,0,drop,candidate_hybrid_gray_drop_score_lt_threshold,4,0.5859,가상자산,,,candidate_hybrid,1,0.65,0.35
대만반도체 ADR 71.5% 줄인 소프트뱅크,투자자는 현지 주식을 직접 사지 않고도 미국 거래소에서 해당 기업의 지분 노출을 가질 수 있다. 13F는... 가상자산 시장과의 연결점은 직접 재료보다 인프라 측면에 있다. AI 연산과 데이터센터 투자는 반도체...,https://www.tokenpost.kr/news/market/391125,4,0.4939,0,drop,candidate_hybrid_gray_drop_score_lt_threshold,4,0.4939,가상자산,,,candidate_hybrid,1,0.65,0.35
한국 코인 22% 양도세 강행에… 박수영 “1300만 투자자 인질” 철회 요...,"금융위원회가 3월 발표한 자료에 따르면 2025년 하반기 국내 거래소에서 발생한 가상자산 해외 유출액은 90조원, 약 600억달러 규모로 집계됐다. 이는 상반기 78조9000억원 대비 14% 증가한 수치다. 금융위는 이 중 일부를...",https://www.wikitree.co.kr/articles/1152585,16,0.7151,1,keep,candidate_hybrid_keep_strong_domain_rule_anchor,16,0.7151,금융위원회;금융위;가상자산,,,candidate_hybrid,1,0.65,0.35
"보완수사권 폐지되면, 경찰은 권력자를 수사할 수 있을까","통상 계약학과 졸업자는 규정된 기간만큼 해당 기업에 더 다녀야 하건만, B는 졸업을 앞둔 2025년 1월 가상자산거래소인 빗썸에 취업한다. 이 과정에서 김 의원이 빗썸 대표를 만나 취업을 청탁했다는 정황도 드러났는데...",https://www.chosun.com/national/weekend/2026/08/15/TMV7WFPKRJHUFNNXZMAPIS2KIE/?utm_source=naver&utm_medium=referral&utm_campaign=naver-news,14,0.7386,1,keep,candidate_hybrid_keep_strong_domain_rule_anchor,14,0.7386,가상자산;가상자산거래소;빗썸,,,candidate_hybrid,1,0.65,0.35
"바이낸스, EU·영국 제재 여파로 HTX 등 11개 플랫폼과 거래 전면 중단",유럽과 미국이 잇따라 가상자산 플랫폼을 제재망에 포함시키면서 대형 거래소들의 컴플라이언스 부담도 커지는 모습이다.HTX는 앞서 제재 논란 속에서도 자사가 운영 지역의 법규를 준수하겠다는 입장을 밝힌...,https://www.wikitree.co.kr/articles/1152580,7,0.6354,1,keep,candidate_hybrid_gray_keep_domain_score_ge_threshold,7,0.6354,제재;가상자산,,,candidate_hybrid,1,0.65,0.35
9월 금리 인상 확률 30.6%로 낮아졌다,"시카고상품거래소(CME) 페드워치에 따르면 14일 기준 9월 회의에서 기준금리가 유지될 확률은 69.4%, 0.25... 연준의 금리 경로는 비트코인(BTC) 등 가상자산 시장에도 주요 변수로 작용한다. 금리 인상 기대가 낮아지면...",https://www.tokenpost.kr/news/cryptocurrency/391088,8,0.7975,1,keep,candidate_hybrid_keep_strong_domain_rule_anchor,8,0.7975,기준금리;가상자산,금리,,candidate_hybrid,1,0.65,0.35
두나무 2분기 영업익 73% 감소한 235억원,"가상자산 거래소의 수익 구조는 통상 거래 수수료 비중이 크다. 비트코인(BTC), 이더리움(ETH) 등 주요 자산 가격이 오르더라도 실제 매매 빈도와 거래대금이 줄면 거래소 매출은 압박을 받을 수 있다. 이 같은 흐름은 해외...",https://www.tokenpost.kr/news/cryptocurrency/391074,10,0.7148,1,keep,candidate_hybrid_keep_strong_domain_rule_anchor,10,0.7148,가상자산;두나무,수수료,,candidate_hybrid,1,0.65,0.35
"체이널리시스, 지갑 묶기 판단서 머신러닝 배제","이 논점은 국내 가상자산 시장에도 닿아 있다. 거래소, 수사기관, 컴플라이언스 조직은 온체인 주소 분석을 의심 거래 탐지와 자금 추적에 활용한다. 주소 묶기와 엔티티 귀속이 부정확하면 정상 이용자가 고위험...",https://www.tokenpost.kr/news/blockchain/391047,4,0.6821,1,keep,candidate_hybrid_model_keep_prob_ge_threshold_with_domain_anchor,4,0.6821,가상자산,,,candidate_hybrid,1,0.65,0.35
'싸이월드' 악용한 미상장 코인 다단계 수사 착수…137억 승소 전 대표 ...,"가상자산 업계와 법조계 취재를 종합하면, 최근 SNS 오픈채팅방을 중심으로 라이젠 코인의 Specific 거래소 상장 확정 및 대형 법무법인과 해외 기관의 거액 투자 보증 등을 강조한 홍보물이 불특정 다수에게 무차별...",https://www.goodkyung.com/news/articleView.html?idxno=290330,1,0.6698,0,drop,candidate_hybrid_drop_negative_signal,1,0.6698,가상자산,,sns,candidate_hybrid,1,0.65,0.35
비트고 17.80% 상승에도 미 가상자산주 약세,이번 시세표는 가상자산 거래소 안에서 미국 주식과 토큰화 주식 접근이 함께 확대되는 흐름 속에 나왔다. 비트겟은 7월 13일 공개한 2분기 투명성 보고서에서 6월 중 주식 거래 활동 비중이 여러 날 3%를...,https://www.tokenpost.kr/news/market/391014,5,0.8367,1,keep,candidate_hybrid_model_keep_prob_ge_threshold_with_domain_anchor,5,0.8367,가상자산,주식,,candidate_hybrid,1,0.65,0.35
33조원 불어난 국민연금 美 포트폴리오…마이크론·AMD·스페이스X 담았...,"비트코인 관련 기업 스트래티지와 가상자산 거래소 코인베이스의 보유 주식수를 각각 10.4%, 23.8% 늘렸다. 다만 스트래티지는 주가 하락으로 평가액이 1억258만달러에서 7888만달러로 오히려 23.1% 감소했다....",http://www.joseilbo.com/news/news_read.php?uid=573888&class=1&grp=,5,0.5941,0,drop,candidate_hybrid_gray_drop_score_lt_threshold,5,0.5941,가상자산,주가,,candidate_hybrid,1,0.65,0.35
"국민연금, '美 빅테크·반도체 투자 확대'에 2분기 평가액 33조원 급증....","비트코인 보유 기업인 스트래티지와 가상자산 거래소 코인베이스글로벌의 보유 주식 수를 각각 10.4%, 23.8% 늘렸다. 그러나 스트래티지는 주가 하락 여파로 평가액이 1억258만달러에서 7888만달러로 23.1...",https://www.betanews.net/article/view/beta202608140059,6,0.5876,1,keep,candidate_hybrid_gray_keep_domain_score_ge_threshold,6,0.5876,가상자산,주가;주식,,candidate_hybrid,1,0.65,0.35
"[마켓포인트] 두나무, 상반기 영업익 1115억…전년比 79.7%↓","디지털자산 거래소 업비트를 운영하는 두나무는 올해 상반기 연결 기준 영업이익이 1115억원으로 전년... 두나무는 업비트와 증권플러스 등을 운영하고 있으며, 가상자산이용자보호법에 따라 불공정거래 방지와...",https://www.pinpointnews.co.kr/news/articleView.html?idxno=477634,16,0.7465,1,keep,candidate_hybrid_keep_strong_domain_rule_anchor,16,0.7465,불공정거래;가상자산;디지털자산;두나무,,,candidate_hybrid,1,0.65,0.35
"빗썸, 상반기 영업익 149억…전년비 83%↓","국내 가상자산거래소 빗썸이 올 상반기 매출 1688억원, 영업이익 149억원을 기록했다고 14일 공시했다. 전년동기 대비 각각 48.7%, 83.4% 감소한 결과다. 당기순손실 1087억원을 내면서 전년(순이익 550억원)과 달리...",https://www.mt.co.kr/stock/2026/08/14/2026081420010717933,15,0.6282,1,keep,candidate_hybrid_keep_strong_domain_rule_anchor,15,0.6282,가상자산;가상자산거래소;빗썸,순이익,,candidate_hybrid,1,0.65,0.35
"바이낸스, 제재 연계 플랫폼 거래 제한한다",바이낸스가 규제 요건 변경을 이유로 일부 가상자산 서비스 플랫폼과 관련된 거래 처리를 제한한다.... 바이낸스가 특정 플랫폼 관련 입출금과 거래를 제한하면 해당 플랫폼을 거친 자산은 거래소 심사...,https://www.tokenpost.kr/news/policy/390939,7,0.7127,1,keep,candidate_hybrid_model_keep_prob_ge_threshold_with_domain_anchor,7,0.7127,제재;가상자산,,,candidate_hybrid,1,0.65,0.35
"바이낸스, 네이버·LG전자 등 무기한 선물 출시…국내 계정은 차단","com 바이낸스 로고 [사진=바이낸스 홈페이지 캡쳐] 글로벌 최대 가상자산거래소 바이낸스가 14일 네이버, LG전자, 삼성전기, 한미반도체 등 등에 최대 20배 레버리지로 투자할 수 있는 무기한 선물을 출시했다. 다만...",https://www.ajunews.com/view/20260814193731023,9,0.6087,1,keep,candidate_hybrid_keep_strong_domain_rule_anchor,9,0.6087,가상자산;가상자산거래소,,,candidate_hybrid,1,0.65,0.35
"바이낸스, 네이버·LG전자에 20배 베팅…24시간 '주식 선물' 등장","국내 주식을 기초자산으로 삼아 최대 20배 레버리지 투자가 가능한 가상자산 거래소의 무기한 선물 상품이 잇따라 등장하고 있다. 국내 투자자들에게 익숙한 네이버와 LG전자, 삼성전기, 한미반도체 등이 가상자산처럼...",https://www.pinpointnews.co.kr/news/articleView.html?idxno=477629,5,0.6749,1,keep,candidate_hybrid_model_keep_prob_ge_threshold_with_domain_anchor,5,0.6749,가상자산,주식,,candidate_hybrid,1,0.65,0.35
거래대금 한파에 업비트·빗썸 동반 부진…상반기 매출 ‘반토막’,"두나무 영업익 79.7%↓…순익도 74.1% 감소 빗썸 영업익 83.4%↓…평가손실에 1087억 적자 주식시장으로 투자수요 이동…해외 이탈도 부담 [사진=두나무, 빗썸] [뉴스투데이=염보라 기자] 국내 가상자산 거래소들이...",https://www.news2day.co.kr/article/20260814500317,19,0.777,1,keep,candidate_hybrid_keep_strong_domain_rule_anchor,19,0.777,가상자산;업비트;빗썸;두나무,,,candidate_hybrid,1,0.65,0.35
가상자산 거래 위축 직격탄…두나무 상반기 영업익 80%↓,거래소의 주요 수익원이 거래 수수료인 만큼 시장 거래대금 감소가 매출과 수익성에 직접적인 영향을 미친 것으로 풀이된다. 두나무는 업비트와 증권플러스 등을 운영하고 있다. 2024년 7월 시행된 가상자산이용자보...,http://www.metroseoul.co.kr/article/20260814500253,9,0.8473,1,keep,candidate_hybrid_keep_strong_domain_rule_anchor,9,0.8473,가상자산;두나무,,,candidate_hybrid,1,0.65,0.35
"두나무, 올 상반기 영업이익 전년比 80% 급감…“거래량 감소 영향”",국내 가상자산거래소 업비트 운영사 두나무의 올해 상반기 영업이익이 지난해 같은 기간 대비 약 80% 급감한 것으로 집계됐다. 올 상반기 매출도 지난해 동기 대비 절반 가까이 줄었다. 디지털자산 시장 침체와 거래량...,https://www.donga.com/news/Economy/article/all/20260814/134481839/1,23,0.7139,1,keep,candidate_hybrid_keep_strong_domain_rule_anchor,23,0.7139,가상자산;디지털자산;가상자산거래소;업비트;두나무,,,candidate_hybrid,1,0.65,0.35
"거래대금 감소 직격탄…두나무·빗썸, 상반기 실적도 '찬바람'",거래소 관계자는 “국내 가상자산 시장은 지난해부터 전반적으로 위축되는 흐름이 이어지고 있다”며 “증시로의 자금 이동과 현물 거래 외 투자 수요의 해외 거래소 이전 등이 거래량과 예치금 감소에 영향을...,https://www.edaily.co.kr/news/newspath.asp?newsid=06691206645547320,14,0.7135,1,keep,candidate_hybrid_keep_strong_domain_rule_anchor,14,0.7135,가상자산;빗썸;두나무,,,candidate_hybrid,1,0.65,0.35
글로벌은 '에브리싱' 확장하는데…수수료에 갇힌 두나무·빗썸 '휘청',"글로벌 디지털자산 거래소들이 스테이블코인과 파생상품, 예측시장, AI 에이전트 결제 등으로 사업 영역을 빠르게 넓히는 가운데 국내 1·2위 가상자산 거래소 운영사인 두나무와 빗썸은 ‘크립토 혹한기’에...",https://www.edaily.co.kr/news/newspath.asp?newsid=06556726645547320,23,0.8516,1,keep,candidate_hybrid_keep_strong_domain_rule_anchor,23,0.8516,가상자산;디지털자산;빗썸;두나무;스테이블코인,,,candidate_hybrid,1,0.65,0.35
"갈길 잃은 가상자산 거래소…두나무·빗썸, 거래 위축에 실적 동반 부진...",국내 가상자산 거래소 업비트와 빗썸이 올해 상반기 나란히 부진한 실적을 기록했다. 가상자산 거래 위축으로 양사의 핵심 수익원인 거래 수수료 매출이 전년 동기 대비 절반 수준으로 줄었다. 14일 금융감독원...,https://www.newsway.co.kr/news/view?ud=2026081418080897667,22,0.8916,1,keep,candidate_hybrid_keep_strong_domain_rule_anchor,22,0.8916,금융감독원;가상자산;빗썸;두나무,수수료;실적,,candidate_hybrid,1,0.65,0.35
"바이낸스, 네이버 등 무기한 선물 출시…한국인 거래는 차단(종합)","삼성전기·한미반도체·KODEX 200 ETF 등 신규 거래지원 삼성전자·SK하이닉스·현대차 등엔 50배 투자 가능 해외 가상자산 거래소 바이낸스가 네이버,LG전자 등에 최대 20배 레버리지로 투자할 수 있는 무기한 선물...",https://www.yna.co.kr/view/AKR20260814084451002?input=1195m,4,0.6285,0,drop,candidate_hybrid_gray_drop_score_lt_threshold,4,0.6285,가상자산,,,candidate_hybrid,1,0.65,0.35
"가상자산 한파, 거래소 실적 직격타…두나무 부진·빗썸 1087억 적자","올해 상반기 가상자산시장 위축으로 거래 수수료가 줄면서 국내 가상자산 거래소들의 실적이 크게 떨어졌다. 업비트 운영사 두나무의 당기순이익은 전년 동기 대비 74.1% 줄었고, 빗썸은 1000억원대 적자로 전환했다....",https://www.kukinews.com/article/view/kuk202608140175,20,0.7882,1,keep,candidate_hybrid_keep_strong_domain_rule_anchor,20,0.7882,가상자산;업비트;빗썸;두나무,실적,,candidate_hybrid,1,0.65,0.35
"두나무, 상반기 영업이익 1115억원…전년比 79.7% 감소",사진=두나무  디지털자산 거래소 업비트를 운영하는 두나무의 올해 상반기 영업이익은 1115억원으로 전년... 두나무는 2024년 7월 19일부터 시행된 가상자산 이용자 보호 등에 관한 법률(가상자산이용자보호법)에 따라...,https://daily.hankooki.com/news/articleView.html?idxno=1396301,13,0.7616,1,keep,candidate_hybrid_keep_strong_domain_rule_anchor,13,0.7616,가상자산;디지털자산;두나무,,,candidate_hybrid,1,0.65,0.35
두나무·빗썸 매출 반토막…반 년새 원화예치금 2조 8천억 이탈,국내 1·2위 가상자산 거래소인 두나무와 빗썸의 올해 상반기 매출이 반토막 났습니다. 투자자들이 맡겨둔 원화 예치금도 6개월 만에 2조 8천억 원 넘게 빠져나갔습니다. 업비트 운영사 두나무는 오늘(14일)...,https://news.kbs.co.kr/news/pc/view/view.do?ncd=8637478&ref=A,20,0.7599,1,keep,candidate_hybrid_keep_strong_domain_rule_anchor,20,0.7599,가상자산;업비트;빗썸;두나무,원화,,candidate_hybrid,1,0.65,0.35
"빗썸, 시장 침체·평가손실 이중고…2Q 실적 뒷걸음",법인 고객의 가상자산 거래가 단계적으로 허용되면 개인 중심이던 국내 거래소 시장의 고객 기반이 넓어질 수 있어서다. 빗썸은 법인 고객 확보를 준비하는 동시에 양자내성암호(PQC) 도입 등 보안 인프라도 강화할...,https://news.dealsitetv.com/articles/174830,10,0.7726,1,keep,candidate_hybrid_keep_strong_domain_rule_anchor,10,0.7726,가상자산;빗썸,실적,,candidate_hybrid,1,0.65,0.35
게이트 주식 무기한계약 7월 거래량 308% 늘었다,"이번 집계는 가상자산 거래소의 파생상품 인프라가 비트코인(BTC)이나 이더리움(ETH) 같은 가상자산을 넘어 전통 금융 자산으로 넓어지는 흐름을 보여준다. 거래 대상은 주식, ETF, 차액결제거래(CFD), 프리IPO, 토큰화...",https://www.tokenpost.kr/news/cryptocurrency/390898,10,0.72,1,keep,candidate_hybrid_keep_strong_domain_rule_anchor,10,0.72,ipo;가상자산,주식;금융,,candidate_hybrid,1,0.65,0.35
"두나무, 2Q 영업익 235억원...가상자산 시장 침체로 전년보다 84.6％↓",관련업계에는 국내 거래량 1위 가상자산 거래소 업비트를 운영하는 두나무조자 글로벌 가상자산 시장의 유동성 감소와 거래 위축에 따른 직격탄을 피하지 못했다는 평가가 나온다. 14일 두나무는 올해 2분기...,https://www.livebiz.today/news/articleView.html?idxno=204170,12,0.8652,1,keep,candidate_hybrid_keep_strong_domain_rule_anchor,12,0.8652,유동성;가상자산;두나무,,,candidate_hybrid,1,0.65,0.35
거래 위축 직격탄 맞은 두나무…2Q 영업익 85% 급감,"디지털자산 거래 위축이 장기화하면서 거래소 사업의 높은 거래대금 민감도가 실적에 고스란히 반영된... 있다”며 “가상자산이용자보호법에 따른 법적 기준을 준수하는 한편, 불공정거래 감시와 건전한 시장...",https://dealsite.co.kr/articles/167335,16,0.7679,1,keep,candidate_hybrid_keep_strong_domain_rule_anchor,16,0.7679,불공정거래;가상자산;디지털자산;두나무,,,candidate_hybrid,1,0.65,0.35
크립토윈터에 두나무 2분기 영업이익 84.6% 급감…빗썸은 44%↓,영업이익은 149억원으로 지난해 상반기(901억원)보다 83.4% 줄었다.가상자산 시장의 침체에 따른 거래대금 감소가 국내 주요 거래소 실적에 직격탄을 날렸다. 지난해 10월 알트코인 대규모 청산 사태에 이어 올해...,https://news.mtn.co.kr/news-detail/2026081418082387821,9,0.6811,1,keep,candidate_hybrid_keep_strong_domain_rule_anchor,9,0.6811,가상자산;두나무,,,candidate_hybrid,1,0.65,0.35
가상자산 거래 위축에…두나무·빗썸 상반기 매출 나란히 반토막,"가상자산거래소 운영사 두나무와 빗썸이 올해 상반기 가상자산 거래 위축의 영향을 받으며 나란히 매출이 절반 가까이 감소했다. 두나무의 상반기 매출은 전년 동기 대비 49.1%, 빗썸은 48.7% 줄었다. 영업이익...",https://www.bloter.net/news/articleView.html?idxno=671055,19,0.8247,1,keep,candidate_hybrid_keep_strong_domain_rule_anchor,19,0.8247,가상자산;가상자산거래소;빗썸;두나무,,,candidate_hybrid,1,0.65,0.35
"거래량 위축에 수익성이 더 크게 흔들렸다…두나무, 상반기 영업이익 7...","가상자산 거래소의 실적은 시장 거래량 변화에 민감하게 반응한다. 투자 심리가 위축되면 거래 수수료 수익이 줄지만 보안과 규제 대응, 서비스 운영에 필요한 비용은 계속 발생한다. 매출이 감소할 때 영업이익이...",https://www.venturesquare.net/1106194/,10,0.6467,1,keep,candidate_hybrid_keep_strong_domain_rule_anchor,10,0.6467,가상자산;두나무,수수료,,candidate_hybrid,1,0.65,0.35
가상자산거래소 빅2 상반기 매출 '반토막'…두나무·빗썸 동반 부진,"두나무 4,081억원·빗썸 1,688억원…전년비 각각 49.1%·48.7%↓ 거래 수수료 수익 위축 영향  국내 주요 가상자산 거래소 운영사인 두나무와 빗썸의 올해 상반기 매출이 나란히 전년 동기 대비 절반 가까이 감소했다....",http://www.srtimes.kr/news/articleView.html?idxno=210131,20,0.8131,1,keep,candidate_hybrid_keep_strong_domain_rule_anchor,20,0.8131,가상자산;가상자산거래소;빗썸;두나무,수수료,,candidate_hybrid,1,0.65,0.35
"빗썸, 2분기 218억원 적자 기록…작년 대비 흑자 전환 실패","가상자산 거래소 빗썸이 올해 2분기에 218억원의 순손실을 기록한 것으로 나타났다. 작년 같은 기간에는 220억원의 순이익을 달성했으나, 이번 분기에는 적자로 전환되었다고 14일 밝혔다. 전분기 869억원의 순손실과...",https://www.gokorea.kr/news/articleView.html?idxno=875168,9,0.7022,1,keep,candidate_hybrid_keep_strong_domain_rule_anchor,9,0.7022,가상자산;빗썸,,,candidate_hybrid,1,0.65,0.35
"두나무 2분기 실적 급락… 순이익 60% 감소, 원인은?","가상자산 거래소 업비트를 운영하는 두나무는 올해 2분기 재무 실적을 발표했다. 회사는 이 기간 동안 순이익이 389억원으로, 전년 동기 대비 약 60% 감소했다고 밝혔다. 작년 2분기 순이익은 976억원에 달했었다고...",https://www.gokorea.kr/news/articleView.html?idxno=875167,11,0.6889,1,keep,candidate_hybrid_keep_strong_domain_rule_anchor,11,0.6889,가상자산;두나무,실적;순이익,,candidate_hybrid,1,0.65,0.35
"두나무, 2Q 실적 급락…시장 침체에 '울상'","실적 악화의 주된 배경은 지난해 하반기부터 이어진 가상자산 시장 약세와 거래량 위축이다. 거래소의 핵심 수익원이 거래대금에 비례해 발생하는 수수료이다 보니, 시장 상황 악화가 고스란히 실적 하락으로...",https://news.dealsitetv.com/articles/174828,10,0.6173,1,keep,candidate_hybrid_keep_strong_domain_rule_anchor,10,0.6173,가상자산;두나무,실적,,candidate_hybrid,1,0.65,0.35
"빗썸, 상반기 영업익 83% 급감…가상자산 평가손실에 1087억 순손실",국내 디지털자산 거래소 빗썸의 올해 상반기 영업이익이 전년 동기 대비 80% 넘게 감소했다. 거래 수수료 수익이 줄어든 데다 가상자산 처분·평가손실까지 발생하면서 당기순손실은 1000억원을 넘었다. 빗썸은...,https://www.thelec.kr/news/articleView.html?idxno=61002,14,0.7424,1,keep,candidate_hybrid_keep_strong_domain_rule_anchor,14,0.7424,가상자산;디지털자산;빗썸,수수료,,candidate_hybrid,1,0.65,0.35
"두나무, 올해 2분기 영업익 235억…전년比 84.6%↓","가상자산 거래소 업비트를 운영하는 두나무가 올해 2분기 매출액 1735억원, 영업이익 235억원을 기록했다고 밝혔다. 이는 지난해 같은 기간과 비교했을 때 각각 39.3%, 84.6% 감소한 수치다. 당기순이익은 전년 동기...",https://view.asiae.co.kr/article/2026081418152436781,9,0.7242,1,keep,candidate_hybrid_keep_strong_domain_rule_anchor,9,0.7242,가상자산;두나무,,,candidate_hybrid,1,0.65,0.35
두나무 상반기 매출 4081억원...전년 동기 대비 49% 감소,디지털자산 거래소 업비트를 운영하는 두나무(대표 오경석)는 2026년 상반기 반기보고서를 공시했다고... 두나무는 2024년 7월 19일부터 시행된 가상자산 이용자 보호 등에 관한 법률(가상자산이용자보호법)에 따라...,https://www.tokenpost.kr/news/blockchain/390871,13,0.709,1,keep,candidate_hybrid_keep_strong_domain_rule_anchor,13,0.709,가상자산;디지털자산;두나무,,,candidate_hybrid,1,0.65,0.35
"두나무, 상반기 영업익 1115억원…전년比 79.7% ↓",가상자산 시황정보 사이트 코인게코에 따르면 올해 상반기 업비트와 빗썸 등 국내 5대 원화 거래소의 거래대금은 지난해 같은 기간보다 54.6% 감소했다. 업비트의 거래대금도 59.4% 줄어 전체 시장보다 감소 폭이...,http://www.smarttimes.co.kr/news/articleView.html?idxno=48196,15,0.7295,1,keep,candidate_hybrid_keep_strong_domain_rule_anchor,15,0.7295,가상자산;빗썸;두나무,원화,,candidate_hybrid,1,0.65,0.35
두나무 상반기 영업이익 80% 급감...가상자산 시장 위축 직격탄,"거래 관련 수익 감소 【 청년일보 】 디지털자산 거래소 업비트를 운영하는 두나무의 올해 상반기 실적이... 두나무는 2024년 7월 시행된 가상자산이용자보호법에 따라 관련 법적 기준을 준수하고 있으며, 불공정거래...",https://www.youthdaily.co.kr/news/article.html?no=225193,16,0.8398,1,keep,candidate_hybrid_keep_strong_domain_rule_anchor,16,0.8398,불공정거래;가상자산;디지털자산;두나무,,,candidate_hybrid,1,0.65,0.35
"빗썸, 2분기 218억원 순손실…영업이익 전년 대비 44% 줄어",국내 가상자산거래소 빗썸의 올해 2분기 당기순손익이 적자 전환했다. 14일 빗썸은 올해 2분기 매출액이 863억원으로 전년 동기 1344억원 대비 35.8% 감소했다고 밝혔다. 같은 기간 영업이익은 121억원으로 전년 동기...,https://www.sidae.com/article/2026081417530949928,14,0.6608,1,keep,candidate_hybrid_keep_strong_domain_rule_anchor,14,0.6608,가상자산;가상자산거래소;빗썸,,,candidate_hybrid,1,0.65,0.35
"빗썸, 상반기 영업이익 149억원…거래 위축에도 흑자 유지",사진=빗썸 가상자산 거래소 빗썸이 시장 거래 위축에도 올해 상반기 영업흑자를 이어갔다. 가상자산 평가손실 영향으로 당기순손실을 기록했지만 본업인 거래소 사업에서는 흑자를 유지했다. 빗썸은 하반기 인공지능...,https://www.techm.kr/news/articleView.html?idxno=154354,9,0.7587,1,keep,candidate_hybrid_keep_strong_domain_rule_anchor,9,0.7587,가상자산;빗썸,,,candidate_hybrid,1,0.65,0.35
"‘코인 한파’ 두나무, 2분기 영업익 작년 대비 84% 급감",2분기 매출 1735억·영업익 235억 그쳐 가상자산 한파에 거래수수료 매출 직격탄 거래대금 급감에 고객예치금도 30%↓ 국내 1위 가상자산 거래소 업비트를 운영하는 두나무가 올해 2분기 가상자산 시장 침체...,https://www.mk.co.kr/article/12128276,9,0.8455,1,keep,candidate_hybrid_keep_strong_domain_rule_anchor,9,0.8455,가상자산;두나무,,,candidate_hybrid,1,0.65,0.35
"AI·반도체로 떠난 투자자…빗썸, 거래 위축에 실적 '주춤'",거래소는 이용자의 가상자산 매매 과정에서 발생하는 거래 수수료가 주요 수익원인 만큼 거래대금 변화가 매출과 수익성에 직접적인 영향을 미친다. 빗썸은 미국의 매파적 금리 기조가 장기화하면서 가상자산...,https://dealsite.co.kr/articles/167325,11,0.7045,1,keep,candidate_hybrid_keep_strong_domain_rule_anchor,11,0.7045,가상자산;빗썸,금리;실적,,candidate_hybrid,1,0.65,0.35
"두나무, 2분기 영업익 235억⋯전년 동기 대비 84.6%↓",가상자산 거래소 업비트 운영사 두나무가 거래 수수료 수익이 큰 폭으로 줄면서 수익성이 악화됐다. 14일 금융감독원 전자공시시스템에 따르면 두나무의 2분기 연결 기준 영업이익은 235억원으로 전년 동기...,http://www.inews24.com/view/1995293,21,0.7825,1,keep,candidate_hybrid_keep_strong_domain_rule_anchor,21,0.7825,금융감독원;가상자산;업비트;두나무,수수료,,candidate_hybrid,1,0.65,0.35
"두나무, 상반기 매출 4081억원…시장 위축에도 1000억원대 영업익",사진=두나무 가상자산거래소 업비트를 운영하는 두나무가 글로벌 디지털자산 시장의 거래 위축 영향으로 올해 상반기 매출과 영업이익이 감소했다. 다만 거래대금 감소에도 1000억원대 영업이익을 유지하며 견조한...,https://www.techm.kr/news/articleView.html?idxno=154353,18,0.5663,1,keep,candidate_hybrid_keep_strong_domain_rule_anchor,18,0.5663,가상자산;디지털자산;가상자산거래소;두나무,,,candidate_hybrid,1,0.65,0.35
거래대금 감소에 나란히 꺾인 업비트·빗썸…수익성은 엇갈려,뉴스토마토 = 신상민 기자 | 국내 가상자산 거래소 양강인 업비트와 빗썸이 올해 상반기 나란히 부진한 실적을 기록했습니다. 가상자산 시장의 거래가 위축되면서 양사 모두 매출과 영업이익이 큰 폭으로...,http://www.newstomato.com/ReadNews.aspx?no=1310385&inflow=N,14,0.7882,1,keep,candidate_hybrid_keep_strong_domain_rule_anchor,14,0.7882,가상자산;업비트;빗썸,,,candidate_hybrid,1,0.65,0.35
"두나무, 2026년 2분기 영업이익 235억원⋯ 전년比 84.6%↓","디지털자산 거래소 업비트를 운영하는 두나무는 2026년 2분기 매출 1735억원, 영업이익 235억원을 기록했다.... 2024년 7월 19일부터 시행된 가상자산 이용자 보호 등에 관한 법률(가상자산이용자보호법)에 따라 법적...",https://www.viva100.com/article/20260814500782,13,0.7341,1,keep,candidate_hybrid_keep_strong_domain_rule_anchor,13,0.7341,가상자산;디지털자산;두나무,,,candidate_hybrid,1,0.65,0.35
"두나무, 상반기 영업익 1115억원…전년比 79.7% 감소",가상자산 거래소 업비트를 운영하는 두나무의 올해 상반기 영업이익이 전년 동기보다 79.7% 감소했다. 14일 금융감독원 전자공시시스템에 따르면 두나무의 올해 상반기 연결 기준 영업수익은 4081억원으로...,https://www.newspim.com/news/view/20260814001177,15,0.6934,1,keep,candidate_hybrid_keep_strong_domain_rule_anchor,15,0.6934,금융감독원;가상자산;두나무,,,candidate_hybrid,1,0.65,0.35
거래절벽에 업빗썸 2분기 실적 주춤…하반기 시장 회복 '주목',아시아투데이 김민주 기자 = 국내 대표 가상자산 거래소인 업비트와 빗썸이 올해 상반기 거래대금 감소 여파로 2분기에도 나란히 실적 부진을 기록했다. 가상자산 시장 전반의 유동성이 줄어들면서 거래수수료를...,https://www.asiatoday.co.kr/kn/view.php?key=20260814010005102,5,0.7921,1,keep,candidate_hybrid_model_keep_prob_ge_threshold_with_domain_anchor,5,0.7921,가상자산,실적,,candidate_hybrid,1,0.65,0.35
"두나무, 상반기 영업익 전년比 79.7%↓…""디지털자산 시장 축소 여파""",가상자산 거래소 업비트를 운영하는 두나무가 올해 상반기 글로벌 디지털자산 시장의 유동성 축소 여파로 침체된 실적을 거뒀다. 14일 금융감독원 전자공시시스템에 따르면 두나무의 2026년 상반기 연결 기준...,http://www.beyondpost.co.kr/view.php?ud=202608141750394448be44c0aacd_30,22,0.8336,1,keep,candidate_hybrid_keep_strong_domain_rule_anchor,22,0.8336,금융감독원;유동성;가상자산;디지털자산;두나무,,,candidate_hybrid,1,0.65,0.35
"두나무·빗썸, 상반기 실적 '한파'…순익 1084억·순손실 1087억",국내 가상자산 거래소 업비트와 빗썸을 운영하는 두나무와 빗썸이 올해 상반기 나란히 부진한 성적표를 받아들었다. 가상자산 시장의 거래대금과 유동성이 위축되면서 양사 모두 매출이 전년 동기 대비 절반...,https://www.newsworks.co.kr/news/articleView.html?idxno=850491,15,0.7801,1,keep,candidate_hybrid_keep_strong_domain_rule_anchor,15,0.7801,가상자산;빗썸;두나무,실적,,candidate_hybrid,1,0.65,0.35
"두나무, 상반기 영업이익 1115억원…매출 4081억원 기록","디지털자산 거래소 업비트를 운영하는 두나무는 상반기 연결 기준 영업수익 4081억원과 영업이익... 두나무는 2012년 설립된 이후 업비트와 증권플러스 등을 운영해 왔으며, 가상자산 이용자 보호 등에 관한 법률...",http://www.lawissue.co.kr/view.php?ud=20260814175404568204ead0791_12,13,0.7382,1,keep,candidate_hybrid_keep_strong_domain_rule_anchor,13,0.7382,가상자산;디지털자산;두나무,,,candidate_hybrid,1,0.65,0.35
[코인브리핑] 9000만원선 깨진 비트코인…'디파이앱'(HOME) 업비트서 10%...,알트코인 가운데선 가상자산 거래소 업비트와 빗썸에 상장돼 있는 '디파이앱'(HOME)이 큰 폭의 오름세를 타며 투자자들의 관심을 받고 있다. 14일 가상자산업계에 따르면 이날 오후 5시40분 기준 빗썸에서 비트코인...,https://www.asiatime.co.kr/article/20260814500413,4,0.7112,1,keep,candidate_hybrid_model_keep_prob_ge_threshold_with_domain_anchor,4,0.7112,가상자산,,,candidate_hybrid,1,0.65,0.35
거래 수수료 반토막…두나무·빗썸 상반기 실적 급감,국내 1·2위 가상화폐 거래소 업비트와 빗썸의 올해 상반기 실적이 나란히 크게 악화했다. 양사 매출... 두나무 관계자는 “이번 실적 하락은 글로벌 디지털자산 시장 전반의 유동성 축소에 따른 투자 심리...,https://www.decenter.kr/article/20079673?ref=naverdc,19,0.6313,1,keep,candidate_hybrid_keep_strong_domain_rule_anchor,19,0.6313,유동성;디지털자산;빗썸;두나무,수수료;실적,,candidate_hybrid,1,0.65,0.35
"두나무, 수수료 매출 반토막에 2분기 영업익 235억…전 분기 대비 73% ↓",업비트[출처: 연합뉴스 자료사진] 가상자산거래소 업비트 운영사 두나무는 올해 2분기 영업이익이 235억원으로 전 분기 대비 73.3% 급감했다고 14일 공시했다. 2분기 매출(영업수익)은 1천735억원으로 직전 분기...,https://news.einfomax.co.kr/news/articleView.html?idxno=4430271,20,0.6924,1,keep,candidate_hybrid_keep_strong_domain_rule_anchor,20,0.6924,가상자산;가상자산거래소;업비트;두나무,수수료,,candidate_hybrid,1,0.65,0.35
"두나무, 상반기 영업익 전년比 80%↓… 송치형 의장 보수는 39억원",국내 가상 자산 거래소 업비트 운영사 두나무의 올해 상반기 영업이익이 가상 자산 시장 침체에 따른 거래량 감소로 작년 상반기 대비 80% 가까이 감소했다. 송치형 두나무 의장과 오경석 두나무 대표이사는...,https://biz.chosun.com/stock/finance/2026/08/14/SMWBU33TCZFJDGY7YO6NO2UWTQ/?utm_source=naver&utm_medium=original&utm_campaign=biz,10,0.6903,1,keep,candidate_hybrid_keep_strong_domain_rule_anchor,10,0.6903,업비트;두나무,,,candidate_hybrid,1,0.65,0.35
"두나무, 상반기 영업익 1115억…전년比 79.7%↓",가상자산 거래소 업비트를 운영하는 두나무의 올해 상반기 영업이익이 전년 동기 대비 80% 가까이 급감했다. 14일 금융감독원 전자공시시스템에 따르면 두나무의 올해 상반기 연결 기준 영업수익(매출)은...,https://www.newsis.com/view/NISX20260814_0003750167,15,0.7364,1,keep,candidate_hybrid_keep_strong_domain_rule_anchor,15,0.7364,금융감독원;가상자산;두나무,,,candidate_hybrid,1,0.65,0.35
"두나무, 상반기 영업익 79.7% 급감…""디지털자산 시장 위축 영향""",두나무는 국내 가상자산거래소 업비트 운영사다. 시장 내 거래가 위축되고 투자 심리가 둔화하면서 가상자산 거래소 주요 수익원인 거래 수수료 수익에도 영향을 미친 것으로 풀이된다.,https://www.sidae.com/article/2026081417374852840,24,0.8592,1,keep,candidate_hybrid_keep_strong_domain_rule_anchor,24,0.8592,가상자산;디지털자산;가상자산거래소;업비트;두나무,수수료,,candidate_hybrid,1,0.65,0.35
"두나무, 당기순이익 1084억원 기록...전년 동기 대비 74.1%↓",가상자산 거래소 업비트를 운영하는 두나무가 글로벌 디지털 자산 시장의 유동성 축소와 투자 심리 위축 여파로 올해 상반기 아쉬운 실적을 거두었다. 두나무는 금융감독원 전자공시시스템을 통해 2026년 상반기 연결...,https://www.asiaa.co.kr/news/articleView.html?idxno=258993,18,0.7181,1,keep,candidate_hybrid_keep_strong_domain_rule_anchor,18,0.7181,금융감독원;유동성;가상자산;두나무,,,candidate_hybrid,1,0.65,0.35
"""싸이월드가 코인 투자 미끼로""…김호광 대표, 상장·가격 공유 의혹 제...","그는 ""카카오톡 오픈채팅방에서 싸이월드 브랜드를 앞세워 '라이젠 코인'이라는 미상장 가상자산의 매수를 권유하는 자료가 배포되고 있다""며 ""특정 거래소 상장, 특정 가격을 얘기하면서 코인을 판매하는 행위는 잘못된...",https://www.newsway.co.kr/news/view?ud=2026081417174246333,4,0.6848,1,keep,candidate_hybrid_model_keep_prob_ge_threshold_with_domain_anchor,4,0.6848,가상자산,,,candidate_hybrid,1,0.65,0.35
순이익 389억원 두나무 2분기 60% 줄었다,국내 가상자산 거래소 실적은 통상 거래대금과 수수료 수입의 영향을 크게 받는다. 거래가 줄면 매출과 이익이 함께 압박을 받는 구조다. 이번 실적은 삼성SDS가 두나무와 스테이블코인 인프라 협력을 추진한 가운데...,https://www.tokenpost.kr/news/cryptocurrency/390848,16,0.757,1,keep,candidate_hybrid_keep_strong_domain_rule_anchor,16,0.757,가상자산;두나무;스테이블코인,수수료;순이익,,candidate_hybrid,1,0.65,0.35
두나무 2Q 영업이익 235억원…전년비 85%↓,가상자산거래소 업비트 운영사 두나무의 올해 상반기 매출이 전년동기대비 급감했다. '크립토 윈터(가상자산 침체기)'가 장기화하면서 가상자산 거래대금이 줄어든 영향이다. 14일 금융감독원...,https://news.bizwatch.co.kr/article/mobile/2026/08/14/0048,25,0.844,1,keep,candidate_hybrid_keep_strong_domain_rule_anchor,25,0.844,금융감독원;가상자산;가상자산거래소;업비트;두나무,,,candidate_hybrid,1,0.65,0.35
"두나무, 2분기 순이익 389억…전년比 60％ 감소",영업이익 84.6％ 줄어든 235억 아주경제=권가림 기자 hidden@ajunews.com 가상자산 거래소 업비트를 운영하는 두나무는 올해 2분기 순이익이 389억원으로 전년 동기보다 60％ 감소했다고 14일 밝혔다. 매출은...,https://www.ajunews.com/view/20260814173842879,10,0.7441,1,keep,candidate_hybrid_keep_strong_domain_rule_anchor,10,0.7441,가상자산;두나무,순이익,,candidate_hybrid,1,0.65,0.35
"매출 반토막에 이익 더 줄었다…두나무, 상반기 영업익 80%↓",두나무는 디지털자산 거래소 업비트와 증권플러스 등을 운영하고 있다. 가상자산이용자보호법 시행에 맞춰 내부 시스템을 정비하고 불공정거래 방지와 투자자 보호 활동도 이어가고 있다. 상반기 실적에서...,http://www.kdfnews.com/news/articleView.html?idxno=186621,16,0.7346,1,keep,candidate_hybrid_keep_strong_domain_rule_anchor,16,0.7346,불공정거래;가상자산;디지털자산;두나무,,,candidate_hybrid,1,0.65,0.35
시장 침체에 1위도 휘청…두나무 상반기 영업익 80%↓,가상자산 시장 침체가 이어지면서 국내 거래량 1위 가상자산 거래소 업비트를 운영하는 두나무의 올해 상반기 영업이익이 80% 가까이 급감했다. 시장 선두 사업자마저 실적이 크게 꺾이면서 글로벌 가상자산 시장의...,https://www.dailian.co.kr/news/view/1678736/?sc=Naver,9,0.7891,1,keep,candidate_hybrid_keep_strong_domain_rule_anchor,9,0.7891,가상자산;두나무,,,candidate_hybrid,1,0.65,0.35
"두나무, 상반기 순이익 74% 급감한 1천84억…""글로벌 시장 전반 위축""","가상자산거래소 업비트를 운영하는 두나무는 상반기 연결기준 당기순이익이 1년 전보다 74.1% 급감한 1천84억원을 기록했다고 오늘(14일) 밝혔습니다. 상반기 연결기준 매출은 4천81억원, 영업이익은...",https://biz.sbs.co.kr/article_hub/20000328895?division=NAVER,15,0.5613,1,keep,candidate_hybrid_keep_strong_domain_rule_anchor,15,0.5613,가상자산;가상자산거래소;두나무,순이익,,candidate_hybrid,1,0.65,0.35
"""매출 49% 감소""…두나무, 상반기 실적 둔화",|중앙이코노미뉴스 정재혁 기자|디지털자산 거래소 업비트를 운영하는 두나무는 2026년 상반기... 두나무는 2024년 7월 19일부터 시행된 가상자산 이용자 보호 등에 관한 법률(가상자산이용자보호법)에 따라 법적...,https://www.joongangenews.com/news/articleView.html?idxno=540286,14,0.7397,1,keep,candidate_hybrid_keep_strong_domain_rule_anchor,14,0.7397,가상자산;디지털자산;두나무,실적,,candidate_hybrid,1,0.65,0.35
"두나무, 2026년 상반기 매출 4081억원 기록",이투데이=박정호 기자 | 국내 가상자산 거래소 업비트 운영사 두나무는 올해 상반기 연결 기준 영업수익은 4081억원으로 집계됐다고 14일 공시했다. 지난해 같은 기간 8019억원보다 49.1% 감소한 수치다. 상반기...,https://www.etoday.co.kr/news/view/2614899,14,0.5604,1,keep,candidate_hybrid_keep_strong_domain_rule_anchor,14,0.5604,가상자산;업비트;두나무,,,candidate_hybrid,1,0.65,0.35
"두나무, 상반기 영업이익 1115억원…전년 대비 79.7% 급감",박현영 블록체인전문기자 = 가상자산 거래소 업비트 운영사 두나무의 올해 상반기 영업이익이 전년 동기 대비 80% 가까이 급감했다. 가상자산 시장 침체와 거래량 감소가 이어지면서 매출도 절반 가까이 줄었다....,https://www.news1.kr/finance/blockchain-fintech/6259839,14,0.6943,1,keep,candidate_hybrid_keep_strong_domain_rule_anchor,14,0.6943,가상자산;업비트;두나무,,,candidate_hybrid,1,0.65,0.35
"빗썸, 상반기 1087억 순손실 '적자전환'…영업익도 83% 급감",가상자산(디지털자산) 거래소 빗썸이 올해 상반기 1000억원이 넘는 당기순손실을 내며 적자로 돌아섰다. 가상자산 시장 침체와 국내 투자자들의 주식시장 이동 등으로 거래가 위축되면서 영업이익도 전년 동기 대비 80...,https://www.news1.kr/finance/blockchain-fintech/6259814,13,0.6597,1,keep,candidate_hybrid_keep_strong_domain_rule_anchor,13,0.6597,가상자산;디지털자산;빗썸,,,candidate_hybrid,1,0.65,0.35
"빗썸, 두 개 분기 연속 적자… 2분기 순손실 218억원","국내 가상 자산 거래소 빗썸은 올해 1분기에 이어 2분기에도 순손실을 이어갔다. 이재원 빗썸 대표이사 등 등기이사 3명의 1인당 평균 보수액은 2억800만원으로, 작년 상반기보다 약 1억7000만원 덜 벌었다. 빗썸은...",https://biz.chosun.com/stock/finance/2026/08/14/5JRZC373GNHIPIU7SHMQGZDVEY/?utm_source=naver&utm_medium=original&utm_campaign=biz,5,0.692,1,keep,candidate_hybrid_model_keep_prob_ge_threshold_with_domain_anchor,5,0.692,빗썸,,,candidate_hybrid,1,0.65,0.35
두나무 2분기 순이익 389억원…60％ 감소,"가상자산 거래소 업비트를 운영하는 두나무는 올해 2분기 순이익이 389억원으로, 작년 2분기(976억원)보다 60.0％ 감소했다고 14일 공시했다. 영업수익(매출)은 1천735억원으로 39.2％ 감소했고, 영업이익은...",https://www.yna.co.kr/view/AKR20260814156700002?input=1195m,10,0.7083,1,keep,candidate_hybrid_keep_strong_domain_rule_anchor,10,0.7083,가상자산;두나무,순이익,,candidate_hybrid,1,0.65,0.35
"빗썸, 2분기 영업익 121억원…전년比 44% 감소",국내 가상자산거래소 빗썸이 2분기 부진한 성적표를 받아들었다. 가상자산 거래대금이 축소되면서 주 수입원인 수수료 매출이 급감한 영향이다. 14일 금융감독원 전자공시에 따르면 빗썸의 지난 2분기 매출액은...,https://news.bizwatch.co.kr/article/mobile/2026/08/14/0043,21,0.8154,1,keep,candidate_hybrid_keep_strong_domain_rule_anchor,21,0.8154,금융감독원;가상자산;가상자산거래소;빗썸,수수료,,candidate_hybrid,1,0.65,0.35
"빗썸, 2분기 실적 발표…상반기 매출 1688억원",이투데이=박정호 기자 | 국내 가상자산 거래소 빗썸은 올해 2분기 863억원의 매출을 기록했다고 14일 공시했다. 전년 동기 대비 35.8% 감소한 수치다. 2분기 영업이익은 121억원으로 같은 기간 215억원보다 44.0% 줄었다....,https://www.etoday.co.kr/news/view/2614892,10,0.6492,1,keep,candidate_hybrid_keep_strong_domain_rule_anchor,10,0.6492,가상자산;빗썸,실적,,candidate_hybrid,1,0.65,0.35
코인 불황에 거래소 직격탄…두나무 순이익 4분의 1토막,가상자산 거래가 줄어 국내 1·2위 가상자산거래소의 올 상반기 순이익이 급감했다. 업비트를 운영하는 두나무는 올 상반기에 1084억원의 순이익을 기록했다고 14일 공시했다. 지난해 상반기(4182억원) 대비 74.1...,https://www.hankyung.com/article/2026081424901,15,0.7515,1,keep,candidate_hybrid_keep_strong_domain_rule_anchor,15,0.7515,가상자산;가상자산거래소;두나무,순이익,,candidate_hybrid,1,0.65,0.35
"빗썸, 코인 한파에 상반기 적자…영업익 83% 급감",가상자산 가격 약세와 거래 위축이 이어지면서 거래 수수료를 주요 수익원으로 삼는 거래소 실적도 영향을 받은 것으로 풀이된다. 2분기 영업이익은 121억원으로 지난해 같은 기간 215억원보다 44% 감소했다....,https://www.dailian.co.kr/news/view/1678710/?sc=Naver,9,0.6745,1,keep,candidate_hybrid_keep_strong_domain_rule_anchor,9,0.6745,가상자산;빗썸,,,candidate_hybrid,1,0.65,0.35
"빗썸, 올해 상반기 영업실적 악화…""거래대금 감소 영향""",국내 가상자산거래소 빗썸의 실적이 거래대금 감소로 쪼그라들었다. 빗썸은 올해 2분기 매출액이 863억원으로 전년 동기 대비 35.8% 감소했다고 14일 밝혔다. 영업이익은 같은 기간 44.0% 줄어든 121억원을 기록했다. 올해...,https://view.asiae.co.kr/article/2026081417242085177,14,0.713,1,keep,candidate_hybrid_keep_strong_domain_rule_anchor,14,0.713,가상자산;가상자산거래소;빗썸,,,candidate_hybrid,1,0.65,0.35
빗썸 2분기 영업익 121억원…전년比 44%↓,가상자산 거래소 빗썸이 올해 2분기 121억원의 영업이익을 기록하며 지난해 대비 감소한 실적을 받아들었다. 14일 금융감독원에 따르면 빗썸의 2분기 영업이익은 121억원으로 전년 동기(215억원) 대비 44.0% 감소한...,https://www.newsis.com/view/NISX20260814_0003750139,15,0.7305,1,keep,candidate_hybrid_keep_strong_domain_rule_anchor,15,0.7305,금융감독원;가상자산;빗썸,,,candidate_hybrid,1,0.65,0.35
"가상자산 시장 침체에…두나무, 2분기 영업이익 84% 급감",국내 최대 가상자산 거래소 업비트를 운영하는 두나무의 올해 상반기 영업이익이 전년 동기 대비 약 80% 급감했다. 가상자산 거래 플랫폼 수수료 수익이 절반 수준으로 줄어든 가운데 영업비용은...,https://www.edaily.co.kr/news/newspath.asp?newsid=06146726645547320,10,0.8418,1,keep,candidate_hybrid_keep_strong_domain_rule_anchor,10,0.8418,가상자산;두나무,수수료,,candidate_hybrid,1,0.65,0.35
"빗썸, 2분기 영업익 121억… 전분기보다 4배 '껑충'",국내 가상자산 거래 위축이 이어지면서 빗썸의 2분기 매출과 영업이익이 지난해보다 나란히 감소하고... 코인게코 거래대금 자료를 기준으로 빗썸의 국내 5대 원화 거래소 시장점유율은 올해 1월부터 6월까지 6.5...,http://www.popcornnews.net/news/articleView.html?idxno=129838,10,0.763,1,keep,candidate_hybrid_keep_strong_domain_rule_anchor,10,0.763,가상자산;빗썸,원화,,candidate_hybrid,1,0.65,0.35
"빗썸, 2분기 순손실 218억원 ‘적자전환’",2분기 영업수익 862억…전년 대비 35.8% 급감 소송충당부채 395억·코인 처분손실 734억 타격 국내 2위 가상자산 거래소 빗썸이 올해 2분기에도 순손실을 내며 지난해 같은 기간 대비 적자로 돌아섰다. 가상자산...,https://www.mk.co.kr/article/12128176,9,0.7815,1,keep,candidate_hybrid_keep_strong_domain_rule_anchor,9,0.7815,가상자산;빗썸,,,candidate_hybrid,1,0.65,0.35
빗썸 2분기 218억원 순손실…매출 35.8％ 감소,가상자산 거래소 빗썸은 올해 2분기 218억원의 순손실을 기록했다고 14일 밝혔다. 작년 2분기 순이익 220억원에서 적자전환했고 전분기(869억원 순손실)보다는 손실 폭이 줄었다고 말했다. 매출은 863억원으로 작년...,https://www.yna.co.kr/view/AKR20260814149600002?input=1195m,10,0.6342,1,keep,candidate_hybrid_keep_strong_domain_rule_anchor,10,0.6342,가상자산;빗썸,순이익,,candidate_hybrid,1,0.65,0.35
"아톤, 2분기 영업이익 92.3% 증가…영업이익률 18.1%",기존 은행과 증권사 중심에서 가상자산 거래소와 조각투자 플랫폼 등으로 공급 범위를 넓히며 신규 고객을 확보했다. 디지털자산과 금융 인프라 분야에서도 사업을 확대했다. 한국은행 주도의 중앙은행 디지털화폐...,https://www.nbntv.co.kr/news/articleView.html?idxno=4023895,17,0.8211,1,keep,candidate_hybrid_keep_strong_domain_rule_anchor,17,0.8211,한국은행;증권사;가상자산;디지털자산,금융,,candidate_hybrid,1,0.65,0.35
'해킹 위협 vs 출금 지연'…가상자산거래소 콜드월렛 딜레마,"가상자산거래소들이 해킹 위협에 대응하기 위해 콜드월렛 보관 비중을 높이면서 출금 지연 문제가 새로운 과제로 떠오르고 있다. 대부분의 자산을 오프라인에 보관하는 만큼 보안성은 높아지지만, 특정 시점에 출금...",https://news.mtn.co.kr/news-detail/2026081416491182765,9,0.7124,1,keep,candidate_hybrid_keep_strong_domain_rule_anchor,9,0.7124,가상자산;가상자산거래소,,,candidate_hybrid,1,0.65,0.35
KDB생명 품는 한국금융지주…보험업 진출 물꼬 트고 수익 다각화 속도,"은행업 라이선스가 없었던 한국금융지주는 이번 인수를 통해 숙원사업이던 보험업 진출 교두보를 마련하는 한편, 최근 가상자산거래소 투자 등과 맞물려 수익 다각화 전략에 속도를 낼 것으로 전망된다. 14일...",https://www.pointdaily.co.kr/news/articleView.html?idxno=315608,9,0.6607,1,keep,candidate_hybrid_keep_strong_domain_rule_anchor,9,0.6607,가상자산;가상자산거래소,,,candidate_hybrid,1,0.65,0.35
"아톤, 2분기 영업이익 32억원…영업이익률 18.1%로 수익성 개선","주요 은행 및 증권사와 더불어 가상자산 거래소, 조각투자 플랫폼 등 적용 영역을 확대하며 신규 고객사를 확보했다. 회사가 지난해 하반기 추진 방향으로 제시한 PQC 기반 차세대 솔루션 시장 진입이 실제 성과로...",https://zdnet.co.kr/view/?no=20260814165807,7,0.6717,1,keep,candidate_hybrid_model_keep_prob_ge_threshold_with_domain_anchor,7,0.6717,은행;가상자산,,,candidate_hybrid,1,0.65,0.35
"김호광 베타랩스 대표 ""시그마체인, 싸이월드 이용해 코인 판매"" 의혹 제...",미상장 가상자산 '라이젠(Rysen) 코인'의 매수를 권유하고 있다는 의혹을 제기했다. 앞서 시그마체인이... 김 대표는 먼저 특정 거래소가 식별 가능한 형태로 표기된 채 '8월 상장 예정'이라고 적혀 있으나 해당 거래소의...,https://www.ebn.co.kr/news/articleView.html?idxno=1720493,4,0.6766,1,keep,candidate_hybrid_model_keep_prob_ge_threshold_with_domain_anchor,4,0.6766,가상자산,,,candidate_hybrid,1,0.65,0.35
코인 대여 늘리더니…업비트서 강제청산 상반기만 46억,가상화폐 거래 침체로 수수료 수익이 줄어든 국내 거래소들이 코인대여 사업 확대에 나선 가운데... 업비트는 당시 빌릴 수 있는 가상화폐를 기존 11종에서 25종으로 두 배 이상 늘렸다. 원화로 한정됐던 담보자산 범위도...,https://www.sedaily.com/article/20079600?ref=naver,1,0.3548,0,drop,candidate_hybrid_gray_drop_score_lt_threshold,1,0.3548,,수수료,,candidate_hybrid,1,0.65,0.35
"국민연금, 美주식 평가액 33조원 급증…M7·반도체 투자 확대","비트코인 보유 기업인 스트래티지와 가상자산 거래소 코인베이스글로벌의 보유 주식 수를 각각 10.4%, 23.8% 늘렸다. 그러나 스트래티지는 주가 하락 여파로 평가액이 1억258만달러에서 7888만달러로 23.1...",https://www.newsway.co.kr/news/view?ud=2026081416273578468,6,0.6003,1,keep,candidate_hybrid_gray_keep_domain_score_ge_threshold,6,0.6003,가상자산,주가;주식,,candidate_hybrid,1,0.65,0.35
"아톤, 2분기 영업이익 32억원…전년比 92.3% 증가","주요 은행과 증권사뿐 아니라 가상 자산 거래소, 조각 투자 플랫폼 등으로 적용 영역을 넓히며 신규 고객사를 확보했다. 디지털 자산 및 금융 인프라 사업에서도 신규 수주가 이어졌다. 한국은행이 주도하는 중앙은행...",https://biz.chosun.com/it-science/ict/2026/08/14/IHCHW77QR5FL5F42LEOMYO6PCU/?utm_source=naver&utm_medium=original&utm_campaign=biz,6,0.6164,1,keep,candidate_hybrid_gray_keep_domain_score_ge_threshold,6,0.6164,한국은행,금융,,candidate_hybrid,1,0.65,0.35
국민연금 美주식 219조…석 달 새 33조 불린 'AI 랠리',"비트코인 관련 기업인 스트래티지와 가상자산 거래소 코인베이스 보유주식 수도 각각 10.4%, 23.8% 늘렸다. 다만 스트래티지는 주가 하락으로 평가액이 1억258만달러에서 7888만달러로 23.1% 감소했다. 국민연금은...",https://www.ebn.co.kr/news/articleView.html?idxno=1720489,6,0.6355,1,keep,candidate_hybrid_gray_keep_domain_score_ge_threshold,6,0.6355,가상자산,주가;주식,,candidate_hybrid,1,0.65,0.35
"미래에셋은 코빗 '품고', 한투는 코인원 '동맹'...가상자산 확장전략 본...",국내 대형 증권사들이 가상자산 거래소를 교두보로 디지털자산 사업 확장에 속도를 내는 가운데 미래에셋과 한국투자증권의 접근법이 뚜렷하게 갈리고 있다. 미래에셋은 코빗의 경영권을 확보한 뒤 추가 자본까지...,https://www.greened.kr/news/articleView.html?idxno=347727,12,0.8885,1,keep,candidate_hybrid_keep_strong_domain_rule_anchor,12,0.8885,가상자산;디지털자산;코빗,,,candidate_hybrid,1,0.65,0.35
[기획] 특금법 20일 시행…가상자산 대주주도 심사대,◆ 해외 거래소 송금도 깐깐해진다 지난 11일 국무회의를 통과한 특금법 시행령 개정안에 따라 해외 가상자산사업자와의 거래에도 별도의 자금세탁방지 기준이 적용된다. 위험도가 높은 해외 거래소로 자산을 보내거나...,https://www.kfenews.co.kr/news/articleView.html?idxno=662446,4,0.7993,1,keep,candidate_hybrid_model_keep_prob_ge_threshold_with_domain_anchor,4,0.7993,가상자산,,,candidate_hybrid,1,0.65,0.35
'6년째 IPO 도전' 빗썸…내부 통제 논란 반복,고객자산을 다루는 가상자산 거래소에서 대규모 지급 오류가 발생해 내부 통제 체계에 대한 우려가 커졌습니다. 이후 이달 초에는 연내 내부 통제 체계를 금융회사 수준으로 고도화하겠다는 계획을 발표했습니다....,http://www.newstomato.com/ReadNews.aspx?no=1310339&inflow=N,13,0.7717,1,keep,candidate_hybrid_keep_strong_domain_rule_anchor,13,0.7717,ipo;가상자산;빗썸,,,candidate_hybrid,1,0.65,0.35
"코인원, 한투·OKX와 연합…'거래소 지분 규제' 선제 대응","가상자산 거래소 코인원이 한국투자증권·OKX벤처스의 투자를 유치, 주요 주주로 확보했다. 정부의 가상자산 거래소 최대주주 지분 규제 기조에 선제 대응한 행보다. 14일 코인원에 따르면 금융위원회 산하...",https://www.g-enews.com/view.php?ud=202608141142599171c5fa75ef86_1,16,0.9017,1,keep,candidate_hybrid_keep_strong_domain_rule_anchor,16,0.9017,금융위원회;금융위;가상자산,,,candidate_hybrid,1,0.65,0.35
"암호화폐(코인) 리플, 결국 1달러로 밑으로 추락... 대체 무슨 일이 일어...","특정 가상자산을 합법적으로 매매할 수 있도록 새로운 규제 지침을 마련했다. 일반 투자자에게 거래를 승인하기 위해 제시된 심사 기준은 시장 시가총액과 하루 평균 거래량, 그리고 해외 거래소에서 5년 이상의...",https://www.wikitree.co.kr/articles/1152507,8,0.5727,1,keep,candidate_hybrid_keep_strong_domain_rule_anchor,8,0.5727,가상자산;암호화폐,,,candidate_hybrid,1,0.65,0.35
"업비트, 가상자산 58종 상장했지만…코인 불황에 거래대금 '뚝'",지난 10년간 업비트는 주요 가상자산 거래소 가운데 상장 문턱이 가장 높은 곳 중 하나였다. 신규 원화마켓 상장은 단순히 거래할 수 있는 마켓이 하나 늘었다는 의미를 넘어 수많은 프로젝트 가운데 업비트의 심사를...,https://www.sisaon.co.kr/news/articleView.html?idxno=203536,9,0.7829,1,keep,candidate_hybrid_keep_strong_domain_rule_anchor,9,0.7829,가상자산;업비트,,,candidate_hybrid,1,0.65,0.35
"아톤, 2분기 영업익 32억원…92% 급증","주요 은행, 증권사, 가상자산 거래소, 조각투자 플랫폼 등에서 신규 고객사를 확보했다. 지난해 하반기 제시한 PQC 기반 차세대 솔루션 시장 진입이 실제 성과로 이어졌다. 디지털자산·금융 인프라 사업 부문도 신규...",http://www.hansbiz.co.kr/news/articleView.html?idxno=856975,15,0.7243,1,keep,candidate_hybrid_keep_strong_domain_rule_anchor,15,0.7243,은행;증권사;가상자산;디지털자산,금융,,candidate_hybrid,1,0.65,0.35
호재 떠도 꿈쩍 않는 비트코인...발목잡힌 이유 봤더니[엠블록레터],"코인마켓캡 기준 비트코인은 6만3000달러대에 머물렀고, 국내 거래소에서도 9000만원선 회복에 실패했어요.... 가상자산 시장 내부 악재도 겹쳤어요. 가상자산의 증권·상품 분류 기준과 감독 권한을 정리하는 클래리티...",https://www.mk.co.kr/article/12127999,4,0.638,0,drop,candidate_hybrid_gray_drop_score_lt_threshold,4,0.638,가상자산,,,candidate_hybrid,1,0.65,0.35
"하나금융, 단자회사에서 878조 종합금융그룹으로…위기를 기회로 바꾼 ...",국내 금융지주가 가상자산 거래소 지분을 직접 확보하는 첫 사례다. 협업은 이미 진행 중이다. 두 회사는 지난해 말 블록체인 기반 해외송금 서비스를 공동 개발했고 올해 2월 국제은행간통신협회(SWIFT) 기반...,https://thetracker.co.kr/View.aspx?No=4186144,4,0.5698,0,drop,candidate_hybrid_gray_drop_score_lt_threshold,4,0.5698,가상자산,,,candidate_hybrid,1,0.65,0.35
"아톤, 2분기 영업이익 32억원…PQC·금융 인프라 사업 확대","은행과 증권사에 이어 가상자산 거래소, 조각투자 플랫폼 등으로 공급처를 넓히면서 신규 고객사를 확보했다. 금융 인프라와 디지털자산 관련 사업에서도 사업 성과를 이어갔다. 한국은행 주도의 CBDC 실증 후속 사업...",https://www.hankyung.com/article/202608141860O,14,0.7613,1,keep,candidate_hybrid_keep_strong_domain_rule_anchor,14,0.7613,한국은행;가상자산;디지털자산,금융,,candidate_hybrid,1,0.65,0.35
"바이낸스, 네이버·LG전자 등 국내 주식 연계 선물 상장-최대 20배 레버...",해외 가상자산 거래소 바이낸스가 네이버와 LG전자 등 국내 상장 종목을 기초자산으로 한 무기한 선물 상품을 추가로 선보였다. 투자자는 최대 20배의 레버리지를 활용할 수 있으며 주식시장 거래시간과 관계없이...,https://www.mediafine.co.kr/news/articleView.html?idxno=86709,5,0.6553,1,keep,candidate_hybrid_model_keep_prob_ge_threshold_with_domain_anchor,5,0.6553,가상자산,주식,,candidate_hybrid,1,0.65,0.35
석 달 만에 33조 불린 국민연금…엔비디아 팔고 스페이스X 담았다,"국민연금은 비트코인 관련 기업 스트래티지와 가상자산 거래소 코인베이스글로벌 보유량을 각각 10.4%, 23.8% 늘렸다. 보잉과 록히드마틴, 노스롭그루먼, 팔란티어, RTX 등 미국 방산주 보유량도 종목별로 1.0~4.3...",https://www.sisajournal.com/news/articleView.html?idxno=383673,4,0.775,0,drop,candidate_hybrid_drop_low_value_overseas_market_noise,4,0.775,가상자산,,,candidate_hybrid,1,0.65,0.35
"박수영, 가상자산 과세 계획 즉각 철회 요구",국민의힘 박수영 의원이 정부의 가상자산 소득 과세 계획을 비판하며 즉각 철회를 요구했다. 디지털애셋은... 그는 지난해 1~9월 약 124조 원이 해외 디지털 자산 거래소로 유입됐다는 수치를 근거로 들었다.,https://www.tokenpost.kr/news/breaking/390675,4,0.7648,1,keep,candidate_hybrid_model_keep_prob_ge_threshold_with_domain_anchor,4,0.7648,가상자산,,,candidate_hybrid,1,0.65,0.35
"""한국 증시 닫혀도 네이버·LG전자 거래""…바이낸스, 최대 20배 레버리지",해외 가상자산 거래소 바이낸스가 네이버와 LG전자 등 국내 주요 상장 종목을 기초자산으로 하는 무기한 선물 상품을 추가로 선보였다. 최대 20배 레버리지를 적용할 수 있고 주식시장과 달리 휴일 없이 24시간 거래가...,https://www.kizmom.com/news/articleView.html?idxno=112112,4,0.5736,0,drop,candidate_hybrid_gray_drop_score_lt_threshold,4,0.5736,가상자산,,,candidate_hybrid,1,0.65,0.35
"바이낸스, 네이버·LG전자 20배 선물 출시… 자본시장법 위반 소지","글로벌 가상자산 거래소 바이낸스가 국내에서도 네이버(NAVER), LG전자 등에 최대 20배 레버리지로 투자할 수 있는 무기한 선물을 출시했다. 바이낸스는 14일 오전부터 국내 상장 주식인 네이버, LG전자, 삼성전기...",https://biz.chosun.com/stock/finance/2026/08/14/UB7YFQVLRVH4JI4IGYJWG3UCQY/?utm_source=naver&utm_medium=original&utm_campaign=biz,4,0.6857,1,keep,candidate_hybrid_model_keep_prob_ge_threshold_with_domain_anchor,4,0.6857,가상자산,,,candidate_hybrid,1,0.65,0.35
"아톤, 2분기 영업익 32억 '전년比 92%↑'...고수익 사업 확대",기존 은행과 증권사뿐 아니라 가상자산 거래소와 조각투자 플랫폼까지 솔루션 공급처를 확대했다.금융 인프라 사업에서도 신규 수주를 확보했다. 한국은행의 중앙은행 디지털화폐(CBDC) 실증 사업인 '프로젝트 한강...,https://news.mtn.co.kr/news-detail/2026081413471947597,10,0.7098,1,keep,candidate_hybrid_keep_strong_domain_rule_anchor,10,0.7098,한국은행;가상자산,금융,,candidate_hybrid,1,0.65,0.35
비트코인 8930만원대 약세…美 정책 불확실성에 9천만원 회복 '주춤',"국내 5대 가상자산 거래소 자료에 따르면 지난 2월 기준 가상자산 투자자는 1022만명으로 2025년 8월보다 7.0% 감소했고, 같은 기간 가상자산 보유금액도 37.5% 줄어든 것으로 집계됐다.",https://www.job-post.co.kr/news/articleView.html?idxno=224100,4,0.7544,1,keep,candidate_hybrid_model_keep_prob_ge_threshold_with_domain_anchor,4,0.7544,가상자산,,,candidate_hybrid,1,0.65,0.35
"금리 부담 덜었는데 6만3000달러…비트코인, 채굴업체 매도에 '발목'",국내 가상자산 거래소 빗썸에서는 전날보다 0.75% 하락한 8936만원을 기록하며 9000만원선을 회복하지 못했다. 앞서 비트코인은 이번 주 6만5000달러 부근까지 반등했지만 상승세를 이어가지 못하고 다시...,https://www.newsworks.co.kr/news/articleView.html?idxno=850428,5,0.4354,0,drop,candidate_hybrid_gray_drop_score_lt_threshold,5,0.4354,가상자산,금리,,candidate_hybrid,1,0.65,0.35
기업도 투자자도 답답...내년 가상자산 제도 대전환 시험대[코인 투자시...,금융당국 실태조사에 따르면 지난해 하반기 해외 가상자산 이전 거래 규모는 107조원으로 상반기보다 6% 증가했다. 트래블룰 확대가 개인지갑 및 해외 거래소와의 입출금 과정에서 지갑 소유 확인과 거래 목적 확인 등을...,https://www.newsway.co.kr/news/view?ud=2026081411240158475,4,0.6812,1,keep,candidate_hybrid_model_keep_prob_ge_threshold_with_domain_anchor,4,0.6812,가상자산,,,candidate_hybrid,1,0.65,0.35
"아톤, 2분기 영업익 32억원…전년비 92.3% 증가","주요 은행과 증권사 외에 가상자산 거래소, 조각투자 플랫폼 등으로 적용 영역을 넓혀 신규 고객사를 확보했다. 디지털자산 및 금융 인프라 사업 수주도 이어졌다. 한국은행 주도 중앙은행 디지털화폐(CBDC) 실증 후속...",https://www.ddaily.co.kr/page/view/2026081413450051194,17,0.8107,1,keep,candidate_hybrid_keep_strong_domain_rule_anchor,17,0.8107,한국은행;증권사;가상자산;디지털자산,금융,,candidate_hybrid,1,0.65,0.35
"아톤, 2분기 영업익 32억…전년比 92.3%↑","PQC 사업에서는 공급처를 은행과 증권사에서 가상자산 거래소, 조각투자 플랫폼 등으로 넓혔다. 양자컴퓨터를 이용한 해독 공격에 대비할 수 있는 차세대 보안 솔루션의 적용 범위를 금융·디지털자산 분야로 확대한...",https://www.newsis.com/view/NISX20260814_0003749568,9,0.7387,1,keep,candidate_hybrid_keep_strong_domain_rule_anchor,9,0.7387,가상자산;디지털자산,금융,,candidate_hybrid,1,0.65,0.35
"아톤, 2분기 영업이익 32억원…전년 동기 대비 92.3% 증가",아톤은 은행과 증권사에 이어 가상자산 거래소와 조각투자 플랫폼 등을 신규 고객사로 확보했다고 설명했다. 디지털자산과 금융 인프라 사업에서도 신규 수주가 이어졌다. 한국은행이 추진하는 중앙은행 디지털화폐...,https://byline.network/?p=9004111222615434,14,0.7382,1,keep,candidate_hybrid_keep_strong_domain_rule_anchor,14,0.7382,한국은행;가상자산;디지털자산,금융,,candidate_hybrid,1,0.65,0.35
"아톤, 2분기 영업이익 32억원... 전년동기 대비 92.3% 상승","주요 은행 및 증권사와 더불어 가상자산 거래소, 조각투자 플랫폼 등 적용 영역이 확대되며 신규 고객사를 확보했다. 회사가 지난해 하반기 추진 방향으로 제시했던 PQC 기반 차세대 솔루션의 시장 진입이 실제 성과로...",http://www.boannews.com/media/view.asp?idx=145160&kind=3,7,0.654,1,keep,candidate_hybrid_model_keep_prob_ge_threshold_with_domain_anchor,7,0.654,은행;가상자산,,,candidate_hybrid,1,0.65,0.35
업비트 거래소에서 금일 가장 주목 받는 가상화폐는…,스테이블코인은 법정화폐 또는 특정자산의 가치를 일대일로 추종하는 가상화폐다. '에어로드롬파이낸스'는 코인베이스(Coinbase) 가상화폐 거래소가 출시한 베이스(Base) 체인 네트워크 기반 탈중앙화거래소다. 탈중앙화...,https://www.khgames.co.kr/news/articleView.html?idxno=307354,10,0.4077,1,keep,candidate_hybrid_keep_strong_domain_rule_anchor,10,0.4077,업비트;스테이블코인,,,candidate_hybrid,1,0.65,0.35
"아톤, 2분기 영업익 32억 ··· 영업이익률 18.1%로 수익성 개선",주요 은행과 증권사를 중심으로 적용해 온 PQC 솔루션을 가상자산 거래소와 조각투자 플랫폼 등으로 확대하면서 신규 고객사를 확보했다. 지난해 하반기부터 추진해 온 PQC 기반 차세대 솔루션의 시장 진입이 실제 공급...,https://www.datanet.co.kr/news/articleView.html?idxno=213808,4,0.6212,0,drop,candidate_hybrid_gray_drop_score_lt_threshold,4,0.6212,가상자산,,,candidate_hybrid,1,0.65,0.35
"아톤, 2분기 영업이익 32억원…PQC·금융 인프라 확대로 수익성 개선","기존 주요 은행과 증권사를 넘어 가상자산 거래소와 조각투자 플랫폼 등으로 적용 영역을 넓히며 신규 고객사를 확보했다. 아톤은 지난해 하반기부터 PQC 기반 차세대 솔루션의 시장 확대를 추진해 왔으며, 올해 들어...",https://economist.co.kr/article/view/ecn202608140034,5,0.6147,0,drop,candidate_hybrid_gray_drop_score_lt_threshold,5,0.6147,가상자산,금융,,candidate_hybrid,1,0.65,0.35
"아톤, 2분기 영업이익 전년比 92.3% 증가...매출은 11.4%↓","은행 및 증권사와 가상자산 거래소, 조각투자 플랫폼 등 적용 영역을 확대해 신규 고객사를 확보했다. 디지털자산 및 금융 인프라 사업 부문에서도 신규 물량을 수주했다. 한국은행 주도 중앙은행 디지털화폐(CBDC) 실증...",https://www.techm.kr/news/articleView.html?idxno=154325,17,0.8162,1,keep,candidate_hybrid_keep_strong_domain_rule_anchor,17,0.8162,한국은행;은행;가상자산;디지털자산,금융,,candidate_hybrid,1,0.65,0.35
네이버·LG전자에 최대 20배 베팅…바이낸스 선물 출시,"삼성전기·한미반도체·KODEX 200 ETF 등도 삼성전자·SK하이닉스·현대차 등엔 50배 투자 가능 해외 가상자산 거래소 바이낸스가 네이버, LG전자 등에 최대 20배 레버리지로 투자할 수 있는 무기한 선물 상품을...",https://www.yna.co.kr/view/AKR20260814084400002?input=1195m,4,0.5801,0,drop,candidate_hybrid_gray_drop_score_lt_threshold,4,0.5801,가상자산,,,candidate_hybrid,1,0.65,0.35
"아톤, 2분기 영업이익 32억원…전년比 92.3%↑","주요 은행 및 증권사와 더불어 가상자산 거래소, 조각 투자 플랫폼 등 적용 영역이 확대되며 신규 고객사를 확보했다. 회사가 지난해 하반기 추진 방향으로 제시했던 PQC 기반 차세대 솔루션의 시장 진입이 실제 성과로...",https://www.mt.co.kr/tech/2026/08/14/2026081413225269773,7,0.673,1,keep,candidate_hybrid_model_keep_prob_ge_threshold_with_domain_anchor,7,0.673,은행;가상자산,,,candidate_hybrid,1,0.65,0.35
"[줌인] 두나무, 금융교육서 신용회복까지…'포용금융' ESG 외연 넓힌다",가상자산 거래소 업비트를 운영하는 두나무가 청소년부터 금융취약계층까지 지원 대상을 넓히며 금융 분야 사회공헌 사업을 확대하고 있다. 청소년에게는 디지털 금융과 투자에 대한 이해를 높이는 교육을 제공하고...,http://www.dailypop.kr/news/articleView.html?idxno=101598,10,0.6434,1,keep,candidate_hybrid_keep_strong_domain_rule_anchor,10,0.6434,가상자산;두나무,금융,,candidate_hybrid,1,0.65,0.35
1억3100만달러 비트코인 ETF서 빠졌다,비트코인 현물 ETF는 투자자가 BTC를 직접 보관하지 않고도 거래소에서 관련 상품을 거래할 수 있게 한다. ETF 자금 흐름은 규제권 금융상품을 통한 가상자산 수요를 보는 참고 지표로 쓰인다. 다만 하루...,https://www.tokenpost.kr/news/cryptocurrency/390637,4,0.5869,0,drop,candidate_hybrid_gray_drop_score_lt_threshold,4,0.5869,가상자산,,,candidate_hybrid,1,0.65,0.35
‘출금 중단 700억 편취’ 델리오 대표 징역 15년,재판부는 “감당할 수 없는 고율의 이자를 내세우고 안정성을 강조해 다수 피해자로부터 거액을 편취했다”며 “수사기관부터 법정에 이르기까지 FTX(가상자산 거래소) 파산이나 하루인베스트 등에 책임을 전가하고...,https://www.naeil.com/news/read/598869?ref=naver,4,0.6835,1,keep,candidate_hybrid_model_keep_prob_ge_threshold_with_domain_anchor,4,0.6835,가상자산,,,candidate_hybrid,1,0.65,0.35
"아톤, 2분기 영업이익 32억원…전년比 92%↑","아톤은 상반기 주요 은행과 증권사뿐 아니라 가상자산 거래소, 조각투자 플랫폼 등으로 PQC 솔루션 공급처를 확대했다. 디지털자산·금융 인프라 사업에서도 신규 수주가 이어졌다. 한국은행의 디지털화폐 실증사업...",https://www.etnews.com/20260814000165,14,0.7189,1,keep,candidate_hybrid_keep_strong_domain_rule_anchor,14,0.7189,한국은행;가상자산;디지털자산,금융,,candidate_hybrid,1,0.65,0.35
"대만달러 31.991까지 강세, 외국인 4일 순매수","대만 증권거래소에 따르면, 외국인은 8월 10일부터 13일까지 4거래일 연속 대만 주식을 순매수했다. 이... 아시아 통화의 동조화가 커질수록 달러 결제 비중이 높은 가상자산 시장에서도 환율 흐름은 결제...",https://www.tokenpost.kr/news/cryptocurrency/390619,8,0.6279,1,keep,candidate_hybrid_keep_strong_domain_rule_anchor,8,0.6279,환율;가상자산,달러,,candidate_hybrid,1,0.65,0.35
"미래에셋, 코빗 인수 후 500억원 유상증자","미래에셋그룹이 가상자산 거래소 코빗 인수 이후 500억원 규모의 자본 확충에 나선다. 미래에셋 편입 후 첫 자본확충 14일 가상자산업계에 따르면, 코빗 운영사 디지털엑스는 지난 12일 이사회를 열고 보통주 1007만8614주...",https://www.fntimes.com/html/view.php?ud=2026081410451447150f4390e77d_18,8,0.7926,1,keep,candidate_hybrid_keep_strong_domain_rule_anchor,8,0.7926,가상자산;코빗,,,candidate_hybrid,1,0.65,0.35
알트코인 '롤러코스터'는 감수해도 '러시안룰렛'은 곤란하다,"내가 산 자산의 가격이 떨어지는 것이 아니라, 그 종목이 '유의 종목'으로 지정되거나 '거래지원 종료(상장폐지)' 될 수 있는 경우다. 최근 한 달 국내 가상화폐 거래소인 업비트, 빗썸, 코인원, 코빗, 고팍스에서 '유의 종목...",https://www.khgames.co.kr/news/articleView.html?idxno=307346,14,0.5172,1,keep,candidate_hybrid_keep_strong_domain_rule_anchor,14,0.5172,업비트;빗썸;코빗,,,candidate_hybrid,1,0.65,0.35
"트라버스, 벤처기업 인증 받고 툭 사업 확대",블록체인·가상자산 기술기업 트라버스가 벤처기업 인증을 받고 비수탁형 지갑·송금 서비스 ‘took!’... 연동과 거래소 출금 지원도 포함돼 있다. 트라버스는 지갑 보안과 컴플라이언스 기능도 함께 넓히고...,https://www.tokenpost.kr/news/blockchain/390552,4,0.6051,0,drop,candidate_hybrid_gray_drop_score_lt_threshold,4,0.6051,가상자산,,,candidate_hybrid,1,0.65,0.35
8억 대의 갤럭시 '디지털 달러' 지갑 된다…삼성전자 '스테이블코인' 승...,"삼성증권과 삼성SDS, 삼성카드는 지난 5월 국내 최대 가상자산 거래소 업비트를 운영하는 두나무 지분 4%를 총 4억800만달러에 인수하기로 했다. 이준희 삼성SDS 대표는 7월 30일 2분기 실적 발표에서 이를 스테이블코인과 AI...",https://magazine.hankyung.com/business/article/202608127791b,16,0.8684,1,keep,candidate_hybrid_keep_strong_domain_rule_anchor,16,0.8684,가상자산;두나무;스테이블코인,실적;달러,,candidate_hybrid,1,0.65,0.35
특금법 바뀌면 내 코인 투자는?…거래소 '옥석 가리기'에 판도 바뀐다,◆거래소 넘어 '대주주'까지 본다…생존 기준 높아져 14일 가상자산 업계에 따르면 금융당국은 지난 13일 개정 특금법과 시행령·감독규정 등 하위규정의 내용을 반영한 '가상자산사업자 개정 신고매뉴얼'을 공개했다. 이에...,https://www.widedaily.com/news/articleView.html?idxno=299467,4,0.8149,1,keep,candidate_hybrid_model_keep_prob_ge_threshold_with_domain_anchor,4,0.8149,가상자산,,,candidate_hybrid,1,0.65,0.35
"화우, '경찰 수사통' 신재문·김도경 파트너변호사 영입","경찰 최초로 대형 가상자산거래소의 시세조종 사건을 수사·지휘했으며, 금융위원회 산하 금융정보분석원(FIU) 심사분석관(파견 경정)으로 근무하며 자금세탁방지(AML) 및 의심거래 분석 업무를 전담해 금융 규제기관과...",http://www.intn.co.kr/news/articleView.html?idxno=2052572,32,0.8602,1,keep,candidate_hybrid_keep_strong_domain_rule_anchor,32,0.8602,금융위원회;금융위;가상자산;가상자산거래소;fiu;금융정보분석원,금융,,candidate_hybrid,1,0.65,0.35
"깨비AI 사용 15배, KB증권 디지털자산도 묶었다","가상자산거래소 지분 인수 가능성도 열어두되, 기술적 시너지나 투자 차익 등 기대효과가 검증된 전략 아래 움직이겠다는 입장이다. 스테이블코인은 KB금융그룹 차원의 대응 영역으로 분류됐다. 박 상무는...",https://www.tokenpost.kr/news/cryptocurrency/390514,18,0.7688,1,keep,candidate_hybrid_keep_strong_domain_rule_anchor,18,0.7688,가상자산;디지털자산;가상자산거래소;스테이블코인,,,candidate_hybrid,1,0.65,0.35
"[더벨]트라버스, 벤처기업 인증 획득·비수탁형 사업 본격화","K-VWAP은 국내 주요 원화 가상자산거래소의 실제 거래 규모를 반영해 하나의 대표 원화 가격을 산출하는 방식으로, ‘took!’은 이를 실시간 원화 환산과 송금 과정 등에 활용할 계획이다. 이를 통해 해외 중심의 기존...",https://www.thebell.co.kr/free/content/ArticleView.asp?key=202608140915591320102465,10,0.5922,1,keep,candidate_hybrid_keep_strong_domain_rule_anchor,10,0.5922,가상자산;가상자산거래소,원화,,candidate_hybrid,1,0.65,0.35
"두나무 '업클래스 주니어', 상반기 교육 만족도 96% 기록",가상자산(디지털자산) 거래소 업비트 운영사 두나무는 청소년 교육 프로그램 '업클래스 주니어'의 올해 상반기 현장 만족도가 96%로 집계됐다고 14일 밝혔다. 업클래스 주니어는 업비트의 금융 교육 프로그램...,https://www.news1.kr/finance/blockchain-fintech/6258909,19,0.7734,1,keep,candidate_hybrid_keep_strong_domain_rule_anchor,19,0.7734,가상자산;디지털자산;업비트;두나무,금융,,candidate_hybrid,1,0.65,0.35
"비트코인, 6만3000달러대 횡보…""크립토는 죽었다"" 비관론 확산[코인브...",14일 오전 9시 20분 기준 국내 가상자산 거래소 빗썸에서 비트코인은 전날 같은 시간보다 0.45% 하락한 8964만 원에 거래됐다. 같은 시간 글로벌 가상자산 시황 사이트 코인마켓캡에서 비트코인은 0.18% 떨어진 6만...,https://www.news1.kr/finance/blockchain-fintech/6258995,4,0.5695,0,drop,candidate_hybrid_gray_drop_score_lt_threshold,4,0.5695,가상자산,,,candidate_hybrid,1,0.65,0.35
"[데스크칼럼] 주식 거래시간 연장, 약일까 독일까","이 가격은 해외 가상자산거래소에서 거래되는 SK하이닉스 연동 무기한선물에 영향을 미쳤고, 불과 2분 만에 약 830억원 규모의 매수 포지션이 강제청산된 것으로 알려졌다. 단 1주의 거래가 830억원 규모 충격으로 번졌다는...",https://www.news2day.co.kr/article/20260814500032,10,0.5588,1,keep,candidate_hybrid_keep_strong_domain_rule_anchor,10,0.5588,가상자산;가상자산거래소,주식,,candidate_hybrid,1,0.65,0.35
"13F에 가상자산주 보유, 운용사·연기금 동반 등장","이번 공시 흐름은 기관의 가상자산 접근 방식이 직접 코인 보유만으로 설명되지 않는다는 점을 보여준다. 스트레티지, 코인베이스, 로빈후드, 서클은 각각 비트코인 보유, 거래소, 브로커리지, 스테이블코인이라는...",https://www.tokenpost.kr/news/market/390446,9,0.8215,1,keep,candidate_hybrid_keep_strong_domain_rule_anchor,9,0.8215,가상자산;스테이블코인,,,candidate_hybrid,1,0.65,0.35
[크립토 브리핑] 물가·금리 부담 덜었지만…비트코인 6만3000달러대 횡...,"움직였지만, 가상자산 시장을 끌어올릴 새로운 재료가 부족한 영향으로 풀이된다. 14일 글로벌 가상자산... 시카고상품거래소(CME) 페드워치가 반영하는 9월 연방공개시장위원회(FOMC)의 기준금리 동결 가능성도 전날...",https://www.techm.kr/news/articleView.html?idxno=154301,8,0.7079,1,keep,candidate_hybrid_keep_strong_domain_rule_anchor,8,0.7079,기준금리;가상자산,금리,,candidate_hybrid,1,0.65,0.35
두나무 '업클래스 주니어' 만족도 96%…청소년 디지털 금융교육 '호평',가상자산 거래소 업비트 운영사 두나무는 자체 청소년 대상 디지털 금융 교육 프로그램 '업클래스 주니어' 현장 만족도 96%를 달성했다고 14일 밝혔다. 업클래스 주니어는 업비트의 세대별 맞춤형 금융 교육 프로그램...,https://www.newsis.com/view/NISX20260814_0003748925,15,0.8767,1,keep,candidate_hybrid_keep_strong_domain_rule_anchor,15,0.8767,가상자산;업비트;두나무,금융,,candidate_hybrid,1,0.65,0.35
"CFTC, 21일 가상자산·예측시장 자문회의 연다","가상자산 거래소와 예측시장 사업자가 일부 겹치는 만큼, 감독 기준은 시장구조 논의와 함께 다뤄질 가능성이 있다. 한국 시장에서 관건은 미국 규제기관의 행정 해석이 국내 거래소와 프로젝트의 미국 영업...",https://www.tokenpost.kr/news/policy/390395,4,0.7721,1,keep,candidate_hybrid_model_keep_prob_ge_threshold_with_domain_anchor,4,0.7721,가상자산,,,candidate_hybrid,1,0.65,0.35
"비트코인 8958만 원대 횡보, 미국 주요 물가지표 안정화에도 시장은 관...",14일 가상화폐거래소 업비트에서 오전 9시2분 기준 비트코인은 24시간 전보다 1BTC(비트코인 단위)당 0.03... 일반적으로 물가 안정화는 금리 인상 가능성을 낮춰 가상화폐 등 위험자산 투자심리에 긍정적 요인으로...,https://www.businesspost.co.kr/BP?command=article_view&num=444755,1,0.409,0,drop,candidate_hybrid_gray_drop_score_lt_threshold,1,0.409,,금리,,candidate_hybrid,1,0.65,0.35
[기고] 가상자산 투자자가 12월 전에 확인해야 할 것,거래소별 취득가와 거래내역을 내려받아 보관한다. 2027년 1월 1일 전부터 보유한 가상자산은 2026년 12월 31일 시가와 실제 취득가액 중 큰 금액으로 취득가액을 계산하는 특례가 있다. 연말 시점의 시가 자료가 그 근거가...,https://www.shinailbo.co.kr/news/articleView.html?idxno=5051278,4,0.608,0,drop,candidate_hybrid_gray_drop_score_lt_threshold,4,0.608,가상자산,,,candidate_hybrid,1,0.65,0.35
[주간 코인플릭스] 26년 33주차 암호화폐 상승률 1위 '벨벳',"글로벌 가상자산 시황 중계 사이트 코인마켓캡(CoinMarketCap)에 따르면, 8월 7일 6시부터 8월 14일 6시까지... OKX 토큰은 거래소 생태계 안에서 수수료 혜택과 서비스 연계를 제공하는 유틸리티 토큰이라는 점이...",https://bizhankook.com/articles/weekly-crypto-velvet-price-surge.html,9,0.7447,1,keep,candidate_hybrid_keep_strong_domain_rule_anchor,9,0.7447,가상자산;암호화폐,수수료,,candidate_hybrid,1,0.65,0.35
‘최대주주 한화그룹’ 시큐리타이즈…첫 어닝쇼크에 주가 28% 급락,뉴욕증권거래소에 상장하며 토큰화 기업으로는 처음으로 미국 증시 데뷔에 성공했다. 회사는 상장 첫날 자사 보통주(SECZ)를 이더리움과 솔라나 등 블록체인 위에 직접 토큰화해 유통시키며 가상자산 업계 최대...,https://www.mk.co.kr/article/12127607,5,0.7082,1,keep,candidate_hybrid_model_keep_prob_ge_threshold_with_domain_anchor,5,0.7082,가상자산,주가,,candidate_hybrid,1,0.65,0.35
"솔라나·수이 가격 조정 속 블록DAG '5,000배 상승' 과장 마케팅 논란......","주요 레이어 1 블록체인인 솔라나(SOL)가 76달러선, 수이(SUI)가 0.69달러선에서 거래되는 등 메이저 가상자산들... 상장 전 프리세일 단계의 자산은 실제 거래소 유동성이 담보되지 않으며, 개발진이나 초기 투자자들의...",https://www.pinpointnews.co.kr/news/articleView.html?idxno=477322,4,0.5156,0,drop,candidate_hybrid_gray_drop_score_lt_threshold,4,0.5156,가상자산,,,candidate_hybrid,1,0.65,0.35
"신한은행, 부산 'SOL클러스터' 출범...하나은행과 '동남권 쟁탈전'","파악, 여신 지원, 정책금융 연계까지 종합적으로 지원하는 지역 거점 금융 플랫폼이다. 신한은행은 지난... 지난달 기술보증기금·한국수입협회와 업무협약을 맺고 기술보증기금에 7억원을 특별출연해 500억원 규모의...",https://www.pointdaily.co.kr/news/articleView.html?idxno=315590,11,0.4223,1,keep,candidate_hybrid_keep_strong_domain_rule_anchor,11,0.4223,정책금융;기술보증기금,금융,,candidate_hybrid,1,0.65,0.35
"7월 금융권 가계대출 6조2천억 증가, 이억원 ""확대된 대출 여력으로 실...","업권별로 보면 은행권과 보험업권, 저축은행, 여신전문금융회사에서 가계대출이 늘었다. 증가폭은 은행권... 회의에는 재정경제부, 국토교통부, 한국은행, 금융감독원 등 관계기관과 은행연합회, 제2금융권 협회, 5대...",https://www.businesspost.co.kr/BP?command=article_view&num=444836,20,0.5865,1,keep,candidate_hybrid_keep_strong_domain_rule_anchor,20,0.5865,금융감독원;한국은행;은행권;저축은행,대출,,candidate_hybrid,1,0.65,0.35
"'대출 오픈런'에 결국 총량규제 1.5%→3%로 완화…""투기수요 자극 유의""","저축은행중앙회, 여신금융협회, 농협․수협․신협․새마을금고중앙회, 5대 시중은행(KB국민·신한·하나·우리·NH농협은행) 등이 참석했다. 이날 참석자들은 7월 가계대출 동향에 대해 논의한 후, 전날 발표된 '부동산...",https://www.getnews.co.kr/news/articleView.html?idxno=877988,23,0.6373,1,keep,candidate_hybrid_keep_strong_domain_rule_anchor,23,0.6373,시중은행;저축은행;새마을금고;신협;여신금융협회,대출,,candidate_hybrid,1,0.65,0.35
"실수요 대출 확 푼다더니…""새벽부터 광클"" 카뱅 오픈런 여전, 왜?","금융위원회는 이날 오전 주요 은행장들과 은행연합회, 생·손보, 저축은행, 여신금융협회 등 5개 협회장 등을 불러 확대 가계부채 점검회의를 주재했는데, 이 자리에서도 실무적인 세부안이 추가로 전달되진 않았다. 한...",https://www.mt.co.kr/finance/2026/08/14/2026081414203336398,26,0.6899,1,keep,candidate_hybrid_keep_strong_domain_rule_anchor,26,0.6899,금융위원회;금융위;저축은행;여신금융협회;가계부채,대출,,candidate_hybrid,1,0.65,0.35
[뱅크 NOW] IBK기업은행·제주은행·카카오뱅크,"■ IBK기업은행, 다문화·문화소외계층 아동 지원 'IBK 모두다 아트캠프' 개최 IBK기업은행이 한국메세나협회... 14일 금융감독원 전자공시시스템에 따르면 카카오뱅크 임원 12명은 지난 6월부터 8월 12일까지 카카오뱅크...",http://www.wikileaks-kr.org/news/articleView.html?idxno=190968,11,0.7135,1,keep,candidate_hybrid_keep_strong_domain_rule_anchor,11,0.7135,금융감독원;기업은행,,,candidate_hybrid,1,0.65,0.35
카드업계 '불황형 흑자'...'혜자카드' 멸종,여신금융협회에 따르면 올해 상반기 신용카드는 73종이 새로 출시된 반면 97종이 단종됐다. 체크카드 역시 22종이 출시되고 30종이 사라졌다. 신용·체크카드를 합치면 상반기에만 32종이 순감했다. 2023년부터...,https://theviewers.co.kr/View.aspx?No=4186534,6,0.6536,1,keep,candidate_hybrid_model_keep_prob_ge_threshold_with_domain_anchor,6,0.6536,여신금융협회,,,candidate_hybrid,1,0.65,0.35
증시 조정에 '빚투' 주춤…7월 가계대출 증가폭 축소,금융투자협회 집계에서도 증시 자금 감소가 확인됐다. 신용거래융자 잔액은 2026년 6월 24일... 제2금융권은 8000억원 증가했다. 상호금융권 대출은 7000억원 감소했지만 저축은행과 여신전문금융회사는 각각...,https://www.straightnews.co.kr/news/articleView.html?idxno=308948,8,0.4073,1,keep,candidate_hybrid_keep_strong_domain_rule_anchor,8,0.4073,저축은행;상호금융,,,candidate_hybrid,1,0.65,0.35
"이억원 ""총량목표 조정, 투기수요 자극 안돼""…7월 가계대출 6.2조↑","금융권은 8000억원 증가했다. 상호금융이 2000억원 증가에서 7000억원 감소로 돌아선 반면 저축은행과 여신전... 국토교통부, 한국은행, 금융감독원 등 관계기관과 은행연합회, 제2금융권 협회, 5대 시중은행이 참석했다.",https://news.bizwatch.co.kr/article/finance/2026/08/14/0010,23,0.6018,1,keep,candidate_hybrid_keep_strong_domain_rule_anchor,23,0.6018,금융감독원;한국은행;시중은행;저축은행;상호금융,,,candidate_hybrid,1,0.65,0.35
"내년 7월 책무구조도 '데드라인'…딜로이트 안진, 중소형 여전사 공략","딜로이트 안진은 여신금융협회 책무구조도 표준안 마련 경험을 바탕으로 금융당국 제출서류 표준안과 부서장 책무관리, 이행점검 체계 등을 제공한다. 회사 측에 따르면 지난 7월 책무구조도 제출 대상 여전사 가운데...",http://www.fnnews.com/news/202608140929352456,6,0.6707,1,keep,candidate_hybrid_model_keep_prob_ge_threshold_with_domain_anchor,6,0.6707,여신금융협회,,,candidate_hybrid,1,0.65,0.35
"딜로이트 안진, 로고스시스템·범익과 MOU 체결","이번 협약을 통해 딜로이트 안진은 여신금융협회 책무구조도 표준안 마련 수행 경험과 주요 여전사 컨설팅 경험을 바탕으로 금융당국 제출서류 표준안, 부서장 책무관리 및 이행점검 체계 등 전문 콘텐츠를 제공한다....",https://www.edaily.co.kr/news/newspath.asp?newsid=03562086645547320,6,0.5798,1,keep,candidate_hybrid_gray_keep_domain_score_ge_threshold,6,0.5798,여신금융협회,,,candidate_hybrid,1,0.65,0.35
롯데카드 2분기 순이익 440억원…작년 동기比 61.8%↑,"조정자기자본비율은 15.91%로 여신전문금융업 감독규정상 최저기준(8%)을 크게 웃돌았다. 별도 기준 회원 수는 968만명, 상반기 신용카드 이용액은 54조3060억원이다. 다만 하반기 실적에는 지난해 발생한...",https://biz.heraldcorp.com/article/10842201?ref=naver,7,0.576,1,keep,candidate_hybrid_gray_keep_domain_score_ge_threshold,7,0.576,여신전문금융업,순이익,,candidate_hybrid,1,0.65,0.35
"""제3자 연대책임 금지""…김현정 의원, 여전법 개정안 발의",위한 '여신전문금융업법 일부개정법률안'을 14일 대표발의했다. 벤처투자회사 등이 투자계약을 체결하면서 투자받은 회사뿐만 아니라 회사 대표 등 제3자에게도 투자계약에 따른 의무를 연대하여 부담시키는 사례가 종종...,https://www.joongangenews.com/news/articleView.html?idxno=540204,6,0.6668,1,keep,candidate_hybrid_model_keep_prob_ge_threshold_with_domain_anchor,6,0.6668,여신전문금융업,,,candidate_hybrid,1,0.65,0.35
[뉴스워커_김현정 의원] 신기술금융사 '대표 연대책임' 제한 법안 발의,김현정 더불어민주당 의원은 신기술사업금융업자 등이 투자계약 과정에서 회사 대표 등 제3자에게 과도한 연대책임을 지우는 관행을 개선하는 내용의 「여신전문금융업법 일부개정법률안」을 14일 대표발의했다. 현행...,http://www.newsworker.co.kr/news/articleView.html?idxno=441237,6,0.7265,1,keep,candidate_hybrid_model_keep_prob_ge_threshold_with_domain_anchor,6,0.7265,여신전문금융업,,,candidate_hybrid,1,0.65,0.35
"김현정 의원 ""고의·중과실 없으면 대표 연대책임 금지""…여전법 개정 ...",14일 국회에 따르면 김현정 의원(더불어민주당·평택병)은 신기술사업금융업자 등이 투자계약을 체결할 때 회사 대표 등 제3자에게 부당하게 연대책임을 부담시키는 관행을 개선하기 위한 「여신전문금융업법...,https://www.kmaeil.com/news/articleView.html?idxno=648586,6,0.703,1,keep,candidate_hybrid_model_keep_prob_ge_threshold_with_domain_anchor,6,0.703,여신전문금융업,,,candidate_hybrid,1,0.65,0.35
따로 크는 카뱅·페이…‘카카오 금융그룹’ 가능할까,"카카오뱅크가 자체 여신 심사를 고도화하는 데 대안신용평가모형을 활용한다면, 카카오페이는 자체 모형을 외부 금융회사에 공급하는 방식으로 사업을 확대하고 있다. 카카오페이 관계자는 “금융업을 영위하는 만큼...",https://economist.co.kr/article/view/ecn202608130027,0,0.3752,0,drop,candidate_hybrid_gray_drop_score_lt_threshold,0,0.3752,,,,candidate_hybrid,1,0.65,0.35
'엔화 800원대' 일본 한 번 가볼까…내게 맞는 카드는?,일본 일반 오프라인 가맹점 캐시백과 해외 결제 관련 수수료 면제 혜택도 받을 수 있다. 카드사들의 혜택은 현지 결제를 넘어 숙박과 여행상품으로도 확대되고 있다. 신한카드의 '하루(Haru)'는 일본 현지 이용금액을 3.5...,https://www.dailian.co.kr/news/view/1678630/?sc=Naver,2,0.3241,0,drop,candidate_hybrid_model_drop_prob_le_threshold,2,0.3241,,수수료;가맹점,,candidate_hybrid,1,0.65,0.35
카드업계 상반기 순익 선방…‘수익성 1위’ 삼성카드는 소폭 감소,카드사들이 올해 상반기 비용 효율화와 대손비용 감소 등에 힘입어 전반적인 실적 개선세를 나타냈다. 이... 채영서 한국신용평가 수석은 “할부금융과 카드론 수익은 늘었지만 가맹점수수료 수익 감소로 카드 부문의...,https://www.ceoscoredaily.com/page/view/2026081417191236901,6,0.4531,1,keep,candidate_hybrid_gray_keep_domain_score_ge_threshold,6,0.4531,카드론,실적,,candidate_hybrid,1,0.65,0.35
"혜자카드 없애더니…카드사, 기존 고객엔 다시 문 연다",그동안 카드사들은 수익성 관리와 상품 포트폴리오 재편 등을 이유로 상품 단종을 이어왔다. 가맹점 수수료 인하 등으로 본업 수익성이 압박받는 상황에서 할인·적립 혜택이 큰 상품을 계속 유지하는 데 따른 비용...,http://www.iminju.net/news/articleView.html?idxno=168056,5,0.4954,0,drop,candidate_hybrid_gray_drop_score_lt_threshold,5,0.4954,카드사,수수료;가맹점,,candidate_hybrid,1,0.65,0.35
"""대출 여력 30조원""…대출 풀려도 피 말리는 일반 차주들",KB국민·신한·하나·우리·NH농협 등 5대 은행은 지난달 말 기준으로 이미 연간 가계대출 증가 목표치인 4조3363억원를 넘어선 상태다. 이에 은행들은 하반기 들어 대출 문턱을 높여왔다. KB국민은행은 주담대 한도를...,https://www.dailian.co.kr/news/view/1678594/?sc=Naver,1,0.2822,0,drop,candidate_hybrid_model_drop_prob_le_threshold,1,0.2822,,대출,,candidate_hybrid,1,0.65,0.35
"금감원, 은행 대출총량 재조정 착수…'8.13 대책' 후속 조치 속도",15일 금융권에 따르면 금감원은 현재 은행권·제2금융권(저축은행·상호금융)과 함께 올초 확정한 가계대출 연간 관리 계획을 재조정하고 있다. 그간 금감원은 매년 초 정부의 가계대출 증가율 목표치에 맞춰 금융권의 대출...,https://www.newsis.com/view/NISX20260814_0003750268,22,0.7186,1,keep,candidate_hybrid_keep_strong_domain_rule_anchor,22,0.7186,금감원;은행;은행권;저축은행;상호금융,대출,,candidate_hybrid,1,0.65,0.35
"“대출 숨통 트였다는데”…지금 집 사면 웃을까, 울까[주형연의 에구M...",그동안 은행들이 연간 가계대출 총량을 맞추기 위해 대출을 조이는 과정에서 입주 예정자들이 창구를 찾아 발품을 파는 사례가 적지 않았습니다. 총량 자체가 2배로 늘어난다면 적어도 지난해와 같은 극심한 ‘대출 절벽’...,https://www.dt.co.kr/article/12078348?ref=naver,1,0.2236,0,drop,candidate_hybrid_model_drop_prob_le_threshold,1,0.2236,,대출,,candidate_hybrid,1,0.65,0.35
"[시사천국] 권대중 ""당장 전월세가 문제…단기 주택 공급 늘려야""",그러니까 이제 시중은행이 지금까지는 가계대출 순증을 1.5%인데 이거를 3%까지 늘리겠다. 그러면 대략 올해 한 30조 원 정도를 더 이제 대출을 줄 수 있는 여력이 생기니까 그거는 좀 당장 대출을 받아야 되는 사람에선...,https://news.cpbc.co.kr/article/1175034?division=NAVER,4,0.4592,0,drop,candidate_hybrid_gray_drop_score_lt_threshold,4,0.4592,시중은행,,,candidate_hybrid,1,0.65,0.35
"국회 찾은 강남 노인들, “보유세 내느라 은행 대출, 이게 약탈 아니고...","국민연금 대부분을 보유세로 내고 있는데, 세금과 생활비가 버겁다 보니 은행 대출 2억 원을 받아 생활하고... 또는 대출이라는 양자택일을 강요받고 있다. 이는 1가구 1주택자 거주를 보장하고, 가계 대출을 감소시킨다는...",https://slownews.kr/164966,4,0.5279,0,drop,candidate_hybrid_gray_drop_score_lt_threshold,4,0.5279,은행,대출,,candidate_hybrid,1,0.65,0.35
[8월15일자] 비즈니스포스트 아침의 주요기사,"● 가계대출 총량 규제 완화에 은행권 '속웃음', '이자수익 확대' '건전성 개선' 기대감 인다 ● HMM·팬오션 호실적에 선종 다변화 탄력, 격전지 초대형 원유운반선 시장서 '국적 선사' 가린다 ● 롯데건설 조 단위 베트남...",https://www.businesspost.co.kr/BP?command=article_view&num=444875,6,0.5665,1,keep,candidate_hybrid_gray_keep_domain_score_ge_threshold,6,0.5665,은행권,건전성,,candidate_hybrid,1,0.65,0.35
"7월 가계대출, 대출 규제 등에 증가폭 축소","금융 당국이 은행권에 연간 가계대출 증가율 목표치를 부여해 관리하는 가운데, 상반기 대출이 예년보다 빠르게 늘면서 은행들이 하반기 들어 한도 관리에 나선 것이다. 주가 하락세로 ‘빚투’ 수요가 줄어든 점도...",https://www.chosun.com/economy/stock-finance/2026/08/14/ZVH4RPCW2JASFA2UC4CZ7SA2NI/?utm_source=naver&utm_medium=referral&utm_campaign=naver-news,2,0.2991,0,drop,candidate_hybrid_model_drop_prob_le_threshold,2,0.2991,,대출;주가;금융,,candidate_hybrid,1,0.65,0.35
[EBN 오늘(14일) 이슈 종합] 빌 게이츠 방한…정·재계 잇달아 만나 SMR ...,■ 부동산 대책발 대출 총량 관리 완화…은행권 하반기 '입주장' 경쟁 다시 붙나 가계대출 총량에 막혀 움츠러들었던 은행권 집단대출 영업에 다시 숨통이 트일 전망이다. 금융당국이 연간 가계대출 증가율 목표를 1.5...,https://www.ebn.co.kr/news/articleView.html?idxno=1720542,5,0.4117,0,drop,candidate_hybrid_gray_drop_score_lt_threshold,5,0.4117,은행권,대출,,candidate_hybrid,1,0.65,0.35
"금융위 ""청년미래보금자리론 기존 혜택 축소 아냐…집단대출은 지장 없...",금융권 가계대출 총량 규제를 기존 1.5%에서 3%로 확대한 것에 대해선 금융시장 환경이 바뀌었기 때문이라고... 주택담보대출은 총량 관리 목표와 별도로 관리하기로 했다. 사진은 14일 서울 시내 한 은행. 2026.8.14 saba@yna.co....,https://news.einfomax.co.kr/news/articleView.html?idxno=4430287,9,0.5103,1,keep,candidate_hybrid_keep_strong_domain_rule_anchor,9,0.5103,금융위;은행,,,candidate_hybrid,1,0.65,0.35
"이억원 금융위원장, 은행권에 ""실수요자 자금 지원 총력 다해달라""","14일 이 위원장은 서울 중구 은행연합회에서 은행 등 금융권과 관계기관을 소집한 '확대 가계부채 점검회의' 모두발언에서 ""가계대출 총량 목표가 합리적으로 조정됐다""며 ""확대된 금융권의 추가 자금 공급 여력으로...",https://news.tvchosun.com/site/data/html_dir/2026/08/14/2026081490232.html,12,0.7385,1,keep,candidate_hybrid_keep_strong_domain_rule_anchor,12,0.7385,금융위;은행;가계부채,,,candidate_hybrid,1,0.65,0.35
"금융위 “청년 비아파트 정책 대출, 아파트 구입 기회 축소 아냐”","한편, 가계대출 증가율 관리 목표를 기존 1.5%에서 3%로 높이면서 금융권에 약 30조 원의 추가 대출 여력이 생기는 것과 관련해서는 “은행별 배분 기준이 아직 확정되지 않았다”고 설명했습니다. 윤 팀장은 “상반기 대출...",https://news.kbs.co.kr/news/pc/view/view.do?ncd=8637494&ref=A,7,0.3819,1,keep,candidate_hybrid_gray_keep_domain_score_ge_threshold,7,0.3819,금융위,대출,,candidate_hybrid,1,0.65,0.35
추가 '30조' 집단대출에 집중된다,상반기 가계대출 실적 등 여러 가지를 고려해 은행권과 협의해 나가겠다는 게 당국의 방침입니다. 전체 배분 기준은 밝히지 않았지만 그간 올해 가계대출 관리 목표를 얼마나 잘 준수했는지 등이 핵심 기준이 될 것으로...,https://biz.sbs.co.kr/article_hub/20000328906?division=NAVER,1,0.3261,0,drop,candidate_hybrid_model_drop_prob_le_threshold,1,0.3261,,실적,,candidate_hybrid,1,0.65,0.35
"금융위 “아파트 잔금대출, 은행이 사업성 평가해 집행”","최근 정부가 올해 가계 대출 증가율 목표를 상향하면서, 각 은행에 늘어난 한도가 배분되는 것이다. 윤덕기 금융위 거시금융팀장은 14일 부동산 대책 관련 브리핑을 통해 “새롭게 만들어진 대출 여력을 금융사별로...",https://biz.chosun.com/stock/finance/2026/08/14/IL7GMMVCFZGQHGSRCBM5Z2QQVM/?utm_source=naver&utm_medium=original&utm_campaign=biz,7,0.4865,1,keep,candidate_hybrid_gray_keep_domain_score_ge_threshold,7,0.4865,금융위,대출,,candidate_hybrid,1,0.65,0.35
가계대출 30조 더 풀되 집단대출 '별도 관리'…청년 주거 '틈새 지원',은행별로 새롭게 부여되는 가계대출 목표 안에서 집단대출까지 일반 주담대·신용대출과 함께 관리할 경우 총량 한도를 소진한 은행이 집단대출 취급을 줄이는 상황이 발생할 수 있기 때문이다. 금융위 관계자는...,https://www.news1.kr/finance/general-finance/6259876,6,0.2933,0,drop,candidate_hybrid_model_drop_prob_le_threshold,6,0.2933,금융위,,,candidate_hybrid,1,0.65,0.35
"금융당국, 다음 주 가계대출 총량 배분 논의…“은행별 한도 차등”",14일 금융당국에 따르면 금융위원회와 금융감독원은 다음 주부터 은행권 등 금융회사와 가계대출 총량 배분을 위한 협의를 시작한다. 이는 정부가 전날 발표한 ‘부동산 시장 안정을 위한 금융 종합대책’에서 올해 전...,https://www.etoday.co.kr/news/view/2614908,23,0.5015,1,keep,candidate_hybrid_keep_strong_domain_rule_anchor,23,0.5015,금융감독원;금융위원회;금융위;은행권,금융,,candidate_hybrid,1,0.65,0.35
“은행 한도 다 찼다”던 잔금대출…이젠 따로 챙겨준다,집단대출은 전체 3% 총량에는 포함되지만 개별 은행의 일반 가계대출 목표와 분리해 유보분에서 관리한다. 은행이 대규모 입주단지의 잔금대출을 취급하더라도 해당 은행의 자체 총량이 그만큼 소진되는 부담을 덜어주는...,https://www.edaily.co.kr/news/newspath.asp?newsid=06291046645547320,3,0.2689,0,drop,candidate_hybrid_model_drop_prob_le_threshold,3,0.2689,은행,,,candidate_hybrid,1,0.65,0.35
[기자수첩] 농지 지키려면 농민부터 지켜야,"비은행권 비중도 절반을 넘었으며, 주택외담보대출 연체율은 2.03%로 전체 가계대출 연체율을 크게 웃돌았다. 담보가치 하락이 유동성 부족과 상환능력 저하, 연체 확대로 이어질 수 있다는 경고가 이미 나온 것이다....",https://www.agrinet.co.kr/news/articleView.html?idxno=406389,5,0.4436,0,drop,candidate_hybrid_gray_drop_score_lt_threshold,5,0.4436,유동성,연체,,candidate_hybrid,1,0.65,0.35
"국부펀드도 들고 있었다, 이스라엘 국채","정부와 한국은행이 맡긴 외화자산을 굴리는 국부펀드다. 2025년 말 기준으로 운용하는 돈이 2320억 달러다.... 가계대출 증가율 한도를 1.5%에서 3.0%로 올려 30조 원가량의 대출 여력을 만들고, 부동산...",https://newscham.net/articles/117068,9,0.5031,1,keep,candidate_hybrid_keep_strong_domain_rule_anchor,9,0.5031,한국은행;국채,대출,,candidate_hybrid,1,0.65,0.35
"""청년 빌라 살라는게 아니라 선택지 하나 더"" 진땀 뺀 금융위",정부는 올해 가계대출 총량 증가율 목표를 1.5%에서 3% 수준으로 상향했다. 늘어난 30조원을 은행별로 어떻게 나눌지가 남은 과제다. 협의는 다음주부터 시작된다. 다만 그동안 문제로 제기됐던 집단대출 중단 문제는 먼저...,https://news.bizwatch.co.kr/article/finance/2026/08/14/0040,6,0.404,1,keep,candidate_hybrid_gray_keep_domain_score_ge_threshold,6,0.404,금융위,,,candidate_hybrid,1,0.65,0.35
"가계대출 30조 늘렸지만 … 금융권 ""명확한 기준 필요""","14일 주요 시중은행의 영업점에는 지난 13일 발표된 정부의 부동산 금융 대책과 관련된 문의가 쏟아졌다. 정부가 금융권 가계대출 총량을 30조원 높여줬는데, 아파트 잔금 대출 등이 필요한 실수요자들이 30조원 증액 한도...",https://www.mk.co.kr/article/12128215,6,0.4047,1,keep,candidate_hybrid_gray_keep_domain_score_ge_threshold,6,0.4047,시중은행,대출;금융,,candidate_hybrid,1,0.65,0.35
"올해 가계대출 증가액, 벌써 작년 육박","금융위는 지난 4월 올해 가계대출 증가율을 지난해(1.7%)보다 낮은 1.5%로 관리하겠다고 밝혔다. 금액으로는 30조원 안팎이다. 하지만 지난달 이를 넘어섰고, 일부 은행이 주택담보대출 한도를 낮추거나 접수를 선착순으로...",https://www.hankyung.com/article/2026081425081,6,0.3432,0,drop,candidate_hybrid_model_drop_prob_le_threshold,6,0.3432,금융위,,,candidate_hybrid,1,0.65,0.35
"집단 잔금대출 혼란가중…은행권 '가이드라인' 요청에 정부 ""문제없다""",아울러 가계대출 총량 증가율 목표치를 기존 1.5%에서 3%로 상향 조정하는 과정에서 기존 비율을 기준으로 영업전략을 펼친 은행들이 불이익을 받는 일은 없을 것이라고 단언했다. 금융위원회는 14일 서울 종로구...,https://view.asiae.co.kr/article/2026081417302809320,16,0.6444,1,keep,candidate_hybrid_keep_strong_domain_rule_anchor,16,0.6444,금융위원회;금융위;은행권,,,candidate_hybrid,1,0.65,0.35
8·13 대책에 이주비 대출 확대···'돈맥경화' 정비사업장 숨통 트이나,연말 등 가계대출 총량 관리가 강화되는 시기에 은행권의 대출 취급이 위축되면서 정비사업 이주비 공급까지 영향을 받는 문제를 줄이겠다는 취지다. 기본 이주비 대출만으로 이주자금이 부족한 조합원을 위한 별도...,https://www.sisajournal-e.com/news/articleView.html?idxno=423109,1,0.4579,0,drop,candidate_hybrid_gray_drop_score_lt_threshold,1,0.4579,,대출,,candidate_hybrid,1,0.65,0.35
“15억 이하 집만 오르겠다” 대출 6억 받을 수 있는 아파트로 실수요자...,가계대출 총량 늘어도 한도는 그대로 15억 이하 아파트로 매수세 쏠림 우려 #. 경기도 하남에 사는 직장인... 결국 은행권이 공급할 수 있는 대출의 전체 규모는 커졌지만 집을 사려는 개인이 받을 수 있는 최대 한도에는...,https://biz.heraldcorp.com/article/10841966?ref=naver,1,0.3178,0,drop,candidate_hybrid_model_drop_prob_le_threshold,1,0.3178,,대출,,candidate_hybrid,1,0.65,0.35
"[Q&A] '월세로 집 사는' 청년미래보금자론, 연 3조원 2년 한시 운영","대출 총량 목표 관리 관련해서 은행별 목표치는 어떤 기준으로 배분하는가? A. 가계대출 취급 실적(대출 종류별 비중 등)을 참고하되, 다음 주부터 은행들과 개별 협의를 거쳐 정할 예정이며 구체적 기준은 아직 확정되지...",https://www.newspim.com/news/view/20260814001081,2,0.3661,0,drop,candidate_hybrid_gray_drop_score_lt_threshold,2,0.3661,,대출;실적,,candidate_hybrid,1,0.65,0.35
은행 대출 막히자 보험으로…DSR 비껴간 약관대출 42조원 돌파,은행권의 가계대출 문턱이 높아지면서 우회로를 통한 대출 확대가 계속되고 있다. 특히 보험계약대출(약관대출)이 급전이 필요한 금융소비자의 대체 자금 조달 수단으로 떠오르는 모습이다. 보험계약대출이...,https://economist.co.kr/article/view/ecn202608140072,8,0.5318,1,keep,candidate_hybrid_keep_strong_domain_rule_anchor,8,0.5318,은행;dsr,대출,,candidate_hybrid,1,0.65,0.35
7월 은행 가계대출 5.4조 증가…주식투자 둔화에 증가폭 축소,한국은행이 14일 발표한 ‘2026년 7월 금융시장 동향’에 따르면 지난달 은행 가계대출은 5조4000억원 증가했다. 증가폭은 5월 6조9000억원에서 6월 7조6000억원으로 커졌다가 7월 들어 5조4000억원으로 줄었다. 지난해...,https://www.ddaily.co.kr/page/view/2026081417115396278,8,0.4498,1,keep,candidate_hybrid_keep_strong_domain_rule_anchor,8,0.4498,한국은행;은행,,,candidate_hybrid,1,0.65,0.35
7월 가계대출 증가세 둔화… 주택담보대출 영향 분석,"한국은행의 금융시장 동향에 따르면, 7월 말 기준 예금은행의 가계대출 잔액은 1,194조8천억원으로 6월 말보다 5조4천억원 증가했다. 이는 이전 달 7조6천억원에서 증가한 것에 비해 둔화된 수치다. 주택담보대출과...",https://www.gokorea.kr/news/articleView.html?idxno=875121,5,0.2481,0,drop,candidate_hybrid_model_drop_prob_le_threshold,5,0.2481,한국은행,,,candidate_hybrid,1,0.65,0.35
이주비 대출 완화… 30조 추가 대출로 실수요자 지원 강화,"14일 이 위원장은 서울 중구 은행연합회에서 '확대 가계부채 점검회의'를 열어 금융권 및 관계기관에 부동산... 그는 가계대출 총량목표가 조정됨에 따라 이주비, 중도금, 잔금대출 등의 실수요 자금이 원활히 공급될 수...",https://www.gokorea.kr/news/articleView.html?idxno=875119,4,0.4077,0,drop,candidate_hybrid_gray_drop_score_lt_threshold,4,0.4077,가계부채,대출,,candidate_hybrid,1,0.65,0.35
청년 첫 집 '4억 非아파트' 금융 물꼬...시장 평가는 싸늘,"금융당국이 시중은행의 가계대출 증가율 목표치를 당초 1.5%에서 3%로 상향해 가계대출 총량 공급 여력을 두 배 늘렸음에도, 규제지역 LTV 40%, 은행권 DSR 40%, 주택 가격별 주택담보대출 한도(15억원 이하 6억원 제한) 등...",http://www.00news.co.kr/news/articleView.html?idxno=105880,16,0.514,1,keep,candidate_hybrid_keep_strong_domain_rule_anchor,16,0.514,은행권;시중은행;dsr;ltv,금융,,candidate_hybrid,1,0.65,0.35
7월 가계대출 6.2조 늘어…빚투·전세대출 줄자 증가폭은 감소,기타대출이 줄어든 것은 지난달 코스피가 하락세로 전환한 탓에 개인들이 신용대출과 마이너스통장 등을 활용한 빚투가 줄어든 영향으로 분석된다. 이날 서울 중구 은행연합회에서 관계기관 합동 ‘확대 가계부채...,https://www.donga.com/news/Economy/article/all/20260814/134479401/1,3,0.3927,0,drop,candidate_hybrid_gray_drop_score_lt_threshold,3,0.3927,가계부채,,,candidate_hybrid,1,0.65,0.35
"(현장+)""대출한도 늘어난 줄 알았더니""…8·13 대책 다음날 은행 가보니","한 은행 직원은 ""가계대출 총량이 늘어난다고 해서 전세대출의 보증구조나 개인 심사 기준 자체가 바로 달라지는 것은 아니다""라며 ""구체적인 상품별 취급 기준은 별도로 확인해야 한다""고 설명했습니다. 현장에서 가장...",http://www.newstomato.com/ReadNews.aspx?no=1310352&inflow=N,3,0.5266,0,drop,candidate_hybrid_gray_drop_score_lt_threshold,3,0.5266,은행,,,candidate_hybrid,1,0.65,0.35
전세대출 감소에 7월 가계대출 증가세 둔화...기업대출은 확대,"한국은행이 오늘(14일) 발표한 '7월 금융시장 동향'에 따르면, 7월 말 기준 예금은행의 가계대출(정책모기지론 포함) 잔액은 1천194조8천억원으로, 6월 말보다 5조4천억원 증가했습니다. 6월 7조6천억원 급증해 2024년 8월...",https://news.jtbc.co.kr/article/NB12313423?influxDiv=NAVER,5,0.3308,0,drop,candidate_hybrid_model_drop_prob_le_threshold,5,0.3308,한국은행,,,candidate_hybrid,1,0.65,0.35
"창원특례시-BNK경남은행, 소상공인 협력 '맞손'",경남은행은 담보력이 부족한 금융 취약계층 소상공인을 위해 '무담보·무보증 가계 자금 신용 대출'을 지원할 계획입니다. 대상은 창원시에서 3개월 이상 영업 중인 연 소득 4천만 원 이내 개인 사업자로 1인당 최대 2천만...,http://news.lghellovision.net/news/articleView.html?idxno=551192,2,0.3685,0,drop,candidate_hybrid_gray_drop_score_lt_threshold,2,0.3685,,대출;금융,,candidate_hybrid,1,0.65,0.35
가계대출 총량목표 1.5→3.0%…이억원 “실수요 자금 차질 없어야”,[연합뉴스] 이억원 금융위원장은 14일 서울 중구 은행연합회에서 ‘확대 가계부채 점검회의’를 열고 전날... 이 위원장은 “가계대출 총량목표가 합리적으로 조정된 만큼 확대된 금융권의 추가 자금공급 여력으로...,https://sateconomy.co.kr/news/view/1065578577848368,9,0.5898,1,keep,candidate_hybrid_keep_strong_domain_rule_anchor,9,0.5898,금융위;가계부채,,,candidate_hybrid,1,0.65,0.35
7월 금융권 가계대출 6.2조늘어…'빚투' 진정에 증가폭 둔화,◇ 주담대·신용대출 증가 폭 나란히 축소 14일 한국은행이 발표한 '금융시장 동향'과 금융위원회·금융감독원의 '가계대출 동향'에 따르면 7월 말 기준 예금은행의 가계대출(정책모기지론 포함) 잔액은 1천194조 8천억...,http://www.smarttimes.co.kr/news/articleView.html?idxno=48170,23,0.5205,1,keep,candidate_hybrid_keep_strong_domain_rule_anchor,23,0.5205,금융감독원;금융위원회;금융위;한국은행,,,candidate_hybrid,1,0.65,0.35
7월 금융권 가계대출 6.2조↑…'빚투' 진정 등에 증가폭 축소,"금융위원회와 한국은행이 14일 발표한 금융시장 동향에 따르면, 7월 말 기준 예금은행의 가계대출(정책모기지론 포함) 잔액은 1194조 8000억 원으로 나타났다. 이는 6월 말보다 5조 4000억 원 증가한 수준이다. 6월...",https://www.joongangenews.com/news/articleView.html?idxno=540232,17,0.4895,1,keep,candidate_hybrid_keep_strong_domain_rule_anchor,17,0.4895,금융위원회;금융위;한국은행,,,candidate_hybrid,1,0.65,0.35
7월 금융권 가계대출 6.2조원 증가…두 달 연속 증가폭 둔화,업권별로 보면 은행권 가계대출은 5조4000억원 늘어 전월 대비 둔화했다. 제2금융권은 8000억원 늘어 전월과 비슷했지만 안을 들여다보면 온도차가 있다. 상호금융권은 증가에서 감소로 돌아섰고 반대로 저축은행과...,https://www.tleaves.co.kr/news/articleView.html?idxno=9706,12,0.547,1,keep,candidate_hybrid_keep_strong_domain_rule_anchor,12,0.547,은행권;저축은행;상호금융,,,candidate_hybrid,1,0.65,0.35
"금융당국, 잔금·이주비 대출 ‘숨통’ 틔운다…실수요 자금 공급 확대",14일 금융권에 따르면 이억원 금융위원장은 이날 은행연합회에서 관계기관 합동 '확대 가계부채 점검회의'를 열고 7월 가계대출 동향과 전일 발표한 '부동산 시장 안정을 위한 금융 종합대책' 후속 조치를 점검했다....,https://www.news2day.co.kr/article/20260814500188,11,0.6158,1,keep,candidate_hybrid_keep_strong_domain_rule_anchor,11,0.6158,금융위;가계부채,대출;금융,,candidate_hybrid,1,0.65,0.35
"[경제쏙] ""서울 강남 그린벨트 개발되면 수요 분산 가능""‥역세권 용적...","출연: 박원갑 KB국민은행 부동산 수석전문위원 Q. ""23만 가구 추가 공급""‥8·13 대책 평가는? Q. ""염창동 1천... ""가계 대출 여력 30조 원 확대""‥영향은? Q. '비거주 1주택' 전세 대출 금지‥왜? Q. 8·13 대책, '주거 안정...",https://imnews.imbc.com/replay/2026/nw1400/article/6844810_36974.html,1,0.3787,0,drop,candidate_hybrid_gray_drop_score_lt_threshold,1,0.3787,,대출,,candidate_hybrid,1,0.65,0.35
"7월 가계대출 증가폭 줄었지만… 금융위 ""안심할 수 없는 상황""","업권별로는 은행권 가계대출이 5조4000억원 증가해 전월(7조6000억원) 대비 증가 폭이 축소됐다. 반면, 제2금융권 가계대출은 8000억원 늘어나 지난달과 비슷한 수준을 유지했다. 7월 가계대출 증가 폭이 줄어들면서...",https://www.ekoreanews.co.kr/news/articleView.html?idxno=87532,10,0.3438,1,keep,candidate_hybrid_keep_strong_domain_rule_anchor,10,0.3438,금융위;은행권,,,candidate_hybrid,1,0.65,0.35
"30조 대출여력 풀면서 집단대출은 '총량 족쇄' 푼다…""적극 공급""","전체 가계대출 증가율 3.0%에는 은행 자체 주택담보대출(주담대)과 신용대출, 집단대출, 정책모기지 등이 모두 포함된다. 집단대출을 가계대출 관리 대상 자체에서 제외하는 것은 아니라는 의미다. 이제 남은 과제는 추가로...",https://www.news1.kr/finance/general-finance/6259315,3,0.2442,0,drop,candidate_hybrid_model_drop_prob_le_threshold,3,0.2442,은행,,,candidate_hybrid,1,0.65,0.35
“대출 되나요?” 매일 전화하던 고객들…주담대 ‘오픈런’ 숨 고르기,특히 잔금 지급일 등 자금이 필요한 시점이 정해진 고객들은 여러 은행의 대출 가능 여부와 한도를 비교하고 있는 것으로 전해졌다. 가계대출 총량 확대가 곧바로 개별 고객의 대출 한도 확대로 이어지는 것은 아니다....,https://www.edaily.co.kr/news/newspath.asp?newsid=05451366645547320,1,0.3055,0,drop,candidate_hybrid_model_drop_prob_le_threshold,1,0.3055,,대출,,candidate_hybrid,1,0.65,0.35
"창원특례시-BNK경남은행, '소상공인 희망나눔 상생금융' 맞손",창원특례시와 지역 대표 금융기관인 BNK경남은행이 지속되는 '3고(고금리·고물가... 무담보·무보증 가계자금 신용대출을 지원함으로써 금융 사각지대를 해소하고...,http://www.breaknews.com/1229090,1,0.4209,0,drop,candidate_hybrid_gray_drop_score_lt_threshold,1,0.4209,,금융,,candidate_hybrid,1,0.65,0.35
"[단독]""잔금대출 어쩌나"" 민원 빗발...눈치만 보는 은행들 ""한도 정해달...",가계대출 총량 관리 기조 속에서 은행들이 서로 눈치만 보는 상황이 이어지면서 입주 예정자들의 불안이 커지고 있기 때문이다. 14일 금융권에 따르면 이날 오전 금융위원회 주재로 열린 확대 가계부채 점검회의에서...,https://www.mt.co.kr/finance/2026/08/14/2026081414430873210,15,0.3955,1,keep,candidate_hybrid_keep_strong_domain_rule_anchor,15,0.3955,금융위원회;금융위;가계부채,,,candidate_hybrid,1,0.65,0.35
최근 3개월간 가계대출 20조 늘어...5개월째 증가,한 시중은행 대출창구 (사진=연합뉴스) 지난달 은행 가계대출이 5조 4000억 원 늘면서 3개월 연속 5조 원을 웃도는 큰 증가세를 이어갔다. 최근 석 달간 늘어난 가계대출만 19조 9000억 원에 달한다. 한은이 14일...,https://www.delighti.co.kr/news/articleView.html?idxno=120244,7,0.5085,1,keep,candidate_hybrid_gray_keep_domain_score_ge_threshold,7,0.5085,은행;시중은행,,,candidate_hybrid,1,0.65,0.35
"금융위원장 ""중도금·잔금대출 실수요자, 적시대출 받도록 협조를...""",이억원 금융위원장이 14일 서울 중구 은행연합회에서 열린 '확대 가계부채 점검회의'에서 발언하고 있다(사진=연합뉴스) 금융위원회가 가계대출 총량 증가율 목표치를 두 배로 높여 금융권이 약 30조원의 추가 대출 여력을...,https://www.delighti.co.kr/news/articleView.html?idxno=120243,16,0.7349,1,keep,candidate_hybrid_keep_strong_domain_rule_anchor,16,0.7349,금융위원회;금융위;가계부채,대출,,candidate_hybrid,1,0.65,0.35
"이억원, 금융권에 “실수요자 자금지원에 총력 다해달라”",이 위원장은 이날 서울 중구 은행연합회에서 관계기관 합동 '확대 가계부채 점검회의'를 개최하고 이같이... 금융당국은 올해 가계대출 총량 증가율 목표치를 기존 1.5%에서 3.0%로 늘렸다. 이를 통해 약 30조원의 대출여력이...,http://www.segyebiz.com/newsView/20260814514695?OutUrl=naver,3,0.5567,0,drop,candidate_hybrid_gray_drop_score_lt_threshold,3,0.5567,가계부채,,,candidate_hybrid,1,0.65,0.35
"금융위 ""잔금대출 등 실수요 자금 차질없이 공급""","이 위원장은 오늘 오전 서울 중구 은행연합회에서 관계 기관과 금융권 등을 소집해 '확대 가계부채 점검회의... 이 위원장은 ""가계대출 총량 목표가 합리적으로 조정된 만큼, 확대된 금융권의 추가 자금 공급 여력으로...",https://imnews.imbc.com/replay/2026/nw1400/article/6844794_36974.html,9,0.4969,1,keep,candidate_hybrid_keep_strong_domain_rule_anchor,9,0.4969,금융위;가계부채,,,candidate_hybrid,1,0.65,0.35
"가계대출 6.2조 늘었지만 두 달째 둔화…이억원 “총량 확대, 규제 완화...","7월 은행권 가계대출은 5조4000억원 늘어 전월 7조6000억원보다 증가 폭이 2조2000억원 축소됐다. 주담대 증가액은 2조9000억원에서 2조5000억원으로, 정책성 대출은 1조4000억원에서 9000억원으로 각각 줄었다. 제2금융권...",https://www.ddaily.co.kr/page/view/2026081414062323205,4,0.2362,0,drop,candidate_hybrid_model_drop_prob_le_threshold,4,0.2362,은행권,,,candidate_hybrid,1,0.65,0.35
“빚내서 집·주식” 8.3조→6.2조...당국은 수도권 집값에 ‘경계’,14일 한국은행이 발표한 금융시장 동향을 보면 지난달 말 기준 예금은행의 가계대출 잔액은 1194조8000억원으로 한 달 새 5조4000억원 늘었다. 6월에는 7조6000억원 증가하면서 2024년 8월 이후 22개월 만에 가장 큰 폭의...,https://www.ekn.kr/web/view.php?key=20260814028402908,6,0.5329,1,keep,candidate_hybrid_gray_keep_domain_score_ge_threshold,6,0.5329,한국은행,주식,,candidate_hybrid,1,0.65,0.35
"7월 가계대출 6.2조 증가…이억원 “위험요인 상존, 철저히 관리”","은행권 가계대출은 5조4000억원 증가했다. 전월 7조6000억원보다 증가폭이 줄었다. 은행 자체 주담대와 정책성대출, 기타대출 모두 증가폭이 축소됐다. ◇ 이억원 “자율관리 영향…위험요인 상존” 이억원 금융위원장은...",https://www.m-economynews.com/news/article.html?no=69769,13,0.4273,1,keep,candidate_hybrid_keep_strong_domain_rule_anchor,13,0.4273,금융위;은행;은행권,,,candidate_hybrid,1,0.65,0.35
"강기윤-김태한, 소상공인 무담보 대출 2.5배 확대","1인당 최대 2천만원까지 무담보·무보증 가계자금 신용대출을 받을 수 있으며, 대출은 이날부터 시행된다. 신청을 원하는 소상공인은 창원 소재 BNK경남은행 영업점을 통해 상담받을 수 있다. 강기윤 창원시장과 김태한...",http://www.hansbiz.co.kr/news/articleView.html?idxno=856970,1,0.2534,0,drop,candidate_hybrid_model_drop_prob_le_threshold,1,0.2534,,대출,,candidate_hybrid,1,0.65,0.35
"이억원 금융위원장 ""금융권 실수요자 자금 지원 차질 없어야""","이억원 금융위원장(오른쪽)이 14일 서울 중구 은행연합회에서 열린 확대 가계부채 점검회의에서 발언하고... 특히 가계대출 총량목표 조정 이후 금융권의 역할을 강조했다. 이 위원장은 ""확대된 금융권의 추가 자금공급...",https://www.ziksir.com/news/articleView.html?idxno=143264,9,0.7547,1,keep,candidate_hybrid_keep_strong_domain_rule_anchor,9,0.7547,금융위;가계부채,,,candidate_hybrid,1,0.65,0.35
7월 가계대출 증가 폭 축소… “실수요자 자금지원 강화”,"한편, 한국은행이 이날 발표한 자료를 보면 7월 말 예금은행의 가계대출 잔액(정책모기지론 포함)은 1194조 8000억 원으로 전달보다 5조 4000억 원 늘었다. 22개월 만에 최대 증가 폭을 기록했던 6월(7조 6000억 원)보다...",https://www.busan.com/view/busan/view.php?code=2026081414210672010,5,0.2766,0,drop,candidate_hybrid_model_drop_prob_le_threshold,5,0.2766,한국은행,,,candidate_hybrid,1,0.65,0.35
"금융위원장 ""실수요자 자금 지원에 총력 다해달라""",이주비·중도금·잔금대출 등 실수요자 자금이 차질 없이 공급될 수 있도록 총력을 다해달라고 주문했다. 이 위원장은 이날 서울 중구 은행연합회에서 금융권과 관계기관을 소집해 '확대 가계부채 점검회의'를 열고 전날...,https://daily.hankooki.com/news/articleView.html?idxno=1396129,9,0.7027,1,keep,candidate_hybrid_keep_strong_domain_rule_anchor,9,0.7027,금융위;가계부채,,,candidate_hybrid,1,0.65,0.35
"가계대출 총량 2배 확대…금융위원장 ""투기수요 경계해야""","앞서 은행권이 올해 가계대출 총량 목표를 상반기에 사실상 대부분 소진하면서 대출 관리에 나서자, 주택담보대출을 받으려는 고객들이 새벽부터 접수에 나서는 '오픈런'까지 벌어졌다. 이번 총량 목표 상향은 이처럼...",http://www.newsprime.co.kr/news/article.html?no=743970,7,0.3867,1,keep,candidate_hybrid_gray_keep_domain_score_ge_threshold,7,0.3867,금융위,대출,,candidate_hybrid,1,0.65,0.35
‘빚투’ 주춤해도 가계대출 5.4조원 불어…작년의 두 배,"지난달 은행권 가계대출 증가세가 한풀 꺾였다. 수도권 주택거래 증가 영향이 이어졌지만 주택담보대출 증가폭이 줄어든 데다, 증시 조정으로 ‘빚투’ 열기까지 잦아들면서 신용대출 등 기타대출 증가세도...",https://economist.co.kr/article/view/ecn202608140038,4,0.2871,0,drop,candidate_hybrid_model_drop_prob_le_threshold,4,0.2871,은행권,,,candidate_hybrid,1,0.65,0.35
7월 가계대출 6조2000억원 증가…전월比 증가폭 축소,"업권별로는 은행권 가계대출이 5조 4000억원 늘어 전월(7조6000억원)과 비교해 증가 폭이 줄었다. 은행 자체 주담대와 정책성 대출 모두 증가 폭이 축소됐고, 기타대출 공급도 줄었다. 2금융권 가계대출은 8000억원 늘어...",http://www.metroseoul.co.kr/article/20260814500139,8,0.2818,1,keep,candidate_hybrid_keep_strong_domain_rule_anchor,8,0.2818,은행;은행권,대출,,candidate_hybrid,1,0.65,0.35
은행 가계대출 증가폭 6월 7.6조→7월 5.4조…주담대·신용대출 동반 축...,■ 6월 은행 가계대출 5.4조↑…주담대 3.4조·신용대출 2조↑ 9일 한국은행이 발표한 '2026년 7월 중 금융시장 동향'에 따르면 지난달 말 기준 은행권 가계대출 잔액은 전월보다 5조4000억원 늘어난 1194조8000억원으로...,https://www.getnews.co.kr/news/articleView.html?idxno=877964,12,0.3778,1,keep,candidate_hybrid_keep_strong_domain_rule_anchor,12,0.3778,한국은행;은행;은행권,,,candidate_hybrid,1,0.65,0.35
"7월 가계대출 증가폭 줄었지만...금융당국, 실수요자·주택공급 대출은...","은행권 가계대출은 5조4000억원 늘어 전월 7조6000억원보다 증가폭이 축소됐다. 주택담보대출은 3조4000억원, 기타대출은 2조원 증가해 모두 전월보다 증가세가 둔화됐다. 제2금융권 가계대출은 8000억원 늘어 전월과...",https://www.greened.kr/news/articleView.html?idxno=347702,4,0.2719,0,drop,candidate_hybrid_model_drop_prob_le_threshold,4,0.2719,은행권,,,candidate_hybrid,1,0.65,0.35
7월 은행 가계대출 5.4조 증가…전월보다 증가폭 축소,(자료=한은) 지난달 은행 가계대출 증가 규모가 전월보다 줄었다. 한국은행이 14일 발표한 '2026년 7월 금융시장 동향'에 따르면 7월 은행 가계대출은 5조4000억 원 늘어 전월(7조6000억 원)보다 증가 규모가...,http://www.whitepaper.co.kr/news/articleView.html?idxno=265762,13,0.61,1,keep,candidate_hybrid_keep_strong_domain_rule_anchor,13,0.61,한국은행;한은;은행,,,candidate_hybrid,1,0.65,0.35
[초점] 가계대출 여력 두배 늘지만···실수요자 체감까지 시간 소요,14일 금융권에 따르면 이날 주요 시중은행들은 가계대출 증가율 목표치를 상향 이후에도 주택담보대출(주담대)과 신용대출 등 기존 가계대출 정책을 유지하면서 금융당국과의 세부 협의를 기다리고 있다. 금융위원회는...,https://www.seoulfn.com/news/articleView.html?idxno=635711,16,0.3555,1,keep,candidate_hybrid_keep_strong_domain_rule_anchor,16,0.3555,금융위원회;금융위;시중은행,,,candidate_hybrid,1,0.65,0.35
7월 은행 가계대출 5.4조 증가…주담대 증가폭 축소,14일 한국은행이 발표한 '7월 금융시장 동향'에 따르면 지난달 은행 가계대출 잔액은 1194조8000억원으로 전월보다 5조4000억원 증가했다. 6월 증가폭 7조6000억원과 비교하면 증가 규모가 줄었다. 주택담보대출 잔액은...,https://news.tf.co.kr/read/economy/2354287.htm,8,0.4485,1,keep,candidate_hybrid_keep_strong_domain_rule_anchor,8,0.4485,한국은행;은행,,,candidate_hybrid,1,0.65,0.35
주담대·신용대출 동반 둔화…가계대출 증가폭 2.2조 줄었다,14일 한국은행이 발표한 금융시장 동향에 따르면 7월 말 예금은행의 가계대출 잔액은 1194조8000억원으로 전월보다 5조4000억원 증가했다. 6월 7조6000억원 늘며 2024년 8월 이후 22개월 만에 가장 큰 증가 폭을...,https://www.g-enews.com/view.php?ud=202608141243561635cd0bfacc1c_1,5,0.2925,0,drop,candidate_hybrid_model_drop_prob_le_threshold,5,0.2925,한국은행,,,candidate_hybrid,1,0.65,0.35
가계부채 총량 관리목표 2배로...가계대출 숨통 트일까,금융위는 13일 발표한 '부동산 시장 안정을 위한 금융 종합대책'에서 올해 가계부채 총량 증가율을 기존 1.... 관련 주택담보대출은 총량 관리 목표와 별도로 관리하기로 했다. 사진은 14일 서울 시내 한 은행. 2026.8.14,https://www.yna.co.kr/view/PYH20260814081300013?input=1196m,13,0.6586,1,keep,candidate_hybrid_keep_strong_domain_rule_anchor,13,0.6586,금융위;은행;가계부채,금융,,candidate_hybrid,1,0.65,0.35
코스피 급락에 ‘빚투’ 폭발세도 주춤…한 달에 수십조 매수했던 개미...,한국은행이 14일 발표한 ‘2026년 7월 금융시장 동향’에 따르면 지난달 은행 가계대출 잔액은 1194조8000억원으로 전월대비 5조4000억원 증가하는 모습을 보였다. 증가 폭은 지난 5월 6조9000억원에서 6월은...,https://www.mk.co.kr/article/12127891,10,0.4905,1,keep,candidate_hybrid_keep_strong_domain_rule_anchor,10,0.4905,한국은행;은행,코스피,,candidate_hybrid,1,0.65,0.35
"이억원 ""가계대출 총량 조정, 실수요 지원 위한 것…투기수요 신호 안돼...",한편 지난달 전체 금융권 가계대출은 6조2000억원 늘어 전월 증가액인 8조3000억원보다 증가폭이 줄었다. 주택담보대출은 3조5000억원 증가해 전월 4조5000억원보다 증가폭이 축소됐다. 은행권 주담대 증가액은...,http://www.srtimes.kr/news/articleView.html?idxno=210068,4,0.2377,0,drop,candidate_hybrid_model_drop_prob_le_threshold,4,0.2377,은행권,,,candidate_hybrid,1,0.65,0.35
7월 주담대·신용대출 모두 주춤…가계대출 6.2조 늘어,한국은행이 이날 발표한 ‘2026년 7월 금융시장 동향’에 따르면 지난달 은행 가계대출은 전월보다 5조4000억원 증가한 1194조8000억원이었다. 6월 증가 폭(7조6000억원)에 비해 줄어든 규모다. 은행 주담대 증가 폭은...,http://www.inews24.com/view/1995106,8,0.3905,1,keep,candidate_hybrid_keep_strong_domain_rule_anchor,8,0.3905,한국은행;은행,,,candidate_hybrid,1,0.65,0.35
"""집짓는 실수요만 터준다""…금융위, 대출 총량목표 재설정",금융당국이 주택공급과 실수요자 자금 지원을 위해 금융회사별 가계대출 총량관리 목표를 조정한다. 은행권에는 늘어난 대출 여력을 이주비·중도금·잔금대출 등 실수요 자금 공급에 활용하라고 주문했다....,http://www.ftoday.co.kr/news/articleView.html?idxno=363647,7,0.4708,1,keep,candidate_hybrid_gray_keep_domain_score_ge_threshold,7,0.4708,금융위,대출,,candidate_hybrid,1,0.65,0.35
금융권 가계대출 증가세 꺾이나…주택담보대출 영향은?,"한국은행이 발표한 자료에 따르면, 7월 말 기준 예금은행의 가계대출 잔액은 1천194조8천억원으로 집계되어, 6월 말에 비해 5조4천억원 늘어났다. 이는 6월의 7조6천억원 증가에 비하면 증가세가 완화된 모양새다. 이...",https://www.gokorea.kr/news/articleView.html?idxno=875057,5,0.3309,0,drop,candidate_hybrid_model_drop_prob_le_threshold,5,0.3309,한국은행,,,candidate_hybrid,1,0.65,0.35
"대출 총량 늘려준 정부, 은행 소집해 ""실수요에 공급하라"" 주문","한편 가계대출 증가세는 최근 다소 둔화했다. 지난 7월 전 금융권 가계대출은 6조2000억원 늘어 전월 증가액 8조3000억원보다 2조1000억원 줄었다. 은행권 주담대 증가액은 3조4000억원으로, 전월 대비 1조원 줄었다.",https://www.sisajournal.com/news/articleView.html?idxno=383660,8,0.3214,1,keep,candidate_hybrid_keep_strong_domain_rule_anchor,8,0.3214,은행;은행권,대출,,candidate_hybrid,1,0.65,0.35
이억원 “실수요자 차질 없는 자금 지원 총력 다해달라”,"이 위원장은 이날 서울 중구 은행연합회에서 금융권과 관계기관을 소집한 ‘확대 가계부채 점검회의’ 모두발언에서 “가계대출 총량목표가 합리적으로 조정된 만큼, 확대된 금융권의 추가 자금공급 여력으로 이주비...",https://www.seoul.co.kr/news/economy/2026/08/14/20260814500125?wlog_tag3=naver,3,0.5519,0,drop,candidate_hybrid_gray_drop_score_lt_threshold,3,0.5519,가계부채,,,candidate_hybrid,1,0.65,0.35
이주비 대출 한도 증가… 금융권 가계부채 점검회의 결과는?,"대상으로 '확대 가계부채 점검회의'를 열고, 실수요자 자금지원에 대한 철저한 준비를 당부했다. 그는 은행연... 이 금융위원장은 합리적으로 조정된 가계대출 총량목표와 관련하여, 금융권이 실수요자에게 안정적으로...",https://www.gokorea.kr/news/articleView.html?idxno=875030,10,0.6294,1,keep,candidate_hybrid_keep_strong_domain_rule_anchor,10,0.6294,금융위;가계부채,대출,,candidate_hybrid,1,0.65,0.35
7월 가계대출 6.2조 증가…전월 대비 증가폭 둔화,"업권별로는 은행권 가계대출이 지난달 5조4000억원 증가해 전월(7조6000억원) 대비 증가폭이 줄었다. 은행 자체 주담대는 2조9000억원에서 2조5000억원으로, 정책성 대출은 1조4000억원에서 9000억원으로 축소됐다....",https://www.kukinews.com/article/view/kuk202608140067,7,0.2541,0,drop,candidate_hybrid_model_drop_prob_le_threshold,7,0.2541,은행;은행권,,,candidate_hybrid,1,0.65,0.35
"은행, 7월 가계대출 5.4조 늘었다…증가폭 줄어도 여전히 ‘고공행진’",14일 한국은행이 발표한 '2026년 7월 금융시장 동향'에 따르면 지난달 은행 가계대출은 전월보다 5조4000억원 증가한 1194조8000억원으로 집계됐다. 증가폭은 지난 6월 7조6000억원보다 2조2000억원 축소됐다. 지난해 7월...,https://www.news2day.co.kr/article/20260814500128,8,0.386,1,keep,candidate_hybrid_keep_strong_domain_rule_anchor,8,0.386,한국은행;은행,,,candidate_hybrid,1,0.65,0.35
지난달 은행 가계대출 증가세 둔화,국내 은행권 가계대출 증가세가 소폭 둔화한 것으로 나타났다. 다만 기업대출은 증가세가 확대되는 양상이다. 한국은행이 14일 발표한 ‘2026년 7월 금융시장동향’에 따르면 지난달 말 기준 은행권 가계대출...,https://www.naeil.com/news/read/598875?ref=naver,12,0.5928,1,keep,candidate_hybrid_keep_strong_domain_rule_anchor,12,0.5928,한국은행;은행;은행권,,,candidate_hybrid,1,0.65,0.35
7월 금융권 가계대출 8.3조→6.2조 감소…주담대·신용대출 증가세 둔화,7월말 예금은행 가계대출 잔액은 1194조8000억원으로 한 달 새 5조4000억원 늘었다. 6월 증가액인 7조6000억원과 비교하면 증가 폭은 2조2000억원 낮아졌다. 주택담보대출 잔액은 948조4000억원으로 3조4000억원 증가했다....,https://www.shinailbo.co.kr/news/articleView.html?idxno=5051444,0,0.1588,0,drop,candidate_hybrid_model_drop_prob_le_threshold,0,0.1588,,,,candidate_hybrid,1,0.65,0.35
"가계대출 규모, 7개월 새 35조원 증가","은행권 전체 가계대출은 5조4000억원 증가했다. 제2금융권에서는 8000억원 늘었다. 상호금융권 대출은 7000억원 감소했지만 저축은행과 여신전문금융회사는 각각 5000억원, 3000억원 증가했다. 금융당국은 월별 증가 폭이...",https://www.straightnews.co.kr/news/articleView.html?idxno=308957,12,0.3829,1,keep,candidate_hybrid_keep_strong_domain_rule_anchor,12,0.3829,은행권;저축은행;상호금융,,,candidate_hybrid,1,0.65,0.35
수도권 10만 호 공급 속도전…당장 집값 영향은? [뉴스in뉴스],"가계대출을 약 30조 원 더 공급한다는데, 기존 대출 규제가 풀리는 건 아니죠? [기자] 맞습니다. 개인이 받을 수 있는 대출 한도를 늘린다기보다는 은행들이 전체적으로 빌려줄 수 있는 돈을 늘리는 건데요....",https://news.kbs.co.kr/news/pc/view/view.do?ncd=8637317&ref=A,1,0.381,0,drop,candidate_hybrid_gray_drop_score_lt_threshold,1,0.381,,대출,,candidate_hybrid,1,0.65,0.35
"이억원 금융위원장 ""가계대출 총량 목표 확대, 투기 수요 자극 안 돼""",이 위원장은 14일 오전 서울 중구 은행연합회에서 열린 회의에서 “대책은 발표로 끝나지 않는다”며 “현장에서 제대로 작동하는지 지속 점검하고 미흡한 부분은 즉시 보완해 달라”고 강조했다. 특히 가계대출...,http://www.inews24.com/view/1995071,6,0.6012,1,keep,candidate_hybrid_gray_keep_domain_score_ge_threshold,6,0.6012,금융위,,,candidate_hybrid,1,0.65,0.35
주담대 한도 낮춘 국민은행…송병철 부행장 “실수요자 중심 확대 검토...,다만 정부가 13일 부동산 시장 안정을 위한 금융 종합대책에서 올해 금융권 가계대출 총량 증가율 목표를 기존 1.5%에서 3% 수준으로 조정하면서 은행권의 대출 운용 여력도 확대될 전망이다. 연간 가계대출 증가 여력은 약...,https://www.etoday.co.kr/news/view/2614654,2,0.2369,0,drop,candidate_hybrid_model_drop_prob_le_threshold,2,0.2369,,대출;금융,,candidate_hybrid,1,0.65,0.35
7월 은행 가계대출 5.4조 증가‥증가폭은 축소,한국은행이 오늘 발표한 '7월 금융시장 동향'에 따르면 지난달 말 기준 예금은행의 가계대출 잔액은 6월 말보다 5조 4천억 원 늘어난 1천194조 8천억 원으로 집계됐습니다. 한 달 사이 7조 6천억 원이 늘었던 6월에 비해...,https://imnews.imbc.com/replay/2026/nw1200/article/6844761_36967.html,8,0.5028,1,keep,candidate_hybrid_keep_strong_domain_rule_anchor,8,0.5028,한국은행;은행,,,candidate_hybrid,1,0.65,0.35
"이억원 “가계대출 총량 조정, 투기 자극 신호 아냐”",다만 이번 총량목표 조정이 투기적 대출수요를 자극하는 신호가 돼선 안 된다고 강조했다. 이 위원장은 이날 오전 서울 중구 은행회관에서 관계기관 합동으로 열린 ‘확대 가계부채 점검회의’에서 전날 정부가 발표한...,https://www.kukinews.com/article/view/kuk202608140058,3,0.4775,0,drop,candidate_hybrid_gray_drop_score_lt_threshold,3,0.4775,가계부채,,,candidate_hybrid,1,0.65,0.35
수도권 23만가구+α 공급대책…집값 안정 vs 상승 자극 '촉각',"정비사업 이주비·중도금·잔금대출을 가계대출 총량관리에서 별도로 관리하고, 이주비 대출의 담보가치... 함영진 우리은행 부동산리서치랩장은 ""정비사업 규제 완화가 사업성 개선으로 이어지면서 서울 핵심지역의...",http://www.issuenbiz.com/news/articleView.html?idxno=78754,0,0.5476,0,drop,candidate_hybrid_gray_drop_score_lt_threshold,0,0.5476,,,,candidate_hybrid,1,0.65,0.35
[AI 금융의 그늘③] AI 수요 꺾이면 어디서 먼저 흔들리나… 데이터센터...,회사채·은행대출·사모신용·구조화금융을 함께 활용하는 구조로 빠르게 이동하고 있다. 영란은행이... 당시 출발점은 상환능력이 취약한 가계의 주택담보대출이었다. 지금 데이터센터의 핵심 임차인은...,http://www.newsroad.co.kr/news/articleView.html?idxno=62889,4,0.3387,0,drop,candidate_hybrid_model_drop_prob_le_threshold,4,0.3387,회사채,,,candidate_hybrid,1,0.65,0.35
은행 수신 30조↓…수시입출식예금 80.8조 ‘역대 최대폭’ 감소,여신(대출) 상황을 보면 7월말 정책모기지론을 포함한 은행 가계대출 잔액은 1194조8000억원으로 7월중 5조4000억원 늘며 다섯 달 연속 증가했다(6월 +7조6000억원→7월 +5조4000억원). 주택담보대출(+4조3000억원...,http://www.joseilbo.com/news/news_read.php?uid=573855&class=18&grp=,4,0.3638,0,drop,candidate_hybrid_gray_drop_score_lt_threshold,4,0.3638,은행,대출,,candidate_hybrid,1,0.65,0.35
"당국, 전 금융권 소집… “실수요자 차질 없는 자금 지원을”","이날 한국은행이 발표한 ‘7월 금융시장 동향’에 따르면, 지난달 말 기준 은행권 가계대출 잔액은 1194조8000억 원으로 전월보다 5조4000억 원 증가했다. 세부적으로 살펴보면, 주택담보대출은 3조4000억 원 늘어나 전월...",https://www.munhwa.com/article/11609640?ref=naver,9,0.4424,1,keep,candidate_hybrid_keep_strong_domain_rule_anchor,9,0.4424,한국은행;은행권,,,candidate_hybrid,1,0.65,0.35
"이억원 “가계대출 총량목표, 실수요 지원 위한 것…투기수요 자극 신호...","정부가 가계대출 총량 목표를 두 배로 높여 금융권에 약 30조원의 추가 대출 여력을 열어준 가운데, 금융당국이 은행권에 실수요자 대출 공급을 주문했다. 다만 총량 확대가 부동산 투기 수요를 자극하는 신호로...",https://www.mk.co.kr/article/12127835,1,0.2807,0,drop,candidate_hybrid_model_drop_prob_le_threshold,1,0.2807,,대출,,candidate_hybrid,1,0.65,0.35
대출 조여도 가계빚 또 불었다…30조 더 푼다는데 괜찮나,"가계대출이 올해 들어 7개월째 늘었습니다. 다만 어제(13일) 정부는 금융권 대출 한도를 늘려주면서 은행들의 실행 지침에 다시 한번 가이드라인을 주는 모습입니다. 류선우 기자, 금융권이 연말까지 대출을 두 배 더...",https://biz.sbs.co.kr/article_hub/20000328767?division=NAVER,1,0.3332,0,drop,candidate_hybrid_model_drop_prob_le_threshold,1,0.3332,,대출,,candidate_hybrid,1,0.65,0.35
이 시각 주요 뉴스,"◇ 가계대출, 6.2조 늘어…7개월 연속 증가 지난달 한 달간 전 금융권의 가계대출이 6조 2천억 원 늘어 7개월 연속 증가세를 이어간 것으로 나타났습니다. 은행과 상호금융, 보험사 등은 대출이 둔화됐지만 저축은행과...",https://biz.sbs.co.kr/article_hub/20000328782?division=NAVER,11,0.6521,1,keep,candidate_hybrid_keep_strong_domain_rule_anchor,11,0.6521,저축은행;보험사;상호금융,,,candidate_hybrid,1,0.65,0.35
"은행 가계대출 5.4조↑…한은 “예년 수준 상회, 경계감 갖고 본다”",7월 은행 가계대출은 5조4000억원 증가했다. 주택담보대출과 주식투자 관련 기타대출의 증가세가 한풀 꺾이면서 전체 증가폭은 전월보다 줄었지만 여전히 예년 수준을 웃돌아 가계부채에 대한 경계감은 가시지 않고...,http://www.joseilbo.com/news/news_read.php?uid=573852&class=18&grp=,11,0.502,1,keep,candidate_hybrid_keep_strong_domain_rule_anchor,11,0.502,한은;은행;가계부채,,,candidate_hybrid,1,0.65,0.35
가계대출 30조 더 풀린다…'대출 절벽' 한숨 돌린 부동산 실수요자,주택 공급을 늘리는 과정에서 불가피하게 발생하는 집단대출이 은행의 가계대출 한도를 빠르게 소진하는 문제를 막기 위해서다. 은행별 배분 방식도 아직 확정되지 않았다. 5대 은행의 기존 목표인 4조3363억원을 단순히...,https://www.techm.kr/news/articleView.html?idxno=154319,1,0.3878,0,drop,candidate_hybrid_gray_drop_score_lt_threshold,1,0.3878,,대출,,candidate_hybrid,1,0.65,0.35
"금융위원장 ""금융권, 실수요자에 차질없게 자금지원하라""","이 위원장은 이날 오전 서울 중구 은행연합회에서 금융권과 관계기관을 소집해 '확대 가계부채 점검회의'에서 ""이번에 가계대출 총량목표가 합리적으로 조정된 만큼, 확대된 금융권의 추가 자금공급 여력으로 이주비...",https://www.viewsnnews.com/article?q=237906,9,0.6636,1,keep,candidate_hybrid_keep_strong_domain_rule_anchor,9,0.6636,금융위;가계부채,,,candidate_hybrid,1,0.65,0.35
보험권 가계대출 증가폭 축소…7월 7000억원 늘어,한국은행도 이날 금융시장 동향을 통해 은행권 가계대출 증가세가 둔화했다고 밝혔다. 7월 말 예금은행의 가계대출 잔액은 1194조8000억원으로 한 달 동안 5조4000억원 증가했다. 6월 증가액 7조6000억원보다...,http://www.fins.co.kr/news/articleView.html?idxno=109640,9,0.2325,1,keep,candidate_hybrid_keep_strong_domain_rule_anchor,9,0.2325,한국은행;은행권,,,candidate_hybrid,1,0.65,0.35
"금융위원장 ""실수요자 자금지원 총력…투기적 대출수요 안돼""","이 위원장은 이날 오전 중구 은행연합회에서 금융권과 관계기관 합동 '확대 가계부채 점검회의'를 열고 ""이번에 가계대출 총량목표가 합리적으로 조정된 만큼, 확대된 금융권의 추가 자금공급 여력으로 이주비·중도금...",https://www.daejonilbo.com/news/articleView.html?idxno=2294568,9,0.6694,1,keep,candidate_hybrid_keep_strong_domain_rule_anchor,9,0.6694,금융위;가계부채,,,candidate_hybrid,1,0.65,0.35
"7월 금융권 가계대출 6조 2천억 원 증가‥이억원 ""실수요 자금 안정 공급...","금융위 집계 결과, 지난달 기준 전 금융권 가계대출은 전월 대비 6조 2천억 원 늘고, 이 가운데 주택담보대출은 3조 5천억 원, 은행권 대출은 3조 4천억 원, 기타 대출은 2조 7천억 원 늘어난 것으로 집계됐습니다. 증가 폭은...",https://imnews.imbc.com/news/2026/econo/article/6844743_36932.html,10,0.4183,1,keep,candidate_hybrid_keep_strong_domain_rule_anchor,10,0.4183,금융위;은행권,,,candidate_hybrid,1,0.65,0.35
“주담대 6억 완화 언제쯤 되나” 내집마련 부담 실수요자 한숨 [8·13 공...,가계대출 공급 여력은 확대됐지만 개별 차주의 대출 한도는 그대로인 만큼 내 집 마련 부담은 여전히 크다는... 결국 은행권이 공급할 수 있는 대출의 전체 규모는 커졌지만 집을 사려는 개인이 받을 수 있는 최대...,https://biz.heraldcorp.com/article/10841488?ref=naver,1,0.3028,0,drop,candidate_hybrid_model_drop_prob_le_threshold,1,0.3028,,대출,,candidate_hybrid,1,0.65,0.35
7월 금융권 가계대출 6.2조원 증가…증가폭 축소,한국은행이 14일 발표한 금융시장 동향에 따르면 7월 말 예금은행의 가계대출 잔액은 1194조8000억원으로 전월보다 5조4000억원 증가했다. 지난 6월 가계대출이 7조6000억원 늘며 2024년 8월 이후 22개월 만에 최대...,https://www.cbci.co.kr/news/articleView.html?idxno=598270,5,0.4326,0,drop,candidate_hybrid_gray_drop_score_lt_threshold,5,0.4326,한국은행,,,candidate_hybrid,1,0.65,0.35
7월 금융권 가계대출 6.2조↑…증가폭 축소,"한국은행이 발표한 금융시장 동향에 따르면 7월 말 기준 예금은행의 가계대출 잔액은 1,194조8천억 원으로, 6월 말보다 5조4천억 원 증가했습니다. 6월 7조6천억 원 급증해 22개월 만에 최대로 늘어난 뒤 증가 폭이 다소...",http://mbnmoney.mbn.co.kr/news/view?news_no=MM1005901013,5,0.4826,0,drop,candidate_hybrid_gray_drop_score_lt_threshold,5,0.4826,한국은행,,,candidate_hybrid,1,0.65,0.35
"이억원 금융위원장 ""실수요자 차질 없는 자금지원 총력 다해야""...부동산...","이 위원장은 이날 서울 중구 은행연합회에서 금융권과 관계기관을 소집해 '확대 가계부채 점검회의'를 열고... 이 위원장은 ""이번에 가계대출 총량목표가 합리적으로 조정된 만큼, 확대된 금융권의 추가 자금공급...",https://www.ikbc.co.kr/article/view/kbc202608140024,9,0.6801,1,keep,candidate_hybrid_keep_strong_domain_rule_anchor,9,0.6801,금융위;가계부채,,,candidate_hybrid,1,0.65,0.35
"7월 가계빚 6.2조 늘어…증가폭 두 달째 둔화, 총량 확대는 변수","7월 말 은행 가계대출 잔액은 1194조8000억원으로 전월 말보다 5조4000억원 늘었다. 2024년 8월(9조2000억원 증가) 이후 최대 증가폭을 기록했던 지난 6월(7조6000억원)보다는 2조2000억원 축소됐지만, 여전히 높은 수준을...",https://view.asiae.co.kr/article/2026081410240887044,3,0.3811,0,drop,candidate_hybrid_gray_drop_score_lt_threshold,3,0.3811,은행,,,candidate_hybrid,1,0.65,0.35
"카카오뱅크 임원진, 자사주 2만1100주 매입…“책임경영 실천”","지난 6월 마스턴캐피탈 지분 100%를 인수하는 주식매매계약을 체결하며 비은행 여신 분야로 사업 확대에... 가계대출 관리 기조 속에서도 개인사업자대출을 중심으로 여신을 확대하고 대출 비교, 지급결제, 투자 등...",https://biz.heraldcorp.com/article/10841440?ref=naver,1,0.1906,0,drop,candidate_hybrid_model_drop_prob_le_threshold,1,0.1906,,대출,,candidate_hybrid,1,0.65,0.35
"금융위원장 “가계대출 총량 상향, 실수요 위한 것…투기 자극 안돼”","(HUG), SGI서울보증 등 관계기관을 비롯해 은행연합회, 제2금융권 협회와 5대 시중은행이 참석했다. 금융위에 따르면 지난달 전 금융권 가계대출은 6조2000억원 늘어 전월(8조3000억 원) 대비 증가 폭이 축소됐다.",https://www.donga.com/news/Economy/article/all/20260814/134477811/1,10,0.6111,1,keep,candidate_hybrid_keep_strong_domain_rule_anchor,10,0.6111,금융위;시중은행,,,candidate_hybrid,1,0.65,0.35
"이억원 ""실수요자 자금지원 차질 없어야""…가계대출 여력 30조 확대",이주비·중도금·잔금대출 등 실수요자 자금이 차질 없이 공급될 수 있도록 적극적인 지원을 주문했다. 이 위원장은 14일 오전 서울 중구 은행연합회에서 금융권 및 관계기관과 '확대 가계부채 점검회의'를 열고 전날...,https://www.cbci.co.kr/news/articleView.html?idxno=598263,3,0.4655,0,drop,candidate_hybrid_gray_drop_score_lt_threshold,3,0.4655,가계부채,,,candidate_hybrid,1,0.65,0.35
"금융위원회, 확대 가계부채 점검회의 [포토]","이투데이=고성준 기자 | 이억원 금융위원장이 14일 서울 중구 은행연합회 중회의실에서 열린 확대... 7월 금융권 전체 가계대출은 총 6조 2,000억 원 증가해 전월(8조 3,000억 원) 대비 증가 폭이 축소됐다. 이날...",https://www.etoday.co.kr/news/view/2614628,15,0.7138,1,keep,candidate_hybrid_keep_strong_domain_rule_anchor,15,0.7138,금융위원회;금융위;가계부채,,,candidate_hybrid,1,0.65,0.35
"이억원 ""실수요자 이주비·중도금·잔금대출 자금지원에 총력을""","이 위원장은 이날 서울 중구 은행연합회관에서 금융권과 관계기관을 소집해 '확대 가계부채 점검회의'를... 이 위원장은 ""이번에 가계대출 총량목표가 합리적으로 조정된 만큼, 확대된 금융권의 추가 자금공급 여력으로...",http://www.seouleconews.com/news/articleView.html?idxno=93083,3,0.4855,0,drop,candidate_hybrid_gray_drop_score_lt_threshold,3,0.4855,가계부채,,,candidate_hybrid,1,0.65,0.35
'빚투' 식고 주담대도 둔화…가계대출 증가폭 줄었다,"한국은행이 14일 발표한 금융시장 동향에 따르면, 7월 말 기준 예금은행의 가계대출(정책모기지론 포함) 잔액은 1천194조8000억원으로, 6월 말보다 5조4000억원 증가했다. 6월 7조6000억원 급증해 2024년 8월...",https://www.jnilbo.com/news/articleView.html?idxno=90000056862,5,0.2846,0,drop,candidate_hybrid_model_drop_prob_le_threshold,5,0.2846,한국은행,,,candidate_hybrid,1,0.65,0.35
"7월 가계대출 6.2조 증가… 올 누적, 작년 1년치 육박","특히 은행권 가계대출 증가액은 7조6000억원에서 5조4000억원으로 2조2000억원 줄었다. 제2금융권은 8000억원 늘어 전월과 비슷한 수준을 유지했다. 상호금융 대출은 7000억원 감소했지만, 저축은행과...",https://it.chosun.com/news/articleView.html?idxno=2023092168163,12,0.3629,1,keep,candidate_hybrid_keep_strong_domain_rule_anchor,12,0.3629,은행권;저축은행;상호금융,,,candidate_hybrid,1,0.65,0.35
금융권 PF 부실사업장 담당 지정…대출총량 조정 협의도,은행권 가계대출 역시 같은 기간 7조6000억원에서 5조4000억원으로 증가폭이 줄었다. 은행권 주담대는 7월 3조4000억원 늘었다. 이 가운데 은행 자체 주담대는 2조5000억원 증가했고 디딤돌·버팀목은 1조1000억원 늘었다....,https://biz.heraldcorp.com/article/10841401?ref=naver,11,0.3863,1,keep,candidate_hybrid_keep_strong_domain_rule_anchor,11,0.3863,은행;은행권;pf,,,candidate_hybrid,1,0.65,0.35
이억원 “금융규율 흔들림 없이 유지 … 자금 물길 바꿔야”,뉴데일리 김성현 기자 = 이억원 금융위원장이 가계대출 총량관리 목표를 조정하면서도 부동산 시장 안정을... 이 위원장은 14일 은행연합회에서 열린 확대 가계부채 점검회의 모두발언에서 “우리에게 주어진 과제는 두...,https://biz.newdaily.co.kr/site/data/html/2026/08/14/2026081400126.html,9,0.651,1,keep,candidate_hybrid_keep_strong_domain_rule_anchor,9,0.651,금융위;가계부채,,,candidate_hybrid,1,0.65,0.35
"카카오뱅크, 임원 12명 자사주 4.6억원어치 매입…“중장기 성장·신뢰 ...",카카오뱅크는 지난 6월 마스턴캐피탈 지분 100%를 인수하는 주식매매계약을 체결하며 비은행 여신 분야로... 줄었고 가계대출 증가폭도 2340억원에 그쳤다. 임원 자사주 매입은 통상 주가 저평가 인식과 책임경영...,https://www.nspna.com/news/?mode=view&newsid=824335,1,0.1813,0,drop,candidate_hybrid_model_drop_prob_le_threshold,1,0.1813,,주가,,candidate_hybrid,1,0.65,0.35
이억원 “이주비·중도금·잔금대출 등 실수요 자금 차질없이 공급”,"이 위원장은 14일 서울 은행연합회에서 열린 '확대 가계부채 점검회의' 모두발언에서 ""가계대출 총량목표가 합리적으로 조정된 만큼 확대된 금융권의 추가 자금공급 여력으로 이주비·중도금·잔금대출 등 실수요 자금이...",https://www.dailian.co.kr/news/view/1678481/?sc=Naver,3,0.5493,0,drop,candidate_hybrid_gray_drop_score_lt_threshold,3,0.5493,가계부채,,,candidate_hybrid,1,0.65,0.35
"이억원 ""실수요 대출 차질 없어야""…가계대출 30조원 추가 여력",다만 가계대출 총량관리 목표 조정이 투기적 대출수요를 자극하는 신호로 받아들여져서는 안 된다고 강조했다. 이 위원장은 이날 서울 중구 은행연합회에서 관계기관 합동 '확대 가계부채 점검회의'를 열고 전날 정부가...,https://www.hidomin.com/news/articleView.html?idxno=717278,4,0.4762,0,drop,candidate_hybrid_gray_drop_score_lt_threshold,4,0.4762,가계부채,대출,,candidate_hybrid,1,0.65,0.35
7월 가계대출 증가폭 6조원대로 둔화…대출총량제 영향,가계대출 증가폭 둔화의 배경으로는 대출총량제가 자리 잡고 있다. 이억원 금융위원장은 이날 은행연합회에서 열린 '확대 가계부채 점검회의'에서 휴가철 자금 수요가 증가하는 7월의 계절적 요인에도 불구하고 대출...,https://www.imaeil.com/page/view/2026081411052102013,10,0.4195,1,keep,candidate_hybrid_keep_strong_domain_rule_anchor,10,0.4195,금융위;가계부채,대출,,candidate_hybrid,1,0.65,0.35
7월 은행 가계대출 5조 4천억 원 늘어‥전월보다 증가 폭 축소,"지난달 은행의 가계대출 증가 폭이 전월보다 줄어든 것으로 나타났습니다. 한국은행이 오늘 발표한 '7월 금융시장 동향'에 따르면, 지난달 말 기준 예금은행의 가계대출 잔액은 6월 말보다 5조 4천억 원 늘어난 1천194조...",https://imnews.imbc.com/news/2026/econo/article/6844738_36932.html,8,0.5363,1,keep,candidate_hybrid_keep_strong_domain_rule_anchor,8,0.5363,한국은행;은행,,,candidate_hybrid,1,0.65,0.35
“실수요자만 빌려라” 금융위 은행에 경고,정부가 올해 가계대출 총량 증가율 목표치를 1.5%에서 3%로 상향한 가운데 금융당국이 은행권에 투기적 대출수요를 자극해서는 안 된다고 거듭 강조했다. 14일 이억원 금융위원장은 서울 은행연합회에서 열린 확대 가계부채...,https://magazine.hankyung.com/business/article/202608141331b,9,0.7233,1,keep,candidate_hybrid_keep_strong_domain_rule_anchor,9,0.7233,금융위;가계부채,,,candidate_hybrid,1,0.65,0.35
7월 금융권 가계대출 6.2조↑…'빚투' 진정되자 증가폭 둔화,"한국은행이 오늘(14일) 발표한 금융시장 동향에 따르면, 7월 말 기준 예금은행의 가계대출(정책모기지론 포함) 잔액은 1,194조 8천억원으로, 6월 말보다 5조 4천억원 증가했습니다. 6월 7조 6천억원 급증해 2024년 8월(+9조...",http://www.yonhapnewstv.co.kr/news/AKR202608141101223Ex,5,0.476,0,drop,candidate_hybrid_gray_drop_score_lt_threshold,5,0.476,한국은행,,,candidate_hybrid,1,0.65,0.35
7월 가계대출 6.2조 늘어 증가세 둔화…증시 조정에 '빚투'도 주춤,한국은행이 14일 발표한 금융시장 동향에 따르면 7월 말 예금은행의 가계대출 잔액은 1194조8000억원으로 전월보다 5조4000억원 늘었다. 지난 6월 증가액 7조6000억원보다 2조2000억원 줄어든 규모다. 6월 가계대출은...,https://www.ajunews.com/view/20260814104243025,5,0.2945,0,drop,candidate_hybrid_model_drop_prob_le_threshold,5,0.2945,한국은행,,,candidate_hybrid,1,0.65,0.35
"이억원 ""실수요자 차질 없는 자금지원에 총력 다해야"" 주문","이 위원장은 이날 오전 서울 중구 은행연합회에서 금융권과 관계기관을 소집해 '확대 가계부채 점검회의'를... 이 위원장은 ""이번에 가계대출 총량목표가 합리적으로 조정된 만큼, 확대된 금융권의 추가 자금공급 여력으로...",https://news.sbs.co.kr/news/endPage.do?news_id=N1008705352&plink=ORI&cooper=NAVER,3,0.4976,0,drop,candidate_hybrid_gray_drop_score_lt_threshold,3,0.4976,가계부채,,,candidate_hybrid,1,0.65,0.35
[그래픽] 집값 따라 늘던 주담대 둔화…가계대출 증가폭 꺾였다,7월 은행 가계대출은 5조4000억원 늘어 전월보다 증가폭이 축소됐다. 주담대는 전세 거래가 줄어들고 기분양 물량의 중도금 납부 수요 둔화 등으로 증가폭이 둔화됐다. 전 금융권 가계대출은 총 6조2000억원 증가해...,https://www.newsis.com/view/NISI20260814_0002212653,3,0.2732,0,drop,candidate_hybrid_model_drop_prob_le_threshold,3,0.2732,은행,,,candidate_hybrid,1,0.65,0.35
"이억원 ""실수요자 차질 없는 자금지원에 총력…세심한 배려 부탁""","이 위원장은 이날 오전 서울 중구 은행연합회에서 금융권과 관계기관을 소집해 '확대 가계부채 점검회의'를... 이 위원장은 ""이번에 가계대출 총량목표가 합리적으로 조정된 만큼, 확대된 금융권의 추가 자금공급 여력으로...",http://www.yonhapnewstv.co.kr/news/AKR20260814105339upw,3,0.49,0,drop,candidate_hybrid_gray_drop_score_lt_threshold,3,0.49,가계부채,,,candidate_hybrid,1,0.65,0.35
"스페이스X '잭팟' 터트린 미래에셋증권[학교 밖, 세상 읽기]",국민의 예금을 받아 가계·기업에 대출하고 이자 차익을 수익으로 가져가는 은행은 오랫동안 국내 금융산업의 중심이었기 때문이다. 하지만 올해 2분기만 본다면 상황이 달라졌다. 미래에셋증권이 올해 2분기 1조 9052억...,https://news.unn.net/news/articleView.html?idxno=595953,0,0.6842,0,drop,candidate_hybrid_drop_model_keep_without_domain_anchor,0,0.6842,,,,candidate_hybrid,1,0.65,0.35
금융권에 PF 부실사업장 담당자 지정…금융사 대출 총량 조정 협의 착수,은행권 가계대출 역시 같은 기간 7조6000억원에서 5조4000억원으로 증가폭이 줄었다. 은행권 주담대는 7월 3조4000억원 늘었다. 이 가운데 은행 자체 주담대는 2조5000억원 증가했고 디딤돌·버팀목은 1조1000억원 늘었다....,https://biz.heraldcorp.com/article/10841301?ref=naver,12,0.3298,1,keep,candidate_hybrid_keep_strong_domain_rule_anchor,12,0.3298,은행;은행권;pf,대출,,candidate_hybrid,1,0.65,0.35
"""대출 오픈런 이제 끝?"" 은행권 문의 잇따라…30조 더 풀린다는데 체감...","남은 5개월 간 가계대출 30조원이 추가로 풀리게 된 것이다. 다만 은행권은 당장 대출 빗장을 풀기는 어렵다는 입장이다. 금융권 전체 총량은 확정됐지만, 은행별로 추가 배정될 목표치가 아직 확정되지 않은 데다...",https://www.newsis.com/view/NISX20260814_0003749169,5,0.4783,0,drop,candidate_hybrid_gray_drop_score_lt_threshold,5,0.4783,은행권,대출,,candidate_hybrid,1,0.65,0.35
7월 가계대출 5조4천억 늘어 5개월째 증가,"한국은행은 14일 ‘2026년 7월 금융시장 동향’에서 7월 은행 가계대출이 전월보다 5조4천억원 증가했다고 밝혔다. 은행 가계대출 증가 폭은 3월 5천억원, 4월 2조1천억원, 5월 6조9천억원, 6월 7조6천억원으로 커진 뒤 7월에...",https://www.tokenpost.kr/news/cryptocurrency/390538,8,0.5476,1,keep,candidate_hybrid_keep_strong_domain_rule_anchor,8,0.5476,한국은행;은행,,,candidate_hybrid,1,0.65,0.35
"가계대출 목표 3%로 상향, 실수요 자금 우선 배분",투기성 대출 관리는 유지하는 방향이다. 이억원 금융위원장은 14일 서울 중구 은행연합회에서 금융권과 관계기관을 소집해 ‘확대 가계부채 점검회의’를 열고 “실수요자의 차질 없는 자금지원을 위해 총력을...,https://www.tokenpost.kr/news/policy/390540,10,0.6091,1,keep,candidate_hybrid_keep_strong_domain_rule_anchor,10,0.6091,금융위;가계부채,대출,,candidate_hybrid,1,0.65,0.35
"비거주 1주택자 전세대출 금지, '소급적용' 논란",'주택담보대출을 받으려면 은행에 오픈런을 해야 된다' 막 난리잖아요. 굉장히 비정상적인 시장인 것만은 분명한데요. 가계대출 총량 목표치를 1.5%에서 3%로 늘려서 이게 연말까지 한 30조 원 정도의 여력이 생긴다고 해요....,https://www.ytn.co.kr/_ln/0102_202608141039356390,0,0.4297,0,drop,candidate_hybrid_gray_drop_score_lt_threshold,0,0.4297,,,,candidate_hybrid,1,0.65,0.35
7월 가계대출 6.2조 증가…증가폭 둔화에도 부동산발 불씨 여전,"은행권 가계대출은 5조4000억원 증가해 전월 7조6000억원보다 2조2000억원 감소했다. 은행 자체 주담대는 2조9000억원에서 2조5000억원으로, 정책성 대출은 1조4000억원에서 9000억원으로 각각 증가폭이 줄었다. 기타대출...",https://www.mediapen.com/news/view/1116425,7,0.2308,0,drop,candidate_hybrid_model_drop_prob_le_threshold,7,0.2308,은행;은행권,,,candidate_hybrid,1,0.65,0.35
가계대출 총량 두배 늘렸지만…은행권 대출관리 기조 '당분간 유지',금융권에 따르면 시중은행의 가계대출 증가액은 지난달 말 기준 6조3821억 원으로 집계됐다. 이에 주요 시중은행들은 가계대출 관리를 위한 자체 조치를 잇달아 강화해왔다. KB국민은행은 지난달 10일부터 전국의...,http://www.popcornnews.net/news/articleView.html?idxno=129732,8,0.3273,1,keep,candidate_hybrid_keep_strong_domain_rule_anchor,8,0.3273,은행권;시중은행,,,candidate_hybrid,1,0.65,0.35
7월 주담대·기타대출 증가세 둔화…이억원 “가계대출 수요 아직 안심...,"업권별로 보면 은행권 가계대출은 5조 4,000억 원 증가해 전월 7조 6,000억 원보다 증가 폭이 축소됐습니다. 은행 자체 주담대는 2조 9,000억 원에서 2조 5,000억 원으로, 정책성 대출은 1조 4,000억 원에서 9,000억 원으로...",https://news.kbs.co.kr/news/pc/view/view.do?ncd=8637205&ref=A,7,0.2258,0,drop,candidate_hybrid_model_drop_prob_le_threshold,7,0.2258,은행;은행권,,,candidate_hybrid,1,0.65,0.35
"""인생은 한 방"" 월 52조 주식 사던 개미 어디에...7월엔 '3조' 급감",한국은행이 14일 발표한 '2026년 7월 금융시장 동향'에 따르면 지난달 은행 가계대출 잔액은 1194조8000억원으로 전월대비 5조4000억원 증가했다. 증가 폭은 지난 5월 6조9000억원에서 6월 7조6000억원으로 확대됐다가 7월...,https://www.mt.co.kr/economy/2026/08/14/2026081410110638751,9,0.4565,1,keep,candidate_hybrid_keep_strong_domain_rule_anchor,9,0.4565,한국은행;은행,주식,,candidate_hybrid,1,0.65,0.35
7월 가계대출 6.2조 증가...증가액은 2달째 감소,"금융위원회, 금융감독원, 그리고 한국은행에 따르면 지난달 가계대출 증가액은 6조 2천억 원으로 6월에 이어 두 달째 감소했습니다. 주택담보대출이 3조 5천억 원, 기타대출이 2조 7천억 원 증가했지만, 각각 6월보다는...",https://www.ytn.co.kr/_ln/0102_202608141033045120,23,0.4081,1,keep,candidate_hybrid_keep_strong_domain_rule_anchor,23,0.4081,금융감독원;금융위원회;금융위;한국은행,,,candidate_hybrid,1,0.65,0.35
"이억원 ""가계대출 한도 신속히 조정하라…실수요자에 공급""","시중은행이 참석했다. 이 위원장은 ""이번 가계대출 총량목표가 합리적으로 조정된 만큼, 확대된 금융권의 추가 자금공급 여력으로 이주비·중도금·잔금대출 등 실수요 자금이 적시에 안정적으로 공급될 수 있도록...",https://news.einfomax.co.kr/news/articleView.html?idxno=4430161,4,0.3463,0,drop,candidate_hybrid_model_drop_prob_le_threshold,4,0.3463,시중은행,,,candidate_hybrid,1,0.65,0.35
7월 은행 가계대출 5.4조 늘어…주식투자 둔화 등에 증가세 꺾여,(자료=한국은행) 14일 한국은행이 발표한 '2026년 7월 금융시장 동향'에 따르면 지난달 말 은행 가계대출 잔액은 1194조8000억원으로 전월(1189조4000억원)대비 5조4000억원 증가했다. 다만 증가폭은 전월(7조6000억원)보다...,https://www.asiatime.co.kr/article/20260814500074,8,0.5033,1,keep,candidate_hybrid_keep_strong_domain_rule_anchor,8,0.5033,한국은행;은행,,,candidate_hybrid,1,0.65,0.35
"이억원 ""실수요자 이주비·중도금·잔금대출 지원에 만전 기해달라""",한편 은행권이 가계대출 문턱을 높이면서 7월 가계대출 증가폭은 꺾인 것으로 나타났다. 7월 전 금융권 가계대출의 증가 폭은 6조2000억원으로 전월 대비 2조1000억원 줄었다. 7월 감소세를 이끈 것은 주택담보대출과...,https://www.ajunews.com/view/20260814101828945,0,0.2889,0,drop,candidate_hybrid_model_drop_prob_le_threshold,0,0.2889,,,,candidate_hybrid,1,0.65,0.35
지난달 은행 가계대출 5.4조 늘었다⋯주담대ㆍ기타대출 증가폭 '주춤',은행 가계대출 증가세는 주택대출 확대에서 비롯된 측면이 크다. 이 기간 주택담보대출(주담대) 규모는 전월 대비 3조4000억원 증가한 948조4000억원으로 집계됐다. 올해 4월을 시작으로 6월(4조3000억원)까지 증가폭을...,https://www.etoday.co.kr/news/view/2614569,3,0.2281,0,drop,candidate_hybrid_model_drop_prob_le_threshold,3,0.2281,은행,,,candidate_hybrid,1,0.65,0.35
은행권 가계대출 석 달 연속 5조 넘게 늘어,지난달 은행권 가계대출이 5조원 넘게 늘어나며 석 달 연속 5조원 이상의 증가세를 이어갔다. 14일 한국은행의 ‘7월 금융시장 동향’에 따르면 지난달 은행권 가계대출은 5조4000억원 증가한 것으로 집계됐다....,https://www.edaily.co.kr/news/newspath.asp?newsid=04332886645547320,9,0.6577,1,keep,candidate_hybrid_keep_strong_domain_rule_anchor,9,0.6577,한국은행;은행권,,,candidate_hybrid,1,0.65,0.35
전세거래 줄자 가계대출 증가세 둔화…개인 '빚투' 증가 폭도 줄어,"한국은행이 14일 내놓은 ‘7월 금융시장 동향’을 보면, 7월말 현재 은행 가계대출 잔액은 1194조8천억원으로 전월말보다 5조4천억원 늘었다. 5월 6조9천억원, 6월 7조6천억원에 견줘 증가 폭이 축소됐다. 가계대출 중...",https://www.hani.co.kr/arti/economy/economy_general/1272911.html,8,0.4,1,keep,candidate_hybrid_keep_strong_domain_rule_anchor,8,0.4,한국은행;은행,,,candidate_hybrid,1,0.65,0.35
"금융위원장 “가계대출 총량 확대, 투기 수요 자극해선 안 돼”","국토교통부, 한국은행, 금융감독원, 한국주택금융공사, 주택도시보증공사 등 관계기관과 은행연합회, 제2금융권 협회, 5대 시중은행 등이 참석해 전날 발표한 대책의 세부 시행 방안과 최근 가계대출 동향을 점검했다.",https://www.hani.co.kr/arti/economy/property/1272910.html,21,0.7635,1,keep,candidate_hybrid_keep_strong_domain_rule_anchor,21,0.7635,금융감독원;금융위;한국은행;시중은행,,,candidate_hybrid,1,0.65,0.35
주식투자 열기 식자 신용대출 둔화…은행 가계대출 5.4조↑,한국은행이 14일 발표한 ‘2026년 7월 금융시장 동향’에 따르면 지난달 은행 가계대출은 전월보다 5조 4000억 원 증가한 1194조 8000억 원으로 집계됐다. 증가액은 6월 7조 6000억 원보다 2조 2000억 원 줄었다. 하지만...,https://www.sedaily.com/article/20079378?ref=naver,8,0.3306,1,keep,candidate_hybrid_keep_strong_domain_rule_anchor,8,0.3306,한국은행;은행,,,candidate_hybrid,1,0.65,0.35
"이억원 ""이주비·잔금 차질 없이 공급… 투기수요 자극 않도록 유의""","이 위원장은 14일 서울 중구 은행회관에서 열린 확대 가계부채 점검회의에서 ""이번 대책의 핵심은 일관된... 전날 발표한 대책의 핵심은 가계대출 총량목표 조절이다. 당초 금융위는 4월 발표한 가계대출 관리방안을 통해...",https://www.hankookilbo.com/news/article/A2026081410080003876?did=NA,9,0.563,1,keep,candidate_hybrid_keep_strong_domain_rule_anchor,9,0.563,금융위;가계부채,,,candidate_hybrid,1,0.65,0.35
"금융위원장 ""투기수요 관리하되, 실수요자 원활하게""",종합 대책에 따라 가계대출 총량목표가 조정되는 가운데 각 업권별 은행별 늘어난 대출 여력에 관한 논의도 이어졌다. 금융위는 금융회사별로 이주비·중도금·잔금대출 등 실수요 목적의 자금을 적시에 공급해 달라고...,http://www.fnnews.com/news/202608140957096463,7,0.5663,1,keep,candidate_hybrid_gray_keep_domain_score_ge_threshold,7,0.5663,금융위,대출,,candidate_hybrid,1,0.65,0.35
7월 은행 주택대출 3.4조원으로 증가세 둔화… “전세 거래 감소 영향”,"한국은행이 이날 공개한 ‘7월 금융시장 동향’에 따르면, 은행 가계 대출은 5조4000억원으로 전월(7조6000억원)보다 증가 규모가 축소됐다. 다만 전년 동월(2조7000억원)과 비교하면 여전히 많은 수준이다....",https://biz.chosun.com/policy/policy_sub/2026/08/14/EFQIUAI2ZFBUZGM5QMCXCLINFI/?utm_source=naver&utm_medium=original&utm_campaign=biz,8,0.6112,1,keep,candidate_hybrid_keep_strong_domain_rule_anchor,8,0.6112,한국은행;은행,,,candidate_hybrid,1,0.65,0.35
7월 은행 가계대출 5.4조 증가…전월대비 증가폭은 축소,지난달 은행 가계대출 증가 규모가 줄어든 것으로 나타났다. 전세 거래 감소세가 이어지며 주택담보대출(주담대) 증가폭도 축소됐다. 14일 한국은행이 발표한 '7월 금융시장 동향'에 따르면 은행 가계대출은...,https://www.newsis.com/view/NISX20260814_0003749102,8,0.6368,1,keep,candidate_hybrid_keep_strong_domain_rule_anchor,8,0.6368,한국은행;은행,,,candidate_hybrid,1,0.65,0.35
"가계대출 총량 2배 늘린 금융당국 ""대출관리 기조 완화 아냐""",은행권 가계대출은 5조4000억원 늘어 전월 7조6000억원보다 증가폭이 줄었다. 제2금융권은 8000억원 늘어 전월과 비슷했다. 누적 기준으로 보면 증가세는 여전히 가파르다. 올해 1~7월 전 금융권 가계대출은 35조3000억원...,https://www.mt.co.kr/finance/2026/08/14/2026081409250961446,4,0.3086,0,drop,candidate_hybrid_model_drop_prob_le_threshold,4,0.3086,은행권,,,candidate_hybrid,1,0.65,0.35
"은행 가계대출 5.4조↑, 작년의 2배…석 달간 20조 육박","지난달 은행 가계대출이 5조 4000억 원 늘면서 3개월 연속 5조 원을 웃도는 큰 증가세를 이어갔다. 증가 폭 자체는 전월보다 줄었지만, 지난해 같은 달의 두 배에 달해 여전히 높은 수준을 나타냈다. 최근 석 달간...",https://www.news1.kr/economy/trend/6259050,3,0.5274,0,drop,candidate_hybrid_gray_drop_score_lt_threshold,3,0.5274,은행,,,candidate_hybrid,1,0.65,0.35
주식 열기 식자 가계대출도 주춤…7월 5.4조 증가,14일 한국은행이 발표한 '2026년 7월 금융시장 동향'에 따르면 지난달 말 은행 가계대출 잔액은 1194조8000억원으로 전월보다 5조4000억원 증가했다. 증가폭은 6월 7조6000억원보다 줄었지만 지난해 7월 2조7000억원과...,https://www.ebn.co.kr/news/articleView.html?idxno=1720391,9,0.408,1,keep,candidate_hybrid_keep_strong_domain_rule_anchor,9,0.408,한국은행;은행,주식,,candidate_hybrid,1,0.65,0.35
7월 가계대출 6.2조 ↑…주담대·신용대출 증가폭 줄며 두 달째 둔화,"업권별로 보면 은행권 가계대출은 7월 5조4000억원 증가해 전월(7조6000억원)보다 증가폭이 2조2000억원 축소됐다. 세부적으로는 은행 자체 주담대는 2조5000억원, 정책성 대출은 9000억원 늘어 전월보다 증가폭이 각각...",https://view.asiae.co.kr/article/2026081409434163396,7,0.2407,0,drop,candidate_hybrid_model_drop_prob_le_threshold,7,0.2407,은행;은행권,,,candidate_hybrid,1,0.65,0.35
7월 가계대출 6.2조 증가…누적 35조 넘어 '총량관리' 경고등,은행권만 보면 가계대출은 한 달 동안 5조4000억원 늘었다. 6월 7조6000억원보다 2조2000억원 감소했다. 은행 자체 주담대 증가액은 2조9000억원에서 2조5000억원으로 줄었고 정책성대출도 1조4000억원에서 9000억원으로...,https://www.newsworks.co.kr/news/articleView.html?idxno=850378,3,0.2659,0,drop,candidate_hybrid_model_drop_prob_le_threshold,3,0.2659,은행,,,candidate_hybrid,1,0.65,0.35
"7월 은행 가계대출 5.4조 늘어...""보유세 강화·총량 확대 영향 살펴야""","7월 은행 가계대출이 5조원을 웃도는 증가세를 보였다. 수도권 주택거래량 증가 여파가 주택 관련 대출 확대로 이어졌으나, 은행의 신용대출 규제와 주가 하락으로 '빚투(빚내서 투자)' 열기가 식으면서 전월 대비...",https://view.asiae.co.kr/article/2026081410100430678,5,0.5633,0,drop,candidate_hybrid_gray_drop_score_lt_threshold,5,0.5633,은행,대출;주가,,candidate_hybrid,1,0.65,0.35
"대출규제에도···은행 가계대출, 7월 한달간 5.4조 급증","은행권 가계대출이 5조원 넘게 증가하며, 5개월 연속 증가세를 이어갔다. 고강도 가계대출 규제에도 수도권을 중심으로 4~5월 주택거래량이 급증했던 여파가 주택담보대출 증가세를 견인했단 평가다. 기타대출도...",https://www.seoulfn.com/news/articleView.html?idxno=635678,7,0.4675,1,keep,candidate_hybrid_gray_keep_domain_score_ge_threshold,7,0.4675,은행;은행권,,,candidate_hybrid,1,0.65,0.35
강남 잡히자 강북·강서 들썩…세제개편이 판 바꿨다,"■ 대출 규제 투트랙: 금융위원회가 가계대출 총량 목표를 1.5%에서 3.0%로 상향해 집단대출·청년... 전세대출은 물론 만기 연장도 불가능해진다. 거주 1주택자도 보증 비율이 80%에서 70%로 줄어들며, 시중은행이...",https://www.sedaily.com/article/20079397?ref=naver,17,0.5582,1,keep,candidate_hybrid_keep_strong_domain_rule_anchor,17,0.5582,금융위원회;금융위;시중은행,대출,,candidate_hybrid,1,0.65,0.35
가계대출 총량 2배 확대…실수요 30조 더 풀고 전세대출 제한,컨슈머타임스=김하은 기자 | 정부가 올해 가계대출 공급 여력을 30조원 추가로 확대한다. 다만 실거주... 추가된 30조원은 집단대출과 청년·실수요자 대출에 집중된다. 최근 주택 거래 증가로 은행의 대출 여력이 빠르게...,https://www.cstimes.com/news/articleView.html?idxno=716863,1,0.2724,0,drop,candidate_hybrid_model_drop_prob_le_threshold,1,0.2724,,대출,,candidate_hybrid,1,0.65,0.35
공급 부족·공사비 상승에...경쟁력 갖춘 '힐스테이트 시흥더클래스' 주...,정부가 가계대출 총량을 관리하고 대출 문턱을 높이는 등 수요 억제책을 이어가고 있지만 원자재 가격과... 이런 가운데 현대엔지니어링이 경기 시흥시 은행동 일원에 공급하는 '힐스테이트 시흥 더클래스'가 선착순...,https://www.joongangenews.com/news/articleView.html?idxno=540115,1,0.4113,0,drop,candidate_hybrid_gray_drop_score_lt_threshold,1,0.4113,,대출,,candidate_hybrid,1,0.65,0.35
"[전격시사] 대통령지지율 또 최저? (김준일) 진보층 이탈, 민심이반 쉽게...","그래서 대출 총량을 1.5%, 작년에 시중 은행이 가계 대출을 1.5% 늘리는 걸 금융 당국이 가이드라인을 했는데 3%까지 늘렸거든요. 그러면 이게 27조 원에서 50조 원이 됐어요. 대략적으로 한 30조 원 정도 늘었다고 보면 되는....",https://news.kbs.co.kr/news/pc/view/view.do?ncd=8637079&ref=A,2,0.3829,0,drop,candidate_hybrid_gray_drop_score_lt_threshold,2,0.3829,,대출;금융,,candidate_hybrid,1,0.65,0.35
[오늘의 주요일정] 14일(금),금융위원회는 은행권을 소집해 확대 가계부채 점검회의를 연다. 정부가 한쪽에서는 주택공급 확대를 서두르면서 다른 한쪽에서는 가계대출 관리 수위를 높이는 형국이어서...,https://www.newscj.com/news/articleView.html?idxno=3425035,15,0.6259,1,keep,candidate_hybrid_keep_strong_domain_rule_anchor,15,0.6259,금융위원회;금융위;가계부채,,,candidate_hybrid,1,0.65,0.35
[오늘의 채권ㆍ외환 메모] (08월14일),"가계대출 동향(잠정) 및 가계부채 점검회의 개최(10:30) ◇채권 발행 ▲은행채 8,800억원 ▲여전채 400억원 ▲회사채 2,898억원 ▲공사채 6,067억원 ◇채권 만기 ▲은행채 10,400억원 ▲여전채 2...",https://news.einfomax.co.kr/news/articleView.html?idxno=4430121,14,0.5349,1,keep,candidate_hybrid_keep_strong_domain_rule_anchor,14,0.5349,회사채;가계부채;여전채,채권,,candidate_hybrid,1,0.65,0.35
[다음주 경제] 올해 성장전망 얼마나 높아질까…가계부채 규모도 주목,생산자물가·은행 연체율 등도 발표 이세원 한지훈 배영경 기자 = 다음 주(8월 17∼21일)에는 한국개발연구원(KDI)의 수정 경제전망이 발표된다. 한국은행이 집계하는 2분기 기준 포괄적 가계부채 규모도 공개된다....,https://www.yna.co.kr/view/AKR20260815011500002?input=1195m,15,0.8134,1,keep,candidate_hybrid_keep_strong_domain_rule_anchor,15,0.8134,한국은행;은행;연체율;가계부채,,,candidate_hybrid,1,0.65,0.35
[핀포인트] [신한투자증권] 부동산 PF 줄였지만… 질적부담은 '여전',높아 연체 리스크가 가장 크다. 여기에 중·후순위 대출은 사업장 부실 발생 시 변제 순위가 선순위... 시중은행 등 상대적으로 보수적인 자금 운용 기조를 가진 금융사들이 안전성이 높은 선순위 물량을 먼저 가져가는...,https://news.dealsitetv.com/articles/174410,12,0.7627,1,keep,candidate_hybrid_keep_strong_domain_rule_anchor,12,0.7627,시중은행;pf,연체;부실,,candidate_hybrid,1,0.65,0.35
"SC제일은행, 상반기 순익 4244억원…두 배 넘게 늘었다","연체율 역시 0.42%에서 0.45%로 0.03%포인트 높아졌다. 자본적정성은 양호한 수준을 유지했다. 6월 말 기준 국제결제은행(BIS) 총자본비율(CAR)은 17.77%, 보통주자본비율(CET1)은 15.65%를 기록했다. 모두 감독당국의...",http://www.newsprime.co.kr/news/article.html?no=744027,4,0.4386,0,drop,candidate_hybrid_gray_drop_score_lt_threshold,4,0.4386,연체율,,,candidate_hybrid,1,0.65,0.35
"SC제일은행 상반기 순이익 4244억 원으로 103% 늘어, 역대 최대 실적",연체율은 0.45%로 지난해 말보다 0.10%포인트 하락했다. 다만 고정이하여신(NPL)비율은 0.71%로 0.14%포인트 상승했다. SC제일은행은 국내에서 유일하게 소매금융 서비스를 운영하고 있는 외국계 시중은행이다....,https://www.businesspost.co.kr/BP?command=article_view&num=444849,10,0.4068,1,keep,candidate_hybrid_keep_strong_domain_rule_anchor,10,0.4068,시중은행;npl,실적;순이익,,candidate_hybrid,1,0.65,0.35
"SC제일은행, 상반기 순익 4244억원…전년比 두 배 증가",상승했고 연체율도 0.42%에서 0.45%로 0.03%포인트 올랐다. 대손충당금적립률은 같은 기간 181.41%에서 118.75%로 낮아졌다. 자본비율도 전년 동기보다 낮아졌지만 감독당국 요건은 웃돌았다. 6월 말 국제결제은행...,https://www.digitaltoday.co.kr/news/articleView.html?idxno=693276,0,0.4148,0,drop,candidate_hybrid_gray_drop_score_lt_threshold,0,0.4148,,,,candidate_hybrid,1,0.65,0.35
"SC제일은행 상반기 순익 4244억원, 2배…ELS 충당금 환입·WM 호조",22%포인트(p) 상승했고 연체율도 0.42%에서 0.45%로 0.03%p 높아졌다. 대손충당금적립률은 같은 기간 181.41%에서 118.75%로 62.66%p 하락했다.자본비율도 전년보다 낮아졌다. 6월 말 국제결제은행(BIS) 기준 총자본비율은...,https://news.mtn.co.kr/news-detail/2026081416270986354,4,0.5448,0,drop,candidate_hybrid_gray_drop_score_lt_threshold,4,0.5448,충당금,,,candidate_hybrid,1,0.65,0.35
"SC제일은행, 상반기 순익 4244억…비이자이익 78%↑",SC제일은행은 기업금융 고객의 자금수요 증가가 영향을 미쳤다고 설명했다. 같은 기간 고정이하여신비율은 0.49%에서 0.71%로 0.22%포인트 상승했다. 연체율은 0.42%에서 0.45%로 0.03%포인트 높아졌으며...,https://www.businessplus.kr/news/articleView.html?idxno=115513,0,0.3341,0,drop,candidate_hybrid_model_drop_prob_le_threshold,0,0.3341,,,,candidate_hybrid,1,0.65,0.35
"[상장 기대주 점검] 대웅제약 비중 낮춘 스카이랩스, 상위 고객 2곳 매출...",◆ 대웅제약 편중 낮아졌지만 상위 2곳이 매출 좌우 14일 투자은행(IB) 업계에 따르면 스카이랩스는... 대웅제약과의 거래에서는 나타나지 않았던 연체채권이 대웅제약 외 거래처에서 처음 확인된 것이다. 회사는...,https://www.newstopkorea.com/news/articleView.html?idxno=47059,0,0.522,0,drop,candidate_hybrid_drop_generic_market_or_ipo_noise,0,0.522,,,,candidate_hybrid,1,0.65,0.35
"SC제일은행, 상반기 순익 4244억원…ELS 충당금 환입에 2배 급증","대손충당금적립률은 181.41%에서 118.75%로 낮아졌고, 연체율은 0.42%에서 0.45%로 0.03%포인트 올랐다. SC제일은행은 자산관리 부문 강화를 이어가고 있다. 지난달에는 자산 10억원 이상 고액자산가를 대상으로 도곡...",https://www.ddaily.co.kr/page/view/2026081416163998693,4,0.4935,0,drop,candidate_hybrid_gray_drop_score_lt_threshold,4,0.4935,충당금,,,candidate_hybrid,1,0.65,0.35
"SC제일銀, 상반기 순익 4244억원 전년 대비 2배 껑충","고정이하여신비율은 0.71%로 전년 동기보다 0.22%포인트 상승했고 연체율은 0.45%로 0.03%포인트 올랐다. 6월 말 국제결제은행(BIS) 총자본비율과 보통주자본비율(CET1)은 각각 17.77%, 15.65%를 기록했다. 한재희 기자 onej...",https://it.chosun.com/news/articleView.html?idxno=2023092168210,0,0.3155,0,drop,candidate_hybrid_model_drop_prob_le_threshold,0,0.3155,,,,candidate_hybrid,1,0.65,0.35
"SC제일은행, ELS 충당금 환입 효과로 순익 2배↑","66%포인트 하락했으며 연체율도 0.42%에서 0.45%로 높아졌다. BIS 총자본비율은 17.77%로 전년 동기보다 3.58%포인트, 보통주자본비율(CET1)은 15.65%로 2.47%포인트 하락했다. SC제일은행 관계자는 ""두 지표 모두...",https://news.dealsitetv.com/articles/174803,4,0.5848,0,drop,candidate_hybrid_gray_drop_score_lt_threshold,4,0.5848,충당금,,,candidate_hybrid,1,0.65,0.35
"SC제일은행, 상반기 순익 4244억 '두 배'…ELS 충당금 환입 효과",다만 순이자마진(NIM)이 하락하고 고정이하여신비율과 연체율이 상승하는 등 일부 건전성 지표는 뒷걸음질쳤다. 14일 SC제일은행에 따르면 올해 상반기 연결당기순이익은 4244억원으로 전년 동기 2086억원보다...,https://www.newsworks.co.kr/news/articleView.html?idxno=850456,6,0.4976,0,drop,candidate_hybrid_gray_drop_no_domain_anchor,6,0.4976,충당금,건전성,,candidate_hybrid,1,0.65,0.35
"SC제일은행, 상반기 순익 4244억원⋯전년比 103% 증가",고정이하여신비율은 0.71%로 전년 동기보다 0.22%p 상승했고 연체율도 0.45%로 0.03%p 올랐다. 대손충당금적립률은 181.41%에서 118.75%로 낮아졌다. 6월 말 국제결제은행(BIS) 총자본비율과 보통주자본비율(CET1)은 각각...,https://www.etoday.co.kr/news/view/2614810,0,0.3324,0,drop,candidate_hybrid_model_drop_prob_le_threshold,0,0.3324,,,,candidate_hybrid,1,0.65,0.35
[무조건간다] 20억 빚에 파산한 30살 사장…'새마을금고 불법대출'이 만...,"6천이에요.” “은행권 한 군데에서 저한테 연장 계약을 하기 한두 달 전쯤이었나, 그때 한 1억 정도를 상환을 해야 될 것 같다…” “여기에 입주하고 난 뒤로 3년 이상을 단 1원도 연체한 적이 없습니다.” “(이자율) 4...",http://www.yonhapnewstv.co.kr/news/MYH20260814150049nRJ,8,0.5691,1,keep,candidate_hybrid_keep_strong_domain_rule_anchor,8,0.5691,은행권;새마을금고,,,candidate_hybrid,1,0.65,0.35
"[은행 실적 인사이드] 제주 벗어난 제주은행, 몸집은 컸는데…자본비율...","1010억원으로, 연체금액도 1012억원에서 1066억원으로 증가했다. 도외·기업금융 확대를 새로운 성장축으로 안착시키면서 자본비율과 자산건전성을 함께 관리할 수 있느냐가 향후 제주은행 성장 전략의 관건으로...",https://dealsite.co.kr/articles/167086,4,0.3419,0,drop,candidate_hybrid_model_drop_prob_le_threshold,4,0.3419,은행,실적,,candidate_hybrid,1,0.65,0.35
[전규열의 경제 INSIGHT] 최저임금 '단일 적용'의 역설... 자영업 무너지...,"가장 대표적인 대립이 한국은행과 국회입법조사처다. 한국은행은 2024년 3월 '돌봄서비스 인력난 및 비용... 자영업자 대출은 이미 1,000조 원을 넘어섰고, 연체율은 3년 새 3.6배 급등했다. 여기에 최저임금 인상까지 겹치면...",https://www.banronbodo.com/news/articleView.html?idxno=32753,5,0.5304,0,drop,candidate_hybrid_gray_drop_score_lt_threshold,5,0.5304,한국은행,,,candidate_hybrid,1,0.65,0.35
"광복절 대체공휴일, 17일 문 닫는 곳",이투데이=기정아 기자 | 증시·은행·학교 휴무…근무수당·택배·병원·쓰레기 배출은 확인 17일은 광복절... 대출 만기는 연체이자 없이 연장되고 카드대금도 연체료 없이 다음 영업일에 출금된다. 다만 상품이나...,https://www.etoday.co.kr/news/view/2614526,4,0.5231,0,drop,candidate_hybrid_drop_generic_market_or_ipo_noise,4,0.5231,은행,대출,,candidate_hybrid,1,0.65,0.35
