title,summary,url,score,prob,keep,decision,decision_reason,relevance_score,relevance_prob,matched_hard,matched_soft,matched_negative,relevance_model_policy,model_used,candidate_keep_prob,candidate_drop_prob
살인 이자·나체 사진 유포 “우리 아냐”…불법 사채 막는 대부업 순기...,"예를 들면 대부업의 법정 최고금리가 연 20%일 때 누가 얼마나 영향받는지, 또 대부업을 이용하는 취약계층이 얼마나 되는지, 저소득층의 평균대출액 등 세밀한 데이터가 적다. 엄연히 금융기관의 역할을 하고 있지만...",https://www.mk.co.kr/article/12090495,11,0.5933,1,keep,candidate_hybrid_keep_strong_domain_rule_anchor,11,0.5933,대부업;최고금리,,,candidate_hybrid,1,0.65,0.35
대부업체 4곳 중 1곳 ‘공유오피스’…불법사금융 통로로 악용,"불법사금융업자가 대부업 등록증을 사거나 넘겨받아 합법 업체로 위장한 뒤 고객을 모집하고, 법정 최고금리인 연 20%를 넘는 이자를 받는 식이다. 금융당국과 지자체가 현장 점검에 나선 결과, 공유오피스를 사업장으로...",https://www.hani.co.kr/arti/economy/finance/1266742.html,17,0.6759,1,keep,candidate_hybrid_keep_strong_domain_rule_anchor,17,0.6759,대부업;최고금리;불법사금융,,,candidate_hybrid,1,0.65,0.35
"대부업체 4곳 중 1곳 공유오피스 영업…금융위, 등록 요건 강화","불법사금융업자는 이런 사각지대를 노려 대부업 등록증을 구매하거나 양도받아, 합법 업체로 위장해 고객을 모집하고 법정 최고금리(연 20%)를 초과하는 고리대금을 수취하는 등 불법 거래를 이어갔다. 실제로 담당...",https://biz.chosun.com/stock/finance/2026/07/05/JIXKQQQP7ZCKLJODSKGK2RWK6M/?utm_source=naver&utm_medium=original&utm_campaign=biz,23,0.6833,1,keep,candidate_hybrid_keep_strong_domain_rule_anchor,23,0.6833,금융위;대부업;최고금리;불법사금융,,,candidate_hybrid,1,0.65,0.35
휴대전화 개통 '본인확인' 절차 강화…신분증만으론 안 된다,타인 명의로 개통된 휴대전화는 대포폰 유통이나 보이스피싱 등 범죄에 악용될 가능성이 크다. 휴대전화는... 정부는 통신 개통 과정의 신뢰성을 높이고 명의도용 피해를 줄이기 위한 후속 조치를 이어간다는 계획이다.,https://www.pointdaily.co.kr/news/articleView.html?idxno=310745,6,0.7688,1,keep,candidate_hybrid_model_keep_prob_ge_threshold_with_domain_anchor,6,0.7688,보이스피싱,,,candidate_hybrid,1,0.65,0.35
휴대폰 개통하러 간다면 ‘이것’ 챙기세요… 신분증만 들고 가면 ‘퇴...,정부는 개통 과정에서 본인확인 수준을 높이면 대포폰 유통과 보이스피싱 피해를 줄이는 효과가 있을 것으로 보고 있다. 안면인증 대신 다른 수단도 가능 안면인증은 한때 의무 도입이 검토됐지만 개인정보 보호 논란이...,https://www.wikitree.co.kr/articles/1144863,6,0.7118,1,keep,candidate_hybrid_model_keep_prob_ge_threshold_with_domain_anchor,6,0.7118,보이스피싱,,,candidate_hybrid,1,0.65,0.35
"휴대전화 개통, 오늘부터 신분증만으로는 못 한다","지난해 대포폰 적발은 2만건, 보이스피싱 피해액은 1조3000억원에 달했다. 과기정통부는 지난해 12월부터 지난달까지 시범 운영을 거쳤으며, 안면 정보는 대조 즉시 파기해 원본을 저장하지 않는다고 설명했다. 제도는...",https://www.chosun.com/economy/tech_it/2026/07/06/3SK4VINF7BBAFD3LOM3IRG6MII/?utm_source=naver&utm_medium=referral&utm_campaign=naver-news,6,0.7681,1,keep,candidate_hybrid_model_keep_prob_ge_threshold_with_domain_anchor,6,0.7681,보이스피싱,,,candidate_hybrid,1,0.65,0.35
신분증만으론 이제 '퇴짜'…휴대폰 개통도 '얼굴 확인',"타인 명의로 개통된 휴대전화는 대포폰 유통이나 보이스피싱 등 각종 범죄에 악용되는 사례가 적지 않은 만큼, 개통 단계부터 본인 확인을 강화해 피해를 줄이겠다는 취지입니다. 다만 제도 시행 초기에는 이용자들의...",https://biz.sbs.co.kr/article_hub/20000320758?division=NAVER,6,0.7373,1,keep,candidate_hybrid_model_keep_prob_ge_threshold_with_domain_anchor,6,0.7373,보이스피싱,,,candidate_hybrid,1,0.65,0.35
신분증만으론 이제 '퇴짜'…휴대폰 개통 절차 확 바뀐다,타인 명의로 개통된 휴대전화는 대포폰 유통이나 보이스피싱 등 범죄에 악용될 가능성이 크기 때문이다.... 정부는 통신 개통 과정의 신뢰성을 높이고 명의도용 피해를 줄이기 위한 후속 조치를 이어간다는 계획이다.,https://www.hankyung.com/article/2026070667217,6,0.7325,1,keep,candidate_hybrid_model_keep_prob_ge_threshold_with_domain_anchor,6,0.7325,보이스피싱,,,candidate_hybrid,1,0.65,0.35
[연합뉴스 이 시각 헤드라인] - 07:30,"명의도용을 통한 불법 개통과 대포폰 유통, 보이스피싱 범죄를 막기 위한 조치로, 앞으로 가입자는... 인명 피해가 발생한 가운데 생계를 잃은 일부 주민들이 붕괴한 건물 잔해를 뒤져 구리와 알루미늄 등...",https://www.yna.co.kr/view/AKR20260706009100011?input=1195m,6,0.6218,1,keep,candidate_hybrid_gray_keep_domain_score_ge_threshold,6,0.6218,보이스피싱,,,candidate_hybrid,1,0.65,0.35
"배재고, 오늘 광주일고 찾아 사과…교육부 ""혐오놀이 대책 마련""[오늘아...","찾아 피해 학생들에게 직접 사과합니다. 배재고 야구부, 오늘 광주일고 찾아 사과 광주제일고등학교와의... 명의도용을 통한 불법 개통과 '대포폰' 유통, 보이스피싱 범죄를 막기 위한 조치입니다. 과학기술정보통신부에...",https://www.nocutnews.co.kr/news/6543261?utm_source=naver&utm_medium=article&utm_campaign=20260706073643,6,0.6784,1,keep,candidate_hybrid_model_keep_prob_ge_threshold_with_domain_anchor,6,0.6784,보이스피싱,,,candidate_hybrid,1,0.65,0.35
"삼천포농협, 금융사기 예방·디지털 역량강화 교육 실시",이번 교육은 보이스피싱과 큐싱 등 신종 금융사기 유형을 알리고 피해 예방 방법을 안내하기 위해 마련됐다. 참석자들은 금융사기 사례와 대처 요령을 듣고 일상에서 자주 사용하는 스마트폰 기능과 안전한 사용 방법을...,https://www.aflnews.co.kr/news/articleView.html?idxno=323773,6,0.7483,1,keep,candidate_hybrid_model_keep_prob_ge_threshold_with_domain_anchor,6,0.7483,보이스피싱,,,candidate_hybrid,1,0.65,0.35
[금융家] 우리은행 ④ㅣ 조직개편·ESG 확대…개인정보 유출 사안도 '이...,우리은행은 보이스피싱이나 스미싱 등 2차 피해를 막기 위해 고객들에게 출처가 불분명한 전화번호나 문자메시지 내 URL 링크 클릭을 주의해 달라고 당부했다. 추가로 이상금융거래탐지시스템(FDS)을 적용해 사고...,https://www.cbci.co.kr/news/articleView.html?idxno=586702,7,0.6816,1,keep,candidate_hybrid_model_keep_prob_ge_threshold_with_domain_anchor,7,0.6816,보이스피싱,금융,,candidate_hybrid,1,0.65,0.35
"천안 직산농협, 직원 기지로 보이스피싱 피해 막아",충남 천안 직산농협(조합장 민병억)의 이새벽 계장이 예리한 관찰력으로 60대 고객의 자산을 보이스피싱 범죄로부터 지켜낸 공을 인정받아 6월30일 천안서북경찰서로부터 감사장을 받았다(사진). 그는 고객 A씨가 요청한...,https://www.nongmin.com/article/20260703500687,6,0.7613,1,keep,candidate_hybrid_model_keep_prob_ge_threshold_with_domain_anchor,6,0.7613,보이스피싱,,,candidate_hybrid,1,0.65,0.35
"경주署, 보이스피싱 피해 막은 은행 직원에 감사장",경북 경주경찰서가 기지를 발휘해 보이스피싱 피해를 사전에 막은 은행 직원에게 감사장을 전달했다. 보이스피싱 예방 기여 농협 직원에 감사장 수여 경주경찰서는 보이스피싱 피해를 예방한 경주농협 황성지점...,https://www.gukjenews.com/news/articleView.html?idxno=3626794,9,0.9014,1,keep,candidate_hybrid_keep_strong_domain_rule_anchor,9,0.9014,은행;보이스피싱,,,candidate_hybrid,1,0.65,0.35
"고액 사기 인출 직전 막았다... 창원중부서, 은행원 2명 포상",보이스피싱 범죄로 거액의 현금을 잃을 뻔한 시민들이 은행 직원들의 신속한 대처로 피해를 면했다. 창원중부경찰서는 보이스피싱 범죄 예방에 기여한 공로로 지역 은행 직원 2명에게 감사장과 신고포상금을...,http://www.gnmaeil.com/news/articleView.html?idxno=590037,9,0.8893,1,keep,candidate_hybrid_keep_strong_domain_rule_anchor,9,0.8893,은행;보이스피싱,,,candidate_hybrid,1,0.65,0.35
"BNK경남은행, 태화강 런셋 페스티벌 성료","보이스피싱 피해 예방 홍보 부스에서는 시민을 대상으로 OX 퀴즈와 현장 상담을 진행하고 금융사기 예방 안내문을 배부했다. 김태한 BNK경남은행장은 ""지역과 함께 호흡하며 시민들의 삶에 즐거움과 행복을 더하는...",https://www.ulsanpress.net/news/articleView.html?idxno=578485,6,0.7916,1,keep,candidate_hybrid_model_keep_prob_ge_threshold_with_domain_anchor,6,0.7916,보이스피싱,,,candidate_hybrid,1,0.65,0.35
"KB·경찰 핫라인, 보이스피싱 퇴치 효과",KB국민은행과 일선 경찰서가 전화금융사기 피해를 막기 위해 구축한 ‘핫라인’이 보이스피싱 차단에 톡톡한 역할을 하고 있다. KB국민은행은 이 같은 협력 체계를 전국으로 확대해나갈 방침이다. KB국민은행은 자사...,https://www.khan.co.kr/article/202607052029005,6,0.799,1,keep,candidate_hybrid_model_keep_prob_ge_threshold_with_domain_anchor,6,0.799,보이스피싱,,,candidate_hybrid,1,0.65,0.35
"청주청원경찰서, 내수농협서 피싱 예방·교통안전 교육",대상으로 보이스피싱·노쇼사기 등 신종 피싱범죄 예방과 교통안전 교육을 실시했다. 이날 경찰은 실제 피해 사례와 예방법을 안내하고 고령층 보행 안전수칙과 교통법규 등을 교육하며 범죄·교통사고 예방을 당부했다....,http://www.dynews.co.kr/news/articleView.html?idxno=856795,6,0.7853,1,keep,candidate_hybrid_model_keep_prob_ge_threshold_with_domain_anchor,6,0.7853,보이스피싱,,,candidate_hybrid,1,0.65,0.35
NH농협밀양시지부·NH손해보험경남총국 '우리농산물 소비 촉진',"농협밀양시지부 직원들은 오리온농협에서 생산한 우리 쌀 가공식품인 '뉴룽지' 를 시민들에게 나눠주며 우리쌀 소비의 중요성을 알리고, 보이스피싱 주요 피해 사례와 예방법 및 보상보험 제도 등을 함께 안내했다.",https://www.idomin.com/news/articleView.html?idxno=2009397,9,0.7307,1,keep,candidate_hybrid_keep_strong_domain_rule_anchor,9,0.7307,손해보험;보이스피싱,,,candidate_hybrid,1,0.65,0.35
창원서부경찰서 피싱사기 피해 예방 유공자에 표창,"특히, 평소 보이스피싱 범죄 수법에 관심을 갖고 침착하게 대응하여 피해를 막았으며, 경찰과 긴밀히 협조해 피의자를 검거하는데 크게 기여했다. 창원서부경찰서는 앞으로도 보이스피싱 예방 활동과 함께 신고 활성화를...",http://www.gndomin.com/news/articleView.html?idxno=480967,6,0.8626,1,keep,candidate_hybrid_model_keep_prob_ge_threshold_with_domain_anchor,6,0.8626,보이스피싱,,,candidate_hybrid,1,0.65,0.35
"신종 스캠, 이제는 '거래 정지'로 신속 차단",이제 시민이 노쇼 사기나 로맨스 스캠 등 신종 스캠 피해를 입었거나 의심되는 상황이라면 112 또는 1394(보이스피싱 통합신고 대응센터)로 즉시 신고하면 된다. 신고가 접수되면 금융회사는 해당 계좌를 즉시 임시 정지해...,http://www.jjn.co.kr/news/articleView.html?idxno=1045336,6,0.6555,1,keep,candidate_hybrid_model_keep_prob_ge_threshold_with_domain_anchor,6,0.6555,보이스피싱,,,candidate_hybrid,1,0.65,0.35
"경주경찰서, 보이스피싱 피해 막은 은행원에 감사장 수여",▲ 보이스피싱 피해를 막은 은행원에 감사장을 수여하고 있는 김정진(우측) 경주경찰서장. 경주서 제공 경주경찰서는 보이스 피싱 사기 피해 예방에 기여한 신한은행 경주농협 황성지점 직원에게 감사장을 수여했다고...,https://www.dkilbo.com/news/articleView.html?idxno=547757,6,0.7322,1,keep,candidate_hybrid_model_keep_prob_ge_threshold_with_domain_anchor,6,0.7322,보이스피싱,,,candidate_hybrid,1,0.65,0.35
[카드레터] 신한카드·하나카드·BC카드 등,"롯데카드가 이상거래탐지시스템에 통신 3사의 'AI 기반 보이스피싱 탐지 솔루션'을 활용해 보이스피싱 피해 예방 체계를 강화했다. 사진=롯데카드 ◆ 롯데카드, 통신 3사와 협업…AI 활용해 보이스피싱 예방 앞장...",http://www.bizwnews.com/news/articleView.html?idxno=139970,6,0.863,1,keep,candidate_hybrid_model_keep_prob_ge_threshold_with_domain_anchor,6,0.863,보이스피싱,,,candidate_hybrid,1,0.65,0.35
"[은행 뉴스브리핑] 진옥동 회장 ""신한의 야성으로 금융 혁신 주도""","행사에 앞서 경남은행은 아이스크림과 음료 등을 무료로 나눠주는 오아시스 부스와 보이스피싱 피해 예방 홍보 부스를 운영했다. 참가 시민들을 대상으로 보이스피싱 피해 예방과 관련한 OX 퀴즈 이벤트, 현장 상담...",https://www.asiatime.co.kr/article/20260705500071,10,0.85,1,keep,candidate_hybrid_keep_strong_domain_rule_anchor,10,0.85,은행;보이스피싱,금융,,candidate_hybrid,1,0.65,0.35
"BNK경남은행, '2026 태화강 런셋 페스티벌' 성황…5000명 시민 참여","BNK경남은행은 시민들에게 아이스크림과 음료를 무료로 제공하는 '오아시스 부스'를 운영했으며, 보이스피싱 피해 예방 홍보 부스를 통해 금융사기 예방 캠페인도 함께 진행했다. 특히 보이스피싱 예방 OX 퀴즈, 현장...",https://www.lcnews.co.kr/news/articleView.html?idxno=204449,6,0.8457,1,keep,candidate_hybrid_model_keep_prob_ge_threshold_with_domain_anchor,6,0.8457,보이스피싱,,,candidate_hybrid,1,0.65,0.35
"우리은행, ‘수탁사 과실’에 고객정보 1만 7551건 유출… 은행권 외주...","결합되면 보이스피싱이나 명의도용 등에 악용될 가능성을 배제할 수는 없다. 우리은행은 출처가 불분명한 전화나 문자메시지 내 URL 클릭 등에 주의를 당부하고, 피해가 발생하면 신속히 확인해 보상하겠다는 입장이다....",https://www.seoul.co.kr/news/economy/2026/07/05/20260705500051?wlog_tag3=naver,10,0.7177,1,keep,candidate_hybrid_keep_strong_domain_rule_anchor,10,0.7177,은행권;보이스피싱,,,candidate_hybrid,1,0.65,0.35
"대구지법, 보이스피싱 현금수거책 50대 징역형","이 남성은 지난해 4월과 5월, 보이스피싱 조직의 현금수거책으로 활동하며 피해자 3명에게서 8천여만 원을 가로챈 등의 혐의로 재판에 넘겨졌습니다. 재판부는 피고인이 형사처벌 전력이 없는 초범인 점 등을...",https://www.tbc.co.kr/news/view?pno=20260703145118AE01878&id=208037,6,0.8433,1,keep,candidate_hybrid_model_keep_prob_ge_threshold_with_domain_anchor,6,0.8433,보이스피싱,,,candidate_hybrid,1,0.65,0.35
'은행 창구서 피싱범 잡는다'… 충주경찰·금융권 뭉쳤다,"간담회에서는 최근 발생한 실제 피해 사례와 신종 범죄 수법을 공유하고 금융기관 창구에서 즉각 활용할 수 있는 피해 예방 지침을 교육했다. 이어 자유토론을 통해 보이스피싱 의심 거래 시 대응 절차, 협력방안, 현장의...",https://www.ccdn.co.kr/news/articleView.html?idxno=1086524,9,0.8193,1,keep,candidate_hybrid_keep_strong_domain_rule_anchor,9,0.8193,은행;보이스피싱,,,candidate_hybrid,1,0.65,0.35
[데스크칼럼] 제자리에서 다한 책임이 지킨 1억원,하지만 이번 보이스피싱 피해 예방 사례는 단순히 거액의 재산을 보호한 사건이 아니다. 우리 사회가 각자의 자리에서 맡은 역할을 충실히 수행할 때 얼마나 안전해질 수 있는지를 보여준 상징적인 사례다. 최근 충북...,https://www.ccdn.co.kr/news/articleView.html?idxno=1086622,6,0.7784,1,keep,candidate_hybrid_model_keep_prob_ge_threshold_with_domain_anchor,6,0.7784,보이스피싱,,,candidate_hybrid,1,0.65,0.35
충주경찰서 금융기관 협력 간담회 개최,"창구에서 활용할 수 있는 피해 예방 요령을 교육했다. 이어 경찰-금융기관간 자유토론을 통해 보이스피싱 대응 절차와 피해 예방을 위한 협력방안, 현장의 애로사항 등을 공유하며 피싱범죄 통합대응체계를 구축했다. /충주",http://www.cctimes.kr/news/articleView.html?idxno=914956,6,0.7804,1,keep,candidate_hybrid_model_keep_prob_ge_threshold_with_domain_anchor,6,0.7804,보이스피싱,,,candidate_hybrid,1,0.65,0.35
경주경찰서·금융권 공조 빛났다...보이스피싱 피해 1700만원 차단,경주지역 금융기관 직원의 신속한 대응으로 보이스피싱 피해가 사전에 차단됐다. 경찰과 은행의 공조를 통해 피해 예정 금액 1700만원이 안전하게 보호됐다. 경주경찰서는 보이스피싱 범죄 예방에 기여한 경주농협...,https://www.hidomin.com/news/articleView.html?idxno=711979,6,0.8624,1,keep,candidate_hybrid_model_keep_prob_ge_threshold_with_domain_anchor,6,0.8624,보이스피싱,,,candidate_hybrid,1,0.65,0.35
"청주 내수농협, 청주청원경찰서와 보이스피싱 예방교육 실시","최근 증가하는 보이스피싱과 각종 금융사기 수법, 피해 예방법 등을 알기 쉽게 안내해 참석자들의 큰 호응을 얻었다. 윤치원 서장은 ""이번 교육이 금융사기 피해를 예방하고 소중한 자산을 안전하게 지키는 데 도움이 되는...",https://www.inews365.com/news/article.html?no=926248,6,0.7502,1,keep,candidate_hybrid_model_keep_prob_ge_threshold_with_domain_anchor,6,0.7502,보이스피싱,,,candidate_hybrid,1,0.65,0.35
"농협 칠곡군지부, 왜관농협 신규조합원 농심천심 운동, 보이스피싱 예방...",이어 곽민정 왜관농협 차장은 최근 고령층과 농촌지역을 중심으로 지능화되고 있는 보이스피싱과 스미싱 등 최신 금융사기 수법과 피해사례와 대응 방법을 교육하며 금융사기 예방의 중요성을 강조했다. 이어 곽민정...,https://www.hidomin.com/news/articleView.html?idxno=711950,6,0.807,1,keep,candidate_hybrid_model_keep_prob_ge_threshold_with_domain_anchor,6,0.807,보이스피싱,,,candidate_hybrid,1,0.65,0.35
"전남농협, 전기통신금융사기 예방·양파 소비촉진 캠페인","농협전남본부는 최근 증가하고 있는 전기통신금융사기 피해를 예방하고 전남 양파 소비 활성화를 위해 이달... 시민들에게 보이스피싱, 스미싱 등 전기통신금융사기 예방 수칙을 안내하고 홍보 전단을 배부했다....",http://www.jndn.com/article.php?aid=1783229668435441098,6,0.7314,1,keep,candidate_hybrid_model_keep_prob_ge_threshold_with_domain_anchor,6,0.7314,보이스피싱,,,candidate_hybrid,1,0.65,0.35
"롯데카드, AI 활용해 보이스피싱 예방 앞장…통신3사와 협업","롯데카드가 국내 카드사 중 처음으로 SK텔레콤, KT, LG유플러스 등 통신3사의 솔루션을 활용해 보이스피싱 피해 예방 체계 강화에 나섰다. 롯데카드는 이상거래탐지시스템(FDS)에 통신3사의 'AI(인공지능) 기반...",https://www.newsis.com/view/NISX20260705_0003696150,9,0.8479,1,keep,candidate_hybrid_keep_strong_domain_rule_anchor,9,0.8479,카드사;보이스피싱,,,candidate_hybrid,1,0.65,0.35
"BNK경남은행, 태화강 런셋 페스티벌 성료…5000명 참여","BNK경남은행은 행사 현장에서 무료 음료를 제공하는 오아시스 부스를 운영하는 한편, 최근 사회적 문제가 되고 있는 금융사기 대응을 위해 '보이스피싱 피해 예방 홍보 부스'를 전면에 배치했다. 현장을 찾은 시민들을...",http://www.srtimes.kr/news/articleView.html?idxno=206762,6,0.7325,1,keep,candidate_hybrid_model_keep_prob_ge_threshold_with_domain_anchor,6,0.7325,보이스피싱,,,candidate_hybrid,1,0.65,0.35
"[금융권 이모저모]우리은행, 토스플레이스와 소상공인 결제 환경 개선 ...","지난 4일 울산 태화강 일대에서 열린 '2026 태화강 런셋 페스티벌'에서 시민들이 보이스피싱 피해 예방 부스와 걷기 행사 등에 참여하고 있다. / 사진=BNK경남은행 ◇BNK경남은행, '2026 태화강 런셋 페스티벌' 개최...",https://www.businessplus.kr/news/articleView.html?idxno=113728,6,0.7081,1,keep,candidate_hybrid_model_keep_prob_ge_threshold_with_domain_anchor,6,0.7081,보이스피싱,,,candidate_hybrid,1,0.65,0.35
"예천경찰서, 금융기관과 보이스피싱 예방 총력전 “군민 재산 지킨다”",예천경찰서는 보이스피싱은 범죄가 발생한 뒤에는 피해금 회수가 쉽지 않은 만큼 무엇보다 예방이 중요하다고 강조했다. 예천경찰서 관계자는 “보이스피싱은 한순간의 방심으로 평생 모은 재산을 잃을 수 있는 중대한...,https://www.kbmaeil.com/article/20260705500227,6,0.7163,1,keep,candidate_hybrid_model_keep_prob_ge_threshold_with_domain_anchor,6,0.7163,보이스피싱,,,candidate_hybrid,1,0.65,0.35
"[위클리 생활금융] 금융 AI 경쟁, 카드·보험업계 실무 도구로 자리 잡나",롯데카드는 지난해 7월부터 올해 5월까지 해당 시스템을 통해 약 3억2000만원 규모의 보이스피싱 피해를 예방했다고 밝혔다. 이처럼 AI는 고객 편의 향상을 넘어 금융사기 차단과 손실 예방에도 활용 범위를 넓히고 있다....,http://www.the-biz.co.kr/news/articleView.html?idxno=723791,10,0.6548,1,keep,candidate_hybrid_keep_strong_domain_rule_anchor,10,0.6548,보험업계;보이스피싱,금융,,candidate_hybrid,1,0.65,0.35
"농협 칠곡군지부, 보이스피싱 예방 교육",이날 교육은 농협 성장의 든든한 버팀목이 될 신규조합원들에게 농업의 가치를 전달하고 최근 급증하고 있는 금융사기 피해를 예방해 조합원의 자산을 보호하기 위해 마련됐다.,https://www.kbsm.net/news/view.php?idx=525533,6,0.7458,1,keep,candidate_hybrid_model_keep_prob_ge_threshold_with_domain_anchor,6,0.7458,보이스피싱,,,candidate_hybrid,1,0.65,0.35
"고액 현금 인출 수상히 여긴 은행원, 보이스피싱 막았다",경주경찰서는 보이스피싱 피해 예방에 기여한 신한은행 경주농협 황성지점 직원 A씨에게 감사장을 수여했다. A씨는 지난 6월 30일 오전 11시39분께 은행을 찾은 고객이 고액의 현금을 인출하려 하자 이를 수상하게 여기고...,https://www.kbmaeil.com/article/20260705500143,6,0.732,1,keep,candidate_hybrid_model_keep_prob_ge_threshold_with_domain_anchor,6,0.732,보이스피싱,,,candidate_hybrid,1,0.65,0.35
"[금융 이모저모] BNK경남은행, ubc울산방송과 '2026 태화강 런셋 페스티...",본격적인 행사에 앞서 BNK경남은행은 아이스크림과 음료 등을 무료로 나눠주는 오아시스 부스와 보이스피싱 피해 예방 홍보 부스를 운영했다. 특히 참가 시민들을 대상으로 보이스피싱 피해 예방과 관련한 OX 퀴즈...,http://www.worktoday.co.kr/news/articleView.html?idxno=86404,7,0.8264,1,keep,candidate_hybrid_model_keep_prob_ge_threshold_with_domain_anchor,7,0.8264,보이스피싱,금융,,candidate_hybrid,1,0.65,0.35
"""상생 금융, 태화강 물들이다""…경남은행, ‘런셋 페스티벌’","경남은행은 최근 기승을 부리는 금융범죄로부터 지역민을 보호하기 위해 '보이스피싱 피해 예방 홍보 부스'를 운영했다. 참가자들은 OX 퀴즈, 1대1 현장 상담 등을 통해 실생활에 필요한 금융 안전 지식을 얻었다....",https://www.dt.co.kr/article/12071106?ref=naver,7,0.6282,1,keep,candidate_hybrid_gray_keep_domain_score_ge_threshold,7,0.6282,보이스피싱,금융,,candidate_hybrid,1,0.65,0.35
2억 보이스피싱 가담에도 실형 면한 50대女…“5만원 알바인 줄”,"A씨는 지난해 3월부터 6월까지 보이스피싱 조직의 지시에 따라 피해자 3명에게서 총 2억500만원을 받아 조직 계좌로 송금한 혐의로 기소됐다. 해당 조직은 검찰과 금융기관을 사칭해 피해자들을 속였고, A씨는 성명불상...",https://www.kyeonggi.com/article/20260705580041,6,0.7993,1,keep,candidate_hybrid_model_keep_prob_ge_threshold_with_domain_anchor,6,0.7993,보이스피싱,,,candidate_hybrid,1,0.65,0.35
"BNK경남은행, '2026 태화강 런셋 페스티벌' 개최…시민 5000여명 참여","BNK경남은행은 아이스크림과 음료를 무료로 제공하는 오아시스 부스와 보이스피싱 피해 예방 홍보 부스를 운영했다. 보이스피싱 예방 홍보 부스에서는 시민들을 대상으로 OX 퀴즈 이벤트와 현장 상담, 리플릿 배부...",https://www.ziksir.com/news/articleView.html?idxno=139086,6,0.8185,1,keep,candidate_hybrid_model_keep_prob_ge_threshold_with_domain_anchor,6,0.8185,보이스피싱,,,candidate_hybrid,1,0.65,0.35
"법 강화에도 여전한 '불법사금융'… 금소연 ""자기권리 찾아야""","모바일 금융 이용이 익숙한 젊은 층을 겨냥한 보이스피싱과 불법 대출이 결합된 범죄도 증가하면서 금융 취약계층 보호 필요성도 커지고 있다. ""불법사금융 피해, 구제 사실상 어려워"" 강형구 금융소비자연맹 부회장은...",http://www.economytalk.kr/news/articleView.html?idxno=422433,15,0.6172,1,keep,candidate_hybrid_keep_strong_domain_rule_anchor,15,0.6172,불법사금융;보이스피싱,금융,,candidate_hybrid,1,0.65,0.35
PF 부실 털기 속도낸다…금융사 면책특례 연장 또 연장,6일 금융권에 따르면 금융감독원은 최근 '영업구역 내 의무여신비율 규제 관련 비조치의견서'를 통해 관련... 그러나 최근까지도 저축은행들은 연체율 관리와 건전성 개선을 위해 부실채권 상각·매각을 확대하면서...,https://news.einfomax.co.kr/news/articleView.html?idxno=4423435,26,0.8176,1,keep,candidate_hybrid_keep_strong_domain_rule_anchor,26,0.8176,금융감독원;저축은행;부실채권;연체율;pf,부실;건전성,,candidate_hybrid,1,0.65,0.35
20년 노포도 백기 들었다… 1100조 빚더미에 짓눌린 자영업 ‘시한폭탄...,연체율은 10년 만에 처음으로 2%대로 올라섰다. 영세 자영업자들의 기초 체력이 이미 바닥났다는 증거다.... 한은은 전체 금융권 대출의 28.5%가 자영업자에게 쏠려 있다고 진단했다. 자영업 부실이 금융시스템 전체의...,https://www.dt.co.kr/article/12071263?ref=naver,0,0.58,0,drop,candidate_hybrid_gray_drop_score_lt_threshold,0,0.58,,,,candidate_hybrid,1,0.65,0.35
"장사 잘되던 곳도 폐업, 자영업자 연체율 10년만에 최고","지난 1분기 말 자영업자 금융권 대출 잔액이 1천100조 원에 육박해 역대 최대 규모에 달했습니다. 자영업자 대출 연체액도 22조 3천억 원으로 사상 최대였고, 연체율 역시 2%대로 올라 10년여 만에 최고였습니다. 특히 영세...",https://biz.sbs.co.kr/article_hub/20000320770?division=NAVER,5,0.6178,0,drop,candidate_hybrid_gray_drop_score_lt_threshold,5,0.6178,연체율,대출,,candidate_hybrid,1,0.65,0.35
"부동산PF 등 부동산업 한계기업 비중 20% 차지…""금융권, 건설·부동산업...","저축은행과 여전사, 상호금융 등 2금융권이 취급하는 토지담보대출 연체율도 31.88%로 2.20%p 높아지며 연체율 30% 이상을 기록했다. 금리 상승 기조가 강해지며 이자상환 부담이 늘어난 부동산PF 사업장의 연체가...",https://www.dnews.co.kr/uhtml/view.jsp?idxno=202607050101483190923,22,0.7105,1,keep,candidate_hybrid_keep_strong_domain_rule_anchor,22,0.7105,저축은행;상호금융;연체율;pf;부동산pf,금리,,candidate_hybrid,1,0.65,0.35
가계대출 옥죄다 기업대출 터질라…연쇄 부실 부추기는 규제 잔혹사,6일 금융권 등에 따르면 금융당국의 강도 높은 가계대출 억제 기조로 시중은행들의 여신 포트폴리오가 기업... 주택시장 침체가 발생하면 가계대출보다 기업대출 연체율이 더 커질 수 있단 분석이다. 한은 경제연구원에...,https://www.dailian.co.kr/news/view/1663204/?sc=Naver,11,0.6145,1,keep,candidate_hybrid_keep_strong_domain_rule_anchor,11,0.6145,한은;시중은행,부실,,candidate_hybrid,1,0.65,0.35
카카오는 ‘종합 선두’·토스는 ‘잔액 1위’…인뱅 포용금융 성적표는...,금융권에 따르면 올해 1분기 케이뱅크·카카오뱅크·토스뱅크 등 인터넷전문은행 3사는 모두 금융당국이... 중저신용자 대출은 일반적으로 연체율과 부실 위험이 상대적으로 높기 때문이다. 특히 경기 둔화 국면에서는...,https://economist.co.kr/article/view/ecn202606300029,2,0.5986,0,drop,candidate_hybrid_gray_drop_score_lt_threshold,2,0.5986,,부실,,candidate_hybrid,1,0.65,0.35
'보은옥천영동축협 조합원 한마음대회' 성료,"또한 전국 금융권이 높은 연체율로 경영에 큰 어려움을 겪는 가운데 보은옥천영동축협은 미리 철저한 신용사업 리스크 관리를 통해 연체율 0%대를 유지하며 2년 연속 농협인증 클린뱅크 '금' 등급을 달성, 주위의...",https://www.aflnews.co.kr/news/articleView.html?idxno=323745,4,0.5919,0,drop,candidate_hybrid_gray_drop_score_lt_threshold,4,0.5919,연체율,,,candidate_hybrid,1,0.65,0.35
서비스업 살아났는데 외식만 제자리…‘3고’에 소비심리 회복 시험대,"지난 1분기 말 자영업자의 금융권 대출 잔액은 1100조원에 육박하며 역대 최대를 기록했고, 연체액은 22조3000억원으로 사상 최고 수준을 나타냈다. 연체율도 2%대로 올라 약 10년 만에 가장 높은 수준을 기록했다....",https://biz.heraldcorp.com/article/10798611?ref=naver,1,0.5576,0,drop,candidate_hybrid_gray_drop_score_lt_threshold,1,0.5576,,대출,,candidate_hybrid,1,0.65,0.35
서비스업 4% 늘때 숙박음식 제자리…'3고'에 소비심리 회복 관건,"지난 1분기 말 자영업자 금융권 대출 잔액이 1천100조원에 육박해 역대 최대 규모에 달했다. 자영업자 대출 연체액도 22조3천억원으로 사상 최대였고, 연체율 역시 2%대로 올라 10년여 만에 최고였다. 특히 영세 저소득...",https://www.yna.co.kr/view/AKR20260705027400002?input=1195m,5,0.6029,0,drop,candidate_hybrid_gray_drop_score_lt_threshold,5,0.6029,연체율,대출,,candidate_hybrid,1,0.65,0.35
[생생확대경]시장 아닌 정책이 결정하는 '금리'의 위험성,특히 2금융권은 지난해 말부터 연체율이 크게 오르고 있어 부실이 가중될 수 있다는 지적이다. 금융시장의 핵심 원칙은 돈을 못 갚을 확률(리스크)이 높을수록 금리를 더 높게 받는 것이다. 포용금융이라는 ‘선의’가...,https://www.edaily.co.kr/news/newspath.asp?newsid=01495686645511896,1,0.6054,0,drop,candidate_hybrid_drop_generic_market_or_ipo_noise,1,0.6054,,금리,,candidate_hybrid,1,0.65,0.35
[사설]'내수부진에 빚잔치만' 파산·폐업 급증,1분기말 자영업자 금융권 대출잔액과 연체액도 각각 1095조원과 22조3000억원에 달해 모두 사상 최대치다.... 신용도와 소득이 낮은 이들이 주로 찾는 저축은행의 개인 사업자 대출 연체율은 12.79%로 저축은행 사태 당시인...,https://www.mt.co.kr/opinion/2026/07/06/2026070515432179924,5,0.6059,0,drop,candidate_hybrid_gray_drop_score_lt_threshold,5,0.6059,저축은행,대출,,candidate_hybrid,1,0.65,0.35
"[사설] 파산 수순 홈플러스, 거시경제 충격 안 돼야",내수 경기의 한 바로미터인 자영업자의 금융권 대출잔액은 1100조원으로 사상 최대다. 연체율도 2%를 넘어 10년 만에 최고치를 기록했다. 초호황과 'N% 성과급'은 반도체 등 일부 수출 대기업의 이야기일 뿐이다. 내수...,https://www.asiatoday.co.kr/kn/view.php?key=20260705010001596,0,0.3822,0,drop,candidate_hybrid_gray_drop_score_lt_threshold,0,0.3822,,,,candidate_hybrid,1,0.65,0.35
"문창환 IBK캐피탈 대표, 금융수익·평가손익 하락에 순익 소폭 감소…유...","5일 금융권에 따르면, IBK캐피탈 1분기 순익은 460억원으로 전년동기대비 12.2% 감소했다. 투자수익 증가가... 리스크 관리로 연체율은 안정적으로 유지하고 있다. 1개월 기준 연체율은 0.59%로 작년 1분기 0.52%와 비슷한...",https://www.fntimes.com/html/view.php?ud=2026070521385415588a55064dd1_18,0,0.6261,0,drop,candidate_hybrid_gray_drop_score_lt_threshold,0,0.6261,,,,candidate_hybrid,1,0.65,0.35
"""금융권 M&A 재점화…보험·캐피탈 매물에 쏠린 눈""",상승과 연체율 관리 부담에 민감하다. 보험사가 비은행 금융사를 품는다고 해서 곧바로 수익 다변화 효과가 나타나는 것은 아닌 만큼 인수 이후 자본 배분과 리스크 관리 역량이 중요해질 수밖에 없다. 이렇듯 금융권 M&A...,http://www.bizwnews.com/news/articleView.html?idxno=140011,7,0.5817,1,keep,candidate_hybrid_gray_keep_domain_score_ge_threshold,7,0.5817,캐피탈;연체율,,,candidate_hybrid,1,0.65,0.35
부실 딛고 ‘흑자 1위’ 돌아선 김성호 구룡포수협 조합장,김 조합장 취임 당시 구룡포수협은 합병 소문이 돌며 주민들이 정기적금을 중도 해지해 타 금융권으로 돈을... 이 과정에서 취임 당시 두 자릿수였던 연체율이 현재 전국 조합 평균보다 낮은 5% 안팎 수준으로 떨어졌다. 또...,https://www.kbmaeil.com/article/20260705500413,2,0.6232,0,drop,candidate_hybrid_gray_drop_score_lt_threshold,2,0.6232,,부실,,candidate_hybrid,1,0.65,0.35
자영업 부실 눈덩이 … 韓 경제 '뇌관' 급부상 [N-경제포커스],갚을 능력을 상실한 자영업자들이 늘어나며 금융권의 연체율이 상승세를 이어가고 있다. 중소벤처기업부가 최근 발표한 '폐업 사업자 현황 및 실태조사' 결과는 골목상권의 참상을 고스란히 보여준다. 지난해에만 무려...,https://biz.newdaily.co.kr/site/data/html/2026/07/03/2026070300131.html,2,0.6253,0,drop,candidate_hybrid_gray_drop_score_lt_threshold,2,0.6253,,부실,,candidate_hybrid,1,0.65,0.35
다시 뛰는 연체율…카드사 건전성 '경고등',"카드업계 관계자는 ""경기 둔화와 경제 양극화로 자영업자와 취약차주의 상환 부담이 커지면서 금융권 전반적으로 연체율이 상승하는 흐름을 보이고 있다""며 ""카드업권은 중·저신용자와 서민층 비중이 높은 만큼...",https://www.ajunews.com/view/20260705142713431,9,0.6738,1,keep,candidate_hybrid_keep_strong_domain_rule_anchor,9,0.6738,카드사;연체율,건전성,,candidate_hybrid,1,0.65,0.35
저축은행 중금리대출 확대…리스크 관리는 ‘과제’,"5일 금융권에 따르면 KB·OK·SBI·신한·예가람·한국투자저축은행 등 6개 저축은행은 지난달 29일 '중금리... 다만 주 고객이 중·저신용자인 만큼 연체율 등 리스크 관리는 과제로 남았다. 관계자는 ""건당 대출 액수가...",https://www.dt.co.kr/article/12071160?ref=naver,9,0.7691,1,keep,candidate_hybrid_keep_strong_domain_rule_anchor,9,0.7691,저축은행;연체율,대출,,candidate_hybrid,1,0.65,0.35
[상반기 결산] 생보사는 웃었다… 손보 손해율·카드 연체율·저축은행...,"금융권에서는 2금융권의 실적 부담이 하반기까지 이어질 수 있다는 전망이 나온다. 손보사는 보험료 인하 누적과 사고 증가로 손해율 관리가 쉽지 않고, 카드사는 조달비용과 연체율 부담이 동시에 남아 있다. 저축은행...",https://www.g-enews.com/view.php?ud=202607031618032633a6e8311f64_1,10,0.6266,1,keep,candidate_hybrid_keep_strong_domain_rule_anchor,10,0.6266,저축은행;연체율,보험료;실적,,candidate_hybrid,1,0.65,0.35
"[상반기 결산] 은행은 역대급, 2금융은 먹구름…금융권 실적 ‘온도차’","금융권 관계자는 “은행권은 대출 성장과 자본시장 회복 효과로 상반기 실적 방어가 가능할 것으로 보이지만, 2금융권은 손해율과 연체율, PF 부실 정리 부담이 겹치면서 업권별 실적 격차가 더 커질 수 있다”고...",https://www.g-enews.com/view.php?ud=202607031511598780bb91c46fcd_1,12,0.6007,1,keep,candidate_hybrid_keep_strong_domain_rule_anchor,12,0.6007,연체율;pf,대출;부실;실적,,candidate_hybrid,1,0.65,0.35
"BNK캐피탈, PF에 가렸던 '개인신용' 부실...건전성 새 변수로",카드·캐피탈 등 여신전문사의 연체율도 3.98%까지 올라 관련 통계 집계 이후 가장 높은 수준을 보였다. 취약 차주 비중이 높은 2금융권부터 상환 부담이 더 커진 것이다. 손실흡수력도 살펴봐야 한다. BNK캐피탈의...,https://www.startuptoday.co.kr/news/articleView.html?idxno=805595,11,0.6019,1,keep,candidate_hybrid_keep_strong_domain_rule_anchor,11,0.6019,캐피탈;pf,부실;건전성,,candidate_hybrid,1,0.65,0.35
토스·광주銀 '공동대출' 2년 연장… 인뱅·지방銀 연합군 '2차 시험대',"다만 출시 초기 '양적 성장'을 넘어, 향후 누적되는 건전성 위험(연체율 관리)과 실질적인 금리 경쟁력을... 토스뱅크와 광주은행은 2024년 8월 금융권 첫 공동대출 상품인 '함께대출'을 출시했다. 고객이 토스뱅크 앱에서...",https://www.newsway.co.kr/news/view?ud=2026070312404227874,7,0.6355,1,keep,candidate_hybrid_gray_keep_domain_score_ge_threshold,7,0.6355,연체율,금리;건전성,,candidate_hybrid,1,0.65,0.35
"한화생명, 비은행 확장 속도전…기업가치 열쇠는 ‘보험 본업’","5일 금융권에 따르면 한화생명은 애큐온캐피탈 인수를 위한 우선협상대상자로 선정돼 협상을 진행 중이다.... 경기 둔화와 부동산 프로젝트파이낸싱(PF) 부실 우려, 연체율 관리 부담 등 여신업권 특유의 리스크도 남아...",https://www.viva100.com/article/20260704500128,15,0.7556,1,keep,candidate_hybrid_keep_strong_domain_rule_anchor,15,0.7556,연체율;pf;프로젝트파이낸싱,부실,,candidate_hybrid,1,0.65,0.35
"당국, 새마을금고 건전성 특별관리 TF 연장 고심…'상설화'도 거론","5일 금융권에 따르면 행정안전부와 금융위원회는 이달 중 '새마을금고 특별관리 TF'의 연장 여부를 확정할... 이와 동시에 상시로 금고별 연체율과 예수금, 유동성, 부실금고 구조조정 상황 등도 점검해왔다. 새마을금고...",https://news.einfomax.co.kr/news/articleView.html?idxno=4423375,21,0.7265,1,keep,candidate_hybrid_keep_strong_domain_rule_anchor,21,0.7265,금융위원회;금융위;새마을금고;유동성,건전성,,candidate_hybrid,1,0.65,0.35
[Issue+] [지상중계] '농협개혁 어디로 가야 하나' 전문가 토론회,수 차례의 법 개정을 통한 개혁에도 불구하고 농협이 바뀌어야 한다는 개혁 요구가 또다시 제기되고 있다.... 상호금융부문에 남아있는 소이사회제도를 도입한 적도 있다. 경영분리를 위해 경제지주와 금융지주를 필두로...,https://www.aflnews.co.kr/news/articleView.html?idxno=323756,4,0.5701,0,drop,candidate_hybrid_gray_drop_score_lt_threshold,4,0.5701,상호금융,,,candidate_hybrid,1,0.65,0.35
다문화가정·외국인 안정적 정착 위한 업무협약,"이날 협약에 참여한 기관들은 앞으로 상호 긴밀한 협력을 통해 교육·문화 지원, 범죄 예방과 법질서 교육... 맞춤형 금융교육과 농촌인력중개 등 농협만의 차별화된 지원을 지속적으로 확대하겠다""고 밝혔다. 한편...",https://www.aflnews.co.kr/news/articleView.html?idxno=323790,0,0.4345,0,drop,candidate_hybrid_gray_drop_score_lt_threshold,0,0.4345,,,,candidate_hybrid,1,0.65,0.35
[기고] 협동조합 성공을 이끄는 ‘공감의 힘’,하지만 협동조합은 생산·유통·금융 등 주요 경영활동과 조합원 총회에서의 긴밀한 대면 접촉과 상호 교류를... 우리나라 대표적인 협동조합인 농협은 구체적으로 어떠한 종류의 인간관계가 존재하는지 살펴보자....,https://www.nongmin.com/article/20260703500603,1,0.4292,0,drop,candidate_hybrid_gray_drop_score_lt_threshold,1,0.4292,,금융,,candidate_hybrid,1,0.65,0.35
"금소법 불똥 튈라, 새마을금고 '선제 대응'",지난해 8월 김현정 더불어민주당 의원이 금소법 적용대상을 NH농협과 Sh수협·산림조합·새마을금고 등 상호금융 전반으로 확대하는 법안을 발의했지만 국회에 계류돼 있다. 개정안이 통과되지 않았지만 새마을금고는...,https://www.mt.co.kr/finance/2026/07/06/2026070518270424456,8,0.7025,1,keep,candidate_hybrid_keep_strong_domain_rule_anchor,8,0.7025,상호금융;새마을금고,,,candidate_hybrid,1,0.65,0.35
"경북농협, 상호금융대출금 상반기 35조 달성 '쾌거'",경북농협의 상호금융대출금 35조원을 달성하고 지난 3일 기념식을 가졌다. 경북농협이 상호금융대출금 35조원을 달성하고 지난 3일 지역본부 대강당에서 달성탑 기념식을 가졌다. 이번 성과는 어려운 경제 여건 속에서도...,https://www.idaegu.co.kr/news/articleView.html?idxno=552969,4,0.5571,0,drop,candidate_hybrid_gray_drop_score_lt_threshold,4,0.5571,상호금융,,,candidate_hybrid,1,0.65,0.35
"경북농협, 상호금융대출금 35조 원 달성탑 기념식 개최",▲ 경북농협은 상호금융대출금 35조 원 달성탑 기념식을 하고 있는 모습이다.경북농협제공 경북농협은 지난 3일 지역본부 대강당에서 상호금융대출금 35조 원 달성탑 기념식을 개최했다고 밝혔다. 이번 성과는 어려운...,https://www.dkilbo.com/news/articleView.html?idxno=547750,4,0.6318,0,drop,candidate_hybrid_gray_drop_score_lt_threshold,4,0.6318,상호금융,,,candidate_hybrid,1,0.65,0.35
경북농협 상호금융대출 35조 돌파…지역경제 살리는 든든한 금융 버팀목,"경북농협 상호금융은 농가 경영 안정을 위한 영농자금 공급은 물론, 자금 조달에 어려움을 겪는 지역 중소기업과 소상공인을 대상으로 맞춤형 금융지원을 확대하며 지역 실물경제의 버팀목 역할을 수행해 왔다....",https://www.kyongbuk.co.kr/news/articleView.html?idxno=4077365,5,0.5039,0,drop,candidate_hybrid_gray_drop_score_lt_threshold,5,0.5039,상호금융,금융,,candidate_hybrid,1,0.65,0.35
"상호금융도 과징금 50%?… 새마을금고, 금소법 선제대응 완료",지난해 8월 김현정 더불어민주당 의원이 금소법 적용 대상을 농협과 수협·산림조합·새마을금고 등 상호금융 전반으로 확대하는 법안을 발의했지만 국회에서 계류 중이다. 개정안이 통과되진 않았지만 새마을금고는...,https://www.mt.co.kr/finance/2026/07/06/2026070510530326415,11,0.7221,1,keep,candidate_hybrid_keep_strong_domain_rule_anchor,11,0.7221,상호금융;새마을금고;과징금,,,candidate_hybrid,1,0.65,0.35
경북농협 상호금융대출금 35조 원 달성,"경북농협이 상호금융대출금 35조원을 달성하며 지역 대표 금융기관으로서의 위상을 한층 강화했다. 경북농협은 지난 3일 지역본부 대강당에서 ‘상호금융대출금 35조 원 달성탑 기념식’을 열고, 농업인과 지역민...",https://www.kbmaeil.com/article/20260705500379,4,0.6399,0,drop,candidate_hybrid_gray_drop_score_lt_threshold,4,0.6399,상호금융,,,candidate_hybrid,1,0.65,0.35
"경북농협, 상호금융대출금 35조원 달성",경북농협 상호금융대출금이 2026년 상반기 35조원을 넘어섰다.경북농협은 지난 3일 지역본부 대강당에서 상호금융대출금 35조원 달성탑 기념식을 열고 지역 금융기관으로서의 역할 확대 의지를 다졌다.이번 성과는 어려운...,https://www.kbsm.net/news/view.php?idx=525541,4,0.5866,0,drop,candidate_hybrid_gray_drop_score_lt_threshold,4,0.5866,상호금융,,,candidate_hybrid,1,0.65,0.35
금융당국 가계대출 '더 꽉 조인다'…주택 실수요자 '사면초가',"농협과 신협 역시 비조합원 대출을 엄격히 차단해 상호금융도 서민 대상 대출 통로가 막힌 실정이다. 제2금융권 관계자는 ""차라리 풍선효과가 나타났으면 좋겠다는 자조적 농담이 나온다""며 ""대출을 취급하고 싶어도...",https://www.asiatime.co.kr/article/20260701500419,9,0.6257,1,keep,candidate_hybrid_keep_strong_domain_rule_anchor,9,0.6257,상호금융;신협,대출,,candidate_hybrid,1,0.65,0.35
"함양군, 하반기 중소기업·소상공인 육성자금 접수","신청을 원하는 업체는 농협 함양군지부, 경남은행 함양지점, 새마을금고, 산림조합, 신협 등 융자취급 금융기관에서 대출 상담을 받은 뒤 신청서를 제출하면 된다. 상담 시에는 사업자등록증을 지참해야 한다. 군...",https://www.polinews.co.kr/news/articleView.html?idxno=736067,9,0.5593,1,keep,candidate_hybrid_keep_strong_domain_rule_anchor,9,0.5593,새마을금고;신협,대출,,candidate_hybrid,1,0.65,0.35
"함양군, 2026년 하반기 중소기업·소상공인 육성자금 지원","신청은 7월 6일부터 17일까지 농협 함양군지부, 경남은행 함양지점, 새마을금고, 산림조합, 신협 등 융자취급 금융기관에서 사업자등록증을 지참해 대출 상담을 받은 뒤 신청서를 제출하면 된다. 군 관계자는 ""이번...",http://www.gndomin.com/news/articleView.html?idxno=480923,9,0.5515,1,keep,candidate_hybrid_keep_strong_domain_rule_anchor,9,0.5515,새마을금고;신협,대출,,candidate_hybrid,1,0.65,0.35
"[남도일보가 만난 사람]서삼석 농해수위원장 ""농어업, 국민 생명·국가...","특히 농협은 농업인의 생산과 유통, 판매, 금융을 책임지는 핵심 협동조합인 만큼 경제사업을 활성화하고... 전남은 대한민국 최대의 농수산업 생산기지이자 식량안보를 책임지는 핵심 지역이며, 풍부한 해양·산림 자원을...",https://www.namdonews.com/news/articleView.html?idxno=915868,0,0.5503,0,drop,candidate_hybrid_gray_drop_score_lt_threshold,0,0.5503,,,,candidate_hybrid,1,0.65,0.35
"함양군, 하반기 중소기업·소상공인 육성자금 90억원 지원","신청자는 사업자등록증을 지참해 농협 함양군지부와 경남은행 함양지점, 새마을금고, 산림조합, 신협 등 융자 취급 금융기관에서 대출 상담을 받은 뒤 신청서를 제출하면 된다. 군 관계자는 ""이번 하반기 육성자금...",https://www.shinailbo.co.kr/news/articleView.html?idxno=5037431,9,0.5726,1,keep,candidate_hybrid_keep_strong_domain_rule_anchor,9,0.5726,새마을금고;신협,대출,,candidate_hybrid,1,0.65,0.35
[1mm금융톡]사내대출부터 은행장까지…거침없는 금감원장 발언,큰 논란이 된 대목은 비금융 일반 기업의 사내대출을 총부채원리금상환비율(DSR) 규제에 편입해야 한다는... 만큼 가계부채 관리를 명분으로 비금융 제조사까지 규제 틀에 포함하는 것은 과도하다는 주장이다. 금융권 고위...,https://view.asiae.co.kr/article/2026070316524841635,7,0.6661,1,keep,candidate_hybrid_model_keep_prob_ge_threshold_with_domain_anchor,7,0.6661,dsr;가계부채,,,candidate_hybrid,1,0.65,0.35
"삼성전자, 사내 주택대출 '국민평형' 이하로 제한","사내 대출은 복리후생 목적의 개인 대여 성격으로 분류돼 금융회사 대출과 달리 DSR 산정 대상에서 제외된다. 이 때문에 정부의 가계부채 관리 정책과 엇박자를 낼 수 있다는 지적과 함께, 시중 대출 규제를 우회하는...",http://www.4th.kr/news/articleView.html?idxno=2114249,8,0.5956,0,drop,candidate_hybrid_gray_drop_no_domain_anchor,8,0.5956,dsr;가계부채,대출,,candidate_hybrid,1,0.65,0.35
"[이슈&경제] 집값을 잡는 힘, 규제의 강도보다 정책의 정교함",지난해 6월 출범한 이재명 정부는 부동산 시장의 과열과 가계부채를 잡겠다며 6·27 대책을 시작으로 강도... 총부채원리금상환비율(DSR)을 적용하는 등 금융규제를 강화했다. 과연 부동산 시장은 안정됐을까. 규제를 하면...,https://www.kyeonggi.com/article/20260705580160,7,0.6593,1,keep,candidate_hybrid_model_keep_prob_ge_threshold_with_domain_anchor,7,0.6593,dsr;가계부채,,,candidate_hybrid,1,0.65,0.35
“전세 품귀에 보증금 1억 껑충”…세입자들 아파트 버리고 빌라로 향한...,일어나는 공간적 전이 현상이 본격화된 것”이라고 분석했다. 문제는 하반기다. 정부가 가계부채 관리를 이유로 전세대출 보증 축소 및 DSR 확대 등 추가 규제를 예고하고 있어 서민들의 주거난은 더욱 심화될 전망이다.,https://biz.heraldcorp.com/article/10798237?ref=naver,7,0.6161,0,drop,candidate_hybrid_gray_drop_no_domain_anchor,7,0.6161,dsr;가계부채,,,candidate_hybrid,1,0.65,0.35
“순환매 기대는 착시…결국 다시 반도체로 쏠린다”,김 연구원은 “시총 대비 신용잔고와 예탁금 비율은 모두 최근 수년 내 최저 수준까지 내려왔다”며 “한국은행의 기준금리 인상 기조와 신용대출 규제 등을 감안하면 국내 유동성 환경이 단기간 개선되기는 쉽지...,https://biz.chosun.com/stock/stock_general/2026/07/06/VWBUD3KEKREDTDELTL7RD243NI/?utm_source=naver&utm_medium=original&utm_campaign=biz,11,0.7737,1,keep,candidate_hybrid_keep_strong_domain_rule_anchor,11,0.7737,한국은행;유동성;기준금리,,,candidate_hybrid,1,0.65,0.35
'전쟁발 에너지 충격'에 무너진 금리 정석…유럽·일본 '긴축' 속 미 연...,[CME FedWatch 7월 기준금리 전망 확률 (7월 5일 기준)] 일주일 전만 해도 70.1%였던 동결 확률이 고용 둔화 확인 이후 78.1%까지 치솟았다. 반면 금리 인하 기대감은 완전히 소멸됐다. 한국은행 뉴욕사무소 조사 결과에 따르면...,http://www.wowtv.co.kr/NewsCenter/News/Read?articleId=A202607060016&t=NN,9,0.7255,1,keep,candidate_hybrid_keep_strong_domain_rule_anchor,9,0.7255,한국은행;기준금리,금리,,candidate_hybrid,1,0.65,0.35
인터넷은행 평균금리 내렸지만…저신용자 금리는 8% 육박,한국은행에 따르면 5월 예금은행의 신규취급액 기준 전체 대출금리도 연 4.19%로 전월보다 0.01%포인트 낮아졌다. 반면 신용점수 600점 이하 차주의 평균금리는 연 7.89%로 전월보다 0.29%포인트 상승해 8%에 근접했다....,https://www.straightnews.co.kr/news/articleView.html?idxno=306328,9,0.6615,1,keep,candidate_hybrid_keep_strong_domain_rule_anchor,9,0.6615,한국은행;인터넷은행,,,candidate_hybrid,1,0.65,0.35
"[Invest]""반도체 가격이 금리 결정한다""…한국 채권시장까지 흔드는 AI","이후 한국은행의 추가 긴축 가능성과 장기금리 상승 기대를 자극하는 등 연쇄적 영향이 이어진다는... 반도체 수출 호조가 이어지면서 명목성장률 전망도 높아졌고, 이는 기준금리 기대 수준을 끌어올리는 요인으로...",https://www.investchosun.com/site/data/html_dir/2026/07/03/2026070380106.html,9,0.5446,1,keep,candidate_hybrid_keep_strong_domain_rule_anchor,9,0.5446,한국은행;기준금리,금리,,candidate_hybrid,1,0.65,0.35
"""'K자형 호황'을 경계한다""…기준금리 3.5% 전망에 대한 반론","최근 다수의 이코노미스트들은 한국은행이 올해 두 차례, 내년 상반기까지 추가로 두 차례 기준금리를 인상해 3.5% 수준에 도달할 것으로 전망한다. 반도체를 중심으로 한 성장세 회복과 물가 압력, 여기에 확장적...",https://www.ebn.co.kr/news/articleView.html?idxno=1715136,8,0.7369,1,keep,candidate_hybrid_keep_strong_domain_rule_anchor,8,0.7369,한국은행;기준금리,,,candidate_hybrid,1,0.65,0.35
“증시 때문에 머리가 다 빠지네요”…결국 은행으로 다시 돈 몰린다,"작년까지만 해도 금리 인하 기조가 더 우세하다는 의견이 많았지만, 한국은행이 하반기 기준금리 인상을 예고하면서 시장금리를 먼저 끌어올렸다. 금리 인상은 대출에선 차주들에게 부담을 지우지만, 예·적금 등...",https://www.mk.co.kr/article/12090823,9,0.7278,1,keep,candidate_hybrid_keep_strong_domain_rule_anchor,9,0.7278,한국은행;기준금리,금리,,candidate_hybrid,1,0.65,0.35
"금감원, 투자자들에게 국채 투자 시 예상치 못한 손실 경고","채권 가격은 한국은행 기준금리 자체보다 시장에서 형성되는 금리에 따라 결정된다. 일반적으로는 기준금리 방향과 시장금리 방향이 비슷하게 움직이지만, 경기 전망이나 물가 기대, 자금 수급 같은 요인에 따라 서로...",https://www.tokenpost.kr/news/economy/375216,19,0.7607,1,keep,candidate_hybrid_keep_strong_domain_rule_anchor,19,0.7607,금감원;한국은행;국채;기준금리,채권,,candidate_hybrid,1,0.65,0.35
"[사설] 삼중고(三重高) 고통 지역경제, 선제 위기관리 필요",나아가 한국은행은 커지는 물가 압력에 대응하기 위해 하반기 기준금리 인상을 공식화했다. 자금줄이 막힌 지역 기업들은 시설투자 대신 하루하루 연명하기 위한 운전자금 대출과 비은행권 고금리 대출에 의존하는...,https://www.yeongnam.com/web/view.php?key=20260705020494087,8,0.7283,1,keep,candidate_hybrid_keep_strong_domain_rule_anchor,8,0.7283,한국은행;기준금리,,,candidate_hybrid,1,0.65,0.35
"은행 '주담대 금리'는 8% 향하는데, '예금금리'는 왜 2%대?[금알못]",시중은행의 주담대 5년 고정형 금리는 지난 3일 기준 연 4.65~7.35%로 금리 상단이 7%대 중반에 육박하고... 중심으로 은행에 상당폭 유입됐습니다. 실제 한국은행에 따르면 지난 5월 은행 수신은 전월 대비 48조8000억원 늘어...,https://www.newsis.com/view/NISX20260703_0003695537,13,0.7936,1,keep,candidate_hybrid_keep_strong_domain_rule_anchor,13,0.7936,한국은행;은행;시중은행,금리,,candidate_hybrid,1,0.65,0.35
"금감원 ""채권도 원금 손실 가능""…장기채·중도매도 투자 주의 당부",채권 가격은 한국은행 기준금리가 아니라 시장에서 형성되는 시장금리에 의해 결정된다. 따라서 기준금리 인하가 곧바로 채권 가격 상승으로 이어지지는 않는다. 장외 채권 거래 시에는 민평금리(시장금리)와 실제...,https://www.news1.kr/finance/general-stock/6218049,16,0.6338,1,keep,candidate_hybrid_keep_strong_domain_rule_anchor,16,0.6338,금감원;한국은행;기준금리,채권,,candidate_hybrid,1,0.65,0.35
7월 금융시장 분수령…삼전닉스 실적부터 금통위까지,한국은행은 오는 16일 금융통화위원회를 열고 기준금리를 결정한다. 미국 연방준비제도(Fed·연준)는 현지시간 28~29일 연방공개시장위원회(FOMC)를 개최한다. 시장은 금리 결정 자체보다 향후 정책 기조와 시장에 보낼...,https://www.ziksir.com/news/articleView.html?idxno=139009,19,0.8238,1,keep,candidate_hybrid_keep_overseas_korean_market_impact,19,0.8238,한국은행;연준;fed;기준금리,금리,,candidate_hybrid,1,0.65,0.35
"금리 인상기 내 돈 아끼는 은행 이용법…“예금 짧게, 대출 길게”",한국은행이 오는 16일 금융통화위원회에서 기준금리를 현행 연 2.50%에서 0.25%포인트 올릴 것으로 금융시장에선 내다보고 있다. 이 경우 2024년 10월 이후 진행된 통화 완화 국면이 1년9개월 만에 마무리된다. 중앙은행의...,https://www.hani.co.kr/arti/economy/economy_general/1266829.html,13,0.8291,1,keep,candidate_hybrid_keep_strong_domain_rule_anchor,13,0.8291,한국은행;은행;기준금리,금리;대출,,candidate_hybrid,1,0.65,0.35
“눈덩이 빚 더 못견뎌” 줄파산… 차입경영-체질개선 실패 毒으로,물가와 환율을 억제하기 위해 기준금리 인상 압력도 커지다 보니 시장금리가 일찍이 올랐다. 기준금리가... 한국은행에 따르면 지난달 제조 대기업의 기업심리지수(CBSI)는 104.5로 3월부터 4개월 연속 올랐다. 반면 제조...,https://www.donga.com/news/Economy/article/all/20260706/134240859/2,8,0.7318,1,keep,candidate_hybrid_keep_strong_domain_rule_anchor,8,0.7318,한국은행;기준금리,,,candidate_hybrid,1,0.65,0.35
"[박근종 칼럼] 3년 새 기업회생 신청 2배 급증, 정리할 '한계기업'은 신...",가운데 한국은행은 기준금리 인상을 공식화한 상태다. 한국은행의 기준금리는 현재 연 2.50%다. 지난 5월 28일 금융통화위원회에서는 위원 2명이나 2.75%로 즉시 인상해야 한다는 소수의견을 냈다. 한국은행은 올해...,https://www.mhns.co.kr/news/articleView.html?idxno=752378,8,0.8074,1,keep,candidate_hybrid_keep_strong_domain_rule_anchor,8,0.8074,한국은행;기준금리,,,candidate_hybrid,1,0.65,0.35
韓·美 엇갈린 금리 시계… 원화엔 ‘약’ 가계엔 ‘독’,"미국 연방준비제도(Fed·연준)는 경기 둔화 우려에 금리를 묶어두는 반면 한국은행은 물가와 환율, 수도권 집값을 잡기 위해 기준금리를 올리는 ‘통화정책 디커플링’이 현실화할 수 있다는 전망이 나온다. 5일 미국...",https://www.kmib.co.kr/article/view.asp?arcid=1783239849&code=11151300&cp=nv,22,0.8271,1,keep,candidate_hybrid_keep_overseas_korean_market_impact,22,0.8271,한국은행;연준;fed;환율;기준금리,금리,,candidate_hybrid,1,0.65,0.35
연준 손에 달린 환율… 외국인 증시자금도 변동성 좌우 [고환율 뉴노멀...,"문다운 한국투자증권 수석연구원은 ""연준의 기준금리 인상이 2~3회 지속되는 사이클이 된다면 강달러와 외국인투자자의 국내 주식 매도로 달러 수급이 더 빠듯해질 것""이라고 짚었다. 이민혁 KB국민은행 이코노미스트는...",http://www.fnnews.com/news/202607051805329744,13,0.5994,0,drop,candidate_hybrid_drop_generic_market_or_ipo_noise,13,0.5994,연준;환율;기준금리,주식;달러,,candidate_hybrid,1,0.65,0.35
증시자금 은행 컴백 … 올 총수신 90조 '쑥',"작년까지만 해도 금리 인하 기조가 더 우세하다는 의견이 많았지만, 한국은행이 하반기 기준금리 인상을 예고하면서 시장금리를 먼저 끌어올렸다. 금리 인상은 대출에선 차주들에게 부담을 지우지만, 예·적금 등...",https://www.mk.co.kr/article/12090723,12,0.8006,1,keep,candidate_hybrid_keep_strong_domain_rule_anchor,12,0.8006,한국은행;은행;기준금리,금리,,candidate_hybrid,1,0.65,0.35
새 변수에도 7월 금리인상 수순…기업도 가계도 '이자부담' 눈덩이,실제 한국은행은 올해 실질 국내총생산(GDP) 성장률 전망치를 2.6%로 상향 조정했습니다. 이는 잠재성장률(약 1.8%)을 웃도는 수준이자 2022년 2.7% 이후 4년 만에 가장 높은 수준입니다. 다만 기준금리가 인상될 경우 기업과...,http://www.newstomato.com/ReadNews.aspx?no=1306188&inflow=N,8,0.6402,1,keep,candidate_hybrid_keep_strong_domain_rule_anchor,8,0.6402,한국은행;기준금리,,,candidate_hybrid,1,0.65,0.35
"[안동현의 금융과 경제] 국민연금과 고주가, 고환율, 고금리",주목할 점은 동기간 한국은행의 기준금리는 2.5%로 변화가 없었다는 점이다. 그런데 국고채 시장의 최대 투자자인 국민연금이 국내 채권 비중을 줄이다 보니 세계국채지수(WGBI) 편입에도 불구하고 시장금리가 폭등하는...,https://www.mk.co.kr/article/12090679,10,0.4923,1,keep,candidate_hybrid_keep_strong_domain_rule_anchor,10,0.4923,한국은행;기준금리,채권,,candidate_hybrid,1,0.65,0.35
적자재정과 금리인상의 세번째 충돌; 노무현·문재인 정부 이어 이재명...,여기에 한국은행이 기준금리를 별도로 올리면 이 두 압력이 중첩된다. 민간이 실제로 부담하는 조달 금리는 기준금리 인상분 단독보다 훨씬 크게 오른다. 이것이 구축 효과(Crowding-Out Effect)의 이중...,http://www.ifs.or.kr/bbs/board.php?bo_table=News&wr_id=55861,8,0.6851,1,keep,candidate_hybrid_keep_strong_domain_rule_anchor,8,0.6851,한국은행;기준금리,,,candidate_hybrid,1,0.65,0.35
"새로운 60년을 대비한 Korea Reset 전략 <43, 끝> 에필로그; 산업화-민주...",이 작업은 서두에 “하얀 목련이 피면(한국은행 기준 금리를 내리면) 생각 나는 사람(경제성장)이 있다‘고 언급하였다. 한국은행의 기준금리 인상은 경제성장(경기) 대신에 물가와 환율에 더욱 많은 신경을...,http://www.ifs.or.kr/bbs/board.php?bo_table=News&wr_id=55862,8,0.709,1,keep,candidate_hybrid_keep_strong_domain_rule_anchor,8,0.709,한국은행;기준금리,,,candidate_hybrid,1,0.65,0.35
[강현철의 뉴스 솎아내기] 하반기 한국 경제 ‘5대 리스크’,이에 따라 미국을 비롯한 세계 각국 중앙은행은 물론 한국은행도 저금리 기조에서 벗어나 통화정책의 기조를 기준금리 동결 혹은 인상으로 가닥을 잡아가고 있다. 한은도 신현송 총재가 예고했던 것처럼 오는 16일...,https://www.dt.co.kr/article/12071218?ref=naver,8,0.7,1,keep,candidate_hybrid_keep_strong_domain_rule_anchor,8,0.7,한국은행;기준금리,,,candidate_hybrid,1,0.65,0.35
신규 대출 제한에 '막차' 수요 몰렸나…대출 한도조회·대출 실행 최고...,"여기에 하반기 한국은행의 기준금리 인상으로 대출 여건이 더 악화될 수 있다는 우려도 수요를 자극한 것으로 풀이된다. 업계 관계자는 ""상품 노출이 중단된 이후 2주 동안 한도 조회와 대출 실행 규모가 이전과 큰...",https://www.ajunews.com/view/20260705114942265,9,0.6086,1,keep,candidate_hybrid_keep_strong_domain_rule_anchor,9,0.6086,한국은행;기준금리,대출,,candidate_hybrid,1,0.65,0.35
美 금리인상 기대 꺾여도…한은 이달 인상 유력,미국의 금리 인상 기대가 다소 완화됐지만 한국은행은 이달 기준금리 인상에 무게를 두는 분위기다. 미국은 고용 둔화로 긴축 경계감이 일부 완화된 반면 국내는 고환율과 물가 부담이 이어지면서 7월 기준금리...,https://www.dnews.co.kr/uhtml/view.jsp?idxno=202607051416552820963,14,0.8502,1,keep,candidate_hybrid_keep_strong_domain_rule_anchor,14,0.8502,한국은행;한은;기준금리,금리,,candidate_hybrid,1,0.65,0.35
[그래픽] 5대 은행 주택담보대출 금리 추이,"65~7.35%로, 지난달 초 대비 하단 금리가 1%포인트 이상 올랐다. 금융권은 한국은행의 하반기 기준금리 인상 가능성이 채권시장에 선반영되면서 국고채와 은행채 금리가 상승한 영향으로 분석하고 있다.",https://www.news1.kr/photos/7992651,12,0.8848,1,keep,candidate_hybrid_keep_strong_domain_rule_anchor,12,0.8848,한국은행;은행;기준금리,금리,,candidate_hybrid,1,0.65,0.35
"""운 좋게 막차 탔죠""…보금자리론도 높아진 문턱","현재 5대 은행의 주택담보대출 혼합형 금리 상단은 연 7%를 웃돌고 있고, 한국은행의 추가 기준금리 인상 가능성까지 제기되면서 은행권 대출금리 부담은 더 커질 가능성이 높기 때문이다. 보금자리론 금리도...",https://www.edaily.co.kr/news/newspath.asp?newsid=01695766645511568,17,0.8157,1,keep,candidate_hybrid_keep_strong_domain_rule_anchor,17,0.8157,한국은행;은행권;기준금리;은행권 대출금리,금리,,candidate_hybrid,1,0.65,0.35
주담대·보금자리론 금리 동반 상승…차주 이자부담 커진다,주담대 금리가 상승한 배경에는 한국은행의 기준금리가 상승할 가능성이 커지면서 국고채 금리와 은행채 금리가 상승한 영향이 컸다. 현재 한국은행은 기준금리를 연 2.50%로 유지하고 있다. 시장에서는 이달 16일...,http://www.metroseoul.co.kr/article/20260705500151,9,0.6823,1,keep,candidate_hybrid_keep_strong_domain_rule_anchor,9,0.6823,한국은행;기준금리,금리,,candidate_hybrid,1,0.65,0.35
[채권-주간] 코스피·환율 바라기…24시간 돌아가는 외환시장,채권시장은 본격적인 금리 인상이 시작될 한국은행 금융통화위원회를 열흘 앞두고 시장은 경계모드를... 환율에 금리 일시 '발작'…베어 스티프닝 지난주 국고채 3년물 금리는 민평 기준 한 주 전보다 2.9bp 오른 3.745...,https://news.einfomax.co.kr/news/articleView.html?idxno=4423395,17,0.6726,1,keep,candidate_hybrid_keep_strong_domain_rule_anchor,17,0.6726,한국은행;환율;외환시장,금리;코스피;채권,,candidate_hybrid,1,0.65,0.35
충청권 목돈 저축성예금에 쏠렸다... 투자보단 안전자산에 집중,"실제 정기예금 가중 평균 금리는 1년 3개월 만에 3%대로 올라섰다. 한국은행 금융통계시스템을 보면, 4월... 예금금리 상승세에 당분간 저축성예금엔 자산이 더 몰릴 것으로 전망된다. 기준금리 인상 예견에 따른...",https://www.joongdo.co.kr/web/view.php?key=20260705010001326,8,0.8115,1,keep,candidate_hybrid_keep_strong_domain_rule_anchor,8,0.8115,한국은행;기준금리,,,candidate_hybrid,1,0.65,0.35
"영끌족 이자부담 높아진다···고공행진 주담대 금리, 8%대 위협","한국은행의 기준금리 인상 가능성이 뚜렷해지며 이를 반영한 시장금리 상승세가 요인으로 지목된다. 5일 금융권에 따르면, 5대 시중은행(KB국민·신한·하나·우리·NH농협)의 5년 고정형 주담대 금리(3일 기준)는 연 4....",https://www.todaykorea.co.kr/news/articleView.html?idxno=403437,13,0.8088,1,keep,candidate_hybrid_keep_strong_domain_rule_anchor,13,0.8088,한국은행;시중은행;기준금리,금리,,candidate_hybrid,1,0.65,0.35
"고용 식은 미국, 물가 뜨거운 한국…복잡해진 한은 셈법","이달 16일 기준금리 결정을 앞둔 한은의 셈법이 복잡해졌다. 금리 인상 가능성이 거론됐던 미국은 예상보다 낮은 고용 성적표에 인상 기대감을 낮춘 반면, 한국은 경기 개선에 따른 수요 압력이 유가 하락 효과를...",https://news.bizwatch.co.kr/article/finance/2026/07/03/0020,9,0.7581,1,keep,candidate_hybrid_keep_strong_domain_rule_anchor,9,0.7581,한은;기준금리,금리,,candidate_hybrid,1,0.65,0.35
"美는 멈추고 韓은 올리나…엇갈린 금리 시계, 원화엔 ‘약’ 가계엔 ‘...","미국 연방준비제도(Fed·연준)는 경기 둔화 우려에 금리를 묶어두는 반면 한국은행은 물가와 환율, 수도권 집값을 잡기 위해 기준금리를 올리는 ‘통화정책 디커플링’이 현실화할 수 있다는 전망이다. 5일 미국 노동부에...",https://www.kmib.co.kr/article/view.asp?arcid=0030065195&code=61141111&cp=nv,22,0.8221,1,keep,candidate_hybrid_keep_overseas_korean_market_impact,22,0.8221,한국은행;연준;fed;환율;기준금리,금리,,candidate_hybrid,1,0.65,0.35
"[해외 칼럼] 연준은 정직했지만, 멍청했다","기준금리를 정하고 정책 방향을 시장에 알린다. 워시는 이런 운영 방식 자체를 손보려는 인물로 꼽힌다. 그는 취임 전부터 회의 횟수를 연 8회에서 4회 수준까지 줄이고, 기자회견과 포워드 가이던스를 축소하며, 연준의...",https://economychosun.com/site/data/html_dir/2026/06/29/2026062900034.html,3,0.6665,0,drop,candidate_hybrid_drop_model_keep_without_domain_anchor,3,0.6665,기준금리,,,candidate_hybrid,1,0.65,0.35
"원/달러 환율 ""수출업체 네고에 상단 제한…1520원대 중반 약보합""","김 연구원은 ""뉴욕 금융시장 휴장으로 거래가 한산한 가운데 달러화는 뚜렷한 방향성을 찾지 못하고... 등락했다""며 ""시장은 연내 미국 연방준비제도(Fed·연준)의 기준금리 인상 가능성을 소화하는 모습""이라고 설명했다....",http://www.the-biz.co.kr/news/articleView.html?idxno=723841,21,0.8217,1,keep,candidate_hybrid_keep_overseas_korean_market_impact,21,0.8217,연준;fed;환율;기준금리;원/달러,달러,,candidate_hybrid,1,0.65,0.35
"원·달러 환율, 4.0원 내린 1526.7원 출발 전망",뉴욕 금융시장 휴장으로 시장에 영향을 줄 만한 경제지표 발표도 부재했다. 시장은 연내 연방준비제도(Fed·연준)의 기준금리 인상 가능성을 둘러싼 전망을 소화하며 달러는 보합권에서 등락을 반복했다. 엔화는 일본...,http://www.joseilbo.com/news/news_read.php?uid=571324&class=18&grp=,17,0.8219,0,drop,candidate_hybrid_drop_generic_market_or_ipo_noise,17,0.8219,연준;fed;환율;기준금리,달러,,candidate_hybrid,1,0.65,0.35
"데이터 강조한 워시 美 연준 의장, 6월 물가지표가 금리 가늠자 될 듯",정례회의는 시장 예상대로 기준금리를 연 3.50~3.75%로 동결하면서 표면적으로는 큰 변화 없이 끝났다. 하지만 자세히 들여다보면 미국 연방준비제도이사회(연준)의 기존 정책 운영 방식과 결을 달리하는 변화가 적지...,https://weekly.donga.com/3/all/11/6290959/1,9,0.784,1,keep,candidate_hybrid_keep_overseas_global_reference,9,0.784,연준;기준금리,금리,,candidate_hybrid,1,0.65,0.35
금시세(금값) 5일,"달러화 강세와 약세, 글로벌 중앙은행의 금 매입, 제롬 파월 연준 의장의 발언과 FOMC 회의 내용, 전쟁 등이... 고용 지표 발표 직후 금융 시장에서는 이달 연방준비제도의 기준금리 인상 가능성에 베팅하던 투자자들의...",https://www.bntnews.co.kr/article/view/bnt202607050009,9,0.7271,1,keep,candidate_hybrid_keep_overseas_global_reference,9,0.7271,연준;기준금리,금융,,candidate_hybrid,1,0.65,0.35
"NDF, 1,526.60/ 1,526.70원…2.10원↑(재송)","3일(현지시간) 미국 금융시장은 독립기념일 대체공휴일을 맞아 휴장했다. 최근 원화와 동조화 흐름이... 4일 새벽 2시 달러-원 환율은 전장 서울환 종가 대비 25.80원 급락한 1,530.00원에 마감했다. 달러 인덱스...",https://news.einfomax.co.kr/news/articleView.html?idxno=4423428,1,0.5079,1,keep,candidate_hybrid_keep_overseas_global_reference,1,0.5079,,달러,,candidate_hybrid,1,0.65,0.35
[외환] 24시간 첫 거래 시작…전 거래일 대비 2.00원 상승 개장,"6일 외환시장에서 달러-원 환율은 오전 6시 11분 현재 전장 대비 2.10원 오른 1,527.70원으로 나타났다.... 되돌려지면서 달러-원도 소폭 상승 압력을 받고 있다. 지난 3일(현지시간) 미국 금융시장이 독립기념일...",https://news.einfomax.co.kr/news/articleView.html?idxno=4423419,5,0.5682,0,drop,candidate_hybrid_gray_drop_score_lt_threshold,5,0.5682,외환시장,달러,,candidate_hybrid,1,0.65,0.35
원·달러 NDF 2.1원 상승..엔화 약세,역외환율이 상승했다. 글로벌 금융시장에서 엔화가 약세를 보인 것이 영향을 미쳤다. 엔화는 최근 일본 외환당국 환시개입에 강세를 보이기도 했었지만 약세 관성이 여전한 것으로 풀이된다. 달러인덱스도 0....,https://www.etoday.co.kr/news/view/2600406,1,0.6044,1,keep,candidate_hybrid_keep_overseas_global_reference,1,0.6044,,달러,,candidate_hybrid,1,0.65,0.35
원·달러 환율 30.2원 급락...美 고용 부진에도 '1500원대 고착' 우려,금융연구원은 4일 발간한 '원·달러 환율의 구조적 상향이동 가능성 평가' 보고서에서 원·달러 환율이 2024년 이후 평균 1400원대 수준으로 올라섰다고 진단했다. 대외 충격에 따른 일시적인 급등이 아니라 외환시장...,https://www.newswhoplus.com/news/articleView.html?idxno=63867,8,0.5531,1,keep,candidate_hybrid_keep_strong_domain_rule_anchor,8,0.5531,환율;외환시장,달러,,candidate_hybrid,1,0.65,0.35
서비스업 4% 늘때 숙박음식 제자리…소비심리 회복 관건,"금융시장 호조로 8.7% 증가한 금융·보험업, 전문, 과학 및 기술 서비스업(9.5%) 등 고부가가치 산업 생산과... 1,500원대의 높은 원/달러 환율 수준은 수입 물가를 통해 소비자물가에 시차를 두고 영향을 미치고 있습니다....",http://mbnmoney.mbn.co.kr/news/view?news_no=MM1005872656,9,0.5234,1,keep,candidate_hybrid_keep_strong_domain_rule_anchor,9,0.5234,환율;원/달러,달러;금융,,candidate_hybrid,1,0.65,0.35
상반기 환율 역대 2위…오늘부터 24시간 거래로 외환시장 새 국면,앞으로는 해외 금융시장 움직임이 원·달러 환율에 실시간 반영되면서 외국인 투자자의 거래 편의성도 높아질 것으로 기대된다. 다만 시장에서는 거래시간 확대가 곧바로 환율 안정으로 이어지지는 않을 것으로 보고...,https://www.ajunews.com/view/20260705143236440,8,0.6551,1,keep,candidate_hybrid_keep_strong_domain_rule_anchor,8,0.6551,환율;외환시장,달러,,candidate_hybrid,1,0.65,0.35
오늘부터 원·달러 24시간 거래…새벽에도 실시간 외환 거래한다,"이번 24시간 거래 체제 도입으로, 그동안 서울 외환시장이 닫혔던 시간(오전 2시~9시)에도 역내에서 원·달러 현물 가격이 형성되면서 원화 환율 결정 구조가 달라질 전망이다. 금융시장에서도 외환시장이 NDF 거래...",https://www.news1.kr/economy/trend/6218181,9,0.6105,1,keep,candidate_hybrid_keep_strong_domain_rule_anchor,9,0.6105,환율;외환시장,달러;원화,,candidate_hybrid,1,0.65,0.35
24시간 거래 시작하는 외환시장…원화 국제화 첫발,국내 외환시장이 사실상 24시간 거래 체제로 운영된다. 외환시장 거래시간이 대폭 확대되고 해외 금융기관... 6일 서울 외환시장에 따르면 이날부터 원·달러 거래시간은 기존 오전 9시부터 다음 날 오전 2시까지에서...,https://www.sidae.com/article/2026070516112093399,6,0.5943,1,keep,candidate_hybrid_gray_keep_domain_score_ge_threshold,6,0.5943,외환시장,달러;원화,,candidate_hybrid,1,0.65,0.35
선진시장 편입 위한 중요한 퍼즐…환율 효과는 “시간이 필요”,국내 외환시장이 24시간 거래 체제로 전환되면서 고환율 장기화 국면에서 원·달러 환율 안정에 도움이 될지... 외환시장은 24시간 거래 체제로 전환된다. 해외 투자자가 글로벌 금융시장 거래 시간에 맞춰 원화를 거래할...,https://www.edaily.co.kr/news/newspath.asp?newsid=01403846645511896,8,0.6561,1,keep,candidate_hybrid_keep_strong_domain_rule_anchor,8,0.6561,환율;외환시장,달러,,candidate_hybrid,1,0.65,0.35
주가 2배 ‘삼전닉스 레버리지’ 광풍…코스피 흔드는 꼬리 됐다,"‘서학개미’를 국장으로 유인해 치솟는 원-달러 환율을 잡는다는 애초 정책 효과도 현재까지는 실패로... 익명을 요구한 한 금융시장 전문가는 “(해당 상품) 신규 상장을 금지하거나, 자산운용사별 발행 총량을...",https://www.hani.co.kr/arti/economy/finance/1266831.html,2,0.5484,0,drop,candidate_hybrid_gray_drop_score_lt_threshold,2,0.5484,,주가;코스피;달러,,candidate_hybrid,1,0.65,0.35
외국인도 새벽 실시간 환전유동성 확보에 성패 달렸다[24시간 외환거래...,외환시장이 6일부터 사실상 24시간 거래 체제로 전환된다. 원·달러 거래 시간이 월요일 오전 6시부터 토요일... 정부는 외환 거래 공백을 해소하고 해외 투자자의 접근성을 높여 금융시장 선진화를 앞당긴다는 구상이지만...,https://www.etoday.co.kr/news/view/2600332,5,0.5354,0,drop,candidate_hybrid_gray_drop_score_lt_threshold,5,0.5354,외환시장,달러,,candidate_hybrid,1,0.65,0.35
"[사설] 외환시장 24시간 거래 체제, 변동성 관리에 빈틈 없도록",하지만 최근 원-달러 환율이 장중 1550원을 돌파하는 등 시장 변동성이 커진 상황에서 시행되는 만큼 정부와 금융 당국은 시장 안정에 각별히 신경 써야 한다. 가장 큰 기대 효과는 시장 접근성과 편의성 향상이다. 그간...,https://www.joongang.co.kr/article/25442615,6,0.564,1,keep,candidate_hybrid_gray_keep_domain_score_ge_threshold,6,0.564,외환시장,달러;금융,,candidate_hybrid,1,0.65,0.35
"[사설] 24시간 외환거래, 환율 안정 출발점은 시장 신뢰",가장 우려되는 대목은 외환시장 변동성이다. 올해 상반기 평균 원·달러 환율은 1484.56원으로 외환위기 때인... 외환시장 개방은 대한민국 금융의 체급을 글로벌 스탠더드에 맞게 높이는 시험대다. 금융당국과 은행은 야간...,https://www.hankyung.com/article/2026070564031,8,0.6591,1,keep,candidate_hybrid_keep_strong_domain_rule_anchor,8,0.6591,환율;외환시장,달러,,candidate_hybrid,1,0.65,0.35
"""환율 안정이냐, 변동성 확대냐""…고환율 속 외환시장 24시간 운영","必"" 원·달러 환율이 1500원 중반을 오가는 가운데, 외환시장 운영 확대에 다양한 전망이 교차하고 있다.... 지난 3일까지 올해 외국인 투자자가 순매도한 국내 주식은 약 156조5600억원으로, 금융위기가 있었던 2008년 연간...",https://www.asiatoday.co.kr/kn/view.php?key=20260705010001618,8,0.6167,1,keep,candidate_hybrid_keep_strong_domain_rule_anchor,8,0.6167,환율;외환시장,달러,,candidate_hybrid,1,0.65,0.35
내일부터 외환시장 24시간 가동...기대·우려 공존,내일부터 국내 외환시장에서 원·달러 외환 거래가 평일 24시간 거래 체제로 전환됩니다. 원화의 국제적 위상... 이에 따라 수출업체의 경우 앞으론 새벽에 급격히 환율 변동이 있더라도 환차손 방어가 가능할 것이라고...,https://www.ytn.co.kr/_ln/0102_202607051512178998,8,0.6523,1,keep,candidate_hybrid_keep_strong_domain_rule_anchor,8,0.6523,환율;외환시장,달러,,candidate_hybrid,1,0.65,0.35
"“1600원 시대 오나”…금융권, 환율 고공행진에 ‘비상’",뉴시스 원·달러 환율이 1550원선을 넘나들며 연일 연고점을 경신하자 금융권에 비상이 걸렸다. 시장 일각에서는 ‘환율 1600원 시대’가 현실화할 수 있다는 우려마저 나온다. 미국의 통화정책 긴축 우려와 국내...,http://www.segyebiz.com/newsView/20260705505707?OutUrl=naver,4,0.6575,0,drop,candidate_hybrid_drop_generic_market_or_ipo_noise,4,0.6575,환율,달러,,candidate_hybrid,1,0.65,0.35
원·달러 24시간 거래 첫발…NDF 물량 끌어오고 밤샘 변동성 잡을까,"제도 개편의 성패를 첫날 원·달러 환율의 상승이나 하락만으로 판단하기는 어렵다. 심야에도 충분한 거래량과 촘촘한 호가가 유지되는지, 해외 금융기관의 참여가 늘어나는지, 역외 NDF 수요가 국내 시장으로 실제...",http://www.metroseoul.co.kr/article/20260705500157,1,0.5116,0,drop,candidate_hybrid_gray_drop_score_lt_threshold,1,0.5116,,달러,,candidate_hybrid,1,0.65,0.35
[이번주 경제]'외환 24시간 거래' 개막…반도체 상승장 '빚투' 주목,이와 함께 한국 금융 시장의 현주소를 가늠할 수 있는 주요 지표들도 잇따라 공개된다. 5일 외환 당국에... 거래 시장이 평일 기준 24시간 운영된다. 기존 오전 9시부터 다음 날 새벽 2시까지였던 원/달러 거래 시간이...,https://www.news1.kr/economy/trend/6218038,6,0.4795,1,keep,candidate_hybrid_gray_keep_domain_score_ge_threshold,6,0.4795,원/달러,달러;금융,,candidate_hybrid,1,0.65,0.35
[외환-주간] '24시간 거래' 개시…美 지표·하이닉스 ADR 주목,"하나은행 딜링룸연합뉴스 자료사진 이번 주(6~10일) 서울외환시장은 달러-원 24시간 무중단 거래를 개시하며 지금껏 가보지 않은 길을 간다. 지난 1일 한때 달러-원 환율이 1,559.20원을 기록하며 2009년 3월 이래 최고 수준...",https://news.einfomax.co.kr/news/articleView.html?idxno=4423394,5,0.4391,0,drop,candidate_hybrid_gray_drop_score_lt_threshold,5,0.4391,외환시장,달러,,candidate_hybrid,1,0.65,0.35
"""원화 24시간 거래, 역사적 결단…투기 놀이터 시험대""","금융 시장 내 입지를 넓히기 위해서는 야간 시간대의 유동성 확보가 필수적인 조치""라고 진단했다. 다만 24시간 거래 출범은 한국 금융당국에 또 하나의 시험대가 될 것이라고 봤다. 특히 최근 원·달러 환율 변동성이...",https://www.newsway.co.kr/news/view?ud=2026070510405958169,9,0.6007,1,keep,candidate_hybrid_keep_strong_domain_rule_anchor,9,0.6007,유동성;환율,달러;원화;금융,,candidate_hybrid,1,0.65,0.35
[고환율 여파 경제진단①] 1500원대 원·달러 환율 언제까지,1일 서울 외환시장에서 원·달러 환율이 전거래일보다 5.5원 오른 1554.9원에 주간 거래를 마감했다.(사진=연합뉴스) 5일 한국은행 금융통계정보시스템에 따르면 2분기 평균(주간거래 종가 기준) 원·달러 환율은 1501....,https://www.asiatime.co.kr/article/20260701500377,13,0.6606,1,keep,candidate_hybrid_keep_strong_domain_rule_anchor,13,0.6606,한국은행;환율;외환시장,달러,,candidate_hybrid,1,0.65,0.35
금시세(금값) 반등,3일(현지시간) 미국 금융시장은 독립기념일 연휴로 휴장하면서 국제 금 거래는... 다만 원·달러 환율이 큰 폭으로 하락하면서 국제 금값 상승 폭이 국내 시세에는...,http://www.kjdaily.com/article.php?aid=1783213514681644227,1,0.4791,1,keep,candidate_hybrid_keep_overseas_global_reference,1,0.4791,,달러,,candidate_hybrid,1,0.65,0.35
"‘국채니까 안전’ 믿었다가 17% 손실…금감원, 장기채 투자 주의 당부","예컨대 액면가 1만원, 표면금리와 매수금리가 연 3%인 30년 만기 채권은 시장금리가 1%p 상승할 경우 약 17% 수준의 손실이 발생할 수 있다는 게 금감원의 설명이다. '국채=안전'이라는 인식만 믿고 장기채에 투자했다가 금리...",http://www.joseilbo.com/news/news_read.php?uid=571329&class=18&grp=,10,0.6377,1,keep,candidate_hybrid_keep_strong_domain_rule_anchor,10,0.6377,금감원;국채,금리,,candidate_hybrid,1,0.65,0.35
"""안전하다""던 30년 만기 국채, 시장금리 1%p 오르니 17% 손실","A씨는 증권사 직원에게 ""국채는 안전하다""라는 말을 듣고 채권에 투자했다. 신용등급이 높으니 원금 걱정은 없다는 설명이었다. 그러나 만기 전에 되팔면서 손실을 봤다. 가격이 시장금리에 따라 오르내린다는 사실은...",https://www.raonnews.com/news/article.html?no=59321,6,0.5401,0,drop,candidate_hybrid_drop_generic_market_or_ipo_noise,6,0.5401,증권사;국채,,,candidate_hybrid,1,0.65,0.35
채권 대식 주식...인플레에 바뀌는 일본 투자자들의 선택 [일본 머니무...,"이투데이=고대영 기자 | 10년 기대인플레율, 목표치 2% 도달 4월 PPI 4.9% 상승해 시장 전망 웃돌아 채권 가격... 9% 상승해 시장 전망보다 가파르게 올랐다. 장기물 금리 기준이 되는 10년 만기 국채 금리는 5월 15일 2.7%대로...",https://www.etoday.co.kr/news/view/2600340,7,0.5459,0,drop,candidate_hybrid_drop_generic_market_or_ipo_noise,7,0.5459,국채,금리;주식;채권,,candidate_hybrid,1,0.65,0.35
"코스피 PER 금융위기 이후 최저…골드만삭스 ""상승 여지""","원화와 채권시장도 증시 변동성을 키운 변수로 제시됐다. 원화는 한 주 동안 미국 달러 대비 0.3% 강세를 보였지만 일본 엔화와 유로화 대비로는 각각 0.2% 약세를 나타냈다. 한국 3년 만기 국채 수익률은 3.75%, 10년 만기...",https://www.topstarnews.net/news/articleView.html?idxno=16124302,6,0.5601,1,keep,candidate_hybrid_keep_overseas_global_reference,6,0.5601,국채,코스피;달러,,candidate_hybrid,1,0.65,0.35
日 국채금리 30년來 최고…커지는 '엔캐리 청산' 공포,일본 채권시장에서 장기 금리 지표인 10년 만기 국채 신규 발행 금리가 지난 3일 장중 한때 연 2.82%까지 상승(국채 가격은 하락)했다. 이는 1996년 10월 이후 약 30년 만의 최고치다. 니혼게이자이신문은 “다카이치 사나에...,https://www.hankyung.com/article/2026070564571,8,0.5343,0,drop,candidate_hybrid_drop_generic_market_or_ipo_noise,8,0.5343,국채;국채금리,금리,,candidate_hybrid,1,0.65,0.35
“전쟁 안 끝났는데 금값은 왜 떨어지나”…시장 공식 깨뜨린 ‘안전자...,"투자 시장의 오랜 공식이었다. 그러나 올해는 이 같은 공식이 흔들리고 있다. 이란 전쟁 이후에도 미국 국채 금리는 오르고(채권 가격 하락), 엔화는 달러 대비 수십 년 만의 최저 수준까지 약세를 보였다. 금값도 연초...",https://www.mk.co.kr/article/12090460,6,0.5541,1,keep,candidate_hybrid_keep_overseas_global_reference,6,0.5541,국채,채권;달러,,candidate_hybrid,1,0.65,0.35
"SK에코플랜트, 해운대 홈플러스 브릿지론 대위변제","초기 브릿지론에는 저축은행과 캐피털사가 대주로 참여했으나 이후 메리츠화재해상보험, 메리츠캐피탈 등을 중심으로 대주단이 재편됐다. 사업은 당초 본PF 전환을 통해 브릿지론을 상환할 계획이었지만 시장...",https://dealsite.co.kr/articles/164731,8,0.5645,1,keep,candidate_hybrid_keep_strong_domain_rule_anchor,8,0.5645,저축은행;pf,,,candidate_hybrid,1,0.65,0.35
"[리스크 인사이드 ④] 한화생명, 미래 향한 승부수…남은 과거의 숙제","인수 자금 조달 방식에 따라 자본 부담이 발생할 수 있고, 저축은행이 보유한 부동산 프로젝트 파이낸싱(PF)과 기업여신 등 위험자산을 얼마나 안정적으로 통합·관리할 수 있는지가 향후 성패를 좌우할 가능성이 있다....",https://www.koreareport.co.kr/news/articleView.html?idxno=51282,8,0.6742,1,keep,candidate_hybrid_keep_strong_domain_rule_anchor,8,0.6742,저축은행;pf,,,candidate_hybrid,1,0.65,0.35
"저축은행, 중금리 생활안정대출 공급 확대","실제 곽수연 한국신용평가 수석연구원은 일부 저축은행을 두고 ""올해 수익성 회복이 제한적일 것""이라면서 ""부동산 프로젝트파이낸싱(PF), 중도금대출과 더불어 중금리대출에서의 추가 부실 인식 가능성이 있다""고...",http://www.metroseoul.co.kr/article/20260706500009,15,0.7412,1,keep,candidate_hybrid_keep_strong_domain_rule_anchor,15,0.7412,저축은행;pf;프로젝트파이낸싱,부실,,candidate_hybrid,1,0.65,0.35
"김성욱 iM캐피탈 대표, A+ → AA- 등급 상향 ‘비용 절감’ [캐피탈 조달...","차이(스프레드)가 등급 상향 이전 대비 완화됐다""라고 말했다. iM캐피탈은 A+ 등급일 당시와 AA-등급 민평금리와의 차이는 50bp~70bp로 현 회사채 조달 규모인 4조1000억원에 적용 시 연 200억원 이상 조달 비용 절감 효과가...",https://www.fntimes.com/html/view.php?ud=202607032342559585dd55077bc2_18,10,0.6442,1,keep,candidate_hybrid_keep_strong_domain_rule_anchor,10,0.6442,캐피탈;회사채;스프레드,,,candidate_hybrid,1,0.65,0.35
금리 뛰자 회사채 순발행 10분의1로 뚝,기준금리 인상 초반에는 단기 금리 상승으로 기업들의 조달 비용이 늘고 투자자 수요도 줄어 크레디트 스프레드(국고채 대비 회사채 금리 차이)가 확대되는 상황이 지속될 가능성이 높기 때문이다. 회사채보다 금리가...,https://www.mk.co.kr/article/12090707,11,0.7711,1,keep,candidate_hybrid_keep_strong_domain_rule_anchor,11,0.7711,회사채;스프레드;기준금리,금리,,candidate_hybrid,1,0.65,0.35
"[2026 상반기 리그테이블] ② NH투자증권, 'SKC∙한온시스템' 낚으며 유...","다시 말해 유상증자 시장도 IPO 시장처럼 대형 딜 집중 현상이 심화됐다. 또, 성장 투자와 재무구조... 특히 이차전지, 반도체, 바이오 업종의 자금 조달 수요가 이어질 경우 증권사 간 주관 경쟁도 치열해질...",http://www.thevaluenews.co.kr/news/view.php?idx=199823,7,0.5795,0,drop,candidate_hybrid_drop_generic_market_or_ipo_noise,7,0.5795,증권사;ipo,,,candidate_hybrid,1,0.65,0.35
"[상반기 결산] ①'IPO 한파' 대형 딜이 갈랐다..NH투자증권, 리그테이블...",공동 대표주관을 맡은 NH투자증권과 삼성증권이 리그테이블 선두권을 형성한 반면 중소형 IPO를 다수 주관한 증권사들은 건수 대비 순위 상승에는 한계를 보였다. 반면 일부 증권사는 IPO 시장 한파의 영향을...,https://kpenews.com/View.aspx?No=4137662,4,0.5641,0,drop,candidate_hybrid_drop_generic_market_or_ipo_noise,4,0.5641,ipo,,,candidate_hybrid,1,0.65,0.35
소노인터내셔널 IPO 본격화…대신증권 주관 실적 ‘톱5’ 기대,올해 최대 IPO 딜 중 하나로 꼽히는 만큼 상장이 마무리되면 대신증권과 미래에셋증권을 중심으로 증권사 IPO 주관 실적 순위에도 변화가 있을 것으로 전망된다. 특히 현재 공모총액 1316억원으로 주관 실적 6위에...,https://www.ceoscoredaily.com/page/view/2026070215210317465,8,0.5642,0,drop,candidate_hybrid_drop_generic_market_or_ipo_noise,8,0.5642,증권사;ipo,실적,,candidate_hybrid,1,0.65,0.35
"[더벨][thebell note] ""스페이스X도 중복상장 아닙니까""","""스페이스X도 엄밀히 보면 중복 상장 아닙니까."" 최근 만난 한 대형 증권사 IPO 임원의 뼈 있는 한탄이다. 꽉... 오너, 주관사들 사이에서는 상장을 포기하고 아예 모회사와 합병해 버리겠다는 극단적인 이야기마저...",https://www.thebell.co.kr/free/content/ArticleView.asp?key=202606301236364520108515,7,0.6156,0,drop,candidate_hybrid_drop_generic_market_or_ipo_noise,7,0.6156,증권사;ipo,,,candidate_hybrid,1,0.65,0.35
삼성·SK하닉이 美증시 좌우하는 날이 올 줄은 [트럼프 스톡커],"금융정보 업체 에프앤가이드에 따르면 국내 증권사들은 삼성전자의 2분기 매출을 171조 3723억 원... 스페이스X의 경우는 IPO 수수료율이 0.67%였다. SK하이닉스 ADR의 상장 주관사는 뱅크오브아메리카(BofA), 씨티그룹...",https://www.sedaily.com/article/20063851?ref=naver,4,0.5839,0,drop,candidate_hybrid_drop_generic_market_or_ipo_noise,4,0.5839,ipo,,,candidate_hybrid,1,0.65,0.35
"'45조' SK하이닉스 미국 나스닥 ADR 상장, D-5…남은 핵심 변수 4가지","5일 연합인포맥스에 따르면, 지난 3일 기준 증권사가 최근 1개월 내 제시한 삼성전자의 연결 기준 2분기... 주관사단이 이번 IPO 로드쇼에서 해당 소송의 실질적 재무 영향이 미미하다는 점을 얼마나 논리적으로...",https://www.financialpost.co.kr/news/articleView.html?idxno=265034,4,0.526,0,drop,candidate_hybrid_drop_generic_market_or_ipo_noise,4,0.526,ipo,,,candidate_hybrid,1,0.65,0.35
"삼전 잠정 실적, 하이닉스 나스닥行… ‘반도체 투톱’ 운명의 한 주","직전 1분기(영업이익 57조2000억원)를 곧바로 갈아치우는 수치로, 일부 증권사는 90조원대를 제시하기도... 상장 주관사들이 지급하는 수수료율을 0.5% 수준으로 검토하고 있다”며 “이는 앞서 기업공개(IPO)를 진행한...",https://www.chosun.com/economy/money/2026/07/05/FR55MRCZCVAG7NAEIVNBLHNQRE/?utm_source=naver&utm_medium=referral&utm_campaign=naver-news,5,0.4474,0,drop,candidate_hybrid_drop_generic_market_or_ipo_noise,5,0.4474,ipo,실적,,candidate_hybrid,1,0.65,0.35
[이윤구의 프리킥스] 도수치료 급여화…최소한의 '안전장치',환자가 1회 4만3천850원의 가격으로 본인부담률 95%를 적용해 도수치료를 받을 수 있으며 건강보험 적용을 연... 과잉진료로 해마다 실손보험금 누수가 늘어나는 상황에서 최소한의 '안전장치'에 가깝기 때문이다. 그간...,https://news.einfomax.co.kr/news/articleView.html?idxno=4423437,0,0.4922,0,drop,candidate_hybrid_gray_drop_score_lt_threshold,0,0.4922,,,,candidate_hybrid,1,0.65,0.35
"푸본현대생명, 내실 다지고 체질개선 성과 가시화",외국계 보험사들의 약진이 이어지는 가운데 체질 개선 성과가 가시화되면서 본격적인 턴어라운드에 대한... 경과조치 후 지급여력비율(K-ICS·킥스)은 200.08%로 2025년 동기(145.53%) 대비 54.55%포인트 상승했다. 장기 수익...,https://daily.hankooki.com/news/articleView.html?idxno=1382747,5,0.5806,0,drop,candidate_hybrid_gray_drop_score_lt_threshold,5,0.5806,킥스,,,candidate_hybrid,1,0.65,0.35
"신한금융, 보험사 M&A 재점화…비은행 성장전략 다시 가속",경과조치 이전 기준 킥스(K-ICS) 비율은 131.9% 수준으로 집계됐으며 매각 협상 과정에서는 가격 조정이나 추가 자본 확충 가능성도 거론되고 있다. 보험사의 미래 수익성을 보여주는 CSM 규모 역시 약 2조5000억 원 수준으로...,https://www.g-enews.com/view.php?ud=20260702150325724cd0bfacc1c_1,8,0.6772,1,keep,candidate_hybrid_keep_strong_domain_rule_anchor,8,0.6772,보험사;킥스,,,candidate_hybrid,1,0.65,0.35
엄격해진 보험부채 평가… 보험사 손해율 가정 더 보수적으로,금융당국이 보험부채 평가의 핵심 가정인 손해율·사업비 산출 기준을 구체화한다. 보험사가 낙관적인 미래... 가이드라인 시행에 따른 지급여력(K-ICS·킥스)비율 하락과 자본조달 부담 우려에 대해 금융감독원 관계자는...,https://www.insnews.co.kr/news/articleView.html?idxno=91638,14,0.6556,1,keep,candidate_hybrid_keep_strong_domain_rule_anchor,14,0.6556,금융감독원;보험사;킥스,,,candidate_hybrid,1,0.65,0.35
우리금융-동양생명 편입 1주년…주식교환 잡음 딛고 시너지 속도,보험사의 자본건전성 지표인 지급여력(K-ICS·킥스) 비율은 2024년 155.5%에서 지난해 179.8%까지 개선됐다. 올해 1분기엔 189.6%를 기록하며 편입 전보다 34%포인트 가량이 상승했다. 동양생명의 보험금지급능력등급도 'AA...,https://www.asiatoday.co.kr/kn/view.php?key=20260705010001439,5,0.6552,1,keep,candidate_hybrid_model_keep_prob_ge_threshold_with_domain_anchor,5,0.6552,킥스,,,candidate_hybrid,1,0.65,0.35
옥천군 '7세 이하 영유아 상해보험' 시행…고향사랑기금 1호 사업,"이 보험은 군이 고향사랑기금으로 보험료 전액을 부담해 보호자가 별도로 보험료를 납부하거나 가입... 실손보험 가입자는 최대 20만 원, 실손보험 미가입자는 최대 40만 원까지 지원받을 수 있다. 문의는...",https://www.news1.kr/local/sejong-chungbuk/6218411,1,0.2448,0,drop,candidate_hybrid_model_drop_prob_le_threshold,1,0.2448,,보험료,,candidate_hybrid,1,0.65,0.35
"옥천군, 7세 이하 영유아 상해보험 전액 지원","군이 보험료 전액을 부담해 보호자는 별도 가입이나 납부 절차 없이 자동으로 보장받는다. 단, 보험기간 중... 해당 보장은 연간 3억원 한도 내에서 실손보험 가입자는 최대 20만원, 미가입자는 최대 40만원까지...",https://www.gukjenews.com/news/articleView.html?idxno=3626940,1,0.2665,0,drop,candidate_hybrid_model_drop_prob_le_threshold,1,0.2665,,보험료,,candidate_hybrid,1,0.65,0.35
재발 공포 파고든 '비급여 항암치료'…효과 근거는 부족,"환자나 실손보험을 통해 사회 전체에 전가될 수 있다""며 ""개별 환자뿐 아니라 현재와 미래의 암환자에게도 영향을 미칠 수 있는 문제""라고 말했다. 치료 효과가 입증되지 않은 비급여 지출이 증가하면 결국 보험료 인상이나...",http://www.docdocdoc.co.kr/news/articleView.html?idxno=3040673,1,0.3629,0,drop,candidate_hybrid_gray_drop_score_lt_threshold,1,0.3629,,보험료,,candidate_hybrid,1,0.65,0.35
보험료 한 푼 안 냈는데 보험금을 받았다…대부분이 모르는 '공짜 보험...,"개인이 별도로 보험료를 낼 필요가 없고, 실손보험이나 상해보험 등 민간보험에 가입했더라도 별도로 보험금을 받을 수 있다. 올해부터는 보장 범위도 한층 넓어졌다. 특히 서울시는 전국 최초로 '지반침하 사고'를...",http://www.fnnews.com/news/202607040253351165,1,0.4256,0,drop,candidate_hybrid_gray_drop_score_lt_threshold,1,0.4256,,보험료,,candidate_hybrid,1,0.65,0.35
"박용호 전 금감원 2급, KB자산운용 감사본부장 영입…내부통제냐 규제 ...",전문사모운용사전담반 단장과 기업공시국장도 역임하는 등 금융투자회사와 자산운용사에 대한 감독·검사 및 제재 업무를 폭넓게 담당했다. 박 전무는 지난 4월 금감원에서 퇴직한 뒤 5월 퇴직공직자 취업심사를 거쳐...,https://www.sjsori.com/news/articleView.html?idxno=87316,12,0.811,1,keep,candidate_hybrid_keep_strong_domain_rule_anchor,12,0.811,금감원;검사;제재,,,candidate_hybrid,1,0.65,0.35
"엑스큐어, 양자보안·디지털자산 신사업 통합 거점 구축","통합 거점은 엑스큐어가 추진 중인 포스트퀀텀(PQC) 보안, 디지털자산 보안, 실물자산(RWA)/토큰증권(STO), 스테이블코인 결제·정산 보안, 기관용 커스터디·지갑 보안 사업의 실행 허브 역할을 맡게 된다. 엑스큐어는...",https://www.mk.co.kr/article/12090860,19,0.8412,1,keep,candidate_hybrid_keep_strong_domain_rule_anchor,19,0.8412,토큰증권;sto;디지털자산;스테이블코인,,,candidate_hybrid,1,0.65,0.35
"엑스큐어, 관계사 신사업 통합 거점 구축","통합 거점은 엑스큐어가 추진 중인 포스트퀀텀(PQC) 보안, 디지털자산 보안, 실물자산(RWA)·토큰증권(STO), 스테이블코인 결제·정산 보안, 기관용 커스터디·지갑 보안 사업의 실행 허브 역할을 맡게 된다. 엑스큐어는...",https://www.newsis.com/view/NISX20260706_0003696645,19,0.8291,1,keep,candidate_hybrid_keep_strong_domain_rule_anchor,19,0.8291,토큰증권;sto;디지털자산;스테이블코인,,,candidate_hybrid,1,0.65,0.35
"엑스큐어, 강남에 신사업 통합 거점 마련…양자보안·디지털자산 사업 ...","새 거점은 엑스큐어가 추진하는 포스트퀀텀(PQC) 보안, 디지털자산 보안, 실물자산(RWA)·토큰증권(STO), 스테이블코인 결제·정산 보안, 기관용 커스터디 및 지갑 보안 사업의 핵심 실행 거점 역할을 담당한다. 엑스큐어는...",https://view.asiae.co.kr/article/2026070608341361324,19,0.8344,1,keep,candidate_hybrid_keep_strong_domain_rule_anchor,19,0.8344,토큰증권;sto;디지털자산;스테이블코인,,,candidate_hybrid,1,0.65,0.35
SK하이닉스를 토큰으로 산다?...ADR 상장 앞두고 온체인화 주목,한국은 토큰증권(STO)을 자본시장법과 전자증권법 체계 안에서 수용하는 방향에 무게를 두고 있다. 금융위원회는 토큰증권을 분산원장 기술을 활용해 자본시장법상 증권을 디지털화한 것으로 정의하고 기존 증권과...,https://www.digitaltoday.co.kr/news/articleView.html?idxno=681237,22,0.7182,1,keep,candidate_hybrid_keep_strong_domain_rule_anchor,22,0.7182,금융위원회;금융위;토큰증권;sto,,,candidate_hybrid,1,0.65,0.35
"윤창현 코스콤 사장, 디지털 자산 패러다임 바꾼다 [오늘의 리더]",윤창현 코스콤 사장이 지난 2024년 9월 취임 이래 코스콤 재무 개선이 이뤄진 가운데 토큰증권(STO)으로 새로운 수익원 창출을 위해 노력하고 있다. 5일 금융투자업계에 따르면 지난해 별도 재무제표 기준 코스콤...,https://www.sisaon.co.kr/news/articleView.html?idxno=202358,10,0.7067,1,keep,candidate_hybrid_keep_strong_domain_rule_anchor,10,0.7067,토큰증권;sto,,,candidate_hybrid,1,0.65,0.35
'온체인 결제' 향하는 韓…증권사 마지막 퍼즐 공략 [증권사 '토큰화 생...,정형증권의 토큰화 여부 촉각 토큰증권(STO)을 발행·유통할 수 있는 제도화에 따라 오는 2027년 2월 본격 시행된다. 전자증권법 개정으로 분산원장을 증권계좌부인 전자등록계좌부로 명시해서 STO 방식의 증권 발행을...,https://www.fntimes.com/html/view.php?ud=202607051608244932179ad43907_18,13,0.7905,1,keep,candidate_hybrid_keep_strong_domain_rule_anchor,13,0.7905,증권사;토큰증권;sto,,,candidate_hybrid,1,0.65,0.35
보관 넘어 인프라로 진화…디지털자산 수탁에서 기회 탐색 [증권사 '토...,"다만, 토큰증권(STO) 등 디지털자산으로 영역이 확대되면 증권사에 기회 요인이 있을 것으로 예상된다. 다만 커스터디 관련한 경계가 명확하지는 않다. 나아가 디지털 수탁의 경우, 규제 준수, 투자자 보호 등 금융...",https://www.fntimes.com/html/view.php?ud=202607051214436591179ad43907_18,18,0.7087,1,keep,candidate_hybrid_keep_strong_domain_rule_anchor,18,0.7087,증권사;토큰증권;sto;디지털자산,금융,,candidate_hybrid,1,0.65,0.35
크립토 IPO 중심축 RWA 인프라로…국내 STO는 하위법규 시험대,국내 토큰증권(STO) 시장도 내년 제도 시행을 앞두고 정형증권 토큰화와 유통 인프라 설계가 핵심 과제로 떠올랐다. 5일 가상자산 업계에 따르면 STO 인프라 기업 시큐리타이즈(Securitize)는 2일(현지시간)...,https://www.etoday.co.kr/news/view/2599993,18,0.7892,1,keep,candidate_hybrid_keep_strong_domain_rule_anchor,18,0.7892,ipo;가상자산;토큰증권;sto,,,candidate_hybrid,1,0.65,0.35
"금융위, 이달 STO 가이드라인…조각투자 같은 정책실기 없어야","금융당국이 이달 중으로 토큰증권발행(STO) 관련 가이드라인을 공개하기로 해 주목된다. 시장 활성화를 위해 투자 한도 규제를 얼마나 풀지, 주식·채권을 비롯한 정형증권 토큰화를 얼마나 빨리 허용할지가 최대 관심사다....",https://www.edaily.co.kr/news/newspath.asp?newsid=01466166645511896,17,0.6588,1,keep,candidate_hybrid_keep_strong_domain_rule_anchor,17,0.6588,금융위;토큰증권;sto,주식,,candidate_hybrid,1,0.65,0.35
“정형증권 STO 선점하자”…증권가는 이미 인프라 경쟁 중,"국내 금융투자업계가 조각투자 중심의 토큰증권(STO) 한계를 넘어 머니마켓펀드(MMF), 채권, 주식 등 정형증권 STO 시장을 정조준하며 인프라 선점에 나섰다. 주요 증권사들은 토큰 MMF 개념검증(PoC)을 마치고 해외에서...",https://www.edaily.co.kr/news/newspath.asp?newsid=01456326645511896,13,0.7093,1,keep,candidate_hybrid_keep_strong_domain_rule_anchor,13,0.7093,토큰증권;sto,주식;채권,,candidate_hybrid,1,0.65,0.35
'주식·국채 토큰화' 속도내는 월가…그림·한우 조각투자에 갇힌 韓,"토큰증권(STO) 제도가 내년 2월 시행을 앞둔 가운데, 제도 설계의 방향을 다시 점검해야 한다는 목소리가 커지고 있다. 국내는 그동안 부동산·미술품·음원·한우처럼 기존 증권 체계에 담기 어려웠던 자산을 잘게 나눠...",https://www.edaily.co.kr/news/newspath.asp?newsid=01443206645511896,14,0.745,1,keep,candidate_hybrid_keep_strong_domain_rule_anchor,14,0.745,국채;토큰증권;sto,주식,,candidate_hybrid,1,0.65,0.35
월가는 '주식 토큰화' 붐인데…꽉 막힌 한국,"내년 2월 토큰증권(STO) 시행을 앞두고 금융당국이 시장 트렌드를 고려한 전향적인 STO 로드맵을 마련해야 한다는 지적이 제기된다. 5일 이데일리 취재 결과, 이달 중으로 ‘토큰증권 제도화 법 하위법규 개정안 및...",https://www.edaily.co.kr/news/newspath.asp?newsid=01423526645511896,11,0.7559,1,keep,candidate_hybrid_keep_strong_domain_rule_anchor,11,0.7559,토큰증권;sto,주식,,candidate_hybrid,1,0.65,0.35
"MTS의 진화…'글로벌 DNA' 미래에셋, 투자자 접점 확보 깃발 [증권사 '토...",국내에서는 STO(토큰증권)가 제도화되면서 오는 2027년 2월부터 본격 시행된다. 아울러 스테이블코인 규율 등을 포함한 디지털자산기본법 입법도 현재 추진 중이다. 법무법인 세종은 ‘모든 자산의 토큰화...,https://www.fntimes.com/html/view.php?ud=202607032321083633dd55077bc2_18,22,0.7037,1,keep,candidate_hybrid_keep_strong_domain_rule_anchor,22,0.7037,증권사;토큰증권;sto;디지털자산;스테이블코인,,,candidate_hybrid,1,0.65,0.35
[삼촌설] 말뿐인 샌드박스,정부가 최근 확정한 STO(토큰형 증권) 거래사업자 선정이 논란이다. STO는 고객이 고가의 부동산과 예술품 등에 소규모라도 투자할 수 있게 해 주는 신사업이다. 루센트블록은 STO 분야 규제 샌드박스 대상으로 선정돼...,https://www.kyongbuk.co.kr/news/articleView.html?idxno=4077390,5,0.711,1,keep,candidate_hybrid_model_keep_prob_ge_threshold_with_domain_anchor,5,0.711,sto,,,candidate_hybrid,1,0.65,0.35
"[이슈체크] '취업청탁 의혹' 빗썸, 이재원 연임 체제 시험대...대표 입건...",국내 가상자산거래소 빗썸이 정치권 취업 청탁 의혹 등에 휘말리며 경영진 리스크에 직면했다. 경찰이 김병기 무소속 의원 차남 취업 의혹과 관련해 이재원 빗썸 대표를 뇌물공여 혐의 피의자로 입건해 수사 중인 가운데...,https://www.thepublic.kr/news/articleView.html?idxno=310054,14,0.6868,1,keep,candidate_hybrid_keep_strong_domain_rule_anchor,14,0.6868,가상자산;가상자산거래소;빗썸,,,candidate_hybrid,1,0.65,0.35
"스카이월드와이드, 국세청 ‘가상자산 통합분석시스템’ 구축 참여",이에 따라 거래소 등 가상자산사업자(VASP)가 제출하는 방대한 거래자료를 분석할 고도화된 시스템의 필요성이 대두됐다. 기존의 관계형 데이터베이스(RDB)와 규칙 기반 이상거래 탐지시스템(FDS)은 다단계 우회 거래...,https://www.etoday.co.kr/news/view/2600462,4,0.6976,1,keep,candidate_hybrid_model_keep_prob_ge_threshold_with_domain_anchor,4,0.6976,가상자산,,,candidate_hybrid,1,0.65,0.35
"코인원, 브랜드 캠페인 '코인을 넘어 금융으로' 전개","가상자산 거래소 코인원은 브랜드 캠페인 '코인을 넘어 금융으로'를 전개한다고 6일 밝혔다. 이번 캠페인은 올 연말까지 진행되는 대규모 마케팅 프로젝트다. 총 3개 파트로 구성했으며, 코인원은 그 중 첫 번째...",https://www.newsis.com/view/NISX20260706_0003696642,4,0.6675,1,keep,candidate_hybrid_model_keep_prob_ge_threshold_with_domain_anchor,4,0.6675,가상자산,,,candidate_hybrid,1,0.65,0.35
[오늘의 비트코인] ETF 자금유입에 반등…6만3000달러 회복,미국 암호화폐 거래소 코인베이스에 따르면 6일 오전 8시30분 기준 비트코인 가격은 24시간 전 대비 0.99... 미 가상자산 전문매체 코인데스크에 따르면 지난 3일(현지시각) 미국에 상장된 비트코인 현물 ETF에...,https://news.dealsitetv.com/articles/172854,8,0.7198,1,keep,candidate_hybrid_keep_strong_domain_rule_anchor,8,0.7198,가상자산;암호화폐,,,candidate_hybrid,1,0.65,0.35
[금융단신] 두나무·코인원,"◇ 코인원, 2026 브랜드 캠페인 '코인을 넘어 금융으로' 공개 국내 디지털자산 거래소 코인원은 하반기... 영상은 가상자산 업계의 표현인 '투 더 문(To the Moon)'을 모티브로 새로운 금융 생태계의 전환점을 담아냈다....",https://daily.hankooki.com/news/articleView.html?idxno=1382915,14,0.7178,1,keep,candidate_hybrid_keep_strong_domain_rule_anchor,14,0.7178,가상자산;디지털자산;두나무,금융,,candidate_hybrid,1,0.65,0.35
가상자산 법인시장 개방 기대에…'1거래소 복수은행' 재부상,6일 업계에 따르면 하반기 법인의 디지털자산시장 참여 허용을 앞두고 원화 거래소와 제휴하지 않은 BNK부산은행·iM뱅크·NH농협은행·우리은행 등이 가상자산 거래소 관계자들과 접촉하며 제휴 가능성을 타진한 것으로...,https://www.edaily.co.kr/news/newspath.asp?newsid=02132006645511896,9,0.7243,1,keep,candidate_hybrid_keep_strong_domain_rule_anchor,9,0.7243,가상자산;디지털자산,원화,,candidate_hybrid,1,0.65,0.35
"코인원 ""코인 넘어 금융으로"", 새 주주 앞세워 하반기 광고전 시동","국내 가상자산 거래소들이 잇달아 대규모 브랜드 광고에 나서는 흐름은 우연이 아니다. 업비트가 이상혁 선수를 앞세워 신뢰와 도전을 강조하고 빗썸이 배우 정우성·전종서로 대중적 파급력을 노리는 사이, 3위권...",https://www.econovill.com/news/articleView.html?idxno=744345,0,0.7059,0,drop,candidate_hybrid_drop_negative_signal,0,0.7059,가상자산,,배우,candidate_hybrid,1,0.65,0.35
"디지털자산 알린 3개월의 여정..두나무, ‘업클래스 앰배서더 1기’ 해...",한국정경신문 변동휘 기­자 kkobugi89021@naver.com [한국정경신문=변동휘 기자] 가상자산 거래소 업비트가 3개월 간의 앰배서더 활동을 종료했다.업비트 운영사 두나무는 3일 역삼동 UP Space에서 업클래스 앰배서더 1기...,https://kpenews.com/View.aspx?No=4137699,18,0.7331,1,keep,candidate_hybrid_keep_strong_domain_rule_anchor,18,0.7331,가상자산;디지털자산;업비트;두나무,,,candidate_hybrid,1,0.65,0.35
"코인원, 2026 브랜드 캠페인 '코인 넘어 금융으로' 진행",이투데이=심영주 기자 | 가상자산 거래소 코인원이 하반기를 맞아 2026 브랜드 캠페인 ‘코인을 넘어 금융으로’를 전개한다고 6일 밝혔다. 이번 캠페인은 올 연말까지 진행되는 대규모 마케팅 프로젝트다. 총 3개 파트로...,https://www.etoday.co.kr/news/view/2600431,4,0.6927,1,keep,candidate_hybrid_model_keep_prob_ge_threshold_with_domain_anchor,4,0.6927,가상자산,,,candidate_hybrid,1,0.65,0.35
[아주경제 코이너스 브리핑] 비트코인 6만3000달러선…美현물 ETF 자금 유...,6일 글로벌 가상자산 시황 사이트 코인마켓캡에 따르면 비트코인은 이날 오전 8시 기준 전일 대비 0.89... 위험자산 선호 심리를 일부 자극한 것으로 분석된다. 한편 같은 시각 국내 원화 거래소 빗썸에서는...,https://www.ajunews.com/view/20260706081147987,5,0.6544,1,keep,candidate_hybrid_model_keep_prob_ge_threshold_with_domain_anchor,5,0.6544,가상자산,원화,,candidate_hybrid,1,0.65,0.35
"코인원, 대규모 브랜드 캠페인 '코인을 넘어 금융으로' 진행",국내 가상자산 거래소 코인원이 대규모 마케팅 프로젝트를 추진한다. 코인원은 2026 브랜드 캠페인 '코인을 넘어 금융으로'를 진행한다고 6일 밝혔다. 이번 캠페인은 올 연말까지 진행되는 대규모 마케팅 프로젝트다. 총...,https://view.asiae.co.kr/article/2026070608154496499,4,0.6763,1,keep,candidate_hybrid_model_keep_prob_ge_threshold_with_domain_anchor,4,0.6763,가상자산,,,candidate_hybrid,1,0.65,0.35
"블랙록 전 임원 ""클래리티 법안 지연 땐 한국·일본 등 아시아가 암호화...","지연되면서 가상자산 시장, 특히 리플 XRP 가격에 단기적인 파고가 예상된다는 분석이 나왔다. 이 가운데... 해당 법안이 통과되면 암호화폐 거래소들이 전통 금융기관의 시장 점유율을 대거 흡수할 수 있기 때문에...",https://www.g-enews.com/view.php?ud=202607060804057772e250e8e188_1,8,0.6472,1,keep,candidate_hybrid_keep_strong_domain_rule_anchor,8,0.6472,가상자산;암호화폐,,,candidate_hybrid,1,0.65,0.35
"비트코인, 9500만원 회복…美 현물 ETF 두 달 만에 최대 자금 유입",비트코인은 이날 오전 7시25분 기준 가상자산 거래소 빗썸에서 24시간 전보다 0.99% 오른 9552만원에 거래됐다. 달러 기준으로는 6만3494달러를 기록하며 6만3000달러선을 회복했다. 주요 알트코인도 일제히 강세를...,https://www.newsis.com/view/NISX20260706_0003696529,5,0.6167,0,drop,candidate_hybrid_gray_drop_score_lt_threshold,5,0.6167,가상자산,달러,,candidate_hybrid,1,0.65,0.35
리플XRP·솔스티스·비트코인 하락…금리 부담 속 혼조,"미국 10년물 국채 수익률이 7월 3일 4.487%로 전일보다 0.009%p 오르면서 가상자산 시장은 금리 부담과 규제 기대가 엇갈린 흐름을 보였다. 7월 6일 7시 기준 국내 4대 거래소의 최근 24시간 거래대금은 1조 2,245억원으로...",https://www.topstarnews.net/news/articleView.html?idxno=16124603,8,0.7364,1,keep,candidate_hybrid_keep_strong_domain_rule_anchor,8,0.7364,국채;가상자산,금리,,candidate_hybrid,1,0.65,0.35
"9200억 확보한 박관호, AI로 손 뻗을까[K-게임 개척자들]","위메이드는 자체 가상자산인 위믹스를 앞세워 블록체인 사업을 추진했지만, 위믹스는 유통량 허위 공시 논란 등을 겪으며 끝내 국내 가상자산 거래소에서 상장폐지됐다. 또 다른 게임업계 관계자는 ""박 의장이 새로운...",https://www.newsway.co.kr/news/view?ud=2026070317191440573,4,0.7047,1,keep,candidate_hybrid_model_keep_prob_ge_threshold_with_domain_anchor,4,0.7047,가상자산,,,candidate_hybrid,1,0.65,0.35
비트코인 시세…이더리움·리플·솔라나 가격,"독일 수사당국(BKA)은 최근 압수한 비트코인 3,000 BTC를 매도를 목적으로 가상자산 거래소로 이체하며 시장의 유동성 우려를 가중시켰다. 대규모 잠재 물량이 거래소로 유입되는 흐름이 지속되면서 단기적인 하방...",https://www.bntnews.co.kr/article/view/bnt202607060004,7,0.6234,1,keep,candidate_hybrid_gray_keep_domain_score_ge_threshold,7,0.6234,유동성;가상자산,,,candidate_hybrid,1,0.65,0.35
"[더벨]바이낸스, 한국 주식 연계 상품 확대 '글로벌 트렌드로'","한국 주식을 기초자산으로 한 디지털자산 파생상품이 글로벌 가상자산거래소 전반으로 확산하고 있다. 바이낸스를 비롯해 게이트아이오 등이 삼성전자, SK하이닉스, KORU 등을 기초자산으로 한 상품을 잇달아...",https://www.thebell.co.kr/free/content/ArticleView.asp?key=202607021010286840103435,14,0.6282,1,keep,candidate_hybrid_keep_strong_domain_rule_anchor,14,0.6282,가상자산;디지털자산;가상자산거래소,주식,,candidate_hybrid,1,0.65,0.35
거래절벽에 제도도 지연…가상자산 업계 '생존 압박' 커진다,국내 가상자산 거래소 코빗은 최근 운영비와 인건비 등 운영자금 확보를 위해 회사가 보유한 비트코인과 이더리움을 매각하기로 결정했다. 업계에서는 이를 단순한 자산 운용 차원을 넘어 거래소들의 어려운 경영 환경을...,https://www.dailian.co.kr/news/view/1663098/?sc=Naver,4,0.6757,1,keep,candidate_hybrid_model_keep_prob_ge_threshold_with_domain_anchor,4,0.6757,가상자산,,,candidate_hybrid,1,0.65,0.35
"[크립토마켓]비트코인 가격, 다시 1억 정조준…일주일 새 5.4% 껑충",미국 최대 가상자산 거래소 코인베이스는 같은날 3.92% 상승하며 거래가 종료됐다. 미국 뉴욕증시는 250주년을 맞은 독립기념일을 기념해 3일 증시가 문을 닫아 지난 2일 종가가 최신 거래 데이터다.,https://www.sidae.com/article/2026070606454255274,4,0.661,1,keep,candidate_hybrid_model_keep_prob_ge_threshold_with_domain_anchor,4,0.661,가상자산,,,candidate_hybrid,1,0.65,0.35
활용 범위 커지는 '주식 토큰'…선물 시장 담보로 쓴다,박현영 블록체인전문기자 = 미국 대형 가상자산 거래소 크라켄이 '토큰화 주식(주식 토큰)'을 선물·마진거래 담보로 인정하면서 주식 토큰의 활용처가 다양해지고 있다는 분석이 나온다. 6일 코인텔레그래프 등 외신에...,https://www.news1.kr/finance/blockchain-fintech/6218176,5,0.6035,0,drop,candidate_hybrid_gray_drop_score_lt_threshold,5,0.6035,가상자산,주식,,candidate_hybrid,1,0.65,0.35
"리플(XRP), 단기 조정 속 상승세 유지…제도권 편입 기대감 고조","리플(XRP), 단기 조정 속 7일 상승률 8.7%…제도권 편입 기대감 '여전' 글로벌 가상자산 시장이 변동성... 거래량 구성을 살펴보면, 24시간 기준 중앙화 거래소(CEX) 거래량이 약 10억 7,191만 달러로 전체의 99.9%를...",https://www.tokenpost.kr/news/cryptocurrency/375213,4,0.6153,0,drop,candidate_hybrid_gray_drop_score_lt_threshold,4,0.6153,가상자산,,,candidate_hybrid,1,0.65,0.35
가상자산도 ‘압류·매각’ 강제집행 제도화,"개정안에 따르면 법원이 특정 가상자산에 대해 압류를 명령했을 때, 해당 가상자산 거래소는 채무자에게 코인을 이전할 수 없으며 채무자의 처분권 역시 제한된다. 압류된 가상자산은 채권자에게 직접 넘기거나 법원...",https://www.segye.com/newsView/20260705509030?OutUrl=naver,4,0.6822,1,keep,candidate_hybrid_model_keep_prob_ge_threshold_with_domain_anchor,4,0.6822,가상자산,,,candidate_hybrid,1,0.65,0.35
"北 해킹조직, 인기 개발 패키지 위장 악성코드로 개발자 PC 노렸다",지난해 국내 가상자산 거래소 업비트를 해킹의 배후로 지목된 바 있다. 저장소에 올라온 가짜 패키지 일부는 긴급 조치를 통해 접근이 차단됐다. 다만 연구소는 이미 해당 패키지를 설치한 개발자나 기업은 피해...,https://www.dt.co.kr/article/12071233?ref=naver,4,0.7083,1,keep,candidate_hybrid_model_keep_prob_ge_threshold_with_domain_anchor,4,0.7083,가상자산,,,candidate_hybrid,1,0.65,0.35
"""바이낸스서 코인 시세 띄워도 잡힌다""…금융당국 첫 고발",박현영 블록체인전문기자 = 금융당국이 해외 가상자산 거래소에서 시세를 조종해 국내 투자자들에게 피해를 입힌 투자자를 수사기관에 고발했다. 해외 거래소에서 시작된 시세조종에 국내법을 적용해 처벌에 나선 첫...,https://www.news1.kr/finance/blockchain-fintech/6217446,4,0.6591,1,keep,candidate_hybrid_model_keep_prob_ge_threshold_with_domain_anchor,4,0.6591,가상자산,,,candidate_hybrid,1,0.65,0.35
"북한,러시아,이란 가상자산 연 150조원 자금 탈취•세탁 어떻게?",원유 수출 대금 우회: 이란은 최대 원유 수입국인 중국 등에 석유를 판매한 대금을 이란 최대 가상자산 거래소(노비텍스 등)나 해외 거점 거래소를 거쳐 가상자산 형태로 받아 챙긴다. 이 자금은 다시 중동 내 친이란...,https://www.ilemonde.com/news/articleView.html?idxno=30295,4,0.6902,1,keep,candidate_hybrid_model_keep_prob_ge_threshold_with_domain_anchor,4,0.6902,가상자산,,,candidate_hybrid,1,0.65,0.35
가상자산도 압류·현금화 강제집행 가능해진다…대법원 입법예고,이에 채무자의 가상자산과 거래소 등에 대한 이전청구권까지 포함한 강제집행 절차를 체계화했다. 개정안에 따르면 강제 집행은 채무자가 법원의 압류명령에 따라 개시된다. 법원이 거래소에 맡겨둔 가상자산에 대해 압류...,https://www.kukinews.com/article/view/kuk202607060001,4,0.615,0,drop,candidate_hybrid_gray_drop_score_lt_threshold,4,0.615,가상자산,,,candidate_hybrid,1,0.65,0.35
"반도체發 집값 상승 논란에, 삼전 사내대출 85㎡ 이하로 제한","SK하이닉스는 무주택 임직원에게 최대 1억 원의 주택자금을 빌려주고, 삼성전기는 사내대출 제도가 없다. 가상자산 거래소 업비트를 운영하는 두나무 정도가 무이자로 최대 5억 원을 빌려준다.",https://www.donga.com/news/Economy/article/all/20260706/134240646/2,9,0.6659,1,keep,candidate_hybrid_keep_strong_domain_rule_anchor,9,0.6659,가상자산;두나무,,,candidate_hybrid,1,0.65,0.35
"JP모건, 이자 지급형 스테이블코인 재차 경고 '예금 대체 우려'","허용 범위를 제한하거나 별도의 감독 체계를 적용받을 가능성이 크다는 관측이 돌고 있다. 스테이블코인 대표 자산인 테더는 7월 6일 오전 현재 고팍스 가상화폐 거래소에서 전일대비 0.06% 하락한 1,506원에 거래되고 있다.",https://www.khgames.co.kr/news/articleView.html?idxno=306066,9,0.555,1,keep,candidate_hybrid_keep_strong_domain_rule_anchor,9,0.555,고팍스;스테이블코인,,,candidate_hybrid,1,0.65,0.35
미국 고용 쇼크에 비트코인 반등 '위험자산 선호 살아나',"미국 추가 금리 인상 우려 완화 기대감에 위험자산인 비트코인 가격이 반등했다. 예상보다 빠르게 둔화된... 비트코인은 7월 6일 오전 현재 빗썸 가상화폐 거래소에서 전일대비 0.19% 하락한 9,439만 원에 거래되고 있다.",https://www.khgames.co.kr/news/articleView.html?idxno=306064,6,0.4713,1,keep,candidate_hybrid_gray_keep_domain_score_ge_threshold,6,0.4713,빗썸,금리,,candidate_hybrid,1,0.65,0.35
"대법원, 코인 등 가상자산 강제집행 구체화","또 채권자는 거래소가 가상자산 보유 여부, 보유 종류와 수량 등을 진술하도록 법원에 신청할 수 있다. 거래소가 아닌 개인 전자지갑에 보관한 가상자산도 압류 대상이다. 법원이 채권자에게 가상자산이전 청구권을...",https://www.jnilbo.com/news/articleView.html?idxno=90000047786,4,0.6982,1,keep,candidate_hybrid_model_keep_prob_ge_threshold_with_domain_anchor,4,0.6982,가상자산,,,candidate_hybrid,1,0.65,0.35
"[자정 뉴스브리핑] 앱토스, 치명적 취약점 수정...최대 700억달러 자산 ...","OKX벤처스, 국내 거래소 코인원 지분 20% 인수 우블록체인은 디지털투데이를 인용해 OKX 자회사 OKX벤처스가 국내 가상자산 거래소 코인원 지분 20%를 최근 인수했다고 전했다. 이번 인수로 OKX벤처스는 코인원의 공동...",https://www.tokenpost.kr/news/briefing/375190,4,0.7598,1,keep,candidate_hybrid_model_keep_prob_ge_threshold_with_domain_anchor,4,0.7598,가상자산,,,candidate_hybrid,1,0.65,0.35
가상자산 압류·현금화 강제집행 제도화...대법원 입법예고,"이번 개정안은 채무자의 가상자산과 거래소 등에 대한 이전청구권까지 포함한 강제집행 절차를 체계화했습니다. 앞으로 법원이 거래소에 맡겨둔 가상자산에 대해 압류 결정을 내리면 해당 자산 처분이 금지되고, 거래소...",https://www.ikbc.co.kr/article/view/kbc202607050053,4,0.6391,0,drop,candidate_hybrid_gray_drop_score_lt_threshold,4,0.6391,가상자산,,,candidate_hybrid,1,0.65,0.35
"‘코인 압류’ 길 열렸다… 대법, 가상자산 강제집행 규칙 마련","개정안은 채무자가 보유한 가상자산과 거래소 등에 대한 이전청구권을 모두 강제집행 대상으로 규정했다. 법원이 압류명령을 내리면 채무자의 처분이 금지되고, 가상자산은 집행관에게 이전된다. 집행관이 가상자산을...",https://www.seoul.co.kr/news/society/2026/07/05/20260705500087?wlog_tag3=naver,4,0.6792,1,keep,candidate_hybrid_model_keep_prob_ge_threshold_with_domain_anchor,4,0.6792,가상자산,,,candidate_hybrid,1,0.65,0.35
"""비트코인도 압류가능""…대법, 가상자산 강제집행 첫 기준 마련","채권자는 거래소에 가상자산 보유 여부와 종류, 수량 등을 진술하도록 법원에 신청할 수 있다. 거래소가 아닌 개인 전자지갑에 보관한 가상자산도 압류 대상에 포함된다. 법원이 채권자에게 가상자산이전 청구권을...",https://www.edaily.co.kr/news/newspath.asp?newsid=02332086645511568,4,0.6911,1,keep,candidate_hybrid_model_keep_prob_ge_threshold_with_domain_anchor,4,0.6911,가상자산,,,candidate_hybrid,1,0.65,0.35
가상자산도 압류·현금화 가능해진다… 대법원 강제집행 제도화,"개정안은 채무자가 보유한 가상자산과 거래소 등에 대한 이전청구권을 강제집행 대상에 포함하고 압류부터 매각, 현금화에 이르는 절차를 구체적으로 규정했다. 앞으로 법원이 거래소에 보관된 가상자산에 대해 압류...",https://www.kbmaeil.com/article/20260705500729,4,0.6366,0,drop,candidate_hybrid_gray_drop_score_lt_threshold,4,0.6366,가상자산,,,candidate_hybrid,1,0.65,0.35
[패트롤] 경기도-구리시-남양주시-양평군-하남시,특히 하남시는 국내 주요 가상자산(암호화폐)거래소에 법인계정을 개설해 지방세 체납자가 보유한 가상자산을 압류-매각-추심하는 체계를 구축했다. 이를 통해 고액-상습 체납자의 은닉재산을 보다 효과적으로 추적하고...,https://www.ekn.kr/web/view.php?key=20260705026269419,8,0.7201,1,keep,candidate_hybrid_keep_strong_domain_rule_anchor,8,0.7201,가상자산;암호화폐,,,candidate_hybrid,1,0.65,0.35
"코인 숨겨도 압류·매각 가능해진다…법원, 가상자산 집행절차 마련",개정안은 채무자가 보유한 가상자산은 물론 거래소 등에 대한 이전청구권까지 강제집행 대상에 포함해 관련 절차를 체계적으로 규정한 것이 핵심이다. 앞으로 법원이 거래소에 보관 중인 가상자산에 대해 압류 결정을...,https://www.sedaily.com/article/20063987?ref=naver,4,0.6913,1,keep,candidate_hybrid_model_keep_prob_ge_threshold_with_domain_anchor,4,0.6913,가상자산,,,candidate_hybrid,1,0.65,0.35
가상자산도 강제집행 가능해진다…대법원 입법예고,"또 채권자는 거래소가 가상자산 보유 여부, 보유 종류와 수량 등을 진술하도록 법원에 신청할 수 있다. 거래소가 아닌 개인 전자지갑에 보관한 가상자산도 압류 대상이다. 법원이 채권자에게 가상자산이전 청구권을...",https://www.news1.kr/society/court-prosecution/6218234,4,0.6305,0,drop,candidate_hybrid_gray_drop_score_lt_threshold,4,0.6305,가상자산,,,candidate_hybrid,1,0.65,0.35
"""코인 숨겨도 소용없다""…대법원, 판결 전 전자지갑 동결",이번 개정안은 채무자가 보유한 가상자산 자체뿐만 아니라 가상자산 거래소 등에 대해 가지는 이전청구권까지 강제집행 대상에 명시해 절차를 체계화한 것이 골자다. 개정안에 따라 향후 사법부가 가상자산에 대해 압류...,https://www.hankyung.com/article/2026070565617,4,0.7746,1,keep,candidate_hybrid_model_keep_prob_ge_threshold_with_domain_anchor,4,0.7746,가상자산,,,candidate_hybrid,1,0.65,0.35
“코인으로 재산 숨겨도 소용없다”…비트코인 압류·매각 시대 열린다,"개정안은 채무자가 보유한 가상자산과 거래소에 대한 이전청구권을 강제집행 대상에 포함하고, 압류와 매각, 현금화 절차를 구체적으로 규정한 것이 핵심이다. 앞으로 법원이 거래소에 보관된 가상자산을 압류하면 해당...",https://www.kyeonggi.com/article/20260705580369,4,0.6096,0,drop,candidate_hybrid_gray_drop_score_lt_threshold,4,0.6096,가상자산,,,candidate_hybrid,1,0.65,0.35
가상자산 강제집행 절차 구체화…압류 코인 '비트코인 전환 매각' 허용,이번 개정안은 채무자가 보유한 가상자산 자체뿐만 아니라 가상자산 거래소 등에 대해 가지는 이전청구권까지 집행 대상에 포함해 강제집행 과정을 제도화한 것이 특징이다. 개정안에 따르면 향후 사법부가 특정...,https://view.asiae.co.kr/article/2026070519453636246,4,0.8047,1,keep,candidate_hybrid_model_keep_prob_ge_threshold_with_domain_anchor,4,0.8047,가상자산,,,candidate_hybrid,1,0.65,0.35
가상자산 압류·현금화 강제집행 등 대법원 입법예고,"이번 개정안은 채무자의 가상자산과 거래소 등에 대한 이전청구권까지 포함한 강제집행 절차를 체계화했습니다. 앞으로 법원이 거래소에 맡겨둔 가상자산에 대해 압류 결정을 내리면 해당 자산 처분이 금지되고, 거래소...",http://www.yonhapnewstv.co.kr/news/AKR20260705193403Njs,4,0.6347,0,drop,candidate_hybrid_gray_drop_score_lt_threshold,4,0.6347,가상자산,,,candidate_hybrid,1,0.65,0.35
전자지갑 비밀번호 잃어도… 가상자산 강제집행 가능해진다,그동안 가상자산은 소송에서 이기더라도 실제 집행 단계에서 난항을 겪는 경우가 많았다. 실제로 한 투자자가 소형 거래소에 착오로 잘못 보낸 시바이누(SHIB) 코인 54억5000만여 개를 돌려달라며 소송을 냈다. 하지만 거래소...,https://www.joongang.co.kr/article/25442541,4,0.6465,0,drop,candidate_hybrid_gray_drop_score_lt_threshold,4,0.6465,가상자산,,,candidate_hybrid,1,0.65,0.35
가상자산도 압류·현금화 강제집행 제도화…대법원 입법예고,"이번 개정안은 채무자의 가상자산과 거래소 등에 대한 이전청구권까지 포함한 강제집행 절차를 체계화했다. 앞으로 법원이 거래소에 맡겨둔 가상자산에 대해 압류 결정을 내리면 해당 자산 처분이 금지되고, 거래소 등은...",https://www.yna.co.kr/view/AKR20260705042100004?input=1195m,4,0.583,0,drop,candidate_hybrid_gray_drop_score_lt_threshold,4,0.583,가상자산,,,candidate_hybrid,1,0.65,0.35
이란·러시아·북한 등 美 몰래 150조원 가상화폐 챙겼다,미국도 최근 수년간 제재 대상국과 테러단체가 이용한 암호화폐 지갑을 압류하거나 거래소를 제재하는 등 단속을 강화해 왔다. 하지만 가상자산 생태계가 빠르게 진화하는 데다 국가 간 규제 수준도 달라 제재 당국이...,https://www.dt.co.kr/article/12071227?ref=naver,11,0.6173,1,keep,candidate_hybrid_keep_strong_domain_rule_anchor,11,0.6173,제재;가상자산;암호화폐,,,candidate_hybrid,1,0.65,0.35
"[단독]삼성전자, 사내 주거대출 ‘국평 85㎡’ 이하로 제한한다","SK하이닉스는 무주택 임직원에게 최대 1억 원의 주택자금을 빌려주고, 삼성전기도 사내대출 제도가 없다. 가상자산 거래소 업비트를 운영하는 두나무 정도가 무이자로 최대 5억 원을 빌려준다.",https://www.donga.com/news/Economy/article/all/20260705/134238285/1,9,0.6317,1,keep,candidate_hybrid_keep_strong_domain_rule_anchor,9,0.6317,가상자산;두나무,,,candidate_hybrid,1,0.65,0.35
"""매도 압력 완화는 새빨간 거짓말?""... 리플 거래량 감소가 가리키는 파...","바이낸스 거래소의 유동성 고갈 쇼크와 10년 주기 가우시안 채널 재테스트가 맞물려 가상자산 시장의 긴장감이 극도로 고조된 가운데, 리플(XRP) 차트가 하방 세력을 전멸시키기 위한 정교한 '이중 바닥(이중저면)...",https://www.pinpointnews.co.kr/news/articleView.html?idxno=465653,7,0.6266,1,keep,candidate_hybrid_gray_keep_domain_score_ge_threshold,7,0.6266,유동성;가상자산,,,candidate_hybrid,1,0.65,0.35
"WSJ ""북·러·이란 등에 가상자산 150조 유입""","미국의 블랙리스트에 오른 북한과 러시아, 이란 등이 제재 회피 수단으로 가상자산 활용을 늘리면서 지난해... 이란 혁명수비대는 암호화폐 거래소를 통해 중국에 대한 원유 판매 대금을 받아온 것으로 알려졌으며...",http://www.yonhapnewstv.co.kr/news/MYH20260705175529zRE,11,0.6848,1,keep,candidate_hybrid_keep_strong_domain_rule_anchor,11,0.6848,제재;가상자산;암호화폐,,,candidate_hybrid,1,0.65,0.35
개미들 다 가짜 반등에 속았다고...리플 고래들이 설계한 3개월 캔들의...,"바이낸스 거래소 내 리플 지갑의 순유입이 1년 만에 마이너스로 전환되며 실물 유동성 고갈 우려가... 4일(현지시간) 가상자산 전문 매체 더크립토베이직 및 기술적 분석 업계에 따르면, 가상자산 시장에서 장기 파동...",https://www.pinpointnews.co.kr/news/articleView.html?idxno=465651,7,0.6695,1,keep,candidate_hybrid_model_keep_prob_ge_threshold_with_domain_anchor,7,0.6695,유동성;가상자산,,,candidate_hybrid,1,0.65,0.35
"美 제재에도…""북·러·이란 등에 가상자산 150조원 유입""",미국이 테러단체로 지정한 팔레스타인 무장정파 하마스도 가상자산 기부를 요청해 온 것으로 파악됐다. 이란 혁명수비대(IRGC)는 국내외 암호화폐 거래소를 이용해 최대 원유 구매국인 중국에 대한 원유 판매 대금을...,https://news.tvchosun.com/site/data/html_dir/2026/07/05/2026070590116.html,8,0.6587,1,keep,candidate_hybrid_keep_strong_domain_rule_anchor,8,0.6587,가상자산;암호화폐,,,candidate_hybrid,1,0.65,0.35
거래소에 리플이 없다... 바이낸스 XRP 지갑 1년 만에 기습 대봉쇄,"4일(현지시간) 온체인 데이터 분석 플랫폼 크립토퀀트 및 가상자산 전문 매체에 따르면, 세계 최대 가상자산 거래소 바이낸스 내 리플 지갑의 자금 흐름이 지난 1년 만에 처음으로 순입금에서 순출금(마이너스) 상태로...",https://www.pinpointnews.co.kr/news/articleView.html?idxno=465649,4,0.7316,1,keep,candidate_hybrid_model_keep_prob_ge_threshold_with_domain_anchor,4,0.7316,가상자산,,,candidate_hybrid,1,0.65,0.35
"OKX벤처스, 코인원 지분 20% 인수…공동 3대 주주 올라",우블록체인은 디지털투데이를 인용해 OKX 자회사 OKX벤처스가 국내 가상자산 거래소 코인원 지분 20%를 최근 인수했다고 전했다. 이번 인수로 OKX벤처스는 코인원의 공동 3대 주주가 됐다. 코인원은 OKX의 매칭 엔진...,https://www.tokenpost.kr/news/breaking/375153,4,0.745,1,keep,candidate_hybrid_model_keep_prob_ge_threshold_with_domain_anchor,4,0.745,가상자산,,,candidate_hybrid,1,0.65,0.35
"암호화폐, 제재 우회로 급부상... 153조원 이상 자금 이동","지난달에는 이란 최대 거래소 노비텍스를 포함한 이란 거래소 4곳을 제재했고, 스콧 베선트 재무장관은 미국이 이란으로부터 10억달러 규모의 가상자산을 압류했다고 밝혔다. 다만 전문가들은 가상자산 생태계가 매우...",https://www.tokenpost.kr/news/cryptocurrency/375152,11,0.661,1,keep,candidate_hybrid_keep_strong_domain_rule_anchor,11,0.661,제재;가상자산;암호화폐,,,candidate_hybrid,1,0.65,0.35
"북·러·이란, 미국 제재 피하려 150조 규모 가상자산 활용","지난달에는 이란 최대 거래소 노비텍스를 포함한 이란 거래소 4곳을 제재했고, 스콧 베선트 재무장관은 미국이 이란으로부터 10억 달러 규모의 가상자산을 압류했다고 밝혔습니다. 그러나 전문가들은 가상자산 생태계가...",http://mbn.mk.co.kr/pages/news/newsView.php?category=mbn00008&news_seq_no=5203942,8,0.6561,1,keep,candidate_hybrid_keep_strong_domain_rule_anchor,8,0.6561,제재;가상자산,달러,,candidate_hybrid,1,0.65,0.35
“이란·북한·러시아 등에 지난해 가상자산 1000억 달러 유입”,시장을 공략하는 방식도 더 정교해지고 있고 거래를 돕기 위해 자체적인 디지털 토큰과 가상자산 거래소를 구축하고 있는 것으로 전해졌다. 케이틀린 마틴 체인애널리시스 애널리스트는 “가상자산이 제재 회피 방식을...,https://www.etoday.co.kr/news/view/2600362,8,0.5801,1,keep,candidate_hybrid_keep_strong_domain_rule_anchor,8,0.5801,제재;가상자산,달러,,candidate_hybrid,1,0.65,0.35
"""이란·러·북한, 가상자산으로 美 제재망 우회…작년 153조원 규모""","지난달에는 이란 최대 거래소 노비텍스를 포함한 이란 거래소 4곳을 제재했고, 스콧 베선트 재무장관은 미국이 이란으로부터 10억 달러 규모의 가상자산을 압류했다고 밝혔다. 다만 전문가들은 가상자산 생태계가...",https://www.ajunews.com/view/20260705164811628,5,0.5125,0,drop,candidate_hybrid_gray_drop_score_lt_threshold,5,0.5125,가상자산,달러,,candidate_hybrid,1,0.65,0.35
"[단독] “잡코인밖에 없어요” 안 통한다... 법원, 가상자산 압류·매각...","그동안 명확한 가이드라인 없이 임기응변 식으로 처리하던 가상 자산 집행 절차가 처음으로 구체화, 제도화된 것이다. ① 코인도 강제 압류·매각 가능 이번 개정안은 거래소에 맡겨둔 코인을 압류·매각하는 절차를...",https://www.chosun.com/national/court_law/2026/07/05/KZN5BTWXFRDJLFYTGZIXDHA3FQ/?utm_source=naver&utm_medium=referral&utm_campaign=naver-news,4,0.6319,0,drop,candidate_hybrid_gray_drop_score_lt_threshold,4,0.6319,가상자산,,,candidate_hybrid,1,0.65,0.35
[통일논단] 북한의 해킹 국제범죄 좌시해선 안 된다,지난해 북한은 글로벌 가상자산 거래소인 바이비트에서 15억 달러를 해킹한 바 있다. 널리 알려진 대로 얼마 전에도 북한 정부가 지원하는 해킹 조직들이 생성형 인공지능을 조직적으로 악용하고 소프트웨어...,https://www.newscj.com/news/articleView.html?idxno=3414594,4,0.7121,1,keep,candidate_hybrid_model_keep_prob_ge_threshold_with_domain_anchor,4,0.7121,가상자산,,,candidate_hybrid,1,0.65,0.35
“미국이 돈줄 막아도 다 방법이 있지”…북·러·이란으로 흘러간 코인...,이란 암호화폐 거래소를 추적하는 TRM랩스의 아리 레드보드 정책책임자는 “최근 미국의 제재를 받은 이란 가상자산 플랫폼은 가장 눈에 띄는 거점에 불과하다”며 “일부 플랫폼을 폐쇄한다고 해서 그 아래 네트워크...,https://www.mk.co.kr/article/12090613,8,0.621,1,keep,candidate_hybrid_keep_strong_domain_rule_anchor,8,0.621,가상자산;암호화폐,,,candidate_hybrid,1,0.65,0.35
"암호화폐 '제재 우회' 수단 안착…이란·러·북한, 작년 153조 굴려","이란과 러시아, 북한 등 국제 제재를 받는 국가들이 지난해 가상자산(암호화폐)으로 1000억달러(약 153조원)에... 제재 대상국들은 암호화폐로 무기와 드론, 연료 등을 구입하는 데 그치지 않고, 자체 토큰과 거래소까지...",https://www.edaily.co.kr/news/newspath.asp?newsid=01977846645511568,11,0.6899,1,keep,candidate_hybrid_keep_strong_domain_rule_anchor,11,0.6899,제재;가상자산;암호화폐,,,candidate_hybrid,1,0.65,0.35
"[저녁 뉴스브리핑] 앱토스, 최대 700억달러 노출 가능 취약점 수정 外","국내 5대 거래소 상반기 신규 상장 순증, 전년 대비 74% 감소 국내 5대 가상자산 거래소의 올해 상반기 신규 상장 순증 규모가 전년 동기 대비 약 74% 감소한 것으로 집계됐다. 오데일리에 따르면 이투데이는 업비트...",https://www.tokenpost.kr/news/briefing/375143,9,0.6709,1,keep,candidate_hybrid_keep_strong_domain_rule_anchor,9,0.6709,가상자산;업비트,,,candidate_hybrid,1,0.65,0.35
"2분기 원화거래소 신규상장, 업비트·빗썸 쏠림 뚜렷",5일 디지털자산거래소 공동협의체(DAXA) 및 거래소 공지에 따르면 올 2분기(4월∼6월) 국내 5대 원화마켓 가상자산 거래소의 원화마켓 신규상장 건수는 총 55건으로 집계됐다. 거래소별로 보면 빗썸이 22건으로 가장...,https://www.dnews.co.kr/uhtml/view.jsp?idxno=202607021625226810775,23,0.8304,1,keep,candidate_hybrid_keep_strong_domain_rule_anchor,23,0.8304,가상자산;디지털자산;디지털자산거래소;업비트;빗썸,,,candidate_hybrid,1,0.65,0.35
미국 제재 회피용...북·러·이란 가상자산 150조 유입,미국이 테러단체로 지정한 팔레스타인 무장정파 하마스도 텔레그램 등을 통해 가상자산 기부를 요청해 온 것으로 파악됐습니다. 이란 혁명수비대(IRGC)는 국내외 암호화폐 거래소를 이용해 최대 원유 구매국인 중국에...,https://www.ikbc.co.kr/article/view/kbc202607050027,11,0.7167,1,keep,candidate_hybrid_keep_strong_domain_rule_anchor,11,0.7167,제재;가상자산;암호화폐,,,candidate_hybrid,1,0.65,0.35
"[단독]5대 가상자산거래소 공시 '165번 정정'…코인원은 ""수정 이력 데이...",여기에 당국이 가상자산거래소의 대주주 지분을 최대 34% 수준으로 제한하는 방안까지 논의하면서 갈등은 걷잡을 수 없이 커졌다. 현재 국회에 계류 중인 디지털자산기본법안은 강력한 공시 규제 장치들을 명시하고...,https://view.asiae.co.kr/article/2026070310102226932,13,0.6888,1,keep,candidate_hybrid_keep_strong_domain_rule_anchor,13,0.6888,가상자산;디지털자산;가상자산거래소,,,candidate_hybrid,1,0.65,0.35
"美제재 뚫는 암호화폐…""北·러·이란 등에 지난해 '150조' 유입""","미국의 국제 제재 대상국인 이란, 러시아, 북한 등이 제재 회피를 위해 가상자산(암호화폐) 사용을 급격히... 개의 가상화폐 거래소가 생겨났다. 이란 이슬람혁명수비대(IRGC) 역시 석유 판매 대금을 받기 위해 국내외...",https://www.news1.kr/world/usa-canada/6218123,11,0.5755,1,keep,candidate_hybrid_keep_strong_domain_rule_anchor,11,0.5755,제재;가상자산;암호화폐,,,candidate_hybrid,1,0.65,0.35
갱신 지연되는 빗썸·고팍스…규제 리스크가 발목,"국내 5대 가상자산거래소는 지난 2024년 하반기부터 순차적으로 갱신신고를 접수해 최근 업비트(지난해 12월), 코빗(올해 2월), 코인원(지난달 29일) 순으로 수리가 이뤄졌다. 빗썸 역시 재작년 현장검사 제재를 이미...",https://www.dnews.co.kr/uhtml/view.jsp?idxno=202607011635361370587,27,0.8326,1,keep,candidate_hybrid_keep_strong_domain_rule_anchor,27,0.8326,가상자산;가상자산거래소;업비트;빗썸;코빗;고팍스,,,candidate_hybrid,1,0.65,0.35
일본의 해외 발행 스테이블코인 관련 제도 개편 및 시사점,"- 해외 발행 스테이블코인은 준비자산을 신탁하는 구조여서 일본 금융상품거래법(金融商品取 引法)상 증권으로 분류될 가능성이 있었으며, 이에 따라 가상자산 거래소(암호자산교환업자) 상장이나 일상적 상거래에...",http://www.ifs.or.kr/bbs/board.php?bo_table=News&wr_id=55874,9,0.7848,1,keep,candidate_hybrid_keep_strong_domain_rule_anchor,9,0.7848,가상자산;스테이블코인,,,candidate_hybrid,1,0.65,0.35
"코빗, 또 비트코인 매각…법인 매수 막힌 시장에 매도만 쌓인다",가상자산 거래소 코빗이 운영경비 충당을 위해 올해 세 차례에 걸쳐 비트코인과 이더리움 매도에 나섰다. 지난해 말 감사보고서상 회사 소유분을 웃도는 비트코인 매도 물량이 공시된 상황이다. 업계에서는 거래소 등...,https://www.dt.co.kr/article/12071175?ref=naver,8,0.7025,1,keep,candidate_hybrid_keep_strong_domain_rule_anchor,8,0.7025,가상자산;코빗,,,candidate_hybrid,1,0.65,0.35
[금융사기 ⑧테라·루나] 알고리즘 스테이블코인의 신뢰 붕괴,"2022년 5월 7일을 전후해 대형 투자자들이 앵커와 거래소에서 UST를 대량으로 빼내자 가격이 다시 1달러 밑으로 밀렸고, 불안해진 예금자들의 인출이 꼬리를 물면서 가상자산판 뱅크런으로 번졌다. 평시에 1달러를...",https://www.pressman.kr/news/articleView.html?idxno=102609,9,0.6425,1,keep,candidate_hybrid_keep_strong_domain_rule_anchor,9,0.6425,가상자산;스테이블코인,,,candidate_hybrid,1,0.65,0.35
北·러·이란 등 경제 제재국에 가상자산 150조원 유입,미국도 수년간 제재 대상국과 테러단체가 이용한 암호화폐 지갑을 압류하거나 거래소를 제재하는 등 단속을 강화하고 있지만 가상자산 생태계가 빠르게 진화하고 국가 간 규제 수준도 달라 제재 당국이 이를 모두...,https://www.joongangenews.com/news/articleView.html?idxno=530552,11,0.7334,1,keep,candidate_hybrid_keep_strong_domain_rule_anchor,11,0.7334,제재;가상자산;암호화폐,,,candidate_hybrid,1,0.65,0.35
미국 CLARITY Act 법안의 가상자산 관련 AML 정책 방향,■ 현재 가상자산 거래소 등에 대해 AML/CFT 의무가 적용되는 근거는 가상자산 거래소 등을 은행비밀법의 적용을 받는 송금업자에 포함하고 있는 FinCEN의 유권해석임. - 은행비밀법은 적용 대상인...,http://www.ifs.or.kr/bbs/board.php?bo_table=News&wr_id=55873,4,0.845,1,keep,candidate_hybrid_model_keep_prob_ge_threshold_with_domain_anchor,4,0.845,가상자산,,,candidate_hybrid,1,0.65,0.35
가상자산으로 美 제재 피한 이란·러시아·북한… 거래 규모 153조원,이란은 혁명수비대(IRGC)를 중심으로 국내외 암호화폐 거래소를 이용해 최대 원유 수입국인 중국으로부터... 최근 수년간 제재 대상국과 테러단체가 이용한 암호화폐 지갑을 압류하거나 거래소를 제재해 왔으며...,https://biz.chosun.com/international/international_general/2026/07/05/CCZSDX7WLJB3DHJZOCIDOXJCSE/?utm_source=naver&utm_medium=original&utm_campaign=biz,11,0.6494,1,keep,candidate_hybrid_keep_strong_domain_rule_anchor,11,0.6494,제재;가상자산;암호화폐,,,candidate_hybrid,1,0.65,0.35
"미 제재에도…""북·러·이란 등에 가상자산 150조원 유입""",이란 혁명수비대(IRGC)는 국내외 암호화폐 거래소를 이용해 최대 원유 구매국인 중국에 대한 원유 판매 대금을 받아온 것으로 알려졌습니다. 러시아도 우크라이나 전쟁 이후 국제 금융망에서 배제되자 가상자산을 활용한...,http://mbnmoney.mbn.co.kr/news/view?news_no=MM1005872396,8,0.6133,1,keep,candidate_hybrid_keep_strong_domain_rule_anchor,8,0.6133,가상자산;암호화폐,,,candidate_hybrid,1,0.65,0.35
"북·러·이란, 가상자산으로 美 제재 우회… 150조원 유입","지난달에는 이란 최대 암호화폐 거래소인 노비텍스 를 포함한 이란 거래소 4곳을 제재했으며, 스콧 베선트 재무장관은 미국이 이란으로부터 약 10억달러 규모의 가상자산을 압류했다고 밝혔다. 그러나 전문가들은...",https://www.kbmaeil.com/article/20260705500538,11,0.5771,1,keep,candidate_hybrid_keep_strong_domain_rule_anchor,11,0.5771,제재;가상자산;암호화폐,,,candidate_hybrid,1,0.65,0.35
"코인으로 몸집 키운 북·러·이란…WSJ “가상자산 150조원 거래""",국가별로 보면 이란은 혁명수비대(IRGC)를 중심으로 국내외 가상자산거래소를 활용해 원유 판매 대금을 받아온 것으로 전해졌다. 최대 수출 대상국인 중국과의 거래에서도 디지털 자산이 활용된 정황이 포착됐다....,http://www.joseilbo.com/news/news_read.php?uid=571306&class=18&grp=,9,0.5927,1,keep,candidate_hybrid_keep_strong_domain_rule_anchor,9,0.5927,가상자산;가상자산거래소,,,candidate_hybrid,1,0.65,0.35
美 제재 비웃듯…“지난해 북·러·이란에 가상자산 153조 유입”,"지난달에는 이란 최대 가상자산 거래소인 노비텍스를 포함한 거래소 4곳을 제재했고, 스콧 베선트 재무장관은 미국이 이란과 연계된 약 10억달러 규모의 가상자산을 압류했다고 밝혔다. 다만 전문가들은 블록체인...",https://biz.heraldcorp.com/article/10798427?ref=naver,7,0.7525,1,keep,candidate_hybrid_model_keep_prob_ge_threshold_with_domain_anchor,7,0.7525,제재;가상자산,,,candidate_hybrid,1,0.65,0.35
"미국 제재 비웃듯...""북한·러시아·이란 등에 가상자산 150조 원 유입""","지난달에는 이란 최대 거래소 노비텍스를 포함한 이란 거래소 4곳을 제재했고, 스콧 베선트 재무장관은 미국이 이란으로부터 10억 달러 규모의 가상자산을 압류했다고 밝혔습니다. 그러나 전문가들은 가상자산 생태계가...",https://www.ytn.co.kr/_ln/0104_202607051409472676,8,0.6195,1,keep,candidate_hybrid_keep_strong_domain_rule_anchor,8,0.6195,제재;가상자산,달러,,candidate_hybrid,1,0.65,0.35
북·러·이란 가상자산 150조 유입…美 제재에도 8배 '쑥',"지난달에는 이란 최대 거래소 노비텍스를 포함한 이란 거래소 4곳을 제재했고, 스콧 베선트 재무장관은 미국이 이란으로부터 10억달러 규모의 가상자산을 압류했다고 밝혔습니다. 그러나 전문가들은 가상자산 생태계가...",https://biz.sbs.co.kr/article_hub/20000320703?division=NAVER,4,0.6186,0,drop,candidate_hybrid_gray_drop_score_lt_threshold,4,0.6186,가상자산,,,candidate_hybrid,1,0.65,0.35
"美 제재 비웃듯…""북·러·이란 등에 가상자산 150조원 유입""","지난달에는 이란 최대 거래소 노비텍스를 포함한 이란 거래소 4곳을 제재했고, 스콧 베선트 재무장관은 미국이 이란으로부터 10억달러 규모의 가상자산을 압류했다고 밝혔다. 그러나 전문가들은 가상자산 생태계가...",https://www.yna.co.kr/view/AKR20260705025200009?input=1195m,7,0.6756,1,keep,candidate_hybrid_model_keep_prob_ge_threshold_with_domain_anchor,7,0.6756,제재;가상자산,,,candidate_hybrid,1,0.65,0.35
"'1거래소-다은행' 언제쯤…""산업 육성 기조 첫 단추 끼워야""","우리은행은 고팍스와 접촉했고, 과거 빗썸과 코인원에 실명계좌를 제공했던 NH농협은행도 가상자산 거래소들과 물밑 접촉에 나선 것으로 알려졌다. 국내 금융회사와 디지털자산거래소의 관계는 지난 2021년...",https://www.newsway.co.kr/news/view?ud=2026070312544023165,13,0.6107,1,keep,candidate_hybrid_keep_strong_domain_rule_anchor,13,0.6107,가상자산;디지털자산;디지털자산거래소,,,candidate_hybrid,1,0.65,0.35
[포커스] 단일종목 레버리지 손질 나선 금융당국…빚투 확산에 투자자 ...,◆ 해외선 150배 레버리지까지…규제 사각지대 노출 국내에서 단일종목 레버리지 ETF 규제 논의가 진행되는 사이 해외 가상자산 거래소에서는 한국 금융자산을 기초로 한 초고위험 상품 거래가 확대되고 있다. 일부 해외...,https://www.econovill.com/news/articleView.html?idxno=744308,4,0.6981,1,keep,candidate_hybrid_model_keep_prob_ge_threshold_with_domain_anchor,4,0.6981,가상자산,,,candidate_hybrid,1,0.65,0.35
"비트코인 매매가 9499만 원대, 거래소 입금량 급증에 변동성 확대 우려","가상자산 시장에서는 비트코인이 6만2천 달러 선을 회복한 가운데 거래소 입금량이 급증하면서 단기 변동성에 유의해야 한다는 분석이 나온다. 온체인 데이터 분석 플랫폼 크립토퀀트에 따르면, 6월30일 비트코인...",https://www.businesspost.co.kr/BP?command=article_view&num=441570,5,0.6371,0,drop,candidate_hybrid_gray_drop_score_lt_threshold,5,0.6371,가상자산,달러,,candidate_hybrid,1,0.65,0.35
"[오후 뉴스브리핑] 비탈릭 부테린, 3~4년 '린 이더리움' 로드맵 제시 外",국내 5대 거래소 상반기 신규 상장 순증 74% 감소 국내 5대 가상자산 거래소의 올해 상반기 신규 상장 순증 규모가 전년 동기 대비 약 74% 감소한 것으로 집계됐다. 오데일리에 따르면 이투데이는 업비트·빗썸·코인원...,https://www.tokenpost.kr/news/briefing/375120,14,0.7275,1,keep,candidate_hybrid_keep_strong_domain_rule_anchor,14,0.7275,가상자산;업비트;빗썸,,,candidate_hybrid,1,0.65,0.35
韓 5대 거래소 상반기 순상장 49개…전년비 74% 감소,"국내 5대 가상자산 거래소의 올해 상반기 신규 상장 순증 규모가 전년 동기 대비 약 74% 감소한 것으로 집계됐다. 오데일리에 따르면 이투데이는 업비트·빗썸·코인원·코빗·고팍스 자료를 분석한 결과, 올해 상반기 신규...",https://www.tokenpost.kr/news/breaking/375118,22,0.7505,1,keep,candidate_hybrid_keep_strong_domain_rule_anchor,22,0.7505,가상자산;업비트;빗썸;코빗;고팍스,,,candidate_hybrid,1,0.65,0.35
"[금융 HOT 뉴스] 거래소, 코스닥 특례상장 퇴출 요건 강화","바이오 기술특례상장기업이 가상자산 투자 전문기업으로 사업을 바꾸는 사례 등이 대표적이다. 혁신기업 맞춤형 질적심사 기준도 확대했다. 거래소 측은 바이오(2019년), 인공지능(AI)·우주·에너지(2025년 12월) 분야에...",http://www.bizwnews.com/news/articleView.html?idxno=139873,7,0.6305,1,keep,candidate_hybrid_gray_keep_domain_score_ge_threshold,7,0.6305,가상자산,코스닥;금융,,candidate_hybrid,1,0.65,0.35
비트코인 금리 공포 덜어내고 다시 6만달러대…FOMC 의사록에 쏠린 눈 [...,5일 가상자산거래소 코인게코에 따르면 비트코인은 24시간 전 대비 4.6% 상승한 6만2800달러에 거래되고 있다. 지난주 디지털자산 시장은 주 중반까지 약세가 이어지다 연준의 긴축 우려가 한 발 물러서며 반등에...,https://www.dt.co.kr/article/12071137?ref=naver,14,0.6423,1,keep,candidate_hybrid_keep_strong_domain_rule_anchor,14,0.6423,가상자산;디지털자산;가상자산거래소,금리,,candidate_hybrid,1,0.65,0.35
찜찜한 반등…AI·테크주에 달렸다 [이정훈의 코인 위클리뷰],"이 지수는 미국 최대 가상자산 거래소의 코인베이스에서의 비트코인과 글로벌 평균 가격 간 괴리를 나타낸 지표로, 이 수치가 마이너스라는 것은 미국 내 기관투자가들의 자금 흐름과 투자심리가 해외 평균보다 더...",https://www.edaily.co.kr/news/newspath.asp?newsid=01443206645511568,4,0.7231,1,keep,candidate_hybrid_model_keep_prob_ge_threshold_with_domain_anchor,4,0.7231,가상자산,,,candidate_hybrid,1,0.65,0.35
해외서 코스피 150배 상품까지 등장…당국 “글로벌 차원 규제 답 어렵...,"코스피에 최고 150배 레버리지를 걸 수 있는 초고위험 상품이 해외 가상자산 거래소에서 거래되고 있지만, 국내 금융당국의 적극적인 규제는 어려운 실정이다. 연합뉴스에 따르면 최근 일부 해외 가상자산 거래소는 미국...",https://biz.heraldcorp.com/article/10798346?ref=naver,6,0.7756,1,keep,candidate_hybrid_model_keep_prob_ge_threshold_with_domain_anchor,6,0.7756,가상자산,코스피,,candidate_hybrid,1,0.65,0.35
"""북한 해커조직, 개발자 이용하는 코드 뭉치 위장해 악성 코드 유포""",라자루스는 김수키·안다리엘과 더불어 북한 정찰총국 소속으로 알려진 3대 해킹 조직으로 지난해 한국의 가상자산 거래소 업비트를 해킹한 집단으로 지목됐습니다.,https://www.ytn.co.kr/_ln/0104_202607051106108769,4,0.632,0,drop,candidate_hybrid_gray_drop_score_lt_threshold,4,0.632,가상자산,,,candidate_hybrid,1,0.65,0.35
수사정보ㆍ거래판단 해외 플랫폼 의존⋯가상자산 ‘정보주권’ 도마,실제로 4월 국내 가상자산 거래소 업비트 운영사 두나무의 영업일부정지 처분 취소 소송에서도 체이널리시스 모니터링 시스템 활용 여부가 미신고 사업자 거래 차단 노력의 근거로 다뤄졌다. 온체인 분석은 단순 분석...,https://www.etoday.co.kr/news/view/2599591,9,0.7784,1,keep,candidate_hybrid_keep_strong_domain_rule_anchor,9,0.7784,가상자산;업비트,,,candidate_hybrid,1,0.65,0.35
[기업기상도] 비 그쳐 맑게 갠 기업 vs 호우 경보에 움츠린 기업,당국의 손이 닿지 않는 해외 가상자산거래소에 투자액 대비 100배 넘게 벌 수 있다는 유혹이 판을 치고 초단기에 떼돈 벌겠다며 거액의 자금이 몰립니다. 막대한 손실 가능성 걱정되고 증시 변동성까지 더 커집니다....,http://www.yonhapnewstv.co.kr/news/MYH20260704133247ZS5,9,0.5199,1,keep,candidate_hybrid_keep_strong_domain_rule_anchor,9,0.5199,가상자산;가상자산거래소,,,candidate_hybrid,1,0.65,0.35
"""비트코인·알트코인 거래소 입금 급증…코인시장 변동성 확대 초읽기""",가상자산 거래소로 기관투자가나 대규모 투자자들이 자신이 갖고 있는 비트코인과 알트코인 등을 옮기고 있는 것으로 확인됐다. 향후 가상자산시장 전반의 변동성 확대가 임박했다는 신호로 읽히고 있다. 가상자산...,https://www.edaily.co.kr/news/newspath.asp?newsid=01380886645511568,4,0.7186,1,keep,candidate_hybrid_model_keep_prob_ge_threshold_with_domain_anchor,4,0.7186,가상자산,,,candidate_hybrid,1,0.65,0.35
코스피 150배 레버리지 상품까지…해외는 ‘규제 사각지대’,"해외 가상자산 거래소에서 코스피를 기반으로 최고 150배의 레버리지를 일으킬 수 있는 초고위험 무기한 선물 상품이 거래되고 있으나, 금융당국의 직접적인 규제는 한계에 부딪힌 것으로 나타났다. 당국은 국내...",https://www.dt.co.kr/article/12071111?ref=naver,6,0.7181,1,keep,candidate_hybrid_model_keep_prob_ge_threshold_with_domain_anchor,6,0.7181,가상자산,코스피,,candidate_hybrid,1,0.65,0.35
"645억 달러 무차별 인쇄 서클, 솔라나에 퍼부은 유동성 폭탄의 실체","등 가상자산 시장이 거대한 변동성 장세에 돌입한 가운데, 글로벌 2위 스테이블코인 발행사인 서클이... 솔라나는 빠른 처리 속도와 지극히 낮은 수수료를 무기로 레이디움, 주피터 등 탈중앙화 거래소(DEX) 볼륨에서...",https://www.pinpointnews.co.kr/news/articleView.html?idxno=465582,13,0.6693,1,keep,candidate_hybrid_keep_strong_domain_rule_anchor,13,0.6693,유동성;가상자산;스테이블코인,달러,,candidate_hybrid,1,0.65,0.35
"북한 해킹 조직, 인기 코드를 이용한 사이버 공격… 개발자와 기업 위협...","라자루스는 북한 정찰총국과 연계된 조직으로 알려져 있으며, 과거 한국의 가상자산 거래소 해킹 사건에서도 이름이 거론된 바 있다. 현재 가짜 패키지들은 일부가 신속한 조치를 통해 제거되었으나, 이미 설치한...",https://www.gokorea.kr/news/articleView.html?idxno=871181,4,0.6343,0,drop,candidate_hybrid_gray_drop_score_lt_threshold,4,0.6343,가상자산,,,candidate_hybrid,1,0.65,0.35
발행사 독식 구조 깬 '오픈 USD'의 기습…USDC·USDT 철옹성 흔들린다,등장해 가상자산 시장이 극도의 긴장감에 휩싸였다. 4일(현지시간) 가상자산 전문 매체 크립토데일리 및... 준비금 수탁 현황과 글로벌 거래소 내 스테이블코인 점유율 변화를 가장 예리하게 감시해야 한다고 말했다.,https://www.pinpointnews.co.kr/news/articleView.html?idxno=465581,9,0.7458,1,keep,candidate_hybrid_keep_strong_domain_rule_anchor,9,0.7458,가상자산;스테이블코인,,,candidate_hybrid,1,0.65,0.35
"""내 돈도 묶이나""... 레볼루트 USDT 강제 청산 통보에 전 세계 소매 투자...","사진=로이터 연합뉴스 가상자산 시장이 비트코인 6만 2,000달러 선 안착을 두고 치열한 눈치싸움을 벌이는... 블루칩 자산의 하방 지지선이 한순간에 붕괴될 수 있기 때문이다. 특히 거래소 대기 자금이 굳어버리는...",https://www.pinpointnews.co.kr/news/articleView.html?idxno=465579,4,0.6454,0,drop,candidate_hybrid_gray_drop_score_lt_threshold,4,0.6454,가상자산,,,candidate_hybrid,1,0.65,0.35
"""개미들이 고래의 목을 쳤다""... 소매 투자자 폭발적 급증에 공매도 세...","글로벌 가상자산 시장이 비트코인 6만 2,000달러 선 안착을 두고 피비린내 나는 눈치싸움을 벌이는 가운데... 둘째로 미실현 손익 지표(MVRV)가 -47%라는 역사적 대바닥을 다진 직후, 거래소 밖 개인 지갑으로의 이더리움...",https://www.pinpointnews.co.kr/news/articleView.html?idxno=465578,7,0.6651,1,keep,candidate_hybrid_model_keep_prob_ge_threshold_with_domain_anchor,7,0.6651,공매도;가상자산,,,candidate_hybrid,1,0.65,0.35
유럽 최대 자본의 습격…5000만 개미 군단이 흔들 가상자산 시장의 운명,덤핑이나 거래소의 연쇄 청산 쇼크가 터질 경우 수많은 독일 소매 개미들이 단숨에 파산 절벽으로 밀려나는 대재앙이 발생할 수 있다며 글로벌 유동성 교역량과 가상자산 수탁 잔고 추이를 가장 예리하게 감시해야...,https://www.pinpointnews.co.kr/news/articleView.html?idxno=465577,7,0.6512,1,keep,candidate_hybrid_model_keep_prob_ge_threshold_with_domain_anchor,7,0.6512,유동성;가상자산,,,candidate_hybrid,1,0.65,0.35
내 계좌의 주식이 가짜?...미국 SEC가 허용한 충격적 디지털 복제판의 정...,실물 주식이 블록체인이라는 가상 공간으로 빨려 들어가는 이른바 '자산 토큰화(RWA)'가 미국 규제 당국의 공식 승인 하에 첫발을 떼면서다. 전통적인 증권거래소 시스템을 우회하는 이 거대한 변화에 월가는...,https://www.pinpointnews.co.kr/news/articleView.html?idxno=465576,0,0.6474,0,drop,candidate_hybrid_gray_drop_score_lt_threshold,0,0.6474,,,,candidate_hybrid,1,0.65,0.35
"[코인 TOP 10 주간동향] 베니스토큰 867% 급등…타이코·에이다 강세, 매...","주요 가상자산 시장에서 단기 급등과 체결강도 쏠림이 동시에 포착됐다. 7월 5일 9시 7분 기준... 단, 거래소 공지에 따라 선택된 기간의 시세 데이터가 존재하는 마켓의 상승률만 계산돼 노출된다....",https://www.tokenpost.kr/news/cryptocurrency/375092,4,0.6617,1,keep,candidate_hybrid_model_keep_prob_ge_threshold_with_domain_anchor,4,0.6617,가상자산,,,candidate_hybrid,1,0.65,0.35
가짜 반등 뒤에 숨겨진 기관들의 덫…이더리움 장기 지지선 붕괴 위기,"블루칩 가상자산 자산들이 1조 7,100억 달러 규모의 집단 회복력 테스트를 진행하며 기습적인 반등세를... 이 같은 경고는 크립토퀀트가 보고한 비트코인 및 알트코인 거래소 입금량 폭발 쇼크와 맞물려 우려를 더 하고...",https://www.pinpointnews.co.kr/news/articleView.html?idxno=465575,5,0.5063,0,drop,candidate_hybrid_gray_drop_score_lt_threshold,5,0.5063,가상자산,달러,,candidate_hybrid,1,0.65,0.35
"""솔라나·리플이 앞장섰다""... 6월 바닥 지켜낸 블루칩 공룡들, 하반기 ...","크립토퀀트가 거래소 입금량 폭발에 따른 극단적 변동성을 경고한 가운데, 가상자산 시장을 지배하는 8대 블루칩 자산이 단일대오를 형성하고 일제히 동조화(커플링) 움직임을 보이기 시작해 글로벌 금융 시장의...",https://www.pinpointnews.co.kr/news/articleView.html?idxno=465574,5,0.6838,1,keep,candidate_hybrid_model_keep_prob_ge_threshold_with_domain_anchor,5,0.6838,가상자산,금융,,candidate_hybrid,1,0.65,0.35
[6월 마지막 주차] 가상화폐 시장 정리,토큰화주식은 실제 주식의 가격이나 권리를 블록체인 위 토큰으로 표현해 거래할 수 있도록 만든 디지털 자산이다. 고팍스 가상화폐 거래소 분석진은 자체 보고서 '고팍스 리서치'를 통해 올해 6월 기준 실물연계자산...,https://www.khgames.co.kr/news/articleView.html?idxno=306036,4,0.4868,0,drop,candidate_hybrid_gray_drop_score_lt_threshold,4,0.4868,고팍스,,,candidate_hybrid,1,0.65,0.35
이더리움 125만 개·알트코인 두 달 만에 최고치 입금…지옥문 열리는 ...,"4일(현지시간) 온체인 데이터 분석 플랫폼 크립토퀀트 및 업계에 따르면, 비트코인과 이더리움, 주요 알트코인을 불문하고 가상자산 거래소로의 자금 유입이 기습적으로 급증했다. 크립토퀀트 수석 분석가 훌리오...",https://www.pinpointnews.co.kr/news/articleView.html?idxno=465573,4,0.6551,1,keep,candidate_hybrid_model_keep_prob_ge_threshold_with_domain_anchor,4,0.6551,가상자산,,,candidate_hybrid,1,0.65,0.35
[마켓IN브리핑] 글로벌 결제기업 참여 달러 스테이블코인 '오픈USD' 공개,"가상자산 업계에 따르면 글로벌 컨소시엄 오픈스탠다드는 지난달 30일(현지시간) 달러 연동 스테이블코인... 디파이라마에 따르면 USDT 유통 규모는 약 1843억달러로 전체 스테이블코인 시장의 59%를 차지하며, 거래소...",http://www.hansbiz.co.kr/news/articleView.html?idxno=848056,10,0.7567,1,keep,candidate_hybrid_keep_strong_domain_rule_anchor,10,0.7567,가상자산;스테이블코인,달러,,candidate_hybrid,1,0.65,0.35
[Who Is ?] 진옥동 신한금융지주 대표이사 회장,신한은행으로 옮겨 여신심사부 부부장과 자금부 팀장으로 근무했다. 일본 오사카지점장 시절 신한은행의... 최 회장은 대한핸드볼협회장을 맡고 있다. <신한금융> △신규 사외이사 2명 선임 신한금융지주가 신규...,https://www.businesspost.co.kr/BP?command=article_view&num=441029,0,0.5193,0,drop,candidate_hybrid_gray_drop_score_lt_threshold,0,0.5193,,,,candidate_hybrid,1,0.65,0.35
"가입자 600만명 폭풍 성장 '토스페이', 카드업계 1위 신한카드와 제휴","여신금융협회 관계자는 ""흐름을 예측하긴 어렵지만 간편결제사 단말기 점유율이 높아질수록 향후 해당 단말기에서 활용할 수 있는 특정 결제방식과 연계한 제휴카드가 나올 수 있다""고 말했다.",http://www.consumernews.co.kr/news/articleView.html?idxno=758721,6,0.5515,1,keep,candidate_hybrid_gray_keep_domain_score_ge_threshold,6,0.5515,여신금융협회,,,candidate_hybrid,1,0.65,0.35
카드론 금리 저신용자 내리고 고신용자 올랐다…중금리대출 확대,오늘(5일) 여신금융협회에 따르면 8개(롯데·BC·삼성·신한·우리·하나·현대·KB국민) 전업카드사 전체 평균금리는 4월 연 13.57%에서 5월 연 13.54%로 0.03%포인트(p) 소폭 떨어졌습니다. 신용점수에 따라 700점 이하는...,https://biz.sbs.co.kr/article_hub/20000320707?division=NAVER,12,0.8132,1,keep,candidate_hybrid_keep_strong_domain_rule_anchor,12,0.8132,카드론;여신금융협회,금리,,candidate_hybrid,1,0.65,0.35
"카드론 금리 고신용자 오르고 저진용자 내리고, 카드사 중금리대출 확대...","5일 여신금융협회에 따르면, 롯데·BC·삼성·신한·우리·하나·현대·KB국민 등 8개 카드사 전체 평균금리가 4월 연 13.57%에서 5월에는 연 13.54%로 0.03%포인트 떨어졌다. 카드론 금리가 고신용자 구간에서는 오른 반면...",https://www.businesspost.co.kr/BP?command=article_view&num=441576,15,0.8211,1,keep,candidate_hybrid_keep_strong_domain_rule_anchor,15,0.8211,카드사;카드론;여신금융협회,금리,,candidate_hybrid,1,0.65,0.35
카드사 중금리대출 확대에..고신용자 금리만 올라,한국정경신문 변동휘 기­자 kkobugi89021@naver.com [한국정경신문=변동휘 기자] 정부의 포용금융 기조에 따라 카드사들이 중금리대출을 확대하면서 저신용자와 고신용자 금리가 엇갈리는 모습이다.5일 여신금융협회에...,https://kpenews.com/View.aspx?No=4137277,9,0.5541,1,keep,candidate_hybrid_keep_strong_domain_rule_anchor,9,0.5541,카드사;여신금융협회,,,candidate_hybrid,1,0.65,0.35
"중금리 대출 확대 기조에 저신용자 카드론 금리 하락, 고신용자는 오히...",5일 여신금융협회에 따르면 롯데·BC·삼성·신한·우리·하나·현대·KB국민 등 8개 전업카드사 전체 평균금리는 4월 연 13.57%에서 5월 연 13.54%로 0.03%포인트 소폭 떨어졌다. 신용점수 700점 이하 저신용자는 하락폭이...,https://www.chosun.com/economy/economy_general/2026/07/05/44E6WFSA3ZHZBKE63L5AOH43PI/?utm_source=naver&utm_medium=referral&utm_campaign=naver-news,13,0.8027,1,keep,candidate_hybrid_keep_strong_domain_rule_anchor,13,0.8027,카드론;여신금융협회,금리;대출,,candidate_hybrid,1,0.65,0.35
고신용자 카드론 금리만 올랐다…포용금융·총량규제가 만든 ‘금리 역...,5일 여신금융협회에 따르면 롯데·BC·삼성·신한·우리·하나·현대·KB국민카드 등 8개 전업 카드사의 지난 5월 카드론 평균금리는 연 13.54%로 전월(13.57%)보다 0.03%포인트 하락했다. 신용등급별로는 흐름이 극명하게...,https://biz.heraldcorp.com/article/10798372?ref=naver,12,0.7684,1,keep,candidate_hybrid_keep_strong_domain_rule_anchor,12,0.7684,카드론;여신금융협회,금리,,candidate_hybrid,1,0.65,0.35
카드사 포용금융에...카드론 금리 저신용자 내리고 고신용자 오르고,5일 여신금융협회에 따르면 8개(롯데·BC·삼성·신한·우리·하나·현대·KB국민) 전업카드사 전체 평균금리는 4월 연 13.57%에서 5월 연 13.54%로 0.03%포인트(p) 소폭 떨어졌다. 신용점수에 따라 700점 이하는 하락폭이 0....,https://biz.chosun.com/stock/finance/2026/07/05/UDP4IN63MJGAHJQQWHOKPEC7PM/?utm_source=naver&utm_medium=original&utm_campaign=biz,15,0.8353,1,keep,candidate_hybrid_keep_strong_domain_rule_anchor,15,0.8353,카드사;카드론;여신금융협회,금리,,candidate_hybrid,1,0.65,0.35
“고신용인데 왜 더 내지?”...카드론 금리에서 벌어진 일,"5일 여신금융협회에 따르면 전업 카드사 8곳(삼성카드·신한카드·KB국민카드·현대카드·하나카드·롯데카드·우리카드·BC)에서 5월 신규 취급된 카드론 금리는 연 13.54%로, 전월 대비 0.03%포인트(p)...",https://www.ekn.kr/web/view.php?key=20260705024409338,14,0.7555,1,keep,candidate_hybrid_keep_strong_domain_rule_anchor,14,0.7555,카드사;카드론;여신금융협회,,,candidate_hybrid,1,0.65,0.35
카드론 금리 역전···고신용자 오르고 저신용자 내렸다,5일 여신금융협회에 따르면 8개 전업카드사의 카드론 평균금리는 4월 13.57%에서 5월 13.54%로 0.03%포인트(p) 하락했다. 신용점수별로 보면 700점 이하 저신용자는 17.18%에서 17.09%로 0.09%p 내려 평균보다 하락폭이 컸다. 반면...,https://www.seoulfn.com/news/articleView.html?idxno=632689,12,0.7262,1,keep,candidate_hybrid_keep_strong_domain_rule_anchor,12,0.7262,카드론;여신금융협회,금리,,candidate_hybrid,1,0.65,0.35
"카드론 금리 엇갈림…저신용↓·고신용↑""포용금융 영향""",◆ 신용구간별 카드론 금리 방향 '분화' 5일 여신금융협회에 따르면 8개 전업카드사(롯데·BC·삼성·신한·우리·하나·현대·KB국민)의 카드론 평균 금리는 4월 연 13.57%에서 5월 연 13.54%로 0.03%포인트 하락했다. 그러나...,https://www.econovill.com/news/articleView.html?idxno=744301,12,0.8352,1,keep,candidate_hybrid_keep_strong_domain_rule_anchor,12,0.8352,카드론;여신금융협회,금리,,candidate_hybrid,1,0.65,0.35
고신용자 카드론 금리 상승…저신용자는 하락,오늘(5일) 여신금융협회에 따르면 8개(롯데·BC·삼성·신한·우리·하나·현대·KB국민) 전업카드사 전체 평균금리는 4월 연 13.57%에서 5월 연 13.54%로 0.03%포인트(p) 소폭 떨어졌습니다. 신용점수에 따라 700점...,http://mbnmoney.mbn.co.kr/news/view?news_no=MM1005872314,12,0.8383,1,keep,candidate_hybrid_keep_strong_domain_rule_anchor,12,0.8383,카드론;여신금융협회,금리,,candidate_hybrid,1,0.65,0.35
카드론 금리 역전...고신용자↑·저신용자↓,5일 여신금융협회에 따르면 삼성·신한·KB국민·우리·하나·현대·롯데·BC카드 등 8개 전업카드사의 카드론 평균금리는 4월 연 13.57%에서 5월 13.54%로 0.03%포인트 하락했다. 신용점수 구간별로는 차이가 뚜렷했다....,https://www.youthdaily.co.kr/news/article.html?no=222296,12,0.823,1,keep,candidate_hybrid_keep_strong_domain_rule_anchor,12,0.823,카드론;여신금융협회,금리,,candidate_hybrid,1,0.65,0.35
고신용자 올리고 저신용자 내리고…엇갈린 카드론 금리,(사진=연합뉴스) 5일 여신금융협회에 따르면 8개(롯데·BC·삼성·신한·우리·하나·현대·KB국민) 전업카드사의 카드론 평균 금리는 지난 4월 연 13.57%에서 5월 13.54%로 0.03%포인트 하락했다. 신용점수별로 차이가...,https://www.edaily.co.kr/news/newspath.asp?newsid=01338246645511568,12,0.8394,1,keep,candidate_hybrid_keep_strong_domain_rule_anchor,12,0.8394,카드론;여신금융협회,금리,,candidate_hybrid,1,0.65,0.35
카드론 저신용자 금리 내리고 고신용자는 올랐다,5일 여신금융협회에 따르면 8개 전업카드사 전체 평균금리는 4월 연 13.57%에서 5월 연 13.54%로 0.03%포인트(p) 소폭 떨어졌습니다. 신용점수 700점 이하 저신용자의 하락폭은 0.09%p(17.18%→17.09%)로 평균보다 더...,http://www.tjb.co.kr/sub0301/bodo/view/id/100415,12,0.7179,1,keep,candidate_hybrid_keep_strong_domain_rule_anchor,12,0.7179,카드론;여신금융협회,금리,,candidate_hybrid,1,0.65,0.35
"""수조원 드는 증권사 육성보다 저축은행·캐피탈이 현실적""…교보·한화...",캐피탈사 인수 역시 리스·할부금융·기업대출 등 여신전문금융업으로 사업 영역을 넓힐 수 있다. 보험사가 직접 다루기 어려운 여신 영역을 캐피탈사를 통해 보완할 수 있는 셈이다. 대규모 증자 지원으로 증권사를 집중...,http://www.consumernews.co.kr/news/articleView.html?idxno=758710,13,0.6634,1,keep,candidate_hybrid_keep_strong_domain_rule_anchor,13,0.6634,저축은행;증권사;여신전문금융업,,,candidate_hybrid,1,0.65,0.35
"카드 수수료 인하, KB국민카드는 무엇으로 돈 버나","카드사의 수익 공식이 달라지고 있다. 가맹점 수수료 인하와 카드채 조달 비용 부담, 연체율 관리 강화로 결제 중심 사업의 수익성이 낮아지면서다. KB국민카드는 기업카드와 AI, 데이터, KB Pay 등 비결제 사업을 확대하며...",http://www.economytalk.kr/news/articleView.html?idxno=422434,11,0.6158,1,keep,candidate_hybrid_keep_strong_domain_rule_anchor,11,0.6158,연체율;카드채,수수료;가맹점,,candidate_hybrid,1,0.65,0.35
여름휴가 시즌 “고물가·고환율 최대한 아끼자”,카드사들도 본격적인 여름휴가철을 맞아 다채로운 혜택을 내세우며 ‘실속 여행객’ 유치 경쟁에 나섰다.... 출금 수수료 면제 혜택도 제공한다. NH농협카드도 8월 말까지 해외 가맹점 결제 고객을 대상으로 10% 즉시...,https://www.chosun.com/economy/economy_general/2026/07/06/HCAGA4VAVJFAVJNROSJQFHHHCY/?utm_source=naver&utm_medium=referral&utm_campaign=naver-news,2,0.5552,0,drop,candidate_hybrid_gray_drop_score_lt_threshold,2,0.5552,,수수료;가맹점,,candidate_hybrid,1,0.65,0.35
[기자수첩] 정책자금 통로된 카드결제망...공공 역할만 부각,"소비쿠폰 사용처가 연 매출 30억원 이하 소상공인 중심으로 제한되면서 카드사의 수익성 역시 제한적이었다. 영세·중소가맹점은 우대수수료율 적용 대상이기 때문인데, 따라서 소비쿠폰 사용액이 카드 승인액으로...",http://www.hansbiz.co.kr/news/articleView.html?idxno=848042,0,0.5712,0,drop,candidate_hybrid_gray_drop_score_lt_threshold,0,0.5712,,,,candidate_hybrid,1,0.65,0.35
흑자 안착한 인뱅 3사…성장 공식은 결국 ‘이자 장사’,"기업대출 등으로 포트폴리오를 분산할 수 있는 시중은행과 달리, 가계대출 규제가 강화될 경우 이자수익 확대가 곧바로 제약받는 구조다. 실제로 올해 1분기 총여신 가운데 가계대출이 차지하는 비중은 ▲카카오뱅크...",https://economist.co.kr/article/view/ecn202607010044,4,0.5001,0,drop,candidate_hybrid_gray_drop_score_lt_threshold,4,0.5001,시중은행,,,candidate_hybrid,1,0.65,0.35
[이번주 한국은행 및 금융위·금감원 일정],"*7월5일(일) ※한국은행, World Bank와 「공적 자산운용기관을 위한 AI 입문서」 공동 발간(12:00) *7월6일... 6월 가계대출 동향(잠정) 및 가계부채 점검회의 개최(10일 조간) *7월 10일(금) ▲08:30 위원장 정보보호의 날...",https://news.einfomax.co.kr/news/articleView.html?idxno=4423409,20,0.7717,1,keep,candidate_hybrid_keep_strong_domain_rule_anchor,20,0.7717,금감원;금융위;한국은행;가계부채,,,candidate_hybrid,1,0.65,0.35
금주 한국은행 및 금융당국(금융위·금감원) 주요일정,"7월5일(일) ※한국은행, World Bank와 '공적 자산운용기관을 위한 AI 입문서' 공동 발간(12:00) 7월6일(월)... 6월 가계대출 동향(잠정) 및 가계부채 점검회의 개최(10일 조간) 7월 10일(금) ▲08:30 위원장 정보보호의 날...",http://www.joseilbo.com/news/news_read.php?uid=571321&class=18&grp=,20,0.7643,1,keep,candidate_hybrid_keep_strong_domain_rule_anchor,20,0.7643,금감원;금융위;한국은행;가계부채,,,candidate_hybrid,1,0.65,0.35
"빈대인號 BNK금융, 2분기 순익 2661억 전망…이자수익 ‘견고’ [상반기...","1분기 말 그룹 고정이하여신비율과 연체율이 모두 상승한 가운데, BNK금융이 부산은행 회복세와 비은행... BNK투자증권은 보고서를 통해 BNK금융의 2분기 이자이익이 중소기업대출과 가계 중도금대출 성장에 힘입어...",https://www.fntimes.com/html/view.php?ud=202607031459143795e6e69892f_18,0,0.6308,0,drop,candidate_hybrid_gray_drop_score_lt_threshold,0,0.6308,,,,candidate_hybrid,1,0.65,0.35
"ROE 개선·주가 214% 상승···'연임 유력' 양종희 회장, 변수는 [2026 KB...",2026년 1분기 기준 KB국민은행의 가계대출 잔액은 182조 6000억원으로 전년 말 183조 4000억원 대비 0.4% 감소했다. 반면 기업대출은 194조 1000억원에서 196조 4000억원으로 1.2% 증가했다. 전체 여신에서 기업대출이...,https://www.fntimes.com/html/view.php?ud=202607052349182354b4a7c6999c_18,1,0.5715,0,drop,candidate_hybrid_gray_drop_score_lt_threshold,1,0.5715,,주가,,candidate_hybrid,1,0.65,0.35
"“5억 사내대출, 큰 집엔 못 쓴다”…삼성전자 ‘85㎡ 제한’",삼성 계열사들이 잇따라 면적 기준을 둔 것은 사내대출이 정부의 가계대출 관리망 밖에 있다는 논란을... 사내대출이 DSR에 잡히지 않는다고 해서 5억원 전액을 은행 주택담보대출에 그대로 더할 수 있는 것은 아니다....,https://www.segye.com/newsView/20260706500603?OutUrl=naver,7,0.6041,1,keep,candidate_hybrid_gray_keep_domain_score_ge_threshold,7,0.6041,은행;dsr,,,candidate_hybrid,1,0.65,0.35
"KB 양종희, ‘최대 실적’…신한 진옥동, ‘비은행 반격’ [2026 상반기 ...","기준금리 인하 기조에 따른 순이자마진(NIM) 하락 압력과 가계대출 규제 강화, 부동산PF 리스크 등 비우호적 환경이 이어지고 있음에도 양대 금융그룹은 증권 계열사를 위시한 비은행 실적에 힘입어 양호한 실적을 낼...",https://www.fntimes.com/html/view.php?ud=202607032308588330dd55077bc2_18,13,0.6463,1,keep,candidate_hybrid_keep_strong_domain_rule_anchor,13,0.6463,pf;부동산pf;기준금리,실적,,candidate_hybrid,1,0.65,0.35
"보험계약대출 급증 ""거절보다 관리가 현실적""","증시 상승세와 은행권 대출 관리 강화가 맞물리면서 보험계약대출 증가세가 두드러지고 있다.... 금융위원회도 5월 전 금융권 가계대출이 9조3000억원 증가했고, 제2금융권 가운데 보험권 가계대출이 4월 4000억원 감소에서...",https://www.insnews.co.kr/news/articleView.html?idxno=91571,17,0.6662,1,keep,candidate_hybrid_keep_strong_domain_rule_anchor,17,0.6662,금융위원회;금융위;은행권,대출,,candidate_hybrid,1,0.65,0.35
"임종룡號 우리금융, 2분기 실적 반등…비은행 효과 시험대 [2026 상반기 ...","은행 NIM은 전분기 대비 0.02%p 상승했다. 조달비용 감소와 운용자산 최적화가 마진 방어에 기여한 것으로 분석된다. 2분기에도 가계대출 관리는 이어졌지만, 우량 기업대출과 주택담보대출 중심의 자산 성장이 이자이익...",https://www.fntimes.com/html/view.php?ud=202607032329164684dd55077bc2_18,4,0.5545,0,drop,candidate_hybrid_gray_drop_score_lt_threshold,4,0.5545,은행,실적,,candidate_hybrid,1,0.65,0.35
디지털로 전국화 나선 iM뱅크…가입 고객 늘어도 1분기 MAU 감소,"시중은행 전환 이후 소매금융 확대의 핵심 축으로 내세운 비대면 채널에서 올해 1분기 가입 고객과 월간... 기업대출과 가계대출이 각각 3.6%, 1.2% 늘면서 총 원화대출금은 2.7% 증가했고, 그룹 이자이익도 전년 동기...",https://news.tf.co.kr/read/economy/2338981.htm,4,0.5157,0,drop,candidate_hybrid_gray_drop_score_lt_threshold,4,0.5157,시중은행,,,candidate_hybrid,1,0.65,0.35
삼성전자 사내 부동산 대출 옥죈다…'국평' 이하만 허용 추진,현재 정부는 날로 치솟는 수도권 주택 가격 안정을 위해 가계 대출 규제의 벽을 계속 높이고 있다. 시중 은행 역시 주담대 금리를 올리며 정부 기조에 동참하고 있다. 이에 사내 대출은 기업 복지 성격의 개인 간 대여로...,https://weekly.hankooki.com/news/articleView.html?idxno=7172944,4,0.6245,0,drop,candidate_hybrid_gray_drop_score_lt_threshold,4,0.6245,은행,대출,,candidate_hybrid,1,0.65,0.35
"삼성전자, 연 1.5%·5억 사내대출 '국평 이하'로 제한","은행과 보험사 등 금융회사가 취급하는 대출이 아니어서 총부채원리금상환비율(DSR) 등 가계대출 규제에서 제외될 가능성이 있다. 은행에서 대출 한도가 모두 찬 직원도 회사에서 추가로 자금을 빌릴 수 있는 만큼, 사내...",https://www.sjsori.com/news/articleView.html?idxno=87330,8,0.5883,1,keep,candidate_hybrid_keep_strong_domain_rule_anchor,8,0.5883,보험사;dsr,대출,,candidate_hybrid,1,0.65,0.35
KB금융 2분기 실적 선방 전망… ELS 변수는 오히려 기회?,은행의 대출 자산은 기업대출과 가계대출이 모두 안정적인 증가세를 이어갈 것으로 예상된다. 순이자마진 역시 전 분기 수준을 유지하면서 금리 환경 변화에도 수익성이 크게 흔들리지 않을 것으로 분석된다. 이는 금리...,https://www.pinpointnews.co.kr/news/articleView.html?idxno=465622,2,0.6048,0,drop,candidate_hybrid_gray_drop_score_lt_threshold,2,0.6048,,금리;대출;실적,,candidate_hybrid,1,0.65,0.35
3%대 물가에 소비도 기업도 '주춤',"실제로 같은 달 한국은행 기업경기조사에서 제조업 기업심리지수(CBSI)는 99.4p로 전달보다 6.8p 급락하며... 특히 영세기업과 소상공인일수록 금리 부담이 더 크다""며 ""가계대출 증가폭은 5799억 원에서 3042억 원으로...",https://www.ggilbo.com/news/articleView.html?idxno=1167438,6,0.6066,1,keep,candidate_hybrid_gray_keep_domain_score_ge_threshold,6,0.6066,한국은행,금리,,candidate_hybrid,1,0.65,0.35
"카카오뱅크, 인뱅 최초 캐피탈 진출…윤호영의 ‘투트랙’ 승부수",카카오뱅크가 가계대출 규제와 인터넷전문은행 간 경쟁 심화라는 대내외적 성장 정체를 돌파하기 위해 파격적인 승부수를 던졌다. 카카오뱅크의 수장인 윤호영 대표는 올해 1분기 분기 기준 사상 최대 순이익인...,http://www.segyebiz.com/newsView/20260705506533?OutUrl=naver,3,0.4579,0,drop,candidate_hybrid_gray_drop_score_lt_threshold,3,0.4579,캐피탈,,,candidate_hybrid,1,0.65,0.35
대면 빗장 풀린 인뱅 3사…기업금융에서도 ‘메기’ 되나,인터넷전문은행은 가계대출 시장에서 비대면 편의성과 금리 경쟁력을 앞세워 기존 은행권의 메기 역할을 해왔다. 기업대출 시장은 아직 시중은행의 점유율이 압도적이지만 대면업무 규제 완화로 진입 장벽이 낮아진 만큼...,https://www.dt.co.kr/article/12071159?ref=naver,5,0.5316,0,drop,candidate_hybrid_gray_drop_score_lt_threshold,5,0.5316,시중은행,금리,,candidate_hybrid,1,0.65,0.35
1년새 50% 늘었지만 비중은 아직 9%…인뱅 기업금융 '영토 확장',"인터넷은행들은 최근 가계대출 규제 강화 속에 기업대출에 눈을 돌렸지만, 아직 전체 대출에서 차지하는 비중은 10%에 못 미친다. 이번 규제 완화로 개인사업자를 넘어 중소기업 대출까지 영업을 확대할 수 있는 기반이...",https://www.edaily.co.kr/news/newspath.asp?newsid=01672806645511568,4,0.4933,0,drop,candidate_hybrid_gray_drop_score_lt_threshold,4,0.4933,인터넷은행,,,candidate_hybrid,1,0.65,0.35
이주비 대출 완화 검토한다지만...은행권 “취급여력 제한”,결국 은행들은 가계대출 총량을 맞추기 위해 주택 관련 대출을 조절할 수밖에 없다는 입장이다. 신용대출 증가의 주범인 마이너스통장은 기존에 설정된 한도 내에서 인출되는 구조라 추가 규제를 통해 억제하기는...,https://www.sedaily.com/article/20063803?ref=naver,5,0.4804,0,drop,candidate_hybrid_gray_drop_score_lt_threshold,5,0.4804,은행권,대출,,candidate_hybrid,1,0.65,0.35
'여력 있지만 풍선효과 경계'…주담대 금리 올리는 지방은행,"이들의 가계대출 잔액은 같은 기간 5대 은행의 가계대출 잔액 765조7290억원의 10분의 1에도 미치지 못한다. 지방은행의 한 관계자는 ""지방은행들의 가계대출 잔액은 대형 시중은행 한 곳의 가계대출 잔액에도 미치지...",https://view.asiae.co.kr/article/2026070318131408192,5,0.5625,0,drop,candidate_hybrid_gray_drop_score_lt_threshold,5,0.5625,시중은행,금리,,candidate_hybrid,1,0.65,0.35
하반기 전략회의 막 올린 금융권…화두는 'AX·머니무브',"신한금융그룹은 지난 3일부터 4일까지 1박 2일에 걸쳐, 경기도 용인에 위치한 신한은행 블루캠퍼스에서 그룹... 올해 전략회의에서는 가계대출 성장세 둔화에 대응하기 위한 새로운 성장 전략도 비중 있게 다뤄질...",https://news.mtn.co.kr/news-detail/2026070510212918821,0,0.4944,0,drop,candidate_hybrid_gray_drop_score_lt_threshold,0,0.4944,,,,candidate_hybrid,1,0.65,0.35
"신한금융, AX 전면화로 체질 개선 가속화","금리 하락기 진입과 가계대출 규제 강화 등 전통적인 영업 환경의 불확실성이 커지면서, AI를 통한 업무... 신한금융그룹은 지난 3일부터 4일까지 이틀간 경기도 용인 신한은행 블루캠퍼스에서 그룹 경영진 약 300명이...",http://www.srtimes.kr/news/articleView.html?idxno=206756,1,0.5601,0,drop,candidate_hybrid_gray_drop_score_lt_threshold,1,0.5601,,금리,,candidate_hybrid,1,0.65,0.35
“은행 돈은 대기업만 간다”...중소기업 ‘대출 소외’ 5년째 심화,"은행권은 대출 규제로 가계대출 성장이 제약되고, 정부의 포용·생산적 금융 확대 요구에 기업대출을 확대하고 있으나 실제 신규 자금 공급은 대기업 중심으로 이뤄지고 있다. 대기업은 통상 회사채를 발행해...",https://www.ekn.kr/web/view.php?key=20260705024269322,9,0.6319,1,keep,candidate_hybrid_keep_strong_domain_rule_anchor,9,0.6319,은행;생산적 금융,대출;금융,,candidate_hybrid,1,0.65,0.35
"""끊임없는 금리 압박… 숙박·음식점업 성장 둔화하나""","고물가와 금리 인상 압력 등으로 자영업자의 대출 상환 부담은 높아져 있으며, 대출 연체율도 증가 추세를 보이고 있다. 정부는 특히 자영업자의 금융 건전성과 잠재적 리스크를 중요하게 평가하고 있다. 한국은행의...",https://www.gokorea.kr/news/articleView.html?idxno=871216,8,0.6108,1,keep,candidate_hybrid_keep_strong_domain_rule_anchor,8,0.6108,한국은행,금리;대출;금융,,candidate_hybrid,1,0.65,0.35
'리딩뱅크 견인' 이재근 부문장···비은행 경험 부족 넘을까 [2026 KB금...,"특히 기업대출 기준 연체율은 같은 기간 0.11%에서 0.33%로 높아지며 아쉬움을 남겼다. 은행장부터 글로벌까지···프라삭은 수익원, KB뱅크는 정상화 과제 이 부문장의 두 번째 강점은 글로벌 경험이다. 국민은행...",https://www.fntimes.com/html/view.php?ud=202607060225208462b4a7c6999c_18,0,0.5708,0,drop,candidate_hybrid_gray_drop_score_lt_threshold,0,0.5708,,,,candidate_hybrid,1,0.65,0.35
"김기홍號 JB금융, 2분기 순익 2135억 전망…고수익성 뒤 건전성 부담 [상...","1분기 명예퇴직 비용과 유가증권 관련 손익 부진으로 은행 계열사의 이익 체력이 다소 흔들렸지만... JB금융의 올해 1분기 그룹 고정이하여신(NPL)비율은 1.41%로 전년 동기보다 0.22%p 상승했고, 연체율도 1.63%로 0.11%p...",https://www.fntimes.com/html/view.php?ud=2026070318092619875e6e69892f_18,9,0.7119,1,keep,candidate_hybrid_model_keep_prob_ge_threshold_with_domain_anchor,9,0.7119,은행;npl,건전성,,candidate_hybrid,1,0.65,0.35
[인터뷰] “빚 상담 오는 얼굴이 점점 어려진다”… 개인회생 10명 중 4...,법원이 은행과 카드사 등 채권자에게 채무 일부를 포기하라고 명령하는 것이다. 탕감되는 돈은 세금이... “한국자산관리공사(캠코) 산하에 ‘장기소액연체자지원재단’이란 곳이 있다. 장기소액연체자 빚 탕감을...,https://biz.chosun.com/topics/law_firm/2026/07/06/N4ALNZDPTRBCRF7QRDT2JWUH2A/?utm_source=naver&utm_medium=original&utm_campaign=biz,3,0.4604,0,drop,candidate_hybrid_gray_drop_score_lt_threshold,3,0.4604,카드사,,,candidate_hybrid,1,0.65,0.35
'수출 1조 달러·4% 성장' 기대감…반도체發 'K자형 회복'의 그늘,"김 교수는 ""금리를 많이 높이면 경기가 침체되고 연체율이 높아지면서 금융 시스템이 불안정해질 수 있다""며 ""한국은행도 이 때문에 금리를 크게 올리기보다는 거시건전성 감독을 강화하는 방식으로 대응할 가능성이...",https://www.news1.kr/economy/trend/6217576,7,0.4882,1,keep,candidate_hybrid_gray_keep_domain_score_ge_threshold,7,0.4882,한국은행,달러;금융,,candidate_hybrid,1,0.65,0.35
"빚에 밀린 가계, 보험부터 깼다…취약층 보험 안전망 흔들","특히 은행권 대출보다 비은행대출과 연체에 노출된 취약계층일수록 보험을 유지하지 못하는 경향이 뚜렷했다. 당장 현금이 필요한 가계가 보험을 깨면서 버티는 흐름이 나타나고 있지만, 이 경우 질병·사고 등 정작...",https://www.g-enews.com/view.php?ud=202607031533206647e30fcb1ba8_1,4,0.4091,0,drop,candidate_hybrid_gray_drop_score_lt_threshold,4,0.4091,은행권,,,candidate_hybrid,1,0.65,0.35
청산 땐 62개 점포 분리 매각 나설 듯 [문닫는 홈플러스 파장],"5일 투자은행(IB) 업계에 따르면 홈플러스가 청산 절차를 밟게 되면 최대 채권자인 메리츠금융그룹은 차입금... 여기에 회생 신청 이후 적용되는 높은 연체 이자율까지 포함하면, 청산이 메리츠에 재무적으로 더 유리할...",https://www.etoday.co.kr/news/view/2600353,2,0.4947,0,drop,candidate_hybrid_gray_drop_score_lt_threshold,2,0.4947,,연체,,candidate_hybrid,1,0.65,0.35
"[위클리 뱅크이슈] 은행권, 하반기 포용금융 속도…소상공인·취약차주...",금융당국의 포용금융 기조에 발맞추는 동시에 고금리 장기화로 늘어날 수 있는 연체 위험을 선제적으로 관리하려는 움직임으로 풀이된다. 5일 은행권에 따르면 하나·신한·NH농협 등 주요 시중은행들은 최근 취약...,http://www.the-biz.co.kr/news/articleView.html?idxno=723762,10,0.5425,1,keep,candidate_hybrid_keep_strong_domain_rule_anchor,10,0.5425,은행권;시중은행,연체,,candidate_hybrid,1,0.65,0.35
"BNK금융, 취약계층 부실채권 1500억원 소각","올해 부산은행과 경남은행, BNK캐피탈이 보유한 약 1500억원 규모의 장기 연체채권을 소각해 취약계층의 빚 부담을 덜어줄 계획이다. 채권 소각 규모는 앞으로 5년간 총 4300억원까지 확대할 예정이다. 빈대인 BNK금융그룹...",https://www.kmib.co.kr/article/view.asp?arcid=0030065555&code=61141311&cp=nv,6,0.3201,0,drop,candidate_hybrid_model_drop_prob_le_threshold,6,0.3201,부실채권,채권,,candidate_hybrid,1,0.65,0.35
제주 주택시장 냉각… 미분양·거래량 동반 악화,"특히 제주지역은 주요 5대 은행 연체율이 지난 4월 기준 1.16%로 전국 최고 수준을 기록, 추가 대출 여력도 상대적으로 낮은 상황이다. 다만 제주도는 지난달부터 민간 사업자와 협력해 준공후 미분양 해소를 위한...",https://www.kmib.co.kr/article/view.asp?arcid=0030065544&code=61122027&cp=nv,4,0.6882,0,drop,candidate_hybrid_drop_model_keep_without_domain_anchor,4,0.6882,은행,대출,,candidate_hybrid,1,0.65,0.35
