title,summary,url,score,prob,keep
[불사금의 뿌리③] 연7883%의 중력...7일의 덫에 갇힌 평범한 이웃들,"하지만 그 소수 때문에 삶의 의지를 잃은 나머지 사람들을 포기할 수는 없습니다"" 결국 불법사금융 대응은 단속만으로 완성되지 않는다. 신고의 문턱을 낮추고, 추심을 끊어내고, 채무를 조정하고, 다시 일상으로 복귀할...",https://www.ntoday.co.kr/news/articleView.html?idxno=126390,7,,1
서민금융 출연금 2000억 확대…취약차주 금융지원 여력 확대,"따라 불법사금융으로 이동하는 수요를 일정 부분 억제할 수 있을 것으로 보인다. 당국은 보증 공급 확대를 통해 취약계층의 자금 수요를 흡수하는 한편, 불법사금융에 대한 단속을 병행해 관련 피해를 줄인다는 계획이다.",http://www.seoulwire.com/news/articleView.html?idxno=715586,7,,1
"""잡으러 와라"" 농락까지...법 사각지대 '노쇼 사기' 기승","[ 투명CG ]보이스피싱 범죄가 기승을 부리자 사기에 이용된 계좌를 정지할 수 있는 법이 만들어졌지만, 노쇼사기, 로맨스스캠 등 신종 사기 피해는 지급정지 대상에 포함되지 않습니다.// 정부는 경찰 확인을 전제로 사기...",https://mpmbc.co.kr/NewsArticle/1513019,0,,0
"계명문화대, 2026학년도 상반기 외국인 유학생 대상 범죄예방교육 실시","이번 교육은 외국인 유학생들의 안전한 국내 생활을 지원하고 범죄 피해를 예방하기 위한 법정 의무교육의... 교육은 112 신고 요령을 비롯해 디지털 성범죄, 보이스피싱(메신저피싱), 중고거래 사기, 마약 및 도박 등 외국인...",https://biz.heraldcorp.com/article/10712086?ref=naver,0,,0
검찰 출석요구서에 QR코드…찍었다간 날벼락,보이스피싱 사기가 점점 더 교묘해지고 있다고요? 이제 전화나 문자만 조심해서는 안 되겠습니다. 가짜 '검찰 출석요구서'를 우편으로 보내 피해자를 속이는 신종 수법이 등장했습니다. 사진을 보시면 '출석요구서'라는...,https://news.sbs.co.kr/news/endPage.do?news_id=N1008509172&plink=ORI&cooper=NAVER,0,,0
가상자산 계좌 통한 보이스피싱 예방 가상자산거래소 '강화된 출금 지연...,지난해 5월 금융당국은 가상자산 연계계좌를 통한 보이스피싱 피해금 편취를 방지하기 위해 디지털자산거래소 공동협의체(DAXA) 및 가상자산거래소와 함께 '가상자산 출금 지연 제도'를 시행했다. 그러나 최근...,http://www.intn.co.kr/news/articleView.html?idxno=2050035,4,,1
보이스피싱에 이용된 가상자산 계좌…'출금 제한' 더 세진다,"금융당국은 이번 제도 적용으로 보이스피싱 피해가 얼마나 감소하는지 계속 점검하는 한편, 예외기준을 우회하는 자금 인출이 없도록 기준의 적정성을 정기적으로 재심의할 계획이다. 당국은 ""제도상 미비점이 발견되면...",https://news.einfomax.co.kr/news/articleView.html?idxno=4408241,4,,1
[BS모닝] 가상자산 출금 지연 강화…예외 기준 통일로 보이스피싱 차단,금융위 제공 금융당국이 가상자산 계좌를 악용한 보이스피싱 피해를 차단하기 위해 ‘출금 지연 제도’의 핵심 허점으로 지적돼 온 예외 기준을 정비했다. 특히 거래소마다 제각각 운영되던 기준을 하나로 통일하고 적용...,http://www.segyebiz.com/newsView/20260407519159?OutUrl=naver,10,,1
가상자산 출금 지연 더 강해진다…거래소 예외 기준 통일,"의심 거래 상시 모니터링, 계정 지급정지, 피해자 자산 환급, 거래 목적 확인 절차 등이 의무화되며, 보이스피싱 정보 공유 플랫폼 ‘ASAP’에도 관련 데이터를 제공해야 한다. 시장 신뢰 회복이 관건 금융당국은 제도...",https://www.tokenpost.kr/news/policy/347222,4,,1
가상자산 출금 까다로워진다 … 보이스피싱 차단 위해 '출금 지연' 강화,"뉴데일리 정혜영 기자 = 가상자산 거래소를 통한 보이스피싱 피해를 막기 위해 출금 규제가 강화된다. 금융당국이 거래소별로 제각각이던 출금 지연 예외 기준을 통일하고, 예외 적용 계정에 대한 감시도 강화한다....",https://biz.newdaily.co.kr/site/data/html/2026/04/07/2026040700336.html,4,,1
'보이스피싱 피해액 출금 예방' 위해 거래소 출금지연 요건 강화,지연 예외 대상이 되는 고객이 기존 대비 1% 이내로 감소한다는 시뮬레이션 결과가 얻었다고 밝혔습니다. 당국은 표준내규를 마련함과 동시에 이에 따른 보이스피싱 피해 감소 효과를 지속적으로 점검하겠다는 계획입니다.,https://imnews.imbc.com/news/2026/econo/article/6813452_36932.html,0,,0
가상자산 ‘보이스피싱 구멍’ 막는다…출금지연 예외無,이번 조치는 보이스피싱 사기범들이 거래소별로 운영되던 예외기준을 악용해 피해자금을 즉시 세탁·인출하는 문제 등을 해결하기 위해 마련됐다. 금융당국이 지난해 6월부터 9월까지 5대 가상자산거래소(A~E)를 전수...,http://www.fnnews.com/news/202604072012134202,4,,1
가상자산거래소 출금지연 더 깐깐해진다…예외 기준 통일,가상자산거래소에서 발생한 보이스피싱 피해의 절반 이상이 '출금 지연 예외 계좌'에서 발생한 것으로 나타났다. 금융당국은 제도의 허점을 보완하기 위해 거래소별로 달랐던 출금 예외 기준을 통일하고 관리도...,https://www.etnews.com/20260407000413,4,,1
거래소마다 다른 출금지연 예외기준 통일…보이스피싱 자금 인출 차단,"금융당국은 8일부터 통일된 출금지연 예외 기준을 마련, 배포일부터 시행해 보이스피싱 피해금이 가상자산으로 전환된 뒤 빠져가가는 것을 차단할 계획이다. 8일 금융위원회는 가상자산거래소마다 자체적으로 운영되던...",http://www.edaily.co.kr/news/newspath.asp?newsid=01961446645414152,16,,1
"""보이스피싱 피해금 유출 최소화""…금융당국, 가상자산거래소 출금 지연...","금융당국은 가상자산 연계계좌를 통한 보이스피싱 피해금 편취를 방지하기 위해 디지털자산거래소 공동협의체(DAXA), 가상자산거래소와 함께 가상자산 출금 지연 제도를 지난해 5월부터 시행해 왔다. 금융당국은 ""최근...",https://www.dailian.co.kr/news/view/1630713/?sc=Naver,4,,1
가상자산거래소 출금지연 예외 기준 강화된다,보이스피싱 피해금 유출 방지 위한 출금지연 제도 운영 표준내규 마련 예외적용 고객 집중 모니터링 시행 [게티이미지] [헤럴드경제=김은희 기자] 가상자산거래소의 출금 지연 예외 기준이 강화된다. 거래 횟수와 거래...,https://biz.heraldcorp.com/article/10711959?ref=naver,3,,1
"보이스피싱 예방 강화…가상자산거래소, 출금 지연 제도 기준 통일",금융위원회는 가상자산 계좌를 통한 보이스피싱 피해를 줄이기 위해 '가상자산 출금 지연 제도'를 정비 모든 가상자산거래소의 기준을 통일한다고 오늘(7일) 밝혔습니다. 앞서 금융위는 디지털자산거래소 공동협의체(DAXA)...,https://biz.sbs.co.kr/article_hub/20000302715?division=NAVER,16,,1
'가상자산 출금지연' 예외기준 통합···보이스피싱 차단 강화,"금융당국과 디지털자산거래소 공동협의체(DAXA), 가상자산거래소들은 가상자산 계좌를 통한 보이스피싱 피해금 유출을 최소화하기 위해 출금 지연 제도를 정비했다고 8일 밝혔다. 그동안 가상자산거래소는 자체 기준에...",https://www.seoulfn.com/news/articleView.html?idxno=625867,4,,1
'가상자산 출금 지연' 예외기준 더 깐깐해진다,출금지연 제도 운영 표준내규 적용 거래횟수·기간·금액 필수 고려 예외 대상 고객 주기적 모니터링 [아시아타임즈=정종진 기자] 가상자산 계좌를 통한 보이스피싱 피해금 유출을 최소화하기 위해 그간 가상자산...,https://www.asiatime.co.kr/article/20260407500381,3,,1
“가상자산 출금지연 기준 통일…보이스피싱 차단 강화”,금융당국이 가상자산 거래를 악용한 보이스 피싱 피해를 막기 위해 출금 지연 제도를 강화합니다. 금융위원회는 가상자산 거래소의 '출금 지연 제도' 운영을 위한 표준 내규를 마련했다고 오늘(8일) 밝혔습니다....,https://news.kbs.co.kr/news/pc/view/view.do?ncd=8529697&ref=A,16,,1
허점 드러난 '가상자산 보이스피싱' 대책…출금 지연제도 강화,금융당국이 디지털자산거래소 공동협의체(DAXA) 및 가상자산거래소와 가상자산 계좌를 통한 보이스피싱 피해금 유출 최소화를 위해 '가상자산 출금 지연 제도'를 정비했다. 지난해 5월 관련 정책 시행 이후 곳곳에서...,https://www.sidae.com/article/2026040716480127107,4,,1
가상자산 보이스피싱 '퇴로' 막는다…출금 지연 예외 1%로 축소,"앞서 금융당국은 지난해 5월 가상자산 연계 계좌를 통한 보이스피싱 피해금 편취를 막기 위해 출금 지연 제도를 도입했다. 그러나 이후 점검 결과, 거래소별로 출금 지연 예외 기준이 제각각 운영되면서 제도 실효성이...",https://www.newsworks.co.kr/news/articleView.html?idxno=836968,4,,1
가상자산 계좌 통한 보이스피싱 예방…거래소 '출금 지연' 강화한다,지난해 당국은 가상자산 연계 계좌를 통한 보이스피싱 피해금 편취를 방지하기 위해 디지털자산거래소 공동협의체(DAXA·닥사) 및 가상자산거래소와 함께 '가상자산 출금 지연 제도'를 시행했다. 하지만 최근...,https://www.newsis.com/view/NISX20260407_0003581763,3,,1
"금융당국, 가상자산 '출금 지연 제도' 강화…보이스피싱 우회 차단","가상자산을 활용한 보이스피싱 피해를 막기 위해 가상자산 거래소 출금 지연 제도가 강화된다. 그동안 범죄에 악용될 가능성이 높았던 '출금 지연 예외' 기준을 통일하고, 예외 적용 계좌에 대한 집중 모니터링도 실시한다....",https://www.news1.kr/finance/blockchain-fintech/6128518,4,,1
"강화농협, 보이스피싱 예방·대포통장 근절 캠페인","인천 강화농협(조합장 이한훈)이 7일 전기통신금융사기(보이스피싱) 피해 예방과 대포통장 근절을 위한 캠페인을 실시했다(사진). 강화농협은 이날 캠페인 현수막 게시와 함께 여성 조합원과 고령 농민, 내방 고객을...",https://www.nongmin.com/article/20260407500515,1,,0
"마산서, 보이스피싱 예방 금융기관 직원 감사장",직원은 지난 1일 오후 2시 28분께 고객이 3000만원을 인출하는 과정에서 전화를 하며 불안한 모습을 보이는 점을 수상히 여기고 즉시 112에 신고했다. 이후 경찰관과 고객을 적극 설득해 보이스피싱 피해를 예방한 것이다.,http://www.gnmaeil.com/news/articleView.html?idxno=584111,1,,0
"평창경찰서, 진부면서 음주운전·보이스피싱 예방 홍보","또 최근 급증하는 보이스피싱 범죄 유형에 대한 사례 중심 홍보도 실시했다. 검사를 사칭하거나, 택배 배송, 소화기 구매·점검을 빙자한 고액의 금전 편취 피해 사례가 발생함에 따라 출처가 불분명한 금전 요구 시 사실...",https://www.kwnews.co.kr/page/view/2026040714034175565,0,,0
"[단독] 노인들 털린 돈, 동남아 범죄조직 '무기 자금'으로 흘러 들어갔...","전체 피해 규모와 비교하면 회수 가능한 범위는 제한적이다. 이 구조는 국경을 가리지 않는다. FBI는 <뉴스로드>와의 통화에서 ""동남아 기반 보이스피싱, 암호화폐 사기, 딥페이크를 활용한 지인 사칭은 이미...",http://www.newsroad.co.kr/news/articleView.html?idxno=57488,3,,1
"""범죄 의심자 있다"" 주민 제보에…35억 피싱범 덜미",수사기관의 체포영장을 피해 도주 중이던 35억 원대 보이스피싱(전화금융사기) 조직원이 광주 경찰의 끈질긴 잠복 끝에 붙잡혔다. 7일 광주경찰청 광역예방순찰대는 통신사기피해환급법 위반 혐의로 체포영장이 발부된...,https://view.asiae.co.kr/article/2026040717383363474,1,,0
휴대전화 대출 사기의 진화… 이번엔 '유심 담보',"기호일보, KIHOILBO 보이스피싱 (PG)./연합뉴스 개통한 휴대전화를 담보로 제공하고 대출을 받는 이른바 '내구제... 사기범들은 ""휴대전화 유심만 넘기면 급전을 빌려주겠다""고 피해자들을 속여 돈을 챙기고 있다. 반면...",https://www.kihoilbo.co.kr/news/articleView.html?idxno=3018892,1,,0
"대구동부경찰서·대구대, 보이스피싱 예방 홍보 콘텐츠 제작 협약",양 기관은 지속적으로 피해가 발생하는 보이스피싱 범죄를 중심으로 맞춤형 홍보를 추진할 계획이다. 대구대학교 웹툰영상애니메이션학부는 경찰서 요청에 따라 전공 수업을 활용해 콘텐츠 기획과 제작을 맡는다. 1학년...,https://www.dkilbo.com/news/articleView.html?idxno=540175,0,,0
광주 은행원 기지로 보이스피싱 피해 막았다,"7일 광주 북부경찰서에 따르면 경찰은 전날 오후 2시53분께 북구 매곡동 한 은행에서 자영업자 50대 A씨를 면담하는 과정에서 보이스피싱 피해를 예방했다. A씨는 같은 날 시중 은행을 사칭한 조직원으로부터 ""정부...",https://www.namdonews.com/news/articleView.html?idxno=906711,3,,1
"마산중부경찰서, 보이스피싱 피해 예방 은행 직원 포상","이에 출동한 경찰관과 함께 피해 사실을 인지하지 못하던 고객을 적극적으로 설득해 보이스피싱 피해를 예방한 것이다. 마산중부경찰서장(박병준)은 ""최근 보이스피싱 수법이 지능화 되면서 피해자가 범행을 인지하지...",https://www.gnnews.co.kr/news/articleView.html?idxno=634372,3,,1
"NH농협은행 오정동지점, '보이스피싱 보상보험' 무상 지원","보장 내용은 보이스피싱 및 메신저 피싱 직접 송금 피해액의 70%를 보장하며, 보장한도는 각 최대 1000만 원이다. 황진선 농협대전본부장은 ""고령층 고객의 피해 예방과 사후 보상을 지원하는 것은 매우 중요한 사항이다...",http://www.aflnews.co.kr/news/articleView.html?idxno=318231,3,,1
의창소방서 소방공무원 사칭 보이스피싱 사기 주의 당부,"▲ /의창소방서 의창소방서(서장 강종태)는 최근 소방공무원을 사칭해 소방용품 구매를 유도하는 보이스피싱... 받을 경우 즉시 관할 소방서에 사실 여부를 확인하고, 피해가 우려될 경우 경찰에 신고해 달라""고 당부했다.",http://www.gndomin.com/news/articleView.html?idxno=471444,0,,0
"광주경찰청, 35억 편취 보이스피싱 조직원 검거",드림투데이 자료사진 광주경찰청이 보이스피싱으로 35억 원을 가로챈 조직원을 검거했다. 7일 광주경찰청 광역예방순찰대는 통신사기피해환급법 위반 혐의로 체포영장이 발부된 20대 A 씨를 붙잡았다고 밝혔다. 수사...,http://www.gjdream.com/news/articleView.html?idxno=668481,0,,0
"마산중부서, 보이스피싱 예방 금융기관 직원에 감사장","이후 출동한 경찰관과 함께 피해 사실을 인지하지 못하던 고객을 적극적으로 설득해 보이스피싱 피해를 예방한 것이다. 박병준 마산중부경찰서장은 ""최근 보이스피싱 수법이 지능화 되면서 피해자가 범행을 인지하지...",http://www.gndomin.com/news/articleView.html?idxno=471447,1,,0
(단독)연간 보이스피싱 피해 1조…수사기관 환급은 ‘7년간 197억’,"뉴스토마토 = 강예슬 기자 | 지난해 보이스피싱 피해금이 사상 처음 1조원을 넘겼지만, 2017년 부터 2024년 7월까지 7년간 가상자산 거래소에 동결된 피싱 피해금이 피해자에게 돌아간 액수는 196억7000만원에 불과한...",http://www.newstomato.com/ReadNews.aspx?no=1296968&inflow=N,3,,1
"계명문화대, 외국인 유학생 대상 범죄예방교육 실시","이번 교육은 외국인 유학생들의 안전한 국내 생활을 지원하고 범죄 피해를 예방하기 위한 법정 의무교육의... 교육은 112 신고 요령을 비롯해 디지털 성범죄, 보이스피싱(메신저피싱), 중고거래 사기, 마약 및 도박 등 외국인...",https://www.newsfreezone.co.kr/news/articleView.html?idxno=683955,0,,0
경북 보이스피싱 피해 381억 급증…고령층 집중 타깃,"보이스피싱 피해가 다시 가파르게 늘며, 특히 고령층을 정조준한 범죄 양상이 뚜렷해지고 있다. 경북경찰청은 ""사후 검거만큼 사전 예방이 중요하다""고 강조했다. 경북경찰청에 따르면, 보이스피싱 피해액은 2022년...",https://www.kyongbuk.co.kr/news/articleView.html?idxno=4069329,0,,0
"[포토뉴스] NH농협은행 대전 오정동지점, '보이스피싱 보상보험' 무료지...",금융 취약계층의 금융사기 피해를 지원하고 실질적인 보상 체계 마련을 목적으로 한다. 보장내용은 보이스피싱 및 메신저피싱 직접 송금 피해액의 70%를 보장하며 보장한도는 각 최대 1000만원이다. 사진=대전농협 제공,https://daily.hankooki.com/news/articleView.html?idxno=1355957,4,,1
"[청주소식]상당경찰서, 남일면 이장단 교통안전 교육 등","전귀성 서장은 이날 마을 이장 35명을 대상으로 고령층 보행사고 예방, 보이스피싱 피해 방지책 등을 교육했다. 이번 교육은 주민 소통을 위한 이장단 월례회의 참석 과정에서 이뤄졌다. ◇서부소방서, 청주소년원 찾아...",https://www.newsis.com/view/NISX20260407_0003581607,0,,0
신임 충남경찰청장 취임 업무 본격화,"김 청장은 주요 범죄 대응력 강화에 대해 ""보이스피싱 등 지능형 범죄와 국민의 일상을 위협하는 마약범죄 등... 김 청장은 사회적 약자 보호와 관련해 ""여성·아동·어르신 등 사회적 약자를 대상으로 한 범죄는 피해가 크고...",http://www.chungnamilbo.co.kr/news/articleView.html?idxno=882149,0,,0
"대낮 초등학교 앞 동포 납치...경찰, 외국인 일당 추적","[(음성변조) 인근 주민 : 이 골목에서 저번에 보이스 피싱도 잡고 몇 건 잡았어요. 여기 사람이 많이 다니는... 경찰은 현재 피해자 신병을 확보한 상태로, 나머지 공범들을 추적하고 있습니다. HCN뉴스 박종혁입니다....",https://ccn.hcn.co.kr/user/news/BD_newsView.do?news_category=02&story_id=NS2026040700070&story_seq=0&soCode=114&socttSn=NS2026040700070&socttSeq=0,0,,0
"증권·보험업계, 취약계층 대상 사회공헌 활발",정부의 상생ㆍ포용금융 정책 기조에 발맞춰 금융취약계층의 금융 접근성을 높이고 보이스피싱 등 금융범죄 피해 확산을 방지하기 위해 마련됐다. 금융사의 실효성 있는 금융교육을 통해 장애학생들이 올바른 경제...,http://www.wsobi.com/news/articleView.html?idxno=309460,1,,0
"계명문화대, 외국인 유학생 '범죄 리스크' 정면 교육","범죄 피해를 사전에 차단하기 위한 법정 의무교육으로 마련됐다. 단순 안내를 넘어 '현장 대응력'을 높이는 데... 112 신고 요령을 시작으로 디지털 성범죄, 보이스피싱, 중고거래 사기, 마약과 도박 등 주요 범죄 유형과 대응...",https://www.dkilbo.com/news/articleView.html?idxno=540170,0,,0
"순천경찰서–순천제일대, 대학생과 외국인 유학생 범죄예방 업무협약 체...",협약식에는 경찰과 대학 측 관계자들이 참석해 최근 증가하는 마약류 범죄와 보이스피싱 등 신종 범죄 대응... 아울러 범죄 대응 교육을 통해 외국인 유학생의 피해를 사전에 차단하고 안정적인 유학생활을 지원하는...,https://www.newsfreezone.co.kr/news/articleView.html?idxno=683931,0,,0
"영암경찰, 외국인 근로자 '범죄예방교실' 운영","최근 체류 외국인이 증가하며 관련 범죄도 함께 늘어나는 추세에 따라, 경찰은 교통법규 준수와 보이스피싱 예방, 마약 범죄의 위험성 등을 집중적으로 교육했다. 특히 피해가 발생했을 때의 신속한 대처 방법과 112 신고...",https://www.namdonews.com/news/articleView.html?idxno=906659,0,,0
"영광소방서, 소방관 사칭 사기행각 주의 당부",최근 전국적으로 소방관을 사칭하는 보이스피싱 등 사기 범죄가 기승을 부리고 있다. 주요 사기 수법으로는... “유사한 피해가 발생하지 않도록 군민 여러분과 지역 소상공인들의 철저한 경계를 당부드린다. 소방서...,http://fpn119.co.kr/249391,0,,0
"순천경찰서–순천제일대, 공동체 치안 협력체계 구축 '어깨동무'",범죄와 보이스피싱 등 신종 범죄에 공동 대응하기 위한 협력체계 구축을 주요 내용으로 협약했다. 양 기관은... 범죄 피해 예방과 안정적인 유학생활 지원에도 기여할 것으로 전망된다. 또 서포터즈 활동 및 합동순찰 등...,https://www.jeonmae.co.kr/news/articleView.html?idxno=1246068,0,,0
[포토] NH농협은행 오정동지점 '보이스피싱 보상보험' 무료지원,지원하고 실질적인 보상 체계 마련을 위해 만 60세 이상 전 국민 100만 명에게 무료가입을 지원하고 있다. 보장내용은 보이스피싱 및 메신저피싱 직접 송금 피해액의 70%를 보장하며 보장한도는 각 최대 1000만 원이다.,https://www.ggilbo.com/news/articleView.html?idxno=1151377,3,,1
'연 4만건' 피싱범죄 급증에…'서울청 직접 수사' 문턱 높아졌다,기간 피해규모도 1조6870억원에서 2조2057억원으로 30% 넘게 증가했다. 건수가 급증하면서 전담 수사 인력에 업무가 몰리면서 이송 기준을 조정한 것이다. 범죄 유형도 진화하면서 수사 난이도도 높아졌다. 과거 보이스피싱과...,https://www.mt.co.kr/society/2026/04/07/2026040609040838519,0,,0
보이스피싱 보상보험 무료 지원 확대,"보장 범위는 보이스피싱과 메신저피싱으로 인한 직접 송금 피해다. 피해액의 70%를 보전하며, 보장 한도는 최대 1000만원 수준이다. 이날 현장에서는 고령층을 중심으로 보험 안내와 상담이 함께 진행되며, 금융사기 대응...",https://www.ccdailynews.com/news/articleView.html?idxno=2408687,1,,0
"광주경찰, 보이스피싱 조직원 검거...35억대 피해 수사",35억 원대 보이스피싱 범죄를 저질러 수배중이던 20대 조직원이 검거됐습니다. 광주경찰청 광역예방순찰대는 카드 배송과 금융기관 등을 사칭해 피해자 20여 명으로부터 금품을 가로챈 혐의로 체포영장을 집행했습니다....,https://news.bbsi.co.kr/news/articleView.html?idxno=4076884,1,,0
은행 ‘보이스피싱 무과실 배상’ 현실화…예산·인력 강화 총력전,뉴스토마토 = 이지유 기자 | 금융당국이 보이스피싱 피해에 대해 금융회사가 과실 여부와 관계없이 배상 책임을 지는 '무과실 책임' 제도 도입을 추진하면서 은행권도 채비에 나섰습니다. 단순한 소비자 보호 강화 수준을...,http://www.newstomato.com/ReadNews.aspx?no=1296957&inflow=N,4,,1
“용광로처럼 섞여서 더 큰 에너지 지닌 나라로”…다문화청소년과 노...,"이를 통해 스마트폰 사용법, 모바일 쇼핑, 모바일 금융거래 등 기본적인 디지털 기기 사용법은 물론 보이스피싱 등 디지털 범죄 피해 예방방법을 일대일로 교육한다. 한편, <희망이음 - 함께하는 내일> 캠페인...",https://www.khan.co.kr/article/202604071518001,1,,0
"논산경찰서, 글로컬 건양대 K-국방 마라톤 대회 참가 범죄예방 홍보활동","▲ 보이스 피싱 예방캠페인 모습. 논산경찰서 제공 논산경찰서는 지난 4일 논산 건양대학교에서 열린 '2026 K... 논산경찰서 관계자는 ""많은 시민이 참여하는 마라톤 대회 현장에서 범죄 예방 메시지를 전달함으로써 피해를...",https://www.ggilbo.com/news/articleView.html?idxno=1151355,0,,0
"김해시 소영철내과의원, 이웃돕기 성금 200만원 기탁",기부자가 특별히 도움을 전하고자 하는 이웃은 최근 보이스피싱 사기로 큰 피해를 본 뒤 건강 문제로 입원 치료를 받고 있는 가장의 가구다. 갑작스런 소득 상실과 병원비 부담으로 생계에 어려움을 겪고 있는 해당...,https://www.newsgn.com/news/articleView.html?idxno=545214,0,,0
"광주경찰청 광역예방순찰대, 35억원 상당 가로챈 보이스피싱 범죄조직원...","뉴데일리 이성호 기자 = 광주경찰청 광역예방순찰대는 지난 3일 통신사기피해환급법 위반 혐의로 체포 영장이 발부된 보이스피싱 범죄조직원 A(20대)씨를 검거하였다고 7일 밝혔다. 경찰에 따르면, A씨는 2024년도부터 카드...",https://gj.newdaily.co.kr/site/data/html/2026/04/07/2026040700225.html,0,,0
'수상한데?' 은행원 기지 빛났다…'약 3천만 원' 보이스피싱 차단,신고를 받고 출동한 광주 북부경찰서 일곡지구대와 피싱팀이 A씨를 설득한 결과 2900만 원 송금 피해를 막을 수 있었다. A씨의 휴대전화에는 보이스피싱 조직이 원격으로 심어 둔 악성앱이 설치됐던 것으로 확인돼...,https://www.nocutnews.co.kr/news/6497976?utm_source=naver&utm_medium=article&utm_campaign=20260407021441,3,,1
"토스뱅크, 경찰청과 '우리동네 금융사기예방관' 모집…퇴직 경찰관 30명...",갈수록 지능화되는 보이스피싱과 각종 금융 범죄로부터 시민의 재산을 보호하고 지역 밀착형 예방 활동을... 전기통신금융사기 피해 규모가 연간 100억 원 이상인 서울 내 상위 15개 지역을 집중 관리 거점으로 지정하고...,https://www.public25.com/news/articleView.html?idxno=43530,1,,0
"보이스피싱 가담 혐의 40대 '불기소'…""코인 대행 위장, 고의성 판단 핵...",보이스피싱 피해금을 가상화폐로 환전해 전달한 혐의로 수사를 받던 40대 남성이 검찰에서 무혐의 처분을 받았다. 1일 법조계에 따르면 대전지방검찰청은 전기통신금융사기피해방지법 위반 혐의로 송치된 40대 남성 A씨에...,https://edu.donga.com/news/articleView.html?idxno=105923,1,,0
"[기고] 금융범죄, '사후 처방'보다 '사회적 면역력'강화에 집중할 때",최근 인공지능(AI) 기술을 악용한 딥페이크 보이스피싱부터 복잡한 알고리즘을 내세운 가상자산 사기까지... 그러나 '사후 약방문' 식의 대응은 이미 파괴된 피해자의 삶과 상실된 사회적 신뢰를 온전히 되돌리지 못한다....,https://www.kbanker.co.kr/news/articleView.html?idxno=224645,4,,1
"""범죄 의심"" 신고로 시작…한달잠복, 피싱 수배범 잡았다",35억원대 보이스피싱(전화금융사기) 범죄에 가담한 조직원이 경찰의 한달여에 걸친 잠복 끝에 검거됐다. 광주경찰청 광역예방순찰대는 통신사기피해환급법 위반 혐의로 체포 영장이 발부된 A(20대)씨를 검거했다고 7일...,https://www.newsis.com/view/NISX20260407_0003581077,1,,0
"인터넷전문은행 3사, 금융사기 예방위해 '연합전선' 구축…6월 도입","활용 중""이라며 ""단말기 교체 이력과 다회산 개통, 상위 범죄좌와 통화한 이력 등을 통해 위험도가 평가된다""며 ""위험으로 분류된 고객 등을 통해 작년 한해 400억원의 보이스피싱 피해 예상액을 막았다""고 덧붙였다.",https://zdnet.co.kr/view/?no=20260407130448,4,,1
"NH농협은행 서울강서사업부,‘2026 강서봄빛페스타’서 보이스피싱 보상...",이번 홍보는 만 60세 이상을 대상으로 보이스피싱 및 메신저피싱 피해에 대비할 수 있는 보상보험을 알리고 예방 인식을 높이기 위해 마련됐다. NH올원뱅크 앱과 NH농협은행 영업점을 통해 가입신청이 가능하다....,http://www.thebigdata.co.kr/view.php?ud=202604071154456823df3c2a17b7_23,3,,1
‘플랫폼 고객정보’ 빼내 보복 범죄에 악용,경찰은 이 조직이 보이스피싱 피해 이후 계좌 지급정지 상황을 악용해 금전을 요구하는 ‘통장 협박’ 피해자들로부터 의뢰를 받은 정황도 확인했다. 범죄가 다른 범죄와 결합되는 양상도 나타나고 있다. 이처럼 보복 대행...,https://www.naeil.com/news/read/584341?ref=naver,0,,0
"NH농협은행 오정동지점, '보이스피싱 보상보험' 무료가입 지원","내용은 보이스피싱 및 메신저피싱 직접 송금 피해액의 70%를 보장하며, 보장한도는 각 최대 일천만원이다. NH농협은행 오정동지점은 7일 오정동 농수산물시장에서 '송헌복지회 짜장면 무료나눔행사'에 참석한 시민들을...",http://www.newstnt.com/news/articleView.html?idxno=604947,3,,1
"김호승 신임 충남경찰청장 ""민생치안 확보"" 강조","주요 범죄 대응에서는 보이스피싱과 마약범죄를 직접 거론했다. 김 청장은 ""보이스피싱 등 지능형 범죄와... 김 청장은 여성·아동·노인 대상 범죄와 관계성 범죄를 언급하며 ""피해자를 단순한 사건 당사자가 아니라...",http://www.dtnews24.com/news/articleView.html?idxno=809950,0,,0
"코인으로 피싱 자금 3천억 세탁한 일당…경찰, 범죄 수익 72억 압수",현재까지 검거된 인원은 국내 보이스피싱 조직원과 자금세탁 조직원 19명이다. 이들에게는 통신사기피해환급법·범죄수익은닉규제법·특별금융정보법 등의 혐의가 적용됐다. 경찰은 이들의 주거지와 사무실 등에서...,https://www.newsis.com/view/NISX20260407_0003581016,1,,0
"의창소방서, 소방공무원 사칭 소방용품 구매 사기 주의 당부","의창소방서(서장 강종태)는 최근 소방공무원을 사칭해 소방용품 구매를 유도하는 보이스피싱 사기가... 확인하고, 피해가 우려되면 지체 없이 경찰에 신고해 달라""고 강조했다. 의창소방서는 시민들에게 ▲출처가 불분명한...",https://www.newsgn.com/news/articleView.html?idxno=545145,0,,0
NH농협은행 오정동지점 '보이스피싱 보상보험' 무료지원,"보장내용은 보이스피싱 및 메신저피싱 직접 송금 피해액의 70%를 보장하며, 보장한도는 각 최대 일천만원이다. 한편, 농협은행 대전본부(본부장 황진선)는'고령층 고객의 피해 예방과 사후 보상을 지원하는 것은 매우...",http://www.ccnnews.co.kr/news/articleView.html?idxno=406542,3,,1
"대구 서부경찰서, '피싱 수법 공유' 핫라인 구축 나섰다","이번 간담회는 최근 공공기관과 택배, 카드사를 사칭한 보이스피싱과 부고 문자, 배송 안내를 가장한 스미싱, 행정기관을 사칭한 노쇼 사기 등 범죄 수법이 빠르게 진화하면서 피해 우려가 커진 데 따른 조치다. 이날...",https://www.dkilbo.com/news/articleView.html?idxno=540095,3,,1
"보이스피싱에 2,900만 원 날릴 뻔...은행원·경찰이 막았다",7일 광주 북부경찰서에 따르면 전날 오후 2시 50분쯤 광주광역시 북구 매곡동의 한 은행에서 경찰이 은행원의 신고로 자영업자 50대 남성 A씨의 보이스피싱 피해를 예방했습니다. A씨는 금융기관을 사칭한 조직으로부터...,https://www.ikbc.co.kr/article/view/kbc202604070024,4,,1
“QR 찍지 마세요” 집으로 온 검찰 ‘출석요구서’… 신종 보이스피싱...,"최근 온라인상에서 출석요구서를 사칭한 신종 보이스피싱 수법이 확산되고 있어 각별한 주의가 요구된다. 우편물 형태로 전달된 가짜 공문을 통해 피해자를 유도하는 방식으로, 기존 전화 중심의 피싱을 넘어 수법이...",https://www.asiatoday.co.kr/view.php?key=20260407010001921,0,,0
"유리 방패의 역설, 쿠팡 고객 정보 유출에 비추어",사진은 1일 쿠팡이 피해 고객에게 보낸 개인정보 노출 통지 문자 메시지. 사진제공 연합뉴스 ⓒ 연합뉴스... 보이스피싱과 스팸 메시지의 끊임없는 타깃이 되는 것도 시간문제다. 주민번호를 대체한다는 명목으로 도입된...,http://www.ilemonde.com/news/articleView.html?idxno=22206,0,,0
"""보안부터 AI·외국인까지""…금융권, 고객·기술 전방위 확장 경쟁 본격...",지역 축제와 연계한 캠페인을 통해 고령층 피해 예방 인식을 높이려는 시도다. 사진=NH농협은행이 '보이스피싱 보상보험' 무료 지원 사업 캠페인을 개최했다. 투자상품 시장에서는 NH투자증권의 성과가 두드러진다. IMA...,http://www.dailypop.kr/news/articleView.html?idxno=97833,4,,1
[은행가] 하나은행-먹깨비 지역 소상공인 지원 제휴 外,만 60세 이상을 대상으로 보이스피싱 및 메신저피싱 피해에 대비할 수 있는 보상보험을 알리고 예방 인식을 높이기 위해 마련했다. NH올원뱅크 앱과 NH농협은행 영업점을 통해 가입신청이 가능하다. 보이스피싱 및...,https://www.slist.kr/news/articleView.html?idxno=729811,3,,1
[데스크 칼럼] 보이스피싱 '잡범' 취급 끝낼 때다,기관사칭형 비중은 51%까지 올라갔고 피해자의 53%는 50대 이상이었다. 보이스피싱은 이제 '속은 사람이 부주의했다'고 말할 수 있는 범죄가 아니다. 국가기관을 사칭하고 금융회사의 허점을 파고들며 디지털 정보...,https://www.safetimes.co.kr/news/articleView.html?idxno=241601,1,,0
“소화기 안 사면 벌금?”…‘소방관 사칭 사기’ 극성,"[보이스피싱 피해자/음성변조 : ""당하기 쉽게 말을 하니까, 우리 나이 많은 사람들한테는 쉽게 당하게 되더라고요. 잘 모르니까….""] 소방관을 사칭한 전화 사칭 사기 시도는 경남에서만 96건, 실제 피해로 이어진 건...",https://news.kbs.co.kr/news/pc/view/view.do?ncd=8528868&ref=A,0,,0
"대구지법, 뇌병변 장애 네살 아들 살해하려다 울음소리에 멈춘 엄마 '집...","하면서 피해자를 전적으로 양육하기로 했다. 피고인은 일정한 직업과 수입이 없이 긴급생계지원금(월 120만 원 상당)으로 생계를 유지하던 중, 대출을 받기 위해 성명불상자에게 제공한 계좌가 보이스피싱 범행에...",http://www.lawissue.co.kr/view.php?ud=2026040710221143429a8c8bf58f_12,1,,0
"'보복대행' 조직, 배민 외 기관서도 개인정보 탈취 정황","경찰은 이 조직이 보이스피싱 피해금을 송금한 뒤 신고해 계좌가 지급정지되면 돈을 요구하는 일명 '통장 협박'을 받은 이들에게 의뢰받은 것으로 보고 있다. 박정보 서울경찰청장은 이날 정례 간담회에서 ""운영자와 공범...",https://www.jnilbo.com/news/articleView.html?idxno=90000029312,0,,0
"보이스피싱에 2900만원 날리기 직전, 은행원이 막았다",7일 광주 북부경찰서에 따르면 경찰은 전날 오후 2시53분께 북구 매곡동 한 은행에서 자영업자 50대 A씨를 면담하는 과정에서 보이스피싱 피해를 예방했다. A씨는 같은 날 시중 은행을 사칭한 보이스피싱 조직원으로부터...,https://www.newsis.com/view/NISX20260407_0003580685,3,,1
"NH농협은행, 고령층 대상 보이스피싱 피해 보상 보험 무료 지원","이번 사업은 금융 취약계층의 보이스피싱 피해 예방과 실질적 보상 체계 마련을 목표로 하며, 만 60세 이상 약 100만 명을 대상으로 무료 가입이 지원될 예정이다. 보험은 보이스피싱과 메신저피싱으로 인한 직접 송금...",https://www.news1.kr/local/daejeon-chungnam/6127737,4,,1
민·관·학 함께하는 '디지털 트러스트' 대국민 캠페인 열린다,"하지만 기술의 화려한 발전 뒤편에는 딥페이크를 활용한 가짜뉴스, 정교한 보이스피싱, 소비자를 기만하는... 방지)’ ▲피해 경험을 나누는 ‘함께 실천’ 등이 그 내용이다. 국민들이 직접 목소리를 낼 수 있는 참여형...",https://zdnet.co.kr/view/?no=20260407090205,0,,0
"NH농협은행, '강서봄빛페스타'서 보이스피싱 보상보험 캠페인",이번 홍보는 만 60세 이상을 대상으로 보이스피싱 및 메신저피싱 피해에 대비할 수 있는 보상보험을 알리고 예방 인식을 높이기 위해 마련됐다. NH올원뱅크 앱과 NH농협은행 영업점을 통해 가입신청이 가능하다....,https://www.handmk.com/news/articleView.html?idxno=36955,3,,1
"""5% 상환하면 저금리 대출""…은행원이 2900만원 보이스피싱 막았다",은행 직원의 기지와 경찰의 신속한 공조가 수천만원대 보이스피싱 피해를 막아냈다. 광주 북부경찰서는 금융기관의 신속한 대응으로 보이스피싱 추가 피해를 예방했다고 7일 밝혔다. 경찰에 따르면 자영업자 A 씨(50대)...,https://www.news1.kr/local/gwangju-jeonnam/6127561,6,,1
"“보이스피싱, 우리가 쫓는다”…논산署, 마라톤 발로 뛰며 ‘철벽 방어...","등에 ‘보이스피싱 예방’ 문구를 부착하고 땀방울을 흘리며 달리는 이들은 다름 아닌 논산경찰서 소속... 피싱 범죄와 노쇼(No-Show) 등 신종 금융사기 기법에 대한 시민들의 경각심을 높이고, 지역 사회의 피해를...",https://www.joongdo.co.kr/web/view.php?key=20260407010001859,1,,0
"""지자체-대학 협력 모범사례""...대구대생의 펜 끝에서 살아난 '범죄 예방...","주제는 특히 보이스피싱 등 피해 사례가 많은 범죄로 시민들이 쉽게 접할 수 있는 짧은 영상, 숏툰, 온라인 콘텐츠 등 다양한 포맷이 제작될 예정이다. 학생들은 1학년 영상 수업과 고학년 숏툰 수업을 연결해 실제 수업...",https://www.startuptoday.co.kr/news/articleView.html?idxno=608871,0,,0
"""도민 안전 위협하면 끝까지 추적""…김호승 제39대 충남경찰청장 취임","민생을 위협하는 보이스피싱과 마약 등 지능형 강력범죄에 대해서는 무관용 원칙을 분명히 했다. 김 청장은... 최근 급증하는 관계성 범죄에 대해 ""사건 초기 단계부터 공권력이 적극 개입해 추가 피해를 막아야 한다""고...",https://www.shinailbo.co.kr/news/articleView.html?idxno=5008575,0,,0
제23대 백동흠 대전경찰청장 취임…,"보이스피싱, 사기, 마약 등 시민의 삶을 파괴하는 범죄에 대해 예방부터... 또한 스토킹과 가정폭력 등 사회적 약자를 위협하는 범죄에는 단호하게 대처하고 피해자...",http://www.breaknews.com/1198101,0,,0
"초국경 기업화된 사기범죄 ↑…""민관 협력 대응체계 구축 필요""","김태훈 금융위원회 금융안전과장은 ""최근 보이스피싱은 단순 전화 사기를 넘어 장기간 피해자를 심리적으로 지배하는 시나리오형 범죄로 진화했다""며 ""범죄 조직은 피해자의 직장, 금융거래 정보, 생활 패턴 등을 사전에...",https://www.sidae.com/article/2026040616034184109,13,,1
금융사기 수법 고도화에 인뱅 3사 뭉쳤다…‘AI 연합 모델’ 6월 적용,"연쇄 피해를 더욱 적극적으로 방어할 수 있다”고 설명했다. 특히 이번 모델에 적용된 ‘연합학습’은... 저축은행 등 중소 금융업권까지 모델을 공유해, 금융권 전반의 보이스피싱 대응 역량을 끌어 올린다는 방침이다.",https://biz.heraldcorp.com/article/10711337?ref=naver,8,,1
"경북 국힘 의원 재산 증가..""도민 민생 경제 챙겨야""","의원의 연간 증가액이 도민 평균 자산 수준과 맞먹는다고 지적했습니다. 또 연체율 상승과 개인회생 증가, 취약계층 확대 등 지역 경제 위기를 언급하며, 정치권이 서민 경제 회복에 책임 있게 나서야 한다고 강조했습니다.",https://www.tbc.co.kr/news/view?pno=20260407192120AE08244&id=205241,2,,1
"[단독]""부실채권 늘 것"" 경고에도…수지신협, 190억 대 부동산 계약",부동산 계약 당시 수지신협의 신용 연체율은 한도보다 2배 이상 높아 재무 건전성에 대한 우려가 제기되는... 연체율 한도 초과 상태서 175억 투자…'재무건전성 우려'특히 수지 신협은 재무 건전성에 대한 우려가 있는...,https://www.nocutnews.co.kr/news/6498425?utm_source=naver&utm_medium=article&utm_campaign=20260408075049,18,,1
"저축은행, 대손상각비 4700억 '뚝'…부실 정리 효과 본격화",지난해 말 기준 저축은행 연체율은 6.04%로 전년(8.52%) 대비 2.48%포인트 하락했다. 고정이하여신비율 역시 8.43%로 같은 기간 2.25%포인트 낮아졌다. 여기에 부실채권 관리 전문기업인 'SBNPL대부'가 지난달 첫 매각에...,https://www.dailian.co.kr/news/view/1630651/?sc=Naver,23,,1
급증한 車담보대출 채무조정...석달 만에 작년 실적 60%,"가중되면서 연체율이 오를 가능성이 있다”고 우려했다. 한계 차주가 늘고 있다는 신호는 이 뿐만이 아니다. NICE신용평가에 따르면 지난해 말 기준 주요 캐피털사의 가계대출과 개인사업자 대출 연체율은 각각 3.0%, 3....",https://www.sedaily.com/article/20029591?ref=naver,2,,1
경북 의원 재산 급증 vs 민생 악화…자산 격차 '경고등',"금융권 자료에서는 경북 상호금융 연체율이 높은 수준을 기록하고 있으며, 대구·경북 지역 개인회생과 파산 신청도 증가세다. 취약계층 역시 꾸준히 늘고 있다. 자산 증가와 민생 지표 간 괴리가 커지고 있다는 지적이...",https://www.kyongbuk.co.kr/news/articleView.html?idxno=4069384,9,,1
은행 신용카드 대출 연체율 21년 만에 ‘최고’,"대출 연체율이 4%대로 치솟아 21년 만에 최고 수준이 됐고, 카드론 잔액도 역대 최대 수준에 가까워진... 국내 은행의 신용카드 대출 연체율이 4%대로 치솟으며 약 21년 만에 최고 수준을 나타냈다. '서민 급전 창구'인...",https://www.segye.com/newsView/20260407515416?OutUrl=naver,10,,1
"더민주 경북도당, 국힘 경북 국회의원 재산 증가에...“도민 민생부터 ...","또 경북 지역 상호금융 공동대출 연체율이 높은 수준을 보이고, 가계와 기업의 금융 부담도 커지고 있다는 점을 언급했다. 지난해 대구·경북 지역의 개인회생 및 파산 접수 건수가 1만 6000여 건에 달한 점도 함께...",http://www.inews24.com/view/1957958,10,,1
주력산업 부진에 기업 '흔들'…빚 공포 덮친 영남권,영남권 기업대출 연체율 상승…부산·대구 중심 악화 부동산 침체·주력산업 부진 겹쳐…지역경제 위축... 7일 한국은행 경제통계시스템에 따르면 올해 1월 기준 영남권 예금은행 기업대출 연체율(1개월 이상...,https://www.asiatoday.co.kr/view.php?key=20260407010002109,13,,1
'생산적 금융' 기조에도...중기대출 비중 줄어,<기자> 중소기업대출 연체율이 크게 오르고 있는 점도 은행들로선 부담입니다. 올해 1월 은행권 중기대출 연체율은 전월대비 0.1%p 오른 0.82%를 기록했는데요. 대기업대출 연체율이 0.13%로 비교적 완만한 흐름을 이어가고...,https://www.wowtv.co.kr/NewsCenter/News/Read?articleId=A202604070402&t=NNv,9,,1
경북 정치권 재산 증가 논란 확산…“민생 외면한 채 자산만 늘었다” ...,"금융권 자료에 따르면 경북 지역 상호금융 공동대출 연체율은 전국 최고 수준에 근접한 상태로, 가계와 기업 모두 상환 부담이 크게 늘어난 상황이다. 또한 생활고 심화로 인해 개인회생과 파산 신청 역시 빠르게 증가하고...",https://www.ekn.kr/web/view.php?key=20260407027175054,10,,1
[생생경제] 브릿지론이 뭐길래…PF 사업장의 뇌관 되나,"이 회의에서 금융위는 지난해 12월 말 기준 금융권 PF대출 연체율이 3.88%로 전분기보다 0.36%포인트 하락했고, 중소금융회사인 저축은행·여전·상호금융의 토지담보대출 연체율도 29.68%로 전분기보다 2.75%포인트...",http://www.srtimes.kr/news/articleView.html?idxno=200574,27,,1
"막차 끊긴 서민들의 비명…지방은행 카드 연체율 4.1%, '벼랑 끝 금융'의...","상황에서, 연체율이 카드 사태 이후 최고 수준으로 치솟으며 서민 경제의 기초 체력이 바닥났음을 알리고 있기 때문이다. 7일 한국은행과 은행연합회에 따르면 지난 1월 국내 일반은행의 신용카드 대출 연체율은 4.1%로...",https://www.businessplus.kr/news/articleView.html?idxno=110232,14,,1
"더민주 경북도당,국민의힘 경북 국회의원 재산 급증 지적…“도민 민생...","금융권 자료에 따르면 경북 지역 상호금융 공동대출 연체율은 전국 최고 수준을 기록하고 있으며, 채무 부담을 견디지 못한 개인회생·파산 신청도 급증하고 있다. 실제로 대구·경북 지역에서는 지난해 개인회생 및...",https://www.pressian.com/pages/articles/2026040716295635520?utm_source=naver&utm_medium=search,10,,1
"한국투자저축은행, 지난해 실적 털썩… 올해는 다를까","연체율 역시 전년(8.13%)말보다 소폭 오른 8.59%를 기록했다. ◇ 연임 성공한 전찬우 대표, 실적 개선 부담↑ 자본적정성 지표인 BIS기준 자기자본비율은 17.14%로 안정적인 수준을 보였지만 수익성과 건전성 개선에 있어선...",https://www.sisaweek.com/news/articleView.html?idxno=234719,14,,1
금융위 PF 규제의 역설…증권사로 밀려난 ‘부실의 풍선효과’,7일 금융위 및 업계 등에 따르면 전체 금융권 PF 익스포져는 연체율이 하락하며 지표상 관리되는 모습입니다. 작년 말 기준 익스포져는 174조3000억원으로 전분기 대비 3조6000억원 감소했습니다. PF 대출 연체율도 3.88...,http://www.newstomato.com/ReadNews.aspx?no=1297017&inflow=N,21,,1
"교보생명, SBI저축은행 품었다...종합금융그룹 도약 분수령",여기에 고금리 기조가 장기화되면서 연체율 상승과 부동산 프로젝트파이낸싱(PF) 부실 우려 등 저축은행 업권이 가진 특유의 리스크도 부담 요인이 될 수 있다. 일부 재무적 투자자(FI)와의 풋옵션 갈등이 여전히 진행...,http://www.lkp.news/news/articleView.html?idxno=78891,24,,1
"“괜찮겠죠?” 빚투하다 카드빚, 막느라 또 카드빚","연체율도 빠르게 늘고 있다. 한국은행 통계에 따르면 일반은행의 신용카드 대출금 연체율은 올해 1월 말 기준 4.1%로, 20년8개월 만에 최고치를 기록했다. 전월(3.2%) 대비로는 0.9%포인트 상승했다. 카드 결제대금을...",https://www.munhwa.com/article/11580527?ref=naver,13,,1
"[금융그룹 1Q 실적 프리뷰] 우리금융, 보험사 이익 반영에 순익 27% 급증","김인 BNK투자증권 연구원은 ""2025년 염가매수차익 5800억원 반영에 따른 보수적 충당금 적립 및 연체율 안정화를 반영해 대손충당금 전입액도 전년 동기 대비 11.9% 감소할 것""으로 예상했다. 그룹의 1분기 순이자이익은...",https://www.kfenews.co.kr/news/articleView.html?idxno=656581,13,,1
"[MD포커스] 은행 연체율 4% 카드사로 전이…충당금 1조 시대, 신용시장 ...","은행 연체율 상승과 카드사 카드론 증가, 충당금 유지 흐름이 맞물리며 금융권 전체의 건전성을 위협할 수 있다는 우려가 나온다. 7일 한국은행과 은행연합회에 따르면 올해 1월 일반은행의 카드대출 연체율은 4.1%로 전년...",https://www.mydaily.co.kr/page/view/2026040715474315506,25,,1
상품 라인업 다각화로 우량고객 잡은 카드사…연회비 수익 1.5조 돌파,다만 연회비 수익 증가는 신용카드 결제 규모가 크고 연체율 등 부실 위험이 낮은 우량고객이 늘어났다는 점을 의미한다. 카드사 입장에서는 장기적인 수익성과 건전성을 동시에 개선할 수 있는 기반이 마련된...,https://www.dnews.co.kr/uhtml/view.jsp?idxno=202604071437506990300,11,,1
[상호금융 新경영코드②] 가계대출 430% 초과의 대가…김인號 새마을금...,◇ ‘연체율 8%→5%’…부실 정리 효과 지표만 보면 개선 흐름은 분명하다. 2025년 말 기준 연체율은 5.08%로 전년 말(6.81%) 대비 1.73%포인트 하락했다. 상반기(8.37%)와 비교하면 3.29%포인트 급락한 수준이다. 그러나 이를...,https://www.mydaily.co.kr/page/view/2026040715423492783,12,,1
"고유가·고환율 ‘이중고’…공격적 기업대출, 은행 건전성 ‘부메랑’...",이미 올해 1월 말 기준 은행의 기업대출 연체율은 0.67%로 전월 말 대비 0.08%포인트(p) 올랐다. 그중에서도 중소기업 대출 연체율(0.82%)은 0.10%p 상승했다. 서지용 상명대학교 경영학과 교수는 “기업대출 쏠림이...,https://www.viva100.com/article/20260407500782,13,,1
장민영의 IBK기업은행··· 정책금융 확대·경영 안정 '두 토끼' 잡을까,"35년 내부 경력을 바탕으로 정책금융 확대를 이끌겠다는 구상이지만, 수익성 저하와 연체율 상승, 미봉된... 기업은행은 지난해 당기순이익이 증가했지만 순이자마진은 낮아졌고, 대출 연체율은 상승했다. 중소기업 대출...",https://www.greenpostkorea.co.kr/news/articleView.html?idxno=306475,10,,1
"[신한카드 리부트]① 1등DNA 부활…선제 비용 관리, 실적 개선으로",이 결과 지난해 연체율은 1.49%로 전년(1.73%) 대비 0.24%p 하락했고 고정이하여신(NPL) 비율도 1.32%에서 1.16%로 0.16%p 낮아졌다. 요적립액 대비 대손충당금 적립 비율은 104.4%로 안정적인 손실흡수 체계를 구축하고 있다. 결국...,https://www.bloter.net/news/articleView.html?idxno=658839,13,,1
현대차 흔들리면 현대캐피탈도 흔들린다…캡티브의 '역습',"이어, ""오히려 현대캐피탈은 안정적인 자동차 금융을 영위해 온 결과 PF 위기에도 흔들리지 않고 견조한 실적을 달성했고, 연체율 0%대를 유지하는 등 업계 최고 수준의 자산건전성을 확보해 왔다""며 ""앞으로도...",https://www.greened.kr/news/articleView.html?idxno=338964,15,,1
은행 신용카드 대출 연체율 4% 넘어…21년 만에 최고,국내 일반은행의 신용카드 대출 연체율이 4%를 넘어서며 21년 만에 최고치를 나타냈다. 7일 한국은행 경제통계시스템에 따르면 올해 1월 기준 국내 일반은행의 신용카드 대출 연체율은 4.1%로 집계됐다. 일반은행에서...,https://www.nongmin.com/article/20260407500268,13,,1
저축은행 체질 개선 통했나···건전성·수익성 개선 뚜렷,연체율이 5%대로 낮아지고 순이익도 급증하는 등 업권 전반의 체질 개선 흐름이 뚜렷해지고 있다. 7일 저축은행 업계에 따르면 자산 기준 상위 20개 저축은행의 지난해 평균 연체율은 5.46%로 전년(7.83%) 대비 2.37...,http://www.enewstoday.co.kr/news/articleView.html?idxno=2415942,14,,1
신용카드 대출 연체율 4%…21년 만에 최고,국내 은행의 신용카드 대출 연체율이 4%대로 치솟으며 약 21년 만에 최고 수준을 보였다. 7일 한국은행과 은행연합회에 따르면 지난 1월 국내 일반은행의 신용카드 대출 연체율은 4.1%로 지난해 말(3.2%)보다 0.9...,https://www.news1.kr/photos/7841808,13,,1
신용카드 연체율 마저 '역대 최고',국내 은행의 신용카드 대출 연체율이 4%대로 치솟으며 약 21년 만에 최고 수준을 보였다. 7일 한국은행과 은행연합회에 따르면 지난 1월 국내 일반은행의 신용카드 대출 연체율은 4.1%로 지난해 말(3.2%)보다 0.9...,https://www.news1.kr/photos/7841811,13,,1
21년 만에 최고 수준 보인 신용카드 대출 연체율,국내 은행의 신용카드 대출 연체율이 4%대로 치솟으며 약 21년 만에 최고 수준을 보였다. 7일 한국은행과 은행연합회에 따르면 지난 1월 국내 일반은행의 신용카드 대출 연체율은 4.1%로 지난해 말(3.2%)보다 0.9...,https://www.news1.kr/photos/7841806,13,,1
고유가·고물가에 신용카드 연체율도 역대 최고,국내 은행의 신용카드 대출 연체율이 4%대로 치솟으며 약 21년 만에 최고 수준을 보였다. 7일 한국은행과 은행연합회에 따르면 지난 1월 국내 일반은행의 신용카드 대출 연체율은 4.1%로 지난해 말(3.2%)보다 0.9...,https://www.news1.kr/photos/7841814,13,,1
고유가·고물가에 신용카드 연체율 마저 '역대 최고',국내 은행의 신용카드 대출 연체율이 4%대로 치솟으며 약 21년 만에 최고 수준을 보였다. 7일 한국은행과 은행연합회에 따르면 지난 1월 국내 일반은행의 신용카드 대출 연체율은 4.1%로 지난해 말(3.2%)보다 0.9...,https://www.news1.kr/photos/7841816,13,,1
"자본시장 뇌관 '부동산 PF', 연체율 하락...금융당국 ""부실정리·규제강...","지난해 말 금융권 부동산 PF 익스포저와 연체율이 하락한 반면, 신규 PF 취급은 우량 사업장을 중심으로... PF 대출 잔액 116조원 기준 연체율은 지난해 말 3.88%로 전분기보다 0.36%포인트 하락했다. 금융권이 경·공매와...",http://www.opinionnews.co.kr/news/articleView.html?idxno=136365,12,,1
"""성장보단 건전성 관리""…리스크 압박 속 기술신용대출 '먹구름'",중소기업들의 연체율이 치솟으면서 자산 건전성에 비상이 걸렸기 때문이다. 또 중동 사태 장기화로 인한 국제 유가 급등과 원·달러 환율 상승 악재가 맞물리면서 수입 원가 부담을 떠안은 중소기업의 연체율이 치솟고...,https://www.newsway.co.kr/news/view?ud=2026040713352740571,11,,1
깨진 성장 공식…건설업 ‘구조적 위기’ 본격화,PF 연체율 상승과 금융기관의 보수적 심사 기조 속에 신규 사업은 입지와 분양성이 검증된 프로젝트 중심으로 선별되는 흐름이 뚜렷해지고 있다. 업계 관계자는 “과거에는 분양 성과가 사업성을 좌우했지만 지금은 착공...,https://theviewers.co.kr/View.aspx?No=4032715,9,,1
"[생보 대출 익스포저]① 삼성생명, 주담대 중심 자산운용…안정성에 방...","삼성생명 관계자는 ""대출채권 38조1000억원 가운데 약 27조9000억원이 부동산이며 대부분이 주택담보대출""이라며 ""주택담보대출은 연체율이 낮고 고객의 주거 안정에도 기여할 수 있어 안정적인 자산으로 보고 있다""고...",https://www.bloter.net/news/articleView.html?idxno=658798,2,,1
올들어 기업대출 15조 늘린 은행권…대기업대출 급증,내수 부진에 고금리 상황이 겹치면서 영세 중소기업과 개인사업자를 중심으로 연체율 상승 압력이... 지난 1월 말 국내은행의 기업대출 연체율은 0.67%로 전월 대비 0.08%포인트 올랐다. 대기업대출 연체율은 0.13%로...,https://www.newsis.com/view/NISX20260407_0003580896,9,,1
"4대 금융지주, 1분기 역대급 실적 전망에도 웃지 못하는 이유","당장 기업대출이 빈자리를 채우고 있지만, 은행 입장에선 연체율이 상대적으로 높고 충당금 적립 부담도 크다. 대손비용 증가가 순이익 성장세를 제약할 수 있다는 분석도 나온다. 환율의 급격한 상승과 홍콩 H지수...",https://www.techm.kr/news/articleView.html?idxno=150879,18,,1
"빚투 충격, 카드사 번져…급락장 손실 메우려 카드론·대환대출↑","한국은행과 은행연합회에 따르면 올해 1월 말 국내 일반은행의 신용카드 대출 연체율은 4.1%로 집계됐다. 전월 3.2%보다 0.9%p 뛰었고, 2005년 5월 이후 20년 8개월 만의 최고 수준이다. 1금융권과 2금융권 대출이 모두...",https://www.straightnews.co.kr/news/articleView.html?idxno=299562,21,,1
"“이자에 다 털린다”...카드사 실적, 왜 계속 꺾이나","카드사들의 건전성 관리 강화로 연체율이 낮아졌으나, 대손상각비 증가를 막지 못한 점도 언급된다. 자금 회수에 대한 투자자들의 불안감이 이자로 치환된 것이다. 고유가·고환율이 기준금리 상승 압력으로...",https://www.ekn.kr/web/view.php?key=20260407029394762,17,,1
[이슈] 신용카드대출 연체율 4% 넘었다...21년만에 최고 수준,"대출 연체율이 4%를 넘어섰다. 카드대출을 제때 갚지 못한 차주가 늘면서 약 21년 만에 가장 높은 수준까지 올랐다. 7일 한국은행과 은행연합회에 따르면, 지난 1월 국내 일반은행의 신용카드 대출 연체율은 4.1...",https://www.startuptoday.co.kr/news/articleView.html?idxno=608916,14,,1
PF 연체율 하락의 역설…중동발 '공사비 폭탄'에 2차 리스크 현실화,[연합뉴스]  부동산 프로젝트파이낸싱(PF) 연체율이 3%대로 내려앉으며 시장이 안정을 되찾는 모양새지만... ◇'착시'에 가려진 연체율 하락…신규 대출 중단이 만든 지표 개선 금융위원회에 따르면 지난해 12월 말 기준...,https://www.ziksir.com/news/articleView.html?idxno=129831,27,,1
"현대캐피탈 ""철수 아닌 구조 재편""..중고차금융 축소설 선 그어",일반 중고차 금융은 상대적으로 연체율이 높은 사업으로 꼽힌다. 해당 자산 비중을 줄이고 건전성 관리에 집중하는 전략으로 해석된다. 연체율 개선과 대손충당금 적립 확대 등 리스크 관리 지표도 함께 개선되고 있는...,https://kpenews.com/View.aspx?No=4032065,14,,1
"은행 신용카드 대출 연체율, 4% 돌파…약 21년 만에 최고",국내 은행의 신용카드 대출 연체율이 4%대로 치솟으며 약 21년 만에 최고 수준을 나타냈다. '서민 급전... 7일 한국은행과 은행연합회에 따르면 지난 1월 국내 일반은행의 신용카드 대출 연체율은 4.1%로 지난해 말(3.2...,https://www.newsis.com/view/NISI20260407_0021237734,13,,1
은행 신용카드 대출 연체율 4% 돌파,국내 은행의 신용카드 대출 연체율이 4%대로 치솟으며 약 21년 만에 최고 수준을 나타냈다. '서민 급전... 7일 한국은행과 은행연합회에 따르면 지난 1월 국내 일반은행의 신용카드 대출 연체율은 4.1%로 지난해 말(3.2...,https://www.newsis.com/view/NISI20260407_0021237737,13,,1
"은행 신용카드 대출 연체율, 약 21년 만에 가장 높은 수준",국내 은행의 신용카드 대출 연체율이 4%대로 치솟으며 약 21년 만에 최고 수준을 나타냈다. '서민 급전... 7일 한국은행과 은행연합회에 따르면 지난 1월 국내 일반은행의 신용카드 대출 연체율은 4.1%로 지난해 말(3.2...,https://www.newsis.com/view/NISI20260407_0021237733,13,,1
은행 신용카드 대출 연체율 4%대,국내 은행의 신용카드 대출 연체율이 4%대로 치솟으며 약 21년 만에 최고 수준을 나타냈다. '서민 급전... 7일 한국은행과 은행연합회에 따르면 지난 1월 국내 일반은행의 신용카드 대출 연체율은 4.1%로 지난해 말(3.2...,https://www.newsis.com/view/NISI20260407_0021237731,13,,1
부동산PF '연착륙' 진입했지만…잔여 부실·규제 강화는 변수,"익스포저와 연체율, 유의·부실우려 사업장 비중이 모두 하락한 점을 들어 시장이 전반적으로 연착륙... 발표 내용에는 2025년 말 기준 PF 대출 연체율 현황, 7차 사업성 평가 결과, 부실 사업장 정리·재구조화 실적...",https://www.ebn.co.kr/news/articleView.html?idxno=1704587,17,,1
박창훈 신한카드 대표 1년 성적 '물음표'…실적 꺾이고 신뢰 흔들,신한카드의 연체율은 2023년 1.73%에서 2025년 1.49%로 하락했다. 고정이하채권(NPL) 비율은 2023년 1.30%에서 2024년 1.32%로 올랐으나 지난해 1.16%로 떨어지며 충당금 부담 완화 기대를 키웠다. 대손상각비 또한 2024년 9...,http://www.srtimes.kr/news/articleView.html?idxno=200445,15,,1
불안장세에 묶이는 대기자금…2금융권 정기예금으로 피신,부동산 프로젝트파이낸싱(PF) 부실 정리가 진행되면서 저축은행의 PF 대출 연체율은 지난해 말 2.95%에서 1.82%로 낮아졌다. 이에 따라 업황도 빠르게 회복되는 모습이다. 지난해 상위 20개 저축은행의 합산 당기순이익은...,https://news.einfomax.co.kr/news/articleView.html?idxno=4408026,25,,1
"[중간점검, 생산적 금융②] 기업대출 늘리면 자본비율 '뚝'···규제의 ...",◇ 중동발 악재 만난 생산적금융···고환율·연체율 등 부담으로 중동사태 역시 생산적금융엔 '악재'다.... 지난 2월 말 5대 시중은행의 원화대출 연체율(1개월 이상)은 단순평균 0.46%로 작년 말 대비 0.1%p나 상승했다....,https://www.seoulfn.com/news/articleView.html?idxno=625715,13,,1
가계부채 규제에…농협 '비조합원 대출' 조인다,"앞서 새마을금고와 신협이 가계대출 총량 관리를 이유로 모든 집단대출을 중단하자, 상대적으로 금리가 낮은 농협의 대출 수요가 폭증하며 건전성 우려가 커졌기 때문이다. 금융권은 상호금융권의 높아진 대출 문턱이...",https://www.mk.co.kr/article/12010446,20,,1
[단독] 농협 마저…‘비조합원 가계대출’ 꽉 조인다,"앞서 새마을금고와 신협이 가계대출 총량 관리를 이유로 모든 집단대출을 중단하자, 상대적으로 금리가 낮은 농협으로 대출 수요가 폭증하며 건전성 우려가 커졌기 때문이다. 이에 금융당국은 새마을금고와 농협 등...",https://www.mk.co.kr/article/12009892,13,,1
"'3% 벽'에 막힌 예금금리…시중은행 ""올릴 이유 없다""",특히 대출 성장 둔화로 운용 수익이 제한된 상황에서 예금금리를 인상할 경우 예대금리차 축소와 순이자마진(NIM) 악화로 이어질 수 있어 은행 입장에서는 금리 인상 유인이 크지 않다. 은행들의 소극적 대응은 가계대출...,https://dealsite.co.kr/articles/159741,9,,1
금융지주 회장 연임 확정되자 신한.우리은행 등 예대금리차 연중 최고치...,"신한금융, 우리금융 등 주요 금융지주사 회장들의 연임이 사실상 확정되자 주요 시중은행의 예대금리차가 연중 최고치로 치솟고 있다. 예대금리차는 이자 장사에 대한 여론의 비판과 당국의 경고가...",https://www.autodaily.co.kr/news/articleView.html?idxno=543026,9,,1
"[선유도 전망대] 3월에 터진 26조 추경 편성, '전쟁' 핑계 대고 '표(票)'...",한국은행도 물가 불안으로 섣불리 기준금리를 내리지 못하고 있다. 오히려 금리 인상 요인이 더 부각되고 있다. 이 또한 국채시장 불안요인이다. FTSE 세계국제지수(WGBI)에 편입돼 70~90조원 가량의 외화가 유입될 거라고...,https://www.g-enews.com/view.php?ud=202604071331153891533107c202_1,15,,1
2%에 묶인 은행 예금금리…저축은행·인뱅은 3%대,저축은행들이 시장 불확실성에 대비해 선제적인 유동성 확보에 나선 영향이다. 한국은행... 카카오뱅크 정기예금도 12개월 만기 기준 연 3.0% 금리를 적용한다. 반면 은행 예금금리는 2%대 수준에 머물고 있다. 정부의...,https://www.newsis.com/view/NISX20260407_0003581584,16,,1
유가 상승에도 전기차 판매 부진…고금리·보조금 축소 '이중 압박',한국은행의 기준금리 동결 기조가 이어질 가능성이 크고 차량 구매에 들어가는 금융 비용 부담이 여전히 높은 수준에서 유지되고 있기 때문이다. ◇보조금·할인 프로모션 결합…전기차 회복 기대 최근 국내 전기차...,https://www.ziksir.com/news/articleView.html?idxno=129981,13,,1
"[서정희 칼럼] 신현송 한은 총재 후보, 기대만큼 과제도 많다",미국보다 과감하게 기준금리를 내린 것이 대표적이다. 그런데 문제는 지금이다. 무엇보다 환율이 너무... 이렇게 볼 때 신현송 총재 시대의 한국은행은 정책금리를 결정하는 기본적 일 외에 지금 우리 앞에 가로놓인...,https://www.ajunews.com/view/20260406101939693,20,,1
"전세대출 감소하는데 또 규제, 은행권 새 수익원 찾기 비상","전세자금대출은 부동산 정책 및 대출 규제, 한국은행 기준금리, 주택시장 상황 등에 영향을 받아왔다. 최근 5년 내 전세자금대출 잔액이 최대였던 시점은 지난 2022년 9월이다. 앞서 문재인 정부 말인 2021년 9월, 127조...",http://www.edaily.co.kr/news/newspath.asp?newsid=01741686645414152,13,,1
이란 전쟁에 추경까지…“3분기 물가상승률 3% 찍고 정점”,물가 불안이 커지면서 한국은행의 향후 통화정책에 대한 전문가들의 의견도 엇갈리고 있다. 물가 안정의 ‘골든 타임’을 놓치지 않기 위해 연내 기준금리 인상에 나설 것이란 전망과 외부 충격에 따른 일시적인 물가...,http://www.edaily.co.kr/news/newspath.asp?newsid=01633446645414152,12,,1
[스트레이트뉴스 여론조사] 한국인이 가장 신뢰하는 금융공기업은 '한국...,"이 총재가 금리 결정에 있어 다소 보수적인 입장으로 기준금리 조정 시기를 실기한 것 아니냐는 비판이 종종 있었고, 한국은행 본연의 임무와 상관없는 발언으로 종종 구설에 오르기도 했지만 한은에 대한 국민적...",https://www.straightnews.co.kr/news/articleView.html?idxno=299627,18,,1
"뛰는 시장금리에, 채권 발행 막막한 카드사",물가급등이 현실화하면 한국은행이 기준금리를 더 빠른 시점에 올릴 수 있다는 전망도 나온다. 금리상승으로 인한 수익성 저하는 시장점유율 하위 카드사들에 더 큰 영향을 미칠 것으로 예상된다. 한국기업평가에...,https://www.mt.co.kr/finance/2026/04/08/2026040719513632521,17,,1
서민 집·복지 떠받치는 한국 사회채권… ADB ‘짧은 만기’ 경고,"한국은행 기준금리는 현재 연 2.50%로 동결돼 있다. 반면 ADB 통계상 지난해 11월부터 지난 2월까지 한국 2년물 국채금리는 33bp(1bp=0.01%), 10년물은 62bp 올랐다. 기준금리가 같아도 시장에서 실제 자금을 빌리는 비용은 뛸 수...",https://www.kmib.co.kr/article/view.asp?arcid=1775549559&code=11151100&cp=nv,21,,1
중동전쟁 나비효과가 불러일으킨 가치의 변화[이상헌의 밸류체인지],이렇듯 성장 둔화와 인플레이션 환경하에서 향후 한국은행의 정책적 판단이 보다 더 중요시될 것이다. 또 일본은행은 현재 기준금리를 0.75%로 유지하고 있지만 인플레이션 압력이 급격히 확대되는 환경하에서는 향후 긴축...,https://www.khan.co.kr/article/202604072110005,12,,1
"[기획]한국은행, 기준금리 전쟁 리스크에 ‘인하보다 동결’ 무게","한국은행이 기준금리를 인하할 경우 한·미 금리차 확대 우려가 커질 수 있고, 이는 원화 약세와 외환시장 변동성 확대로 연결될 수 있다. 최근처럼 지정학적 리스크가 높은 국면에서는 이런 부담이 더 크게 작용할...",https://www.m-economynews.com/news/article.html?no=66212,13,,1
[미리보는 금통위] 중동 악재 속 이창용 고별 무대···금리 인상 단초...,"이창용 한국은행 총재가 주재하는 마지막 통화정책방향 결정회의가 사흘 앞으로 다가왔다. 중동전쟁 장기화로 물가 상방 압력이 커진 가운데, 시장에선 금통위가 기준금리를 동결하되 인플레이션 억제 의지를 드러내는...",https://www.seoulfn.com/news/articleView.html?idxno=625823,12,,1
한국은행 금통위 D-3… 매파 기조 확인될까,◇ 7회 연속 기준금리 동결 가능성↑ 한국은행은 오는 10일 금융통화위원회(이하 금통위)를 열고 기준금리를 결정한다. 한국은행은 지난해 7월부터 올해 2월까지 6회 연속 기준금리를 2.5%로 동결한 바 있다. 이날...,https://www.sisaweek.com/news/articleView.html?idxno=234733,13,,1
"한은, 기준금리 동결 유력",이창용 마지막 금통위 주재 이창용 한국은행 총재(사진)가 주재하는 마지막 금융통화위원회가 오는 10일로 예정된 가운데 시장은 기준금리 동결을 전망하고 있다. 7일 한은에 따르면 이 총재는 10일 금통위를 주재하고...,https://www.mk.co.kr/article/12010559,18,,1
"한국은행, 대학생 통화정책 경시대회…수상팀 채용 우대",국내 대학 학부 재학생 4명이 1개 팀을 구성해 한국은행 홈페이지(www.bok.or.kr)를 통해 온라인으로 신청하면 된다. 예심은 '5월 기준금리 결정 시 가장 중요하게 고려해야 할 이슈'를 주제로 한 보고서(7페이지 이내)...,https://news.mtn.co.kr/news-detail/2026040717251893992,12,,1
[퇴근길머니] '역대급 성적표' 삼성전자…서울 휘발윳값 2천원,금요일에는 한국은행이 금융통화위원회를 열고 기준금리를 결정합니다. 이창용 총재의 마지막 금통위이기도 한데요. 현재까지 동결에 무게가 쏠리고 있습니다. 또 이날 국회 본회의에서는 26조2천억원 규모의 추경안이...,http://www.yonhapnewstv.co.kr/MYH202604071729229Z4,13,,1
"[채권마감] 베어스팁, 유가 상승+트럼프 협상 시한 부담","한국은행 기준금리(현 2.50%)와 국고3년물간 금리차는 95.1bp로 확대됐다. 국고10년물과 3년물간 장단기금리차도 1.0bp 벌어진 30.3bp를 기록해 사흘만에 30bp대로 올라섰다. 6월만기 3년 국채선물은 4틱 떨어진 103.99를, 10년...",https://www.etoday.co.kr/news/view/2573615,17,,1
이창용의 마지막 금통위 사흘 앞으로…고환율·고물가에 '동결' 무게,올해 세 번째 기준금리를 결정하는 한국은행 금융통화위원회가 사흘 앞으로 다가왔다. 이번 금통위는 이달 20일 임기 만료를 앞둔 이창용 총재가 주재하는 마지막 금통위라는 점에서 더욱 이목이 집중된다. 최근 중동...,https://www.getnews.co.kr/news/articleView.html?idxno=867230,16,,1
[이슈앤피플] 이창용의 마지막 금통위…한미 통화정책 수장 교체 영향은...,"이번 한국은행 금통위의 핵심은 금리 결정보다 메시지에 있다고 볼 수 있을텐데요. 국제유가 상승으로... 한미 간 기준금리 역전 현상이 장기간 이어지고 있는데, 신현송 후보자 취임 후 한미 금리차이는 어떻게 될까요?...",http://mbnmoney.mbn.co.kr/news/view?news_no=MM1005808616,12,,1
조달금리 연 3.5% 문턱… 시장금리 상승에 카드사 '식은땀',물가 급등이 현실화하면 한국은행이 기준금리를 더 빠른 시점에 올릴 수 있다는 전망도 나온다. 금리 상승으로 인한 수익성 저하는 시장점유율 하위 카드사들에 더 큰 영향을 미칠 것으로 예상된다. 한국기업평가에...,https://www.mt.co.kr/finance/2026/04/08/2026031114121352857,15,,1
K점도표 남기고 가는 이창용號... 마지막 금리는 7연속 동결로 마무리할...,재임 중 마지막 통방도 2.5% 동결 유력 구조개혁 강조와 금리전망 개선 등 노력 이창용 한국은행 총재가 기준금리를 결정하는 마지막 금융통화위원회를 10일 연다. 중동 전쟁 영향으로 고물가와 고환율의 이중고가 함께...,https://www.mk.co.kr/article/12010298,16,,1
보증부대출 출연금 고객 전가 '제동'…차주 '이자부담 경감' 체감,"한국은행 금융통화위원회는 2월 26일 기준금리를 연 2.50%로 유지했고, 현재도 그 수준이 이어지고 있다. 하지만 한국은행의 최근 발표를 보면 2월 예금은행의 신규취급액 기준 대출금리는 연 4.26%로 집계됐다. 기준금리...",https://www.straightnews.co.kr/news/articleView.html?idxno=299594,14,,1
중동전쟁 5주... 거센 파도에 금융권 방파제 세웠다,한국은행 역시 기준금리를 2.50%로 동결하며 3월 통화신용정책보고서를 통해 환율의 높은 변동성을 주요 운영 여건으로 공식 명시했다. 정부는 채권시장 안정화를 위해 3월 26일 5조원 규모의 긴급 국채 매입(바이백)을...,https://www.pressman.kr/news/articleView.html?idxno=101217,21,,1
주담대 금리 오르는데…차주들 변동형 선택하는 이유,"금리 상승기에도 불구하고 주택담보대출 차주들이 이자 부담을 줄이고자 금리 수준이 낮은 변동형을 선호하고 있다.(사진=연합뉴스) 7일 한국은행에 따르면, 은행권 주담대 변동금리 비중은 신규취급액 기준 지난 2월...",https://www.asiatime.co.kr/article/20260407500249,10,,1
"추경 먼저, 금리는 신중…복잡해진 한은의 4월 셈법","사이, 한국은행은 오는 10일 금융통화위원회를 앞두고 물가와 성장, 환율과 금융안정을 함께 점검하며 신중한 태도를 유지하는 모양새다. 시장에선 기준금리(연 2.50%) 동결 전망이 지배적이다. 7일 금융권에 따르면...",http://www.metroseoul.co.kr/article/20260407500342,21,,1
연준 금리 동결 전망 92%…4월 금통위 방향은,연준 금리 동결 전망 92% 급등 한은도 금리 동결 무게 실려 향후 금리 인상 가능성도 남아 중동 전쟁 여파로 국제유가가 급등하면서 미국 연방준비제도(Fed)의 기준금리 인하 기대가 꺾였다. 이에 한국은행도 금리 동결...,https://www.mk.co.kr/article/12010125,27,,1
유가·환율 압박에도…한은 4월 금통위 '신중한 동결' 무게,"[사진=뉴시스] KB증권은 7일 보고서를 통해 4월 금통위에서 한국은행이 기준금리를 만장일치로 동결할 것으로 전망했다. 지난 2월 금통위 이후 국제유가 상승으로 물가 부담이 커졌지만, 미국과 이란 간 협상 가능성이...",http://www.newsian.co.kr/news/articleView.html?idxno=88231,20,,1
중동發 고환율·고유가에 4월 기준금리 동결 전망…연내 인상 가능성은...,"물론, 한국은행이 기준금리 인상 카드를 꺼내기 보다 종립적인 입장에서 신중한 태도를 보일 것이라는 전망도 나온다. 박준우 하나증권 연구원은 ""3개월 구두 가이던스에서는 인하가 사라지는 것은 물론이고, 인상...",https://www.kfenews.co.kr/news/articleView.html?idxno=656555,15,,1
"외국인, 올해 주식 55조 순매도",중동전쟁 격화로 물가상승 우려가 높아지면서 글로벌 금리상승세가 이어진 가운데 한국은행이 기준금리 인상에 나설 수 있다는 경계감이 대두되면서 외국인 채권 수요가 약화된 것으로 보인다. 시장전문가들은...,https://www.naeil.com/news/read/584370?ref=naver,15,,1
"전국결선 기준 금상 1000만원…한은, 통화정책 경시대회","서울 중구 한국은행 전경. 사진=강민혜 기자 한국은행(이하 한은)은 대학생들의 통화정책 이해를 높이기... 지원 시 한은 홈페이지를 통해 신청서, 자격 증빙 서류, '5월 기준금리 결정 시 가장 중요하게 고려해야 할...",https://weekly.hankooki.com/news/articleView.html?idxno=7158765,17,,1
3월 외국인 주식 35.7조 순매도…채권 10.2조 순유출,"3월 말 미국 10년 국채금리가 2월 말 대비 38bp 급등하는 등 글로벌 금리 상승세가 이어지고, 국제유가 급등 현상이 장기화될 것이라는 전망에 따라 한국은행이 기준금리 인상에 나설 수 있다는 경계감이 커졌기...",https://www.naeil.com/news/read/584310?ref=naver,22,,1
[표] 은행간 단기금리 기준-코리보(07일),※다음은 연합인포맥스가 07일 오전 11시00분에 고시한 한국의 은행간 단기금리 기준 입니다. ────┬──────────── 기간│금리(%) 전일대비...,https://news.einfomax.co.kr/news/articleView.html?idxno=4408118,4,,1
신현송 한은 총재 지명…李대통령의 승착인가? 패착인가?,대학 교수·BIS 국장 등 화려한 이력에도 중앙은행 통화정책 실무 경험은 없어 중동발 고유가 인플레이션... 라잔의 사례를 따르면 한국의 소비자물가 상승률이 현재 2.3% 수준이므로 신 후보자는 기준 금리를 현재 2.5%에서...,https://www.chosun.com/economy/economy_general/2026/04/07/QWKUMOUTJRA5XNPCPO7LFHQCEM/?utm_source=naver&utm_medium=referral&utm_campaign=naver-news,9,,1
"4대 금융지주, 1분기 최대 실적 예고…관건은 CET1·비은행",해도 기준금리 인하에 대한 전망이 우세했기 때문에 대부분의 은행들이 올해 NIM전망을 보수적으로... 한국은행에 따르면 은행 기업대출 잔액은 2024년말 1315조1000억원에서 2025년 말 1363조9000억원으로 늘었고...,https://news.tf.co.kr/read/economy/2310408.htm,15,,1
한은 통화정책 경시대회 개최…장학금 최대 1000만원,내달 22일부터 접수 시작 아주경제=장선아 기자 sunrise@ajunews.com 서울 중구 소재 한국은행 전경 [사진... 참가팀은 다음 달 22일부터 27일까지 '5월 기준금리 결정 시 가장 중요하게 고려해야 할 이슈'를 주제로 보고서...,https://www.ajunews.com/view/20260407092028532,17,,1
"올해의 통화정책 왕중왕은?…한은, 대학생 통화정책 경시대회 개최",사진=한국은행 참가 신청은 한은 홈페이지에서 오는 5월22일부터 27일까지 접수할 수 있다. 신청자는 대학별 4명으로 구성된 팀을 이뤄 ‘5월 기준금리 결정 관련 주요 이슈’를 주제로 보고서를 제출해야 한다....,http://www.edaily.co.kr/news/newspath.asp?newsid=03568646645413824,17,,1
"한은, ‘2026년 제23회 통화정책 경시대회’ 개최","예심 결과는 서면평가를 거쳐 6월 18일에서 6월 19일 중 한국은행 홈페이지, 개별 이메일 등을 통해 공지한다. 예심 통과 팀은 '7월 기준금리 결정' 내용, 주요 근거 등을 담은 발표 자료(PPT)를 7월 7일에서 7월 8일 중...",http://www.joseilbo.com/news/news_read.php?uid=566082&class=18&grp=,17,,1
"한은, 대학생 통화정책 경시대회 개최","결선에서는 기준금리 결정 방향과 근거를 발표하고 심사위원 질의에 답하는 방식으로 진행된다. 입상팀에는 한국은행 총재 표창과 장학금이 수여된다. 전국결선 기준 금상 1000만원, 은상 500만원, 동상 300만원 등이...",https://www.mt.co.kr/economy/2026/04/07/2026040711240851675,17,,1
"한국은행, '2026 통화정책 경시대회' 개최",전국결선대회는 오는 8월 11일 한국은행 본부에서 개최될 예정이다. 결선 진출팀은 '8월 기준금리 결정' 내용을 주제로 최종 경합을 벌인다. 전국결선 금상 수상팀에게는 1000만원의 상금과 총재 표창장이 수여되며 은상...,https://www.newspim.com/news/view/20260407000282,12,,1
"[게시판] 한국은행, 대학생 통화정책 경시대회 개최",▲ 한국은행은 대학생들이 통화정책 결정 과정을 모의 체험할 수 있는 '제23회 통화정책 경시대회'를... 예심 평가는 서면으로 이뤄지며 '5월 기준금리 결정 시 가장 중요하게 고려해야 할 이슈'를 주제로 한 보고서를...,https://www.yna.co.kr/view/AKR20260407033300002?input=1195m,12,,1
"한은, 대학생 대상 통화정책 경시대회 개최…5월 참가신청",각 지역예선대회 최우수상 수상팀을 대상으로 한 전국결선대회에는 8월 11일 한국은행 본부 주관으로 열릴 예정이다. 결선 진출팀은 '8월 기준금리 결정'의 발표자료(PPT)를 8월 5일에 제출해야 한다. 지역예선 및...,https://view.asiae.co.kr/article/2026040710362156676,17,,1
“금일 기준금리를 OO했습니다”···‘대학판’ 금통위 열린다,"이때 우수 성적을 받으면 한국은행 신입직원 채용 서류전형에서 우대받을 수 있다. 7일 한은에 따르면... 예심 때는 참가신청서, 자격증빙 서류와 ‘5월 기준금리 결정 시 가장 중요하게 고려해야 할 이슈’를 주제로...",http://www.fnnews.com/news/202604070745291223,17,,1
한은 '통화정책 경시대회' 개최…기준금리 결정 모의체험,한국은행은 대학생들의 통화정책 이해도를 높이기 위해 '2026년 제23회 통화정책 경시대회'를 개최한다고... 함께 '5월 기준금리 결정 시 가장 중요하게 고려해야 할 이슈'를 주제로 한 보고서를 제출해야 한다....,https://www.news1.kr/economy/trend/6127674,17,,1
"저축銀, 예금금리 연초 넘어 '역주행'…4월 인상 ""전례 없는 흐름""","이날 기준 저축은행 금리 상단은 연 3.56%로 연초 대비 0.38%p 증가했다. 구체적으로 살펴보면 업계에서 가장... 조달금리는 상승하고 대출은 정체된 상황에서, 돌파구 마련이 우선 과제로 부상하고 있다. 한국은행에 따르면...",https://news.tf.co.kr/read/economy/2310399.htm,14,,1
李 마지막 금통위 ‘금리 인상’ 시그널 나오나,[연합] 이창용 한국은행 총재가 주재하는 마지막 금융통화위원회 회의가 10일 열린다. 시장에서는 7회 연속 동결에 무게를 싣는 가운데 이번 금통위에서 금리 인상 신호를 줄지 촉각을 곤두세우고 있다. 7일 금융권에...,https://biz.heraldcorp.com/article/10711577?ref=naver,10,,1
4월 금리 동결 무게…유가·환율 불안에 발 묶여,한국은행이 4월 금융통화위원회에서 기준금리를 동결할 것으로 예상된다. 중동 사태의 여파로 고물가·고환율 압력이 이어지면서 금리를 섣불리 조정하기 어려운 상황인 가운데 이번 회의는 이창용 총재의 마지막...,https://www.mediapen.com/news/view/1091730,16,,1
[더벨][금통위 POLL] 중동 리스크에 갇힌 한국은행…기준금리 동결 '무게...,중동 분쟁으로 인한 대외 불확실성이 고조되면서 한국은행 금융통화위원회(이하 금통위)가 기준금리를 현 수준에서 유지할 것이라는 관측이 지배적이다. 고유가와 고환율로 인해 물가 상승 리스크가 확대됐으나 동시에...,https://www.thebell.co.kr/free/content/ArticleView.asp?key=202604060838330800106888,16,,1
"""한국은 1700엔 줬다""…일본이 잃어버린 것들","한국은행 관계자는 ""엔화 약세 영향으로 일본의 달러 기준 1인당 GDP가 상대적으로 낮게 나왔을 것""이라며... 엔화의 방향, 그리고 남은 시간 일본은행은 2024년 3월 17년 만에 마이너스 금리 정책을 종료하고 단계적...",https://www.pressman.kr/news/articleView.html?idxno=101215,10,,1
"‘미스터오지랖’ 이창용, 10일 마지막 금통위…속내 밝힐까",이창용 한국은행 총재가 주재하는 마지막 금융통화위원회가 오는 10일 열린다. 시장에서는 이번 회의에서도 기준금리가 동결될 가능성에 무게를 싣고 있다. 중동발 지정학적 긴장으로 물가와 환율 변동성이 다시 커진...,https://www.kmib.co.kr/article/view.asp?arcid=0029642665&code=61141111&cp=nv,16,,1
이창용 마지막 금통위 7연속 동결 유력…‘금리인상’ 시그널 주목,[연합] [헤럴드경제=김벼리 기자] 이창용 한국은행 총재가 주재하는 마지막 금융통화위원회 회의가 10일 열린다. 시장에서는 7회 연속 동결에 무게를 싣는 가운데 이번 금통위에서 금리 인상 신호를 줄지 촉각을 곤두세우고...,https://biz.heraldcorp.com/article/10711455?ref=naver,10,,1
"한국은행, 금리인상 압력 커졌다...중동 전쟁 장기화, 연준 금리 인하 기...",중동 전쟁으로 국제유가가 급등하면서 미국 연방준비제도(Fed·연준)의 기준금리 인하 기대가 사실상 사라졌다. 이에 따라 한국은행의 통화정책에도 금리 동결 장기화 또는 인상 압력이 커지고 있다는 분석이 나온다....,http://www.queen.co.kr/news/articleView.html?idxno=454540,22,,1
"[금통위 인터뷰] BNP파리바 ""4월 만장일치 동결…중동·경제전망 변수""","BNP파리바는 한국은행이 오는 10일 열리는 4월 금융통화위원회 회의에서 기준금리를 만장일치로 동결할 것으로 전망했다. 6일 윤지호 BNP파리바 이코노미스트는 연합인포맥스와의 인터뷰에서 ""중동의 지속적인...",https://news.einfomax.co.kr/news/articleView.html?idxno=4408053,13,,1
"[금통위 인터뷰] SC ""4월 만장일치 동결…전쟁 불확실성 속 신중""","스탠다드차타드(SC)는 한국은행이 4월 10일 금융통화위원회 회의에서 기준금리를 만장일치로 동결할 것으로 예상했다. 6일 SC의 박종훈 이코노미스트는 연합인포맥스와의 인터뷰에서 ""1월 회의가 예상보다 매파(통화긴축...",https://news.einfomax.co.kr/news/articleView.html?idxno=4408051,13,,1
"[모닝 리포트] ""금통위, 기준금리 동결 유력…물가 상승 압력 확대""","한국투자증권은 4월 금융통화위원회에서 기준금리가 현 수준(2.50%)으로 동결될 가능성이 높지만, 중동발... 대한 한국은행 내부 판단이 금리 인상 시점과 폭을 가늠하는 핵심 단서가 될 것""이라고 말했다. 인사 변수도...",https://www.newspim.com/news/view/20260407000213,13,,1
"[서기수의 경제+] 전쟁과 유가 급등의 시대, 금과 원유(WTI)에 어떻게 투...","<최근 1년과 6개월 금값 상승률> 그래도 최근 몇 년간 각국 중앙은행들의 미국의 기준금리 인하 기조로... 한국거래소 안내에 따르면 증권사를 통해 금현물 계좌를 개설해 거래할 수 있고, 시장 내 거래에는 부가가치세가...",https://www.tfmedia.co.kr/news/article.html?no=203267,10,,1
"금통위, 7회 연속 기준금리 동결 유력…'매파적 스탠스' 속 하반기 인상...",채권시장 전문가들은 한국은행이 4월 금융통화위원회에서 기준금리를 동결할 가능성이 높다고 전망했다. 중동 전쟁 장기화로 유가와 원/달러 환율이 높은 수준을 유지하고 있지만 물가와 성장 경로의 불확실성이 동시에...,http://www.seoulwire.com/news/articleView.html?idxno=715512,19,,1
"“동결은 확실, 메시지가 변수”…금통위 앞둔 채권시장 ‘긴장 모드’",서울경제티브이 박유현 기자 이번 주 한국은행 금융통화위원회를 앞두고 채권시장이 다시 긴장감에... 7일 금융투자업계에 따르면 증권가에서는 오는 10일 이창용 총재가 마지막으로 주재하게 될 금통위에서 기준금리가 2....,https://www.sentv.co.kr/article/view/sentv202604070014,15,,1
"금 가격, 트럼프의 2주간 이란 공격 중단 소식에 4%대 급등",금 가격은 그간 이란전쟁발 유가 상승으로 연방준비제도(연준·Fed)가 기준금리를 인상할 것이란 우려에 하락 압력을 받아왔다. 금 가격은 지난달에만 11% 넘게 하락했다.,https://news.einfomax.co.kr/news/articleView.html?idxno=4408257,14,,1
[뉴욕마켓워치] '못 이기는 척' 파키스탄 휴전안 수용되나 …달러↓주식...,"시카고상품거래소(CME) 페드워치에 따르면, 연방기금금리(FFR) 선물시장은 뉴욕 오후 4시 3분께 연방준비제도(연준ㆍFed)가 오는 12월까지 금리를 동결할 가능성을 73.4%로 반영했다. 12월까지 금리가 25bp 인상될 가능성은...",https://news.einfomax.co.kr/news/articleView.html?idxno=4408250,13,,1
"뉴욕증시, 3대 지수 혼조 마감...파키스탄, 2주 휴전안 제시-[글로벌 마...",다만 연준 위원들 사이에서는 에너지 비용 상승이 단기적에 그칠 것인지 혹은 미국 경제에 대한 우려를 불러올 것인지에 대한 여전히 의견은 엇갈리고 있습니다. 오늘 장 10년물 국채금리는 4.30%까지 내려 왔고요. 2년물...,http://www.wowtv.co.kr/NewsCenter/News/Read?articleId=A202604080197&t=NN,13,,1
"에드 야데니 ""증시 바닥 찍었다""... 하락장에서 건져 올릴 BofA '톱픽 3선...","호르무즈 해협 봉쇄가 장기화되면 배럴당 110달러 이상의 고유가가 지속되고, 인플레이션 재점화 → 연준의 금리 인하 지연으로 이어지는 시나리오가 야데니 콜을 위협하는 가장 현실적인 리스크라고 분석합니다....",http://www.wowtv.co.kr/NewsCenter/News/Read?articleId=A202604080188&t=NN,8,,1
美·이란 ‘2주 휴전안’ 급부상 [굿모닝 글로벌 이슈],상승하고 연준 위원들이 물가 상승 우려를 보이자 상승하던 국채 금리도 장 막판 방향을 바꿨습니다. 2년물 국채 금리는 3.81% 그리고 10년물 국채 금리는 4.30%로 내려왔습니다. 이후 우리 시간으로 7시 30분 무렵 트럼프...,http://www.wowtv.co.kr/NewsCenter/News/Read?articleId=A202604080195&t=NN,9,,1
[채권/외환] 美 국채 '눈치보기' 장세…호르무즈 시한 임박에 달러 11개...,반면 연준 정책금리에 민감한 2년물 수익률은 1.7bp 하락한 3.833%로 마감했다. 장중에는 3.877%까지 올랐으나 580억 달러 규모의 3년물 국채 입찰이 견조한 수요를 보이면서 금리가 다시 내려왔다. 이번 입찰의 응찰률은...,https://www.newspim.com/news/view/20260408000028,12,,1
[뉴욕채권] 이란 데드라인 앞두고 혼조…막판 파키스탄 연장 요청에 강...,"시카고상품거래소(CME) 페드워치에 따르면, 연방기금금리(FFR) 선물시장은 뉴욕 오후 4시 3분께 연방준비제도(연준ㆍFed)가 오는 12월까지 금리를 동결할 가능성을 73.4%로 반영했다. 12월까지 금리가 25bp 인상될...",https://news.einfomax.co.kr/news/articleView.html?idxno=4408242,13,,1
"뉴욕금값, 미·이란 협상 시한 앞두고 보합…온스당 4684.7달러","경제국들이 금리 인하를 보류한다면, 이는 금 수요 감소로 이어질 수 있다는 의미로 해석될 수 있다”고 덧붙였다. 시장은 또한 이번 주 공개될 3월 연방준비제도(Fed·연준) 회의록에도 주목하고 있다. 2월 미국...",https://www.etoday.co.kr/news/view/2573670,12,,1
트럼프의 '최최최최최후통첩'...분위기 뒤집어진 뉴욕증시 [Y녹취록],그런데 5년 기대인플레이션 같은 경우 3%로 보합이기 때문에 아직까지는 장기기대인플레이션 자체를 끌어올려서 미 연준이 빠르게 정책금리를 인상할 수준까지는 아니라고 보고 있습니다. ◇앵커> 물가가 단기적으로...,https://www.ytn.co.kr/_ln/0134_202604080718342034,6,,1
"뉴욕 연은 총재 ""이란 전쟁에도 美근원물가 큰 변화 없을 것""","윌리엄스 총재는 현재 연준의 기준금리를 변경할 필요는 없다고 진단했다. 그는 현재 통화 정책이 중동 전쟁의 경제적 여파를 지켜보기에 매우 유리한 위치에 있다며 ""통화 정책은 정확히 필요한 지점에 있으며, 상황...",https://www.tfmedia.co.kr/news/article.html?no=203497,9,,1
"[GAM] ""변동장세에도 바이오테크는 웃는다…M&A 훈풍 계속""",구조여서 금리 변동에 민감하고 임상시험 한 건의 성패에 따라 주가가 급등하거나 급락한다. XBI는 코로나19 사태 당시 약 1년 만에 164% 뛰었다가 그 뒤 연준이 정책금리 인상에 나서면서 1년여 동안 64% 하락한 바 있다.,https://www.newspim.com/news/view/20260407000504,7,,1
"트럼프 최후통첩 D-DAY...파키스탄 총리 ""이란 협상시한 2주 연장 요청""",그런데 5년 기대인플레이션 같은 경우 3%로 보합이기 때문에 아직까지는 장기기대인플레이션 자체를 끌어올려서 미 연준이 빠르게 정책금리를 인상할 수준까지는 아니라고 보고 있습니다. 물가가 단기적으로 흔들릴 수...,https://www.ytn.co.kr/_ln/0104_202604080659326639,6,,1
호르무즈 해협 재개방 시한 임박…비트코인·알트코인 동반 약세,"연준의 통화정책 역시 변수로 지목된다. 시장은 4월 회의에서 기준금리 동결 가능성을 높게 보고 있으며, 전시 상황에 따른 ‘전쟁 인플레이션’이 정책 결정을 지연시킬 수 있다는 분석이 나온다. 위험회피...",https://www.tokenpost.kr/news/cryptocurrency/347224,9,,1
"[증시전략] 휴전이냐 확전이냐…'결단의 순간' 임박, 트럼프 선택은","120달러 시나리오 - 美 국채금리 일제히 하락…데드라인 임박, 압박 최고조 - '월가 공포지수' VIX, 6.66% 오른... 인플레…연준·IMF·월가 경고음 - 美 2월 내구재 수주 전월비 1.4% 감소…예상치 하회 - 빅테크 혼조세...",https://biz.sbs.co.kr/article_hub/20000302742?division=NAVER,14,,1
[금/유가] 트럼프 이란 시한 앞두고 유가 혼조…금값 상승,"그는 이 경우 연준이 어떤 대응을 해야 할지 정해진 대책이 없는 상황에 놓일 수 있다고 지적했다. 걸프... ◆ 금, 이란·금리 이슈 주시하며 소폭 상승 금값은 이란 상황을 주시하며 소폭 상승했다. 뉴욕상품거래소...",https://www.newspim.com/news/view/20260408000018,6,,1
"‘파키스탄 중재’ 한 줄기 빛…뉴욕증시, 막판 반등[월스트리트in]",오스틴 굴스비 시카고 연방준비은행 총재(사진=AFP) 굴스비 “스태그 우려”...윌리엄스 “금리 조정 필요 없어” 미 연방준비제도(Fed·연준) 내에서도 금리 향방에 대한 의견은 엇갈리고 있다. 오스틴 굴스비 시카고...,http://www.edaily.co.kr/news/newspath.asp?newsid=01922086645414152,14,,1
"[뉴욕증시] 파키스탄 휴전안, 막판 반등 '혼조'···브로드컴 6%↑·WTI ...","우려스럽다""면서 ""연준이 어떤 대응을 해야 할지 정해진 대책이 없는 상황에 놓일 수 있다""고 말했다. 시장이 요동치면서 미국 국채 금리는 하락(가격 상승) 전환했고 달러가치는 하락했다. 글로벌벤치마크인 10년...",https://www.seoulfn.com/news/articleView.html?idxno=625876,10,,1
"시카고 연은 총재 ""유가 충격, 스태그플래이션적으로 물가 올릴 것""","굴스비 총재는 도널드 트럼프 미국 대통령의 정책금리 인하 압박에 대해 ""연방준비제도(연준·Fed) 법 어디에도 주식시장을 만족시켜라, 대통령을 만족시켜라, 이런 내용은 없다""면서 ""오로지 두 가지다. 물가 안정과 최대...",https://news.einfomax.co.kr/news/articleView.html?idxno=4408227,12,,1
뉴욕연은 총재 “이란 전쟁에도 근원 물가 큰 변화 없어...금리 변경 불...,그러면서 현 3.50~3.75%의 기준금리를 변경할 필요는 없다고 진단했다. 윌리엄스 총재는 7일(현지 시간)... (Fed·연준)의 실질적인 2인자로 꼽힌다. 윌리엄스 총재는 이어 이란 전쟁 등의 여파로 전체 물가 상승률은 더...,https://www.sedaily.com/article/20029624?ref=naver,14,,1
"억만장자들, 팜비치 떠나 마날라판 몰린다…1억 7300만 달러 '역대급 거...",올해 연준의 금리 인하 전환 기대가 커지면서 초고가 부동산 자산의 유동성이 다시 확대될 조짐이 있다. 한국 자산가·투자자들도 미국으로 마날라판 현상이 한국과 무관한 일은 아니다. 최근 수년간 한국 고액...,https://www.g-enews.com/view.php?ud=202604071839482955fbbec65dfb_1,10,,1
공화당 1표로 통화완화 발 묶인 신임 Fed 의장 [트럼프 스톡커],"7일 시카고상업거래소(CME)의 페드워치에 따르면 연방금리 선물 시장은 연준이 4월 28~29일 FOMC 회의에서 기준금리를 현 3.50~3.75%로 동결할 확률을 97.4%로 반영했다. 0.25%포인트 금리 인상 확률은 2.6%, 금리 인하 확률은 0...",https://www.sedaily.com/article/20029623?ref=naver,14,,1
"연준 굴스비 ""이란 전쟁발 스태그플레이션 우려""",현재 금융시장에서는 연준이 이번 달 회의를 포함해 올해 연말까지 금리를 계속 동결할 것이라는 전망에 무게를 두고 있다. 차기 FOMC 정례회의는 이달 말 열릴 예정이다.,https://www.newspim.com/news/view/20260408000012,7,,1
"뉴욕 연은 총재 ""이란 전쟁에도 미국 근원물가 큰 변화 없을 것""","윌리엄스 총재는 현재 연준의 기준금리를 변경할 필요는 없다고 진단했습니다. 그는 현재 통화 정책이 중동 전쟁의 경제적 여파를 지켜보기에 매우 유리한 위치에 있다며 ""통화 정책은 정확히 필요한 지점에 있으며...",https://news.sbs.co.kr/news/endPage.do?news_id=N1008509208&plink=ORI&cooper=NAVER,9,,1
"뉴욕 연은 총재 ""이란 전쟁에도 미 근원물가 큰 변화 없을 것""","윌리엄스 총재는 현재 연준의 기준금리를 변경할 필요는 없다고 진단했습니다. 그는 현재 통화 정책이 중동 전쟁의 경제적 여파를 지켜보기에 매우 유리한 위치에 있다며 ""통화 정책은 정확히 필요한 지점에 있으며...",https://biz.sbs.co.kr/article_hub/20000302720?division=NAVER,9,,1
"이란 마감시한 앞두고 숨죽인 금융시장…""도무지 모르겠다""","유가 폭등은 재료비 부담으로 이어져 전반적인 인플레이션(물가상승)을 초래하고, 연방준비제도(연준)의 금리 인하를 어렵게 만든다. 장기화하면 금리 인상으로 통화정책 궤도가 수정될 수도 있다.",http://www.fnnews.com/news/202604080302062592,7,,1
뉴욕 연은 총재 “이란 전쟁에도…미국 근원물가 큰 변화 없을 것”,"윌리엄스 총재는 현재 연준의 기준금리를 변경할 필요는 없다고 진단했다. 그는 현재 통화 정책이 중동 전쟁의 경제적 여파를 지켜보기에 매우 유리한 위치에 있다며 “통화 정책은 정확히 필요한 지점에 있으며, 상황...",https://www.joongang.co.kr/article/25418354,9,,1
"뉴욕 연은 총재 “美근원물가, 이란 전쟁으로 큰 변화 없을 것”",윌리엄스 총재는 현재 연준의 기준금리 변경을 고려할 필요가 없다고 말했다. 그는 “현재 통화정책이 중동 분쟁이 경제에 미칠 영향을 지켜볼 수 있는 적당한 위치에 있다”면서 “통화정책은 지금 정확히 필요한...,https://biz.chosun.com/industry/company/2026/04/08/H5XPCISJGVELNMLUTCCVMOWXHE/?utm_source=naver&utm_medium=original&utm_campaign=biz,9,,1
뉴욕연은 총재 “이란전에도 근원 인플레 변화 제한적…금리 조정 필요...,연준 내부에서는 당분간 금리를 유지하며 상황을 관망해야 한다는 기조가 이어지고 있다. 제롬 파월 연준 의장을 비롯한 주요 인사들도 현재 정책 수준이 적절하다는 인식을 공유하고 있다. 고용시장에 대해서는...,http://www.edaily.co.kr/news/newspath.asp?newsid=01223446645414152,6,,1
이란 전쟁에 단기 기대 인플레 급등…장기인플레는 3%로 고정,"연준은 올해 들어 기준금리를 동결하고 있으며, 다수 정책위원들은 현재 금리 수준이 고용과 물가 사이 균형을 고려할 때 적절하다는 입장을 유지하고 있다. 노동부가 지난주 발표한 고용 지표에서는 3월 고용이 2월 급감...",http://www.edaily.co.kr/news/newspath.asp?newsid=01177526645414152,9,,1
뉴욕증시 하락 출발…협상 시한 임박했지만 기대 약화,"글로벌 국채벤치마크인 10년물 국채금리는 1.8bp(1bp=0.01%포인트) 오른 4.353%를, 연준 정책에 민감하게 움직이는 2년물 국채금리는 보합세를 나타내고 있다. 달러도 보합세를 보이고 있다. 기술주들은 대체로 약세를 보이고...",http://www.edaily.co.kr/news/newspath.asp?newsid=06402566645413824,14,,1
"뉴욕연준 윌리엄스 ""전쟁으로 인플레↑…올 CPI 연 2.75% 예상""","윌리엄스는 그럼에도 연준의 기준금리를 변경할 필요가 없다고 말했다. 그는 ""현재 통화 정책은 중동 분쟁의 경제적 여파를 기다리기에 매우 유리한 위치에 있다""면서 ""통화 정책은 필요한 위치에 정확히 놓여 있으며...",https://www.hankyung.com/article/202604075535i,12,,1
"뉴욕증시 프리뷰, 트럼프 '최후통첩 D-데이'에 주가 선물 하락...하르그...",이번 주 시장은 10일 공개될 미국 소비자물가지수(CPI)와 연준 인사 발언에 촉각을 곤두세우고 있다. 특히 고유가가 실제 물가 압력으로 전이됐는지 여부가 향후 금리 경로를 결정할 핵심 변수로 꼽힌다. 오늘은...,https://www.newspim.com/news/view/20260407001215,10,,1
"[월드 e-브리핑] 일본, 자국산 배터리 우대…도요타 수혜·BYD 타격",미국 경제의 3분의 2를 차지하는 서비스업 물가가 요동치면서 금리 인하를 시기를 저울질하던 연준의 셈법이 더 복잡해지고 있습니다. 4.끝으로 미국입니다. 소프트웨어 기업인 오라클이 10여 년 만에 최고재무책임자...,https://www.obsnews.co.kr/news/articleView.html?idxno=1520143,6,,1
트럼프 ‘이란 최종 시한’ 도래에도 비트코인 6만8500달러 지켜,"확전 시 시나리오…유가발 인플레 재점화 미국의 실제 타격이 이뤄질 경우, 중동 에너지 공급 충격→유가 급등→인플레이션 재가속→연준 금리 인하 지연의 경로가 작동한다. 이 경우 위험자산인 주식과 비트코인...",https://www.tokenpost.kr/news/cryptocurrency/347066,8,,1
"미·중·일 증시, 전쟁 너머를 보다…‘AI 반등’ 채비 [글로벌 레이더...","케빈 워시 미국 연방준비제도(연준) 의장 지목, 중동전쟁 등 증시 변동성을 자극하는 이벤트에도 불구하고... KB증권에 따르면 중국은 낮은 금리 환경을 유지하고 있어 배당 매력도가 여전히 높다. 더불어 고배당 업종 중...",https://www.ekn.kr/web/view.php?key=20260407028165084,6,,1
[기획] BIO USA D-60…금리 피벗 속 '상업화 경쟁' 나서는 K-바이오,"실업률이 4.6%로 상승하며 노동시장 과열이 진정되자, 시장에서는 연준(Fed)의 금리 인하 가능성이 2026년 상반기 내 가시화되고 있다는 분석이 지배적이다. 이는 미래 현금흐름을 당겨와 기업 가치를 산정하는 바이오...",https://www.polinews.co.kr/news/articleView.html?idxno=727780,11,,1
트럼프 '이란 압박 시한' 임박...금시세 하락 시장 관망세,"시카고상품거래소(CME) 페드워치에 따르면 투자자들은 올해 연준의 금리 인하 가능성을 낮게 평가하고 있으며, 향후 공개될 3월 연방공개시장위원회(FOMC) 의사록과 개인소비지출(PCE), 소비자물가지수(CPI) 등 주요 경제...",https://www.thefairnews.co.kr/news/articleView.html?idxno=73715,9,,1
"국금센터 ""이달 최대 리스크는 중동전쟁 장기화⋯미 사모펀드 부실도 예...","센터 관계자는 ""유가 상승으로 인한 고물가 압력 등으로 연준의 금리인하가 쉽지 않게 될 경우 사모대출 부실이 더욱 확대될 가능성이 크다""며 ""시장 불안감은 고금리 고위험 채권인 하이일드채권과 레버리지론 등 취약...",https://www.etoday.co.kr/news/view/2573541,11,,1
"다이먼 ""올해 최대 복병은 인플레""…전쟁·AI·EU 위기도 경고","서방 동맹의 균열이라는 세 축이 동시에 흔들리는 2026년 구도를 선명하게 보여줬다. 미 연준의 금리 결정, 이란 전쟁의 향방, 그리고 각국 정부의 AI 대응 속도가 이 리스크들의 현실화 여부를 가를 핵심 변수가 될 전망이다.",http://www.edaily.co.kr/news/newspath.asp?newsid=04273846645413824,6,,1
日 금리 27년 만에 최고인데 엔화는 '팔자'…중동발 에너지 덫에 걸린 역...,여기에 지난 주말 발표된 미국의 고용 지표가 예상보다 견조하게 나타나면서 미 연방준비제도(Fed·연준)의 금리 인하 기대가 후퇴한 점도 일본 장기금리 상승에 압박을 가했다. 현재 일본 국채의 주요 매수 주체가...,https://www.ajunews.com/view/20260407110538693,14,,1
[AI MY 뉴스] 이란 전쟁으로 미국 4% 물가 다시 본다 '경고',"KPMG의 스웡크 역시 전쟁이 장기화할 경우 연준이 더 오래 긴축적인 태도를 유지해야 할 수 있고, 심지어 일부 참가자들 사이에서 금리 인상 위험이 다시 거론됐다고 분석했다. 시장이 연내 금리 인하를 당연하게 보던...",https://www.newspim.com/news/view/20260407000831,6,,1
"""AI 확산으로 소프트웨어 기업 사모대출 우려 폭증...지속 모니터링 필...","또한 제롬 파월 미국 연방준비제도(Fed·연준) 의장 역시 최근 사모대출과 관련해 ""일부 투자자 손실... 그는 ""고금리 환경이 장기화될 경우 변동금리 구조가 일반적인 사모대출 차입기업의 이자 부담이 크게 증가할 수...",https://www.asiatime.co.kr/article/20260407500342,12,,1
"""금값, 원유 가격 떨어지면 5000달러 위로 반등 가능""","중립금리 인하 필요성을 주장하는 등 기존의 매파적 색채에서 벗어난 모습을 보이고 있다. 한 도시 전략가는 ""완화적 스탠스를 취할 것으로 예상되는 새 연준 의장의 등장은 정책 전환 기대를 선반영하는 형태로 금...",https://www.newstopkorea.com/news/articleView.html?idxno=44297,7,,1
"중동 휴전협상 안갯속…美 ""호르무즈 개방"" vs 이란 ""영구 종전""",이런 상황에서 호르무즈 해협 봉쇄에 따른 인플레이션 압력은 미 연준의 금리 인하 거부의 명분을 강하게 만들 수밖에 없다. 이란은 일시적 휴전에 소극적인 입장이다. 이란 관영 IRNA 통신에 따르면 이란 정부는 중재안과...,https://www.m-i.kr/news/articleView.html?idxno=1362299,6,,1
2025년 이후 첫 강세장 오나…이번 주 비트코인 5가지 체크포인트,시카고상품거래소(CME) 페드워치 도구는 4월 말 연준(Fed) 회의에서 금리 인상·인하 가능성이 사실상 없음을 가리킨다고 분석했다. 기술적으로는 낙관과 경계가 공존한다. 200주 EMA 회복과 주간 MACD 전환 기대가...,https://www.digitaltoday.co.kr/news/articleView.html?idxno=654324,11,,1
"美 3월 ISM 비제조업 PMI 54.0·2.1P↓…""투입가격 3년반 만에 고수준""",시장에서는 연방준비제도(Fed 연준)가 당분간 기준금리를 현 수준인 3.50~3.75%에서 유지할 가능성이 높다고 점치고 있다. 중동전쟁에 따른 인플레이션 우려로 연내 금리인하 기대는 크게 약화했다．,https://www.newsis.com/view/NISX20260407_0003581013,14,,1
"백악관 경제고문 ""AI 생산성에 인플레 안정…연준 금리인하 여지""",해싯은 특히 케빈 워시 전 연준 이사가 의장에 취임할 경우 금리 인하 가능성이 높아질 것이라고 전망했다. AI발 생산성 향상에 따른 인플레이션 하향은 워시 지명자의 주요 논리이기도 하다. 워시는 다음달 중순 의장...,https://www.news1.kr/world/usa-canada/6128009,6,,1
"고유가 충격도 버틴 미국 경제지표, 전쟁 장기화도 괜찮나","지금까지는 물가압력 확대에도 미 연준이 금리 인상에 나서고 있지 않지만 전쟁이 장기화되면 미 연준의 매파 기질을 자극할 여지도 충분하다는 게 iM증권의 설명이다. iM증권은 ""미국 소비사이클 측면에서 고유가 현상...",https://www.fetv.co.kr/news/article.html?no=216486,6,,1
월드 뉴스 브리프 (기준일시: 2026년 04월 07일 화요일 10:00),특히 연준 발언은 달러 강세와 국채 금리 흐름에도 직접적인 영향을 줄 수 있습니다. 시장에서는 고용이 여전히 견조한 상황에서 물가까지 다시 자극받는다면 정책 대응이 더 어려워질 수 있다고 보고 있습니다. 이번...,http://www.ifs.or.kr/bbs/board.php?bo_table=globalnewsfocus&wr_id=304,10,,1
"크레이머 ""전쟁 중이라도 채권이 증시 지배""","지난주 제롬 파월 연방준비제도(Fed·연준) 의장은 하버드대 강연에서 유가 상승에도 연준이 금리 인상을 보류할 것이란 신호를 보냈고, 채권 금리는 빠르게 하락 전환한 바 있다. 크레이머는 이에 대해 ""파월 의장의 발언이...",https://news.einfomax.co.kr/news/articleView.html?idxno=4408087,13,,1
"닫힌 호르무즈에도 서울환시 '휴전기대' 솔솔…1,400원대 다시 열릴까","민경원 우리은행 이코노미스트는 분기전망 보고서에서 ""당행 베이스 시나리오는 이란 전쟁 휴전 확률을 더 높게 평가하고 있으며 장기화로 인한 연준 금리인상 카드도 배제한다""며 ""트럼프 대통령이 의회의 승인...",https://news.einfomax.co.kr/news/articleView.html?idxno=4408084,9,,1
[글로벌 마켓 리포트 4월 7일],"10년물 금리 차는 48.5bp로 축소됐다. 이는 지난주 50.5bp에서 더 좁혀진 수준이다. 이 같은 흐름은 3거래일 연속 이어졌으며, 시장이 이란 전쟁 장기화에 따른 성장 둔화 우려 속에 미 연방준비제도(Fed·연준)의 정책...",https://www.newspim.com/news/view/20260407000205,11,,1
[국제금융 브리핑] 중동 전쟁 긴장 속 ‘안도 랠리’…주가는 웃고 물가...,"미국 S&P500 지수는 반도체 업종 강세에 힘입어 0.4% 상승했고, 달러화는 약보합, 미 국채 10년물 금리는 1bp... 연준 인사들도 물가 리스크를 강조했다. 시카고 연은 굴스비 총재는 에너지와 관세 영향으로 인플레이션 압력이...",https://www.tokenpost.kr/news/international/346934,12,,1
이란발 에너지 위기가 '금융위기'로 번지는 경로: '빚의 무덤' AI 데이터...,"미국 연방준비제도(연준·Fed)가 2004년 6월 연 1.00%였던 기준금리를 2006년 7월 연 5.25%까지 인상하자 신용이 좋지 않아서 높은 변동금리로 주담대를 받았던 이들이 대출금 상환에 실패해 집을 잃었다. 다만, 이들의...",https://www.thescoop.co.kr/news/articleView.html?idxno=309762,22,,1
"비트코인, 연준 눈치 보기는 그만...바이낸스 ""10만 달러 도달은 시간문...","4월 6일(현지시간) 암호화폐 전문 매체 크립토뉴스에 따르면, 바이낸스는 ""비트코인이 연준의 금리 결정에 사후 반응하던 지연 수용자에서 결정을 선제적으로 반영하는 선행 가격 결정자로 진화했다""고 진단했다....",http://coinreaders.com/229140,10,,1
"해맥 연은 총재 ""인플레 2% 계속 웃돌면 美 금리 인상 적절""","연방준비제도(Fed·연준)가 금리 인하 기조에서 점점 멀어지고 있다는 관측도 나온다. 해맥 총재는 6일(현지 시간) AP통신과 인터뷰에서 ""연준이 기준금리를 상당 기간 동결하는 것이 바람직하다""면서도 ""노동 시장이...",https://www.newsis.com/view/NISX20260407_0003580378,14,,1
[오늘 금시세]이란 협상 불확실성에 유가·달러 동반 상승…금값 하락,최근 시장에서는 협상 불확실성과 함께 강한 미국 경제지표가 확인되며 연준의 금리 동결 기조가 강화되는 분위기다. 이에 따라 금리 인하 기대는 제한되고 'higher for longer' 인식이 유지되며 금값...,https://www.namdonews.com/news/articleView.html?idxno=906597,7,,1
[오늘의 금시세] 4월 7일 환율 하락에도 금값 보합…달러·금리 압박 지...,"트레이딩 이코노믹스에 따르면 3월 미국 고용이 17만8,000명 증가하고 실업률이 4.3%를 기록하면서 연준의 금리 인하 기대는 제한되고 있다. 이른바 'higher for longer' 기조가 강화되면서 금 가격 상단을 지속적으로 압박하는...",https://www.topstarnews.net/news/articleView.html?idxno=16027480,10,,1
금시세(금값) 7일,"강력한 고용과 꺾이지 않는 물가 상승 압력은 연준이 올해 내내 금리를 내리지 못할 것이라는 우울한 전망에 강한 힘을 실어준다. 투자자들은 향후 발표될 미국의 내구재 주문, 신규 실업수당 청구 건수, 그리고...",https://www.bntnews.co.kr/article/view/bnt202604070077,6,,1
"온스당 4,655.5달러 '금'·72.99달러 '은'… 중동 전쟁·달러 약세에 안전...","미국 자산 매도와 달러 약세 속에 금·은이 상대적 안전자산으로 재부각되고 있으나, 일부 중앙은행의 금 매각 검토와 실제 매도, 연준의 금리 인상 가능성 언급 등은 단일 방향으로 기울지 않은 혼조 국면을 형성하고...",https://www.tokenpost.kr/news/economy/346906,10,,1
美 서비스업 성장 둔화 속 물가 급등…이란戰 여파 본격 반영,가격도 갤런당 4달러(약 5900원)를 넘어 약 4년 만에 최고 수준을 기록했다. 시장에서는 이번 인플레이션 압력으로 연준이 당분간 금리 인하에 나서기 어려울 것이라는 전망이 힘을 얻고 있다. 김현철 글로벌이코노믹 기자,https://www.g-enews.com/view.php?ud=2026040709072747019a1f309431_1,7,,1
“고유가 여파에 美 물가 재상승 전망…인플레 압력 확대” <iM證>,물가 상승 압력이 확대되고 있지만 연준이 당장 금리 인상에 나설 가능성은 제한적이라는 평가다. 다만 전쟁 장기화에 따른 고유가 지속과 걸프 지역 공급망 차질이 이어질 경우 연준의 긴축 기조를 자극할 수 있다는...,https://www.news2day.co.kr/article/20260407500039,6,,1
중동 긴장에도 金 '제한 상승'…銀은 '하락',"고용 지표가 예상보다 견조하게 나타나면서 미국 경제의 탄탄한 흐름이 재확인됐고, 이는 연준의 금리 인하 기대를 약화시키는 요인으로 작용했다. 금리 인하 기대가 후퇴하면서 금과 은 가격 상승 동력 역시 제한됐다....",https://www.bizwork.co.kr/news/articleView.html?idxno=414233,6,,1
[원자재 시황] 금·유가 상승…미·이란 협상 시한 임박,서비스업 물가 지표 상승과 CPI 상승 전망은 연준의 금리 인하 기대를 약화시키고 있다. 시장에서는 전쟁이 장기화될 경우 에너지 가격 상승이 고착화되며 금리 수준도 예상보다 높게 유지될 가능성이 제기된다.,https://www.ebn.co.kr/news/articleView.html?idxno=1704603,9,,1
"이란 폭격 개시?...비트코인, 트럼프 최후 통첩 속 7만 7,000달러 공략",실업률은 4.3%로 하락했으나 고용 시장의 열기는 연방준비제도(Fed)의 금리 인하 시점을 늦추는 요인이 된다. 다만 4월 16일로 예정된 연준 의장 지명자 청문회에서 새로운 인물이 등장할 경우 파격적인 금리 인하가...,http://coinreaders.com/229129,12,,1
[뉴욕마켓워치] 그래도 최악은 피할 거라는 기대감…주식·채권↑달러↓,"시카고상품거래소(CME) 페드워치에 따르면, 연방기금금리(FFR) 선물시장은 뉴욕 오후 4시께 연방준비제도(연준ㆍFed)가 오는 12월까지 금리를 동결할 가능성을 77.5%로 반영했다. 12월까지 금리가 25bp 인상될 가능성은...",https://news.einfomax.co.kr/news/articleView.html?idxno=4408024,15,,1
"정점 지나는 중동 리스크…증권가 ""반도체주 더 담아라""",이는 금융시장 변동성 확대에 따라 연준의 선제적인 금리 인하 대응이 제한될 수 있음을 보여준다. 차기 연준 의장으로 거론되는 케빈 워시의 인사청문회 관련 불확실성 역시 통화정책의 변수를 키우는 요인이다. 미국...,https://www.newsway.co.kr/news/view?ud=2026040708011878979,7,,1
"[어제장 오늘장] 트럼프, 2주 휴전안 동의…우리 증시 한줄기 빛 될까",환율은 소폭 내렸습니다. 정규장 마감 시간 달러 기준 2원 10전 내린 1504원 20전을 기록했습니다. 이후 야간거래에서는 레벨을 좀 더 낮췄습니다. 한때 1500원을 하회하기도 했었는데 1501원에 마감했고요. 역외환율은 새벽...,https://biz.sbs.co.kr/article_hub/20000302766?division=NAVER,4,,1
"KB증권 ""엘앤에프, 1분기 실적 기대치 웃돌 것…목표가↑""","아울러 지난달 말 기준 탄산리튬 가격과 원/달러 환율 모두 12월 말 대비 크게 상승해 수백억원의 재고평가손실 환입이 발생할 것으로 예상했다. 이 연구원은 ""엘앤에프는 단기 실적, 중장기 성장 여력, 뉴스 모멘텀...",https://www.yna.co.kr/view/AKR20260408027600008?input=1195m,5,,1
"원·달러 환율, 7.0원 내린 1495.01원 출발 전망","이에 유로 등 주요 통화가 강세를 보였고 달러인덱스는 하락 흐름을 나타냈다. 김유미 키움증권 연구원은 ""원·달러 환율은 하락 출발할 것으로 예상되나 지정학적 리스크 지속에 따른 상방 압력이 예상된다""라고 설명했다.",http://www.joseilbo.com/news/news_read.php?uid=566137&class=18&grp=,4,,1
"재경부 ""원화 변동성 과도하면 과감한 조치할 것""",참석자들은 원·달러 환율이 올해 2월 하락 흐름을 보이다가 중동 지역 긴장 고조라는 외부 충격으로 변동성이 확대됐다고 진단했다. 다만 수출 호조로 확인된 산업 경쟁력과 양호한 대외건전성을 고려할 때 우리 경제의...,https://www.wolyo.co.kr/news/articleView.html?idxno=310735,7,,1
"'2주 휴전'에 극적 합의…원·달러 환율, 1500원대 하향 시도[외환브리핑...",8일 원·달러 환율은 1500원대를 하회할 것으로 전망된다. 미국과 이란이 데드라인을 앞두고 2주 휴전에 합의한 가운데 재차 시장의 위험선호 심리가 확대되며 원·달러 환율의 하방 압력이 커질 예정이다. 사진=AFP 이날...,http://www.edaily.co.kr/news/newspath.asp?newsid=02542006645414152,4,,1
"""'이란 협상' 파국 피해 한숨 돌린 외환시장⋯1490원 초중반 등락"" [환율...",이투데이=배근미 기자 | 8일 원·달러환율 등락 범위 1490~1500원 전망 이란 전쟁 2주 휴전 제안에 원화 강세 분위기 조성 8일 원·달러환율이 1490원대에서 등락할 것이라는 전망이 나왔다. 민경원 우리은행 선임연구원은...,https://www.etoday.co.kr/news/view/2573690,8,,1
[브라질증시] 이란 휴전 소식 지켜보며 장 막판 소폭 상승...헤알 약세,"달러/헤알 환율은 5.1628헤알로 헤알화 가치가 0.45% 하락하며 역내 통화 가운데 가장 큰 낙폭을 기록했다. 브라질 10년물 국채 수익률은 14.075%로, 전 거래일보다 0.120%포인트 상승했다. 브라질 BM&F 보베스파 증권거래소...",https://www.newspim.com/news/view/20260408000072,7,,1
"삼성전자, 1분기에 '1년치' 벌었다…'57조' 사상 최대 실적",원·달러 환율이 오르면서 환차익이 늘어난 것도 실적 확대에 일부 기여했습니다. 증권가는 올해 삼성전자의 연간 영업이익 전망을 기존 200조원 안팎에서 300조원 이상으로 크게 높였습니다. KB증권은 삼성전자의 올해...,https://news.jtbc.co.kr/article/NB12293205?influxDiv=NAVER,5,,1
"KB증권, 반도체 TOP10 레버리지 등 ETN 3종 상장",재상장 상품 2종은 모두 환노출형 구조로 원/달러 환율 변동에 따라 수익률이 영향을 받을 수 있다. 만기는 10년이며 제비용은 연 0.8% 수준이다. KB증권 김병구 패시브영업본부장은 이번 재상장에 대해...,https://www.megaeconomy.co.kr/news/newsview.php?ncode=1065567236692102,4,,1
"""반도체 너머의 알파 찾아라""…고환율·비용쇼크 버틴 '매크로 저항주'...","이 연구원은 ""달러-원 환율 상승은 수출 비중이 절대적인 반도체에는 강력한 '환차익 보너스'를 제공하며 이익 수치를 부풀린 반면, 수입 원재료 비중이 높거나 에너지 비용 부담이 큰 나머지 대다수 기업에는 마진을...",https://news.einfomax.co.kr/news/articleView.html?idxno=4408252,4,,1
"환율, 트럼프 '이란 데드라인' 경계에 낙폭 축소…1,501원 마감","/사진=연합뉴스 원/달러 환율이 야간 거래에서 낙폭을 줄이며 다시 1,500원선을 웃돌았다. 미국의 대이란 협상 시한을 앞두고 지정학적 긴장감이 높아지면서 원화 강세 흐름이 일부 되돌려진 영향이다. 8일 서울...",http://www.issuenbiz.com/news/articleView.html?idxno=75290,5,,1
"""엘앤에프, 테슬라 회복 및 ESS 확대 수혜 기대…목표가↑""-KB","이어 “3월말 기준 탄산리튬 가격이 작년 말 대비 32.3% 상승하고, 원·달러 환율도 4.4% 올라 수백억원의 재고평가손실 환입이 발생할 것”이라고 덧붙였다. 중장기적으론 ESS 모멘텀이 기대되고 있다. 엘앤에프가...",https://www.hankyung.com/article/2026040857996,4,,1
"원/달러 환율 ""이런 전쟁 휴전 낙관론에 1490원 초중반대 등락 전망""","서울 외환시장에서 8일 원/달러 환율은 이란 전쟁 2주 휴전 제안에 따른 위험자산 선호 심리 회복과 달러 약세 영향으로 하락 압력이 우위를 보일 전망이다. 민경원 우리은행 선임연구원은 이날 보고서에서 ""중재국...",http://www.seoulwire.com/news/articleView.html?idxno=715714,7,,1
"삼성전자, 메모리 이익에 주당가치 급증…목표가 30만원-iM",송명섭 iM증권 연구원은 “삼성전자의 1분기 매출과 영업이익은 메모리 부문의 이익 급증과 원·달러 환율 상승 및 모바일(MX)·네트워크(NW) 부문의 선전에 따라 133조원과 57조2000억원을 기록해 시장 예상치를...,http://www.edaily.co.kr/news/newspath.asp?newsid=02391126645414152,4,,1
"뉴욕증시, '운명의 2주' 휴전 기대에 반등···국전환 국면 안착","파키스탄 중재안에 따른 지정학적 리스크 완화로 원/달러 NDF 환율이 1,495원까지 급락한 점도 수급 개선에 도움을 줄 전망이다. 삼성전자의 실적 서프라이즈와 필라델피아 반도체 지수 강세가 맞물리며 국내 반도체...",https://www.globale.co.kr/news/articleView.html?idxno=37478,5,,1
"[뉴욕환시] 달러 이틀째↓…파키스탄 총리, 전격 데드라인 연장 요청","유로-달러 환율은 1.15951달러로 0.00523달러(0.453%) 높아졌다. 유럽중앙은행(ECB) 정책위원이자 벨기에 중앙은행 총재인 피에르 분쉬는 ""첫 번째 금리 인상은 이달 말에 이뤄질 가능성이 있다""면서 ""중동 분쟁으로 인한...",https://news.einfomax.co.kr/news/articleView.html?idxno=4408247,12,,1
"'트럼프 데드라인'에 긴장 고조…달러-원, 1,500원선 재탈환 마감","주요 환율 동향을 보면, 오전 3시 1분께 달러-엔 환율은 159.750엔, 유로-달러 환율은 1.15790 달러에 거래됐다. 역외 달러-위안 환율은 6.8604 위안 수준을 나타냈다. 엔-원 재정환율은 100엔당 941.55원, 위안-원 환율은 219....",http://www.newsroad.co.kr/news/articleView.html?idxno=57498,4,,1
삼성전자 영업이익 57조 ‘사상 최대’…D램·낸드 급등 효과,호주 원료탄 가격이 연초 톤당 217달러에서 237달러로 치솟은 데다 원·달러 환율 급등과 해상운임 상승까지 맞물려 철강사의 원가 압박이 임계점에 달한 결과다. 이번 인상은 대형 제조업체에 직납하는 실수요...,https://www.sedaily.com/article/20029638?ref=naver,4,,1
현대차·기아 1Q 매출 75조 '역대 최대' 전망…관세 여파에 수익성↓,"급격한 기말 환율 상승으로 인해 달러로 적립되는 판매보증충당금이 늘어난 점도 악재로 작용할 것이란 전망이다. 신한투자증권은 ""기말 환율 상승에 따른 판매 보증 충당부채 관련 비용이 3000억 원 이상 발생하며...",https://www.news1.kr/industry/auto-industry/6128539,8,,1
미국 뉴욕증시 혼조 마감…이란 휴전 기대 속 변동성 확대,"환율은 4월 7일 기준 1,497.5원으로 전일 대비 11.0원 하락하며 달러 약세 흐름을 반영했다. 달러 약세는 외국인 투자 환경 측면에서 긍정적 요인으로 작용할 수 있다. 결론적으로 이날 뉴욕증시는 이란을 중심으로 한...",https://www.topstarnews.net/news/articleView.html?idxno=16028296,4,,1
"""환율 1500원 위기 아니다, 돈의 흐름이 바뀐 시대다""","기자가 원-달러 환율에 대해 물었을 때다. ""최근 (원-달러) 환율이1500원을 넘어서고 있는데, 시장에선 위기라고 한다""라고 묻자, 그는 고개를 절레 흔들었다. 이어 1997년 외환위기, 2008년 금융위기 등을 들어가며 현재와는...",https://www.ohmynews.com/NWS_Web/View/at_pg.aspx?CNTN_CD=A0003222334&CMPT_CD=P0010&utm_source=naver&utm_medium=newsearch&utm_campaign=naver_news,11,,1
휘발유 2000원 돌파…차량5부제·고유가 지원금 최대 60만원,원달러 환율도 1500원대로 급등하며 에너지 수입 부담을 가중시키고 있다. 한국개발연구원(KDI)은 7일 발표한 4월 경제동향에서 “국제유가 급등에 따른 비용 상승이 석유류 외 품목에도 점차 파급될 가능성이 있다”...,https://www.bntnews.co.kr/article/view/bnt202604080007,4,,1
"트럼프 D-데이…금값 0.7%·환율1501원, 뉴욕증시 혼조",원달러 환율은 야간 거래에서 1500원대로 다시 올라섰다. 한국시간 8일 새벽 2시 달러-원 환율은 전장 서울환시 종가 대비 5.30원 내린 1501.00원에 마감했다. 장 중 유럽중앙은행(ECB)의 이달 금리 인상 가능성이...,https://www.bntnews.co.kr/article/view/bnt202604080006,12,,1
"구글 잡은 삼성전자, 내년엔 엔비디아 꺾고 ‘1위’ 노린다 [biz-플러스...","원·달러 환율 1505원을 적용해 최근 실적을 발표한 글로벌 빅테크 기업들의 분기 영업이익을 비교해 보면 1위 애플 509억 달러, 2위 엔비디아 443억 달러, 3위 마이크로소프트 383억 달러 순이다. 삼성전자는 약 380억...",https://www.sedaily.com/article/20029566?ref=naver,5,,1
하나카드 '트래블로그' 덕분에 외환차익 1406억 원 짭짤...신한도 1000억...,지난 2024년 1300원대를 줄곧 유지하던 원-달러 환율은 지난해 윤석열 전 대통령 탄핵 전후로 1400원대로 상승한 이후 올 들어서는 중동지역 분쟁으로 1500원 선을 넘어간 상태다. 고환율이 이어지면 카드사 입장에선 같은...,http://www.consumernews.co.kr/news/articleView.html?idxno=753564,7,,1
고환율에 웃는 게임사…해외 매출 비중 따라 실적 갈렸다,최근 원·달러 환율이 1500원까지 상승하면서 이런 효과는 더욱 커지고 있다. 고환율 효과는 해외 매출 비중이 높은 기업들의 실적 상승으로 이어지고 있다. 대표적으로 크래프톤은 전체 매출의 약 92%를 해외에서...,https://www.ngetnews.com/news/articleView.html?idxno=549769,5,,1
"이노텍시스템 ""제약 자동화, 단순 기계 팔이 아닌 '원루프 솔루션'으로...","현재 국내 제약 업계는 약가 인하 정책과 더불어 중동 전쟁 장기화에 따른 달러 및 유로 환율 상승, 원자재 가격 폭등이라는 삼중고에 시름하고 있다. 여기에 무서운 자본력으로 독일 기업을 인수하며 5~10년 내에 기술...",https://www.yakup.com/news/index.html?mode=view&cat=12&nid=325697,4,,1
"강남 아파트는 묶고, 제천 여행은 풀고… 상반된 4월 경제?","원·달러 환율이 1500원을 넘나들며 수입 원두 가격이 급등했고, 우유와 시럽 같은 부재료비는 물론 국제 유가 상승에 따른 물류비까지 줄줄이 인상되었기 때문이다. 비용은 치솟는데 그나마 방문하는 이들도 디저트 대신...",https://www.ccreview.co.kr/news/articleView.html?idxno=345938,0,,0
"[중동發 물가공습①]원가 쇼크에 가격 압박…식품업계, 퇴로 없는 사면...",환율 급등에 식품업계 직격탄…10% 상승 시 순이익 100억 넘게 줄어 8일 업계에 따르면 중동 전쟁으로 원·달러 환율이 급등하면서 식품기업의 비용 부담이 커지고 있다. 원재료 대부분을 수입에 의존하고 있어 높은 환율은...,https://www.news1.kr/industry/distribution/6128574,5,,1
"[중동發 3중 쇼크]① 원가 상승 압박, 선 넘었다…'진퇴양난' 페인트",달러·원 환율이 3월 중순 1500원을 돌파한 후 이후로 계속 1500원을 오르내리고 있어 원가 부담은 더 커졌다. 이에 페인트 상위 5개사는 3월 말 사실상 '도미노 인상'에 나섰다. △KCC(002380) △노루페인트(090350) △SP 삼화...,https://www.news1.kr/industry/sb-founded/6128521,4,,1
"[수요광장] 고유가, 고환율 시대와 서민경제",당시 달러당 환율이 1000원에 미치지 않았음에도 불구하고 우리나라는 환율 조작국 논란에 휘말리며 국제 사회의 주목을 받았다. 수출 확대를 위한 환율 정책이 국제 경제 질서 속에서 민감한 이슈로 떠오른 것이다. 이는...,https://www.cctoday.co.kr/news/articleView.html?idxno=2228234,4,,1
"파키스탄 총리 '긴급 제안' 속...달러 '절하', 유로-파운드-엔 '절상'",엔-달러 환율은 159.56 엔으로 0.08% 하락해 달러 대비 엔화의 가치는 소폭 절상됐다. 이런 가운데 이 시각 주요 6개국 통화 대비 미국달러화의 가치 수준을 나타내는 달러인덱스는 99.68로 0.31% 내렸다. CNBC에 따르면 도널드...,http://www.choicenews.co.kr/news/articleView.html?idxno=163468,4,,1
"포스코, 2분기 철강 전품목 5만 원↑…열연은 4월 즉시 적용","철광석과 원료탄 가격 상승에 더해 최근 원달러 환율 급등으로 수입 원료 구매 비용이 크게 늘었고, 해상 운임 상승으로 전방위적인 물류비 부담도 확대됐다. 여기에 유가 상승까지 겹치며 에너지 비용 역시 상승세를...",http://www.ferrotimes.com/news/articleView.html?idxno=47302,4,,1
"달러-원, '트럼프 데드라인' 앞두고 낙폭 축소…1,501.00원 마감","오전 3시 1분께 달러-엔 환율은 159.750엔, 유로-달러 환율은 1.15790달러에 거래됐다. 역외 달러-위안 환율은 6.8604위안에 움직였다. 엔-원 재정환율은 100엔당 941.55원을 나타냈고, 위안-원 환율은 219.10원에 거래됐다. 이날...",https://www.tfmedia.co.kr/news/article.html?no=203493,4,,1
"“달러 패권에 균열?”… 위안화, 서구 통계보다 더 깊고 빠르게 세계 ...","7일(현지시각) 사우스차이나모닝포스트(SCMP) 등 외신에 따르면, 전문가들은 이란 전쟁으로 촉발된 ‘달러... 에너지 수급 시 위안화 결제 요구가 거세질 것에 대비해, 환율 변동성 대응 체계를 구축하고 위안화 자산...",https://www.g-enews.com/view.php?ud=2026040717203263440c8c1c064d_1,4,,1
"재경부 ""원화 변동성 과도할 경우 과감한 조치""","참석자들은 ""원·달러 환율이 중동 전쟁이라는 외부 충격으로 변동성이 확대된 측면이 있다""고 평가했습니다. 다만, ""최근 수출 호조와 양호한 대외건전성 등을 고려할 때, 우리 경제 펀더멘털은 견조하며 외화 유동성도...",http://www.yonhapnewstv.co.kr/MYH20260408052749k5G,10,,1
"IMF 경고 “비은행 자금 급증, 신흥국 금융불안 키운다”","4조달러 수준으로 확대됐다. 이 가운데 상당 부분은 채권 형태로 유입됐으며, 외국인 투자자의 신흥국 부채... 이집트는 외국인 투자자들이 약 80억달러를 회수하면서 채권 시장이 흔들렸고, 파운드는 달러 대비 약 15...",http://www.edaily.co.kr/news/newspath.asp?newsid=01702326645414152,7,,1
삼전이 살린 반등 불씨…트럼프 ‘최후통첩’ 앞두고 외국인 복귀 시험...,전날 서울 외환시장에서 원·달러 환율의 주간거래 종가(오후 3시30분 기준)는 전날보다 2.1원 내린 1504.2원으로 집계됐다. 환율은 1508.7원에 출발한 뒤 오전 11시8분께 1512.6원까지 치솟기도 했다. 미국과 이란의 협상...,https://www.etoday.co.kr/news/view/2573614,4,,1
"슈퍼사이클 반도체로만 50조… 삼성, 구글도 뛰어넘었다",반도체 수출 대금을 대부분 달러로 받는 구조상 원달러 환율 상승은 수익성 개선으로 직결된다. 스마트폰을 담당하는 모바일경험(MX) 사업부 실적에 대해서는 전망이 엇갈린다. 갤럭시 S26 시리즈 출시 효과는 긍정적...,https://www.seoul.co.kr/news/economy/industry/2026/04/08/20260408002002?wlog_tag3=naver,5,,1
올라도 너무 오른 비행기값…지난달 해외 장거리 여행상품 0건,7일 달러대비 원화가치는 주간 거래(오후 3시 30분)기준 1504.2원에 마감했다. 지난해 중순 1300원대였다가 9월부터 1400원을 넘긴 환율은 최근 1500원대를 유지하고 있다. 여기에 국제 유가도 크게 올라 4월 국제선 항공권에...,https://www.joongang.co.kr/article/25418369,1,,0
"조 단위 벌어들인 제약사들, R&D는 ‘찔끔’…전쟁·약가 리스크 상존",특히 우크라이나와 러시아의 전쟁에 이어 미국과 이란의 전쟁으로 원·달러 환율이 급변한 영향이 컸다. 식품의약품안전처가 파악한 국내 제약·바이오기업의 원료의약품 자급률은 2023년 기준 25.6%에 그쳐...,https://www.etoday.co.kr/news/view/2573016,4,,1
"1500원 대 환율, 곧 안정된다?…정부가 제시한 4가지 근거",2월 26일 달러 당 1420원대까지 내려오며 하향 안정세를 그리는 듯했던 원·달러 환율이 중동 전쟁이라는 암초를 만났다. 환율은 곧바로 1500원대로 수직 상승하며 요동치고 있다. 하지만 정부는 이를 '일시적 오버슈팅...,https://www.thescoop.co.kr/news/articleView.html?idxno=309777,4,,1
"삼전 실적에 웃다가, 중동전에 '시무룩'… 코스피 0.82% 상승 마감","40% 내린 1032.70에 장을 마감했다. 코스닥 시장에서는 외국인이 1174억원 규모를 순매수했고 기관과 개인은 각각 938억원, 9억원어치를 순매도했다. 원/달러 환율은 2.1원 내린 1504.2원에 장을 마감했다.",https://www.mt.co.kr/stock/2026/04/08/2026040720013834329,9,,1
4월 아파트 분양전망지수 60.9… 3년 만에 최저,미국-이란 전쟁 이후 국제유가와 원자재 가격이 급등하고 원/달러 환율이 1500원을 넘어서는 등 금융시장의 불안이 확대된다. 주택담보대출 금리 상단이 7%를 돌파하는 등 금리부담도 커졌다. 특히 이달은 전쟁...,https://www.mt.co.kr/estate/2026/04/08/2026040719553331829,7,,1
"""이란 경제 20년 후퇴""… 美·이스라엘, 석유화학·철강 정조준한 '현금...","아살루예 타격의 의미… '숨은 달러 공장' 붕괴 이스라엘의 공세가 석유 생산 시설이 아닌 석유화학 산업에... 우회·환적을 통한 비공식 원유 수출, 촘촘한 환율 통제와 보조금 체계, 억압적 통치 구조에 기반한 내부...",https://www.g-enews.com/view.php?ud=202604071422001599fbbec65dfb_1,4,,1
실시간 암호화폐 뉴스 플랫폼 재조명…규제·가격 분석까지 한곳에,"최근처럼 원달러환율이 1,501.10원 수준까지 올라선 상황에서는 달러 기준 자산인 암호화폐의 체감 가치도 더 민감하게 받아들여질 수 있다. 플랫폼 측은 ‘교육’과 ‘인지 확대’도 핵심 가치로 내세우고 있다....",https://www.tokenpost.kr/news/cryptocurrency/347184,7,,1
"코인피디아, 크립토 속보·해설 강화…“정보 신뢰도” 경쟁 본격화","원달러환율이 1달러당 1,502.90원 수준으로 제시된 가운데, 글로벌 자산으로서 암호화폐를 바라보는 시선도 더 복합적으로 바뀌고 있다. 달러 강세와 위험자산 선호 변화가 맞물리면 국내 투자자 체감 가격은 더 민감하게...",https://www.tokenpost.kr/news/insights/347170,7,,1
"전쟁에, 규제에 공급도 ‘빨간불’","주산연은 “이란 전쟁 이후 국제 유가와 원자재 가격이 급등하고 원·달러 환율이 1500원을 웃도는 등 금융시장 불안이 커졌다”며 “주택담보대출 금리 상승, 부동산 규제 강화 등 대내적 요인까지 겹치면서 분양...",https://www.chosun.com/economy/real_estate/2026/04/08/CTTUKTQALVCBXEVEDCSFMTJPBY/?utm_source=naver&utm_medium=referral&utm_campaign=naver-news,7,,1
"[오늘의 경제뉴스] 삼성전자, 반도체로만 50조 벌었다…분기 영업익 '빅...","원·달러 환율 상승에 따른 환 이익 증가도 실적 확대에 기여했다. 시장조사업체 트렌드포스에 따르면, 올해 1분기 D램 가격이 전 분기 대비 90∼95% 상승한 데 이어 2분기에도 약 60% 추가 상승할 것으로 예상된다....",https://www.newsverse.kr/news/articleView.html?idxno=10079,5,,1
압구정 큰손들도 피하지 못한 ‘포모’… 부동산 팔고 증시로 자금 옮겨,40대 서학개미 김씨는 “환율이 1500원대를 돌파한 이후 달러를 전부 환전해 국장에 ‘몰빵’했다”며 “올해 국내 증시의 증권가 전망도 좋은 만큼 절세 혜택도 누릴 겸 앞으로 1년 동안은 국장에서 투자를 이어갈 계획”...,https://www.chosun.com/economy/money/2026/04/08/A4KLKWTVR5E5LHWAJBBAK3A76M/?utm_source=naver&utm_medium=referral&utm_campaign=naver-news,4,,1
[여의춘추] 김익주라면 어땠을까,그가 국제금융국장으로 부임하고 한 달 뒤인 2009년 3월 원·달러 환율은 1574원까지 치솟았다. 2008년 말 한·미 통화스와프 성사로 1250원까지 떨어졌던 환율은 해외 투기세력이 준동하며 급등했다. 헤지펀드들이 상어...,https://www.kmib.co.kr/article/view.asp?arcid=1775545536&code=11171212&cp=nv,5,,1
삼성전자 1분기 영업이익 역대 최대,"인공지능(AI) 인프라 수요 급팽창으로 공급 병목 현상이 발생하고 반도체 가격이 상승하였으며, 원·달러 환율이 17년 만에 거의 최고치에 근접하면서 환 이익 증가로 인한 영향도 받은 것으로 보인다. 다만, 에너지...",https://www.cityfocus.co.kr/news/articleView.html?idxno=209,4,,1
관광청들도 플랜 '홀딩'…유류할증료 부담까지 겹쳐 소강 상태,여기에 유류할증료 인상과 달러 환율 상승까지 겹치면서 중동 지역 관광청들은 사실상 모든 플랜을 '홀딩' 상태에 두고 분위기 반전을 기다리고 있다. 중동 전쟁 여파가 MICE 업계를 넘어 각국 관광청의 마케팅...,https://www.traveltimes.co.kr/news/articleView.html?idxno=415595,4,,1
아파트(84㎡) 평균가 5억3898만원…치솟는 가격에 분양시장 찬바람,"전쟁 이후 국제 유가와 원자재 가격이 급등하고 원·달러 환율이 상승하는 등 금융 불안이 확대되는 가운데, 주담대 금리 상승으로 부담도 커지면서 분양시장 위축을 이끌었다는 분석이다. 주택산업연구원은...",https://www.kado.net/news/articleView.html?idxno=2043354,6,,1
4월 울산 아파트 분양전망지수 '뚝',미·이란 전쟁 이후 국제 유가와 원자재 가격이 급등하고 원·달러 환율이 1500원을 넘어서면서 금융시장 불안이 확대된 것이 지수 하락에 영향을 준 것으로 풀이된다. 특히 최근 주담대 금리 상단이 7%를 돌파하는 등...,https://www.ksilbo.co.kr/news/articleView.html?idxno=1053424,6,,1
기름값에 발목 잡힌 항공업계…FSC·LCC 모두 '긴축 모드',항공사 총비용의 20~30%를 차지하는 유류비가 급등한 데다 항공기 리스료와 정비비 등 주요 비용이 달러로 결제되는 구조상 환율 상승까지 겹치며 수익성 압박이 커진 상황이다. 유류할증료 인상으로 일부 상쇄가...,https://news.tf.co.kr/read/economy/2310326.htm,4,,1
[사설] 영업익 신기원 연 삼전… 勞·政이 걸림돌 돼선 안 돼,"영업익 달러 환산치는 390억달러(1분기 환율 평균 1465.72원 기준)로 최근 실적을 발표한 주요 빅테크 중 애플(509억달러), 엔비디아(443억달러)에 이어 ‘글로벌 빅3’로 추정된다. 인공지능(AI) 붐에 따른 메모리 초호황을...",https://www.segye.com/newsView/20260407518213?OutUrl=naver,5,,1
"달러 런에 갇힌 원화값… 1,500원선 돌파에 외환당국 '비상등'","이란과 이스라엘 간의 군사적 충돌로 인한 중동발 지정학적 위기가 금융시장을 덮치면서 원·달러 환율이 마지노선으로 여겨졌던 1,500원대에서 내려오지 못하고 있다. 7일 서울 외환시장에서 원화 가치는 안전자산인...",https://www.nbntv.kr/news/articleView.html?idxno=339833,6,,1
치솟는 유가에 환율 쇼크까지… 중동발 '복합 위기'에 한국 경제 비상,"중동 사태가 장기화 조짐을 보이자 글로벌 투자자들이 대표적인 안전자산인 달러화로 대거 쏠리면서 원·달러 환율은 8일 연속 1,500원대라는 기록적인 고공행진을 이어가고 있다. 정부와 한국은행은 이날 오전 긴급...",https://www.nbntv.kr/news/articleView.html?idxno=339832,12,,1
"달러-원, 뉴욕장서 1,490원 후반대 거래","달러 인덱스는 99.899에 거래 중이다. 같은 시각 달러-엔 환율은 전장 대비 0.049엔 내린 159.775엔에, 유로-달러 환율은 전장 대비 0.00008달러 내린 1.15660달러에 거래됐다. 역외 달러-위안은 6.8628위안에 거래됐다.",https://news.einfomax.co.kr/news/articleView.html?idxno=4408217,4,,1
“주범들이 파는데 환율은 왜…” 손터는 서학개미들,다만 외환당국이 ‘고환율의 범인’으로 지목한 서학개미의 순매수세가 주춤한 가운데도 원·달러 환율이 8거래일 연속 1500원대에서 움직이며 고공행진을 이어가고 있어 이유에 관심이 쏠린다. 7일 한국예탁결제원...,https://www.munhwa.com/article/11580565?ref=naver,4,,1
미 달러화 약보합…미-이란 협상 여전히 '안갯속',"유로-달러 환율은 1.15597달러로 전장보다 0.00169달러(0.146%) 높아졌다. 벨기에 중앙은행 총재인 피에르 분쉬는 ""첫 번째 금리 인상은 이달 말에 이뤄질 가능성이 있다""면서 ""중동 분쟁으로 인한 에너지 위기가 장기화할...",https://news.einfomax.co.kr/news/articleView.html?idxno=4408214,8,,1
"재경부, 글로벌IB와 외환시장 점검…""韓경제 펀더멘털, 여전히 견조해""","참석자들은 원/달러 환율이 지난 2월까지 하향세를 보였으나, 중동 전쟁이라는 외부 충격으로 변동성이 확대된 측면이 있다고 평가했다. 다만 최근 수출 호조로 확인된 산업 경쟁력과 양호한 대외건전성 등을 감안할 때...",https://www.econovill.com/news/articleView.html?idxno=736410,6,,1
"AFX, 탈중앙 파생상품 겨냥 레이어1 테스트넷 가동…속도·커뮤니티 보상...","원달러환율이 1달러당 1500.80원 수준인 만큼, 글로벌 크립토 시장의 변동성도 적지 않다. 이런 환경에서 AFX가 내세운 ‘속도’와 ‘커뮤니티 소유권’이 실제 수요로 이어질지 주목된다. 기사요약 by TokenPost.ai 시장...",https://www.tokenpost.kr/news/tech/347139,4,,1
"'신기록' 삼성전자, 코스피 시총 비중 25.7%...6년 만의 최고치",삼성전자 시총 비중이 커진 이유로는 메모리 반도체 수요 증가와 원·달러 환율 상승에 따른 호실적 예고 동향 등이 반영된 것으로 풀이됩니다. 삼성전자는 올해 1분기 영업이익을 지난해 같은 분기보다 755...,https://www.ytn.co.kr/_ln/0102_202604072252254162,7,,1
"XRP, 반등 시도 속 ‘프리미엄 FVG’ 경계…약세 구조 이어지나","달러화 기준 약세가 이어지는 가운데 원달러환율 1,504.60원을 반영하면 국내 투자자 체감 가격은 더 크게 흔들릴 수 있다. XRP가 하락 추세를 끊고 방향을 바꾸기 전까지, 시장은 여전히 ‘약세 구조’와 ‘유동성...",https://www.tokenpost.kr/news/cryptocurrency/346785,7,,1
미국 뉴욕증시 하락 출발…이란 긴장·유가 급등 부담,"환율은 원/달러 1500.3원으로 전일 대비 8.2원 하락하며 원화 강세를 보였지만, 글로벌 위험회피 흐름 속에서 변동성 확대 가능성은 여전히 남아 있다. 장 초반 뉴욕증시는 이란을 둘러싼 지정학적 리스크와 유가 급등...",https://www.topstarnews.net/news/articleView.html?idxno=16028214,5,,1
휘발유·경유 가격 대구도 2천원 '목전',"중동 전쟁 장기화로 에너지 수급에 막대한 차질을 빚고 있는 데다 국제유가 상승, 원·달러 환율 상승 등 복합적인 요인이 겹친 데 따른 것으로 분석된다. 여기에 정부의 3차 석유 최고가격 고시도 앞두고 있어...",https://www.idaegu.co.kr/news/articleView.html?idxno=544345,4,,1
"신현송 한은 총재 후보자, 15일 인사청문회","신 후보자는 달러, 파운드, 스위스프랑 등 외화로 상장지수펀드(ETF)와 예금 등 20억3654만원어치의... 사회생활 대부분을 해외에서 보낸 만큼 자연스러운 자산 구조라는 시각도 있지만, 외환당국 수장으로서 환율 상승 시...",https://weekly.hankooki.com/news/articleView.html?idxno=7158847,9,,1
“환율 뛰면 재산 불어나는 한은총재 후보” 신현송의 40억 외화,"문제는 이 같은 자산 구성이 원·달러 환율이 오를수록 재산 증가로 이어지는 구조라는 점이다. 외화 예금과 해외 채권, 해외 부동산은 원화 가치가 떨어질수록 원화 환산액이 커진다. 외환시장 안정을 맡아야 할...",https://www.munhwa.com/article/11580556?ref=naver,12,,1
삼성전자 깜짝실적…장중 '20만전자' 회복,"코스닥은 전장 대비 10.64포인트(1.02%) 내린 1,036.73에 거래를 종료했다. 이날 서울 외환시장에서 미국 달러화 대비 원화 환율의 주간 거래 종가는 전 거래일보다 2.1원 내린 1,504.2원으로 집계됐다.",https://www.idaegu.co.kr/news/articleView.html?idxno=544336,8,,1
[헬로스톡] 4월 7일 주목할 종목: 삼성전자·현대차·한화에어로스페이...,"원/달러 환율은 1,504.3원(-5.5원)으로 2일 연속 강세를 보였으며, 국제유가(WTI)는 115달러(+2.30%)로 3일 연속 상승했다. 해외 증시는 다우(+0.4%), 나스닥(+0.5%), 호주 ASX(+1.7%), 니케이(+0.03%), 대만 TWI(+2.0%) 등 대체로...",https://www.hellot.net/news/article.html?no=111933,4,,1
삼성전자가 이끈 코스피…협상 시한 도래에 긴장감,"원·달러 환율은 여전히 1,500원을 웃돌며 시장의 불안심리를 반영하고 있습니다. 연합뉴스TV 양현주입니다. [영상취재 이승욱] [영상편집 김소희] [그래픽 이은별] [뉴스리뷰]",http://www.yonhapnewstv.co.kr/MYH20260407211347tWf,6,,1
미국 이란 전쟁 여파 강원지역 아파트 분양전망 한달 새 반토막,"최근 국제 유가 및 원자재 가격이 급등하고 원·달러 환율이 1,500원을 상회하는 등 금융시장 불안이 확대되고 있는 가운데, 주담대 금리 상단이 7%를 돌파하는 등 금리 부담이 커지면서, 분양시장 위축으로 이어지고...",https://www.kwnews.co.kr/page/view/2026040715223244493,6,,1
삼전 57조 `잭팟' SK하이닉스도 새역사 쓸까,원·달러 환율 상승에 따른 원화 환 이익 증가도 실적 확대에 일부 기여했다. 올해 1분기 D램 가격이 전 분기 90∼95% 상승한 데 이어 2분기에도 약 60% 추가 상승할 것으로 예상된다. 이에 따라 연간 기준으로는 올해...,http://www.cctimes.kr/news/articleView.html?idxno=900785,6,,1
"KB증권, 반도체 TOP10 레버리지 ETN 상장…S&P500 선물 ETN 2종 재상장","두 상품 모두 환노출 구조로 설계돼 원·달러 환율 변동이 수익률에 반영된다. 만기는 각각 10년이며, 총보수는 연 0.8% 수준이다. 해당 상품들은 모두 ETN 구조 특성상 기초지수 성과와 별도로 발행자 신용위험이...",https://www.betanews.net/article/view/beta202604070095,4,,1
"재경부, 외환시장 간담회…""원화 변동성 과도하면 과감한 조치""",참석자들은 달러 대비 원화 환율이 올해 2월 하향세를 보이다가 중동 전쟁이라는 외부 충격으로 변동성이 확대된 측면이 있다고 평가했다. 다만 최근 수출 호조로 확인된 우리 산업 경쟁력과 양호한 대외건전성 등을...,https://view.asiae.co.kr/article/2026040720270056027,7,,1
"KB증권, '국내 반도체 TOP10 및 미국 S&P500 선물 ETN' 3종 상장","두 상품 모두 환노출형 구조로 원·달러 환율 변동에 따라 수익률이 영향을 받을 수 있으며, 만기는 각각 10년, 제비용은 연 0.8% 수준이다. 김병구 KB증권 패시브영업본부장은 ""이번 상장을 통해 글로벌 핵심...",https://www.startuptoday.co.kr/news/articleView.html?idxno=609041,4,,1
[인도증시] '환율 호재' IT株 힘입어 ↑...중동 협상·RBI 회의 앞두고 ...,"로이터에 따르면, 브렌트유 가격은 약 1% 하락했지만 배럴당 109달러(약 16만 3500원) 수준을 유지하고 있다.... 유가 상승과 환율 변동성으로 인한 신용등급 하향 조정 가능성을 평가하기 위해 기업 실적 발표 시즌에...",https://www.newspim.com/news/view/20260407001173,5,,1
분기 영업익 ‘50조 시대’ 연 삼성전자,원·달러 환율 상승도 수출 비중이 큰 반도체 사업에서 원화 환산 이익 증가에 일부 영향을 미친 것으로 분석됐다. 올해 출시된 갤럭시 S26 시리즈의 판매 호조도 실적 상승분에 반영됐을 것으로 보인다. 다만 메모리...,https://www.khan.co.kr/article/202604072021005,6,,1
"포스코, 철강 제품가 톤당 5만원 인상…전쟁發 원가 부담 반영",여기에 원달러 환율 급등까지 겹치면서 원가 압박이 이어졌다는 것이다. 그간 중국발 저가 물량 공세에 낮았던 국내 철강 제품 유통 가격을 정상화하는 차원의 움직임으로도 풀이된다. 철강업계는 중국산 제품에 대한...,https://www.news1.kr/industry/general-industry/6128698,4,,1
[亞증시-종합] 美·이란 협상 시한 앞두고 상승,같은 시각 달러-엔 환율은 전장보다 0.07% 상승한 159.772엔에 거래됐다. 그 밖에 일본 가계지출은 3개월 연속 감소한 것으로 나타났다. 일본 총무성이 발표한 지난 2월 실질 가계지출(2인 이상 가구)은 전년 동월보다 1.8...,https://news.einfomax.co.kr/news/articleView.html?idxno=4408208,4,,1
"달러-원, 런던장서 1,496원까지 낙폭 확대","20원 이후 2주만에 최저치를 기록했다. 같은 시각 달러-엔 환율은 전장 대비 0.08% 하락한 159.538엔, 유로-달러 환율은 0.23% 오른 1.15687달러에 거래됐다. 역외 달러-위안(CNH) 환율은 0.23% 내린 6.8602위안을 나타내고 있다.",https://news.einfomax.co.kr/news/articleView.html?idxno=4408205,4,,1
"대신증권, '지정학 리스크·정책 모멘텀' 투자 전략 제시 外","두 상품 모두 환노출형 구조로 원/달러 환율 변동에 따라 수익률이 영향을 받을 수 있으며, 만기는 각각 10년, 제비용은 연 0.8% 수준이다. KB증권 김병구 패시브영업본부장은 ""이번 상장을 통해 글로벌 핵심 산업인...",https://www.rcast.co.kr/news/articleView.html?idxno=30463,4,,1
유로존 3월 합성 PMI 확정치 50.7…9개월만에 최저(상보),"9로 예비치(51.2)를 하회했으며, 영국 3월 서비스업 PMI는 50.5로 역시 예비치(51.2)를 하회했다. 유로-달러 환율은 오후 5시37분 현재 전 거래일 대비 0.2% 오른 1.15650에 거래됐다.",https://news.einfomax.co.kr/news/articleView.html?idxno=4408203,4,,1
환율 1504원대 소폭 하락…미·이란 협상 주시,글로벌 금융위기 후 처음으로 원·달러 환율이 1530원 돌파한 지난달 31일 오후 서울 중구 하나은행 딜링룸에 환율정보가 표시되고 있다. 뉴시스 원·달러 환율은 7일 미국과 이란 간 협상을 주시하며 소폭 하락...,http://www.segyebiz.com/newsView/20260407517761?OutUrl=naver,14,,1
"폴로닉스, 사용자 보호 펀드 1억달러 조성…준비금 증명에 ‘추가 안전...","한편 원달러환율이 1달러당 1,500.30원 수준인 만큼, 1억달러 규모 펀드는 약 1,500억원에 달하는 셈이다. 거래소의 준비금 관리와 별도 보호 장치가 확대되면 이용자 신뢰에는 긍정적으로 작용할 수 있지만, 실제 효과는...",https://www.tokenpost.kr/news/cryptocurrency/347091,4,,1
"""삼성전자, 이대로면 엔비디아 넘어 세계 1위"" 전망",원·달러 환율이 오르면서 환차익이 늘어난 것도 실적 확대에 일부 기여했습니다. 오늘 발표에 따라 증권가는 올해 삼성전자의 연간 영업이익 전망을 기존 200조원 안팎에서 300조원 이상으로 크게 높였습니다. KB증권은...,https://news.jtbc.co.kr/article/NB12293134?influxDiv=NAVER,5,,1
[기획] ‘57조 삼전’… 엔비디아급 ‘천지개벽’,회사는 여기에 원·달러 환율 상승에 따른 환율 효과도 일부 반영됐다고 설명했다. 증권가에서는 AI 인프라 투자 확대에 따른 메모리 반도체 수요 지속으로 삼성전자의 실적 성장세가 이어질 것으로 전망하고 있다....,https://www.dt.co.kr/article/12056212?ref=naver,5,,1
"견고한 수요에 치솟은 칩 가격... ""삼성전자, 연간 영업이익 300조 원 돌...","삼성전자의 영업이익을 달러로 환산(환율 1,500원 기준)하면 약 380억 달러로 구글의 모기업인 알파벳보다도 높고 MS와 비교할 만한 수준이다. 삼성전자의 호실적이 당분간 이어질 거란 전망이 대체적이다. 올해 2월...",https://www.hankookilbo.com/news/article/A2026040714430005992?did=NA,5,,1
"""이제 그냥 쿠팡으로 살래요""…대형마트 결제액 '뚝'",한 대형마트 관계자는 “유가 상승과 원·달러 환율 변동 등에 대비해 여러 대안을 마련하고 있지만 장기적으로 신선식품의 가격 상승이 불가피하다”고 했다. ◇줄어들던 쿠팡 매출은 반등 반면 온라인 쇼핑은...,https://www.hankyung.com/article/2026040750341,4,,1
"""LG이노텍, 계절성에 따라 1분기 실적 하회…모빌리티솔루션 제외하면 ...",물량 감소가 주요 원인이지만 예상보다 높은 물량과 원/달러 환율 영향으로 수익성은 지난 분기 수준을 유지할 것으로 예상한다. 패키지솔루션 사업부 영업이익은 2025년 4분기 대비 4.7% 감소한 465억원으로 예상한다....,https://www.newsquest.co.kr/news/articleView.html?idxno=264392,5,,1
엔비디아·테슬라 팔고 ‘국장’으로… 서학개미 ‘유턴’ 가속,여기에 최근 원·달러 환율이 1500원을 넘어서는 등 고환율이 맞물리며 투자자들의 달러 환전 수요를 자극하는 분위기다. 5대 시중은행(KB국민·신한·하나·우리·NH농협)의 지난달 31일 기준 달러 예금 잔액은...,https://www.segye.com/newsView/20260407515423?OutUrl=naver,7,,1
[채권-마감] 트럼프 데드라인 대기…국고 3년 1.9bp↑,"이날 달러-원 환율도 다소 눈높이를 높이면서 경계감을 확대했다. 오전 장중 한때 달러인덱스(DXY) 급등으로 달러-원 환율은 1,512.60원까지 레벨을 높였다. 오후 들어 재정경제부는 높은 수준의 경계감을 가지고 외환시장...",https://news.einfomax.co.kr/news/articleView.html?idxno=4408195,6,,1
[서환-마감] 이란 초토화 시한 앞두고 하락…2.10원↓,"유로-달러 환율은 1.15380달러, 달러 인덱스는 100.032를 나타냈다. 역외 달러-위안(CNH) 환율은 6.8769위안이었다. 위안-원 직거래 환율은 1위안당 218.65원에 마감했다. 장중 저점은 218.53원, 고점은 219.74원이다. 거래량은...",https://news.einfomax.co.kr/news/articleView.html?idxno=4408194,4,,1
"코스피, 질주하나 했더니 중동에 '발목'",코스닥지수는 전 거래일보다 10.64포인트(1.02%) 내린 1036.73으로 거래를 마쳤다. 원/달러 환율은 서울외환시장에서 이날 오후 3시 30분 기준 전 거래일보다 2.1원 내린 1504.2원으로 주간 거래를 마쳤다.,http://www.econotelling.com/news/articleView.html?idxno=19999,8,,1
"KB증권, 반도체·S&P500 레버리지 ETN 3종 상장","두 상품은 환노출형 구조로 원·달러 환율 변동에 따라 수익률이 영향을 받을 수 있다. 만기는 10년이며, 제비용은 연 0.8% 수준이다. KB증권 김병구 패시브영업본부장은 ""반도체와 미국 대표 지수를 동시에 투자할...",https://www.econovill.com/news/articleView.html?idxno=736406,4,,1
중동전쟁-대출규제 직격탄··· 전북 아파트 분양전망 '뚝',"국제 유가와 원자재 가격이 급등하고 원ㆍ달러 환율이 1,500원을 상회하는 등 금융시장 불안이 확대되고 있는 것도 주요 원인으로 꼽았다. 주담대의 경우 금리 상단이 7%를 돌파하는 등 금리 부담이 커지면서 분양시장...",http://www.jjn.co.kr/news/articleView.html?idxno=1037432,7,,1
"항공협회, 정부에 항공유 관세 면제·운수권 회수 유예 등 정책적 지원...",주요 비용을 달러로 결제하는 항공사들은 환율이 오르면서 정비비와 리스료 등에서도 지출 부담이 갈수록 커지고 있다. 이에 협회는 항공유 가격이 중동전쟁 이전 수준으로 안정되기 전까지 국내선 항공유에 부과되는...,https://www.dailian.co.kr/news/view/1630739/?sc=Naver,4,,1
"'중동 협상 긴장 속 관망세' 환율, 2.1원 내린 1504.2원...코스피는 5500선...","7일 서울 외환시장에서 원·달러 환율은 전날보다 2.1원 내린 1,504.2원에 거래를 마쳤다. 환율은 2.4원 오른 1,508.7원에 출발해 장중 1,512.6원까지 상승했으나, 오후 들어 상승폭을 반납하며 하락 전환했다. 시장에서는...",https://www.betanews.net/article/view/beta202604070090,6,,1
"삼전 어닝 서프라이즈에도 코스피 5,490선 마감, 지정학 변수에 상승폭...","서울 외환시장에서 원·달러 환율은 1,504.2원으로 전일 대비 2.1원 하락 마감했다. 이는 전쟁 리스크에도 불구하고 협상 기대가 일부 반영된 결과로 풀이된다. 시장 전문가들은 단기적으로는 중동 상황과 미국 정책...",https://www.polinews.co.kr/news/articleView.html?idxno=727792,6,,1
'메모리값 급등' 휴대폰엔 악재로 [삼성전자 실적 새 역사],삼성전자 모바일경험(MX)사업부가 D램·낸드플래시 등 메모리 반도체 가격 상승세와 원·달러 환율 급등의 이중고에 시달리면서 수익성 방어에 비상이 걸렸다. 7일 업계에 따르면 삼성전자 MX·네트워크(NW)...,http://www.fnnews.com/news/202604071829254181,5,,1
메모리 호황 장기화… 내년 영업익 세계 1위 노린다 [삼성전자 실적 새...,"1·4분기 영업실적을 이날 환율(달러당 1504원)로 환산하면 약 380억달러다. 최근 발표된 분기 실적을 기준으로 알파벳(구글, 359억3000만달러)을 제치고, 애플(1위, 509억달러), 엔비디아(2위, 443억달러), MS(3위, 383억달러)...",http://www.fnnews.com/news/202604071829265580,5,,1
[중국증시-마감] 중동 협상 주시 속 상승,정책 지원이 강화될 것이라는 기대 속에서 중국 증시에서 반도체 주식은 상승했다. 중국 인민은행(PBOC)은 위안화를 절상 고시했다. 달러-위안 거래 기준환율은 전장 대비 0.0075위안(0.11%) 내려간 6.8854위안에 고시됐다.,https://news.einfomax.co.kr/news/articleView.html?idxno=4408188,8,,1
[증시 오늘] 가시지 않는 미-이란 협상 불안감,"원/달러 환율은 전 거래일보다 2.1원 내린 1,504.2원으로 마감했다. 코스피에서는 1분기 잠정실적으로 매출 133조원, 영업이익 57조2000억원으로 사상 최대 실적을 공개한 삼성전자가 1.76% 상승한데 이어 SK하이닉스...",https://www.bigtanews.co.kr/article/view/big202604070018,7,,1
파키스탄 중재 기대감에 원·달러 1500원 하회,원·달러 환율이 정규장에 이어 야간 연장 거래에서도 하락하며 1500원 선 아래로 내려갔다. 지정학적 긴장 완화와 주요국 통화정책 기대 변화가 맞물리며 달러화 약세가 두드러진 영향이다. 7일 서울 외환시장에서 원...,https://www.sedaily.com/article/20029556?ref=naver,4,,1
호주-유럽연합(EU) 자유무역협정(A-EU FTA) 최종 타결,"기준 환율 A$1=US$0.69 [자료: 호주통계청(ABS)] <2024-25년 호주의 대(對) EU 교역 현황 (상품 및 서비스)> (단위: 억 호주 달러, %) 수출 수입 교역 합계 금액 비중 금액 비중 금액 비중 상품 171 3.3 630 13.8 801 8.3...",http://dream.kotra.or.kr/kotranews/cms/news/actionKotraBoardDetail.do?SITE_NO=3&MENU_ID=90&CONTENTS_NO=1&bbsGbn=244&bbsSn=244&pNttSn=240159,4,,1
"분양가 부담 커지자…‘안정+유연’ 민간임대, 대안으로 떠오른다",이에 따라 실수요자들 사이에서는 초기 자금 부담을 낮추면서도 안정적으로 거주할 수 있는 대안 주거 형태에 대한 관심이 확대되는 모습이다.최근 원·달러 환율이 글로벌 금융위기 이후 처음으로 1500원대를 돌파하는...,https://theviewers.co.kr/View.aspx?No=4032949,11,,1
"폴리마켓, 자체 스테이블코인 ‘폴리마켓 USD’ 도입…USDC.e 담보 교체","원달러환율 1,497원을 기준으로 환산하면 약 32조9000억원에 해당하는 수준이다. 업계에서는 이번 업그레이드가 거래 속도와 비용 구조를 개선하는 동시에, 플랫폼이 유동성을 더 직접적으로 관리하려는 시도로 보고...",https://www.tokenpost.kr/news/tech/347056,7,,1
코스피 5494.78에 마감…중동 불안에도 '삼성전자' 최대 실적이 견인,"이날 오후 3시 30분 기준 서울 외환시장에서 달러당 원화값은 전일 대비 2.1원 오른 1504.2원에 마감했다. 환율 불안정에도 불구하고 삼성전자가 이날 삼성전자가 연결기준으로 매출 133조원, 영업이익...",https://economist.co.kr/article/view/ecn202604070073,8,,1
"여야정 ""민생 공통분모 확인"" 조작기소 국정조사는 평행선","장 대표는 환율 안정을 위한 한미 달러 스와프 체결과 부동산 규제 완화 등 국정 운영 기조의 전면적인 전환을 요구했다. 한편, 이날 회동에는 민주당 정청래 대표·한병도 원내대표, 국민의힘 장동혁 대표·송언석...",http://www.newsprime.co.kr/news/article.html?no=729538,4,,1
"KB증권, ETN 3종 상장해 국내 핵심 반도체 투자 강화한다","모두 환노출형 구조로 원/달러 환율 변동이 수익률에 영향을 미칠 수 있으며 만기는 각각 10년, 제비용은 연 0.8% 수준이다. 김병구 KB증권 패시브영업본부장은 “이번 상장을 통해 글로벌 핵심 산업인...",https://www.fetv.co.kr/news/article.html?no=216544,4,,1
美 데드라인 앞두고 널뛰기…코스피 사흘째 상승,[기자] 달러-원 환율은 2원 10전 내린 1504원 20전에 주간거래를 마쳤습니다. 미국·이란 휴전 협정 불확실성에 장중 한때 1512원 60전까지 터치했지만 오후 들어 상승폭을 반납하며 하락 전환했습니다. 도널드 트럼프...,https://biz.sbs.co.kr/article_hub/20000302683?division=NAVER,6,,1
"환율 1500원 시대, IT 기기·클라우드·구독 모델의 원·달러 요금 지형...",2026년 4월 7일 기준 원달러 환율은 1498.30원으로 최고가를 오르내리고 있다. 지난 6일 국제결제은행(BIS)이 발표한 전 세계 주요 64개국 실질실효환율지수에 따르면 지난 2월 말 우리나라의 실질실효환율 지수는...,https://it.donga.com/108697/,7,,1
"항공협회, 중동 사태 관련 정부 지원 요청…항공유 관세 면제 등",환율도 함께 오르면서 정비비와 리스료 등 주요 비용을 달러로 결제하는 항공사들의 부담이 더 커지고 있습니다. 이에 협회는 항공유 가격이 중동전쟁 이전 수준으로 안정되기 전까지 국내선 항공유에 부과되는 관세와...,https://news.kbs.co.kr/news/pc/view/view.do?ncd=8529195&ref=A,4,,1
"'슈퍼 서프라이즈' 삼성전자, 코스피 시총 비중 6년만에 최고치","인공지능(AI) 데이터센터 확충 흐름에 따른 메모리 반도체 수요 증가, 제품 전반의 가격 성장세 지속, 고대역폭메모리(HBM) 판매 확대, 원·달러 환율 상승에 따른 이익 증가 등 호실적을 예고하는 각종 동향이 주된...",https://biz.sbs.co.kr/article_hub/20000302675?division=NAVER,7,,1
"4월 분양전망지수 전국 평균 35.4포인트 급락, 이란전쟁에 영향",이란전쟁에 따라 국제유가 및 원자재 가격이 급등하고 원-달러 환율이 1500원을 상회하는 등 금융시장 불안이 확대되는 가운데 주담대 금리 상단이 7%를 돌파하는 등 금리 부담이 커지진 점이 분양전망지수 하락...,https://www.businesspost.co.kr/BP?command=article_view&num=435172,6,,1
"삼성전자 최대 실적에 '20만전자', 코스피 5500선 터치…외국인 돌아올...",제약·바이오 관련주 중심으로 기관(1252억원)·개인(320억원)의 매도세가 확대되며 전일 대비 10.64포인트(-1.02%) 하락한 1036.73에 마감했다. 원-달러 환율은 5.5원 내린 1504.3원에 마감하며 이틀 연속 원화 강세를 보였다.,https://www.joongang.co.kr/article/25418231,8,,1
"영업익 올해 320조, 내년엔 488조…엔비디아 제치고 세계 1위 노린다[韓...",삼성전자는 약 380억 달러(원·달러 환율 1505원 기준)로 마이크로소프트를 턱밑까지 추격했고 구글 모회사인 알파벳(359억 달러·약 54조 원)을 제치고 단숨에 글로벌 4위권에 안착하는 기염을 토했다. 반도체 업계와...,https://www.sedaily.com/article/20029506?ref=naver,4,,1
아파트 분양 시장 암울…전망 지수 대폭 하락,"이처럼 아파트 분양 전망이 악화된 것은 중동 사태가 발발 이후 국제 유가와 원자재 가격이 급등하고 원·달러 환율이 1500원을 상회하는 등 금융시장이 크게 불안해진 점, 주담대 금리상단이 7%를 돌파하는 등 금리...",https://www.jemin.com/news/articleView.html?idxno=835769,6,,1
'중동 불확실성'에 코스피 강보합 5500 문턱 마감,"지수를 끌어 올렸고, 개인과 기관은 3427억원, 4141억원을 매도했다. 코스닥은 1.02% 하락한 1036.73으로 장을 마쳤다. 서울외환시장에서 달러 대비 원화 환율은 오후 3시 30분 기준 2.1원 하락한 1504.2원으로 마감했다.",https://news.tvchosun.com/site/data/html_dir/2026/04/07/2026040790254.html,9,,1
“주거 안정성에 투자 유연성까지”…자금 안 묶이는 ‘민간임대’ 블...,"실제로 지난달 말 원·달러 환율이 글로벌 금융위기 이후 처음으로 1520원을 돌파하면서, 수입에 의존하는 주요 건설 원자재 가격이 크게 치솟아 공사비 인상 압박이 최고조에 달한 상태다. 이에 따라 신규 분양가도...",http://www.lawissue.co.kr/view.php?ud=20260407174128904467191f6c6e_12,11,,1
삼성전자 57조 영업익 발표에 코스피 강보합세,"한편, 원·달러 환율은 이날 한때 1512.6원까지 상승했다가 오후로 접어들며 하락 반전했다. 서울외환시장에서 원·달러 환율은 전일 대비 2.1원 내린 1504.2원에 주간거래 종가를 기록했다.",http://www.enewstoday.co.kr/news/articleView.html?idxno=2416079,6,,1
없어서 못 파는 HBM·D램…삼성 '반도체 황금기' 계속된다,여기에 반도체 수출 대금을 달러로 받는 구조에서 원·달러 환율 상승이 더해지며 실적 규모를 키웠다. 그간 발목을 잡은 시스템LSI와 파운드리 부문도 적자 폭을 줄이며 힘을 보탰다. ◇연간 영업익 300조원 기대...,https://www.hankyung.com/article/2026040751901,5,,1
과일·채소·고기 싹 다 올랐다…하반기가 더 걱정,여기에 원·달러 환율 상승까지 겹치며 수입 곡물과 사료 가격 부담이 커지고 있습니다. 환율 상승은 수입 의존도가 높은 국내 식품 구조상 생산비를 직접 끌어올리는 요인으로 작용합니다. 사료 원료 운송비 역시...,http://www.newstomato.com/ReadNews.aspx?no=1297052&inflow=N,4,,1
"삼성전자 영업익, 구글도 넘어섰다",삼성전자는 약 380억 달러(원·달러 환율 1505원 기준)로 마이크로소프트를 턱밑까지 추격했고 구글 모회사인 알파벳(359억 달러·약 54조 원)을 제치고 단숨에 글로벌 4위권에 안착하는 기염을 토했다. 반도체 업계와...,https://www.sedaily.com/article/20029491?ref=naver,4,,1
"코스피, 삼성전자 호실적에 0.82% 상승 마감",서프라이즈'를 달성했다는 소식에 장 중 '20만전자'를 회복했습니다. 코스닥은 1.02% 하락한 1036.73에 장을 마쳤습니다.원달러 환율은 2.1원 내린 1504.2원에 마감했습니다. 김다솔 머니투데이방송 MTN 기자,https://news.mtn.co.kr/news-detail/2026040716114034965,3,,1
"우리금융 4대 금융지주 중 1분기 CET1 나홀로 상승각, 임종룡 선제적 자...",최근 이란 전쟁에 따른 원/달러 환율 급등과 바젤Ⅲ 경과규정 도입 영향으로 금융지주의 자본관리 부담은 한층 가중된 상태다. 이에 따라 업계 전반의 보통주자본비율이 전 분기 대비 하락할 것이라는 관측이 우세한...,https://www.businesspost.co.kr/BP?command=article_view&num=435147,5,,1
"[사설] 삼성전자, 1분기 영업익 57조… 경영혁신이 이룬 금자탑이다",삼성전자의 이같은 기록적인 이익은 주력사업인 메모리 반도체가 인공지능(AI) 붐에 따라 슈퍼 사이클을 맞고 있는데다 원·달러 환율 또한 상승한데 따른 것으로 풀이된다. 업계에선 수요 증가와 가격 상승에 힘입어...,https://www.dt.co.kr/article/12056201?ref=naver,4,,1
전쟁 쇼크에 포스코 철강 전품목 가격 인상…車·조선 부담 커진다,"중동 지역의 지정학적 긴장 고조로 유가와 해상운임이 동반 상승한 데다, 철광석·원료탄 가격 반등과 원·달러 환율 급등까지 겹치면서 국내 철강사의 원가 압박이 업계 감내 수준을 넘어선 것이다. 실제로 철강 생산의...",https://www.sedaily.com/article/20029480?ref=naver,4,,1
트럼프 말 한마디에 출렁이는 유가·환율…변동성 장세 언제까지?,원/달러 환율은 7일 미국과 이란의 협상 상황을 주시하며 금일 장 초반 상승 출발했다. 미국 측이 제시한 협상 시한이 하루 정도 남은 만큼 금융시장도 양측의 반응에 촉각을 곤두세운 분위기다. 주요 6개국 통화 대비...,https://www.thepublic.kr/news/articleView.html?idxno=300233,5,,1
"KB증권, '국내 반도체 TOP10' '미국 S&P500 선물 ETN' 상장","두 상품 모두 환노출형 구조로 원/달러 환율 변동에 따라 수익률이 영향을 받을 수 있으며, 만기는 각각 10년, 제비용은 연 0.8% 수준이다. KB증권 김병구 패시브영업본부장은 ""이번 상장을 통해 글로벌 핵심...",https://www.thepublic.kr/news/articleView.html?idxno=300252,4,,1
지정학 변수에 코스피 상승폭 반납…코스닥은 하락 전환,서울 외환시장에서 원·달러 환율은 전 거래일보다 2.1원 하락한 1504.2원에 거래를 마쳤다. 장 초반에는 상승세로 출발했지만 이후 하락 전환하는 등 뚜렷한 방향성을 보이지 않았다.,https://www.ezyeconomy.com/news/articleView.html?idxno=234485,8,,1
"포스코, 철강 가격 인상…제조업체 비용 상승 우려","여기에 원·달러 환율이 1500원을 웃돌며 결제 부담을 키웠고, 중동 사태로 해상 운임이 폭등하면서 엎친 데 덮친 격이 됐다. 업계 관계자는 “미국의 철강 제품 관세 등으로 업황이 안 좋은 상황에서 중동 전쟁이 발발해...",https://www.hankyung.com/article/2026040751391,4,,1
"민간임대 아파트, 주거 안정성과 자금 운용 유연성으로 관심","실제로 지난달 말 원·달러 환율이 글로벌 금융위기 이후 처음으로 1,520원을 돌파하면서, 수입에 의존하는 주요 건설 원자재 가격이 크게 치솟아 공사비 인상 압박이 최고조에 달한 상태다. 주택도시보증공사(HUG)에...",https://www.apnews.kr/news/articleView.html?idxno=3047568,11,,1
"코스피, 이란전 위기 고조에 0.82%↑... '역대 최고 실적' 삼성전자 약진...",원-달러 환율은 이날 소폭 하락했다. 이날 오후 3시 30분 기준 서울 외환시장에서 원-달러 환율은 전날보다 2.1원 내린 1504.2원을 나타냈다. 코스피(유가증권시장)에서 외국인은 모처럼 순매수 우위를 보였다....,https://www.getnews.co.kr/news/articleView.html?idxno=867219,7,,1
120분 평행선 달린 靑 여야정 협의체...'만남이 소득' 멀고 먼 협치의 길,"장 대표는 환율과 물가 등 거시 경제 지표 악화를 거론하며 정부의 정책을 강력히 비판했다. 장 대표는... 미국과 달러 스와프를 체결하는 등 보다 적극적인 대책을 마련해야 한다""고 주문했다. 주택담보대출 고정금리가 7...",https://www.newspim.com/news/view/20260407001063,6,,1
"항공협회 ""항공유 관세 면제·유류할증료 반영 단축"" 요청",환율도 함께 오르면서 정비비와 리스료 등 주요 비용을 달러로 결제하는 항공사들의 부담이 더욱 커지고 있습니다. 이에 협회는 항공유 가격이 중동전쟁 이전 수준으로 안정되기 전까지 국내선 항공유에 부과되는 관세와...,http://www.yonhapnewstv.co.kr/AKR202604071718087TU,4,,1
"삼성전자, 영업익 755% '역대급' 폭증 ...장중 '20만 전자' 터치","시장에서는 인공지능(AI) 데이터센터 확충 흐름에 따른 메모리 반도체 수요 증가, 제품 전반의 가격 상승세 지속, 고대역폭메모리(HBM) 판매 확대, 원·달러 환율 상승에 따른 이익 증가 등을 주요 배경으로 보고...",https://www.ppss.kr/news/articleView.html?idxno=291801,4,,1
"삼전 사상 최대 실적에도… 코스피, '중동 리스크'에 5490선 상승 마감",외환시장에서는 변동성 장세가 이어졌다. 서울 외환시장에서 원·달러 환율은 전일 대비 2.1원 내린 1504.2원에 마감했다. 장 초반 상승 출발 이후 하락 전환하는 등 방향성을 잡지 못하는 흐름이었다.,https://www.hidomin.com/news/articleView.html?idxno=700334,7,,1
['클릭' 증시] 45일 중동 휴전 협상..코스피 5500선 '눈치게임',"서울 외환시장에서 원·달러 환율은 3시30분 기준 전 거래일보다 2.1원 내린 1504.2원에 거래됐다. 한국거래소에 따르면 유가증권시장에서 외국인은 4091억원을 순매수했으나 기관과 개인은 각각 4141억원, 3428억원을...",http://www.00news.co.kr/news/articleView.html?idxno=103090,6,,1
‘거위 배 가르자’는 노조…파업 리스크에 삼성바이오로직스 주주가치...,특히 삼성바이오로직스는 결제 대금의 대부분이 달러로 이루어지는 수출 기업의 특성상 최근과 같은 환율 상승 기조가 수익성 개선에 직접적인 도움이 되는 구조다. 그럼에도 불구하고 주가가 하락세를 면치 못하고...,https://www.kukinews.com/article/view/kuk202604070197,5,,1
"재경부, 외환시장 점검‥""원화 변동성 과도하면 과감한 조치 추진""",참석자들은 2월 중 하향세를 보이던 원·달러 환율이 중동전쟁이라는 외부적 충격으로 불확실성이 높아지면서 변동성이 확대된 측면이 있다고 평가했습니다. 다만 최근 수출 호조에서 나타나는 우리 산업 경쟁력과...,https://imnews.imbc.com/news/2026/econo/article/6813339_36932.html,5,,1
"KB증권, 국내 반도체 TOP10·미국 S&P500 선물 ETN 총 3종 상장","두 상품 모두 환노출형 구조로, 원/달러 환율 변동에 따라 수익률이 영향을 받을 수 있으며, 만기는 10년, 제비용은 연 0.8% 수준이다. KB증권 김병구 패시브영업본부장은 “이번 상장을 통해 글로벌 핵심...",https://weekly.cnbnews.com/news/article.html?no=211299,4,,1
"달러 고공행진, 면세업계 울상… ""면세점이 소매점보다 더 비싸""",시사위크=제갈민 기자  최근 원·달러 환율이 치솟는 상황에 면세점의 메리트가 사라지고 있다. 면세업계가 면세점 기준 달러를 인상하고 나섬에 따라 위스키나 명품 주얼리 등 제품들은 면세점 판매가격이 오히려...,https://www.sisaweek.com/news/articleView.html?idxno=234729,4,,1
"'중동 협상에 긴장 속 관망'…원·달러 환율, 2.1원 내린 1504.2원",원·달러 환율은 7일 소폭 하락 마감했다. 미국과 이란의 협상 진행 상황을 관망하는 심리가 시장에 반영된 것으로 보인다. 이날 서울 외환시장에서 원·달러 환율은 전날보다 2.1원 내린 1504.2원으로 주간 거래를...,https://view.asiae.co.kr/article/2026040717123494796,4,,1
첫해부터 험로 직면한 김현정 SP삼화 대표,미국·이란 전쟁으로 사업 특성상 큰 영향을 받을 수밖에 없는 유가와 달러 환율이 급등한 것이다. 부친의 뒤를 이어 중책을 맡게 된 창업주 일가 3세 김현정 대표가 첫해부터 험난한 길을 마주하게 됐다. ◇ 대외 악재에...,https://www.sisaweek.com/news/articleView.html?idxno=234730,4,,1
"실적 호재 덮은 중동 전운… 코스피, 상승폭 줄이며 5,490선에서 '숨고르...","서울 외환시장에서 달러 대비 원화 환율은 전날보다 2.1원 내린 1,504.2원으로 마감했다. 유가증권시장에서 외국인이 4,090억원 순매수하며 지수를 방어했지만, 개인과 기관은 각각 3,427억원, 4,141억원 순매도해 지수...",https://www.fntoday.co.kr/news/articleView.html?idxno=381751,8,,1
"코스피, 중동 정세 불안에 상승폭 줄여 5490대 마감","이날 오후 3시 30분 기준 서울 외환시장에서 달러 대비 원화 환율은 전날보다 2.1원 내린 1504.2원을 나타냈다. 서상영 미래에셋증권 연구원은 ""이스라엘이 이란의 남파르스 가스전을 공격하면서 불안감을 높였다...",https://www.pointdaily.co.kr/news/articleView.html?idxno=300129,7,,1
시장 빠질때 더 강했다...삼성전자 영업이익 100조 시대 오나,여기에 원·달러 환율 상승 역시 실적 개선에 우호적으로 작용했다. 수출 비중이 높은 사업 구조상 환율 상승은 곧바로 이익 증가로 이어지는 구조이기 때문이다. 그동안 시장을 짓눌렀던 불확실성 요인들도 점차 완화되는...,https://www.pinpointnews.co.kr/news/articleView.html?idxno=443618,5,,1
"항공협회, 정부에 항공유 관세 면제·운수권 회수 유예 등 요청",환율도 함께 오르면서 정비비와 리스료 등 주요 비용을 달러로 결제하는 항공사들의 부담이 더욱 커지고 있다. 이에 협회는 항공유 가격이 중동전쟁 이전 수준으로 안정되기 전까지 국내선 항공유에 부과되는 관세와...,https://www.yna.co.kr/view/AKR20260407133900003?input=1195m,4,,1
"재경부 국제차관보 ""환시 예의주시…변동성 확대시 과감한 조치""",참석자들은 지난 2월 하락세를 보이던 달러-원 환율이 중동 전쟁이란 외부적 충격으로 국제금융시장의 불확실성이 높아지면서 변동성이 확대된 측면이 있다고 평가했다. 그러면서 최근 수출 호조에서 나타나는 산업...,https://news.einfomax.co.kr/news/articleView.html?idxno=4408176,5,,1
"삼성전자 분기 영업익 57조‥""한국 기업 새 역사""",원·달러 환율 상승에 따른 원화 환 이익 증가도 실적 확대에 기여했습니다. 업계에선 올해 삼성전자의 연간 영업이익이 기존 2백조 원 안팎에서 3백조 원 이상으로 높아질 것으로 보고 있습니다. MBC뉴스...,https://imnews.imbc.com/replay/2026/nw1700/article/6813329_36981.html,6,,1
"해외증시 강세·반도체 실적 개선에...코스피, 5490대 마감","한편 서울 외환시장에서 원·달러 환율은 전 거래일보다 2.1원 내린 1,504.2원으로 장을 마쳤다. 【 청년일보=신정아 기자 】 서울시 중구 하나은행 딜링룸. [사진=연합뉴스]",https://www.youthdaily.co.kr/news/article.html?no=216976,10,,1
"[중동발 3고 쇼크] ④한진그룹 중동사태에 '비상경영' 돌입, 조원태 대한...","대한항공의 2025년도 사업보고서에 따르면 원/달러 환율이 10원 상승하면 외화평가손실이 550억 원 발생하고, 현금유입은 160억 원 감소한다. 또 금리가 1% 상승하면 이자비용은 570억 원 증가한다. 여기에 유류할증료...",https://www.businesspost.co.kr/BP?command=article_view&num=435134,5,,1
"'삼전 효과' 급등했던 코스피, 중동 변수 발목",8% 올랐습니다. 미·이란 전쟁 이후 최고치입니다. 서울 외환시장에서 원달러환율은 전일 주간 종가 대비  2.1원 내린 1504.2원으로 마감했습니다. 서울 중구 하나은행 딜링룸 전광판에 지수가 표시돼 있다. (사진=뉴시스),http://www.newstomato.com/ReadNews.aspx?no=1297005&inflow=N,9,,1
삼성전자 ‘어닝 서프라이즈’에도 코스피 5490선 마무리 [마감시황],특히 영업이익의 경우 전년 동기 대비 755% 증가했다. 한편 서울 외환시장에서 원·달러 환율은 전일 대비 2.1원 내린 1504.2원에 주간 거래를 마감했다. 김태환 기자 kth@ekn.kr,https://www.ekn.kr/web/view.php?key=20260407025555028,6,,1
"""냉장 줄이고 경로 묶고""···유통업계는 이미 오일쇼크 '비용과의 전쟁...",환율 변동 영향을 줄이기 위해 결제 통화를 다변화하는 전략도 병행되고 있다. 일부 품목은 달러 대신 현지 통화로 거래하는 '환 헤지' 방식이 도입되고 있다. 배송 전략도 변화···빠름보다 '효율' 이커머스 업계는 배송...,https://www.womaneconomy.co.kr/news/articleView.html?idxno=252158,4,,1
"호르무즈의 먹구름, 한국 경제 '복합 위기' 시험대 [특별기고]",환율 역시 예외가 아니다. 지정학적 위기가 고조되면 자금은 안전자산으로 이동하여 달러는 강해지고 원화는 약해진다. 원화 약세는 수입 물가를 다시 끌어올려 물가 상승을 자극한다. 유가와 환율이 동시에 오르는 순간...,http://www.sisaon.co.kr/news/articleView.html?idxno=182172,5,,1
삼성전자 '최대 실적'에도...전쟁 불안에 코스피 보합 마감,"9% 상승했습니다. 코스닥은 개인과 기관이 순매도하면서 1.02% 내린 1,036.73에 거래를 마쳤습니다. 원·달러 환율은 오늘(7일) 오후 3시 반 기준 어제(6일) 같은 시간과 비교할 때 2.1원 내린 1,504.2원에서 거래됐습니다.",https://www.ytn.co.kr/_ln/0102_202604071647249484,9,,1
삼성전자 ‘57조 깜짝 실적’에도 코스피 주춤…트럼프 변수에 랠리 꺾...,코스닥지수는 전장보다 10.64포인트(1.02%) 내린 1036.73에 거래를 마쳤다. 이날 서울 외환시장에서 원·달러 환율은 오후 3시30분 기준 전 거래일보다 2.1원 내린 1504.2원을 기록했다.,https://www.ddaily.co.kr/page/view/2026040716402999218,9,,1
"'슈퍼 서프라이즈' 삼성전자, 코스피 시총 비중, 6년만 최고치로","인공지능(AI) 데이터센터 확충 흐름에 따른 메모리 반도체 수요 증가, 제품 전반의 가격 성장세 지속, 고대역폭메모리(HBM) 판매 확대, 원·달러 환율 상승에 따른 이익 증가 등 호실적을 예고하는 각종 동향이 주된...",https://www.yna.co.kr/view/AKR20260407129600008?input=1195m,7,,1
"코스피, 5,490대 상승 마감...환율은 소폭 하락","코스닥지수는 전장보다 10.64포인트 내린 1,036.73에 거래를 종료했습니다. 서울 외환시장에서 미국 달러화 대비 원화 환율은 전날보다 2원10전 내린 1,504원 20전에 마무리되며 소폭 하락했습니다. BBS 보도국",https://news.bbsi.co.kr/news/articleView.html?idxno=4076913,9,,1
"코스피, 중동 최후통첩 앞두고 '롤러코스터'…5490대 턱걸이 마감",이날 오후 3시 30분 기준 서울 외환시장에서 달러 대비 원화 환율은 전날보다 2.1원 내린 1504.2원을 나타냈다. 유가증권시장에서 외국인이 4090억원 순매수하며 지수를 끌어 올렸다. 반면 개인과 기관은 각각 3427억원...,https://www.jnilbo.com/news/articleView.html?idxno=90000029412,7,,1
[아주사설 | 기본·원칙·상식] 환율을 둘러싼 과잉 공포를 경계한다,isooeye@ajunews.com 원·달러 환율이 1500원대에 진입하면서 시장의 불안 심리가 빠르게 확산되고 있다. 외환위기 이후 보기 드문 수준이라는 점에서 위기론이 고개를 드는 것도 무리는 아니다. 그러나 지금의 환율 상승을 곧바로...,https://www.ajunews.com/view/20260407162656053,4,,1
"[증시 인사이트] 국내증시, 상승 출발 후 혼조 마감…코스피↑ 코스닥↓","공격으로 달러 패권 흔들"" - 트럼프 ""韓 우리 안 도왔다""…중동 전쟁에 동맹 압박 - 트럼프, 동맹국 역할... 가격·환율 상승 영향에 실적 개선 기대 Q. 최근 2차전지주 흐름이 좋았고, 오늘 LG에너지솔루션은 1분기...",https://biz.sbs.co.kr/article_hub/20000302634?division=NAVER,9,,1
이란전쟁에 항공·여행주 ‘직격탄’…실적 추정치 줄하향,원·달러 환율 1500원 돌파에 따른 비용 폭탄과 여행 수요 위축 우려가 맞물리며 실적 눈높이가 줄하향되고 있다. 7일 금융정보업체 에프앤가이드에 따르면 이란 사태 이후 국내 상장사(증권사 3곳 이상 추정치 제시...,https://view.asiae.co.kr/article/2026040615450278333,5,,1
"코스피 소폭 상승해 5,494로 장 마쳐‥환율 1,504.2원","상승폭을 줄여 한때 하락 전환하며 등락을 거듭했습니다. 달러 대비 원화 환율은 소폭 하락했는데 어제보다 2.1원 내린 1,504.2원으로 주간 거래를 마쳤습니다. 코스닥 지수는 1.02% 내린 1,036.73에 장을 마감했습니다.",https://imnews.imbc.com/news/2026/econo/article/6813318_36932.html,9,,1
"'트럼프 최후통첩 D-1' 코스피, 외국인 4천90억원 순매수…개인·기관 '...","오후 3시 30분 기준 서울 외환시장에서 달러 대비 원화 환율은 전날보다 2.1원 내린 1,504.2원을 나타냈다. 유가증권시장에서 외국인이 4천90억원 순매수했다. 개인과 기관은 각각 3천427억원, 4천141억원 매도 우위를...",https://www.slist.kr/news/articleView.html?idxno=729902,7,,1
시내 축소하고 공항으로…현대면세점 묘수 통할까,원·달러 환율은 지난달 19일 종가 기준 1500원을 돌파했다. 2009년 3월 이후 17년 만이다. 7일 종가 기준으로는 1504.5원이다. 미국·이스라엘과 이란 간 전쟁이 장기화로 유가 상승 여파까지 겹치며 여행 수요 둔화 가능성도...,https://zdnet.co.kr/view/?no=20260407160728,0,,0
"중동 정세, 원/달러 환율에 미치는 영향… 금융시장 간담회 주요 논의는...",이들은 원/달러 환율의 변동 요인을 논의하며 이번 중동 사태로 인한 외부 충격이 환율 변동성에 상당한 영향을 미쳤다는 데 의견을 함께 했다. 현재 수출 증가에 힘입어 한국의 산업 경쟁력이 강화되었고 대외 경제...,https://www.gokorea.kr/news/articleView.html?idxno=862846,5,,1
코스피 5494.78-코스닥 1036.73-환율 1504.3원,외환시장에서는 원/달러 환율이 1504.3원으로 전일 대비 5.5원 하락하며 원화가 이틀 연속 강세를 나타냈다. 국제유가(WTI)는 배럴당 115달러로 3거래일 연속 상승세를 이어갔다. 해외 증시는 대체로 상승 흐름을...,https://www.thereport.co.kr/news/articleView.html?idxno=86360,9,,1
"""36만 전자 간다""…삼성전자 역대급 실적에 장중 '20만 전자'","마이크론의 목표주가(현 주가 378달러)를 600달러로 제시하는 등 메모리 업황에 대한 기대감도 확대되고 있다. 원·달러 환율은 전 거래일보다 2.1원 내린 1,504.2원에 거래를 마치며 9거래일 연속 1,500원을 웃돌았다.",https://www.hankookilbo.com/news/article/A2026040714260000683?did=NA,6,,1
"코스피, 삼성전자 호실적에도 중동전쟁 '최후통첩' D-1 긴장에 5,490대 마...","순매수 했고 기관과 개인이 각각 1252억원, 320억원 순매도 했다. 원ㆍ달러 환율은 전 거래일(1506.3원)보다 2.1원 내린 1504.2원에 주간 거래를 마감했다. #코스피 #코스닥 #환율 #삼성전자 1분기 실적 발표 #중동전쟁",http://www.techholic.co.kr/news/articleView.html?idxno=220697,9,,1
미·이란 협상 앞둔 긴장…환율 영향 속 서울 외환시장 미세 하락,"한편, 오후 3시30분 기준 원/엔 재정환율은 100엔당 941.51엔원으로 전일의 944.06원에 비해 2.55엔 하락했다. 엔/달러 환율은 전일보다 0.068엔 상승한 159.730엔을 보였다.",https://www.gokorea.kr/news/articleView.html?idxno=862845,4,,1
"""장동혁, 국정 기조 변화 요구…민생 최우선 과제 강조""","환율 상승에 대해서는 통화량의 기록적인 증가와 외화보유액의 감소를 언급하며, 통화량 관리를 위한 신중한 접근이 필요하다는 견해를 밝혔다. 그는 미국과의 달러 스와프 체결과 같은 적극적인 대책 마련을 촉구했다....",https://www.gokorea.kr/news/articleView.html?idxno=862837,-1,,0
4월 충청권 아파트 분양 전망 '먹구름'… 중동 전쟁 여파,"전쟁 이후 국제 유가와 원자재 가격이 급등하고, 원·달러 환율이 1500원을 웃도는 등 금융시장 불안이 확대된 데 따른 것이다. 여기에 주택담보대출 금리 상단이 7%를 돌파하는 등 금리 부담이 커진 점도 분양 시장을...",https://www.joongdo.co.kr/web/view.php?key=20260407010002063,7,,1
삼성전자 깜짝실적에도 유가에 발목잡힌 코스피,"프로이천(+18.37%), 네패스(+14.32%), 아이에이(+2.27%) 등 시스템반도체 및 뉴로모픽 관련주 전반이 급등했다. 한편 서울 외환시장에서 원·달러 환율은 전 거래일보다 2.1원 내린 1504.2원에 거래를 마감했다.",https://www.ntoday.co.kr/news/articleView.html?idxno=126392,7,,1
반토막 난 충북 … 충청권 분양 시장 '먹구름',"지수 급락의 주된 원인으로는 지난 2월 말 발발한 미·이란 전쟁의 장기화로 국제 유가와 원자재 가격 급등과 원달러 환율 1500원 상회, 주택담보대출 금리 상단이 7%를 돌파하는 등 금융시장 불안이 커지면서...",https://www.ggilbo.com/news/articleView.html?idxno=1151385,7,,1
"코스피, 소폭 상승 5490선 마감... 코스닥은 하락","97%), 두산에너빌리티(-0.84%), 기아(-0.53%)는 하락 마감했다. 한편 코스닥은 10.64포인트(1.02%) 내린 1036.73에 마감했다. 서울 외환시장에서 원·달러 환율은 1504.10원으로 전일 대비 4.40원(0.29%) 내렸다.",https://www.digitaltoday.co.kr/news/articleView.html?idxno=654414,8,,1
내일 정규장 개장시각=중동 협상 시한…증시 변동성 예고,"40% 내린 1032.70에 장을 마쳤다.코스닥에서는 외국인이 1174억원 순매수한 반면 기관은 938억원, 개인은 9억원을 각각 순매도했다. 원/달러 환율은 2.1원 내린 1504.2원에 장을 마쳤다.",https://www.mt.co.kr/stock/2026/04/08/2026040716160456741,6,,1
‘항공 직송’ 연어·망고 가격 급등…유통업계도 중동전쟁 불똥,이와 함께 환율 리스크를 줄이기 위한 수입 식품 결제 방식도 전환하고 있다. 또 다른 대형마트는 지난해 말부터 협력업체와 협의를 통해 기존 달러 결제 대신 노르웨이 현지 통화인 크로네로 결제를 진행하고 있다. 이런...,https://www.hani.co.kr/arti/economy/consumer/1253057.html,4,,1
[오늘 A주] 최후통첩 하루 앞두고 소폭 상승...이익 폭증에 화학 섹터 강...,"한편 이날 중국 인민은행 산하 외환 거래소는 달러당 위안화 기준 환율을 6.8854위안으로 고시했다. 이는 직전 거래일(6.8929위안) 대비 0.0075위안을 내린 것으로, 위안화 가치로는 0.11% 상승한 것이다.",https://www.newspim.com/news/view/20260407001027,7,,1
"중동 여파로 외환 변동성 확대…재경부 ""과도시 단호 대응""","정부세종청사 재정경제부 전경[사진=뉴스핌DB] 참석자들은 최근 원·달러 환율이 중동 전쟁이라는 외부 충격으로 변동성이 확대됐다고 평가했다. 다만 수출 호조로 나타나는 산업 경쟁력과 양호한 대외건전성, 외화유동성...",https://www.newspim.com/news/view/20260407000933,9,,1
"중동 불확실성에 빛바랜 삼전 호실적 … 코스피 5500선 못지켜, 코스닥...",서울 외환시장에서 원·달러 환율은 전 거래일보다 2.1원 내린 1504.2원에 주간거래를 마감했다. 이날 상승폭을 대부분 줄인 것은 트럼프가 정한 마감 시한(한국 시각 8일 오전 9시)이 다가오며 확전에 대한 불안...,https://biz.newdaily.co.kr/site/data/html/2026/04/07/2026040700300.html,9,,1
"(마감시황) 코스피, 장중 변동성 뚫고 5,500선 ‘바짝’...외국인 홀로 ...","84%), MH에탄올(9.77%), 엘앤에프(8.44%) 등은 52주 신고가를 기록했다. 한편 서울 외환시장에서 원·달러 환율은 주간 거래 종가인 오후 3시 30분을 기준으로 전 거래일보다 2.1원 내린 1,504.2원을 기록했다.",https://www.news2day.co.kr/article/20260407500234,6,,1
"중동 리스크에 희석된 삼성전자 호실적...코스피, 5500선 터치 후 강보합...",2500억원 규모의 블록딜(시간 외 대량매매) 계획 철회 및 관련 문건을 공개했으나 시장의 의구심을 완전히 해소하지 못한 것으로 풀이된다. 이날 원/달러 환율은 전일 대비 2.1원 내린 1504.2원으로 거래를 마감했다.,http://www.seoulwire.com/news/articleView.html?idxno=715665,7,,1
"장동혁 ""현금 살포식 추경 안 돼""…이재명에 국정기조 전환 촉구","최근 환율 상승에 대해서는 ""시중 통화량이 M2(광의통화) 기준 4천565조원을 돌파해 사상 최대치를 기록하고, 외화보유액은 계속 감소했다""며 ""통화량은 늘고 달러가 줄면 당연히 환율이 오르고 원화 가치가 떨어진다""고...",https://www.kyongbuk.co.kr/news/articleView.html?idxno=4069317,0,,0
"중동 협상 촉각, 코스피 '또 상승'...반도체주·효성·GS건설 '활짝'",원-달러 환율이 소폭 하락한 가운데 외국인들은 4000억원어치를 사들이며 지수 오름세를 이끌었다. 다만 시장의 무게중심이 반도체 등 시총 상위 대형주로 쏠리면서 하락종목이 상승종목의 2배를 넘었다....,http://www.choicenews.co.kr/news/articleView.html?idxno=163458,6,,1
삼성전자 호실적 터지자 코스피 들썩…6000 회복 변수는,"정 애널리스트는 ""원·달러 환율이 1320원대에서 1530원까지 15.9% 치솟았고, 유가도 36% 급등해 비용 부담과 물가 압박이 커졌다""며 ""한국 시장의 해외 에너지 의존도가 여전히 높다는 점이 확인된 상황""이라고 말했다. 다만...",https://www.etoday.co.kr/news/view/2573574,7,,1
"'트럼프 최후통첩 시한 임박' 코스피, 상승폭 줄여 5,490대 마감(종합)","이날 오후 3시 30분 기준 서울 외환시장에서 달러 대비 원화 환율은 전날보다 2.1원 내린 1,504.2원을 나타냈다. 유가증권시장에서 외국인이 4천90억원 순매수하며 지수를 끌어 올렸다. 반면 개인과 기관은 각각...",https://www.yna.co.kr/view/AKR20260407124600008?input=1195m,7,,1
"코스피, 0.8% 올라 5,490대 마감…코스닥은 1% 하락","64포인트(1.02%) 내린 1,036.73에 거래를 마쳤습니다. 서울 외환시장에서 장중 1,510원을 돌파했던 원·달러 환율은 어제 주간 거래 종가보다 2.1원 내린 1,504.2원으로 장을 마감했습니다. [사진 출처 : 연합뉴스]",https://news.kbs.co.kr/news/pc/view/view.do?ncd=8529115&ref=A,8,,1
"[사설] 7개월만에 만난 여야정, 비상시국 타개 협치 계기되길","또 환율 상승에 대해 미국과 달러 스와프 체결과 부동산 문제에 대해선 규제를 풀고 재개발·재건축 등 공급을 확대해야 한다고 강조했다. 장 대표는 특히 ""경제 챙기고 민생 살피기에도 시간이 부족한데, 조작 기소...",https://www.asiatime.co.kr/article/20260407500374,4,,1
"""원화 변동성 과도하면 단호하게 대응"" ...재경부, 외환시장 간담회",참석자들은 올해 2월중 하향세를 보이던 원/달러 환율이 중동전쟁이라는 외부적 충격으로 국제금융시장의 불확실성이 높아지면서 변동성이 확대된 측면이 있다고 평가했다. 하지만 최근 수출 호조에서 나타나는 우리...,http://www.efnews.co.kr/news/articleView.html?idxno=128876,6,,1
삼전 환호 잠재운 '중동 불안'…코스피 강보합 5500 문턱 마감[시황종합...,"이날 서울외환시장에서 달러·원 환율은 전일 주간거래 종가 대비 2.1원 하락한 1504.2원으로 마감했다. 서 연구원은 ""다만 실적이 예상을 크게 상회해 밸류에이션도 긍정적인 점을 감안한 반발 매수도...",https://www.news1.kr/finance/general-stock/6128422,7,,1
"외환시장, 美-이란 협상 상황에 촉각…환율 2.1원 내린 1504.2원",원/달러 환율은 7일 미국과 이란의 협상 상황을 주시하며 소폭 하락 마감했다. 사진= KB국민은행 이날 서울 외환시장에서 미국 달러화 대비 원화 환율의 주간거래 종가(오후 3시30분 기준)는 전날보다 2.1원 내린 1...,https://www.slist.kr/news/articleView.html?idxno=729894,8,,1
"KB증권, 반도체 TOP10·S&P500 선물 ETN 3종 상장","두 상품 모두 환노출형 구조로 원·달러 환율 변동에 따라 수익률이 영향을 받을 수 있다. 만기는 각각 10년, 제비용은 연 0.8%다. 김병구 KB증권 패시브영업본부장은 ""이번 상장을 통해 반도체와 S&P500을...",https://www.newspim.com/news/view/20260407001021,4,,1
"정부 ""원화의 변동성 과도하게 확대되면 단호하게 대응""",참석자들은 2월 중 하향세를 보이던 원·달러 환율이 이란전쟁이라는 외부적 충격으로 국제금융시장의 불확실성이 높아지면서 변동성이 확대된 측면이 있다고 평가했습니다. 하지만 최근 수출 호조에서 나타나는 우리...,https://www.ytn.co.kr/_ln/0102_202604071617414144,6,,1
삼전 효과에 코스피 5500선 근접…외인 매도에 환율 8거래일 연속 1500선,"한편,  서학개미의 순매수세가 주춤한데도 원·달러 환율이 8거래일 연속 1500원대에서 움직이는 상황이 관심을 모은다. 7일 시장에선 매수 흐름을 보이긴 했지만 그간 누적돼 온 외국인 투자자의 국내 주식 매도세...",https://www.financialpost.co.kr/news/articleView.html?idxno=254616,7,,1
"환율, 중동 협상 긴장 속 관망…1504원대 하락","7일 서울 외환시장에서 원·달러 환율은 전날보다 2.1원 내린 1504.2원에 주간거래를 마쳤다. 이날 환율은 2.4원 오른 1508.7원에 출발한 뒤, 장중 한때 1512.6원까지 상승했으나 오후 들어 상승폭을 반납하며 하락...",https://www.ziksir.com/news/articleView.html?idxno=130026,4,,1
"코스피, 삼성전자 실적 효과 ‘반짝’…트럼프 경계에 5490선 마감",이날 서울 외환시장에서 원·달러 환율은 전 거래일보다 2.1원 내린 1504.2원에 주간 거래를 마쳤다. 환율은 2.4원 오른 1508.7원에 출발해 오전 한때 1512.6원까지 올랐지만 오후 들어 하락세로 돌아섰다. 미국과 이란의...,https://www.etoday.co.kr/news/view/2573577,7,,1
삼성 어닝서프라이즈에 찬물?…코스피 5490선 마감,"웃돌며 출발했지만 지정학적 불확실성이 부각되면서 상승폭을 반납하는 모습을 보였다""고 설명했다. 한편, 이날 서울 외환시장에서 원·달러 환율은 전 거래일 대비 2.1원 내린 1504.2원에 주간 거래를 마감했다.",https://www.mediapen.com/news/view/1091842,6,,1
美 데드라인 앞두고 관망세…환율 2.1원 내린 1504.2원(종합),오전 한때 1510선까지 올랐던 달러·원 환율이 상승 폭을 줄인 뒤 하락 전환했다. 7일 서울외환시장에 따르면 오후 3시 30분 달러·원 환율은 2.1원 내린 1504.2원에 주간 거래를 마쳤다. 달러·원 환율은 이날 전장 대비 2....,https://www.news1.kr/finance/general-stock/6128397,4,,1
"코스피, 삼성전자 '깜짝 실적'에도 상승폭 축소…5500선 턱밑 마감","55%, 3.98%씩 올랐다. 이밖에 코오롱티슈진(0.10%), HLB(2.15%), 펩트론(2.21%) 등도 상승 마감했다. 이날 서울 외환시장에서 원·달러 환율은 전일 주간 거래 종가 대비 2.1원 내린 1504.2원에 마감했다. [뉴스웍스=]",https://www.newsworks.co.kr/news/articleView.html?idxno=836942,7,,1
"코스피, 삼성전자 호실적 힘입어 5490선 상승","코스닥 지수는 10.64포인트(1.02%) 내린 1036.73에 거래를 마쳤다. 한편, 이날 서울 외환시장에서 원·달러 환율은 전거래일보다 2.1원 하락한 1504.2원에 장을 마감했다.",https://www.mydaily.co.kr/page/view/2026040716101344106,9,,1
"메모리값 급등·고환율 이중고…삼성 모바일, 원가 부담에 시름",삼성전자 모바일경험(MX)사업부가 D램·낸드플래시 등 메모리반도체 가격 상승세와 원·달러 환율 급등 이중고에 시달리면서 수익성 방어에 비상이 걸렸다. 7일 업계에 따르면 삼성전자 MX·네트워크(NW)...,http://www.fnnews.com/news/202604071527009645,4,,1
금리·스와프 개선에도 외인 채권자금 '속도조절'…환율·글로벌 금리 부...,원·달러 환율은 1500원대에 변동성이 확대된 상태다. 환율 수준 자체보다는 향후 방향성에 대한 불확실성이 커지면서 환차손 리스크 부담이 높아졌다는 평가다. 실제로 외국인은 지난달 유가증권시장에서 40조원...,https://www.ajunews.com/view/20260407155258985,7,,1
[더밸류 브리핑] 오늘의 소식…KB증권·KB자산운용,"두 상품은 모두 환노출형 구조로 원·달러 환율 변동에 따라 수익률이 영향을 받을 수 있다. 만기는 각각 10년, 제비용은 연 0.8% 수준이다. 김병구 KB증권 패시브영업본부장은 “이번 상장을 통해 글로벌 핵심...",http://www.thevaluenews.co.kr/news/view.php?idx=197934,4,,1
"코스피, 장중 등락 거듭...0.8% 상승한 5,490대 마감","10%), HLB(2.15%), 펩트론(-2.21%)은 상승했다. 알테오젠(-2.21%), 삼천당제약(-16.02%), 에이비엘바이오(-0.39%) 등은 하락했다. 서울 외환시장에서 원·달러 환율은 전 거래일 대비 2.1원 내린 1504.2원으로 거래를 마쳤다.",https://www.cstimes.com/news/articleView.html?idxno=701153,6,,1
"코스피, 삼성전자 호실적에도 지정학적 리스크에 '5490선 턱걸이'…코스...","75%), 복합유틸리티(-3.61%), 방송과엔터테인먼트(-3.43%)가 위치했다. 한편 이날 오후 3시30분 종가 기준 서울 외환시장에서 원·달러 환율은 전 거래일보다 2.1원 내린 1504.2원에 마감했다.",http://www.newsprime.co.kr/news/article.html?no=729521,1,,0
"코스피, 0.82% 오른 5494.78 마감…코스닥 1.02%↓","39%) 등이 하락했다. 에코프로비엠, 에코프로, 레인보우로보틱스 등은 1% 내외 상승세를 보였다. 서울외환시장에서 원·달러 환율은 전일 대비 2.30원(0.15%) 하락한 1504.00원에 주간 거래를 마쳤다.",http://www.seouleconews.com/news/articleView.html?idxno=90496,8,,1
코스닥 1.02% 하락 1036.73 마감,"거래를 마감한 가운데, 서울 중구 하나은행 을지로본점 딜링룸에서 직원들이 업무를 보고 있다. 서울외환시장에서 원·달러 환율은 전장 대비 2.30원 하락한 1504.00원에 주간거래를 마감했다. 2026.04.07",https://www.newspim.com/news/view/20260407000997,9,,1
"환율, 미·이란 협상 주시하며 1504.2원 마감",원/달러 환율은 7일 미국과 이란의 협상 상황을 주시하며 소폭 하락 마감했다. 이날 서울 외환시장에서 미국 달러화 대비 원화 환율의 주간거래 종가(오후 3시30분 기준)는 전날보다 2.1원 내린 1504.2원으로...,https://www.jnilbo.com/news/articleView.html?idxno=90000029402,5,,1
"[마감시황] 코스피, 중동 분쟁 합의 임박에 강보합","서울 외환시장에서 원·달러 환율은 전 거래일보다 2.1원 하락한 1504.2원에 주간 거래를 종료했다. 신한투자증권 관계자는 ""코스피는 삼성전자의 어닝 서프라이즈 영향에도 중동 사태 관련 경계감이 지속됐다""며...",https://www.shinailbo.co.kr/news/articleView.html?idxno=5008952,6,,1
"코스피, 삼성전자 효과에 5,500선 근접…상승폭은 일부 반납","서울 외환시장에서 원·달러 환율은 전 거래일 대비 2.1원 내린 1,504.2원으로 거래를 마쳤습니다. 지금까지 경제금융부에서 전해드렸습니다. [영상취재 이승욱] [영상편집 김소희] #코스피 #코스닥 #삼성전자 #반도체...",http://www.yonhapnewstv.co.kr/MYH20260407160444yT2,9,,1
"코스피, 삼성전자 '어닝 서프라이즈'에 버텼다…5494.78 마감","55%) △리노공업(3.98%) △코오롱티슈진(0.10%) △HLB(2.15%) △펩트론(2.21%) 등은 올랐다. 한편, 서울 외환시장에서 원·달러 환율은 오후 3시 30분 종가 기준 전장 대비 2.1원 내린 달러당 1504.2원에 마감했다.",https://news.tf.co.kr/read/economy/2310579.htm,6,,1
외국인 매수세에 코스피 상승 마감… 삼성전자·SK하이닉스 주도,"15%), 펩트론(2.21%) 등이 상승했다. 알테오젠(-2.21%), 삼천당제약(-16.02%), 에이비엘바이오(-0.39%) 등은 내렸다. 서울 외환시장에서 원·달러 환율은 전 거래일보다 2.1원 내린 1504.2원에 주간 거래를 마감했다.",https://www.newsclaim.co.kr/news/articleView.html?idxno=3060065,6,,1
"[도쿄환시] 달러-엔, 소폭 올라 당국 개입선 160엔 근접","바짝 다가서자 상단이 막히며 보합 수준으로 일부 되돌아갔다. 한편, 유로-엔 환율은 전장보다 0.04% 높아진 184.29엔, 유로-달러 환율은 0.04% 낮아진 1.15370달러를 가리켰다. 달러인덱스는 0.05% 상승한 100.037에 거래됐다.",https://news.einfomax.co.kr/news/articleView.html?idxno=4408167,4,,1
[이란 전쟁] 트럼프 최후통첩 하루 앞둬 환율 혼조세...1504.2원 마감,7일 서울외환시장에서 원·달러 환율은 이날 주간장에서 1504.2원으로 장을 마감했다. 이는 전날 주간장 종가보다 2.1원 내린 값이다. 환율은 2.4원 오른 1508.7원을 출발한 뒤 한때 1510원 초반대까지 상승하다 재차 하락세로...,https://www.g-enews.com/view.php?ud=202604071552575976bb91c46fcd_1,4,,1
[RIA 계좌 똘똘한 활용법] “달러 팔고 국장으로”…환율 잡고 韓증시 활...,특히 RIA는 치솟은 원∙달러 환율 안정에 감초 노릇을 톡톡히 해낼 걸로 주목 받고 있다. ◆환율 소방수…RIA 등 외환안정 3종 세트 7일 재정당국 등에 따르면 RIA는 국내 자본시장 활성화와 환율 안정 등을 목적으로...,http://www.segyebiz.com/newsView/20260407513549?OutUrl=naver,4,,1
코스피 5490선 마감…삼성전자 '깜짝 실적'에도 중동 리스크에 상승폭 ...,원·달러 환율은 2.1원 내린 1504.2원에 장을 마쳤다. 이날 시장은 삼성전자의 실적 발표에 주목했다. 삼성전자는 1분기 영업이익이 전년 동기 대비 755% 증가한 57조 2000억원을 기록했다고 밝혔다. 매출 역시 133조원으로...,http://www.newsian.co.kr/news/articleView.html?idxno=88246,7,,1
"코스피, 다시 5400선 상승... 코스닥은 하락","7일 서울 중구 하나은행 본점 딜링룸 전광판에 원/달러 환율, 코스피, 코스닥 지수가 표시돼 있다/사진=연합뉴스 7일 코스피는 전장보다 44.45포인트(0.82%)오른 5494.78로, 코스닥은 10.64포인트(1.02%) 내린 1036....",http://www.issuenbiz.com/news/articleView.html?idxno=75280,11,,1
"코스피, 美·이란 협상 불발 우려에 오름폭 반납…5500선 아래로",98%) 리가켐바이오(2.47%) 펩트론(2.21%) HLB(2.15%) 에코프로(1.26%) 에코프로비엠(0.8%) 레인보우로보틱스(0.55%) 등은 올랐다. 서울 외환시장에서 원·달러 환율은 전장 대비 2.1원 내린 1504.2원으로 마감했다.,https://www.hankyung.com/article/2026040747936,6,,1
"코스피, 외국인 5000억 규모 대량 매수에 5490선 안착[마감시황]","21%)은 상승했다. 이어 알테오젠(-2.21%), 삼천당제약(-16.02%), 에이비엘바이오(-0.39%) 등은 하락했다. 이날 서울외환시장에서 원·달러 환율은 전 거래일(1506.3원) 대비 2.1원 내린 1504.2원에 거래를 마쳤다.",https://www.newsway.co.kr/news/view?ud=2026040715484447809,6,,1
"재경부 ""원화 변동성 과도하게 확대될 경우 단호히 대응""",간담회에서 시장 전문가들은 올해  2월 중 하향세를 보이던 원·달러 환율이 중동전쟁이라는 외부적 충격으로 국제금융시장의 불확실성이 높아지면서 변동성이 확대됐다고 평가했다. 다만 최근 수출 호조에서 나타나는...,https://biz.newdaily.co.kr/site/data/html/2026/04/07/2026040700298.html,6,,1
코스피 상승 마감,"7일 서울 중구 하나은행 본점 딜링룸 전광판에 원/달러 환율, 코스피, 코스닥 지수가 표시돼 있다. 이날 코스피는 전장보다 44.45포인트(0.82%)오른 5494.78로, 코스닥은 10.64포인트(1.02%) 내린 1036.73으로...",https://www.yna.co.kr/view/PYH20260407148000013?input=1196m,11,,1
상승세 보인 코스피,"7일 서울 중구 하나은행 본점 딜링룸 전광판에 원/달러 환율, 코스피, 코스닥 지수가 표시돼 있다. 이날 코스피는 전장보다 44.45포인트(0.82%)오른 5494.78로, 코스닥은 10.64포인트(1.02%) 내린 1036.73으로...",https://www.yna.co.kr/view/PYH20260407147900013?input=1196m,11,,1
"[포토코스피, 상승폭 줄이며 5490선 마감",서울외환시장에서 원·달러 환율은 전일 대비 2.10원(0.14%) 하락한 달러당 1504.20원에 거래되고 있다. 코스피가 외국인의 순매수세에 힘입어 상승 마감한 7일 서울 중구 하나은행 본점 딜링룸에서 딜러들이...,http://www.edaily.co.kr/news/newspath.asp?newsid=04408326645413824,9,,1
"이란 전쟁 속 변동성 장세…원·달러, 1500원대서 마감(종합)",미국이 제시한 최후 통첩 시한을 앞두고 종전 협상이 가시적인 성과를 내지 못하며 원·달러 환율이 변동성 장세에 갇혔다. 7일 서울 외환시장에 따르면 이날 원·달러 환율은 2.1원 내린 1504.2원으로 장을 마무리했다....,https://www.newsis.com/view/NISX20260407_0003581444,4,,1
증시 마감 시황은?,코스닥 지수는 전 거래일(1047.37)보다 10.64포인트(1.02%) 하락한 1036.73에 거래를 마쳤다. 원·달러 환율은 전 거래일(1506.3원)보다 2.1원 내린 1504.2원에 주간 거래를 마감했다. 2026.04.07. hwang@newsis.com,https://www.newsis.com/view/NISI20260407_0021238640,6,,1
환율 소폭 하락 마감,서울 외환시장에서 원·달러 환율이 전 거래일(1506.3원)보다 2.1원 내린 1504.2원에 주간 거래를 마감한 7일 서울 중구 하나은행 딜링룸 전광판에 거래가가 표시돼 있다. 2026.04.07. hwang@newsis.com,https://www.newsis.com/view/NISI20260407_0021238634,7,,1
'트럼프 최후통첩 시한' 앞두고 혼조…코스피 상승·코스닥 하락,"64포인트(1.02%) 내린 1036.73으로 마감했다. 원·달러 환율은 2.1원 내린 1504.2원에 거래를 마쳤다. 환율은 2.4원 오른 1508.7원으로 출발한 뒤 1512.6원까지 상승했으나, 오후 들어 하락세로 돌아섰다.",https://www.daejonilbo.com/news/articleView.html?idxno=2267650,8,,1
"코스피 상승, 환율·코스닥 하락 마감",코스닥 지수는 전 거래일(1047.37)보다 10.64포인트(1.02%) 하락한 1036.73에 거래를 마쳤다. 원·달러 환율은 전 거래일(1506.3원)보다 2.1원 내린 1504.2원에 주간 거래를 마감했다. 2026.04.07. hwang@newsis.com,https://www.newsis.com/view/NISI20260407_0021238639,8,,1
오늘 증시 마감 시황은,코스닥 지수는 전 거래일(1047.37)보다 10.64포인트(1.02%) 하락한 1036.73에 거래를 마쳤다. 원·달러 환율은 전 거래일(1506.3원)보다 2.1원 내린 1504.2원에 주간 거래를 마감했다. 2026.04.07. hwang@newsis.com,https://www.newsis.com/view/NISI20260407_0021238636,6,,1
"전 세계 유일 수기? '공매도 석기시대'에 ""개미지옥 국장"" 폭발 [뉴스톡...","오늘도 양 주식시장은 희비가 갈렸다. 코스피 지수는 44.45p(0.82%) 오른 5494.78을 기록했고, 코스닥은 10.64p(1.02%) 빠진 1036.73으로 장을 마감했다. 서울외환시장에서 원/달러 환율은 2.1원 내린 1504.2원에 거래를 마쳤다.",http://www.newswell.co.kr/news/articleView.html?idxno=17568,12,,1
"중동 리스크 속 삼전 '어닝 서프'…코스피, 0.8% 상승[마감]","45(0.82%)포인트 상승한 5,494.78을 코스닥은 전 거래일 대비 10.64(1.02%)포인트 하락한 1,036.73을 기록했다. 서울외환시장에서 원달러 환율은 전일 대비 2.10원(0.14%) 하락한 달러당 1504.20원에 거래되고 있다. (사진=)",http://www.edaily.co.kr/news/newspath.asp?newsid=04391926645413824,8,,1
삼성전자 '쇼크급' 호실적에 코스피 5490선 안착... 외국인 '사자' 전환,서울외환시장에서 달러·원 환율은 전일 종가 대비 2.1원 내린 1504.2원에 마감했다. 이날 시장의 주인공은 단연 삼성전자였다. 삼성전자는 1분기 잠정 영업이익이 전년 동기 대비 755% 증가한 57조 2000억 원을 기록했다고...,https://www.m-i.kr/news/articleView.html?idxno=1362348,7,,1
삼성전자 호실적 속 상승 마감한 코스피,"82%) 오른 5494.78, 코스닥 지수는 전 거래일(1047.37)보다 10.64포인트(1.02%) 하락한 1036.73에 거래를 마쳤다. 원·달러 환율은 전 거래일(1506.3원)보다 2.1원 내린 1504.2원에 주간 거래를 마감했다. 2026.4.7/뉴스1",https://www.news1.kr/photos/7842519,9,,1
5490선 상승 마감한 코스피,"82%) 오른 5494.78, 코스닥 지수는 전 거래일(1047.37)보다 10.64포인트(1.02%) 하락한 1036.73에 거래를 마쳤다. 원·달러 환율은 전 거래일(1506.3원)보다 2.1원 내린 1504.2원에 주간 거래를 마감했다. 2026.4.7/뉴스1",https://www.news1.kr/photos/7842506,8,,1
2.1원 내린 원·달러환율,"82%) 오른 5494.78, 코스닥 지수는 전 거래일(1047.37)보다 10.64포인트(1.02%) 하락한 1036.73에 거래를 마쳤다. 원·달러 환율은 전 거래일(1506.3원)보다 2.1원 내린 1504.2원에 주간 거래를 마감했다. 2026.4.7/뉴스1",https://www.news1.kr/photos/7842504,6,,1
"재경부, 외환시장 점검…""원화 변동성 과도하면 과감한 조치""",참석자들은 원/달러 환율이 올해 2월 하향세를 보이다가 중동 전쟁이라는 외부 충격으로 변동성이 확대된 측면이 있다고 평가했습니다. 다만 최근 수출 호조로 확인된 우리 산업 경쟁력과 양호한 대외건전성 등을 고려할...,https://biz.sbs.co.kr/article_hub/20000302648?division=NAVER,7,,1
"코스피, 상승폭 줄이며 5490선 마감","82%) 오른 5494.78, 코스닥 지수는 전 거래일(1047.37)보다 10.64포인트(1.02%) 하락한 1036.73에 거래를 마쳤다. 원·달러 환율은 전 거래일(1506.3원)보다 2.1원 내린 1504.2원에 주간 거래를 마감했다. 2026.4.7/뉴스1",https://www.news1.kr/photos/7842503,8,,1
[포토]삼성전자 '깜짝 실적'에도 상승폭 축소…코스피 5490선 마감,"45(0.82%)포인트 상승한 5,494.78을 코스닥은 전 거래일 대비 10.64(1.02%)포인트 하락한 1,036.73을 기록했다. 서울외환시장에서 원·달러 환율은 전일 대비 2.10원(0.14%) 하락한 달러당 1504.20원에 거래되고 있다.",http://www.edaily.co.kr/news/newspath.asp?newsid=04382086645413824,9,,1
'고환율 주범' 지목당한 서학개미 식었는데도…8일째 1500원대 묶였다 [...,외환당국이 '고환율의 범인'으로 지목한 서학개미의 순매수세가 주춤한데도 원·달러 환율이 8거래일 연속 1500원대에서 움직이며 고공행진을 이어가고 있다. 외국인 투자자의 국내 주식 매도세와 중동 전쟁으로 인한...,https://www.hankyung.com/article/202604074644i,5,,1
"[마감시황] 코스피, 44.45포인트 오른 5494.78 마감","한편, 코스닥은 에너지주의 약세로 인해 전 거래일 대비 10.64포인트(1.02%) 하락한 1036.73을 기록했고, 원·달러 환율(미국 달러 대비 원화 환율)은 전 거래일보다5.9원 하락한 1503.9원으로 마무리했다.",https://www.lcnews.co.kr/news/articleView.html?idxno=200373,9,,1
"[포토]상승 마감한 코스피, 코스닥은 하락","45(0.82%)포인트 상승한 5,494.78을 코스닥은 전 거래일 대비 10.64(1.02%)포인트 하락한 1,036.73을 기록했다. 서울외환시장에서 원·달러 환율은 전일 대비 2.10원(0.14%) 하락한 달러당 1504.20원에 거래되고 있다.",http://www.edaily.co.kr/news/newspath.asp?newsid=04378806645413824,8,,1
[마감시황] 삼성전자·한화에어로스페이스·삼천당제약,"|중앙이코노미뉴스 엄현식 기자|7일 서울 중구 하나은행 본점 딜링룸 전광판에 원/달러 환율, 코스피가 표시돼 있다. 이날 코스피는 전장보다 44.45포인트(0.82%)오른 5494.78로 마감했다. [사진=연합]  7일 코스피는 소폭...",https://www.joongangenews.com/news/articleView.html?idxno=509619,9,,1
"환율, 1510원 돌파 후 반락…당국 ‘과감 조치’ 발언에 1504원 마감 [김...",중동발 지정학 리스크로 장중 1510원을 돌파했던 원·달러 환율이 당국의 과감한 시장 안정 조치 의지에 상승폭을 반납하며 하락 마감했다. 7일 서울 외환시장에서 원·달러 환율은 전 거래일 대비 2.1원 내린 1504.2원에...,https://www.sedaily.com/article/20029419?ref=naver,4,,1
"매출 3조 첫 돌파한 스타벅스, 수익성은 후퇴…비용 압박 속 해법 모색",커피 원두 등 주요 원재료를 달러로 수입하는 구조에서 환율 상승이 직접적인 영향을 미쳤다. 한국농수산식품유통공사(aT)에 따르면 지난해 국내 커피 수입액은 18억6114만달러(약 2조7000억원)로 전년(13억7840만달러) 대비...,https://www.g-enews.com/view.php?ud=202604071541543808740eacf404_1,4,,1
"[인터뷰] 유명한 마스턴투자운용 상무 ""불확실성 지속…부동산 새 기회...","6일 장 종료 기준 원·달러 환율은 1506.3원, 국고채 3년물 금리는 3.432%다. 환율은 2009년 글로벌 금융위기 이후 17년 만에 1500원대로 진입했으며, 국고채 금리는 연초 대비 0.5%p 가까이 올랐다. 유 상무는 전쟁 발발 이후...",https://www.kfenews.co.kr/news/articleView.html?idxno=656570,12,,1
"'트럼프 최후통첩' 하루 앞…코스피, 삼성전자 호실적에 5494.78 마감",이날 코스닥 지수는 전장 대비 10.64포인트(1.02%) 하락한 1036.73에 거래를 마감했다. 서울 외환시장에서 원·달러 환율은 전 거래일 종가(1506.3원)보다 2.1원 내린 1504.2원에 주간 거래를 마쳤다.,http://www.iminju.net/news/articleView.html?idxno=162223,9,,1
[마감시황] 외국인 매수에 코스피 0.8% 상승 마감,"서울외환시장에서 원·달러 환율은 전장 대비 2.10원 하락한 1504.20원에 주간거래를 마감했다. 2026.04.07 yym58@newspim.com 시가총액 상위 종목은 혼조세를 보였다. 삼성전자(1.76%), SK하이닉스(3.39%), 삼성전자우...",https://www.newspim.com/news/view/20260407000969,6,,1
코스피 5494.78...원·달러 환율 1504원 마감,"거래를 마감한 가운데, 서울 중구 하나은행 을지로본점 딜링룸에서 직원들이 업무를 보고 있다. 서울외환시장에서 원·달러 환율은 전장 대비 2.30원 하락한 1504.00원에 주간거래를 마감했다. 2026.04.07",https://www.newspim.com/news/view/20260407000966,9,,1
[포토]삼성전자 호실적 속 상승 마감한 코스피,"45(0.82%)포인트 상승한 5,494.78을 코스닥은 전 거래일 대비 10.64(1.02%)포인트 하락한 1,036.73을 기록했다. 서울외환시장에서 원·달러 환율은 전일 대비 2.10원(0.14%) 하락한 달러당 1504.20원에 거래되고 있다.",http://www.edaily.co.kr/news/newspath.asp?newsid=04359126645413824,9,,1
코스피 상황은?,"7일 서울 중구 하나은행 본점 딜링룸 전광판에 원/달러 환율, 코스피가 표시돼 있다. 이날 코스피는 전장보다 44.45포인트(0.82%)오른 5494.78로 마감했다. 2026.4.7",https://www.yna.co.kr/view/PYH20260407143900013?input=1196m,9,,1
"코스피, 삼성전자 서프라이즈에도 이란전 우려로 소폭 상승","코스닥시장에서 코스닥지수는 전 거래일보다 10.64p(1.02%) 내린 1,036.73으로 거래를 마쳤다. 서울 외환시장에서 원/달러 환율은 오후 3시 30분 전 거래일보다 2.1원 내린 1,504.2원으로 주간거래를 마쳤다.",https://www.viewsnnews.com/article?q=234936,8,,1
"[오늘증시]코스피, 삼전 호실적 불구 상승분 반납…5500선 회복 실패","55%), 코오롱티슈진(0.10%) 등이 올랐다. 반면 삼천당제약(-16.02%), 알테오젠(-2.21%), 에이비엘바이오(-0.39%) 등은 하락했다. 이날 서울 외환시장에서 원·달러 환율은 전 거래일 대비 2.1원 내린 1504.2원에 마감했다.",https://www.sidae.com/article/2026040715461829302,7,,1
반도체에서만 '50조' 이익 낸 삼성전자…엔비디아 뛰어넘나,"원·달러 환율 상승에 따른 원화 환 이익 증가도 실적 확대에 일부 기여했습니다. 시장조사업체 트렌드포스에 따르면, 올해 1분기 D램 가격이 전 분기 90∼95% 상승한 데 이어 2분기에도 약 60% 추가 상승할 것으로...",http://mbn.mk.co.kr/pages/news/newsView.php?category=mbn00003&news_seq_no=5186642,6,,1
"상승 마감한 코스피, 코스닥은 하락","7일 서울 중구 하나은행 본점 딜링룸 전광판에 원/달러 환율, 코스피, 코스닥 지수가 표시돼 있다. 이날 코스피는 전장보다 44.45포인트(0.82%)오른 5494.78로, 코스닥은 10.64포인트(1.02%) 내린 1036.73으로...",https://www.yna.co.kr/view/PYH20260407143500013?input=1196m,11,,1
"외환시장, 중동 상황에 촉각…환율 2.1원 내린 1,504.2원","장중 한때 1,510원 넘었다가 하락 전환 원/달러 환율은 7일 미국과 이란의 협상 상황을 주시하며 소폭 하락 마감했다. 이날 서울 외환시장에서 미국 달러화 대비 원화 환율의 주간거래 종가(오후 3시30분 기준)는...",https://www.yna.co.kr/view/AKR20260407034451002?input=1195m,5,,1
"코스피 상승, 코스닥은 하락","7일 서울 중구 하나은행 본점 딜링룸 전광판에 원/달러 환율, 코스피, 코스닥 지수가 표시돼 있다. 이날 코스피는 전장보다 44.45포인트(0.82%)오른 5494.78로, 코스닥은 10.64포인트(1.02%) 내린 1036.73으로...",https://www.yna.co.kr/view/PYH20260407143600013?input=1196m,11,,1
[도쿄증시-마감] 협상 데드라인 앞두고 상승,같은 시각 달러-엔 환율은 전장보다 0.07% 상승한 159.772엔에 거래됐다. 그 밖에 일본 가계지출은 3개월 연속 감소한 것으로 나타났다. 일본 총무성이 발표한 지난 2월 실질 가계지출(2인 이상 가구)은 전년 동월보다 1....,https://news.einfomax.co.kr/news/articleView.html?idxno=4408161,4,,1
"[포토]코스피는 상승, 코스닥은 하락 마감",서울외환시장에서 원·달러 환율은 전일 대비 2.30원(0.15%) 하락한 달러당 1504.00원에 거래되고 있다. 코스피가 외국인의 순매수세에 힘입어 상승 마감한 7일 서울 중구 하나은행 본점 딜링룸에서 딜러들이...,http://www.edaily.co.kr/news/newspath.asp?newsid=04346006645413824,11,,1
코스피 0.82% 상승 5494.78 마감,"거래를 마감한 가운데, 서울 중구 하나은행 을지로본점 딜링룸에서 직원들이 업무를 보고 있다. 서울외환시장에서 원·달러 환율은 전장 대비 2.10원 하락한 1504.20원에 주간거래를 마감했다. 2026.04.07",https://www.newspim.com/news/view/20260407000963,9,,1
삼성전자 호실적에도 투심 위축…중동 리스크 부각,원·달러 환율은 2.1원 내린 1504.2원에 거래를 마쳤다. 이날 시장은 장 초반 삼성전자의 '어닝 서프라이즈'에 힘입어 상승 출발했다. 하지만 오후 들어 분위기가 바뀌었다. 지정학적 긴장이 재차 부각되면서 외국인과...,https://www.etnews.com/20260407000386,5,,1
"[포토]코스피는 상승, 코스닥은 하락",서울외환시장에서 원·달러 환율은 전일 대비 2.30원(0.15%) 하락한 달러당 1504.00원에 거래되고 있다. 코스피가 외국인의 순매수세에 힘입어 상승 마감한 7일 서울 중구 하나은행 본점 딜링룸에서 딜러들이...,http://www.edaily.co.kr/news/newspath.asp?newsid=04342726645413824,11,,1
"원/달러 환율, 2.1원 내린 1504.2원 마감",7일 서울 외환시장 원/달러 환율 오후 3시30분 종가,https://www.mt.co.kr/economy/2026/04/07/2026040715442350862,4,,1
"원·달러 환율, 2.1원 내린 1504.2원",7일 서울외환시장에서 원·달러 환율은 전거래일 주간 거래 종가보다 2.4원 오른 1508.7원으로 출발했다. 장중 하락 전환하며 전거래일(3시 30분 기준)과 비교해 2.1원 내린 1504.2원을 기록했다.,http://www.joseilbo.com/news/news_read.php?uid=566099&class=18&grp=,4,,1
"'창사이래 최대기록' 삼성전자, 1분기 영업이익 57조2000억 원... 내년엔...",여기에 원·달러 환율 상승에 따른 환차익 증가도 실적 확대에 일부 기여했다. 증권가는 삼성전자의 올해 연간 영업이익이 300조원 이상이 될 것이라는 전망도 내놓고 있다. 분기 영업이익 역시 분기마다 최대...,https://www.industrynews.co.kr/news/articleView.html?idxno=79736,5,,1
"4월 7일 원/달러 환율 1,504.20원...엔화·유로·위안화","7일, 서울외환시장에서 금일 오후 3시 30분 기준 미국 달러(US) 매매기준율(금융권이 달러를 구해 온 평균 원가)은 1달러당 1,504.20원을 기록했다. 전 거래일 대비 달러당 2.10원 하락했다. 같은 기준으로...",http://www.snmnews.com/news/articleView.html?idxno=567680,5,,1
"정부 ""원화 변동성 과도하면 '시장 안정 조치' 과감히 추진""","회의 참석자들은 원달러 환율에 대해 ""2월 중 하향세를 보이다가 중동전쟁이라는 외부적 충격으로 국제금융시장의 불확실성이 높아지면서 변동성이 확대된 측면이 있다""고 평가했다. 최근 원달러 환율은 1500원대에서...",https://www.newsworks.co.kr/news/articleView.html?idxno=836936,6,,1
"코스피, 0.82% 오른 5494.78 마감...환율 1504.2원",코스닥 지수는 전 거래일(1047.37)보다 10.64포인트(1.02%) 하락한 1036.73에 거래를 마쳤다. 서울 외환시장에서 원·달러 환율은 전 거래일(1506.3원)보다 2.1원 내린 1504.2원에 주간 거래를 마감했다.,https://www.gukjenews.com/news/articleView.html?idxno=3551144,8,,1
"코스피, 삼성전자 호실적에 5,500선 다시 근접","코스닥 지수는 하락 전환해 1.02% 내린 1,036.73에 거래를 마쳤습니다. 한편, 서울 외환시장에서 원·달러 환율은 2.1원 내린 1504.2원에 마감했습니다. #코스피 #코스닥 #원달러환율",http://www.yonhapnewstv.co.kr/AKR2026040715415020U,9,,1
"[서환] 美 협상 데드라인 앞두고 관망…1,500원대 중반 보합","같은 시간 달러-엔 환율은 뉴욕장 대비 0.142엔 상승한 159.803엔, 유로-달러 환율은 0.00080달러 하락한 1.15333달러에 거래됐다. 엔-원 재정환율은 100엔당 943.15원, 위안-원 환율은 219.15원이었다. 역외 달러-위안(CNH)...",https://news.einfomax.co.kr/news/articleView.html?idxno=4408159,4,,1
[외환마감] 원·달러 환율 1504.2원···2.1원↓,7일 서울 외환시장에서 원·달러 환율은 오후 3시 30분 종가 기준 전장 대비 2.1원 내린 달러당 1504.2원에 마감했다.,https://www.seoulfn.com/news/articleView.html?idxno=625846,4,,1
"삼성전자, 1Q 메모리 호황의 역설…스마트폰 수익성 '직격탄'",여기에 원·달러 환율 상승까지 겹치면서 글로벌 부품 조달 비용 부담도 확대됐다. 노태문 삼성전자 대표이사 사장 겸 디바이스경험(DX)부문장이 지난 2월 미국 샌프란시스코에서 열린 '갤럭시 언팩 2026'을 마치고...,https://www.newspim.com/news/view/20260407000929,4,,1
전쟁 장기화·부동산 규제 강화에 4월 아파트 분양전망지수 3년여만에 ...,"이어 ""국제 유가 및 원자재 가격이 급등하고 원·달러 환율이 1,500원을 상회하는 등 금융시장 불안이 확대되고 있는 가운데, 주담대 금리 상단이 7%를 돌파하는 등 금리 부담이 커지면서, 분양시장 위축에 영향을...",https://news.tf.co.kr/read/economy/2310552.htm,6,,1
"재경부 ""원화 변동성 과도 확대 시 과감한 조치""…외환시장 간담회",간담회에서 시장 전문가들은 올해 2월 중 하향세를 보이던 달러·원 환율이 중동 전쟁이라는 외부 충격으로 국제금융시장 불확실성이 높아지면서 변동성이 확대됐다고 평가했다. 다만 최근 수출 호조에서 나타나는 산업...,https://www.news1.kr/economy/trend/6128199,6,,1
"[신상품]하나자산운용, '1Q 은액티브' ETF…퇴직연금 투자 가능한 은 현...","이에 따라 원·달러 환율 상승 시 추가 수익을 기대할 수 있어 포트폴리오 내 환헤지 수단으로도 활용할 수 있다. 은은 전기전도성이 가장 높은 금속으로 AI 반도체, 태양광 패널, 우주항공 및 방산 부품 등에 사용되는...",http://www.press9.kr/news/articleView.html?idxno=74686,4,,1
"[속보] '롤러코스터' 코스피, 삼성전자 호실적에도 보합권 마감","'롤러코스터' 코스피, 삼성전자 실적에도 보합 마감 코스피 0.82% 오른 5,494.78 종료 삼성전자 1.76%·SK하이닉스 3.4%·현대차 0.9%↑ 코스닥 1.02% 내린 1,036.73 종료 원·달러 환율 2.1원 내린 1,504.2원 (15:30...",https://www.ytn.co.kr/_ln/0102_202604071537427253,9,,1
"[속보] 코스피 5494.78(▲44.45p, 0.82%), 원·달러 환율 1504.2(▼2.1원) ...","코스피 5494.78(▲44.45p, 0.82%), 원·달러 환율 1504.2(▼2.1원) 마감",http://mbn.mk.co.kr/pages/news/newsView.php?category=mbn00003&news_seq_no=5186647,6,,1
"코스피, 0.82% 상승한 5494.78 마감…코스닥 1.02%↓(2보)",82%) 상승한 5494.78로 거래를 마쳤다. 코스닥은 전일 대비 10.64포인트(p)(1.02%) 하락한 1036.73로 마감했다. 서울외환시장에서 달러·원 환율은 전일 오후 3시 30분 주간종가 대비 2.1원 내린 1504.2원을 기록했다.,https://www.news1.kr/finance/general-stock/6128359,8,,1
"코스피 5494.78(▲0.82%), 코스닥 1036.73(▼1.02%), 원·달러 환율 1504.2원...",코스닥 지수는 전 거래일(1047.37)보다 10.64포인트(1.02%) 하락한 1036.73에 거래를 마쳤다. 서울 외환시장에서 원·달러 환율은 전 거래일(1506.3원)보다 2.1원 내린 1504.2원에 주간 거래를 마감했다.,https://www.newsis.com/view/NISX20260407_0003581395,8,,1
"[코스닥 유동성 점검] 서진시스템, 공격적 투자 속 '현금 가뭄' 심화","서진시스템 관계자는 ""해외 법인 자산이나 대여금 등 외화 자산을 결산 시점 환율로 평가하면서 발생한 손실""이라며 ""달러뿐 아니라 베트남 동(VND) 환율 변동 영향도 반영됐다""고 설명했다. 이자 부담도 빠르게...",https://www.bloter.net/news/articleView.html?idxno=658776,9,,1
"더블유게임즈, '해외 매출 100%' 환율 수혜 본격화","최근 중동발 지정학적 리스크 등 대외 불확실성이 커지며 원/달러 환율은 지난 1일 장중 1,530원 선을 넘어섰다. 이는 2009년 금융위기 이후 약 17년 만에 가장 높은 수준이다. 이처럼 고환율 기조가 고착화되면서 내수...",https://www.the-stock.kr/news/articleView.html?idxno=32317,11,,1
[달러·원] 환율 2.1원 내린 1504.2원 마감,7일 미국 USD 환율,https://www.news1.kr/finance/market-exr/6128344,4,,1
"삼성전자 역사적 실적에 청구서 날린 노조 … ""영업이익 늘었으니 성과...","여기에 원·달러 환율 상승에 따른 환 효과도 일부 기여했다. 업계 관계자는 ""증권가에서는 삼성전자의 연간 영업이익이 300조원을 넘어설 것으로 보고 있고, 이 같은 흐름이 이어질 경우 내년에는 글로벌 영업이익 1위...",https://biz.newdaily.co.kr/site/data/html/2026/04/07/2026040700256.html,5,,1
"재경부, 외환시장 간담회 개최…""과도한 환율 변동 차단""","참석자들은 최근 원달러 환율 상승과 변동성 확대가 중동 전쟁이라는 외부 충격에 따른 영향이라고 평가하면서도, 한국 경제의 기초체력(펀더멘털)은 여전히 견조하다는 데 의견을 같이했다. 특히 수출 호조와 양호한...",https://www.ziksir.com/news/articleView.html?idxno=130004,4,,1
"재경부 ""외화 유동성 양호…원화 변동성 과도하면 과감한 조치""","참석자들은 원·달러 환율이 지난 2월 하향세를 보이다가 중동 전쟁이라는 외부 충격으로 변동성이 확대된 측면이 있다고 평가했습니다. 다만, 최근 수출 호조로 확인된 우리 산업 경쟁력과 양호한 대외건전성 등을...",http://www.yonhapnewstv.co.kr/AKR20260407152026x1J,10,,1
전쟁 쇼크에도 '555조 잭팟' 예고…삼성전자 개미들 웃는다 [테크로그],삼성전자와 LG전자가 올해 1분기 나란히 호실적을 올리면서 미국·이란 전쟁발 물류비 급등과 원·달러 환율 1500원 돌파의 이중고 속에서도 선방했다는 평가가 나온다. 시장에선 메모리 슈퍼사이클 본격화와 가전...,https://www.hankyung.com/article/202604074461g,5,,1
'고금리·전쟁' 여파에 분양기대 역대급 추락…코로나 때보다 더 꺾였다,미·이란 전쟁 이후 국제 유가와 원자재 가격이 급등하고 원/달러 환율이 1500원을 넘어서는 등 금융시장 불안이 확대되고 있다. 주택담보대출 금리 상단이 7%를 돌파하는 등 금리 부담도 커졌다. 특히 이달은 전쟁...,https://www.mt.co.kr/estate/2026/04/08/2026040714100944029,7,,1
"재경부, 외환시장 간담회 개최 “원화 변동성 과도하면 과감한 조치”",참석자들은 달러 대비 원화 환율이 올해 2월 하향세를 보이다가 중동 전쟁이라는 외부 충격으로 변동성이 확대된 측면이 있다고 평가했다. 다만 최근 수출 호조로 확인된 우리 산업 경쟁력과 양호한 대외건전성 등을...,https://www.chosun.com/economy/economy_general/2026/04/07/7AZVL2KPYFF5NHLZ7XSAS27SE4/?utm_source=naver&utm_medium=referral&utm_campaign=naver-news,7,,1
"재경부 ""원화 변동성 확대 시 '과감한 조치'할 것""",이투데이=세종=조아라 기자 | 글로벌IB·시중은행과 '외환시장 간담회'...금융시장 점검 정부가 중동전쟁으로 원·달러 환율 변동성이 과도할 경우 과감한 시장 안정 조치를 이행하겠다고 밝혔다. 재정경제부는 7일 주요...,https://www.etoday.co.kr/news/view/2573545,9,,1
"中관광객 대상 '짐캐리' 예산 306억 지적에…李 ""맞다면 삭감"" [종합]","그는 ""원화 가치 하락폭이 주요국 대비 크고 실질실효환율이 64개국 중 63위""라며 ""통화량 확대와 외환보유액 감소가 동시에 나타나 환율 상승 압력이 커지고 있다""고 주장했다. 이어 ""달러 스와프 체결 등 보다 적극적...",https://www.etoday.co.kr/news/view/2573547,5,,1
"재경부 ""환율 변동성 과도하면 과감한 조치""…외환시장 점검",정부가 중동 전쟁 여파로 원·달러 환율의 변동성이 커지는 상황과 관련해 우리 경제의 기초 체력과 무관한 과도한 불안이 발생할 경우 즉각적이고 과감한 시장 안정 조치에 나서겠다고 밝혔다. 재정경제부는 7일 문지성...,https://news.tvchosun.com/site/data/html_dir/2026/04/07/2026040790203.html,4,,1
"삼성증권, 국내 증시 돌아오면 환전·거래 수수료 절감",외화를 원화로 환전할 때 환전 수수료를 우대(환율 우대 100%)해준다는 방침이다. 이번 이벤트를 통해... 해외주식을 매도한 뒤 달러를 원화로 환전해 RIA 계좌로 입금해야 공제 대상이 된다. 이후 해당 자금은 최소 1년...,https://www.hankyung.com/article/2026040736621,7,,1
정부 “원화 변동성 과도해지면 과감한 조치 취할 것”,"재경부에 따르면, 이날 참석자들은 2월 하향세였던 원-달러 환율이 중동전쟁의 충격으로 변동성이 확대된 측면이 있다고 평가했다. 다만 이들은 한국 경제 펀더멘털에 대해 “수출 호조에서 나타나는 산업 경쟁력, 양호한...",https://www.hani.co.kr/arti/economy/economy_general/1253037.html,5,,1
"'실적 신기원' 삼성전자, 영업익 세계 1위 조준",여기에 원·달러 환율 상승도 실적 개선에 긍정적으로 작용했다. 달러 기준 매출 비중이 높은 반도체 사업 특성상 환율 상승은 원화 기준 이익 증가로 직결된다. 영업 레버리지와 환차익이 동시에 작용하며 '이중 상승...,https://www.koreaittimes.com/news/articleView.html?idxno=152728,6,,1
"재경부 ""원화 변동성 과하게 확대되면 과감한 시장안정 조치 추진""",참석자들은 2월 중 하향세를 보이던 원·달러 환율이 중동전쟁이라는 외부적 충격으로 국제금융시장의 불확실성이 높아지면서 변동성이 확대된 측면이 있다고 평가했다. 하지만 최근 수출 호조에서 나타나는 우리 산업...,https://www.newsis.com/view/NISX20260407_0003581302,6,,1
7개월 만의 '청와대 3자 회동'…협치 대신 이견만 확인,"특히 통화 정책과 관련해 ""광의통화가 사상 최대치를 기록한 반면 외환보유액은 감소하고 있다""며 ""통화량이 늘고 달러가 줄면 환율 상승은 불가피하다""고 지적했다. 외교·안보 문제에서도 장 대표는 ""현재 노선이 적절한지...",https://www.ilyoseoul.co.kr/news/articleView.html?idxno=515344,4,,1
"재경부, 외환시장 간담회…""과도한 원화 변동에 과감한 조치""","참석자들은 올해 2월 하향 안정세를 보이던 원·달러 환율이 중동 전쟁이라는 외부 충격으로 변동성이 확대됐다고 평가했다. 다만 수출 호조에 따른 산업 경쟁력과 양호한 대외건전성, 외화 유동성 등을 감안할 때 우리...",https://www.ajunews.com/view/20260407150851905,10,,1
"삼성전자, 1분기 사상 최대 실적....세수 효자 역할에도 '주목'",원·달러 환율 상승은 수출 비중이 높은 반도체 기업의 원화 환산 매출과 이익을 끌어올리는 동시에 세무상 외화환산이익 증가로 이어질 수 있기 때문이다. 증권가에서는 이번 '슈퍼사이클'이 단기적 현상에 그치지 않을...,http://www.intn.co.kr/news/articleView.html?idxno=2050031,6,,1
5600선 턱밑 갔다 주르륵…코스피 5460선 등락,상승세를 유지 중인 가운데 에코프로도 1% 가까이 상승 중입니다. 달러-원 환율은 미국과 이란 협상 타결 기대에 어제보다 2원 40전 오른 1508원에 개장한 뒤 소폭 내린 1506원대 움직이고 있습니다. SBS Biz 오서영입니다.,https://biz.sbs.co.kr/article_hub/20000302618?division=NAVER,6,,1
"""원화 변동성, 과도하면 과감한 조치""…재경부 '외환시장' 간담회",참석자들은 올해 2월 하향세를 보이던 원·달러 환율이 중동 지역 지정학적 리스크 확대로 변동성이 커졌다고 평가했다. 다만 수출 호조와 양호한 대외건전성 등 한국 경제의 펀더멘털은 견조한 수준이며 외화 유동성...,https://www.nocutnews.co.kr/news/6498070?utm_source=naver&utm_medium=article&utm_campaign=20260407030442,10,,1
日 국채 30년물 입찰서 응찰률 3.12배…직전치 3.66배 하회,"한편, 일본 국채 30년물 금리는 오후 12시 55분 현재 전장보다 1.46bp 높아진 3.7761%를 가리켰다. 달러-엔 환율은 같은 시각 0.10% 오른 159.820엔에 거래됐다. 일본 30년물 국채 금리 차트[출처 : 연합인포맥스]",https://news.einfomax.co.kr/news/articleView.html?idxno=4408150,8,,1
정부 “韓경제와 괴리된 원화 변동성엔 과감한 조치 추진”,참석자들은 2월 중 원·달러 환율이 하락세를 보이다 중동 전쟁이라는 외부 충격으로 다시 변동성이 확대된 점에 주목했다. 국제금융시장의 불확실성이 높아지면서 단기적으로 환율 변동 폭이 커졌다는 평가다. 다만 수출...,https://biz.heraldcorp.com/article/10711767?ref=naver,6,,1
"재경부 ""환율안정 위한 과감한 조치할 수도""","경제당국이 중동전쟁 상황에서 원·달러 환율 변동성이 과도할 경우에 과감한 시장 안정 조치를 이행하겠다고 밝혔다. 7일 재정경제부는 주요 글로벌 투자은행(IB), 시중은행 등과 함께 외환시장 간담회를 갖고 이같은...",http://www.fnnews.com/news/202604071442413407,7,,1
"재경부, 원화 변동성 대응 방향 점검…외환시장 안정 총력",참석자들은 최근 원·달러 환율이 중동 전쟁 영향으로 상승하고 변동성이 확대됐다고 평가했다. 다만 수출 호조와 대외 건전성 등 한국 경제의 기초체력은 여전히 견조하다는 데 의견을 같이했다. 외화 유동성도 양호한...,https://www.etnews.com/20260407000322,10,,1
"정부, 외환시장 간담회…“원화 변동성 확대될 경우 과감한 조치”",참석자들은 지난 2월 중 하향세를 보이던 원·달러 환율이 중동 전쟁이라는 외부적 충격으로 국제금융시장의 불확실성이 높아지면서 변동성이 확대된 측면이 있다고 평가했다. 그러나 최근 수출 호조에서 나타나는 우리...,https://www.dailian.co.kr/news/view/1630590/?sc=Naver,6,,1
"정부 ""펀더멘탈 괴리된 원화 변동성 확대 시 '과감한 조치'할 것""",참석자들은 지난 2월 중 하향세를 보이던 원/달러 환율이 중동전쟁이라는 외부적 충격으로 국제금융시장의 불확실성이 높아지면서 변동성이 확대된 측면이 있다고 평가했다. 다만 최근 수출 호조에서 나타나는 한국의...,https://www.mt.co.kr/economy/2026/04/07/2026040714104338002,6,,1
청와대 오찬서 여야 충돌…장동혁 “현금성 추경”vs정청래 “골든타임...,그는 “원화 가치 하락폭이 주요국 대비 크고 실질실효환율이 64개국 중 63위”라며 “통화량 확대와 외환보유액 감소가 동시에 나타나 환율 상승 압력이 커지고 있다”고 주장했다. 이어 “달러 스와프 체결 등 보다...,https://www.etoday.co.kr/news/view/2573526,5,,1
삼전 실적에도 중동發 불확실성 발목…코스피 5450선 보합[장중시황],"달러·원 환율은 이날 시가 1508.7원 대비 소폭 하락한 1506원 선에서 거래 중이다. 서 연구원은 ""다만 실적이 예상을 크게 상회해 밸류에이션도 긍정적인 점을 감안한 반발 매수도 여전하기 때문에 재차 반등을...",https://www.news1.kr/finance/market-exr/6128206,7,,1
중동 전쟁에 규제까지 … 아파트 분양 전망 3년만 최악,지난 2월 말 발발한 미국과 이란 간의 전쟁으로 국제 유가와 원자재 가격이 요동치고 있으며 원·달러 환율이 1500원을 돌파하는 등 거시경제 지표가 악화일로를 걷고 있기 때문이다. 여기에 시중은행 주택담보대출 금리...,https://biz.newdaily.co.kr/site/data/html/2026/04/07/2026040700242.html,9,,1
장동혁 “국정기조 바꾸고 야당에 귀 기울여달라”,"연일 치솟는 환율 문제에 대해서 장 대표는 “시중 통화량이 M2(광의통화) 기준 4565조원을 돌파해 사상 최대치를 기록하고, 외화보유액은 계속 감소했다”며 “통화량은 늘고 달러가 줄면 당연히 환율이 오르고 원화 가치가...",https://www.kmib.co.kr/article/view.asp?arcid=0029643979&code=61111111&cp=nv,0,,0
분양 시장에도 중동戰 리스크…대구경북 분양전망 하락세,"국제 유가와 원자재 가격, 원·달러 환율 등이 치솟은 점도 분양 시장의 악재로 작용하고 있다. 아울러 주택담보대출 금리가 7%를 돌파하는 등 금리 분양도 분양 시장이 움츠러드는 요인으로 꼽힌다....",https://www.imaeil.com/page/view/2026040714491671893,6,,1
"이재명 ""위기 처했을 때 내부 단합 중요""…장동혁 ""국정기조 바꿔야""","최근 환율 상승을 두고선 ""시중 통화량이 M2(광의통화) 기준 4565조 원을 돌파해 사상 최대치를 기록하고, 외화보유액은 계속 감소했다""며 ""통화량은 늘고 달러가 줄면 당연히 환율이 오르고 원화 가치가 떨어진다""고...",http://www.iminju.net/news/articleView.html?idxno=162217,0,,0
"‘반짝 재고이익’⋯정유업계, 실적 개선 뒤 숨은 ‘역마진 공포’","여기에 원·달러 환율까지 1500원대를 넘어서며 도입 단가를 더욱 밀어 올리고 있다. 미국산 등 대체 원유를 들여오더라도 기존 정제 설비와의 적합성, 수율 저하 문제 등 기술적 변수도 무시할 수 없는 상황이다. 정책...",https://www.viva100.com/article/20260407500773,5,,1
"[기업실적]삼성전자, 1Q 영업이익 755% 증가…매출 133조 ‘상승’",원·달러 환율 상승도 해외 매출 환산 규모 확대에 영향을 줬다. 업계 관계자는 “메모리 가격 상승과 AI 수요 확대가 실적 증가에 반영됐다”고 말했다. 시장 조사기관 트렌드포스에 따르면 2026년 2분기 일반 D램...,https://www.nspna.com/news/?mode=view&newsid=808944,5,,1
"KB증권, 반도체·S&P500 선물 ETN 3종 상장",투자자는 이를 통해 미국 대형주 투자 전략을 지속해 활용할 수 있다. 두 상품은 환노출형 구조를 적용해 원·달러 환율 변동 영향을 받는다. 만기는 10년이며 제비용은 연 0.8% 수준이다.,https://weekly.hankooki.com/news/articleView.html?idxno=7158787,4,,1
"한울앤제주, 편의점·마트 점령 이어 해외 공략… 'K-맥주' 위상 높인다","증시 전문가는 ""음식료 업종은 원달러 환율 상승에 따른 원재료 수입 부담과 국내 소비 침체라는 역풍을 동시에 맞고 있다""고 말했다. 이어 ""하지만 K-푸드의 글로벌 인지도 확산으로 인해 북미와 유럽 등 해외 매출 비중이...",https://www.pinpointnews.co.kr/news/articleView.html?idxno=443536,4,,1
7개월 만에 마주 앉은 여야정… 추경·국정조사 놓고 충돌,"환율 상승과 외환보유액 감소, 주택담보대출 금리 상승 등을 언급하며 정부의 거시경제 대응도 문제 삼았고, 미국과의 달러 스와프 체결 등 보다 적극적인 대응을 주문했다. 이에 대해 이 대통령은 ""현찰 나눠주기라는...",https://www.hidomin.com/news/articleView.html?idxno=700254,6,,1
"[T나는 경제]삼성전자 ""엔비디아도 넘본다""…글로벌 빅테크 영업익 '빅...","여기에 원·달러 환율 상승에 따른 환차익 효과까지 더해져 수익성 개선에 더욱 탄력이 붙은 것으로 분석됩니다. ◆ ""AI 수요는 꺾이지 않는다""…구조적 성장 국면 진입 당초 시장은 하반기 메모리 수요 둔화를...",http://www.tjb.co.kr/sub0301/bodo/view/id/96862,4,,1
"장동혁, 李 대통령 면전서 “현금 살포 추경, 물가·환율에 독 될 것”",삭감해야” 환율 지적하며 “국민 자산 13% 날아간 꼴” 장동혁 국민의힘 대표는 7일 청와대에서 열린 여야정... 미국과 달러 스와프를 체결하는 등 보다 적극적인 대책을 마련해야 한다”고 했다. 주택담보대출...,https://www.chosun.com/politics/politics_general/2026/04/07/ACCPKXNZDFE4PN5FBJ5L6GKRDE/?utm_source=naver&utm_medium=referral&utm_campaign=naver-news,5,,1
"박수영 ""추경 잉크도 마르지 않았는데 '추추경'…재정중독 말기""","박 의원은 ""지금 대한민국은 고환율과 고유가, 고물가의 '삼중고'에 시달리고 있다""며 ""이재명 정부의 재정폭주로 달러의 2배가 넘을 정도로 원화 유동성 증가량이 폭발한 탓""이라고 주장했다. 특히 이번 추경 규모와...",https://www.thepublic.kr/news/articleView.html?idxno=300172,8,,1
나프타 확보 비상인데 … 추경은 ‘과소 추계’ 논란,수입단가 급등과 환율 상승(달러당 원화값 하락)을 고려할 때 실제 소요되는 재원 규모가 훨씬 커질 수 있다는 분석이다. 7일 산업통상자원부에 따르면 정부는 5월 나프타 수급 위기를 막기 위해 4월 중 물량 확보에...,https://www.mk.co.kr/article/12010109,5,,1
[속보]장동혁 “국정조사로 시간 허비 안 돼” 李 “자주 만나자”,그는 통화 정책과 관련해 “광의통화(M2)가 4565조 원을 넘어 사상 최대치를 기록한 반면 외환보유액은 감소하고 있다”며 “통화량이 늘고 달러가 줄면 환율 상승과 원화 가치 하락은 불가피하다”고 지적했다. 이어...,https://www.munhwa.com/article/11580477?ref=naver,5,,1
[RIA 계좌 똘똘한 활용법] 양도세 100% 면제…서학개미의 변심은 무죄,"특히 최근 중동 전쟁 등 지정학적 리스크로 출렁인 원·달러 환율을 방어하는 구원 투수 역할을 맡고 있다. 즉 해외 자산을 팔고 국내로 자금을 들여오는 과정에서 달러 공급이 늘어나 환율 안정에 기여하고, 이...",http://www.segyebiz.com/newsView/20260407510483?OutUrl=naver,4,,1
‘중동 쇼크’에 항공사들 비상경영인데…‘정상운항’ 선택한 항공사,중동 전쟁 여파로 국제유가와 원·달러 환율이 급등하면서 국내 항공사들이 운항 감축에 나선 가운데 국내 저비용항공사(LCC) 파라타항공이 4~5월 전 노선 정상 운항하기로 했다. 파라타항공은 7일 “고객과의 약속은...,https://www.seoul.co.kr/news/economy/industry/2026/04/07/20260407500114?wlog_tag3=naver,4,,1
美-이란 협상 촉각 속...일본증시 '장중 약보합',같은 시간 달러 대비 엔화 환율은 159.78엔으로 0.06% 상승하며 엔화가치 약세를 나타내고 있다. 중국 상하이지수는 오후 1시 2분(현재시간) 전일 대비 0.22% 상승한 3888.48을 기록 중이다. 페트로차이나(+0.81...,http://www.choicenews.co.kr/news/articleView.html?idxno=163426,4,,1
"국민의힘 박수영 ""2차 추경? 환율·물가 오르고 민생경제 더 고통""","그는 이어 ""지금 대한민국은 고환율과 고유가, 고물가의 삼중고에 시달리고 있다. 이재명 정부의 재정폭주로 달러의 2배가 넘을 정도로 원화 유동성 증가량이 폭발한 탓""이라며 ""이번에 26조 2000억원을 추경하고, 그 중에서...",http://www.sisafocus.co.kr/news/articleView.html?idxno=358375,8,,1
고유가 직격탄 맞은 LCC…허리띠 더 졸라맨다,여기에 달러로 결제되는 항공유 특성상 고환율 기조는 부담을 가중시키고 있다. 환 리스크 방어 수단이 부족한 LCC 입장에서 유가와 환율의 동반 상승은 영업이익률을 갉아먹는 결정적 요인으로 작용하고 있다....,https://www.mydaily.co.kr/page/view/2026040710475860561,4,,1
"장동혁 ""트럼프에 비난받고, 김정은에겐 칭찬받아…외교 노선 맞나?""","최근 환율 상승에 대해서는 ""시중 통화량이 M2(광의통화) 기준 4천565조원을 돌파해 사상 최대치를 기록하고, 외화보유액은 계속 감소했다""며 ""통화량은 늘고 달러가 줄면 당연히 환율이 오르고 원화 가치가 떨어진다""고...",https://news.tvchosun.com/site/data/html_dir/2026/04/07/2026040790170.html,0,,0
"삼성전자 역대급 실적에 코스피 '화색'…증시 자금 ""반도체로 헤쳐모여...","환율과 금리 역시 외국인 수급과 밸류에이션에 영향을 주는 변수다. 증권가에서는 실적 발표 이후 수급... 아울러 김영진 핀릿 대표는 ""이번 주 증시는 지정학 리스크보다 실적과 달러 흐름에 더 민감하게 반응하는 구간...",https://www.newsway.co.kr/news/view?ud=2026040711461789788,8,,1
[오늘의 증권] 한국투자증권·KB증권·미래에셋증권·하나증권·신한투...,"두 상품 모두 환노출형 구조로 원/달러 환율 변동에 따라 수익률이 영향을 받을 수 있으며, 만기는 각각 10년, 제비용은 연 0.8% 수준이다. KB증권 김병구 패시브영업본부장은 ""이번 상장을 통해 글로벌 핵심 산업인...",http://www.financialreview.co.kr/news/articleView.html?idxno=41474,4,,1
집값·분양가 부담 커지자 민간임대 관심…실수요 대안 떠오르나,"원·달러 환율이 상승하면서 수입 의존도가 높은 건설 자재 가격이 전반적으로 오르고, 이에 따른 공사비 증가가 분양가에 반영되는 구조다. 주택도시보증공사(HUG)에 따르면 올해 2월 기준 전국 민간 아파트의 ㎡당 평균...",http://www.fntimes.com/html/view.php?ud=202604071359537849048b718333_18,4,,1
"장동혁 ""국정기조 전면적으로 바꾸고 野 목소리 귀 기울여 달라""","최근 환율 상승에 대해서는 ""시중 통화량이 M2(광의통화) 기준 4천565조원을 돌파해 사상 최대치를 기록하고, 외화보유액은 계속 감소했다""며 ""통화량은 늘고 달러가 줄면 당연히 환율이 오르고 원화 가치가 떨어진다""고...",https://www.yna.co.kr/view/AKR20260407091700001?input=1195m,0,,0
아파트 분양 3년 만에 ‘최악의 4월’…다주택자 규제에 전쟁 후폭풍,"국제 유가와 원자재 가격, 원·달러 환율이 나란히 급등한 상황에서 주택담보대출 금리 상단이 7%를 돌파하자 분양 수요가 크게 위축될 것이라는 분석이 힘을 얻었다. 여기에 정부가 지방선거 후 보유세를 대폭...",https://www.hankookilbo.com/news/article/A2026040711560001504?did=NA,6,,1
"KB증권, 국내 반도체 TOP10·미국 S&P500 선물 ETN 3종 상장","기존 상품의 만기 도래에 따른 교체 상장으로, 투자자들이 미국 대형주 시장에 대한 투자 전략을 지속적으로 활용할 수 있도록 했다 두 상품 모두 환노출형 구조로 원·달러 환율 변동에 따라 수익률이...",https://www.newsis.com/view/NISX20260407_0003581122,4,,1
"KDI ""중동 사태로 세계 경제 둔화 전망""","주식시장이 하락세를 나타낸 가운데 국고채 금리가 상승했으며, 원·달러 환율은 1500원대까지 급등해 시장 불확실성이 심화된 상태다. KDI는 ""유가 급등과 공급망 불안 등으로 세계경제 성장세가 둔화될 전망""이라고...",https://www.sisajournal.com/news/articleView.html?idxno=368494,6,,1
"""삼성전자 저평가 판단""...4월 투자 해법은 '종목' [찐코노미]","최근 원·달러 환율이 1500원을 돌파하며 금융위기 수준의 불안 심리가 확대됐지만, 지난달 30일을 기점으로 환율이 정점을 통과했을 가능성이 높다고 진단했다. 특히 세계국채지수(WGBI) 편입에 따른 자금 유입이...",https://www.etoday.co.kr/news/view/2573472,14,,1
"불룸버그 ""트럼프의 이란 공격으로 미국 달러 패권 흔들""","터키, 인도, 태국 등 제3국도 환율 방어를 위해 미국 국채를 매도하는 상황이다. 유가가 배럴당 100달러를 넘어서면서 달러 대비 각국 통화가 약세를 보이고, 중앙은행들은 외환시장 개입 자금을 마련하기 위해 국채를...",http://www.queen.co.kr/news/articleView.html?idxno=454584,10,,1
"[시장 따라잡기] 코스피, '삼성전자 슈퍼 실적' 타고 날아오르나?","최근 미 금리 인하 기대감이 약화되며 달러 강세도 이어지고 있던데요. 그럼 환율 상승 압력은 더 커진다 봐야할지, 또 이런 환율 움직임과 별개로 개인 중심으로 움직이던 수급 구조에 변화가 있을 수도 있을까요? Q. 이번...",https://biz.sbs.co.kr/article_hub/20000302500?division=NAVER,8,,1
서울 휘발유 2000원,국제유가가 이란 전쟁 격화 우려로 상승하는 데다 원/달러 환율도 1500원대 고공 행진을 하고 있어 국내 주유소 기름 값은 당분간 계속 오르며 물가 불안을 심화시킬 전망이다. 이날 국제유가는 6월 인도분...,http://www.econotelling.com/news/articleView.html?idxno=19986,4,,1
이란 변수 커지자… 원달러 환율 다시 1510원대,원달러환율 7일 오후 서울 외환시장에서 원달러 환율이 전 거래일보다 상승한 1509.4원에 거래되고 있다. 사진=KTV 갈무리 원달러 환율이 오르고 있다. 미국과 이란 간 협상 시한이 임박하면서 외환시장이 긴장하고...,https://www.newsclaim.co.kr/news/articleView.html?idxno=3060029,4,,1
중동發 '전면전' 초읽기…유가·환율 급등에 산업별 '희비' 갈린다,"국제유가는 배럴당 110달러를 웃돌며 급등했고, 원·달러 환율 역시 1500원대를 돌파하며 '뉴노멀' 구간에 진입했다. 전쟁 리스크가 해소되지 않는 한 변동성 확대는 불가피하다는 분석이다. 유가와 환율이 동시에 급등하는...",https://www.newsworks.co.kr/news/articleView.html?idxno=836913,4,,1
"KB증권, ETN 3종 상장..반도체·미국지수 투자 라인업 강화",ETN은 발행사가 파산하거나 신용에 문제가 생길 경우 투자 원금을 전액 잃을 수 있으며 이번 상품들은 환노출형으로 구성되어 있어 원·달러 환율 변동에 따른 추가적인 수익률 변동성도 고려해야 한다. 또한...,http://www.00news.co.kr/news/articleView.html?idxno=103082,4,,1
"KB증권, 국내 반도체 TOP10 및 미국 S&P500 선물 ETN 총 3종 상장","두 상품 모두 환노출형 구조로 원·달러 환율 변동에 따라 수익률이 영향을 받을 수 있으며, 만기는 각각 10년, 제비용은 연 0.8% 수준이다. KB증권 김병구 패시브영업본부장은 ""이번 상장을 통해 글로벌 핵심...",https://www.wolyo.co.kr/news/articleView.html?idxno=310714,4,,1
"LGD, 비수기에도 1분기 1000억원 이상 흑자 전망",아울러 상승하는 환율도 흑자 규모를 키우는 데 일조했다. LG디스플레이는 해외 매출 비중이 90%를 넘는다. 대부분 거래를 달러로 하기 때문에 환율이 높아질수록 실적 구조가 유리하다.,https://www.etnews.com/20260407000249,5,,1
중동 전쟁에 정부 규제까지…전국 분양전망지수 3년여 만에 최저,"전쟁으로 국제 유가 및 원자재 가격이 급등하고 원·달러 환율이 1,500원을 상회하는 등 금융시장 불안이 확대되고 있는 가운데, 주택담보대출 금리 상단이 7%를 돌파하는 등 금리 부담이 커지면서, 분양시장이...",http://www.yonhapnewstv.co.kr/AKR20260407133136RMt,7,,1
"원-엔화 환율, 1.6원 이상 하락하면서 943원 초반대 기록…달러-엔화 환...",달러-엔화 환율도 하락세를 기록 중이다. 도쿄 외환시장에서 달러-엔화 환율은 1달러 당 159.68엔을 기록하면서 직전 장마감 시점에 비해 0.31엔 하락했다. 중동 전쟁이 장기화되고 있는 것이 영향을 미쳤다.,https://kidd.co.kr/news/245579,4,,1
코스피 2.95 포인트 하락 5447.38 ... 코스닥 1.43% 하락 1032.39 거래중,"39로 거래되는 가운데, 서울 중구 하나은행 을지로본점 딜링룸에서 직원들이 업무를 보고 있다. 서울외환시장에서 원·달러 환율은 전장 대비 1.10원 상승한 1507.40원에 거래되고 있다. 2026.04.07",https://www.newspim.com/news/view/20260407000702,11,,1
코스피 19.19 포인트 하락 5431.14 거래중,"77로 거래되는 가운데, 서울 중구 하나은행 을지로본점 딜링룸에서 직원들이 업무를 보고 있다. 서울외환시장에서 원·달러 환율은 전장 대비 1.20원 상승한 1507.50원에 거래되고 있다. 2026.04.07",https://www.newspim.com/news/view/20260407000700,9,,1
코스피 약보합 5447.67...원·달러 환율 1.10원 상승 1507원 거래중,"39로 거래되는 가운데, 서울 중구 하나은행 을지로본점 딜링룸에서 직원들이 업무를 보고 있다. 서울외환시장에서 원·달러 환율은 전장 대비 1.10원 상승한 1507.40원에 거래되고 있다. 2026.04.07",https://www.newspim.com/news/view/20260407000701,9,,1
코스피 오후 0.35% 하락 5430선 후퇴 거래중,"77로 거래되는 가운데, 서울 중구 하나은행 을지로본점 딜링룸에서 직원들이 업무를 보고 있다. 서울외환시장에서 원·달러 환율은 전장 대비 1.10원 상승한 1507.40원에 거래되고 있다. 2026.04.07",https://www.newspim.com/news/view/20260407000699,9,,1
"[서환-오전] 트럼프 ""협상 타결 기대 덜 한다"" 발언에 1,510원선 돌파…...","달러-엔 환율은 뉴욕장 대비 0.238엔 상승한 159.947엔, 유로-달러 환율은 0.00144달러 하락한 1.15280달러에 거래됐다. 엔-원 재정환율은 100엔당 945.22원, 위안-원 환율은 219.65원이었다. 역외 달러-위안(CNH) 환율은 6....",https://news.einfomax.co.kr/news/articleView.html?idxno=4408121,4,,1
삼성전자 1분기 영업익 57.2조…2분기 연속 ‘사상 최대’,4조원의 강력한 영업익을 시현할 것”이라고 전망했다. 이 밖에 수출 대금을 주로 달러로 받는 업계 특성을 고려하면 원·달러 환율 상승에 따른 원화 환 이익 증가도 실적 확대에 일부 기여했을 것으로 분석된다.,http://www.segyebiz.com/newsView/20260407509357?OutUrl=naver,6,,1
국고채 금리 상승…줄어든 휴전 기대에 약세 전환,높아진 달러-원 환율 레벨 역시 서울 채권시장에 부담으로 작용했다. 서울 채권시장에 따르면 국고채 3년 지표물 금리는 이날 오전 11시 8분 현재 전일 민평 대비 1.7bp 상승한 3.447%에 거래됐다. 국고채 10년 지표물...,https://news.einfomax.co.kr/news/articleView.html?idxno=4408120,7,,1
"구윤철 “3개월 전쟁 염두 편성…2차 추경, 재정 여력 봐가며 판단”",박수영 의원은 장중 1536원까지 치솟은 원달러 환율과 3.4%대까지 올라온 국고채 금리를 언급하며 “우리 경제가 이미 스태그플레이션 초기 단계에 진입했다”고 규정했다. 박 의원은 특히 환율 폭등의 원인을 정부의...,https://www.naeil.com/news/read/584271?ref=naver,5,,1
"자재가격 상승, 공사비 갈등 시작됐다",한 대형건설사 구매 담당 직원은 “수입자재는 달러로 구매하는데 환율상승으로 구매단가가 높아지는 상황”이라며 “마감 자재의 경우 통상 3~4개월전에 구매계약을 하는데 4월 부터 추가 구매에 대한 비용 지출이...,https://www.naeil.com/news/read/584279?ref=naver,4,,1
"트럼프 ""이란, 하루에 없앨 수 있어""...서울 휘발윳값 평균 2000원 돌파","원달러환율이 계속해서 조금씩 오르고 있는 상황에서 등락을 거듭하고 있기는 한데요. 이 부분은 어떻게 전망하고 계세요? [정철진] 1530원 갔다가 일단 1500원대에서, 1502원, 3원대에서 가고 있는데요. 달러 인덱스와 연관을...",https://www.ytn.co.kr/_ln/0102_202604071257226473,4,,1
[김대호 진단] 이해충돌 방지법과 플라톤 국가론,"원·달러 환율이 1,500원선을 넘나드는 전례 없는 고환율 국면 속에서 금융외환시장을 안정시켜 나갈 실력자로 기대를 모으고 있다. 문제는 이해충돌의 논란이다. 최근 공개된 신 후보자의 총재산 82억 4,102만 원 중 55.5%인...",https://www.g-enews.com/view.php?ud=202604071238075253906806b77b_1,5,,1
"이익은 엔비디아급, 몸값은 5분의 1… 삼성전자 ‘PER 10배’ 역대급 저...","원·달러 환율 1509.9원을 적용할 경우 삼성전자의 분기 영업이익은 약 380억달러 수준이다. 이는 역대 최대 실적을 기록한 애플의 2026회계연도 1분기(9월 결산, 10~12월) 영업이익 508억5000만달러와 비교해 약 129억달러...",https://biz.chosun.com/stock/stock_general/2026/04/07/FV5WHAVBRZDIDHN4YROJ6WL4JA/?utm_source=naver&utm_medium=original&utm_campaign=biz,5,,1
삼성전자 분기 영업익 세계 4위..시총은 13위 '저평가',"7일 각사의 최근 분기 실적 공시를 종합하면 삼성전자의 1분기 영업이익은 390억2600만달러(1분기 원달러 평균 환율 1465.7원 적용)로 집계됐다. 이는 애플, 엔비디아, 사우디아람코에 이어 세계 4위 수준이다....",http://www.4th.kr/news/articleView.html?idxno=2110109,5,,1
[이슈] 배당 시즌에 달러 수요 확대…환율 상승 압력 커질 듯,4월 배당금 지급 시즌을 맞아 외국인 투자자의 대규모 자금 유출 가능성이 제기되면서 원·달러 환율 상승 압력이 커질 수 있다는 분석이 나오고 있다. 7일 한국투자증권에 따르면 이달 국내 상장사들의 배당금 지급 예정...,https://www.polinews.co.kr/news/articleView.html?idxno=727720,4,,1
"""전쟁·고금리에 규제까지"" 아파트 분양 심리 3년 전으로 후퇴",전쟁 장기화 우려로 원·달러 환율이 1500원을 돌파하고 주택담보대출 금리 상단이 7%를 넘어서면서 수분양자들의 자금 조달 부담이 한계치에 다다랐다는 분석이다. 또한 나프타 부족으로 인해 관련 가격이 한 달 새 35...,https://www.pointe.co.kr/news/articleView.html?idxno=77882,6,,1
[오늘의 금시세] 금값 순금 한 돈 99만 원,"국제기준시세는 4,646.2달러로 하락했고, 기준환율은 1,509.5원으로 상승하며 원화 약세 흐름이 이어졌다. 이를 반영하면 국내 금시세는 g당 약 232,000원 수준에서 형성되고 있는 것으로 분석된다. 한국거래소(KRX) 금시장...",https://www.gametoc.co.kr/news/articleView.html?idxno=107649,5,,1
위안화 0.11% 절상 고시…6.8854위안,0075위안(0.11%) 내려간 6.8854위안에 고시됐다. 달러-위안 환율 하락은 달러 대비 위안화 가치의 상승을 의미한다. 전장 은행 간 거래 마감가(화면번호 6402)는 6.8803위안이었다.,https://news.einfomax.co.kr/news/articleView.html?idxno=4408114,7,,1
"삼성전자, '메모리 슈퍼사이클' 올라탄 사상 최대 실적…AI 시대 글로벌...","특히 이 같은 성과는 메모리 반도체 가격 급등과 AI 인프라 투자 확대라는 구조적 변화, 여기에 원·달러 환율 상승이라는 외부 환경이 맞물린 결과라는 점에서 '일시적 반등'이 아닌 '사이클 전환'으로 평가된다. 이번...",https://www.polinews.co.kr/news/articleView.html?idxno=727742,5,,1
"KB증권, ETN 3종 상장","대형주 시장에 대한 투자 전략을 지속적으로 활용할 수 있도록 했다. 두 상품 모두 환노출형 구조로 원ㆍ달러 환율 변동에 따라 수익률이 영향을 받을 수 있다. 만기는 각각 10년, 제비용은 연 0.8% 수준이다.",http://www.wsobi.com/news/articleView.html?idxno=309430,4,,1
"KB證, 국내 반도체 TOP10 및 미국 S&P500 선물 ETN 총 3종 상장","두 상품 모두 환노출형 구조로 원/달러 환율 변동에 따라 수익률이 영향을 받을 수 있으며, 만기는 각각 10년, 제비용은 연 0.8% 수준이다. KB증권 김병구 패시브영업본부장은 ""이번 상장을 통해 글로벌 핵심...",https://www.techm.kr/news/articleView.html?idxno=150884,4,,1
[Invest]삼성전자·SK하이닉스 연간 영업익 합산이 500조?…주가 고민은...,"환율 문제도 있고, 각사 회계기준이나 결산 시점이 서로 달라 단순 비교는 어렵지만 1개 분기 동안 벌어들인 수익을 기준으로 ▲애플은 직전 분기(2025년 10월~12월) 509억달러(원화 약 76조원), ▲엔비디아는 직전 분기...",https://www.investchosun.com/site/data/html_dir/2026/04/07/2026040780102.html,6,,1
"4월 분양전망지수 60.9 급락, 3년 만 '최저' ... 대출·보유세 강화 우려...","시장 위축의 배경에는 미·이란 전쟁 여파로 국제 유가와 원자재 가격이 급등하면서 건설 원가 부담이 커졌고, 원·달러 환율이 1500원을 돌파하며 금융시장 불안도 확대됐다. 여기에 주택담보대출 금리가 7% 상단에...",http://www.queen.co.kr/news/articleView.html?idxno=454562,7,,1
"삼성전자, 2026 1Q 영업익 57조... “글로벌 1위 기업 코앞에”","특히 삼성전자의 이번 실적에 최근 원·달러 환율 상승에 따른 원화 환 이익 증가도 영향을 끼친 것으로 분석된다. 현재 환율이 좀처럼 떨어질 기미가 보이지 않는 만큼, 삼성전자로서는 고환율에 따른 추가 환...",https://www.mediawatch.kr/news/article.html?no=259186,6,,1
"日 재무상 ""G7, 필요시 행동한다는 인식 공유""","최근 일본 국채 장기금리 상승에 대해 ""수준에 대해 논평할 수 없다""고 밝혔다. 이날 오전 9시 53분 현재 일본 국채 10년물 금리는 전장보다 0.19bp 하락한 2.4299%를 나타냈다. 달러-엔 환율은 0.05% 상승한 159.793엔에 거래됐다.",https://news.einfomax.co.kr/news/articleView.html?idxno=4408108,8,,1
"KDI ""완만한 회복세 이어가는 韓경제, 중동 전쟁에 하방 위험""","원·달러 환율은 1500원대로 상승했다. 고용은 개선 흐름을 보였다. 2월 취업자 수는 23만 4천명 증가해 전월 10만 8천명보다 증가폭이 확대됐고, 실업률은 3.0%에서 2.9%로 하락했다. 다만 20대 고용률은 59.0%로 청년층...",https://www.nocutnews.co.kr/news/6497838?utm_source=naver&utm_medium=article&utm_campaign=20260407120040,4,,1
서울 평균 휘발유 값 2000원 돌파…경북도 1960원대,최근 국제유가 상승과 원달러 환율 부담이 동시에 작용하면서 국내 판매 가격이 빠르게 반영되고 있다는 분석이다. 특히 유류세 인하 폭 축소와 정유사 공급가 인상 요인까지 겹치며 가격 상승 속도가 빨라지고 있다....,https://www.dkilbo.com/news/articleView.html?idxno=540104,4,,1
"KB증권, 반도체·미국지수 ETN 상장…투자 선택지 확대","두 상품 모두 환노출형 구조로 설계돼 원·달러 환율 변동에 따라 수익률이 영향을 받을 수 있으며, 만기는 10년, 제비용은 연 0.8% 수준이다. 김병구 KB증권 패시브영업본부장은 ""이번 상장을 통해 반도체와...",https://www.ziksir.com/news/articleView.html?idxno=129969,4,,1
"코스피, 최후통첩 하루 앞 등락…장중 하락 전환도","1,508원대에 출발했던 원·달러 환율은 장중 오름폭을 키우며 현재 1,511원대를 기록하고 있습니다. 결국 시장은 단기 급등에 따른 매물 소화 과정에 들어간 모습으로, 오후 들어 수급이 다시 개선될 수 있을지가 관건이 될...",http://www.yonhapnewstv.co.kr/MYH20260407115007O9h,6,,1
"카자흐 증권거래소, UAE 디르함 거래 개시…금융시장 통화 다변화","AED/KZT와 달러 대비 디르함 거래인 USD/AED 채널이 개설됐다. 결제 방식은 T+0, T+1, T+2 등 다양한 방식으로 제공된다.KASE는 ""이번 조치는 시장 유동성을 확대하고 상품 다양성을 높이면서 시장 참여자들이 환율 변동 위험을...",https://www.asiatoday.co.kr/view.php?key=20260407010001845,8,,1
"Fed는 차단, 한은은 무방비 … 신현송 논란 키운 외화자산 제도 공백 [N...","달러·파운드·유로화 예금과 영국 국채 등 외화자산 중심 구조로, 환율 상승 시 원화 기준 자산 가치가 함께 증가하는 형태다. 최근 환율이 1490원대에서 1530원대로 오르는 과정에서 외화자산 평가액이 단기간에...",https://biz.newdaily.co.kr/site/data/html/2026/04/07/2026040700124.html,18,,1
"KB증권, 반도체 TOP10 TR ETN과 S&P500 선물 ETN 3종 상장 내용은?","두 상품 모두 환노출형 구조로 설계돼 원/달러 환율 변동에 따라 수익률이 영향을 받을 수 있다. 만기는 각각 10년이며, 제비용은 연 0.8% 수준이다. KB증권 김병구 패시브영업본부장은 ""이번 상장을 통해...",http://www.newsworker.co.kr/news/articleView.html?idxno=420834,4,,1
"코스피, 삼성전자 호실적 속 0.82% 오른 5494 마감","반면, 외국인 투자자는 4114억원 순매수하는 등 반대 행보를 보였다. 이날 코스닥은 전날보다 1.02% 내린 1036.73에 거래를 마쳤다. 달러 대비 원화 환율은 2.1원 내린 1504.2원에 마감했다.",https://www.chosun.com/economy/money/2026/04/07/KFIWYMZZUJHCBALUHIK3PKPINM/?utm_source=naver&utm_medium=referral&utm_campaign=naver-news,10,,1
"원·달러 환율 1,508원대 상승… 미·이란 협상 앞두고 '긴장 관망'","원·달러 환율이 미·이란 협상 상황을 주시하는 가운데 장 초반 소폭 상승세를 보이며 1,508원대에서 움직이고 있다. 7일 서울 외환시장에 따르면 오전 9시 5분 기준 원·달러 환율은 전 거래일 주간 종가(오후 3시30분...",https://www.ppss.kr/news/articleView.html?idxno=291728,4,,1
美 스테이블코인은 한국 공략 가속…당정 '뒷전'에 밀린 원화 코인,"주도하는 달러 기반 코인이 한국 금융권과 가상자산 시장을 빠르게 파고들고 있는 반면, 국내에서는 정책... 여기에 중동 전쟁에 따른 환율 불안, 증시 변동성 확대, 6월 지방선거 등 정책 우선순위가 다른 현안으로...",https://news.tf.co.kr/read/economy/2310395.htm,9,,1
"국제유가, 트럼프 ‘사실상 휴전’ 선언에 16% 급락…나스닥 선물 2.4%↑...",국채금리와 달러 가치도 동반 하락하며 시장 전반에 위험 완화 신호가 강하게 나타나고 있다. 뉴욕증권거래소(사진=AFP) 이날 오후 7시 18분(미 동부시) 기준 뉴욕증권거래소에서 나스닥 지수 선물은 2.4% 가량 급등하고...,http://www.edaily.co.kr/news/newspath.asp?newsid=02604326645414152,9,,1
"국채선물, 파키스탄 '시한 연장' 요청에 상승…3년물 8틱↑","한편 같은 시간 미국 국채 금리는 내림세를 나타냈다. 미 국채 10년물 금리는 전 거래일 뉴욕시장 마감 가격 대비 3.70bp, 30년물 금리는 1.60bp 각각 하락했다. 2년물 금리는 5.80bp 낮아졌다. 뉴욕 오후 장 후반께...",https://news.einfomax.co.kr/news/articleView.html?idxno=4408255,4,,1
"[굿모닝 마켓] 빅테크 기업들, 장 막판 개별 호재 기업 위주 매수세","국채금리는 막판 투심이 살아나면서 일제히 하락세로 돌아섰습니다. 간밤 진행된 3년물 국채 입찰 수요가 견조하게 나오면서 단기물 금리가 특히 하락폭이 거세졌는데요. 2년물 금리가 0.05%p 급락했고, 10년물 금리도 0.03...",https://biz.sbs.co.kr/article_hub/20000302764?division=NAVER,8,,1
[AI의 종목 이야기] 월가 데스크들의 이란戰 시나리오별 대응법,"긴장 완화 또는 정책 전환 시나리오에서 JP모간 트레이더들은 주가 상승, 국채 금리 하락, 유가 하락, 크레딧 스프레드 축소, 달러화 약세가 동반되는 전방위적 '에브리씽 랠리'를 예상했다. 소형주가 상승을 선도하고...",https://www.newspim.com/news/view/20260408000068,9,,1
"국제유가, 트럼프 ‘2주 휴전’ 선언에 9% 급락…금리↓·달러 약세",국채금리와 달러 가치도 동반 하락하며 시장 전반에 위험 완화 신호가 나타났다. 도널드 트럼프 미국 대통령 (사진=AFP) 뉴욕상업거래소에서 서부텍사스산원유(WTI) 5월물 가격은 이날 오후 6시 50분(미 동부시) 기준 전장...,http://www.edaily.co.kr/news/newspath.asp?newsid=02456726645414152,9,,1
"나스닥, 파키스탄 발표에 낙폭 축소…美 국채금리 하락",,https://news.einfomax.co.kr/news/articleView.html?idxno=4408245,8,,1
뉴욕증시 다우지수 '막판 낙폭 축소'...UNH '껑충' vs 소비주 '뚝',"미국시장 전문가 제레미 시겔은 ""파키스탄 총리의 이같은 요청에 치솟던 유가가 떨어지고 상승하던 미국 국채금리도 하락세로 전환하면서 이날 정규장 막판 뉴욕증시 전반에 다소의 안도감을 안겼다""고 진단했다.",http://www.choicenews.co.kr/news/articleView.html?idxno=163474,8,,1
"[마켓 브리핑] 뉴욕증시, 휴전 희망 VS 확전 우려 '줄다리기'","국채금리는 막판 투심이 살아나면서 일제히 하락세로 돌아섰습니다. 간밤 진행된 3년물 국채 입찰 수요가 견조하게 나오면서 단기물 금리가 특히 하락폭이 거세졌는데요. 2년물 금리가 0.05%p, 10년물 금리는 0.03%p...",https://biz.sbs.co.kr/article_hub/20000302754?division=NAVER,8,,1
"중동 호전?..유가 & 美국채금리 '돌연 하락', 금값 & 美증시 '돌연 호전...",또한 오름세를 보이던 미국 국채금리도 돌연 내림세로 돌아섰다. 미국달러가치도 하락했다. 반면 하락하던 뉴욕증시 주요 지수는 정규장 막판에 대부분 상승세로 돌아섰고 금값도 올랐다. 트럼프 미국 대통령이...,http://www.choicenews.co.kr/news/articleView.html?idxno=163471,9,,1
"獨 국채 2년물 금리, 10bp 급등…ECB 연내 금리 인상폭 80bp 넘어","통상적인 25bp씩 금리를 변동할 경우 연내 세 번 금리 인상은 확실하고, 네 번까지 금리를 올릴 가능성은 20% 정도라는 프라이싱이다. 이날 유로존 국채시장의 벤치마크 역할을 하는 분트 10년물 수익률은 3.0860%로...",https://news.einfomax.co.kr/news/articleView.html?idxno=4408228,8,,1
오늘의 증권소식(4월 7일),이란을 겨냥한 최후 통첩 데드라인이 오늘 저녁으로 다가오며 국제유가와 국채금리가 동반 상승한 가운데 전망치를 웃돈 근원 내구재 주문은 묻혀버리며 투자심리에 도움이 되지 않았다. 혼조세로 출발한...,https://www.radiokorea.com/news/article.php?uid=492969,8,,1
"미국증시 장중...은행주 '혼조', 美10년물금리·WTI '상승'",이날에도 중동 전쟁 불안감이 지속되고 장중 미국서부텍사스산원유(WTI) 가격이 상승한 가운데 벤치마크 금리인 10년물 국채금리도 오르면서 뉴욕증시에 부정적인 영향을 미쳤다. 이날엔 UBS가 대형은행 모간...,http://www.choicenews.co.kr/news/articleView.html?idxno=163466,11,,1
"美 '2030조 국방 예산', 우주·해양 패권 재편 신호탄…방산 슈퍼사이클...","▲의회의 최종 승인 규모 ▲미국 국채 금리 흐름 ▲주요 방산 기업의 수주 잔고 회전 속도다. 전문가들은 이번 사이클의 최종 승자는 단기 전쟁 수혜 기업이 아니라, 구조적 군사 변화의 흐름에 올라탄 기업이 될...",https://www.g-enews.com/view.php?ud=202604071419063766fbbec65dfb_1,4,,1
"美 국채가, 보합권 혼조…트럼프 압박 최고조",미국 10년물 국채금리 일중 추이[출처 : 연합인포맥스] 도널드 트럼프 미국 대통령이 이란에 통보한 데드라인이 임박함에 따라 채권시장도 사태 추이를 주시하며 좁게 움직이고 있다. 연합인포맥스의 해외금리 일중...,https://news.einfomax.co.kr/news/articleView.html?idxno=4408220,10,,1
[오늘의 시선] 마지막이란 각오로 추경에 임해야,"첫째로 매년 100조원 이상의 천문학적 규모로 국채 발행이 2, 3년 계속된다면 외국인과 내국인의 국채 수요가 현저히 떨어지면서 국채 가격은 급락할 것이고 국채금리는 폭등할 것이다. 둘째로 외국인들의 국채 수요가...",https://www.segye.com/newsView/20260407518020?OutUrl=naver,8,,1
중동 긴장에 비트코인 6만9000달러선 횡보…현물 ETF 유입이 하단 방어,"에너지 가격이 더 오르면 인플레이션 압력이 다시 커지고, 미국 국채금리와 연방준비제도(Fed)의 고금리 장기화 기대를 자극할 수 있다. 이는 위험자산 전반에 부담으로 작용한다. 다만 비트코인(BTC)은 전통...",https://www.tokenpost.kr/news/cryptocurrency/347141,14,,1
달러·금리 충격에 흔들린 금값…거래 열기는 최고치,"달러 강세와 월말 미국 국채 명목·실질 금리 상승, 이란발 유가 충격 이후 연방준비제도 기대 조정이 금 현물과 선물 하락을 키웠다. 거래는 현물 가격 약세와 반대로 확대했다. 2025년 기준 장외 거래는 하루...",https://www.digitaltoday.co.kr/news/articleView.html?idxno=654620,5,,1
"유럽증시, 중동 협상 시한 앞두고 혼조 출발…국채금리 상승","유럽 국채금리는 중동 협상 불확실성과 유가 상승 우려에 전반적으로 상승했다. 독일 국채 10년물 금리는 전장보다 2.53bp 상승한 3.0218%, 영국 국채 10년물 금리는 4.27bp 뛴 4.8204%를 나타냈다. 프랑스 10년물...",https://news.einfomax.co.kr/news/articleView.html?idxno=4408198,8,,1
은퇴 자산가들이 주요고객…'불리기'보다 '지키기'에 초점 [증권가 슈퍼...,"김 센터장은 ""과거 금리 상승기에 국채와 절세채권으로 은행 고객의 자금을 증권으로 유입시키고, 실제 수익 경험을 안겨준 것이 시너지의 기반이 됐다""고 말했다. 상속·증여 수요도 많기에 도곡 더 퍼스트에서는 세무...",http://www.fnnews.com/news/202604071816287143,9,,1
고유가에 정부 보조금 줬다가…동남아 신용등급 줄하락 위기,10년물 국채 금리는 지난 3월 중순 약 6.9%까지 올라 2025년 4월 이후 최고치를 기록했다. 동남아 국가는 중동산 원유 수입 의존도가 높아 연료 가격 상승이 곧바로 서민 생활 부담으로 이어지는 구조다. 이에 각국 정부가...,https://www.mk.co.kr/article/12010549,4,,1
"일본, 코인 세율 대폭 인하 확정…ETF 도입은 2028년 이후","한편 일본 국채 금리 상승으로 기관 투자자의 리밸런싱 압력이 커지고 있다는 분석도 제기된다. 금리 상승이 글로벌 유동성 축소로 이어질 경우, 비트코인 등 위험자산에 단기 하방 압력이 가해질 가능성도 배제할 수...",https://www.tokenpost.kr/news/cryptocurrency/347004,7,,1
전쟁발 고금리에 기업들 자금 경색... 회사채 2년 만에 4%대,회사채 스프레드(회사채와 국채의 금리 차) 확대로 기업의 자금 조달 창구인 채권 발행에 난항을 겪으면서다. 사정이 급한 기업들은 유상증자나 주식연계채권 발행으로 자금 마련에 나서고 있다. 2일 금융투자협회에...,https://www.hankookilbo.com/news/article/A2026040712380001179?did=NA,15,,1
일본 40년물 국채 금리 3.955%로 1bp 하락,"일본 40년물 국채 수익률이 1.0bp 하락해 3.955%를 기록했다고 Odaily가 보도했다. 이번 움직임은 일본 초장기물 채권 금리의 단기 변동으로, 글로벌 금리 흐름과 위험자산 선호 심리에 영향을 줄 수 있는 거시 지표...",https://www.tokenpost.kr/news/breaking/347016,6,,1
"삼성전자 ‘역대급 실적’에도 힘 못 쓴 코스피, 5494 마감…코스닥은 ...",서상영 미래에셋증권 연구원은 “트럼프 미국 대통령이 제시한 협상 마감 시한이 다가오면서 미국 시간외 선물이 하락하고 국제유가와 국채 금리는 상승했다”며 “아시아 증시는 이란 전쟁 관련 불확실성이...,https://biz.heraldcorp.com/article/10711901?ref=naver,9,,1
"日 30년물 국채 금리, 입찰 소화 후 하락 전환(상보)",일본 초장기 국채 금리가 장중 하락 전환했다. 7일 연합인포맥스에 따르면 일본 국채 30년물 금리는 오후 1시 15분 기준 전장 대비 0.44bp 내린 3.7571%에 거래됐다. 같은 시각 20년물 금리는 전장보다 0.14bp 낮아진 3....,https://news.einfomax.co.kr/news/articleView.html?idxno=4408155,4,,1
[오전 주요 국제금융뉴스](07일),"▲S&P500 선물, 중동 협상 시한 앞두고 하락…美 국채금리 혼조 - 7일 오전 아시아 시장에서 미국 주가지수 선물은 미국과 이란의 협상 시한을 앞두고 하락세를 나타냈다. 미국 국채 금리는 혼조세를 보였다....",https://news.einfomax.co.kr/news/articleView.html?idxno=4408152,10,,1
"S&P500 선물, 중동 협상 시한 앞두고 하락…美 국채금리 혼조","미국 국채 금리는 혼조세를 보였다. 연합인포맥스 지수선물 통합화면(화면번호 6520)에 따르면 한국 시각으로 오전 10시4분 기준 E-미니 S&P500 지수 선물은 전장 대비 0.15% 하락한 6,641.00에 거래됐다. 기술주 중심의 E...",https://news.einfomax.co.kr/news/articleView.html?idxno=4408113,8,,1
이란전쟁 고유가에 보조금 줬다가 신용등급 직격탄 맞은 나라들,10년물 국채 금리는 3월 중순 약 6.9%까지 올라 2025년 4월 이후 최고치를 기록했다. 동남아시아 국가들은 중동산 원유 수입 의존도가 높아 연료 가격 상승이 곧바로 서민 생활 부담으로 이어지는 구조다. 실제로...,https://www.mk.co.kr/article/12009974,4,,1
국채선물 보합권 혼조…트럼프 압박에 짙어진 관망세,"이를 반영하며 전 거래일 미 국채 2년물 금리는 1.9bp 올랐고, 10년물 금리는 0.5bp 하락했다. 서울 채권시장은 이날 상승 출발한 후 곧바로 하락 전환했다. 다만 낙폭을 축소해 현재 보합권에서 움직임을 이어가고 있다....",https://news.einfomax.co.kr/news/articleView.html?idxno=4408095,6,,1
"타워팰리스 옆 KB증권 VIP센터, GWS본부 도곡 더퍼스트 [증권가 슈퍼리치...","김 센터장은 ""과거 금리 상승기에 국채와 절세채권으로 은행 고객의 자금을 증권으로 유입시키고, 실제 수익 경험을 안겨준 것이 시너지의 기반이 됐다""고 말했다. 상속·증여 수요도 많기에 도곡 더 퍼스트에서는 세무...",http://www.fnnews.com/news/202604051600360018,9,,1
"HSBC ""美증시, 해방의 날 이후 처음 진정한 매수 신호""",현재 수익률은 이 수준까지 15bp만 남겨두고 있어 안전 마진이 매우 불안정하다고 설명했다. 인플레이션 급등으로 미 국채금리가 위험 구간에 도달하면 어떤 자산도 방어 역할을 하지 못할 것이라고 그는 지적했다.,https://news.einfomax.co.kr/news/articleView.html?idxno=4408066,8,,1
[손지현의 채권분석] 금통위 앞 되살아난 중동 기대,"이를 반영해 전 거래일 미 국채 2년물 금리는 1.9bp 오른 3.8520%, 10년물 금리는 0.5bp 내린 4.3340%를 나타냈다. 이날 오전 중 구윤철 부총리 겸 재정경제부 장관은 국회 예산결산특별위원회 종합정책질의에 자리한다....",https://news.einfomax.co.kr/news/articleView.html?idxno=4408055,6,,1
"오늘이 제일 싸다…1500원 시대 진입한 환율, 직구 결제 골든타임","미국 연방준비제도(Fed, 중앙은행)의 금리 인하 시점이 예상보다 늦춰질 것이라는 전망이 힘을 얻으면서 국채 금리가 상승했고, 이는 달러 인덱스(주요 6개국 통화 대비 달러 가치)를 밀어 올리는 동력이 됐다....",https://www.wikitree.co.kr/articles/1130024,16,,1
"코스피, 장 초반 2.5% 급등해 5580선…삼성전자 '깜짝 실적'에 반도체 강...","반면 서부텍사스산원유(WTI)는 배럴당 113달러, 미국 10년물 국채금리는 4.34%, 달러·원 환율은 1508.8원 수준으로 전쟁 긴장감은 여전히 시장 부담 요인으로 남아 있다. 국내 증시 강세는 삼성전자 실적 발표가 견인한...",https://www.etnews.com/20260407000083,15,,1
"중동 협상 촉각..亞증시 장초반, 코스피 & AXJO '급등', N225 '상승'",이날 미국증시 마감 무렵 벤치마크 금리인 10년물 미국 국채금리는 4.335%로 직전 거래일의 4.346% 대비 낮아지는 등 미국 장단기 국채금리 하락 속에 뉴욕증시 주요 지수가 일제히 올랐다. 이날 미국증시 마감 무렵...,http://www.choicenews.co.kr/news/articleView.html?idxno=163401,10,,1
[뉴욕 마켓 브리핑](7일),"*4월6일(현지시간) -뉴욕증시 : 다우 0.36%↑ S&P500 0.44%↑ 나스닥 0.54%↑ -미 국채 10년물 금리 : 전 거래일 오후 3시 기준가보다 1.50bp 하락한 4.3340% -달러화 : 엔화에 강세, 유로화에 약세, 달러인덱스는 99....",https://news.einfomax.co.kr/news/articleView.html?idxno=4408046,5,,1
"日 국채 금리 급등, 글로벌 유동성 압박…비트코인 랠리 옥죈다","[사진: 셔터스톡]  일본 국채 금리 상승이 글로벌 유동성을 위축시키며 비트코인(BTC) 반등 흐름을 둔화시키고 있다는 분석이 나왔다. 6일(현지시간) 블록체인 매체 비인크립토에 따르면, XWIN 리서치는 최근 일본 금리...",https://www.digitaltoday.co.kr/news/articleView.html?idxno=654171,7,,1
"""환율 진정될 줄 알았는데""…'4월의 약속' 불발된 이유 [스프]",(게다가) 최근 들어서는 일본 40년물 국채 금리가 4%를 넘어섰죠. 10년물 금리도 현재 2%대 초중반대까지 올라가는 상황이고요. 과거 대비 한국물 투자에 대한 투자 매력도가 떨어진 점도 한몫하지 않을까라고 생각을 하고...,https://news.sbs.co.kr/news/endPage.do?news_id=N1008507067&plink=ORI&cooper=NAVER,7,,1
"뉴욕증시, 미·이란 협상 기대에 상승…나스닥 0.54%↑","미 국채 금리는 뚜렷한 방향성 없이 보합권에서 움직였습니다. 10년 만기 국채 금리는 전장 대비 소폭 하락한 4.335%를 기록했고, 정책금리에 민감한 2년 만기 국채 금리는 3.850%로 전거래일과 같았습니다.",https://biz.sbs.co.kr/article_hub/20000302473?division=NAVER,4,,1
"[EBN 포커스] 1300조 넘은 나랏빚, 문제는 '규모'가 아니라 '속도'…한국...",◆[시장 리스크] 재정 → 국채 → 금리…시장을 뒤흔드는 '부메랑' 나랏빚은 정부만의 문제가 아니다. 적자를 메우기 위한 국채 발행 증가는 시중 금리 상승 압력으로 직결된다. 특히 기축통화국이 아닌 한국은 재정...,https://www.ebn.co.kr/news/articleView.html?idxno=1704601,4,,1
나스닥의 기묘한 상승…지정학적 리스크에도 웃는 내 계좌 속 기술주,채권 시장에서는 안전 자산에 대한 수요가 서서히 고개를 들며 국채 금리가 특정 범위 안에서 횡보하는 흐름을 나타냈다. 주식 시장의 상승세가 이어지고 있음에도 불구하고 중동 정세의 급격한 변화에 대비하려는...,https://www.wikitree.co.kr/articles/1130010,7,,1
"국채선물, '협상 주시' 거래 저조 속 상승…3년물 2틱↑","한편 같은 시간 미국 국채 금리는 혼조세를 나타냈다. 미 국채 10년물 금리는 전 거래일 뉴욕시장 마감 가격 대비 0.50bp, 30년물 금리는 2.90bp 각각 하락했다. 2년물 금리는 1.90bp 높아졌다. 도널드 트럼프 미국 대통령이...",https://news.einfomax.co.kr/news/articleView.html?idxno=4408021,4,,1
"메리츠 참여에 숨통 트였지만…이오타2 PF, 회생 가능성은 ‘안갯속’","또 다른 관계자는 “리스크가 일부 존재하더라도 부동산 PF 시장이 저점을 지나 점차 회복 국면에 진입하고 있다는 평가가 나오는 만큼, 입지 조건 등을 고려한 잠재적 수익성을 보고 투자를 결정했을 가능성이 크다”고...",https://www.youthdaily.co.kr/news/article.html?no=216970,4,,1
[Who Is ?] 강성묵 하나금융지주 부회장 겸 하나증권 대표이사 사장,앞서 부동산 PF와 해외 대체투자 등 부동산 금융에 적극적으로 진출해 기업금융부문을 키워왔던 하나증권은 2022년부터 부동산시장이 침체기를 맞으면서 수익성이 크게 악화됐다. 강성묵은 2023년 하나증권 지휘봉을...,https://www.businesspost.co.kr/BP?command=article_view&num=435181,5,,1
작년 10대 증권사 PF 16% 증가…절반 수도권 사업,지난해 국내 자기자본 상위 10대 대형 증권사의 부동산 PF(프로젝트파이낸싱) 공급이 1년 전보다 16% 가량 늘어난 가운데 수도권 비중이 50%를 넘긴 것으로 나타났다. 특히 본 PF에서 선순위 비중은 70%를 웃돌고 있다....,https://www.dnews.co.kr/uhtml/view.jsp?idxno=202604071420510400293,12,,1
"[단독] 10대 증권사 2025년 법인세 전년比 28% 늘어...1위 한투, 2위 키움...","2023년 수수료수익이 부진했던 건 부동산PFㆍ해외투자자산의 손실 등으로 이익이 크게 줄었기 때문이다. 미래에셋증권은 지난해 수수료수익 1조6053억원을 시현했다. 2022년(1조1000억원), 2023년(1조342억원), 2024녀...",http://www.joseilbo.com/news/news_read.php?uid=566120&class=7&grp=,13,,1
“펀드 만들어 자본 수혈… 데이터센터 등 신시장 개척”,"김한모 디벨로퍼협회 신임 회장 “프로젝트 파이낸싱(PF) 시장이 꽉 막히면서 대부분 디벨로퍼가... 김 회장은 2012년 부동산 업계에 입문한 뒤 분양대행, 시행, 자산운용 등으로 자산 규모를 2조원대까지 키운 대표적 2세대...",https://www.chosun.com/economy/realty/2026/04/08/E23U5LLMSZEIXLVIAV5BWBXJWA/?utm_source=naver&utm_medium=referral&utm_campaign=naver-news,4,,1
"[AI 부동산 투데이] ""클수록 돈 된다""…불황에도 대단지 몸값은 수직상...","그동안 고금리 기조와 부동산 프로젝트파이낸싱(PF) 자금 경색, 그리고 원자재 가격 상승에 따른 공사비 갈등으로 인해 건설사들이 분양 일정을 계속해서 미뤄왔습니다. 봄 분양 성수기가 본격적으로 시작되면서...",https://www.newspim.com/news/view/20260407001128,10,,1
"현대건설, 대손충당금 1년새 2배 늘어…공사미수금 1조원 달해","그동안 현대건설은 파나마 메트로 등 해외 프로젝트의 미수금이 꾸준히 제기돼 왔으나, 실제로 실적의 발목을 잡는 핵심 뇌관은 국내 대형 부동산 프로젝트파이낸싱(PF) 및 분양 사업장이 다수를 차지했다. 미수금 중...",https://www.goodkyung.com/news/articleView.html?idxno=285554,14,,1
"곽봉석 DB증권 대표, 2연임 성공…PIB 내세워 IB‧WM 성장","업계는 곽 대표 연임 배경으로 부동산 PF 리스크를 안정적으로 관리하고, 전통 투자은행(IB)과 자산관리(WM) 부문 수익을 확대해 체질 개선을 이룬 점을 꼽는다. 특히 고금리 장기화로 부동산 금융이 위축된 상황에서...",https://www.ceoscoredaily.com/page/view/2026040716085783221,9,,1
[더벨][한국증권 리테일 성공방정식] 거점 점포 없는 패밀리오피스 전략...,"증권업계 관계자는 “해외 부동산 PF(프로젝트 파이낸싱), 사모대출 등 특화 상품 공급을 위해 노력한다”면서도 “패밀리오피스 가입 고객 한정 금융상품을 제공하지는 않고 있다”고 말했다.",https://www.thebell.co.kr/free/content/ArticleView.asp?key=202604021711518880108475,6,,1
대형 증권사 기업금융 42조로 급증…'부동산 PF' 이은 금융위기 뇌관 되...,"안수진 나이스신용평가 연구원은 ""기업금융은 성장성과 수익성을 동시에 갖춘 영역이나 적절한 리스크 관리가 뒷받침되지 않을 경우 부동산 PF에 이은 잠재적 뇌관이 될 수 있다""며 ""기업금융 익스포저 규모와...",https://news.tf.co.kr/read/economy/2310626.htm,14,,1
모험자본 공급 늘리는 증권사… 건전성 리스크는?,"나신평은 ""기업금융은 성장성과 수익성을 동시에 갖춘 영역""이라면서도 ""적절한 리스크 관리가 뒷받침되지 않을 경우 부동산 PF에 이은 잠재적 뇌관이 될 수 있다""고 말했다. 나신평은 이어 ""공격적인 영업 기조는...",https://www.ekoreanews.co.kr/news/articleView.html?idxno=85466,10,,1
증시 호황에도 웃지 못하는 iM증권…수익 구조 한계 분명,iM증권이 부동산 프로젝트파이낸싱(PF) 축소 이후 뚜렷한 수익 회복 흐름을 만들지 못하고 있다. 트레이딩 중심 수익 구조가 고착화되며 실적 반등이 지연되고 있다는 평가다. 7일 금융투자협회에 따르면 iM증권의...,https://www.1conomynews.co.kr/news/articleView.html?idxno=47910,11,,1
"대형증권사 기업금융 위험노출액 42조…""리스크 관리 중요""","안 연구원은 ""기업금융은 성장성과 수익성을 동시에 갖춘 영역이나 적절한 리스크 관리가 뒷받침되지 않을 경우 부동산 PF에 이은 잠재적 뇌관이 될 수 있다""며 ""기업금융 확대가 개별 증권사의 사업경쟁력과 재무...",https://www.newsis.com/view/NISX20260407_0003581430,8,,1
'강한 중형 증권사' 선언한 한양증권…디지털 경쟁력 확보 '관건',한양증권은 부동산 프로젝트파이낸싱(PF) 등 위험도가 높은 자산 비중을 줄여 안정적 수익 구조를 만들겠다는 계획을 세우고 있다. 다만 증권업 특성상 위험을 줄이면 그만큼 수익을 낼 기회도 줄어들 수 있어 리스크...,https://daily.hankooki.com/news/articleView.html?idxno=1355931,12,,1
1분기 증권사 역대급 실적에도···'이란발 증시 급랭'에 피크 경고,"해외주식 거래 감소, 부동산 PF 부진 등으로 수익 변동성을 흡수할 장치가 제한적이며, 발행어음·IMA 등 신규 사업도 국내 금융시장 유동성에 의존할 수밖에 없는 구조다. 실제 3월 들어 시장 분위기는 급변했다. 이란 전쟁...",https://www.smartbizn.com/news/articleView.html?idxno=141413,13,,1
은행 부실징후기업 3150곳...한계 내몰린 기업들,"한 은행권 관계자는 ""고금리 장기화와 내수 부진, 부동산 프로젝트파이낸싱(PF) 부실이 겹치면서 한계기업이 동시에 드러나는 모습""이라며 ""코로나19 당시 정책금융에 의존해 버텨온 기업들의 상환 유예가 종료된...",https://www.kbanker.co.kr/news/articleView.html?idxno=224648,16,,1
[Invest]롯데손해보험 매각 재시동…'시너지 있을까' 금융지주 움직임 촉...,"손해보험의 안정적인 자금을 기반으로 증권사가 부동산 PF·대체투자 등 수익성 높은 딜을 발굴·집행하는 '메리츠 모델'을 염두에 둔 것으로 알려졌다. 현재 키움그룹은 증권 중심 구조인데, 보험사를 인수하면 보험사...",https://www.investchosun.com/site/data/html_dir/2026/04/07/2026040780133.html,11,,1
"“계열사 SOS에도 부동산 투자 NO”…KB증권, 강진두式 안전경영 속도","지난해 전체 부동산 PF 익스포저 가운데 브릿지론 비중을 1%대로 낮췄고, 부동산 시장 불확실성에 대비해 충당금도 2024년 670억원에서 지난해 940억원으로 40.3% 늘렸다. 다만 강 대표 체제 들어 이런 흐름은 더 빨라질...",https://www.ddaily.co.kr/page/view/2026040714451175831,8,,1
4대 금융지주 1분기 순이익 '5조' 순항…비은행 경쟁력 '변수',부동산 PF와 기업대출 관련 충당금 부담도 이어질 것으로 예상된다. 기업금융 확대 역시 위험가중치(RW)와 리스크 부담 영향으로 우량 차주 중심의 선별 여신 기조가 지속되면서 속도를 내기 쉽지 않다는 평가다....,http://www.newsfc.co.kr/news/articleView.html?idxno=77926,14,,1
[기획] 안일한 건설업계 미분양에 빠졌지만…분양가는 '고공행진',"여기에 프로젝트파이낸싱(PF) 대출 심사 강화까지 겹치면서 미분양이 장기화 될 경우 건설사들의 재무 부담이... 대표적으로 1주택자가 인구 감소지역에 추가로 주택을 구입할 경우 양도소득세와 종합부동산세, 재산세...",https://www.m-i.kr/news/articleView.html?idxno=1362268,10,,1
"호반건설, 걸포4지구 개발사업 참여로 김포시 발전 가속화",김포도시공사는 “부동산 시장 및 국제 정세 변화 등 불투명한 여건에도 불구하고 대체출자자 모집에... 이어 공사 측은 “㈜호반건설의 참여로 사업시행자의 신용 보강 리스크가 해소돼 본 PF 실행 등 재원 마련에...,https://www.viva100.com/article/20260407500669,4,,1
"""건설업 매출 축소 불가피…홈플러스 PF 우발채무 현실화 가능성도""","여기에 홈플러스 점포 개발 관련 프로젝트파이낸싱(PF) 우발채무 현실화 가능성도 무시할 순 없다고... 수도권과 지방 간 분양 시장 양극화가 이어지고 있는 데다, 부동산 정책 공급 측면의 불확실성이 여전하다는 점도...",https://news.einfomax.co.kr/news/articleView.html?idxno=4408125,9,,1
대형 증권사 기업금융 42조 시대...익스포저 급증 속 리스크 관리 '시험...,"모험자본을 포함한 기업금융 비중이 빠르게 확대되는 가운데, 기존 부동산 PF 중심 구조에서 벗어나 신용평가와 자본관리 역량이 핵심 경쟁력으로 부상하고 있다는 분석이다. 7일 나이스신용평가에 따르면 2025년 말...",https://www.greened.kr/news/articleView.html?idxno=338933,8,,1
"‘보이지 않는’ 거품의 붕괴, 사모대출판 ‘빅쇼트’ 올까[조원경의 현...","괴짜 펀드매니저 마이클 버리는 모두가 부동산 불패 신화에 취해 샴페인을 터뜨릴 때, 홀로 헤비메탈을 크게... 프로젝트파이낸싱(PF)과 중소기업 대출 시장을 향해 거대한 해일처럼 밀려오고 있다. 금융기관들이 서로의...",https://biz.heraldcorp.com/article/10711561?ref=naver,11,,1
"[더벨][OK캐피탈은 지금] 박승배 체제 출범, 3중 금융 체계 안착 과제",부동산PF 중심의 자산 구조에서 벗어나 기업금융 역량을 고도화하려는 전략이다. 대내외 시장 변동성에 대응할 다각적인 사업 기반을 구축하는 데도 목적이 있다. 본부별 전문성을 바탕으로 각 영역에 자본 배분을...,https://www.thebell.co.kr/free/content/ArticleView.asp?key=202604030750580780101317,13,,1
"[더벨][이사회 분석 | 산은캐피탈] 사외이사 3인 체제 유지, 법률·회계...",부동산PF 리스크 관리에서 건설·행정에 특화된 성 사외이사의 역량을 기대해 볼 수 있다. 함께 합류한 김동훈 사외이사는 재무·회계 전문가다. 삼일회계법인을 거쳐 현재 동현회계법인 상무로 재직 중이다. 전문 분야는 M...,https://www.thebell.co.kr/free/content/ArticleView.asp?key=202604031512510920101995,12,,1
"[증권사도 유가 리스크]⑦ KB증권, 균형 구조 속 'IB 민감도' 변수",KB증권의 부동산금융 익스포저는 자기자본 대비 약 50% 수준이며 이 가운데 PF 비중이 80%를 웃돈다. 여기에 위험익스포저 역시 자기자본 대비 270%를 상회하는 수준까지 확대된 상태다. 유가 상승은 건설 원가 상승과 기업...,https://www.bloter.net/news/articleView.html?idxno=658795,8,,1
"김포 걸포4지구 도시개발사업, 호반건설 최종 확정","7일 김포도시공사에 따르면 공사는 현재 진행 중인 실시계획 변경 인가 및 본 PF 실행, 보상 착수 등의 사업... 이는 부동산 시장 및 국제 정세 변화 등 불투명한 대내외 여건에도 불구하고 대체 출자자 모집에 성공한 것은...",https://www.joongboo.com/news/articleView.html?idxno=363722072,4,,1
"""김포 걸포4지구 다시 뛴다""... 대체 건설출자자로 ㈜호반건설 참여 확...","공사는 ▲(2026년 상반기)본 PF(프로젝트 파이낸싱) 실행을 통한 재원 조달 완료 및 보상계획 공고, ▲(2026년... 털어내고 '골든타임'을 확보함에 따라, 지역 부동산 시장과 경제 활성화에 미칠 영향에 관심이 쏠리고 있다.",https://www.tournews21.com/news/articleView.html?idxno=133307,4,,1
“2조 벤처 세컨더리…엑시트 숨통 vs 가격 방어 논란”,한 IB 업계 관계자는 “과거 부동산 PF처럼 ‘유동성 공급자’ 역할에만 집중하면 위험하다”며 “철저한 실사와 가격 책정 능력이 뒷받침되지 않으면 손실로 이어질 수 있다”고 강조했다. “단기 처방 vs 구조 개혁”...,http://www.fntimes.com/html/view.php?ud=2026040709563221192a735e27af_18,7,,1
"[아침저널] 박수민 ""정원오 외유성 출장 의혹, 서울시장 모범되려면 깨...","지금 서울이 금융도시인데 우리나라 부동산 금융이 굉장히 덜 발달했어요. 그 증권사 PF 대출밖에 없는데, 그게 수수료까지 다 하면 14에서 15%까지 가요 아 이 금융권이 가져가는 가져가는 몫이. 그러니까 어마어마하거든요....",https://news.bbsi.co.kr/news/articleView.html?idxno=4076715,10,,1
새마을금고 가계대출 '0%' 제한…수익성 부담 가중,"기업대출 확대 역시 주요 고객이 소상공인 중심인 데다, 과거 부실 원인이었던 부동산 PF 대출을 다시 늘리기 어렵다는 점에서 한계가 있다. 이에 새마을금고는 전략 전환에 나섰다. 부동산 대출을 줄이고 '사회연대경제...",https://www.cstimes.com/news/articleView.html?idxno=701079,11,,1
"중동 사태 장기화 파장, 건설업계 원가 상승 압력 가중…수익성 관리 '...","국토교통부는 '건설현장 비상경제 태스크포스(TF)'를 중심으로 건설자재 수급 및 가격 동향을 점검하고 있으며, 부동산 프로젝트파이낸싱(PF) 상황 점검 및 금융 지원 방안 등을 관계 부처와 협의 중이다. 지난 5일에는 유관...",http://www.ttlnews.com/news/articleView.html?idxno=3096437,10,,1
[증권가 이모저모] 70살 한양증권 KCGI가 바꾼 맨파워와 인프라,"한양증권은 전통적으로 부동산PF에 강점을 가진 회사였다. 시장에서는 'PF 의존도가 높다'는 인식이 밸류에이션 할인 요인으로 작용해왔다. 5년 평균 PBR 0.34배, PER 3.7배. ROE(10.2%)와 ROA(2.7%)가 업종 상위권인데도...",https://news.einfomax.co.kr/news/articleView.html?idxno=4408025,9,,1
"시장 불안에 안전자산 쏠림…개미, 국공채 펀드는 사고 회사채는 팔아",전날 기준 AA-등급 회사채 3년물 기준 신용 스프레드는 65.3bp를 기록했다. 이는 지난해 1월 이후 약 1년3개월 만에 가장 크게 벌어진 수준이다. 이날 오전 기준 신용 스프레드 또한 64.1bp를 기록 중이다. 신용 스프레드는...,https://www.ajunews.com/view/20260407125415745,7,,1
회사채 대신 은행으로…전쟁·'생산적 금융'에 발행 매력↓,"'AA-' 신용등급 기준으로는 회사채 대비 대기업 대출 금리 스프레드가 3~4bp 수준까지 좁혀진 상황이다. 통상 시장성 조달이 은행 대출보다 이자 비용이 낮은데, 회사채 발행의 이런 금리 메리트도 사라진 셈이다. 한...",https://news.einfomax.co.kr/news/articleView.html?idxno=4408130,13,,1
"2.4조 유증 행선지… 한화, 에너지 부채 털고 방산으로 간다","회사채 차환 비용이 뛰고, 은행 약정은 더 보수적으로 바뀌며, 해외 자회사 대출의 재무약정 관리 부담까지... 신용 스프레드 확대와 차환 비용 상승으로 번질 가능성이 높다. 기한이익상실이 현실화될 경우 단순히 해당...",http://www.newsroad.co.kr/news/articleView.html?idxno=57439,11,,1
“국고금리 변동성 확대…이란 사태·기대인플레이션 안정이 분수령”...,"이어 “회사채는 스프레드, 금리 모두 확대(상승)되며 AA- 3년물 기준 지난 2024년 4월 이래 처음으로 금리가 4%대를 돌파했고 추가 금리 상승 우려로 발행·유통시장 모두 위축 흐름을 나타냈다”고 부연했다....",https://www.news2day.co.kr/article/20260407500077,8,,1
[모닝 리포트] 회사채 금리 2년 만에 4%대…이란 사태가 변수,"이 연구원은 ""회사채는 스프레드와 금리 모두 확대(상승)되며 AA- 3년물 기준 2024년 4월 이래 처음으로 금리가 4%대를 돌파했으며 추가 금리 상승에 대한 우려감으로 발행시장과 유통시장 모두 위축 흐름을 보였다""고...",https://www.newspim.com/news/view/20260407000058,8,,1
"‘美 IPO 최대어’ 스페이스X 투자 하려면?…상장 앞두고 ETF 쏟아진다, ...",IPO 기대감에 우주항공 테마 상품 잇단 출시 일론 머스크와 스페이스X 로고 [로이터] 미국 기업공개(IPO) 사상 ‘최대어’로 꼽히는 일론 머스크의 우주기업 스페이스X 상장을 앞두고 국내에서 미국 우주항공 테마...,https://biz.heraldcorp.com/article/10712121?ref=naver,4,,1
"'신약 대신 두쫀쿠로 버틴 셀리드'…거래소, 이종사업 꼼수 칼댄다[only...",로펌에서 자본시장 자문을 담당하는 한 변호사는 “최근 바이오벤처에서 들어오는 의뢰 대부분은 상장폐지되지 않으려면 어떻게 해야하느냐는 기술 특례 상장사들”이라며 “기업공개(IPO)를 위한 자문 요청은 몇 년...,http://www.edaily.co.kr/news/newspath.asp?newsid=02528886645414152,4,,1
"노근창 현대차證 센터장이 본 삼전…""3분기 영업익 100조 가능…뉴노멀...","최대 리스크로는 오픈AI의 기업공개(IPO)를 꼽았다. 노 센터장은 ""오픈AI가 상장을 못하거나 성적표가 안 좋다면 데이터센터 투자의 숨고르기가 있을 수 있다""며 ""이를 제외하고는 아무리 찾아봐도 (악재가) 별로 없는 것...",https://news.einfomax.co.kr/news/articleView.html?idxno=4408253,4,,1
"감사의견 '거절'…아이티켐, 상장 8개월 만 퇴출 위기",아니면 IPO 당시 설명한 성장 방향과 다른 신규 투자 전략이 본격화된 것인지 해석이 엇갈렸다. CB 발행 이후 불과 한 달여 만에 상장폐지 사유가 발생했다는 점도 의문을 키운다. 당시 CB에는 기관 자금이 대거 들어온...,https://www.newsway.co.kr/news/view?ud=2026040714000856713,4,,1
"'한림제약 품속에서 성장' 에이치엘지노믹스, 코스닥 입성 도전장","상장 이후 가격 경쟁력 확보·품목 다변화 예정 부채비율 6.6%, 5년 연속 흑자 재무 건전성 확보  에이치엘지노믹스가 코스닥 상장 예비심사를 청구하며 IPO(기업공개) 절차에 돌입했다. 에이치엘지노믹스는...",https://www.fetv.co.kr/news/article.html?no=216431,8,,1
"[폴레드 IPO] ②'매출 정체' 피어그룹과 대조, 사업 재편으로 성장세","유아 가전 중심 사업 구조 재편, 영업이익률 13.04% 업종 정체기 속 외형 성장 지속, 매출액증가율 51.36%  코스닥 상장을 추진 중인 폴레드가 유아용품 기업들로 구성된 피어그룹과 대조적인 성장세를 보이며 IPO 흥행...",https://www.fetv.co.kr/news/article.html?no=216426,6,,1
"[토스 IPO 준비] ②수익성 우려 걷어낸 토스, 순익·외형 모두 잡았다",FETV는 토스의 성장 과정과 실적 흐름을 짚어보고 IPO 전략과 향후 과제를 짚어본다. [FETV=임종현 기자] 토스가 지난 2024년 국내 상장 준비 과정에서 마주했던 쟁점은 고평가 논란이었다. 당시 적자 기업임에도 10조원...,https://www.fetv.co.kr/news/article.html?no=216515,5,,1
거래대금 67조 ‘폭발’…증권사 1분기 실적 눈높이 높아졌다,"정부의 중복상장 규제 가이드라인 예고로 대기업 자회사 IPO가 중단되면서 ECM 주관 실적은 전년 대비 53.6% 감소하고, 금리 변동성 확대로 DCM 주관 실적도 25.3% 줄어들 것으로 내다봤다. 반면 부동산 금융은 사업...",http://www.edaily.co.kr/news/newspath.asp?newsid=02479686645414152,10,,1
[비즈 나우] 스페이스X가 온다…韓개미 투자길 열리나,"브렛 존슨 CFO는 이번 상장을 두고 ""그 어는 IPO보다 개인투자자가 큰 비중을 차지할 것""이라고 말했고요. 머스크 역시도 앞서 최대 30%를 개인투자자에게 배정하길 원한다 언급한 바 있는데, 일반적으로는 5% 정도만...",https://biz.sbs.co.kr/article_hub/20000302757?division=NAVER,4,,1
스페이스X IPO 앞두고… 국내 우주항공 ETF 경쟁 본격화,"미국 기업공개(IPO) 시장 최대 기대주로 꼽히는 스페이스X 상장을 앞두고, 국내 자산운용사들이 우주항공 테마 상장지수펀드(ETF) 출시 경쟁에 본격적으로 나서고 있다. 일론 머스크가 이끄는 스페이스X는 오는 6월...",https://biz.chosun.com/stock/stock_general/2026/04/08/X7NYO7W4JFEWDKLFESLVMFOO2I/?utm_source=naver&utm_medium=original&utm_campaign=biz,4,,1
"중국 AI, 한국어 평가도 장악…국산 모델 ‘밀렸다’","2028년 손익분기점 달성이 관측되는 가운데, 오픈AI보다 빠른 매출 상승 폭을 기록하며 AI 기업공개(IPO)... 코스닥 상장을 추진 중이다. 5. 삼성SDS, 우리銀 ‘AI 에이전트’ 만든다 - 핵심 요약: 삼성SDS가 우리은행의...",https://www.sedaily.com/article/20029637?ref=naver,9,,1
"[더벨][IPO 모니터] '반도체 루키' 수퍼게이트, 미래에셋과 상장 구체화",수퍼게이트는 기존에 다른 증권사와 상장을 준비했었으나 주관사를 바꿔서 IPO 작업에 속도를 낸다는 방침이다. 2018년 설립된 수퍼게이트는 솔루션 컴퓨팅 전문 팹리스로 고성능 반도체를 전문적으로 설계해...,https://www.thebell.co.kr/free/content/ArticleView.asp?key=202604061301364400109395,7,,1
"[더벨][이매지너스 IPO] 첫 흑자전환, 코스닥 상장 '청신호'","호실적에 힘입어 IPO 작업에도 탄력이 붙을 전망이다. 최근 금융당국은 이익실현기업에 한해 상장 문턱을 허락하고 있다. 특례상장도 바이오와 인공지능(AI), 우주, 에너지 같은 국가전략기술에 해당해야 가능성이 높다. K...",https://www.thebell.co.kr/free/content/ArticleView.asp?key=202604060044049430109012,8,,1
[더벨][해치텍 IPO] 최대주주 40%대 지배력…단기 오버행 우려 제한적,"프리IPO 투자를 유치했다. DB증권은 이중 RCPS 7만주를 약 10억원에 취득했고, 이후 전환 과정을 통해 보통주 7만8673(상장후 1.43%)주를 보유 중인 만큼 상장후 최소 1년간 해당 지분을 매각할 수 없다. 임직원 스톡옵션도...",https://www.thebell.co.kr/free/content/ArticleView.asp?key=202604061336056040103516,7,,1
"[더벨][K-컬처 IPO 후보군 분석] 엔엑스쓰리게임즈, 결손금 털고 '재도약...",게임사 기업공개(IPO)는 2024년 7월 시프트업의 유가증권시장 상장 이후 명맥이 끊긴 상태다. 하지만 물밑에서는 여전히 좋은 게임을 통해 실적을 개선해 나가고 투자를 유치하며 IPO를 향해 한걸음씩 나아가는...,https://www.thebell.co.kr/free/content/ArticleView.asp?key=202604061038176400102418,5,,1
[더벨][VC x 스타트업 동행] '드론 1등 기업' 되기까지…아이디벤처·에...,"초기 투자부터 IPO까지 전주기 밸류업에 초점을 맞춰 투자를 집행했다고 합니다. 재무 구조 정비, M&A 자문, 상장 준비까지 깊이 관여하며 기업 성장 과정에 밀착해 조언을 아끼지 않는다는 전언입니다. 이다인 대표 또한...",https://www.thebell.co.kr/free/content/ArticleView.asp?key=202604061236116760107419,4,,1
"[더벨][유증&디테일] 레이저쎌, 글로벌 고객사 수주 수요 대응",이달 13일 납입이 이뤄질 시 같은 달 27일에 신주가 상장되는 구조다. 타이거자산운용의 코스닥 전문... 내부적으로는 기업공개(IPO) 이래 50개가 넘는 기업들과 퀄리피케이션을 진행했던 성과로 자찬하고 있다....,https://www.thebell.co.kr/free/content/ArticleView.asp?key=202604061644079880104586,7,,1
"[Invest]돈 버는 건 결국 보험…뱅크샐러드 IPO, ‘핀테크’ 정체성 시험...","뱅크샐러드가 기업공개(IPO)에 나서는 가운데, 사업 정체성과 수익원에 대한 관심이 커지고 있다.... 투자은행(IB) 업계에 따르면 뱅크샐러드는 이르면 올해 하반기 코스닥 상장을 목표로 예비심사 청구를 준비하고 있다....",https://www.investchosun.com/site/data/html_dir/2026/04/07/2026040780122.html,9,,1
[Invest]스페이스X는 시작일 뿐...'텅텅 빈' 국내 IPO에 '헥토콘' 해외 공...,"켄코아에어로스페이스, 한화시스템, 제노코, 이노스페이스, LG에너지솔루션 등 우주·방산 관련 종목들도 연쇄적으로 주목받고 있다.한 증권사 관계자는 ""중복상장 금지 이후 국내 IPO 시장은 구조적으로 침체에 빠질...",https://www.investchosun.com/site/data/html_dir/2026/04/07/2026040780158.html,7,,1
"스페이스X 6월 상장에 韓운용사, '우주항공 ETF' 속속 출시","NH-아문디자산운용 관계자는 미국에서 진행되는 스페이스X IPO 절차를 지켜보고 있으며, 상장 이후 편입 여부를 검토할 계획이라고 밝혔다. 국내외 기업이 아직 상장되지 않은 상황에서 국내 운용사들이 관련 ETF와...",https://www.slist.kr/news/articleView.html?idxno=729962,4,,1
'세기의 IPO' 카운트다운...韓 개미도 ETF '탑승 준비',"운용사 관계자는 ""(미국에서 진행되는) 스페이스X IPO 절차를 지켜보고 있고 상장시 추후에 편입 여부를 고려할 계획""이라고 말했다. 스페이스X 상장에 대한 투자자들의 관심이 높다 보니 아직 상장되지도 않은 해외...",http://www.wowtv.co.kr/NewsCenter/News/Read?articleId=A202604080184&t=NN,4,,1
스페이스X 선점 경쟁…국내 잇따라 ETF 출시,"운용사 관계자는 ""(미국에서 진행되는) 스페이스X IPO 절차를 지켜보고 있고 상장시 추후에 편입 여부를 고려할 계획""이라고 말했습니다. 이처럼 국내 기업이나 해외 기업이 아직 상장되지 않았는데도 국내...",https://biz.sbs.co.kr/article_hub/20000302753?division=NAVER,4,,1
"[외신 헤드라인] ""애플, 첫 폴더블폰 기술문제로 출시 지연 가능성""","브렛 존슨 CFO는 이번 상장을 두고 ""그 어느 IPO보다 개인투자자가 큰 비중을 차지할 것""이라고 말했는데요. 머스크 역시도 앞서 최대 30%를 개인투자자에게 배정하길 원한다 언급한 바 있습니다. 일반적으로는 5% 정도만...",https://biz.sbs.co.kr/article_hub/20000302741?division=NAVER,4,,1
신규 상장 기업 절반 넘게 줄어… 봄은 왔는데 꽁꽁 언 공모주 시장,기업공개(IPO) 시장이 침체에 빠졌다. 올해 1분기까지 신규 상장 기업은 9곳으로 1년 전과 비교해 절반 이하로 줄었다. 중복상장 규제에다 중동발 지정학적 리스크까지 더해지면서 기업들의 상장 도전이 멈춰 선 탓이다....,https://biz.chosun.com/stock/market_trend/2026/04/08/R6SJ7TYM6ZCKREKKBWDJWRPTOE/?utm_source=naver&utm_medium=original&utm_campaign=biz,4,,1
"실적 40% 뛴 SK에코플랜트, 중복상장 논란에 IPO 난감",☞부동산 유튜버 뭐가 어려워?…조회수 펑펑 터지는1·2·3노하우 전수 ◇IPO 시한 임박했지만 상장 ‘빨간불’ 경영 안정성 측면에서는 장동현 대표이사(부회장)가 다시 한번 키를 잡았다. 그는 지난달 열린 제64기...,https://realty.chosun.com/site/data/html_dir/2026/04/07/2026040703314.html,5,,1
공모주도 반품이 된다?…IPO 풋백옵션의 투자자 안전장치,금융위원회는 지난해 초 기관투자자 의무보유 확약 우선배정 비중을 확대하고 부실 기업의 신속한 퇴출을 유도하는 상장폐지 요건 강화를 골자로 한 'IPO 및 상장폐지 제도 개선 방안'을 발표한 바 있습니다. 여기에 더해...,https://www.dailypharm.com/user/news/337281?REFERER=NP,19,,1
美 IPO '최대어' 스페이스X를 담아라…국내 ETF 출시 '러시',"운용사 관계자는 ""(미국에서 진행되는) 스페이스X IPO 절차를 지켜보고 있고 상장시 추후에 편입 여부를 고려할 계획""이라고 말했다. 이처럼 국내 기업이나 해외 기업이 아직 상장되지 않았는데도 국내 운용사들이...",https://www.yna.co.kr/view/AKR20260406142100008?input=1195m,4,,1
"스페이스X, 750억달러 공모...미국 등 전세계 10여개국 진행",이번 스페이스X IPO는 일론 머스크 최고경영자(CEO)가 개인 투자자에게 최대 30% 이상을 배정하겠다고 언급하면서 더욱 관심이 커지고 있다. 스페이스X의 상장 이후 예상 시가총액은 1.75조달러(약 2.625조원)에 육박해...,http://www.fnnews.com/news/202604071307150270,5,,1
정책 변수에 대형 IPO '스톱'…4월도 중소형 '따따블' 이어질까,"대형 IPO의 경우 자회사 상장 등 구조 이슈가 수반되는 사례가 적지 않은데, 정부가 2분기 중복상장 가이드라인 발표를 앞두며 상장 시기를 늦추거나 계획을 재검토하는 분위기라서다. 한 증권업계 관계자는 ""정부의...",https://www.news1.kr/finance/general-stock/6128596,4,,1
"中, 기술·바이오 기업 ‘레드칩 상장’ 정조준… 해외자본 유입 차단 ...","홍콩 IPO 시장의 대기 시간이 길어질 것""이라며, 글로벌 투자 유치의 유연성이 크게 저하될 것이라고 경고했다. ◇ 인공지능 신약부터 신선식품까지… 규제 직격탄 맞은 기업들 최근 CSRC는 홍콩 상장을 준비 중인 주요...",https://www.g-enews.com/view.php?ud=2026040717282998490c8c1c064d_1,4,,1
[돋보기] 급하지 않다는 컬리의 넥스트 스텝,그간 발목을 잡았던 수익성 측면에서 성과를 낸 만큼 IPO에 탄력이 붙을 것이라는 판단에서다. 컬리는 지난 2022년 8월 한국거래소 유가증권시장(코스피)본부로부터 상장 예비심사 승인을 획득했지만 국내외 불확실성...,https://www.shinailbo.co.kr/news/articleView.html?idxno=5008723,6,,1
[글로벌 비즈 브리핑] 스페이스X 6월 투자설명회…글로벌 개미 1500명 초...,아울러 스페이스X는 개인투자자 대상 투자설명회 직전인 6월 둘째 주 기관투자가를 대상으로 IPO 로드쇼를 열며 경영진과 21곳의 주관사들이 상장 계획과 사업 전망을 소개할 계획입니다. 이번 IPO를 통해 스페이스X는...,https://biz.sbs.co.kr/article_hub/20000302730?division=NAVER,4,,1
스페이스X 6월 투자설명회…글로벌 개미 1500명 초청,아울러 스페이스X는 개인투자자 대상 투자설명회 직전인 6월 둘째 주 기관투자가를 대상으로 IPO 로드쇼를 열며 경영진과 21곳의 주관사들이 상장 계획과 사업 전망을 소개할 계획입니다. 이번 IPO를 통해...,https://biz.sbs.co.kr/article_hub/20000302726?division=NAVER,4,,1
"인텔, 머스크의 AI 칩 공장 '테라팹' 합류",합병했으며 6월 말 기업공개(IPO)를 계획 중인 것으로 알려졌다. 이는 사상 최대 규모의 IPO가 될 수 있다. 스페이스X는 최근 미 증권당국에 비공개 상장을 신청했고 5월 말부터 IPO 로드쇼를 개최할 예정인 것으로 전해진다.,https://www.bloter.net/news/articleView.html?idxno=658886,4,,1
"법무법인 화우, ‘상장폐지 규제 개편’ 세미나 개최","정 변호사는 나스닥, 코스피, 코스닥 등 각 시장 상장준비기업의 IPO 자문을 수행해 왔다. 세 번째 세션에서는 한국거래소 코스닥시장본부 상무 출신 김성태 고문이 ‘불성실공시 리스크 선제 대응 전략 및 핵심 유의사항’...",http://www.lawissue.co.kr/view.php?ud=202604072248169516f4ab64559d_12,8,,1
"샤페론, 86억원 규모 전환사채 발행 결정",샤페론은 2022년 10월 19일 코스닥 시장에 상장된 기초 의약물질 제조업체다. 주요사항보고서... Pre-IPO 메자닌 신기술투자조합 제1호-회사 경영상 필요자금을 조달하기 위해투자자의 납입능력 및 시기 등을...,https://www.digitaltoday.co.kr/news/articleView.html?idxno=654593,6,,1
"'에너지 기후테크' 엔라이튼, 작년 매출 485억원…연간흑자 달성",지정감사는 상장(IPO)을 위한 필수 관문이자 기업의 회계 투명성을 가장 엄격한 잣대로 검증하는 과정이다. 앞으로 에너지 밸류체인 전반을 아우르며 '에너지 자원 통합(Aggregation)'과 이를 기반으로 한 '가상발전소(VPP)...,https://www.mt.co.kr/future/2026/04/07/2026040716053837181,4,,1
[기획] IPO 시장 '초라한 1분기'…규제와 리스크에 상장 줄연기,금융당국이 추진 중인 모회사와 자회사 동시상장을 제한하는 중복상장 규제가 IPO 시장 전반에 영향을 미쳤다는 분석이다. 실제 예비심사 단계부터 문턱이 높아졌다. 지난해 코스피·코스닥 상장을 위해 예비심사를...,https://www.startuptoday.co.kr/news/articleView.html?idxno=609020,9,,1
[한화솔루션 유상증자] NH-한투-대신-KB 구관 총동원…낙관 못할 분위기,"7월 10일 신주 상장으로 증자를 마무리하는 일정이다. 이번에 이름을 올린 4개 하우스는 모두 한화그룹과... 한화에너지 기업공개(IPO)와도 겹친다. 당시 NH투자증권, 한국투자증권, 대신증권이 대표 주관사를 맡았고...",https://dealsite.co.kr/articles/159610,4,,1
"아이브이웍스, 2년 만의 코스닥 재도전…전력 반도체 '웨이퍼' 고객사 ...","프리 IPO 투자 유치를 마무리하고, 기술특례상장을 본격적으로 추진한다. 기술특례상장은 1개 기관으로부터 일정 수준의 기술력을 인정받으면 재무 요건을 충족하지 못하더라도 상장이 가능한 제도다. 아이브이웍스는...",https://www.thelec.kr/news/articleView.html?idxno=54747,6,,1
[구다이글로벌 IPO] 크레이버 일본 변수는 없다…9월 예심청구,상장 준비 과정에서의 내부감사 책임자 포지션이다. IPO 목표 시점도 2027년 3분기로 명시됐다. 크레이버 상장 추진은 FI가 주도하는 것으로 알려졌다. 하지만 이러한 행보는 중복상장에 발목이 잡힐 가능성을 높인다. 최근...,https://dealsite.co.kr/articles/159220,4,,1
“한국 개미들도 초청” 머스크 회사 투자 관련 중요 정보 알려졌다,상장은 6월 말로 예정돼 있으며 이번 상장에서 모두 750억 달러를 조달해 사상 최대의 IPO가 될 전망이다. 이는 사우디 국영석유회사 아람코가 2019년 기록한 290억 달러를 크게 상회하는 규모다. 상장 이후 스페이스X...,https://www.wikitree.co.kr/articles/1130193,5,,1
AI·조·방·원 리더 출격…'코스피 7000'으로 가는 투자기회 찾는다,"마지막 날인 15일에는 모빌린트, 크리에이츠, 에이로봇, 해빗팩토리 등 기업공개(IPO)를 앞둔 기업 관계자가 강연자로 나선다. 미국 상장을 추진하는 갤럭시코퍼레이션의 최용호 대표는 ‘K유니콘의 글로벌 투자 유치...",https://www.hankyung.com/article/2026040752041,6,,1
"스벅코리아 투자 GIC, 4년간 1300억 챙겼다",연평균 배당수익 4.08% IPO 기대감은 갈수록 줄어 싱가포르 국부펀드 싱가포르투자청(GIC)이 2021년... 최대주주인 이마트가 유가증권시장 상장사인 만큼 정부의 중복 상장 금지 기조에서도 자유롭지 않다.,https://www.mk.co.kr/article/12010498,4,,1
K증시 대도약의 시대…최대 '투자 축제' 열린다,"마지막 날인 15일에는 모빌린트, 크리에이츠, 에이로봇, 해빗팩토리 등 기업공개(IPO)를 앞둔 기업 관계자가 강연자로 나선다. 미국 상장을 추진하는 갤럭시코퍼레이션의 최용호 대표는 ‘K유니콘의 글로벌 투자 유치...",https://www.hankyung.com/article/2026040752201,4,,1
"닻 올린 1호 BDC, 연내 상장엔 신중 모드",먼저 회수 시점이 다가온 기존 벤처펀드의 지분이나 단기간 내 기업가치 제고가 가능한 프리IPO(상장 전 지분 투자) 단계 기업 등의 구주에 선별 투자하는 ‘벤처 세컨더리’ 투자다. 이 경우 초기 벤처 투자가 갖는 사업...,https://www.sedaily.com/article/20029513?ref=naver,4,,1
김슬아 남편 '강제추행' 1심 유죄...컬리 '오너 리스크' 부상,"상장을 준비하는 기업의 경우 경영진 윤리와 내부 통제 체계는 핵심 심사 요소 중 하나다. 오너 일가 또는 특수관계인의 형사 사건은 투자자 신뢰도와 직결되는 요인으로 평가된다. 한 투자업계 관계자는 ""최근 IPO...",http://www.4th.kr/news/articleView.html?idxno=2110133,4,,1
정책 불확실성에 IPO 급랭…대어도 자취 감춰,"내후년 상장을 목표로 하는 거잖아요. 지금 계약을 체결을 하는 거는. 그러니까 일단은 내년, 내후년도 안 좋을 수도 있다...]최근에는 중동전쟁으로 시장 변동성까지 확대된 만큼, 올해 IPO 건수가 예년보다 크게 줄어들...",https://news.mtn.co.kr/news-detail/2026040716393245416,4,,1
6월 초에 개미 1500명 초청 스페이스X 투자설명회 연다,아울러 스페이스X는 개인투자자 대상 투자설명회 직전인 6월 둘째 주 기관투자가를 대상으로 IPO 로드쇼를 열며 경영진과 21곳의 주관사들이 상장 계획과 사업 전망을 소개할 계획이다. 이번 IPO를 통해 스페이스X는...,https://www.sedaily.com/article/20029487?ref=naver,4,,1
"갤럭시코퍼레이션, 4월 IPO 등판 미지수...빅딜 마른다","갤럭시코퍼레이션은 지난해 말 프리IPO(상장 전 투자유치)를 통해 유니콘(1조원 이상)기업 밸류로 1000억원 이상을 조달한 것으로 전해진다. 한국투자증권과 신한벤처투자, 엔베스터, 대만 에이데이터, 홍콩 스타플러스...",https://www.the-stock.kr/news/articleView.html?idxno=32322,4,,1
부산 'IPO 지원사업' 참여 기업 모집,부산시와 부산기술창업투자원이 지역 기업의 기업공개(IPO) 활성화를 위한 지원 사업에 참여할 기업을 모집한다고 7일 밝혔다. 시는 평가를 통해 최종 4곳을 선정할 예정이다. 선정된 기업에는 상장 비용을 최대...,https://www.hankyung.com/article/2026040749711,4,,1
올해 새내기주 옥석 가리기⋯‘바이오·기술특례’ 강세ㆍ케이뱅크 부...,이투데이=정수천 기자 | 올해 국내 증시에 상장한 새내기주의 성적표가 극명하게 갈리고 있다. 코스닥에... 강영훈 삼성증권 연구원은 “현재 IPO 시장의 열기가 코스닥 중·소형주 위주의 선별적 종목에 집중돼...,https://www.etoday.co.kr/news/view/2573566,6,,1
"[Private Equity란? ③] 자본의 결실인가, 약탈의 끝인가","또 다른 강력한 회수 수단은 '기업공개(IPO)'다. 상장을 통해 불특정 다수의 대중 투자자들에게 지분을 분산 매각함으로써 막대한 차익을 실현하는 방식이다. 다만 상장 직후 주가가 급락하거나, 사모펀드가 보호예수...",https://www.pressman.kr/news/articleView.html?idxno=101221,5,,1
"NH투자증권, 케뱅 IPO로 ECM 1위 찍고 DCM서도 최상위권... 'IB 명가 굳히...","상장 이후까지 고려한 행보도 눈에 띈다. NH투자증권은 IPO 과정에서 주요 주주로 올라선 뒤 의무보유 대상이 아님에도 보호예수 6개월을 설정했다. 단기 자금 회수보다 상장 이후 시장 안정, 기업 가치 제고 등에...",https://www.meconomynews.com/news/articleView.html?idxno=129933,4,,1
IPO 시장 양극화...중소형주 흥행 속 대어는 부진,"그러면서 ""이후 대어급 IPO 기업들의 추가 상장에도 시장이 조심스러운 태도를 보이고 있다""고 말했다. 강영 연구원 역시 ""현재 IPO 시장의 열기가 시장 전반으로 확산되기보다는 비교적 가벼운 코스닥 중소형주 중심으로...",https://daily.hankooki.com/news/articleView.html?idxno=1355928,6,,1
IPO 기대감 커지는데…대명건설 내부거래 40% 넘어,"IPO 계획 역시 철회된 것이 아니라 시점을 조정한 것이라는 입장인 만큼, 업계에서는 이르면 올해 상장 작업이 다시 본격화될 가능성에 주목하고 있다. [1코노미뉴스 = ]",https://www.1conomynews.co.kr/news/articleView.html?idxno=47914,4,,1
스페이스X 상장 임박…호황 누리는 우주 ETF,상장되면 ARKX와 UFO 등 ETF에도 상당히 큰 비중으로 편입될 것으로 예상한다. 지난해 서클의 기업공개(IPO) 당시 사례처럼 ETF를 통해 상장 전후 주가 모멘텀을 추구하는 전략도 쓸 수 있다. 임은혜 삼성증권 수석연구위원,https://www.hankyung.com/article/2026040736331,5,,1
"""스페이스X 선점하라""…총력전 펼치는 운용사",올해 글로벌 기업공개(IPO) ‘대어’로 꼽히는 스페이스X의 나스닥 상장을 앞두고 투자자들의 눈길을 끌기 위한 시도다. 3일 금융투자업계에 따르면 하나자산운용은 최근 스페이스X 간접 투자 효과를 내기 위해 ‘1Q...,https://www.hankyung.com/article/2026040736421,5,,1
"[장외시황] 싸이버로지텍, -5.41% 하락",IPO(기업공개)관련 상장 예비심사 청구종목으로 특수 목적용 항법 및 항재밍 토탈 솔루션 전문기업 덕산넵코어스(구.넵코어스)가 1만3500원(-3.57%)으로 조정을 받았다. 상장 예비심사 승인종목으로 인공지능(AI) 기반...,https://www.etoday.co.kr/news/view/2573561,4,,1
"에스엔바이오사이언스, 140억 규모 프리IPO 유치","에스엔바이오사이언스 관계자는 ""이번 프리IPO를 통해 상장 준비에 필요한 자금을 확보했다""며 ""기술특례상장 절차를 차질 없이 준비해 기업가치를 입증하겠다""고 말했다.",https://www.newstopkorea.com/news/articleView.html?idxno=44294,4,,1
"스페이스X 6월 투자설명회…머스크 ""한국 개미들도 초청""","상장은 6월 말로 예정돼 있고, 이번 상장에서 모두 750억달러를 조달, 사상 최대의 IPO가 될 전망이다. 이는 사우디 국영석유회사 아람코가 지난 2019년 기록한 290억달러를 크게 상회하는 규모다. 상장 이후 스페이스X...",https://www.news1.kr/world/usa-canada/6128332,5,,1
무신사의 수직계열화...10조원 몸값 증명 시험대,"무신사가 구조적 변화에 사활을 거는 배경에는 기업공개(IPO)를 앞두고 10조 원에 달하는 기업 가치를... 시장의 비판을 잠재우고 플랫폼 생태계의 신뢰를 유지하는 것이 상장 과정에서의 주요 쟁점이 될 전망""이라고 말했다.",https://www.mediapen.com/news/view/1091787,4,,1
“하루 만에 25% 폭등” 단 11억에 ‘한정판 우주여행’ 보내주는 ‘이...,"스페이스X는 지난 1일 미국 증권거래위원회(SEC)에 비공개 상장 신청서를 제출했으며, 6월 말 기업공개(IPO)를 추진 중이다. 시장에서는 약 750억 달러(약 112조 원) 조달이 예상되며, 이는 사우디아라비아 아람코의 2019년...",https://www.sedaily.com/article/20029386?ref=naver,1,,0
"엔라이튼, 2025년 연간 흑자 달성…매출 485억·영업이익·순이익 동반 ...",IPO를 위한 필수 관문인 지정감사를 통과하면서 상장 준비도 순항 중이다. 엔라이튼은 향후 에너지 자원 통합(Aggregation)과 가상발전소(VPP) 전력 거래를 양대 축으로 사업을 확대할 계획이다. 분산 에너지 자원을 IT...,https://platum.kr/archives/284926,5,,1
1분기 신규 상장 기업 고작 9개사···증권가 IPO 경쟁 불 붙었다,"또, 은행을 낀 증권사라면 기업 입장에서는 은행과의 관계도 감안하기 마련이다""라며 ""중복 상장 규제로 IPO 대어도 없을거라 경쟁이 치열한 상황""이라고 설명했다. 그러면서 ""초기 성장하는 기업들이나 스팩 상장...",http://www.enewstoday.co.kr/news/articleView.html?idxno=2415968,10,,1
스페이스X 6월 상장 시동…2조달러 몸값 시험대,"지정학적 긴장과 시장 변동성 역시 변수로 남아 있다. 결국 스페이스X IPO의 본질은 '우주기업 상장' 자체보다, 사모시장 초대형 기업가치가 공개시장에서 어디까지 인정받을 수 있는지를 시험하는 첫 무대라는 데 있다.",https://www.mstoday.co.kr/news/articleView.html?idxno=101113,5,,1
"법무법인 화우, '상장폐지 규제 개편 정밀 분석' 세미나 14일 개최","정 변호사는 나스닥, 코스피, 코스닥 등 각 시장 상장준비기업의 IPO 자문을 수행해 왔다. 세 번째 세션에서는 한국거래소 코스닥시장본부 상무 출신 김성태 고문이 '불성실공시 리스크 선제 대응 전략 및 핵심 유의사항'을...",https://www.mt.co.kr/society/2026/04/07/2026040714420042174,8,,1
"[생산적·포용금융 '나야나' ⑨] 키움증권, 발행어음으로 모험자본 3조원...",이와 함께 2027년 프리IPO(상장 전 투자) 등을 통해 중견기업에 9230억원을 투자하고 2028년에는 스케일업 기업 중심으로 1조2130억원을 투입해 향후 3년간 총 3조원대의 모험자본을 공급할 계획이다. 업계에서는 키움증권이...,https://www.joongangenews.com/news/articleView.html?idxno=509552,5,,1
"1분기 이어 2분기도 IPO 찬바람…""대어 공백 지속""","여기에 더해 금융당국의 중복상장 규제 강화 기조도 IPO 시장의 변수로 작용 중이다. 이미 반도체 웨이퍼 세정 장비 생산업체 엘에스이(LSE), 넷마블 자회사 넷마블네오, LS그룹이 2008년 인수한 전력 인프라용 에너지...",http://www.seoulwire.com/news/articleView.html?idxno=715627,5,,1
"[AI의 종목 이야기] 中 AR 안경 제조사 '엑스리얼', 홍콩 상장 추진","중국 대형 투자은행 중금공사(CICC)와 씨티은행이 공동 상장 주관사를 맡았다. 기업공개(IPO)가 순조롭게 진행될 경우, 엑스리얼은 중국 스마트 안경 업계 최초의 상장사가 될 전망이다. 2017년에 설립된...",https://www.newspim.com/news/view/20260407000811,7,,1
"[AI의 종목 이야기] 中 피규어 브랜드 '탑토이', 홍콩상장 재도전","기업공개(IPO) 재도전에 나섰다. 공동 주관사는 JP모건과 UBS가 맡았다. 이번 기업분할 상장이 성공적으로 마무리되면, 탑토이는 미니소 그룹 산하의 독립 상장 브랜드가 된다. 동시에 미니소 창업자인 예궈푸...",https://www.newspim.com/news/view/20260407000809,4,,1
[더벨][아시아비엔씨는 지금] 유럽·중동으로 확장…외부 조달로 ‘속도...,"이에 따라 회사는 프리IPO를 통한 투자 유치와 IPO를 검토하고 있다. 상장의 경우 이미 대표 주관사로 신한투자증권, 공동 주관사 NH투자증권을 선정하고 상장 준비 절차를 진행 중이다. 지정감사인 선정과 감사보고서 작성...",https://www.thebell.co.kr/free/content/ArticleView.asp?key=202604022239255360105831,4,,1
"부산시, 기업공개 상장 지원 기업 확대",부산시가 부산기술창업투자원과 함께 지역 기업의 기업공개(IPO) 상장 활성화를 위한 ‘2026년 기업공개 상장 지원 사업’에 참여할 기업을 모집한다. 부산시는 오는 5월 4일까지 ‘2026년 기업공개 상장 지원 사업’ 참여...,http://www.kookje.co.kr/news2011/asp/newsbody.asp?code=0200&key=20260407.99099001904,4,,1
"'최초 연임' 최우형, 기업금융·플랫폼으로 '1호 인뱅' 존재감 회복 나선...","숙원사업이던 기업공개(IPO)를 무사히 완주하며 외형 성장을 이끌었다는 평가를 받지만, 상장 이후에는 국내 1호 인터넷전문은행으로서의 존재감을 어떻게 회복할지에 대한 과제가 본격화되고 있다. 최우형 행장 취임...",https://biz.newdaily.co.kr/site/data/html/2026/04/07/2026040700167.html,8,,1
스페이스X·오픈AI·앤트로픽…역대급 3대 메가 IPO 온다,"분석가들은 세 기업이 비슷한 시기에 상장할 경우 단일 분기 IPO 시장에서 4320억~5760억달러 규모의 자금 흡수가 필요할 수 있다고 본다. 이는 지난 10년(2016~2025년) 미국 IPO 전체 조달액과 맞먹는 수준으로, 수급...",https://www.digitaltoday.co.kr/news/articleView.html?idxno=654351,5,,1
IPO 시장 살아났나 했더니…코스닥 중소형주만 '집중',7일 금융투자업계에 따르면 1분기 IPO 상장 기업 수는 11개로 과거 평균(22개) 대비 낮은 수준에 머물렀다. 특히 1월에는 스팩을 제외하면 사실상 덕양에너젠 1건에 그쳤다. 공모금액 역시 870억원으로 역대 동월 평균...,https://www.newsway.co.kr/news/view?ud=2026040713330250856,7,,1
[유상증자 모니터] 지배력 약화 감수…SI 변화 촉각 | 클로봇③,기술특례상장(기특상) 기업 특유의 낮은 지분율 구조 속에서 진행되는 이번 증자는 경영권 안정성에... 인수 전 두산로보틱스 기업공개(IPO)를 이끌었던 류정훈 전 두산로보틱스 대표이사를 사장으로 영입한 점도...,https://www.bloter.net/news/articleView.html?idxno=658770,4,,1
"채비, IPO 무산 시 경영권 미래에셋증권에 넘어간다","미래에셋증권은 상장 절차가 정상 진행 중인 점을 고려해 IPO 기한 연기 사유에 해당한다는 확인서를 발급하고, 당장 담보권을 실행하지 않기로 합의했다. 이에 단기적인 경영권 불확실성은 해소됐다. 다만 상장이...",http://www.inews24.com/view/1957773,4,,1
"[직설] 삼성전자, 역대급 잠정실적 발표…반도체 시장 관련 소식은?",상장을 서두르는 샘 올트먼 CEO가 경쟁사 앤트로픽보다 먼저 IPO를 추진하려는 것 아니냔 해석도 나오고 있는데요. 연내 상장 무리없이 가능할까요? Q. 중국 메모리 양강 창신메모리와 양쯔메모리가 올해 상반기 IPO에...,https://biz.sbs.co.kr/article_hub/20000302501?division=NAVER,5,,1
11억원으로 우주여행…美 버진갤럭틱 주가 ‘껑충’,‘스페이스X’는 지난 1일 미국 증권거래위원회(SEC)에 비공개 상장 신청서를 제출했다. 6월 예정된 이번 IPO에서 750억달러(약 112조원)를 조달할 방침이다. 2019년 사우디 국영석유회사 아람코가 기록한 290억달러(약...,https://www.mk.co.kr/article/12010052,2,,1
"""땡큐, 머스크""...역대급 이익 환원에 웃는 미래에셋증권 주주들","IPO를 통해 기업가치가 더 올라가면 미래에셋증권이 챙기게 되는 이익은 더 커진다. 오는 6월 상장을 앞둔 스페이스X는 재사용 로켓 기술 상용화, 위성 인터넷 사업 '스타링크' 확장 등을 통해 기업가치가 가파르게...",https://daily.hankooki.com/news/articleView.html?idxno=1355802,4,,1
"체면 구긴 KB증권, 2년 연속 IPO 주관기업 상폐 위기","게다가 KB증권은 지난해 제일엠앤에스가 IPO 완료 이후 약 11개월 만에 상장폐지 대상에 오르면서 부실 상장 논란에 휘말리기도 했다. 올해 아이티켐을 포함, 상장 주관기업이 연속해서 증시 입성 뒤 1년을 버티지 못했던...",https://www.the-stock.kr/news/articleView.html?idxno=32316,6,,1
다이먼 “중동전쟁 장기화땐 인플레·금리 상승”,"그는 “최근 수개월간 주식시장이 사상 최고치에 있었는데도, 약 1만3000개 기업을 보유한 사모펀드 회사들이 양호한 시장 여건을 더 적극적으로 활용해 보유 기업을 상장하지 않은 것은 다소 놀랍다”며 호황일 때 IPO로...",https://www.naeil.com/news/read/584359?ref=naver,6,,1
"[부산소식] 부산시, 기업공개 상장 지원사업 참여기업 모집 外","◇ 부산시, 2026년 기업공개(IPO) 상장 지원사업 참여기업 모집 부산시와 부산기술창업투자원은 지역 기업의 기업공개(IPO) 활성화를 위해 ‘2026년 기업공개 상장 지원사업’ 참여기업을 오는 5월 4일까지 모집한다. 이...",https://www.viva100.com/article/20260407500586,4,,1
"법무법인 화우, 오는 14일 '상장폐지 규제 개편' 세미나 개최","100건 이상의 상장폐지 대응 경험을 보유한 정 변호사는 나스닥, 코스피, 코스닥 등 각 시장 상장준비기업의 IPO 자문을 수행해 왔다. 세 번째 세션에서는 한국거래소 코스닥시장본부 상무 출신 김성태 고문이 '불성실공시...",http://www.joseilbo.com/news/news_read.php?uid=566085&class=10&grp=,8,,1
[토스 IPO 준비] ①2년 만에 상장 재시동…국내서 미국으로 선회,[FETV=임종현 기자] 비바리퍼블리카(토스)가 기업공개(IPO) 카드를 다시 꺼내 들었다. 2024년 국내 증시 상장을 추진하다 중단한 이후 약 2년 만이다. 당시 국내 상장을 위해 주관사까지 선정했지만 계획이 중단됐고...,https://www.fetv.co.kr/news/article.html?no=216448,4,,1
[글로벌] 오픈AI IPO 속도전 vs. 신중론 충돌...경영진 균열,"/사진=디디다 컴퍼니 제공 챗GPT 개발사 오픈AI의 기업공개(IPO) 시기를 두고 최고경영진 간 이견이 표면화되고 있습니다. 샘 올트먼 최고경영자(CEO)는 연내 상장을 목표로 속도를 내고 있는 반면, 새러 프라이어...",https://www.techm.kr/news/articleView.html?idxno=150882,4,,1
[글로벌] 스페이스X IPO 앞두고 '그록 강제'...머스크 끼워팔기 도마,"한편 스페이스X는 지난 1일 미국 증권거래위원회(SEC)에 비공개로 상장 신청서를 제출했습니다. 이번 IPO를 통해 최대 750억달러를 조달하고, 상장 이후 기업가치 2조달러 달성을 목표로 하고 있습니다. 이는 글로벌...",https://www.techm.kr/news/articleView.html?idxno=150881,5,,1
"하이라이트브랜즈, IPO 공식화…라이선스 넘어 해외 확장 가속","[하이라이트브랜즈 제공] 하이라이트브랜즈가 기업공개(IPO)를 공식화하고, 주관사로 신한투자증권을 선정했다고 7일 밝혔다. 이번 주관사 선정은 상장을 위한 초기 단계의 절차다. 향후 상장 일정과 구조는 시장...",https://biz.heraldcorp.com/article/10711656?ref=naver,4,,1
"[K-보안, 성장 스토리] 인재 산실 노리는 엔키화이트햇, '오펜'으로 오펜...","회사가 반복매출 구조와 인재 투자를 동시에 강화하는 배경에는 IPO 준비도 자리했다. 엔키화이트햇은 기술평가를 거쳐 연내 상장을 목표로 하고 있다. 플랫폼 기반의 반복매출 구조와 수익성 개선, 조직 운영 역량 확보...",https://www.techm.kr/news/articleView.html?idxno=150872,4,,1
"부산시, IPO 상장 지원사업 참여기업 모집…내달 4일까지",부산시와 부산기술창업투자원은 ‘2026년 IPO 상장 지원사업’에 참여할 기업을 내달 4일까지 모집한다. 지원 대상은 본점 소재지가 부산인 기업 가운데 현재 상장 절차를 진행 중이거나 향후 상장을 계획하고 있는 예비...,http://www.inews24.com/view/1957736,4,,1
"넷마블, 넷마블네오 완전자회사 전환 일정 변동되나","완전자회사 전환은 넷마블네오가 2024년과 지난해 '나 혼자만 레벨업: 어라이즈'와 '뱀피르' 등의 신작을 흥행하며 IPO(기업공개) 관측과 함께 중복상장 우려가 나오자 결정됐다. 넷마블은 ""중복상장 우려를 해소하고 게임...",https://www.sisaweek.com/news/articleView.html?idxno=234712,4,,1
"""스페이스X 상장해도 주식 매수 신중해야""","스페이스X는 지난주 비공개로 IPO 신청서를 제출했다. 스페이스X는 상장을 통해 최대 750억 달러(약 113조1천억 원) 자금을 조달하려 하고 있고, 이는 미국 역사상 최대 규모의 IPO보다 약 3배 더 큰 규모다.",https://news.einfomax.co.kr/news/articleView.html?idxno=4408099,6,,1
"[뉴욕 돋보기] ""11억으로 우주여행""…버진 갤럭틱 주가 '투더문'","스페이스X는 지난 1일 미국 증권거래위원회(SEC)에 비공개 상장 신청서를 제출했으며, 6월 말 기업공개(IPO)를 목표로 하고 있다. 시장에서는 약 750억달러 조달, 기업가치 최대 2조달러에 달하는 사상 최대 IPO가 될...",https://news.dealsitetv.com/articles/168206,2,,1
"[로펌라운지] 화우, '상장폐지 규제 개편' 세미나 개최...상장유지 전략...","정 변호사는 나스닥, 코스피, 코스닥 등 각 시장 상장준비기업의 IPO 자문을 수행해 왔다. 세 번째 세션에서는 한국거래소 코스닥시장본부 상무 출신 김성태 고문이 ‘불성실공시 리스크 선제 대응 전략 및 핵심...",https://www.ajunews.com/view/20260407104440666,8,,1
"[로펌이슈] 화우, '상장폐지 규제 개편' 세미나 개최…상장유지 전략 점...","정 변호사는 나스닥, 코스피, 코스닥 등 다양한 시장에서 기업공개(IPO) 자문을 수행하며 100건 이상의 상장폐지 대응 경험을 보유하고 있다. 세 번째 세션에서는 한국거래소 코스닥시장본부 상무 출신 김성태 고문이...",https://www.newspim.com/news/view/20260407000435,8,,1
[N2 숏폼] 4월 IPO ‘숨 고르기’…양보다 질 따지는 ‘선별적 장세’ 뚜...,2일 금융투자업계에 따르면 나노의약품 개발 기업 인벤테라가 이날 상장하며 4월 IPO 시장의 문을 연다. 이어 채비·코스모로보틱스·마키나락스 등 유망 기업 3곳이 공모 절차에 돌입한다. 동영상을 통해 자세한 내용을...,https://www.news2day.co.kr/article/20260407500088,5,,1
"[증시타임] 트럼프 행정부의 이란 공격, 전략적 속내는?","스페이스X 상장 “모든 기록을 갈아치우다” - 기업가치 1.7조 달러…나스닥 시총 7위권 규모 - 공모 규모 750억 달러…역대 최대 IPO 기록 경신 - 유통 물량, 전체의 5% 수준…초기 매물 폭탄 우려 낮아 - 스페이스X...",https://biz.sbs.co.kr/article_hub/20000302469?division=NAVER,5,,1
[이통3사 벤처투자] KT 투자한 뱅크샐러드 상장 채비…SI 성과 시험대,기업공개(IPO) 추진이 본격화되면서 투자 성과에 대한 기대가 커지고 있다. 전략적투자자(SI) 성격이... 현재 뱅크샐러드는 상장 요건을 갖추기 위해 RCPS를 보통주로 전환하며 자본구조를 정비 중이다. 이 과정에서...,https://www.topdaily.kr/articles/109566,7,,1
"케이비엘러먼트, 2년째 이어온 기부…파주시 어르신 지원 확대","기술력과 사업성을 인정받아 누적 투자액 240억 원을 유치했으며, 2027년 IPO(기술특례 상장)를 목표로 하고 있다. 아울러 지속가능한 소재 개발이라는 기업의 정체성에 발맞춰, 사회적 책임을 다하는 ESG 경영을 실천...",http://www.segyebiz.com/newsView/20260407505249?OutUrl=naver,4,,1
이익으로 증명한 무신사…상장 채비 본격화,"실적 개선에 힘입어 IPO 시계에도 시장의 관심이 쏠린다. 무신사는 한국투자증권, 씨티글로벌마켓 등 4곳을 주관사로 선정하고 시장 상황을 고려해 상장 시점을 조율 중이다.",https://dealsite.co.kr/articles/159775,5,,1
"부산시, '2026년 기업공개(IPO) 상장 지원사업' 참여 기업 모집… 최대 ...",부산시와 부산기술창업투자원이 부산 지역 기업의 자본시장 진출을 견인하기 위해 '2026년 기업공개(IPO) 상장 지원사업'에 참여할 기업을 모집한다고 밝혔다. 이번 사업은 기술력과 성장 잠재력을 갖춘 지역 기업들이...,https://www.mtnews.net/news/articleView.html?idxno=24436,4,,1
‘11억원으로 우주여행’ 주가 25% 폭등한 버진 갤럭틱…차세대 우주선...,우주 탐사가 현실화하면서 6월 말 상장이 예정된 스페이스X의 기업 가치는 최대 2조 달러(약 3012조원)상향 조정됐다. 이번 기업공개(IPO)에서 조달하는 금액은 750억 달러(약 112조원) 규모로 사우디 국영석유회사...,https://biz.heraldcorp.com/article/10711429?ref=naver,2,,1
"부산시, 지역 유망기업 상장 돕는 'IPO 지원사업' 참여기업 모집",부산시는 부산기술창업투자원과 함께 지역 기업의 자본시장 진출을 지원하는 '2026년 기업공개(IPO) 상장 지원사업' 참여 기업을 오는 5월 4일까지 모집한다고 7일 밝혔다. 시에 따르면 이번 사업은 성장성이 높은 부산...,https://www.news1.kr/local/busan-gyeongnam/6127677,4,,1
[인터뷰티]'먹는 뷰티' 시대…어댑트의 'K이너뷰티' 성공 스토리,"재무적인 상장(IPO)이나 투자 유치에 대해서는 오히려 담담했다. 정 CSO는 ""IPO는 우리가 할 일을 열심히 하다 보면 자연스럽게 따라오는 결과론적인 일""이라며 ""현재로서는 구체적인 상장 계획에 매몰되기보다 브랜드의...",https://news.bizwatch.co.kr/article/consumer/2026/04/03/0032,4,,1
"부산시, 기업공개 상장 지원사업 참여 기업 모집",부산시와 부산기술창업투자원은 '2026년 기업공개(IPO) 상장 지원사업'에 참여할 기업을 오는 5월 4일까지 모집한다고 7일 밝혔다. 이 사업은 기술성과 성장성이 인정되는 지역 기업들의 자본시장 진출을 지원하고...,http://www.fnnews.com/news/202604070918309134,4,,1
[부산소식] 지역 음식 생태계 담은 '2026 부산의 맛' 공개 외,◇ 예비 상장사에 최대 4000만 원 지원···IPO 도전 전폭 지원 부산시와 부산기술창업투자원이 지역 기업의 자본시장 진출을 돕기 위해 '2026년 IPO 상장 지원사업' 참여기업을 다음 달 4일까지 모집한다. 지원 대상은...,https://daily.hankooki.com/news/articleView.html?idxno=1355691,4,,1
"[ETF 리그테이블] [2026년 1Q] AI가 무너뜨린 소프트웨어 ETF, 부메랑 된...",지난해 9월 상장한 후 하락 곡선을 벗어나지 못하는 모습이다. KODEX 미국AI소프트웨어TOP10과 SOL... 디자인 소프트웨어 플랫폼 캔바의 기업공개(IPO)도 미뤄졌다. 어도비의 샨타누 나라옌 최고경영자(CEO)도 18년만에...,https://dealsite.co.kr/articles/159685,4,,1
우주에 뿌린 위성으로 ‘최강 통신망’… 스페이스X 상장에 투자자들 ‘...,"스페이스X는 아직 주식시장에 상장되지 않아 개인이 직접 투자하기는 어렵지만, 2026년 기업공개(IPO)를 추진 중이라는 소식이 전해지고 있다. 우주가 여전히 먼 이야기처럼 느껴지더라도, 스페이스X가 만들어가는...",https://www.munhwa.com/article/11580308?ref=naver,6,,1
"부산시, IPO 상장 지원…""참여 기업 5월4일까지 모집""",부산시는 부산기술창업투자원과 함께 지역 기업의 기업공개(IPO) 상장 활성화를 위한 '2026년 IPO 상장 지원사업' 참여 기업을 오는 5월4일까지 모집한다. 이번 사업은 기술성과 성장성을 갖춘 부산 기업의 자본시장...,https://www.newsis.com/view/NISX20260407_0003580491,4,,1
"부산시, 올해 기업공개 상장 지원사업’ 참여 기업 모집","시는 부산 지역 IPO 상장 활성화를 위해 올해부터 지원기업을 기존 2개사에서 4개사로 확대했다. 지난해 지원기업인 ㈜소셜빈은 금년 하반기, ㈜메드파크는 2027년 상반기 상장을 목표로 IPO를 준비 중이다. 이번...",https://biz.heraldcorp.com/article/10711358?ref=naver,4,,1
"부산시, IPO 상장 지원 사업 개시…자본시장 진출 기회 확대",부산시가 기술창업투자원과 함께 지역기업의 기업공개(IPO) 상장을 적극 지원한다. 시는 다음달 4일까지 '2026년 기업공개(IPO) 상장 지원사업' 참여기업을 모집한다고 7일 밝혔다. 2026년 기업공개(IPO) 상장 지원사업 모집...,https://www.newspim.com/news/view/20260407000135,4,,1
"한림제약 자회사 HL지노믹스, 코스닥 IPO 예심 청구","이번 상장은 한림제약 계열 자회사 가운데 처음 추진되는 IPO라는 점에서 의미가 있다. 지난해 말 기준 한림제약은 HL지노믹스 외에도 한림MS, 한림눈건강 등을 자회사로 두고 있지만, 한림제약을 포함해 모두 비상장...",https://mdtoday.co.kr/news/view/1065601056072703,6,,1
케이뱅크가 순위 가른 1분기…NH투자증권 IPO 1위,"7일 데이터뉴스가 한국거래소 공시채널 카인드(KIND)에 공시된 상장주선인 IPO 실적을 분석한 결과, NH투자증권의 올해 기업공개 누적 실적은 5926억 원으로 집계됐다. 주요 증권사 중 가장 많은 공모액이다. 올해...",http://www.datanews.co.kr/news/article.html?no=144154,8,,1
부산기업 IPO(기업공개) 최대 4천만 원 지원,부산시가 올해 기업공개 상장 지원 사업에 참여할 기업을 다음 달 4일까지 모집합니다. 모집 대상은 사업자등록증 본점 소재지가 부산인 기업 중 상장 절차를 밟고 있거나 상장을 계획 중인 예비 상장기업입니다. 부산시는...,http://news.lghellovision.net/news/articleView.html?idxno=539615,4,,1
미국- 이란 전쟁과 'XRP',"올해 말, 또는 내년으로 예상되는 XRP 발행사 리플의 나스닥 상장이 성공한다면 기업가치가 약 500억 달러에... '소송 중인 코인'이라는 꼬리표를 떼고, IPO를 준비하는 핀테크 기업의 핵심 자산으로 자리잡을 날이 멀지...",https://www.tgdaily.co.kr/news/articleView.html?idxno=403494,5,,1
"오픈AI, 주정부에 일론 머스크 '반경쟁적 태도' 조사 요구",기업공개(IPO)를 앞두고 이용자 수를 늘리기 위해 아동을 포함한 여성들의 성착취물 딥페이크 생성을 방치하고 있다는 글로벌 조사 내용을 언급하며 머스크의 도덕성을 정조준했다. 또한 최근 사상 최대 규모의 상장을...,http://www.fnnews.com/news/202604070817140258,4,,1
"삼천당제약, 118만원→반토막...전인석 대표 2500억 '블록딜 철회'","거래소는 지난달 31일 삼천당제약에 대해 불성실공시법인 지정을 예고했고, 이달 1일에는 공매도 과열 종목으로 지정했다. 이에 대해 회사는 ""당사 실적 전체에 대한 결함이 아니다""라고 반박했지만, 이미 투자심리는...",https://www.newswhoplus.com/news/articleView.html?idxno=58276,4,,1
미국-이란 협상 여부에 비트코인 시장 '촉각',"'숏스퀴즈'는 특정 자산의 주가가 오를 것으로 예상될 때 공매도 포지션의 투자자가 손실을 줄이기 위해 다시 그 주식을 매수하는 현상을 의미한다. 코인텔레그래프는 ""기술적으로 7만 5천 달러(한화 약 1억 1,271만 원)는...",https://www.khgames.co.kr/news/articleView.html?idxno=303197,6,,1
"데드라인 임박에 전운...비트코인, 6만 5,000달러 추락 위기","트레이더들은 공격 시한 이후의 실제 군사 행동 여부에 따라 비트코인이 숏 스퀴즈(공매도 포지션 청산 혹은 커버를 위해 발생하는 매수세)를 통한 반등을 시도할지, 혹은 패닉 셀에 따른 폭락을 맞이할지 지켜보고...",http://coinreaders.com/229297,4,,1
"더블유씨피, 360억 전환사채 발행 결정","본 건 전환사채의 취득이 금지되는 공매도 거래 기간해당여부아니오시작일-종료일-21. 당해 사채의 해외발행과 연계된 대차거래 내역 - 목적, 주식수, 대여자 및 차입자 인적사항,예정처분시기, 대차조건(기간...",https://www.digitaltoday.co.kr/news/articleView.html?idxno=654609,4,,1
"케이피엠테크, 유상증자 결정…채무상환 자금 조달","청약이 금지되는 공매도 거래 기간해당여부아니오시작일-종료일-19. 공정거래위원회 신고대상 여부미해당20. 기타 투자판단에 참고할 사항 1) 자금조달 목적 사용목적금액내용채무상환 자금7,999,999,854차입금...",https://www.digitaltoday.co.kr/news/articleView.html?idxno=654599,3,,1
[공시] 레이저쎌·새빗켐 공매도 금지 등...24건,공매도 과열 및 기타 ▷공매도 제한: 레이저쎌(412350)과 새빗켐(107600)은 공매도 과열종목으로 지정되어 8일 하루 동안 정규시장 및 시간외시장에서 공매도 거래가 금지된다. 진영·이노인스트루먼트 등 '중복 지정...,http://www.newstnt.com/news/articleView.html?idxno=605141,3,,1
"뉴스테이허브제2호위탁관리부동산투자회사, 유상증자 결정 발표","정의: 자본시장법 제9조 제8항,증권신고서 제출대상 : 제119조 제1항)22. 청약이 금지되는 공매도 거래 기간해당여부아니오시작일-종료일-23. 공정거래위원회 신고대상 여부미해당24. 기타 투자판단에 참고할 사항",https://www.digitaltoday.co.kr/news/articleView.html?idxno=654555,3,,1
"텔콘RF제약, 유상증자 결정…보통주 300만주 발행","청약이 금지되는 공매도 거래 기간해당여부아니오시작일-종료일-19. 공정거래위원회 신고대상 여부미해당20. 기타 투자판단에 참고할 사항 1) 상기 신주 발행가액은 ""증권의 발행 및 공시 등에 관한 규정"" 제5...",https://www.digitaltoday.co.kr/news/articleView.html?idxno=654556,3,,1
"'황제주의 굴욕' 삼천당제약, 일주일 만에 고점 대비 56% '반토막'","거기다 거래소가 지난달 말 삼천당제약을 불성실공시법인으로 지정 예고한 직후, 이달 1일 곧바로 공매도 과열 종목 리스트에 올리자 하락세는 더욱 거세졌다. 주가가 폭락하자 전인석 삼천당제약 대표는 6일 서울...",https://www.newsquest.co.kr/news/articleView.html?idxno=264391,4,,1
"[공매도 브리핑] 4월 7일 거래대금 2조 2,481억…한진칼·피엠티 상위","4월 7일 공매도 거래대금은 2조 2,481억 원으로 전체 거래대금 대비 4.32%를 기록했다. 전 거래일보다 3,776억 원 늘며 공매도 규모가 확대됐다. 코스피와 코스닥 모두 공매도 거래가 증가한 가운데, 외국인...",https://www.topstarnews.net/news/articleView.html?idxno=16028082,7,,1
118만→51만원 ‘삼천당제약 반토막’…대표가 나섰지만 투심은 싸늘 [종...,"이어 지난달 31일 한국거래소가 삼천당제약에 대한 불성실공시법인 지정을 예고한데 이어, 1일 삼천당제약을 공매도 과열 종목으로 지정하며 시장의 혼란은 더욱 커졌다. 주가가 급락하자 전 대표는 지난 6일...",https://biz.heraldcorp.com/article/10711913?ref=naver,4,,1
[이민경의 재계ON] 입 연 전인석..논란의 삼천당제약,"더욱이 지난달 31일 한국거래소는 삼천당제약에 대해 불성실공시법인 지정을 예고했고, 이달 1일에는 공매도 과열 종목으로 지정하기도 했다. 전인석 삼천당제약 대표가 지난 6일 오후 서울 서초구 삼천당제약 본사에서...",http://www.00news.co.kr/news/articleView.html?idxno=103067,3,,1
"[송윤서의 '주'경야독] 한국거래소, 거래시간 연장 준비 본격화…모의시...","차입공매도 역시 허용되며, 공매도 중앙점검시스템(NSDS), 과열종목 지정, 가격 규제 등 기존 규제 장치도 정규장과 동일하게 적용됩니다. 프리·애프터마켓에서의 변동성 확대 가능성에 대비해 정적 변동성완화장치(VI)를...",https://www.ajunews.com/view/20260407142145837,3,,1
비트코인 6만 8000달러 후퇴… 알트코인 급락 속 2억 달러 강제 청산,"이 중 공매도 청산이 1억 2,800만 달러, 매수 청산이 1억 500만 달러를 차지해 변동성 장세 속 약세 편향의 붕괴가 일어났음을 보여준다. 주요 알트코인들의 차트도 얼어붙었다. 인공지능슈퍼인텔리전스얼라이언스...",http://coinreaders.com/229185,4,,1
경쟁사지만…NXT 도입 효과 인정한 한국거래소 실무진,우민철 한국거래소 공매도특별감리부장이 저자다. 국내에서 ATS 출범 이후 양대 거래소에 대한 분석 논문을 내놓은 건 이번이 처음이다. 우 부장은 지난해 3월 출범한 국내 첫 ATS인 넥스트레이드가 이후 4개월간...,https://news.einfomax.co.kr/news/articleView.html?idxno=4408129,3,,1
이란 폭격 데드라인 임박… 7만 달러 무너진 비트코인 바닥은 어디일까,"데이터 분석 업체 코인글래스에 따르면 월요일의 반등은 1억 4,500만 달러 규모의 숏 스퀴즈(공매도 포지션 청산 혹은 커버를 위해 발생하는 매수세)에 기댄 구조적으로 취약한 랠리였으며, 이를 뒷받침할 신규 자본...",http://coinreaders.com/229154,4,,1
"블루 아울, 사모대출 우려에 주가 사상 최저",우려를 샀으며 블루 아울이 운용하는 기술 중심 펀드 OCIC는 전체 발행 주식의 20%를 초과하는 환매 요청을 받기도 했다. 블루 아울은 3월 말 기준 공매도 비중이 약 18.84%로 공매도가 많은 종목 중 하나이기도 하다.,https://news.einfomax.co.kr/news/articleView.html?idxno=4408067,6,,1
BTC 공매도 청산으로 또 손실…잔고 300억원→135만원 '급감',[사진: Reve AI] 유명 트레이더 제임스 윈이 탈중앙화 거래소(DEX) 하이퍼리퀴드에서 비트코인(BTC) 공매도(숏) 포지션을 잡았다가 청산돼 계좌 잔고가 900달러(약 135만원) 수준으로 급감했다. 6일(이하...,https://www.digitaltoday.co.kr/news/articleView.html?idxno=654197,4,,1
도지코인 가격 하락 이유…비트코인 자금 쏠림 영향,"바이낸스 선물 시장에서는 약 37만3,000달러 규모의 공매도 포지션이 새롭게 유입되는 등 숏 포지션이 확대됐고, 이는 추가적인 매도 압력을 유발했다. 동시에 가격은 일간 피벗 포인트인 0.0909달러와 50일...",http://coinreaders.com/229134,4,,1
"비트코인, 7만달러 회복에도 '취약한 균형' 경고","나오자 공매도 포지션이 강제로 청산되는 숏 스퀴즈 현상이 발생하며 상승을 견인했다고 설명했다. 실제로 코인글라스 집계 결과 지난 하루 동안 1억 4,500만 달러 이상의 공매도 포지션이 청산됐다. 기관 자금 흐름도...",https://www.smartbizn.com/news/articleView.html?idxno=141352,4,,1
4월 6일 주식시장 주요공시,"공매도 과열종목 연장 ▶이스타코, 주권 상장폐지관련 이의신청서 제출 ▶STX, 회생절차 개시결정... 및 추심명령 소송 인용 판결 ▶캠시스, 공매도 과열종목 지정 ▶헬릭스미스, 공매도 과열종목 지정",https://www.catchnews.kr/news/articleView.html?idxno=122409,4,,1
서민들 체감하는 물가 관리 나서야,전통시장과 대형마트의 가격 표시제 이행 점검이 보여주기식 행정에 그치지 않도록 바가지요금이나 매점매석 등 불공정 거래 행위에 대해서는 엄정하고 즉각적인 시정 조치가 뒤따라야 한다. 동시에 '착한가격업소'에 대한...,https://www.ulsanpress.net/news/articleView.html?idxno=572674,0,,0
"공정위, 신세계라이브쇼핑·컬리 현장조사… ‘업계 기강잡기’ vs ‘정...",공정위는 납품업체 비용 전가 등 불공정 거래 여부를 중심으로 들여다본다. 업계에서는 시장 영향력이 큰 선두 업체를 동시에 조사한 점에 주목하고 있다. 신세계라이브쇼핑은 국내 5개 티커머스 단독 사업자 중 매출 1위...,https://www.mydaily.co.kr/page/view/2026040718100234383,0,,0
"중고차 성능·상태 점검 책임보험, 퇴행은 절대 안 된다",불공정 거래와 부정적인 시각이 팽배했던 중고차 시장이 선진형으로 탈바꿈하고 더욱 성장하는 시장으로 바뀐 일등 공신은 무엇보다 자동차 성능·상태 점검 제도라고 하겠다. 물론 지역적으로는 아직 이 제도를...,https://www.hidomin.com/news/articleView.html?idxno=700392,0,,0
"[사설]휘발유 2000원 돌파, 소비자 울리는 낡은 유통구조 혁파를",대법원이 2013년 사후정산제가 불공정 거래가 아니라고 판단했음에도 이 제도가 가격 경쟁을 저해한다는 지적이 끊이지 않았다. 당정이 사후정산제뿐 아니라 정유사와 주유소 간 전속거래 관행을 손보기로 한 것도...,https://www.khan.co.kr/article/202604071812001,0,,0
'직원 추행 혐의' 컬리 대표 남편 징역형 집유...공정위 조사까지 겹친...,공정위는 티커머스(T-commerce) 등 온라인 유통시장에서 발생하는 불공정 거래 행위를 점검 중인 것으로 알려졌다. 업계에서는 컬리가 최근 흑자전환에 성공해 기업공개(IPO)를 재추진한 것이라는 기대감 속에 성장...,http://www.ttlnews.com/news/articleView.html?idxno=3096810,4,,1
"'타인 명의 계좌로 주식 거래'…유진투자증권 직원, 금감원 '과태료' 부...","이에 업계 일각에선 임직원의 불공정거래 예방을 위한 내부통제 방안의 실효성에 대한 의문도 제기된다. 임직원이 금융투자상품에 투자할 경우 사전에 신고된 본인 명의 계좌를 이용해야 하지만, 가족이나 지인 등 타인...",https://www.100ssd.co.kr/news/articleView.html?idxno=207908,11,,1
"목포시, 목포·신안 통합 홍보부스 운영 및 물가안정 캠페인","축제 기간 물가 상황실을 운영해 현장 모니터링을 강화하고, 원산지 표시 미이행이나 섞어 팔기 등 불공정 거래 행위에 대한 집중 점검도 실시했다. 또 소상공인들이 합리적인 가격으로 손님을 맞이할 수 있도록 독려하며...",https://www.newsfreezone.co.kr/news/articleView.html?idxno=683883,0,,0
"목포시, 2026년 유달산 봄축제 맞이 물가안정 캠페인","아울러 축제 기간 물가 상황실을 운영해 현장 모니터링을 강화하고, 원산지 표시 미이행이나 섞어 팔기 등 불공정 거래 행위에 대한 집중 점검도 실시했다. 이와 함께 소상공인들이 합리적인 가격으로 손님을 맞이할 수...",http://www.metroseoul.co.kr/article/20260407500277,0,,0
기름값 '깜깜이 정산' 손본다…사후정산제 폐지 추진,"다만 2013년 대법원은 해당 제도가 불공정 거래에 해당하지 않는다고 판단했다. 이번 개편은 '원칙적 폐지, 예외적 허용'방식으로 추진될 전망이다. 주유소가 원할 경우 사후 정산제를 선택할 수 있도록 하는 조치가...",https://www.ebn.co.kr/news/articleView.html?idxno=1704639,0,,0
"HDC 정몽규, '중대범죄' 혐의에도 약식재판? …검찰 ' 봐주기' 논란",공정위는 이 사실을 확인하고 지난달 17일 불공정거래 혐의로 검찰에 고발 조치했다. 공정위 조사결과 정 회장은 HDC현산 동일인으로 지정된 2006년부터 2024년까지 최장 19년에 걸쳐 지정 자료를 허위로 제출해 온 것으로...,http://www.nongaek.com/news/articleView.html?idxno=95021,3,,1
"""평시보다 더 보유하면 사재기""…政, 의료제품 매점매석 '엄정 대응'","이날 브리핑은 보건복지부, 공정거래위원회, 식품의약품안전처, 산업통상부 관계자가 참석했다. 정부는... 교란하는 불공정행위에 대한 우려가 제기되고 있는 점을 고려해 의료제품 관련 불공정행위에 대해 어떠한 예외도...",http://www.docdocdoc.co.kr/news/articleView.html?idxno=3038039,0,,0
사후정산제 손질 임박…정유사·주유소 ‘셈법 복잡’,"이를 불공정거래로 볼 수 어렵다고 판단했다. 사후 가격 조정을 통해 오히려 주유소의 구매 비용이 낮아질 수 있다는 점이 고려된 것으로, 사후정산이 일종의 ‘사후 할인’ 성격을 갖는 만큼 주유소에 실질적 불이익으로...",https://biz.heraldcorp.com/article/10711607?ref=naver,3,,1
"성우하이텍, 하도급 서면 늑장·부실 발급 '적발'",공정거래위원회가 자동차 부품업체 성우하이텍의 불공정 하도급거래를 적발하고 제재에 나섰다. 공정위는 성우하이텍이 금형 제조 등을 하도급 주면서 서면 발급 의무를 위반한 행위에 대해 시정명령과 과징금...,https://www.safetimes.co.kr/news/articleView.html?idxno=241609,2,,1
석유 최고가격제 다음은 사후정산·전속거래제 폐지 … '나쁜 기업'으로...,폐지로 가닥이 잡힌 사후정산제는 2013년 대법원에서 “주유소에 불이익을 초래하거나 공정거래를 저해한다고 보기 어렵다”며 불공정거래행위에 해당하지 않는다는 최종 판결을 받은 바 있다. 그럼에도 불공정...,https://biz.newdaily.co.kr/site/data/html/2026/04/07/2026040700097.html,3,,1
"공정위, 신세계라이브쇼핑·컬리 현장조사…온라인 유통 '불공정 거래'...","이번 조사는 온라인 유통 시장 내 불공정 거래 행위를 점검하고, 현행 유통법 체계의 보완점을 찾기 위한 목적으로 풀이된다. 7일 업계에 따르면 공정위는 전날부터 오는 8일까지 사흘간 신세계라이브쇼핑 본사에 조사관을...",https://mdtoday.co.kr/news/view/1065575846287599,0,,0
"이억원 ""주가조작은 폐가망신""...자본시장 신뢰 회복 의지",우먼타임스 = 성민 기자 이억원 금융위원장이 6일 국회 대정부질문에서 주가조작 등 불공정거래를 엄단해 자본시장 신뢰를 회복하겠다고 밝혔다. 와이더플래닛 관련 질의에도 불공정거래 엄단 방침을 재확인했다. 이날...,https://www.womentimes.co.kr/news/articleView.html?idxno=101935,11,,1
기름값 논란에 사후정산제 손질 임박…정유사·주유소 ‘셈법 복잡’,"이를 불공정거래로 볼 수 어렵다고 판단했다. 사후 가격 조정을 통해 오히려 주유소의 구매 비용이 낮아질 수 있다는 점이 고려된 것으로, 사후정산이 일종의 ‘사후 할인’ 성격을 갖는 만큼 주유소에 실질적 불이익으로...",https://biz.heraldcorp.com/article/10711477?ref=naver,3,,1
"김남근 ""고유가·경제위기 적극 대응해야""... 정부 해법 촉구","""'사후정산제', 독과점 따른 불공정 거래"" ""공정위, 대기업 담합 여부 조사해야"" ""서면 교부 안 했으면 하도급법 위반"" ""추경안에 물가 낮출 요소들 많이 있어"" [시장경제=노경민 기자] 더불어민주당 코리아 프리미엄 K...",https://www.meconomynews.com/news/articleView.html?idxno=129926,0,,0
약손명가 전 대표 ‘갑질 의혹’…경찰 수사 본격화,"한편, 약손명가 가맹점주 수십 명은 최근 '가맹점사업자협의회'를 결성하고 본사의 불공정 거래 및 강요 행위에 대해 공정거래위원회 신고와 함께 민·형사 소송을 제기한 상태다. 경찰은 이번 고소인 조사를 시작으로...",https://mdtoday.co.kr/news/view/1065574947493702,1,,0
"[IFRS17 도입, 보험사 점검] ② 수익·건전성 '투트랙' 흥국화재 …체질...",이에 <한스경제>는 주요 보험사들의 자본적정성 변화를 통해 지급여력비율(킥스·K-ICS)과 CSM이 손익 구조에 미치는 영향을 업체별로 분석했다. <편집자주> | 서울=한스경제 이지영 기자 | 태광그룹 금융계열사...,http://www.hansbiz.co.kr/news/articleView.html?idxno=831084,6,,1
"[흔들리는 흥국화재 기초체력] 버티는 킥스, 무너지는 기본자본…'속 빈...",킥스비율은 가용자본(기본·보완자본)을 요구자본(지급여력기준금액)으로 나눈 값으로 보험사의 지급여력을 가늠하는 대표적인 건전성 지표다. 흥국화재의 킥스비율은 비교적 안정적으로 관리되고 있다. IFRS17...,https://dealsite.co.kr/articles/159459,5,,1
"JKL파트너스, 롯데손해보험 매각 재시동…삼정KPMG 주관 [시그널]",롯데손해보험의 건전성 지표는 최근 개선되고 있다. 지급여력비율(K-ICS·킥스)이 지난해 1분기 119.9%에서 연말 잠정 159.3%로 올라서면서 금융 당국 권고치인 130%를 넘어섰다. 대체투자에 편중돼 있던 자산...,https://www.sedaily.com/article/20029472?ref=naver,2,,1
"신한라이프, 한화생명 제쳤다…생보업계 순이익 3위 등극","7일 보험업계에 따르면 신한라이프는 지난해 전년 대비 3.3% 감소한 5159억원의 당기순이익을 기록했다.... 신한라이프의 지난해 기준 지급여력(K-ICS, 킥스)비율은 204.3%로 삼성생명(198%), 한화생명(157%), 교보생명(165.6...",https://www.insightkorea.co.kr/news/articleView.html?idxno=244267,1,,0
생보사 '빅3'로 올라선 신한라이프,킥스는 보험금 지급 능력을 보여주는 건전성 지표다. 이 같은 기준으로 보면 신한라이프는 업계를 선도하고 있다. 지난해 말 신한라이프의 CSM은 7조5549억원으로 1년 전보다 4.5% 늘어났다. 교보생명은...,https://www.hankyung.com/article/2026040750631,2,,1
"'고무줄 예실차' 한화생명, 손익·킥스 들쑥날쑥","올해 2월 열린 2025년 결산 실적발표회(IR)에서 한화생명 관계자는 ""견고한 상각 이익에도 불구하고 보험금 예실차 증가 등으로 보험손익이 감소했다""고 설명한 바 있다. 이로 인해 지급여력(K-ICS·킥스)비율은 지난...",https://www.kbanker.co.kr/news/articleView.html?idxno=224642,1,,0
"NH농협생명, 보장성 신계약 '생보업계 Top' 도약...상품라인업 확대, 채...","아울러 NH농협생명의 지난해 9월 말 기준 경과조치 후 킥스비율은 431.8%로 국내 생보업계 최고 수준으로, 우수한 자본 건전성을 기반으로 한 보장성보험 포트폴리오 강화에 속도를 낼 전망이다. 농협생명 관계자는...",https://www.greened.kr/news/articleView.html?idxno=338942,2,,1
"NH투자증권 ""현대해상 시장금리 상승 수혜주, 자본비율 개선 효과 기대...","정 연구원은 ""통상 보험주는 금리 상승 수혜주로 분류된다""며 ""주요 보험사 가운데서는 현대해상에서... 현대해상 지급여력비율(K-ICS·킥스)은 시장금리 상승에 따라 2025년 말 190%에서 2026년 3월 말 약 200%로 상승한...",https://www.businesspost.co.kr/BP?command=article_view&num=435098,4,,1
'널린 게 매물' 보험 M&A 시장…'알짜'가 없다,"다만 예외모형 기준 경과조치 전 킥스 비율은 126.06%로 낮아지고, 원칙모형을 적용할 경우 104.57%까지 떨어진다. 보험사의 미래 이익인 보험계약마진(CSM) 역시 예외모형 기준 2조3161억원에서 원칙모형 적용 시...",https://news.bizwatch.co.kr/article/finance/2026/04/06/0019,3,,1
"NH證 ""현대해상, 금리 상승에 따라 자본비율 개선""","크다""며 ""주요 보험사 중에서는 현대해상이 가장 두드러지게 반영할 것으로 예상한다""고 밝혔다. 그러면서 ""현대해상은 금리상승에 따라 킥스(지급여력, K-ICS)비율이 2025년 말 190%에서 2026년 200%로 상승할 전망""이라며...",http://www.popcornnews.net/news/articleView.html?idxno=117657,4,,1
"[IFRS17 도입, 보험사 점검] ① 흥국생명, 내실 경영 가속…수익성 중심...",이에 <한스경제>는 주요 보험사들의 자본적정성 변화를 통해 지급여력비율(킥스·K-ICS)과 CSM이 손익 구조에 미치는 영향을 업체별로 분석했다. <편집자주> | 서울=한스경제 이지영 기자 |  흥국생명은 그동안 자본...,http://www.hansbiz.co.kr/news/articleView.html?idxno=830696,3,,1
체외충격파 치료 2086번 받은 60대…혼자 실손보험금 2억8천만원 축냈다,"금융당국은 중증이 아닌 치료를 받을 때 본인 부담을 기존 30%에서 50%로 늘리는 대신, 보험료는 30%가량 낮춘 5세대 실손보험 출시를 준비 중이다. 구체적 도입 시점은 관계부처 간 의견 조율 등으로 연기되고 있다....",https://www.mk.co.kr/article/12010847,2,,1
"공황장애·번아웃도 OK…보험, 정신건강도 케어",실속보험’과 ‘번아웃 교보라플 실속보험’을 각각 출시했다. 30대 여성 기준 4000원 미만의 보험료를 한 번... 2016년 이후에 가입한 실손보험은 주요 정신질환의 급여 치료비도 보장된다. 보험업계가 관련 상품 개발에...,https://www.joongang.co.kr/article/25418318,2,,1
1년 265번 치료받고 6400만원 지급 받아 … 실손보험료 인상 주범 '체외...,"금융당국은 중증이 아닌 치료를 받을 때 본인 부담을 기존 30%에서 50%로 늘리는 대신, 보험료는 30%가량 낮춘 5세대 실손보험 출시를 준비 중이다. 구체적 도입 시점은 관계부처 간 의견 조율 등으로 연기되고 있다.",https://www.mk.co.kr/article/12010449,2,,1
"[단독] '입원치료 적정성' AI가 판단한다…삼성화재, 국내 1호 특허등록...",삼성화재가 보험업계 최초로 실손보험에 인공지능 기반 입원치료 평가 방법을 도입했다. 7일 지식재산처에... 보험사는 전체적인 상품 손해율을 바탕으로 갱신 시점에 보험료를 산정한다. 보험금 누수가 확대될 경우...,https://www.etnews.com/20260407000117,5,,1
공황장애·번아웃 보험 등장…“‘마음 건강’에 보험사 역할 키워야”,실속보험’과 ‘번아웃 교보라플 실속보험’을 각각 출시했다. 30대 여성 기준 4000원 미만의 보험료를 한 번... 2016년 이후에 가입한 실손보험은 주요 정신질환의 급여 치료비도 보장된다. 보험업계가 관련 상품 개발에...,https://www.joongang.co.kr/article/25418206,5,,1
[기자의 눈] 또다시 나오는 실손보험…마지막 세대되길,"2021년 4세대 실손보험이 나온 이후 5년 만에 차세대 상품이 출시를 기다리고 있다. 1·2세대 뿐 아니라 이후 세대에서도 손해율이 모두 100%를 넘어서는 등 누적 적자가 10조원을 돌파하고, 이를 상쇄하기 위해 보험료가...",https://www.ekn.kr/web/view.php?key=20260407022174943,2,,1
[기자수첩] 보험 소비자 민원 챙기는 금감원장,"이찬진 금감원장은 백내장 실손보험금 미지급 사태 당시 시위 민원인을 직접 만나 분쟁 접수 건을 중심으로... 그 원칙이 흔들리면 상품 설계와 보험료 산정, 나아가 계약의 신뢰 자체가 무너질 수밖에 없다. 특히 민원은...",https://dealsite.co.kr/articles/159621,8,,1
"ETF 인기 폭발하더니…금융당국, 7월 '본보기 검사' [1분 브리프]","MARKET INDEX : Year to date Top3 NEWS ■ ETF 판매 폭증에 칼 빼든 금감원…상반기 1위 은행, 7월 '본보기 검사' ○중동 정세 불안으로 증시 변동성 커진 상황 ○5대 은행 ETF 판매액 1~3월 23.5조 ○""제2의 홍콩 ELS 사태...",https://view.asiae.co.kr/article/2026040807090654919,10,,1
"尹대통령실이 초대형 국정농단? 경향 ""합리적 의심"" 조선 ""정치용어""","권창영 2차 종합 특별검사팀은 지난 6일 정례 브리핑에서 ""지난달 초순경 쌍방울 대북 송금 사건과 관련해... 이찬진 금감원장은 검찰이 쌍방울의 주가조작 관련 조사를 요청해놓고 100억 원대 시세조종을 밝혀낸 자료를...",https://www.mediatoday.co.kr/news/articleView.html?idxno=333617,7,,1
"추미애 후보 “윤석열 내란 시도, ‘윤건희 권력 동일체’ 완성하려던 ...",국정원과 금감원을 손아귀에 넣는 것이 검찰 독재 정권 확립의 지름길이라... 특수통 검사 출신인 윤 대통령이 입법·사법·행정을 수직 계열화하여 이른바 <윤건희...,http://www.breaknews.com/1198449,6,,1
"[사설]쌍방울 대북송금 사건, ‘용산’ 개입 의혹 철저 규명해야","국정원 감찰부서장에 임명된 유도윤 부장검사가 압수수색에 대비해 13건을 비닉하라고 지시했고, 검찰이... 이찬진 금감원장은 검찰이 쌍방울의 주가조작 관련 조사를 요청해놓고 100억원대 시세조종을 밝혀낸 자료를...",https://www.khan.co.kr/article/202604071810001,7,,1
"추미애, 쌍방울 대북송금 수사 두고 윤석열·한동훈 맹폭",이어 “정보와 돈의 흐름을 꿰뚫고 있는 윤석열 대통령이 국정원을 장악하고 금감원을 손아귀에 쥐는 것이... 추 후보는 “2023년 검찰은 국정원 감찰 부서에 검사를 파견 보낸 뒤 한 달 뒤 수원지검이 문서 제출 공문을...,https://www.kyeonggi.com/article/20260407580505,6,,1
"금융당국, 사모대출펀드 재취합…교보·신한 조단위 투자",금감원은 그간 사모대출 부실에 대한 우려로 수차례 투자 현황을 집계했다. 이번에는 기준을 획정해 자료를 취합하고 관리에 나선다는 계획이다. 이번 검사에서는 보험사의 부실 노출액을 중점적으로 검토할 것으로...,https://www.mt.co.kr/stock/2026/04/08/2026040716525797137,13,,1
'우리금융 내부통제 부실 심각'. 임종룡회장 1기 국내외 사법.행정기관...,지난해 하반기 실시한 우리은행 수시검사에서 금융당국은 지난 2022년 발생한 700억 원대 횡령 사고의... 실제로 우리금융지주가 최근 금감원에 신고한 2025 사업보고서에 따르면 임회장의 1기 재임기간 중 국내외에서...,https://www.autodaily.co.kr/news/articleView.html?idxno=543046,13,,1
"이찬진 ""금융사 보안 사고 재발 시 '무관용 원칙' 제재""",개선이 미흡하거나 중대 사고가 발생하면 현장점검 및 검사 이후 엄중 제재를 적용한다. 금감원은 지난 2월부터 운영 중인 '금융 보안 통합 관제시스템(FIRST)'을 통해 주요 보안 위협 요인을 금융회사에 실시간으로...,http://www.inews24.com/view/1957743,7,,1
[뉴공 아카이브]퍼니포: 국정원·윤대통령실까지…대북송금사건 조작 의...,"자, 그리고 윤검, 윤석열 검사에 대해서,▶김어준 : 우야무야는 뭐야, 우야무야는. (웃음)▷주진우 : 아... 홍사훈 : 국정원과 대통령실 금감원까지 다 동원한 거 아니에요.▶김어준 : 그러니까 국정원은 대통령, 대통령...",http://www.ddanzi.com/878106900,6,,1
"[더벨][Policy Radar] 가상자산거래소 내부통제 전면 개편, 빗썸 사고 두...","또 금감원은 빗썸 검사를 통해 조직, 업무, 전산시스템 등 내부통제 전반의 문제점을 확인했다. 가상자산이용자보호법 위반 여부에 대한 법률 검토를 마치는 대로 즉시 제재 절차에 착수할 계획이다.",https://www.thebell.co.kr/free/content/ArticleView.asp?key=202604061634345920106959,9,,1
"[뉴공 아카이브]박성준 더불어민주당 의원, 김승원 더불어민주당 의원,...","그리고 국정원이라든가 금감원에서 공식적인 입장이 나와서.▶김어준 : 그러니까 저는 처음에는 또 박 검사 나와가지고 특유의 빠져나가는 그 말들 있지 않습니까.▷김승원 : 네, 법꾸라지나 미꾸라지 같은.▶김어준 : 그...",http://www.ddanzi.com/878098363,6,,1
"리버스톤자산운용, '무자격 운용'에 6개월 업무정지…사모펀드 통제 공...",금감원 검사 결과에 따르면 리버스톤자산운용은 2023년 입사한 신입 직원에게 수십억원 규모 펀드 운용을 맡긴 것으로 나타났다. 이는 단순 보조 업무 수준을 넘어 실제 투자 의사결정과 운용에 관여한 것으로 판단되며...,https://www.upkoreanews.kr/news/articleView.html?idxno=97877,6,,1
"금융위, 가상자산거래소 '5분 검증' 강제...금융사급 통제 도입",금융당국은 자율규제 개편과 함께 이를 2단계 가상자산법에 반영해 제재 근거까지 확보할 방침이다.... 금융위원회는 사고 직후인 2월 7일 금융위·금융정보분석원(FIU)·금감원· 디지털자산거래소 공동협의체(DAXA) 공동...,https://www.newswhoplus.com/news/articleView.html?idxno=58281,22,,1
"금감원, 금융보안 사전 예방 전환…IT사고 무관용 대응","금감원은 이날 오후 서울 여의도 본원에서 국회·금융협회·국내외 보안업계와 간담회를 열고, 사후 제재 중심에서 사전 예방 중심으로의 전환을 제시했다. 지난 2월 본격 가동한 ‘금융보안통합관제시스템(FIRST)’을 통해...",http://www.segyebiz.com/newsView/20260407518493?OutUrl=naver,7,,1
주주이익 상충하는 유상증자 제동... 상법개정 이후 이사회 풍경도 변화,상법 개정 전에는 기업 최고 의사결정기구인 이사회가 주주들에게 해가 되는 결정을 해도 마땅한 제재... 이복현 금감원장 시절 한화에어로스페이스 역시 대규모 유상증자를 신청했으나 금감원의 심사 후 유상증자...,http://www.fnnews.com/news/202604071824290141,6,,1
주주 이익 반하는 유상증자 제동...상법개정 나비효과,상법 개정 전에는 기업 최고 의사결정기구인 이사회가 주주들에게 해가 되는 결정을 해도 마땅한 제재... 이복현 금감원장 시절 한화에어로스페이스 역시 대규모 유상증자를 신청했으나 금감원의 심사 후 유상증자...,http://www.fnnews.com/news/202604071508414297,6,,1
"'297만명 정보유출' 롯데카드, 금융권 첫 '해킹 → 영업정지' 처분 나오...",현재 롯데카드는 금감원으로부터 사전 제재안을 통보받은 것으로 전해졌다. 과징금은 최대 50억 원 수준으로 예상된다. 신용정보법 규정에 따라 개인정보 분실·도난·누출·변조·훼손 시 전체 매출 3% 이하 과징금을...,https://www.insight.co.kr/news/549266,7,,1
[고영철號 신협 진단] ② 사업자대출 유용 전수조사…금융당국 제재 피...,"고영철 체제 광주문화신협, 업무용 부동산 소유제한 등 적발 낮은 규제 감수성에 900여개 조합 자정 가능 여부 불투명 금감원 ""신협 등 상호금융권 조사 중…문제 있으면 제재할 것"" 금융당국이 신협을 포함한...",https://www.topdaily.kr/articles/109582,16,,1
또 미뤄진 ELS 과징금…감경 폭에 갈릴 은행 실적 희비,"7일 금융권에 따르면 금감원 제재심 기준 ELS 과징금 규모는 약 1조4000억원 수준이다. 다만 자율배상(약 1조3000억원, 합의율 96%) 반영 여부에 따라 최종 총액은 1조원 안팎까지 낮아질 가능성이 거론된다. 제재심 수준이...",https://www.newsworks.co.kr/news/articleView.html?idxno=836934,11,,1
"ELS 과징금 이달 결론날까…은행, 최대폭 감경 기대","이후 열린 1차 제재심에서 자율배상을 감안해 절반인 2조원 정도로 낮췄고, 최종 심의에서 약 1조4000원으로 내려 잡았다. 공을 건네받은 금융위는 금융소비자보호법에 따라 금감원에서 정한 과징금을 최대 75%까지...",http://www.edaily.co.kr/news/newspath.asp?newsid=04122966645413824,16,,1
빗썸 대책도 15일 첫 국회 논의…“입법+샌드박스 투트랙 필요”,"금융위는 지난 6일 신진창 사무처장 주재로 두나무(업비트)·빗썸·코인원·코빗·스트리미(고팍스) 등 가상자산 거래소 CEO들과 간담회를 열고, 빗썸 오지급 사태 직후 이뤄진 거래소 점검 결과와 제도 개선 방향 등을...",http://www.edaily.co.kr/news/newspath.asp?newsid=02443606645414152,10,,1
"“유령코인 막는다”…금융위, 거래소 ‘5분 잔고검증’ 의무화","금융당국 가상자산 거래소 제도개선 주요 내용 (자료=금융위원회) 이에 따라 당국은 유의미한 수량 차이가 발생하면 자동 경보를 발령하고, 대규모 불일치가 확인될 경우 거래를 즉시 차단하는 ‘킬스위치(Kill Switch)...",https://www.tokenpost.kr/news/policy/346697,16,,1
코인거래소 내부통제 강화…책무구조도 나오나,이 자리에서 금융당국은 지난 2월 발생한 빗썸 오지급 사태로 인한 가상자산 거래소 점검 결과 및 향후 제도 개선 방향을 논의했다. 빗썸이 이벤트 참여자 695명에게 62조 원 규모의 비트코인을 오지급한 사태 이후 금융위는...,http://www.sisaon.co.kr/news/articleView.html?idxno=182169,10,,1
"""모든 가상자산거래소, 장부와 실보유량 5분 주기로 검증해야""","금융위 관계자는 ""이번 제도 개선은 단순한 사고 재발 방지를 넘어 가상자산 시장의 신뢰 회복을 위한 제도적 전환점""이라며 ""향후 '2단계 가상자산법'에도 반영돼 법 위반 시 영업정지, 임직원 해임 요구, 과태료 부과 등...",https://www.dongponews.net/news/articleView.html?idxno=57236,10,,1
"취임 100일 김은경 서금원장 ""금융기본권 연구단 출범…정책 현장 정착...","특히 연체 이전 단계에서도 선제적으로 대응할 수 있도록 제도를 개선하고, 저금리 대출과 금융서비스... 이를 통해 금융위원회의 '크레디트 빌드업' 모델의 실현 가능성을 높이고 단계 간 격차를 해소한다는 계획이다. 김...",https://www.newsway.co.kr/news/view?ud=2026040714332160913,17,,1
"증권사, 디지털자산 거래소 '눈독'...미래 먹거리 선점 경쟁","증권사들이 거래소에 관심을 갖는 이유는 수탁, 운용, 토큰증권발행(STO) 등으로 사업 영역을 넓힐 수 있기 때문이다. 해외 유사 사례 성과는 확인됐다. 미국 로빈후드는 2024년 6월 비트스탬프를 2억달러(약 2600억원)에...",https://www.digitaltoday.co.kr/news/articleView.html?idxno=654421,10,,1
"에너지고속도로 '민간개방' 우려…'맥쿼리식 민자사업' 구조, 입법 배경...","또다른 정책금융 전문가는 ""민간 참여 시 약 6.9% 수준의 추가 수익이 반영되는 구조라면 국민이 직접 투자해 수익을 가져가는 방식이 더 합리적일 수 있다""며 ""국민성장펀드나 주민참여형투자, 토큰증권(STO)을 활용한 투자...",http://www.newstomato.com/ReadNews.aspx?no=1296952&inflow=N,7,,1
"증권사, 가상자산 시장 공략 속도전",또한 홍콩법인 산하에 디지털 법인을 설립해 토큰증권(STO)사업도 추진 중이다. 한화투자증권은 국내 최대 가상자산거래소 업비트 운영사인 두나무 지분을 5.94% 보유하고 있다. 지난 2월에는 글로벌 웹3(탈중앙화 기반...,http://www.hansbiz.co.kr/news/articleView.html?idxno=831091,12,,1
"금투협, '금융투자업자 가상자산 규제' 교육생 모집","금융투자업계 종사자와 법률 전문가들이 강사진으로 참여해 토큰증권(STO), 스테이블코인, 가상자산 상장지수펀드(ETF) 등 주요 이슈와 사례를 분석하고, 자본시장법, 특정금융정보법, 가상자산 이용자 보호법 등 다양한...",https://www.newsis.com/view/NISX20260407_0003581604,10,,1
"이더리움, ‘자산’ 넘어 ‘인프라’로…이더리움 코리아, 콘퍼런스 ‘...","글로벌 기관 투자 테제 및 한국의 기관 도입 현황을 비롯해 실물연계자산(RWA) 및 토큰증권발행(STO), 스테이블코인 등 제도권 금융과 맞닿은 핵심 화두를 다루는 세션들이 차례로 진행된다. 행사에는 DSRV, 아비트럼...",https://www.mk.co.kr/article/12010345,11,,1
“37조 토큰화 시장 잡아라”…플룸네트워크가 제시한 韓 자본 유치 해...,토큰증권법(STO) 시행이 2027년으로 지연된 데다 엄격한 실명계좌 요건 탓에 외국인 투자 경로가 사실상 막혀 있는 ‘구조적 병목’ 상태에 놓여 있다. 김 총괄은 아랍에미리트(UAE) 아부다비 글로벌 마켓(ADGM)의 사례를...,https://www.mk.co.kr/article/12010330,6,,1
"투게더아트, 제9회차 미술품 투자계약증권 합산 발행","한편 투게더아트는 한국디지털거래소(KDX) 컨소시엄에 참여하며 토큰증권(STO) 생태계로 사업 영역을 확장하고 있다. 투게더아트 관계자는 ""이번 공모를 통해 투자자들이 더욱 안정적인 방식으로 미술품에...",https://www.the-stock.kr/news/articleView.html?idxno=32320,6,,1
"“블록체인, 금융 인프라로 들어왔다”…스테이블코인 전쟁 본격화","월가 휩쓰는 ‘토큰화’ 물결…韓 금융사 생존 게임 T+0 정산 시대 개막, 백엔드 효율화가 핵심 韓 STO... 올해 1월 SEC는 토큰화 증권의 정의와 규제 분류 체계를 정리했다. 발행자 주도형(발행자가 직접 토큰 형태로...",https://www.mk.co.kr/article/12010026,4,,1
미래에셋 이어 한투까지…증권사 거래소 인수전 '불붙었다',증권사들이 디지털 자산에 주목하는 배경은 토큰증권(STO) 제도화와 법인 참여 허용 가능성으로 관련 시장 확대가 예상되기 때문이다. STO와 가상자산 현물 ETF 등 새로운 상품을 내놓기 위해서는 관련 인프라 확보가...,http://www.newsian.co.kr/news/articleView.html?idxno=88218,12,,1
"[STO 인사이트] ⑤ KB증권, AI로 증권 쪼갠다",지난 1월 자본시장법·전자증권법 개정안이 국회를 통과하면서 토큰증권(STO)은 제도권 진입의 문턱을 넘기 위한 법적 기반을 갖추게 됐다. 이에 따라 부동산·채권·주식 등을 블록체인 기반으로 분할 발행·유통하는...,http://www.hansbiz.co.kr/news/articleView.html?idxno=830830,9,,1
"[오늘의 비트코인] 트럼프 ""2주간 공격 중단""…7만1000달러 회복",미국 암호화폐 거래소 코인베이스에 따르면 8일 오전 8시 기준 비트코인 가격은 24시간 전보다 3.29% 오른... 한편 글로벌 가상자산 데이터 조사 업체 얼터너티브(Alternative)에서 집계하는 '공포 및 탐욕 지수'는 이날...,https://news.dealsitetv.com/articles/168257,7,,1
"비트코인, '2주 휴전' 소식에 4%대 급등…1억600만원",이날 오전 8시 기준 가상자산 거래소 빗썸에서 비트코인은 24시간 전보다 4.13% 오른 1억664만원에 거래되고 있다. 달러 기준으로는 7만달러선을 다시 넘어 7만1538달러를 기록했다. 주요 알트코인도 동반 상승해...,https://www.newsis.com/view/NISX20260408_0003582006,4,,1
"한 번에 분산투자…빗썸, '포트폴리오 매수 서비스' 출시",가상자산 거래소 빗썸이 여러 종목에 동시에 투자할 수 있는 '포트폴리오 매수 서비스'를 선보이며 투자 편의성 확대에 나섰다. 8일 빗썸은 투자자가 개별 종목을 일일이 선택하지 않아도 복수의 가상자산에 분산...,http://www.seoulwire.com/news/articleView.html?idxno=715712,3,,1
[아주경제 코이너스 브리핑] 미·이란 '2주 휴전' 중재 부상…비트코인...,8일 글로벌 가상자산 시황 사이트 코인마켓캡에 따르면 비트코인은 이날 오전 8시 기준 전일 대비 3.72... 이날 오전 8시 기준 국내 원화 거래소 빗썸에서는 비트코인이 7만1294달러(약 1억657만원)에 거래되고 있다....,https://www.ajunews.com/view/20260408074230277,5,,1
글로벌 코인거래소 5곳이 점유율 70% 독식…韓 파생상품 도입 논의는 제...,"현재 국내 가상자산 거래소는 현물 거래 중심으로 운영되고 있으며, 파생상품은 제도권 내에서 허용되지 않고 있다. 반면 해외 주요국은 가상자산 파생상품을 제도권 안으로 편입하는 움직임을 보이고 있다. 미국에서는...",http://www.edaily.co.kr/news/newspath.asp?newsid=02561686645414152,3,,1
빗썸 '묶음매수' 도입…가상자산 지수형 투자 시대 열리나,가상자산 거래소 빗썸은 투자자가 복수의 가상자산을 한 번의 주문으로 동시에 매수할 수 있는 포트폴리오 매수 서비스를 출시했다고 8일 밝혔다. 개별 종목을 일일이 매수해야 했던 기존 방식에서 벗어나 사전에 구성된...,https://www.thefairnews.co.kr/news/articleView.html?idxno=73739,3,,1
"미래에셋증권, 순이익 1조2000억 '349% 폭증'…""스페이스X 이어 딥테크 ...","고 연구원은 마지막으로 ""미래에셋그룹 차원의 가상자산 거래소 코빗 인수와 미국 디지털은행 에레보르 투자 등을 통해 미래 성장동력을 꾸준히 확보해 나가는 점도 긍정적""이라고 조언했다.",http://www.newsprime.co.kr/news/article.html?no=729549,7,,1
"요동치는 비트코인, 가상자산거래소 자산도 ‘출렁’",올 초 대비 비트코인 가격 17% 가까이 하락 거래량 감소로 1분기 실적에 대한 우려도  비트코인 가격 하락과 거래대금 감소가 맞물리면서 국내 가상자산거래소들의 실적 부담이 커지고 있다. 거래소들이 보유한...,https://www.fetv.co.kr/news/article.html?no=216506,4,,1
"""북한 배후 해킹조직 4천억대 암호화폐 탈취...올해 최대규모""",북한 배후의 해킹조직이 지난주 암호화폐 거래소에서 최소 2억8500만 달러(약 4268억 원)를 탈취했다고... 바이비트 자산 탈취 때의 속도를 능가하는 수준이라고 밝혔다. 가상화폐 거래기업 관계자들과 직접...,https://www.womennews.co.kr/news/articleView.html?idxno=275994,4,,1
파키스탄 휴전안에 가슴 쓸어내린 업비트… 비트코인 1억 1000만 원 뚫어...,"얼어붙었던 가상자산 시장이 파키스탄의 극적인 2주 휴전 중재안 소식에 안도하며 뚜렷한 반등세로 돌아섰다. 국내 최대 거래소 업비트에서는 대장주 비트코인이 1억 500만 원 선을 가뿐히 돌파한 가운데, 이더리움과...",http://coinreaders.com/229340,3,,1
"금융당국, 가상자산 '출금 지연' 강화…""보이스피싱 차단""","금융위는 오늘(8일) 가상자산 거래소별로 달랐던 출금 지연 예외 기준을 정비해, 통일된 표준 내규를 마련했다고 밝혔습니다. 출금 지연 제도는 신규 이용자가 매수한 가상자산의 출금을 일정 시간 제한해, 피해금이...",http://www.yonhapnewstv.co.kr/AKR20260408070502kKp,10,,1
레드스톤·리플XRP·비트코인 상승…이란 휴전 기대·금리 하락에 코인...,"이어져 가상자산 시장에도 우호적으로 작용한다. 다만 뉴욕증시가 혼조세로 마감한 점은 여전히 불확실성이 남아 있음을 보여준다. ○ 거래소별 상위 종목…레드스톤 강세 주도 업비트에서는 레드스톤이 1,818억원...",https://www.topstarnews.net/news/articleView.html?idxno=16028299,4,,1
"[더벨][바이낸스는 지금] 한국 다시 두드리는 글로벌 1위, 중장기 파급력...","바이낸스는 글로벌 1위 디지털자산거래소다. 글로벌 각국에서 거래소, 디지털자산 관련 서비스를 운영하고... 이외 유럽에서 그리스를 거점으로 삼아 유럽연합(EU) 가상자산규제기본법(MiCA) 라이선스 취득을 시도 중이다....",https://www.thebell.co.kr/free/content/ArticleView.asp?key=202604031906287760103148,3,,1
"[더벨][알엔투테크놀로지 줌인] 새주인 등극한 크로스1호, 블록체인 사...",이후 세계 최대 가상자산 거래소인 바이낸스에서 글로벌 이사로 활동했다. 크로스1호조합의 최종 출자자 구성도 눈에 띈다. 유상증자 최초 결정 당시 김 대표와 송지혜 씨가 각각 조합의 50% 주요 출자자로 이름을...,https://www.thebell.co.kr/free/content/ArticleView.asp?key=202604061515257520105381,3,,1
"[IT 세대교체 ②] 이해진은 설계, 김범수는 정리…창업자 퇴장은 없다",국내 1위 간편결제 사업자인 네이버파이낸셜과 국내 최대 가상자산 거래소 두나무의 결합 추진이 대표적인 사례다. 네이버는 포괄적 주식교환 방식을 통해 두나무를 편입하는 방안을 검토해왔다. 이해진 의장은 이를...,https://www.mydaily.co.kr/page/view/2026040709110609339,4,,1
"케이뱅크, 한 달 만에 '30% 급락'…인뱅 프리미엄 완전 꺼졌다 [이슈 더...",케이뱅크는 수익 구조가 가상자산 거래소 '업비트' 제휴에 크게 의존하고 있다는 점이 꾸준히 불안 요소로 지목됐다. 여기에 업비트 비용 증가가 발생하면서 이익 구조가 흔들릴 가능성이 거론된다. 금융권에서는 핵심...,https://www.ngetnews.com/news/articleView.html?idxno=549765,4,,1
62조 유령 비트코인 사고…드러난 거래소 통제 부실,62조 ‘유령 비트코인’ 사고…드러난 거래소 통제 부실 지난 2월 국내 가상자산 거래소 빗썸에서 단위 입력 실수 하나가 시장을 흔들었다. ‘원’이 아닌 ‘비트코인’으로 잘못 입력되며 약 62조원 규모의 오지급이...,https://www.tokenpost.kr/news/cryptocurrency/347218,5,,1
가상자산 불황에 업비트 고객예치금 31% 급감...수수료 무료 전략 빗썸...,지난해 국내 주요 가상자산거래소 고객예치금 규모가 일제히 감소한 것으로 나타났다. 가상자산시장이 위축되면서 투자 대기 자금 성격의 예치금도 바짝 줄어들었다. 다만 가상자산거래소 1위 업비트는 예치금이 31...,http://www.consumernews.co.kr/news/articleView.html?idxno=753330,4,,1
비트코인 ETF 유입 급반등…거래소 점검 강화·SEC 완화 논의 겹쳤다,한국에서는 금융당국이 모든 가상자산거래소에 대해 실제 보유 자산과 장부를 5분마다 대조하도록 지시했다. 최근 특정 거래소의 지급 사고를 계기로 내부 통제 취약점이 드러난 데 따른 조치다. 앞서 일부 거래소는...,https://www.tokenpost.kr/news/cryptocurrency/347216,4,,1
가상자산 헤게모니 노리는 금융위…디지털 생태계 활성화 발목,금융위가 주장하는 가상자산거래소 지분 제한의 경우 디지털자산기본법 취지에 어긋난다는 평가를 받고 있습니다. 거래소 대주주 지분을 20%로 제한하고 법인의 경우 예외적으로 34%까지 허용하는 내용인데요. 금융위는...,http://www.newstomato.com/ReadNews.aspx?no=1296946&inflow=N,10,,1
"코인으로 빠져나간 보이스피싱 돈, 이제 쉽게 못 뺀다",가상자산거래소의 '강화된 출금 지연 제도' 시행 가상자산 출금지연 예외 기준 전면 통일 출금 지연 예외 대상 고객 1% 이내로 축소 금융당국이 가상자산 계좌를 악용한 보이스피싱 범죄를 차단하기 위해...,https://www.nocutnews.co.kr/news/6498284?utm_source=naver&utm_medium=article&utm_campaign=20260408063849,4,,1
가상자산 보이스피싱 59% '출금지연' 예외서 발생…기준 강화,"금융위는 8일 ""가상자산거래소마다 자체적으로 운영되던 출금 지연 예외 기준을 정비해 강화된 출금 지연 예외 기준을 반영한 통일된 표준내규를 마련했다""고 밝혔다. 작년 5월 금융위는 디지털자산거래소 공동협의체...",https://www.yna.co.kr/view/AKR20260407137200002?input=1195m,10,,1
"경찰, 김병기 6차 소환 앞두고 '분리송치' 카드…1순위 혐의 주목",숭실대 특혜 편입 의혹과 가상자산 거래소 빗썸 인사 청탁 의혹 등이 대표적이다. 경찰은 이미 차남을 피의자 신분으로 세 차례 소환해 강도 높은 조사를 진행했다. 이 같은 반복 소환은 단순 소환 조사를 넘어 혐의 입증을...,https://www.newsis.com/view/NISX20260407_0003581620,3,,1
끝모를 포성에 금값마저 휘청···새로운 안전자산은 무엇일까[경제밥...,투자자들은 안전 자산의 대표 종목들이 흔들리자 주자들이 흔들리자 가상자산과 달러 아니면 아예 현금 등... 한국거래소 금 시장의 현물을 기초자산으로 하는 ‘ACE KRX 금현물’과 ‘TIGER KRX 금현물’(6일 기준)의 지난...,https://www.khan.co.kr/article/202604080600081,4,,1
"디지털자산 입법 앞두고… 美 서클, 韓 은행·거래소 만난다",달러 스테이블코인 유에스디코인(USDC) 발행사 서클 창업자가 이달 방한해 국내 주요 은행과 가상자산 거래소를 잇달아 만난다. USDC를 앞세운 결제·송금 인프라 확장과 자체 블록체인 '아크' 생태계 구축을 겨냥한...,https://it.chosun.com/news/articleView.html?idxno=2023092159928,7,,1
"인도네시아 당국, 테러 자금 조달범 유죄 판결...""블록체인으로 다 잡았...","피고인 중 한 명은 인도네시아 현지 거래소에서 해외 플랫폼으로 총 15회에 걸쳐 4만 9,000USDT 이상의 테더... 피고인들의 가상자산 거래 경로를 추적했다. 피고인들은 직접적인 테러 공격에 가담하지는 않았으나 자금을...",http://coinreaders.com/229325,3,,1
"미국 CME, 거래 시간 연장 및 수이·아발란체 상장 예정","다만, 24시간 거래가 모든 자산군에 적용될지는 결정되지 않은 상황이다. 미국 시카고상품거래소는 오는 5월 29일부로 가상화폐 선물 및 옵션 상품에 대한 연중무휴 거래를 도입하겠다고 발표했다. 거래소는 지난...",https://www.khgames.co.kr/news/articleView.html?idxno=303201,0,,0
(18) 스테이블코인 '샌드박스' 시급,"작년 말 갑작스레 시작된 거래소 지분제한 논의와 은행 중심 원화 스테이블코인 발행 논의로 인해... 특정금융정보법과 가상자산이용자보호법(향후에는 디지털자산기본법)을 추가해야 하는 바, 이제는 법 제정과...",https://www.lawtimes.co.kr/news/articleView.html?idxno=218979,8,,1
“서금원·신복위 통합 검토…취약층 이용 편익 극대화” [비즈 Who],이어 “이익을 본 사람들이 책임을 져야 한다”며 은행권뿐만 아니라 증권사나 가상자산거래소 등으로 출연 대상을 넓혀야 한다는 구상도 내비쳤다. 취약계층이 1금융권으로 안착할 수 있도록 돕는 ‘크레딧 빌드업’...,https://www.segye.com/newsView/20260407515418?OutUrl=naver,10,,1
"서민금융 출연 대상 넓히나…서금원장, 증권·가상자산 정조준","그러면서 이러한 재원 조달처를 증권사, 가상자산거래소 등으로까지 확대할 의지도 시사했다. 김 원장은 ""대출은 은행, 생명보험사만이 제공하는 게 아니다. 주식 투자자들도 신용대출을 많이 받는 만큼, 주식시장에도...",https://www.nocutnews.co.kr/news/6498356?utm_source=naver&utm_medium=article&utm_campaign=20260408063851,15,,1
"체인링크, 미국 중간선거 겨냥 로비 단체 출범","예를 들어, 가상화폐 거래소인 코인베이스는 유동성 확보가 최우선이지만, 수탁 전문인 앵커리지디지털은 자산 보관 규정이, 기술사인 체인링크는 오라클(데이터 연결) 표준화가 시급한 과제다. 즉, 하나의...",https://www.khgames.co.kr/news/articleView.html?idxno=303200,3,,1
"르완다 국립은행 ""프랑만 허용""...바이비트에 맞서 암호화폐 금지",루완다 당국은 이러한 법적 장치를 통해 규제 사각지대를 해소하고 비승인 거래소들의 무분별한 시장 진입을 차단할 계획이다. 당국은 민간 가상자산 규제와 동시에 중앙은행 디지털 화폐(CBDC)인 e-FRW 도입에 속도를...,http://coinreaders.com/229313,9,,1
"상위 트레이더 68%, 시바이누 롱 포지션...고래들이 점찍은 반등 지점은...",가상자산 시장의 변동성이 지속되는 가운데 글로벌 최대 거래소 바이낸스 내 대형 고래들이 시바이누의 반등 가능성에 무게를 두며 적극적인 매수 포지션을 구축하고 있는 것으로 나타났다. 가상자산 전문 매체...,http://coinreaders.com/229302,3,,1
"""이더리움과 XRP의 시대는 끝""...알트코인, 금·은 토큰화에 밀릴 위기","유투데이는 4월 7일(현지시간) 보도에서 이더리움(Ethereum, ETH)과 엑스알피(XRP) 등 기존 알트코인들의 거래소 유입량이 이전 주기와 비교해 현저히 감소했다고 전했다. 가상자산 분석 업체 크립토퀀트의 데이터에 따르면...",http://coinreaders.com/229300,3,,1
"암호화폐 고래, 비트코인 2,000만 달러 바이낸스 입금...매물 폭탄에 개...",바이낸스는 세계 최대 가상자산 거래소로 유동성이 풍부해 대규모 물량 소화가 용이하다. 최근 거래소 내 비트코인 보유량이 감소하는 추세였으나 이번 입금으로 공급 과잉 우려가 다시 제기됐다. 비트코인이 전고점...,http://coinreaders.com/229265,10,,1
"블록체인 경쟁축, ‘수수료’에서 ‘특화’로…비트코인·이더리움·솔...",이더리움 가상머신(EVM) 호환 애플리케이션까지 구현하려는 시도를 보여준다. 코인베이스의 cbBTC 기반 대출 시장과 바빌론의 리퀴드 스테이킹도 비트코인을 담보나 경제적 보안 자산으로 바꾸는 흐름을 키우고 있다....,https://www.tokenpost.kr/news/blockchain/347134,2,,1
"개미·기관 모두 탈출...""XRP, 추가 하방 압력 불가피""","분석가 아랍 체인(Arab Chain)에 따르면 가상자산 거래소 바이낸스(Binance)로 유입되는 고래들의 XRP 물량은 일평균 약 1,260만XRP 수준으로 급감했다. 이는 과거 수억 XRP가 유입되던 시기와 비교하면 매우 낮은 수치다....",http://coinreaders.com/229260,3,,1
"파라택시스이더리움, 파라택시스코리아 흡수합병 결정",주요사항보고서(회사합병결정) 금융위원회 / 한국거래소 귀중 2026년 04월 07일회 사 명... 2.회사 재무 및 영업에 미치는 영향 및 효과본 합병과 함께 회사의 디지털 자산 재무 전략은 가상자산 사업 다각화로 재편될...,https://www.digitaltoday.co.kr/news/articleView.html?idxno=654600,16,,1
"솔라나, 일주일간 200만 SOL 거래소 입금...""지금 안 팔면 반토막""",거래소로 유입되는 매도 물량이 급증하면서 하방 압력이 거세지는 양상이다. 가상자산 전문 매체 비인크립토는 4월 7일(현지시간) 보도에서 솔라나 가격이 79.90달러 부근에서 거래되는 가운데 하락 이탈이 확인될...,http://coinreaders.com/229255,4,,1
"비트코인, 2022년 하락장 끝낸 지표 재등장...""조만간 전고점 뚫는다""","가상자산 전문 매체 코인텔레그래프는 4월 7일(현지시간) 비트코인의 상대강도지수(Relative Strength Index, RSI)... 이미 고래 투자자들은 현재 가격대를 매력적인 진입 구간으로 인식하며 대규모 물량을 거래소 밖으로...",http://coinreaders.com/229242,3,,1
"바이낸스, 준비금 증명 페이지 공개",해당 페이지는 바이낸스가 보유한 주요 가상자산 준비금 현황을 공개하는 자료다. 준비금 증명은 거래소가 이용자 예치 자산에 상응하는 자산을 보유하고 있는지 확인하는 데 활용된다. 시장에서는 통상 비트코인...,https://www.tokenpost.kr/news/breaking/347102,3,,1
"공공·금융기관이 먼저 찾는다... 파라택시스이더리움, 데이터 주권 수...","한국거래소에 따르면 이날 소프트웨어 업종은 전일 대비 0.45% 하락했다. 지수 하락폭은 크지 않았으나, 전쟁... 가상자산 관련 소프트웨어 종목인 파라택시스이더리움은 5.69% 오른 1839원에 마감했다. 지정학적 불안...",https://www.pinpointnews.co.kr/news/articleView.html?idxno=443629,4,,1
외국인 늘었지만 돈은 달러로…원화 스테이블 '시급',오는 13일 써클의 창업자 겸 CEO 제레미 알레어는 두나무·빗썸·코인원 등 주요 거래소와 시중은행을 방문해... 한편 정부가 은행뿐 아니라 빅테크와 가상자산 기업까지 원화 스테이블 코인 발행 주체 확대를 검토하면서...,https://www.ggilbo.com/news/articleView.html?idxno=1151399,8,,1
"[토큰화 ③] 3,310억 달러 시장의 진실 헤드라인 너머를 봐야 한다","BUIDL의 성공이 주목받는 또 다른 이유는 이 펀드가 다수의 퍼블릭 블록체인에서 운영되며, Crypto.com이나 Deribit 같은 주요 가상자산 거래소에서 담보 자산으로 인정받기 시작했다는 점이다. 전통 자본이 가상자산...",https://www.tokenpost.kr/news/insights/347068,4,,1
스테이블코인 입법 공회전…해외동향에 속타는 업계,"민병덕 의원은 ""코인베이스가 USDC를 거래·정산의 핵심 인프라로 활용하며 스테이블코인을 단순한 토큰이 아니라 금융시스템의 일부로 편입시켰고, 시타델증권이 참여한 가상자산거래소 EDXM이 KRWQ에 기반한...",https://www.mt.co.kr/stock/2026/04/07/2026040718040165759,4,,1
"폴로닉스, 1억달러 규모 이용자 보호기금 출범","이번 조치는 글로벌 가상자산 거래소 업계에서 보안과 자산 보호 체계에 대한 이용자 요구가 커지는 가운데 나왔다. 거래소들은 최근 이용자 신뢰 확보를 위해 준비금 공개, 보안 투자 확대, 보호 프로그램 도입...",https://www.tokenpost.kr/news/breaking/347055,4,,1
레드스톤(RED) 거래대금 1위 등극… 비트코인·리플은 약보합세,비트코인(BTC) 로고 가상자산 시장에서 일부 알트코인들이 높은 상승률과 거래량을 기록하며 활기를... 7일 오후 5시 50분 기준 국내 가상화폐 거래소 업비트에서 레드스톤은 전일 대비 11.83% 상승한 312원에...,https://www.gukjenews.com/news/articleView.html?idxno=3551327,3,,1
"황석진 교수 ""가상자산 과세는 원칙…'2000만원 공제' 금융소득 분리과...","조세 형평성 차원에서 가상자산에도 과세가 필요합니다. 다만, 현행 250만원 공제는 지나치게 낮은 만큼... 이어 “이런 기준이 명확하지 않으면 투자자들은 언제 세금을 내야 하는지 판단하기 어렵고, 거래소마다 계산...",https://news.mtn.co.kr/news-detail/2026040717104516673,4,,1
한국투자증권도 가상자산거래소 인수?…증권사發 지형 변화 예고,한국투자증권이 가상자산 거래소 인수를 검토하며 디지털 자산 시장 진출에 나설 것으로 보인다. 앞서 미래에셋그룹이 가상자산 거래소 코빗 인수를 금융위원회로부터 최종 허가받은 데 이은 행보다. 양사의 인수가...,https://www.ceoscoredaily.com/page/view/2026040715473866876,19,,1
서클 손잡은 빗썸…점유율 1위 두나무에 도전,韓 스테이블코인 패권 경쟁 달러코인 확대 최선봉 '서클' 점유율 키우려는 빗썸과 협력 토스·카카오 연계 시너지 전망 높아진 USDC 韓 점유율 기반 국내 결제시장까지 확대 목표 가상자산거래소 빗썸이 달러...,https://www.mk.co.kr/article/12010418,4,,1
"타이거리서치 ""원화 스테이블코인 KRWQ, 코스피 투자 환헤지 수요 상당...",타이거리서치 보고서에 따르면 국내에서는 2024년 가상자산이용자보호법 시행으로 투자자 보호를 위한 법적 근거가 마련됐다. 다만 거래소 업권 규율과 스테이블코인 규제를 담을 디지털자산기본법은 당정 간 핵심...,http://www.edaily.co.kr/news/newspath.asp?newsid=04867526645413824,6,,1
“달러 스테이블코인 페라리 타고 질주…한국은 아직 출발선”,김 대표는 “한국은 2024년 가상자산이용자보호법 시행으로 투자자 보호 기반은 마련했지만 거래소 업권과 스테이블코인을 포괄하는 디지털자산기본법은 핵심 쟁점에서 합의가 지연되고 있다”고 말했다. 이어...,https://www.ddaily.co.kr/page/view/2026040717055497750,4,,1
"인도네시아 법원, 테러 자금 조달 재판서 ‘온체인 증거’ 인정…유죄 ...",TRM에 따르면 한 피고인은 현지 거래소에서 해외 플랫폼으로 15차례에 걸쳐 4만9000달러가 넘는 USDt(USDT)를... 실제로 최근 동남아에서는 가상자산 범죄 조직을 겨냥한 수사가 잇따르고 있다. 지난 1일에는 캄보디아와 중국...,https://www.tokenpost.kr/news/policy/347029,4,,1
선물 거래 7배 폭증…이더리움 상승 뒤 숨겨진 경고 신호,"실제 글로벌 최대 가상자산 거래소인 바이낸스 기준으로 현물 대비 선물 거래량 비율은 0.13까지 하락했다. 이는 올해 들어 가장 낮은 수준으로, 단순 계산 시 선물 거래량이 현물보다 약 7배 가까이 많다는 의미다....",https://www.pinpointnews.co.kr/news/articleView.html?idxno=443619,3,,1
"미래에셋 vs 한투증권, IMA에 이어 가상자산 중개사업도 선점 경쟁",국내 가상자산거래소 역시 기존 제도권 금융사와 합종연횡을 꾀하고 있다. 국내 5대 거래소는 업비트·빗썸·코인원·코빗·고팍스 등인데 이들 모두 국내 가상자산 시장 불황과 내수시장에서 '규모의 경제'라는 한계에...,https://www.sisajournal-e.com/news/articleView.html?idxno=420332,4,,1
"""달러 스테이블코인 질주…'입법 신중론'에 화폐 주권 흔들린다""","이날 토론회에선 스테이블코인을 둘러싼 글로벌 경쟁이 가상자산 시장을 넘어 금융 인프라 주도권 경쟁으로... 방향""이라며 ""거래소와 청산기관 등 기존 구조 위에 블록체인을 얹어 즉시 결제와 유동성 확장을 구현하고...",https://www.news1.kr/finance/blockchain-fintech/6128486,8,,1
"서클 CEO 방한... 두나무, KB·신한·하나금융보다 '먼저' 만난다",달러 기반 스테이블코인 유에스디코인(USDC) 발행사 서클의 최고경영자(CEO)가 이달 한국을 방문해 업비트 운영사 두나무를 비롯한 국내 주요 가상자산 거래소와 금융사 경영진들과 만나 협력 방안을 논의한다. 지난...,https://www.insight.co.kr/news/549231,5,,1
"총리 이름까지 도용...일본, 밈코인 사기에 '초강력 규제' 칼 빼들었다","정치인이나 연예인 등 공인의 이름을 활용한 가상자산 발행과 홍보 과정에 대해 투명한 정보 공개를 의무화하고, 거래소 상장 심사 기준을 강화하는 내용이 포함됐다. 허위 광고를 유포하는 인플루언서에 대해서는...",http://coinreaders.com/229206,-5,,0
"민병덕 의원 ""원화 스테이블코인은 금융 인프라...유통·실사용이 핵심...","그는 시타델 증권이 참여한 디지털 자산거래소가 원화 스테이블코인(KRWQ) 기반 무기한 선물 상품을... 중국의 경우 사실상 가상자산과 관련된 업무활동을 불법 금융활동에 해당한다고 보고, 스테이블코인도 마찬가지인...",https://www.techm.kr/news/articleView.html?idxno=150898,5,,1
"[코인시황] 美 ""이란 제거할 수도""…비트코인, 6만8000달러선 '후퇴'",국내 거래소 빗썸에서는 같은 시각 1.05% 내린 1억362만원을 기록했다. 같은 시각 알트코인의 희비는... 한편 가상자산 데이터 제공업체 얼터너티브가 집계하는 가상자산 심리 단계는 이날 기준 35점(공포)으로...,https://www.newsworks.co.kr/news/articleView.html?idxno=836953,4,,1
"[기고] 이란 호르무즈 통행료와 스테이블코인 결제, 페트로달러 체제 흔...","최근 테더(Tether)와 서클(Circle)이 이란 가상자산 거래소 Wallex 관련 계정 약 249만달러를 동결한 사례에서 확인되듯, 주요 스테이블코인 발행사는 규제 준수를 우선시하고 있다. 따라서 이란이 위안화나 스테이블코인을...",http://www.segyebiz.com/newsView/20260407514709?OutUrl=naver,4,,1
"위메이드, ‘레전드 오브 이미르’ 글로벌 확장… PC ‘스팀’ 출시로 ...",위메이드는 태국과 필리핀 등 주요 국가에서 가상자산 거래소와의 협업을 통해 위믹스(WEMIX) 접근성을 확대하고 있다. 이를 통해 현지 이용자들은 법정화폐를 기반으로 보다 쉽게 게임 생태계에 진입할 수 있게 됐다....,https://www.ceoscoredaily.com/page/view/2026040713514232818,3,,1
[DeFi와 금융전환-上] 금융지주 회장님이 주목하는 '웹3' 뭐길래,"또 자신이 보유한 가상자산을 특정 플랫폼에 예치해 이자도 받을 수 있다. 더불어 결재와 지급뿐만 아니라 대출, 주식거래 등 금융중개 서비스도 탈중앙화된 체제 아래서 가능하다. 탈중앙화된 거래소(DEX)가 등장하며...",https://www.sisajournal-e.com/news/articleView.html?idxno=420322,6,,1
USDC 발행사 서클 수장 방한…업비트·빗썸 이어 KB금융·다날도 뛰어든...,국내 거래소가 스테이블코인 취급을 늘린 가운데 KB금융과 다날도 관련 사업 검토에 들어갔다.... 다만 금융위원회는 지난 1월 6일 가상자산 2단계법과 관련해 스테이블코인 발행 주체를 포함한 주요 내용이 정해지지...,http://www.newsworker.co.kr/news/articleView.html?idxno=420954,16,,1
"코인베이스發 기대감?…디피니티브, 최대 26% 급등[특징코인]",가상자산 디피니티브(EDGE)가 하루 만에 최대 26% 상승했다. 7일 오후 3시 21분 기준 빗썸에서 디피니티브는... 디피니티브는 여러 블록체인과 탈중앙화 거래소(DEX)를 하나의 인터페이스로 통합한 온체인 거래...,https://www.news1.kr/finance/blockchain-fintech/6128413,3,,1
“월가는 이미 ‘디지털 달러’로 무장”…이종섭 교수 “달러 패권 맞...,단순한 가상자산을 넘어 글로벌 자산 토큰화 시대를 여는 핵심 결제 인프라라고 역설했다. 이 교수에 따르면... 그는 ”스테이블코인은 더 이상 거래소 주변부의 투기 수단이 아니며 달러 유동성을 블록체인에 이식하는...,https://www.mk.co.kr/article/12010273,7,,1
스테이블코인 ‘이자 지급’ 막히나…규제 당국 전방위 압박 [크립토브...,스테이블코인 USDC 발행사 서클이 가상자산거래소 코인베이스에 준비금 수익을 공유하고 코인베이스가 해당 수익 일부를 보상 형태로 이용자에게 제공하는 사례가 대표적이다. 하지만 규제 당국은 이 같은 우회로를 금융...,http://www.fnnews.com/news/202604071555181840,4,,1
"[테크M 트렌드] 은행권, 원화 스테이블코인 경쟁 본격화...유통 주도권 ...",JB금융지주 산하 전북은행은 전통 금융과 디지털 자산을 연결하는 교차점을 가상화폐 지갑으로 보고 구축 작업을 진행하고 있다. 전북은행이 가상화폐 거래소 고팍스와 실명확인 입출금 계좌 제휴를 맺고 있다는 점도...,https://www.techm.kr/news/articleView.html?idxno=150895,5,,1
[오늘의 DT인] “금융 취약계층은 사회적 리스크… 금융회사도 고통 분...,"최근 국내 증시가 활황세를 이어가며 영끌(영혼까지 끌어모아 대출), 빚투(빚내서 투자)가 나타나고 있는 만큼 증권사와 가상자산 거래소 역시 책임을 부과할 계획이다. 그는 “대출받는 게 은행하고 생명보험회사만 있는...",https://www.dt.co.kr/article/12056168?ref=naver,11,,1
김은경 신복위원장 “2금융권 중금리 상품 ‘사다리 대출’ 출시”,이어 “재원 다각화를 위해 가상 자산 거래소와 증권업계 등 타 업권의 기금 참여 가능성도 검토 중”이라고 했다. 현재 발의된 서민금융지원법은 서민금융안정기금을 설치한 뒤 법정 기금 형태로 재편하는 것이...,https://biz.chosun.com/stock/finance/2026/04/07/XLAVKB6GBZDGDDNF4GHV3QKALQ/?utm_source=naver&utm_medium=original&utm_campaign=biz,2,,1
"“디지털자산 범죄 지갑 쪼개기, 탈중앙거래소 은닉에 추적 더 어려워져...",美국토안보부 공조 보난자팩토리 대표 발표 체인 간 브릿지 및 DEX 활용 수법으로 변모 유령거래소 범죄자금... 보난자팩토리는 지난 2024년부터 미국 국토안보부와 함께 한미 가상자산 추적 관련 국책과제를 수행해오고...,https://biz.heraldcorp.com/article/10711779?ref=naver,3,,1
"“송금수수료 87% 절감” 원화 스테이블코인, 입법 지연에 글로벌 경쟁...",특히 원화 스테이블코인 발행 주체를 은행 중심(50%+1주) 컨소시엄에 우선 허용하는 것과 가상자산 거래소 대주주 지분 제한 문제가 논란이 되면서 디지털자산기본법 2단계 입법이 공전 중이다. 김 대표는 “달러...,https://www.mk.co.kr/article/12010118,9,,1
"""AI가 '지갑 속 노는 코인' 운용하는 시대""","지난 2월 글로벌 가상자산 거래소 코인베이스는 인공지능(AI) 에이전트 전용 지갑 인프라 에인전틱 월렛(Agentic Wallet)을 공개하며, “조언만 하던 에이전트에서, 실제로 행동하는 에이전트로 넘어가는 시대”를...",https://zdnet.co.kr/view/?no=20260406110244,3,,1
업비트 거래소에서 금일 가장 주목 받는 가상화폐는…,4월 7일 현재 국내 가상화폐 거래소인 업비트에서 '월드리버티파이낸셜유에스디'와 '유에스디이'가 가장... 5개 자산에 이름을 올리고 있다. 일일 매수 체결강도 상위 5개 가상화폐 모두 100% 이상의 체결강도를 보유...,https://www.khgames.co.kr/news/articleView.html?idxno=303181,0,,0
"리플(XRP), 손절 압력 확대 속 '유동성 붕괴' 신호…중동 변수까지 겹친...",여기에 거래소 유동성 감소가 동시에 진행되고 있다. 최근 시장에서는 XRP 유동성 지표가 역사적 저점 수준에... 이 과정에서 가상자산 시장 역시 외부 변수 영향을 받는 흐름이 이어지고 있다. 시장 내부적으로는 자금...,https://www.cbci.co.kr/news/articleView.html?idxno=566081,6,,1
北 배후 의심 코인 거래소 4300억원 해킹… 6개월 친분 쌓고 작업,약 4300억원에 달하는 솔라나(SOL) 기반 탈중앙화 거래소(DEX·Decentralized Exchange) 드리프트 프로토콜 해킹의... 7일 가상 자산 업계에 따르면 드리프트 운영팀은 최근 공식 엑스(X·옛 트위터)를 통해 2억8600만달러(약...,https://biz.chosun.com/stock/finance/2026/04/07/FQLTKLNMPJHCJMNGP56TGZ5GRU/?utm_source=naver&utm_medium=original&utm_campaign=biz,1,,0
'유령 코인은 없다' 가상자산 감시 체계 전면 개편,"강민국 국민의힘 의원실에 따르면 2021년 이후 가상자산거래소로 이직한 금감원 출신은 총 16명이며, 이 중 7명이 빗썸에 재취업한 것으로 집계됐다. 금감원 감시 체계의 신뢰도와 관련된 문제가 될 수밖에 없다....",https://www.bigtanews.co.kr/article/view/big202604070013,9,,1
전쟁통에도 7만달러 안정… 달라진 비트코인 왜,브라질 가상자산 거래소 ‘메르카도비트코인’은 최근 보고서를 통해 비트코인이 팬데믹·전쟁 등 주요 위기 때마다 금이나 S&P500 등 전통 자산을 상회하는 성과를 보였다고 밝혔다. 보고서에 따르면 비트코인은 7번의...,https://www.munhwa.com/article/11580399?ref=naver,4,,1
"서클 창립자, 방한 당일 오찬 회동…금융권·두나무·다날 한자리에",업비트를 비롯한 국내 거래소들은 USDC의 주요 유통 채널이다. 그만큼 협력적 관계를 구축하는 게... 그간 페이코인 사업을 통해 가상자산 결제 인프라도 구축한 바 있어 USDC 국내 유통의 핵심 플레이어로 자리잡을...,https://www.news1.kr/finance/blockchain-fintech/6127780,4,,1
"美 스테이블코인 규제, 타협점 찾았다...""이자 대신 활동 보상""",접어들면서 가상자산 업계와 금융권의 기대감이 동시에 높아지고 있다. 4월 7일(현지시간) 암호화폐 전문... 규제를 거래소와 중개업체에도 동일하게 적용해야 한다는 입장을 유지해왔다. 다만 제이피모건체이스...,http://coinreaders.com/229159,7,,1
"[HOT 금융 트렌드] 카카오페이, 'x402 재단' 합류…에이전틱 AI 결제 글로...","x402는 미국 최대의 가상자산거래소인 코인베이스(Coinbase)가 주도하는 차세대 웹 결제 프로토콜이다. 웹 상호작용에 결제 기능을 직접 내장해 즉각적인 '온체인 결제(On-chain, 블록체인 네트워크상에서의 직접 결제)'를...",http://www.bizwnews.com/news/articleView.html?idxno=132728,4,,1
거래 넘어 결제 인프라로…'서클·카카오페이''가 띄운 스테이블코인 전...,"x402는 글로벌 가상자산 거래소 코인베이스가 주도하는 개방형 결제 표준으로, 웹 상호작용에 결제 기능을 직접 심어 인공지능(AI) 에이전트와 애플리케이션(앱), 앱 프로그래밍 인터페이스(API)가 가치를 주고받도록...",https://www.etoday.co.kr/news/view/2573418,3,,1
업비트 거래량 폭증…왜 코인 가격은 오히려 떨어질까,"4월 7일 오전 11시 10분 기준 국내 1위 가상자산 거래소 업비트에 따르면, 비트코인(BTC)은 1억 337만 7,000원에 거래되며 전일 대비 0.53% 하락했다. 장중 고가 1억 4,311만 1,000원 대비 상승 흐름은 꺾였고, 단기 조정 국면에...",http://coinreaders.com/229157,3,,1
"북한 UNC4736, 신분 위조·대면 접촉으로 드리프트서 2억8500만달러 탈취",솔라나 기반 탈중앙화 거래소 드리프트는 1일(현지시간) 발생한 2억8500만달러(약 3850억원) 규모 탈취 사고가... 이들은 주요 가상자산 컨퍼런스에 북한 국적이 아닌 대리인을 직접 보내 접촉하며 신뢰를 구축하는 등...,http://www.boannews.com/media/view.asp?idx=143049&kind=1,4,,1
너무 뛰었나...다날 · 헥토파이낸셜 · 미투온 '장중 급락',"관련 업계에 따르면 제레미 알레어 서클 창업자는 오는 13일 한국을 찾아 국내 금융권과 가상자산 거래소는 물론, 네이버·카카오 등 정보기술(IT) 기업 관계자들까지 잇달아 만나는 릴레이 회동에 나선다. KB금융...",http://www.choicenews.co.kr/news/articleView.html?idxno=163420,4,,1
"""우리는 동업자가 아니라 인질이었다""…P씨 형제 코인 투자 의혹, 피해...","일부는 모집된 자금 일부가 해외 가상자산 거래소 선물거래에 사용됐다고 주장했고, 일부는 가족 명의 재산 형성과 연결된 자금 흐름을 수사해야 한다고 말했다. 이 과정에서 2022년 강원 영월의 12억7000만원대 부동산...",https://www.nbntv.kr/news/articleView.html?idxno=339824,3,,1
"韓 방문 서클 CEO, 다날과 'USDC 결제·유통' 논의한다...""결제망·상용화...","알레어 CEO는 이번 방한 기간 동안 국내 주요 금융지주사를 비롯해 가상자산 거래소, 빅테크 기업 고위 관계자들과 연쇄 회동을 갖는 것으로 알려졌다. 이 가운데 국내 대표 결제 기업이자 일찌감치 스테이블코인...",http://www.newsprime.co.kr/news/article.html?no=729464,4,,1
"일본 금융 거물 ""XRP, 상상 초월 폭등 온다""...상승 시나리오 공개",이는 일본 주요 금융기관 가운데 가상자산을 투자 인센티브로 도입한 첫 사례로 평가된다. 여기에 더해 키타오 회장은 리플의 스테이블코인 RLUSD를 자사 라이선스 거래소를 통해 일본 시장에 도입할 계획도...,http://coinreaders.com/229152,4,,1
"[정책포커스] 금융위원회, '가상자산 업계 간담회' 열고 사고 예방·통제...","6일, 금융위원회 신진창 사무처장 주재로 5대 가상자산거래소 대표, 디지털자산거래소 공동협의체(DAXA) 등이 참석한 가운데, '빗썸 오지급 사태' 직후 구성된 '긴급대응반'의 점검결과 공유 및 향후 제도개선 방안 논의...",http://www.sisacast.kr/news/articleView.html?idxno=94738,16,,1
"[크립토Now] 제레미 알레어 서클 CEO, 다음 주 방한","업계에 따르면 알레어 CEO는 방한 기간 동안 KB국민·신한·하나 등 주요 시중은행과, 두나무, 빗썸, 코인원 등 가상자산 거래소 경영진과 회동할 예정입니다. 이번 방한에서 알레어 CEO는 실질적인 사업 추진을 담당하는...",http://mbnmoney.mbn.co.kr/news/view?news_no=MM1005808100,6,,1
"[속보] 흥구석유, 정적 VI 발동 후 해제…변동성 확대 속 투자심리 출렁","7일 거래소에 따르면 이날 오전 10시 38분 30초 흥구석유는 정적 VI가 발동됐다. 발동가는 2만1950원이었으며... 주식 및 가상자산은 가격 변동성이 크며, 투자에 따른 손실은 투자자 본인의 책임입니다. 투자 결정 전 반드시...",https://www.cbci.co.kr/news/articleView.html?idxno=566015,4,,1
"위메이드, 위믹스 앞세워 필리핀 공략 본격화","지난 3월 17일, 필리핀 최대 가상자산 거래소 ‘코인스(Coins)’에 위믹스(WEMIX)를 상장하며 현지 통화 페소로 직접 거래할 수 있는 환경을 구축했다. 접근성을 낮춰 블록체인 생태계 진입 장벽을 크게 줄였다는 평가다....",https://www.tokenpost.kr/news/blockchain/346939,3,,1
"P씨 형제 코인 투자 의혹 확산…피해자들 ""복구 약속으로 수년간 자금 ...","모집 자금 일부가 해외 가상자산 거래소 선물거래에 쓰였다는 주장과 함께, 2022년 9월 강원 영월의 12억7000만원대 부동산 거래, 가족 명의 공동등기, 법인 급여 지급 정황 등도 추가로 제기하고 있다. 이들은 이번 사건이...",https://www.nbntv.kr/news/articleView.html?idxno=339823,3,,1
"위메이드, 신작 다변화·위믹스 생태계 확장 통해 글로벌 공략 '속도'","최근 필리핀 현지 가상자산 거래소인 '코인스(Coins)'에 위믹스를 상장시켜, 현지 법정화폐인 페소로 직접 코인을 거래할 수 있는 환경을 구축했다. 위메이드 '레전드 오브 이미르' 필리핀 파트너스 데이...",https://zdnet.co.kr/view/?no=20260407100219,3,,1
"""페이커, 정우성""… 업비트·빗썸 스타 경쟁 이제는 '치킨게임'",공정위는 두나무가 2017년 가상자산거래소 업비트를 개소 이후 일반 주문에 0.139%의 수수료율을 적용한 사실이 없음에도 해당 수수료율이 0.05%로 인하된 것처럼 안내했다고 지적했다. 이 같은 공정위 조치에도 자율 규제...,https://www.newsway.co.kr/news/view?ud=2026040709222632029,4,,1
코인원 사내이사로 컴투스 상무 선임…'한투증권 인수설' 둘러싼 셈법,가상자산 거래소 코인원에서 최근 이사진에 변화가 발생했다. 2대 주주 컴투스그룹 측 인사인 김창환 코인원 기타비상무이사가 사내이사로 취임한 것. 코인원은 사내이사 수를 맞추기 위해 김 이사를 임시로 선임했다고...,https://www.bizhankook.com/bk/article/31981,3,,1
"KG파이낸셜, 헥토월렛원과 디지털자산 결제 서비스 확대 협력",갖췄고 가상자산사업자(VASP) 자격을 취득한 인앱 지갑 서비스 '오하이월렛'도 보유하고 있다. 양사는 이번 협약을 통해 ▲오하이월렛 기반 디지털자산 결제 및 거래소 원화 전환 서비스 연계 ▲옥텟 API를...,https://www.itbiznews.com/news/articleView.html?idxno=208908,4,,1
[크립토Now] 가상자산거래소 '5분' 잔고대조 의무화,"앞으로 모든 가상자산 거래소는 5분마다 장부상 보유량과 실제 보유량을 대조·검증하는 시스템을 구축해야 합니다. 금융위원회는 어제(6일) 정부서울청사에서 업계 간담회를 열고, '빗썸 오지급 사태' 후속 조치로 이 같은...",http://mbnmoney.mbn.co.kr/news/view?news_no=MM1005808008,16,,1
[디깅노트] 지분 규제에 묶인 가상자산법 2단계…본질은 사라졌다,"이 라이선스는 국내에서 가상자산(디지털자산) 관련 사업을 하려면 반드시 받아야 한다. 이는 거래소만의 문제가 아니다. 스테이블코인 발행과 결제, 자산 보관 등 새로운 가상자산 서비스를 준비하는 스타트업과 핀테크...",https://www.bloter.net/news/articleView.html?idxno=658686,3,,1
"[모닝 리포트] 이란, 호르무즈 '코인 통행료', 유엔해양법 위반 소지","양 연구원은 ""최근 '테더'와 '서클'이 이란 가상자산 거래소 관련 계정을 동결한 사례에서 보듯 발행사들은 규제를 따르고 있다""며 ""통행료 징수 시도는 기술적 구현과 별개로 실제 운영에는 제약이 불가피하다""고...",https://www.newspim.com/news/view/20260407000159,3,,1
"[단독] 거래소 빗썸, 서클과 손잡는다…스테이블코인 패권 경쟁",알레어 서클 CEO·이재원 빗썸 대표 13일 스테이블코인 협력 MOU 토스·카카오등 핀테크 연계망 구상 두나무·네이버 연합에 ‘맞불’ 국내 가상자산 거래소 빗썸이 글로벌 스테이블코인 ‘유에스디코인(USDC)’ 발행사인...,https://www.mk.co.kr/article/12009732,3,,1
휴전 기대감 속 비트코인 소폭 상승…6만8000달러선 등락,원화 거래소 빗썸에서는 비트코인이 6만8949달러(약1억401만원)에 거래됐다. 이는 전날 대비 0.67% 낮아진 수치다. 해외 가격보다 국내 가격이 더 높게 형성되는 '김치 프리미엄'은 -0.03% 수준이다. 글로벌 가상자산...,https://news.tf.co.kr/read/economy/2310259.htm,5,,1
"""비트코인도 꺾었다""...XRP, 업비트 거래량 폭주","엑스알피(XRP)가 국내 최대 가상자산 거래소인 업비트에서 비트코인(Bitcoin, BTC)의 거래량을 추월하며 한국 투자자들의 압도적인 지지를 증명했다. 4월 7일(현지시간) 암호화폐 전문 매체 유투데이에 따르면, XRP는 최근...",http://coinreaders.com/229130,6,,1
비트코인 1억300만원…종전 기대 반짝 상승 후 되밀려,"이날 오전 8시10분 기준 가상자산 거래소 빗썸에서 비트코인은 24시간 전보다 0.95% 내린 1억375만1000원에 거래되고 있다. 달러 기준으로는 6만8656달러선에서 움직이고 있으며, 장중 한때 7만달러선을 일시적으로...",https://www.newsis.com/view/NISX20260407_0003580399,4,,1
[아주경제 코이너스 브리핑] 휴전 기대감에 가상자산 일제히 상승…비트...,com 미국과 이란 간 휴전 협상이 진전될 것이란 기대감이 확산하면서 비트코인을 비롯한 가상자산이... 이날 오전 8시 기준 국내 원화 거래소 빗썸에서는 비트코인이 6만8949달러(약 1억401만원)에 거래되고 있다....,https://www.ajunews.com/view/20260407074419378,5,,1
[오늘의 비트코인] 美·이란 종전 기대감에 7만달러 탈환,미국 암호화폐 거래소 코인베이스에 따르면 7일 오전 8시 기준 비트코인 가격은 24시간 전보다 1.63% 오른... 한편 글로벌 가상자산 데이터 조사 업체 얼터너티브(Alternative)에서 집계하는 '공포 및 탐욕 지수'는...,https://news.dealsitetv.com/articles/168183,7,,1
"치솟는 구리값에 '교량 명판' 절도 기승…""마을 8곳 47개 싹쓸이""","경찰은 최근 고환율과 이란전쟁 여파로 구리값이 치솟은 점을 노린 것으로 보고 있습니다. 고물상 관계자 ""(2년 전엔 구리가㎏당) 1만원 선 됐었는데 지금은 1만 7000~8000원 뭐 그 정도 돼요. 원화 환율이 많이 좌우가...",https://news.tvchosun.com/site/data/html_dir/2026/04/08/2026040890032.html,4,,1
"7개월 만 회동서 '추경 공방'…""부적절"" 야당 지적 일부 수용","[장동혁/국민의힘 대표 : 국민 70%에게 현금을 나누어주는 방식이라면, 오히려 물가와 환율에 악영향을 줄 것입니다.] TBS 지원 예산 49억 원, 농지 투기 전수조사 예산 587억 원 등은 ""전쟁 추경 목적에 전혀 맞지 않다""며 빼야...",https://news.jtbc.co.kr/article/NB12293202?influxDiv=NAVER,3,,1
"고유가 여파에 항공편 잇단 취소... ""숙박비 날렸다"" 소비자 피해 속출",여행까지 3주 남짓 남은 상황에서 환율 상승까지 겹치면서 기존 항공권보다 100만원 넘게 비싼 177만 1442원(1160달러)을 지불해야 했다. 더욱 심각한 것은 한 씨가 받은 취소 통보가 2주 만에 벌써 두 번째라는 점이다. 한 씨는...,https://www.insight.co.kr/news/549238,0,,0
전쟁이 나도 그림은 판다…'화랑미술제' 모래바람 뚫고 개막,"환율이나 주가, 뭐 하나 안정적인 게 없다. 게다가 전통적으로 말이다. 전쟁통에는 가지고 있는 그림도 내다 팔지 않았던가. 갤러리스트 안목까지 내거는 ‘솔로부스’ 주목 하지만 전쟁이 나도 그림시장은 열린다....",http://www.edaily.co.kr/news/newspath.asp?newsid=02535446645414152,4,,1
"""가벼운 무게, 무거운 가격""…LG 그램 2026, 소리 소문 없는 '가격 폭등...","반도체 부품 가격 상승과 불안정한 환율 여파가 완제품 가격에 그대로 전이되면서, 노트북 한 대 가격이... LG전자 관계자는 ""핵심 부품인 RAM과 SSD 가격 상승, 그리고 환율 변동의 영향이 크다""고 인상 배경을...",https://www.abcn.kr/news/articleView.html?idxno=87323,3,,1
"중기중앙회-이상네트웍스, '中企·소상공인 금융지원' MOU 체결","또한, 중동발 지정학적 리스크와 유가 및 환율 급등으로 어느 때보다 중소기업과 소상공인들의 경영리스크가 커지고 있는 상황에서 이상네트웍스의 B2B 플랫폼 및 여러 금융기관과의 협업 네트워크를 연계한 중소기업...",http://www.snmnews.com/news/articleView.html?idxno=567696,4,,1
"[농협 거버넌스 늪]②당국 ""농협은행 이익 부풀리기냐 충당금 더 쌓아라...","환율·금리 등이 안정적인 경우엔 별문제가 되지 않지만, 완충 체력이 약한 상황에서 외부 리스크가 닥치면 건전성 지표가 크게 흔들릴 수 있다. 최근 중동 사태로 환율이 1500원을 넘어서고 시장 금리 변동성이 커져...",https://news.bizwatch.co.kr/article/finance/2026/04/07/0013,13,,1
[국제유가 톺아보기] 호르무즈 긴장 고조에 WTI 112달러 혼조 마감,"""협상 기대와 군사적 긴장이 반복되면서 유가가 상하단을 크게 흔드는 장세가 이어질 가능성이 높다""며 ""에너지 가격이 증시와 환율에 미치는 영향을 함께 고려할 필요가 있다""고 짚었다.",https://www.econovill.com/news/articleView.html?idxno=736423,4,,1
[넥스트-샷] 폭격 시한 앞두고 일단 낙관···지정학적 안개 걷힐까요...,특히 유가와 환율 흐름이 국내 증시에 미치는 영향을 함께 점검할 필요가 있겠습니다. 또한 미국 기업들의 실적 기대가 유지되고 있다는 점은 국내 증시에서도 실적 기반 종목 중심의 선별적 접근이 유효함을 시사합니다....,https://www.womaneconomy.co.kr/news/articleView.html?idxno=252184,4,,1
"청주시정연구원, 중동 정세 장기화에 청주 제조업 생산비 최대 2.84% 상승...","연구원은 단기적으로 유가·환율·운임 등 상시 모니터링 체계를 구축하고, 중기에는 공급망 안정과 수출시장 다변화, 장기에는 에너지 효율 개선과 산업구조 보완이 필요하다고 제안했습니다. 연구원 관계자는 ""원재료...",https://news.bbsi.co.kr/news/articleView.html?idxno=4076958,3,,1
"[8일 금값 시세] 금 팔면 84만원, 사면 98만원…격차 커진 이유","한 귀금속 업계 관계자는 ""금은 단기 투자보다는 장기 자산 보존 수단으로 접근하는 것이 바람직하다""며 ""가격이 올랐다고 무작정 매수하기보다 환율과 국제 시세 흐름을 함께 살펴야 한다""고 말했다. 금값 상승은...",https://www.pinpointnews.co.kr/news/articleView.html?idxno=443679,3,,1
애플 폴더블 아이폰 9월 출시 가닥… 가격 300만 원대 전망,"이를 현재 환율 기준으로 단순 환산하면 국내 판매가는 300만 원 안팎 또는 그 이상이 될 수 있다는 계산이 나온다. 업계에서는 애플이 폴더블 아이폰을 통해 아이폰 평균판매단가를 끌어올리고, 프리미엄 스마트폰...",https://www.autodaily.co.kr/news/articleView.html?idxno=543062,3,,1
[국제유가] 혼조 마감…트럼프 '최후통첩'에 시장 관망세 확대,"업계에서는 ""협상 기대와 군사적 긴장이 반복되면서 유가가 상하단을 크게 흔드는 장세가 이어질 가능성이 높다""며 ""투자자들은 에너지 가격이 증시와 환율에 미치는 영향을 함께 고려할 필요가 있다""고 짚었다....",https://www.goodkyung.com/news/articleView.html?idxno=285564,3,,1
"전남도, 축산농가 사료비 부담 던다… 상반기 1,200억 규모 융자 지원","전라남도가 최근 국제 유가 및 환율 변동으로 인한 사료 가격 상승으로 어려움을 겪고 있는 축산농가를 위해 2026년 상반기 사료구매 융자금 1,200억 원을 투입한다고...",http://www.breaknews.com/1198462,3,,1
축산 사룟값 ‘들썩’…밥상 물가도 ‘꿈틀’,"[앵커] 한 달 넘게 계속된 중동 사태로 국제 유가, 환율이 요동치면서 수입 사료 원룟값도 덩달아 오르고... 국제 유가 상승에 따른 해상 운임 인상과 환율 상승 영향 등으로 사료 원료인 곡물 수입 단가가 올랐기...",https://news.kbs.co.kr/news/pc/view/view.do?ncd=8529785&ref=A,3,,1
트럼프 이란 협박에 민주당 50명 탄핵 요구,"이번 사태가 협상으로 마무리되든 군사 충돌로 번지든, 그 결말은 미국 정치의 틀을 바꾸는 동시에 한국 경제 전반에 유가·물가·환율 삼중 충격으로 귀결될 가능성이 크다고 업계에서는 보고 있다. 진형근...",https://www.g-enews.com/view.php?ud=2026040807251957402bd56fbc3c_1,3,,1
[천지일보 이슈종합] 트럼프 최종 협상 시한·삼성전자 어닝 서프라이즈...,RIA 계좌란 환율 안정과 국내 자본시장 활성화를 목적으로 출시된 특별 전용 계좌다. 해외 주식에 투자하는 개인투자자가 해외주식을 RIA 계좌로 입고·매도한 뒤 원화·국내 주식 등에 재투자하고 1년 이상 유지하면 해외...,https://www.newscj.com/news/articleView.html?idxno=3392147,5,,1
"[더벨][트리니티항공 재도약] 대명소노, 트리니티항공 재무구조부터 개...",지난해 글로벌 지정학적 리스크로 유가와 환율이 요동치면서 영업환경이 위축됐다. 그 결과 트리니티항공의 순손실이 커졌고 이는 곧 결손금 누적으로 이어다. 2024년 693억원으로 줄었던 결손금은 지난해 말...,https://www.thebell.co.kr/free/content/ArticleView.asp?key=202604030855592100105091,3,,1
서울 자가 40~50대 김 부장 위한 절세 전략,만약 신고 대행 서비스 신청 기간을 놓쳐 직접 신고해야 한다면 환율을 잘 적용해서 양도소득을 구해야 한다. 분할매수와 분할매도 한 경우 환율을 적용해서 선입선출법이나 이동평균법을 사용해기에 계산이 많이...,https://shindonga.donga.com/3/all/13/6165301/1,3,,1
[C컷] 신문 속 ‘딜링룸’ 사진 뒤 은행들의 총성 없는 전쟁,종가 직후의 짧은 시간 안에 그날의 핵심이 코스피인지 환율인지 유가인지 파악해 한 장으로 보여줘야 하는 입장에선 선택지가 많을수록 뻔하지 않은 이미지를 구상할 수 있다. 미디어월은 딜링룸 취재 경쟁의 핵심이다....,https://www.chosun.com/video_photo/2026/04/08/Z3RT36SCBZA3VOJ2ZA7OJMH6CU/?utm_source=naver&utm_medium=referral&utm_campaign=naver-news,8,,1
한국서 스타링크로 스마트폰 쓰면… OECD 평균보다 25% 더 낸다,"연평균 환율 기준 61.16달러다. 이는 OECD 37개국 평균 요금 60.59달러보다 소폭 높은 수준으로, 시장환율 기준으로는 OECD 평균의 1.01배다. 하지만 PPP 환산 기준으로는 차이가 커진다. 보고서에 실린 국제 비교표를 보면...",https://www.sedaily.com/article/20029557?ref=naver,4,,1
반도체로만 50조 벌었다…“삼성전자 사도 될까요?” [잇슈 머니],"하지만 그 외 업종은 고유가, 환율, 소비 둔화 부담을 동시에 받고 있습니다. 그래서 지금은 한국 주식이냐 아니냐보다, 반도체 슈퍼사이클 수혜주인가 아닌가를 먼저 가려서 봐야 하는 장입니다.",https://news.kbs.co.kr/news/pc/view/view.do?ncd=8529726&ref=A,4,,1
"“범용 칩도 안 돼” 美, DUV까지 전면 봉쇄… 삼성·ASML ‘중국발 충격...","투자자 입장에서는 단기 주가·환율 변동보다, 향후 몇 년간 장비·공급망 지형이 어떻게 재편되고 고착되는지를 중점적으로 지켜볼 필요가 있다. 김주원 글로벌이코노믹 기자",https://www.g-enews.com/view.php?ud=202604080618131990fbbec65dfb_1,4,,1
"“나프타값 두배 올랐는데, 팔수록 손해”…정부 ‘가격 통제’에 업계...","현대건설은 최근 서울 은평구 대조1구역 재개발 조합에 보낸 공문에서 유가·환율 상승과 나프타 수급 불안으로 4월부터 페인트, PVC-플라스틱, 단열재, 방수재, 도배지, 아크릴, 시트지 등 주요 자잿값이 10~40% 오를...",https://biz.heraldcorp.com/article/10711836?ref=naver,3,,1
'중동'으로 만난 여야정‥분위기 풀었지만‥,"[장동혁/국민의힘 대표 (어제)] ""국민 70%에게 현금을 나누어주는 방식이라면, 오히려 물가와 환율에 악영향을 줄 것입니다."" 그러자 마이크를 이어받은 더불어민주당 정청래 대표는 발 빠르게 대처하기 위해 추경이 꼭...",https://imnews.imbc.com/replay/2026/nwtoday/article/6813460_37012.html,3,,1
"""이젠 겁나서 못가요"" 한국인 덕에 먹고살던 동남아 휴양지의 비명","태국은 그동안 동남아 ‘가성비 호캉스’ 여행지로 각광받았지만, 바트화 강세와 환율 상승이 부담 요인으로 작용하고 있다. 7일 기준 태국 바트화 환율은 1바트당 45~46원 수준으로, 2024년 초(36~38원) 대비 20% 이상...",https://realty.chosun.com/site/data/html_dir/2026/04/07/2026040703296.html,-1,,0
"[박근종 칼럼] 고물가 충격 식탁에까지 도미노식 파장 우려, 민생 안정...","물가를 흔들고, 환율을 자극하고, 채권과 회사채 시장까지 얼어붙게 만들고 있다. 살얼음판 위에서는 조금만 삐끗해도 균형을 잃고 넘어지기 십상이다. 에너지 위기가 금융 불안으로 번지는 경로를 차단하기 위해...",https://www.mhns.co.kr/news/articleView.html?idxno=744074,10,,1
[단독]신현송 딸까지 외국 국적…27년간 '국적상실' 신고 안 했다,"외환당국 수장인 한은 총재 후보자가 환율이 오를수록 자산이 늘어나는 투자 포트폴리오를 보유하고 있는 것은 부적절하다는 지적이 제기된다. 박 의원은 ""후보자 가족 모두가 미국·영국 국적으로 한국 국적을 포기한...",https://www.newsis.com/view/NISX20260407_0003581645,8,,1
"정부 주도로 10만계좌 가입 임박한 RIA, 환율 안정에 도움 줄까","라이센스뉴스 = 김재용 기자 | 이재명 정부 출범 이후 고환율 현상이 지속되고 있는 가운데, 정부는 고환율 현상의 원인 중 하나로 서학개미를 꼽았다. 이에, 환율 안정 및 국내 자본시장 활성화 지원을 위해 해외주식에...",https://www.lcnews.co.kr/news/articleView.html?idxno=200361,4,,1
"""현대차, 1분기 수익성 기저 구간…하반기 신차·로봇·SDV가 반등 이끈...","김성래 한화투자증권 연구원은 ""미국 수요 둔화와 유럽 판매 부진으로 1·4분기 글로벌 판매량이 97만5000대로 전년 동기 대비 2.6% 감소하고, 관세 영향도 1조원에 달할 전망""이라며 ""기말 환율 상승에 따른 외화환산...",http://www.fnnews.com/news/202604071618569222,3,,1
"[인공지능 줌인] ""AI가 환율을 맞출 수 있을까""…예측 신뢰성 논쟁 확대","외환 시장에서 인공지능 기반 가격 예측 도구의 활용이 확대되는 가운데, 실제 성능과 신뢰성에 대한 검증 필요성이 커지고 있다. 전문가들은 높은 정확도를 주장하는 AI 시스템이 실제 시장 환경에서도 동일한 성과를...",http://www.wikileaks-kr.org/news/articleView.html?idxno=185633,3,,1
"[돋보기] 반등 꾀하는 스타벅스, 경험과 신뢰에 투자한다","원두 등 원재료비 상승과 고환율 영향으로 비용 부담 탓이 컸다. 스타벅스는 고객 충성도를 높일 수 있는... 회사 측은 ""고환율 지속에 따른 원두 등 원재료 가격 상승이 실적에 영향을 미쳤다""고 설명했다. 이는...",https://www.shinailbo.co.kr/news/articleView.html?idxno=5008977,4,,1
"[사설] 여야정 싸우더라도 만나길, 민생 정치 불씨 살려 가길",장 대표는 “국민 70%에게 현금을 나눠 주는 방식이라면 물가와 환율에 악영향을 줄 것”이라며 부적절한 예산 삭감과 꼭 필요한 국민생존 7개 사업 지원 등을 제안했다. 여야가 추경 필요성에는 뜻을 같이한 셈이다. 이...,https://www.seoul.co.kr/news/editOpinion/editorial/2026/04/08/20260408027005?wlog_tag3=naver,3,,1
기름값 뛰는데 비닐·비료 품귀까지…“IMF 때보다 더 힘들어 ”,박영철 한우협회 강원도지회장은 환율 상승 등에 따라 “다들 사료값 인상을 기정사실화하고 있다”고 전했다. 급등한 생산비는 농산물 가격 상승으로 이어질 수 있다는 전망도 나온다. 반면 김성보 배생산자협회...,https://www.hani.co.kr/arti/area/area_general/1253144.html,3,,1
10년간 물가 23% 올랐지만…가공식품·농산물은 최대 50% 급등,환율·원자재·인건비 '3중 상승'…생활물가 전방위 압박 가격 점검 강화에도…중동發 변수에 물가 안정... 축산물 역시 41.9% 올랐는데 환율 등의 영향으로 수입 쇠고기가 53.7% 오르며 가격 상승을 주도했다. 여기에...,https://www.ajunews.com/view/20260407111045704,3,,1
“꽃게잡이 시작인데 기름값 올라 어쩌나”…고유가에 어민들도 한숨,국제 유가와 환율을 고려해 다달이 공급 단가를 정하는 어업용 면세유는 미국-이란 전쟁의 영향을 고스란히 받고 있다. 부산 쪽에선 저인망 선단이 많아 충격이 크다. 저인망 선단은 배에 그물을 연결해 물고기를 잡는...,https://www.hani.co.kr/arti/area/yeongnam/1253140.html,3,,1
[야고부-석민] 정부 실종,"하지만 추경 100조원을 뿌려도 환율과 물가만 폭등시킬 뿐이다. 문제 해결의 본질(本質)은 '원유 확보'에 달려 있기 때문이다. 다카이치 사나에 일본 총리는 지난 4일 ""(내년 초까지) 필요한 석유가 확보되어 있다""고 당당히...",https://www.imaeil.com/page/view/2026040717000294054,3,,1
“소 사료비 월 180만원 더 낼 판”… 뛰는 원가에 고깃값 더 뛸라,"고환율의 이중 부담이 배로 다가온다. 실제 한 포(25㎏)에 1만 8000원이던 사료값은 이틀 전 500원 올랐다.... 사료와 송아지 초기 성장에 필요한 필수 영양제 등을 수입에 의존하는 구조여서, 유가와 환율 변동이 곧장...",https://www.seoul.co.kr/news/society/2026/04/08/20260408004003?wlog_tag3=naver,3,,1
"李, ‘中관광객 짐 나르기 추경’ 장동혁 지적에 “삭감하라”",첫 모두발언에 나선 장 대표는 추경안에 대해 “꼭 필요한 곳엔 지원해야 마땅하지만 국민 70%에게 현금을 나눠 주는 방식이라면 물가와 환율에 악영향을 줄 것”이라며 “잠깐의 기쁨으로 긴 고통을 사는 것이 될 수도...,https://www.donga.com/news/Politics/article/all/20260408/133695106/2,3,,1
"李 “추경, 포퓰리즘 아니다” 여야대표에 협력 당부",반면 장 대표는 “국민 70%에게 현금을 나눠 주는 방식은 물가와 환율에 악영향을 줄 것”이라며 “잠깐의 기쁨으로 긴 고통을 사는 것이 될 수 있다”고 맞섰다. 그러면서 “(유류세 인하 폭 확대 등) 국민의힘이 제안한...,https://www.donga.com/news/Politics/article/all/20260408/133695346/2,3,,1
일회용 주사기 등 가격 인상… 의료 현장에도 중동발 쇼크 [홍은심 기자...,"감염병 유행, 글로벌 물류 대란, 환율 급등 때마다 의료 현장은 비슷한 압박을 겪어왔다. 그때마다 정부는 “점검하겠다” “안정화하겠다”는 대책만 반복했을 뿐 공급망 구조 자체를 개선하는 논의는 충분히 이어지지...",https://www.donga.com/news/Health/article/all/20260407/133686651/2,3,,1
"채권시장 경색에도 2.5배 '러브콜'…우리금융캐피탈, 2억달러 조달","이를 바탕으로 동일 만기 원화채 대비 최대 40bp(0.40%p) 낮은 금리를 확보해 조달 비용을 낮췄고, 우리은행과 통화스왑(CRS)을 통해 환율 및 금리 변동 리스크를 선제적으로 통제했다. 차입 규모는 3년물 6950만달러(약...",https://www.apnews.kr/news/articleView.html?idxno=3047533,15,,1
"[마켓인사이드] TSMC는 생산, 삼성은 수익…“메모리가 패권 바꾼다”","여기에 지정학적 리스크, 환율 변동, AI 투자 속도 등도 실적을 좌우할 주요 변수로 꼽힌다. 이번 삼성전자 실적은 단순한 ‘깜짝 실적’을 넘어 산업 패러다임 변화의 신호로도 읽힌다. AI 시대에 들어서면서 반도체...",https://www.news2day.co.kr/article/20260408500001,4,,1
"57조, K반도체 초격차의 힘","메모리 사이클은 아직 상승 궤도의 중간 지점에 불과하다”고 진단했다. 그러면서 “TV와 가전 부문의 경우 환율이 올라 적자를 기록하지 않은 것일 뿐, 원자재와 반도체 비용 증가로 쉽지 않은 업황”이라고 말했다.",https://www.joongang.co.kr/article/25418341,3,,1
각자 할말만 하다 빈손으로 끝났다,정장 주머니 안쪽에서 A4 용지 7장 분량의 원고를 꺼낸 장 대표는 추경에 포함된 고유가 피해 지원금을 언급하며 “국민 70%에게 현금을 나눠주는 방식이라면 오히려 물가와 환율에 악영향을 줄 것”이라고 직격했다....,https://www.joongang.co.kr/article/25418338,3,,1
"211일 만에 만난 여야정, 민생 강조 속 추경·국조 평행선","장 대표는 소득 하위 70%를 대상으로 한 고유가 피해지원금에 대해 ""국민 70%에게 현금을 나눠주는 방식이라면 물가와 환율에 악영향을 줄 수 있다""며 ""'잠깐의 기쁨으로 긴 고통'을 사는 정책이 될 수 있다""고 비판했다. 또...",https://www.newsverse.kr/news/articleView.html?idxno=10080,3,,1
[사설] 삼성전자 분기 이익 57조 신기원... AI시대 초격차 박차를,"수출을 통한 환율 안정 효과도 무시할 수 없고, 이미 ‘국민주’로 등극한 삼성전자 주식 가치가 오르면 국부 증대도 기대할 수 있다. 기업으로서도 당연하지만, 국가적으로도 대표기업들의 선전이 최대한 오래 지속되는...",https://www.hankookilbo.com/news/article/A2026040714160001309?did=NA,4,,1
[사설] 7개월 만에 모색한 ‘여‧야‧정 협치’의 길,"이번 회동은 중동 전쟁 여파로 국제 유가와 환율, 물가 등 주요 경제 지표의 변동성이 커지는 상황에서... 특히 환율·물가 대응과 에너지 수급 안정 대책, 재정 운용의 적절성 등을 환기시켰다. 국민의힘이 6.3 지방 선거...",https://m.skyedaily.com/news_view.html?ID=301940,3,,1
"""세수활용 전쟁피해 지원금…포퓰리즘 아냐""","장 대표는 ""꼭 필요한 곳엔 지원해야 마땅하지만 국민 70%에게 현금을 나눠주는 방식이라면 오히려 물가와 환율에 악영향을 줄 것이다""고 우려했다. 송 원내대표는 ""현금을 주는 방식보다 유류세 인하가 보탬이 된다""는...",https://www.ksilbo.co.kr/news/articleView.html?idxno=1053417,3,,1
"[더페어 돋보기] 코스닥, 5490선 코스피 독주속 '나홀로' 1% 급락…이차...",오늘(8일) 증시 역시 2월 경상수지 발표와 환율 변동성에 따라 코스닥의 추가 하락 여부가 결정될 전망이다. 전문가들은 지수 하락기에는 실적이 뒷받침되는 저평가 우량주 위주로 포트폴리오를 재편하는 보수적인 대응이...,https://www.thefairnews.co.kr/news/articleView.html?idxno=73717,8,,1
"현대로템, 수주 파이프라인 견조…""지나친 우려는 제한적""",여기에 EC1 대비 높은 평균판매가격(ASP) 효과와 환율 영향이 반영되며 수익성 개선이 나타난 것으로 추정된다. 수주 모멘텀 역시 유지될 가능성이 높다는 평가다. 연내 계약 체결 가능성이 높은 프로젝트로는 페루(K2...,https://www.cbci.co.kr/news/articleView.html?idxno=566191,3,,1
"[오늘(8일) 증시 전망] 5400선 안착한 코스피, 오늘 향방은 외인 손에 달...",높은 환율과 맞물려 외국인 투자자들의 이탈을 가속화할 우려가 있다. 대외적으로는 지정학적 리스크와... 전문가들은 최근 급등에 따른 피로감과 환율 변동성을 고려할 때 공격적인 매수보다는 실적 중심의 대형주를...,https://www.thefairnews.co.kr/news/articleView.html?idxno=73716,6,,1
"[인터뷰] 이지현 필리핀항공 한국지사장 ""85년 역사의 '프리미엄 FSC' 저...","고환율과 고유가라는 거시 경제의 파고에 더해, 한국-필리핀 노선은 저비용항공사(LCC)들의 공격적인... #Part 4_ 고유가의 파고, '효율화'와 '선택과 집중'으로 돌파 환율과 유가 급등으로 인한 비용 상승 압박은...",http://www.ttlnews.com/news/articleView.html?idxno=3095989,3,,1
"삼성전자, 'AI 반도체' 등에 업고 영업이익 57조 원…사상 최대 실적 썼...","중동발 지정학적 불안에 따른 원자재 가격 상승과 환율 변동성은 여전히 경영 환경의 불확실성을 높이는 요인이다. 반도체 업계 전문가는 ""사상 최대 실적은 삼성전자의 저력을 보여주는 결과지만, AI 반도체 시장의...",https://www.nbntv.kr/news/articleView.html?idxno=339831,4,,1
"국힘 부산시장 후보 TV토론…주진우 ""세대교체"" vs 박형준 ""시정 성과""","반면 주 의원은 ""환율이 1500원대라서 부산이 가성비가 좋다는 얘기가 나오는 것""이라며 ""환율이 안정됐을 때 실질적으로 볼거리, 먹을거리, 즐길 거리가 고루고루 있어야 한다""고 말했다. 그러면서 방문객 수 등의...",https://www.news1.kr/local/busan-gyeongnam/6128733,3,,1
"기아, 이익증가 흐름으로 전환 시작 - 한화투자증권","김 연구원은 ""1분기 기말환율이 1,520원으로 품질보증충당부채 중 외화환산 부채 환차손 영향(+0.3%p) 발생이 불가피하다""며 OPM은 7.7%(-3%p)를 예상했다. 특히 글로벌 저수요 속에서도 권역별 수요 성장 세그먼트...",http://www.biztribune.co.kr/news/articleView.html?idxno=352003,3,,1
"구윤철 ""아직 스태그플레이션 아냐…막기 위해 추경 필요""","이 의원은 ""가뜩이나 고유가로 물가 상승이 우려되는데 유동성 확대로 기름을 붓는 것 아닌가 걱정되고 환율 인상에도 영향을 미치지 않을까""라며 ""OECD(경제협력개발기구)에서 성장률 전망치를 0.4%포인트(p) 낮춘 1.7%로...",http://weekly.chosun.com/news/articleView.html?idxno=50425,6,,1
'통합 넥타이' 매고 악수 유도했지만…여야 사안별 충돌,"국민 70%에게 현금을 나누어주는 방식이라면, 오히려 물가와 환율에 악영향을 줄 것입니다.” <정청래 / 더불어민주당 대표> “몸에도 피가 잘 돌아야 건강하듯이 돈이 잘 돌아야 되지 않겠냐…지금 국민의 삶에 숨통을...",http://www.yonhapnewstv.co.kr/MYH20260407224851zP7,3,,1
박형준 “보수 재건 적임자” vs 주진우 “전재수 꺾을 후보”,주 의원은 “환율이 1500원대이기 때문에 가성비 좋은 부산이라는 말이 나오는 것”이라며 최근 해외 관광객 증가의 이면을 짚었다. 그는 “미슐랭과 같은 고급화보다 향토음식이나 서민 음식을 외국인들에게 어필하는 게...,https://www.mk.co.kr/article/12010747,-2,,0
"나이키, 3분기 매출도 제자리","3분기 지역 매출은 북미 지역이 보고 기준 3% 성장했지만 중국이 환율 불변 가격 기준 10% 감소로 상쇄됐다. 유럽, 중동 아프리카는 7% 감소(보고 기준 2% 증가 성장), 아시아 태평양도 2% 감소(보고 기준 1% 증가)로...",http://www.apparelnews.co.kr/news/news_view/?idx=224473,3,,1
울산 아파트 분양지수 45.9p 폭락… 낙폭 전국 4위,국제적으로는 지난 2월 28일 발발한 중동 지역 전쟁 여파로 원자재 가격과 환율이 급등하고 국내적으로는 금리 상승과 함께 다주택자 과세 및 대출 규제 강화 가능성이 시장 위축 심리를 자극한 것으로...,https://www.ulsanpress.net/news/articleView.html?idxno=572718,5,,1
"[6·3 지방선거] 박형준 ""5년 성과 위에 혁신"" vs 주진우 ""구도 바꿔야 ...","문화관광 전략 공방···박 ""미식·커피 도시 복합 전략"" vs 주 ""가성비는 환율 덕···체류형으로 전환해야"" 박... 그는 ""환율이 1500원대니까 가성비 좋은 부산이라는 얘기가 나오는데 환율이 안정됐을 때 실질적으로 볼거리...",https://www.polinews.co.kr/news/articleView.html?idxno=727807,3,,1
"""더이상 버틸 수 없다""⋯자영업자 닭강정 가격 인상",7일 업계에 따르면 고병원성 조류인플루엔자(AI) 확산 장기화와 환율 상승에 따른 사료 가격 인상 영향으로... 여기에 중동 지역 정세 불안으로 곡물 가격과 환율이 상승한 점도 원가 부담을 키우고 있다. 이달 육계 산지...,http://www.inews24.com/view/1957917,3,,1
"李 “고유가 피해지원금, 포퓰리즘 아니다”","장동혁 국민의힘 대표는 26조2000억 원 규모의 추가경정예산안과 관련, “꼭 필요한 곳엔 지원해야 마땅하지만, 국민 70%에게 현금을 나눠주는 방식이라면 오히려 물가와 환율에 악영향을 줄 것”이라며 “잠깐의 기쁨으로...",http://www.knnews.co.kr/news/articleView.php?idxno=1538827,3,,1
"[천자만필] 고환율 시대, 신현송 후보자 괜찮은가","특히 고환율·고물가 국면에서는 정책 신호의 일관성과 예측 가능성이 중요하다. 방향성을 흐리는 신중함은... 그러나 환율 변동에 이해관계가 얽힐 수 있다는 점에서, 통화정책의 중립성과 신뢰에 대한 의문을 낳는 것도...",https://www.idaegu.co.kr/news/articleView.html?idxno=544253,3,,1
이란 하르그섬 폭발…미·이스라엘 공격설 속 유가 변수 확대,"에너지 가격 상승이 물가와 산업 비용에 직결될 가능성이 커지고 있다. 특히 정유·화학 업종의 원가 부담이 확대될 수 있으며, 환율 변동성과 맞물려 금융시장 변동성도 동반 확대될 수 있다는 분석이 나온다. [톱스타뉴스=]",https://www.topstarnews.net/news/articleView.html?idxno=16028154,4,,1
"국민의힘, “李정권, ‘사법 파괴’ 멈추고 민생도탄 위기 직시하라”","코스피 6000 시대를 장담하던 시장은 변동성 증대로 개미투자자들의 한숨만 깊어지고 있으며, 환율 1500원 돌파와 유가 100달러 상회라는 ‘고물가·고환율·고유가’의 3고(高) 위기가...",http://www.breaknews.com/1198425,6,,1
"野 부산시장 마지막 토론회, 박형준·주진우 ‘정면충돌’…11일 최종 후...",반면 주 의원은 “환율이 1500원대에 있는 점을 고려해야 한다. 환율이 안정될 경우를 대비한 관광 전략이 필요하다”면서 “방문객 수에 집중하는 대신 체류 기간과 부산 내 관광객들의 소비 액수 등을 집중 관리해야...,https://www.kukinews.com/article/view/kuk202604070242,3,,1
중동 전쟁 장기화 … 충북지역 의료 소모품 `비상',"정경실 복지부 보건의료정책실장은 ""현장에서 도매상 품절로 불안해하지 말고 상황을 정부에 알려달라""며 ""환율 영향으로 경영 압박을 받는 치료재료 등에 대해서는 건강보험 수가 개선 방안도 검토 중""이라고 말했다....",http://www.cctimes.kr/news/articleView.html?idxno=900775,3,,1
"""매각 7전 8기""…KDB생명, '내실 다지기' 집중",금리·환율 등 대외 여건 변화와 계리적 가정 변경에 따른 보험계약마진(CSM) 조정이 맞물리며 당기 순손실을 기록했다. 2024년 204억원 흑자에서 적자로 돌아선 것으로 순손실 규모는 1119억원에 이른다. 다만 이는 업계...,http://www.bizwnews.com/news/articleView.html?idxno=132762,4,,1
"택시 기사도 싼 LPG 충전소 '원정'‥""다음 달이 더 걱정""",국내 LP가스를 공급하는 주요 수입사들이 아직 환율과 운송비 등 상승분을 아직 반영하지 못했다는 입장 이어서 추가 가격상승이 이번 달의 2~3배가 될 거라는 예상도 나오고 있습니다. 지금 당장은 가격 인상이...,https://imnews.imbc.com/replay/2026/nwdesk/article/6813398_37004.html,3,,1
[기고] 대한민국 정치 이대로 좋은가?,중동발 에너지 위기·환율상승 등 국제정세 악화 ‘국내 영향’ 불구 다수여당 독주 등 본연 기능 상실 포용... 중동전쟁발 에너지파동으로 기름값이 치솟아 경제를 어렵게 하는 것도 문제려니와 환율상승과 미국의...,https://www.kyeongin.com/article/1761489,3,,1
중동 리스크에 LP가스 가격 '꿈틀'.. 최저가에 몰리는 택시,"국내 LP가스를 공급하는 주요 수입사들은 중동 리스크에 따른 가격 상승, 환율 상승, 국제 운송비 상승분을 이번에 다 반영하지 못했다는 입장입니다. 결국 반영되지 않은 상승분은 다음 달에라도 반영될 수 있습니다....",https://www.mbceg.co.kr/post/135188,3,,1
[리포트] 중동 상황에 LP가스 가격 '꿈틀'.. 최저가에 몰리는 택시,"국내 LP가스를 공급하는 주요 수입사들은중동 리스크에 따른 가격 상승, 환율 상승, 국제 운송비 상승분을 이번에 다 반영하지 못했다는 입장입니다. 결국 반영되지 않은 상승분은다음 달에라도 반영될 수 있습니다. 그...",https://chmbc.co.kr/article/4JmIImmNa34,3,,1
"[Review] 목숨의 무게를 잴 때, 반대편에는 무엇을 올려야 하는가 - 힌드...","총성이 아니라 환율로, 사망자 수가 아니라 당장 내 눈앞에 놓인 물가로. 그것이 나쁜 반응이라고만은 할 수 없다. 내가 실제로 살아가는 '생활'은 계속되고, 경제는 실제로 우리 삶을 움직인다. 전쟁이 지구 반대편에서...",https://www.artinsight.co.kr/news/view.php?no=80433,3,,1
"박형준 ""명의가 필요"" vs 주진우 ""전재수 상대는 나""···경선 마지막 ...","주 의원은 ""환율 1500원대이기 때문에 가성비 좋은 부산이라는 말이 나오는 것""이라며 방문객 수보다 체류 기간·소비 금액·재방문율 세 가지 지표를 집중 관리해야 한다고 맞섰다. 의료와 휴양을 결합한 고수익형...",https://www.pointe.co.kr/news/articleView.html?idxno=77914,3,,1
"장흥군, '다국어 안전전남 앱' 설치 확대…군민·외국인 생활안전 강화",'다국어 안전전남 앱'은 전남자치경찰위원회가 운영하며 ▲재난 관련 한줄뉴스 ▲긴급신고 원터치(112·119·외국인콜센터) ▲치안·교통정보 제공 ▲날씨·환율·지원제도 안내 ▲국가별 커뮤니티 서비스 등 기능을...,http://www.dtnews24.com/news/articleView.html?idxno=810022,-1,,0
중동전쟁에 충청 상장사도 '흔들'…시총 한 달 새 32조 증발,"유가 상승과 환율 불안, 외국인 자금 이탈이 동시에 이어질 경우 지역 상장사의 추가 하락 가능성도 배제할 수 없다는 분석이다. 지역 경제계 관계자는 ""충청권 상장사는 반도체·소부장(소재·부품·장비) 등...",https://www.daejonilbo.com/news/articleView.html?idxno=2267644,3,,1
"[사설] 중동상황 장기화, 경제 실핏줄 중소기업 지원 강화해야",해외 판로 개척에 주력하던 B업체 역시 항공 비용과 환율이 크게 상승해 해외 전시회 참가 취소는 물론 해외 바이어들의 한국 입국까지 보류되면서 사실상 기업 경영이 중단됐다고 하소연했다. 대규모 산업단지가 집적돼...,https://www.kyeongin.com/article/1761466,3,,1
자고 나면 오르는 휘발윳값…인천도 2000원 진입 '초읽기',"업계 관계자는 ""국제유가 변동과 환율 영향이 동시에 반영되면서 인천에서도 가격 상승 압력이 빠르게 확산되고 있다""며 ""원유 수급이 지금처럼 힘들다면 2000원대 진입을 막기 힘들 것""이라고 전했다.",https://www.incheonilbo.com/news/articleView.html?idxno=1320403,3,,1
"""불확실성 뚫었다""…LG전자 실적 반등 신호탄","전장 사업은 수주 잔고 기반의 안정적인 성장과 환율 효과에 힘입어 수익성이 확대됐으며, 냉난방공조 사업은 시장 불확실성 영향으로 다소 부진했지만 히트펌프와 AI 데이터센터 냉각 솔루션 등 미래 사업 확대에...",https://www.kizmom.com/news/articleView.html?idxno=109066,4,,1
"구윤철 ""아직 스태그플레이션 아냐, 추경 필요""…박홍근 ""증액은 지켜봐...","그는 고유가·환율 상승 등 대외 불확실성 속에서 추가경정예산(추경) 등 정책 대응 필요성을 강조하는 한편, 고유가 피해지원금의 주유소 사용 제한 등 현장 문제는 관계부처 협의를 통해 보완하겠다고 밝혔다. 같은 날...",https://www.news1.kr/economy/trend/6128667,3,,1
"우리금융캐피탈, 2억 달러 외화차입 조달","우리은행과의 통화스왑(CRS)을 통해 환율 및 금리 변동 리스크를 선제적으로 통제했으며, 이는 그룹 내 협업을 통해 외화 조달과 리스크 관리 역량을 결합한 ‘그룹 시너지’ 사례로 평가된다. 차입 구조는 3년물 6950만...",http://www.segyebiz.com/newsView/20260407517533?OutUrl=naver,12,,1
"완주군-NH농협은행, 외국인 계절근로자 ‘금융 지원’",협약에 따라 양 기관은 외국인 계절근로자의 안정적인 정착을 위해 ▲사업 일정 공유 및 공문 지원 ▲통장 개설 전반 협조 ▲환율 우대 및 수수료 감면 ▲통번역 안내장 제공 ▲농장주 대상 금융 교육 실시 등에 적극...,https://sjbnews.com/news/news.php?number=875714,8,,1
고물가에 지갑 닫은 소비자...소상공인·전통시장 '암울',기대인플레이션율 중 '향후 1년' 소비자물가 상승률 전망치(2.7%) 역시 한 달 새 0.1%p 올랐다. 기대인플레이션율 역시 중동 사태에 따른 고유가·환율에 영향을 받은 것으로 보인다.,https://www.ccdn.co.kr/news/articleView.html?idxno=1072208,3,,1
"[AI의 종목 이야기] 위프로, 싱가포르 올람과 1.5조원 계약 체결...""역대...","5% 증가했으며, 2025/26 회계연도 첫 9개월 동안에는 고정 환율 기준 약 64억 달러를 기록했다.... 1%를 차지했으며, 고정 환율 기준 6.6% 성장한 것으로 나타났다. 올람과의 이번 계약은 현재 진행 중인 분쟁으로 인한 중동...",https://www.newspim.com/news/view/20260407001147,4,,1
7개월만에 마주앉은 여·야·정…120분간 딴소리만 하다 끝났다,정장 주머니 안쪽에서 A4 용지 7장 분량의 원고를 꺼낸 장 대표는 추경에 포함된 고유가 피해 지원금을 언급하며 “국민 70%에게 현금을 나눠주는 방식이라면 오히려 물가와 환율에 악영향을 줄 것”이라며 “잠깐의...,https://www.joongang.co.kr/article/25418247,3,,1
"당정 ""추경 굉장히 중요""…野 ""목적에 맞게…""","꼭 필요한 곳엔 지원해야 마땅하지만 국민 70%에게 현금을 나눠주는 방식이라면 오히려 물가와 환율에 악영향을 줄 수 있다""라고 했다. 협치를 위한 조건도 내걸었다. 장 대표는 ""국민의힘은 불필요하고 부적절한 예산을...",https://www.ggilbo.com/news/articleView.html?idxno=1151401,3,,1
"미장을 요즘 누가 해? 돈 빼는 서학개미들, 테슬라도 팔았다[투자360]","이란 전쟁 여파로 주요국 증시 수익률이 부진한 데다, 고환율에 따른 환차익 등 추가 수익을... 고조되며 환율이 1500원대의 높은 수준을 유지하는 것도 영향을 미친 것으로 보인다. 해외 투자금의 국내 복귀...",https://biz.heraldcorp.com/article/10711756?ref=naver,3,,1
"LG전자, 1분기 매출 23.7조 ‘역대 최대’…영업익 33% 급증","매출 확대와 더불어 원가 구조 개선, 환율 효과가 맞물리며 수익성 역시 향상됐다. 가전과 전장이 동반 성장하는 가운데 기업간거래(B2B) 중심 사업 확대가 실적을 끌어올린 핵심 요인으로 분석된다. 이번 실적은...",https://www.g-enews.com/view.php?ud=202604071548382461ea14faf6f5_1,4,,1
"우리금융캐피탈, 2억달러 외화 조달…장기자금 비중 확대","또 우리은행과의 통화스왑을 통해 환율 및 금리 변동 리스크를 관리했다. 기동호 우리금융캐피탈 대표는 ""시장 환경이 어려운 상황에서도 경쟁력 있는 금리로 장기 자금을 확보했다""며 ""향후에도 조달 수단을...",http://www.popcornnews.net/news/articleView.html?idxno=117737,12,,1
"여야정(與野政) 한자리 모였지만 '추경·경제 인식' 온도차…""민생 협치...","회담은 중동 정세 불안과 고물가·고환율 등 복합 경제위기 속에서 민생 대응 방안을 논의하기 위해 마련됐다.... 장 대표는 ""국민 70%에게 현금을 지급하는 방식은 물가와 환율에 악영향을 줄 수 있다""며 ""잠깐의 기쁨이...",https://www.fntoday.co.kr/news/articleView.html?idxno=381763,3,,1
"파라타항공, 4~5월 ""노선 안 줄인다""",최근 환율과 유가 변동 등 대외 환경의 불확실성이 고조되면서 국내외 항공사들이 잇따라 노선 감편에 나서고 있는 가운데 파라타항공이 상반된 행보를 보여 눈길을 끈다. 파라타항공은 7일 자사 홈페이지를 통해...,https://www.econovill.com/news/articleView.html?idxno=736402,3,,1
"빈대인 2기 돌입한 BNK금융, ROE·주주환원 개선 필요","최정욱 하나증권 연구원은 ""BNK금융은 홍콩 H지수 주가연계증권(ELS) 과징금 영향에서도 자유롭고 외화 자산 비중이 낮은 덕에 최근 환율 상승에 따른 부정적 영향도 매우 미미하다""며 ""자사주 매입·소각 규모와 분기...",https://www.asiatoday.co.kr/view.php?key=20260407010002150,5,,1
韓 스타링크 요금 ‘상위권’…경쟁 부족할수록 비싸다,"보고서에 따르면 스타링크의 국내 요금은 시장환율 기준 약 61달러로, OECD 37개국 중 30위 수준으로... 보고서는 스타링크 요금이 단순 환율이 아니라 국가별 환경에 따라 결정된다고 분석했다. 인구밀도, 도시 인구 비율...",https://www.ddaily.co.kr/page/view/2026040718025046090,4,,1
반도체 낙수효과에 증권가 '함박웃음'...'서학' 지고 '국장' 뜬다,"RIA는 해외 주식을 팔고 국내 주식으로 옮길 때 파격적인 양도세 감면 혜택을 제공해, 환율 안정과 증시 부양이라는 두 마리 토끼를 잡고 있다는 평가다. 금융정보업체 에프앤가이드에 따르면 국내 5대 대형 증권사...",http://www.ttlnews.com/news/articleView.html?idxno=3096865,8,,1
"야, 색깔론에 공소취소 쟁점화…추경 뺀 5개 의제 '평행선'","추경과 환율 등 경제 현안부터, 헌법 개정과 지역 균형 발전 등 정치 현안 등이 논의 테이블에 올랐습니다.... 장 대표가 야당으로서 던진 환율 및 부동산 등 경제 문제에 대한 시각차와 별개로 '색깔론'이 등장한 건데요. 장...",http://www.newstomato.com/ReadNews.aspx?no=1297018&inflow=N,3,,1
"제주항공 ""시간이 자산인 시대""... 대기예약 서비스 개시","대기 예약 접수 시 안내되는 금액은 확정일 기준 예상금액으로 환율과 유류할증료 변동에 따라 최종 결제금액이 변경될 수 있다. 제주항공 관계자는 ""시간이 곧 자산인 시대에 반복적인 새로고침이나 고객센터 문의 없이...",https://www.econovill.com/news/articleView.html?idxno=736398,3,,1
"[사설] 위기 속 만난 여야정, 민생 지키는 공동책임 다하라","장 대표는 민생에 정치역량을 집중해야 한다며 추경·환율·부동산·국정조사 문제를 거론했고, 정 대표는... 중동전쟁 충격으로 한국 경제가 유가·물가·환율이 동시에 오르는 '3고(高) 압박'에 직면한 현실을 감안하면...",http://www.fnnews.com/news/202604071810559918,3,,1
"항공협회, 정부에 항공유 관세 면제•운수권 회수 유예 등 요청",중동 리스크 확대로 유가와 환율이 급등하면서 위기에 처한 항공업계가 정부에 정책 지원을 요청하기로 했다. 한국항공협회는 7일 서울 강서구 협회에서 ‘중동전쟁 대응 국적항공사 간담회’를 개최했다. 이번 간담회는...,https://www.viva100.com/article/20260407501259,3,,1
"""POSCO홀딩스, 1분기 영업익 6,504억원 전망… 철강 판매량 회복"" -DB증권","안 연구원은 ""철강 부문(포스코) 영업이익은 4,330억 원을 기록할 것으로 보이며, 판매량은 약 810만 톤 수준까지 회복됐다""며 ""다만 롤마진은 환율 영향으로 인한 투입가 상승과 자동차 강판 가격 하락이 맞물리며...",http://www.biztribune.co.kr/news/articleView.html?idxno=351992,3,,1
"정유4사, 이란 악재에도 1분기 실적은 기대…정제마진 12달러대 진입","국제 유가는 중동 지정학 리스크 영향으로 반등했으며, 환율 상승까지 더해지며 가격 상승 압력을 키우고 있다. 이러한 흐름은 정유사 실적으로 이어지고 있다. 올해 1분기 국내 정유 4사는 일제히 실적 개선 흐름을...",http://www.popcornnews.net/news/articleView.html?idxno=117722,5,,1
[N2 포커스] LG전자 역대급 1분기 실적 일궈내...영업이익 약 33% 증가,특히 해외 사업 비중이 큰 사업 특성상 최근 고(高)환율도 긍정적인 영향을 미쳤다. 반면 중동 분쟁 등... 이와 함께 고환율 영향으로 원자재 가격 상승도 이어지고 있다. 한국무역협회가 발간한 ‘2026년 2/4분기...,https://www.news2day.co.kr/article/20260407500242,4,,1
"張 ""돈 풀기, 물가·환율 악영향""…李 ""현찰 나눠주기 표현 과해""","장 대표는 “꼭 필요한 곳에는 지원해야 마땅하다”면서도 “국민 70%에게 현금을 나눠주는 방식이라면 오히려 물가와 환율에 악영향을 줄 것”이라고 했다. TBS 운영지원(49억원), 농지 전수조사(587억원) 예산 등을...",https://www.hankyung.com/article/2026040752331,3,,1
"LG전자, 1분기 매출 23.7조 '사상 최대'… 영업이익 32.9% 급증",전장 사업은 수주 잔고를 기반으로 안정적인 매출 성장을 이어갔으며 환율 효과와 원가 개선으로 수익성이 개선됐다. 반면 냉난방공조(ES) 사업은 중동 전쟁 등 외부 변수로 인한 시장 불확실성 영향으로 매출과...,https://www.ccdailynews.com/news/articleView.html?idxno=2408750,3,,1
"李 ""현찰 나눠주기 표현 과해"" … 張 ""현금지급은 잠깐의 기쁨""","장 대표는 오찬 공개 발언에서 ""26조원이 넘는 추경안을 정부에서 내놓았는데 솔직히 우려가 크다""며 ""꼭 필요한 곳에는 지원을 해야 마땅하나, 국민 70%에게 현금을 나눠주는 방식이라면 오히려 물가와 환율에 악영향을 줄...",https://www.mk.co.kr/article/12010546,3,,1
"政 ""의료제품 수급 안정 조치하고 있다""···치료 재료 수가 개선 방안...","관련해 정경실 실장은 ""우선 별도 산정하고 있는 치료 재료 중 환율의 영향을 받아 업체가 원가 상승에 따른 경영 압박을 받는 경우가 있어 최근 고환율 상황을 반영한 수가 인상을 검토하고 있다""며 ""그 외에도 해당 업체가...",http://www.doctorstimes.com/news/articleView.html?idxno=237522,3,,1
"""엔터주 다 못 가도 나 혼자 산다""…디어유, 투자 대안으로 주목 받는 이...","북미 등 주요 시장에서 지식재산권(IP) 공연 및 투어 확장이 지연되는 사례가 늘어나고, 환율 변동으로 글로벌 투어 비용 부담이 커진 점도 부담 요인으로 작용했다. 여기에 투자심리 위축까지 겹치면서 엔터주의...",http://www.edaily.co.kr/news/newspath.asp?newsid=04995446645413824,3,,1
7개월 만에 만난 여·야·정…전쟁 추경 놓고 신경전,"장 대표는 전쟁 추경과 관련해 ""꼭 필요한 곳에는 지원해야 마땅하지만 국민의 70%에게 현금을 나눠주는 방식은 오히려 물가와 환율에 악영향을 줄 것""이라고 우려했다. 특히 ""중국인 관광객 짐 날라주기 사업은 전쟁 추경...",https://news.cpbc.co.kr/article/1171955?division=NAVER,3,,1
[금융 브리핑] 고객 접점 넓히기 총력…보장·투자·사회공헌 전방위 경...,이 상품들은 환노출형 구조로 환율 변동 영향을 반영한다. 또 다양한 시장 상황에서 전략적 투자 수단으로 활용 가능하다. KB증권은 글로벌 핵심 산업과 지수를 아우르는 상품 공급으로 투자자 선택 폭을 넓혀나갈...,https://www.seoultimes.news/news/article.html?no=2000094926,4,,1
"조인제 도의원, 농가 경영안정 대책 촉구 건의안 상임위 통과",최근 미국과 이란 간 무력 충돌로 중동 지역 긴장이 고조되면서 국제 유가와 환율이 동반 상승하고 있으며... 상승과 환율 영향으로 경영 여건이 크게 악화되고 있다. 이러한 비용 상승은 농업을 넘어 외식·식품 산업...,https://www.newsgn.com/news/articleView.html?idxno=545313,3,,1
"BNK금융, 중동 사태 장기화에 산업 위기 극복 TFT 가동","TFT 출범 당일 BNK부산은행장은 호르무즈 해협 봉쇄 영향으로 어려움을 겪는 해운사를 방문해 대출금 상환 유예와 긴급 유동성 지원 방안을 논의했으며, BNK경남은행장은 창원 진해 조선소를 찾아 환율·원자재 가격...",https://www.pointdaily.co.kr/news/articleView.html?idxno=300147,11,,1
"삼성전자, 영업이익 57조 ‘역대 최대’…다음엔 엔비디아 넘을까","메모리 사이클은 아직 상승 궤도의 중간 지점에 불과하다”고 진단했다. 그러면서 “TV와 가전 부문의 경우 환율이 올라 적자를 기록하지 않은 것일 뿐, 원자재와 반도체 비용 증가로 쉽지 않은 업황”이라고 말했다.",https://www.joongang.co.kr/article/25418232,3,,1
"도시정비 호황인데 '자재비 쇼크'…건설업계, 수주 전략 차별화 꾀한다","이은형 대한건설정책연구원 연구위원은 ""유가, 원유 수급, 환율 등은 건설공사비와 분양가 모두에 영향을 끼친다""며 ""분양가는 택지비, 건축비, 가산비를 합산해 산정되는 만큼, 공사비 상승은 건축비에 반영돼 결국...",https://www.insightkorea.co.kr/news/articleView.html?idxno=244259,3,,1
"[저PBR 기업④] 현대제철·롯데케미칼, 돈 못버는 '밑 빠진 독' 신세","여기에 환율 변동성까지 겹치면서 단순 업황 반등만으로는 재평가가 쉽지 않다는 분석이 나온다. 이정환 한양대학교 경제금융학부 교수는 ""설비가 대부분을 차지하는 장치산업 특성상 PBR 회복이 쉽지 않을 것""이라며...",https://www.insightkorea.co.kr/news/articleView.html?idxno=244262,4,,1
"스타링크 한국 요금은 OECD 평균…""요금-도시화율 반비례""","오늘(7일) 정보통신정책연구원(KISDI)이 발간한 '스타링크 요금 수준 결정요인 분석 및 국내 출시에 따른 통신시장 영향' 보고서에 따르면 한국의 스타링크 요금은 주거용 기준 월 8만7천원으로, 지난해 연평균 환율 기준...",https://biz.sbs.co.kr/article_hub/20000302678?division=NAVER,3,,1
항공 유류할증료 폭증…도민 이동권 제약,중동 사태로 인해 국제 유가가 크게 상승하면서 국내선 유류할증료의 기준이 되는 싱가포르 항공유 가격이 지속적으로 상승하고 있는 데다 환율까지 오르면서 다음 달 유류할증료가 큰 폭으로 오르게 된 것이다. 아직...,https://www.jemin.com/news/articleView.html?idxno=835767,3,,1
"LG 전자 계열사 3사, 올 1분기 실적 순항…로봇으로 ‘원 LG’ 시너지 극...","그러나 연초부터 이어진 고환율 기조와 ‘아이폰17’ 시리즈 판매 호조가 맞물리며 실적이 개선될 것으로... 고의영 iM증권 연구원은 “계획 대비 환율이 우호적인 가운데, 고객사의 스마트폰 출하 정책이 예상보다...",https://www.ceoscoredaily.com/page/view/2026040717185131197,4,,1
베트남 신임 총리에 55세 '경제통' 레 민 흥 당 조직위원장,"2016년 46세의 나이로 역대 최연소 국가은행 총재에 올라 약 4년간 유연한 통화 정책을 펴며 환율을 안정시키고, 외환보유액을 920억 달러(약 137조 9264억 원)까지 끌어올렸다. 이후 당 중앙사무처장, 중앙조직위원장 등 당...",https://www.asiatoday.co.kr/view.php?key=20260407010002203,7,,1
"제주항공, 회원전용 '실시간 대기예약 서비스' 개시","대기 예약 가능 여부는 항공편 및 운항 정책에 따라 변경될 수 있으며, 대기 예약 접수 시 안내되는 금액은 확정일 기준 예상금액으로 환율과 유류할증료 변동에 따라 최종 결제금액이 변경될 수 있다. 제주항공은 이번...",http://www.inews24.com/view/1957953,3,,1
"[포토뉴스] 천안세관, 첨단산업 보세공장 현장소통 강화","이번 간담회는 글로벌 공급망 재편, 보호무역 확산, 환율 변동성 확대 등 대외 불확실성에 대응해 기업의 물류 부담과 통관 애로를 신속히 파악하고 이를 제도 개선과 행정 지원으로 연계하기 위해 마련됐다. 천안세관은...",https://daily.hankooki.com/news/articleView.html?idxno=1355985,3,,1
[표] 외국환율고시표,,https://www.mk.co.kr/article/12010444,3,,1
"""두 분 손 안 잡는 것 아니죠. 연습 해보세요""","국민의힘 장동혁 대표는 ""꼭 필요한 곳엔 지원해야 마땅하지만 국민 70%에게 현금을 나눠주는 방식이라면 오히려 물가와 환율에 악영향을 줄 것""이라며 '중국인 관광객 짐 날라주기 사업' 등을 거론했다. 환율 안정을 위해...",https://www.koreareport.co.kr/news/articleView.html?idxno=50119,3,,1
"삼성전자, '칩플레이션'에 갤럭시북·탭 가격 인상","이번 조치는 국내뿐 아니라 글로벌 시장에 동시에 적용됐으며, 국가별 환율과 시장 상황에 따라 실제 인상... 이번 가격 인상은 메모리 반도체 가격 상승과 환율 부담이 복합적으로 작용한 결과로 풀이된다. 특히...",http://www.inews24.com/view/1957934,3,,1
"與 ""추경 골든타임"" 野 ""전쟁 추경 삭감"" 협의체 설전","장 대표는 ""국민 70%에게 현금을 나누어주는 방식이라면 오히려 물가와 환율에 악영향을 줄 것""이라면서 ""잠깐의 기쁨으로 긴 고통을 사는 것이 될 수도 있다""고 우려를 표시했다. 아울러 장 대표는 '전쟁 추경'에 숨어 있는...",https://www.imaeil.com/page/view/2026040717161154049,3,,1
"사료값 압박에 숨통…전남, 1200억 저리융자",전라남도가 국제 유가와 환율 변동에 따른 사료 원료 가격 상승 압박에 대응해 축산농가 경영 안정 지원에 나선다. 전남은 2026년 상반기 사료구매 융자금으로 1200억원을 지원한다고 7일 밝혔다. 이번 지원은 신규...,https://www.aitimes.com/news/articleView.html?idxno=208894,3,,1
"BNK금융, '중동발 산업 위기 대응 TFT' 가동…부울경 기업 지원 본격화","TFT 출범 당일 부산은행장은 호르무즈 해협 봉쇄 영향으로 어려움을 겪는 해운사를 방문해 금융 지원 방안을 논의했으며, 경남은행장은 창원 진해 조선소를 찾아 원자재 가격 상승과 환율 변동에 따른 영향을 점검하고...",https://www.ziksir.com/news/articleView.html?idxno=130049,7,,1
"류재철 LG전자 사장, 1분기 호실적 등에 업고 신사업 확대 '박차'","고환율 기조가 맞물리며 수익성도 개선됐다. 다만 AI 데이터센터 증설 수요 확대로 기대를 모았던... 환율 변동성과 지정학적 리스크, 글로벌 공급망 재편, 미국 관세 정책 변화 가능성, 중동 지역 분쟁에 따른 물류비...",https://www.pinpointnews.co.kr/news/articleView.html?idxno=443545,4,,1
"천안세관, 원유 사태 속 첨단산업 보세공장과 소통 강화","이번 간담회는 글로벌 공급망 재편, 보호무역 확산, 환율 변동성 확대 등 대외 불확실성에 대응하고, 글로벌 시장에서의 경쟁력 강화를 위해 마련됐다. 세관은 기업의 물류 부담과 통관 애로를 신속히 파악하고 이를 제도...",https://news.tf.co.kr/read/national/2310651.htm,3,,1
"국힘 박수영 ""재정 중독 말기...2차 추경 검토 멈춰야""","이어 ""대한민국은 고환율과 고유가, 고물가의 ‘삼중고’에 시달리고 있다""며 ""‘추추경’까지 한다면 환율과 물가는 걷잡을 수 없이 오르고 민생 경제는 더 큰 고통에 짓눌릴 것""이라고 덧붙였습니다. 박 의원은 또...",http://mbn.mk.co.kr/pages/news/newsView.php?category=mbn00006&news_seq_no=5186681,3,,1
"현대차, 하반기 피지컬 AI·SDV 모멘텀 주목","이어 ""환율의 경우 기말 환율 상승에 따른 판매보증충당부채 관련 비용이 3000억 원 이상 발생하며 평균 환율 상승 효과를 상쇄할 것""이라고 분석했다. 또한 ""1분기부터 15% 관세가 본격 반영되기 시작하며 관세 비용은...",https://www.consumuch.com/news/articleView.html?idxno=77763,3,,1
"제주도, 공직자 AI시대 경제·금융 역량강화 경제 특강","박종훈 소장은 이날 강연에서 급변하는 환율·물가·금리 등 주요 경제 지표의 움직임이 제주 지역에 미치는 영향을 짚고, 실생활과 업무에 적용 가능한 대응 방안을 체계적으로 제시했다. 복잡한 경제 현상을 사례...",https://www.headlinejeju.co.kr/news/articleView.html?idxno=590243,5,,1
"스타링크, 통신 서비스 대체 보다 보완재 성격 강해",물가 수준과 구매력을 고려한 PPP 환율 기준으로는 OECD 평균보다 1.25배 높은 것으로 나타나 상대적으로 요금이 높은 편임을 보여줬다. 현재 스타링크를 이용하는 82개국을 대상으로 국가별 요금 수준을 좌우하는 요인을...,https://www.viva100.com/article/20260407501178,3,,1
구윤철 부총리 “아직 스태그플레이션 상황 아냐…막기 위해 추경 필요...,이 의원은 “가뜩이나 고유가로 물가 상승이 우려되는데 유동성 확대로 기름을 붓는 것 아닌가 걱정되고 환율 인상에도 영향을 미치지 않을까 걱정된다”고 말했다. 이어 그는 “OECD(경제협력개발기구)에서 성장률...,https://www.seoul.co.kr/news/economy/2026/04/07/20260407500181?wlog_tag3=naver,6,,1
"""피해지원금, 포퓰리즘 아냐…'현찰 나눠주기' 표현 과해""",[장동혁/국민의힘 대표 : 물가와 환율에 악영향을 줄 것입니다. 잠깐의 기쁨으로 긴 고통을 사는 것이….] 또 조작기소 의혹 국정조사를 언급하며 민생 살피기도 부족한데 이런 일로 시간을 허비해선 안 된다고...,https://news.sbs.co.kr/news/endPage.do?news_id=N1008508744&plink=ORI&cooper=NAVER,3,,1
고환율로 인해 수입 과일 가격도 상승,이종수 인턴기자 = 7일 오후 서울 시내 한 대형마트에 수입산 바나나가 진열돼 있다. 최근 장기화되는 중동 전쟁 여파로 환율이 상승하면서 수입 식품 물가도 오름세를 보이고 있다. 2026.4.7/뉴스1,https://www.news1.kr/photos/7842423,3,,1
"스타링크 한국 요금, OECD 평균 1.01배…""6G 발전 촉진할 것""","2025년 연평균 환율 기준 61.16달러로 OECD 평균 60.59달러의 1.01배다. 스타링크는 2026년 1월 기준 OECD 38개국 중 튀르키예를 제외한 37개국에서 상용화됐다. 분석 결과 요금은 인구밀도, 도시화율, 소득 수준, ICT 경쟁 환경...",https://www.digitaltoday.co.kr/news/articleView.html?idxno=654415,4,,1
"[중동발 3고 쇼크⑤] 한전 이란 전쟁에 원가 압박 커져, 정부 전기요금...","환율 상승과 물가 상승, 금리 인상 압력이 높아지며 '3고 쇼크'가 임박했다는 관측이 나온다. 한국 정부는 이에 대응해 비상대책을 가동하고 있지만 효과는 일시적 수준에 그칠 공산이 크다. 결국 주요 기업들이 저마다...",https://www.businesspost.co.kr/BP?command=article_view&num=435131,4,,1
"소노인터내셔널, 작년 '티웨이' 투자로 적자전환",▲ 고유가 직격탄 맞은 LCC…모회사 체력이 생존 좌우 최근 고유가와 환율 상승이 겹치며 LCC 전반의 실적... 있으며 환율과 유가 상승까지 겹치며 재무 압박이 확대되고 있다. 실제로 외환차손은 2억7000만원에서...,http://www.hansbiz.co.kr/news/articleView.html?idxno=831100,4,,1
"전남도, 축산농가 사료구매 융자 1200억 지원…경영 안정 총력",금리 1.8%·2년 거치 조건…최대 9억 원까지 확대 전남도가 국제 유가와 환율 변동에 따른 사료 원료 가격 상승으로 어려움을 겪는 축산농가 지원에 나선다. 7일 도에 따르면 올해 상반기 축산농가 경영 안정을 위해...,https://www.pressian.com/pages/articles/2026040716380439729?utm_source=naver&utm_medium=search,4,,1
"우리금융캐피탈, 글로벌 악재 뚫고 2억 달러 외화차입 성공","우리은행과의 통화스왑(CRS)을 통해 환율 및 금리 변동 리스크를 선제적으로 통제했으며, 이는 그룹 내 협업을 통해 외화 조달과 리스크 관리 역량을 결합한 '그룹 시너지' 사례로 평가된다. 모집금액 2억 달러 전액을...",http://www.efnews.co.kr/news/articleView.html?idxno=128881,12,,1
"전남도, 사료구매 융자금 1천200억 원 지원","국제 유가와 환율 변동 여파로 사료 원료 가격의 상승 압력이 이어지는 상황에서 농가 경영 부담을 덜기 위한 조치다. 이 자금은 신규 사료 구입이나 기존 외상 사료대금 상환에 활용한다. 지원 조건은 금리 1.8%, 2년...",https://www.namdonews.com/news/articleView.html?idxno=906664,4,,1
"[여전사 풍향계] 인니 중앙은행-우리카드, QR결제 활성화 논의 外","우리은행과 체결한 통화스왑(CRS)으로 환율·금리 변동 리스크를 줄였고, 3년물(6950만달러) 보다 5년물(1억3050만달러)이 많은 것도 특징이다. 기동호 우리금융캐피탈 대표는 “글로벌 투자자들의 적극적인 참여를 통해...",https://www.ekn.kr/web/view.php?key=20260407029545048,12,,1
"김은경 “서금원·신복위, 금융기본권 위해 통합 필요”",이어 “환율·유가·물가 등 대위변제율에 선행하는 지표들을 따로 모니터링하며 선제적으로 주 단위로 리스크 관리를 하고 있다”면서 “향후에는 건전성 관련 조기경보시스템도 구축할 생각”이라고 밝혔다. 김 원장은...,https://biz.heraldcorp.com/article/10711912?ref=naver,6,,1
"스타링크 한국 요금 OECD 평균 수준…""국내 영향 제한적""","7일 정보통신정책연구원(KISDI)이 발간한 '스타링크 요금 수준 결정요인 분석 및 국내 출시에 따른 통신시장 영향' 보고서에 따르면 한국의 스타링크 요금은 주거용 기준 월 8만7천원으로, 지난해 연평균 환율 기준 61....",https://www.yna.co.kr/view/AKR20260407129000017?input=1195m,3,,1
"제주항공, 회원전용 '대기예약 서비스' 개시","대기예약 가능 여부는 항공편 운영 상황에 따라 변동될 수 있으며, 안내되는 요금은 확약 시점 기준 예상 금액으로 환율과 유류할증료 변화에 따라 최종 결제 금액이 달라질 수 있다. 제주항공은 이번 서비스와 함께 취소...",https://www.namdonews.com/news/articleView.html?idxno=906678,3,,1
"구윤철 ""아직 스태그플레이션 상황 아냐…막기 위해 추경 필요""","이종배 의원은 ""가뜩이나 고유가로 물가 상승이 우려되는데 유동성 확대로 기름을 붓는 것 아닌가 걱정되고 환율 인상에도 영향을 미치지 않을까 걱정된다""고 말했다. 이어 이 의원은 ""OECD(경제협력개발기구)에서...",https://www.newsis.com/view/NISX20260407_0003581570,6,,1
"정부, 의료제품 사재기에 엄정 대응 예고","소모성 의료기기인 치료 재료의 수가(酬價·건강보험에서 정한 가격)와 관련해서는 ""환율 영향 등으로 업체가 경영 압박을 받을 수 있어 (수가) 인상을 검토 중"" 이라며 ""이 밖에도 업체가 원가 부담을 느끼지 않도록 지원...",https://www.newsgn.com/news/articleView.html?idxno=545253,3,,1
"서학개미 덕봤던 미래에셋·삼성·키움證, 高환율에 '수익성' 촉각","환율이 중동전쟁 여파로 치솟은 한편, 국내 증시 투자를 유인하는 정책 기조로 인해 수익성에 악영향을... 하지만 올해 들어 환율이 급등하고, 정부가 국내 주식 투자를 적극 유도하는 점은 3사의 외화증권 중개 실적에...",https://www.sisajournal-e.com/news/articleView.html?idxno=420327,5,,1
그룹 '구원투수' 등판에 경영부담...'보유'한 현금보다 '비싼' 땅 매입한...,롯데케미칼이 발행한 회사채의 은행 지급보증을 위해 랜드마크 자산인 롯데월드타워와 몰을 통째로 담보로 제공했다. 담보 한도액은 1조6천447억원에 달하며 담보 기간은 롯데케미칼의 채무 상환이 완료될 때까지...,https://www.youthdaily.co.kr/news/article.html?no=216834,7,,1
"[1년 전 오늘] 한화에어로, 2028년까지 11조 투자…2035년 영업익 10조","나머지 7조5000억원은 영업 현금흐름과 회사채 발행, 차입 등을 통해 조달할 방침이다. 이처럼 한화에어로스페이스가 유상증자를 동원해 투자 규모를 늘리는 건 유럽 방산시장 블록화에 따른 위기의식 때문이다....",https://www.shinailbo.co.kr/news/articleView.html?idxno=5008755,4,,1
"롯데렌탈, 장기 렌터카 본업 성장 속 중고차 B2C 신사업 호조까지…""저...","동사는 회사채를 통한 자금 조달이 원활하게 가능하고 장기차입 비중이 높기 때문에 금리 인상에 따른 타격이 크지 않다""고 강조했다. 안 연구원은 ""동사는 신사업인 중고차 렌터카와 B2C 매각(T카) 등이 시장에...",http://www.newsprime.co.kr/news/article.html?no=729548,5,,1
"하나증권 ""롯데렌탈, 매각 불확실…경쟁력·성장성은 여전""","롯데렌탈은 회사채를 통한 조달이 가능하고 장기차입 비중이 높기 때문에 영향이 크지 않다""고 전했다. 안 연구원은 ""롯데렌탈의 매각 관련 불확실성은 존재하나, 회사의 경쟁력과 성장성은 여전히 유효하다""고...",https://www.etoday.co.kr/news/view/2573678,4,,1
"금융위, 석유화학·정유업계 정책금융 늘린다",P-CBO는 회사채를 기초자산으로 신용보증기금이 원리금을 보증해 유동화증권을 발행·유통하는 제도다. 신용보증기금은 이날부터 최대 1년 이내에 만기 도래로 차환이 필요할 경우 상환비율을 10%에서 5%로 낮춘다....,https://www.labortoday.co.kr/news/articleView.html?idxno=233662,13,,1
"[더벨][발행사분석] 외형·이익 동반 성장 CJ프레시웨이, 공모채 흥행 기...",CJ프레시웨이가 약 1년 만에 회사채 시장 문을 다시 두드린다. 이번 발행은 공모채와 금융권 한도대출... CJ프레시웨이가 회사채 시장을 다시 찾은 것은 지난해 2월 말 이후 약 1년 만이다. 지난 2017년 초도발행을...,https://www.thebell.co.kr/free/content/ArticleView.asp?key=202604060149066540109014,6,,1
[더벨][태광그룹 사업구조 재편] 뷰티·바이오 넘어 조선업까지…제조업...,또 동성제약 신주 인수 및 회사채 등 인수 마무리 단계에 와 있다. 태광그룹은 지난해부터 제2의 창업이라 할수 있을 정도로 급격한 사업구조 재편을 진행 중이다. M&A을 통해 빠르게 신사업을 육성하는 가운데 핵심...,https://www.thebell.co.kr/free/content/ArticleView.asp?key=202604031332060200103091,4,,1
"[데스크시각] 흔들리는 KAI, 민영화는 해법인가",1월에는 5000억원 규모의 회사채를 발행했고 3월에는 5000억원 규모의 전환사채(CB)를 추가로 발행했다. 불과 두 달 사이 1조원의 자금을 외부에서 끌어온 셈이다. 단기 유동성 확보를 위한 조치지만 자체 현금 흐름으로는...,https://www.bloter.net/news/articleView.html?idxno=658821,1,,0
"급증한 유상증자, 상승장에 찬물… '채무상환' 목적에 거센 후폭풍","반면 금리 인상 여파로 회사채 발행에 어려움을 겪는 기업으로선 어쩔 수 없는 선택이라는 의견도 있다. 최준선 성균관대 법학전문대학원 명예교수는 ""(유상증자가) 미래 투자 재원 확보와 부채비율 개선, 신용등급...",https://it.chosun.com/news/articleView.html?idxno=2023092159951,5,,1
"""중동발 위기, 실물경제 영향""…금융위, 피해 기업 '구원투수'로 나선다",중동 상황 피해 중소·중견기업의 신용보증기금 P-CBO(회사채를 기초자산으로 신보가 원리금을 보증해 유동화증권을 발행·유통하는 제도) 차환 부담도 완화한다. 금융위는 석유화학 업계를 시작으로 피해 업종을...,https://www.news1.kr/finance/general-finance/6128562,13,,1
"[크레딧 체크포인트]AI 올인 SK네트웍스, 여전한 차입 부담에 회사채도...",크레딧 체크포인트는 회사채 발행을 앞둔 기업을 대상으로 재무구조와 자금 흐름을 점검해 신용등급... 회사채 투자자와 시장 참여자들이 보다 입체적인 시각에서 기업의 신용도를 판단할 수 있도록 핵심 재무...,http://www.edaily.co.kr/news/newspath.asp?newsid=01580966645414152,4,,1
"NH투자증권, IMA 1호 4000억원 완판…""생산적 금융 역할 본격화""","이번에 출시된 'N2 IMA1 중기형 1호'는 투자기간 2년 6개월, 기준수익률 연 4.0%, 모집금액 4000억원 규모로, 기업대출·회사채·인수금융 등 기업금융(IB) 자산 중심으로 운용된다. 만기까지 보유 시 NH투자증권이 원금...",https://www.apnews.kr/news/articleView.html?idxno=3047571,6,,1
허탈·분노·눈물… K증시 ‘유증 잔혹사’ [스페셜리포트],"특히, 최근처럼 금리가 높고 신용 시장이 위축돼 있을 땐 회사채나 차입보다 자본 확충이 손쉬운 선택지다.... 회사채 신용등급도 AA- 수준으로 차입 여력도 충분했다. 결국 투자자들의 핵심 질문은 하나였다. 당장 돈이...",https://www.mk.co.kr/article/12007148,5,,1
"금호타이어, 신용등급 ‘A+’로 두 단계 수직 상승… “역대급 실적이 ...",회사채 발행 시 이자 비용을 절감할 수 있어 수익성은 더욱 좋아질 전망이다. 또한 높아진 대외 신뢰도는 글로벌 완성차 업체들과의 신차용(OE) 타이어 공급 협상에서도 강력한 무기가 될 것으로 보인다. 금호타이어는...,https://www.geconomy.co.kr/news/article.html?no=318899,5,,1
[마켓인]BBB급 회사채 발행 급감…금리 부담에 시장 위축,올해 들어 BBB급 회사채 발행사들의 자금 조달 환경이 빠르게 위축되고 있다. 시장에서는 금리 상승에 따른... (사진=연합뉴스) 7일 본드웹에 따르면 올해 1분기 BBB급 회사채 발행 규모는 약 3950억원으로 집계됐다. 이는...,http://www.edaily.co.kr/news/newspath.asp?newsid=05356246645413824,5,,1
"중동발 석화ㆍ정유업계 '비상'…""27조 정책금융지원""",P-CBO는 신용도가 낮아 회사채를 직접 발행하기 어려운 기업들의 자금 조달을 지원하는 제도다. 이들 기업의 회사채를 기초자산으로 신용보증기금의 보증을 받아 유동화증권을 발행하는 방식이다. 금융위는 이날부터...,http://www.wowtv.co.kr/NewsCenter/News/Read?articleId=A202604070502&t=NN,13,,1
"나신평 ""고유가 장기화시 석유화학 부담…신용등급 하향 압력 상당해""","지 연구원은 ""EBITDA 창출력 저하, 회사채 차환 부담 확대, 유동성 저하 등 주요 재무적 지표가 구조적으로 약화하는지 여부를 검토할 예정""이라고 설명했다. 이어 ""특히 고유가가 장기화될 경우 실제 원료 도입 차질과 공장...",https://news.einfomax.co.kr/news/articleView.html?idxno=4408190,7,,1
"KG케미칼, 주주가치 제고 위해 60억 규모 자기주식 취득 결정",사업 부문별 매출 비중을 살펴보면 자동차 제조 및 판매가 47.28%로 가장 높으며 요식업 35.09%와 미디어 및 방송 10.01% 등이 뒤를 잇고 있다. KG케미칼은 지난해 4월 이크레더블로부터 회사채 신용등급 BB-를 부여받았다.,https://www.fetv.co.kr/news/article.html?no=216547,0,,0
"이억원 금융위원장 ""중동 피해기업 지원 확대""…정책금융 신규자금 26.8...","정책금융 신규 자금지원 프로그램은 기존보다 확대해 총 26조8000억원 수준으로 늘리고, 회사채 차환 부담이... 회사채 시장을 통한 자금 조달 여건도 보완한다. 금융위는 이날부터 중동 상황 피해 중소·중견기업이 1년...",https://www.econovill.com/news/articleView.html?idxno=736379,13,,1
"이례적 국고채 금리 상승에, 채권형 펀드 4조 이탈",국공채와 회사채 일반형에서도 골고루 자금 이탈이 나타났다. 채권형 펀드 수익률은 연초 대비 마이너스를 기록하고 있다. 그중 채권 금리 상승에 따라 손실 폭이 큰 흥국초장기채플러스(-6...,https://www.hankyung.com/article/2026040751871,7,,1
"산은·기은·신보·수은, 석유화학·정유업계 지원 확대",신보는 앞으로 1년 안에 만기가 돌아오는 회사채를 다시 발행하는 기업에 대해 상환 부담과 금리 부담을 낮춰주는 방식의 지원에 나선다. 지원 대상은 약 9000억원 규모이며 이 가운데 석유화학업종은 약 1700억원이다....,https://weekly.hankooki.com/news/articleView.html?idxno=7158813,5,,1
'이란전에 휘청' 수출중기·석화…80조 투입해 살린다,두 번째 카드는 회사채 차환 부담 완화다. 중동 상황 피해 중소·중견기업의 신보 P-CBO(채권담보부증권) 차환 시 상환 비율 등을 낮춰 순조롭게 자금을 조달할 수 있도록 지원한다. 이번 조치에 따라 상환 비율은 기존...,http://www.edaily.co.kr/news/newspath.asp?newsid=04897046645413824,6,,1
"CJ프레시웨이, 회사채 수요예측서 목표액 8배 모여",진행한 회사채 수요예측에서 목표액 8배 이상의 자금을 모았다. 7일 투자은행(IB) 업계에 따르면 CJ프레시웨이가 이날 600억원을 목표로 진행한 회사채 수요예측에서 총 4천960억원이 모집됐다. 1.5년물 300억원에...,https://news.einfomax.co.kr/news/articleView.html?idxno=4408183,7,,1
"[마켓인]CJ프레시웨이, 회사채 수요예측서 목표액 8배 주문 몰려","CJ프레시웨이(A0)가 공모 회사채 발행을 위한 기관투자자 대상 수요예측에서 목표액의 8배가 넘는... 공모 회사채 수요예측에서 총 4960억원의 주문을 받았다. 트랜치 별로는 1.5년물 300억원 모집에 2190억원, 2년물...",http://www.edaily.co.kr/news/newspath.asp?newsid=04831446645413824,4,,1
"[더벨]CJ프레시웨이, 8배 오버부킹…언더금리 흥행",CJ프레시웨이가 공모 회사채 수요예측 결과 모집액의 8배에 달하는 자금을 모으면서 흥행에 성공했다.... 다만 차환 대상인 회사채와 한도대의 이자율이 3.615%~3.76%인점을 고려하면 이자비용 절감 효과는 없을...,https://www.thebell.co.kr/free/content/ArticleView.asp?key=202604071651513200104239,5,,1
"태광산업, 공격적 M&A…소비재·조선 물류로 '석화 불황' 정면돌파",실제로 동성제약 인수 과정에서도 제3자 배정 유상증자 700억원 외에 900억원 규모의 전환사채와 회사채 발행이 예정돼있어 부채 비율 상승이 불가피한 상황이다. 그간 배당 등 주주환원에 소극적이었던 태광이 대규모...,https://www.asiatoday.co.kr/view.php?key=20260407010002107,4,,1
"금융당국 ""중동전쟁 피해기업에 신규 자금지원 26조 8천억 원""",신용보증기금이 자체적으로 회사채를 발행하기 어려운 중소·중견기업을 보증해 줘 자금을 조달할 수 있도록 하는 P-CBO 차환 부담도 완화하기로 했습니다. P-CBO의 만기가 도래해 대출을 연장할 때 빌린 돈의 10%를 무조건...,https://imnews.imbc.com/news/2026/econo/article/6813317_36932.html,6,,1
"당국, 석화 P-CBO 차환 지원",P-CBO는 자체 회사채 발행이 어려운 기업을 위해 신용보증기금이 보증을 제공해 회사채로 자금을 조달할 수 있게 지원하는 제도다. 당국은 차환 발행 시 최소 상환 비율을 기존 10%에서 5%로 낮추고 가산금리는 최대 0....,https://www.sedaily.com/article/20029446?ref=naver,5,,1
"CJ프레시웨이 회사채 흥행, 모집액 8배 수요 몰렸다 [시그널]",CJ프레시웨이(051500)가 공모 회사채 발행을 위한 수요예측에서 모집액의 8배가 넘는 자금을 확보했다. 7일 투자은행(IB) 업계에 따르면 CJ프레시웨이는 이날 600억 원 규모의 공모 회사채 발행을 위한 기관...,https://www.sedaily.com/article/20029440?ref=naver,7,,1
[ETF 시황] 반도체·원유 ETF 강세…친환경 테마는 부진,"자금 순유출 상위는 TIGER 머니마켓액티브(-1032억원), RISE CD금리액티브(합성)(-884억원), TIGER 반도체TOP10(-619억원), KODEX 코스닥150(-581억원), RISE 26-11 회사채(AA-이상)액티브(-403억원) 순으로 집계됐다.",https://www.newspim.com/news/view/20260407001007,7,,1
"이억원 금융위원장 ""석화·정유는 우리 산업의 뿌리... 80조 금융지원 가...","대출 외에 회사채 발행을 통한 자금 조달 지원도 강화한다. 오늘부터 중동 상황 피해를 입은 중소·중견기업이 신용보증기금의 P-CBO(프라이머리 채권담보부증권)를 차환 발행할 경우, 상환 비율을 기존 10%에서 5%로 낮추고...",https://www.pointe.co.kr/news/articleView.html?idxno=77902,16,,1
[더밸류 브리핑] 오늘의 증권사 소식…NH투자증권·유진투자증권·대신...,"기업대출과 회사채, 인수금융 등 기업금융 자산 중심으로 운용되며, 만기까지 보유하면 NH투자증권이 원금 지급을 약정하는 구조다. NH투자증권은 안정성과 수익성을 함께 고려한 구조, 그리고 시장 변동성이 커지는...",http://www.thevaluenews.co.kr/news/view.php?idx=197939,9,,1
"NH투자증권, 첫 IMA 4000억 완판...그 이유와 전망",기업대출·회사채·인수금융 등 기업금융(IB) 자산 중심으로 운용되며 운용 성과에 따라 수익이 결정된다. NH투자증권은 한국투자·미래에셋증권보다 인가가 늦어지면서 IMA 후발주자로 뛰어들었다. 현재...,https://www.dailybrief.co.kr/news/articleView.html?idxno=5528,6,,1
"금융당국, '중동 피해 직격탄' 석유화학 업계에 26.8조 지원","P-CBO는 신규 발행되는 회사채를 기초자산으로 하는 자산유동화증권으로, 자체 회사채 발행이 어려운 중소·중견기업 회사채를 묶어 신용보증기금의 보증을 통해 시장에 매각하는 상품이다. 신용도가 낮은 기업의 자금...",https://www.hankookilbo.com/news/article/A2026040715300001341?did=NA,5,,1
"금융위, 중동 피해 기업에 유동성 지원 확대…26조8000억 규모",P-CBO는 신용도가 낮아 회사채를 직접 발행하기 어려운 기업들의 자금 조달을 지원하는 제도다. 이들 기업의 회사채를 기초자산으로 신보의 보증을 받아 유동화증권을 발행하는 방식이다. 금융위는 이날부터 최대 1년...,https://www.khan.co.kr/article/202604071549001,16,,1
"금융위, 중동사태에 석유화학·정유업계 회동…정책금융 26.8조원 지원","P-CBO는 회사채를 기초자산으로 신보가 원리금을 보증하여 유동화증권을 발행·유통하는 제도다. 원유수급 관련 기관인 한국석유공사의 유동성 확충을 위해 산업은행, 수출입은행, 한국석유공사가 협업 방안을 논의...",http://www.srtimes.kr/news/articleView.html?idxno=200604,19,,1
[IMA 역설]① '선두주자' 한투·미래 75조 여력에도 1조만 조달,이에 따르면 지난해 말 기준 미래에셋증권은 IMA 자산의 90% 이상을 회사채에 투자했다. 세부적으로는 △회사채 901억원(90.1%) △대출채권 75억원(7.5%) △예치금 24억원(2.4%) 등이다. 하지만 두 증권사를 합쳐도 IMA를...,https://www.bloter.net/news/articleView.html?idxno=658813,10,,1
"중동發 공급망 흔들…석화·정유부터 금융지원 착수, 정책금융 26.8조 확...",민간 금융권도 53조원+α 규모의 자금 지원과 만기연장·상환유예 조치를 병행한다.회사채 시장 지원도 병행된다. 신용보증기금은 중동 피해 중소·중견기업의 P-CBO 차환 부담을 낮추기 위해 상환비율을 기존 최소 10%에서...,https://www.asiatoday.co.kr/view.php?key=20260407010002011,5,,1
[이슈체크] 중동發 공급망 흔들…돈 풀어도 결국 ‘시간 싸움’,◇ 회사채 경색 풀기…차환 조건 완화로 ‘숨통’ 회사채 시장 경색 대응도 병행된다. 신용보증기금의 P-CBO(프라이머리 채권담보부증권) 차환 조건을 완화해 중소·중견기업의 자금 부담을 낮춘다. 기존에는 차환 발행 시...,https://www.tfmedia.co.kr/news/article.html?no=203483,6,,1
"버핏 ""극장서 불나면 문으로 달려가야""…사모대출 위험성 경고","은행이나 회사채로 자금을 조달하기에는 신용등급이 낮거나 이미 대출 한도가 찬 기업들이 받는다. 막대한 투자가 필요한 테크 기업들도 많이 이용한다. 그러나 최근 대출 상환에 어려움을 겪는 기업들이 늘면서, 사모...",http://www.seouleconews.com/news/articleView.html?idxno=90491,8,,1
"""빚 갚으려 2.4兆 손 벌렸나""… 한화솔루션 '기습 유증'에 임시 주총 가...","회사는 '신성장 동력' 확보를 명분으로 내세웠으나, 실제 조달 자금 가운데 1조 5000억원가량은 회사채와 기업어음(CP) 상환 등에 투입되고, 신규 투자에 쓰이는 금액은 9000억원에 그친다. 시장 안팎에서 ""절반이 넘는...",https://www.financialpost.co.kr/news/articleView.html?idxno=254596,7,,1
"금융위, 중동 리스크 피해 석유화학·정유업계 지원 확대","회사채 시장 지원도 강화된다. 신용보증기금의 P-CBO(프라이머리 채권담보부증권) 차환 시 상환비율과 가산금리를 낮춰 중소·중견기업의 자금 조달 부담을 줄인다. 약 9000억원 규모의 차환 수요가 지원 대상이며, 이 중...",https://www.ziksir.com/news/articleView.html?idxno=129998,16,,1
P-CBO 완화까지…석화·정유 금융지원 전방위 확대,"정책금융기관과 시중은행이 함께 유동성 공급을 확대하고, 회사채 차환 부담을 줄이는 등 현장 대응에... 회사채 시장 지원도 강화된다. 신용보증기금은 이날부터 중동상황 피해 중소·중견기업의 P-CBO 차환 부담을...",https://www.sentv.co.kr/article/view/sentv202604070151,11,,1
"“중동발 충격 대응”...금융위, 석화·정유업계 지원 26.8조로 확대","회사채 차환 부담을 덜어주는 방안도 내놨다. 신용보증기금은 이날부터 중동 상황 피해 중소·중견기업이 기존 P-CBO 만기 도래분을 차환할 때 상환 비율과 후순위 인수 비율, 가산 금리를 낮춰주기로 했다. 지원 대상은...",https://www.ddaily.co.kr/page/view/2026040715041216886,14,,1
"이억원 ""중동 전쟁 피해기업 지원 26조8천억으로 확대""","""석화·정유산업 피해 직격…26조8000억원 지원"" 회사채 발행 지원 강화…가산금리 낮춰 부담 완화 산업... 회사채 발행 지원도 강화된다. 신용보증기금은 중동 피해 중소·중견기업을 대상으로 P-CBO 차환시 상환비율과...",https://www.asiatime.co.kr/article/20260407500219,5,,1
"금융위, 중동발 석화·정유업계 비상…피해기업 27조 정책자금 지원",P-CBO란 회사채를 기초자산으로 신보가 원리금을 보증해 유동화증권을 발행·유통하는 제도다. 자체 회사채 발행이 어려운 중소·중견기업이 회사채로 자금을 조달할 수 있도록 지원한다. 신보는 오늘부터 최대 1년 이내...,https://news.bizwatch.co.kr/article/finance/2026/04/07/0014,13,,1
"금융위, 중동피해 기업에 신규 정책금융 26.8조로 확대","둘째, 중동 피해 중소·중견기업의 신용보증기금 P-CBO(회사채를 기초자산으로 신보가 원리금을 보증하여 유동화증권을 발행·유통하는 제도) 차환 부담을 완화한다. 신보는 7일부터 최대 1년 이내 기존 P-CBO 이용분의...",https://www.korea.kr/news/policyNewsView.do?newsId=148962203&call_from=naver_news,13,,1
"정부, 중동 분쟁 '직격탄' 석유화학·정유업계에 2.5조 추가 긴급 수혈 ...",회사채 차환 문턱을 낮추고 정책 금융 공급 규모를 대폭 확대해 실물 경제로의 위기 확산을 선제적으로 차단한다는 방침이다. 금융위원회는 7일 정부서울청사에서 '중동 상황 피해 업종 산업-금융권 간담회'를 개최했다....,https://news.tf.co.kr/read/photomovie/2310495.htm,19,,1
중동 피해기업 회사채 숨통…신보 P-CBO 차환 조건 완화,현재 추진 중인 정책금융 신규자금지원 프로그램을 기존보다 2조5000억원 늘리고 중소·중견기업의 회사채... 회사채 부담도 낮춘다. 금융위는 중동 상황 피해 중소·중견기업이 이날부터 최대 1년 내 현재 이용 중인 P...,http://www.newsfc.co.kr/news/articleView.html?idxno=77927,13,,1
"중동發 충격 차단 총력 … 정책금융 26.8조 투입, 석화·정유 방어전","특히 회사채 시장 경색에 대응해 신용보증기금의 P-CBO(채권담보부증권) 차환 조건이 대폭 완화된다. 기존 최소 10%였던 상환 비율은 5%로 낮아지고, 후순위 인수 비율과 가산금리도 각각 최대 0.2%포인트, 0.13%포인트...",https://biz.newdaily.co.kr/site/data/html/2026/04/07/2026040700232.html,8,,1
“상환금 절반만 내라” 중동 쇼크에 9000억 ‘긴급 수혈’,정부가 중동 분쟁 여파로 자금 조달에 어려움을 겪는 중소·중견 기업을 위해 회사채 차환 문턱을 대폭... 신보의 P-CBO 보증은 개별 기업의 회사채 등을 기초자산으로 유동화 증권을 발행해 장기 자금을 조달할 수 있도록...,https://magazine.hankyung.com/business/article/202604074474b,4,,1
"[AIF 포럼] 글로벌IB ""금리 올려 물가 잡진 않을 것…재정정책 활용""","그는 ""소프트웨어에서 타격을 받는다더라도 전체적인 투자등급 회사채 전망은 아직 긍정적이고 강력하다""면서도 ""소프트웨어 쪽은 매력적이지 않다. 이쪽으로 들어가는 걸 추천하지 않는다""고 말했다.",https://news.einfomax.co.kr/news/articleView.html?idxno=4408138,5,,1
"금융위, 중동사태에 석화·정유업계 회동…정책금융 26.8조원으로 확대","P-CBO는 회사채를 기초자산으로 신보가 원리금을 보증하여 유동화증권을 발행·유통하는 제도다. 또 원유수급 관련 기관인 한국석유공사의 유동성 확충을 위해 산업은행, 수출입은행, 한국석유공사가 협업 방안을 논의...",https://www.newsis.com/view/NISX20260407_0003581180,19,,1
"[단독] SK네트웍스, 최신원 명예회장 선임 뒤 ‘핵심 리스크’로 지목","1500억원 규모의 회사채 발행을 위해 투자자들에게 상세 정보를 공개한 것인데, 회사 쪽은 이 신고서에서 ‘핵심 투자 위험’으로 ‘소송과 관련된 사항’을 지목했다. 구체적으로 신고서엔 ‘전직 임원’이라고...",https://www.hani.co.kr/arti/economy/economy_general/1253022.html,4,,1
"금융당국, 중동상황 피해기업 총력 지원…26조8000억원으로 규모 확대",회사채 발행 지원도 강화된다. 이를 위해 신용보증기금은 중동 피해 중소·중견기업을 대상으로 P-CBO 차환... 신보의 P-CBO 보증은 개별 기업의 회사채 등을 기초자산으로 유동화 증권을 발행해 장기 자금을 조달할 수...,https://www.pointdaily.co.kr/news/articleView.html?idxno=300074,5,,1
'중동 직격탄' 석화업계에 정책금융 추가 투입…P-CBO 차환도 지원,회사채 발행 과정도 지원한다. 금융위는 중동상황 피해 중소·중견기업의 신보 프라이머리채권담보부증권(P-CBO) 차환시 부담을 최대한 완화하기로 했다. 신보는 오늘부터 최대 1년 이내에 기존 P-CBO 이용분의 만기...,https://news.einfomax.co.kr/news/articleView.html?idxno=4408132,15,,1
정유·석화업계 “중동 전쟁 장기화 땐 생산 중단 가능성도”,"신용보증기금의 보증을 통해 자체 회사채 발행이 어려운 중소·중견기업의 회사채 발행을 지원하는 제도다. 기존 회사채를 새로 발행한 회사채로 갈아탈 때 기업의 상환 비율을 10%에서 5%로 낮추고, 후순위 인수 비율(손실...",https://www.hani.co.kr/arti/economy/marketing/1253021.html,4,,1
이억원 “석화·정유 위축시 자동차·조선·건설 흔들려…신속 대응할 ...,"이 위원장은 대출 이외에 기업의 회사채 발행지원 수단인 신보 P-CBO의 차환 부담을 완화하겠고 밝혔다. 그는 ""중동상황 피해 중소‧중견기업이 오늘부터 최대 1년의 기간 내에 현재 이용중인 P-CBO 차환 발행시 상환비율...",http://www.joseilbo.com/news/news_read.php?uid=566087&class=18&grp=,5,,1
중동발 충격 대응…9000억 만기 회사채 차환 문턱 낮춘다,금융당국이 중동발 충격에 대응해 중소·중견기업의 회사채 차환 문턱을 낮춘다. 전쟁 여파로 회사채 시장이 경색된 가운데 피해 업종 기업의 자금 조달에 차질이 생기지 않도록 지원하겠다는 것이다. 금융위원회는 7일...,http://www.edaily.co.kr/news/newspath.asp?newsid=03863846645413824,19,,1
"이억원 ""중동사태로 석화·정유산업 여파…적시 지원""","이날 금융당국은 ▲피해기업의 유동성 완화를 위한 대출공급 확대 ▲회사채 발행 지원 ▲기업구조혁신펀드를 통한 투자 본격화 등 산업 안정성 제고를 위한 금융지원 방안을 점검했다. 먼저, 중동 수출입기업이나 협력...",http://www.metroseoul.co.kr/article/20260407500305,9,,1
"금융당국, 중동 피해기업 지원 26.8조로 확대",5조 증액 신보 P-CBO 상환비율 낮춰 회사채 발행 지원 산은·수은도 한국석유공사 유동성 지원 논의 1조원... 회사채 발행 지원도 강화된다. 이를 위해 신용보증기금은 중동 피해 중소·중견기업을 대상으로 P-CBO 차환 시...,https://biz.heraldcorp.com/article/10711712?ref=naver,8,,1
"정부, 중동 위기 기업에 정책금융 26.8조 확대…회사채 차환 부담 '절반...","확대하고, 회사채 차환 부담을 낮춰 기업 자금 조달 여건을 개선한다. 이억원 금융위원장은 7일... 기존에는 회사채 차환 발행 시 원금의 최소 10%를 상환해야 했으나, 이를 5%로 낮춰 기업의 현금 부담을 줄인다. 가산...",https://www.etnews.com/20260407000103,13,,1
중동 쇼크에 석화·정유업계 “이대로 가면 생산중단”…정부·금융권 ...,회사채 시장 지원책도 추가됐다. 신용보증기금은 7일부터 중동상황 피해를 입은 중소·중견기업의 P-CBO 차환... 자체 회사채 발행이 어려운 기업들 입장에서는 자금 숨통을 틔워줄 수 있는 조치로 평가된다. 더불어 산업...,http://www.joseilbo.com/news/news_read.php?uid=566086&class=18&grp=,5,,1
중동 피해기업에 26.6조 지원..신보 P-CBO 차환부담도 완화,"대출 이외에 기업의 회사채 발행지원 수단인 신보 P-CBO의 차환 부담도 완화한다. 중동상황 피해 중소·중견기업이 이날부터 최대 1년의 기간 내에 현재 이용중인 P-CBO 차환 발행시 상환비율, 후순위 인수 비율...",https://www.mt.co.kr/finance/2026/04/08/2026040710393957119,5,,1
"금융위, 중동발 충격 대응 본격화…석유화학·정유업계 긴급 금융지원 ...",회사채 시장 지원도 병행된다. 금융당국은 신용보증기금의 P-CBO 차환 조건을 완화해 중소·중견기업의 부담을 낮추기로 했다. 이에 따라 1년 내 만기 도래 물량 약 9000억원 가운데 석유화학 기업 약 1700억원이 지원 대상이...,https://www.dailian.co.kr/news/view/1630546/?sc=Naver,13,,1
"이억원, 중동피해업 릴레이 간담회…정유업에 ""유동성 애로 완화 지원""","P-CBO는 회사채를 기초자산으로 신용보증기금이 원리금을 보증해 유동화 증권을 발행하거나 유통하는 것으로, 자체 회사채 발행이 어려운 중소·중견기업이 회사채로 자금을 조달할 수 있도록 지원하는 제도입니다....",https://biz.sbs.co.kr/article_hub/20000302551?division=NAVER,7,,1
중동발 피해 기업 유동성 27조 지원한다…추경으로 2.5조 확대,중동 상황 피해 중소·중견기업의 신용보증기금 P-CBO(회사채를 기초자산으로 신보가 원리금을 보증해 유동화증권을 발행·유통하는 제도) 차환 부담을 완화한다. 중동 상황 중소·중견기업이 차환 필요시 상환 비율...,https://www.news1.kr/finance/general-finance/6127978,7,,1
중동 사태 피해 기업에 대출·회사채 발행 등 지원,"금융권이 중동 사태로 피해를 입은 기업에 대한 대출 지원과 회사채 차환 부담 완화 등 금융 지원을 실시합니다. 이억원 금융위원장은 중동 상황으로 피해를 입은 석유화학, 정유업계 및 금융기관과 오늘(7일) 간담회를...",http://www.yonhapnewstv.co.kr/AKR20260407110813lqI,14,,1
"'중동사태'에 석화·정유업계 비상…금융위, 추경으로 돈 더 푼다",현재 추진 중인 정책금융 신규자금지원 프로그램을 기존보다 2조5000억원 늘리고 회사채 발행도 지원한다.... 신보 'P-CBO' 차환 부담 완화…회사채 발행 지원 현재 정책금융기관은 중동사태 발발 직후 신규자금...,https://www.sidae.com/article/2026040709545729759,13,,1
"효성중공업, 신용등급 올리고 회사채 갚았다... 전력기기 호황 속 재무...","LS일렉트릭은 회사채 시장을 활용했고, HD현대일렉트릭은 신용등급을 한 단계 끌어올렸다. 효성중공업은 다른 선택을 했다. 지난 4월 2일 회사채를 모두 갚고, 올해 예정된 투자도 별도 차입 없이 보유 현금으로...",https://www.insight.co.kr/news/549128,4,,1
"월가 거물 버핏과 다이먼, 사모 대출 부실 리스크 경고","은행이나 회사채로 자금을 조달하기에는 신용등급이 낮거나 이미 대출 한도가 찬 기업들이 받는다. 막대한 투자가 필요한 테크 기업들도 많이 이용한다. 그러나 최근 대출 상환에 어려움을 겪는 기업들이 늘면서, 사모...",https://www.chosun.com/economy/money/2026/04/07/ENB5DTDZABFXDNZTHZVWE7UYRQ/?utm_source=naver&utm_medium=referral&utm_campaign=naver-news,10,,1
"NH투자증권, IMA 1호 ‘N2 IMA1’ 4000억원 완판","IMA는 고객 예탁금을 기업대출, 회사채, 인수금융 등 기업금융 자산에 투자하고 운용 성과를 투자자에게 제공하는 상품이다. 기존 기관 중심이던 투자 영역을 개인에게 확대한 점에서 자본시장 구조 변화를 이끄는...",https://www.nongmin.com/article/20260407500171,6,,1
삼전 역대 최고 실적에도…수익률 상위 1%는 하이닉스 선택 [주식 초고...,"한화솔루션은 조달 자금 중 1조 5000억 원을 회사채, 기업어음(CP) 등 빚을 갚는 채무상환자금으로 쓸 계획이라고 밝혔다. 자금 대부분이 신성장 동력 확보가 아닌 재무구조 개선을 위해 쓰이는 데다 유증 규모가 발행...",https://www.sedaily.com/article/20029265?ref=naver,9,,1
"NH투자증권, IMA 1호 4000억원 완판…개인 자금 유입 확대",이 상품은 고객 자금을 기업대출과 회사채 등 기업금융 자산에 투자하는 구조로 설계됐다. 기존 기관 중심 투자 영역을 개인으로 확대한 상품이다. 투자기간은 2년 6개월이며 기준수익률은 연 4.0%다. 만기 보유 시...,https://www.newspost.kr/news/articleView.html?idxno=222182,6,,1
"CJ프레시웨이, 600억원 규모 회사채 흥행 '노크'···핵심 변수는?",현대경제신문 임이랑 기자 | CJ프레시웨이(A0·안정적)가 공모 회사채 수요예측에 나선다. 이번 CJ프레시웨이 회사채 공모의 경우 △식자재유통·단체급식업 특성상 운전자금 수요가 크고 △실제 전체 차입 과반이...,http://www.finomy.com/news/articleView.html?idxno=252758,4,,1
"NH증권, 'IMA 1호' 4000억원 완판…새로운 '안전자산' 부상","이번 상품은 투자기간 2년 6개월, 기준수익률 연 4.0%를 제공하며 기업대출, 회사채, 인수금융 등 기업금융(IB) 자산을 중심으로 운용될 예정이다. IMA는 고객 예탁금을 기업금융 자산에 투자해 그 성과를 고객에게...",https://www.sidae.com/article/2026040711131948912,6,,1
"NH투자證, IMA 1호 4000억 완판","이번에 출시된 ‘N2 IMA1 중기형 1호’는 투자기간 2년 6개월, 기준수익률 연 4.0%, 모집금액 4000억원 규모로, 기업대출·회사채·인수금융 등 기업금융(IB) 자산 중심으로 운용된다. NH투자증권은 이번 IMA 출시로...",https://biz.heraldcorp.com/article/10711569?ref=naver,6,,1
"NH투자증권, 첫 번째 IMA 상품 ‘N2 IMA1 중기형 1호’ 모집 완료","기업 대출, 회사채, 인수 금융 등 기업금융(IB) 자산 중심으로 운용된다. 만기까지 보유 시 NH투자증권이 원금 지급을 약정하는 구조다. 완판 배경으로는 NH투자증권의 검증된 IB 경쟁력을 꼽았다. NH투자증권은 AA...",https://www.cnbnews.com/news/article.html?no=787980,6,,1
"SK브로드밴드, 배당 멈추고 ‘AI 연결망’ 깐다","진행한 회사채 수요예측에서는 총 6550억원의 주문을 받았다. 회사 부채비율은 2024년 125%에서 지난해 144% 증가했지만, 회사채 신용등급은 ‘AA’를 유지하며 투자 여력이 충분함을 보여주고 있다. 희망퇴직 등 일회성...",http://www.fntimes.com/html/view.php?ud=2026040709423290147fd637f543_18,4,,1
"NH證, 첫 IMA 1호 4천억 완판… 올해 2조원 모집 기대","이번 IMA1 중기형 1호는 투자 기간 2년 6개월, 기준 수익률 연 4%, 모집금액 4000억원 규모로, 기업대출·회사채·인수금융 등 기업금융(IB) 자산 중심으로 운용된다. 만기까지 보유 시 NH투자증권이 원금을 지급할 것을...",https://it.chosun.com/news/articleView.html?idxno=2023092159927,6,,1
기후부 '전기차 보급사업 수행자 평가' 테슬라 불리하나,"정량평가 내 사업능력 평가는 기업의 회사채, 기업어음, 기업신용 등을 살펴보며 신용등급에 따라 최저 7점에서 최대 10점의 점수를 부여받을 수 있다. 또 전기차 보급사업 수행기간이 5년 이상이 될 경우 10점 만점을...",https://www.bloter.net/news/articleView.html?idxno=658782,4,,1
"롯데지주, '재무 안정·사업 재편' 투트랙 본격 가동…수익성 중심 체질...","35% 수준으로 설정됐으며, 이 같은 증권은 회계상 자본으로 인정되는 구조를 적용받는다는 점에서 일반적인 회사채와는 차별화된 성격을 갖는다. 이처럼 자본으로 인정되는 방식의 자금 조달을 선택한 것은 단순히 차입을...",https://www.upkoreanews.kr/news/articleView.html?idxno=97853,4,,1
"금호타이어, 신용등급 A+ 상향…수익성·재무개선 ‘동시 인정’",회사채 발행 금리 하락 등 금융비용 절감 효과가 기대되며 대외 신인도 상승에 따른 영업 경쟁력 강화도 가능해졌다. 금호타이어는 올해 매출 목표를 5조1000억원으로 제시하고 고인치·프리미엄 제품 중심 포트폴리오...,https://www.etoday.co.kr/news/view/2573341,6,,1
"금호타이어, 신용등급 A+ 상향…실적·재무개선 공식 인정","이번 신용등급 상향으로 금호타이어는 회사채 발행과 금융시장 자금 조달에서 더 유리한 조건을 확보하게 됐으며, 브랜드 신뢰도와 글로벌 영업 경쟁력 역시 한층 높아질 것으로 기대된다. 광주=",https://www.viva100.com/article/20260407500245,6,,1
"""NH투자증권, 첫 IMA 상품 4,000억 완판"" 개인 IB 투자 확대…""안전자금...","금번 출시된 상품은 투자기간 2년 6개월, 기준수익률 연 4.0%, 원금 지급 약정 구조로 설계됐으며 기업대출·회사채·인수금융 등 IB 자산 중심으로 운용된다. 시장 변동성이 확대된 환경에서 안정적 투자처를 찾는...",http://www.economytalk.kr/news/articleView.html?idxno=420054,6,,1
[오늘의 채권ㆍ외환 메모] (04월07일),"7,900억원 ▲회사채 970억원 ▲통안채 5,000억원 ▲공사채 14,773억원 ◇채권 만기 ▲은행채 6,600억원 ▲여전채 2,600억원 ▲회사채 2,100억원 ▲통안채 6,000억원 ▲공사채 2,900억원 (서울=연합인포맥스)",https://news.einfomax.co.kr/news/articleView.html?idxno=4408050,9,,1
"[生기업TALK] 신한자산운용, 반도체 상승장에 소부장까지 낙수효과 '톡톡...",채권 부문은 국공채와 우량 회사채 등에 투자해 안정적인 이자 수익을 추구한다. 성과 역시 안정적인 흐름을 보이고 있다. 17일 기준 펀드평가사 제로인에 따르면 신한퇴직연금펀더멘탈인덱스40 펀드의 1년 수익률...,http://www.sisacast.kr/news/articleView.html?idxno=93172,6,,1
"카드사, 여전채 부담 커지자 '김치본드·해외 ABS'로 조달 다변화","최근 카드채 금리가 4%까지 가파르게 상승하면서 국내 회사채 발행에 편중된 조달 구조를 다변화하고, 조달... 국내 회사채 발행에 편중된 조달 구조가 카드사들의 차환 부담을 키우고 있기 때문으로 분석된다. 전일 기준...",https://news.einfomax.co.kr/news/articleView.html?idxno=4408038,8,,1
“유가 뛰면 카드 수수료 할인을” 주유업계·카드사 갈등,75~1.15% 수준이다. 여신업계 관계자는 “별도 인하는 형평성을 고려할 때 어렵다”며 “지난해 전 카드사 가맹점 수수료 수익 감소로 순이익이 9% 가까이 하락한 만큼 수익성 측면에서도 쉽지 않다”고 밝혔다.,https://www.joongang.co.kr/article/25418315,6,,1
[편집인칼럼] 갑을 관계 논란에 새우 등 터지는 국민,카드사 입장에서 수수료 몇 푼 벌자고 한번 사고 나면 수십억원대 대형 사고가 발생할 수 있는 주유소의 보증을 해줄 이유가 없다. 사실상 을지로위원회가 카드사에 떠넘기는 형국이다. 난쟁이 주유소가 정유사에 책임을...,http://www.newsian.co.kr/news/articleView.html?idxno=88252,4,,1
"편의점부터 국고보조금까지...은행권, 예금 토큰 확장","중간 결제 단계를 줄여 수수료 부담을 낮추고 자금 흐름을 실시간으로 기록할 수 있어 정산 효율성과... 카드사와 간편결제, 핀테크가 결제 시장을 주도하고 스테이블코인 등 디지털 자산 기반 결제 수단까지 등장하면서...",https://www.wolyo.co.kr/news/articleView.html?idxno=310727,7,,1
"""주유비 깎고, 교통비 돌려준다""…카드사, 고유가에 혜택 총동원","""결국 카드사가 부담""…반복되는 정책 비용 논란 다만 업계 내부에서는 이러한 지원이 대부분 카드사 재원으로 이뤄진다는 점에서 부담이 적지 않다는 시각도 나온다. 가맹점 수수료 인하 등으로 본업 수익성이 약화된...",https://www.sidae.com/article/2026040716305248826,5,,1
"""유가 뛰는데 수수료 부담""…주유업계 할인 요구에 카드사는 난색",여신업계 관계자는 “주유업계에도 수수료 우대가 적용되는 만큼 별도 인하는 형평성을 고려할 때 어렵다”며 “여기에 지난해 전 카드사 가맹점 수수료 수익 감소로 순이익이 9% 가까이 하락한 만큼 수익성...,https://www.joongang.co.kr/article/25418224,6,,1
"카드사 경영실적, 코로나 직후보다 부진… 신규 사업 스테이블코인 법제...",정부는 그간 카드사 수수료율을 인하하거나 우대수수료율이 적용되는 영세·중소가맹점의 범위를 확대하는 방안을 적용해왔다. 이에 2012년 2%를 넘던 가맹점 수수료는 현재 매출액 구간별로 0.4~1.45%까지 떨어졌다. 이...,https://www.g-enews.com/view.php?ud=202604071538262294a6e8311f64_1,6,,1
[AI 금융 대전환-中] 카드사 AI 전쟁···'결제에서 데이터로' 돈 버는 ...,과거 카드사는 가맹점 수수료와 카드론 등 금융상품 중심의 수익 구조에 의존해왔다. 하지만 수수료 규제 강화와 경쟁 심화로 전통적 수익원이 흔들리면서 데이터 기반의 새로운 비즈니스 모델 확보가 절실한 과제로...,https://www.sisajournal-e.com/news/articleView.html?idxno=420320,8,,1
"15년 흑자 오아시스, 몸집 불리기 사활","통해 카드사와 지속 소통하고 있다""고 말했다. 이어 ""만약 재오픈된다면 현재 이커머스 시장 내 선의의 경쟁을 통해 새로운 대안으로 자리잡아 건전한 시장 문화 정착에 기여할 예정""이라며 ""업계 최저 수수료와...",https://www.m-i.kr/news/articleView.html?idxno=1362138,4,,1
애플페이 2호 사업자 토스?…결제시장 판도 바꿀까,"그렇게 되면 그 수수료를 누가 부담하는가 하는 문제가 생기게 되는데 수수료를 카드사에서 부담하게 될 가능성이 크거든요."" 반면 토스뱅크는 삼성페이와 이해관계가 없는 인터넷전문은행인 만큼 이 같은 수수료...",http://mbnmoney.mbn.co.kr/news/view?news_no=MM1005808436,7,,1
금융지주 최대 실적 행진에도… 계열 카드사 이익 기여도는 '하락',"은행은 금리 상승에 따른 이자이익 확대 효과를 누렸고 증권 계열사는 주식거래와 펀드 판매 증가의 수혜를 받았지만, 카드사는 수수료 규제와 조달비용 부담이 겹치며 체감 온도가 다르기 때문이다. 증권가 추정치와...",https://www.s-journal.co.kr/news/articleView.html?idxno=40264,11,,1
"'중동 리스크 직격탄' 석유대리점들 ""공급할수록 유통비 손해 커""","카드 수수료가 40여년 '정률제'로 운영되고 있어 유가가 오를수록 국민과 주유소 부담은 커지는 데 카드사 수익은 오히려 늘어나는 구조적 모순이 있다""고 덧붙였다. 협회에 따르면 석유대리점은 전국 4000여개 주유소에...",http://www.newsprime.co.kr/news/article.html?no=729491,4,,1
'메기' 아닌 '상어' … 카드사 수익 압박 속 '네카토' 영업익 5000억 질주,"이는 금융당국이 소상공인 지원을 이유로 가맹점 수수료를 지속적으로 인하해온 영향이 반영된 결과다. 카드사들은 카드론과 할부금융, 제휴 기반 수익 모델로 대응하고 있지만 수수료 감소분을 상쇄하기에는 한계가...",https://biz.newdaily.co.kr/site/data/html/2026/04/07/2026040700096.html,8,,1
기름값 2000원에 카드사만 신바람 … 주유소는 수수료에 피눈물,현재 주유소가 카드사에 내는 수수료율은 매출액의 1.5%다. 휘발유 가격이 리터당 2000원일 때 30원 가량을 꼬박꼬박 떼어가는 셈이다. 특히 1967년 도입된 유류세는 통상 석유제품 최종 판매액의 50%를 차지한다. 주유소는...,https://biz.newdaily.co.kr/site/data/html/2026/04/07/2026040700102.html,4,,1
고유가에 또 터졌다…주유소-카드사 수수료 정면 충돌,중동 지역 긴장 고조로 고유가 우려가 커지면서 주유소 업계와 카드사 간 수수료 갈등이 다시 불붙고 있다. 고유가 국면이 반복될 때마다 되풀이돼 온 갈등이 이번에도 재현되는 모습이다. 7일 금융권에 따르면 전날...,https://www.ebn.co.kr/news/articleView.html?idxno=1704628,5,,1
'빅테크·간편결제'에 카드사 입지 흔들…결제 주도권 플랫폼으로,플랫폼이 맞춤형 금융 서비스를 정교화하는 사이 카드사의 수익 모델은 갈수록 위축되고 있다. 고금리로 인한 조달 비용 상승과 가맹점 수수료 인하 압박 속에 영업이익은 전년 대비 10~15% 감소하는 추세다. 금융...,http://www.newscape.co.kr/news/articleView.html?idxno=121462,7,,1
"마스터카드, 블록체인 인프라 인수로 ‘파괴적 혁신’","스테이블코인의 AI 기반 경로 선택이, 은행과 가맹점을 연결하며 수수료를 챙기는 카드사의 비즈니스 모델을 뒤엎을 수 있다는 것이다. BVNK 인수를 통해 마스터카드는 가상화폐 시스템을 카드 기반 결제망과 더욱...",http://www.datanews.co.kr/news/article.html?no=144146,8,,1
"안철수 의원, 소상공인·중견기업 대출 확대 추진",데일리 환경 이정윤(assh1010@dailyt.co.kr) [데일리환경=안상석기자] 안철수 의원(사진)은 8일 저축은행의 영업 대상을 소상공인과 중견기업까지 확대하는 내용을 담은 ‘상호저축은행법 일부개정법률안’을 대표 발의했다고...,https://www.dailyt.co.kr/newsView/dlt202604080001,8,,1
메트로신문 4월 8일자 한줄뉴스,▲지난해 저축은행 상위 20곳의 순이익이 전년 대비 50배 불어난 가운데 순이익의 80%가 오케이(OK)저축은행과 에스비아이(SBI)저축은행에 집중된 것으로 나타났다. 상위권 저축은행사이에서도 순익 양극화가 뚜렷하다....,http://www.metroseoul.co.kr/article/20260407500519,8,,1
"넥스턴앤롤코리아 최대주주 로아앤코홀딩스, 주식 담보 제공 계약 체결","개별 계약을 보면 로아앤코홀딩스는 2026년 4월 7일 상상인저축은행과 상상인플러스저축은행을 채권자로 약식질 담보를 설정했다. 담보설정금액은 143억원, 담보 제공 주식 수는 58만3968주이며 담보 제공 기간은...",https://www.digitaltoday.co.kr/news/articleView.html?idxno=654611,10,,1
"네오크레마 최대주주 아시아홀딩컴퍼니, 네오크레마 주식등의 수 변동 ...","이 외 주요 내용으로, 아시아홀딩컴퍼니는 상상인저축은행과 한도대출약정을 2026년 4월 7일 체결했으며 대상 주식등의 수는 50만4460주다. 상상인플러스저축은행과의 한도대출약정도 2026년 4월 7일 체결됐으며 대상...",https://www.digitaltoday.co.kr/news/articleView.html?idxno=654589,9,,1
"KR모터스 주주 상상인저축은행, KR모터스 주식등의 수 변동 없어…총 지...","KR모터스의 주주인 상상인저축은행은 보유 지분을 전량 해소했다. 상상인저축은행과 특별관계자 2인의 2026년 3월 31일 기준 KR모터스 보유 주식등의 수는 600만주, 보유 비율은 6.5%로 보고됐다. 주요 내역을 보면...",https://www.digitaltoday.co.kr/news/articleView.html?idxno=654581,8,,1
[쇼츠뉴스] 2026시즌 KLPGA투어 국내 개막전 더 시에나 오픈 톱10 브리핑,단독 6위에 오르며 시즌 개막 2주 연속 톱10 진입에 성공했습니다. 한지원은 이번 대회에서 공동 7위에 오르며 지난 2024년 9월 OK저축은행 읏맨 오픈에서 공동 7위를 기록한 이후 19개월 만에 톱10을 기록했습니다.,https://swtvnews.com/news/newsview.php?ncode=179571604231738,7,,1
"넥스턴앤롤코리아 최대주주 로아앤코홀딩스, 넥스턴앤롤코리아 주식등...","로아앤코홀딩스는 상상인저축은행과의 담보계약을 2026년 1월 30일 체결했으며, 대상 주식등의 수는 210만주다. 또한, 상상인저축은행상상인플러스 저축은행과의 담보계약은 2026년 4월 7일 체결됐으며, 대상 주식등의...",https://www.digitaltoday.co.kr/news/articleView.html?idxno=654528,8,,1
[브리프] 삼성물산 대우건설 GS건설 롯데건설 현대산업개발 동부건설 外,"■산하에코종합건설, 다올저축은행과 MOU 체결 산하에코종합건설 이정관 대표이사(오른쪽)와 다올저축은행 김정수 대표이사가 지난 1일 'LH매입약정 사업 추진을 위한 상호협력' 양해각서(MOU) 체결 후 기념 사진을...",http://www.biztribune.co.kr/news/articleView.html?idxno=351993,7,,1
"예가람저축은행, 윤리·준법경영 서약식 개최…내부통제 강화",예가람저축은행이 윤리의식 제고와 내부통제 강화를 위한 서약식을 진행했다. 7일 예가람저축은행에 따르면 회사는 서울 남대문 본점에서 '윤리·준법경영 서약식'을 개최했다. 이날 행사에는 대표이사를 비롯해...,http://www.popcornnews.net/news/articleView.html?idxno=117748,7,,1
[2금융 뉴스브리핑] 신보 매출채권보험 인수금액 300조 돌파,□ 예가람저축은행 윤리·준법경영 서약식 개최 예가람저축은행이 윤리의식 제고와 내부통제 강화를 위한 윤리·준법경영 서약식을 개최했다. 서약식에 참석한 임원들은 윤리·준법경영 선언문을 낭독하고 △법규·내규...,https://www.asiatime.co.kr/article/20260407500422,10,,1
웰컴저축은행 ‘”AI로 송금하고 순금 잡으세요”,웰컴저축은행 제공 웰컴저축은행은 인공지능(AI) 뱅킹 론칭 캠페인을 기념해 고객 참여형 이벤트 ‘이세돌의 황금 바둑알을 잡아라’를 연다고 7일 밝혔다. 지난 1일 웰컴저축은행은 디지털뱅킹을 넘어 ‘AI뱅킹’으로의...,http://www.segyebiz.com/newsView/20260407517181?OutUrl=naver,7,,1
'금융지주' 전환 시동 신창재...SBI저축銀 '안정 속 쇄신' 고심,SBI저축은행 인수를 완료하면서 향후 SBI저축은행의 역할론이 부각되고 있다. 업황 부진 속에 놓여있던 SBI저축은행이 교보생명그룹 내 중추 계열사로 안착하기 위해서는 뚜렷한 수익성 개선과 외형 확대라는 성과를...,https://www.asiatoday.co.kr/view.php?key=20260407010002152,8,,1
"[기획] '진옥동 2기' ESG 드라이브…신한금융, 전환·포용금융 새 지평",'브링업 & 밸류업' 프로젝트를 통해 저축은행 성실 상환 차주를 은행 대출로 전환해 금리 부담을 낮추고 신용 회복까지 이어지는 경로를 설계했다. 해당 프로그램은 올해 타 저축은행 고객으로 확대될 예정이다....,https://www.startuptoday.co.kr/news/articleView.html?idxno=608988,10,,1
"예가람저축은행, 윤리·준법경영 서약…내부통제 강화","문윤석 대표 등 임원 참여, 소비자 보호 실천 다짐 윤리·준법 경영 기반 지속가능 성장 체계 구축  예가람저축은행이 윤리의식 제고와 내부통제 강화를 위해 윤리·준법경영 서약식을 개최했다. 임원진이 참여해 준법경영...",https://www.fetv.co.kr/news/article.html?no=216528,7,,1
"'외국인 거포' 실바·모마, 남을까…자스티스는 재계약 '유력'",한편 페퍼저축은행의 일본인 미들 블로커 시마무라 하루요는 V리그 잔류 의지를 보였으나 구단과는 재계약과 관련한 구체적인 이야기를 나누지 않은 것으로 알려졌다. 또 흥국생명의 뉴질랜드 국적 미들 블로커...,https://www.fntoday.co.kr/news/articleView.html?idxno=381748,7,,1
"웰컴저축은행, '이세돌의 황금 바둑알' 이벤트 진행",웰컴저축은행이 'AI뱅킹' 런칭 캠페인을 기념해 고객 참여형 이벤트 '이세돌의 황금 바둑알을 잡아라'를 오는 30일까지 진행한다. 앞서 웰컴저축은행은 지난 1일 디지털뱅킹을 넘어 'AI뱅킹'으로의 전환을 선언하며...,http://www.dailysmart.co.kr/news/articleView.html?idxno=122278,7,,1
"산하에코종합건설-다올저축은행, MOU 체결…""LH 매입약정 사업 금융지원...",아주경제=홍승우 기자 hongscoop@ajunews.com 이정관 산하에코종합건설 대표이사(오른쪽)와 김정수 다올저축은행 대표이사가 지난 1일 ‘LH매입약정 사업 추진을 위한 상호협력’ 양해각서(MOU) 체결 후 기념 사진을 촬영하고...,https://www.ajunews.com/view/20260407165418101,8,,1
"교보생명, SBI저축은행 자회사 추가…인수 매듭","SBI홀딩스보다 등기이사 1명 더 많이 선임하도록 계약조건 변경 교보생명이 계획보다 7개월 앞당겨 국내 1위 저축은행 SBI저축은행 지분 50%+1주 인수를 완료하고, 자회사로 추가했다. 7일 금융권에 따르면...",https://news.dealsitetv.com/articles/168249,8,,1
"웰컴저축은행, 이세돌 황금 바둑알 이벤트…AI 송금 체험 유도",AI금융비서 '웰사' 이용 미션 수행 시 순금 경품 제공 퀴즈·아이디어 제안 등 참여형 이벤트 30일까지 진행  웰컴저축은행이 AI뱅킹 캠페인을 기념해 고객 참여형 이벤트 ‘이세돌의 황금 바둑알을 잡아라’를 진행한다....,https://www.fetv.co.kr/news/article.html?no=216524,8,,1
2금융권·인뱅 중금리대출엔 가계대출 총량 규제 예외둔다[only이데일리...,"민간 중금리대출은 신용점수 하위 50%를 대상으로 각 업권이 금리 상한선(카드 12.33%, 캐피탈 15.50%, 저축은행 16.51%)보다 낮은 금리로 내주는 신용대출이다. 은행권에서는 신용점수 하위 50%를 대상으로 하는 중·저신용자...",http://www.edaily.co.kr/news/newspath.asp?newsid=04693686645413824,13,,1
[김윤섭의 Fin포인트] 중동사태에 증시 역대급 널뛰기…오갈 데 없는 돈...,증시 변동성 확대에 안정형 투자 상품 관심↑ 저축은행 최고 7% 금리 파킹통장 출시…시중은행도 동참 단기 금융상품 투자하는 머니마켓펀드도 눈길 아주경제=김윤섭 기자 angks678@ajunews.com [사진=제미나이] 미국·이란...,https://www.ajunews.com/view/20260407133036770,9,,1
"‘디지털화폐 새 이정표’ 은행권, 예금 토큰-스테이블코인 ‘잰걸음’","하나금융지주는 BNK금융지주, iM금융지주, SC제일은행, OK저축은행과 스테이블코인 발행을 위한 컨소시엄을 꾸렸다. 특히 함영주 하나금융지주 회장은 스테이블코인을 그룹의 신성장동력으로 점찍을 정도로 관심이 상당한...",https://www.ekn.kr/web/view.php?key=20260407029444973,8,,1
[더밸류 브리핑] 오늘의 저축은행 소식...웰컴저축은행·애큐온저축은행,"웰컴저축은행과 애큐온저축은행이 각각 AI 기반 금융 서비스 이용 확대 이벤트와 금융사기 예방 캠페인을 진행해 디지털 금융 활용도와 금융소비자 보호 활동을 동시에 강화했다. ◆ 웰컴저축은행, ‘AI뱅킹’ 캠페인...",http://www.thevaluenews.co.kr/news/view.php?idx=197952,8,,1
"OK저축은행, 투자수익 힘입어 순이익 4배 ‘껑충’…SBI 제치고 첫 1위",OK저축은행이 2014년 창사 이후 지난해 처음으로 SBI저축은행을 제치고 업계 연간 순이익 1위에 올랐다. 정부의 가계대출 규제 강화로 대출영업이 어려워지면서 이자수익은 줄어들었으나 유가증권 투자 관련...,https://www.mediapen.com/news/view/1091823,9,,1
"예가람저축은행, 2026년 윤리·준법경영 서약식 개최","|중앙이코노미뉴스 김수현 기자|7일 남대문 예가람저축은행 본점에서 열린 윤리 준법 경영 서약식에 문윤석 예가람저축은행 대표(왼쪽 다섯번째)와 준법감시인, 실장, 본부장 등 이 기념촬영을 하고 있다. [사진...",https://www.joongangenews.com/news/articleView.html?idxno=509610,7,,1
"산하에코종합건설, LH 매입약정 사업 금융지원 강화 나서",다올저축은행과 MOU 체결 직·간접 금융지원 체계 구축 PF 주관부터 책임준공까지 상호협력 [아시아타임즈=이현주 기자] 산하에코종합건설이 다올저축은행과 협력해 한국토지주택공사(LH) 민간 신축매입약정 사업의...,https://www.asiatime.co.kr/article/20260407500345,12,,1
"예가람저축은행, 2윤리·준법경영 서약식 개최","태광그룹 금융계열사 예가람저축은행은 윤리의식 제고와 내부통제 강화를 위한 ‘윤리·준법경영 서약식’을 개최했다고 7일 밝혔다. ▲ 문윤석 예가람저축은행 대표(왼쪽 다섯 번째)와 준법감시인, 실장, 본부장 등 이...",https://www.megaeconomy.co.kr/news/newsview.php?ncode=1065594261635934,8,,1
"예가람저축은행, 윤리·준법경영 강화…내부통제 체계 재정비",태광그룹 금융계열사 예가람저축은행이 윤리·준법경영 강화를 통해 내부통제 체계 고도화에 나섰다. 예가람저축은행은 7일 서울 남대문 본점에서 대표이사를 비롯한 준법감시인과 주요 임원진이 참석한 가운데 '윤리...,http://www.newslock.co.kr/news/articleView.html?idxno=128228,8,,1
[C-워드] 현대건설·GS건설·무영CM·산하에코종합건설,"산하에코종합건설이 지난 1일 다올저축은행과의 'LH 민간 신축매입약정 사업 발굴 및 금융지원, 시공 협력' 업무협약(MOU)을 체결했다. LH 민간 신축매입약정 사업은 민간이 주택 건설을 추진하면 LH가 준공 전 매입을...",http://www.newsprime.co.kr/news/article.html?no=729513,8,,1
"웰컴저축은행, ‘AI뱅킹’ 캠페인 이벤트…“이세돌의 황금 바둑알 잡아...",‘AI뱅킹’ 런칭 캠페인 온에어 기념 고객 참여 이벤트 마련 AI금융비서 이용해 미션 수행 시 추첨 통해 금 1돈 ‘황금 바둑알’ 경품 제공 웰컴저축은행 제공 웰컴저축은행이 ‘AI뱅킹’ 런칭 캠페인을 기념해 고객...,https://www.munhwa.com/article/11580503?ref=naver,8,,1
"웰컴저축은행, AI뱅킹 론칭 기념 고객 참여 이벤트",사진/웰컴저축은행 웰컴저축은행은 오는 30일까지 'AI뱅킹' 론칭 캠페인을 기념해 고객 참여형 이벤트 '이세돌의 황금 바둑알을 잡아라'를 진행한다고 7일 밝혔다. 이용자는 AI금융비서 '웰사'에게 '이세돌'을 말한 뒤...,http://www.smedaily.co.kr/news/articleView.html?idxno=355214,8,,1
"산하에코종합건설, 다올저축은행과 LH 매입약정 사업 협력",산하에코종합건설 이정관 대표이사(오른쪽)와 다올저축은행 김정수 대표이사가 지난 1일 'LH매입약정 사업 추진을 위한 상호협력' 양해각서(MOU) 체결 후 기념 사진을 촬영하고 있다. 산하에코종합건설은 다올저축은행과...,http://www.smedaily.co.kr/news/articleView.html?idxno=355212,7,,1
"산하에코종합건설, 다올저축은행과 MOU… LH 매입약정 사업 금융지원 강...",산하에코종합건설이 다올저축은행과 손잡고 한국토지주택공사(LH) 민간 신축매입약정 사업에 대한 금융지원 체계를 강화한다. 금융 조달이 사업 성패를 좌우하는 상황에서 초기 자금부터 본 PF까지 연결되는 구조를...,https://www.ebn.co.kr/news/articleView.html?idxno=1704667,12,,1
예가람저축은행 문윤석호 출범…'윤리·준법 경영'으로 고객 신뢰 정조...,태광그룹 금융계열사인 예가람저축은행이 문윤석 신임 대표이사 체제 아래 '윤리 경영'을 최우선 과제로 내걸고 조직 쇄신에 나선다. 예가람저축은행은 7일 서울 남대문 본점에서 문윤석 대표와 주요 임원진이 참석한...,https://www.thefairnews.co.kr/news/articleView.html?idxno=73703,8,,1
"[한화솔루션 유증①] ""추가 증자 없다"" 진화에도 논란 지속","지난 2년간 계열회사 지분과 한화저축은행 지분, 울산 사택부지, 신재생에너지 개발자산, 여수산단 유휴부지, 전기차 충전사업 등을 매각해 약 1조6천억원을 확보했고, 자본시장에서 신종자본증권 7천억원도 조달했다고...",https://news.einfomax.co.kr/news/articleView.html?idxno=4408141,7,,1
"문윤석 대표 ""윤리·준법은 고객 신뢰의 출발점""","문윤석(왼쪽 다섯번째) 예가람저축은행 대표와 준법감시인, 실장, 본부장 등이 7일 남대문 예가람저축은행 본점에서 열린 윤리 준법 경영 서약식에서 기념 촬영을 하고 있다. 사진=예가람저축은행  예가람저축은행은...",https://www.pointdaily.co.kr/news/articleView.html?idxno=300073,7,,1
원화 스테이블코인 양강 신한·하나 vs KB… 우리금융 향방이 변수,"하나금융은 지난해 말 두나무, 올해 초 BNK금융지주·iM금융지주·SC제일은행·OK저축은행 등과 업무협약(MOU)을 맺으며 기반을 닦아왔다. 두 회장은 스테이블코인을 이용한 결제 인프라 확보를 위해 삼성과도 논의 중인...",https://biz.chosun.com/stock/finance/2026/04/07/NOF3HO6WDVAJ5OD5PTCPF3NNFM/?utm_source=naver&utm_medium=original&utm_campaign=biz,9,,1
사라지는 은행 점포…우리銀 37곳 통폐합에 '은행대리업' 대안론 부상,"비대면 채널 확산과 점포 축소가 맞물리며 디지털 취약계층의 금융접근성이 흔들리는 가운데, 우체국과 저축은행 등이 은행 업무를 대신 수행하는 '은행대리업'이 그나마 현실적인 대안으로 기대받는 모습이다. 다만 보안...",https://www.financialpost.co.kr/news/articleView.html?idxno=254548,9,,1
"‘AI뱅킹으로 대전환‘ 웰컴저축은행, 음성→이체 고객에 ‘이세돌 황금...",웰컴저축은행이 ‘인공지능(AI)뱅킹’ 런칭 캠페인을 기념해 고객 참여형 이벤트를 한다. 웰컴저축은행은 ‘이세돌의 황금 바둑알을 잡아라’를 오는 30일까지 진행한다고 7일 밝혔다. 앞서 웰컴저축은행은 지난 1일...,https://www.g-enews.com/view.php?ud=202604071049175574a6e8311f64_1,7,,1
"웰컴저축은행, '이세돌의 황금 바둑알' 이벤트…“AI로 송금하고 순금 ...",웰컴저축은행(대표 박종성·손대희)은 'AI뱅킹' 런칭 캠페인을 기념해 고객 참여형 이벤트 '이세돌의 황금 바둑알을 잡아라'를 오는 30일까지 진행한다고 7일 밝혔다. 앞서 웰컴저축은행은 지난 1일 디지털뱅킹을 넘어...,https://www.etnews.com/20260407000194,7,,1
"[포커스] ""급전 막힌 서민 숨통 트인다""… 李 정부, 소액대출 4200억 공급","가계대출 잔액을 기준으로 한 출연요율이 은행권은 기존 0.06%에서 0.1%로, 보험·저축은행 등 비은행권은 0.03%에서 0.045%로 각각 인상됐다. 이에 따라 금융권 전체 출연 규모는 기존 4348억 원에서 6321억 원으로 증가한다. 약...",https://www.startuptoday.co.kr/news/articleView.html?idxno=608934,9,,1
"[더벨]교보생명, SBI저축 인수 완료…지주사 전환 속도",교보생명이 SBI저축은행 ‘50%+1주’ 지분 인수를 마무리했다. 금융당국의 대주주 적격성 심사를 통과한 지 18일 만에 거래를 종결했다. 당초 올해 10월 완료를 목표로 했던 일정이 앞당겨지면서 교보생명이 추진 중인...,https://www.thebell.co.kr/free/content/ArticleView.asp?key=202604061710164960107432,8,,1
"광진실업·코이즈·예선테크·골드앤에스, '관리종목 임박'","한편, 대호에이엘, 이엔플러스, 하이로닉, 드래곤플라이, 티에스넥스젠, 참엔지니어링, 대진첨단소재, 푸른저축은행, 이화공영, 유틸렉스, 인크레더블버즈, 삼천리자전거 등 12개사는 횡령·배임, 감사의견 변경...",http://www.inews24.com/view/1957685,7,,1
[오늘의 건설 브리핑] 전시부터 초고층 기술·스마트도로까지···건설...,"■ 중견 건설사·공공기관, 금융 협력으로 공급 안정성 강화 산하에코종합건설은 다올저축은행과 협력해 LH 민간 신축매입약정 사업의 금융 지원 구조를 강화한다. 초기 자금 조달 부담을 줄이고 책임준공 기반의 안정적...",https://www.smartbizn.com/news/articleView.html?idxno=141364,8,,1
"[카드] 웰컴저축은행, AI 이체 이벤트 진행",웰컴저축은행이 오는 30일까지 고객 참여형 이벤트 '이세돌의 황금 바둑알을 잡아라'를 진행한다고 7일 밝혔다.,http://www.newsprime.co.kr/news/article.html?no=729454,7,,1
"산하에코종합건설-다올저축은행 ""LH 매입약정 사업 금융지원 확대""","산하에코종합건설이 다올저축은행과 '한국토지주택공사(LH) 민간 신축매입약정 사업 발굴 및 금융지원, 시공 협력'을 위한 업무협약(MOU)을 체결했다고 7일 밝혔다. LH 민간 신축매입약정 사업은 민간이 주택 건설을...",http://www.fnnews.com/news/202604071028394410,8,,1
"웰컴저축은행, 'AI뱅킹' 런칭 기념 '이세돌의 황금 바둑알' 이벤트",|중앙이코노미뉴스 김수현 기자|웰컴저축은행(대표 박종성·손대희)이 'AI뱅킹' 런칭 캠페인을 기념해 고객 참여형 이벤트 '이세돌의 황금 바둑알을 잡아라'를 오는 30일까지 진행한다고 7일 밝혔다.  [이미지...,https://www.joongangenews.com/news/articleView.html?idxno=509458,7,,1
"“AI로 송금하고 순금 잡으세요”…웰컴저축은행, ‘이세돌 황금 바둑알...",웰컴저축은행(대표 박종성·손대희)이 ‘AI뱅킹’ 전환을 기념해 고객 참여형 이벤트 ‘이세돌의 황금 바둑알을 잡아라’를 오는 30일까지 진행한다고 7일 밝혔다. 이번 행사는 지난 1일 ‘세상 쉬운 AI의 시작’을...,https://www.ddaily.co.kr/page/view/2026040710072026116,7,,1
"웰컴저축은행, '이세돌의 황금 바둑알' 이벤트…AI 송금 체험 확대",웰컴저축은행이 'AI뱅킹' 출시를 기념해 고객 참여형 이벤트를 진행한다. 웰컴저축은행은 'AI뱅킹' 런칭 캠페인 온에어를 맞아 '이세돌의 황금 바둑알을 잡아라' 이벤트를 오는 30일까지 실시한다고 7일 밝혔다. 앞서...,https://www.ziksir.com/news/articleView.html?idxno=129931,7,,1
"웰컴저축은행, '이세돌의 황금 바둑알' 이벤트 진행...""AI로 송금하고 순...",그래픽=웰컴저축은행. 웰컴저축은행이 AI 뱅킹 런칭 캠페인을 기념해 고객이 직접 인공지능 금융 서비스를 경험하고 경품도 받을 수 있는 참여형 이벤트를 연다. 웰컴저축은행은 이세돌과 함께하는 AI 뱅킹 광고 캠페인...,https://www.businessplus.kr/news/articleView.html?idxno=110167,8,,1
"산하에코종합건설, 다올저축은행과 맞손...LH 신축매입약정 금융지원 강...",|중앙이코노미뉴스 송태원 기자|산하에코종합건설 이정관 대표이사(오른쪽)와 다올저축은행 김정수 대표이사가 지난 1일 'LH매입약정 사업 추진을 위한 상호협력' 양해각서(MOU) 체결 후 기념 사진을 촬영하고 있다.[사진...,https://www.joongangenews.com/news/articleView.html?idxno=509355,8,,1
"""1천83점 괴력"" 실바·모마 재계약 주목…자스티스는 현대건설 잔류 임...",페퍼저축은행에서 뛰고 있는 일본 국적 미들 블로커 시마무라 하루요는 한국 무대에서 계속 활약하고 싶다는 뜻을 내비쳤다. 다만 페퍼저축은행 구단과는 아직 재계약과 관련한 구체적인 협의를 진행하지 않은 것으로...,https://www.topstarnews.net/news/articleView.html?idxno=16027456,7,,1
주요일정(4월7일),에큐온저축은행지회 2026년 임단협 상견례 오전 10시30분 사무금융노조 전국협동조합본부 부울경본부 2026년 정기대의원대회 오후 2시 한국노총 한국노총 사무총국 전 간부 회의 오전 10시 한국노총 6층 대회의실 류기섭...,https://www.labortoday.co.kr/news/articleView.html?idxno=233643,8,,1
"[코스피·코스닥,대우건설 SK가스 한화에어로스페이스 대양금속 데이타...","▲한화에어로스페이스(012450) :  ""방산 경쟁력 강화 및 기업가치 제고를 위해 풍산의 탄약사업부문을 포함한 다양한 사업 기회를 지속적으로 검토하고 있다""고 공시 ▲대양금속(009190)=상상인저축은행...",https://www.public25.com/news/articleView.html?idxno=43502,11,,1
"서금원장 ""금융은 기본권, 사후지원 아닌 선제적 관리 전환""","차주의 은행 접근성 등을 높이기 위한 금융사다리, 이른바 '크레디트 빌드업(Credit Build-up)' 체계를 개선하겠다고 했다. 김은경 원장은 이날 오전 열린 취임 100일 기념 기자간담회에서 ""개인의 연체와 채무 문제를 단순한...",https://it.chosun.com/news/articleView.html?idxno=2023092159947,6,,1
"'취임 100일' 김은경 서금원장 ""서민금융은 금융기본권 구현 플랫폼 돼...",번의 연체나 실패로 인해 경제 활동 전반이 위축되는 사례를 보며 정책 서민금융의 근본적인 패러다임... 김 원장은 중저신용자 은행 접근성 제고를 위해 '크레딧 빌드업'을 진행할 계획이다.  2금융권 중금리 대출인...,https://daily.hankooki.com/news/articleView.html?idxno=1355872,8,,1
"금융위, 금융소비자보호 민관 합동 자문기구 출범 추진",|중앙이코노미뉴스 김수현 기자|금융위원회가 금융소비자보호 정책을 평가하는 민관 합동 위원회 구성을 마치고 이르면 다음 달 첫 회의를 한다. [사진=금융위원회]  금융위원회가 금융소비자보호 정책을 평가하는 민관...,https://www.joongangenews.com/news/articleView.html?idxno=509770,13,,1
"[단독] 금융위 출신 영입 추진 ""난항""...GA협회, 신설 부회장직 제안에 ...","GA협회 운영주체 지경협, 대관업무 전담 부회장 후보 영입 추진 금감원 출신 배제 원칙 속 금융위 출신 인사들 접촉 등 '영입 추진' 일각, 송재근 김제동 이석우 등 금융위 출신에 러브콜 '물밑작업' 일각, 1200% 수수료 및...",https://www.youthdaily.co.kr/news/article.html?no=216968,14,,1
"KB손해보험, 첫 '의료인' 이사회 의장 선임…노림수는?",조 교수는 금융위·금감원의 소비자보호 자문위원으로 활동한 현장 전문가이다. 상품 개발부터 보상까지 소비자 권익을 최우선으로 고려하는 내부통제 시스템 구축에 KB손보의 '소비자 중심 경영' 기조에 맞는...,http://www.sisaon.co.kr/news/articleView.html?idxno=182096,13,,1
힘받는 금융 지배구조 개선안… 황병우 iM금융 회장 연임 걸림돌?,금융위원회가 이를 평가·공개할 수 있도록 하면서 시장 규율을 강화했다. 동시에 의결권 자문기관에 등록... 금융위·금감원 공동으로 꾸린 지배구조 태스크포스(TF)는 모범 관행을 입법으로 상향하는 방안을 중심으로...,https://it.chosun.com/news/articleView.html?idxno=2023092159958,19,,1
"""금융위 대출 규제 '콜럼버스의 달걀' 같은 느낌...시장이 '버티기' 선택...","금융위원회는 지난 1일 '2026년도 가계부채 관리방안'을 발표하고, 온라인투자연계금융업(온투업)을 대상으로... 이번 금융위의 대출 규제 방안에 대해 어떤 평가를 내리고 있는지 들어보고자, 지난 3일 최은영...",http://www.jbsori.com/news/articleView.html?idxno=17151,17,,1
"""금융기본권 구현위한 첫 발, 서금원·신복위 통합 필수적""","금융위원회가 추진하는 민간대출인 '크레딧빌드업'에서 새로운 상품을 만들겠다는 것이다. 크레딧빌드업은... 김 원장은 ""아직 금융위원회와 논의할 단계는 아니지만 실무는 우리가 잘한다""며 ""아이디어가 생기는...",https://www.mt.co.kr/finance/2026/04/08/2026040719513534124,14,,1
"MG새마을금고, 대출 4배 초과… 당국, 이례적 ‘공개 경고’",7일 금융권에 따르면 금융위원회는 최근 2026년 가계부채 관리 방안을 발표하며 MG새마을금고 사례를 구체적으로 언급하며 “올해 가계대출 총량 증가율 ‘0%’라는 엄격한 페널티를 주기로 했다”고 공언했다. 금융위가...,https://www.kmib.co.kr/article/view.asp?arcid=1775548964&code=11151300&cp=nv,21,,1
"금융위 ""중동 상황 피해기업 지원···정책금융 확대""","중동 상황 피해기업 지원 금융위 정책금융 확대 금융당국도 피해 기업에 대한 지원 방안을 고심하고... 금융위원회가 이들 업계와 간담회를 열었죠? 김찬규 기자 / 정부서울청사> 네, 그렇습니다. 네, 금융위원회는...",https://www.ktv.go.kr/content/view?content_id=751911,13,,1
"금융위 '중동사태'에 석화정유업계 지원 확대, 정책금융 26조8천억 투입","금융위원회는 7일 이억원 금융위원장이 석유화학, 정유업계, 정책·민간금융기관과 '중동상황 피해업종 산업-금융권 간담회'를 진행했다고 밝혔다. 이억원 금융위원장(앞줄 가운데)이 7일 '중동상황 피해업종 산업-금융권...",https://www.businesspost.co.kr/BP?command=article_view&num=435156,13,,1
"'중동 직격탄' 석화·정유업계… 금융당국, 26조8천억 지원","금융위원회가 중동 사태 장기화에 따른 기업 부담을 줄이기 위해 정책 금융 신규 자금지원 프로그램... 이억원 금융위원장은 7일 석유화학·정유산업 업계와의 '중동상황 피해업종 산업-금융권 간담회'에서 ""중동...",https://news.tvchosun.com/site/data/html_dir/2026/04/07/2026040790265.html,13,,1
"'벼랑끝' 석화·정유업계… 금융위, 26조8천억 지원","금융위원회가 중동 사태 장기화에 따른 피해기업들의 부담을 줄이기 위해 신규 정책금융 자금지원... 이억원 금융위원장은 7일 석유화학·정유업계와의 '중동상황 피해업종 산업-금융권 간담회'에서 ""중동...",http://www.fnnews.com/news/202604071812274751,13,,1
"'취임 100일' 김은경 ""서금원·신복위 통합 필요성 절감""","한편 김 원장은 금융위원회의 '크레딧 빌드업' 체계에 서금원의 정책 아이디어를 더해 중·저신용자의 은행... 아직 금융위와의 논의를 거치지 않았지만, 이 같은 과정을 현실화해 중·저신용자가 제도권으로 유입될 수...",https://www.mediapen.com/news/view/1091893,16,,1
"금융위, 중동 리스크 대응…정책금융 확대·조달 부담 완화",이억원 금융위원장은 석유화학·정유업계 간담회에서 정책금융 신규 자금지원 규모를 최대 26조8000억원... ▲ 지난 1일 서울 종로구 정부서울청사에서 열린 가계부채 점검회의에서 이억원 금융위원장이 발언하고...,https://sateconomy.co.kr/news/view/1065596515159551,10,,1
"금융위, 석화·정유업계 정책금융 지원 26.8조원으로 확대","정부가 중동 사태에 따른 피해기업 지원 규모를 27조원으로 확대합니다.금융위원회는 정부서울청사에서... [이억원 / 금융위원장 : ""중동상황의 어려움을 극복하기 위해 무엇보다 중요한 것은 산업계와 금융권의...",https://news.mtn.co.kr/news-detail/2026040716262242993,13,,1
"[단독] 민주당, 금융위에 ESG공시 로드맵 강화 요구...""법정공시·대상확...","사진=픽사베이 더불어민주당이 금융위원회에 지속가능성(ESG) 공시를 법정공시로 도입하고, 의무화 대상 기업 범위를 확대해야 한다는 입장을 공식적으로 전달했다. 민주당과 금융위원회는 7일 오전 당정협의를 열고...",https://www.esgeconomy.com/news/articleView.html?idxno=15115,13,,1
금융위원장 “석화·정유업계 중동상황 직격탄…신규자금 지원확대”,"인더뉴스 문승현 기자ㅣ이억원 금융위원장은 7일 ""금융위원회는 중동상황으로 산업과 경제가 흔들리지 않도록 정책금융기관·시중은행 등 금융권과 함께 신속한 위기대응 프로그램을 가동하고 있다""며 ""중동...",https://www.inthenews.co.kr/news/article.html?no=85309,16,,1
"이억원 금융위원장, 석화·정유업계 만나 중동발 애로 점검…P-CBO 부담...",금융위원회가 중동 사태로 원자재 수급과 유동성 부담이 커진 석유화학·정유업계와 첫 산업계 릴레이 간담회를 열고 금융지원 방안을 점검했다. 금융위는 7일 정부서울청사에서 이억원 금융위원장 주재로 ‘중동상황...,https://www.dailian.co.kr/news/view/1630703/?sc=Naver,16,,1
중동사태 장기화에 석화·정유업계 비상…금융지원 26.8조로 확대,금융위원회는 7일 ‘중동상황 피해업종 산업-금융권 간담회’를 열고 추가경정예산을 통해 신규 자금 프로그램 규모를 기존 24조3000억원에서 26조8000억원으로 2조5000억원 확대 추진한다고 밝혔다. 이억원 금융위원장이...,https://www.mediapen.com/news/view/1091835,13,,1
전북혁신도시 '4대 금융지주' 집결…제3금융지 탄력,전북자치도는 지난 1월 29일 금융위원회에 지정 신청서를 공식 제출했다. 개발 예정 구역은 전북혁신도시와... 금융위는 상반기 중 현장실사를 거쳐 이르면 하반기 초 지정 여부를 최종 결정할 예정이다. 국민연금 김성주...,http://www.jeonmin.co.kr/news/articleView.html?idxno=437386,13,,1
중동 불길에 공장 멈출라…석화·정유업계에 26.8조 긴급 수혈,이억원 금융위원장은 7일 서울에서 열린 '중동 상황 피해업종 간담회'에서 이 같은 대책을 발표했다. 이... 이에 따라 금융위는 정책금융기관의 신규 자금 지원 프로그램을 기존 24조 3000억원에서 추경을 통해 26조...,https://magazine.hankyung.com/business/article/202604074991b,7,,1
"이억원 ""중동 피해기업 지원…신규 정책금융 26.8조로 확대""",이억원 금융위원장은 오늘(7일) 중동 상황으로 인한 기업 부담을 줄이기 위해 정책 금융 신규 자금지원... 금융위는 이번 간담회를 시작으로 주요 산업별 릴레이 간담회를 통해 금융 지원을 이어갈 방침입니다. [ / ],http://mbnmoney.mbn.co.kr/news/view?news_no=MM1005808621,7,,1
"금융위원장 ""중동 피해기업 지원…신규 정책금융 26.8조로 확대""","이억원 금융위원장이 7일 서울 종로구 정부서울청사에서 열린 중동상황 피해업종 관련 산업-금융권 간담회에서 발언하고 있다. /사진=연합뉴스 금융위, 정책·민간금융기관은 중동상황 피해기업의 유동성 애로 완화와...",http://www.efnews.co.kr/news/articleView.html?idxno=128877,10,,1
삼성·메리츠증권 발행어음 인가 초읽기…IB·리테일 시너지 주목,7일 금융투자업계에 따르면 금융위원회는 오는 8일 증권선물위원회(증선위)를 열고 삼성·메리츠증권 발행어음 인가 안건을 심의할 예정이다. 증선위 심의는 금융위 최종 의결 전 단계로 두 회사의 발행어음 시장 진입...,https://www.ngetnews.com/news/articleView.html?idxno=549763,13,,1
"금융위, 중동 위기 대응 정책금융 26조 8000억원으로 확대 지원","퍼블릭타임스=금융위원회가 석유화학 및 정유업계와 정책·민간금융기관이 참여하는 중동 상황 피해업종... 간담회에서 금융위는 중동 상황으로 우리 산업과 경제가 흔들리지 않도록 정책금융기관, 시중은행 등...",https://www.public25.com/news/articleView.html?idxno=43573,16,,1
[이란 전쟁] 석화·정유기업 피해 확산… 26조8000억 유동성 확대지원,이억원 금융위원장은 7일 ‘중동상황 피해업종 산업-금융권 간담회’에서 “중동 수출입기업이나 협력·납품업체 등 피해기업의 유동성 애로 완화를 지원하겠다”며 이같이 밝혔다. 금융당국은 한국산업은행...,https://www.g-enews.com/view.php?ud=202604071556226278a6e8311f64_1,13,,1
"김은경 원장 ""3개월 내 '금융사다리 대출' 출시""","금융위의 '크레딧 빌드업' 체계에 서금원의 정책 아이디어를 더해 중저신용자의 은행 접근성을 높이겠다는 생각이다. 김 원장은 ""현재는 취약계층이 성실하게 대출금 상환을 한다고 해도 1금융권 상품을 곧바로...",https://www.digitaltoday.co.kr/news/articleView.html?idxno=654409,11,,1
이억원 금융위원장 “중동전쟁 피해기업에 26조8000억원 금융지원”,이억원 금융위원장이 중동전쟁으로 인한 기업 부담을 줄이기 위해 정책 금융 신규 자금지원 프로그램을... 한편 금융위는 이번 간담회를 시작으로 주요 산업별 릴레이 간담회를 통해 금융 지원을 이어갈 방침이다.,https://www.viva100.com/article/20260407501011,7,,1
"금융위, 중동 피해 석화·정유 기업에 26조8000억 지원",com 이억원 금융위원장이 7일 서울 종로구 정부서울청사에서 개최한 '중동상황 피해업종 산업-금융권 간담회'에서 석유화학 및 정유업계의 현장애로를 청취하고 있다. [사진=금융위] 금융위원회가 중동상황과 관련해...,https://www.ajunews.com/view/20260407153155939,13,,1
"석화·정유업계와 간담회 나선 금융위, 정책금융 지원 26.8兆 확대","금융위원회가 길어지는 중동 전쟁으로 인한 피해 기업 부담을 줄이기 위해 신규 정책금융 자금지원... 이억원 금융위원장은 7일 석유화학·정유업계와의 '중동상황 피해업종 산업-금융권 간담회'에서 ""중동...",http://www.fnnews.com/news/202604071428317301,13,,1
"김은경 ""서금원·신복위 통합 필요…중금리 사다리대출 신설할 것""","다만 이는 아직 금융위원회와 공식 논의 전인 아이디어 단계라고 밝혔다. 서민금융진흥원과 신용복지위원회... 현재 서금원은 금융위 산하 공공기관이며 신복위는 무자본 특수법인 형태로 운영되고 있다. 다만 ""아직은...",https://www.newsis.com/view/NISX20260407_0003581352,15,,1
"“중동 리스크 직격탄”…금융위, 석유화학·정유업계 유동성 총력 지원",7일 이억원 금융위원장은 산업-금융권 간담회에서 “중동 상황이 한 달 이상 지속되며 원자재 수급 차질... 이에 금융위는 정책금융과 민간금융을 연계한 위기 대응 프로그램을 가동하고 있다. 우선 정책금융기관은...,https://www.nspna.com/news/?mode=view&newsid=808980,10,,1
"이억원 금융위원장 ""중동 피해기업 지원…신규 정책금융 26.8조로 확대""",이억원 금융위원장은 7일 중동 상황으로 인한 기업 부담을 줄이기 위해 정책 금융 신규 자금지원... 금융위는 이번 간담회를 시작으로 주요 산업별 릴레이 간담회를 통해 금융 지원을 이어갈 방침이다.,https://www.ngonews.kr/news/articleView.html?idxno=227846,7,,1
"금융위, 석화·정유업계 비상에 ""정책금융 26.8조원으로 확대""","금융위원회는 7일 정부서울청사에서 석유화학, 정유업계 및 정책·민간금융기관과 '중동상황 피해업종 산업... 이날 간담회에는 금융위, 산업은행, 기업은행 등 정책금융기관을 비롯해 롯데케미칼, SK이노베이션 등...",https://news.tf.co.kr/read/economy/2310512.htm,16,,1
"김은경 ""서금원·신복위, 금융기본권 위해 통합 필요성 절감""","김 원장은 금융위원회의 '크레딧 빌드업' 체계에 서금원의 정책 아이디어를 더해 중저신용자의 은행... 단 금융위와 아직 논의하는 단계는 아니라고 덧붙였다. 김 원장은 ""서민금융 정책은 금융을 회수 리스크 중심으로...",https://www.yna.co.kr/view/AKR20260407098500002?input=1195m,16,,1
"이억원 금융위원장 ""중동 사태 피해 기업에 26조8천억 금융지원 확대""",이억원 금융위원장이 중동 정세 악화로 인한 기업 부담을 줄이기 위해 정책 금융 신규 자금지원 프로그램을... 금융위는 이번 간담회를 시작으로 주요 산업별 릴레이 간담회를 통해 금융 지원을 이어갈 방침이다. 이번...,https://www.fntoday.co.kr/news/articleView.html?idxno=381723,7,,1
"김은경 서금원장 ""신복위와 통합, '이해상충'은 옛말…민간기구가 바람...","김 원장은 ""금융위가 발표한 '크레딧 빌드업'은 굉장히 멋있는 하나의 제인일 뿐 각 단계 사이에 격차가 크다""며 ""성실하게 상환만 한다고 단계가 올라가는 게 쉽지 않다""고 출시 배경을 밝혔습니다. 서금원은 우선, 불사금...",https://biz.sbs.co.kr/article_hub/20000302585?division=NAVER,7,,1
"김은경 원장 ""서금원·신복위 통합 필요… 직원 2000명 돼야""","금융위원회가 추진하는 민간대출인 '크레딧 빌드업' 안에서 새로운 상품을 만들겠단 것이다. 크레딧... 김 원장은 ""아직 금융위원회와 논의 단계는 아니지만 실무는 우리가 잘한다""며 ""아이디어가 생기는 단계부터 금융위에...",https://www.mt.co.kr/finance/2026/04/08/2026040713042655981,14,,1
"금융위, 중동 리스크 대응 위한 산업·금융 간담회","이억원 금융위원장이 7일 오후 서울 종로구 세종대로 정부서울청사에서 중동상황 피해업종 관련 산업·금융권 간담회에서 모두 발언을 하고 있다. 이날 회의에는 석유화학업계, 정유업계, 정책금융기관, 시중은행...",https://www.news1.kr/photos/7842056,10,,1
"금융위, 중동 상황 대응 피해업종 지원 논의","이억원 금융위원장이 7일 오후 서울 종로구 세종대로 정부서울청사에서 중동상황 피해업종 관련 산업·금융권 간담회에서 모두 발언을 하고 있다. 이날 회의에는 석유화학업계, 정유업계, 정책금융기관, 시중은행...",https://www.news1.kr/photos/7842047,10,,1
"금융위, 중동발 피해 기업 유동성 26.8조 지원…석유화학·정유산업 애로...",이억원 금융위원장이 오늘(7일) 중동 전쟁으로 인한 기업 부담을 줄이기 위해 정책 금융 신규 자금지원... 금융지원을 요청했습니다. 금융위는 앞으로도 주요 산업별 릴레이 간담회를 통해 금융 지원을 이어갈 방침입니다.,https://news.jtbc.co.kr/article/NB12293089?influxDiv=NAVER,10,,1
"금융위, '중동상황 피해업종 관련 산업-금융권 간담회'",7일 오후 서울 종로구 정부서울청사에서 금융위원장의 중동상황 피해업종 관련 산업-금융권 간담회가 열리고 있다. 2026.04.07. scchoo@newsis.com,https://www.newsis.com/view/NISI20260407_0021238473,7,,1
"[포토]금융위, 중동상황 피해업종 관련 산업·금융권 간담회",이억원 금융위원장이 7일 서울 종로구 세종대로 정부서울청사에서 중동상황 피해업종 관련 산업·금융권... 이억원 금융위원장이 7일 서울 종로구 세종대로 정부서울청사에서 중동상황 피해업종 관련 산업·금융권...,http://www.edaily.co.kr/news/newspath.asp?newsid=04004886645413824,7,,1
"금융위, 중동 리스크 대응 26조8000억원 확대 지원","이억원 금융위원장. [사진: 연합뉴스]  금융위원회는 7일 중동 정세 불안에 따른 기업 부담을 완화하기 위해 정책금융 신규 자금지원 규모를 26조8000억원까지 확대하고, 신용보증기금 채권담보부증권(P-CBO) 차환 부담을...",https://www.digitaltoday.co.kr/news/articleView.html?idxno=654362,15,,1
"금융당국 ""중동 상황 피해기업 금융 지원 실시""",금융위원회는 오늘(7일) 석유화학·정유업계와 중동 상황 피해업종 산업-금융권 간담회를 열었습니다. 금융위는 피해 기업들의 유동성을 완화하기 위해 이번 추경안으로 신규자금지원 프로그램 규모를 2조5천억 원 늘려...,https://www.ytn.co.kr/_ln/0102_202604071403392079,16,,1
중동 사태로 석화·정유업계 직격탄… 27조 정책금융 긴급 수혈,"이투데이=박선현 기자 | 금융위, 석화·정유업계부터 릴레이 간담회 본격화 업계 ""원료 수급 차질·원가 급등... 이억원 금융위원장은 7일 정부서울청사에서 ‘중동상황 피해업종 산업-금융권 간담회’를 열고 이 같은...",https://www.etoday.co.kr/news/view/2573411,7,,1
중동상황 피해기업에 금융지원 본격화…기업구조혁신펀드 6호 이달 조성,"이억원 금융위원장은 7일 석유화학, 정유업계 및 정책·민간금융기관과 '중동상황 피해업종 산업-금융권... 이억원 금융위원장은 모두발언에서 ""석유화학 및 정유산업은 원자재인 원유의 수급, 원가 구조 등이...",https://www.newsway.co.kr/news/view?ud=2026040713484703008,7,,1
"금융위원회, 중동사태 피해 확산에 ""금융지원 26.8조원으로 확대""","이억원 금융위원장이 7일 석유화학·정유업계 및 정책·민간금융기관과 '중동상황 피해업종 산업-금융권... 이억원 금융위원장 [사진=뉴스핌DB] ◆""기반산업 흔들리면 전 산업 생태계 타격"" 이 위원장은 모두발언에서...",https://www.newspim.com/news/view/20260407000447,13,,1
"미·이란 전쟁 장기화에 '기초소재' 휘청…금융위, 80조 규모 긴급 수혈",7일 금융위원회에 따르면 이억원 금융위원장은 이날 정부서울청사에서 석유화학·정유업계 및 정책·민간 금융기관과 '중동상황 피해업종 산업-금융권 간담회'를 개최했다. 현재 중동 상황은 빠르게 악화되고 있다....,https://www.newsworks.co.kr/news/articleView.html?idxno=836916,13,,1
비거주 1주택 HUG 보증 제한…서울 등에서 7500가구 매물 예고,"금융위원회는 7일 오전 은행권 여신 담당자들과 실무회의를 열고 총부채원리금상환비율(DSR) 적용 범위를... 금융위 관계자는 ""4·1 다주택자 규제 이후 시장 동향과 향후 규제 방향 등을 논의하면서 실무작업반 가동을...",https://www.sidae.com/article/2026040710333469403,20,,1
수도권·규제지 비거주 1주택 전세대출 공적보증 원천 차단,금융위 은행권 여신 담당 점검회의 금융당국이 수도권·규제지역 내 비거주 1주택자에 대한 전세대출 공적... 7일 금융당국 등에 따르면 금융위원회는 이날 오전 은행권 여신 담당자를 불러 최근 주담대 등 가계대출 취급...,https://biz.heraldcorp.com/article/10711644?ref=naver,17,,1
농식품 혁신기업 29곳 선발…반려동물 산업까지 확대,"‘혁신 프리미어 1000’은 금융위원회 주관으로 각 부처가 산업별 핵심기업을 매년 선정하고... 자금을 적기에 공급받아 기술 기반의 경쟁력을 갖출 수 있도록 금융위와 정책금융기관 등과 긴밀히 협력하겠다""고 밝혔다.",https://news.tf.co.kr/read/economy/2310325.htm,13,,1
수도권·규제지역 비거주 1주택자 전세대출 공적보증 원천 차단,"금융위 은행권 여신 담당 점검회의 보증금지규제 당국 제시·은행 협조 ‘투기 비거주 1주택’ 기준 두고 고심 DSR 확대, RWA 상향 등 영향 분석 금융위원회가 7일 은행권 여신 담당자와 실무회의를 열고 다주택자 규제 발표...",https://biz.heraldcorp.com/article/10711487?ref=naver,21,,1
"[기획] 카드업계, 중동발 유류비 부담 경감 최후 보루됐나","카드업계 관계자는 최근 고유가 마케팅과 관련해 더리브스와 통화에서 ""카드사들이 각사별로 지원방안을 마련해 운영하게 됐다""라며 ""금융위에서 중동사태 지원방안을 논의한 이후 후속조치로 각사별로 진행하는 것...",https://www.tleaves.co.kr/news/articleView.html?idxno=9089,10,,1
ESG 공시 의무화 충돌…“글로벌 기준에 맞춰” vs “기업 부담 적게”,이와 관련 금융위원회는 하루 전인 2월 25일 단계적 의무화 로드맵 초안도 제시했다. 이에 따르면 ESG 공시는... 국민연금공단은 지난달 30일 서원주 기금이사 명의 의견서를 통해 금융위 안이 “장기 투자자 관점에서...,https://www.ekn.kr/web/view.php?key=20260407020254693,13,,1
"국민연금, ESG 관련 '비공개 면담' 12배 급증…""공시 강화해야""","금융위는 지난 2월 연결 자산 30조원 이상 대형 코스피 상장사부터 ESG 공시를 제도화하는 'ESG 공시 로드맵 초안'을 공개했다. 2028년 30조원 이상 코스피 상장기업부터 공시를 시작하고, 2029년부터는 10조원 이상...",https://www.newsis.com/view/NISX20260407_0003580641,9,,1
"""주담대 갚으세요"" 올해만 2.7조… 다주택자 대출연장 '안 돼'","""다주택자 만기연장 안돼""… 총 4.1조 원 연장 '불허' 금융위가 1일 발표한 '2026년 가계부채 관리방안'의 핵심... 금융위는 집값이 안정됐다고 다시 대출을 완화해 주는 일은 없을 것이라는 입장도 분명히 했습니다. 더불어...",https://www.rcast.co.kr/news/articleView.html?idxno=30454,11,,1
"""다주택자 대출연장 불허는 '콜럼버스의 달걀' 같은 느낌""","금융위원회는 1일 재정경제부, 국토교통부, 행정안전부 등 관계부처 합동으로 '2026년도 가계부채 관리 방안... 금융위원회는 지난 1일 '2026년도 가계부채 관리방안'을 발표하고, 온라인투자연계금융업(온투업)을 대상으로...",https://www.ohmynews.com/NWS_Web/View/at_pg.aspx?CNTN_CD=A0003221595&CMPT_CD=P0010&utm_source=naver&utm_medium=newsearch&utm_campaign=naver_news,17,,1
"[더벨][상폐 기로에 선 상장사] 씨엑스아이, 감자·주식병합 통해 동전...",하지만 지난 1일 금감원은 심사 결과 감자 사유 등에 중요한 누락이 있다고 설명하며 정정 명령을 부과했다. 감자와 주식 병합을 동시에 결정했음에도 구체적인 사유를 기재하지 않은 것이 배경으로 지목된다. 회사는...,https://www.thebell.co.kr/free/content/ArticleView.asp?key=202604061524409760107923,7,,1
치매·간병보험 시장 잡아라…'터줏대감' 손보사 vs '다크호스' 생보사,"'꿈의 치료제' 레켐비 보장 경쟁 치열…금감원, 과당 경쟁 '예의 주시' 올해도 치매·간병보험 매출 확대를... 실제 금감원도 레켐비 비용을 보장하는 '표적 치매 약물 치료비' 담보의 과당 경쟁을 예의주시하고 있는...",https://www.news1.kr/finance/insurance-card/6128502,6,,1
글로벌 '큰 손'들 K-조선 베팅 본격화... 달라진 위상 확인,블랙록 펀드 어드바이저스는 삼성중공업 주식 4405만6088주(지분율 5.01%)를 보유하고 있다고 금감원에 신규 보고했다. 장내 매수를 통해 지분을 확보했으며 보유 목적은 '단순 투자'로 명시됐다. 그러나 시장은 단순...,http://www.fnnews.com/news/202604070808158770,7,,1
"""과태료 대신 채용으로"" 한국장애인고용공단, 20개 은행과 고용 확대 추...","이를 위해 고용노동부와 금감원, 각 금융협회가 참여하는 '금융권 장애인 고용확대 유관기관 협의체'를 통해 민관 공동 과제를 지속 발굴하고 맞춤형 고용 컨설팅을 제공할 계획이다. 한국장애인고용공단 관계자는 ""최근...",https://www.cstimes.com/news/articleView.html?idxno=701183,10,,1
"신원, 창사 이래 첫 매출 1조 돌파","금감원 전자공시시스템에 따르면, 지난해 매출은 전년 대비 16% 증가한 1조920억 원을 기록했다. 수출 실적이 증가한 가운데 패션 사업도 동반 성장하며 실적을 견인했다. 상장 패션 기업 기준 8번째로 1조 매출을 달성한...",http://www.apparelnews.co.kr/news/news_view/?idx=224469,7,,1
한화솔루션 소액주주 3% 결집…임시 주총 열리나,금감원은 오는 10일까지 증권신고서에 관한 의견을 내야 한다. 금감원의 정정 요구가 없으면 효력이 발생하게 된다. 앞서 금감원은 지난해 역대 최대 규모의 한화에어로스페이스 유상증자에 대해 두차례 정정을 요구했다.,https://www.khan.co.kr/article/202604072104025,6,,1
"주가 반토막 난 삼천당제약, 무슨 일?‥금감원, 조만간 바이오 공시 개...","◀ 앵커 ▶ 올해 들어 주가가 400% 이상 급등하며, 코스닥 시장 시가총액 1위에 올랐던 한 제약회사의 주가가 단 일주일 만에 반토막이 났습니다. 회사가 계약 실적을 부풀려 공시했다는 의혹이 나온 건데요. 금융당국은...",https://imnews.imbc.com/replay/2026/nwdesk/article/6813397_37004.html,11,,1
'공공형' 키우는 정부…현실적인 '기금형 퇴직연금',"금감원 통합연금포털 기준 지난해 4분기 말 퇴직연금 적립금은 496조 8021억원으로 500조원 돌파를 눈앞에 두고... 금감원은 지난달 31일 생애주기펀드(TDF)의 안정적 운용 환경 조성을 위한 제도 개선에 나서며, 퇴직연금과...",https://weekly.hankooki.com/news/articleView.html?idxno=7158827,7,,1
[한화솔루션 유상증자] 재무책임자 실언으로 몰아…사전협의 꼬리자르...,"④ 공시 전 금감원과 사전소통이 관행…주주보호 위한 중점심사 정정 여부에 촉각 한화솔루션이 대규모... 당시 정 전무는 유상증자 철회 가능성을 묻는 질문에 ""금감원에 사전 계획을 다 말씀드렸다""고 답했다....",https://dealsite.co.kr/articles/159823,6,,1
"코스피 불장에 은행 지수연동예금, IMA 대비 매력 떨어져","이찬진 금감원장은 ""금융시장 변동성 확대에 편승한 금융회사의 단기 성과주의, 소비자 이익을 등한시하는 상품 제조·판매 관행에 엄정히 대응할 것""이라고 밝히며 주가연계상품 판매 시 핵심 위험을 소비자에게...",https://www.asiatoday.co.kr/view.php?key=20260407010002113,13,,1
"‘주주 달래다 금감원 자극’…한화솔루션, 유증 논란에 소액주주 3% 결...",지난 3일 열린 간담회에서 정원영 한화솔루션 최고재무책임자(CFO)는 “유증 전 금감원에 계획을 미리... 금감원은 즉각 “증권신고서 심사는 엄격한 법적 절차에 따라 진행되며 사전에 내용을 조율하거나 승인하는...,https://www.kukinews.com/article/view/kuk202604070209,6,,1
"LG엔솔, 1Q 영업손실 2078억원...2분기 연속 적자 ""시장 기대에도 미달""",7일 LG엔솔은 금감원 전자공시를 통해 연결 기준 올해 1분기 2078억원의 영업손실을 기록했다고 밝혔다. LG엔솔은 지난해 3747억원의 영업이익을 기록했다. 이는 1220억원의 영업손실을 기록한 직전 분기와 비교해도...,https://www.livebiz.today/news/articleView.html?idxno=201488,6,,1
"유증 정당성 설득 성공할까...한화솔루션, 운명의 한 주","투자자 반발에 유증 원동력 약화...금감원 반려 가능성 유증 절실한데 소통부족 한계, 제3자 배정 대안으로... 석유화학 위기를 돌파하고 태양광 성장 가속화를 위해 자본 확충이 불가피한 만큼 금감원 심사를 통과하지...",https://www.ajunews.com/view/20260407143218858,6,,1
'제2의 삼천당제약' 막으려면…계약 공개 범위 공시가 관건,"이에 금감원은 '바이오 공시 개선 태스크포스(TF)'를 꾸리고 공시 가이드라인 전면 개선에 나섰습니다. 경영상 주요 계약 명시, 연구개발 활동 기재 의무화, 포괄공시 가이드라인 보완을 논의될 것으로 알려집니다....",https://news.mtn.co.kr/news-detail/2026040716393729145,6,,1
"삼성생명 前 설계사, 타인 명의 도용해 보험 모집 '덜미'",7일 금감원 공시에 따르면 이 전 보험설계사는 2021년 5월7일부터 5월27일까지 총 9건의 손해보험계약... 모집 대가로 발생한 수수료 220만원을 지급받았다. 이에 금감원은 해당 설계사에게 290만원의 과태료를 부과했다.,http://www.newswatch.kr/news/articleView.html?idxno=79019,7,,1
"금감원, '은행권 장애인 고용 활성화' 간담회 개최","금융사별 맞춤형 장애인 적합 직무개발 컨설팅 방안 등을 제시했다. 금감원 관게자는 ""협의체는 민관 협력 과제를 지속적으로 발굴·추진해 장애인 고용 문화가 금융권에 확산될 수 있도록 적극 노력하겠다""고 말했다.",https://www.pointdaily.co.kr/news/articleView.html?idxno=300127,10,,1
"금감원, ETF 불완전판매 점검 예고…은행권 긴장",우선 금감원은 은행 프라이빗뱅킹(PB) 센터와 영업점 내 비상장주식 등을 점검 대상에 포함시켜 관련 펀드... 금감원은 ETF 상품의 경우 지난 2024년 '홍콩 H지수 사태'로 주가연계증권(ELS) 펀드 상품과 유사한 상황이...,https://www.joongangenews.com/news/articleView.html?idxno=509617,11,,1
"한화솔루션, 유증 반대 소액주주 3% 결집…“사과해야”",한화솔루션의 기습적인 대규모 유상증자에 반발해온 소액주주들이 결집률 3%를 달성하면서 임시주주총회 소집을 위한 주주 행동이 본격화될 전망이다. 7일 소액주주 플랫폼 ‘액트’ 등에 따르면 이날 오전 한화솔루션...,https://www.busan.com/view/busan/view.php?code=2026040716142732099,0,,0
"한화솔루션, 유증 완주할까…고려아연 지분 매각론 부상","다만, 지난주 한차례 회사의 금감원과의 사전 교감 발언이 문제가 된 탓에 심사에 영향을 미칠 거란 우려가... 내야]금감원 측의 정정 요구가 없다면, 10일부터 유상증자 효력이 발생됩니다.유상증자가 일정대로 진행될...",https://news.mtn.co.kr/news-detail/2026040716023249357,6,,1
"금융권, 장애인 고용확대 위해 유관기관 협의체 구성...고용 개선 뒷받...","한편, 고용노동부, 금감원, 장애인고용공단, 4개 금융협회(은행·금투·생보·손보)는 금융권의 장애인... 관련해 금감원과 장애인고용공단은 이번 은행권 간담회를 시작으로 금융투자업계(4월), 보험업계(5월) 관련...",http://www.efnews.co.kr/news/articleView.html?idxno=128858,10,,1
"""찬성 거수기인가"" 정부 의도와 반대로 가는 운용사들","한편 국내 18곳 자산운용업계 대표이사(CEO)들은 올해 2월 말 금감원이 주최한 '자산운용사 CEO 간담회'에 참석해 스튜어드십 코드와 관련해 ""그간 전문인력 부족, 펀드 분산투자로 인한 비용 대비 낮은 효익, 낮은...",https://www.m-i.kr/news/articleView.html?idxno=1362320,6,,1
"이찬진, 연이은 금융사고에 “재발시 무관용, 엄중 책임 물을 것”","금융보안을 주제로 금감원과 국회, 금융협회, 보안 전문가가 모인 것은 이번이 처음이다. 이 원장은 “보안상... 금감원은 지난 2월 본격 가동한 ‘금융보안통합관제시스템(FIRST)’을 통해 상시 감시 체계를 강화한다. 사고...",https://www.ddaily.co.kr/page/view/2026040715412097536,7,,1
"“李 으름장에 대출 차단까지”…퇴로 막힌 다주택 관료들, 집 팔까",지난해 2주택 논란이 일었던 이찬진 금감원장은 주택 1채를 매각해 현재 1주택자가 됐다. 다만 성동구와... 박지선 금감원 부원장도 오피스텔 1채를 처분했다. 박 부원장은 올해 서울 양천구 목동 아파트(95.67...,https://www.ddaily.co.kr/page/view/2026040715025134557,7,,1
한화솔루션 소액주주 3% 결집 … 임시주총 카드로 이사회 정면 압박,"(CFO)가 “금감원에 사전에 유상증자 계획을 다 말씀드렸다”는 취지로 발언하면서 시장 혼선이 커졌다. 일부 주주들의 ‘기습 유증’ 비판에 반박하는 과정에서 나온 발언이었지만, 금감원은 즉각 선을 그었다. 금감원...",https://biz.newdaily.co.kr/site/data/html/2026/04/07/2026040700249.html,6,,1
유상증자 후폭풍에 시달리는 한화,"한편, 이번 유증에 대한 금감원의 중점심사 결과는 이번 주 나올 것으로 예상되고 있다. 빅터뉴스가 3월... 한화솔루션 “금감원에 유상증자 계획 사전에 알렸다”>에는 댓글 238개, 반응 1201개가 달렸다(추천순)...",https://www.bigtanews.co.kr/article/view/big202604070014,6,,1
"한화솔루션, CFO 대기발령에 임시주총 압박까지…유상증자 논란 '일파만...","지난 3일 개인 주주 간담회에서 정원영 CFO가 ""금감원에 사전에 유상증자 계획을 말씀드렸다"", ""증권신고서 제출 전부터 소통해왔다""고 발언한 것이 알려지면서다. 금감원은 즉각 ""증권신고서 심사는 제출 후 엄격한 법적...",http://www.newslock.co.kr/news/articleView.html?idxno=128212,6,,1
"소액주주 연대 '지분 3%'에 한화솔루션 ""유증 우려 충분히 인식""","정 CFO의 발언으로 '유상증자 사전 교감설'이 불거졌고, 금감원이 한화솔루션를 향해 ""발언의 경위, 목적 및 사실관계에 대해 즉시 소명을 요청한다""고 하기에 이르렀다. 한화솔루션은 ""금감원과 사전 협의를 하거나...",https://www.mt.co.kr/industry/2026/04/07/2026040714393095910,6,,1
"한화솔루션·HMM, 개정 상법·노란봉투법 적용 시험대",'금감원에 사전에 유상증자 계획에 대해 다 말씀드렸다. 증권신고서 제출 전부터 소통해왔다'는 발언으로 구설에 오른 정원영 최고재무책임자(CFO)는 결국 대기발령 조치됐다. 한화솔루션은 조달 자금 중 약 1조5000억원을...,https://www.newspim.com/news/view/20260407000814,6,,1
"금감원, 은행권 장애인 고용 확대 본격화…민관 협의체 가동","7일 금감원은 고용노동부, 한국장애인고용공단, 은행연합회 및 국내 은행들과 함께 장애인 고용 활성화를... 금감원과 관계기관은 정책 실행력을 높이기 위해 ‘금융권 장애인 고용 확대 협의체’도 구성했다. 해당...",https://www.nspna.com/news/?mode=view&newsid=808930,10,,1
"장애인고용공단, 금융권 장애인 고용 활성화 본격 추진…은행권과 첫발","노동부, 금감원, 금융협회와 함께 구성한 '금융권 장애인 고용·확대 유관기관 협의체'를 통해 민관 협력과제를 지속적으로 발굴하고, 금융권 전반에 장애인 고용 문화가 확산할 수 있도록 맞춤형 고용 컨설팅 서비스를...",http://www.fnnews.com/news/202604071411034354,10,,1
[한화솔루션 유증②] 3.6조 유증도 풀어낸 한화에어로가 보여준 해법,"이에 금감원은 이번 한화솔루션처럼 당시 한화에어로스페이스도 유증 중점 심사 대상으로 선정, 진행... 금감원의 요구에 따라 여러 차례 증권신고서를 고쳤고, 승계 의혹과의 고리를 끊기 위해 주주배정 유증 규모를...",https://news.einfomax.co.kr/news/articleView.html?idxno=4408140,6,,1
"금감원, 은행권 장애인 고용 활성화 간담회",금감원은 금융권의 장애인 고용 확대를 위한 실행력 확보를 위해 유관기관 협의체를 구성했다. 협의체는 향후 주기적인 회의를 개최하고 금융권의 장애인 고용이 실질적으로 개선될 수 있도록 지원한다. 금감원은 이달에는...,http://www.metroseoul.co.kr/article/20260407500325,10,,1
한화솔루션 소액주주 단체 행동 가시화…임시 주총 가능성 커져,"금감원에 사전에 유상증자 계획에 대해 다 말씀드렸다""며 ""증권신고서 제출 전부터 소통해왔다""고 밝혔다. 일부 주주들이 지적한 '기습 유증'에 대해 반박하는 차원에서 나온 발언이었다. 이런 내용이 전해진 직후 금감원...",http://www.opinionnews.co.kr/news/articleView.html?idxno=136373,6,,1
"금감원, '은행권 장애인 고용 활성화' 간담회 개최…우수사례 공유","금감원은 이날 오전 서울시 중구에 위치한 은행연합회에서 고용노동부, 한국장애인고용공단, 은행권... 금감원은 ""유관기관 협의체를 구성해 민관 협력과제를 지속 발굴하며 장애인 고용 문화가 금융권에 확산하도록...",https://news.tvchosun.com/site/data/html_dir/2026/04/07/2026040790155.html,10,,1
"한화솔루션, 유상증자 “사전교감 논란→임원 말실수 해명"" 파장, 책임...","여기에 ‘금감원 사전 보고’ 발언이 주주 반발을 누그러뜨리기 위해 당국의 권위를 활용한 것 아니냐는 비판까지 더해지며, 회사 해명만으로 신뢰 훼손 우려를 해소하기는 어렵다는 평가가 나온다. 이번 사태는 대규모...",https://mdtoday.co.kr/news/view/1065587230998833,6,,1
"""부채 전가 못 참아"" 뿔난 주주들 3% 결집…한화솔루션 이사회 압박","지난 3일 간담회에서 ""금감원과 사전에 다 논의했다""는 발언으로 시장 혼선을 초래한 데 따른 문책 인사다. 사측은 이를 '개인의 실수'로 규정하며 당국의 신뢰 회복에 사활을 걸고 있다. 동시에 김동관 부회장은 사재 약...",https://magazine.hankyung.com/business/article/202604074272b,6,,1
네카토 뛰는데 카드사는 ‘주춤’… 결제 시장 희비,금감원에 따르면 지난해 전업 카드사 8곳(삼성·신한·현대·KB국민·롯데·하나·우리·BC)의 합산 순이익은 2조3602억원으로 전년(2조5910억원) 대비 8.9%(2308억원) 감소했다. 금융당국이 가맹점 수수료율을 연이어...,https://www.dt.co.kr/article/12056133?ref=naver,13,,1
"체외충격파 '관리급여' 전환 막는 의협 ""정부보다 회원 설득이 핵심""","이에 대해 이 부회장은 ""정부나 금감원, 건보공단을 설득하는 것도 중요하지만, 우리 회원들을 설득해 함께 가는 것이 이번 사안의 가장 중요한 키포인트""라고 강조했다. 그러면서 ""기준을 정한다는 것이 진료를 못 하게...",http://www.newsmp.com/news/articleView.html?idxno=252567,6,,1
"김용태 GA협회장 ""소비자 보호 핵심은 보험금…보험판매전문회사 도입해...","6일 김 회장은 서울 광화문에서 열린 기자간담회에서 ""보험 소비자의 최대 권익은 보험금을 제때 제대로 받는 것""이라며 ""금감원에 접수되는 보험 민원의 60% 이상이 보험금 지급 관련""이라고 말했다. 보험산업 논의가...",https://news.mtn.co.kr/news-detail/2026040710151334666,6,,1
"의협, 체외충격파 '관리급여' 전환 방어 총력...5월 자율통제안 윤곽","및 금감원 측에 전달하기 위해서다. 이 과정에서 가장 큰 난관은 의료계 내부 의사회원들의 반발과 우려를... 이 부회장은 ""상대방인 정부와 금감원, 공단을 설득하는 것도 중요하지만, 이번 사안의 핵심 키포인트는 다름...",https://www.bosa.co.kr/news/articleView.html?idxno=3002596,6,,1
"""주주들 화날만 하네!"" 한화솔루션 유증 사태로 '김동관 리더십' 시험대","금감원, 한화솔루션 유증 중점 심사..반려 후 정정신고 요구할 수도 - 금감원 정정 요구시 한화솔루션 유증 규모 감액할 가능성 * 아래 텍스트는 실제 방송 내용과 차이가 있을 수 있으니 보다 정확한 내용은 방송으로...",https://radio.ytn.co.kr/program/?f=2&id=108202&s_mcd=0206&s_hcd=15,0,,0
한화솔루션 소액주주 연대 지분 3% 모아···임시 주총도 가시화,금감원은 오는 10일까지 증권신고서에 관한 의견을 내야 한다. 금감원의 정정 요구가 없으면 효력이 발생하게 된다. 앞서 금감원은 지난해 역대 최대 규모의 한화에어로스페이스 유상증자에 대해 두차례 정정을 요구한 바...,https://www.khan.co.kr/article/202604071127001,6,,1
'유증 역풍' 시험대 오른 김동관...한화솔루션 지분 3% 결집한 소액주주...,"당시 정 CFO는 ""금감원에 사전에 유상증자 계획에 대해 다 말씀드렸다""며 ""증권신고서 제출 전부터 소통해왔다""고 밝혔다. 그러나 금감원은 ""증권신고서 심사는 엄격한 법적 절차에 따라 증권신고서 제출 후에 이뤄지기...",https://www.livebiz.today/news/articleView.html?idxno=201478,6,,1
[오늘의 주요 경제 일정] 금융·증권(4월7일 화요일),"◇주요일정 ▲10:00 금감원장, 임원회의 ▲10:40 한은-KB금융그룹 MOU 체결 ▲14:00 금융위원장, 중동상황 피해업종 관련산업-금융권 간담회 ▲14:00 금감원장, 금융보안 패러다임 전환 간담회 <금융위원회> ▲14:00...",http://www.econonews.co.kr/news/articleView.html?idxno=434505,24,,1
"금감원, 은행권 장애인 고용 활성화 촉구",이번 간담회는 금감원이 지난달 이들 기관과 체결한 ‘금융권 장애인 고용확대를 위한 업무협약’의 후속... 이날 금감원과 노동부 등 업무협약 체결기관은 실행력 확보를 위해 유관기관 협의체도 구성했다. 협의체는...,https://biz.heraldcorp.com/article/10711582?ref=naver,10,,1
[사건의 재구성] 12일간 벌어진 한화솔루션 유상증자 논란,"3월 26일부터 4월 6일까지 불과 12일 사이 유상증자 발표, 주가 급락, 금감원 논란, 회사 사과, CFO... 증권신고서 심사 과정에서 증자가 철회되거나 축소될 가능성을 묻는 주주의 질문에 정원영 전무는 ""금감원에 사전에...",http://www.globalepic.co.kr/view.php?ud=20260407110425353548439a4874_29,7,,1
"[더벨][CET1 Watch] 수협은행, 내부등급법 적용에 4%P 수직 상승",금감원 지정 적격 신용평가 기관에서 평가받은 신용등급을 사용하는 표준등급법을 쓸 때보다 RWA가 줄어든다. 수협은행은 최근에서야 내부등급법 적용을 최종 승인받았다. 그간 표준등급법을 적용해 왔는데...,https://www.thebell.co.kr/free/content/ArticleView.asp?key=202604031450214400107896,9,,1
"금감원, 장애인 고용 협의체 가동…분기마다 점검·평가","금감원은 7일 은행권 간담회를 열고 고용노동부·한국장애인고용공단·금융협회와 함께 분기별로 협의체를... 금감원 관계자는 ""4월 금융투자업권, 5월 보험업권으로 간담회를 확대해 장애인 고용 문화가 금융권에...",http://www.inews24.com/view/1957676,10,,1
"금감원, 은행권 장애인 고용 활성화 간담회…우수사례 공유","금감원은 오늘(7일) 오전 서울시 중구 은행연합회에서 고용노동부, 한국장애인고용공단, 은행권 관계자들과 함께 이 같은 간담회를 개최했습니다. 금감원은 ""유관기관 협의체를 구성해 민관 협력과제를 지속 발굴하며...",http://mbnmoney.mbn.co.kr/news/view?news_no=MM1005808098,9,,1
"금감원·은행권, 장애인 고용 활성화 추진…민관 협력과제 발굴","금감원은 7일 금융업계 사회적 책임과 포용금융 강화를 위한 업무협약 후속 조치로 고용노동부... 또한 금감원과 고용부, 장애인고용공단 등이 참여하는 '유관기관 협의체'가 구성됐다. 이 협의체는 일회성 행사에 그치지...",https://www.shinailbo.co.kr/news/articleView.html?idxno=5008711,10,,1
한화솔루션 해명에도 주주 반응 '냉담'…유상증자 '첩첩산중',"최근 '금감원 사전 교감 발언 후 번복' 등 악수까지 나오면서, 소액주주들의 집단행동이 격화하는 양상이다.... '금감원 사전 소통' 실언으로 구설…주주연대 ""회사·금감원 합당 조치 필요"" 다만 최근 기업설명회에서...",http://www.sisaon.co.kr/news/articleView.html?idxno=182118,6,,1
한화솔루션 소액주주 3% 결집률 달성…임시주총 소집 추진,"CFO는 ""금감원에 사전에 유상증자 계획에 대해 다 말씀드렸다""며 ""증권신고서 제출 전부터 소통해왔다""고 밝혔다. 일부 주주들이 지적한 '기습 유증'에 대해 반박하는 차원에서 나온 발언이었다. 그러나 보도 직후 금감원은...",https://www.yna.co.kr/view/AKR20260406129300003?input=1195m,6,,1
"금감원, 넷마블·넷마블네오 주식 교환 '제동'","금감원은 정정신고서 제출 사유로 신고서 내용 중 중요 사항의 누락이나 불분명한 기재를 들었다. 넷마블은 다음 달 주주총회를 통해 교환 계획을 공식적으로 승인하고, 7월31일을 교환일로 확정한 상태다. 그러나...",http://www.inews24.com/view/1957673,7,,1
"금감원, 은행권 장애인 고용 확대 간담회…""직무 개발·컨설팅 강화""",금감원은 금융투자업(4월)과 보험업(5월)으로 간담회를 확대할 계획이다. 은행권에서는 일부 우수 사례도 공유됐다. 신한은행은 발달장애인 연주자를 직접 채용한 음악단 '신한 SOL레미오'를 창단하며 고용 확대에 나섰다....,https://www.newsworks.co.kr/news/articleView.html?idxno=836861,15,,1
"이마트, 신세계푸드 합병… ‘뚝심’으로 밀어붙인다",금감원 정정 요구에 절차적 적법성 보완 공시 급식사업부 매각 가치 미반영 쟁점에는 ‘침묵’ IB업계... 이 때문에 이마트와 신세계푸드는 주식을 맞바꾸는 ‘포괄적 주식 교환’을 추진하던 중 금감원으로부터 정정...,https://www.asiatime.co.kr/article/20260406500373,7,,1
금융권 장애인 고용 확대 위해 '민관 협의체' 가동...매분기 정례 회의,"금감원은 7일 은행연합회에서 고용부, 장애인고용공단, 국내 20개 은행과 간담회를 개최했다. 간담회는 지난... 협의체는 고용부, 금감원, 장애인고용공단, 각 금융협회로 구성하며 매 분기 회의를 열어 고용 확대 방안 모색...",https://www.etnews.com/20260406000332,10,,1
"금감원-은행권, 장애인 고용 확대 위한 간담회 개최","고용부와 금감원, 금융권 등 장애인 고용확대를 위한 업무협약 체결기관은 실행력 확보를 위해 유관기관 협의체를 구성했다. 금감원은 향후 금융투자 및 보험업계와도 관련 간담회를 연다.",https://www.mt.co.kr/finance/2026/04/07/2026040708294369191,10,,1
"금감원, 금융권 장애인 고용 확대 논의…은행권과 협의체 가동","금감원은 고용노동부, 한국장애인고용공단, 은행연합회와 함께 금융권 장애인 고용 확대를 위한 간담회를... 금감원과 관계기관은 실행력 강화를 위해 ‘금융권 장애인 고용 확대 협의체’를 구성하고 정기적인 회의를...",https://www.etoday.co.kr/news/view/2573328,10,,1
"장애인고용공단, 금융권과 간담회…현장 애로사항 청취","장애인고용공단은 노동부, 금감원, 금융협회와 함께 구성한 '금융권 장애인 고용확대 유관기관 협의체'를 통해 민관 협력과제를 발굴하고 금융권 맞춤형 고용컨설팅 서비스를 지속할 계획이다.",https://www.newsis.com/view/NISX20260407_0003580419,7,,1
"금감원, 넷마블 '넷마블네오 주식교환' 증권신고서 정정 요구",따르면 금감원은 전날(6일) 넷마블의 ‘주식의 포괄적 교환·이전’ 관련 증권신고서를 심사한 결과 형식 요건이 충분히 갖춰지지 않았거나 중요사항 기재가 미흡한 부분이 있어 정정신고서 제출을 요구했다. 금감원...,https://www.ajunews.com/view/20260407091059521,7,,1
"한화솔루션, '금감원 사전교감' 실언 CFO 대기발령... 유상증자 신뢰 '흔...","2조 4000억원 규모의 대규모 유상증자를 추진 중인 한화솔루션이 이른바 '금감원 사전 교감' 논란을 일으킨... 당시 정 전무는 유상증자 발표 후 주주들의 반발이 거세자 이를 달래는 과정에서 ""금감원에 사전에 유상증자...",http://www.newsroad.co.kr/news/articleView.html?idxno=57425,6,,1
