title,summary,url,score,prob,keep,decision,decision_reason,relevance_score,relevance_prob,matched_hard,matched_soft,matched_negative,relevance_model_policy,model_used,candidate_keep_prob,candidate_drop_prob
[대출 규제 역설] ‘포용금융’ 외치더니…취약차주만 밀려난다,"신용도가 낮은 취약차주들은 2금융권에서도 대출을 거절당해 카드론, 현금서비스는 물론 대부업이나 불법 사금융까지 내몰리고 있다. 금융당국이 포용·상생금융 확대를 강조하고 있지만, 고강도 대출 규제와 정책이...",https://www.dailian.co.kr/news/view/1674377/?sc=Naver,6,0.4031,1,keep,candidate_hybrid_gray_keep_domain_score_ge_threshold,6,0.4031,카드론,대출,,candidate_hybrid,1,0.65,0.35
"공정위 ""대기업 계열사 누락 땐 총수 개인에 과징금""","식품·물류·의약품 등 민생 밀접 분야와 건물 관리·경비·건설 자재 조달 등 중소기업 주력 업종, 대부업 등 서민금융 분야에서는 계열사 몰아주기 등 불공정 행위에 대한 감시를 강화한다. 전속고발제 개편도 본격...",http://www.newsroad.co.kr/news/articleView.html?idxno=62441,8,0.5916,1,keep,candidate_hybrid_keep_strong_domain_rule_anchor,8,0.5916,대부업;과징금,,,candidate_hybrid,1,0.65,0.35
대기업집단 규제 강화…계열사 누락에 총수 직접 책임 묻는다,"이와 함께 식품, 물류, 의약품 등 민생 밀접 업종과 대부업 등 서민금융 분야의 계열사 몰아주기 감시를 강화할 계획이다. 공정위는 민원이 많은 오픈마켓, 배달, 숙박 등 플랫폼 3대 분야의 수수료와 정산 기간, 입점업체...",https://www.newsway.co.kr/news/view?ud=2026080420215778039,5,0.5248,0,drop,candidate_hybrid_gray_drop_score_lt_threshold,5,0.5248,대부업,,,candidate_hybrid,1,0.65,0.35
"공정위, 독과점 구조개혁·공정성장 기반 구축 추진","◆ 행정·형사 집행체계 합리화 추진 식품·물류·의약품 등 민생밀접 분야, 건물 관리·경비·건설자재 조달 등 중소기업 주력업종, 대부업 등 서민금융 업종에서의 계열사 몰아주기 등 부당지원 행위에 대한 감시 기능을...",https://www.ebn.co.kr/news/articleView.html?idxno=1719094,5,0.6256,0,drop,candidate_hybrid_gray_drop_score_lt_threshold,5,0.6256,대부업,,,candidate_hybrid,1,0.65,0.35
하반기 민생 불공정행위 엄정 대응…플랫폼·대기업집단 감시 강화,"2026.5.7 (ⓒ뉴스1, 무단 전재-재배포 금지) ◆ 대기업집단 내부거래 감시 강화…지배구조 개선 추진 공정위는 식품·물류·의약품과 건물관리, 대부업 등 민생 분야의 계열사 부당지원과 총수 일가의 편법 승계를 집중...",https://www.korea.kr/news/policyNewsView.do?newsId=148969350&call_from=naver_news,5,0.6417,0,drop,candidate_hybrid_gray_drop_score_lt_threshold,5,0.6417,대부업,,,candidate_hybrid,1,0.65,0.35
"공정위, 대기업 계열사 자료 누락하면 총수 개인에게 과징금","공정위는 식품·물류·의약품 등 민생 밀접 분야, 건물 관리·경비·건설 자재 조달 등 중소기업 주력 업종, 대부업 등 서민금융 업종에서 계열사 몰아주기 등 감시도 강화합니다. 공정위는 1980년 공정거래법 제정 때...",https://news.sbs.co.kr/news/endPage.do?news_id=N1008690225&plink=ORI&cooper=NAVER,8,0.5856,1,keep,candidate_hybrid_keep_strong_domain_rule_anchor,8,0.5856,대부업;과징금,,,candidate_hybrid,1,0.65,0.35
"계열사 누락 총수에 '자산·매출 10%' 과징금…공정위, 대기업 규율 강화","아울러 식품·물류·의약품 등 민생 밀접 분야와 건물관리·경비·건설자재 조달 등 중소기업 주력 업종, 대부업 등 서민금융 분야에서 계열사 일감 몰아주기와 부당지원 행위를 집중적으로 감시한다. 총수 2세 회사에...",https://www.news1.kr/economy/trend/6248801,8,0.581,1,keep,candidate_hybrid_keep_strong_domain_rule_anchor,8,0.581,대부업;과징금,,,candidate_hybrid,1,0.65,0.35
"공정위, 석유·화학 제품-페인트 담합 조사한다... 요양원 식자재 리베...","업종 ▲대부업 등 서민 금융 업종을 꼽았다. 주 위원장은 ""대기업의 계열사 재무 현황 등 지정자료 제출 의무를 강화하겠다”고도 했다. 대기업이 일부 계열사의 재무 현황 등 지정자료 제출을 하지 않을 때 총수 개인에게...",https://biz.chosun.com/policy/policy_sub/2026/08/04/YVJ67AQ5LRG7NPBWOHRW4NH4ZI/?utm_source=naver&utm_medium=original&utm_campaign=biz,6,0.5086,1,keep,candidate_hybrid_gray_keep_domain_score_ge_threshold,6,0.5086,대부업,금융,,candidate_hybrid,1,0.65,0.35
"공정위, 반복 담합 기업 ‘영업정지’ 추진…계열사 누락 총수에 과징금","식품·물류·의약품과 건물 관리·경비·건설자재 조달, 대부업 등에서 계열사 일감 몰아주기와 부당지원 행위를 집중 감시한다. 총수 2세 회사에 사업기회를 제공하거나 무상으로 신용을 보강하는 행위도 점검한다....",https://www.edaily.co.kr/news/newspath.asp?newsid=06218886645544040,8,0.5465,1,keep,candidate_hybrid_keep_strong_domain_rule_anchor,8,0.5465,대부업;과징금,,,candidate_hybrid,1,0.65,0.35
대기업 계열사 자료 누락하면 총수 개인에게 과징금 물린다,"공정위는 식품·물류·의약품 등 민생 밀접 분야, 건물 관리·경비·건설 자재 조달 등 중소기업 주력 업종, 대부업 등 서민금융 업종에서 계열사 몰아주기 등 감시도 강화한다. 광역지자체에도 하도급 갑질·과장광고 등...",https://www.yna.co.kr/view/AKR20260804114100002?input=1195m,8,0.564,1,keep,candidate_hybrid_keep_strong_domain_rule_anchor,8,0.564,대부업;과징금,,,candidate_hybrid,1,0.65,0.35
[공정위 업무보고] 민생분야 몰아주기 감시…지주사 중복상장유인 축소,"먼저 식품·물류·의약품 등 민생밀접 분야, 건물 관리·경비·건설자재 조달 등 중소기업 주력업종, 대부업 등 서민금융 업종에서 부당지원 행위 감시를 강화한다. 총수 2세 회사에 사업기회를 제공하는 것과 무상으로...",https://news.einfomax.co.kr/news/articleView.html?idxno=4428589,5,0.6389,0,drop,candidate_hybrid_gray_drop_score_lt_threshold,5,0.6389,대부업,,,candidate_hybrid,1,0.65,0.35
20조원 담합 적발한 공정위… 하반기엔 ‘민생 침해’ 뿌리 뽑는다,"식품·물류·의약품과 건설자재 조달, 대부업 등 민생 밀접 업종의 계열사 부당지원과 총수 2세 회사에 대한 사업기회 제공, 무상 신용보강 행위를 집중 감시한다. 계열회사 누락 시 총수 개인에게 누락 계열사들의...",https://www.viva100.com/article/20260804501309,5,0.4868,0,drop,candidate_hybrid_gray_drop_score_lt_threshold,5,0.4868,대부업,,,candidate_hybrid,1,0.65,0.35
인천지역 대부업체 해마다 감소 추세…서민들 '불법사금융행',등록 대부업체 수가 크게 감소한 것으로 나타났다. 이는 고금리 장기화로 조달 비용이 늘어난 데다 연체율도 올라 마진이 줄어들며 줄폐업에 나서고 있기 때문이다. 4일 인천시 등에 따르면 올 상빈기 기준 등록대부업...,https://www.kihoilbo.co.kr/news/articleView.html?idxno=3030812,8,0.6869,1,keep,candidate_hybrid_keep_strong_domain_rule_anchor,8,0.6869,불법사금융,,,candidate_hybrid,1,0.65,0.35
"세무법인 에이치케이엘, 국세청 '조사통' 임종수 대표세무사 영입","조사2국에서는 전문직과 중소·중견기업은 물론 대부업·프랜차이즈·학원 같은 업종별 기획조사를 이끌었고, 양도소득세와 자금출처 조사도 그의 손을 거쳤다. 공직의 마지막 자리인 반포세무서 재산세1과장 시절에는...",https://www.taxtimes.co.kr/news/article.html?no=276269,5,0.4699,0,drop,candidate_hybrid_gray_drop_score_lt_threshold,5,0.4699,대부업,,,candidate_hybrid,1,0.65,0.35
"NH농협은행, 고령층 전용 중금리대출 출시…최대 100만원 지원","비교적 소액의 긴급자금을 중금리로 공급해 고령층이 고금리 대부업이나 불법 사금융으로 내몰리는 것을 예방하는 데 초점을 맞췄다. 일반적인 신용대출은 근로소득이나 사업소득, 연금 수령 내역 등 상환 능력을 확인할...",https://www.todayeconomic.com/news/article.html?no=31602,0,0.3961,0,drop,candidate_hybrid_gray_drop_score_lt_threshold,0,0.3961,,,,candidate_hybrid,1,0.65,0.35
"세무법인 HKL, 조사·재산세 전문가 임종수 세무사 영입","대부업과 프랜차이즈, 학원 등 업종별 기획조사와 양도소득세, 자금출처 조사에도 참여했다. 조사4국 심의팀에서는 세무조사 과정에서 발생한 주요 과세 쟁점을 검토하고 불복 대응을 지원했다. 법인세와 부가가치세...",https://www.taxwatch.co.kr/article/tax/2026/08/04/0005/naver,0,0.5578,0,drop,candidate_hybrid_gray_drop_score_lt_threshold,0,0.5578,,,,candidate_hybrid,1,0.65,0.35
"세무법인HKL, 국세청 32년 '조사통' 임종수 대표세무사 영입","이어 조사2국에서는 전문직과 중소·중견기업은 물론 대부업·프랜차이즈·학원 같은 업종별 기획조사를 이끌었고, 양도소득세와 자금출처 조사도 그의 손을 거쳤다. 공직의 마지막 자리인 반포세무서 재산세1과장...",http://www.intn.co.kr/news/articleView.html?idxno=2052344,5,0.4393,0,drop,candidate_hybrid_gray_drop_score_lt_threshold,5,0.4393,대부업,,,candidate_hybrid,1,0.65,0.35
"[인터뷰] 전재수 부산시장 ""시민의 삶을 최우선 가치로 시정 운영할 터...","파산·회생·채무조정 등 '민생재기 원스톱 100일 프로젝트'를 통해 어려움을 겪는 서민들의 부담을 완화하고,  민생금융범죄 전담 특사경 조직을 구성해 대부업법 위반 범죄 수사, 수사공조 체계 구축, 합동단속 등을 통해...",https://www.nbntv.co.kr/news/articleView.html?idxno=4023514,6,0.5517,0,drop,candidate_hybrid_gray_drop_no_domain_anchor,6,0.5517,대부업법,,,candidate_hybrid,1,0.65,0.35
‘불법사채 1.5조 돌파’...한국TI인권시민연대 “금융지원 넘어 도박 근...,이 같은 현상은 고금리 상황이 이어지는 가운데 총부채원리금상환비율(DSR) 규제 강화와 대부업계의 자금 조달 여건 악화가 맞물리면서 저신용자의 금융 접근성이 크게 떨어진 영향으로 분석된다. 실제 대부업권 대출...,https://idsn.co.kr/news/view/1065580802015826,12,0.774,0,drop,candidate_hybrid_drop_model_keep_without_domain_anchor,12,0.774,불법사채;dsr,대출;금융,,candidate_hybrid,1,0.65,0.35
불법사금융 대포폰 3일 내 무력화…금감원 ‘대포폰 제로’ 가동,"지난해 7월 개정된 대부업법에 따라 전화번호 이용중지 대상이 고금리 대부와 불법추심까지 확대됐지만, 실제 전화번호 이용이 중지되기까지는 신고 후 약 7일이 소요돼 그 사이 피해가 이어지는 사례가 발생해 왔다....",https://www.nongmin.com/article/20260803500376,26,0.8142,1,keep,candidate_hybrid_keep_strong_domain_rule_anchor,26,0.8142,금감원;대부업법;불법사금융;불법추심,,,candidate_hybrid,1,0.65,0.35
"신복위, 불법사금융 피해지원 거점 22곳으로 확대…""가까운 곳서 원스톱...","연 60%를 초과하는 초고금리 불법대출은 개정 대부업법에 따라 이자는 물론 원금까지 무효가 될 수 있으며, 피해자는 신복위를 통해 관련 구제 절차를 지원받을 수 있다. 복지 연계도 강화된다. 정부는 연내...",http://www.srtimes.kr/news/articleView.html?idxno=208959,14,0.6978,1,keep,candidate_hybrid_keep_strong_domain_rule_anchor,14,0.6978,대부업법;불법사금융,,,candidate_hybrid,1,0.65,0.35
"[PICK! 이 안건] 윤준병 등 10인 ""대부광고 심의의 사각지대 없애고 이용...","더불어민주당 윤준병 의원 등 10인이 '대부업 등의 등록 및 금융이용자 보호에 관한 법률 일부개정법률안'을 제안했다. 윤 의원 등은 제안이유에 대해 ""현행법에 따라 대부업 및 대부중개업 협회는 대부업자등의 광고에...",https://www.jeonmae.co.kr/news/articleView.html?idxno=1278482,9,0.6607,1,keep,candidate_hybrid_keep_strong_domain_rule_anchor,9,0.6607,대부업;대부광고,,,candidate_hybrid,1,0.65,0.35
"안산단원서 53만명 투약분 차단 마약팀, 우수성과 포상","이번 특별성과 심의에서는 마약 수사뿐 아니라 피싱 범죄와 자금세탁 차단, 불법사금융·성매매·도박사이트 단속, 인명구조, 악성 민원 대응 등 다양한 분야의 우수 사례도 선정됐다. 캄보디아에서 922명을 상대로...",https://www.kgnews.co.kr/news/article.html?no=906416,8,0.7284,1,keep,candidate_hybrid_keep_strong_domain_rule_anchor,8,0.7284,불법사금융,,,candidate_hybrid,1,0.65,0.35
"국제 마약조직 검거한 안산단원서 수사팀, 1천500만원 포상","이번 심의에서는 마약 수사 외에도 보이스피싱과 자금세탁 차단, 불법사금융·성매매·도박사이트 단속, 인명구조, 악성 민원 대응 등의 성과가 포상 대상에 포함됐다. 캄보디아를 거점으로 피해자 922명에게 292억원...",https://www.kyeonggi.com/article/20260804580058,14,0.81,1,keep,candidate_hybrid_keep_strong_domain_rule_anchor,14,0.81,불법사금융;보이스피싱,,,candidate_hybrid,1,0.65,0.35
"함영주 ""포용금융은 기본 책무""…하나금융, 연간 목표 60% 이상 상반기 ...","최근 3년간 약 6,774억원 규모의 보이스피싱 피해를 예방한 것으로 집계된 가운데, AI 기반 이상거래 탐지(FDS) 체계를 하반기 중 더 고도화한다. 하나은행 손님케어센터가 운영 중인 경제적 위기자 자살 예방 대응 체계는...",http://www.srtimes.kr/news/articleView.html?idxno=209142,6,0.5472,1,keep,candidate_hybrid_gray_keep_domain_score_ge_threshold,6,0.5472,보이스피싱,,,candidate_hybrid,1,0.65,0.35
"檢·警 형소법 개정 후속 작업 돌입... 경찰은 ""조직 명운"", 검찰은 수뇌...","보이스피싱·마약 등 민생범죄 대응을 위한 합동수사과 5곳(서울청 3곳, 수원·대전청 각 1곳)도 설치한다.... 경찰 수사의 공정성·신속성, 피해자 보호, 권한 비대화에 대한 국민 우려를 알고 있다는 전제를 달았다. 제시된...",https://www.lawtv.kr/news/articleView.html?idxno=60598,6,0.6993,1,keep,candidate_hybrid_model_keep_prob_ge_threshold_with_domain_anchor,6,0.6993,보이스피싱,,,candidate_hybrid,1,0.65,0.35
"하나금융, 포용금융 실행력 높인다…상반기 목표 60% 집행, '체감형 금융...",하나은행은 최근 3년간 약 6774억원 규모의 보이스피싱 피해를 예방한 데 이어 AI 기반 이상거래탐지(FDS) 시스템을 고도화하고 신종 금융사기에 대한 대응 역량을 높인다는 방침이다. 자살 위험 고객을 경찰과 소방...,https://www.techm.kr/news/articleView.html?idxno=154005,7,0.566,1,keep,candidate_hybrid_gray_keep_domain_score_ge_threshold,7,0.566,보이스피싱,금융,,candidate_hybrid,1,0.65,0.35
"하나금융, CIFO 신설로 포용금융 속도… 4대 중심축 실행력 강화","하나은행은 전세사기 피해 방지를 위해 신규 전세자금대출을 이용하는 청년 10000명에게 '청년지킴이... 하나은행의 AI 기반 이상거래 탐지시스템(FDS) 및 보이스피싱 전담 대응을 고도화하는 한편, 상담 중 자살 위험...",https://www.pointe.co.kr/news/articleView.html?idxno=82804,6,0.5569,1,keep,candidate_hybrid_gray_keep_domain_score_ge_threshold,6,0.5569,보이스피싱,,,candidate_hybrid,1,0.65,0.35
함영주 하나금융 회장 “포용금융은 선택 아닌 기본 책무”…청년·소상...,하나은행은 최근 3년간 AI 기반 이상거래탐지시스템(FDS) 등을 통해 약 6774억원 규모의 보이스피싱 피해를 예방했다. 하반기에는 신종 사기 수법 분석과 고객 맞춤형 대응 체계를 고도화한다. 전화 상담 중 자살 위험...,https://www.dt.co.kr/article/12076592?ref=naver,6,0.6309,1,keep,candidate_hybrid_gray_keep_domain_score_ge_threshold,6,0.6309,보이스피싱,,,candidate_hybrid,1,0.65,0.35
"함영주 하나금융 회장 ""포용금융, 실행력 강화에 모든 역량 집중""","하나은행은 AI 기반 이상거래 탐지(FDS)와 보이스피싱 대응 시스템을 통해 최근 3년간 약 6774억원 규모의 금융 피해를 예방했으며, 신종 금융사기 대응 역량을 강화할 방침이다. ◇ 사회연대금융 확대, 지속 가능한 상생...",https://www.newswhoplus.com/news/articleView.html?idxno=66205,7,0.6225,1,keep,candidate_hybrid_gray_keep_domain_score_ge_threshold,7,0.6225,보이스피싱,금융,,candidate_hybrid,1,0.65,0.35
"하나금융지주, 포용금융 3조1000억원 목표 중 상반기 60% 집행",하나은행은 AI 기반 이상금융거래탐지시스템과 전담 대응체계를 통해 최근 3년간 약 6774억원의 보이스피싱 피해를 예방했다고 설명했다. 신종 사기 유형 분석과 고객별 대응 기능을 추가로 고도화할 예정이다. 전화상담...,http://www.press9.kr/news/articleView.html?idxno=80621,6,0.5955,1,keep,candidate_hybrid_gray_keep_domain_score_ge_threshold,6,0.5955,보이스피싱,,,candidate_hybrid,1,0.65,0.35
[와글와글] 보이스피싱 수거책 우편함서 1천만 원 챙겨,"이 우편함에는 보이스피싱에 속은 피해자가 넣은 현금 1천만 원이 들어 있었는데요. 이 수거책의 범행 수법은 치밀했습니다. 교통카드는 한두 번만 쓰고 바로 바꾸고, 숙소를 매일 옮겨 다니고 카드 대신 현금만...",https://imnews.imbc.com/replay/2026/nwtoday/article/6842473_37012.html,6,0.8251,1,keep,candidate_hybrid_model_keep_prob_ge_threshold_with_domain_anchor,6,0.8251,보이스피싱,,,candidate_hybrid,1,0.65,0.35
개인정보 침해 과징금 '매출 10%' 시대...통신사 보안 투자 시험대,"이상에게 피해를 초래한 경우에는 강화된 과징금 부과 대상이 된다. 시정명령을 이행하지 않아 개인정보... LG유플러스도 제로트러스트 적용과 AI 기반 보안관제, 보이스피싱·스미싱 대응 체계를 강화한다....",https://www.digitaltoday.co.kr/news/articleView.html?idxno=689715,6,0.8604,1,keep,candidate_hybrid_model_keep_prob_ge_threshold_with_domain_anchor,6,0.8604,보이스피싱,,,candidate_hybrid,1,0.65,0.35
중수청 정원·조직 확정…'검찰 인력' 얼마나?,됩니다.)] 보이스피싱 등 민생에 영향이 큰 범죄 수사를 위해 금융위와 국세청 등 다른 기관 인력을 파견받는... 수사 인력 부족으로 제때 수사가 진행되지 않으면 일반 국민에게 피해가 돌아갈 수 있습니다. [백원기...,https://news.sbs.co.kr/news/endPage.do?news_id=N1008690547&plink=ORI&cooper=NAVER,12,0.7375,1,keep,candidate_hybrid_keep_strong_domain_rule_anchor,12,0.7375,금융위;보이스피싱,,,candidate_hybrid,1,0.65,0.35
메트로신문 8월 5일자 한줄뉴스,▲ 앞으로는 보이스피싱에 활용된 것으로 의심되는 전화 및 금융정보를 금융회사·통신사·수사기관 등... 더위를 피해 복합쇼핑몰에서 휴식과 쇼핑을 동시에 즐기는 '몰캉스' 수요가 늘면서 백화점과 쇼핑몰 방문객이...,http://www.metroseoul.co.kr/article/20260804500421,6,0.7941,1,keep,candidate_hybrid_model_keep_prob_ge_threshold_with_domain_anchor,6,0.7941,보이스피싱,,,candidate_hybrid,1,0.65,0.35
"""광고만 봐도 돈 줍니다""…'팀 미션 피싱'에 1800만 원 뜯겼다","보이스피싱 조직은 공공기관, 금융회사, 가족, 지인을 사칭하며 사람들의 불안과 조급함을 파고듭니다. 뉴스1은 울산중부경찰서와 함께 실제 피해 사례를 통해 범죄 수법의 변화상을 짚고, 시민들이 바로 활용할 수 있는...",https://www.news1.kr/local/ulsan/6248990,6,0.6821,1,keep,candidate_hybrid_model_keep_prob_ge_threshold_with_domain_anchor,6,0.6821,보이스피싱,,,candidate_hybrid,1,0.65,0.35
"보이스피싱 고소장, 경찰-중수청에 내야… 공소청은 못받아",보이스피싱 같은 사기 사건도 피해 금액이 5억 원이 넘느냐에 따라 경찰에서 중대범죄수사청(중수청)으로 수사기관이 바뀔 수 있기 때문이다. 만약 수사기관 간에 동일한 사건을 수사하게 되면 새롭게 만들어지는...,https://www.donga.com/news/Politics/article/all/20260805/134422006/2,6,0.8348,1,keep,candidate_hybrid_model_keep_prob_ge_threshold_with_domain_anchor,6,0.8348,보이스피싱,,,candidate_hybrid,1,0.65,0.35
"[특별초대석-김정욱 농림축산식품부 농산업혁신정책실장] ""농업 AI 전환...","이상기후로 농작물 피해가 일상화됐고 비료·사료·유류 등 농자재 가격 불안은 농가 경영을 압박하고 있다.... 이들은 고령 주민에게 스마트폰과 키오스크 사용법, 보이스피싱 예방 등 생활과 밀접한 디지털 교육을...",http://www.newsfarm.co.kr/news/articleView.html?idxno=101848,6,0.6418,1,keep,candidate_hybrid_gray_keep_domain_score_ge_threshold,6,0.6418,보이스피싱,,,candidate_hybrid,1,0.65,0.35
"보이스피싱 막은 30년 경력 철원 택시운전사⋯탑승객 1,600만원 피해 예...","30년 경력을 갖춘 철원지역 베테랑 택시운전사가 1,600만원에 달하는 탑승객의 보이스피싱 피해를 막은 사실이 뒤늦게 알려져 화제다. 주인공은 모범운전자회 철원지회 고문이자 전 회장인 신상규씨. 신 씨는 지난해 9월...",https://www.kwnews.co.kr/article/20260804501317,6,0.7986,1,keep,candidate_hybrid_model_keep_prob_ge_threshold_with_domain_anchor,6,0.7986,보이스피싱,,,candidate_hybrid,1,0.65,0.35
"과기정통부·신한금융, AI·디지털 사각지대 해소 협력…교육 거점 확대","금융교육 인력과 금융 안전교육 콘텐츠를 제공할 예정이다. 교육 과정에는 모바일뱅킹 이용, 보이스피싱 예방과 피해구제, 숨은 자산 조회 등이 포함된다. 신한금융의 웹 기반 교육 플랫폼 ‘신한 conSOLe’도 활용한다.",https://www.betanews.net/article/view/beta202608040110,7,0.6116,1,keep,candidate_hybrid_gray_keep_domain_score_ge_threshold,7,0.6116,보이스피싱,금융,,candidate_hybrid,1,0.65,0.35
전국 돌며 1억 5000만원 챙겨…20대 보이스피싱 수거책 검찰 송치,그러나 경찰은 A씨의 휴대전화에서 지인과 범행 관련 메시지를 주고받은 내역 등을 확인했다. 경찰은 A씨가 보이스피싱 조직으로부터 월급을 받으며 피해금 수거책으로 활동한 것으로 보고 있다.,https://www.mt.co.kr/society/2026/08/04/2026080422202650071,6,0.8564,1,keep,candidate_hybrid_model_keep_prob_ge_threshold_with_domain_anchor,6,0.8564,보이스피싱,,,candidate_hybrid,1,0.65,0.35
교통카드·옷 바꿔도… 1억 5천만원 보이스피싱 수거책 덜미,"A 씨는 교통카드를 1~2회 사용 후 변경하고 모텔에서 하루씩 머문 뒤 이동, 현금 사용, 수시 환복 등으로 경찰 수사망을 피해온 것으로 전해졌다. 조사 결과 A 씨는 보이스피싱 조직의 지시를 받고 전국을 돌며 총 7차례...",https://www.ggilbo.com/news/articleView.html?idxno=1173415,6,0.8577,1,keep,candidate_hybrid_model_keep_prob_ge_threshold_with_domain_anchor,6,0.8577,보이스피싱,,,candidate_hybrid,1,0.65,0.35
보이스피싱 예방 국민은행 울산 옥동점 직원에 감사장,"울산남부경찰서(서장 방경배)는 4일 국민은행 옥동점을 방문해 보이스피싱 피해를 막은 은행원에게 감사장과 신고포상금을 수여했다. 은행원 A씨는 지난달 22일 5,000만원을 인출하겠다는 고령의 고객을 응대하며...",https://www.ulsanpress.net/news/articleView.html?idxno=580438,6,0.8673,1,keep,candidate_hybrid_model_keep_prob_ge_threshold_with_domain_anchor,6,0.8673,보이스피싱,,,candidate_hybrid,1,0.65,0.35
[기자수첩]스피어피싱,"대구에서도 경찰 집계 결과, 올 1∼5월 보이스피싱 발생 건수는 지난해 동기간 대비 43%, 피해 금액은 51%가량 감소한 것으로 나타났다. 하지만 그만큼 피싱 수법도 갈수록 진화하고 있기 때문에 주의는 계속 강화돼야 할...",https://www.idaegu.co.kr/news/articleView.html?idxno=555840,6,0.6564,1,keep,candidate_hybrid_model_keep_prob_ge_threshold_with_domain_anchor,6,0.6564,보이스피싱,,,candidate_hybrid,1,0.65,0.35
신한금융 디지털격차 해소 정부와 협력…진옥동 회장 “디지털소외 없...,"신한 conSOLe은 슈퍼SOL 화면 기반으로 안전한 모바일뱅킹 활용, 보이스피싱 예방 및 피해구제, 숨은자산 찾기 등 당국의 주요 소비자보호정책을 실습할 수 있도록 자체개발한 웹기반 교육플랫폼입니다. 양측은 AI·디지털...",https://www.inthenews.co.kr/news/article.html?no=90166,6,0.6308,1,keep,candidate_hybrid_gray_keep_domain_score_ge_threshold,6,0.6308,보이스피싱,,,candidate_hybrid,1,0.65,0.35
"보령 보이스피싱 사기…경찰, 국제적 범죄 조직원 검거","충남보령경찰서는 이번 사건을 통해 보이스피싱 조직의 활동에 대한 경각심을 고취시키고 있으며, 관련 범죄에 대한 지속적인 단속을 이어나갈 계획이다. 이번 사건으로 인해 피해가 발생한 상황에 대해 철저한 수사를...",https://www.gokorea.kr/news/articleView.html?idxno=874112,6,0.8559,1,keep,candidate_hybrid_model_keep_prob_ge_threshold_with_domain_anchor,6,0.8559,보이스피싱,,,candidate_hybrid,1,0.65,0.35
지명수배자가 “강도당했다” 112 신고…털어간 보이스피싱 중국인 일당...,보이스피싱 사기 조직원인 중국 국적 20대 A씨와 30대 B씨를 구속했다고 밝혔다. A·B씨는 지난 1일 오전 11시쯤 충남 보령시 한 아파트 인근에서 투자리딩방 사기 조직의 현금수거책인 50대 C씨가 수거해온 사기 피해금...,https://www.dt.co.kr/article/12076562?ref=naver,6,0.7847,1,keep,candidate_hybrid_model_keep_prob_ge_threshold_with_domain_anchor,6,0.7847,보이스피싱,,,candidate_hybrid,1,0.65,0.35
"경찰 수사 사기 사건, 5억 넘으면 중수청으로…혼선 우려도",보이스피싱과 같은 사기 사건도 피해 금액이 5억 원이 넘느냐에 따라 경찰에서 중대범죄수사청(중수청)으로 수사기관이 바뀔 수 있기 때문이다. 만약 수사기관 간에 동일한 사건을 수사하게 되면 새롭게 만들어지는...,https://www.donga.com/news/Society/article/all/20260804/134419148/1,6,0.6983,1,keep,candidate_hybrid_model_keep_prob_ge_threshold_with_domain_anchor,6,0.6983,보이스피싱,,,candidate_hybrid,1,0.65,0.35
"신한금융·과기정통부, AI·디지털 취약계층 금융교육 협력 확대","'신한 conSOLe'은 '슈퍼SOL' 화면을 기반으로 제작된 웹 기반 교육 플랫폼으로, 안전한 모바일 금융 이용 방법과 보이스피싱 예방, 피해 구제 절차, 숨은 자산 찾기 등을 직접 실습할 수 있도록 구성됐다. 배경훈 부총리 겸...",https://www.thedailypost.kr/news/articleView.html?idxno=114908,7,0.6656,1,keep,candidate_hybrid_model_keep_prob_ge_threshold_with_domain_anchor,7,0.6656,보이스피싱,금융,,candidate_hybrid,1,0.65,0.35
범죄자를 단죄하는 비용보다 억울한 피해자가 국가에 정의를 구걸하는...,"자연스럽게 굵직한 사건이나 언론의 주목을 받는 사건에 밀려, 피해 규모가 작은 소액 사기, 중고 거래 사기, 보이스피싱 같은 서민형 범죄는 철저히 수사의 뒷전으로 방치될 것이 자명하다. 피해자 입장은 더 참담하다....",https://www.ngonews.kr/news/articleView.html?idxno=234610,6,0.749,1,keep,candidate_hybrid_model_keep_prob_ge_threshold_with_domain_anchor,6,0.749,보이스피싱,,,candidate_hybrid,1,0.65,0.35
"청주청원경찰서, 노인 맞춤형 안전교육",［동양일보 김민환 기자］ 청주청원경찰서는 4일 충북노인종합복지관에서 노인 40여명을 대상으로 교통사고 예방과 보이스피싱 피해 예방을 위한 맞춤형 안전교육을 했다. 이날 경찰은 교통안전과 사기 예방 퀴즈를...,https://www.dynews.co.kr/news/articleView.html?idxno=860490,6,0.8165,1,keep,candidate_hybrid_model_keep_prob_ge_threshold_with_domain_anchor,6,0.8165,보이스피싱,,,candidate_hybrid,1,0.65,0.35
"신한금융, 과기정통부와 취약계층 AI·디지털 격차 해소 나선다","'신한 conSOLe'은 실제 슈퍼SOL 화면을 기반으로 안전한 모바일 뱅킹 활용, 보이스피싱 예방 및 피해구제, 숨은 자산 찾기 등 당국의 주요 소비자보호 정책을 직접 실습할 수 있도록 자체 개발한 웹 기반 교육 플랫폼이다. 배...",http://www.newsian.co.kr/news/articleView.html?idxno=93267,6,0.5863,1,keep,candidate_hybrid_gray_keep_domain_score_ge_threshold,6,0.5863,보이스피싱,,,candidate_hybrid,1,0.65,0.35
보령서 투자 리딩사기 현금수거책 노린 보이스피싱 일당 구속,보이스피싱 조직원 A(20대) 씨와 B(30대) 씨를 구속했다고 4일 밝혔다. 이들은 지난 1일 오전 11시쯤 보령시 한 아파트 인근에서 투자 리딩방 사기 조직의 현금 수거책인 C(50대) 씨를 뒤쫓아 팔을 꺾는 등 위협한 뒤 피해자로...,https://www.daejonilbo.com/news/articleView.html?idxno=2292615,6,0.8206,1,keep,candidate_hybrid_model_keep_prob_ge_threshold_with_domain_anchor,6,0.8206,보이스피싱,,,candidate_hybrid,1,0.65,0.35
보이스피싱 '꼼짝마'...AI 플랫폼 'ASAP' 본격가동,금융권과 수사당국은 이번 통합망 가동을 계기로 보이스피싱 대응 패러다임이 사후 피해 구제 중심에서 사전 능동 차단 방식으로 전환될 것으로 기대하고 있다. 기관별로 분산되었던 계좌 및 통신 데이터를 결합해...,http://www.00news.co.kr/news/articleView.html?idxno=105623,6,0.8685,1,keep,candidate_hybrid_model_keep_prob_ge_threshold_with_domain_anchor,6,0.8685,보이스피싱,,,candidate_hybrid,1,0.65,0.35
리딩사기 친 돈 뺏긴 수거책… 범인은 보이스피싱 일당,투자 리딩방 사기 조직원에게서 수천만원의 범죄 수익을 빼앗은 보이스피싱 조직원들이 경찰에 붙잡혔다.... 범죄 피해금 5000만원을 빼앗은 혐의를 받는다. 이들은 투자 사기 피해자가 숨겨놓은 돈을 챙기기 위해 C씨가...,https://www.kmib.co.kr/article/view.asp?arcid=9000000853&cp=nv,6,0.9075,1,keep,candidate_hybrid_model_keep_prob_ge_threshold_with_domain_anchor,6,0.9075,보이스피싱,,,candidate_hybrid,1,0.65,0.35
리딩사기 현금 수거책 협박해 5000만원 빼앗은 피싱조직 일당 구속,충남보령경찰서는 투자 리딩방 사기 조직원을 위협해 거액의 사기 피해금을 빼앗은 혐의(특수강도)로 보이스피싱 조직 일당을 구속했다고 4일 밝혔다. 보이스피싱 사기 조직원인 중국 국적자 20대 A씨와 20대 B씨는 지난...,https://www.khan.co.kr/article/202608041938001,6,0.8036,1,keep,candidate_hybrid_model_keep_prob_ge_threshold_with_domain_anchor,6,0.8036,보이스피싱,,,candidate_hybrid,1,0.65,0.35
"대구 서부서, '2억 4천만 원' 피해 막은 은행원 감사장 수여","신고를 받은 관할 지구대와 보이스피싱 전담팀은 즉시 출동해 약 1시간 동안 고객을 끈질기게 설득한 끝에 피해를 예방했습니다. 피해자는 ""고객이 명의가 도용돼 대포통장이 개설됐으며 범죄에 연루됐다""는 검찰 사칭...",https://news.skbroadband.com/news/articleView.html?idxno=234047,6,0.7705,1,keep,candidate_hybrid_model_keep_prob_ge_threshold_with_domain_anchor,6,0.7705,보이스피싱,,,candidate_hybrid,1,0.65,0.35
계좌 동결부터 번호 차단까지…금융·통신·수사 ‘원스톱’ 원팀 구축,"금융회사와 통신사, 수사기관이 보유한 보이스피싱 의심정보를 한곳에 모아 신속히 차단·수사하는 다부처 정보공유 체계가 본격 가동된다. 4일 금융위원회는 개정된 ‘전기통신금융사기 피해 방지 및 피해금 환급에 관한...",http://www.segyebiz.com/newsView/20260804520883?OutUrl=naver,19,0.9111,1,keep,candidate_hybrid_keep_strong_domain_rule_anchor,19,0.9111,금융위원회;금융위;보이스피싱,금융,,candidate_hybrid,1,0.65,0.35
리딩사기 조직원이 수거한 5천만원 빼앗아…피싱조직 일당 구속,돈 빼앗기고 112 신고한 리딩사기 조직원 지명수배범으로 확인돼 충남보령경찰서는 투자 리딩방 사기 조직원을 위협해 수천만 원에 달하는 사기 피해금을 빼앗은 혐의(특수강도)로 보이스피싱 조직 일당을 구속했다고...,https://www.yna.co.kr/view/AKR20260804155900063?input=1195m,6,0.7096,1,keep,candidate_hybrid_model_keep_prob_ge_threshold_with_domain_anchor,6,0.7096,보이스피싱,,,candidate_hybrid,1,0.65,0.35
"""제2금융권도 은행처럼 정보 제공"" 금융위 '보이스피싱 의심 공유' 법적...","금융위는 ""이번 통신사기피해환급법령 시행으로 제2금융권도 은행과 동일한 정보를 적극 제공하고 통신·수사정보도 ASAP에 공유되는 등 보이스피싱 대응 역량이 한층 강화될 전망""이라고 했다.",https://weekly.hankooki.com/news/articleView.html?idxno=7177497,12,0.9319,1,keep,candidate_hybrid_keep_strong_domain_rule_anchor,12,0.9319,금융위;보이스피싱,,,candidate_hybrid,1,0.65,0.35
"신한금융 x 과기정통부, AI·디지털 취약계층 지원","웹 기반 금융교육 플랫폼 '신한 conSOLe'를 통해 모바일 금융 이용, 보이스피싱 예방, 피해구제, 숨은 자산 찾기 등 실생활 중심의 디지털 금융교육 콘텐츠도 제공한다. 특히 실제 '신한 슈퍼SOL' 화면을 기반으로 한 실습형...",https://www.straightnews.co.kr/news/articleView.html?idxno=308313,7,0.6659,1,keep,candidate_hybrid_model_keep_prob_ge_threshold_with_domain_anchor,7,0.6659,보이스피싱,금융,,candidate_hybrid,1,0.65,0.35
"전남농협, 신안 임자도서 농촌왕진버스 운영","보이스피싱과 스미싱 등에 취약한 고령 농업인을 대상으로 금융사기 피해 예방교육도 병행했다. 이광일 농협전남본부장은 ""농촌왕진버스는 바쁜 영농철 병원을 찾기 어려운 농업인과 조합원을 위해 마련한 대표적인...",https://www.namdonews.com/news/articleView.html?idxno=919058,6,0.7201,1,keep,candidate_hybrid_model_keep_prob_ge_threshold_with_domain_anchor,6,0.7201,보이스피싱,,,candidate_hybrid,1,0.65,0.35
금융·통신·수사정보 한곳에.. 보이스피싱 정보 공유망 가동,"피해·사기 의심 계좌 정보와 거래내역, 명의인 정보, 보이스피싱에 사용된 것으로 의심되는 전화번호와 이용자 정보, 악성 애플리케이션(앱) 관련 정보, 금융회사의 피해의심거래 탐지 정보 등을 공유할 수 있다....",http://www.fnnews.com/news/202608041824379646,7,0.9093,1,keep,candidate_hybrid_model_keep_prob_ge_threshold_with_domain_anchor,7,0.9093,보이스피싱,금융,,candidate_hybrid,1,0.65,0.35
"신효섭 충북청장, 영동경찰서 치안 현장 방문","신 충북청장은 ""보이스피싱은 새로운 수법이나 방법에 대해 알아야 피해를 당하지 않는다""며 ""경찰과 협력단체가 긴밀한 네트워크 구축을 통해 범죄를 예방하고 안전한 지역사회를 만들어달라""고 말했다.",https://www.ccdn.co.kr/news/articleView.html?idxno=1092095,6,0.7569,1,keep,candidate_hybrid_model_keep_prob_ge_threshold_with_domain_anchor,6,0.7569,보이스피싱,,,candidate_hybrid,1,0.65,0.35
"신한금융, 과기정통부와 취약계층 디지털금융 교육 협력","고령층과 장애인 등 취약계층의 정보 격차와 금융사기 피해를 함께 줄이겠다는 취지다. '신한 학이재'는... 웹 기반 교육 플랫폼 '신한 conSOLe'로는 실제 앱 신한 슈퍼SOL 화면을 기반으로 모바일 뱅킹, 보이스피싱 예방...",http://www.whitepaper.co.kr/news/articleView.html?idxno=265335,6,0.6392,1,keep,candidate_hybrid_gray_keep_domain_score_ge_threshold,6,0.6392,보이스피싱,,,candidate_hybrid,1,0.65,0.35
[기고] '어서 끊자 1394' 챌린지 확산을 기대하며,"범죄피해로 재산을 날리고 파산하며 이를 비관 목숨까지 끊는 너무나 안타까운 일들이 반복되고 있다. 경찰청에서는 보이스피싱 범죄를 주요 치안과제로 삼고, 예방과 검거 정책을 꾸준히 추진하고 있다. 특히...",https://www.jbnews.com/news/articleView.html?idxno=1508877,6,0.7316,1,keep,candidate_hybrid_model_keep_prob_ge_threshold_with_domain_anchor,6,0.7316,보이스피싱,,,candidate_hybrid,1,0.65,0.35
"디지털 취약계층의 AI 교육, 신한금융과 손잡고 금융권 전반 확산","신한금융그룹의 금융교육 플랫폼 ‘신한 콘솔’은 안전한 모바일 뱅킹 이용법, 보이스피싱 예방과 피해 구제, 숨은 자산 찾기 등을 웹 기반 실습 형태로 제공하고 있어, 실제 생활에서 바로 써먹을 수 있는 교육 수단으로...",https://www.tokenpost.kr/news/policy/384958,6,0.6827,1,keep,candidate_hybrid_model_keep_prob_ge_threshold_with_domain_anchor,6,0.6827,보이스피싱,,,candidate_hybrid,1,0.65,0.35
금감원·검찰 사칭… 전국 돌며 1억5400만원 수거한 보이스피싱 수거책...,금융감독원과 검찰을 사칭한 보이스피싱 조직의 지시에 따라 피해자들의 현금을 수거한 20대 현금수거책이 검찰에 넘겨졌다. 4일 대전경찰청은 전기통신금융사기 피해 방지 및 피해금 환급에 관한 특별법 위반 혐의로...,https://www.joongdo.co.kr/web/view.php?key=20260804010001146,18,0.9301,1,keep,candidate_hybrid_keep_strong_domain_rule_anchor,18,0.9301,금융감독원;금감원;보이스피싱,,,candidate_hybrid,1,0.65,0.35
"신한금융, 과기정통부와 취약계층 AI·디지털 금융교육 지원","신한 conSOLe은 실제 신한 슈퍼SOL 화면을 기반으로 안전한 모바일뱅킹 활용, 보이스피싱 예방과 피해구제, 숨은 자산 찾기 등을 직접 실습할 수 있도록 신한금융이 자체 개발한 웹 기반 교육 플랫폼이다. 배경훈 부총리 겸...",https://news.tf.co.kr/read/economy/2350543.htm,6,0.5953,1,keep,candidate_hybrid_gray_keep_domain_score_ge_threshold,6,0.5953,보이스피싱,,,candidate_hybrid,1,0.65,0.35
"신한금융, AI 금융교육 강화…디지털 취약계층 보이스피싱 대응 돕는다","모바일뱅킹 이용법과 디지털 금융서비스 활용은 물론 보이스피싱과 스미싱 대응, 악성 애플리케이션 식별, 금융사기 피해 예방 교육까지 함께 제공해 실생활에서 활용할 수 있는 역량을 높인다는 계획이다. 신한금융은...",https://www.e-science.co.kr/news/articleView.html?idxno=132932,6,0.8397,1,keep,candidate_hybrid_model_keep_prob_ge_threshold_with_domain_anchor,6,0.8397,보이스피싱,,,candidate_hybrid,1,0.65,0.35
"""제 필체 맞지만 서명 안 했어요""…내 명의 대포폰, 처벌받게 될까요?",어느 날 경찰로부터 전화를 받은 A씨는 자신도 모르는 사이에 보이스피싱 사건의 피의자가 되어 있었다. A씨... 명의도용 피해자라는 점을 객관적인 자료로 입증하는 것이 중요하다고 분석했다. 경찰이 확보한 정황 증거를...,https://lawtalknews.co.kr/article/F5RL6SYENP1S,6,0.6906,1,keep,candidate_hybrid_model_keep_prob_ge_threshold_with_domain_anchor,6,0.6906,보이스피싱,,,candidate_hybrid,1,0.65,0.35
"진옥동 신한금융 회장 ""금융사기로부터 국민 자산 지키는 일 매우 중요...","'신한 conSOLe'은 슈퍼SOL 화면을 기반으로 안전한 모바일 뱅킹 활용, 보이스피싱 예방 및 피해구제, 숨은 자산 찾기 등 당국의 주요 소비자보호 정책을 실습할 수 있도록 자체 개발한 웹 기반 교육 플랫폼이다. 배경훈...",http://www.smarttimes.co.kr/news/articleView.html?idxno=47876,6,0.7054,1,keep,candidate_hybrid_model_keep_prob_ge_threshold_with_domain_anchor,6,0.7054,보이스피싱,,,candidate_hybrid,1,0.65,0.35
[여명] 보완수사권 폐지에 국민은 없었다,그러나 전세사기로 보증금을 잃은 세입자와 보이스피싱으로 노후자금을 빼앗긴 피해자도 수사기관 앞에서는 약자이긴 매한가지다. 그래서 다른 법조계 인사는 “범죄 피해자는 유형과 관계없이 약자”라며 “7대 범죄만...,https://www.sedaily.com/article/20075649?ref=naver,6,0.767,1,keep,candidate_hybrid_model_keep_prob_ge_threshold_with_domain_anchor,6,0.767,보이스피싱,,,candidate_hybrid,1,0.65,0.35
"보이스피싱 의심 금융·통신·수사정보, 'ASAP' 통해 본격적으로 공유","정보, ▲보이스피싱 목적으로 사용된 악성앱 등 개인정보 수집프로그램 관련 정보, ▲각 금융회사의 피해의심거래 탐지정보 등이다. 정보제공 제한규정 적용 배제 기관 간 신속한 정보공유가 이루어질 수 있도록...",http://www.intn.co.kr/news/articleView.html?idxno=2052329,7,0.8455,1,keep,candidate_hybrid_model_keep_prob_ge_threshold_with_domain_anchor,7,0.8455,보이스피싱,금융,,candidate_hybrid,1,0.65,0.35
"""보이스피싱 의심정보 공유""…금융·통신·수사기관, 'ASAP' 공동 활용","정보, ▲보이스피싱 목적으로 사용된 악성앱 등 개인정보 수집프로그램 관련 정보, ▲각 금융회사의 피해의심거래 탐지정보 등이다. 기관 간 신속한 정보공유가 이뤄질 수 있도록 금융실명법·신용정보법 등 정보제공을...",https://www.getnews.co.kr/news/articleView.html?idxno=877033,7,0.8711,1,keep,candidate_hybrid_model_keep_prob_ge_threshold_with_domain_anchor,7,0.8711,보이스피싱,금융,,candidate_hybrid,1,0.65,0.35
보이스피싱 수거책 수천만원 빼앗아 달아난 중국인 일당 검거,이들은 지난 1일 오전 11시께 보령의 한 아파트에서 50대 보이스피싱 조직 수거책인 B 씨로부터 5000만 원을 빼앗아 도주한 혐의다. 이들은 투자 리딩방 사기를 통해 피해자의 돈을 수거해 아파트 밖으로 나온 B 씨를...,https://www.news1.kr/local/daejeon-chungnam/6249063,6,0.7644,1,keep,candidate_hybrid_model_keep_prob_ge_threshold_with_domain_anchor,6,0.7644,보이스피싱,,,candidate_hybrid,1,0.65,0.35
신한금융·과기정통부 맞손…디지털 취약계층 AI 교육지원,"웹 기반 금융교육 플랫폼 '신한 conSOLe'를 통해 모바일 뱅킹 이용법과 보이스피싱 예방, 피해 구제, 숨은 자산 찾기 등 실습형 교육도 제공한다. 현재 신한금융은 인천·수원·부산·광주 등 4곳에서 '신한 학이재'를...",https://www.cstimes.com/news/articleView.html?idxno=715720,6,0.6511,1,keep,candidate_hybrid_model_keep_prob_ge_threshold_with_domain_anchor,6,0.6511,보이스피싱,,,candidate_hybrid,1,0.65,0.35
"금융·통신·수사기관, 보이스피싱 의심정보 공동 활용",4일 금융위원회는 이날 개정 '전기통신금융사기 피해 방지 및 피해금 환급에 관한 특별법'과 시행령이 이날 시행된다고 밝혔다. 개정 법령은 보이스피싱 의심정보를 'ASAP(보이스피싱 정보공유·분석 AI 플랫폼)'에...,https://www.financialpost.co.kr/news/articleView.html?idxno=269108,19,0.9745,1,keep,candidate_hybrid_keep_strong_domain_rule_anchor,19,0.9745,금융위원회;금융위;보이스피싱,금융,,candidate_hybrid,1,0.65,0.35
"금융·통신·수사 정보, 플랫폼에 모아 보이스피싱 잡는다","금융위원회는 개정 '통신사기피해환급법' 시행령이 4일부터 시행된다고 밝혔다. 개정 법령 시행으로 금융회사와 전기통신사업자, 수사기관은 정보주체의 개별 동의 없이도 보이스피싱 의심정보를 정보공유분석기관(ASAP)...",http://www.newsfc.co.kr/news/articleView.html?idxno=80309,19,0.9485,1,keep,candidate_hybrid_keep_strong_domain_rule_anchor,19,0.9485,금융위원회;금융위;보이스피싱,금융,,candidate_hybrid,1,0.65,0.35
신한금융-과기정통부 맞손… 디지털 소외계층 AI 교육 및 금융사기 예방...,"정교해지는 보이스피싱이나 스미싱 등 각종 금융 범죄로부터 이들을 보호하기 위해 추진됐다. 협약에 따라... 및 피해 구제 절차, 미수령 자산 조회 등을 직접 실습해볼 수 있도록 돕는다. 배경훈 부총리 겸 과기정통부...",http://www.lkp.news/news/articleView.html?idxno=82616,7,0.7917,1,keep,candidate_hybrid_model_keep_prob_ge_threshold_with_domain_anchor,7,0.7917,보이스피싱,금융,,candidate_hybrid,1,0.65,0.35
"신한금융, 과기정통부와 AI·디지털 취약계층 금융교육 협력","이 플랫폼은 실제 신한 슈퍼SOL 화면을 기반으로 모바일 뱅킹 이용, 보이스피싱 예방 및 피해구제, 숨은 자산 찾기 등을 실습할 수 있도록 구성된 웹 기반 교육 시스템이다. 신한금융은 현재 인천, 수원, 부산, 광주 등...",https://www.cnbizm.com/news/articleView.html?idxno=310571,6,0.5601,1,keep,candidate_hybrid_gray_keep_domain_score_ge_threshold,6,0.5601,보이스피싱,,,candidate_hybrid,1,0.65,0.35
"신한금융, 디지털 역량 강화 '속도'...AI 금융교육부터 청년 일경험까지","줄이고, 보이스피싱·스미싱 등 금융사기 피해를 예방하기 위해 마련됐다. 협약에 따라 신한금융은 기존 금융교육 거점인 '신한 학이재'를 국가 AI 디지털배움터로 지정·활용하고 향후 디지털역량지원센터로 제공할...",http://www.dailypop.kr/news/articleView.html?idxno=101239,6,0.7142,1,keep,candidate_hybrid_model_keep_prob_ge_threshold_with_domain_anchor,6,0.7142,보이스피싱,,,candidate_hybrid,1,0.65,0.35
"신한금융, 과기정통부와 맞손…AI·디지털 금융교육 확대",이번 협약은 고령층과 장애인 등 취약계층의 AI·디지털 격차를 줄이고 보이스피싱과 스미싱 등 금융사기 피해를 예방하기 위해 마련됐다. 신한금융은 '신한 학이재'를 국가 AI 디지털배움터로 활용하고 향후...,http://www.ftoday.co.kr/news/articleView.html?idxno=363067,6,0.7016,1,keep,candidate_hybrid_model_keep_prob_ge_threshold_with_domain_anchor,6,0.7016,보이스피싱,,,candidate_hybrid,1,0.65,0.35
"<IT 사랑방> AI 보이스피싱, 목소리까지 위조되는 사회의 신뢰 인프라","피해자는 이미 공포와 긴박감 속에 놓여 있고, 통화 상대방의 목소리까지 실제 가족과 유사하다면 합리적으로 판단하기 어렵기 때문이다. 따라서 인공지능 보이스피싱에 대한 대응은 개인의 주의 의무를 넘어, 의심스러운...",http://www.ifs.or.kr/bbs/board.php?bo_table=News&wr_id=55951,6,0.7869,1,keep,candidate_hybrid_model_keep_prob_ge_threshold_with_domain_anchor,6,0.7869,보이스피싱,,,candidate_hybrid,1,0.65,0.35
"신한금융, 과기부와 취약계층 디지털 금융교육 지원","특히 '신한 conSOLe'은 실제 슈퍼SOL 화면을 기반으로 안전한 모바일 뱅킹 활용, 보이스피싱 예방 및 피해구제, 숨은 자산 찾기 등 당국의 주요 소비자보호 정책을 직접 실습할 수 있도록 자체 개발한 웹 기반 교육...",https://www.autodaily.co.kr/news/articleView.html?idxno=546405,6,0.6842,1,keep,candidate_hybrid_model_keep_prob_ge_threshold_with_domain_anchor,6,0.6842,보이스피싱,,,candidate_hybrid,1,0.65,0.35
"신한금융, 과기부와 취약계층 AI·디지털 역량 강화 '맞손'","아울러 '신한 conSOLe'은 실제 슈퍼SOL 화면을 기반으로 안전한 모바일 뱅킹 활용, 보이스피싱 예방 및 피해구제, 숨은 자산 찾기 등 당국의 주요 소비자보호 정책을 직접 실습할 수 있도록 자체 개발한 웹 기반 교육...",https://www.hg-times.com/news/articleView.html?idxno=304153,6,0.5861,1,keep,candidate_hybrid_gray_keep_domain_score_ge_threshold,6,0.5861,보이스피싱,,,candidate_hybrid,1,0.65,0.35
"신한금융·과기정통부, 고령층·장애인 AI·모바일 금융교육","금융교육 플랫폼 ‘신한 conSOLe’을 활용한 실습교육도 제공한다. 실제 신한 슈퍼SOL 화면을 기반으로 모바일뱅킹 이용법과 보이스피싱 예방·피해구제, 숨은 자산 찾기 등을 교육할 예정이다. 홍석경 글로벌이코노믹 기자",https://www.g-enews.com/view.php?ud=202608041626125922e30fcb1ba8_1,6,0.65,1,keep,candidate_hybrid_model_keep_prob_ge_threshold_with_domain_anchor,6,0.65,보이스피싱,,,candidate_hybrid,1,0.65,0.35
"신한금융, 과기정통부와 AI·디지털 금융교육 확대…취약계층 지원 강화","신한 conSOLe은 실제 '슈퍼SOL' 화면을 기반으로 안전한 모바일뱅킹 이용, 보이스피싱 예방·피해구제, 숨은 자산 찾기 등 소비자 보호 정책을 직접 체험할 수 있도록 개발된 웹 기반 교육 플랫폼이다. 신한금융은 청년...",https://www.job-post.co.kr/news/articleView.html?idxno=223024,6,0.5867,1,keep,candidate_hybrid_gray_keep_domain_score_ge_threshold,6,0.5867,보이스피싱,,,candidate_hybrid,1,0.65,0.35
보이스피싱 의심 정보 공유 빨라진다…정보 주체 동의 없이 가능해져,"그동안 금융실명법과 신용정보법 등의 제한으로 기관 간 정보 공유가 어려웠지만, 이번 법 개정을 통해 빠른 공유로 보이스피싱 범죄 피해를 차단할 수 있게 됐다.금융위원회는 4일 이 같은 내용의 '전기통신금융사기 피해...",https://www.kbsm.net/news/view.php?idx=529219,18,0.9194,1,keep,candidate_hybrid_keep_strong_domain_rule_anchor,18,0.9194,금융위원회;금융위;보이스피싱,,,candidate_hybrid,1,0.65,0.35
"도박 자금 통장, '전기통신금융사기'로 지급정지… 어떻게 대처하나","불법 도박 사이트 이용 과정에서 보이스피싱 피해금이 계좌로 유입되면서, 계좌 명의인은 보이스피싱 범죄 가담 혐의와 불법 도박 혐의라는 두 가지 법적 리스크에 동시에 직면하게 됐다. 도박 자금 입출금 통장에 통보된...",https://lawtalknews.co.kr/article/ZW3TV46HM5HE,6,0.8243,1,keep,candidate_hybrid_model_keep_prob_ge_threshold_with_domain_anchor,6,0.8243,보이스피싱,,,candidate_hybrid,1,0.65,0.35
보이스피싱 잡는 '정보공유망' 가동...금융·통신·수사정보 한곳에,"피해·사기 의심 계좌 정보와 거래내역, 명의인 정보, 보이스피싱에 사용된 것으로 의심되는 전화번호와 이용자 정보, 악성 애플리케이션(앱) 관련 정보, 금융회사의 피해의심거래 탐지 정보 등을 공유할 수 있다....",http://www.fnnews.com/news/202608041617321068,7,0.9028,1,keep,candidate_hybrid_model_keep_prob_ge_threshold_with_domain_anchor,7,0.9028,보이스피싱,금융,,candidate_hybrid,1,0.65,0.35
"""보이스피싱 징후 포착 시 정보 공유""…전기통신금융사기 특별법 개정","그동안 금융실명법과 신용정보법 등의 제한으로 기관 간 정보 공유가 어려웠지만, 이번 법 개정을 통해 빠른 공유로 보이스피싱 범죄 피해를 차단할 수 있게 됐다. 금융위원회는 4일 이 같은 내용의 '전기통신금융사기...",https://www.jnilbo.com/news/articleView.html?idxno=90000054507,18,0.9388,1,keep,candidate_hybrid_keep_strong_domain_rule_anchor,18,0.9388,금융위원회;금융위;보이스피싱,,,candidate_hybrid,1,0.65,0.35
보이스피싱 의심정보 한곳에 모은다…금융·통신·수사기관 'ASAP' 공동 ...,금융위원회는 4일부터 개정 ‘전기통신금융사기 피해 방지 및 피해금 환급에 관한 특별법’과 시행령이 시행된다고 밝혔다. 이에 따라 보이스피싱 정보공유·분석 인공지능(AI) 플랫폼인 ‘ASAP(에이샙)’을 통한 금융...,https://www.ajunews.com/view/20260804164335921,19,0.9398,1,keep,candidate_hybrid_keep_strong_domain_rule_anchor,19,0.9398,금융위원회;금융위;보이스피싱,금융,,candidate_hybrid,1,0.65,0.35
"신한금융, 과기정통부와 '디지털 취약계층 AI·금융교육' 협약…온·오프...","온라인에서는 웹 기반 교육 플랫폼인 '신한 conSOLe'을 활용해 모바일 뱅킹 활용법, 보이스피싱 예방 및 피해 구제, 숨은 자산 찾기 등 생활밀착형 실습 콘텐츠를 적극 제공합니다. 정부와 금융권은 이번 민관 협력을 통해...",https://news.bbsi.co.kr/news/articleView.html?idxno=4098835,6,0.6146,1,keep,candidate_hybrid_gray_keep_domain_score_ge_threshold,6,0.6146,보이스피싱,,,candidate_hybrid,1,0.65,0.35
"신한금융, 과기정통부와 'AI 디지털 역량 강화' 협약…취약계층 안전 금...","신한 conSOLe는 실제 슈퍼SOL 화면을 기반으로 모바일 뱅킹 안전 이용, 보이스피싱 예방 및 피해구제, 숨은 자산 찾기 등 주요 소비자보호 정책을 직접 체험할 수 있도록 자체 개발된 웹 기반 교육 플랫폼이다. 배경훈...",https://www.newsmap.co.kr/news/articleView.html?idxno=1983,6,0.5999,1,keep,candidate_hybrid_gray_keep_domain_score_ge_threshold,6,0.5999,보이스피싱,,,candidate_hybrid,1,0.65,0.35
"신한금융·과기부, 취약계층 AI·디지털 금융교육 '맞손'","또 자체 개발한 웹 기반 교육 플랫폼 '신한 conSOLe'에서는 슈퍼SOL 화면을 기반으로 안전한 모바일 뱅킹 이용법, 보이스피싱 예방 및 피해구제, 숨은 자산 찾기 등 금융소비자 보호 교육을 실습 형태로 받을 수 있다....",https://news.bizwatch.co.kr/article/finance/2026/08/04/0029,6,0.7469,1,keep,candidate_hybrid_model_keep_prob_ge_threshold_with_domain_anchor,6,0.7469,보이스피싱,,,candidate_hybrid,1,0.65,0.35
신한금융그룹 취약계층 디지털 격차 해소 위해 기획재정부와 제휴 : 폐...,"안전한 모바일 뱅킹 사용법, 보이스피싱 예방 및 피해구제, 숨은 자산 찾기 등 당국의 주요 소비자보호 정책을 직접 실습할 수 있도록 구성됐다. 진옥동 신한금융그룹 회장은 ""AI·디지털 교육은 단순히 기기 사용법을...",https://www.huffingtonpost.kr/article/259253,6,0.6471,1,keep,candidate_hybrid_gray_keep_domain_score_ge_threshold,6,0.6471,보이스피싱,,,candidate_hybrid,1,0.65,0.35
보이스피싱 의심 금융·통신·수사정보 금융보안원에 모은다… 공동 대...,"이에 정부는 보이스피싱 근절 종합대책의 일환으로 통신사기피해환급법 개정을 추진해 왔다. 이날 시행된 법에 따라 금융회사와 전기통신사업자, 수사기관, 금융감독원ㆍ금융정보분석원, 전자금융업자, 가상자산거래소...",https://www.hankookilbo.com/news/article/A2026080410580005329?did=NA,27,0.9424,1,keep,candidate_hybrid_keep_strong_domain_rule_anchor,27,0.9424,금융감독원;보이스피싱;가상자산;가상자산거래소;금융정보분석원,금융,,candidate_hybrid,1,0.65,0.35
"검찰 폐지 후 2900명 규모 중수청 출범 ""국민권익 빈틈 없이 보호""","또한 보이스피싱, 금융범죄, 가상자산범죄, 국가재정범죄, 마약범죄 등 민생과 직결되는 범죄에 대응하기... 본청과 지방청에 각각 '사회약자범죄특별수사과'와 '수사팀'을 설치해 피해자 보호와 권익보호 기능을...",https://view.asiae.co.kr/article/2026080413530782883,10,0.7939,1,keep,candidate_hybrid_keep_strong_domain_rule_anchor,10,0.7939,보이스피싱;가상자산,,,candidate_hybrid,1,0.65,0.35
보이스피싱 정보공유 확대…AI 플랫폼 ‘ASAP’ 가동,"금융위원회는 4일부터 개정된 '통신사기피해환급법'과 시행령이 시행됨에 따라 금융회사와 통신사, 수사기관 등이 보유한 보이스피싱 의심정보를 정보공유분석기관인 금융보안원에 제공하고, 이를 관계기관이 공동...",https://www.mediapen.com/news/view/1114289,18,0.931,1,keep,candidate_hybrid_keep_strong_domain_rule_anchor,18,0.931,금융위원회;금융위;보이스피싱,,,candidate_hybrid,1,0.65,0.35
"﻿신한금융-과기정통부, 취약계층 AI·디지털 격차 해소 나서","특히 '신한 conSOLe'은 실제 슈퍼SOL 화면을 기반으로 안전한 모바일 뱅킹 활용, 보이스피싱 예방 및 피해구제, 숨은 자산 찾기 등 당국의 주요 소비자보호 정책을 직접 실습할 수 있도록 자체 개발한 웹 기반 교육...",https://www.mhj21.com/news/articleView.html?idxno=253497,6,0.6454,1,keep,candidate_hybrid_gray_keep_domain_score_ge_threshold,6,0.6454,보이스피싱,,,candidate_hybrid,1,0.65,0.35
"문 닫은 점포가 AI 배움터로…신한금융, 취약계층 금융교육 확대","안전한 모바일뱅킹 이용과 보이스피싱 예방·피해구제, 숨은 자산 찾기 등 금융소비자 보호 정책을 직접 실습할 수 있도록 구성됐다. 진옥동 신한금융 회장은 ""AI·디지털 교육은 단순히 기기 사용법을 알리는 것을 넘어...",https://www.sidae.com/article/2026080416194022332,6,0.6159,1,keep,candidate_hybrid_gray_keep_domain_score_ge_threshold,6,0.6159,보이스피싱,,,candidate_hybrid,1,0.65,0.35
[이슈체크] 72년 만의 사법 대변혁... '검찰 수사권 완전 폐지' 형소법 ...,"그러나 이에 대해서도 변호사 등 전문가들은 보이스피싱, 전세사기, 일반 폭행 등 민생 범죄 피해자는 왜 제외하느냐면서, 사회적 약자를 죄명으로만 구분해 차별하는 것은 명백한 평등권 침해라고 거세게 비판했다....",http://www.sisunnews.co.kr/news/articleView.html?idxno=243671,6,0.6807,1,keep,candidate_hybrid_model_keep_prob_ge_threshold_with_domain_anchor,6,0.6807,보이스피싱,,,candidate_hybrid,1,0.65,0.35
관광비자로 입국…보이스피싱 수거책 중국 국적 20대 구속송치,전국을 돌며 1억5000여만원 상당의 보이스피싱 피해금액을 빼돌린 중국 국적의 수거책이 경찰에 붙잡혔다. 대전서부경찰서는 전기통신금융사기 피해 방지 피해금 환급에 관한 특별법 위반 혐의로 중국 국적 20대 여성...,https://www.kmib.co.kr/article/view.asp?arcid=9000000798&cp=nv,6,0.8756,1,keep,candidate_hybrid_model_keep_prob_ge_threshold_with_domain_anchor,6,0.8756,보이스피싱,,,candidate_hybrid,1,0.65,0.35
"""디지털 소외 없도록""…신한금융, 과기정통부와 협약","특히 '신한 conSOLe'은 실제 슈퍼SOL 화면을 기반으로 안전한 모바일 뱅킹 활용, 보이스피싱 예방 및 피해구제, 숨은 자산 찾기 등 당국의 주요 소비자보호 정책을 직접 실습할 수 있도록 자체 개발한 웹 기반 교육...",https://www.joongangenews.com/news/articleView.html?idxno=537683,6,0.5948,1,keep,candidate_hybrid_gray_keep_domain_score_ge_threshold,6,0.5948,보이스피싱,,,candidate_hybrid,1,0.65,0.35
보이스피싱 의심 정보 실시간 공유…AI 플랫폼 'ASAP' 본격가동,금융위원회는 개정 '전기통신금융사기 피해 방지 및 피해금 환급에 관한 특별법(통신사기피해환급법)' 및 시행령이 4일부터 본격 시행된다고 발표했다. 이에 따라 보이스피싱 정보공유·분석 AI 플랫폼인 '에이샙(ASAP)'을...,https://www.pointe.co.kr/news/articleView.html?idxno=82786,18,0.9346,1,keep,candidate_hybrid_keep_strong_domain_rule_anchor,18,0.9346,금융위원회;금융위;보이스피싱,,,candidate_hybrid,1,0.65,0.35
'보이스피싱 정보 공유' 법제화 …ASAP 참여기관 확대,"ASAP를 통해 공유되는 정보도 △계좌번호 △거래내역 △명의인 △전화번호 △개인정보 수집 프로그램 관련 정보 △피해 의심 거래 탐지 정보 등으로 구체화됐다. 금융당국 관계자는 ""보이스피싱 대응을 위해 수많은...",http://www.newsprime.co.kr/news/article.html?no=742650,6,0.902,1,keep,candidate_hybrid_model_keep_prob_ge_threshold_with_domain_anchor,6,0.902,보이스피싱,,,candidate_hybrid,1,0.65,0.35
"""112 신고가 사람 살렸다""…예천경찰, 생명·재산 지킨 시민 2명 포상",예천경찰서(서장 김상식)는 최근 112 신고를 통해 온열질환자를 구조하고 보이스피싱 피해를 예방하는 데 기여한 시민 2명을 '112 신고 공로자'로 선정해 포상금과 감사장을 전달했다고 밝혔다. 공로자로 선정된 카페...,https://www.kyongbuk.co.kr/news/articleView.html?idxno=4080197,6,0.8085,1,keep,candidate_hybrid_model_keep_prob_ge_threshold_with_domain_anchor,6,0.8085,보이스피싱,,,candidate_hybrid,1,0.65,0.35
"충주署, 보이스피싱 예방 팔걷어","신동일 서장은 ""보이스피싱은 '급한 사정'을 앞세워 피해자의 판단을 흐리게 하는 경우가 많다""며, ""복숭아를 받는 순간 한 번 더 생각하고, 확인하는 습관이 소중한 재산을 지키는 첫걸음이 되길 바란다""고 밝혔다....",https://www.ccreview.co.kr/news/articleView.html?idxno=354332,6,0.8966,1,keep,candidate_hybrid_model_keep_prob_ge_threshold_with_domain_anchor,6,0.8966,보이스피싱,,,candidate_hybrid,1,0.65,0.35
보이스피싱 의심때 금융사·통신사·수사기관 등...정보주체 동의 없이...,"그동안 금융실명법과 신용정보법 등의 제한으로 기관 간 정보 공유가 어려웠지만, 이번 법 개정을 통해 빠른 공유로 보이스피싱 범죄 피해를 줄일 수 있게 됐다. 금융위원회는 4일 이 같은 내용의 '전기통신금융사기 피해...",https://www.delighti.co.kr/news/articleView.html?idxno=119805,18,0.9424,1,keep,candidate_hybrid_keep_strong_domain_rule_anchor,18,0.9424,금융위원회;금융위;보이스피싱,,,candidate_hybrid,1,0.65,0.35
"가스라이팅의 시대, 서바이벌","요즘 유행하는 보이스피싱이나 투자 리딩방 사기 등은, 상대를 심리적으로 압박(세뇌)하거나 극도의 불안감을 조성하여 판단력을 흐리게 만들어 피해에 이르게 만드는 수법이다. 가스라이팅과 그루밍에 의한 범죄는...",https://www.ccdailynews.com/news/articleView.html?idxno=2432001,6,0.7377,1,keep,candidate_hybrid_model_keep_prob_ge_threshold_with_domain_anchor,6,0.7377,보이스피싱,,,candidate_hybrid,1,0.65,0.35
"신한금융, 과기부와 ‘디지털 취약계층의 AI 역량 강화' 업무협약","신한 conSOLe은 실제 슈퍼SOL 화면을 기반으로 안전한 모바일 뱅킹 활용, 보이스피싱 예방 및 피해구제, 숨은 자산 찾기 등 당국의 주요 소비자보호 정책을 직접 실습할 수 있도록 자체 개발한 웹 기반 교육 플랫폼이다....",https://www.mediapen.com/news/view/1114286,6,0.554,1,keep,candidate_hybrid_gray_keep_domain_score_ge_threshold,6,0.554,보이스피싱,,,candidate_hybrid,1,0.65,0.35
"은행이 잡은 보이스피싱 정황, 경찰·금감원도 바로 본다",금융위원회는 4일 개정된 「전기통신금융사기 피해 방지 및 피해금 환급에 관한 특별법」 시행령과 하위 규정이 시행됨에 따라 보이스피싱 정보공유·분석 체계 운영을 시작한다고 밝혔다. 그동안 금융회사와 통신사...,https://www.abcn.kr/news/articleView.html?idxno=90153,18,0.9612,1,keep,candidate_hybrid_keep_strong_domain_rule_anchor,18,0.9612,금융위원회;금융위;보이스피싱,,,candidate_hybrid,1,0.65,0.35
"신효섭 충북경찰청장, 영동경찰서 치안 현장 방문","신효섭 충북청장은 ""보이스피싱은 새로운 수법이나 방법에 대해 알아야 피해를 당하지 않는다""며 ""앞으로도 홍보와 교육을 지속해 나가겠다""고 말했다. 또한 ""영동 경찰과 협력 단체가 긴밀한 네트워크 구축을 통해 정보를...",https://www.ggilbo.com/news/articleView.html?idxno=1173342,6,0.7373,1,keep,candidate_hybrid_model_keep_prob_ge_threshold_with_domain_anchor,6,0.7373,보이스피싱,,,candidate_hybrid,1,0.65,0.35
"신한금융, 과기정통부와 AI·디지털 금융교육 협력…취약계층 정보격차...","또 자체 개발한 웹 기반 교육 플랫폼 '신한 conSOLe'에서는 슈퍼SOL 화면을 기반으로 안전한 모바일 뱅킹 이용법, 보이스피싱 예방 및 피해구제, 숨은 자산 찾기 등 금융소비자 보호 교육을 실습 형태로 받을 수 있다....",https://www.delighti.co.kr/news/articleView.html?idxno=119768,6,0.6629,1,keep,candidate_hybrid_model_keep_prob_ge_threshold_with_domain_anchor,6,0.6629,보이스피싱,,,candidate_hybrid,1,0.65,0.35
보이스피싱 정보 공유 빨라진다…당사자 동의 없이 가능,"공유 대상에는 피해·사기 의심 계좌의 거래 내역과 보이스피싱에 사용된 전화번호 및 이용자 정보, 악성 애플리케이션 정보, 금융회사가 탐지한 피해 의심 거래 정보 등이 포함된다. 신속한 정보 제공을 위해 보이스피싱...",https://www.joongang.co.kr/article/25450738,6,0.9018,1,keep,candidate_hybrid_model_keep_prob_ge_threshold_with_domain_anchor,6,0.9018,보이스피싱,,,candidate_hybrid,1,0.65,0.35
"울산남부서, 보이스피싱 예방 기여 은행원에 감사장","울산남부경찰서는 4일 국민은행 옥동점을 방문해 보이스피싱 피해를 막은 은행원에게 감사장과 신고포상금을 수여했다. 은행원 A 씨는 지난달 22일 5,000만원을 인출하겠다는 고령의 고객을 응대하며 고액 현금 인출...",https://www.iusm.co.kr/news/articleView.html?idxno=1066216,6,0.8958,1,keep,candidate_hybrid_model_keep_prob_ge_threshold_with_domain_anchor,6,0.8958,보이스피싱,,,candidate_hybrid,1,0.65,0.35
"[금융권 이모저모]신한금융, 과기정통부와 취약계층 디지털 금융교육 지...","금융교육 플랫폼 '신한 conSOLe'에서는 실제 슈퍼SOL 화면을 기반으로 안전한 모바일뱅킹 활용, 보이스피싱 예방과 피해구제, 숨은 자산 찾기 등을 실습할 수 있도록 했다. 한국투자증권 로고. / 그래픽=한국투자증권...",https://www.businessplus.kr/news/articleView.html?idxno=115043,6,0.7843,1,keep,candidate_hybrid_model_keep_prob_ge_threshold_with_domain_anchor,6,0.7843,보이스피싱,,,candidate_hybrid,1,0.65,0.35
보이스피싱 뿌리 뽑는다…금융·통신·수사망 하나로 묶은 'ASAP' 가동,"금융위원회는 4일부터 개정된 '전기통신금융사기 피해 방지 및 피해금 환급에 관한 특별법(통신사기피해환급법)'과 그 시행령이 시행된다고 밝혔다. 이에 따라 보이스피싱이 의심되는 금융, 통신, 수사 정보를...",https://www.imaeil.com/page/view/2026080415415677528,19,0.9409,1,keep,candidate_hybrid_keep_strong_domain_rule_anchor,19,0.9409,금융위원회;금융위;보이스피싱,금융,,candidate_hybrid,1,0.65,0.35
"""AI 금융교육 확대""... 신한금융, 과기정통부와 디지털 포용 강화","자체 개발한 웹 기반 금융교육 플랫폼 '신한 conSOLe'은 실제 신한 슈퍼SOL 화면을 기반으로 모바일 뱅킹 이용법과 보이스피싱 예방, 피해 구제, 숨은 자산 찾기 등을 직접 실습할 수 있도록 구성한 것이 특징이다. 배경훈...",http://www.thefirstmedia.net/news/articleView.html?idxno=205309,6,0.6819,1,keep,candidate_hybrid_model_keep_prob_ge_threshold_with_domain_anchor,6,0.6819,보이스피싱,,,candidate_hybrid,1,0.65,0.35
옷 바꾸고 교통카드 버리고…도주극 벌인 보이스피싱 수거책 구속,"전화금융사기 피해자가 대전 서구의 한 단독주택 우편함에 넣어둔 현금 1000만 원을 수거하는 등 지난 3월부터 6월까지 대전과 부산, 대구, 전북 등 전국 각지를 돌며 7차례에 걸쳐 1억 5400만 원의 피해금을 수거한 혐의를...",https://news.tvchosun.com/site/data/html_dir/2026/08/04/2026080490192.html,6,0.8051,1,keep,candidate_hybrid_model_keep_prob_ge_threshold_with_domain_anchor,6,0.8051,보이스피싱,,,candidate_hybrid,1,0.65,0.35
보이스피싱 의심 정보 공유 빨라져…정보 주체 동의 없이 가능,"그동안 금융실명법과 신용정보법 등의 제한으로 기관 간 정보 공유가 어려웠지만, 이번 법 개정을 통해 빠른 공유로 보이스피싱 범죄 피해를 차단할 수 있게 됐다. 금융위원회는 4일 이 같은 내용의 '전기통신금융사기...",https://www.goodnews1.com/news/articleView.html?idxno=462728,18,0.9307,1,keep,candidate_hybrid_keep_strong_domain_rule_anchor,18,0.9307,금융위원회;금융위;보이스피싱,,,candidate_hybrid,1,0.65,0.35
"은행권, 보이스피싱 탐지에 통신·수사 정보도 활용한다","ASAP을 통해 기관 간 공유되는 정보는 피해발생계좌·사기 이용 계좌·사기관련의심계좌 관련 계좌번호·거래내역·명의인 정보, 보이스피싱에 사용된 것으로 의심되는 전화번호 및 이용자 관련 정보, 각 금융회사 피해의심...",https://biz.heraldcorp.com/article/10830625?ref=naver,10,0.9278,1,keep,candidate_hybrid_keep_strong_domain_rule_anchor,10,0.9278,은행권;보이스피싱,,,candidate_hybrid,1,0.65,0.35
"""어르신 금융사기 막자""…NH농협은행 영천시지부·노인복지센터 맞손",특히 NH농협은행 영천시지부는 어르신들을 대상으로 보이스피싱 피해 보상보험을 무료로 지원하고 있다. 피해 발생 시 일정 범위 내에서 경제적 손실을 보상받을 수 있어 예방교육과 함께 실질적인 금융안전망 역할을 할...,https://www.kyongbuk.co.kr/news/articleView.html?idxno=4080185,6,0.7202,1,keep,candidate_hybrid_model_keep_prob_ge_threshold_with_domain_anchor,6,0.7202,보이스피싱,,,candidate_hybrid,1,0.65,0.35
"신한금융, 과기정통부와 디지털 금융교육 맞손…고령층·장애인 지원 확...","웹 기반 금융교육 플랫폼 '신한 conSOLe'에서는 모바일뱅킹 사용법과 보이스피싱·스미싱 예방법, 피해 발생 시 대처 요령, 숨은 자산 찾기 등을 직접 따라 해볼 수 있다. 실제로 슈퍼SOL 화면을 바탕으로 만든...",https://www.seoultimes.news/news/article.html?no=2000098474,6,0.7406,1,keep,candidate_hybrid_model_keep_prob_ge_threshold_with_domain_anchor,6,0.7406,보이스피싱,,,candidate_hybrid,1,0.65,0.35
"과기정통부·신한금융, 취약계층 AI 교육 '맞손'…금융사기 예방 강화","금융사기 피해를 예방하기 위해 협력한다. 과기정통부는 4일 서울 은행회관에서 신한금융그룹과 '디지털... 신한금융그룹은 인천과 수원, 부산, 광주 등 4곳에서 고령층을 대상으로 보이스피싱 예방과 모바일뱅킹 활용법...",https://www.techm.kr/news/articleView.html?idxno=153981,6,0.6423,1,keep,candidate_hybrid_gray_keep_domain_score_ge_threshold,6,0.6423,보이스피싱,,,candidate_hybrid,1,0.65,0.35
"삼척경찰서·자율방범연합대, 삼척해수욕장서 보이스피싱 예방 캠페인 ...","또한 보이스피싱과 같은 비대면 금융범죄에 대한 예방 홍보를 지속적으로 확대함으로써 시민들의 피해를 줄이고 건강한 지역 안전문화 조성에도 긍정적인 영향을 미칠 것으로 전망된다. 한편, 삼척경찰서와 삼척시...",https://www.ajunews.com/view/20260804151807580,6,0.8858,1,keep,candidate_hybrid_model_keep_prob_ge_threshold_with_domain_anchor,6,0.8858,보이스피싱,,,candidate_hybrid,1,0.65,0.35
보이스피싱 의심정보 한곳에…금융·통신·수사기관 공동 대응,"금융위원회와 금융감독원은 4일부터 개정 '통신사기피해환급법'과 시행령을 시행한다고 밝혔다. 이에 따라 금융회사와 통신사, 수사기관이 보유한 보이스피싱 의심정보를 '보이스피싱 정보공유·분석 AI 플랫폼(ASAP)'에서...",https://www.kbanker.co.kr/news/articleView.html?idxno=225588,25,0.9564,1,keep,candidate_hybrid_keep_strong_domain_rule_anchor,25,0.9564,금융감독원;금융위원회;금융위;보이스피싱,금융,,candidate_hybrid,1,0.65,0.35
증시 급등락에… 금감원 소비자경보 열흘에 한번꼴 발동,소비자 경보는 보이스피싱 등 금융 사기로 인한 피해를 예방하기 위해 2012년 도입됐다. 금융 상품이나 불법 금융 행위로 소비자 피해가 발생했거나 확산할 우려가 있을 때 주의·경고·위험 단계로 나눠 발령한다....,https://biz.chosun.com/stock/finance/2026/08/04/XSAQKEOZ7REKTGOXHC26FPJAR4/?utm_source=naver&utm_medium=original&utm_campaign=biz,13,0.807,1,keep,candidate_hybrid_keep_strong_domain_rule_anchor,13,0.807,금감원;보이스피싱,금융,,candidate_hybrid,1,0.65,0.35
"보이스피싱 의심 정보 공유, 정보 주체 동의 없이 가능","그동안 금융실명법과 신용정보법 등의 제한으로 기관 간 정보 공유가 어려웠지만, 이번 법 개정을 통해 빠른 공유로 보이스피싱 범죄 피해를 차단할 수 있게 됐습니다. 금융위원회는 오늘(4일) 이 같은 내용의...",https://news.sbs.co.kr/news/endPage.do?news_id=N1008689863&plink=ORI&cooper=NAVER,18,0.91,1,keep,candidate_hybrid_keep_strong_domain_rule_anchor,18,0.91,금융위원회;금융위;보이스피싱,,,candidate_hybrid,1,0.65,0.35
"신한금융, 과기정통부와 손잡고 고령층·장애인 디지털금융교육 확대","conSOLe은 실제 슈퍼SOL 화면을 그대로 옮겨와 모바일 뱅킹, 보이스피싱 예방·피해구제, 숨은 자산 찾기 등을 직접 실습해볼 수 있도록 자체 개발한 웹 기반 교육 플랫폼이다. 왜 지금 협약인가 — 줄어드는 피해액, 그러나...",https://www.todayeconomic.com/news/article.html?no=31601,6,0.6537,1,keep,candidate_hybrid_model_keep_prob_ge_threshold_with_domain_anchor,6,0.6537,보이스피싱,,,candidate_hybrid,1,0.65,0.35
"신한금융, 과기정통부와 디지털 금융교육 맞손…AI 취약계층 지원 확대","운영하며 보이스피싱 예방과 모바일 뱅킹 활용 교육 등 금융취약계층 대상 금융교육을 진행해 왔다. 또 '신한 conSOLe'은 실제 슈퍼SOL 화면을 기반으로 모바일 금융 이용과 금융사기 예방, 피해구제 등을 직접 실습할 수...",https://www.eroun.net/news/articleView.html?idxno=86993,7,0.6761,1,keep,candidate_hybrid_model_keep_prob_ge_threshold_with_domain_anchor,7,0.6761,보이스피싱,금융,,candidate_hybrid,1,0.65,0.35
"신한금융·과기정통부, AI시대 디지털 금융 격차 해소 나선다...MOU 체결","아울러 금융교육 플랫폼인 '신한 conSOLe'를 통해 모바일 금융 서비스 이용법과 보이스피싱 예방, 금융사기 피해 대응, 숨은 자산 찾기 등 실습 중심의 교육 콘텐츠도 제공한다. 신한금융은 그동안 인천과 수원, 부산, 광주...",https://idsn.co.kr/news/view/1065588230888275,7,0.7033,1,keep,candidate_hybrid_model_keep_prob_ge_threshold_with_domain_anchor,7,0.7033,보이스피싱,금융,,candidate_hybrid,1,0.65,0.35
"신한금융·과기정통부, 취약계층 AI·디지털 금융교육 협력","웹 기반 금융교육 플랫폼 '신한 conSOLe'에서는 실제 슈퍼SOL 화면을 바탕으로 모바일 뱅킹 활용, 보이스피싱 예방과 피해구제, 숨은 자산 찾기 등을 실습할 수 있도록 한다. 신한 학이재는 점포 폐쇄로 생긴 유휴공간을...",https://www.smarttoday.co.kr/ko-kr/articles/110096,6,0.6915,1,keep,candidate_hybrid_model_keep_prob_ge_threshold_with_domain_anchor,6,0.6915,보이스피싱,,,candidate_hybrid,1,0.65,0.35
"보이스피싱 의심정보, 동의 없이 즉시 공유한다",개별 기관이 가진 단편적인 정보를 한곳에 모아 보이스피싱 피해가 확산되기 전에 공동 대응하는 구조다. 그동안은 금융실명법과 신용정보법 등의 비밀보장·동의 규정 때문에 금융기관 밖의 통신·수사 정보까지...,https://www.kbmaeil.com/article/20260804500516,6,0.864,1,keep,candidate_hybrid_model_keep_prob_ge_threshold_with_domain_anchor,6,0.864,보이스피싱,,,candidate_hybrid,1,0.65,0.35
[무안·순천소식]전남농협 '전남광주 농업대전환 협의회' 출범 등,"◇전남낙농농협 임현경 과장 대리, 보이스피싱 피해 예방 표창장 전남낙농농협은 임현경 과장 대리가 최근 보이스피싱 피해 예방에 기여한 공로를 인정받아 순천경찰서로부터 표창장을 받았다고 4일 밝혔다. 임 과장...",https://www.newsis.com/view/NISX20260804_0003736012,6,0.7487,1,keep,candidate_hybrid_model_keep_prob_ge_threshold_with_domain_anchor,6,0.7487,보이스피싱,,,candidate_hybrid,1,0.65,0.35
"과기정통부, 신한금융과 고령층 AI 교육…딥페이크·금융 범죄 예방",인공지능 중심 기술 전환이 가속하는 가운데 취약계층 디지털 적응을 돕고 보이스피싱과 딥페이크 등... 신한금융그룹은 고령층 대상 금융교육 전담 시설인 학이재 4곳을 운영하며 피해 예방 활동을 펼쳤다. 두 기관은...,https://www.dailian.co.kr/news/view/1674267/?sc=Naver,7,0.7434,1,keep,candidate_hybrid_model_keep_prob_ge_threshold_with_domain_anchor,7,0.7434,보이스피싱,금융,,candidate_hybrid,1,0.65,0.35
'보이스피싱 의심 정보' 공유 확대…금융권 대응능력 제고,및 피해금 환급에 관한 특별법 시행령'이 이날부터 시행된다고 4일 공표했다. 이번 법안은 지난해 10월 은행권 정보를 바탕으로 도입된 'ASAP(보이스피싱 정보공유·분석 AI 플랫폼)'의 활용성을 높이기 위한 후속 조치다....,http://www.metroseoul.co.kr/article/20260804500268,10,0.8679,1,keep,candidate_hybrid_keep_strong_domain_rule_anchor,10,0.8679,은행권;보이스피싱,,,candidate_hybrid,1,0.65,0.35
‘보이스피싱 뿌리 뽑는다’…ASAP로 금융·통신·경찰 실시간 공조,및 피해금환급에 관한 특별법 시행령’이 이날부터 시행된다고 밝혔다. 개정 법령은 보이스피싱 정보공유·분석 인공지능(AI) 플랫폼 ‘ASAP’을 통한 정보 공유의 법적 근거를 마련한 것이 핵심이다. 정부는 지난해...,https://www.kukinews.com/article/view/kuk202608040091,7,0.9038,1,keep,candidate_hybrid_model_keep_prob_ge_threshold_with_domain_anchor,7,0.9038,보이스피싱,금융,,candidate_hybrid,1,0.65,0.35
"신한금융, 디지털 취약계층 금융교육 지원..""금융사기로부터 국민 자산...","‘신한 conSOLe’은 실제 슈퍼SOL 화면을 기반으로 안전한 모바일 뱅킹 활용, 보이스피싱 예방 및 피해구제, 숨은 자산 찾기 등 당국의 주요 소비자보호 정책을 직접 실습할 수 있도록 자체 개발한 웹 기반 교육...",https://kpenews.com/View.aspx?No=4173847,6,0.7049,1,keep,candidate_hybrid_model_keep_prob_ge_threshold_with_domain_anchor,6,0.7049,보이스피싱,,,candidate_hybrid,1,0.65,0.35
"신한금융-우리금융-KB국민은행-새마을금고, 디지털 취약계층 AI 역량 강...","'신한 conSOLe'은 실제 슈퍼SOL 화면을 기반으로 안전한 모바일 뱅킹 활용, 보이스피싱 예방 및 피해구제, 숨은 자산 찾기 등 당국의 주요 소비자보호 정책을 직접 실습할 수 있도록 자체 개발한 웹 기반 교육 플랫폼이다....",http://www.wsobi.com/news/articleView.html?idxno=316138,10,0.6247,1,keep,candidate_hybrid_keep_strong_domain_rule_anchor,10,0.6247,새마을금고;보이스피싱,,,candidate_hybrid,1,0.65,0.35
보이스피싱 정보 공유 확대…계좌 지급정지 더 빨라진다,"없이도 보이스피싱 의심 정보를 제공할 수 있게 된다. 기관들은 다른 기관이 제공한 정보와 분석 결과를 공동 활용해 피해 의심 계좌 지급정지와 범죄 이용 전화번호 차단, 수사 등에 활용할 수 있다. 공유 대상은 피해...",https://www.edaily.co.kr/news/newspath.asp?newsid=05044646645544040,6,0.8776,1,keep,candidate_hybrid_model_keep_prob_ge_threshold_with_domain_anchor,6,0.8776,보이스피싱,,,candidate_hybrid,1,0.65,0.35
"신한금융, 과기정통부와 손잡고 AI·디지털 격차 해소 나선다",금융사기 피해를 예방하기 위해 마련됐다. 신한금융은 그동안 인천·수원·부산·광주 등에서 운영 중인 '신한 학이재'를 통해 보이스피싱 예방 교육과 모바일 금융 활용 교육을 실시하며 금융소비자 보호 활동을 확대해...,http://www.joseilbo.com/news/news_read.php?uid=573231&class=18&grp=,7,0.6607,1,keep,candidate_hybrid_model_keep_prob_ge_threshold_with_domain_anchor,7,0.6607,보이스피싱,금융,,candidate_hybrid,1,0.65,0.35
"“AI 배우고 금융사기 막고”…과기정통부·신한금융, 취약계층 교육 맞...",과학기술정보통신부와 신한금융그룹이 디지털 취약계층의 인공지능(AI) 활용 역량을 높이고 금융사기 피해... 신한금융그룹은 고령층 대상 모바일 뱅킹과 보이스피싱 예방 교육센터인 ‘학이재’를 운영하고 있다....,https://www.sentv.co.kr/article/view/sentv202608040092,6,0.6675,1,keep,candidate_hybrid_model_keep_prob_ge_threshold_with_domain_anchor,6,0.6675,보이스피싱,,,candidate_hybrid,1,0.65,0.35
"신한금융·과기정통부, 디지털 취약계층 AI·금융교육 지원","이용자는 안전한 모바일뱅킹 이용법과 보이스피싱 예방·피해구제, 숨은 자산 찾기 등을 직접 실습할 수 있다. 진옥동 신한금융 회장은 ""AI·디지털 교육은 기기 사용법을 넘어 금융사기로부터 국민의 자산을 지키는 일...",http://www.metroseoul.co.kr/article/20260804500126,6,0.7014,1,keep,candidate_hybrid_model_keep_prob_ge_threshold_with_domain_anchor,6,0.7014,보이스피싱,,,candidate_hybrid,1,0.65,0.35
보이스피싱 의심 정보 한곳에 모아 대응…AI플랫폼 ‘ASAP’ 가동,"ASAP를 통해 공유되는 정보는 피해 발생 계좌와 사기 이용 의심 계좌의 거래 내역 및 명의인 정보, 보이스피싱에 사용된 것으로 의심되는 전화번호와 이용자 정보, 악성 애플리케이션 관련 정보, 금융회사의 피해 의심 거래...",https://news.kbs.co.kr/news/pc/view/view.do?ncd=8628096&ref=A,6,0.8825,1,keep,candidate_hybrid_model_keep_prob_ge_threshold_with_domain_anchor,6,0.8825,보이스피싱,,,candidate_hybrid,1,0.65,0.35
"금융위, 통신사·수사기관과 보이스피싱 정보 공유… 관련 법 개정",금융위원회가 4일부터 시행되는 개정 ‘전기통신금융사기 피해 방지 및 피해금 환급에 관한 특별법(통신사기피해환급법)’을 통해 보이스피싱 대응 정보공유 체계를 대폭 확대한다. 은행권 중심으로 운영되던...,https://biz.chosun.com/stock/finance/2026/08/04/WCYIN45LBNHQ3BP4QI2I5XRTL4/?utm_source=naver&utm_medium=original&utm_campaign=biz,22,0.9641,1,keep,candidate_hybrid_keep_strong_domain_rule_anchor,22,0.9641,금융위원회;금융위;은행권;보이스피싱,,,candidate_hybrid,1,0.65,0.35
보이스피싱 의심정보 한곳에 모은다…'ASAP' 정보공유체계 본격 가동,공유 대상 정보는 ▲피해 발생 계좌와 사기 이용 의심 계좌의 거래내역 및 명의인 정보 ▲보이스피싱에 사용된 것으로 의심되는 전화번호와 이용자 정보 ▲악성 앱 정보 ▲금융회사의 이상거래 탐지 정보 등이다....,https://www.dailian.co.kr/news/view/1674173/?sc=Naver,6,0.8741,1,keep,candidate_hybrid_model_keep_prob_ge_threshold_with_domain_anchor,6,0.8741,보이스피싱,,,candidate_hybrid,1,0.65,0.35
"신한금융 ‘학이재’, 국가 AI디지털배움터 지정…디지털 취약계층 교육...","‘신한 conSOLe’은 실제 ‘슈퍼SOL’ 화면을 활용해 안전한 모바일뱅킹 이용법과 보이스피싱 예방·피해구제, 숨은 자산 찾기 등을 직접 실습할 수 있도록 구축됐다. 배경훈 부총리 겸 과기정통부 장관은 “AI 시대에...",https://biz.heraldcorp.com/article/10830444?ref=naver,6,0.5711,1,keep,candidate_hybrid_gray_keep_domain_score_ge_threshold,6,0.5711,보이스피싱,,,candidate_hybrid,1,0.65,0.35
사기계좌 묶고 범죄전화 끊는다…AI 플랫폼 ‘ASAP’ 전면 가동,금융권에서는 이번 제도 시행으로 보이스피싱 대응이 사후 피해구제 중심에서 사전 차단 중심으로 전환될 것으로 보고 있다. 기관별로 흩어져 있던 정보를 얼마나 신속하고 정확하게 결합하느냐가 범죄계좌 지급정지와...,http://www.joseilbo.com/news/news_read.php?uid=573229&class=18&grp=,6,0.7875,1,keep,candidate_hybrid_model_keep_prob_ge_threshold_with_domain_anchor,6,0.7875,보이스피싱,,,candidate_hybrid,1,0.65,0.35
금융·통신·수사기관 ‘보이스피싱 정보’ 공유된다… 전화번호 긴급차...,"그런데 이날부터 금융·통신·수사 의심 정보를 공유하는 근거를 마련한 ‘통신사기피해환급법 개정안’이 시행되며 금융사 및 통신사, 수사 기관 등 유관 기관과 본격 보이스피싱 관련 정보를 공유할 수 있게 된 것이다....",https://www.chosun.com/economy/economy_general/2026/08/04/UCLCSEGGOZGSDPZ2LQKM2UTLOM/?utm_source=naver&utm_medium=referral&utm_campaign=naver-news,7,0.8977,1,keep,candidate_hybrid_model_keep_prob_ge_threshold_with_domain_anchor,7,0.8977,보이스피싱,금융,,candidate_hybrid,1,0.65,0.35
"신한금융, 취약계층 디지털 금융 교육 지원","안전한 모바일뱅킹 이용과 보이스피싱 예방·피해구제, 숨은 자산 찾기 등 금융소비자 보호 관련 내용을 직접 실습할 수 있도록 구성했다. 배경훈 부총리 겸 과기정통부 장관은 ""AI 시대에 누구도 소외되지 않고, 차별...",https://www.kfenews.co.kr/news/articleView.html?idxno=661835,7,0.7075,1,keep,candidate_hybrid_model_keep_prob_ge_threshold_with_domain_anchor,7,0.7075,보이스피싱,금융,,candidate_hybrid,1,0.65,0.35
"신한금융, 과기정통부와 디지털 취약계층 금융교육 지원 협력","이번 협약은 AI와 디지털 기술 활용이 일상화되는 상황에서 취약계층의 정보 접근성을 높이고, 보이스피싱·스미싱 등 금융사기 피해 예방을 지원하기 위해 마련됐다. 신한금융은 그룹의 교육 공간과 금융 플랫폼을...",https://www.thepublic.kr/news/articleView.html?idxno=313715,7,0.6654,1,keep,candidate_hybrid_model_keep_prob_ge_threshold_with_domain_anchor,7,0.6654,보이스피싱,금융,,candidate_hybrid,1,0.65,0.35
보이스피싱 의심정보 공유 법제화···기관 간 공동대응 체계 구축,금융위원회는 개정 '통신사기피해환급법' 시행령이 4일부터 시행된다고 밝혔다. 시행령에 따르면 보이스피싱 의심정보 제공기관은 정보 주체의 동의 없이도 정보공유분석기관인 금융보안원에 관련 정보를 제공할 수...,https://www.seoulfn.com/news/articleView.html?idxno=634840,18,0.9232,1,keep,candidate_hybrid_keep_strong_domain_rule_anchor,18,0.9232,금융위원회;금융위;보이스피싱,,,candidate_hybrid,1,0.65,0.35
"보이스피싱 의심정보, 금융·통신·수사기관 간 '실시간' 공유된다","공유 대상 정보는 피해·사기이용 계좌 정보와 거래내역, 명의인 정보, 보이스피싱 의심 전화번호와 이용자 정보, 악성 앱 관련 정보, 금융회사의 피해 의심거래 탐지정보 등이다. 관계기관은 제공받은 정보를 범죄...",https://www.insnews.co.kr/news/articleView.html?idxno=92146,7,0.9014,1,keep,candidate_hybrid_model_keep_prob_ge_threshold_with_domain_anchor,7,0.9014,보이스피싱,금융,,candidate_hybrid,1,0.65,0.35
"신한금융지주, '학이재' 국가 AI디지털배움터로 개방","웹 기반 금융교육 플랫폼 '신한 conSOLe'을 통해서는 모바일뱅킹 이용과 보이스피싱 예방·피해구제, 숨은 자산 찾기 등을 실습할 수 있도록 한다. 실제 신한금융 통합 애플리케이션 '슈퍼SOL' 화면을 기반으로 제작했다. 신한...",http://www.press9.kr/news/articleView.html?idxno=80567,6,0.6104,1,keep,candidate_hybrid_gray_keep_domain_score_ge_threshold,6,0.6104,보이스피싱,,,candidate_hybrid,1,0.65,0.35
AI·디지털 사각지대 없앤다…과기부·신한금융 협력,"이 플랫폼은 안전한 모바일 뱅킹 활용, 보이스피싱 예방과 피해 구제, 숨은 자산 찾기 등을 직접 실습할 수 있도록 웹 기반으로 개발됐다. 배경훈 부총리 겸 과기정통부 장관은 ""AI 시대에 누구도 소외되지 않고, 차별...",https://www.yna.co.kr/view/AKR20260804043800017?input=1195m,6,0.6334,1,keep,candidate_hybrid_gray_keep_domain_score_ge_threshold,6,0.6334,보이스피싱,,,candidate_hybrid,1,0.65,0.35
보이스피싱 의심정보 한 곳에 모은다…금융·통신·수사기관 공동 활용,"공유 대상은 피해·사기 의심 계좌 정보와 거래내역, 명의인 정보, 보이스피싱에 사용된 것으로 의심되는 전화번호와 이용자 정보, 악성 애플리케이션(앱) 관련 정보, 금융회사의 피해의심거래 탐지 정보 등이다....",https://view.asiae.co.kr/article/2026080410591630109,7,0.9018,1,keep,candidate_hybrid_model_keep_prob_ge_threshold_with_domain_anchor,7,0.9018,보이스피싱,금융,,candidate_hybrid,1,0.65,0.35
"신한금융, 과기정통부와 협약…'신한 학이재' 국가 AI 배움터 추진","줄이고, 보이스피싱·스미싱 등 전자금융사기 대응 능력을 높이는 데 기여할 계획이라고 설명했다.... 특히 자체 개발한 '신한 conSOLe' 플랫폼을 통해서는 모바일 뱅킹 활용법, 금융사기 예방 및 피해구제 실습, 숨은 자산...",https://daily.hankooki.com/news/articleView.html?idxno=1392410,6,0.5548,1,keep,candidate_hybrid_gray_keep_domain_score_ge_threshold,6,0.5548,보이스피싱,,,candidate_hybrid,1,0.65,0.35
"은행 점포가 AI·금융 안전 교실로…신한-과기부, 취약계층 교육망 넓힌...",보이스피싱 피해도 증가세를 보이고 있다. 금융위원회에 따르면 2025년 1월부터 11월까지 발생한 보이스피싱은 2만1588건으로 전년 같은 기간보다 15.6% 늘었다. 같은 기간 피해액은 1조1330억원으로 전년 동기 대비 56.1...,http://www.4th.kr/news/articleView.html?idxno=2115759,22,0.7179,1,keep,candidate_hybrid_keep_strong_domain_rule_anchor,22,0.7179,금융위원회;금융위;은행;보이스피싱,금융,,candidate_hybrid,1,0.65,0.35
"은행이 잡은 보이스피싱, 통신사·경찰도 본다…'ASAP' 가동",금융위원회는 개정 통신사기피해환급법과 시행령이 4일 시행된다고 밝혔다. 금융당국은 지난해 10월부터 은행권 정보를 기반으로 보이스피싱 정보공유·분석 인공지능(AI) 플랫폼인 'ASAP'을 운영했다. 다만 정보공유에...,https://www.mt.co.kr/finance/2026/08/04/2026080411283873311,22,0.9254,1,keep,candidate_hybrid_keep_strong_domain_rule_anchor,22,0.9254,금융위원회;금융위;은행권;보이스피싱,,,candidate_hybrid,1,0.65,0.35
"신한금융, 과기정통부와 디지털 취약계층 금융교육 강화","웹 기반 금융교육 플랫폼 신한 conSOLe은 실제 슈퍼SOL 화면을 토대로 모바일뱅킹 이용 방법과 보이스피싱 예방·피해구제, 숨은 자산 찾기 등을 직접 실습할 수 있도록 구성됐다. 배경훈 부총리 겸 과기정통부 장관은 ""AI...",https://www.fetv.co.kr/news/articleView.html?idxno=307815,6,0.7064,1,keep,candidate_hybrid_model_keep_prob_ge_threshold_with_domain_anchor,6,0.7064,보이스피싱,,,candidate_hybrid,1,0.65,0.35
"과기정통부·신한금융, 취약계층 AI 역량 강화 맞손…“강사 1000명 양성...",과학기술정보통신부와 신한금융그룹이 고령층 등 디지털 취약계층의 인공지능(AI) 활용 역량을 높이고 보이스피싱·스미싱 등 디지털 금융범죄 피해를 예방하기 위해 협력한다. 과기정통부는는 4일 서울 은행회관에서...,https://www.ddaily.co.kr/page/view/2026080409210746386,6,0.612,1,keep,candidate_hybrid_gray_keep_domain_score_ge_threshold,6,0.612,보이스피싱,,,candidate_hybrid,1,0.65,0.35
"신한금융, 과기정통부와 AI·디지털 금융교육 협력","안전한 모바일 뱅킹 이용 방법과 보이스피싱 예방, 피해 구제 절차, 숨은 자산 찾기 등 금융소비자 보호 관련 내용을 실습할 수 있게 개발됐다. 배경훈 부총리 겸 과기정통부 장관은 ""AI 시대에는 누구도 소외되지 않고...",https://www.thereport.co.kr/news/articleView.html?idxno=90131,6,0.6959,1,keep,candidate_hybrid_model_keep_prob_ge_threshold_with_domain_anchor,6,0.6959,보이스피싱,,,candidate_hybrid,1,0.65,0.35
"신한금융, 과기정통부와 디지털 취약계층 정보 격차·금융사기 동시 대...","슈퍼SOL 화면을 기반으로 안전한 모바일 뱅킹 활용법, 보이스피싱 예방·피해구제, 숨은 자산 찾기 등을 직접 실습할 수 있는 웹 기반 교육 플랫폼이다. 배경훈 부총리 겸 과기정통부 장관은 ""AI 시대에 누구도 소외되지...",https://www.etoday.co.kr/news/view/2610714,6,0.7219,1,keep,candidate_hybrid_model_keep_prob_ge_threshold_with_domain_anchor,6,0.7219,보이스피싱,,,candidate_hybrid,1,0.65,0.35
"[CEO 직썰] 진옥동 신한금융 회장 ""금융사기로 교육 국민 자산 지키는 일...","특히 '신한 conSOLe'은 슈퍼SOL 화면을 기반으로 안전한 모바일뱅킹 활용법과 보이스피싱 예방·피해구제, 숨은 자산 찾기 등을 직접 실습할 수 있도록 개발한 웹 기반 교육 플랫폼이다. 배경훈 부총리 겸...",https://www.ziksir.com/news/articleView.html?idxno=142068,6,0.6746,1,keep,candidate_hybrid_model_keep_prob_ge_threshold_with_domain_anchor,6,0.6746,보이스피싱,,,candidate_hybrid,1,0.65,0.35
"""AI·디지털 소외 없도록"" 신한금융, 과기부와 손잡고 취약계층 금융교...","'신한 conSOLe'은 실제 슈퍼SOL 화면을 기반으로 안전한 모바일 뱅킹 활용, 보이스피싱 예방 및 피해구제, 숨은 자산 찾기 등 당국의 주요 소비자보호 정책을 직접 실습할 수 있도록 자체 개발한 웹 기반 교육 플랫폼이다....",https://www.getnews.co.kr/news/articleView.html?idxno=876970,6,0.5991,1,keep,candidate_hybrid_gray_keep_domain_score_ge_threshold,6,0.5991,보이스피싱,,,candidate_hybrid,1,0.65,0.35
보이스피싱 의심정보 한곳에…금융·통신·수사기관 'ASAP' 공동 활용,기관 간 정보공유는 보이스피싱 의심정보 분석과 피해 방지 등 법에서 정한 목적에 한정된다. 금융위는 ASAP을 운영할 정보공유분석기관으로 금융보안원을 지정했다. 금융보안원이 플랫폼 운영 경험과 금융 분야 보안...,https://www.ebn.co.kr/news/articleView.html?idxno=1719044,13,0.9199,1,keep,candidate_hybrid_keep_strong_domain_rule_anchor,13,0.9199,금융위;보이스피싱,금융,,candidate_hybrid,1,0.65,0.35
"금융권, 폭염 대응부터 디지털 교육까지…포용금융 강화","해당 플랫폼은 신한금융의 통합 앱인 슈퍼SOL 화면을 기반으로 모바일뱅킹 이용법과 보이스피싱 예방·피해구제, 숨은 자산 찾기 등을 실습할 수 있도록 구성됐다. 신한금융은 현재 인천과 수원, 부산, 광주 등 네 곳에서...",https://www.kpinews.kr/newsView/1065575684529181,6,0.676,1,keep,candidate_hybrid_model_keep_prob_ge_threshold_with_domain_anchor,6,0.676,보이스피싱,,,candidate_hybrid,1,0.65,0.35
보이스피싱 의심정보 공동 활용체계 구축…동의 없이도 정보 제공,금융위원회는 4일 개정 '전기통신금융사기 피해 방지 및 피해금 환급에 관한 특별법'(통신사기피해환급법)과 시행령이 시행된다고 밝혔다. 핵심은 보이스피싱 정보 공유·분석 AI 플랫폼인 'ASAP(에이샙)'의 법적 근거를...,https://www.news1.kr/finance/general-finance/6248327,18,0.9497,1,keep,candidate_hybrid_keep_strong_domain_rule_anchor,18,0.9497,금융위원회;금융위;보이스피싱,,,candidate_hybrid,1,0.65,0.35
금융·통신·수사정보 한데 모은다…보이스피싱 대응 플랫폼 ‘ASAP’ 본...,금융위원회는 개정 ‘전기통신금융사기 피해 방지 및 피해금 환급에 관한 특별법’과 시행령이 시행됨에 따라 보이스피싱 정보공유·분석 AI 플랫폼(ASAP)을 통한 관계기관 간 의심정보 공유를 시작한다고 4일 밝혔다....,https://www.etoday.co.kr/news/view/2610705,19,0.953,1,keep,candidate_hybrid_keep_strong_domain_rule_anchor,19,0.953,금융위원회;금융위;보이스피싱,금융,,candidate_hybrid,1,0.65,0.35
"신한금융, 과기부와 취약계층 디지털 금융 안전 지원 '맞손'","운영해 보이스피싱 예방과 모바일 뱅킹 활용 교육을 제공했다. 자체 개발한 웹 기반 교육 플랫폼 신한 conSOLe를 통해 슈퍼SOL 화면을 기반으로 금융사기 예방, 피해구제, 숨은 자산 찾기 등 실습형 교육을 진행하고 있다....",https://www.pointdaily.co.kr/news/articleView.html?idxno=314220,7,0.6998,1,keep,candidate_hybrid_model_keep_prob_ge_threshold_with_domain_anchor,7,0.6998,보이스피싱,금융,,candidate_hybrid,1,0.65,0.35
"신한금융-과기정통부, 디지털 취약계층 AI·금융교육 '맞손'",이와 함께 신한금융은 경찰청·사회복지공동모금회 등과 협력해 보이스피싱 피해 취약계층에게 긴급 생활비와 법률·심리상담을 지원하는 보이스피싱 제로 사업을 지속해 오고 있다.,https://www.newsfreezone.co.kr/news/articleView.html?idxno=702302,6,0.7766,1,keep,candidate_hybrid_model_keep_prob_ge_threshold_with_domain_anchor,6,0.7766,보이스피싱,,,candidate_hybrid,1,0.65,0.35
보이스피싱 의심 정보 공유 빨라진다…정보 주체 동의 없이 가능,"그동안 금융실명법과 신용정보법 등의 제한으로 기관 간 정보 공유가 어려웠지만, 이번 법 개정을 통해 빠른 공유로 보이스피싱 범죄 피해를 차단할 수 있게 됐다. 금융위원회는 4일 이 같은 내용의 '전기통신금융사기...",https://www.yna.co.kr/view/AKR20260804095700002?input=1195m,18,0.9221,1,keep,candidate_hybrid_keep_strong_domain_rule_anchor,18,0.9221,금융위원회;금융위;보이스피싱,,,candidate_hybrid,1,0.65,0.35
"정부, 보이스피싱 정보 공유 확대…통신사기피해환급법 시행",보이스피싱 관련 금융·통신·수사 정보가 정부의 AI 플랫폼 에이샙(ASAP)을 통해 본격적으로 공유된다. 금융위원회는 4일 개정된 '통신사기피해환급법'과 시행령을 시행한다고 밝혔다. 그간 ASAP은 법적근거가 미비해 주...,https://www.newsis.com/view/NISX20260804_0003735394,19,0.9208,1,keep,candidate_hybrid_keep_strong_domain_rule_anchor,19,0.9208,금융위원회;금융위;보이스피싱,금융,,candidate_hybrid,1,0.65,0.35
"신한금융, 과기부와 손잡고 '디지털 취약계층 AI 역량 강화' 앞장","'신한 conSOLe'은 실제 슈퍼SOL 화면을 기반으로 안전한 모바일 뱅킹 활용, 보이스피싱 예방 및 피해구제, 숨은 자산 찾기 등 당국의 주요 소비자보호 정책을 직접 실습할 수 있도록 자체 개발한 웹 기반 교육 플랫폼이다....",https://www.mt.co.kr/finance/2026/08/04/2026080410174231658,6,0.5908,1,keep,candidate_hybrid_gray_keep_domain_score_ge_threshold,6,0.5908,보이스피싱,,,candidate_hybrid,1,0.65,0.35
"은행 폐쇄 점포가 디저털 배움터로… 과기부·신한금융, ‘AI·디지털 문...","해당 플랫폼은 신한금융 통합 앱인 '슈퍼SOL'의 실제 화면을 기반으로 안전한 모바일뱅킹 이용과 보이스피싱 예방·피해구제, 숨은 자산 찾기 등을 직접 실습할 수 있도록 구성됐다. 신한금융은 한국인터넷진흥원(KISA)과...",https://www.dt.co.kr/article/12076373?ref=naver,9,0.6216,1,keep,candidate_hybrid_keep_strong_domain_rule_anchor,9,0.6216,은행;보이스피싱,,,candidate_hybrid,1,0.65,0.35
금융사·통신사·수사기관 공조…보이스피싱 의심 정보 ASAP로 공유된다,정보 △보이스피싱 목적으로 사용된 악성 앱 등 개인정보 수집프로그램 관련 정보 △각 금융회사의 피해의심거래 탐지 정보 등이다. 기관 간 신속한 정보공유가 이루어질 수 있도록 금융실명법·신용정보법 등...,https://www.dt.co.kr/article/12076427?ref=naver,6,0.8889,1,keep,candidate_hybrid_model_keep_prob_ge_threshold_with_domain_anchor,6,0.8889,보이스피싱,,,candidate_hybrid,1,0.65,0.35
"신한금융, 과기정통부와 함께 'AI·디지털 격차 해소' 앞장",특히 '신한 conSOLe'은 실제 슈퍼SOL 화면을 기반으로 ▲안전한 모바일 뱅킹 활용 ▲보이스피싱 예방 및 피해구제 ▲숨은 자산 찾기 등 당국의 주요 소비자보호 정책을 직접 실습할 수 있도록 자체 개발한 웹 기반 교육...,https://www.ezyeconomy.com/news/articleView.html?idxno=238313,6,0.5646,1,keep,candidate_hybrid_gray_keep_domain_score_ge_threshold,6,0.5646,보이스피싱,,,candidate_hybrid,1,0.65,0.35
"보이스피싱 의심정보, AI 플랫폼 'ASAP' 통해 공동활용한다","정보, ▲보이스피싱 목적으로 사용된 악성앱 등 개인정보 수집프로그램 관련 정보, ▲각 금융회사의 피해의심거래 탐지정보 등입니다. 또 기관 간 신속한 정보공유가 이뤄질 수 있도록 금융실명법·신용정보법 등...",https://biz.sbs.co.kr/article_hub/20000326530?division=NAVER,6,0.838,1,keep,candidate_hybrid_model_keep_prob_ge_threshold_with_domain_anchor,6,0.838,보이스피싱,,,candidate_hybrid,1,0.65,0.35
보이스피싱 의심정보 실시간 공유…금융·통신·수사기관 공동 대응,금융위원회는 4일 개정 '전기통신금융사기 피해 방지 및 피해금 환급에 관한 특별법'과 시행령이 시행됨에 따라 보이스피싱 정보공유·분석 인공지능(AI) 플랫폼인 'ASAP'을 통한 기관 간 정보공유를 확대한다고 밝혔다....,https://www.sidae.com/article/2026080409075048256,19,0.9422,1,keep,candidate_hybrid_keep_strong_domain_rule_anchor,19,0.9422,금융위원회;금융위;보이스피싱,금융,,candidate_hybrid,1,0.65,0.35
"신한금융, 과기정통부와 AI 금융교육 맞손…디지털 취약계층 보호 강화","실제 신한은행 모바일 앱 ‘슈퍼SOL’ 화면을 기반으로 제작된 플랫폼으로, 모바일 뱅킹 활용법과 보이스피싱 예방, 피해구제 절차, 숨은 금융자산 찾기 등을 체험형으로 교육할 수 있다. 진옥동 신한금융그룹 회장은...",https://thetracker.co.kr/View.aspx?No=4173757,6,0.6353,1,keep,candidate_hybrid_gray_keep_domain_score_ge_threshold,6,0.6353,보이스피싱,,,candidate_hybrid,1,0.65,0.35
"전남낙농농협, 보이스피싱 예방 공로 감사장 받아",전남낙농농협(조합장 강동준) 임현경 과장대리가 최근 보이스피싱 피해 예방에 결정적인 역할을 한 공로로 순천경찰서에서 표창장을 받았다. 임 과장대리는 지난 7월 초 한 어르신이 불안해 하는 모습으로 누군가에게...,http://www.jndn.com/article.php?aid=1785822466437202004,6,0.9133,1,keep,candidate_hybrid_model_keep_prob_ge_threshold_with_domain_anchor,6,0.9133,보이스피싱,,,candidate_hybrid,1,0.65,0.35
"금융권 AX 사활 걸었지만, 배상보험 한도는 고작 '10억'","유출 시 명의도용이나 보이스피싱 등 2차·3차 금융범죄로 직결되기 쉽다. 염흥열 순천향대 정보보호학과 교수는 ""금융권은 해킹 사고가 금융거래 시스템까지 침투할 경우 자금 이체 등 직접적인 재산 피해로 직결된다...",https://www.newsway.co.kr/news/view?ud=2026080411123379334,6,0.7368,1,keep,candidate_hybrid_model_keep_prob_ge_threshold_with_domain_anchor,6,0.7368,보이스피싱,,,candidate_hybrid,1,0.65,0.35
우편함 돌며 현금 수거…보이스피싱 조직원 구속,사진은 보이스피싱 피해자가 우편함에 놓아둔 현금을 수거하고 있는 A씨의 모습. (사진제공=대전경찰청)  대전에서 발생한 보이스피싱 사건을 비롯해 전국 각지를 돌며 1억5400만 원 상당의 피해금을 수거한 현금...,http://www.chungnamilbo.co.kr/news/articleView.html?idxno=902260,6,0.9071,1,keep,candidate_hybrid_model_keep_prob_ge_threshold_with_domain_anchor,6,0.9071,보이스피싱,,,candidate_hybrid,1,0.65,0.35
"샤이니헌터스 정보 유출 주장에... 브링크스 홈, 시스템 침해 공식 확인",업계에서는 해커가 공개한 490만건이라는 수치가 실제 피해 고객 수가 아니라 고객 정보와 상담 대화록... 노린 보이스피싱(vishing) 공격을 통해 세일즈포스 시스템을 침해해 온 일련의 공격과 같은 수법으로...,http://www.boannews.com/media/view.asp?idx=145006&kind=4,6,0.6322,1,keep,candidate_hybrid_gray_keep_domain_score_ge_threshold,6,0.6322,보이스피싱,,,candidate_hybrid,1,0.65,0.35
관광비자로 입국…전국 돌며 '1억5천' 피싱금 수거한 중국인,관광비자로 입국한 뒤 보이스피싱 피해 금액을 수거한 20대 중국인이 구속 상태로 검찰에 넘겨졌다. 경찰에 붙잡힌 보이스피싱 조직원 (사진=대전경찰청) 대전서부경찰서는 전기통신금융사기 피해 방지 피해금 환급에...,https://www.edaily.co.kr/news/newspath.asp?newsid=04690406645544040,6,0.8769,1,keep,candidate_hybrid_model_keep_prob_ge_threshold_with_domain_anchor,6,0.8769,보이스피싱,,,candidate_hybrid,1,0.65,0.35
"철원경찰, 보이스피싱 예방 모범운전자 '감사장'",철원의 한 택시기사가 승객의 평소와 다른 행동을 세심하게 살핀 뒤 신속히 대처해 1600만 원 상당의 보이스피싱 피해를 막았다. 철원경찰서는 4일 서장 집무실에서 보이스피싱 범죄 피해 예방에 기여한 철원모범운전자회...,https://www.shinailbo.co.kr/news/articleView.html?idxno=5047780,6,0.9551,1,keep,candidate_hybrid_model_keep_prob_ge_threshold_with_domain_anchor,6,0.9551,보이스피싱,,,candidate_hybrid,1,0.65,0.35
‘관광비자로 입국’ 억대 피싱 피해금 수거·전달한 조선족 구속,"A씨는 지난 5월 26일 보이스피싱 사기 피해자가 대전 서구의 한 단독주택 우편함에 놓아둔 피해금 1000만원을 수거하는 등 3월부터 6월까지 부산, 대구, 전북 등 전국 각지를 돌며 7회에 걸쳐 1억5400만원 상당의 피해금을...",https://www.chosun.com/national/regional/2026/08/04/BEUGJOFS5RGVXCA6EPOGUGWCOI/?utm_source=naver&utm_medium=referral&utm_campaign=naver-news,6,0.7798,1,keep,candidate_hybrid_model_keep_prob_ge_threshold_with_domain_anchor,6,0.7798,보이스피싱,,,candidate_hybrid,1,0.65,0.35
"전국 돌며 1억 5000만원 수거 보이스피싱 中 20대, 구속 송치",전국 각지를 돌아다니며 1억 5000만원 상당의 돈을 수거한 중국 국적 20대 보이스피싱 현금수거책이 검찰에 넘겨졌다. 대전서부경찰서는 최근 전기통신 금융 사기 피해 방지 및 피해금 환급에 관한 특별법 위반...,https://www.newsis.com/view/NISX20260804_0003735817,7,0.8717,1,keep,candidate_hybrid_model_keep_prob_ge_threshold_with_domain_anchor,7,0.8717,보이스피싱,금융,,candidate_hybrid,1,0.65,0.35
"462만 명 정보 터졌는데 '5천원 쿠폰' 툭… 서울시설공단, 2년간 숨긴 '안...","또한 ""AI와 빅데이터 시대에 개인정보는 단순한 연락처가 아니라 온·오프라인의 다양한 서비스와 결합되는 핵심 자산""이라며 ""늑장 대응과 사고 은폐는 스미싱, 보이스피싱 등 2차·3차 범죄 피해를 키우는 치명적인 결과를...",https://www.dailyt.co.kr/newsView/dlt202608040004,6,0.7277,1,keep,candidate_hybrid_model_keep_prob_ge_threshold_with_domain_anchor,6,0.7277,보이스피싱,,,candidate_hybrid,1,0.65,0.35
"신효섭 충북경찰청장, 영동경찰서 치안현장 방문","신 청장은 ""보이스피싱은 새로운 수법과 변종 사례를 미리 파악하고 알려야 피해를 막을 수 있다""며 ""주민 대상 홍보와 교육을 지속적으로 강화하겠다""고 말했다. 이어 ""안전한 지역사회를 만들기 위해서는 영동경찰과...",https://www.ccdailynews.com/news/articleView.html?idxno=2432189,6,0.7695,1,keep,candidate_hybrid_model_keep_prob_ge_threshold_with_domain_anchor,6,0.7695,보이스피싱,,,candidate_hybrid,1,0.65,0.35
“송금사기 일상화”…더치트 이력조회 32억회,금융당국도 보이스피싱 정보공유·분석 인공지능(AI)플랫폼(ASAP)을 중심으로 금융권 공동대응체계의 고도화를 추진 중이다. 하지만 고도화 추진과정에서 일부 금융기관이 민간 피해정보 API 도입에 미온적이거나 도입...,https://www.naeil.com/news/read/597650?ref=naver,6,0.6998,1,keep,candidate_hybrid_model_keep_prob_ge_threshold_with_domain_anchor,6,0.6998,보이스피싱,,,candidate_hybrid,1,0.65,0.35
전국 돌며 보이스피싱 현금 수거…중국인 20대 구속,1억5400만 원 전달 혐의…교통카드 폐기·거주지 이동하며 경찰 추적 피해 전국을 돌며 보이스피싱 피해금을 수거한 중국 국적 20대 여성이 경찰에 붙잡혔다. 대전 서부경찰서는 보이스피싱 피해금 1억 5400만 원을 수거해...,https://www.pressian.com/pages/articles/2026080412034280964?utm_source=naver&utm_medium=search,6,0.893,1,keep,candidate_hybrid_model_keep_prob_ge_threshold_with_domain_anchor,6,0.893,보이스피싱,,,candidate_hybrid,1,0.65,0.35
"전국 돌며 피싱 피해금 '1억5000만원' 수거한 조선족…""범죄인 줄 몰랐다...",관광비자로 입국해 범행…최대한 현금 사용하는 등 치밀하게 범행 계획 관광비자로 우리나라에 입국해 전국을 돌며 보이스피싱 피해자들의 돈을 수거한 뒤 피싱 조직 측에 전달한 혐의로 20대 조선족이 구속됐다. 4일...,https://www.sisajournal.com/news/articleView.html?idxno=382247,6,0.7556,1,keep,candidate_hybrid_model_keep_prob_ge_threshold_with_domain_anchor,6,0.7556,보이스피싱,,,candidate_hybrid,1,0.65,0.35
"경기도경제과학진흥원, ICT 중소기업 정보보호 지원기업 모집","개인의 프라이버시 침해 및 2차 피해 대규모 개인정보 유출 사고는 보이스피싱, 스미싱, 명의 도용 등 2차 범죄로 직결되어 개인에게 금전적·정신적 피해를 입힌다. 사물인터넷(IoT) 기기의 확산으로 인해 이제 사이버...",https://www.cnbnews.com/news/articleView.html?idxno=1010269,6,0.7977,1,keep,candidate_hybrid_model_keep_prob_ge_threshold_with_domain_anchor,6,0.7977,보이스피싱,,,candidate_hybrid,1,0.65,0.35
"사설도박 환전 후 전기통신금융사기로 계좌 지급정지, 해제 가능할까?","이 사건을 담당한 수사기관은 계좌에 유입된 48만 원이 실제 보이스피싱 피해자의 자금인지, 불법 도박 사이트의 자금세탁 과정에서 거쳐 간 돈인지를 명확히 규명해야 하는 상황이다. 이 사건은 ""이번 지급정지는...",https://lawtalknews.co.kr/article/L2IGQY5IL76X,6,0.7449,1,keep,candidate_hybrid_model_keep_prob_ge_threshold_with_domain_anchor,6,0.7449,보이스피싱,,,candidate_hybrid,1,0.65,0.35
"신효섭 충북경찰청장, 영동경찰서 방문…치안활동 공유·유공자 표창","신 청장은 ""보이스피싱 피해를 막기 위해 새로운 수법과 방법에 대한 인지가 필요하다""며 ""홍보와 교육을 지속하겠다""고 밝혔다. 아울러 ""영동 경찰과 협력단체가 정보를 공유하며 범죄 예방에 힘쓰고, 영동 군민과 회원들이...",https://www.gukjenews.com/news/articleView.html?idxno=3655123,6,0.8178,1,keep,candidate_hybrid_model_keep_prob_ge_threshold_with_domain_anchor,6,0.8178,보이스피싱,,,candidate_hybrid,1,0.65,0.35
관광비자로 입국 후 억대 피싱 피해금 수거·전달한 조선족 구속,"A씨는 지난 5월 26일 보이스피싱 사기 피해자가 대전 서구의 한 단독주택 우편함에 놓아둔 피해금 1천만원을 수거하는 등 3월부터 6월까지 부산, 대구, 전북 등 전국 각지를 돌며 모두 7회에 걸쳐 1억5천400만원 상당의...",https://www.yna.co.kr/view/AKR20260804080900063?input=1195m,6,0.7716,1,keep,candidate_hybrid_model_keep_prob_ge_threshold_with_domain_anchor,6,0.7716,보이스피싱,,,candidate_hybrid,1,0.65,0.35
모텔에 입던 옷 버리고 나왔다…현금만 쓰던 조선족女 정체 [영상],경찰에 따르면 검거 당일 서울에서 보이스피싱 범죄에 속은 피해자로부터 5400달러를 수거한 A씨는 다음 범행을 위해 전북 정읍으로 이동하던 중 익산에서 환승하기 위해 대기 중이었다. 검거 당시 A씨는 피해자로부터...,https://www.joongang.co.kr/article/25450664,6,0.664,1,keep,candidate_hybrid_model_keep_prob_ge_threshold_with_domain_anchor,6,0.664,보이스피싱,,,candidate_hybrid,1,0.65,0.35
"태평양-동천, 억울해도 발만 동동…쪽방촌 주민에 무료 법률상담","이번 상담에는 태평양 김준성, 손지희, 임은지 변호사가 쪽방촌 주민들의 통신사 사기 피해, 보험사기 피해 구제, 파산신청, 재개발에 따른 이사비 지급, 보이스피싱 사건 등에 대해 자문했다. 태평양 임은지 변호사는...",https://www.tfmedia.co.kr/news/article.html?no=206221,6,0.7565,1,keep,candidate_hybrid_model_keep_prob_ge_threshold_with_domain_anchor,6,0.7565,보이스피싱,,,candidate_hybrid,1,0.65,0.35
'교통카드 바꾸고 옷 갈아입고'…1억5400만 원 피싱 수거책 결국 덜미,A씨는 보이스피싱 조직의 지시를 받고 피해금을 수거하는 역할을 맡았던 것으로 파악됐다. 경찰은 피해 신고를 접수한 뒤 A씨의 동선을 추적했다. A씨는 경찰 수사망을 피하기 위해 교통카드를 한두 차례 사용한 뒤...,https://www.newspim.com/news/view/20260804000484,6,0.7057,1,keep,candidate_hybrid_model_keep_prob_ge_threshold_with_domain_anchor,6,0.7057,보이스피싱,,,candidate_hybrid,1,0.65,0.35
교통카드 바꾸고 모텔 옮겨다녔지만…보이스피싱 수거책 덜미,금융감독원과 검사를 사칭한 보이스피싱 조직의 지시에 따라 피해자들의 현금을 수거한 20대 현금수거책이 검찰에 넘겨졌다. 대전경찰청은 전기통신금융사기 피해방지 및 피해금 환급에 관한 특별법 위반 혐의로...,https://www.nocutnews.co.kr/news/6557821?utm_source=naver&utm_medium=article&utm_campaign=20260804110122,12,0.9246,1,keep,candidate_hybrid_keep_strong_domain_rule_anchor,12,0.9246,금융감독원;보이스피싱,,,candidate_hybrid,1,0.65,0.35
"태평양·동천, 쪽방촌 주민 대상 무료 법률상담","이들은 통신사 사기와 보험사기 피해, 파산 신청, 재개발에 따른 이사비 지급, 보이스피싱 등 주민들이 겪는 다양한 법률 문제를 상담하고 자문을 제공했다. 남병철 창신동 쪽방상담소 실장은 ""쪽방촌 주민들은 법률...",https://www.lawtimes.co.kr/news/articleView.html?idxno=224330,6,0.7577,1,keep,candidate_hybrid_model_keep_prob_ge_threshold_with_domain_anchor,6,0.7577,보이스피싱,,,candidate_hybrid,1,0.65,0.35
교통카드 바꾸고 옷 갈아입고…1억5000만원 수거책 결국 검거,전국을 돌며 1억5000만원 상당의 보이스피싱 피해금을 수거한 20대 조직원이 경찰의 추적 끝에 붙잡혔다. 대전서부경찰서는 전기통신금융사기 피해 방지 및 피해금 환급에 관한 특별법 위반 혐의로 20대 A 씨를 검찰에...,https://www.news1.kr/local/daejeon-chungnam/6248412,6,0.8128,1,keep,candidate_hybrid_model_keep_prob_ge_threshold_with_domain_anchor,6,0.8128,보이스피싱,,,candidate_hybrid,1,0.65,0.35
8월 첫째 주 라디오 기독공보,"경기노회장 강흔성 목사는 ""보이스피싱으로 경제적 피해가 발생하지 않도록 목회자나 노회 직원을 사칭한 금품, 선교비 요구를 각별히 주의해 달라""고 당부했습니다. [4] 세대교체 앞둔 한국교회… ""청빙 공정성·원로목사...",http://www.pckworld.com/article.php?aid=11175243833,6,0.7213,1,keep,candidate_hybrid_model_keep_prob_ge_threshold_with_domain_anchor,6,0.7213,보이스피싱,,,candidate_hybrid,1,0.65,0.35
"'교통카드는 1번만, 결제는 현금으로'…보이스피싱 현금 수거책 구속 송...",현금 수거책이었던 A 씨는 지난 5월 26일 오후 3시 19분쯤 서구의 한 주택가에서 보이스피싱 피해액 1000만 원 가량을 가로챈 혐의를 받는다. 당시 범죄 피해를 입은 70대 B 씨는 금융감독원과 검사를 사칭한...,https://www.daejonilbo.com/news/articleView.html?idxno=2292370,12,0.8376,1,keep,candidate_hybrid_keep_strong_domain_rule_anchor,12,0.8376,금융감독원;보이스피싱,,,candidate_hybrid,1,0.65,0.35
"필로폰 16㎏ 밀반입 조직 검거팀, 특별성과 포상금 받는다","경찰청은 보이스피싱과 마약류 범죄, 관계성 범죄, 부패비리, 국민생명 중심 등 7대 공약과제를 중심으로... 캄보디아 범죄단지에서 피해자 922명을 상대로 292억원 상당의 투자사기를 벌인 조직원 34명을 검거한...",https://www.mt.co.kr/society/2026/08/04/2026080408045828886,6,0.7347,1,keep,candidate_hybrid_model_keep_prob_ge_threshold_with_domain_anchor,6,0.7347,보이스피싱,,,candidate_hybrid,1,0.65,0.35
"[기업실적]카카오뱅크, 상반기 영업익 3280억원…인터넷은행 격차 벌어...",5일 금융권에 따르면 카카오뱅크의 상반기 당기순이익은 전년 동기 대비 24.4% 증가한 3280억원으로 반기... 카카오뱅크의 2분기 연체율과 고정이하여신비율은 각각 0.51%와 0.54%로 전분기와 비슷한 수준을 유지했다....,https://www.nspna.com/news/?mode=view&newsid=823078,4,0.2572,0,drop,candidate_hybrid_model_drop_prob_le_threshold,4,0.2572,인터넷은행,,,candidate_hybrid,1,0.65,0.35
"나이스abc, 중소기업 공급망 금융 2조···대출 98% 중소기업에 집중","다만 CICS Engine의 구체적인 평가 항목별 비중과 부실률, 평균 대출금리, 연체율 등 성과를 판단할 핵심 지표는... 기존 금융권이 신용등급이 낮은 중소기업의 위험을 보완하기 위해 부동산이나 기계 등 유형자산 담보를...",https://www.newsfreezone.co.kr/news/articleView.html?idxno=702485,6,0.5863,1,keep,candidate_hybrid_gray_keep_domain_score_ge_threshold,6,0.5863,연체율,대출;금융,,candidate_hybrid,1,0.65,0.35
5대 은행 '회수 포기' 대출 1.2조 원…건전성 '빨간불',"금융권에서는 내수 침체와 함께 상업용 부동산 시장 부진이 기업대출 건전성을 악화시키는 핵심 요인으로... 최근 기준금리 상승으로 예대마진 확대 효과는 기대할 수 있지만, 연체율 상승과 기업부실 확대가 동시에...",https://www.the-today.com/news/articleView.html?idxno=88129,13,0.7733,1,keep,candidate_hybrid_keep_strong_domain_rule_anchor,13,0.7733,은행;연체율;기준금리,대출;건전성,,candidate_hybrid,1,0.65,0.35
[김성주號 첫 반기]② 부산은행 NPL비율 1.10%…건전성도 양호,2분기에는 부실채권 매각과 상각을 확대하며 고정이하여신(NPL) 비율과 연체율을 직전 분기보다 끌어내렸다. 4일 금융권에 따르면 부산은행의 상반기 누적 CCR은 0.44%로 지난해 상반기 0.59%보다 0.15%p 하락했다....,https://www.bloter.net/news/articleView.html?idxno=669923,8,0.5744,1,keep,candidate_hybrid_keep_strong_domain_rule_anchor,8,0.5744,npl;부실채권,,,candidate_hybrid,1,0.65,0.35
"국내 주요 은행, 대출 채권 부실 급증... 자산 건전성 위기","5일 금융권에 따르면 KB국민·신한·하나·우리·NH농협 등 5대 은행의 올해 2분기 말 추정손실은 모두... 달라지겠지만, 당분간은 은행권이 연체율과 부실채권 지표를 보수적으로 관리하는 국면이 이어질 가능성이 있다.",https://www.tokenpost.kr/news/economy/385339,14,0.6242,1,keep,candidate_hybrid_keep_strong_domain_rule_anchor,14,0.6242,은행;부실채권,대출;부실;건전성;채권,,candidate_hybrid,1,0.65,0.35
화물트럭부터 연예기획사 사옥까지...빚더미에 강제경매 최다,금융권 대출 원리금을 감당하지 못하는 가계와 기업이 늘고 있다는 신호로 풀이된다. 가수 겸 배우 임창정... 상반기 법인파산 신청 건수(1299건)와 국내 은행 대출 연체율(0.68%) 역시 수년 만에 가장 높은 수준이다. 최원혁...,https://www.sedaily.com/article/20075768?ref=naver,0,0.6228,0,drop,candidate_hybrid_drop_negative_signal,0,0.6228,은행;연체율,대출,배우;가수,candidate_hybrid,1,0.65,0.35
"[사설]벼랑 끝에 선 자영업자 부채, 맞춤형 금융 지원을",이는 시중은행의 대출 문턱을 넘지 못한 영세 상인들이 높은 이자를 감수하며 제2금융권이나 대부업체로... 이들의 연체율은 무려 16.44%에 달한다. 도내 자영업자의 소득 대비 부채비율(LTI)이 612%까지 뛰어오른 점은...,https://www.kwnews.co.kr/article/20260804502128,6,0.4721,1,keep,candidate_hybrid_gray_keep_domain_score_ge_threshold,6,0.4721,시중은행,대출;금융,,candidate_hybrid,1,0.65,0.35
"생산적금융 외치지만… 지방銀, 가계·대기업대출 쏠림 여전",4일 금융권에 따르면 지방은행 5개사(부산·경남·광주·전북·제주은행)의 올해 2·4분기 말 합산 기업대출... 실제로 지방은행 5개사의 올해 2·4분기 말 기준 평균 연체율은 1.33%로 나타났다. 이는 금융위기 여파가...,http://www.fnnews.com/news/202608041824335278,0,0.6525,0,drop,candidate_hybrid_drop_model_keep_without_domain_anchor,0,0.6525,,,,candidate_hybrid,1,0.65,0.35
"쿠팡, 대출 중개 출사표…KB국민카드와 손잡았다","4일 금융권에 따르면 양사의 협력을 통해 쿠팡 플랫폼 내에서 KB국민카드의 대출 상품을 손쉽게 비교하고... 다만 연체율 관리 등 건전성 확보와 개인정보 보호, 소비자 권익 제고 등은 서비스 안착을 위한 주요 과제로...",http://www.segyebiz.com/newsView/20260804520478?OutUrl=naver,7,0.5131,1,keep,candidate_hybrid_gray_keep_domain_score_ge_threshold,7,0.5131,연체율,대출;건전성,,candidate_hybrid,1,0.65,0.35
새마을금고 경영지표 개선 견인차는? 힘 실리는 행안부 금융당국 합동 ...,"금융권에서는 이번 태스크포스 운영 성과를 계기로 한동안 중단됐던 새마을금고 감독체계 개편 논의가 다시... 유동성, 연체율 등 주요 지표를 점검한다. 합동검사와 부실 금고 구조조정, 제도 개선 등 건전성 관리·감독...",https://www.businesspost.co.kr/BP?command=article_view&num=443919,15,0.8374,1,keep,candidate_hybrid_keep_strong_domain_rule_anchor,15,0.8374,새마을금고;연체율;유동성,부실;건전성,,candidate_hybrid,1,0.65,0.35
"금리 뛰고, 공급 절벽…은행 전세대출 급감",◇거래 절벽에 전세대출 줄어 4일 금융권에 따르면 국민·신한·하나·우리·농협 등 5대 시중은행의... 시중은행 관계자는 “전세대출은 연체율이 낮아 안정적인 수익원으로 꼽힌다”며 “전세대출보다 연체율이...,https://www.hankyung.com/article/2026080446711,8,0.533,1,keep,candidate_hybrid_keep_strong_domain_rule_anchor,8,0.533,은행;시중은행,금리,,candidate_hybrid,1,0.65,0.35
"""돈 잘 버는데 충당금 더 쌓았네""… 곳간 걸어 잠근 4대금융","실제로 연체율은 코로나19 이후 저점을 지나 완만한 상승세를 이어가고 있다. 취약차주를 중심으로 상환... 금융권 관계자는 ""이자이익 의존도를 낮추고 비은행 부문에서 얼마나 수익을 다변화할 수 있느냐가 하반기 4대...",https://www.dt.co.kr/article/12076509?ref=naver,4,0.4668,0,drop,candidate_hybrid_gray_drop_score_lt_threshold,4,0.4668,충당금,,,candidate_hybrid,1,0.65,0.35
[기업+] 시중은행 3년차 iM뱅크···외형 커졌지만 체질개선은 '글쎄',4일 금융권에 따르면 iM뱅크는 시중은행 전환 당시 인터넷전문은행의 비대면 경쟁력과 전통 은행의... 상반기 전체 연체율은 0.87%로 지난해 동기보다 개선됐지만 기업 연체율은 1.18%로 전년 동기보다 0.13%포인트(p)...,https://www.seoulfn.com/news/articleView.html?idxno=634893,4,0.6567,1,keep,candidate_hybrid_model_keep_prob_ge_threshold_with_domain_anchor,4,0.6567,시중은행,,,candidate_hybrid,1,0.65,0.35
"삼호농협, 클린뱅크 '그랑프리' 영예…5년 연속 '금' 등급 달성",삼호농협은 최근 부동산 경기 침체와 가계ㆍ기업 부채 부담 증가로 전국적인 연체율 상승세가 이어지며 금융권 전반의 여신관리 부담이 커진 상황에서도 기본과 원칙에 입각한 여신 심사를 진행했다. 아울러 체계적인...,http://www.youngnong.co.kr/news/articleView.html?idxno=61325,4,0.5764,0,drop,candidate_hybrid_gray_drop_score_lt_threshold,4,0.5764,연체율,,,candidate_hybrid,1,0.65,0.35
"[초점] JB금융, 캐피탈 성장에 2분기 역대 최고 실적...하반기 은행부문...","4일 금융권에 따르면 JB금융지주의 올해 2분기 지배지분 순이익은 2196억원으로 전년 동기보다 5.7... 연체율도 1.64%를 기록했다. 반면 신규 연체 발생률은 그룹과 은행에서 각각 전분기보다 6bp, 3bp 개선됐다....",http://www.newswatch.kr/news/articleView.html?idxno=80632,6,0.424,1,keep,candidate_hybrid_gray_keep_domain_score_ge_threshold,6,0.424,캐피탈,연체;실적,,candidate_hybrid,1,0.65,0.35
"[MD포커스] 우리카드, '개인정보' 유출사고 제재수위 촉각...자진신고 감...","롯데카드가 정보유출 사고로 업무정지 처분을 받으면서 금융권의 시선이 우리카드로 향하고 있다.... 영업수익은 1조5330억원으로 7.9% 늘었고, 연체율은 1.81%로 전년 동기보다 0.02%포인트 개선됐다. 대손비용도 감소하면서...",https://www.mydaily.co.kr/page/view/2026080411311739191,0,0.4809,0,drop,candidate_hybrid_gray_drop_score_lt_threshold,0,0.4809,,,,candidate_hybrid,1,0.65,0.35
"혼자 웃은 JB금융, BNK·iM금융은 일회성 요인에 '발목'",4일 금융권에 따르면 JB금융은 올해 상반기 3857억원의 순이익을 기록하며 반기 기준 사상 최대 실적을... 3사 모두 연체율과 고정이하여신(NPL) 비율이 개선됐지만 지역 경기 둔화와 부동산 PF를 포함한 기업대출...,https://www.newstopkorea.com/news/articleView.html?idxno=46764,8,0.4573,1,keep,candidate_hybrid_keep_strong_domain_rule_anchor,8,0.4573,npl;pf,,,candidate_hybrid,1,0.65,0.35
[JB금융 건전성 경고등㊤] 3대 지방지주 중 NPL '나홀로' 악화,"◆순익 증가했지만 NPL비율은 악화…커버리지비율 90%선 턱걸이 4일 금융권에 따르면 JB금융의 올해... 연체율 역시 JB금융이 1.64%를 기록하며 iM금융(1.38%), BNK금융(1.34%)을 제치고 가장 높은 수준을 보였다....",http://www.the-biz.co.kr/news/articleView.html?idxno=725597,10,0.5871,1,keep,candidate_hybrid_keep_strong_domain_rule_anchor,10,0.5871,npl;연체율,건전성,,candidate_hybrid,1,0.65,0.35
"새마을금고, 업황 악화에 채용 규모 5년래 최저…'스펙보다 컬처핏' 승...","그러나 부동산 경기 침체로 연체율이 치솟았고, 수익성도 크게 나빠졌다. 가계대출에서 기업대출로... 지역 금고에서 계약직으로 근무하며 실무 경험과 친분을 쌓았더라도 금융권 종사자로서 갖춰야 할 기본 역량은...",https://news.tf.co.kr/read/economy/2350303.htm,4,0.5199,0,drop,candidate_hybrid_gray_drop_score_lt_threshold,4,0.5199,새마을금고,,,candidate_hybrid,1,0.65,0.35
금리인상에 건설사 자금경색 주의,지방 중소건설사의 토지담보대출 연체율이 30%에 육박한다. 이에 따른 중소 금융권의 고위험이 지속되고 있는 상황에서 금리 인상은 브릿지론 등 단기자금 부담을 가중시키고 분양경기 위축과 사업성 저하를 동반할...,https://www.naeil.com/news/read/597604?ref=naver,1,0.6893,0,drop,candidate_hybrid_drop_model_keep_without_domain_anchor,1,0.6893,,금리,,candidate_hybrid,1,0.65,0.35
[이슈] 정부 포용금융 강화에도 은행 대출은 고신용자 집중…신규대출...,전문가들은 경기 둔화와 연체율 상승으로 금융권의 위험 관리가 강화된 상황에서 저신용자 대상 저금리 대출 확대만으로는 금융 접근성을 개선하기 어렵다고 지적했다. 3일 천하람 개혁신당 의원실이...,https://www.polinews.co.kr/news/articleView.html?idxno=739032,9,0.6599,1,keep,candidate_hybrid_keep_strong_domain_rule_anchor,9,0.6599,은행;연체율,대출;금융,,candidate_hybrid,1,0.65,0.35
"하나은행, 중소기업·소호 대출 증가 비결과 향후 전략","업다운뉴스=김준철 기자 / 고금리와 고물가 장기화로 금융권 대출 문턱이 한층 높아진 가운데, 주요 시중은행들 역시 정부의 '생산적·포용적 금융' 기조에 발맞춰 자금 공급을 꾸준히 늘려가고 있다. 다만 연체율 상승과...",http://www.updownnews.co.kr/news/articleView.html?idxno=318214,10,0.6057,1,keep,candidate_hybrid_keep_strong_domain_rule_anchor,10,0.6057,시중은행;연체율,대출;금융,,candidate_hybrid,1,0.65,0.35
"[비즈 인사이트] AI가 가른 삼성 계열사 2분기 성적표…""반도체 웃고 완...",클라우드 매출은 7794억원으로 17% 늘었고 공공·금융권을 중심으로 한 대외 클라우드 사업은 75% 성장했다.... 상반기 순이익이 감소했다. 다만 연체율은 0.89%를 유지해 자산 건전성은 안정적인 수준을 이어갔다.,https://www.seoultimes.news/news/article.html?no=2000098393,0,0.3393,0,drop,candidate_hybrid_model_drop_prob_le_threshold,0,0.3393,,,,candidate_hybrid,1,0.65,0.35
"리딩뱅크 이끈 정상혁 행장, 통합 신한銀 첫 '3연임' 역사 쓸까","4일 금융권에 따르면 정 행장의 임기는 올해 12월 말 끝난다. 정 행장은 한용구 전 행장이 건강상의 이유로... 6월 말 연체율은 0.34%, 고정이하여신 비율은 0.31%를 기록했다. 신한금융이 앞선 연임 과정에서 정 행장을...",https://news.tf.co.kr/read/economy/2349805.htm,0,0.3345,0,drop,candidate_hybrid_model_drop_prob_le_threshold,0,0.3345,,,,candidate_hybrid,1,0.65,0.35
"KB국민카드, 자산 재분배 통해 건전성 확보 나서",기준 카드론·현금서비스 잔액은 4조8162억원으로 1년 전보다 2.0% 늘었으며 같은 기간 순이자이익 역시 3846억원으로 증가했다. 자산건전성 지표는 전년 대비 개선된 것으로 나타났다. 지난 6월 말 기준 연체율은 1.07...,https://www.newsfreezone.co.kr/news/articleView.html?idxno=702380,7,0.4303,1,keep,candidate_hybrid_gray_keep_domain_score_ge_threshold,7,0.4303,카드론,건전성,,candidate_hybrid,1,0.65,0.35
기준금리 올랐는데 예금 문 잠근 저축은행…4%대 고금리 상품 '줄퇴장',"정리, 연체율 관리 부담도 남아 있다. 이에 따라 대출 목표가 하향 조정되면 예금금리 인하가 조달비용을 줄이는 데 그치지 않고 여신과 수신을 함께 축소하는 신호가 될 수 있다는 의미다. 문제는 저축은행의 자산 축소가...",http://www.ftoday.co.kr/news/articleView.html?idxno=363070,12,0.8808,1,keep,candidate_hybrid_keep_strong_domain_rule_anchor,12,0.8808,저축은행;연체율;기준금리,대출,,candidate_hybrid,1,0.65,0.35
"[대전 시민혈세 어디로 ②] 대전시, 빚내서 '대전관광공사' 건물주 빚 갚...",대전시가 빚까지 떠안으며 무리하게 공사 사옥을 이전한 까닭에 재정 건전성은 악화됐고 매입 과정을... 동부새마을금고 등 대주단으로부터 대규모 PF(Project Financing) 사업비를 대출받아 신탁방식으로 2023년 6월 신축한...,https://www.goodmorningcc.com/news/articleView.html?idxno=450122,8,0.416,1,keep,candidate_hybrid_keep_strong_domain_rule_anchor,8,0.416,새마을금고;pf,,,candidate_hybrid,1,0.65,0.35
"“가치가 담보, 관계가 신용”…대구 사회적기업들이 돈 모아 서로 돕는...","새마을금고, 신협과 같은 상호금융과의 차이를 묻자 김지영 상임이사는 “조합원 기반으로 지역에 밀착한... 대구사회가치금융은 사회적 미션의 명확성, 사업타당성·상환가능성, 재무 건전성, 경영진 역량과 거버넌스...",https://www.hani.co.kr/arti/economy/economy_general/1271377.html,14,0.5295,1,keep,candidate_hybrid_keep_strong_domain_rule_anchor,14,0.5295,상호금융;새마을금고;신협,건전성,,candidate_hybrid,1,0.65,0.35
"금융당국, 잔금대출 규제 완화 검토…상호금융 여신 확대 기대감 '솔솔...",잔금대출이 대출 총량 관리 대상에서 제외될 경우 농협·신협·새마을금고 등으로 집단대출 수요가 이동할 수... 상호금융권이 잔금대출 공급에 나서게 될 경우 수익성과 건전성 측면에서는 호재로 작용한다. 잔금대출의...,https://daily.hankooki.com/news/articleView.html?idxno=1392618,15,0.3434,1,keep,candidate_hybrid_keep_strong_domain_rule_anchor,15,0.3434,상호금융;새마을금고;신협,대출;건전성,,candidate_hybrid,1,0.65,0.35
"[더벨]동양생명, 우리금융 완전 자회사 편입 마지막 관문 통과",동양생명 이사회는 매수대금을 지급한 뒤에도 충분한 유동성을 확보하고 있어 재무 건전성에 미치는... 동양생명이 취득하는 우리금융지주 신주는 상법에 의한 상호주로 의결권이 없다. 우리금융지주가 주식교환...,https://www.thebell.co.kr/free/content/ArticleView.asp?key=202608041556143400103882,0,0.4528,0,drop,candidate_hybrid_gray_drop_score_lt_threshold,0,0.4528,,,,candidate_hybrid,1,0.65,0.35
"대광건영, '2026년 건설업체 시공능력평가' 40위","대광건영은 국토교통부가 주관하는 '건설사업자 간 상호협력평가'에서 2023년부터 2026년까지 4년 연속 최우수 등급을 획득했다. 대광건영의 모기업인 대광그룹은 건설을 주축으로 금융, 호텔, 레저, 벤처 투자 등으로 사업...",https://www.pinpointnews.co.kr/news/articleView.html?idxno=474328,1,0.4017,0,drop,candidate_hybrid_gray_drop_score_lt_threshold,1,0.4017,,금융,,candidate_hybrid,1,0.65,0.35
"농협상호금융, 하반기 경영전략 본격화","특히 △농축협 경쟁력 강화 △금융소비자 보호 △예수금 기반 안정화 △건전성 관리 △유동성 리스크 대응 등 하반기 상호금융의 핵심 추진과제를 집중 공유하고, 국내외 경제·금융시장 변화가 농축협 경영에 미치는...",http://www.bokuennews.com/news/article.html?no=282149,9,0.7339,1,keep,candidate_hybrid_keep_strong_domain_rule_anchor,9,0.7339,상호금융;유동성,건전성,,candidate_hybrid,1,0.65,0.35
은행권 주담대 막히자 '신용대출·사내대출' 급증,"상호금융권은 연초부터 이미 대출을 제한하는 추세였다. 농협중앙회 관계자는 ""연 초 업권별 가계대출 정책 적용의 시차로 인해 풍선효과가 있었으나 현재는 없는 것으로 안다""며 ""농협에서 가계대출 총량 준수를 위한...",https://weekly.hankooki.com/news/articleView.html?idxno=7176798,8,0.2606,1,keep,candidate_hybrid_keep_strong_domain_rule_anchor,8,0.2606,은행권;상호금융,,,candidate_hybrid,1,0.65,0.35
[데일리안 오늘뉴스 종합] '보완수사권 폐지'에 결국 盧 언급한 한동훈...,이들 주는 강제노동 관세가 지난 2월 연방대법원 판결로 무효가 된 상호관세를 우회하려는 핑계에... 4일 금융권에 따르면 하나은행은 이달 들어 수원 매교역 팰루시드에 잔금대출 한도를 500억원 추가 배정했다. 앞서...,https://www.dailian.co.kr/news/view/1674474/?sc=Naver,0,0.5829,0,drop,candidate_hybrid_gray_drop_score_lt_threshold,0,0.5829,,,,candidate_hybrid,1,0.65,0.35
"농협상호금융, 개성 담은 '화이트레이블 체크카드' 5종 출시…디자인 차...","농협상호금융이 전국 지역 농·축협의 개성과 브랜드를 담은 '화이트레이블(White Label) 체크카드' 5종을 새롭게 선보이며 차별화된 금융 서비스 강화에 나섰다. 농협상호금융(대표이사 윤성훈)은 지난 3일 전국 1,106개 농...",https://www.fntimes.com/html/view.php?ud=202608042036502713dd55077bc2_18,5,0.6704,1,keep,candidate_hybrid_model_keep_prob_ge_threshold_with_domain_anchor,5,0.6704,상호금융,금융,,candidate_hybrid,1,0.65,0.35
"함양농협, 상호금융대상평가 우수상 수상","믿음으로 신뢰받는 금융서비스가 제공 될 수 있도록 전 임직원이 한마음 한뜻으로 역량을 강화해 가겠다""고 밝혔다. 한편 함양농협은 앞서 농업경제사업대상 수상과 상호금융대상평가 우수상 수상을 수상했다.",https://www.gnnews.co.kr/news/articleView.html?idxno=642580,4,0.6741,1,keep,candidate_hybrid_model_keep_prob_ge_threshold_with_domain_anchor,4,0.6741,상호금융,,,candidate_hybrid,1,0.65,0.35
팰루시드 잔금대출 풀렸지만…‘총량 제외’ 세부 지침은 깜깜,4일 금융권에 따르면 NH농협은행은 이날 매교역 팰루시드(총 2178가구) 사업장 잔금대출 총 한도로 1000억원을... 형성된 ‘상호 이해’를 바탕으로 은행들이 자발적으로 움직이고 있다는 입장이다. 정부 차원에서 실수요자...,https://www.kukinews.com/article/view/kuk202608040187,0,0.2251,0,drop,candidate_hybrid_model_drop_prob_le_threshold,0,0.2251,,,,candidate_hybrid,1,0.65,0.35
"배종록 증평농협 조합장 ""농업·농촌 위기를 기회로""","또 최근 농협중앙회가 실시한 2026년 상반기 농·축협 종합업적평가와 상호금융대상 시상에서 각각 우수 조합상과 우수상을 수상하는 2관왕의 영예를 안았다.배 조합장은 충청투데이와의 인터뷰에서 ""현재 농촌은 인구...",https://www.cctoday.co.kr/news/articleView.html?idxno=2234331,4,0.48,0,drop,candidate_hybrid_gray_drop_score_lt_threshold,4,0.48,상호금융,,,candidate_hybrid,1,0.65,0.35
"""단순 업무는 AI, 판단은 인간"" 금융권, AI 에이전트 활용 본격화","사회적 상호작용 △창의적 비약 등에 집중하는 식이다. 비교우위적 관점에서 각자의 장점에 집중해 업무효율화를 꾀하는 것이다. 전아영 KB경영연구소 연구위원은 ""금융업은 정보 처리·문서 작성·데이터 분석·리스크...",https://www.mediapen.com/news/view/1114159,0,0.5414,0,drop,candidate_hybrid_gray_drop_score_lt_threshold,0,0.5414,,,,candidate_hybrid,1,0.65,0.35
"농협상호금융, '전자점자 서비스' 도입","한국농업신문, NEWSFARM  농협상호금융이 인터넷뱅킹에 전자점자 서비스를 도입하며 시각장애인과 고령층 등 디지털 취약계층의 금융 접근성 강화에 나섰다. 농협상호금융은 29일부터 상호금융권 최초로 인터넷뱅킹에...",http://www.newsfarm.co.kr/news/articleView.html?idxno=101844,5,0.7827,1,keep,candidate_hybrid_model_keep_prob_ge_threshold_with_domain_anchor,5,0.7827,상호금융,금융,,candidate_hybrid,1,0.65,0.35
"한국평가데이터, 수협은행과 구조적 신용리스크 분석서비스 공동구축",수협은행과 금융데이터 기반의 구조적 신용리스크 분석 서비스 공동 구축에 나선다고 4일 밝혔다. 양사는 전날 서울 여의도 한국평가데이터 본사에서 이 같은 내용의 업무협약을 체결하며 서비스 구축을 위한 상호...,https://view.asiae.co.kr/article/2026080410332825298,0,0.458,0,drop,candidate_hybrid_gray_drop_score_lt_threshold,0,0.458,,,,candidate_hybrid,1,0.65,0.35
"농촌진흥청, 멕시코와 K-농기계 현지 적용·협력 방안 논의",농업금융 정보 공유…국내 기업의 멕시코·중남미 진출 지원 방안 모색 농촌진흥청(청장 이승돈)은 8월 4일 멕시코 텍스코코(Texcoco)의 농업기계표준화센터(CENEMA)를 방문했다. 이 자리에서 멕시코 국립산림농업축산...,https://www.newsam.co.kr/news/article.html?no=43661,0,0.5518,0,drop,candidate_hybrid_gray_drop_score_lt_threshold,0,0.5518,,,,candidate_hybrid,1,0.65,0.35
"농진청, 멕시코서 농기계 기술교류회 개최…현지 협력 방안 논의",국립산림농업축산연구소(INIFAP)와 농업기계 분야 협력 방안을 논의하고 '한-멕시코 농기계 기술교류회'를 개최했다고 밝혔다. 이번 일정에는 성제훈 국립농업과학원장을 비롯해 한국농기계공업협동조합과 국내 농기계...,http://www.lawissue.co.kr/view.php?ud=202608041931451328f4ab64559d_12,0,0.5463,0,drop,candidate_hybrid_gray_drop_score_lt_threshold,0,0.5463,,,,candidate_hybrid,1,0.65,0.35
"김찬술 대덕구청장, '미래전략TF' 본격 가동",자문단이 조합별 전담 사무장 역할을 맡아 사업 초기부터 완료까지 지원한다는 계획이다. 김 청장은 특히 재개발·재건축 사업의 준비 단계부터 행정이 적극 개입하겠다는 의지를 밝혔다. 사업이 장기화될수록 금융비용...,http://www.ccnnews.co.kr/news/articleView.html?idxno=413029,0,0.5544,0,drop,candidate_hybrid_gray_drop_score_lt_threshold,0,0.5544,,,,candidate_hybrid,1,0.65,0.35
"농진청, 멕시코와 농기계 협력 확대…중남미 시장 진출 교두보 마련",인더스트리뉴스 이주엽 기자  농촌진흥청은 멕시코 국립산림농업축산연구소(INIFAP)와 농업기계 분야 협력... 이날 행사에는 성제훈 국립농업과학원장을 비롯해 한국농기계공업협동조합과 국내 농기계 기업 관계자들이...,https://www.industrynews.co.kr/news/articleView.html?idxno=84037,0,0.4931,0,drop,candidate_hybrid_drop_generic_market_or_ipo_noise,0,0.4931,,,,candidate_hybrid,1,0.65,0.35
"농진청, 멕시코와 'K-농기계' 협력…중남미 진출 기반 확대",농업금융 제도를 공유하고 현지 농업환경에 맞는 기술 적용 방안을 논의했다. 농진청은 4일 멕시코 텍스코코의 농업기계표준화센터(CENEMA)를 방문해 멕시코 국립산림농업축산연구소(INIFAP)와 농업기계 분야 협력 방안을...,https://www.newspim.com/news/view/20260804001132,0,0.5162,0,drop,candidate_hybrid_gray_drop_score_lt_threshold,0,0.5162,,,,candidate_hybrid,1,0.65,0.35
지자체 '공공기관 유치' 전략 변화…공공기관 '아연실색',"농협중앙회와 산림조합중앙회 등 협동조합 이전 필요성도 함께 포함돼 타 지역과의 갈등을 예고했다. 각 지자체가 저마다의 명분을 내세워 유치전에 총력을 기울이고 있으나, 정작 이전 대상 후보로 지정된 금융 공공기관...",https://www.asiatime.co.kr/article/20260804500113,1,0.4026,0,drop,candidate_hybrid_gray_drop_score_lt_threshold,1,0.4026,,금융,,candidate_hybrid,1,0.65,0.35
[ESG실무] ④탄소 1톤 감축비용 제각각... 로드맵은 '최소비용 조합'으로,"있는 조합을 찾아야 한다고 제안한다. 기업의 탄소감축 로드맵에는 기준연도와 연도별 배출경로뿐 아니라... 운송, 산림 훼손 가능성까지 고려해야 한다. 전기화 역시 해당 지역 전력망의 탄소집약도가 높다면 기대한...",https://www.esgeconomy.com/news/articleView.html?idxno=16144,0,0.5042,0,drop,candidate_hybrid_gray_drop_score_lt_threshold,0,0.5042,,,,candidate_hybrid,1,0.65,0.35
"중남미로 향하는 K-농기계…농진청, 멕시코 시장 진입 조건 점검",금융기관과 시험·인증 절차와 농기계 구매 지원제도를 공유해 국내 기업의 멕시코와 중남미 시장 진출을 지원할 계획이다. 농촌진흥청은 4일 멕시코 텍스코코의 농업기계표준화센터(CENEMA)를 방문해 멕시코 국립산림농업...,https://www.dailian.co.kr/news/view/1674206/?sc=Naver,0,0.5545,0,drop,candidate_hybrid_drop_generic_market_or_ipo_noise,0,0.5545,,,,candidate_hybrid,1,0.65,0.35
"서천군의회–산림조합, 정책 간담회 개최","이날 산림조합은 산림경영 전문기관으로서 조림과 숲가꾸기, 임도 개설, 산림병해충 방제, 사방사업, 산주 대상 기술지도, 임산물 생산·유통 지원, 금융사업 등 다양한 분야에서 지역 산림의 체계적인 관리와 임업인의 소득...",https://www.gukjenews.com/news/articleView.html?idxno=3655055,0,0.635,0,drop,candidate_hybrid_gray_drop_score_lt_threshold,0,0.635,,,,candidate_hybrid,1,0.65,0.35
"농진청, 멕시코와 K-농기계 협력…중남미 진출기반 마련",국립산림농업축산연구소(INIFAP)와 농업기계 협력 방안을 논의하고 '한·멕시코 농기계 기술교류회'를 개최했다고 밝혔다. 이번 행사에는 성제훈 국립농업과학원장을 비롯해 한국농기계공업협동조합과 국내 농기계 기업...,https://www.newsis.com/view/NISX20260804_0003735051,0,0.5901,0,drop,candidate_hybrid_gray_drop_score_lt_threshold,0,0.5901,,,,candidate_hybrid,1,0.65,0.35
'정정 및 반론보도' 라미드그룹 PF 갚았다는데 우선수익자는 누구인가…...,"그러나 사실확인 결과, PF 대출금은 대주단의 대표금융기관(화성새마을금고) 확인을 통해 2025년 12월 10일 전액 상환이 완료된 것으로 확인되었고, 신탁재산의 우선수익자는 누구든지 등기소의 신탁원부를 통해 명확히...",https://www.the-today.com/news/articleView.html?idxno=88110,8,0.5732,1,keep,candidate_hybrid_keep_strong_domain_rule_anchor,8,0.5732,새마을금고;pf,,,candidate_hybrid,1,0.65,0.35
"BNK는 주춤, JB는 질주…지방금융 두 지주 성장성 '희비'","은행의 대출 포트폴리오에 JB우리캐피탈이 더해지며 높은 마진을 유지하고 있다. BNK금융은 그룹 NIM이 전분기 대비 5bp 하락했는데, 회사 측은 우량자산 중심의 성장 확대와 수신금리 상승으로 예대금리차가...",http://www.srtimes.kr/news/articleView.html?idxno=209109,5,0.4784,0,drop,candidate_hybrid_gray_drop_score_lt_threshold,5,0.4784,예대금리차,대출,,candidate_hybrid,1,0.65,0.35
"4대 시중은행 예금 3% 금리 전성시대, '머니무브' 대응에 수신 경쟁 불 ...",< KB국민은행 >최근 예대금리차 축소가 나타난 점 역시 수신 경쟁이 치열해진 은행권의 상황을 보여주는 것으로도 풀이된다. 은행연합회 공시에 따르면 4대 은행의 6월 신규취급액 기준 가계예대금리차(정책서민금융...,https://www.businesspost.co.kr/BP?command=article_view&num=443924,9,0.7758,1,keep,candidate_hybrid_keep_strong_domain_rule_anchor,9,0.7758,시중은행;예대금리차,금리,,candidate_hybrid,1,0.65,0.35
널뛰기 장세에도 은행주는 웃었다···배당·자사주·금리까지 '3박자',최근 기준금리 인상 역시 은행주에 우호적인 환경을 만들고 있다. 시장금리 상승과 함께 예대금리차가 확대되고 대출금리 산정의 기준이 되는 코픽스(COFIX)도 상승세를 보이면서 순이자마진(NIM) 개선 기대가...,https://www.sisajournal-e.com/news/articleView.html?idxno=422862,7,0.7831,1,keep,candidate_hybrid_model_keep_prob_ge_threshold_with_domain_anchor,7,0.7831,기준금리;예대금리차,,,candidate_hybrid,1,0.65,0.35
"[원화대출 리밸런싱]③ 하나은행, 외형 확장+NIM 개선 '기대 이상'",저원가성예금 확대로 NIM 개선 하나은행은 기업대출을 폭넓게 늘리면서도 수익성을 개선했다. 2분기 NIM은 1.61%로 전분기보다 3bp(1bp=0.01%p) 상승했다. 원화 예대금리차도 1.53%에서 1.56%로 3bp 확대됐다. 수익성 중심의...,https://www.bloter.net/news/articleView.html?idxno=669907,5,0.4678,0,drop,candidate_hybrid_gray_drop_score_lt_threshold,5,0.4678,예대금리차,원화,,candidate_hybrid,1,0.65,0.35
널뛰는 증시 속 존재감 키운 은행주…방어주 넘어 주도주로,키움증권에 따르면 은행 잔액 기준 예대금리차는 지난해 5월 2.19%를 저점으로 올해 5월 2.28%까지 확대됐다. 상승 폭은 크지 않지만 장기간 이어졌던 하락세가 반등했다는 점에서 의미가 있다는 평가다. 은행...,https://www.imaeil.com/page/view/2026080410195587229,7,0.7157,1,keep,candidate_hybrid_model_keep_prob_ge_threshold_with_domain_anchor,7,0.7157,은행;예대금리차,,,candidate_hybrid,1,0.65,0.35
세제개편 다음은 대출규제 손질…잔금 풀고 전세 조인다,"주택담보인정비율(LTV)과 총부채원리금상환비율(DSR) 등 가계대출 관리의 기본 틀은 유지하되, 규제 시행 전 계약을 체결한 실수요자의 자금 조달 부담은 덜어주는 방향이 거론된다. 5일 금융권에 따르면 정부는 3일 '2026년...",https://www.digitaltoday.co.kr/news/articleView.html?idxno=689815,7,0.641,1,keep,candidate_hybrid_gray_keep_domain_score_ge_threshold,7,0.641,dsr;ltv,,,candidate_hybrid,1,0.65,0.35
[윤준의 부동산수첩] 대출에 붙은 '가격표',"LTV 한도와 별개로 DSR과 스트레스 DSR, 소득, 기존 부채, 은행의 자체 총량관리에 따라 승인액이 크게 달라질 수 있다. 정부는 2026년 가계대출 증가율 목표를 1.5%로 설정하고 금융회사별 총량관리를 강화하고 있다. 목표를...",https://www.nbntv.kr/news/articleView.html?idxno=340517,7,0.4869,1,keep,candidate_hybrid_gray_keep_domain_score_ge_threshold,7,0.4869,dsr;ltv,,,candidate_hybrid,1,0.65,0.35
보험사 사려면 자본부터…한투 M&A 발목 잡는 '이중레버리지',한국은행의 기준금리 인상 이후 시장금리도 상승하면서 신종자본증권을 추가 발행할 경우 과거보다 높은 금리를 부담해야 할 가능성이 커졌다. 조달 자체가 어려운 것은 아니지만 발행 비용이 커질수록 수익성 부담도...,https://dealsite.co.kr/articles/166517,11,0.8043,1,keep,candidate_hybrid_keep_strong_domain_rule_anchor,11,0.8043,한국은행;보험사;기준금리,,,candidate_hybrid,1,0.65,0.35
"금리 불확실성 커지자…은행, '고정금리'로 이동하나","한국은행 기준금리는 2024년 하반기부터 하락해 2025년 5월 2.50%까지 낮아졌지만, 2026년 7월 16일 다시 2.75%로 올랐다. 2023년 1월 3.50%를 정점으로 이어졌던 고금리 국면이 완화되는 듯했지만, 기업 입장에서는 금리가 반드시 한...",https://www.lcnews.co.kr/news/articleView.html?idxno=206032,12,0.8191,1,keep,candidate_hybrid_keep_strong_domain_rule_anchor,12,0.8191,한국은행;은행;기준금리,금리,,candidate_hybrid,1,0.65,0.35
"7월 물가, 2%대 둔화에도 근원물가 ‘꿈틀’…한은, 8월 연속 인상할까",국제유가 하락으로 전체 물가의 오름세는 둔화한 반면 내구재를 중심으로 기조적인 물가 압력은 오히려 커지면서 한국은행의 8월 기준금리 결정을 둘러싼 증권가의 전망도 엇갈리고 있다. 4일 국가데이터처가 발표한...,https://www.dnews.co.kr/uhtml/view.jsp?idxno=202608041055516830695,13,0.7835,1,keep,candidate_hybrid_keep_strong_domain_rule_anchor,13,0.7835,한국은행;한은;기준금리,,,candidate_hybrid,1,0.65,0.35
[마켓+] 원·달러 환율 1300원대 진입하나···'일시적 언더슈팅' vs '추...,김상봉 한성대 경제학과 교수는 지난달 한국은행의 기준금리 인상과 미국 연방준비제도(Fed·연준)의 금리 동결로 한국(2.75%)과 미국(3.50~3.75%)의 금리차가 상단기준 1%포인트(p)까지 좁혀진 것을 환율 안정의 주된...,https://www.seoulfn.com/news/articleView.html?idxno=634894,23,0.8872,1,keep,candidate_hybrid_keep_overseas_korean_market_impact,23,0.8872,한국은행;연준;fed;환율;기준금리,금리;달러,,candidate_hybrid,1,0.65,0.35
은행으로 몰리는 돈…정기예금 한 달 새 35조원 급증,한국은행이 추가 기준금리 인상 가능성을 열어둔 데다 시장금리 상승세도 이어지고 있어 예금금리도 당분간 오름세를 보일 것으로 전망된다. 실제로 KB국민은행은 지난달 주요 예·적금 상품 금리를 최대 연 0.3...,https://www.bntnews.co.kr/article/view/bnt202608050049,8,0.8529,1,keep,candidate_hybrid_keep_strong_domain_rule_anchor,8,0.8529,한국은행;기준금리,,,candidate_hybrid,1,0.65,0.35
한은도 금 산다는데…지금 금 살까? 말까?,최근 미국의 물가 상승세가 둔화되고 금리가 동결되면서 이자를 지급하지 않는 금의 투자 매력이 상대적으로 높아졌습니다. 여기에 각국 중앙은행들의 지속적인 금 매입과 한국은행의 신규 매수까지 더해지면서...,https://biz.sbs.co.kr/article_hub/20000326688?division=NAVER,5,0.6124,0,drop,candidate_hybrid_gray_drop_score_lt_threshold,5,0.6124,한국은행,,,candidate_hybrid,1,0.65,0.35
"[스타트 경제] 근원물가 31개월 만에 최대 폭 상승...8월 금통위, '기준...",이런 물가 움직임에한국은행이 지난달에 이어 이번 달에도 기준금리를 인상할지 관심이 쏠리는데요. 천소라 인하대 경제학과 교수와 짚어봅니다. 지난달 7월 소비자물가 올라갔는데 근원물가는 내려갔어요. 어떻게...,https://www.ytn.co.kr/_ln/0102_202608050737109429,8,0.7045,1,keep,candidate_hybrid_keep_strong_domain_rule_anchor,8,0.7045,한국은행;기준금리,,,candidate_hybrid,1,0.65,0.35
"“원금보장, 이자까지?”…’롤러코스피’에 은행예금 35조 급증",금리가 잇따라 상승하고 있는 점도 예금으로의 자금 유입을 부추기는 요인으로 꼽힌다. 한국은행이 지난달 기준금리를 연 2.50%에서 2.75%로 0.25%포인트 인상하면서 은행들은 예금금리를 일제히 올리고 있다.,https://www.kmib.co.kr/article/view.asp?arcid=9000000859&cp=nv,8,0.8551,1,keep,candidate_hybrid_keep_strong_domain_rule_anchor,8,0.8551,한국은행;기준금리,,,candidate_hybrid,1,0.65,0.35
"급등세 원/달러 환율, 고점은 지나","한국은행의 기준금리 인상으로 한미 금리차가 축소됐고, 국내 증시에서는 외국인 순매수가 재개되고 있다. SK하이닉스의 미국주식예탁증서(ADR) 관련 환전 수요와 조선·중공업 기업의 선물환 매도 확대 등으로 외환시장 내...",https://weekly.donga.com/3/all/11/6334174/1,20,0.8284,1,keep,candidate_hybrid_keep_strong_domain_rule_anchor,20,0.8284,한국은행;환율;기준금리;원/달러;외환시장,달러,,candidate_hybrid,1,0.65,0.35
레버리지 규제에 코스닥 볕 드나… 첫 3연속 매수 사이드카 外 [한강로...,연합뉴스 ◆7월 물가상승률 2.8% 한국은행의 기준금리 연속 인상 가능성에 관심이 쏠린 가운데 7월 소비자물가 상승률은 2%대로 내려왔다. 한은은 2분기 실질 국내총생산(GDP) 성장률과 7월 소비자물가 등의 데이터를...,https://www.segye.com/newsView/20260804521020?OutUrl=naver,10,0.7175,1,keep,candidate_hybrid_keep_strong_domain_rule_anchor,10,0.7175,한국은행;기준금리,코스닥,,candidate_hybrid,1,0.65,0.35
경기지역 '집값상승 전망' 4년10개월 만에 최고…작년보다 21p 상승,5일 한국은행 경기본부가 발표한 '2026년 7월 경기지역 소비자동향조사 결과'에 따르면 지난달 도내... 기준금리 인상 기대와 시장금리 상승이 반영된 지표다. 7월 경기지역 소비자동향조사는 지난달 13~15일...,https://www.news1.kr/local/gyeonggi/6249046,8,0.8873,1,keep,candidate_hybrid_keep_strong_domain_rule_anchor,8,0.8873,한국은행;기준금리,,,candidate_hybrid,1,0.65,0.35
[초점] 폭염이 다시 자극한 물가 불안…장바구니부터 금리까지 흔들까,한국은행은 소비자물가 상승률 2%를 물가안정 목표로 제시하고 있지만 근원물가 상승세와 가계대출 확대가 이어질 경우 추가 금리 인상 가능성도 배제하기 어렵다. 금융시장에서는 폭염에 따른 농산물 가격 흐름과...,http://www.newsian.co.kr/news/articleView.html?idxno=93281,6,0.757,1,keep,candidate_hybrid_model_keep_prob_ge_threshold_with_domain_anchor,6,0.757,한국은행,금리,,candidate_hybrid,1,0.65,0.35
“13년 만에 금 사는 한은”…지금이 ‘저점 매수’ 기회? [잇슈 머니],"미국 6월 개인소비지출 물가지수가 전월 대비 0.1% 하락하는 등 물가가 둔화됐고, 금리 동결로 이자를 주지 않는 금의 약점이 완화됐습니다. 여기에 각국 중앙은행의 구조적 매수, 이제 한국은행까지 가세했습니다....",https://news.kbs.co.kr/news/pc/view/view.do?ncd=8628739&ref=A,11,0.6102,1,keep,candidate_hybrid_keep_strong_domain_rule_anchor,11,0.6102,한국은행;한은,금리,,candidate_hybrid,1,0.65,0.35
8월 수도권 일반분양 1.9만가구 쏟아진다는데…대출 규제 속 내집마련 ...,한국은행은 지난달 16일 기준금리를 2.50%에서 2.75%로 0.25%포인트 올렸다. 4억원을 30년간 원금과 이자를 함께 갚는다고 가정하면 대출금리가 연 4%일 때 월 상환액은 약 191만원이다. 금리가 연 4.25%로 오르면 약...,https://view.asiae.co.kr/article/2026080413495375085,9,0.7529,1,keep,candidate_hybrid_keep_strong_domain_rule_anchor,9,0.7529,한국은행;기준금리,대출,,candidate_hybrid,1,0.65,0.35
빚투 레버리지 폭풍에 증권사 회사채 발행 역대 최대…NH투자 2조 원 돌...,"특히 한국은행 기준금리 줄인상 가능성이 점쳐지는 상황이라는 점도 증권사들을 위축시킬 가능성이 있다는 반응이다. 김은기 삼성증권 연구원은 ""올해 CP 등 단기조달이 많은 대형 증권사 위주로 회사채 발행에...",http://www.consumernews.co.kr/news/articleView.html?idxno=760797,18,0.7415,1,keep,candidate_hybrid_keep_strong_domain_rule_anchor,18,0.7415,한국은행;증권사;회사채;cp;기준금리,,,candidate_hybrid,1,0.65,0.35
"물가 2%대 내렸는데…근원물가 31개월 최고, 한은 '8월 연속 인상' 기로",기록하면서 한국은행의 추가 금리 인상 셈법도 복잡해졌다. 유가 하락과 정부 정책 효과가 전체 물가... 시장에서는 이에 따라 한은 금융통화위원회(금통위)의 다음 기준금리 결정 방향을 두고 8월 연속 인상 가능성과...,https://www.news1.kr/economy/trend/6248927,14,0.8976,1,keep,candidate_hybrid_keep_strong_domain_rule_anchor,14,0.8976,한국은행;한은;기준금리,금리,,candidate_hybrid,1,0.65,0.35
[DCM] 7월 회사채 시장…보증채 롯데케미칼 오버·SK에코플랜트 언더 [7...,"한국은행은 7월 금융통화위원회에서 기준금리를 2.50%에서 2.75%로 인상하며 긴축 기조를 이어갔다. 크레딧 시장에서는 특은채 3년물 스프레드가 2분기 저점인 19.2bp에서 7월 말 26bp까지 확대됐고, 3분기 공적채권...",https://www.fntimes.com/html/view.php?ud=202608041630259917141825007d_18,15,0.8753,1,keep,candidate_hybrid_keep_strong_domain_rule_anchor,15,0.8753,한국은행;회사채;스프레드;기준금리,,,candidate_hybrid,1,0.65,0.35
"""롤러코스피, 이제 못 참아""…은행 예금으로 한 달 새 35조 뭉칫돈",한국은행이 지난달 기준금리를 연 2.50%에서 2.75%로 0.25%포인트 인상하면서 은행들은 예금금리를 일제히 올리고 있다. 은행연합회에 따르면 5대 시중은행의 1년 만기 정기예금 금리는 현재 연 2.90~3.25% 수준이다....,https://www.newsis.com/view/NISX20260804_0003736349,15,0.9284,1,keep,candidate_hybrid_keep_strong_domain_rule_anchor,15,0.9284,한국은행;은행;시중은행;기준금리,,,candidate_hybrid,1,0.65,0.35
"""불안한 증시 대신 예금으로""…최고 年 8% 특판 은행 어디?","은행권 관계자는 ""하반기 한국은행에서 한 차례 더 기준금리 인상 예고한 상황이다보니 은행들 입장에서는 안정적인 조달 수단인 정기예금을 통해 자금을 미리 확보하려 한다""며 ""특정 고객군 대상 정기예금 유치...",https://www.news1.kr/finance/bank/6248800,15,0.8159,1,keep,candidate_hybrid_keep_strong_domain_rule_anchor,15,0.8159,한국은행;은행;은행권;기준금리,,,candidate_hybrid,1,0.65,0.35
"[출근길포인트]원·달러 환율 급등 요인…한은 ""역외 NDF가 상승 압력 키...","원화 약세의 원인으로 지목됐던 달러 수급이 개선되고, 한국은행의 기준금리 인상으로 한미 금리차도 줄어들면서 환율이 1400원 아래로 내려갈 수 있다는 전망이 나온다.사진=연합뉴스 올해 3월 원·달러 환율이 급등한...",https://www.pointdaily.co.kr/news/articleView.html?idxno=314269,18,0.8403,1,keep,candidate_hybrid_keep_strong_domain_rule_anchor,18,0.8403,한국은행;한은;환율;기준금리,달러;원화,,candidate_hybrid,1,0.65,0.35
"[N2 뷰] 코스피, 레버리지 충격 잦아들었지만…반등 열쇠는 ‘신뢰 회복...","유로존과 일본, 한국은 올해 이미 기준금리를 인상했고 한국은행은 추가 인상 가능성도 시사했다. 미국 연방준비제도(Fed·연준)에서도 연내 추가 인상 가능성을 열어두면서 긴축 부담이 커지고 있다. 하건형...",https://www.news2day.co.kr/article/20260805500003,20,0.8446,1,keep,candidate_hybrid_keep_overseas_korean_market_impact,20,0.8446,한국은행;연준;fed;기준금리,코스피,,candidate_hybrid,1,0.65,0.35
"한은 금통위 ""기준금리 인상, 필요성 커지고 부담은 줄어""","한 금통위원은 ""지난 5월 회의 이후 물가 우려가 커졌고 금융안정 리스크도 지속되고 있어 금리 인상 필요성이 커진 반면, 견조한 성장에 부담은 줄었다""고 말했습니다. #물가 #한국은행 #금리 #기준금리 #성장",http://www.yonhapnewstv.co.kr/news/MYH20260805002920sdt,14,0.9064,1,keep,candidate_hybrid_keep_strong_domain_rule_anchor,14,0.9064,한국은행;한은;기준금리,금리,,candidate_hybrid,1,0.65,0.35
물가 석달만에 2%대…어려워진 금리 방정식,"내려왔지만, 한국은행이 주시하는 근원물가(식료품·에너지 제외) 상승률은 2년 7개월 만에 최고치를 기록했다. 2분기 ‘깜짝’ 성장과 근원물가 상승은 한은의 ‘백투백(2회 연속)’ 금리 인상에 힘을 싣는다. 다만...",https://www.joongang.co.kr/article/25450843,6,0.8486,1,keep,candidate_hybrid_model_keep_prob_ge_threshold_with_domain_anchor,6,0.8486,한국은행,금리,,candidate_hybrid,1,0.65,0.35
기준금리 올라도 예탁금 이자는 제자리…증권사 '생색내기' 인상에 투자...,"증권사 관계자는 ""한국은행 기준금리 인상과 시장 환경 변화를 고려해 이용료율을 조정했다""며 ""자금 운용 여건을 종합 반영해 결정한 수치""라고 해명했다. 그러나 전문가들은 증권사가 금리 인상기 이익을 독식하는...",https://www.ziksir.com/news/articleView.html?idxno=142098,12,0.9181,1,keep,candidate_hybrid_keep_strong_domain_rule_anchor,12,0.9181,한국은행;증권사;기준금리,금리,,candidate_hybrid,1,0.65,0.35
소비자물가 석 달 만에 2%대로…'8월 금리인상' 주목,이제 시장의 시선은 이달 말 예정된 한국은행의 기준금리 결정으로 향하고 있습니다. 배시진 기자입니다. [기자] 중동 전쟁의 여파로 3%대를 웃돌았던 소비자물가 상승률이 석 달 만에 2%대로 내려왔습니다....,http://www.yonhapnewstv.co.kr/news/MYH202608042300535pV,8,0.8334,1,keep,candidate_hybrid_keep_strong_domain_rule_anchor,8,0.8334,한국은행;기준금리,,,candidate_hybrid,1,0.65,0.35
반도체 주춤한 사이 순환매…코스피 선방·코스닥 급등,업종으로 분산되면서 시장 전반의 투자심리가 살아났다는 해석도 나옵니다. 연합뉴스TV 양현주입니다. [영상취재 이승욱] [영상편집 윤해남] [그래픽 문수진] #코스피 #코스닥 #한국은행 #삼성전자 #기준금리 #SK하이닉스,http://www.yonhapnewstv.co.kr/news/MYH20260804224943V6S,12,0.5575,1,keep,candidate_hybrid_keep_strong_domain_rule_anchor,12,0.5575,한국은행;기준금리,코스피;코스닥,,candidate_hybrid,1,0.65,0.35
"한국은행, 3년 6개월 만에 기준금리 인상… 물가·금융 안정 방점","한국은행 금융통화위원회가 2026년 7월 기준금리를 연 2.50%에서 2.75%로 올리면서, 통화당국은 물가와 금융 불안을 함께 관리하기 위해 긴축 기조를 다시 분명히 했다. 한국은행이 4일 공개한 금융통화위원회 통화정책방향...",https://www.tokenpost.kr/news/economy/385159,9,0.9782,1,keep,candidate_hybrid_keep_strong_domain_rule_anchor,9,0.9782,한국은행;기준금리,금융,,candidate_hybrid,1,0.65,0.35
7월 물가 2.8%로 둔화...안심하기 어려운 이유,물가 둔화만으로 금리 부담 줄어들까 이번 물가 지표는 가계와 자영업자의 대출 부담을 좌우하는 기준금리 결정에도 영향을 미친다. 한국은행 금융통화위원회는 지난달 16일 기준금리를 연 2.50%에서 2.75%로 0.25%포인트...,https://www.cnbnews.com/news/articleView.html?idxno=1010322,10,0.8602,1,keep,candidate_hybrid_keep_strong_domain_rule_anchor,10,0.8602,한국은행;기준금리,금리;대출,,candidate_hybrid,1,0.65,0.35
“2.8% 물가보다 무서운 2.6%”...다시 커진 ‘8월’ 금리 인상론,씨티은행은 이날 보고서에서 연간 근원물가 상승률이 2.8~3.0% 수준에 예상보다 오래 머물 수 있다며 오는 27일 금통위에서 한국은행이 기준금리를 0.25%포인트 추가 인상할 것이라는 기존 전망을 유지했다. 김진욱 씨티...,https://www.ekn.kr/web/view.php?key=20260804022159449,9,0.8528,1,keep,candidate_hybrid_keep_strong_domain_rule_anchor,9,0.8528,한국은행;기준금리,금리,,candidate_hybrid,1,0.65,0.35
"한은 금통위 ""한 번에 물가목표 달성 어려워‥물가 상방 리스크 커져""","한국은행 금융통화위원들이 지난달 기준금리 인상을 만장일치로 결정하면서 ""금리 인상을 통해 물가와 금융 안정을 도모해 나가야 한다""고 의견을 모았습니다. 한은이 오늘 공개한 금통위 통화정책방향 회의 의사록에...",https://imnews.imbc.com/news/2026/econo/article/6842380_36932.html,15,0.9044,1,keep,candidate_hybrid_keep_strong_domain_rule_anchor,15,0.9044,한국은행;한은;기준금리,금리;금융,,candidate_hybrid,1,0.65,0.35
일반회사채 32% 줄었는데 AAA만 늘었다…최상위 등급 쏠림,"한국은행은 지난달 16일 기준금리를 2.75%로 0.25%포인트 올리며 3년 6개월 만에 인상으로 돌아섰고, 오는 27일 금융통화위원회를 앞두고 있다. 조달금리가 오르는 국면에서 등급간...",https://www.womentimes.co.kr/news/articleView.html?idxno=104979,8,0.8853,1,keep,candidate_hybrid_keep_strong_domain_rule_anchor,8,0.8853,한국은행;기준금리,,,candidate_hybrid,1,0.65,0.35
"""6월 은행권 정기예금 금리 인상·잔액 증가, 기업자금 유치 영향""",사진=강민혜 기자 한국은행(이하 한은) 금융통화위원(금통위원)들은 지난달 3년 6개월만에 기준금리 인상을 결정하며 6월 은행권 변동에 대해 짚었다. 4일 한은 '2026년도 제13차 금융통화위원회 의사록'에 따르면 한...,https://weekly.hankooki.com/news/articleView.html?idxno=7177492,18,0.9673,1,keep,candidate_hybrid_keep_strong_domain_rule_anchor,18,0.9673,한국은행;한은;은행권;기준금리,금리,,candidate_hybrid,1,0.65,0.35
"금통위 전원 ""물가·금융안정 대응 필요""…추가 금리 인상 열어둬","사진=연합뉴스   한국은행 금융통화위원회가 지난달 기준금리를 연 2.50%에서 2.75%로 0.25%포인트(p) 인상한 배경으로 반도체 수출 호조로 인한 성장세 개선과 물가 상승 압력 확대, 수도권 주택가격 및 가계부채 증가에 따른...",https://www.pointdaily.co.kr/news/articleView.html?idxno=314298,12,0.943,1,keep,candidate_hybrid_keep_strong_domain_rule_anchor,12,0.943,한국은행;기준금리;가계부채,금리,,candidate_hybrid,1,0.65,0.35
한은 의사록 공개…“물가 불안 더 크다” 확고한 추가 금리 인상 시그...,"뉴시스 한국은행 금융통화위원회가 지난달 기준금리를 올릴 당시 금통위원 전원이 인상 의견을 냈으며, 향후 경제 성장과 물가 흐름에 맞춰 기준금리를 추가로 올려야 한다는 데 뜻을 모은 것으로 나타났다. 오는 27일...",http://www.segyebiz.com/newsView/20260804520654?OutUrl=naver,14,0.937,1,keep,candidate_hybrid_keep_strong_domain_rule_anchor,14,0.937,한국은행;한은;기준금리,금리,,candidate_hybrid,1,0.65,0.35
"금통위, 물가 수요 압력 걱정..""7월 금리인상 불충분""",지난달 3년 6개월 만에 만장일치로 기준금리를 올린 한국은행 금융통화위원회(금통위)에서 수요 측 압력이 얹어진 물가 상승세가 이어질 것인 만큼 추가 긴축이 필요하다는 의견이 공유됐다. 4일 한은이 공개한...,http://www.fnnews.com/news/202608041703586694,8,0.9007,1,keep,candidate_hybrid_keep_strong_domain_rule_anchor,8,0.9007,한국은행;기준금리,,,candidate_hybrid,1,0.65,0.35
근원물가 더 올랐다…8월 금리 인상 '고개',신현송 한국은행 총재가 주시하고 있는 근원물가는 오히려 더 올랐기 때문입니다. 여기에 집값과 경기까지 들썩이면서 기준금리를 연속으로 올리는 이른바 '백투백' 인상 가능성이 커지고 있습니다. 이민후 기자입니다....,https://biz.sbs.co.kr/article_hub/20000326622?division=NAVER,9,0.8711,1,keep,candidate_hybrid_keep_strong_domain_rule_anchor,9,0.8711,한국은행;기준금리,금리,,candidate_hybrid,1,0.65,0.35
"""수신고 넉넉해서""… 예금금리 낮추는 저축銀",한국은행의 기준금리 인상과 증시로의 '머니무브' 우려 속에 오르던 저축은행의 예금금리가 하락세로 돌아섰다. 저축은행들이 하반기 자금 수요에 대비해 필요한 유동성을 상당부분 확보한 데다 가계대출 규제로 예금을...,http://www.fnnews.com/news/202608041824359610,12,0.871,1,keep,candidate_hybrid_keep_strong_domain_rule_anchor,12,0.871,한국은행;저축은행;기준금리,,,candidate_hybrid,1,0.65,0.35
'弗붙은' 투심… 金투자 줄이고 달러예금으로 환승,한국은행의 기준금리 인상 기조와 원화 가치 상승이 맞물린 영향으로 분석된다. 4일 금융권에 따르면 KB국민·신한·우리은행의 골드뱅킹 잔액은 7월 말 기준 1조7159억원으로 집계됐다. 올해 1월 2조4434억원과...,http://www.fnnews.com/news/202608041824316557,9,0.7987,1,keep,candidate_hybrid_keep_strong_domain_rule_anchor,9,0.7987,한국은행;기준금리,원화,,candidate_hybrid,1,0.65,0.35
"금통위원들 ""기준금리 인상 필요성…美연준 금리 인상 시 두 시나리오""",사진=강민혜 기자 한국은행(이하 한은) 금융통화위원(금통위원)들은 지난달 3년 6개월만에 기준금리 인상을 결정하며 물가 상승 대응 필요성을 역설했다. 4일 한은 '2026년도 제13차 금융통화위원회 의사록'에 따르면...,https://weekly.hankooki.com/news/articleView.html?idxno=7177489,19,0.9782,1,keep,candidate_hybrid_keep_overseas_korean_market_impact,19,0.9782,한국은행;한은;연준;기준금리,금리,,candidate_hybrid,1,0.65,0.35
"정권 바뀌자 환율 보도도 뒤집혔다…공언련, MBC·JTBC·YTN 심의 신청",MBC는 환율 하락 원인으로 해외에서 조달된 달러 자금의 국내 유입과 한국은행의 기준금리 인상 등을 제시했다. 환율이 전날보다 하락했다는 사실과 최근 5개월 중 가장 낮았다는 설명 자체는 틀리지 않는다. 문제는...,https://www.thepublic.kr/news/articleView.html?idxno=313804,12,0.8356,1,keep,candidate_hybrid_keep_strong_domain_rule_anchor,12,0.8356,한국은행;환율;기준금리,달러,,candidate_hybrid,1,0.65,0.35
"7월 만장일치로 금리 인상한 금통위원들…""추가 금리인상 필요""","한국은행 금융통화위원회가 지난달 만장일치로 기준금리를 인상하면서 물가 상방압력과 경기 개선흐름, 금융불균형 등을 근거로 들었다. 위원 대부분이 성장보다 물가를 주요 변수로 꼽으며 추가 금리 인상 필요성도...",https://www.getnews.co.kr/news/articleView.html?idxno=877045,9,0.9473,1,keep,candidate_hybrid_keep_strong_domain_rule_anchor,9,0.9473,한국은행;기준금리,금리,,candidate_hybrid,1,0.65,0.35
"""집값 오른다""에 베팅.. 주택연금 깨는 고령층 [주택연금 해지 최대]",정부의 고강도 대출 규제가 계속되고 기준금리도 인상됐지만 집값이 결국 오를 것이란 시장의 믿음은 더욱 강해지는 분위기다. 한국은행에 따르면 지난달 주택가격전망지수(127)는 전월보다 7p 올라 2021년 9월(128) 이후...,http://www.fnnews.com/news/202608041817476265,9,0.6948,1,keep,candidate_hybrid_keep_strong_domain_rule_anchor,9,0.6948,한국은행;기준금리,대출,,candidate_hybrid,1,0.65,0.35
"""성장 부담 덜었다"" 매파 변신한 한은…8월 금통위·수정전망에 쏠린 눈","4일 한국은행이 공개한 '제13차 금융통화위원회 의사록'에 따르면 금통위는 만장일치로 기준금리를 연 2.50%에서 2.75%로 0.25%포인트(p) 상향 조정했다. 반도체 호황에 따른 교역조건 개선으로 명목성장률이 급등, 고환율과...",http://www.newsprime.co.kr/news/article.html?no=742690,13,0.8706,1,keep,candidate_hybrid_keep_strong_domain_rule_anchor,13,0.8706,한국은행;한은;기준금리,,,candidate_hybrid,1,0.65,0.35
근원물가 31개월 만에 최대 상승 ‘기준금리’ 연속 인상 무게,상반기 한국 경제가 강한 성장세를 보인 가운데 고물가도 이어지면서 한국은행이 7·8월 연속으로 기준금리를 인상할 수 있다는 관측에 무게가 실린다. 4일 국가데이터처에 따르면 7월 근원물가(식료품 및 에너지 제외...,https://www.busan.com/view/busan/view.php?code=2026080418084965410,8,0.8764,1,keep,candidate_hybrid_keep_strong_domain_rule_anchor,8,0.8764,한국은행;기준금리,,,candidate_hybrid,1,0.65,0.35
"7월 기준금리 인상 만장일치 이유는…""금융리스크 커졌지만, 인상 부담...",한국은행 금융통화위원 전원은 지난달 16일 3년6개월 만에 기준금리 인상 결정 배경으로 금융안정과 물가 상승 대응을 꼽았다. 특히 금통위원 상당수는 물가 상승이 일회성에 그치지 않을 것이라며 금리 추가 인상...,https://view.asiae.co.kr/article/2026080418080108134,9,0.9736,1,keep,candidate_hybrid_keep_strong_domain_rule_anchor,9,0.9736,한국은행;기준금리,금리,,candidate_hybrid,1,0.65,0.35
물가 2%대 둔화에도…'8월 금리' 셈법 복잡해진 한은,시장에서는 한국은행이 오는 27일 열리는 8월 금융통화위원회 회의에서 지난달에 이어 두 달 연속 기준금리를 인상할 가능성에 무게를 싣고 있다. 다만 생활물가 상승률이 둔화한 데다 이달 들어 원·달러 환율이...,https://www.hankyung.com/article/2026080447701,15,0.8769,1,keep,candidate_hybrid_keep_strong_domain_rule_anchor,15,0.8769,한국은행;한은;기준금리,금리;달러,,candidate_hybrid,1,0.65,0.35
"3%대 예금으로, 저가 매수로…대기성 자금 '썰물'",월간 증가액으로는 2022년 10월 이후 3년 9개월 만에 가장 크다.정기예금이 증가한 배경에는 한국은행의 기준금리 인상에 따른 수신금리 상승이 영향을 미친 것으로 보인다. 최근 주요 시중은행들이 잇따라 예·적금...,https://www.asiatoday.co.kr/kn/view.php?key=20260804010001184,12,0.9059,1,keep,candidate_hybrid_keep_strong_domain_rule_anchor,12,0.9059,한국은행;시중은행;기준금리,,,candidate_hybrid,1,0.65,0.35
"지방 中企, 한국은행 저금리 대출에 목맨다",4일 한은이 박성훈 국민의힘 의원실에 제출한 자료에 따르면 올해 6월 기준 지방 중소기업 지원 금융기관... 금융중개지원대출 한국은행이 금융기관에 저금리 자금을 공급해 자금조달 여건이 상대적으로 어려운...,https://www.mk.co.kr/article/12116548,5,0.8284,1,keep,candidate_hybrid_model_keep_prob_ge_threshold_with_domain_anchor,5,0.8284,한국은행,,,candidate_hybrid,1,0.65,0.35
"한은 금통위원 전원 ""금리 인상"" 만장일치 … 추가 인상 신호 켜졌다",뉴데일리 신희강 기자 = 한국은행 금융통화위원들이 3년 6개월 만의 기준금리 인상을 만장일치로 결정하면서 추가 긴축 필요성까지 공식화했다. 반도체 경기 회복으로 성장 여력이 커진 만큼 물가와 금융불균형을...,https://biz.newdaily.co.kr/site/data/html/2026/08/04/2026080400284.html,14,0.9336,1,keep,candidate_hybrid_keep_strong_domain_rule_anchor,14,0.9336,한국은행;한은;기준금리,금리,,candidate_hybrid,1,0.65,0.35
"한은, 금리 더 올릴 수밖에 없는 이유",한국은행 금융통화위원회는 지난달 16일 열린 본회의에서 기준금리를 연 2.5%에서 2.75%로 올리기로 결정했다. 1년간의 기준금리 동결기를 깨고 통화정책방향을 전환한 것이다. (사진= 한국은행) 한은이 4일 공개한 ‘2026년도...,https://www.edaily.co.kr/news/newspath.asp?newsid=06176246645544040,14,0.9486,1,keep,candidate_hybrid_keep_strong_domain_rule_anchor,14,0.9486,한국은행;한은;기준금리,금리,,candidate_hybrid,1,0.65,0.35
깜짝 성장·근원물가 상승에 금리 인상론 '고개',올해 2분기 우리 경제가 예상보다 높은 성장세를 이어가고 근원물가 상승세도 2년 7개월 만에 가장 높은 수준을 기록하면서 한국은행의 추가 기준금리 인상 가능성에 관심이 쏠리고 있다. 기준금리가 오를 경우 가계와...,https://www.ccdailynews.com/news/articleView.html?idxno=2432313,9,0.9143,1,keep,candidate_hybrid_keep_strong_domain_rule_anchor,9,0.9143,한국은행;기준금리,금리,,candidate_hybrid,1,0.65,0.35
"[매일 금리·환율 브리핑] 8월 4일, 콜금리(1일) 금리 하락","데일리팝 매일 금리·환율 브리핑 (8월 4일 15:30 기준, 자료=한국은행 ECOS) 8월 4일 15:30 기준 콜금리(1일) 금리가 전일 대비 3bp 하락한 2.789%를 기록했다. 시장금리 (8월 4일 15:30 기준) · 국고채 3년...",http://www.dailypop.kr/news/articleView.html?idxno=101251,9,0.8274,1,keep,candidate_hybrid_keep_strong_domain_rule_anchor,9,0.8274,한국은행;환율,금리,,candidate_hybrid,1,0.65,0.35
"한은 금통위원 6명 중 4명 ""추가 금리 인상 필요""","한국은행 금융통화위원회 전원이 지난달 금리를 연 2.50%에서 2.75%로 0.25%p 인상하는 데 찬성한 가운데, 신현송... 때 기준금리를 연 2.50%에서 2.75%로 인상하는 데 찬성했다. 국내 경제가 반도체 경기 호조로 인해 성장세가...",https://www.dailian.co.kr/news/view/1674438/?sc=Naver,14,0.9471,1,keep,candidate_hybrid_keep_strong_domain_rule_anchor,14,0.9471,한국은행;한은;기준금리,금리,,candidate_hybrid,1,0.65,0.35
"금통위 ""금리 한 번 인상으론 부족""…취약차주·반도체 착시는 경계",한국은행 금융통화위원들이 지난달 기준금리를 만장일치로 인상하면서 추가 인상 필요성에도 대체로 공감한 것으로 나타났다. 반도체 호황에 따른 소득 증가가 내수와 물가를 자극할 수 있고 높은 환율과 수도권 집값...,https://www.mt.co.kr/economy/2026/08/04/2026080417041440280,9,0.7967,1,keep,candidate_hybrid_keep_strong_domain_rule_anchor,9,0.7967,한국은행;기준금리,금리,,candidate_hybrid,1,0.65,0.35
상반기 리딩뱅크 탈환한 정상혁號 신한은행…해외 경쟁력도 입증,"이는 현지 은행 가운데 두 번째로 높은 증가율이다. 한 은행업계 관계자는 ""신한카자흐스탄은행은 한국계... 신한금융은 일본 부동산시장 활황과 기준금리 인상 효과를 SBJ은행의 성장 배경으로 꼽았다. 기준금리...",https://www.1conomynews.co.kr/news/articleView.html?idxno=49838,6,0.6329,0,drop,candidate_hybrid_gray_drop_generic_anchor_only,6,0.6329,은행;기준금리,,,candidate_hybrid,1,0.65,0.35
"[단독] 지방 중기, 저금리 대출 받으러 한은으로…연 한도 7.4배 43조 신...","9조원 묶여 내년 상반기 한도 증액 추진 지방 중소기업을 대상으로 한 한국은행의 저리 대출 신청액이... 지방 중소기업 지원 프로그램의 은행 대출금리는 올해 6월 신규 취급액 기준 연 3.81%로, 지난해 말보다 0.09...",https://www.mk.co.kr/article/12116461,9,0.7095,1,keep,candidate_hybrid_keep_strong_domain_rule_anchor,9,0.7095,한국은행;은행,대출,,candidate_hybrid,1,0.65,0.35
"기준금리 만장일치 인상한 금통위 ""한 번으론 충분치 않아""",한국은행 금융통화위원들이 지난달 기준금리를 만장일치로 인상하면서 대부분 추가 인상의 필요성을 밝혔다. 다만 인상 속도와 시급성을 두고는 다소 간의 온도 차를 보였다. 전체적으로 추가 금리 인상의 필요성을...,https://www.news1.kr/economy/trend/6249007,9,0.929,1,keep,candidate_hybrid_keep_strong_domain_rule_anchor,9,0.929,한국은행;기준금리,금리,,candidate_hybrid,1,0.65,0.35
[채권마감] 30년-10년 금리차 30bp 육박 ‘11년1개월만 최대’,"반면, 국고3년물과 7일물 환매조건부채권(RP) 금리인 한국은행 기준금리와의 격차는 4개월만에 최저치를 기록했다. 대표적 장단기금리차이인 국고10년물과 3년물간 금리차도 4년10개월만에 최대치를...",https://www.etoday.co.kr/news/view/2610985,8,0.7761,1,keep,candidate_hybrid_keep_strong_domain_rule_anchor,8,0.7761,한국은행;기준금리,,,candidate_hybrid,1,0.65,0.35
"""성장세견조·물가우려"" 금통위원 전원 금리인상 찬성… 추가인상 가능...","한국은행 금융통화위원들이 지난달 3년 6개월 만에 기준금리 인상을 결정하면서, 금융 안정을 위해 물가 상승과 자산시장 과열에 적극적으로 대응해야 한다는 데 뜻을 모은 것으로 나타났다. 한국은행이 4일 공개한...",https://www.fntoday.co.kr/news/articleView.html?idxno=389715,9,0.935,1,keep,candidate_hybrid_keep_strong_domain_rule_anchor,9,0.935,한국은행;기준금리,금융,,candidate_hybrid,1,0.65,0.35
"반도체 호황에…금통위 ""추가 금리인상 기조 이어가야""",/사진=연합뉴스 반도체 호황이 한국 경제의 성장 동력을 넘어 기준금리 인상을 압박하는 요인으로 부상했다. 한국은행 금융통화위원회는 반도체 수출가격 상승과 교역조건 개선으로 늘어난 소득이 소비와 투자...,http://www.4th.kr/news/articleView.html?idxno=2115797,8,0.8344,1,keep,candidate_hybrid_keep_strong_domain_rule_anchor,8,0.8344,한국은행;기준금리,,,candidate_hybrid,1,0.65,0.35
지난달 금리인상 만장일치…금통위원 4명 '추가 인상' 언급,"한국은행 금융통화위원회 전원이 지난달 금리를 연 2.50%에서 2.75%로 0.25%p 올리기로 의견을 모은 가운데... 때 기준금리를 연 2.50%에서 2.75%로 인상하는 데 찬성했습니다. 한 위원은 ""통화정책과 관련해서도 비용 및 수요측...",https://biz.sbs.co.kr/article_hub/20000326601?division=NAVER,8,0.9406,1,keep,candidate_hybrid_keep_strong_domain_rule_anchor,8,0.9406,한국은행;기준금리,,,candidate_hybrid,1,0.65,0.35
"한국은행 금통위 ""이번 인상만으로 물가목표 달성 어려워""",한국은행 금융통화위원회 내부에서 지난 달 기준금리 인상만으로는 물가 안정 목표를 달성하기 어렵다며 추가 인상이 필요하다는 의견이 나온 것으로 확인됐다. 다만 금리 인상에 따른 부담이 청년층과 자영업자 등...,https://www.newspim.com/news/view/20260804001387,9,0.9283,1,keep,candidate_hybrid_keep_strong_domain_rule_anchor,9,0.9283,한국은행;기준금리,금리,,candidate_hybrid,1,0.65,0.35
"성장 자신감에 물가·집값 경계…금통위, 추가 금리 인상에 무게",민주신문=이한호 기자｜한국은행 금융통화위원들이 지난달 기준금리를 연 2.50%에서 2.75%로 올리면서 한 차례 인상만으로 물가를 안정시키기 어렵다는 데 의견을 모은 것으로 나타났다. 반도체 경기 호조에 따른 성장세...,http://www.iminju.net/news/articleView.html?idxno=167592,9,0.8937,1,keep,candidate_hybrid_keep_strong_domain_rule_anchor,9,0.8937,한국은행;기준금리,금리,,candidate_hybrid,1,0.65,0.35
"한은 금통위원들 ""금리 인상 필요성 커지고, 부담은 줄어…득과실 비교...",한국은행 금융통화위원들이 지난달 3년 6개월 만에 기준금리 인상을 결정하면서 금융 안정을 위해 물가 상승에 적극적으로 대응해야 한다고 입을 모았다. 사진=연합뉴스 한은이 4일 공개한 금통위 통화정책방향 회의...,https://www.slist.kr/news/articleView.html?idxno=756471,15,0.9294,1,keep,candidate_hybrid_keep_strong_domain_rule_anchor,15,0.9294,한국은행;한은;기준금리,금리;금융,,candidate_hybrid,1,0.65,0.35
"기준금리 추가 인상 가능성↑⋯금통위원들 ""충분치 않아""",한국은행의 긴축 신호가 뚜렷해진 것으로 나타났다. 3년 6개월 만인 지난달 기준금리 인상을 결정한 금융통화위원들은 물가 상승에 적극적으로 대응해야 한다고 입을 모았다. 일부 금통위원은 이달 말 열리는 회의에서...,http://www.inews24.com/view/1991853,8,0.9362,1,keep,candidate_hybrid_keep_strong_domain_rule_anchor,8,0.9362,한국은행;기준금리,,,candidate_hybrid,1,0.65,0.35
"'만장일치 인상' 7월 금통위 의사록 보니…위원들 ""물가 리스크"" 한 목소...","한국은행이 4일 공개한 '2026년 7월 금통위 의사록'을 보면 이날 기준금리 인상을 주장한 A 위원은 중동 전쟁 리스크에 따른 물가 상승과 환율을 가장 최우선으로 언급했다. 그는 ""주요국 물가 관련 우려가 여전하다""면서...",https://www.etoday.co.kr/news/view/2610949,8,0.8362,1,keep,candidate_hybrid_keep_strong_domain_rule_anchor,8,0.8362,한국은행;기준금리,,,candidate_hybrid,1,0.65,0.35
금통위원 전원 금리 인상 찬성…“추가 인상 필요”,한국은행 금융통화위원들이 지난달 기준금리를 3년 6개월 만에 인상하면서 물가와 금융 불균형에 적극적으로 대응해야 한다는 데 뜻을 모았다. 반도체 경기 호조로 성장 전망이 개선된 가운데 수요 측 물가 압력과...,https://www.dt.co.kr/article/12076508?ref=naver,10,0.9255,1,keep,candidate_hybrid_keep_strong_domain_rule_anchor,10,0.9255,한국은행;기준금리,금리;금융,,candidate_hybrid,1,0.65,0.35
금통위 “메가프로젝트로 재정 지출 늘면 채권 변동성 확대”,정부의 메가프로젝트 추진에 따른 재정 지출 확대로 채권 시장 변동성이 커질 수 있다는 한국은행... 특히 일부 금통위원은 이번 기준금리 인상만으로 물가 목표 달성이 충분하지 않을 수 있다며 추가 인상 필요성도...,https://www.sedaily.com/article/20075631?ref=naver,10,0.7862,1,keep,candidate_hybrid_keep_strong_domain_rule_anchor,10,0.7862,한국은행;기준금리,채권,,candidate_hybrid,1,0.65,0.35
"한은 금통위원 ""한 번 인상만으로 물가 목표 달성 어려워""",사진은 지난 7월 서울 중구 한국은행에서 열린 금융통화위원회/제공=한국은행한국은행 금융통화위원회(금통위)가 지난달 기준금리를 인상하면서 이번 한 차례 인상만으로 물가 목표 달성이 어렵다고 판단했다. 반도체...,https://news.mtn.co.kr/news-detail/2026080416494397282,13,0.8897,1,keep,candidate_hybrid_keep_strong_domain_rule_anchor,13,0.8897,한국은행;한은;기준금리,,,candidate_hybrid,1,0.65,0.35
"금통위원들 ""기준금리 인상 필요성 커지고 부담은 줄어""",한국은행 금융통화위원들은 지난달 3년 6개월 만에 기준금리 인상을 결정하면서 금융 안정을 위해 물가 상승에 적극적으로 대응해야 한다고 입을 모았다. 한은이 4일 공개한 금통위 통화정책방향 회의 의사록에 따르면...,https://www.nocutnews.co.kr/news/6558179?utm_source=naver&utm_medium=article&utm_campaign=20260804050525,9,0.948,1,keep,candidate_hybrid_keep_strong_domain_rule_anchor,9,0.948,한국은행;기준금리,금융,,candidate_hybrid,1,0.65,0.35
지방은행도 예금금리 줄인상…최고 연 3.81% '수신 경쟁',한국은행 기준금리 인상 이후 인터넷전문은행과 시중은행이 예금금리를 높인 데 이어 지방은행들도 고객 확보에 나서는 모습이다. 4일 금융권에 따르면 부산은행은 지난 1일부터 정기예금 금리를 0.3%포인트(P)...,https://www.mt.co.kr/finance/2026/08/05/2026080416485815169,12,0.9062,1,keep,candidate_hybrid_keep_strong_domain_rule_anchor,12,0.9062,한국은행;시중은행;기준금리,,,candidate_hybrid,1,0.65,0.35
"한은 금통위 ""성장·물가 상응토록 금리 인상해야""",한국은행은 소비자물가 상승률이 올해 3분기에 정점에 도달할 가능성이 높은 것으로 보고 있습니다. 앞서 한국은행은 지난달 금통위에서 기준금리를 연 2.5%에서 2.75%로 0.25%포인트 높였습니다.,https://www.ytn.co.kr/_ln/0102_202608041703249665,14,0.9436,1,keep,candidate_hybrid_keep_strong_domain_rule_anchor,14,0.9436,한국은행;한은;기준금리,금리,,candidate_hybrid,1,0.65,0.35
금통위원 전원 2.75% 인상 찬성…“물가·금융불균형 대응”,한국은행 금융통화위원회가 지난달 기준금리를 3년 6개월 만에 인상한 배경에는 커진 물가 압력과 주택시장·가계부채 등 금융불균형에 대한 우려가 있었던 것으로 나타났다. 반도체 경기 호조로 성장세가 개선되면서...,https://www.g-enews.com/view.php?ud=202608041643591708e30fcb1ba8_1,11,0.898,1,keep,candidate_hybrid_keep_strong_domain_rule_anchor,11,0.898,한국은행;기준금리;가계부채,,,candidate_hybrid,1,0.65,0.35
"금통위원 ""선제적·점진적 대응 득과 실 비교해 인상 속도 결정해야""(종...","금융통화위원들은 선제적 및 점진적 금리 인상 대응의 실과 득을 평가해 기준금리를 결정해야 한다고 강조했다. 4일 한국은행이 공개한 지난달 금통위 의사록에 따르면 A 금통위원은 ""반도체 경기의 확산 정도와 물가 흐름...",https://news.einfomax.co.kr/news/articleView.html?idxno=4428579,9,0.8755,1,keep,candidate_hybrid_keep_strong_domain_rule_anchor,9,0.8755,한국은행;기준금리,금리,,candidate_hybrid,1,0.65,0.35
불안한 증시·3%대 금리에 돌아온 '예테크족'…은행 예금 한달새 35조 '쑥...,한국은행의 기준금리 인상 이후 연 3%대 예금상품이 재등장한 가운데 주요 시중은행 정기예금으로 자금이 다시 몰리고 있다. 금리 매력과 함께 최근 증시 변동성 확대로 안전자산 선호 심리가 커진 점도 영향을...,https://www.getnews.co.kr/news/articleView.html?idxno=877016,16,0.9212,1,keep,candidate_hybrid_keep_strong_domain_rule_anchor,16,0.9212,한국은행;은행;시중은행;기준금리,금리,,candidate_hybrid,1,0.65,0.35
저축은행 예금금리 4% 시대…1000만원 이자 따져보니,증시로 자금이 이동하는 '머니무브'에 대응해 저축은행들이 수신 방어에 나선 가운데 한국은행의 기준금리 인상 이후 은행권까지 예금금리를 높이면서 금리 경쟁력을 유지하려는 움직임이 이어지고 있다. 4일...,https://www.sidae.com/article/2026080415543224990,13,0.9317,1,keep,candidate_hybrid_keep_strong_domain_rule_anchor,13,0.9317,한국은행;저축은행;기준금리,금리,,candidate_hybrid,1,0.65,0.35
7월 금통위 리뷰…금통위원 전원 “물가·집값 위험 커졌다”,지난달 16일 한국은행 금융통화위원회는 기준금리를 2.50%에서 2.75%로 0.25%p 인상하기로 결정했다. 이 결정에 대해서는 금융통화위원 7명 모두 찬성했다. 수출과 투자를 중심으로 성장세가 예상보다 빠르게 강화되는 가운데...,http://www.joseilbo.com/news/news_read.php?uid=573244&class=18&grp=,8,0.9011,1,keep,candidate_hybrid_keep_strong_domain_rule_anchor,8,0.9011,한국은행;기준금리,,,candidate_hybrid,1,0.65,0.35
"[마감 증시] 코스피, 전일 대비1.62% 상승한 6,358.95 마감…코스닥 3일 ...","글로벌 금융시장에서 미국과 이란 간 군사적 긴장감이 다소 완화되면서 국제유가가 안정세를 찾았지만, 한국은행의 기준금리 정책 방향과 미 연방준비제도(Fed)의 금리 인하 시점을 둘러싼 눈치보기가 이어지면서...",https://www.businesskorea.co.kr/news/articleView.html?idxno=274127,18,0.6979,1,keep,candidate_hybrid_keep_strong_domain_rule_anchor,18,0.6979,한국은행;fed;기준금리,금리;코스피;코스닥,,candidate_hybrid,1,0.65,0.35
[포토]시중은행-저축은행 예금금리 3-4%대 진입,"한국은행의 기준금리 인상으로 2%대에 머물던 시중은행 예금금리가 3%대, 저축은행 예금금리는 4%대 진입을 앞두고 있는 가운데 4일 서울 한 ATM 앞으로 시민들이 지나가고 있다. 한국은행의 기준금리 인상으로 2%대에...",https://www.edaily.co.kr/news/newspath.asp?newsid=05736726645544040,16,0.9655,1,keep,candidate_hybrid_keep_strong_domain_rule_anchor,16,0.9655,한국은행;시중은행;저축은행;기준금리,,,candidate_hybrid,1,0.65,0.35
금통위원들 “기준금리 인상 필요성 커져”…추가 인상 의견도,한국은행 금융통화위원들이 지난달 기준금리 인상을 결정하면서 금융 안정을 위해 물가 상승에 적극적으로 대응해야 한다는 데 의견을 모았습니다. 한은이 오늘(4일) 공개한 금통위 통화정책방향 회의 의사록에 따르면...,https://news.kbs.co.kr/news/pc/view/view.do?ncd=8628164&ref=A,9,0.9513,1,keep,candidate_hybrid_keep_strong_domain_rule_anchor,9,0.9513,한국은행;기준금리,금융,,candidate_hybrid,1,0.65,0.35
[포토]예금금리 시중은행-저축은행 3-4%대 진입 눈앞,"한국은행의 기준금리 인상으로 2%대에 머물던 시중은행 예금금리가 3%대, 저축은행 예금금리는 4%대 진입을 앞두고 있는 가운데 4일 서울 한 ATM 앞으로 시민들이 지나가고 있다. 한국은행의 기준금리 인상으로 2%대에...",https://www.edaily.co.kr/news/newspath.asp?newsid=05713766645544040,16,0.9714,1,keep,candidate_hybrid_keep_strong_domain_rule_anchor,16,0.9714,한국은행;시중은행;저축은행;기준금리,,,candidate_hybrid,1,0.65,0.35
"한은 ""한 번의 금리 인상은 물가 목표 달성에 불충분""","한국은행이 소비자물가 상승률을 잡기 위해서는 한 번의 기준 금리 인상으로는 불충분하다고 평가했다. 4일 한은이 공개한 7월 금융통화위원회(금통위) 의사록에는 ""향후 기준금리 운용은 이번 인상으로 물가 목표를...",https://www.newsis.com/view/NISX20260804_0003736243,14,0.9235,1,keep,candidate_hybrid_keep_strong_domain_rule_anchor,14,0.9235,한국은행;한은;기준금리,금리,,candidate_hybrid,1,0.65,0.35
‘만장일치 인상’ 한은 금통위원들 “성장·물가 경로 상응토록 금리 ...,한국은행 금융통화위원회가 지난달 16일 기준금리를 연 2.5%에서 2.75%로 0.25%포인트 올린 가운데 당시 회의에서 위원들은 추가 금리 인상 필요성을 내비쳤다. 반도체 호황발(發) 경제 호황이 앞으로 수요측 물가압력으로...,https://biz.heraldcorp.com/article/10830752?ref=naver,14,0.928,1,keep,candidate_hybrid_keep_strong_domain_rule_anchor,14,0.928,한국은행;한은;기준금리,금리,,candidate_hybrid,1,0.65,0.35
근원물가 뛰고 생활물가 꺾이고…한은 '8월 인상' 놓고 팽팽,2분기 GDP와 GDI가 '깜짝 성장'을 기록한 가운데 7월 근원물가도 상승세를 이어가면서 시장에선 한국은행이 8월 기준금리를 연속 인상(백투백)할 가능성에 무게를 싣고 있다. 다만 한국은행이 우려하는 수요 측 물가...,https://www.hankyung.com/article/202608044441i,13,0.8564,1,keep,candidate_hybrid_keep_strong_domain_rule_anchor,13,0.8564,한국은행;한은;기준금리,,,candidate_hybrid,1,0.65,0.35
"씨티 ""내년 1분기까지 근원물가 2.8~3.0%↑…8월 인상 전망 유지""",씨티연합뉴스 자료사진 씨티는 7월 근원 소비자물가지수(CPI) 상승률(+2.6%)이 2023년 12월 이후 최고치를 기록한 데 주목하며 한국은행이 지난달에 이어 이번 달에도 기준금리를 인상할 것이라는 전망을 유지했다....,https://news.einfomax.co.kr/news/articleView.html?idxno=4428562,8,0.8022,1,keep,candidate_hybrid_keep_strong_domain_rule_anchor,8,0.8022,한국은행;기준금리,,,candidate_hybrid,1,0.65,0.35
물가 2%대 복귀에도 근원물가 상승폭 확대…복잡해진 8월 금통위 셈법,"내려왔지만, 한국은행이 주시하는 근원물가(식료품·에너지 제외) 상승률은 2년 7개월 만에 최고치를 기록했다. 2분기 ‘깜짝’ 성장과 근원물가 상승은 한은의 ‘백투백(2회 연속)’ 금리 인상에 힘을 싣는다. 다만...",https://www.joongang.co.kr/article/25450745,6,0.7714,1,keep,candidate_hybrid_model_keep_prob_ge_threshold_with_domain_anchor,6,0.7714,한국은행,금리,,candidate_hybrid,1,0.65,0.35
세제 기준 '보유→거주' 전환…강남 매물 늘어도 가격 영향 제한,2020년에는 한국은행 기준금리가 연 0.5%까지 낮아지고 시중 유동성이 빠르게 늘었다. 전세가격 상승과 공급 부족 우려도 겹치면서 주택가격 상승 기대가 세금 절감 효과보다 강했다. 당시 다주택자 가운데 일부는...,http://www.opinionnews.co.kr/news/articleView.html?idxno=142564,8,0.7521,1,keep,candidate_hybrid_keep_strong_domain_rule_anchor,8,0.7521,한국은행;기준금리,,,candidate_hybrid,1,0.65,0.35
“주식 무서워 못 하겠다”...한 달 새 35兆 몰린 은행 예금 [이슈+],한국은행은 지난달 16일 3년 6개월 만에 기준금리 인상을 단행했다. 기준금리는 연 2.5%에서 연 2.75%로 0.25%포인트 올랐으며 추가 인상 가능성도 열려 있다. 시장에서는 이달 금융통화위원회에서 기준금리를 추가로 0....,https://www.ekn.kr/web/view.php?key=20260804027459389,12,0.9557,1,keep,candidate_hybrid_keep_strong_domain_rule_anchor,12,0.9557,한국은행;은행;기준금리,주식,,candidate_hybrid,1,0.65,0.35
"7월 물가 2%대 복귀에도 근원물가 가속…한은, 8월 연속 인상 사수하나",표면적인 지수 안정에도 불구하고 내부 상승 압력이 지속되면서 오는 27일 한국은행 금융통화위원회의 기준금리 결정을 앞두고 연속 인상 가능성에 무게가 실리고 있다. 4일 국가데이터처 발표에 따르면 7월...,http://www.the-biz.co.kr/news/articleView.html?idxno=725626,13,0.8699,1,keep,candidate_hybrid_keep_strong_domain_rule_anchor,13,0.8699,한국은행;한은;기준금리,,,candidate_hybrid,1,0.65,0.35
[‘역대급 엔저’…韓 경제 영향은] 미·일 개입에 엔저 ‘주춤’…국내...,"한국은행의 기준금리 인상(연 2.75%)과 반도체 수출 호조, SK하이닉스의 미국주식예탁증서(ADR) 상장에 따른 달러 유입, 중공업계의 환헤지 수요 등이 원화 가치를 떠받치고 있어서다. 이에 따라 한때 1600원에 근접했던 원...",http://www.segyebiz.com/newsView/20260804516654?OutUrl=naver,10,0.6945,1,keep,candidate_hybrid_keep_strong_domain_rule_anchor,10,0.6945,한국은행;기준금리,달러;원화,,candidate_hybrid,1,0.65,0.35
이지호 한은 부총재보 “8월 소비자물가 상승률 7월보다 높아질 것”,이지호 한국은행 부총재보는 4일 “8월 소비자물가 상승률은 작년에 있었던 일부 이동통신사의 대규모... 이달 기준금리를 인상할 수 있다는 전망이 나온다. 실제로 신현송 한은 총재는 8월 기준금리 결정과 관련해...,https://www.viva100.com/article/20260804501119,13,0.8721,1,keep,candidate_hybrid_keep_strong_domain_rule_anchor,13,0.8721,한국은행;한은;기준금리,,,candidate_hybrid,1,0.65,0.35
"7월 소비자물가 2%대 진입…한은, 백투백 인상 나설지 '분분'",현재 한국은행 기준금리는 연 2.75%다. 지난 7월 금통위에서 기준금리를 2.50%에서 2.75%로 0.25%포인트 인상했다. 한국은행의 중기 물가안정목표는 소비자물가 상승률 기준 연 2.0%다. 헤드라인 물가는 둔화했지만 근원물가가...,https://www.sidae.com/article/2026080414352466541,13,0.9368,1,keep,candidate_hybrid_keep_strong_domain_rule_anchor,13,0.9368,한국은행;한은;기준금리,,,candidate_hybrid,1,0.65,0.35
7월 물가 2.8% 꺾였지만…'장바구니·유가' 불씨에 금리 향방은?,시장에서는 견조한 성장세와 근원물가 부담을 근거로 한국은행이 기준금리 연속 인상 카드를 꺼낼 가능성이 제기됩니다. 다만 소비자물가 지표가 한국은행의 목표치에 다가서고 있는 만큼 무리하게 금리를 올리기보다는...,http://mbnmoney.mbn.co.kr/news/view?news_no=MM1005893933,9,0.7993,1,keep,candidate_hybrid_keep_strong_domain_rule_anchor,9,0.7993,한국은행;기준금리,금리,,candidate_hybrid,1,0.65,0.35
"엠디엠, 금리 2.75% 시대에 '반복수익' 승부수…8000억 오피스·536가구 ...",한국은행이 지난 7월 기준금리를 연 2.75%로 인상하면서 국내 부동산 개발업계의 수익 공식도 변화하고 있다. 저금리와 자산가격 상승에 기대 토지를 개발한 뒤 분양이익으로 투자금을 회수하는 방식에서 벗어나 임대료와...,https://www.upkoreanews.kr/news/articleView.html?idxno=99622,9,0.7832,1,keep,candidate_hybrid_keep_strong_domain_rule_anchor,9,0.7832,한국은행;기준금리,금리,,candidate_hybrid,1,0.65,0.35
원·달러 환율 하락세 '멈칫'···1400원대는 15거래일째,여기에 지난달 한국은행 금융통화위원회가 기준금리 25bp(1bp=0.01%p) 인상을 결정함으로써 한미금리차가 줄어들어 달러가 미국으로 빨려 들어가는 강도가 약화되기도 했다. 지난달 29일(현지시간) 미국...,http://www.fnnews.com/news/202608041519485890,12,0.7973,1,keep,candidate_hybrid_keep_strong_domain_rule_anchor,12,0.7973,한국은행;환율;기준금리,달러,,candidate_hybrid,1,0.65,0.35
"7월 물가 2.8%로 내려왔지만…한은 ""8월엔 반등"" 예고","[사진=한국은행]  소비자물가 상승률이 7월 2.8%로 석 달 만에 2%대로 내려왔지만 한국은행은 통신요금 할인... 한편, 채권시장은 헤드라인 물가 둔화에 오는 27일 금융통화위원회에서 기준금리가 동결될 가능성에...",https://www.greened.kr/news/articleView.html?idxno=346770,13,0.7985,1,keep,candidate_hybrid_keep_strong_domain_rule_anchor,13,0.7985,한국은행;한은;기준금리,,,candidate_hybrid,1,0.65,0.35
석달만의 2%대 복귀에도...하반기 고물가 경계수위 높이는 근원 인플레,77(2020년 100 기준)로 전년 동월 대비 2.8% 올랐다. 소비자물가 상승률은 올해 1·2월만 해도 한은의... 최근 물가 변동 요인 [자료=한국은행 제공] 당시 신현송 한은 총재는 향후 추가 금리인상 여부를 결정하는 데...,http://www.updownnews.co.kr/news/articleView.html?idxno=318224,10,0.7084,1,keep,candidate_hybrid_keep_strong_domain_rule_anchor,10,0.7084,한국은행;한은,,,candidate_hybrid,1,0.65,0.35
"[인사이트 뉴스]성장은 예상보다 강하고, 물가는 끈질기다…8월 금통위...",◇금리를 올리면 시장은 어떻게 될까 만약 한국은행이 8월 기준금리를 추가 인상한다면 가장 먼저 영향을 받는 곳은 가계와 금융시장이다. 변동금리 대출 비중이 높은 국내 특성상 대출이자는 즉각 늘어난다. 영끌·빚투...,https://www.moneystorm.kr/news/articleView.html?idxno=5490,9,0.7643,1,keep,candidate_hybrid_keep_strong_domain_rule_anchor,9,0.7643,한국은행;기준금리,대출,,candidate_hybrid,1,0.65,0.35
"[이로운분석]7월 물가 석 달 만에 2%대로…근원물가 31개월 만에 최고, ...","7월 소비자물가 2.8%로 석 달 만에 2%대…석유가격 인하·농산물 안정 효과식료품·에너지 제외 근원물가 31개월 만에 최고…서비스·내구재 중심 상승경기 회복에 수요 측 물가 압력 확대…한국은행, 기준금리 추가 인상...",https://www.eroun.net/news/articleView.html?idxno=86983,8,0.8124,1,keep,candidate_hybrid_keep_strong_domain_rule_anchor,8,0.8124,한국은행;기준금리,,,candidate_hybrid,1,0.65,0.35
한은 총재가 주목한 '근원물가' 더 뛰었다⋯힘 받는 금리 인상론,"지속⋯기준금리 핵심 변수로 신현송 ""금리 인상 통해 근원물가 잡는다""⋯추가 긴축 명분 7월 소비자물가... 한국은행 총재가 통화정책 주요 변수로 소비자물가, 그 중에서도 근원물가를 강조했던 만큼 추가 금리 인상...",https://www.etoday.co.kr/news/view/2610797,14,0.8979,1,keep,candidate_hybrid_keep_strong_domain_rule_anchor,14,0.8979,한국은행;한은;기준금리,금리,,candidate_hybrid,1,0.65,0.35
빠르게 뛰는 주담대 금리…차주 덮치는 '8% 공포',시장금리 상승과 은행권의 가계대출 관리 강화가 겹친 가운데 한국은행의 추가 기준금리 인상 가능성까지 열려 있어 차주의 이자 부담이 한층 커질 수 있다는 전망이다. 4일 금융권에 따르면 KB국민·신한·하나·우리...,https://www.sidae.com/article/2026080410062523503,9,0.771,1,keep,candidate_hybrid_keep_strong_domain_rule_anchor,9,0.771,한국은행;기준금리,금리,,candidate_hybrid,1,0.65,0.35
"1400원 복귀한 환율… 은행, 순익·CET1·주주환원 '일석 삼조'","최근 원화 강세는 미국과 일본의 엔화 안정 공조, 한국은행의 기준금리 인상, SK하이닉스 미국주식예탁증서(ADR) 발행 자금과 수출업체들의 달러 매도 물량이 시장에 유입 등이 복합적으로 작용한 결과라는 분석이다....",https://it.chosun.com/news/articleView.html?idxno=2023092167270,16,0.7329,1,keep,candidate_hybrid_keep_strong_domain_rule_anchor,16,0.7329,한국은행;은행;환율;기준금리,달러;원화,,candidate_hybrid,1,0.65,0.35
2%대 물가에도 '상승 압력'…'백투백' 금리인상 불씨,7월 소비자물가 상승률이 2%대로 내려왔지만 기조적인 물가 흐름을 보여주는 근원물가는 상폭을 키우면서 한국은행의 추가 기준금리 인상 시기가 빨라질지 주목되고 있다. 지난달 16일 신현송 한은 총재(가운데)가...,https://www.asiatime.co.kr/article/20260804500130,13,0.8801,1,keep,candidate_hybrid_keep_strong_domain_rule_anchor,13,0.8801,한국은행;한은;기준금리,,,candidate_hybrid,1,0.65,0.35
[연합뉴스 이 시각 헤드라인] - 14:30,이어지면서 한국은행이 7·8월 연속으로 기준금리를 인상할 수 있다는 관측에 무게가 실린다. 한은이 이달 수정 경제 전망에서 연간 성장률 눈높이를 큰 폭으로 상향 조정할 가능성이 큰 가운데 수요 측 물가...,https://www.yna.co.kr/view/AKR20260804104000011?input=1195m,8,0.7991,1,keep,candidate_hybrid_keep_strong_domain_rule_anchor,8,0.7991,한국은행;기준금리,,,candidate_hybrid,1,0.65,0.35
강한 성장·높은 근원물가…시장 시선 '연속 인상'으로 이동,"한국은행의 8월 기준금리 인상 가능성이 부상하고 있다. 시장의 기본 전망은 여전히 8월 동결 뒤 10월 인상이지만, 2분기 성장률이 예상보다 강하게 나온 데 이어 7월 근원물가도 상승폭을 키우면서 두 달 연속 금리를...",https://www.edaily.co.kr/news/newspath.asp?newsid=04913446645544040,8,0.8652,1,keep,candidate_hybrid_keep_strong_domain_rule_anchor,8,0.8652,한국은행;기준금리,,,candidate_hybrid,1,0.65,0.35
한국은행의 기준금리 결정 임박… 근원물가 상승세와 경제성장 속 '주목...,"이러한 상황 속에서 한국은행의 향후 기준금리 결정에 대한 관심이 모아지고 있다. 한국은행은 경제성장률 전망치를 상향 조정할 것으로 예상되며, 수요 중심의 물가 상승 압력을 제어하기 위해 금리 인상 움직임을 보일...",https://www.gokorea.kr/news/articleView.html?idxno=874065,9,0.9068,1,keep,candidate_hybrid_keep_strong_domain_rule_anchor,9,0.9068,한국은행;기준금리,금리,,candidate_hybrid,1,0.65,0.35
中 제조업 식는데 대(對)중 수출 96%↑…반도체가 만든 역설,"반면 한국은행은 지난달 기준금리를 2.50%에서 2.75%로 올렸다. AI·반도체 호황이 수출과 투자를 끌어올리고 기업이익과 임금, 세수 증가를 거쳐 소비와 물가로 파급될 가능성에 선제적으로 대응했다. 여기에 수도권...",http://www.metroseoul.co.kr/article/20260804500286,8,0.5837,1,keep,candidate_hybrid_keep_strong_domain_rule_anchor,8,0.5837,한국은행;기준금리,,,candidate_hybrid,1,0.65,0.35
정기예금 한 달 새 35조원 급증…증시 불안에 안전자산 선호,시중 자금이 정기예금으로 옮겨간 배경에는 한국은행이 금리를 잇따라 올리면서 예금상품 금리가 오른 영향이 크다. 한은은 지난달 16일 금융통화위원회에서 기준금리를 연 2.5%에서 연 2.75%로 0.25%포인트(p)...,http://www.metroseoul.co.kr/article/20260804500270,8,0.9218,1,keep,candidate_hybrid_keep_strong_domain_rule_anchor,8,0.9218,한국은행;기준금리,,,candidate_hybrid,1,0.65,0.35
소비자물가 둔화·근원물가는 상승…채권시장 금리 전망은(종합),"8월 동결에 대체로 무게…일각 연속인상 가능성도 열어놔 한국은행이 통화정책 결정 변수로 주시하는 7월 물가지표 상승세가 둔화하면서, 채권시장은 대체로 8월 연속 금리 인상은 없을 것으로 보고 동결 가능성에...",https://www.yna.co.kr/view/AKR20260804040951008?input=1195m,6,0.8134,1,keep,candidate_hybrid_model_keep_prob_ge_threshold_with_domain_anchor,6,0.8134,한국은행,금리,,candidate_hybrid,1,0.65,0.35
"'물가'는 내렸다는데, '진짜물가'는 31개월 만에 최고?","◇ 정부가 누른 물가, 언제까지 한국은행은 지난달 16일 기준금리를 연 2.50%에서 2.75%로 올렸다. 3년 6개월 만의 인상이다. 물가가 높은 수준을 이어갈 것으로 봤기 때문이다. 문제는 정책의 성격이다. 최고가격제와 할인...",http://www.newskr.kr/news/articleView.html?idxno=105332,8,0.8649,1,keep,candidate_hybrid_keep_strong_domain_rule_anchor,8,0.8649,한국은행;기준금리,,,candidate_hybrid,1,0.65,0.35
"日 니혼게이자이 “SK하이닉스 나스닥 상장, 원화 가치 올리는데 일조”",여기에 한국은행이 지난달 16일 3년 반 만에 기준금리 인상을 결정하며 긴축으로 방향을 틀었다는 점도 원화를 뒷받침하는 요인으로 꼽혔다. 궈잉 노무라증권 외환 애널리스트는 “펀더멘털(경제의 기초 여건) 개선과...,https://www.chosun.com/economy/money/2026/08/04/A2H3H2TDBRCNPFEJYB4BN35L6I/?utm_source=naver&utm_medium=referral&utm_campaign=naver-news,9,0.8821,1,keep,candidate_hybrid_keep_strong_domain_rule_anchor,9,0.8821,한국은행;기준금리,원화,,candidate_hybrid,1,0.65,0.35
2분기 깜짝 성장·근원물가 고공행진…기준금리 연속 인상될까(종합),이어지면서 한국은행이 7·8월 연속으로 기준금리를 인상할 수 있다는 관측에 무게가 실린다. 한은이 이달 수정 경제 전망에서 연간 성장률 눈높이를 큰 폭으로 상향 조정할 가능성이 큰 가운데 수요 측 물가 상승...,https://www.yna.co.kr/view/AKR20260804073651002?input=1195m,8,0.879,1,keep,candidate_hybrid_keep_strong_domain_rule_anchor,8,0.879,한국은행;기준금리,,,candidate_hybrid,1,0.65,0.35
8월 금리 인상론 힘 받나... 증권사 채권 장부 '긴장',사진=연합뉴스 매일일보 = 정수연 기자  |  7월 소비자물가 상승률이 2.8%를 기록하면서 한국은행의 추가 기준금리 인상 횟수와 시점에 시장의 관심이 쏠리고 있다. 전월보다 물가는 하락했지만 전년 동월 대비 상승률은...,https://www.m-i.kr/news/articleView.html?idxno=1398594,14,0.8778,1,keep,candidate_hybrid_keep_strong_domain_rule_anchor,14,0.8778,한국은행;증권사;기준금리,금리;채권,,candidate_hybrid,1,0.65,0.35
"바클레이즈 ""연속 인상 명분 갖췄다…8월 결정 '팽팽한 접전' 예고""",손 이코노미스트는 여전히 수요측 보다는 공급측 물가 압력이 커 보이는 상황이어서 8월 기준금리 동결을... 신현송 한국은행 총재가 제시한 금리인상 조건 중 또 하나를 충족하는 것이라고 평가했다. 그럼에도 손...,https://news.einfomax.co.kr/news/articleView.html?idxno=4428515,8,0.815,1,keep,candidate_hybrid_keep_strong_domain_rule_anchor,8,0.815,한국은행;기준금리,,,candidate_hybrid,1,0.65,0.35
일단 물가는 꺾였다…'8월 금리인상'에 쏠린 눈,"신현송 한국은행 총재는 7월 기준금리를 0.25%포인트(p) 올리면서 8월 연속 인상 가능성을 묻는 말에 ""2분기 경제성장률과 7월 소비자물가 상승률 등 데이터를 보고 결정하겠다""고 밝힌 바 있다. 당장 기준금리를 올리지...",https://www.newsway.co.kr/news/view?ud=2026080411314663218,8,0.927,1,keep,candidate_hybrid_keep_strong_domain_rule_anchor,8,0.927,한국은행;기준금리,,,candidate_hybrid,1,0.65,0.35
[표] 은행간 단기금리 기준-코리보(04일),※다음은 연합인포맥스가 04일 오전 11시00분에 고시한 한국의 은행간 단기금리 기준 입니다. ────┬──────────── 기간│금리(%) 전일대비...,https://news.einfomax.co.kr/news/articleView.html?idxno=4428509,1,0.2226,0,drop,candidate_hybrid_model_drop_prob_le_threshold,1,0.2226,,금리,,candidate_hybrid,1,0.65,0.35
[뉴스in뉴스] ‘미일 공동 엔화작전’은 성공?…‘걱정만 더 커지네’,"우리는 한국은행이 금리를 올리고, SK하이닉스가 미국에서 조달한 달러를 한국으로 들여오면서 원화 가치가... 추세를 바꾸려면 일본 중앙은행이 기준금리를 단호하게 올려야 합니다. 당장 다음 회의에서는 올릴 것 같긴...",https://news.kbs.co.kr/news/pc/view/view.do?ncd=8628046&ref=A,9,0.7727,1,keep,candidate_hybrid_keep_strong_domain_rule_anchor,9,0.7727,한국은행;기준금리,원화,,candidate_hybrid,1,0.65,0.35
"스테이트스트리트 ""8월 금리인상 여전히 가능…유가 흐름 중요""","""8월 헤드라인·근원물가 상승률 3.3~3.4% 전망"" 한국은행연합뉴스 자료사진 스테이트스트리트는 7월 물가지표를 분석한 결과 한국은행의 8월 기준금리 인상 가능성이 여전히 열려 있다면서 오는 27일...",https://news.einfomax.co.kr/news/articleView.html?idxno=4428507,8,0.8955,1,keep,candidate_hybrid_keep_strong_domain_rule_anchor,8,0.8955,한국은행;기준금리,,,candidate_hybrid,1,0.65,0.35
대출 조여도 가계빚 한 달 새 4조원 증가…주담대·빚투 '쌍끌이',한국은행의 7월 소비자동향조사에서 주택가격전망지수는 127로 전월보다 7포인트 상승했다. 2021년 9월 128... 기준금리 인상과 은행권 수신 경쟁으로 예금금리가 높아지면서 일부 자금은 정기예금으로 옮겨갔다....,https://www.the-today.com/news/articleView.html?idxno=88105,13,0.769,1,keep,candidate_hybrid_keep_strong_domain_rule_anchor,13,0.769,한국은행;은행권;기준금리,대출,,candidate_hybrid,1,0.65,0.35
"서울채권시장 ""7월 CPI 2.8% 예상보다 둔화…강세 심리 커질 것""",8%를 나타내면서 중단기 금리가 다소 하락할 수 있다는 기대를 내놓았다. 다만 근원 CPI 상승률이 0.1%포인트(p) 높아진 점은 부담 요인으로 지목됐다. 전반적인 물가 상황이 나쁘지 않더라도 한국은행이 근원...,https://news.einfomax.co.kr/news/articleView.html?idxno=4428484,5,0.6718,1,keep,candidate_hybrid_model_keep_prob_ge_threshold_with_domain_anchor,5,0.6718,한국은행,,,candidate_hybrid,1,0.65,0.35
근원 인플레와 생활물가의 대결…백투백 인상 놓고 채권시장 격론,"국내 근원물가가 큰 폭 오른 것으로 발표되자 7월에 이어 8월 연속 기준금리 인상이 불가피할 것이라는... 있지만, 한국은행 물가점검회의에서 발언의 톤을 봐야 더 명확하게 알 수 있을 것 같다""고 말했다. 체감 물가를...",https://news.einfomax.co.kr/news/articleView.html?idxno=4428483,8,0.8183,1,keep,candidate_hybrid_keep_strong_domain_rule_anchor,8,0.8183,한국은행;기준금리,,,candidate_hybrid,1,0.65,0.35
한때 +180전까지 치솟은 오버나이트…한은 대응 셈법은,"이 때문에 한국은행의 별도 대응 필요성이 상대적으로 낮을 것이라고 보면서도, 원화 유동성 관리에도... 정례 RP매입은 시장 전체 지준을 조절해 단기금리를 기준금리 주변에서 관리하는 수단으로, 일부 기관의 원화...",https://news.einfomax.co.kr/news/articleView.html?idxno=4428480,17,0.6852,1,keep,candidate_hybrid_keep_strong_domain_rule_anchor,17,0.6852,한국은행;한은;유동성;기준금리,원화,,candidate_hybrid,1,0.65,0.35
근원물가 상승폭 확대에 힘 실리는 금리 연속인상,2분기 경제성장률이 ‘깜짝 성장’을 기록한 데 이어 근원물가 오름세까지 확대되면서 오는 27일 금융통화위원회의 기준금리를 연속 인상할 가능성에도 무게가 실리고 있다. 이지호 한국은행 부총재보는 4일...,https://biz.heraldcorp.com/article/10830200?ref=naver,9,0.8588,1,keep,candidate_hybrid_keep_strong_domain_rule_anchor,9,0.8588,한국은행;기준금리,금리,,candidate_hybrid,1,0.65,0.35
"""기업 돈줄이 마른다""...회사채 금리 뛰고, 발행시장 위축","한국은행의 추가 기준금리 인상 가능성이 남아 있는 만큼 회사채 발행시장의 회복은 당분간 쉽지 않을 전망이다. 김 연구원은 ""단기 금리가 일부 상승하더라도 회사채 금리가 여전히 100bp 가량 높은 수준이고, 단기...",http://www.metroseoul.co.kr/article/20260804500158,13,0.8491,1,keep,candidate_hybrid_keep_strong_domain_rule_anchor,13,0.8491,한국은행;회사채;기준금리,금리,,candidate_hybrid,1,0.65,0.35
"[이슈PICK+] 소비자물가, 3개월 만 2%대 복귀···금리인상 가늠자 '근원...","한편 생활물가와 근원물가의 경우 신현송 한국은행 총재가 기준금리 결정에 있어 주요 지표로 삼을 것이라고 언급한 바 있어, 향후 금리인상 속도의 가늠자가 되고 있다. 신 총재는 지난 7월 금융통화위원회 금리...",https://www.todaykorea.co.kr/news/articleView.html?idxno=404530,9,0.8674,1,keep,candidate_hybrid_keep_strong_domain_rule_anchor,9,0.8674,한국은행;기준금리,금리,,candidate_hybrid,1,0.65,0.35
"우리금융 6일 스타트, 4대 지주 자본확충 시즌 개막","한국은행이 지난달 기준금리를 2.50%에서 2.75%로 인상한 만큼, 이번 하반기 발행분의 쿠폰은 상반기보다 높게 형성될 공산이 크다는 전망이다. IB업계 관계자는 ""시장에서는 우리금융이 제시한 희망금리 상단(4.90%)이...",http://www.finomy.com/news/articleView.html?idxno=258531,8,0.7995,1,keep,candidate_hybrid_keep_strong_domain_rule_anchor,8,0.7995,한국은행;기준금리,,,candidate_hybrid,1,0.65,0.35
근원물가 2년7개월來 최고…한은 연속 금리인상 가능성 커져,이에 따라 오는 27일 금융통화위원회의 기준금리 연속 인상 가능성에도 무게가 실리고 있다. 이지호 한국은행 부총재보는 4일 오전 서울 중구 한은 본관에서 '물가상황 점검회의'를 열고 최근의 물가 상황과 향후 물가...,http://www.newsfc.co.kr/news/articleView.html?idxno=80293,13,0.9209,1,keep,candidate_hybrid_keep_strong_domain_rule_anchor,13,0.9209,한국은행;한은;기준금리,,,candidate_hybrid,1,0.65,0.35
"""원자재·환율 급등에 금리까지""...중기·소상공인 '삼중고'","한국은행의 기준금리 인상 결정 이후 시중은행 대출금리가 잇따라 오르며 기업들의 이자 부담이 크게 가중되고 있는 것으로 나타났다. 내수 부진에 따른 매출 감소, 원자재 및 인건비 상승에다 금융비용까지 오르며...",https://www.newspim.com/news/view/20260803000988,15,0.8944,1,keep,candidate_hybrid_keep_strong_domain_rule_anchor,15,0.8944,한국은행;시중은행;환율;기준금리,,,candidate_hybrid,1,0.65,0.35
둔화한 7월 물가에 채권시장 8월 금리동결 가능성에 무게,"중동 분쟁 속 유가 상승 여지 남아 한국은행이 통화정책 결정 변수로 주시하는 7월 물가지표 상승세가 둔화하면서, 채권시장은 대체로 8월 연속 금리 인상은 없을 것으로 보고 안도하는 분위기다. 4일 국가데이터처에...",https://www.yna.co.kr/view/AKR20260804040900008?input=1195m,6,0.746,1,keep,candidate_hybrid_model_keep_prob_ge_threshold_with_domain_anchor,6,0.746,한국은행,금리,,candidate_hybrid,1,0.65,0.35
[신윤우의 외환분석] 무거운 상하단에 잠시 대기,"한국은행은 이날 오후 기준 금리를 25bp 올렸던 7월 금융통화위원회 의사록을 공개한다. 이날 밤에는 미국의 4월 구인·이직보고서(JOLTS)가 나온다. 달러-원은 이날 오전 6시 무렵 서울장 종가(1,429.80원) 대비 0.30원 내린 1...",https://news.einfomax.co.kr/news/articleView.html?idxno=4428441,6,0.6827,1,keep,candidate_hybrid_model_keep_prob_ge_threshold_with_domain_anchor,6,0.6827,한국은행,달러,,candidate_hybrid,1,0.65,0.35
7월 소비자물가 2.8%↑…8개월 만에 전월비 감소,◆8월 물가 다시 오른다…한은 '금리 인상' 또 나설까 한편 물가 상승률이 5~6월 연속 3%대를 이어가자 한국은행은 지난달 16일 기준금리 인상을 단행했다. 연 2.50%인 기준금리를 2.75%로 0.25%포인트 올렸다. 2023년 1월...,https://www.newsworks.co.kr/news/articleView.html?idxno=849285,14,0.9432,1,keep,candidate_hybrid_keep_strong_domain_rule_anchor,14,0.9432,한국은행;한은;기준금리,금리,,candidate_hybrid,1,0.65,0.35
“7월 물가 2%대로 떨어졌는데” 근원물가 2년7개월來 최고…한은 연속...,‘깜짝 성장’을 기록한 2분기 경제성장률에 이어 근원물가마저 오름세를 키우면서 오는 27일 금융통화위원회의 기준금리 연속 인상 가능성에도 무게가 실리고 있다. 이지호 한국은행 부총재보는 4일 오전...,https://biz.heraldcorp.com/article/10829948?ref=naver,13,0.8382,1,keep,candidate_hybrid_keep_strong_domain_rule_anchor,13,0.8382,한국은행;한은;기준금리,,,candidate_hybrid,1,0.65,0.35
석유류·농산물 가격은 꺾였는데…외식비만 2.6% 오른 숨은 '이유',한국은행이 지난달 기준금리를 전격 인상하며 통화 긴축 페달을 밟은 가운데 소비자물가 상승률이 두 달 만에 2%대로 복귀하며 물가 안정 목표치를 향한 둔화 흐름을 나타냈다. 국가데이터처가 발표한 2026년 7월...,https://www.wikitree.co.kr/articles/1150241,8,0.749,1,keep,candidate_hybrid_keep_strong_domain_rule_anchor,8,0.749,한국은행;기준금리,,,candidate_hybrid,1,0.65,0.35
오늘의 금값시세(8월 4일자) 순금·18K·14K 가격…상승 기대감 이어질까,순금 1돈 은행 기준 68만~70만원대…국제 금값 4030달러선 4일 오전 국내 금값은 주요 고시 기준에서 약세를 나타냈다. 한국금거래소가 오전 5시 33분 고시한 사업자 매입 시세는 순금 1돈(24K·3.75g) 69만4000원으로...,https://www.vegannews.co.kr/news/article.html?no=384447,3,0.6531,0,drop,candidate_hybrid_drop_model_keep_without_domain_anchor,3,0.6531,은행,,,candidate_hybrid,1,0.65,0.35
"No Win 딜레마 빠진 트럼프, 전쟁 끝낸다 | 美 증시 부양책으로 주목받는...","물가 안정과 기준금리가 올리지 않을 경우 가장 민감하게 반응하는 것이 AI 반도체 주가이지 않습니까?... - IMF, 2차 대전 이후 국제금융시장 안정 설립 - gold transit(특별쿼터), 무제한 통화스와프 해당 - credit...",http://www.wowtv.co.kr/NewsCenter/News/Read?articleId=A202608050326&t=NN,3,0.5934,0,drop,candidate_hybrid_drop_generic_market_or_ipo_noise,3,0.5934,기준금리,,,candidate_hybrid,1,0.65,0.35
다우 907P 폭등·S&P500 최고치… ‘이란 합의기대·AI 실적’ 쌍끌이,"채권시장에 동시에 호재로 작용했다. 미국 연방준비제도(Fed·연준)가 오는 9월 기준금리를 인상할... 상선 공격이 이어지고 있어, 중동발 유가와 금융시장 변동성이 완전히 해소됐다고 보기는 어렵다는 분석도 나온다.",https://www.kbmaeil.com/article/20260805500015,14,0.7299,1,keep,candidate_hybrid_keep_overseas_global_reference,14,0.7299,연준;fed;기준금리,실적,,candidate_hybrid,1,0.65,0.35
한달 새 100원 넘게 급락… 원·달러 환율 1300원대 안착할까,"글로벌 금융시장 불확실성이 환율 향방을 좌우할 것이란 분석이다. 4일 서울 외환시장에서 원·달러 환율은... 박형중 이코노미스트는 ""8~9월에는 연준의 기준금리 인하 기대 변화가 다시 주요 변수로 부각될 수 있다""며...",http://www.fnnews.com/news/202608041812321592,11,0.6733,1,keep,candidate_hybrid_keep_strong_domain_rule_anchor,11,0.6733,환율;기준금리;외환시장,달러,,candidate_hybrid,1,0.65,0.35
"美재무 ""원화 변동성 과해…엔화약세 다른 통화에 영향""",실제로 금융 파생상품시장인 OIS(익일물 금리스왑)시장이 반영하는 일본은행의 9월 기준금리 인상 가능성은... 일본이 미국 국채를 직접 처분하는 대신 연방준비제도(Fed·연준)의 달러화 유동성 공급 창구를 활용해 개입...,https://www.mk.co.kr/article/12116574,18,0.8474,1,keep,candidate_hybrid_keep_overseas_global_reference,18,0.8474,연준;fed;유동성;기준금리,원화;금융,,candidate_hybrid,1,0.65,0.35
원·달러 1400원선 시험대…추세 하락 여부는 변수,"글로벌 금융시장 불확실성이 환율 향방을 좌우할 것이란 분석이다. 4일 서울 외환시장에서 원·달러 환율은... 박형중 이코노미스트는 ""8~9월에는 연준의 기준금리 인하 기대 변화가 다시 주요 변수로 부각될 수 있다""며...",http://www.fnnews.com/news/202608041549016443,11,0.6744,1,keep,candidate_hybrid_keep_strong_domain_rule_anchor,11,0.6744,환율;기준금리;외환시장,달러,,candidate_hybrid,1,0.65,0.35
日 엔화 환율 어디까지 떨어질까…‘155엔 붕괴’ 주목 [머니+],미 연방준비제도(Fed·연준)가 기준금리를 추가로 인상할 경우 달러에 대한 매력이 다시 부각될 수 있기... 글로벌 금융시장 전반에 충격을 줄 수 있다. 라보뱅크의 제인 폴리 외환 전략 총괄은 “당분간은 추가 개입에...,https://www.ekn.kr/web/view.php?key=20260804029079378,16,0.728,1,keep,candidate_hybrid_keep_overseas_global_reference,16,0.728,연준;fed;환율;기준금리,,,candidate_hybrid,1,0.65,0.35
대지진도 금융위기도 없는데…미국이 ‘엔화 구하기’ 나선 이유,이번에는 뚜렷한 금융위기나 자연재해가 없는데도 미국이 일본의 엔화 방어를 도왔다는 점에서 이례적이다.... 일본은행이 6월 기준금리를 1%로 인상한 뒤에도 엔화에 미친 효과는 제한적이었다. 미국의 가세는 시장에...,https://www.kmib.co.kr/article/view.asp?arcid=9000000626&cp=nv,3,0.7027,0,drop,candidate_hybrid_drop_model_keep_without_domain_anchor,3,0.7027,기준금리,,,candidate_hybrid,1,0.65,0.35
"""금리 오르기 전 팔자""···채권 투자자에겐 지금이 기회","미 연방준비제도(Fed, 연준)의 매파적 통화정책으로 글로벌 금융시장이 요동치고 있다. 장기적으로 금리인상... 금리 인상으로 인한 손실을 피하고자 미리 매도에 나서게 된다. 연준은 지난달 29일 FOMC에서 기준금리를...",http://www.enewstoday.co.kr/news/articleView.html?idxno=2455725,16,0.8221,1,keep,candidate_hybrid_keep_overseas_global_reference,16,0.8221,연준;fed;기준금리,금리;채권,,candidate_hybrid,1,0.65,0.35
"비트코인 난이도 15% 하락에 ETF 자금도 엇갈려…크립토닷컴, 규제·실사...",미국 금융시장은 7월 29일 연방준비제도(Fed)의 기준금리 동결 결정 이후 인플레이션 우려와 경기 둔화... 크립토닷컴(Crypto.com)은 이 같은 흐름이 가상자산 시장에도 그대로 반영됐다고 짚었다. 연준의 금리 경로와 미국...,https://www.tokenpost.kr/news/insights/384670,13,0.8502,1,keep,candidate_hybrid_keep_strong_domain_rule_anchor,13,0.8502,fed;기준금리;가상자산,금리,,candidate_hybrid,1,0.65,0.35
엔화 급락에 美 나선 이유…'엔 캐리'로 美금융시장과 한 몸 됐다,"대한 시장 우려라고 지적했다. 일본 정부의 부채는 국내총생산(GDP)의 두 배를 넘는 수준으로, 주요 선진국 가운데 가장 높은 수준이다. 일본은행(BOJ)은 물가 상승 압력에 대응해 기준금리를 1%까지 올렸지만, 미국 연준의...",https://www.news1.kr/world/international-economy/6248223,7,0.767,0,drop,candidate_hybrid_drop_generic_market_or_ipo_noise,7,0.767,boj;기준금리,,,candidate_hybrid,1,0.65,0.35
"""5일 美 국채 발행 계획 확인 후 코스피 추가 안정화 예상""","(Fed·연준)가 기준금리를 지속 인상했고, 2023년 당시 옐런 전 재무장관이 장기채 발행 확대를 예고하며... 현재 금융시장에서 가장 중요한 핵심인 '클라우드 매출액 증가율'의 견조함도 확인했다고 판단했다. 변동성을...",https://news.einfomax.co.kr/news/articleView.html?idxno=4428429,18,0.7198,0,drop,candidate_hybrid_drop_generic_market_or_ipo_noise,18,0.7198,연준;fed;국채;기준금리,코스피,,candidate_hybrid,1,0.65,0.35
"베선트, 연준에 엔화 방어 지원 확대 공개 촉구",◇일본 국채 매각 따른 금리 상승 차단 전문가들은 일본의 엔화 방어 개입 자체를 연준이 적극적으로 지원할지는 불확실하지만 일본이 미 국채를 매각하는 것보다는 FIMA를 활용하는 편이 미국 금융시장에 유리하다고...,https://www.g-enews.com/view.php?ud=20260804085248609a1f309431_1,4,0.6153,0,drop,candidate_hybrid_drop_generic_market_or_ipo_noise,4,0.6153,국채,금리,,candidate_hybrid,1,0.65,0.35
"“코스피 6,000선 락바텀…美 국채 계획 확인 후 안정화”<NH투자證>",금융시장의 불확실성은 재차 확대될 수 있다”면서도 “2023년과 같은 상황은 아닐 것으로 판단한다”고 밝혔다. 앞서 2023년에는 러시아·우크라이나 전쟁에 따른 물가 불안을 억제하기 위해 연준이 2022년부터 기준금리...,https://www.news2day.co.kr/article/20260804500025,8,0.6063,0,drop,candidate_hybrid_drop_generic_market_or_ipo_noise,8,0.6063,국채;기준금리,코스피,,candidate_hybrid,1,0.65,0.35
"[사설] 미·일 '엔저 공조'... 환율, 증시에 미칠 영향 예의 주시해야",한동안 가파른 엔저를 용인하던 미국이 일본의 환율 방어를 사실상 뒷받침하는 모습은 적잖은 의미를 갖는다. 과도한 엔저가 일본의 물가를 자극하는 상황에서 미국도 달러 초강세에 따른 무역 불균형 확대와 금융시장...,https://www.edaily.co.kr/news/newspath.asp?newsid=01702326645544368,4,0.5254,0,drop,candidate_hybrid_gray_drop_score_lt_threshold,4,0.5254,환율,달러,,candidate_hybrid,1,0.65,0.35
[국제금융 브리핑] 베센트 “호르무즈 재개방 합의 가능”...브렌트유 5...,"보고서는 금융시장 주요 지표로 S&P500 및 KOSPI, 미국 및 한국 국채 10년물, 달러인덱스 및 원달러 환율... EMBI+, 달러-원 스왑베이시스 및 한국 CDS를 함께 제시했다. 미국·중국·유럽 동향과 경제지표 미국의 6월...",https://www.tokenpost.kr/news/economy/385366,11,0.4799,1,keep,candidate_hybrid_keep_strong_domain_rule_anchor,11,0.4799,환율;국채;원달러,달러,,candidate_hybrid,1,0.65,0.35
[미·일 환율 공조 후폭풍] '공포의 엔캐리' 다시 오나…금융시장·수출...,"국내 금융시장도 예외는 아니다. 엔캐리 자금이 국내 주식과 채권시장에도 일부 유입된 만큼 청산이 본격화될 경우 외국인 자금 이탈과 코스피 변동성 확대, 원·달러 환율 상승 압력으로 이어질 공산이 크다. 실제...",https://www.ajunews.com/view/20260804151103549,10,0.5784,1,keep,candidate_hybrid_keep_strong_domain_rule_anchor,10,0.5784,환율;국내 금융시장,코스피;달러,,candidate_hybrid,1,0.65,0.35
"[1mm금융톡]4대금융, 위험가중자산 확대에도 CET1 '13% 수성' 이유는",위험가중치가 높은 생산적 금융의 확대와 원·달러 환율 상승이라는 악조건 속에서도 역대급... 시장에서는 금융당국의 권고치인 13%를 주주환원을 위한 마지노선으로 판단하고 있다. 이번 성적표는 CET1 비율의...,https://view.asiae.co.kr/article/2026080417161722832,8,0.5628,1,keep,candidate_hybrid_keep_strong_domain_rule_anchor,8,0.5628,환율;생산적 금융,달러,,candidate_hybrid,1,0.65,0.35
"美 재무장관 ""엔화 약세 땐 원화도 뒤따라""…원화 안정에 힘 실리나","외환시장에 개입해 엔화 가치 방어에 나선 배경에는 엔화 급락이 역내 경쟁적 평가절하와 금융시장 불안을... 한편, 서울 외환시장에서 원·달러 환율은 베선트 장관의 발언이 전해진 뒤 1428원까지 내려갔다. 이는 전날...",https://view.asiae.co.kr/article/2026080507045006646,6,0.5349,1,keep,candidate_hybrid_gray_keep_domain_score_ge_threshold,6,0.5349,외환시장,달러;원화,,candidate_hybrid,1,0.65,0.35
"[N2 모닝 경제 브리핑-8월 5일] 美 증시, 미·이란 협상 진전에 질주…다...","뉴욕 금융시장 요약 4일(현지시간) 뉴욕증권거래소(NYSE)에서 다우존스30산업평균지수는 전 거래일 대비... 실제 원화는 엔화와 동조화된 약세 흐름 속에서도 더 큰 변동 폭을 나타냈으며, 원·달러 환율은 2023년...",https://www.news2day.co.kr/article/20260804500029,1,0.3257,0,drop,candidate_hybrid_drop_generic_market_or_ipo_noise,1,0.3257,,달러,,candidate_hybrid,1,0.65,0.35
7월 외환보유액 4279억달러 … 운용수익·외평채 힘입어 두 달 연속 증가,시장 안정조치 등의 영향으로 증감을 반복했지만 최근에는 증가 흐름을 이어가고 있다. 특히 원·달러 환율... 외환시장 수급도 이전보다 안정된 모습을 보이고 있다. 외환보유액은 국가의 대외 지급능력과 금융시장...,https://biz.newdaily.co.kr/site/data/html/2026/08/04/2026080400291.html,8,0.5692,1,keep,candidate_hybrid_keep_strong_domain_rule_anchor,8,0.5692,환율;외환시장,달러,,candidate_hybrid,1,0.65,0.35
"美 재무부, 3분기 차입 1058조 원 상향…국채 금리 상방 압력",이는 원/달러 환율 상승으로 이어져 수입 물가를 자극할 수 있다. 국내 금융 시장의 시중 금리와 대출 금리 역시 연달아 오르는 파급 효과가 나타날 수 있어 투자자와 정책 당국의 세심한 주의가 요구된다. 김주원...,https://www.g-enews.com/view.php?ud=202608041927451654fbbec65dfb_1,14,0.6592,1,keep,candidate_hybrid_keep_strong_domain_rule_anchor,14,0.6592,환율;국채;원/달러,금리;대출;달러;금융,,candidate_hybrid,1,0.65,0.35
"""원화 변동성"" 콕 찍은 美재무, 원달러 환율 1400원대 굳히나",'엔 캐리 청산' 파장은 변수…하방 압력과 변동성 공존 다만 베선트 장관의 발언이 원/달러 환율 하락(원화 강세)만을 의미하지는 않는다. 미국과 일본의 공조 개입으로 엔화 가치가 급반등할 경우 글로벌 금융시장에서...,https://www.mt.co.kr/world/2026/08/05/2026080503153713088,13,0.6678,1,keep,candidate_hybrid_keep_strong_domain_rule_anchor,13,0.6678,환율;원달러;원/달러,달러;원화,,candidate_hybrid,1,0.65,0.35
외국인 매매액 1048조원… 환율·증시 영향은?,"외국인의 국내 주식·채권 거래 확대는 국내 금융시장에 대한 관심이 높아졌다는 신호가 될 수 있지만, 동시에 자금 유출입에 따라 원·달러 환율과 증시 변동성이 커질 가능성도 있다. 특히 외국인 매수세가...",https://www.ggilbo.com/news/articleView.html?idxno=1172581,11,0.4642,1,keep,candidate_hybrid_keep_strong_domain_rule_anchor,11,0.4642,환율;국내 금융시장,주식;채권;달러,,candidate_hybrid,1,0.65,0.35
"미·일 공조, 엔화 약세 방어…엔·원 동조, 원화 강세 반전",원·달러 환율은 4일 서울 외환시장에서 주간거래 종가(오후 3시30분) 기준 전날 대비 2.7원 오른 1432.5원을... 7월 하락폭은 월간 기준으로 글로벌 금융위기 때인 2009년 3월 이후 가장 컸다. 시장에선 하반기 1400원대...,https://www.khan.co.kr/article/202608042041035,6,0.5981,1,keep,candidate_hybrid_gray_keep_domain_score_ge_threshold,6,0.5981,외환시장,달러;원화,,candidate_hybrid,1,0.65,0.35
"[오늘의 ABC 뉴스룸] ""코스피 9,000 간다"" 모건스탠리의 반전! 20억대 아...","외환시장 요동: 밀리초 단위로 재정거래를 수행하던 FX 알고리즘들이 잘못된 시간값을 기준으로 오작동하면서, 원-달러 환율이 장중 한때 97원 넘게 폭등했다가 급락하는 비정상적인 널뛰기 장세를 보였습니다. 일상과...",https://www.ajunews.com/view/20260804142743363,7,0.4613,1,keep,candidate_hybrid_gray_keep_domain_score_ge_threshold,7,0.4613,외환시장,코스피;달러,,candidate_hybrid,1,0.65,0.35
환율 급등기 '보이지 않는 손' NDF… 3월 환율 26원 밀어올렸다,"역외 시장은 싱가포르, 홍콩, 런던 등 해외에서 원화를 거래하는 금융시장을 일컫는다. 실제 이들 시장에선 원화를 구하기 어렵다. 그래서 원화를 주고받지 않고, 원·달러 환율이 오를지 내릴지만 놓고 차액을...",https://www.hankookilbo.com/news/article/A2026080414090005277?did=NA,4,0.6484,0,drop,candidate_hybrid_gray_drop_score_lt_threshold,4,0.6484,환율,달러,,candidate_hybrid,1,0.65,0.35
미·일의 엔저 방어…원·달러 환율 1300원대 다시 볼까,원·달러 환율은 4일 서울 외환시장에서 주간거래 종가(오후 3시30분) 기준 전날 대비 2.7원 오른 1432.5원을... 7월 하락폭은 월간 기준으로 글로벌 금융위기 때인 2009년 3월 이후 가장 컸다. 시장에선 하반기 1400원 초중반...,https://www.khan.co.kr/article/202608041652001,8,0.589,1,keep,candidate_hybrid_keep_strong_domain_rule_anchor,8,0.589,환율;외환시장,달러,,candidate_hybrid,1,0.65,0.35
"김대종 세종대 교수 ‘4700조 메가프로젝트, 2027년 경제 대전망’ 출간",확대해야 시장 안정을 이룰 수 있다”고 제언했다. 그는 “원달러 환율은 86% 확률로 상승중이다”라며... 경제와 금융시장의 변화를 이해하며 철저히 대비해야 한다. 『2027년 경제 대전망』이 미래를 준비하는 기업인과...,https://www.dt.co.kr/article/12076490?ref=naver,4,0.561,0,drop,candidate_hybrid_gray_drop_score_lt_threshold,4,0.561,원달러,,,candidate_hybrid,1,0.65,0.35
[‘역대급 엔저’…韓 경제 영향은] “엔저 당분간 계속…국산 車∙기계...,외환∙금융시장 불안과 수입물가∙실질소득 측면의 부담을 키울 수 있다”고 평가했다. 양 교수는 현재... 양 교수는 여행 환전 등 때문에 원∙엔 환율이 영향받을 가능성은 낮게 보면서도 “환테크가 거품 논란으로...,http://www.segyebiz.com/newsView/20260804515565?OutUrl=naver,-4,0.3662,0,drop,candidate_hybrid_drop_negative_signal,-4,0.3662,,,여행,candidate_hybrid,1,0.65,0.35
'오락가락' 코스피...코스닥은 매수 사이드카,"취재기자를 연결해 금융시장 상황 좀 더 알아보겠습니다. 류환홍 기자, 코스피가 상승과 하락을 반복... 서울 외환시장에서 원-달러 환율은 1,430원대에서 움직이고 있습니다. SK하이닉스의 주식예탁증서 상장 대금...",https://www.ytn.co.kr/_ln/0102_202608041514069425,7,0.3065,0,drop,candidate_hybrid_model_drop_prob_le_threshold,7,0.3065,외환시장,코스피;달러,,candidate_hybrid,1,0.65,0.35
[원화 강세] 1300원대 진입 전망 확산…경제 펀더멘털·美 금리정책'이 ...,4일 금융권과 서울 외환시장에 따르면 원·달러 환율은 1430원대 초반에서 등락을 거듭했다. 최근 원·달러 환율은 한 달여 만에 120원 이상 하락하며 지난해 10월 이후 최저 수준까지 내려왔다. 지난달 초 1520원대...,https://www.g-enews.com/view.php?ud=202608041428323732cd0bfacc1c_1,6,0.5621,1,keep,candidate_hybrid_gray_keep_domain_score_ge_threshold,6,0.5621,외환시장,달러;원화,,candidate_hybrid,1,0.65,0.35
밤사이 원화 흔든 ‘보이지 않는 손’…3월 환율 급등 33%가 NDF 영향,■ 원금 교환 없지만 국내 달러 수요 자극 NDF는 실제 원화와 달러가 오가지 않지만 국내 현물환시장과 무관하지 않다. 해외 투자자가 원·달러 환율 상승을 예상해 NDF를 대량 매입하면 이를 매도한 해외 금융기관은...,http://www.joseilbo.com/news/news_read.php?uid=573225&class=18&grp=,5,0.6226,0,drop,candidate_hybrid_gray_drop_score_lt_threshold,5,0.6226,환율,달러;원화,,candidate_hybrid,1,0.65,0.35
오늘 금시세(금값) 변동성 극심... 금가격이 오전 폭락했다가 오후 다시...,전문가들에 따르면 이러한 장중 변동성은 원·달러 환율의 하락과 달러 인덱스 상승이라는 거시 경제 변수... 일반적인 금융 시장 원리상 달러 인덱스의 상승은 달러화 가치의 강세를 뜻하며 이는 통상적으로 달러로...,https://www.wikitree.co.kr/articles/1150341,2,0.5652,0,drop,candidate_hybrid_drop_generic_market_or_ipo_noise,2,0.5652,,달러;금융,,candidate_hybrid,1,0.65,0.35
"美, 28년만에 외환시장 개입…美국채금리 잡으려 엔화 샀다",4일 서울 외환시장에서 원-달러 환율은 오전 6시 기준 전날보다(1429.8원)보다 0.3원 떨어진 1429.5원에 거래를... 미국 금융시장에 충격을 줄 수 있다는 우려가 깔려있다는 분석이 나온다. 월스트리트저널(WSJ)은 “일본이...,https://www.donga.com/news/Economy/article/all/20260804/134417699/1,9,0.6537,1,keep,candidate_hybrid_keep_strong_domain_rule_anchor,9,0.6537,국채금리;외환시장,달러,,candidate_hybrid,1,0.65,0.35
"[신간] 4700조 3대 메가프로젝트, 2027년 경제대전망","반도체와 피지컬 인공지능(AI), 데이터센터를 한국 경제의 새로운 성장동력으로 제시하고 산업과 금융시장... 책은 부동산 시장과 원달러 환율, 국내외 주식시장에 대한 전망도 담았다. 김 교수는 서울과 수도권의...",https://www.wolyo.co.kr/news/articleView.html?idxno=316000,7,0.6388,1,keep,candidate_hybrid_gray_keep_domain_score_ge_threshold,7,0.6388,환율;원달러,,,candidate_hybrid,1,0.65,0.35
기관 매도에 코스피 혼조세...코스닥 매수 사이드카,"취재기자를 연결해 금융시장 상황 좀 더 알아보겠습니다. 류환홍 기자! 코스피가 장 초반 하락했는데... 서울 외환시장에서 원-달러 환율은 1,420원대에서 움직이고 있습니다. SK하이닉스의 주식예탁증서 상장 대금...",https://www.ytn.co.kr/_ln/0102_202608041148084893,9,0.2706,1,keep,candidate_hybrid_keep_strong_domain_rule_anchor,9,0.2706,외환시장,코스피;코스닥;달러,,candidate_hybrid,1,0.65,0.35
"김대종 교수, 2027년 경제 전망…""AI·반도체가 핵심 성장축""","확대해야 시장 안정을 이룰 수 있다""고 제언했다. 환율에 대해서는 원·달러 환율이 장기적으로 상승 압력을... 미래 산업에 대한 투자를 확대하고, 개인은 경제와 금융시장의 변화를 이해하며 대비해야 한다""고 말했다.",https://www.thepublic.kr/news/articleView.html?idxno=313676,1,0.4349,0,drop,candidate_hybrid_drop_generic_market_or_ipo_noise,1,0.4349,,달러,,candidate_hybrid,1,0.65,0.35
국제유가 5% 급락…원달러 환율은 1429.8원 마감,미국과 이란 간의 군사적 충돌 우려가 줄어들면서 국제유가가 5% 안팎 급락하고 금융시장의 불안 심리가... 3일 서울 외환시장에서 원달러 환율은 전 거래일 주간 종가 대비 5.8원 오른 1429.8원에 주간 거래를 마쳤다....,https://www.junggi.co.kr/news/articleView.html?idxno=37328,8,0.4521,1,keep,candidate_hybrid_keep_strong_domain_rule_anchor,8,0.4521,원달러;외환시장,,,candidate_hybrid,1,0.65,0.35
"원·달러 환율 1,424.30원으로 하락… 주요 통화도 일제히 약세","전문가들은 단기적으로 원·달러 환율이 국내외 경제지표와 글로벌 금융시장 변동성에 영향을 받으며 등락을 이어갈 것으로 전망하고 있다. 특히 미국의 물가와 고용지표, 한국은행의 통화정책 방향, 외국인...",https://www.job-post.co.kr/news/articleView.html?idxno=222930,9,0.6439,1,keep,candidate_hybrid_keep_strong_domain_rule_anchor,9,0.6439,한국은행;환율,달러,,candidate_hybrid,1,0.65,0.35
위험선호 회복에도 달러·원 환율 상승…저가 매수 유입에 1432.7원,4일 서울외환시장에서 달러·원 환율은 전 거래일 오후 3시 30분 주간거래 종가보다 2.90원 오른 1432.70원에 거래를 시작했다. 간밤 글로벌 금융시장에서는 중동 지역 긴장이 완화되면서 국제유가가 하락하고 미국...,https://www.news1.kr/finance/market-exr/6248242,8,0.5999,1,keep,candidate_hybrid_keep_strong_domain_rule_anchor,8,0.5999,환율;외환시장,달러,,candidate_hybrid,1,0.65,0.35
'뉴욕발 훈풍'에 코스피 상승 출발...코스닥은 급등,"취재기자를 연결해 금융시장 상황 좀 더 알아보겠습니다. 류환홍 기자, 코스피가 급락 후 반등할 수 있을지... 서울 외환시장에서 원-달러 환율은 1,420원대에서 움직이고 있습니다. SK하이닉스의 주식예탁증서 상장...",https://www.ytn.co.kr/_ln/0102_202608040944076977,7,0.2987,0,drop,candidate_hybrid_model_drop_prob_le_threshold,7,0.2987,외환시장,코스피;달러,,candidate_hybrid,1,0.65,0.35
[국제금융 브리핑] 트럼프 對이란 해상봉쇄 지속...美日 100억달러 엔화...,"보고서는 금융시장 주요 지표로 S&P500과 KOSPI, 미국과 한국 10년물 국채금리, 달러인덱스와 원달러 환율... EMBI+, 달러-원 스왑베이시스와 한국 CDS를 함께 제시했다. 시장 전반에서는 유가 하락이 인플레이션 전망과 금리...",https://www.tokenpost.kr/news/economy/384612,13,0.5084,1,keep,candidate_hybrid_keep_strong_domain_rule_anchor,13,0.5084,환율;국채금리;원달러,금리;달러,,candidate_hybrid,1,0.65,0.35
"""美 경기 흔들림 없다…국내 경기도 견조""<iM證>","회사채 발행을 통한 투자 확대가 성장에는 긍정적이지만, 신용리스크를 자극하며 금융시장 변동성을 키우고... 박 연구원은 ""3분기 외국인 주식 순매도 현상이 진정된다면 원·달러 환율은 경제 펀더멘탈을 반영하면서...",https://www.news2day.co.kr/article/20260804500036,6,0.5625,0,drop,candidate_hybrid_gray_drop_generic_anchor_only,6,0.5625,회사채,주식;달러,,candidate_hybrid,1,0.65,0.35
[뉴욕마켓워치] 호르무즈 곧 열린다는 베선트에 주식 나흘째 랠리…채권...,◇채권시장 연합인포맥스의 해외금리 일중 화면(화면번호 6532)에 따르면 오후 3시 현재 뉴욕 채권시장에서 10년물 국채금리는 전 거래일 오후 3시 기준가 대비 5.80bp 하락한 4.6260%에 거래됐다. 통화정책에 민감한...,https://news.einfomax.co.kr/news/articleView.html?idxno=4428644,7,0.465,0,drop,candidate_hybrid_gray_drop_generic_anchor_only,7,0.465,국채금리,주식;채권,,candidate_hybrid,1,0.65,0.35
"국채선물, 유가 이틀째 급락에 상승…10년물 45틱↑",5일 서울채권시장에 따르면 3년 국채선물은 야간 거래에서 전일 주간 거래 종가 대비 11틱 오른 103.44에... 10년 국채선물 야간 거래 흐름.출처: 연합인포맥스. 한편 같은 시간 미국 국채 금리는 일제히 하락했다. 미...,https://news.einfomax.co.kr/news/articleView.html?idxno=4428640,3,0.4276,0,drop,candidate_hybrid_drop_generic_market_or_ipo_noise,3,0.4276,국채,,,candidate_hybrid,1,0.65,0.35
[미·일 환율 공조 후폭풍] 미국채 지키려 손잡은 양국…국내 장기금리...,미·일 공동 개입 이후 미국채 금리는 다소 안정을 되찾았지만 다시 오름세를 보인 이유도 여기에 있다. 국내 채권시장도 글로벌 장기 금리 움직임에서 자유롭지 않다. 최근 국고채 금리는 장기물을 중심으로 상승세를...,https://www.ajunews.com/view/20260804151058548,12,0.6789,1,keep,candidate_hybrid_keep_overseas_korean_market_impact,12,0.6789,환율;미국채 금리;국내 채권시장,금리,,candidate_hybrid,1,0.65,0.35
[데일리 머니마켓] 다우·S&P500 사상 최고치로 마감,"◆채권시장 미국 국채금리는 유가 급락으로 인플레이션 부담이 완화되면서 하락했다. 미국 10년물 금리는 전일 4.68%대에서 4.62%대로 떨어졌고, 2년물도 4.19%대로 낮아졌다. 월스트리트저널은 “미국 국채...",https://www.bigtanews.co.kr/article/view/big202608050003,7,0.5562,0,drop,candidate_hybrid_drop_generic_market_or_ipo_noise,7,0.5562,국채;국채금리,,,candidate_hybrid,1,0.65,0.35
"뉴욕증시, 기업실적 호조 등 영향 급등세⋯엔비디아 2%대, 애플 1%대 상...",뉴욕 채권시장에서 10년물 국채금리는 직전 거래일보다 4.60bp(1bp=0.01%포인트) 하락한 4.638%를 가리켰다. 통화정책에 민감한 2년물 금리는 같은 기간 5.70bp 떨어진 4.199%를 기록했다. 30년물 국채금리는 전장보다 3.20bp...,http://www.econonews.co.kr/news/articleView.html?idxno=442343,4,0.4767,0,drop,candidate_hybrid_drop_low_value_overseas_market_noise,4,0.4767,국채금리,,,candidate_hybrid,1,0.65,0.35
위기상황 아닌데…엔화부양에 '美국채 담보' 연준 비상대출 동원,미국채 금리 상승을 막기 위한 도널드 트럼프 행정부의 이해관계가 작용한 결과라는 평가가 나온다. 3일... 미국채를 시장에 한꺼번에 내놓을 경우 채권시장 혼란이 더욱 커질 수 있는 점을 고려한 위기 대응 조처였다....,https://www.tfmedia.co.kr/news/article.html?no=206245,13,0.5405,0,drop,candidate_hybrid_drop_generic_market_or_ipo_noise,13,0.5405,연준;국채;미국채 금리,금리,,candidate_hybrid,1,0.65,0.35
[뉴욕채권] 국채가 이틀째↑…베선트發 호르무즈 기대감에 유가 또 급락,연합인포맥스의 해외금리 일중 화면(화면번호 6532)에 따르면 4일(미국 동부시간) 오후 3시 현재 뉴욕 채권시장에서 10년물 국채금리는 전 거래일 오후 3시 기준가 대비 5.80bp 하락한 4.6260%에 거래됐다. 통화정책에...,https://news.einfomax.co.kr/news/articleView.html?idxno=4428623,4,0.4321,0,drop,candidate_hybrid_gray_drop_score_lt_threshold,4,0.4321,국채금리,,,candidate_hybrid,1,0.65,0.35
"미·일, 엔화 지키려 공동개입...미 국채 안정도 노린다","일본은 세계 최대 수준의 미국 국채 보유국 가운데 하나인데, 이런 물량이 시장에 한꺼번에 나오면 채권 가격은 떨어지고 금리는 뛸 수 있다. 월스트리트저널은 8월 3일, 이번 피마 레포 활용이 워싱턴이 가장 경계하는...",https://www.tokenpost.kr/news/international/385300,5,0.5756,0,drop,candidate_hybrid_drop_generic_market_or_ipo_noise,5,0.5756,국채,채권,,candidate_hybrid,1,0.65,0.35
美국채 금리 붙잡아라…엔화 부양에 연준 '국채 담보 대출' 동원,경우 채권시장 혼란이 더욱 커질 수 있는 점을 고려한 위기 대응 조처였습니다. 미 연준이 엔화 가치 방어의 구원투수로 소환된 배경에는 2007년 이후 가장 높은 수준으로 오른 미 국채 금리를 방어하기 위한 트럼프...,https://biz.sbs.co.kr/article_hub/20000326651?division=NAVER,10,0.7115,0,drop,candidate_hybrid_drop_generic_market_or_ipo_noise,10,0.7115,연준;국채,금리;대출,,candidate_hybrid,1,0.65,0.35
"美 국채가, 중동 긴장 완화 기대로 강세 지속",연합인포맥스의 해외금리 일중 화면(화면번호 6532)에 따르면 4일(미국 동부시간) 오전 9시 31분 현재 뉴욕 채권시장에서 10년물 국채금리는 직전 거래일 오후 3시 기준가보다 4.60bp 하락한 4.638%를 가리켰다. 통화정책에...,https://news.einfomax.co.kr/news/articleView.html?idxno=4428611,4,0.5257,0,drop,candidate_hybrid_gray_drop_score_lt_threshold,4,0.5257,국채금리,,,candidate_hybrid,1,0.65,0.35
기업실적 호조 뉴욕증시 상승세…S&P500 최고치 재도전,유가 하락은 인플레이션 압력을 완화하며 채권시장에도 영향을 미쳤다. 미국 10년 만기 국채금리는 전날 4.70%에서 4.64%로 하락했다. 다만 이는 이란과의 분쟁 이전 수준인 3.97%보다는 여전히 높은 수준이다. 국채금리...,https://www.thefairnews.co.kr/news/articleView.html?idxno=84139,4,0.5045,0,drop,candidate_hybrid_drop_low_value_overseas_market_noise,4,0.5045,국채금리,,,candidate_hybrid,1,0.65,0.35
"""여차하면 1년치 수익 날아간다""…큰손도 외면하자 결국",국내 장기 채권 금리는 미국과 일본 국채 금리 상승의 영향을 받는다. 30년 만기 미국 국채 금리는... 30년 만기 채권은 시장금리가 연 0.3%포인트 오르면 가격이 약 4.5% 떨어진다. 2년 만기 채권은 같은 폭으로...,https://www.hankyung.com/article/2026080447561,6,0.5627,0,drop,candidate_hybrid_drop_generic_market_or_ipo_noise,6,0.5627,국채,금리;채권,,candidate_hybrid,1,0.65,0.35
국고채 금리 혼조세…3년물 3.740% 마감,"458%, CD 91일물은 연 2.930%로 변동이 없었다. 시장에서는 미국 국채 금리 흐름과 국내 경기·물가 전망, 한국은행의 금리 인하 기대감 등이 채권시장 방향을 좌우하는 변수로 작용하고 있다고 분석했다.",http://www.issuenbiz.com/news/articleView.html?idxno=78429,9,0.8108,1,keep,candidate_hybrid_keep_strong_domain_rule_anchor,9,0.8108,한국은행;국채,금리,,candidate_hybrid,1,0.65,0.35
"코스피, 4일도 '롤러코스터' 장세 후 1.6% 반등... 코스닥은 5.9↑%",국제유가 하락은 인플레이션 우려를 낮추면서 미국채 금리 하락으로 이어졌다. 전자거래 플랫폼 트레이드웹에 따르면 이날 뉴욕증시 마감 무렵 글로벌 채권의 준거가 되는 10년 만기 미국채 수익률은 4.68%로 전장...,https://www.getnews.co.kr/news/articleView.html?idxno=877004,7,0.5172,1,keep,candidate_hybrid_keep_overseas_global_reference,7,0.5172,미국채 금리,금리;코스피,,candidate_hybrid,1,0.65,0.35
美日 '통화동맹' 9개월 준비 끝 가동…美국채 안 팔고 엔화 방어,"닛케이는 일본의 금리 상승이 미 국채시장으로 번지는 연쇄 반응을 미 당국이 경계했다고 전했다. 일본이... 달러를 팔지 않음으로써 미 채권시장에 미칠 영향을 피하고, 자국 통화를 떨어뜨리는 개입으로 비치는 것도...",https://www.ajunews.com/view/20260804133739248,4,0.6685,0,drop,candidate_hybrid_drop_generic_market_or_ipo_noise,4,0.6685,국채,금리,,candidate_hybrid,1,0.65,0.35
"빅테크 2분기 실적, AI 수익화 우려 누그러뜨렸지만...남은 과제는?","반복적으로 채권시장에 계속 등장하기 시작한다면 그때부터는 우려 요인이 될 수 있다고 본다""고 말했다.... 조절하는 국채 금리에 대한 민감도도 높아질 전망""이라고 내다봤다. 김승혁 키움증권 연구원 역시 ""AI...",http://www.opinionnews.co.kr/news/articleView.html?idxno=142558,4,0.3932,0,drop,candidate_hybrid_drop_generic_market_or_ipo_noise,4,0.3932,국채,실적,,candidate_hybrid,1,0.65,0.35
7월 소비자물가 안도 속 국고채 30년물 입찰 반영…국고 10년 2.8bp↓,"전 거래일 미 국채 2년물 금리는 5.0bp, 10년물 금리는 5.9bp 내렸다. 이같은 대내외 요인을 반영해서 국내 채권시장은 강세 출발했다. 오전 초반 강세폭이 완연하게 확대되는 흐름을 보였다. 국고채 3년물 지표물 금리는...",https://news.einfomax.co.kr/news/articleView.html?idxno=4428511,7,0.5355,1,keep,candidate_hybrid_gray_keep_domain_score_ge_threshold,7,0.5355,국채;국내 채권시장,,,candidate_hybrid,1,0.65,0.35
"美 금리, 20년 만에 최고 급등...원인은 아마존·구글 주도 'AI 부채 폭탄...",채권 발행 기업에 이름을 올렸다. 팔룸보 웰스 매니지먼트(Palumbo Wealth Management)는 최근 채권시장에... [기사 핵심 요약] -아마존과 알파벳이 주도한 대규모 채권 발행이 미국 30년물 국채 금리 상승 요인으로...,http://coinreaders.com/251004,6,0.6541,0,drop,candidate_hybrid_drop_generic_market_or_ipo_noise,6,0.6541,국채,금리;채권,,candidate_hybrid,1,0.65,0.35
엔저에 칼 빼든 美·日…'엔화 매수' 공조 나섰다,매각한다면 채권 가격 하락과 국채 금리 상승을 초래할 수 있기 때문이다. 이는 미국 정부의 이자 부담 증가와 금융시장 불안으로 이어질 수 있다. 일본 재무성은 미국 국채를 직접 매각하는 대신 연방준비제도(Fed)의...,https://magazine.hankyung.com/business/article/202608030948b,11,0.5672,0,drop,candidate_hybrid_drop_corporate_macro_noise,11,0.5672,fed;국채,금리;채권,,candidate_hybrid,1,0.65,0.35
"""美·日 개입, 단순한 환율 문제 아냐…글로벌 금융 시스템 문제""","그린 CEO는 ""일본의 주식과 채권, 또는 자금시장과 거래하는 모든 포트폴리오는 이 부분을 제대로 살펴봐야... 미국 10년물 국채 금리는 올해 초순부터 급격히 상승하고 있고, 이번 개입을 이와 별개로 보기 어렵다는 게...",https://news.einfomax.co.kr/news/articleView.html?idxno=4428503,9,0.578,0,drop,candidate_hybrid_drop_generic_market_or_ipo_noise,9,0.578,환율;국채,채권;금융,,candidate_hybrid,1,0.65,0.35
‘엔 공조’뒤엔 39조달러 미국 국채… 일본은 ‘FIMA 레포’로 자금 조...,일본이 엔저 방어를 위해 미 국채를 내다 팔 경우 미 국채 장기 금리가 뛰고 재정 조달 비용과 전반적인 채권·금융시장 안정에 부담이 될 것으로 예상되기 때문이다. 4일 니혼게이자이(日本經濟) 신문 등에 따르면 일본...,https://www.munhwa.com/article/11607087?ref=naver,5,0.5218,0,drop,candidate_hybrid_drop_generic_market_or_ipo_noise,5,0.5218,국채,채권,,candidate_hybrid,1,0.65,0.35
"美·日 이례적 공조에도…""구조적 변화 없이 장기간 엔화 방어 어려워""","특히 일본은행(BOJ)이 수개월 내 금리를 인상하더라도, 국채 매입 정책을 유지하는 한 엔화 방어 효과는 제한적일 수 있다는 분석이 나온다. 통상 중앙은행의 채권 매입은 시장에 유동성을 공급해 금리 인하 효과가...",https://www.newsis.com/view/NISX20260804_0003735486,10,0.6513,0,drop,candidate_hybrid_drop_generic_market_or_ipo_noise,10,0.6513,boj;국채,금리;채권,,candidate_hybrid,1,0.65,0.35
국채선물 강세 출발…7월 소비자물가 안도·유가 급락,간밤 국제유가 급락의 영향으로 미 국채 금리가 내림세를 보인 데도 영향받았다. 채권시장에 따르면 이날 오전 9시 6분 현재 3년 국채선물은 전 거래일 대비 4틱 오른 103.35를 나타냈다. 10년 국채선물은 22틱 오른 106....,https://news.einfomax.co.kr/news/articleView.html?idxno=4428462,3,0.4158,0,drop,candidate_hybrid_drop_generic_market_or_ipo_noise,3,0.4158,국채,,,candidate_hybrid,1,0.65,0.35
증시는 '소비자물가 2.8%'에 반응…근원물가 반등에도 성장주 랠리,엇갈린 물가 신호에도 주식과 채권시장에는 근원물가 반등보다 전체 물가의 둔화에 무게가 실렸다. 국채선물이 상승한 가운데 바이오와 인터넷 등 금리 민감 성장주가 강세를 보이면서다. 4일 국가데이터처에...,https://www.ebn.co.kr/news/articleView.html?idxno=1719010,1,0.4844,0,drop,candidate_hybrid_gray_drop_score_lt_threshold,1,0.4844,,금리,,candidate_hybrid,1,0.65,0.35
국채 매도 막을 카드 꺼냈다…美가 15년 만에 엔화 방어 나선 배경,국채 가격과 금리는 반대로 움직이기 때문에 시장에 대규모 매도 물량이 나오면 금리가 추가 상승할 수... 이 과정에서 세계 주식과 채권시장의 변동성이 커질 가능성이 있다. 미 재무부 관계자는 이번 조치가 빠르고...,https://www.newsis.com/view/NISX20260804_0003735600,3,0.5,0,drop,candidate_hybrid_drop_generic_market_or_ipo_noise,3,0.5,국채,,,candidate_hybrid,1,0.65,0.35
미·일 15년 만의 공동개입…엔화 약세와의 싸움은 끝나지 않았다,"악시오스는 이번 조치를 두고 ""시장은 겉으로는 안정돼 보이지만 국채·환율·금리 시장 전반의 긴장이... 시장에서는 이를 사실상 9월 금리 인상 신호로 받아들이고 있다. 오카산증권의 유키 기무라 채권전략가는 ""미국과...",https://www.newspim.com/news/view/20260804000443,7,0.6955,0,drop,candidate_hybrid_drop_generic_market_or_ipo_noise,7,0.6955,환율;국채,금리,,candidate_hybrid,1,0.65,0.35
"트럼프의 이란 공격 취소로 미국 증시 상승… 기술주 급등, S&P500 사상 최...","트럼프 대통령의 이란 공격 취소 소식이 전해지면서 미국 주식과 채권 시장이 동시에 오름세를 보였다.... 금리 약세는 전자거래 플랫폼 트레이드웹에 따르면, 글로벌 채권의 기준이 되는 10년 만기 미국채 수익률이...",https://www.gokorea.kr/news/articleView.html?idxno=874032,2,0.604,0,drop,candidate_hybrid_drop_generic_market_or_ipo_noise,2,0.604,,금리;채권,,candidate_hybrid,1,0.65,0.35
"[투데이증시] ""코스닥 살아나나""...반도체 조정 틈타 바이오주 강세","ⓒ투데이신문 국제유가와 미국 장기물 국채 금리가 하락하며 미국 기술주들이 급등했지만, 코스피는... 가운데, 채권과 주식 시장이 동반 강세를 보였다. 다우존스30 산업평균지수는 전 거래일보다 693.38포인트...",https://www.ntoday.co.kr/news/articleView.html?idxno=128553,6,0.4455,1,keep,candidate_hybrid_keep_overseas_global_reference,6,0.4455,국채,주식;코스닥,,candidate_hybrid,1,0.65,0.35
[노현우의 채권분석] 집착 과도하다는데…큰 그림 어떨까,4일 서울 채권시장은 국내 소비자물가 지표와 국고채 초장기 입찰을 소화하며 변동성을 보일 것으로... 다만 미국의 엔화 외환시장 개입에 자국의 장기 국채 금리 안정을 위한 의도가 짙게 깔려 있다고 보면 장기 금리의...,https://news.einfomax.co.kr/news/articleView.html?idxno=4428444,8,0.4502,1,keep,candidate_hybrid_keep_strong_domain_rule_anchor,8,0.4502,국채;외환시장,금리,,candidate_hybrid,1,0.65,0.35
유가 급락에 뉴욕증시 동반 랠리...나스닥 2%↑·S&P500 최고치 눈앞,"주식과 채권 시장이 동반 상승했다. 브렌트유 선물은 전 거래일보다 4.7% 내린 배럴당 83.77달러... 07%p 내렸고, 30년물 국채금리도 5.23%로 0.05%p 하락했다. 국제 유가는 금융시장 투자심리에 큰 영향을 주는 변수다....",https://www.thepublic.kr/news/articleView.html?idxno=313674,6,0.4973,0,drop,candidate_hybrid_drop_generic_market_or_ipo_noise,6,0.4973,국채금리,채권,,candidate_hybrid,1,0.65,0.35
[데일리 머니마켓] 또 트럼프 한마디에 유가 급락,"◆채권시장 유가 하락에 미국 장기금리가 하락했다. 미국 국채 2년물은 전 거래일보다 3bp(4.28%) 하락한 4.25%에, 10년물은 5bp(4.75%) 하락한 4.70%에, 30년물은 4bp(5.27%) 하락한 5.23%에 각각 거래를 마쳤다. 로이터는...",https://www.bigtanews.co.kr/article/view/big202608040005,3,0.5287,0,drop,candidate_hybrid_drop_generic_market_or_ipo_noise,3,0.5287,국채,,,candidate_hybrid,1,0.65,0.35
"우리금융 '신종자본증권' 발행···비은행 자본 부담 방어, 묘수?",여기에 부동산 프로젝트파이낸싱(PF) 익스포저 비중이 높은 캐피탈·저축은행·부동산신탁·증권 등 비은행 계열사 상당수는 고금리·내수 부진 환경에서 수익성 변동성이 커질 수밖에 없다. 경기 둔화가 길어지고...,http://www.finomy.com/news/articleView.html?idxno=258557,16,0.6675,1,keep,candidate_hybrid_keep_strong_domain_rule_anchor,16,0.6675,저축은행;캐피탈;pf;프로젝트파이낸싱,,,candidate_hybrid,1,0.65,0.35
코스피 훈풍 탄 온투업…6년 전 규제에 갇혔다,온투업법은 2020년 8월 시행 당시 개인투자자 자금을 모아 부동산담보대출과 프로젝트파이낸싱(PF)에... 여기에 저축은행과 연계한 중금리 개인신용대출도 새로운 성장축으로 자리 잡으면서 온투업 시장은 '부동산 P2P...,https://www.etnews.com/20260803000252,15,0.5695,1,keep,candidate_hybrid_keep_strong_domain_rule_anchor,15,0.5695,저축은행;pf;프로젝트파이낸싱,코스피,,candidate_hybrid,1,0.65,0.35
[Invest]회사채 한파에 유동화 쏠림 심화…짧은 만기에 차환 리스크도 커...,"올해 들어 금리 상승과 크레딧 스프레드 확대 영향으로 장기 회사채 발행 여건이 악화됐기 때문이다. 올해 상반기 회사채 발행액은 46조6594억원, 상환액은 51조5881억원으로 발행보다 상환 규모가 더 큰 것으로 나타났다....",https://www.investchosun.com/site/data/html_dir/2026/08/04/2026080480176.html,8,0.5834,0,drop,candidate_hybrid_gray_drop_generic_anchor_only,8,0.5834,회사채;스프레드,금리,,candidate_hybrid,1,0.65,0.35
회사채 15% 줄 때 단기사채 90% 늘었다…기업 차환 부담 '경고등',"[사진=금융감독원] 기업들이 올해 상반기 회사채와 주식을 통한 장기성 자금조달은 줄인 반면 기업어음... 신용스프레드 확대, 유동성 경색 국면에서 차환 비용이 빠르게 높아질 수 있다는 점을 우려하고 있다...",https://www.greened.kr/news/articleView.html?idxno=346767,19,0.5665,1,keep,candidate_hybrid_keep_strong_domain_rule_anchor,19,0.5665,금융감독원;회사채;cp;스프레드;유동성,,,candidate_hybrid,1,0.65,0.35
금리 불안에 회사채 개점휴업…증시 불장에 단기사채·CP 사상 최대,"김은기 삼성증권 연구원은 ""단기 금리 대비 회사채 조달 코스트(비용)가 높아서 회사채 발행 니즈(수요)가 크지 않을 것""이라며 ""금리 인상 시기로 회사채 투자 수요도 좋지 않아 발행 스프레드(금리격차)가 확대될...",https://www.mt.co.kr/stock/2026/08/04/2026080410333345212,11,0.7303,0,drop,candidate_hybrid_drop_generic_market_or_ipo_noise,11,0.7303,회사채;cp;스프레드,금리,,candidate_hybrid,1,0.65,0.35
"엔화 5% 급등, 캐리트레이드 흔든다",반면 신흥국 채권과 미국 회사채는 가격이 하락하고 신용스프레드가 벌어질 수 있다. 2024년 8월 엔 캐리청산 때 토픽스는 하루 12% 급락하고 변동성지수(VIX)는 60을 넘었다. 아직 전면적인 투매 단계는 아니다. 달러·엔이...,https://www.naeil.com/news/read/597689?ref=naver,4,0.5452,1,keep,candidate_hybrid_keep_overseas_global_reference,4,0.5452,스프레드,달러,,candidate_hybrid,1,0.65,0.35
ABS 136조원 외형 성장 그늘···기업 단기조달·공적보증 의존 커져,"자본비율과 유동성을 관리할 수 있다. 한국신용평가 통계는 신용평가사 4곳이 등급을 부여한 ABCP와 ABSTB, 사모·공모 ABS, 수익증권과 커버드본드 등을 포괄한다. 금융감독원이 집계한 자산유동화법상...",https://www.newsfreezone.co.kr/news/articleView.html?idxno=702473,10,0.5075,1,keep,candidate_hybrid_keep_strong_domain_rule_anchor,10,0.5075,금융감독원;abcp,,,candidate_hybrid,1,0.65,0.35
증시 활황·금리 부담에 상반기 단기사채 발행 990조원 '역대 최대',"미수금과 회사채, 정기예금 등을 기초자산으로 발행하는 기타 자산유동화기업어음(ABCP)도 7조966억원... 단기사채와 CP는 기업이 운전자금이나 일시적인 유동성을 확보하기 위해 주로 활용하는 단기 조달...",https://www.thepublic.kr/news/articleView.html?idxno=313781,12,0.4705,1,keep,candidate_hybrid_keep_strong_domain_rule_anchor,12,0.4705,회사채;abcp;cp,금리,,candidate_hybrid,1,0.65,0.35
"장기자금 말랐다…기업·금융사, 1273조 단기시장으로 몰려","일반 CP와 프로젝트파이낸싱 자산유동화기업어음(PF-ABCP), 기타 ABCP가 모두 늘었다. 상반기말 CP 잔액도... 확대보다 유동성 관리와 만기 대응을 우선하고 있음을 보여준다. 시장에서는 단기물 발행 급증이...",http://www.joseilbo.com/news/news_read.php?uid=573175&class=18&grp=,19,0.6296,1,keep,candidate_hybrid_keep_strong_domain_rule_anchor,19,0.6296,pf;프로젝트파이낸싱;abcp;cp;유동성,,,candidate_hybrid,1,0.65,0.35
[더벨][IB 풍향계] 하반기 IPO 'NH·삼성·미래에셋' 3파전 예고,"다수의 IB들은 올 한해 IPO 리그테이블 향방이 하반기 등판을 앞둔 구다이글로벌과 무신사 등에 달려있다고 분석한다. 구다이글로벌 딜의 대표 주관사는 미래에셋증권이며, NH투자증권은 외국계 증권사와 함께 공동...",https://www.thebell.co.kr/free/content/ArticleView.asp?key=202608041445182640101182,4,0.6821,0,drop,candidate_hybrid_drop_generic_market_or_ipo_noise,4,0.6821,ipo,,,candidate_hybrid,1,0.65,0.35
"'WM·S&T'發 성장 견인...KB증권, 영업익 ""1조 시대"" 개막","주요 증권사 가운데 1위를 기록했다. 1년 수익률은 DC 60.13%, IRP 52.98%였으며, 3년 수익률은 각각 24.47%, 23.33... 중심으로 IPO 주관 경쟁력을 강화할 예정""이라고 밝혔다. 이어 ""프리IPO 투자와 벤처캐피털(VC) 네트워크를...",https://www.youthdaily.co.kr/news/article.html?no=224436,7,0.5966,0,drop,candidate_hybrid_drop_generic_market_or_ipo_noise,7,0.5966,증권사;ipo,,,candidate_hybrid,1,0.65,0.35
[Who Is ?] 박종문 삼성증권 대표이사 사장,"케이뱅크 상장 주관, 화성코스메틱 인수금융, 나우코스 공개매수 등 딜을 수행했다. 박종문은 대표이사... 증권사는 기업을 상대로 기업공개(IPO), 회사채 발행, 인수금융, 자금 운용, 퇴직연금 등을 맡을 수 있다....",https://www.businesspost.co.kr/BP?command=article_view&num=441847,8,0.4247,0,drop,candidate_hybrid_drop_generic_market_or_ipo_noise,8,0.4247,회사채;ipo,,,candidate_hybrid,1,0.65,0.35
‘2028년 코스닥 상장’ 업계 첫 사례 노리는 빗썸…목표 도달 가능할까,"이후 지난 2023년 삼성증권을 대표 상장 주관사로 선정해 올해를 목표로 IPO 재추진을 선언했지만, 준비... 투자업계 관계자는 “현재 업비트 운영사 두나무와 코인원, 코빗 등 가상자산거래소들은 증권사나 다른 산업...",https://www.kukinews.com/article/view/kuk202608040180,29,0.7959,1,keep,candidate_hybrid_keep_strong_domain_rule_anchor,29,0.7959,ipo;가상자산;가상자산거래소;업비트;빗썸;코빗,코스닥,,candidate_hybrid,1,0.65,0.35
카카오페이 “손해보험 손익분기점 앞당길 것…증권은 IB 단계적 확장”,카카오페이증권에 대해선 투자매매업 인가를 계기로 IPO 관련 업무를 포함해 IB 영역의 사업을 단계적으로... 기반 증권사로서의 역량을 쌓아 기술기업 및 관련 스타트업에 대한 주관 또는 대표 주관 업무 수행까지 하는...,https://www.ekn.kr/web/view.php?key=20260804020439519,7,0.4736,1,keep,candidate_hybrid_gray_keep_domain_score_ge_threshold,7,0.4736,손해보험;ipo,,,candidate_hybrid,1,0.65,0.35
중복상장 규제·폭등 장세에 상반기 IPO 시장 ‘흉년’,IPO 시장 부진으로 올해 상반기 주요 증권사의 IB수수료 수익도 전년 동기 대비 감소했다. 그동안 IPO 주관을 통해 좋은 성적을 거뒀던 KB증권은 올해 상반기 IB수수료 수익으로 1318억원을 벌었는데 이는 지난해...,https://www.segye.com/newsView/20260804518578?OutUrl=naver,4,0.4977,0,drop,candidate_hybrid_drop_generic_market_or_ipo_noise,4,0.4977,ipo,,,candidate_hybrid,1,0.65,0.35
"카카오페이증권, 2분기 영업익 396억원…IPO·IB로 성장축 확대",종합증권사 도약 신호철 카카오페이증권 대표 [사진=카카오페이증권] [뉴스투데이=염보라 기자]... 기업공개(IPO) 주관 및 대표주관 업무까지 확대할 계획이다. 잔액인수와 스팩 상장 등 기업금융 업무도 검토한다. 한...,https://www.news2day.co.kr/article/20260804500248,4,0.5022,0,drop,candidate_hybrid_drop_generic_market_or_ipo_noise,4,0.5022,ipo,,,candidate_hybrid,1,0.65,0.35
"[VC 밸류업] HB인베스트먼트, 후속투자부터 사업 연계까지…데스밸리 극...","이후 기업공개(IPO) 주관사 선정과 상장 전략 수립을 지원하며 최초 투자금 대비 약 15배의 회수 성과를... CFO 추천, 주관 증권사 선정, 투자 전 실사 등을 지원했고 투자 이후 3년 만에 조기 상장을 추진했다. 2009년...",https://www.topdaily.kr/articles/111295,7,0.6442,0,drop,candidate_hybrid_drop_generic_market_or_ipo_noise,7,0.6442,증권사;ipo,,,candidate_hybrid,1,0.65,0.35
IPO 리그테이블 판 뒤집힌다…무신사·소노 등 하반기 대어 확보전,"4일 한국거래소에 따르면 지난 3일 기준 증권사 IPO 주관 실적 1위는 NH투자증권이다. NH투자증권은 총 8개사 주관, 공모총액은 6794억7000만원을 기록했다. 2위는 삼성증권이다. 기업 수는 3개사에 그쳤지만 올해 상반기 IPO...",https://www.sidae.com/article/2026080416210151595,8,0.6919,0,drop,candidate_hybrid_drop_generic_market_or_ipo_noise,8,0.6919,증권사;ipo,실적,,candidate_hybrid,1,0.65,0.35
"[더벨][Policy Radar] 금감원, 증권사 ECM 임원 소집…IPO·유증 제도 점...",4일 투자은행(IB) 업계에 따르면 금융감독원은 이달 28일 서울 여의도 금융투자협회에서 'IPO·유상증자 주관업무 관련 증권사 간담회'를 개최한다. 간담회는 이승우 금융감독원 공시조사 부원장보 주재로 진행되며 이동규...,https://www.thebell.co.kr/free/content/ArticleView.asp?key=202608041546079400105694,19,0.8105,1,keep,candidate_hybrid_keep_strong_domain_rule_anchor,19,0.8105,금융감독원;금감원;증권사;ipo,,,candidate_hybrid,1,0.65,0.35
"가상자산 거래소, IPO 경쟁 점화…빗썸 상장 본궤도","투자업계는 빗썸이 주요 가상자산 거래소 가운데 가장 앞선 IPO 절차를 밟고 있는 것으로 보고 있다. 한 증권사 관계자는 ""현재까지 빗썸 외 두나무나 코인원, 코빗 등이 주관사를 선정한 것으로 알려진 사례는 없다""며...",http://www.ftoday.co.kr/news/articleView.html?idxno=363052,20,0.9092,1,keep,candidate_hybrid_keep_strong_domain_rule_anchor,20,0.9092,증권사;ipo;가상자산;빗썸;코빗,,,candidate_hybrid,1,0.65,0.35
"신호철號 카카오페이증권, 상반기 영업익 전년 연간치 상회…예탁자산...","종합증권사로의 기반을 구축하고자 한다""고 밝혔다. 단기적으로는 IB 관련 사업 기회를 포착하고 시장에 진입할 방침이다. IPO(기업공개) 주관, 인수단 참여 및 법인영업 시장 진입 등 계획이다. 중장기로는 사업...",https://www.fntimes.com/html/view.php?ud=202608041550033529179ad43907_18,4,0.5049,0,drop,candidate_hybrid_drop_generic_market_or_ipo_noise,4,0.5049,ipo,,,candidate_hybrid,1,0.65,0.35
가상자산 거래소 빗썸 2028년 상장 재도전 목표로 내부통제 고도화 채비...,"국내외 대형 증권사, 법무법인 등 외부 전문기관과 협력해 임직원 준법감시 프로세스도 강화하고 있다.... 2023년 11월 삼성증권을 대표주관사로 선정하며 재추진에 나섰고 지난해 4월에는 인적분할을 위한 증권신고서를...",https://www.huffingtonpost.kr/article/259234,12,0.8037,1,keep,candidate_hybrid_keep_strong_domain_rule_anchor,12,0.8037,증권사;가상자산;빗썸,,,candidate_hybrid,1,0.65,0.35
회사채 위축·단기사채 급증…증권사 자금조달 확대,"특히 증권사를 중심으로 단기 조달 수요가 폭증했다. 4일 금융감독원이 발표한 ‘2026년 상반기... 기업공개(IPO), 회사채 발행 주관, 인수금융 등 기업금융(IB) 업무 확대에 따른 단기 운전자금 수요도 늘어난...",https://www.naeil.com/news/read/597579?ref=naver,17,0.6853,1,keep,candidate_hybrid_keep_strong_domain_rule_anchor,17,0.6853,금융감독원;증권사;회사채;ipo,,,candidate_hybrid,1,0.65,0.35
"빗썸, 2028년 IPO 목표 공식화···내년 상장 예심 청구","IPO 준비를 위해 국내외 대형 증권사(상장 주관사)와 법무법인, 회계법인 등 외부 전문기관과도 협업 체계를 구축했다. 기업가치 산정과 법률 리스크 점검, 상장 예비심사 대응 전략 등을 검토해 상장 요건을 갖춰나갈...",https://www.seoulfn.com/news/articleView.html?idxno=634844,12,0.758,1,keep,candidate_hybrid_keep_strong_domain_rule_anchor,12,0.758,증권사;ipo;빗썸,,,candidate_hybrid,1,0.65,0.35
"[DB속이야기]신한투자증권, 역대 최대 실적에도 IPO ‘역주행’",같은 기간 IPO 주관을 실시한 증권사 10개사 가운데에서도 신한투자증권의 감소폭이 가장 컸으며 KB증권(-6건)·키움증권(-7건)이 뒤를 이었다. IPO 실적 감소는 이 대표 취임 이후 두드러졌다. 신한투자증권은 지난해...,https://www.nspna.com/news/?mode=view&newsid=822838,8,0.6604,0,drop,candidate_hybrid_drop_generic_market_or_ipo_noise,8,0.6604,증권사;ipo,실적,,candidate_hybrid,1,0.65,0.35
[금융현미경]보험으로 들어온 스테이블코인…결제부터 자동 보상까지,"또 보험사가 스테이블코인을 자산으로 보유하거나 운용할 수 있는지, 책임준비금과 신지급여력제도(K-ICS·킥스) 비율을 산출할 때 어떻게 평가할지에 대한 기준도 미비하다. 보험금 자동 지급을 위한 과제도 남아 있다....",https://view.asiae.co.kr/article/2026080410155876088,10,0.7535,1,keep,candidate_hybrid_keep_strong_domain_rule_anchor,10,0.7535,킥스;스테이블코인,,,candidate_hybrid,1,0.65,0.35
"강병관 신한EZ손보 대표, 적자 개선·영업강화 특명…하반기 성과 가시...","<편집자 주> 강병환 신한EZ손해보험 대표가 신한금융 '부스트업'으로 적자 개선, 영업 강화 특명 수행을 위해... 신한EZ손보 관계자는 ""작년 킥스비율을 제고하기 위해 영업 활성화 보다는 건전성 제고에 집중해 영업 채널이...",https://www.fntimes.com/html/view.php?ud=2026073022225218318a55064dd1_18,5,0.5498,0,drop,candidate_hybrid_gray_drop_score_lt_threshold,5,0.5498,손해보험,건전성,,candidate_hybrid,1,0.65,0.35
"NH농협손보, 보험손익 8배…성장투자손익 흔들려도 본업 뛰어","현금이나 당기순이익은 아니지만, 신계약의 수익성과 향후 보험이익의 기반을 가늠하는 지표다. 자본건전성 개선 폭도 컸다. 상반기 말 지급여력제도(K-ICS·킥스) 비율은 추정치 기준 226.47%로 전년 동기 164.22%보다...",https://sateconomy.co.kr/news/view/1065592632935359,5,0.4932,0,drop,candidate_hybrid_gray_drop_score_lt_threshold,5,0.4932,킥스,,,candidate_hybrid,1,0.65,0.35
"1조원대로 몸값 낮췄는데 안 팔렸다 … JKL, 롯데손보 공개매각 전환",뉴데일리 박정연 기자 = 신한금융지주와 가격 협상에서 이견을 좁히지 못한 롯데손해보험이 공개매각으로... 롯데손보의 1분기 말 기본자본 지급여력(K-ICS·킥스) 비율은 -21.4%를 기록했다. 경과조치 적용 전 기본자본은...,https://biz.newdaily.co.kr/site/data/html/2026/08/04/2026080400200.html,8,0.7549,1,keep,candidate_hybrid_keep_strong_domain_rule_anchor,8,0.7549,손해보험;킥스,,,candidate_hybrid,1,0.65,0.35
한화금융 짊어진 김동원 … 글로벌 종합금융 승부수 [이슈메이커],"김동원 부회장은 한화생명을 중심으로 한화손해보험, 한화투자증권, 한화자산운용 등 금융 계열사의 성장... 한화생명의 올해 1분기 지급여력(K-ICS·킥스) 비율은 162.1%로 반등했지만 생보 빅3(삼성·한화·교보생명)...",https://biz.newdaily.co.kr/site/data/html/2026/08/04/2026080400144.html,9,0.6582,1,keep,candidate_hybrid_keep_strong_domain_rule_anchor,9,0.6582,손해보험;킥스,금융,,candidate_hybrid,1,0.65,0.35
부회장 오른 한화생명 김동원…해외사업 확장 넘어 결실 맺을까,한화생명의 올해 1분기 신지급여력제도(K-ICS·킥스) 비율은 전 분기보다 4.5%포인트 상승한 162%로 예상됐다. 향후에는 해외사업의 성장과 함께 보험손익 및 자본구조를 안정적으로 관리하는 능력도 중요해질 전망이다....,https://news.tf.co.kr/read/economy/2350293.htm,5,0.6511,1,keep,candidate_hybrid_model_keep_prob_ge_threshold_with_domain_anchor,5,0.6511,킥스,,,candidate_hybrid,1,0.65,0.35
"[보험사 M&A] [KDB생명] 태광, 인수시 흥국생명 6위권 도약...자본 부담 ...","자산 40조원 규모로 확대...자산운용·영업기반 확대 시너지 '뚜렷' 취약한 재무건전성·고금리 보험부채... 올해 1분기 KDB생명의 경과조치 전 지급여력(K-ICS, 킥스)비율은 74.54%로 규제치(100%)를 밑돌았다....",https://www.topdaily.kr/articles/111275,8,0.7071,1,keep,candidate_hybrid_keep_strong_domain_rule_anchor,8,0.7071,보험사;킥스,,,candidate_hybrid,1,0.65,0.35
채권 줄이고 주식 늘린 보험사… 보유 규모 1년 새 4배 급증,킥스 비율은 보험사가 사고 발생 시 보험금을 제대로 줄 수 있는지 평가하기 위해 만든 지표다. 생보사들은 최근 보험 수익이 악화하면서 이를 만회하기 위해 주식 투자를 늘리는 것으로 보인다. 생보사 22곳의 올해...,https://biz.chosun.com/stock/finance/2026/08/04/HLXU6YPCRVBTZI4HVZGA4MB7VQ/?utm_source=naver&utm_medium=original&utm_campaign=biz,14,0.3891,1,keep,candidate_hybrid_keep_strong_domain_rule_anchor,14,0.3891,보험사;생보사;킥스,주식;채권,,candidate_hybrid,1,0.65,0.35
"보험사, 병원·디지털헬스 협업 확대…예방관리 경쟁",지난해 실손보험 보험료수익은 18조원으로 지난해보다 10.0% 증가했지만 지급보험금은 17조원으로 11.4%가 늘었다. 보험손익은 1조8700억원 적자를 기록했고 경과손해율은 101.0%로 1.7%p 올랐다. 전체 지급보험금의 64.0%가...,http://www.hansbiz.co.kr/news/articleView.html?idxno=854352,3,0.2734,0,drop,candidate_hybrid_model_drop_prob_le_threshold,3,0.2734,보험사,,,candidate_hybrid,1,0.65,0.35
"보험, 많이 들수록 좋다?…“다섯손가락만 기억하면 아낄 수 있다”",월 실수령액이 300만원인 3인 가족이라면 가족 전체 보험료를 월 30만원 이내로 맞추는 식이다. 여기에는 실손의료보험과 질병보험뿐 아니라 운전자보험 등 별도로 가입한 보험도 모두 포함해야 한다. 가족별 배분도...,https://www.nongmin.com/article/20260804500043,0,0.28,0,drop,candidate_hybrid_model_drop_prob_le_threshold,0,0.28,,,,candidate_hybrid,1,0.65,0.35
"도수치료 막히자 ""이건 어때요?""…유사 '비급여 치료' 꼼수","또다른 보험료 인상 사태로 이어질 수 있단 겁니다. 실제 7월 이전, 이 병원의 신장분사 치료 단가는... 보건복지부는 의료기관의 진료 행태와 실손보험 청구 추이를 주의 깊게 지켜보고 대책을 마련할 계획입니다....",https://news.jtbc.co.kr/article/NB12311683?influxDiv=NAVER,1,0.2029,0,drop,candidate_hybrid_model_drop_prob_le_threshold,1,0.2029,,보험료,,candidate_hybrid,1,0.65,0.35
도수치료 치료횟수 제한에…실손보험 누수 줄여야 한다지만 반발 여전,업계 관계자는 “실손의 보험금 적자가 줄어들면 해마다 오르는 실손의 보험료 인상 폭이 줄어드는 등 전체 가입자의 실익도 있을 수 있다”며 “과거 실손을 운영했던 보험사가 누적된 적자로 판매를 중지하는 곳이...,https://www.mk.co.kr/article/12116370,1,0.1879,0,drop,candidate_hybrid_model_drop_prob_le_threshold,1,0.1879,,보험료,,candidate_hybrid,1,0.65,0.35
40도 넘나드는 폭염…실손 빈틈 메우는 '100원 미니보험',"따라서 실손보험으로 치료비를 보장받았더라도 별도로 가입한 미니보험에서 진단비 수령이 가능합니다. 미니보험은 대개 수개월~1년 만기 형태로, 보험료를 지불하면 보험 기간 온열질환 진단 시 진단비를 지급하는...",http://www.newstomato.com/ReadNews.aspx?no=1309152&inflow=N,1,0.2537,0,drop,candidate_hybrid_model_drop_prob_le_threshold,1,0.2537,,실손,,candidate_hybrid,1,0.65,0.35
생보사 암보험 경쟁 격화…‘배타적사용권’ 쟁탈전,한화생명은 자체 보험금 청구 데이터와 실손보험 데이터를 분석해 기존 암보험의 보장 공백으로 남아 있던... ‘AI 라이프케어 암보험’은 업계 최초로 자체 구축한 생성형 AI를 활용해 개인 건강등급을 보험료 할인과...,https://www.kukinews.com/article/view/kuk202608040076,4,0.2275,0,drop,candidate_hybrid_model_drop_prob_le_threshold,4,0.2275,생보사,보험료,,candidate_hybrid,1,0.65,0.35
"금융지주 보험사, 손해율이 실적 갈랐다",신한EZ손해보험도 순손실 규모가 157억원에서 182억원으로 늘었다. 손해보험사는 보험료를 올리는 데... 특히 자동차보험과 실손·건강보험 등 장기보험의 손해율이 함께 상승하면서 보험 본업의 수익성이 압박받은...,http://www.bizwnews.com/news/articleView.html?idxno=142245,8,0.2486,1,keep,candidate_hybrid_keep_strong_domain_rule_anchor,8,0.2486,보험사;손해보험,실손;실적,,candidate_hybrid,1,0.65,0.35
[이슈체크] 빅테크 첫 금융복합기업집단 된 토스…각종 운영논란 속 그...,이에 따라 토스는 은행·증권 등 인허가 금융회사뿐 아니라 계열 전자금융업자까지 아우르는 그룹 차원의... 금감원 검사 결과 토스증권은 2021년 8월부터 2024년 7월까지 전자금융거래약관을 변경하면서 금융당국 보고를...,https://www.thepublic.kr/news/articleView.html?idxno=313405,12,0.5965,1,keep,candidate_hybrid_keep_strong_domain_rule_anchor,12,0.5965,금감원;은행;검사,,,candidate_hybrid,1,0.65,0.35
"[Invest]금감원, 은행 ETF 신탁 '2주 검사'…수수료 넘어 불완전판매까지...",4일 금융권에 따르면 금감원은 5개 시중은행과 SC제일은행 등 주요 은행을 대상으로 ETF 신탁 관련 현장검사를 진행할 예정이다. 오는 10일부터 KB국민·우리·NH농협은행 검사를 진행한 뒤 신한·하나·SC제일은행을 차례로...,https://www.investchosun.com/site/data/html_dir/2026/08/04/2026080480139.html,21,0.7384,1,keep,candidate_hybrid_keep_strong_domain_rule_anchor,21,0.7384,금감원;은행;시중은행;검사;불완전판매,수수료,,candidate_hybrid,1,0.65,0.35
(토마토칼럼)'소비자보호 정책 실패' 책임은 누가 지나,"이억원 금융위원장은 국민의 신뢰에 부응하지 못했다며 ""송구하다""고 했고 금감원장은 ""드러누워서라도... 물론 은행 검사에서 실제 위법이나 불완전판매가 확인된다면 그에 맞는 제재도 필요하다. 그러나 금융사만 문제...",http://www.newstomato.com/ReadNews.aspx?no=1309167&inflow=N,13,0.7175,1,keep,candidate_hybrid_keep_strong_domain_rule_anchor,13,0.7175,금융위;은행;불완전판매,,,candidate_hybrid,1,0.65,0.35
수수료 바가지 vs 고객 위한 안전벨트…은행 ETF 신탁 '시각차',"KB국민·우리·NH농협은행은 오는 10일부터 현장검사를 받고 신한·하나·SC제일은행도 이달 중 검사를 받을 예정이다. 금감원은 은행이 낮은 목표수익률이나 선취수수료를 사실상 유도했는지, 수수료 구조와 반복...",https://www.insightkorea.co.kr/news/articleView.html?idxno=251638,4,0.4551,0,drop,candidate_hybrid_gray_drop_score_lt_threshold,4,0.4551,은행,수수료,,candidate_hybrid,1,0.65,0.35
"금감원, 은행 신탁 ETF 검사…수수료·설명의무 정조준",6개 은행 10일부터 검사 4일 금융권에 따르면 금감원은 오는 10일부터 KB국민·우리·NH농협은행을 대상으로 ETF 신탁 현장검사에 들어갑니다. 신한·하나·SC제일은행도 이달 중 순차적으로 검사를 시작합니다. 금감원은...,http://www.newstomato.com/ReadNews.aspx?no=1309145&inflow=N,13,0.6957,1,keep,candidate_hybrid_keep_strong_domain_rule_anchor,13,0.6957,금감원;은행;검사,수수료,,candidate_hybrid,1,0.65,0.35
"""ELS 사고 나면 준법감시인 징계받고 옷 벗으라""…은행권 '발칵'","금감원이 은행들과 세 차례 회의를 통해 개선안을 마련한 것으로, 은행권 의견을 수렴해 비예금상품 모범규준에 반영할 계획이다. 자율규제인 모범규준은 법적 구속력은 없지만 감독당국이 검사 시 준수 여부를 확인하기...",https://news.einfomax.co.kr/news/articleView.html?idxno=4428468,7,0.7508,1,keep,candidate_hybrid_model_keep_prob_ge_threshold_with_domain_anchor,7,0.7508,은행권;검사,,,candidate_hybrid,1,0.65,0.35
"하나금융, 은행장 선임 과정에 지주 회장 입김 줄인다","지난해 말 5주간의 종합검사를 실시한 결과로, 특히 지주 회장이 계열사 경영승계 과정에서 과도하게 입김을 행사하고 있다는 점을 지적했다. 금감원은 하나금융이 하나은행장을 선임하는 과정에 은행 임원후보추천위원회...",https://news.einfomax.co.kr/news/articleView.html?idxno=4428455,3,0.4934,0,drop,candidate_hybrid_gray_drop_score_lt_threshold,3,0.4934,은행,,,candidate_hybrid,1,0.65,0.35
[단독] 롯데카드 전·현직 CISO 모두 정직 확정…4년 동종업계 취업 제한...,"5개월 정지와 과징금 50억원을 의결한 것과 별도로 금융감독원이 확정한 조치다. 금감원은 패치 미적용... 한 금융회사 CISO는 데일리시큐와 통화에서 ""보안 사고에 대한 책임은 당연히 져야 하지만 실제 예산과 인력...",https://www.dailysecu.com/news/articleView.html?idxno=207919,9,0.6709,1,keep,candidate_hybrid_keep_strong_domain_rule_anchor,9,0.6709,금융감독원;과징금,,,candidate_hybrid,1,0.65,0.35
'내부고발' 대표 내쫓고 '해고 임원' 앉히나…타이거대체 '거꾸로 가는...,판단해 금감원에 신고했다고 설명했다. 직무정지 받은 대표는 운용팀장으로…직함만 바꾼 계열사의 '우회 복귀' 논란 이번 사태는 타이거대체 지분 50%를 보유한 타이거자산운용의 과거 금융당국 제재와도 맞물렸다....,https://www.ppss.kr/news/articleView.html?idxno=304156,0,0.5874,0,drop,candidate_hybrid_gray_drop_score_lt_threshold,0,0.5874,,,,candidate_hybrid,1,0.65,0.35
"한국교통자산운용, 대주주 등에 51억원 빌려 줬다가 기관주의와 과징금...","금감원, 관련 임원 1명 주의적경고 조치와 이미 퇴직한 임직원 2명 위법·부당사항 통보 한국교통자산운용이 대주주와 특수관계인에게 51억원이 넘는 회사 자금을 빌려줬다가 금융당국의 제재를 받았다. 회사는 원금과...",https://www.livesnews.com/news/article.html?no=63165,9,0.6481,1,keep,candidate_hybrid_keep_strong_domain_rule_anchor,9,0.6481,금감원;과징금,,,candidate_hybrid,1,0.65,0.35
[금융그룹/삼성③] 몸집 커졌지만...내부통제 곳곳 '빨간등',인사관리 ▲제재 기준 등 핵심 분야 전반의 미비점을 지적했다. 제재나 처벌이 아닌 행정지도 성격의... 금감원은 경영 유의사항에서 대표금융회사가 매년 내부통제기준 운영 상황을 평가·점검하면서도 '내부통제를...,https://www.dailybrief.co.kr/news/articleView.html?idxno=6429,3,0.5546,0,drop,candidate_hybrid_gray_drop_score_lt_threshold,3,0.5546,제재,,,candidate_hybrid,1,0.65,0.35
[대출 규제 역설] 잔금 풀고 LTV 묶고…예외만 늘어나는 '핀셋지원',"5일 금융권에 따르면 금융위원회는 최근 논란이 된 신축 아파트 잔금대출 보완 방안을 논의 중인 것으로... 이에 이 대통령은 ""경계를 그을 때 상처 입는 사람들이 최소화될 수 있게 할 필요가 있다""며 제도 개선을 주문했다....",https://www.dailian.co.kr/news/view/1674363/?sc=Naver,16,0.5694,1,keep,candidate_hybrid_keep_strong_domain_rule_anchor,16,0.5694,금융위원회;금융위;ltv,대출,,candidate_hybrid,1,0.65,0.35
"[기획취재]⑥ 신한은행, 20년 수성 인천시 금고 '흔들'…""지역 재투자 최...",개진이나 제도개선 요구를 넘어 사실상 하나은행을 겨냥한 것으로 평가된다. 이에 앞서 인천경실련은... 지역 금융권 안팎에서는 '하나은행 우세론'이 급부상하고 있다. 하나은행은 금융위 지역재투자 평가에서 최고...,https://www.ngonews.kr/news/articleView.html?idxno=234364,9,0.5036,1,keep,candidate_hybrid_keep_strong_domain_rule_anchor,9,0.5036,금융위;제도개선,,,candidate_hybrid,1,0.65,0.35
중복상장 규제 강화…'쪼개기 상장' 논란 잠재울까,◇ 반복된 '쪼개기 상장' 논란…기존 주주는 불만 4일 금융권에 따르면 금융위원회는 지난달 31일 정례회의에서 중복상장 제도 개선을 위한 한국거래소 상장·공시규정 개정안을 승인했다. 개정 규정과 중복상장 관련...,https://www.straightnews.co.kr/news/articleView.html?idxno=308249,12,0.7842,1,keep,candidate_hybrid_keep_strong_domain_rule_anchor,12,0.7842,금융위원회;금융위,,,candidate_hybrid,1,0.65,0.35
[N2 포커스] STO 세부안 8월 말 발표 유력…정형증권 토큰화는 다음에,[그림=챗GPT] [뉴스투데이=염보라 기자] 금융당국 안팎에서 이달 중순으로 거론됐던 토큰증권(STO) 세부 기준 발표 시점이 이달 말로 넘어갈 가능성에 무게가 실린다. 논의 상황에 따라서는 9월까지 밀릴 수 있다는 전망도...,https://www.news2day.co.kr/article/20260804500143,10,0.8265,1,keep,candidate_hybrid_keep_strong_domain_rule_anchor,10,0.8265,토큰증권;sto,,,candidate_hybrid,1,0.65,0.35
[심성(心性)기획] 코빗 품은 미래에셋…제도권 디지털자산 시장 ‘출입...,"실물연계자산(RWA) 토큰화와 토큰증권(STO), 스테이블코인 등 제도권 디지털자산 시장이 본격화될 미래를 대비해 핵심 금융 인프라를 선점하려는 전략으로 풀이된다. 미래에셋그룹 비금융 계열사인 미래에셋컨설팅은...",https://m.skyedaily.com/news_view.html?ID=308883,24,0.9469,1,keep,candidate_hybrid_keep_strong_domain_rule_anchor,24,0.9469,토큰증권;sto;디지털자산;코빗;스테이블코인,금융,,candidate_hybrid,1,0.65,0.35
"갤럭시아머니트리, STO 사업 추진 주체 ‘갤럭시아에프엔’으로 변경",디지털 금융 전문기업 갤럭시아머니트리는 증권형 토큰 발행(STO·Security Token Offering) 사업의 추진 체계를 자회사 갤럭시아에프엔 중심으로 전환하고 금융 당국에 수익증권 투자중개업 인가 신청서를 제출했다고 4일...,https://biz.chosun.com/stock/finance/2026/08/04/GO4BYGO7ZJE2ZLVXZFEAWCXFIE/?utm_source=naver&utm_medium=original&utm_campaign=biz,6,0.7109,1,keep,candidate_hybrid_model_keep_prob_ge_threshold_with_domain_anchor,6,0.7109,sto,금융,,candidate_hybrid,1,0.65,0.35
"아이티센글로벌, 갤럭시아에프엔씨 지분 93% 인수…STO·RWA 주도권 재편...","토큰증권(STO) 관련 사업 법인의 지배력이 이동한 만큼, 향후 사업 재편과 역할 분담에 관심이 쏠리고 있다. 4일 금융감독원 전자공시시스템에 따르면 갤럭시아머니트리는 지난달 30일 갤럭시아에프엔씨 주식...",https://zdnet.co.kr/view/?no=20260804164004,17,0.8106,1,keep,candidate_hybrid_keep_strong_domain_rule_anchor,17,0.8106,금융감독원;토큰증권;sto,주식,,candidate_hybrid,1,0.65,0.35
"부산연구원 ""동백전 고도화, 디지털화폐 실증 허브 구축을""",연구진은 예금토큰 기반 디지털화폐 실증 협력 도시 참여 가능성과 토큰증권(STO) 제도화를 기회 요인으로 분석했다. 다만 실증 협력 도시 참여 여부는 한국은행이 확정한 사안이 아닌 연구진의 전망이라고 설명했다....,https://www.newsis.com/view/NISX20260804_0003736216,15,0.7129,1,keep,candidate_hybrid_keep_strong_domain_rule_anchor,15,0.7129,한국은행;토큰증권;sto,,,candidate_hybrid,1,0.65,0.35
"갤럭시아머니트리, STO 체제 전환…티로보틱스·SG, 로봇·조달시장 확대",갤럭시아머니트리는 토큰증권(STO) 사업 추진 주체를 자회사로 전환했다. 티로보틱스는 방사성폐기물 관리 현장에 로봇을 투입한다. SG는 대규모 아스콘 공공조달 계약을 바탕으로 공급 지역을 넓힌다....,http://www.thevaluenews.co.kr/news/view.php?idx=200542,10,0.6518,1,keep,candidate_hybrid_keep_strong_domain_rule_anchor,10,0.6518,토큰증권;sto,,,candidate_hybrid,1,0.65,0.35
[가상자산 품은 증권사] [한국투자증권] 코인원 손잡고 리테일 경쟁력 ...,최근 양 사의 첫 협업 서비스까지 공개되면서 향후 원화 스테이블코인·토큰증권(STO)·실물연계자산(RWA) 등 디지털자산 신사업으로 영역을 넓힐 발판을 마련했다는 평가도 나온다. 브로커리지 점유율 확대에 이어...,https://www.topdaily.kr/articles/111288,33,0.9156,1,keep,candidate_hybrid_keep_strong_domain_rule_anchor,33,0.9156,증권사;가상자산;토큰증권;sto;디지털자산;스테이블코인;원화 스테이블코인,원화,,candidate_hybrid,1,0.65,0.35
"[블록체인 칼럼] 토큰증권 시대, 법적 기반은 마련됐지만 진짜 시장은 ...","STO의 진짜 의미는 단순히 자산을 토큰으로 쪼개 파는 데 있지 않다. 그것은 증권의 발행, 보유, 거래, 결제 방식을 디지털 시대에 맞게 다시 설계하는 작업이다. 법적 기반은 마련됐고, 시행 예정일도 정해졌다. 이제 남은...",https://www.etnews.com/20260804000023,10,0.727,1,keep,candidate_hybrid_keep_strong_domain_rule_anchor,10,0.727,토큰증권;sto,,,candidate_hybrid,1,0.65,0.35
"아이티센글로벌, 갤럭시아에프엔 최대주주 됐다…지분 93% 확보",토큰증권(STO) 전문기업인 갤럭시아에프엔 지분 93.27%를 인수했다. 금 유통망을 쥔 아이티센그룹과 전자결제 기반의 갤럭시아 진영이 STO를 매개로 손을 잡았다. 4일 전자공시시스템 갤럭시아에프엔...,https://www.ddaily.co.kr/page/view/2026080415330259498,10,0.74,1,keep,candidate_hybrid_keep_strong_domain_rule_anchor,10,0.74,토큰증권;sto,,,candidate_hybrid,1,0.65,0.35
"[투데이 시그널] 미국 증시, '24시간 가격 형성' 시대…애플·아마존 실...","장기적으로는 거래 시간 확대와 토큰증권(STO), 디지털 자산 기반 금융상품 등 새로운 시장 구조에도 적지 않은 변화를 가져올 것으로 예상된다. 가격은 이제 거래소가 문을 열어야 시작되는 것이 아니다. AI와 24시간...",https://www.koreaittimes.com/news/articleView.html?idxno=155781,10,0.7279,1,keep,candidate_hybrid_keep_strong_domain_rule_anchor,10,0.7279,토큰증권;sto,,,candidate_hybrid,1,0.65,0.35
코인베이스 흔들릴 때 로빈후드는 질주…커지는 '한국판 로빈후드' 미래...,"4일 금융투자업계에 따르면 미래에셋증권은 해외주식과 글로벌 자산관리 경쟁력을 기반으로 토큰증권(STO), 실물자산토큰화(RWA), 디지털자산 시장 확대에 대비한 투자 플랫폼 경쟁력을 꾸준히 강화하고 있다. 국내에서는...",https://www.techm.kr/news/articleView.html?idxno=153973,14,0.7946,1,keep,candidate_hybrid_keep_strong_domain_rule_anchor,14,0.7946,토큰증권;sto;디지털자산,,,candidate_hybrid,1,0.65,0.35
"STO ‘옥석 가리기’ 시장 열린다…평가사, 선점 경쟁",토큰증권(STO) 제도 시행을 앞두고 발행 대상 자산과 상품의 위험을 검증하는 평가시장이 움직이고 있다. 기초자산의 적정가치를 따지는 가치평가에 이어 채권형 토큰증권의 상환 가능성을 분석하는 신용평가 체계도...,https://www.edaily.co.kr/news/newspath.asp?newsid=04473926645544040,10,0.7591,1,keep,candidate_hybrid_keep_strong_domain_rule_anchor,10,0.7591,토큰증권;sto,,,candidate_hybrid,1,0.65,0.35
"부산연구원, 디지털화폐 대응 역량 분석…'블록체인 허브' 필요성 제기","기회 요인으로는 예금토큰 기반 디지털화폐 실증 협력 도시 참여 가능성, 토큰증권(STO) 제도화, 지역화폐 국비 지원 의무화, 외국인 관광객 증가에 따른 관광형 결제 인프라 수요 확대 등을 들었다. 부산항과 관광산업을...",https://www.newspim.com/news/view/20260804000550,10,0.6482,1,keep,candidate_hybrid_keep_strong_domain_rule_anchor,10,0.6482,토큰증권;sto,,,candidate_hybrid,1,0.65,0.35
"아이티센글로벌, 갤럭시아에프엔 지분 93% 인수…STO 주도권 확보",아이티센글로벌이 갤럭시아머니트리에서 설립한 토큰증권(STO) 사업 법인 갤럭시아에프엔의 최대주주로 올라섰다. 갤럭시아머니트리가 준비해 온 STO 사업은 갤럭시아에프엔으로 이관되고 해당 법인의 경영은...,https://www.bloter.net/news/articleView.html?idxno=669911,10,0.7923,1,keep,candidate_hybrid_keep_strong_domain_rule_anchor,10,0.7923,토큰증권;sto,,,candidate_hybrid,1,0.65,0.35
동백전 강점에도…부산 디지털화폐 대응 ‘미완’,"연구진은 예금 토큰 기반 디지털화폐 실증 사업 협력 도시 참여 가능성과 토큰증권(STO) 제도화, 지역화폐 국비 지원 의무화, 외국인 관광객 500만명 시대에 따른 관광 결제 인프라 확대 등을 부산의 기회 요인으로...",https://www.kmib.co.kr/article/view.asp?arcid=9000000660&cp=nv,10,0.7176,1,keep,candidate_hybrid_keep_strong_domain_rule_anchor,10,0.7176,토큰증권;sto,,,candidate_hybrid,1,0.65,0.35
"갤럭시아머니트리, STO 사업 주체 '갤럭시아에프엔'으로 전환","회사 관계자는 ""STO와 토큰증권 시장에서는 기초자산의 신뢰성, 구조화 역량, 투자자 보호 체계가 함께 갖춰져야 한다""며 ""갤럭시아에프엔은 전략적 주주사들과 함께 기초자산의 다양성과 전문성을 확보하고, 제도권...",https://view.asiae.co.kr/article/2026080410422290846,10,0.7151,1,keep,candidate_hybrid_keep_strong_domain_rule_anchor,10,0.7151,토큰증권;sto,,,candidate_hybrid,1,0.65,0.35
"갤럭시아머니트리, STO 추진 체계 '갤럭시아에프엔' 전환","회사 관계자는 ""STO와 토큰증권 시장에서는 기초자산의 신뢰성, 구조화 역량, 투자자 보호 체계가 함께 갖춰져야 한다""며 ""갤럭시아에프엔은 전략적 주주사들과 함께 기초자산의 다양성과 전문성을 확보하고, 제도권...",https://www.cstimes.com/news/articleView.html?idxno=715643,10,0.7314,1,keep,candidate_hybrid_keep_strong_domain_rule_anchor,10,0.7314,토큰증권;sto,,,candidate_hybrid,1,0.65,0.35
"갤럭시아머니트리, STO 사업 주체 '갤럭시아에프엔'으로 변경","회사 관계자는 ""STO와 토큰증권 시장에서는 기초자산의 신뢰성, 구조화 역량, 투자자 보호 체계가 함께 갖춰져야 한다""며 ""갤럭시아에프엔은 전략적 주주사들과 함께 기초자산의 다양성과 전문성을 확보하고, 제도권...",https://www.newsis.com/view/NISX20260804_0003735446,10,0.7083,1,keep,candidate_hybrid_keep_strong_domain_rule_anchor,10,0.7083,토큰증권;sto,,,candidate_hybrid,1,0.65,0.35
"빗썸, KB국민은행과 실명계좌 1년 재계약 논의",가상자산 거래소 빗썸이 KB국민은행과 실명 확인 입출금계정(실명계좌) 재계약 관련 논의를 진행 중인 것으로 확인됐다. 5일 금융권과 가상자산 업계에 따르면 빗썸과 국민은행은 현재 1년 단위의 재계약을 위한 논의를...,https://www.newsis.com/view/NISX20260805_0003736770,9,0.5745,1,keep,candidate_hybrid_keep_strong_domain_rule_anchor,9,0.5745,가상자산;빗썸,,,candidate_hybrid,1,0.65,0.35
[크립토 브리핑] 비트코인 9100만원대 횡보…클래리티법 표류 속 ETF 자금...,5일 오전 8시 10분 기준 국내 가상자산 거래소 빗썸에서 비트코인은 전일 대비 0.53% 오른 9160만원에 거래됐다. 글로벌 시황 사이트 코인마켓캡에서는 6만4180달러 안팎에서 움직였다. 주요 알트코인도 강보합권이다....,https://www.techm.kr/news/articleView.html?idxno=154004,4,0.6898,1,keep,candidate_hybrid_model_keep_prob_ge_threshold_with_domain_anchor,4,0.6898,가상자산,,,candidate_hybrid,1,0.65,0.35
비트코인 6만4000달러선 회복… 美 증시 최고치 경신 영향,5일 오전 8시 40분 글로벌 가상자산 시황 사이트 코인마켓캡에 따르면 비트코인은 6만4126달러에... 위험자산 투자 심리를 회복시켰다는 평가가 나온다. 이날 ICE선물거래소에서 10월 인도분 브렌트유 선물은...,https://biz.chosun.com/stock/finance/2026/08/05/OP62KABXTJEH3DPKOFOVLTSO5I/?utm_source=naver&utm_medium=original&utm_campaign=biz,4,0.6467,0,drop,candidate_hybrid_gray_drop_score_lt_threshold,4,0.6467,가상자산,,,candidate_hybrid,1,0.65,0.35
"비트코인, 9100만원선 강보합…미·이란 완화에 알트코인도 동반↑",비트코인은 이날 오전 8시10분 기준 가상자산 거래소 빗썸에서 24시간 전보다 0.53% 오른 9160만원선에서 거래되고 있다. 달러 기준으로는 코인마켓캡에서 6만4180달러 안팎에서 움직이고 있다. 알트코인도 대체로...,https://www.newsis.com/view/NISX20260805_0003736705,5,0.6655,1,keep,candidate_hybrid_model_keep_prob_ge_threshold_with_domain_anchor,5,0.6655,가상자산,달러,,candidate_hybrid,1,0.65,0.35
[오늘의 비트코인] 美·이란 협상 진전…6만4000달러 회복,"미 가상자산 거래소 코인베이스에 따르면 5일 오전 8시30분 비트코인 1개당 가격은 24시간 전보다 1.38% 상승한 6만4251달러에 거래 중이다. 같은 시간 시가총액 2위 이더리움은 1.07% 상승한 1871달러, 리플(XRP)은 0.35...",https://news.dealsitetv.com/articles/174260,4,0.5887,0,drop,candidate_hybrid_gray_drop_score_lt_threshold,4,0.5887,가상자산,,,candidate_hybrid,1,0.65,0.35
美 S&P500 최고치 경신에 비트코인 6만4000달러선 회복 [디센터 시황],비트코인이 위험자산 투자심리 회복에 힘입어 6만 4000달러선을 회복했다. 호르무즈 해협 재개방... 국내 가상화폐 거래소 빗썸에서 BTC는 24시간 전 대비 0.86% 상승한 9128만 9000원에 거래됐다. ETH는 0.64% 오른...,https://www.decenter.kr/article/20075822?ref=naverdc,0,0.4342,0,drop,candidate_hybrid_drop_generic_market_or_ipo_noise,0,0.4342,,,,candidate_hybrid,1,0.65,0.35
[아주경제 코이너스 브리핑] 위험자산 선호 지속…비트코인 6만4000달러...,아주경제=이성진 기자 leesj@ajunews.com 아주경제 코이너스 브리핑 [사진=아주경제 DB] 주요 가상자산이 동반... 이날 오전 8시 기준 국내 원화 거래소 빗썸에서는 비트코인이 약 9128만6000원(6만4259달러)에 거래됐다....,https://www.ajunews.com/view/20260805081702654,5,0.5669,0,drop,candidate_hybrid_gray_drop_score_lt_threshold,5,0.5669,가상자산,원화,,candidate_hybrid,1,0.65,0.35
미·이란 합의 기대에…비트코인 6.4만달러 회복[코인 모닝콜],코인마켓캡의 ‘CMC 가상자산 공포·탐욕 지수’는 38로 ‘공포’ 구간에 머물렀다. 이 지수는 수치가... 이날 ICE선물거래소에서 10월 인도분 브렌트유 선물은 배럴당 79.36달러로 전장보다 5.3% 떨어졌다....,https://www.edaily.co.kr/news/newspath.asp?newsid=02892966645544368,4,0.5724,0,drop,candidate_hybrid_gray_drop_score_lt_threshold,4,0.5724,가상자산,,,candidate_hybrid,1,0.65,0.35
"'희소성' 높아진 이더리움, 가격은 꿈쩍 없다…시장 관심은 비트코인으...",4일(현지시간) 가상자산 시장에 따르면 이더리움은 최근 1900달러 아래에서 등락을 이어가며 뚜렷한 방향성을 보여주지 못하고 있다. 거래소에 보관된 이더리움 물량은 지속적으로 감소해 매도 가능한 공급은 줄어드는...,https://www.pinpointnews.co.kr/news/articleView.html?idxno=474400,4,0.6983,1,keep,candidate_hybrid_model_keep_prob_ge_threshold_with_domain_anchor,4,0.6983,가상자산,,,candidate_hybrid,1,0.65,0.35
"초등생 대상 270만원 '부자 캠프' 큰 인기...""조기 경제교육"" vs ""돈에 미...","캠프에서는 금융 기초 지식과 회계, 자산관리, 창업 역량을 종합적으로 가르친다. 가상의 주식시장과 식료품 거래소를 구현해 토큰으로 투자를 체험하게 하거나, 학생들이 직접 노점 판매부터 사업계획서·재무제표...",http://www.fnnews.com/news/202608050703071478,1,0.5356,0,drop,candidate_hybrid_gray_drop_score_lt_threshold,1,0.5356,,금융,,candidate_hybrid,1,0.65,0.35
비트코인 조정에도 매집 신호…온체인 데이터가 반등 기대 키웠다,4일(현지시간) 가상자산 시장에 따르면 비트코인은 7월 강세 흐름을 이어가며 상승세로 마감했지만 8월 들어... 거래소 보유 물량 감소와 장기 보유 물량 증가 역시 공급 압력을 완화하는 요인으로 평가된다. 다만...,https://www.pinpointnews.co.kr/news/articleView.html?idxno=474392,4,0.5769,0,drop,candidate_hybrid_gray_drop_score_lt_threshold,4,0.5769,가상자산,,,candidate_hybrid,1,0.65,0.35
"디파이앱 급등·비트코인 상승·리플XRP 보합, 기업 매도에 관망",가상자산 거래소 코인베이스의 부진한 실적도 관련 업종에 대한 투자심리를 제약했다. 최근 캐나다 가상자산 지갑 업체 코인카이트의 콜드월렛이 해킹돼 약 9000만달러 상당의 비트코인이 도난당한 것으로 나타난...,https://www.topstarnews.net/news/articleView.html?idxno=16155001,4,0.7653,1,keep,candidate_hybrid_model_keep_prob_ge_threshold_with_domain_anchor,4,0.7653,가상자산,,,candidate_hybrid,1,0.65,0.35
내년부터 비트코인도 과세…250만원 초과 수익 세율 22%,비거주자와 외국법인이 국내 거래소를 통해 가상자산을 거래할 경우에는 원천징수 방식이 적용된다. 업비트와 빗썸 등 국내 가상자산사업자가 거래 단계에서 세금을 원천징수해 다음 달 10일까지 납부해야 한다....,https://www.bntnews.co.kr/article/view/bnt202608050029,9,0.7121,1,keep,candidate_hybrid_keep_strong_domain_rule_anchor,9,0.7121,가상자산;빗썸,,,candidate_hybrid,1,0.65,0.35
빈틈투성이 코인 과세 밀어붙이나…뒤탈은 투자자 몫?,"해외 거래소나 개인지갑에서 장기간 보유한 가상자산은 실제 매입 가격을 입증하기도 쉽지 않다. 에어드롭·하드포크·스테이킹 보상 역시 취득가액을 0원으로 볼지, 받은 시점의 시가로 볼지에 따라 세 부담이 크게...",https://www.dailian.co.kr/news/view/1674229/?sc=Naver,4,0.5929,0,drop,candidate_hybrid_gray_drop_score_lt_threshold,4,0.5929,가상자산,,,candidate_hybrid,1,0.65,0.35
[BS모닝] 가상자산 과세 내년 시행…형평성·실무 기준 논란 여전,"여기에 가상자산 업계는 취득가액 산정 방식의 어려움을 토로한다. 여러 거래소를 거치거나 장기 보유한 코인의 정확한 매입 단가를 입증하기 어렵고, 스테이킹(Staking)이나 에어드롭으로 얻은 수익에 대한 구체적인...",http://www.segyebiz.com/newsView/20260805503881?OutUrl=naver,4,0.8008,1,keep,candidate_hybrid_model_keep_prob_ge_threshold_with_domain_anchor,4,0.8008,가상자산,,,candidate_hybrid,1,0.65,0.35
코인시장 '수익' 변화...응용앱 체인보다 1.6배벌어,/아크 인베스트 | 서울=한스경제 전시현 기자 | 가상자산 시장에서 돈을 버는 주체가 바뀌고 있다. 거래를... 2분기 탈중앙화거래소 현물 거래액은 5000억달러로 전 분기보다 34%가 줄었다. 이에 대해 보고서는 밈코인과...,http://www.hansbiz.co.kr/news/articleView.html?idxno=854289,4,0.6554,1,keep,candidate_hybrid_model_keep_prob_ge_threshold_with_domain_anchor,4,0.6554,가상자산,,,candidate_hybrid,1,0.65,0.35
"해외 유동성 공급 업체, 한국 가상자산 시장 본격 진출 예고",해외 가상자산 유동성 공급 업체와 시장조성 업체들이 국내 가상자산 제도 정비와 법인 시장 개방을 앞두고... 유동성이 충분한 일부 거래소를 제외하면 대량 주문을 한 번에 소화하기도 쉽지 않다. 그래서 해외 시장처럼...,https://www.tokenpost.kr/news/cryptocurrency/385343,7,0.8141,1,keep,candidate_hybrid_model_keep_prob_ge_threshold_with_domain_anchor,7,0.8141,유동성;가상자산,,,candidate_hybrid,1,0.65,0.35
"업비트·빗썸 2분기 실적도 먹구름…거래대금 반토막, 수익성 악화",국내 가상자산 거래소들의 올해 2분기 실적이 지난해보다 크게 둔화할 것이라는 전망이 나온다. 거래소들의 핵심 수익원인 거래 수수료가 거래대금에 직접 연동되는 구조인 만큼 2분기 거래량 감소가 매출과...,https://www.news1.kr/finance/blockchain-fintech/6248712,14,0.7168,1,keep,candidate_hybrid_keep_strong_domain_rule_anchor,14,0.7168,가상자산;업비트;빗썸,,,candidate_hybrid,1,0.65,0.35
1000만 코인족 '22% 과세' 초읽기…큰손 절반은 5060,"국내 가상자산 거래 가능 이용자가 1100만명을 넘어선 상황에서 과세가 현실화하면 주식과의 형평성, 과세 인프라, 해외 거래소를 통한 탈세 방지 등을 둘러싼 논란이 본격화할 전망이다. ◆ 1000만원 벌면 세금 165만원...",https://www.ebn.co.kr/news/articleView.html?idxno=1719128,4,0.7073,1,keep,candidate_hybrid_model_keep_prob_ge_threshold_with_domain_anchor,4,0.7073,가상자산,,,candidate_hybrid,1,0.65,0.35
5060도 뛰어든 비트코인…내년부터 수익에 22% 세금 예고,주식시장에서는 금융투자소득세가 폐지된 상황에서 가상자산만 과세하는 것이 형평성에 맞느냐는 지적이 나오기 때문이다. 해외 거래소 이용자와 탈세 방지 등 과세 인프라 보완 필요성도 제기된다. 일단 정부는...,https://www.thescoop.co.kr/news/articleView.html?idxno=311142,4,0.6367,0,drop,candidate_hybrid_gray_drop_score_lt_threshold,4,0.6367,가상자산,,,candidate_hybrid,1,0.65,0.35
빗썸 API 이벤트 30억 배상안 무산...집단소송 번지나,국내 2위 가상화폐거래소 빗썸이 자동매매(API) 이벤트 관련 소비자 분쟁 조정안을 받아들이지 않았다. 분쟁이 민사소송으로 이어질 가능성이 커진 가운데 금융당국 제재와 가상자산사업자(VASP) 갱신 심사 지연 등 각종...,https://www.sedaily.com/article/20075782?ref=naver,9,0.6644,1,keep,candidate_hybrid_keep_strong_domain_rule_anchor,9,0.6644,가상자산;빗썸,,,candidate_hybrid,1,0.65,0.35
"해외 유동성공급자들, 가상자산 제도화 앞두고 국내 진출 채비",법인 시장 겨냥…직접 매매업도 검토 해외 가상자산 유동성 공급(LP)·시장조성(MM) 업체들이 국내 가상자산... 법인의 대량 매매 주문을 현재 리테일 중심 시장에서 소화할 경우 유동성을 갖춘 일부 거래소를 제외하면...,https://www.yna.co.kr/view/AKR20260804150200002?input=1195m,7,0.8189,1,keep,candidate_hybrid_model_keep_prob_ge_threshold_with_domain_anchor,7,0.8189,유동성;가상자산,,,candidate_hybrid,1,0.65,0.35
"미국 민주당, '오피셜트럼프' 증권법 위반 여부 조사 촉구","앞서 트럼프 대통령은 공직자와 배우자의 디지털자산 발행·후원을 제한하는 내용의 초안을 승인한 바... '오피셜트럼프' 가상화폐는 8월 5일 오전 현재 업비트 가상화폐 거래소에서 전일대비 0.33% 상승한 2,104원에...",https://www.khgames.co.kr/news/articleView.html?idxno=307002,9,0.541,1,keep,candidate_hybrid_keep_strong_domain_rule_anchor,9,0.541,디지털자산;업비트,,,candidate_hybrid,1,0.65,0.35
[단독] 빗썸·국민은행 1년 더 간다,가상자산 거래소가 원화마켓을 운영하려면 은행의 실명확인 입출금계정이 필요하다. 제휴 은행이 바뀌면 해당 은행 계좌가 없는 이용자는 새 계좌를 개설하고 거래소에 다시 등록해야 한다. 재계약이 성사되면 빗썸...,https://www.seoul.co.kr/news/economy/finance/2026/08/05/20260805032006?wlog_tag3=naver,12,0.693,1,keep,candidate_hybrid_keep_strong_domain_rule_anchor,12,0.693,은행;가상자산;빗썸,,,candidate_hybrid,1,0.65,0.35
"리플, '엑스알피렛저' 기반 토큰화 금융 인프라 확대","자산 발행부터 유통, 담보 활용까지 이어지는 기관용 금융 인프라를 구축해 자사 블록체인 네트워크인... '엑스알피'는 8월 5일 오전 현재 코빗 가상화폐 거래소에서 전일대비 0.30% 상승한 9,112만 원에 거래되고 있다.",https://www.khgames.co.kr/news/articleView.html?idxno=306999,5,0.6441,0,drop,candidate_hybrid_gray_drop_score_lt_threshold,5,0.6441,코빗,금융,,candidate_hybrid,1,0.65,0.35
9월 금리 인상 확률 56.9%로 동결 앞섰다,"5일 시카고상품거래소(CME) 페드워치에 따르면, 9월 연방공개시장위원회(FOMC)에서 기준금리가 25bp 오를... 가상자산 시장에서는 연준의 금리 경로가 달러와 국채금리, 유동성 흐름을 통해 가격에 영향을 줄 수 있다....",https://www.tokenpost.kr/news/market/385261,15,0.9121,1,keep,candidate_hybrid_keep_strong_domain_rule_anchor,15,0.9121,유동성;국채금리;기준금리;가상자산,금리,,candidate_hybrid,1,0.65,0.35
엔화 강세에 비트코인 다시 긴장 '달러 흐름이 관건',"위험자산이 약세를 보이지만, 최근 비트코인은 오히려 엔화 약세 구간에서도 하락하는 모습을 보였다""라고 말했다. 비트코인은 8월 5일 오전 현재 업비트 가상화폐 거래소에서 전일대비 0.67% 상승한 9,099만 원에...",https://www.khgames.co.kr/news/articleView.html?idxno=306998,6,0.5697,1,keep,candidate_hybrid_gray_keep_domain_score_ge_threshold,6,0.5697,업비트,달러,,candidate_hybrid,1,0.65,0.35
"미 항소법원, 뱅크먼프리드 유죄·징역 25년 유지",미국 연방항소법원이 가상자산 거래소 FTX 창업자 샘 뱅크먼프리드(Sam Bankman-Fried)의 사기·공모 혐의 유죄판결과 징역 25년형을 유지했다. ABC뉴스는 미 제2연방순회항소법원이 뱅크먼프리드의 항소를...,https://www.tokenpost.kr/news/breaking/385252,4,0.6058,0,drop,candidate_hybrid_gray_drop_score_lt_threshold,4,0.6058,가상자산,,,candidate_hybrid,1,0.65,0.35
"빗썸, K-IFRS 전환 거쳐 2028년 IPO…내년 예심 청구",내부통제·사업구조 정비…심사 일정 따라 변동 가능 가상자산 거래소 빗썸이 2027년 상장예비심사를 청구하고 2028년 기업공개(IPO)를 완료한다는 단계별 로드맵을 제시했다. 올해는 회계기준 전환과 내부통제 고도화...,https://www.vegannews.co.kr/news/article.html?no=384479,13,0.8234,1,keep,candidate_hybrid_keep_strong_domain_rule_anchor,13,0.8234,ipo;가상자산;빗썸,,,candidate_hybrid,1,0.65,0.35
"공정위 ""네이버-두나무 심사 지연 아닌 자료 제출 속도 탓""","국내 1위 포털 네이버와 가상자산 거래소 업비트 운영사 두나무 간 기업결합 심사가 당초 기업이 제출한 일정보다 두 차례가량 미뤄진 가운데 공정거래위원회는 ""고의적 지연이 아니라 사안의 복잡성과 기업의 자료 제출...",https://news.tvchosun.com/site/data/html_dir/2026/08/04/2026080490306.html,14,0.7827,1,keep,candidate_hybrid_keep_strong_domain_rule_anchor,14,0.7827,가상자산;업비트;두나무,,,candidate_hybrid,1,0.65,0.35
[기획] 연내 빅딜 분수령…네이버-두나무 '디지털금융 왕좌' 노린다,네이버파이낸셜과 두나무의 결합은 국내 대표 간편결제 플랫폼과 국내 최대 가상자산 거래소의 만남이라는 점에서 초기부터 업계의 관심을 받아왔다. 이번 거래는 네이버파이낸셜이 포괄적 주식교환 방식으로 두나무를...,https://www.startuptoday.co.kr/news/articleView.html?idxno=808735,9,0.7977,1,keep,candidate_hybrid_keep_strong_domain_rule_anchor,9,0.7977,가상자산;두나무,,,candidate_hybrid,1,0.65,0.35
"3만 대만달러 넘는 가상자산 이전, 10월 정보 등록 추진",이용자는 대만 거래소 사이에서 가상자산을 이전할 때 추가 개인정보를 제출해야 할 수 있다. 사업자는 송금·수취 양쪽의 고객 정보를 대조하고 누락 정보를 탐지하며 거래 기록과 고객확인 자료를 최소 5년간...,https://www.tokenpost.kr/news/policy/385118,4,0.7622,1,keep,candidate_hybrid_model_keep_prob_ge_threshold_with_domain_anchor,4,0.7622,가상자산,,,candidate_hybrid,1,0.65,0.35
"외국인 마약 조직원 소탕 등… 경찰청, 특별성과 14건 포상",이외에도 캄보디아 범죄단지에서 피해자 922명을 상대로 292억원 투자사기 조직을 검거한 제주경찰청 강력범죄수사대와 캄보디아 조직에서 해외가상자산거래소를 통해 세탁된 범죄자금 7476억원을 국내로 들여온 한국...,https://www.segye.com/newsView/20260804518793?OutUrl=naver,9,0.6949,1,keep,candidate_hybrid_keep_strong_domain_rule_anchor,9,0.6949,가상자산;가상자산거래소,,,candidate_hybrid,1,0.65,0.35
175%·143% 엇갈리자 대만 신용거래 대시보드 추진,금융감독관리위원회는 대만증권거래소(TWSE)에 ‘신용거래 정보 대시보드’ 구축을 맡겼다고 블록템포... 다만 공식 통계와 민간 지표가 서로 다른 신호를 낼 수 있다는 점은 가상자산 시장의 레버리지 지표를 해석할...,https://www.tokenpost.kr/news/policy/385104,4,0.7103,1,keep,candidate_hybrid_model_keep_prob_ge_threshold_with_domain_anchor,4,0.7103,가상자산,,,candidate_hybrid,1,0.65,0.35
"빗썸, 2028년 IPO 추진…단계별 로드맵 수립","국내 가상자산거래소 빗썸이 오는 2028년 기업공개(IPO)를 목표로 상장 준비에 본격 착수한다.빗썸은 4일 내부통제 체계 강화와 회계 기준 정비, 투명한 지배구조 확립을 포함한 단계별 상장 준비 로드맵을 수립했다고...",https://news.mtn.co.kr/news-detail/2026080418344612961,18,0.85,1,keep,candidate_hybrid_keep_strong_domain_rule_anchor,18,0.85,ipo;가상자산;가상자산거래소;빗썸,,,candidate_hybrid,1,0.65,0.35
"[파워인터뷰] KG파이낸셜 유승용 대표 ""휴대폰결제 1위 넘어 디지털 금...",저희 모비일 카드에 도입된 디지털 자산 월렛 서비스는 한마디로 가상자산과 실물 경제의 벽을 완전히 허문... 지금까지 비트코인이나 스테이블코인 같은 디지털 자산은 주로 투자나 거래소 내에서의 매매용으로만...,http://www.paxetv.com/news/articleView.html?idxno=278646,9,0.8398,1,keep,candidate_hybrid_keep_strong_domain_rule_anchor,9,0.8398,가상자산;스테이블코인,,,candidate_hybrid,1,0.65,0.35
"토큰포스트, 2027년 가상자산 과세 대비 '무료 세금 계산기' 출시","토큰포스트는 이번 서비스를 특정 가상자산이나 거래소를 추천하거나 시세를 전망하지 않는 중립적인 계산 도구로 설계했다고 설명했다. 향후에는 에어드롭 가치 계산기, 파밍 수익 계산기, DCA(정기 매수) 계산기...",https://www.tokenpost.kr/news/insights/385050,4,0.7729,1,keep,candidate_hybrid_model_keep_prob_ge_threshold_with_domain_anchor,4,0.7729,가상자산,,,candidate_hybrid,1,0.65,0.35
"게이트, 유니트리 무기한 계약 프리마켓 거래 시작",가상자산 거래소 게이트(Gate)가 유니트리(UNITRE·宇科技) 무기한 계약의 프리마켓 거래를 시작했다. 오데일리는 게이트가 해당 상품을 프리마켓에 출시했다고 전했다.,https://www.tokenpost.kr/news/breaking/385031,4,0.7251,1,keep,candidate_hybrid_model_keep_prob_ge_threshold_with_domain_anchor,4,0.7251,가상자산,,,candidate_hybrid,1,0.65,0.35
"빗썸·KB국민은행, 실명계좌 재계약 전망",국내 가상자산 거래소 빗썸과 KB국민은행이 실명 확인 입출금 계정(실명계좌) 제휴 계약을 1년 연장하는 방향으로 방침을 정한 것으로 전해졌다. 4일 가상자산 및 금융권에 따르면 빗썸과 KB국민은행은 오는 9월 만료를...,http://www.segyebiz.com/newsView/20260804521026?OutUrl=naver,9,0.6095,1,keep,candidate_hybrid_keep_strong_domain_rule_anchor,9,0.6095,가상자산;빗썸,,,candidate_hybrid,1,0.65,0.35
'또 뚫린' 위믹스...P2E 생태계 신뢰회복 시험대,"가상자산 위믹스(WEMIX)가 또다시 대규모 보안 사고에 휘말렸다. 지난해 대규모 탈취 사고 이후 1년5개월... 당시 사고 이후 위믹스는 국내 주요 거래소에서 상장 폐지됐고, 위메이드는 법원에 효력정지 가처분 신청을...",https://www.edaily.co.kr/news/newspath.asp?newsid=06412406645544040,4,0.6912,1,keep,candidate_hybrid_model_keep_prob_ge_threshold_with_domain_anchor,4,0.6912,가상자산,,,candidate_hybrid,1,0.65,0.35
"바이낸스 vs 코인베이스, XRP 고래 유출 양상서 40% 격차 발생","온체인 데이터 분석 결과, 고래 투자자들의 자금 이탈 행보가 거래소별로 상이한 양상을 보인 것으로 나타났다. 가상자산 데이터 분석업체 크립토퀀트의 암르 타하 애널리스트는 최신 보고서를 통해 10만 개 이상의 XRP...",https://www.pinpointnews.co.kr/news/articleView.html?idxno=474357,4,0.6113,0,drop,candidate_hybrid_gray_drop_score_lt_threshold,4,0.6113,가상자산,,,candidate_hybrid,1,0.65,0.35
"빗썸 ""2028년 IPO… 지배구조 투명성 강화""","빗썸 관계자는 ""이번 IPO 추진은 단순한 상장을 넘어 가상자산 거래소의 투명성과 안정성을 제도권 금융 수준으로 끌어올리겠다는 선언""이라며 ""남은 상장 요건들을 체계적으로 이행해 나가겠다""고 말했다. 한편 빗썸은...",http://www.fnnews.com/news/202608041825587499,14,0.8082,1,keep,candidate_hybrid_keep_strong_domain_rule_anchor,14,0.8082,ipo;가상자산;빗썸,금융,,candidate_hybrid,1,0.65,0.35
"빗썸·국민은행, 실명계좌 1년 재계약 가닥","빗썸뿐 아니라 다른 원화 가상자산거래소들의 실명계좌 재계약도 하반기 중 순차적으로 이뤄질 예정이다. 카카오뱅크와 코인원의 제휴 계약은 이달 만료를 앞두고 있으며, 케이뱅크와 업비트의 계약은 오는 10월...",https://www.edaily.co.kr/news/newspath.asp?newsid=06307446645544040,15,0.5118,1,keep,candidate_hybrid_keep_strong_domain_rule_anchor,15,0.5118,가상자산;가상자산거래소;빗썸,원화,,candidate_hybrid,1,0.65,0.35
[이슈플러스] IPO 승부수 띄운 빗썸…금융사 파트너 공백 메울까,가상자산 거래소 빗썸이 오는 2028년 IPO를 목표로 본격적인 준비에 나섰습니다. 상장을 통해 경영 투명성과 신뢰도를 높이겠다는 계획인데요. 다만 경쟁 거래소들이 금융사와 손잡으며 법인·기관 시장 선점을 준비하는...,https://www.sentv.co.kr/article/view/sentv202608040120,13,0.7683,1,keep,candidate_hybrid_keep_strong_domain_rule_anchor,13,0.7683,ipo;가상자산;빗썸,,,candidate_hybrid,1,0.65,0.35
"빗썸·국민은행, 실명계좌 ‘1년 연장’ 추진…이용자 ‘계좌 대란’ 피...",가상자산 거래소 빗썸과 KB국민은행이 오는 24일 만료되는 실명확인 입출금계정(실명계좌) 제휴 계약을 1년 연장하는 방안을 추진한다. 이에 제휴 은행 변경 시 새 계좌를 개설하고 다시 등록해야 했던 빗썸 이용자들의...,https://www.dt.co.kr/article/12076533?ref=naver,12,0.6524,1,keep,candidate_hybrid_keep_strong_domain_rule_anchor,12,0.6524,은행;가상자산;빗썸,,,candidate_hybrid,1,0.65,0.35
"빗썸, 2028년 IPO 향해 K-IFRS 전환·내부통제 강화 박차","가상자산 거래소 빗썸이 2028년 기업공개(IPO)를 목표로 공식적인 상장 준비 절차에 들어갔다. 내부통제 체계 고도화, 회계 기준 정비, 지배구조 확립을 통해 기업의 투명성과 성장성을 자본시장에서 검증받기 위한...",http://www.ttlnews.com/news/articleView.html?idxno=3131272,13,0.8035,1,keep,candidate_hybrid_keep_strong_domain_rule_anchor,13,0.8035,ipo;가상자산;빗썸,,,candidate_hybrid,1,0.65,0.35
"빗썸, 2028년 IPO 못 박았지만…내부통제·신사업 여전히 안갯속",국내 2위 가상자산거래소 빗썸이 기업공개(IPO) 목표 시점을 2028년으로 다시 잡았다. 내부통제와 회계 체계를 제도권 금융회사 수준으로 끌어올려 상장 과정에서 투명성과 신뢰를 검증받겠다는 구상이다. 다만 기존 상장...,https://www.dt.co.kr/article/12076527?ref=naver,18,0.7977,1,keep,candidate_hybrid_keep_strong_domain_rule_anchor,18,0.7977,ipo;가상자산;가상자산거래소;빗썸,,,candidate_hybrid,1,0.65,0.35
[KOL 인덱스] 비트마트 운영 중단·FOMO 앱 경고 확산…거래소 리스크에...,"[편집자주] 이번 주 텔레그램 KOL 채널에서는 비트마트의 운영 중단과 뱅크런 정황, FOMO 앱의 약관·보안 문제 등 가상자산 플랫폼의 안전성을 둘러싼 경고성 콘텐츠가 주목받았다. 거래소의 출금 제한과 유동성 위기...",https://www.tokenpost.kr/news/cryptocurrency/384907,7,0.7238,1,keep,candidate_hybrid_model_keep_prob_ge_threshold_with_domain_anchor,7,0.7238,유동성;가상자산,,,candidate_hybrid,1,0.65,0.35
"[단독]빗썸, API 이벤트 30억 배상안 거부…집단소송 가나",국내 2위 가상화폐거래소 빗썸이 자동매매(API) 이벤트 피해자들에게 총 30억 원을 배상하라는 소비자 분쟁 조정 기구의 조정안을 받아들이지 않은 것으로 확인됐다. 금융 당국의 제재와 가상자산사업자(VASP) 갱신 심사...,https://www.sedaily.com/article/20075665?ref=naver,10,0.6473,1,keep,candidate_hybrid_keep_strong_domain_rule_anchor,10,0.6473,가상자산;빗썸,금융,,candidate_hybrid,1,0.65,0.35
"[줌인] 한국투자증권, '본업 경쟁력+디지털'로 영토 넓힌다","카카오뱅크·토스뱅크·케이뱅크 등 인터넷전문은행은 물론, 글로벌 금융 정보 플랫폼 '인베스팅닷컴', 가상자산 거래소 '코인원', 패션 플랫폼 '무신사'까지 업종의 경계를 허문 제휴를 이어나가고 있다. 그 결과...",http://www.dailypop.kr/news/articleView.html?idxno=101247,5,0.749,1,keep,candidate_hybrid_model_keep_prob_ge_threshold_with_domain_anchor,5,0.749,가상자산,금융,,candidate_hybrid,1,0.65,0.35
"한국투자증권, '채널 다각화' 가속화… 2030·신규 투자자 접점 넓힌다","현재 한국투자증권은 카카오뱅크·토스뱅크·케이뱅크 등 주요 인터넷전문은행을 비롯해 가상자산 거래소 코인원, 글로벌 금융 플랫폼 인베스팅닷컴 등과 연동 서비스를 제공 중이다. 8월 신규 고객에게는 기존에...",http://www.lkp.news/news/articleView.html?idxno=82630,5,0.7749,1,keep,candidate_hybrid_model_keep_prob_ge_threshold_with_domain_anchor,5,0.7749,가상자산,금융,,candidate_hybrid,1,0.65,0.35
"8월 4일 퇴근길 팟캐스트 정부, 가상자산 과세 유예 제외…비트코인 점...","과세 기준은 연간 가상자산 거래소득 250만원 초과분에 22% 세율이 적용되는 구조다. 세 차례 미뤄졌던 과세가 다시 시간표 안으로 들어오면서, 시장은 단기 시세보다 제도 불확실성의 축소와 투자심리 변화 가능성을...",https://www.tokenpost.kr/news/insights/384933,4,0.7926,1,keep,candidate_hybrid_model_keep_prob_ge_threshold_with_domain_anchor,4,0.7926,가상자산,,,candidate_hybrid,1,0.65,0.35
"지배구조 정리 마침표…NXC, 유럽법인 자본 2089억 회수",NXMH는 그동안 유럽 지역 투자 플랫폼으로서 유아용품 기업 스토케와 가상자산거래소 비트스탬프 등 비(非)게임 투자를 전담해 왔다. 하지만 최근 수년간 비게임 자회사와 성과가 부진한 게임 개발사를 잇달아...,https://dealsite.co.kr/articles/166560,9,0.6494,1,keep,candidate_hybrid_keep_strong_domain_rule_anchor,9,0.6494,가상자산;가상자산거래소,,,candidate_hybrid,1,0.65,0.35
"[IT 투데이] 팀네이버, 브라질·칠레 AI 기업·정부 협력 外","◆빗썸, 2028년 상장 목표로 IPO 단계별 준비 본격화 가상자산 거래소 빗썸이 2028년 기업공개(IPO)를 목표로 내부통제 체계 강화와 투명한 지배구조 확립 등 단계별 상장 준비에 본격적으로 나선다고 밝혔다. 빗썸은...",https://news.dealsitetv.com/articles/174254,13,0.7451,1,keep,candidate_hybrid_keep_strong_domain_rule_anchor,13,0.7451,ipo;가상자산;빗썸,,,candidate_hybrid,1,0.65,0.35
"[단독] 빗썸·KB국민은행, 6개월 ‘조건부 동행’ 거쳐 1년 재계약 추진",가상자산 거래소가 원화마켓을 운영하려면 은행의 실명확인 입출금계정이 필요하다. 제휴 은행이 바뀌면 해당 은행 계좌가 없는 이용자는 새 계좌를 개설하고 거래소에 다시 등록해야 한다. 재계약이 성사되면 빗썸...,https://www.seoul.co.kr/news/economy/2026/08/04/20260804500246?wlog_tag3=naver,12,0.6389,1,keep,candidate_hybrid_keep_strong_domain_rule_anchor,12,0.6389,은행;가상자산;빗썸,,,candidate_hybrid,1,0.65,0.35
"코인으로 세금 떼먹던 체납자 ‘딱 걸렸네’… 해운대구, 추적 시스템 ...",지자체가 가상자산 거래소에 체납자 명단 공문을 보낸 뒤 자료를 회신받아 다시 압류·추심을 요청해야 했다. 이 과정에만 3~4개월이 걸려 체납자가 자산을 미리 빼돌릴 위험이 있었다. 이번에 도입된 시스템은 체납자의...,https://www.sedaily.com/article/20075635?ref=naver,4,0.5712,0,drop,candidate_hybrid_gray_drop_score_lt_threshold,4,0.5712,가상자산,,,candidate_hybrid,1,0.65,0.35
6년 넘게 표류한 빗썸 IPO···이번엔 성공할까,"국내 가상자산 거래소 2위 업체 빗썸이 오는 2028년에 상장을 마무리한다는 계획을 내놓았지만 시장에선 의심의 시각이 나온다. 이 회사는 지난 2020년부터 기업공개(IPO)를 추진했는데, 6년이 넘는 기간 동안 실패했기...",https://www.sisajournal-e.com/news/articleView.html?idxno=422867,13,0.7799,1,keep,candidate_hybrid_keep_strong_domain_rule_anchor,13,0.7799,ipo;가상자산;빗썸,,,candidate_hybrid,1,0.65,0.35
“비트코인 담보로 신혼집 마련했었는데”…美 ‘코인 주담대’ 정치권...,3일(현지시간) 포브스에 따르면 미국 모기지 대출업체 베터홈앤파이낸스(Better Home & Finance·베터)가 미 최대 가상자산 거래소 코인베이스와 내놓은 디지털자산 담보 주택대출을 두고 은행권과 정치권의 반응이 엇갈리고...,https://biz.heraldcorp.com/article/10830770?ref=naver,8,0.7078,1,keep,candidate_hybrid_keep_strong_domain_rule_anchor,8,0.7078,가상자산;디지털자산,,,candidate_hybrid,1,0.65,0.35
"[DD퇴근길] 두 공룡의 결합…네이버·두나무 합병, 연내 성사되나",이 딜의 핵심은 '검색 공룡'과 '가상자산 거래소'가 만난다는 점입니다. 네이버의 방대한 이용자 데이터와 트래픽에 두나무의 가상자산 인프라가 결합하면 국내 디지털자산 시장의 판도에 큰 영향을 미칠 것으로...,https://www.ddaily.co.kr/page/view/2026080413523280760,13,0.8723,1,keep,candidate_hybrid_keep_strong_domain_rule_anchor,13,0.8723,가상자산;디지털자산;두나무,,,candidate_hybrid,1,0.65,0.35
"오에스엘, 전용 스위프트 식별코드로 기관 결제망 보강","회사는 디지털자산 거래소에서 ‘글로벌 스테이블코인 결제 및 거래 플랫폼’으로 전략 전환을 마쳤다고 설명했다. 홍콩 증권선물위원회(SFC)의 가상자산 거래 플랫폼 명단에 따르면, 오에스엘 디지털 증권(OSL...",https://www.tokenpost.kr/news/cryptocurrency/384901,13,0.8951,1,keep,candidate_hybrid_keep_strong_domain_rule_anchor,13,0.8951,가상자산;디지털자산;스테이블코인,,,candidate_hybrid,1,0.65,0.35
"스퀴드, 퍼블릭 세일 종료 ··· 기술력·성장 가능성 재확인","퍼블릭 세일은 토큰 세일 플랫폼 리전(Legion)과 글로벌 가상자산 거래소 크라켄(Kraken)을 통해 진행됐다. 판매 물량은 토큰 생성 이벤트(TGE) 시점에 전량 배포되며, 팀 배정 물량에는 12개월 락업 조건이...",https://www.datanet.co.kr/news/articleView.html?idxno=213549,4,0.7184,1,keep,candidate_hybrid_model_keep_prob_ge_threshold_with_domain_anchor,4,0.7184,가상자산,,,candidate_hybrid,1,0.65,0.35
"저킷, 네트워크 업그레이드로 입출금 중단…빗썸서 47% 상승[특징코인]",박현영 블록체인전문기자 = 가상자산 저킷(ZRC)이 입출금 중단에 47%대 상승률을 기록하고 있다. 4일 오후 4시... 이후 해외 거래소와의 가격 연동이 원활히 이뤄지지 않으면서 빗썸 내에서 저킷 가격이 큰 폭으로...,https://www.news1.kr/finance/blockchain-fintech/6248987,9,0.6447,1,keep,candidate_hybrid_keep_strong_domain_rule_anchor,9,0.6447,가상자산;빗썸,,,candidate_hybrid,1,0.65,0.35
"IBIT 보유 93.7% 줄인 인테사, 이더리움 ETF 확대",은행의 가상자산 관련 상장상품 보유가 비트코인(BTC)에만 한정되지 않았다는 의미다. 이더리움(ETH)... 비트와이즈(Bitwise)는 뉴욕증권거래소 아카(NYSE Arca)에 상장된 이 상품이 솔라나 가격 노출과 스테이킹...,https://www.tokenpost.kr/news/market/384884,4,0.7733,1,keep,candidate_hybrid_model_keep_prob_ge_threshold_with_domain_anchor,4,0.7733,가상자산,,,candidate_hybrid,1,0.65,0.35
"부산 해운대구 ""체납자 '숨은 자산' 끝까지 추적한다""",기존에는 체납자 명단을 가상자산 거래소에 공문으로 전달한 뒤 회신을 받아 압류와 추심을 요청하는 방식으로 진행돼 절차가 복잡하고 3~4개월가량의 시간이 소요됐다. 새 시스템은 체납자의 주민등록번호를 기반으로...,https://www.gukjenews.com/news/articleView.html?idxno=3655527,4,0.5668,0,drop,candidate_hybrid_gray_drop_score_lt_threshold,4,0.5668,가상자산,,,candidate_hybrid,1,0.65,0.35
"빗썸, 기업공개 준비 착수…회계 기준 전환·내부 관리 강화",가상자산 거래소에 대한 시장 기준이 높아지는 가운데 회계 체계 정비와 내부 관리 강화 등을 통해 기업 운영 기반을 마련한다는 방침이다. 빗썸은 상장을 위한 단계별 계획을 세우고 관련 절차를 진행하고 있다고 4일...,https://www.lcnews.co.kr/news/articleView.html?idxno=206021,9,0.7277,1,keep,candidate_hybrid_keep_strong_domain_rule_anchor,9,0.7277,가상자산;빗썸,,,candidate_hybrid,1,0.65,0.35
"빗썸, 2028년 기업공개 앞두고 단계별 상장 준비 본격화",이를 위해 먼저 가상자산거래소의 핵심인 고객자산 보호와 시스템 안정성을 극대화하기 위해 리스크 관리 체계와 내부 통제를 제도권 금융사 수준으로 전면 개편하고 있다. 빗썸은 글로벌 상장사에 요구되는 엄격한...,http://www.newsbrite.net/news/articleView.html?idxno=199595,14,0.7922,1,keep,candidate_hybrid_keep_strong_domain_rule_anchor,14,0.7922,가상자산;가상자산거래소;빗썸,,,candidate_hybrid,1,0.65,0.35
"[저녁 뉴스브리핑] 정부, 2026년 세제개편안에서 가상자산 과세 추가 유...",국회에서 개편안이 통과되면 2027년부터 가상자산 거래소득에 과세가 시작된다. 기획재정부가 이 같은 내용의 세제개편안을 확정했다고 이데일리는 4일 보도했다. 연간 가상자산 거래소득 가운데 250만원을...,https://www.tokenpost.kr/news/briefing/384875,4,0.7744,1,keep,candidate_hybrid_model_keep_prob_ge_threshold_with_domain_anchor,4,0.7744,가상자산,,,candidate_hybrid,1,0.65,0.35
"비트코인 반등하려면 6만5,000달러 회복해야…실패 시 5만달러도 열려",비롯한 가상자산 시장 내부의 보안 불안이 가격을 지배하고 있다는 분석이 나왔다. 8월 4일(현지시간)... 차원에서 자산을 새 지갑이나 중앙화거래소로 옮기면서 단기 투자심리가 위축됐다고 설명했다. 시장의...,http://coinreaders.com/251029,4,0.6639,1,keep,candidate_hybrid_model_keep_prob_ge_threshold_with_domain_anchor,4,0.6639,가상자산,,,candidate_hybrid,1,0.65,0.35
"고팍스 in 바이낸스, 김나영 체제로 정상화 재시동",고객 코인 맡겨 이자 받던 ‘고파이’ 상환 최우선…원화계좌 유지·재무구조 개선 과제 가상자산거래소 고팍스가 김나영 신임 대표 체제에서 고객 미상환금 해결과 경영 정상화에 다시 나선다. 세계 최대...,https://sateconomy.co.kr/news/view/1065595754252422,13,0.7669,1,keep,candidate_hybrid_keep_strong_domain_rule_anchor,13,0.7669,가상자산;가상자산거래소;고팍스,,,candidate_hybrid,1,0.65,0.35
[더밸류 브리핑] 오늘의 금융계 소식...SC제일은행·빗썸·티머니,빗썸 관계자는 “이번 IPO 추진은 단순한 상장을 넘어 가상자산 거래소의 투명성과 안정성을 제도권 금융 수준으로 끌어올리겠다는 선언”이라며 “시장과 투자자가 신뢰할 수 있는 기업으로 거듭나기 위해 남은 상장...,http://www.thevaluenews.co.kr/news/view.php?idx=200541,14,0.5443,1,keep,candidate_hybrid_keep_strong_domain_rule_anchor,14,0.5443,ipo;가상자산;빗썸,금융,,candidate_hybrid,1,0.65,0.35
"'연일 하락' 비트코인 9,000만 원선 유지… 메타다오 25% 급등","4일 가상자산 거래소 업비트 시세에 따르면 테더(USDT)는 전일 대비 0.07% 오른 1,425원에 거래되며 거래대금 1,046억 원을 기록하며 가장 많은 거래량을 나타내고 있따. 가상자산 대장주인 비트코인(BTC)은 전일...",https://www.gukjenews.com/news/articleView.html?idxno=3655464,9,0.7532,1,keep,candidate_hybrid_keep_strong_domain_rule_anchor,9,0.7532,가상자산;업비트,,,candidate_hybrid,1,0.65,0.35
"IPO 앞둔 빗썸, 사업·고객 관리체계 손질…오지급 대응도 강화",금융회사와 가상자산 거래소 간 제휴·투자 논의가 확대되는 상황에서 상장을 추진하겠다는 방향을 시장에 분명히 제시한 셈이다. 이 같은 경영관리 체계 정비는 고객자산 관리 영역에서도 나타나고 있다. 빗썸은 다음...,https://www.edaily.co.kr/news/newspath.asp?newsid=05264406645544040,13,0.763,1,keep,candidate_hybrid_keep_strong_domain_rule_anchor,13,0.763,ipo;가상자산;빗썸,,,candidate_hybrid,1,0.65,0.35
내년부터 비트코인도 세금 낸다… 가상자산 과세 22% 시행,"폐지하면서 가상자산에만 별도 과세를 도입하는 것은 조세 형평성에 맞지 않는다는 지적이 나온다. 또 거래소 간 자산 이동과 해외 거래소 거래, 에어드롭·스테이킹·디파이(DeFi) 등 다양한 거래 유형에 대한 과세 기준이...",https://www.mediawatch.kr/news/article.html?no=260562,4,0.7829,1,keep,candidate_hybrid_model_keep_prob_ge_threshold_with_domain_anchor,4,0.7829,가상자산,,,candidate_hybrid,1,0.65,0.35
"이더리움, 265만원대 약보합…장중 266만4천원 터치 후 숨 고르기",이더리움(ETH)이 국내 가상자산 거래소에서 265만 원대에서 거래되며 소폭 약세를 나타내고 있다. 장중 266만 원대를 회복했지만 차익실현 매물이 나오면서 상승폭을 반납하는 모습이다. 업비트 기준 4일 오후 3시 26분...,https://www.job-post.co.kr/news/articleView.html?idxno=222989,9,0.6965,1,keep,candidate_hybrid_keep_strong_domain_rule_anchor,9,0.6965,가상자산;업비트,,,candidate_hybrid,1,0.65,0.35
"리플(XRP), 1,530원대 강보합…장중 1,538원 기록 후 상승 흐름 유지","리플(XRP)이 국내 가상자산 거래소에서 1,530원대에서 거래되며 강보합 흐름을 이어가고 있다. 장중 한때 1,520원 초반까지 밀렸지만 저가 매수세가 유입되며 반등에 성공, 1,530원선을 회복했다. 업비트 기준 4일 오후 3시...",https://www.job-post.co.kr/news/articleView.html?idxno=222990,9,0.701,1,keep,candidate_hybrid_keep_strong_domain_rule_anchor,9,0.701,가상자산;업비트,,,candidate_hybrid,1,0.65,0.35
"비트코인, 9,080만원대 강보합…장중 9,122만원 터치 후 상승세 유지","비트코인(BTC)이 4일 오후 국내 거래소에서 9,080만 원대에서 거래되며 강보합세를 이어가고 있다. 장 초반... 가상자산 시장은 최근 글로벌 투자심리와 달러 가치, 주요국 통화정책 전망 등에 영향을 받으며 변동성이...",https://www.job-post.co.kr/news/articleView.html?idxno=222988,5,0.6495,0,drop,candidate_hybrid_gray_drop_score_lt_threshold,5,0.6495,가상자산,달러,,candidate_hybrid,1,0.65,0.35
카카오도 키움도 놓친 빗썸…코인원·코빗·업비트는 이미 금융사와 짝...,"[제공=빗썸]  국내 주요 가상자산 거래소들이 잇달아 금융사 파트너를 확보하는 가운데, 빗썸만 홀로 사면초가에 빠졌다. 카카오페이·키움증권과 투자 협상을 진행했지만 양쪽 모두 뚜렷한 진전이 없는 상태다....",https://www.greened.kr/news/articleView.html?idxno=346749,13,0.7451,1,keep,candidate_hybrid_keep_strong_domain_rule_anchor,13,0.7451,가상자산;빗썸;코빗,,,candidate_hybrid,1,0.65,0.35
가상자산 과세 내년 시행…손실 나도 세금 낸다고?,"이 밖에도 가상자산 과세는 취득가액 산정 기준, 역외 거래소 이용자들에 대한 세원 추적, 에어드롭과 스테이킹 등으로 발생한 수익에 대한 규정 등 세부적으로 보완할 사항들이 산적해 있다. 가상자산업계 관계자는...",https://news.bizwatch.co.kr/article/mobile/2026/08/04/0017,4,0.8168,1,keep,candidate_hybrid_model_keep_prob_ge_threshold_with_domain_anchor,4,0.8168,가상자산,,,candidate_hybrid,1,0.65,0.35
클래리티법 이번 주 분수령⋯가상자산 기업은 ‘자생력’ 증명,가상자산 거래소의 증시 상장 시도도 이어진다. 빗썸은 올해 내부통제 고도화와 한국채택국제회계기준(K-IFRS) 전환을 준비하고 내년 상장 예비심사를 청구한 뒤 2028년 기업공개(IPO)를 완료한다는 로드맵을 제시했다....,https://www.etoday.co.kr/news/view/2610788,8,0.858,1,keep,candidate_hybrid_keep_strong_domain_rule_anchor,8,0.858,ipo;가상자산,,,candidate_hybrid,1,0.65,0.35
"빗썸 ""2028년 IPO 목표…경영 투명성 증명할 것""",가상자산 거래소 빗썸이 2028년까지 투명한 지배구조를 구축하는 등 체질을 개선해 기업공개(IPO)를 완료하겠다고 밝혔습니다. 빗썸은 3일 홈페이지 공시사항에서 기업가치를 극대화하고 경영의 투명성을 증명하기 위해...,http://mbnmoney.mbn.co.kr/news/view?news_no=MM1005893876,13,0.8005,1,keep,candidate_hybrid_keep_strong_domain_rule_anchor,13,0.8005,ipo;가상자산;빗썸,,,candidate_hybrid,1,0.65,0.35
[Q&A] 내년부터 코인 양도차익에 과세… 손실 이월공제는 미적용,“바이낸스 등 해외 가상 자산 거래소를 이용할 경우에도 국내에 주소를 두거나 183일 이상 거주했다면 거주자 과세 원칙에 따라 과세 대상이다. 투자자는 매달 말일 기준 해외 계좌 잔액 합계가 5억원을 초과하면...,https://biz.chosun.com/stock/finance/2026/08/04/RW6AI2KH6FAEXLQR34ZMOL3CDQ/?utm_source=naver&utm_medium=original&utm_campaign=biz,0,0.6127,0,drop,candidate_hybrid_gray_drop_score_lt_threshold,0,0.6127,,,,candidate_hybrid,1,0.65,0.35
"[이슈] IPO 승부수 띄운 빗썸, 투명성·안정성 강화 총력전",거래소 업황에 좌우되는 수익 구조를 다변화하고 투명성을 높여 가상자산 거래소에 대한 시장 신뢰를 확보하겠다는 전략이다. ■ 금융회사 수준 내부통제…K-IFRS 전환도 추진 빗썸은 4일 2028년 IPO를 목표로 단계별 상장...,https://www.startuptoday.co.kr/news/articleView.html?idxno=808707,13,0.7226,1,keep,candidate_hybrid_keep_strong_domain_rule_anchor,13,0.7226,ipo;가상자산;빗썸,,,candidate_hybrid,1,0.65,0.35
[테크M 이슈] '한국의 코인베이스' 꿈꾸는 빗썸…2028년 IPO 승부수 띄웠...,"사진=빗썸 국내 가상자산 거래소 빗썸이 오는 2028년 기업공개(IPO)를 목표로 상장 준비에 본격 착수했다. 단순히 증시에 입성하는 데 그치지 않고 내부통제와 회계, 지배구조를 제도권 금융회사 수준으로 끌어올려 '한국의...",https://www.techm.kr/news/articleView.html?idxno=153970,13,0.774,1,keep,candidate_hybrid_keep_strong_domain_rule_anchor,13,0.774,ipo;가상자산;빗썸,,,candidate_hybrid,1,0.65,0.35
"가상자산 과세, 내년부터 시행…투자자 ""형평성 어긋나"" 우려","국내 가상자산 거래소들은 과세 시스템과 신고 절차, 거래자료 정비 등 제도적 기반이 충분히 마련되지 않은 상태에서 과세가 시작되면 투자자의 해외 거래소 이탈과 국내 시장 위축으로 이어질 가능성을 우려하고 있다....",https://www.sidae.com/article/2026080413315167558,4,0.8037,1,keep,candidate_hybrid_model_keep_prob_ge_threshold_with_domain_anchor,4,0.8037,가상자산,,,candidate_hybrid,1,0.65,0.35
"빗썸, 2028년 IPO 추진…내년 상장 예비심사 청구","가상자산거래소는 가상자산 가격과 거래대금 변동에 따라 실적 변동성이 크다는 점이 상장 과정의 주요 변수로 꼽힌다. 빗썸은 수수료에 집중된 수익 구조를 보완하기 위해 사업 모델을 다각화하고, 충분한 유동성...",https://www.newsworks.co.kr/news/articleView.html?idxno=849359,22,0.8163,1,keep,candidate_hybrid_keep_strong_domain_rule_anchor,22,0.8163,유동성;ipo;가상자산;가상자산거래소;빗썸,실적,,candidate_hybrid,1,0.65,0.35
업비트 거래소에서 금일 가장 주목 받는 가상화폐는…,"8월 3일 현재 국내 가상화폐 거래소인 업비트에서 '유에스디이', '옵티미즘', '메이플파이낸스', '사이버... 바탕으로 가상자산을 대출하는 서비스를 이용할 수 있다. '사이버'는 소셜 네트워크와 인공지능(AI)을 결합해...",https://www.khgames.co.kr/news/articleView.html?idxno=306984,9,0.545,1,keep,candidate_hybrid_keep_strong_domain_rule_anchor,9,0.545,가상자산;업비트,,,candidate_hybrid,1,0.65,0.35
"빗썸, 2028년 IPO 추진…""투명 경영 실천""","국내 가상자산(디지털자산) 거래소 빗썸이 오는 2028년에 IPO(기업공개)를 추진하겠다고 밝혔다. 4일 가상자산 업계에 따르면 빗썸은 ""기업가치를 극대화하고 경영의 투명성을 증명하고자 기업공개(IPO)라는 원대한 도전을...",https://www.sisaon.co.kr/news/articleView.html?idxno=203234,17,0.8832,1,keep,candidate_hybrid_keep_strong_domain_rule_anchor,17,0.8832,ipo;가상자산;디지털자산;빗썸,,,candidate_hybrid,1,0.65,0.35
"빗썸 2028년 목표로 IPO 준비 돌입, ""제도권 금융 수준의 투명성 갖출 것...","빗썸은 2025년 가상화폐거래소사업(빗썸)과 부동산투자부문을 포함한 신사업(빗썸에셋)을 분리했다. 빗썸은 앞서 2020년, 2023년 두 차례에 걸쳐 코스닥 상장을 추진한 경험이 있다. 2020년에는 가상자산 관련 규제...",https://www.businesspost.co.kr/BP?command=article_view&num=443879,16,0.7137,1,keep,candidate_hybrid_keep_strong_domain_rule_anchor,16,0.7137,ipo;가상자산;빗썸,코스닥;금융,,candidate_hybrid,1,0.65,0.35
"빗썸, 2028년 IPO 목표…단계별 상장 준비 본격화","국내 가상자산 거래소 빗썸이 '28년 IPO를 목표로 단계별 상장 준비에 나선다. 4일 빗썸은 '28년 IPO(기업공개)를 목표로 내부통제 체계 강화, 회계 기준 정비, 투명한 지배구조 확립 등 상장 준비에 속도를 낸다고 밝혔다....",https://news.tvchosun.com/site/data/html_dir/2026/08/04/2026080490152.html,13,0.8239,1,keep,candidate_hybrid_keep_strong_domain_rule_anchor,13,0.8239,ipo;가상자산;빗썸,,,candidate_hybrid,1,0.65,0.35
"빗썸, ""2028년 상장 목표""…내년 상장 예비심사 청구",가상자산 거래소 빗썸이 2028년을 목표로 상장 준비에 속도를 낸다고 4일 발표했다. 빗썸에 따르면 빗썸은 기업의 투명성과 지속가능성을 시장에서 검증받기 위한 단계별 로드맵을 수립하고 상장 준비를 본격화하고 있다....,https://www.thelec.kr/news/articleView.html?idxno=60520,9,0.7858,1,keep,candidate_hybrid_keep_strong_domain_rule_anchor,9,0.7858,가상자산;빗썸,,,candidate_hybrid,1,0.65,0.35
오프쇼어링에 실적 악화까지…가상자산 거래소 '리테일 확대' 안간힘,"시장에서는 가상자산 거래소와 증권사 모바일트레이딩시스템(MTS)의 결합을 첫 단추로 보고 있다. 향후 가상자산과 전통 금융 상품의 투자, 자산관리, 결제를 아우르는 통합 플랫폼을 구축하려는 포석인 것이다. 다만 규제...",https://www.newsway.co.kr/news/view?ud=2026080410294387102,9,0.8413,1,keep,candidate_hybrid_keep_strong_domain_rule_anchor,9,0.8413,증권사;가상자산,실적;금융,,candidate_hybrid,1,0.65,0.35
‘128억 필로폰’ 막은 안산단원서…경찰 최고 포상 1500만원 받는다,인천 부평경찰서 강력1팀은 해외 가상자산 거래소를 이용해 7476억원 규모의 범죄수익을 세탁한 조직을 적발해 한국계 중국인 1명을 구속 송치하고 41억원을 기소 전 추징보전한 성과를 인정받아 700만 원의 포상금을...,https://www.sedaily.com/article/20075536?ref=naver,4,0.7042,1,keep,candidate_hybrid_model_keep_prob_ge_threshold_with_domain_anchor,4,0.7042,가상자산,,,candidate_hybrid,1,0.65,0.35
"빗썸, 2028년 IPO 목표 ··· 단계별 상장 로드맵 추진",가상자산거래소의 핵심인 고객 자산 보호와 시스템 안정성을 극대화하기 위해 리스크 관리 체계와 내부통제를 제도권 금융사 수준으로 전면 개편하고 있다. 빗썸은 글로벌 상장사에 요구되는 엄격한 기준을 맞추고자...,https://www.datanet.co.kr/news/articleView.html?idxno=213540,18,0.8358,1,keep,candidate_hybrid_keep_strong_domain_rule_anchor,18,0.8358,ipo;가상자산;가상자산거래소;빗썸,,,candidate_hybrid,1,0.65,0.35
하드웨어 지갑 1660억 털렸다…코인 또 대형 보안사고,가상자산 업계가 또 한 번 대규모 보안 사고에 흔들리고 있다. 이번에는 캐나다 업체가 만든 하드웨어... 중앙화 거래소가 오히려 더 안전하고 관리하기 쉬운 선택이라는 의견도 나오고 있다. 바이낸스 창업자...,https://www.edaily.co.kr/news/newspath.asp?newsid=04657606645544040,4,0.602,0,drop,candidate_hybrid_gray_drop_score_lt_threshold,4,0.602,가상자산,,,candidate_hybrid,1,0.65,0.35
"현물 거래량 70% 감소, 파생상품 비중 84.5%","거래량 지표만으로 특정 거래소나 가상자산의 가격 흐름을 판단하기는 어렵다. 검증 출처: 코인게코 2026년 2분기 가상자산 산업 보고서, 코인마켓캡 2026년 6월 거래소 보고서",https://www.tokenpost.kr/news/market/384774,4,0.7682,1,keep,candidate_hybrid_model_keep_prob_ge_threshold_with_domain_anchor,4,0.7682,가상자산,,,candidate_hybrid,1,0.65,0.35
마약조직 추적해 128억 원대 필로폰 압수… 단원서 수사팀 포상금 1500만...,"또 캄보디아 조직에서 해외 가상자산 거래소를 이용해 세탁한 범죄수익 7,476억 원을 국내에서 인출한 뒤 중국 보따리상에게 전달한 한국 귀화 중국인 1명을 구속 송치하고 41억 원을 기소 전 추징보전한 부평경찰서...",https://www.hankookilbo.com/news/article/A2026080410090001933?did=NA,4,0.6598,1,keep,candidate_hybrid_model_keep_prob_ge_threshold_with_domain_anchor,4,0.6598,가상자산,,,candidate_hybrid,1,0.65,0.35
"""가장 안전하다""던 비트코인 콜드월렛 해킹당해…1억 달러 넘는 자산 탈...",콜드월렛은 인터넷과 분리된 별도의 하드웨어 기기에 가상자산 개인키를 보관하는 방식이다. 온라인 해킹 위험이 낮아 거래소나 인터넷 기반 지갑보다 안전한 보관 수단으로 평가받아 왔다. 이번 해킹은 콜드카드...,https://www.theguru.co.kr/news/article.html?no=105298,5,0.6407,0,drop,candidate_hybrid_gray_drop_score_lt_threshold,5,0.6407,가상자산,달러,,candidate_hybrid,1,0.65,0.35
가상자산 과세 유예 끝…상속·증여까지 정조준,가상자산은 이 대상 자산으로 명시돼 있지 않다. 비거주자로 전환한 뒤 해외 거래소나 개인 지갑으로 자산을 옮기면 미실현 이익에 대한 과세 근거가 마땅치 않다는 뜻이다. 구민우 한림대 교수는 국내 거래소...,https://www.kfenews.co.kr/news/articleView.html?idxno=661850,4,0.6783,1,keep,candidate_hybrid_model_keep_prob_ge_threshold_with_domain_anchor,4,0.6783,가상자산,,,candidate_hybrid,1,0.65,0.35
빗썸 2028년 상장 로드맵 가동…'시장 신뢰 회복'이 관건,"가장 공을 들이는 부분은 가상자산 거래소의 핵심인 고객 자산 보호와 시스템 안정성 확보다. 빗썸은 글로벌 상장사에 요구되는 엄격한 기준을 맞추기 위해 대형 회계법인과 정밀 컨설팅을 진행, 일반기업회계기준(K...",https://www.mhj21.com/news/articleView.html?idxno=253484,9,0.7904,1,keep,candidate_hybrid_keep_strong_domain_rule_anchor,9,0.7904,가상자산;빗썸,,,candidate_hybrid,1,0.65,0.35
"[코인시황] 비트코인, 9000만원 회복했지만…뉴욕증시 랠리에도 '제자리...","국내 가상자산 거래소 빗썸에서는 전날보다 0.29% 내린 9064만원을 기록했다. 알트코인은 혼조세를 보였다. 시가총액 2위 이더리움은 0.20% 상승한 1863.58달러를 기록했고, 엑스알피(XRP)는 0.29% 오른 1.07달러, 비앤비(BNB)는...",https://www.newsworks.co.kr/news/articleView.html?idxno=849339,4,0.7157,1,keep,candidate_hybrid_model_keep_prob_ge_threshold_with_domain_anchor,4,0.7157,가상자산,,,candidate_hybrid,1,0.65,0.35
"빗썸 ""2028년 IPO""…회계기준 바꾸고 내부통제 손본다",거래소 사업(빗썸)과 신사업(빗썸에셋)을 분리해 부문별 역할과 책임을 나눴다. 빗썸은 수수료 중심의 수익 구조를 보완하기 위해 사업 모델을 다각화하고 유동성 자산을 확보하고 있다고 설명했다. 재무 현황과 가상...,https://platum.kr/archives/291886,13,0.6913,1,keep,candidate_hybrid_keep_strong_domain_rule_anchor,13,0.6913,유동성;ipo;빗썸,수수료,,candidate_hybrid,1,0.65,0.35
2028년 증시 입성을 목표로…빗썸 ‘IPO’ 카운트다운,빗썸 관계자는 “이번 IPO는 단순한 상장을 넘어 가상자산 거래소의 투명성과 안정성을 제도권 금융 수준으로 끌어올리기 위한 과정”이라며 “시장과 투자자가 신뢰할 수 있는 기업으로 자리매김할 수 있도록 남은...,https://m.skyedaily.com/news_view.html?ID=309138,14,0.6845,1,keep,candidate_hybrid_keep_strong_domain_rule_anchor,14,0.6845,ipo;가상자산;빗썸,금융,,candidate_hybrid,1,0.65,0.35
[위클리 IT뷰] 구글어스 AI 편집기능 철회와 애플의 시리 AI 유료화 추진,"■ 빗썸, 2028년 IPO 추진 ""내년 상장 예비심사 청구한다"" 국내 대표 가상자산 거래소인 빗썸이 기업 경영의 투명성을 증명하고 가치를 극대화하기 위해 오는 2028년까지 기업공개(IPO)를 완료하겠다는 구체적인 청사진을...",https://www.gamevu.co.kr/news/articleView.html?idxno=59789,13,0.7836,1,keep,candidate_hybrid_keep_strong_domain_rule_anchor,13,0.7836,ipo;가상자산;빗썸,,,candidate_hybrid,1,0.65,0.35
"[마켓IN브리핑]빗썸, 2028년 IPO 시동건다",빗썸은 가상자산 거래소 사업과 투자·신사업 부문을 분리해 각 법인의 역할을 구분했다. 거래소 운영 과정에서 발생할 수 있는 이해상충을 줄이고 사업별 책임 범위를 나누기 위한 조치다. 존속법인은 거래소 운영에...,http://www.hansbiz.co.kr/news/articleView.html?idxno=854345,13,0.7312,1,keep,candidate_hybrid_keep_strong_domain_rule_anchor,13,0.7312,ipo;가상자산;빗썸,,,candidate_hybrid,1,0.65,0.35
"해시덱스, '美 상장' 비트코인 현물 ETF 운용 종료…첫 종료 사례",박현영 블록체인전문기자 = 가상자산 운용사 해시덱스가 미 증시에 상장돼 있던 비트코인 현물... 해시덱스의 비트코인 현물 ETF는 뉴욕증권거래소 아르카에서 'DEFI'라는 티커로 거래돼 왔으며 운용자산 규모는 약...,https://www.news1.kr/finance/blockchain-fintech/6248521,4,0.7185,1,keep,candidate_hybrid_model_keep_prob_ge_threshold_with_domain_anchor,4,0.7185,가상자산,,,candidate_hybrid,1,0.65,0.35
"빗썸, IPO 추진 로드맵 공개…내부통제·회계 체계 정비 나선다",빗썸 관계자는 “IPO 추진은 가상자산 거래소의 투명성과 안정성을 높이는 과정”이라며 “시장과 투자자가 신뢰할 수 있는 기업으로 자리 잡기 위해 상장 준비 절차를 체계적으로 진행하겠다”고 말했다.,http://www.lawissue.co.kr/view.php?ud=202608041130032260204ead0791_12,13,0.7367,1,keep,candidate_hybrid_keep_strong_domain_rule_anchor,13,0.7367,ipo;가상자산;빗썸,,,candidate_hybrid,1,0.65,0.35
"""5000만원에 산 코인, 1.5억원에 팔아도 세금은 950만원""…내년부터 코인...",비거주자와 외국법인이 국내 거래소를 통해 가상자산을 거래하는 경우에는 원천징수 방식으로 과세된다. 업비트·빗썸 등 국내 가상자산사업자는 거래 단계에서 세금을 원천징수해 다음 달 10일까지 납부해야...,https://view.asiae.co.kr/article/2026080409084396425,14,0.6962,1,keep,candidate_hybrid_keep_strong_domain_rule_anchor,14,0.6962,가상자산;업비트;빗썸,,,candidate_hybrid,1,0.65,0.35
"빗썸, 2028년 IPO 목표 상장 속도···내부통제·K-IFRS 전환 박차","국내 대표 가상자산거래소 빗썸이 2028년 기업공개(IPO)를 목표로 내부통제 체계 강화, 회계 기준 정비, 지배구조 확립 등 상장 준비에 속도를 낸다. 빗썸은 기업 투명성과 지속가능성을 시장에서 검증받기 위한 단계별...",https://www.globale.co.kr/news/articleView.html?idxno=39693,18,0.8114,1,keep,candidate_hybrid_keep_strong_domain_rule_anchor,18,0.8114,ipo;가상자산;가상자산거래소;빗썸,,,candidate_hybrid,1,0.65,0.35
빗썸 “2028년 IPO 목표…지배구조 투명성 강화”,빗썸 측은 “가상자산 거래소의 핵심인 고객 자산 보호와 시스템 안정성을 극대화하기 위해 리스크 관리 체계와 내부통제를 제도권 금융회사 수준으로 전면 개편 중”이라고 설명했다. 이를 위해 고객 자산 관리...,https://biz.heraldcorp.com/article/10830210?ref=naver,13,0.8048,1,keep,candidate_hybrid_keep_strong_domain_rule_anchor,13,0.8048,ipo;가상자산;빗썸,,,candidate_hybrid,1,0.65,0.35
"""내년부터 코인 세금 낸다""…정부는 강행, 투자자는 '형평성' 반발",해외 거래소 이탈과 국내 시장 위축으로 이어질 수 있다고 우려하고 있다. 미국·영국은 '팔 때 생긴 이익'에만 세금을 매기는 자본이득세 해외 가상자산 과세는 크게 두 갈래로 나뉜다. 하나는 코인을 '자산'으로 보고 매매...,https://www.newsis.com/view/NISX20260804_0003735616,4,0.5796,0,drop,candidate_hybrid_gray_drop_score_lt_threshold,4,0.5796,가상자산,,,candidate_hybrid,1,0.65,0.35
9090억 현금화 대신 두나무에 5978억 더 넣은 한화證...'주식·코인 한 앱...,"거래가 마무리되면 보유 주식은 206만9450주에서 343만500주로, 지분율은 5.94%에서 9.84%로 높아진다.이는 가상자산 거래소를 단순 매매 중개업체가 아니라 주식과 토큰증권, 디지털자산을 연결할 금융 인프라로 본...",https://www.insight.co.kr/news/566275,15,0.7458,1,keep,candidate_hybrid_keep_strong_domain_rule_anchor,15,0.7458,가상자산;토큰증권;디지털자산,주식;금융,,candidate_hybrid,1,0.65,0.35
"상장 시동 건 빗썸, 유령코인 리스크·대주주 적격성 '최대 변수'","국내 2위 가상자산 거래소인 빗썸이 2028년 기업공개(IPO)를 목표로 단계적 상장 계획을 공식화했다. 다만 금융당국 제재 리스크와 '유령코인' 사태 후속 조치, 복잡한 지배구조에 따른 대주주 적격성 논란 등이...",https://www.newspim.com/news/view/20260804000470,16,0.8262,1,keep,candidate_hybrid_keep_strong_domain_rule_anchor,16,0.8262,ipo;제재;가상자산;빗썸,,,candidate_hybrid,1,0.65,0.35
"비트마인, 이더리움 1만399개 추가 매수…빗썸 IPO 계획",국내 가상자산 거래소 빗썸은 기업공개(IPO) 계획을 발표했다. 테크플로우(TechFlow)는 4일 비트마인의 이더리움 추가 매수와 빗썸의 IPO 계획을 함께 전했다.,https://www.tokenpost.kr/news/breaking/384683,13,0.8155,1,keep,candidate_hybrid_keep_strong_domain_rule_anchor,13,0.8155,ipo;가상자산;빗썸,,,candidate_hybrid,1,0.65,0.35
"코인원, 세 가지 수수료 혜택 담은 '바우처' 서비스 출시","할인된 거래 수수료율 0.04%는 국내 가상자산 거래소 중 최저 수준이다. 또한 USDT(테더) 종목의 메이커 거래(호가창에 매수/매도 잔량을 추가하는 주문)는 거래 수수료를 무료로 이용할 수 있다. 단, 수수료 할인은...",https://www.cnbnews.com/news/articleView.html?idxno=1010237,5,0.5307,0,drop,candidate_hybrid_gray_drop_score_lt_threshold,5,0.5307,가상자산,수수료,,candidate_hybrid,1,0.65,0.35
"빗썸, 2028년 기업공개 목표 로드맵 발표","거래소는 재무 현황과 주요 경영 사항, 가상자산 보유 현황 등을 시장에 투명하게 공개하고 투자자와 고객이 신뢰할 수 있는 정보를 제공하겠다고 강조했다. 한편 기업공개 추진 일정도 공개됐다. 빗썸은 올해 내부통제...",https://www.khgames.co.kr/news/articleView.html?idxno=306974,9,0.7688,1,keep,candidate_hybrid_keep_strong_domain_rule_anchor,9,0.7688,가상자산;빗썸,,,candidate_hybrid,1,0.65,0.35
"빗썸, 2028년 IPO 추진…내부통제·회계 기준 정비 본격화","가상자산 거래소 빗썸이 2028년 기업공개(IPO)를 목표로 내부통제 강화와 회계 기준 정비, 지배구조 개선에 나선다. 빗썸은 4일 단계별 상장 로드맵을 마련하고 본격적인 IPO 준비에 착수했다고 밝혔다. 계획에 따르면...",https://www.ddaily.co.kr/page/view/2026080408210325488,13,0.8562,1,keep,candidate_hybrid_keep_strong_domain_rule_anchor,13,0.8562,ipo;가상자산;빗썸,,,candidate_hybrid,1,0.65,0.35
美 의회 표결서 빠진 클래리티법…연내 통과 가능성 27% ‘뚝’,미국 최대 가상자산 거래소 코인베이스는 최근 의원들에게 클래리티법 통과를 촉구하는 광고 캠페인을 공개했다. 자산운용사 그레이스케일도 상원에 서한을 보내 이달 휴회 전 클래리티법을 본회의에서 표결해 달라고...,https://www.news1.kr/finance/blockchain-fintech/6248411,4,0.74,1,keep,candidate_hybrid_model_keep_prob_ge_threshold_with_domain_anchor,4,0.74,가상자산,,,candidate_hybrid,1,0.65,0.35
"빗썸, 2028년 IPO 로드맵 공개…내부통제·K-IFRS 전환으로 상장 준비","| 이코노미사이언스 박성현 기자 | 가상자산 거래소의 경쟁력이 거래량 중심에서 내부통제와 회계 투명성으로 이동하고 있다. 빗썸은 2028년 기업공개(IPO)를 목표로 내부통제 체계와 회계기준, 지배구조를 단계적으로...",https://www.e-science.co.kr/news/articleView.html?idxno=132889,13,0.7777,1,keep,candidate_hybrid_keep_strong_domain_rule_anchor,13,0.7777,ipo;가상자산;빗썸,,,candidate_hybrid,1,0.65,0.35
바이비트 피터 루 최고법무·컴플라이언스책임자 선임,그는 세계에서 가장 선진적인 가상자산 규제 체계 중 하나를 설계하는 데 핵심 역할을 했다. 라이선스 체계와 시장 행위 정책 및 집행 프로토콜 개발을 이끌었다. 국제 거래소와 수탁기관 및 기관 참여자들과 협력해...,https://www.tokenpost.kr/news/blockchain/384644,4,0.6579,1,keep,candidate_hybrid_model_keep_prob_ge_threshold_with_domain_anchor,4,0.6579,가상자산,,,candidate_hybrid,1,0.65,0.35
"빗썸, 2028년 IPO 정조준…내년 예심 청구",빗썸은 가상자산거래소의 핵심인 고객 자산 보호와 거래 시스템 안정성을 높이기 위해 리스크 관리와 내부통제 체계를 제도권 금융회사 수준으로 개편하고 있다. 글로벌 상장사에 요구되는 기준을 갖추기 위해 대형...,https://www.bloter.net/news/articleView.html?idxno=669900,18,0.7593,1,keep,candidate_hybrid_keep_strong_domain_rule_anchor,18,0.7593,ipo;가상자산;가상자산거래소;빗썸,,,candidate_hybrid,1,0.65,0.35
"빗썸, 2028년 IPO 정조준…복잡한 지배구조 '투명성 시험대'","국내 2위 원화 가상자산 거래소로서 사업성과 재무 여력은 갖췄다. 문제는 복잡한 지배구조다. IPO 과정에서도 빗썸홀딩스와 디에이에이(DAA), 해외법인으로 이어지는 지배구조를 시장에 얼마나 명확하게 설명하느냐가...",https://www.etnews.com/20260804000112,14,0.7548,1,keep,candidate_hybrid_keep_strong_domain_rule_anchor,14,0.7548,ipo;가상자산;빗썸,원화,,candidate_hybrid,1,0.65,0.35
"스트래티지 '1637개' 팔았는데…비트코인, 6만 3000달러대 유지[코인브리...","""힘들어진 '클래리티 법' 상원 통과…가상자산 추가 하락 가능성"" 미 의회 상원이 이번 주말 여름 휴회에... 해시덱스의 비트코인 현물 ETF는 뉴욕증권거래소 아르카에서 'DEFI'라는 티커로 거래돼 왔으며 운용자산...",https://www.news1.kr/finance/blockchain-fintech/6248362,4,0.611,0,drop,candidate_hybrid_gray_drop_score_lt_threshold,4,0.611,가상자산,,,candidate_hybrid,1,0.65,0.35
美클래리티법 기대감 ‘뚝’…“연내 통과 전망 30%” [크립토360],"폴 앳킨스 SEC 위원장은 최근 클래리티법이 의회를 통과하지 못하더라도 증권성 판단 기준과 거래소 규제, 공시 체계 등 기존 권한 범위 내에서 가상자산 시장 규제를 지속적으로 마련하겠다는 입장을 밝힌 바 있다.",https://biz.heraldcorp.com/article/10830049?ref=naver,4,0.6834,1,keep,candidate_hybrid_model_keep_prob_ge_threshold_with_domain_anchor,4,0.6834,가상자산,,,candidate_hybrid,1,0.65,0.35
"빗썸 ""2028년 IPO 목표…내부통제 강화·지배구조 투명화""","빗썸 관계자는 ""이번 IPO 추진은 단순한 상장을 넘어 가상자산 거래소의 투명성과 안정성을 제도권 금융 수준으로 끌어올리겠다는 선언""이라며 ""남은 상장 요건들을 체계적으로 이행해 나가겠다""고 말했다. 한편 빗썸은...",http://www.fnnews.com/news/202608040957288007,14,0.8103,1,keep,candidate_hybrid_keep_strong_domain_rule_anchor,14,0.8103,ipo;가상자산;빗썸,금융,,candidate_hybrid,1,0.65,0.35
"빗썸, 2028년 IPO 목표...""투명성과 신뢰성 입증할 것""","거래소 사업(빗썸)과 신사업(빗썸에셋)을 분리해 사업구조를 단순화했으며, 각 부문별 역할과 책임을 명확히 해 이해상충 가능성을 사전에 차단하는 지배구조 기반을 마련했다. 가상자산 시장의 변동성에 흔들리지 않는...",https://www.newstree.kr/newsView/ntr202608040008,13,0.7301,1,keep,candidate_hybrid_keep_strong_domain_rule_anchor,13,0.7301,ipo;가상자산;빗썸,,,candidate_hybrid,1,0.65,0.35
전 세계 국가 해킹 55%가 북한 소행... 사이버 보안 비상,페이머스 천리마 외에도 '스타더스트 천리마' 등 또 다른 북한 연계 해킹 조직들은 핀테크 기업과 가상자산 거래소를 집중 공격하며 금융 자산을 노린 사이버 침투를 이어가고 있다.,https://www.insight.co.kr/news/566240,5,0.5758,0,drop,candidate_hybrid_gray_drop_score_lt_threshold,5,0.5758,가상자산,금융,,candidate_hybrid,1,0.65,0.35
"원조 거래소 빗썸, '2028년 IPO 추진' 공식화",국내 원조 가상자산 거래소 빗썸이 2028년 기업공개(IPO)를 목표로 상장 준비 작업에 속도를 내고 있다고 4일 밝혔다. ◇ 내부통제·고객 자산 관리 체계 강화 빗썸은 단계별 상장 계획을 마련했다. 2026년까지 내부통제 체계...,https://www.straightnews.co.kr/news/articleView.html?idxno=308259,13,0.834,1,keep,candidate_hybrid_keep_strong_domain_rule_anchor,13,0.834,ipo;가상자산;빗썸,,,candidate_hybrid,1,0.65,0.35
"빗썸, 2028년 IPO 재도전…회계·내부통제 체계 전면 정비","포쓰저널 김지훈 기자 빗썸 /연합 가상자산 거래소 빗썸이 2028년 기업공개(IPO)를 목표로 회계와 내부통제, 지배구조 전반을 재정비한다. 빗썸은 최근 단계별 상장 준비 로드맵을 수립하고 내부통제 체계 강화와...",http://www.4th.kr/news/articleView.html?idxno=2115754,13,0.8101,1,keep,candidate_hybrid_keep_strong_domain_rule_anchor,13,0.8101,ipo;가상자산;빗썸,,,candidate_hybrid,1,0.65,0.35
'2028년 상장' 선언한 빗썸…제재·지배구조·실적 '삼중 암초',"빗썸 관계자는 ""이번 IPO 추진은 단순한 상장을 넘어 가상자산 거래소의 투명성과 안정성을 제도권 금융 수준으로 끌어올리겠다는 선언""이라며 ""시장과 투자자가 깊이 신뢰할 수 있는 기업으로 거듭나기 위해 남은 상장...",https://www.joongangenews.com/news/articleView.html?idxno=537515,18,0.7296,1,keep,candidate_hybrid_keep_strong_domain_rule_anchor,18,0.7296,ipo;제재;가상자산;빗썸,실적;금융,,candidate_hybrid,1,0.65,0.35
"빗썸, 내후년 상장 목표…단계별 상장 준비 본격화",거래소 사업(빗썸)과 신사업(빗썸에셋)을 분리해 사업 구조를 단순화 해 이해상충 가능성을 사전에 차단했다. 공시 체계와 소통 채널도 강화한다. 빗썸은 재무 현황과 가상자산 보유 정보 등을 정기적으로 공시해 시장의...,https://weekly.hankooki.com/news/articleView.html?idxno=7177317,9,0.6859,1,keep,candidate_hybrid_keep_strong_domain_rule_anchor,9,0.6859,가상자산;빗썸,,,candidate_hybrid,1,0.65,0.35
"빗썸, 투명 경영 앞세워 2028년 상장 도전","현대경제신문 임이랑 기자 | 국내 가상자산 거래소 빗썸  홈페이지 공시를 통해, 기업가치 극대화와 경영 투명성 증명을 목표로 2028년까지 지배구조를 개선해 기업공개(IPO)를 완료하겠다는 계획을 전했다. 회사는 지난...",http://www.finomy.com/news/articleView.html?idxno=258529,13,0.7952,1,keep,candidate_hybrid_keep_strong_domain_rule_anchor,13,0.7952,ipo;가상자산;빗썸,,,candidate_hybrid,1,0.65,0.35
"“8월 통과 물 건너가나”…美 클래리티법, 상원 본회의 안건서 빠져","내에서 가상자산 시장에 대한 규제 체계를 지속적으로 정비하겠다는 입장을 밝혔다. 이에 따라 입법이 지연되더라도 SEC는 증권성 판단 기준, 거래소 규제, 공시체계 등 행정 권한을 활용한 규제 정비를 계속 추진할...",https://www.mk.co.kr/article/12115978,4,0.6736,1,keep,candidate_hybrid_model_keep_prob_ge_threshold_with_domain_anchor,4,0.6736,가상자산,,,candidate_hybrid,1,0.65,0.35
"빗썸, 2028년 IPO 추진…“제도권 금융 수준 투명성 확보”","국내 가상자산 거래소 빗썸이 2028년 기업공개(IPO)를 목표로 상장 준비에 본격 착수한다고 4일 밝혔다. 내부통제 체계 강화와 한국채택국제회계기준(K-IFRS) 전환, 지배구조 개선 등을 통해 제도권 금융회사 수준의...",http://www.joseilbo.com/news/news_read.php?uid=573192&class=18&grp=,14,0.879,1,keep,candidate_hybrid_keep_strong_domain_rule_anchor,14,0.879,ipo;가상자산;빗썸,금융,,candidate_hybrid,1,0.65,0.35
"금감원, 빗썸에 검사의견서 전달…오지급 사태 제재 절차 착수",민주신문=승동엽 기자｜금융감독원이 시스템 오류로 대규모 비트코인을 잘못 지급한 가상자산거래소 빗썸에 검사의견서를 보내며 제재 절차를 본격화했다. 현장검사 결과를 토대로 위법 여부와 제재 수위를 담은...,http://www.iminju.net/news/articleView.html?idxno=167531,24,0.8213,1,keep,candidate_hybrid_keep_strong_domain_rule_anchor,24,0.8213,금융감독원;금감원;제재;가상자산;가상자산거래소,,,candidate_hybrid,1,0.65,0.35
"빗썸, 2028년 IPO 목표 공식화…내년 예심 청구",2026년 내부통제 고도화·K-IFRS 전환 두나무도 네이버와 거래 후 IPO 추진 [뉴스투데이=염보라 기자] 국내 가상자산 거래소 빗썸이 오는 2028년 기업공개(IPO)를 완료하겠다는 단계별 상장 계획을 공개했다. 당초 시장에서...,https://www.news2day.co.kr/article/20260804500044,13,0.8376,1,keep,candidate_hybrid_keep_strong_domain_rule_anchor,13,0.8376,ipo;가상자산;빗썸,,,candidate_hybrid,1,0.65,0.35
"[모닝 뉴스브리핑] 미 상원, 임시예산안 처리로 연방정부 셧다운 위험 ...",미국 상원 지도부가 8월 휴회에 들어가기 전 가상자산 규제 법안인 클래리티 법안인 클래리티 법안... 공격자는 플래시론으로 확보한 자금을 탈중앙화거래소(DEX)에 투입해 엘피디(LPD) 토큰 가격을 인위적으로...,https://www.tokenpost.kr/news/briefing/384614,4,0.6043,0,drop,candidate_hybrid_gray_drop_score_lt_threshold,4,0.6043,가상자산,,,candidate_hybrid,1,0.65,0.35
"스퀴드, $QUID 퍼블릭 세일 종료… 하드캡 대비 11.9배 신청",세일은 토큰 세일 플랫폼 리전(Legion)과 글로벌 가상자산 거래소 크라켄(Kraken)을 통해 동시에 진행됐다. 퍼블릭 세일 물량은 토큰 생성 이벤트(TGE) 시점에 전량 풀리며 별도의 락업이나 베스팅은 적용되지 않는다....,https://www.fntoday.co.kr/news/articleView.html?idxno=389584,4,0.726,1,keep,candidate_hybrid_model_keep_prob_ge_threshold_with_domain_anchor,4,0.726,가상자산,,,candidate_hybrid,1,0.65,0.35
"빗썸, 2028년 IPO 완주 목표…""상장 통해 투명성 입증""","빗썸 관계자는 ""이번 IPO 추진은 단순한 상장을 넘어 가상자산 거래소의 투명성과 안정성을 제도권 금융 수준으로 끌어올리겠다는 선언""이라며 ""시장과 투자자가 깊이 신뢰할 수 있는 기업으로 거듭나기 위해 남은 상장...",http://www.consumernews.co.kr/news/articleView.html?idxno=760735,14,0.7532,1,keep,candidate_hybrid_keep_strong_domain_rule_anchor,14,0.7532,ipo;가상자산;빗썸,금융,,candidate_hybrid,1,0.65,0.35
"비트코인 9042만 원대 하락, 미국 클래리티법안 표결 연기에 투자심리 ...",미국 가상자산 시장구조법안인 클래리티법안의 상원 표결이 연기됐다. 사진은 가상화폐 그래픽 이미지. 4일 가상화폐거래소 빗썸에서 오전 8시32분 기준 비트코인은 24시간 전보다 1BTC(비트코인 단위)당 0.52% 내린...,https://www.businesspost.co.kr/BP?command=article_view&num=443854,4,0.591,0,drop,candidate_hybrid_gray_drop_score_lt_threshold,4,0.591,가상자산,,,candidate_hybrid,1,0.65,0.35
"빗썸, 2028년 IPO 목표…2027년 내 예비심사 청구",구체적으로는 가상자산 거래소의 핵심인 고객 자산 보호와 시스템 안정성을 극대화하기 위해 리스크 관리 체계와 내부통제를 제도권 금융회사 수준으로 전면 개편하고 있다. 특히 글로벌 상장사에 요구되는 엄격한...,http://www.metroseoul.co.kr/article/20260804500040,13,0.8088,1,keep,candidate_hybrid_keep_strong_domain_rule_anchor,13,0.8088,ipo;가상자산;빗썸,,,candidate_hybrid,1,0.65,0.35
"빗썸, 2028년 IPO 목표…내부통제·K-IFRS 전환 추진","빗썸 관계자는 ""이번 IPO 추진은 단순한 상장을 넘어 가상자산 거래소의 투명성과 안정성을 제도권 금융 수준으로 끌어올리겠다는 선언""이라며, ""시장과 투자자가 깊이 신뢰할 수 있는 기업으로 거듭나기 위해 남은 상장...",https://www.cbci.co.kr/news/articleView.html?idxno=594302,14,0.8054,1,keep,candidate_hybrid_keep_strong_domain_rule_anchor,14,0.8054,ipo;가상자산;빗썸,금융,,candidate_hybrid,1,0.65,0.35
빗썸 “2028년 IPO 목표…지배구조 투명성 강화”[크립토 360],빗썸 측은 “가상자산 거래소의 핵심인 고객 자산 보호와 시스템 안정성을 극대화하기 위해 리스크 관리 체계와 내부통제를 제도권 금융회사 수준으로 전면 개편 중”이라고 설명했다. 이를 위해 고객 자산 관리...,https://biz.heraldcorp.com/article/10829876?ref=naver,13,0.7967,1,keep,candidate_hybrid_keep_strong_domain_rule_anchor,13,0.7967,ipo;가상자산;빗썸,,,candidate_hybrid,1,0.65,0.35
"두나무앤파트너스, 이노크라스 후속 투자…누적 145억원 집행",이투데이=박정호 기자 | 국내 가상자산 거래소 업비트 운영사 두나무의 투자 전문 자회사 두나무앤파트너스는 암 유전체 빅데이터 기업 이노크라스에 후속 투자를 집행했다고 4일 밝혔다. 이노크라스는 복잡한...,https://www.etoday.co.kr/news/view/2610681,9,0.7528,1,keep,candidate_hybrid_keep_strong_domain_rule_anchor,9,0.7528,가상자산;업비트,,,candidate_hybrid,1,0.65,0.35
"빗썸, 2028년 IPO 선언…""가상자산 거래소 투명성 제도권 수준으로""","가상자산 거래소 빗썸이 2028년 기업공개(IPO)를 목표로 내부통제 체계 강화, 회계 기준 전환, 지배구조 투명화 등 상장 준비 작업에 속도를 내고 있다. 단순 상장을 넘어 ""가상자산 거래소의 투명성과 안정성을 제도권 금융...",http://www.newsroad.co.kr/news/articleView.html?idxno=62384,14,0.9054,1,keep,candidate_hybrid_keep_strong_domain_rule_anchor,14,0.9054,ipo;가상자산;빗썸,금융,,candidate_hybrid,1,0.65,0.35
"빗썸, 2028년 IPO 완료 웅대한 목표…""제도권 금융 수준 체계 구축""",가상자산 거래소 빗썸이 2028년까지 기업공개(IPO)를 완료하겠다는 단계별 계획을 공개하고 제도권 금융 수준의 경영체계 구축을 목표로 제시했다. 가상자산 사업자에 대한 제도권 편입 논의가 이어지는 가운데 나온 상장...,https://www.financialpost.co.kr/news/articleView.html?idxno=269006,14,0.8475,1,keep,candidate_hybrid_keep_strong_domain_rule_anchor,14,0.8475,ipo;가상자산;빗썸,금융,,candidate_hybrid,1,0.65,0.35
3일 잠복해 128억 어치 필로폰 압수한 수사팀…1500만 원 포상,또 캄보디아 조직에서 해외 가상자산 거래소를 이용해 세탁한 범죄자금 7476억 원을 국내에서 인출해 중국 보따리상에게 전달한 한국 귀화 중국인 1명 구속 송치하고 41억 원을 기소 전 추징보전한 인천경찰청...,https://www.news1.kr/society/incident-accident/6248147,4,0.6868,1,keep,candidate_hybrid_model_keep_prob_ge_threshold_with_domain_anchor,4,0.6868,가상자산,,,candidate_hybrid,1,0.65,0.35
"빗썸, 2028년 IPO 정조준…내부통제 고도화 등 초점",빗썸은 가상자산 거래소의 핵심인 고객 자산 보호와 시스템 안정성을 극대화하기 위해 리스크 관리 체계와 내부통제를 제도권 금융회사 수준으로 전면 개편하고 있다. 빗썸은 글로벌 상장사에 요구되는 엄격한 기준을...,https://www.sidae.com/article/2026080408540764463,13,0.8097,1,keep,candidate_hybrid_keep_strong_domain_rule_anchor,13,0.8097,ipo;가상자산;빗썸,,,candidate_hybrid,1,0.65,0.35
"빗썸, 2028년 IPO 목표로 상장 준비 속도",먼저 가상자산 거래소의 핵심인 고객 자산 보호와 시스템 안정성을 극대화하기 위해 리스크 관리 체계와 내부통제를 제도권 금융회사 수준으로 전면 개편하고 있다. 빗썸은 글로벌 상장사에 요구되는 엄격한 기준을...,http://www.enewstoday.co.kr/news/articleView.html?idxno=2455492,13,0.8227,1,keep,candidate_hybrid_keep_strong_domain_rule_anchor,13,0.8227,ipo;가상자산;빗썸,,,candidate_hybrid,1,0.65,0.35
금융기관 컴플라이언스 수요 대응…보난자-베리파이바스프 맞손,국내 가상자산거래소와 은행 간 원화 입출금 솔루션을 제공하는 보난자팩토리가 글로벌 트래블룰 솔루션 기업 베리파이바스프(VerifyVASP)와 국내 금융기관을 위한 디지털자산 컴플라이언스 인프라 파트너십을...,https://www.mt.co.kr/future/2026/08/04/2026080315302514551,17,0.7604,1,keep,candidate_hybrid_keep_strong_domain_rule_anchor,17,0.7604,은행;가상자산;디지털자산;가상자산거래소,원화,,candidate_hybrid,1,0.65,0.35
"사토시홀딩스 자회사, 글로벌 스테이블코인 결제 ‘BitPal’ 오픈 베타 ...","구매자 입장에서도 별도의 BitPal 회원가입이나 지갑 연동 없이, 기존에 보유한 외부 지갑이나 거래소... 과소ㆍ과다 입금이나 토큰 전송 오류 등 가상자산 결제 과정에서 빈번히 발생하는 문제도 자동 구분...",https://www.etoday.co.kr/news/view/2610642,9,0.6759,1,keep,candidate_hybrid_keep_strong_domain_rule_anchor,9,0.6759,가상자산;스테이블코인,,,candidate_hybrid,1,0.65,0.35
여신도 화재보험도 'KB'…은행연 앞에 선 윤종규 [인물 포커스],앞서 이동철 전 KB금융 부회장은 지난 6월 제14대 여신금융협회장에 취임했다. 이 전 부회장은 KB국민카드 대표와 KB금융지주 부회장을 지냈다. 여신협회장직은 그동안 경제 관료 출신이 주로 맡던 자리였는데 이번에는...,https://www.ngetnews.com/news/articleView.html?idxno=552101,12,0.4844,1,keep,candidate_hybrid_keep_strong_domain_rule_anchor,12,0.4844,여신금융협회;여신협회,,,candidate_hybrid,1,0.65,0.35
"신한카드, 8개 카드사 중 상반기 '분쟁 최다'","여신금융협회에 집계된 수치를 보면 상반기 신한카드가 고객과 벌인 분쟁 건수는 191건이었습니다. 1분기에 112건이 나왔고 2분기 79건이 더 늘었는데, 같은 사안이 중복되거나 반복적으로 신고된 경우를 빼도, 1분기...",https://biz.sbs.co.kr/article_hub/20000326567?division=NAVER,9,0.6127,1,keep,candidate_hybrid_keep_strong_domain_rule_anchor,9,0.6127,카드사;여신금융협회,,,candidate_hybrid,1,0.65,0.35
"금감원·카드사, '놀유니버스 부정결제' 분쟁조정 논의 착수",4일 금융권에 따르면 금감원과 카드사들은 지난 15일 여신금융협회에서 열린 카드 부정결제 대응 회의에서 놀유니버스 사고를 안건으로 다뤘다. 사고 당시 결제 형태와 피해 양상 등을 공유하고 향후 분쟁조정을 어떻게...,https://www.kbanker.co.kr/news/articleView.html?idxno=225586,15,0.6732,1,keep,candidate_hybrid_keep_strong_domain_rule_anchor,15,0.6732,금감원;카드사;여신금융협회,,,candidate_hybrid,1,0.65,0.35
"KB증권, ABS 2조8171억원·4년 연속 1위…다시 커지는 구조화금융 시장 ...","KB증권은 일반 회사채와 여신전문금융회사채, 자산유동화증권을 함께 주관하면서 기업 신용을 바탕으로 한... 구조화금융 키운다 해외에서도 자산유동화 시장은 확대되고 있다. 미국증권산업금융시장협회에 따르면...",https://www.upkoreanews.kr/news/articleView.html?idxno=99601,0,0.6094,0,drop,candidate_hybrid_drop_generic_market_or_ipo_noise,0,0.6094,,,,candidate_hybrid,1,0.65,0.35
"롯데카드, 해킹 사태로 영업정지 현실화…수익성·매각 '이중 부담'","5일 금융당국에 따르면 금융위원회는 지난달 31일 열린 정례 회의를 통해 롯데카드의 여신전문금융업법, 신용정보법 위반 사안에 대해 영업정지 1.5개월과 과징금 50억원을 최종 부과했다고 밝혔다. 금융사 해킹 사고와...",https://daily.hankooki.com/news/articleView.html?idxno=1392636,21,0.8328,1,keep,candidate_hybrid_keep_strong_domain_rule_anchor,21,0.8328,금융위원회;금융위;여신전문금융업;과징금,,,candidate_hybrid,1,0.65,0.35
"[토크人사이드] 강정훈 iM뱅크 은행장 “전국서 거둔 성과, 다시 지역으...","금융업에서 인재에 대한 투자는 제조업의 시설투자와 같다. AI 시대에 맞춰 연수체계를 개편하고... 내부 인력, 외부 전문가 등 적절히 활용할 계획이다. iM뱅크가 강점을 가질 수 있는 고객과 분야를 선택해 집중하겠다...",https://www.yeongnam.com/web/view.php?key=20260804020050113,0,0.5154,0,drop,candidate_hybrid_gray_drop_score_lt_threshold,0,0.5154,,,,candidate_hybrid,1,0.65,0.35
박창훈 신한카드 대표 임기 만료 앞두고 정보유출 제재 '촉각',"반면 조사 과정에서 카드회원의 신용도나 거래 내용 등 신용정보가 포함된 사실이 확인될 경우 여신전문금융업법에 따른 업무정지 가능성도 배제하기 어렵다는 분석이다. 주민등록번호가 유출됐는지, 마케팅 활용에...",https://www.insightkorea.co.kr/news/articleView.html?idxno=251633,9,0.6853,1,keep,candidate_hybrid_keep_strong_domain_rule_anchor,9,0.6853,여신전문금융업;제재,,,candidate_hybrid,1,0.65,0.35
"금감원, 297만 명 뚫린 롯데카드 해킹 대응에 ""미흡""…가맹점 관리·탈회...",금융위원회는 지난달 31일 이 사건에 대해 여신전문금융업법과 신용정보법 위반을 이유로 신규 회원 대상 업무정지 1.5개월과 과징금 50억 원을 의결했다. 검사 과정에서는 정보처리시스템 보정(패치) 작업 미실시...,https://www.greened.kr/news/articleView.html?idxno=346772,31,0.7766,1,keep,candidate_hybrid_keep_strong_domain_rule_anchor,31,0.7766,금감원;금융위원회;금융위;여신전문금융업;검사;과징금,가맹점,,candidate_hybrid,1,0.65,0.35
롯데그룹이 '업무정지' 롯데카드로부터 사과 공문 받은 사연 : 7년 전 MB...,"2026년 7월31일 금융위원회는 고객 297만 명의 신용정보를 유출한 롯데카드에 대해 여신전문금융업법, 신용정보의 이용 및 보호에 관한 법률에 따라 업무정지 및 과징금 50억 원 부과를 의결했다. 업무정지 기간은 2026년...",https://www.huffingtonpost.kr/article/259237,21,0.7773,1,keep,candidate_hybrid_keep_strong_domain_rule_anchor,21,0.7773,금융위원회;금융위;여신전문금융업;과징금,,,candidate_hybrid,1,0.65,0.35
"롯데, '해킹 제재' 롯데카드와 선 긋기…""계열사 아니다""",이에 금융위원회는 롯데카드가 여신전문금융업법과 신용정보법을 위반했다고 판단해 업무 일부정지와 과징금 처분을 내렸다. 업무정지 기간은 이달 1일부터 오는 9월15일까지다. 기존 회원은 카드 서비스를 계속 이용할...,http://www.newsprime.co.kr/news/article.html?no=742572,24,0.7783,1,keep,candidate_hybrid_keep_strong_domain_rule_anchor,24,0.7783,금융위원회;금융위;여신전문금융업;제재;과징금,,,candidate_hybrid,1,0.65,0.35
"순이익 늘었지만 본업 정체…캐피탈사, 하반기 우려 전망","하나금융, BNK금융, KB금융 등은 2분기 충당금 증가 배경으로 부동산 프로젝트파이낸싱(PF)보다는 경기 둔화와 일부 기업 부실 등 일반 신용위험 확대를 꼽았다. 상반기 캐피탈사의 실적 개선은 조달비용 안정과...",http://www.srtimes.kr/news/articleView.html?idxno=209093,17,0.5346,1,keep,candidate_hybrid_keep_strong_domain_rule_anchor,17,0.5346,충당금;pf;프로젝트파이낸싱,부실;실적;순이익,,candidate_hybrid,1,0.65,0.35
국내보다 해외 택한 카드사...국경간 송금·결제 확대,"이어 ""중개수수료를 줄이고 최종 수취인에게 자금이 도달하는 시간을 단축하는 동시에 송금 진행 상황도... 전국 가맹점에서 사용할 수 있고, 후불결제와 할부, 할인, 포인트·마일리지 적립 등의 혜택도 카드사들이 모두...",http://www.hansbiz.co.kr/news/articleView.html?idxno=854030,3,0.3803,0,drop,candidate_hybrid_gray_drop_score_lt_threshold,3,0.3803,카드사,,,candidate_hybrid,1,0.65,0.35
"독자망 날개 단 우리카드, 상반기 순익 24% 뛰며 눈부신 질적 성장","전업 카드사 중 가장 높은 순이익 증가율을 나타냈다. 자체 결제망 구축이라는 결실이 본업 경쟁력... 기존 비씨(BC)카드 결제망에 의존하던 방식에서 벗어나 독자 가맹점망을 확대한 결과, 외부 인프라 이용 수수료...",http://www.lkp.news/news/articleView.html?idxno=82588,5,0.1578,0,drop,candidate_hybrid_model_drop_prob_le_threshold,5,0.1578,카드사,수수료;순이익,,candidate_hybrid,1,0.65,0.35
예금토큰 실거래 이르면 내달 시작…은행앱이 ‘생활 플랫폼’으로,가맹점 입장에서는 단말기를 새로 설치하지 않아도 된다. 기존 카드결제 인프라를 그대로 활용할 수 있어... △결제 취소와 환불 절차 △시스템 장애 발생 시 책임 소재 △은행과 카드사·PG사 간 역할 △수수료 체계...,http://datanews.co.kr/news/article.html?no=145859,5,0.4807,0,drop,candidate_hybrid_gray_drop_score_lt_threshold,5,0.4807,카드사,수수료;가맹점,,candidate_hybrid,1,0.65,0.35
"카카오뱅크, 상반기 순익 '역대 최대' 3280억원 시현","카카오뱅크는 비은행 여신 영역으로의 사업 포트폴리오를 확대하는 등 종합 금융 플랫폼으로 도약하기... 가계대출 관리 기조를 이어가는 가운데, '금리 사각지대'에 놓인 중·저신용자에 대해 2분기에만 5200억원을...",https://www.kfenews.co.kr/news/articleView.html?idxno=661906,2,0.1481,0,drop,candidate_hybrid_model_drop_prob_le_threshold,2,0.1481,,금리;금융,,candidate_hybrid,1,0.65,0.35
5대 은행 회수포기 대출 1조2000억…건전성 관리 비상,"여신 종류별로는 가계대출보다 기업대출에서 추정손실 규모가 더 두드러졌다. 5대 은행의 올해 2분기 말 기업대출 추정손실은 총 9809억원으로, 작년 2분기 말(7768억원) 대비 26.3%, 올해 1분기 말(8281억원) 대비 18.5...",https://www.joongangenews.com/news/articleView.html?idxno=537742,6,0.6065,1,keep,candidate_hybrid_gray_keep_domain_score_ge_threshold,6,0.6065,은행,대출;건전성,,candidate_hybrid,1,0.65,0.35
"카카오뱅크, 상반기 순익 3280억원 '역대 최대'…비이자이익 성장 기여","금융사의 대출을 실행한 금액은 1조5600억원으로, 전년 동기 대비 12% 증가했다. 카카오뱅크는 지방은행... 2분기 전체 가계대출 증가폭은 2340억원에 그쳤다. 철저한 가계대출 관리 기조를 이어가는 가운데 '금리...",https://daily.hankooki.com/news/articleView.html?idxno=1392755,1,0.0899,0,drop,candidate_hybrid_model_drop_prob_le_threshold,1,0.0899,,금리,,candidate_hybrid,1,0.65,0.35
"카카오뱅크, 상반기 순익 3280억 전년比 24.4% 증가 '역대 최대'",가계대출 관리 강화 기조 속 1년 전과 비교하면 2000억원가량 줄었다. 상반기 비이자 수익은 5895억원으로... 몽골 최대 기업집단인 MCS그룹의 디지털 은행 자회사 M 뱅크에 대한 지분 투자를 연내 진행하고 MCS그룹 산하...,https://it.chosun.com/news/articleView.html?idxno=2023092167335,3,0.1517,0,drop,candidate_hybrid_model_drop_prob_le_threshold,3,0.1517,은행,,,candidate_hybrid,1,0.65,0.35
"카카오뱅크, 상반기 순이익 3280억원 '역대 최대'…'이자·비이자수익 모...","카카오뱅크는 2분기 전체 가계 대출 증가 폭이 2340억원에 그쳤으나 중·저신용자, 자영업자 등을 위한... 부동산담보대출을 갈아탈 수 있는 대환서비스를 출시하고, 내년에는 부산은행과 공동대출을 출시해 기업...",https://view.asiae.co.kr/article/2026080508500571290,2,0.1543,0,drop,candidate_hybrid_model_drop_prob_le_threshold,2,0.1543,,대출;순이익,,candidate_hybrid,1,0.65,0.35
"카카오뱅크, 상반기 순이익 3280억원 '역대 최대'…전년 대비 24.4% 증가","전체 가계대출 증가폭은 2340억원에 그쳤지만, 개인사업자대출이 여신 성장을 이끌었다. 카카오뱅크는... 내년에는 부산은행과의 공동대출 출시를 시작으로 기업대출 영역 확장도 본격화한다. 건전성 지표는...",https://news.tf.co.kr/read/economy/2350598.htm,2,0.1403,0,drop,candidate_hybrid_model_drop_prob_le_threshold,2,0.1403,,건전성;순이익,,candidate_hybrid,1,0.65,0.35
"카카오뱅크, 상반기 순익 3280억원 '역대 최대'…비이자수익 결실","인터넷전문은행은 가계대출 총량 관리와 중·저신용자 대출 공급 의무 등 규제로 여신 확대에 한계가 있는 만큼, 수수료와 플랫폼 등 비이자수익 확대가 과제로 꼽힌다. 카카오뱅크는 대출 비교와 투자, 지급결제 등...",https://www.etnews.com/20260805000023,1,0.0969,0,drop,candidate_hybrid_model_drop_prob_le_threshold,1,0.0969,,대출,,candidate_hybrid,1,0.65,0.35
"카카오뱅크, 상반기 순익 3280억 ""역대 최대 이자·비이자 쌍끌이""",인터넷전문은행인 카카오뱅크가 상반기 기준 역대 최대 실적을 기록했다. 대출 확대와 순이자마진(NIM)... 가계대출 관리 강화 기조 속 1년 전과 비교하면 2000억원가량 줄었다. 같은 시기 비이자 수익은 5895억원으로...,https://www.mt.co.kr/finance/2026/08/05/2026080507525557697,1,0.1343,0,drop,candidate_hybrid_model_drop_prob_le_threshold,1,0.1343,,대출,,candidate_hybrid,1,0.65,0.35
"카카오뱅크, 상반기 순익 3280억원...""역대 최대, 비이자사업 다각화 결...",2·4분기 전체 가계대출 증가폭은 2340억원으로 가계대출 관리 기조를 이어가고 있다. 카카오뱅크는 금리... 내년에는 부산은행과의 공동대출 출시를 시작으로 기업대출 영역 확장을 본격적으로 추진한다. 포용금융과...,http://www.fnnews.com/news/202608050730042564,1,0.1055,0,drop,candidate_hybrid_model_drop_prob_le_threshold,1,0.1055,,금리,,candidate_hybrid,1,0.65,0.35
"카카오뱅크, 상반기 순익 3280억원 ‘역대 최대’…전년比 24%↑",가계대출 증가액은 2340억원에 그쳤지만 개인사업자대출을 중심으로 여신 포트폴리오가 확대됐다. 2분기... 개인사업자대출과 정책·서민금융상품을 중심으로 여신 성장을 이어갈 방침이다. 4분기에는 다른 은행의...,https://www.dt.co.kr/article/12076586?ref=naver,0,0.1189,0,drop,candidate_hybrid_model_drop_prob_le_threshold,0,0.1189,,,,candidate_hybrid,1,0.65,0.35
"카카오뱅크, 상반기 순익 3280억⋯전년比 24.4%↑‘역대 최대’","여신은 가계대출 총량 관리 기조를 유지하면서도 포용금융과 기업금융을 중심으로 성장했다. 2분기 말... 카카오뱅크는 올해 4분기 개인사업자 부동산담보대출 대환 서비스를 출시하고, 내년에는 부산은행과...",https://www.etoday.co.kr/news/view/2611072,2,0.1077,0,drop,candidate_hybrid_model_drop_prob_le_threshold,2,0.1077,,대환,,candidate_hybrid,1,0.65,0.35
5대 은행 추정손실 1조2천억원...7년 만에 최대 규모,5대 은행의 기업대출 추정손실은 올해 2분기 말 9천809억원으로 지난해 같은 기간보다 26.3% 증가하며 1조원에 육박했다. 1분기 대비로도 18.5% 늘었다. 가계대출 추정손실 역시 지난해 2분기 1천794억원에서 올해 2분기...,https://www.youthdaily.co.kr/news/article.html?no=224498,3,0.5392,0,drop,candidate_hybrid_gray_drop_score_lt_threshold,3,0.5392,은행,,,candidate_hybrid,1,0.65,0.35
카뱅 상반기 당기순익 3280억 '역대 최대'…비이자수익이 성장 뒷받침,"2분기 전체 가계대출 증가폭은 2340억 원이며, 2분기 신규 취급한 중·저신용 대출액은 5200억 원으로... 지난 6월 마스턴캐피탈 지분 100%를 인수하는 주식매매계약을 체결한 카카오뱅크는 향후 비은행 여신 영역으로...",https://www.news1.kr/finance/bank/6249360,0,0.1776,0,drop,candidate_hybrid_model_drop_prob_le_threshold,0,0.1776,,,,candidate_hybrid,1,0.65,0.35
"카카오뱅크, 상반기 순익 3280억원 ‘역대 최대’…전년比 24.4% ‘껑충’","카카오뱅크가 가계대출 관리 강화에도 플랫폼과 기업금융 부문의 성장에 힘입어 '역대 최대' 반기 실적을 올렸다. 대출이자에 의존하던 인터넷은행의 한계를 넘어 지급결제와 투자, 대출비교, 자금운용 등으로...",http://www.joseilbo.com/news/news_read.php?uid=573267&class=18&grp=,4,0.1526,0,drop,candidate_hybrid_model_drop_prob_le_threshold,4,0.1526,인터넷은행,,,candidate_hybrid,1,0.65,0.35
"카카오뱅크, 상반기 순익 3천280억원, 역대최대…작년보다 24.4%↑","5% 늘어 중·저신용자에 2분기 대출 5천200억원…개인사업자 대출 3조7천억원 인터넷전문은행... 회사 관계자는 ""철저한 가계대출 관리 기조를 이어가는 가운데, 중·저신용자의 금융 접근성을 높이기 위한...",https://www.yna.co.kr/view/AKR20260805020300002?input=1195m,2,0.1702,0,drop,candidate_hybrid_model_drop_prob_le_threshold,2,0.1702,,대출;금융,,candidate_hybrid,1,0.65,0.35
5대 은행 회수불능 '추정손실' 1조2109억원…7년 만에 최대,"여신 종류별로는 기업대출 부실 위험이 가계대출을 크게 웃돌았다. 5대 은행의 2분기 말 기업대출 추정손실은 9809억원으로 작년 동기(7768억원) 대비 26.3%, 전 분기(8281억원) 대비 18.5% 늘어 1조원에 육박했다....",https://www.etnews.com/20260805000011,5,0.5304,0,drop,candidate_hybrid_gray_drop_score_lt_threshold,5,0.5304,은행,부실,,candidate_hybrid,1,0.65,0.35
5대 은행 '회수 포기' 대출 1.2조…7년만에 최대,"여신 종류별로는 가계대출보다 기업대출에서 추정손실 규모가 더 컸다. 5대 은행의 올해 2분기 말 기업대출 추정손실은 총 9809억원으로, 작년 2분기 말(7768억원)보다 26.3% 늘어 1조원에 육박했다. 올해 2분기 말...",https://www.jnilbo.com/news/articleView.html?idxno=90000054546,4,0.5891,0,drop,candidate_hybrid_gray_drop_score_lt_threshold,4,0.5891,은행,대출,,candidate_hybrid,1,0.65,0.35
5대 은행 ‘회수 포기’ 대출 1.2조… 7년 만에 최대,"부실은 가계대출보다 기업대출에 집중됐다. 5대 은행의 올해 2분기 말 기업대출 추정손실은 9809억원으로 전체 추정손실의 약 81%를 차지했다. 지난해 같은 기간 7768억원보다 26.3%, 올해 1분기 말 8281억원보다 18.5...",https://www.kbmaeil.com/article/20260805500022,4,0.5714,0,drop,candidate_hybrid_gray_drop_score_lt_threshold,4,0.5714,은행,대출,,candidate_hybrid,1,0.65,0.35
총량규제의 역설…투기가 아닌 실수요만 잡았다 [기자수첩-금융],정부는 집값을 잡겠다며 강도 높은 가계대출 총량 규제를 시행했다. 금융당국이 은행별 대출 증가 목표를 정해 놓자 은행들은 이를 맞추기 위해 규모가 큰 주택담보대출부터 조였다. 정책 목적은 가계부채와 집값 관리였다....,https://www.dailian.co.kr/news/view/1674436/?sc=Naver,5,0.2663,0,drop,candidate_hybrid_model_drop_prob_le_threshold,5,0.2663,가계부채,대출;금융,,candidate_hybrid,1,0.65,0.35
"KB국민·신한·하나·우리·NH농협은행, 회수 불능 대출 1조2천억원 돌파...",가계대출 추정손실은 지난해 2분기 1천794억원에서 올해 2분기 2천298억원으로 28.1% 증가했다. 은행권은 상업용 부동산 경기 부진과 내수 침체가 기업들의 자금 사정을 악화시키면서 부실채권 증가를 이끈 것으로...,https://www.lecturernews.com/news/articleView.html?idxno=207785,5,0.3199,0,drop,candidate_hybrid_model_drop_prob_le_threshold,5,0.3199,부실채권,대출,,candidate_hybrid,1,0.65,0.35
5대 은행 자산 건전성 경고등…부실 여신 최대 규모,"여신 종류별로는 가계대출보다 기업대출의 부실이 두드러졌다. 5대 은행의 기업대출 추정손실은 올해 2분기 말 9809억원으로, 전체 추정손실의 약 81%를 차지했다. 지난해 2분기 말 7768억원보다 26.3%, 올해 1분기 말...",https://www.straightnews.co.kr/news/articleView.html?idxno=308322,7,0.712,1,keep,candidate_hybrid_model_keep_prob_ge_threshold_with_domain_anchor,7,0.712,은행,부실;건전성,,candidate_hybrid,1,0.65,0.35
"매경이 전하는 세상의 지식 (매-세-지, 8월 5일)",5대 시중은행의 가계대출이 올해 관리 목표치를 이미 2조원 넘긴 것으로 나타났습니다. 지난 7월에만 가계대출이 2조7000억원 가까이 늘며 연간 목표를 초과했습니다. 은행권에서는 하반기 가계대출 문턱이 더 높아질...,https://www.mk.co.kr/article/12116467,4,0.4708,0,drop,candidate_hybrid_gray_drop_score_lt_threshold,4,0.4708,시중은행,,,candidate_hybrid,1,0.65,0.35
[팀장칼럼] '제도권 금융'을 이탈하였습니다,"정부가 가계대출의 고삐를 바짝 죄고 있지만 '내 집 마련'을 향한 열망은 좀처럼 사그라지지 않는다. 오히려... 쓰던 '매도인 대출'이 새로운 자금 조달 방식으로 부상했다. 은행 대출 한도가 막히자, 집주인이 매물에...",https://www.news1.kr/finance/general-finance/6249003,5,0.5267,0,drop,candidate_hybrid_gray_drop_score_lt_threshold,5,0.5267,은행,대출;금융,,candidate_hybrid,1,0.65,0.35
5대 은행 회수 포기한 대출 1조2천억…7년 만에 최대,"여신 종류별로는 가계대출보다 기업대출에서 추정손실 규모가 더 컸다. 5대 은행의 올해 2분기 말 기업대출 추정손실은 총 9천809억원으로, 작년 2분기 말(7천768억원)보다 26.3% 늘어 1조원에 육박했다. 올해 2분기 말...",https://www.yna.co.kr/view/AKR20260804125700002?input=1195m,4,0.5783,0,drop,candidate_hybrid_gray_drop_score_lt_threshold,4,0.5783,은행,대출,,candidate_hybrid,1,0.65,0.35
"[열린세상] 인터넷전문은행, 낡은 규제 깰 때",이러한 눈부신 성과에도 불구하고 가계대출에 편중된 기형적인 수익 구조는 인터넷전문은행의 지속 가능한 성장을 위협하는 핵심 요인이다. 특례법 도입 초기 금융당국은 정교한 심사 모형의 부재와 대규모 부실...,https://www.seoul.co.kr/news/editOpinion/world-stories/2026/08/05/20260805027004?wlog_tag3=naver,2,0.4151,0,drop,candidate_hybrid_gray_drop_score_lt_threshold,2,0.4151,,부실,,candidate_hybrid,1,0.65,0.35
"[포커스] 마통금리 낮게, 중금리 크게…국민銀 신용대출 '두토끼 잡기'",은행 측은 이 평가 결과를 바탕으로 가계신용대출 심사 과정에서 일부 차주에게 추가 한도를 부여하고 있다고 설명했다. 지난 3월 출시한 'KB국민도약대출'도 같은 방향의 상품이다. 제2금융권 신용대출을 상대적으로...,https://www.startuptoday.co.kr/news/articleView.html?idxno=808726,3,0.3978,0,drop,candidate_hybrid_gray_drop_score_lt_threshold,3,0.3978,은행,,,candidate_hybrid,1,0.65,0.35
[취재수첩] 공공주택 사업도 이주비 대출 규제에 발목,이주비 대출이 은행의 가계대출 총량 관리 대상에 포함되기 때문이다. 수천억원 규모의 집단대출을 취급하면 대출 여력이 크게 줄어든다. 정부가 이주비를 규제 대상에서 제외해도 대출 총량 관리라는 상위 규제가...,https://www.hankyung.com/article/2026080447021,1,0.1338,0,drop,candidate_hybrid_model_drop_prob_le_threshold,1,0.1338,,대출,,candidate_hybrid,1,0.65,0.35
수도권과 다른데 같은 규제…부산 건설사 “쓰러지기 직전”,금융당국은 올해 금융권 가계대출 증가율 관리 목표를 1.5% 수준으로 낮추고 이를 초과하는 금융회사에는 불이익을 예고했다. 이에 은행은 대출 심사를 강화하고 한도를 축소하는 등 총량 관리에 나선 상황이다....,http://www.kookje.co.kr/news2011/asp/newsbody.asp?code=0200&key=20260805.22010000962,1,0.4288,0,drop,candidate_hybrid_gray_drop_score_lt_threshold,1,0.4288,,대출,,candidate_hybrid,1,0.65,0.35
李대통령 ‘대책 지시’ 아파트에 잔금 대출 5000억원 배정,"이에 못 미치거나, 은행들의 판단에 따라 잔금 대출이 이뤄지지 않을 수도 있다. 이날 5대 은행 관계자들은 “정부의 총량 규제로 가계 대출에 큰 제약을 받고 있어 잔금 대출만 일괄적으로 늘리기는 어렵다”고 말했다.",https://www.chosun.com/economy/stock-finance/2026/08/04/6CJNEJPZPRBVDMAMXIPTGPGG54/?utm_source=naver&utm_medium=referral&utm_campaign=naver-news,4,0.3343,0,drop,candidate_hybrid_model_drop_prob_le_threshold,4,0.3343,은행,대출,,candidate_hybrid,1,0.65,0.35
"실거주 수요 없이 집값만 뛴 지역, 빚 늘고 소비 줄었다","매매가격만 앞서 뛴 지역에서는 가계대출이 늘고 소비와 생산이 줄어든 반면, 전셋값이 함께 오른 지역에서는 경제활동이 개선됐다. 서울 시내 아파트 단지 [사진=뉴스핌DB] 4일 한국은행 워킹페이퍼에 따르면 집값...",https://www.newspim.com/news/view/20260804001416,5,0.514,0,drop,candidate_hybrid_gray_drop_score_lt_threshold,5,0.514,한국은행,,,candidate_hybrid,1,0.65,0.35
"고삐풀린 가계대출, 한도 2조 초과",금융당국의 가계대출 억제 기조에도 불구하고 지난 7월 주택 구입과 '빚투(빚내서 투자)' 수요 증가로 5대 은행 가계대출이 3조원 가까이 급증한 탓이다. 올 하반기에는 은행권 대출 문턱이 더욱 높아지면서...,https://www.mk.co.kr/article/12116595,8,0.3849,1,keep,candidate_hybrid_keep_strong_domain_rule_anchor,8,0.3849,은행;은행권,대출,,candidate_hybrid,1,0.65,0.35
"[단독] 건설업계 ""공급 위해 대출규제 풀어야"" … 금융당국, 부동산PF 보...",당국은 이에 잔금대출에 대해선 은행권 가계대출 총량 관리에서 예외를 적용하는 방안을 고민하고 있다. 잔금대출은 통상 기존에 받았던 중도금 대출을 대환하며 받곤 한다. 현재 당국은 잔금대출의 순증가액이 얼마나...,https://www.mk.co.kr/article/12116580,13,0.3762,1,keep,candidate_hybrid_keep_strong_domain_rule_anchor,13,0.3762,은행권;pf;부동산pf,,,candidate_hybrid,1,0.65,0.35
대출 잠그기에도 주담대 2.8조 폭증 … '마통' 한도까지 끌어다 영끌,◆7월 하루 평균 1천억원대 급증 4일 금융권에 따르면 5대 시중은행의 가계대출 잔액(정책성 대출 제외)은 지난 7월 한 달간 2조6853억원이 증가했다. 연초부터 7월까지 증가액 6조3821억원 중 7월 한 달 동안에만...,https://www.mk.co.kr/article/12116581,5,0.3595,0,drop,candidate_hybrid_gray_drop_score_lt_threshold,5,0.3595,시중은행,대출,,candidate_hybrid,1,0.65,0.35
하나·농협은행도 총 1천억…팰루시드 잔금대출 한도 상향,이에 금융위원회는 지난달 28일 5대 시중은행 여신 담당 부행장을 긴급 소집해 총량 관리 기조를 유지하는 범위 내에서 은행들이 자율적으로 가계대출을 취급하되 잔금대출 민원이 발생하지 않도록 당부한 것으로...,https://biz.sbs.co.kr/article_hub/20000326607?division=NAVER,16,0.3811,1,keep,candidate_hybrid_keep_strong_domain_rule_anchor,16,0.3811,금융위원회;금융위;시중은행,,,candidate_hybrid,1,0.65,0.35
상반기 서울 아파트 매수자 46%가 '생애 첫 집',최근 은행권 가계대출 총량 관리로 생애 최초 주담대 한도 역시 3억원으로 줄었지만 이재명 대통령의 언급 이후 금융당국은 이를 총량 관리 대상에서 제외하는 방안을 검토하고 있다. 자치구별로는 서울 외곽...,https://www.hankyung.com/article/2026080446221,4,0.3635,0,drop,candidate_hybrid_gray_drop_score_lt_threshold,4,0.3635,은행권,,,candidate_hybrid,1,0.65,0.35
"팰루시드 잔금대출 빗장 해제…국민·신한·하나·농협銀, 한도 1000억원...",금융위원회는 지난달 28일 5대 시중은행 여신 담당 부행장을 긴급 소집해 총량 관리 기조를 유지하는 범위 내에서 은행들이 자율적으로 가계대출을 취급하되 잔금대출 민원이 발생하지 않도록 당부한 것으로 알려졌다....,https://view.asiae.co.kr/article/2026080417151918650,16,0.3904,1,keep,candidate_hybrid_keep_strong_domain_rule_anchor,16,0.3904,금융위원회;금융위;시중은행,,,candidate_hybrid,1,0.65,0.35
수원 '매교역 팰루시드' 자금 물꼬 튼다…하나·국민·농협은행 잔금대...,"올해 하반기 입주 예정 단지의 잔금대출을 은행별 가계대출 총량 관리에서 제외하거나 별도로 관리하는 방안도 검토하고 있다. 다만 적용 대상과 범위, 시행 시기 등 구체적인 내용은 아직 확정되지 않았다. 하반기 입주...",https://www.newsworks.co.kr/news/articleView.html?idxno=849387,0,0.2381,0,drop,candidate_hybrid_model_drop_prob_le_threshold,0,0.2381,,,,candidate_hybrid,1,0.65,0.35
"금융당국, 부동산 대출·공급 대책 속도…잔금대출 풀고 PF 활성화 방안...","은행권 가계대출 총량 규제로 어려움을 겪는 입주 예정자에 대해서는 잔금대출 한도를 일부 푸는 한편, 공급 활성화 차원에서 공적 보증 확대를 비롯한 프로젝트파이낸싱(PF) 활성화 방안을 준비 중이다. 4일 금융권에...",https://biz.heraldcorp.com/article/10830201?ref=naver,14,0.3323,1,keep,candidate_hybrid_keep_strong_domain_rule_anchor,14,0.3323,은행권;pf;프로젝트파이낸싱,대출,,candidate_hybrid,1,0.65,0.35
"""막혔던 잔금대출 뚫렸다""⋯ 5대 은행, '매교역 팰루시드' 한도 1000억씩...",아울러 은행별 상반기 가계대출 실적을 반영해 잔금대출 추가 한도를 차등 부여하는 방안도 거론된다. 잔금대출 한도 산정 시 감정가 대신 분양가를 적용하는 방안과 입주자모집공고·관리처분인가 시점별 세부...,https://www.etoday.co.kr/news/view/2610948,3,0.2075,0,drop,candidate_hybrid_model_drop_prob_le_threshold,3,0.2075,은행,,,candidate_hybrid,1,0.65,0.35
"대통령 한 마디에…은행권, '팰루시드' 잔금대출 한도 풀었다",주요 시중은행이 잇따라 경기도 수원시 '매교역 팰루시드' 입주 예정자들을 위한 잔금대출 한도를 풀고... 현재 금융당국은 올해 입주를 앞둔 약 7만가구의 잔금대출을 연간 가계대출 총량 관리 대상에서 제외하는...,https://www.dailian.co.kr/news/view/1674409/?sc=Naver,8,0.2113,1,keep,candidate_hybrid_keep_strong_domain_rule_anchor,8,0.2113,은행권;시중은행,,,candidate_hybrid,1,0.65,0.35
"'투자도 은행앱에서'...카카오뱅크, 투자 플랫폼 경쟁 본격화",4일 금융권에 따르면 최근 은행권은 순이자마진(NIM) 둔화와 가계대출 규제 등의 영향으로 이자이익 중심 성장에 한계를 겪으면서 자산관리와 투자상품 판매 등 비이자이익 확대에 힘을 싣고 있다. 카카오뱅크 역시 체질...,http://www.wikileaks-kr.org/news/articleView.html?idxno=190574,0,0.4486,0,drop,candidate_hybrid_gray_drop_score_lt_threshold,0,0.4486,,,,candidate_hybrid,1,0.65,0.35
"매교역 팰루시드 잔금대출, 금융당국 요청에도 5대은행 5000억원 추가 공...","각 은행마다 대출 총량 한도가 다른데다 증가 목표치 초과 여부가 다르다보니, 사정이 어려운 은행은 추가 대출물량을 공급하기 어려운 것이다. 금융당국이 가계대출 총량 한도를 조정하지 않는 이상에는...",https://www.dnews.co.kr/uhtml/view.jsp?idxno=202608041410428970743,1,0.2108,0,drop,candidate_hybrid_model_drop_prob_le_threshold,1,0.2108,,대출,,candidate_hybrid,1,0.65,0.35
[이슈체크] 분양받고도 입주 난망…잔금대출 풀자니 총량 부담,은행이 가계대출 총량을 맞추기 위해 집단대출 한도를 줄이면 다 지어진 아파트에서도 입주가 지연될 수 있는 구조다. 지난달 부동산정책 국민 대토론회에서 수원 매교역 팰루시드 입주 예정자가 잔금대출을 받기...,https://www.tfmedia.co.kr/news/article.html?no=206224,0,0.0845,0,drop,candidate_hybrid_model_drop_prob_le_threshold,0,0.0845,,,,candidate_hybrid,1,0.65,0.35
‘비거주 1주택자’ 정조준한 세제 개편…다음 스텝은 금융 대책,최근 논란이 된 잔금대출 제한도 정부의 직접적인 규제가 아니라 은행권이 가계대출 총량 규제를 지키기 위해 대출한도를 조이는 과정에서 발생했다. 이억원 금융위원장은 29일 국회 정무위원회 전체회의에서 “대출이...,https://www.etoday.co.kr/news/view/2610916,7,0.3423,0,drop,candidate_hybrid_model_drop_prob_le_threshold,7,0.3423,금융위,금융,,candidate_hybrid,1,0.65,0.35
"""대출 조여도, 주식 매각·'부모찬스'로 메웠다""…서울 주택거래 상반기...",[사진=아주경제 DB] 정부의 고강도 가계대출 관리에도 올해 상반기 서울 주택 거래는 지난해보다 늘어난... 남혁우 우리은행 부동산연구원은 “유가증권을 처분해 발생한 자산소득은 언제든 부동산시장으로 유입될...,https://www.ajunews.com/view/20260804151212554,2,0.2808,0,drop,candidate_hybrid_model_drop_prob_le_threshold,2,0.2808,,대출;주식,,candidate_hybrid,1,0.65,0.35
“대단지 신축이 답인가”…원칙 없는 대출 규제 [취재진담],정부가 일부 잔금대출을 은행별 가계대출 총량 관리 대상에서 제외하는 방안을 검토하고 있다. 총량 관리로 집단대출을 제한하자 입주를 앞둔 신축 아파트에서 잔금대출이 막히는 일이 발생했기 때문이다. 다만 지원...,https://www.kukinews.com/article/view/kuk202608030203,1,0.1546,0,drop,candidate_hybrid_model_drop_prob_le_threshold,1,0.1546,,대출,,candidate_hybrid,1,0.65,0.35
예금도 대출도 다 늘었다...이례적 현상 왜?,"금융당국의 고강도 규제에도 불구하고 은행의 가계대출이 늘어났다. 지난달 31일 기준 5대 시중은행의 가계대출 잔액은 약 779조원으로, 전달 대비 4조원 넘게 올랐다. 최근 두 달 동안에는 8조 1500억원이 증가했다....",https://www.pinpointnews.co.kr/news/articleView.html?idxno=474245,4,0.3476,0,drop,candidate_hybrid_model_drop_prob_le_threshold,4,0.3476,시중은행,,,candidate_hybrid,1,0.65,0.35
"하나·KB·농협, 팰루시드 잔금대출 한도 1000억으로…은행권 지원 확산",금융위는 총량 관리 기조를 유지하는 범위에서 은행들이 자율적으로 가계대출을 취급하되 잔금대출과 관련한 민원이 발생하지 않도록 대응해 달라고 당부한 것으로 알려졌다. 특히 회의에서는 논란이 된 매교역...,https://www.news1.kr/finance/general-finance/6248856,10,0.3491,1,keep,candidate_hybrid_keep_strong_domain_rule_anchor,10,0.3491,금융위;은행권,,,candidate_hybrid,1,0.65,0.35
"금융시장 불확실성에…금융권 수장들, 여름휴가 언급도 ‘쉬쉬’","증시·환율 변동성에 가계대출 현안까지 산적 금융지주 회장들 휴가 일정 공개도 꺼려 증시와 외환시장이... 정부는 구윤철 부총리 겸 기획재정부 장관과 신현송 한국은행 총재, 이 위원장, 이 원장 등이 참석한 긴급...",https://www.ddaily.co.kr/page/view/2026080415163245577,12,0.6097,1,keep,candidate_hybrid_keep_strong_domain_rule_anchor,12,0.6097,한국은행;환율;외환시장,,,candidate_hybrid,1,0.65,0.35
총량 잘 지킨 은행에 잔금대출 추가 한도…국민·신한 유리,추가 한도는 은행별 상반기 가계대출 총량 관리 실적을 반영해 차등 부여하는 방안이 거론된다. 당국은 잔금대출 증가가 전체 가계대출 총량을 과도하게 끌어올리지 않도록 대출 한도의 산정 기준을 감정가가 아닌...,https://www.ajunews.com/view/20260804141408318,1,0.1387,0,drop,candidate_hybrid_model_drop_prob_le_threshold,1,0.1387,,대출,,candidate_hybrid,1,0.65,0.35
은행권 대출 조이기 무색…가계대출 증가에 공급 여력 '바닥',"은행권은 가계대출 증가세를 억제하기 위해 대출 문턱을 잇달아 높이고 있다. KB국민은행은 주담대 한도를 기존 6억원에서 3억원으로 축소했고, 신한·하나·NH농협 등도 모기지보험(MCI·MCG) 가입 제한, 우대금리 축소...",https://daily.hankooki.com/news/articleView.html?idxno=1392554,5,0.1995,0,drop,candidate_hybrid_model_drop_prob_le_threshold,5,0.1995,은행권,대출,,candidate_hybrid,1,0.65,0.35
'집 稅폭탄' 맞았는데 세금 빌릴 곳도 없다 … 올해 남은 은행 한도 4000...,이에 따라 지난달 말 기준 5대 은행 중 금융당국의 가계대출 총량 규제에 따른 대출 한도가 남은 은행은 단 두 곳에 불과했다. 이들 두 은행의 남은 한도를 합쳐도 3942억원에 그친다. 신용대출 규모도 불어나고 있다....,https://biz.newdaily.co.kr/site/data/html/2026/08/04/2026080400155.html,4,0.3491,0,drop,candidate_hybrid_model_drop_prob_le_threshold,4,0.3491,은행,대출,,candidate_hybrid,1,0.65,0.35
주택 공급 막은 '자금 병목' 푼다…대출 규제 완화 카드는?,"재개발·재건축 이주비 대출 한도를 올리고 부동산 프로젝트파이낸싱(PF) 보증을 확대하는 한편, 은행의 가계대출 총량 관리로 잔금대출이 막히지 않도록 별도로 관리하는 방안이 유력하다. 주택 구입 목적 대출을...",https://www.mt.co.kr/finance/2026/08/04/2026080413535053891,10,0.2526,1,keep,candidate_hybrid_keep_strong_domain_rule_anchor,10,0.2526,pf;프로젝트파이낸싱,대출,,candidate_hybrid,1,0.65,0.35
한국은행 8월 금리 결정…소비자물가와 근원물가가 주목받는 이유,"다만, 근원 인플레이션이 지속 상승하고 가계대출이 크게 늘어나는 상황에서 연속 금리 인상도 선택지로 검토되고 있다. 해외 투자은행들 또한 8월 금리 결정을 둘러싼 불확실성이 커져가는 상황에 대비하며 다양한...",https://www.gokorea.kr/news/articleView.html?idxno=874067,6,0.7387,1,keep,candidate_hybrid_model_keep_prob_ge_threshold_with_domain_anchor,6,0.7387,한국은행,금리,,candidate_hybrid,1,0.65,0.35
세제로 고가주택 겨냥했지만…“버티기·덜 똘똘한 한 채” 우려,실제로 은행권의 가계대출 관리도 강화되는 추세다. KB국민은행은 지난달 주택 구입 목적 주택담보대출 한도를 최대 6억원에서 3억원으로 축소했다. 5대 은행(KB국민·신한·하나·우리·NH농협)의 전세자금대출 평균금리도...,https://www.ekn.kr/web/view.php?key=20260804028349355,3,0.2818,0,drop,candidate_hybrid_model_drop_prob_le_threshold,3,0.2818,은행,,,candidate_hybrid,1,0.65,0.35
"""지금 아니면 살 기회조차 없다""…공포 매수에 5대 은행 대출 한도 '바닥...",[임나래 기자]  금융당국의 규제 강화와 은행권의 총량 관리에도 가계대출 증가세가 이어지면서 5대 시중은행의 올해 대출 여력이 4000억원 아래로 떨어졌다. 주택 공급 부족과 정책 불신이 맞물려 관망하던 실수요자들이...,https://www.ziksir.com/news/articleView.html?idxno=142094,8,0.4528,1,keep,candidate_hybrid_keep_strong_domain_rule_anchor,8,0.4528,은행;시중은행,대출,,candidate_hybrid,1,0.65,0.35
"금융당국, 부동산 금융 후속대책 고심…실수요자 지원안 만지작",최근 은행권 가계대출이 빠른 증가세를 이어가고 있는 만큼 규제 기조를 완화하기는 쉽지 않은 상황이다. KB국민·신한·하나·우리·NH농협 등 5대 시중은행의 지난달 30일 기준 가계대출 잔액은 778조9791억원으로 전월보다...,https://www.newsis.com/view/NISX20260804_0003735728,9,0.5243,1,keep,candidate_hybrid_keep_strong_domain_rule_anchor,9,0.5243,은행권;시중은행,금융,,candidate_hybrid,1,0.65,0.35
유명순 한국씨티은행장 10월 퇴임…아쉬움 남은 '소매금융 철수',"올해 1분기 기준 씨티은행 가계대출 잔액은 2조7049억원이다. 이 중 주택담보대출이 1조2609억원, 신용대출 등이 1조4440억원을 차지한다. 같은 기간 개인 신용카드 이용 실적 역시 8825억원으로 상당 수준 유지되고 있다....",https://www.shinailbo.co.kr/news/articleView.html?idxno=5047786,1,0.3325,0,drop,candidate_hybrid_model_drop_prob_le_threshold,1,0.3325,,실적,,candidate_hybrid,1,0.65,0.35
카드·보험 이어 저축은행 차담대 제한…'LTV 100% 못 넘겨' 규제 강화,저축은행의 자동차담보대출까지 확대된 셈이다. 금융권의 대출 문턱이 높아지면서 대안 상품으로 수요가 옮겨가자 정부가 직접 나서 가계대출 총량 관리 강화 기조의 연장선으로 차담대까지 제한한 것이다....,http://www.whitepaper.co.kr/news/articleView.html?idxno=265320,8,0.6862,1,keep,candidate_hybrid_keep_strong_domain_rule_anchor,8,0.6862,저축은행;ltv,대출,,candidate_hybrid,1,0.65,0.35
은행 막자 캐피탈 '북새통'…주담대 금리 6% 시대,"이에 따라 전체 가계대출 중 주담대 신규취급액 비중도 1월 21.2%에서 6월 31.4%로 10%p 가량 늘어났습니다. 은행권의 DSR(총부채원리금상환비율) 규제 한도는 40%인 반면, 캐피털 등 여신전문회사는 50%가 적용되는 점도...",https://biz.sbs.co.kr/article_hub/20000326501?division=NAVER,11,0.7527,1,keep,candidate_hybrid_keep_strong_domain_rule_anchor,11,0.7527,은행;캐피탈;dsr,금리,,candidate_hybrid,1,0.65,0.35
"금융당국, 잔금대출 풀고 PF 활성화 방안 마련",금융당국은 올해 입주예정자의 불편을 해소하기 위해 잔금대출을 은행권 가계대출 총량 한도에서 일부 예외로 적용할 계획이다. 다만 잔금대출도 일반 주택담보대출로 분류되는 만큼 대출이 급증할 가능성을고려해...,https://biz.heraldcorp.com/article/10830208?ref=naver,8,0.2942,1,keep,candidate_hybrid_keep_strong_domain_rule_anchor,8,0.2942,은행권;pf,,,candidate_hybrid,1,0.65,0.35
"부동산 대책, 세제 채찍 다음은…그린벨트·집단대출 규제 풀어 당근책...",금융당국이 올해 가계대출 증가율 목표를 전년 대비 1.5%로 설정하면서 은행별 대출 순증 한도가 빠르게 소진돼 실수요자들이 잔금대출을 받지 못하는 사례가 잇따른 데 따른 조치다. 이주비 대출도 완화될 전망이다. 종전...,https://view.asiae.co.kr/article/2026080411134239206,1,0.2078,0,drop,candidate_hybrid_model_drop_prob_le_threshold,1,0.2078,,대출,,candidate_hybrid,1,0.65,0.35
예금금리 올랐는데 대출은 묶였다⋯은행 하반기 수익성 '경고등',"금융당국의 가계대출 총량 관리에 맞춰 5대 은행은 신용대출 한도 축소, 모기지보험 가입 제한, 대출모집인 접수 중단, 영업점별 주택대출 한도 감축 등 자체 옥죄기 조치를 단행하고 있다. 그럼에도 7월 가계대출...",https://www.etoday.co.kr/news/view/2610500,3,0.3031,0,drop,candidate_hybrid_model_drop_prob_le_threshold,3,0.3031,은행,,,candidate_hybrid,1,0.65,0.35
“문턱 높여도 소용없네” 대출 ‘광풍’,4일 금융권에 따르면 KB국민·신한·하나·우리·NH농협 등 5대 시중은행의 지난달 말 기준 가계대출 잔액은 778조 9791억원으로 집계됐다. 이는 전월 대비 4조 183억원 급증한 수치다. 지난 6월(4조 1378억원)에 이어...,https://magazine.hankyung.com/business/article/202608043500b,5,0.388,0,drop,candidate_hybrid_gray_drop_score_lt_threshold,5,0.388,시중은행,대출,,candidate_hybrid,1,0.65,0.35
"""물타기도 못 하나""... 레버리지 규제에 제대로 뿔난 2030 청년들",한국은행 통계를 보면 20대 차주 1인당 평균 가계 대출은 2013년 1611만원에서 지난해 3047만원으로 89.1% 증가했다. 30대도 같은 기간 5374만원에서 1억218만원으로 90.1% 늘었다. 올해 상반기 1년 이상 직업이 없거나 취업...,https://www.insight.co.kr/news/566239,5,0.2503,0,drop,candidate_hybrid_model_drop_prob_le_threshold,5,0.2503,한국은행,,,candidate_hybrid,1,0.65,0.35
"KB 리딩금융 신화 이끈 윤종규, 은행연합회장 도전하나…하마평 다시 '...","동시에 은행권은 가계대출 관리와 상생금융, 각종 규제 대응까지 병행해야 하는 상황이다. 업계 안팎에서는 정부와 원활히 소통하면서도 은행권의 목소리를 설득력 있게 전달할 수 있는 중량감 있는 인사가 필요하다는...",https://www.techm.kr/news/articleView.html?idxno=153952,0,0.4625,0,drop,candidate_hybrid_gray_drop_score_lt_threshold,0,0.4625,,,,candidate_hybrid,1,0.65,0.35
"[금융이슈] iM뱅크 시중은행 전환 2년...iM금융, 덩치는 키웠지만 '체질...","iM금융그룹이 핵심 계열사 iM뱅크의 시중은행 전환을 계기로 전국 단위 금융그룹 도약에 나섰지만, 외형... 가계대출도 증가 흐름을 이어갔다. 올해 상반기 가계대출 잔액은 22조2770억원으로 지난해 말보다 2.0% 늘었다....",https://www.thepublic.kr/news/articleView.html?idxno=313401,4,0.4509,0,drop,candidate_hybrid_gray_drop_score_lt_threshold,4,0.4509,시중은행,,,candidate_hybrid,1,0.65,0.35
"하나금융, 포용금융에 속도 낸다..그룹 포용금융 최고책임자 선정, 하반...",하나은행은 보건복지부와 협업하는 ‘청년내일저축계좌’ 단독 운영은 물론 금융 이력이 부족한 청년을... 2026년 상반기에만 총 4000억원 규모의 장기연체채권 소각과 소멸시효 도래 채권 정리를 선제적으로 완료했다....,https://kpenews.com/View.aspx?No=4174597,2,0.3088,0,drop,candidate_hybrid_model_drop_prob_le_threshold,2,0.3088,,채권;금융,,candidate_hybrid,1,0.65,0.35
"""말뿐인 상생은 끝났다""… 하나금융그룹, 이승열 부회장 'CIFO' 전면 배치...","하나은행은 하반기 중 전세자금대출을 신규 이용하는 청년 약 1만명을 대상으로 '청년지킴이 전세사기... 하나금융그룹은 올해 상반기에만 총 4000억원 규모의 장기연체채권 소각, 소멸시효 도래 채권 정리를 선제...",http://www.dailysmart.co.kr/news/articleView.html?idxno=127841,2,0.2961,0,drop,candidate_hybrid_model_drop_prob_le_threshold,2,0.2961,,채권,,candidate_hybrid,1,0.65,0.35
"카카오뱅크, 상반기 순익 3280억 '역대 최대'…비이자수익도 웃었다","연체율은 0.51%, 고정이하여신(NPL) 비율은 0.54%로 전 분기와 비슷한 수준을 유지했다. 2분기 카카오뱅크의... 카카오뱅크는 지방은행, 카드사 등 신규 제휴사와 입점 상품을 확대하며 대출플랫폼으로서의 경쟁력을...",https://www.edaily.co.kr/news/newspath.asp?newsid=03024166645544368,7,0.1546,0,drop,candidate_hybrid_model_drop_prob_le_threshold,7,0.1546,카드사;npl,,,candidate_hybrid,1,0.65,0.35
5대 은행 회수 포기한 대출 1조2천억…코로나 이후 최대,"은행들은 대출 채권을 정상, 요주의, 고정, 회수의문, 추정손실 등 다섯 단계로 구분해 건전성을 관리합니다. 이 중 고정은 연체 기간이 3개월 이상인 대출이며, 고정이하여신 즉 고정, 회수의문, 추정손실 등을 모아...",http://mbnmoney.mbn.co.kr/news/view?news_no=MM1005894261,6,0.5103,0,drop,candidate_hybrid_gray_drop_no_domain_anchor,6,0.5103,은행,대출;연체,,candidate_hybrid,1,0.65,0.35
가로주택정비 공정률 25%P만 늦어져도 대출 전액 회수,대출 원금을 약정 기한 내 상환하지 않거나 대출이자를 3개월 이상 연체하면 은행은 HUG에 보증 이행을 청구할 수 있다. 해당 규정은 기존 대출에는 적용되지 않고 이달 3일 이후 신규 취급분부터 적용된다. HUG는 사업...,https://www.sedaily.com/article/20075677?ref=naver,1,0.3854,0,drop,candidate_hybrid_gray_drop_score_lt_threshold,1,0.3854,,대출,,candidate_hybrid,1,0.65,0.35
"[단독] 청주 사모 1구역 비대위,'조합장의 악의적 대출 방해' 거짓 성명...",이어 조합장 김씨가 '대출을 막아 놓고선 조합원들에게는 '직무대행이 없어 연체 상태에 돌입한다'는... 바로 은행 이자금액을 상환해야 되는데 지금 해임이 됐기 때문에 이 사태를 처리할 사람이 없다... 그래서 전달해도...,https://www.getnews.co.kr/news/articleView.html?idxno=876959,6,0.4435,0,drop,candidate_hybrid_gray_drop_no_domain_anchor,6,0.4435,은행,대출;연체,,candidate_hybrid,1,0.65,0.35
'세종 블랙홀' 힘 빠졌나…13년 만에 대전 인구 '순유입' 전환,4일 한국은행 대전세종충남본부가 발표한 '대전지역 인구이동 현황 및 특징'에 따르면 지난해 대전의... 인구 순유출이 확대됐던 2019-2020년 대전지역 신용카드 결제액이 4.9% 감소하고 자영업자 대출 연체율과 상가...,https://www.daejonilbo.com/news/articleView.html?idxno=2292567,6,0.6358,1,keep,candidate_hybrid_gray_keep_domain_score_ge_threshold,6,0.6358,한국은행,대출,,candidate_hybrid,1,0.65,0.35
대전 인구 13년 만에 순유입 전환... '세종 이탈' 줄고 학령기 가구 '회...,(사진제공=한국은행 대전세종충남본부)  대전이 장기간 이어진 인구 순유출에서 벗어났지만 청년층의... 2020년 자영업자 대출 연체율은 1.2%로 전국 0.5%의 2배를 넘었고 중대형 상가 공실률도 전국 평균보다 높은...,http://www.chungnamilbo.co.kr/news/articleView.html?idxno=902253,6,0.4354,1,keep,candidate_hybrid_gray_keep_domain_score_ge_threshold,6,0.4354,한국은행,대출,,candidate_hybrid,1,0.65,0.35
"2분기 실적호전 기업들 압도속 악화기업들도 적쟎았다....포스코, SNT계열...","이차전지 업종 중에서는 에코프로비엠과 SKIET가 거의 유이하게 실적이 계속 악화되었고, 은행 중에서는... 지방소재 자영업자, 저신용 개인차주 등의 연체율 급등 등과 관련이 있는 것으로 알려진다. 이밖에 에스원...",https://www.moneystorm.kr/news/articleView.html?idxno=5491,7,0.5405,1,keep,candidate_hybrid_gray_keep_domain_score_ge_threshold,7,0.5405,은행;연체율,,,candidate_hybrid,1,0.65,0.35
"법인 강자 KB국민카드, 기업 신용정보 시장으로 보폭 확대","기존 기업 신용분석이 재무제표와 대출·연체 이력에 주로 의존했다면 카드사는 결제 과정에서 발생하는... 우선 기업 신용분석 결과를 은행과 저축은행, 여신전문금융회사 등에 제공하고 정보 이용료를 받을 수 있다....",https://www.ebn.co.kr/news/articleView.html?idxno=1719026,7,0.591,1,keep,candidate_hybrid_gray_keep_domain_score_ge_threshold,7,0.591,저축은행,대출;연체,,candidate_hybrid,1,0.65,0.35
"대전인구, 13년만에 '순유입' 전환...세종 유출 둔화·청장년층 유입",4일 한국은행 대전세종충남본부 기획금융팀이 발표한 '대전지역 인구이동 현황 분석'보고서에 따르면... 인구 유출이 심했던 2019~2020년에는 신용카드 결제액 감소와 자영업자 대출 연체율 상승 등 상권 침체가...,http://www.fnnews.com/news/202608041351461365,10,0.6747,1,keep,candidate_hybrid_keep_strong_domain_rule_anchor,10,0.6747,한국은행;연체율,대출,,candidate_hybrid,1,0.65,0.35
"데브올컴퍼니, 창업육성 프로그램 'IBK창공' 선정","장기 연체는 83.3%, 대손은 75% 감소했다. 결제까지 걸리는 기간은 19일 단축됐으며 청구·수금 관리에 투입되는 시간은 79% 줄어든 것으로 전해졌다. 이장규 데브올컴퍼니 대표는 ""IBK기업은행이 청구·수금 자동화를...",https://it.chosun.com/news/articleView.html?idxno=2023092167257,5,0.6802,1,keep,candidate_hybrid_model_keep_prob_ge_threshold_with_domain_anchor,5,0.6802,기업은행,,,candidate_hybrid,1,0.65,0.35
[데스크칼럼] “결국 인건비 싸움”…최저임금과 소상공인의 절규,"한국은행과 정부가 예측한 올해 연간 소비자물가 상승률 2.7%보다 높다. 소상공인과 노동자 모두 불만을... 취약 차주 연체율도 2021년 4.36%에서 지난해 12.14%까지 치솟았고, 소상공인 주요 6대 업종의 폐업률이 11.08%로...",https://biz.heraldcorp.com/article/10830304?ref=naver,5,0.6398,0,drop,candidate_hybrid_gray_drop_score_lt_threshold,5,0.6398,한국은행,,,candidate_hybrid,1,0.65,0.35
중소 제조업 경기전망 빨간불...매출 부진에 대출 갚기도 허덕,우리은행의 중기 대출 연체율은 비교 가능한 2019년 1분기 이후 가장 높은 수준이다. 중소기업계 관계자는 “반도체와 자동차 수출이 늘더라도 협력업체나 전통 제조업까지 주문 증가가 확산하지 않으면 중소기업의...,https://biz.heraldcorp.com/article/10830204?ref=naver,1,0.4453,0,drop,candidate_hybrid_gray_drop_score_lt_threshold,1,0.4453,,대출,,candidate_hybrid,1,0.65,0.35
[기고] 호주 변호사가 알려주는 ‘호주에서 사업체를 인수하기 전 반드...,요건 • 은행보증금 또는 Security Deposit • 개인보증 제공 여부 • 기존 임차인의 연체 임대료나 계약위반 사업체 매매계약은 반드시 임대인이 임대차 양도에 동의하는 것을 전제조건으로 체결해야 한다. 임대인의...,http://dream.kotra.or.kr/kotranews/cms/news/actionKotraBoardDetail.do?SITE_NO=3&MENU_ID=130&CONTENTS_NO=1&bbsGbn=246&bbsSn=246&pNttSn=243077,2,0.4229,0,drop,candidate_hybrid_gray_drop_score_lt_threshold,2,0.4229,,연체,,candidate_hybrid,1,0.65,0.35
홍콩 이어 미국도 발목…임종룡 글로벌 전략 '또 악재',김 법인장이 취임과 동시에 받아든 첫 과제는 전임 체제에서 수면 위로 드러난 CRE 대출 부실이다.우리아메리카은행은 미국 내 한 오피스빌딩 관련 자산에 취급한 담보대출에서 대규모 연체와 부실이 발생한 것으로...,https://dealsite.co.kr/articles/166282,1,0.4638,0,drop,candidate_hybrid_gray_drop_score_lt_threshold,1,0.4638,,대출,,candidate_hybrid,1,0.65,0.35
"틱톡 보다가 결제까지, 인도네시아 MZ세대가 바꾼 모바일 쇼핑",특히 인도네시아 중앙은행(Bank Indonesia)이 2019년 도입한 QRIS(Quick Response Code Indonesian Standard)는 은행과... 다만 이용 확대와 함께 소비자 부채와 연체 관리의 중요성도 커지면서 인도네시아 금융감독청(OJK)은 관련...,http://dream.kotra.or.kr/kotranews/cms/news/actionKotraBoardDetail.do?SITE_NO=3&MENU_ID=180&CONTENTS_NO=1&bbsGbn=243&bbsSn=243&pNttSn=243047,2,0.5702,0,drop,candidate_hybrid_gray_drop_score_lt_threshold,2,0.5702,,연체,,candidate_hybrid,1,0.65,0.35
"[심층분석] '거래대금의 힘' 넘어 '체질의 힘'…하나증권, 수익 포트폴리...","김은갑 키움증권 수석연구원도 하나금융의 비은행 이익 비중이 지난해 12%에서 올해 1분기 18%로... 연체율은 1.73%로 지난해 1.74%와 비슷했지만, NPL 비율이 연체율보다 크게 오른 만큼 단순 연체뿐 아니라 요주의 이하...",https://www.goodkyung.com/news/articleView.html?idxno=289888,4,0.4347,0,drop,candidate_hybrid_gray_drop_score_lt_threshold,4,0.4347,npl,,,candidate_hybrid,1,0.65,0.35
"실적은 웃었지만..금융지주 카드사 CEO 4인, 연말 인사 변수는",연체율은 1.21%로 개선됐고 대손충당금 전입액도 전년보다 7.4% 감소했다. 최근에는 그룹 통합 플랫폼 '슈퍼SOL... 하나은행과의 협업을 바탕으로 기업 고객 기반을 확대했다. 최근에는 나라사랑카드를 활용해 20대 고객을...,https://kpenews.com/View.aspx?No=4172969,3,0.5506,0,drop,candidate_hybrid_gray_drop_score_lt_threshold,3,0.5506,카드사,,,candidate_hybrid,1,0.65,0.35
