title,summary,url,score,prob,keep,decision,decision_reason,relevance_score,relevance_prob,matched_hard,matched_soft,matched_negative,relevance_model_policy,model_used,candidate_keep_prob,candidate_drop_prob
청소년 1777명 사이버도박 '평균 10개월-300만원'…자진신고,한 17세 청소년은 도박자금을 마련하기 위해 사회관계망서비스(SNS)에서 대부업자를 찾아 100%의 이자를 조건으로 35만원을 빌렸다가 가족에게 대리변제를 요구하는 협박을 받은 것으로 조사됐다. 또 다른 16세...,https://www.newsis.com/view/NISX20260904_0003777157,-3,0.515,0,drop,candidate_hybrid_drop_negative_signal,-3,0.515,,,sns,candidate_hybrid,1,0.65,0.35
[단독] '성관계 영상' 담보로...허점 노린 '성착취' 사채,하지만 B 씨는 촬영물 등을 이용한 협박과 대부업법 위반 등 혐의로만 구속 기소됐습니다. 정작 피해자의 신체를 촬영한 것에 대한 성폭력처벌법상 카메라 등 이용 촬영 혐의는 적용되지 않았습니다. 돈을 빌려주는...,https://www.ytn.co.kr/_ln/0103_202609070516226153,6,0.6508,1,keep,candidate_hybrid_model_keep_prob_ge_threshold_with_domain_anchor,6,0.6508,대부업법,,,candidate_hybrid,1,0.65,0.35
지역 따라 화재·휴업·피싱 보장… 7개 지자체 '상생보험' 이용법,제주는 대부업을 제외한 금융회사에서 1000만원 이상을 대출받은 20~65세 소상공인이 대상이다. 충북은 같은 연령대의 소상공인 가운데 대부업을 제외한 금융회사 대출 이용자가 가입할 수 있다. 제주·충북 모두...,https://www.insnews.co.kr/news/articleView.html?idxno=92615,1,0.3815,0,drop,candidate_hybrid_gray_drop_score_lt_threshold,1,0.3815,,대출,,candidate_hybrid,1,0.65,0.35
벼랑 끝 서민 노리는 불법사금융… 10년 새 불법광고 11배 ‘폭증’,"취약계층 대상 정책서민금융 공급 실효성 제고 제2저축은행과 대부업체마저 연체율 상승으로 대출... ""불법 미등록 대부업자가 체결한 대부계약의 이자 수취를 전면 무효화하는 법적 근거를 명확히 하고, 불법추심...",https://www.dailyt.co.kr/newsView/dlt202609060003,23,0.7823,1,keep,candidate_hybrid_keep_strong_domain_rule_anchor,23,0.7823,저축은행;불법사금융;불법추심;연체율,대출,,candidate_hybrid,1,0.65,0.35
"고인 계좌, 사망신고 다음 날 정지…11일부터 전 금융권 4890곳 일제 차단","정보를 활용하는 금융회사도 은행과 보험·카드·증권·저축은행·상호금융에 캐피털과 대부업, 온라인투자연계금융업, 우체국을 더해 4890곳으로 늘어난다. 그동안 사망자 정보를 제공받지 못했던 제2금융권과 대부업권...",https://www.raonnews.com/news/article.html?no=60872,13,0.734,1,keep,candidate_hybrid_keep_strong_domain_rule_anchor,13,0.734,저축은행;상호금융;대부업,,,candidate_hybrid,1,0.65,0.35
사망 신고 다음날 금융거래 전면 차단… 정부 ‘신속차단 시스템’ 가동,"정보 활용 대상 기관도 시중은행을 비롯해 저축은행, 상호금융, 카드·캐피털, 증권, 보험, 대부업, 우체국 등 총 4천890개사로 전면 확대된다. 유가족이 별도로 거래 정지를 신청하지 않아도 사망신고 접수 이튿날부터 고인...",https://www.kyeonggi.com/article/20260906580071,17,0.8076,1,keep,candidate_hybrid_keep_strong_domain_rule_anchor,17,0.8076,시중은행;저축은행;상호금융;대부업,,,candidate_hybrid,1,0.65,0.35
불법사금융 피해 신고 지난해 1만7천500여건 사상 최대,"사금융이 온라인 광고를 타고 더욱 지능화·교묘화하고 있다”며 “불법 금융광고를 사전에 차단할 수 있는 시스템을 한층 강화하고, 미등록 대부업체 등 피해의 뿌리부터 차단할 수 있는 실효성 있는 단속체...",https://www.taxtimes.co.kr/news/article.html?no=276727,8,0.6549,1,keep,candidate_hybrid_keep_strong_domain_rule_anchor,8,0.6549,불법사금융,,,candidate_hybrid,1,0.65,0.35
서민 울리는 '미등록 대부' 광고 급증...불법사금융 광고 10년 새 11배 늘...,"있는 단속체계 구축이 시급하다""고 지적했다. 박 의원은 또 ""불법사금융은 단순한 금융질서 위반을 넘어 서민의 생계와 삶을 직접 위협하는 민생범죄""라며 ""금융당국과 수사기관의 공조 강화, 불법사금융 업자에...",https://www.pinpointnews.co.kr/news/articleView.html?idxno=484385,8,0.6773,1,keep,candidate_hybrid_keep_strong_domain_rule_anchor,8,0.6773,불법사금융,,,candidate_hybrid,1,0.65,0.35
[BS모닝]미등록 대부·불법추심 광고 기승…10년간 14만9000건 차단 요청,"사금융이 온라인 광고를 타고 더욱 지능화·교묘화되고 있다”며 “불법 금융광고를 사전에 차단할 수 있는 시스템을 한층 강화하고, 미등록 대부업체 등 피해의 뿌리부터 차단할 수 있는 실효성 있는 단속체...",http://www.segyebiz.com/newsView/20260906508682?OutUrl=naver,6,0.4619,0,drop,candidate_hybrid_gray_drop_no_domain_anchor,6,0.4619,불법추심,,,candidate_hybrid,1,0.65,0.35
불법사금융 광고 15만건 육박…'미등록 대부' 판친다,"있는 단속체계 구축이 시급하다""고 지적했다. 이어 ""불법사금융은 단순한 금융질서 위반을 넘어 서민의 생계와 삶을 직접 위협하는 민생범죄""라며 ""금융당국과 수사기관 간 공조를 강화해 불법사금융 업자를...",https://www.sejungilbo.com/news/articleView.html?idxno=59968,8,0.6904,1,keep,candidate_hybrid_keep_strong_domain_rule_anchor,8,0.6904,불법사금융,,,candidate_hybrid,1,0.65,0.35
불법금융광고 지난해 2만5000건 ‘역대 최대’…피해 신고도 늘었다,있는 단속체계 구축이 시급하다”고 지적했다. 이어 “불법사금융은 단순한 금융질서 위반을 넘어 서민의 생계와 삶을 직접 위협하는 민생범죄”라며 “금융당국과 수사기관 간 공조를 강화해 불법사금융...,https://www.edaily.co.kr/News/Read?newsId=01961446645577496&mediaCodeNo=257&utm_source=naver&utm_medium=referral&utm_campaign=news_syndication&utm_content=original_article,8,0.655,1,keep,candidate_hybrid_keep_strong_domain_rule_anchor,8,0.655,불법사금융,,,candidate_hybrid,1,0.65,0.35
불법사금융 광고 10년간 약 15만건…절반이 '미등록 대부',"박성훈 의원은 ""불법 금융광고를 사전에 차단할 수 있는 시스템을 한층 강화하고 미등록 대부 업체 등 피해의 뿌리부터 차단할 수 있는 실효성 있는 단속체계 구축이 시급하다""고 지적했다. 이어 ""불법사금융은...",https://news.tvchosun.com/site/data/html_dir/2026/09/06/2026090690076.html,8,0.558,1,keep,candidate_hybrid_keep_strong_domain_rule_anchor,8,0.558,불법사금융,,,candidate_hybrid,1,0.65,0.35
불법금융광고 10년간 15만건…절반이 '미등록 대부',"있는 단속체계 구축이 시급하다""고 지적했다. 이어 ""불법사금융은 단순한 금융질서 위반을 넘어 서민의 생계와 삶을 직접 위협 하는 민생범죄""라며 ""금융당국과 수사기관 간 공조를 강화해 불법사금융 업자를...",https://www.newsis.com/view/NISX20260906_0003778166,8,0.6588,1,keep,candidate_hybrid_keep_strong_domain_rule_anchor,8,0.6588,불법사금융,,,candidate_hybrid,1,0.65,0.35
"""벼랑 끝 서민 노리는 불법사금융…'사전 차단·단속 체계 강화 시급'""",있는 단속체계 구축이 시급하다”고 지적했다. 이어 “금융당국과 수사기관 간 공조를 강화해 불법사금융 업자를 엄정하게 처벌하고 피해자 구제와 서민금융 지원 등 실질적인 금융안전망을 신속히 강화해야...,https://www.m-economynews.com/news/article.html?no=70472,8,0.7435,1,keep,candidate_hybrid_keep_strong_domain_rule_anchor,8,0.7435,불법사금융,,,candidate_hybrid,1,0.65,0.35
"메타크라우드, 송파구 어르신 대상 AI 보이스피싱 실시간 탐지 서비스 ...","메타크라우드는 사업 기간 탐지 성능을 지속적으로 점검하는 한편, 보이스피싱 피해 위험이 큰 어르신을 대상으로 하는 실증인 만큼 앱 사용 과정에서 겪는 어려움도 중점적으로 살필 계획이다. 참여자 의견을 바탕으로...",https://www.etnews.com/20260907000023,6,0.7575,1,keep,candidate_hybrid_model_keep_prob_ge_threshold_with_domain_anchor,6,0.7575,보이스피싱,,,candidate_hybrid,1,0.65,0.35
[사설] 수기분리 원칙 실현하려면 전건송치 복원해야,"보이스피싱, 전세사기 등 민생범죄와 각종 재산범죄에서도 잘못된 불송치 결정은 국민에게 회복하기 어려운 피해를 줄 수 있다. 형사사법체계의 대전환을 앞둔 지금 경찰개혁의 단기 목표는 제도 전환 과정에서의 혼란과...",https://news.koreanbar.or.kr/news/articleView.html?idxno=36107,6,0.6847,1,keep,candidate_hybrid_model_keep_prob_ge_threshold_with_domain_anchor,6,0.6847,보이스피싱,,,candidate_hybrid,1,0.65,0.35
[이번주 한국은행 및 금융위·금감원 일정],(조간) ※금융권 보이스피싱 대응역량 제고를 위한 우수사례 포상 추진(조간) *9월8일(화) ▲원장 해외 출장 ※고령층의 금융사기 피해 예방 및 디지털 금융소외 방지를 위한 「FSS 시니어 금융 아카데미」를...,https://news.einfomax.co.kr/news/articleView.html?idxno=4433634,24,0.9398,1,keep,candidate_hybrid_keep_strong_domain_rule_anchor,24,0.9398,금감원;금융위;한국은행;보이스피싱,금융,,candidate_hybrid,1,0.65,0.35
평범한 인간 심리 노리는 ‘팀미션’ 사기의 함정,"부업, 공동구매, 영화 예매 이벤트, 투자, 연애 등 우리가 일상에서 쉽게 접하는 소재를 이용해 피해자에게 접근한다. 보이스피싱이 공포를 이용했다면, 팀미션 사기는 신뢰를 이용한다. 그래서 “나는 절대 속지...",https://shindonga.donga.com/3/all/13/6373744/1,0,0.6366,0,drop,candidate_hybrid_drop_negative_signal,0,0.6366,보이스피싱,,영화,candidate_hybrid,1,0.65,0.35
금주 한국은행 및 금융당국(금융위·금감원) 주요일정,"(조간) ※'2026 범금융권 보이스피싱 예방 주간' 개최(조간) ※사망자 명의의 불법 금융거래, 사망신고... 금융사기 피해 예방 및 디지털 금융소외 방지를 위한 'FSS 시니어 금융 아카데미'를 신청하세요(석간)...",http://www.joseilbo.com/news/news_read.php?uid=575167&class=18&grp=,24,0.9535,1,keep,candidate_hybrid_keep_strong_domain_rule_anchor,24,0.9535,금감원;금융위;한국은행;보이스피싱,금융,,candidate_hybrid,1,0.65,0.35
"서울 서서울농협, AI 활용·보이스피싱 예방교육",갈수록 지능화하는 보이스피싱 등 금융사기의 주요 수법과 피해 예방법도 교육했다. 조원민 조합장은 “디지털 정보 격차를 줄이고 생활편의를 높이는 교육을 지속적으로 마련하겠다”고 말했다.,https://www.nongmin.com/article/20260904500545,6,0.8974,1,keep,candidate_hybrid_model_keep_prob_ge_threshold_with_domain_anchor,6,0.8974,보이스피싱,,,candidate_hybrid,1,0.65,0.35
"명준수 경위, 보이스피싱 수거책 검거 유공 경찰청장 표창","한 보이스피싱 피의자를 검거했다. 앞서 지난달 15일 현금 절도 피의자를 거거한 내덕지구대 이종민 순경도 이날 경찰서장 표창을 받았다. 윤치원 서장은 ""시민의 안전과 피해 예방을 우선으로 생각하고 적극적으로 대처한...",http://www.cctimes.kr/news/articleView.html?idxno=925742,6,0.8977,1,keep,candidate_hybrid_model_keep_prob_ge_threshold_with_domain_anchor,6,0.8977,보이스피싱,,,candidate_hybrid,1,0.65,0.35
"울산, 6천만원 보이스피싱 피해 막은 은행원들 '맹활약'",지난 4일 보이스피싱 피해를 예방한 NH농협은행 동울산지점 최은화 과장과 조현정 계장이 울산동부경찰서로부터 감사장을 받고 있다. 사진제공=NH농협은행 동울산지점 금융기관을 사칭한 보이스피싱 전화로 6천만원의...,http://www.ujeil.com/news/articleView.html?idxno=391586,6,0.8861,1,keep,candidate_hybrid_model_keep_prob_ge_threshold_with_domain_anchor,6,0.8861,보이스피싱,,,candidate_hybrid,1,0.65,0.35
농협은행 동울산지점 조현정 계장 보이스피싱 피해 예방 공로 감사장,"NH농협은행 동울산지점은 최은화 과장과 조현정 계장이 보이스피싱 피해를 예방한 공로로 울산동부경찰서로부터 감사장을 받았다고 밝혔다. 고객 2명은 최근 각각 금융기관 직원을 사칭한 전화를 받고 3,000만원씩 모두 6...",https://www.ulsanpress.net/news/articleView.html?idxno=582451,6,0.8548,1,keep,candidate_hybrid_model_keep_prob_ge_threshold_with_domain_anchor,6,0.8548,보이스피싱,,,candidate_hybrid,1,0.65,0.35
"금감원, 목표전환형 펀드 설명 강화…대출 중단·변경 전 사전 안내","소비자 피해가 우려될 경우 즉각 대응해야 한다""고 말했다. 이어 ""금리 인상과 관련해 취약차주에게 불합리한 금융상품 거래 관행이 발생하지 않는지도 면밀히 살펴야 한다""며 ""추석 연휴를 앞두고 보이스피싱 등...",https://www.delighti.co.kr/news/articleView.html?idxno=121394,14,0.7697,1,keep,candidate_hybrid_keep_strong_domain_rule_anchor,14,0.7697,금감원;보이스피싱,금리;대출,,candidate_hybrid,1,0.65,0.35
차단·의심·신고…실버머니 지키기 '3원칙',"2024년 1월부터 보이스피싱 사고 피해를 본 금융소비자는 소송 절차를 거치지 않아도 은행의 자율배상 절차를 통해 피해 금액의 최대 50%까지 배상받을 수 있게 됐다. 이 강사는 ""금융사기 예방에 있어 시니어 당사자뿐...",https://www.mk.co.kr/article/12145513,6,0.7587,1,keep,candidate_hybrid_model_keep_prob_ge_threshold_with_domain_anchor,6,0.7587,보이스피싱,,,candidate_hybrid,1,0.65,0.35
"[2026 대한민국 다문화 어울림 엑스포] ""모두가 이웃""…다양성 이해하고...","대구경찰청 부스에서는 보이스피싱과 교통안전 등 외국인들이 한국에서 생활하며 알아둬야 할 범죄 예방... 대구이주여성상담소는 가정폭력과 성폭력, 성착취·성매매, 스토킹·교제폭력 등 여성폭력 피해를 입은...",https://www.idaegu.co.kr/news/articleView.html?idxno=558787,6,0.6764,1,keep,candidate_hybrid_model_keep_prob_ge_threshold_with_domain_anchor,6,0.6764,보이스피싱,,,candidate_hybrid,1,0.65,0.35
[기자의눈] 보이스피싱보다 한발 빨라야 한다,"지난해 상반기 보이스피싱 피해액은 6421억원으로 전년 같은 기간 3243억원보다 98.1% 급증했다. 작년 8월 배경훈 과학기술정보통신부 장관은 통신 3사와 국립과학수사연구원 등과 만나 ""내년 이 시점에서 우리가...",https://www.asiatoday.co.kr/kn/view.php?key=20260906010002041,6,0.8538,1,keep,candidate_hybrid_model_keep_prob_ge_threshold_with_domain_anchor,6,0.8538,보이스피싱,,,candidate_hybrid,1,0.65,0.35
"[금융 HOT 뉴스] 신한라이프, '보이스피싱 신규 FDS' 구축","사진=신한라이프  신한라이프는 유관기관이 보유한 정보 공유로 신고가 접수되기 전 보이스피싱 피해를 예방하기 위해 기존 시스템을 고도화한 신규 FDS(이상금융거래탐지시스템, Fraud Detection System)를 론칭했다고 6일...",http://www.bizwnews.com/news/articleView.html?idxno=145305,7,0.8539,1,keep,candidate_hybrid_model_keep_prob_ge_threshold_with_domain_anchor,7,0.8539,보이스피싱,금융,,candidate_hybrid,1,0.65,0.35
"금감원, 펀드 수수료 설명 강화... ""목표전환형 펀드 선취수수료 부담 ...","발생하지 않는지 면밀히 살펴야 한다""며 ""업권별 주요 위험 요인을 예의주시하며 소비자 피해가 우려될 경우 즉각 대응하고, 다가오는 추석 연휴를 앞두고 보이스피싱 등 민생 범죄 예방에도 만전을 기해달라""고 당부했다.",https://www.getnews.co.kr/news/articleView.html?idxno=879949,13,0.8099,1,keep,candidate_hybrid_keep_strong_domain_rule_anchor,13,0.8099,금감원;보이스피싱,수수료,,candidate_hybrid,1,0.65,0.35
"칠곡경찰서, 어르신 50명 대상 교통안전·범죄예방 교육",범죄예방계는 최근 어르신들을 대상으로 발생하는 보이스피싱 범죄 유형과 함께 낯선 번호로 걸려오는 전화나 문자에 대한 대처 요령을 안내했다. 특히 의심스러운 전화나 문자를 받았을 경우 피해를 막기 위해 즉시...,https://www.hidomin.com/news/articleView.html?idxno=720014,6,0.8194,1,keep,candidate_hybrid_model_keep_prob_ge_threshold_with_domain_anchor,6,0.8194,보이스피싱,,,candidate_hybrid,1,0.65,0.35
티빙 유출 사고 보상 신청 7일 시작… 4000만 계정 피해 어떻게 갚나,"특히 피해 보상이나 환불을 사칭한 보이스피싱, 악성 앱 설치를 유도하는 문자에 각별히 주의할 것을 당부했다. 피해 회원이라면 티빙 계정 비밀번호를 즉시 변경하고, 동일한 아이디와 비밀번호를 쓰는 다른 서비스의...",https://www.wikitree.co.kr/articles/1157593,6,0.726,1,keep,candidate_hybrid_model_keep_prob_ge_threshold_with_domain_anchor,6,0.726,보이스피싱,,,candidate_hybrid,1,0.65,0.35
"금감원, 펀드 설명의무 강화…대출 중단 시 사전고지도 의무화","소비자 피해가 우려 시 즉각 대응해야 한다""고 말했다. 이어 ""금리 인상과 관련 취약 차주 등에 불합리한 금융상품 거래 관행이 발생하지 않는지 등을 면밀히 살펴야 한다""며 ""추석 연휴를 앞두고 보이스피싱 등 민생범죄와...",https://www.joongangenews.com/news/articleView.html?idxno=545888,14,0.7826,1,keep,candidate_hybrid_keep_strong_domain_rule_anchor,14,0.7826,금감원;보이스피싱,금리;대출,,candidate_hybrid,1,0.65,0.35
괴산경찰서 전기통신금융사기 예방활동,지난 3일부터 이날까지 나흘간 괴산유기농엑스포광장 일대에서 펼쳐진 괴산고추축제를 찾은 주민과 관광객에게 피싱 수법과 피해 예방법을 알리고 금융사기 경각심을 높였다. △기관·가족 사칭 보이스피싱 △고수익을...,http://www.cctimes.kr/news/articleView.html?idxno=925664,6,0.8964,1,keep,candidate_hybrid_model_keep_prob_ge_threshold_with_domain_anchor,6,0.8964,보이스피싱,,,candidate_hybrid,1,0.65,0.35
"금감원, 전 금융권과 보이스피싱 예방 주간 운영","근절하기 위해 범금융권이 집중 예방 주간을 마련했다""고 밝혔습니다. 금감원은 ""앞으로 안심차단서비스와 피해보상보험 가입 확대 등 보이스피싱 피해를 최소화할 수 있도록 금융권과 협력해 나가겠다""고 강조했습니다.",https://biz.sbs.co.kr/article_hub/20000332981?division=NAVER,12,0.9275,1,keep,candidate_hybrid_keep_strong_domain_rule_anchor,12,0.9275,금감원;보이스피싱,,,candidate_hybrid,1,0.65,0.35
"금감원, 펀드 수수료 설명 강화…은행 대출 중단도 사전 안내",소비자 피해가 우려될 경우 즉각 대응해야 한다”며 “금리 인상과 관련해 취약 차주 등에 불합리한 금융상품 거래 관행이 발생하지 않는지도 면밀히 살펴야 한다”고 말했다. 이어 추석 연휴를 앞두고 보이스피싱 등...,https://www.viva100.com/article/20260906500484,18,0.8414,1,keep,candidate_hybrid_keep_strong_domain_rule_anchor,18,0.8414,금감원;은행;보이스피싱,금리;대출;수수료,,candidate_hybrid,1,0.65,0.35
금감원 “대출 일방 중단 안돼”…GA 불법영업도 손질,소비자 피해가 우려 시 즉각 대응해야 한다”고 강조했다. 이어 “금리 인상과 관련 취약 차주 등에 불합리한 금융상품 거래 관행이 발생하지 않는지 등을 면밀히 살펴야 한다”며 “추석 연휴를 앞두고 보이스피싱 등...,https://www.dt.co.kr/article/12082282?ref=naver,14,0.8105,1,keep,candidate_hybrid_keep_strong_domain_rule_anchor,14,0.8105,금감원;보이스피싱,금리;대출,,candidate_hybrid,1,0.65,0.35
"무주경찰서, 반딧불축제장서 보이스피싱 예방 캠페인",무주경찰서가 제30회 무주반딧불축제 현장에서 보이스피싱 피해 예방을 위한 현장 홍보활동을 펼쳤다. 무주경찰서(서장 김은희)는 지난 4일 축제장을 찾은 방문객과 주민들을 대상으로 보이스피싱 예방 캠페인을...,http://www.jeollailbo.com/news/articleView.html?idxno=810164,6,0.9144,1,keep,candidate_hybrid_model_keep_prob_ge_threshold_with_domain_anchor,6,0.9144,보이스피싱,,,candidate_hybrid,1,0.65,0.35
"금감원, 펀드 설명 의무 강화…대출 중단 시 사전 안내도","소비자 피해가 우려 시 즉각 대응해야 한다""고 강조했습니다. 이어 ""금리 인상과 관련 취약 차주 등에 불합리한 금융상품 거래 관행이 발생하지 않는지 등을 면밀히 살펴야 한다""며 ""추석 연휴를 앞두고 보이스피싱 등...",https://news.sbs.co.kr/news/endPage.do?news_id=N1008739894&plink=ORI&cooper=NAVER,14,0.7969,1,keep,candidate_hybrid_keep_strong_domain_rule_anchor,14,0.7969,금감원;보이스피싱,금리;대출,,candidate_hybrid,1,0.65,0.35
"금감원, 펀드 수수료·대출 중단 사전안내 강화","소비자 피해 우려가 발생하면 즉각 대응해야 한다""고 말했다. 이어 ""금리 인상 과정에서 취약 차주 등을 상대로 불합리한 금융상품 거래 관행이 나타나지 않는지도 살펴야 한다""며 ""추석 연휴를 앞두고 보이스피싱 등...",https://www.ebn.co.kr/news/articleView.html?idxno=1723152,15,0.8117,1,keep,candidate_hybrid_keep_strong_domain_rule_anchor,15,0.8117,금감원;보이스피싱,금리;대출;수수료,,candidate_hybrid,1,0.65,0.35
"금감원, 금융권과 '보이스피싱 예방 주간'","금융감독원이 전 금융권과 함께 오는 7일부터 13일까지 '보이스피싱 예방 주간'을 운영한다고 6일 밝혔습니다.... 금감원은 ""향후 안심차단서비스, 피해보상보험 가입 확대 등 피해를 최소화할 수 있도록 금융권과...",http://mbnmoney.mbn.co.kr/news/view?news_no=MM1005916249,18,0.9234,1,keep,candidate_hybrid_keep_strong_domain_rule_anchor,18,0.9234,금융감독원;금감원;보이스피싱,,,candidate_hybrid,1,0.65,0.35
"금감원·금융권, 7일부터 '보이스피싱 예방 주간'-""의심하고 끊고 확인...",금융감독원이 보이스피싱 피해를 막기 위해 전 금융권과 공동으로 집중 예방 활동에 나선다. 금감원은 오는 7일부터 13일까지 일주일간 '보이스피싱 예방 주간'을 운영한다고 6일 밝혔다. 은행연합회를 비롯해...,https://www.mediafine.co.kr/news/articleView.html?idxno=88973,18,0.9332,1,keep,candidate_hybrid_keep_strong_domain_rule_anchor,18,0.9332,금융감독원;금감원;보이스피싱,,,candidate_hybrid,1,0.65,0.35
"금감원 ""가계대출 중단 시 사전 안내 강화""…펀드 설명 의무도","소비자 피해가 우려될 시 즉각 대응해야 한다""고 말했다. 이어 ""금리 인상과 관련해 취약 차주 등에 불합리한 금융상품 거래 관행이 발생하지 않는지 면밀히 살펴야 한다""며 ""추석 연휴를 앞두고 보이스피싱 등 민생범죄와...",https://www.nocutnews.co.kr/news/6573672?utm_source=naver&utm_medium=article&utm_campaign=20260906011018,13,0.7154,1,keep,candidate_hybrid_keep_strong_domain_rule_anchor,13,0.7154,금감원;보이스피싱,금리,,candidate_hybrid,1,0.65,0.35
"금감원, 펀드 설명 의무 강화…대출 중단시 미리 사전 안내","소비자 피해가 우려 시 즉각 대응해야 한다""고 강조했습니다. 이어 ""금리 인상과 관련 취약 차주 등에 불합리한 금융상품 거래 관행이 발생하지 않는지 등을 면밀히 살펴야 한다""며 ""추석 연휴를 앞두고 보이스피싱 등...",http://www.yonhapnewstv.co.kr/news/AKR20260906130401sS7,14,0.7999,1,keep,candidate_hybrid_keep_strong_domain_rule_anchor,14,0.7999,금감원;보이스피싱,금리;대출,,candidate_hybrid,1,0.65,0.35
"브리핑 영업서 대리청약·특별이익 제공 여전…금감원 ""암행점검 계속""",협의회는 새 제도가 영업 현장에 완전히 정착되지 못해 소비자 피해가 발생할 가능성이 있다고 지적했다.... 이 원장은 추석 연휴를 앞두고 보이스피싱 등 민생범죄와 금융사고 예방에 만전을 기해달라고 당부했다....,https://www.raonnews.com/news/article.html?no=60871,12,0.7593,1,keep,candidate_hybrid_keep_strong_domain_rule_anchor,12,0.7593,금감원;보이스피싱,,,candidate_hybrid,1,0.65,0.35
"7일부터 보이스피싱 예방 주간, 금융권 10곳 참여","금감원은 8월 휴가철에도 공항, KTX, 지하철, 리조트 등 유동 인구가 많은 장소에서 예방 홍보를 진행했고, 본지는 앞서 금감원이 여름 휴가철 보이스피싱 피해를 줄이기 위한 전국 홍보 캠페인에 나섰다고 보도했다....",https://www.tokenpost.kr/news/policy/403228,6,0.9202,1,keep,candidate_hybrid_model_keep_prob_ge_threshold_with_domain_anchor,6,0.9202,보이스피싱,,,candidate_hybrid,1,0.65,0.35
"ETF 신탁 64조원, 금감원 수수료 설명 압박","소비자 피해가 우려되는 경우 즉각적이고 단호하게 대응해야 한다""고 말했다. 금감원은... 신탁 수수료 체계 개편을 논의할 방침이다. 추석 연휴를 앞두고 보이스피싱 등 민생범죄와 금융사고 예방도 함께 점검하기로 했다.",https://www.tokenpost.kr/news/policy/403229,13,0.8467,1,keep,candidate_hybrid_keep_strong_domain_rule_anchor,13,0.8467,금감원;보이스피싱,수수료,,candidate_hybrid,1,0.65,0.35
"이찬진 금감원장 ""연속 금리인상, 취약 차주에 불합리한 거래 관행 점검...","소비자 피해가 우려되는 경우 즉각적이고 단호하게 대응해야 한다""고 주문했다. 특히 이 원장은 ""최근... 이 원장은 ""추석 연휴를 앞두고 보이스피싱 등 민생범죄 및 금융사고 예방에 만전을 기해 달라""며 ""현장 일선에서...",https://news.mtn.co.kr/news-detail/2026090514071144454,6,0.799,1,keep,candidate_hybrid_model_keep_prob_ge_threshold_with_domain_anchor,6,0.799,보이스피싱,,,candidate_hybrid,1,0.65,0.35
"금감원, 7~13일 첫 ‘범금융권 보이스피싱 예방 주간’…전 금융권 참여",보이스피싱 피해는 감소하고 있지만 범죄 수법은 갈수록 지능화되고 있다. 올해 상반기 보이스피싱 발생 건수는 7033건으로 1년 전보다 61.0% 줄었다. 피해액도 3276억원으로 52.3% 감소했다. 다만 인공지능(AI) 기술과 악성 앱...,https://www.dailian.co.kr/news/view/1686937/?sc=Naver,12,0.9116,1,keep,candidate_hybrid_keep_strong_domain_rule_anchor,12,0.9116,금감원;보이스피싱,,,candidate_hybrid,1,0.65,0.35
범금융권 참여 ‘보이스피싱 예방 주간’ 개최,최근 보이스피싱 피해는 정부와 금융권의 예방 노력으로 감소하는 추세를 보이고 있다. 올해 상반기 발생건수는 7033건으로 전년 같은 기간 대비 61% 줄었다. 이 기간 피해액은 3276억원으로 전년 대비 52.3% 축소됐다. 하지만...,https://www.edaily.co.kr/News/Read?newsId=01495686645577496&mediaCodeNo=257&utm_source=naver&utm_medium=referral&utm_campaign=news_syndication&utm_content=original_article,6,0.8749,1,keep,candidate_hybrid_model_keep_prob_ge_threshold_with_domain_anchor,6,0.8749,보이스피싱,,,candidate_hybrid,1,0.65,0.35
"‘의심하고, 끊고, 확인’… 보이스피싱 막으려 범금융권 뭉쳤다",올해 상반기 보이스피싱 피해가 크게 줄었지만 인공지능(AI)과 악성 애플리케이션을 이용한 범죄 수법은 갈수록 정교해지고 있다는 판단에서다. 금감원은 7일부터 13일까지 ‘2026 범금융권 보이스피싱 예방 주간’을...,https://www.chosun.com/economy/stock-finance/2026/09/06/MABR6YF34ZBFPOVF3VEPIBTWEI/?utm_source=naver&utm_medium=referral&utm_campaign=naver-news,6,0.937,1,keep,candidate_hybrid_model_keep_prob_ge_threshold_with_domain_anchor,6,0.937,보이스피싱,,,candidate_hybrid,1,0.65,0.35
"이찬진 ""금융사, ETF 수수료 등 충실히 설명해야""","소비자 피해가 우려되는 경우 즉각적이고 단호하게 대응해야 한다""고 주문했다. 아울러... 이 원장은 ""추석 연휴를 앞두고 보이스피싱 등 민생범죄 및 금융사고 예방에 만전을 기해달라""며 ""금융상품 생애주기별 감독체계의...",https://news.einfomax.co.kr/news/articleView.html?idxno=4433617,7,0.7849,1,keep,candidate_hybrid_model_keep_prob_ge_threshold_with_domain_anchor,7,0.7849,보이스피싱,수수료,,candidate_hybrid,1,0.65,0.35
"금감원, 범금융권과 ‘보이스피싱 예방 주간’ 운영⋯“경각심 높이고...","금융회사들은 영업점과 각종 행사 현장에서도 안심차단서비스와 보이스피싱 피해보상보험을 안내한다. 기업은행은 9일 포천시 종합사회복지관에서 캠페인 부스를 운영하고, 농협은행은 7일 농업인 파크골프대회와 11...",https://www.etoday.co.kr/news/view/2622133,17,0.9035,1,keep,candidate_hybrid_keep_strong_domain_rule_anchor,17,0.9035,금감원;보이스피싱;기업은행,,,candidate_hybrid,1,0.65,0.35
"""의심하고, 끊고, 확인!""…범금융권 첫 보이스피싱 예방 캠페인 주간 운...","금융당국에 따르면 적극적인 예방 노력으로 보이스피싱 피해 규모는 지속적인 감소세를 나타내고 있다. 2026년 상반기 기준 보이스피싱 발생 건수는 7033건으로 지난해 같은 기간보다 61.0% 감소했고, 피해액 역시...",http://www.intn.co.kr/news/articleView.html?idxno=2053080,6,0.8904,1,keep,candidate_hybrid_model_keep_prob_ge_threshold_with_domain_anchor,6,0.8904,보이스피싱,,,candidate_hybrid,1,0.65,0.35
"금감원, 범금융권 '보이스피싱 예방주간' 첫 개최","금감원에 따르면 상반기 보이스피싱 발생건수는 전년 동기 대비 61%, 피해액은 52.3% 감소했으나 인공지능(AI) 기술 및 악성 애플리케이션 등을 이용한 범죄 수법이 점차 지능화되면서 국민 일상은 여전히 위협받고 있다....",https://view.asiae.co.kr/article/2026090417101908663,12,0.9088,1,keep,candidate_hybrid_keep_strong_domain_rule_anchor,12,0.9088,금감원;보이스피싱,,,candidate_hybrid,1,0.65,0.35
보이스피싱 피해 반토막 났지만 3276억…금융권 공동대응 나선다,올해 상반기 보이스피싱 피해가 지난해보다 절반 이상 줄었지만 피해액은 여전히 3000억원을 웃돈 것으로 나타났다. 금융당국은 인공지능(AI)과 악성앱을 이용한 범죄 수법이 갈수록 교묘해지고 있다고 보고 은행·증권...,https://www.newsworks.co.kr/news/articleView.html?idxno=852751,9,0.8887,1,keep,candidate_hybrid_keep_strong_domain_rule_anchor,9,0.8887,은행;보이스피싱,,,candidate_hybrid,1,0.65,0.35
"""의심하고, 끊고, 확인하고""…범금융권 보이스피싱 예방 주간 개최","6일 금감원에 따르면 올해 상반기 보이스피싱 발생 건수는 7033건, 피해액은 총 3276억원으로 집계됐다. 전년 동기 대비로는 각각 61.0%, 52.3% 줄어든 수치다. 다만 인공지능(AI) 기술과 악성 앱 등을 이용한 범죄 수법이 점차...",https://www.newsis.com/view/NISX20260904_0003776956,6,0.8824,1,keep,candidate_hybrid_model_keep_prob_ge_threshold_with_domain_anchor,6,0.8824,보이스피싱,,,candidate_hybrid,1,0.65,0.35
"금감원, 범금융권 보이스피싱 예방 주간 ""의심하고, 끊고, 확인하고!""",안심차단서비스(3종) 및 보이스피싱 피해보상보험 등을 안내하고 필요시 가입까지 한 자리에서 진행한다. MBC라디오와 협업으로 나태주 홍보대사가 직접 출연해 예방 주간 및 핵심 행동 요령을 알리는 음성광고를 송출할...,https://www.news1.kr/finance/general-finance/6281248,12,0.9224,1,keep,candidate_hybrid_keep_strong_domain_rule_anchor,12,0.9224,금감원;보이스피싱,,,candidate_hybrid,1,0.65,0.35
"금감원, 全 금융권과 '보이스피싱 예방 주간'","금융감독원이 전 금융권과 함께 오는 7일부터 13일까지 '보이스피싱 예방 주간'을 운영한다고 6일 밝혔다.... 금감원은 ""향후 안심차단서비스, 피해보상보험 가입 확대 등 피해를 최소화할 수 있도록 금융권과...",https://www.yna.co.kr/view/AKR20260905043500002?input=1195m,18,0.925,1,keep,candidate_hybrid_keep_strong_domain_rule_anchor,18,0.925,금융감독원;금감원;보이스피싱,,,candidate_hybrid,1,0.65,0.35
[기획] 또 털린 고객정보…유통·플랫폼 보안 리스크 재점화,"이름과 연락처, 주문·배송정보가 '피해보상'이나 '환불'을 내세운 피싱과 보이스피싱에 악용되는 사례까지 나타나고 있어서다. 6일 개인정보보호위원회와 관련 업계에 따르면 최근 GS리테일은 GS SHOP과 GS25 회원 약...",https://www.m-i.kr/news/articleView.html?idxno=1410182,6,0.7133,1,keep,candidate_hybrid_model_keep_prob_ge_threshold_with_domain_anchor,6,0.7133,보이스피싱,,,candidate_hybrid,1,0.65,0.35
"금감원, 보험·펀드 불완전판매 집중 점검","이 원장은 ""대내외 불확실성이 지속되는 만큼 업권별 주요 위험요인을 예의주시하고 소비자 피해가... 설명해야 한다""며 ""추석 연휴를 앞두고 보이스피싱 등 민생범죄와 금융사고 예방에도 만전을 기해달라""고 주문했다.",https://www.ajunews.com/view/20260906094846711,16,0.843,1,keep,candidate_hybrid_keep_strong_domain_rule_anchor,16,0.843,금감원;불완전판매;보이스피싱,,,candidate_hybrid,1,0.65,0.35
"전주덕진경찰서 아중지구대, 민·경 합동 맞춤형 범죄예방 캠페인 실시","현장에서는 최근 보이스피싱 주요 수법과 피해 대처요령을 안내했다. 특히 정부기관과 금융기관을 사칭하는 수법, 출처가 불분명한 문자메시지 URL 클릭 금지 등 정보 취약계층이 쉽게 실천할 수 있는 예방수칙을 설명했다....",http://www.domin.co.kr/news/articleView.html?idxno=1567652,6,0.7722,1,keep,candidate_hybrid_model_keep_prob_ge_threshold_with_domain_anchor,6,0.7722,보이스피싱,,,candidate_hybrid,1,0.65,0.35
[2026 머니엑스포] 단순 지원 넘어 자립·성장으로…신한라이프 '따뜻한...,특수채권 채무자를 대상으로 채무조정을 실시하고 보이스피싱 피해 고객에게는 이자를 감면해 금융 부담을 낮추고 있다. ◇ 금융교육부터 창업까지…성장 사다리 놓는다 단기적인 금융 지원에 그치지 않고 금융 역량을...,https://www.econovill.com/news/articleView.html?idxno=748349,7,0.5437,1,keep,candidate_hybrid_gray_keep_domain_score_ge_threshold,7,0.5437,보이스피싱,금융,,candidate_hybrid,1,0.65,0.35
"부산은행, 부산자유도매시장과 '장금이 결연'…소상공인 금융지원","부산은행과 금융감독원 부산울산지원, 부산 서민금융 복합지원센터 관계자들은 협약식 이후 시장 내 약 500개 점포를 방문해 보이스피싱 등 주요 금융사기 유형과 피해 예방법을 안내했다. 정책서민금융과 채무조정 등...",https://www.fetv.co.kr/news/articleView.html?idxno=309671,12,0.7566,1,keep,candidate_hybrid_keep_strong_domain_rule_anchor,12,0.7566,금융감독원;보이스피싱,,,candidate_hybrid,1,0.65,0.35
5060 빚은 늘고 2030 연체는 뛰었다…보험대출·카드론 동반 증가,올해 들어 50·60대를 중심으로 보험계약대출과 카드론 등 2금융권 대출이 증가한 것으로 나타났다. 20... 카드론 연체율은 모든 연령대에서 상승했으며 30대가 지난해 말 2.42%에서 올해 7월 2.96%로 0.54%포인트 올라...,http://www.joseilbo.com/news/news_read.php?uid=575179&class=18&grp=,5,0.604,0,drop,candidate_hybrid_gray_drop_score_lt_threshold,5,0.604,카드론,,,candidate_hybrid,1,0.65,0.35
금리 인상기의 제2금융권 건전성 유지 시급 [서지용의 금융 톡톡],"2금융권에서 부실이 현실화될 가능성이 크다. 특히, 수신 기능이 없는 카드·캐피털사는 여신전문금융채(여전채) 시장을 통해 자금을 조달한다. 채권금리가 오르면 조달비용이 즉시 상승하지만, 이미 상승한 연체율...",https://www.dailian.co.kr/news/view/1686269/?sc=Naver,13,0.7799,1,keep,candidate_hybrid_keep_strong_domain_rule_anchor,13,0.7799,연체율;여전채,금리;건전성;금융,,candidate_hybrid,1,0.65,0.35
[Who Is ?] 빈대인 BNK금융지주 대표이사 회장,"2026년 2분기 말 BNK금융지주의 고정이하여신비율은 1.46%, 연체율은 1.34%로 나타났다. 2026년 1분기 말보다... BNK금융은 2024년 금융권 책무구조도 시범운영에 참여하고 내부통제위원회와 관련 내부통제 기준을 마련했다....",https://www.businesspost.co.kr/BP?command=article_view&num=446045,0,0.4133,0,drop,candidate_hybrid_gray_drop_score_lt_threshold,0,0.4133,,,,candidate_hybrid,1,0.65,0.35
국채금리 발작에 대출금리 도미노…주담대 8% 카드론 14%대,"글로벌 국채금리 상승 →국내 채권시장에도 영향 6일 금융권에 따르면 미국 10년 만기 국채금리는 지난 2일... 9% 급증했고, 카드대출채권 연체율도 3.35%로 상승했다. 특히 눈에 띄는 대목은 이른바 '풍선효과'다....",https://www.nocutnews.co.kr/news/6573739?utm_source=naver&utm_medium=article&utm_campaign=20260907050027,13,0.7965,1,keep,candidate_hybrid_keep_strong_domain_rule_anchor,13,0.7965,카드론;국채금리;국내 채권시장,,,candidate_hybrid,1,0.65,0.35
'빚투' 속 급전 찾는 5060…보험계약대출·카드론 모두 증가,올해 상반기 주식시장 강세로 '빚투'(빚내서 투자)가 늘어난 가운데 2금융권에서는 50대 이상을... ◆ 카드론도 5060 증가…연체율은 전 연령 상승 카드론 역시 50대 이상을 중심으로 잔액이 늘었다. 8개 전업...,https://www.econovill.com/news/articleView.html?idxno=749986,5,0.6846,1,keep,candidate_hybrid_model_keep_prob_ge_threshold_with_domain_anchor,5,0.6846,카드론,,,candidate_hybrid,1,0.65,0.35
‘빚투’에 50·60대 보험대출·카드론 증가,"올해 상반기 증시 활황으로 ‘빚투(빚내서 투자)’가 늘어난 가운데 특히 2금융권에서 50·60대 위주로... 카드론 연체율은 전 연령층에서 상승했다. 30대가 2.42%에서 2.96%로 가장 크게 올랐고, 40대(2.14%→2.60...",https://www.busan.com/view/busan/view.php?code=2026090617332701581,5,0.6544,1,keep,candidate_hybrid_model_keep_prob_ge_threshold_with_domain_anchor,5,0.6544,카드론,,,candidate_hybrid,1,0.65,0.35
급전 필요한 5060…보험계약대출-카드론 늘었다,올해 들어 50대 이상을 중심으로 보험계약대출과 카드론 등 2금융권 대출이 늘었다. 두 대출 모두 서민들이 급전이 필요할 때 주로 찾는 상품이다. 20~40대에서는 잔액이 줄어 대비됐다. 카드론 연체율은 모든...,https://www.donga.com/news/Economy/article/all/20260906/134613321/1,6,0.6493,1,keep,candidate_hybrid_gray_keep_domain_score_ge_threshold,6,0.6493,카드론,대출,,candidate_hybrid,1,0.65,0.35
"""카드 문턱 낮춘다""는 정부…금리 상승에 카드사 건전성 '빨간불'",이 같은 상황에서 정부가 제2금융권에 대한 저신용자 지원을 재차 강조하고 있어 카드업계는 당분간... 저신용자 대출금리가 오른 배경에는 경기 침체로 저신용자의 연체율과 대손비용이 늘어난 점이 영향을 미친...,https://www.ajunews.com/view/20260906142225037,6,0.6116,1,keep,candidate_hybrid_gray_keep_domain_score_ge_threshold,6,0.6116,카드사,금리;건전성,,candidate_hybrid,1,0.65,0.35
"50·60대, 보험대출·카드론 늘려 '빚투' 나섰나…연체율도↑","올해 상반기 내내 증시 강세에 따라 '빚투'가 늘어난 가운데, 특히 2금융권에서 50대 이상 연령대의... 다만 카드론 연체율은 모든 연령대에서 상승했다. 30대가 0.54%포인트(p) 올라 전 연령대에서 가장 큰 폭의...",https://www.pressian.com/pages/articles/2026090614085963696?utm_source=naver&utm_medium=search,5,0.74,1,keep,candidate_hybrid_model_keep_prob_ge_threshold_with_domain_anchor,5,0.74,카드론,,,candidate_hybrid,1,0.65,0.35
20% 넘보는 카드론 금리…대출창구는 더 좁아졌다,이 기간 연체율은 2.13%에서 2.49%로 높아졌다. 정부가 대출 규제를 강화되면서 1금융권에서 돈을 빌리기 어려운 차주들이 고금리 카드론이라도 받으려는 수요가 늘어난 것으로 해석된다. 돈을 빌려서라도 주식 등에...,https://www.edaily.co.kr/News/Read?newsId=01623606645577496&mediaCodeNo=257&utm_source=naver&utm_medium=referral&utm_campaign=news_syndication&utm_content=original_article,8,0.5964,1,keep,candidate_hybrid_keep_strong_domain_rule_anchor,8,0.5964,카드론,금리;대출;주식,,candidate_hybrid,1,0.65,0.35
상반기 증시 오르자…50·60대 보험대출·카드론 증가,"올해 상반기 증시 활황으로 이른바 '빚투'가 늘어난 가운데, 2금융권에서는 50·60대를 중심으로... 카드론 연체율은 전 연령층에서 상승했습니다. 30대가 2.42%에서 2.96%로 가장 크게 올랐고, 40대(2.14%→2.60%), 20대...",https://news.kbs.co.kr/news/pc/view/view.do?ncd=8655811&ref=A,5,0.6797,1,keep,candidate_hybrid_model_keep_prob_ge_threshold_with_domain_anchor,5,0.6797,카드론,,,candidate_hybrid,1,0.65,0.35
[M-커버스토리] 동전주는 돈줄도 죈다...자금조달 막히는 코스닥,금융감독원에 따르면 6월 말 기업대출 연체율은 0.68%로 지난해 같은 달보다 0.08%포인트(p) 상승했다.... 금융권에 따르면 KB·신한·하나·우리 등 시중은행들은 상폐 우려가 높은 기업에 대한 리스크 점검을 진행 중인...,http://www.metroseoul.co.kr/article/20260906500025,12,0.6105,1,keep,candidate_hybrid_keep_strong_domain_rule_anchor,12,0.6105,금융감독원;시중은행,코스닥,,candidate_hybrid,1,0.65,0.35
증시 호황 속 빚투 동참했나…5060 보험대출·카드론 늘었다,"2금융권에서는 50·60대를 중심으로 보험계약대출과 카드론이 증가한 것으로 나타났다. 6일 이종욱... 카드론 연체율은 전 연령층에서 올랐다. 30대가 2.42%에서 2.96%로 가장 크게 올랐고 40대(2.14%→2.60%), 20대(2.33...",https://www.nocutnews.co.kr/news/6573658?utm_source=naver&utm_medium=article&utm_campaign=20260906111017,5,0.6298,0,drop,candidate_hybrid_gray_drop_score_lt_threshold,5,0.6298,카드론,,,candidate_hybrid,1,0.65,0.35
‘빚투’ 속 급전 찾는 5060… 보험계약대출·카드론 모두 증가,"올해 상반기 주식시장 강세로 ‘빚투’(빚내서 투자)가 늘어난 가운데, 2금융권에서는 50대 이상을... 카드론 연체율은 모든 연령대에서 상승했다. 30대가 0.54%포인트(p) 가장 크게 올랐다. 다음으로 40대(0.46%p)...",https://biz.chosun.com/stock/finance/2026/09/06/4BDLNIW2VNEMZDRMOGVFX5IWVM/?utm_source=naver&utm_medium=original&utm_campaign=biz,5,0.6676,1,keep,candidate_hybrid_model_keep_prob_ge_threshold_with_domain_anchor,5,0.6676,카드론,,,candidate_hybrid,1,0.65,0.35
"""급하게 돈 쓸 데 생겨서""…50대·60대 보험대출·카드론 확 늘었다","올해 상반기 증시 활황을 타고 '빚투'(빚내서 투자) 열기가 이어진 가운데 2금융권에서는 50·60대를... 연체율은 전 연령층에서 올랐는데 30대가 2.42%에서 2.96%로 가장 크게 뛰었고, 40대(2.14%→2.60%), 20대(2.33%→2.74...",http://www.wowtv.co.kr/NewsCenter/News/Read?articleId=A202609060049&t=NN,5,0.6757,1,keep,candidate_hybrid_model_keep_prob_ge_threshold_with_domain_anchor,5,0.6757,카드론,,,candidate_hybrid,1,0.65,0.35
저축은행 자동차담보대출 급증... 올해 7개월 만에 1조 6천억 원 돌파,"제2금융권 고금리 대출로 내몰리는 '풍선효과'가 작용한 결과로 풀이된다. 이에 따라 취약계층의 이자 부담 증대와 연체율 상승에 대한 우려가 커지고 있다. 김재섭 의원은 ""정부가 대출 문턱을 높인 결과 급전이...",https://www.tournews21.com/news/articleView.html?idxno=142726,9,0.6532,1,keep,candidate_hybrid_keep_strong_domain_rule_anchor,9,0.6532,저축은행;연체율,대출,,candidate_hybrid,1,0.65,0.35
'빚투' 속에 50대 이상 보험계약대출·카드론 늘었다,"올해 상반기 증시 활황으로 '빚투'(빚내서 투자)가 늘어난 가운데, 2금융권에서는 50·60대 위주로... 카드론 연체율은 전 연령층에서 상승했습니다. 30대가 2.42%에서 2.96%로 가장 크게 올랐고, 40대(2.14%→2.60%), 20대...",http://mbnmoney.mbn.co.kr/news/view?news_no=MM1005916166,5,0.6961,1,keep,candidate_hybrid_model_keep_prob_ge_threshold_with_domain_anchor,5,0.6961,카드론,,,candidate_hybrid,1,0.65,0.35
20·30·40대는 줄었는데…50·60대만 ‘빚투’ 늘었다는데 왜?,올해 상반기 증시 활황 속에 빚을 내 투자하는 이른바 '빚투'가 늘어난 가운데 2금융권에서는 50·60대를... 카드론 연체율은 모든 연령대에서 상승했습니다. 30대 연체율은 지난해 말 2.42%에서 올해 7월 2.96%로 0.54...,https://biz.sbs.co.kr/article_hub/20000332965?division=NAVER,5,0.6577,1,keep,candidate_hybrid_model_keep_prob_ge_threshold_with_domain_anchor,5,0.6577,카드론,,,candidate_hybrid,1,0.65,0.35
"0.82% 현대캐피탈 연체율, AI 평가로 방어",현대캐피탈의 6월 말 연체율이 0.82%로 직전 분기 말보다 0.01%포인트 낮아졌다. 금융권 전반에서 연체 부담이 커지는 가운데 자동차금융 담보 관리와 인공지능(AI) 기반 신용평가가 건전성 차이를 만든 것으로 풀이된다....,https://www.tokenpost.kr/news/economy/403162,8,0.4933,1,keep,candidate_hybrid_keep_strong_domain_rule_anchor,8,0.4933,연체율,연체;건전성,,candidate_hybrid,1,0.65,0.35
상반기 증시 랠리에 5060 ‘빚투’ 러시…2금융권 대출 껑충,"제2금융권 대출이 크게 늘어난 것으로 나타났다. 중장년층은 생명보험계약대출과 카드론을 통해 투자 자금을 끌어모은 반면 청년층은 대출 잔액 감소에도 불구, 연체율이 급등하며 가계부채의 질적 악화가...",https://www.dt.co.kr/article/12082231?ref=naver,7,0.6056,1,keep,candidate_hybrid_gray_keep_domain_score_ge_threshold,7,0.6056,생명보험;가계부채,대출,,candidate_hybrid,1,0.65,0.35
"현대캐피탈, 은행보다 연체율 낮은 이유는",최근 금융권 전반에서 연체율이 상승하는 가운데서도 현대캐피탈이 AI를 활용한 대안평가모형 도입 등을 통해 오히려 연체율을 낮추고 있어 주목받고 있다. 2일 금융권에 따르면 현대캐피탈의 지난 6월 말 기준...,https://news.einfomax.co.kr/news/articleView.html?idxno=4433608,4,0.5406,0,drop,candidate_hybrid_gray_drop_score_lt_threshold,4,0.5406,연체율,,,candidate_hybrid,1,0.65,0.35
[오늘의 신문] 수출 7094억달러·K바이오 기술수출 21조…호르무즈 파병...,특히 카드론 연체율은 20대에서 가장 높아 세대별 금융 취약성도 드러났다.증시에서는 다시 미국으로 향하는 개인투자자가 늘고 있다. 원·달러 환율이 내려가고 국내 증시가 박스권에 머물면서 미국 주식 순매수가...,http://kor.theasian.asia/archives/414811,8,0.4101,1,keep,candidate_hybrid_keep_strong_domain_rule_anchor,8,0.4101,카드론,주식;달러;금융,,candidate_hybrid,1,0.65,0.35
그룹 내 존재감 커진 KB국민카드…순익 기여도 확대,"카드사 비이자이익은 가맹점수수료 외에 카드론·리볼빙 등 금융서비스 관련 수익을 포함하는데... 연체율은 1.07%로 전년 동기 1.40% 대비 0.33%p 낮아졌고, 직전 분기 대비로도 0.14%p 개선됐다. 고정이하여신비율(NPL비율)...",https://www.news2day.co.kr/article/20260904500238,12,0.6199,1,keep,candidate_hybrid_keep_strong_domain_rule_anchor,12,0.6199,카드사;npl;카드론,,,candidate_hybrid,1,0.65,0.35
"“노후자금까지 주식에 탈탈”…보험·카드론 대출 늘리는 5060, 증시 꺾...",카드론 전체 잔액은 소폭 증가하는 데 그쳤지만 연령별로는 50대 이상에서 대출이 늘어난 셈이다. 연체율은 전 연령층에서 상승했다. 특히 30대가 지난해 말 2.42%에서 지난 7월 2.96%로 가장 큰 폭으로 올랐고 40대는...,https://www.sedaily.com/article/20087760?ref=naver,6,0.6265,1,keep,candidate_hybrid_gray_keep_domain_score_ge_threshold,6,0.6265,카드론,대출,,candidate_hybrid,1,0.65,0.35
5060 '빚투' 확대…1년 보험계약대출·카드론 모두 증가,"8개 카드사의 전체 카드론 연체율(1개월 이상 연체채권 기준)은 7월 기준 2.49%로 지난해 말보다 0.36%포인트 올랐다. 이종욱 의원은 ""서민들의 빚은 점점 더 늘어나는 것이 현실""이라며 ""정부는 서민경제 상황을...",https://www.dailian.co.kr/news/view/1687019/?sc=Naver,9,0.7464,1,keep,candidate_hybrid_keep_strong_domain_rule_anchor,9,0.7464,연체율;카드론,,,candidate_hybrid,1,0.65,0.35
"“당장 돈 빌릴 데가 카드·보험밖에”…5060 카드론 1년 새 1조 증가, 보...",카드론 연체율 20대가 최고 보험계약대출 잔액 4.9% 늘어 서민들의 급전 창구로 꼽히는 카드론의 연체율이 전 연령대에서 상승한 것으로 나타났다. 20~40대는 카드론 잔액이 줄었는데도 연체율이 높아졌고...,https://www.mk.co.kr/article/12145321,9,0.7106,1,keep,candidate_hybrid_keep_strong_domain_rule_anchor,9,0.7106,연체율;카드론,,,candidate_hybrid,1,0.65,0.35
5060세대 카드빚 1년 새 1조 늘어…연체율은 20대가 최고,8개 카드사의 전체 카드론 연체율(1개월 이상 연체채권 기준)은 7월 기준 2.49%로 지난해 말(2.13%) 대비 0.36%포인트(p) 상승했다. 연령대별로는 30대 연체율이 2.42%에서 2.96%로 0.54%p 오르며 가장 큰 폭으로...,https://www.news1.kr/finance/general-finance/6281305,9,0.7942,1,keep,candidate_hybrid_keep_strong_domain_rule_anchor,9,0.7942,연체율;카드론,,,candidate_hybrid,1,0.65,0.35
50·60대도 '빚투' 나섰나…보험대출·카드론 늘고 연체율 상승,"카드론 연체율은 전 연령대에서 상승했다. 특히 30대는 지난해 말 2.42%에서 올해 7월 말 2.96%로 0.54%p 올라 가장 큰 상승폭을 기록했다. 40대는 2.14%에서 2.60%, 20대는 2.33%에서 2.74%로 각각 상승했다. 고령층의 대출...",https://www.fnnews.com/news/202609061323428437,10,0.7685,1,keep,candidate_hybrid_keep_strong_domain_rule_anchor,10,0.7685,연체율;카드론,대출,,candidate_hybrid,1,0.65,0.35
"카드론, 60세 이상이 더 빌리고 30대가 덜 갚았다",서울 시내 시내 한 거리에 신용카드 대출 광고물이 붙어있다./뉴시스 60대 이상을 중심으로 올해 카드론 이용이 확대된 것으로 나타났다. 연체율은 30대가 가장 높았다. 고령층을 중심으로 급전 수요가 늘어나는...,http://www.metroseoul.co.kr/article/20260906500083,6,0.5802,1,keep,candidate_hybrid_gray_keep_domain_score_ge_threshold,6,0.5802,카드론,대출,,candidate_hybrid,1,0.65,0.35
'50대 이상 보험대출·카드론 상승'…빚투 열풍 속 고령층 대출 급증,"카드론 연체율의 경우, 전 연령대에서 모두 상승했다. 30대가 2.42%에서 2.96%로 가장 많이 뛰었고, 이어 40대(2.14%→2.60%), 20대(2.33%→2.74%) 순으로 연체율이 올랐다. 이와 관련해 이종욱 의원은 ""정부의 레버리지 ETF...",https://www.ppss.kr/news/articleView.html?idxno=309008,6,0.6544,1,keep,candidate_hybrid_model_keep_prob_ge_threshold_with_domain_anchor,6,0.6544,카드론,대출,,candidate_hybrid,1,0.65,0.35
저축은행 상반기 순익 7600억원…실적 개선에도 충당금 적립은 '뒷걸음...,"저축은행 업계 전체의 2분기 말 연체율은 6.3%, 고정이하여신비율은 8.2%로 집계됐다. 두 지표 모두 전 분기보다 0.4%포인트씩 낮아졌다. 시장에서는 금리 상승과 지방 부동산 경기 악화 등을 고려해 저축은행의 충당금...",https://www.econovill.com/news/articleView.html?idxno=749999,10,0.784,1,keep,candidate_hybrid_keep_strong_domain_rule_anchor,10,0.784,저축은행;충당금,금리;실적,,candidate_hybrid,1,0.65,0.35
상위 20개 저축은행 순익 3배 급증…OK·한투가 전체 66% 차지 [머니뭐니...,가계대출 총량 관리와 총부채원리금상환비율(DSR) 규제에 더해 연체율 등 건전성 지표를 관리해야 하는 부담이 맞물리면서 저축은행들이 적극적으로 대출을 늘리기 어려운 상황으로 풀이된다. 금융당국은...,https://biz.heraldcorp.com/article/10864258?ref=naver,14,0.8101,1,keep,candidate_hybrid_keep_strong_domain_rule_anchor,14,0.8101,저축은행;연체율;dsr,건전성,,candidate_hybrid,1,0.65,0.35
저축은행 상반기 순익 3배로…대출은 0.3% 증가에 그쳐,"3%) 증가하는 데 그쳤다. 금융감독원은 지난달부터 중금리 대출 증가분 전액을 가계대출 총량 관리에서 제외했지만, 저축은행들은 연체율 상승을 우려해 대출 확대에 신중한 모습을 보이고 있다는 분석이 나온다.",https://www.chosun.com/economy/stock-finance/2026/09/07/TSJVANHYSBCUPFKAWCNEHWK3EY/?utm_source=naver&utm_medium=referral&utm_campaign=naver-news,15,0.7256,1,keep,candidate_hybrid_keep_strong_domain_rule_anchor,15,0.7256,금융감독원;저축은행;연체율,대출,,candidate_hybrid,1,0.65,0.35
"순익은 3배, 대출은 제자리…대형 저축은행 '불균형 회복'",대출 공급을 무리하게 늘릴 경우 연체율을 비롯한 건전성 지표가 다시 악화할 가능성도 있다. 총량 규제가 완화됐다고 해도 차주의 상환 능력이나 저축은행의 위험관리 기준까지 함께 낮추기는 어렵다는 게 업계의...,https://www.straightnews.co.kr/news/articleView.html?idxno=310520,7,0.7604,1,keep,candidate_hybrid_model_keep_prob_ge_threshold_with_domain_anchor,7,0.7604,저축은행,대출;건전성,,candidate_hybrid,1,0.65,0.35
저축은행 상반기 흑자에도…중소형사는 양극화에 '울상',반면 중소형 저축은행은 부동산 프로젝트파이낸싱(PF) 부실 여파와 높은 연체율 등 건전성 부담이 지속되고 있다. 총자산 1조원 미만 저축은행 47곳 가운데 10곳은 적자를 기록했다. 자본력이 상대적으로 취약한 데다 대출...,https://www.dailian.co.kr/news/view/1686503/?sc=Naver,22,0.8848,1,keep,candidate_hybrid_keep_strong_domain_rule_anchor,22,0.8848,저축은행;연체율;pf;프로젝트파이낸싱,대출;부실;건전성,,candidate_hybrid,1,0.65,0.35
"상위 20개 저축은행 순익 5746억원, 218% 늘었다","중금리대출 공급 확대를 위한 제도 완화가 있었지만 연체율 관리 부담이 여신 확대 속도를 제한하는 요인으로 남았다. 저축은행 업권은 PF 부실 이후 부실채권 매각과 상각, 충당금 적립을 거치며 손익을 회복했다....",https://www.tokenpost.kr/news/economy/403496,22,0.8666,1,keep,candidate_hybrid_keep_strong_domain_rule_anchor,22,0.8666,저축은행;부실채권;연체율;충당금;pf,부실,,candidate_hybrid,1,0.65,0.35
"상위 20개 저축銀 상반기 순이익 3배로↑…유동성비율 ""정상화""","대부분이 이미 대출 한도를 채운 상태다""라며 ""공급을 무리하게 늘렸다가 연체율 등 건전성 지표가 악화할 수 있다""라고 전했다. 표1. 2026년 2분기 저축은행 상위 20개사 주요 지표 (단위:%,억원) (자료 = 저축은행중앙회)",https://www.yna.co.kr/view/AKR20260905040400002?input=1195m,17,0.7982,1,keep,candidate_hybrid_keep_strong_domain_rule_anchor,17,0.7982,저축은행;연체율;유동성비율,대출;건전성;순이익,,candidate_hybrid,1,0.65,0.35
"정길호 OK저축은행 대표, 유가증권 매각에 순익 급증…하반기 목표 수익...","신용공여가 1조5423억원으로 전년 동기(1조6879억원) 대비 8.63% 줄었으나, 연체율은 14.96%로 같은 기간(9.97%) 대비 4.99%p 올랐다. OK저축은행 관계자는 ""건전성 제고를 위해 악성 채권을 계속 처분하고 있다""며...",https://www.fntimes.com/html/view.php?ud=2026090415265891987c96e79780_18,6,0.7219,1,keep,candidate_hybrid_model_keep_prob_ge_threshold_with_domain_anchor,6,0.7219,저축은행,건전성,,candidate_hybrid,1,0.65,0.35
"역대급 실적 낸 양종희, 또 3년 가나…KB 회장 선임 11일 결판","실적과 자본건전성, 비은행 확대, 주주환원을 동시에 끌어올린 만큼 금융권에서는 양 회장을 교체할... 이후 우리프라이빗에퀴티자산운용 대표와 새마을금고중앙회 신용공제대표를 거쳐 2020년부터 2022년 3월까지...",https://www.kmib.co.kr/article/view.asp?arcid=9000009625&cp=nv,5,0.5203,0,drop,candidate_hybrid_gray_drop_score_lt_threshold,5,0.5203,새마을금고,실적,,candidate_hybrid,1,0.65,0.35
KB금융 차기회장 이번주 윤곽… 양종희 연임 AI전환 힘 실리나,"유일한 외부 후보인 권광석 전 우리은행장은 우리금융지주 부사장과 새마을금고중앙회 신용공제대표 등을... 금융그룹으로서는 수익성과 건전성, 주주환원은 물론 정책적 역할까지 동시에 챙겨야 한다. 불확실성이 큰...",https://it.chosun.com/news/articleView.html?idxno=2023092169498,6,0.4121,1,keep,candidate_hybrid_gray_keep_domain_score_ge_threshold,6,0.4121,새마을금고,건전성,,candidate_hybrid,1,0.65,0.35
[Who Is ?] 신창재 교보생명 대표이사 회장,이를 바탕으로 서비스를 개발해 상호 정보 교류와 공동 대응 체계 구축에도 나설 예정이다. 박진호... 금융사가 건전성과 준법성을 지키는지 살펴보는 금감원 정기 검사는 통상 4주가량 진행된다. 금감원은 2026년 5월...,https://www.businesspost.co.kr/BP?command=article_view&num=445686,6,0.6905,1,keep,candidate_hybrid_model_keep_prob_ge_threshold_with_domain_anchor,6,0.6905,금감원,,,candidate_hybrid,1,0.65,0.35
"‘금리 낮추기’ 안간힘 美, 배경엔 ‘부러진 3개의 화살’[이태규의 워...",미일 공조 붕괴도 뇌관 미국 재정건전성을 향한 구조적 해법은 난망한 반면 유가가 고공행진을 하는 등 금리를 올릴 요인은 이어지며 금리 혼란이 계속될 수 있다는 우려가 커지고 있다. 금융권의 한 관계자는 “트럼프...,https://www.sedaily.com/article/20087762?ref=naver,1,0.5347,0,drop,candidate_hybrid_gray_drop_score_lt_threshold,1,0.5347,,금리,,candidate_hybrid,1,0.65,0.35
[시론] 섣부른 국감과 설익은 개혁이 농협을 망친다,"지금의 농협은 국내 5대 금융그룹의 한 축이자, 전국 조합 단위 상호금융까지 포함하면 수백조 원대 자산을... 은행 창구에 하루도 앉아본 적 없고, 여신 심사나 건전성 지표를 다뤄본 적 없으며, 대형마트 바이어와 단 한...",https://www.farminsight.net/news/articleView.html?idxno=16836,9,0.5913,1,keep,candidate_hybrid_keep_strong_domain_rule_anchor,9,0.5913,은행;상호금융,건전성,,candidate_hybrid,1,0.65,0.35
(시론)담보 대신 ‘현금흐름’으로 빌려주는 금융,"결제망의 동태적 데이터를 결합해 부실 예측력을 높이면 금융회사는 자본 건전성을 훼손하지 않으면서도... 반면 중·저신용자를 주로 상대하는 저축은행, 캐피탈, 상호금융 등은 고도화된 AI 모델과 데이터 인프라를...",http://www.newstomato.com/ReadNews.aspx?no=1312574&inflow=N,14,0.6666,1,keep,candidate_hybrid_keep_strong_domain_rule_anchor,14,0.6666,저축은행;캐피탈;상호금융,부실;금융,,candidate_hybrid,1,0.65,0.35
"우리금융, 동양·ABL생명 통합 작업 본격화… 5위권 생명보험사 도약 정...",우리금융은 동양·ABL생명 통합 법인 출범 이후 지급여력(K-ICS·킥스)비율을 안정적으로 관리하는 동시에 미래 이익의 기반인 보험계약서비스마진(CSM)을 확충한다는 구상이다. 외형 확대에 그치지 않고 자본건전성과...,https://www.insnews.co.kr/news/articleView.html?idxno=92616,8,0.6672,1,keep,candidate_hybrid_keep_strong_domain_rule_anchor,8,0.6672,생명보험;킥스,,,candidate_hybrid,1,0.65,0.35
'로컬푸드 직매장' 주목 …지역 먹거리 선순환에 눈길,"천안관내 목천읍, 성남면, 북면을 관할하며 83개 영농회를 품고 있는 동천안농협은 조합원 수 2,487명, 상호금융 예수금 5,005억 원, 대출금 4,194억 원, 총자산 5,686억 원의 견실한 인프라를 보유하고 있다. 본점 1개소, 지점...",https://www.kenews.co.kr/news/article.html?no=89982,4,0.5497,0,drop,candidate_hybrid_gray_drop_score_lt_threshold,4,0.5497,상호금융,,,candidate_hybrid,1,0.65,0.35
[세미콜론] 국세청의 신뢰에 '균열'을 만드는 사건들,"납세자가 자신의 소득과 재산, 금융거래와 사업내역을 국세청에 제출하는 것은 과세당국이 법과 원칙에 따라... ◆ 농협은 세무조사 계획을 어떻게 미리 알았나 가장 먼저 규명해야 할 사안은 농협에 대한 서울국세청...",https://www.sejungilbo.com/news/articleView.html?idxno=59974,0,0.513,0,drop,candidate_hybrid_gray_drop_score_lt_threshold,0,0.513,,,,candidate_hybrid,1,0.65,0.35
"강호동, 3년 연속 국감 증인석 서나…농협 비위·내부통제 책임론 확산...","지난해에는 중앙회장 선거 과정에서 불거진 억대 금품수수 의혹과 수의계약, 농협은행 금융사고, 상호금융 부실 등을 놓고 의원들의 질의가 집중됐다. 정부 감사 14건 수사의뢰…강 회장 관련 의혹 정조준 올해 국감은...",https://www.the-today.com/news/articleView.html?idxno=89580,6,0.6586,1,keep,candidate_hybrid_model_keep_prob_ge_threshold_with_domain_anchor,6,0.6586,상호금융,부실,,candidate_hybrid,1,0.65,0.35
"[더벨][한투금융그룹 초격차 시대] 은행계 지주 추월, 김남구 회장이 구...","이는 은행계인 NH농협금융과 우리금융지주의 실적을 뛰어넘는 수준이다. ROE는 29.6%로 전년동기 대비 9.7... 2005년만 하더라도 지주 산하에 한국투자증권, 한국투자파트너스, 한국투자상호저축은행만 거느리고 있었다....",https://www.thebell.co.kr/free/content/ArticleView.asp?key=202608251630437960109317,4,0.5678,0,drop,candidate_hybrid_gray_drop_score_lt_threshold,4,0.5678,저축은행,,,candidate_hybrid,1,0.65,0.35
"[오늘의 주요일정·7일] 김승원 법무장관 후보자, 출근길 문답","이찬진 금융감독원장, 해외출장 [증권] ▲ 네오사피엔스 IPO 간담회(11:30·서울 여의도 콘래드호텔)... 우상호 강원지사 09:10 지휘부 간담(도지사 집무실) ▲ 신용한 충북지사 09:00 확대간부회의(대회의실) 10:30...",https://www.safetimes.co.kr/news/articleView.html?idxno=245486,10,0.6638,1,keep,candidate_hybrid_keep_strong_domain_rule_anchor,10,0.6638,금융감독원;ipo,,,candidate_hybrid,1,0.65,0.35
"김제 백구농협 장승환 조합장, 농림축산식품부 장관상","장 조합장은 최근 열린 농협 65주년 기념식에서 상호금융과 경제사업 활성화, 조합원 실익 증진 등에 기여한 공로를 인정받아 농림축산식품부 장관상을 수상했다. 장 조합장은 취임 이후 금융사업의 안정성을 높이는...",http://www.jeonmin.co.kr/news/articleView.html?idxno=446444,4,0.6014,0,drop,candidate_hybrid_gray_drop_score_lt_threshold,4,0.6014,상호금융,,,candidate_hybrid,1,0.65,0.35
[위클리 뱅크이슈] 대출 문 다시 열었지만 '잠깐'… 주담대 8% 공포까지...,NH농협은행도 대면 변동금리형 주담대 판매와 모기지신용보증(MCG) 취급을 재개했고 상호금융권인 새마을금고 역시 집단대출 창구를 다시 열었다. 은행들이 잇따라 대출 문을 다시 연 것은 금융당국이 '8·13 부동산...,http://www.the-biz.co.kr/news/articleView.html?idxno=727372,9,0.6534,1,keep,candidate_hybrid_keep_strong_domain_rule_anchor,9,0.6534,상호금융;새마을금고,대출,,candidate_hybrid,1,0.65,0.35
"예천농협, 제1회 조합장기 파크골프대회 개최","한편 예천농협은 지난 3월 상호금융예수금 8000억원 달성탑을 수상하는 등 지역 금융기관으로서 성장세를 이어가고 있다. 또 원로조합원 친선 게이트볼대회, 청춘대학·주부대학 운영, 경로당 운영비 지원, 사랑의 집...",https://www.kbmaeil.com/article/20260906500196,4,0.5437,0,drop,candidate_hybrid_gray_drop_score_lt_threshold,4,0.5437,상호금융,,,candidate_hybrid,1,0.65,0.35
"강호동, 3년 연속 국감 증인석 서나…정부 감사·경찰 수사 '집중포화' ...","2024년 국감에서는 측근·보은 인사와 과도한 보수, 상호금융 부실 문제가 제기됐다. 지난해에는 중앙회장 선거 관련 금품수수 의혹과 수의계약, 인사 논란, 농협금융 내부통제 문제가 집중적으로 다뤄졌다. 강 회장은...",https://www.the-today.com/news/articleView.html?idxno=89512,6,0.7013,1,keep,candidate_hybrid_model_keep_prob_ge_threshold_with_domain_anchor,6,0.7013,상호금융,부실,,candidate_hybrid,1,0.65,0.35
"[중국 태양광 산업의 구조조정과 우리의 대응은? (11)] 이재명 정부, ‘...",영농 조합들에 대규모 설비 금융 혜택을 동시 공급할 수 있어 농촌 태양광 전국 확산 속도를 가파르게... 투기 목적으로 유입되는 외부 투기 자본이 농촌 미관 산림을 벌채하며 유발하는 지역 원주민과의 극단적 갈등을...,https://www.news2day.co.kr/article/20260906500050,1,0.3296,0,drop,candidate_hybrid_model_drop_prob_le_threshold,1,0.3296,,금융,,candidate_hybrid,1,0.65,0.35
2차 공공기관 이전 유치전…대구 34곳·경북 40여 곳 압축,"대구시는 기업은행을 유치할 경우 신용보증기금의 보증 기능과 기업은행의 성장금융 기능을 연계하고... 농축산·산림 분야에서는 농협중앙회와 한국마사회, 산림조합중앙회, 국립산림과학원 등을, 생활·교육...",https://www.kyongbuk.co.kr/news/articleView.html?idxno=4083257,10,0.4159,1,keep,candidate_hybrid_keep_strong_domain_rule_anchor,10,0.4159,기업은행;신용보증기금,,,candidate_hybrid,1,0.65,0.35
"[보험·카드 라운지] 달리고 쇼핑하고 여행하고 돌본다…금융권, '생활...",러닝·쇼핑·여행부터 돌봄까지 금융상품이 겨냥하는 생활 영역이 세분화되고 있다. 단순한 금리·할인... 하나카드는 산림조합과 제휴해 카드 이용 실적에 따라 평균 연 8.0% 금리를 제공하는 특판 적금을 내놨다....,https://www.shinailbo.co.kr/news/articleView.html?idxno=5058953,1,0.4322,0,drop,candidate_hybrid_gray_drop_score_lt_threshold,1,0.4322,,금리,,candidate_hybrid,1,0.65,0.35
"[DQN] AX·포용금융 ‘성과ʼ…강태영 농협은행장, 단임 관행 넘을까 [20...","강태영 NH농협은행장이 순이자마진(NIM) 반등과 수수료수익 확대, 자본비율 개선을 바탕으로 취임 2년 차에... 30%포인트 하락하면서 예대금리차가 1.94%에서 1.98%로 확대된 결과다. 저원가성 예금 확대도 마진 방어에...",https://www.fntimes.com/html/view.php?ud=202609042029074318dd55077bc2_18,4,0.2906,0,drop,candidate_hybrid_model_drop_prob_le_threshold,4,0.2906,예대금리차,,,candidate_hybrid,1,0.65,0.35
"[박선영의 금융 디파인(DeFine) <30>] 부동산 대출 규제 25년, 풀고 조임...",가운데 DSR이 적용되는 비중은 45.1%에 그친다. 여기에 한국은행이 시산한 임대 보증금 611조8000억원(2025년 3월 말)은 개인 간 채무여서 아예 공식 가계 부채 통계와 건전성 규율 밖에 있다. 절반이 넘는 돈이 상환 능력...,https://economychosun.com/site/data/html_dir/2026/08/30/2026083000020.html,13,0.5829,1,keep,candidate_hybrid_keep_strong_domain_rule_anchor,13,0.5829,한국은행;dsr,대출;건전성;금융,,candidate_hybrid,1,0.65,0.35
[가리사니] 가계대출과 재정의 다른 잣대,정부는 가계부채에는 ‘스트레스 DSR(총부채원리금상환비율)’이라는 깐깐한 잣대를 적용하면서 국가 재정에는 다른 자세를 보인다. 스트레스 DSR을 적용하는 은행은 대출 심사 때 일회성 성과급을 안정적 소득으로...,https://www.kmib.co.kr/article/view.asp?arcid=9000009554&cp=nv,8,0.5191,1,keep,candidate_hybrid_keep_strong_domain_rule_anchor,8,0.5191,dsr;가계부채,대출,,candidate_hybrid,1,0.65,0.35
[T나는 경제] 전 세계가 인플레 잡기 총력…고금리 중남미도 긴축 고민,최고 한국은행 금융통화위원회가 지난달 말 기준금리를 0.25%포인트 인상했습니다. 지난 7월에 이어 두 달 연속 금리를 올린 건 이례적인 일입니다. 신현송 한국은행 총재는 최근 간담회에서 '호미로 막을 것을 가래로...,https://www.tjb.co.kr/news05/bodo/view/id/103270,8,0.9182,1,keep,candidate_hybrid_keep_strong_domain_rule_anchor,8,0.9182,한국은행;기준금리,,,candidate_hybrid,1,0.65,0.35
"828억 사내 대출 막 퍼줬다? LH, 정부 기준 어겨","LH가 적용하는 임차 자금 대출금리는 공사의 가중평균 차입이자율에 따른 3.28%로, 정부 기준인 한국은행 공표 은행가계자금 대출금리(3분기 기준 4.46%)보다 유리한 수준입니다. LH의 사내 주택자금 대출은 금융기관의...",https://biz.sbs.co.kr/article_hub/20000333057?division=NAVER,6,0.6885,1,keep,candidate_hybrid_model_keep_prob_ge_threshold_with_domain_anchor,6,0.6885,한국은행,대출,,candidate_hybrid,1,0.65,0.35
정부 정책과 반대로 가는 LH 사내 대출...대출한도·금리·LTV '과도한 특...,LH가 적용하는 임차 자금 대출금리 역시 공사의 가중평균 차입이자율에 따른 3.28%로 정부 기준인 한국은행 공표 은행가계자금 대출금리(3분기 기준 4.46%)보다 유리하다. 주택 구입자금의 경우 정부 지침은...,https://www.livebiz.today/news/articleView.html?idxno=204675,10,0.5902,1,keep,candidate_hybrid_keep_strong_domain_rule_anchor,10,0.5902,한국은행;ltv,금리;대출,,candidate_hybrid,1,0.65,0.35
물가 다시 오르자…세계 중앙은행 금리 인상 움직임,한국은행도 지난달 기준금리를 0.25%포인트 올렸다. 7월에 이어 두 달 연속 인상이다. 6일(현지시간) 영국 이코노미스트에 따르면 유럽중앙은행(ECB)은 오는 10일 통화정책회의에서 추가 금리 인상에 나설 가능성이 크다....,http://www.inews24.com/view/2002479,13,0.9236,1,keep,candidate_hybrid_keep_strong_domain_rule_anchor,13,0.9236,한국은행;ecb;기준금리,금리,,candidate_hybrid,1,0.65,0.35
“최대 1.4억 대출에 시중금리보다 낮아”…정부지침 어긴 LH 사내 주택...,한국은행 공표 은행가계자금 대출금리(3분기 기준 4.46%)보다 낮은 수준이다. 주택 구입자금 정부 지침은 주택담보인정비율(LTV)을 적용하고 대출 물건에 근저당을 설정하도록 규정하고 있다. 그러나 LH 사내대출은...,https://www.mk.co.kr/article/12145691,9,0.6581,1,keep,candidate_hybrid_keep_strong_domain_rule_anchor,9,0.6581,한국은행;ltv,대출,,candidate_hybrid,1,0.65,0.35
"LH, 정부 기준 어기고 직원들에 '사내 주택자금' 828억 대출","LH가 적용하는 임차 자금 대출금리는 공사의 가중평균 차입이자율에 따른 3.28%로, 정부 기준인 한국은행 공표 은행가계자금 대출금리(3분기 기준 4.46%)보다 유리한 수준이다. 주택 구입자금의 경우 정부 지침은...",https://www.jnilbo.com/news/articleView.html?idxno=90000062997,6,0.7067,1,keep,candidate_hybrid_model_keep_prob_ge_threshold_with_domain_anchor,6,0.7067,한국은행,대출,,candidate_hybrid,1,0.65,0.35
“국민은 대출 문턱 못 넘는데” LH ‘정부 기준 무시’,LH가 적용하는 임차 자금 대출금리는 공사의 가중평균 차입이자율에 따른 3.28%로 정부 기준인 한국은행 공표 은행가계자금 대출금리 4.46%보다 낮은 수준이다. 주택 구입자금 대출에서는 정부 지침상 적용해야 하는...,https://magazine.hankyung.com/business/article/202609077452b,6,0.634,1,keep,candidate_hybrid_gray_keep_domain_score_ge_threshold,6,0.634,한국은행,대출,,candidate_hybrid,1,0.65,0.35
"[더벨][thebell note] 8·13 부동산대책, 엇박자의 기회비용",대책 발표 이후 한국은행은 8월 27일 기준금리를 3%로 올렸다. 수도권 주택가격과 가계부채 증가세가 심상치 않다는 판단에서다. 정부 부처끼리는 이례적으로 한목소리를 냈지만 정책 전체로 보면 묘한 장면이 만들어졌다....,https://www.thebell.co.kr/free/content/ArticleView.asp?key=202609021712466320102249,11,0.8093,1,keep,candidate_hybrid_keep_strong_domain_rule_anchor,11,0.8093,한국은행;기준금리;가계부채,,,candidate_hybrid,1,0.65,0.35
[종합] 종부세는 물러서고 그린벨트는 나선다…이번 주 부동산 정책 '실...,"같은 날 한국은행은 금융통화위원회 본회의를 열고 통화신용정책보고서를 발표한다. 다만 이번 회의는 기준금리를 결정하는 통화정책방향 결정회의가 아닌, 금융안정 점검 성격의 정기회의로 진행된다. ◆ 강남 3주...",https://www.betanews.net/article/view/beta202609050019,8,0.7892,1,keep,candidate_hybrid_keep_strong_domain_rule_anchor,8,0.7892,한국은행;기준금리,,,candidate_hybrid,1,0.65,0.35
“국민 대출은 조이더니”…LH 직원은 최대 1.4억 사내 주택대출,한국은행이 공표한 은행 가계대출 금리(3분기 기준 4.46%)보다 낮다. 주택 구입자금에서도 정부 지침과 LH 운영 방식에 차이가 있었다. 정부 지침은 주택담보인정비율(LTV)을 적용하고 대출 대상 주택에 근저당권을...,https://www.mk.co.kr/article/12145656,13,0.5898,1,keep,candidate_hybrid_keep_strong_domain_rule_anchor,13,0.5898,한국은행;은행;ltv,금리;대출,,candidate_hybrid,1,0.65,0.35
전 세계 인플레이션 시대 오나…'고금리' 남미도 긴축 고민,한은도 이례적 연속 인상… ECB·BOJ 등 주요국 통화 긴축 재개 에너지·서비스물가 상승… 팬데믹 시기 지연 대응 비판에 이번엔 선제 대응 송광호 특파원 = 한국은행 금융통화위원회는 지난달 말 기준금리를 0.25%포인트...,https://www.yna.co.kr/view/AKR20260907008300087?input=1195m,16,0.8888,1,keep,candidate_hybrid_keep_strong_domain_rule_anchor,16,0.8888,한국은행;ecb;boj;기준금리,,,candidate_hybrid,1,0.65,0.35
원·달러 환율 14개월 만에 장중 1340원대…두 달 새 209.7원 급락,한국은행이 7~8월 연속 기준금리를 올린 점도 원화 가치에 힘을 보탰다. 미국에서는 추가 금리 인상 기대가 약해진 반면 국내 금리는 연이어 오르면서 한·미 통화정책 방향의 변화도 환율 하락 과정에 영향을...,https://www.newswhoplus.com/news/articleView.html?idxno=68937,14,0.7719,1,keep,candidate_hybrid_keep_strong_domain_rule_anchor,14,0.7719,한국은행;환율;기준금리,금리;달러;원화,,candidate_hybrid,1,0.65,0.35
"'넉넉한 한도, 싼 이자'…정부 기준 무시한 LH 사내 주택대출 논란",이는 정부가 공공기관 사내 대출의 기준으로 제시한 한국은행 공표 은행가계자금 대출금리(올해 3분기 기준 4.46%)보다 1%포인트 이상 낮은 수준이다. 주택 구입자금 대출에서도 정부 지침과의 괴리가 확인됐다. 지침상...,http://www.newsroad.co.kr/news/articleView.html?idxno=63871,5,0.6445,0,drop,candidate_hybrid_gray_drop_score_lt_threshold,5,0.6445,한국은행,,,candidate_hybrid,1,0.65,0.35
"""코스피 떨어지는데 편의점은 웃었다""…백화점株는 반토막",다만 한국은행이 두 달 연속 기준금리를 올린 점은 변수다. 한국은행은 8월 경제전망에서 올해 근원물가 상승률을 2.5%로 예상하며 물가 압력이 당분간 이어질 것으로 봤다. 이미 오른 금리가 소비 심리를 얼마나...,http://www.metroseoul.co.kr/article/20260907500008,10,0.8629,1,keep,candidate_hybrid_keep_strong_domain_rule_anchor,10,0.8629,한국은행;기준금리,코스피,,candidate_hybrid,1,0.65,0.35
"노르웨이 국부펀드, 美 국채 107조 축소…외환시장 긴장",한국 시중은행과 에너지 공기업의 외화 채권 발행 가산금리가 동반 상승할 수 있다(경로 3단계). 대외 부채 비중이 높은 기업의 금융 비용도 늘어난다. 다만 반대 흐름도 존재한다. 미국 연방준비제도가 기준금...,https://www.g-enews.com/view.php?ud=202609070713583998fbbec65dfb_1,14,0.7483,1,keep,candidate_hybrid_keep_strong_domain_rule_anchor,14,0.7483,시중은행;국채;외환시장,채권;금융,,candidate_hybrid,1,0.65,0.35
"직원들에게 막 퍼준 LH 사내 주택대출… 한도 많이, 금리 낮게","LH가 적용하는 임차 자금 대출금리는 공사의 가중평균 차입이자율에 따른 3.28%로, 정부 기준인 한국은행 공표 은행가계자금 대출금리(3분기 기준 4.46%)보다 유리한 수준이다. 주택 구입자금의 경우 정부 지침은...",https://www.kmib.co.kr/article/view.asp?arcid=9000009620&cp=nv,6,0.6518,1,keep,candidate_hybrid_model_keep_prob_ge_threshold_with_domain_anchor,6,0.6518,한국은행,금리,,candidate_hybrid,1,0.65,0.35
매매 줄고 계약도 파기⋯서울 아파트 거래 ‘이중 절벽’,한국은행 금융통화위원회는 지난달 27일 기준금리를 연 2.75%에서 3.00%로 0.25%포인트(p) 인상했다. 7월에 이어 두 달 연속 인상이다. 추가 금리 인상 가능성까지 열려 있는 가운데 시중은행의 주택담보대출 금리 상승으로...,https://www.etoday.co.kr/news/view/2622102,13,0.9213,1,keep,candidate_hybrid_keep_strong_domain_rule_anchor,13,0.9213,한국은행;시중은행;기준금리,금리,,candidate_hybrid,1,0.65,0.35
“경매 물건 쏟아진다”…금리 갱신 앞둔 영끌족 ‘비상’ [잇슈 머니],"기준금리가 3%로 올라가면서 대출금리도 계속 뛰고 있는데요. 문제는 5년 전 저금리 때 영끌하신 분들, 곧... 한국은행 추산으로는 주담대 금리가 0.25%포인트만 올라도 전체 차주의 연간 이자 부담이 약 1조 8천억 원...",https://news.kbs.co.kr/news/pc/view/view.do?ncd=8656039&ref=A,9,0.6917,1,keep,candidate_hybrid_keep_strong_domain_rule_anchor,9,0.6917,한국은행;기준금리,금리,,candidate_hybrid,1,0.65,0.35
"당국, 실효성 있는 정책을 과감히 확대해야","한국은행이 그해 기준금리를 연 3.5%로 유지하면서 건설사의 자금 조달 부담도 커졌다. 공사비와 금융비용이 동시에 불어나자, 건설사의 신규 공사계약이 급격히 위축됐고, 이것이 지난해 공사실적 감소로...",https://www.koscaj.com/news/articleView.html?idxno=326262,8,0.6842,1,keep,candidate_hybrid_keep_strong_domain_rule_anchor,8,0.6842,한국은행;기준금리,,,candidate_hybrid,1,0.65,0.35
"""안 내리면 무역 끊겠다""는 트럼프…금리에 무슨 일이","한국은행은 이미 두 차례 연속 금리를 올렸고 추가 인상을 시사했다. 채권금리는 기준금리처럼 누군가 정해주는 숫자가 아니다. 앞으로의 물가와 경기, 중앙은행의 정책을 예상한 투자자들이 채권을 사고팔면서...",https://magazine.hankyung.com/business/article/202609031894b,8,0.7532,1,keep,candidate_hybrid_keep_strong_domain_rule_anchor,8,0.7532,한국은행;기준금리,,,candidate_hybrid,1,0.65,0.35
"개미 덕분에 날아다닌 '이 종목'…""잔치 끝?"" 줄줄이 급락 [종목+]",미국이 연내 정책금리를 한 차례 인상할 가능성이 여전히 지배적인 데다 한국은행은 7월에 이어 지난달에도 기준금리를 올리는 '백투백'(두 달 연속 인상) 인상에 나섰기 때문이다. 이에 시중금리가 올라가면서 채권...,https://www.hankyung.com/article/2026090449116,10,0.855,1,keep,candidate_hybrid_keep_strong_domain_rule_anchor,10,0.855,한국은행;기준금리,채권,,candidate_hybrid,1,0.65,0.35
'한도는 많이 금리는 낮게'…정부지침 어긴 LH 사내 주택대출,"LH가 적용하는 임차 자금 대출금리는 공사의 가중평균 차입이자율에 따른 3.28%로, 정부 기준인 한국은행 공표 은행가계자금 대출금리(3분기 기준 4.46%)보다 유리한 수준이다. 주택 구입자금의 경우 정부 지침은...",https://www.yna.co.kr/view/AKR20260906049200003?input=1195m,5,0.6557,1,keep,candidate_hybrid_model_keep_prob_ge_threshold_with_domain_anchor,5,0.6557,한국은행,,,candidate_hybrid,1,0.65,0.35
[사설] 수출 1조 달러 시대 눈앞…체감경기 괴리 줄이는게 과제,얼마 전 한국은행은 올해 실질 국내총생산(GDP) 증가율 전망치를 3.3%로 끌어올렸다. 한국개발연구원(KDI)... 기준금리 인상에 따른 이자 부담을 호소하는 가계와 자영업자·소상공인도 늘고 있다. 현대경제연구원은 경기...,https://www.hankyung.com/article/2026090669411,9,0.6281,1,keep,candidate_hybrid_keep_strong_domain_rule_anchor,9,0.6281,한국은행;기준금리,달러,,candidate_hybrid,1,0.65,0.35
"[사설]시중자금 은행 쏠림 현상, 내수 경기의 위기 신호","한국은행이 기준금리를 올리고 시중은행들이 이에 맞춰 예·적금 금리를 상향 조정하자, 위험 부담을 안고 주식시장에 잔류할 이유가 줄어들었기 때문이다. 그러나 자금의 흐름이 지나치게 안전자산으로만 굳어지는...",https://www.kwnews.co.kr/article/20260906501506,15,0.7773,1,keep,candidate_hybrid_keep_strong_domain_rule_anchor,15,0.7773,한국은행;은행;시중은행;기준금리,,,candidate_hybrid,1,0.65,0.35
"고정금리 끝난 ‘코로나 초저금리’ 주담대, ‘이자 폭탄’ 부메랑","6일 한국은행 경제통계시스템을 보면, 2021년 상반기 은행권이 신규 취급한 고정형(혼합형) 주담대 가중평균금리는 월별로 연 2.57~2.83%다. 2020년에는 그보다 낮은 연 2.4~2.5%를 적용했다. 기준금리가 0.50%(2020년 5월...",https://www.khan.co.kr/article/202609062116015,8,0.7182,1,keep,candidate_hybrid_keep_strong_domain_rule_anchor,8,0.7182,한국은행;기준금리,,,candidate_hybrid,1,0.65,0.35
재정 풀고 금리 올리면 엇박자?…관건은 ‘예산 쓰임새’,한국은행은 7월과 8월 연속해서 이례적으로 금리를 올렸다. 이 같은 금리 인상 사례는 지금까지 세 번뿐이다.... 내년까지 기준금리를 3.5%로 인상한 뒤 상당 기간 유지할 가능성이 커진다”고 말했다. 정부는 엇박자가...,https://www.khan.co.kr/article/202609062028005,9,0.8382,1,keep,candidate_hybrid_keep_strong_domain_rule_anchor,9,0.8382,한국은행;기준금리,금리,,candidate_hybrid,1,0.65,0.35
반도체는 날았는데 되레 지갑은 닫혔다…환율 1340원대·금리 3% ‘K자 경...,한국은행이 물가와 가계부채를 잡기 위해 두 달 연속 기준금리를 올린 데 이어 추가 인상 가능성까지 열어두면서 ‘수출 대기업과 내수·가계’의 K자형 양극화가 고착화할 수 있다는 경고가 나온다. 6일...,https://biz.heraldcorp.com/article/10864069?ref=naver,15,0.7828,1,keep,candidate_hybrid_keep_strong_domain_rule_anchor,15,0.7828,한국은행;환율;기준금리;가계부채,금리,,candidate_hybrid,1,0.65,0.35
"1350.4원 원·달러, 14개월 만에 최저",한국경제는 6일 보도에서 한국은행의 기준금리 인상 기조와 미 연방준비제도(Fed·연준)의 긴축 신중론이 맞물려 원화 강세를 이끌었다고 전했다. 미국 쪽 긴축 기대가 약해진 반면 한국은 긴축 기조를 이어갈 가능성이...,https://www.tokenpost.kr/news/economy/403332,20,0.8495,1,keep,candidate_hybrid_keep_overseas_korean_market_impact,20,0.8495,한국은행;연준;fed;기준금리,달러;원화,,candidate_hybrid,1,0.65,0.35
"[여명] 국채금리의 습격, 더 큰 것이 온다",수급 요인이 있지만 한국은행이 기준금리를 동결했던 2025년 5월부터 올해 7월까지 국고채 10년 금리는 1.5%포인트가량 상승했다. 국고채금리 상승은 대출금리 인상의 원인이 된다. 금리는 커다란 칼이다. 대기업과...,https://www.sedaily.com/article/20087670?ref=naver,12,0.8277,1,keep,candidate_hybrid_keep_strong_domain_rule_anchor,12,0.8277,한국은행;국채금리;기준금리,,,candidate_hybrid,1,0.65,0.35
[데이터로 읽는 머니무브] 대출금리 상승세에도 … '당장 싼' 변동금리...,한국은행 기준 금리가 등락해도 고정형과 변동형 대출 금리가 같은 폭과 속도로 움직이지 않는 이유다. 최근 고정형 대출 금리가 더 빠르게 오른 데도 이런 산정 구조가 일부 영향을 미쳤다. 지난 6월에서 7월 사이...,https://www.mk.co.kr/article/12145527,6,0.6354,1,keep,candidate_hybrid_gray_keep_domain_score_ge_threshold,6,0.6354,한국은행,대출,,candidate_hybrid,1,0.65,0.35
오르는 금리에 채권시장 흔들…회사채 발행 급감,"한국은행이 지난 7월과 8월에 연속으로 기준금리를 올렸고, 정부가 내년 예산안을 역대 최대인 821조원으로 편성한 확장재정 정책도 금리 상승을 자극할 가능성이 높다. 김대종 세종대 경영학과 교수는 “확장재정에...",https://www.dnews.co.kr/uhtml/view.jsp?idxno=202609061329511920808,13,0.8189,1,keep,candidate_hybrid_keep_strong_domain_rule_anchor,13,0.8189,한국은행;회사채;기준금리,금리,,candidate_hybrid,1,0.65,0.35
“5년 갚았는데 월 원리금이 30만원 늘었어요”···코로나 시기 ‘초저...,"한국은행이 기준금리를 두 차례 추가 인상을 단행할 수 있다는 전망이 나오는 만큼, 시장금리는 당분간 상승세를 이어가고 상환 부담도 늘어날 것이라는 분석이 지배적이다. 5억원 이상 빚을 진 경우 월 원리금...",https://www.khan.co.kr/article/202609061651001,8,0.6879,1,keep,candidate_hybrid_keep_strong_domain_rule_anchor,8,0.6879,한국은행;기준금리,,,candidate_hybrid,1,0.65,0.35
국내 경제 유동성 크게 늘 듯…성장 기대 속 물가·금리 오를 우려,"지난달 한국은행 금융통화위원회는 한국 소비자물가 상승률이 최근 1년 가까이 목표치(2%)를 웃돌고 있는 데다, 수도권 주택가격 상승세 등을 고려해 두달 연속 기준금리를 인상한 바 있다. 양준석 가톨릭대 교수...",https://www.hani.co.kr/arti/economy/economy_general/1276468.html,12,0.8934,1,keep,candidate_hybrid_keep_strong_domain_rule_anchor,12,0.8934,한국은행;유동성;기준금리,금리,,candidate_hybrid,1,0.65,0.35
[이번주 증시] 美 CPI에 쏠린 시선…코스피 7000선 회복 '시험대',"두 지표는 15~16일 열리는 연방공개시장위원회(FOMC)의 금리 결정에 영향을 미칠 핵심 변수로 꼽힌다. FOMC... 핵심 기준으로 제시했다. 국내에서는 8일 한국은행의 2분기 실질 국내총생산(GDP) 잠정치, 9일 8월 고용동향과...",http://www.newsian.co.kr/news/articleView.html?idxno=94861,8,0.7518,1,keep,candidate_hybrid_keep_overseas_korean_market_impact,8,0.7518,한국은행,금리;코스피,,candidate_hybrid,1,0.65,0.35
[이번주 주식시장 전망]美 물가지표에 쏠린 눈,"물가 흐름에 따라 미국 연방준비제도(Fed·연준)의 향후 기준금리 경로에 대한 시장 전망도 달라질 수 있다. 국내에서는 2분기 경제성장률 잠정치와 8월 고용동향, 한국은행 통화신용정책보고서 등이 발표된다. 지난주...",http://www.kjdaily.com/article.php?aid=1788673580686017227,18,0.8389,1,keep,candidate_hybrid_keep_overseas_korean_market_impact,18,0.8389,한국은행;연준;fed;기준금리,,,candidate_hybrid,1,0.65,0.35
"BNK경남은행, 'BNK 프리미엄 정기예금' 특별 판매…최고 연 3.8% 금리 제...",BNK경남은행은 한국은행 기준금리 및 시장금리 변동을 반영해 3000억원 규모의 'BNK 프리미엄 정기예금'을 특별 판매 중이라고 지난 4일 밝혔다. 이 정기예금은 가입기간이 12개월과 13개월로 나뉘며 우대금리 조건...,https://www.newsgn.com/news/articleView.html?idxno=571749,9,0.4915,1,keep,candidate_hybrid_keep_strong_domain_rule_anchor,9,0.4915,한국은행;기준금리,금리,,candidate_hybrid,1,0.65,0.35
"재정은 ‘엑셀’, 금리는 ‘브레이크’···엇박자 피하려면[뉴스분석...",최근 발표된 정부의 내년도 예산안과 한국은행의 두달 연속 금리 인상이라는 두가지 조치는 외형상으로는... 내년까지 기준금리를 3.5%로 인상한 뒤 상당 기간 유지할 가능성이 커진다”고 말했다. 정부는 엇박자가...,https://www.khan.co.kr/article/202609061305001,9,0.8101,1,keep,candidate_hybrid_keep_strong_domain_rule_anchor,9,0.8101,한국은행;기준금리,금리,,candidate_hybrid,1,0.65,0.35
[채권-주간] FOMC 앞두고 美 물가 주시…국제유가도 주목,나타낸다면 기준금리 동결을 지지할 것이라고 발언하면서 8월 CPI(소비자물가지수)에 대한 주목도가 높은... 국내에서는 한국은행이 8일 '2026년 2분기 국민소득(잠정)'을 공개한다. 지난 7월 공개된 속보치에서 실질...,https://news.einfomax.co.kr/news/articleView.html?idxno=4433623,10,0.8132,1,keep,candidate_hybrid_keep_overseas_korean_market_impact,10,0.8132,한국은행;기준금리,채권,,candidate_hybrid,1,0.65,0.35
"[프리즘] ""씀씀이 줄여야 하나""…금리 인상에 허덕이는 차주들",한국은행이 기준금리 두 달 연속 인상이라는 이례적인 결정을 하면서 차주들의 부담은 더욱 가중되고 있습니다. 부동산 '영끌'족과 '빚투'족부터 영세 자영업자와 서민들까지 이자 부담이 훅 커졌는데요. 각종 지표들이...,http://www.yonhapnewstv.co.kr/news/MYH20260906125750uuz,9,0.815,1,keep,candidate_hybrid_keep_strong_domain_rule_anchor,9,0.815,한국은행;기준금리,금리,,candidate_hybrid,1,0.65,0.35
“통신비 빼면 2%대라는데”…한은이 보는 물가는 달랐다,시장에서는 한국은행이 연말을 앞두고 또다시 기준금리를 높일 것이라는 관측이 나온다. 한은이 제시한 선제적 대응의 필요성을 인정했다는 의미다. 6일 금융권에 따르면 정부는 물가 부담이 둔화될 것으로 보고 있다....,https://www.ekn.kr/web/view.php?key=20260906021441052,8,0.7635,1,keep,candidate_hybrid_keep_strong_domain_rule_anchor,8,0.7635,한국은행;기준금리,,,candidate_hybrid,1,0.65,0.35
[금값시세] 금시세 18k,"한국은행 기준금리와 미국 연준의 금리 방향, 국내외 금리 차이, 원화 가치 변화는 원·달러 환율을 통해 국내 금값에 영향을 줄 수 있다. 미국 연준이 강한 고용지표를 근거로 금리 인상 가능성을 유지할 경우...",https://www.gametoc.co.kr/news/articleView.html?idxno=111259,11,0.7545,1,keep,candidate_hybrid_keep_strong_domain_rule_anchor,11,0.7545,한국은행;기준금리,금리;달러;원화,,candidate_hybrid,1,0.65,0.35
반도체만 뜨겁고 가계는 냉랭…“과도한 금리인상 땐 K자 양극화 고착”,"반도체 호황에 힘입어 한국 경제의 확장세가 내년 상반기까지 이어질 것으로 예상되지만, 수출 호조의... 고정형 대출금리의 기준이 되는 은행채 5년물 금리는 지난 1월 말 3.715%에서 8월 말 4.382%로 올랐다. 변동형...",https://www.edaily.co.kr/News/Read?newsId=01400566645577496&mediaCodeNo=257&utm_source=naver&utm_medium=referral&utm_campaign=news_syndication&utm_content=original_article,0,0.4688,0,drop,candidate_hybrid_gray_drop_score_lt_threshold,0,0.4688,,,,candidate_hybrid,1,0.65,0.35
원화 강세인데 '3.5%' 열어둔 한은…금리 향방은?,"한국은행이 기준금리를 연 3%까지 올린 가운데, 원/달러 환율이 1년 2개월 만에 1350원선 아래로 내려왔다. 다만 원화 강세는 한은의 금리 인상 효과만은 아니다. 미국의 통화정책 전망에 따른 글로벌 달러 흐름과 엔화...",https://news.bizwatch.co.kr/article/finance/2026/09/04/0028,20,0.8353,1,keep,candidate_hybrid_keep_strong_domain_rule_anchor,20,0.8353,한국은행;한은;기준금리;원/달러,금리;달러;원화,,candidate_hybrid,1,0.65,0.35
[데스크 칼럼] 시장에 미리 정해진 답은 없다,"한국은행이 기준금리를 연 3%까지 올린 상황에서 대출을 많이 보유한 가계일수록 이자 부담이 커질 수밖에 없다. 금리 상승이 장기화하면 상환 능력이 취약한 차주를 중심으로 연체가 늘고, 경매와 급매물도 증가할 수...",https://www.ekn.kr/web/view.php?key=20260906020021065,9,0.7481,1,keep,candidate_hybrid_keep_strong_domain_rule_anchor,9,0.7481,한국은행;기준금리,금리,,candidate_hybrid,1,0.65,0.35
경남은행 '프리미엄 정기예금' 특별판매…최고 연 3.8%,"경남은행은 한국은행 기준금리와 시장금리 변동을 반영해 3000억 원 규모로 'BNK 프리미엄 정기예금'을 특별 판매한다고 4일 밝혔다. 가입 기간은 12개월과 13개월로 나뉘며, 우대금리 조건을 충족하면 각각 최고 연 3.7...",https://www.idomin.com/news/articleView.html?idxno=2014078,8,0.6575,1,keep,candidate_hybrid_keep_strong_domain_rule_anchor,8,0.6575,한국은행;기준금리,,,candidate_hybrid,1,0.65,0.35
‘좋은 건물’보다 ‘우량 임차인’이 더 비싸진 시대[0과 1로 보는 부동...,"지난달 말 한국은행이 기준금리를 2.75%에서 3.00%로 인상하면서 시장 분위기는 다시 한 번 달라졌다. 7월에 이어 두 달 연속 기준금리를 올린 것이다. 연속 인상이 현실화된 만큼, 임대인은 금리가 곧 낮아질 것이라는...",https://www.edaily.co.kr/News/Read?newsId=01321846645577496&mediaCodeNo=257&utm_source=naver&utm_medium=referral&utm_campaign=news_syndication&utm_content=original_article,8,0.9105,1,keep,candidate_hybrid_keep_strong_domain_rule_anchor,8,0.9105,한국은행;기준금리,,,candidate_hybrid,1,0.65,0.35
급락 버텼지만 반등은 더디다... 횡보장에 식어가는 개미 매수 열기,코스피가 7000선을 회복하지 못한 채 등락을 반복한 데다 한국은행의 연이은 기준금리 인상으로 예금과 채권 등 확정금리 상품의 매력도 높아졌다. 거래대금과 투자자예탁금이 동시에 감소하면서 지수 반등을...,https://www.m-i.kr/news/articleView.html?idxno=1410365,10,0.5884,1,keep,candidate_hybrid_keep_strong_domain_rule_anchor,10,0.5884,한국은행;기준금리,채권,,candidate_hybrid,1,0.65,0.35
"""李 정부 돈 푸는 건 불난 데 기름 붓는 격 … '확장 재정 청구서' 돌아...","특히 ""한국은행이 기준금리를 덜 올리면서도 인플레이션을 억제할 수 있도록 정부가 국채 발행을 줄이고 빚을 갚으면 된다""며 ""국민이 고금리로 고통받는 상황에서 당장 용도도 명확하지 않은 미래 사업을 위해 기금을...",https://biz.newdaily.co.kr/site/data/html/2026/09/04/2026090400262.html,11,0.69,1,keep,candidate_hybrid_keep_strong_domain_rule_anchor,11,0.69,한국은행;국채;기준금리,,,candidate_hybrid,1,0.65,0.35
"은행 외환창구, 반도체 수출·외인 매도에 외환 포지션 관리 부담 확대",급락하면서 은행들은 외환 포지션을 하루 단위로 조정해야 하는 상황에 놓였다. 6일 한국은행에 따르면... 기준금리가 두 달 연속 인상돼 연 3.00%가 되면서 은행권의 원화 조달 비용도 함께 오른 상태다. 경상수지...,https://www.m-i.kr/news/articleView.html?idxno=1410244,12,0.7086,1,keep,candidate_hybrid_keep_strong_domain_rule_anchor,12,0.7086,한국은행;은행;기준금리,원화,,candidate_hybrid,1,0.65,0.35
환율 하락에 업종별 희비 교차…항공·철강 웃고 자동차는 울상,"한국투자증권 문다운 연구원도 ""반도체 수출 호조를 반영해 달러 매도 우위 국면이 전개되는 가운데 한국은행의 기준금리 상단 전망이 계속 높아지고 있다""며 ""환율이 더 낮아질 것""이라고 예상했습니다. 환율 하락세에...",http://www.yonhapnewstv.co.kr/news/AKR20260906095423Cz1,12,0.6329,1,keep,candidate_hybrid_keep_strong_domain_rule_anchor,12,0.6329,한국은행;환율;기준금리,달러,,candidate_hybrid,1,0.65,0.35
"""변동형 주담대보다 금리 높다"" 보금자리론 판매액 급감","다만 최근 글로벌 채권금리 상승 및 한국은행의 기준금리 상승 등이 맞물리면서 은행권의 주담대 금리도 치솟고 있는 만큼, 대출자들이 신중히 접근해야 한다는 평가도 나온다. 실제 한국은행...",https://www.mediapen.com/news/view/1121600,13,0.7853,1,keep,candidate_hybrid_keep_overseas_korean_market_impact,13,0.7853,한국은행;기준금리;글로벌 채권금리,금리,,candidate_hybrid,1,0.65,0.35
수도권 전세 4.7억 시대…전셋값 상승에 주택시장 양극화,한국은행 금융통화위원회가 지난 8월 27일 기준금리를 2.75%에서 3.00%로 0.25%포인트 인상하면서 세입자의 자금 부담은 더욱 커진 상태다. 여기에 지역 및 금융 규제가 더해지며 주택 선택 기준은 보수적으로 변하고...,https://www.viva100.com/article/20260906500175,9,0.8687,1,keep,candidate_hybrid_keep_strong_domain_rule_anchor,9,0.8687,한국은행;기준금리,금융,,candidate_hybrid,1,0.65,0.35
수익률 5% '쑥~'…하락장 뚫은 ETF TOP5 뭔가 봤더니[펀드와치],수익률 상위권에 보험·은행 ETF가 자리한 데에는 한국은행이 두 달 연속 금리를 올리는 ‘백투백(두 달... 업계 관계자는 “일반적으로 은행은 기준금리 인상으로 인해 대출금리가 예금금리보다 빠르게 오를...,https://www.edaily.co.kr/News/Read?newsId=01226726645577496&mediaCodeNo=257&utm_source=naver&utm_medium=referral&utm_campaign=news_syndication&utm_content=original_article,11,0.8054,1,keep,candidate_hybrid_keep_strong_domain_rule_anchor,11,0.8054,한국은행;은행;기준금리,,,candidate_hybrid,1,0.65,0.35
기준금리는 하나인데…예금·대출금리 왜 제각각 바뀔까 [최소한의 금융...,대출금리 역시 한국은행 기준금리를 그대로 가져다 쓰는 것은 아닙니다. 먼저 ‘기준이 되는 금리’를 정하고 여기에 은행이 가산금리를 더한 뒤 각종 우대금리를 빼는 방식으로 실제 금리가 만들어집니다. 실제 대출금리...,https://www.mk.co.kr/article/12144829,10,0.7753,1,keep,candidate_hybrid_keep_strong_domain_rule_anchor,10,0.7753,한국은행;기준금리,금리;금융,,candidate_hybrid,1,0.65,0.35
이자 20만원 아끼기 vs. 한도 4천만원 올리기…금리 인상기 대출 어떻게...,통상 한국은행의 기준금리 인상 폭이 0.25%포인트라는 점을 고려하면 두 상품의 금리 차는 작지 않은 수준입니다. 실제 월 상환액에서도 차이가 납니다. 두 상품의 상단 금리를 기준으로 4억5000만원을 30년 만기...,https://biz.heraldcorp.com/article/10863761?ref=naver,10,0.6797,1,keep,candidate_hybrid_keep_strong_domain_rule_anchor,10,0.6797,한국은행;기준금리,금리;대출,,candidate_hybrid,1,0.65,0.35
"美 8월 인플레, 왠 사사오입(四捨五入) 논쟁? | 스케줄 F! 워시, 파월보...",금리인하를 놓고 트럼프 대통령과 워시 의장 간의 갈등이 본격화될 움직임을 보이고 있는데요. 11월에 치러질 중간선거까지는 이 문제가 증시를 비롯한 금융시장에 최대 관심사가 될 것으로 보여 오늘은 이 문제를...,http://www.wowtv.co.kr/NewsCenter/News/Read?articleId=A202609070051&t=NN,0,0.5776,0,drop,candidate_hybrid_gray_drop_score_lt_threshold,0,0.5776,,,,candidate_hybrid,1,0.65,0.35
"[미국 뉴욕증시] 이번 주 '8월 물가'에 시선 집중, 연준 기준금리 향방...",월러 연준 이사는 최근 인플레이션이 현재 수준을 유지한다면 기준금리를 인상할 필요가 없다는 취지의... CFRA 리서치의 샘 스토발 수석 투자 전략가는 현재 시장이 연준의 금리 인상을 우려하는 쪽과 관망을...,https://www.lecturernews.com/news/articleView.html?idxno=210181,9,0.8028,1,keep,candidate_hybrid_keep_overseas_global_reference,9,0.8028,연준;기준금리,금리,,candidate_hybrid,1,0.65,0.35
美고용 서프라이즈에 금리인상 우려↑…코스피 향방은[뉴스새벽배송],미국의 8월 신규 고용이 시장 예상치를 크게 웃돌면서 연방준비제도(Fed·연준)의 기준금리 인상 우려가... -하지만 금융시장은 강한 고용을 연준의 금리인상 가능성을 높이는 재료로 받아들여. 라이언 디트릭 카슨그룹...,https://www.edaily.co.kr/News/Read?newsId=02007366645577824&mediaCodeNo=257&utm_source=naver&utm_medium=referral&utm_campaign=news_syndication&utm_content=original_article,15,0.7546,0,drop,candidate_hybrid_drop_generic_market_or_ipo_noise,15,0.7546,연준;fed;기준금리,코스피,,candidate_hybrid,1,0.65,0.35
"각국 중앙은행, '선제' 금리인상…'펜데믹'때처럼 될라","세계 금융정책의 심장인 미국 연방준비제도(Fed·연준) 역시 인플레이션 반등 신호에 따라 이달 금리 인상 카드를 만지작거리고 있으며, 뉴질랜드 중앙은행도 지난 2일 기준금리를 올리며 올해에만 2차례 인상을...",https://biz.sbs.co.kr/article_hub/20000333043?division=NAVER,14,0.833,1,keep,candidate_hybrid_keep_overseas_global_reference,14,0.833,연준;fed;기준금리,금리,,candidate_hybrid,1,0.65,0.35
"미국증시, CPI·10년물 금리 분수령…서학개미는 SOXL 베팅",월러 연준 이사는 인플레이션이 현재 수준을 유지한다면 기준금리를 올릴 필요가 없다는 취지의... CFRA 리서치의 샘 스토발 수석 투자전략가는 시장이 연준의 금리 인상 가능성을 경계하는 쪽과 관망을...,https://www.topstarnews.net/news/articleView.html?idxno=16184995,9,0.6635,0,drop,candidate_hybrid_drop_generic_market_or_ipo_noise,9,0.6635,연준;기준금리,금리,,candidate_hybrid,1,0.65,0.35
"엔화 롱 전환설 빗나간 이유, 9만 건 매도에 숨은 미일 금리차",미 연준의 금리 인하 가능성 속에서도 미일 금리 격차가 유지되면서 한국 증시 내 급격한 캐리 자금 이탈... 아시아 금융시장에 충격을 안길 것이라는 비관론이 확산했다. 공식 집계 결과는 이와 달랐다. 9월 첫째 주 기준...,https://www.g-enews.com/view.php?ud=202609061704505563fbbec65dfb_1,1,0.5578,0,drop,candidate_hybrid_drop_generic_market_or_ipo_noise,1,0.5578,,금리,,candidate_hybrid,1,0.65,0.35
"[중국증시 주간 포인트] ①美中 8월 물가지표, 美 장기국채 환매 2배 확...",소식으로 △9월 금리결정 핵심 변수 '8월 美 물가지표' △中 8월 CPI·PPI·수출입 및 금융 데이터 △美... 물가가 시장 예상에 부합하거나 둔화세를 보이면 연준의 금리 동결 기대가 강화되면서 미 국채 금리와...,https://www.newspim.com/news/view/20260907000005,5,0.6822,0,drop,candidate_hybrid_drop_generic_market_or_ipo_noise,5,0.6822,국채,금리;금융,,candidate_hybrid,1,0.65,0.35
미 국채금리 5%대 고공행진… 글로벌 긴축 발작·신흥국 자금 이탈 경고...,국채 금리도 동반 상승하는 등 글로벌 금융 시장에 긴장감이 높아지고 있다. 지난달 말 케빈 워시 연준... 국채 금리가 연 1.6%대에서 3%대로 두 배 가까이 뛰고 일부 신흥국 통화 가치가 급락했다. 2022~2023년 기준금리...,https://www.cbci.co.kr/news/articleView.html?idxno=604306,20,0.7991,1,keep,candidate_hybrid_keep_overseas_global_reference,20,0.7991,연준;국채;국채금리;기준금리;미 국채금리,금융,,candidate_hybrid,1,0.65,0.35
오픈AI 새 모델 '아스트라' 공개에 필라델피아 반도체 3.4% 급등… 코스...,"지난주 글로벌 금융시장은 미국과 이란의 무력충돌, 국제유가 급등, 일본 엔화 강세 등 다양한 악재에... 도널드 트럼프 미국 대통령은 기준금리 인하를 촉구하며 연준을 압박했다. 서울 중구 하나은행 딜링룸의...",https://www.cbci.co.kr/news/articleView.html?idxno=604295,3,0.5682,1,keep,candidate_hybrid_keep_overseas_global_reference,3,0.5682,기준금리,,,candidate_hybrid,1,0.65,0.35
트럼프 “금리 안 내리면 적자국과 무역 중단”… 연준 노골적 압박,최근 자국 금융 시장에서 기준금리 장기 동결에 이어 인상 가능성까지 거론되자 연준에 금리 인하를 재압박하고 나선 것이다. 트럼프 대통령은 4일(현지시간) 사회관계망서비스(SNS) 트루스소셜에 “대단한 고용지표가...,https://www.segye.com/newsView/20260906508685?OutUrl=naver,7,0.805,0,drop,candidate_hybrid_drop_negative_signal,7,0.805,연준;기준금리,금리;금융,sns,candidate_hybrid,1,0.65,0.35
"“美금리 오르면 내 주식은 어떡해?”…트럼프의 연준 압박, 통할까 [재...","4%, 동결보다 우세 시카고상품거래소(CME) 페드워치에 따르면, 현재 금융 시장 참가자들은 연준이 오는 15~16일 열리는 연방공개시장위원회(FOMC)에서 금리를 올릴 가능성을 더 높게 보고 있습니다. 이번 회의에서 기준금리...",https://www.seoul.co.kr/news/economy/2026/09/06/20260906500069?wlog_tag3=naver,10,0.7428,0,drop,candidate_hybrid_drop_generic_market_or_ipo_noise,10,0.7428,연준;기준금리,금리;금융,,candidate_hybrid,1,0.65,0.35
뉴욕증시 운명 가를 美 8월 CPI 발표 임박… 연준 동결 vs 인상 기로,"시장에 다양한 재료가 혼재했기 때문으로 풀이된다. 연방준비제도(Fed·연준) 인사들은 최근 기준금리... 것""이라며 ""시장은 이를 소화하는 데 상당한 어려움을 겪을 수 있다""고 말했다. 한편 미국 금융시장은 9월 7일...",https://www.cbci.co.kr/news/articleView.html?idxno=604333,13,0.7465,1,keep,candidate_hybrid_keep_overseas_global_reference,13,0.7465,연준;fed;기준금리,,,candidate_hybrid,1,0.65,0.35
[월街 WEatch] WSJ 논평: 전쟁위험성으로 금리를 올려야 한다는 영란은행...,"시점에 금융시장에서는 자금시장 조건을 완화하여 운영하게 될 것” “In this setting, the market will ease... - 필자는 9월 회의에서 연준이 기준금리를 올릴 것으로 예측하고 있으나 시장 분위기나 트럼프...",http://www.ifs.or.kr/bbs/board.php?bo_table=WallWatch&wr_id=171,3,0.6931,0,drop,candidate_hybrid_drop_generic_market_or_ipo_noise,3,0.6931,기준금리,,,candidate_hybrid,1,0.65,0.35
"ECB, 두 번째 금리 인상 유력…연내 추가 인상도 '가시권'",유럽중앙은행(ECB)이 이번 주 두 번째 기준금리 인상에 나설 가능성이 커지면서 시장의 관심이 연내 세 번째... 미국 연방준비제도(Fed·연준)와의 온도 차도 뚜렷하다. 연준이 최근 물가 흐름을 비교적 낙관적으로...,https://www.ebn.co.kr/news/articleView.html?idxno=1723150,18,0.8455,1,keep,candidate_hybrid_keep_overseas_global_reference,18,0.8455,연준;fed;ecb;기준금리,금리,,candidate_hybrid,1,0.65,0.35
"물가 개봉박두, 버티는 투자심리[이정훈의 코인 위클리뷰]","최근 미국의 고용지표가 호조를 보이면서 연방준비제도(연준)의 기준금리 인상 가능성이 다시 커졌지만, 화폐가치 하락에 베팅하는 디베이스먼트 트레이드가 지속되는 가운데, 전통적 금융시장 변동성 확대에 피난처...",https://www.edaily.co.kr/News/Read?newsId=01331686645577496&mediaCodeNo=257&utm_source=naver&utm_medium=referral&utm_campaign=news_syndication&utm_content=original_article,8,0.744,0,drop,candidate_hybrid_drop_generic_market_or_ipo_noise,8,0.744,연준;기준금리,,,candidate_hybrid,1,0.65,0.35
금시세(금값),월러 연준 이사 역시 물가 둔화가 확인되지 않거나 다음 주 발표되는 지표가 강하게 나타날 경우 9월 회의에서 기준금리 인상을 검토할 수 있다고 밝힌 바 있다. 금융시장에서는 오는 9월 15~16일 연방공개시장위원회...,https://www.bntnews.co.kr/article/view/bnt202609050156,8,0.6814,0,drop,candidate_hybrid_drop_generic_market_or_ipo_noise,8,0.6814,연준;기준금리,,,candidate_hybrid,1,0.65,0.35
연준의 선택 가를 '운명의 물가주'…CPI·PPI에 쏠린 월가의 눈,"두 사람은 ""인플레이션 지표가 현재 수준을 유지한다면 기준금리를 추가로 올릴 필요가 없다""는 입장을 공개적으로 밝히며 시장을 안도시켰다. 잭슨홀 회의에서 케빈 워시 연준 의장이 금리 인상 가능성을 시사한 뒤...",http://www.newsroad.co.kr/news/articleView.html?idxno=63856,9,0.7243,0,drop,candidate_hybrid_drop_generic_market_or_ipo_noise,9,0.7243,연준;기준금리,금리,,candidate_hybrid,1,0.65,0.35
[국제금융 브리핑] 미·이란 충돌 지속...美 8월 근원 CPI 2.4% 둔화 전망,미국과 이란의 무력충돌이 이어지며 중동 긴장과 유가 불안이 국제금융시장의 핵심 변수로 떠올랐다.... 원/달러 환율은 주간 2.41% 하락해 1347.0원을 기록했다. 채권시장에서는 미국 10년물 국채금리가 4.78%로 6bp...,https://www.tokenpost.kr/news/economy/403537,9,0.6562,1,keep,candidate_hybrid_keep_strong_domain_rule_anchor,9,0.6562,국채금리;원/달러,달러,,candidate_hybrid,1,0.65,0.35
"[김민정 기자의 '코스뽀'] 제이브이엠 올해도 실적 '신기록' 예고, 해외...","◆ 해외 매출 비중 첫 50% 돌파, 지역별 맞춤 제품 앞세워 글로벌 시장 공략 7일 금융투자업계에 따르면... 원/달러 환율은 4일 14개월 만에 장중 1340원대까지 떨어졌다. 원/유로 환율도 8월 초 1600원대 중반에서 9월 초...",https://www.businesspost.co.kr/BP?command=article_view&num=446432,6,0.3883,1,keep,candidate_hybrid_gray_keep_domain_score_ge_threshold,6,0.3883,원/달러,실적;달러,,candidate_hybrid,1,0.65,0.35
"원·달러 NDF 5.2원 하락, 넌펌 서프라이즈 이긴 엔화 강세",이투데이=김남현 기자 | 역외환율이 하락했다. 미국 비농업부문 고용(넌펌) 서프라이즈에도 불구하고... 글로벌 금융시장에서 달러인덱스는 99.142로 올랐다. 5일(현지시간) 차액결제선물환(NDF)시장에서 원...,https://www.etoday.co.kr/news/view/2622355,1,0.5549,1,keep,candidate_hybrid_keep_overseas_global_reference,1,0.5549,,달러,,candidate_hybrid,1,0.65,0.35
[KFT 모닝 브리프] 2026.09.07 — 오늘 꼭 알아야 할 국내외 경제·시장 ...,"━━━━━━━━━━━━━━━ ①[금융·시장] 코스피·코스닥 4일 동반 급등, 6,600선 회복 9월 4일... 외환시장에서 원/달러 환율은 전 거래일 대비 8.9원 내린 1,350.4원(오후 3시30분 기준)에 거래를 마쳤다. 미국...",https://www.fntimes.com/html/view.php?ud=202609070721022362141825007d_18,14,0.5266,1,keep,candidate_hybrid_keep_strong_domain_rule_anchor,14,0.5266,원/달러;외환시장,코스피;코스닥;달러;금융,,candidate_hybrid,1,0.65,0.35
"원·달러 환율, 두 달 새 250원 급락···웃는 항공·철강, 떠는 자동차",| 스마트비즈 = 김혜인 기자 | 원·달러 환율이 두 달여 만에 250원 넘게 떨어지면서 금융시장에 업종별 희비가 엇갈리고 있다. 항공과 철강처럼 달러 결제 비용이 큰 업종은 수혜를 보고 있지만 자동차와 반도체 등 수출...,https://www.smartbizn.com/news/articleView.html?idxno=153150,4,0.4996,0,drop,candidate_hybrid_drop_corporate_macro_noise,4,0.4996,환율,달러,,candidate_hybrid,1,0.65,0.35
[정원석의 매크로 리뷰 <41> AI 투자 붐이 부른 ‘금리 청구서’] 美 채...,"원·달러 환율이 연중 최저치인 1380원대로 내려온 것도 같은 맥락이다. ‘낮은 장기금리와 강달러’를... 금융시장과 연방준비제도(Fed· 연준), 외국 정부 등이 보유한 부채만 미국 국내총생산(GDP)과 맞먹는...",https://economychosun.com/site/data/html_dir/2026/08/30/2026083000017.html,12,0.4729,1,keep,candidate_hybrid_keep_overseas_global_reference,12,0.4729,연준;fed,금리;달러,,candidate_hybrid,1,0.65,0.35
원·달러 환율 3분기 13% 급락… 항공·철강 '방긋' vs 자동차·IT '먹구름...,"서울 외환시장에서 4일 오후 3시 30분 기준 원/달러 환율은 1,350.4원으로 집계됐다. 이는 지난 6월 말 1,549.... 하나은행 서정훈 연구원은 주요국의 재정건전성 악화 우려가 확산될 경우 글로벌 금융시장에서 안전자산...",https://www.cbci.co.kr/news/articleView.html?idxno=604355,12,0.4892,1,keep,candidate_hybrid_keep_strong_domain_rule_anchor,12,0.4892,환율;원/달러;외환시장,달러,,candidate_hybrid,1,0.65,0.35
"""1300원대 갈 줄 몰랐다…환율 예측 대신 이렇게 대응해야""","서이현 인턴 기자 = 원-달러 환율이 고점 대비 100원 넘게 떨어졌지만 아직 원화가 과도하게 고평가된 상태는... 최근 100원 반락은 이런 자금 유출이 둔화하고 외국인 매도세가 완화한 데다, 글로벌 금융시장 변동성이...",https://www.newsis.com/view/NISX20260906_0003778041,4,0.512,1,keep,candidate_hybrid_keep_overseas_global_reference,4,0.512,환율,달러,,candidate_hybrid,1,0.65,0.35
'1560원→1350원' 환율 폭락하더니…증시 웃는자가 달라졌다,"원·달러 환율이 가파른 내림세를 이어가면서 업종별 희비가 뚜렷하게 갈리고 있다. 6일 금융투자업계에 따르면 4일 오후 3시 30분 기준 서울 외환시장에서 달러 대비 원화 환율은 전날보다 8.9원 내린 1,350.4원으로...",http://www.wowtv.co.kr/NewsCenter/News/Read?articleId=A202609060047&t=NN,9,0.4614,1,keep,candidate_hybrid_keep_strong_domain_rule_anchor,9,0.4614,환율;외환시장,달러;원화,,candidate_hybrid,1,0.65,0.35
145억달러 美 국채 바이백 임박…비트코인·XRP '2차 랠리' 기대,"대상은 만기 10~30년 장기 국채다. 9월 한 달 동안 재무부가 시장에서 흡수할 채권 규모는 약... 머무는 국채 금리를 안정시키려는 것이라고 짚었다. 스콧 베센트 재무장관이 금리 안정을 시도하는 동안, 암호화폐 시장은...",https://www.digitaltoday.co.kr/news/articleView.html?idxno=698573,10,0.7138,1,keep,candidate_hybrid_keep_strong_domain_rule_anchor,10,0.7138,국채;암호화폐,금리;채권,,candidate_hybrid,1,0.65,0.35
금리를 둘러싼 힘겨루기…말 한마디에 금값이 춤췄다,25%포인트 금리 인상 명분이 커진다. 금 투자자는 숫자 자체보다 발표 직후 2년물 국채금리와 달러가 같은... 그럼에도 채권시장은 먼저 인상 가능성을 높였다. 발표 후 9월 FED WATCH 금리인상 확률은 약 55%에서 62%로...,https://zdnet.co.kr/view/?no=20260907085106,10,0.6487,0,drop,candidate_hybrid_gray_drop_generic_anchor_only,10,0.6487,fed;국채금리,금리,,candidate_hybrid,1,0.65,0.35
[마켓무버]강한 고용에 금리인상 우려 확대…뉴욕증시 동반 하락,"채권시장도 즉각 반응했다. 미 국채 2년물 금리는 4.37%대로 올라 고용 발표 직후 2025년 1월 이후 최고 수준을 기록했고, 10년물 금리도 장중 4.8%를 넘어섰다. 반면 업종별 차별화가 나타나면서 반도체주는 강세를...",https://www.edaily.co.kr/News/Read?newsId=02115606645577824&mediaCodeNo=257&utm_source=naver&utm_medium=referral&utm_campaign=news_syndication&utm_content=original_article,3,0.4491,0,drop,candidate_hybrid_drop_generic_market_or_ipo_noise,3,0.4491,국채,,,candidate_hybrid,1,0.65,0.35
경기 둔화에도 안 떨어지는 금리…美 국채시장에 무슨 일이,높은 국채금리가 반드시 나쁜 신호인 것도 아니다. 성장 전망이 좋을수록 시장금리가 높게 유지되는 건 자연스럽다. 야데니 역시 미국 부채가 지금 같은 속도로 늘어나는 건 지속 가능하지 않다고 인정한다. 다만 채권시...,https://www.fortunekorea.co.kr/news/articleView.html?idxno=53905,5,0.4448,0,drop,candidate_hybrid_gray_drop_score_lt_threshold,5,0.4448,국채금리,금리,,candidate_hybrid,1,0.65,0.35
美 국채 수익률곡선 양끝 흔들…바이백·CPI 시험대,강한 고용을 확인한 채권시장은 연준이 이달 기준금리를 올릴 가능성을 다시 높게 반영했다. 지난 4일 고용지표 발표 뒤 단기 국채금리가 상승한 반면 장기물 금리는 상대적으로 안정되면서 미국 국채 수익률곡선은...,https://www.g-enews.com/view.php?ud=2026090708183880609a1f309431_1,10,0.7177,1,keep,candidate_hybrid_keep_overseas_global_reference,10,0.7177,국채;국채금리;기준금리,,,candidate_hybrid,1,0.65,0.35
"[굿모닝 마켓] 시장, 지난 한 주 통화정책 방향 두고 '혼란'",하락하고 국채금리는 올랐는데요. 이제 모든 시선은 8월 CPI로 쏠리고 있습니다. 마감 상황보면 다우 지수가... 이에 채권 시장도 즉각 반응했습니다. 2년물 금리는 발표 직후 4.41%까지 뛰었고요. 10년물 금리도 장중 4.8%에...,https://biz.sbs.co.kr/article_hub/20000333044?division=NAVER,6,0.6537,1,keep,candidate_hybrid_keep_overseas_global_reference,6,0.6537,국채금리,채권,,candidate_hybrid,1,0.65,0.35
[김성재 칼럼] 생각보다 큰 후유증을 일으킬 수 있는 장기금리의 급격한...,물론 기존 채권 보유자는 가격에서 손실이 난다. 채권 수익률은 채권시장의 수급이 결정한다고 볼 수 있다. 재정적자나 전쟁으로 인해 국채의 발행과 공급이 늘어나면 채권가격이 하락해 채권금리가 상승한다. 또한...,https://www.womaneconomy.co.kr/news/articleView.html?idxno=258368,2,0.447,0,drop,candidate_hybrid_gray_drop_score_lt_threshold,2,0.447,,채권,,candidate_hybrid,1,0.65,0.35
"""삼전닉스 이번주 호재온다! '이 징후' 보이면 조심""","연준이 금리를 동결할까?'라는 생각이 들 수밖에 없겠죠. 실제로 2년물 국채 금리가 4.4%, 10년물이 한 4.78~4.8... 이런 상황이어서 사실은 채권 시장도 올라가고 금리, 돈값이 올라가고 있기 때문에 주식 쪽에는 악재였는데...",https://www.ytn.co.kr/_ln/0102_202609070747162300,7,0.6195,0,drop,candidate_hybrid_drop_generic_market_or_ipo_noise,7,0.6195,국채,금리;주식;채권,,candidate_hybrid,1,0.65,0.35
"[부자들의 투자노트] 블랙록 ""증시, 연준 0.25%p 금리인상 견뎌낼 수 있...","하지만 국채금리는 더 이상 오르지 않고 안정을 찾을 것이라고 일축했습니다. [앙헬 우비데 / 시타델 경제 리서치 책임자 : 우리는 투자 붐의 한가운데에 있고, 채권시장도 이를 반영하고 있습니다. 현재 경제는 강합니다....",https://biz.sbs.co.kr/article_hub/20000333016?division=NAVER,9,0.6071,0,drop,candidate_hybrid_drop_generic_market_or_ipo_noise,9,0.6071,연준;국채금리,,,candidate_hybrid,1,0.65,0.35
"금 86톤 런던행, 미국 안전자산 논쟁 다시 불붙었다","미 국채는 여전히 세계에서 가장 깊은 채권시장으로 꼽힌다. 두 자산의 역할은 같지 않으며, 중앙은행과... 미 국채의 안전자산 기능 변화라는 점에서 닿아 있다. 미 국채 금리와 달러 유동성은 글로벌 위험자산 가격과...",https://www.tokenpost.kr/news/economy/403518,4,0.725,1,keep,candidate_hybrid_keep_overseas_global_reference,4,0.725,국채,달러,,candidate_hybrid,1,0.65,0.35
"""과장 선에서 막혀? 알았어""…김승원 '청탁 의혹' 일파만파[오늘아침]","주요국 국채금리 상승은 국내 채권시장으로도 번졌는데, 서울 채권시장에서 국고채 10년물 금리는 지난 2일 4.4%를 넘어섰습니다. 국고채 금리가 오르면 은행채 금리에 상승 압력이 커지고, 이는 다시 주담대를 비롯한...",https://www.nocutnews.co.kr/news/6573790?utm_source=naver&utm_medium=article&utm_campaign=20260907073027,8,0.7246,1,keep,candidate_hybrid_keep_strong_domain_rule_anchor,8,0.7246,국채금리;국내 채권시장,,,candidate_hybrid,1,0.65,0.35
[넥스트-샷] 좋은 고용은 나쁜 뉴스···월가 다시 '9월 인상' 긴장,채권시장의 반응은 더 뚜렷했습니다. 통화정책에 민감한 미 국채 2년물 금리는 지표 직후 4.4246%까지 올라 2025년 1월 이후 최고치를 기록한 뒤 4.37% 안팎에서 거래됐습니다. 10년물도 장중 4.812%까지 오른 뒤 4.78...,https://www.womaneconomy.co.kr/news/articleView.html?idxno=258369,3,0.6279,0,drop,candidate_hybrid_drop_generic_market_or_ipo_noise,3,0.6279,국채,,,candidate_hybrid,1,0.65,0.35
"[마켓 브리핑] 강한 경제지표, 증시에 악재 작용…국채금리 상승","하락하고 국채금리는 올랐습니다. 마감 상황보면 다우 지수가 0.51%, S&P 500 지수가 0.38% 하락했고요. 나스닥... 이에 채권 시장도 즉각 반응했습니다. 2년물 금리는 발표 직후 4.41%까지 뛰었고요. 10년물 금리도 장중 4.8%에...",https://biz.sbs.co.kr/article_hub/20000333013?division=NAVER,6,0.5935,0,drop,candidate_hybrid_gray_drop_generic_anchor_only,6,0.5935,국채금리,채권,,candidate_hybrid,1,0.65,0.35
"[증시전략] 연준의 금리 결정, 돌고돌아 ""데이터 기반""…물가 관건","일각선 채권시장 '자경단' 역할, 통화당국 압박 가능성 - 지난주 美 10년물 국채금리 4.821%까지 치솟아 - 인플레 뜨겁게 나오면 국채금리 추가 상승 '경고음' - 물가 재가열 신호 외면 시 10년물 5% 돌파 가능성도 Q. 이번...",https://biz.sbs.co.kr/article_hub/20000333010?division=NAVER,5,0.7706,0,drop,candidate_hybrid_drop_model_keep_without_domain_anchor,5,0.7706,국채금리,금리,,candidate_hybrid,1,0.65,0.35
"시타델 ""美국채금리 안정될 것""","미국 유명 헤지펀드 시타델의 앙헬 우비데 경제 리서치 책임자는 현지시간 3일 블룸버그와의 인터뷰에서 ""미국 국채금리가 안정될 것""이라고 주장했습니다. 우비데 책임자는 ""우리는 투자 붐의 한가운데에 있고, 채권시장...",https://biz.sbs.co.kr/article_hub/20000333026?division=NAVER,4,0.714,0,drop,candidate_hybrid_drop_model_keep_without_domain_anchor,4,0.714,국채금리,,,candidate_hybrid,1,0.65,0.35
9월 금리인상 가를 미국 CPI…오라클 실적도 주목[월가프리뷰],장기물 국채금리 상승을 억제하기 위한 조치로 평가되는 만큼 채권시장의 반응도 주목된다. S&P500은 올해 들어 약 13% 상승했다. 기업들의 강력한 실적이 증시를 지지했지만 역사적으로 9월은 미국 증시의 연중 가장...,https://www.news1.kr/world/international-economy/6281550,4,0.5315,1,keep,candidate_hybrid_keep_overseas_global_reference,4,0.5315,국채금리,,,candidate_hybrid,1,0.65,0.35
‘美 국채금리에 10% 더 얹어야’…부실기업 자금조달 비상,"5일(현지 시간) 영국 파이낸셜 타임스(FT)에 따르면 미국 10년물 국채 금리는 최근 4.82%까지 오르며 2023년 이후 가장 높은 수준을 기록했다. 10년물 금리는 전 세계 정부, 기업, 금융기관이 채권 발행이나 대출을 위해...",https://www.sedaily.com/article/20087719?ref=naver,9,0.7254,0,drop,candidate_hybrid_drop_generic_market_or_ipo_noise,9,0.7254,국채;국채금리,채권,,candidate_hybrid,1,0.65,0.35
韓 파병설에 美·이란도 “기다린다”·“전쟁 참여로 간주” 신경전 [...,"유로존 시한폭탄 된 프랑스, ECB 금리인상 앞두고 초긴장 유럽 채권시장이 미국발 금리 상승 여파로 출렁이는 가운데, 프랑스 국채가 유로존 전체를 위협하는 새로운 뇌관으로 부상하고 있습니다. 5일(현지시간)...",https://www.sedaily.com/article/20087735?ref=naver,5,0.6095,0,drop,candidate_hybrid_gray_drop_score_lt_threshold,5,0.6095,ecb,금리,,candidate_hybrid,1,0.65,0.35
"유럽도 기준금리 오르는데…프랑스 나랏빚, 유로존 뇌관 되나[글로벌 왓...",글로벌 채권시장이 미국발 금리 상승세에 크게 흔들리는 가운데 프랑스가 세계 채권시장의 새로운 시한... 여기에 외국인 투자자 의존도가 유독 높은 국채시장 구조까지 맞물리며 시장의 불안감을 키우는 모습이다....,https://www.sedaily.com/article/20087721?ref=naver,4,0.7265,1,keep,candidate_hybrid_keep_overseas_global_reference,4,0.7265,기준금리,금리,,candidate_hybrid,1,0.65,0.35
"다음주 금리 인상 좌우할 CPI…장기 국채 입찰, 오라클 실적도 주목[이...",미국 증시가 연방준비제도(연준)의 금리 인상 가능성에 촉각을 곤두세우며 눈치 보기를 계속하는 가운데... 급증으로 채권시장 내 자금 수요가 커지며 국채수익률이 상승 압력을 받고 있다는 의미다. 마켓워치에...,https://www.mt.co.kr/world/2026/09/07/2026090509502235132,9,0.6714,1,keep,candidate_hybrid_keep_overseas_global_reference,9,0.6714,연준;국채,금리,,candidate_hybrid,1,0.65,0.35
"국채부터 집값까지⋯금융시장 덮친 ‘기후 프리미엄’ [기후의 역습, 경...","국채시장에 ‘재난 프리미엄’이 나타났으며, 기후 취약성이 높아질수록 국채 금리 곡선이 전반적으로... 보험사와 정부가 재난 위험을 투자자에게 넘기는 캣본드(재해연계채권) 시장도 급성장하고 있다. 2025년 글로벌...",https://www.etoday.co.kr/news/view/2622328,4,0.5154,0,drop,candidate_hybrid_drop_generic_market_or_ipo_noise,4,0.5154,국채,금리,,candidate_hybrid,1,0.65,0.35
"30년물 5.25%, 미 금리곡선 다시 흔들렸다","금리 수준 자체를 직접 결정하는 주체는 연준이고, 재무부 조치는 국채 수급과 시장 기능에 영향을 주는 성격이 강하다. 채권시장에서는 방어 수요도 나타났다. 블룸버그는 트레이더들이 10년물과 30년물 국채 선물...",https://www.tokenpost.kr/news/economy/403474,4,0.6088,0,drop,candidate_hybrid_drop_generic_market_or_ipo_noise,4,0.6088,국채,금리,,candidate_hybrid,1,0.65,0.35
"美, 국채 금리 급등에 정크 스프레드 폭등…한계기업 차환 뇌관",반면 미국 인플레이션이 빠르게 둔화해 연방준비제도가 조기 완화 기조로 전환하고 국채 금리가 하향 안정될 경우 채권 시장 압박은 점진적으로 해소될 수 있다. 시장의 향후 관전 포인트는 2027년까지 예고된 미...,https://www.g-enews.com/view.php?ud=202609061728593418fbbec65dfb_1,9,0.6904,0,drop,candidate_hybrid_drop_generic_market_or_ipo_noise,9,0.6904,스프레드;국채,금리;채권,,candidate_hybrid,1,0.65,0.35
"4% 헤지비용 갇힌 日 자금, 아시아 테크 외면하고 본국 유턴",미국 국채 투자를 줄이고 자국 채권으로 자금을 회수하고 있다. 로이터는 9월 4일(현지시각) 일본... 금융시장에 긴축 요인으로 작용한다. 미 국채의 핵심 매수 주체였던 일본 자금의 이탈은 미국 장기채 금리에 상승 압력을...,https://www.g-enews.com/view.php?ud=20260906172510289fbbec65dfb_1,3,0.5233,0,drop,candidate_hybrid_drop_generic_market_or_ipo_noise,3,0.5233,국채,,,candidate_hybrid,1,0.65,0.35
[뉴스룸에서] 벼랑 끝에 선 트럼프,이 경우 채권시장의 벤치마크인 미국 10년물 국채금리가 다시 치솟아 주가 하락을 압박할 수 있다. 트럼프에겐 중간선거를 앞두고 가장 우려했던 시나리오가 실현되는 것이다. 세상의 모든 질서를 가볍게 무시하는...,https://www.kmib.co.kr/article/view.asp?arcid=9000009549&cp=nv,5,0.6476,0,drop,candidate_hybrid_gray_drop_score_lt_threshold,5,0.6476,국채금리,주가,,candidate_hybrid,1,0.65,0.35
환율 1345원까지 뚝뚝… 기업 달러예금 역대최대,최근 급등한 미국의 국채금리는 원-달러 환율 내림세에 제동을 걸 수 있다. 안전 자산으로 꼽히는 미국 국채가 5%대의 수익률을 제공하면 투자자들이 국내 채권·주식시장에서 원화를 달러로 바꿔 떠나기 쉽다....,https://www.donga.com/news/Economy/article/all/20260906/134614849/2,10,0.4989,1,keep,candidate_hybrid_keep_overseas_global_reference,10,0.4989,환율;국채금리,채권;달러,,candidate_hybrid,1,0.65,0.35
"시장 좇던 그가 시장에 호통친다, 미 재무 베선트의 ‘역설’",만기 국채 금리가 19년 만에 최고치로 치솟자 전격적으로 시장 방어에 나선 것이다. 베선트의 옛 스승이자 전설적인 헤지펀드 투자자 스탠리 드러켄밀러조차 “가격 조작이자 큰 실수다. 채권시장이 보내는 신호에 귀를...,https://www.joongang.co.kr/article/25459513,3,0.5653,0,drop,candidate_hybrid_drop_generic_market_or_ipo_noise,3,0.5653,국채,,,candidate_hybrid,1,0.65,0.35
[뉴욕증시 전망] CPI에 시선 집중…9월 금리 인상 확률 57%,미 재무부가 다음 주부터 장기 국채 바이백 규모를 확대하는 점은 채권시장 변수다. 시장에서는 재무부의 조치가 최근 상승한 장기 국채금리를 안정시키는 데 어느 정도 영향을 줄지 주목하고 있다. 기업 실적에서는...,https://www.thefairnews.co.kr/news/articleView.html?idxno=87216,8,0.695,1,keep,candidate_hybrid_keep_overseas_global_reference,8,0.695,국채;국채금리,금리,,candidate_hybrid,1,0.65,0.35
"145억달러 국채 바이백, BTC·XRP 반응 갈렸다","장기 금리가 달러 조달 비용과 회사채 금리, 위험자산 할인율에 영향을 준다는 점에서 국내 투자자에게도 미국 국채 바이백은 채권시장 내부 이슈에 그치지 않는다. XRP는 같은 흐름으로 묶기 어렵다. 미 상원...",https://www.tokenpost.kr/news/economy/403396,9,0.6113,1,keep,candidate_hybrid_keep_overseas_global_reference,9,0.6113,회사채;국채,금리;달러,,candidate_hybrid,1,0.65,0.35
"프랑스 유력 대선 후보 ""국가 부채? 그냥 불태워버리자""","유럽연합(EU)이 목표로 하는 3% 미만을 크게 웃도는 수준으로, 채권시장의 우려를 더욱 키우는 요인이다. LPL파이낸셜의 크리스티안 커 거시전략 책임자는 프랑스와 독일의 10년물 국채금리 차이를 핵심 지표로 지목했다....",https://www.fortunekorea.co.kr/news/articleView.html?idxno=53903,4,0.6458,0,drop,candidate_hybrid_gray_drop_score_lt_threshold,4,0.6458,국채금리,,,candidate_hybrid,1,0.65,0.35
유가 급등에 물가 비상인데…트럼프 “전쟁 별것 아니다” [이슈+],"◇ 원유보다 더 오른 디젤…물가·국채금리까지 압박 문제는 국제유가 상승에 석유제품 가격 급등까지 겹치면서 충격이 에너지 시장을 넘어 물가와 채권시장, 실물경제 전반으로 번지고 있다는 점이다. 최근 원유 가격...",https://www.ekn.kr/web/view.php?key=20260906025191045,4,0.6146,0,drop,candidate_hybrid_gray_drop_score_lt_threshold,4,0.6146,국채금리,,,candidate_hybrid,1,0.65,0.35
나랏빚 1734조원 시대···2030년 이자비용만 53조원,이자비용이 빠르게 늘어나는 배경에는 재정지출 확대에 따른 국가채무 증가와 국채 금리 상승이... 정부는 국고채 발행을 지나치게 줄일 경우 채권시장의 유동성과 안정성이 오히려 훼손될 수 있다는...,https://www.todaykorea.co.kr/news/articleView.html?idxno=405761,4,0.4487,0,drop,candidate_hybrid_gray_drop_score_lt_threshold,4,0.4487,국채,금리,,candidate_hybrid,1,0.65,0.35
국채금리 뛰자 정부·기업·가계 모두 ‘패닉’…이 사람들은 오히려 웃...,글로벌 채권시장 벤치마크로 여겨지는 미국 10년 만기 국채금리는 지난 3일(현지시간) 전장 대비 3bp(1bp=0.01%포인트) 내린 4.761%에 마감했다. 지난 2일 장중 4.821%까지 치솟으며 2023년 11월 이후 약 2년 10개월 만에 최고치를...,https://biz.heraldcorp.com/article/10863733?ref=naver,4,0.7472,1,keep,candidate_hybrid_keep_overseas_global_reference,4,0.7472,국채금리,,,candidate_hybrid,1,0.65,0.35
자유시장 외치며 개입 서슴지 않는 ‘베센트의 역설’ [GMC],"드러켄밀러는 “채권시장이 보내는 신호를 들어라(Let the Bond Market Speak)”고 했지만, 베센트 장관은... 일본의 금리와 국채시장이 글로벌 장기금리에도 영향을 미치는 만큼 미 국채시장의 이해관계와도 무관하지 않다....",https://www.joongang.co.kr/article/25459408,0,0.4708,0,drop,candidate_hybrid_gray_drop_score_lt_threshold,0,0.4708,,,,candidate_hybrid,1,0.65,0.35
"치솟는 금리, 가계·기업 덮친다…이자폭탄 '눈덩이'[금리 쇼크③]",주요국 국채금리 상승은 국내 채권시장으로도 번지고 있다. 서울 채권시장에서 국고채 10년물 금리는 지난 2일 4.4%를 넘어섰다. 지난 4일 4.360%로 하락했지만 여전히 4%대 중반의 높은 수준을 유지하고 있다. 글로벌...,https://www.newsis.com/view/NISX20260904_0003777207,9,0.6329,1,keep,candidate_hybrid_keep_strong_domain_rule_anchor,9,0.6329,국채금리;국내 채권시장,금리,,candidate_hybrid,1,0.65,0.35
"[더벨][한투금융그룹 초격차 시대] 신탁업 진출, 부동산 금융 밸류체인...","*출처=한국투자금융지주 반기보고서, 클로드 가공 한투부동산신탁이 존재하기 전 그룹 내에선 한국투자증권과 한국투자캐피탈, 한국투자저축은행이 부동산 프로젝트 파이낸싱(PF) 등에 투자를 해왔다. 다만 신탁사가...",https://www.thebell.co.kr/free/content/ArticleView.asp?key=202609021504169800103015,9,0.6385,1,keep,candidate_hybrid_keep_strong_domain_rule_anchor,9,0.6385,저축은행;pf,금융,,candidate_hybrid,1,0.65,0.35
저축銀 실적개선의 이면…충당금 덜 쌓았다,금융계에서는 금리 상승과 지방 부동산 경기 부진이 맞물리고 있는 만큼 저축은행의 충당금 적립 수준을 보다 보수적으로 관리할 필요가 있다는 목소리가 나온다. 부동산 프로젝트파이낸싱(PF) 부실 부담도 여전히...,https://www.sedaily.com/article/20087629?ref=naver,20,0.7152,1,keep,candidate_hybrid_keep_strong_domain_rule_anchor,20,0.7152,저축은행;충당금;pf;프로젝트파이낸싱,금리;부실,,candidate_hybrid,1,0.65,0.35
"저축은행, 대손충당금 덜 쌓아 순익 폭 키웠다",당국이 저축은행 충당금 기준을 강화하고 보다 적극적으로 쌓을 수 있도록 유도해야 한다는 얘기가 나온다. 부동산 프로젝트파이낸싱(PF) 부실 또한 빠르게 늘고 있다. 금감원은 “충분한 수준의 충당금 적립과...,https://www.sedaily.com/article/20087690?ref=naver,19,0.7825,1,keep,candidate_hybrid_keep_strong_domain_rule_anchor,19,0.7825,저축은행;충당금;pf;프로젝트파이낸싱,부실,,candidate_hybrid,1,0.65,0.35
렌탈 팔아 한숨 돌린 호텔롯데…돌려막기 끝에 사채 고민,“금리 스프레드가 좁아짐에 따라 우량 기업들의 조달 부담은 줄어들 전망”이라고 말했다. 롯데는 고심하는 것으로 보인다. 회사채 시장을 찾는 기업이 많지 않아 우량 기업의 경우 수요를 확보하기 더욱 좋은...,https://dealsite.co.kr/articles/168080,8,0.5778,0,drop,candidate_hybrid_gray_drop_generic_anchor_only,8,0.5778,회사채;스프레드,금리,,candidate_hybrid,1,0.65,0.35
"블랙록 ""증시, 연준 0.25%p 금리인상 견뎌낼 수 있어""","않는다""며 ""주식이든 회사채든 위험자산은 기업 실적이나 신용시장, 특히 신용의 질 측면에서 무슨 일이 일어나고 있는지가 훨씬 더 중요하다""고 강조했습니다. 그는 ""현재 신용시장은 매우 강하다""며 ""신용 스프레드는...",https://biz.sbs.co.kr/article_hub/20000333022?division=NAVER,8,0.53,0,drop,candidate_hybrid_drop_generic_market_or_ipo_noise,8,0.53,연준;스프레드,,,candidate_hybrid,1,0.65,0.35
"NH투자증권, IMA로 승부수…리테일·운용·IB 연계 '수익 구조화' [빅7 증...","조달금리와 운용 수익률 사이 스프레드가 클수록 마진을 확대할 수 있다. 리테일·운용·IB 연계 비즈니스... 투자자 모집 전 기업대출, 인수금융, 우량 회사채 및 기업어음(CP), 해외 사모펀드 등 자산군에 대해 사전...",https://www.fntimes.com/html/view.php?ud=202609042015554156dd55077bc2_18,10,0.5219,0,drop,candidate_hybrid_gray_drop_generic_anchor_only,10,0.5219,회사채;cp;스프레드,,,candidate_hybrid,1,0.65,0.35
[뉴욕채권-주간] '침묵 기간'에 나오는 CPI…회사채 봇물 가능성도 촉각,'서프라이즈' 나와야 FOMC 베팅 쉬워…예상 부합이면 방향 점치기 어려울 듯 노동절 휴장 직후 회사채 발행... 10년물과 2년물 수익률의 스프레드는 41.60bp로 전주대비 4.30bp 벌어졌다.(베어 스티프닝) 3주 만에...,https://news.einfomax.co.kr/news/articleView.html?idxno=4433627,7,0.6276,0,drop,candidate_hybrid_drop_generic_market_or_ipo_noise,7,0.6276,회사채;스프레드,,,candidate_hybrid,1,0.65,0.35
[자금조달 프리뷰] 하나·대신·DB證 공모채…IPO 5곳 '러시',"하나증권과 대신증권, DB증권 등 증권사 3곳이 다음주 공모 회사채를 발행한다. 우리금융에프앤아이(F... 최종 발행 스프레드는 2년물이 개별민평 대비 -7bp, 3년물이 -8bp로 결정됐다. 대신증권도 이달 10일...",https://www.bloter.net/news/articleView.html?idxno=672796,10,0.6534,0,drop,candidate_hybrid_drop_generic_market_or_ipo_noise,10,0.6534,증권사;스프레드;ipo,,,candidate_hybrid,1,0.65,0.35
[분석] 2조 달러 IPO 누가 먹여 살리나?···앤스로픽 거품 美 채권시장...,기술기업 채권의 스프레드도 확대되면서 늘어나는 공급량을 받아들이기 위해 투자자들이 더 높은 금리를 요구하는 현상이 나타나고 있다. 미국 댈러스 연방준비은행은 올해 AI 관련 투자등급 회사채 발행에 대한 월가...,https://www.womaneconomy.co.kr/news/articleView.html?idxno=258360,12,0.4157,1,keep,candidate_hybrid_keep_overseas_global_reference,12,0.4157,회사채;스프레드;ipo,달러,,candidate_hybrid,1,0.65,0.35
[더벨][삼성바이오로직스 유상증자] 금감원 실무협의 개시…신고서 완성...,앞서 금감원은 지난달 28일 증권사들과 진행한 IPO·유상증자 주관업무 간담회에서 투자위험 등 중요 정보를 충실하게 담은 신고서에는 심사 결과를 최대한 빠르게 전달하겠다고 밝힌 바 있다. 반대로 정정요구 이후에도...,https://www.thebell.co.kr/free/content/ArticleView.asp?key=202609030938100840103062,10,0.7461,1,keep,candidate_hybrid_keep_strong_domain_rule_anchor,10,0.7461,금감원;ipo,,,candidate_hybrid,1,0.65,0.35
"""중소기업 성장 마중물, 그게 미래에셋의 생산적 금융""","파악해 주관 딜을 수임하고, 발행어음이나 IMA 자금으로 투자하는 구조""라고 말했다. 이 외에도 S사 기업대출(500억원, 만기 2년), J사 CB(1000억원, 만기 5년 / 2년 풋), W사 기업대출(300억원, 2년), P사 프리 IPO(1000억원) 등에도...",https://www.kbanker.co.kr/news/articleView.html?idxno=225855,9,0.5321,1,keep,candidate_hybrid_keep_strong_domain_rule_anchor,9,0.5321,ipo;생산적 금융,금융,,candidate_hybrid,1,0.65,0.35
몸값 3배 뛴 뤼튼테크…해외 성장이 가를 1조 밸류 [IPO 엑스레이],7일 투자은행(IB) 업계에 따르면 뤼튼은 최근 국내 주요 증권사에 IPO 주관사 선정을 위한 입찰제안요청서(RFP)를 발송했다. 이달 중 주관사를 선정하고 내년 이후 상장을 목표로 세부 계획을 구체화할 예정이다....,https://www.etoday.co.kr/news/view/2622148,4,0.4936,0,drop,candidate_hybrid_drop_generic_market_or_ipo_noise,4,0.4936,ipo,,,candidate_hybrid,1,0.65,0.35
"뤼튼, AI 기술 없어도 ‘애플리케이션’으로 기업가치 1조",뤼튼은 국내 주요 증권사에 IPO 주관사 선정을 위한 입찰제안요청서(RFP)를 발송했다. IPO를 통해 추가 성장 동력을 확보한다는 구상이다. 뤼튼은 내년 이후 상장을 목표로 이달 중 주관사를 선정하고 구체적인 IPO 일정과...,https://www.fntimes.com/html/view.php?ud=202609042207002720dd55077bc2_18,4,0.4398,0,drop,candidate_hybrid_drop_generic_market_or_ipo_noise,4,0.4398,ipo,,,candidate_hybrid,1,0.65,0.35
신규상장 40곳 중 목표가 3곳…상장 후 기업분석 ‘뚝’,나머지 27곳(67%)은 상장을 주관한 증권사조차 기업분석에 나서지 않았다. 신규 상장사에 대한 기업분석... 발간한 증권사는 유진투자증권이었고 한국투자증권이 뒤를 이었다. IPO 과정에서 기업을 가장 가까이 들여다본...,https://www.etoday.co.kr/news/view/2622249,4,0.5722,0,drop,candidate_hybrid_drop_generic_market_or_ipo_noise,4,0.5722,ipo,,,candidate_hybrid,1,0.65,0.35
일단 때리고 보자? 과징금·기업조사 폭주…기업들만 멍든다,"1조4000억원의 과징금을 의결했는데, 금융위원회(금융위) 반려로 6000억원대로 결정했다. 이들 기관들이... 이재명 대통령은 앞서 △대규모 개인정보 유출 △반복적 산업재해 △불공정 거래 등 법 위반 행위에 대해...",https://www.mt.co.kr/living/2026/09/07/2026090618313936874,15,0.7223,1,keep,candidate_hybrid_keep_strong_domain_rule_anchor,15,0.7223,금융위원회;금융위;과징금,,,candidate_hybrid,1,0.65,0.35
"[보험사 이모저모] 외국계 보험사, 언제든 '헤어질 결심'","M&A 시장에서 외국계 보험사는 매력적인 카드다. IFRS17 도입 이후 국내 토종 중소형사들이 지급여력비율(K-ICS·킥스) 방어에 어려움을 겪는 것과 달리, 글로벌 기준에 맞춰 자본을 관리해 온 외국계는 탄탄한...",https://news.einfomax.co.kr/news/articleView.html?idxno=4433657,8,0.6635,1,keep,candidate_hybrid_keep_strong_domain_rule_anchor,8,0.6635,보험사;킥스,,,candidate_hybrid,1,0.65,0.35
[보험사 진단] [하나손해보험] 힘 싣는 하나금융…하나손보 ‘재도약’...,하나손해보험이 올해 상반기 적자 폭을 키웠다. 계리가정 변경에 따른 일회성 충격이 보험손익을 끌어내린... 올해 상반기 하나손보의 경과조치 적용 전 지급여력(K-ICS·킥스)비율은 152.13%로 금융당국 권고 수준(130%)을...,https://www.topdaily.kr/articles/111810,11,0.5797,1,keep,candidate_hybrid_keep_strong_domain_rule_anchor,11,0.5797,보험사;손해보험;킥스,,,candidate_hybrid,1,0.65,0.35
"DB손보, 美 포테그라 인수 효과… ""내년 年2000억 기대""","DB손해보험이 미국 포테그라 인수를 발판으로 실적 성장과 기업가치 제고에 속도를 낼 전망이다. 올해... 킥스 150~220%, DCR 100~400%를 주주환원 정책 이행 구간으로 설정하고 두 지표가 각각 220%, 400%를 모두 웃돌 경우...",https://www.asiatoday.co.kr/kn/view.php?key=20260907010002206,9,0.5304,1,keep,candidate_hybrid_keep_strong_domain_rule_anchor,9,0.5304,손해보험;킥스,실적,,candidate_hybrid,1,0.65,0.35
"“삼성전자 덕에 조 단위 현금”…삼성생명·화재, 돈 풀까 쌓을까",우선 두 보험사에 현금 유입이 증가하면 당장 이들 보험사의 자본여력이 크게 개선되는 효과를 얻을 전망이다. 현금 유입에 따른 자산 유동성 증가로 자본 운용과 킥스(K-ICS) 관리에 있어 운신의 폭이 넓어질 것으로...,https://www.ekn.kr/web/view.php?key=20260906026101058,8,0.635,1,keep,candidate_hybrid_keep_strong_domain_rule_anchor,8,0.635,킥스;유동성,,,candidate_hybrid,1,0.65,0.35
"DB손보, 외형경쟁 대신 '배당재원 확보' 무게…주주환원 50% 달성 관건은","DB손해보험이 2030년까지 별도 기준 주주환원율을 50%로 끌어올리겠다는 목표를 제시한 가운데, 향후... 지급여력(K-ICS·킥스)비율 180%, DCR 200%를 각각 안전선으로 설정해 자본건전성과 배당가능이익을 동시에 관리한다는...",http://www.economytalk.kr/news/articleView.html?idxno=423943,8,0.6294,1,keep,candidate_hybrid_keep_strong_domain_rule_anchor,8,0.6294,손해보험;킥스,,,candidate_hybrid,1,0.65,0.35
"""최대 1천만원 저금리 대출""...민주당, 저소득층 금융지원 입법 본격화",기초 보험은 서금원 등이 보험료 일부를 지원하는 공공 실손 보험을 통해 저소득층의 의료비 부담을 줄이는 방향으로 검토되고 있다. 토론회에서는 기초 금융 도입을 위한 재원 확보 방안도 다뤄질 것으로 보인다. 김은경...,https://www.insight.co.kr/news/572129,2,0.3299,0,drop,candidate_hybrid_model_drop_prob_le_threshold,2,0.3299,,대출;보험료;실손;금융,,candidate_hybrid,1,0.65,0.35
"국민 30%에 1000만원씩 저리 대출… 민주당, 기본금융권 입법 본격화",기초 보험은 서금원 등이 보험료 일부를 부담하는 공공 실손 보험을 통해 저소득층의 의료비 부담을 낮추는 방향이 검토 중이다. 토론회에는 기초 금융 도입을 위한 재원 마련 방안도 논의될 전망이다. 앞서 김은경...,https://biz.chosun.com/stock/finance/2026/09/07/6O66NC5XMNAYBH2M5BFB2TKK44/?utm_source=naver&utm_medium=original&utm_campaign=biz,2,0.4182,0,drop,candidate_hybrid_gray_drop_score_lt_threshold,2,0.4182,,대출;보험료;실손;금융,,candidate_hybrid,1,0.65,0.35
5세대 실손 초기실적 부진… 이대로 가면 '유명무실' 우려,치료비 부담이 큰 중증질환 보장을 강화하고 보험료 부담을 낮춘 5세대 실손의료보험(이하 실손)이 출시됐지만 시장 반응은 기대에 미치지 못하고 있다. 금융당국이 실손보험을 '보편적 의료비와 중증질환 중심'으로...,https://www.insnews.co.kr/news/articleView.html?idxno=92544,2,0.2205,0,drop,candidate_hybrid_model_drop_prob_le_threshold,2,0.2205,,보험료;실손,,candidate_hybrid,1,0.65,0.35
"[1-LIFE] 1인 가구, 월급만 믿고 살기엔 불안하다...직장인의 필수 경제...","매달 월급이 들어온다고 해도 주거비와 생활비, 통신비, 보험료 등 고정지출이 만만치 않다. '직장인의 월급은... 실손의료보험 등 의료비 위험, 필요한 경우 질병·상해 관련 보장 등을 중심으로 자신에게 필요한 보험을...",http://www.sisacast.kr/news/articleView.html?idxno=99661,1,0.3498,0,drop,candidate_hybrid_model_drop_prob_le_threshold,1,0.3498,,보험료,,candidate_hybrid,1,0.65,0.35
월 보험료만 80만원인데 실손이 없다? 40대 맞벌이 이상한 선택 [재테크...,"매월 80만원씩 빠져나가는 보험료 안엔 그 흔한 실손보험이 없었고, 이자가 제대로 붙지 않는 적립금 보험이 그 자리를 차지하고 있었다. 실수였다. 더스쿠프와 한국경제교육원㈜이 '적립금의 덫'에 빠진 부부의 보험...",https://www.thescoop.co.kr/news/articleView.html?idxno=311497,1,0.2896,0,drop,candidate_hybrid_model_drop_prob_le_threshold,1,0.2896,,보험료,,candidate_hybrid,1,0.65,0.35
균형발전의 대가?…금융기관 지방이전이 받아들 ‘청구서’,금감원은 올해 은행·증권·보험·카드·저축은행 등을 대상으로 총 707회의 검사를 진행할 예정이다. 여기에 투입되는 검사인력은 연인원 2만8229명이다. 정기검사는 길게는 한 달 이상 진행되고 은행 검사에는 한 번에...,https://economist.co.kr/article/view/ecn202608260014,7,0.8088,1,keep,candidate_hybrid_model_keep_prob_ge_threshold_with_domain_anchor,7,0.8088,은행;저축은행,,,candidate_hybrid,1,0.65,0.35
"""배우자가 대신 계좌 개설""…미확인 농협銀, 과태료 2600만원","2018년 금감원 제재에서는 농협은행 해외 점포의 자금세탁방지 시스템과 내부감사 관리·감독이 미흡했고, 앞선 검사에서 지적된 사항에 대해서도 본점 차원의 개선 조치가 충분하지 않았다는 내용이 지적됐다....",https://www.newstopkorea.com/news/articleView.html?idxno=47491,6,0.5319,1,keep,candidate_hybrid_gray_keep_domain_score_ge_threshold,6,0.5319,금감원,,,candidate_hybrid,1,0.65,0.35
“서울 남을 곳 최소화”…산은·금감원도 이전하나,금융정책을 담당하는 금융위와 검사·감독을 수행하는 금감원이 업무상 밀접하게 연결돼 있어서다. 금감원은 공공기관으로 지정돼 있지 않지만 지방이전 후보로 꾸준히 거론되고 있다. 산은·기은·수은 등 3대 국책은행...,https://economist.co.kr/article/view/ecn202608260060,17,0.779,1,keep,candidate_hybrid_keep_strong_domain_rule_anchor,17,0.779,금융위;검사;산은;기은,,,candidate_hybrid,1,0.65,0.35
"[미리보는 이데일리 신문]트럼프, 韓급소 공략 파병·반도체 딜레마","뭉칫돈 -‘금감원에 불법사금융 수사권 부여’ 국회 첫 발의 -갑작스런 대출 중단·한도 축소 못한다... 수혜…보험·은행 ETF 5% 쑥 △스포츠 -아겜, 국민 화합의 장으로 비인기 알리는 ‘홍보맨’ 될 것 -최혜림 “데뷔...",https://www.edaily.co.kr/News/Read?newsId=02004086645577496&mediaCodeNo=257&utm_source=naver&utm_medium=referral&utm_campaign=news_syndication&utm_content=original_article,12,0.5787,1,keep,candidate_hybrid_keep_strong_domain_rule_anchor,12,0.5787,은행;불법사금융,대출,,candidate_hybrid,1,0.65,0.35
정부 지방이전 계획에 들끓는 금융권…총파업에 탄원서까지,"산업은행과 기업은행, 수출입은행 등이 속한 전국금융산업노동조합이 총파업에 나선 데 이어 금융감독원... 금감원 업무는 검사·감독 과정에서 회계와 법률 등 전문성이 필요한 만큼 변호사와 회계사 등 전문인력 이탈이...",https://www.financialpost.co.kr/news/articleView.html?idxno=273945,25,0.7414,1,keep,candidate_hybrid_keep_strong_domain_rule_anchor,25,0.7414,금융감독원;금감원;검사;산업은행;기업은행,,,candidate_hybrid,1,0.65,0.35
"금감원, 금융권 소비자 위험 선제 대응… 감독·검사 연계 강화",감독·검사와 연계해 대응을 강화한다. 금감원은 지난 4일 서울 여의도 본원에서 이찬진 원장 주재로 '제4차... ■ 대출 중단·한도 축소… 소비자 사전 안내 추진 금융상품 취급과 관련해서는 은행이 충분한 사전 안내 없이...,https://www.insnews.co.kr/news/articleView.html?idxno=92643,10,0.7574,1,keep,candidate_hybrid_keep_strong_domain_rule_anchor,10,0.7574,금감원;검사,대출,,candidate_hybrid,1,0.65,0.35
금융당국 홍콩ELS 6000억 제재 임박…벌벌떠는 은행권,하지만 금융감독원 검사 과정에서 일부 은행이 ELS 판매 실적을 직원 성과평가에 반영하거나 고객의 투자... 금감원은 2024년 3월 은행의 설명의무 위반 여부와 투자자의 연령·투자 경험 등을 따져 배상 비율을 정하는...,https://www.kmib.co.kr/article/view.asp?arcid=9000009385&cp=nv,16,0.6036,1,keep,candidate_hybrid_keep_strong_domain_rule_anchor,16,0.6036,금융감독원;은행권;검사;제재,,,candidate_hybrid,1,0.65,0.35
[기업기상도] 비 그치고 볕든 기업 vs 태풍 소식에 흔들린 기업,"부자고객 대상 영업, 특히 스페이스X 문제로 금융감독원이 고강도 검사 나섭니다. 금감원의 중점 점검 예상... 거시경제 안정과 금융 안정 양쪽 챙겨야 할 정부와 한국은행의 어깨가 무거워지고 있습니다. 지금까지 주간...",http://www.yonhapnewstv.co.kr/news/MYH202609051553160Xj,15,0.6821,1,keep,candidate_hybrid_keep_strong_domain_rule_anchor,15,0.6821,금융감독원;한국은행;검사,금융,,candidate_hybrid,1,0.65,0.35
내 돈·내 정보 사고 났는데…수천억 과징금은 누구 위한 '엄벌'인가,"이후 금융위가 법리와 사실관계에 대한 보완을 요구하면서 금감원이 재심의했고, 그 결과 과징금은... 예측하기 어려운 제재는 금융회사의 의사결정을 보수적으로 만들 수 있다는 지적도 나온다. 금융투자업계...",https://www.mt.co.kr/finance/2026/09/07/2026090618354514237,6,0.6022,1,keep,candidate_hybrid_gray_keep_domain_score_ge_threshold,6,0.6022,금융위,,,candidate_hybrid,1,0.65,0.35
"국내 자산운용사, ETF·채권펀드까지 블록체인으로","7일 금융권에 따르면, 내년 초 토큰증권(STO) 제도 시행을 앞두고, 신한자산운용과 미래에셋자산운용, 한화자산운용, 한투 신탁운용 등은 글로벌 블록체인 기업과 잇따라 손잡고 금융상품의 ‘온체인(on-chain)화’를...",http://www.datanews.co.kr/news/article.html?no=146319,10,0.8229,1,keep,candidate_hybrid_keep_strong_domain_rule_anchor,10,0.8229,토큰증권;sto,,,candidate_hybrid,1,0.65,0.35
[박정식의 국내 주식시황] 인공지능 투자 확대 기대감으로 반도체 부각...,"▷금융위원회, 주식·채권·펀드 등 전통 금융상품 토큰화 허용 소식 등에 STO(토큰증권 발행) 테마 상승. ▷비트코인 8만 달러 돌파 속 美 가상자산 관련주 급등 영향 등에 가상화폐(비트코인 등)/ 두나무 테마 상승....",https://www.newsquest.co.kr/news/articleView.html?idxno=300343,35,0.6313,1,keep,candidate_hybrid_keep_strong_domain_rule_anchor,35,0.6313,금융위원회;금융위;가상자산;토큰증권;sto;두나무,주식;채권;달러,,candidate_hybrid,1,0.65,0.35
"WM·S&T 호조에 올 상반기 '방긋'...교보증권, STO·벤처투자로 외연 확대",교보증권은 기존 사업의 경쟁력을 높이는 동시에 토큰증권(STO)과 벤처투자(VC) 등 신사업을 확대해 종합금융투자사업자(종투사) 진입을 위한 성장 기반을 마련한다는 계획이다. 7일 금융투자업계에 따르면 교보증권의...,https://www.youthdaily.co.kr/news/article.html?no=226460,10,0.6451,1,keep,candidate_hybrid_keep_strong_domain_rule_anchor,10,0.6451,토큰증권;sto,,,candidate_hybrid,1,0.65,0.35
美 가상자산 구조법 15일 표결… 60표 확보 총력전,나아가 양당 합의로 법안이 최종 발효되면 한국 증권사들의 토큰증권(STO) 사업과 수탁 시장도 열릴 수 있다. 다만 민주당 지도부의 반대로 60표 확보에 실패하면 이 규제 명확화 시나리오는 성립하지 않을 수 있다. 프렌치...,https://www.g-enews.com/view.php?ud=202609070432013106e7e8286d56_1,14,0.8042,1,keep,candidate_hybrid_keep_strong_domain_rule_anchor,14,0.8042,가상자산;토큰증권;sto,,,candidate_hybrid,1,0.65,0.35
‘머니무브 2026 새로운 부의 공식ʼ 주제로 주식·부동산·가상자산 ‘...,"스테이블코인과 토큰화 예금, 토큰증권(STO), 조각투자 등 전통 금융과 디지털자산의 경계가 빠르게 허물어지고 있기 때문이다 2026년 하반기 이후 투자자는 하나의 시장만 봐서는 곤란한 상황이 펼쳐지고 있다. 주식에서...",https://www.fntimes.com/html/view.php?ud=202609042008015085dd55077bc2_18,24,0.8112,1,keep,candidate_hybrid_keep_strong_domain_rule_anchor,24,0.8112,가상자산;토큰증권;sto;디지털자산;스테이블코인,주식,,candidate_hybrid,1,0.65,0.35
토큰증권 로드맵 나왔지만… 업계는 '눈치게임',내년 2월부터 주식·채권·펀드의 토큰증권(STO) 발행이 허용됐지만 금융투자업계에서는 내년 하반기를 본격적인 사업의 시작시점으로 예상했다. 일단 제도의 시행을 지켜보겠다는 것으로 선점경쟁 보다는 서두르지...,https://www.fnnews.com/news/202609061828472285,13,0.7198,1,keep,candidate_hybrid_keep_strong_domain_rule_anchor,13,0.7198,토큰증권;sto,주식;채권,,candidate_hybrid,1,0.65,0.35
토큰증권 내년 개막…대형사 ‘독자 생태계’·중소형사 ‘공동 플랫폼...,참여해 토큰증권의 발행 총량을 관리한다. 전문가들은 메인넷 보유 여부보다 이를 기반으로 다양한 서비스를 연결하는 능력이 경쟁력을 좌우할 것으로 봤다. 황석진 동국대 국제정보보호대학원 교수는 “대형사는 STO와...,https://www.edaily.co.kr/News/Read?newsId=01758086645577496&mediaCodeNo=257&utm_source=naver&utm_medium=referral&utm_campaign=news_syndication&utm_content=original_article,10,0.6935,1,keep,candidate_hybrid_keep_strong_domain_rule_anchor,10,0.6935,토큰증권;sto,,,candidate_hybrid,1,0.65,0.35
‘깜깜이 정책’ 없어야 삼전닉스·BTS토큰 나온다[최훈길의뒷담화],그동안 시장에서는 내년 2월 토큰증권발행(STO) 법안이 시행되더라도 정작 팔 수 있는 상품이 부족해 ‘개점휴업’ 상태가 될 수 있다는 우려가 컸다. 그런데 당국은 주식·채권·펀드 같은 정형증권 토큰화에 이어 상장...,https://www.edaily.co.kr/News/Read?newsId=01617046645577496&mediaCodeNo=257&utm_source=naver&utm_medium=referral&utm_campaign=news_syndication&utm_content=original_article,13,0.701,1,keep,candidate_hybrid_keep_strong_domain_rule_anchor,13,0.701,토큰증권;sto,주식;채권,,candidate_hybrid,1,0.65,0.35
"비트코인, 중동 긴장에도 8만달러 유지… 솔라나 3%·이더리움 1.3%↑","7일 글로벌 가상 자산 시황 사이트 코인마켓캡에 따르면, 이날 오전 8시 35분 기준 비트코인은 8만191.... 시카고상품거래소(CME) 페드워치에 따르면 연방기금금리 선물시장 참가자들은 이달 기준금리가 0.25...",https://biz.chosun.com/stock/finance/2026/09/07/3CSQRUGQQ5ESVFJENOITIHTGEM/?utm_source=naver&utm_medium=original&utm_campaign=biz,3,0.6224,0,drop,candidate_hybrid_gray_drop_score_lt_threshold,3,0.6224,기준금리,,,candidate_hybrid,1,0.65,0.35
"비트코인, 1억900만원선 강보합…美 '클래리티 법안' 표결 주시","비트코인은 이날 오전 8시10분 기준 가상자산 거래소 빗썸에서 24시간 전보다 0.52% 오른 1억914만원에 거래됐다. 달러 기준으로도 8만달러선을 재탈환했다. 주요 알트코인은 혼조세를 보였다. 이더리움은 1.04%, 리플은 0.47...",https://www.newsis.com/view/NISX20260907_0003778466,5,0.5546,0,drop,candidate_hybrid_gray_drop_score_lt_threshold,5,0.5546,가상자산,달러,,candidate_hybrid,1,0.65,0.35
[오늘의 비트코인] 美 CPI에 예의주시…8만달러 턱걸이,"미 가상자산 거래소 코인베이스에 따르면 7일 오전 8시30분 비트코인 1개당 가격은 24시간 전보다 0.41% 상승한 8만158달러에 거래 중이다. 같은 시간 시가총액 2위 이더리움은 1.24% 상승한 2513달러, 리플(XRP)은 0.59...",https://news.dealsitetv.com/articles/175657,4,0.7286,1,keep,candidate_hybrid_model_keep_prob_ge_threshold_with_domain_anchor,4,0.7286,가상자산,,,candidate_hybrid,1,0.65,0.35
"[아주경제 코이너스 브리핑] 비트코인, 중동 긴장에도 8만달러 버텼다…...","미국의 기준금리 인상 가능성이 다시 고개를 들었지만, 가상자산 시장의 투자심리는 빠르게 회복되는... 시카고상품거래소(CME) 페드워치에 따르면 연방기금금리 선물시장에 반영된 9월 기준금리 0.25%p 인상...",https://www.ajunews.com/view/20260907082014719,7,0.7098,1,keep,candidate_hybrid_model_keep_prob_ge_threshold_with_domain_anchor,7,0.7098,기준금리;가상자산,,,candidate_hybrid,1,0.65,0.35
[박정식의 국내 주식시황] 고용 서프라이즈에 금리 부담 커졌지만…반도...,"시카고상품거래소(CME) 페드워치에 따르면 장 마감 무렵 연방기금금리 선물시장은 Fed가 오는 9월 15~16일 FOMC... ▷ 비트코인이 8만달러를 돌파하고 미국 가상자산 관련주가 급등한 영향으로 가상화폐, 두나무 테마가...",https://www.newsquest.co.kr/news/articleView.html?idxno=300343,15,0.5459,1,keep,candidate_hybrid_keep_strong_domain_rule_anchor,15,0.5459,fed;가상자산;두나무,금리,,candidate_hybrid,1,0.65,0.35
美 CPI 앞두고…비트코인 8만달러 안팎 박스권[코인 모닝콜],"코인마켓캡의 ‘CMC 가상자산 공포 및 탐욕 지수’는 7일 75(탐욕)을 기록했다. 이는 전날(36), 지난 주(75)와... 시카고상품거래소(CME)의 페드워치는 9월 FOMC의 0.25%포인트 인상 확률을 약 60%로 반영하고 있다. 앞서 케빈...",https://www.edaily.co.kr/News/Read?newsId=02030326645577824&mediaCodeNo=257&utm_source=naver&utm_medium=referral&utm_campaign=news_syndication&utm_content=original_article,4,0.6857,1,keep,candidate_hybrid_model_keep_prob_ge_threshold_with_domain_anchor,4,0.6857,가상자산,,,candidate_hybrid,1,0.65,0.35
[더벨][한투금융그룹 초격차 시대] '대도무문' 개척자 정신으로 무장…...,"OKX의 경우 글로벌 3위 가상자산 거래소이며 코인원의 경우 국내 거래소 중 유일하게 해킹 이력이 없다는 점에도 주목했다. 비슷한 시기 미래에셋금융그룹은 코빗(현 디지털엑스)의 지분(97.15%)을 취득, 기능을...",https://www.thebell.co.kr/free/content/ArticleView.asp?key=202608281508251760108466,8,0.723,1,keep,candidate_hybrid_keep_strong_domain_rule_anchor,8,0.723,가상자산;코빗,,,candidate_hybrid,1,0.65,0.35
리플(XRP) 거래 계좌 줄었는데... 거래 강도 급증 ETF에는 11거래일 연속...,탈중앙화 거래소 주문장 거래량은 하루 평균 357만 XRP를 기록했다. 이는 전년 동기 대비 79% 증가한... [※ 본 기사는 암호화폐 시장에 대한 정보 제공을 목적으로 작성됐으며 특정 가상자산의 매수·매도를 권유하거나...,https://www.cbci.co.kr/news/articleView.html?idxno=604380,8,0.6868,1,keep,candidate_hybrid_keep_strong_domain_rule_anchor,8,0.6868,가상자산;암호화폐,,,candidate_hybrid,1,0.65,0.35
사토시 시절 비트코인이 움직였다… 1억 달러 집단 이체에 시장 대폭락...,"극초기에 저렴한 가격으로 비트코인을 확보했던 초기 투자자들이 대량의 물량을 거래소로 보내 덤핑(매도)할 경우, 가상자산 시장 전반에 수습 불가능한 가격 폭락 사태가 벌어질 수 있기 때문이다. 시장 전문가들은...",https://www.pinpointnews.co.kr/news/articleView.html?idxno=484337,5,0.6163,0,drop,candidate_hybrid_gray_drop_score_lt_threshold,5,0.6163,가상자산,달러,,candidate_hybrid,1,0.65,0.35
리플XRP·레이디움·플록 거래 집중…알트코인 변동성 확대,"7일 오전 국내 가상자산 거래대금은 1조8,239억원으로 전일보다 22.8% 늘었다. 리플XRP는 업비트와 빗썸... 거래소별로는 업비트가 1조1,628억원으로 전체의 63.8%를 차지했고 빗썸은 5,167억원으로 28.3%였다....",https://www.topstarnews.net/news/articleView.html?idxno=16185015,9,0.7324,1,keep,candidate_hybrid_keep_strong_domain_rule_anchor,9,0.7324,가상자산;빗썸,,,candidate_hybrid,1,0.65,0.35
[Invest]쿠팡이 보여준 '미국 상장'의 진짜 힘,다른 점은 쿠팡Inc.가 미국 뉴욕증권거래소(NYSE)에 상장돼 있다는 것이다. 쿠팡에는 세종과 여의도말고도... 가상자산이나 핀테크처럼 정책 변화 하나가 사업모델과 기업가치를 크게 흔드는 업종이라면 더욱 그렇다.정부가...,https://www.investchosun.com/site/data/html_dir/2026/09/05/2026090580029.html,4,0.6156,0,drop,candidate_hybrid_gray_drop_score_lt_threshold,4,0.6156,가상자산,,,candidate_hybrid,1,0.65,0.35
웹3 핵심 인프라라는데… 문닫는 국내 가상자산 개인지갑,"국내에선 가상자산 이용이 거래소를 통한 매매와 보관에 집중돼 있어 별도의 개인 지갑으로 자산을 옮길 유인이 크지 않은 데다, 개인 지갑을 연결해 온체인 서비스를 이용하는 층도 제한적이라는 점이 원인으로...",https://it.chosun.com/news/articleView.html?idxno=2023092169484,4,0.7928,1,keep,candidate_hybrid_model_keep_prob_ge_threshold_with_domain_anchor,4,0.7928,가상자산,,,candidate_hybrid,1,0.65,0.35
수수료 없애자 거래 급증…코빗 거래대금 96.7%가 스테이블코인,"가상자산 거래소들이 고객 유치를 위해 수수료 무료 경쟁에 나섰지만, 늘어난 거래가 스테이블코인에 집중되면서 효과에 의문이 제기되고 있다. 수수료 부담이 사라진 틈을 타 차익거래 자금이 몰렸을 가능성이 커...",https://www.kbmaeil.com/article/20260907500007,14,0.848,1,keep,candidate_hybrid_keep_strong_domain_rule_anchor,14,0.848,가상자산;코빗;스테이블코인,수수료,,candidate_hybrid,1,0.65,0.35
수수료 0원에 코빗 스테이블코인 71.2%,"국내 가상자산 거래소의 수수료 무료 경쟁이 거래대금은 키웠지만 고객 기반 확대 효과는 제한적이라는 분석이 나왔다. 코빗과 코인원의 거래대금은 무료화 직후 각각 188.6%, 85.8% 늘었으나 증가분 상당 부분이...",https://www.tokenpost.kr/news/cryptocurrency/403494,14,0.8419,1,keep,candidate_hybrid_keep_strong_domain_rule_anchor,14,0.8419,가상자산;코빗;스테이블코인,수수료,,candidate_hybrid,1,0.65,0.35
공짜 수수료로 반짝 흥행…알고보니 속 빈 '스테이블코인 잔치',가상자산 거래소 이벤트에 스테이블코인 비중만↑…코빗 97% 달하기도 '알고리즘 봇' 차익거래 가능성…이벤트 끝나면 점유율 제자리 박수현 유동현 기자 = 최근 가상자산 거래소들이 잇따라 거래 수수료를...,https://www.yna.co.kr/view/AKR20260905041000002?input=1195m,13,0.8991,1,keep,candidate_hybrid_keep_strong_domain_rule_anchor,13,0.8991,가상자산;코빗;스테이블코인,,,candidate_hybrid,1,0.65,0.35
리플 RLUSD 24억 달러 돌파… 온체인 공급 사상 최대,"한국 원화 거래소에서 XRP는 막대한 거래 대금을 차지하는 핵심 가상자산이다. RLUSD가 제도권 결제 수단으로 안착하고 글로벌 거래소의 유통 물량이 감소하면, 한국 시장의 매수세와 맞물려 원화 가격 변동성이 커질...",https://www.g-enews.com/view.php?ud=202609070417312126e7e8286d56_1,6,0.7174,1,keep,candidate_hybrid_model_keep_prob_ge_threshold_with_domain_anchor,6,0.7174,가상자산,달러;원화,,candidate_hybrid,1,0.65,0.35
금리 부담 완화에 미국 비트코인 ETF에 자금 몰려,특히 전체 유입액 가운데 상당 부분이 기관투자자들이 대규모 자금을 투자할 때 주로 활용하는 블랙록(BlackRock) 자산운용사가 출시한 현물 상장지수펀드(IBIT)에 몰렸기 때문이다. 호주 가상화폐 거래소인 비티씨마켓...,https://www.khgames.co.kr/news/articleView.html?idxno=308090,1,0.55,0,drop,candidate_hybrid_drop_corporate_macro_noise,1,0.55,,금리,,candidate_hybrid,1,0.65,0.35
"리플, 미국 대학 스포츠에 '엑스알피' 노출 확대","교육 내용에는 전통 금융과 디지털 자산 관련 내용이 담겨 있는 것으로 파악됐다. 리플이 대학 스포츠를... '엑스알피'는 9월 7일 오전 현재 빗썸 가상화폐 거래소에서 전일 시세와 동일한 1,924원에 거래되고 있다.",https://www.khgames.co.kr/news/articleView.html?idxno=308089,5,0.5336,0,drop,candidate_hybrid_gray_drop_score_lt_threshold,5,0.5336,빗썸,,,candidate_hybrid,1,0.65,0.35
3387억달러 중동·북아프리카 암호화폐 수령,"국내 시장과의 연결점은 거래소 유동성, 스테이블코인 결제 수요, 국가별 규제 변화다. 본지는 앞서 MENA 이용자를 겨냥한 가상자산 결제·충전 기능의 지역 적용 범위가 별도로 확인돼야 한다고 전한 바 있다....",https://www.tokenpost.kr/news/cryptocurrency/403448,16,0.7325,1,keep,candidate_hybrid_keep_strong_domain_rule_anchor,16,0.7325,유동성;가상자산;암호화폐;스테이블코인,,,candidate_hybrid,1,0.65,0.35
엔화 강세 속 상승한 비트코인 '변수는',"과거에는 엔화 강세가 위험자산 매도를 부추기며 비트코인에 부담을 줬지만, 최근에는 달러 약세를... 비트코인은 9월 7일 오전 현재 코빗 가상화폐 거래소에서 전일대비 0.66% 하락한 1억 861만 원에 거래되고 있다.",https://www.khgames.co.kr/news/articleView.html?idxno=308088,5,0.4859,0,drop,candidate_hybrid_gray_drop_score_lt_threshold,5,0.4859,코빗,달러,,candidate_hybrid,1,0.65,0.35
업계가 본 세 가지 9월 비트코인 시나리오는,"비트파이넥스(Bitfinex) 가상화폐 거래소 분석진은 9월 주간 보고서에서 비트코인 단기 추세가 7만 6,350달러... SOPR은 비트코인 투자자들이 자산을 실제로 이동하거나 매도할 때 이익인지, 손실인지를 보여주는...",https://www.khgames.co.kr/news/articleView.html?idxno=308087,0,0.4439,0,drop,candidate_hybrid_drop_generic_market_or_ipo_noise,0,0.4439,,,,candidate_hybrid,1,0.65,0.35
"리플 스웰 2026에 라구람 라잔 전 인도 중앙은행 총재 합류, 연준 태스크...","가상자산 거래소 불리시(Bullish)의 회장 겸 CEO 톰 팔리(Tom Farley), 전자거래업체 트레이드웹(Tradeweb) CEO 빌리 헐트(Billy Hult)도 참여한다.그 외에 로빈후드(Robinhood)의 가상자산 부문 수석부사장 겸 총괄매니저...",https://www.wikitree.co.kr/articles/1157651,9,0.8093,1,keep,candidate_hybrid_keep_strong_domain_rule_anchor,9,0.8093,연준;가상자산,,,candidate_hybrid,1,0.65,0.35
USDC 주간 시총 5억8400만달러 증가…공급 24%뿐인데 거래량은 60~70% 장악...,"총 공급량에서는 USDT에 크게 못 미치지만, 실제 결제·디파이(DeFi, 탈중앙화 금융) 정산·거래소... 최근 10년 가까운 기간 중 최고 수준이다.이 급등으로 전체 가상자산 시장의 청산 규모는 약 2억1,200만달러...",https://www.wikitree.co.kr/articles/1157648,5,0.5925,0,drop,candidate_hybrid_gray_drop_score_lt_threshold,5,0.5925,가상자산,금융,,candidate_hybrid,1,0.65,0.35
[김대호 진단] 반도체 열전 (51) 아마존... AWS 클라우드 혁명의 비밀,"최대 통신사 NTT도코모의 온라인 인증망과 주요 가상자산 거래소까지 도미노처럼 쓰러졌다. 지진도, 쓰나미도, 적국의 사이버 테러도 아니었다. 일본이라는 거대한 경제 대국의 국정을 백주대낮에 마비시킨 진원지는...",https://www.g-enews.com/view.php?ud=202609040949484704906806b77b_1,4,0.5583,0,drop,candidate_hybrid_gray_drop_score_lt_threshold,4,0.5583,가상자산,,,candidate_hybrid,1,0.65,0.35
한국 USDT 프리미엄 1.67%…법인·외국인 진입 시 수요 충격 원·달러로,"실제 2025년 현물 거래대금 기준 바이낸스는 세계 중앙화 가상자산거래소(CEX) 거래대금의 약 39%를 차지했다. 주요 CEX에 예치된 테더(USDT)·USD코인(USDC) 가운데 518억3000만달러, 69.11%가 바이낸스에 집중됐다. OKX는...",https://www.newswhoplus.com/news/articleView.html?idxno=68938,9,0.5817,1,keep,candidate_hybrid_keep_strong_domain_rule_anchor,9,0.5817,가상자산;가상자산거래소,,,candidate_hybrid,1,0.65,0.35
2920만달러 늘어난 세큐리타이즈 토큰화 주식,"미국 거래소, 이전대리인 인프라, 해외 가상자산 규제기관이 동시에 연결되면서 토큰화 증권은 단순한 거래 상품을 넘어 발행과 이전, 결제 인프라 논의로 확장되고 있다. 토큰화 주식은 24시간 거래와...",https://www.tokenpost.kr/news/market/403395,5,0.5621,0,drop,candidate_hybrid_gray_drop_score_lt_threshold,5,0.5621,가상자산,주식,,candidate_hybrid,1,0.65,0.35
"맨틀, 팍소스 USDG 네이티브 통합…MNT 24시간 4.70% 급등하며 GDN 정식 합...",거래소에서 코인이 빠져나가는 흐름이 유입보다 꾸준히 앞서고 있어 장기 보유 목적의 매집이 진행... 같은 24시간 동안 전체 가상자산 시장 시가총액은 약 0.62% 오르고 알트코인 시장 시가총액은 약 0.35...,https://www.wikitree.co.kr/articles/1157633,4,0.5794,0,drop,candidate_hybrid_gray_drop_score_lt_threshold,4,0.5794,가상자산,,,candidate_hybrid,1,0.65,0.35
"테더가 15개월 전 투자한 칠레 오리온엑스, 700만달러 커스터디 공백에...",테더(Tether)가 투자한 칠레 암호화폐 거래소 오리온엑스(Orionx)가 폐업 절차에 들어갔다. 포렌식 감사에서... 규제 공백과 남은 이용자들칠레 금융시장위원회(CMF)는 오리온엑스가 가상자산 금융서비스를 제공할 인가를...,https://www.wikitree.co.kr/articles/1157627,8,0.5367,1,keep,candidate_hybrid_keep_strong_domain_rule_anchor,8,0.5367,가상자산;암호화폐,,,candidate_hybrid,1,0.65,0.35
"1410억달러 국채 노출, 테더 톱5 목표 언급","국내외 거래소에서 테더는 달러 표시 거래의 주요 기준 통화로 쓰이고, 달러 스테이블코인의 준비자산 구조는 가상자산 유동성과 미국 단기국채 시장을 연결한다. 중앙은행권은 같은 연결을 금융안정 리스크로도...",https://www.tokenpost.kr/news/cryptocurrency/403336,13,0.7935,1,keep,candidate_hybrid_keep_strong_domain_rule_anchor,13,0.7935,국채;가상자산;스테이블코인,달러,,candidate_hybrid,1,0.65,0.35
주식·채권도 ‘토큰’으로 산다는데…대체 뭐가 달라질까 [알기쉬운경...,"따라서 ‘토큰증권 시대가 열린다’는 것은 당장 주식과 채권을 가상자산 거래소에서 비트코인처럼 사고팔 수 있게 된다는 의미와는 거리가 있습니다. 주식은 주식대로, 채권은 채권대로 두면서 이를 발행하고 기록하고...",https://www.kukinews.com/article/view/kuk202609060037,10,0.6554,1,keep,candidate_hybrid_keep_strong_domain_rule_anchor,10,0.6554,가상자산;토큰증권,주식,,candidate_hybrid,1,0.65,0.35
"빗썸, 차세대 '금융인재' 먼저 만났다…금감원·이화여대 주관 '청년 채...","행사에는 가상자산거래소를 비롯해 은행, 증권사 등 총 17개 주요 금융기관이 참여했으며 이들은 청년 구직자들에게 폭넓은 채용 정보를 제공했다고 한다. 빗썸 역시 전용 상담 부스를 운영하며 기업 비전과 직무 소개...",http://www.bizwnews.com/news/articleView.html?idxno=145282,26,0.8433,1,keep,candidate_hybrid_keep_strong_domain_rule_anchor,26,0.8433,금감원;은행;증권사;가상자산;가상자산거래소;빗썸,,,candidate_hybrid,1,0.65,0.35
"빗썸, 디지털 자산 생태계 확대…2028년 IPO 추진","가상자산 거래소 빗썸이 가입자 기반과 고객 서비스, 내부통제 체계를 강화하며 디지털 자산 생태계 확대에 나서고 있다. 2014년 서비스를 시작한 빗썸의 누적 가입자 수는 1000만명을 넘어섰다. 이를 기반으로...",https://www.hankyung.com/article/2026090663841,13,0.7519,1,keep,candidate_hybrid_keep_strong_domain_rule_anchor,13,0.7519,ipo;가상자산;빗썸,,,candidate_hybrid,1,0.65,0.35
"90억달러 이란 자금, 미 은행 달러망 통과",디지털자산 거래소 4곳을 제재했다. 앞서 미 재무부는 7월 10일 이란 환전소들이 제재 대상 이란 은행을 대신해 연간 수십억 달러를 움직였다고 밝혔다. 이는 본지가 전한 미국이 이란 제재망을 원유·환전·가상자산...,https://www.tokenpost.kr/news/policy/403295,14,0.7693,1,keep,candidate_hybrid_keep_strong_domain_rule_anchor,14,0.7693,은행;제재;가상자산;디지털자산,,,candidate_hybrid,1,0.65,0.35
24시간 코인시장도 ‘주 5일제’?… 사라지는 주말 특수,"시장 침체로 개인 투자자의 거래가 위축된 가운데 국내 증시 강세와 해외 거래소로의 수요 분산, 글로벌 가상자산 시장의 기관화 등이 복합적으로 영향을 미친 것으로 풀이된다. 6일 코인게코 데이터를 토대로 업비트...",https://www.dt.co.kr/article/12082326?ref=naver,9,0.6244,1,keep,candidate_hybrid_keep_strong_domain_rule_anchor,9,0.6244,가상자산;업비트,,,candidate_hybrid,1,0.65,0.35
"AI 전환, 업무풍경ㆍ투자환경 달라지는 가상자산업계","4일 가상자산업계에 따르면 빗썸, 두나무, 코인원 등 주요 거래소들이 최근 AI를 활용한 조직 개편과 업무 프로세스 혁신에 나선 것으로 나타났다. 최근 빗썸은 전사 실장, 팀장급 리더를 대상으로 ‘AX 부트캠프’를...",https://www.dnews.co.kr/uhtml/view.jsp?idxno=202609041543424580727,14,0.7932,1,keep,candidate_hybrid_keep_strong_domain_rule_anchor,14,0.7932,가상자산;빗썸;두나무,,,candidate_hybrid,1,0.65,0.35
"비트코인 1억900만 원대 상승, 8만 달러 안착은 미국 물가지표에 달려",최근 가상자산 시장에서 비트코인이 8만 달러(약 1억796만 원)선에 안착할 가능성을 두고 엇갈린 관측이 나오고 있다. 해외 주요 거래소에서 비트코인 가격은 지난 4일(현지시각) 발표된 미국 8월 비농업 고용이...,https://www.businesspost.co.kr/BP?command=article_view&num=446503,5,0.5983,0,drop,candidate_hybrid_gray_drop_score_lt_threshold,5,0.5983,가상자산,달러,,candidate_hybrid,1,0.65,0.35
"0.12% 헤알 약세, 스테이블코인 환율 경로 확인",글로벌 거래소의 법정통화·달러 스테이블코인 거래쌍 상장이 스테이블코인 시장과 외환시장의 연결을... 가상자산 시장 내부의 매수 압력이 외환시장으로 넘어가는 통로가 생기는 셈이다. 한국은행은 바이낸스가...,https://www.tokenpost.kr/news/economy/403279,22,0.8962,1,keep,candidate_hybrid_keep_strong_domain_rule_anchor,22,0.8962,한국은행;환율;가상자산;스테이블코인;외환시장,달러,,candidate_hybrid,1,0.65,0.35
[코인브리핑] FOMC 앞두고 냉·온탕 오가는 비트코인…레이디움·아이오...,6일 가상자산업계에 따르면 비트코인은 이날 오후 3시 기준 가상자산 거래소 업비트에서 1억889만원 안팎에 거래를 이어가고 있다. 지난 3일 윌러 연준 이사의 비둘기파적 발언에 힘입어 1억1000만원선을 돌파하기도...,https://www.asiatime.co.kr/article/20260906500100,9,0.7304,1,keep,candidate_hybrid_keep_strong_domain_rule_anchor,9,0.7304,연준;가상자산,,,candidate_hybrid,1,0.65,0.35
주식·채권·펀드까지 ‘토큰’으로…2027년 2월 디지털 자본시장 열린...,한국거래소는 뉴욕증권거래소와 나스닥의 파일럿 프로그램을 참고해 상장주식 토큰화 모델 검증과... 전자등록 과정에서 수수료나 시뇨리지 목적으로 별도의 가상자산을 생성하거나 거래하는 행위도 허용되지 않는다....,https://www.kbmaeil.com/article/20260906500474,7,0.7184,1,keep,candidate_hybrid_model_keep_prob_ge_threshold_with_domain_anchor,7,0.7184,가상자산,주식;채권,,candidate_hybrid,1,0.65,0.35
‘이더리움·솔라나’ 제친 로빈후드 체인… 실체는 ‘밈코인 거품’,가상자산 시장을 대표하는 이더리움(약 26만달러)과 솔라나(약 38만달러) 등 전통 메이저 플랫폼들의... 탈중앙화 거래소 분석 플랫폼 덱스스크리너(DexScreener)에 따르면 로빈후드 체인 내 대표적 밈코인 '로빈 더...,https://www.dt.co.kr/article/12082281?ref=naver,4,0.585,0,drop,candidate_hybrid_gray_drop_score_lt_threshold,4,0.585,가상자산,,,candidate_hybrid,1,0.65,0.35
니우라이(牛来) 24시간 30%대 급등…8월 상장 이후 변동성 확대,실제 SuperEx의 공식 공지를 확인하면 거래소는 지난 8월 19일 니우라이를 이노베이션존에 상장하고 牛来... [※ 본 기사는 암호화폐 시장에 대한 정보 제공을 목적으로 작성됐으며 특정 가상자산의 매수·매도를...,https://www.cbci.co.kr/news/articleView.html?idxno=604277,8,0.6352,1,keep,candidate_hybrid_keep_strong_domain_rule_anchor,8,0.6352,가상자산;암호화폐,,,candidate_hybrid,1,0.65,0.35
[Weekly Coin] 월러 발언으로 상승한 비트코인···고용지표는 '악재',"6일 글로벌 가상자산 시황 플랫폼 코인마켓캡에 따르면, 이날 오후 12시 27분 비트코인 시세는 7만9907달러... 게다가 시카고상품거래소(CME)에 따르면 연방기금금리(FFR) 선물시장은 9월 금리 인상 확률을 58.4%로...",https://www.sisajournal-e.com/news/articleView.html?idxno=423541,5,0.6635,1,keep,candidate_hybrid_model_keep_prob_ge_threshold_with_domain_anchor,5,0.6635,가상자산,금리,,candidate_hybrid,1,0.65,0.35
“업비트·빗썸마저 동참” 디지털자산 거래소 ‘수수료 공짜’ 출혈 전...,대형 금융회사라는 투자자가 등장했지만 규제로 당장 시너지를 내기 어려운 상황에서 중소거래소들이 꺼낼 수 있는 카드는 수수료 무료화뿐이다. 가상자산 시장의 거래량이 줄고 업계의 잇단 사고로 시장 신뢰까지...,https://biz.heraldcorp.com/article/10863778?ref=naver,14,0.8331,1,keep,candidate_hybrid_keep_strong_domain_rule_anchor,14,0.8331,가상자산;디지털자산;업비트,수수료,,candidate_hybrid,1,0.65,0.35
"암호화폐(코인) 리플 거래량, 6개월 만에 최고치 뚫었다... 3.4달러 향한...",6일 코인피디아 등 가상자산 업계에 따르면 8월 주요 암호화폐 거래소에서 XRP의 현물 거래량은 급격하게 상승해 지난 2월 이후 가장 높은 수치를 기록했다. 거래소별 세부 수치를 보면 바이낸스가 72억...,https://www.wikitree.co.kr/articles/1157562,8,0.7553,1,keep,candidate_hybrid_keep_strong_domain_rule_anchor,8,0.7553,가상자산;암호화폐,,,candidate_hybrid,1,0.65,0.35
"500만달러 토큰화 채권, 방코두브라질이 샀다",디지털자산 기술이 가상자산 거래소 밖의 증권 후선 업무로 확장되는 사례라는 점에서 예탁·결제기관과 글로벌 은행의 역할이 함께 부각된다. 씨티는 앞서 토큰화 증권 영역에서 발행과 수탁 기능을 결합한 서비스도...,https://www.tokenpost.kr/news/cryptocurrency/403203,10,0.7631,1,keep,candidate_hybrid_keep_strong_domain_rule_anchor,10,0.7631,가상자산;디지털자산,채권,,candidate_hybrid,1,0.65,0.35
"폴리마켓 51%, 민주당 양원 장악 가능성 반영","법안 처리 기대가 커지면 거래소와 발행사, 투자자 입장에서는 감독 권한과 상품 분류를 둘러싼 불확실성이 줄어들 수 있다는 평가가 나온다. 미국 중간선거가 가상자산 업계의 정치 일정과 맞물린다는 점은 이미 시장의...",https://www.tokenpost.kr/news/policy/403197,4,0.633,0,drop,candidate_hybrid_gray_drop_score_lt_threshold,4,0.633,가상자산,,,candidate_hybrid,1,0.65,0.35
'간첩 대행'까지 판 치는데…방첩사는 사라졌다,앞서 2022년에는 북한 공작원의 지령을 받은 가상자산거래소 대표와 우리 군 현역장교가 비트코인을 대가로 군사기밀을 유출하다 적발돼 구속된 사례로 큰 파장이 일었었다. 이들은 군사2급 비밀인 한국군...,https://www.dailian.co.kr/news/view/1686909/?sc=Naver,9,0.6735,1,keep,candidate_hybrid_keep_strong_domain_rule_anchor,9,0.6735,가상자산;가상자산거래소,,,candidate_hybrid,1,0.65,0.35
증권사는 되는데 가상자산사업자는 안된다?…형평성 논란,금융권에서는 정당한 영업활동으로 인정받는 수수료 할인·면제까지 가상자산거래소에서는 공시대상인 '재산상 이익'으로 분류되기 때문이다. '재산상 이익' 대부분 수수료 할인 6일 국내 가상자산거래소가 지난 4월...,https://news.bizwatch.co.kr/article/mobile/2026/09/05/0001,10,0.8769,1,keep,candidate_hybrid_keep_strong_domain_rule_anchor,10,0.8769,가상자산;가상자산거래소,수수료,,candidate_hybrid,1,0.65,0.35
라이트코인(LTC) 54달러선 급반등…55달러 돌파 다시 시도하나,데이터 집계 시점과 거래소에 따라 가격과 등락률에는 차이가 발생할 수 있다. 코인마켓캡에서도... [※ 본 기사는 암호화폐 시장에 대한 정보 제공을 목적으로 작성됐으며 특정 가상자산의 매수·매도를 권유하거나...,https://www.cbci.co.kr/news/articleView.html?idxno=604283,8,0.6224,1,keep,candidate_hybrid_keep_strong_domain_rule_anchor,8,0.6224,가상자산;암호화폐,,,candidate_hybrid,1,0.65,0.35
소폰(SOPH) 12.72% 급등… 주요 알트코인 혼조세 속 독주,가상자산 거래소 업비트 시세에 따르면 소폰(SOPH)은 전일 대비 12.72% 상승한 7.09원에 거래되며 가장 높은 상승률을 기록하고 있다. 거래대금 역시 230억 원을 넘어서며 투자자들의 관심을 모으고 있다. 가장...,https://www.gukjenews.com/news/articleView.html?idxno=3685967,9,0.7106,1,keep,candidate_hybrid_keep_strong_domain_rule_anchor,9,0.7106,가상자산;업비트,,,candidate_hybrid,1,0.65,0.35
[9월 1주차] 가상화폐 시장 정리,'엑스알피' 가상화폐를 중심으로 디지털자산을 운용 중인 에버노스는 일반적인 가상화폐 거래소나 투자상품과 달리 상장사를 통해 '엑스알피'에 대한 투자 환경을 노출하는 것을 목표로 하고 있다. 자본을 '엑스알피...,https://www.khgames.co.kr/news/articleView.html?idxno=308050,4,0.2916,0,drop,candidate_hybrid_model_drop_prob_le_threshold,4,0.2916,디지털자산,,,candidate_hybrid,1,0.65,0.35
[코인 TOP 10 주간동향] 아비트럼·플록 주간 급등…UNI 3개월 +154% 강세...,"가상자산 거래소의 9월 6일 9시 9분 기준, KRW 마켓 디지털 자산 분석 결과, 주간 급등 종목이 다수 출현하며 단기 수급 쏠림이 확인됐다. 아비트럼(ARB/KRW)이 주간 +104.24%로 선두에 올랐고 플록(FLOCK...",https://www.tokenpost.kr/news/cryptocurrency/403155,4,0.7225,1,keep,candidate_hybrid_model_keep_prob_ge_threshold_with_domain_anchor,4,0.7225,가상자산,,,candidate_hybrid,1,0.65,0.35
"클래리티법, 알트코인 ‘규제 안개’ 걷을까",SEC가 일부 가상자산을 미등록 증권으로 판단해 발행사와 거래소를 제소하자 시장에서는 명확한 법적 기준 없이 규제기관의 판단에 따라 증권성 여부가 좌우된다는 비판이 이어졌다. 클래리티법은 이러한 불확실성을...,https://www.dailian.co.kr/news/view/1686674/?sc=Naver,4,0.6882,1,keep,candidate_hybrid_model_keep_prob_ge_threshold_with_domain_anchor,4,0.6882,가상자산,,,candidate_hybrid,1,0.65,0.35
[PF(프로젝트 파이낸싱) 리스크… 건설사 유동성 현주소①] 롯데건설,지난해 6월 1100억 원 규모 회사채 수요예측에서 전량 미매각돼 추가 청약까지 나선 모습과 대조적이다. 다만 PF 우발채무와 부채비율 등 주요 재무지표가 개선된 것과 달리 차입금과 현금흐름에서는 부담이 아직 남아...,https://www.ilyoseoul.co.kr/news/articleView.html?idxno=522120,11,0.7057,1,keep,candidate_hybrid_keep_strong_domain_rule_anchor,11,0.7057,pf;회사채;유동성,,,candidate_hybrid,1,0.65,0.35
中 금융권에 3570억 위안 자본 확충…재정부 80% 부담,있는 부실채권에 대비한 충당 여력을 강화하려는 조치로 풀이된다. 중국 정부는 2024년 말부터 대형 금융회사에 대한 자본 지원을 확대해왔다. 올해 초에도 중국은행과 우정저축은행을 포함한 4개 국유은행에 국채...,https://www.ebn.co.kr/news/articleView.html?idxno=1723157,11,0.6399,1,keep,candidate_hybrid_keep_strong_domain_rule_anchor,11,0.6399,저축은행;부실채권;국채,,,candidate_hybrid,1,0.65,0.35
‘혜자카드’ 가고 ‘핀셋카드’ 온다… 카드업계의 생존 셈법,"여신금융협회에 따르면 지난해 국내 8개 전업카드사가 선보인 신규 신용·체크카드는 212종에 그친 반면, 단종된 카드는 525종에 달했다. 새로 시장에 나오는 카드보다 사라지는 카드가 2.5배나 많은 셈이다. 빈자리를 채운...",https://www.etoday.co.kr/news/view/2621153,6,0.6676,1,keep,candidate_hybrid_model_keep_prob_ge_threshold_with_domain_anchor,6,0.6676,여신금융협회,,,candidate_hybrid,1,0.65,0.35
손보 이어 생보도 사업자대출 조인다…용도외 사용 '풍선효과' 차단,금융권 가계대출 규제가 강화되면서 사업자대출이 생활자금 등으로 우회 활용되는 '풍선효과'를 차단하려는 조치다. 6일 보험업계에 따르면 생명보험협회는 최근 '자금용도외 유용 사후점검준칙' 자율규제 제정안을...,https://www.etnews.com/20260904000235,6,0.5352,1,keep,candidate_hybrid_gray_keep_domain_score_ge_threshold,6,0.5352,보험업계;생명보험,,,candidate_hybrid,1,0.65,0.35
"[2026 국제금융협력 포럼]베트남은 기회이자 경쟁시장, ""K-금융 DNA 심어...","국제금융협력 포럼'을 개최했다. 앞줄 왼쪽 세번째부터 조성준 생명보험협회 소비자서비스본부장, 서영덕... 은행이 20개사로 가장 많고 자산운용사 9개사, 증권사·여신전문금융회사 각 8개사, 손해보험사 7개사...",http://www.metroseoul.co.kr/article/20260906500079,10,0.6653,1,keep,candidate_hybrid_keep_strong_domain_rule_anchor,10,0.6653,증권사;손해보험;생명보험,금융,,candidate_hybrid,1,0.65,0.35
"""카드 공유 없이 승인만 척척""…BC카드, 앱 결제수단 공유 '가족페이' 출...",가족페이는 실제 카드나 결제 정보를 외부에 공유하지 않고 승인 절차만 거치기 때문에 카드 양도 및 대여를 금지하는 여신전문금융업법 등 관련 법규를 준수하면서도 보안성과 편의성을 한층 올렸다. 이용 대상은 만 19세...,https://www.thefairnews.co.kr/news/articleView.html?idxno=87223,6,0.5587,1,keep,candidate_hybrid_gray_keep_domain_score_ge_threshold,6,0.5587,여신전문금융업,,,candidate_hybrid,1,0.65,0.35
공채 줄이고 베테랑은 다시…은행권 채용판 달라졌다,"통역 전문인력을 별도로 선발한다. 이에 따라 '퇴직 베테랑' 재채용에 적극적인 행보를 보이고 있다. 금융업 경험이 풍부한 퇴직 인력을 다시 채용해 영업과 여신(대출 상담·심사), 리스크 관리 등 현장 업무에...",https://www.ajunews.com/view/20260906123705964,5,0.6572,1,keep,candidate_hybrid_model_keep_prob_ge_threshold_with_domain_anchor,5,0.6572,은행권,대출,,candidate_hybrid,1,0.65,0.35
"금투·여신업 인허가, 서류 두 번 안 낸다…금감원 사전협의 시스템 개...",금융투자업 인가나 여신전문금융업 등록을 준비하는 회사들은 앞으로 서류를 두 번 낼 필요가 없어진다. 금융감독원이 인허가·등록 사전협의 절차를 손봐 서류 제출 부담을 줄이기로 했다. 금융감독원은 금융권...,https://www.edaily.co.kr/News/Read?newsId=01489126645577496&mediaCodeNo=257&utm_source=naver&utm_medium=referral&utm_campaign=news_syndication&utm_content=original_article,18,0.7664,1,keep,candidate_hybrid_keep_strong_domain_rule_anchor,18,0.7664,금융감독원;금감원;여신전문금융업,,,candidate_hybrid,1,0.65,0.35
"""금융 인허가도 온라인으로""…금감원, 7일부터 시스템 개편",앞으로 금융투자업·여신전문금융업·전자금융업 등의 주요 인허가와 등록 절차가 온라인으로 가능해진다. 금융감독원이 사전협의부터 서류 제출과 심사까지 인허가 절차를 디지털화하면서 신청인의 편의성과 심사...,https://www.newsworks.co.kr/news/articleView.html?idxno=852738,19,0.7622,1,keep,candidate_hybrid_keep_strong_domain_rule_anchor,19,0.7622,금융감독원;금감원;여신전문금융업,금융,,candidate_hybrid,1,0.65,0.35
이목구비 선명한데 못 잡는다?... 주운 카드로 골드바 샀던 '발차기 남'...,경찰청 통계에 따르면 분실 카드를 부정 사용하는 범죄는 여신전문금융업법 위반에 해당한다. 최근 관련 범죄 건수는 매년 2만 건을 상회한다. 범죄자들은 카드 정지 신청 전 짧은 시간을 활용해 귀금속이나 고가...,https://www.wikitree.co.kr/articles/1157558,6,0.621,1,keep,candidate_hybrid_gray_keep_domain_score_ge_threshold,6,0.621,여신전문금융업,,,candidate_hybrid,1,0.65,0.35
[스테이블코인 시대] 코인은 안 올라도 돈 번다…원화 스테이블코인 '수...,"이 과정에서 거래·환전·송금·정산 수수료를 받는 방식이다. 은행은 준비자산을 보관·관리하는 서비스를, 카드사는 기존 가맹점망과 결제·정산 체계를 연결하는 서비스를 수익원으로 모색할 수 있다. 발행사가...",https://dealsite.co.kr/articles/168343,12,0.7543,1,keep,candidate_hybrid_keep_strong_domain_rule_anchor,12,0.7543,스테이블코인;원화 스테이블코인,원화,,candidate_hybrid,1,0.65,0.35
"[판세] 원고 쇼핑몰 고객의 카드사 적립 포인트, 원고의 부가세 과표에...","신용카드사 가맹점에서 물품을 구매하면서 해당 신용카드로 대금을 결제하면 고객에게 가맹점의 부담으로... 이 경우 대금, 요금, 수수료, 그밖에 어떤 명목이든 상관없이 재화 또는 용역을 공급받는 자로부터 받는...",https://www.sejungilbo.com/news/articleView.html?idxno=59914,4,0.497,0,drop,candidate_hybrid_gray_drop_score_lt_threshold,4,0.497,카드사,수수료,,candidate_hybrid,1,0.65,0.35
"해외여행 필수품 ‘트래블월렛’ 그 전자지갑, 해외서도 뜹니다 [월요인...",해외 카드 결제는 원화를 외화로 바꾸고 여러 결제망을 거쳐 현지 가맹점에 돈을 보내야 한다. 수수료가 많이... 카드사와 은행을 찾아다니며 ‘같이 해보자’고 제안했지만 대부분 거절했다. 결국 우리가 직접 만들었다....,https://www.seoul.co.kr/news/plan/monday-interview/2026/09/07/20260907013001?wlog_tag3=naver,0,0.3005,0,drop,candidate_hybrid_model_drop_prob_le_threshold,0,0.3005,,,,candidate_hybrid,1,0.65,0.35
AI 구독부터 마라톤까지… ‘취향 저격’하는 카드들,"후 수수료 없는 할부 전환 챗GPT를 구독하면 10%를 적립하고, 마라톤 대회 참가권을 사면 20%를 할인해 준다.... 카드사 입장에서는 고객이 자주 이용하는 영역에 혜택을 집중해 카드 사용을 늘릴 수 있고, 소비자도...",https://www.chosun.com/economy/market_trend/2026/09/07/P53JNAR2WJA4VKYIAONJESBS4I/?utm_source=naver&utm_medium=referral&utm_campaign=naver-news,4,0.5,0,drop,candidate_hybrid_gray_drop_score_lt_threshold,4,0.5,카드사,수수료,,candidate_hybrid,1,0.65,0.35
5대 은행 가계대출 7276억 감소…정책대출 제외 1087억 급증,정책대출을 제외한 5대 은행 가계대출 잔액은 8월 말 651조7709억원에서 이달 3일 651조8796억원으로 1087억원 늘었다. 이달 초 보금자리론 일부가 주택금융공사 계정으로 이전되면서 전체 가계대출 잔액이...,https://www.cstimes.com/news/articleView.html?idxno=719569,3,0.4233,0,drop,candidate_hybrid_gray_drop_score_lt_threshold,3,0.4233,은행,,,candidate_hybrid,1,0.65,0.35
"""금융 시스템 방파제 세운다""… 中, 국영은행·보험사에 '540억 달러' 자...",현재 중국 경제는 민간 소비 위축과 부동산 개발업계의 유동성 위기 장기화로 인해 가계와 기업의 대출 수요가 극도로 부진한 상황이다. 여기에 당국의 대출 금리 인하 압박으로 은행들의 순이자마진(NIM)이 사상 최저...,https://www.g-enews.com/view.php?ud=2026090708265076210c8c1c064d_1,7,0.5164,0,drop,candidate_hybrid_gray_drop_generic_anchor_only,7,0.5164,유동성,금리;대출;달러;금융,,candidate_hybrid,1,0.65,0.35
"“연 6%대 누가 쓰나”…장기 고정 주담대, 정부 확대에도 ‘금리 벽’","기업은행의 경우 최저금리가 연 6.425%로 이미 6% 중반대까지 올랐다. 예상보다 빠르게 오른 시장금리에 가계대출 총량 관리까지 맞물리면서 주담대 금리 수준 자체가 높아지자, 평균 연 6% 수준인 장기 고정금리형...",https://view.asiae.co.kr/article/2026090510263397943,6,0.6454,1,keep,candidate_hybrid_gray_keep_domain_score_ge_threshold,6,0.6454,기업은행,금리,,candidate_hybrid,1,0.65,0.35
가계대출 6개월 만에 감소…정책대출 빼면 증가세 이어져,"주요 시중은행 가계대출 잔액이 6개월 만에 감소했지만, 정책대출을 빼면 증가세가 이어졌습니다. 금융권에 따르면 5대 주요은행 가계대출 잔액은 지난 3일 기준 약 781조4천억원으로 지난달 말보다 약 7천억원...",https://biz.sbs.co.kr/article_hub/20000333033?division=NAVER,4,0.5146,0,drop,candidate_hybrid_gray_drop_score_lt_threshold,4,0.5146,시중은행,,,candidate_hybrid,1,0.65,0.35
"5대 은행, '금리인하요구권' 수용률은…신한은행 48.4%로 '최고'","5대 은행의 가계대출 수용률은 최고 48.4%에서 최저 17.9%까지 벌어졌고, 실제 금리를 낮춰준 폭도 은행마다 달랐다. 소비자 입장에서는 단순 수용률만이 아니라 실제 금리 인하폭까지 함께 살펴봐야 한다는 의미다....",https://www.lcnews.co.kr/news/articleView.html?idxno=207805,4,0.4194,0,drop,candidate_hybrid_gray_drop_score_lt_threshold,4,0.4194,은행,금리,,candidate_hybrid,1,0.65,0.35
가계대출 총량 넘긴 지방銀…전북銀 1.1조 초과,지방은행들의 가계대출이 올 들어 빠르게 늘면서 기존 연간 관리 목표를 줄줄이 넘어선 것으로 나타났다. 특히 전북은행은 7월까지 가계대출이 1조 원 넘게 늘어 기존 목표와 실제 증가액의 격차가 1조 1000억 원을...,https://www.sedaily.com/article/20087625?ref=naver,0,0.2042,0,drop,candidate_hybrid_model_drop_prob_le_threshold,0,0.2042,,,,candidate_hybrid,1,0.65,0.35
"[이주의 관전포인트]물가·파업·소송, 이번 주 5대 변수","미국 물가가 예상보다 강하면 국채금리와 달러가 오르고, 그 압력은 은행채 금리와 주택담보대출 부담을 거쳐 국내 가계로 고스란히 전달된다. 국내에서는 반도체 훈풍이 건설과 청년 고용까지 번지는지가 관건이다....",http://www.newskr.kr/news/articleView.html?idxno=106146,4,0.5941,0,drop,candidate_hybrid_gray_drop_score_lt_threshold,4,0.5941,국채금리,,,candidate_hybrid,1,0.65,0.35
주담대 줄고 신용대출 257억 반등… 5대 은행 연내 대출 여력 '2천억 원...,"주요 시중은행의 가계대출 잔액이 6개월 만에 감소세로 전환됐다. 5대 은행(KB국민·신한·하나·우리·NH농협)의 9월 3일 기준 가계대출 잔액은 781조3,916억원으로, 8월 말보다 7,276억원 줄었다. 이는 지난 3월 이후...",https://www.cbci.co.kr/news/articleView.html?idxno=604310,8,0.5441,1,keep,candidate_hybrid_keep_strong_domain_rule_anchor,8,0.5441,은행;시중은행,대출,,candidate_hybrid,1,0.65,0.35
"홍지선, 영끌 매입 지적에 “시세차익 목적 아닌 실거주용”","자금 조달 과정에서 홍 후보자는 은행 주택담보대출 3억6700만원을 받았고, 배우자는 모친(홍 후보자의 장모)... 부동산 정책 사령탑인 국토부 장관 후보자가 정부의 고강도 가계대출 억제 기조에 역행하는 방식으로...",https://www.chosun.com/economy/real_estate/2026/09/07/EQNSXKQZNNFMJHSO5ZVKSTAZVQ/?utm_source=naver&utm_medium=referral&utm_campaign=naver-news,3,0.4357,0,drop,candidate_hybrid_gray_drop_score_lt_threshold,3,0.4357,은행,,,candidate_hybrid,1,0.65,0.35
정부 가계대출 총량 늘렸지만 은행 대출은 여전히 ‘좁은문’,"정부가 은행권의 가계대출 공급 여력을 늘렸지만 대출 문턱은 여전히 높다. 이달 5대 은행(KB국민·신한·하나·우리·NH농협)의 가계대출 잔액은 반년 만에 줄었지만, 정책대출을 제외하면 오히려 증가했다. 은행들이...",https://www.kmib.co.kr/article/view.asp?arcid=9000009537&cp=nv,4,0.353,0,drop,candidate_hybrid_gray_drop_score_lt_threshold,4,0.353,은행,대출,,candidate_hybrid,1,0.65,0.35
총량규제 풀어도 한도가 없다…5대 은행 가계대출 감소 전환,이달 들어 은행권의 가계대출 잔액이 모처럼 감소했다. 정부가 가계대출 총량 제한을 일부 풀었지만 은행권은 여전히 주택담보대출을 죄고 있기 때문이다. 6일 은행권에 따르면 5대 은행(KB국민·신한·하나·우리...,https://www.joongang.co.kr/article/25459511,3,0.4389,0,drop,candidate_hybrid_gray_drop_score_lt_threshold,3,0.4389,은행,,,candidate_hybrid,1,0.65,0.35
"금감원, 목표전환형 펀드 설명의무 강화…대출 중단도 사전안내",은행이 가계대출 취급을 중단하거나 한도를 축소할 경우 소비자에게 미리 알리는 방안도 마련한다. 금감원은 이찬진 금융감독원장 주재로 제4차 소비자위험대응협의회를 열고 금융권의 주요 소비자 위험요인과 대응...,https://www.newspim.com/news/view/20260906000129,13,0.7034,1,keep,candidate_hybrid_keep_strong_domain_rule_anchor,13,0.7034,금융감독원;금감원,대출,,candidate_hybrid,1,0.65,0.35
"KB국민은행, 기업대출 9.2조 늘 때 핵심예금 20.4조 증가…생산적 금융 ...","은행은 예금과 은행채, 시장성 수신 등으로 자금을 조달해 가계·기업대출과 유가증권 등에 운용한다. 다만 기업대출을 늘리는 과정에서 핵심예금이 더 빠르게 증가했다는 점은 안정적인 조달 기반을 함께...",http://sateconomy.co.kr/news/view/1065610877062324,5,0.4449,0,drop,candidate_hybrid_gray_drop_score_lt_threshold,5,0.4449,생산적 금융,금융,,candidate_hybrid,1,0.65,0.35
"""돈 빌릴 데가 없어서""…은행 대출 막히니 보험사 '풍선효과'",문제는 같은 기간 은행권 가계대출도 계속해서 늘었단 점이다. 5대 시중은행(KB국민·신한·하나·우리·NH농협)의 가계대출 잔액은 지난 6월 말 775조1000억원으로 집계됐다. 지난해 말 767조6000억원 대비 7조5000억원...,https://www.dailian.co.kr/news/view/1687020/?sc=Naver,15,0.5724,1,keep,candidate_hybrid_keep_strong_domain_rule_anchor,15,0.5724,은행;은행권;시중은행;보험사,대출,,candidate_hybrid,1,0.65,0.35
소득 대비 ‘무거운 빚’은 40대로… 갚기 힘든 ‘위험한 빚’은 60대로,이어가며 대출을 끌어쓴 고령층의 취약부채 증가세가 두드러졌다. 6일 한국은행이 국회... 2013년 1분기 차주당 평균 가계대출은 50대가 7582만원으로 가장 많았지만 올해 2분기에는 40대가 1억2422만원으로 1위였다....,https://www.kmib.co.kr/article/view.asp?arcid=9000009502&cp=nv,5,0.5019,0,drop,candidate_hybrid_gray_drop_score_lt_threshold,5,0.5019,한국은행,,,candidate_hybrid,1,0.65,0.35
"정책대출 이관 착시… 가계빚, 진짜 줄었나",시중은행의 가계대출 잔액이 이달 들어 감소했다. 은행들이 개별 주택담보대출과 신용대출 관리 기조를 유지한 가운데 정책대출 유동화도 영향을 미쳤다. 6일 금융권에 따르면 5대 은행(KB국민·신한·하나·우리...,https://www.fnnews.com/news/202609061829066498,7,0.4306,1,keep,candidate_hybrid_gray_keep_domain_score_ge_threshold,7,0.4306,은행;시중은행,,,candidate_hybrid,1,0.65,0.35
주담대 제한 못 푸는 은행권…가계대출 잔액 6개월 만에 감소,이달 들어 은행권의 가계대출 잔액이 모처럼 감소했다. 정부의 가계대출 총량 증가율 목표치 상향(전년 대비 1.5%→3%)에도 은행들이 여전히 주택담보대출 영업 제한 조치를 유지하고 있어서다. 6일 은행권에 따르면...,https://www.joongang.co.kr/article/25459466,4,0.3454,0,drop,candidate_hybrid_model_drop_prob_le_threshold,4,0.3454,은행권,,,candidate_hybrid,1,0.65,0.35
[단독] 은행 막히자 보험권 '풍선효과' … 보험 가계대출 석달새 2.7조 쑥,은행권 가계대출 총량 규제 2금융권 보험으로 수요 몰려 해약환급금 담보로 빌리는 보험계약대출이 증가 주도 은행권 대출 문턱이 높아지면서 제2금융권인 보험권으로 가계대출이 튀고 있다. 가계대출 총량을...,https://www.mk.co.kr/article/12145536,8,0.3544,1,keep,candidate_hybrid_keep_strong_domain_rule_anchor,8,0.3544,은행;은행권,대출,,candidate_hybrid,1,0.65,0.35
[데스크칼럼] ‘가두리 대출’에 갇힌 서민들의 탄식,가계대출 총량을 관리해야 하는 은행들은 대출 영업에 소극적이다. 대출 문을 조금 열었다 싶으면 한도가 금세 동난다. 은행 입장에서는 대출 총량을 서둘러 채울 이유가 없다. 굳이 금리를 낮춰 다른 은행의 차주까지...,https://www.ddaily.co.kr/page/view/2026090617222780109,4,0.377,0,drop,candidate_hybrid_gray_drop_score_lt_threshold,4,0.377,은행,대출,,candidate_hybrid,1,0.65,0.35
"금감원, 은행 대출 중단 시 사전 안내",최근 은행들이 가계대출 총량 관리 차원에서 사전 안내 없이 대출 취급을 중단하거나 한도를 축소하는 사례가 늘어난 데 따른 조치다. 다만 가수요 촉발이나 쏠림현상 등 부작용을 고려해 안내 필요성이 높은 상품부터...,https://view.asiae.co.kr/article/2026090617302395412,10,0.5115,1,keep,candidate_hybrid_keep_strong_domain_rule_anchor,10,0.5115,금감원;은행,대출,,candidate_hybrid,1,0.65,0.35
"車담보 7개월 만에 1.7조…김재섭 ""정부 대출 조이기 '풍선효과' 우려""",특히 최근 정부가 가계대출 총량 관리를 강화하면서 은행권 대출 문턱이 높아진 가운데 올해 자동차담보대출의 월평균 취급액이 늘어난 점은 주목할 대목이다. 기존에 증가하던 대출 수요가 제2금융권으로 더...,https://www.apnews.kr/news/articleView.html?idxno=3051032,5,0.4997,0,drop,candidate_hybrid_gray_drop_score_lt_threshold,5,0.4997,은행권,대출,,candidate_hybrid,1,0.65,0.35
"이찬진 금융감독원장 ""대출 중단 사전 고지 강화… 금리인상기 취약 차...","최근 가계대출 총량 관리로 인해 은행이 별도의 안내 없이 대출 취급을 중단하거나 한도를 축소하는 사례가 늘어난 데 따른 조치다. 안내는 가수요 등 부작용을 고려해 필요성이 높은 상품부터 우선 적용하고, 구체적인...",https://www.cbci.co.kr/news/articleView.html?idxno=604329,7,0.4558,1,keep,candidate_hybrid_gray_keep_domain_score_ge_threshold,7,0.4558,금융감독원,대출,,candidate_hybrid,1,0.65,0.35
5대 은행 8월 가계대출 3조 증가… 집단대출이 견인,사진=연합뉴스 지난달 KB국민·신한·하나·우리·NH농협 등 5대 은행의 가계대출이 3조원 넘게 늘어난 것으로 나타났다. 지난 1일 금융권에 따르면 5대 은행의 지난달 말 기준 가계대출 잔액은 782조1192억원으로...,https://www.ggilbo.com/news/articleView.html?idxno=1179215,3,0.5658,0,drop,candidate_hybrid_gray_drop_score_lt_threshold,3,0.5658,은행,,,candidate_hybrid,1,0.65,0.35
"손대진 BNK캐피탈 대표, 기업금융 확대로 이자이익 제고…리테일 대출 ...","기업금융과 투자금융을 강화하는건 정부의 가계대출 관리 기조에 부응하고 수익 구조를 다변화하기... BNK캐피탈은 BNK금융지주, 부산은행, 경남은행, BNK벤처투자가 공동으로 출자하는 'BNK생잔적금융펀드'에 공동...",https://www.fntimes.com/html/view.php?ud=2026090616443957558a55064dd1_18,1,0.3067,0,drop,candidate_hybrid_model_drop_prob_le_threshold,1,0.3067,,대출,,candidate_hybrid,1,0.65,0.35
"[단독]당국 얕보나…전북銀, 가계대출 한도 상습초과",금융 감독 당국의 거듭된 요구에도 전북은행이 가계대출을 계속해서 확대하고 있다. 당국 내부에서는 “해도 너무한다”는 반응까지 나오는 상황이다. 6일 국회 정무위원회 소속 송언석 국민의힘 의원실에 따르면...,https://www.sedaily.com/article/20087613?ref=naver,1,0.329,0,drop,candidate_hybrid_model_drop_prob_le_threshold,1,0.329,,금융,,candidate_hybrid,1,0.65,0.35
"금감원 은행의 대출한도 축소 및 취급 중단 사전에 안내 추진, ""위험요인...",은행권이 가계대출 총량 관리 과정에서 안내 없이 대출을 중단하거나 한도를 줄여 소비자가 자금 조달에 어려움을 겪는 사례가 파악된 데 따른 조치다. 현재는 일부 은행만 취급 중단이나 조건 변경 1~2영업일 전에 홈페이지...,https://www.businesspost.co.kr/BP?command=article_view&num=446500,6,0.4249,1,keep,candidate_hybrid_gray_keep_domain_score_ge_threshold,6,0.4249,금감원,,,candidate_hybrid,1,0.65,0.35
빚투에 보험계약대출·카드론 2조 원대 증가… 5060이 크게 늘었다,"기존 은행 대출을 받지 못하는 상황에서 이용하는 '급전 창구'의 성격이 큰 만큼 관리를 강화해야 한다는 지적이 나온다. 이 의원은 ""정부는 서민경제 상황을 엄중히 보고 면밀히 점검하는 한편 빚투와 가계대...",https://www.hankookilbo.com/news/article/A2026090615000005227?did=NA,8,0.571,1,keep,candidate_hybrid_keep_strong_domain_rule_anchor,8,0.571,은행;카드론,,,candidate_hybrid,1,0.65,0.35
서민금융 출연 10년 연장에…금융권 '고정비 부담' 장기화,"지난 4월 시행령 개정으로 가계대출 잔액에 적용되는 공통출연요율은 은행이 기존 0.06%에서 0.1%로, 비은행권이 0.03%에서 0.045%로 각각 높아졌다. 가계대출 잔액에 일정 요율을 적용해 출연금을 내는 구조인 만큼 대출...",https://www.ajunews.com/view/20260906143736065,1,0.4453,0,drop,candidate_hybrid_gray_drop_score_lt_threshold,1,0.4453,,대출,,candidate_hybrid,1,0.65,0.35
"금감원, 대출중단 사전고지 추진…목표전환형 펀드 '선취수수료' 제동",금융감독원이 가계대출 총량관리 과정에서 은행들이 예고 없이 대출 취급을 중단하거나 한도를 줄이는 관행에 제동을 건다. 최근 판매가 급증한 목표전환형 펀드에 대해서는 선취수수료 상품을 중심으로 판매가...,http://www.srtimes.kr/news/articleView.html?idxno=211712,13,0.5037,1,keep,candidate_hybrid_keep_strong_domain_rule_anchor,13,0.5037,금융감독원;금감원,대출,,candidate_hybrid,1,0.65,0.35
5대 은행 가계대출 6개월 만에 감소... 정책 대출 빼면 증가세 여전,5대 은행의 가계대출 잔액이 이달 들어 6개월 만에 감소세로 돌아섰다. 다만 이는 정책 대출로 인한 일시적인 결과라는 분석이다. 6일 금융권에 따르면 5대 은행(KB국민·신한·하나·우리·NH농협)의 지난 3일...,https://www.getnews.co.kr/news/articleView.html?idxno=879932,4,0.6549,1,keep,candidate_hybrid_model_keep_prob_ge_threshold_with_domain_anchor,4,0.6549,은행,대출,,candidate_hybrid,1,0.65,0.35
가계대출 6개월 만에 감소세..정책대출 제외하면 증가세 지속,한국정경신문 최현준 기­자 raysenel@naver.com [한국정경신문=최현준 기자] 주요 시중은행 가계대출 잔액이 이달 들어 감소했다. 그럼에도 은행들은 개별 주택담보대출과 신용대출 관리 기조를 유지하는...,https://kpenews.com/View.aspx?No=4214512,4,0.4678,0,drop,candidate_hybrid_gray_drop_score_lt_threshold,4,0.4678,시중은행,,,candidate_hybrid,1,0.65,0.35
가계대출 6개월 만에 '뒷걸음'…정책대출 제외하면 증가,5대 시중은행의 가계대출이 6개월 만에 감소세로 돌아선 가운데 추가로 확보한 대출 여력마저 사실상 바닥을 드러내면서 은행들이 기존 규제를 유지하고 있기 때문이다. 6일 금융권에 따르면 KB국민·신한·하나...,https://www.namdonews.com/news/articleView.html?idxno=922368,5,0.443,0,drop,candidate_hybrid_gray_drop_score_lt_threshold,5,0.443,시중은행,대출,,candidate_hybrid,1,0.65,0.35
"'목표전환형' 펀드도 선취수수료 70%… 금감원 ""충분히 설명하라""",최근 가계대출 총량 관리 등을 위해 은행에서 대출 취급을 중단하거나 한도를 축소하며 금융소비자의 예측 가능성이 저하되고 있다는 지적에 따른 것이다. 다만 상품 중단 관련 안내를 하는 경우 가수요 촉발이나 쏠림...,https://www.hankookilbo.com/news/article/A2026090613010003391?did=NA,7,0.4975,1,keep,candidate_hybrid_gray_keep_domain_score_ge_threshold,7,0.4975,금감원,대출,,candidate_hybrid,1,0.65,0.35
"목표전환형 펀드 72% '선취수수료'..이찬진 ""숨은 비용 충실히 설명해야...",최근 가계대출 총량 관리 등을 위해 은행에서 충분한 사전 안내 없이 대출 취급을 중단하거나 한도 등을 축소함에 따라 일부 은행에서만 예금·대출 관련 취급 중단 또는 주요 조건 변경시 1~2영업일 전에 홈페이지 등을...,https://www.mt.co.kr/finance/2026/09/07/2026090613502149680,1,0.3379,0,drop,candidate_hybrid_model_drop_prob_le_threshold,1,0.3379,,대출,,candidate_hybrid,1,0.65,0.35
"금감원, 펀드 설명 의무 강화…대출 중단 시 사전 안내",최근 가계대출 총량 관리로 은행에서 사전 안내 없이 대출 취급을 중단하거나 한도를 축소하는 사례가 늘어난 데 따른 조치입니다. 다만 가수요 촉발이나 쏠림현상 등 부작용을 고려해 안내 필요성이 높은 상품부터 우선...,http://mbnmoney.mbn.co.kr/news/view?news_no=MM1005916260,7,0.439,1,keep,candidate_hybrid_gray_keep_domain_score_ge_threshold,7,0.439,금감원,대출,,candidate_hybrid,1,0.65,0.35
가계빚 6개월 만에 줄었지만…은행 창구 자체 대출은 여전히 ‘증가’,6일 금융권에 따르면 5대 시중은행의 가계대출 총잔액은 지난 3일 기준 781조3916억원으로 집계됐다. 지난달 말 잔액(782조1192억원)과 비교하면 사흘 만에 7276억원 감소한 수치다. 월별 잔액 기준으로 가계대출 총량이...,http://www.segyebiz.com/newsView/20260906506294?OutUrl=naver,7,0.5947,1,keep,candidate_hybrid_gray_keep_domain_score_ge_threshold,7,0.5947,은행;시중은행,,,candidate_hybrid,1,0.65,0.35
은행 가계대출 6개월 만에 감소세...정책 대출 빼면 늘어,시중은행의 가계대출 잔액이 이달 들어 감소했다. 은행들이 개별 주택담보대출과 신용대출 관리 기조를 유지한 가운데 정책대출 유동화도 영향을 미쳤다. 6일 금융권에 따르면 5대 은행(KB국민·신한·하나·우리...,https://www.fnnews.com/news/202609061240463702,8,0.4282,1,keep,candidate_hybrid_keep_strong_domain_rule_anchor,8,0.4282,은행;시중은행,대출,,candidate_hybrid,1,0.65,0.35
가계대출 반년 만에 감소…정책대출 빼면 증가세 지속,실제 정책대출을 제외한 5대 은행 가계대출 잔액은 이달 3일 651조8796억원으로 8월 말 651조7709억원보다 1087억원 증가했다. 전체 가계대출 잔액은 줄었지만 은행 자체적으로 취급하는 대출은 소폭이나마 증가세를 이어간...,https://www.econovill.com/news/articleView.html?idxno=749985,3,0.3446,0,drop,candidate_hybrid_model_drop_prob_le_threshold,3,0.3446,은행,,,candidate_hybrid,1,0.65,0.35
"""갑자기 '대출 중단', 앞으론 못한다""..금감원, 사전 안내 강화",은행권이 가계대출 총량관리 여파로 충분한 사전 안내 없이 대출을 중단하자 주택담보대출이 막혀 계약금을 날렸다는 소비자 피해가 잇따르자 금감원은 대출 중단·변경 시 사전 안내 조치를 의무화하기로 했다. 금감원은...,https://www.fnnews.com/news/202609061218212758,7,0.4968,1,keep,candidate_hybrid_gray_keep_domain_score_ge_threshold,7,0.4968,금감원,대출,,candidate_hybrid,1,0.65,0.35
대출 중단 시 사전 안내 강화…펀드 설명도 상세히,최근 가계대출 총량 관리 과정에서 일부 은행이 별도 사전 안내 없이 대출 취급을 중단하거나 한도를 축소하는 사례가 발생한 데 따른 조치입니다. 다만 대출 중단 사실을 미리 알릴 경우 가수요가 몰리는 등 부작용이...,https://biz.sbs.co.kr/article_hub/20000332973?division=NAVER,1,0.3124,0,drop,candidate_hybrid_model_drop_prob_le_threshold,1,0.3124,,대출,,candidate_hybrid,1,0.65,0.35
5대 은행 가계대출 잔액 781조…반년 만에 감소,"금융권에 따르면, KB국민과 신한, 하나 등 5대 은행의 지난 3일 기준 가계대출 잔액은 총 781조3,916억 원으로 집계됐습니다. 이는 8월 말보다 7,276억 원 감소한 수치입니다. 가계대출 잔액이 감소세를 보인 것은 지난...",http://www.yonhapnewstv.co.kr/news/MYH20260906125418f9B,3,0.5277,0,drop,candidate_hybrid_gray_drop_score_lt_threshold,3,0.5277,은행,,,candidate_hybrid,1,0.65,0.35
"금감원, 대출 중단·한도 축소 사전 안내 강화…금융소비자 보호 고삐",지난 4일 금융감독원 본원 대회의실에서 이찬진 금감원장 주재로 제4차 소비자위험대응협의회가 열렸다.(사진=금감원) 협의회는 은행이 최근 가계대출 총량 관리 등을 위해 충분한 사전 안내 없이 대출 취급을 중단하거나...,https://www.edaily.co.kr/News/Read?newsId=01498966645577496&mediaCodeNo=257&utm_source=naver&utm_medium=referral&utm_campaign=news_syndication&utm_content=original_article,13,0.5853,1,keep,candidate_hybrid_keep_strong_domain_rule_anchor,13,0.5853,금융감독원;금감원,대출,,candidate_hybrid,1,0.65,0.35
"금감원, 은행 대출 중단·축소 사전 안내 추진",6일 금감원에 따르면 지난 4일 열린 제4차 소비자위험대응협의회에서는 가계대출 총량 관리를 이유로 은행들이 충분한 사전 안내 없이 대출 취급을 중단하거나 한도를 축소하는 문제가 논의됐다. 현재 일부 은행만 예금...,https://www.chosun.com/economy/stock-finance/2026/09/06/JYKJMR32AREXRHJUIIICPNXR6E/?utm_source=naver&utm_medium=referral&utm_campaign=naver-news,10,0.5623,1,keep,candidate_hybrid_keep_strong_domain_rule_anchor,10,0.5623,금감원;은행,대출,,candidate_hybrid,1,0.65,0.35
금융소비자 보호 고삐 죄는 금감원…펀드·보험 불완전판매 점검,최근 가계대출 총량 관리 과정에서 은행이 충분한 사전 안내 없이 대출 취급을 중단하거나 한도를 줄이면서 소비자의 자금 조달에 차질이 발생할 수 있다는 판단에서다. 금감원은 예금·대출·투자상품의 취급을...,https://www.dailian.co.kr/news/view/1686875/?sc=Naver,11,0.4448,1,keep,candidate_hybrid_keep_strong_domain_rule_anchor,11,0.4448,금감원;불완전판매,대출,,candidate_hybrid,1,0.65,0.35
"금감원, '목표전환형 펀드' 판매 26배 급증에 경고…""불완전판매 우려""",정부의 가계대출 총량 관리에 따라 은행권이 갑자기 대출 취급을 중단하거나 한도를 축소하는 행위에 대해서는 사전 소비자 안내 방안을 마련해 소비자 상품 선택권을 보장하라고 주문했다. 금감원은 지난 4일 이찬진...,https://www.news1.kr/finance/general-finance/6281205,11,0.6252,1,keep,candidate_hybrid_keep_strong_domain_rule_anchor,11,0.6252,금감원;불완전판매,대출,,candidate_hybrid,1,0.65,0.35
"목표전환형 펀드 72%가 선취수수료…금감원, 비용 설명 강화",최근 가계대출 총량관리 과정에서 일부 은행이 충분한 사전안내 없이 대출 취급을 중단하거나 한도를 줄이면서 대출을 계획했던 소비자의 자금조달에 차질이 생길 수 있다는 판단이다. 현재 일부 은행은 예·대출 상품...,https://www.newsworks.co.kr/news/articleView.html?idxno=852750,7,0.4551,1,keep,candidate_hybrid_gray_keep_domain_score_ge_threshold,7,0.4551,금감원,대출,,candidate_hybrid,1,0.65,0.35
"갑작스러운 은행 대출 중단 막는다…금감원, '사전 안내' 의무화","최근 은행들이 가계대출 총량관리 여파로 충분한 사전 안내 없이 대출을 중단해 소비자 피해가 잇따르자, 금융감독원이 대출 중단·변경 시 사전 안내 조치를 의무화하기로 했다. 아울러 금융투자업자들이 수수료 실적을...",https://www.newsis.com/view/NISX20260906_0003777926,17,0.5495,1,keep,candidate_hybrid_keep_strong_domain_rule_anchor,17,0.5495,금융감독원;금감원;은행,대출;수수료,,candidate_hybrid,1,0.65,0.35
은행 가계대출 6개월 만에 감소…정책 대출 빼면 증가세,"주요 시중은행 가계대출 잔액이 이달 들어 6개월 만에 감소했습니다. 금융권에 따르면 5대 은행(KB국민·신한·하나·우리·NH농협)의 지난 3일 기준 가계대출 잔액은 781조 3,916억 원으로 지난달 말보다 7,276억 원...",https://news.kbs.co.kr/news/pc/view/view.do?ncd=8655817&ref=A,8,0.5657,1,keep,candidate_hybrid_keep_strong_domain_rule_anchor,8,0.5657,은행;시중은행,대출,,candidate_hybrid,1,0.65,0.35
"5대 은행 가계대출, 6개월 만에 감소…정책대출 빼면 오히려 늘었다",그러나 5대 은행의 가계대출 잔액은 이미 지난해 말보다 6조9096억원 증가해 연간 목표까지 남은 여력은 2000억원 안팎에 그쳤다. 총량 한도가 늘었지만 은행들이 개별 대출 규제를 쉽게 풀기 어려운 이유다. 실제...,https://www.shinailbo.co.kr/news/articleView.html?idxno=5058885,4,0.4616,0,drop,candidate_hybrid_gray_drop_score_lt_threshold,4,0.4616,은행,대출,,candidate_hybrid,1,0.65,0.35
"[단독] 빚 가장 많은 40대, 위험한 빚은 60대…뒤집힌 ‘부채 지도’",가계대출의 무게중심이 과거 50대에서 30~40대로 이동한 셈이다. 반면 상대적으로 상환 위험이 큰 ‘취약한 빚’에서는 정반대 흐름이 나타났다. 한국은행은 3개 이상 금융기관에서 대출받은 다중채무자이면서...,https://www.kmib.co.kr/article/view.asp?arcid=9000009374&cp=nv,5,0.5321,0,drop,candidate_hybrid_gray_drop_score_lt_threshold,5,0.5321,한국은행,,,candidate_hybrid,1,0.65,0.35
케이뱅크 기업대출 '은행최대' 109%↑…수익구조 강화,"올해 2분기 기준 인터넷은행 가계대출 비중은 카카오뱅크가 92.3%로 가장 높으며 이어 △토스뱅크(91.4%) △케이뱅크(83.3%) 순이다. 주요 은행 기업대출(대기업 제외)  잔액 및 연체율 현황. /챗GPT,, 자료=각 사...",http://www.hansbiz.co.kr/news/articleView.html?idxno=862256,11,0.4301,1,keep,candidate_hybrid_keep_strong_domain_rule_anchor,11,0.4301,은행;인터넷은행;연체율,,,candidate_hybrid,1,0.65,0.35
5대 은행 가계대출 반년 만에 감소‥정책대출 빼면 증가세 지속,"5대 시중은행의 가계대출 잔액이 지난 3월 이후 여섯 달 만에 감소세를 보였습니다. 금융권에 따르면, 지난 3일 기준 KB국민과 신한, 하나, 우리, NH농협은행 등 5대 은행의 가계대출 잔액은 781조 3천9백16억...",https://imnews.imbc.com/news/2026/econo/article/6849885_36932.html,7,0.5217,1,keep,candidate_hybrid_gray_keep_domain_score_ge_threshold,7,0.5217,은행;시중은행,,,candidate_hybrid,1,0.65,0.35
가계대출 반년 만에 줄어…정책대출 빼면 증가세 지속,주요 시중은행의 가계대출 잔액이 이달 들어 6개월 만에 감소세로 돌아섰습니다. 다만 정책대출 유동화 영향을 제외하면 은행 자체 가계대출은 오히려 소폭 늘어난 것으로 나타났습니다. 오늘(6일) 금융권에...,https://biz.sbs.co.kr/article_hub/20000332969?division=NAVER,7,0.4271,1,keep,candidate_hybrid_gray_keep_domain_score_ge_threshold,7,0.4271,은행;시중은행,,,candidate_hybrid,1,0.65,0.35
"서민들, 자동차 맡기고 빚 얻어 쓴다","특히 정부가 가계대출 관리 강도를 높이면서 은행권을 중심으로 대출 문턱이 높아진 만큼, 취약 차주들이 저축은행 등 제2금융권의 고금리 대출로 이동하는 풍선효과를 면밀히 살펴야 한다는 지적이다. 김재섭 의원은...",https://www.straightnews.co.kr/news/articleView.html?idxno=310501,5,0.565,0,drop,candidate_hybrid_gray_drop_score_lt_threshold,5,0.565,저축은행,대출,,candidate_hybrid,1,0.65,0.35
"'반년 만에 꺾인 가계대출'…은행권 ""정책대출 제외하면 여전히 증가세...","5대 주요 시중은행의 가계대출 잔액이 9월 초 들어 오랜만에 감소세로 전환된 것으로 확인됐다. KB국민·신한·하나·우리·NH농협 등 5대 은행의 9월 3일 기준 가계대출 잔액은 781조3천916억 원을 기록해, 8월 말...",https://www.ppss.kr/news/articleView.html?idxno=309007,8,0.4576,1,keep,candidate_hybrid_keep_strong_domain_rule_anchor,8,0.4576,은행권;시중은행,,,candidate_hybrid,1,0.65,0.35
정책서민금융에 1.5조 낸 금융권…부실까지 '이중 부담',올해 4월 시행령 개정으로 가계대출 잔액을 기준으로 산정하는 공통출연요율도 은행권은 기존 0.06%에서 0.1%로 올랐다. 정책서민금융 재원 마련을 위한 금융권의 기본 부담 자체가 커진 만큼 향후 출연금 규모가 더...,https://daily.hankooki.com/news/articleView.html?idxno=1402920,0,0.5226,0,drop,candidate_hybrid_gray_drop_score_lt_threshold,0,0.5226,,,,candidate_hybrid,1,0.65,0.35
[취재일기] 가계부채와의 전쟁은 끝났습니까,"토론회에서 입주를 앞두고 잔금대출이 막혔다고 호소한, 이른바 '팰 다르크'로 불린 참석자가 등장한 뒤 시중은행들은 총 5000억원 규모의 잔금대출 한도를 배정했습니다. 이후 가계부채를 엄격히 통제하던 정책 분위기는...",https://www.sisajournal.com/news/articleView.html?idxno=385999,7,0.658,1,keep,candidate_hybrid_model_keep_prob_ge_threshold_with_domain_anchor,7,0.658,시중은행;가계부채,,,candidate_hybrid,1,0.65,0.35
[기자수첩] 고신용자로 불똥 튄 포용금융 청구서,중·저신용자에 대한 대출 공급과 금리 부담 완화를 요구하는 한편 최근에는 민간중금리대출을 가계대출... 은행연합회에 따르면 지난 7월 기준 국민·신한·하나·우리·농협 등 5대 은행의 신용평점 950점 이상 차주에게...,https://www.asiatime.co.kr/article/20260903500113,2,0.6161,0,drop,candidate_hybrid_gray_drop_score_lt_threshold,2,0.6161,,금리;대출,,candidate_hybrid,1,0.65,0.35
"6개월 만에 꺾인 가계대출?…정책대출 빼면 증가세 여전 ""대출 가뭄 연말...",이달 들어 주요 시중은행의 가계대출 잔액이 감소세로 돌아섰다. 하지만 정책금융 상품이 은행 장부에서 빠져나간 데 따른 통계적 착시일 뿐 은행 자체 대출은 여전히 증가세를 이어가고 있는 것으로 나타났다....,https://www.dt.co.kr/article/12082235?ref=naver,13,0.43,1,keep,candidate_hybrid_keep_strong_domain_rule_anchor,13,0.43,은행;시중은행;정책금융,대출,,candidate_hybrid,1,0.65,0.35
총량 목표 3%에도 은행 대출 오픈런 이어졌다,금융당국이 가계대출 총량 관리 목표를 높인 뒤에도 은행권 대출 창구의 오픈런은 이어지고 있다. 일부 은행은 막아뒀던 대출모집인 접수를 다시 열었지만 배정 물량이 빠르게 소진되면서 접수를 재차 중단했다....,https://www.tokenpost.kr/news/policy/403161,8,0.4574,1,keep,candidate_hybrid_keep_strong_domain_rule_anchor,8,0.4574,은행;은행권,대출,,candidate_hybrid,1,0.65,0.35
정부 규제 살짝 풀렸지만…여전히 높은 대출 문턱 어쩌나,실제 지난달 말 기준 5대 은행의 가계대출 잔액은 650조6001억원으로 지난해 말보다 5조6240억원 늘었다. 상향된 연간 증가 목표액 6조9800억원과 비교하면 단순 계산상 남은 여력은 약 1조3560억원 수준이다. 남은 기간 대출...,https://www.kmib.co.kr/article/view.asp?arcid=9000009351&cp=nv,1,0.3988,0,drop,candidate_hybrid_gray_drop_score_lt_threshold,1,0.3988,,대출,,candidate_hybrid,1,0.65,0.35
금융당국 대출 '오픈런' 막겠다더니…새벽 광클·한도 소진 여전,"이후 금리 인상과 부동산 거래 위축으로 가계대출 수요가 줄자, 은행들은 중단했던 상품을 재개하고 금리와 제한 조치를 낮추며 영업 확대로 돌아섰다. 대출금리는 이미 빠르게 오르고 있다. 지난 3일 기준 은행권의 5년...",https://news.einfomax.co.kr/news/articleView.html?idxno=4433610,2,0.4446,0,drop,candidate_hybrid_gray_drop_score_lt_threshold,2,0.4446,,금리;대출,,candidate_hybrid,1,0.65,0.35
"연임 심사 양종희·'주담대 3억' 이환주…KB금융 두 수장, 국감 소환되나...","국회 정무위원회의 증인·참고인 명단은 아직 확정되지 않았지만, 금융지주 지배구조와 은행권 가계대출 관리가 주요 현안으로 떠오르면서 두 사람의 이름이 국감 증인 후보군에 오를 가능성이 제기된다. 양종희 연임...",https://www.the-today.com/news/articleView.html?idxno=89510,4,0.4146,0,drop,candidate_hybrid_gray_drop_score_lt_threshold,4,0.4146,은행권,,,candidate_hybrid,1,0.65,0.35
[글로벌사업 점검 ] [우리은행] 전현기 부행장의 아쉬운 성적표...정상화...,캄보디아우리은행의 부진도 이어졌다. 현지 경기 둔화와 특별채무조정 종료 등에 따른 연체여신 증가로 대손비용이 늘면서 올해 상반기 37억1600만원 순손실을 기록해 지난해 상반기 순이익(150억8100만원) 대비 적자...,https://www.topdaily.kr/articles/111812,1,0.4234,0,drop,candidate_hybrid_gray_drop_score_lt_threshold,1,0.4234,,순이익,,candidate_hybrid,1,0.65,0.35
"[K-금융, 가치를 잇다] KB금융, 사각지대 없는 지원으로 포용금융 앞장","KB국민은행은 올해 3월 금융취약계층 12,433명을 대상으로 총 2785억원 규모의 특별 채무감면을 실시한다고 밝혔다. 채무감면은 중단기연체 채권의 원금감면과 장기연체 채권 소각을 병행하는 방식으로 진행된다. 특히...",https://www.todaykorea.co.kr/news/articleView.html?idxno=405682,2,0.381,0,drop,candidate_hybrid_gray_drop_score_lt_threshold,2,0.381,,채권;금융,,candidate_hybrid,1,0.65,0.35
[2026 머니엑스포] 청년·지역·소상공인·中企 성장에 베팅…'모두의 성...,"이재명 대통령은 지난 5월 12일 국무회의 겸 비상경제점검회의에서 장기연체채권 추심 문제를 거론하며... 은행은 재기와 신용, 자립과 지역으로, 보험은 생명과 안전, 예방과 회복으로 금융의 역할을 확장하고 있다. 금융의...",https://www.econovill.com/news/articleView.html?idxno=748498,0,0.4455,0,drop,candidate_hybrid_gray_drop_score_lt_threshold,0,0.4455,,,,candidate_hybrid,1,0.65,0.35
李 대통령 “노동자 출신이지만 일방적 편들지 않아”,"그는 “292만8000명의 신용점수가 올랐고 11만6000명은 은행 대출을, 3만8000명은 신용카드를 새롭게 이용할 수... 번의 연체가 평생의 발목을 잡아서는 안 된다”며 “성실히 땀 흘려 노력하면 누구에게나 다시 희망이 생기는...",https://www.segye.com/newsView/20260906508892?OutUrl=naver,3,0.5194,0,drop,candidate_hybrid_gray_drop_score_lt_threshold,3,0.5194,은행,,,candidate_hybrid,1,0.65,0.35
빚 때문에 삶 포기하지 않도록… 제도 밖 위기채무자까지 지원망 '재정...,5대 금융지주는 올해 상반기 2조3000억원 규모의 연체채권을 자체 채무조정하고 1조5000억원 규모의 장기 연체채권을 소각·시효 완성했다. KB국민은행은 신복위와 '마음돌봄 심리상담 서비스'를 운영해 채무조정...,https://www.insnews.co.kr/news/articleView.html?idxno=92609,0,0.4234,0,drop,candidate_hybrid_gray_drop_score_lt_threshold,0,0.4234,,,,candidate_hybrid,1,0.65,0.35
"‘2채에 650억, 사용감 없음’…이란 최고지도자 차명의심 英 초호화 주...","보도에 의하면 두 부동산의 등기상 소유자는 이란계 은행가 알리 안사리다. 미국 재무부는 지난 7월 그를... 이란인터내셔널은 안사리가 두 아파트의 주택담보대출을 연체한 뒤, 영국 정부가 아파트 매각을 승인한...",https://www.dt.co.kr/article/12082361?ref=naver,0,0.4958,0,drop,candidate_hybrid_gray_drop_score_lt_threshold,0,0.4958,,,,candidate_hybrid,1,0.65,0.35
"[공시분석] 윌비스, 은행관리 중단되자 회생절차 개시 신청",연체 사유는 자금 유동성 부족으로 대출원리금 미상환이 발생했기 때문이라고 설명했다. 지난 4월20일 채권은행 등의 공동관리절차 개시로 채권금융기관의 채권행사가 유예됐으나 지난 8월28일 공동관리절차 중단으로...,https://www.moneystorm.kr/news/articleView.html?idxno=6260,5,0.5985,0,drop,candidate_hybrid_gray_drop_score_lt_threshold,5,0.5985,유동성,연체,,candidate_hybrid,1,0.65,0.35
'최대 두 달' 걸려 털리던 고인 계좌… '이때부터' 사망신고 다음 날 금...,거쳐 은행·보험·카드·증권·저축은행·상호금융 등 전 금융권 4890개 사에 실시간으로 연계하는 방식을... 따른 연체 수수료 부과나 서비스 해지 등의 2차적 피해를 겪지 않도록 유의해야 한다. 사망자 정보 보호 통제 체계...,https://www.wikitree.co.kr/articles/1157592,14,0.7557,1,keep,candidate_hybrid_keep_strong_domain_rule_anchor,14,0.7557,은행;저축은행;상호금융,연체;수수료,,candidate_hybrid,1,0.65,0.35
"이 대통령 ""한번의 연체가 평생 발목 잡아선 안돼…재기의 길 넓히겠다...","명은 은행 대출을, 3만8천 명은 신용카드를 새롭게 이용할 수 있게 됐다""며 정부의 신용회복 성과를... 번의 연체가 평생의 발목을 잡아서는 안 된다""며 ""한 번의 어려움에 주저앉지 않고 다시 일어설 수 있도록 재기의...",https://www.kihoilbo.co.kr/news/articleView.html?idxno=3033690,3,0.5492,0,drop,candidate_hybrid_gray_drop_score_lt_threshold,3,0.5492,은행,,,candidate_hybrid,1,0.65,0.35
"이재명 대통령 ""재기의 길""…연체자 292만명, 신용회복으로 기지개","그가 공개한 수치를 보면 이번 지원으로 292만8000명의 신용점수가 올랐고, 11만6000명은 은행 대출 문턱을 다시... 질병이나 사고, 실직, 사업 부진처럼 개인의 힘으로 어쩔 수 없는 충격으로 연체가 생기면, 신용점수가...",https://www.joongangenews.com/news/articleView.html?idxno=545878,4,0.5642,0,drop,candidate_hybrid_gray_drop_score_lt_threshold,4,0.5642,은행,대출,,candidate_hybrid,1,0.65,0.35
"李 대통령 ""한 번의 연체가 평생 발목 잡아선 안 돼""","이재명 대통령이 5일 성실상환자 신용회복 지원 성과를 소개하며 ""한 번의 연체가 평생의 발목을 잡아서는... 올랐다""며 ""11만6000명은 은행 대출을, 3만8000명은 신용카드를 새롭게 이용할 수 있게 됐다""고 소개했다.이어...",https://news.mtn.co.kr/news-detail/2026090613163465111,3,0.5313,0,drop,candidate_hybrid_gray_drop_score_lt_threshold,3,0.5313,은행,,,candidate_hybrid,1,0.65,0.35
1인 가구 만족도 73.5%로 상승…최대 고민은 '경제력',"남성의 연체 경험률(14.5%)은 여성(4.9%)의 세 배에 육박했고, 50대 남성으로 좁히면 이 비율이 25.6%까지... 시중은행 예치 비중은 2024년 45.6%에서 올해 43.1%로 내려간 반면, 증권사 비중은 22.6%에서 28.6%로 치솟았다. 자산...",https://www.joongangenews.com/news/articleView.html?idxno=545868,9,0.6799,1,keep,candidate_hybrid_keep_strong_domain_rule_anchor,9,0.6799,시중은행;증권사,연체,,candidate_hybrid,1,0.65,0.35
"고인 금융거래 즉시 차단, 사망신고 후 최대 2개월 '빈틈' 없앤다",앞으로 사망 정보가 매일 금융권에 전달되고 은행·보험·카드·증권 등 모든 금융회사가 거래 직전 사망... 유가족은 연체가 발생하지 않도록 납부 계좌를 변경할 필요가 있다. 사망자의 금융자산은 금감원의 '상속인...,http://www.inews24.com/view/2002241,3,0.6956,0,drop,candidate_hybrid_drop_model_keep_without_domain_anchor,3,0.6956,은행,,,candidate_hybrid,1,0.65,0.35
사망신고 다음날부터 고인 명의 금융거래 막힌다,"대상 금융회사도 일부 은행 중심에서 은행과 보험, 카드, 증권, 저축은행, 상호금융 등을 포함한 전 금융권... 금융당국은 요금이 연체되지 않도록 자동이체 계좌나 납부 방법을 변경할 필요가 있다고 안내했다. 상속 대상...",https://www.fnnews.com/news/202609061043171608,11,0.8015,1,keep,candidate_hybrid_keep_strong_domain_rule_anchor,11,0.8015,은행;저축은행;상호금융,,,candidate_hybrid,1,0.65,0.35
경남은행 건전성 관리 부담 커진다,부실채권은 통상 3개월 이상 연체되거나 채무자 상환능력이 떨어져 회수 가능성이 낮다고 판단되는 대출을 말한다. 경남은행도 부실채권 증가세가 이어지고 있다. 6월 말 부실채권은 5000억 원으로 직전 분기보다...,https://www.idomin.com/news/articleView.html?idxno=2014123,6,0.6327,1,keep,candidate_hybrid_gray_keep_domain_score_ge_threshold,6,0.6327,부실채권,건전성,,candidate_hybrid,1,0.65,0.35
"李대통령 ""한 번의 연체가 평생 발목 잡아선 안 돼""","일시적인 연체를 이유로 금융시장 접근이 장기간 제한되는 문제를 완화하고, 이후 성실하게 채무 를 상환한... 이 대통령은 5일 X(옛 트위터)에 ""292만8000 명의 신용점수가 올랐고, 11만6000명은 은행 대출을, 3만 80 00명은...",https://www.newsfreezone.co.kr/news/articleView.html?idxno=707735,3,0.5392,0,drop,candidate_hybrid_gray_drop_score_lt_threshold,3,0.5392,은행,,,candidate_hybrid,1,0.65,0.35
"'생애 첫 연체가 인생을 가로막지 않게'…이재명 대통령 ""성실상환자 위...","공개된 수치에 따르면, 지금까지 292만8천명의 신용점수가 향상됐으며 11만6천명이 새롭게 은행 대출을... 번의 연체로 인해 인생 전체가 막히지 않아야 한다면서, ""누구나 땀 흘려 노력하면 다시 희망을 가질 수 있는...",https://www.ppss.kr/news/articleView.html?idxno=308996,3,0.533,0,drop,candidate_hybrid_gray_drop_score_lt_threshold,3,0.533,은행,,,candidate_hybrid,1,0.65,0.35
혼자 살아도 10명 중 7명 “만족해요”…800만 싱글 최대 고민은 ‘이것...,“전세 줄고 월세 늘어”…50대 남성 4명 중 1명 ‘월세 연체 경험’ 1인 가구의 주거 지형도 빠르게... 시중은행에 자산을 예치한 비중은 2024년 45.6%에서 올해 43.1%로 낮아진 반면 증권사 비중은 22.6%에서 28.6%로...,https://www.mk.co.kr/article/12145221,9,0.5792,1,keep,candidate_hybrid_keep_strong_domain_rule_anchor,9,0.5792,시중은행;증권사,연체,,candidate_hybrid,1,0.65,0.35
"[2026 머니엑스포] 하나금융, 16조 포용금융 본격화…청년·소상공인 안...",장기 분할상환을 이용하는 고객 가운데 최근 6개월간 누적 연체일수가 10일 이하인 성실상환자에게는 금리를 0.5%포인트 감면한다. 채무조정을 마친 고객의 제도권 금융 복귀도 지원한다. 하나은행과 하나카드는...,https://www.econovill.com/news/articleView.html?idxno=748382,1,0.2657,0,drop,candidate_hybrid_model_drop_prob_le_threshold,1,0.2657,,금융,,candidate_hybrid,1,0.65,0.35
"[2026 머니엑스포] KB금융, 17조 포용금융 추진…취약계층 회복·재기 잇...",특히 장기 연체 상태에 놓인 만 34세 이하 청년도 지원 대상에 포함해 청년층 재기 기회를 넓혔다. 채무 문제로 금융 접근이 어려워진 고객을 위한 상담 인프라도 확대하고 있다. KB국민은행은 'KB희망금융센터'를...,https://www.econovill.com/news/articleView.html?idxno=747811,2,0.3664,0,drop,candidate_hybrid_gray_drop_score_lt_threshold,2,0.3664,,연체;금융,,candidate_hybrid,1,0.65,0.35
"李대통령 ""한 번의 연체가 평생 발목 잡으면 안 돼""","이 대통령은 5일 엑스(X·옛 트위터)에 올린 글에서 ""292만8000명의 신용점수가 올랐고 11만 6000명은 은행... 번의 연체가 평생의 발목을 잡아서는 안 된다""며 ""성실히 땀 흘려 노력하면 다시 희망이 생기는 사회를 만들겠다...",https://view.asiae.co.kr/article/2026090609273278433,3,0.5082,0,drop,candidate_hybrid_gray_drop_score_lt_threshold,3,0.5082,은행,,,candidate_hybrid,1,0.65,0.35
이 대통령 “한 번 연체가 평생 발목 잡아서야…292만 8000명 신용점수 ...,"이재명 대통령이 성실 상환자 신용회복 지원과 관련해 ""한 번의 연체가 평생의 발목을 잡아서는 안 된다""며... 이 대통령은 ""292만 8000명의 신용점수가 올랐다""며 ""11만 6000명은 은행 대출을, 3만 8000명은 신용카드를 새롭게...",https://www.ichannela.com/news/main/news_detailPage.do?publishId=000000548894,3,0.5313,0,drop,candidate_hybrid_gray_drop_score_lt_threshold,3,0.5313,은행,,,candidate_hybrid,1,0.65,0.35
