date,title,summary,url,auto_label,auto_label_confidence,auto_label_reason,model_prob,model_pred,disagreement_type,decision,decision_reason,relevance_score,matched_hard,matched_soft,matched_negative
2026-06-01,‘빚투’에 5월 신용대출 주담대보다 100배 넘게 늘었다,5대 은행(KB국민·신한·하나·우리·NH농협)의 28일 기준 가계대출 잔액은 770조2728억원으로 지난달 말(767조2960억원) 대비 2조9768억원(0.39%) 증가했다. 지난해 8월(+3조9251억원) 이후 최대 증가 폭이다. 코스피가...,https://www.news1.kr/photos/7934640,1,0.95,strong_keep_bank_consumer_credit,0.467472,0,pseudo_keep_model_drop,keep,candidate_hybrid_model_keep_prob_ge_threshold_with_domain_anchor,3,은행,,
2026-06-08,상품권으로 둔갑한 불법 사채…협박·고소까지 추심 수법 진화,◆ 신종 불법사금융 '상품권 사채' 최근 경찰의 불법 사금융 단속이 강화되면서 '상품권 예약 판매'가 신종 사채 수법으로 암암리에 퍼지고 있다. 경찰에 따르면 상품권 사채는 급전이 필요한 사람이 사채업자와 상품권...,https://www.imaeil.com/page/view/2026060513534212984,1,0.95,strong_keep_lending_consumer_protection,0.492273,0,pseudo_keep_model_drop,keep,candidate_hybrid_keep_strong_domain_rule_anchor,10,불법사금융,,
2026-05-21,"현대해상, ALM 강화로 K-ICS 방어···""배당보다 자본 축적""",현대해상의 장기보험 손익은 2659억원으로 전년 동기 대비 132.5% 증가했다. 보험료 인하 영향으로... 금융당국이 지난 1월 5세대 실손보험 상품설계 개편안에 따라 과거 비용으로 반영했던 손실준비금 일부가 1분기...,http://www.finomy.com/news/articleView.html?idxno=254631,1,0.95,strong_keep_insurance_risk,0.501167,0,pseudo_keep_model_drop,drop,candidate_hybrid_model_drop_prob_le_threshold,6,킥스,보험료,
2026-05-20,"손보사 1분기 실적, 장기보험·투자손익 ‘방어력’에서 갈렸다",다만 자동차보험 손익은 1분기 96억원 적자를 나타냈다. 과거 보험료 인하 누적 영향과 연초 강설로 인한... 장기보험도 실손·질병 담보 손해율 부담 확대로 예전만큼 폭발적인 수익성을 보장하지 못하고...,https://www.ekn.kr/web/view.php?key=20260519028505800,1,0.95,strong_keep_insurance_risk,0.506025,0,pseudo_keep_model_drop,drop,candidate_hybrid_model_drop_prob_le_threshold,6,손보사,보험료;실손;실적,
2026-05-21,"[금융 게시판] 은행권, 정책형 펀드·상생금융·소상공인 지원 확대… ""...","과거 단순 사회공헌 중심에서 벗어나 금리·수수료·운영비 절감 등 고객이 직접 체감할 수 있는 방식으로... 카드 가맹점 결제계좌를 최초로 수협은행으로 등록한 개인사업자를 대상으로 진행되며, 카드사 2곳 이상...",https://www.lcnews.co.kr/news/articleView.html?idxno=202422,1,0.95,strong_keep_card_credit,0.509533,0,pseudo_keep_model_drop,keep,candidate_hybrid_keep_strong_domain_rule_anchor,11,은행권;카드사,금리;수수료;가맹점;금융,
2026-06-01,"금리 올라도 '빚투'…5월 신용대출, 주담대보다 100배 넘게 늘었다",5대 은행(KB국민·신한·하나·우리·NH농협)의 28일 기준 가계대출 잔액은 770조2728억원으로 지난달 말(767조2960억원) 대비 2조9768억원(0.39%) 증가했다. 지난해 8월(+3조9251억원) 이후 최대 증가 폭이다. 코스피가...,https://www.news1.kr/photos/7934638,1,0.95,strong_keep_bank_consumer_credit,0.511465,0,pseudo_keep_model_drop,keep,candidate_hybrid_model_keep_prob_ge_threshold_with_domain_anchor,4,은행,금리,
2026-05-29,"""실손 위험액 과소평가 막는다""…당국 보험료 조정률 상한 설정",이는 보험사가 지급여력(K-ICS·킥스)비율을 산출할 때 실손보험 손해율 상승분을 향후 보험료 인상으로 과도하게 상쇄할 수 있다고 가정해 위험액을 낮게 평가하는 것을 막기 위한 조치다. 보험사들은 실손보험 위험액을...,https://www.asiatime.co.kr/article/20260528500384,1,0.95,strong_keep_insurance_risk,0.518488,0,pseudo_keep_model_drop,keep,candidate_hybrid_gray_keep_domain_score_ge_threshold,7,킥스,보험료;실손,
2026-05-29,"[발언대] 불법 사금융, 스마트치안·범정부 대응을",노리는 불법사금융이 번지고 있다. 특히 분노를 금할 수 없는 것은 현금을 빌려주고 상품권으로 갚게 하는... 수법이 날로 흉포·지능화되는 상황에서 종전의 경고나 사후약방문식 단속만으로는 악순환 고리를 끊어낼 수...,https://www.kyeongin.com/article/1764515,1,0.95,strong_keep_lending_consumer_protection,0.524193,0,pseudo_keep_model_drop,keep,candidate_hybrid_keep_strong_domain_rule_anchor,8,불법사금융,,
2026-05-19,5세대 실손 실제 보험료 인하폭 '천차만별'…삼성화재 43%·흥국화재 27%,"18일 보험업계에 따르면, 9개 주요 손보사(삼성화재·메리츠화재·DB손보·현대해상·KB손보·한화손보·흥국화재·롯데손보·농협손보)의 40세 남성 건강체 기준 5세대 실손보험 월 보험료 평균은 1만5277원으로...",https://www.shinailbo.co.kr/news/articleView.html?idxno=5021796,1,0.95,strong_keep_insurance_risk,0.527454,0,pseudo_keep_model_drop,keep,candidate_hybrid_keep_strong_domain_rule_anchor,8,보험업계;손보사,보험료;실손,
2026-05-20,단체 실손 끝나고 개인 실손 받으려면 1개월 내 재개 신청해야,"19일 금융감독원에 따르면 개인 실손보험과 회사 단체 실손보험에 동시에 가입한 경우 개인 실손보험 보험료 납입을 중지할 수 있다. 가입 후 1년이 지난 개인 실손보험이 대상이며, 중복되는 보장 항목만 중지하는...",http://www.newsfc.co.kr/news/articleView.html?idxno=78776,1,0.95,strong_keep_insurance_risk,0.534461,0,pseudo_keep_model_drop,keep,candidate_hybrid_keep_strong_domain_rule_anchor,8,금융감독원,보험료;실손,
2026-05-28,"우리은행, 2금융권 고객 대상 ‘갈아타기 대출’ 출시…최고금리 연 7% ...","초기 상환 압박을 줄여 연체 위험을 완화하고 장기적인 상환 안정성을 높이는 데 초점을 맞췄다는 설명이다. 최근 금융당국이 은행권의 ‘상생금융’ 역할 확대를 강조하는 가운데, 이번 상품은 우리금융 계열사 내부...",https://www.todayeconomic.com/news/article.html?no=30740,1,0.95,strong_keep_lending_consumer_protection,0.535007,0,pseudo_keep_model_drop,keep,candidate_hybrid_gray_keep_domain_score_ge_threshold,7,최고금리,대출;연체,
2026-05-26,"한화손보, 일반 보험 흑자 전환 성공…자동차 손실 상쇄하는 체질 개선...","한화손해보험이 실손 의료비 지급 증가와 자동차 보험 부문의 일시적 손실 속에서도 여성 및 시니어 특화... 비록 자동차 보험 부문이 보험료 요율 인하 효과와 사고율 상승 탓에 265억 원의 영업손실을 냈으나, 고마진...",https://www.pinpointnews.co.kr/news/articleView.html?idxno=455105,1,0.95,strong_keep_insurance_risk,0.535554,0,pseudo_keep_model_drop,drop,candidate_hybrid_gray_drop_score_lt_threshold,5,손해보험,보험료;실손,
2026-05-27,"농협금융, AI 신용평가로 '갈아타기 대출' 승부수","특히 은행·캐피탈·저축은행을 하나의 금융사다리로 연결해 중저신용자의 단계적 신용 상향 구조를... 기존 금융권 신용평가는 대출 이력, 연체 기록, 카드 사용 정보 등 금융정보 중심이었다. 반면 농협금융은 앞으로...",https://www.newsworks.co.kr/news/articleView.html?idxno=841818,1,0.95,strong_keep_bank_consumer_credit,0.540666,0,pseudo_keep_model_drop,keep,candidate_hybrid_keep_strong_domain_rule_anchor,13,은행;저축은행;캐피탈,대출;연체,
2026-05-20,"""직장인들 모르고 두 번 냈다""...실손 단체 가입시 개인보험 중지 가능",단체실손보험 가입 이후에 개인 실손보험 보험료 납입을 중지할 수 있다. 금융감독원은 19일 실손의료보험 관련 유의사항을 통해 이같이 안내했다. 개인실손보험과 단체실손보험에 중복으로 가입된 경우 개인실손보험의...,http://www.fnnews.com/news/202605191418131114,1,0.95,strong_keep_insurance_risk,0.541438,0,pseudo_keep_model_drop,keep,candidate_hybrid_keep_strong_domain_rule_anchor,8,금융감독원,보험료;실손,
2026-05-19,"울산경찰, 내구제 대출 사기범 82명 검거…포상 선정",울산경찰청은 신종 사기 수법 '내구제 대출(내가 나를 구제한다)' 단속 성과로 경찰청 특별성과 포상금 대상에 선정됐다고 18일 밝혔다. 내구제 대출은 금융기관이 아닌 불법사금융을 통한 변칙 대출을 의미한다....,https://www.newsis.com/view/NISX20260518_0003633817,1,0.95,strong_keep_lending_consumer_protection,0.545266,0,pseudo_keep_model_drop,keep,candidate_hybrid_keep_strong_domain_rule_anchor,9,불법사금융,대출,
2026-05-19,"'사이버 도박, 자진신고 기간' 운영",이번 자진신고 기간은 단속과 처벌 중심의 사후 대응만으로는 청소년 도박의 확산과 2차 범죄를 막기 어렵다고 보고 ▲ 조기 발견 ▲ 치유 ▲ 불법사금융 피해...,http://www.breaknews.com/1207775,1,0.95,strong_keep_lending_consumer_protection,0.548533,0,pseudo_keep_model_drop,keep,candidate_hybrid_keep_strong_domain_rule_anchor,8,불법사금융,,
2026-05-19,실손 요구자본 기준 통일되니…손보사 자본건전성 '쑥',금감원은 지난해 말 보험업감독업무시행세칙 개정을 예고하고 실손보험과 관련한 킥스비율 내 생명·장기손해보험위험액 산출 시 적용할 실손보험 보험료 조정률 최대한도를 제시했다. 이번 개정은 보험사들이...,https://www.kbanker.co.kr/news/articleView.html?idxno=224973,1,0.95,strong_keep_insurance_risk,0.549450,0,pseudo_keep_model_drop,keep,candidate_hybrid_keep_strong_domain_rule_anchor,8,손해보험;손보사,보험료;실손,
2026-05-20,직장 실손 가입하면 납입중지로 보험료 아끼세요,금융감독원 민원 사례에 따르면 A씨는 입사 이후 직장내 단체실손보험에 가입한 뒤에도 개인실손보험료를 성실히 납부했다. A씨는 납입중지 제도를 설명받지 못해 보험료를 이중 납입하는 손해를 봤다. 개인 실손보험을...,https://www.kbanker.co.kr/news/articleView.html?idxno=224979,1,0.95,strong_keep_insurance_risk,0.550058,0,pseudo_keep_model_drop,keep,candidate_hybrid_keep_strong_domain_rule_anchor,8,금융감독원,보험료;실손,
2026-05-20,실손 갈아탔다가 못 돌아간다? 핵심은 ‘6개월’,"보험료 부담만 보고 섣불리 전환했다가는 되돌아가지 못할 수 있다. 금융감독원은 최근 민원 사례를 바탕으로 실손보험 관련 소비자 유의사항을 안내하며, “과거 가입한 실손보험을 최근 판매 중인 실손보험으로...",https://m.skyedaily.com/news_view.html?ID=304341,1,0.95,strong_keep_insurance_risk,0.553163,0,pseudo_keep_model_drop,keep,candidate_hybrid_keep_strong_domain_rule_anchor,8,금융감독원,보험료;실손,
2026-06-02,반도체 랠리 속 '지지부진' 은행株…하반기엔 달라질까,일반적으로 금리 상승은 예대금리차 확대를 통해 은행의 순이자마진(NIM) 증가로 이어질 수 있어 은행주에 우호적인 환경으로 평가된다. 은행권의 적극적인 주주환원 정책도 투자 매력을 높이는 요인이다. 금리 상승에...,https://www.imaeil.com/page/view/2026060110395119896,1,0.95,strong_keep_bank_consumer_credit,0.556724,0,pseudo_keep_model_drop,keep,candidate_hybrid_keep_strong_domain_rule_anchor,8,은행;예대금리차,금리,
2026-05-20,가계 빚 1993조원으로 늘어…비은행 주택 대출·‘빚투’ 영향 확대,가계신용은 은행 등에서 받은 가계대출과 대금 결제를 하지 않은 판매신용(신용카드 판매액 등)을 합친 금액이다. 전체 가계신용 중에서 가계대출(1865조8천억원)이 많이 늘었다. 1분기 동안 증가 폭이 12조9천억원에...,https://www.hani.co.kr/arti/economy/economy_general/1259361.html,1,0.95,strong_keep_bank_consumer_credit,0.557073,0,pseudo_keep_model_drop,keep,candidate_hybrid_model_keep_prob_ge_threshold_with_domain_anchor,4,은행,대출,
2026-05-29,"삼성생명·화재, 해외사업 '쌍끌이' 질주… 실적 성장 발판 글로벌 확장...",있는 보험업 특성이 동시에 나타난 것으로 보고 있다. 한편 삼성화재의 올해 3월 말 기준 지급여력비율(K-ICS·킥스)은 270.1%로 전년 말(262.9%) 대비 7.2%p 상승했다. 기본자본비율 역시 184.5%로 전년 말(170.7%)보다 13.8%p...,https://www.ilyoseoul.co.kr/news/articleView.html?idxno=517725,1,0.95,strong_keep_insurance_risk,0.557208,0,pseudo_keep_model_drop,keep,candidate_hybrid_gray_keep_domain_score_ge_threshold,6,킥스,실적,
2026-05-27,"[단독] ""상품권 사기당했다""던 피해자, 알고보니 연 3,128% 사채업자","최근 정부는 이같은 상품권 매개 고리대금업이 기승을 부리자 '상품권 사채'도 불법사금융으로 보겠다고 밝히고 단속에 들어갔다. 광주지법, ""상품권 사채 피해자에게 '사기' 혐의 무죄"" 선고 광주지법 형사6단독 차기현...",https://www.lawtimes.co.kr/news/articleView.html?idxno=221099,1,0.95,strong_keep_lending_consumer_protection,0.557571,0,pseudo_keep_model_drop,keep,candidate_hybrid_keep_strong_domain_rule_anchor,8,불법사금융,,
2026-06-06,"대법 ""불법사금융 초과이자 사후에 모두 반환해도 추징 가능""",미등록 대부업자가 법정 제한을 초과해 받은 이자를 사후에 피해자에게 모두 돌려주었더라도 범죄수익 추징 대상이 된다는 대법원 판단이 5일 나왔다. 사진은 대법원. [사진=뉴스핌 DB] 앞서 A씨는 2017년부터 2020년까지...,https://www.newspim.com/news/view/20260605000293,1,0.95,strong_keep_lending_consumer_protection,0.558116,0,pseudo_keep_model_drop,keep,candidate_hybrid_keep_strong_domain_rule_anchor,8,불법사금융,,
2026-05-19,대출 어려운 저신용자 상대 가전제품 렌탈 구매 사기범 무더기 검거,"광고는 불법사금융일 가능성이 크다”며 “렌털 명의자 또한 단순 피해자가 아닌 공범으로 처벌받을 수 있음을 각별히 유의해야 한다”고 말했다. 한편, 울산경찰청은 이 같은 사기사건에 대한 단속 성과로 경찰청이...",http://www.kookje.co.kr/news2011/asp/newsbody.asp?code=0300&key=20260518.99099004653,1,0.95,strong_keep_lending_consumer_protection,0.564646,0,pseudo_keep_model_drop,keep,candidate_hybrid_keep_strong_domain_rule_anchor,9,불법사금융,대출,
2026-06-01,5대 은행 신용대출 2.6조 급증…주담대 제자리 속 ‘빚투’ 재가열,"5대 은행의 가계대출 잔액은 이달 28일 기준 770조2728억 원으로, 4월 말보다 2조9768억 원 증가했다. 지난해 8월 이후 가장 큰 증가 폭이다. 문제는 신용대출 금리 부담이다. 5대 은행의 신용대출 금리는 이달 29일 기준...",https://www.betanews.net/article/view/beta202605310014,1,0.95,strong_keep_bank_consumer_credit,0.564982,0,pseudo_keep_model_drop,keep,candidate_hybrid_model_keep_prob_ge_threshold_with_domain_anchor,4,은행,금리,
2026-05-28,"KB국민은행, NIM 강자…본업 경쟁력 앞서 [리딩뱅크 경쟁]","금융권 관계자는 ""가계대출 규제 등으로 NIM 하락이 예상되는 가운데 은행 본업 경쟁력 외에도 WM 등 수수료 부문, 글로벌 부문 중요도가 상대적으로 커졌다""고 분석했다.",https://www.sisaon.co.kr/news/articleView.html?idxno=201395,1,0.95,strong_keep_bank_consumer_credit,0.566130,0,pseudo_keep_model_drop,drop,candidate_hybrid_gray_drop_score_lt_threshold,4,은행,수수료,
2026-05-22,"부산시, 대부업체 51곳 현장점검…불법 사금융 피해 예방","등을 단속할 계획이다. 시는 지난해 대부업체 49곳을 점검해 계약서류 누락 등의 사유로 10개 업체에... 부산시는 불법·부당행위로 피해를 본 경우 금융감독원 불법사금융신고센터(☎1332), 신용회복위원회(☎1600-5500)...",https://www.yna.co.kr/view/AKR20260522019300051?input=1195m,1,0.95,strong_keep_lending_consumer_protection,0.566228,0,pseudo_keep_model_drop,keep,candidate_hybrid_keep_strong_domain_rule_anchor,14,금융감독원;불법사금융,,
2026-06-08,"정부, 서민 울리는 불법 사금융..""민생 침해 1순위""",그동안 불법사금융 단속은 행정 지도 위주로 이뤄져 실질적인 처벌에 한계가 있다는 지적이 제기돼 왔다. 정부는 이러한 맹점을 보완하기 위해 특사경의 수사 범위를 확대하는 한편 디지털 포렌식 등 첨단 수사 기법을 적극...,http://www.newsbrite.net/news/articleView.html?idxno=198488,1,0.95,strong_keep_lending_consumer_protection,0.569002,0,pseudo_keep_model_drop,keep,candidate_hybrid_keep_strong_domain_rule_anchor,8,불법사금융,,
2026-05-19,'상품권 상환' 신종 사채 이용한 30대 여성…모텔서 숨진 채 발견,한편 경찰청은 지난해 11월부터 올해 4월까지 6개월간 불법사금융 특별단속을 벌여 1284건을 적발하고 1553명을 검거했다고 지난 14일 밝혔다. 이 가운데 51명은 구속됐다. 경찰은 이번 단속에서 상품권 예약판매를 가장한...,https://view.asiae.co.kr/article/2026051819062406991,1,0.95,strong_keep_lending_consumer_protection,0.575941,0,pseudo_keep_model_drop,keep,candidate_hybrid_keep_strong_domain_rule_anchor,8,불법사금융,,
2026-05-27,"국힘, 평택을 민주 김용남 고발…""차명 대부업 운영 의혹""","국민의힘은 ""현행 대부업법상 타인에게 자기 명의로 대부업을 하게 하거나 등록증을 대여한 행위는 5년 이하의 징역 또는 2억 원 이하의 벌금에 처해질 수 있다""며 ""미등록 상태에서 실질적인 대부업을 영위한 것이라면...",https://www.news1.kr/politics/assembly/6177756,1,0.95,strong_keep_lending_consumer_protection,0.588122,0,pseudo_keep_model_drop,keep,candidate_hybrid_keep_strong_domain_rule_anchor,11,대부업;대부업법,,
2026-05-22,포용금융·대출 역성장에 금리 문턱 낮추는 은행들…확산 조짐,국회 정무위원회 소속 이인영 더불어민주당 의원실이 금융감독원으로부터 제출받은 자료에 따르면 1분기 5대 은행의 가계대출 자산은 전년 말 대비 6조4439억원 감소한 것으로 집계됐다. 한 은행 여신담당 임원은 “경쟁...,https://biz.heraldcorp.com/article/10742564?ref=naver,1,0.95,strong_keep_bank_consumer_credit,0.588678,0,pseudo_keep_model_drop,keep,candidate_hybrid_keep_strong_domain_rule_anchor,11,금융감독원;은행,금리;대출,
2026-05-21,"[카드업계 1Q 분석]④ 신한카드, 플랫폼 확대 속 비용 효율 후퇴",/ 신한카드 제공 카드사 실적을 좌우하던 공식이 서서히 변화하고 있다. 결제 규모를 키우는 외형... 수수료 부문 역시 개선를 보였다. 수수료수익은 4760억원에서 5084억원으로 6.8%(324억원) 증가했고...,http://www.hansbiz.co.kr/news/articleView.html?idxno=839788,1,0.95,strong_keep_card_credit,0.589481,0,pseudo_keep_model_drop,drop,candidate_hybrid_gray_drop_score_lt_threshold,4,카드사,수수료,
2026-05-22,"이억원 ""금융사 포용금융 최고책임자 지정 추진""…연체채권 추심업, 허...","빙자한 불법사금융에 대해서도 강경 대응 방침을 분명히 했다. 이어 ""피해자는 상환할 필요가 없으며 온라인 원스톱 신고 체계를 통해 즉시 지원받을 수 있다""며 ""경찰과 관계부처가 공조해 단속을 강화하겠다""고 강조했다.",https://view.asiae.co.kr/article/2026052113402393001,1,0.95,strong_keep_lending_consumer_protection,0.589779,0,pseudo_keep_model_drop,keep,candidate_hybrid_keep_strong_domain_rule_anchor,8,불법사금융,,
2026-05-29,장기·과잉 추심이 스스로 억제되는 시장 구조로 전환해 나가겠다.,정책서민금융 금리인하 및 공급확대 등 서민·취약계층의 비용부담을 낮추고 제도권 금융접근성을 제고해... (위탁추심)과 대부업법상 매입채권추심업(매입추심)으로 이원화되어 있는 채권추심업을 장기적으로 하나의...,http://www.intn.co.kr/news/articleView.html?idxno=2050990,1,0.95,strong_keep_lending_consumer_protection,0.591525,0,pseudo_keep_model_drop,keep,candidate_hybrid_keep_strong_domain_rule_anchor,11,대부업법;채권추심,,
2026-05-20,"현대해상, 보험손익 성장에 연이틀 코스피 강세...질적지표 개선도 '뚜...",특히 본업인 보험손익의 개선세가 돋보인다. 현대해상의 1분기 보험손익은 전년 대비 71.7% 급증한... 1분기 말 현대해상의 지급여력(킥스)비율은 207.2%로 지난해 말 보다 17.0%p 상승했다. 기본자본 킥스비율도 같은...,https://www.greened.kr/news/articleView.html?idxno=340929,1,0.95,strong_keep_insurance_risk,0.595891,0,pseudo_keep_model_drop,keep,candidate_hybrid_gray_keep_domain_score_ge_threshold,7,킥스,코스피,
2026-05-26,"野, '대부업 논란' 김용남에 집중포화…유의동 ""金, 후보직 사퇴해야""","국민의힘은 25일 경기도 평택을 국회의원 재선거에 출마한 김용남 더불어민주당 후보의 '차명 대부업체 운영... 법정 최고 수준의 금리로 돈을 벌었다는 의혹 앞에서는 침묵할 수 있는 것이냐""라고 목소리를 높였다. 유...",https://www.news1.kr/politics/assembly/6176683,1,0.95,strong_keep_lending_consumer_protection,0.596197,0,pseudo_keep_model_drop,drop,candidate_hybrid_gray_drop_score_lt_threshold,5,대부업,,
2026-05-22,"이억원 ""금융사 '포용금융 최고책임자' 지정 추진…내재화 필요""","또 ""매입채권추심업은 금융회사에서 연체채권을 기본적으로 싼값에 사 와 추심을 해 이익을 내는 구조이기... 대규모 제재이고 다수 금융기관이 관련됐고 나중에 유사사례의 시금석이 될 수 있다""며 ""사실관계 파악이나...",https://www.yna.co.kr/view/AKR20260521097800002?input=1195m,1,0.95,strong_keep_lending_consumer_protection,0.596962,0,pseudo_keep_model_drop,drop,candidate_hybrid_gray_drop_score_lt_threshold,5,채권추심,,
2026-05-26,'탱크데이' 논란 번진 스타벅스…제휴 카드업계는 당혹,이에 따라 카드사들은 스타벅스 제휴 경쟁에 뛰어들었지만 사업이 본격화되기도 전에 논란이 불거지면서 부담을 안게 됐다. 최근 카드업계는 가맹점 수수료 인하와 카드론 규제 강화 등으로 수익성 확보가 어려워지자...,https://www.namdonews.com/news/articleView.html?idxno=911555,1,0.95,strong_keep_card_credit,0.597546,0,pseudo_keep_model_drop,keep,candidate_hybrid_gray_keep_domain_score_ge_threshold,7,카드론,수수료;가맹점,
2026-05-21,[농협 리스크 진단 ④] 농협 거버넌스 개혁 정조준…대통령·발언부터 ...,"대통령은 2025년 12월 19일 금융위·금감원 업무보고에서 ""부패한 이너서클이 생겨서 자기들 멋대로 소수가... 통한 제도개선이 필요하다""고 밝혔다. 강호동 회장도 직접 결의대회에 참석해 발언했다. 강 회장은 ""참담한...",http://www.fieldnews.kr/news/articleView.html?idxno=28711,1,0.95,strong_keep_regulatory_action,0.598785,0,pseudo_keep_model_drop,keep,candidate_hybrid_keep_strong_domain_rule_anchor,15,금감원;금융위;제도개선,,
2026-06-02,"현대해상, 도수치료 상한 규제 힘입어 실손 '늪' 탈출하나","5%포인트 낮출 수 있는 수준이며, 커버리지 보험사 중 위험보험료 내 실손 비중이 가장 높은 만큼 손해율 개선 폭도 가장 클 것”이라고 전망했다. 물론 변수는 있다. 올해 4분기부터 반영되는 간편심사보험 손해율...",https://www.topdaily.kr/articles/110359,1,0.95,strong_keep_insurance_risk,0.599469,0,pseudo_keep_model_drop,drop,candidate_hybrid_gray_drop_score_lt_threshold,4,보험사,실손,
2026-05-20,‘13억 개인 상환’ 대법 판결에...“모두의창업? 연대책임 공포 여전”,창업자 부담을 줄이기 위해 연대책임 금지 방향으로 제도 개선을 추진하고 있지만 관련 여신전문금융업법 개정안은 아직 국회를 통과하지 못했다. 금융위원회도 개인 창업자 연대책임 금지를 주지시키고 관련 관행을...,https://biz.chosun.com/industry/business-venture/2026/05/20/7BNYYACDB5ELPOGOBT43S3HJMM/?utm_source=naver&utm_medium=original&utm_campaign=biz,1,0.95,strong_keep_regulatory_action,0.599721,0,pseudo_keep_model_drop,keep,candidate_hybrid_keep_strong_domain_rule_anchor,18,금융위원회;금융위;여신전문금융업,,
2026-05-22,"부산, 고금리·불법대출 단속 강화… 대부업체 51곳 집중 점검","시는 올해 모두 6차례에 걸쳐 대부업 영업 실태를 확인할 계획이다. 이번 점검에서는 대부계약서 작성 적정성, 법정 최고금리 준수 여부, 과잉대출 행위, 허위·과장 광고 여부 등을 중점적으로 살핀다. 특히 지난해 10월...",https://www.mhns.co.kr/news/articleView.html?idxno=748122,1,0.95,strong_keep_lending_consumer_protection,0.599730,0,pseudo_keep_model_drop,keep,candidate_hybrid_keep_strong_domain_rule_anchor,9,대부업;최고금리,,
2026-05-23,증시 호황에 금융판 뒤집혔다…증권·보험 ‘신흥 주도주’ 부상,킥스(K-ICS) 제도는 보험사가 고객에게 줄 보험금(비상금)을 얼마나 튼튼하게 가지고 있는지를 나타내는 성적표로 보유 자산을 시가 기준으로 평가한다. 지난해 삼성전자 주가가 5만원대에 머물면서 삼성생명이 보유한...,https://magazine.hankyung.com/business/article/202605210875b,1,0.95,strong_keep_insurance_risk,0.600527,0,pseudo_keep_model_drop,drop,candidate_hybrid_gray_drop_score_lt_threshold,5,킥스,,
2026-05-19,"4월 금융시장, 자산운용사 수신 100조 늘어 ""역대 최대 증가""…가계대출...","한국은행이 17일 발표한 '2026년 4월 금융시장 동향'에 따르면 은행 가계대출 잔액은 1174조 9000억 원으로 전월 대비 2조 1000억 원 증가했다. 이는 두 달 연속 증가세로, 특히 주택담보대출이 2조 7000억 원 늘며 지난해...",http://www.queen.co.kr/news/articleView.html?idxno=457046,1,0.95,strong_keep_bank_consumer_credit,0.601310,0,pseudo_keep_model_drop,keep,candidate_hybrid_keep_strong_domain_rule_anchor,8,한국은행;은행,,
2026-05-22,"이억원 금융위원장, '포용금융 전략추진단' 운영 계획 공개","그러면서 ""3·4년 또는 10년 뒤에 재기할 수 있는 긴 호흡으로 봐야 하는 사람들에게는 은행 예금이 아닌 완화된 재원이 필요하고 1년에 90일(연체 기준)이 아니라 길게 보는 평가 방식이 필요하다""고 덧붙였다. 이를 위해...",http://www.joseilbo.com/news/news_read.php?uid=568723&class=18&grp=,1,0.95,strong_keep_bank_consumer_credit,0.603980,0,pseudo_keep_model_drop,keep,candidate_hybrid_keep_strong_domain_rule_anchor,11,금융위;은행,연체,
2026-05-23,1분기 신규 주담대 평균 2.3억…거래 증가에 1653만원 늘어,"업권별로 은행(-234만원)과 기타(-9만원)는 줄었지만, 비은행(+317만원)이 크게 늘었다. 가계대출 취급액 중 주택담보대출만 보면, 신규취급액은 평균 2억2939만원으로 전 분기보다 1653만원 늘었다. 연령별로는...",http://www.seouleconews.com/news/articleView.html?idxno=91406,1,0.95,strong_keep_bank_consumer_credit,0.604712,0,pseudo_keep_model_drop,drop,candidate_hybrid_gray_drop_score_lt_threshold,3,은행,,
2026-05-25,손 안 대고 코 푼 보험사…5세대 실손 전환 슬쩍 뭉개기,같은 연령이더라도 구세대 실손 가입자의 경우 보험료 부담이 4세대 대비 2배 넘게 차이가 난다. 손해보험협회에 따르면 주요 손보사 8곳의 지난 3월 기준 60대 이상 70대 미만 남성 평균 1세대 실손 보험료는 월...,https://it.chosun.com/news/articleView.html?idxno=2023092162665,1,0.95,strong_keep_insurance_risk,0.606032,0,pseudo_keep_model_drop,keep,candidate_hybrid_keep_strong_domain_rule_anchor,11,보험사;손해보험;손보사,보험료;실손,
2026-05-27,"국힘, 김용남 '차명 대부업 의혹' 고발…김용남 ""전형적 네거티브""","미등록 상태에서 대부업을 운영했을 경우에는 최대 10년 이하 징역 또는 5억 원 이하 벌금형이 가능하다. 클린선거본부는 ""검사 출신인 김 후보가 타인 명의를 이용해 사금융 업체를 실질적으로 운영하며 부당 이득을...",http://weekly.chosun.com/news/articleView.html?idxno=51899,1,0.95,strong_keep_lending_consumer_protection,0.606485,0,pseudo_keep_model_drop,keep,candidate_hybrid_keep_strong_domain_rule_anchor,8,대부업;검사,,
2026-05-22,정용진 사과에도 확산...탱크데이 논란에 카드사 '긴장',사진=연합뉴스   스타벅스 '5·18 탱크데이' 마케팅 논란이 확산하면서 스타벅스와 손잡은 카드사들에도... 스타벅스에 대한 불만이 확산돼 불매운동으로 이어져 스타벅스 이용이 줄어들 경우 카드 결제액과 가맹점 수수료...,https://www.pointdaily.co.kr/news/articleView.html?idxno=305719,1,0.95,strong_keep_card_credit,0.608606,0,pseudo_keep_model_drop,drop,candidate_hybrid_gray_drop_score_lt_threshold,5,카드사,수수료;가맹점,
2026-05-20,"""4·5세대 실손 전환 후회된다면""... 금감원, 6개월 내 원복 제도 안내","19일 금융감독원에 따르면 개인실손보험 가입자가 직장에서 단체실손보험에 중복으로 가입된 경우, 개인실손보험의 보험료 납입을 잠정 중지할 수 있다. 가입 후 1년이 경과한 개인실손보험이 대상이며, 중복되는 보장...",https://www.pointe.co.kr/news/articleView.html?idxno=79634,1,0.95,strong_keep_insurance_risk,0.608812,0,pseudo_keep_model_drop,keep,candidate_hybrid_keep_strong_domain_rule_anchor,14,금융감독원;금감원,보험료;실손,
2026-05-25,"""AI 공격은 AI로 막을 수 있게""…금융위, 망분리 규제 대폭 완화","검토 금융위원회가 금융권의 인공지능(AI) 전환을 가로막아온 망분리 규제를 대폭 완화한다. 보안 목적 AI... 과감한 제도개선을 해나가겠다""고 했다. ※CBS노컷뉴스는 여러분의 제보로 함께 세상을 바꿉니다. 각종...",https://www.nocutnews.co.kr/news/6521713?utm_source=naver&utm_medium=article&utm_campaign=20260524120038,1,0.95,strong_keep_regulatory_action,0.610190,0,pseudo_keep_model_drop,keep,candidate_hybrid_keep_strong_domain_rule_anchor,15,금융위원회;금융위;제도개선,,
2026-05-22,"애플페이·삼성페이 간편결제 시장, 지방선거 이후 급변할까?","삼성페이는 그동안 카드사에 별도 수수료를 받지 않았지만, 애플페이 확대 움직임을 계기로 유료화 논란이... 카드업계는 가맹점 수수료 인하와 카드론 규제 등으로 신용판매 수익성이 악화된 상황에서 추가 수수료...",https://www.straightnews.co.kr/news/articleView.html?idxno=303028,1,0.95,strong_keep_card_credit,0.610266,0,pseudo_keep_model_drop,keep,candidate_hybrid_gray_keep_domain_score_ge_threshold,7,카드론,수수료;가맹점,
2026-06-02,"금리 상승에 킥스 '부채 마법'…삼성·한화생명, 초장기채 족쇄 풀렸다",과거처럼 초장기 국채를 지속적으로 확보해야 할 유인이 약해진 셈이다. 실제 보험사들의 장기채 매입... 시장금리 상승으로 채권 가격이 하락하면서 채권 자산 평가액은 줄어든 반면 증시 강세로 주식 평가액은...,http://www.ftoday.co.kr/news/articleView.html?idxno=359802,1,0.95,strong_keep_insurance_risk,0.611467,0,pseudo_keep_model_drop,keep,candidate_hybrid_keep_strong_domain_rule_anchor,9,킥스,금리;주식;채권,
2026-05-19,"[기업고객 확보전-②] 하나카드, 우량법인 공략 통했다",""" <편집자 주> 성영수 하나카드 대표가 은행 연계 영업과 우량 법인 중심 전략을 앞세워 기업카드 시장 존재감을 빠르게 키우고 있다. 개인카드 시장 성장 둔화와 가계대출 규제 강화 속에서 법인카드를 새로운 성장축으로...",https://www.m-i.kr/news/articleView.html?idxno=1373718,1,0.95,strong_keep_bank_consumer_credit,0.612252,0,pseudo_keep_model_drop,drop,candidate_hybrid_gray_drop_score_lt_threshold,3,은행,,
2026-06-03,내 보험료 20%는 설계사 몫?…치아보험 수수료율 DB·한화·라이나 순 높...,보험설계사나 법인보험대리점(GA) 등 영업 조직에 지급하는 금전을 뜻한다. 고객이 납입하는 총 보험료에서... 제3보험은 생명보험의 정액 보상적 특성과 손해보험의 실손 보상적 특성을 동시에 갖는 상품인데 새...,https://www.ceoscoredaily.com/page/view/2026052915451693294,1,0.95,strong_keep_insurance_risk,0.612911,0,pseudo_keep_model_drop,keep,candidate_hybrid_keep_strong_domain_rule_anchor,8,손해보험;생명보험,보험료;실손,
2026-06-04,"'초우량차주 중심 금융 바꾼다'…포용금융 추진단, 17일 첫회의","금융위와 금융감독원, 금융권, 학계는 물론 현장 전문가와 상담기관 종사자 등이 참여해 포용금융 정책 과제를 발굴하고 제도 개선 방안을 모색한다. 분과는 총괄·정책서민금융·금융산업·신용인프라 등 4개 구성된다....",https://www.edaily.co.kr/news/newspath.asp?newsid=02538726645478112,1,0.95,strong_keep_regulatory_action,0.612919,0,pseudo_keep_model_drop,keep,candidate_hybrid_keep_strong_domain_rule_anchor,13,금융감독원;금융위,금융,
2026-05-29,"""채무자 보호 중심으로"", 금융시장 구조 대전환",개선 등 근본적 제도 개편을 논의한다. 특히 매입채권추심업은 현행 등록제에서 허가제로 전환된다. 금융위... 민간 금융권도 발맞추고 있다. 하나금융지주는 이날 회의에서 2030년까지 16조원 규모의 포용금융 공급 계획을...,https://www.dongponews.net/news/articleView.html?idxno=58329,1,0.95,strong_keep_regulatory_action,0.613260,0,pseudo_keep_model_drop,keep,candidate_hybrid_keep_strong_domain_rule_anchor,11,금융위;채권추심,,
2026-05-21,"[증권 뉴스브리핑] 국민성장펀드, 22일부터 판매/금감원장 ""빚투·레버리...","금융위원회는 19일 펀드 판매를 앞두고 이와같은 구체적인 사항을 안내했다. 국민참여성장펀드 가입은... 위한 제도 개선을 추진하고 있다""며 ""정책 지원을 통해 기관투자자와 장기자금의 참여 여건이 개선될 경우...",https://www.asiatime.co.kr/article/20260520500075,1,0.95,strong_keep_regulatory_action,0.613929,0,pseudo_keep_model_drop,keep,candidate_hybrid_keep_strong_domain_rule_anchor,21,금융위원회;금융위;국민성장펀드;성장펀드,,
2026-05-23,"상품권으로 위장한 불법 사채 기승...정부, 대부업법 적용·카페 폐쇄",경우 불법사금융업자로서 강력히 대응할 것”이라고 밝혔다. 매매의 외형을 핑계로 단속망을 빠져나가던 행태에 처음으로 명확한 적용 기준선이 그어진 셈이다. 유통 경로에 대해서도 별도의 조치가 예고됐다. 정부는...,https://www.raonnews.com/news/article.html?no=58321,1,0.95,strong_keep_lending_consumer_protection,0.614273,0,pseudo_keep_model_drop,keep,candidate_hybrid_keep_strong_domain_rule_anchor,16,대부업법;불법사금융,,
2026-06-01,"[박근종 칼럼] 중동 전쟁에 생산·투자·소비 '트리플 감소', 선제적·복...","수출 발(發) 낙관론이 확산 중이지만 은행 부실채권 증가, 주가 양극화 등 반대 신호도 적잖은 게... 7%) 늘었고 가계신용 가운데 가계대출 잔액은 1,865조 8,000억 원으로 전 분기보다 12조 9,000억 원 증가했다. 다행히...",https://www.mhns.co.kr/news/articleView.html?idxno=748870,1,0.95,strong_keep_bank_consumer_credit,0.614680,0,pseudo_keep_model_drop,keep,candidate_hybrid_keep_strong_domain_rule_anchor,8,은행;부실채권,주가,
2026-05-26,“보험주 투자자들 속 탄다”…배당 여력 갈수록 증발,"나광호 기자 spero1225@ekn.kr IFRS17·킥스 도입 이후 준비금 부담↑ 배당가능익 줄며 배당 확대·재개 줄줄이 제동 삼성생명·삼성화재 제외하면 무배당 보험사 수두룩 “배당 중인 기업, 2~3년 후 제약 심화",https://www.ekn.kr/web/view.php?key=20260525022417621,1,0.95,strong_keep_insurance_risk,0.617982,0,pseudo_keep_model_drop,keep,candidate_hybrid_keep_strong_domain_rule_anchor,8,보험사;킥스,,
2026-05-31,과잉추심 끊고 시장 기능 지킬까…채권추심업 허가제 시험대,연체채권을 계속 보유하면 BIS(국제결제은행) 비율 등 건전성 지표에 영향을 받을 수 있다. 이 때문에 금융사는 회수가 어려운 채권을 시장에 매각해 장부에서 털어내는 구조를 활용해왔다. 대부금융업계 관계자는...,https://www.sidae.com/article/2026052915062698775,1,0.95,strong_keep_lending_consumer_protection,0.620416,0,pseudo_keep_model_drop,keep,candidate_hybrid_gray_keep_domain_score_ge_threshold,7,채권추심,건전성,
2026-05-29,고환율·기업대출 여파… 국내은행 자본비율 일제히 ‘뚝’,은행들은 통상 연체채권이나 부실자산을 매입채권추심업체에 매각해 위험가중자산을 줄이고 자본비율을 관리한다. 그러나 추심업이 허가제로 전환돼 부실채권을 사줄 ‘매수자’가 줄어들면 은행들의 위험가중자산...,https://www.munhwa.com/article/11591844?ref=naver,1,0.95,strong_keep_lending_consumer_protection,0.621444,0,pseudo_keep_model_drop,keep,candidate_hybrid_keep_strong_domain_rule_anchor,9,채권추심;부실채권,,
2026-05-20,"[테크M 이슈] ""사회공헌이 아니라 생존""…4대 금융지주의 포용금융 홍보...",KB금융 또한 제2금융권·대부업 차주를 은행권으로 대환하는 'KB국민도약대출'을 출시하고 새희망홀씨·신용대출 채무조정 상품의 최고금리를 3.5%포인트 인하했다. 신한금융은 그룹미소금융재단에 1000억원을 추가...,https://www.techm.kr/news/articleView.html?idxno=151964,1,0.95,strong_keep_lending_consumer_protection,0.622083,0,pseudo_keep_model_drop,keep,candidate_hybrid_keep_strong_domain_rule_anchor,9,대부업;최고금리,,
2026-05-25,"""AI 공격은 AI로 막는다""…금융당국, 금융권 '망분리' 푼다","고성능 AI를 활용한 사이버 공격 위협이 현실화하는 가운데, 금융권이 AI 기반 보안체계를 구축할 수 있도록 제도 개선에 나선 것이다. 24일 금융위원회에 따르면 금융위는 지난 22일 권대영 부위원장 주재로 '고성능 AI...",https://www.newsworks.co.kr/news/articleView.html?idxno=841577,1,0.95,strong_keep_regulatory_action,0.623680,0,pseudo_keep_model_drop,keep,candidate_hybrid_keep_strong_domain_rule_anchor,12,금융위원회;금융위,,
2026-05-21,"이억원 “장기연체채권, 회수보다 회생이 중요”…66만명 추심 중단","이억원 금융위원장이 장기연체채권 문제와 관련해 단순 채권 회수보다 채무자의 재기와 회생 지원에 정책... 정책 금융상품 금리를 기존 15%대에서 한 자릿수 수준으로 낮췄고, 은행권 중·저신용자 대상 대출 공급...",https://www.g-enews.com/view.php?ud=202605202101585719e30fcb1ba8_1,1,0.95,strong_keep_regulatory_action,0.623732,0,pseudo_keep_model_drop,keep,candidate_hybrid_keep_strong_domain_rule_anchor,13,금융위;은행권,대출;채권,
2026-05-19,"4대 생보사, 투자로 웃었지만 본업은 '빨간불'…예실차 악화 '공통 복병...",실제로 삼성생명의 실손 담보 손해율은 1분기 113%를 기록해 전분기 110%보다 3%포인트(p) 더 악화됐다. 손해율이 100%를 넘는다는 것은 받은 보험료보다 내준 보험금이 더 많다는 의미다. 재무건전성 지표인 K-ICS...,https://www.news2day.co.kr/article/20260518500216,1,0.95,strong_keep_insurance_risk,0.624355,0,pseudo_keep_model_drop,keep,candidate_hybrid_keep_strong_domain_rule_anchor,9,생보사;킥스,실손,
2026-05-25,"""단순 상품권 거래라 문제없다?""…법 허점 파고든 '변종 사채'","한편 경찰은 온라인·비대면 기반 소액 대출 접근이 쉬워지면서 불법사금융 피해도 증가한 것으로 보고 있다. 실제 경찰은 지난해 11월부터 올해 10월까지 특별단속을 진행 중이며, 단속 시작 약 6개월 만에 총 1284건...",https://www.news1.kr/society/incident-accident/6175967,1,0.95,strong_keep_lending_consumer_protection,0.624917,0,pseudo_keep_model_drop,keep,candidate_hybrid_keep_strong_domain_rule_anchor,9,불법사금융,대출,
2026-05-28,"손보사 '입찰 담합' 의혹, 재점화된 보험업계 카르텔","단체의 구성원들의 병원 이용이 많아 보험금 지출(실손 청구)이 매우 크기 때문에, 손해율이 손익분기점(약 80%)을 훌쩍 넘겨 100% 안팎(받은 보험료를 전부 보험금으로 지급하는 수준)을 기록하는 경우가 많다는 게 보험사의...",https://www.ebn.co.kr/news/articleView.html?idxno=1710250,1,0.95,strong_keep_insurance_risk,0.625114,0,pseudo_keep_model_drop,keep,candidate_hybrid_gray_keep_domain_score_ge_threshold,7,보험업계;손보사,실손,
2026-06-05,"AIG손보, 보험손익 두 배 뛰며 실적↑...예실차 개선에 '미소'","6%↓) 및 일반손해보험위험액(519억원·4.9%↓) 감소 등이 더해진 영향으로 해석된다. 킥스 비율은 보험사의 보험금 지급 여력을 나타내는 건전성 지표로, 금융당국의 권고치는 130%다.",https://www.greened.kr/news/articleView.html?idxno=341829,1,0.95,strong_keep_insurance_risk,0.625393,0,pseudo_keep_model_drop,keep,candidate_hybrid_keep_strong_domain_rule_anchor,11,손해보험;킥스,건전성;실적,
2026-05-27,"카드업계, '스타벅스 PLCC' 불똥...'탱크 데이' 탓에 관련 상품 출시 주...","최근 수년간 카드사들은 가맹점 수수료 인하 정책과 카드론 대출 규제 등으로 본업의 수익성이 크게 악화되자 배달의민족, 무신사 등 대형 플랫폼부터 빅테크, 럭셔리 자동차 브랜드에 이르기까지 제휴처를 넓히며 PLCC...",http://www.the-biz.co.kr/news/articleView.html?idxno=721319,1,0.95,strong_keep_card_credit,0.625408,0,pseudo_keep_model_drop,keep,candidate_hybrid_keep_strong_domain_rule_anchor,8,카드론,대출;수수료;가맹점,
2026-05-23,1분기 신규 주담대 평균 2.3억…거래 증가에 1천653만원↑,"업권별로 은행(-234만원)과 기타(-9만원)는 줄었지만, 비은행(+317만원)이 크게 늘었다. 가계대출 취급액 중 주택담보대출만 보면, 신규 취급액 평균(2억2천939만원)이 전 분기보다 1천653만원 늘었다. 연령별로는...",https://www.yna.co.kr/view/AKR20260522064000002?input=1195m,1,0.95,strong_keep_bank_consumer_credit,0.625430,0,pseudo_keep_model_drop,drop,candidate_hybrid_gray_drop_score_lt_threshold,3,은행,,
2026-06-01,日 ESR 시행에 'K-ICS 고도화' 과제 부상… 보험사별 위험 반영해야,"현재 국내 킥스는 보험위험을 포함한 전체 요구자본에 내부모형을 적용할 수 있도록 설계돼 있다. 내부모형 승인제도 매뉴얼도 마련됐으며, 내부모형 적용기준을 구체화한 시행세칙이 신설될 예정이다. 보고서를...",https://www.insnews.co.kr/news/articleView.html?idxno=91085,1,0.95,strong_keep_insurance_risk,0.625649,0,pseudo_keep_model_drop,drop,candidate_hybrid_gray_drop_score_lt_threshold,5,킥스,,
2026-06-04,"[허정수칼럼] 금융 마지막 사다리, 걷어차지 말자","조달비용은 움직이는데 최고금리는 고정돼 있다. 대형 대부업자(자산 100억원 이상)의 2025년 6월 말 기준 연체율은 12.1%, 신용대출 금리는 14.3%였다. 금리 상한이 막힌 상황에서 조달·대손·중개·관리 비용을 제하면 신규...",https://www.bloter.net/news/articleView.html?idxno=664366,1,0.95,strong_keep_lending_consumer_protection,0.625815,0,pseudo_keep_model_drop,keep,candidate_hybrid_gray_keep_domain_score_ge_threshold,6,최고금리,금리;금융,
2026-05-19,"롯데손해보험, 본업 경쟁력 회복세 '뚜렷'...보험손익 늘고 CSM도 확대",이에 따라 롯데손보는 1분기 보험손익의 증가에도 불구하고 285억원의 영업손실과 당기순손실 198억원의 경영실적을 기록했다. 아울러 롯데손보의 올해 1분기 말 잠정 지급여력(킥스)비율은 164.4%로 꾸준한 개선 흐름을...,https://www.greened.kr/news/articleView.html?idxno=340892,1,0.95,strong_keep_insurance_risk,0.626286,0,pseudo_keep_model_drop,keep,candidate_hybrid_keep_strong_domain_rule_anchor,8,손해보험;킥스,,
2026-06-03,실적 역대급인데 '쉽지 않네'… KB금융 회장 연임 앞 두 가지 복병,"금융권 안팎에서는 양 회장의 연임 가능성을 높게 점치고 있다. 2023년 11월 취임한 이래, 첫 임기 3년 동안... 이억원 금융위원장도 지난달 21일 정부서울청사에서 열린 기자간담회에서 ""(금융지주 지배구조) 제도개선을...",https://www.meconomynews.com/news/articleView.html?idxno=131322,1,0.95,strong_keep_regulatory_action,0.626960,0,pseudo_keep_model_drop,keep,candidate_hybrid_keep_strong_domain_rule_anchor,10,금융위;제도개선,실적,
2026-05-20,[더벨][한국투자저축은행은 지금] 부실 털고 반등 신호탄 쏜 1분기 성적...,한국투자저축은행은 부동산PF 중심의 공격적인 외형 확대보다 기업대출과 담보 기반 여신 중심으로 자산을 운용해왔다. PF와 기타 부동산 여신을 합친 부동산 익스포저도 올해 1분기 기준 약 4조2500억원 수준으로...,https://www.thebell.co.kr/free/content/ArticleView.asp?key=202605151519433120103430,1,0.95,strong_keep_savings_bank_risk,0.627194,0,pseudo_keep_model_drop,keep,candidate_hybrid_keep_strong_domain_rule_anchor,15,저축은행;pf;부동산pf,부실,
2026-05-29,[사설] 취약계층의 금융권 ‘소외’ 대책 마련을,"다만 합법적 대부업체들은 20%인 법정 최고금리 규제에 막혀 신규 대출을 중단하거나 줄이고 있고, 저축은행도 대출 문턱을 잇달아 높이면서 급전이 필요한 서민들이 벼랑 끝으로 내몰리는 현실이다....",https://m.skyedaily.com/news_view.html?ID=304847,1,0.95,strong_keep_lending_consumer_protection,0.627765,0,pseudo_keep_model_drop,keep,candidate_hybrid_keep_strong_domain_rule_anchor,9,저축은행;최고금리,대출,
2026-05-22,"금융위, AI 혁신 위해 망분리 규제 완화 추진",특히 은행이 우량 차주 위주로만 대출을 취급하면서 중저신용자는 높은 금리 시장으로 밀려나는 이른바 금리 단층 현상이 심해지고 있다고 언급했다. 신용평가모형 역시 과거 연체 이력 중심에서 벗어나 소득 구조 변화와...,https://www.tokenpost.kr/news/economy/362133,1,0.95,strong_keep_regulatory_action,0.627789,0,pseudo_keep_model_drop,keep,candidate_hybrid_keep_strong_domain_rule_anchor,9,금융위,금리;연체,
2026-05-22,"3위권 내려앉은 DB손보, 손해율 잡고 반격 나선다","DB손해보험이 올 1분기 시장의 예상 보다 부진한 성적표를 받았다. 메리츠화재와 업계 2위 경쟁을 펼치다가... 인수에 따른 부담이 기본자본 신지급여력제도(K-ICS·킥스) 비율에 영향을 줄 수 있지만, 1분기 기준 92%로...",https://www.ekn.kr/web/view.php?key=20260521027586621,1,0.95,strong_keep_insurance_risk,0.629215,0,pseudo_keep_model_drop,keep,candidate_hybrid_keep_strong_domain_rule_anchor,8,손해보험;킥스,,
2026-05-26,"돌발악재가 승패 가른다… 여야, ‘철통방어·화력집중’ 양면술",고금리 대부업 의혹에는 눈감을 수 있나”라며 “가난한 사람에게 이자가 높아선 안 된다고 말하면서 정작 민주당 후보가 연 24% 법정 최고 수준의 금리로 돈을 벌었다는 의혹 앞에서는 침묵할 수 있는 것인가. 민주당도...,https://m.skyedaily.com/news_view.html?ID=304658,1,0.95,strong_keep_lending_consumer_protection,0.629747,0,pseudo_keep_model_drop,drop,candidate_hybrid_gray_drop_score_lt_threshold,5,대부업,,
2026-05-28,김용남 해명에도 '대부업 논란' 계속...평택 민심 어디로[여의뷰],"검사 출신, 부장검사 출신 변호사입니다. 당시에 가족사가 어떻게 얽혀 있었고, 어떤 이유 때문에 법인들이... ◎ 앵커 = 김용남 후보가 금감원장 후보로도 거론된 적이 있다는 말도 있습니다. 이건 무슨 얘깁니까. ◇ 김진욱...",http://www.inews24.com/view/1971549,1,0.95,strong_keep_lending_consumer_protection,0.630059,0,pseudo_keep_model_drop,keep,candidate_hybrid_keep_strong_domain_rule_anchor,8,대부업;검사,,
2026-06-01,"'머니무브' 신용대출 증가폭, 주담대의 100배…투자 대기자금 급증(종합...",31일 금융권에 따르면 5대 은행(KB국민·신한·하나·우리·NH농협)의 지난 28일 기준 가계대출 잔액은 770조 2728억 원으로 4월 말(767조 2960억 원) 대비 2조 9768억 원 늘었다. 지난해 8월(+3조 9251억 원) 이후 최대 증가...,https://www.news1.kr/finance/general-finance/6182818,1,0.95,strong_keep_bank_consumer_credit,0.630167,0,pseudo_keep_model_drop,keep,candidate_hybrid_model_keep_prob_ge_threshold_with_domain_anchor,3,은행,,
2026-05-30,"한국캐피탈, 군인 금융안전망 역할 확대","대출 한도는 1000만~1500만원, 연 이자율은 17.9~20%로 법정 최고금리에 육박했다. 대부업체들은 '충성론', '병장론' 등의 명칭으로 인터넷 광고를 집행해 장병을 유입했다. 신용회복위원회에 따르면 군 장병 채무조정...",https://www.news2day.co.kr/article/20260529500089,1,0.95,strong_keep_lending_consumer_protection,0.632027,0,pseudo_keep_model_drop,drop,candidate_hybrid_gray_drop_score_lt_threshold,5,최고금리,대출,
2026-05-22,"이억원 ""금융사 '포용금융 최고책임자' 지정… 시스템 내재화할 것""","특히 연체채권을 저가에 매입해 추심 이익을 내는 '매입채권추심업'의 폐해를 막기 위해 현행 등록제로... 이 위원장은 ""이번 사안은 금융소비자보호법 시행 이후 발생한 첫 대규모 제재이자 향후 유사 사례의 중대한...",https://www.fntoday.co.kr/news/articleView.html?idxno=384732,1,0.95,strong_keep_lending_consumer_protection,0.632223,0,pseudo_keep_model_drop,drop,candidate_hybrid_gray_drop_score_lt_threshold,5,채권추심,,
2026-06-02,"[DB속이야기]잠잠하던 가계대출, 5월에 다시 뛰었다…주담대·신용대출...","5대 은행 가계대출 한 달 새 3조5000억원 증가 주담대는 집값이, 신용대출은 투자·생활자금 수요가 견인 5대 시중은행의 가계대출이 5월 들어 급증했다. 올해 1분기까지 사실상 정체 상태였던 대출 잔액이 4월 반등에...",https://www.nspna.com/news/?mode=view&newsid=815086,1,0.95,strong_keep_bank_consumer_credit,0.632434,0,pseudo_keep_model_drop,keep,candidate_hybrid_keep_strong_domain_rule_anchor,8,은행;시중은행,대출,
2026-05-26,스타벅스 믿고 상품 만들었는데… 카드사들 ‘탱크데이’ 논란에 ‘조마...,"최근 카드사들은 가맹점 수수료 인하, 카드론 규제 등 본업에서 수익성 확보가 어려워지자 배달의민족, 무신사 등 고객 수요가 많은 브랜드부터 빅테크, 금융사까지 다양한 브랜드와 제휴해 PLCC를 선보였다. PLCC 사업은...",https://www.segye.com/newsView/20260525504118?OutUrl=naver,1,0.95,strong_keep_card_credit,0.633578,0,pseudo_keep_model_drop,keep,candidate_hybrid_gray_keep_domain_score_ge_threshold,7,카드론,수수료;가맹점,
2026-05-20,"푸본현대생명, 1분기 순이익 38억…3년 적자 끊고 흑자 전환",보장성보험 수입보험료 85% 급증·CSM 2045억 달성 킥스 157%→252%…최대주주 7000억 유상증자 효과 [헤럴드경제=박성준 기자] 푸본현대생명이 올해 1분기 흑자 전환에 성공했다. 푸본현대생명은 올해 1분기...,https://biz.heraldcorp.com/article/10741200?ref=naver,1,0.95,strong_keep_insurance_risk,0.633861,0,pseudo_keep_model_drop,keep,candidate_hybrid_gray_keep_domain_score_ge_threshold,6,킥스,순이익,
2026-05-28,[보험家]인구절벽·IFRS17 3년차…'제3보험·시니어 케어'가 생존 승부수,만약 킥스 비율을 맞추지 못한 중소형 보험사들이 자본 확충을 위해 보유 우량 자산을 헐값에 매각하거나 고금리 자본성 증권 발행에 사활을 걸다 한계에 봉착한다면 금융시장 전체의 시스템 리스크로 번질 위험마저...,https://www.megaeconomy.co.kr/news/newsview.php?ncode=1065566508745443,1,0.95,strong_keep_insurance_risk,0.635522,0,pseudo_keep_model_drop,drop,candidate_hybrid_gray_drop_score_lt_threshold,5,킥스,,
2026-05-20,세무법인HKL '稅相 읽기'(29) 위법 지출과 손금의 경계는?,과거 사채업 분야에서는 불법채권추심과 초고금리로 인한 서민층의 피해가 극심했습니다. 이에 구... 대법원은 구 대부업법이 강력한 제재를 동원하면서까지 상한제를 강제하는 근본적인 이유에 주목했습니다. 과도한...,http://www.intn.co.kr/news/articleView.html?idxno=2050834,1,0.95,strong_keep_lending_consumer_protection,0.635970,0,pseudo_keep_model_drop,keep,candidate_hybrid_keep_strong_domain_rule_anchor,11,대부업법;채권추심,,
2026-05-22,'포용금융 전략추진단' 가동···금융시스템에 내재화,은행과 보험사의 자본 규제는 합리적으로 정비해 실물경제 지원 여력을 키웠습니다. 이에 따라 금융권은... 새도약기금으로 취약 차주의 장기 연체 채권을 매입하고 불법사금융과 보이스피싱 등 민생침해범죄 대응...,https://www.ktv.go.kr/content/view?content_id=755147,1,0.95,strong_keep_lending_consumer_protection,0.637471,0,pseudo_keep_model_drop,keep,candidate_hybrid_keep_strong_domain_rule_anchor,14,불법사금융;보이스피싱,연체,
2026-05-29,"농협은행, 은행권 최초 AI기업 직접 지분투자…""AX 박차""","은행 자금이 부동산·가계대출 중심에서 벗어나 AI 등 첨단 산업으로 공급되면서 혁신기업 성장 기반을 마련하는 역할을 할 수 있다는 점에서다. 강태영 농협은행장은 ""AX 전환을 위해서는 우수한 AI 전문인력이...",https://www.mt.co.kr/finance/2026/05/29/2026052813464081974,1,0.95,strong_keep_bank_consumer_credit,0.637918,0,pseudo_keep_model_drop,keep,candidate_hybrid_gray_keep_domain_score_ge_threshold,7,은행;은행권,,
2026-06-03,"투표소 뚫은 인뱅, 빚투 터진 은행…6·3 지방선거 금융권 변수는",시중은행과 국책은행 등 전통 금융권은 신용대출 추가 규제와 본점 이전 논의 재개에 직면한 반면 테크핀... 풍선효과로 번진 '빚투'…당국 핀셋 점검 만지작 금융당국은 연초부터 가계대출 총량 증가율을 2%대 초반으로...,https://www.ngetnews.com/news/articleView.html?idxno=550587,1,0.95,strong_keep_bank_consumer_credit,0.638206,0,pseudo_keep_model_drop,keep,candidate_hybrid_model_keep_prob_ge_threshold_with_domain_anchor,7,은행;시중은행,,
2026-05-21,"카카오페이, 전세대출보증에 혁신적 신용평가 모형 도입","전통적인 신용평가는 주로 대출, 카드 사용, 연체 여부 같은 금융 이력을 중심으로 평가해 왔는데, 이 경우... 카카오페이 스코어는 현재 카드사, 인터넷은행, 저축은행 등 여러 금융회사의 여신심사 전략에 활용되고 있다....",https://www.tokenpost.kr/news/economy/361539,1,0.95,strong_keep_card_credit,0.638446,0,pseudo_keep_model_drop,keep,candidate_hybrid_keep_strong_domain_rule_anchor,15,인터넷은행;저축은행;카드사,대출;연체;금융,
2026-05-29,금융권 망분리 규제 완화 본격화…AI 보안위협에 금융AI보안연구소 신설...,"금융위원회는 미토스 이슈가 제기된 4월부터 금융업권 및 보안전문가와 논의를 이어왔다. 4월 15일에는... 자체 AI 보안 프로그램 마련, AI 기반 패치 자동화, 챗봇 상담과 자산관리, 여신심사, 기업금융, 내부통제 등...",https://www.dailysecu.com/news/articleView.html?idxno=206939,1,0.95,strong_keep_regulatory_action,0.638940,0,pseudo_keep_model_drop,keep,candidate_hybrid_keep_strong_domain_rule_anchor,12,금융위원회;금융위,,
2026-05-28,“불법사금융과 다른데…” 정치 공방에 속타는 대부업계,대부업체는 금융 당국과 지방자치단체의 등록 심사·감독을 받는 제도권 금융이다. 법정 최고금리(연 20%)를 준수해야 하며 위법행위가 적발되거나 요건을 미충족하면 경고나 등록 취소도 될 수 있다. 초고금리를 적용하고...,https://www.sedaily.com/article/20048913?ref=naver,1,0.95,strong_keep_lending_consumer_protection,0.639700,0,pseudo_keep_model_drop,keep,candidate_hybrid_keep_strong_domain_rule_anchor,13,최고금리;불법사금융,금융,
2026-05-25,"금융권, 망분리 규제완화로 보안·혁신 동시 성과낸다","금융권의 AI 전환이 본격화되는 가운데, 금융위원회가 망분리 규제를 완화하며 보안과 혁신을 동시에... 생산적·포용적·신뢰 금융을 위한 AI 활용이 가능하도록 과감한 제도개선을 해나가겠다""고 밝혔다.",https://www.dongponews.net/news/articleView.html?idxno=58243,1,0.95,strong_keep_regulatory_action,0.640747,0,pseudo_keep_model_drop,keep,candidate_hybrid_keep_strong_domain_rule_anchor,15,금융위원회;금융위;제도개선,,
2026-06-01,동양생명 '건전성'·ABL생명 '영업력'…통합 전 취약점 보완한다,"보험손익은 220억원으로 전년 대비 450% 급증했으나, 투자손익이 90억원으로 83.6% 급감했다. 대신 킥스 비율은 190%에 육박하고 있다. 동양생명의 1분기 말 킥스 비율은 189.6%로 작년 말보다 9.8%p 상승했다. 특히...",https://news.einfomax.co.kr/news/articleView.html?idxno=4417648,1,0.95,strong_keep_insurance_risk,0.641992,0,pseudo_keep_model_drop,keep,candidate_hybrid_gray_keep_domain_score_ge_threshold,7,킥스,건전성,
2026-05-23,상품권 예판 막히자 ‘사업자깡’…취약계층 파고드는 변종 불법사채 실...,전문가들은 변종 불법사금융 수법에 대한 단속 강화와 더 구체적인 처벌 기준 마련이 필요하다고 지적한다. 이윤호 동국대 경찰행정학과 교수는 “상품권 예판이나 내구제 대출처럼 실물 거래 형태를 띠는 신종 수법은...,https://ilyo.co.kr/?ac=article_view&entry_id=511011,1,0.95,strong_keep_lending_consumer_protection,0.642203,0,pseudo_keep_model_drop,keep,candidate_hybrid_keep_strong_domain_rule_anchor,8,불법사금융,,
2026-06-02,종부세 막차 '우르르'…하루 만에 5대 은행 주담대 1조 폭증,"주담대가 두 달 연속 조 단위 증가세를 이어간 가운데, 신용대출까지 큰 폭으로 불어나며 전체 가계대출 증가세를 키웠다. 지난달 5대 은행의 신용대출 잔액은 106조5천154억원으로 한 달 새 2조1천741억원 증가했다....",https://news.einfomax.co.kr/news/articleView.html?idxno=4417901,1,0.95,strong_keep_bank_consumer_credit,0.642305,0,pseudo_keep_model_drop,keep,candidate_hybrid_model_keep_prob_ge_threshold_with_domain_anchor,3,은행,,
2026-06-05,"9조원대 보험사기, AI로 막는다…방지체계 구축 TF 출범","분야별로는 실손 및 건강보험 등 장기보험이 44.7%로 가장 많고 자동차보험 22.4%, 생명보험 21.8... 보험금 누수는 보험료 상승으로 이어지고, 건강보험 급여도 청구돼 재정 누수를 발생한다. 특히 생성형 AI 및 딥페이크...",https://news.einfomax.co.kr/news/articleView.html?idxno=4418304,1,0.95,strong_keep_insurance_risk,0.642376,0,pseudo_keep_model_drop,drop,candidate_hybrid_gray_drop_score_lt_threshold,5,생명보험,보험료;실손,
2026-05-21,"신용회복위원회 인천·경기북부지역본부, 김포시 금융취약계층에 500만...","채무자구제제도, 신용관리 방법, 보이스피싱 대응 등 실생활에 필요한 금융 정보를 중점적으로 교육한다. 신복위는 경제적 어려움을 겪는 국민에게 채무조정 상담뿐만 아니라 금융·고용·복지 연계, 불법사금융 피해...",https://www.s-journal.co.kr/news/articleView.html?idxno=41355,1,0.95,strong_keep_lending_consumer_protection,0.643039,0,pseudo_keep_model_drop,keep,candidate_hybrid_keep_strong_domain_rule_anchor,13,불법사금융;보이스피싱,금융,
2026-05-26,"우리금융저축은행, 포용금융 확대⋯ 취약차주 숨통 튼다","25일 금융권에 따르면 우리금융지주는 최근 공시한 1분기 보고서를 통해 자회사인 우리금융저축은행의... 고금리 장기화와 부동산 경기 부진, 연체율 상승 등으로 인해 업권 전반의 건전성 관리가 당면 과제로 대두된...",https://www.etoday.co.kr/news/view/2587289,1,0.95,strong_keep_savings_bank_risk,0.643311,0,pseudo_keep_model_drop,keep,candidate_hybrid_keep_strong_domain_rule_anchor,10,저축은행;연체율,건전성,
2026-06-01,"올 연내 지주계열 NPL전문회사, 매입채권추심업 진출…법 통과 전, 선제...",31일 금융권에 따르면 금융위원회는 지주계열 NPL전문회사들과 증권계열 NPL전문회사 및 유암코 등을... 개인사업자들의 연체율도 높아진 상황이다. 코로나대출 채권은 지난해 9월말 기준 38조 2000억원 규모다. 5년 동안...,https://www.dnews.co.kr/uhtml/view.jsp?idxno=202605302349583090563,1,0.95,strong_keep_lending_consumer_protection,0.644498,0,pseudo_keep_model_drop,keep,candidate_hybrid_keep_strong_domain_rule_anchor,21,금융위원회;금융위;채권추심;npl,,
2026-05-22,"금융위원회, 포용금융 전략 본격 추진... 취약계층 금융 접근 개선 나선...",신용인프라분과는 과거 연체 이력 등 기존 기록에 과도하게 의존해온 신용평가 방식을 손보는 방안을... 금융위원회가 은행·증권사 과징금 안건을 금융감독원으로 돌려보낸 배경에 대해 이 위원장은 금융소비자보호법...,https://www.tokenpost.kr/news/economy/362130,1,0.95,strong_keep_bank_consumer_credit,0.644594,0,pseudo_keep_model_drop,keep,candidate_hybrid_keep_strong_domain_rule_anchor,30,금융감독원;금융위원회;금융위;은행;증권사;과징금,연체;금융,
2026-05-21,[은행 실적개선] 기업대출 확대 이자이익 양호… 금리상승 채권자산은 ...,은행권은 가계대출 관리 강화 속에 기업대출 중심 성장 전략을 이어가는 모습이다. 실제 5대 은행의 1분기 말 기업대출 잔액은 869조3000억 원으로 1년 전보다 4.3% 증가했다. 금융당국은 대내외 불확실성과 경기 둔화...,https://www.g-enews.com/view.php?ud=202605201533433233e30fcb1ba8_1,1,0.95,strong_keep_bank_consumer_credit,0.644609,0,pseudo_keep_model_drop,drop,candidate_hybrid_gray_drop_score_lt_threshold,3,은행,,
2026-05-25,카드업계 '탱크데이'에 불똥...스타벅스 논란에 제휴카드 어쩌나,"최근 주요 카드사들은 가맹점 수수료 인하, 카드론 규제 등 본업에서 수익성 확보가 어려워지자 배달의민족, 무신사 등 메가 브랜드는 물론 빅테크, 금융사, 럭셔리 자동차 브랜드까지 파트너사를 넓히며 PLCC를 대거...",https://www.ikbc.co.kr/article/view/kbc202605250012,1,0.95,strong_keep_card_credit,0.644831,0,pseudo_keep_model_drop,keep,candidate_hybrid_gray_keep_domain_score_ge_threshold,7,카드론,수수료;가맹점,
2026-06-01,[단독] 빚 내서 자식 집 사주고… 연체 늪 빠진 ‘마처세대’,이상의 가계대출 연체율이 가장 높았다. 5대 은행 합산 수치로 보면 60대 이상의 연체율은 0.35%에 이른다. 연체율이 가장 낮은 30대(0.08%)보다 4배 이상 높다. 신용대출의 경우도 비슷한 양상을 보인다. 60대 이상의...,https://www.kmib.co.kr/article/view.asp?arcid=1780217643&code=11151500&cp=nv,1,0.95,strong_keep_bank_consumer_credit,0.645585,0,pseudo_keep_model_drop,drop,candidate_hybrid_gray_drop_score_lt_threshold,5,은행,연체,
2026-05-19,"울산경찰청, 렌털제품 불법사금융 단속 성과로 포상금","대출' 단속 성과로 경찰청 포상을 받게 됐다고 18일 밝혔다. '내구제 대출'은 금융기관 대출이 어려운 사람이... 광고는 불법사금융일 가능성이 크다""며 ""렌털 명의자 또한 단순 피해자가 아닌 공범으로 처벌받을 수...",https://www.yna.co.kr/view/AKR20260518039100057?input=1195m,1,0.95,strong_keep_lending_consumer_protection,0.645624,0,pseudo_keep_model_drop,keep,candidate_hybrid_keep_strong_domain_rule_anchor,9,불법사금융,대출,
2026-05-22,"[더벨][PF Radar] SK에코플랜트, 홈플러스 해운대점 개발 채무인수",초기에는 저축은행과 캐피탈사들이 주요 대주로 참여했지만 지난해 메리츠화재해상보험과 메리츠캐피탈 등을 중심으로 대주단이 재편됐다. 사업장은 당초 지난해 본PF 전환을 목표로 했으나 분양 시점과 시장...,https://www.thebell.co.kr/free/content/ArticleView.asp?key=202605201547597560109445,1,0.95,strong_keep_savings_bank_risk,0.646427,0,pseudo_keep_model_drop,keep,candidate_hybrid_keep_strong_domain_rule_anchor,8,저축은행;pf,,
2026-05-30,[핀포인트] [DB손보] 6월부터 포테그라 실적 반영...삼성화재 '맹추격',"매출에 해당하는 연간보험료(GWPPE, Gross Written Premiums & Premium Equivalents)는 2024년 30억7000만달러에서 지난해 33억5000만달러로, 9.1% 증가했다. DB손보는 현재 포테그라 인수로 인한 연결 손익 전망, 지급여력(K-ICS, 킥스)...",https://news.dealsitetv.com/articles/170935,1,0.95,strong_keep_insurance_risk,0.647487,0,pseudo_keep_model_drop,keep,candidate_hybrid_gray_keep_domain_score_ge_threshold,6,킥스,실적,
2026-05-19,"[더벨][보험경영분석] 메리츠화재, 역성장 시장에도 신계약 체력 확인","메리츠화재가 장기 인보험 시장 둔화 속에서도 신계약 성장세를 이어갔다. 올해 1분기 보장성 인보험... 1분기 지급여력(K-ICS·킥스) 비율 잠정치는 240.7%다. 오종원 메리츠화재 CRO는 ""현재의 주주환원 정책과 신계약...",https://www.thebell.co.kr/free/content/ArticleView.asp?key=202605150920291040108212,1,0.95,strong_keep_insurance_risk,0.647691,0,pseudo_keep_model_drop,drop,candidate_hybrid_gray_drop_score_lt_threshold,5,킥스,,
2026-05-19,[현장칼럼] 빙하기 예고된 하반기 가계 대출,은행 입장에서는 당국의 가계대출 총량 관리 압박을 의식할 수밖에 없다. 연초 설정한 대출 증가율 목표치가 상반기에 예상보다 빠르게 소진되면 하반기에는 사실상 개점휴업 상태에 돌입해야 하기 때문이다. 특히 올해는...,https://www.dt.co.kr/article/12063079?ref=naver,1,0.95,strong_keep_bank_consumer_credit,0.647712,0,pseudo_keep_model_drop,keep,candidate_hybrid_model_keep_prob_ge_threshold_with_domain_anchor,4,은행,대출,
2026-06-07,"[초점] SBI저축銀, 1→4위 '털썩'···저축은행 순위 지각변동, 왜?",일례로 1분기 SBI저축은행의 연체율은 4.52%로 전년 동기 대비 0.09%p 하락했다. 연체율 수준도 한투저축은행(9.92%)이나 OK저축은행(9.05%)의 절반 수준에 불과하다. 고정이하여신도 6820억원으로 전년 말 대비 4.4%나...,https://www.seoulfn.com/news/articleView.html?idxno=630360,1,0.95,strong_keep_savings_bank_risk,0.647848,0,pseudo_keep_model_drop,keep,candidate_hybrid_keep_strong_domain_rule_anchor,8,저축은행;연체율,,
2026-05-27,"“금융권도 AI 풀어준다”…망분리 규제 푼다, 보안용 AI 긴급 허용",그동안 금융회사는 외부 인터넷망과 내부 업무망을 분리해야 해 생성형 AI와 클라우드 기반 보안서비스... 꾸려 금융사 보안역량과 AI 활용 수준을 평가하고 정책 자문을 맡길 계획이다. 금융위·금감원·금보원·업권별...,https://www.gosiweek.com/article/1065608272873992,1,0.95,strong_keep_regulatory_action,0.647892,0,pseudo_keep_model_drop,keep,candidate_hybrid_keep_strong_domain_rule_anchor,12,금감원;금융위,,
2026-05-25,IFRS17 3년차 손보업계 선택과 집중…대형사는 ‘내실’·중형사는 ‘확...,"원수보험료나 총자산 순위로 줄을 세우던 시대를 지나 CSM 적립 속도와 배수, 킥스 등 다각도의 지표로 회사의 미래 가치를 평가하는 시대가 열린 셈이다. 아울러 오는 7월 도수치료 등을 관리급여로 묶는...",https://biz.heraldcorp.com/article/10755109?ref=naver,1,0.95,strong_keep_insurance_risk,0.648080,0,pseudo_keep_model_drop,drop,candidate_hybrid_gray_drop_score_lt_threshold,5,킥스,,
2026-05-29,"[DQN] 삼성카드, 순익 1위 유지… 신한카드, 외형 성장에도 일회성 비용...","상위 카드사 중 실적 개선이 이어진 곳은 두 곳이다. KB국민카드는 지난해 가맹점수수료율 조정에 따른 수수료 수익 감소와 신용손실충당금 전입액 증가 등의 영향으로 당기순이익이 크게 줄었지만, 올해 1분기에는...",http://www.fntimes.com/html/view.php?ud=2026052816005224299efc5ce4ae_18,1,0.95,strong_keep_card_credit,0.648785,0,pseudo_keep_model_drop,drop,candidate_hybrid_gray_drop_score_lt_threshold,5,카드사,수수료;실적,
2026-05-19,케이뱅크 개인사업자대출 3조원 돌파…보증·담보대출 성장에 반년 만 ...,보증서대출과 부동산담보대출 중심의 안정적인 포트폴리오 확대와 함께 연체율 개선까지 동시에 이뤄내며... 또한 은행권뿐 아니라 상호금융·저축은행·카드·캐피탈 등 2금융권 대출까지 대환이 가능해 소상공인의...,https://www.lcnews.co.kr/news/articleView.html?idxno=202258,1,0.95,strong_keep_savings_bank_risk,0.648822,0,pseudo_keep_model_drop,keep,candidate_hybrid_keep_strong_domain_rule_anchor,15,저축은행;캐피탈;상호금융;연체율,,
2026-05-19,"대출 규제에도 ""집부터""…주담대 한 달 새 5.5조 늘었다",업권별로는 은행권 가계대출 증가 폭이 확대됐다. 4월 은행권 가계대출은 2조2000억 원 증가해 전월 5000억 원보다 증가 폭이 커졌다. 은행 자체 주담대가 3월 1조5000억 원 감소에서 4월 1조3000억 원 증가로 전환된...,http://www.newsian.co.kr/news/articleView.html?idxno=89773,1,0.95,strong_keep_bank_consumer_credit,0.648877,0,pseudo_keep_model_drop,keep,candidate_hybrid_keep_strong_domain_rule_anchor,8,은행;은행권,대출,
2026-06-05,'설상가상' 카드업계···조달 금리 폭등에 정책대출 의무까지 압박,"익명을 요구한 카드업계 관계짜는 ""최근 가계대출 연체율이 상승하는 국면에서 취약차주가 대거 유입될... ☞ 사잇돌대출(Saitdol Loan) : 신용등급이 낮아 제1금융권 은행 이용이 어려운 중·저신용 서민들을 위해 만든...",https://www.womaneconomy.co.kr/news/articleView.html?idxno=254714,1,0.95,strong_keep_bank_consumer_credit,0.649057,0,pseudo_keep_model_drop,keep,candidate_hybrid_model_keep_prob_ge_threshold_with_domain_anchor,4,은행,금리,
2026-05-25,"미래에셋생명, 1분기 순익 534억원… 건강보험 중심 체질개선 성과","특히 변액보험 적립금은 13조3000억원으로 전년 동기 대비 15.0% 증가했고, 변액보험 수수료 수입도 143억원으로 15.7% 늘었다. 재무건전성도 안정적으로 유지됐다. 1분기 기준 지급여력(K-ICS·킥스)비율은 167.2%로...",https://www.insnews.co.kr/news/articleView.html?idxno=90924,1,0.95,strong_keep_insurance_risk,0.649989,0,pseudo_keep_model_drop,keep,candidate_hybrid_gray_keep_domain_score_ge_threshold,6,킥스,수수료,
2026-05-19,"우리금융, 청년·중저신용자 금융 안전망 강화",‘우리WON Dream 갈아타기 대출’은 그룹 카드·캐피탈·저축은행 대출을 이용 중인 중저신용 고객이... 소액 특수채권 보유자는 연체 6년 초과한 잔액 1000만 원 이하의 특수채권을 보유한 개인 및 개인사업자이다. 청년...,https://www.g-enews.com/view.php?ud=2026051815214165bb91c46fcd_1,1,0.85,rule_keep_score_ge_6_with_hard_match,0.285366,0,pseudo_keep_model_drop,keep,candidate_hybrid_keep_strong_domain_rule_anchor,11,저축은행;캐피탈,대출;연체;금융,
2026-06-05,"금감원, 실손보험 적자 2조원 육박…비급여 보험금 절반 넘어",4일 금융감독원이 발표한 '2025년 실손보험 사업실적'에 따르면 지난해 보험료 수익은 17조9649억원으로 전년 대비 10.0% 늘었다. 그러나 지급 보험금도 17조원으로 11.4% 증가하며 수익 증가폭을 웃돌았다. 지난해...,https://news.tf.co.kr/read/economy/2329524.htm,1,0.85,rule_keep_score_ge_6_with_hard_match,0.361437,0,pseudo_keep_model_drop,keep,candidate_hybrid_keep_strong_domain_rule_anchor,13,금융감독원;금감원,보험료,
2026-05-23,"카카오뱅크, 1분기 중·저신용 대출 4500억 공급","카카오뱅크의 올해 1분기 연체율은 0.51%로 집계됐다. 카카오뱅크는 ""중·저신용자 대상 대출이 금융 접근성... 이들 중 절반 이상은 카드사·저축은행 등 비은행권 대출을 대환한 사례였다. 금리 절감 효과도 나타났다....",https://www.ziksir.com/news/articleView.html?idxno=134740,1,0.85,rule_keep_score_ge_6_with_hard_match,0.421087,0,pseudo_keep_model_drop,keep,candidate_hybrid_keep_strong_domain_rule_anchor,10,저축은행;카드사,금리;대출;금융,
2026-06-04,업비트 거래소에서 금일 가장 주목 받는 가상화폐는…,"업계에 따르면 '에어로드롬파이낸스'는 유동성 인센티브(보상) 엔진, 투표 잠금 거버넌스 모델, 사용자 친화적인 경험을 제공하며 베이스 생태계 중심 탈중앙화거래소로 거듭났다. 한편 가상화폐 시장 대표 자산인...",https://www.khgames.co.kr/news/articleView.html?idxno=304983,1,0.85,rule_keep_score_ge_6_with_hard_match,0.431634,0,pseudo_keep_model_drop,keep,candidate_hybrid_keep_strong_domain_rule_anchor,8,유동성;업비트,,
2026-05-29,"하나금융, 포용금융 올해 3조원 규모 공급...연체채권 2000억원 소각","하나저축은행은 햇살론 지원 확대와 취약 차주 및 보이스피싱 피해자 상환 유예 등 자체 채무조정을 시행 중이다. 함영주 하나금융 회장은 ""포용금융은 단순한 기부나 일시적인 지원이 아닌 서민의 삶에 온기를 돌게...",https://www.joongangenews.com/news/articleView.html?idxno=522242,1,0.85,rule_keep_score_ge_6_with_hard_match,0.468342,0,pseudo_keep_model_drop,keep,candidate_hybrid_keep_strong_domain_rule_anchor,8,저축은행;보이스피싱,,
2026-06-02,"DB증권, KWM과 K-IP STO 플랫폼 구축 MOU 체결",DB증권은 나스닥 상장사인 'K Wave Media(이하 KWM)와 K-IP STO(토큰증권) 플랫폼 '가온(GAON)' 사업의 구축 및 운영을 위한 전략적 MOU(업무협약)를 체결했다고 밝혔다. 두 회사는 이번 MOU를 통해 △국내외 투자자 네트워크 연계...,https://www.mt.co.kr/stock/2026/06/01/2026060115053073667,1,0.85,rule_keep_score_ge_6_with_hard_match,0.468643,0,pseudo_keep_model_drop,keep,candidate_hybrid_keep_strong_domain_rule_anchor,10,토큰증권;sto,,
2026-05-20,"테더, 韓 진출하나…회사명·로고 상표 출원",디지털자산기본법에 해외 스테이블코인 발행사가 국내에서 유통 사업을 하기 위해 국내 지점을 두도록 하는... 가상화폐 업계 관계자는 “최근 서클 창업자 제러미 알레어가 직접 방한해 금융지주와 가상화폐거래소들을...,https://www.sedaily.com/article/20045883?ref=naver,1,0.85,rule_keep_score_ge_6_with_hard_match,0.468827,0,pseudo_keep_model_drop,keep,candidate_hybrid_keep_strong_domain_rule_anchor,9,디지털자산;스테이블코인,,
2026-05-30,"토스뱅크, 1분기 순이익 296억…전년比 58% 증가·고객 1500만 돌파",75%로 제1금융권 은행 중 가장 높은 수준을 유지했다. 서민정책금융 1분기 공급액은 4574억원이며 누적 공급액은 2조5628억원에 달한다. 건전성도 개선됐다. 전체 연체율은 1.07%로 전년 동기 대비 0.19%p 하락했으며...,https://www.joongangenews.com/news/articleView.html?idxno=522662,1,0.85,rule_keep_score_ge_6_with_hard_match,0.479156,0,pseudo_keep_model_drop,keep,candidate_hybrid_keep_strong_domain_rule_anchor,9,은행;정책금융,순이익,
2026-05-20,"금감원, 실손보험 유의사항 안내…“중복 가입·세대 전환시 주의해야”","금융감독원에 따르면 개인실손과 단체실손보험에 중복 가입된 경우, 개인실손보험료 납입이나 일부 보장 중지를 신청할 수 있다. 중지 처리는 상해·질병입원 등 중복되는 보장종목에 한해 가능하며, 상품 구조 차이로...",http://www.segyebiz.com/newsView/20260519512332?OutUrl=naver,1,0.85,rule_keep_score_ge_6_with_hard_match,0.481129,0,pseudo_keep_model_drop,keep,candidate_hybrid_keep_strong_domain_rule_anchor,12,금융감독원;금감원,,
2026-05-19,"케이뱅크, 개인사업자 대출 잔액 3조원 넘었다…반년 만에 1조원↑",1분기 보증·담보 비중 43%로 지속 확대 연체율 0.55%로 건전성 인뱅 최고 수준 케이뱅크의 개인사업자 대출... 인터넷은행 최초의 100% 비대면 개인사업자 부동산담보대출 상품인 사장님 부동산담보대출 잔액은 작년 말...,https://news.tf.co.kr/read/economy/2323703.htm,1,0.85,rule_keep_score_ge_6_with_hard_match,0.481633,0,pseudo_keep_model_drop,keep,candidate_hybrid_keep_strong_domain_rule_anchor,11,인터넷은행;연체율,대출;건전성,
2026-05-20,"금감원 ""단체·개인실손 중복가입 확인""···보험료 이중납부 주의",A씨 사례처럼 개인·단체실손보험 중복 가입자는 개인실손보험의 보험료 납입중지 또는 일부 보장 중지를 신청해 이중 부담을 줄일 수 있다. 19일 금융감독원은 이런 내용을 담은 실손보험 관련 주요 민원 사례와...,https://www.seoulfn.com/news/articleView.html?idxno=629145,1,0.85,rule_keep_score_ge_6_with_hard_match,0.484466,0,pseudo_keep_model_drop,keep,candidate_hybrid_keep_strong_domain_rule_anchor,13,금융감독원;금감원,보험료,
2026-06-01,5세대 실손의료비보험 새롭게 출시 되다,실손보험 가입자의 65%는 보험금 수령없이 보험료만 납부하고 있으며 보험금 수령 상위 10%에게 보험금의 약74% 지급되고 있어서 문제인 것이다. 금융위원회가 그 문제점을 개선하기 위하여 5월06일 발표한 5세대...,http://www.samdailbo.com/news/articleView.html?idxno=265219,1,0.85,rule_keep_score_ge_6_with_hard_match,0.503176,0,pseudo_keep_model_drop,keep,candidate_hybrid_keep_strong_domain_rule_anchor,12,금융위원회;금융위,,
2026-06-02,"인뱅, 신용대출 영향에 예대금리차 확대","1일 은행연합회 소비자포털에 따르면 인터넷은행은 예대금리차가 지난해보다 평균 약 0.3%p 상승했다. 특히 케이뱅크는 지난해보다 0.42%p로 예대금리차가 가장 많이 올랐으며 뒤이어 토스뱅크, 카카오뱅크 순이였다....",https://www.tleaves.co.kr/news/articleView.html?idxno=9351,1,0.85,rule_keep_score_ge_6_with_hard_match,0.503681,0,pseudo_keep_model_drop,keep,candidate_hybrid_keep_strong_domain_rule_anchor,8,인터넷은행;예대금리차,,
2026-05-19,우리금융그룹 ‘포용금융’ 깊고 넓게…이번엔 중저신용자 대환대출 출...,시중은행 중 최고수준입니다. 지난해 7367억원을 공급해 금융감독원장상을 수상하기도 했습니다. 또 개인신용대출 연 7% 금리상한제도 1월 시행으로 4월말 기준 4만명에게 10억원의 이자를 감면했습니다. 연체 6년 초과한...,https://www.inthenews.co.kr/news/article.html?no=86965,1,0.85,rule_keep_score_ge_6_with_hard_match,0.504206,0,pseudo_keep_model_drop,keep,candidate_hybrid_keep_strong_domain_rule_anchor,12,금융감독원;시중은행,연체,
2026-06-08,[속보] 삼성전자·SK하닉 프리장서 10%대 급락...'검은 월요일' 공포 덮...,"주말 사이 미국 뉴욕 증시 급락과 원화가치 하락이 맞물리면서, 8일 국내 금융시장에 '검은 월요일(Black... 또한 원달러 환율은 외환위기(IMF) 당시였던 1998년 1분기(1596.88원) 이후 가장 높은 수준을 기록하며 시장에...",http://www.fnnews.com/news/202606080617341338,1,0.85,rule_keep_score_ge_6_with_hard_match,0.505650,0,pseudo_keep_model_drop,keep,candidate_hybrid_keep_strong_domain_rule_anchor,8,원달러;국내 금융시장,,
2026-05-29,"하나금융, 3조원 규모 포용금융 로드맵 가동 본격화","하나캐피탈은 저신용 생계형 화물차 차주를 대상으로 우대금리 지원을 확대하고 있고, 하나저축은행은 햇살론 지원 확대와 취약 차주 및 보이스피싱 피해자 상환 유예 등 자체 채무조정을 시행 중이다. 하나금융은 올해...",https://view.asiae.co.kr/article/2026052811080989105,1,0.85,rule_keep_score_ge_6_with_hard_match,0.512059,0,pseudo_keep_model_drop,keep,candidate_hybrid_keep_strong_domain_rule_anchor,8,저축은행;보이스피싱,,
2026-06-05,인뱅 1분기 최대 실적···'건전성' 웃고 '비이자' 숙제,"금융업계 관계자는 ""인터넷은행들이 견조한 성장을 이룬 것은 긍정적이지만 예대금리차에 기반한 이자 마진 의존도가 여전히 높다""며 ""향후 독자적인 자산관리 비즈니스나...",https://www.newsfreezone.co.kr/news/articleView.html?idxno=693063,1,0.85,rule_keep_score_ge_6_with_hard_match,0.519519,0,pseudo_keep_model_drop,keep,candidate_hybrid_keep_strong_domain_rule_anchor,11,인터넷은행;예대금리차,건전성;실적,
2026-05-19,"담보·보증 중심 전략 통했다…케이뱅크, 개인사업자 대출 3조원 돌파",은행권뿐 아니라 카드·캐피탈·저축은행 등 2금융권 대출 대환도 가능해 소상공인 금융비용 절감 효과를... 보증·담보대출 비중은 지난해 1분기 26%에서 올해 1분기 43%로 확대됐고 같은 기간 연체율은 1.38%에서 0.55%로...,https://www.pinpointnews.co.kr/news/articleView.html?idxno=453351,1,0.85,rule_keep_score_ge_6_with_hard_match,0.520177,0,pseudo_keep_model_drop,keep,candidate_hybrid_keep_strong_domain_rule_anchor,8,저축은행;캐피탈,대출,
2026-06-02,[증권단신] NH투자증권·DB증권·신한자산운용,"◇ DB증권, 나스닥 상장 KWM과 '가온' 협력 DB증권은 나스닥 상장사 K Wave Media(KWM)와 K-IP STO(토큰증권발행) 플랫폼인 '가온(GAON)'의 구축 및 운영을 위한 전략적 업무협약(MOU)을 체결했다고 1일 밝혔다. DB증권에 따르면...",https://daily.hankooki.com/news/articleView.html?idxno=1372605,1,0.85,rule_keep_score_ge_6_with_hard_match,0.524503,0,pseudo_keep_model_drop,keep,candidate_hybrid_keep_strong_domain_rule_anchor,10,토큰증권;sto,,
2026-05-30,"오케이저축은행, 1분기 당기순이익 820억원…전년 대비 619% '급증'","연체율은 17.03%를 기록했다. 유동성은 전년 동기 대비 다소 하락했으나 안정적인 수준을 유지했다. 유동성비율은 173.68%로 전년 251.45% 대비 낮아졌으며, 예대율은 93.67%에서 99.99%로 높아졌다. OK저축은행...",https://www.news2day.co.kr/article/20260529500128,1,0.85,rule_keep_score_ge_6_with_hard_match,0.524594,0,pseudo_keep_model_drop,keep,candidate_hybrid_keep_strong_domain_rule_anchor,9,저축은행;유동성비율,,
2026-05-29,"하나금융, 5년 이상 연체된 부실채권 2000억원 자체 소각","중금리 대출 2조원, 영세 자영업자 대출 1조원 공급 하나금융그룹이 연체된 지 5년이 지난 부실 채권... 또 하나금융은 시중은행에서 대출을 받기 힘든 중·저신용자를 대상으로 전용 대출 상품인 ‘하나원큐 중금리...",https://www.chosun.com/economy/economy_general/2026/05/28/G7HQQTGNS5BELM535Q3LDUE57I/?utm_source=naver&utm_medium=referral&utm_campaign=naver-news,1,0.85,rule_keep_score_ge_6_with_hard_match,0.524740,0,pseudo_keep_model_drop,keep,candidate_hybrid_keep_strong_domain_rule_anchor,13,시중은행;부실채권,대출;부실;채권,
2026-05-19,"우리금융, '갈아타기 대출·포용금융 플랫폼' 출시",우리금융에 따르면 우리원 드림(Dream) 갈아타기 대출은 그룹 카드·캐피탈·저축은행 대출을 이용해온... 소액 특수채권 보유자는 연체 6년을 초과한 잔액 1000만원 이하의 특수채권을 보유한 개인과 개인사업자를...,https://www.newsis.com/view/NISX20260518_0003633639,1,0.85,rule_keep_score_ge_6_with_hard_match,0.526519,0,pseudo_keep_model_drop,keep,candidate_hybrid_keep_strong_domain_rule_anchor,10,저축은행;캐피탈,대출;연체,
2026-06-05,"정상혁 신한은행장, 항공정비 기업 찾아 ""생산적 금융 지원 강화""","정상혁 행장, 항공정비 기업 방문해 금융 수요 점검 미래산업 현장 중심 지원 강화…은행권 기업금융 경쟁도 확대  가계대출 규제 강화와 함께 금융권이 기업금융과 미래 성장산업 지원에 무게를 두면서 은행장들의 현장...",http://www.srtimes.kr/news/articleView.html?idxno=204569,1,0.85,rule_keep_score_ge_6_with_hard_match,0.532441,0,pseudo_keep_model_drop,keep,candidate_hybrid_keep_strong_domain_rule_anchor,9,은행권;생산적 금융,금융,
2026-05-22,"중동전쟁 장기화 우려…정책금융, 해운·정유업계 유동성 지원",연체채권 정리 과정에서도 캠코 민원 데이터와 채권 정보를 활용해 유동화전문회사 보유 채권을 전수 점검하는 체계를 운영 중이다. 정책금융기관들의 중소기업 지원도 확대되고 있다. 기술보증기금은 최근 NH농협은행과...,http://www.segyebiz.com/newsView/20260521515656?OutUrl=naver,1,0.85,rule_keep_score_ge_6_with_hard_match,0.533085,0,pseudo_keep_model_drop,keep,candidate_hybrid_keep_strong_domain_rule_anchor,20,유동성;정책금융;정책금융기관;기술보증기금,채권,
2026-05-30,"[금융실적] 토스뱅크, 1분기 순이익 296억원…전년비 58% 증가",1분기 기준 중저신용자 대출 비중은 34.75%로 시중은행 가운데 가장 높은 수준을 유지했다. 햇살론뱅크와... 1분기 연체율은 1.07%로 0.19%포인트 하락했다. 고정이하여신비율(NPL)은 0.87%로 0.11%포인트 낮아졌고 BIS...,http://www.bizwnews.com/news/articleView.html?idxno=137658,1,0.85,rule_keep_score_ge_6_with_hard_match,0.539376,0,pseudo_keep_model_drop,keep,candidate_hybrid_keep_strong_domain_rule_anchor,10,시중은행;npl,대출;순이익,
2026-05-30,"인터넷은행 3사, 1분기 나란히 흑자…포용금융 기준 30% 넘겨","29일 금융권에 따르면 인터넷은행 3사(카카오·케이·토스뱅크)의 올해 1분기 당기순이익 합계는... 카카오뱅크의 1분기 연체율은 0.51%, 고정이하여신비율(NPL)은 0.53%로 전년 동기보다 각각 0.01%P, 0.02%P 상승했다....",https://www.mt.co.kr/finance/2026/05/29/2026052914452190150,1,0.85,rule_keep_score_ge_6_with_hard_match,0.540688,0,pseudo_keep_model_drop,keep,candidate_hybrid_keep_strong_domain_rule_anchor,8,인터넷은행;npl,,
2026-06-08,스트래티지 흔들릴 때 하이퍼리퀴드 비축 기업 '독주',"최근 급격한 가상화폐 약세장에 '하이퍼리퀴드' 외 디지털자산을 준비금으로 비축 중인 기업 생태계가... 비트코인은 6월 8일 오전 현재 빗썸 가상화폐 거래소에서 전일대비 0.36% 상승한 9,425만 원에 거래되고 있다.",https://www.khgames.co.kr/news/articleView.html?idxno=305100,1,0.85,rule_keep_score_ge_6_with_hard_match,0.542514,0,pseudo_keep_model_drop,keep,candidate_hybrid_keep_strong_domain_rule_anchor,9,디지털자산;빗썸,,
2026-05-22,[뉴욕증시포커스] 국채금리·유가 진정에 반등…엔비디아 호실적 기대에...,글로벌 채권시장의 기준 역할을 하는 10년 만기 미 국채금리 역시 전 거래일보다 10bp 하락한 4.569%를 기록했다. 국제유가 안정도 투자심리 회복에 긍정적으로 작용했다. 도널드 트럼프 미국 대통령이 미국과 이란...,https://www.goodkyung.com/news/articleView.html?idxno=287238,1,0.85,rule_keep_score_ge_6_with_hard_match,0.547215,0,pseudo_keep_model_drop,keep,candidate_hybrid_keep_overseas_global_reference,8,국채금리;미 국채금리,,
2026-05-23,1분기 차주당 가계대출 신규취급액 3542만원,"한국은행은 22일 '2026년 1분기 차주별 가계부채 통계(잠정)'를 발표하고, 올해 1분기 차주당 가계대출 신규취급액이 3542만원으로 전분기보다 99만원 증가했다고 밝혔다. 같은 기간 차주당 주택담보대출...",https://www.junggi.co.kr/news/articleView.html?idxno=36536,1,0.85,rule_keep_score_ge_6_with_hard_match,0.549542,0,pseudo_keep_model_drop,keep,candidate_hybrid_keep_strong_domain_rule_anchor,8,한국은행;가계부채,,
2026-06-02,[소비자민원평가-손해보험] 빅5 민원 점유율 73% 집중...KB손해보험 2년...,민원 유형별로 보면 ▶보험금 지급 ▶불완전판매 ▶사고 처리 ▶계약 해지 ▶고객센터 ▶보험료 순으로 집계됐다. 가장 많은 민원이 접수된 보험금 지급(41.3%) 유형은 실손보험 청구 관련 민원이 주를 이뤘다. 특히...,http://www.consumernews.co.kr/news/articleView.html?idxno=756596,1,0.85,rule_keep_score_ge_6_with_hard_match,0.552371,0,pseudo_keep_model_drop,keep,candidate_hybrid_keep_strong_domain_rule_anchor,8,손해보험;불완전판매,보험료,
2026-05-20,"하나금융, 베트남 BIDV 지분법손익 1분기만 404억원…투자 성과 빛났다","부실채권비율과 연체율이 하락했다""며 ""자산건전성이 개선되면서 충당금 부담 감소 등이 감소해 지분법손익이 증가했다""고 설명했다. 그는 ""인프라와 도시개발 사업은 상호 협력 예정으로 현재 구체화된...",http://www.wikileaks-kr.org/news/articleView.html?idxno=187587,1,0.85,rule_keep_score_ge_6_with_hard_match,0.553248,0,pseudo_keep_model_drop,keep,candidate_hybrid_keep_strong_domain_rule_anchor,8,부실채권;충당금,,
2026-05-19,[금융권 소식] 더케이저축은행ㆍBNK부산은행ㆍ새마을금고(5.18),"대상으로 '보이스피싱 및 전자금융사기 예방캠페인'을 진행했다. (사진=BNK부산은행) ■ BNK부산은행, 외국인... 최정희 BNK부산은행 금융소비자보호 총괄책임자(CCO)는 ""외국인 주민을 금융사기 피해로부터 보호하기 위해...",http://www.weeklytoday.com/news/articleView.html?idxno=775989,1,0.85,rule_keep_score_ge_6_with_hard_match,0.554796,0,pseudo_keep_model_drop,keep,candidate_hybrid_keep_strong_domain_rule_anchor,12,저축은행;새마을금고;보이스피싱,,
2026-05-30,토스뱅크 1분기 순이익 296억…1500만 고객 기반에 흑자 체력 키워,당기순이익 58% 증가…담보대출 출시 전에도 연속 흑자 보증부 대출·비이자 손익 개선…수익 구조 다변화 속도 연체율·NPL 안정세에 정책금융 확대…인터넷은행 경쟁력 강화 [서울타임즈뉴스 = 허성미 기자]...,https://www.seoultimes.news/news/article.html?no=2000096135,1,0.85,rule_keep_score_ge_6_with_hard_match,0.555839,0,pseudo_keep_model_drop,keep,candidate_hybrid_keep_strong_domain_rule_anchor,19,인터넷은행;npl;연체율;정책금융,대출;순이익,
2026-05-29,[채권-마감] 약세 플래트닝…매파 금통위·이란 긴장 재점화,국고채 금리가 28일 상승했다. 한국은행 금융통화위원회가 호키시(매파적)하게 해석된 것이 주로 영향을... 이날 장용성 금통위원과 유상대 금통위원은 기준금리를 25bp 인상해야 한다는 소수의견을 개진했다. 아울러...,https://news.einfomax.co.kr/news/articleView.html?idxno=4417297,1,0.85,rule_keep_score_ge_6_with_hard_match,0.557949,0,pseudo_keep_model_drop,keep,candidate_hybrid_keep_strong_domain_rule_anchor,10,한국은행;기준금리,채권,
2026-05-29,"하나금융그룹, 취약계층과 소상공인 돕는 포용금융 로드맵 본격 가동","조기 지급했고, 하나캐피탈은 저신용 화물차 차주를 대상으로 우대금리 지원을 확대하고 있다. 하나저축은행은 햇살론 지원 확대, 취약 차주 및 보이스피싱 피해자 상환 유예 등 자체 채무조정도 시행 중이다.",https://www.newsquest.co.kr/news/articleView.html?idxno=267001,1,0.85,rule_keep_score_ge_6_with_hard_match,0.558713,0,pseudo_keep_model_drop,keep,candidate_hybrid_keep_strong_domain_rule_anchor,8,저축은행;보이스피싱,,
2026-05-20,[뉴욕마켓워치] 美 국채 30년물 금리 19년만에 최고…주식·채권↓달러...,글로벌 금융시장의 핵심 주체인 주요 연기금의 연간 목표 수익률은 명목 기준 통상 5~7%다. 세계에서 가장 안전한 자산인 미국 국채가 30년간 5% 중반대 금리를 고정으로 준다면 연기금처럼 '알파'가 최우선 목표가...,https://news.einfomax.co.kr/news/articleView.html?idxno=4415773,1,0.85,rule_keep_score_ge_6_with_hard_match,0.559211,0,pseudo_keep_model_drop,keep,candidate_hybrid_keep_overseas_global_reference,8,국채,금리;주식;채권;달러,
2026-06-03,[더밸류 브리핑] 오늘의 증권·신탁업계 소식…키움증권·DB증권·대신자...,"증권·신탁업계가 파생상품 고객 유치와 토큰증권(STO) 사업 확장, 정비사업 수주에 나섰다. 키움증권은 국내선물옵션 신규·휴면 고객을 대상으로 수수료 할인 이벤트를 시작했고, DB증권은 나스닥 상장사 K 웨이브...",http://www.thevaluenews.co.kr/news/view.php?idx=199143,1,0.85,rule_keep_score_ge_6_with_hard_match,0.559427,0,pseudo_keep_model_drop,keep,candidate_hybrid_keep_strong_domain_rule_anchor,11,토큰증권;sto,수수료,
2026-05-21,"[포커스] BC카드, '케이뱅크 리스크' 줄였지만 결제망 수익 시험대","BC카드는 인터넷은행 투자 리스크를 일정 부분 덜었지만, 카드 결제 프로세싱과 매입 업무에서 나오는... 대출채권은 단기간 수익을 보완할 수 있지만, 경기 둔화나 연체 증가 국면에서는 건전성 부담으로 돌아올 수...",https://www.startuptoday.co.kr/news/articleView.html?idxno=801567,1,0.85,rule_keep_score_ge_6_with_hard_match,0.560286,0,pseudo_keep_model_drop,keep,candidate_hybrid_keep_strong_domain_rule_anchor,8,인터넷은행,연체;건전성,
2026-06-05,AI가 만든 가짜 진단서까지…정부 ‘보험사기’와 전면전,보험 종류별 비중은 실손보험과 건강보험 등이 포함된 장기손해보험이 44.7%로 가장 높았으며 자동차보험(22.... 김진홍 금융위 금융산업국장은 “보험금 누수는 결국 보험료 인상으로 이어져 선량한 가입자의 부담을...,https://www.nongmin.com/article/20260604500513,1,0.85,rule_keep_score_ge_6_with_hard_match,0.560532,0,pseudo_keep_model_drop,keep,candidate_hybrid_keep_strong_domain_rule_anchor,10,금융위;손해보험,보험료,
2026-05-28,"""딥페이크 사기 급증.. AI 범죄 AI로 막아야""","전 세계 4000개 이상의 거래소·핀테크·은행이 이 솔루션을 사용 중이다. 그는 기존 레거시 시스템이... 이어 ""스테이블코인 등 가상자산이 해외 송금과 결제에 본격 활용될 경우 KYC·AML 모니터링과 트래블룰 준수의...",https://www.ddaily.co.kr/page/view/2026052716540370544,1,0.85,rule_keep_score_ge_6_with_hard_match,0.561760,0,pseudo_keep_model_drop,keep,candidate_hybrid_keep_strong_domain_rule_anchor,9,가상자산;스테이블코인,,
2026-05-23,1분기 주택 거래 늘자 가계대출 다시 반등…30대 '주담대' 급증,"올해 1분기 주택 거래가 늘면서 대출자가 새로 받은 가계대출과 주택담보대출 규모가 모두 증가했다. 한국은행이 22일 발표한 '차주별 가계부채 통계'에 따르면, 올해 1분기 차주(대출자)당 가계대출 평균 신규...",https://www.jnilbo.com/news/articleView.html?idxno=90000036899,1,0.85,rule_keep_score_ge_6_with_hard_match,0.562897,0,pseudo_keep_model_drop,keep,candidate_hybrid_keep_strong_domain_rule_anchor,8,한국은행;가계부채,,
2026-05-29,"하나금융, 2026년까지 중·저신용자·소상공인에 3조원 포용금융 가동","하나캐피탈은 저신용 화물차 차주에게 우대금리를 적용 중이며, 하나저축은행은 햇살론 지원 확대와 취약 차주, 보이스피싱 피해자 상환 유예 등 채무조정도 시행하고 있다. 함영주 하나금융그룹 회장은 ""포용금융은...",https://www.cbci.co.kr/news/articleView.html?idxno=577701,1,0.85,rule_keep_score_ge_6_with_hard_match,0.564081,0,pseudo_keep_model_drop,keep,candidate_hybrid_keep_strong_domain_rule_anchor,8,저축은행;보이스피싱,,
2026-05-20,"[1.5금융②] 靑 ""체리피킹 안돼""...인뱅 ""충당금 폭탄에 대출 한계""",중·저신용자들이 은행들이 세워놓은 높은 성벽을 넘지 못해 금리가 높은 제2금융권으로 밀려나고 있는 것.... 높은 중저신용대출 비중 탓에 연체율이 높은 인터넷은행에는 부담이 클 수밖에 없다. 가계여신의 경우 고정...,https://www.insightkorea.co.kr/news/articleView.html?idxno=246681,1,0.85,rule_keep_score_ge_6_with_hard_match,0.564512,0,pseudo_keep_model_drop,keep,candidate_hybrid_keep_strong_domain_rule_anchor,9,인터넷은행;충당금,대출,
2026-05-21,"금융 당국, 마약·도박 의심계좌 동결하는 ‘특금법 개정’ 속도전",이를 위해 전날 오전에는 5대 가상 자산 거래소와 디지털자산거래소 공동협의체(DAXA) 관계자 등이 서울정부청사에서 FIU와 간담회를 가졌다. 가상 자산 업계에서는 FIU가 법적으로 유리한 고지를 점하기 위해 특금법...,https://biz.chosun.com/stock/finance/2026/05/20/6YMPHGW77FAENB6LSJW2ENPYSY/?utm_source=naver&utm_medium=original&utm_campaign=biz,1,0.85,rule_keep_score_ge_6_with_hard_match,0.565490,0,pseudo_keep_model_drop,keep,candidate_hybrid_keep_strong_domain_rule_anchor,15,디지털자산;디지털자산거래소;fiu,금융,
2026-05-28,"[더벨][여전사경영분석] 애큐온캐피탈, 조달 여건 개선 속 기업금융 드...",자회사인 애큐온저축은행의 경영 정상화 역시 연결 실적 개선의 한 축이 됐다. 다만 금융상품 관련 손익은... 3월말 기준 연체율은 3.07%로 전년말 대비 0.45%포인트 개선됐다. 이에 반해 NPL비율은 0.28%포인트 오른 3.25%를...,https://www.thebell.co.kr/free/content/ArticleView.asp?key=202605212150480720104860,1,0.85,rule_keep_score_ge_6_with_hard_match,0.569329,0,pseudo_keep_model_drop,keep,candidate_hybrid_keep_strong_domain_rule_anchor,9,저축은행;npl,실적,
2026-06-02,'빚투' 열풍에 신용대출 2조 급증…주담대 증가액 추월,금융권에서는 이번 신용대출 급증을 단순한 생활자금 수요 확대보다는 투자 목적 자금 수요 증가로... 경우 연체율 상승 가능성도 배제할 수 없다. 실제 국내 은행의 건전성 지표도 악화하는 모습이다. 금융감독원에...,https://www.edaily.co.kr/news/newspath.asp?newsid=04549366645477456,1,0.85,rule_keep_score_ge_6_with_hard_match,0.570395,0,pseudo_keep_model_drop,keep,candidate_hybrid_keep_strong_domain_rule_anchor,12,금융감독원;연체율,건전성,
2026-05-27,"보험사 가계대출 134.5조…""올 1분기에 5000억 늘었다""","보험업계 한 관계자는 ""보험계약대출은 약관상 해지환급금 범위 내에서 이뤄지는 안정적인 대출 영역인 만큼 시중은행 가계대출 규제 강화에 따른 풍선효과로 일부 자금이 유입된 것으로 보인다""며 ""기업대출...",http://www.thebigdata.co.kr/view.php?ud=202605270831479227c808fa9903_23,1,0.85,rule_keep_score_ge_6_with_hard_match,0.570712,0,pseudo_keep_model_drop,keep,candidate_hybrid_keep_strong_domain_rule_anchor,11,시중은행;보험사;보험업계,대출,
2026-05-22,"이억원 금융위원장 ""'비가시적 차주' 품는 정교한 신용평가 필수""","또한, 연체 이력 때문에 장기간 호흡으로 재기를 노려야 하는 차주들을 위한 3층(대안적 관계금융)은 사실상... 금융위는 이를 구체화하기 위해 소상공인 특화 전용 평가 모델을 하반기부터 7개 시범 은행에 적용해...",https://www.newspim.com/news/view/20260521000675,1,0.85,rule_keep_score_ge_6_with_hard_match,0.571021,0,pseudo_keep_model_drop,keep,candidate_hybrid_keep_strong_domain_rule_anchor,8,금융위,연체,
2026-05-20,주택 대출 ‘풍선 효과’…1분기 가계 대출 13조원 늘며 증가폭 확대,반면 상호금융 등이 포함된 비은행 예금취급기관의 주택 대출 증가 폭이 크게 늘었다. 은행권 대출은... 이혜영 한은 금융통계팀장은 “새마을금고와 농협 등이 최근 들어 모집인 대출을 중단하는 등 주택 대출...,https://www.chosun.com/economy/economy_general/2026/05/19/TRROAVS3XJBATH4MALSM6MXL7Q/?utm_source=naver&utm_medium=referral&utm_campaign=naver-news,1,0.85,rule_keep_score_ge_6_with_hard_match,0.571423,0,pseudo_keep_model_drop,keep,candidate_hybrid_keep_strong_domain_rule_anchor,18,한은;은행권;상호금융;새마을금고,대출,
2026-06-05,[6월 1주차 디지털자산 투자시장] 3주 연속 자금 유출세 지속,나머지 자산을 묶어 취합한 기타(Other) 항목에서도 2백만 달러(약 31억 원)의 자금 유입이 포착됐다. 한편 가상화폐 거래소인 업비트를 운영하는 두나무의 '업비트 데이터랩 위클리 리포트(Upbit Datalab Weekly...,https://www.khgames.co.kr/news/articleView.html?idxno=305032,1,0.85,rule_keep_score_ge_6_with_hard_match,0.573551,0,pseudo_keep_model_drop,keep,candidate_hybrid_keep_strong_domain_rule_anchor,10,디지털자산;업비트,달러,
2026-05-21,[줌인] 가계대출 규제 속 실물경제 택한 '하나금융'…17조8000억원 '생산...,가계대출 의존 탈피…'AI·바이오' 등 미래 산업에 자금 공급 그동안 시중은행들은 안전 자산 위주의 가계대출이나 부동산 프로젝트파이낸싱(PF)에 치중해 왔다는 비판에서 자유롭지 못했다. 하나금융의 이번 행보는...,http://www.dailypop.kr/news/articleView.html?idxno=99002,1,0.85,rule_keep_score_ge_6_with_hard_match,0.575916,0,pseudo_keep_model_drop,keep,candidate_hybrid_keep_strong_domain_rule_anchor,13,시중은행;pf;프로젝트파이낸싱,,
2026-05-29,"농협, 시중은행 떠난 농촌 현장 지킨다...'포용적 금융' 실현",▲농협 상호금융의 '현장 중심 경영'…지역사회 금융 안전망 구축 농협 상호금융은 이러한 시장 흐름과 대조적으로 수익성이라는 단순 지표를 넘어 농업인과 지역사회의 실질적 편익을 최우선 가치로 설정하고...,https://news.bbsi.co.kr/news/articleView.html?idxno=4086103,1,0.85,rule_keep_score_ge_6_with_hard_match,0.576394,0,pseudo_keep_model_drop,keep,candidate_hybrid_keep_strong_domain_rule_anchor,9,시중은행;상호금융,금융,
2026-06-02,"美 증시 사상 최고치인데…비트코인, 7만 3000달러대서 약보합[코인브리...","베트남 정부, 중소기업 대출 담보에 가상자산 포함 추진 베트남 정부가 가상자산(디지털자산)을 중소기업... 최근 미국에서 역내 비트코인 무기한 선물 거래가 승인을 받으면서 무기한 선물 거래소인 하이퍼리퀴드가...",https://www.news1.kr/finance/blockchain-fintech/6183459,1,0.85,rule_keep_score_ge_6_with_hard_match,0.576860,0,pseudo_keep_model_drop,keep,candidate_hybrid_keep_strong_domain_rule_anchor,9,가상자산;디지털자산,대출,
2026-06-03,"[은행 이모저모] 신한은행 '호서대와 협약', 수협은행 '기술보증기금과...","사진=신한은행  ◆ 신한은행, 호서대학교와 상호공동발전 업무협약 신한은행(은행장 정상혁)은 지난 1일... 생산적 금융지원 업무협약'을 체결했다. 2일 수협은행에 따르면 이번 협약은 기술중소기업이 겪는 자금조달...",http://www.bizwnews.com/news/articleView.html?idxno=137903,1,0.85,rule_keep_score_ge_6_with_hard_match,0.580331,0,pseudo_keep_model_drop,keep,candidate_hybrid_keep_strong_domain_rule_anchor,12,은행;생산적 금융;기술보증기금,,
2026-06-01,역대급 150조 규모…국민성장펀드의 성공 조건,"부동산 시장과 가계대출에 고여 있던 돈의 흐름을 기업, 첨단 산업, 자본시장으로 돌리겠다는 메시지다.... 이 펀드의 일반 국민 평균 수익률은 연간 2.37%로, 시중은행 정기예금 금리에도 못 미친다는 평가를 받는다. 연간...",https://magazine.hankyung.com/money/article/202605209937c,1,0.85,rule_keep_score_ge_6_with_hard_match,0.580662,0,pseudo_keep_model_drop,keep,candidate_hybrid_keep_strong_domain_rule_anchor,13,시중은행;국민성장펀드;성장펀드,,
2026-05-19,"NH농협은행, 대출 문턱 더 높인다…20일부터 주담대 갈아타기 제한",한편 은행권 가계대출은 최근 주담대를 중심으로 다시 증가세를 보이고 있다. 9일 양도세 중과 유예 종료를 앞두고 1분기 중 확대된 주택거래량이 시차를 두고 반영된 영향으로 풀이된다. 한국은행 금융시장 동향에...,https://www.ajunews.com/view/20260518161842109,1,0.85,rule_keep_score_ge_6_with_hard_match,0.581112,0,pseudo_keep_model_drop,keep,candidate_hybrid_keep_strong_domain_rule_anchor,10,한국은행;은행권,대출,
2026-05-21,"[오늘의 게임·IT 소식] 빗썸, 올해 두 번째 임직원 헌혈 外","◆바이낸스 아카데미, 가상자산 사기 수법 및 예방 가이드 공개 글로벌 가상자산 거래소 바이낸스가 교육 플랫폼 '바이낸스 아카데미' 홈페이지를 통해 전 세계적으로 인공지능(AI) 기술 확산과 함께 정교화되고...",https://dealsite.co.kr/articles/162203,1,0.85,rule_keep_score_ge_6_with_hard_match,0.582333,0,pseudo_keep_model_drop,keep,candidate_hybrid_keep_strong_domain_rule_anchor,9,가상자산;빗썸,,
2026-05-29,[금융소식] 우리은행 아고라 프로젝트 / IBK창공 데모데이 / 하나카드 트...,"행사는 보이스피싱 피해예방 교육, 금융기초 교육, 채용설명회, 현직 실무자와의 대화 순으로 진행됐으며, 금융감독원 방문교육 담당자도 직접 참여했다. 지역균형 발전 취지에 따라 지방 거점 대학을 찾아가는...",https://www.webeconomy.co.kr/news/articleView.html?idxno=2184872,1,0.85,rule_keep_score_ge_6_with_hard_match,0.583079,0,pseudo_keep_model_drop,keep,candidate_hybrid_keep_strong_domain_rule_anchor,10,금융감독원;보이스피싱,,
2026-05-23,1분기 가계대출 다시 증가세…30대 주담대 '급증',"22일 한국은행(한은)이 발표한 '차주별 가계부채 통계'에 따르면, 올해 1분기 차주당 가계대출 평균 신규 취급액은 3천542만원으로 지난해 4분기보다 99만원 증가했다. 가계대출 신규 취급액은 지난해 2분기 260만원...",https://www.youthdaily.co.kr/news/article.html?no=219599,1,0.85,rule_keep_score_ge_6_with_hard_match,0.584070,0,pseudo_keep_model_drop,keep,candidate_hybrid_keep_strong_domain_rule_anchor,13,한국은행;한은;가계부채,,
2026-05-20,"1분기 가계 빛, 역대 최고치 갈아치우며 2천조원 육박...'영 끌', '빛 투...",대출 창구별로는 예금은행 가계대출은 2000억원 감소한 반면 상호금융·상호저축은행·신용협동조합 등 비은행예금취급기관의 가계대출 8조2000억원 불었다. 보험·증권·자산유동화회사 등 기타금융기관의...,http://www.beyondpost.co.kr/view.php?ud=2026051914173375182aaae0046f_30,1,0.85,rule_keep_score_ge_6_with_hard_match,0.586314,0,pseudo_keep_model_drop,keep,candidate_hybrid_keep_strong_domain_rule_anchor,9,저축은행;상호금융,대출,
2026-05-22,"[오늘 금시세]연준 의사록·달러 약세에 금값, 반등 랠리","다만 동시에 경기 둔화 리스크와 금융시장 부담 역시 거론되면서 시장은 공격적 긴축 지속... 한편 21일 원/달러 환율은 7.3원 내린 1,499.5원에 개장했다. 코스피는 전 거래일보다 277.42포인트(3.85%) 오른 7...",https://www.namdonews.com/news/articleView.html?idxno=911279,1,0.85,rule_keep_score_ge_6_with_hard_match,0.586650,0,pseudo_keep_model_drop,keep,candidate_hybrid_keep_overseas_korean_market_impact,10,연준;원/달러,달러,
2026-06-05,[데일리 머니마켓] 다우 사상 최고치 마감,"◆채권시장 유가 급락으로 미국 국채금리는 하락했다. 마켓워치는 “10년물 금리가 1.6bp 하락해 4.475%, 2년물 금리가 3.6bp 하락해 4.048%로 마감했다”고 보도했다. ◆외환시장 달러가 소폭 약세였다. 로이터...",https://www.bigtanews.co.kr/article/view/big202606050001,1,0.85,rule_keep_score_ge_6_with_hard_match,0.587104,0,pseudo_keep_model_drop,keep,candidate_hybrid_keep_strong_domain_rule_anchor,8,국채금리;외환시장,,
2026-05-20,가계빚 1993조 또 최대… 2금융권 가계대출 증가폭 9배 확대,"대출 규제가 집중된 시중은행은 1분기 가계대출 잔액(1,009조6,000억 원)이 2,000억 원 감소한 반면, 저축은행·신협 등 2금융권(325조 원)은 8조2,000억 원 증가했다. 이는 1년 전 같은 기간 증가폭(9,000억 원) 대비 9배...",https://www.hankookilbo.com/news/article/A2026051909520001793?did=NA,1,0.85,rule_keep_score_ge_6_with_hard_match,0.588797,0,pseudo_keep_model_drop,keep,candidate_hybrid_keep_strong_domain_rule_anchor,13,시중은행;저축은행;신협,대출,
2026-05-29,[금융지주X딥엑스] ①VC·PE 대신 금융지주 전면에…'생산적 금융' 실적...,이에 정부는 은행권 자금이 부동산이나 가계대출에 쏠리는 대신 AI·반도체 등 국가전략산업의 모험자본으로 흘러가야 한다고 강조하고 있다. 이런 상황에서 차세대 AI 반도체 유니콘 후보에 1000억원 단위 자금을...,https://www.smarttoday.co.kr/ko-kr/articles/107906,1,0.85,rule_keep_score_ge_6_with_hard_match,0.589214,0,pseudo_keep_model_drop,keep,candidate_hybrid_keep_strong_domain_rule_anchor,10,은행권;생산적 금융,실적;금융,
2026-06-05,보험사기 적발만 1조원…AI로 AI 보험사기 잡는다,활용한 보험사기 탐지 인프라를 구축해 보험금 누수와 보험료 상승을 막겠다는 계획이다. 금융위원회는 4일... 보험 분야별로는 실손보험과 건강보험 등이 포함된 장기손해보험이 44.7%로 가장 큰 비중을 차지했고...,https://www.junggi.co.kr/news/articleView.html?idxno=36658,1,0.85,rule_keep_score_ge_6_with_hard_match,0.590096,0,pseudo_keep_model_drop,keep,candidate_hybrid_keep_strong_domain_rule_anchor,16,금융위원회;금융위;손해보험,보험료,
2026-05-19,"여신 포트폴리오의 혁신… 케이뱅크, 개인사업자 대출 '3조 고지' 밟았다","시중은행은 물론 저축은행·카드·캐피탈 등 2금융권 고금리 대출까지 비대면으로 갈아탈 수 있어... 여신 구조가 견고해지면서 연체율은 같은 기간 1.38%에서 0.55%로 급락, 인터넷은행 중 가장 깨끗한 건전성을 자랑하게...",https://www.thefairnews.co.kr/news/articleView.html?idxno=77168,1,0.85,rule_keep_score_ge_6_with_hard_match,0.590190,0,pseudo_keep_model_drop,keep,candidate_hybrid_keep_strong_domain_rule_anchor,16,시중은행;인터넷은행;저축은행;캐피탈,대출,
2026-05-23,빚 탕감 뉴노멀 되나 … 흔들리는 신용질서 [착한 금융의 역설②],"업권마저 건전성 관리에 나서며 대출 공급을 빠르게 줄이고 있다. 저축은행 중금리대출 공급액은 2024년 5조 4891억원에서 최근 3조 3000억원 수준까지 감소했다. 새마을금고와 신협, 지역 농협 등 상호금융권 역시 비조합원...",https://biz.newdaily.co.kr/site/data/html/2026/05/22/2026052200100.html,1,0.85,rule_keep_score_ge_6_with_hard_match,0.591016,0,pseudo_keep_model_drop,keep,candidate_hybrid_keep_strong_domain_rule_anchor,19,저축은행;상호금융;새마을금고;신협,대출;건전성,
2026-05-29,"[금융권 이모저모]하나은행, 호국보훈의 달 맞아 '대한민국만세 적금' ...","현장에서는 금융감독원 담당자가 참여한 보이스피싱 피해예방 교육과 금융기초 교육이 진행됐으며, 이어 현직 실무자들이 참여해 채용 준비 방법과 직무 경험을 공유하는 소통의 시간이 마련됐다. 장종환...",https://www.businessplus.kr/news/articleView.html?idxno=112305,1,0.85,rule_keep_score_ge_6_with_hard_match,0.591958,0,pseudo_keep_model_drop,keep,candidate_hybrid_keep_strong_domain_rule_anchor,10,금융감독원;보이스피싱,,
2026-06-02,"[국제금융 브리핑] 트럼프, 이란 핵협상 수정안 재발송…""고농축 우라늄...","금융시장 주요 지표에서는 S&P500과 KOSPI, 미국 및 한국 국채 10년물, 달러인덱스와 원/달러 환율, 브렌트유와 유럽 천연가스, VIX와 EMBI+, 달러-원 스왑베이시스와 한국 CDS 흐름이 함께 제시됐다. 미국 경제지표에서는 5월...",https://www.tokenpost.kr/news/international/364932,1,0.85,rule_keep_score_ge_6_with_hard_match,0.592461,0,pseudo_keep_model_drop,keep,candidate_hybrid_keep_strong_domain_rule_anchor,11,환율;국채;원/달러,달러,
2026-06-06,"[김대호 진단] 스페이스X 태풍 ""뉴욕증시 자금 대이동""","증시를 떠받칠 시중 유동성의 마중물 역할을 해야 할 미 연준(Fed)의 기준 금리 정책마저 끈적한 인플레이션... 금융 시장의 근본적인 수급 메커니즘 상, 조달 금액만 800억 달러라는 천문학적인 뭉칫돈을 단기간에...",https://www.g-enews.com/view.php?ud=20260528122210804906806b77b_1,1,0.85,rule_keep_score_ge_6_with_hard_match,0.592630,0,pseudo_keep_model_drop,keep,candidate_hybrid_keep_overseas_global_reference,12,연준;fed,금리;금융,
2026-05-30,가상화폐 ETF 미래 본 삼성…두나무 손잡고 ‘한국판 블랙록’ 노리나,"가상화폐 거래소와 증권사, 자산운용사 간 연계가 중요한 이유다. 특히 시장에서는 삼성자산운용의 향후 행보에 주목하고 있다. 삼성자산운용은 미래에셋자산운용과 함께 국내 ETF 시장을 양분하고 있는 사업자다....",https://www.decenter.kr/article/20049770?ref=naverdc,1,0.85,rule_keep_score_ge_6_with_hard_match,0.596097,0,pseudo_keep_model_drop,keep,candidate_hybrid_keep_strong_domain_rule_anchor,8,증권사;두나무,,
2026-05-20,"하나금융, '찾아가는 무료 안과 검진' 실시…의료 사각 어르신 지원","은행 방문이 어려운 어르신들에게 맞춤형 금융 상담을 제공하고 보이스피싱 예방 방법을 안내해 피해 방지에 나섰다. 의료와 금융을 연계해 지역사회 지원 범위를 넓히겠다는 취지다. 하나금융 관계자는 ""검진이...",http://www.newscape.co.kr/news/articleView.html?idxno=122270,1,0.85,rule_keep_score_ge_6_with_hard_match,0.596347,0,pseudo_keep_model_drop,keep,candidate_hybrid_keep_strong_domain_rule_anchor,8,은행;보이스피싱,금융,
2026-06-05,"AI로 진화한 보험사기, 범정부 공조 AI 탐지체계로 막는다","보험 분야별로는 실손보험과 건강보험 등이 포함된 장기손해보험이 44.7%로 가장 큰 비중을 차지했다. 이어 자동차보험 22.4%, 생명보험 21.8%, 일반 손해보험 11.2% 순이었다. 금융위는 보험금 누수가 보험료...",https://www.financialpost.co.kr/news/articleView.html?idxno=261432,1,0.85,rule_keep_score_ge_6_with_hard_match,0.596603,0,pseudo_keep_model_drop,keep,candidate_hybrid_keep_strong_domain_rule_anchor,13,금융위;손해보험;생명보험,보험료,
2026-05-22,"""중금리대출 2조 늘리면 800억 손해""…포용금융 압박에 은행은 운다",21일 금융권에 따르면 최근 A시중은행은 중신용자 대출 공급을 2조원까지 확대할 경우 최대 800억원가량의... 특히 담보나 보증이 충분하지 않은 신용대출 형태로 공급될 경우 경기 둔화나 연체율 상승 국면에서 충당금...,https://news.einfomax.co.kr/news/articleView.html?idxno=4416082,1,0.85,rule_keep_score_ge_6_with_hard_match,0.596665,0,pseudo_keep_model_drop,keep,candidate_hybrid_keep_strong_domain_rule_anchor,13,시중은행;연체율;충당금,대출,
2026-05-23,"1분기 차주당 신규 가계대출 3500만 원으로 이전 분기보다 3% 증가, 주담...",1분기 가계대출 취급액이 주택담보대출(주담대)을 중심으로 증가했다. 한국은행이 22일 발표한 '2026년 1분기 차주별 가계부채 통계(잠정)'에 따르면 올해 1분기 차주당 가계대출 평균 신규 취급액은 3542만 원으로...,https://www.businesspost.co.kr/BP?command=article_view&num=438497,1,0.85,rule_keep_score_ge_6_with_hard_match,0.596997,0,pseudo_keep_model_drop,keep,candidate_hybrid_keep_strong_domain_rule_anchor,8,한국은행;가계부채,,
2026-05-19,"NH농협은행, 20일부터 대면 주담대 갈아타기 한시 중단","은행권 가계대출은 최근 주택담보대출을 중심으로 증가세를 보이고 있다. 한국은행이 발표한 금융시장 동향에 따르면 지난 4월 말 기준 예금은행의 주택담보대출 잔액은 937조6천억원으로, 전월 말보다 2조7000억원...",https://www.delighti.co.kr/news/articleView.html?idxno=116554,1,0.85,rule_keep_score_ge_6_with_hard_match,0.597647,0,pseudo_keep_model_drop,keep,candidate_hybrid_keep_strong_domain_rule_anchor,9,한국은행;은행권,,
2026-06-05,오세훈표 창업 정책 ‘청신호’…소상공인은 “금융 지원 약속 지켜라”,"올해 1분기 4대 시중은행의 개인사업자 대출 부실채권 비율이 오르고, 은행권 전체 대출 연체율도 상승했다. 소상공인들의 금융 부담이 커졌다는 의미다. 자금 조달 여건이 악화한 상황에서 금융 지원 정책의 실효성이...",https://biz.chosun.com/industry/business-venture/2026/06/04/CSY3Q42NVNBPHBMEPFUJCVRNUQ/?utm_source=naver&utm_medium=original&utm_campaign=biz,1,0.85,rule_keep_score_ge_6_with_hard_match,0.597955,0,pseudo_keep_model_drop,keep,candidate_hybrid_keep_strong_domain_rule_anchor,14,은행권;시중은행;부실채권,대출;금융,
2026-05-20,美 국채금리 급등에 뉴욕증시 약세…삼성전자 노사 막판 협상[뉴스새벽...,글로벌 채권 투매 지속…호르무즈 봉쇄 우려도 부담 -고유가에 따른 인플레이션 상승과 주요 선진국 재정 악화 우려가 맞물리며 글로벌 채권시장에서는 투매 흐름이 이어지고 있음. 10년 만기 미 국채 금리는 지난...,http://www.edaily.co.kr/news/newspath.asp?newsid=02236966645450888,1,0.85,rule_keep_score_ge_6_with_hard_match,0.598085,0,pseudo_keep_model_drop,keep,candidate_hybrid_keep_overseas_global_reference,9,국채;국채금리,채권,
2026-05-21,삼성전자 호재 유효할까…운용사 장기물 트레이딩 주시,"글로벌 장기 국채 금리가 급등하고, 국내 채권시장도 이에 연동한 약세로 마땅한 매수 주체를 찾기 어려운 상황에서 원군으로 등장한 것이다. 증권사의 한 채권 딜러는 ""크게 기대하지 않았던 호재인 것은 맞다""며...",https://news.einfomax.co.kr/news/articleView.html?idxno=4415956,1,0.85,rule_keep_score_ge_6_with_hard_match,0.598664,0,pseudo_keep_model_drop,keep,candidate_hybrid_keep_strong_domain_rule_anchor,9,국채;국내 채권시장,채권,
2026-05-23,증시 훈풍 탄 현대차證…AI 혁신으로 고부가 수익 구조 전환 시동,특히 STO(토큰증권발행) 시장 선점에 공을 들이고 있다. 회사는 한국거래소가 주도하는 'KDX 유통플랫폼'에 참여하고 있으며 지난 정기 주총에서는 디지털금융·블록체인 전문가인 인호 고려대 컴퓨터학과 교수를...,https://www.imaeil.com/page/view/2026052210281772776,1,0.85,rule_keep_score_ge_6_with_hard_match,0.599238,0,pseudo_keep_model_drop,keep,candidate_hybrid_keep_strong_domain_rule_anchor,10,토큰증권;sto,,
2026-05-20,금감원 “AI 악용 금융해킹 현실화 우려”…레버리지 ETF·핀플루언서도...,최근 증시 과열 속 레버리지 ETF 투자 쏠림과 핀플루언서 불법행위 등에 대해서도 소비자 피해 예방 중심의... 금감원은 현재 보이스피싱 정보공유·분석 AI 플랫폼 ‘ASAP’ 사업과 금융상품 광고 심의...,https://www.dailian.co.kr/news/view/1645837/?sc=Naver,1,0.85,rule_keep_score_ge_6_with_hard_match,0.599761,0,pseudo_keep_model_drop,keep,candidate_hybrid_keep_strong_domain_rule_anchor,10,금감원;보이스피싱,,
2026-05-23,"세계 최대 코인거래소가 이란 돈줄?…""혁명수비대 자금 통로였다""","세계 최대 가상자산거래소 바이낸스가 이란 혁명수비대(IRGC)와 연결된 자금망의 통로로 이용됐다는 보도가 나왔다. 내부 경고가 여러 차례 제기된 뒤에도 일부 계정은 장기간 운영됐고, 미국 당국은 이란의 제재 우회...",https://www.newsis.com/view/NISX20260522_0003641429,1,0.85,rule_keep_score_ge_6_with_hard_match,0.600419,0,pseudo_keep_model_drop,keep,candidate_hybrid_keep_strong_domain_rule_anchor,16,제재;가상자산;가상자산거래소;코인거래소,,
2026-06-05,"지난해 보험사기 규모 9조...금융위, AI 보험사기 방지 TF 출범",보험 분야별로는 실손보험·건강보험 등이 포함된 장기손해보험(44.7%)이 가장 많았고 자동차보험(22.4... 8%)·일반 손해보험(11.2%) 순이었다. 보험금 누수는 보험료 상승은 물론 건강보험 재정 누수로도 이어질 수 있다는...,https://www.joongangenews.com/news/articleView.html?idxno=523699,1,0.85,rule_keep_score_ge_6_with_hard_match,0.600554,0,pseudo_keep_model_drop,keep,candidate_hybrid_keep_strong_domain_rule_anchor,10,금융위;손해보험,보험료,
2026-05-22,[금융권 소식] 새마을금고ㆍNH농협은행ㆍKB국민은행ㆍBNK경남은행ㆍ신한...,"■ 새마을금고, 고유가 피해지원금 체크카드 신청·사용 지원 새마을금고는 고유가·고환율·고물가에 따른... 게임 내 광장에 KB국민은행 지점을 구현하고, 이용자들이 게임 속에서 금융상식과 보이스피싱 예방...",http://www.weeklytoday.com/news/articleView.html?idxno=776742,1,0.85,rule_keep_score_ge_6_with_hard_match,0.600822,0,pseudo_keep_model_drop,keep,candidate_hybrid_keep_strong_domain_rule_anchor,8,새마을금고;보이스피싱,,
2026-05-30,"토스뱅크, 1분기 순익 296억원… 비이자이익 적자폭 절반 줄여",중저신용자 대출 비중을 높은 수준으로 유지하면서도 연체율과 자본적정성 등 주요 건전성 지표가... 제1금융권 은행 가운데 가장 높은 수준이다. 1분기 햇살론뱅크와 사잇돌대출 등 서민정책금융 공급액은...,http://digitalchosun.dizzo.com/site/data/html_dir/2026/05/29/2026052980049.html,1,0.85,rule_keep_score_ge_6_with_hard_match,0.603863,0,pseudo_keep_model_drop,keep,candidate_hybrid_keep_strong_domain_rule_anchor,11,은행;정책금융,대출;건전성,
2026-05-27,"천안 물류센터, 디폴트 후 압류…대주단·출자자 '막막'",당시 브릿지론을 통해 25개 지역 새마을금고로 구성된 대주단으로부터 410억원을 조달했다. 이후 본PF 전환이 원활히 이뤄지지 않으면서 사업이 지연됐다. 본PF 조달 지연은 건설경기 침체와 물류센터 공급 과잉에...,https://dealsite.co.kr/articles/162340,1,0.85,rule_keep_score_ge_6_with_hard_match,0.604107,0,pseudo_keep_model_drop,keep,candidate_hybrid_keep_strong_domain_rule_anchor,8,새마을금고;pf,,
2026-05-27,"권대영 ""무늬만 생산적금융 안돼""..가계대출 13조 줄때 생산금융 95조 늘...","권 부위원장은 26일 생산적 금융 협의체 4차 회의를 개최하고 "" 5대 금융지주와 산업은행, 기업은행을... 살펴보면, 가계대출은 846조원에서 859조원으로 줄었다. 전체 금액 대비 비중이 32.1%에서 31.4%로 축소된 것이다....",https://www.mt.co.kr/finance/2026/05/27/2026052615525625262,1,0.85,rule_keep_score_ge_6_with_hard_match,0.604700,0,pseudo_keep_model_drop,keep,candidate_hybrid_keep_strong_domain_rule_anchor,15,산업은행;기업은행;생산적 금융,금융,
2026-05-30,토스뱅크 1분기 순이익 296억원…4월말 고객 1500만명 돌파,"1분기 1금융권 은행 중 가장 높은 수준이다. 햇살론뱅크와 사잇돌대출 등 서민정책금융 상품의 1분기 공급액은 4574억원, 누적 공급액은 2조5628억원이다. 건전성 지표도 개선됐다. 1분기 전체 연체율은 1.07%로 전년...",https://www.mt.co.kr/finance/2026/05/29/2026052910155655789,1,0.85,rule_keep_score_ge_6_with_hard_match,0.604887,0,pseudo_keep_model_drop,keep,candidate_hybrid_keep_strong_domain_rule_anchor,11,은행;정책금융,건전성;순이익,
2026-05-30,"새도약기금, 9602억원 장기 연체 채권 매입…누적 수혜자 75만명","새도약기금은 농협자산관리회사(농자산), 상호금융권(새마을금고, 수협, 신협, 산림조합)·대부회사·공공기관 등이 보유한 장기 연체 채권 9602억원 규모를 인수하는 '5차 채권 매입'을 완료했다. 이번 조치로 개인 및...",https://www.newsway.co.kr/news/view?ud=2026052910034088817,1,0.85,rule_keep_score_ge_6_with_hard_match,0.605993,0,pseudo_keep_model_drop,keep,candidate_hybrid_keep_strong_domain_rule_anchor,16,상호금융;새마을금고;신협,연체;채권,
2026-05-29,[사회연대금융 좌담회-②] 수출입은행과  한국씨티은행이 뿌린 씨앗,"현재와 같이 사회연대금융 정책 논의가 금융권, 정책금융기관, 보증기관 중심으로 이뤄질 경우 사회연대경제... 은행권과 보증기관은 자금 공급 규모, 대출 실적, 보증 한도, 연체율 같은 지표에 익숙하다. 그러나...",https://www.eroun.net/news/articleView.html?idxno=81833,1,0.85,rule_keep_score_ge_6_with_hard_match,0.606334,0,pseudo_keep_model_drop,keep,candidate_hybrid_keep_strong_domain_rule_anchor,16,연체율;정책금융;정책금융기관,대출;실적,
2026-06-05,비용 부담에 대출 절벽까지…소상공인 금융난 가중,금융권에 따르면 5대 시중은행의 자영업자 대출 잔액은 올해 3월 말 기준 322조6472억원으로 지난해 말보다 9921억원 증가하는 데 그쳤다. 증가율은 약 0.3% 수준이다. 대출 심사가 강화된 배경에는 연체율 상승이 있다....,https://www.nbntv.co.kr/news/articleView.html?idxno=4022078,1,0.85,rule_keep_score_ge_6_with_hard_match,0.607250,0,pseudo_keep_model_drop,keep,candidate_hybrid_keep_strong_domain_rule_anchor,9,시중은행;연체율,대출,
2026-05-30,"[ABC Up & Down] '불청객' 하나은행 등장에 케이뱅크 긴장 ""업비트 뺏길...","하나은행은 가상자산거래소 운영사의 핵심 주주로 참여하는 첫 시중은행이다. 올해 3월 상장 된 후 지속 하락해온 케이뱅크 주가는 좀처럼 반등 모템텀을 찾지 못하고 있다. 공모가 8,300원 대비 29일 오전 11시 기준 31.6...",https://www.ajunews.com/view/20260527153822418,1,0.85,rule_keep_score_ge_6_with_hard_match,0.607451,0,pseudo_keep_model_drop,keep,candidate_hybrid_keep_strong_domain_rule_anchor,18,시중은행;가상자산;가상자산거래소;업비트,,
2026-06-01,"대구·경북, ""이자 내기도 벅차다""...기업 자금시장 '경고등'",지역 금융권에서는 고금리 장기화 속에 기업들의 자금 조달 여력이 떨어진 것으로 보고 있다. 경기 둔화로... 자금 부담 증가는 연체율 상승으로도 나타나고 있다. 한국은행 경제통계시스템에 따르면 대구지역...,https://www.idaegu.com/news/articleView.html?idxno=663049,1,0.85,rule_keep_score_ge_6_with_hard_match,0.607833,0,pseudo_keep_model_drop,keep,candidate_hybrid_keep_strong_domain_rule_anchor,9,한국은행;연체율,,
2026-06-01,"문창환 IBK캐피탈 대표, 단기조달 전략적 확대…AA- 펀더멘탈 ‘최상’...","기업금융, 투자금융 중심 캐피탈사임에도 선순위 중심 물권을 취급하며 캐피탈사들의 부동산PF 발 부실 사태에도 안정적인 실적을 시현했다. 작년에는 주식시장 활황으로 투자 부문 평가손익 증가, 우수한 건전성...",http://www.fntimes.com/html/view.php?ud=202605300128275981dd55077bc2_18,1,0.85,rule_keep_score_ge_6_with_hard_match,0.608027,0,pseudo_keep_model_drop,keep,candidate_hybrid_keep_strong_domain_rule_anchor,13,pf;부동산pf,부실;건전성,
2026-06-06,"[증시-마감] 젠슨 황 방한에도 韓 반도체 급락…코스피 8,100선 후퇴",이밖에 금융위원회가 코스닥 시장 활성화를 목적으로 열린 회의에서 시장의 기대를 충족할 만한... 서울 외환시장에서 원/달러 환율은 전 거래일(1529.7원)보다 9.4원 오른 1539.1원에 주간 거래를 마쳤다. 2026.6.5 jin90...,https://news.einfomax.co.kr/news/articleView.html?idxno=4418518,1,0.85,rule_keep_score_ge_6_with_hard_match,0.608973,0,pseudo_keep_model_drop,keep,candidate_hybrid_keep_strong_domain_rule_anchor,25,금융위원회;금융위;원/달러;외환시장,코스피;코스닥;달러,
2026-05-27,30bp까지 벌어진 국고·통안 스프레드…어떻게 봐야 할까,"강하다""며 ""크레디트 스프레드 고려 시 통안채를 기준으로 하는 곳이 많다 보니 헤지 관련 통안채 수요도 더 많을 수 있다""고 설명했다. C자산운용사의 채권 운용역은 ""단기 구간 은행채, 공사채, 여전채, 회사채 금리는...",https://news.einfomax.co.kr/news/articleView.html?idxno=4416722,1,0.85,rule_keep_score_ge_6_with_hard_match,0.609024,0,pseudo_keep_model_drop,keep,candidate_hybrid_keep_strong_domain_rule_anchor,14,회사채;스프레드;여전채,채권,
2026-05-21,"전문가들이 본 5월 수정 경제전망⋯""올해 성장률 2.5~2.6%가 대세"" [금통...",7%도 제시 한국은행은 28일 열리는 5월 금융통화위원회에서 기준금리와 함께 올해 경제성장률과 물가 등 수정 경제전망을 함께 발표할 예정이다. 최근 역대급 반도체 수출 호황에 따라 1분기 경제성장률이 당초 예상치를...,https://www.etoday.co.kr/news/view/2586491,1,0.85,rule_keep_score_ge_6_with_hard_match,0.609183,0,pseudo_keep_model_drop,keep,candidate_hybrid_keep_strong_domain_rule_anchor,8,한국은행;기준금리,,
2026-05-30,"토스뱅크, 1분기 당기순익 296억원...전년동기 比 58% ‘↑’","75%로 제1금융권 은행 중 가장 높은 수준을 유지하고 있다. 특히 서민정책금융 상품 공급에 적극 앞장서며... 건전성 지표 지속 개선 대내외 경기불안 속에서도 전체 연체율은 1.07%를 기록, 전년동기 대비 0.19%p...",http://www.joseilbo.com/news/news_read.php?uid=569159&class=51&grp=,1,0.85,rule_keep_score_ge_6_with_hard_match,0.610346,0,pseudo_keep_model_drop,keep,candidate_hybrid_keep_strong_domain_rule_anchor,10,은행;정책금융,건전성,
2026-06-01,"""포용·생산적금융 어쩌나""…지방은행권 부실채권비율 상승 뚜렷","31일 금융감독원 및 금융권에 따르면 올해 1분기 말 은행권의 NPL비율은 0.60%로 전분기 말 0.57% 대비 약 0.... 문제는 이 같은 쿼터를 충족하기 위해 대출을 늘리는 과정에서 연체율이 높아지고, 대손충당금도...",https://www.mediapen.com/news/view/1101874,1,0.85,rule_keep_score_ge_6_with_hard_match,0.611087,0,pseudo_keep_model_drop,keep,candidate_hybrid_keep_strong_domain_rule_anchor,14,금융감독원;npl;부실채권,,
2026-06-02,"'주담대·전세대출' 금리 역전 고착화…""저신용자 이자가 더 싸다""",금융권에서는 정부의 포용금융 기조와 저신용자 대상 정책성 금융 지원이 서민 실수요 대출 시장의 금리... 실제로 5대 시중은행의 올해 1분기 고정이하여신(NPL) 비율과 대출 평균 연체율은 상승 흐름을 보이고 있다....,https://www.ebn.co.kr/news/articleView.html?idxno=1710844,1,0.85,rule_keep_score_ge_6_with_hard_match,0.611849,0,pseudo_keep_model_drop,keep,candidate_hybrid_keep_strong_domain_rule_anchor,11,시중은행;npl,금리;대출;금융,
2026-05-29,"[금융로드] ""미봉책 아닌 판을 바꾸는 포용금융""…하나금융, 3조원 취약...","하나캐피탈은 저신용 생계형 화물차 차주를 대상으로 우대금리 지원을 확대하고 있으며, 하나저축은행은 햇살론 지원 확대와 함께 취약 차주 및 보이스피싱 피해자에 대한 상환 유예 등 자체 채무조정 프로그램을 시행...",http://www.newsroad.co.kr/news/articleView.html?idxno=59834,1,0.85,rule_keep_score_ge_6_with_hard_match,0.611995,0,pseudo_keep_model_drop,keep,candidate_hybrid_keep_strong_domain_rule_anchor,8,저축은행;보이스피싱,,
2026-05-21,"가상자산 거래소들, 수수료 수익 ‘뚝’",국내 가상자산거래소들의 올해 1분기 거래 수수료 수익이 1년 전에 비해 ‘반토막’ 났다. 증시 활황으로 고객들의 자금이 주식시장으로 옮겨가면서 가상자산 거래량이 줄어든 데 따른 결과다. 20일...,https://www.khan.co.kr/article/202605202049015,1,0.85,rule_keep_score_ge_6_with_hard_match,0.612087,0,pseudo_keep_model_drop,keep,candidate_hybrid_keep_strong_domain_rule_anchor,10,가상자산;가상자산거래소,수수료,
2026-05-20,증시 널뛰기 속 늘어난 빚투...2030 연체 ‘쑥’,"금융감독원에 따르면 지난해 12월 말 0.75%였던 은행권 가계신용대출 연체율은 올 1월 0.84%, 2월 0.90%로 상승했다. 전체 가계대출 가운데서도 신용대출 등 담보가 약한 대출을 중심으로 부실 위험이 높아지고 있는 셈이다....",https://www.sedaily.com/article/20045977?ref=naver,1,0.85,rule_keep_score_ge_6_with_hard_match,0.612224,0,pseudo_keep_model_drop,keep,candidate_hybrid_keep_strong_domain_rule_anchor,14,금융감독원;은행권,연체;부실,
2026-05-29,"""금융 교육부터 기부금까지""…저축銀, 사회공헌 '릴레이'",강의는 보이스피싱과 고수익 위장 불법 아르바이트 등 금융 범죄 사례를 중심으로 구성했다. 온라인 퀴즈를... 앞서 애큐온저축은행은 재가장애인 및 산업재해 피해자 등 취약계층을 직접 지원한 바 있다. 강신자...,https://news.tf.co.kr/read/economy/2327140.htm,1,0.85,rule_keep_score_ge_6_with_hard_match,0.612710,0,pseudo_keep_model_drop,keep,candidate_hybrid_keep_strong_domain_rule_anchor,9,저축은행;보이스피싱,금융,
2026-05-20,"금감원, 단체실손 들면 개인실손 중지…종료 1개월 내 재개 신청 해야","단체실손보험에 가입하면 기존 개인실손보험의 보험료 납입을 중지할 수 있고, 재개 신청은 단체실손보험이 종료된 후 1개월 이내 해야 합니다. 금융감독원에 접수된 실손보험 관련 민원 사례에 따르면, 개인실손과...",https://news.bbsi.co.kr/news/articleView.html?idxno=4084494,1,0.85,rule_keep_score_ge_6_with_hard_match,0.612990,0,pseudo_keep_model_drop,keep,candidate_hybrid_keep_strong_domain_rule_anchor,13,금융감독원;금감원,보험료,
2026-05-29,"""호르무즈 막히자 채권시장부터 붕괴""...비트코인, 유동성 공포에 주목","미국 국채 매각은 채권 가격 하락과 금리 상승으로 이어지고, 추가 국채 발행은 글로벌 채권시장에서 투자 수요를 끌어오기 위해 더 높은 금리를 요구받는다. 여기에 걸프 산유국이 미국 국채로 되돌려 보내던...",http://coinreaders.com/239053,1,0.85,rule_keep_score_ge_6_with_hard_match,0.613494,0,pseudo_keep_model_drop,keep,candidate_hybrid_keep_overseas_global_reference,9,유동성;국채,금리;채권,
2026-06-05,고소득층은 쓰고 저소득층은 허리띠…美 'K자형 소비' 뚜렷,미국 중앙은행인 연방준비제도(Fed·연준)는 3일(현지시간) 발간한 경기동향보고서(베이지북)를 통해 이같이... 일부 지역에서는 주택담보대출과 소비자 대출의 연체율이 상승하기 시작했다. 차량 시장에서는 신차 대신...,https://www.newsis.com/view/NISX20260604_0003656208,1,0.85,rule_keep_score_ge_6_with_hard_match,0.613551,0,pseudo_keep_model_drop,keep,candidate_hybrid_keep_overseas_global_reference,10,연준;fed,,
2026-05-29,"한은, BIS 글로벌 결제플랫폼 ‘아고라 프로젝트’ 테스트 본격화","NH농협은행, IBK기업은행 등 6곳이 참여 금융기관 명단에 이름을 올렸다. 해외에서는 JP모건 체이스, UBS... 이를 통해 각국 중앙은행은 국가 통화 및 운영에 대한 자율성과 통제력을 유지하면서도 상호 운용 가능한...",https://www.mk.co.kr/article/12059564,1,0.85,rule_keep_score_ge_6_with_hard_match,0.613612,0,pseudo_keep_model_drop,keep,candidate_hybrid_keep_strong_domain_rule_anchor,10,한은;기업은행,,
2026-06-04,"연준 베이지북 ""미국 내 전방위 가격 상승 확산...경기·고용은 안정""","은행 상황은 대부분의 구역에서 안정적이었으나, 여러 구역에서 주택 담보 대출, 소비자 대출, 농업 대출의 연체율이 상승하고 있다고 지적했습니다. 농업 여건은 대부분의 지역에서 변동이 없거나 악화했으며, 연료와...",https://www.ytn.co.kr/_ln/0104_202606040441097901,1,0.85,rule_keep_score_ge_6_with_hard_match,0.615283,0,pseudo_keep_model_drop,keep,candidate_hybrid_keep_overseas_global_reference,9,연준;은행,대출,
2026-05-29,“금융사 뉴노멀은 포용금융”…과도한 추심관행엔 허가제로 철퇴,금융산업분과는 건전성규제 전반을 점검하고 인터넷은행과 상호금융의 포용금융 역할강화 방안을 논의합니다. 신용인프라분과는 포용금융 핵심기반 '신용평가체계'를 국민이 실질적으로 체감할 수 있는 방향으로...,https://www.inthenews.co.kr/news/article.html?no=87431,1,0.85,rule_keep_score_ge_6_with_hard_match,0.615556,0,pseudo_keep_model_drop,keep,candidate_hybrid_keep_strong_domain_rule_anchor,8,인터넷은행;상호금융,,
2026-05-21,美 국채금리·유가 동반 급락...뉴욕증시 3대 지수 일제 반등,글로벌 채권시장의 벤치마크인 10년 만기 미 국채금리 역시 10bp 내린 4.569%로 내려왔다. 국제유가도 급락했다. 7월물 브렌트유 선물 가격은 전장 대비 5.63% 하락한 배럴당 105.02달러에 거래를 마쳤고...,https://www.youthdaily.co.kr/news/article.html?no=219501,1,0.85,rule_keep_score_ge_6_with_hard_match,0.615615,0,pseudo_keep_model_drop,keep,candidate_hybrid_keep_overseas_global_reference,8,국채금리;미 국채금리,,
2026-06-02,"[제23회 대한금융포럼] 고환율, 한국 금융은 더 똑똑한 리스크 관리로 ...",원·달러 환율 1500 원대는 단순한 숫자가 아니다. 외환시장에서 하루하루 오르내리는 가격 지표로만 보기에는... 지금의 고환율은 한국 경제와 금융이 마주한 구조적 변화를 보여주는 신호에 가깝다. 과거에도 환율이 크게...,https://www.kbanker.co.kr/news/articleView.html?idxno=225102,1,0.85,rule_keep_score_ge_6_with_hard_match,0.616114,0,pseudo_keep_model_drop,keep,candidate_hybrid_keep_strong_domain_rule_anchor,8,환율;외환시장,달러,
2026-06-06,"미래에셋벤처, 3000억 펀딩 목표…프리IPO·메자닌 '5대5' 배분","시중은행과 증권사, 연기금, 공제회 등 민간 금융기관을 중심으로 매칭 자금을 조달할 계획이다. 이번 코스닥 리그는 프리IPO 기업과 시가총액 2000억원 이하 코스닥 상장사 투자를 목적으로 한다. 주관기관인 산업은행은...",https://www.bloter.net/news/articleView.html?idxno=664499,1,0.85,rule_keep_score_ge_6_with_hard_match,0.616203,0,pseudo_keep_model_drop,keep,candidate_hybrid_keep_strong_domain_rule_anchor,18,시중은행;증권사;ipo;산업은행,코스닥,
2026-05-21,금리 뛰는데도 금융주 주춤...그래도 ‘사라’는 증권가 [코주부],"제주은행(006220)(-2.84%), 케이뱅크(279570)(-2.74%), 기업은행(024110)(-1.46%), 카카오뱅크(323410)(-1.13... 따른 연체 증가 가능성은 존재하지만, 대손비용 증가는 이자이익 증가로 충분히 상쇄할 수 있다“고 평가했다. 정...",https://www.sedaily.com/article/20046522?ref=naver,1,0.85,rule_keep_score_ge_6_with_hard_match,0.616248,0,pseudo_keep_model_drop,keep,candidate_hybrid_keep_strong_domain_rule_anchor,8,기업은행,금리;연체,
2026-06-04,환경·안전·복지 등 다양한 분야서 주민에 공헌하죠,"올해 들어서도 봉암동지점, 언양지점, 중앙동금융센터 등이 잇따라 보이스피싱 피해를 막아 감사장을 받았다. 지난 3월에는 경남경찰청, 금융감독원 경남지원과 '피싱범죄 예방 및 협력을 위한 업무협약'을 체결해 공조...",http://www.gnmaeil.com/news/articleView.html?idxno=587980,1,0.85,rule_keep_score_ge_6_with_hard_match,0.616834,0,pseudo_keep_model_drop,keep,candidate_hybrid_keep_strong_domain_rule_anchor,10,금융감독원;보이스피싱,,
2026-06-02,"코스피 랠리에 불붙은 빚투…신용대출, 주담대의 100배 증가",최근 한국은행이 연내 기준금리 인상을 예고하면서 대출 금리는 더 올라갈 것으로 보입니다. 그럼에도 주가 상승장에서 소외되기 싫다는 이른바 포모(FOMO) 심리가 금리 인상에 대한 공포마저 억누르는 형국인데요....,https://biz.sbs.co.kr/article_hub/20000313731?division=NAVER,1,0.85,rule_keep_score_ge_6_with_hard_match,0.616940,0,pseudo_keep_model_drop,keep,candidate_hybrid_keep_strong_domain_rule_anchor,13,한국은행;기준금리,금리;대출;주가;코스피,
2026-06-02,"인터넷은행, 중저신용자·사장님 품었다",◆ 가계대출 성장 한계…새 먹거리 찾는 인터넷은행 최근 금융당국은 가계부채 증가세를 억제하기 위해 총부채원리금상환비율(DSR) 규제와 대출 총량 관리 기조를 유지하고 있다. 이 같은 환경 속에서 인터넷은행들은 기존...,https://www.lcnews.co.kr/news/articleView.html?idxno=202898,1,0.85,rule_keep_score_ge_6_with_hard_match,0.617243,0,pseudo_keep_model_drop,keep,candidate_hybrid_keep_strong_domain_rule_anchor,12,인터넷은행;dsr;가계부채,대출,
2026-05-23,앱테크로 반등 노리는 케뱅⋯인뱅 비이자 경쟁 나서,지난 4월에는 '투자 탭'을 신설하고 지난 19일부터 가상자산 거래소 코인원의 적립식 투자 서비스인 '코인 모으기'를 제공한다. 토스뱅크는 금융위원회로부터 '금융투자업 본인가'를 획득해 하반기 중 펀드 판매 서비스...,http://www.inews24.com/view/1970796,1,0.85,rule_keep_score_ge_6_with_hard_match,0.617466,0,pseudo_keep_model_drop,keep,candidate_hybrid_keep_strong_domain_rule_anchor,16,금융위원회;금융위;가상자산,,
2026-06-05,[증시 오늘(4일) 핵심 특징주] 美 브로드컴 충격·중동 긴장에 흔들리는...,서울외환시장에서 원·달러 환율 역시 중동 리스크에 따른 안전자산 선호 심리가 가열되면서 전일 대비 13.6원 급등한 1530.0원에 개장해 금융시장 변동성을 한층 키우고 있다. 시장 전반의 투심 악화 속에서 코스피...,https://www.thefairnews.co.kr/news/articleView.html?idxno=78647,1,0.85,rule_keep_score_ge_6_with_hard_match,0.617765,0,pseudo_keep_model_drop,keep,candidate_hybrid_keep_strong_domain_rule_anchor,10,환율;외환시장,코스피;달러,
2026-05-26,"""미-이란 합의 근접""···호르무즈 해협 열리나",지난주 미국 국채 10년물 금리는 금융시장의 심리적 마지노선인 4.5% 선을 넘어섰다. 이 수준이 지속되면 미국은 국채 발행에 대한 이자비용을 감당하기 어려워진다. 게다가 미국 중앙은행 연방준비제도(연준)가 기준금리를...,https://www.sisajournal-e.com/news/articleView.html?idxno=421286,1,0.85,rule_keep_score_ge_6_with_hard_match,0.617916,0,pseudo_keep_model_drop,keep,candidate_hybrid_keep_overseas_global_reference,11,연준;국채;기준금리,,
2026-05-23,"""꼬리가 몸통을 흔드는 격""…NDF가 高환율 부추기나",외국환 은행은 서울외환시장에서 달러 현물을 매수해 헤지에 나선다. NDF 계약이 많을수록 실물 달러 매수 수요가 늘어나며 환율을 밀어 올리는 구조다. 특히 최근 한국 기준금리가 미국보다 낮아지며 NDF 시장을 활용한...,https://www.hankyung.com/article/2026052248621,1,0.85,rule_keep_score_ge_6_with_hard_match,0.618025,0,pseudo_keep_model_drop,keep,candidate_hybrid_keep_strong_domain_rule_anchor,11,환율;기준금리;외환시장,달러,
2026-05-21,"미국 금리·ETF 자금 유출 충격…비트코인, 7만7000달러선 공방 지속","사진=구글AI 생성 이미지 가상자산 시장의 대표 자산인 비트코인이 최근 미국 국채금리 상승과 비트코인... 일부 파생상품 시장에서는 하락 위험에 대비한 옵션 거래가 증가하고 있으며, 거래소로 이동하는 비트코인...",http://www.bizwnews.com/news/articleView.html?idxno=137049,1,0.85,rule_keep_score_ge_6_with_hard_match,0.618101,0,pseudo_keep_model_drop,keep,candidate_hybrid_keep_strong_domain_rule_anchor,9,국채금리;가상자산,금리,
2026-06-05,[취재수첩] '연체채권 매각' 급급한 인터넷은행의 한계,인터넷은행 체계상 연체채권을 관리할 역량이 시중은행보다 현저히 낮기 마련인데 ‘중저신용자 대출 확대’라는 정책의 목적이 과도하게 부여되다 보니 부작용이 나타나고 있다는 진단이다. 시중은행과 인터넷은행의...,https://www.hankyung.com/article/2026060481031,1,0.85,rule_keep_score_ge_6_with_hard_match,0.618181,0,pseudo_keep_model_drop,keep,candidate_hybrid_keep_strong_domain_rule_anchor,9,시중은행;인터넷은행,대출,
2026-05-27,"성과급 7억 받는 삼전‧SK하이닉스 직원, 부모찬스 없이 부동산 시장 '큰...",특히 정부는 가계부채 관리를 위해 스트레스 DSR(총부채원리금상환비율) 등을 도입하며 대출 문턱을 계속 높이고 있다. 금융권에서 DSR은 가계대출을 억제하는 가장 강력한 '대출 통제선'으로 통한다. 담보 가치(LTV)만...,https://www.thepublic.kr/news/articleView.html?idxno=305543,1,0.85,rule_keep_score_ge_6_with_hard_match,0.618222,0,pseudo_keep_model_drop,keep,candidate_hybrid_keep_strong_domain_rule_anchor,11,dsr;ltv;가계부채,대출,
2026-06-08,업비트 열기 무색한 리플(XRP)의 추락… 1달러 붕괴 위기감 고조,"투심은 '극단적 공포'… 0.92달러 vs 1.6달러 향방 촉각 약세 흐름 속에서 XRP는 가상자산 시가총액... 그는 ""이번 주 '비트코인 서울' 행사 기간 동안 한국 최대 거래소인 업비트에서 가장 많이 거래된 코인 중 하나는...",https://www.g-enews.com/view.php?ud=202606080231303427e7e8286d56_1,1,0.85,rule_keep_score_ge_6_with_hard_match,0.618489,0,pseudo_keep_model_drop,keep,candidate_hybrid_keep_strong_domain_rule_anchor,9,가상자산;업비트,,
2026-05-21,"'국장 비중' 늘리는 국민연금, '28일'에 온 국민 주목 [뉴스톡 웰스톡]","의사결정""이라며 ""금융시장 동향과 향후 전망, 기금의 수익성, 안정성을 고려한 심도 깊은 논의와... 29p(2.61%) 빠진 1056.07로 장을 마감했다. 서울외환시장에서 원/달러 환율은 1.0원 내린 1506.8원에 거래를 마쳤다.",http://www.newswell.co.kr/news/articleView.html?idxno=18850,1,0.85,rule_keep_score_ge_6_with_hard_match,0.618619,0,pseudo_keep_model_drop,keep,candidate_hybrid_keep_strong_domain_rule_anchor,9,원/달러;외환시장,달러,
2026-06-06,"KB증권, 캔톤 재단·웨이브릿지와 '분산원장 인프라' 업무협약 체결","현재 골드만삭스, BNP 파리바, HSBC, 독일 증권거래소 운영사 도이치 뵈르제 그룹, 나스닥, 미국 예탁결제원... 웨이브릿지는 금융정보분석원에 신고를 완료한 가상자산사업자로서 디지털자산의 결제 및 정산 인프라를...",http://www.enewstoday.co.kr/news/articleView.html?idxno=2436240,1,0.85,rule_keep_score_ge_6_with_hard_match,0.618964,0,pseudo_keep_model_drop,keep,candidate_hybrid_keep_strong_domain_rule_anchor,13,가상자산;디지털자산;금융정보분석원,,
2026-06-06,"이환주 국민은행장 '효율 경영' 결실...고정자산비율·CIR, 빅4 '최저'","삼성금융네트웍스 모니모 연계 통장 출시, GS·쿠팡 등 생활금융플랫폼과의 제휴 협력, 가상자산거래소 빗썸과의 원화실명계좌 제휴 등 임베디드 금융(외부 채널 내 금융서비스 탑재)이 디지털 고객을 늘리도록 하는...",https://www.insightkorea.co.kr/news/articleView.html?idxno=247696,1,0.85,rule_keep_score_ge_6_with_hard_match,0.619216,0,pseudo_keep_model_drop,keep,candidate_hybrid_keep_strong_domain_rule_anchor,10,가상자산;가상자산거래소,금융,
2026-06-02,‘포용금융’ 아랫돌 빼서 윗돌 괴나…1금융권도 부실 전이 ‘우려’,2금융권인 저축은행의 같은 기간 연체율은 6.7%로 지난해 말보다 0.7%p 올랐다. 고정이하여신 비율 역시 지난해 말 8.4%에서 3월 말 8.6%로 상승했다. 금융권 안팎에선 포용금융 확대만큼 은행의 건전성 관리 강화가...,https://www.dailian.co.kr/news/view/1651166/?sc=Naver,1,0.85,rule_keep_score_ge_6_with_hard_match,0.619769,0,pseudo_keep_model_drop,keep,candidate_hybrid_keep_strong_domain_rule_anchor,8,저축은행,부실;건전성,
2026-05-28,시중은행과 핀테크기업의 동행…'경쟁'보다는 '협업',신한은행과 카카오페이는 모바일 송금 과정에서 발생하는 착오송금 피해를 줄이기 위해 협업 체계를... 특히 비대면 금융 이용이 급증하면서 착오송금·보이스피싱·이상거래 탐지 등 소비자 보호 영역에서 은행과 핀테크...,https://www.lcnews.co.kr/news/articleView.html?idxno=202688,1,0.85,rule_keep_score_ge_6_with_hard_match,0.619905,0,pseudo_keep_model_drop,keep,candidate_hybrid_keep_strong_domain_rule_anchor,9,시중은행;보이스피싱,금융,
2026-06-02,"코스피 8788선 돌파, 9천피까지 단 211포인트",증시 급등 속에서 금융시장 지표들은 다소 불안정한 흐름을 보였다. 외환시장에서 원/달러 환율은 전일 대비 1.8원 오른 1506.6원을 기록하며 2일 연속 약세를 이어갔다. 국제유가(WTI)는 하루 만에 반등해 배럴당 90....,https://www.thereport.co.kr/news/articleView.html?idxno=88371,1,0.85,rule_keep_score_ge_6_with_hard_match,0.619975,0,pseudo_keep_model_drop,keep,candidate_hybrid_keep_strong_domain_rule_anchor,11,원/달러;외환시장,코스피;달러,
2026-05-20,1분기 가계 대출 1865조···13조나 가파르게 증가세,"예금은행 가계대출이 감소한 것은 2023년 1분기 이후 처음이다. 이혜영 한국은행 금융통계팀장은 ""가계부채 관리 기조 영향으로 은행권이 보다 보수적으로 대출을 운영한 부분이 있었다""며 ""기타대출은 상여금 등을...",https://www.newspim.com/news/view/20260519000509,1,0.85,rule_keep_score_ge_6_with_hard_match,0.620000,0,pseudo_keep_model_drop,keep,candidate_hybrid_keep_strong_domain_rule_anchor,9,한국은행;가계부채,대출,
2026-05-27,은행연체율 9년새 최고치… 대기업도 1년새 2배 증가,"이 외의 신용대출 등 가계대출 연체율은 0.03%포인트 하락했다. 금융당국은 최근 국채 금리 변동성 확대, 중동 상황 악화 등 대내외 불안 상황을 예의 주시하고 있다. 금감원은 은행들이 적극적으로 부실채권을...",https://www.donga.com/news/Economy/article/all/20260526/133996074/2,1,0.85,rule_keep_score_ge_6_with_hard_match,0.620587,0,pseudo_keep_model_drop,keep,candidate_hybrid_keep_strong_domain_rule_anchor,8,부실채권;국채,금리,
2026-05-28,"실물 투자 메우는 은행권…우리은행, 'K-바이오 확장' 종근당에 '1조' 지...",은행권이 가계대출 중심 사업구조에서 벗어나 첨단전략산업 실물 투자로 자금 공급 축을 옮기는 '생산적 금융'의 흐름이 빠르게 확산되고 있다. 27일 우리은행에 따르면 은행은 전날 종근당과 업무협약을 맺고 향후 5년간...,https://www.newsquest.co.kr/news/articleView.html?idxno=266848,1,0.85,rule_keep_score_ge_6_with_hard_match,0.620906,0,pseudo_keep_model_drop,keep,candidate_hybrid_keep_strong_domain_rule_anchor,9,은행권;생산적 금융,금융,
2026-05-21,"[금융권 이모저모]신한은행, '국민참여형 국민성장펀드' 판매 실시 外","이와 함께 일상생활에서 노출되기 쉬운 보이스피싱 등 금융사기 피해 예방 및 대응 방법 교육도 병행해 현장의 큰 호응을 얻었다. KB손해보험은 지난 2018년부터 이 캠페인을 9년째 운영 중이며, 앞으로도 어르신들이...",https://www.businessplus.kr/news/articleView.html?idxno=112011,1,0.85,rule_keep_score_ge_6_with_hard_match,0.621056,0,pseudo_keep_model_drop,keep,candidate_hybrid_keep_strong_domain_rule_anchor,16,손해보험;보이스피싱;국민성장펀드;성장펀드,,
2026-05-20,2금융 주담대·빚투에 1분기 가계빚 2000조원 '턱밑',"보인다""며 ""금융당국의 상호금융권 가계대출 확대 자제 요청으로 2~3월 농협중앙회나 새마을금고에서 모집인을 통한 가계대출, 집단대출 중단 시행을 발표해 향후 크게 늘어나지 않을 것으로 보인다""고 설명했다....",http://www.newsprime.co.kr/news/article.html?no=733989,1,0.85,rule_keep_score_ge_6_with_hard_match,0.621229,0,pseudo_keep_model_drop,keep,candidate_hybrid_keep_strong_domain_rule_anchor,8,상호금융;새마을금고,,
2026-05-19,"케이뱅크, 개인사업자 대출 3조원 돌파…올해 보증서대출 76%↑",은행권뿐 아니라 상호금융·저축은행·카드·캐피탈 등 2금융권 대출까지 케이뱅크로 대출로 갈아타기가... 연체율은 같은 기간 1.38%에서 0.55%로 낮아졌다. 케이뱅크는 향후 대형 플랫폼과 연계한 전용 신용대출 상품...,http://www.edaily.co.kr/news/newspath.asp?newsid=02400966645450232,1,0.85,rule_keep_score_ge_6_with_hard_match,0.621261,0,pseudo_keep_model_drop,keep,candidate_hybrid_keep_strong_domain_rule_anchor,12,저축은행;캐피탈;상호금융,대출,
2026-05-28,솔라나(SOL) 12만원대 유지…알트코인 조정 속 약세 흐름,솔라나(SOL)가 국내 거래소 기준 12만원대 초반에서 약세 흐름을 이어가고 있다. 최근 가상자산 시장 전반의 차익 실현 매물과 위험자산 회피 심리가 겹치면서 단기 조정 국면이 이어지는 모습이다. 27일 업비트 기준...,https://www.job-post.co.kr/news/articleView.html?idxno=216902,1,0.85,rule_keep_score_ge_6_with_hard_match,0.621655,0,pseudo_keep_model_drop,keep,candidate_hybrid_keep_strong_domain_rule_anchor,9,가상자산;업비트,,
2026-05-25,[금융업계기상도]케이뱅크 ‘맑음’·NH농협은행 ‘구름조금’,◆하나은행 ‘맑음’= 하나은행은 가상자산 거래소 업비트 운영사인 두나무의 주요 주주로 올라서며 금융당국 심사를 받게 됐다. 금융정보분석원(FIU)은 하나금융의 두나무 지분 인수와 관련해 금융위원회에...,https://www.nspna.com/news/?mode=view&newsid=814265,1,0.85,rule_keep_score_ge_6_with_hard_match,0.621925,0,pseudo_keep_model_drop,keep,candidate_hybrid_keep_strong_domain_rule_anchor,36,금융위원회;금융위;가상자산;업비트;두나무;fiu;금융정보분석원,,
2026-05-30,"토스뱅크, 1분기 순이익 296억원...전년比 58.3%↑","75%로 제1금융권 최고 수준을 유지했다. 햇살론뱅크·사잇돌대출 등 서민정책금융 공급액은 1분기 4574억원, 누적 2조5628억원에 이른다. 건전성 지표는 개선됐다. 1분기 연체율은 1.07%로 전년동기대비 0.19%p...",https://www.pointdaily.co.kr/news/articleView.html?idxno=306561,1,0.85,rule_keep_score_ge_6_with_hard_match,0.622299,0,pseudo_keep_model_drop,keep,candidate_hybrid_keep_strong_domain_rule_anchor,8,정책금융,건전성;순이익,
2026-05-27,[기자수첩] 도덕적해이 조장하는 잔인한 금융,임종룡 전 금융위원장(현 우리금융지주 회장)이 담보인정비율(LTV)·총부채상환비율(DTI)에 이어 강화된 가계대출 심사지표로 DSR 개념을 꺼내들었다. 가계부채 문제는 단기적이고 대증적인 방법보다 근본적 철학과...,https://www.mediapen.com/news/view/1100869,1,0.85,rule_keep_score_ge_6_with_hard_match,0.622420,0,pseudo_keep_model_drop,keep,candidate_hybrid_keep_strong_domain_rule_anchor,17,금융위;dsr;ltv;가계부채,금융,
2026-05-30,암호화폐(코인) 리플 가격 공포 폭발... 분석가는 보고서들을 통해 오해...,그는 가상자산 전문 매체 크립토슬레이트(CryptoSlate) 보고서도 다뤘다. 이 보고서는 글로벌 암호화폐 거래소 바이낸스(Binance)의 유동성이 2020년 이후 최저 수준으로 떨어지며 XRP가 위험한 변동성에 갇혔다고...,https://www.wikitree.co.kr/articles/1138926,1,0.85,rule_keep_score_ge_6_with_hard_match,0.622554,0,pseudo_keep_model_drop,keep,candidate_hybrid_keep_strong_domain_rule_anchor,8,가상자산;암호화폐,,
2026-05-30,장기 연체채권 11.6만명 추심 멈춘다,"29일 금융위원회 서민금융과에 따르면, 새도약기금은 농협자산관리회사와 새마을금고, 수협, 신협, 산림조합 등 상호금융권, 대부회사, 공공기관 등이 보유한 장기 연체채권을 5차로 매입했다. 이번 5차 매입...",http://www.4th.kr/news/articleView.html?idxno=2112451,1,0.85,rule_keep_score_ge_6_with_hard_match,0.623220,0,pseudo_keep_model_drop,keep,candidate_hybrid_keep_strong_domain_rule_anchor,24,금융위원회;금융위;상호금융;새마을금고;신협,,
2026-05-20,"새마을금고, 전국 통합 봉사단 'MG따숨' 시동",최근 상호금융업계는 고금리 여파와 자산 건전성 관리 강화 기조 속에서 지역 기반 고객들과의 정서적 신뢰를 회복해야 하는 과제에 직면해 있다. 새마을금고가 개별 금고 단위로 흩어져 있던 봉사 인프라를 13개...,https://www.cnbnews.com/news/articleView.html?idxno=1002127,1,0.85,rule_keep_score_ge_6_with_hard_match,0.623221,0,pseudo_keep_model_drop,keep,candidate_hybrid_keep_strong_domain_rule_anchor,10,상호금융;새마을금고,건전성,
2026-06-08,업비트 WIF·VVV 상장 사전 유출의혹,최대 가상화폐거래소 업비트에서 상장 정보 사전유출 논란이 벌어지고 있다. 업비트는 “악의적인 주장”... 디지털자산을 구매해야 하고 구매 이력을 분기별로 보고해야 한다. 거래 지원 개시 일정도 가상화폐...,https://www.decenter.kr/article/20052637?ref=naverdc,1,0.85,rule_keep_score_ge_6_with_hard_match,0.623244,0,pseudo_keep_model_drop,keep,candidate_hybrid_keep_strong_domain_rule_anchor,9,디지털자산;업비트,,
2026-05-31,"영암군, 재생에너지 집적화단지 금융지원 방안 논의","이날 간담회에는 지역 농·축협과 광주은행, 새마을금고, 신협 관계자 등이 참석해 지역 맞춤형 금융상품... 참석자들은 지역 맞춤형 금융상품 개발과 주민 지분 참여형 금융구조 설계, 집적화단지 프로젝트파이낸싱(PF)...",https://www.shinailbo.co.kr/news/articleView.html?idxno=5025485,1,0.85,rule_keep_score_ge_6_with_hard_match,0.623299,0,pseudo_keep_model_drop,keep,candidate_hybrid_keep_strong_domain_rule_anchor,17,새마을금고;신협;pf;프로젝트파이낸싱,,
2026-05-21,AI 사이클이 끌어올린 미 국채 금리… 국내 금융·외환시장에 파장 우려,미국 국채 금리가 금융위기 직전 수준까지 치솟았다. 빅테크 기업들이 장기 자금을 흡수하면서 미국 국채... 2076년 만기 연 6.05% 고정금리채 등이 포함됐다. 이에 앞서 2월 알파벳은 미국과 유럽 채권 시장에서 약 320억...,https://www.hankookilbo.com/news/article/A2026052010240002611?did=NA,1,0.85,rule_keep_score_ge_6_with_hard_match,0.623302,0,pseudo_keep_model_drop,keep,candidate_hybrid_keep_strong_domain_rule_anchor,11,국채;외환시장,금리;채권;금융,
2026-06-03,"'재무·기업통' 김재관號 KB국민카드, 법인·해외서 반등 기반 다졌다",KB국민카드는 카드론과 현금서비스 등 고수익·고위험 자산에 기대기보다 우량 자산과 기업영업 기반을 다지는 쪽으로 방향을 잡았다. 지난해부터는 부실자산 정리와 연체율 관리에 힘을 실었고 이 과정에서 충당금...,https://www.newspost.kr/news/articleView.html?idxno=223274,1,0.85,rule_keep_score_ge_6_with_hard_match,0.623719,0,pseudo_keep_model_drop,keep,candidate_hybrid_keep_strong_domain_rule_anchor,8,연체율;충당금,,
2026-05-20,"""유가 변동이 금리 방향성 좌우""<키움證>",글로벌 국채금리 변동성도 확대되면서 외환시장의 불안이 지속되고 있다고 분석했다. 원·달러 환율은... 채권시장에서는 유가 급등이 금리 흐름을 좌우하는 양상이 이어졌다. 국고채 10년물 금리는 주간 0.297%포인트(p)...,https://www.news2day.co.kr/article/20260519500048,1,0.85,rule_keep_score_ge_6_with_hard_match,0.623969,0,pseudo_keep_model_drop,keep,candidate_hybrid_keep_strong_domain_rule_anchor,10,국채금리;외환시장,금리;달러,
2026-06-05,[ABC 금융기업가정신=최창훈 미래에셋자산운용 부회장] 부동산에서 ETF까...,"Opportunities (기회) 연금 시장 확대, ETF 성장, 토큰증권(STO), 자산 토큰화, AI 기반 자산관리 시장 확대는 미래에셋에 거대한 성장 기회를 제공한다. 글로벌 ETF 플랫폼 경쟁력은 향후 수십 년간 강력한 진입장벽이 될...",https://www.ajunews.com/view/20260604091847643,1,0.85,rule_keep_score_ge_6_with_hard_match,0.623981,0,pseudo_keep_model_drop,keep,candidate_hybrid_keep_strong_domain_rule_anchor,10,토큰증권;sto,,
2026-05-23,삼전닉스 레버리지 ETF 출격해도…서학개미 인기 상품은 국내 부재,가상자산 ETF도 국내에서 허용되지 않고 있다. 반면 미국뿐만 아니라 일본도 지난달 법 개정을 통해... 반면 ETF 상품 심사를 담당하는 한국거래소와 금융감독원은 각각 팀장을 포함한 5인 체제를 유지하고 있다. 한...,https://news.einfomax.co.kr/news/articleView.html?idxno=4416287,1,0.85,rule_keep_score_ge_6_with_hard_match,0.624191,0,pseudo_keep_model_drop,keep,candidate_hybrid_keep_strong_domain_rule_anchor,10,금융감독원;가상자산,,
2026-05-26,최근 6년간 금융사고 1조 2000억 발생… 작년 '역대 최대',"이어 KB국민은행 1238억 1200만원(57건), NH농협은행 799억 6600만원(40건) 등 순이다. 증권사 중 신한투자증권이 230억 1800만원(7건), 저축은행 중 푸른상호저축은행이 173억 7100만원(4건)으로 가장 많았다. 카드사...",https://www.newscj.com/news/articleView.html?idxno=3403626,1,0.85,rule_keep_score_ge_6_with_hard_match,0.624261,0,pseudo_keep_model_drop,keep,candidate_hybrid_keep_strong_domain_rule_anchor,10,저축은행;카드사;증권사,,
2026-06-06,"“법정이율 초과이자는 범죄수익, 추징가능”",2심 재판부는 “미등록대부업자가 법정이자율을 초과해 받은 이자는 대부업법위반죄로 인해 취득한 재산으로 범죄수익은닉규제법에서 규정하고 있는 ‘범죄행위에 의하여 생긴 재산’에 해당돼 법상 추징 대상”...,https://www.naeil.com/news/read/590895?ref=naver,1,0.85,rule_keep_score_ge_6_with_hard_match,0.624956,0,pseudo_keep_model_drop,keep,candidate_hybrid_keep_strong_domain_rule_anchor,12,대부업법;미등록대부,,
2026-05-29,청년미래적금 출격 목전…은행권 '실적 인센티브' 압박,"한 시중은행 관계자는 ""수신을 늘리게 되면 지금처럼 가계대출 규제가 심한 시기에는 비용 부담으로 돌아오게 된다""며 ""일반적인 예적금 상품보다 높은 금리를 책정하는 건 부담감이 있다""고 설명했다. 반면...",https://www.asiatime.co.kr/article/20260528500270,1,0.85,rule_keep_score_ge_6_with_hard_match,0.624966,0,pseudo_keep_model_drop,keep,candidate_hybrid_keep_strong_domain_rule_anchor,9,은행권;시중은행,실적,
2026-05-19,부가세 환급 두고 재충돌… 카드사·주유소 '할인정보' 공방,18일 금융권에 따르면 카드사와 주유업계는 최근 서울 중구 여신금융협회에서 만나 주유비 청구할인 정보제공 등을 논의했다. 카드사는 주유혜택 특화카드로 고객에게 리터당 주유비 청구할인 혜택을 제공한다. 주유소는...,https://www.mt.co.kr/finance/2026/05/19/2026051819594319370,1,0.85,rule_keep_score_ge_6_with_hard_match,0.625054,0,pseudo_keep_model_drop,keep,candidate_hybrid_keep_strong_domain_rule_anchor,9,카드사;여신금융협회,,
2026-06-05,"출시 첫날 '오픈런' 완판 신화, 국민성장펀드가 불러오는 '활력경제'","설정 이후 거래소에 상장돼 양도는 할 수 있지만, 유동성이 낮아 거래가 원활하지 않거나 기준가격보다 낮은... 공격적인 가상화폐나 개별 주식에 쏠려 있던 자신의 자산 비중을 냉정하게 점검할 필요가 있다. 전 판매사...",https://www.korea.kr/news/reporterView.do?newsId=148965038&call_from=naver_news,1,0.85,rule_keep_score_ge_6_with_hard_match,0.625359,0,pseudo_keep_model_drop,keep,candidate_hybrid_keep_strong_domain_rule_anchor,9,국민성장펀드;성장펀드,,
2026-05-19,"주택담보대출 잔액, 지난해 8월 이후 최대폭 증가",지난달 은행권 가계대출이 주택 관련 대출을 중심으로 두 달 연속 증가했습니다. 한국은행이 발표한 금융시장 동향을 보면 4월 말 기준 예금은행의 가계대출 잔액은 천174조 9천억 원으로 3월 말보다 2조 천억 원...,https://www.ytn.co.kr/_ln/0102_202605180959504853,1,0.85,rule_keep_score_ge_6_with_hard_match,0.625524,0,pseudo_keep_model_drop,keep,candidate_hybrid_keep_strong_domain_rule_anchor,9,한국은행;은행권,,
2026-05-20,미래에셋자산운용 새마을금고 BNK부산은행 外(금융 레이더),"하나은행 관계자는 ""여름철 폭염을 피해 잠시 몸을 달래는 편안한 휴식처가 되길 바란다""고 전했습니다.... 이와 함께 보이스피싱 예방 등을 안내하는 금융 상담도 동시 운영합니다. 그룹 관계자는 ""실질적인 도움이...",https://www.newsclaim.co.kr/news/articleView.html?idxno=3064143,1,0.85,rule_keep_score_ge_6_with_hard_match,0.626256,0,pseudo_keep_model_drop,keep,candidate_hybrid_keep_strong_domain_rule_anchor,9,새마을금고;보이스피싱,금융,
2026-05-29,"제주농협, 2026년 상반기 상호금융대상 수상 확대 위한 평가 전략회의 ...","이날 참석자들은 상호금융대상 평가 주요 항목인 손익과 건전성 향상을 중심으로 수익성 제고 방안과 연체 감축 대책 등을 논의했다. 또한 농·축협별 추진 현황과 당면 현안을 공유하고, 건전결산 달성을 위한 다양한...",https://www.newsjeju.net/news/articleView.html?idxno=421439,1,0.85,rule_keep_score_ge_6_with_hard_match,0.626462,0,pseudo_keep_model_drop,keep,candidate_hybrid_keep_strong_domain_rule_anchor,8,상호금융,연체;건전성,
2026-05-21,"중국 조직과 결탁해 대포통장 공급…1,170억원 범죄수익 세탁","중국 범죄 조직은 보이스피싱 등 사기 행각을 벌인 뒤 이 대포통장으로 피해자 돈을 입금받았고, 이후 가상자산이나 상품권을 통해 자금을 세탁했습니다. 그러다가 대포통장이 정지되면 이를 공급했던 국내 조직이 직접...",https://news.kbs.co.kr/news/pc/view/view.do?ncd=8566406&ref=A,1,0.85,rule_keep_score_ge_6_with_hard_match,0.626465,0,pseudo_keep_model_drop,keep,candidate_hybrid_keep_strong_domain_rule_anchor,8,보이스피싱;가상자산,,
2026-05-29,이억원 “포용금융 위한 구조적 변화 필요”…'포용금융 추진단' 가동,"금융산업분과는 건전성 규제 전반을 점검하고 인터넷은행, 상호금융 등의 포용금융 역할 강화방안을 논의할 예정이다. 신용인프라 분과는 포용금융의 핵심기반인 신용평가체계를 국민이 실질적으로 체감할 수 있는...",https://news.dealsitetv.com/articles/171102,1,0.85,rule_keep_score_ge_6_with_hard_match,0.626500,0,pseudo_keep_model_drop,keep,candidate_hybrid_keep_strong_domain_rule_anchor,10,인터넷은행;상호금융,건전성,
2026-05-20,4월 가계대출 3.5조 증가...주담대 반등에 '우회대출' 고개,"상호금융권은 2조원 증가했지만 전월 2조8000억원보다 줄었고, 보험은 5000억원 증가에서 4000억원 감소로... 한국은행, 금융감독원, 은행연합회, 생명보험협회, 손해보험협회, 저축은행중앙회, 여신금융협회, 농협·수협...",https://www.newswhoplus.com/news/articleView.html?idxno=60714,1,0.85,rule_keep_score_ge_6_with_hard_match,0.628158,0,pseudo_keep_model_drop,keep,candidate_hybrid_keep_strong_domain_rule_anchor,31,금융감독원;한국은행;저축은행;손해보험;생명보험;상호금융;여신금융협회,,
2026-05-21,"[6·3지선] 박형준 '부산 완성론'②…""청년 1억원, 부산찬스"" 승부수","다만 STO(토큰증권) 기반 운용 구조와 장기 재정 안정성에 대한 검증 필요성도 제기된다. 이에 박 후보는 ""청년미래기금은 공격적 고수익 모델이 아니라 보수적 안정 운용을 전제로 설계됐다""며 ""부산 개발사업의 이익을...",http://www.newsprime.co.kr/news/article.html?no=734139,1,0.85,rule_keep_score_ge_6_with_hard_match,0.628513,0,pseudo_keep_model_drop,keep,candidate_hybrid_keep_strong_domain_rule_anchor,10,토큰증권;sto,,
2026-05-20,[금융현미경]카드망 중심 질서 흔들…AI·스테이블코인이 바꾸는 결제 ...,"x402는 미국 최대 가상자산거래소 코인베이스가 주도하는 차세대 웹 결제 프로토콜이다. x402 기반 결제에서는 웹서비스가 ""결제가 필요하다""는 신호를 보내면 AI 에이전트가 스테이블코인 등을 활용해 즉시 비용을...",https://view.asiae.co.kr/article/2026051910333794555,1,0.85,rule_keep_score_ge_6_with_hard_match,0.628673,0,pseudo_keep_model_drop,keep,candidate_hybrid_keep_strong_domain_rule_anchor,14,가상자산;가상자산거래소;스테이블코인,,
2026-06-06,"연준, 통화정책 신중론 강화… '데이터 우선' 강조","이런 발언은 최근 미국 금융시장이 연준의 금리 전환 시점을 두고 거듭 기대와 수정을 반복하는 흐름과 맞닿아 있다. 기준금리는 가계대출과 기업 자금조달 비용, 달러 가치, 주식시장까지 폭넓게 영향을 미치기 때문에...",https://www.tokenpost.kr/news/economy/366401,1,0.85,rule_keep_score_ge_6_with_hard_match,0.628680,0,pseudo_keep_model_drop,keep,candidate_hybrid_keep_strong_domain_rule_anchor,10,연준;기준금리,금리;달러,
2026-05-29,"시중은행 떠난 농촌 금융망, 농협이 지켰다…영업점 4867곳 운영",디지털 금융 전환과 점포 효율화 흐름 속에서 시중은행의 오프라인 영업망이 수도권에 집중되는 가운데 농협 상호금융이 농촌과 비수도권 지역의 금융 접근성 유지에 나서고 있다. 농협 상호금융은 농축협이...,https://www.thepowernews.co.kr/view.php?ud=202605281556159790de3f0aa1be_7,1,0.85,rule_keep_score_ge_6_with_hard_match,0.628722,0,pseudo_keep_model_drop,keep,candidate_hybrid_keep_strong_domain_rule_anchor,9,시중은행;상호금융,금융,
2026-05-22,"‘연체 채권 보도’ 배재흥·김경민 경향 기자, 대통령 감사패","장기 연체 부실채권 문제를 집중 보도한 공로로 이재명 대통령 명의의 감사패를 받았다. 이규연 청와대 홍보소통수석은 이날 경향신문 본사를 찾아 ‘1000만원 빚이 4400만원으로, 죽기 전엔 빚 조정 어려워…은행도 상록수...",https://www.khan.co.kr/article/202605212035005,1,0.85,rule_keep_score_ge_6_with_hard_match,0.628814,0,pseudo_keep_model_drop,keep,candidate_hybrid_keep_strong_domain_rule_anchor,8,부실채권,연체;채권,
2026-05-20,가계빚 1993조원 역대 최대…영끌·빚투에 1분기 14조 증가,반면 예금은행 가계대출은 3년 만에 처음 감소했다. 업계에서는 최근 주택 매매 거래 회복과 증시 투자 수요가 동시에 확대되면서 가계부채 증가 압력이 커지고 있다는 분석이 나온다. 특히 은행권 대출 규제가...,https://www.sentv.co.kr/article/view/sentv202605190097,1,0.85,rule_keep_score_ge_6_with_hard_match,0.629050,0,pseudo_keep_model_drop,keep,candidate_hybrid_keep_strong_domain_rule_anchor,8,은행권;가계부채,대출,
2026-06-04,"법인 영업 강화한 박창훈…신한카드, 수익성 회복 ‘신호탄’ [CEO NOW]",3일 여신금융협회에 따르면 신한카드의 지난 4월 누적 개인 신용판매 취급액(카드론·현금서비스 제외)은 전년 동기(47조7659억원) 대비 5.7% 증가한 50조5166억원으로 집계됐다. 같은 기간 삼성카드의 개인 신용판매...,https://www.dt.co.kr/article/12065644?ref=naver,1,0.85,rule_keep_score_ge_6_with_hard_match,0.629350,0,pseudo_keep_model_drop,keep,candidate_hybrid_keep_strong_domain_rule_anchor,11,카드론;여신금융협회,,
2026-06-04,[비바100] “목소리·얼굴도 가짜” AI 금융사기 1.7조 시대…2명 중 1명...,2024년 도입된 은행권 자율배상 제도에 이어 2025년 12월에는 금융회사의 고의·과실 여부와 무관하게 보이스피싱 피해를 우선 배상하는 ‘무과실 배상책임제’ 도입 논의가 본격화됐다. 보상 한도를 5000만 원으로 설정할...,https://www.viva100.com/article/20260531500610,1,0.85,rule_keep_score_ge_6_with_hard_match,0.629704,0,pseudo_keep_model_drop,keep,candidate_hybrid_keep_strong_domain_rule_anchor,8,은행권;보이스피싱,,
2026-05-20,"보스턴·실리콘밸리 샅샅이 뒤진다… 아주IB투자, 美 첨단 기술 기업 발...",여신전문금융업법과 자본시장법에 의거해 금융감독원에 정식 등록된 사모펀드(PEF) 운용회사로서 탄탄한 신뢰도를 구축했다. 국내를 넘어 글로벌 시장으로 눈을 돌려 조기 성과를 거두고 있다. 2013년부터 미국 바이오 및...,https://www.pinpointnews.co.kr/news/articleView.html?idxno=453679,1,0.85,rule_keep_score_ge_6_with_hard_match,0.629832,0,pseudo_keep_model_drop,keep,candidate_hybrid_keep_strong_domain_rule_anchor,12,금융감독원;여신전문금융업,,
2026-06-06,"외국인 자금 이탈에 환율 1,550원 턱밑으로 급등","이달 연방공개시장위원회(FOMC) 결과에 따라 글로벌 금융시장 변동성이 확대될 가능성도 남아 있는 만큼, 당분간 원/달러 환율은 대외 변수와 자금 흐름에 민감하게 출렁일 가능성이 크다. 이 같은 흐름은 향후 외국인...",https://www.tokenpost.kr/news/economy/366501,1,0.85,rule_keep_score_ge_6_with_hard_match,0.629873,0,pseudo_keep_model_drop,keep,candidate_hybrid_keep_overseas_korean_market_impact,8,환율;원/달러,달러,
2026-05-20,"대전축산농협, 보험·금융 동시 석권… '위더스 사무소'까지 품었다","NH농협손해보험 김철회 부사장은 ""대전축산농협은 상호금융과 보험사업 전반에서 탁월한 경쟁력을 보여주고 있다""며 ""신창수 조합장의 리더십과 조합원·임직원 간 신뢰가 만들어낸 성과""라고 말했다. 신창수 조합장은...",https://www.ccdailynews.com/news/articleView.html?idxno=2417225,1,0.85,rule_keep_score_ge_6_with_hard_match,0.629926,0,pseudo_keep_model_drop,keep,candidate_hybrid_keep_strong_domain_rule_anchor,8,손해보험;상호금융,금융,
2026-06-01,반도체 호조에 명목성장률 10%대 기대감… 인플레 우려 목소리도,"이지호 한국은행 조사국장은 최근 경제전망 설명회에서 ""1분기 실질 국내총소득(GDI)이 크게 늘고 반도체... 보이는 만큼 향후 적절한 시기에 기준금리를 인상할 필요가 있다고 판단된다""고 밝혔다. GDP,성장,반도체",https://www.newscj.com/news/articleView.html?idxno=3405269,1,0.85,rule_keep_score_ge_6_with_hard_match,0.630252,0,pseudo_keep_model_drop,keep,candidate_hybrid_keep_strong_domain_rule_anchor,8,한국은행;기준금리,,
2026-05-29,"함영주 하나금융 회장 ""포용금융으로 금융 사각지대 해소""","지급했으며, 하나캐피탈은 저신용 생계형 화물차 차주를 대상으로 우대금리 지원을 확대하고 있다. 하나저축은행은 햇살론 지원 확대와 함께 취약 차주 및 보이스피싱 피해자 상환 유예 등 자체 채무조정을 시행 중이다.",http://www.smarttimes.co.kr/news/articleView.html?idxno=45941,1,0.85,rule_keep_score_ge_6_with_hard_match,0.630277,0,pseudo_keep_model_drop,keep,candidate_hybrid_keep_strong_domain_rule_anchor,9,저축은행;보이스피싱,금융,
2026-05-27,[김동욱 칼럼] 모파상 '목걸이'가 낯설어진 시대,"어느덧 대출 연체는 부끄럽지 않은 일이 되고 있다. 금융위원회 등 정부가 총출동해서 신용 체제 개편을... 하나은행의 지난 3월 최저신용자 마이너스통장 금리는 연 3.73%로, 최고신용자(연 4.86%)보다 1.13%포인트 낮았다. 5대...",https://www.hankyung.com/article/2026052699341,1,0.85,rule_keep_score_ge_6_with_hard_match,0.630366,0,pseudo_keep_model_drop,keep,candidate_hybrid_keep_strong_domain_rule_anchor,13,금융위원회;금융위,대출,
2026-06-08,정보 미리 새나갔나...업비트 잇딴 상장 ‘잡음’,국내 최대 가상화폐거래소 업비트에서 상장 정보 유출 의혹이 불거졌다. 상장 공지 직전에 특정 지갑을... 디지털자산을 구매해야 하고 구매 이력을 분기별로 보고해야 한다. 의혹 제기의 실체를 밝혀내기 위해 고소 등...,https://www.sedaily.com/article/20052702?ref=naver,1,0.85,rule_keep_score_ge_6_with_hard_match,0.630996,0,pseudo_keep_model_drop,keep,candidate_hybrid_keep_strong_domain_rule_anchor,9,디지털자산;업비트,,
2026-06-08,"KB손해보험, 고령층 금융사기 예방교육 전국 '확대'","참가자들은 보이스피싱과 스미싱 등 대표적인 금융사기 유형과 최신 범죄 수법, 피해 발생 시 신고 및 대처 방법 등에 대한 설명을 들었다. 이어 웃음치료 프로그램도 마련됐다. KB손해보험은 금융 취약계층의 피해를...",https://www.lcnews.co.kr/news/articleView.html?idxno=203088,1,0.85,rule_keep_score_ge_6_with_hard_match,0.631060,0,pseudo_keep_model_drop,keep,candidate_hybrid_keep_strong_domain_rule_anchor,8,손해보험;보이스피싱,금융,
2026-05-27,"시중은행이 조인 자영업 대출, 인터넷은행으로 풍선효과…'부실폭탄' 옮...","이에 따라 정책 의도와 달리 금융권 전체의 위험 분포만 재배치되고 있다는 우려가 나온다. 26일 금융권에... 한국은행에 따르면 지난해 말 기준 자영업자 대출 연체율은 1.86%로 장기 평균을 웃돌았고, 저소득·저신용...",https://www.viva100.com/article/20260526500641,1,0.85,rule_keep_score_ge_6_with_hard_match,0.631213,0,pseudo_keep_model_drop,keep,candidate_hybrid_keep_strong_domain_rule_anchor,14,한국은행;시중은행;인터넷은행,대출,
2026-05-27,"투자 영역 확대하는 크레센도에쿼티파트너스, VC 진출한다","신기술사업금융회사는 여신전문금융업법에 근거해 설립되며, 주무 부처는 금융위원회다. 최소 자본금 요건은 100억 원이다. 초기 기업뿐 아니라 중견기업·인수합병(M&A)·구조조정·프로젝트 투자 등 상대적으로 폭넓은...",https://news.einfomax.co.kr/news/articleView.html?idxno=4416811,1,0.85,rule_keep_score_ge_6_with_hard_match,0.631966,0,pseudo_keep_model_drop,keep,candidate_hybrid_keep_strong_domain_rule_anchor,18,금융위원회;금융위;여신전문금융업,,
2026-05-25,"여름에 '감원 한파' 빅테크, 금융권 등 확산","가상자산거래소 코인베이스는 AI 도입을 이유로 전체 인력의 약 14%를 감축하기로 했습니다.브라이언 암스트롱 CEO(최고경영자)는 ""팀 전체가 몇 주 걸려 하던 일을 이제 엔지니어 한 명이 AI를 활용해 며칠 만에 끝낸다...",https://biz.sbs.co.kr/article_hub/20000311951?division=NAVER,1,0.85,rule_keep_score_ge_6_with_hard_match,0.632022,0,pseudo_keep_model_drop,keep,candidate_hybrid_keep_strong_domain_rule_anchor,9,가상자산;가상자산거래소,,
2026-06-08,"스페이스X 청약설, 비트코인 급락과 무관","코인데스크는 6일(현지 시각) 스테이블코인 거래소 출금과 공급 감소 흐름을 점검한 결과, 통상 범위를... ▲ 돈 빠졌다면 보여야 할 숫자, 시장엔 없었다 가상자산에서 현금으로 자금이 빠져나갈 때 가장 먼저 포착되는...",http://www.hansbiz.co.kr/news/articleView.html?idxno=842790,1,0.85,rule_keep_score_ge_6_with_hard_match,0.632060,0,pseudo_keep_model_drop,keep,candidate_hybrid_keep_strong_domain_rule_anchor,9,가상자산;스테이블코인,,
2026-06-08,'생산적 금융' 확대에도…대기업 늘고 중기 대출 '제자리',금융감독원통계에서 올해 3월 기준 중소기업 대출 연체율은 0.81%로 전년 동기 대비 0.05%포인트 상승했다.... 금융권 안팎에서는 생산적 금융의 실효성을 높이기 위해서는 중소기업 대출 확대에 따른 위험가중자산...,https://www.cstimes.com/news/articleView.html?idxno=708750,1,0.85,rule_keep_score_ge_6_with_hard_match,0.632119,0,pseudo_keep_model_drop,keep,candidate_hybrid_keep_strong_domain_rule_anchor,12,금융감독원;생산적 금융,대출;금융,
2026-05-29,"함영주 ""판 바꾸는 포용금융""…하나금융, 3조원대 지원 추진","하나저축은행은 햇살론 지원 확대와 취약 차주·보이스피싱 피해자 대상 상환 유예 등 자체 채무조정을 시행 중이다. 하나금융은 2030년까지 생산적 금융 84조원, 포용금융 16조원 등 총 100조원을 투입하는 '하나 모두 성장...",http://www.4th.kr/news/articleView.html?idxno=2112375,1,0.85,rule_keep_score_ge_6_with_hard_match,0.632570,0,pseudo_keep_model_drop,keep,candidate_hybrid_keep_strong_domain_rule_anchor,13,저축은행;보이스피싱;생산적 금융,금융,
2026-05-22,거래량 1년 새 72% 증발…가상자산거래소 脫수수료 모색,국내 주요 가상자산거래소의 하루 거래대금은 1년 전의 3분의 1에도 못 미치는 수준으로 줄었다. 수수료 수익에 절대적으로 의존해온 거래소들은 새 먹거리 찾기에 사활을 걸고 있다. 다만 규제의 벽과 자본력 차이...,https://www.newspim.com/news/view/20260520000863,1,0.85,rule_keep_score_ge_6_with_hard_match,0.632608,0,pseudo_keep_model_drop,keep,candidate_hybrid_keep_strong_domain_rule_anchor,10,가상자산;가상자산거래소,수수료,
2026-05-19,[뉴스브리핑] 정부 '신용성장계좌' 추진…중신용자 금리 낮아지나,"신용카드 사용과 대출·상환 이력, 연체 여부 등이 핵심 기준이었다. 금융 이력이 부족한 사회초년생과 주부... 금융 이력이 없다는 이유만으로 은행권 대출이 어려워지고 연 10% 안팎의 고금리 대출 시장으로 밀려나는...",http://www.kbiznews.co.kr/news/articleView.html?idxno=114147,1,0.85,rule_keep_score_ge_6_with_hard_match,0.632633,0,pseudo_keep_model_drop,keep,candidate_hybrid_keep_strong_domain_rule_anchor,9,은행권,금리;대출;연체;금융,
2026-06-01,유가증권으로 버틴 저축은행…실적 개선에도 본업 경쟁력 고민,"31일 금융권에 따르면 79개 저축은행의 올해 1분기 순이익은 3338억원으로 전년 동기(440억원) 대비 7.6배... 올해 1분기 연체율은 6.7%로 전분기(6.0%) 대비 0.7%포인트 상승했고, 3개월 이상 연체채권(NPL) 비율도 8.6%로 전분기(8....",https://www.edaily.co.kr/news/newspath.asp?newsid=01666246645454496,1,0.85,rule_keep_score_ge_6_with_hard_match,0.632742,0,pseudo_keep_model_drop,keep,candidate_hybrid_keep_strong_domain_rule_anchor,9,저축은행;npl,실적,
2026-05-20,1분기 가계 빚 1993조 ‘또 최대’…은행권 대출은 감소 전환,"보인다”면서 “상호금융권의 가계대출 확대 자제를 요청했었고, 2~3월 증에 농협중앙회, 새마을금고 등에서 모집인을 통한 가계대출 및 집단대출 접수를 중단한다고 발표했던 만큼 향후에는 주택담보대출이 크게...",http://www.wowtv.co.kr/NewsCenter/News/Read?articleId=A202605190369&t=NN,1,0.85,rule_keep_score_ge_6_with_hard_match,0.632845,0,pseudo_keep_model_drop,keep,candidate_hybrid_keep_strong_domain_rule_anchor,12,은행권;상호금융;새마을금고,,
2026-06-05,"트럼프, 이란전 추진력 흔들···공화 4명 이탈에 군사작전 제동[글로벌...","미 국채금리가 다시 심리적 저항선을 위협하고 있습니다. 시장은 미 연방준비제도(Fed·연준)의 연내 금리... 10년물은 글로벌 채권시장의 기준 지표이고, 30년물은 미국 주택담보대출과 우량 회사채의 준거 금리로...",https://www.sedaily.com/article/20051998?ref=naver,1,0.85,rule_keep_score_ge_6_with_hard_match,0.632863,0,pseudo_keep_model_drop,keep,candidate_hybrid_keep_overseas_global_reference,19,연준;fed;국채금리;미 국채금리,금리,
2026-05-26,"두나무, 5년간 75억 청년 학자금 지원… 3500명 대출 굴레서 벗어났다",가상자산 거래소를 운영하는 IT 기업이 청년 학자금 문제 해결의 주체로 나섰다는 점에서 주목된다. 국내 청년층의 학자금 대출 잔액이 수조원대에 달하는 가운데 민간 기업이 단순한 장학금 지원을 넘어 채무...,https://www.econovill.com/news/articleView.html?idxno=740799,1,0.85,rule_keep_score_ge_6_with_hard_match,0.633555,0,pseudo_keep_model_drop,keep,candidate_hybrid_keep_strong_domain_rule_anchor,10,가상자산;두나무,대출,
2026-05-21,가계빚 2000조 시대 오나…'영끌·빚투'로 금융시장 '경고등',국제결제은행(BIS) 기준으로도 한국의 가계부채 비율은 주요국 대비 높은 수준으로 평가된다. 전문가들은 향후 금융당국이 ▲DSR 규제 강화 ▲고위험 대출 점검 ▲증권사 신용융자 관리 ▲부동산 정책 조정 등을 동시에...,https://www.lcnews.co.kr/news/articleView.html?idxno=202429,1,0.85,rule_keep_score_ge_6_with_hard_match,0.633789,0,pseudo_keep_model_drop,keep,candidate_hybrid_keep_strong_domain_rule_anchor,11,증권사;dsr;가계부채,대출,
2026-05-30,"암호화폐 반등, '암호화폐 시장 구조 법안'이 열쇠?...""차트보다 법이 먼...",암호화폐 거래소와 금융 플랫폼이 단순 매매 서비스를 넘어 자동화된 금융 도구로 빠르게 확장하고... (FinCEN)의 가상자산 지침과 세제 정비는 비트코인 시장 확대의 기반이 됐다는 설명이다. 유럽연합(EU)의 미카...,http://coinreaders.com/239281,1,0.85,rule_keep_score_ge_6_with_hard_match,0.633917,0,pseudo_keep_model_drop,keep,candidate_hybrid_keep_strong_domain_rule_anchor,9,가상자산;암호화폐,금융,
2026-06-04,비트코인 12% 급락 속 스테이블코인 점유율 수개월래 최고,"그러나 현재는 전통 금융시장보다 가상자산 시장 내부에서만 위험자산 회피 현상이 두드러지고 있는... 비트코인은 6월 4일 오전 현재 업비트 가상화폐 거래소에서 전일대비 1.08% 하락한 9,769만 원에 거래되고 있다.",https://www.khgames.co.kr/news/articleView.html?idxno=304984,1,0.85,rule_keep_score_ge_6_with_hard_match,0.633957,0,pseudo_keep_model_drop,keep,candidate_hybrid_keep_strong_domain_rule_anchor,14,가상자산;업비트;스테이블코인,,
2026-05-20,[은행가] 하나금융그룹 '찾아가는 무료 안과' 外,은행 방문이 어려운 어르신에게 맞춤형 금융 상담과 보이스피싱 예방 안내를 제공하는 방식이다.... 고령층과 폭염 취약계층이 무더위와 폭우를 피해 머물 수 있도록 마련됐다. 하나은행은 올여름 무더위 쉼터 운영에...,https://www.slist.kr/news/articleView.html?idxno=739967,1,0.85,rule_keep_score_ge_6_with_hard_match,0.634630,0,pseudo_keep_model_drop,keep,candidate_hybrid_keep_strong_domain_rule_anchor,8,은행;보이스피싱,금융,
2026-05-22,"2조원 넘어선 P2P 대출, 1년 새 1조원 불어...대출 규제 속에서도 늘어나...",정부의 엄격한 대출 규제로 시중은행 등에서 대출을 받기 어려운 상황에서도 대출 수요는 끊이질 않고... 당국은 연초 카드론 잔액이 급증하자 카드사들도 카드론을 포함해 가계 대출 총량 증가율을 1~1.5% 수준으로...,https://www.chosun.com/economy/economy_general/2026/05/21/36RAPGZ5DZFH7BTOV4DMMSWJWU/?utm_source=naver&utm_medium=referral&utm_campaign=naver-news,1,0.85,rule_keep_score_ge_6_with_hard_match,0.634641,0,pseudo_keep_model_drop,keep,candidate_hybrid_keep_strong_domain_rule_anchor,10,시중은행;카드론,대출,
2026-05-27,"새경산새마을금고 허명 이사장, 최고 영예 '대상'… 서민금융 역할론 주...","지역 부동산 경기 침체에 따른 연체율 관리와 여신 심사 고도화는 서민금융기관이 반드시 넘어야 할 산이다. 금융권 관계자는 ""새마을금고가 진정한 지역사회의 거점 역할을 지속하려면 금융 리스크에 대한 선제적 대응...",https://www.kyongbuk.co.kr/news/articleView.html?idxno=4073814,1,0.85,rule_keep_score_ge_6_with_hard_match,0.634714,0,pseudo_keep_model_drop,keep,candidate_hybrid_keep_strong_domain_rule_anchor,9,새마을금고;연체율,금융,
2026-05-28,"인터넷은행 개인 사업자 대출 급증, 연체율 잡은 '3사 3색' 비결","눈길을 끄는 대목은 자산 규모의 양적 팽창뿐만 아니라, 인터넷은행의 해묵은 과제였던 '연체율 리스크'까지 준수하게 통제하고 있다는 점이다. 27일 금융권에 따르면 카카오뱅크와 케이뱅크의 올 1분기 개인 사업자 대출...",http://www.updownnews.co.kr/news/articleView.html?idxno=317339,1,0.85,rule_keep_score_ge_6_with_hard_match,0.636102,0,pseudo_keep_model_drop,keep,candidate_hybrid_keep_strong_domain_rule_anchor,9,인터넷은행;연체율,대출,
2026-06-02,[은행장 연임 성적표③] ‘영업통’ 이호성 하나은행장…“잘 벌었지만...,"이호성 하나은행장은 선임 당시만 해도 금융권의 예상 밖 인물에 가까웠다. 시장에서는 강성묵 하나증권... 연체율과 고정이하여신(NPL) 비율이 상승하고, 그룹 부실채권(NPL) 커버리지비율은 100% 아래로 떨어졌다. 돈은...",https://www.mydaily.co.kr/page/view/2026051809442857702,1,0.85,rule_keep_score_ge_6_with_hard_match,0.636841,0,pseudo_keep_model_drop,keep,candidate_hybrid_keep_strong_domain_rule_anchor,8,npl;부실채권,,
2026-06-04,중국 부자들은 돈을 어떻게 해외로 빼돌리나,"가상자산(암호화폐)은 마지막 우회로다. 중국은 2017년 자국 내 암호화폐 거래소를 금지했지만, 위안화를 몰래 코인으로 바꿔주는 음성 브로커망은 살아남았다. 당국이 2021년 채굴 근절을 선언하고 2022년 코인 자금...",https://www.edaily.co.kr/news/newspath.asp?newsid=02712566645478112,1,0.85,rule_keep_score_ge_6_with_hard_match,0.637331,0,pseudo_keep_model_drop,keep,candidate_hybrid_keep_strong_domain_rule_anchor,8,가상자산;암호화폐,,
2026-06-01,[사설] 금리 오르는데 신용대출 급증…'빚투' 광풍 제대로 관리해야,한국은행이 기준금리 인상을 기정사실화한 것도 빚투에 대한 경계감을 높여야 할 이유다. 금리 인상과 증시 조정이 동시에 나타나면 큰 충격이 올 수 있다. 투자자는 물론 정부의 선제 빚투 관리가 필요한 시점이다.,https://www.hankyung.com/article/2026053190781,1,0.85,rule_keep_score_ge_6_with_hard_match,0.637604,0,pseudo_keep_model_drop,keep,candidate_hybrid_keep_strong_domain_rule_anchor,9,한국은행;기준금리,금리,
2026-05-29,[은행 이모저모] 국민은행·기업은행·카카오뱅크 등,"한국능률협회컨설팅(KMAC)이 주관하는 '2026년 한국산업의 서비스품질지수(KSQI)' 콜센터 부문에서 20년 연속... 이를 통해 기업은행은 여신, 외환, 금융사기 예방 등 고난도 금융 업무를 원스톱으로 처리할 수 있는 환경을...",http://www.bizwnews.com/news/articleView.html?idxno=137547,1,0.85,rule_keep_score_ge_6_with_hard_match,0.637680,0,pseudo_keep_model_drop,keep,candidate_hybrid_keep_strong_domain_rule_anchor,9,은행;기업은행,금융,
2026-05-20,“외국인 주식 발빼는 이유 이거였나”…미국 10년물 금리 15개월래 최고,이란전쟁·유가 급등에 인플레 우려 美·日·유럽 장기금리 동반 상승 ECB 총재 “채권시장 변동성 걱정” 미국 국채금리가 글로벌 채권시장 불안 속에 급등세를 이어가고 있다. 중동 전쟁 장기화와 국제유가 상승이...,https://www.mk.co.kr/article/12051922,1,0.85,rule_keep_score_ge_6_with_hard_match,0.638234,0,pseudo_keep_model_drop,keep,candidate_hybrid_keep_overseas_global_reference,10,ecb;국채금리,금리;주식,
2026-06-02,"[제23회 대한금융포럼] 환율 쇼크의 일상화…금융, 체질 바꿔야 산다","글로벌 금융 시장이 이른바 '뉴 노멀(New Normal)로서의 초고환율' 국면에 접어들었다. 미 연준(Fed)의 고금리 장기화 기조, 자국 우선주의 중심의 지정학적 블록화, 그리고 글로벌 공급망 재편은 원·달러 환율의 하방...",https://www.kbanker.co.kr/news/articleView.html?idxno=225096,1,0.85,rule_keep_score_ge_6_with_hard_match,0.638284,0,pseudo_keep_model_drop,keep,candidate_hybrid_keep_overseas_global_reference,15,연준;fed;환율,달러;금융,
2026-05-19,"농협銀, 20일부터 주담대 갈아타기 제한…비수도권 MCI 제한 확대",농협은행의 이번 조치는 최근 은행권 가계대출 증가세가 다시 가팔라진 흐름과 맞물려 있다는 분석이다. 한국은행이 발표한 ‘금융시장 동향’에 따르면 지난 4월 말 기준 예금은행 주담대 잔액은 937조 6000억원으로...,http://www.edaily.co.kr/news/newspath.asp?newsid=04795366645450232,1,0.85,rule_keep_score_ge_6_with_hard_match,0.638323,0,pseudo_keep_model_drop,keep,candidate_hybrid_keep_strong_domain_rule_anchor,9,한국은행;은행권,,
2026-06-06,강한 고용이 꺾은 랠리…뉴욕증시가 웃지 못한 이유[천조국 리포트],"노동시장이 이 정도로 버티고 있다면 연준이 서둘러 금리를 내릴 명분이 약해지기 때문이다.◆ 국채금리 급등, 기술주에 직격탄고용보고서 발표 이후 채권시장은 바로 움직였다. 10년물 미 국채금리는 4.53%를 넘어서며...",https://news.mtn.co.kr/news-detail/2026060602313293344,1,0.85,rule_keep_score_ge_6_with_hard_match,0.638528,0,pseudo_keep_model_drop,keep,candidate_hybrid_keep_overseas_global_reference,8,국채금리;미 국채금리,,
2026-05-29,[속보]뉴욕증시 또 사상 최고치…“미·이란 휴전 연장 합의 기대” 위...,채권시장도 강세를 보였다. 미 국채금리는 전 구간에서 하락했고 달러 가치는 주요 선진국 통화 대비 약세를 나타냈다. 국제유가는 장 초반 급등세를 보였지만 휴전 기대가 커지면서 상승폭을 상당 부분 반납했다....,https://www.edaily.co.kr/news/newspath.asp?newsid=01708886645453840,1,0.85,rule_keep_score_ge_6_with_hard_match,0.638795,0,pseudo_keep_model_drop,keep,candidate_hybrid_keep_overseas_global_reference,9,국채금리;미 국채금리,달러,
2026-05-27,"[대손비용 디펜스]④ 우리금융, 해외법인 충당금 턴다…자본비율 '양호...",가계대출 성장이 제한된 상황에서 생산적 금융 중심의 기업대출이 새 성장축이 된 셈이다. 비은행 부문도 확대되고 있다. 우리금융의 비은행 손익 비중은 2025년 9% 수준에서 올해 1분기 25% 수준으로 높아졌다....,https://www.bloter.net/news/articleView.html?idxno=663371,1,0.85,rule_keep_score_ge_6_with_hard_match,0.639255,0,pseudo_keep_model_drop,keep,candidate_hybrid_keep_strong_domain_rule_anchor,9,충당금;생산적 금융,금융,
2026-05-20,“주택관련대출 일시적으로 확대될 수도…가계대출상황 유의해야”[일...,"다만 당국에서 상호금융권 가계대출 확대 자제 요청을 했고 2~3월 중에 농협중앙회나 새마을금고 등에서 모집인을 통한 가계대출 접수를 중단, 집단대출도 중단한다고 했기 때문에 크게 늘어나진 않을 것으로 보인다....",http://www.edaily.co.kr/news/newspath.asp?newsid=03306246645450560,1,0.85,rule_keep_score_ge_6_with_hard_match,0.639356,0,pseudo_keep_model_drop,keep,candidate_hybrid_keep_strong_domain_rule_anchor,8,상호금융;새마을금고,,
2026-05-20,1분기 가계빚 1993조 역대 최대…주담대 상단 다시 7% 돌파,"줄었으나, 상호금융·저축은행 등 비은행권 대출은 8조2000억원(주택대출 10조6000억원) 급증했다. 증권사... 금융권에 따르면 지난 18일 기준 KB국민은행·신한은행·하나은행·우리은행·NH농협은행 등 5대 시중은행의...",http://www.the-biz.co.kr/news/articleView.html?idxno=720949,1,0.85,rule_keep_score_ge_6_with_hard_match,0.639574,0,pseudo_keep_model_drop,keep,candidate_hybrid_keep_strong_domain_rule_anchor,15,시중은행;저축은행;증권사;상호금융,,
2026-05-20,'영끌→빚투' 끝난 줄 알았더니⋯1분기 가계빚 1993조 '또 역대급',"은행권 가계대출 감소세에는 주택대출 증가폭이 4조8000억원에서 3000억원으로 급감한 데다 기타대출도 1조2000억원 증가에서 6000억원 감소로 돌아선 영향이다. 반면 저축은행과 상호금융, 신협 등 비은행기관의...",https://www.etoday.co.kr/news/view/2585881,1,0.85,rule_keep_score_ge_6_with_hard_match,0.639836,0,pseudo_keep_model_drop,keep,candidate_hybrid_keep_strong_domain_rule_anchor,16,은행권;저축은행;상호금융;신협,,
2026-05-22,춤추는 금융시장…채권 '상저하고' 속 코스피 '변동성 확대',"여기에 미국 연방준비제도(Fed·연준)와 한국은행의 기준금리 인하 사이클이 지속될 것이라는 기대감이 시장 금리를 아래로 끌어내리는 주된 동력으로 작용 중이다. NH투자증권 강승원 연구원은 ""미국 고용 둔화와 물가...",https://www.pointdaily.co.kr/news/articleView.html?idxno=305751,1,0.85,rule_keep_score_ge_6_with_hard_match,0.640235,0,pseudo_keep_model_drop,keep,candidate_hybrid_keep_overseas_korean_market_impact,22,한국은행;연준;fed;기준금리,코스피;채권,
2026-05-21,정치권 '흐린 눈'에 가로막힌 상호금융 개혁 [기자수첩-금융],"농협·신협·새마을금고 등 상호금융은 은행과 다르다. 지역 조합 기반으로 움직이고, 지역민과의 접점도 훨씬 촘촘하다. 지방 곳곳에 지점과 조합원이 퍼져 있고, 지역사회에서 이른바 '힘 좀 쓴다'는 인사들과 얽혀 있는...",https://www.dailian.co.kr/news/view/1646622/?sc=Naver,1,0.85,rule_keep_score_ge_6_with_hard_match,0.640287,0,pseudo_keep_model_drop,keep,candidate_hybrid_keep_strong_domain_rule_anchor,13,상호금융;새마을금고;신협,금융,
2026-06-05,"[주목 e-금융] 은행 점포 수도권 67% 집중, 지방은 '금융 사막화'","윤성훈 농협 상호금융 대표이사는 ""정부의 포용적 금융 정책에 발맞춰 금융 소외 사각지대를 해소하겠다""고 밝혔다. 전문가들은 농협의 이러한 행보가 단순한 금융서비스가 아니라 지역사회와 상생하는 지속 가능한...",http://www.economytalk.kr/news/articleView.html?idxno=421725,1,0.85,rule_keep_score_ge_6_with_hard_match,0.640884,0,pseudo_keep_model_drop,keep,candidate_hybrid_keep_strong_domain_rule_anchor,8,은행;상호금융,금융,
2026-05-29,"농협 상호금융, 농촌 금융망 지킨다…""포용금융 최우선""",디지털 금융 전환과 은행권 점포 축소가 가속화되는 가운데 농협 상호금융이 농촌 지역 금융 접근성 유지에 적극 나서고 있다. 농협 상호금융은 시중은행의 오프라인 인프라 축소 속에서도 농업인과 지역사회를 위한...,https://www.fetv.co.kr/news/articleView.html?idxno=303228,1,0.85,rule_keep_score_ge_6_with_hard_match,0.641075,0,pseudo_keep_model_drop,keep,candidate_hybrid_keep_strong_domain_rule_anchor,13,은행권;시중은행;상호금융,금융,
2026-06-05,‘1년새 -30%’ 추락하는 비트코인… 코인주 존폐 기로,"가상자산 보유 및 매집을 선언한 ‘디지털자산 재무회사(DAT)’ 관련 상장사들의 주가도 일제히 주저앉았는데, 금융당국의 상장폐지 기준 강화 방침까지 겹치며 이들 기업은 존폐 기로에 직면했다. 5일 한국거래소에...",https://www.kmib.co.kr/article/view.asp?arcid=0029921617&code=61141211&cp=nv,1,0.85,rule_keep_score_ge_6_with_hard_match,0.641234,0,pseudo_keep_model_drop,keep,candidate_hybrid_keep_strong_domain_rule_anchor,8,가상자산;디지털자산,,
2026-05-24,"메리츠증권, 유엔사 부지 1조3000억원 차환···PF '우량 사업장'엔 열...",참여 금융기관에는 △KB국민은행 △삼성화재 △메리츠증권 △미래에셋증권 △수협은행 △새마을금고 △신협중앙회 △신한은행 △신한카드 △IBK캐피탈 등이 이름을 올렸다. '우량 사업장'으로 돈 몰린 PF 시장 이번...,https://www.womaneconomy.co.kr/news/articleView.html?idxno=254232,1,0.85,rule_keep_score_ge_6_with_hard_match,0.641437,0,pseudo_keep_model_drop,keep,candidate_hybrid_keep_strong_domain_rule_anchor,12,새마을금고;신협;pf,,
2026-05-20,채권 자경단 귀환에 뉴욕증시 흔들…S&P500 3일째 하락[월스트리트in],시장의 시선이 다시 채권시장으로 향하면서다. 치솟는 국채금리…“연준 다음 행보는 인상일 수도” 미국 장기 국채금리는 계속 꼬리를 들고 있다. 30년 만기 국채금리는 장중 5.198%까지 치솟으며 2007년 이후 최고치를...,http://www.edaily.co.kr/news/newspath.asp?newsid=01994246645450888,1,0.85,rule_keep_score_ge_6_with_hard_match,0.642012,0,pseudo_keep_model_drop,keep,candidate_hybrid_keep_overseas_global_reference,11,연준;국채금리,채권,
2026-05-26,비트코인 8만 달러 질주하는데 XRP는 왜 ‘57% 추가 폭락’ 경고등이 켜...,"여기에 온체인 데이터 분석 플랫폼 크립토퀀트(CryptoQuant)의 지표 결과, 세계 최대 규모의 가상자산 거래소인 바이낸스의 유동성 환경이 지난 2020년 1월 이후 최악의 수준으로 감소한 점도 악재다. 금융 시장...",http://coinreaders.com/238396,1,0.85,rule_keep_score_ge_6_with_hard_match,0.643040,0,pseudo_keep_model_drop,keep,candidate_hybrid_keep_strong_domain_rule_anchor,9,유동성;가상자산,달러;금융,
2026-05-20,美 장기 국채금리 급등에 뉴욕증시 동반 하락…S&P·나스닥 사흘째 약세,글로벌 채권시장의 기준 역할을 하는 10년 만기 미 국채금리도 장중 4.687%까지 상승해 2025년 1월 이후 가장 높은 수준을 새로 썼다. 이후 일부 상승분을 반납했지만 전장보다 8.7bp 오른 4.667%로 거래를 마쳤다....,http://www.joseilbo.com/news/news_read.php?uid=568606&class=53&grp=,1,0.85,rule_keep_score_ge_6_with_hard_match,0.643441,0,pseudo_keep_model_drop,keep,candidate_hybrid_keep_overseas_global_reference,8,국채금리;미 국채금리,,
2026-05-28,"보험 해약환급금 담보 대출, 3개월만에 6000억 늘어",은행부터 상호금융까지 대출 문이 닫힌 탓에 ‘급전’ 수요가 쏠린 것이다. 최근 주식 호황 속에서... 3월 말 기준 보험사 대출채권 연체율(1개월 이상 원리금 연체 기준)은 0.82%로 전 분기 대비 0.02%포인트...,https://www.munhwa.com/article/11591619?ref=naver,1,0.85,rule_keep_score_ge_6_with_hard_match,0.643825,0,pseudo_keep_model_drop,keep,candidate_hybrid_keep_strong_domain_rule_anchor,15,보험사;상호금융;연체율,대출;연체;주식,
2026-05-23,"[제23회 대한금융포럼] 초고환율 구조적 위기, '한국주도 H/W시대' 구조적...","우선 미국 기준금리가 한국보다 1% 포인트 이상 높은 한미 간 금리 역전 현상 때문이다. 그만큼 원화 대비... 그리고 한국은행의 대응 기조가 원화 가치를 방어해 주리라는 기대도 있다. 더욱이 1997년 외환위기, 2008년...",https://www.kbanker.co.kr/news/articleView.html?idxno=225033,1,0.85,rule_keep_score_ge_6_with_hard_match,0.644037,0,pseudo_keep_model_drop,keep,candidate_hybrid_keep_strong_domain_rule_anchor,10,한국은행;기준금리,금리;원화,
2026-05-29,[머니테크] 흔들리는 가상자산시장…언제 투자할까,"가상자산 거래 급감으로 거래소도 실적 부진을 면치 못하고 있다. 업비트 운영사 두나무는 올해 1분기 영업수익 2346억원, 영업이익 880억원으로 전년 동기 대비 각각 55%, 78% 감소했다. 빗썸도 올해 1분기 매출액 825억원과...",https://www.dnews.co.kr/uhtml/view.jsp?idxno=202605281405375040324,1,0.85,rule_keep_score_ge_6_with_hard_match,0.644149,0,pseudo_keep_model_drop,keep,candidate_hybrid_keep_strong_domain_rule_anchor,10,가상자산;업비트,실적,
2026-05-27,"""사업하고 싶으면 연대보증 서"" 금융당국도 놀란 갑질 잡아낸 변호사","이찬진 금융감독원장도 지난 15일 '2026년 금융감독자문위원회 전체회의'에서 ""금융회사가 손쉬운 이자장사에... 또 이억원 금감원 원장과 김용범 청와대 정책실장도 '고리의 이자를 부과해서 사람을 회생 불가능하게...",https://www.ohmynews.com/NWS_Web/View/at_pg.aspx?CNTN_CD=A0003235211&CMPT_CD=P0010&utm_source=naver&utm_medium=newsearch&utm_campaign=naver_news,1,0.85,rule_keep_score_ge_6_with_hard_match,0.644231,0,pseudo_keep_model_drop,keep,candidate_hybrid_keep_strong_domain_rule_anchor,12,금융감독원;금감원,,
2026-05-27,"李 “환율 상승, 외인 자금 이동 영향”…중동 긴장 완화에 1504원 마감...","26일 서울외환시장에서 원·달러 환율은 전 거래일보다 12.9원 내린 1504.3원에 거래를 마쳤다. 장중에는... 과거 한국 정부는 환율 급등을 금융시장 불안과 외환위기 가능성의 징후로 받아들이는 경향이 강했지만, 최근에는...",https://www.sedaily.com/article/20048328?ref=naver,1,0.85,rule_keep_score_ge_6_with_hard_match,0.644379,0,pseudo_keep_model_drop,keep,candidate_hybrid_keep_strong_domain_rule_anchor,8,환율;외환시장,달러,
2026-05-30,"AI가 밀고 휴전 기대가 끌었다…美증시 또 사상 최고, S&P500 9주 연속 상...","하지만 최근 유가가 빠르게 안정되면서 채권시장 분위기도 바뀌었다. 이날 10년물 국채금리는 전 거래일 대비 1.8bp(1bp=0.01%포인트) 내린 4.427%를, 연준 정책에 민감하게 연동하는 2년물 국채금리는 2.3bp 떨어진 4.002%에...",https://www.edaily.co.kr/news/newspath.asp?newsid=01659686645454168,1,0.85,rule_keep_score_ge_6_with_hard_match,0.644428,0,pseudo_keep_model_drop,keep,candidate_hybrid_keep_overseas_global_reference,9,연준;국채금리,,
2026-05-20,"중금리대출 확대 경쟁 불붙은 은행권…KB국민·신한·우리금융, 대환·전...","늘리면 연체율이 오를 수 있고, 이는 건전성 관리 부담으로 이어질 수 있다. 금융권에서는 가계대출 억제와 중금리대출 확대를 동시에 요구받는 구조적 모순 속에서 담보 대출보다 위험이 큰 신용대출을 적극 늘리기...",https://www.greened.kr/news/articleView.html?idxno=340907,1,0.85,rule_keep_score_ge_6_with_hard_match,0.644439,0,pseudo_keep_model_drop,keep,candidate_hybrid_keep_strong_domain_rule_anchor,8,은행권,대환;건전성,
2026-05-23,"[자정 뉴스브리핑] 미국 비트코인 현물 ETF, 5일 연속 순유출 기록 外","기대인플레이션 상승은 통화정책 완화 기대를 약화시킬 수 있어 가상자산 등 위험자산 투자심리에... 대규모 스테이블코인 거래소 유입은 시장 매수 자금 유입 가능성으로 해석되지만, 이번 이체의 구체적...",https://www.tokenpost.kr/news/briefing/362522,1,0.85,rule_keep_score_ge_6_with_hard_match,0.644578,0,pseudo_keep_model_drop,keep,candidate_hybrid_keep_strong_domain_rule_anchor,9,가상자산;스테이블코인,,
2026-06-04,"장동혁 ""투표 포기, 李에 재판 지울 기회 주는 것…국민께서 막아달라""","가운데, 한국은행의 금리 인상도 현실로 다가오고 있다. 그런데도 이재명과 민주당은 아무 대책이 없다. 주가... 기준금리가 오르면 대출금리는 급등할 것이다. 3고(고물가·고환율·고금리) 지옥이다. 내 재산과 가족을...",https://www.newsis.com/view/NISX20260603_0003654393,1,0.85,rule_keep_score_ge_6_with_hard_match,0.644586,0,pseudo_keep_model_drop,keep,candidate_hybrid_keep_strong_domain_rule_anchor,10,한국은행;기준금리,금리;주가,
2026-05-22,"KISA, 블록체인 기업 6곳에 개발 자금 지원","KB증권은 블록체인 기반 토큰증권(STO) 발행·유통 API 개발 과제를 냈다. 토큰증권은 부동산, 채권 같은 자산 권리를 블록체인 기반 토큰 형태로 발행한 증권을 뜻한다. 공급자 제안형에는 신한금융그룹이 참여한다....",https://byline.network/?p=9004111222604202,1,0.85,rule_keep_score_ge_6_with_hard_match,0.645121,0,pseudo_keep_model_drop,keep,candidate_hybrid_keep_strong_domain_rule_anchor,12,토큰증권;sto,채권,
2026-05-23,포용금융 늘리는 인터넷은행…신용평가 경쟁 본격화,"인터넷전문은행들이 중저신용자와 개인사업자 대상 금융 공급을 확대하고 있다. 가계대출 총량 관리와 경기 불확실성이 이어지는 가운데, 자체 신용평가모형을 활용해 기존 은행권 심사에서 상대적으로 소외됐던...",http://www.srtimes.kr/news/articleView.html?idxno=203835,1,0.85,rule_keep_score_ge_6_with_hard_match,0.645449,0,pseudo_keep_model_drop,keep,candidate_hybrid_keep_strong_domain_rule_anchor,9,은행권;인터넷은행,금융,
2026-05-23,"[生기업TALK] 토스뱅크, 고객 일상 속' 파고든다…흑자 이후 전략은?",인터넷은행은 출범 초기부터 중저신용자 금융 확대 역할을 맡아왔지만 연체율 관리 부담도 함께 커지고... 최근 금융권에서는 AI 기반 개인화 서비스 경쟁이 본격화되면서 데이터와 기술 역량 중요성이 커지고 있다. 다만...,http://www.sisacast.kr/news/articleView.html?idxno=96125,1,0.85,rule_keep_score_ge_6_with_hard_match,0.645529,0,pseudo_keep_model_drop,keep,candidate_hybrid_keep_strong_domain_rule_anchor,9,인터넷은행;연체율,금융,
2026-05-21,아시아 금융 위기 전조인가…일본발 위험 회피 쓰나미 속 XRP가 쥐고 있...,"일본 채권 시장의 강력한 경고음이 울리면서 글로벌 금융 시장이 발칵 뒤집혔다. 일본의 30년 만기 국채... 19일(현지시간) 가상자산 해설가인 'X 파이낸스 불'의 분석에 따르면, 최근 일본 국채 금리의 수직 상승은 단순히...",https://www.pinpointnews.co.kr/news/articleView.html?idxno=454215,1,0.85,rule_keep_score_ge_6_with_hard_match,0.645588,0,pseudo_keep_model_drop,keep,candidate_hybrid_keep_strong_domain_rule_anchor,10,국채;가상자산,채권;금융,
2026-06-04,사업자대출로 집사는 꼼수 막는다…사후점검 기준 1억→5000만원,"3일 금융권에 따르면 금융감독원은 최근 은행연합회, 여신금융협회 등 다수의 금융권 협회에 개인사업자대출의 자금 용도 사후점검 기준을 기존 1억 원에서 5000만 원으로 조정할 것을 요청했다. 금융회사가 대출금의...",https://www.donga.com/news/Economy/article/all/20260603/134041821/1,1,0.85,rule_keep_score_ge_6_with_hard_match,0.645677,0,pseudo_keep_model_drop,keep,candidate_hybrid_keep_strong_domain_rule_anchor,12,금융감독원;여신금융협회,,
2026-05-20,'애플 토큰' 주식거래소 안 거치고 24시간 매매,나스닥시장에 상장된 테슬라와 같은 이름의 토큰을 암호화폐거래소에서 매매할 수 있게 되는 것이다. 이를... 이 같은 방안은 ‘크립토 맘’(가상자산의 어머니)으로 불리는 헤스터 퍼스 SEC 위원이 주도한 것으로...,https://www.hankyung.com/article/2026051970871,1,0.85,rule_keep_score_ge_6_with_hard_match,0.645988,0,pseudo_keep_model_drop,keep,candidate_hybrid_keep_strong_domain_rule_anchor,8,가상자산;암호화폐,,
2026-05-23,[블록체人] 조원호 람다256 CBO “전통 금융의 블록체인 환승 허브될 것...,람다256에서는 ▲블록체인 컨설팅 ▲토큰 증권(STO·Security Token Offering) ▲실물 연계 자산(RWA·Real World Asset) ▲스테이블코인 등 가상 자산 인프라 영역에서 신규 사업을 이끌고 있다. 다음은 조 CBO와의 일문일답....,https://biz.chosun.com/stock/finance/2026/05/23/VXDRR2MXYFEHHE4DMNMWSSILRA/?utm_source=naver&utm_medium=original&utm_campaign=biz,1,0.85,rule_keep_score_ge_6_with_hard_match,0.646108,0,pseudo_keep_model_drop,keep,candidate_hybrid_keep_strong_domain_rule_anchor,10,sto;스테이블코인,,
2026-06-02,"""부동산 대신 AI·우주""···박현주 투자철학, 1조원 실적으로 돌아왔다",올해 자회사 미래에셋컨설팅을 통해 가상자산 거래소인 코빗 인수를 추진하는 것도 이러한 전략의 연장선으로 해석된다. 증권업계에서는 이번 실적이 일시적인 시장 호황의 결과라기보다 글로벌 투자 확대와 혁신 산업...,https://www.smartbizn.com/news/articleView.html?idxno=145150,1,0.85,rule_keep_score_ge_6_with_hard_match,0.646459,0,pseudo_keep_model_drop,keep,candidate_hybrid_keep_strong_domain_rule_anchor,8,가상자산;코빗,,
2026-05-20,"[현장] 무디스 ""한국 은행산업 안정적…자본적정성은 부담 확대""",이는 정부의 가계대출 규제 강화와 생산적 금융·포용금융 확대 정책으로 은행권 대출 포트폴리오에서 위험가중치가 높은 기업대출 비중이 늘어나고 있기 때문으로 풀이된다. 여기에 정부의 친 자본시장 정책에 따라 주주...,https://www.financialpost.co.kr/news/articleView.html?idxno=259685,1,0.85,rule_keep_score_ge_6_with_hard_match,0.646489,0,pseudo_keep_model_drop,keep,candidate_hybrid_keep_strong_domain_rule_anchor,10,은행권;생산적 금융,대출;금융,
2026-05-20,"[뉴욕증시] 채권의 역습, 과열 시그널? 투심 급랭···반도체주 '선방'","블룸버그통신에 따르면 시타델은 보고서에서 ""미국채 금리 상승이 주식 시장에 경쟁을 불러 일으키기 시작했다""면서 ""증시의 펀더멘털은 여전히 탄탄하지만, 거품 조짐이 나타나고 있고, 이 때문에 채권 수익률이...",https://www.seoulfn.com/news/articleView.html?idxno=629207,1,0.85,rule_keep_score_ge_6_with_hard_match,0.646590,0,pseudo_keep_model_drop,keep,candidate_hybrid_keep_overseas_global_reference,8,미국채 금리,금리;주식;채권,
2026-05-20,"'레버리지 과열' 경고한 이찬진 ""높은 수준으로 대응""","앞두고 금융감독원이 개인투자자 손실 가능성 및 증권사 과당경쟁에 주의가 필요하다고 경고했다. 금감원... 가지고 금융회사의 보안체계 개선을 적극적으로 이끌어야 한다""고 말했다. 이와 함께 ""증시 변동성이...",https://www.nocutnews.co.kr/news/6519252?utm_source=naver&utm_medium=article&utm_campaign=20260519093832,1,0.85,rule_keep_score_ge_6_with_hard_match,0.646733,0,pseudo_keep_model_drop,keep,candidate_hybrid_keep_strong_domain_rule_anchor,15,금융감독원;금감원;증권사,,
2026-05-27,촘촘해지는 해외 코인송금 모니터링…과세 구멍 막을까?,수집된 정보는 국세청·관세청·금감원·금융정보분석원(FIU)이 불법외환거래 및 자금세탁 조사에 활용할 수 있다. 만일 거래소가 업무 등록이나 보고를 누락하거나 당국 검사에 응하지 않는 경우 제재를 받는다. 이번...,https://news.bizwatch.co.kr/article/mobile/2026/05/26/0026,1,0.85,rule_keep_score_ge_6_with_hard_match,0.646757,0,pseudo_keep_model_drop,keep,candidate_hybrid_keep_strong_domain_rule_anchor,16,금감원;fiu;금융정보분석원,,
2026-06-01,"[이재명 1년]이 대통령 돌직구 ""잔인한 약탈 금융""…포용금융 전환 본격...",상록수(상록수제일차유동화전문유한회사)는 2003년 카드대란 당시 발생한 부실채권 처리를 위해 주요 은행·카드사 등 금융사들이 설립한 민간 배드뱅크다. 상록수의 장기 연체채권 추심이 논란이 되면서 금융회사들은...,https://www.asiatime.co.kr/article/20260531500029,1,0.85,rule_keep_score_ge_6_with_hard_match,0.647686,0,pseudo_keep_model_drop,keep,candidate_hybrid_keep_strong_domain_rule_anchor,11,은행;카드사;부실채권,금융,
2026-05-26,"[박근종 칼럼] 'K형 양극화' 심화시키는 외 날개 수출, 반도체 호황에 도...","저축은행·상호금융·신협·새마을금고 등 비은행권 가계대출은 전 분기 증가액(4조 1,000억 원)의 두 배에... 시장 안정 시그널(Signal) 차원에서 한국·미국 간 '통화스와프(Currency swap)' 체결과 재정 건전성 유지를 위한...",https://www.mhns.co.kr/news/articleView.html?idxno=748322,1,0.85,rule_keep_score_ge_6_with_hard_match,0.647876,0,pseudo_keep_model_drop,keep,candidate_hybrid_keep_strong_domain_rule_anchor,18,저축은행;상호금융;새마을금고;신협,건전성,
2026-05-22,"삼성전자 노사 합의, 한국 경제 성장에 긍정적 신호로 작용","시장에서는 한국은행이 하반기 중 기준금리를 올릴 가능성을 다시 거론하고 있고, 장기금리도 이미 높아진 상태다. 서울 채권시장에서 3년 만기 국고채 금리는 5월 18일 장중 연 3.814%까지 올랐고, 20일에도 연 3.760%를...",https://www.tokenpost.kr/news/economy/362037,1,0.85,rule_keep_score_ge_6_with_hard_match,0.647882,0,pseudo_keep_model_drop,keep,candidate_hybrid_keep_strong_domain_rule_anchor,8,한국은행;기준금리,,
2026-05-23,비트코인보다 잘 나간다더니…석 달 만에 두 배로 뛰었다,같은 기간 비트코인(BTC) 등 주요 가상자산(암호화폐)이 뚜렷한 방향성을 보이지 못하는 가운데 거둔 성과다. 22일 블루밍비트에 따르면 서클(CRCL)은 21일(현지시간) 뉴욕증권거래소에서 전일 대비 2.92% 상승한 114....,https://www.hankyung.com/article/2026052236976,1,0.85,rule_keep_score_ge_6_with_hard_match,0.648268,0,pseudo_keep_model_drop,keep,candidate_hybrid_keep_strong_domain_rule_anchor,8,가상자산;암호화폐,,
2026-05-30,"기업들, 포용금융-미술대회-나눔-안전교육으로 사회공헌 실천",하나저축은행의 경우 햇살론 지원 확대와 함께 취약 차주 및 보이스피싱 피해자 상환 유예 등 자체 채무조정을 시행 중이다. 하나은행은 어린이들이 자연과 환경의 소중함을 그림을 통해 자유롭게 표현하며 창의적인...,http://www.wsobi.com/news/articleView.html?idxno=312740,1,0.85,rule_keep_score_ge_6_with_hard_match,0.648547,0,pseudo_keep_model_drop,keep,candidate_hybrid_keep_strong_domain_rule_anchor,8,저축은행;보이스피싱,,
2026-05-30,"새도약기금, 장기연체채권 11만명분 매입···다음달 ‘상록수’ 채권...",농협·상호금융권 등이 보유한 장기연체채권 9602억원어치를 새도약기금이 매입하기로 했다. 이에 따라 11만6000명에 대한 추심이 즉시 중단될 예정이다. 금융위원회는 한국자산관리공사(캠코)의 새도약기금이...,https://www.khan.co.kr/article/202605291050001,1,0.85,rule_keep_score_ge_6_with_hard_match,0.648576,0,pseudo_keep_model_drop,keep,candidate_hybrid_keep_strong_domain_rule_anchor,18,금융위원회;금융위;상호금융,채권,
2026-06-03,中企 매출채권을 글로벌 토큰으로…276홀딩스-토큰아시아 맞손,중소기업 거래 인프라 기업 276홀딩스와 STO(토큰증권) 기업 토큰아시아코리아가 국내 중소기업의 '생산적 금융'과 글로벌 시장 진출을 지원하기 위한 업무협약을 체결했다고 2일 밝혔다. 이번 협약에 따라 276홀딩스는...,https://www.mt.co.kr/future/2026/06/02/2026060212072929611,1,0.85,rule_keep_score_ge_6_with_hard_match,0.648596,0,pseudo_keep_model_drop,keep,candidate_hybrid_keep_strong_domain_rule_anchor,15,토큰증권;sto;생산적 금융,금융,
2026-05-30,"""반도체 역대급 호황? 남 얘기""…서민들은 파산 내몰렸다","전날 한국은행이 기준금리 인상을 공식화했지만 시장은 아랑곳하지 않았다. 올 들어서만 주가가 두 배 수준으로 뛰고, 경기가 반등할 기미를 보이자 한은은 올해 성장률이 잠재성장률(1.8%)보다 높은 3% 수준에 이를...",https://www.hankyung.com/article/2026052974671,1,0.85,rule_keep_score_ge_6_with_hard_match,0.648623,0,pseudo_keep_model_drop,keep,candidate_hybrid_keep_strong_domain_rule_anchor,8,한국은행;기준금리,,
2026-05-25,"'테더 세탁' 기승에…경찰, 수사관 가상자산 추적 교육 확대",보이스피싱과 투자사기 등 범죄수익이 테더(USDT) 등 가상자산으로 세탁돼 해외로 유출되는 사례가 잇따르자... 범죄조직들은 주로 도심 업무지구 오피스텔 등에 미신고 환전업체를 차려놓고 피해금을 테더 등...,https://www.newsis.com/view/NISX20260522_0003641368,1,0.85,rule_keep_score_ge_6_with_hard_match,0.648732,0,pseudo_keep_model_drop,keep,candidate_hybrid_keep_strong_domain_rule_anchor,8,보이스피싱;가상자산,,
2026-06-05,"“AI로 진단서 위조해 1억원 편취”…금융위, 보험사기 TF 출범","분야별로는 실손보험 등이 포함된 장기손해보험이 44.7%로 가장 많았고 자동차보험(22.4%), 생명보험(21.8... 것”이라며 “보험산업 신뢰 제고는 물론 보험료 부담 완화와 건강보험 재정 누수 방지에도 도움이 될 것으로...",https://www.mydaily.co.kr/page/view/2026060416523228247,1,0.85,rule_keep_score_ge_6_with_hard_match,0.648752,0,pseudo_keep_model_drop,keep,candidate_hybrid_keep_strong_domain_rule_anchor,13,금융위;손해보험;생명보험,보험료,
2026-05-28,"BNK금융, 실적·주주환원 ‘눈길’…건전성·지배구조 과제 남았다","그러나 연체율과 고정이하여신비율이 동시에 오른 만큼 금융권에서는 부실채권 매각, 충당금 적립, 위험가중자산 관리 등 후속 대응을 주시하고 있다. 특히 지방은행의 경우 지역 경기와 부동산 시장 흐름이 건전성...",http://www.segyebiz.com/newsView/20260527512975?OutUrl=naver,1,0.85,rule_keep_score_ge_6_with_hard_match,0.648934,0,pseudo_keep_model_drop,keep,candidate_hybrid_keep_strong_domain_rule_anchor,11,부실채권;충당금,건전성;실적,
2026-06-01,인터넷은행 예대마진 2%p대 고착…시중·지방은행은 축소,"지방은행 예대금리차는 지난해 5월 3.21%포인트로 정점을 찍은 뒤 한 해에 걸쳐 단계적으로 내려와 올해 4월에는 1.90%포인트까지 떨어졌다. BNK부산은행과 BNK경남은행이 각각 0.4%포인트 넘게 좁혔고, 특히 전북은행은 4.85...",https://www.raonnews.com/news/article.html?no=58493,1,0.85,rule_keep_score_ge_6_with_hard_match,0.649256,0,pseudo_keep_model_drop,keep,candidate_hybrid_keep_strong_domain_rule_anchor,8,인터넷은행;예대금리차,,
2026-06-05,“환율 1530원 돌파”...미·이란 충돌·美 추가 관세에 금융시장 ‘초긴...,지난 3일 서울 중구 하나은행 외벽 전광판에 원·달러 환율이 표시된 모습./뉴시스 원·달러 환율이 금융위기 이후 처음으로 1530원대에서 출발한 가운데 외환시장과 증시는 물론 실물경제 전반에까지 불안감이...,http://www.metroseoul.co.kr/article/20260604500141,1,0.85,rule_keep_score_ge_6_with_hard_match,0.649561,0,pseudo_keep_model_drop,keep,candidate_hybrid_keep_strong_domain_rule_anchor,8,환율;외환시장,달러,
2026-05-21,"빅테크에 금융권까지, AI에 일자리 뺏긴다","가상자산거래소 코인베이스는 AI 도입을 이유로 전체 인력의 약 14%를 감축하기로 했다. 브라이언 암스트롱 CEO(최고경영자)는 ""팀 전체가 몇 주 걸려 하던 일을 이제 엔지니어 한 명이 AI를 활용해 며칠 만에 끝낸다""면서...",https://www.mt.co.kr/world/2026/05/21/2026052020075949805,1,0.85,rule_keep_score_ge_6_with_hard_match,0.649631,0,pseudo_keep_model_drop,keep,candidate_hybrid_keep_strong_domain_rule_anchor,9,가상자산;가상자산거래소,,
2026-05-23,대포통장·코인으로 1170억 세탁…한중 범죄조직 149명 검거,"보이스피싱과 투자 리딩사기 범죄수익금 1170억원을 대포통장과 가상자산, 상품권 거래 등으로 세탁한 한... 특히 조직은 대포통장이 지급정지되면 피해자와 금융기관에 직접 연락해 해제를 요구하는 등 치밀한...",http://www.dailypop.kr/news/articleView.html?idxno=99053,1,0.85,rule_keep_score_ge_6_with_hard_match,0.649647,0,pseudo_keep_model_drop,keep,candidate_hybrid_keep_strong_domain_rule_anchor,8,보이스피싱;가상자산,,
2026-05-27,"캐피탈 2026년 5월 브랜드평판...현대캐피탈, KB캐피탈, NH농협캐피탈 順",캐피탈사는 '여신전문금융업을 영위하는 여신전문금융회사'로 캐피탈업은 단순히 돈을 빌려주는 대출성 사업이 아닌 실물경제와 산업 지원을 기반으로 한 여신업무에 바탕을 두고 있다....,https://www.energy-news.co.kr/news/articleView.html?idxno=225637,1,0.85,rule_keep_score_ge_6_with_hard_match,0.649730,0,pseudo_keep_model_drop,keep,candidate_hybrid_keep_strong_domain_rule_anchor,9,캐피탈;여신전문금융업,,
2026-05-25,[주간경제전망]삼전·하이닉스 기초자산 단일종목 '레버리지 ETF' 출격,기준금리 결정 등 한국은행의 통화신용정책에 관한 주요 사항을 심의·의결하는 정책결정회의이다. 회의 논의 내용에 대해 의사록을 작성하고 의사록 내용 중 통화신용정책에 관한 사항은 외부에 공개된다. 같은날 밤...,https://www.sidae.com/article/2026052216291326639,1,0.85,rule_keep_score_ge_6_with_hard_match,0.649756,0,pseudo_keep_model_drop,keep,candidate_hybrid_keep_strong_domain_rule_anchor,8,한국은행;기준금리,,
2026-06-07,‘대출 규제 사각지대’ 사내 대출...5년 새 2배 급증 [국회 방청석],정치권에서는 사내 대출이 DSR 규제 적용 대상에서 제외되는 특성상 가계부채 관리 측면에서 제도 보완이 필요하다는 지적이 제기된다. 김상훈 의원은 “서민 실수요자들은 대출 규제로 인해 내집마련이 점점...,https://www.mk.co.kr/article/12066907,1,0.85,rule_keep_score_ge_6_with_hard_match,0.649934,0,pseudo_keep_model_drop,keep,candidate_hybrid_model_keep_prob_ge_threshold_with_domain_anchor,8,dsr;가계부채,대출,
2026-05-20,"하나금융, 충남서 ‘찾아가는 무료 안과 검진’…어르신 의료·금융 지...",평소 은행 방문이 어려운 어르신들을 대상으로 맞춤형 금융 상담과 보이스피싱 예방 교육을 진행해 금융 피해 예방과 정보 접근성 향상에도 힘을 보탤 계획이다. 고령층을 위한 생활밀착형 사회공헌 활동도 이어가고 있다....,https://www.seoultimes.news/news/article.html?no=2000095812,1,0.85,rule_keep_score_ge_6_with_hard_match,0.649936,0,pseudo_keep_model_drop,keep,candidate_hybrid_keep_strong_domain_rule_anchor,8,은행;보이스피싱,금융,
2026-06-08,"더 팍팍해진 2030… 가구 소득 줄었는데, 월세는 뛰어 ‘허덕’",금융투자업계에서는 한국은행이 올해 기준금리를 한두 차례 올릴 수 있다는 전망이 나온다. 이정희 중앙대 경제학부 교수는 “청년층은 자산이 충분히 쌓이지 않은 상태에서 주거 관련 대출을 받은 경우가 많아...,https://www.donga.com/news/Economy/article/all/20260607/134065250/2,1,0.85,rule_keep_score_ge_6_with_hard_match,0.649955,0,pseudo_keep_model_drop,keep,candidate_hybrid_keep_strong_domain_rule_anchor,8,한국은행;기준금리,,
2026-05-19,"우리금융, 청년·중저신용자 포용금융 확대…'갈아타기 대출'·통합플랫...",우리은행은 서민금융 대표 상품인 새희망홀씨대출을 올해 1분기에만 2186억원 공급해 시중은행 중 최고... 3월에는 연체 6년 초과·잔액 1천만원 이하 소액 특수채권 보유자에 대한 추심을 중단하고 322억원 규모의...,https://www.nextdaily.co.kr/news/articleView.html?idxno=249467,1,0.75,rule_keep_score_ge_6_with_hard_match,0.282387,0,pseudo_keep_model_drop,keep,candidate_hybrid_gray_keep_domain_score_ge_threshold,7,시중은행,대출;연체,
2026-06-04,"실손보험 적자 2조원 육박…금감원, 점검 강화",뉴시스 비급여 과잉 진료를 억제하기 위해 도입된 4세대 실손의료보험(실손보험) 계약 건수가 처음으로... 이는 신의료기술 등 일부 고액 비급여 치료 증가로 보험금 증가 폭이 보험료 인상률을 웃돈 것으로...,http://www.segyebiz.com/newsView/20260603512075?OutUrl=naver,1,0.75,rule_keep_score_ge_6_with_hard_match,0.333406,0,pseudo_keep_model_drop,keep,candidate_hybrid_gray_keep_domain_score_ge_threshold,7,금감원,보험료,
2026-05-19,"우리금융, 중저신용자·청년 금융지원 확대 추진","서민금융 공급은 은행과 저축은행을 중심으로 확대되고 있다. 우리은행의 새희망홀씨대출은 올해 1분기... 지난 3월에는 연체 6년 초과, 잔액 1000만원 이하 소액 특수채권 보유자에 대한 추심을 중단하고 322억원 규모의...",https://www.thepowernews.co.kr/view.php?ud=202605180945303294de3f0aa1be_7,1,0.75,rule_keep_score_ge_6_with_hard_match,0.346807,0,pseudo_keep_model_drop,keep,candidate_hybrid_gray_keep_domain_score_ge_threshold,6,저축은행,연체,
2026-06-04,실손보험 17조 샜다…보험료 올라도 적자 1.9조,금융감독원이 2일 발표한 ‘2025년 실손의료보험 사업실적’에 따르면 지난해 말 실손보험 보유계약은 3622만건으로 전년보다 26만건 늘었다. 보험료수익은 18조원으로 1년 새 1조6000억원 증가했다. 보험료가...,https://www.ddaily.co.kr/page/view/2026060313140744515,1,0.75,rule_keep_score_ge_6_with_hard_match,0.381452,0,pseudo_keep_model_drop,keep,candidate_hybrid_gray_keep_domain_score_ge_threshold,7,금융감독원,보험료,
2026-06-04,"금감원, 실손보험 1.8조 적자 속 점검 강화","지난해 보험료수익은 전년 대비 10.0% 증가한 18조 원을 기록했으나 지급보험금이 11.4% 늘어난 17조 원에 달하면서 실손보험 적자 규모는 전년보다 15.6% 확대된 1조 8,700억 원으로 늘어났다. 손익분기점(85%)을 웃도는...",https://news.tvchosun.com/site/data/html_dir/2026/06/03/2026060390131.html,1,0.75,rule_keep_score_ge_6_with_hard_match,0.386734,0,pseudo_keep_model_drop,keep,candidate_hybrid_gray_keep_domain_score_ge_threshold,6,금감원,,
2026-06-05,"실손보험금 17조원 돌파…금감원, 비급여 관리 강화","이에 따라 금감원은 올해 도입된 5세대 실손보험 안착을 통해 비급여 과잉 이용 억제와 보험료 부담 완화를 유도하겠다는 방침이다. 5세대 실손보험은 중증·비중증 비급여를 분리하고, 비중증 비급여 자기부담률을...",http://www.docdocdoc.co.kr/news/articleView.html?idxno=3039754,1,0.75,rule_keep_score_ge_6_with_hard_match,0.395327,0,pseudo_keep_model_drop,keep,candidate_hybrid_gray_keep_domain_score_ge_threshold,7,금감원,보험료,
2026-06-04,"""1.8조 적자 폭탄 터졌다""… 실손보험 손해율 100% 돌파에 보험료 폭등 ...",신의료기술을 앞세운 고액 비급여 치료가 급증하면서 손해율이 다시 100%를 돌파해 가입자들의 보험료 인상 압박이 거세질 전망이다. 3일 금융감독원이 발표한 '2025년 실손의료보험 사업실적(잠정)'에 따르면 지난해...,https://www.pinpointnews.co.kr/news/articleView.html?idxno=457341,1,0.75,rule_keep_score_ge_6_with_hard_match,0.421403,0,pseudo_keep_model_drop,keep,candidate_hybrid_gray_keep_domain_score_ge_threshold,7,금융감독원,보험료,
2026-05-20,실손보험 중지·재개 절차 강화…소비자 대응 방안은?,"금융감독원이 19일 실손보험 관련 민원 사례를 공개하면서, 단체실손보험과 개인실손보험을 함께 가입한 경우 보험료 납입 중지와 계약 재개 시한을 정확히 확인해야 한다고 안내했다. 회사가 들어주는 단체실손에 가입한...",https://www.tokenpost.kr/news/policy/361187,1,0.75,rule_keep_score_ge_6_with_hard_match,0.458292,0,pseudo_keep_model_drop,keep,candidate_hybrid_gray_keep_domain_score_ge_threshold,7,금융감독원,보험료,
2026-05-20,"""실손보험, 이중 가입해도 보험금 더 못 받는다""…금감원, 소비자 유의...",19일 금감원에 따르면 개인실손보험과 직장 단체실손보험에 중복 가입한 경우 기존 개인실손보험의 보험료 납입을 중지할 수 있다. [사진=뉴스핌DB] 개인실손보험 가입 후 1년이 지났고 단체실손보험에도 가입돼 있다면...,https://www.newspim.com/news/view/20260519000616,1,0.75,rule_keep_score_ge_6_with_hard_match,0.470206,0,pseudo_keep_model_drop,keep,candidate_hybrid_gray_keep_domain_score_ge_threshold,7,금감원,보험료,
2026-06-04,"작년 비급여 관절·영양주사 맞은 통원 환자, 보험금 1조원 넘게 받아가","반면 자기 부담률이 30%인 4세대 실손보험의 경우 계약 1건당 보험금 지급액은 29만원, 월 보험료는 2만2000원이었다. 금감원 관계자는 “5세대 실손보험으로 자기 부담률을 더 높이면 필요 이상으로 치료를 받는 일을...",https://www.chosun.com/economy/economy_general/2026/06/03/KICMHWN5OBDTVBRZDEHRTS6YM4/?utm_source=naver&utm_medium=referral&utm_campaign=naver-news,1,0.75,rule_keep_score_ge_6_with_hard_match,0.498038,0,pseudo_keep_model_drop,keep,candidate_hybrid_gray_keep_domain_score_ge_threshold,6,금감원,,
2026-06-01,"""집보다 주식""…주담대 250억 늘 때 신용대출 2.6조 폭증","85%(신용등급 1등급·1년 만기 기준) 수준으로 집계됐다. 이는 지난해 말(연 3.84~5.36%)은 물론, 중동 지역 지정학적 불안으로 시장금리가 급등했던 올해 3월 말(연 3.85~5.53%)보다도 높다. 시장에서는 한국은행이 연내...",https://www.ajunews.com/view/20260531134803351,1,0.75,rule_keep_score_ge_6_with_hard_match,0.501503,0,pseudo_keep_model_drop,keep,candidate_hybrid_gray_keep_domain_score_ge_threshold,6,한국은행,주식,
2026-05-28,'이더리움·솔라나' 비축사 6월 러셀 지수 편입 예정,"특히 현재 샤프링크와 포워드인더스트리스는 모두 보유 자산 가치(각각 18억 달러, 5억 8,500만 달러) 대비... 이더리움은 5월 28일 오전 현재 빗썸 가상화폐 거래소에서 전일대비 0.20% 하락한 303만 원에 거래되고...",https://www.khgames.co.kr/news/articleView.html?idxno=304780,1,0.75,rule_keep_score_ge_6_with_hard_match,0.501779,0,pseudo_keep_model_drop,keep,candidate_hybrid_gray_keep_domain_score_ge_threshold,6,빗썸,달러,
2026-06-03,"네이버페이·카카오뱅크, 개인사업자 대출 비교 서비스 연계","개인사업자 금융 시장을 둘러싼 플랫폼·인터넷은행 간 협업이 확대되고 있다. 가계대출 성장세가 제한되는 가운데 소상공인과 자영업자 대상 대출 수요가 새 성장 영역으로 떠오르면서, 비대면 채널을 활용한 상품...",http://www.srtimes.kr/news/articleView.html?idxno=204451,1,0.75,rule_keep_score_ge_6_with_hard_match,0.502441,0,pseudo_keep_model_drop,keep,candidate_hybrid_gray_keep_domain_score_ge_threshold,6,인터넷은행,대출;금융,
2026-05-19,"이억원 금융위원장 ""국민성장펀드, 금융패러다임 생산적 투자로 전환""","이날 세미나에 앞서 한국산업은행과 수협은행, 그리고 BNK·JB·iM 등 3개 지방금융지주는 지역성장 프로젝트 발굴과 공동 투자 활성화를 위한 업무협약(MOU)을 체결하며 지방균형발전을 위한 상호 협력을 강화하기로 뜻을...",http://www.srtimes.kr/news/articleView.html?idxno=203471,1,0.75,rule_keep_score_ge_6_with_hard_match,0.512975,0,pseudo_keep_model_drop,keep,candidate_hybrid_gray_keep_domain_score_ge_threshold,6,금융위,,
2026-05-21,하나금융 생산적금융 속도 낸다...올해 17.8조원 공급,이번 포럼은 가계 대출 위주의 성장에서 벗어나 실물 경제의 혁신 산업에 자금을 공급하는 '생산적 금융'으로의 대전환을 가속하기 위해 마련됐다. 행사에는 강성묵 하나금융 부회장을 비롯해 하나은행·하나증권...,https://www.newsinside.kr/news/articleView.html?idxno=4689510,1,0.75,rule_keep_score_ge_6_with_hard_match,0.513372,0,pseudo_keep_model_drop,keep,candidate_hybrid_gray_keep_domain_score_ge_threshold,6,생산적 금융,대출;금융,
2026-05-20,"금감원, 실손보험 민원 늘자 경고…""단체·개인 중복가입 확인해야""",19일 금감원에 따르면 직장 단체실손보험 가입자는 기존 개인실손보험 보험료 납입을 일시 중단할 수 있다. 개인실손보험 가입 후 1년이 지났고 단체실손보험과 보장 항목이 겹친다면 개인실손보험 일부 또는 전부의...,https://news.tf.co.kr/read/economy/2324164.htm,1,0.75,rule_keep_score_ge_6_with_hard_match,0.513885,0,pseudo_keep_model_drop,keep,candidate_hybrid_gray_keep_domain_score_ge_threshold,7,금감원,보험료,
2026-05-19,"다양한 전문가 의견 바탕, 국민성장펀드가 미래성장동력으로 발전해가...","지방금융지주 및 수협은행이 업무협약을 체결했다. 이억원 금융위원장은 ""국민성장펀드의 주요 목표 중... 지방금융지주 간 정보교류, 공동 투자를 활성화하기 위해 상호협력을 강화하는 뜻 깊은 자리""라고 말하면서...",http://www.intn.co.kr/news/articleView.html?idxno=2050792,1,0.75,rule_keep_score_ge_6_with_hard_match,0.523828,0,pseudo_keep_model_drop,keep,candidate_hybrid_gray_keep_domain_score_ge_threshold,6,금융위,,
2026-05-22,"우리은행, '생존 전략'이라 쓰고 '포용 금융' 이라 읽는다 [취재여담]","우리은행에서는 당국의 가계대출 총량 규제로 대출을 무작정 늘리는 게 불가능하다며, 대출 영업을 위한 조치가 아니라고도 해명했습니다. 하지만, 총량 규제가 강화됐다는 건 시중은행들이 나눠먹을 대출시장의 파이...",https://biz.sbs.co.kr/article_hub/20000311659?division=NAVER,1,0.75,rule_keep_score_ge_6_with_hard_match,0.536866,0,pseudo_keep_model_drop,keep,candidate_hybrid_gray_keep_domain_score_ge_threshold,6,시중은행,대출;금융,
2026-05-22,"카드론 대신 ‘실사용자’ 늘린 우리카드, 깜짝 실적 뒤 숨은 비결?","대손비용은 전년 동기 대비 6.9% 줄었고, 연체율은 1.80%로 같은 기간 0.07%p(포인트) 낮아졌다. 외형 성장과 리스크 관리가 동시에 이뤄졌다는 점에서 단순 실적 반등과는 결이 다르다는 평가다. 금융권에서는 우리카드의...",https://sateconomy.co.kr/news/view/1065597487353085,1,0.75,rule_keep_score_ge_6_with_hard_match,0.537097,0,pseudo_keep_model_drop,keep,candidate_hybrid_gray_keep_domain_score_ge_threshold,6,카드론,실적,
2026-06-01,"서울시, 카뱅·넥슨 손잡고 청소년 금융 사기 예방 '시동'","실제 보이스피싱이나 불법 대출 피해 사례를 중심으로 예방 교육을 시행하고 맞춤형 멘토링을 통해 개인별 자산 관리와 소비 습관 개선, 경제적 자립을 돕는다. 11월에는 카카오뱅크와 공동으로 청소년 참여형 금융...",https://www.etoday.co.kr/news/view/2589347,1,0.75,rule_keep_score_ge_6_with_hard_match,0.538123,0,pseudo_keep_model_drop,keep,candidate_hybrid_gray_keep_domain_score_ge_threshold,6,보이스피싱,대출;금융,
2026-05-21,"하나금융, One-IB 마켓 포럼 개최…생산적 금융 17.8조 지원 목표 달성","이번 포럼은 그룹의 투자은행(IB) 역량을 집결하고 생산적 금융 지원 체계를 강화하기 위한 자리로 마련됐다. 하나금융그룹은 가계 대출 위주의 성장 방식에서 벗어나, 혁신 산업에 지원을 집중하는 생산적...",https://www.newspim.com/news/view/20260520000546,1,0.75,rule_keep_score_ge_6_with_hard_match,0.541140,0,pseudo_keep_model_drop,keep,candidate_hybrid_gray_keep_domain_score_ge_threshold,6,생산적 금융,대출;금융,
2026-05-29,"금융위 '포용금융 전략추진단' 가동, 하나금융 3조 규모 포용금융 이행...","하나금융그룹의 주력 관계사 하나은행은 중·저신용자와 소상공인의 재기를 돕기 위해 특화 금융 상품을... 논의한 방안이) 연체채권 관리·매각 관행을 사람 중심으로 재설계하는 계기가 될 수 있기를 기대한다""고 말했다.",https://www.businesspost.co.kr/BP?command=article_view&num=438808,1,0.75,rule_keep_score_ge_6_with_hard_match,0.542996,0,pseudo_keep_model_drop,keep,candidate_hybrid_gray_keep_domain_score_ge_threshold,7,금융위,금융,
2026-05-29,"농촌 지키는 농협, 농가 경영 안정·지역 상생 앞장","재무 건전성 제고를 뒷받침하고 있다. 해당 재원은 고령화와 일손 부족으로 고통받는 영농 현장에 현대화된... 윤성훈 농협 상호금융대표이사는 ""농협 상호금융은 농업인과 지역사회의 든든한 동반자로서 그 역할을 다하고...",http://www.00news.co.kr/news/articleView.html?idxno=104100,1,0.75,rule_keep_score_ge_6_with_hard_match,0.548660,0,pseudo_keep_model_drop,keep,candidate_hybrid_gray_keep_domain_score_ge_threshold,6,상호금융,건전성,
2026-05-21,"강성묵 하나금융 부회장 ""생산적 금융 차질 없이 실행""","이번 포럼은 가계 대출 위주의 성장에서 벗어나 실물 경제의 혁신 산업에 자금을 공급하는 '생산적 금융... 두 번째 세션(Market Insight)에는 하나은행의 '하나금융연구소'와 하나증권의 '리서치센터'가  AI·인프라, K...",http://www.smarttimes.co.kr/news/articleView.html?idxno=45689,1,0.75,rule_keep_score_ge_6_with_hard_match,0.551226,0,pseudo_keep_model_drop,keep,candidate_hybrid_gray_keep_domain_score_ge_threshold,6,생산적 금융,대출;금융,
2026-05-21,"하나금융, 17.8조 규모 '생산적 금융' 고도화… '제2회 Hana One-IB 포럼' ...","하나금융그룹이 가계 대출 위주의 전통적인 성장 방식에서 탈피해 국가 혁신 산업에 자금을 공급하는... 이날 행사에는 강성묵 하나금융그룹 부회장을 비롯해 하나은행, 하나증권, 하나캐피탈, 하나대체투자자산운용...",https://www.nbntv.kr/news/articleView.html?idxno=340136,1,0.75,rule_keep_score_ge_6_with_hard_match,0.552356,0,pseudo_keep_model_drop,keep,candidate_hybrid_gray_keep_domain_score_ge_threshold,6,생산적 금융,대출;금융,
2026-05-21,"하나금융, 올해 생산적 금융 17.8조 지원 속도 낸다",이번 포럼은 가계 대출 위주의 성장에서 벗어나 실물 경제의 혁신 산업에 자금을 공급하는 '생산적 금융... 이번 행사에는 강성묵 하나금융그룹 부회장을 비롯해 투자·생산적금융 부문 담당 그룹 관계사 하나은행...,https://www.it-b.co.kr/news/articleView.html?idxno=88277,1,0.75,rule_keep_score_ge_6_with_hard_match,0.555716,0,pseudo_keep_model_drop,keep,candidate_hybrid_gray_keep_domain_score_ge_threshold,6,생산적 금융,대출;금융,
2026-05-20,"""레버리지 ETF 쏠림에 AI 해킹까지""…금감원 점검 나선다",이에 GA가 불법 사금융에 가담하거나 세무·회계·노무 등 컨설팅을 빌미로 불필요한 보험 가입을 유도하는... 핀플루언서 불법행위에 대해서는 24시간 AI 기반 모니터링 시스템을 통해 위법행위를 실시간 단속·적발하고...,http://www.bizwnews.com/news/articleView.html?idxno=136902,1,0.75,rule_keep_score_ge_6_with_hard_match,0.557546,0,pseudo_keep_model_drop,keep,candidate_hybrid_gray_keep_domain_score_ge_threshold,6,금감원,,
2026-05-19,"""'6.6대 1 경쟁' 충북농축협 채용시험…지역 청년 관심 집중""",또 신용사업에서는 예·적금과 대출 등 상호금융 서비스를 운영하며 소비자 보호와 디지털 혁신 중심의 금융 경쟁력 강화에 힘쓰고 있다. 충북농협은 이를 바탕으로 '돈 버는 농업' 실현과 농축협 경쟁력 강화에 힘쓰고...,https://www.bzeronews.com/news/articleView.html?idxno=817664,1,0.75,rule_keep_score_ge_6_with_hard_match,0.559208,0,pseudo_keep_model_drop,keep,candidate_hybrid_gray_keep_domain_score_ge_threshold,6,상호금융,대출;금융,
2026-06-06,[더밸류 브리핑] 오늘의 보험 소식…삼성화재·KB손보·NH농협생명,"이번 프로그램은 최근 고령층을 겨냥해 날로 지능화되고 있는 보이스피싱, 문자사기 등 실제 금융사기... [사진=KB손해보험] KB손해보험은 어르신들의 눈높이에 맞춘 쉬운 설명으로 피해 예방법과 대처 요령을 전달해...",http://www.thevaluenews.co.kr/news/view.php?idx=199207,1,0.75,rule_keep_score_ge_6_with_hard_match,0.559959,0,pseudo_keep_model_drop,keep,candidate_hybrid_gray_keep_domain_score_ge_threshold,7,손해보험;보이스피싱,,
2026-06-03,"보험·저축銀, 코스피가 살린 1분기…본업 숙제 '여전'","한 금융권 관계자는 ""가계대출 규제가 강화되면서 저축은행이 본업에서 이자이익 반등을 기대하기 어려울 것으로 본다""라며 ""손보사 역시 시장금리 변동성에 따라 채권평가손익이 엇갈릴 수 있다. 업권을 막론하고...",https://news.tf.co.kr/read/economy/2328670.htm,1,0.75,rule_keep_score_ge_6_with_hard_match,0.560334,0,pseudo_keep_model_drop,keep,candidate_hybrid_gray_keep_domain_score_ge_threshold,7,저축은행;손보사,,
2026-05-20,단체실손 들면 개인실손 중지…종료 1개월 내 재개 신청 해야,"단체 실손보험에 가입하면 기존 개인 실손보험의 보험료 납입을 중지할 수 있고, 재개 신청은 단체 실손보험이 종료된 후 1개월 이내 해야 합니다. 금융감독원은 오늘(19일) 이 같은 내용의 실손보험 관련 민원 사례와 유의...",https://news.kbs.co.kr/news/pc/view/view.do?ncd=8564780&ref=A,1,0.75,rule_keep_score_ge_6_with_hard_match,0.560603,0,pseudo_keep_model_drop,keep,candidate_hybrid_gray_keep_domain_score_ge_threshold,7,금융감독원,보험료,
2026-05-20,"금융감독원, 제2차 소비자위험대응협의회 개최","GA가 불법 사금융에 가담하거나 각종 컨설팅(세무·회계·노무 등)을 빌미로 불필요한 보험가입을 유도하는... 실시간으로 단속·적발하는 한편, 방미통위 등 유관기관과 협력해 불법 금융광고 등을 신속히 차단·제재하는...",http://www.intn.co.kr/news/articleView.html?idxno=2050818,1,0.75,rule_keep_score_ge_6_with_hard_match,0.562841,0,pseudo_keep_model_drop,keep,candidate_hybrid_gray_keep_domain_score_ge_threshold,6,금융감독원,,
2026-05-21,"하나금융, One-IB 마켓 포럼…""생산적금융 17.8조 달성 가속화""",이번 포럼은 가계 대출 위주의 성장에서 벗어나 실물 경제의 혁신 산업에 자금을 공급하는 '생산적 금융... 이날 행사에는 강성묵 하나금융그룹 부회장을 비롯해 투자·생산적금융 부문 담당 그룹 관계사 하나은행...,https://www.ebn.co.kr/news/articleView.html?idxno=1709508,1,0.75,rule_keep_score_ge_6_with_hard_match,0.562908,0,pseudo_keep_model_drop,keep,candidate_hybrid_gray_keep_domain_score_ge_threshold,6,생산적 금융,대출;금융,
2026-05-20,"""단체실손 들면 개인실손 중지할 수 있다""","단체실손보험에 가입하면 기존 개인실손보험의 보험료 납입을 중지할 수 있고, 단체실손보험이 끝나면 1개월 이내에 재개 신청을 하면 된다. 금융감독원은 19일 이 같은 내용을 포함한 '실손보험 관련 민원 사례와 유의사항...",http://www.wowtv.co.kr/NewsCenter/News/Read?articleId=A202605190412&t=NN,1,0.75,rule_keep_score_ge_6_with_hard_match,0.563998,0,pseudo_keep_model_drop,keep,candidate_hybrid_gray_keep_domain_score_ge_threshold,7,금융감독원,보험료,
2026-05-29,“연 280만원 아꼈다”…중저신용자 신용 방어막된 온투금융 대환대출,금융권 관계자는 “최근 금융사들이 연체율 관리를 위해 대출 문턱을 대폭 높이면서 중저신용자들이 불법 사금융으로 내몰릴 위험이 커졌다”며 “온투금융이 고도화된 대안신용평가 기술을 바탕으로 이들의 금융...,https://www.mk.co.kr/article/12059659,1,0.75,rule_keep_score_ge_6_with_hard_match,0.567419,0,pseudo_keep_model_drop,keep,candidate_hybrid_gray_keep_domain_score_ge_threshold,6,연체율,대출;금융,
2026-06-05,"'금융권, 소외주 꼬리표 떼나'…4대 금융, 역대급 실적 기대","다만 고금리 장기화에 따른 연체율 상승과 취약차주 부담 확대는 변수로 지목된다. 경기 둔화 가능성과 정부의 가계대출 관리 기조 역시 금융주 상승 폭을 제한할 수 있다. 은경완 신한투자증권 연구원은 ""글로벌 주요...",https://www.ziksir.com/news/articleView.html?idxno=135799,1,0.75,rule_keep_score_ge_6_with_hard_match,0.567480,0,pseudo_keep_model_drop,keep,candidate_hybrid_gray_keep_domain_score_ge_threshold,6,연체율,실적;금융,
2026-05-19,"금감원 ""미토스發 AI 해킹·레버리지 ETF 과열 대응 강화""","있다""며 ""금융회사의 보안체계 개선을 적극적으로 유도해 AI 기반 사이버 위협에 선제 대응해야 한다""고 강조했다. 최근 관심이 급증한 레버리지 ETF 위험성도 논의됐다. 금감원은 오는 27일 단일종목 레버리지 ETF 출시를...",https://view.asiae.co.kr/article/2026051906091013674,1,0.75,rule_keep_score_ge_6_with_hard_match,0.568927,0,pseudo_keep_model_drop,keep,candidate_hybrid_gray_keep_domain_score_ge_threshold,6,금감원,,
2026-05-27,"[위기의 손보사②] 삼성화재, 투자이익으로 보험 적자 땜질...'글로벌·...",국내 손해보험사들이 실손보험과 자동차보험 손해율 급등으로 본연의 보험영업에서 손익을 내기 어려운... 건강보험 신계약 확대에 드라이브를 걸었다. 그 결과 2024년 보장성인보험 월납환산 신계약 장기보험료는...,http://www.consumernews.co.kr/news/articleView.html?idxno=756280,1,0.75,rule_keep_score_ge_6_with_hard_match,0.569012,0,pseudo_keep_model_drop,keep,candidate_hybrid_gray_keep_domain_score_ge_threshold,6,손해보험;손보사,,
2026-05-19,"금감원, 레버리지 ETF 쏠림 경고…""금융회사 과당 경쟁 안돼""",금감원은 증시 호황기를 틈탄 핀플루언서와 투자자문업자의 불법 행위에 대해서도 단속을 강화하기로 했다.... 금감원은 일부 GA가 불법 사금융에 연루되거나 각종 컨설팅을 명목으로 불필요한 보험 가입을 유도하는...,https://www.newsis.com/view/NISX20260518_0003634696,1,0.75,rule_keep_score_ge_6_with_hard_match,0.569836,0,pseudo_keep_model_drop,keep,candidate_hybrid_gray_keep_domain_score_ge_threshold,6,금감원,,
2026-05-29,"장민영 기업은행장, ‘포용금융’ 본격화...금융지원 패키지 ‘출격’",28일 금융권에 따르면 기업은행은 우선 이달 15일부터 IBK개인프리워크아웃론 신청요건을 완화했다. 프리워크아웃론이란 원리금 상환이 어려운 가계 신용대출 고객의 연체를 방지하고자 연체 15일 이상 3개월 미만의 전액...,https://www.ekn.kr/web/view.php?key=20260528029358790,1,0.75,rule_keep_score_ge_6_with_hard_match,0.571457,0,pseudo_keep_model_drop,keep,candidate_hybrid_model_keep_prob_ge_threshold_with_domain_anchor,7,기업은행,연체,
2026-05-29,"좋을 성장, 나쁠 물가…반도체 호조·중동발 유가 압력 동시에","반도체와 중동 외에도 금융·외환시장과 주택시장 흐름은 변수로 남았다. 원·달러 환율은 높은 변동성을 보였고, 수도권 주택시장에서는 전월세와 매매가격 오름세가 확대됐으며 추가 상승 기대도 다시 높아졌다.",https://m.skyedaily.com/news_view.html?ID=304903,1,0.75,rule_keep_score_ge_6_with_hard_match,0.573585,0,pseudo_keep_model_drop,keep,candidate_hybrid_gray_keep_domain_score_ge_threshold,6,외환시장,달러;금융,
2026-05-20,"1분기 가계 빚 14조 원↑···""비은행 주담대·빚투 영향""",상호금융 등 비은행예금취급기관을 중심으로 주택관련대출이 크게 늘었고 이른바 '빚투'가 이어지며 가계부채가 2천조 원에 바짝 다가섰습니다. 김찬규 기자입니다. 김찬규 기자> 올해 1분기 가계 빚이 지난해 말보다...,https://www.ktv.go.kr/content/view?content_id=754991,1,0.75,rule_keep_score_ge_6_with_hard_match,0.574114,0,pseudo_keep_model_drop,keep,candidate_hybrid_gray_keep_domain_score_ge_threshold,7,상호금융;가계부채,,
2026-05-21,중앙화 거래소 독점 체제 붕괴하나…블록체인 23개 장벽 무너뜨린 '소각...,"이번 통합으로 전 세계에서 가장 널리 쓰이는 달러 기반 가상자산인 USDC는 외부 브릿지나 제3자의 개입 없이... 19일(현지시간) 스텔라 개발재단(SDF)은 서클의 CCTP 가동을 공식 발표하고, 지갑·거래소·탈중앙화 금융(DeFi)...",https://www.pinpointnews.co.kr/news/articleView.html?idxno=454224,1,0.75,rule_keep_score_ge_6_with_hard_match,0.574476,0,pseudo_keep_model_drop,keep,candidate_hybrid_gray_keep_domain_score_ge_threshold,6,가상자산,달러;금융,
2026-06-03,은행연합회 AI 광고심의 구축…금융협회 공동 활용 '만지작',"하반기 시스템 완성 목표, 여신금융협회 등과 논의…자율규제 업무 AI 확산 신호탄 은행연합회가 구축 중인 금융광고 AI(인공지능) 심사 시스템을 다른 금융협회와 공동 활용하는 방안이 논의되고 있다. 금융권 자율규제...",https://dealsite.co.kr/articles/162808,1,0.75,rule_keep_score_ge_6_with_hard_match,0.575511,0,pseudo_keep_model_drop,keep,candidate_hybrid_gray_keep_domain_score_ge_threshold,6,여신금융협회,,
2026-05-29,부실채권 추심 허가제로 전환…부적격 업체 솎아낸다,특히 빚의 굴레에서 벗어나지 못하는 장기 연체자들을 구제하기 위해 오는 6월 중 2000억 원 규모의 부실 채권을 선제적으로 소각한다. 감면 대상은 은행이 대손 처리한 특수채권 중 5년이 지난 5000만 원 이하의 소액 개인...,https://www.pointdaily.co.kr/news/articleView.html?idxno=306393,1,0.75,rule_keep_score_ge_6_with_hard_match,0.576556,0,pseudo_keep_model_drop,keep,candidate_hybrid_gray_keep_domain_score_ge_threshold,6,부실채권,부실,
2026-05-27,"“단 한 번도 안 된다더니”…정진완의 우리은행, 금융 취약성 1위 오명","6년여간 누적 피해액 2300억원…전체 금융회사 중 ‘최다’ 인니 법인서 1000억대 악재, 국내선 전세대출... 최근 금융감독원으로부터 과태료 1200만원과 자율처리 제재를 받았다. 금감원에 따르면 우리은행은 지난해 11월...",https://sateconomy.co.kr/news/view/1065589626718270,1,0.75,rule_keep_score_ge_6_with_hard_match,0.577357,0,pseudo_keep_model_drop,keep,candidate_hybrid_gray_keep_domain_score_ge_threshold,7,금융감독원,금융,
2026-05-21,"하나금융, 그룹 IB 역량 결집해 생산적 금융 지원 체계 고도화",해당 포럼은 가계 대출 위주의 성장에서 벗어나 실물 경제의 혁신 산업에 자금을 공급하는 '생산적 금융... 이날 행사에는 강성묵 하나금융그룹 부회장을 비롯해 투자·생산적금융 부문 담당 그룹 관계사 하나은행...,http://www.enewstoday.co.kr/news/articleView.html?idxno=2431158,1,0.75,rule_keep_score_ge_6_with_hard_match,0.577490,0,pseudo_keep_model_drop,keep,candidate_hybrid_gray_keep_domain_score_ge_threshold,6,생산적 금융,대출;금융,
2026-06-08,"고용 호조의 역설...뉴욕 시총 2000조원 증발, 채권 하락 달러 강세",고용 지표 선방에 연준의 연내 금리 인상 가능성이 높아지면서 주택담보대출과 우량 회사채의 준거 지표가 되는 미국 국채 30년물 금리는 5일 심리적 저항선인 5.0%를 장중 다시 돌파했다. 글로벌 채권시장의 추종 지표...,https://www.sedaily.com/article/20052600?ref=naver,1,0.75,rule_keep_score_ge_6_with_hard_match,0.578480,0,pseudo_keep_model_drop,keep,candidate_hybrid_keep_overseas_global_reference,7,국채,금리;채권;달러,
2026-05-22,새마을금고 가계대출 급제동…정책공조 속 지역금융 역할 시험대,"새마을금고중앙회 관계자는 ""과거 기업대출 확대 과정에서 건전성 우려가 제기됐던 만큼 당국 역시 지역 서민금융기관으로서 본연의 역할 회복을 강조해왔다""며 ""정책자금 대출이나 실수요 중심 가계대출을 확대하는...",http://www.wikileaks-kr.org/news/articleView.html?idxno=187664,1,0.75,rule_keep_score_ge_6_with_hard_match,0.580779,0,pseudo_keep_model_drop,keep,candidate_hybrid_gray_keep_domain_score_ge_threshold,6,새마을금고,건전성,
2026-05-27,"스타벅스, 선불카드 전액 환불…'카드깡' 방지차 충전 제한 병행","한시적으로 전액 환불을 해주되 여신전문금융업법상 금지된 '불법 현금화'와 신용카드 청구 할인과 같은 악용 가능성을 막겠다는 것입니다. 스타벅스 관계자는 ""발생할 수 있는 위험요소를 고려해 잔액 충전 한도를...",https://news.sbs.co.kr/news/endPage.do?news_id=N1008579774&plink=ORI&cooper=NAVER,1,0.75,rule_keep_score_ge_6_with_hard_match,0.580992,0,pseudo_keep_model_drop,keep,candidate_hybrid_gray_keep_domain_score_ge_threshold,6,여신전문금융업,,
2026-05-30,"저축은행업계 1분기 흑자, 대출 아닌 증시가 살려",중·저신용 차주와 중소기업 대출 비중이 상대적으로 큰 저축은행의 구조를 생각하면 경기 둔화가 길어지거나 금리 부담이 충분히 낮아지지 않을 경우 연체율이 다시 실적 개선을 제약할 수도 있다. 비이자 이익은...,https://www.womaneconomy.co.kr/news/articleView.html?idxno=254521,1,0.75,rule_keep_score_ge_6_with_hard_match,0.581052,0,pseudo_keep_model_drop,keep,candidate_hybrid_gray_keep_domain_score_ge_threshold,7,저축은행,금리;대출;실적,
2026-05-29,[줌업] 이자수익 늘었는데 순이익 급감… 전북은행의 실적 딜레마,"전북은행이 5대 지방은행 가운데 순이자마진(NIM)과 연체율 모두 가장 높은 수준을 기록했다. 고수익 여신... 28일 금융권에 따르면 전북은행의 1분기 NIM은 2.69%로 집계됐다. iM뱅크(1.82%), 부산은행(1.88%), 경남은행(1.87...",https://www.startuptoday.co.kr/news/articleView.html?idxno=802223,1,0.75,rule_keep_score_ge_6_with_hard_match,0.581392,0,pseudo_keep_model_drop,keep,candidate_hybrid_gray_keep_domain_score_ge_threshold,6,연체율,실적;순이익,
2026-05-21,"하나금융, 생산적 금융 17.8조 지원 목표 달성 가속화…'One-IB 마켓 포럼...",이번 포럼은 가계 대출 위주의 성장에서 벗어나 실물 경제의 혁신 산업에 자금을 공급하는 '생산적 금융... 이날 행사에는 강성묵 하나금융그룹 부회장을 비롯해 투자·생산적금융 부문 담당 그룹 관계사 하나은행...,https://news.tf.co.kr/read/economy/2324598.htm,1,0.75,rule_keep_score_ge_6_with_hard_match,0.581818,0,pseudo_keep_model_drop,keep,candidate_hybrid_gray_keep_domain_score_ge_threshold,6,생산적 금융,대출;금융,
2026-05-23,"선거 누가 이길까… 韓서 불법인 예측 시장, 코인으로 쉽게 접근",국내 가상 자산 거래소에서 달러 스테이블코인을 매수한 뒤 개인 지갑을 거쳐 폴리마켓에 입금하면 절차는 완료된다. 칼시(Kalshi)와 프레딕트잇(PredictIt) 예측 시장 플랫폼의 참여 방식도 폴리마켓과 동일하다. 비자...,https://biz.chosun.com/stock/finance/2026/05/22/QB2KBZEXUJDS3E7VJ4F3J2RNOA/?utm_source=naver&utm_medium=original&utm_campaign=biz,1,0.75,rule_keep_score_ge_6_with_hard_match,0.582989,0,pseudo_keep_model_drop,keep,candidate_hybrid_gray_keep_domain_score_ge_threshold,6,스테이블코인,달러,
2026-05-22,"이재명 대통령, '약탈금융' 비판보도한 경향신문 기자에 감사패",상록수는 2000년대 초 카드대란 당시 폭증한 부실채권를 관리하기 위해 주요 은행과 카드사가 공동출자해 만든 유동화전문회사(SPC)다. 이재명 정부가 5000만원 이하 7년 이상 장기 연체 채권을 소각하기 위해 새도약기금을...,https://www.mediatoday.co.kr/news/articleView.html?idxno=334600,1,0.75,rule_keep_score_ge_6_with_hard_match,0.584091,0,pseudo_keep_model_drop,keep,candidate_hybrid_model_keep_prob_ge_threshold_with_domain_anchor,6,부실채권,연체,
2026-05-21,"하나금융, 올해 생산적 금융 17조8000억원 공급…One-IB 협업 강화",하나금융그룹은 지난 19일 여의도 하나증권 본사에서 그룹 투자은행(IB) 역량을 결집하고 생산적 금융 지원 체계를 고도화하기 위한 '제2회 하나 원-아이비(Hana One-IB) 마켓 포럼'을 개최했다. 이번 포럼은 가계 대출 위주...,https://www.etnews.com/20260520000111,1,0.75,rule_keep_score_ge_6_with_hard_match,0.584602,0,pseudo_keep_model_drop,keep,candidate_hybrid_gray_keep_domain_score_ge_threshold,6,생산적 금융,대출;금융,
2026-05-21,"하나금융, '생산적 금융 가속' 위해 그룹 IB포럼",특히 이번 포럼은 가계 대출 위주의 성장이 아닌 실물 경제의 혁신 산업 자금 공급이라는 '생산적 금융... 하나은행부터 하나증권·하나캐피탈·하나대체투자자산운용·하나벤처스 등 관계사 관련 임직원이 한 자리에...,https://www.straightnews.co.kr/news/articleView.html?idxno=302939,1,0.75,rule_keep_score_ge_6_with_hard_match,0.585077,0,pseudo_keep_model_drop,keep,candidate_hybrid_gray_keep_domain_score_ge_threshold,6,생산적 금융,대출;금융,
2026-05-22,"""사내커플 12억 받는데 갈아타겠죠""…반도체 벨트 부동산 들썩",한국은행이 2012년부터 2024년까지 데이터를 바탕으로 발간한 ‘주식 자산 효과에 대한 평가’에 따르면... 정부가 가계대출 총량을 낮추기 위해 수도권 등 규제지역의 주택담보대출을 강하게 규제한 만큼 ‘반도체...,https://www.edaily.co.kr/news/newspath.asp?newsid=06461606645451216,1,0.75,rule_keep_score_ge_6_with_hard_match,0.585568,0,pseudo_keep_model_drop,keep,candidate_hybrid_gray_keep_domain_score_ge_threshold,6,한국은행,주식,
2026-05-21,"하나금융, 생산적 금융 17.8조 달성 박차..'ONE IB 포럼 개최'",net [한국정경신문=이하정 기자] 하나금융그룹(회장 함영주)이 가계 대출 위주 성장에서 벗어나 '생산적... 포럼에는 강성묵 부회장을 비롯해 은행과 증권 등에서 100여명의 기업 금융 전문가들이 참석했다. 참석자들은...,https://kpenews.com/View.aspx?No=4084979,1,0.75,rule_keep_score_ge_6_with_hard_match,0.586837,0,pseudo_keep_model_drop,keep,candidate_hybrid_gray_keep_domain_score_ge_threshold,6,생산적 금융,대출;금융,
2026-05-21,19년만의 美 장기채 금리 쇼크…비트코인 반등 기대 흔들,"전문가 “채권금리 충격, 주식시장 거쳐 비트코인에 간접 반영” 비트코인이 8만 달러 사수에 실패하며 7만6000달러대로 밀려났다. 미국 장기 국채금리가 19년 만에 최고 수준으로 치솟자 위험자산 전반의 투자심리가...",https://www.etoday.co.kr/news/view/2586262,1,0.75,rule_keep_score_ge_6_with_hard_match,0.589851,0,pseudo_keep_model_drop,keep,candidate_hybrid_keep_overseas_global_reference,6,국채금리,금리;달러,
2026-05-29,"중동 리스크 뚫은 하나증권, '화교 자본' 업고 달러채 흥행 성공 까닭",글로벌 채권시장에서 가장 안전한 자산으로 통용되는 미국채 금리에 얼마나 가깝게 붙여 찍느냐가 발행사의 글로벌 기초체력을 증명하는 척도가 된다. 이번 하나증권이 기록한 77bp는 국내 증권사가 발행한 외화 채권...,https://www.insightkorea.co.kr/news/articleView.html?idxno=247249,1,0.75,rule_keep_score_ge_6_with_hard_match,0.590726,0,pseudo_keep_model_drop,keep,candidate_hybrid_keep_overseas_global_reference,6,미국채 금리,채권,
2026-05-19,비거주 1주택 규제 사실상 연기…실효성 논란 확산,이인영 의원실이 금융감독원으로부터 받은 자료에 따르면 5대 은행의 올해 1분기 가계대출 증가 목표치 대비 증감비율은 -148.6%로 집계됐다. 집단대출 회피와 일반 주담대 감소까지 겹치면서 금융권에서는 추가 규제 명분이...,http://www.edaily.co.kr/news/newspath.asp?newsid=01751526645450560,1,0.75,rule_keep_score_ge_6_with_hard_match,0.592360,0,pseudo_keep_model_drop,keep,candidate_hybrid_gray_keep_domain_score_ge_threshold,6,금융감독원,,
2026-06-08,"가계 빚 2000조 시대, 정기보험이 필요한 이유",한국은행에 따르면 올 1분기 말 기준 가계대출 잔액은 1993조원에 달했다. 상당수 가정이 생활비와 함께 대출 상환을 관리하고 있다는 의미다. 이때 주 소득자에게 갑작스러운 사고나 질병이 생기면 소득은 줄거나 끊기지만...,https://www.hankyung.com/article/2026060717031,1,0.75,rule_keep_score_ge_6_with_hard_match,0.593314,0,pseudo_keep_model_drop,keep,candidate_hybrid_gray_keep_domain_score_ge_threshold,6,한국은행,대출,
2026-06-04,부동산→주식→결국 부동산?…풍선효과 넘어 부메랑 된 대출규제,코스피 지수가 9000선에 육박하는 등 역대급 증시 활황이 이어지면서 시중은행의 신용대출 잔액이 한 달 만에 2조원 넘게 급증했다. 정부의 고강도 가계대출 규제로 주택담보대출 문턱이 높아지자 신용대출을 활용해...,https://www.dailian.co.kr/news/view/1651700/?sc=Naver,1,0.75,rule_keep_score_ge_6_with_hard_match,0.595089,0,pseudo_keep_model_drop,keep,candidate_hybrid_gray_keep_domain_score_ge_threshold,7,시중은행,주식;코스피,
2026-05-27,회수의문 채권 1분기 만에 5배 급증…한투캐피탈 AA-의 그늘,"연체채권비율도 2023년 말 2.41%에서 이번 1분기 말 7.35%로 크게 상승했다. 연체채권액은 같은 기간... 지주사가 이미 부동산신탁에 5700억원, 저축은행에 3000억원을 대여한 상황에서 캐피탈에까지 3000억원이...",http://www.fieldnews.kr/news/articleView.html?idxno=28815,1,0.75,rule_keep_score_ge_6_with_hard_match,0.597028,0,pseudo_keep_model_drop,keep,candidate_hybrid_gray_keep_domain_score_ge_threshold,6,저축은행,채권,
2026-06-02,[현장의 파수꾼] 김진수 영천축협 조합장,"또 계통 사료 4만 톤 달성, 금융자산 5000억 원 달성, 상호금융예수금 3000억 원 달성, 경북 농축협 생명보험 BEST CEO 6년 연속 선정, 경북농협 으뜸 조합장 상 수상 등 김진수 조합장의 축산사랑을 업적으로 증명해 보였다....",https://www.aflnews.co.kr/news/articleView.html?idxno=321635,1,0.75,rule_keep_score_ge_6_with_hard_match,0.600265,0,pseudo_keep_model_drop,keep,candidate_hybrid_gray_keep_domain_score_ge_threshold,7,생명보험;상호금융,,
2026-06-01,[당국 포용금융 밸류업 역행] 1금융에 중금리대출 과도한 압박... 주주환...,시장 전문가들은 상반기 은행주 약세의 주된 원인을 실적이 아닌 수급 구조에서 찾고 있다. 외국인... 이에 주요 지주들은 미국 SEC 연차보고서에 포용금융에 따른 연체율 상승과 건전성 악화 가능성을 위험 요인으로...,https://www.g-enews.com/view.php?ud=202605221639388112cd0bfacc1c_1,1,0.75,rule_keep_score_ge_6_with_hard_match,0.601608,0,pseudo_keep_model_drop,keep,candidate_hybrid_gray_keep_domain_score_ge_threshold,6,연체율,건전성,
2026-05-29,"IBK기업은행, 취약층 신용회복·소상공인 인프라 지원…'체질 개선형' 포...","IBK기업은행이 취약계층의 신용회복과 프랜차이즈 소상공인의 자립을 돕는 통합 포용금융 전략을 전개한다.... 단기 연체자와 부실 우려 고객의 채무조정 상품 심사기준을 완화하며, 주택담보대출 만기 및 상환 조건을...",http://www.dailypop.kr/news/articleView.html?idxno=99186,1,0.75,rule_keep_score_ge_6_with_hard_match,0.601706,0,pseudo_keep_model_drop,keep,candidate_hybrid_gray_keep_domain_score_ge_threshold,7,기업은행,부실,
2026-05-29,'할인·적립' 전부 아냐…신용카드 똑똑하게 쓰는 법,"카드 포인트는 결제대금 차감, 교통카드 충전, 금융상품 가입, 국세 납부 등에 사용할 수 있으며, 계좌정보통합관리서비스 '페이인포'와 여신금융협회를 통해 통합 조회 및 현금화가 가능하다. 금감원은 현금서비스...",https://www.consumuch.com/news/articleView.html?idxno=78086,1,0.75,rule_keep_score_ge_6_with_hard_match,0.602595,0,pseudo_keep_model_drop,keep,candidate_hybrid_gray_keep_domain_score_ge_threshold,6,여신금융협회,,
2026-06-05,"캐시백·고정환율부터 라운지까지…카드사, 해외 특화 혜택 '풍성'",총 45개 통화를 지원하며 해외 결제 및 ATM 출금 수수료가 면제된다. 이벤트 기간 동안 외화 머니 누적... KB국민카드는 해외 가맹점에서 합산 30만원 이상 결제한 고객을 대상으로 달러당 1400원의 고정환율을 적용해 환율...,https://www.widedaily.com/news/articleView.html?idxno=295108,1,0.75,rule_keep_score_ge_6_with_hard_match,0.602850,0,pseudo_keep_model_drop,keep,candidate_hybrid_gray_keep_domain_score_ge_threshold,6,카드사;환율,,
2026-05-29,[반도체 호황에 가려진 금융소외] 반도체로 돈 몰리는데…중소기업은 대...,[사진=용인시] 반도체와 인공지능(AI) 중심의 경기 회복 속에 금융권 자금도 대기업과 첨단 산업으로... 은행권이 연체율 관리와 부실 위험 축소에 나서면서 담보 의존도가 높고 현금흐름이 불안정한 중소기업 대출에...,https://www.ajunews.com/view/20260528144103542,1,0.75,rule_keep_score_ge_6_with_hard_match,0.604198,0,pseudo_keep_model_drop,keep,candidate_hybrid_gray_keep_domain_score_ge_threshold,6,연체율,부실,
2026-05-29,"KB국민은행, 캄보디아서 실적 반등…KB프라삭 1분기 순익 562억원 달성","금융권 관계자는 ""캄보디아 금융시장이 여전히 리스크를 안고 있지만 KB프라삭은 현지 영업 기반이 탄탄해... 높은 경제성장률과 디지털 금융 확대 가능성이 매력 요인으로 꼽히지만, 최근 일부 국가에서 연체율...",https://www.dongponews.net/news/articleView.html?idxno=58314,1,0.75,rule_keep_score_ge_6_with_hard_match,0.604392,0,pseudo_keep_model_drop,keep,candidate_hybrid_gray_keep_domain_score_ge_threshold,6,연체율,실적;금융,
2026-05-20,[기획] 국제 금가격(금값) 폭락 속 5~6월 국내 금시세 버텨낼 유일한 열...,글로벌 금융시장은 극심한 불확실성과 변동성의 한가운데에 놓여 있다. 그 중심에는 인류의 가장 오래된... 외환시장에는 대규모 달러 매수 수요가 발생한다. 이는 원·달러 환율에 강한 상승(원화 가치 하락) 압력을...,https://www.wikitree.co.kr/articles/1137140,1,0.75,rule_keep_score_ge_6_with_hard_match,0.605354,0,pseudo_keep_model_drop,keep,candidate_hybrid_gray_keep_domain_score_ge_threshold,6,외환시장,달러;원화,
2026-05-30,"“진술 신빙성 부족” 장애인 사기 피해, 검찰 보완수사로 억울함 풀어","29일 법조계에 따르면 서울중앙지검 형사2부(부장검사 이주희)는 지난 26일 사기 및 여신전문금융업법 위반 혐의로 60대 남성 A씨를 불구속 기소했다. A씨는 2024년 6월 정신장애가 있는 60대 여성 피해자 B씨에게 ""수도...",https://view.asiae.co.kr/article/2026052908514207060,1,0.75,rule_keep_score_ge_6_with_hard_match,0.607853,0,pseudo_keep_model_drop,keep,candidate_hybrid_gray_keep_domain_score_ge_threshold,6,여신전문금융업,,
2026-05-26,식어가는 코인시장…‘역김치프리미엄’ 심화,원·달러 환율이 1500원대를 웃돌며 달러 자산 선호 심리가 확산되는 상황에서도 달러와 가치가 연동된 USDT가 약세를 보이고 있다는 점이 이례적이다. 통상 국내 가상화폐거래소에서는 달러 스테이블코인이 실제...,https://www.sedaily.com/article/20047887?ref=naver,1,0.75,rule_keep_score_ge_6_with_hard_match,0.608987,0,pseudo_keep_model_drop,keep,candidate_hybrid_gray_keep_domain_score_ge_threshold,6,스테이블코인,달러,
2026-06-02,[투자의 창] 미국 물가와 금리를 주목해야 하는 이유,"신용스프레드가 지난해 상반기를 저점으로 완만한 상승세로 돌아섰고, 뉴욕연방준비은행이 발표하는 회사채 스트레스 지수도 이란전 이후 급등했다. 이는 기업들의 자금 조달 여건이 악화되고 있음을 의미한다. AI 투자...",https://www.sedaily.com/article/20050752?ref=naver,1,0.75,rule_keep_score_ge_6_with_hard_match,0.609904,0,pseudo_keep_model_drop,keep,candidate_hybrid_keep_overseas_global_reference,7,회사채;스프레드,,
2026-05-19,[핀테크핫이슈] 코스피 '숨고르기' 돌입…금융권 '포용금융' 압박,"⦁금융지주 3사 ""생산적금융 리스크 언급은 美 공시 규정 때문"" ⦁거세지는 '포용금융' 압박…은행권 긴장감 고조 ⦁이 대통령 '약탈금융' 질타…금융권, 상록수 장기연체채권 정리 착수 ⦁장민영 기업은행장 ""포용금융...",https://www.digitaltoday.co.kr/news/articleView.html?idxno=666915,1,0.75,rule_keep_score_ge_6_with_hard_match,0.611990,0,pseudo_keep_model_drop,keep,candidate_hybrid_gray_keep_domain_score_ge_threshold,6,은행권,코스피,
2026-06-08,月 250만원까지 넣을 수 있는 통장… 압류 못한다,한 시중은행 관계자는 “카드 값과 통신비 등을 현재 연체하고 있거나 향후 압류될 위험이 있는 사람들이 주로 가입하고 있는 것으로 보인다”며 “생계비 통장이 출시된 지 모르고 있는 연체 채무자들도 앞으로...,https://www.chosun.com/economy/money/2026/06/08/HOREUTEF6BAT3E4EU457BAHCVY/?utm_source=naver&utm_medium=referral&utm_campaign=naver-news,1,0.75,rule_keep_score_ge_6_with_hard_match,0.612657,0,pseudo_keep_model_drop,keep,candidate_hybrid_gray_keep_domain_score_ge_threshold,6,시중은행,연체,
2026-06-06,"금감원·8대 금융지주, 금융소비자보호 전문가 양성 맞손","왼쪽부터 김기홍 JB금융지주 회장, 황병우 iM금융그룹 회장, 이찬우 NH농협금융지주 회장, 함영주... 강화가 금융권의 신뢰 제고와 지속 가능한 성장을 위한 핵심 과제라는 데 공감하며 상호 협력을 약속했다. 각 기관은...",https://biz.heraldcorp.com/article/10764064?ref=naver,1,0.75,rule_keep_score_ge_6_with_hard_match,0.612905,0,pseudo_keep_model_drop,keep,candidate_hybrid_gray_keep_domain_score_ge_threshold,6,금감원,,
2026-05-26,금융사고 6년 새 1.2조…은행권서만 7697억원 터졌다,"푸른상호저축은행이 173억7100만원, 4건으로 집계됐다. 카드사 중에서는 롯데카드가 961억8100만원, 4건으로 가장 컸다. 강민국 의원은 “금융사고 규모가 지난 6년여간 1조원을 넘고 지난해도 역대 최대를...",https://www.thepowernews.co.kr/view.php?ud=202605251141243050de3f0aa1be_7,1,0.75,rule_keep_score_ge_6_with_hard_match,0.614407,0,pseudo_keep_model_drop,keep,candidate_hybrid_gray_keep_domain_score_ge_threshold,7,저축은행;카드사,,
2026-05-27,변동금리 대출 크게 늘어…가계 이자 부담 커지나,"지난해 말 기준 한국의 가계대출 잔액은 1852조원을 넘어섰는데 한국은행 분석에 의하면, 대출 금리가 단 0.25%포인트만 올라도 가계가 짊어져야 할 이자 부담은 무려 연간 3조2000억원 급증한다. 더욱 우려스러운 대목은...",https://www.junggi.co.kr/news/articleView.html?idxno=36515,1,0.75,rule_keep_score_ge_6_with_hard_match,0.615151,0,pseudo_keep_model_drop,keep,candidate_hybrid_model_keep_prob_ge_threshold_with_domain_anchor,6,한국은행,대출,
2026-06-08,"[위기의 손보사 ⑤] 순이익 '반토막' 현대해상, 자본력 개선·본업 경쟁...",국내 손해보험사들이 실손보험과 자동차보험 손해율 급등으로 본연의 보험영업에서 손익을 내기 어려운... 현대해상은 보험 본업 경쟁력 강화를 통한 수익성 제고도 나서고 있다. 자동차보험에서는 기본보험료...,http://www.consumernews.co.kr/news/articleView.html?idxno=756906,1,0.75,rule_keep_score_ge_6_with_hard_match,0.615894,0,pseudo_keep_model_drop,keep,candidate_hybrid_gray_keep_domain_score_ge_threshold,7,손해보험;손보사,순이익,
2026-06-08,저축銀마저 담보있어야 대출 … 1분기 신규여신의 절반 차지,이는 경기 둔화와 고금리 장기화로 중·저신용자 연체율이 상승하면서 저축은행들이 건전성 관리에 나선 결과로 풀이된다. 잔액 기준으로 봐도 개인신용대출은 지난해 3월 말 20조5391억원에서 올해...,https://www.mk.co.kr/article/12067828,1,0.75,rule_keep_score_ge_6_with_hard_match,0.616609,0,pseudo_keep_model_drop,keep,candidate_hybrid_gray_keep_domain_score_ge_threshold,7,저축은행,대출;건전성,
2026-06-03,강원 새마을금고 17개 시도 중 유일 ‘흑자’…지역 밀착 경영 빛났다,"건전성 지표 역시 전국 최고 수준이다. 지난해 새마을금고의 평균 고정이하여신비율은 7.03%로, 이를 초과한 금고는 도내 (7.05%) 단 한 곳뿐이었다. 개별 금고 실적을 살펴보면 동해중앙새마을금고가 26억6,900만원의...",https://www.kwnews.co.kr/page/view/2026060250132500000,1,0.75,rule_keep_score_ge_6_with_hard_match,0.616900,0,pseudo_keep_model_drop,keep,candidate_hybrid_gray_keep_domain_score_ge_threshold,6,새마을금고,건전성,
2026-05-29,"[위기의 손보사③] DB손보, 투자손익 늘었지만 보험손익 '구멍' 못 메워...",국내 손해보험사들이 실손보험과 자동차보험 손해율 급등으로 본연의 보험영업에서 손익을 내기 어려운... IFRS17 도입 이후 DB손해보험은 장기보험 신계약 확대에 집중해 왔다. 월납 환산 신계약 보험료는 2023년...,http://www.consumernews.co.kr/news/articleView.html?idxno=756449,1,0.75,rule_keep_score_ge_6_with_hard_match,0.617018,0,pseudo_keep_model_drop,keep,candidate_hybrid_gray_keep_domain_score_ge_threshold,6,손해보험;손보사,,
2026-05-21,"은행권, '생산적금융' 확대 무색...'포용금융' 쏠림 이유는",민감해 연체율과 부실 위험도 확대됐다. 포용금융은 정책 기조와 맞물려 금융당국과 정치권 요구에 부응할 뿐만 아니라 ESG 평가와 대외 이미지 개선 효과도 기대할 수 있다. 실제 이재명 정부 출범 이후 금융권에서는...,https://www.cstimes.com/news/articleView.html?idxno=706615,1,0.75,rule_keep_score_ge_6_with_hard_match,0.618058,0,pseudo_keep_model_drop,keep,candidate_hybrid_gray_keep_domain_score_ge_threshold,6,은행권,부실,
2026-05-23,성매매부터 강제추행까지…'성범죄 전력' 후보 9명 어디 출마했나 [6·3 ...,"대표적으로 여신전문금융업법 위반으로 올해 2월 벌금 700만원, 의료법 위반으로 2020년 징역 8월에 집행유예 2년, 2015년 공직선거법 위반으로 벌금 300만원 등을 선고받았다. 충남 태안군의원 선거 출마자인 김영인...",https://www.sisajournal.com/news/articleView.html?idxno=373628,1,0.75,rule_keep_score_ge_6_with_hard_match,0.618152,0,pseudo_keep_model_drop,keep,candidate_hybrid_gray_keep_domain_score_ge_threshold,6,여신전문금융업,,
2026-05-20,"‘트래블로그’ 앞세운 하나카드, 법인카드까지 ‘투트랙’ 전략",여신금융협회에 따르면 지난해 말 기준 시장 점유율은 44.9%로 집계됐다. 올해 1분기 개인 해외 직불·체크카드 취급액은 8379억원으로 전년 동기(7088억원) 대비 18.2% 증가하며 업계 선두를 유지했다. 해외여행 수요가...,https://www.dt.co.kr/article/12063308?ref=naver,1,0.75,rule_keep_score_ge_6_with_hard_match,0.618501,0,pseudo_keep_model_drop,keep,candidate_hybrid_gray_keep_domain_score_ge_threshold,6,여신금융협회,,
2026-05-19,"리플 실사용 논리, 규제 명확성 앞 대반전 예고...XRP 인생 역전 구간 오...",동시에 미국 10년물 국채금리가 약 4.5% 수준에 있고 영국 국채가 2007년 이후 최고 수준으로 밀려난 점은 여전히 핵심 위험으로 꼽았다. 테일러는 정책당국이 채권시장 스트레스가 커지도록 방치하기보다 유동성...,http://coinreaders.com/237115,1,0.75,rule_keep_score_ge_6_with_hard_match,0.621706,0,pseudo_keep_model_drop,keep,candidate_hybrid_model_keep_prob_ge_threshold_with_domain_anchor,7,유동성;국채금리,,
2026-05-20,"상장 임박 '삼전·닉스 레버리지 ETF' 괜찮나…금감원 ""내부통제·모니터...",이와 관련해 협의회는 핀플루언서 AI 기반 모니터링 시스템을 통해 위법행위를 실시간으로 단속·적발하는... 가령 GA가 불법 사금융에 가담하거나 각종 컨설팅(세무·회계·노무 등)을 빌미로 불필요한 보험가입을...,https://www.mediapen.com/news/view/1099858,1,0.75,rule_keep_score_ge_6_with_hard_match,0.621932,0,pseudo_keep_model_drop,keep,candidate_hybrid_gray_keep_domain_score_ge_threshold,6,금감원,,
2026-06-02,개인사업자 대출 갈아타기도 기대 이하…두달간 700억원대 그쳐,"한국은행이 발표한 2025년 말 개인사업자 차주 수는 총 321만1000명, 이 중 가계대출을 제외한 개인사업자 대출만 보유한 차주가 75만명임을 고려해도 이 제도를 이용한 차주는 0.00091%에 그친다. 총 708억원인 대출이동...",https://www.edaily.co.kr/news/newspath.asp?newsid=03217686645477456,1,0.75,rule_keep_score_ge_6_with_hard_match,0.622034,0,pseudo_keep_model_drop,keep,candidate_hybrid_model_keep_prob_ge_threshold_with_domain_anchor,6,한국은행,대출,
2026-05-25,"고금리 고물가 고환율이 성공의 비용이라면, 누가 그 비용을 내고 있나","한국은행의 4월 통화정책 참고자료도 현재 상황을 단순한 호황으로 보지는 않는다. 자료는 국내 경제가 수출... 기업 입장에서는 투자비용이 늘고, 가계 입장에서는 대출 이자 부담이 커진다. 특히 변동금리 대출자...",https://www.betanews.net/article/view/beta202605250003,1,0.75,rule_keep_score_ge_6_with_hard_match,0.622196,0,pseudo_keep_model_drop,keep,candidate_hybrid_gray_keep_domain_score_ge_threshold,6,한국은행,대출,
2026-05-19,주담대 다시 껑충… 잡히지 않는 가계대출,시사위크=이미정 기자  은행권 가계대출 증가폭이 확대되고 있다. 기타대출은 감소세로 전환됐지만 주택담보대출(이하 주담대)이 다시 껑충 뛰었다. 정부가 가계부채 관리를 강화하고 있지만 뚜렷한 효과에 대해선...,https://www.sisaweek.com/news/articleView.html?idxno=235575,1,0.75,rule_keep_score_ge_6_with_hard_match,0.622512,0,pseudo_keep_model_drop,keep,candidate_hybrid_gray_keep_domain_score_ge_threshold,7,은행권;가계부채,,
2026-06-05,지역경제 선도하는 품목농협 - 안양원예농협,안양원예농협은 지난 4월 농협 경기지역본부 대회의실에서 열린 4월 정례조회에서 상호금융대출금 1조원... 이 같은 성과는 단순한 외형 확장을 지양하고 철저한 여신 건전성 통제와 선제적인 리스크 관리에 집중해 온...,http://www.wonyesanup.co.kr/news/articleView.html?idxno=64870,1,0.75,rule_keep_score_ge_6_with_hard_match,0.622691,0,pseudo_keep_model_drop,keep,candidate_hybrid_gray_keep_domain_score_ge_threshold,6,상호금융,건전성,
2026-05-23,일본 결제 인프라에 새로운 시대가 도래! 일본 엔화 스테이블코인이 이...,"[자료: PRTIMES, KOTRA 도쿄무역관] 에서 Web 3.0으로의 변천> [자료: 총무성] 스테이블코인이란 엔이나 달러와... 그리고 2026년, 스테이블코인이라는 새로운 금융 시장이 움직이기 시작했다.본고에서는 일본 내...",http://dream.kotra.or.kr/kotranews/cms/news/actionKotraBoardDetail.do?SITE_NO=3&MENU_ID=80&CONTENTS_NO=2&bbsGbn=242&bbsSn=242&pNttSn=240605,1,0.75,rule_keep_score_ge_6_with_hard_match,0.623211,0,pseudo_keep_model_drop,keep,candidate_hybrid_gray_keep_domain_score_ge_threshold,6,스테이블코인,금융,
2026-06-03,해외 사모대출 30조 넘었다…보험사·증권사 일부 '숨은 뇌관',"업권 전체 자기자본 대비 투자 비중도 12.2%로 다른 금융업권보다 높았다. 문제는 회사별 편차다.... 반면 은행과 여신전문회사의 부담은 제한적이다. 은행의 해외 사모대출 익스포저는 2조원, 여신전문회사는 4000억원...",https://www.newsworks.co.kr/news/articleView.html?idxno=842564,1,0.75,rule_keep_score_ge_6_with_hard_match,0.623321,0,pseudo_keep_model_drop,keep,candidate_hybrid_gray_keep_domain_score_ge_threshold,6,증권사;보험사,,
2026-05-26,6년간 금융사고 1조… 우리銀·미래에셋생명·롯데카드 각 업권 최다,"은행권 금융사고는 우리은행이 2309억5100만원(30%/50건)으로 가장 많았고, 다음으로 국민은행 1238억1200만원(57건), 농협은행 799억6600만원(40건) 등의 순이다. 증권사 중에는 신한투자증권이 230억1800만원(7건)...",https://it.chosun.com/news/articleView.html?idxno=2023092162722,1,0.75,rule_keep_score_ge_6_with_hard_match,0.623839,0,pseudo_keep_model_drop,keep,candidate_hybrid_model_keep_prob_ge_threshold_with_domain_anchor,7,은행권;증권사,,
2026-05-30,"[금융계 4월 동향] KB국민은행, 포용·생산적 금융 실천 강화",KB국민은행의 4월 경영전략 키워드는 △포용ㆍ생산적 금융 강화 △금융소비자 보호 △시니어 고객 접점... 먼저 지난달 소비자보호품질지수(CPQI)에 고령층ㆍ사회초년생 신규대출 현황과 연체 증감률 등 주요 여신 지표를...,http://www.wsobi.com/news/articleView.html?idxno=312775,1,0.75,rule_keep_score_ge_6_with_hard_match,0.624615,0,pseudo_keep_model_drop,keep,candidate_hybrid_gray_keep_domain_score_ge_threshold,7,생산적 금융,연체;금융,
2026-05-22,"인천시, '희망드림·상권 활성화' 특례보증 26일 접수 시작",최근 자영업 대출 연체율이 오르고 폐업 신고가 늘어나는 상황에서 지자체의 특례보증은 단기 유동성... 담보력이 부족한 소상공인은 신용보증재단 보증을 통해 은행 대출을 받을 수 있어 자금 조달 부담을 덜 수 있다....,https://www.kmaeil.com/news/articleView.html?idxno=640688,1,0.75,rule_keep_score_ge_6_with_hard_match,0.625052,0,pseudo_keep_model_drop,keep,candidate_hybrid_model_keep_prob_ge_threshold_with_domain_anchor,7,은행;유동성,대출,
2026-05-19,"금감원, '레버리지 ETF' 투자자 보호 강화…핀플루언서 감시망 확대",금융회사에서 이런 해킹 사고가 발생하면 온라인뱅킹 같은 핵심 업무가 멈추면서 피해가 광범위하게 번질 수 있다. 금감원은 관계기관과 협력해 금융권 특성에 맞는 AI 기반 사이버공격 대응 방안을 서둘러 마련하고...,https://www.tokenpost.kr/news/economy/360960,1,0.75,rule_keep_score_ge_6_with_hard_match,0.629553,0,pseudo_keep_model_drop,keep,candidate_hybrid_gray_keep_domain_score_ge_threshold,6,금감원,,
2026-06-06,직구 인기 식었나⋯해외여행 발길에도 1분기 해외 카드 사용액 '주춤',한은과 여신금융협회에 따르면 지난해 해외에서 사용된 신용카드 결제액은 총 41억달러로 전분기 대비 1.3% 감소했다. 전체 카드 결제액에서의 신용카드 비중은 67.2%로 최근 2년 새 가장 낮았다. 반면 1분기...,https://www.etoday.co.kr/news/view/2590781,1,0.75,rule_keep_score_ge_6_with_hard_match,0.629842,0,pseudo_keep_model_drop,keep,candidate_hybrid_gray_keep_domain_score_ge_threshold,6,여신금융협회,,
2026-05-20,위조 신용카드로 400만 원 상당 금팔찌 구매한 30대 중국인 구속,제주서부경찰서는 사기와 여신전문금융업법 위반 혐의로 30대 중국인 A 씨를 구속해 조사하고 있다고 오늘(19일) 밝혔습니다. A 씨는 지난 15일 낮 12시 30분 제주시 연동에 있는 금은방에서 한국인 명의 위조 신용카드를...,https://news.sbs.co.kr/news/endPage.do?news_id=N1008568747&plink=ORI&cooper=NAVER,1,0.75,rule_keep_score_ge_6_with_hard_match,0.630521,0,pseudo_keep_model_drop,keep,candidate_hybrid_gray_keep_domain_score_ge_threshold,6,여신전문금융업,,
2026-05-20,“왜 자꾸 승인 거절?”…중국인 범인 잡아낸 제주 금은방 주인,"경찰은 이 남성을 여신전문금융업법 위반과 사기 혐의로 구속하는 한편, 남성이 소지하고 있던 휴대전화 2대와 카드 5장을 압수하고 위조 카드 정보 수집 경위 등을 집중 수사하고 있습니다.",https://news.kbs.co.kr/news/pc/view/view.do?ncd=8564654&ref=A,1,0.75,rule_keep_score_ge_6_with_hard_match,0.632211,0,pseudo_keep_model_drop,keep,candidate_hybrid_gray_keep_domain_score_ge_threshold,6,여신전문금융업,,
2026-05-23,[워시號 출범] 예측 어려운 시장 온다…전문가들이 본 전망,"기존 연준 체제를 비판했던 것을 고려했을 때 시장에서는 향후 정책 경로에 대한 시장과의 소통을 줄일 가능성이 크다고 보고 있다. 이는 리스크 프리미엄을 확대함으로써 금융시장에서는 미국 장기금리 상승, 주식...",https://news.einfomax.co.kr/news/articleView.html?idxno=4416368,1,0.75,rule_keep_score_ge_6_with_hard_match,0.632720,0,pseudo_keep_model_drop,keep,candidate_hybrid_keep_overseas_global_reference,6,연준,주식,
2026-05-28,"[보험 24시] 보험사, 야외활동 증가 안전교육 강화..해외 보험사 인수 등...",아울러 보이스피싱 등 일상생활에서 발생할 수 있는 금융사기 피해 예방 및 대응 방법에 대한 교육도 진행해 큰 호응을 얻었다. 2023년 보건복지부 실태조사 결과 전국 약 4만 2천여 명의 어르신이 폐지수거를 통해...,https://news.cpbc.co.kr/article/1173184?division=NAVER,1,0.75,rule_keep_score_ge_6_with_hard_match,0.633588,0,pseudo_keep_model_drop,keep,candidate_hybrid_gray_keep_domain_score_ge_threshold,7,보험사;보이스피싱,,
2026-06-06,"코스피, ‘반도체 쇼크’에 매도 사이드카…한때 8,100선 아래로","모두에서 금융주 같은 가치주 중심의 매수세가 유입되는 등 시장의 성격이 바뀌고 있다”고 분석했습니다. 원달러 환율은 전날 야간 거래 장중 최고 1,540.3원까지 올라 금융위기 후 처음으로 1,540원대에 진입한 데...",https://news.kbs.co.kr/news/pc/view/view.do?ncd=8578912&ref=A,1,0.75,rule_keep_score_ge_6_with_hard_match,0.633718,0,pseudo_keep_model_drop,keep,candidate_hybrid_gray_keep_domain_score_ge_threshold,6,원달러,코스피,
2026-06-04,"GA도 1200%룰…보험사 신계약 경쟁, '유지율 싸움'으로","1200%룰은 보험 판매 1차 연도에 지급하는 판매수수료를 월납보험료의 12배 이내로 제한하는 제도다.... 손보사 역시 장기보험 신계약이 CSM 확보의 핵심 축이지만, 실손보험과 자동차보험 손해율 부담이 이어지는...",http://www.metroseoul.co.kr/article/20260604500003,1,0.75,rule_keep_score_ge_6_with_hard_match,0.634070,0,pseudo_keep_model_drop,keep,candidate_hybrid_gray_keep_domain_score_ge_threshold,6,보험사;손보사,,
2026-05-20,"금감원 ‘5대 소비자위험’ 대응, GA불법영업, 증권업계 과당경쟁",이날 논의에서는 GA가 불법 사금융에 가담하거나 세무·회계·노무 등 각종 컨설팅을 빌미로 불필요한 보험... 이밖에도 협의회는 핀플루언서 AI 기반 모니터링 시스템을 통해 위법행위를 실시간으로 단속·적발하고...,https://www.naeil.com/news/read/589061?ref=naver,1,0.75,rule_keep_score_ge_6_with_hard_match,0.635409,0,pseudo_keep_model_drop,keep,candidate_hybrid_gray_keep_domain_score_ge_threshold,6,금감원,,
2026-05-25,포용금융 확대가 불러올 양날의 검…건전성 관리·수익성 확보 ‘난제’,신한카드(30%)·하나은행(10%)·IBK기업은행(10%)·우리카드(10%)·국민은행(5.3%)·국민카드(4.7%) 등 1금융권이 지분... 적정 연체율과 자본비율 등 재무안정성도 확보해야 하는 딜레마에 직면한다”고 설명했다. 이미 국내...,https://economist.co.kr/article/view/ecn202605120044,1,0.75,rule_keep_score_ge_6_with_hard_match,0.636614,0,pseudo_keep_model_drop,keep,candidate_hybrid_model_keep_prob_ge_threshold_with_domain_anchor,7,기업은행,건전성,
2026-06-06,"[외환-마감] 끝없는 외인 주식 투매에 1,550원 위협…9.40원↑","5일 서울 외환시장에서 달러-원 환율은 오후 3시 30분 현재 전장 대비 9.40원 오른 1,539.10원에 거래됐다.... 구윤철 부총리 겸 재정경제부 장관은 '비상경제본부 회의 겸 경제관계장관회의'에서 ""최근 금융...",https://news.einfomax.co.kr/news/articleView.html?idxno=4418529,1,0.75,rule_keep_score_ge_6_with_hard_match,0.636900,0,pseudo_keep_model_drop,keep,candidate_hybrid_gray_keep_domain_score_ge_threshold,7,외환시장,주식;달러;금융,
2026-05-21,[마켓인사이드] '트럼프의 남자' 케빈 워시 연준 의장이 마주할 냉혹한...,"장기금리 급등, 미국 국채시장 불안, 달러 신뢰 약화 등의 시나리오를 경고하고 있다. 이 경우 미국... 워시가 마주할 앞으로의 핵심 변수 세 가지는 국제유가, 미국 중간선거, 채권시장 반응이 꼽힌다. 국제유가는 가장...",https://www.news2day.co.kr/article/20260520500263,1,0.75,rule_keep_score_ge_6_with_hard_match,0.638517,0,pseudo_keep_model_drop,keep,candidate_hybrid_keep_overseas_global_reference,6,연준,달러,
2026-05-30,"[마켓인]나신평, KG이니시스 기업신용등급 ‘A’ 신규 부여",이 책임연구원은 “케이카캐피탈은 여신전문금융업체로서 영업자산 수익에 대응하는 차입구조를 갖고 있어 일반 비금융기업의 차입금과는 성격이 상이하다는 점을 고려해야 한다”면서도 “향후 국내 PG 시장에서의...,https://www.edaily.co.kr/news/newspath.asp?newsid=05861366645453840,1,0.75,rule_keep_score_ge_6_with_hard_match,0.638660,0,pseudo_keep_model_drop,keep,candidate_hybrid_gray_keep_domain_score_ge_threshold,6,여신전문금융업,,
2026-06-02,"[은행 뉴스브리핑] 농협금융 'One-Firm협의체'…""기업금융 경쟁력 강화""",토스뱅크는 경찰청이 추진 중인 보이스피싱 예방 캠페인의 일환으로 최근 월 방문자 수 약 70만명에 달하는 토스뱅크 홈페이지를 통해 보이스피싱 예방자료와 피해 발생 시 대처 방법을 안내해 왔다. 또 신종 금융사기...,https://www.asiatime.co.kr/article/20260601500347,1,0.75,rule_keep_score_ge_6_with_hard_match,0.638727,0,pseudo_keep_model_drop,keep,candidate_hybrid_gray_keep_domain_score_ge_threshold,7,은행;보이스피싱,,
2026-05-30,[아주사설 | 기본·원칙·상식] 美 PCE 3.8% 충격…다시 시작된 글로벌 ...,"미국 금리는 세계 경제의 기준 가격이다. 미국 금리가 높게 유지되면 달러는 강해지고, 신흥국 통화와 자본시장은 압박을 받는다. 한국도 예외가 아니다. 미국 금리 인하가 늦어지면 한국은행의 통화정책 운신 폭도...",https://www.ajunews.com/view/20260529092623635,1,0.75,rule_keep_score_ge_6_with_hard_match,0.639747,0,pseudo_keep_model_drop,keep,candidate_hybrid_gray_keep_domain_score_ge_threshold,6,한국은행,금리,
2026-05-21,"하나금융, 그룹 IB 역량 결집…생산적 금융 17.8조 공급 가속화","하나금융은 서울 여의도 하나증권 본사에서 그룹 투자은행(IB) 역량을 결집하고, 생산적 금융 지원 체계를 고도화하기 위한 ‘제2회 Hana One-IB 마켓 포럼(HoF)’을 개최했다고 20일 밝혔다. 이번 행사는 가계 대출 위주...",http://www.beyondpost.co.kr/view.php?ud=202605201054315859be44c0aacd_30,1,0.75,rule_keep_score_ge_6_with_hard_match,0.640653,0,pseudo_keep_model_drop,keep,candidate_hybrid_gray_keep_domain_score_ge_threshold,6,생산적 금융,대출;금융,
2026-05-22,"스테이블코인 주도권 전쟁 시작…""은행이 핀테크에 밀릴 수도""","유지하면서도 상호 연결되는 협조 시장 구조가 핵심""이라고 말했다. 한국 시장 역시 주요 사례로 언급됐다.... 온체인 금융 전환 속도가 빠른 국가 중 하나""라며 ""특히 국민·신한·우리·하나·농협·IBK 등 주요 은행이...",https://www.asiatime.co.kr/article/20260521500374,1,0.75,rule_keep_score_ge_6_with_hard_match,0.640978,0,pseudo_keep_model_drop,keep,candidate_hybrid_gray_keep_domain_score_ge_threshold,6,스테이블코인,금융,
2026-06-03,"﻿보이스피싱 자금세탁, 단순 수거나 송금도 실형 위기 ""진술·자료로 고...","내걸고, 채권 추심이나 구매 대행 업무를 가장해 접근 매체 양도를 유도하거나 현금 수거 심부름을 지시한다.... 고의성이 없음을 객관적 물증으로 소명해야만 가혹한 전과와 금융 제재의 위기에서 벗어날 수 있다""고 강조한다.",http://www.lawleader.co.kr/news/articleView.html?idxno=19230,1,0.75,rule_keep_score_ge_6_with_hard_match,0.642294,0,pseudo_keep_model_drop,keep,candidate_hybrid_gray_keep_domain_score_ge_threshold,7,보이스피싱,채권;금융,
2026-05-20,"‘위조 신용카드’ 30대 중국인, 400만원 금팔찌 구매…현행범 체포","19일 경찰에 따르면, 제주서부경찰서는 사기와 여신전문금융업법 위반 혐의로 30대 중국인 A씨를 구속해 조사하고 있다. A씨는 지난 15일 낮 12시 30분쯤 제주시 연동에 있는 금은방에서 한국인 명의 위조 신용카드를...",https://www.dt.co.kr/article/12063202?ref=naver,1,0.75,rule_keep_score_ge_6_with_hard_match,0.643191,0,pseudo_keep_model_drop,keep,candidate_hybrid_gray_keep_domain_score_ge_threshold,6,여신전문금융업,,
2026-05-20,"[출근길포인트]이 대통령ㆍ다카이치 총리, ""한일 원유ㆍLNG 협력 확대""","이어 ""최근 금융당국이 농협·새마을금고 등을 대상으로 가계부채 관리 강화 방안을 발표한 만큼... 한은은 다만 거시건전성 지표는 일부 개선될 가능성이 있다고 평가했다. 1분기 가계신용 증가율(3.5%)이 같은 기간...",https://www.pointdaily.co.kr/news/articleView.html?idxno=305500,1,0.75,rule_keep_score_ge_6_with_hard_match,0.644318,0,pseudo_keep_model_drop,keep,candidate_hybrid_gray_keep_domain_score_ge_threshold,7,새마을금고;가계부채,,
2026-05-19,자본시장 논리에 파묻힌 청년 주거권…'주거 난민' 해소가 본질이 돼야,금융감독의 목적이 고작 은행의 건전성 지표나 맞추고 연체율 수치나 관리하는 데 머문다면 국민의 생존권은 언제나 담보 가치라는 자본의 계산서 뒤로 밀릴 수밖에 없다. 국내 금융 당국은 지난 수십 년간 아파트 담보대출...,http://www.joongang.tv/news/articleView.html?idxno=224488,1,0.75,rule_keep_score_ge_6_with_hard_match,0.645582,0,pseudo_keep_model_drop,keep,candidate_hybrid_gray_keep_domain_score_ge_threshold,7,연체율,건전성;금융,
2026-05-19,"롯데카드, 지난해 해킹 사태에도 순익 증가...내실 경영으로 위기 돌파","카드사들의 경우 조달비용 부담이 여전히 높은 데다 가맹점 수수료 압박과 연체율 관리 부담까지 겹치며... 특히 향후 영업정지가 최종 확정될 경우 신규 회원 모집 제한과  카드론과 현금서비스, 이용한도 증액 등 주요...",http://www.opinionnews.co.kr/news/articleView.html?idxno=138590,1,0.75,rule_keep_score_ge_6_with_hard_match,0.645846,0,pseudo_keep_model_drop,keep,candidate_hybrid_gray_keep_domain_score_ge_threshold,6,연체율,수수료;가맹점,
2026-06-03,삼전닉스 주가 뛰자 해외 탈중앙화 거래소서 5배 레버리지 상품 등장,세계 최대 가상자산 거래소 바이낸스의 창업자인 자오창펑이 이끄는 투자회사 YZi랩스가 이 회사에 투자했다. 삼성전자와 SK하이닉스는 올해 코스피 상승을 이끌고 있다. 삼성전자 주가는 올해 들어서만 170...,https://www.theguru.co.kr/news/article.html?no=102545,1,0.75,rule_keep_score_ge_6_with_hard_match,0.645998,0,pseudo_keep_model_drop,keep,candidate_hybrid_gray_keep_domain_score_ge_threshold,7,가상자산,주가;코스피,
2026-06-08,규제의 벽은 높아지는데 집값은 오른다…6월 부동산 시장의 '이중 구조...,"은행연합회와 여신금융협회 등이 내부 규준에 반영해 6월 30일부터 시행할 예정이다. 정부는 이와 별도로 2021년 이후 실행된 사업자대출 전수 조사도 추진하고 있다. 점검 대상은 매장 인테리어, 원자재 구매, 설비...",https://www.betanews.net/article/view/beta202606060012,1,0.75,rule_keep_score_ge_6_with_hard_match,0.646085,0,pseudo_keep_model_drop,keep,candidate_hybrid_gray_keep_domain_score_ge_threshold,6,여신금융협회,,
2026-05-30,"NICE평가정보, 금융 리스크 대응 산학연구포럼 개최",현장에는 학계와 금융권 전문가 약 50명이 참석했다. 급변하는 기술 환경과 금융시장 구조 변화가... 금리 상승과 경기 둔화가 연체율 상승으로 이어질 수 있는 만큼 거시환경 변화에 대한 상시 모니터링 체계가...,https://www.newsfreezone.co.kr/news/articleView.html?idxno=692236,1,0.75,rule_keep_score_ge_6_with_hard_match,0.647409,0,pseudo_keep_model_drop,keep,candidate_hybrid_gray_keep_domain_score_ge_threshold,6,연체율,금리;금융,
2026-06-04,[금융이슈] 벼랑 끝 넘은 롯데손보...남은 과제는 자본확충과 새 주인 찾...,"롯데손보는 앞으로 1년 6개월 동안 해당 계획을 이행해야 하며, 금융위와 금감원은 분기별로 이행 실적을... 이에 금융당국은 수시검사에 착수, 롯데손보가 추진하던 후순위채 발행 과정에서도 증권신고서 정정을...",https://www.thepublic.kr/news/articleView.html?idxno=306012,1,0.75,rule_keep_score_ge_6_with_hard_match,0.647409,0,pseudo_keep_model_drop,keep,candidate_hybrid_gray_keep_domain_score_ge_threshold,6,금융위,,
2026-06-08,[화폐의 진화④] 현금이 사라진 시대…신용카드에서 생체인식 기반 결제...,"7일 여신금융협회에 따르면, 지난해 일시불과 할부, 현금서비스 등을 포함한 신용카드 이용 실적은 1077조4030억원으로 집계됐다. 현금 없이도 1000조원이 넘는 자금이 카드 결제를 통해 유통되고 있는 셈이다. 이처럼...",https://www.shinailbo.co.kr/news/articleView.html?idxno=5024226,1,0.75,rule_keep_score_ge_6_with_hard_match,0.647529,0,pseudo_keep_model_drop,keep,candidate_hybrid_gray_keep_domain_score_ge_threshold,6,여신금융협회,,
2026-06-01,‘영끌’은 집에서 주식으로…가계부채 지도가 바뀐다 [빚내서 산다],금융당국이 총부채원리금상환비율(DSR)을 중심으로 가계대출 규제를 대폭 강화하면서 주택 매입을 위한 차입 여력 자체가 줄어들었기 때문이다. 여기에 고점 인식에 따른 주택 거래 부진까지 겹치면서 주담대를 통한...,https://www.etoday.co.kr/news/view/2589289,1,0.75,rule_keep_score_ge_6_with_hard_match,0.647564,0,pseudo_keep_model_drop,keep,candidate_hybrid_gray_keep_domain_score_ge_threshold,7,dsr;가계부채,,
2026-06-06,[위클리오늘] 현대카드ㆍKB국민카드ㆍKB손해보험ㆍNH농협생명 소식(6.5),"이번 교육은 고령층을 노린 보이스피싱, 문자사기, 금융사기 사례를 중심으로 피해 예방법과 대응 요령을 쉽게 설명하는 방식으로 이뤄졌다. 웃음치료 결합해 참여도 높여 행사에는 금융사기 예방교육과 함께 웃음치료...",http://www.weeklytoday.com/news/articleView.html?idxno=778603,1,0.75,rule_keep_score_ge_6_with_hard_match,0.649059,0,pseudo_keep_model_drop,keep,candidate_hybrid_gray_keep_domain_score_ge_threshold,7,손해보험;보이스피싱,,
2026-06-04,실손보험 적자 1.87조원… 도수치료·비급여주사제에 손실 확대,"지난해 실손보험 보험료 수익은 17조9649억원으로 보험료 상승 및 신계약 증가에 따라 1년 전(16조3364억원)보다 10.0% 늘었다. 생명보험사가 3조1909억원, 손해보험사가 14조7740억원으로 전년 대비 각각 9.7%, 10.0...",https://www.insnews.co.kr/news/articleView.html?idxno=91120,review,0.00,review_no_conservative_rule_matched,0.082511,0,review_model_strong_drop,drop,candidate_hybrid_model_drop_prob_le_threshold,7,손해보험;생명보험,보험료,
2026-06-04,보험료 수입 증가에도 손해율 101%…실손보험 적자 확대,"금감원은 5세대 실손보험 안착을 통해 과도한 비급여 진료를 억제하고 보험료 부담을 낮추는 한편, 보험금 분쟁과 비급여 과잉 이용에 대한 감독도 강화할 방침이다. 금융감독원. [사진=청년일보]",https://www.youthdaily.co.kr/news/article.html?no=220203,review,0.00,review_no_conservative_rule_matched,0.127517,0,review_model_strong_drop,drop,candidate_hybrid_model_drop_prob_le_threshold,7,금융감독원,보험료,
2026-06-05,실손보험 적자 1.8조 확대…'도수치료·비급여 주사'가 실적 갉아먹었다,지급보험금 증가폭이 보험료 인상률을 웃돌면서 경영 실적이 전반적으로 악화된 것으로 풀이된다. 실손보험 전체의 경과손해율은 101%로 전년(99.3%) 대비 1.7%포인트 상승했다. 통상 보험업계에서 손익분기점으로 보는...,https://www.koreareport.co.kr/news/articleView.html?idxno=50752,review,0.00,review_mid_score_ambiguous,0.139052,0,review_model_strong_drop,drop,candidate_hybrid_model_drop_prob_le_threshold,5,보험업계,보험료;실적,
2026-05-30,한투도 코인원 지분 인수···가상자산 거래소 선점 경쟁 본격화,금융권이 앞다퉈 가상자산 거래소 지분 인수에 나서고 있다. 금융당국의 금융·가상자산 분리(금가분리) 원칙이 완화될 기미가 보이자 기다렸다는 듯 시장 선점 경쟁을 펼치는 모습이다. 29일 한국투자금융지주 자회사인...,http://www.enewstoday.co.kr/news/articleView.html?idxno=2434388,review,0.00,review_mid_score_ambiguous,0.939568,1,review_model_strong_keep,keep,candidate_hybrid_model_keep_prob_ge_threshold_with_domain_anchor,5,가상자산,금융,
2026-05-19,"[토큰주식] 하나금융지주, 두나무 1조 투자에도 3%대 하락…가상자산 규...","ZDNet Korea에 따르면 하나은행은 최근 가상자산 거래소 업비트 운영사 두나무에 1조33억원을 투입해 6.55% 지분을 취득하기로 결의했다. 금융권에서는 이번 거래를 단순한 전략적 투자보다, 금융당국이 추진해 온 가상자산...",https://www.tokenpost.kr/news/economy/360807,review,0.00,review_mid_score_ambiguous,0.924823,1,review_model_strong_keep,keep,candidate_hybrid_model_keep_prob_ge_threshold_with_domain_anchor,3,가상자산,,
2026-05-19,"1500원 환율, 4% 국고채, 3% 물가…‘3고’에 커지는 금리 인상 가능성","물가와 환율, 채권금리가 동시에 치솟는 ‘3고(高)’ 현상이 금융시장을 흔들고 있다. 한국은행의 통화정책... 호주와 노르웨이는 최근 기준금리 인상에 나섰고 유럽중앙은행(ECB)과 일본은행 역시 추가 긴축 가능성이...",https://www.joongang.co.kr/article/25429349,review,0.00,review_generic_macro_only,0.919973,1,review_model_strong_keep,drop,candidate_hybrid_drop_model_keep_without_domain_anchor,16,한국은행;ecb;환율;기준금리,금리,
2026-05-29,"한은 성장률전망 2.6%로 상향…신현송 ""금리 인상 갈 길 명확""","신현송 한국은행 총재는 28일 서울 중구 한은 본부에서 기자설명회를 열고 ""적절한 시기에 기준금리를 인상할 필요가 있다""고 강조했다. 신 총재는 성장률 상향 요인으로 수출·추경·증시를 꼽았다. 중동 전쟁이...",http://www.wowtv.co.kr/NewsCenter/News/Read?articleId=A202605280491&t=NN,review,0.00,review_conflicting_signals:rule_keep:drop_corporate_macro_noise,0.907001,1,review_model_strong_keep,keep,candidate_hybrid_keep_strong_domain_rule_anchor,14,한국은행;한은;기준금리,금리,
2026-05-19,하나·신한·KB 글로벌 스테이블코인 경쟁 본격화,하나·신한·KB금융그룹이 각각 가상자산 거래소·글로벌 결제망·실생활 결제 인프라를 앞세워 원화 스테이블코인 선점에 나서고 있다. 18일 하나금융은 최근 업비트 운영사 두나무 지분 6.55%를 약 1조원에 인수한 이후...,http://www.inews24.com/view/1969406,review,0.00,review_mid_score_ambiguous,0.904451,1,review_model_strong_keep,drop,candidate_hybrid_drop_generic_market_or_ipo_noise,4,가상자산,원화,
2026-05-29,"한국은행, 기준금리 2.50% 동결...성장률 2.6%·물가 2.7%로 상향",한국은행 금융통화위원회가 기준금리를 연 2.50%로 동결했다. 중동전쟁으로 물가 압력이 커졌지만 반도체 수출 호조로 성장세도 예상보다 확대되면서 금리 인상 여부를 더 지켜보겠다는 판단이다. 한국은행 CI. [자료...,http://www.thevaluenews.co.kr/news/view.php?idx=199042,review,0.00,review_conflicting_signals:rule_keep:drop_corporate_macro_noise,0.895794,1,review_model_strong_keep,keep,candidate_hybrid_keep_strong_domain_rule_anchor,9,한국은행;기준금리,금리,
2026-05-30,코인원 지분 20% 삼킨 OKX…알고보니 ‘몸값 33조’ 월가가 보증한 거물,"국내 가상자산 거래소 코인원의 지분 구조에 메가톤급 변화가 일어났다. 글로벌 가상자산 업계의 거물인 OKX가 한국 가상자산 시장에 공식 출사표를 던진 것이다. 코인원은 29일 서울 여의도 본사에서 한국투자증권, OKX...",https://www.theguru.co.kr/news/article.html?no=102439,review,0.00,review_mid_score_ambiguous,0.893775,1,review_model_strong_keep,keep,candidate_hybrid_model_keep_prob_ge_threshold_with_domain_anchor,4,가상자산,,
2026-05-30,"코인원, 한투·OKX서 전략적 투자 유치","한국투자증권과 글로벌 가상자산 거래소 OKX의 투자부문이 국내 가상자산 거래소 코인원의 3대 주주로 올라섰다. 코인원은 서울 여의도 본사에서 한국투자증권, OKX벤처스, 컴투스홀딩스와 전략적 지분투자 계약 체결식을...",https://view.asiae.co.kr/article/2026052915233552709,review,0.00,review_mid_score_ambiguous,0.885227,1,review_model_strong_keep,keep,candidate_hybrid_model_keep_prob_ge_threshold_with_domain_anchor,4,가상자산,,
2026-05-25,치솟은 美 국채금리…연준 기준금리 인상 전망↑,"위원이 금리 인상 가능성을 거론한 것으로 나타났다. 시장에서도 채권 가격 하락에 베팅하는... 10년물 국채금리는 단순한 시장금리를 넘어 향후 물가에 대한 시장의 기대, 즉 '기대인플레이션'이 반영된 수치다. 10년물...",https://www.ntoday.co.kr/news/articleView.html?idxno=127238,review,0.00,review_generic_macro_only,0.885070,1,review_model_strong_keep,drop,candidate_hybrid_drop_generic_market_or_ipo_noise,15,연준;국채금리;기준금리,금리;채권,
2026-05-30,"한국투자증권, '코인원' 지분 약 20% 확보…3대 주주 등극",한국투자증권이 가상자산 거래소 코인원의 지분 15만9610주(지분율 약 20%)를 취득합니다. 오늘(29일) 한국투자증권은 가상자산 거래소 코인원에 대한 전략적 지분투자 계약을 체결한다고 밝혔습니다. 한국투자증권은...,https://biz.sbs.co.kr/article_hub/20000313430?division=NAVER,review,0.00,review_mid_score_ambiguous,0.884705,1,review_model_strong_keep,keep,candidate_hybrid_model_keep_prob_ge_threshold_with_domain_anchor,4,가상자산,,
2026-05-25,"28일 한은 금통위 ‘매파적 동결’ 유력…전문가 8인의 기준금리, 성장...",경제 전문가들은 오는 28일 한국은행 금융통화위원회가 현재 2.50%인 기준금리를 만장일치로 동결할 것으로 예상했다. 중동 전쟁이 장기화하면서 고유가로 인한 물가 불안과 반도체 호황에 따른 수출 호조세로 금리 인하...,https://www.seoul.co.kr/news/economy/2026/05/24/20260524500066?wlog_tag3=naver,review,0.00,review_conflicting_signals:rule_keep:drop_corporate_macro_noise,0.879263,1,review_model_strong_keep,keep,candidate_hybrid_keep_strong_domain_rule_anchor,14,한국은행;한은;기준금리,금리,
2026-06-01,중소 거래소도 산다…불붙은 가상자산 거래소 지분 확보 경쟁,"코인 거래소 지분 투자 왜 할까…사업 시너지·라이선스 확보 목적 이에 주요 거래소부터 중소 거래소에 이르기까지 가상자산 거래소 지분의 수요 자체가 커졌다는 분석이 나온다. 금융, 결제, 증권 등 기존 사업 분야와...",https://www.news1.kr/finance/blockchain-fintech/6182950,review,0.00,review_mid_score_ambiguous,0.877008,1,review_model_strong_keep,keep,candidate_hybrid_model_keep_prob_ge_threshold_with_domain_anchor,5,가상자산,금융,
2026-05-29,"코인원, 한투·OKX와 투자 유치 협상 막바지",가상자산 거래소 코인원이 국내 대형 증권사인 한국투자증권과 글로벌 가상자산 거래소 OKX를 상대로 전략적 투자 유치에 나섰다. 28일 업계에 따르면 코인원은 한국투자증권과 OKX를 대상으로 각각 약 20% 규모 지분...,https://www.dailian.co.kr/news/view/1649831/?sc=Naver,review,0.00,review_mid_score_ambiguous,0.876574,1,review_model_strong_keep,keep,candidate_hybrid_model_keep_prob_ge_threshold_with_domain_anchor,4,가상자산,,
2026-05-30,한국투자증권의 코인원 지분 투자… 디지털 금융 혁신 시작된다,한국투자증권이 가상자산 거래소 코인원에 전략적 지분투자를 결정했다. 이로 인해 기존 주주인 차명훈 코인원 대표와 컴투스홀딩스에 이어 3대 주주로 자리매김하게 되었다. 구체적으로 한국투자증권은 컴투스홀딩스가...,https://www.gokorea.kr/news/articleView.html?idxno=867821,review,0.00,review_mid_score_ambiguous,0.871424,1,review_model_strong_keep,keep,candidate_hybrid_model_keep_prob_ge_threshold_with_domain_anchor,5,가상자산,금융,
2026-06-06,"가상자산 이전거래, 거래소가 자율관리",1000만원이상 보고 의무 금융당국 개정안서 빠져 국내 가상자산 거래소 등 가상자산 사업자가 해외 거래소나 개인지갑으로 1000만원 이상 가상자산을 이전할 때 금융당국에 일률적으로 보고하는 대신 각 사업자가...,https://www.mk.co.kr/article/12067100,review,0.00,review_mid_score_ambiguous,0.869755,1,review_model_strong_keep,keep,candidate_hybrid_model_keep_prob_ge_threshold_with_domain_anchor,4,가상자산,,
2026-05-31,가상자산 M&A 빅뱅 시작됐다...금융권 인프라 선점 경쟁 치열,전통 금융권이 디지털 금융 시대에 발맞춰 가상자산 거래소와의 합종연횡을 통해 선제적으로 대비하는 모습이다. 29일 관련 업계에 따르면 이날 한국투자증권과 OKX 벤처스는 가상자산 거래소 코인원의 지분을 각각 20%씩...,https://www.newsway.co.kr/news/view?ud=2026052916282173496,review,0.00,review_mid_score_ambiguous,0.867543,1,review_model_strong_keep,keep,candidate_hybrid_model_keep_prob_ge_threshold_with_domain_anchor,5,가상자산,금융,
2026-05-28,"신현송 첫 금통위 D-1, '매파적 동결' 무게…하반기 2회 인상 페달 밟나",한국은행 금융통화위원회가 5월에는 기준금리를 동결하고 하반기부터 본격 금리 인상에 나설 것이라는 전망에 힘이 실린다. 중동 전쟁 여파에도 반도체 중심으로 경제 성장을 회복세를 보이며 선방한 반면 물가·환율...,https://www.getnews.co.kr/news/articleView.html?idxno=871048,review,0.00,review_conflicting_signals:rule_keep:drop_corporate_macro_noise,0.865667,1,review_model_strong_keep,keep,candidate_hybrid_keep_strong_domain_rule_anchor,12,한국은행;환율;기준금리,금리,
2026-05-19,국고채 3년물 3.5% 시대…무게 실리는 '기준금리 인상론',"오는 28일 열리는 한국은행 금융통화위원회에서 금리 인상 소수의견이 제시된 뒤 7월 기준금리 인상이 본격화될 전망이다. ◆ 국고채 3년물, 2024년 이후 최고치 18일 금융투자협회 채권정보센터에 따르면 지난 15일...",https://www.kfenews.co.kr/news/articleView.html?idxno=658031,review,0.00,review_generic_macro_only,0.863232,1,review_model_strong_keep,drop,candidate_hybrid_drop_model_keep_without_domain_anchor,9,한국은행;기준금리,금리,
2026-05-28,"“탈중앙화가 더 빠르고 싸다”…하이퍼리퀴드, 가상자산 거래소 게임체...",창출하며 가상자산 거래소 산업의 경쟁 구도가 바뀌고 있다. 27일(현지시간) 세계 최대 가상자산 자산운용사 그레이스케일에 따르면 하이퍼리퀴드는 핵심 경쟁력인 ‘무기한 선물(Perpetual Futures)’을 바탕으로 전통...,https://www.mk.co.kr/article/12058449,review,0.00,review_mid_score_ambiguous,0.861115,1,review_model_strong_keep,keep,candidate_hybrid_model_keep_prob_ge_threshold_with_domain_anchor,4,가상자산,,
2026-05-22,미·일·유럽 중앙은행들도 금리 인상 카드 고민,연방공개시장위원회(FOMC) 의사록에 따르면 연준 내부의 기류는 이미 긴축 방향으로 강경하게 돌아선 것으로 확인됐다. 의사록에 따르면 다수의 위원들은 인플레이션이 2% 목표치를 계속해서 웃돌 경우 향후 기준금리...,https://www.m-i.kr/news/articleView.html?idxno=1375150,review,0.00,review_ambiguous_market_context,0.860966,1,review_model_strong_keep,drop,candidate_hybrid_drop_generic_market_or_ipo_noise,9,연준;기준금리,금리,
2026-06-01,'매파' 본색 드러낸 한은…반도체 쏠림 완화될까,1일 금융권에 따르면 한국은행 금융통화위원회는 5달 기준금리를 연 2.50%로 동결했다. 하지만 시장은 금리 동결 결정보다 이후 나온 '매파'적 메시지에 주목하고 있다. 이 자리에서 신현송 한은 총재는 '갈 길(금리인상)은...,https://www.g-enews.com/view.php?ud=20260529133912670153ddfb15a_1,review,0.00,review_conflicting_signals:rule_keep:drop_corporate_macro_noise,0.859502,1,review_model_strong_keep,keep,candidate_hybrid_keep_strong_domain_rule_anchor,14,한국은행;한은;기준금리,금리,
2026-05-19,은행과 거래소 동맹 시작됐다…원화 스테이블코인시대 초읽기,업계에서는 이를 두고 ▲원화 스테이블코인 ▲디지털자산 수탁 ▲토큰증권(STO) ▲블록체인 기반 결제사업 등 미래 금융 주도권 확보를 위한 포석으로 해석하고 있다. 특히 하나금융은 하나은행을 중심으로 디지털자산...,https://www.lcnews.co.kr/news/articleView.html?idxno=202299,review,0.00,review_no_conservative_rule_matched,0.859097,1,review_model_strong_keep,drop,candidate_hybrid_drop_generic_market_or_ipo_noise,8,토큰증권;sto,원화;금융,
2026-05-29,반도체 호황·고유가에 물가 ‘들썩’… 금리 대응 예고,"28일 서울 중구 한국은행 본관에서 열린 금융통화위원회 본회의에서 신현송 한은 총재가 의사봉을 두드리고 있다. 이날 금통위는 기준금리를 연 2.50%로 8연속 동결했지만, 향후 금리인상 전환을 공식화했다....",https://www.segye.com/newsView/20260528515544?OutUrl=naver,review,0.00,review_conflicting_signals:rule_keep:drop_corporate_macro_noise,0.855640,1,review_model_strong_keep,keep,candidate_hybrid_keep_strong_domain_rule_anchor,14,한국은행;한은;기준금리,금리,
2026-05-19,"두나무, 거래 둔화에 1분기 매출 2346억·영업익 880억",두나무가 운영하는 가상자산 거래소 업비트 [사진=두나무 제공] 올 1분기 실적 둔화는 디지털 자산 시장 거래 위축 영향으로 풀이된다. 국내 가상자산 시장은 인공지능(AI)과 반도체 중심의 코스피 강세와 가상자산 투자...,http://www.updownnews.co.kr/news/articleView.html?idxno=317235,review,0.00,review_no_conservative_rule_matched,0.853668,1,review_model_strong_keep,drop,candidate_hybrid_drop_generic_market_or_ipo_noise,6,가상자산,실적;코스피,
2026-05-30,"한국투자증권·오케이엑스벤처스, 코인원 지분 40% 확보... 디지털 혁신...","한국투자증권과 오케이엑스벤처스가 코인원 지분을 각각 20%씩 확보하면서, 국내 원화 가상자산 거래소를 둘러싼 전통 금융과 디지털 자산 업계의 협력 구도가 한층 뚜렷해졌다. 코인원은 29일 한국투자증권과...",https://www.tokenpost.kr/news/cryptocurrency/364439,review,0.00,review_mid_score_ambiguous,0.852249,1,review_model_strong_keep,keep,candidate_hybrid_model_keep_prob_ge_threshold_with_domain_anchor,5,가상자산,원화,
