date,title,summary,url,auto_label,auto_label_confidence,auto_label_reason,model_prob,model_pred,disagreement_type,decision,decision_reason,relevance_score,matched_hard,matched_soft,matched_negative
2026-05-15,"이대통령 ""연 60% 넘는 고리대는 원금도 무효""…불법 대부업 정조준","공개된 사진에는 지난해 11월부터 올해 4월까지 불법 사금융 특별 단속을 실시한 결과 총 1553명을 검거했다는 내용이 담겼다. 이 대통령은 ""법정 이자 초과 대출은 무효이고, 이자율이 명목과 관계없이 60% 이상이면...",http://weekly.chosun.com/news/articleView.html?idxno=51556,1,0.95,strong_keep_lending_consumer_protection,0.332950,0,pseudo_keep_model_drop,keep,candidate_hybrid_model_keep_prob_ge_threshold,7,대부업,대출;금융,
2026-05-16,[더밸류 브리핑] 오늘의 우리금융 소식…우리금융·우리은행,"[사진=우리금융그룹]이번 세미나는 최근 급증하는 청년층 대상 보이스피싱과 불법사금융 피해에 선제적으로 대응하고, 금융당국의 청년층 보호 강화 기조에 맞춰 그룹 차원의 대응 전략을 체계화하기 위해 마련됐다. 이날...",http://www.thevaluenews.co.kr/news/view.php?idx=198767,1,0.95,strong_keep_lending_consumer_protection,0.380364,0,pseudo_keep_model_drop,keep,candidate_hybrid_gray_keep_rule_score_ge_threshold,6,불법사금융,,
2026-05-20,개인·단체 실손 중복 가입했다면 보험료 납입 중지 가능,단체 실손보험 가입 시 기존에 가입한 개인 실손보험 보험료 납입을 중지할 수 있다. 단체 실손보험이 종료됐다면 1개월 안에 중단된 개인 실손보험 재개를 해야 한다. 금융감독원은 19일 실손의료보험 관련 유의사항을...,https://www.sedaily.com/article/20045786?ref=naver,1,0.95,strong_keep_insurance_risk,0.392870,0,pseudo_keep_model_drop,keep,candidate_hybrid_keep_strong_domain_rule_anchor,8,금융감독원,보험료;실손,
2026-05-21,"[위기의 손보사 ①] ""보험 팔면 손해""…자동차·실손 '손해율 쇼크'로 역...",5세대 실손보험은 보험료를 낮추는 대신 도수치료 등 과잉 진료 온상으로 꼽혀 온 비급여 항목을 사실상 보장 대상에서 제외했다. 비급여 과잉 진료를 구조적으로 차단해 만성 적자 고리를 끊겠다는 취지다. 그러나...,http://www.consumernews.co.kr/news/articleView.html?idxno=756052,1,0.95,strong_keep_insurance_risk,0.473185,0,pseudo_keep_model_drop,drop,candidate_hybrid_model_drop_prob_le_threshold,4,손보사,실손,
2026-05-13,삼성월렛 해외 NFC 결제 경쟁 확산…하나카드도 비자 브랜드 확대,국민·신한 이어 하나카드 가세…카드사 해외 간편결제 경쟁 본격화  모바일 간편결제 확산 흐름 속에... 기존 환전 수수료 및 해외 이용수수료 면제 혜택에 모바일 결제 편의성이 추가됐다는 게 회사 측 설명이다....,http://www.srtimes.kr/news/articleView.html?idxno=203001,1,0.95,strong_keep_card_credit,0.482258,0,pseudo_keep_model_drop,keep,rule_keep_score_ge_threshold,4,카드사,수수료,
2026-05-15,"우리금융, 청년층 금융 피해 대응 강화..소비자 보호를 핵심 경영 요소...","한국정경신문 이하정 기­자 sae256@hanmail.net [한국정경신문=이하정 기자] 우리금융이 청년층에 대한 보이스피싱, 불법사금융 등 급증하는 금융 피해에 선제적으로 대응하는 로드맵을 추진하고 있다.우리금융그룹(회장...",https://kpenews.com/View.aspx?No=4078271,1,0.95,strong_keep_lending_consumer_protection,0.504865,0,pseudo_keep_model_drop,keep,candidate_hybrid_model_keep_prob_ge_threshold,7,불법사금융,금융,
2026-05-20,단체 실손 끝나고 개인 실손 받으려면 1개월 내 재개 신청해야,"19일 금융감독원에 따르면 개인 실손보험과 회사 단체 실손보험에 동시에 가입한 경우 개인 실손보험 보험료 납입을 중지할 수 있다. 가입 후 1년이 지난 개인 실손보험이 대상이며, 중복되는 보장 항목만 중지하는...",http://www.newsfc.co.kr/news/articleView.html?idxno=78776,1,0.95,strong_keep_insurance_risk,0.506518,0,pseudo_keep_model_drop,keep,candidate_hybrid_keep_strong_domain_rule_anchor,8,금융감독원,보험료;실손,
2026-05-21,"신용회복위원회 인천·경기북부지역본부, 김포시 금융취약계층에 500만...","채무자구제제도, 신용관리 방법, 보이스피싱 대응 등 실생활에 필요한 금융 정보를 중점적으로 교육한다. 신복위는 경제적 어려움을 겪는 국민에게 채무조정 상담뿐만 아니라 금융·고용·복지 연계, 불법사금융 피해...",https://www.s-journal.co.kr/news/articleView.html?idxno=41355,1,0.95,strong_keep_lending_consumer_protection,0.508861,0,pseudo_keep_model_drop,keep,candidate_hybrid_keep_strong_domain_rule_anchor,13,불법사금융;보이스피싱,금융,
2026-05-20,"“단체실손 가입 땐 개인실손 납입중지 가능”…금감원, 실손 주요 민원...",우선 개인실손보험 가입 후 1년이 지난 소비자가 직장 단체실손보험에 중복 가입한 경우 기존 개인실손보험 보험료 납입을 중지할 수 있다고 설명했다. 단체실손보험과 중복되는 보장 항목에 한해 중지가 가능하다. 퇴직...,https://www.dailian.co.kr/news/view/1645979/?sc=Naver,1,0.95,strong_keep_insurance_risk,0.510889,0,pseudo_keep_model_drop,keep,candidate_hybrid_keep_strong_domain_rule_anchor,8,금감원,보험료;실손,
2026-05-15,李대통령 “법정이자 초과 대출은 무효…고리대·도박은 망국징조”,"이 대통령은 이 같은 내용의 글과 함께 ‘경찰청 국가수사본부가 지난해 11월부터 진행 중인 불법사금융 특별단속에서 6개월 만에 총 1284건, 1553명을 검거해 51명을 구속했다’는 내용의 보도자료 사진도 첨부했다....",https://www.joongang.co.kr/article/25428330,1,0.95,strong_keep_lending_consumer_protection,0.513293,0,pseudo_keep_model_drop,drop,candidate_hybrid_drop_negative_signal,4,불법사금융,대출;금융,가수
2026-05-16,5세대 실손 나왔지만…보험업계선 실효성 회의론,"보험 요율의 경우 1~4세대 실손보험 보험료 산정 방식 개선이 거론된다. 현재 보험료 인상폭이 연간 ±25%로 묶여있는 규제를 완화하고, 급등한 손해율 만큼 보험료를 현실화해 수입과 지출의 불균형을 완화해야 한다는...",https://dealsite.co.kr/articles/161829,1,0.95,strong_keep_insurance_risk,0.515670,0,pseudo_keep_model_drop,keep,candidate_hybrid_model_keep_prob_ge_threshold,2,,보험료;실손,
2026-05-21,보험금은 덜 내줬는데 보험료는 두 배?…실손 산정체계 혼란,20일 보험업계와 보험협회 공시에 따르면 주요 보험사의 실손보험 손해율과 보험료 인상률 흐름은 회사별로 큰 차이를 보였다. 비교 수치는 보험협회 공시 기준 4세대 실손보험 전체 합계(3대 비급여 포함) 기준이다....,https://www.viva100.com/article/20260520500802,1,0.95,strong_keep_insurance_risk,0.520895,0,pseudo_keep_model_drop,drop,candidate_hybrid_gray_drop_score_lt_threshold,5,보험업계,보험료;실손,
2026-05-15,李대통령 “고리대ㆍ도박은 망국징조…금융이 공적책임 다해야”,"이 대통령은 이날 오후 자신의 엑스(Xㆍ옛 트위터)에 ‘불법사금융 특별단속 결과’ 관련 사진을 공유하며 이 같이 적었다. 이 대통령은 “법정이자 초과대출은 무효, 이자율(명목불문) 60% 이상이면 원금도 무효”라며...",https://www.dnews.co.kr/uhtml/view.jsp?idxno=202605141639107400806,1,0.95,strong_keep_lending_consumer_protection,0.520926,0,pseudo_keep_model_drop,keep,candidate_hybrid_keep_strong_rule_anchor,8,불법사금융,대출;금융,
2026-05-20,"""직장인들 모르고 두 번 냈다""...실손 단체 가입시 개인보험 중지 가능",단체실손보험 가입 이후에 개인 실손보험 보험료 납입을 중지할 수 있다. 금융감독원은 19일 실손의료보험 관련 유의사항을 통해 이같이 안내했다. 개인실손보험과 단체실손보험에 중복으로 가입된 경우 개인실손보험의...,http://www.fnnews.com/news/202605191418131114,1,0.95,strong_keep_insurance_risk,0.525839,0,pseudo_keep_model_drop,keep,candidate_hybrid_keep_strong_domain_rule_anchor,8,금융감독원,보험료;실손,
2026-05-19,"[더벨][보험경영분석] DB손보, 급증한 보험금 예실차 부담","보험계약마진(CSM) 잔액과 지급여력(K-ICS·킥스) 비율은 개선세를 보였다. ◇장기보험 손익 2652억원, 전년 대비 33%↓ DB손해보험의 올해 1분기 보험금 예실차는 마이너스(-) 1062억원으로 전년 동기 50억원에서 적자로...",https://www.thebell.co.kr/free/content/ArticleView.asp?key=202605151010270480106056,1,0.95,strong_keep_insurance_risk,0.531069,0,pseudo_keep_model_drop,keep,candidate_hybrid_keep_strong_domain_rule_anchor,8,손해보험;킥스,,
2026-05-13,한화생명 1분기 순익 3244억원…전년비 43.5%↑,"킥스 비율은 보험사가 보험금 지급 의무를 감당할 수 있는지를 보여주는 자본건전성 지표다. 윤종국 한화생명 재무실장은 ""보장성 중심의 성장과 수익성 개선 노력에 힘입어 견조한 사업 기반을 이어가고 있다""며...",http://www.4th.kr/news/articleView.html?idxno=2111631,1,0.95,strong_keep_insurance_risk,0.531803,0,pseudo_keep_model_drop,keep,rule_keep_score_ge_threshold,5,보험사,건전성,
2026-05-19,"[더벨]5세대 실손, 손익 안정화 기대…전환율 11월 분수령",(출처: 금융위원회) 실손보험은 보험료 규모가 크더라도 손해율 변동에 따라 보험손익이 크게 흔들릴 수 있는 상품이다. 5세대 실손은 보험료 수입 감소가 불가피하지만 보험금 지급 규모도 함께 줄어드는 구조다. 많이...,https://www.thebell.co.kr/free/content/ArticleView.asp?key=202605142108338720105544,1,0.95,strong_keep_insurance_risk,0.533881,0,pseudo_keep_model_drop,keep,candidate_hybrid_keep_strong_domain_rule_anchor,14,금융위원회;금융위,보험료;실손,
2026-05-15,베일 벗은 5세대 실손…유인책 부재에 '공회전' 우려도,전환 가입자의 경우 기존 실손보험 대비 자기부담금이 높아지는 만큼 보험료 할인을 통해 부담을 낮추겠다는 취지다. 5세대 실손보험료는 4세대 대비 30% 수준 낮췄으며 1·2세대와 비교하면 절반 수준에 그친다. 중증 질환...,https://news.tf.co.kr/read/economy/2322573.htm,1,0.95,strong_keep_insurance_risk,0.534385,0,pseudo_keep_model_drop,keep,candidate_hybrid_model_keep_prob_ge_threshold,2,,보험료;실손,
2026-05-15,"삼성화재 ""5부제 시행 등 올해 하반기 자동차보험 손해율 개선 기대""","4세대 실손 대비 보험료와 보험금이 30% 수준 감소한다""며 ""이로 인해 손해액 규모가 큰 항목들의 손해액 증가율이 안정화될 것으로 보인다""고 전망했다. 이어 ""다만, 실손 손해율이 100%를 초과하고 있는 상황인 만큼 5세대...",http://www.fntimes.com/html/view.php?ud=2026051413595626359efc5ce4ae_18,1,0.95,strong_keep_insurance_risk,0.535783,0,pseudo_keep_model_drop,keep,candidate_hybrid_model_keep_prob_ge_threshold,2,,보험료;실손,
2026-05-16,"삼성생명, 역대급 증시 강세에 1분기 순익 급증...신계약 CSM 확대로 이익...","보험사 건전성 지표인 지급여력(킥스)비유도 전년 말 대비 12%p 상승한 210%를 기록하며 금융당국 권고치를 큰 폭으로 상회했다. 삼성생명 관계자는 ""고령화 추세와 함께 건강에 대한 관심 증가에 발맞춰 건강상품...",https://www.greened.kr/news/articleView.html?idxno=340768,1,0.95,strong_keep_insurance_risk,0.535949,0,pseudo_keep_model_drop,keep,candidate_hybrid_gray_keep_rule_score_ge_threshold,5,보험사,건전성,
2026-05-20,중복가입·해외보험 ‘헛돈’ 주의… 모르면 새는 실손 보험료,중지해 보험료 이중 부담을 줄여야 한다. 또 4세대 실손보험으로 갈아탄 뒤 후회가 된다면 무사고 기준 6개월 이내에 언제든 기존 계약으로 되돌릴 수 있다. 금융감독원은 19일 이처럼 실손의료보험 가입·전환·종료...,https://www.etoday.co.kr/news/view/2585837,1,0.95,strong_keep_insurance_risk,0.537659,0,pseudo_keep_model_drop,keep,candidate_hybrid_keep_strong_domain_rule_anchor,8,금융감독원,보험료;실손,
2026-05-20,“단체보험 때문에 실손 해지했는데”…퇴직한 김부장 실손보험 가입 못...,"위 사례처럼 단체실손보험에 가입하면 기존 개인실손보험의 보험료 납입을 잠시 중단할 수 있다. 다만, 개인실손보험을 재개하려면 단체실손보험이 종료된 후 1개월 이내 해야 한다. 19일 금융감독원은 이 같은 내용이...",https://www.mk.co.kr/article/12051991,1,0.95,strong_keep_insurance_risk,0.538136,0,pseudo_keep_model_drop,keep,candidate_hybrid_keep_strong_domain_rule_anchor,8,금융감독원,보험료;실손,
2026-05-19,"울산경찰청, '내구제대출' 사기 82명 검거…단속 성과 포상금","울산경찰청은 올해 1월부터 이른바 '내구제대출' 사기 범죄에 대한 집중단속을 벌여 대출 브로커와... 양희성 광역범죄수사대장은 ""'신용 관계없이 즉시 현금 지급', '렌탈 즉시 현금 지급'과 같은 광고는 불법사금융일...",https://www.nocutnews.co.kr/news/6518780?utm_source=naver&utm_medium=article&utm_campaign=20260518014523,1,0.95,strong_keep_lending_consumer_protection,0.538937,0,pseudo_keep_model_drop,keep,candidate_hybrid_keep_strong_domain_rule_anchor,9,불법사금융,대출,
2026-05-20,"푸본현대생명, 1분기 순이익 38억…3년 적자 끊고 흑자 전환",보장성보험 수입보험료 85% 급증·CSM 2045억 달성 킥스 157%→252%…최대주주 7000억 유상증자 효과 [헤럴드경제=박성준 기자] 푸본현대생명이 올해 1분기 흑자 전환에 성공했다. 푸본현대생명은 올해 1분기...,https://biz.heraldcorp.com/article/10741200?ref=naver,1,0.95,strong_keep_insurance_risk,0.540363,0,pseudo_keep_model_drop,keep,candidate_hybrid_gray_keep_domain_score_ge_threshold,6,킥스,순이익,
2026-05-19,"우리금융, 취약계층 포용금융 강화…금융안전망 확대",신용대출 금리 상한제를 통해 4만명에게 10억원의 이자를 감면했으며 지난 3월에는 322억원 규모의 소액 부실채권 이자를 면제했다. 청년층을 위한 생활비대출도 132억원 지원했다. 우리금융저축은행 등 계열사 전체의...,http://www.newscape.co.kr/news/articleView.html?idxno=122247,1,0.95,strong_keep_savings_bank_risk,0.543767,0,pseudo_keep_model_drop,keep,candidate_hybrid_keep_strong_domain_rule_anchor,9,저축은행;부실채권,금리,
2026-05-20,"'실손 중복가입' 주의보…금감원 ""단체보험 가입 시 개인보험 중지 가능...",금융감독원이 단체실손의료보험 가입 이후 개인 실손보험 보험료 납입을 중지할 수 있다는 사실을 모르고 보험료를 중복 납부하는 사례가 잇따르자 관련 유의사항 안내하고 나섰다. 19일 금감원은 이 같은 내용의 실손보험...,https://view.asiae.co.kr/article/2026051915111368313,1,0.95,strong_keep_insurance_risk,0.545343,0,pseudo_keep_model_drop,keep,candidate_hybrid_keep_strong_domain_rule_anchor,14,금융감독원;금감원,보험료;실손,
2026-05-15,"경찰, 불법사채 조직 1553명 검거…피해자 52%가 20, 30대",경찰이 지난해 11월부터 올해 4월까지 6개월 동안 불법 사채를 특별 단속해 1500명 이상을 검거했다. 경찰청... 경찰청은 “연이율 60%가 넘는 불법 사채는 원금조차 갚을 의무가 없으니 ‘불법사금융 원스톱 종합...,https://www.donga.com/news/Society/article/all/20260514/133923567/1,1,0.95,strong_keep_lending_consumer_protection,0.549402,0,pseudo_keep_model_drop,keep,candidate_hybrid_keep_strong_rule_anchor,9,불법사금융,금융,
2026-05-21,연체율 급등·수익 악화에…지방 금융지주-저축銀 합종연횡 가속,매입 목적은 단순 투자이지만 금융권에서는 전략적 행보로 보는 시각이 적지 않다. OK금융은 저축은행과... 실제 저축은행 업권의 올 1분기 연체율은 6%에 달했고 같은 기간 부산·경남·광주·전북·제주은행 등 5개...,https://www.ajunews.com/view/20260520143518752,1,0.95,strong_keep_savings_bank_risk,0.549903,0,pseudo_keep_model_drop,keep,candidate_hybrid_keep_strong_domain_rule_anchor,8,저축은행;연체율,,
2026-05-20,"하나금융, K-조선·AI 키울 ‘8조 모험자본’ 시동 [생산적 금융, 성장의...",가계대출 중심의 수익 구조를 기업·투자금융으로 전환하려는 이번 움직임이 실질적인 산업 생태계 변화로... 하나금융은 은행·증권·카드·캐피탈·벤처스 등 6개 관계사가 공동 출자하는 ‘하나 모두 성장 K...,https://www.etoday.co.kr/news/view/2585928,1,0.95,strong_keep_bank_consumer_credit,0.549948,0,pseudo_keep_model_drop,keep,candidate_hybrid_keep_strong_domain_rule_anchor,11,은행;캐피탈;생산적 금융,금융,
2026-05-20,"[더벨][보험경영분석] 롯데손보, 투자손익 손실로…보험손익 회복","CSM 확대에 더해 장기보험 간접비용과 자동차보험, 일반보험 사업비를 줄이면서 보험 영업의 비용 부담도 낮췄다. 자본건전성 지표도 직전 분기보다 개선됐다. 올해 3월 말 잠정 지급여력(킥스·K-ICS) 비율은 164.4%로...",https://www.thebell.co.kr/free/content/ArticleView.asp?key=202605171544057360105385,1,0.95,strong_keep_insurance_risk,0.550451,0,pseudo_keep_model_drop,drop,candidate_hybrid_gray_drop_score_lt_threshold,5,킥스,,
2026-05-21,신종 사채에 숨진 30대 여성…상품권·신용카드 현금화 대출 법망 뚫고...,"""상품권으로 돈 갚아라"" ""카드로 구매한 물건 주면 수수료 떼고 현금 주겠다"" 물건·상품권 거래로 보이는 대출 법망 피해...李대통령 ""악덕 사채 단속"" 정부가 살인적인 이자율의 불법사금융 문제에 칼을 빼들었지만...",https://www.sisajournal.com/news/articleView.html?idxno=373645,1,0.95,strong_keep_lending_consumer_protection,0.551854,0,pseudo_keep_model_drop,keep,candidate_hybrid_keep_strong_domain_rule_anchor,10,불법사금융,대출;수수료,
2026-05-19,"""AI 해킹·빚투·핀플루언서""…금감원, 소비자 리스크 전방위 경고","금감원은 일부 GA의 불법 사금융 가담, 세무·노무 컨설팅을 빙자한 보험 가입 유도 등 모집질서 문란행위를 차단하기 위해 GA의 컨설팅업 겸영 금지와 제재 회피 행위 단속 등 규제 정비를 추진한다. 보험 분쟁민원...",https://www.newsworks.co.kr/news/articleView.html?idxno=841149,1,0.95,strong_keep_regulatory_action,0.553940,0,pseudo_keep_model_drop,keep,candidate_hybrid_keep_strong_domain_rule_anchor,9,금감원;제재,,
2026-05-15,"메리츠금융, 1분기 순익 10% 증가…증권·캐피탈 견인","보험계약에서 아직 실현하지 않은 이익인 보험계약마진(CSM) 지표가 순증하며, 미래 수익성 전망을... 메리츠화재의 1분기 지급여력(K-ICS, 킥스)비율 잠정치는 240.7%로, 전기 대비 0.6%p(포인트) 하락했다....",https://news.dealsitetv.com/articles/170381,1,0.95,strong_keep_insurance_risk,0.554117,0,pseudo_keep_model_drop,keep,candidate_hybrid_gray_keep_rule_score_ge_threshold,4,캐피탈,금융,
2026-05-16,"[금융권 이모저모]신한라이프, 보험금지급능력 19년 연속 'AAA' 획득 外","지난 14일 경기도 평택시 고덕동 건설 현장에서 우리은행과 서민금융진흥원 임직원들이 불법사금융 피해... AI 음성 인식 기능을 활용해 보이스피싱 예방법을 알려주는 프로그램으로, 오는 7월부터는 현직 경찰관이...",https://www.businessplus.kr/news/articleView.html?idxno=111831,1,0.95,strong_keep_lending_consumer_protection,0.557344,0,pseudo_keep_model_drop,keep,candidate_hybrid_gray_keep_rule_score_ge_threshold,6,불법사금융,,
2026-05-15,"“시중은행 넘었다”...삼성생명, 1분기 순이익 1.2조",실손·생존·사망 담보를 합한 손해율은 85% 수준(간접보험금 제외 기준)이다. 신지급여력제도(K-ICS·킥스) 비율은 210%로 지난해말 대비 12%p 상승했다. 기본자본 킥스 비율(170%)은 14%p 개선됐다. 삼성생명은...,https://www.ekn.kr/web/view.php?key=20260514029184779,1,0.95,strong_keep_insurance_risk,0.558224,0,pseudo_keep_model_drop,keep,candidate_hybrid_gray_keep_rule_score_ge_threshold,5,은행,실손;순이익,
2026-05-15,"삼성화재 ""삼전 매각이익 배당 포함…車보험 손해율 하반기 개선 가능""","자동차보험 손해율이 악화하는 가운데 삼성화재는 하반기 개선 가능성에 무게를 뒀다. 권영집 삼성화재... 한편, 삼성화재는 건전성 지표인 지급여력비율(K-ICS·킥스)이 올해 3월 말 기준 270.1%로 전년 말 대비 7.2%포인트(p)...",https://news.einfomax.co.kr/news/articleView.html?idxno=4414807,1,0.95,strong_keep_insurance_risk,0.560943,0,pseudo_keep_model_drop,keep,candidate_hybrid_model_keep_prob_ge_threshold,2,,건전성,
2026-05-13,李대통령 “카드사태 때 세금으로 금융기관 도와…혜택 누리고 부담은 ...,불법사금융과 불법 추심 등에 대한 수사기관의 철저한 단속도 주문했다. 이 대통령은 경찰을 향해 “이게 뭔 잔인한 짓이냐”며 “언론의 눈에는 띄는데 왜 수사기관의 눈에는 잘 띄지 않느냐는 의문을 국민들이 갖지...,https://www.etnews.com/20260512000379,1,0.95,strong_keep_lending_consumer_protection,0.561462,0,pseudo_keep_model_drop,keep,rule_keep_score_ge_threshold,10,카드사;불법사금융,금융,
2026-05-15,"앞에선 '상생금융' 뒤론 '악덕금융'. 신한.우리 등 시중은행, 20여년간 ...","특히, 신한, 우리, KB국민, 하나은행 등 4대 시중은행들은 대출이자로 막대한 이익을 챙기면서도 이들 채무자들에게까지 혹독한 연체 추심을 20년 이상 계속해 왔으며, 채무자들은 이같은 채권추심 구조하에 상환 불가능한...",https://www.autodaily.co.kr/news/articleView.html?idxno=544065,1,0.95,strong_keep_lending_consumer_protection,0.561666,0,pseudo_keep_model_drop,keep,candidate_hybrid_keep_strong_rule_anchor,14,은행;채권추심,대출;연체;채권;금융,
2026-05-19,울산경찰청 '내구제대출' 사기 대출 브로커와 장물업자 등 82명 검거,"울산경찰청은 최근 '내구제대출' 사기에 대한 집중 단속을 벌여 무더기로 82명을 검거했다. 18일 울산경찰청에 따르면 내구제대출은 '나를 스스로 구제하는 대출'이라는 뜻의 신조어로, 금융기관이 아닌 불법사금융을...",http://www.fnnews.com/news/202605181353397313,1,0.95,strong_keep_lending_consumer_protection,0.563169,0,pseudo_keep_model_drop,keep,candidate_hybrid_keep_strong_domain_rule_anchor,9,불법사금융,대출,
2026-05-19,"4대 생보사, 투자로 웃었지만 본업은 '빨간불'…예실차 악화 '공통 복병...",실제로 삼성생명의 실손 담보 손해율은 1분기 113%를 기록해 전분기 110%보다 3%포인트(p) 더 악화됐다. 손해율이 100%를 넘는다는 것은 받은 보험료보다 내준 보험금이 더 많다는 의미다. 재무건전성 지표인 K-ICS...,https://www.news2day.co.kr/article/20260518500216,1,0.95,strong_keep_insurance_risk,0.564454,0,pseudo_keep_model_drop,keep,candidate_hybrid_keep_strong_domain_rule_anchor,9,생보사;킥스,실손,
2026-05-15,"""35만원 빌려주고 50만원 갚으라니""… 불법사금융 덫걸린 청년들","14일 경찰청 국가수사본부는 지난해 11월부터 올해 4월까지 6개월간 불법 사금융 특별단속을 벌여 1553명(1284건)을 검거하고 51명을 구속했다고 밝혔다. 이는 전년 같은 기간과 비교해 검거 건수는 350건(37.5%), 검거...",https://www.mk.co.kr/article/12047910,1,0.95,strong_keep_lending_consumer_protection,0.565177,0,pseudo_keep_model_drop,drop,candidate_hybrid_drop_negative_signal,3,불법사금융,금융,가수
2026-05-21,카드 소비 '3월 기저' 넘어설까···불황형 대출은 2023년 수준 복귀,"2023년 3월 최고치(일시불 14조5000억원·할부 3조9000억원)에는 아직 차이가 있지만, 추세적... 실수요자들이 대부업이나 불법사금융으로 밀려날 수 있다""고 말했다. 건전성 지표 가운데...",https://www.newsfreezone.co.kr/news/articleView.html?idxno=690720,1,0.95,strong_keep_lending_consumer_protection,0.565335,0,pseudo_keep_model_drop,keep,candidate_hybrid_keep_strong_domain_rule_anchor,10,불법사금융,건전성,
2026-05-20,"[현경해부 ③우리금융] 우리금융 '80조 플랜'의 두 얼굴···미담인가, ...",하지만 생산적 금융이라는 미명 하에 속행될 경우 연체·부도·평가손실 등 리스크들이 은행 자본비율을 깎아 먹는 부담으로 되돌아올 수 밖에 없다. 이는 곧 자본비율을 잠실할 수 있는 여지가 넓어지는 셈이다. 임종룡...,http://www.finomy.com/news/articleView.html?idxno=254584,1,0.95,strong_keep_bank_consumer_credit,0.565623,0,pseudo_keep_model_drop,keep,candidate_hybrid_keep_strong_domain_rule_anchor,9,은행;생산적 금융,연체,
2026-05-15,"금감원, '요양시설 종신보험' 검사…한화생명 ""제휴법인 문제, 지난달 해...","공정위는 최근 한화오션의 함정 장비·부품 공급 과정에서 불공정 거래 혐의가 있었는지 확인하기 위해 현장조사에 나섰다. 조사 핵심은 경쟁사에 대한 가격, 납기, 기술정보 제공 과정에서 차별이 있었는지 여부다....",https://www.greened.kr/news/articleView.html?idxno=340667,1,0.95,strong_keep_regulatory_action,0.569437,0,pseudo_keep_model_drop,keep,candidate_hybrid_gray_keep_rule_score_ge_threshold,6,금감원,,
2026-05-20,"""4·5세대 실손 전환 후회된다면""... 금감원, 6개월 내 원복 제도 안내","19일 금융감독원에 따르면 개인실손보험 가입자가 직장에서 단체실손보험에 중복으로 가입된 경우, 개인실손보험의 보험료 납입을 잠정 중지할 수 있다. 가입 후 1년이 경과한 개인실손보험이 대상이며, 중복되는 보장...",https://www.pointe.co.kr/news/articleView.html?idxno=79634,1,0.95,strong_keep_insurance_risk,0.571167,0,pseudo_keep_model_drop,keep,candidate_hybrid_keep_strong_domain_rule_anchor,14,금융감독원;금감원,보험료;실손,
2026-05-17,"‘경제 사정 당국’ 국세청·공정위·금감원, 민생 침해 행위 ‘정조준...","특사경 수사 범위는 대부업법 위반 사항이 될 걸로 보인다. 법정 최고금리(연 20%)를 넘어서는 이자를 받는 행위, 미등록 불법 대부업 영업 등을 단속하는 데 초점이 맞춰질 예정이다. 이밖에 불법 추심도 수사 범위에...",https://biz.heraldcorp.com/article/10739335?ref=naver,1,0.95,strong_keep_lending_consumer_protection,0.573870,0,pseudo_keep_model_drop,keep,candidate_hybrid_keep_strong_rule_anchor,17,금감원;대부업;대부업법,,
2026-05-15,"이 대통령, 불법 사금융 재차 비판","이 대통령은 이날 오후 소셜미디어(X·옛 트위터)에 불법사금융 특별단속기간 6개월(지난해 11월~올해 4월) 동안 경찰이 총 1천553명을 검거해 이 중 51명이 구속됐다는 내용의 보고 문건을 첨부하며 ""법정 이자 초과대출은...",https://www.inews365.com/news/article.html?no=919421,1,0.95,strong_keep_lending_consumer_protection,0.574697,0,pseudo_keep_model_drop,keep,candidate_hybrid_keep_strong_rule_anchor,8,불법사금융,대출;금융,
2026-05-15,“상품권으로 상환” 신종 불법사채 일당 등 1553명 검거,경찰이 지난해 11월부터 올해 4월까지 6개월 동안 불법 사채를 특별 단속해 1500명 이상을 검거했다. 경찰청... 경찰청은 “연이율 60%가 넘는 불법 사채는 원금조차 갚을 의무가 없으니 ‘불법사금융 원스톱 종합...,https://www.donga.com/news/Society/article/all/20260515/133927179/2,1,0.95,strong_keep_lending_consumer_protection,0.576127,0,pseudo_keep_model_drop,keep,candidate_hybrid_keep_strong_rule_anchor,9,불법사금융,금융,
2026-05-16,"금감원장 ""금융사, 이자장사 매몰되지 말고 생산적 분야에 자금 지원해...","그러면서 ""동시에 범정부 차원 보이스피싱 근절 종합대책 추진, 불법사금융 원스톱 종합·전담 지원 서비스... 금융소비자 피해를 사전 예방하겠다""고 했다. 마지막으로 이 원장은 ""금감원의 모든 임직원들은 생산적이고...",http://www.efnews.co.kr/news/articleView.html?idxno=129788,1,0.95,strong_keep_lending_consumer_protection,0.576144,0,pseudo_keep_model_drop,keep,candidate_hybrid_gray_keep_rule_score_ge_threshold,6,불법사금융,,
2026-05-16,"현대해상, 1분기 순익 2233억…듀레이션 관리로 킥스 '200%' 돌파","우량 상품군 포트폴리오 CSM(보험계약서비스마진)도 증가세를 보였고, 보험사의 자산건전성 지표인 지급여력(K-ICS·킥스)비율은 200%를 돌파했다. 15일 금융감독원 전자공시에 따르면 현대해상의 올해 1분기 별도기준...",http://www.popcornnews.net/news/articleView.html?idxno=121462,1,0.95,strong_keep_insurance_risk,0.576753,0,pseudo_keep_model_drop,keep,candidate_hybrid_gray_keep_rule_score_ge_threshold,6,금융감독원,,
2026-05-16,"이찬진 금감원장 ""손쉬운 이자장사 벗어나야""…생산적 금융·소비자 보...","범정부 차원의 보이스피싱 근절 종합대책과 불법사금융 원스톱 지원 서비스를 통해 서민과 취약계층의 피해를 줄이겠다는 방침이다. 특히 이 원장은 금융소비자 보호를 ""금융감독원의 최우선 가치""로 규정했다. 그는...",http://www.metroseoul.co.kr/article/20260515500074,1,0.95,strong_keep_lending_consumer_protection,0.577257,0,pseudo_keep_model_drop,keep,candidate_hybrid_keep_strong_rule_anchor,13,금융감독원;불법사금융,금융,
2026-05-13,"[포용금융 함정] 정부, 은행에 중금리대출 압박… ""저축은행 우량고객 ...",은행이 중금리대출을 늘릴 경우 저축은행은 주력시장을 뺏기고 연체율 상승 등 수익성 부진에 빠질 수 있다는 목소리다. 상환 능력이 있는 상대적 고신용자가 저축은행에서 은행으로 이동할 경우 저축은행 건전성이...,https://www.g-enews.com/view.php?ud=202605111606064769a6e8311f64_1,1,0.95,strong_keep_savings_bank_risk,0.579228,0,pseudo_keep_model_drop,keep,rule_keep_score_ge_threshold,16,은행;저축은행,금리;대출;연체;연체율;건전성;금융,
2026-05-14,"[N2 모닝 경제 브리핑-5월 14일] 美 증시, 반도체 랠리에 나스닥·S&P500 ...",", Lt와 약 80억원 규모 반도체 검사 장비 공급 계약 체결 - 대한항공(003490)·아시아나(020560) : 흡수합병... (14시) - 금감원, 보험권 장애인 고용 활성화를 위한 간담회 개최(14시) ■ 눈에 띄는 경제 외신 - 13일...",https://www.news2day.co.kr/article/20260513500125,1,0.95,strong_keep_regulatory_action,0.580752,0,pseudo_keep_model_drop,keep,rule_keep_score_ge_threshold,6,금감원,,
2026-05-14,[금융家] 보험 ㅣ 건전성 회복 vs 제도 혼선…손해율 상승·소비자 정책...,"평가 결과에 따라 보험사 지급여력(킥스·K-ICS)상 인센티브나 페널티를 부과하는 방안도 마련된다. GA에서 다수의 소비자 피해나 금융질서 문란 등 중대한 불법·불건전 영업행위, 금융사고가 발생할 경우 해당 GA와...",https://www.cbci.co.kr/news/articleView.html?idxno=574217,1,0.95,strong_keep_insurance_risk,0.581912,0,pseudo_keep_model_drop,keep,rule_keep_score_ge_threshold,6,보험사,건전성;금융,
2026-05-13,"[사설] 이자 2655%짜리 불법사금융, 서민은 피가 마른다",그러나 정부 단속을 피하려는 풍선 효과가 문제다. 영악한 불법 대부업자들은 불법 사금융 무대를 텔레그램과 상품권 거래 카페로 옮겼다. 사업 실패로 은행 대출이 막힌 서민은 50만원을 빌려 썼다가 80만원짜리...,https://m.skyedaily.com/news_view.html?ID=303931,1,0.95,strong_keep_lending_consumer_protection,0.582419,0,pseudo_keep_model_drop,keep,rule_keep_score_ge_threshold,16,은행;대부업;불법사금융,대출;금융,
2026-05-16,"이찬진 금감원장 ""금융사 손쉬운 이자 장사 벗어나 생산적 금융 나서야...","이 원장은 ""동시에 범정부 차원의 '보이스피싱 근절 종합대책'과 '불법사금융 원스톱 종합·전담 지원 서비스... 유도해 피해를 사전적으로 예방하겠다""고 했다. 김우찬 자문위원장도 급속한 금융환경 변화와 새로운...",https://www.news1.kr/finance/general-finance/6167696,1,0.95,strong_keep_lending_consumer_protection,0.583138,0,pseudo_keep_model_drop,keep,candidate_hybrid_gray_keep_rule_score_ge_threshold,7,불법사금융,금융,
2026-05-16,"글로벌 신평사들 ""은행 '포용금융' 수익·건전성 악화 우려""","취약 차주의 이자 부담을 낮추면 당장의 이자수익은 줄어들 수 있지만, 차주의 상환 여력이 개선되면서 연체 전이를 막고 부실채권 증가를 억제하는 효과가 있을 수 있다는 설명이다. 은행들은 이미 취약 차주 부실...",https://news.einfomax.co.kr/news/articleView.html?idxno=4414982,1,0.95,strong_keep_bank_consumer_credit,0.584152,0,pseudo_keep_model_drop,keep,candidate_hybrid_keep_strong_rule_anchor,13,은행;부실채권,연체;부실;건전성,
2026-05-14,"불법사금융 범죄 1년 새 63% 증가…단속 강화에도 ""근본 대책 필요""",지난해 7월 대부업법이 개정되면서 폭행·협박에 의한 부당 계약이나 법상 최고금리인 20%의 3배인 60% 이상 계약 등 반사회적 행위로 인한 대부계약은 불법으로 효력이 제한된다. 다만 경찰 수사와 단속만으로는...,https://www.newspim.com/news/view/20260513001062,1,0.95,strong_keep_lending_consumer_protection,0.584709,0,pseudo_keep_model_drop,keep,rule_keep_score_ge_threshold,19,대부업;대부업법;불법사금융,금리;금융,
2026-05-15,[금융 AI 전쟁⑤] AI가 읽는 소비패턴…카드사의 진화,리볼빙과 카드론 심사 과정에서 소비 흐름과 상환 패턴을 분석해 연체 가능성을 예측하거나 고객별 한도·금리 산정 정교화를 추진하는 방식이다. 실제 신한카드·KB국민카드·NH농협카드 등은 개인신용평가회사인...,https://www.ngetnews.com/news/articleView.html?idxno=550280,1,0.95,strong_keep_card_credit,0.585797,0,pseudo_keep_model_drop,keep,candidate_hybrid_keep_strong_rule_anchor,9,카드사,금리;연체;카드론;금융,
2026-05-20,단체보험 때문에 실손 해지했다면 한 달 이내 신청하세요,단체실손보험에 가입하면 기존 개인실손보험의 보험료 납입을 중지할 수 있다. 개인실손보험을 재개하려면 단체실손보험이 종료된 뒤 1개월 내에 신청해야 한다. 금융감독원은 19일 이같은 내용의 실손보험 관련 민원...,https://www.nocutnews.co.kr/news/6519547?utm_source=naver&utm_medium=article&utm_campaign=20260519025435,1,0.95,strong_keep_insurance_risk,0.587504,0,pseudo_keep_model_drop,keep,candidate_hybrid_keep_strong_domain_rule_anchor,8,금융감독원,보험료;실손,
2026-05-16,"[특징주] 한국금융지주, 1분기 순이익 9천억 '깜짝'…계열사 전반 호실...","핵심 자회사인 한국투자증권은 거래대금 증가에 따른 브로커리지 수수료 수익 확대와 부동산 PF 신규 딜... 한국금융지주는 한국투자증권, 한국투자신탁운용, 한국투자밸류자산운용, 한국투자저축은행...",https://www.tokenpost.kr/news/economy/359946,1,0.95,strong_keep_savings_bank_risk,0.587788,0,pseudo_keep_model_drop,keep,candidate_hybrid_keep_strong_rule_anchor,10,저축은행;pf,수수료;순이익,
2026-05-16,'약탈적 금융'은 국가가 뺏어 직접 돌려준다,"당시 대부업법상 법정 최고금리가 연 20%로 제한됐음에도 불구하고, 소위 밤의 은행가로 불리는 불법 업자들은 연 수백, 수천 %의 살인적인 금리를 적용했다. 피해자들은 주로 신용도가 낮은 서민과 사회취약계층이었다....",https://www.ilemonde.com/news/articleView.html?idxno=30028,1,0.95,strong_keep_lending_consumer_protection,0.587827,0,pseudo_keep_model_drop,keep,candidate_hybrid_gray_keep_rule_score_ge_threshold,7,대부업법,금융,
2026-05-15,"李대통령 ""연 60% 넘는 초고금리 대출 원금도 무효""","이 대통령은 불법사금융 특별단속 결과와 관련한 금융당국 보고 자료로 보이는 내용 일부도 함께 공개했다. 첨부된 자료에 따르면 경찰청은 지난해 11월 3일부터 올해 4월 30일까지 6개월간 미등록 대부업, 고리사채...",https://www.ziksir.com/news/articleView.html?idxno=133899,1,0.95,strong_keep_lending_consumer_protection,0.587913,0,pseudo_keep_model_drop,keep,candidate_hybrid_keep_strong_rule_anchor,16,대부업;불법사금융,금리;대출;금융,
2026-05-19,"'사이버 도박, 자진신고 기간' 운영",이번 자진신고 기간은 단속과 처벌 중심의 사후 대응만으로는 청소년 도박의 확산과 2차 범죄를 막기 어렵다고 보고 ▲ 조기 발견 ▲ 치유 ▲ 불법사금융 피해...,http://www.breaknews.com/1207775,1,0.95,strong_keep_lending_consumer_protection,0.591716,0,pseudo_keep_model_drop,keep,candidate_hybrid_keep_strong_domain_rule_anchor,8,불법사금융,,
2026-05-21,"카드사 레버리지 배율, 8배의 벽을 넘어야 생산적 금융이 열린다 [서지...","이는 가맹점 수수료 인하, 소비자 혜택 확대, 중소기업·혁신기업 대출 등 생산적 금융에 재투자될 수 있는 재원으로 이어질 수 있다. 또 카드사의 생산적 금융 투자를 적극 유도할 수 있도록 생산적 금융실적에 따른 KPI...",https://www.dailian.co.kr/news/view/1646341/?sc=Naver,1,0.95,strong_keep_card_credit,0.592251,0,pseudo_keep_model_drop,keep,candidate_hybrid_keep_strong_domain_rule_anchor,11,카드사;생산적 금융,대출;수수료;가맹점;금융,
2026-05-20,카드사의 신기술 금융 투자 촉진을 위한 방안 [서지용의 금융 톡톡],"카드사는 가맹점 수수료와 카드론·현금서비스 등 전통 수익 기반이 흔들리는 가운데, 수수료 규제와 조달 비용 증가, 연체율 오름세까지 겹치며 실적 방어에 급급한 상황이다. 이런 환경에서 신기술 금융 투자는...",https://www.dailian.co.kr/news/view/1644783/?sc=Naver,1,0.95,strong_keep_card_credit,0.593182,0,pseudo_keep_model_drop,keep,candidate_hybrid_keep_strong_domain_rule_anchor,13,연체율;카드론,수수료;가맹점;실적;금융,
2026-05-20,실손 갈아탔다가 못 돌아간다? 핵심은 ‘6개월’,"보험료 부담만 보고 섣불리 전환했다가는 되돌아가지 못할 수 있다. 금융감독원은 최근 민원 사례를 바탕으로 실손보험 관련 소비자 유의사항을 안내하며, “과거 가입한 실손보험을 최근 판매 중인 실손보험으로...",https://m.skyedaily.com/news_view.html?ID=304341,1,0.95,strong_keep_insurance_risk,0.594790,0,pseudo_keep_model_drop,keep,candidate_hybrid_keep_strong_domain_rule_anchor,8,금융감독원,보험료;실손,
2026-05-16,단기 악재 뚫은 DB손보의 저력…순익 줄어도 CSM은 12.8조,"다만 보험서비스마진(CSM)은 증가세를 이어갔고, 지급여력(K-ICS·킥스) 비율도 개선됐다. 15일 금융감독원 전자공시에 따르면 DB손보의 올해 1분기 당기순이익은 2685억원으로 전년 동기(4470억원) 대비 39.9...",http://www.ftoday.co.kr/news/articleView.html?idxno=358974,1,0.95,strong_keep_insurance_risk,0.596404,0,pseudo_keep_model_drop,keep,candidate_hybrid_gray_keep_rule_score_ge_threshold,6,금융감독원,,
2026-05-12,"웨이브릿지, 해시드 수탁 개시…단일 플랫폼서 수탁·거래 처리",기존 수탁 환경에서는 자산을 매수·매도할 때마다 별도 서비스를 경유해야 하는 데다가 출금 수수료 이중... 이후 카드사·핀테크 등과 연계된 결제·송금이 활성화되면 대규모 수요가 발생하는데 PB가 이를 중개할 수...,https://biz.heraldcorp.com/article/10735497?ref=naver,1,0.95,strong_keep_card_credit,0.598431,0,pseudo_keep_model_drop,keep,rule_keep_score_ge_threshold,4,카드사,수수료,
2026-05-21,"[금융 게시판] 은행권, 정책형 펀드·상생금융·소상공인 지원 확대… ""...","과거 단순 사회공헌 중심에서 벗어나 금리·수수료·운영비 절감 등 고객이 직접 체감할 수 있는 방식으로... 카드 가맹점 결제계좌를 최초로 수협은행으로 등록한 개인사업자를 대상으로 진행되며, 카드사 2곳 이상...",https://www.lcnews.co.kr/news/articleView.html?idxno=202422,1,0.95,strong_keep_card_credit,0.598850,0,pseudo_keep_model_drop,keep,candidate_hybrid_keep_strong_domain_rule_anchor,11,은행권;카드사,금리;수수료;가맹점;금융,
2026-05-20,“가계빚 2000조 턱밑”…은행 막히자 비은행서 8.2조 늘었다,예금은행 가계대출은 전분기보다 2000억원 줄었다. 주택관련대출 증가폭이 축소되고 기타대출이 감소한 영향이다. 반면 비은행예금취급기관 가계대출은 8조2000억원 증가했다. 기타대출은 줄었지만...,https://www.ddaily.co.kr/page/view/2026051914534435098,1,0.95,strong_keep_bank_consumer_credit,0.598994,0,pseudo_keep_model_drop,drop,candidate_hybrid_gray_drop_score_lt_threshold,3,은행,,
2026-05-20,‘축포’ 터트린 1분기 생보사 레이스…‘성장률’은 엇갈렸다,한화생명 역시 투자손익 증가와 더불어 건강보험 판매 확대 등 CSM 확보가 동시에 일어나 호실적에 주효했다. 다만 신한라이프가 킥스 비율 201%를 기록하는 등 우수한 자본 안정성을 지니고 있어 장기 체력전에선...,https://www.ekn.kr/web/view.php?key=20260519023556151,1,0.95,strong_keep_insurance_risk,0.600377,0,pseudo_keep_model_drop,keep,candidate_hybrid_keep_strong_domain_rule_anchor,8,생보사;킥스,,
2026-05-19,대출 어려운 저신용자 상대 가전제품 렌탈 구매 사기범 무더기 검거,"광고는 불법사금융일 가능성이 크다”며 “렌털 명의자 또한 단순 피해자가 아닌 공범으로 처벌받을 수 있음을 각별히 유의해야 한다”고 말했다. 한편, 울산경찰청은 이 같은 사기사건에 대한 단속 성과로 경찰청이...",http://www.kookje.co.kr/news2011/asp/newsbody.asp?code=0300&key=20260518.99099004653,1,0.95,strong_keep_lending_consumer_protection,0.602048,0,pseudo_keep_model_drop,keep,candidate_hybrid_keep_strong_domain_rule_anchor,9,불법사금융,대출,
2026-05-19,"서금원, 햇살론 대신 갚아준 채무 상환부담 낮춘다","지원 대상은 햇살론 원리금을 갚지 못해 서금원이 은행 등 금융회사에 대신 갚아준 채무를 부담하고 있는... 연체 등으로 약정이 취소되면 신용도판단정보가 다시 등록될 수 있지만, 재조정을 신청하면 상환기간과...",https://www.ajunews.com/view/20260518153431015,1,0.95,strong_keep_bank_consumer_credit,0.604444,0,pseudo_keep_model_drop,drop,candidate_hybrid_gray_drop_score_lt_threshold,5,은행,연체,
2026-05-19,"'170만→1100만원' 사채빚 황동만에 금감원 친구 있었다면…""갚지마""","이재명 대통령 ""이자율 60% 이상이면 원금도 무효…갚을 필요 없다"" 현행 이자제한법과 대부업법 시행령은 법정 최고금리를 연 20%로 규정하고 있다. 이는 지난 2021년 7월 7일부터 시행된 것으로 기존 연 24%에서 4%포인트...",https://www.news1.kr/finance/general-finance/6170392,1,0.95,strong_keep_lending_consumer_protection,0.605070,0,pseudo_keep_model_drop,keep,candidate_hybrid_keep_strong_domain_rule_anchor,16,금감원;대부업법;최고금리,,
2026-05-21,"[금융지주 보험사 분석] ① 양종희 KB금융 회장, 비은행 강화…관건은 ...",같은기간 킥스 비율은 277.8%로 2025년 대비 43.7%포인트 상승하며 안정적인 자본여력을 유지했다. 금융권에서는 양종희 회장 체제 출범 이후 보험 계열사의 이사회 독립성과 내부통제 체계 강화를 통해 그룹 전반의...,http://www.hansbiz.co.kr/news/articleView.html?idxno=839640,1,0.95,strong_keep_insurance_risk,0.605165,0,pseudo_keep_model_drop,keep,candidate_hybrid_keep_strong_domain_rule_anchor,8,보험사;킥스,,
2026-05-15,"청년미래적금 내달 출시… ""최고 연 18%대 적금 효과""","금융위원회는 14일 소상공인시장진흥공단 서울 전용교육장에서 '미래를 채우는 첫 시작, 청년미래적금 언박싱 토크콘서트'를 열고 청년미래적금의 취급기관과 금리 수준, 제도 개선 사항 등을 공개했다....",https://www.dt.co.kr/article/12062525?ref=naver,1,0.95,strong_keep_regulatory_action,0.605210,0,pseudo_keep_model_drop,keep,candidate_hybrid_keep_strong_rule_anchor,14,금융위원회;금융위,금리;금융,
2026-05-21,"""수익은 줄고, 이익은 늘고""…비씨카드, 비용 집중관리 전략 ‘주효’","특히 비씨카드는 카드론 및 현금서비스 등한 이자수익보다 결제망 및 가맹점 정산에서 발생하는 수수료... 가맹점 수수료율 인하를 비롯해 조달비용 부담, 연체율 상승 등이 복합적으로 작용하면서 수익성 관리의...",https://www.youthdaily.co.kr/news/article.html?no=219484,1,0.95,strong_keep_card_credit,0.605261,0,pseudo_keep_model_drop,keep,candidate_hybrid_keep_strong_domain_rule_anchor,11,연체율;카드론,수수료;가맹점,
2026-05-20,은행 대출 막히자 2금융 주담대 10조6000억원 급증…1분기 전체 가계빚 ...,눈여겨볼 점은 예금은행 가계대출이 줄었다는 점이다. 예금은행 가계대출은 1009조6000억원으로 전 분기보다 2000억원 줄었다는 점이다. 12분기 만에 감소로 전환했다. 주택관련대출 증가폭(3000억원)이 축소되고...,https://economist.co.kr/article/view/ecn202605190040,1,0.95,strong_keep_bank_consumer_credit,0.605468,0,pseudo_keep_model_drop,drop,candidate_hybrid_gray_drop_score_lt_threshold,4,은행,대출,
2026-05-16,메모리 전성시대와 영업이익율 상한제,"또한 아파트 분양가 상한제, 증권거래의 하루 등락 상하한제 30%와 공매도 제도의 도입이 모두 같은 이유다. 영업이익율 상한제 50%와 법인세 변경 금융에서는 법정 최고금리를 20%로 정해서 상한제를 유지하고 있다....",http://www.seouleconews.com/news/articleView.html?idxno=91241,1,0.95,strong_keep_lending_consumer_protection,0.606538,0,pseudo_keep_model_drop,drop,candidate_hybrid_gray_drop_rule_score_lt_threshold,3,공매도,,
2026-05-15,"[Biz&Law] 한화손보 인니 자회사, P2P 연체보험 분쟁 마침표","한화손해보험 인도네시아 자회사 리포손해보험(이하 리포손보)이 현지 개인 간 거래(P2P) 대출 연체 관련... ※ 용어설명 P2P 대출 (Peer-to-Peer Lending): 은행 등 전통적인 금융기관을 거치지 않고, 온라인 플랫폼을 통해...",http://www.the-biz.co.kr/news/articleView.html?idxno=720623,1,0.95,strong_keep_bank_consumer_credit,0.607431,0,pseudo_keep_model_drop,keep,candidate_hybrid_model_keep_prob_ge_threshold,7,은행,대출;연체;금융,
2026-05-13,[Car & Now] KGM 황기영 대표 동탑훈장·폭스바겐 골프 GTI 신기록,"또한, 보증수리 매출 및 판매 수수료 데이터가 대출 심사에 활용된다. 가맹점과 대리점 대표의 동의를... 프로모션 카드사 간편결제 10% 즉시 할인까지 마련해 고객 체감 할인 폭을 높였다. 오후 7시부터 1시간 동안...",https://www.ebn.co.kr/news/articleView.html?idxno=1708451,1,0.95,strong_keep_card_credit,0.607551,0,pseudo_keep_model_drop,keep,rule_keep_score_ge_threshold,6,카드사,대출;수수료;가맹점,
2026-05-20,[더벨][한국투자저축은행은 지금] 부실 털고 반등 신호탄 쏜 1분기 성적...,한국투자저축은행은 부동산PF 중심의 공격적인 외형 확대보다 기업대출과 담보 기반 여신 중심으로 자산을 운용해왔다. PF와 기타 부동산 여신을 합친 부동산 익스포저도 올해 1분기 기준 약 4조2500억원 수준으로...,https://www.thebell.co.kr/free/content/ArticleView.asp?key=202605151519433120103430,1,0.95,strong_keep_savings_bank_risk,0.607930,0,pseudo_keep_model_drop,keep,candidate_hybrid_keep_strong_domain_rule_anchor,15,저축은행;pf;부동산pf,부실,
2026-05-15,"한화생명, '종합금융그룹' 전환 가속…신 성장축 '비보험·해외투자'","▲ ""CSM·킥스 동반 개선""…보험 체력 회복 속 해외·비보험 확장 가속 업계에서는 한화생명이 본업인 보험손익 중심 구조에서 점차 벗어나 투자·자회사·해외 사업의 비중을 확대하며, 전통적인 보험사를 넘어 종합...",http://www.hansbiz.co.kr/news/articleView.html?idxno=838761,1,0.95,strong_keep_insurance_risk,0.608419,0,pseudo_keep_model_drop,keep,candidate_hybrid_gray_keep_rule_score_ge_threshold,4,보험사,금융,
2026-05-20,‘13억 개인 상환’ 대법 판결에...“모두의창업? 연대책임 공포 여전”,창업자 부담을 줄이기 위해 연대책임 금지 방향으로 제도 개선을 추진하고 있지만 관련 여신전문금융업법 개정안은 아직 국회를 통과하지 못했다. 금융위원회도 개인 창업자 연대책임 금지를 주지시키고 관련 관행을...,https://biz.chosun.com/industry/business-venture/2026/05/20/7BNYYACDB5ELPOGOBT43S3HJMM/?utm_source=naver&utm_medium=original&utm_campaign=biz,1,0.95,strong_keep_regulatory_action,0.608917,0,pseudo_keep_model_drop,keep,candidate_hybrid_keep_strong_domain_rule_anchor,18,금융위원회;금융위;여신전문금융업,,
2026-05-12,"우리금융저축은행, 브릿지론 축소·대손부담 완화…나신평 전망 상향","연체율은 2024년 말 6.5%에서 2025년 말 4.55%로 하락했고, 고정이하여신(NPL)비율도 같은 기간 9.8%에서 6.9%로 낮아졌다. 특히 PF대출과 브릿지론 비중 축소가 두드러졌다. 우리금융저축은행은 신규 브릿지론 취급을...",http://www.biztribune.co.kr/news/articleView.html?idxno=353704,1,0.95,strong_keep_savings_bank_risk,0.609101,0,pseudo_keep_model_drop,keep,rule_keep_score_ge_threshold,21,은행;저축은행;npl;pf,대출;연체;연체율;금융,
2026-05-16,"롯데손보, 1분기 순손실 198억…보험 선방에도 투자손실 발목","1분기 말 잠정 지급여력비율(K-ICS, 킥스)은 164.4%로 나타났다. 롯데손보 관계자는 ""금리·환율 변동에 따른 일시적 평가손실 인식에도 불구하고 보험손익과 CSM 등 핵심 경영지표의 성장세를 이어가고 있다""며...",https://www.mt.co.kr/finance/2026/05/15/2026051517444553867,1,0.95,strong_keep_insurance_risk,0.609480,0,pseudo_keep_model_drop,keep,candidate_hybrid_gray_keep_rule_score_ge_threshold,4,환율,금리,
2026-05-15,카드 승인액 늘었는데 순익은 뒷걸음… 카드사 덮친 ‘3중고’와 낡은 ...,"신용카드 결제액이 사상 최고치를 경신하며 덩치는 커졌지만, 정작 카드사들의 수익성은 실속 없는 성장을 거듭하고 있다. 가맹점 수수료 인하와 자금 조달 비용 상승, 여기에 빅테크의 거센 추격까지 겹치며...",https://www.viva100.com/article/20260511500574,1,0.95,strong_keep_card_credit,0.609576,0,pseudo_keep_model_drop,keep,candidate_hybrid_gray_keep_rule_score_ge_threshold,5,카드사,수수료;가맹점,
2026-05-15,"“빌린 돈 상품권으로 갚아”…이율 1564.3%, 변종 사채 ‘활개’","(사진=연합뉴스) 경찰청 국가수사본부는 지난해 11월부터 이어온 전국 불법사금융 특별단속 결과 6개월 사이 1284건, 1553명을 검거했다고 밝혔다. 검거된 인원 가운데 51명은 구속됐다. 불법사금융업자들의 범행 수법이...",http://www.edaily.co.kr/news/newspath.asp?newsid=04477206645448920,1,0.95,strong_keep_lending_consumer_protection,0.609974,0,pseudo_keep_model_drop,drop,candidate_hybrid_drop_negative_signal,5,불법사금융,금융,가수
2026-05-21,배당여력 묶이자 시장도 냉담 … 보험주 '소수점대 PBR' 늪,DB손보는 오는 2028년까지 주주환원율 35% 달성을 목표로 제시했고 코리안리는 킥스 비율 180% 이상 유지 계획을 발표했다. 다만 보험업 특성상 공격적인 밸류업에는 한계가 있다는 의견이 나온다. 자본건전성 지표인...,https://biz.newdaily.co.kr/site/data/html/2026/05/20/2026052000110.html,1,0.95,strong_keep_insurance_risk,0.610088,0,pseudo_keep_model_drop,drop,candidate_hybrid_gray_drop_score_lt_threshold,5,킥스,,
2026-05-20,[포커스] 보험사 건전성 좋아졌다는데...손보사는 왜 뒷걸음쳤나,"손보사들은 올해 들어 자동차보험 손해율과 실손보험금 지급 부담을 계속 안고 있다. 보험료를 쉽게 올리기 어려운 상황에서 손해율이 높아지면 보험손익에 부담이 생기고, 자본 관리에도 영향을 줄 수 있다....",https://www.startuptoday.co.kr/news/articleView.html?idxno=801328,1,0.95,strong_keep_insurance_risk,0.610455,0,pseudo_keep_model_drop,drop,candidate_hybrid_gray_drop_score_lt_threshold,5,보험사,건전성,
2026-05-13,"[Invest]한화생명, 2년 만의 실적 반등에도…주주환원 '그림의 떡'",이에 따라 한화생명은 지난 2024년부터 배당을 실시하지 못하고 있다.금융당국은 현재 킥스 비율 170% 이상 보험사에 한해 해약환급금준비금 적립 비율을 기존 100%에서 80% 수준으로 완화한 상태다.한화생명은 올 1분기...,https://www.investchosun.com/site/data/html_dir/2026/05/12/2026051280142.html,1,0.95,strong_keep_insurance_risk,0.610714,0,pseudo_keep_model_drop,keep,rule_keep_score_ge_threshold,5,보험사,실적;금융,
2026-05-15,"대부업, 해외로 보폭 넓힌다…베트남·카자흐서 성장 기회 모색","국내 대부업체들이 해외 신흥 시장으로 사업 영역을 넓히고 있다. 국내에서는 법정 최고금리 제한과 조달비용 부담 등으로 수익성 확보가 쉽지 않은 가운데, 동남아시아와 중앙아시아 등 금융 수요가 커지는 지역에서...",https://www.sedaily.com/article/20044191?ref=naver,1,0.95,strong_keep_lending_consumer_protection,0.611595,0,pseudo_keep_model_drop,keep,candidate_hybrid_gray_keep_rule_score_ge_threshold,7,대부업,금리;금융,
2026-05-19,"김대현 흥국화재 대표, 취임 첫 분기 적자...자본건전성·수익성 '과제'",본업인 보험손익이 흑자를 기록했음에도 투자손익 악화가 이같은 결과를 만들었다. 지난해 흥국화재는... 흥국화재의 기본자본 킥스비율은 지난해 말 기준 38.4%로 집계됐다. 기본자본 K-ICS 도입을 앞두고 김 표에게는...,https://www.insightkorea.co.kr/news/articleView.html?idxno=246606,1,0.95,strong_keep_insurance_risk,0.611643,0,pseudo_keep_model_drop,drop,candidate_hybrid_gray_drop_score_lt_threshold,5,킥스,,
2026-05-17,보험사 1분기 순익 줄어도 건전성 개선·미래 곳간 더 두둑,"그러나 당기순이익이라는 표면 성적과 달리, 미래 이익의 원천인 보험계약마진(CSM)과 핵심 자본 건전성 지표인 지급여력비율(K-ICS·킥스)은 대부분 개선됐다. 보험업의 속 체력은 더욱 단단해진 모습이다. 변동성...",https://biz.heraldcorp.com/article/10739265?ref=naver,1,0.95,strong_keep_insurance_risk,0.612241,0,pseudo_keep_model_drop,keep,candidate_hybrid_gray_keep_rule_score_ge_threshold,5,보험사,건전성,
2026-05-12,[대부업 다시보기] ③'생활금융' 명칭 변경 요구…이미지 개선 '선결 조...,"정부가 작년에 수행한 불법사금융 범죄 특별단속 결과에 따르면 검거 건수와 금액은 3365건, 309억원으로 전년 대비 각각 65%, 70.2% 증가했다. 대부업계 한 대표는 ""금융취약계층이 대부업을 이용하는 과정에서 이름만 보고...",https://www.fetv.co.kr/news/articleView.html?idxno=302101,1,0.95,strong_keep_lending_consumer_protection,0.612567,0,pseudo_keep_model_drop,keep,rule_keep_score_ge_threshold,12,대부업;불법사금융,금융,
2026-05-21,"[박수진의 금융人] 신한카드 박창훈, '왕좌 탈환' 위한 나침반은",6% 증가했으나 희망퇴직 비용 발생과 수수료 및 기타영업비용 증가로 인해 당기순이익은 14.9% 감소한... 현재 신한카드에는 지난해 발생한 카드사 가맹점주 개인정보 유출 사고와 관련한 제재 절차가 남아 있다....,http://www.newswatch.kr/news/articleView.html?idxno=79823,1,0.95,strong_keep_card_credit,0.612608,0,pseudo_keep_model_drop,keep,candidate_hybrid_keep_strong_domain_rule_anchor,8,카드사;제재,수수료;금융,
2026-05-15,"전찬우 한국투자저축은행 대표, 신용등급전망 하향…대손비용 증가 건전...","5% 수준까지 하락하는 등 전반적인 수익창출력이 크게 저하됐다”며 “부동산 관련 여신 부실 확대, 개인사업자 및 중소기업 연체율 증가 등으로 대손상각비가 3년간 확대되며 수익성 하방 압력으로 작용했다”고...",http://www.fntimes.com/html/view.php?ud=2026051216270662447c96e79780_18,1,0.95,strong_keep_savings_bank_risk,0.614082,0,pseudo_keep_model_drop,keep,candidate_hybrid_keep_strong_rule_anchor,13,은행;저축은행,연체;연체율;부실,
2026-05-19,"[전북] ""처벌보다 회복""…청소년 도박 '구조 전환'","전북경찰이 청소년 사이버도박 문제를 단순 비행 단속이 아닌 '회복 중심 사회문제'로 접근하는 대응 체계... 경찰은 도박 과정에서 발생한 대리입금, 불법사금융, 채무 피해 등이 확인될 경우 전국 8개 권역...",https://www.newsfreezone.co.kr/news/articleView.html?idxno=690413,1,0.95,strong_keep_lending_consumer_protection,0.614521,0,pseudo_keep_model_drop,keep,candidate_hybrid_keep_strong_domain_rule_anchor,8,불법사금융,,
2026-05-15,‘박정희 새마을운동’ 추켜세운 이 대통령…지선 앞 통합 행보,불법사금융 특별단속 결과를 담은 청와대 내부 보고자료의 일부를 사진으로 게시하면서 “법정이자 초과 대출은 무효. 갚을 필요도 없고 그렇게 빌려준 업자는 형사처벌까지 된다”며 이같이 밝혔다.,https://www.khan.co.kr/article/202605142054025,1,0.95,strong_keep_lending_consumer_protection,0.615321,0,pseudo_keep_model_drop,keep,candidate_hybrid_keep_strong_rule_anchor,8,불법사금융,대출;금융,
2026-05-19,"청년 재무관리 지원 본격화...금융위, 맞춤형 재무상담 착수",금융위는 지난 2월 '청년 모두를 위한 재무상담 태스크포스(TF)'를 출범한 이후 금융권 및 유관기관과 협의를... 참여 청년을 대상으로 만족도 조사와 의견 수렴을 실시해 향후 본사업 확대 및 제도 개선에 반영할 방침이다.,http://www.newsfc.co.kr/news/articleView.html?idxno=78733,1,0.95,strong_keep_regulatory_action,0.615466,0,pseudo_keep_model_drop,keep,candidate_hybrid_gray_keep_domain_score_ge_threshold,6,금융위,,
2026-05-16,"이찬진 ""금융사 이자 장사 그만…생산적 금융 지원해야""","동시에 범정부 차원의 '보이스피싱 근절 종합대책' 추진, '불법사금융 원스톱 종합·전담 지원 서비스' 등을... 금융소비자 피해를 사전적으로 예방하겠다""고 강조했다. 한편 올해 금융감독자문위원은 총 92명으로...",https://www.asiatime.co.kr/article/20260515500028,1,0.95,strong_keep_lending_consumer_protection,0.617755,0,pseudo_keep_model_drop,keep,candidate_hybrid_gray_keep_rule_score_ge_threshold,7,불법사금융,금융,
2026-05-20,"1분기 가계빚 '1993조원' 사상 최대 … 비은행 주담대 급증, 풍선효과 현...","가계신용은 가계가 은행 등 금융기관에서 대출을 받거나 외상으로 물품을 구입한 대금 등을 합한 부채를 말한다. 가계신용의 구성 항목별로 살펴보면, 가장 큰 비중을 차지하는 가계대출 잔액은 1865조8000억원으로...",https://biz.newdaily.co.kr/site/data/html/2026/05/19/2026051900145.html,1,0.95,strong_keep_bank_consumer_credit,0.618226,0,pseudo_keep_model_drop,keep,candidate_hybrid_model_keep_prob_ge_threshold_with_domain_anchor,3,은행,,
2026-05-15,연체채권 매각 실적 7월부터 공시 의무화,"모 저축은행 업계 관계자는 “신용대출이 많은 2금융권의 경우 손실 가능성이 더 높아진 만큼, 대출 심사를 더 강화하는 편이 방법”이라고 말했다. 부실채권(NPL) 업계의 위축이나 도덕적 해이를 우려하는 목소리도 적지...",https://biz.heraldcorp.com/article/10737766?ref=naver,1,0.95,strong_keep_savings_bank_risk,0.618688,0,pseudo_keep_model_drop,keep,candidate_hybrid_keep_strong_rule_anchor,24,은행;저축은행;npl;부실채권,대출;연체;부실;실적;채권;금융,
2026-05-21,"[증권 뉴스브리핑] 국민성장펀드, 22일부터 판매/금감원장 ""빚투·레버리...","금융위원회는 19일 펀드 판매를 앞두고 이와같은 구체적인 사항을 안내했다. 국민참여성장펀드 가입은... 위한 제도 개선을 추진하고 있다""며 ""정책 지원을 통해 기관투자자와 장기자금의 참여 여건이 개선될 경우...",https://www.asiatime.co.kr/article/20260520500075,1,0.95,strong_keep_regulatory_action,0.618935,0,pseudo_keep_model_drop,keep,candidate_hybrid_keep_strong_domain_rule_anchor,21,금융위원회;금융위;국민성장펀드;성장펀드,,
2026-05-20,가계신용 2000조원 턱밑…과도한 '빚투' 경고음 커져,가계신용은 가계가 은행·보험사·대부업체·공적 금융기관 등에서 받은 대출과 함께 결제 전 카드 사용 금액(판매신용)을 포함한 포괄적인 가계부채를 의미한다. 부문별 증가폭을 살펴보면 가계대출이 12조9000억원...,https://www.asiatime.co.kr/article/20260519500211,1,0.95,strong_keep_bank_consumer_credit,0.619283,0,pseudo_keep_model_drop,keep,candidate_hybrid_keep_strong_domain_rule_anchor,9,은행;보험사;가계부채,,
2026-05-20,"악사손보, 렌터카 차량 수리비 심사 사업 나선다","악사손보의 작년 말 지급여력비율(킥스·K-ICS)도 경과조치 후 201.8%로 전년 말보다 48.7%포인트(p) 하락하며 업계 평균 221.9%를 밑돌았다. 악사손해보험[촬영 안 철 수] 2025.6, AXA 손해보험",https://news.einfomax.co.kr/news/articleView.html?idxno=4415585,1,0.95,strong_keep_insurance_risk,0.619532,0,pseudo_keep_model_drop,keep,candidate_hybrid_keep_strong_domain_rule_anchor,8,손해보험;킥스,,
2026-05-18,"신학기 수협은행장 ""'차별화'가 수협 DNA…지속성장기반 만든다""",수협은행을 찾도록 맞춤형 유인책을 제공할 것입니다. 최근 파트너십을 맺은 대신저축은행과... 넓은 의미에서 주택금융과 부동산PF(프로젝트파이낸싱) 등을 제외한 기업금융은 대부분 생산적 금융이기 때문에 은행들이...,https://www.mt.co.kr/finance/2026/05/18/2026051620261231963,1,0.95,strong_keep_savings_bank_risk,0.620198,0,pseudo_keep_model_drop,keep,candidate_hybrid_keep_strong_rule_anchor,18,저축은행;pf;부동산pf;프로젝트파이낸싱,,
2026-05-15,카드업계 옥죄는 ‘포용금융’…수수료·지원압박 삼중고,놓고 제도 개선 검토에 착수했다. 고유가 상황 속 금융지원 확대 압박이 커지는 가운데 카드업권에 대한 추가 지원 요구 가능성도 제기된다. 14일 금융권에 따르면 금융위원회는 최근 주유소업계와 카드업계 관계자들이...,https://thetracker.co.kr/View.aspx?No=4078013,1,0.95,strong_keep_regulatory_action,0.620347,0,pseudo_keep_model_drop,keep,candidate_hybrid_keep_strong_rule_anchor,14,금융위원회;금융위,수수료;금융,
2026-05-15,"이 대통령 “박정희 대통령의 성과, 지금도 유용”···민주당 출신 현...",이 대통령은 불법사금융 특별단속 결과를 담은 청와대 내부 보고자료의 일부를 사진으로 게시하면서 “법정이자 초과 대출은 무효. 갚을 필요도 없고 그렇게 빌려준 업자는 형사처벌까지 된다”며 이같이 밝혔다. 앞서 이...,https://www.khan.co.kr/article/202605141647001,1,0.95,strong_keep_lending_consumer_protection,0.620999,0,pseudo_keep_model_drop,keep,candidate_hybrid_keep_strong_rule_anchor,8,불법사금융,대출;금융,
2026-05-12,"우리금융저축은행-쌍용건설, 신용평가 상승","연체율과 고정이하여신비율은 2024년 말 각각 6.5%, 9.8%에서 2025년 말 4.55%, 6.9%로 하락했다. PF대출과 브릿지론 비중도 지속적으로 축소됐다. 브릿지론은 신규 취급 제한과 기존 사업장 정리를 통해 감소했다....",http://www.wsobi.com/news/articleView.html?idxno=311639,1,0.95,strong_keep_savings_bank_risk,0.621060,0,pseudo_keep_model_drop,keep,rule_keep_score_ge_threshold,17,은행;저축은행;pf,대출;연체;연체율;금융,
2026-05-21,"금융위, ‘미공개정보 이용’ NH투자증권 임원 등 8명 검찰 고발",과징금 부과 등 후속 조치도 이행할 계획이다. 금융당국 관계자는 “공개매수 등 시장에 큰 영향을 미치는 정보를 취급하는 금융투자업 임직원의 미공개정보 이용은 자본시장 신뢰를 훼손하는 중대 불공정거래”라며...,https://www.etoday.co.kr/news/view/2586530,1,0.95,strong_keep_regulatory_action,0.623067,0,pseudo_keep_model_drop,keep,candidate_hybrid_keep_strong_domain_rule_anchor,12,금융위;불공정거래;과징금,,
2026-05-21,"한성숙 중기장관 ""AI기술과 플랫폼 사용 확대할 것""","이 대통령이 중기부가 지난 3월 31일 도입한 '소상공인 위기 알림톡 서비스'의 발송 기준을 묻자 한 장관은 ""은행 연체 기록, 금융위원회 등의 데이터를 기반으로 300만명을 분석했다""며 ""수작업으로는 불가능해서 1차로...",https://www.newsis.com/view/NISX20260520_0003638103,1,0.95,strong_keep_bank_consumer_credit,0.623565,0,pseudo_keep_model_drop,keep,candidate_hybrid_keep_strong_domain_rule_anchor,17,금융위원회;금융위;은행,연체,
2026-05-12,천만원 이상은 모두 의심거래?…가상자산업계 '과부하' 우려,금융위원회가 1000만원 이상 거래를 의심거래로 보고하는 등 가상자산사업자에 대한 자금세탁방지 규제... 디지털자산거래소 공동협의체(닥사)에 따르면 해당 기준을 적용하면 지난해 기준 STR 건수는 544만4000여건으로...,https://news.mtn.co.kr/news-detail/2026051116340046882,1,0.95,strong_keep_regulatory_action,0.623633,0,pseudo_keep_model_drop,keep,rule_keep_score_ge_threshold,16,금융위원회;금융위;가상자산,금융,
2026-05-15,"한때 잘 나갔던 저축은행 신용 등급·전망 줄하향…""이젠 부담요소""","이들 저축은행은 대체로 부동산 PF와 기업여신을 중심으로 한 자산건전성 악화, 대손비용 증가, 조달비용 부담 등이 신용도 압박 요인으로 지목됐다. 금융지주 계열 저축은행들은 그동안 은행권에서 대출이 어려운...",https://www.sidae.com/article/2026051414515979245,1,0.95,strong_keep_savings_bank_risk,0.624782,0,pseudo_keep_model_drop,keep,candidate_hybrid_keep_strong_rule_anchor,15,은행;저축은행;pf,대출;건전성;금융,
2026-05-15,"지인 개인정보로 불법 추심…경찰, '불법사금융 특별단속' 1553명 검거",경찰이 서민경제를 위협하는 불법사금융 범죄를 특별단속해 지난 6개월간 1284건을 적발하고 1553명을 검거했다. 이 중 51명은 구속됐다. 14일 경찰청 국가수사본부에 따르면 지난해 11월부터 올해 4월까지 진행한...,https://www.mt.co.kr/society/2026/05/14/2026051410515783095,1,0.95,strong_keep_lending_consumer_protection,0.625987,0,pseudo_keep_model_drop,drop,candidate_hybrid_drop_negative_signal,3,불법사금융,금융,가수
2026-05-21,50만원 급전이 한달 만에 1500만원 빚으로,"경찰청 국가수사본부는 지난해 11월부터 올해 4월까지 불법사금융 특별단속을 벌여 총 1284건, 1553명을 검거하고 이 가운데 51명을 구속했다. 검거 인원 가운데 20·30대는 999명으로 전체의 52%를 차지했다. 대표적인 신종...",https://www.naeil.com/news/read/589272?ref=naver,1,0.95,strong_keep_lending_consumer_protection,0.626714,0,pseudo_keep_model_drop,keep,candidate_hybrid_keep_strong_domain_rule_anchor,8,불법사금융,,
2026-05-15,"경찰, 불법사금융 특별단속…피해자 절반이 2030 사회초년생","경찰청 국가수사본부(국수본)가 지난 6개월간 불법사금융 단속을 벌인 결과 피해자의 절반 이상이 사회초년생인 20∼30대인 것으로 나타났다. 가족 개인정보를 담보라며 받아둔 뒤 불법 추심에 악용하거나, ‘내구제...",https://www.hani.co.kr/arti/society/society_general/1258622.html,1,0.95,strong_keep_lending_consumer_protection,0.627155,0,pseudo_keep_model_drop,drop,candidate_hybrid_drop_negative_signal,3,불법사금융,금융,가수
2026-05-19,"현대해상, 마침내 흑자 전환... 장기 130↑, 일반 10%↑",사진=현대해상 [디지털포스트(PC사랑)=김호정 기자 ] 현대해상이 보험손익을 큰 폭으로 올리며 컨센서스... 계리 가정 변경과 금리 상승 효과가 맞물리며 킥스(K-ICS)비율은 207%로 상승했다. 자산-부채 듀레이션 갭이...,https://www.ilovepc.co.kr/news/articleView.html?idxno=59352,1,0.95,strong_keep_insurance_risk,0.627427,0,pseudo_keep_model_drop,keep,candidate_hybrid_gray_keep_domain_score_ge_threshold,6,킥스,금리,
2026-05-13,한화생명 1분기 당기순익 3816억…전년비 매출 55%↑,올 1분기 보험사 재무건전성 지표인 지급여력(킥스·K-ICS) 비율은 전분기 대비 4.5%p 상승한 162% 수준이 예상된다. 견조한 신계약 CSM 유입과 안정적인 자산운용 기반에 힘입은 성과로 분석된다. 윤종국 한화생명...,https://www.sidae.com/article/2026051214461928377,1,0.95,strong_keep_insurance_risk,0.627971,0,pseudo_keep_model_drop,keep,rule_keep_score_ge_threshold,5,보험사,건전성,
2026-05-20,"이찬진 “AI 금융위험 경각심 가져야”…금감원, 소비자위험 점검","한다”며 “금융회사의 보안체계 개선을 적극적으로 이끌 필요가 있다”고 강조했다. 그는 증시 변동성이... 금감원은 GA의 컨설팅업 겸영금지와 상호 규제 신설, 제재회피 행위 엄단 등 관련 규제 정비를 추진할...",https://www.ddaily.co.kr/page/view/2026051911272684519,1,0.95,strong_keep_regulatory_action,0.628466,0,pseudo_keep_model_drop,keep,candidate_hybrid_gray_keep_domain_score_ge_threshold,6,금감원,,
2026-05-15,[사사건건] 교제 거절 당하자 분풀이로 여고생 살해… 광주 계획 살인 ...,"◆ 경찰, 6개월 간 불법사금융 1553명 검거 경찰청 국가수사본부가 지난해 11월부터 지난 4월까지 전국 불법사금융 특별단속을 실시한 결과 1553명을 검거(1284건)하고 51명을 구속시켰다. 이는 지난해 같은 기간 대비 검거...",https://www.segye.com/newsView/20260514519725?OutUrl=naver,1,0.95,strong_keep_lending_consumer_protection,0.629837,0,pseudo_keep_model_drop,drop,candidate_hybrid_drop_negative_signal,3,불법사금융,금융,가수
2026-05-21,"카카오페이, 전세대출보증에 혁신적 신용평가 모형 도입","전통적인 신용평가는 주로 대출, 카드 사용, 연체 여부 같은 금융 이력을 중심으로 평가해 왔는데, 이 경우... 카카오페이 스코어는 현재 카드사, 인터넷은행, 저축은행 등 여러 금융회사의 여신심사 전략에 활용되고 있다....",https://www.tokenpost.kr/news/economy/361539,1,0.95,strong_keep_card_credit,0.629987,0,pseudo_keep_model_drop,keep,candidate_hybrid_keep_strong_domain_rule_anchor,15,인터넷은행;저축은행;카드사,대출;연체;금융,
2026-05-15,"'청년미래적금', 금리·혜택 공개됐다…청년도약계좌서 갈아타도 될까?","구조와 제도 개선 사항 등을 안내했다. 이날 행사에는 이억원 금융위원장과 서민금융진흥원장, 참여... 3년만 버티면 2255만 원, 연 18% 적금 넣는 셈이억원 위원장은 모두발언을 통해 청년의 첫 자산 형성을 국가와 금융권...",https://www.wikitree.co.kr/articles/1136546,1,0.95,strong_keep_regulatory_action,0.631798,0,pseudo_keep_model_drop,keep,candidate_hybrid_keep_strong_rule_anchor,8,금융위,금리;금융,
2026-05-15,"""사이버도박 빠진 청소년 자진신고하세요""…피해 구제 등 범정부 지원",이는 지난 2023년 9월~2024년 10월 1차 단속 당시 검거된 4715명에 비해 51.7% 늘어난 것이다. 청소년의 12.7%는 도박 자금 마련을 위해 사채 등 불법사금융을 이용한 경험까지 있는 것으로 나타났다. 이에 경찰청은 이날 교육부...,https://news.tf.co.kr/read/life/2322587.htm,1,0.95,strong_keep_lending_consumer_protection,0.632416,0,pseudo_keep_model_drop,keep,candidate_hybrid_keep_strong_rule_anchor,9,불법사금융,금융,
2026-05-15,애큐온캐피탈·저축은행 1조원 몸값 적정한가…전망 완전 틀렸다,"애큐온저축은행 ""2025년 697억원 순익 목표""…59억 순손실 그쳐 개인 신용대출 자산 대폭 늘려…EQT·캐피탈... 한국신용평가에 따르면 애큐온캐피탈의 2025년 말 고정이하여신 대비 충당금 적립률은 27.0%, 부동산PF...",https://www.topdaily.kr/articles/110113,1,0.95,strong_keep_savings_bank_risk,0.632746,0,pseudo_keep_model_drop,keep,candidate_hybrid_keep_strong_rule_anchor,24,은행;저축은행;캐피탈;충당금;pf;부동산pf,대출,
2026-05-15,"정부 6개 부처, ‘청소년 사이버도박 자진신고제’ 전국 시행",단속·수사를 통한 처벌에 앞서 학생 스스로 심각성을 인지하고 전문적 치유 과정을 밟도록 하는 방식이 악순환 차단에 효과적이라는 판단이 깔려 있다. 불법사금융 피해 청소년에 대한 구제 절차도 함께 가동된다....,https://edu.chosun.com/site/data/html_dir/2026/05/14/2026051480120.html,1,0.95,strong_keep_lending_consumer_protection,0.633128,0,pseudo_keep_model_drop,keep,candidate_hybrid_gray_keep_rule_score_ge_threshold,7,불법사금융,금융,
2026-05-13,"하나은행 이호성, 은행 CEO 브랜드평판 1위… 아이엠뱅크·NH농협은행 順",특히 금리 정체 국면과 가계대출 규제 강화로 인해 은행 자체의 화제성이 줄어들면서 CEO 개인 브랜드 역시 영향을 받고 있다는 해석이다. 또한 ESG 경영과 금융소비자 보호 이슈가 CEO 평가에 점점 더 큰 영향을...,https://www.pinpointnews.co.kr/news/articleView.html?idxno=452239,1,0.95,strong_keep_bank_consumer_credit,0.633231,0,pseudo_keep_model_drop,keep,rule_keep_score_ge_threshold,6,은행,금리;대출;금융,
2026-05-15,"이 대통령 ""법정이자 초과대출은 무효…갚을 필요 없고, 업자는 형사처...",이 대통령은 이날 오후 엑스(X·옛 트위터)에 불법사금융 특별단속기간 6개월(지난해 11월~올해 4월) 동안 경찰이 총 1553명을 검거했고 이 중 51명이 구속됐다는 내용의 보고 문건 사진을 첨부하며 이같이 적었다. 이...,https://www.newsis.com/view/NISX20260514_0003629465,1,0.95,strong_keep_lending_consumer_protection,0.634160,0,pseudo_keep_model_drop,keep,candidate_hybrid_keep_strong_rule_anchor,8,불법사금융,대출;금융,
2026-05-16,롯데손보 1분기 285억 영업손실…보험이익은 흑자 전환,보험계약마진(CSM)도 2조 5090억원으로 1년 전에 비해 2509억원(11.1%) 늘었다. 같은 기간 잠정 지급여력(킥스)비율은 164.4%로 안정적 수준을 유지했다. 롯데손보 관계자는 “금리·환율 변동에 따른 일시적 평가손실에도...,https://www.mk.co.kr/article/12049310,1,0.95,strong_keep_insurance_risk,0.634563,0,pseudo_keep_model_drop,keep,candidate_hybrid_gray_keep_rule_score_ge_threshold,4,환율,금리,
2026-05-14,"한화생명, 주주환원 압박에도 자사주 소각 ‘안갯속’","현금 유출이 발생하면 보험사의 가용자본이 줄어 지급여력비율(K-ICS, 킥스)비율 하락으로 이어질 수 있기 때문이다.  한화생명의 올해 1분기 말 킥스비율은 162%로 예상된다. 전 분기(157.5%) 대비 4.5포인트(p) 개선됐다....",https://www.topdaily.kr/articles/110073,1,0.95,strong_keep_insurance_risk,0.634702,0,pseudo_keep_model_drop,drop,rule_drop_score_lt_threshold,3,보험사,,
2026-05-21,[농협 리스크 진단 ④] 농협 거버넌스 개혁 정조준…대통령·발언부터 ...,"대통령은 2025년 12월 19일 금융위·금감원 업무보고에서 ""부패한 이너서클이 생겨서 자기들 멋대로 소수가... 통한 제도개선이 필요하다""고 밝혔다. 강호동 회장도 직접 결의대회에 참석해 발언했다. 강 회장은 ""참담한...",http://www.fieldnews.kr/news/articleView.html?idxno=28711,1,0.95,strong_keep_regulatory_action,0.634886,0,pseudo_keep_model_drop,keep,candidate_hybrid_keep_strong_domain_rule_anchor,15,금감원;금융위;제도개선,,
2026-05-18,반도체 호황에 코스피 8000선 근접…가계·기업대출 증가폭 ↑,지난달 말 기준 은행 가계대출 잔액은 전월보다 2조1000억원 늘어난 1174조9000억원으로 집계됐다. 신용대출 등이 포함된 기타대출 잔액은 개인의 주식 순매도에 따른 대출 상환 등으로 인해 6000억원 감소하며...,https://www.dailian.co.kr/news/view/1645158/?sc=Naver,1,0.95,strong_keep_bank_consumer_credit,0.635490,0,pseudo_keep_model_drop,keep,candidate_hybrid_gray_keep_rule_score_ge_threshold,7,은행,대출;주식;코스피,
2026-05-15,제주 고유가 지원금 2차 지급…도민 70% 15만원 받아,"않은 소상공인들은 수수료 혜택을 누릴 수 있도록 가맹점 등록을 서둘러달라""고 당부했다. 온라인 신청은 탐나는전 앱이나 각 카드사 누리집에서 가능하며, 오프라인은 주민센터나 은행 영업점을 방문하면 된다.",https://view.asiae.co.kr/article/2026051414105882052,1,0.95,strong_keep_card_credit,0.636988,0,pseudo_keep_model_drop,keep,candidate_hybrid_keep_strong_rule_anchor,8,은행;카드사,수수료;가맹점,
2026-05-18,"[아침을 열며]희망의 이름, 상록수는 왜 절망이 됐나","당시 은행과 카드사들은 연체 채권을 2003년 상록수에 넘길 때 장부상 손실 처리했을 것이다. 한시적 목적으로 운영된 ‘유한회사’는 20년 넘게 이어졌다. 은행과 카드사, 대부업체로 구성된 상록수는 ‘유동화된 채권’을...",https://www.khan.co.kr/article/202605172002005,1,0.95,strong_keep_card_credit,0.637316,0,pseudo_keep_model_drop,keep,candidate_hybrid_gray_keep_rule_score_ge_threshold,7,카드사,연체;채권,
2026-05-18,지난달 주담대 5.5조 '쑥'…은행권 자체 주담대 증가세 전환,업권별로 보면 지난달 은행권 가계대출은 2조 2000억원 증가해 전달대비 증가폭이 확대됐습니다. 세부적으 은행 자체 주담대는 지난 4월 1조 5000억원 감소에서 지난달 1조 3000억원 증가세로 전환됐습니다. 정책성대출은...,https://biz.sbs.co.kr/article_hub/20000310640?division=NAVER,1,0.95,strong_keep_bank_consumer_credit,0.637350,0,pseudo_keep_model_drop,drop,candidate_hybrid_gray_drop_rule_score_lt_threshold,3,은행,,
2026-05-16,"한국금융지주, 증권업 호황 타고 재평가…""실적 체력 달라졌다""","과거 부동산 프로젝트파이낸싱(PF) 관련 우려가 있었지만 최근 들어 충당금 적립 규모가 감소하면서 이익 안정성이 빠르게 개선되고 있다는 설명이다. 실제 한국금융지주는 증권업 외에도 자산운용과 저축은행, 캐피탈 등...",https://www.pinpointnews.co.kr/news/articleView.html?idxno=453084,1,0.95,strong_keep_savings_bank_risk,0.639030,0,pseudo_keep_model_drop,keep,candidate_hybrid_keep_strong_rule_anchor,21,저축은행;캐피탈;충당금;pf;프로젝트파이낸싱,실적,
2026-05-16,등급전망 오른 우리저축은행…그룹 비은행 개선 '지원 사격',"금융업계 관계자는 ""저축은행업권은 부동산 PF 부실과 조달비용 부담으로 신용도 하방 압력이 컸던 업권""이라며 ""우리저축은행의 등급전망 상향은 비은행 계열사 전반의 체질 개선을 의미한다고 보기는 어렵지만...",https://news.tf.co.kr/read/economy/2322972.htm,1,0.95,strong_keep_savings_bank_risk,0.639136,0,pseudo_keep_model_drop,keep,candidate_hybrid_keep_strong_rule_anchor,8,저축은행;pf,,
2026-05-14,보험사 '건전성 지표' 킥스비율 212.3%…3분기 연속 상승세,"보험사 킥스비율은 지난해 1분기 197.9%에서 2분기 206.8%(+8.9%p), 3분기 210.8%(+4.0%p), 4분기 212.3%(+1.5%p) 등을 기록했다. 업권별로 보면 지난해 말 생보사 킥스비율은 205.8%로 전분기보다 4.4%p 올랐다. 지난해 1분기 190.7...",https://www.sidae.com/article/2026051308341458336,1,0.95,strong_keep_insurance_risk,0.639736,0,pseudo_keep_model_drop,keep,rule_keep_score_ge_threshold,5,보험사,건전성,
2026-05-19,보험사 킥스 일제히 상승…금리 반등에 자본 확충 부담 완화,"18일 보험업계에 따르면 올해 1분기 실적발표를 마친 삼성생명, 한화생명, 삼성화재, 현대해상, DB손해보험 등 주요 보험사들의 1분기 말 기준 킥스 비율이 지난해 말 대비 상승한 것으로 집계됐다. 대형사들은...",https://www.ngetnews.com/news/articleView.html?idxno=550328,1,0.95,strong_keep_insurance_risk,0.639827,0,pseudo_keep_model_drop,keep,candidate_hybrid_keep_strong_domain_rule_anchor,15,보험사;보험업계;손해보험;킥스,금리,
2026-05-12,"나랏돈으로 이자 장사한 명륜진사갈비...금융당국, '뒤늦은' 정책금융 ...","특수관계인이 가맹점주에게 금융을 제공할 경우 금융위 사전 신고 또는 허가 의무를 부과하고, 가맹 연계 대출에는 현행 대부업법 최고금리(연 20%)보다 낮은 별도 상한을 적용하는 방안도 검토할 만하다""고 제안했다.",http://www.the-biz.co.kr/news/articleView.html?idxno=720329,1,0.95,strong_keep_lending_consumer_protection,0.640549,0,pseudo_keep_model_drop,keep,rule_keep_score_ge_threshold,21,금융위;대부업;대부업법,금리;대출;가맹점;금융,
2026-05-21,"푸본현대생명, 1분기 '흑자전환'…영업강화에 본사증자 결실","푸본현대생명은 증자 이후 지급여력비율(K-ICS, 킥스)이 2024년말 157.3%에서 지난해 연말 기준 252%으로 대폭 상승했다. 푸본현대생명 관계자는 ""보장성보험 영업을 강화하면서 신계약과 수입보험료가 모두 개선되며...",https://www.mt.co.kr/finance/2026/05/21/2026052014471446329,1,0.95,strong_keep_insurance_risk,0.640910,0,pseudo_keep_model_drop,keep,candidate_hybrid_model_keep_prob_ge_threshold_with_domain_anchor,5,킥스,,
2026-05-15,불법사금융 특별단속 1553명 검거...피해자 2030 절반 이상,"특히 지난해 7월 대부업법이 개정에 따라 폭행·협박에 의한 부당 계약이나 법상 최고금리인 20%의 3배인 60% 이상 계약 등 반사회적 행위로 인한 대부계약 자체가 무효가 된다. 원금, 이자 변제 의무가 없어지고...",https://www.newspim.com/news/view/20260514000923,1,0.95,strong_keep_lending_consumer_protection,0.643092,0,pseudo_keep_model_drop,keep,candidate_hybrid_keep_strong_rule_anchor,19,대부업;대부업법;불법사금융,금리;금융,
2026-05-12,"[DQN] DB저축은행, 지난해 NPL비율 가장 낮아…한국투자저축은행 2.48%p 증...",고정이하여신비율이 제일 많이 개선된 곳은 다올저축은행으로 나타났다. 이는 적극적인 부실채권 정리와 건전성 관리로 고정이하여신 등 주요 건전성 지표가 개선된 것이다. 지난해 다올저축은행의...,http://www.fntimes.com/html/view.php?ud=2026050617343218447c96e79780_18,1,0.95,strong_keep_savings_bank_risk,0.644343,0,pseudo_keep_model_drop,keep,rule_keep_score_ge_threshold,21,은행;저축은행;npl;부실채권,부실;건전성;채권,
2026-05-16,"불법사금융, 청년층 파고들었다","경찰청 국가수사본부는 지난해 11월부터 올해 4월까지 불법사금융 특별단속을 벌여 총 1284건, 1553명을 검거하고 이 가운데 51명을 구속했다고 14일 밝혔다. 검거 건수는 지난해 같은 기간보다 37.5%, 검거 인원은 19...",https://www.naeil.com/news/read/588779?ref=naver,1,0.95,strong_keep_lending_consumer_protection,0.644783,0,pseudo_keep_model_drop,keep,candidate_hybrid_gray_keep_rule_score_ge_threshold,6,불법사금융,,
2026-05-15,"[국민은행 61건 제재] ①""허인-이재근 행장 때 문제""",은행은 보통 2~3년 주기로 금감원 정기검사나 수시검사등을 받고 있는데 지적 사항이 나오면 관련 업무의 프로세스를 점검해서 개선하고 이를 금융당국에 보고해야 한다. 만약 금융당국이 기준에 미흡하다고 평가하는...,https://www.dailybrief.co.kr/news/articleView.html?idxno=5824,1,0.95,strong_keep_regulatory_action,0.645167,0,pseudo_keep_model_drop,keep,candidate_hybrid_keep_strong_rule_anchor,10,금감원;은행,금융,
2026-05-13,[기원상의 금융기업가정신=진옥동 신한금융지주회장] '관리의 신한'에서...,"그는 일본 오사카지점장, SBJ은행 법인장, 신한은행장, 신한금융지주 회장을 거치며 현장과 글로벌, 은행... 한국 금융의 오래된 수익 공식은 가계대출, 부동산 담보, 이자이익이었다. 이 공식은 안정적이지만 경제의...",https://www.ajunews.com/view/20260511105257863,1,0.95,strong_keep_bank_consumer_credit,0.646438,0,pseudo_keep_model_drop,keep,rule_keep_score_ge_threshold,10,한은;은행,대출;금융,
2026-05-15,결제시장 '톱4' 노리는 카페⋯카드사 4강 위협 현실화,금융위원회는 2015년 가맹점 수수료를 낮추면서 카드사 부수 업무 규제를 '포지티브'에서 '네거티브'로 전환했다. 불허 항목을 제외하고 모두 허용하는 규제 완화다. 신고제 방식으로 문턱을 낮췄다. 그러나 실상은...,http://www.inews24.com/view/1968477,1,0.95,strong_keep_regulatory_action,0.647427,0,pseudo_keep_model_drop,keep,candidate_hybrid_keep_strong_rule_anchor,18,금융위원회;금융위;카드사,수수료;가맹점;금융,
2026-05-15,범정부 '청소년 사이버도박 근절' 공동 대응,"신고 접수부터 상담·치유·불법사금융 피해구제까지 전 과정을 연계 지원해 청소년 도박 문제의 조기 차단과... 것""이라며 ""단속·수사를 통한 처벌에 앞서 학생 스스로 심각성을 인지하고 전문적인 치유 과정을 밟도록...",https://www.asiatime.co.kr/article/20260513500336,1,0.95,strong_keep_lending_consumer_protection,0.647494,0,pseudo_keep_model_drop,keep,candidate_hybrid_gray_keep_rule_score_ge_threshold,7,불법사금융,금융,
2026-05-15,[보험사 M&A] [KDB생명] ④ 변수 '태광' 등장 속 한투금융 셈법 복잡해지...,"흥국생명의 지난해 운용자산이익률은 4.87%로 전년(4.15%) 동기와 유사하게 생명보험업계 평균 수익률 3%를 웃돌았다. 최근 자산 유동화를 통해 지급여력비율(K-ICS, 킥스)을 200%대로 끌어올렸고 대규모 유동성을 확보한...",https://www.topdaily.kr/articles/110028,1,0.95,strong_keep_insurance_risk,0.648305,0,pseudo_keep_model_drop,keep,candidate_hybrid_gray_keep_rule_score_ge_threshold,7,보험사;유동성,금융,
2026-05-15,[단독] 금감원 특사경 첫 칼날은 '리딩방 시즌2' … 조직형 주가조작 정...,최근 불법사금융 특사경 도입 논의까지 병행되며 조직형 금융범죄 대응 체계를 전반적으로 강화하는 흐름과도 맞물린다. 해외에서도 유사 범죄는 주요 단속 대상이다. 미국 증권거래위원회(SEC)는 소셜미디어를 활용해...,https://biz.newdaily.co.kr/site/data/html/2026/05/14/2026051400061.html,1,0.95,strong_keep_lending_consumer_protection,0.648712,0,pseudo_keep_model_drop,keep,candidate_hybrid_keep_strong_rule_anchor,14,금감원;불법사금융,주가;금융,
2026-05-20,생활비 급해 상품권 예약판매했더니 이자 2천% 초고금리 사채?,"경찰청 국가수사본부가 최근 발표한 6개월간의 불법사금융 특별단속(2025년 11월~2026년 4월) 결과, 상품권 예약판매를 빙자한 소액 대출 수법 등 신·변종 불법행위가 다수 적발됐으나 그동안 대부계약 상 금전거래보다는...",https://www.joongboo.com/news/articleView.html?idxno=363726230,1,0.95,strong_keep_lending_consumer_protection,0.648971,0,pseudo_keep_model_drop,keep,candidate_hybrid_keep_strong_domain_rule_anchor,9,불법사금융,대출,
2026-05-15,청소년 사이버도박 스스로 신고하면 선처…117로 접수,"정부는 최근 청소년 도박 범죄가 증가하고, 도박 자금 마련을 위한 불법사금융 이용과 사기·절도 등 2차 범죄로 이어지는 사례가 잇따르고 있다고 보고 대응 체계를 마련했다. 경찰청 특별단속 결과 청소년 도박 단속...",https://www.newsis.com/view/NISX20260514_0003629452,1,0.95,strong_keep_lending_consumer_protection,0.649526,0,pseudo_keep_model_drop,keep,candidate_hybrid_gray_keep_rule_score_ge_threshold,7,불법사금융,금융,
2026-05-19,"""외국인 금융피해 막는다""…부산은행, 보이스피싱 예방 캠페인 진행","부산은행과 금융감독원 부산울산지원은 외국인 주민들에게 금융생활 가이드북과 보이스피싱 예방 자료를 전달하며, 금융사기 피해 예방에 힘썼다. 현장에서는 QR코드를 통해 모바일로 금융사기 예방 영상을 볼 수 있도록...",https://www.gukjenews.com/news/articleView.html?idxno=3584962,1,0.85,rule_keep_score_ge_6_with_hard_match,0.239648,0,pseudo_keep_model_drop,keep,candidate_hybrid_keep_strong_domain_rule_anchor,10,금융감독원;보이스피싱,,
2026-05-15,[금융단신] 우리금융·신한은행·하나은행·농협은행,"사진=우리금융그룹 ◇ 우리금융, 청년층 금융피해 선제 대응…소비자보호 세미나 개최 우리금융그룹은... 이어 하반기에는 △보이스피싱 최신 범죄 대응 △AI 기술의 소비자보호 활용 및 리스크 △초고령사회 대응 전략...",https://daily.hankooki.com/news/articleView.html?idxno=1367228,1,0.85,rule_keep_score_ge_6_with_hard_match,0.324090,0,pseudo_keep_model_drop,keep,candidate_hybrid_keep_strong_rule_anchor,9,한은;은행,금융,
2026-05-19,“카드 배송 전화 조심하세요”…실제 피해자가 겪은 보이스피싱,"“명의 도용됐다” 불안감 조성하며 개인정보·인증번호 탈취 시도 카드 배송원·보안팀·검찰까지 역할 분담 최근 카드 배송원과 금융사 보안팀, 검찰·금융감독원 등을 사칭해 피해자를 속이는 신종 보이스피싱 사례가...",https://www.tfmedia.co.kr/news/article.html?no=204574,1,0.85,rule_keep_score_ge_6_with_hard_match,0.362168,0,pseudo_keep_model_drop,keep,candidate_hybrid_keep_strong_domain_rule_anchor,10,금융감독원;보이스피싱,,
2026-05-21,"KB손해보험, ‘반짝반짝 캠페인’ 9년째 운영","한편, KB손해보험은 이번 행사에서 보이스피싱 등 금융사기 피해 예방 교육도 병행했다. 최근 고령층을 대상으로 한 금융 범죄가 증가하는 상황을 고려해 실제 사례 중심의 예방 및 대응 방법을 안내하며 현장 호응을...",https://www.megaeconomy.co.kr/news/newsview.php?ncode=1065577192662829,1,0.85,rule_keep_score_ge_6_with_hard_match,0.405990,0,pseudo_keep_model_drop,keep,candidate_hybrid_keep_strong_domain_rule_anchor,8,손해보험;보이스피싱,금융,
2026-05-20,"BNK부산은행·금감원, 외국인 주민 대상 금융사기 예방 캠페인",[전국=위키트리 최학봉 선임기자] BNK부산은행이 외국인 주민들을 대상으로 보이스피싱 예방 활동에 나서며 금융사기 피해 차단과 금융안전망 강화에 힘을 보태고 있다. 부산은행은 지난 17일 부산 사상구 르네시떼...,https://www.wikitree.co.kr/articles/1137328,1,0.85,rule_keep_score_ge_6_with_hard_match,0.409699,0,pseudo_keep_model_drop,keep,candidate_hybrid_keep_strong_domain_rule_anchor,10,금감원;보이스피싱,,
2026-05-15,[금융권 소식] 신한은행ㆍKB국민은행ㆍ우리금융(5.14),"이번 세미나는 최근 늘고 있는 청년층 대상 보이스피싱과 불법 사금융 등 금융피해에 선제적으로 대응하고, 금융당국의 청년층 보호 강화 기조에 맞춰 그룹 차원의 대응 전략을 체계화하기 위해 마련됐다. 이날...",http://www.weeklytoday.com/news/articleView.html?idxno=775710,1,0.85,rule_keep_score_ge_6_with_hard_match,0.412450,0,pseudo_keep_model_drop,keep,candidate_hybrid_keep_strong_rule_anchor,9,한은;은행,금융,
2026-05-19,"부산은행, 외국인 대상 금융사기 예방 캠페인","BNK부산은행(은행장 김성주)이 금융감독원 부산울산지원과 함께 외국인 주민을 대상으로 보이스피싱... 최정희 부산은행 금융소비자보호 총괄책임자(CCO)는 ""금융사기 피해로부터 외국인 주민들을 보호하기 위해...",https://www.g-enews.com/view.php?ud=202605181228439587cd0bfacc1c_1,1,0.85,rule_keep_score_ge_6_with_hard_match,0.428137,0,pseudo_keep_model_drop,keep,candidate_hybrid_keep_strong_domain_rule_anchor,10,금융감독원;보이스피싱,,
2026-05-21,"[보험사 풍향계] 삼성화재, 씨어스와 맞손...헬스케어 사업화 속도 外","보이스피싱 을 비롯한 금융사기 피해 예방 교육도 함께 진행했다. 김규동 KB손보 ESG상생금융Unit장은 “폐지수거 어르신들은 교통사고 뿐 아니라 각종 금융 범죄에도 취약한 환경에 놓여 있다""며 “보다 안전한 환경에서...",https://www.ekn.kr/web/view.php?key=20260520027386494,1,0.85,rule_keep_score_ge_6_with_hard_match,0.450438,0,pseudo_keep_model_drop,keep,candidate_hybrid_keep_strong_domain_rule_anchor,8,보험사;보이스피싱,금융,
2026-05-14,[인뱅 실적 점검] [카카오뱅크] 중저신용 45%...포용금융 확대 속 건전성...,"﻿연체율 0.51%·NPL 0.53%…개인사업자대출도 3.4조로 확대 카카오뱅크가 중·저신용자 및 개인사업자(SOHO)... 1분기 연체율은 0.51%로 전년 동기 대비 0.01%p 상승에 그쳤고, 고정이하여신비율(0.53%)과 대손비용률(0.55%)은 직전...",https://news.dealsitetv.com/articles/170194,1,0.85,rule_keep_score_ge_6_with_hard_match,0.451381,0,pseudo_keep_model_drop,keep,rule_keep_score_ge_threshold,13,npl,대출;연체;연체율;건전성;실적;금융,
2026-05-15,가계 대출 막히자 기업으로 핸들 꺾는 은행…포용금융 확대에 ‘건전성...,"“결과적으로 연체율 증가와 자산건전성 악화로 이어질 수 있다”고 설명했다. 신한금융 역시 “(포용적... 요구될 수 있으며, 이는 결과적으로 당사의 연체율 증가 및 자산건전성 악화로 이어질 수 있다”고 전했다.",https://economist.co.kr/article/view/ecn202605140042,1,0.85,rule_keep_score_ge_6_with_hard_match,0.466981,0,pseudo_keep_model_drop,keep,candidate_hybrid_keep_strong_rule_anchor,11,은행,대출;연체;연체율;건전성;금융,
2026-05-12,"금융위, ‘실손24’ 연계율 끌어올린다…EMR 업체 담합 점검 예고",이에 따라 금융위는 비참여 EMR업체와 소통을 강화해 참여를 적극 설득하고 집단적으로 참여를 거부해온 일부 업체에 대해 공정거래위원회와 함께 불공정 관행 여부를 면밀히 점검할 예정이다. 이와 함께 실손24 활성화를...,http://www.segyebiz.com/newsView/20260511512318?OutUrl=naver,1,0.85,rule_keep_score_ge_6_with_hard_match,0.471276,0,pseudo_keep_model_drop,keep,rule_keep_score_ge_threshold,8,금융위,실손;금융,
2026-05-20,"하나금융, 의료 사각지대 어르신 찾아가는 무료 안과 검진 실시","은행 방문이 어려운 고령층을 대상으로 맞춤형 금융 상담을 제공하고, 최근 고령층 피해가 증가하는 보이스피싱 예방 교육도 함께 진행했다. 특히 디지털 금융 이용이 익숙하지 않은 시니어 고객을 대상으로 금융사기...",https://www.lcnews.co.kr/news/articleView.html?idxno=202350,1,0.85,rule_keep_score_ge_6_with_hard_match,0.473154,0,pseudo_keep_model_drop,keep,candidate_hybrid_keep_strong_domain_rule_anchor,8,은행;보이스피싱,금융,
2026-05-13,'종이 없는 보험청구' 실손24 의료기관 참여율 30% 못 미쳐...EMR업체 협...,금융위는 공정거래위원회와 함께 불공정 관행 여부를 들여다볼 예정이다. 업계 안팎에서는 실손보험 청구 전산화가 보험금 청구 절차 전반을 바꾸는 인프라 성격을 띠고 있다는 점에서 의료기관 참여 확대가...,https://www.thepublic.kr/news/articleView.html?idxno=304098,1,0.85,rule_keep_score_ge_6_with_hard_match,0.480262,0,pseudo_keep_model_drop,keep,rule_keep_score_ge_threshold,8,금융위,실손;금융,
2026-05-20,"금감원 ""단체·개인실손 중복가입 확인""···보험료 이중납부 주의",A씨 사례처럼 개인·단체실손보험 중복 가입자는 개인실손보험의 보험료 납입중지 또는 일부 보장 중지를 신청해 이중 부담을 줄일 수 있다. 19일 금융감독원은 이런 내용을 담은 실손보험 관련 주요 민원 사례와...,https://www.seoulfn.com/news/articleView.html?idxno=629145,1,0.85,rule_keep_score_ge_6_with_hard_match,0.494139,0,pseudo_keep_model_drop,keep,candidate_hybrid_keep_strong_domain_rule_anchor,13,금융감독원;금감원,보험료,
2026-05-15,"[금융권 이모저모]신한은행, 일본 관광객 유치 위해 충청권 관광 마케팅...",이번 세미나는 최근 급증하는 청년층 대상 보이스피싱(Voice Phishing)과 불법 사금융 피해에 대응하기 위해 마련됐다. 특강에 나선 배순영 한국소비자원 전문위원은 청년층 금융거래의 특성을 분석하고 금융사의 역할을...,https://www.businessplus.kr/news/articleView.html?idxno=111784,1,0.85,rule_keep_score_ge_6_with_hard_match,0.496768,0,pseudo_keep_model_drop,keep,candidate_hybrid_keep_strong_rule_anchor,9,한은;은행,금융,
2026-05-20,미래에셋자산운용 새마을금고 BNK부산은행 外(금융 레이더),"하나은행 관계자는 ""여름철 폭염을 피해 잠시 몸을 달래는 편안한 휴식처가 되길 바란다""고 전했습니다.... 이와 함께 보이스피싱 예방 등을 안내하는 금융 상담도 동시 운영합니다. 그룹 관계자는 ""실질적인 도움이...",https://www.newsclaim.co.kr/news/articleView.html?idxno=3064143,1,0.85,rule_keep_score_ge_6_with_hard_match,0.504868,0,pseudo_keep_model_drop,keep,candidate_hybrid_keep_strong_domain_rule_anchor,9,새마을금고;보이스피싱,금융,
2026-05-21,"[금융권 이모저모]신한은행, '국민참여형 국민성장펀드' 판매 실시 外","이와 함께 일상생활에서 노출되기 쉬운 보이스피싱 등 금융사기 피해 예방 및 대응 방법 교육도 병행해 현장의 큰 호응을 얻었다. KB손해보험은 지난 2018년부터 이 캠페인을 9년째 운영 중이며, 앞으로도 어르신들이...",https://www.businessplus.kr/news/articleView.html?idxno=112011,1,0.85,rule_keep_score_ge_6_with_hard_match,0.504965,0,pseudo_keep_model_drop,keep,candidate_hybrid_keep_strong_domain_rule_anchor,16,손해보험;보이스피싱;국민성장펀드;성장펀드,,
2026-05-19,우리금융그룹 ‘포용금융’ 깊고 넓게…이번엔 중저신용자 대환대출 출...,시중은행 중 최고수준입니다. 지난해 7367억원을 공급해 금융감독원장상을 수상하기도 했습니다. 또 개인신용대출 연 7% 금리상한제도 1월 시행으로 4월말 기준 4만명에게 10억원의 이자를 감면했습니다. 연체 6년 초과한...,https://www.inthenews.co.kr/news/article.html?no=86965,1,0.85,rule_keep_score_ge_6_with_hard_match,0.506867,0,pseudo_keep_model_drop,keep,candidate_hybrid_keep_strong_domain_rule_anchor,12,금융감독원;시중은행,연체,
2026-05-19,"우리금융, 금융 안전망 구축부터 주거·문화 복지까지…'종합 상생 금융...","시중은행 최고 수준인 2186억원을 공급했다. 개인신용대출 연 7% 금리 상한제를 통해 4월 말 기준 약 4만명에게 10억원 규모의 이자를 감면했으며, 3월에는 소액 특수채권 보유자(연체 6년 초과, 잔액 1000만원 이하)의...",http://www.dailypop.kr/news/articleView.html?idxno=98925,1,0.85,rule_keep_score_ge_6_with_hard_match,0.510873,0,pseudo_keep_model_drop,keep,candidate_hybrid_keep_strong_domain_rule_anchor,8,시중은행,금리;연체;금융,
2026-05-19,하나 다음은 KB·신한? … 금융지주 향한 '포용금융 세무 칼날',18일 금융권에 따르면 서울지방국세청 조사4국은 최근 하나금융지주와 하나은행에 대한 비정기 특별... 메리츠증권은 2024년 PF 만기 연장 과정에서 과도한 수수료를 받았다는 의혹으로 금감원 검사를 받은 바 있다....,https://biz.newdaily.co.kr/site/data/html/2026/05/18/2026051800088.html,1,0.85,rule_keep_score_ge_6_with_hard_match,0.511332,0,pseudo_keep_model_drop,keep,candidate_hybrid_keep_strong_domain_rule_anchor,10,금감원;pf,,
2026-05-21,"[보험업계 동향] 삼성화재ㆍKB손해보험ㆍDB생명,ㆍKB라이프(5.20)",금융 범죄 노출 막는 생활 교육 병행 올해 행사에서는 신체 안전을 지키는 교통 교육뿐 아니라 일상 속 금융사기 피해를 예방하기 위한 교육도 함께 진행됐다. 어르신들이 취약할 수 있는 보이스피싱의 최신 유형과...,http://www.weeklytoday.com/news/articleView.html?idxno=776427,1,0.85,rule_keep_score_ge_6_with_hard_match,0.520947,0,pseudo_keep_model_drop,keep,candidate_hybrid_keep_strong_domain_rule_anchor,11,보험업계;손해보험;보이스피싱,금융,
2026-05-13,美 가계부채 18.8조달러…학자금 부실 속 'K자형' 격차 우려,"뉴욕 연은 ""학자금 연체율 10.3%…카드빚 1.25조달러"" 김연숙 특파원 = 미국 가계부채가 큰 변화 없이 유지된... 90일 이상 연체율은 7.10%로 전 분기(7.13%)와 비슷한 수준을 유지했다. 뉴욕 연은은 학자금 부채가 전체 신용...",https://www.yna.co.kr/view/AKR20260513015900072?input=1195m,1,0.85,rule_keep_score_ge_6_with_hard_match,0.521599,0,pseudo_keep_model_drop,keep,rule_keep_score_ge_threshold,10,가계부채,연체;연체율;부실;달러,
2026-05-21,"[금융zip] 신한은행, '국민참여형 국민성장펀드' 450억원 한도 판매 外","이와 함께 보이스피싱 등 일상생활에서 발생할 수 있는 금융사기 피해 예방와 대응 방법에 대한 교육도 이뤄졌다. 2023년 12월 발표된 보건복지부 실태조사에 따르면, 전국 약 4만2000여명의 어르신이 폐지수거를 통해...",https://www.getnews.co.kr/news/articleView.html?idxno=870538,1,0.85,rule_keep_score_ge_6_with_hard_match,0.525484,0,pseudo_keep_model_drop,keep,candidate_hybrid_keep_strong_domain_rule_anchor,13,보이스피싱;국민성장펀드;성장펀드,,
2026-05-20,글로벌 최대 비트코인 ATM 업체 파산보호 신청,"알렉스 홈즈(Alex Holmes) 비트코인디포 최고경영자는 ""미국 각 주 정부가 가상자산 거래 한도를 극도로... 비트코인은 5월 20일 오전 현재 빗썸 가상화폐 거래소에서 전일대비 0.51%상승한 1억 1,451만 원에 거래되고 있다.",https://www.khgames.co.kr/news/articleView.html?idxno=304498,1,0.85,rule_keep_score_ge_6_with_hard_match,0.532453,0,pseudo_keep_model_drop,keep,candidate_hybrid_keep_strong_domain_rule_anchor,9,가상자산;빗썸,,
2026-05-15,"[사설] 국내선 침묵, 밖에선 “포용금융은 위험 요인” 밝힌 은행들",금융사들은 공시한 사업보고서에서 “한국 정부는 저소득층과 금융 취약 계층 차주에 대한 은행의 우선 대출을 장려하는 포용적 금융 이니셔티브를 추진하고 있다”며 “결과적으로 연체율 증가 및 자산 건전성 악화로...,https://www.chosun.com/opinion/editorial/2026/05/15/3WEY4SYEMJEBDI5H757FLNRZ7E/?utm_source=naver&utm_medium=referral&utm_campaign=naver-news,1,0.85,rule_keep_score_ge_6_with_hard_match,0.535465,0,pseudo_keep_model_drop,keep,candidate_hybrid_keep_strong_rule_anchor,11,은행,대출;연체;연체율;건전성;금융,
2026-05-20,"이더리움 재단, 핵심 인력 이탈에 개발 리더십 '흔들'",특히 행동 강령 세부 문구에는 서구권 가상화폐 서구권 가상자산 진영에서 사상적·정치적 논란이 돼던... 이더리움은 5월 20일 오전 현재 코빗 가상화폐 거래소에서 전일대비 0.96% 상승한 316만 원에 거래되고 있다.,https://www.khgames.co.kr/news/articleView.html?idxno=304497,1,0.85,rule_keep_score_ge_6_with_hard_match,0.536727,0,pseudo_keep_model_drop,keep,candidate_hybrid_keep_strong_domain_rule_anchor,8,가상자산;코빗,,
2026-05-20,"테더, 韓 진출하나…회사명·로고 상표 출원",디지털자산기본법에 해외 스테이블코인 발행사가 국내에서 유통 사업을 하기 위해 국내 지점을 두도록 하는... 가상화폐 업계 관계자는 “최근 서클 창업자 제러미 알레어가 직접 방한해 금융지주와 가상화폐거래소들을...,https://www.sedaily.com/article/20045883?ref=naver,1,0.85,rule_keep_score_ge_6_with_hard_match,0.537841,0,pseudo_keep_model_drop,keep,candidate_hybrid_keep_strong_domain_rule_anchor,9,디지털자산;스테이블코인,,
2026-05-14,'2강 2중' 깨뜨린 하나은행의 진격… '리딩뱅크' 탈환 사정권,"하나은행의 1분기 연체율은 0.39%로 전년 동기(0.32%) 대비 상승했으며, 3개월 이상 연체된 부실채권을 뜻하는 고정이하여신(NPL) 비율도 전년 동기(0.29%)보다 높은 0.37%로 올랐다. 가장 우려되는 지표는...",http://www.srtimes.kr/news/articleView.html?idxno=203171,1,0.85,rule_keep_score_ge_6_with_hard_match,0.540893,0,pseudo_keep_model_drop,keep,rule_keep_score_ge_threshold,19,은행;npl;부실채권,연체;연체율;부실;채권,
2026-05-20,"테더, 한국서 회사명·로고 상표 출원...지사 설립 가능성 주목",특히 국회에서 논의 중인 디지털자산기본법에 해외 스테이블코인 발행사의 국내 유통 시 지점 설치 의무가... 한 가상화폐 업계 관계자는 “서클 창업자 제러미 알레어도 최근 직접 방한해 금융지주와 거래소들을 만나...,https://www.sedaily.com/article/20045939?ref=naver,1,0.85,rule_keep_score_ge_6_with_hard_match,0.541167,0,pseudo_keep_model_drop,keep,candidate_hybrid_keep_strong_domain_rule_anchor,9,디지털자산;스테이블코인,,
2026-05-20,"하나자산신탁, 임직원 수년간 복수계좌 주식거래…내부통제 '유명무실'",최근 금융감독원은 하나자산신탁 검사 과정에서 임직원 25명의 금융투자상품 매매 제한 위반 행위를 적발하고 제재 조치를 공개했다. 금감원에 따르면 이들은 회사에 신고하지 않은 본인 계좌를 이용해 상장된 주식을...,https://www.100ssd.co.kr/news/articleView.html?idxno=209429,1,0.85,rule_keep_score_ge_6_with_hard_match,0.548833,0,pseudo_keep_model_drop,keep,candidate_hybrid_keep_strong_domain_rule_anchor,12,금융감독원;검사;제재,,
2026-05-12,'실손24' 참여 막는 EMR업체 압박 수위 높인다,"이에 따라 금융위는 미참여 EMR업체와 직접 소통을 강화하는 한편, 일부 업체들의 집단적 불참 행태가 공정거래법상 불공정 관행에 해당하는지 공정위와 함께 면밀히 점검하기로 했다. 소비자단체 역시 이날 회의에서...",http://www.fins.co.kr/news/articleView.html?idxno=108490,1,0.85,rule_keep_score_ge_6_with_hard_match,0.548915,0,pseudo_keep_model_drop,keep,rule_keep_score_ge_threshold,8,금융위,실손;금융,
2026-05-20,금감원 “AI 악용 금융해킹 현실화 우려”…레버리지 ETF·핀플루언서도...,최근 증시 과열 속 레버리지 ETF 투자 쏠림과 핀플루언서 불법행위 등에 대해서도 소비자 피해 예방 중심의... 금감원은 현재 보이스피싱 정보공유·분석 AI 플랫폼 ‘ASAP’ 사업과 금융상품 광고 심의...,https://www.dailian.co.kr/news/view/1645837/?sc=Naver,1,0.85,rule_keep_score_ge_6_with_hard_match,0.550333,0,pseudo_keep_model_drop,keep,candidate_hybrid_keep_strong_domain_rule_anchor,10,금감원;보이스피싱,,
2026-05-20,"[개회사] 김봉국 한국금융신문 대표 “금융 DNA 바꾸는 AI 기술혁명, 새...","항상 저희 포럼을 성원해 주시고 귀한 걸음 해 주신 조용병 은행연합회 회장님, 김철주 생명보험협회 회장님, 이병래 손해보험협회 회장님, 정완규 여신금융협회 회장님, 오화경 저축은행중앙회 회장님, 임종룡 우리금융...",http://www.fntimes.com/html/view.php?ud=202605191407323177c96e79780_18,1,0.85,rule_keep_score_ge_6_with_hard_match,0.554821,0,pseudo_keep_model_drop,keep,candidate_hybrid_keep_strong_domain_rule_anchor,17,저축은행;손해보험;생명보험;여신금융협회,금융,
2026-05-13,[은행업 분석] [NH농협은행] 건전성 개선에 대기업대출 확대 속도,"1분기 연체율 0.55%...전년比 0.10%P ↓ 기업금융 조직 재정비, 채널 확대 등 주력 NH농협은행이 건전성... 12일 NH농협금융에 따르면 올해 1분기 말 기준 NH농협은행의 연체율은 0.55%로 전년 동기(0.65%) 대비 0.10%포인트...",https://www.topdaily.kr/articles/110047,1,0.85,rule_keep_score_ge_6_with_hard_match,0.556622,0,pseudo_keep_model_drop,keep,rule_keep_score_ge_threshold,11,은행,대출;연체;연체율;건전성;금융,
2026-05-20,"금융사, 빚투·레버리지 투자 조장…이찬진 금감원장 “경각심 갖고 대...",유도 [금감원 제공] 이찬진(사진) 금융감독원장이 최근 국내 주식시장의 높은 변동성과 관련해 “금융회사의... 불법 금융광고 등을 신속히 차단·제재하는 원스톱 대응체계를 유기적으로 운영하겠다고 강조했다. 이날...,https://biz.heraldcorp.com/article/10740865?ref=naver,1,0.85,rule_keep_score_ge_6_with_hard_match,0.557831,0,pseudo_keep_model_drop,keep,candidate_hybrid_keep_strong_domain_rule_anchor,12,금융감독원;금감원,,
2026-05-19,[뱅크 NOW] IBK기업은행·MG새마을금고·케이뱅크,"상호금융이나 저축은행 등 제2금융권 대출까지 대환할 수 있도록 지원해 소상공인의 이자 부담 완화에... 개인사업자 여신 내 보증·담보 비중은 지난해 1분기 26%에서 올해 1분기 43%로 확대됐으며, 연체율은 같은 기간...",http://www.wikileaks-kr.org/news/articleView.html?idxno=187539,1,0.85,rule_keep_score_ge_6_with_hard_match,0.558041,0,pseudo_keep_model_drop,keep,candidate_hybrid_keep_strong_domain_rule_anchor,12,저축은행;상호금융;새마을금고,,
2026-05-21,"빅테크에 금융권까지, AI에 일자리 뺏긴다","가상자산거래소 코인베이스는 AI 도입을 이유로 전체 인력의 약 14%를 감축하기로 했다. 브라이언 암스트롱 CEO(최고경영자)는 ""팀 전체가 몇 주 걸려 하던 일을 이제 엔지니어 한 명이 AI를 활용해 며칠 만에 끝낸다""면서...",https://www.mt.co.kr/world/2026/05/21/2026052020075949805,1,0.85,rule_keep_score_ge_6_with_hard_match,0.559990,0,pseudo_keep_model_drop,keep,candidate_hybrid_keep_strong_domain_rule_anchor,9,가상자산;가상자산거래소,,
2026-05-15,"“얼른 갈아타라” 이 말 믿었다가 5000만원 날렸다…금감원, 소비자경...",암 보험에 가입한 A씨는 설계사의 권유로 기존 보험을 해지하고 새 암 보험에 가입했다. 하지만 보험료는... 실손보험 갈아탈까 버틸까? 5세대 실손의 ‘함정’과 ‘기회’ 완벽 정리 (이 영상 하나로 끝내세요) ⚖️,https://www.sedaily.com/article/20043889?ref=naver,1,0.85,rule_keep_score_ge_6_with_hard_match,0.561152,0,pseudo_keep_model_drop,keep,candidate_hybrid_keep_strong_rule_anchor,8,금감원,보험료;실손,
2026-05-20,"하나금융, '찾아가는 안과 검진' 확대 … 의료·금융 결합 ESG 강화",은행 방문이 어려운 고령층을 대상으로 맞춤형 금융 상담과 보이스피싱 예방 교육 등을 제공해 금융 접근성을 높이고 금융 피해를 예방한다는 취지다. 이번 사업은 금융과 헬스케어를 결합한 ESG 활동이라는 점에서 의미가...,http://www.worktoday.co.kr/news/articleView.html?idxno=84767,1,0.85,rule_keep_score_ge_6_with_hard_match,0.562394,0,pseudo_keep_model_drop,keep,candidate_hybrid_keep_strong_domain_rule_anchor,8,은행;보이스피싱,금융,
2026-05-21,‘대포통장 유통’ 1170억원 범죄 수익 세탁…한·중 조직 149명 검거,보이스피싱과 투자 리딩 사기 등으로 챙긴 범죄수익금 약 1170억원을 국내 대포통장과 가상자산(암호화폐)... 이들은 텔레그램 광고 등을 보고 대출을 받기 위해 연락한 피해자들에게 ‘은행 인증번호를 알려 달라’고 한...,https://www.seoul.co.kr/news/society/2026/05/20/20260520500104?wlog_tag3=naver,1,0.85,rule_keep_score_ge_6_with_hard_match,0.563584,0,pseudo_keep_model_drop,keep,candidate_hybrid_keep_strong_domain_rule_anchor,15,은행;보이스피싱;가상자산;암호화폐,,
2026-05-15,"우리·신한은행, 조선업 협력사에 6,000억 상생금융 지원",은행권 입장에서는 기업금융 확대 전략과도 맞물린다. 가계대출 규제가 강화되는 가운데 조선·방산·반도체 등 전략산업 공급망 금융은 안정적인 여신 확대 수단으로 부상하고 있다. 조선사들 역시 협력사 생산...,https://www.dongponews.net/news/articleView.html?idxno=58030,1,0.85,rule_keep_score_ge_6_with_hard_match,0.564003,0,pseudo_keep_model_drop,keep,candidate_hybrid_keep_strong_rule_anchor,10,한은;은행,대출;금융,
2026-05-19,"정상호 롯데카드 대표, 우량회원 중심 전략 통했다…회원수 회복·대손...","여신금융협회에 따르면, 올해 1분기 전업 카드사 8곳의 개인·법인 신용판매 이용실적 기준 롯데카드의 시장점유율은 10.6%로, 직전 분기(11.0%)에 이어 두 자릿수 점유율을 지켰다. 이러한 회복세는 단순한 반등이...",http://www.fntimes.com/html/view.php?ud=2026051810291643189efc5ce4ae_18,1,0.85,rule_keep_score_ge_6_with_hard_match,0.567673,0,pseudo_keep_model_drop,keep,candidate_hybrid_keep_strong_domain_rule_anchor,9,카드사;여신금융협회,,
2026-05-14,MB부터 李 정부까지… 배드뱅크를 왜 '개인 빚' 터는 데 활용하나,"금융기관의 부실채권을 효율적으로 정리하는 은행을 뜻한다. 다양한 국가들이 금융기관의 건전성 제고를... 이명박 정부 '신용회복기금', 박근혜 정부 '국민행복기금', 문재인 정부 '장기소액연체자지원재단', 윤석열...",https://www.thescoop.co.kr/news/articleView.html?idxno=310173,1,0.85,rule_keep_score_ge_6_with_hard_match,0.567783,0,pseudo_keep_model_drop,keep,rule_keep_score_ge_threshold,16,은행;부실채권,연체;부실;건전성;채권;금융,
2026-05-20,"교보생명, AI로 효율 높이고 보험금은 신속하게…업계 혁신 이끈다",법무·여신 관련 자료 검색 기능 등을 제공한다. 반복 업무를 줄이고 업무 생산성을 높이는 데 초점을 맞췄다. 설계사들의 영업을 돕는 생성형 AI 기술도 도입했다. 교보생명은 금융위원회에서 혁신금융서비스로 지정받은...,https://www.hankyung.com/article/2026051955021,1,0.85,rule_keep_score_ge_6_with_hard_match,0.568467,0,pseudo_keep_model_drop,keep,candidate_hybrid_keep_strong_domain_rule_anchor,12,금융위원회;금융위,,
2026-05-20,카드사 분쟁조정 7분기 만에 최저⋯1분기 29% 줄었다,19일 여신금융협회 공시에 따르면 올해 1분기 국내 8개 카드사의 분쟁조정 신청 건수는 407건으로 집계됐다. 이는 지난해 1분기 571건보다 164건(28.7%) 감소한 규모다. 중복·반복 신청을 제외한 실질적인 분쟁 규모도...,https://www.etoday.co.kr/news/view/2585980,1,0.85,rule_keep_score_ge_6_with_hard_match,0.570054,0,pseudo_keep_model_drop,keep,candidate_hybrid_keep_strong_domain_rule_anchor,9,카드사;여신금융협회,,
2026-05-15,"다우 지수, 5만선 탈환...미중 정상회담 기대감-[글로벌 마감 시황]",(환율) 이렇게 미국의 경제 지표들이 연준에게 금리인하가 아닌 금리인상 명분을 연일 제공하자 달러화는 4일 연속 상승하고 있습니다. 달러 인덱스는 이제 다시 99선을 바라 보고 있는데요. 그렇기 때문에 일본 당국이...,http://www.wowtv.co.kr/NewsCenter/News/Read?articleId=A202605150165&t=NN,1,0.85,rule_keep_score_ge_6_with_hard_match,0.570198,0,pseudo_keep_model_drop,keep,candidate_hybrid_keep_strong_rule_anchor,10,연준;환율,금리;달러,
2026-05-19,"금감원, GA 모집질서 문란 정조준…""보험 소비자 피해 사전 차단""","금감원은 일부 GA가 불법 사금융에 가담하거나 세무·회계·노무 컨설팅 등을 명목으로 소비자에게 불필요한... 핀플루언서 불법 투자 권유 단속, AI 기반 사이버 공격 대응 방안 등이 함께 논의됐다. 다만 보험업계에서는...",http://www.fins.co.kr/news/articleView.html?idxno=108588,1,0.85,rule_keep_score_ge_6_with_hard_match,0.570537,0,pseudo_keep_model_drop,keep,candidate_hybrid_keep_strong_domain_rule_anchor,9,금감원;보험업계,,
2026-05-20,"1분기 가계 빚 '역대 최대'‥가계신용 1,993조 원에 달해","은행권의 가계대출은 2천억 원 줄며 2023년 1분기 이후 3년 만에 감소세를 보였지만 비은행권 대출이 늘었습니다. 상호금융, 저축은행 등 비은행예금취급기관에서 주택관련대출 증가 폭이 확대되면서 가계대출이 8조...",https://imnews.imbc.com/news/2026/econo/article/6823669_36932.html,1,0.85,rule_keep_score_ge_6_with_hard_match,0.570708,0,pseudo_keep_model_drop,keep,candidate_hybrid_keep_strong_domain_rule_anchor,8,저축은행;상호금융,,
2026-05-18,4대 금융지주 계륵 된 ‘카드사’ 다시 은행에 합쳐질까[김보형의 뷰파...,초고금리 대부 계약이다. 2024년 말 개정된 대부업법에 따르면 연 이자율이 60%를 초과하는 대부 계약은 계약... 밸류업(기업가치 제고)에 올인하고 있는 4대 금융지주 최고경영자(CEO)들이 결단해야 할 시간이 다가오고...,https://magazine.hankyung.com/business/article/202605121442b,1,0.85,rule_keep_score_ge_6_with_hard_match,0.571528,0,pseudo_keep_model_drop,keep,candidate_hybrid_keep_strong_rule_anchor,9,카드사;대부업법,,
2026-05-21,"FTX 전 임원, 거래 플랫폼 출시...""고객 피눈물 데이터로 만든 AI 투자판...","과거 대형 가상자산 거래소의 파산 사태에 연루됐던 인물이 인공지능(AI)을 결합한 신규 투자 플랫폼을 출시했다. 하지만 시장의 반응은 냉랭하다. 5월 19일(현지시간) 암호화폐 전문 매체 비인크립토에 따르면, 전 FTX...",http://coinreaders.com/237471,1,0.85,rule_keep_score_ge_6_with_hard_match,0.572201,0,pseudo_keep_model_drop,keep,candidate_hybrid_keep_strong_domain_rule_anchor,8,가상자산;암호화폐,,
2026-05-21,인터넷뱅크 순익 45% '껑충'…시중은행 성장곡선과 갈린 포인트,가계대출 관리 기조가 이어지는 가운데서도 개인사업자대출과 정책금융상품 등으로 대출 포트폴리오를 넓힌 점이 외형 성장을 떠받쳤다. 실적 개선의 한 축은 대손비용 감소다. 인터넷은행의 1분기 대손비용은...,https://www.bloter.net/news/articleView.html?idxno=662949,1,0.85,rule_keep_score_ge_6_with_hard_match,0.574268,0,pseudo_keep_model_drop,keep,candidate_hybrid_keep_strong_domain_rule_anchor,15,시중은행;인터넷은행;정책금융,대출;실적,
2026-05-15,"""금융은 준공공사업""…포용금융 압박에 은행권 대응 분주","중저신용자 연체율은 올해 3월 말 기준 2.57%로 전체 은행 연체율 0.56%의 약 5배에 달한다. 손재성 숭실대 회계학과 교수는 ""신용등급 체계는 금융 시스템을 지탱하는 기반인데 이를 정책적으로 흔드는 건 위험할 수 있다""며...",https://news.mtn.co.kr/news-detail/2026051414253421347,1,0.85,rule_keep_score_ge_6_with_hard_match,0.575310,0,pseudo_keep_model_drop,keep,candidate_hybrid_keep_strong_rule_anchor,8,은행,연체;연체율;금융,
2026-05-12,"카카오·케이뱅크 ""실적은 괜찮은데""...증권가 ""밸류 정당화 관건은 신...","연체율은 카카오뱅크 0.51%, 케이뱅크 0.61%로 관리 가능한 범위에 머물렀다. 고정이하여신(NPL) 비율 역시 안정세를 이어갔다. 고객 기반도 확대됐다. 카카오뱅크 고객 수는 2천727만명, 케이뱅크는 1천607만명으로 증가하며...",https://www.youthdaily.co.kr/news/article.html?no=218894,1,0.85,rule_keep_score_ge_6_with_hard_match,0.575460,0,pseudo_keep_model_drop,keep,rule_keep_score_ge_threshold,9,npl,연체;연체율;실적,
2026-05-21,[단독]내 보험료 올리는 보험사기 '연 10조'...AI로 공범까지 잡는다,"보험사기 적발액은 지난해 1조1571억원(금감원)으로 보이스피싱 피해액 1조566억원보다 많다. 미적발 추정액까지 합치면 민간 보험사 약 8조원, 건강보험 약 2조원 등 10조원에 달할 것으로 추산된다. 보험사기로...",https://www.mt.co.kr/finance/2026/05/21/2026052011465358810,1,0.85,rule_keep_score_ge_6_with_hard_match,0.575897,0,pseudo_keep_model_drop,keep,candidate_hybrid_keep_strong_domain_rule_anchor,14,금감원;보험사;보이스피싱,보험료,
2026-05-21,"“스테이블코인·AI 시대, 국세청 과세·압류 대변화 불가피”","x402는 미국 최대 가상자산 거래소인 코인베이스가 개발한 AI 에이전트 결제 프로토콜이다. 구글, 아마존웹서비스(AWS), 마이크로소프트, 비자, 마스터카드, 서클, 솔라나재단 등이 참여하고 있다. 김 교수는 스테이블코인...",http://www.edaily.co.kr/news/newspath.asp?newsid=03539126645450888,1,0.85,rule_keep_score_ge_6_with_hard_match,0.576032,0,pseudo_keep_model_drop,keep,candidate_hybrid_keep_strong_domain_rule_anchor,9,가상자산;스테이블코인,,
2026-05-21,[넥스트-샷] 국채·유가 진정에 다우 5만 회복···AI 낙관론도 다시 고...,[편집자주] 20일 뉴욕 증시는 금융시장을 짓누르던 국채 금리와 국제 유가의 급등세가 진정되면서 3대 주요... 함께 원/달러 환율의 하향 안정화 여부를 함께 살피며 주도주 중심의 공격적인 대응을 고려해 볼 만한...,https://www.womaneconomy.co.kr/news/articleView.html?idxno=254136,1,0.85,rule_keep_score_ge_6_with_hard_match,0.577129,0,pseudo_keep_model_drop,keep,candidate_hybrid_keep_strong_domain_rule_anchor,8,국채;원/달러,달러,
2026-05-14,"지방금융 3사, 1분기 건전성 약화…성장 전략 '고민'","다만 고정이하여신(NPL) 비율과 연체율이 상승하면서 앞으로의 자산건전성 관리에 대한 관심이 커지고... 다만, 1분기 NPL 비율과 연체율은 3사 모두 전 분기 대비 소폭 상승했다. BNK금융은 각각 1.57%, 1.42%로 작년...",http://www.whitepaper.co.kr/news/articleView.html?idxno=262427,1,0.85,rule_keep_score_ge_6_with_hard_match,0.577211,0,pseudo_keep_model_drop,keep,rule_keep_score_ge_threshold,11,npl,연체;연체율;건전성;금융,
2026-05-14,거세지는 '포용금융' 압박…은행권 긴장감 고조,특히 중·저신용자 대출 비중이 급격히 높아질 경우 연체율 상승 가능성을 배제하기 어렵다는 지적이 많다. 실제 은행권 새희망홀씨 연체율은 지난해 말 기준 1%대 중반 수준이지만 금융권에서는 신용도가 더 낮은 차주...,https://www.digitaltoday.co.kr/news/articleView.html?idxno=665530,1,0.85,rule_keep_score_ge_6_with_hard_match,0.577227,0,pseudo_keep_model_drop,keep,rule_keep_score_ge_threshold,9,은행,대출;연체;연체율;금융,
2026-05-12,"캠코, 새출발기금서 1.4조 손실...63년 쌓은 이익잉여금보다 많았다",새도약기금은 7년 이상 연체된 5000만 원 이하 무담보채권을 사들여 소각하거나 조정해주는 기금으로... 금융계의 관계자는 “캠코의 금융 기능이 상당히 강해졌는데 이러면 차라리 한국산업은행처럼 부채비율이...,https://www.sedaily.com/article/20042766?ref=naver,1,0.85,rule_keep_score_ge_6_with_hard_match,0.577289,0,pseudo_keep_model_drop,keep,rule_keep_score_ge_threshold,8,은행,연체;채권;금융,
2026-05-13,“이자장사 말라더니”…정부 규제가 오히려 예대마진 키웠다 [금융규제...,"은행별로는 신한은행의 예대금리차가 1.64%p로 가장 높은 마진을 기록했고, NH농협은행(1.55%p), 우리은행(1.50%p), 하나은행(1.46%p), KB국민은행(1.41%p) 순으로 뒤를 이었다. 올 1분기 5대 금융지주의 이자이익은 1년 전...",https://www.dailian.co.kr/news/view/1643368/?sc=Naver,1,0.85,rule_keep_score_ge_6_with_hard_match,0.577368,0,pseudo_keep_model_drop,keep,rule_keep_score_ge_threshold,14,한은;은행;예대금리차,금리;금융,
2026-05-14,"'법 없는 제도화', 국내 가상화폐 시장 목적지는",금융위원회는 지난 5월 1일 가상자산위원회를 통해 오는 6월부터 비영리법인과 가상화폐 거래소의 보유 자산 매도를 허용하기로 결정했다. 회의에서는 상장 시세 급등(상장빔) 현상과 밈코인 거래지원 기준 강화 방안도...,https://www.khgames.co.kr/news/articleView.html?idxno=304288,1,0.85,rule_keep_score_ge_6_with_hard_match,0.577398,0,pseudo_keep_model_drop,keep,rule_keep_score_ge_threshold,16,금융위원회;금융위;가상자산,금융,
2026-05-12,"""'잔인한 금융' 깨야""…고신용 성벽 넘을까[신용잃은 신용점수]③","연체 기록, 카드 이력 등 과거의 기록으로 '현재의 신용점수'가 평가되지, 미래를 예측하지 않는다는 것이다.... 금융권도 즉각 반응하며 신한금융의 경우 신한저축은행에서 신한은행으로 대환을 도와주는 '브링업 밸류업...",https://www.news1.kr/finance/general-finance/6156819,1,0.85,rule_keep_score_ge_6_with_hard_match,0.577422,0,pseudo_keep_model_drop,keep,rule_keep_score_ge_threshold,17,한은;은행;저축은행,대환;연체;금융,
2026-05-18,‘농협 감사 외부화’ 다른 협동조합법과 어긋나,"현행 ‘농협법’과 모순되는 내용은 물론 상호금융의 근간인 ‘신용협동조합법(신협법)’, 국가 최고법인 헌법과도 엇박자를 내는 조항을 포함했다는 비판과 우려가 이어진다. 외부 농협감사위원회 설립과 농협중앙회의...",https://www.nongmin.com/article/20260515500792,1,0.85,rule_keep_score_ge_6_with_hard_match,0.577559,0,pseudo_keep_model_drop,keep,candidate_hybrid_keep_strong_rule_anchor,8,상호금융;신협,,
2026-05-20,'애플 토큰' 주식거래소 안 거치고 24시간 매매,나스닥시장에 상장된 테슬라와 같은 이름의 토큰을 암호화폐거래소에서 매매할 수 있게 되는 것이다. 이를... 이 같은 방안은 ‘크립토 맘’(가상자산의 어머니)으로 불리는 헤스터 퍼스 SEC 위원이 주도한 것으로...,https://www.hankyung.com/article/2026051970871,1,0.85,rule_keep_score_ge_6_with_hard_match,0.578347,0,pseudo_keep_model_drop,keep,candidate_hybrid_keep_strong_domain_rule_anchor,8,가상자산;암호화폐,,
2026-05-14,[MD포커스] “자금줄 막히는 중소기업” 우리은행 대기업대출만 11% 급증...,"우리은행은 올해 1분기 연체율이 0.38%로 전년 동기(0.34%) 대비 상승했고, 고정이하여신(NPL) 비율도 0.32%에서... 하나은행 역시 연체율이 0.32%에서 0.39%로 상승했고, NPL비율도 0.35%에서 0.37%로 높아졌다. 다만 하나금융은...",https://www.mydaily.co.kr/page/view/2026051314162155830,1,0.85,rule_keep_score_ge_6_with_hard_match,0.579524,0,pseudo_keep_model_drop,keep,rule_keep_score_ge_threshold,13,은행;npl,대출;연체;연체율;금융,
2026-05-20,김영빈 “박수현 약속 끝까지 책임지겠다…공주·부여·청양을 AI 역사문...,그는 “변호사 생활을 하며 두나무 회사(가상자산 거래소)에서 일하며 실물 경제가 어떻게 돌아가는지도 알게 됐다”며 “정책과 실물 경제 흐름을 잘 안다는 것이 강점”이라고 말했다. 충남 공주 출신인 김 후보는...,https://www.khan.co.kr/article/202605191811001,1,0.85,rule_keep_score_ge_6_with_hard_match,0.580793,0,pseudo_keep_model_drop,keep,candidate_hybrid_keep_strong_domain_rule_anchor,9,가상자산;두나무,,
2026-05-20,올들어 100조 던진 외국인...왜?,사진=연합뉴스 매일일보 = 김현태 기자  |  국내증시 활황에도 외국인투자자가 올해 들어 코스피 시장에서... 주요국 국채금리가 높아진 점도 국내증시 투자 매력을 떨어뜨리고 있다. 글로벌 채권금리의 벤치마크인 미국...,https://www.m-i.kr/news/articleView.html?idxno=1374344,1,0.85,rule_keep_score_ge_6_with_hard_match,0.581642,0,pseudo_keep_model_drop,keep,candidate_hybrid_keep_overseas_global_reference,10,국채금리;글로벌 채권금리,코스피,
2026-05-19,"하동군, 2차 고유가 피해지원금 신청·접수…소득 하위 70% 대상","군은 신청 과정에서 발생할 수 있는 보이스피싱, 스미싱 피해를 방지하기 위해 각별한 주의를 당부했다. 특히 정부와 군청, 카드사, 은행 등은 신청 관련 URL이 포함된 문자메시지를 발송하지 않으므로 유사 메시지 수신...",https://www.viva100.com/article/20260518500385,1,0.85,rule_keep_score_ge_6_with_hard_match,0.582307,0,pseudo_keep_model_drop,keep,candidate_hybrid_keep_strong_domain_rule_anchor,10,은행;카드사;보이스피싱,,
2026-05-12,"""가계 막히자 SOHO·정책대출로"" 여신 성장 활로 찾는 인터넷은행","카카오뱅크는 소호대출 가운데 보증·담보 대출 비중을 늘리며 연체율을 관리하고, 건전성 부담을 완화하고 있다. 소호대출 내 부동산담보대출의 경우, 담보 물권의 종류와 소재, 지역 등에 따라 대출 한도를 차등...",http://www.fnnews.com/news/202605111824373708,1,0.85,rule_keep_score_ge_6_with_hard_match,0.582559,0,pseudo_keep_model_drop,keep,rule_keep_score_ge_threshold,10,은행,대출;연체;연체율;건전성,
2026-05-19,"두나무, 글로벌 경기 둔화 직격탄…1분기 영업이익 880억원",국내 최대 디지털자산 거래소 업비트를 운영하는 두나무의 올해 1분기 실적이 글로벌 경기 둔화와 가상자산시장의 거래량 위축 여파로 크게 악화됐다. 18일 금융감독원 전자공시시스템에 따르면 두나무의 올해 1분기...,http://www.segyebiz.com/newsView/20260518505006?OutUrl=naver,1,0.85,rule_keep_score_ge_6_with_hard_match,0.582776,0,pseudo_keep_model_drop,keep,candidate_hybrid_keep_strong_domain_rule_anchor,9,금융감독원;가상자산,,
2026-05-21,"“차라리 월급 받고 회사 다닐걸”…2030사장님, 간판 떼고 남은 건 빚 ...","신용도가 상대적으로 낮은 청년층은 1금융권에서 밀려나 비은행권 대출 의존도가 높은데, 같은 통계에서 비은행권 연체율(2.10%)이 은행권(0.19%)의 10배 수준으로 치솟으면서 청년 사업자의 부실이 가속됐다는...",https://www.sedaily.com/article/20046512?ref=naver,1,0.85,rule_keep_score_ge_6_with_hard_match,0.582888,0,pseudo_keep_model_drop,keep,candidate_hybrid_keep_strong_domain_rule_anchor,9,은행권;연체율,대출,
2026-05-21,"李대통령 ""금융 부채, 악착같이 받으면 사회적 부작용 더 커""","이 대통령은 이날 이억원 금융위원장의 업무보고가 끝나고 현재 연체 채권 규모를 이 위원장에게 물으며... 주빌리(은행도) 50년 지나면 다 탕감해줬다""고 꼬집었다. 그러면서 ""자선적 의미에서 한 게 아니고 그렇게 해야...",https://news.einfomax.co.kr/news/articleView.html?idxno=4415966,1,0.85,rule_keep_score_ge_6_with_hard_match,0.583142,0,pseudo_keep_model_drop,keep,candidate_hybrid_keep_strong_domain_rule_anchor,11,금융위,연체;채권;금융,
2026-05-12,[Invest]'현금 500조' 삼성전자은행·SK하이닉스운용이 온다,삼성전자와 SK하이닉스가 올해에만 도합 350조원 규모 신규 현금을 창출할 것으로 전망되면서 금융권이... 외환시장에서도 변화 조짐이 감지된다. 은행권 외환(FX) 담당자들 사이에서는 원·달러 환율이 1300원대까지...,https://www.investchosun.com/site/data/html_dir/2026/05/11/2026051180161.html,1,0.85,rule_keep_score_ge_6_with_hard_match,0.583629,0,pseudo_keep_model_drop,keep,rule_keep_score_ge_threshold,8,은행;환율,달러;금융,
2026-05-17,새마을금고 '1800억 부당대출' 파장 확산…수사 중에도 200억 추가 의혹,"성남 지역 새마을금고에서 발생한 1800억원대 부당대출 사건이 재판에 넘겨진 가운데, 경찰 수사 과정에서... 실제 해당 금고의 건전성 역시 크게 악화된 상태로 알려졌으며, 기존 부당대출 가운데 절반 이상은 현재 연체...",https://www.ebn.co.kr/news/articleView.html?idxno=1709052,1,0.85,rule_keep_score_ge_6_with_hard_match,0.583662,0,pseudo_keep_model_drop,keep,candidate_hybrid_keep_strong_rule_anchor,8,새마을금고,연체;건전성,
2026-05-14,"[정책포커스] 금융위-공정위, 화려한 프랜차이즈 이면의 부당계약 근절...",가맹사업의 불공정한 거래관계 시정 필요 가맹본부와 가맹점이 원만한 관계를 지속하기 위해서는 서로 대등한 관계를 보장받을 수 있어야 한다. 그러나 현실적으로 그렇지 않다. 이러한 불공정한 관계를 이용해서...,http://www.sisacast.kr/news/articleView.html?idxno=95839,1,0.85,rule_keep_score_ge_6_with_hard_match,0.583963,0,pseudo_keep_model_drop,keep,rule_keep_score_ge_threshold,9,금융위,가맹점;실적;금융,
2026-05-15,[데스크 칼럼] '잔인한 금융'의 공범들,연체라도 발생하면 CET1 비율이 흔들린다. 건전성 규제가 은행이 중금리 대출을 꺼릴 수밖에 없는 요인이 된 것이다. 고객 정보 활용은 제한 은행의 발목을 잡는 또 다른 규제는 개인정보 이용 법규다. 은행과 증권사...,https://www.hankyung.com/article/2026051473071,1,0.85,rule_keep_score_ge_6_with_hard_match,0.584544,0,pseudo_keep_model_drop,keep,candidate_hybrid_keep_strong_rule_anchor,13,은행;증권사,금리;대출;연체;건전성;금융,
2026-05-21,'보험사기'도 AI로 잡는다,"보험사기 적발액은 지난해 1조1571억원(금감원 기준)으로 보이스피싱 피해액 1조566억원보다 많다. 미적발 추정액까지 합치면 민간보험사 약 8조원, 건강보험 약 2조원으로 총 10조원에 달할 것으로 추산된다. 금융위는...",https://www.mt.co.kr/finance/2026/05/21/2026052020060514350,1,0.85,rule_keep_score_ge_6_with_hard_match,0.584783,0,pseudo_keep_model_drop,keep,candidate_hybrid_keep_strong_domain_rule_anchor,16,금감원;금융위;보이스피싱,,
2026-05-12,"신용평가사는 돈벌이 치중, 금융당국은 사고 터져야 검사","실제로 지난해 홈플러스 사태가 터졌을 때 금감원은 신평사들에 대한 검사에 착수했다. 그전까지 제대로... 윤 대표는 스탠다드차타드(SC)은행에서는 소매금융 부행장, 비자(Visa)에서는 한국·몽골 지역 총괄 사장을...",https://www.naeil.com/news/read/588160?ref=naver,1,0.85,rule_keep_score_ge_6_with_hard_match,0.586322,0,pseudo_keep_model_drop,keep,rule_keep_score_ge_threshold,10,금감원;은행,금융,
2026-05-20,가계빚 1993조원 역대 최대…영끌·빚투에 1분기 14조 증가,반면 예금은행 가계대출은 3년 만에 처음 감소했다. 업계에서는 최근 주택 매매 거래 회복과 증시 투자 수요가 동시에 확대되면서 가계부채 증가 압력이 커지고 있다는 분석이 나온다. 특히 은행권 대출 규제가...,https://www.sentv.co.kr/article/view/sentv202605190097,1,0.85,rule_keep_score_ge_6_with_hard_match,0.586941,0,pseudo_keep_model_drop,keep,candidate_hybrid_keep_strong_domain_rule_anchor,8,은행권;가계부채,대출,
2026-05-21,금리 뛰는데도 금융주 주춤...그래도 ‘사라’는 증권가 [코주부],"제주은행(006220)(-2.84%), 케이뱅크(279570)(-2.74%), 기업은행(024110)(-1.46%), 카카오뱅크(323410)(-1.13... 따른 연체 증가 가능성은 존재하지만, 대손비용 증가는 이자이익 증가로 충분히 상쇄할 수 있다“고 평가했다. 정...",https://www.sedaily.com/article/20046522?ref=naver,1,0.85,rule_keep_score_ge_6_with_hard_match,0.587286,0,pseudo_keep_model_drop,keep,candidate_hybrid_keep_strong_domain_rule_anchor,8,기업은행,금리;연체,
2026-05-19,이재명式 포용금융 눈치봤나 … 주담대 내린 카뱅의 수상한 계산기 [비...,"연체율 역시 0.51%로 전년 동기 대비 0.01%포인트 상승했다. 중·저신용자 확대와 공격적 금리 전략이 동시에 진행되면서 건전성과 수익성 관리 부담도 커지고 있다는 의미다. 한 금융권 고위 관계자는 ""인터넷은행은...",https://biz.newdaily.co.kr/site/data/html/2026/05/18/2026051800252.html,1,0.85,rule_keep_score_ge_6_with_hard_match,0.587447,0,pseudo_keep_model_drop,keep,candidate_hybrid_keep_strong_domain_rule_anchor,9,인터넷은행;연체율,금리,
2026-05-21,"[포커스] BC카드, '케이뱅크 리스크' 줄였지만 결제망 수익 시험대","BC카드는 인터넷은행 투자 리스크를 일정 부분 덜었지만, 카드 결제 프로세싱과 매입 업무에서 나오는... 대출채권은 단기간 수익을 보완할 수 있지만, 경기 둔화나 연체 증가 국면에서는 건전성 부담으로 돌아올 수...",https://www.startuptoday.co.kr/news/articleView.html?idxno=801567,1,0.85,rule_keep_score_ge_6_with_hard_match,0.588581,0,pseudo_keep_model_drop,keep,candidate_hybrid_keep_strong_domain_rule_anchor,8,인터넷은행,연체;건전성,
2026-05-12,"페퍼저축은행, 신임 대표에 데이비드 유 드레이크…구원투수 될까","반면 연체율은 6.14%로 개선되며 업권 평균(6.04%)과 유사한 수준을 유지했다. 올해 들어서는 예산 집행 통제 미흡, 배당정책 비합리성, 임원 성과평가 기준의 객관성 부족 등으로 금융당국으로부터 경영유의사항 11건 등...",https://www.newsway.co.kr/news/view?ud=2026051115201808485,1,0.85,rule_keep_score_ge_6_with_hard_match,0.588608,0,pseudo_keep_model_drop,keep,rule_keep_score_ge_threshold,12,은행;저축은행,연체;연체율;금융,
2026-05-14,"진옥동 회장, 해외 IR 발로 뛴다…'글로벌 신한' 세일즈 본격화","아메리카신한은행은 지난해 183억7200만원의 순이익을 거두며 전년 대비 278.6% 증가했다. 멕시코신한은행도... 국내 금융시장이 가계대출 관리 강화와 순이자마진(NIM) 둔화 압력에 놓인 상황에서, 해외 이익 기반 확대는...",https://news.tf.co.kr/read/economy/2322060.htm,1,0.85,rule_keep_score_ge_6_with_hard_match,0.590225,0,pseudo_keep_model_drop,keep,rule_keep_score_ge_threshold,11,한은;은행,대출;순이익;금융,
2026-05-14,"IBK기업은행 ""생산적 금융 대전환""…2030년까지 300조원 투입","중소기업 대출 연체율 우려에 대해서는 ""타임래그가 있을 것으로 보인다""며 ""정책금융기관으로서 중소기업 지원에 우선 집중하겠다""고 설명했다. 300조원 투자로 첨단산업 집중 지원…AI 뱅킹 전면 전환 기업은행이...",http://www.globalepic.co.kr/view.php?ud=2026051309444329537cc35ccc5c_29,1,0.85,rule_keep_score_ge_6_with_hard_match,0.590380,0,pseudo_keep_model_drop,keep,rule_keep_score_ge_threshold,9,은행,대출;연체;연체율;금융,
2026-05-14,포용금융 전면에 선 새마을금고…수익성 부담 속 '역할 확대' 시험대,"중저신용자 대출 비중이 확대될 경우 연체율이 다시 상승할 가능성도 제기된다. 새마을금고중앙회 관계자는 ""그동안 쌓아온 적립금과 자본 여력이 있는 만큼, 서민금융 공급을 전혀 하지 못하는 상황은 아니다""라며...",https://www.econovill.com/news/articleView.html?idxno=739945,1,0.85,rule_keep_score_ge_6_with_hard_match,0.590691,0,pseudo_keep_model_drop,keep,rule_keep_score_ge_threshold,10,새마을금고,대출;연체;연체율;금융,
2026-05-21,"'국장 비중' 늘리는 국민연금, '28일'에 온 국민 주목 [뉴스톡 웰스톡]","의사결정""이라며 ""금융시장 동향과 향후 전망, 기금의 수익성, 안정성을 고려한 심도 깊은 논의와... 29p(2.61%) 빠진 1056.07로 장을 마감했다. 서울외환시장에서 원/달러 환율은 1.0원 내린 1506.8원에 거래를 마쳤다.",http://www.newswell.co.kr/news/articleView.html?idxno=18850,1,0.85,rule_keep_score_ge_6_with_hard_match,0.590760,0,pseudo_keep_model_drop,keep,candidate_hybrid_keep_strong_domain_rule_anchor,9,원/달러;외환시장,달러,
2026-05-20,"[1.5금융②] 靑 ""체리피킹 안돼""...인뱅 ""충당금 폭탄에 대출 한계""",중·저신용자들이 은행들이 세워놓은 높은 성벽을 넘지 못해 금리가 높은 제2금융권으로 밀려나고 있는 것.... 높은 중저신용대출 비중 탓에 연체율이 높은 인터넷은행에는 부담이 클 수밖에 없다. 가계여신의 경우 고정...,https://www.insightkorea.co.kr/news/articleView.html?idxno=246681,1,0.85,rule_keep_score_ge_6_with_hard_match,0.591190,0,pseudo_keep_model_drop,keep,candidate_hybrid_keep_strong_domain_rule_anchor,9,인터넷은행;충당금,대출,
2026-05-20,"JB금융 '효자' 우리캐피탈, 건전성은 '숙제'","다만 JB우리캐피탈의 외형이 빠르게 커지는 과정에서 NPL비율과 연체율, 충당금 부담도 함께 높아지면서 비은행 포트폴리오 관리가 과제로 떠올랐다.19일 금융권에 따르면 JB금융의 올해 1분기 지배주주지분...",https://news.mtn.co.kr/news-detail/2026051914122640640,1,0.85,rule_keep_score_ge_6_with_hard_match,0.591611,0,pseudo_keep_model_drop,keep,candidate_hybrid_keep_strong_domain_rule_anchor,12,npl;연체율;충당금,,
2026-05-15,롯데카드 실적 개선에도 매각 '난항'···왜?,가맹점 수수료율 인하 압박이 반복되는 가운데 카드론 총량 관리와 연체율 상승 우려까지 겹치며 수익성과 건전성이 동시에 흔들리고 있다. 실제로 카드사들은 비용 절감과 대손충당금 관리로 수익을 방어하고 있지만...,https://www.sisajournal-e.com/news/articleView.html?idxno=421083,1,0.85,rule_keep_score_ge_6_with_hard_match,0.592074,0,pseudo_keep_model_drop,keep,candidate_hybrid_keep_strong_rule_anchor,18,카드사;충당금,연체;연체율;수수료;가맹점;카드론;건전성;실적,
2026-05-13,"IBK기업은행장 ""'원화스테이블코인' 시장 수혜자 될 것…지역 이전 언급...","'생산적·포용금융 확대' 시행과 중소기업 대출 연체 건전성 위기 및 하반기 기준금리 인상에 따른 연체율 상승의 상황적 맞물림에는 ""'타임래그'가 있다고 본다""며 ""당장은 연체율 큰 변화는 일어나지 않는 것으로 보고...",https://weekly.hankooki.com/news/articleView.html?idxno=7163746,1,0.85,rule_keep_score_ge_6_with_hard_match,0.593646,0,pseudo_keep_model_drop,keep,rule_keep_score_ge_threshold,16,은행;기준금리,금리;대출;연체;연체율;건전성;원화;금융,
2026-05-14,"신한투자증권, 자본 재배치 시대 맞춰 생산적 금융 교육",은행이 기술금융 등 자금 공급을 넓힌다면 증권사는 기업금융(IB)을 통한 모험자본 투자와 상장(IPO) 등 자본 공급의 가교 역할을 수행해야 한다는 분석이다. 벤처캐피털(VC) 역시 재투자 촉진자로서 비중이 커질 것으로...,https://www.pointdaily.co.kr/news/articleView.html?idxno=304735,1,0.85,rule_keep_score_ge_6_with_hard_match,0.594824,0,pseudo_keep_model_drop,keep,rule_keep_score_ge_threshold,11,은행;증권사;ipo,금융,
2026-05-12,'연체 0%대' 우량 DNA … 전국 1200개 새마을금고에 이식한다,방문 연체율 두자릿수 우려 딛고 깜깜이대출 차단 등 개혁 나서 서울 서대문구 홍은동 산자락 밑의... 이곳의 대출 연체율은 0.97%. 1%가 채 안 된다. 전국 새마을금고 평균 연체율은 작년 말 기준 5.08%였다. 전국 평균의...,https://www.mk.co.kr/article/12043520,1,0.85,rule_keep_score_ge_6_with_hard_match,0.595617,0,pseudo_keep_model_drop,keep,rule_keep_score_ge_threshold,9,새마을금고,대출;연체;연체율,
2026-05-12,"1분기 GDP 1.7% 깜짝 성장…구윤철 ""올해 2% 이상 성장 기대""","치솟았던 원/달러 환율이 최근 1470원대로 내려온 것과 관련해서는 ""환율 수준은 시장에서 결정되는 것... 대외 금융시장에 대해서도 비교적 안정적이라는 평가를 내놨다. 그는 세계국채지수(WGBI) 편입 이후 지난...",https://www.ebn.co.kr/news/articleView.html?idxno=1708332,1,0.85,rule_keep_score_ge_6_with_hard_match,0.595853,0,pseudo_keep_model_drop,keep,rule_keep_score_ge_threshold,8,환율;국채,달러;금융,
2026-05-14,[뉴욕증시] 물가보다 뜨거운 AI 열풍 '또 최고치'···네비우스 15% 폭등,다만 연준의 금리 전망에 민감한 2년 만기 국채 금리는 전장보다 1.1bp 하락한 3.985%를 기록했다. 하지만 장중에는 4.017%까지 오르기도 했다. 미 달러화 가치는 사흘 내리 강세를 보였다. 주요 6개 통화 대비 달러의...,https://www.seoulfn.com/news/articleView.html?idxno=628726,1,0.85,rule_keep_score_ge_6_with_hard_match,0.596057,0,pseudo_keep_model_drop,keep,rule_keep_score_ge_threshold,10,연준;국채,금리;달러,
2026-05-14,"한화생명, 전방위 실적 개선…투자·해외이익 확대에 CSM도 순증",연체율은 0.76%로 전분기(0.74%)에서 소폭 상승했고 NPL 비율도 0.59%로 전분기(0.56%) 대비 올랐다. 수치 자체는 아직 관리 범위 내에 있으나 5개 분기 연속 상승세가 이어지고 있어 자산 건전성 추이는 지켜볼 필요가...,https://www.newstopkorea.com/news/articleView.html?idxno=44918,1,0.85,rule_keep_score_ge_6_with_hard_match,0.596065,0,pseudo_keep_model_drop,keep,rule_keep_score_ge_threshold,11,npl,연체;연체율;건전성;실적,
2026-05-21,"[기업 인사이트] 특혜엔 '책임', 과점엔 '경쟁'을…금융규제 '황금비율...","5대 시중은행이 전체 예금의 70% 이상을 점유하는 구조 속에서, 예대금리차를 활용한 이자이익 편중이 해마다 반복된다. 2025년에도 4대 금융지주의 이자이익 합계는 42조 9618억원에 달했다. 문제는 이 막대한 이익이...",https://www.asiatoday.co.kr/kn/view.php?key=20260520010005789,1,0.85,rule_keep_score_ge_6_with_hard_match,0.596570,0,pseudo_keep_model_drop,keep,candidate_hybrid_keep_strong_domain_rule_anchor,8,시중은행;예대금리차,,
2026-05-14,웰컴저축은행 1000억 규모 대출사기…어떻게 가능했나,"웰컴저축은행 관계자는 ""사건을 인지할 시점까지도 대출 연체가 거의 없었는데 감리하는 과정에서 이상점을 발견해 금감원과 같이 밝혀낸 내용""이라며 ""중소기업과 소상공인을 지원하는 자금 공급 사업으로 개척한...",https://www.newsis.com/view/NISX20260513_0003627530,1,0.85,rule_keep_score_ge_6_with_hard_match,0.597223,0,pseudo_keep_model_drop,keep,rule_keep_score_ge_threshold,16,금감원;은행;저축은행,대출;연체,
2026-05-19,"'리딩뱅크' 양종희號 KB금융, 포용금융서도 압도적 1등","전 금융권의 중금리대출 규모는 전년 대비 3조원 이상 감소했다. 금융위원회에 따르면, 2025년 시중은행... 일각에서는 연체율이 높은 중금리대출 잔액이 높을수록 건전성 관리에도 어려움이 있을 것이라는 우려도...",https://realty.chosun.com/site/data/html_dir/2026/05/18/2026051803240.html,1,0.85,rule_keep_score_ge_6_with_hard_match,0.597283,0,pseudo_keep_model_drop,keep,candidate_hybrid_keep_strong_domain_rule_anchor,18,금융위원회;금융위;시중은행,건전성,
2026-05-15,"""신용점수 900점도 불합격""···은행권, 신용평가 패러다임 바꾼다","올해 1분기 기준 중저신용자 대출 비중은 32.3%, 총 여신 연체율은 0.51%로 집계됐다. 토스뱅크는 자체 개발 모델 TSS를 통해 지난 2024년 말까지 중저신용자 약 13만1000명을 재평가했다. 다만 2024년 1분기 기업대출 연체율이...",https://www.newsfreezone.co.kr/news/articleView.html?idxno=689770,1,0.85,rule_keep_score_ge_6_with_hard_match,0.597625,0,pseudo_keep_model_drop,keep,candidate_hybrid_keep_strong_rule_anchor,8,은행,대출;연체;연체율,
2026-05-15,단기 급등에 숨 가쁜 롤러코스피…공포지수 이란 사태 이후 최고치 [투...,실제로 주가 하락에 베팅하는 공매도 대기 자금은 빠르게 증가하고 있다. 금융투자협회에 따르면 지난 11일... 통상 공매도의 선행 지표로 여겨진다. 공매도는 투자자가 주식을 빌려 먼저 매도한 뒤 향후 주가가...,https://biz.heraldcorp.com/article/10738259?ref=naver,1,0.85,rule_keep_score_ge_6_with_hard_match,0.597779,0,pseudo_keep_model_drop,keep,candidate_hybrid_keep_strong_rule_anchor,8,공매도,주가;주식;코스피;금융,
2026-05-21,"[6·3지선] 박형준 '부산 완성론'②…""청년 1억원, 부산찬스"" 승부수","다만 STO(토큰증권) 기반 운용 구조와 장기 재정 안정성에 대한 검증 필요성도 제기된다. 이에 박 후보는 ""청년미래기금은 공격적 고수익 모델이 아니라 보수적 안정 운용을 전제로 설계됐다""며 ""부산 개발사업의 이익을...",http://www.newsprime.co.kr/news/article.html?no=734139,1,0.85,rule_keep_score_ge_6_with_hard_match,0.597892,0,pseudo_keep_model_drop,keep,candidate_hybrid_keep_strong_domain_rule_anchor,10,토큰증권;sto,,
2026-05-13,"""1000만원 빚이 4400만원으로""···李대통령, '약탈적 금융'과의 전쟁 선...","특히 원금을 초과하는 과도한 연체 이자 증식을 막기 위한 이자 제한 조치와 함께, 시중은행이 부실채권을 매각할 때 채무자 보호 조항을 의무화하는 가이드라인을 대폭 강화할 것으로 보인다. 또한 금융당국을 동원해...",https://www.ziksir.com/news/articleView.html?idxno=133548,1,0.85,rule_keep_score_ge_6_with_hard_match,0.598445,0,pseudo_keep_model_drop,keep,rule_keep_score_ge_threshold,14,은행;부실채권,연체;부실;채권;금융,
2026-05-13,“암보험 갈아탔다가 보험금 못 받았다”…부당승환 주의보,"제재 사례가 GA 내부통제 부실 사례로 거론되는 가운데, 금융당국은 설계사 개인보다 보험회사와 GA의... 금감원은 일부 영업조직의 정착지원금 경쟁이 과열됐다고 봤다. 금감원은 “정착지원금 수령 후 신계약...",https://m.skyedaily.com/news_view.html?ID=303915,1,0.85,rule_keep_score_ge_6_with_hard_match,0.598738,0,pseudo_keep_model_drop,keep,rule_keep_score_ge_threshold,9,금감원,부실;금융,
2026-05-15,"[권가림의 금만세] [단독] 은행권, 금융위에 특금법 의견서 제출…""무조...","""의심거래보고마다 계좌 정지하면 결국 고객 피해"" 강화된 고객확인(EDD) 의무에 책임 소재 불분명 아주경제... 최근 보이스피싱과 자금세탁 범죄가 늘어나는 만큼 의심거래를 보다 면밀히 관리하겠다는 취지다. 다만...",https://www.ajunews.com/view/20260514153405801,1,0.85,rule_keep_score_ge_6_with_hard_match,0.599490,0,pseudo_keep_model_drop,keep,candidate_hybrid_keep_strong_rule_anchor,10,금융위;은행,금융,
2026-05-15,"[속보]다우 5만선 돌파·나스닥 또 뛰었다…15일 미국 뉴욕 증시, AI 랠리...","시장에서는 미 연방준비제도(Fed·연준)의 금리 경로와 함께 국제 유가 흐름, 중동 리스크, 미·중 정상회담 결과 등을 동시에 주시하는 분위기다. 특히 투자자들은 AI 인프라 투자 확대와 데이터센터 수요 증가가...",https://www.cbci.co.kr/news/articleView.html?idxno=574688,1,0.85,rule_keep_score_ge_6_with_hard_match,0.599570,0,pseudo_keep_model_drop,keep,candidate_hybrid_keep_strong_rule_anchor,11,연준;fed,금리,
2026-05-13,"장민영 기업은행장 ""포용금융, 단순 저금리 대출 아냐…금융 전주기 지...","장민영 IBK기업은행장. [사진: 이지영 기자] IBK기업은행이 중소기업 지원과 AI 기반 디지털 전환, 포용금융... 또 ""현재는 이자를 3개월 연체하면 고정 이하 여신으로 분류되는데 소액대출의 경우 상각 범위를 최대 60%까지...",https://www.digitaltoday.co.kr/news/articleView.html?idxno=664869,1,0.85,rule_keep_score_ge_6_with_hard_match,0.599802,0,pseudo_keep_model_drop,keep,rule_keep_score_ge_threshold,8,은행,금리;대출;연체;금융,
2026-05-12,"[퇴근길머니] 7,900선 넘보는 코스피…""더 오른다"" vs ""떨어진다""","공매도 투자에 활용되는 주식 대차거래 잔고는 사상 처음으로 180조 원을 돌파했습니다. 올 들어 코스피가 70% 넘게 오른 상황에서도 증권사들은 목표치를 계속 올리고 있습니다. 8,000선은 이제 ‘뉴노멀’이라는 평가까지...",http://www.yonhapnewstv.co.kr/news/MYH20260511172626v8R,1,0.85,rule_keep_score_ge_6_with_hard_match,0.600251,0,pseudo_keep_model_drop,keep,rule_keep_score_ge_threshold,9,증권사;공매도,주식;코스피,
2026-05-12,"“1000만원 빚이 4400만원으로, 죽기 전엔 빚 조정 어려워”···은행도...",많다”며 “연체 20년이 넘은 채권은 이제는 상각해야 할 때”라고 말했다. 또다른 부실채권 업계 관계자는 “은행과 카드사들이 겉으로는 포용금융에 적극적으로 참여하는 척하면서 뒤로는 상록수의 존재와 대상...,https://www.khan.co.kr/article/202605120600051,1,0.85,rule_keep_score_ge_6_with_hard_match,0.600429,0,pseudo_keep_model_drop,keep,rule_keep_score_ge_threshold,17,은행;카드사;부실채권,연체;부실;채권;금융,
2026-05-12,"""아파트 포기하니 DSR 한도 열렸다"" … 주담대 포기한 청년들, 마통 뚫어...","증시가 급락할 경우 개인 투자자의 손실뿐 아니라 금융권 연체율 상승으로 이어질 수 있다는 우려도... 확대로 증시가 하락할 경우, 은행권 연체율 상승을 이끄는 부실 뇌관이 될 수 있다""고 설명했다. 뉴데일리 윤세라",https://biz.newdaily.co.kr/site/data/html/2026/05/11/2026051100091.html,1,0.85,rule_keep_score_ge_6_with_hard_match,0.601631,0,pseudo_keep_model_drop,keep,rule_keep_score_ge_threshold,14,은행;dsr,연체;연체율;부실;금융,
2026-05-20,“지속가능 포용금융 ‘건전성 원칙’ 중요” [이슈&뷰],"김용기 회장은 “금융회사는 기본적으로 수익성과 건전성을 고려해야 하고 감당할 수 없는 위험을 떠안을... 시중은행은 물론 인터넷은행, 상호금융 등 서민금융기관까지도 고신용·고담보 차주 위주로 영업을 하면서...",https://biz.heraldcorp.com/article/10740816?ref=naver,1,0.85,rule_keep_score_ge_6_with_hard_match,0.601661,0,pseudo_keep_model_drop,keep,candidate_hybrid_keep_strong_domain_rule_anchor,14,시중은행;인터넷은행;상호금융,건전성,
2026-05-20,“외환망 안으로 들어온 디지털자산…무역업체 수요 확대될 것”,이번 개정으로 ‘디지털자산이전업’이라는 별도 카테고리가 신설되면서 가상자산사업자(VASP)가 국경 간... 국내 디지털자산 시장은 거래소별로 유동성이 분산돼 있어 일정 규모 이상의 주문을 단일 거래소에서 체결하면...,https://biz.heraldcorp.com/article/10740756?ref=naver,1,0.85,rule_keep_score_ge_6_with_hard_match,0.602624,0,pseudo_keep_model_drop,keep,candidate_hybrid_keep_strong_domain_rule_anchor,8,가상자산;디지털자산,,
2026-05-19,"[송민택 교수의 D-엣지]포용금융, 성장성과 건전성의 간극","금융당국이 가계부채 관리와 연체율 안정, 금융권 리스크 관리 등 건전성 강화를 강조하기 때문이다. 이는 금융시스템 안정 차원에서 불가피한 선택이기도 하다. 다만 현재의 건전성 체계는 담보와 재무제표, 예측 가능한...",https://www.etnews.com/20260518000150,1,0.85,rule_keep_score_ge_6_with_hard_match,0.603188,0,pseudo_keep_model_drop,keep,candidate_hybrid_keep_strong_domain_rule_anchor,9,연체율;가계부채,건전성,
2026-05-14,[기획] '약탈적 금융'부터 '국민배당금'까지...李 정부가 던진 금융 화두...,"금융권에서는 ""취약차주 지원 확대 필요성에는 공감하지만 건전성 부담과 수익성 악화 우려도 함께 커지고... 또 ""신협·새마을금고 등 서민금융기관도 본래 설립 취지와 달리 일반 은행처럼 운영되는 측면이 있다""며...",https://www.polinews.co.kr/news/articleView.html?idxno=731080,1,0.85,rule_keep_score_ge_6_with_hard_match,0.603451,0,pseudo_keep_model_drop,keep,rule_keep_score_ge_threshold,14,은행;새마을금고;신협,건전성;금융,
2026-05-20,1분기 가계 대출 1865조···13조나 가파르게 증가세,"예금은행 가계대출이 감소한 것은 2023년 1분기 이후 처음이다. 이혜영 한국은행 금융통계팀장은 ""가계부채 관리 기조 영향으로 은행권이 보다 보수적으로 대출을 운영한 부분이 있었다""며 ""기타대출은 상여금 등을...",https://www.newspim.com/news/view/20260519000509,1,0.85,rule_keep_score_ge_6_with_hard_match,0.603614,0,pseudo_keep_model_drop,keep,candidate_hybrid_keep_strong_domain_rule_anchor,9,한국은행;가계부채,대출,
2026-05-20,[금융家]1분기 연체율 상승에도 한숨 돌린 은행권…하반기 '고유가' 덮치...,"1분기 연체율이 상승 곡선을 그리면서 위기감이 고조되는 분위기지만, 금융권 안팎에서는 이를 즉각적인 부실 징후로 보기보다는 '계절적 요인'에 기인한 착시 현상이라는 분석이 우세하다. 다만, 경기 양극화와 고금리...",https://www.megaeconomy.co.kr/news/newsview.php?ncode=1065573617413102,1,0.85,rule_keep_score_ge_6_with_hard_match,0.603782,0,pseudo_keep_model_drop,keep,candidate_hybrid_keep_strong_domain_rule_anchor,11,은행권;연체율,부실;금융,
2026-05-13,"[현장] '순익·연체율 낙관' 장민영 기업은행장, '비은행 수익'은 당면과...","대출 연체율 상승에 따른 우려에 대해선 낙관했지만, 비은행 수익성 확대는 풀어야 할 당면 과제로 꼽았다.... 건전성 지표인 연체율도 악화됐다. 1분기 총연체율은 0.95%로 1년 전(0.91%)에 비해 0.04%p 상승했으며 지난해...",http://www.hansbiz.co.kr/news/articleView.html?idxno=838257,1,0.85,rule_keep_score_ge_6_with_hard_match,0.604383,0,pseudo_keep_model_drop,keep,rule_keep_score_ge_threshold,10,은행,대출;연체;연체율;건전성,
2026-05-16,코인 한파 직격타…두나무·빗썸 1분기 실적 쇼크,대형 가상자산 거래소 운영사 두나무와 빗썸의 1분기 순이익이 나란히 감소했다. 15일 금융감독원 전자공시시스템에 따르면 두나무의 연결 기준 올해 1분기 매출은 2346억원으로 전년 동기 대비 54.6% 감소했다. 같은...,https://news.bizwatch.co.kr/article/mobile/2026/05/15/0045,1,0.85,rule_keep_score_ge_6_with_hard_match,0.605526,0,pseudo_keep_model_drop,keep,candidate_hybrid_keep_strong_rule_anchor,10,금융감독원;가상자산,실적,
2026-05-20,'영끌→빚투' 끝난 줄 알았더니⋯1분기 가계빚 1993조 '또 역대급',"은행권 가계대출 감소세에는 주택대출 증가폭이 4조8000억원에서 3000억원으로 급감한 데다 기타대출도 1조2000억원 증가에서 6000억원 감소로 돌아선 영향이다. 반면 저축은행과 상호금융, 신협 등 비은행기관의...",https://www.etoday.co.kr/news/view/2585881,1,0.85,rule_keep_score_ge_6_with_hard_match,0.606062,0,pseudo_keep_model_drop,keep,candidate_hybrid_keep_strong_domain_rule_anchor,16,은행권;저축은행;상호금융;신협,,
2026-05-20,[가상화폐 시세] 비트코인 1억1000만원선에서 소폭 상승…이더리움 317만...,"19일 암호화폐거래소 빗썸에 따르면 오전 9시28분 기준 비트코인은 전 거래일 대비 1%(113만4000원) 상승한... 가상자산 전문매체 코인데스크는 ""비트코인은 5월의 모든 상승분을 내주며 7만7000달러 아래로...",http://www.econonews.co.kr/news/articleView.html?idxno=438577,1,0.85,rule_keep_score_ge_6_with_hard_match,0.606533,0,pseudo_keep_model_drop,keep,candidate_hybrid_keep_strong_domain_rule_anchor,8,가상자산;암호화폐,,
2026-05-20,"홍성규 후보 “경기도, 행복지수 세계 10위로…‘서울 빨리 가는 도시’...","도내 상호저축은행·새마을금고·신용협동조합 등 서민금융기관과의 협력 및 지원도 수행할 계획”이라고... 그는 “공공은행은 일반은행이 아닌 특수은행”이라며 “IBK기업은행, 한국산업은행, 한국수출입은행, NH농협은...",https://www.etoday.co.kr/news/view/2585865,1,0.85,rule_keep_score_ge_6_with_hard_match,0.606635,0,pseudo_keep_model_drop,keep,candidate_hybrid_keep_strong_domain_rule_anchor,18,저축은행;새마을금고;산업은행;기업은행,,
2026-05-17,재테크 강의 들었다가 악몽 시작...가짜거래소에 9천 털렸다 [조선피싱...,"금감원 관계자는 ""신고된 가상자산사업자는 텔레그램 등 온라인을 통해 가상자산거래소 가입을 권하지 않는다""며 "" 금융정보분석원에 미신고된 가상자산사업자는 사기 목적의 가짜 거래소일 가능성이 높기 때문에 반드시...",http://www.fnnews.com/news/202605151423356424,1,0.85,rule_keep_score_ge_6_with_hard_match,0.607502,0,pseudo_keep_model_drop,keep,candidate_hybrid_keep_strong_rule_anchor,9,금감원;가상자산,,
2026-05-20,해외주식 양도소득세 종료… 국내 금융시장으로 몰리는 서학개미들,"'서학개미'들이 해외주식을 매도하고 국내 금융 시장으로 접어드는 흐름이 가속화되고 있다. 이런 움직임... 이런 상황 속에서도 원/달러 환율은 일부 반등을 시도하고 있지만, 외국인 투자자의 국내 주식 순매도로...",https://www.gokorea.kr/news/articleView.html?idxno=866885,1,0.85,rule_keep_score_ge_6_with_hard_match,0.607573,0,pseudo_keep_model_drop,keep,candidate_hybrid_keep_strong_domain_rule_anchor,11,원/달러;국내 금융시장,주식;달러;금융,
2026-05-12,"[부자들의 투자노트] JP모건 ""美강세장 계속될 것…포폴에 인플레 보호...",이란에 대한 공격이 재개돼 유가가 120달러까지 치솟는다면 채권시장에서는 30년물 국채금리가 5% 위로 올라가는 것을 보게 될 것입니다. 그렇게 되면 사람들의 긍정적인 전망도 약해지기 시작하겠죠. 하지만 저희가 지난...,https://biz.sbs.co.kr/article_hub/20000309623?division=NAVER,1,0.85,rule_keep_score_ge_6_with_hard_match,0.609036,0,pseudo_keep_model_drop,keep,rule_keep_score_ge_threshold,11,국채;국채금리,금리;채권;달러,
2026-05-15,"[인뱅 삼국지③] 케이뱅크, 상장 성공했지만 수익성·성장성 '시험대'.....",설립 초기 자본 확충 난항으로 고사 위기까지 몰렸지만 염원이던 기업공개(IPO)도 성공하며 코스피 상장사로서 시중은행과 어깨를 나란히 하고 있다. 다만 경쟁사인 카카오뱅크(대표 윤호영)에 비해 부진한 외형 성장과...,http://www.consumernews.co.kr/news/articleView.html?idxno=755708,1,0.85,rule_keep_score_ge_6_with_hard_match,0.609813,0,pseudo_keep_model_drop,keep,candidate_hybrid_keep_strong_rule_anchor,9,은행;ipo,코스피,
2026-05-19,"“은행들 주주환원 확대 경쟁, 펀더멘털 약화 초래할 수도”",밸류업 정책(기업가치 제고 계획)으로 은행 지주사마다 경쟁적으로 주주환원을 확대하면서 금융그룹... 과정에서 연체율 상승과 자산 건전성 악화 가능성이 있다”고 기재했다. 김태현 한기평 금융1실장은...,https://www.hani.co.kr/arti/economy/finance/1259240.html,1,0.85,rule_keep_score_ge_6_with_hard_match,0.610091,0,pseudo_keep_model_drop,keep,candidate_hybrid_keep_strong_domain_rule_anchor,9,은행;연체율,건전성,
2026-05-21,10거래일째 코스피 파는 외국인…달러·원 1510원 돌파,20일 오전 9시 6분 서울외환시장에서 달러·원 환율은 전일 오후 3시 30분 대비 5.0원 오른 1512.80원에 거래... 보다 근본적으로는 미국 국채의 장기물 금리 급등세가 신흥국으로 분류되는 국내 금융시장의 이탈을 이끌고...,https://www.news1.kr/finance/market-exr/6172205,1,0.85,rule_keep_score_ge_6_with_hard_match,0.610716,0,pseudo_keep_model_drop,keep,candidate_hybrid_keep_strong_domain_rule_anchor,12,외환시장;국내 금융시장,금리;코스피;달러,
2026-05-13,조달금리 오르고 상생금융 압박… 카드업계 ‘겹시름’,여기에 중·저신용자 비중 확대에 따른 연체율 상승과 건전성 악화 가능성도 부담 요인으로 꼽힌다. 업계에서는 카드사들의 보수적인 경영 기조가 당분간 이어질 것으로 보고 있다. 한 카드업계 관계자는 “공격적인...,https://www.munhwa.com/article/11588327?ref=naver,1,0.85,rule_keep_score_ge_6_with_hard_match,0.610898,0,pseudo_keep_model_drop,keep,rule_keep_score_ge_threshold,11,카드사,금리;연체;연체율;건전성;금융,
2026-05-20,[카드사 실적 점검] [신한카드] 외형 1위 수성한 박창훈…수익성 선두 ...,"여신금융협회에 따르면, 신한카드의 올해 1분기 개인 신용판매액은 33조5085억원으로 전년 동기(31조9578억원) 대비 4.9% 증가했다. 특히 신한카드의 지난해 신용판매결제 기준 시장점유율 17.0%를 기록하며 업계 1위를...",https://news.dealsitetv.com/articles/170470,1,0.85,rule_keep_score_ge_6_with_hard_match,0.610936,0,pseudo_keep_model_drop,keep,candidate_hybrid_keep_strong_domain_rule_anchor,10,카드사;여신금융협회,실적,
2026-05-12,"“한은 신현송 체제, 오히려 디지털자산에 기회될 수 있다”","△티모시 신=신 총재는 지난달 15일 인사청문회에서 “과거에는 스테이블코인이나 가상자산에... 과거에는 디지털자산을 단순 거래소 거래 용도로만 봤다. 그런데 지금은 인공지능(AI) 에이전트 경제, 글로벌 디지털...",http://www.edaily.co.kr/news/newspath.asp?newsid=03401366645447936,1,0.85,rule_keep_score_ge_6_with_hard_match,0.611336,0,pseudo_keep_model_drop,keep,rule_keep_score_ge_threshold,8,한은;가상자산,,
2026-05-18,[코인 다단계 2.0] ② “AI가 돈 벌어준다?” 자동매매·시그널 판매망의...,"가상자산 영역에서는 또 다른 문제가 있다. 특정 해외 거래소 가입을 알선하고, 추천코드를 배포하고, 원화 또는 USDT 결제를 지원하고, 거래를 유도한다면 가상자산사업자 신고 여부가 쟁점이 된다. 금융위원회...",https://www.tokenpost.kr/news/insights/360568,1,0.85,rule_keep_score_ge_6_with_hard_match,0.611435,0,pseudo_keep_model_drop,keep,candidate_hybrid_keep_strong_rule_anchor,16,금융위원회;금융위;가상자산,원화,
2026-05-14,"트럼프에 발목 잡힌 미국 경제...""지금 굉장히 어렵다"" [굿모닝경제]",이게 안정되기 위해서 필요한 것은 연준금리가 떨어져야 되는데 소비자물가상승률이 계속 오른 상태에서는 연준금리가 떨어지기가 한계가 있습니다. FED 워치도 보면 올 연말까지 물가상승률을 고려한다면 금리인하가...,https://www.ytn.co.kr/_ln/0134_202605131145194751,1,0.85,rule_keep_score_ge_6_with_hard_match,0.611622,0,pseudo_keep_model_drop,keep,rule_keep_score_ge_threshold,11,연준;fed,금리,
2026-05-13,"주점 대신 '코인 부스'…빗썸, 대학 축제서 '건전 투자' 문화 알린다","NH농협은행이 LG유플러스·나이스평가정보와 15~29세 약 260만 명의 금융·통신·신용 데이터를 분석한 결과, 월평균 21~31일 가상자산거래소에 접속하는 Z세대 금융소비자는 거래소 접속일이 월 1일인 소비자보다 대출...",https://www.apnews.kr/news/articleView.html?idxno=3048488,1,0.85,rule_keep_score_ge_6_with_hard_match,0.612013,0,pseudo_keep_model_drop,keep,rule_keep_score_ge_threshold,8,은행;가상자산,대출;금융,
2026-05-14,[VC 포트폴리오] 신규 자금 조달한 '스파크바이오파마'...상장 기대감 높...,13일 벤처투자업계에 따르면 스파크바이오파마는 315억원 규모의 프리IPO(상장 전 지분투자) 투자를 유치했다. 스파크바이오파마의 이번 펀드레이징에는 △신한캐피탈 △IBK기업은행 △엠포드에쿼티파트너스...,https://www.news2day.co.kr/article/20260513500209,1,0.85,rule_keep_score_ge_6_with_hard_match,0.612117,0,pseudo_keep_model_drop,keep,rule_keep_score_ge_threshold,10,은행;캐피탈;ipo,,
2026-05-15,[이슈하이킥] 고유가·고용한파 속 코스피 8천 코 앞...2차 피해지원금...,주식시장이 선진국에 비해서는 낮은 수준이라는 통계가 있다고 말했죠. 원달러 환율은 전장보다 0.4원 오른... 정부는 최근 환율과 국고채 금리 상승 등 금융시장 변동성이 확대되고 있다고 보고 외국인 자금 흐름과...,https://news.bbsi.co.kr/news/articleView.html?idxno=4083731,1,0.85,rule_keep_score_ge_6_with_hard_match,0.612431,0,pseudo_keep_model_drop,keep,candidate_hybrid_keep_strong_rule_anchor,9,환율,금리;주식;코스피;달러;금융,
2026-05-15,"블랙스톤, AI 데이터센터 투자 리츠 상장…17억5000만달러 조달","기업공개(IPO)를 통해 17억5000만달러(약 2조5375억원)를 조달했다. AI 인프라 투자 열기가 이어지는 가운데... ◇골드만·JP모건 등 월가 대형은행 총출동 이번 상장 주관에는 골드만삭스, 씨티그룹, 모건스탠리...",https://www.g-enews.com/view.php?ud=2026051408572396609a1f309431_1,1,0.85,rule_keep_score_ge_6_with_hard_match,0.612438,0,pseudo_keep_model_drop,keep,candidate_hybrid_keep_strong_rule_anchor,8,은행;ipo,달러,
2026-05-12,‘사상 최대 실적’ 이끈 함영주 회장…하나금융 ‘청라 HQ’ 시대 연다,"이는 은행의 예대금리차에만 의존하던 기존 영업 방식에서 벗어나 증권중개, 신탁, 투자일임 등 자산관리(WM)와 기업 금융 및 투자은행(IB) 부문에서 체질 개선을 이뤄낸 결과다. 특히 함 회장은 고금리 기조 속에서...",http://www.segyebiz.com/newsView/20260511511924?OutUrl=naver,1,0.85,rule_keep_score_ge_6_with_hard_match,0.612490,0,pseudo_keep_model_drop,keep,rule_keep_score_ge_threshold,10,은행;예대금리차,금리;실적;금융,
2026-05-14,오픈AI·MS 계약 전면 재조정…2030년까지 최대 970억달러 부담 줄인다,"한 투자은행 관계자는 ""매출의 20%를 장기간 고정적으로 배분하는 구조는 상장 기업 입장에서 밸류에이션에 부담 요인이 될 수 있다""며 ""상한선을 명확히 설정한 것은 IPO를 염두에 둔 재무 안정화 전략으로 보인다...",https://www.mstoday.co.kr/news/articleView.html?idxno=101478,1,0.85,rule_keep_score_ge_6_with_hard_match,0.612503,0,pseudo_keep_model_drop,keep,rule_keep_score_ge_threshold,8,은행;ipo,달러,
2026-05-15,뉴욕증시 상승 출발…엔비디아·AI반도체 매수 쏠림,"유가가 다시 튀면 CPI와 연준 금리 기대가 흔들리고, 이는 엔비디아·테슬라·나스닥 성장주 밸류에이션에도 직접 부담으로 이어질 수 있다. 환율도 서학개미에게는 무시하기 어려운 변수다. 원·달러 환율이 1,492....",https://www.topstarnews.net/news/articleView.html?idxno=16060847,1,0.85,rule_keep_score_ge_6_with_hard_match,0.612566,0,pseudo_keep_model_drop,keep,candidate_hybrid_keep_strong_rule_anchor,13,연준;cp;환율,금리;달러,
2026-05-17,대통령까지 나선 한미 통화스와프 뭐길래…환율 불안 막을 '심리적 방파...,한미 통화스와프가 체결되면 한국은행은 원화를 담보로 미 달러를 조달해 국내 금융시장에 공급할 수 있다.... 이 과정에서 원화 매도·달러 매수 압력이 커지면 원·달러 환율 상승과 외환시장 변동성 확대가 나타날 수...,https://www.news1.kr/economy/trend/6167876,1,0.85,rule_keep_score_ge_6_with_hard_match,0.612566,0,pseudo_keep_model_drop,keep,candidate_hybrid_keep_strong_rule_anchor,10,한국은행;환율,달러;원화,
2026-05-20,"[기획] 케이뱅크, 몸집 키웠지만…업비트 넘어설 '넥스트 비전' 시험대",19일 금융권에 따르면 케이뱅크의 올해 1분기 BIS(국제결제은행) 자기자본비율은 21.47%를 기록했다. 지난해... 특히 기업대출 확대 과정에서 연체율과 고정이하여신(NPL) 비율 등 건전성 지표도 개선된 점은 긍정적으로...,https://www.startuptoday.co.kr/news/articleView.html?idxno=801412,1,0.85,rule_keep_score_ge_6_with_hard_match,0.612607,0,pseudo_keep_model_drop,keep,candidate_hybrid_keep_strong_domain_rule_anchor,11,npl;업비트,건전성,
2026-05-20,[이용웅 칼럼]금리의 역습에서 코스피 지키기…정부의 선택지는,특히 미국 장기금리가 5%대로 올라서는 상황에서 한국은행이 기준금리를 쉽게 내릴 수 없는 구조가 형성되고 있다는 점이 부담이다. 미국과의 금리 차가 더 벌어질 경우 외국인 자금 유출과 원화 약세가 동시에 심화될...,https://www.businessplus.kr/news/articleView.html?idxno=111963,1,0.85,rule_keep_score_ge_6_with_hard_match,0.612781,0,pseudo_keep_model_drop,keep,candidate_hybrid_keep_strong_domain_rule_anchor,12,한국은행;기준금리,금리;코스피;원화,
2026-05-13,"골드만삭스 ""AI 반도체 호황, 한국 경상흑자 사상 최대 견인""",12일 블룸버그에 따르면 앤드루 틸턴(Andrew Tilton)이 이끄는 골드만삭스 경제분석가들은 최근 보고서에서 한국은행이 올해 3분기와 4분기 각각 25bp(1bp=0.01%포인트)씩 기준금리를 인상할 것으로 예상했다. 대만...,http://www.press9.kr/news/articleView.html?idxno=76299,1,0.85,rule_keep_score_ge_6_with_hard_match,0.612829,0,pseudo_keep_model_drop,keep,rule_keep_score_ge_threshold,12,한국은행;은행;기준금리,금리,
2026-05-15,[마켓 브리핑] 기술주 강세에 신고가…시스코 호실적에 AI 투자 확인,"이번 상장은 올해 뉴욕증시 최대 규모의 IPO이자, 미국 반도체 스타트업 역사상 최대 규모로 평가받고 있습니다. 가상자산 관련주들은 랠리를 펼쳤습니다. 오랫동안 지지부진했던 '클래리티 법안'이, 미 상원 은행위원회...",https://biz.sbs.co.kr/article_hub/20000310529?division=NAVER,1,0.85,rule_keep_score_ge_6_with_hard_match,0.612871,0,pseudo_keep_model_drop,keep,candidate_hybrid_keep_strong_rule_anchor,11,은행;ipo;가상자산,실적,
2026-05-20,"“비트코인 팔아 삼성전자 샀나”…업비트·빗썸, 1분기 예치금 8700억 증...","국내 가상자산 거래 시장에서 두 거래소가 차지하는 비중이 약 90%에 달하는 만큼, 이번 예치금 감소는 전반적인 투자심리 변화를 보여주는 지표로 해석된다. 거래소별로 보면 업비트 고객 예치금은 5조1990억원으로...",https://www.ddaily.co.kr/page/view/2026051914033978879,1,0.85,rule_keep_score_ge_6_with_hard_match,0.612963,0,pseudo_keep_model_drop,keep,candidate_hybrid_keep_strong_domain_rule_anchor,14,가상자산;업비트;빗썸,,
2026-05-18,사업자대출로 집 샀다 걸리면…대출 최대 10년 막힌다,"특히 개인사업자의 경우 사업자대출뿐만 아니라 가계대출에 대한 신규 취급도 제한해, 탈법적 대출 행위를 뿌리 뽑겠다는 의지를 나타냈다. 금융위는 앞으로도 DSR(총부채원리금상환비율) 적용 대상 확대 등 상환능력...",https://www.nocutnews.co.kr/news/6518076?utm_source=naver&utm_medium=article&utm_campaign=20260517120109,1,0.85,rule_keep_score_ge_6_with_hard_match,0.613026,0,pseudo_keep_model_drop,keep,candidate_hybrid_keep_strong_rule_anchor,11,금융위;dsr,대출,
2026-05-21,[Who Is ?] 장민영 IBK기업은행장,자산건전성 지표를 보면 중소기업대출 연체율은 2026년 3월 말 0.98%로 나타났다. 2025년 말 0.91%보다 0.07... 생산적 금융은 금융권이 공급하는 자금이 경기 활성화와 고용 창출 등에 기여할 수 있는 투자처를 향하도록...,https://www.businesspost.co.kr/BP?command=article_view&num=437986,1,0.85,rule_keep_score_ge_6_with_hard_match,0.613122,0,pseudo_keep_model_drop,keep,candidate_hybrid_keep_strong_domain_rule_anchor,9,기업은행;생산적 금융,,
2026-05-20,업비트·빗썸 1분기 실적 급감…거래대금 한파에 분수령 맞나,국내 1·2위 가상자산 거래소 업비트와 빗썸의 올해 1분기 실적이 동시에 급감했다. 거래대금 축소와 대외 불확실성이 겹치며 ‘어닝 쇼크’ 수준의 성적표를 받아든 것이다. 두나무(업비트 운영사)는 2026년 1분기 매출...,https://www.tokenpost.kr/news/cryptocurrency/361379,1,0.85,rule_keep_score_ge_6_with_hard_match,0.613584,0,pseudo_keep_model_drop,keep,candidate_hybrid_keep_strong_domain_rule_anchor,20,가상자산;업비트;빗썸;두나무,실적,
2026-05-19,"유관기관과 사이버공격 대응·불공정거래 엄단…금감원, 소비자피해 대...",보험사 GA가 불법 사금융에 가담하거나 각종 컨설팅을 빌미로 불필요한 보험가입을 유도하는 행위도... 핀풀루언서가 불공정거래를 주도하는 것에 대해 AI 기반 모니터링 시스템으로 실시간 단속을 지속하고 유관기관과...,http://www.edaily.co.kr/news/newspath.asp?newsid=01886006645450560,1,0.85,rule_keep_score_ge_6_with_hard_match,0.614423,0,pseudo_keep_model_drop,keep,candidate_hybrid_keep_strong_domain_rule_anchor,12,금감원;보험사;불공정거래,,
2026-05-14,증시 훈풍에 채권도 '위험 선호'…美 크레딧 채권에 4월 뭉칫돈 유입,슈왑 금융연구소의 콜린 마틴 픽스트인컴 전략가는 하이일드 채권과 국채 간의 평균 수익률 격차(스프레드)가 2.6%포인트로 매우 낮은 수준이라고 지적했다. 아이셰어즈 브로드 USD 하이일드 회사채 ETF의 최근...,https://news.einfomax.co.kr/news/articleView.html?idxno=4414591,1,0.85,rule_keep_score_ge_6_with_hard_match,0.614572,0,pseudo_keep_model_drop,keep,rule_keep_score_ge_threshold,13,회사채;스프레드;국채,채권;금융,
2026-05-13,"장민영 기업은행장 ""시중銀 맡지 않는 영역까지 책임…포용·생산적 금...","중소기업 연체율 변화가 크게 나타나고 있지는 않다""며 ""전쟁 상황이 2~3개월 이상 지속될 경우 일부 영향이 나타날 수는 있겠지만, 현재로서는 일시적 유동성 문제 성격이 크다고 본다""고 했다. 이어 ""연체율 상승 가능성은...",https://www.newsworks.co.kr/news/articleView.html?idxno=840471,1,0.85,rule_keep_score_ge_6_with_hard_match,0.615017,0,pseudo_keep_model_drop,keep,rule_keep_score_ge_threshold,10,은행;유동성,연체;연체율,
2026-05-19,'금고' 경쟁에 수천억 출연금…허리 휘는 은행권,아울러 최근 이 대통령이 은행권 예대금리차 문제를 직접 언급하며 시금고 금리를 지적한 만큼 지자체 금고 수신금리 경쟁 압박도 확대되는 분위기다. 은행들이 지자체 등 금고 확보를 통해 저원가성예금을 늘리더라도...,https://news.bizwatch.co.kr/article/finance/2026/05/18/0011,1,0.85,rule_keep_score_ge_6_with_hard_match,0.615045,0,pseudo_keep_model_drop,keep,candidate_hybrid_keep_strong_domain_rule_anchor,8,은행권;예대금리차,,
2026-05-21,'원화 스테이블코인' 결제망을 잡아라…카드업계도 '주목',여신금융협회는 지난해 7월 스테이블코인 태스크포스(TF)를 출범했다. 초기 8개 전업 카드사에서 NH농협카드가 합류해 9개로 확대됐다. 공동 상표권 출원도 추진됐다. 개별 카드사도 기술 검증에 나섰다. 신한카드는...,http://www.ftoday.co.kr/news/articleView.html?idxno=359214,1,0.85,rule_keep_score_ge_6_with_hard_match,0.615539,0,pseudo_keep_model_drop,keep,candidate_hybrid_keep_strong_domain_rule_anchor,18,여신금융협회;스테이블코인;원화 스테이블코인,원화,
2026-05-18,"김기덕 대표, 자금조달 금리 방어 승부수…금리급등에 JB우리캐피탈 해...","당시 캐피탈사들은 부동산PF 부실 여파로 회수가 어려워지면서 유동성 비율을 제고하기 위해 CP 비중을 늘렸다. 실제로 JB우리캐피탈도 2024년 1분기 CP를 통한 차입금이 9100억원으로, 전체 차입금 7조9088억원 중 11.5...",http://www.fntimes.com/html/view.php?ud=202605170209288879dd55077bc2_18,1,0.85,rule_keep_score_ge_6_with_hard_match,0.615822,0,pseudo_keep_model_drop,keep,candidate_hybrid_keep_strong_rule_anchor,18,pf;부동산pf;cp;유동성,금리;부실,
2026-05-12,가상자산거래소에 등장한 ‘한국 반도체ETF 토큰’…상장 3일만에 145억...,"지난 8일 OKX에 ‘무기한 선물’ 상장 삼전·하이닉스 비중 47% ETF 기초자산 전통 금융자산으로 번지는... 기존 무기한 선물 시장이 코인 가격 변동성에 집중됐다면 최근에는 미국 주식, ETF, 프리IPO 기업 가치...",https://www.mk.co.kr/article/12043308,1,0.85,rule_keep_score_ge_6_with_hard_match,0.616193,0,pseudo_keep_model_drop,keep,rule_keep_score_ge_threshold,9,ipo;가상자산,주식;금융,
2026-05-21,"[사설] 우리 경제 약한 고리 흔들 고금리 충격, 정부 위기 대책을 묻는...","한국은행 분석에 따르면 기준금리가 0.25%p(포인트)만 올라도 자영업자들의 연간 이자 부담은 약 1조8천억원 증가한다. 이들은 지역 상권의 고용주이고 소비자이며, 지방경제를 떠받치는 순환 고리다. 이들이 버티지 못하면...",https://www.imaeil.com/page/view/2026052017512372491,1,0.85,rule_keep_score_ge_6_with_hard_match,0.616522,0,pseudo_keep_model_drop,keep,candidate_hybrid_keep_strong_domain_rule_anchor,8,한국은행;기준금리,,
2026-05-14,"8만 달러 붕괴된 비트코인, 내일 클래러티법 심사 결과가 반등의 열쇠 ...","크립토퀀트 자료에 따르면 미국 코인베이스와 글로벌 거래소 바이낸스 간의 가격 차이를 나타내는... 비록 국제금융은행이 엑스알피(XRP, 리플)를 결제망으로 확인했다는 소식 등 가상자산 전반에 긍정적인 신호가...",http://coinreaders.com/236358,1,0.85,rule_keep_score_ge_6_with_hard_match,0.616827,0,pseudo_keep_model_drop,keep,rule_keep_score_ge_threshold,8,은행;가상자산,달러;금융,
2026-05-21,"카카오페이, 한국주택금융공사에 대안신용평가 적용","기존 금융권 신용평가가 대출과 연체 이력 중심으로 이뤄졌다면, 카카오페이는 사용자의 결제 패턴과 자산... 카카오페이 스코어는 현재 카드사와 인터넷은행, 저축은행 등 다양한 금융사 여신심사 과정에도 활용되고...",https://www.newsfreezone.co.kr/news/articleView.html?idxno=690732,1,0.85,rule_keep_score_ge_6_with_hard_match,0.617126,0,pseudo_keep_model_drop,keep,candidate_hybrid_keep_strong_domain_rule_anchor,10,인터넷은행;저축은행,연체,
2026-05-21,"전문가들이 본 5월 수정 경제전망⋯""올해 성장률 2.5~2.6%가 대세"" [금통...",7%도 제시 한국은행은 28일 열리는 5월 금융통화위원회에서 기준금리와 함께 올해 경제성장률과 물가 등 수정 경제전망을 함께 발표할 예정이다. 최근 역대급 반도체 수출 호황에 따라 1분기 경제성장률이 당초 예상치를...,https://www.etoday.co.kr/news/view/2586491,1,0.85,rule_keep_score_ge_6_with_hard_match,0.617574,0,pseudo_keep_model_drop,keep,candidate_hybrid_keep_strong_domain_rule_anchor,8,한국은행;기준금리,,
2026-05-20,"김성수 후보 ""새만금 특별자치단체연합은 정치적 위선…전북 자산주권...","""외부 자본에 넘어간 재생에너지 주권을 전북펀드와 STO(토큰증권) 방식으로 되찾아오겠다""며 ""새만금 전력을 전용선로(PPA) 방식으로 전북 기업에 공급해 기업이 모이는 산업 생태계를 만들겠다""고 밝혔다. 김 후보는 ""행정...",http://www.jeollailbo.com/news/articleView.html?idxno=800602,1,0.85,rule_keep_score_ge_6_with_hard_match,0.617708,0,pseudo_keep_model_drop,keep,candidate_hybrid_keep_strong_domain_rule_anchor,10,토큰증권;sto,,
2026-05-14,"BNK금융, 1분기 연체율 1.42%로 상승. 건전성 관리 필요",BNK금융지주의 올 1분기 연체율이 1.4%를 훌쩍 넘었다. 5대 금융지주 은행 연체율 0.40%보다 무려 3배 이상 초과했다. BNK금융은 지난 달 실적발표에서 올해 1분기 그룹 고정이하여신비율이 1.57%로 전 분기에 비해 0.15...,https://www.autodaily.co.kr/news/articleView.html?idxno=544024,1,0.85,rule_keep_score_ge_6_with_hard_match,0.617742,0,pseudo_keep_model_drop,keep,rule_keep_score_ge_threshold,11,은행,연체;연체율;건전성;실적;금융,
2026-05-12,“빚 못 갚아요”…회수 포기한 대출 최대치 [데이터로 보는 세상],고금리 장기화와 내수 침체로 은행권 부실채권 규모가 커지고 있다. 4대 금융그룹(KB·신한·하나·우리)이... 과거 저금리 시기에 대출을 받았던 자영업자와 중소기업을 중심으로 상환 부담이 커지면서 연체가 늘고...,https://www.mk.co.kr/article/12041155,1,0.85,rule_keep_score_ge_6_with_hard_match,0.617847,0,pseudo_keep_model_drop,keep,rule_keep_score_ge_threshold,16,은행;부실채권,금리;대출;연체;부실;채권;금융,
2026-05-20,"부산은행, 중기 M&A에 힘 싣기…1.2% 연체율 낮출 방책은",2%대의 연체율을 포함한 건전성 지표에 대한 부담이 커진 상황에서 기술보증기금의 보증과 부산시의 이차보전을 결합해 인수기업 금융에 힘을 보탤 계획이다. 19일 금융권에 따르면 부산은행은 기술보증기금에...,https://www.bloter.net/news/articleView.html?idxno=662840,1,0.85,rule_keep_score_ge_6_with_hard_match,0.618274,0,pseudo_keep_model_drop,keep,candidate_hybrid_keep_strong_domain_rule_anchor,11,연체율;기술보증기금,건전성,
2026-05-13,"상생 넘어 ‘생존’으로…은행권, 이자로 원금 갚고 대출 리스크 나눈다",은행권 관계자는 “과거에는 연체 발생 이후 대응에 초점이 맞춰졌다면 최근에는 연체 이전 단계에서 원금 규모와 리스크 자체를 줄이려는 방향으로 흐름이 바뀌고 있다”며 “상생금융과 건전성 관리가 동시에 요구되는...,https://www.viva100.com/article/20260511500783,1,0.85,rule_keep_score_ge_6_with_hard_match,0.618563,0,pseudo_keep_model_drop,keep,rule_keep_score_ge_threshold,9,은행,대출;연체;건전성;금융,
2026-05-21,"""벌써 5번째 생명 나눔""… 빗썸, 소외계층 환우 위해 '사랑의 헌혈증' 모...",가상자산 거래소 빗썸이 임직원들의 적극적인 동참을 바탕으로 일상 속 생명 나눔을 실천하며 사회적 책임 이행에 적극적으로 나서고 있다. 빗썸은 지난 18일 서울 강남구에 위치한 본사 사옥 앞에서 대한적십자사...,https://www.cnbizm.com/news/articleView.html?idxno=303488,1,0.85,rule_keep_score_ge_6_with_hard_match,0.619971,0,pseudo_keep_model_drop,keep,candidate_hybrid_keep_strong_domain_rule_anchor,9,가상자산;빗썸,,
2026-05-14,"'5년물 쉽지 않네'…물량 줄인 공사채, 크레디트 만기별 양극화","매력보다는 스프레드 부담 쪽으로 다시 기우는 모습이다. 증권사의 채권 관계자는 ""공사채는 딜링 종목이 아닌 데다 회사채처럼 절대금리가 높지도 않다 보니 지금 시점이 투자하기 애매하다""며 ""이에 따라 인기가...",https://news.einfomax.co.kr/news/articleView.html?idxno=4414547,1,0.85,rule_keep_score_ge_6_with_hard_match,0.620361,0,pseudo_keep_model_drop,keep,rule_keep_score_ge_threshold,13,증권사;회사채;스프레드,금리;채권,
2026-05-16,'팔천피'에도 어려운 내수…실물경제 괴리된 증시,지난 2월말 대기업 대출 연체율은 전월말 대비 0.06%포인트 오른 반면 중소기업 연체율은 0.10%포인트 오른 0.92%를 기록했다. 신용등급 AA급 이상 대기업은 변동성 국면에서도 회사채 발행이 비교적 원활하고 은행...,https://www.ntoday.co.kr/news/articleView.html?idxno=127077,1,0.85,rule_keep_score_ge_6_with_hard_match,0.620425,0,pseudo_keep_model_drop,keep,candidate_hybrid_keep_strong_rule_anchor,8,은행;회사채,대출,
2026-05-20,"[더벨][Company Watch] 빗썸, 비용 절감에도 수익성 방어 실패 '코인 한파...",이 같은 실적 둔화는 빗썸만의 문제가 아니라 국내 주요 가상자산 거래소 전반에서 공통적으로 나타나는 흐름이다. 중동 지역 정세 불안과 고금리 기조 장기화로 투자심리가 위축되면서 가상자산 거래대금이...,https://www.thebell.co.kr/free/content/ArticleView.asp?key=202605181345301320103973,1,0.85,rule_keep_score_ge_6_with_hard_match,0.621465,0,pseudo_keep_model_drop,keep,candidate_hybrid_keep_strong_domain_rule_anchor,10,가상자산;빗썸,실적,
2026-05-16,코스피 사상 첫 8000 터치한 날 매도 사이드카 발동,이날 서울 채권시장에서 3년 만기 국채금리는 0.112%포인트 상승(채권 가격 하락)한 연 3.766%에 마감했다. 10년물은 연 4.217%까지 올랐다. 인플레이션 우려가 제기된 일본에선 10년 만기 국채금리가 이날 장중 연 2.7%를...,https://www.hankyung.com/article/202605158937i,1,0.85,rule_keep_score_ge_6_with_hard_match,0.621728,0,pseudo_keep_model_drop,keep,candidate_hybrid_keep_strong_rule_anchor,8,국채금리,코스피;채권,
2026-05-14,"中, 3조 달러 규모 ‘숨겨진 부실채권’의 늪… 경제 성장의 영구적 걸...","수입은 운영비를 겨우 충당하는 수준이며, 73만 달러(약 10억 8,000만 원)에 달하는 은행 대출 이자조차 낼... 만약 이 추정치가 맞다면, 연체된 상태로 분류되어야 할 대출금 3조 달러가 장부상 ‘정상’으로 둔갑해 있는...",https://www.g-enews.com/view.php?ud=2026051315333436280c8c1c064d_1,1,0.85,rule_keep_score_ge_6_with_hard_match,0.621751,0,pseudo_keep_model_drop,keep,rule_keep_score_ge_threshold,15,은행;부실채권,대출;연체;부실;채권;달러,
2026-05-16,'AI 광풍' 멈춰 세운 채권 금리… 뉴욕증시 기술주 동반 폭락,"채권 전자거래 플랫폼 트레이드웹에 따르면, 글로벌 장기 시장금리의 기준점이 되는 10년 만기 미국채 수익률은 이날 뉴욕증시 마감 무렵 전날보다 14bp(1bp=0.01%포인트) 폭등한 4.60%를 나타냈다. 연방준비제도(Fed)의...",https://www.ziksir.com/news/articleView.html?idxno=134085,1,0.85,rule_keep_score_ge_6_with_hard_match,0.621829,0,pseudo_keep_model_drop,keep,candidate_hybrid_keep_strong_rule_anchor,8,fed,금리;채권,
2026-05-13,"코스피 급락, 미국발 물가 상승과 반도체주 조정 타격","국내 증시가 약세 압력을 받는 배경에는 미국 금융시장 분위기 변화가 자리 잡고 있다. 미국 노동부가... 44% 급락했고, 원/달러 환율도 뉴욕 차액결제선물환(NDF) 시장 기준 1,492.30원까지 올라 원화 약세 부담을...",https://www.tokenpost.kr/news/market/359045,1,0.85,rule_keep_score_ge_6_with_hard_match,0.621968,0,pseudo_keep_model_drop,keep,rule_keep_score_ge_threshold,8,환율,코스피;달러;원화;금융,
2026-05-15,"인권 포럼 강기정, ""Respect workers' rights!"" 외면","지난해 12월 전남지방노동위원회는 △산업은행 등 채권단이 대출 조기 상환을 요구한 사실이 없는데 노조... 대신, 연체료까지 더해 변상금 고지서로 옥죄고 겁박하는 것이 바로 GGM 1대 주주 광주시의 수준""이라고...",https://www.laborplus.co.kr/news/articleView.html?idxno=40851,1,0.85,rule_keep_score_ge_6_with_hard_match,0.622123,0,pseudo_keep_model_drop,keep,candidate_hybrid_keep_strong_rule_anchor,8,은행,대출;연체;채권,
2026-05-13,'가계대출→기업대출' 물꼬 돌린 은행들…작년 연간 증가액 육박,이런 가운데 대출금리 상승으로 연체율 상승 압력이 커질 경우 은행권의 대출이 대기업과 우량 차주를... 올 1분기 말 5대 은행의 기업대출 연체율은 평균 0.46%로 지난해 말(0.37%)보다 0.09%포인트 높아진 상황이다....,https://www.newsis.com/view/NISX20260512_0003626563,1,0.85,rule_keep_score_ge_6_with_hard_match,0.622241,0,pseudo_keep_model_drop,keep,rule_keep_score_ge_threshold,9,은행,금리;대출;연체;연체율,
2026-05-12,"우리금융지주, 담보·보증으로 짜인 대출 구조…생산적 금융 전환 과제...","중소기업과 개인사업자(SOHO), 가계대출 대부분이 부동산 담보나 보증서 기반으로 구성되면서 실질적으로... 차주가 부실화되더라도 은행은 보증기관을 통해 일정 부분을 회수할 수 있어 실제 무담보 신용위험은 크게...",http://www.press9.kr/news/articleView.html?idxno=76243,1,0.85,rule_keep_score_ge_6_with_hard_match,0.622583,0,pseudo_keep_model_drop,keep,rule_keep_score_ge_threshold,8,은행,대출;부실;주가;금융,
2026-05-13,[뉴욕증시] 물가 쇼크에 꺾인 AI발 반도체 랠리···인텔 7%↓·퀼컴 11%...,시카고상업거래소(CME)의 페드워치에 따르면 연준이 12월까지 기준금리를 0.25%포인트 이상 인상할 확률을 36%로 반영했다. 전날엔 20%대 초중반에 머물렀었다. 시장은 14일 베이징에서 열리는 미중 정상회담에...,https://www.seoulfn.com/news/articleView.html?idxno=628614,1,0.85,rule_keep_score_ge_6_with_hard_match,0.623028,0,pseudo_keep_model_drop,keep,rule_keep_score_ge_threshold,9,연준;기준금리,금리,
2026-05-13,"""코스닥은 기회의 장"" 기업은행, 성장 동력 뒷심",현재 중소기업 중심으로 증가하는 연체율에 대한 진단에 대해서는 “중소기업들이 고금리·고물가와 대외 불확실성 속에서 일시적 유동성 압박을 겪고 있는 상황”이라며 금융지원 기조를 유지하겠다고 말했다. 이어...,http://www.segyebiz.com/newsView/20260512511573?OutUrl=naver,1,0.85,rule_keep_score_ge_6_with_hard_match,0.623655,0,pseudo_keep_model_drop,keep,rule_keep_score_ge_threshold,14,은행;유동성,금리;연체;연체율;코스닥;금융,
2026-05-12,[테헤란로] 믿는 도끼에 발등 찍힌 해외투자,이번 사태를 단순히 해외부동산 투자 실패로만 치부하기보다는 장기·저유동성 자산에 초단기 금융구조를... 특히 국내 증권사 중심의 전자단기사채(전단채)·자산유동화기업어음(ABCP)·단기사채 구조는 3개월 단위 차환...,http://www.fnnews.com/news/202605111825030916,1,0.85,rule_keep_score_ge_6_with_hard_match,0.623855,0,pseudo_keep_model_drop,keep,rule_keep_score_ge_threshold,14,증권사;abcp;cp;유동성,금융,
2026-05-12,카뱅은 '주담대' 케뱅은 '신용'···인뱅 대출 전략 '같은 듯 다른 듯',두 인터넷은행의 대출사업이 차이를 보이는 가장 핵심적인 이유론 케이뱅크의 기업공개(IPO)가 꼽힌다. 케이뱅크는 올해 3월 초 상장을 마무리했다. 상장 전에 실적을 최대한 늘려 투자자들을 모아야 했다. 상장 이후엔...,https://www.sisajournal-e.com/news/articleView.html?idxno=421025,1,0.85,rule_keep_score_ge_6_with_hard_match,0.623923,0,pseudo_keep_model_drop,keep,rule_keep_score_ge_threshold,9,은행;ipo,대출;실적,
2026-05-20,1분기 가계신용 1993.1조 '또 역대 최대'···비은행 중심 14조↑,"대출규제 등의 영향으로 은행권 가계대출이 감소 전환했지만, 비은행권을 중심으로 주택관련대출이 크게 확대된 영향이다. 기타금융기관의 신용대출 등도 증가폭이 확대됐다. 19일 한국은행이 발표한 '가계신용...",https://www.seoulfn.com/news/articleView.html?idxno=629136,1,0.85,rule_keep_score_ge_6_with_hard_match,0.624276,0,pseudo_keep_model_drop,keep,candidate_hybrid_keep_strong_domain_rule_anchor,9,한국은행;은행권,,
2026-05-12,"美 시장조사업체 ""신중하지만 비관적이지는 않아""","그는 ""이란에 대한 공격이 재개돼 유가가 120달러까지 치솟는다면 채권시장에서는 30년물 국채금리가 5% 위로 올라가는 것을 보게 될 것""이라며 ""그렇게 되면 사람들의 긍정적인 전망도 약해지기 시작할 것""이라고...",https://biz.sbs.co.kr/article_hub/20000309616?division=NAVER,1,0.85,rule_keep_score_ge_6_with_hard_match,0.624349,0,pseudo_keep_model_drop,keep,rule_keep_score_ge_threshold,11,국채;국채금리,금리;채권;달러,
2026-05-12,"""국민성장펀드, 외화수요 줄여 연간 23원 환율 하락 효과""","주요국 중앙은행들의 고금리 장기화 우려가 지속되는 가운데 한국과 미국 간 금리 격차가 이어지는 점은... 나타나며 연준의 정책 대응을 제약하고 있다""고 짚었다. 그러면서 기존 예상 대비 미국의 관세 수입이 줄어들...",https://news.einfomax.co.kr/news/articleView.html?idxno=4414056,1,0.85,rule_keep_score_ge_6_with_hard_match,0.624529,0,pseudo_keep_model_drop,keep,rule_keep_score_ge_threshold,12,연준;은행;환율,금리,
2026-05-19,"은행권, 소상공인 컨설팅 넓힌다···KB국민은행 센터 16곳 최다","금융감독원에 따르면 개인사업자 대출 연체율은 상승세를 보이고 있다. 올해 2월말 0.78%로 전월 대비 0.07%p, 전년 동월 대비 0.02%p 상승했다. 폐업 컨설팅을 진행한 한국능률협회컨설팅은 유튜브와 컨설턴트 네트워크...",https://www.newsfreezone.co.kr/news/articleView.html?idxno=690355,1,0.85,rule_keep_score_ge_6_with_hard_match,0.624544,0,pseudo_keep_model_drop,keep,candidate_hybrid_keep_strong_domain_rule_anchor,11,금융감독원;은행권,대출,
2026-05-20,4.6% 넘은 美 국채금리…韓 금융시장도 흔들었다,미국과 일본 등 주요국 국채금리가 일제히 급등하면서 글로벌 금융시장 불안이 고조되는 가운데 19일 국내 금융시장도 크게 흔들리고 있다. 코스피는 장중 한때 7200선 아래로 밀렸고 원·달러 환율도 다시 1500원선을...,https://www.newsis.com/view/NISX20260519_0003635504,1,0.85,rule_keep_score_ge_6_with_hard_match,0.625523,0,pseudo_keep_model_drop,keep,candidate_hybrid_keep_strong_domain_rule_anchor,9,국채금리;국내 금융시장,달러,
2026-05-12,"오늘의 금값시세(5월 12일자) 금값 하락세 ""美·이란 협상 불투명""","미국 소비자물가지수(CPI)가 예상보다 높게 나올 경우 금 가격은 더 큰 하락 압력을 받을 수 있으며, 이는 연준이 기준금리를 더 오랫동안 높은 수준으로 유지하도록 만들 수 있다 CNBC에 따르면, 금 가격은...",https://www.gukjenews.com/news/articleView.html?idxno=3579107,1,0.85,rule_keep_score_ge_6_with_hard_match,0.625915,0,pseudo_keep_model_drop,keep,rule_keep_score_ge_threshold,12,연준;cp;기준금리,금리,
2026-05-13,"[페니트리움바이오 유증] ②거래소 경보 16관왕, 금감원 무한 정정 위험...",시장경보는 주가가 펀더멘털 개선 없이 비정상적으로 급등하거나 투기 및 불공정거래 개연성이 높은 종목에 발동한다. 일반 투자자 뇌동매매를 방지하고 잠재적 불공정거래 행위자에게 강력한 경각심을 고취시키기 위해...,https://www.smarttoday.co.kr/ko-kr/articles/107404,1,0.85,rule_keep_score_ge_6_with_hard_match,0.625943,0,pseudo_keep_model_drop,keep,rule_keep_score_ge_threshold,10,금감원;불공정거래,주가,
2026-05-20,"[현장] 무디스 ""한국 은행산업 안정적…자본적정성은 부담 확대""",이는 정부의 가계대출 규제 강화와 생산적 금융·포용금융 확대 정책으로 은행권 대출 포트폴리오에서 위험가중치가 높은 기업대출 비중이 늘어나고 있기 때문으로 풀이된다. 여기에 정부의 친 자본시장 정책에 따라 주주...,https://www.financialpost.co.kr/news/articleView.html?idxno=259685,1,0.85,rule_keep_score_ge_6_with_hard_match,0.625982,0,pseudo_keep_model_drop,keep,candidate_hybrid_keep_strong_domain_rule_anchor,10,은행권;생산적 금융,대출;금융,
2026-05-15,"정부 상생금융 외면하는 은행권, '예대차' 갈수록 커져...신한 1.64%p '최...","정부의 강도 높은 압박과 상생 금융 요구에도 불구하고 주요 시중은행의 예대금리차(대출금리와 예금금리의 차이)가 역대 최대 수준으로 벌어졌다. 고금리 예금의 만기로 조달 비용은 줄어든 반면, 가계대출 억제를...",http://www.the-biz.co.kr/news/articleView.html?idxno=720598,1,0.85,rule_keep_score_ge_6_with_hard_match,0.626001,0,pseudo_keep_model_drop,keep,candidate_hybrid_keep_strong_rule_anchor,10,은행;예대금리차,금리;대출;금융,
2026-05-21,기관 중심 재편하는 해외 거래소…국내는 여전히 ‘개인투자자’ 의존,"글로벌 디지털자산(가상자산) 거래소들이 상품·서비스 다각화로 ‘코인 혹한기’에 대비하는 가운데, 국내 양대 거래소인 업비트(두나무)와 빗썸은 여전히 개인투자자 거래 수수료 중심의 수익 구조에서 벗어나지...",http://www.edaily.co.kr/news/newspath.asp?newsid=01876166645451216,1,0.85,rule_keep_score_ge_6_with_hard_match,0.626453,0,pseudo_keep_model_drop,keep,candidate_hybrid_keep_strong_domain_rule_anchor,19,가상자산;디지털자산;업비트;두나무,수수료,
2026-05-13,"한화생명, 투자·자회사 덕 봤다...해외사업 '돋보이네'","한화생명은 오는 2026년 말까지 기본자본 킥스비율을 60% 이상으로 관리하겠다는 목표도 제시했습니다. 국내외 자회사 실적도 연결 순이익 확대에 힘을 보탰습니다. 한화손해보험과 자산운용, 증권, 저축은행 등 국내...",https://biz.sbs.co.kr/article_hub/20000309828?division=NAVER,1,0.85,rule_keep_score_ge_6_with_hard_match,0.626648,0,pseudo_keep_model_drop,keep,rule_keep_score_ge_threshold,9,은행;저축은행,실적;순이익,
2026-05-12,"[MONEY] 불장에 노젓는 금융권, 고객잡기 총력",국내 주식의 온라인 거래 수수료는 0.01%로 우대 적용한다. 우리은행 제공 ◆은행∙카드사도 고객 유치 전력 이에 질세라 은행과 카드업권은 고금리나 이색 상품을 내세워 머니무브 방어에 나섰다. 일례로 우리은행은...,http://www.segyebiz.com/newsView/20260511512533?OutUrl=naver,1,0.85,rule_keep_score_ge_6_with_hard_match,0.626668,0,pseudo_keep_model_drop,keep,rule_keep_score_ge_threshold,10,은행;카드사,금리;수수료;주식;금융,
2026-05-19,"NH농협은행, 대출 문턱 더 높인다…20일부터 주담대 갈아타기 제한",한편 은행권 가계대출은 최근 주담대를 중심으로 다시 증가세를 보이고 있다. 9일 양도세 중과 유예 종료를 앞두고 1분기 중 확대된 주택거래량이 시차를 두고 반영된 영향으로 풀이된다. 한국은행 금융시장 동향에...,https://www.ajunews.com/view/20260518161842109,1,0.85,rule_keep_score_ge_6_with_hard_match,0.626747,0,pseudo_keep_model_drop,keep,candidate_hybrid_keep_strong_domain_rule_anchor,10,한국은행;은행권,대출,
2026-05-15,담보대출 규제 정책으로 은행들 속앓이 커진다,"또 각 은행의 경영 건전성 유지를 위해 필요한 자기자본비율(BIS) 준수, 고위험 대출 증가에 따른... 새마을금고는 지난해말 183조1343억원에서 184조2726억원으로 3개월만에 1조1383억원 늘었고 신협도 작년말...",https://www.womentimes.co.kr/news/articleView.html?idxno=102976,1,0.85,rule_keep_score_ge_6_with_hard_match,0.626920,0,pseudo_keep_model_drop,keep,candidate_hybrid_keep_strong_rule_anchor,14,은행;새마을금고;신협,대출;건전성,
2026-05-19,"[핀포인트] [하나은행] 부실채권 쌓인 기업여신, 생산적금융·밸류업 ‘...","반면, 같은 기간 가계대출 NPL비율은 0.27%로 전분기(0.28%), 전년 동기(0.3%) 대비 모두 개선됐다. 그간 주요 시중은행은 심사역량 고도화, 사후 추적 관리 등 가계·기업여신 건전성 제고를 위한 선제적 관리 기조를...",https://news.dealsitetv.com/articles/170359,1,0.85,rule_keep_score_ge_6_with_hard_match,0.627115,0,pseudo_keep_model_drop,keep,candidate_hybrid_keep_strong_domain_rule_anchor,14,시중은행;npl;부실채권,건전성,
2026-05-12,"크립토닷컴, UAE 중앙은행 라이선스 취득",크로노스(CRO) 코인 발행사이자 가상자산 거래소를 운영하는 블록체인 기업 크립토닷컴이 아랍에미리트(UAE) 중앙은행(CBUAE)으로부터 저장가치시설(SVF·Stored Value Facilities) 라이선스를 취득했다. 회사 측은 UAE 법인인...,https://www.wolyo.co.kr/news/articleView.html?idxno=312013,1,0.85,rule_keep_score_ge_6_with_hard_match,0.627360,0,pseudo_keep_model_drop,keep,rule_keep_score_ge_threshold,9,은행;가상자산;sto,,
2026-05-14,“벼락거지 될라”…개미 빚투 열풍에 은행권도 ‘예의주시’,"은행 마이너스통장 잔액이 폭증하고 예금이 증시로 빠져나가는 머니무브가 뚜렷해진 상황이다. 13일... 금리가 함께 오르면, 담보가 없는 신용대출이 가계부채의 취약성을 드러내는 도화선이 될 수 있다”고 우려했다.",https://www.kukinews.com/article/view/kuk202605130116,1,0.85,rule_keep_score_ge_6_with_hard_match,0.627823,0,pseudo_keep_model_drop,keep,rule_keep_score_ge_threshold,8,은행;가계부채,금리;대출,
2026-05-20,여전업계도 사잇돌대출 시장 진출…중신용자 금융지원 확대,"금융당국은 지난 13일 금융감독원과 은행연합회, 여신금융협회, 저축은행중앙회 등 업권별 실무진이 참석한 가운데 중금리대출 활성화 관련 첫 실무회의를 개최했다. 여신금융협회는 향후 업계 대상 수요조사와 함께...",https://www.g-enews.com/view.php?ud=20260519172547631e30fcb1ba8_1,1,0.85,rule_keep_score_ge_6_with_hard_match,0.628151,0,pseudo_keep_model_drop,keep,candidate_hybrid_keep_strong_domain_rule_anchor,16,금융감독원;저축은행;여신금융협회,,
2026-05-20,"트럼프, 이란 공습 보류 하루만에 '그림자 금융' 등 50여 곳 역대급 제재",◆ 아민 환전소 겨냥 '그림자 금융' 초토화 작전 이번 제재의 핵심 타깃은 이란의 유력 외환 거래소인 아민... 재무부는 그간 경제적 분노 작전을 통해 이란 정권과 연계된 약 5억 달러 규모의 가상자산을 동결하고...,https://www.newspim.com/news/view/20260520000018,1,0.85,rule_keep_score_ge_6_with_hard_match,0.628213,0,pseudo_keep_model_drop,keep,candidate_hybrid_keep_strong_domain_rule_anchor,9,제재;가상자산,달러;금융,
2026-05-20,"카드론 키운 카드사, 1년새 조달 3.6조 늘어…삼성카드 증가폭 최대","1분기 자금조달 평잔 174.4조…전년比 2.2%↑ 삼성카드, 업계 최저 연체율 바탕 카드론 적극 '자산 효율화... 19일 금융권에 따르면 전업 카드사 8곳(신한·삼성·현대·KB국민·롯데·우리·하나·BC카드)의 올해 1분기 말...",https://www.ajunews.com/view/20260519140007657,1,0.85,rule_keep_score_ge_6_with_hard_match,0.628777,0,pseudo_keep_model_drop,keep,candidate_hybrid_keep_strong_domain_rule_anchor,12,카드사;연체율;카드론,,
2026-05-18,[Invest]'깜짝 실적' 신세계·롯데쇼핑 조달 재개…유통채 투심도 살리는...,"연내 회사채 만기 도래액을 살펴보면 신세계는 오는 6월 2200억원, 10월 1100억원, 롯데쇼핑은 오는 7월 1200억원, 8월 700억원 등의 순이다.시장에서는 이번 발행 결과가 향후 유통채 전반의 스프레드 흐름에도 영향을 줄...",https://www.investchosun.com/site/data/html_dir/2026/05/15/2026051580185.html,1,0.85,rule_keep_score_ge_6_with_hard_match,0.629252,0,pseudo_keep_model_drop,keep,candidate_hybrid_keep_strong_rule_anchor,8,회사채;스프레드,실적,
2026-05-20,1분기 비은행 주담대 10.6조원 증가… 통계 작성 이래 최대,저축은행·새마을금고·농협·신협 등으로 수요가 몰린 것이다. 한국은행이 이날 발표한 ‘1분기... 상호금융 등 2금융권보다 대출 심사를 보수적으로 했기 때문이다. 예금은행의 전체 가계 대출 잔액은...,https://biz.chosun.com/policy/policy_sub/2026/05/19/UGAJT6D6N5EWHDBPPFV3KKUV44/?utm_source=naver&utm_medium=original&utm_campaign=biz,1,0.85,rule_keep_score_ge_6_with_hard_match,0.629428,0,pseudo_keep_model_drop,keep,candidate_hybrid_keep_strong_domain_rule_anchor,22,한국은행;저축은행;상호금융;새마을금고;신협,대출,
2026-05-21,"신한은행, 국민성장펀드 450억원 한도 판매... ""생산적 금융 동참""","금융권에서는 신한은행의 이번 국민참여성장펀드 판매가 가계대출 억제와 맞물려 은행권의 새로운 돌파구가 될 수 있을지 주목하고 있다. 자산관리(WM) 부문의 상품 라인업을 다변화하는 동시에, 국가 전략 산업에 자금을...",https://www.pointe.co.kr/news/articleView.html?idxno=79679,1,0.85,rule_keep_score_ge_6_with_hard_match,0.630085,0,pseudo_keep_model_drop,keep,candidate_hybrid_keep_strong_domain_rule_anchor,14,국민성장펀드;성장펀드;생산적 금융,금융,
2026-05-12,"[The Ceo-Verse] 신창재 교보생명 회장, SBI저축은행 품고 '종합금융그룹...","국내 생명보험 빅3 중 유일한 비상장사인 교보생명이 기업공개(IPO)와 금융지주사 전환을 동시에 준비하는 가운데, 이번 인수는 신 회장 장기 구상에 힘을 싣는 계기가 됐다. ■ 산부인과 교수에서 생보사 오너 CEO로 신...",https://www.s-journal.co.kr/news/articleView.html?idxno=41170,1,0.85,rule_keep_score_ge_6_with_hard_match,0.630352,0,pseudo_keep_model_drop,keep,rule_keep_score_ge_threshold,12,은행;저축은행;ipo,금융,
2026-05-13,환율 한달 만에 최고치…한·미 통화스와프 안하나 못하나,아울러 한은도 기준금리를 결정할 때 환율을 더 의식할 수밖에 없다. 달러 유동성에 대한 불안 심리를 사전에 눌러둘 장치가 필요한 셈이다. 현재 한국이 보유한 1506억달러 상당의 통화스와프 가운데 상당수는 원화와...,https://www.kmib.co.kr/article/view.asp?arcid=0029811700&code=61141111&cp=nv,1,0.85,rule_keep_score_ge_6_with_hard_match,0.630459,0,pseudo_keep_model_drop,keep,rule_keep_score_ge_threshold,17,한은;유동성;환율;기준금리,금리;달러;원화,
2026-05-16,"[케이뱅크, 주주들 뿔났다③끝] 주가 부진 '긴터널' 언제까지…상장후 ...","금리 변동성 확대와 경쟁 심화, 중·저신용자 대출 확대에 따른 건전성 부담 등이 복합적으로 작용하면서... 여기에 MBK파트너스, MG새마을금고, JS신한파트너스 등 주요 FI들의 보호예수 물량까지 더하면 6월과 9월 사이...",http://www.the-biz.co.kr/news/articleView.html?idxno=720716,1,0.85,rule_keep_score_ge_6_with_hard_match,0.630585,0,pseudo_keep_model_drop,keep,candidate_hybrid_keep_strong_rule_anchor,9,새마을금고,금리;대출;건전성;주가,
2026-05-21,태국 알트코인 ETF도 나오는데…뒤처지는 韓,반면 한국은 원화 스테이블코인 도입과 가상화폐거래소 규제 등을 담은 디지털자산기본법 정부안조차 나오지 않았다. 6·3 지방선거 이후 관련 논의가 본격화할 것으로 전망되지만 법 통과 일정과 시행 시기를 고려하면...,https://www.sedaily.com/article/20046465?ref=naver,1,0.85,rule_keep_score_ge_6_with_hard_match,0.630741,0,pseudo_keep_model_drop,keep,candidate_hybrid_keep_strong_domain_rule_anchor,16,디지털자산;스테이블코인;원화 스테이블코인,원화,
2026-05-14,물류센터 PF에 물린 금융사…대출 연체 급증세,IBK기업은행의 올해 1분기 중소기업 부동산업 연체율은 1.28%로 전년 동기인 0.54%보다 두 배 이상 상승했다. 직전 분기(0.87%)와 비교해도 높다. 이 같은 연체율 상승에는 대규모 물류센터 PF 부실 발생이 영향을 미친 것으로...,https://www.sedaily.com/article/20043610?ref=naver,1,0.85,rule_keep_score_ge_6_with_hard_match,0.631084,0,pseudo_keep_model_drop,keep,rule_keep_score_ge_threshold,15,은행;pf,대출;연체;연체율;부실;금융,
2026-05-15,대통령 연일 금융 때리는데…국세청 '본보기 조사'에 쏠린 눈,지난 8일 하나금융지주·하나은행에 이어 11일 메리츠증권까지 사흘 간격으로 금융권 두 곳에 비정기 특별 세무조사에 착수했다. 금융권의 검찰 '금감원'이 있는데도 국세청까지 나서서 특별 세무조사에 나선 건 이례적인...,https://www.nocutnews.co.kr/news/6517515?utm_source=naver&utm_medium=article&utm_campaign=20260515062842,1,0.85,rule_keep_score_ge_6_with_hard_match,0.631102,0,pseudo_keep_model_drop,keep,candidate_hybrid_keep_strong_rule_anchor,10,금감원;은행,금융,
2026-05-12,"[롯데증권magic] 한국말은 어색해도 같은 민족...韓증권사들, 신동빈 뉴...","7%의 지분을 보유한 호텔롯데와 계열사를 중심으로 사모 회사채는 물론 공모 회사채 청약 등에 관여했다.... 양사는 신용등급이 당시 AA+로 같았고, 롯데쇼핑 측 제안은 포스코에너지 영구채와 같은 금리 스프레드...",https://www.financialpost.co.kr/news/articleView.html?idxno=258460,1,0.85,rule_keep_score_ge_6_with_hard_match,0.631355,0,pseudo_keep_model_drop,keep,rule_keep_score_ge_threshold,11,증권사;회사채;스프레드,금리,
2026-05-19,田 “조현화랑 매출 150억↑” 朴 “통일교 의혹 진실 밝혀라”(종합),"모델”이라며 “은행 모델을 고집하면 여신·수신 비율을 맞춰야 하고 대손충당금을 쌓아야 하며, 금융위와 금감원의 잦은 검사도 있다. 어느 세월에 50조 원 규모의 엄청난 투자 재원을 마련해 적기에 투입하겠느냐”고...",http://www.kookje.co.kr/news2011/asp/newsbody.asp?code=0100&key=20260519.22003004729,1,0.85,rule_keep_score_ge_6_with_hard_match,0.631957,0,pseudo_keep_model_drop,keep,candidate_hybrid_keep_strong_domain_rule_anchor,9,금융위;은행,,
2026-05-12,"증권사, 세컨더리 펀드로 벤처 회수시장 '새 플레이어' 부상",유망 비상장기업과의 네트워크를 넓혀 향후 프리IPO(상장 전 지분투자)나 상장 주관 등 굵직한 기업금융(IB) 딜로 이어질 수 있다는 점도 매력적이다. 다만 검증된 매물이 곧바로 안전한 투자처를 의미하는 것은 아니다....,https://www.ngetnews.com/news/articleView.html?idxno=550219,1,0.85,rule_keep_score_ge_6_with_hard_match,0.632212,0,pseudo_keep_model_drop,keep,rule_keep_score_ge_threshold,8,증권사;ipo,금융,
2026-05-13,[리딩뱅크 3파전] 건전성 관리도 핵심 변수로…부실흡수능력 관리 부담...,"KB국민·신한·하나 연체율·NPL커버리지비율 동반 악화…선제적 관리 필요성 부각 리딩뱅크 경쟁의 또 다른 변수는 건전성이다. 주요 시중은행들이 올해 1분기에도 견조한 실적 흐름을 이어갔지만, 동시에 연체율...",https://dealsite.co.kr/articles/161593,1,0.85,rule_keep_score_ge_6_with_hard_match,0.632330,0,pseudo_keep_model_drop,keep,rule_keep_score_ge_threshold,16,은행;npl,연체;연체율;부실;건전성;실적,
2026-05-15,"OKX, 에이전트 트레이드 키트에 거시경제 캘린더 출시","대상 지표에는 연준 금리 결정, 소비자물가지수(CPI), 비농업 고용, 국내총생산(GDP), 구매관리자지수(PMI) 등이 포함된다. OKX 에이전트 트레이드 키트는 AI 에이전트와 전문 트레이더를 위한 거래 도구 모음으로, 앞서...",https://www.tokenpost.kr/news/breaking/359633,1,0.85,rule_keep_score_ge_6_with_hard_match,0.632474,0,pseudo_keep_model_drop,keep,candidate_hybrid_keep_strong_rule_anchor,9,연준;cp,금리,
2026-05-21,"스페이스X, 상장 신청서 공개…6월말 나스닥 등판 전망",스페이스X는 2021년부터 가상자산을 포트폴리오에 편입하고 보유량을 전략적으로 조절해 온 것으로... 이번에 확인된 BTC 보유량은 현재 자산 가치 기준으로 글로벌 암호화폐 거래소 코인베이스(COIN)를 제치고 전...,http://www.4th.kr/news/articleView.html?idxno=2112047,1,0.85,rule_keep_score_ge_6_with_hard_match,0.633151,0,pseudo_keep_model_drop,keep,candidate_hybrid_keep_strong_domain_rule_anchor,8,가상자산;암호화폐,,
2026-05-12,증시 달리자 마통도 늘었다…5대은행 잔액 40조 돌파,다만 마이너스통장 증가세가 이어질 경우 연체율과 가계대출 관리 부담이 커질 가능성도 거론된다. 11일... 다만 이러한 투자 확대가 향후 가계 연체율 상승으로 이어질 수 있다는 점은 부담 요인으로 꼽힌다. 은행권...,http://www.popcornnews.net/news/articleView.html?idxno=120850,1,0.85,rule_keep_score_ge_6_with_hard_match,0.633524,0,pseudo_keep_model_drop,keep,rule_keep_score_ge_threshold,8,은행,대출;연체;연체율,
2026-05-12,[생활물가와 통화정책] 과거 3% 넘으면 韓銀 매파 본색,경우 한국은행의 매파성이 강해지는 모습이 관찰된다. 11일 국가통계포털(KOSIS)에 따르면 직전 금리인상기... 최저 기준금리에 아파트 등 자산 가격이 빠르게 치솟으면서 금융 불안이 커지는 상황이었다. 물가뿐만...,https://news.einfomax.co.kr/news/articleView.html?idxno=4414060,1,0.85,rule_keep_score_ge_6_with_hard_match,0.634162,0,pseudo_keep_model_drop,keep,rule_keep_score_ge_threshold,13,한국은행;은행;기준금리,금리;금융,
2026-05-20,2금융 주담대·빚투에 1분기 가계빚 2000조원 '턱밑',"보인다""며 ""금융당국의 상호금융권 가계대출 확대 자제 요청으로 2~3월 농협중앙회나 새마을금고에서 모집인을 통한 가계대출, 집단대출 중단 시행을 발표해 향후 크게 늘어나지 않을 것으로 보인다""고 설명했다....",http://www.newsprime.co.kr/news/article.html?no=733989,1,0.85,rule_keep_score_ge_6_with_hard_match,0.634220,0,pseudo_keep_model_drop,keep,candidate_hybrid_keep_strong_domain_rule_anchor,8,상호금융;새마을금고,,
2026-05-20,'단기 카드론' 중독된 미국…유탄 맞은 코스피 [B급기자의 B급리포트],"● 10조달러 '돌려막기' 후폭풍 미국채 금리가 내려가지 않는 또 다른 이유는 시장에 풀리는 채권의 양이 많기 때문이다. 미국의 지출에서 의무 지출과 순이자 비용, 국방비 비중은 77%다. 국방비 지출 비중은 현재 13%로...",http://www.wowtv.co.kr/NewsCenter/News/Read?articleId=A202605190482&t=NN,1,0.85,rule_keep_score_ge_6_with_hard_match,0.634263,0,pseudo_keep_model_drop,keep,candidate_hybrid_keep_strong_domain_rule_anchor,11,카드론;미국채 금리,코스피,
2026-05-20,가계빚 2천조원 육박…영끌·빚투 이어지며 사상 최대치,반면 예금은행 가계대출은 2천억원 줄어 2023년 1분기 이후 3년 만에 처음 감소했습니다. 증권사 등 기타 금융중개회사의 신용공여도 4조8천억원 늘어 이른바 ‘빚투’ 증가 흐름을 보여줬습니다. 이혜영 한국은행...,https://www.tjb.co.kr/news05/bodo/view/id/98405,1,0.85,rule_keep_score_ge_6_with_hard_match,0.634285,0,pseudo_keep_model_drop,keep,candidate_hybrid_keep_strong_domain_rule_anchor,8,한국은행;증권사,,
2026-05-21,"뜨거운 주식 속 차가운 코인···가상자산거래소 수수료 매출, 1년 만에...",국내 가상자산거래소들의 올해 1분기 거래 수수료 수익이 1년 전에 비해 ‘반토막’ 났다. 증시 활황으로 고객들의 자금이 주식 시장으로 옮겨가면서 가상자산 거래량이 줄어든 데 따른 결과다. 한때 뜨거웠던...,https://www.khan.co.kr/article/202605201549001,1,0.85,rule_keep_score_ge_6_with_hard_match,0.634524,0,pseudo_keep_model_drop,keep,candidate_hybrid_keep_strong_domain_rule_anchor,11,가상자산;가상자산거래소,수수료;주식,
2026-05-20,‘영끌·빚투’에 가계빚 역대 최대… 1분기 1993조원 돌파,"예금은행 가계대출은 2000억원 줄며 3년 만에 처음 감소했지만, 상호금융·저축은행·신협 등 비은행예금취급기관 대출은 8조2000억원 늘었다. 비은행권에서는 주택관련대출이 10조6000억원 급증했다. 보험·증권사 등...",https://www.joongang.co.kr/article/25429559,1,0.85,rule_keep_score_ge_6_with_hard_match,0.634980,0,pseudo_keep_model_drop,keep,candidate_hybrid_keep_strong_domain_rule_anchor,15,저축은행;증권사;상호금융;신협,,
2026-05-15,"하나증권, 위벤처스와 생산적 금융협력… “스타트업 발굴·투자·상장...","초기 투자부터 후속 투자, 자금 조달, 기업공개(IPO) 및 인수합병(M&A) 자문까지 이어지는 종합 금융 지원 체계를 구축할 계획이다. 정영균 하나증권 IB그룹장은 “벤처캐피탈과 증권사는 역할은 다르지만 기업의 성장을...",https://www.munhwa.com/article/11588908?ref=naver,1,0.85,rule_keep_score_ge_6_with_hard_match,0.635062,0,pseudo_keep_model_drop,keep,candidate_hybrid_keep_strong_rule_anchor,11,캐피탈;증권사;ipo,금융,
2026-05-14,"케이뱅크, 부실채권 매각 급증…연체율 낮췄지만 차주에겐 압박 가중","덕분에 연체율 등 자산건전성 지표는 개선됐지만 연체 차주들이 겪는 채무상환 압박은 커지는 모습이다.... 2024년 말 연체율은 0.90%로 2023년 3월 0.95%, 6월 0.90%, 9월 0.88%로 부실채권 상각에도 불구하고 높은 수준에서...",https://www.insightkorea.co.kr/news/articleView.html?idxno=246340,1,0.85,rule_keep_score_ge_6_with_hard_match,0.635138,0,pseudo_keep_model_drop,keep,rule_keep_score_ge_threshold,14,부실채권,연체;연체율;부실;건전성;채권,
2026-05-21,[Invest]공정위 문턱서 표류하는 네이버·미래에셋 가상자산 전략,국내 대표 핀테크 사업자와 가상자산거래소 간 결합인 만큼 공정위가 들여다볼 쟁점도 적지 않다는 평가다.두 회사로서는 일정이 빠듯하다. 오는 8월 20일부터 특정금융정보법 개정안이 시행되기 때문이다. 개정안은...,https://www.investchosun.com/site/data/html_dir/2026/05/20/2026052080107.html,1,0.85,rule_keep_score_ge_6_with_hard_match,0.635139,0,pseudo_keep_model_drop,keep,candidate_hybrid_keep_strong_domain_rule_anchor,9,가상자산;가상자산거래소,,
2026-05-12,[뉴욕채권] 국채가↓…길트 매도·종전 협상 교착 속 3년물 입찰 부진,"시카고상품거래소(CME) 페드워치에 따르면, 연방기금금리(FFR) 선물시장은 뉴욕 오후 3시 45분께 미국 연방준비제도(연준ㆍFed)가 오는 12월까지 금리를 동결할 가능성을 전장보다 다소 낮은 70% 남짓으로 가격에...",https://news.einfomax.co.kr/news/articleView.html?idxno=4414207,1,0.85,rule_keep_score_ge_6_with_hard_match,0.635335,0,pseudo_keep_model_drop,keep,rule_keep_score_ge_threshold,16,연준;fed;국채,금리;채권,
2026-05-20,"금융당국, 특금법 논란에 디지털자산 거래소 만나…""정책 디테일은 바꿀...",특히 이번 간담회에서 가상자산 업계가 가장 강력하게 우려를 표명한 대목은 해외 거래소 및 개인지갑 간 1000만원 이상의 모든 가상자산 이전 거래를 위험도와 관계없이 의심거래보고(STR) 대상으로 분류해 FIU에 강제...,https://www.newspim.com/news/view/20260519001292,1,0.85,rule_keep_score_ge_6_with_hard_match,0.635857,0,pseudo_keep_model_drop,keep,candidate_hybrid_keep_strong_domain_rule_anchor,13,가상자산;디지털자산;fiu,,
2026-05-18,양도세 중과 유예 종료 앞두고…주담대 8개월 만에 최대폭 증가,"폭증한 상호금융권이 빗장을 걸어 잠그며, 2금융권의 주담대는 3월 3조 원에서, 4월 2조 8000억 원으로 증가 폭이 축소됐다. 특히 3월까지 2조 4000억 원 늘었던 새마을금고는 4월 들어선 1000억 원 증가에 그쳤다. 다만 농협...",https://www.news1.kr/finance/general-finance/6167741,1,0.85,rule_keep_score_ge_6_with_hard_match,0.635971,0,pseudo_keep_model_drop,keep,candidate_hybrid_keep_strong_rule_anchor,8,상호금융;새마을금고,,
2026-05-13,"농협, 2년 연속 재계 9위…몸집 키운 건 '이자 장사'",농협은행은 최근 5대 시중은행 가운데 높은 수준의 예대금리차를 유지해왔다. 은행연합회에 따르면 농협은행의 정책서민금융 제외 가계 예대금리차는 지난해 3월 1.55%포인트(p)를 기록한 이후 같은 해 8월 1.66%p까지...,https://www.kbanker.co.kr/news/articleView.html?idxno=224902,1,0.85,rule_keep_score_ge_6_with_hard_match,0.636378,0,pseudo_keep_model_drop,keep,rule_keep_score_ge_threshold,9,은행;예대금리차,금리;금융,
2026-05-18,"'기업대출로 규제지역 주택 구입' 무더기 적발…당국, 고강도 페널티 도...",◇가계대출 증가세 안정적이나…주담대 반등 '불씨' 여전 금융위원회와 금융감독원은 17일 '가계부채... 한편 금융위는 총부채원리금상환비율(DSR) 적용 대상 확대 등 상환능력 중심의 여신관리체계 고도화를 지속하는...,https://www.newsis.com/view/NISX20260517_0003632734,1,0.85,rule_keep_score_ge_6_with_hard_match,0.636767,0,pseudo_keep_model_drop,keep,candidate_hybrid_keep_strong_rule_anchor,25,금융감독원;금융위원회;금융위;dsr;가계부채,,
2026-05-19,카드사 연체율 개선 흐름에도 ‘신용사면·DSR 규제’ 부담 지속,카드업계가 선제적인 리스크 관리 효과에 힘입어 연체율 개선 흐름을 이어가고 있다. 다만 금융당국의... 아울러 금융당국은 기존 ‘기타대출’로 분류되던 카드론을 ‘신용대출’ 항목에 포함해...,https://www.ceoscoredaily.com/page/view/2026051816272680008,1,0.85,rule_keep_score_ge_6_with_hard_match,0.636793,0,pseudo_keep_model_drop,keep,candidate_hybrid_keep_strong_domain_rule_anchor,11,카드사;연체율;dsr,,
2026-05-15,“이자 줄이려 변동 탔는데”…주담대 금리 7% 시대 재진입,한국은행은 기준금리가 0.25%포인트 변동할 경우 가계 전체의 연간 이자 부담이 약 3조원 가량 증감하는 것으로 추산하고 있다. 더 큰 문제는 금리가 오르더라도 차주들이 대응할 수단이 제한적이라는 점이다. 정부의...,http://www.edaily.co.kr/news/newspath.asp?newsid=05500566645448920,1,0.85,rule_keep_score_ge_6_with_hard_match,0.637766,0,pseudo_keep_model_drop,keep,candidate_hybrid_keep_strong_rule_anchor,12,한국은행;은행;기준금리,금리,
2026-05-20,"[채권마감] 강보합 장단기금리차 7일만 축소, 금융투자 선물매수",한국은행 기준금리(현 2.50%)와 국고3년물간 금리차는 125.1bp로 좁혀졌다. 국고10년물과 3년물간 스프레드는 2.3bp 줄어든 45.9bp를 보였다. 이는 8일 0.2bp 축소 후 첫 감소세다. 전날에는 48.2bp까지 확대돼 2월9일(48....,https://www.etoday.co.kr/news/view/2586046,1,0.85,rule_keep_score_ge_6_with_hard_match,0.637784,0,pseudo_keep_model_drop,keep,candidate_hybrid_keep_strong_domain_rule_anchor,11,한국은행;스프레드;기준금리,,
2026-05-13,AI 수출 호황에 한·대만 경상흑자 확대…긴축 전환 가능성 부상,"11일(현지시간) 블룸버그통신에 따르면, 앤드루 틸턴이 이끄는 골드만삭스 이코노미스트들은 한국은행이 올해 3분기와 4분기에 각각 25bp씩 기준금리를 인상하고 대만 중앙은행도 2분기와 4분기에 각각 12.5bp씩 금리를...",https://www.sisajournal.com/news/articleView.html?idxno=372464,1,0.85,rule_keep_score_ge_6_with_hard_match,0.638282,0,pseudo_keep_model_drop,keep,rule_keep_score_ge_threshold,12,한국은행;은행;기준금리,금리,
2026-05-16,"피치 ""韓 연간 성장률 상향 조정 가능성⋯연말엔 원화 가치 상승할 것""","통화 정책과 관련해선 한국은행이 2026년과 2027년까지 기준금리를 현 수준(연 2.5%)에서 동결할 것이란 기존 전망을 유지했다. 그러면서도 ""에너지 가격 충격으로 인해 인플레이션 압력이 다시 높아지고 성장세가...",https://www.etoday.co.kr/news/view/2584886,1,0.85,rule_keep_score_ge_6_with_hard_match,0.638604,0,pseudo_keep_model_drop,keep,candidate_hybrid_keep_strong_rule_anchor,9,한국은행;기준금리,원화,
2026-05-17,"한국 경제, 가계부채부터 물가까지 다음 주 중요한 통계 발표","이어 22일에는 올해 1분기 차주별 가계부채 통계도 공개돼, 소득 수준이나 보유 대출 특성에 따라 빚 부담이 어떻게 나뉘어 있는지도 확인할 수 있다. 물가 흐름을 가늠할 선행지표도 나온다. 한국은행은 21일 4월...",https://www.tokenpost.kr/news/economy/360317,1,0.85,rule_keep_score_ge_6_with_hard_match,0.638685,0,pseudo_keep_model_drop,keep,candidate_hybrid_keep_strong_rule_anchor,9,한국은행;가계부채,대출,
2026-05-14,"한국 새벽 4시...뉴욕증시 '혼조', 엔비디아·애플·나스닥 '활짝'",이 시각 뉴욕 국채시장에서 연준의 금리정책에 민감한 2년물 미국 국채금리는 3.988%로 전일의 3.996% 대비 낮아진 반면 벤치마크 금리인 10년물 미국 국채금리는 4.479%로 전일의 4.471% 대비 높아졌다. 이날 공개된...,http://www.choicenews.co.kr/news/articleView.html?idxno=165229,1,0.85,rule_keep_score_ge_6_with_hard_match,0.638836,0,pseudo_keep_model_drop,keep,rule_keep_score_ge_threshold,13,연준;국채;국채금리,금리,
2026-05-15,지방금융 '깜짝 실적'의 역설… 비금융이 가린 은행 실적의 '빨간불',지방은행의 연체율은 시중은행과 비교해 현저히 높은 수준을 기록하며 지역 실물 경제의 위기가 반영된 것으로 보인다. 5개 은행의 연체율 평균은 1.24%로 나타났다. 이는 5대 시중은행 평균(0.4%)의 3배를 웃도는...,http://www.srtimes.kr/news/articleView.html?idxno=203264,1,0.85,rule_keep_score_ge_6_with_hard_match,0.639061,0,pseudo_keep_model_drop,keep,candidate_hybrid_keep_strong_rule_anchor,9,은행,연체;연체율;실적;금융,
2026-05-21,"우리카드, BC 의존 낮췄다…진성원式 독자망 성과 가시화",여신금융협회 기준 올해 1분기 국내 카드사 8곳의 개인 신용카드 신규 회원 수는 243만9000명이었다. 이 가운데 우리카드의 신규 회원 수는 28만3000명으로 카드사 중 5위였다. 순위만 보면 중위권이지만 지난해 연간...,https://www.newspost.kr/news/articleView.html?idxno=223035,1,0.85,rule_keep_score_ge_6_with_hard_match,0.639710,0,pseudo_keep_model_drop,keep,candidate_hybrid_keep_strong_domain_rule_anchor,9,카드사;여신금융협회,,
2026-05-13,"""소비가 미덕"" 李대통령, 긴축재정론 선긋기","2000년대 초 카드 대란 사태를 수습하고자 은행·카드사가 공동 출자해 설립한 유동화전문회사(SPC)인 민간... 이 대통령은 ""카드사태 때 카드회사들은 정부 세금으로 도움받지 않았나""라며 ""악착같이 연체채권을 지금도...",http://www.00news.co.kr/news/articleView.html?idxno=103727,1,0.85,rule_keep_score_ge_6_with_hard_match,0.639847,0,pseudo_keep_model_drop,keep,rule_keep_score_ge_threshold,10,은행;카드사,연체;채권,
2026-05-12,"[비즈 나우] 월가 ""올해 금리인하 없다""…현금으로 피신하라","수익률 곡선의 움직임도 예사롭지 않은데, 지난해만 해도 시장은 곧 금리가 내려갈 것이다 확신했기 때문에, 단기국채 금리가 연준 실효금리보다 낮게 형성됐었다면, 최근 인하 기대가 사라지면서 상황이 뒤집히고...",https://biz.sbs.co.kr/article_hub/20000309624?division=NAVER,1,0.85,rule_keep_score_ge_6_with_hard_match,0.639947,0,pseudo_keep_model_drop,keep,rule_keep_score_ge_threshold,9,연준;국채,금리,
2026-05-20,[단독]주식 투자의 또다른 그늘...“2030대 연체 늘어난다”,"금융감독원에 따르면 지난해 12월 말 0.75%였던 은행권 가계신용대출 연체율은 올 1월 0.84%, 올 2월 0.90%로 꾸준히 상승 중이다. 이 때문에 은행권은 빚투가 계속 늘어날 경우 젊은 취약 차주를 중심으로 연체율 상승세가...",https://www.sedaily.com/article/20045903?ref=naver,1,0.85,rule_keep_score_ge_6_with_hard_match,0.640009,0,pseudo_keep_model_drop,keep,candidate_hybrid_keep_strong_domain_rule_anchor,17,금융감독원;은행권;연체율,연체;주식,
2026-05-18,BNK 4%·JB 12%···같은 지방은행인데 금리 차이 3배,"연체율은 1.42%로 전년 동기 대비 0.3%포인트 상승했고, JB금융의 NPL 비율 역시 1.41%로 높아졌다. 지방 경기 둔화와 부동산 프로젝트파이낸싱(PF) 부담 등이 건전성 지표에 영향을 미쳤다는 분석이다. 다만 금융권에서...",http://www.enewstoday.co.kr/news/articleView.html?idxno=2429927,1,0.85,rule_keep_score_ge_6_with_hard_match,0.640081,0,pseudo_keep_model_drop,keep,candidate_hybrid_keep_strong_rule_anchor,16,npl;pf;프로젝트파이낸싱,금리;건전성,
2026-05-12,[단독]빚탕감 외쳤지만 23년 전 카드대란 9만명은 남겨졌다···이재명 ...,"상록수는 2000년대 초 카드대란 당시 폭증한 부실채권을 관리하기 위해 주요 은행과 카드사가 공동 출자해... 추심업체 MG신용정보도 매년 추심 수수료로 연간 15억원, 연간 3000만~5000만원 수준의 성과 수수료도 합해 약...",https://www.khan.co.kr/article/202605120600021,1,0.85,rule_keep_score_ge_6_with_hard_match,0.640359,0,pseudo_keep_model_drop,keep,rule_keep_score_ge_threshold,15,은행;카드사;부실채권,부실;수수료;채권,
2026-05-16,"""코스피 7000? 일단 팔자"" 외국인 자금 줄줄…순유출폭은 줄었다",한국은행이 15일 발표한 '2026년 4월 이후 국제금융·외환시장 동향'에 따르면 4월 외국인의 국내... 4월 중 원/달러 환율은 하락 전환했다. 3월 말 1530.1원까지 오른 원/달러 환율은 4월 말 1483.3원으로 내렸다. 미국과...,https://www.mt.co.kr/economy/2026/05/15/2026051508163037262,1,0.85,rule_keep_score_ge_6_with_hard_match,0.640974,0,pseudo_keep_model_drop,keep,candidate_hybrid_keep_strong_rule_anchor,8,한국은행,코스피;달러,
2026-05-20,부동산 '영끌'·주식 '빚투' 영향에 1분기 가계빚 14조↑…2000조 초읽기,예금은행 가계대출이 줄어든 건 정부의 가계대출 규제 강화 영향으로 분석된다. 반면 같은 기간 상호금융 등 비은행예금취급기관의 가계대출은 주담대 중심으로 전분기 말보다 8조2000억원 늘었고 보험사 등...,https://www.getnews.co.kr/news/articleView.html?idxno=870465,1,0.85,rule_keep_score_ge_6_with_hard_match,0.641259,0,pseudo_keep_model_drop,keep,candidate_hybrid_keep_strong_domain_rule_anchor,8,보험사;상호금융,주식,
2026-05-20,"원/달러 환율, 1,500원대 재돌파...중동 불안과 외국인 매도 영향","19일 서울 외환시장에서 원/달러 환율은 오후 3시 30분 기준 전날보다 7.5원 오른 1,507.8원에 거래를 마쳤다.... 있어 환율 상승 요인으로 연결된다. 원화 가치가 약해졌다는 뜻이기도 해, 수입 물가나 금융시장 심리에...",https://www.tokenpost.kr/news/economy/361257,1,0.85,rule_keep_score_ge_6_with_hard_match,0.641313,0,pseudo_keep_model_drop,keep,candidate_hybrid_keep_strong_domain_rule_anchor,13,환율;원/달러;외환시장,달러;원화,
2026-05-14,"[팀장칼럼] 24시간 ‘주식 토큰화’ 시대, 한국은 제자리걸음","박현영 블록체인전문기자 = 2023년 2월, 금융위원회가 토큰증권발행(STO) 가이드라인을 처음 발표했다. 당시만 해도 시장의 반응은 긍정적이었다. 부동산부터 한우, 음원까지 쪼개 파는 시대가 열릴 것이라며 증권사들은...",https://www.news1.kr/finance/blockchain-fintech/6165720,1,0.85,rule_keep_score_ge_6_with_hard_match,0.641694,0,pseudo_keep_model_drop,keep,rule_keep_score_ge_threshold,23,금융위원회;금융위;증권사;토큰증권;sto,주식;금융,
2026-05-14,"""지구 최대 기업 될 것"" 배런 캐피탈, 스페이스X에 10억달러 투자 선언","골드만삭스, 제이피모건, 모건스탠리, 시티, 뱅크오브아메리카 메릴린치 등 주요 인수단은 IPO 밸류에이션을 17.5~20조달러(약 2.4~2.8조원)로 제시했다. 스페이스X는 나스닥 상장을 목표로 하고 있으며, 로드쇼는...",https://www.digitaltoday.co.kr/news/articleView.html?idxno=665624,1,0.85,rule_keep_score_ge_6_with_hard_match,0.641804,0,pseudo_keep_model_drop,keep,rule_keep_score_ge_threshold,8,캐피탈;ipo,달러,
2026-05-13,"신한카드, 카드대란 피해 차주 재기 발판 마련",신한카드는 민간 부실채권 처리회사 '상록수제일차유동화전문유한회사(상록수)' 보유 장기연체채권 중... 투신사와 은행신탁에서 환매 요구가 급증하면서 시작됐다. MMF(단기금융시장펀드)시장에 투신사들이 만기...,https://www.straightnews.co.kr/news/articleView.html?idxno=302172,1,0.85,rule_keep_score_ge_6_with_hard_match,0.642294,0,pseudo_keep_model_drop,keep,rule_keep_score_ge_threshold,14,은행;부실채권,연체;부실;채권;금융,
2026-05-14,"BTS 팬덤 유입까지…""원화 스테이블코인, 자본시장 판도 바꿀 기회""","이종섭 서울대 경영대학 교수는 13일 글로벌금융학회가 주최한 '토큰증권(STO)과 스테이블코인의 확산과 금융경제의 변화' 정책심포지엄에서 ""스테이블코인 도입 여부를 논의할 단계는 이미 지났다""며 이같이 분석했다....",https://www.hankookilbo.com/news/article/A2026051315400002103?did=NA,1,0.85,rule_keep_score_ge_6_with_hard_match,0.642300,0,pseudo_keep_model_drop,keep,rule_keep_score_ge_threshold,8,토큰증권;sto,원화;금융,
2026-05-21,"카드사 8곳 순익, 증권사 1곳에 밀렸다…중장기 미래 먹거리 찾기 ‘고...",금융투자협회에 따르면 지난 15일 기준 AA+ 등급 3년 만기 여전채 평균 금리는 연 4.262%를 기록했다. 지난해 5월... 금융·커머스·콘텐츠·통신 산업 경계는 빠르게 흐려지고 있지만 국내 카드사는 여전히 과거 여신전문금융...,https://www.kukinews.com/article/view/kuk202605200138,1,0.85,rule_keep_score_ge_6_with_hard_match,0.643017,0,pseudo_keep_model_drop,keep,candidate_hybrid_keep_strong_domain_rule_anchor,12,카드사;증권사;여전채,금융,
2026-05-13,액티브 ETF,"금감원은 지난달 'ETF 금투업계 간담회'에서 액티브 ETF 출시 전 포트폴리오 사전 공개 논란을 짚으며, 추종 매매와 불공정거래 소지를 줄이기 위해 제도 개선 필요성을 언급했다.",https://www.danbinews.com/news/articleView.html?idxno=32892,1,0.85,rule_keep_score_ge_6_with_hard_match,0.643210,0,pseudo_keep_model_drop,keep,rule_keep_score_ge_threshold,9,금감원;불공정거래,,
2026-05-21,[투데이 Pick] 신용 높을수록 더 낸다…은행권 번지는 ‘금리 역전’,포용금융 확대 기조 속 일부 대출 상품에서 기존 금리 구조가 흔들리면서 금융권 안팎의 우려도 커지는... 5대 시중은행의 올해 1분기 말 평균 연체율은 0.40%로 지난해 말(0.34%)보다 0.06%포인트 상승했다....,https://www.news2day.co.kr/article/20260521500010,1,0.85,rule_keep_score_ge_6_with_hard_match,0.643279,0,pseudo_keep_model_drop,keep,candidate_hybrid_keep_strong_domain_rule_anchor,10,은행권;시중은행,금리;대출,
2026-05-21,환율 하락 전환에 채권 약세폭 축소…국고 3년 2.7bp↑,"대외 불확실성 확대에 따른 국내 금융시장 상황을 논의하고, 시장 안정을 위해 긴밀히 공조하기로 협의했다. 다만 오전 장중 약세폭이 다소 축소됐다. 달러-원 환율이 1,510원대에서 등락하다가, 당국 경계로 하락...",https://news.einfomax.co.kr/news/articleView.html?idxno=4415902,1,0.85,rule_keep_score_ge_6_with_hard_match,0.643558,0,pseudo_keep_model_drop,keep,candidate_hybrid_keep_strong_domain_rule_anchor,10,환율;국내 금융시장,채권;달러,
2026-05-14,코인원·FIU 집행정지 심문 26일 종결…29일께 결론,금융위원회 금융정보분석원(FIU)과 국내 가상자산거래소 코인원 간 영업 일부정지 처분 집행정지 사건의 심문 절차가 오는 26일 마무리된다. 잠정 정지 효력이 유지되는 29일 전으로 법원의 집행정지 인용 여부가 결정될...,http://www.edaily.co.kr/news/newspath.asp?newsid=04395206645448592,1,0.85,rule_keep_score_ge_6_with_hard_match,0.643787,0,pseudo_keep_model_drop,keep,rule_keep_score_ge_threshold,16,금융위원회;금융위;가상자산,금융,
2026-05-21,"금투협 황성엽 ""한국 자본시장, 코리아 프리미엄 시대로 진입""","이어 ""토큰증권(STO)과 스테이블코인 등 디지털 금융과 관련해 정부와 업계가 제도화를 위해 많은 노력을 하고 있다""며 ""디지털 자산을 기초자산으로 하는 다양한 상품 개발도 시장에서 논의 중""이라고 덧붙였다.",https://www.straightnews.co.kr/news/articleView.html?idxno=302965,1,0.85,rule_keep_score_ge_6_with_hard_match,0.643847,0,pseudo_keep_model_drop,keep,candidate_hybrid_keep_strong_domain_rule_anchor,15,토큰증권;sto;스테이블코인,,
2026-05-13,[글로벌차트] 유동성 확 풀린 美 머니마켓…연방기금금리 이례적 하락,EFFR은 연준의 금리 결정과 동떨어져 움직이는 적이 드문 탓에 소폭이라도 오르거나 내리면 시장의 관심을 끈다. 머니마켓의 유동성 압박이 이슈였던 작년 하반기에는 EFFR이 몇 차례 소폭의 오름세를 보이면서 화제가...,https://news.einfomax.co.kr/news/articleView.html?idxno=4414305,1,0.85,rule_keep_score_ge_6_with_hard_match,0.643945,0,pseudo_keep_model_drop,keep,rule_keep_score_ge_threshold,9,연준;유동성,금리,
2026-05-20,"온톨로지·온톨로지가스, 업비트 상승률 상위권…거래량도 집중[특징코...",글로벌 가상자산 시황 플랫폼 코인마켓캡에 따르면 글로벌 가상자산 거래소 가운데 업비트의 온톨로지 거래량 비중은 32.5%로 가장 높았다. 온톨로지가스 역시 업비트 거래량 비중이 39.77%를 기록하며 바이낸스 등 주요...,https://www.news1.kr/finance/blockchain-fintech/6171391,1,0.85,rule_keep_score_ge_6_with_hard_match,0.644222,0,pseudo_keep_model_drop,keep,candidate_hybrid_keep_strong_domain_rule_anchor,9,가상자산;업비트,,
2026-05-20,"""당장 이자 부담 적어서""…10명 중 6명 '변동형', 신의 한수 될까","한국은행은 ""기준금리가 0.25%p 인상될 때마다 대출차주 1인당 연평균 이자부담이 16만 3천원씩 증가할 것“으로 추산하고 있는데요. 현재 증권가에서는 한국은행이 하반기 두 차례 금리인상을 단행할 것으로 내다보고...",https://www.wowtv.co.kr/NewsCenter/News/Read?articleId=A202605190427&t=NNv,1,0.85,rule_keep_score_ge_6_with_hard_match,0.644342,0,pseudo_keep_model_drop,keep,candidate_hybrid_keep_strong_domain_rule_anchor,8,한국은행;기준금리,,
2026-05-14,"모기지 금리,“6% 아래 당분간 요원”",특히 중동 지역 긴장 고조로 에너지 가격이 상승하고 인플레이션 우려가 커지면서 채권 금리와 모기지 금리의 변동성이 확대되고 있다. 연준도 이러한 환경을 고려해 기준금리 인하를 보류하는 기조를 유지하고 있다....,http://www.koreatimes.com/article/1613104,1,0.85,rule_keep_score_ge_6_with_hard_match,0.644469,0,pseudo_keep_model_drop,keep,rule_keep_score_ge_threshold,11,연준;기준금리,금리;채권,
2026-05-12,"“코스피, 연내 1만1600 간다…반도체 정점은 8월 전망”",이상의 연준 금리인하 가능성 △밸류업 체질개선 및 MSCI 선진지수 승격 정책 △동학개미(한국 증시 개인 투자자)와 외국인 투자자 간 수급 조화 등을 꼽았다. 김 연구원은 “상반기 코스피 주가순자산비율(P/B)...,http://www.edaily.co.kr/news/newspath.asp?newsid=03978646645447936,1,0.85,rule_keep_score_ge_6_with_hard_match,0.644733,0,pseudo_keep_model_drop,keep,rule_keep_score_ge_threshold,9,연준,금리;주가;코스피,
2026-05-20,[오늘의 증시] 외국인 '팔자'에 코스피 7200선 후퇴...환율 다시 1500원 돌...,"원·달러 환율도 다시 1,500원대로 올라서며 한 달 반 만에 최고 수준을 기록했다. 중동 지정학 리스크와 미국 반도체주 약세, 외국인 자금 이탈이 동시에 겹치면서 국내 금융시장 변동성이 확대되는 모습이다....",https://www.polinews.co.kr/news/articleView.html?idxno=731678,1,0.85,rule_keep_score_ge_6_with_hard_match,0.645155,0,pseudo_keep_model_drop,keep,candidate_hybrid_keep_strong_domain_rule_anchor,10,환율;국내 금융시장,코스피;달러,
2026-05-19,"중고차시장, 역성장 속 법인 비중 늘어난 이유는?",한국은행은 지난달 통화정책방향 결정회의에서 기준금리를 연 2.5%로 동결했다. 일곱 차례 연속 동결로 고금리 환경이 장기화되는 양상이다. 시중은행 신차 할부 금리도 신용등급에 따라 연 4.5~7.5% 수준에서...,http://www.the-biz.co.kr/news/articleView.html?idxno=720829,1,0.85,rule_keep_score_ge_6_with_hard_match,0.645367,0,pseudo_keep_model_drop,keep,candidate_hybrid_keep_strong_domain_rule_anchor,12,한국은행;시중은행;기준금리,,
2026-05-16,"이찬진 ""금융소비자 보호·시장안정 최우선""…감독체계 손본다",가계부채와 부동산 프로젝트파이낸싱(PF) 위험을 관리하는 동시에 자본시장 선진화와 불공정거래 근절을 통해 '코리아 프리미엄' 실현을 뒷받침하겠다는 구상이다. 이 원장은 15일 서울 중구 은행회관에서 열린 '2026년...,http://www.newsfc.co.kr/news/articleView.html?idxno=78719,1,0.85,rule_keep_score_ge_6_with_hard_match,0.645737,0,pseudo_keep_model_drop,keep,candidate_hybrid_keep_strong_rule_anchor,15,pf;프로젝트파이낸싱;불공정거래;가계부채,,
2026-05-20,여전사 사잇돌대출 이르면 10월 출시…서민금융 보완 나선다,중신용자를 대상으로 한 보증부 정책금융 상품인 사잇돌대출이 여신전문금융업권(카드·캐피털사)으로 확대되면서 이르면 오는 10월 출시될 전망이다. 19일 금융당국에 따르면 금융위원회는 여전업권 사잇돌대출 상품...,https://www.sentv.co.kr/article/view/sentv202605190013,1,0.85,rule_keep_score_ge_6_with_hard_match,0.645809,0,pseudo_keep_model_drop,keep,candidate_hybrid_keep_strong_domain_rule_anchor,23,금융위원회;금융위;여신전문금융업;정책금융,,
2026-05-20,압류 막는 '생계비통장'…5대 은행과 카카오뱅크·신협·새마을금고 등...,"5대 은행과 기업은행, 부산은행, 수협은행 등에 이어 인터넷전문은행인 카카오뱅크를 비롯해 신협중앙회... 상호금융권도 생계비통장 경쟁에 가세했다. 신협중앙회는 '신협 생계비통장'을 출시하고 가까운 영업점에서...",https://www.lcnews.co.kr/news/articleView.html?idxno=202305,1,0.85,rule_keep_score_ge_6_with_hard_match,0.645898,0,pseudo_keep_model_drop,keep,candidate_hybrid_keep_strong_domain_rule_anchor,17,상호금융;새마을금고;신협;기업은행,,
2026-05-21,"“위험가중치 규제가 생산적 금융 막는다”…은행권, 건전성 체계 손질...",은행의 생산적 금융 역할을 확대하기 위해 위험을 강조하는 대신 효율적인 자율 배분을 고려한 건전성 체계... 신협이나 새마을금고에서도 위험을 감내하면서 생산적 금융을 독려하지 않더라도 통일성 있는 감독이...,https://www.ddaily.co.kr/page/view/2026052016191282410,1,0.85,rule_keep_score_ge_6_with_hard_match,0.646400,0,pseudo_keep_model_drop,keep,candidate_hybrid_keep_strong_domain_rule_anchor,19,은행권;새마을금고;신협;생산적 금융,건전성;금융,
2026-05-16,"'포용금융'의 청구서… 부실채권 떠안는 캠코, 건전성 괜찮나",장기 연체채권이 캠코 새도약기금으로 이관된다. 이번 조치로 약 11만 명의 장기 연체 채무자들이 수십... 시중은행의 자발적인 움직임도 포착됐다. KB국민은행은 2020년 설립한 유동화전문회사 '케이비스타'가 보유한 2...,http://www.srtimes.kr/news/articleView.html?idxno=203362,1,0.85,rule_keep_score_ge_6_with_hard_match,0.646449,0,pseudo_keep_model_drop,keep,candidate_hybrid_keep_strong_rule_anchor,8,부실채권,연체;건전성,
2026-05-13,"""하나금융 다음 어디?""… '재계 저승사자' 행보 금융권 초긴장","이재명 대통령이 최근 은행 등 금융권을 향해 준 공공기관이라고 지적한 데다, 장기 연체채권 추심을 두고 '약탈금융'이라고 비난하자, 사정당국인 국세청이 총대를 메고 나선 것 아니냐는 얘기다.특히 조사4국은 특정...",https://www.asiatoday.co.kr/kn/view.php?key=20260513010003089,1,0.85,rule_keep_score_ge_6_with_hard_match,0.646503,0,pseudo_keep_model_drop,keep,rule_keep_score_ge_threshold,8,은행,연체;채권;금융,
2026-05-21,"[애널픽] ""은행주 저평가 해소될 것…머니무브 걱정마""","정준섭 애널리스트는 ""금리 상승은 은행권의 순이자마진(NIM) 개선으로 이어진다""며 ""한국은행도 중동전쟁 이후 기준금리 인하에 매우 신중한 모습을 보이며 인상 가능성을 시사한 만큼 연중 강세가 이어질 것""이라...",https://theviewers.co.kr/View.aspx?No=4084316,1,0.85,rule_keep_score_ge_6_with_hard_match,0.646509,0,pseudo_keep_model_drop,keep,candidate_hybrid_keep_strong_domain_rule_anchor,9,한국은행;기준금리,금리,
2026-05-20,"7개월 만에 가동된 여신협회장 선거…공모 마감, 레이스 본격 돌입","전준우 김도엽 기자 = 정완규 회장 임기 만료 7개월 만에 여신금융협회장 선거가 후보자 공모 절차를 마치고, 본격 레이스에 돌입한다. 19일 금융권에 따르면 여신금융협회 회장후보추천위원회(회추위)를 구성하고 이날...",https://www.news1.kr/finance/general-finance/6171862,1,0.85,rule_keep_score_ge_6_with_hard_match,0.646519,0,pseudo_keep_model_drop,keep,candidate_hybrid_keep_strong_domain_rule_anchor,12,여신금융협회;여신협회,,
2026-05-14,"코스피 90% 폭등했는데…""여기 한국 맞나요?"" 청년들 '한숨'",한국은행에 따르면 지난 1분기 한국 경제는 1.7% 성장했다. 올해 들어 13일까지 코스피지수는 삼성전자와... 그러면서 기준금리 인상을 포함한 유연한 통화정책을 주문했다. 물가와 금리가 오르면 AI발 성장에서...,https://www.hankyung.com/article/2026051345721,1,0.85,rule_keep_score_ge_6_with_hard_match,0.646526,0,pseudo_keep_model_drop,keep,rule_keep_score_ge_threshold,14,한국은행;은행;기준금리,금리;코스피,
2026-05-21,코스피 급락에 '빚투 경고등'…반대매매 공포 다시 커진다,다시 금융시장 불안 요인으로 떠오르고 있다. 반대매매 규모 역시 빠르게 증가하면서 하락장이 추가 매물을... 이날 서울 외환시장에서 원·달러 환율은 1506.8원에 거래를 마치며 여전히 높은 수준을 유지했다. 환율...,https://www.ezyeconomy.com/news/articleView.html?idxno=235600,1,0.85,rule_keep_score_ge_6_with_hard_match,0.646645,0,pseudo_keep_model_drop,keep,candidate_hybrid_keep_strong_domain_rule_anchor,10,환율;외환시장,코스피;달러,
2026-05-21,"이억원 ""회수 아닌 회생이 중요…5∼7년 연체채권도 심각""","9%에서 한 자릿수로 대폭 인하했고, 은행권 중저신용 대출목표를 2028년까지 2조원 이상 확대했다""고도... 자금의 물줄기를 바꾸고 있다""면서 국민성장펀드, 주택담보대출 등 가계부채 관리 강화 등을 정책 성과로 꼽았다.",https://www.yna.co.kr/view/AKR20260520170900002?input=1195m,1,0.85,rule_keep_score_ge_6_with_hard_match,0.646940,0,pseudo_keep_model_drop,keep,candidate_hybrid_keep_strong_domain_rule_anchor,16,은행권;가계부채;국민성장펀드;성장펀드,,
2026-05-13,미 가계부채 18.8조달러…학자금 부실 속 ‘K자형’ 격차 우려,미 뉴욕 연방준비은행이 현지시간 12일 발표한 ‘가계부채 및 신용 보고서’에 따르면 올해 1분기 말 기준... 코로나19 팬데믹 기간 유예됐던 연방 학자금 대출 상환이 2023년 10월 재개된 이후 연체 지표는 높은 수준을...,https://news.kbs.co.kr/news/pc/view/view.do?ncd=8559403&ref=A,1,0.85,rule_keep_score_ge_6_with_hard_match,0.647380,0,pseudo_keep_model_drop,keep,rule_keep_score_ge_threshold,12,은행;가계부채,대출;연체;부실;달러,
2026-05-13,"3년차 박종문 체제 삼성증권, WM ‘최대실적’…발행어음 인가는 지연",삼성증권은 지난 2017년 초대형 투자은행(IB)으로 지정될 당시 대주주 적격성 문제로 발행어음 인가를 받지... 금감원은 지난해 초고액자산가 거점점포 검사 과정에서 삼성증권 일부 영업점을 포함한 증권사 점포들의...,https://www.ceoscoredaily.com/page/view/2026051212182127538,1,0.85,rule_keep_score_ge_6_with_hard_match,0.647486,0,pseudo_keep_model_drop,keep,rule_keep_score_ge_threshold,13,금감원;은행;증권사,실적,
2026-05-13,"이 대통령 ""카드사태 때 다 세금 도움 받더니... 필요하면 입법해야""",실제로 신한은행과 하나은행은 이날 이 대통령의 공개 비판 이후 상록수에서 보유한 장기연체채권 중 자사 지분을 캠코의 새도약기금에 매각키로 결정했다고 밝혔다. ▲  이억원 금융위원장이 12일 청와대에서 열린...,https://www.ohmynews.com/NWS_Web/View/at_pg.aspx?CNTN_CD=A0003233364&CMPT_CD=P0010&utm_source=naver&utm_medium=newsearch&utm_campaign=naver_news,1,0.85,rule_keep_score_ge_6_with_hard_match,0.648021,0,pseudo_keep_model_drop,keep,rule_keep_score_ge_threshold,22,금융위;한은;은행;카드사,연체;채권;금융,
2026-05-21,"테더, 국내 상표 출원 확대…韓 시장 진출 관측 [크립토360]","가상자산 거래·교환·대출·환전은 물론 발행과 회수도 지정상품에 담겼다. 이는 테더가 XAUT를 거래·결제... 디지털자산 사업자들과 협력 방안을 논의하고, 업비트·빗썸 등 거래소와 업무협약(MOU)을 체결했다. 그는...",https://biz.heraldcorp.com/article/10741728?ref=naver,1,0.85,rule_keep_score_ge_6_with_hard_match,0.648045,0,pseudo_keep_model_drop,keep,candidate_hybrid_keep_strong_domain_rule_anchor,19,가상자산;디지털자산;업비트;빗썸,대출,
2026-05-16,"김진일 금통위원 ""통화정책 최우선은 물가안정…이자율 반 클릭 바람직...","뉴스토마토 = 윤금주 기자 | 김진일 신임 한국은행 금융통화위원이 ""통화신용정책을 통해 금융안정에... 특히 이를 위해 기준금리를 다소 높게 유지할 필요가 있다는 인식을 드러냈습니다. 그는 같은 날 출입기자단과 만나...",http://www.newstomato.com/ReadNews.aspx?no=1301114&inflow=N,1,0.85,rule_keep_score_ge_6_with_hard_match,0.648075,0,pseudo_keep_model_drop,keep,candidate_hybrid_keep_strong_rule_anchor,8,한국은행;기준금리,,
2026-05-14,"[李 약탈금융 직격] 은행권, 연체 부담 호소에도 저신용자 저금리대출 ...",연체율 상승과 충당금 부담 확대 속에서 금융당국이 중금리대출 확대와 저신용자 금융 공급 강화를 동시에... 상대적으로 위험 가중치가 높은 신용대출을 늘릴 경우 연체율 상승과 충당금 부담 확대 가능성이 크다는...,https://www.g-enews.com/view.php?ud=202605131622359679e30fcb1ba8_1,1,0.85,rule_keep_score_ge_6_with_hard_match,0.648089,0,pseudo_keep_model_drop,keep,rule_keep_score_ge_threshold,14,은행;충당금,금리;대출;연체;연체율;금융,
2026-05-15,"은행권, 예대마진 확대에도 실적개선 불투명···가계대출 규제에 기업...","기업대출 연체율이 상승하는 흐름을 보이고 있기 때문이다. 올해 1분기 말 기준 5대 은행의 기업대출 연체율은 0.46%로, 지난해 말과 비교해 0.09%p 상승했다. 한편, 국내 증시가 최근 이례적인 급등세를 보이며 은행권 예...",https://www.todaykorea.co.kr/news/articleView.html?idxno=401701,1,0.85,rule_keep_score_ge_6_with_hard_match,0.648214,0,pseudo_keep_model_drop,keep,candidate_hybrid_keep_strong_rule_anchor,9,은행,대출;연체;연체율;실적,
2026-05-12,여전업계 생존 과제 산적…차기 협회장 '정무 감각' 주목,김 전 위원장 역시 금감원 출신으로 금융정보분석원(FIU) 원장을 거쳐 시장 감시와 불공정거래 조사 등 자본시장 분야에서 폭넓은 경험을 쌓았다. 민간 출신으로는 업권 이해도가 높은 인사들이 거론된다. 이동철 전...,https://dealsite.co.kr/articles/161533,1,0.85,rule_keep_score_ge_6_with_hard_match,0.648438,0,pseudo_keep_model_drop,keep,rule_keep_score_ge_threshold,10,금감원;불공정거래,금융,
2026-05-13,"KIEP ""올 세계 성장률 팬데믹 이전 평균 못 미쳐...고유가 국면 지속""","국내 금융시장 안정 등은 환율 하방 요인으로 꼽혔다. KIEP는 구체적인 환율 전망치는 제시하지 않았다. 주요 국제 투자은행들은 원·달러 환율이 2분기 1480원선, 3분기 1461원, 4분기 1450원선으로 떨어지며 연말로 갈수록...",https://view.asiae.co.kr/article/2026051210270557195,1,0.85,rule_keep_score_ge_6_with_hard_match,0.648716,0,pseudo_keep_model_drop,keep,rule_keep_score_ge_threshold,8,은행;환율,달러;금융,
2026-05-20,[전문인칼럼] 비트코인으로 산 해외직구 관세는,"특히 해외직구는 전자상거래 플랫폼, 결제사업자, 가상자산 거래소, 물류업체 등 다양한 참여자가 연결된 구조이기 때문에 어느 단계에서 거래가격을 검증할 것인지도 중요한 과제가 된다. 향후에는 결제 시점의 암호화폐...",https://www.daejonilbo.com/news/articleView.html?idxno=2276235,1,0.85,rule_keep_score_ge_6_with_hard_match,0.648758,0,pseudo_keep_model_drop,keep,candidate_hybrid_keep_strong_domain_rule_anchor,8,가상자산;암호화폐,,
2026-05-12,"리플 IPO에 쏠린 눈…CEO ""XRP 투자자들에게 특별한 보상 지급 검토""",갈링하우스는 리플이 현재 IPO를 우선 과제로 두고 있지 않다고 선을 그었다. 최근 암호화폐 관련 기업들의 상장 이후 주식시장 성과가 기대에 못 미쳤다는 점도 배경으로 제시했다. 그는 비트고(BitGo)와...,https://www.digitaltoday.co.kr/news/articleView.html?idxno=664463,1,0.85,rule_keep_score_ge_6_with_hard_match,0.648796,0,pseudo_keep_model_drop,keep,rule_keep_score_ge_threshold,8,ipo;암호화폐,주식,
2026-05-19,증권 머니무브에 정기예금 계좌 수 급감…예금금리 올리는 은행권,"새마을금고·신협·농협·수협 등 상호금융권 수신 잔액도 감소세다. 3월 말 기준 915조965억원으로, 지난해 말(930조8613억원)보다 15조원 넘게 줄었다. 이에 새마을금고에서는 일부 금고에서 연 3.8%의 정기예금...",https://www.joongang.co.kr/article/25429336,1,0.85,rule_keep_score_ge_6_with_hard_match,0.648884,0,pseudo_keep_model_drop,keep,candidate_hybrid_keep_strong_domain_rule_anchor,16,은행권;상호금융;새마을금고;신협,,
2026-05-21,"""나도 3700억 받을 수 있나""…26일부터 한도 없어지는 '주가조작 신고포...",금융위원회는 20일 국무회의에서 이런 내용이 담긴 자본시장법 시행령 및 외부감사법 시행령 개정안이... 주가조작·회계부정 신고자는 부당이득이나 과징금의 최대 30%를 상한 없이 받을 수 있다. 기존에는 불공정거래의...,https://view.asiae.co.kr/article/2026052020140831507,1,0.85,rule_keep_score_ge_6_with_hard_match,0.649208,0,pseudo_keep_model_drop,keep,candidate_hybrid_keep_strong_domain_rule_anchor,15,금융위원회;금융위;불공정거래,,
2026-05-16,증시로 떠난 개미들…두나무·빗썸 실적 '급감',"증시 호황으로 가상자산 시장 침체가 이어지자 국내 가상자산거래소들이 올해 1분기 부진한 실정을 기록했다. 15일 금융감독원 전자공시에 따르면 빗썸의 올해 1분기 매출은 825억 원으로, 지난해 1분기(1947억 원)...",https://news.tvchosun.com/site/data/html_dir/2026/05/15/2026051590277.html,1,0.85,rule_keep_score_ge_6_with_hard_match,0.649342,0,pseudo_keep_model_drop,keep,candidate_hybrid_keep_strong_rule_anchor,10,금융감독원;가상자산,실적,
2026-05-21,[취재노트] 반년 공백 깬 여신협회장 선출…'관이냐 민이냐' 보다 무거...,차기 여신금융협회장 선출 절차가 다시 움직이기 시작했다. 전날(19일) 후보자 접수가 마감됐지만 아직 최종 후보군은 공식 공개되지 않았다. 업계 안팎에서는 관 출신 인사와 민간 금융사 최고경영자(CEO) 출신 인물들이...,https://www.newsworks.co.kr/news/articleView.html?idxno=841361,1,0.85,rule_keep_score_ge_6_with_hard_match,0.649933,0,pseudo_keep_model_drop,keep,candidate_hybrid_keep_strong_domain_rule_anchor,12,여신금융협회;여신협회,,
2026-05-19,"우리금융, 청년·중저신용자 지원 강화…'포용금융 플랫폼' 출시",우리은행은 올해 1분기 새희망홀씨대출 2186억원을 공급했다. 이는 시중은행 중 최고 수준이다. 지난해 연간... 3월에는 장기 연체 소액 특수채권 보유자 대상 추심활동 중단과 함께 322억원 규모의 이자 면제도 시행했다....,https://www.digitaltoday.co.kr/news/articleView.html?idxno=666688,1,0.75,rule_keep_score_ge_6_with_hard_match,0.373190,0,pseudo_keep_model_drop,keep,candidate_hybrid_gray_keep_domain_score_ge_threshold,6,시중은행,연체,
2026-05-15,"금융범죄예방교육센터 출범...진웅섭 전 금감원장 ""강력한 예방체계 구...",보이스피싱 등 피싱 범죄가 단순 사기 수준을 넘어 고도화된 금융범죄로 진화하면서 전문 인력을 양성하기... 현장에서 범죄 식별과 피해 차단 역할을 하는 현장 파수꾼 양성에 초점을 맞춘다. 금융범죄분석사는 수사기관...,http://www.fnnews.com/news/202605141032362822,1,0.75,rule_keep_score_ge_6_with_hard_match,0.428027,0,pseudo_keep_model_drop,keep,candidate_hybrid_gray_keep_rule_score_ge_threshold,7,금감원,금융,
2026-05-16,"해외 스캠 조직원, ""동남아 도피는 옛말""... 지옥 끝까지 쫓는 국제 수사...",캄보디아에서 송환된 조직원들은 검찰이나 금융감독원을 사칭하는 보이스피싱 수법을 동원하여 무려 368명의 피해자로부터 약 517억 원이라는 막대한 금액을 편취했다. 이들이 단순한 경제적 피해를 입히는 데 그치지 않고...,http://www.hortitimes.com/news/articleView.html?idxno=34034,1,0.75,rule_keep_score_ge_6_with_hard_match,0.480412,0,pseudo_keep_model_drop,keep,candidate_hybrid_gray_keep_rule_score_ge_threshold,6,금융감독원,,
2026-05-20,"""단체실손 들면 개인실손 중지할 수 있다""","단체실손보험에 가입하면 기존 개인실손보험의 보험료 납입을 중지할 수 있고, 단체실손보험이 끝나면 1개월 이내에 재개 신청을 하면 된다. 금융감독원은 19일 이 같은 내용을 포함한 '실손보험 관련 민원 사례와 유의사항...",http://www.wowtv.co.kr/NewsCenter/News/Read?articleId=A202605190412&t=NN,1,0.75,rule_keep_score_ge_6_with_hard_match,0.484341,0,pseudo_keep_model_drop,keep,candidate_hybrid_gray_keep_domain_score_ge_threshold,7,금융감독원,보험료,
2026-05-20,단체실손 가입 땐 개인실손 보험료 중지 가능…“재개 신청 기한 주의”,"단체실손보험 가입자는 기존 개인 실손의료보험 보험료 납입을 일시 중지할 수 있지만, 퇴직 등으로 단체실손이 종료된 뒤에는 일정 기간 내 재개 신청을 해야 한다는 점에 유의할 필요가 있다. 19일 금융감독원에 따르면...",https://www.g-enews.com/view.php?ud=20260519172240155e30fcb1ba8_1,1,0.75,rule_keep_score_ge_6_with_hard_match,0.490178,0,pseudo_keep_model_drop,keep,candidate_hybrid_gray_keep_domain_score_ge_threshold,7,금융감독원,보험료,
2026-05-15,은행 번호로 전화왔는데…알고보니 통신사 직원도 한패,"은행이나 카드사 대표 번호로 광고 전화가 왔는데 알고 보니 번호가 조작된 보이스피싱 전화였습니다.... 광고에 속은 40여명이 94억원의 피해를 입었습니다. ""사건 접수가 완료됐다""는 기관 사칭 문자 역시 모두 피싱...",http://www.yonhapnewstv.co.kr/news/MYH20260514200937pvf,1,0.75,rule_keep_score_ge_6_with_hard_match,0.494880,0,pseudo_keep_model_drop,keep,candidate_hybrid_gray_keep_rule_score_ge_threshold,6,은행;카드사,,
2026-05-20,금감원장 “빚투 부추기는 금융사와 핀플루언서 교란 행위 경각심 갖고...,"이찬진 금융감독원장이 “금융회사의 과도한 빚투(빚내서 투자)와 레버리지 투자를 부추기는 행위, 일부 핀플루언서 등의 자본시장 교란행위에 대해 높은 수준의 경각심을 갖고 대응하라”고 지시했다. 19일 금감원에...",https://www.hani.co.kr/arti/economy/finance/1259341.html,1,0.75,rule_keep_score_ge_6_with_hard_match,0.504142,0,pseudo_keep_model_drop,keep,candidate_hybrid_gray_keep_domain_score_ge_threshold,6,금융감독원,,
2026-05-20,위조 신용카드로 400만 원 상당 금팔찌 구매한 30대 중국인 구속,제주서부경찰서는 사기와 여신전문금융업법 위반 혐의로 30대 중국인 A 씨를 구속해 조사하고 있다고 오늘(19일) 밝혔습니다. A 씨는 지난 15일 낮 12시 30분 제주시 연동에 있는 금은방에서 한국인 명의 위조 신용카드를...,https://news.sbs.co.kr/news/endPage.do?news_id=N1008568747&plink=ORI&cooper=NAVER,1,0.75,rule_keep_score_ge_6_with_hard_match,0.506530,0,pseudo_keep_model_drop,keep,candidate_hybrid_gray_keep_domain_score_ge_threshold,6,여신전문금융업,,
2026-05-20,단체실손만 믿었다간 ‘보장 공백’…금감원 소비자 경고,금감원에 따르면 개인실손보험과 단체실손보험에 중복 가입된 경우 개인실손보험 보험료 납입 중지나 일부 담보 중지를 신청할 수 있다. 대상은 개인실손보험 가입 후 1년이 지난 계약자다. 단체실손보험 종료 이후에는...,https://www.viva100.com/article/20260519501105,1,0.75,rule_keep_score_ge_6_with_hard_match,0.516094,0,pseudo_keep_model_drop,keep,candidate_hybrid_gray_keep_domain_score_ge_threshold,7,금감원,보험료,
2026-05-16,"두나무, 1분기 영업이익 880억원…전년比 78%↓","가상 자산 거래소 업비트 운영사 두나무의 올 1분기 영업이익이 전년 동기 대비 78% 감소한 것으로 집계됐다. 15일 금융감독원 전자공시시스템에 따르면, 두나무의 올해 1분기 연결 기준 영업수익(매출)은...",https://biz.chosun.com/stock/finance/2026/05/15/27SVHGYQHFGBBC7A6DPKMMSKQ4/?utm_source=naver&utm_medium=original&utm_campaign=biz,1,0.75,rule_keep_score_ge_6_with_hard_match,0.520220,0,pseudo_keep_model_drop,keep,candidate_hybrid_gray_keep_rule_score_ge_threshold,6,금융감독원,,
2026-05-15,"'미등록 외국환 거래' 우리은행 1심서 무죄 선고...""범죄 이유 없어""","해당 거래 대금은 시세차익을 노리고자 국내 가상자산 거래소에서 발생한 가상자산 매매 대금인데, 우리은행을 통해 해외 불법자금을 세탁하고자 송금했다는 취지다. 이를 통해 가상자산 시장과 외환시장을 왜곡했다고...",http://www.fnnews.com/news/202605141432513624,1,0.75,rule_keep_score_ge_6_with_hard_match,0.522918,0,pseudo_keep_model_drop,keep,candidate_hybrid_gray_keep_rule_score_ge_threshold,6,은행;가상자산,,
2026-05-20,“왜 자꾸 승인 거절?”…중국인 범인 잡아낸 제주 금은방 주인,"경찰은 이 남성을 여신전문금융업법 위반과 사기 혐의로 구속하는 한편, 남성이 소지하고 있던 휴대전화 2대와 카드 5장을 압수하고 위조 카드 정보 수집 경위 등을 집중 수사하고 있습니다.",https://news.kbs.co.kr/news/pc/view/view.do?ncd=8564654&ref=A,1,0.75,rule_keep_score_ge_6_with_hard_match,0.523953,0,pseudo_keep_model_drop,keep,candidate_hybrid_gray_keep_domain_score_ge_threshold,6,여신전문금융업,,
2026-05-17,[카드사 실적 점검] [하나카드] 성영수 2년차…기업카드·해외 취급액 두...,"건전성 지표도 개선 흐름을 나타내 1분기 총채권 연체율은 1.81%로 전년 동기(2.15%) 대비 0.34%p(포인트) 하락했다. 하나카드는 ""지난해부터 추진해 온 리스크 관리 강화 조치 영향""이라고 설명했다. 업계에서는 성 대표의...",https://news.dealsitetv.com/articles/170284,1,0.75,rule_keep_score_ge_6_with_hard_match,0.538832,0,pseudo_keep_model_drop,keep,candidate_hybrid_gray_keep_rule_score_ge_threshold,6,카드사,건전성;실적,
2026-05-12,"삼성증권, 1분기 잠정실적 발표…순이익 전년 동기 대비 81.5% 급증","삼성증권 관계자는 ""자산관리 기반의 비즈니스 성장세가 계속되며 호실적을 기록했다""면서 ""본사 영업 역시 구조화 금융을 중심으로 성장세를 보였고 IPO 부문에서는 케이뱅크 상장과 화성코스메틱스...",https://www.sidae.com/article/2026051116560168935,1,0.75,rule_keep_score_ge_6_with_hard_match,0.540220,0,pseudo_keep_model_drop,keep,rule_keep_score_ge_threshold,7,ipo,실적;순이익;금융,
2026-05-20,단체실손 가입하면 개인실손 중지…종료 1개월 내 재개 신청해야,"▲ 금융감독원 단체실손보험에 가입하면 기존 개인실손보험의 보험료 납입을 중지할 수 있고, 재개 신청은 단체실손보험이 종료된 후 1개월 이내 해야 합니다. 금융감독원은 오늘(19일) 이 같은 내용의 실손보험 관련 민원...",https://news.sbs.co.kr/news/endPage.do?news_id=N1008569227&plink=ORI&cooper=NAVER,1,0.75,rule_keep_score_ge_6_with_hard_match,0.543154,0,pseudo_keep_model_drop,keep,candidate_hybrid_gray_keep_domain_score_ge_threshold,7,금융감독원,보험료,
2026-05-12,"""상장도 전에 441억원 챙겨""…오픈AI 직원들, 'AI 잭팟' 터졌다","닷컴 버블 당시 직원들은 IPO 후 보호예수 기간으로 상당 기간 주식을 팔지 못했고, 일부는 거품 붕괴로 끝내 부를 실현하지 못했다. 구글과 페이스북 초기 직원들도 상장 후 수백만 달러를 벌어들였지만, 오픈AI의...",https://www.newsis.com/view/NISX20260511_0003624206,1,0.75,rule_keep_score_ge_6_with_hard_match,0.545339,0,pseudo_keep_model_drop,keep,rule_keep_score_ge_threshold,6,ipo,주식;달러,
2026-05-18,"""약탈 금융 근절"" 주문에…재계 저승사자 움직인다",서울지방국세청 조사4국도 최근 하나금융지주와 메리츠증권 등을 상대로 비정기 세무조사에 착수했습니다. 금융감독원 역시 불법 사금융을 전담할 민생금융범죄 특별사법경찰관 신설을 추진하며 단속 강화에 나섰습니다.,http://www.yonhapnewstv.co.kr/news/MYH20260517133237gtG,1,0.75,rule_keep_score_ge_6_with_hard_match,0.545709,0,pseudo_keep_model_drop,keep,candidate_hybrid_gray_keep_rule_score_ge_threshold,7,금융감독원,금융,
2026-05-12,"삼성증권, 1분기 순이익 4509억…전년대비 81.5%↑","삼성증권 관계자는 “IB부문 실적은 구조화금융 634억원을 중심으로 전분기 대비 10.0% 증가한 718억원의 실적을 기록했다”면서 “케이뱅크 IPO(기업상장)와 화성코스메틱스 인수금융, 나우코스 공개매수 딜을...",http://www.edaily.co.kr/news/newspath.asp?newsid=03965526645447936,1,0.75,rule_keep_score_ge_6_with_hard_match,0.547043,0,pseudo_keep_model_drop,keep,rule_keep_score_ge_threshold,7,ipo,실적;순이익;금융,
2026-05-15,"[매아리] 시진핑 ""호르무즈 개방 지원""…미 4월 소매판매 둔화·수출입 ...",시스템이 IPO 공모가를 주당 185달러로 확정하면서 올해 중으로 최대 규모의 IPO가 나왔다는 소식이... 상장 첫날인 오늘 세레브라스의 주가는 68%대의 폭등세를 보였습니다. 세레브라스의 등장으로 글로벌 AI 반도체...,http://mbnmoney.mbn.co.kr/news/view?news_no=MM1005835831,1,0.75,rule_keep_score_ge_6_with_hard_match,0.552258,0,pseudo_keep_model_drop,keep,candidate_hybrid_gray_keep_rule_score_ge_threshold,6,ipo,주가;달러,
2026-05-13,金·중고차까지 파고든 테더…불법 환치기 5년간 10조,"최근에는 해외에서 현금을 받은 업자가 가상자산을 국내 업자에게 보내고, 국내 업자가 이를 거래소나 장외거래를 통해 원화로 바꿔 수취인에게 전달하는 방식으로 진화하고 있다. 은행망을 거치지 않아 정상적인...",https://www.hankyung.com/article/2026051217221,1,0.75,rule_keep_score_ge_6_with_hard_match,0.552813,0,pseudo_keep_model_drop,keep,rule_keep_score_ge_threshold,7,은행;가상자산,원화,
2026-05-12,보험 깨서 '불장'으로… 대출 막히자 환급금 12조 '머니무브',반면 손해보험사는 보장성·실손보험 중심으로 보험료 단위가 상대적으로 작아 증가 폭이 제한됐다. 실제 같은 기간(올 1~2월) 손해보험사의 해약환급금은 1조8445억원 수준이다. ◆ 대출 한도 줄이자 해약 증가…자금...,http://www.ftoday.co.kr/news/articleView.html?idxno=358620,1,0.75,rule_keep_score_ge_6_with_hard_match,0.552880,0,pseudo_keep_model_drop,keep,rule_keep_score_ge_threshold,6,보험사,대출;보험료;실손,
2026-05-14,1분기 순이익 1조원 미래에셋증권… “주가 더 오른다” vs “밸류에이션...,하나증권은 “단기적으로는 스페이스X 외 추가적인 IPO를 통한 대규모 평가이익을 기대하기는 어렵지만 비상장기업 투자자산에서 스페이스X 지분가치를 제외하더라도 1조원 이상”이라며 “이르면 상반기 내 해외...,https://www.segye.com/newsView/20260513504167?OutUrl=naver,1,0.75,rule_keep_score_ge_6_with_hard_match,0.553443,0,pseudo_keep_model_drop,keep,rule_keep_score_ge_threshold,6,ipo,순이익;주가,
2026-05-19,"이억원 금융위원장 ""국민성장펀드, 금융패러다임 생산적 투자로 전환""","이날 세미나에 앞서 한국산업은행과 수협은행, 그리고 BNK·JB·iM 등 3개 지방금융지주는 지역성장 프로젝트 발굴과 공동 투자 활성화를 위한 업무협약(MOU)을 체결하며 지방균형발전을 위한 상호 협력을 강화하기로 뜻을...",http://www.srtimes.kr/news/articleView.html?idxno=203471,1,0.75,rule_keep_score_ge_6_with_hard_match,0.553820,0,pseudo_keep_model_drop,keep,candidate_hybrid_gray_keep_domain_score_ge_threshold,6,금융위,,
2026-05-15,"엔비디아 시총 6조 달러 '재평가'인가, 버블의 '정점'인가",시스템즈가 상장 첫날 폭등하며 AI 생태계의 판도 변화를 예고했다. 블룸버그통신과 월스트리트저널(WSJ)은... 기업공개(IPO)를 기록하며 화려하게 등장했다. 공모가 185달러(약 27만 원)로 시작한 주가는 종가 기준 68...,https://www.g-enews.com/view.php?ud=202605150659383840fbbec65dfb_1,1,0.75,rule_keep_score_ge_6_with_hard_match,0.554399,0,pseudo_keep_model_drop,keep,candidate_hybrid_gray_keep_rule_score_ge_threshold,6,ipo,주가;달러,
2026-05-18,"AI 투자전쟁, 다음 관문은 '수익화'…반도체 슈퍼사이클 지속성 시험대",테크 기업의 발행 비중이 커질수록 회사채 투자자 입장에서는 포트폴리오 분산 효과가 약화할 수 있다. 미국 투자등급 전체 크레딧 스프레드와 테크 섹터 스프레드 간 상관관계도 2020년 이후 1에 가까워지는 흐름이...,https://news.einfomax.co.kr/news/articleView.html?idxno=4415319,1,0.75,rule_keep_score_ge_6_with_hard_match,0.554769,0,pseudo_keep_model_drop,keep,candidate_hybrid_gray_keep_rule_score_ge_threshold,7,회사채;스프레드,,
2026-05-21,"아산신협, 신협중앙회 경영평가 '최우수상'","경영평가는 전국 신협을 대상으로 조합 건전성, 성장성, 수익성, 조직 운영 합리성 등 경영 전반에 걸친 핵심 항목을 종합 평가하는 제도다. 아산신협은 안정적 재무구조와 지속 성장 기반을 바탕으로 지역 금융기관 역할을...",http://www.dynews.co.kr/news/articleView.html?idxno=851170,1,0.75,rule_keep_score_ge_6_with_hard_match,0.556755,0,pseudo_keep_model_drop,keep,candidate_hybrid_gray_keep_domain_score_ge_threshold,6,신협,건전성,
2026-05-17,같은 코인 거래소마다 다른 가격…이유는 [e가상자산],"이투데이=김효숙 기자 | 같은 가상자산인데도 거래소마다 가격이 조금씩 다르다. 그 이유가 뭘까? 각 거래소마다 주문 구조와 유동성, 거래 환경이 서로 다르기 때문이다. 국내외 거래소 간 가격 차이는 이른바...",https://www.etoday.co.kr/news/view/2584920,1,0.75,rule_keep_score_ge_6_with_hard_match,0.558129,0,pseudo_keep_model_drop,keep,candidate_hybrid_gray_keep_rule_score_ge_threshold,6,유동성;가상자산,,
2026-05-19,"""책무구조도 도입하면 사고 안터지나요""…카드업계 현장 부담 ↑",롯데카드는 아직 규범 개정을 통한 실질적인 도입 절차가 반영되지 않았지만 여신금융협회가 마련한 표준내부통제기준 개정안 내용을 이달 중 내규에 반영할 계획이다. 문제는 실효성이다. 금융당국은 책무구조도가...,https://www.sidae.com/article/2026051815245489416,1,0.75,rule_keep_score_ge_6_with_hard_match,0.559366,0,pseudo_keep_model_drop,keep,candidate_hybrid_gray_keep_domain_score_ge_threshold,6,여신금융협회,,
2026-05-14,투자한 기업에 일감 몰아준 올트먼…SEC 조사 위기,또 그가 투자한 세레브라스는 지난달 기업공개(IPO) 상장 신청 과정에서 오픈AI로부터 10억 달러의 대출을 받은 사실을 공시했다. 스트라이프 역시 오픈AI의 결제 인프라를 맡았고 레트로바이오사이언스도 오픈AI와...,https://www.sedaily.com/article/20043719?ref=naver,1,0.75,rule_keep_score_ge_6_with_hard_match,0.560371,0,pseudo_keep_model_drop,keep,rule_keep_score_ge_threshold,6,ipo,대출;달러,
2026-05-15,빅테크 'AI 빚잔치' 한계점 다가온다… 내 계좌는 안전한가,"둘째, 오라클·메타 회사채 CDS 스프레드 변동이다. CDS 스프레드는 공식 신용등급보다 빠르게 움직이는 시장의 실시간 진단표다. 오라클 125bp가 150bp를 넘어서면 정크본드 가격대 진입을, 메타가 60bp를 돌파하면...",https://www.g-enews.com/view.php?ud=202605142103305529fbbec65dfb_1,1,0.75,rule_keep_score_ge_6_with_hard_match,0.560607,0,pseudo_keep_model_drop,keep,candidate_hybrid_gray_keep_rule_score_ge_threshold,7,회사채;스프레드,,
2026-05-20,"경남 고용 떠받치는 소상공인·자영업…""기업형 지원을""","김수명 한국은행 과장은 '경남지역 자영업 부진의 구조적 요인 및 시사점'에서 ""경남 자영업은 전체 취업자의 24.3%로 전국(19.5%)대비 높은 수준이고, 가계·기업 대출 총액도 2024년 기준 39.5%를 차지해 전국(34.3%) 대비 높은...",https://www.idomin.com/news/articleView.html?idxno=2006111,1,0.75,rule_keep_score_ge_6_with_hard_match,0.564263,0,pseudo_keep_model_drop,keep,candidate_hybrid_gray_keep_domain_score_ge_threshold,6,한국은행,대출,
2026-05-13,"靑, 금융시장 뒤집혔으나 ""김용범 주장은 개인 의견""","특히 김 실장 발언을 접한 외국인의 5조6천억원대 투매로 8,000을 돌파하려던 주가가 급락하고, 원/달러 환율이 17.5원이나 폭등하는 등 시장을 패닉 상태로 몰아넣었기에 더욱 그러하다. 김 실장은 이 시간 현재 해명이나...",https://www.viewsnnews.com/article?q=235733,1,0.75,rule_keep_score_ge_6_with_hard_match,0.564271,0,pseudo_keep_model_drop,keep,rule_keep_score_ge_threshold,6,환율,주가;달러;금융,
2026-05-15,"우리은행, 환치기 방조 혐의 1심 무죄","'가상자산 환치기'란 해외 거주자로부터 가상자산을 받아 국내 거래소에서 매도한 뒤, 그 대금을 외화로 송금하는 방식으로 이익을 취하는 불법 거래다. 국내외 가격 차이, 이른바 '김치 프리미엄'을 이용해 차액을 챙기는...",https://www.dailysportshankook.co.kr/news/articleView.html?idxno=428590,1,0.75,rule_keep_score_ge_6_with_hard_match,0.566992,0,pseudo_keep_model_drop,keep,candidate_hybrid_gray_keep_rule_score_ge_threshold,6,은행;가상자산,,
2026-05-15,'300억대 사기 혐의' 차가원 대표 조사…고소인 '배임' 맞고발,"차 대표 측은 고발장에서 노머스 경영진이 코스닥 상장(IPO)을 앞두고 기업가치 부양을 위해 아티스트 IP 확보에 무리하게 나섰고, 내부 우려에도 원헌드레드 측에 11억 원 규모 선급금을 지급해 회사에 손해를 끼쳤다고...",https://www.news1.kr/society/incident-accident/6167105,1,0.75,rule_keep_score_ge_6_with_hard_match,0.567240,0,pseudo_keep_model_drop,keep,candidate_hybrid_gray_keep_rule_score_ge_threshold,6,ipo,코스닥,
2026-05-18,"JP모건 ""채권 자경단 돌아왔다""","그는 ""다만 글로벌 기간 프리미엄이 다시 주목받고 있는 것은 사실""이라며 ""최근 채권시장은 다소 완만한 매도세를 보였지만, 국채금리는 사실상 1년 전 수준으로 되돌아갔을 뿐""이라고 일축했습니다. 허 CIO는 ""과도한...",https://biz.sbs.co.kr/article_hub/20000310881?division=NAVER,1,0.75,rule_keep_score_ge_6_with_hard_match,0.568336,0,pseudo_keep_model_drop,keep,candidate_hybrid_gray_keep_rule_score_ge_threshold,6,국채금리,채권,
2026-05-13,"""코인 1개 옮기는데 36시간 묶인다""…국회서도 특금법 개정안 역풍 우려",가상자산거래소 고팍스의 원화 실명 계좌를 맡고 있는 전북은행의 정상훈 부행장은 “가격 변동성이 큰 시장에서 거래 지연은 이용자를 시세 변동 위험에 그대로 노출시킨다”며 “결과적으로 소비자 보호라는...,http://www.edaily.co.kr/news/newspath.asp?newsid=05785926645448264,1,0.75,rule_keep_score_ge_6_with_hard_match,0.568863,0,pseudo_keep_model_drop,keep,rule_keep_score_ge_threshold,7,은행;가상자산,원화,
2026-05-16,"[칼럼] 美는 코인 규칙을 세우는데, 한국은 아직도 '무응답 코인'을 방치...","2024년 7월 시행된 가상자산이용자보호법은 이용자 자산 보호와 불공정거래 금지, 금융당국의 감독권을 담았다. 분명한 진전이다. 그러나 이 법은 거래 이후의 피해 방지에 머문다. 발행, 상장, 공시, 유통량, 재단 책임...",https://www.tokenpost.kr/news/insights/359906,1,0.75,rule_keep_score_ge_6_with_hard_match,0.570078,0,pseudo_keep_model_drop,keep,candidate_hybrid_gray_keep_rule_score_ge_threshold,6,불공정거래;가상자산,,
2026-05-20,"[줌업] 롯데카드 매각의 길 '대주주 리스크', 해킹 제재와 홈플러스 채...","이와 관련해 롯데카드 관계자는 ""추정손실 분류는 여신전문금융업법에 따른 것""이라며 ""홈플러스 구매전용카드 거래 한도 확대는 없었다""고 말했다. 매각 영향에 대해서는 ""매각은 주주사에서 진행하는 사안이라 회사가...",https://www.startuptoday.co.kr/news/articleView.html?idxno=801411,1,0.75,rule_keep_score_ge_6_with_hard_match,0.572507,0,pseudo_keep_model_drop,keep,candidate_hybrid_gray_keep_domain_score_ge_threshold,6,여신전문금융업,,
2026-05-12,코스피 '상승'에 사상 최대 베팅…'하락' 전망도 역대급 충돌,"대차거래는 기관 투자자가 주식을 빌려주는 거래로, 통상 공매도의 선행 지표로 해석된다. 주가가 떨어질 것을 예상하는 투자자들이 주식을 빌려 미리 파는 공매도 전략을 취하기 위해 대차잔고를 늘리기 때문이다....",https://www.newsquest.co.kr/news/articleView.html?idxno=266035,1,0.75,rule_keep_score_ge_6_with_hard_match,0.573676,0,pseudo_keep_model_drop,keep,rule_keep_score_ge_threshold,7,공매도,주가;주식;코스피,
2026-05-20,"1분기 가계 빚 14조 원↑···""비은행 주담대·빚투 영향""",상호금융 등 비은행예금취급기관을 중심으로 주택관련대출이 크게 늘었고 이른바 '빚투'가 이어지며 가계부채가 2천조 원에 바짝 다가섰습니다. 김찬규 기자입니다. 김찬규 기자> 올해 1분기 가계 빚이 지난해 말보다...,https://www.ktv.go.kr/content/view?content_id=754991,1,0.75,rule_keep_score_ge_6_with_hard_match,0.575216,0,pseudo_keep_model_drop,keep,candidate_hybrid_gray_keep_domain_score_ge_threshold,7,상호금융;가계부채,,
2026-05-20,“중금리대출 30% 충족했지만 금융취약 차주에 기회 더 줘야”,인터넷전문은행을 도입하며 기대효과로 내건 화두다. 2015년 당국은 인터넷은행 도입이 한국형 핀테크... 개인 역시 과거 연체 이력보다는 실질적인 소득 흐름과 상환 의지를 우선순위에 둬야 한다고 덧붙였다. 강경훈...,https://biz.heraldcorp.com/article/10740807?ref=naver,1,0.75,rule_keep_score_ge_6_with_hard_match,0.575610,0,pseudo_keep_model_drop,keep,candidate_hybrid_gray_keep_domain_score_ge_threshold,6,인터넷은행,연체,
2026-05-15,"[AI의 종목 이야기] '엔비디아에 도전장' 세레브라스, 상장 첫날 68% 폭등","세레브라스 시스템스(CBRS) 주가가 상장 첫날 68% 급등했다. 회사는 55억달러 규모의 기업공개로 올해 최대 IPO를 기록했으며, 투자자들의 인공지능 데이터센터와 관련 반도체에 대한 수요가 집중된 결과로...",https://www.newspim.com/news/view/20260515000047,1,0.75,rule_keep_score_ge_6_with_hard_match,0.580197,0,pseudo_keep_model_drop,keep,candidate_hybrid_gray_keep_rule_score_ge_threshold,6,ipo,주가;달러,
2026-05-19,"롯데카드, 지난해 해킹 사태에도 순익 증가...내실 경영으로 위기 돌파","카드사들의 경우 조달비용 부담이 여전히 높은 데다 가맹점 수수료 압박과 연체율 관리 부담까지 겹치며... 특히 향후 영업정지가 최종 확정될 경우 신규 회원 모집 제한과  카드론과 현금서비스, 이용한도 증액 등 주요...",http://www.opinionnews.co.kr/news/articleView.html?idxno=138590,1,0.75,rule_keep_score_ge_6_with_hard_match,0.580285,0,pseudo_keep_model_drop,keep,candidate_hybrid_gray_keep_domain_score_ge_threshold,6,연체율,수수료;가맹점,
2026-05-15,"북한 AI 해킹, 정부 GPKI까지 겨냥…사이버 안보 분기점 되나","이들은 금융기관, 가상자산 거래소, 정부 시스템을 넘나들며 공격 범위를 넓혀왔고, 도구와 인프라를 공유하는 양상까지 보인다. 최근에는 암호화폐 탈취를 넘어 국가 핵심 시스템 교란으로 무게중심이 이동하고 있다는...",https://www.tokenpost.kr/news/tech/359484,1,0.75,rule_keep_score_ge_6_with_hard_match,0.581771,0,pseudo_keep_model_drop,keep,candidate_hybrid_gray_keep_rule_score_ge_threshold,7,가상자산;암호화폐,금융,
2026-05-20,"대전축산농협, NH농협손해보험 '위더스 사무소' 선정","김철회 NH농협손해보험 부사장은 ""대전축산농협은 상호금융과 보험사업 전반에서 우수한 성과를 이어가고 있다""며 ""조합원과 임직원 간 신뢰를 기반으로 안정적인 사업 성장을 이어가고 있다""고 말했다. 신창수 조합장은...",http://www.chungnamilbo.co.kr/news/articleView.html?idxno=889245,1,0.75,rule_keep_score_ge_6_with_hard_match,0.583199,0,pseudo_keep_model_drop,keep,candidate_hybrid_gray_keep_domain_score_ge_threshold,7,손해보험;상호금융,,
2026-05-13,[증시 인사이트] 8천선 턱밑까지 갔다 숨고른 코스피…7600선으로,"신규상장 ETF 11개 중 다수 '반도체 투톱' 집중 - WSJ ""AI 다음 단계선 TSMC에 유리하게 전개될 것"" - 재계 ""UAE... 보스턴다이내믹스 IPO 가시권…""늦어도 내년 상반기"" - 업계 ""보스턴다이내믹스, 분기당 순손실 1천억원"" Q....",https://biz.sbs.co.kr/article_hub/20000309821?division=NAVER,1,0.75,rule_keep_score_ge_6_with_hard_match,0.583347,0,pseudo_keep_model_drop,keep,rule_keep_score_ge_threshold,6,ipo,코스피,
2026-05-12,[단독] “VIP는 수수료 얼마 깎아줬나”… 공시 제각각인데 “회의록 없...,큰손 혜택 첫 공개에도 기준 제각각 닥사 “거래소별 해석 차이 있었다” 모범규준 회의록·의견서 작성 안 해가상자산(암호화폐) 거래소들이 ‘큰손’ 고객에게 제공한 수수료 할인·쿠폰 혜택을 공개하기 시작했지만...,https://www.seoul.co.kr/news/economy/2026/05/11/20260511500199?wlog_tag3=naver,1,0.75,rule_keep_score_ge_6_with_hard_match,0.584103,0,pseudo_keep_model_drop,keep,rule_keep_score_ge_threshold,7,가상자산;암호화폐,수수료,
2026-05-19,"""포용금융 확대에 CET1 부담까지""…금융지주 '건전성 관리' 시험대","입장에서는 연체율 상승과 위험가중자산(RWA) 확대, 보통주자본비율(CET1) 하락 압력으로 이어질 수 있다는 우려가 커지고 있다. 15일 금융권에 따르면 KB금융지주와 신한금융지주, 우리금융지주 등 미국 증시에...",https://news.tf.co.kr/read/economy/2323572.htm,1,0.75,rule_keep_score_ge_6_with_hard_match,0.586107,0,pseudo_keep_model_drop,keep,candidate_hybrid_gray_keep_domain_score_ge_threshold,6,연체율,건전성,
2026-05-18,"블룸버그 ""치솟는 글로벌 금리, AI 랠리에 최대 리스크로 부상""",2025년 5월 15일 현재 미국 필라델피아 반도체지수의 밸류에이션(PER)이 역사적 평균(붉은 점선)을 크게 웃돌고 있다 [사진=블룸버그] ◆ AI 투자 사이클에 부담 지난주 글로벌 국채 시장에서는 채권 매도세(금리 오름세)가...,https://www.newspim.com/news/view/20260517000028,1,0.75,rule_keep_score_ge_6_with_hard_match,0.586216,0,pseudo_keep_model_drop,keep,candidate_hybrid_gray_keep_rule_score_ge_threshold,6,국채,금리;채권,
2026-05-13,"[클릭 e종목]삼성증권, 목표주가 올랐는데 투자의견 낮아진 이유는",기업금융(IB) 관련 수수료수익은 케이뱅크 기업공개(IPO) 등 다수의 상장 주관 및 인수금융 딜을 수행했고 구조화금융부문 수익이 견조하게 유지되며 전년 동기 대비 26.2% 증가한 416억원을 기록했다. 박 연구원은...,https://view.asiae.co.kr/article/2026051216474006695,1,0.75,rule_keep_score_ge_6_with_hard_match,0.586773,0,pseudo_keep_model_drop,keep,rule_keep_score_ge_threshold,7,ipo,수수료;주가;금융,
2026-05-20,"갈아탄 실손이 만족스럽지 않다면… 금감원 ""6개월 내 전환 가능""",1세대 실손보험을 가지고 있던 A씨는 4세대 실손보험으로 전환하면 보험료를 많이 아낄 수 있다는 이야기에 지난해 보험 갈아타기를 했다. 하지만 1년 가까이 이용해 보니 자기부담 금액이 큰 데다 보장 내용이 적었다. 이에...,https://www.hankookilbo.com/news/article/A2026051911580003472?did=NA,1,0.75,rule_keep_score_ge_6_with_hard_match,0.588388,0,pseudo_keep_model_drop,keep,candidate_hybrid_gray_keep_domain_score_ge_threshold,6,금감원,,
2026-05-20,"한국경제, 격차 커지는 ‘K자’ 피하려면","자영업자 대출 연체율도 2022년 이후 급속히 높아졌고, 특히 1개월 이상 원리금이 연체된 취약 자영업자 연체율은 2025년 11%가 넘었다. 한국은행이 발표하는 소비자심리지수를 보면, 2026년 4월 소비자심리지수가 99.2로...",https://www.hani.co.kr/arti/economy/economy_general/1259343.html,1,0.75,rule_keep_score_ge_6_with_hard_match,0.588398,0,pseudo_keep_model_drop,keep,candidate_hybrid_gray_keep_domain_score_ge_threshold,6,한국은행,대출,
2026-05-18,"日 SBI·라쿠텐증권, 개인 대상 비트코인·이더리움 펀드 만든다","현재 대부분의 일본 이용자들은 가상자산을 직접 사기 위해 별도로 가상자산 거래소 계좌나 지갑을 개설해야 한다. 그러나 이들 투자신탁은 이러한 불편을 줄여준다. 투자자들은 이미 주식, 채권, 펀드 거래에 사용하고...",http://www.edaily.co.kr/news/newspath.asp?newsid=01826966645450232,1,0.75,rule_keep_score_ge_6_with_hard_match,0.588980,0,pseudo_keep_model_drop,keep,candidate_hybrid_gray_keep_rule_score_ge_threshold,6,가상자산,주식;채권,
2026-05-21,보험사 킥스비율 '부익부 빈익빈'...체급별 양극화 뚜렷,보험업계의 킥스비율에 따른 양극화는 내년부터 더욱 확대될 전망이다. 당국이 내년에 기본자본 킥스비율의 도입을 예고하고 있기 때문이다. 기본자본 중심으로 건전성을 평가하게 되면 그간 중소형사들이...,https://www.topdaily.kr/articles/110195,1,0.75,rule_keep_score_ge_6_with_hard_match,0.589199,0,pseudo_keep_model_drop,keep,candidate_hybrid_gray_keep_domain_score_ge_threshold,6,보험사;보험업계,,
2026-05-13,"[컨콜] 위메이드, 1분기 매출 1,533억 원 기록, 3개 분기 연속 영익 흑자","또한 지난 3월 필리핀 최대 가상자산 거래소 ‘코인스(Coins)’ 상장을 통해 현지 유동성을 확보하고, ‘레전드 오브 이미르 파트너스 데이’를 개최하며 동남아 시장 접점을 강화했다고 덧붙였다. 동남아를 블록체인 게임...",https://www.gamechosun.co.kr/webzine/article/view.php?no=221985,1,0.75,rule_keep_score_ge_6_with_hard_match,0.590302,0,pseudo_keep_model_drop,keep,rule_keep_score_ge_threshold,6,유동성;가상자산,,
2026-05-16,[디지털리더스대상 KB증권] 생성형 AI 도입 박차…‘깨비AI’ 업무효율 ...,"단순 시스템 개선을 넘어 내부 생산성 혁신, 고객 접점 정보 품질 고도화, 토큰증권(STO) 등 신사업 선점을 목표로 AI 기반 체계를 구축했다. 이를 위해 KB증권은 2024년 말 AI디지털본부를 신설하고, 분산된 AI 과제를...",https://biz.heraldcorp.com/article/10738735?ref=naver,1,0.75,rule_keep_score_ge_6_with_hard_match,0.590908,0,pseudo_keep_model_drop,keep,candidate_hybrid_gray_keep_rule_score_ge_threshold,6,토큰증권;sto,,
2026-05-19,"유진투자증권, 5년 이하 소형 캐피탈사 인수설에 ""구체적으로 정해진 것...",최근 중소형 캐피탈사들이 부동산 PF에 따른 부실 여파에서 회복이 더디게 이뤄지며 매물들이 싸게 나온 것도 이러한 의견들에 힘을 실어주고 있다. 후보군으로는 설립 5~6년 이하의 기술금융 중심 캐피탈사인 것으로...,https://sports.hankooki.com/news/articleView.html?idxno=6933299,1,0.75,rule_keep_score_ge_6_with_hard_match,0.591476,0,pseudo_keep_model_drop,keep,candidate_hybrid_gray_keep_domain_score_ge_threshold,6,pf,부실,
2026-05-20,“1326만명 코인 과세 폐지해야”…국민 청원 4만명 돌파,"더욱이 가상자산 시장은 사기성 프로젝트, 부실 상장, 거래소 중심 구조 등으로 인해 투자 위험이 매우 높은 시장입니다. 그럼에도 불구하고 투자자 보호 장치와 피해 구제 제도는 여전히 미흡한 수준에 머물러 있습니다....",http://www.edaily.co.kr/news/newspath.asp?newsid=01905686645450888,1,0.75,rule_keep_score_ge_6_with_hard_match,0.592307,0,pseudo_keep_model_drop,keep,candidate_hybrid_gray_keep_domain_score_ge_threshold,6,가상자산,부실,
2026-05-14,"'활동계좌 3910만개' 美최대증권사 찰스슈왑, 코인 거래서비스 출시",찰스슈왑은 13일(현지시간) 자격을 갖춘 일부 고객들이 새로운 가상자산 거래 플랫폼인 ‘슈왑 크립토’를 통해 비트코인을 거래할 수 있게 됐다고 발표했다. 이번 출시는 개인투자자들이 제3자 거래소나 상장지수펀드...,http://www.edaily.co.kr/news/newspath.asp?newsid=02938886645448920,1,0.75,rule_keep_score_ge_6_with_hard_match,0.593277,0,pseudo_keep_model_drop,keep,rule_keep_score_ge_threshold,6,증권사;가상자산,,
2026-05-14,7월부터 1천원 미만 '동전주' 상장폐지…대대적 물갈이 예고,"동전주들은 변동성이 극심해 주가조작 등 불공정거래에 악용될 가능성이 높다는 지적이 있었는데, 이번 조치로 시장 건전성도 개선될 것으로 보입니다. [앵커] 최근 한국 경제 성장률을 높여 잡는 기관들이 늘어나고...",https://biz.sbs.co.kr/article_hub/20000310191?division=NAVER,1,0.75,rule_keep_score_ge_6_with_hard_match,0.594015,0,pseudo_keep_model_drop,keep,rule_keep_score_ge_threshold,6,불공정거래,건전성;주가,
2026-05-12,"[더벨][라인그룹은 지금] 중견 건설사 '성장 방정식' 답습, M&A로 역량 보...","현재는 60개 계열사를 중심으로 종합 부동산 밸류체인을 구축하고 있다. ◇라인그룹, 60개 중 34개... 더블저축은행과 동양건설산업이 대표적이다. 라인그룹과 동향인 광주에 거점을 둔 더블저축은행의 전신은...",https://www.thebell.co.kr/free/content/ArticleView.asp?key=202605071524047240101428,1,0.75,rule_keep_score_ge_6_with_hard_match,0.595954,0,pseudo_keep_model_drop,keep,rule_keep_score_ge_threshold,7,은행;저축은행,,
2026-05-15,"우리은행, 가상자산 불법 외환 송금 무죄...법적 책임 한계 드러나","가상자산 환치기는 해외 거주자로부터 가상자산을 넘겨받아 국내 거래소에서 이를 매매한 뒤, 그 대금을 외화로 다시 송금하는 방식의 불법 외환 거래를 뜻한다. 국내 가상자산 가격이 해외보다 높게 형성되는 이른바...",https://www.tokenpost.kr/news/cryptocurrency/359804,1,0.75,rule_keep_score_ge_6_with_hard_match,0.596418,0,pseudo_keep_model_drop,keep,candidate_hybrid_gray_keep_rule_score_ge_threshold,6,은행;가상자산,,
2026-05-20,"금감원, 레버리지 ETF 손실·GA 모집 문란 등 5개 소비자 위험 점검 나서",이들 중 일부가 불법 사금융에 가담하거나 세무·회계·노무 등 각종 컨설팅을 빌미로 불필요한 보험 가입을... 금감원은 24시간 365일 상시 가동하는 핀플루언서 AI 기반 모니터링 시스템으로 위법행위를 실시간 단속...,https://www.greened.kr/news/articleView.html?idxno=340912,1,0.75,rule_keep_score_ge_6_with_hard_match,0.599282,0,pseudo_keep_model_drop,keep,candidate_hybrid_gray_keep_domain_score_ge_threshold,6,금감원,,
2026-05-13,"비트코인, 7억 달러 유입...하락장에 베팅한 개미들 탈출 신호인가?",이는 가격 하락을 예상하고 숏 포지션(공매도)을 유지하던 투자자들이 대거 포지션을 포기하고 매수세로 돌아섰음을 의미한다. 가상자산 투자 상품 전체로는 총 7억 800만 달러의 유입세가 확인되며 시장 전반의 심리...,http://coinreaders.com/235994,1,0.75,rule_keep_score_ge_6_with_hard_match,0.599291,0,pseudo_keep_model_drop,keep,rule_keep_score_ge_threshold,7,공매도;가상자산,달러,
2026-05-21,"[정보보호 규제 전환] 〈하〉 중대성 잣대 다듬고, 감경 요소 명문화해...","반면 전자금융거래법과 여신전문금융업법은 고의·중과실을 '접근매체 대여', '비밀번호 누설' 등으로 구체화했다. 대법원 판례 역시 중과실을 '거의 고의에 가까운 현저한 주의를 결여한 상태'로 엄격히 해석하는 만큼...",https://www.etnews.com/20260520000348,1,0.75,rule_keep_score_ge_6_with_hard_match,0.599655,0,pseudo_keep_model_drop,keep,candidate_hybrid_gray_keep_domain_score_ge_threshold,6,여신전문금융업,,
2026-05-20,"""레버리지 ETF 쏠림에 AI 해킹까지""…금감원 점검 나선다",이에 GA가 불법 사금융에 가담하거나 세무·회계·노무 등 컨설팅을 빌미로 불필요한 보험 가입을 유도하는... 핀플루언서 불법행위에 대해서는 24시간 AI 기반 모니터링 시스템을 통해 위법행위를 실시간 단속·적발하고...,http://www.bizwnews.com/news/articleView.html?idxno=136902,1,0.75,rule_keep_score_ge_6_with_hard_match,0.601766,0,pseudo_keep_model_drop,keep,candidate_hybrid_gray_keep_domain_score_ge_threshold,6,금감원,,
2026-05-20,"무리한 빚투 부를라…금감원, 레버리지 쏠림 경고",쏠림과 금융회사 과당경쟁에 대한 모니터링을 강화하기로 했다. 최근 국내 증시가 ‘8000피’를 넘긴 직후... 불법 금융광고를 신속히 차단·제재하는 원스톱 대응체계를 운영할 계획이다. 더불어 불법행위 징후가 높은...,https://www.mk.co.kr/article/12051918,1,0.75,rule_keep_score_ge_6_with_hard_match,0.601801,0,pseudo_keep_model_drop,keep,candidate_hybrid_gray_keep_domain_score_ge_threshold,6,금감원,,
2026-05-16,Virtual asset cap needed to create a sound market (KOR),"이용자의 예치금과 가상자산 보호, 시세 조종 등 불공정 거래행위 규제, 금융당국의 가상자산사업자 등에 대한 감독·검사·제재 권한 및 불공정거래행위자에 대한...",https://koreajoongangdaily.joins.com/news/2026-05-15/englishStudy/bilingualNews/Virtual-asset-cap-needed-to-create-a-sound-market-KOR/2593167,1,0.75,rule_keep_score_ge_6_with_hard_match,0.602563,0,pseudo_keep_model_drop,keep,candidate_hybrid_gray_keep_rule_score_ge_threshold,6,불공정거래;가상자산,,
2026-05-16,"AI 투자 훈풍에 투자심리 회복…환율은 1,480원대 하락","한국은행이 오늘 발표한 '4월 국제금융·외환시장 동향'에 따르면, 지난달 국제금융시장은 AI 관련 기업의... 원·달러 환율은 전월보다 2.6% 하락한 1,483.3원을 기록하며 원화 가치가 강세를 보였습니다. 국내 증권시장에서...",https://news.bbsi.co.kr/news/articleView.html?idxno=4083876,1,0.75,rule_keep_score_ge_6_with_hard_match,0.603032,0,pseudo_keep_model_drop,keep,candidate_hybrid_gray_keep_rule_score_ge_threshold,7,한국은행,달러;원화,
2026-05-19,[현장의 눈] 뜨거운 코스피…이곳은 아직 겨울,"올해 1분기 시중은행 연체율이 모두 상승했다. 특히 기업대출 부실이 두드러졌는데, 중소기업 연체율은 0.57%까지 올랐다. 중소기업 특화 은행인 기업은행의 중소기업 연체율도 1.64%다. 이 가운데 부동산업·임대업...",https://www.idomin.com/news/articleView.html?idxno=2005995,1,0.75,rule_keep_score_ge_6_with_hard_match,0.603117,0,pseudo_keep_model_drop,keep,candidate_hybrid_gray_keep_domain_score_ge_threshold,6,시중은행,코스피,
2026-05-15,"F4 ""펀더멘탈 대비 외환 변동성 과도""···삼전 파업 우려 한목소리","이날 참석자들은 거시경제와 금융·외환시장의 펀더멘털은 견조하게 유지되고 있지만, 중동전쟁 등에 따른 불확실성이 지속되며 국고채 금리와 원·달러 환율이 상승하는 등 금융·외환시장의 변동성이 이어지고 있다고...",https://www.seoulfn.com/news/articleView.html?idxno=628758,1,0.75,rule_keep_score_ge_6_with_hard_match,0.603285,0,pseudo_keep_model_drop,keep,candidate_hybrid_gray_keep_rule_score_ge_threshold,6,환율,금리;달러;금융,
2026-05-13,"[투데이 窓]원화 스테이블 코인, 일단 발행부터 합시다","스테이블 코인은 단순한 가상자산이 아니다. 결제와 송금, 디지털 자산 거래, 실물자산 토큰화(RWA), 글로벌... 글로벌 유동성 풀과 연결되고, 해외 거래소에서는 원화 기반 파생상품 논의까지 이어지고 있다. 이건 단순한...",https://www.mt.co.kr/opinion/2026/05/13/2026051208570190311,1,0.75,rule_keep_score_ge_6_with_hard_match,0.603726,0,pseudo_keep_model_drop,keep,rule_keep_score_ge_threshold,7,유동성;가상자산,원화,
2026-05-12,"비트코인보다 더 뛴 도지코인, '운명의 美CPI' 앞두고 대세 상승의 서막...",만약 상승세가 지속될 경우 이들 포지션의 숏 스퀴즈(공매도 포지션 청산 혹은 커버를 위해 발생하는 매수세)가 발생하며 가격 상승폭을 더욱 키울 가능성도 제기된다. 향후 전망은 5월 12일 발표 예정인 미국의 4월...,http://coinreaders.com/235653,1,0.75,rule_keep_score_ge_6_with_hard_match,0.603825,0,pseudo_keep_model_drop,keep,rule_keep_score_ge_threshold,6,cp;공매도,,
2026-05-13,문 닫은 코인 사업자에 221억원 묶여…반환율 0.3% 그쳐,"디지털자산거래소 공동협의체(DAXA)는 문 닫은 가상자산 사업자들에게서 이용자 자산을 이전받아 보관·관리한 뒤 반환하는 역할을 하는 비영리 재단 '디지털자산보호재단'을 2024년 10월 설립했으나, 영업을...",http://www.newsfc.co.kr/news/articleView.html?idxno=78636,1,0.75,rule_keep_score_ge_6_with_hard_match,0.604442,0,pseudo_keep_model_drop,keep,rule_keep_score_ge_threshold,6,환율;가상자산,,
2026-05-16,"코스피, 8,000선 돌파... 기록적 상승 속 기대와 경계 교차","유가증권시장의 공매도 순보유 잔고도 5월 12일 기준 20조5천811억원으로 사상 최고치를 기록했는데, 이는 향후 주가 하락 가능성에 베팅하는 자금도 그만큼 늘고 있다는 의미다. 그렇다고 상승 전망이 꺾인 것은...",https://www.tokenpost.kr/news/market/359941,1,0.75,rule_keep_score_ge_6_with_hard_match,0.606287,0,pseudo_keep_model_drop,keep,candidate_hybrid_gray_keep_rule_score_ge_threshold,6,공매도,주가;코스피,
2026-05-12,[벤처캐피탈리스트] 한 번도 손실내지 않은 미스터 제로…LB의 박기호,LB인베스트먼트는 운용자산(AUM) 규모가 비슷한 다른 곳보다 포트폴리오 수는 적지만 상장(IPO)까지 책임지는 전략으로 수익을 극대화해 왔다. 이 전략이 가장 선명하게 증명된 분야가 게임이다. LB인베스트먼트는 국내...,https://dealsite.co.kr/articles/158502,1,0.75,rule_keep_score_ge_6_with_hard_match,0.607705,0,pseudo_keep_model_drop,keep,rule_keep_score_ge_threshold,7,캐피탈;ipo,,
2026-05-14,모험자본 25%인데...'그림의 떡' 된 IMA 출자금,"그렇다 보니 상장이 임박한 프리IPO(상장 전 지분투자) 기업에 직접 투자하거나, 벤처캐피탈이 조성하는 프로젝트펀드에만 선별적으로 출자하는 분위기가 형성되고 있다. 반대로 블라인드펀드 출자는 철저히 외면받고...",https://www.newstopkorea.com/news/articleView.html?idxno=44925,1,0.75,rule_keep_score_ge_6_with_hard_match,0.608707,0,pseudo_keep_model_drop,keep,rule_keep_score_ge_threshold,7,캐피탈;ipo,,
2026-05-14,"[AI의 종목 이야기] ""세레브라스 상장가 185달러 책정…희망범위 큰 폭 ...",세레브라스와 주간사들은 증가하는 상장 관심을 관리하기 위한 작업을 진행해왔다. 회사는 IPO 주문을 넣는 기관투자자들에게 실질 수요 수준을 파악하기 위해 원하는 주식 수와 수용 가능한 최고 가격을...,https://www.newspim.com/news/view/20260514000058,1,0.75,rule_keep_score_ge_6_with_hard_match,0.609117,0,pseudo_keep_model_drop,keep,rule_keep_score_ge_threshold,6,ipo,주식;달러,
2026-05-13,"성주군 기름값 2천원 시대, 6주 연속 오름세","한편, 지원금 신청과정에서 보이스피싱이나 스미싱을 비롯한 금융사기 피해가 우려되는 가운데 정부와 군청, 카드사, 은행 등은 링크 클릭을 유도하거나 앱 설치, 개인정보 입력을 요구하는 문자를 발송하지 않으므로...",https://www.seongjuro.co.kr/news/view.php?idx=60046,1,0.75,rule_keep_score_ge_6_with_hard_match,0.609377,0,pseudo_keep_model_drop,keep,rule_keep_score_ge_threshold,7,은행;카드사,금융,
2026-05-20,"금감원, 레버리지 ETF 쏠림 경고…""금융회사 과당 경쟁 안돼""",금감원은 증시 호황기를 틈탄 핀플루언서와 투자자문업자의 불법 행위에 대해서도 단속을 강화하기로 했다.... 금감원은 일부 GA가 불법 사금융에 연루되거나 각종 컨설팅을 명목으로 불필요한 보험 가입을 유도하는...,https://www.widedaily.com/news/articleView.html?idxno=294242,1,0.75,rule_keep_score_ge_6_with_hard_match,0.609564,0,pseudo_keep_model_drop,keep,candidate_hybrid_gray_keep_domain_score_ge_threshold,6,금감원,,
2026-05-21,이미 지갑은 채워졌다…기관들의 이더리움 쓸어 담기용 '비밀 실탄' 포착,자본이 가상자산 생태계로 대거 유입되어 본격적인 매수 랠리를 준비하고 있다는 신호로 해석될 수 있는... 이번에 투입된 2억 5000만 달러 규모의 유동성은 분산형 거래소(DEX)와 온체인 대출 프로토콜의 자금 유동성을...,https://www.pinpointnews.co.kr/news/articleView.html?idxno=454222,1,0.75,rule_keep_score_ge_6_with_hard_match,0.609780,0,pseudo_keep_model_drop,keep,candidate_hybrid_gray_keep_domain_score_ge_threshold,6,가상자산,대출;달러,
2026-05-15,"美연준 내부 '금리인상론' 확산…""인플레 잡는 데 진심""","또 ""인플레이션이 오르면 실질금리가 자동으로 낮아지는 효과가 나타난다""며 ""연준이 정책을 바꾸지 않아도 금융여건이 완화될 수 있다는 점 역시 중요한 고려사항""이라고 말했다. 최근 연준 내부 분위기가 빠르게...",https://www.news1.kr/world/usa-canada/6166441,1,0.75,rule_keep_score_ge_6_with_hard_match,0.610325,0,pseudo_keep_model_drop,keep,candidate_hybrid_gray_keep_rule_score_ge_threshold,7,연준,금리;금융,
2026-05-18,전자금융업 지난해 매출 12조 돌파…경영지도 미준수 업체 29곳으로 늘어,"전자금융업 등록 회사 수는 지난해 말 기준 241개로 전년 말(207개사) 대비 34개사(16.4%) 늘었다. 업권별로는... 금감원은 이용자 보호 장치도 강화할 방침이다. 금감원 관계자는 ""미준수 업체를 포함한 전자금융업자의...",https://view.asiae.co.kr/article/2026051711593009687,1,0.75,rule_keep_score_ge_6_with_hard_match,0.610452,0,pseudo_keep_model_drop,keep,candidate_hybrid_gray_keep_rule_score_ge_threshold,6,금감원,,
2026-05-13,“美·EU는 전략 자산화하는데”…기본법 없이 표류하는 韓블록체인,아울러 디지털자산과 토큰증권발행(STO) 외에도 대체불가토큰(NFT)과 같은 디지털 수집품 및 양도불가토큰(SBT) 등 디지털 도구처럼 기존 금융 영역에 포괄되지 않는 다양한 토큰 생태계에 대한 명확한 정책적 방향성도...,https://www.dnews.co.kr/uhtml/view.jsp?idxno=202605121459428980436,1,0.75,rule_keep_score_ge_6_with_hard_match,0.610473,0,pseudo_keep_model_drop,keep,rule_keep_score_ge_threshold,7,토큰증권;sto,금융,
2026-05-15,"“혼돈의 기업 AI 전환, 메가존클라우드가 해법 될 것”",“정확한 날짜를 말하기 어렵지만 추진 속도를 내고 있다”고 언급했다. 메가존클라우드는 이미 여러 증권사를 공동 주관사를 선정하고 IPO를 추진해왔다. 시장에서는 이르면 연내 상장을 목표로 하는 것으로 보고 있다.,http://www.datanews.co.kr/news/article.html?no=144741,1,0.75,rule_keep_score_ge_6_with_hard_match,0.610622,0,pseudo_keep_model_drop,keep,candidate_hybrid_gray_keep_rule_score_ge_threshold,7,증권사;ipo,,
2026-05-12,[노트북 너머] '무가치함'과 싸우는 인터넷은행,"인터넷은행의 출범 목적은 소외된 차주를 포용하겠다는 것이었지, 은행업의 본질인 건전성을 무시하라는 의미는 아닐테니 말이다. 문제는 가계대출의 통로가 막히고 중금리 시장마저 레드오션이 된 상황이다. 포용의...",https://www.etoday.co.kr/news/view/2583242,1,0.75,rule_keep_score_ge_6_with_hard_match,0.611083,0,pseudo_keep_model_drop,keep,rule_keep_score_ge_threshold,7,은행,금리;대출;건전성,
2026-05-15,SK 형제기업 '바이오 2.0' 서막… 재무체력 키워 성장궤도,IPO(기업공개) 이후 5년여 동안 자체 수익성과 재무 체력을 키워왔다는 점이다. 안정적인 현금 창출 기반... 코스피 상장과 글로벌 기업과의 협력을 기반으로 외형성장 중이다. 이들의 성공스토리는 재무제표에서도...,https://www.asiatoday.co.kr/kn/view.php?key=20260515010004052,1,0.75,rule_keep_score_ge_6_with_hard_match,0.612234,0,pseudo_keep_model_drop,keep,candidate_hybrid_gray_keep_rule_score_ge_threshold,6,ipo,코스피,
2026-05-12,[데일리픽] 300년 쓰는 '물 배터리' 등장…암호화폐 강세론 과열 주의보,"시장에서는 스페이스X 상장이 단순한 초대형 IPO를 넘어 우주산업 전반의 기업가치 평가 기준을 바꿀 수 있는 이벤트가 될 것이라는 전망이 나온다. 스페이스X는 이르면 5월 말 S-1 신고서를 공개하고, 6월 말 또는 7월...",https://www.digitaltoday.co.kr/news/articleView.html?idxno=664517,1,0.75,rule_keep_score_ge_6_with_hard_match,0.613466,0,pseudo_keep_model_drop,keep,rule_keep_score_ge_threshold,7,ipo;암호화폐,,
2026-05-15,[뉴욕환시] 달러 나흘째↑…英 정부 '좌클릭' 우려에 파운드 급락,"5% 증가하며 시장 전망에 부합했다. 달러는 파운드 약세 속 미 국채 금리 상승과 맞물리며 99선에 바짝... 버넘 시장은 지난해 9월 뉴 스테이츠먼 매거진과 인터뷰에서 ""우리는 채권시장에 얽매여 있는 이런 상태를...",https://news.einfomax.co.kr/news/articleView.html?idxno=4414950,1,0.75,rule_keep_score_ge_6_with_hard_match,0.613855,0,pseudo_keep_model_drop,keep,candidate_hybrid_gray_keep_rule_score_ge_threshold,7,국채,금리;채권;달러,
2026-05-12,"[AI의 종목 이야기] 잔디깎는 로봇 강자 中 러둥로봇, 홍콩 상장 첫날 1...","상장 첫날 주가는 장중 내내 강세를 보였고, 종가 기준 127.62% 급등한 60홍콩달러를 기록했으며, 시가총액은 200억 홍콩달러 선을 굳혔다. 이번 IPO에서 러둥로봇의 발행가는 26.36홍콩달러였고, 글로벌 공개발행...",https://www.newspim.com/news/view/20260512000036,1,0.75,rule_keep_score_ge_6_with_hard_match,0.613948,0,pseudo_keep_model_drop,keep,rule_keep_score_ge_threshold,6,ipo,주가;달러,
2026-05-13,오전 변동폭만 577.96…‘롤러코스피’ 역대급 빚투 ‘적신호’ [변동성...,"8000 앞두고 급등락…7400선 마저 위협 포모·포포심리 확산속 빚투 규모 36조 육박 주가하락 베팅 공매도... 소위 ‘빚투(빚을 낸 투자)’가 역대급 규모로 늘고 있으며 , 공매도 대기 자금 규모가 동시 급등세이다. 빚을...",https://biz.heraldcorp.com/article/10735991?ref=naver,1,0.75,rule_keep_score_ge_6_with_hard_match,0.614252,0,pseudo_keep_model_drop,keep,rule_keep_score_ge_threshold,6,공매도,주가;코스피,
2026-05-21,"하나금융, '1.8조' 생산적금융 속도…강성묵 부회장 ""실물 경제 활성화...",포럼은 가계 대출 위주의 성장에서 벗어나 '생산적 금융'으로의 대전환을 가속화하기 위해 마련됐다. 이날 행사에는 강성묵 하나금융그룹 부회장을 비롯해 투자·생산적금융 부문 담당 그룹 관계사인 하나은행...,https://www.newsway.co.kr/news/view?ud=2026052010352846732,1,0.75,rule_keep_score_ge_6_with_hard_match,0.614963,0,pseudo_keep_model_drop,keep,candidate_hybrid_gray_keep_domain_score_ge_threshold,6,생산적 금융,대출;금융,
2026-05-14,'AI 금융혁신'의 과제… '디지털금융포럼 2026'에서 확인하세요 [알림],"비트코인을 넘어, 토큰증권(STO), 스테이블코인, RWA(실물자산토큰) 등 새로운 디지털 자산이 금융질서의 중요한 변수로 떠오르고 있습니다. 이제 금융은 단순한 디지털화를 넘어 산업 구조 자체가 변화하는 시대를...",https://it.chosun.com/news/articleView.html?idxno=2023092162014,1,0.75,rule_keep_score_ge_6_with_hard_match,0.615131,0,pseudo_keep_model_drop,keep,rule_keep_score_ge_threshold,7,토큰증권;sto,금융,
2026-05-14,빚투도 공매도도 사상 최대…‘팔천피’ 앞두고 커지는 과열 신호,"36조 빚투에 183조 공매도 대기자금…상승 기대·고점 불안 공존 코스피200 변동성지수 70 넘어…이란전쟁... 빚을 내 투자하는 ‘빚투’ 규모는 역대 최대 수준까지 불어났고, 동시에 주가 하락에 베팅하는 공매도 대기...",https://biz.chosun.com/stock/stock_general/2026/05/13/AAVFAYAUI5CM7A5MGFWE4WHSPA/?utm_source=naver&utm_medium=original&utm_campaign=biz,1,0.75,rule_keep_score_ge_6_with_hard_match,0.615448,0,pseudo_keep_model_drop,keep,rule_keep_score_ge_threshold,6,공매도,주가;코스피,
2026-05-14,“코인 이자보다 미 국채가 낫다”…‘수익형 코인’ 판도 바꾸는 RWA,"보통 이들은 가상자산을 담보로 잡고 선물 시장의 펀딩비로 이자를 창출하는 델타 중립 구조에 베팅했다.... 기관 투자자들에게는 한탕주의식 초고수익보다, 금리 변화에 따른 예측 가능성과 대형 거래소에서의...",https://www.mk.co.kr/article/12045782,1,0.75,rule_keep_score_ge_6_with_hard_match,0.616762,0,pseudo_keep_model_drop,keep,rule_keep_score_ge_threshold,7,국채;가상자산,금리,
2026-05-12,"장재훈 토큰아시아코리아 대표, ""미국 진출 방식 근본적 변화 필요""","뉴욕증권거래소(NYSE) 내 STO 상장까지 연결하는 큰 그림을 완성하는 것이 우리의 목표""라고 강조했다. 실제로 토큰아시아코리아는 이번 SelectUSA 기간 중 워싱턴 D.C.의 규제기관인 DISB(보험증권은행국)를 방문해 인허가...",http://www.enewstoday.co.kr/news/articleView.html?idxno=2427949,1,0.75,rule_keep_score_ge_6_with_hard_match,0.616836,0,pseudo_keep_model_drop,keep,rule_keep_score_ge_threshold,6,은행;sto,,
2026-05-21,[박용준의 어부바] 다주택자 잡으려다 임차인 잡았다…전세 마르고 현장...,"대출 연체율도 3.88%로 하락했다. 그러나 이는 부실 사업장 정리와 재구조화가 진행된 결과이기도 하다. PF 지표의 개선은 시장 정상화의 신호일 수 있지만, 부실 사업장 정리와 금융권의 선별 강화가 함께 진행되고...",https://www.ajunews.com/view/20260520102950528,1,0.75,rule_keep_score_ge_6_with_hard_match,0.616891,0,pseudo_keep_model_drop,keep,candidate_hybrid_gray_keep_domain_score_ge_threshold,7,pf,대출;부실,
2026-05-15,"[더벨][아카이브 읽어주는 기자] [영상]100억에서 1000조까지, 미래에셋...",대표적인 행보가 가상자산거래소 '코빗' 인수입니다. 금융과 가상자산 분리 원칙 때문에 증권사가 직접 가상자산거래소를 품기는 어렵습니다. 그래서 비금융 계열사인 미래에셋컨설팅을 통해 인수에 나선 것으로...,https://www.thebell.co.kr/free/content/ArticleView.asp?key=202605141013079120109545,1,0.75,rule_keep_score_ge_6_with_hard_match,0.617951,0,pseudo_keep_model_drop,keep,candidate_hybrid_gray_keep_rule_score_ge_threshold,7,증권사;가상자산,금융,
2026-05-16,외국인 국내주식 매도 4개월째…채권은 WGBI 효과에 '사자' 전환,"15일 한국은행이 발표한 '2026년 4월 이후 국제금융·외환시장 동향'에 따르면 지난달 외국인의 주식투자... 외환시장의 요동도 전월보다는 잠잠해졌다. 4월 중 원·달러 환율의 일평균 변동 폭은 8.9원으로, 전월(11.4원)...",https://www.pointdaily.co.kr/news/articleView.html?idxno=305106,1,0.75,rule_keep_score_ge_6_with_hard_match,0.618183,0,pseudo_keep_model_drop,keep,candidate_hybrid_gray_keep_rule_score_ge_threshold,6,한국은행,달러,
2026-05-20,"""官 출신 인사난 갈수록 심화""…거래소·연구기관 CEO '북새통'","대표적으로 거론되는 곳이 한국거래소와 여신금융협회, 우리금융경영연구소 등이다. 과거에도 금융당국 출신 인사들이 금융지주 산하 연구소나 협회, 금융 유관기관으로 이동한 사례는 적지 않았지만 최근 들어선...",https://news.einfomax.co.kr/news/articleView.html?idxno=4415777,1,0.75,rule_keep_score_ge_6_with_hard_match,0.618259,0,pseudo_keep_model_drop,keep,candidate_hybrid_gray_keep_domain_score_ge_threshold,7,여신금융협회,금융,
2026-05-15,SK·HD현대 약진 속 롯데·한화 재무부담 '이중고'···업황 양극화 심...,"특히 자회사 Pre-IPO 자금조달을 이미 완료한 기업은 투자계약상 기한 내 상장(Q-IPO) 조항, 풋옵션, 수익보전 조건 등이 현실화될 경우 모회사 유동성에 직접적인 부담이 될 수 있다고 경고했다....",https://www.newsfreezone.co.kr/news/articleView.html?idxno=689844,1,0.75,rule_keep_score_ge_6_with_hard_match,0.618844,0,pseudo_keep_model_drop,keep,candidate_hybrid_gray_keep_rule_score_ge_threshold,7,유동성;ipo,,
2026-05-15,코스피 8000 앞두고 '빚투' 급증…신용대출 7거래일만에 2조 늘었다,"주요 시중은행에서 신용대출이 이달 들어 빠르게 불어나고 있다. 하루가 멀다하고 오르는 코스피에... 금융당국은 가계대출 동향을 일일 모니터링하며, 최근 증시와 관련한 자금 흐름도 예의주시하고 있다....",http://www.edaily.co.kr/news/newspath.asp?newsid=05671126645448920,1,0.75,rule_keep_score_ge_6_with_hard_match,0.619169,0,pseudo_keep_model_drop,keep,candidate_hybrid_gray_keep_rule_score_ge_threshold,7,은행,대출;코스피;금융,
2026-05-16,2026년 경인축협 상임이사 협의회 개최,"김 차장은 ""국내외 경제 불안과 부동산 경기 장기 침체로 조합의 연체율이 증가하며 자산 건전성 및 수익성이 악화하고 있다""고 진단하며, 과감한 부실채권 정리와 철저한 대비책 마련을 강력히 권고했다. 한편, 참석한...",https://www.chukkyung.co.kr/news/articleView.html?idxno=81118,1,0.75,rule_keep_score_ge_6_with_hard_match,0.619881,0,pseudo_keep_model_drop,keep,candidate_hybrid_gray_keep_rule_score_ge_threshold,6,부실채권,건전성,
2026-05-13,암호화폐 비트코인 상승세에 부진했던 '이 지표'도 양수 전환... 랠리 가...,가상자산 파생상품 거래소 데리빗의 비트코인 30일 옵션 델타 스큐는 11일 10%를 기록하며 지난 주와 같은 수준을 유지했다. 옵션 델타 스큐는 가격 하락 시 수익을 내는 상품과 상승 시 수익을 내는 상품의 가격 차이를...,https://www.wikitree.co.kr/articles/1136158,1,0.75,rule_keep_score_ge_6_with_hard_match,0.620032,0,pseudo_keep_model_drop,keep,rule_keep_score_ge_threshold,6,가상자산;암호화폐,,
2026-05-21,[뉴욕마켓워치] 진짜 최종 파이널 종전안 수정본.hwp…주식·채권↑달러...,김성진 기자 진정호 최진우 특파원 = 20일(이하 미국 동부시간) 뉴욕 금융시장은 미국과 이란의 종전 합의... 시카고상품거래소(CME) 페드워치툴에 따르면 연방기금금리 선물시장에서 올해 12월 말까지 기준금리가 25bp...,https://news.einfomax.co.kr/news/articleView.html?idxno=4416046,1,0.75,rule_keep_score_ge_6_with_hard_match,0.620748,0,pseudo_keep_model_drop,keep,candidate_hybrid_keep_overseas_global_reference,7,기준금리,주식;채권;달러,
2026-05-13,“사퇴는 없다” 버티는 스타머… 차관들 줄사퇴에 영국 노동당 ‘분열...,정치적 불확실성은 금융시장을 강타했다. 이날 영국 국채 20년물과 30년물 금리는 각각 5.12%와 5.81%까지... 캐슬린 브룩스 XTB 리서치팀장은 “채권 시장이 차기 총리 경쟁이 영국이 감당할 수 없는 재정적 약속으로 이어질...,https://www.dt.co.kr/article/12062119?ref=naver,1,0.75,rule_keep_score_ge_6_with_hard_match,0.620873,0,pseudo_keep_model_drop,keep,rule_keep_score_ge_threshold,7,국채,금리;채권;금융,
2026-05-19,하동군 고유가 피해지원금 접수…상위 30% 제외,"한편 군은 신청 과정에서 보이스피싱과 스미싱 피해 예방을 위해 각별한 주의를 당부했다. 정부와 군청, 카드사 등은 신청 관련 URL이 포함된 문자메시지를 발송하지 않는다고 설명했다.",https://www.newsis.com/view/NISX20260518_0003633669,1,0.75,rule_keep_score_ge_6_with_hard_match,0.621897,0,pseudo_keep_model_drop,keep,candidate_hybrid_gray_keep_domain_score_ge_threshold,7,카드사;보이스피싱,,
2026-05-19,[테크M 이슈] '재계 저승사자' 조사4국 금융권 겨냥…하나금융·메리츠...,금융권의 검찰 '금감원'이 있는데도 국세청까지 나서서 특별 세무조사에 나선 건 이례적인 상황이라는... 금융권 '좌불안석' 18일 금융권에 따르면 서울지방국세청 조사4국은 지난 8일 하나금융지주와 하나은행 대상 비정기...,https://www.techm.kr/news/articleView.html?idxno=151920,1,0.75,rule_keep_score_ge_6_with_hard_match,0.622778,0,pseudo_keep_model_drop,keep,candidate_hybrid_gray_keep_domain_score_ge_threshold,6,금감원,,
2026-05-16,"유동성 고갈된 거래소, 실적 악화되나…하반기도 '고난의 행군' 관측","국내외 가상자산 거래소가 전반적인 유동성 위축 속에 실적 부진 압박을 받고 있다. 거래량 감소가 수익성 저하로 직결되는 구조적 특성상, 하반기 역시 반등 모멘텀이 제한적일 것이라는 관측이 힘을 얻고 있다. 15일...",https://www.newsway.co.kr/news/view?ud=2026051509113157569,1,0.75,rule_keep_score_ge_6_with_hard_match,0.623504,0,pseudo_keep_model_drop,keep,candidate_hybrid_gray_keep_rule_score_ge_threshold,7,유동성;가상자산,실적,
2026-05-13,"다이퀘스트, 지식관리 플랫폼 'OKMS' GS인증 1등급 획득 ··· 공공 시장...","한편 다이퀘스트는 2000년 설립돼 자연어처리 핵심 기술을 바탕으로 지능형 검색, 빅데이터 분석, AI 챗봇·콜봇 등 다양한 솔루션을 개발해 왔다. 2027년 코스닥 기술특례상장을 목표로 기업공개(IPO)를 준비 중에 있다.",https://www.datanet.co.kr/news/articleView.html?idxno=211546,1,0.75,rule_keep_score_ge_6_with_hard_match,0.623727,0,pseudo_keep_model_drop,keep,rule_keep_score_ge_threshold,6,ipo,코스닥,
2026-05-13,몸값 5조 노리는 업스테이지…KT 900% 잭팟 기대감,하반기 기업공개(IPO) 시장의 대어로 꼽히는 업스테이지가 최대 5조원에 달하는 기업가치를 제시한... 업스테이지는 지난해 말 미래에셋증권과 KB증권을 주관사로 선정하고 올해 하반기 유가증권시장(코스피) 상장...,https://news.bizwatch.co.kr/article/mobile/2026/05/12/0014,1,0.75,rule_keep_score_ge_6_with_hard_match,0.624083,0,pseudo_keep_model_drop,keep,rule_keep_score_ge_threshold,6,ipo,코스피,
2026-05-16,4월 외국인 주식 26.8억달러 순매도…넉 달 연속 순유출,5억5000만달러 순유입으로 전환됐다. 한국은행이 15일 발표한 '2026년 4월 이후 국제금융·외환시장 동향... 시장 등의 영향으로 상승했다. 통화스왑금리(3년)는 국고채금리 상승에 연동돼 올랐다. 원·달러 환율은...,http://www.joseilbo.com/news/news_read.php?uid=568347&class=18&grp=,1,0.75,rule_keep_score_ge_6_with_hard_match,0.624682,0,pseudo_keep_model_drop,keep,candidate_hybrid_gray_keep_rule_score_ge_threshold,7,한국은행,주식;달러,
2026-05-16,"컬리, 최대 실적에 'IPO 재시동'... 이번엔 다르다?","컬리는 2021년 프리IPO 당시 약 4조원 수준의 기업가치를 인정받으며 상장 기대감을 키웠고, 2022년에는 코스피 상장예비심사를 통과했다. 그러나 글로벌 경기 침체, 투자심리 위축, 이커머스 업종에 대한 밸류에이션 하락...",http://www.joseilbo.com/news/news_read.php?uid=568390&class=53&grp=,1,0.75,rule_keep_score_ge_6_with_hard_match,0.624692,0,pseudo_keep_model_drop,keep,candidate_hybrid_gray_keep_rule_score_ge_threshold,6,ipo,코스피,
2026-05-13,"[오늘의 ABC 뉴스룸] ""에쿠스 몰면서 기초수급비 5,400만 원 챙겼다"" 3년...",물가를 바라보는 기준 자체를 바꿔 금리 인하의 명분을 찾으려 한다는 분석도 나옵니다. 이에 맞서 물러나는 파월 의장은 이례적으로 연준 이사직 유지를 선언하며 '방패막이'를 자처했습니다. 연준 내부에서도...,https://www.ajunews.com/view/20260512133800295,1,0.75,rule_keep_score_ge_6_with_hard_match,0.625003,0,pseudo_keep_model_drop,keep,rule_keep_score_ge_threshold,6,연준,금리,
2026-05-16,"""코스피 1만피 전망 나왔는데""...첫 8000 찍고 6% 하락 마감","반면 주가 하락에 베팅하는 공매도 잔고도 20조원을 돌파해 역대 최대 규모로 쌓이고 있다. 주식... 업계 관계자는 ""주가 하락 시 공매도가 힘을 받고 빚투로 인한 반대매매가 낙폭을 키우면서 증시 변동성이 커질...",http://www.joseilbo.com/news/news_read.php?uid=568374&class=53&grp=,1,0.75,rule_keep_score_ge_6_with_hard_match,0.625343,0,pseudo_keep_model_drop,keep,candidate_hybrid_gray_keep_rule_score_ge_threshold,7,공매도,주가;주식;코스피,
2026-05-19,"이자 못 갚아 임의경매된 부동산, 대구 넉달만 1천건 돌파","대출금리 상승기 불어난 이자를 감당하지 못 하면서 가계대출의 부실 경고음이 커졌다는 의미로... 당시 능력에 비해 과한 은행권 대출을 받아 이자와 원리금을 상환하지 못하고, 연체가 6~12개월 지속되는...",https://www.yeongnam.com/web/view.php?key=20260518021243949,1,0.75,rule_keep_score_ge_6_with_hard_match,0.625914,0,pseudo_keep_model_drop,keep,candidate_hybrid_gray_keep_domain_score_ge_threshold,6,은행권,부실,
2026-05-21,"하나금융, '생산적 금융 가속' 위해 그룹 IB포럼",특히 이번 포럼은 가계 대출 위주의 성장이 아닌 실물 경제의 혁신 산업 자금 공급이라는 '생산적 금융... 하나은행부터 하나증권·하나캐피탈·하나대체투자자산운용·하나벤처스 등 관계사 관련 임직원이 한 자리에...,https://www.straightnews.co.kr/news/articleView.html?idxno=302939,1,0.75,rule_keep_score_ge_6_with_hard_match,0.625938,0,pseudo_keep_model_drop,keep,candidate_hybrid_gray_keep_domain_score_ge_threshold,6,생산적 금융,대출;금융,
2026-05-20,"금감원 ‘5대 소비자위험’ 대응, GA불법영업, 증권업계 과당경쟁",이날 논의에서는 GA가 불법 사금융에 가담하거나 세무·회계·노무 등 각종 컨설팅을 빌미로 불필요한 보험... 이밖에도 협의회는 핀플루언서 AI 기반 모니터링 시스템을 통해 위법행위를 실시간으로 단속·적발하고...,https://www.naeil.com/news/read/589061?ref=naver,1,0.75,rule_keep_score_ge_6_with_hard_match,0.626569,0,pseudo_keep_model_drop,keep,candidate_hybrid_gray_keep_domain_score_ge_threshold,6,금감원,,
2026-05-15,"WM 강한 증권사, 1분기 날았다","2분기 IPO 기대감이 있는 스페이스X의 상장 결과에 관심이 모인다. 중장기적으론 비상장 AI기업 퍼플렉시티 등에서도 이익이 발생할 예정이다. 안영준 키움증권 연구원은 ""향후 스페이스X의 기업가치 상승이 추가적인...",https://www.straightnews.co.kr/news/articleView.html?idxno=302474,1,0.75,rule_keep_score_ge_6_with_hard_match,0.627037,0,pseudo_keep_model_drop,keep,candidate_hybrid_gray_keep_rule_score_ge_threshold,7,증권사;ipo,,
2026-05-14,[더벨]지난해 부진 씻은 한투 IPO본부…투자 성과도 가시화,지난해 IPO 주관 경쟁에서 8위에 머물렀지만 올해는 트렉 레코드를 빠르게 쌓으며 순위를 끌어올리는 모습이다. 상장 전 지분을 확보해둔 기업들이 잇따라 코스닥에 입성하면서 투자 성과도 함께 가시화되고 있다....,https://www.thebell.co.kr/free/content/ArticleView.asp?key=202605110821260100101969,1,0.75,rule_keep_score_ge_6_with_hard_match,0.627157,0,pseudo_keep_model_drop,keep,rule_keep_score_ge_threshold,6,ipo,코스닥,
2026-05-12,"금값 5600달러 찍고 꺾였다… 지금이 '줍줍' 기회인가, 함정인가","현재 80달러 초반으로의 급락은 차익 실현 매물 출회, 연준 금리 인하 지연에 따른 달러 강세, 중국 산업 가동률 부진이 복합적으로 작용한 결과다. 시장 참여자들 사이에서는 이를 구조적 추세의 역전보다 단기...",https://www.g-enews.com/view.php?ud=202605111401154022fbbec65dfb_1,1,0.75,rule_keep_score_ge_6_with_hard_match,0.627243,0,pseudo_keep_model_drop,keep,rule_keep_score_ge_threshold,7,연준,금리;달러,
2026-05-14,대기업 회장·BTS도 당한 ‘380억 해킹’… 중국인 총책 추가 송환,A씨 일당은 해킹으로 확보한 개인정보로 피해자 명의의 알뜰폰을 무단으로 개통한 뒤 인증번호를 가로채 은행·증권·가상자산 거래소 계정에 접근한 것으로 알려졌다. 이들은 공공기관과 유관기관을 해킹해 공인인증서...,https://www.seoul.co.kr/news/society/law/2026/05/14/20260514010006?wlog_tag3=naver,1,0.75,rule_keep_score_ge_6_with_hard_match,0.627466,0,pseudo_keep_model_drop,keep,rule_keep_score_ge_threshold,6,은행;가상자산,,
2026-05-17,"바이낸스 레버리지 2개월래 최고치… XRP, 1.50달러 벽에 막혀 연쇄 청산...","가상자산 합법화를 골자로 한 미국 암호화폐 시장구조 법안, 클래러티법(CLARITY Act)의 통과 소식에도... 전문가들은 바이낸스를 비롯한 주요 거래소에서 레버리지 해소가 선행되지 않을 경우, 1.44달러 지지선 붕괴 시...",http://coinreaders.com/236819,1,0.75,rule_keep_score_ge_6_with_hard_match,0.627482,0,pseudo_keep_model_drop,keep,candidate_hybrid_gray_keep_rule_score_ge_threshold,6,가상자산;암호화폐,,
2026-05-12,[설미현의 세무 인사이트] 가상자산 과세의 문제 2.0,"동일한 가상자산이라 하더라도 거래소마다 가격이 다르고, 거래 시점에 따라 변동폭이 극단적으로 크다. 일부 자산은 유동성 자체가 부족하여 거래가 형성되지 않는 경우도 있다. 이 상황에서 “시가”를 특정하는 것은...",https://www.tfmedia.co.kr/news/article.html?no=204428,1,0.75,rule_keep_score_ge_6_with_hard_match,0.627529,0,pseudo_keep_model_drop,keep,rule_keep_score_ge_threshold,6,유동성;가상자산,,
2026-05-20,[은행 이모저모] 국민은행·하나은행·부산은행 등,"BNK부산은행이 외국인 주민들을 대상으로 '보이스피싱·전자금융사기 예방캠페인'을 했다. 사진=BNK부산은행... 최정희 부산은행 금융소비자보호 총괄책임자(CCO)는 ""금융사기 피해로부터 외국인 주민들을 보호하기 위해...",http://www.bizwnews.com/news/articleView.html?idxno=136899,1,0.75,rule_keep_score_ge_6_with_hard_match,0.627662,0,pseudo_keep_model_drop,keep,candidate_hybrid_gray_keep_domain_score_ge_threshold,7,은행;보이스피싱,,
2026-05-12,"써클, USDC 성장·규제 기대 속 실적 발표 주목","회사는 가상자산 거래소 코인베이스(COIN)와 협력해 USDC를 설립했으며, 준비금 운용 과정에서 발생하는 이자 수익을 코인베이스와 공유하고 있다. 스테이블코인은 전통적으로 비트코인(BTC)과 같은 암호화폐를...",https://www.newspim.com/news/view/20260511001317,1,0.75,rule_keep_score_ge_6_with_hard_match,0.627713,0,pseudo_keep_model_drop,keep,rule_keep_score_ge_threshold,7,가상자산;암호화폐,실적,
2026-05-21,[BS모닝] 증권주 '급락세'…매수타이밍은 지금?,"지난 16일 미국 10년물 국채 금리는 4.595% 후반까지 오르고, 글로벌 주요 국채금리도 급등하면서 외국인들이 위험자산 심리에서 돌아섰다. 주요 선진국 재정악화 우려에 글로벌 채권시장에서는 ‘투매’ 현상이...",http://www.segyebiz.com/newsView/20260521500480?OutUrl=naver,1,0.75,rule_keep_score_ge_6_with_hard_match,0.628023,0,pseudo_keep_model_drop,keep,candidate_hybrid_keep_overseas_global_reference,7,국채;국채금리,,
2026-05-15,'1조원대 가상자산 환치기 직원 방조' 혐의 우리은행 1심서 무죄,"가상자산 환치기는 외국에 거주하는 이로부터 가상자산을 이전받아 국내 거래소에서 매매한 후 그 대금을 외화로 송금하는 행위로, 국내 거래를 실행하는 이들은 일정 비율 수수료를 받는다. 국내 거래소에서의 거래...",https://www.tfmedia.co.kr/news/article.html?no=204508,1,0.75,rule_keep_score_ge_6_with_hard_match,0.628059,0,pseudo_keep_model_drop,keep,candidate_hybrid_gray_keep_rule_score_ge_threshold,7,은행;가상자산,수수료,
2026-05-19,비거주 1주택 규제 사실상 연기…실효성 논란 확산,이인영 의원실이 금융감독원으로부터 받은 자료에 따르면 5대 은행의 올해 1분기 가계대출 증가 목표치 대비 증감비율은 -148.6%로 집계됐다. 집단대출 회피와 일반 주담대 감소까지 겹치면서 금융권에서는 추가 규제 명분이...,http://www.edaily.co.kr/news/newspath.asp?newsid=01751526645450560,1,0.75,rule_keep_score_ge_6_with_hard_match,0.628900,0,pseudo_keep_model_drop,keep,candidate_hybrid_gray_keep_domain_score_ge_threshold,6,금융감독원,,
2026-05-19,“95% 할인해 산다고?”...공공기관도 새도약기금 매입가에 난색,실제로 시중은행 같은 대형 금융사는 장기 개인 연체 채권을 영향이 크지 않지만 소형 대부업체의 상황은 다르다. 대부 업권 상위 30개사 가운데 절반가량만 새도약기금 참여 의사를 밝힌 상태다. 참여 여부를 검토 중인 한...,https://www.sedaily.com/article/20045523?ref=naver,1,0.75,rule_keep_score_ge_6_with_hard_match,0.630036,0,pseudo_keep_model_drop,keep,candidate_hybrid_gray_keep_domain_score_ge_threshold,6,시중은행,연체,
2026-05-17,[다음주 경제] 1분기 가계빚 추이는…4월 생산자물가도 관심,한국은행은 1분기 가계신용 잠정치를 19일 발표한다. 정부가 고강도 부동산 대출 규제를 지속 중인 가운데 주택담보대출을 비롯한 가계대출이 얼마나 증감했을지 주목된다. 지난해 말 가계신용 잔액은...,https://www.yna.co.kr/view/AKR20260516016500002?input=1195m,1,0.75,rule_keep_score_ge_6_with_hard_match,0.630259,0,pseudo_keep_model_drop,keep,candidate_hybrid_gray_keep_rule_score_ge_threshold,6,한국은행,대출,
2026-05-13,"AI 기업 마키나락스, 코스닥 출격…14조 몰렸다","2%로 코스닥 IPO 역대 최고치를 경신했다. 2017년 설립된 마키나락스는 자동차·반도체·에너지·국방 등 산업 현장에 특화된 엔터프라이즈 AI OS(운영체제) ‘런웨이’를 공급하고 있으며, 이달 20일 코스닥에 상장할...",https://www.sedaily.com/article/20043299?ref=naver,1,0.75,rule_keep_score_ge_6_with_hard_match,0.630885,0,pseudo_keep_model_drop,keep,rule_keep_score_ge_threshold,6,ipo,코스닥,
2026-05-14,"""주가 상승 계속"" vs ""호재 선반영""…엇갈린 미래에셋證 주가 전망",NH투자증권 역시 목표주가 11만원을 유지하며 “스페이스X IPO에 따른 평가이익이 2분기 실적에 반영될 것”이라고 전망했다. 하나증권도 목표주가를 9만5000원으로 올리며 “비상장 투자자산 가치가 견조한 가운데 해외...,https://economist.co.kr/article/view/ecn202605130012,1,0.75,rule_keep_score_ge_6_with_hard_match,0.631543,0,pseudo_keep_model_drop,keep,rule_keep_score_ge_threshold,6,ipo,실적;주가,
2026-05-12,"[IPO] 마키나락스, 제조·국방 폐쇄망 AI 앞세워 코스닥 노크","""AI 산업의 다음 전장은 채팅이 아니라 현실 세계다."" 코스닥 상장을 앞둔 피지컬 AI 기업 마키나락스에... 코스닥 IPO 가운데서도 이례적인 수준이다. 시장에서는 단순한 AI 소프트웨어 업체가 아니라 '산업용 AI...",https://www.cnbizm.com/news/articleView.html?idxno=302517,1,0.75,rule_keep_score_ge_6_with_hard_match,0.631946,0,pseudo_keep_model_drop,keep,rule_keep_score_ge_threshold,6,ipo,코스닥,
2026-05-12,[성공예감] 증시 신고가의 딜레마…삼전닉스 PER 아직 싸다 - 김학균 전...,이건 금리를 낮추고 특히나 지금 만약에 파월 의장이 연준 의장에서 물러나서 그만둔다 그러면 트럼프가 한 사람 더 꽂아 넣을 수 있거든요. ◇이대호> 그 이사 자리에. ◆김학균> 그럼 지금 들어가 있는 사람이 스티브...,https://news.kbs.co.kr/news/pc/view/view.do?ncd=8557717&ref=A,1,0.75,rule_keep_score_ge_6_with_hard_match,0.632192,0,pseudo_keep_model_drop,keep,rule_keep_score_ge_threshold,6,연준,금리,
2026-05-13,"네이버 웹툰 사업 주력 일본서도 흔들린다, 김준구 디즈니 포함 외부 협...","하지만 시장이 기대했던 외형 성장이 사실상 멈추면서, 미국 증시 상장 이후 약속했던 '성장 스토리'를... 특히 주식보상 비용이 763만 달러로 전년 대비 55%가량 감소했고, 기업공개(IPO) 관련 소송 등 일회성 비용도...",https://www.businesspost.co.kr/BP?command=article_view&num=437613,1,0.75,rule_keep_score_ge_6_with_hard_match,0.632283,0,pseudo_keep_model_drop,keep,rule_keep_score_ge_threshold,6,ipo,주식;달러,
2026-05-16,"김진일 금통위원 ""이자율 반클릭 정도 높은 게 좋아""(종합)","김 위원은 이런 인식의 배경과 관련, ""2008년 금융위기 당시 미국 연방준비제도(Fed)에서 일한 경험 때문""이라며 ""그게 좋은 경험일 수도, 트라우마일 수도 있다""고 했다. 김 위원은 원/달러 환율이 다시 1,500원대로 올라선...",https://www.yna.co.kr/view/AKR20260515118451002?input=1195m,1,0.75,rule_keep_score_ge_6_with_hard_match,0.632807,0,pseudo_keep_model_drop,keep,candidate_hybrid_gray_keep_rule_score_ge_threshold,6,fed,달러,
2026-05-16,'8000피' 찾아간 개미들…두나무·빗썸 실적 악화 ‘된서리’,"디지털자산 시장 거래는 상대적으로 크게 위축되면서 국내 1·2위 디지털자산 거래소의 1분기 실적도... 국내 가상자산 시장은 인공지능(AI)과 반도체주를 중심으로 한 코스피 강세, 디지털자산 투자심리 약화 등이...",http://www.edaily.co.kr/news/newspath.asp?newsid=07229126645449248,1,0.75,rule_keep_score_ge_6_with_hard_match,0.632958,0,pseudo_keep_model_drop,keep,candidate_hybrid_gray_keep_rule_score_ge_threshold,6,가상자산,실적;코스피,
2026-05-13,"""금리 낮을 땐 좋았지""···고금리에 신종자본증권 차환 나서는 금융지...","시중금리는 더 상승했다. 5년짜리 콜옵션이 붙어있는 신종자본증권 금리의 기준이 되는 국채 5년물 금리는... KB금융 관계자는 ""연초 대비 채권시장 분위기가 침체된 가운데에서도 이번에 국고채 대비 가산금리...",https://www.sisajournal-e.com/news/articleView.html?idxno=421047,1,0.75,rule_keep_score_ge_6_with_hard_match,0.633802,0,pseudo_keep_model_drop,keep,rule_keep_score_ge_threshold,7,국채,금리;채권;금융,
2026-05-18,“축의금·부조금 빼면 현금 안쓰죠”…카드 현금서비스 24년만에 최저,17일 한국은행 경제통계시스템에 따르면 지난 2월 개인 현금서비스 이용 건수는 399만1000건으로 집계됐다.... 다만 가계대출 규제에 나선 금융당국이 변수가 될 수 있다. 이 관계자는 “당국이 카드론 증가세에 대해...,https://www.mk.co.kr/article/12050561,1,0.75,rule_keep_score_ge_6_with_hard_match,0.634311,0,pseudo_keep_model_drop,keep,candidate_hybrid_gray_keep_rule_score_ge_threshold,7,한국은행,카드론,
2026-05-20,인플레 공포가 밀어 올렸다…글로벌 국채 '투매' 어쩌나,"우려도 시장 부담을 키웠다. 국제유가는 이날 4거래일 만에 소폭 하락했지만, 여전히 배럴당 110달러 안팎의 높은 수준을 유지하고 있다. ●미국채 30년 금리, 2007년 이후 최고 이날 급등한 채권 금리가 증시 하락을...",http://www.wowtv.co.kr/NewsCenter/News/Read?articleId=A202605200155&t=NN,1,0.75,rule_keep_score_ge_6_with_hard_match,0.634678,0,pseudo_keep_model_drop,keep,candidate_hybrid_keep_overseas_global_reference,6,국채,금리;채권,
2026-05-13,"""예술 콘텐츠를 디지털자산으로"" 한국CDX경제협회 출범","필요하며 그 기준에 따라 저작권 보호 정도, 시장가격이 형성돼야 한다""고 말했다. 향후 협회는 예술 콘텐츠를 기반으로 한 저작권 담보대출, 토큰증권(STO), 실물자산화(RWA) 코인 시장에 객관적인 가치지표를 제공할 계획이다.",https://view.asiae.co.kr/article/2026051208524011384,1,0.75,rule_keep_score_ge_6_with_hard_match,0.634787,0,pseudo_keep_model_drop,keep,rule_keep_score_ge_threshold,7,토큰증권;sto,대출,
2026-05-21,"재경부 ""중동전쟁 장기화로 민생부담 점차 가시화…유가 변동성 확대""","정부는 우선 채권·외환시장을 면밀히 모니터링하면서 필요시 관계기관 공조 아래 신속 대응하겠다고 강조했다. 세계국채지수(WGBI) 편입에 따른 자금 유입을 지원하고 6월 국고채 발행 물량 축소, 국내시장복귀계좌(RIA)...",https://www.newsis.com/view/NISX20260520_0003637751,1,0.75,rule_keep_score_ge_6_with_hard_match,0.635032,0,pseudo_keep_model_drop,keep,candidate_hybrid_gray_keep_domain_score_ge_threshold,6,외환시장,채권,
2026-05-16,"억만장자 테퍼, 한국 ETF 추가 매수…애커먼은 MS 전격 투자 [글로벌마켓...","미국과 이란 전쟁 종식과 호르무즈 해협 재개방 등에 뚜렷한 해법이 나오지 않고 있는 것도 채권 시장을 압박하는 요인이다. 이날 2년 만기 미 국채금리는 연 4%, 10년 만기 미 국채금리가 연 4.6%, 30년 만기...",http://www.wowtv.co.kr/NewsCenter/News/Read?articleId=A202605160290&t=NN,1,0.75,rule_keep_score_ge_6_with_hard_match,0.635127,0,pseudo_keep_model_drop,keep,candidate_hybrid_gray_keep_rule_score_ge_threshold,6,국채금리,채권,
2026-05-19,'건전성 딜레마'에 빠진 한국 금융[데스크 칼럼],"은행들은 BIS(국제결제은행) 자기자본비율과 연체율, 위험가중자산(RWA) 관리에 집중했고 금융당국은 총량... 둘 다 건전성 측면에선 금융권에 리스크일 수밖에 없다. 두 정책이 현정부에서 처음 나온 것도 아니다. 어느...",http://www.edaily.co.kr/news/newspath.asp?newsid=03230806645450232,1,0.75,rule_keep_score_ge_6_with_hard_match,0.635259,0,pseudo_keep_model_drop,keep,candidate_hybrid_gray_keep_domain_score_ge_threshold,7,연체율,건전성;금융,
2026-05-18,"코스피, 조정이냐 반등이냐","금리, 환율 등 금융시장 불안도 이어지고 있어서다. 증권가에서 그러나 이번 급락은 과도한 측면이 있고... 외환시장 불안도 다시금 확대되는 모습이다. 통상 외국인이 주식을 팔면 달러가 빠져나가면서 환율이...",https://www.dnews.co.kr/uhtml/view.jsp?idxno=202605171501237830011,1,0.75,rule_keep_score_ge_6_with_hard_match,0.635470,0,pseudo_keep_model_drop,keep,candidate_hybrid_gray_keep_rule_score_ge_threshold,6,환율,금리;코스피,
2026-05-14,"5월 14일 출근길 팟캐스트 24억 달러 청산 충격, 비트코인 7만9000달러 이...",거래소별로는 바이낸스에서만 11.85억 달러가 청산됐다. 최대 유동성 구간에서 청산이 집중됐다는 점은... 연관 뉴스와 자금 흐름 정책 측면에서는 미 상원이 친가상자산 성향으로 알려진 케빈 워시를 차기...,https://www.tokenpost.kr/news/insights/359405,1,0.75,rule_keep_score_ge_6_with_hard_match,0.635581,0,pseudo_keep_model_drop,keep,rule_keep_score_ge_threshold,7,유동성;가상자산,달러,
2026-05-13,"본회의 처리 1768건 中 정무위 법안 67건…경제 상임위, 이래도 되나",가상자산 거래소 대주주 지분을 제한해야 한다는 내용과 시중은행이 과반(50%+1주)의 지분을 보유한 컨소시엄만이 스테이블 코인을 발행할 수 있어야 한다는 정부·여당의 주장에 국민의힘이 반대하면서 논의가 교착...,https://www.mt.co.kr/politics/2026/05/13/2026051213061312489,1,0.75,rule_keep_score_ge_6_with_hard_match,0.636141,0,pseudo_keep_model_drop,keep,rule_keep_score_ge_threshold,6,은행;가상자산,,
2026-05-15,“비트코인 ETF가 기관 진입장벽 낮췄다…한국도 ‘대기 수요’ 확인”,"기관화…가상자산, 금융 인프라로 확장 바이낸스는 이를 해결하기 위해 전통 금융의 문법을 차용한 ‘3자 간 계약’ 모델을 제시했다. 첸 총괄은 “기관이 기존 수탁 은행에 담보를 유지하면서 거래소는 이를...",https://www.ddaily.co.kr/page/view/2026051415204257283,1,0.75,rule_keep_score_ge_6_with_hard_match,0.636218,0,pseudo_keep_model_drop,keep,candidate_hybrid_gray_keep_rule_score_ge_threshold,7,은행;가상자산,금융,
2026-05-13,"[사설] 취약계층 빚 탕감, 사각지대 살피되 부작용도 보완해야",이런 가운데 20여 년 전 카드 사태 당시 대출 연체자 지원을 위해 설립한 민간 배드뱅크 ‘상록수’가 주주... 서민금융진흥원에 정부 예산과 민간 은행 출연으로 별도의 기금을 설치해 서민금융의 안정적인 재원을...,https://www.sedaily.com/article/20043222?ref=naver,1,0.75,rule_keep_score_ge_6_with_hard_match,0.636460,0,pseudo_keep_model_drop,keep,rule_keep_score_ge_threshold,7,은행,대출;연체;금융,
2026-05-14,"[기업認] [차바이오텍] 차헬스케어 IPO, 차케어스 합병이 관건",합병 시 오너일가 지분가치 이전으로 승계 재원화 가능성 차헬스케어의 기업공개(IPO) 전략에서 차케어스... 차헬스케어와 차케어스가 합병할 경우 오너일가와 우호주주가 보유한 차케어스 지분은 상장 예정인...,https://news.dealsitetv.com/articles/170020,1,0.75,rule_keep_score_ge_6_with_hard_match,0.636530,0,pseudo_keep_model_drop,keep,rule_keep_score_ge_threshold,6,ipo,주가;원화,
2026-05-14,"'미르'가 벌고 '위믹스'가 굳혔다… 위메이드, '흑자 가속도' 페달","이 실장은 ""블록체인 부문은 단순한 인게임 매출 구조를 넘어 인게임 거래소 수수료, 대체불가능토큰(NFT)... ■'스테이블넷' 카드로 그린 디지털 금융 지도 위메이드는 가상자산 시장의 주도권을 쥐기 위해 원화...",http://www.biztribune.co.kr/news/articleView.html?idxno=353768,1,0.75,rule_keep_score_ge_6_with_hard_match,0.636951,0,pseudo_keep_model_drop,keep,rule_keep_score_ge_threshold,6,가상자산,수수료;원화;금융,
2026-05-18,[글로벌이코노믹 사설] 채권 수익률 급상승 포트폴리오 비상,국채금리는 4.46%까지 치솟았고 일본 10년물 국채도 29년 만에 최고치를 경신했다. 중동 상황과 중앙은행의... 글로벌 투자자들은 한국의 기준 금리 인상을 점치는 모양새다. 골드만삭스의 경우 한은이 올해 금리를...,https://www.g-enews.com/view.php?ud=20260517155835574135e857d010_1,1,0.75,rule_keep_score_ge_6_with_hard_match,0.637040,0,pseudo_keep_model_drop,keep,candidate_hybrid_gray_keep_rule_score_ge_threshold,7,국채금리,금리;채권,
2026-05-13,"‘산업용 AI’ 마키나락스, 청약 증거금 13.9조원 모아","이는 코스닥 IPO 기준 역대 최고 의무보유 확약 비율이다. 이에 따라 공모가는 희망범위 상단인... 회사는 이번 상장으로 확보한 공모자금을 산업용 AI OS(디펜스OS, 다크팩토리OS) 고도화와 에이전틱 AI 현장 도입...",https://www.mk.co.kr/article/12045111,1,0.75,rule_keep_score_ge_6_with_hard_match,0.637122,0,pseudo_keep_model_drop,keep,rule_keep_score_ge_threshold,6,ipo,코스닥,
2026-05-20,가계빚 1993조원 역대 최대…영끌·빚투 1분기 14조 늘어,가계신용은 가계가 은행·보험사·대부업체·공적 금융기관 등에서 받은 대출에 결제 전 카드 사용 금액(판매신용)까지 더한 ‘포괄적 가계 부채’를 뜻한다. 가계신용은 2024년 2분기 이후 8개 분기 연속...,http://www.kookje.co.kr/news2011/asp/newsbody.asp?code=0200&key=20260519.99099004994,1,0.75,rule_keep_score_ge_6_with_hard_match,0.637475,0,pseudo_keep_model_drop,keep,candidate_hybrid_gray_keep_domain_score_ge_threshold,6,은행;보험사,,
2026-05-16,뉴욕증시 하락 마감…유가·국채 금리 폭등에 AI 랠리 제동,시장에서는 최근 AI 호황에 기댄 랠리가 너무 오래 갔다는 우려가 불거졌다. 유가가 폭등하고 국채... 채권 금리는 가격과 반대로 움직인다. 이날 국채 수익률 오름세에는 트럼프 대통령과 시진핑 중국 국가주석의...,https://www.newspim.com/news/view/20260516000015,1,0.75,rule_keep_score_ge_6_with_hard_match,0.637534,0,pseudo_keep_model_drop,keep,candidate_hybrid_gray_keep_rule_score_ge_threshold,6,국채,금리;채권,
2026-05-14,"고물가 공포 삼킨 'AI 무적론'…S&P 500, 사상 첫 7400선 뚫었다","◇'이란 전쟁' 여파…4월 PPI 1.4% 폭등하며 연준 압박 이날 발표된 물가 지표는 시장에 공포를 불어넣기에... 시사한다""며 ""금리에 민감한 소매 및 금융 섹터가 즉각 하락 압력을 받은 이유""라고 설명했다. ◇젠슨 황...",https://www.ziksir.com/news/articleView.html?idxno=133814,1,0.75,rule_keep_score_ge_6_with_hard_match,0.637923,0,pseudo_keep_model_drop,keep,rule_keep_score_ge_threshold,7,연준,금리;금융,
2026-05-21,"하나금융, 올해 생산적 금융 17.8조 공급에 박차","이번 호럼은 가계 대출 위주의 성장에서 벗어나 실물 경제의 혁신 산업에 자금을 공급하는 ‘생산적... 두 번째 세션에는 하나은행의 ‘하나금융연구소’와 하나증권의 ‘리서치센터’가 공동으로 AI·인프라, K...",https://www.ddaily.co.kr/page/view/2026052010360476266,1,0.75,rule_keep_score_ge_6_with_hard_match,0.638292,0,pseudo_keep_model_drop,keep,candidate_hybrid_gray_keep_domain_score_ge_threshold,6,생산적 금융,대출;금융,
2026-05-12,[은행 이모저모] 국민은행·농협은행·케이뱅크 등,"단 부동산 관련 업종 등 일부 업종과 대출 연체고객은 대상에서 제외된다. 국민은행 관계자는 ""이번 프로그램으로 약 1만명 이상의 개인사업자가 혜택을 받을 수 있을 것으로 기대된다""며 ""취약계층을 위한 다양한...",http://www.bizwnews.com/news/articleView.html?idxno=136176,1,0.75,rule_keep_score_ge_6_with_hard_match,0.638545,0,pseudo_keep_model_drop,keep,rule_keep_score_ge_threshold,6,은행,대출;연체,
2026-05-14,"[바이오 디코드] 브렉소젠 심근경색 엑소좀 신약, 美 FDA 임상 1상 착수","복수의 임상 파이프라인 확보는 신약 플랫폼 기술의 확장성과 임상 개발 역량을 증명하는 핵심 지표인 만큼, 이번 성과는  브렉소젠의 코스닥 상장(IPO) 과정에서 근거로 활용될 전망이다. 심장 보호 줄기세포 유래...",https://www.smarttoday.co.kr/ko-kr/articles/107463,1,0.75,rule_keep_score_ge_6_with_hard_match,0.638572,0,pseudo_keep_model_drop,keep,rule_keep_score_ge_threshold,6,ipo,코스닥,
2026-05-13,노이버거 베르만 손잡은 리플… 월가 자금 XRP로 왜 몰리나,"시장에서는 이러한 구조가 기존 암호화폐 거래소와 차별화되는 지점이라고 보고 있다. 단순 현물 거래를... 한 가상자산 업계 관계자는 ""전통 금융기관이 리플의 프라임 브로커리지 사업 모델에 자금을 공급했다는 점...",https://www.pinpointnews.co.kr/news/articleView.html?idxno=452166,1,0.75,rule_keep_score_ge_6_with_hard_match,0.638843,0,pseudo_keep_model_drop,keep,rule_keep_score_ge_threshold,7,가상자산;암호화폐,금융,
2026-05-12,"""돈 버는 AI가 진짜""…산업 특화 AI 기업 IPO 러시 [AI 클로즈업]","◆ 30조 몰린 마키나락스, AX IPO 시대 열다 오는 20일 코스닥 상장을 앞둔 마키나락스는 지난 수요예측에서 2427개 기관이 참여해 약 30조원의 주문을 끌어냈다. 경쟁률은 1196.1대 1, 의무보유 확약 비율은 78.2%로 코스닥...",https://www.ddaily.co.kr/page/view/2026051118010363147,1,0.75,rule_keep_score_ge_6_with_hard_match,0.638973,0,pseudo_keep_model_drop,keep,rule_keep_score_ge_threshold,6,ipo,코스닥,
2026-05-15,"약국 플랫폼 '바로팜' IPO 시동, KB인베 초기투자 성과 주목",코스닥 상장예비심사를 청구하면서 재무적투자자(FI)의 회수 기대감이 커지고 있다. 바로팜은 약국 플랫폼을 기반으로 건강기능식품과 더마 화장품 등으로 사업 영역을 넓히고 있다. 향후 상장 심사에서는 플랫폼...,https://www.newstopkorea.com/news/articleView.html?idxno=44953,1,0.75,rule_keep_score_ge_6_with_hard_match,0.639066,0,pseudo_keep_model_drop,keep,candidate_hybrid_gray_keep_rule_score_ge_threshold,6,ipo,코스닥,
2026-05-18,소액주주 동의 얼마나… MOM 새 기준 부상 [중복상장 예외허용 기준 ②...,"회사와 주관사가 대규모 위임장 확보에 나서야 하는 부담이 생길 수 있다. 거래소는 현장 의견을 반영해 세부 기준을 마련하겠다는 입장이다. 관련 업계 관계자는 ""금융당국, 한국거래소, 증권사 IPO 실무진간 협의를...",https://www.etoday.co.kr/news/view/2585216,1,0.75,rule_keep_score_ge_6_with_hard_match,0.639121,0,pseudo_keep_model_drop,keep,candidate_hybrid_gray_keep_rule_score_ge_threshold,7,증권사;ipo,,
2026-05-12,"유니트론텍, '아픈손가락' 지피아이 다시 떠안았다","FI 엑시트 현실화, 113억 규모 풋옵션 행사…장기 적자에 IPO 추진 차질 탓 코스닥 상장사 '유니트론텍'이 관계사 지피아이 지분을 대거 사들이게 됐다. 그간 지피아이에 적극적으로 투자했던 전략적투자자(SI) 및...",https://dealsite.co.kr/articles/161448,1,0.75,rule_keep_score_ge_6_with_hard_match,0.639368,0,pseudo_keep_model_drop,keep,rule_keep_score_ge_threshold,6,ipo,코스닥,
2026-05-14,"[VC펀드 줌인] 원익투자, 만기 앞둔 '2019 스타트업펀드'…수익률 담금질...",기업공개(IPO)까지 통상 10년 안팎이 걸린다는 점을 고려하면 벤처펀드 회수 성과 역시 이에 후행할 수밖에 없다는 분석이다. 포트폴리오 가운데서는 아이엠비디엑스가 비교적 빠르게 코스닥 상장에 성공했다. 2020년...,https://www.topdaily.kr/articles/110078,1,0.75,rule_keep_score_ge_6_with_hard_match,0.639691,0,pseudo_keep_model_drop,keep,rule_keep_score_ge_threshold,6,ipo,코스닥,
2026-05-21,메트로신문 5월21일자 한줄뉴스,▲여신금융협회 차기 회장 후보자 공모가 마무리되면서 7개월간 지연됐던 협회장 인선 작업이 본궤도에 올랐다. 기존 하마평에 없던 박경훈 전 우리금융캐피탈 사장이 공모하면서 '다크호스'로 떠올랐다. <자본시장...,http://www.metroseoul.co.kr/article/20260520500367,1,0.75,rule_keep_score_ge_6_with_hard_match,0.639753,0,pseudo_keep_model_drop,keep,candidate_hybrid_gray_keep_domain_score_ge_threshold,6,여신금융협회,,
2026-05-12,"[더벨]레메디, 삼수 끝 예심 통과…흑자전환, 거버넌스 정비 주목",소형 X-ray 기반 의료기기 기업 레메디가 세 번째 도전 만에 코스닥 기술특례상장 예비심사를 통과했다. 바이오·헬스케어 기업의 예비심사를 포함한 IPO 성과가 지지부진한 가운데 5년새 매출 3배 확대와 흑자...,https://www.thebell.co.kr/free/content/ArticleView.asp?key=202605102349579920106562,1,0.75,rule_keep_score_ge_6_with_hard_match,0.641498,0,pseudo_keep_model_drop,keep,rule_keep_score_ge_threshold,6,ipo,코스닥,
2026-05-16,"[포스트 IPO]③ 기술특례 성공사례 큐로셀, …1.5년 남은 규제벽",회사가 2023년 기술특례 방식으로 코스닥 시장에 상장하며 공모 자금 조달을 활용해 연구개발(R&D)에 속도가... 큐로셀은 상장 직후부터 국가신약개발사업단(KDDF)의 'K-블록버스터' 10개 후보군에 선정되며 정부 관계...,https://www.bloter.net/news/articleView.html?idxno=662488,1,0.75,rule_keep_score_ge_6_with_hard_match,0.642199,0,pseudo_keep_model_drop,keep,candidate_hybrid_gray_keep_rule_score_ge_threshold,6,ipo,코스닥,
2026-05-15,“연 2% 예금으론 답 없다”…급증하는 ‘포모 투자’에 빚투 경고음도...,"예금금리 매력 떨어지자 증시 대기자금 급증 MZ 넘어 노년층까지 ‘머니무브’ 확산 조짐 “빚투·FOMO... 미국은 연준 규제(Regulation T)와 금융산업규제국(FINRA) 규정이 결합된 다층적 증거금 체계, 높은 기관투자자 비중...",https://www.mk.co.kr/article/12047450,1,0.75,rule_keep_score_ge_6_with_hard_match,0.642329,0,pseudo_keep_model_drop,keep,candidate_hybrid_gray_keep_rule_score_ge_threshold,7,연준,금리;금융,
2026-05-21,"하나금융, 생산적 금융에 17.8조원 투입... 국가 전략 산업 육성 '가속'","하나금융그룹이 가계 대출 중심의 성장 모델에서 벗어나 혁신 산업에 자금을 집중 공급하는 '생산적 금융... 이날 행사에는 강성묵 하나금융그룹 부회장을 비롯해 하나은행, 하나증권 등 관계사 임원과 기업 금융...",https://www.pointe.co.kr/news/articleView.html?idxno=79663,1,0.75,rule_keep_score_ge_6_with_hard_match,0.642365,0,pseudo_keep_model_drop,keep,candidate_hybrid_gray_keep_domain_score_ge_threshold,6,생산적 금융,대출;금융,
2026-05-18,“웹3 시대 핵심은 '올인원 월렛'”…전북은행의 ‘크립토 뱅킹’ 구상...,"과거까지가 실험 단계였다면, 지금은 스테이블코인부터 시작해서 토큰증권(STO) 등 토큰화가 이뤄지고 있다. 이 같은 흐름에 맞춰 법정화폐 기반 금융에 온체인 기반 디지털자산 금융상품을 결합해 빠르게 제공하려고...",http://www.edaily.co.kr/news/newspath.asp?newsid=01810566645450232,1,0.75,rule_keep_score_ge_6_with_hard_match,0.642518,0,pseudo_keep_model_drop,keep,candidate_hybrid_gray_keep_rule_score_ge_threshold,6,토큰증권;sto,,
2026-05-12,[포스트 IPO]① 기술특례 법차손 규제 완화…복지부vs거래소 동상이몽,국내 제약바이오 기업들이 자금조달에 주로 활용하는 통로는 기술특례 방식의 코스닥시장 상장이다. 2005년 도입된 기술특례 상장은 신약창출에 수십년이 걸리는 산업이라는 점을 고려해 기술력을 가진 기업들이...,https://www.bloter.net/news/articleView.html?idxno=661890,1,0.75,rule_keep_score_ge_6_with_hard_match,0.642906,0,pseudo_keep_model_drop,keep,rule_keep_score_ge_threshold,6,ipo,코스닥,
2026-05-18,중기 부실 경고등...대기업 여윳돈은 150兆 돌파,17일 금융권에 따르면 5대 은행(KB국민·신한·하나·우리·NH농협)의 지난 4월 말 기준 전체 원화대출... 연체율 역시 비슷한 흐름을 보였다. 5대 은행의 4월 말 기준 전체 연체율은 0.44%로 전월 대비 0.03%포인트 상승했다....,http://www.fnnews.com/news/202605170856498670,1,0.75,rule_keep_score_ge_6_with_hard_match,0.643427,0,pseudo_keep_model_drop,keep,candidate_hybrid_gray_keep_rule_score_ge_threshold,7,은행,연체율;부실,
2026-05-15,"[포스트 IPO]② 루닛, 관리종목 리스크 사정권…흑전 목표시점 당겼다",이처럼 회사는 과거 상장으로 확보한 자금을 통해 외형성장을 이뤘으나 상장 이후 단 한차례도 흑자를 내지 못하면서 시장의 신뢰도를 높이지 못하고 있다. 실제 회사는 2022년 7월21일 코스닥 상장 당일 4만원대의...,https://www.bloter.net/news/articleView.html?idxno=662260,1,0.75,rule_keep_score_ge_6_with_hard_match,0.643754,0,pseudo_keep_model_drop,keep,candidate_hybrid_gray_keep_rule_score_ge_threshold,6,ipo,코스닥,
2026-05-15,"비트코인부터 리플까지 한 번에… CME, 지수 선물로 판 키운다",세계 최대 파생상품 거래소인 시카고상품거래소(CME) 그룹이 나스닥과 손잡고 암호화폐 지수 선물 상품을... CME 그룹의 가상자산 부문 책임자인 지오바니 비치오소(Giovanni Vicioso) 임원은 자사 암호화폐 제품군의 일일...,https://www.pinpointnews.co.kr/news/articleView.html?idxno=452867,1,0.75,rule_keep_score_ge_6_with_hard_match,0.643776,0,pseudo_keep_model_drop,keep,candidate_hybrid_gray_keep_rule_score_ge_threshold,6,가상자산;암호화폐,,
2026-05-15,"성주군, 18일부터 고유가 피해지원금 2차 신청 접수","성주군은 신청 과정에서 보이스피싱과 스미싱 피해 예방에도 주의를 당부했다. 군청과 카드사, 은행 등은 신청 관련 URL이 포함된 문자메시지를 발송하지 않는다고 설명했다. 군 관계자는 ""1차 미신청자 가운데 기초...",https://www.idaegu.co.kr/news/articleView.html?idxno=548079,1,0.75,rule_keep_score_ge_6_with_hard_match,0.644237,0,pseudo_keep_model_drop,keep,candidate_hybrid_gray_keep_rule_score_ge_threshold,6,은행;카드사,,
2026-05-19,순익 부풀리고 담보 관리 허술… 새마을금고 또 도마 위,새마을금고 일부 지점에서 당기순이익을 부풀리거나 부동산 관련 자산을 부적정하게 처리한 사실이... 이는 건전성 지표 악화에 영향을 주고 있다. 지난 4월 초부터 이달 14일까지 괴정2동·송탄·의령정암 등 21개...,https://biz.chosun.com/stock/finance/2026/05/18/LQ5DZQTG4BDPPAGL4PRRAOPXLM/?utm_source=naver&utm_medium=original&utm_campaign=biz,1,0.75,rule_keep_score_ge_6_with_hard_match,0.644355,0,pseudo_keep_model_drop,keep,candidate_hybrid_gray_keep_domain_score_ge_threshold,6,새마을금고,건전성,
2026-05-15,[더벨][빅웨이브로보틱스 IPO] 올해 외형 성장률 72% 제시…흑자 유지 목...,빅웨이브로보틱스가 상장 후 외형 성장 청사진을 제시했다. 구독형 서비스형 로봇(RaaS·Robot as a Service) 사업 확대를 기반으로 신규 수요처와 수주잔고를 늘리는 동시에 '제로 스탁(Zero-stock)' 정책으로 재고 부담은...,https://www.thebell.co.kr/free/content/ArticleView.asp?key=202605122005048080104689,1,0.75,rule_keep_score_ge_6_with_hard_match,0.644444,0,pseudo_keep_model_drop,keep,candidate_hybrid_gray_keep_rule_score_ge_threshold,7,ipo;sto,,
2026-05-20,주식·예금도 '토큰'으로···미·한 금융시장 뒤흔든 '디지털 자산화'...,SEC는 제삼자 토큰주식을 허용하더라도 전통 증권거래소나 중앙화 가상자산 거래소가 아니라 탈중앙화 금융(디파이) 플랫폼에서만 거래하도록 하는 방안을 검토 중인 것으로 알려졌다. 24시간 거래와 즉시 결제라는...,http://www.enewstoday.co.kr/news/articleView.html?idxno=2430989,1,0.75,rule_keep_score_ge_6_with_hard_match,0.644739,0,pseudo_keep_model_drop,keep,candidate_hybrid_gray_keep_domain_score_ge_threshold,6,가상자산,주식;금융,
2026-05-15,[인터뷰] 지청일 삼진식품 부사장 “어묵을 넘어서야 진정한 글로벌로 ...,기업공개(IPO) 일반 청약 최고 경쟁률로 코스닥 시장에 입성한 국내 대표 어묵 기업 삼진식품 지청일... 삼진식품 박용준 대표는 얼마 전 상장을 해서 달라진 점을 묻는 말에 “모시고 싶었던 인재를 모실 수 있어서 좋다”...,https://www.busan.com/view/busan/view.php?code=2026051418011506173,1,0.75,rule_keep_score_ge_6_with_hard_match,0.645082,0,pseudo_keep_model_drop,keep,candidate_hybrid_gray_keep_rule_score_ge_threshold,6,ipo,코스닥,
2026-05-18,[오늘의 비트코인] 금리 부담에 ETF 자금 이탈…7만7000달러대 후퇴,미국 암호화폐 거래소 코인베이스에 따르면 18일 오전 8시 기준 비트코인 가격은 24시간 전보다 0.35... 한편 글로벌 가상자산 데이터 조사 업체 얼터너티브(Alternative)에서 집계하는 '공포 및 탐욕 지수'는 이날...,https://news.dealsitetv.com/articles/170522,1,0.75,rule_keep_score_ge_6_with_hard_match,0.645385,0,pseudo_keep_model_drop,keep,candidate_hybrid_gray_keep_rule_score_ge_threshold,7,가상자산;암호화폐,금리,
2026-05-13,"코스모로보틱스, 코스닥 데뷔 이틀 만에 5배 뛰었다","오주영 코스모로보틱스 대표는 전날 상장식에서 ""이번 IPO를 통해 웨어러블 로봇 분야의 글로벌 리더 기업으로 도약할 것""이라며 ""보행에 어려움을 겪는 모든 이들에게 새로운 삶을 제시하겠다는 회사의 첫 취지와...",https://www.ggilbo.com/news/articleView.html?idxno=1157564,1,0.75,rule_keep_score_ge_6_with_hard_match,0.645503,0,pseudo_keep_model_drop,keep,rule_keep_score_ge_threshold,6,ipo,코스닥,
2026-05-13,비트코인과 다른 길 간다… XRP '결제 코인' 존재감 확대,"자료에 따르면 거래 증가를 이끈 주요 참여자로는 글로벌 가상자산 거래소 비트스탬프를 비롯해 RLUSD, 저스토큰, 브라자은행, 버트캐피털 등이 언급됐다. 이 가운데 RLUSD는 리플이 추진 중인 스테이블코인 프로젝트와...",https://www.pinpointnews.co.kr/news/articleView.html?idxno=452228,1,0.75,rule_keep_score_ge_6_with_hard_match,0.645748,0,pseudo_keep_model_drop,keep,rule_keep_score_ge_threshold,6,은행;가상자산,,
2026-05-14,"베인캐피탈, 부동산·실물자산 투자 나선다…오크트리 출신 변희석 영입","주요 트랙레코드로 CJ 슈완스 공동 인수, ST유니타스 투자, 케이뱅크 프리IPO(상장 전 지분투자), 토스페이먼츠 리파이낸싱, 고려아연, 인스파이어 복합리조트 메자닌 투자 등이 꼽힌다. 베인캐피탈 SS는 경영권 거래 위주인...",https://www.hankyung.com/article/202605132297r,1,0.75,rule_keep_score_ge_6_with_hard_match,0.645851,0,pseudo_keep_model_drop,keep,rule_keep_score_ge_threshold,7,캐피탈;ipo,,
2026-05-16,저신용자 금리가 더 낮다?…은행 대출시장서 벌어진 ‘이상 현상’,통상 위험 기반 가격 책정(Risk-based pricing)에 따라 연체율 등 리스크가 높은 저신용자에게 그렇지 않은 고신용자 대비 높은 금리를 치르게 하는 것이 일반적이지만 ‘금리 역전’ 현상이 나타난 모습이다....,https://www.mk.co.kr/article/12049089,1,0.75,rule_keep_score_ge_6_with_hard_match,0.646450,0,pseudo_keep_model_drop,keep,candidate_hybrid_gray_keep_rule_score_ge_threshold,6,은행,금리;연체율,
2026-05-19,주담대 다시 껑충… 잡히지 않는 가계대출,시사위크=이미정 기자  은행권 가계대출 증가폭이 확대되고 있다. 기타대출은 감소세로 전환됐지만 주택담보대출(이하 주담대)이 다시 껑충 뛰었다. 정부가 가계부채 관리를 강화하고 있지만 뚜렷한 효과에 대해선...,https://www.sisaweek.com/news/articleView.html?idxno=235575,1,0.75,rule_keep_score_ge_6_with_hard_match,0.646577,0,pseudo_keep_model_drop,keep,candidate_hybrid_gray_keep_domain_score_ge_threshold,7,은행권;가계부채,,
2026-05-15,"日증시, AI·반도체주 차익 실현에 하락 마감…닛케이지수 0.98%↓",14일 일본 채권시장에서는 장기금리 지표가 되는 10년물 국채 금리가 한때 2.635%까지 상승하며 약 29년 만의 최고 수준을 기록했다. 금리 상승으로 주식의 상대적 고평가 부담도 의식되기 쉬워졌다.,https://www.newsis.com/view/NISX20260514_0003629908,1,0.75,rule_keep_score_ge_6_with_hard_match,0.646885,0,pseudo_keep_model_drop,keep,candidate_hybrid_gray_keep_rule_score_ge_threshold,7,국채,금리;주식;채권,
2026-05-13,"원·달러 환율 1,490원선 위협… 중동 불안에 유가·달러 동반 '급등'","중동발 지정학적 리스크가 다시 불을 지피면서 국내 금융시장이 크게 흔들렸다. 원·달러 환율은 한 달 만에 1,490원선을 위협했고, 외국인 투자자들이 유가증권시장에서 5조 원 넘는 매물을 쏟아내며 코스피는 하락...",https://www.fntoday.co.kr/news/articleView.html?idxno=384229,1,0.75,rule_keep_score_ge_6_with_hard_match,0.647287,0,pseudo_keep_model_drop,keep,rule_keep_score_ge_threshold,7,환율,코스피;달러;금융,
2026-05-15,"[현장] ""AI 도입했는데 ROI 저조?""...메가존클라우드가 제시한 '수익화 ...",이를 발판으로 기업공개(IPO)에도 속도를 내고 있다. 메가존클라우드는 지난 4월 1대149 무상증자를 단행해 자본금을 541억원으로 확대하는 등 코스피 상장 준비를 이어가고 있다. 염 대표는 이날 상장 일정과 관련해...,http://www.inews24.com/view/1968526,1,0.75,rule_keep_score_ge_6_with_hard_match,0.647531,0,pseudo_keep_model_drop,keep,candidate_hybrid_gray_keep_rule_score_ge_threshold,6,ipo,코스피,
2026-05-20,영끌·빚투에…가계빚 1천993조원 '역대 최대',가계신용은 가계가 은행·보험사·대부업체·공적 금융기관 등에서 받은 대출에 결제 전 카드 사용 금액(판매신용)까지 더한 '포괄적 가계 부채'를 말한다. 우리나라 가계신용은 2024년 2분기 이후 8개 분기 연속...,https://www.imaeil.com/page/view/2026051914335756228,1,0.75,rule_keep_score_ge_6_with_hard_match,0.647581,0,pseudo_keep_model_drop,keep,candidate_hybrid_gray_keep_domain_score_ge_threshold,6,은행;보험사,,
2026-05-21,"하나금융그룹, 'Hana One-IB 마켓 포럼' 개최…생산적 금융 지원 강화",이번 포럼은 가계 대출 중심의 성장에서 벗어나 혁신 산업에 자금을 공급하는 '생산적 금융'으로의 전환을 가속화하기 위해 마련됐다. 행사에는 강성묵 부회장을 비롯해 하나은행·하나증권·하나캐피탈...,http://www.queen.co.kr/news/articleView.html?idxno=457225,1,0.75,rule_keep_score_ge_6_with_hard_match,0.648304,0,pseudo_keep_model_drop,keep,candidate_hybrid_gray_keep_domain_score_ge_threshold,6,생산적 금융,대출;금융,
2026-05-20,"거래대금 '100조' 시대…증권사, 시중은행 수익도 노린다","한편, 여신 전문 금융사는 현대캐피탈 제외 시 상위 여전사의 자기자본이 2025년 말 기준 여전히 1~2조 원... 금융업권의 이익 규모는 일반적으로 운용자산에 비례한다. 운용자산 규모는 자본력 및 업권별 레버리지...",https://www.sisaon.co.kr/news/articleView.html?idxno=201205,1,0.75,rule_keep_score_ge_6_with_hard_match,0.648417,0,pseudo_keep_model_drop,keep,candidate_hybrid_gray_keep_domain_score_ge_threshold,7,시중은행;증권사,,
2026-05-15,"""비트코인 채굴·AI데이터센터 신사업 병행…컴퓨팅 파워 유연하게 배분...","-국내에서도 STO(토큰증권) 관련 입법이 이미 국회를 통과해 내년부터 본격적인 인허가가 시작될 것이고, 디지털자산기본법을 통해서 업권법이 정의되고 이제 원화 스테이블 코인이 곧 도입될 것이다. 이처럼 새롭게...",http://www.edaily.co.kr/news/newspath.asp?newsid=02423926645449248,1,0.75,rule_keep_score_ge_6_with_hard_match,0.648905,0,pseudo_keep_model_drop,keep,candidate_hybrid_gray_keep_rule_score_ge_threshold,7,토큰증권;sto,원화,
2026-05-14,"[시장의 맥]시티폰의 기억, 그리고 디지털 금융의 미래","토큰증권(STO) 또한 자본시장법 개정안 시행을 앞두고 있지만, 실질적인 비즈니스는 여전히 국내 금융사가 주도하는 닫힌 분산원장 위에서 부동산·미술품 등 비정형 자산의 소액 조각투자에 머무는 수준이다. 우리가...",https://view.asiae.co.kr/article/2026051210175155616,1,0.75,rule_keep_score_ge_6_with_hard_match,0.649597,0,pseudo_keep_model_drop,keep,rule_keep_score_ge_threshold,7,토큰증권;sto,금융,
2026-05-20,모텔서 불법 보이스피싱 중계기 운영한 일당 구속,경찰 관계자는 “불법 중계기 운영은 보이스피싱 피해를 발생시키는 중대범죄”라며 “고액 보수에 현혹돼 범행에 가담하지 않도록 주의해달라”고 말했다. [ 경기신문 / 인천 = 지우현 기자 ] 인천의 한 모텔에 설치된...,https://www.kgnews.co.kr/news/article.html?no=896432,review,0.00,review_mid_score_ambiguous,0.067886,0,review_model_strong_drop,drop,candidate_hybrid_model_drop_prob_le_threshold,4,보이스피싱,,
2026-05-20,"인천서부경찰서, 보이스피싱 중계소 유심칩 356개·와이파이 공유기 압...","인천서부경찰서 관계자는 ""불법 중계기 운영은 보이스피싱 피해를 유발하는 중대 범죄""라며 ""고액 아르바이트 제안에 현혹돼 범행에 가담하지 않도록 각별한 주의가 필요하다""고 당부했다. <사진=인천서부경찰서 제공>",https://www.ppss.kr/news/articleView.html?idxno=296450,review,0.00,review_mid_score_ambiguous,0.069170,0,review_model_strong_drop,drop,candidate_hybrid_model_drop_prob_le_threshold,4,보이스피싱,,
2026-05-20,숙박업소 장기 투숙하며 '보이스피싱 중계소' 구축 일당 경찰 구속,"서부경찰서 관계자는 ""불법 중계소 운영은 보이스피싱 사기 피해를 직접적으로 양산하는 중대 범죄""라며 ""고액 보장이라는 달콤한 유혹에 현혹되어 자신도 모르게 범행에 가담해 형사 처벌을 받는 일이 없도록 각별히...",https://www.kihoilbo.co.kr/news/articleView.html?idxno=3023219,review,0.00,review_mid_score_ambiguous,0.076714,0,review_model_strong_drop,drop,candidate_hybrid_model_drop_prob_le_threshold,4,보이스피싱,,
2026-05-21,보이스피싱 가담으로 형사 처벌 대상 됐다면,일자리가 마땅치 않은 청년들과 주부들이 보이스피싱 범죄에 연루되는 경우가 많아지고 있다. 보이스피싱... 수사기관은 피의자를 단순한 피해자가 아닌 '범행을 묵인한 공범'으로 보고 수사를 개시하므로 초기 진술에서...,https://www.gokorea.kr/news/articleView.html?idxno=867060,review,0.00,review_mid_score_ambiguous,0.088107,0,review_model_strong_drop,drop,candidate_hybrid_model_drop_prob_le_threshold,4,보이스피싱,,
2026-05-14,"대한노인회 의왕시지회·NH농협은행 의왕시지부, 보이스피싱 피해 예방...","기호일보, KIHOILBO 대한노인회 의왕시지회와 NH농협은행 의왕시지부가 손을 맞잡고 어르신들의 보이스피싱 피해 예방에 적극 나서기로 했다. 대한노인회 의왕시지회와 NH농협은행 의왕시지부가 지역 노인들의 보이스피싱...",https://www.kihoilbo.co.kr/news/articleView.html?idxno=3022622,review,0.00,review_mid_score_ambiguous,0.092595,0,review_model_strong_drop,drop,rule_drop_score_lt_threshold,3,은행,,
2026-05-20,"""고수익 알바""에 보이스피싱 중계소 운영한 20·30대 구속",보이스피싱 조직 상선에 대해서도 수사를 확대할 예정”라고 말했다. 이어 “불법 중계기 운영은 보이스피싱 피해를 일으키는 중대범죄”라며 “고액 보수에 현혹돼 범행에 가담하지 않도록 주의해달라”고 덧붙였다.,https://www.kyeonggi.com/article/20260519580095,review,0.00,review_mid_score_ambiguous,0.100364,0,review_model_strong_drop,drop,candidate_hybrid_model_drop_prob_le_threshold,4,보이스피싱,,
2026-05-19,1억 원 보이스피싱 피해 직전 경찰이 막아,서귀포경찰서는 지난 14일 오후 2시 반쯤 보이스피싱 조직에 1억 원을 송금하려던 70대 남성을 설득해 피해를 막았다고 밝혔습니다. 경찰은 당시 이 남성이 기관 사칭형 보이스피싱 전화에 속아 악성 앱 등을 설치해 모든...,https://news.kbs.co.kr/news/pc/view/view.do?ncd=8563565&ref=A,review,0.00,review_mid_score_ambiguous,0.100673,0,review_model_strong_drop,drop,candidate_hybrid_model_drop_prob_le_threshold,4,보이스피싱,,
2026-05-20,"대구경북양돈농협 상인지점, 보이스피싱 피해 예방 기여",대구경북양돈농협(조합장 이상용) 상인지점 서연실 팀장이 15일 고객의 보이스피싱 피해를 예방한 공로를 인정받아 대구달서경찰서로부터 감사장을 받았다. 대구경북양돈농협에 따르면 4월9일 고객 A씨가 상인지점을...,https://www.nongmin.com/article/20260519500078,review,0.00,review_mid_score_ambiguous,0.101961,0,review_model_strong_drop,drop,candidate_hybrid_model_drop_prob_le_threshold,4,보이스피싱,,
2026-05-20,"""고수익 아르바이트"" 현혹돼 보이스피싱 가담 2명 구속","보이스피싱으로 피해자가 발생했는지 여부도 확인하고 있다. 경찰 관계자는 ""불법 중계기 운영은 보이스피싱 피해를 발생시키는 중대범죄""라며 ""고액 보수에 현혹돼 범행에 가담하지 않도록 주의해 달라""고 말했다．",https://www.newsis.com/view/NISX20260519_0003635226,review,0.00,review_mid_score_ambiguous,0.106746,0,review_model_strong_drop,drop,candidate_hybrid_model_drop_prob_le_threshold,4,보이스피싱,,
2026-05-20,“고수익 알바의 실체”…모텔서 대포폰 105대 운영한 보이스피싱 일당...,경찰 관계자는 “불법 중계기 운영은 보이스피싱 피해를 발생시키는 중대한 범죄”라며 “고액 아르바이트 제안에 현혹돼 범행에 가담하지 않도록 각별한 주의가 필요하다”고 당부했다. 현행 전기통신사업법에 따르면...,https://www.viva100.com/article/20260519500366,review,0.00,review_mid_score_ambiguous,0.111642,0,review_model_strong_drop,drop,candidate_hybrid_model_drop_prob_le_threshold,4,보이스피싱,,
2026-05-20,수상한 거래 눈치챈 은행원…1억3000만 원 보이스피싱 막았다,"군포경찰서, 추가 피해 예방 공로 감사장·포상금 전달 군포경찰서가 기관사칭 보이스피싱 피해를 막은 은행원에게 감사장과 포상금을 전달했다. 군포경찰서는 19일 군포시 소재 신한은행에서 보이스피싱 피해자의 추가...",https://www.kgnews.co.kr/news/article.html?no=896416,review,0.00,review_mid_score_ambiguous,0.116975,0,review_model_strong_drop,drop,candidate_hybrid_model_drop_prob_le_threshold,4,보이스피싱,,
2026-05-14,"NH농협은행 대곡지점, 보이스피싱 예방 공로 달서경찰에 감사장 받아",특히 농협은행 대구본부는 금융취약계층 보호와 피해 구제를 위해 ‘보이스피싱 보상보험’ 가입을 무료 지원하는 등 금융 안전망 구축에 힘쓰고 있다. 이준희 NH농협은행 대곡지점장은 “앞으로도 고객의 소중한...,https://www.kbmaeil.com/article/20260513500454,review,0.00,review_mid_score_ambiguous,0.128797,0,review_model_strong_drop,keep,rule_keep_score_ge_threshold,4,은행,금융,
2026-05-21,中 보이스피싱 조직과 손잡고 테더로 1170억 범죄수익 '세탁',"대부분 보이스피싱, 투자사기, 투자리딩사기로 인한 피해금인 것으로 확인됐다. A조직은 B조직에 대포통장만 공급하다가 지난해 3월부터 A조직이 하부 조직원을 중국으로 파견하며 협업을 시작했다. A조직원이 피싱 및...",https://www.hankyung.com/article/2026052097621,review,0.00,review_mid_score_ambiguous,0.133126,0,review_model_strong_drop,drop,candidate_hybrid_model_drop_prob_le_threshold,4,보이스피싱,,
2026-05-21,"인천지역 보이스피싱 피해 ‘급감’…인천경찰, 7천억원대 국제 자금세...","올해 인천지역 보이스피싱 피해액은 여전히 100억 원을 넘어섰으며, 범죄 수법도 피해자를 심리적으로 고립시키는 ‘셀프 감금’ 형태로 진화하고 있다. 또한, 공공기관이나 관공서를 사칭해 대리 구매를 유도하는...",https://www.viva100.com/article/20260520500325,review,0.00,review_mid_score_ambiguous,0.134390,0,review_model_strong_drop,drop,candidate_hybrid_model_drop_prob_le_threshold,4,보이스피싱,,
2026-05-19,"속초경찰서, 보이스피싱 막은 택시기사에 감사장 전달",피해자가 심하게 당황한 모습을 보이자 보이스피싱 피해를 의심한 것이다. A씨는 피해자에게 상황을 물었으나 피해자가 황급히 전화를 끊으며 별일이 아니라고 부인하자 즉시 112에 신고했다. 이후 경찰이 도착할 때까지...,https://www.jeonmae.co.kr/news/articleView.html?idxno=1257410,review,0.00,review_mid_score_ambiguous,0.135188,0,review_model_strong_drop,drop,candidate_hybrid_model_drop_prob_le_threshold,4,보이스피싱,,
2026-05-21,"""의심스러운 전화는 끊자""…인천서 보이스피싱 252건, 작년보다 44%↓","하지만 보이스피싱 피해 규모가 110억원에 달해 여전히 높은 수준이고, 최근에는 가스라이팅을 통해 피해자의 이성적인 판단을 흐리게 하는 이른바 '셀프감금'과 같은 범행 수법이 갈수록 교묘해지고 지능화하고 있다....",https://view.asiae.co.kr/article/2026052012361938316,review,0.00,review_mid_score_ambiguous,0.140127,0,review_model_strong_drop,drop,candidate_hybrid_model_drop_prob_le_threshold,4,보이스피싱,,
2026-05-21,1∼4월 인천서 보이스피싱 252건…작년보다 44% 줄어,"또 보이스피싱 범죄 피해액은 112억 원으로, 지난해보다 45.9% 줄어든 것으로 집계됐습니다. 인천경찰청은 점조직 형태로 진화하는 보이스피싱 범죄를 근절하기 위해 광역범죄수사대와 경찰서에서 전담팀을 운영하면서...",https://news.skbroadband.com/news/articleView.html?idxno=227498,review,0.00,review_mid_score_ambiguous,0.143210,0,review_model_strong_drop,drop,candidate_hybrid_model_drop_prob_le_threshold,4,보이스피싱,,
2026-05-21,순천 해룡파출소·해룡농협 공조 빛났다…보이스피싱 2000만원 피해 막아,"신고를 받고 출동한 경찰관들은 기 씨와 면담을 진행한 뒤 보이스피싱 범죄임을 확인하고, 곧바로 계좌 지급정지 조치와 추가 피해 예방 활동에 나섰다. 농협의 신고와 경찰의 신속한 대응으로 실제 금전 피해는 발생하지...",https://www.polinews.co.kr/news/articleView.html?idxno=731720,review,0.00,review_mid_score_ambiguous,0.149568,0,review_model_strong_drop,drop,candidate_hybrid_model_drop_prob_le_threshold,4,보이스피싱,,
2026-05-21,"취임 앞둔 워시 연준 의장, 국채금리 급등에 '진퇴양난'",금리인하론 지지하다 인플레·채권시장 역풍 직면 인하 압박하는 백악관 vs 동결 고수하는 연준 위원들 사이 끼어 케빈 워시 미 연방준비제도(연준) 의장 내정자가 취임을 앞둔 가운데 국채 금리 급등세가 새 수장의 앞길을...,https://www.yna.co.kr/view/AKR20260520066400009?input=1195m,review,0.00,review_generic_macro_only,0.927335,1,review_model_strong_keep,drop,candidate_hybrid_drop_generic_market_or_ipo_noise,13,연준;국채;국채금리,금리,
2026-05-19,"금리 내린다했는데…케빈 워시, 취임하자마자 '인플레·유가·매파' 삼중...","하지만 최근 연준 내부 분위기는 오히려 긴축 쪽으로 기울고 있다. 지난 4월 연방공개시장위원회(FOMC) 회의에서는 기준금리 동결 결정 속에서도 4명의 위원이 반대표를 던졌다. 이 가운데 3명은 ""추가 금리 인상 가능성도...",https://www.ebn.co.kr/news/articleView.html?idxno=1709275,review,0.00,review_generic_macro_only,0.898214,1,review_model_strong_keep,drop,candidate_hybrid_drop_generic_market_or_ipo_noise,9,연준;기준금리,금리,
2026-05-18,아시아 주요 가상자산 소식…하나은행 두나무 지분 매입 등,"우블록체인은 17일 아시아 주요 가상자산 소식으로 모스크바거래소의 24시간 가상자산 거래 검토, 하나은행의 두나무 지분 매입, 앱토스의 원화 연동 스테이블코인 출시, 베트남의 공식 가상자산 시장 추진, 일본의 신규...",https://www.tokenpost.kr/news/breaking/360574,review,0.00,review_mid_score_ambiguous,0.860854,1,review_model_strong_keep,keep,candidate_hybrid_gray_keep_rule_score_ge_threshold,4,가상자산,원화,
2026-05-16,"하나금융, 두나무에 1조 투자…업무제휴 넘어 전략적 지분확보로 '원화...",하나금융그룹이 국내 최대 가상자산 거래소 업비트 운영사인 두나무 지분 약 1조원 규모를 인수했다. 국내 시중은행이 가상자산 기업에 단행한 투자 가운데 최대 규모다. 이에 앞서 이 그룹은 두나무의 블록체인...,https://www.goodkyung.com/news/articleView.html?idxno=287004,review,0.00,review_mid_score_ambiguous,0.854599,1,review_model_strong_keep,keep,candidate_hybrid_gray_keep_rule_score_ge_threshold,4,가상자산,원화,
2026-05-19,하나·한투·미래까지… 가상자산 거래소-금융권 손잡는 이유,원화 스테이블코인과 토큰증권(STO) 등 디지털자산 시장의 성장 가능성이 부각되면서 거래소를 단순 매매 플랫폼이 아닌 미래 금융 인프라로서 선점하려는 움직임이 본격화하는 분위기다. 19일 가상자산 업계에 따르면...,https://it.chosun.com/news/articleView.html?idxno=2023092162313,review,0.00,review_no_conservative_rule_matched,0.850611,1,review_model_strong_keep,drop,candidate_hybrid_drop_generic_market_or_ipo_noise,11,가상자산;토큰증권;sto,원화;금융,
