date,title,summary,url,auto_label,auto_label_confidence,auto_label_reason,model_prob,model_pred,disagreement_type,decision,decision_reason,relevance_score,matched_hard,matched_soft,matched_negative
2026-09-10,"지역금융 강점의 역설…NH농협은행, 가계·기업 연체율 5대銀 중 '최대'","9일 금융권에 따르면 농협은행의 올해 2분기 말 가계대출 연체율은 0.48%로 5대 은행 가운데 가장 높았다. KB국민은행은 0.27%, 신한은행 0.25%, 하나은행 0.32%, 우리은행 0.31%였다. 농협은행의 가계대출 연체율은 지난해 말...",https://news.tf.co.kr/read/economy/2363736.htm,1,0.95,strong_keep_bank_consumer_credit,0.258184,0,pseudo_keep_model_drop,drop,candidate_hybrid_model_drop_prob_le_threshold,7,은행;연체율,,
2026-09-10,도수치료 청구액 78% 급감…실손보험료 인하로 이어질까,"보험업계 한 관계자는 ""도수치료 관리급여 시행 뒤 기존 실손보험의 보험료를 즉시 인하하거나 이미 낸 보험료를 돌려주는 방안은 올해 금융위원회 발표 내용에 포함되지 않았다""고 설명했다. [스트레이트뉴스 ]",https://www.straightnews.co.kr/news/articleView.html?idxno=310745,1,0.95,strong_keep_regulatory_action,0.291573,0,pseudo_keep_model_drop,keep,candidate_hybrid_keep_strong_domain_rule_anchor,15,금융위원회;금융위;보험업계,,
2026-09-09,은행 주담대 연체 120% 급증…전북은행은 반년 새 5배,"은행별로는 NH농협은행의 연체 규모가 가장 컸다. 지난 6월 말 농협은행의 주담대 연체 잔액은 5117억원으로 2022년 말 1346억원보다 3.8배 늘었다. 이어 KB국민은행 3680억원, 우리은행 3419억원, 하나은행 3026억원...",https://www.ddaily.co.kr/page/view/2026090814200529642,1,0.95,strong_keep_bank_consumer_credit,0.308194,0,pseudo_keep_model_drop,drop,candidate_hybrid_gray_drop_score_lt_threshold,5,은행,연체,
2026-09-02,충북도 소상공인 상생보험 시행...보험료 전액 지원,대부업 대출은 제외된다. 가입자가 사망하거나 암·뇌출혈·급성심근경색 등 3대 중증질환을 진단받을 경우 최소 100만원에서 최대 1000만원을 보험금으로 대신 갚아준다. 가입은 전담센터 문의 또는 홍보물 등에 안내된...,https://www.seoul.co.kr/news/society/2026/09/01/20260901500083?wlog_tag3=naver,1,0.95,strong_keep_lending_consumer_protection,0.312489,0,pseudo_keep_model_drop,drop,candidate_hybrid_model_drop_prob_le_threshold,6,대부업,보험료,
2026-09-09,"5세대 실손부터 부당승환까지…보험업계, 국감 ‘전운’",다만 과거 4세대 실손 전환 당시에도 보험료 할인에도 불구하고 전환이 기대에 미치지 못했던 만큼 가격 유인만으로 전환을 대폭 늘리기는 쉽지 않을 것이란 전망이 나온다. 실손보험 청구 전산화는 의료기관 참여와...,https://www.dailian.co.kr/news/view/1687876/?sc=Naver,1,0.95,strong_keep_insurance_risk,0.321841,0,pseudo_keep_model_drop,drop,candidate_hybrid_model_drop_prob_le_threshold,5,보험업계,보험료;실손,
2026-09-11,[오늘의 신문] 유가 100달러 돌파·AI 전력망 호황…청년고용·전셋값은...,산업 전환이 청년의 직무·교육·취업 기회로 연결되는지가 과제다.《금 융》예금금리 3%대…주식에서 은행... ‘빚투’는 줄고 주담대는 증가8월 가계대출 증가폭은 줄었지만 주택담보대출은 늘었다. 신용대출 등...,http://kor.theasian.asia/archives/415170,1,0.95,strong_keep_bank_consumer_credit,0.329628,0,pseudo_keep_model_drop,drop,candidate_hybrid_gray_drop_score_lt_threshold,3,은행,,
2026-09-14,“4달 동안 수입 없었다”… 당국 총량 관리에 대출모집인 생계 불똥,주요 은행 가계대출 중 대출모집인을 거쳐 접수되는 물량은 전체의 절반 이상에 이르는 것으로 전해졌다. 디지털 전환으로 영업점 수를 줄이는 과정에서 매출 공백을 대출모집인이 메워 온 것이다. 신한은행은 지난해 말...,https://www.kmib.co.kr/article/view.asp?arcid=9000011660&cp=nv,1,0.95,strong_keep_bank_consumer_credit,0.361823,0,pseudo_keep_model_drop,drop,candidate_hybrid_gray_drop_score_lt_threshold,3,은행,,
2026-09-02,충북도 소상공인 상생보험 지원,"대부업 대출은 제외된다. 가입자 사망, 암·뇌출혈·급성심근경색 등 3대 중증질환 진단 시 대출잔액 범위에서 100만~1000만원의 보험금으로 대출금을 상환해 준다. 전담센터 문의 또는 홍보물 등에 안내된 QR코드를 통해...",http://www.cctimes.kr/news/articleView.html?idxno=924894,1,0.95,strong_keep_lending_consumer_protection,0.390454,0,pseudo_keep_model_drop,drop,candidate_hybrid_model_drop_prob_le_threshold,5,대부업,,
2026-09-08,"교보라플, 소상공인 '무료 상생보험' 지원…대출 빚 대행","지원 대상은 해당 지자체에서 사업장을 운영하는 소상공인(대부업 제외)이며 가입 후 1년 동안 보험료를 내지 않고 무료로 보장받는다. 교보라플 김영석 대표이사는 ""이번 사업은 일회성 지원을 넘어 디지털 생보사 본연의...",https://www.pointdaily.co.kr/news/articleView.html?idxno=318264,1,0.95,strong_keep_lending_consumer_protection,0.392623,0,pseudo_keep_model_drop,keep,candidate_hybrid_keep_strong_domain_rule_anchor,9,생보사;대부업,대출,
2026-09-08,"교보라이프플래닛, 충북·제주 소상공인 위한 신용생명보험 출시","이 상품은 해당 지역에서 사업장을 운영 중인 소상공인(대부업 제외)이 가입 대상이며, 가입 후 1년 동안은 보험료 없이 보장을 받을 수 있다. 일반암·뇌출혈·급성심근경색 등 3대 질병 진단을 받으면 최대 1000만원까지...",https://www.khan.co.kr/article/202609071536001,1,0.95,strong_keep_lending_consumer_protection,0.397604,0,pseudo_keep_model_drop,keep,candidate_hybrid_keep_strong_domain_rule_anchor,9,생명보험;대부업,보험료,
2026-09-08,"2026 금융 국감 돋보기③ 보험업계, 5세대 실손 부진·전산화 지지부진...","5세대 실손, 첫 달 전환율 0.1% 금융위원회는 지난 5월 6일 보험료를 낮추고 중증질환 보장을 강화한 5세대 실손의료보험을 출시했다. 급여 통원 진료는 건강보험 본인부담률과 연동해 정책 효과를 높이고, 중증...",http://www.dailypop.kr/news/articleView.html?idxno=102276,1,0.95,strong_keep_insurance_risk,0.404587,0,pseudo_keep_model_drop,keep,candidate_hybrid_keep_strong_domain_rule_anchor,17,금융위원회;금융위;보험업계,실손;금융,
2026-09-11,보험업계 국감 3대 쟁점은 '5세대 실손·1200%룰·페이백',가장 먼저 주목받을 것으로 보이는 '5세대 실손보험'은 이전 세대보다 보험료가 저렴하다. 하지만 자기부담률이 높고 도수치료 등 비급여 항목이 제한돼 이전 세대에서 갈아탈 여지가 적다는 평가를 받는다. 실제로...,https://www.asiaa.co.kr/news/articleView.html?idxno=261933,1,0.95,strong_keep_insurance_risk,0.407303,0,pseudo_keep_model_drop,drop,candidate_hybrid_gray_drop_score_lt_threshold,4,보험업계,실손,
2026-09-02,'캐시백 15%'로 돌아온 온통대전…추석 소비 살린다,"취약계층과 전통시장, 청년 창업 가맹점 등에는 추가 혜택을 제공해 시민 소비를 지역 상권 매출로... 주요 카드사 포인트를 온통대전으로 바꿀 수도 있다. 소상공인의 결제 수수료 부담을 낮추는 QR코드 간편결제와...",https://www.daejonilbo.com/news/articleView.html?idxno=2298178,1,0.95,strong_keep_card_credit,0.408204,0,pseudo_keep_model_drop,drop,candidate_hybrid_gray_drop_score_lt_threshold,5,카드사,수수료;가맹점,
2026-09-08,"[보험·카드24시] 롯데카드, 베트남법인 종합금융사 최초 승인 外","지원 대상은 충북과 제주에서 사업장을 운영 중인 소상공인(대부업 제외)이며, 가입 후 1년 동안 보험료 부담 없이 무료로 보장받는다. ◆DB손보, 금융권 최초 국가품질혁신경진대회 10년 연속 수상 DB손해보험이 제52회...",https://news.dealsitetv.com/articles/175704,1,0.95,strong_keep_lending_consumer_protection,0.415033,0,pseudo_keep_model_drop,keep,candidate_hybrid_keep_strong_domain_rule_anchor,9,손해보험;대부업,보험료,
2026-09-12,"[KB금융 차기 회장 인선] '대이변' 이재근, 최연소 행장 거쳐 지주 회장...",가계대출 규제와 국내 금융시장의 저성장 기조를 감안하면 은행 중심의 이익 성장만으로 지금과 같은 성장세를 지속하기 쉽지 않아서다. 특히 회추위가 이 부문장의 선정 배경으로 '미래 성장동력 확보'를 제시한...,https://dealsite.co.kr/articles/168912,1,0.95,strong_keep_bank_consumer_credit,0.415542,0,pseudo_keep_model_drop,keep,candidate_hybrid_gray_keep_domain_score_ge_threshold,7,은행;국내 금융시장,,
2026-09-09,은행 주담대 21% 늘 때 연체 120% '껑충'…부실 경고음 커졌다,"은행권의 부실 대출이 빠르게 쌓이는 가운데, 특히 NH농협은행의 연체액은 처음으로 5000억원을 넘어서고 전북은행의 연체율은 0.95%까지 치솟았다. 8일 국회 정무위원회 소속 국민의힘 박성훈 국회의원(부산...",https://www.getnews.co.kr/news/articleView.html?idxno=880151,1,0.95,strong_keep_bank_consumer_credit,0.417122,0,pseudo_keep_model_drop,keep,candidate_hybrid_model_keep_prob_ge_threshold_with_domain_anchor,7,은행,연체;부실,
2026-09-02,"충북도, 소상공인 고충 해결 앞장선다",대부업 대출은 제외된다. 가입자가 사망하거나 암·뇌출혈·급성심근경색 등 3대 중증질환을 진단받을 경우 대출잔액 범위에서 최소 100만원에서 최대 1000만 원의 보험금으로 대출금을 상환하도록 한다....,https://www.sedaily.com/article/20085586?ref=naver,1,0.95,strong_keep_lending_consumer_protection,0.420330,0,pseudo_keep_model_drop,drop,candidate_hybrid_model_drop_prob_le_threshold,5,대부업,,
2026-09-19,[보험·카드 라운지] 금융상품도 상황 따라 골라 쓴다…'상황별 금융' 확...,"신한카드는 신한금융그룹의 은행·증권 통합계좌인 'SOL LINK(쏠 링크) 계좌' 전용 체크카드 'SOL LINK 신한카드... 사업자 신용점수와 대출, 카드 사용액, 연체 이력 등을 한눈에 확인하고 대출 신청 전 상품의 승인 가능성도...",https://www.shinailbo.co.kr/news/articleView.html?idxno=5063772,1,0.95,strong_keep_bank_consumer_credit,0.430173,0,pseudo_keep_model_drop,drop,candidate_hybrid_gray_drop_generic_anchor_only,7,은행,대출;연체;금융,
2026-09-15,"급전 필요한 서민들… 마통, 7개월 새 6조원 폭증",정부의 가계대출 관리 기조로 은행 문턱이 높아지자 한도 내에서 언제든 빼 쓸 수 있는 마이너스 통장과 소득을 따지지 않는 생활안정대출로 수요가 몰린 것으로 풀이된다. 은행권 마이너스통장 대출 잔액이...,https://www.segye.com/newsView/20260914516034?OutUrl=naver,1,0.95,strong_keep_bank_consumer_credit,0.430856,0,pseudo_keep_model_drop,keep,candidate_hybrid_keep_strong_domain_rule_anchor,8,은행;은행권,대출,
2026-09-11,[시험대 오른 카뱅人] 가계대출 다음은?…'성장·리스크' 짊어진 김석,같은 기간 전체 여신잔액이 48조2000억원으로 8% 증가하는데 그친 것을 감안하면 가계대출 규제 속에서 개인사업자대출을 새로운 성장축으로 키워온 카카오뱅크의 전략이 수치로 나타나고 있는 셈이다. 이처럼 은행...,https://news.dealsitetv.com/articles/175744,1,0.95,strong_keep_bank_consumer_credit,0.434840,0,pseudo_keep_model_drop,drop,candidate_hybrid_model_drop_prob_le_threshold,3,은행,,
2026-09-07,AI 구독부터 마라톤까지… ‘취향 저격’하는 카드들,"후 수수료 없는 할부 전환 챗GPT를 구독하면 10%를 적립하고, 마라톤 대회 참가권을 사면 20%를 할인해 준다.... 카드사 입장에서는 고객이 자주 이용하는 영역에 혜택을 집중해 카드 사용을 늘릴 수 있고, 소비자도...",https://www.chosun.com/economy/market_trend/2026/09/07/P53JNAR2WJA4VKYIAONJESBS4I/?utm_source=naver&utm_medium=referral&utm_campaign=naver-news,1,0.95,strong_keep_card_credit,0.438950,0,pseudo_keep_model_drop,drop,candidate_hybrid_gray_drop_score_lt_threshold,4,카드사,수수료,
2026-09-09,"타행 우량차주 발굴부터 다르다…국민은행, 소매여신 전략 핵심은",국민은행의 6월 말 원화 가계대출은 184조4000억원으로 지난해 말보다 0.5% 증가하는 데 그쳤다. 같은 기간 기업대출은 200조7000억원으로 3.4% 늘었다. 2분기 은행 순이자마진(NIM)도 1.74%로 1분기 1.77%보다 0.03%p 낮아졌다. 반면...,https://www.bloter.net/news/articleView.html?idxno=673017,1,0.95,strong_keep_bank_consumer_credit,0.445193,0,pseudo_keep_model_drop,drop,candidate_hybrid_gray_drop_score_lt_threshold,4,은행,원화,
2026-09-16,[오늘뭐했니?] 신한금융·신한은행·신한투자증권,"신한금융그룹이 지난 14일부터 한 달간 금융위원회·금융감독원·경찰청과 함께 노쇼사기 피해 예방 및... 절차와 제도 개선으로 연결하고 있다. 또한 스마트 혁신점포 지원, 모바일 화상상담, 홈뱅크 등 비대면 상담...",http://www.financialreview.co.kr/news/articleView.html?idxno=44873,1,0.95,strong_keep_regulatory_action,0.446900,0,pseudo_keep_model_drop,keep,candidate_hybrid_keep_strong_domain_rule_anchor,18,금융감독원;금융위원회;금융위,,
2026-09-08,"교보라이프플래닛, 소상공인 신용보험 출시","지원 대상은 해당 지자체 내에서 사업장을 운영 중인 소상공인(대부업 제외)이며, 가입 후 1년 동안 보험료 부담 없이 무료로 보장받는다. 김영석 교보라이프플래닛생명 대표는 ""이번 사업은 일회성 지원을 넘어, 디지털...",http://www.bizwnews.com/news/articleView.html?idxno=145460,1,0.95,strong_keep_lending_consumer_protection,0.448488,0,pseudo_keep_model_drop,drop,candidate_hybrid_model_drop_prob_le_threshold,6,대부업,보험료,
2026-09-08,"""대출 잔액보다 속도 빠르다""…주담대 연체 '눈덩이'",NH농협 5000억 넘기며 최고치…지방 은행 연체율 경고등 은행별로 보면 올해 6월 말 주택담보대출 연체 잔액이 가장 많은 곳은 NH농협은행으로 5117억3000만원에 달했다. 이어 KB국민은행(3680억2000만원)...,https://www.jnilbo.com/news/articleView.html?idxno=90000063308,1,0.95,strong_keep_bank_consumer_credit,0.452960,0,pseudo_keep_model_drop,keep,candidate_hybrid_keep_strong_domain_rule_anchor,10,은행;연체율,대출;연체,
2026-09-08,'영끌' 한계 다다랐다…은행 주담대 연체 2년 반 만에 120% 급증,"농협은행 연체 잔액은 2022년 말 1346억1000만원, 2023년 말 2417억6000만원, 2024년 말 3822억2000만원, 작년 말 4434억3000만원으로 매년 확대됐다. 이어 KB국민은행(3680억2000만원), 우리은행(3419억6000만원), 하나은행...",https://www.newsquest.co.kr/news/articleView.html?idxno=300433,1,0.95,strong_keep_bank_consumer_credit,0.453952,0,pseudo_keep_model_drop,drop,candidate_hybrid_gray_drop_score_lt_threshold,5,은행,연체,
2026-09-04,"""8조 시장 잡아라""… 직구족 카드 쏟아내는 카드사","1%), 해외 서비스 수수료(0.2%) 100% 청구할인을 묶어 3.3%의 할인 혜택을 제공한다. 이어 KB국민카드는 지난 6월 연회비 3만원에 해외 가맹점 3.5% 무제한 할인을 제공하는 'KB 니드 글로벌 카드'를 선보였다. 현대카드...",https://www.mk.co.kr/article/12143647,1,0.95,strong_keep_card_credit,0.462525,0,pseudo_keep_model_drop,drop,candidate_hybrid_gray_drop_score_lt_threshold,5,카드사,수수료;가맹점,
2026-09-15,가계대출 조이자 갈 곳 잃은 대출모집인…오픈카톡 대기수요 모집,5대 은행 가계대출 6개월 만에 감소 14일 금융권에 따르면 지난 10일 기준 5대 은행(KB국민·신한·하나·우리·NH농협)의 가계대출 잔액은 780조9677억원으로 8월 말보다 1조1515억원 감소했습니다. 5대 은행의 가계대출 잔액이...,http://www.newstomato.com/ReadNews.aspx?no=1313578&inflow=N,1,0.95,strong_keep_bank_consumer_credit,0.462706,0,pseudo_keep_model_drop,drop,candidate_hybrid_gray_drop_score_lt_threshold,3,은행,,
2026-09-10,[은행 건전성 경고등] 주담대 21% 증가할 때 연체 120%↑…하반기 부실 ...,9일 금융당국과 금융권에 따르면 박성훈 국민의힘 의원이 금융감독원으로부터 제출받은 '국내은행... 연체율도 0.11%에서 0.28%로 상승했다. 3개월 이상 연체채권은 5000억 원에서 1조4000억 원으로 약 2.8배 증가했고 고정...,https://www.g-enews.com/view.php?ud=20260909145122842cd0bfacc1c_1,1,0.95,strong_keep_bank_consumer_credit,0.464096,0,pseudo_keep_model_drop,keep,candidate_hybrid_keep_strong_domain_rule_anchor,15,금융감독원;은행,연체;부실;건전성,
2026-09-12,"삼성화재, 보험·투자 동반 성장···다음 과제는 '자본 효율성'",| 스마트비즈 = 기하늘 기자 | 삼성화재가 상반기 보험과 투자 부문의 동반 성장에 힘입어 순이익을 10... 6월 말 기준 킥스 비율은 282.8%로 전년 말(262.9%)보다 19.9%포인트 높아졌다. 기본자본 킥스비율도 200%를 넘겼다....,https://www.smartbizn.com/news/articleView.html?idxno=153668,1,0.95,strong_keep_insurance_risk,0.466787,0,pseudo_keep_model_drop,drop,candidate_hybrid_gray_drop_score_lt_threshold,5,킥스,,
2026-09-11,"삼성화재, 상반기 소비자 관심도 선두… 손보사 온라인 정보량 5.15% 감소","현대해상은 실손·건강보험의 보장 범위와 보험료 대비 혜택 등을 비교한 소비자 게시물이 주요 사례로 제시됐다. 전체 순위는 DB손해보험 6만3364건, 한화손해보험 3만5155건, 메리츠화재 2만6481건, NH농협손해보험...",http://www.lawissue.co.kr/view.php?ud=20260910173142239607f28b58b8_12,1,0.95,strong_keep_insurance_risk,0.466956,0,pseudo_keep_model_drop,keep,candidate_hybrid_keep_strong_domain_rule_anchor,8,손해보험;손보사,보험료;실손,
2026-09-14,하나금융이 결손 자회사서 배당받는 법,"하나금융그룹이 하나손해보험으로부터 매년 170억원 규모의 배당을 받게 될 전망이다. 배당은 하나손보가... 지급여력비율(K-ICS, 킥스) 개선은 가능하지만, 자본의 질이나 내년 도입될 기본자본비율 규제 측면에서...",https://www.kbanker.co.kr/news/articleView.html?idxno=225904,1,0.95,strong_keep_insurance_risk,0.467863,0,pseudo_keep_model_drop,keep,candidate_hybrid_keep_strong_domain_rule_anchor,8,손해보험;킥스,,
2026-09-02,추석 민생에 1030억 할인 지원…소상공인 43조 자금 공급,"세부적으로는 햇살론 특례보증 4000억원, 햇살론 유스 500억원, 불법사금융예방대출 300억원 등이다.... 정부는 숙박·음식점 등의 바가지요금 단속도 강화한다. 가격표 게시·준수 의무를 위반할 경우 기존 1차 경고...",https://www.newspim.com/news/view/20260901000280,1,0.95,strong_keep_lending_consumer_protection,0.468062,0,pseudo_keep_model_drop,keep,candidate_hybrid_keep_strong_domain_rule_anchor,8,불법사금융,,
2026-09-21,대출 금리 우대 놓치지 않으려면...금감원 “급여정보 등록·표시 확인...,상실...대출잔액 즉시 상환 위험 변동금리·만기 연장 때 금리 재산정...신용관리도 중요 【 청년일보 】 은행... 가계대출의 경우 이자를 1개월간 연체하면 기한이익 상실 사유가 발생할 수 있다. 주택담보대출은 이자 연체...,https://www.youthdaily.co.kr/news/article.html?no=227371,1,0.95,strong_keep_bank_consumer_credit,0.469374,0,pseudo_keep_model_drop,keep,candidate_hybrid_keep_strong_domain_rule_anchor,13,금감원;은행,금리;대출;연체,
2026-09-20,은행 이자이익 늘었는데 순익은 뒷걸음···연체율·부실채권도 '경고...,"관리 강화로 안정적 수익원인 가계대출의 확대가 제한적이어서 국내은행은 기업대출 확대로 수익을 올려야 하지만 금리 상승 국면에서 기업대출의 리스크가 증가하고 있어 수익성을 낙관하기는 어렵다""고 설명했다.",https://www.sisajournal-e.com/news/articleView.html?idxno=423814,1,0.95,strong_keep_bank_consumer_credit,0.469412,0,pseudo_keep_model_drop,keep,candidate_hybrid_keep_strong_domain_rule_anchor,12,은행;부실채권;연체율,금리,
2026-09-11,"[신한은행 차기 리더십] 리딩뱅크 쥔 정상혁, 사상 첫 3연임 갈림길",아울러 은행 자기자본이익률(ROE)도 12.9%를 기록하며 같은 기간 0.62%포인트 상승했다. 금융시장 변동성과 가계대출 규제가 이어지는 상황에서도 수익성과 자본효율을 모두 지키며 연임 명분을 확보한 셈이다. 이에...,https://news.dealsitetv.com/articles/175696,1,0.95,strong_keep_bank_consumer_credit,0.470326,0,pseudo_keep_model_drop,drop,candidate_hybrid_model_drop_prob_le_threshold,3,은행,,
2026-09-08,"가계대출 증가…농협 11조, 신한 7.8조, 국민·우리 7.6조, 하나 7조","5대 은행 가계대출, 1년반 만에 41조↑ 박성훈 의원 ""청년·실수요자에 피해 돌아가"" 정부가 은행들의 대출을 옥죄고 있는데도 KB국민·신한·하나·우리·NH농협 5대 은행의 가계대출 잔액이 1년 6개월 만에...",https://www.taxtimes.co.kr/news/article.html?no=276735,1,0.95,strong_keep_bank_consumer_credit,0.474699,0,pseudo_keep_model_drop,drop,candidate_hybrid_gray_drop_score_lt_threshold,3,은행,,
2026-09-02,"[BS모닝] 5대 은행, 가계대출 3.1조원 증가…하나·신한銀, 대출모집인 ...",뉴시스 지난달 5대 시중은행의 가계대출이 3조원가량 증가한 것으로 나타났다. 8·13 부동산 대책 이후 잔금대출 등 집단대출이 확대됐기 때문이다. 2일 금융권에 따르면 KB국민·신한·하나·우리·NH농협은행 등 5대...,http://www.segyebiz.com/newsView/20260901518980?OutUrl=naver,1,0.95,strong_keep_bank_consumer_credit,0.477257,0,pseudo_keep_model_drop,keep,candidate_hybrid_gray_keep_domain_score_ge_threshold,7,은행;시중은행,,
2026-09-02,벽보 50원·명함 20원.. 불법 광고물 수거보상제 '쏠쏠',"시는 건설경기 불황과 주택분양시장 경쟁 심화 등으로 분양 현수막을 비롯한 대부업, 유흥주점 등 불법 광고물이 끊이지 않자 불법 광고물 정비반을 상시 운영하는 한편, 시민 참여를 통한 수거보상제도 연중 시행하고...",https://www.jibs.co.kr/news/articles/articlesDetail/65067?feed=na,1,0.95,strong_keep_lending_consumer_protection,0.480252,0,pseudo_keep_model_drop,drop,candidate_hybrid_gray_drop_score_lt_threshold,5,대부업,,
2026-09-09,"건전성 관리 강조했지만…전북·광주銀, 가계대출 목표 크게 웃돌아",금융당국이 가계대출 총량 관리를 강화하는 가운데 JB금융그룹 계열 전북은행과 광주은행의 가계대출이 올해 7월까지 당초 연간 관리목표를 크게 웃돈 것으로 나타났다. 두 은행 모두 연초 자산 포트폴리오와 건전성...,https://www.1conomynews.co.kr/news/articleView.html?idxno=50305,1,0.95,strong_keep_bank_consumer_credit,0.484633,0,pseudo_keep_model_drop,drop,candidate_hybrid_gray_drop_score_lt_threshold,5,은행,건전성,
2026-09-12,"금융당국, 계리가정 규제 신설… 금감원 보고서 제출 의무화","■ 실손보험·PF 규제도 정비… 국제회계기준 변경사항 반영 개정안에는 실손의료보험(실손보험) 상품설계... 비상위험에 대비해 당해 보험료 일부를 적립하는 취지를 반영해, 적립액은 당해연도 기초통계인...",https://www.insnews.co.kr/news/articleView.html?idxno=92766,1,0.95,strong_keep_regulatory_action,0.493238,0,pseudo_keep_model_drop,keep,candidate_hybrid_keep_strong_domain_rule_anchor,11,금감원;pf,보험료,
2026-09-09,건전성 유지에 11조 더 필요한데… 딜레마 빠진 4대 은행,김석기 한국금융연구원 선임연구위원은 “국내 은행 이익이 갑자기 엄청 많이 나서 보통주자본 비율이 커지지 않는 이상 필요한 자본 수준은 늘어나게 된다”면서도 “정부 가계대출 총량 규제로 은행의 기업대출이...,https://www.segye.com/newsView/20260908515363?OutUrl=naver,1,0.95,strong_keep_bank_consumer_credit,0.495853,0,pseudo_keep_model_drop,drop,candidate_hybrid_gray_drop_score_lt_threshold,5,은행,건전성,
2026-09-10,"그룹아이비 ""RaaS 몰락하자 독립형 랜섬웨어 조직 확산""","탈취한 데이터를 유형별로 분류하고 사이버 보험 관련 문서를 선별하는 것은 물론, 피해 기업의 보험 가입... 팀PCP가 트라이비(Trivy), 체크막스 킥스(Checkmarx KICS), 라이트LLM(LiteLLM) 등을 침해해 기업 네트워크 접근권한을...",https://www.datanet.co.kr/news/articleView.html?idxno=214349,1,0.95,strong_keep_insurance_risk,0.495887,0,pseudo_keep_model_drop,drop,candidate_hybrid_gray_drop_score_lt_threshold,5,킥스,,
2026-09-01,올 상반기 금리인하요구권 신청 77% 폭증…이자감면 효과는 ‘제자리’,"1%로 하락 기업대출 이자감면액은 15% 감소 서울 시내의 한 은행 대출창구에 금리인하요구권 안내문이... 가계대출에서는 신청과 수용, 이자감면액이 모두 늘었다. 신청 건수는 지난해 하반기 140만6000건에서 올해...",https://www.news2day.co.kr/article/20260831500183,1,0.95,strong_keep_bank_consumer_credit,0.500824,0,pseudo_keep_model_drop,drop,candidate_hybrid_gray_drop_score_lt_threshold,3,은행,,
2026-09-02,"금감원, 금융투자회사 광고 전면 손질…CCO 심의 참여·ETF 동영상도 규...",금감원과 금융투자협회는 1일 금융투자협회에서 '금융투자회사 광고업무 종합 개선안' 설명회를 열고 이... 제외되면서 회사별 심사 기준에 차이가 발생할 수 있다는 지적을 반영했다. 광고 위반에 대한 제재 기준도...,https://www.newspim.com/news/view/20260901000208,1,0.95,strong_keep_regulatory_action,0.509752,0,pseudo_keep_model_drop,keep,candidate_hybrid_keep_strong_domain_rule_anchor,9,금감원;제재,,
2026-09-18,목표 71% 채웠지만…새도약기금 대부업 벽에 막혀 10월 완료 ‘빨간불’,"하지만 대부업권과의 매입 가격 협상이 평행선을 달리면서, 당초 다음 달로 예정됐던 전체 채권 매입 완료... 은행은 61%, 카드사는 63.4%였으며 대부업권은 16.1%에 그쳤다. 대부업체 15곳은 아직 협약에 가입하지 않은...",https://www.viva100.com/article/20260917500507,1,0.95,strong_keep_lending_consumer_protection,0.510381,0,pseudo_keep_model_drop,keep,candidate_hybrid_gray_keep_domain_score_ge_threshold,7,대부업,채권,
2026-09-08,5대 은행 대출 여력 2000억…연말 '대출 절벽' 경고등,컨슈머타임스=김하은 기자 | 국내 시중은행의 가계대출이 이달 들어 1조원 넘게 감소했지만 연말 '대출 절벽' 우려는 오히려 커지고 있다. 정부가 가계대출 총량 증가 목표를 완화했음에도 이미 한도가 대부분 소진돼...,https://www.cstimes.com/news/articleView.html?idxno=719768,1,0.95,strong_keep_bank_consumer_credit,0.510919,0,pseudo_keep_model_drop,keep,candidate_hybrid_keep_strong_domain_rule_anchor,8,은행;시중은행,대출,
2026-09-10,가계 신용대출은 죽었는데...기업대출은 더 늘었다,"가계로 향하던 대출 수요가 한풀 꺾인 사이 기업으로 향하는 은행 자금은 오히려 늘었다. 가계대출 총량 관리가 강화되면서 개인의 신용대출이 감소세로 돌아선 반면, 기업대출은 증가폭을 키우면서 은행권의 자금...",https://www.asiaa.co.kr/news/articleView.html?idxno=261795,1,0.95,strong_keep_bank_consumer_credit,0.511157,0,pseudo_keep_model_drop,drop,candidate_hybrid_model_drop_prob_le_threshold,4,은행,대출,
2026-09-16,"은행 ‘고객 선별’…대출총량 줄자, 고소득 전문직 더 해줬다",신용대출 등 주택담보대출을 제외한 전체 은행권 가계대출 연체율은 올 6월 말 기준 0.77%다. 같은 달 전문직 대출 연체율은 0.21%로 3분의 1 이하 수준이다. 담보가 탄탄한 주담대 연체율(0.28%)과 비교해도 전문직 대출이...,https://www.joongang.co.kr/article/25462167,1,0.95,strong_keep_bank_consumer_credit,0.512123,0,pseudo_keep_model_drop,keep,candidate_hybrid_keep_strong_domain_rule_anchor,12,은행;은행권;연체율,대출,
2026-09-10,이익 쌓을 힘 부족한 중소형 보험사…기본자본 규제 앞 부담 커져,기본자본 킥스 비율은 보험사가 위험에 대비해 갖춰야 하는 요구자본 대비 기본자본의 비율이다. 전체 지급여력을 보여주는 킥스 비율과 달리 순자산 등 손실을 우선적으로 흡수할 수 있는 자본이 얼마나 충분한지를...,https://www.kukinews.com/article/view/kuk202609080193,1,0.95,strong_keep_insurance_risk,0.513297,0,pseudo_keep_model_drop,keep,candidate_hybrid_keep_strong_domain_rule_anchor,8,보험사;킥스,,
2026-09-02,"목돈 모으라고 월급 올려줬더니 '도박·빚투'... 군 장병들, 대부업 빚만...","군 복무 중 채무조정을 받은 장병 수가 연간 400명을 넘어서고, 대부업체로부터 대출받은 규모도 400억원을... 제도권 대부업체 대출 현황도 우려스러운 수준이다. 금융위에 등록된 상위 30개 금전대부업자의 군인대출...",https://www.insight.co.kr/news/571285,1,0.95,strong_keep_lending_consumer_protection,0.514459,0,pseudo_keep_model_drop,keep,candidate_hybrid_keep_strong_domain_rule_anchor,12,금융위;대부업,대출,
2026-09-17,[취재후일담] GDP가 앞당긴 가계부채 80%…숫자 밖에 남은 대출 문턱,"새 가구를 꾸리고 첫 집을 마련하기 위해 은행 문을 두드렸지만, 수차례 대출 창구에서 돌아서야 했던 실수요자들입니다. 80%라는 거시지표가 빠르게 가까워진 것과는 별개로, 같은 기간 이어진 강도 높은 가계대출...",https://www.asiatoday.co.kr/kn/view.php?key=20260916010006364,1,0.95,strong_keep_bank_consumer_credit,0.515498,0,pseudo_keep_model_drop,keep,candidate_hybrid_gray_keep_domain_score_ge_threshold,7,은행;가계부채,대출,
2026-09-18,"[이슈] 카드사, 본업 수수료 축소···카드론·할부·데이터로 반전 모...","연체율은 2.29%, 고정이하여신비율은 2.85%로 각각 지난해보다 0.18%포인트와 0.19%포인트 상승했다. 카드론 감소, 할부 수수료 증가 카드대출 잔액은 감소한 반면 할부 수수료 수익은 증가했다. 지난달 롯데·BC·삼성...",https://www.datasom.co.kr/news/articleView.html?idxno=210006,1,0.95,strong_keep_card_credit,0.516223,0,pseudo_keep_model_drop,keep,candidate_hybrid_keep_strong_domain_rule_anchor,9,카드사;카드론,수수료,
2026-09-13,[KB금융 세대교체] 이재근호 리딩금융 수성 나선다… 은행·비은행 양축...,"이는 KB금융이 ‘은행만 잘하는 금융그룹’에서 벗어날 기반을 만들었다는 의미다. 가계대출 규제와 위험가중자산(RWA) 관리, 고금리·고물가에 따른 건전성 부담으로 은행을 넘어서는 이익이 필요하다. 증권·보험...",https://www.g-enews.com/view.php?ud=202609111847322933e207547429_1,1,0.95,strong_keep_bank_consumer_credit,0.516386,0,pseudo_keep_model_drop,drop,candidate_hybrid_gray_drop_score_lt_threshold,5,은행,건전성,
2026-09-02,"금감원, 금융투자사 허위·과장광고 손본다…‘뒷광고’도 집중 점검","금감원과 금융투자협회는 1일 ‘금융투자회사의 광고 업무 종합 개선안’ 설명회를 열고 관련 제도 개선... 고위험 금융투자상품 동영상 광고, 광고위원회가 별도로 지정하는 상품 등이 추가된다. 광고 위반에 대한 제재...",https://sateconomy.co.kr/news/view/1065595013467291,1,0.95,strong_keep_regulatory_action,0.517521,0,pseudo_keep_model_drop,keep,candidate_hybrid_keep_strong_domain_rule_anchor,9,금감원;제재,,
2026-09-02,불법 광고물 떼면 보상…제주시 수거보상제 연중 운영,"최근 건설경기 침체와 주택분양시장 경쟁 심화로 분양 현수막 등 불법 광고물이 지속적으로 발생하고 있으며 음식점과 학원, 대부업 등의 전단지와 명함형 광고물도 도로변과 주택가 등에 무분별하게 살포되고 있다. 이에...",https://www.jemin.com/news/articleView.html?idxno=842385,1,0.95,strong_keep_lending_consumer_protection,0.518647,0,pseudo_keep_model_drop,drop,candidate_hybrid_gray_drop_score_lt_threshold,5,대부업,,
2026-09-03,은행권 소상공인 대출 '계산법' 들여다보니...SCB 활용 제각각,"또 다른 은행 관계자는 ""SCB 성장등급이 높더라도 연체 이력이나 과도한 부채, 상환능력 부족 등 다른 위험요인이 확인되면 대출이 제한되거나 우대 대상에서 제외될 수 있다""고 말했다. 가이드라인 역시 SCB 평가...",https://www.digitaltoday.co.kr/news/articleView.html?idxno=697750,1,0.95,strong_keep_bank_consumer_credit,0.520887,0,pseudo_keep_model_drop,keep,candidate_hybrid_keep_strong_domain_rule_anchor,10,은행;은행권,대출;연체,
2026-09-03,군 장병 '빚투·도박' 위험 커졌다…채무조정 432명,"금융위 등록 상위 30개 대부업체의 군인 대상 대출 잔액도 지난해 말 기준 444억원으로 집계됐다. 군 장병 채무조정 규모는 2021년 56억원에서 지난해 102억원으로 증가했다. 대부업 대출 가운데 현역병 대출은 242억원, 장교...",http://www.dailypop.kr/news/articleView.html?idxno=102143,1,0.95,strong_keep_lending_consumer_protection,0.524040,0,pseudo_keep_model_drop,keep,candidate_hybrid_keep_strong_domain_rule_anchor,12,금융위;대부업,대출,
2026-09-03,"소상공인 특화 AI신용평가, 금융문턱 낮춘다","받아 은행 대출을 거절당했다. 하지만 소상공인 특화 신용평가(SCB)를 적용하자 업종과 상권, 매출 흐름 등... 기존 신용평가가 과거 금융거래 이력과 연체 여부에 집중돼 금융이력이 부족한 사업자나 최근 매출이 빠르게...",https://www.sidae.com/article/2026090208052182665,1,0.95,strong_keep_bank_consumer_credit,0.526972,0,pseudo_keep_model_drop,drop,candidate_hybrid_model_drop_prob_le_threshold,5,은행,연체,
2026-09-08,5대 은행 가계대출 7276억원 감소…주담대 조이기에 6개월 만에 감소 전...,이달 들어 5대 은행의 가계대출 잔액이 7000억원 넘게 줄어든 것으로 나타났다. 정부가 금융권의 가계대출 총량 관리 목표를 일부 완화했지만 은행들이 주택담보대출을 중심으로 보수적인 대출 기조를 이어가면서...,https://www.polinews.co.kr/news/articleView.html?idxno=742364,1,0.95,strong_keep_bank_consumer_credit,0.529700,0,pseudo_keep_model_drop,drop,candidate_hybrid_gray_drop_score_lt_threshold,4,은행,대출,
2026-09-11,"농협은행, 예금토큰 '실전 결제' 준비 착수",소상공인과 대형 프랜차이즈 등 유통채널별로 거래를 집계하고 거래 매입과 가맹점 정산 방식을 마련한다. 은행·카드사·전자지급결제대행(PG)사 등 결제 참여자 간 수수료 배분과 역할·책임도 정한다. 핵심은...,https://www.etnews.com/20260910000117,1,0.95,strong_keep_card_credit,0.529975,0,pseudo_keep_model_drop,keep,candidate_hybrid_keep_strong_domain_rule_anchor,8,은행;카드사,수수료;가맹점,
2026-09-10,은행 대출 규제에 막히자 … 고신용자도 '대부업' 노크,신용 800점 이상 차주 비중 1년새 7.5%서 17%로 껑충 취약차주 대출문 더 좁아져 대부업을 찾는 고신용·고소득자가 늘고 있다. 1·2금융권에서 원하는 만큼 대출을 받지 못하자 대부업으로 눈을 돌린 것으로 분석된다....,https://www.mk.co.kr/article/12148554,1,0.95,strong_keep_lending_consumer_protection,0.531000,0,pseudo_keep_model_drop,keep,candidate_hybrid_keep_strong_domain_rule_anchor,9,은행;대부업,대출,
2026-09-16,"세대교체 예고된 KB금융...KB손보·라이프 CEO, '연임이냐 교체냐'",건강보험 확대와 시니어 사업 진출 등 사업 구조 다변화가 중장기 수익 기반 확대로 이어졌다. 다만 킥스 비율은 지난해 말 272.2%에서 상반기 말 223.4%로 48.8% 하락했다. 여전히 안정적인 수준을 유지하고 있지만 하락...,https://daily.hankooki.com/news/articleView.html?idxno=1406406,1,0.95,strong_keep_insurance_risk,0.531079,0,pseudo_keep_model_drop,drop,candidate_hybrid_gray_drop_score_lt_threshold,5,킥스,,
2026-09-01,금리인하 요구 268만건 몰렸지만…은행 수용률 19.1%로 '뚝',올해 상반기 은행이 받아들인 금리인하 요구는 51만2000건으로 지난해 하반기 41만8000건보다 22.5% 증가했다. 가계대출 수용 건수는 38만2000건에서 48만건으로 증가했지만 기업대출은 3만6000건에서 3만2000건으로 오히려...,https://www.newsworks.co.kr/news/articleView.html?idxno=852151,1,0.95,strong_keep_bank_consumer_credit,0.532198,0,pseudo_keep_model_drop,drop,candidate_hybrid_gray_drop_score_lt_threshold,3,은행,,
2026-09-08,"교보라이프플래닛, 충북·제주 소상공인 위한 '무료 상생 신용생명보험...","지원 대상은 해당 지자체 내에서 사업장을 운영 중인 소상공인(대부업 제외)이며, 가입 후 1년 동안 보험료 부담 없이 무료로 보장받는다. 김영석 교보라이프플래닛생명 대표는 ""이번 사업은 일회성 지원을 넘어, 디지털...",https://www.insnews.co.kr/news/articleView.html?idxno=92651,1,0.95,strong_keep_lending_consumer_protection,0.532732,0,pseudo_keep_model_drop,keep,candidate_hybrid_keep_strong_domain_rule_anchor,9,생명보험;대부업,보험료,
2026-09-08,"교보라이프플래닛생명, 충북·제주 소상공인에 무료 상생보험…3대질병...","대부업 종사자를 제외한 해당 지역 소상공인이 가입할 수 있으며 1년 동안 보험료 없이 보장받는다. ◇3대질병부터 생활 위험까지 보장 확대 일반암과 뇌출혈, 급성심근경색 등 3대질병 진단 시 최대 1000만원의...",https://www.the-today.com/news/articleView.html?idxno=89594,1,0.95,strong_keep_lending_consumer_protection,0.533573,0,pseudo_keep_model_drop,drop,candidate_hybrid_model_drop_prob_le_threshold,6,대부업,보험료,
2026-09-14,"하나증권 “은행, 순이자마진 하락 예상되지만 대출성장률 확대가 상쇄...",다만 3분기 대출성장률이 최소 1.5% 이상으로 커지면서 NIM 하락분을 상쇄해 3분기 은행 순이자이익이 QoQ 감소하지는 않을 것으로 전망된다. 가계대출 총량규제도 이전보다는 완화된데다 원/달러 환율 하락 영향으로...,https://kpenews.com/View.aspx?No=4225034,1,0.95,strong_keep_bank_consumer_credit,0.535364,0,pseudo_keep_model_drop,keep,candidate_hybrid_keep_strong_domain_rule_anchor,11,은행;환율;원/달러,달러,
2026-09-17,"[킥스 관리의 문법②] 현대해상 ""금리 상승에 다양한 선택…전략적 수익...",이런 조직 변화를 바탕으로 현대해상은 대형 보험사 중 가장 극적으로 킥스 비율을 끌어올리기도 했다. 현대해상의 킥스 비율은 2024년 말 157%에서 작년 1분기 159.4%를 기록했으나 같은 해 2분기 170%까지 끌어올린 뒤 올해...,https://news.einfomax.co.kr/news/articleView.html?idxno=4435106,1,0.95,strong_keep_insurance_risk,0.535589,0,pseudo_keep_model_drop,keep,candidate_hybrid_keep_strong_domain_rule_anchor,9,보험사;킥스,금리,
2026-09-17,새도약기금 채권매입 달성률 72%…대부업 협상 난항에 목표 차질,"새도약기금 대상 채권을 보유한 금융 회사·기관 중 아직 가입하지 않은 곳은 15개사로, 모두 대부업체입니다. 현재 대부업권 상위 30개사가 새도약기금 대상 채권의 약 80%를 갖고 있는 것으로 추정됩니다. 금융당국은...",https://biz.sbs.co.kr/article_hub/20000335131?division=NAVER,1,0.95,strong_keep_lending_consumer_protection,0.537688,0,pseudo_keep_model_drop,keep,candidate_hybrid_gray_keep_domain_score_ge_threshold,6,대부업,금융,
2026-09-04,받을 수 있는 이자는 20%에 묶였는데 조달비용은 뛴다…‘마지막 급전 ...,3줄 요약 ㆍ조달비용와 대손비용 상승 직면한 대부업 ㆍ심사 강화로 저신용자 59.4% 대출 거절 경험 ㆍ등록 대부업체 감소 속 불법사금융 피해 급증 개인회생 중인 A씨는 최근 급전이 필요해 금융회사 여러 곳에 대출을...,https://www.chosun.com/economy/economy_general/2026/09/04/HD55K2EQGVH3PHVZ6H2UIEWYDA/?utm_source=naver&utm_medium=referral&utm_campaign=naver-news,1,0.95,strong_keep_lending_consumer_protection,0.541833,0,pseudo_keep_model_drop,keep,candidate_hybrid_keep_strong_domain_rule_anchor,14,대부업;불법사금융,대출,
2026-09-17,"나신평 ""증권·보험 최대 실적…잠재 리스크 경계""","그는 ""경과 조치 전 기준 올해 6월 말 킥스 비율이 130% 미만이거나 기본자본비율이 50% 미만인 일부 보험사들은 실질 자본 완충력이 미흡한 수준""이라며 ""자본 완충력과 금리 민감도가 모두 취약한 회사는 추가 충격 대응...",https://www.straightnews.co.kr/news/articleView.html?idxno=311374,1,0.95,strong_keep_insurance_risk,0.542302,0,pseudo_keep_model_drop,keep,candidate_hybrid_gray_keep_domain_score_ge_threshold,7,킥스,금리;실적,
2026-09-02,"배당성향 30%→50%”…DB손보, 2030년까지 주주환원 가속",스카이데일리 이세희기자 = 올해 DPS 9300원 전망…배당수익률 4.8% 예상 ▲ DB손해보험 사옥 전경.... 주주환원 이행 가능 여부를 판단하는 K-ICS(킥스·신지급여력비율) 기준 범위를 기존 200~220%에서 150~220%로 넓히고...,https://m.skyedaily.com/news_view.html?ID=310867,1,0.95,strong_keep_insurance_risk,0.542793,0,pseudo_keep_model_drop,keep,candidate_hybrid_keep_strong_domain_rule_anchor,8,손해보험;킥스,,
2026-09-20,오피스텔 집단대출 규제 완화되나…분양시장 자금난 해소 '주목',19일 금융권에 따르면 금융위원회는 주거용 오피스텔의 중도금·이주비·잔금 등 집단대출을 금융회사의... 금융사들은 총량관리와 별개로 자본비율과 연체율 등 건전성을 관리해야 하기 때문이다. 총량관리 부담이...,https://daily.hankooki.com/news/articleView.html?idxno=1407882,1,0.95,strong_keep_regulatory_action,0.543213,0,pseudo_keep_model_drop,keep,candidate_hybrid_keep_strong_domain_rule_anchor,16,금융위원회;금융위;연체율,,
2026-09-09,"포용금융, 속도만큼 책무도 중요하다[MT시평/안수현]","재무부는 '설계자'로서, 경제적 학대·정신건강·접근성을 축으로 은행 접근, 저축, 보험, 신용, 채무지원... 이 중 정책서민 분과에서 자금공급, 재기 지원, 연체채권 관리, 불법사금융을 논의해 '포용금융 종합평가체계...",https://www.mt.co.kr/opinion/2026/09/09/2026090608432092893,1,0.95,strong_keep_lending_consumer_protection,0.545083,0,pseudo_keep_model_drop,keep,candidate_hybrid_keep_strong_domain_rule_anchor,11,은행;불법사금융,,
2026-09-02,"부산시, 불법 사금융 단속 강화",미등록 대부업체에 대한 단속을 강화해 불법 사금융이 지역에 뿌리내리지 못하도록 하겠다는 것이다. 대부업은 관할 기관에 등록한 뒤 법정 최고금리인 연 20% 이내에서 영업해야 한다. 부산지역 등록 대부업체는...,https://www.naeil.com/news/read/600715?ref=naver,1,0.95,strong_keep_lending_consumer_protection,0.546325,0,pseudo_keep_model_drop,drop,candidate_hybrid_gray_drop_score_lt_threshold,4,최고금리,,
2026-09-05,기초수급자 등 '신용평점 문턱' 없앤다...불법사금융예방대출 대상 확대,서울 중구 하나은행 위변조대응센터에서 직원이 5만원권을 정리하고 있다. [사진=연합뉴스]... 금융권 대출을 연체 중인 차주도 신청 대상에서 빠지지 않는다. 비연체자의 기본대출 한도는 최대 100만원이다. 기존 금융권...,https://www.greened.kr/news/articleView.html?idxno=349281,1,0.95,strong_keep_lending_consumer_protection,0.547759,0,pseudo_keep_model_drop,keep,candidate_hybrid_keep_strong_domain_rule_anchor,10,불법사금융,연체,
2026-09-10,가계대출 2.6조 늘 때 주담대만 4.3조↑ … 총량 풀어도 '엇갈린 돈줄',8월 은행 가계대출은 3조4000억원 늘어 전월(5조5000억원)보다 증가폭이 축소됐지만 주담대는 4조원 증가해 오히려 전월보다 5000억원 확대됐다. 한은은 이날 백브리핑에서도 주담대 증가세가 이어진 배경으로 수도권...,https://biz.newdaily.co.kr/site/data/html/2026/09/09/2026090900125.html,1,0.95,strong_keep_bank_consumer_credit,0.548015,0,pseudo_keep_model_drop,drop,candidate_hybrid_model_drop_prob_le_threshold,3,은행,,
2026-09-01,"[마이데이터 2.0 시대] ""AI가 금리인하·대환대출 대리 신청""...'조회' 넘...","명시된 업무만 가능했던 겸영업무 규제를 포괄주의로 전환해, 대부업이나 채권추심업 등 일부 금지 업종을 제외하면 이해상충 심사를 거쳐 다양한 금융 컨설팅 사업을 영위할 수 있도록 허용한다. 또한 지주 계열사 및...",http://www.dailypop.kr/news/articleView.html?idxno=102047,1,0.95,strong_keep_lending_consumer_protection,0.548182,0,pseudo_keep_model_drop,keep,candidate_hybrid_gray_keep_domain_score_ge_threshold,6,채권추심,금융,
2026-09-01,"고금리에 차주 허리 휘는데...은행, 상반기 금리인하요구 5명 중 4명에 ...",4%로 가계대출보다 높았다. 이자 감면액도 331억4200만원으로 전체 감면액의 45%를 차지했다. ◇인뱅에 신청 61% 몰려… 수용률은 5대 은행이 두 배 높아 전체 수용률이 크게 떨어진 데는 인터넷은행에 신청이 집중된...,https://www.chosun.com/economy/economy_general/2026/09/01/OARFN6DFNREN3NDSUA2ULLMK2E/?utm_source=naver&utm_medium=referral&utm_campaign=naver-news,1,0.95,strong_keep_bank_consumer_credit,0.549828,0,pseudo_keep_model_drop,keep,candidate_hybrid_gray_keep_domain_score_ge_threshold,7,은행;인터넷은행,,
2026-09-19,"신한금융, '한국IR대상' 대상 수상...금융권, 투자자 소통 '가속'","5% 이상으로 커지면서 NIM 하락분을 상쇄해 3분기 은행 순이자이익이 전분기 대비 감소하지는 않을 것으로 예상한다""고 분석했다. 그는 이어 ""가계대출 총량규제도 이전보다는 완화된 데다 원-달러 환율 하락...",http://www.choicenews.co.kr/news/articleView.html?idxno=171474,1,0.95,strong_keep_bank_consumer_credit,0.552391,0,pseudo_keep_model_drop,keep,candidate_hybrid_gray_keep_domain_score_ge_threshold,7,은행;환율,달러,
2026-09-09,"은행 대출 막힌 소상공인, 금리 높은 상호금융 몰려 [경제 레이더]",2분기 비은행권 대출 잔액 3조↑ 총 연체액은 15조… 4.3% 증가 정부 가계대출 총량 목표치 규제로 은행 문턱이 높아지자 금리가 더 높은 상호금융을 찾는 소상공인이 늘고 있다. 내수 부진으로 소상공인들의...,https://www.segye.com/newsView/20260908515360?OutUrl=naver,1,0.95,strong_keep_bank_consumer_credit,0.553014,0,pseudo_keep_model_drop,keep,candidate_hybrid_keep_strong_domain_rule_anchor,9,은행;상호금융,금리;대출,
2026-09-11,"[현장] ""이번 금리 상승기 핵심은 건전성""…카드사, 조달비용보다 '연체...","무이자 할부 등 혜택을 줄이면서 결제부문 채산성을 개선하고, 상대적으로 수익성이 높은 카드론과... 카드사들은 부실채권을 지속적으로 상각하거나 매각하면서 연체율을 관리하고 있지만, 부실채권을 장부에서...",http://www.popcornnews.net/news/articleView.html?idxno=132539,1,0.95,strong_keep_card_credit,0.554555,0,pseudo_keep_model_drop,keep,candidate_hybrid_keep_strong_domain_rule_anchor,12,카드사;부실채권,금리;연체;건전성,
2026-09-02,"신용대출 꺾이고 집단대출 폭발…5대 은행, 가계대출 3조↑",5대 시중은행의 가계대출이 지난달 3조원 가량 증가한 것으로 나타났다. 8·13 부동산 대책 이후 잔금대출 등 집단대출이 1조원가량 늘면서다. 1일 금융권에 따르면 KB국민·신한·하나·우리·NH농협은행 등 5대...,https://www.dailian.co.kr/news/view/1685179/?sc=Naver,1,0.95,strong_keep_bank_consumer_credit,0.555591,0,pseudo_keep_model_drop,keep,candidate_hybrid_gray_keep_domain_score_ge_threshold,7,은행;시중은행,,
2026-09-09,"카드업계, 수수료·대출사업 막히자 ‘결제 데이터’에서 금맥 찾기","국내 카드사들이 △가맹점 수수료 인하, △카드론 총량 관리, △여전채 금리 상승이라는 삼중고에 직면하자, 데이터 사업의 수익화에 올인하고 있기 때문이다. 9일 금융권에 따르면, 카드사들은 신용정보회사·데이터...",http://www.datanews.co.kr/news/article.html?no=146351,1,0.95,strong_keep_card_credit,0.556835,0,pseudo_keep_model_drop,keep,candidate_hybrid_keep_strong_domain_rule_anchor,13,카드론;여전채,금리;수수료;가맹점,
2026-09-01,[금융수장 인선 레이스] 후보자 경쟁 치열… 수익성·조직 효율화·리스...,"금융지주 인선과 맞물려 4대 금융지주 계열 카드사 CEO들의 연말 거취에도 관심이 쏠린다. 카드업계는 가맹점 수수료 인하와 조달금리 부담, 연체·대손 위험, 빅테크와의 경쟁 등으로 외형 성장만으로는 수익성을...",https://www.g-enews.com/view.php?ud=202608311403332562cd0bfacc1c_1,1,0.95,strong_keep_card_credit,0.558960,0,pseudo_keep_model_drop,keep,candidate_hybrid_gray_keep_domain_score_ge_threshold,7,카드사,연체;수수료;가맹점,
2026-09-10,"“은행주, 실적 개선에 몸값도 뛴다…PBR 1배 가능” <키움證>",은행 잔액 기준 예대금리차가 지난해 5월 2.19%에서 올해 6월 2.27%로 확대된 데다 대출금리에 연동되는 코픽스(COFIX·자금조달비용지수)도 상승하고 있어서다. 올해 은행주 이자이익 증가율은 최근 3년간 2% 안팎을...,https://www.news2day.co.kr/article/20260909500062,1,0.95,strong_keep_bank_consumer_credit,0.560090,0,pseudo_keep_model_drop,keep,candidate_hybrid_keep_strong_domain_rule_anchor,8,은행;예대금리차,실적,
2026-09-06,풀었다 다시 조이고… 은행 가계대출 '갈팡질팡',"은행권의 가계대출이 갈지자(之) 행보를 보이고 있다. 금융당국이 가계대출 공급 여력을 늘리면서 은행들이 막아뒀던 대출 창구를 다시 열고 있지만, 일부 은행은 재개 직후 한도를 제한하는 등 다시 대출 문턱을 높이고...",https://it.chosun.com/news/articleView.html?idxno=2023092169515,1,0.95,strong_keep_bank_consumer_credit,0.561189,0,pseudo_keep_model_drop,drop,candidate_hybrid_gray_drop_score_lt_threshold,4,은행,대출,
2026-09-06,李대통령 “한 번의 연체가 평생 발목 잡아선 안돼…재기 기회 넓힐 것...,"소개하며 연체 이력이 재기의 기회를 막는 걸림돌이 돼서는 안 된다고 강조했다. 이 대통령은 5일 엑스(X·옛 트위터)에 글을 올려 “292만8000명의 신용점수가 올랐고 11만6000명은 은행 대출을, 3만8000명은 신용카드를...",http://www.kookje.co.kr/news2011/asp/newsbody.asp?code=0100&key=20260905.99099001567,1,0.95,strong_keep_bank_consumer_credit,0.561204,0,pseudo_keep_model_drop,drop,candidate_hybrid_gray_drop_score_lt_threshold,5,은행,연체,
2026-09-11,"“기업대출, 가계대출 추월…은행 성장축 이동” <다올투자證>",다올투자증권은 예금은행의 올해 대출성장률 전망치를 4.7%로 유지했다. 가계대출은 부동산 시장과 정책 영향에 따라 변동 가능성이 있지만 기업들의 자금 수요가 이어지면서 기업대출이 상대적으로 더 빠르게 늘어날...,https://www.news2day.co.kr/article/20260910500045,1,0.95,strong_keep_bank_consumer_credit,0.561372,0,pseudo_keep_model_drop,drop,candidate_hybrid_gray_drop_score_lt_threshold,3,은행,,
2026-09-17,3분기 은행 NIM 하락폭 확대···기업대출 늘려 이자이익 방어,13%p 오르면서 예대금리차는 1.06%p로 0.17%p 줄어 2월 이후 6개월 연속 축소됐다. 최정욱 하나증권 연구원은 중소기업 대출금리 하락폭이 더 큰 것은 생산적금융 확대에 따른 은행 간 경쟁 영향 등으로 추정했다. 김성준...,https://www.newsfreezone.co.kr/news/articleView.html?idxno=709656,1,0.95,strong_keep_bank_consumer_credit,0.562150,0,pseudo_keep_model_drop,keep,candidate_hybrid_model_keep_prob_ge_threshold_with_domain_anchor,7,은행;예대금리차,,
2026-09-19,"[성명] 가계부채 비율,10년 만에 최저…총량 안 줄어 여전히 '폭탄'","8월 주담대 증가폭은 전월(3조 4천억 원)보다 늘어난 4조 3천억 원을 기록했으며, 은행 자체 주담대 중 집단대출 역시 9천억 원에서 1조 2천억 원으로 증가했다. 참여연대는 ""전체 가계대출 증가폭이 안정된 것처럼 보여도...",http://www.nongaek.com/news/articleView.html?idxno=96845,1,0.95,strong_keep_bank_consumer_credit,0.562242,0,pseudo_keep_model_drop,keep,candidate_hybrid_gray_keep_domain_score_ge_threshold,6,은행;가계부채,,
2026-09-01,은행 금리인하요구 268만건 '역대급' 몰렸지만…수용률 19%로 '뚝',올해 상반기 은행권 금리인하요구권 신청은 총 267만9000건으로 지난해 하반기 151만3000건보다 77.0% 증가했다. 반년 만에 신청 건수가 116만6000건 늘어난 셈이다. 가계대출 신청이 증가세를 주도했다. 가계대출...,https://www.lcnews.co.kr/news/articleView.html?idxno=207458,1,0.95,strong_keep_bank_consumer_credit,0.563472,0,pseudo_keep_model_drop,keep,candidate_hybrid_gray_keep_domain_score_ge_threshold,7,은행;은행권,,
2026-09-02,롯데손보 공개매각 청신호…기본자본 적자 2500억 줄어 [시그널],킥스 비율은 보험사가 가입자에게 줘야 할 보험금을 감당할 수 있도록 자본을 얼마나 쌓아뒀는지 보여주는 수치다. 롯데손보는 기본자본이 마이너스여서 자본 구조가 취약하다는 평가를 받았다. 매각 과정에서...,https://www.sedaily.com/article/20085898?ref=naver,1,0.95,strong_keep_insurance_risk,0.565906,0,pseudo_keep_model_drop,drop,candidate_hybrid_gray_drop_score_lt_threshold,5,킥스,,
2026-09-08,보험업권 가계대출 석달 새 2.7조↑…은행 대출 조이자 '풍선효과',KB국민·신한·하나·우리·NH농협 등 5대 은행의 가계대출 잔액은 2024년 말 734조1000억원에서 올해 6월 말... 다만 은행권 대출 문턱을 높이는 방식의 규제가 대출 수요를 보험·상호금융 등 다른 업권으로 이동시켜...,https://www.econovill.com/news/articleView.html?idxno=750036,1,0.95,strong_keep_bank_consumer_credit,0.566670,0,pseudo_keep_model_drop,keep,candidate_hybrid_keep_strong_domain_rule_anchor,12,은행;은행권;상호금융,대출,
2026-09-04,자사주 사들인 우리금융 경영진…은행·증권·보험 '성장 승부수',"특히 주택담보대출 등 가계대출에 대한 관리가 강화되는 가운데 은행 입장에서도 기업금융과 자본시장 등 새로운 수익원을 확보할 필요성이 커지고 있다. 이에 따라 우리은행은 생산적 금융을 확대하고, 이자이익뿐...",https://daily.hankooki.com/news/articleView.html?idxno=1402452,1,0.95,strong_keep_bank_consumer_credit,0.568729,0,pseudo_keep_model_drop,keep,candidate_hybrid_gray_keep_domain_score_ge_threshold,7,은행;생산적 금융,,
2026-09-08,"'전액 손실' 벨기에 부동산펀드…한투증권, 피해 투자자에 최대 80% 배상","◇ 국감 질타와 금감원 검사…배상 비율 30%에서 80%로 확대 전체 900억 원대 펀드 판매 잔액 중 한국투자증권의 판매액은 약 589억 원으로 가장 큰 비중을 차지했다. 이어 KB국민은행이 200억 원, 우리은행이 120억 원을 각각...",http://www.smarttimes.co.kr/news/articleView.html?idxno=48771,1,0.95,strong_keep_regulatory_action,0.570983,0,pseudo_keep_model_drop,keep,candidate_hybrid_keep_strong_domain_rule_anchor,9,금감원;검사,,
2026-09-11,경찰 불송치한 불법 대부업 총책…檢 보완수사로 직접 구속,허위 진술을 토대로 경찰에서 불송치 처분을 받은 불법 대부업체 총책이 검찰의 보완수사 끝에 직접 구속돼 재판에 넘겨졌다. 검찰은 허위 증언을 지시한 변호사와 경찰에서 참고인 조사만 받았던 대부업체 명의...,https://www.hankyung.com/article/202609106779i,1,0.95,strong_keep_lending_consumer_protection,0.574653,0,pseudo_keep_model_drop,drop,candidate_hybrid_gray_drop_score_lt_threshold,5,대부업,,
2026-09-10,"정부, 추석 물가 안정에 900억 추가 투입…성수품 할인 확대","보험사기와 불법사금융, 추석 성수기 암표매매 등 서민과 취약계층의 피해로 이어질 수 있는 생활밀착형 범죄에 대한 특별·집중 단속도 추진한다. 한편 한국소비자단체협의회 조사에 따르면 추석 3주 전 4인 기준...",https://www.nocutnews.co.kr/news/6575422?utm_source=naver&utm_medium=article&utm_campaign=20260909013055,1,0.95,strong_keep_lending_consumer_protection,0.574709,0,pseudo_keep_model_drop,keep,candidate_hybrid_keep_strong_domain_rule_anchor,8,불법사금융,,
2026-09-02,"주담대 8% ""안 돼""…농협 대출 제한 완화로 최고금리 하락","실제 차주의 부담은 신규취급액 기준 가중평균금리에서 확인해야 한다. 한국은행이 발표한 지난 7월 은행권 신규취급 주담대 평균금리는 4.48%, 이 가운데 고정형은 4.76%였다. 현재 주담대 상단인 7%대와 실제 취급 평균...",http://www.ftoday.co.kr/news/articleView.html?idxno=364599,1,0.95,strong_keep_lending_consumer_protection,0.577183,0,pseudo_keep_model_drop,keep,candidate_hybrid_keep_strong_domain_rule_anchor,14,한국은행;은행권;최고금리,대출,
2026-09-17,"카카오뱅크, 첫 M&A로 캐피탈업 진출... 확장 시동","카카오뱅크는 그동안 신용대출, 전월세보증금대출, 주택담보대출, 개인사업자대출 등 은행 여신을 중심으로 성장해왔는데, 최근 은행권 전반에 강화되는 가계대출 관리 기조 속에서 새로운 수익원이 필요해졌다. 권태훈...",https://www.pressman.kr/news/articleView.html?idxno=103662,1,0.95,strong_keep_bank_consumer_credit,0.578234,0,pseudo_keep_model_drop,keep,candidate_hybrid_gray_keep_domain_score_ge_threshold,7,은행;은행권,,
2026-09-07,"DB손보, 외형경쟁 대신 '배당재원 확보' 무게…주주환원 50% 달성 관건은","DB손해보험이 2030년까지 별도 기준 주주환원율을 50%로 끌어올리겠다는 목표를 제시한 가운데, 향후... 지급여력(K-ICS·킥스)비율 180%, DCR 200%를 각각 안전선으로 설정해 자본건전성과 배당가능이익을 동시에 관리한다는...",http://www.economytalk.kr/news/articleView.html?idxno=423943,1,0.95,strong_keep_insurance_risk,0.579336,0,pseudo_keep_model_drop,keep,candidate_hybrid_keep_strong_domain_rule_anchor,8,손해보험;킥스,,
2026-09-17,보험사 6월 말 킥스비율 215.2%…3개월 새 0.8%p 하락,"경과조치를 적용하기 전 기준으로는 전체 보험사의 킥스 비율이 203.6%로 3월 말 202.5%보다 1.1%p 상승했다. 생보사는 193.0%로 2.5%p, 손보사는 223.9%로 1.5%p 각각 올랐다. 경과조치 적용 후 가용자본은 6월 말...",https://www.dailian.co.kr/news/view/1691080/?sc=Naver,1,0.95,strong_keep_insurance_risk,0.579366,0,pseudo_keep_model_drop,keep,candidate_hybrid_keep_strong_domain_rule_anchor,8,보험사;킥스,,
2026-09-18,"이찬진 ""장기 신뢰보다 단기실적을 앞세우는 관행 여전""","신한은행, KB손해보험, NH투자증권, 현대카드 등 주요 금융회사의 현장 개선 사례와 함께 그간의 주요 성과인... 금감원 관계자는 ""오늘 행사에서 소비자와 전문가 등이 제시한 의견과 개선 제안을 감독·검사 및 제도개선...",https://news.bizwatch.co.kr/article/market/2026/09/17/0022,1,0.95,strong_keep_regulatory_action,0.579423,0,pseudo_keep_model_drop,keep,candidate_hybrid_keep_strong_domain_rule_anchor,15,금감원;손해보험;검사;제도개선,,
2026-09-21,"[글로벌이코노믹 사설] 반복되는 채무조정, 부작용 없나",물론 1997년 IMF 외환위기 이후 금융기관의 채권추심 업무가 대부업권으로 넘어가면서 가혹한 추심에 시달리는 차주도 많다. 하지만 정부가 관여하면 부작용이 많을 수밖에 없다. 취약 채무자를 대상으로 한 고액 컨설팅...,https://www.g-enews.com/view.php?ud=20260920145603715335e857d010_1,1,0.95,strong_keep_lending_consumer_protection,0.580570,0,pseudo_keep_model_drop,drop,candidate_hybrid_gray_drop_score_lt_threshold,5,채권추심,,
2026-09-09,연체채권 소멸시효 '기계적 연장' 없어진다…예외 연장은 인정키로,"2003년 카드대란 당시 부실채권 정리를 위해 민간 배드뱅크 '상록수'가 20년 넘게 빚의 굴레에서 벗어나지 못해... 대상 채권은 은행·보험의 경우 5000만 원, 저축은행·여전 등은 3000만 원 이하다. 소액채권이더라도 전체 계좌...",https://www.news1.kr/finance/general-finance/6283639,1,0.95,strong_keep_savings_bank_risk,0.580966,0,pseudo_keep_model_drop,keep,candidate_hybrid_keep_strong_domain_rule_anchor,11,은행;저축은행;부실채권,,
2026-09-02,"5대 은행 가계대출, 한달새 3.1조 증가···신용대출↓· 집단대출↑","주요 시중은행들의 가계대출이 8월 한달간 3조원 넘게 증가했다. 신용대출이 3개월 만에 감소했지만, 실수요자 집단대출 등을 중심으로 늘어난 주택담보대출이 증가세를 견인했다. 1일 금융권에 따르면...",https://www.seoulfn.com/news/articleView.html?idxno=637001,1,0.95,strong_keep_bank_consumer_credit,0.581608,0,pseudo_keep_model_drop,keep,candidate_hybrid_gray_keep_domain_score_ge_threshold,7,은행;시중은행,,
2026-09-21,부실채권 97%가 부동산…산림조합 신용사업 4년 연속 적자,"중앙회는 “자체 대부업 자회사를 통해 부실채권의 신속한 매각을 유도하고 있다”며 “대손충당금 적립, 대출심사 기준 강화, 회원조합 현장지도와 점검 강화를 통해 채권 정상화를 추진하고 있다”고 밝혔다....",https://www.viva100.com/article/20260916500827,1,0.95,strong_keep_lending_consumer_protection,0.582388,0,pseudo_keep_model_drop,keep,candidate_hybrid_keep_strong_domain_rule_anchor,11,대부업;부실채권,채권,
2026-09-12,"""추석 급전 노린 '당일·무서류 대출' 주의하세요""","대부업체를 이용할 경우 금감원 홈페이지 '등록대부업체 통합조회'나 콜센터로 정식 등록 업체인지 사전 조회를 할 수 있다고 설명했다. 특히 법정 최고금리(연 20%)를 초과하는 이자나 선이자·수수료 요구, 가족·지인...",https://www.dailian.co.kr/news/view/1689461/?sc=Naver,1,0.95,strong_keep_lending_consumer_protection,0.583018,0,pseudo_keep_model_drop,keep,candidate_hybrid_keep_strong_domain_rule_anchor,12,금감원;최고금리,대출;수수료,
2026-09-16,가계보다 기업에 두 배 더 풀렸다… 은행 돈줄 방향 바뀌었나?,금융당국은 수도권 집값과 가계부채 증가세를 억제하기 위해 은행별 가계대출 총량을 관리하고 있다. 지난달 총량 관리 목표를 기존 1.5%에서 3.0%로 높였지만 늘어난 대출 여력은 재건축·재개발 이주비와 신규...,https://www.dt.co.kr/article/12084095?ref=naver,1,0.95,strong_keep_bank_consumer_credit,0.588821,0,pseudo_keep_model_drop,keep,candidate_hybrid_gray_keep_domain_score_ge_threshold,7,은행;가계부채,대출,
2026-09-14,"[모닝 리포트] ""은행 NIM 하락에도 대출 성장으로 상쇄""","시중은행의 3분기 순이자마진(NIM) 하락이 예상되지만, 완화된 가계대출 규제와 대출성장률 확대가 이를 상쇄하면서 긍정적인 주가 흐름을 이어갈 것이라는 분석이 나왔다. 최정욱 하나증권 연구원은 14일 보고서에서...",https://www.newspim.com/news/view/20260914000114,1,0.95,strong_keep_bank_consumer_credit,0.590869,0,pseudo_keep_model_drop,keep,candidate_hybrid_keep_strong_domain_rule_anchor,9,은행;시중은행,대출;주가,
2026-09-02,'아파트 할인' 제주 불법현수막 수거 30만원 보상,대부업 전단지와 명함형 광고물도 도로변과 주택가 등에 무차별적으로 뿌려지면서 도시 미관까지 해치고 있다. 수거보상제에는 제주시에 주소를 둔 만 60세 이상 시민이 참여할 수 있다. 기초생활수급자와 차상위계층은...,https://www.jejusori.net/news/articleView.html?idxno=506101,1,0.95,strong_keep_lending_consumer_protection,0.592136,0,pseudo_keep_model_drop,drop,candidate_hybrid_gray_drop_score_lt_threshold,5,대부업,,
2026-09-18,‘디지털 보험’ 홀로서기 줄줄이 좌절…카카오페이손보만 남았다,"나광호 기자 spero1225@ekn.kr 기본자본 킥스 비율 50% 규제 앞 자본 확충 부담 확대 캐롯손보 이어 교보라플 흡수합병 소액·단기·미니보험 상품 ‘한계 봉착’ 카카오페이손보, 반전 기회 모색",https://www.ekn.kr/web/view.php?key=20260917027265752,1,0.95,strong_keep_insurance_risk,0.593664,0,pseudo_keep_model_drop,drop,candidate_hybrid_gray_drop_score_lt_threshold,5,킥스,,
2026-09-10,신용대출 줄어든 사이 주담대는 4조3000억원 늘어,정책모기지를 포함한 예금은행 가계대출 잔액은 8월 말 1198조3000억원으로 한 달 동안 3조4000억원 늘었다. 증가액은 지난 4월 2조1000억원 이후 가장 작았다. 은행 가계대출 증가액은 5월 6조9000억원에서 6월...,https://www.mk.co.kr/article/12148186,1,0.95,strong_keep_bank_consumer_credit,0.593761,0,pseudo_keep_model_drop,drop,candidate_hybrid_model_drop_prob_le_threshold,3,은행,,
2026-09-04,"KDB생명, 경과조치 제외 땐 킥스 78.7%…한투 앞에 놓인 '자본 숙제'",보험사는 K-ICS비율을 100% 이상 유지해야 한다. 금융당국은 후순위채 중도상환과 인허가 등에 적용하는... 다만 2027년 3월 말 개별 보험사의 비율을 출발점으로 삼아 2036년 3월까지 50%에 도달하도록 하는 경과기간이...,https://www.pinpointnews.co.kr/news/articleView.html?idxno=483622,1,0.95,strong_keep_insurance_risk,0.595529,0,pseudo_keep_model_drop,drop,candidate_hybrid_gray_drop_score_lt_threshold,5,킥스,,
2026-09-08,"예별손보 놓친 흥국화재, 수익성·건전성 '두 마리 토끼 잡기' 가속...킥...","[사진=흥국화재] 태광그룹 금융계열사 흥국화재가 올해 상반기 보장성보험 중심의 체질 개선으로 CSM... 흥국화재의 올 6월 말 기준 경과조치 적용 후 지급여력(K-ICS, 킥스)비율은 201.5%를 기록했다. 지난 3월 말 195.3...",https://www.greened.kr/news/articleView.html?idxno=349376,1,0.95,strong_keep_insurance_risk,0.595536,0,pseudo_keep_model_drop,keep,candidate_hybrid_gray_keep_domain_score_ge_threshold,7,킥스,건전성,
2026-09-03,"DB손보, 주주환원 목표 대폭 상향…저평가 해소될까",DB손해보험이 주주환원 목표를 대폭 상향한 새 밸류업 계획을 발표했다. 지속가능한 균형성장을 통해... 우선 배당가능이익을 예상배당금으로 나눈 'DCR'(Dividend Coverage Ratio)을 도입해 지급여력비율(K-ICS·킥스)과 함께...,https://www.ekoreanews.co.kr/news/articleView.html?idxno=87853,1,0.95,strong_keep_insurance_risk,0.596069,0,pseudo_keep_model_drop,keep,candidate_hybrid_keep_strong_domain_rule_anchor,8,손해보험;킥스,,
2026-09-08,5대 은행 가계대출 1년 반 새 41조 원 증가…보험계약대출도 석 달간 2조...,"5대 은행의 가계대출 잔액은 1년6개월 동안 41조 원 증가했고, 올해 5월부터 7월까지 보험계약대출도 2조4647억 원 늘었다. 은행권 대출관리가 강화되는 가운데 가계의 자금 수요가 어디로 이동하는지 주목된다. 7일...",https://www.e-science.co.kr/news/articleView.html?idxno=134882,1,0.95,strong_keep_bank_consumer_credit,0.597603,0,pseudo_keep_model_drop,keep,candidate_hybrid_gray_keep_domain_score_ge_threshold,7,은행;은행권,,
2026-09-05,[DQN] 신한라이프 순익 선두…동양생명 보험손익·농협생명 신계약 CSM 증...,"동양생명은 보험손익 증가율에서, NH농협생명은 신계약 보험계약마진(CSM) 증가율과 지급여력비율(K-ICS·킥스)에서 1위에 올랐다. 4일 한국금융신문 DQN이 금융감독원 전자공시시스템과 경영공시를 통해...",https://www.fntimes.com/html/view.php?ud=202609041459357218ed56b8e1f8_18,1,0.95,strong_keep_insurance_risk,0.599425,0,pseudo_keep_model_drop,keep,candidate_hybrid_keep_strong_domain_rule_anchor,11,금융감독원;킥스,,
2026-09-16,"교보생명, ‘1호 인터넷 생보사’ 교보라플 품는다",단기·소액·저축성보험으로는 보험서비스마진(CSM) 확보 및 안정적인 킥스 비율 유지가 어렵다는 것이다. 실제로 보험사들은 장기납 종신보험과 건강보험 등 만기가 길고 수익성이 높은 보장성 상품을 중심으로...,https://www.ekn.kr/web/view.php?key=20260915027175107,1,0.95,strong_keep_insurance_risk,0.601505,0,pseudo_keep_model_drop,keep,candidate_hybrid_keep_strong_domain_rule_anchor,8,생보사;킥스,,
2026-09-02,'아듀~ 동양생명' … 새 관전 포인트는 통합생보사 대표,"우리금융은 통합 보험사를 그룹 차원의 역량을 결집한 주력 계열사로 육성한다는 방침이다. CSM 확대와 K-ICS(신지급여력)비율 중심의 자본건전성 확보, AI 기반 영업지원 혁신, 요양사업 등 신성장동력 발굴이 통합...",https://www.ilovepc.co.kr/news/articleView.html?idxno=60513,1,0.95,strong_keep_insurance_risk,0.602335,0,pseudo_keep_model_drop,drop,candidate_hybrid_gray_drop_score_lt_threshold,5,킥스,,
2026-09-17,"""급전 빌려드립니다"" 추석 대목 노린 불법 대부업자 잡는다",이창석 서울시 민생사법경찰국장은 “추석을 앞두고 자금 사정이 촉박한 전통시장 상인과 영세 소상공인을 노린 초단기 고금리 일수대출 피해가 우려된다”며 “전통시장 주변을 철저히 단속해 불법사금융을 뿌리...,https://www.edaily.co.kr/News/Read?newsId=03309526645580776&mediaCodeNo=257&utm_source=naver&utm_medium=referral&utm_campaign=news_syndication&utm_content=original_article,1,0.95,strong_keep_lending_consumer_protection,0.605535,0,pseudo_keep_model_drop,keep,candidate_hybrid_keep_strong_domain_rule_anchor,8,불법사금융,,
2026-09-04,KB는 삼성·하나는 한화…금융지주 '기업 베팅' 갈렸다,최근 금융지주들은 '생산적 금융'을 통해 가계대출 중심의 자산 성장을 줄이고 기업대출과 첨단산업... 금융지주들의 기업금융 경쟁도 대출 잔액을 늘리는 데서 벗어나 은행·증권·캐피탈 등 계열사를 묶어...,https://www.ebn.co.kr/news/articleView.html?idxno=1722831,1,0.95,strong_keep_bank_consumer_credit,0.608663,0,pseudo_keep_model_drop,keep,candidate_hybrid_keep_strong_domain_rule_anchor,12,은행;캐피탈;생산적 금융,대출;금융,
2026-09-16,금리 급등서 드러난 생보사 '킥스' 취약성,"보험사는 금리 민감도 공시를 통해 금리 100bp 상승 및 하락 시 킥스비율 변동을 공시하고 있다. 금리, 환율 등 시장환경에 따라 민감하게 반응하는 킥스비율 특성상 안정적인 재무건전성을 유지하려는 목적이다....",https://www.kbanker.co.kr/news/articleView.html?idxno=225947,1,0.95,strong_keep_insurance_risk,0.608856,0,pseudo_keep_model_drop,keep,candidate_hybrid_keep_strong_domain_rule_anchor,12,생보사;킥스;환율,금리,
2026-09-16,저신용 대출 늘리라면서…우수대부업 지원 5년째 '반쪽','서민금융 우수 대부업자' 제도가 시행 5년을 넘겼지만 제 역할을 하지 못하고 있다. 은행 차입은 전체... 15일 금융권에 따르면 금융위원회가 지난 2021년 법정 최고금리 인하에 따른 대부업권의 저신용자 대출 위축에...,https://www.kbanker.co.kr/news/articleView.html?idxno=225932,1,0.95,strong_keep_lending_consumer_protection,0.610442,0,pseudo_keep_model_drop,keep,candidate_hybrid_keep_strong_domain_rule_anchor,20,금융위원회;금융위;은행;최고금리,대출,
2026-09-08,'대부업 투자 고수익 미끼' 100억여원 가로챈 60대 구속,대부업에 투자하면 고수익을 내주겠다고 속여 20여명으로부터 100억여원을 받아 가로챈 60대 남성이... 경찰 로고 [사진=뉴스핌 DB] 그는 대부업에 투자를 하면 고수익을 내주겠다고 속여 돈을 받아 개인적인 용도로...,https://www.newspim.com/news/view/20260907000977,1,0.95,strong_keep_lending_consumer_protection,0.611210,0,pseudo_keep_model_drop,drop,candidate_hybrid_gray_drop_score_lt_threshold,5,대부업,,
2026-09-09,"5대 저축銀, 부동산 연체액 25% 급증…SBI·웰컴 연체율 20%",저축은행 업계는 지방 부동산 경기 침체를 연체율 상승의 핵심 원인으로 지목했다. 업권 특성상 중소기업 위주의 부동산 대출 비중이 높다 보니 연체 속도가 1금융권 대비 가파를 수밖에 없다는 입장이다....,https://www.newsway.co.kr/news/view?ud=2026090813321824759,1,0.95,strong_keep_savings_bank_risk,0.611454,0,pseudo_keep_model_drop,keep,candidate_hybrid_keep_strong_domain_rule_anchor,11,저축은행;연체율,대출;연체,
2026-09-07,가계대출 반년 만에 줄어…정책대출 빼면 증가세 지속,주요 시중은행의 가계대출 잔액이 이달 들어 6개월 만에 감소세로 돌아섰습니다. 다만 정책대출 유동화 영향을 제외하면 은행 자체 가계대출은 오히려 소폭 늘어난 것으로 나타났습니다. 오늘(6일) 금융권에...,https://biz.sbs.co.kr/article_hub/20000332969?division=NAVER,1,0.95,strong_keep_bank_consumer_credit,0.611921,0,pseudo_keep_model_drop,keep,candidate_hybrid_gray_keep_domain_score_ge_threshold,7,은행;시중은행,,
2026-09-10,인터넷은행의 성장통?..‘외형 2위’ 토스뱅크 첫 정기검사서 덜미,앞서 카카오뱅크도 해외 송금 절차 문제와 전자금융거래 안전성 확보 미흡 등으로 금감원 제재를 받은 바... 인터넷은행에 대한 감독이나 검사 기조를 단순 혁신 지원에서 엄격한 리스크 관리 검증으로 강화하고 있는...,https://kpenews.com/View.aspx?No=4219191,1,0.95,strong_keep_regulatory_action,0.613163,0,pseudo_keep_model_drop,keep,candidate_hybrid_keep_strong_domain_rule_anchor,13,금감원;인터넷은행;검사,,
2026-09-09,빚 못 갚고 문 닫는 소상공인…연체·폐업 모두 2금융권 집중,"업권별 대출 잔액 대비 연체 금액 비중을 살펴보면, 대부업 등 기타(11.8%)를 제외하고 상호저축은행이 5.7%로 가장 높았다. 이어 상호금융(3.5%), 여신전문금융사(1.2%), 보험사(0.3%) 순으로 높은 비중을 보였다....",http://www.metroseoul.co.kr/article/20260909500027,1,0.95,strong_keep_lending_consumer_protection,0.613959,0,pseudo_keep_model_drop,keep,candidate_hybrid_keep_strong_domain_rule_anchor,19,저축은행;보험사;상호금융;대부업,대출;연체,
2026-09-03,"[더벨][보험경영분석] 흥국화재, 보험·투자손익 악화…손해율, 금리 이...",신계약 보험계약마진(CSM)이 크게 늘고 지급여력(K-ICS·킥스) 비율도 상승하면서 미래 이익과 건전성 측면에서는 방어력을 높였다. ◇예상 웃돈 보험금에 채권 평가손실까지 겹쳐 흥국화재의 올해 상반기...,https://www.thebell.co.kr/free/content/ArticleView.asp?key=202609011027172920104148,1,0.95,strong_keep_insurance_risk,0.618301,0,pseudo_keep_model_drop,keep,candidate_hybrid_keep_strong_domain_rule_anchor,10,킥스,금리;건전성;채권,
2026-09-02,'집단대출 숨통'에 은행 주담대 3.3조↑…'빚투' 꺾이자 신용대출은 줄...,5대 시중은행의 가계대출이 지난달 3조원 가량 증가한 것으로 나타났다. 금융당국의 8·13 부동산 대책 이후 잔금대출 등 집단대출 공급에 숨통이 트인 영향이다. 다만 증시 조정 등으로 '빚투(빚 내 투자)' 수요가...,https://www.newsis.com/view/NISX20260901_0003771996,1,0.95,strong_keep_bank_consumer_credit,0.618612,0,pseudo_keep_model_drop,keep,candidate_hybrid_gray_keep_domain_score_ge_threshold,7,은행;시중은행,,
2026-09-03,집단대출 늘자 은행 주담대 3.3조↑…신용대출은 넉 달 만에 감소,5대 은행 가계대출 3조1401억원 증가…가계대출 총량 완화 효과 집단대출에 집중 ▲ 5대 은행 [토요경제] 은행권 가계대출의 증가축이 신용대출에서 주택담보대출로 옮겨가는 모습이다. 금융당국이 주택 공급과...,https://sateconomy.co.kr/news/view/1065574316034580,1,0.95,strong_keep_bank_consumer_credit,0.619661,0,pseudo_keep_model_drop,keep,candidate_hybrid_gray_keep_domain_score_ge_threshold,7,은행;은행권,,
2026-09-17,보험사 지급여력비율 215.2%로 소폭 하락…주가 상승에 요구자본 증가,"킥스 비율은 보험회사가 보유한 가용자본을 각종 위험에 대비해 필요한 요구자본으로 나눈 수치로, 보험금 지급 능력을 나타내는 건전성 지표다. 경과조치는 제도 도입에 따른 자본 감소나 위험액 증가 등을...",http://www.newsian.co.kr/news/articleView.html?idxno=95496,1,0.95,strong_keep_insurance_risk,0.619944,0,pseudo_keep_model_drop,keep,candidate_hybrid_keep_strong_domain_rule_anchor,11,보험사;킥스,건전성;주가,
2026-09-18,"하나생명·하나손보, 보험회사중 K-ICS 비율 최저",경과조치를 적용하면 일부 보험사의 킥스비율은 크게 높아진다. 경과조치 적용 전 기준 킥스비율이 가장 낮은 곳은 KDB생명으로 100%도채 되지 않는 78.7%에 불과했다. 푸본현대도 79.5%에 불과했다....,https://www.junggi.co.kr/news/articleView.html?idxno=37820,1,0.95,strong_keep_insurance_risk,0.620746,0,pseudo_keep_model_drop,drop,candidate_hybrid_gray_drop_score_lt_threshold,5,킥스,,
2026-09-09,"금융위, 9일 가계대출·PF 동시 점검…수요는 관리·공급금융은 확대","올해 가계부채 총량 증가율 관리목표를 기존 1.5%에서 3% 수준으로 조정했다. 주택공급 확대와 청년·실수요자 금융지원에 필요한 여력을 확보하기 위해서다. 동시에 전세대출 관리와 DSR 제도, 금융회사 자본규제 등을...",https://sateconomy.co.kr/news/view/1065572526387316,1,0.95,strong_keep_regulatory_action,0.621061,0,pseudo_keep_model_drop,keep,candidate_hybrid_keep_strong_domain_rule_anchor,17,금융위;pf;dsr;가계부채,,
2026-09-15,비아파트 대출 완화해도 분양수요 해결 안돼…금융위 ‘고민’,"2금융권의 저축은행들은 연체율 관리도 중요하기 때문에 미분양 오피스텔의 대출을 취급할 경우 연체율 문제로 이어질 수도 있다. 금융권 관계자는 ""비아파트 공급 확대를 위해 대출 규제를 완화할 수 있지만 대출 공급이...",https://www.dnews.co.kr/uhtml/view.jsp?idxno=202609141346287920918,1,0.95,strong_keep_savings_bank_risk,0.623794,0,pseudo_keep_model_drop,keep,candidate_hybrid_keep_strong_domain_rule_anchor,15,금융위;저축은행;연체율,대출,
2026-09-21,예대마진만으론 못 큰다…'대출하는 은행'서 '투자하는 금융'으로,은행에서 대출자산을 늘리고 예대금리차를 통해 이익을 키우는 전통적인 방식이 국내 금융그룹 수익의 상당 부분을 차지하고 있는 셈이다. 올 상반기 4대 은행(KB·신한·하나·우리)의 기업대출은 25조9000억원 늘어난...,https://www.mt.co.kr/finance/2026/09/21/2026091810523267171,1,0.95,strong_keep_bank_consumer_credit,0.628039,0,pseudo_keep_model_drop,keep,candidate_hybrid_keep_strong_domain_rule_anchor,8,은행;예대금리차,금융,
2026-09-17,'나체 영상 담보로 협박' 미등록 대부업자 징역 1년 6개월,미등록 대부업자가 실형을 선고받았다. 인천지법 부천지원 형사1부(나상훈 부장판사)는 16일 열린 선고 공판에서 성폭력범죄의 처벌 등에 관한 특례법상 촬영물 이용 협박과 대부업 등의 등록 및 금융이용자 보호에...,https://www.yna.co.kr/view/AKR20260916067600065?input=1195m,1,0.95,strong_keep_lending_consumer_protection,0.628611,0,pseudo_keep_model_drop,drop,candidate_hybrid_gray_drop_score_lt_threshold,5,대부업,,
2026-09-10,"정부, 추석 농축산물 할인 한도 없앤다…수산물 2만2000t 공급","보험사기와 불법사금융 등 금융범죄와 추석 성수기를 틈탄 암표매매 등 생활밀착형 범죄에 대한 특별·집중 단속도 실시한다. 불법사금융은 미등록 영업과 고리사채, 불법채권추심, 불법대출 등 신·변종 수법까지...",https://view.asiae.co.kr/article/2026090911502217856,1,0.95,strong_keep_lending_consumer_protection,0.629158,0,pseudo_keep_model_drop,keep,candidate_hybrid_keep_strong_domain_rule_anchor,13,불법사금융;채권추심,,
2026-09-02,'주거래 은행' 맹신 금물…대출금리 향방 갈라놓은 '가산·우대금리',예금금리가 대출금리와 함께 오르면서 가계 예대금리차는 대체로 좁아졌다. 신한은행은 6월 1.57% 포인트에서 7월 1.43% 포인트로 축소됐고 국민은행도 같은 기간 1.36% 포인트에서 1.32% 포인트로 낮아졌다. 이번 금리 상승...,https://www.newsworks.co.kr/news/articleView.html?idxno=852305,1,0.95,strong_keep_bank_consumer_credit,0.629534,0,pseudo_keep_model_drop,keep,candidate_hybrid_keep_strong_domain_rule_anchor,8,은행;예대금리차,금리,
2026-09-11,"""단독 범행"" 위증 지시...불법 사금융 총책·변호사 기소",A 씨 등은 수사와 재판 과정에서 조직원들에게 단독으로 대부업을 했다고 진술하라는 취지로 지시한 혐의를 받습니다. 앞서 경찰은 2020년 2월부터 이듬해 6월까지 대부업 등록을 하지 않은 채 채무자들에게 4억 원을...,https://www.ytn.co.kr/_ln/0103_202609102035560306,1,0.95,strong_keep_lending_consumer_protection,0.629794,0,pseudo_keep_model_drop,drop,candidate_hybrid_gray_drop_score_lt_threshold,5,대부업,,
2026-09-03,‘빚’과 싸우는 군인들…도박·빚투에 대부업 대출 444억원,군인을 상대로 한 대부업체의 대출 규모도 400억원을 넘어섰다. 지난 8월 31일 금융위원회에 따르면 지난해... 대부업을 통해 빌린 자금도 적지 않다. 금융위에 등록된 대형 금전대부업체 30곳이 군인에게 빌려준 돈은...,https://www.mk.co.kr/article/12141963,1,0.95,strong_keep_lending_consumer_protection,0.630010,0,pseudo_keep_model_drop,keep,candidate_hybrid_keep_strong_domain_rule_anchor,18,금융위원회;금융위;대부업,대출,
2026-09-21,"급여 매달 넣었는데 왜 금리 안 깎였지?…금감원, 대출 유의사항 안내","금감원, 은행 대출 관련 주요 민원사례 안내 급여이체 때 '급여' 표시 없으면 금리감면 안 될 수도 은행... 가계대출 이자를 1개월간 납부하지 못하면 기한이익을 상실할 수 있으며, 주택담보대출은 2개월간 이자를 연체한...",https://www.segye.com/newsView/20260921502498?OutUrl=naver,1,0.95,strong_keep_bank_consumer_credit,0.630193,0,pseudo_keep_model_drop,keep,candidate_hybrid_keep_strong_domain_rule_anchor,11,금감원;은행,금리;대출,
2026-09-11,캠코에 연체채권 매각시엔 금융사 채무자 보호 책임 제외,"은행·카드사→저축은행·대부업→영세 추심업자 등 연체채권이 반복 매각되면서 추심 주체 변경으로 채무자는 대출 계약 당시에 예상했던 수준을 넘어서는 강도의 추심에 노출되고, 신용평점이 하락하는 등 불이익에...",https://www.news1.kr/finance/general-finance/6286626,1,0.95,strong_keep_lending_consumer_protection,0.631452,0,pseudo_keep_model_drop,keep,candidate_hybrid_keep_strong_domain_rule_anchor,16,은행;저축은행;카드사;대부업,대출,
2026-09-08,"코리안리, 운용수익률 10% 육박…주식 확대·환이익 덕봤다",8일 손해보험협회에 따르면 올해 2분기 말 기준 코리안리의 운용자산이익률은 전 분기 대비 3.4%포인트(p)... 탄탄한 실적에 힘입어 재무 건전성 지표인 지급여력비율(K-ICS·킥스)도 작년 말보다 12.9%p 오른 210.71%를...,https://news.einfomax.co.kr/news/articleView.html?idxno=4433821,1,0.95,strong_keep_insurance_risk,0.633559,0,pseudo_keep_model_drop,keep,candidate_hybrid_keep_strong_domain_rule_anchor,11,손해보험;킥스,건전성;주식,
2026-09-04,캐피탈 렌탈 규제 완화 논의 '평행선'…업계 대립 여전,"금융위원회는 지난 8월 말 여신금융협회, 양대 렌터카 협회 전국렌터카연합회(전국연합회), 한국렌터카사업조합연합회(한국연합회)와 캐피탈사의 렌탈 취급한도 완화 이슈를 논의했지만, 업계 간 이견 차이를 좁히지 못한...",https://www.etnews.com/20260903000067,1,0.95,strong_keep_regulatory_action,0.634575,0,pseudo_keep_model_drop,keep,candidate_hybrid_keep_strong_domain_rule_anchor,21,금융위원회;금융위;캐피탈;여신금융협회,,
2026-09-17,보험사 상반기 킥스 215.2%·0.8%p↓…상위사 최대 28%p 하락,16일 금융감독원에 따르면 경과조치를 적용한 18개 보험사의 올해 6월 말 킥스 비율은 215.2%로 전 분기 말(216.0%) 대비 0.8%포인트(p) 떨어졌다. 전년 동기와 비교해서는 8.4%p 상승했다. 생명보험사가 206.8%로 전...,https://news.einfomax.co.kr/news/articleView.html?idxno=4435184,1,0.95,strong_keep_insurance_risk,0.634918,0,pseudo_keep_model_drop,keep,candidate_hybrid_keep_strong_domain_rule_anchor,17,금융감독원;보험사;생명보험;킥스,,
2026-09-09,"[기획] 다올저축은행, 상반기 수익성·건전성 모두 잡았다","두 지표 모두 저축은행업계 평균(연체율 6.3%, 고정이하여신비율 8.2%)을 밑돌았다. 수익성 지표인 총자산순이익률(ROA)은 0.17%에서 0.25%로 0.08%p 상승했다. ROA는 기업이 보유한 전체 자산을 얼마나 효율적으로 활용하고...",https://www.kfenews.co.kr/news/articleView.html?idxno=664100,1,0.95,strong_keep_savings_bank_risk,0.637817,0,pseudo_keep_model_drop,keep,candidate_hybrid_keep_strong_domain_rule_anchor,10,저축은행;연체율,건전성,
2026-09-04,금융권 막혔던 대출문 속속 열린다…“일반 차주 체감은 그대로”,이에 5대 은행(KB국민·신한·하나·우리·NH농협은행)의 올해 가계대출 증가 목표액은 기존 4조3400억원에서... 금융당국이 지난 1일 상호금융업권과 저축은행업권의 가계대출 총량 관리 목표치 배분을 마무리함에 따라...,https://www.ekn.kr/web/view.php?key=20260903026530009,1,0.95,strong_keep_bank_consumer_credit,0.638494,0,pseudo_keep_model_drop,keep,candidate_hybrid_keep_strong_domain_rule_anchor,11,은행;저축은행;상호금융,,
2026-09-05,자본 쌓아도 새는 구조…보험사 6곳 기본자본 킥스 '적신호',킥스 비율은 보험사의 가용자본을 요구자본으로 나눈 수치이다. 보험사의 재무 건전성을 가늠하는 핵심 지표다. 금융당국은 내년부터 이 비율 산정 시 기본자본 기준을 별도로 적용하는 규제를 시행할 예정이다....,http://www.ftoday.co.kr/news/articleView.html?idxno=364848,1,0.95,strong_keep_insurance_risk,0.638691,0,pseudo_keep_model_drop,keep,candidate_hybrid_keep_strong_domain_rule_anchor,8,보험사;킥스,,
2026-09-07,"금감원, 은행 대출 중단 시 사전 안내",최근 은행들이 가계대출 총량 관리 차원에서 사전 안내 없이 대출 취급을 중단하거나 한도를 축소하는 사례가 늘어난 데 따른 조치다. 다만 가수요 촉발이나 쏠림현상 등 부작용을 고려해 안내 필요성이 높은 상품부터...,https://view.asiae.co.kr/article/2026090617302395412,1,0.95,strong_keep_bank_consumer_credit,0.639639,0,pseudo_keep_model_drop,keep,candidate_hybrid_keep_strong_domain_rule_anchor,10,금감원;은행,대출,
2026-09-02,[보험사 자본 분석②] 금리 공식 바뀐 대형사…100bp 내리면 킥스 7%p 올...,이 때문에 2024년과 2025년 금리 하락기 보험사들이 킥스 권고치 준수를 위해서 막대한 규모의 자본성 증권을 발행해 자본을 늘려왔다. 최근 들어서는 포트폴리오가 바뀌면서 금리 하락이 오히려 킥스에 우호적인...,https://news.einfomax.co.kr/news/articleView.html?idxno=4432794,1,0.95,strong_keep_insurance_risk,0.639904,0,pseudo_keep_model_drop,keep,candidate_hybrid_keep_strong_domain_rule_anchor,9,보험사;킥스,금리,
2026-09-04,"신한은행, 예·적금 기본금리 최고 0.3%p↑…대표 예금 최고금리는 '제자...",한국은행의 백투백(2회 연속) 기준금리 인상 단행 이후 신한은행이 예·적금 등 주요 수신상품의 기본금리 인상에 나섰다. 3일 금융권에 따르면 신한은행은 이날부터 총 29개 수신상품 기본금리를 0.15~0.3%포인트(p)...,https://www.getnews.co.kr/news/articleView.html?idxno=879719,1,0.95,strong_keep_lending_consumer_protection,0.642567,0,pseudo_keep_model_drop,keep,candidate_hybrid_keep_strong_domain_rule_anchor,12,한국은행;최고금리;기준금리,,
2026-09-12,“투기 잡으려 대출 조였더니”…불법사금융으로 밀려나는 금융약자 [기...,대부업권에서도 이례적인 일이 벌어지고 있다. 금융감독원에 따르면 상위 10개 대부업체의 신규대출 중 신용점수 800점 이상 고신용자에게 나간 대출 비중이 작년 상반기 7.5%에서 올해 17.1%로 뛰었다. 은행에서 원하는 만큼...,https://www.mk.co.kr/article/12150342,1,0.95,strong_keep_lending_consumer_protection,0.643527,0,pseudo_keep_model_drop,keep,candidate_hybrid_keep_strong_domain_rule_anchor,15,금융감독원;불법사금융,대출,
2026-09-03,은행 부실채권 19조 육박 … 기업대출 건전성 빨간불,"증가율도 20.5%로 가계대출(4.4%) 대비 4배 이상이었다. 한 시중은행 관계자는 ""은행으로서는 정부의 생산적 금융 방침에 호응해야 하는 한편, 가계대출에서 줄어드는 감소분을 기업대출로 채워야 할 필요가 있다""며...",https://www.mk.co.kr/article/12142525,1,0.95,strong_keep_bank_consumer_credit,0.645974,0,pseudo_keep_model_drop,keep,candidate_hybrid_keep_strong_domain_rule_anchor,18,은행;시중은행;부실채권;생산적 금융,건전성;금융,
2026-09-08,"[더벨]한화생명, 애큐온캐피탈 인수 총력…풋옵션 카드 꺼낸다","인수가 성사되면 그룹 내 캐피탈사 부재를 메우는 동시에 한화저축은행의 외형 확장에도 힘을 실을 수 있다.... 실제 지난 1분기 말 기준 애큐온캐피탈의 PF대출은 6130억원, 기업일반대출은 1조8677억원에 달한다. 건당...",https://www.thebell.co.kr/free/content/ArticleView.asp?key=202609031455586400106747,1,0.95,strong_keep_savings_bank_risk,0.649253,0,pseudo_keep_model_drop,keep,candidate_hybrid_keep_strong_domain_rule_anchor,8,저축은행;pf,,
2026-09-17,"서울시, 추석 앞두고 전통시장 불법사금융·고금리대출 집중단속",서울시가 추석을 앞두고 전통시장 상인과 영세 소상공인을 노린 불법 고금리 대출과 미등록 대부업 등에... 주요 수사 대상은 연 이자율 20%를 초과하는 고금리 일수대출과 미등록 대부업 등이다. 선이자 공제·불법...,https://www.yna.co.kr/view/AKR20260916047700004?input=1195m,1,0.95,strong_keep_lending_consumer_protection,0.649747,0,pseudo_keep_model_drop,keep,candidate_hybrid_keep_strong_domain_rule_anchor,13,대부업;불법사금융,,
2026-09-16,"교보생명, 라이프플래닛 흡수합병 ⋯ 내년 4월 완료 예정",새 회계제도인 IFRS17과 킥스 제도 도입 등 보험산업의 규제 환경 변화도 이번 합병 결정에 영향을 미쳤다. 단기·소액·저축성보험을 주력으로 하는 디지털 생보사가 독립적으로 성장하기에는 보험계약서비스마진(CSM)을...,https://biz.newdaily.co.kr/site/data/html/2026/09/15/2026091500367.html,1,0.95,strong_keep_insurance_risk,0.649984,0,pseudo_keep_model_drop,keep,candidate_hybrid_model_keep_prob_ge_threshold_with_domain_anchor,5,킥스,,
2026-09-15,"BNK투자증권, 에버트레져와 문화콘텐츠 토큰증권 협력",BNK투자증권이 글로벌 문화금융 핀테크 스타트업 에버트레져와 문화콘텐츠 기반 조각투자·토큰증권(STO) 사업에 나선다. BNK투자증권은 에버트레져와 문화콘텐츠 기반 조각투자 및 토큰증권 사업 협력을 위한 전략적...,https://www.newsfreezone.co.kr/news/articleView.html?idxno=709159,1,0.85,rule_keep_score_ge_6_with_hard_match,0.227687,0,pseudo_keep_model_drop,keep,candidate_hybrid_keep_strong_domain_rule_anchor,10,토큰증권;sto,,
2026-09-03,"[금융권 이모저모]KB국민은행, 추석 맞아 중소기업에 15조2000억원 지원...","그래픽=KB국민은행 ◇KB국민은행, 추석 맞아 중소기업·소상공인 15조2000억원 지원 KB국민은행은 추석... 지원 대상 기업은 연체 등 부실 사유가 발생하더라도 신용보증기금의 부실처리와 채권보전조치를 유보받을 수...",https://www.businessplus.kr/news/articleView.html?idxno=116273,1,0.85,rule_keep_score_ge_6_with_hard_match,0.237129,0,pseudo_keep_model_drop,keep,candidate_hybrid_keep_strong_domain_rule_anchor,9,신용보증기금,연체;부실,
2026-09-18,"우리금융, 생산적금융 25.3조 공급…연간 목표 조기 초과 달성","투자 부문에서는 국민성장펀드 참여와 모험자본 공급을 늘리고 있으며, 우리은행이 발굴한 2200억원 규모... 장기연체채권 2800억원을 소각할 계획입니다. 임종룡 우리금융 회장은 ""그간 축적해 온 생산적금융 성과를...",http://www.paxetv.com/news/articleView.html?idxno=282216,1,0.85,rule_keep_score_ge_6_with_hard_match,0.272692,0,pseudo_keep_model_drop,keep,candidate_hybrid_keep_strong_domain_rule_anchor,9,국민성장펀드;성장펀드,,
2026-09-15,"[금융권 이모저모]미래에셋증권, 공기업 퇴직연금 세미나 外","/ 사진=BNK금융그룹 ◇BNK투자증권, 문화콘텐츠 기반 토큰증권 사업 협력 BNK투자증권은 문화금융 핀테크 기업 에버트레져와 문화콘텐츠 기반 조각투자 및 토큰증권(STO) 사업 협력을 위한 업무협약(MOU)을 체결했다고...",https://www.businessplus.kr/news/articleView.html?idxno=116808,1,0.85,rule_keep_score_ge_6_with_hard_match,0.287140,0,pseudo_keep_model_drop,keep,candidate_hybrid_keep_strong_domain_rule_anchor,10,토큰증권;sto,,
2026-09-09,은행권 주담대 연체 채권 2.2조 원 급증… 3년 반 만에 120% 폭발,농협은행의 연체 잔액은 2022년 말 1천346억1천만원에서 올해 5천억원을 처음 넘겼다. 일부 지방은행에서는 연체율이 단기간에 급등하는 현상도 나타났다. 전북은행의 주택담보대출 연체율은 작년 말 0.19%에서 올해...,https://www.cbci.co.kr/news/articleView.html?idxno=604741,1,0.85,rule_keep_score_ge_6_with_hard_match,0.349905,0,pseudo_keep_model_drop,keep,candidate_hybrid_keep_strong_domain_rule_anchor,8,은행권,연체;채권,
2026-09-09,주담대 21% 늘 때 연체 120% 급증…은행권 부실 경고음,"농협은행의 연체잔액은 2022년 말 1346억1000만원에서 올해 6월 말 5117억3000만원으로 3.8배 불어났다. 같은 기간 하나은행은 1292억7000만원에서 3026억6000만원으로 2.3배, 신한은행은 1000억3000만원에서...",http://www.4th.kr/news/articleView.html?idxno=2117627,1,0.85,rule_keep_score_ge_6_with_hard_match,0.364013,0,pseudo_keep_model_drop,keep,candidate_hybrid_keep_strong_domain_rule_anchor,8,은행권,연체;부실,
2026-09-03,"토스뱅크, 내달 주담대 출시로 '기울어진 운동장' 깨나…인뱅 삼국지 2...","토스뱅크가 이르면 내달 숙원 과제였던 '주택담보대출(주담대)'을 전격 선보이며 인터넷은행 3사 간... 상반기 말 연체율은 1.05%로 전년 동기 대비 0.15%포인트 떨어졌고, 고정이하여신(NPL) 비율도 0.98%에서 0.91%로 1...",https://www.goodkyung.com/news/articleView.html?idxno=290885,1,0.85,rule_keep_score_ge_6_with_hard_match,0.365403,0,pseudo_keep_model_drop,keep,candidate_hybrid_keep_strong_domain_rule_anchor,8,인터넷은행;npl,,
2026-09-07,[오늘의 신문] 수출 7094억달러·K바이오 기술수출 21조…호르무즈 파병...,특히 카드론 연체율은 20대에서 가장 높아 세대별 금융 취약성도 드러났다.증시에서는 다시 미국으로 향하는 개인투자자가 늘고 있다. 원·달러 환율이 내려가고 국내 증시가 박스권에 머물면서 미국 주식 순매수가...,http://kor.theasian.asia/archives/414811,1,0.85,rule_keep_score_ge_6_with_hard_match,0.379204,0,pseudo_keep_model_drop,keep,candidate_hybrid_keep_strong_domain_rule_anchor,8,카드론,주식;달러;금융,
2026-09-19,"SKC, 반도체 유리기판에 5900억 투자…그룹 리밸런싱도 ‘반도체 위주’...","‘약한고리’ 부동산 PF 연체율 상승 우려 - 핵심 요약: 국내 건설 경기 침체 장기화에 주요국 금리... 6% 급증했는데, 이는 2금융권이 부실 사업장 매각을 추진했음에도 부동산 경기 침체가 길어져 정상화 작업이...",https://www.sedaily.com/article/20092482?ref=naver,1,0.85,rule_keep_score_ge_6_with_hard_match,0.384964,0,pseudo_keep_model_drop,keep,candidate_hybrid_keep_strong_domain_rule_anchor,11,연체율;pf,금리;부실,
2026-09-02,"스페이스X 과장 광고 재발 방지… 증권·운용사 광고, 협회 광고위가 심...","금융감독원은 1일 금융투자협회 및 업계 관계자들과 금융투자회사 광고업무 종합 개선안 설명회를 열고... 서재완 금감원 부원장보는 ""투자자의 합리적 판단을 저해하는 허위·과장 광고에 대해 해당 회사와 임직원을...",https://www.hankookilbo.com/news/article/A2026090114280001390?did=NA,1,0.85,rule_keep_score_ge_6_with_hard_match,0.388577,0,pseudo_keep_model_drop,keep,candidate_hybrid_keep_strong_domain_rule_anchor,12,금융감독원;금감원,,
2026-09-03,[더밸류 브리핑] 오늘의 카드사 소식…하나카드·BC카드,"“이번 산림조합과의 제휴 특판 상품을 통해 금융 소비자들에게 실질적인 재테크 혜택을 제공하는 동시에 지역 상호금융 활성화에도 이바지할 수 있을 것으로 기대한다”라고 전했다. ◆ BC카드, 케이뱅크와...",http://www.thevaluenews.co.kr/news/view.php?idx=201260,1,0.85,rule_keep_score_ge_6_with_hard_match,0.389627,0,pseudo_keep_model_drop,keep,candidate_hybrid_keep_strong_domain_rule_anchor,8,카드사;상호금융,금융,
2026-09-09,"고팍스, ""상반기 글로벌 가상화폐 시장, 규제 '집행' 실행 초점""",고팍스(Gopax) 가상화폐 거래소 분석진은 자체 보고서를 통해 국가별 가상화폐 규제 경쟁의 초점이 시장... 대만 정부는 지난 6워 30일 가상화폐 포괄 법률인 '가상자산서비스법(Virtual Asset Service Act)'을 제정했다. 현지...,https://www.khgames.co.kr/news/articleView.html?idxno=308152,1,0.85,rule_keep_score_ge_6_with_hard_match,0.392735,0,pseudo_keep_model_drop,keep,candidate_hybrid_keep_strong_domain_rule_anchor,8,가상자산;고팍스,,
2026-09-09,"주담대 '영끌족' 한계 본격화?...6월말 연체 농협은행 5000억 돌파, 타 시...","특히 농협은행의 경우 연체 잔액이 2022년 말 1346억, 2023년 말 2417억, 2024년 말 3822억, 작년 말 4434억원으로 늘어난데 이어 올해 6월말 첫 5000억원을 넘어섰다. 이미지=구글 제미나이/표=금융감독원, 박성훈...",https://hbnpress.com/news/view/1065595819569910,1,0.85,rule_keep_score_ge_6_with_hard_match,0.398695,0,pseudo_keep_model_drop,keep,candidate_hybrid_keep_strong_domain_rule_anchor,8,금융감독원,연체,
2026-09-01,늘어난 부실 못 따라가는 충당금…지방은행 손실흡수력 1년 새 일제히 하...,"광주은행은 기업 연체금액이 1년 새 1139억원에서 2164억원으로 늘었으며 전액 중소기업이다. 부산은행은 NPL비율이 1분기 1.26%에서 2분기 1.10%로 낮아졌는데, 2분기에 부실채권 2157억원(고정이하 2040억원)을...",https://www.greened.kr/news/articleView.html?idxno=348866,1,0.85,rule_keep_score_ge_6_with_hard_match,0.403774,0,pseudo_keep_model_drop,keep,candidate_hybrid_keep_strong_domain_rule_anchor,14,npl;부실채권;충당금,부실,
2026-09-16,"[송호길의 금융人] 장민영 IBK기업은행장, '리스크 전문가'의 눈으로…...",기업은행의 6월 말 연체율은 0.94%로 전년 동기보다 0.03%포인트 상승했고 대손비용률도 0.46%로 높아졌다. 반면 고정이하여신비율은 1.27%로 0.10%포인트 낮아졌다. 건전성 지표가 한 방향으로 움직이지 않는 만큼 자금...,http://www.newswatch.kr/news/articleView.html?idxno=81145,1,0.85,rule_keep_score_ge_6_with_hard_match,0.424564,0,pseudo_keep_model_drop,keep,candidate_hybrid_keep_strong_domain_rule_anchor,8,기업은행,건전성;금융,
2026-09-02,"하나카드, 산림조합 예·적금 특판…카카오페이머니 결제 연계","산림조합과 평균 8.0% 적금·4.0% 예금 출시…10월 말까지 판매 카카오페이머니 체크카드 연결…은행 점검... 시중은행을 비롯해 인터넷전문은행, 증권사, 저축은행 등 다양한 금융권 계좌를 연결해 카카오페이머니를...",https://sateconomy.co.kr/news/view/1065576717508522,1,0.85,rule_keep_score_ge_6_with_hard_match,0.425944,0,pseudo_keep_model_drop,keep,candidate_hybrid_keep_strong_domain_rule_anchor,14,은행;시중은행;저축은행;증권사,,
2026-09-02,가계대출 총량 늘리지만⋯일반 주담대·신용대출 문턱은 ‘그대로’,"총량 목표가 늘었더라도 대출 수요가 급증하면 가계부채 관리 부담이 다시 커질 수 있고, LTV·DSR 등 핵심 규제가 그대로인 만큼 총량 확대를 시장 전반의 규제 완화로 보기 어렵다는 판단에서다. 한 시중은행 관계자는...",https://www.viva100.com/article/20260901501003,1,0.85,rule_keep_score_ge_6_with_hard_match,0.427781,0,pseudo_keep_model_drop,keep,candidate_hybrid_keep_strong_domain_rule_anchor,15,시중은행;dsr;ltv;가계부채,대출,
2026-09-16,기업금융 키우는 우리은행…대출 증가분 88% 대기업에 집중,"은행권 전반의 연체율 우려 속에서 불가피한 선택이라는 분석이 나오는 가운데, 하반기에는 중소기업과 소상공인까지 자금 공급 온기를 확산할 수 있을지가 과제로 떠오른다. 15일 금융권에 따르면 우리은행의...",https://www.viva100.com/article/20260915500877,1,0.85,rule_keep_score_ge_6_with_hard_match,0.443781,0,pseudo_keep_model_drop,keep,candidate_hybrid_keep_strong_domain_rule_anchor,9,은행권;연체율,대출,
2026-09-12,"농협은행, 주담대 금리 최대 0.45%p 인하…16일부터 적용",농협은행 측은 실수요자의 금융 부담을 덜어주기 위한 조치라고 설명했다. 한편 농협은행은 한국은행의 기준금리 인상 등 시장금리 변화를 반영해 이날부터 NH올원e예금 금리를 만기별로 0.20~0.30%p 인상했다.,http://www.opinionnews.co.kr/news/articleView.html?idxno=144305,1,0.85,rule_keep_score_ge_6_with_hard_match,0.444465,0,pseudo_keep_model_drop,keep,candidate_hybrid_keep_strong_domain_rule_anchor,10,한국은행;기준금리,금리;금융,
2026-09-09,[기자수첩] 스무고개 넘기 같은 대출 규제,그 뒤에야 주택담보인정비율(LTV)과 총부채원리금상환비율(DSR)을 계산할 수 있다. 이마저도 끝이 아니다. 은행별 가계대출 총량 한도까지 고려해야 한다. 규제가 겹겹이 쌓이다 보니 이를 보완하기 위한 예외규정도 함께...,https://www.fnnews.com/news/202609081855107524,1,0.85,rule_keep_score_ge_6_with_hard_match,0.448369,0,pseudo_keep_model_drop,keep,candidate_hybrid_keep_strong_domain_rule_anchor,8,dsr;ltv,대출,
2026-09-02,[2027 예산안] 소상공인 7000억 채무 탕감하고 농어촌 기본소득 지역 확...,"코로나 시기 은행과 정책금융기관이 내준 개인 사업자 대출은 358조7000억원인데, 이 중 아직 상환되지 않은 잔액은 154조7000억원이다. 이 중 3개월 이상 원금·이자를 갚지 않은 장기 연체 비율은 4.1%로, 금액으로는 약...",https://biz.chosun.com/policy/policy_sub/2026/09/01/NZVHGX763FHMJKLKKF66JPPMD4/?utm_source=naver&utm_medium=original&utm_campaign=biz,1,0.85,rule_keep_score_ge_6_with_hard_match,0.449266,0,pseudo_keep_model_drop,keep,candidate_hybrid_keep_strong_domain_rule_anchor,12,정책금융;정책금융기관,연체,
2026-09-11,‘반도체 벨트’ 집값 급등…한은 “동탄구 매매 가격 지수 17.5% 상승”,한국은행은 반도체 수출 호황으로 기업 실적이 개선되며 삼성전자와 SK하이닉스 공장과 가까운 경기 화성시... 수도권 지역을 중심으로 주택 매매 수요가 늘고 가계대출이 증가하며 금융시장의 불안 요인이 커지고...,https://www.donga.com/news/Economy/article/all/20260910/134643577/1,1,0.85,rule_keep_score_ge_6_with_hard_match,0.452455,0,pseudo_keep_model_drop,keep,candidate_hybrid_keep_strong_domain_rule_anchor,10,한국은행;한은,,
2026-09-11,"""실적 좋아도 장담 못 해""…'내부통제·지배구조' 5대 은행장 시험대","11일 금융권에 따르면 하나은행이 최근 경영 승계 절차를 공식 개시한 가운데, KB국민·신한·우리... 올 6월 말 기준 고정이하여신(NPL) 비율은 0.28%로 1년 전 동기 대비 0.07%포인트(p) 낮아졌고, 연체율 역시 0.31%에서 0.27%로...",https://www.dailian.co.kr/news/view/1688907/?sc=Naver,1,0.85,rule_keep_score_ge_6_with_hard_match,0.454961,0,pseudo_keep_model_drop,keep,candidate_hybrid_keep_strong_domain_rule_anchor,9,npl;연체율,실적,
2026-09-08,"주담대 연체 2.2조 '시한폭탄'···은행권, 충당금 3배 쌓고 총력 대응","경남은행(0.41%)과 Sh수협은행(0.45%)도 연체율 오름세를 보였다. 반면 신한은행(0.19%)은 상승폭이 제한적이었고, 카카오뱅크는 0.38%에서 0.16%로 오히려 하락했다. 금융권 관계자는 ""고금리 상황이 장기화되면서...",https://www.smartbizn.com/news/articleView.html?idxno=153274,1,0.85,rule_keep_score_ge_6_with_hard_match,0.467218,0,pseudo_keep_model_drop,keep,candidate_hybrid_keep_strong_domain_rule_anchor,14,은행권;연체율;충당금,연체,
2026-09-15,은행 마이너스통장 잔액 70조원 육박…7개월 새 6조원 증가,"한 시중은행 대출창구 (사진=연합뉴스) 은행권 마이너스통장 대출이 다시 빠르게 불어나고 있다. 올해... 박 의원은 ""계좌 수는 그대로인데 대출 잔액만 크게 늘었다는 것은 가계의 급전 의존도가 높아지고 있다는...",https://www.delighti.co.kr/news/articleView.html?idxno=121786,1,0.85,rule_keep_score_ge_6_with_hard_match,0.468784,0,pseudo_keep_model_drop,keep,candidate_hybrid_keep_strong_domain_rule_anchor,12,은행;은행권;시중은행,대출,
2026-09-10,기업대출 6조 늘린 은행권…중소기업 재무건전성은 '역주행',"9일 금융권에 따르면 KB국민·신한·하나·우리·NH농협 등 5대 시중은행의 지난달 말 기업대출 잔액은 883조... 중소기업대출 연체율도 0.82%로 대기업대출(0.22%)의 약 4배에 달했으며, 지난해 같은 기간(0.74%)과...",http://www.opinionnews.co.kr/news/articleView.html?idxno=144213,1,0.85,rule_keep_score_ge_6_with_hard_match,0.468845,0,pseudo_keep_model_drop,keep,candidate_hybrid_keep_strong_domain_rule_anchor,8,은행권;시중은행,,
2026-09-07,[분석] 2조 달러 IPO 누가 먹여 살리나?···앤스로픽 거품 美 채권시장...,기술기업 채권의 스프레드도 확대되면서 늘어나는 공급량을 받아들이기 위해 투자자들이 더 높은 금리를 요구하는 현상이 나타나고 있다. 미국 댈러스 연방준비은행은 올해 AI 관련 투자등급 회사채 발행에 대한 월가...,https://www.womaneconomy.co.kr/news/articleView.html?idxno=258360,1,0.85,rule_keep_score_ge_6_with_hard_match,0.469549,0,pseudo_keep_model_drop,keep,candidate_hybrid_keep_overseas_global_reference,12,회사채;스프레드;ipo,달러,
2026-09-16,"'리딩뱅크' 굳힌 정상혁 신한은행장, 첫 '3연임' '청신호'",가능성에 금융권의 시선이 집중되고 있다. 올해 상반기 시중은행 순이익 1위(리딩뱅크) 자리를 수성한... 아울러 상반기 말 연체율(0.34%)과 고정이하여신(NPL) 비율(0.31%)을 안정적으로 관리하며 질적 성장까지 입증했다....,https://www.smartbizn.com/news/articleView.html?idxno=153858,1,0.85,rule_keep_score_ge_6_with_hard_match,0.473034,0,pseudo_keep_model_drop,keep,candidate_hybrid_keep_strong_domain_rule_anchor,13,시중은행;npl;연체율,순이익,
2026-09-21,“전셋집 못 구해 영끌”…서울이 진짜 심각한 이유 [잇슈 머니],"금융감독원 자료를 보면 은행 주택담보대출 잔액은 2022년 말 644조 3천억 원에서 올해 6월 말 779조 2천억 원으로 21% 늘었는데, 한 달 이상 연체된 채권은 1조 원에서 2조 2천억 원으로 120% 급증했습니다. 연체가 대출보다...",https://news.kbs.co.kr/news/pc/view/view.do?ncd=8668190&ref=A,1,0.85,rule_keep_score_ge_6_with_hard_match,0.474808,0,pseudo_keep_model_drop,keep,candidate_hybrid_keep_strong_domain_rule_anchor,9,금융감독원;은행,,
2026-09-15,"현대캐피탈, 중소 렌터카 상생 지원",최근 여신전문금융업권은 경기 둔화로 어려움을 겪는 소상공인과 협력 업체를 대상으로 상생 금융 지원을 확대하는 분위기다. 유동성 부담을 줄여주는 상생 프로그램과 사업 연계형 지원 체계 구축은 중소 업체의 경영...,https://www.cnbnews.com/news/articleView.html?idxno=1015648,1,0.85,rule_keep_score_ge_6_with_hard_match,0.478173,0,pseudo_keep_model_drop,keep,candidate_hybrid_keep_strong_domain_rule_anchor,10,유동성;여신전문금융업,금융,
2026-09-14,"성주군산림조합, 상호금융 활성화 및 건전성 평가 우수조합 선정",성주군산림조합(조합장 김재국)이 상호금융 활성화 및 연체율 관리를 통한 건전성 평가에서 우수조합으로 선정돼 산림조합중앙회로부터 포상으로 차량을 지원받았다. 평가는 전국 142개 산림조합을 대상으로 영업 성과와...,https://www.dkilbo.com/news/articleView.html?idxno=554222,1,0.85,rule_keep_score_ge_6_with_hard_match,0.480078,0,pseudo_keep_model_drop,keep,candidate_hybrid_keep_strong_domain_rule_anchor,10,상호금융;연체율,건전성,
2026-09-20,국내은행 상반기 순이익 감소…건전성 지표는 악화,국내은행의 분기별 연체율은 2022년 2분기 0.20%를 저점으로 상승세로 돌아서 올해 2분기 0.56%를 기록했다. 부실채권비율도 같은 기간 0.38%에서 0.63%로 높아졌다. 기업과 가계의 부실 위험도 커지고 있다. 국내 비금융...,https://www.seoulfn.com/news/articleView.html?idxno=638373,1,0.85,rule_keep_score_ge_6_with_hard_match,0.482246,0,pseudo_keep_model_drop,keep,candidate_hybrid_keep_strong_domain_rule_anchor,9,부실채권,부실;건전성;순이익,
2026-09-08,B·T·S…고객 홀리는 ‘알파벳 세계관’,"가맹점 수수료율 인하로 본업 수익성이 떨어지는 가운데 조달비용 부담과 카드론 규제까지 겹쳤다. 올 상반기 주요 카드사 순이익은 반등했지만, 비용 절감과 대손비용 감소 영향이 크다. 카드사마다 안정적인 결제...",https://www.mk.co.kr/article/12138837,1,0.85,rule_keep_score_ge_6_with_hard_match,0.483478,0,pseudo_keep_model_drop,keep,candidate_hybrid_keep_strong_domain_rule_anchor,9,카드사;카드론,가맹점,
2026-09-10,[특별기획] 은행 없는 가상화폐 금융시장 구조 분석,"예금보험과 같은 보호체계나 금융당국의 건전성 규제가 동일하게 적용되지 않기 때문이다. 특히 가상화폐... 간 상호연결성 등이 꼽혔다. 다만, 금융안정위원회는 당시 가상화폐 시장 규모를 고려할 때, '다기능 가상자산...",https://www.khgames.co.kr/news/articleView.html?idxno=308199,1,0.85,rule_keep_score_ge_6_with_hard_match,0.484179,0,pseudo_keep_model_drop,keep,candidate_hybrid_keep_strong_domain_rule_anchor,9,은행;가상자산,건전성,
2026-09-18,"소진공, 소상공인 대환대출 창구 12곳으로…신협 신규 참여",상호금융기관이 이 사업의 취급기관으로 선정된 것은 신협이 처음이다. 소상공인 대환대출은 재무건전성이 약화된 중·저신용 소상공인의 고금리 부채 상환 부담과 금융비용을 낮추기 위한 정책자금이다....,https://www.pinpointnews.co.kr/news/articleView.html?idxno=487890,1,0.85,rule_keep_score_ge_6_with_hard_match,0.484402,0,pseudo_keep_model_drop,keep,candidate_hybrid_keep_strong_domain_rule_anchor,8,상호금융;신협,,
2026-09-02,[김나윤의 플러그인] 1.5% 금리에 DSR 제외까지…삼성전자가 반도체 인재...,삼성전자의 대출 제도는 무주택 임직원의 주택 구입 및 전세 자금을 지원하는 게 골자다. 시중은행... 사내 대출 특성상 금융권 총부채원리금상환비율(DSR) 규제 대상에서 제외돼 가계대출 문턱에 막혔던 임직원들에게...,https://www.ajunews.com/view/20260901154946545,1,0.85,rule_keep_score_ge_6_with_hard_match,0.486974,0,pseudo_keep_model_drop,keep,candidate_hybrid_keep_strong_domain_rule_anchor,9,시중은행;dsr,대출,
2026-09-01,"서울시, 자영업자에 최대 2000만원 지원…안심통장 4호 출시",다만 △서울신용보증재단 보증심사 과정에서 4개 이상의 기관으로부터 신용카드 현금서비스를 받았거나 받은 금액의 합계액이 1000만원을 초과하는 경우 △ 최근 3개월 이내 여신전문금융업법 및 상호저축은행법에...,https://www.mt.co.kr/policy/2026/08/31/2026083016145994712,1,0.85,rule_keep_score_ge_6_with_hard_match,0.494503,0,pseudo_keep_model_drop,keep,candidate_hybrid_keep_strong_domain_rule_anchor,10,저축은행;여신전문금융업,,
2026-09-02,가계대출 관리 완화됐지만…보험사 주담대 대응 '온도차',"이어 ""보험권의 경우 구체적인 주담대 가이드가 내려오는 것보다는 은행권 대출 규제에 따른 풍선효과가 보험권으로 과도하게 넘어오지 않도록 가계대출 전반을 관리하는 성격이 강하다""며 ""가계대출 기조 변화가 업권...",http://www.popcornnews.net/news/articleView.html?idxno=131454,1,0.85,rule_keep_score_ge_6_with_hard_match,0.494994,0,pseudo_keep_model_drop,keep,candidate_hybrid_keep_strong_domain_rule_anchor,8,은행권;보험사,대출,
2026-09-14,"주거용 오피스텔 집단대출도 풀리나…당국, 총량관리 제외 검토",13일 금융당국에 따르면 금융위원회는 주거용 오피스텔 집단대출을 금융회사별 가계대출 총량관리 목표에서... 집단대출의 총량관리 부담이 완화될 경우 관련 대출 취급 여력이 커질 것으로 기대하고 있다. 은행들이...,https://www.newsway.co.kr/news/view?ud=2026091314034160853,1,0.85,rule_keep_score_ge_6_with_hard_match,0.499959,0,pseudo_keep_model_drop,keep,candidate_hybrid_keep_strong_domain_rule_anchor,13,금융위원회;금융위,대출,
2026-09-16,美 국채 5%에 회사채마저 고공행진 … 대기업 은행 찾자 중소기업 '돈줄...,"금융감독원에 따르면 6월 말 국내은행의 대기업대출 연체율은 0.22%, 중소기업대출 연체율은 0.82%로... 금융권 관계자는 “중소기업은 직접금융시장 접근성이 낮아 은행 의존도가 높은 만큼 시장금리가 상승하고...",https://biz.newdaily.co.kr/site/data/html/2026/09/15/2026091500133.html,1,0.85,rule_keep_score_ge_6_with_hard_match,0.500042,0,pseudo_keep_model_drop,keep,candidate_hybrid_keep_strong_domain_rule_anchor,12,금융감독원;은행;국채,,
2026-09-21,"이재관, 수협 부실대출 연체금액 5년 새 4.9배 급증...고위험 비어업인...","수협중앙회로부터 제출받은 자료에 따르면, 수협 상호금융 부실대출 연체금액은 2021년 말 4885억 원에서 올해 8월 말 2조 3724억 원으로 폭증했다. 전체 연체율 역시 같은 기간 1.64%에서 7.10%로 4.3배 뛰었으며 이 중 93....",http://www.chungnamilbo.co.kr/news/articleView.html?idxno=910769,1,0.85,rule_keep_score_ge_6_with_hard_match,0.500259,0,pseudo_keep_model_drop,keep,candidate_hybrid_keep_strong_domain_rule_anchor,8,상호금융;연체율,,
2026-09-11,"27.5% 문제성 대출, MKB 기업여신서 확인",구조조정이나 담보 회수 등을 통해 일부 대출이 정상화될 수 있어 실제 손실 규모는 연체 장기화와 충당금 설정 결과를 함께 봐야 한다. 이번 수치는 러시아 은행권 전체의 부실화가 확정됐다는 의미로 보기보다...,https://www.tokenpost.kr/news/economy/405956,1,0.85,rule_keep_score_ge_6_with_hard_match,0.502597,0,pseudo_keep_model_drop,keep,candidate_hybrid_keep_strong_domain_rule_anchor,11,은행권;충당금,대출;연체,
2026-09-03,[이슈+] 집단대출 '숨통'·전세대출 '찬밥'···'땜질식 처방'에 대출 양...,금융권에 따르면 지난달 당국이 은행권 가계대출 증가율 목표치를 3.0%로 상향하면서 5대 시중은행의 가계대출 총량 역시 약 7조원으로 확대된 것으로 알려졌다. 그러나 5대 은행의 정책성 대출을 제외한 가계대출 잔액은...,https://www.seoulfn.com/news/articleView.html?idxno=637089,1,0.85,rule_keep_score_ge_6_with_hard_match,0.502667,0,pseudo_keep_model_drop,keep,candidate_hybrid_keep_strong_domain_rule_anchor,9,은행권;시중은행,대출,
2026-09-03,햇살론 내년 1500억 늘린다…대위변제 대책은 '실종',정부는 코로나19 당시 대출을 받은 뒤 장기 연체에 빠진 자영업자·소상공인을 대상으로 6조~7조원 규모의 채무조정을 검토하기로 했습니다. 2020~2023년 은행권과 정책금융기관이 공급한 개인사업자 대출 358조7000억원...,http://www.newstomato.com/ReadNews.aspx?no=1312280&inflow=N,1,0.85,rule_keep_score_ge_6_with_hard_match,0.503648,0,pseudo_keep_model_drop,keep,candidate_hybrid_keep_strong_domain_rule_anchor,11,정책금융;정책금융기관,대출,
2026-09-17,"남부발전, 첫 외화 기후전환채권에 20억달러 몰려",국채 대비 50bp 수준으로 결정됐다. 1bp는 0.01%포인트다. 이번 가산금리는 2026년 국내 5개 화력발전사가 발행한 3년 만기 미 달러화 채권 가운데 가장 낮은 스프레드다. 남부발전은 이번 발행을 계기로 국내 채권시장에...,http://www.ikld.kr/news/articleView.html?idxno=340755,1,0.85,rule_keep_score_ge_6_with_hard_match,0.508498,0,pseudo_keep_model_drop,keep,candidate_hybrid_keep_strong_domain_rule_anchor,12,스프레드;국채;국내 채권시장,채권,
2026-09-09,[오늘 외환딜러 환율 예상레인지],"8일 서울외환시장의 외환딜러들은 달러-원 환율이 1,340원대에서 방향성을 탐색할 것으로 전망했다. 간밤 미국 금융시장이 노동절로 휴장한 가운데 뉴욕장에서 달러인덱스와 달러-원의 움직임은 제한적이었다....",https://news.einfomax.co.kr/news/articleView.html?idxno=4433870,1,0.85,rule_keep_score_ge_6_with_hard_match,0.509961,0,pseudo_keep_model_drop,keep,candidate_hybrid_keep_strong_domain_rule_anchor,8,환율;외환시장,달러,
2026-09-02,2금융권도 대출 총량 추가 배분 시작…상호금융도 일부 숨통,올해 가계대출 순증 총량이 '0~1%'였던 새마을금고와 신협·농협 등도 추가 대출 여력이 생긴 것입니다. 다만 상호금융권은 이미 올해 상반기 가계대출 관리 실패로 관리 목표치를 크게 초과해 이번 배분으로 유의미한 대출...,https://biz.sbs.co.kr/article_hub/20000332101?division=NAVER,1,0.85,rule_keep_score_ge_6_with_hard_match,0.510143,0,pseudo_keep_model_drop,keep,candidate_hybrid_keep_strong_domain_rule_anchor,13,상호금융;새마을금고;신협,대출,
2026-09-07,[위클리 뱅크이슈] 대출 문 다시 열었지만 '잠깐'… 주담대 8% 공포까지...,NH농협은행도 대면 변동금리형 주담대 판매와 모기지신용보증(MCG) 취급을 재개했고 상호금융권인 새마을금고 역시 집단대출 창구를 다시 열었다. 은행들이 잇따라 대출 문을 다시 연 것은 금융당국이 '8·13 부동산...,http://www.the-biz.co.kr/news/articleView.html?idxno=727372,1,0.85,rule_keep_score_ge_6_with_hard_match,0.510623,0,pseudo_keep_model_drop,keep,candidate_hybrid_keep_strong_domain_rule_anchor,9,상호금융;새마을금고,대출,
2026-09-15,"[초점] SC제일은행, '역대 최대 순익'이라더니…부실채권 50% 폭증",고정이하여신비율(NPL)은 0.49%에서 0.71%로 0.22%포인트 올랐고 연체율 역시 0.42%에서 0.45%로 상승했다. 부실... ■ 이광희 행장 보수 18억…4대 시중은행장 웃돌아 건전성 후퇴 속에서도 최고경영자(CEO) 보수는 금융권...,https://news.ifm.kr/news/articleView.html?idxno=479348,1,0.85,rule_keep_score_ge_6_with_hard_match,0.512434,0,pseudo_keep_model_drop,keep,candidate_hybrid_keep_strong_domain_rule_anchor,20,시중은행;npl;부실채권;연체율,부실;건전성,
2026-09-20,"연체 2.4조 수협중앙회…노동진 회장, '부실 정리' 성과부터 답하라(1부...","20일 국회에 따르면 이재관 더불어민주당 의원이 수협중앙회에서 제출받은 자료를 인용해 올해 8월 말 수협 상호금융 연체액이 2조3724억원, 연체율이 7.10%라고 밝혔다. 건설업 연체율은 16.35%, 부동산업은 11.29%에 달했다....",https://www.the-today.com/news/articleView.html?idxno=90428,1,0.85,rule_keep_score_ge_6_with_hard_match,0.514804,0,pseudo_keep_model_drop,keep,candidate_hybrid_keep_strong_domain_rule_anchor,8,상호금융,연체;부실,
2026-09-01,"'병장 150만원', 군인 월급 올려줬더니 빚투·도박 유혹 노출?…“대부...","지난해 채무조정 절차를 밟은 군 복무자는 400명을 넘었고, 군인을 대상으로 한 대부업체의 대출 규모 역시... 대부업계에서 빌린 자금도 상당한 수준이다. 금융위원회에 등록된 대형 금전대부업체 30곳의 군인 대상 대출...",https://www.etnews.com/20260831000330,1,0.85,rule_keep_score_ge_6_with_hard_match,0.515497,0,pseudo_keep_model_drop,keep,candidate_hybrid_keep_strong_domain_rule_anchor,13,금융위원회;금융위,대출,
2026-09-16,코픽스 3.18%서 상승세 '뚝'…주담대 10명 중 7명 '변동금리',컨슈머타임스=김하은 기자 | 은행권 주택담보대출 변동금리의 기준이 되는 코픽스(COFIX... 한국은행에 따르면 7월 신규 취급 주담대 가운데 변동형 비중은 68.1%로 1년 전보다 56.9%포인트 급등했다. 신규 차주 10명 중...,https://www.cstimes.com/news/articleView.html?idxno=720759,1,0.85,rule_keep_score_ge_6_with_hard_match,0.517389,0,pseudo_keep_model_drop,keep,candidate_hybrid_keep_strong_domain_rule_anchor,9,한국은행;은행권,,
2026-09-01,총량규제 제외에도 웃지 못하는 카드사...중금리대출 확대 ‘고심’,31일 금융권에 따르면 금융당국은 이달부터 금융회사의 중금리대출 증가분 전액을 가계대출 총량 관리... 총채권 연체율은 1.54%로 지난해 말 1.52%보다 0.02%포인트 상승했다. 조달비용 상승은 카드론 금리에도 반영되고...,https://www.youthdaily.co.kr/news/article.html?no=226010,1,0.85,rule_keep_score_ge_6_with_hard_match,0.517923,0,pseudo_keep_model_drop,keep,candidate_hybrid_keep_strong_domain_rule_anchor,8,카드사;카드론,,
2026-09-21,"정정훈號 캠코 1년, 11.7조 장기 연체채권 품었다","상호금융과 대부업체, 공공기관, 유동화회사까지 매입 대상을 넓혀왔다. 올해 7월 진행된 6차 매입에서는 상록수제일차유동화전문회사와 케이비스타 등 유동화회사와 공공기관, 농협·신협, 대부업체가 가진 2조6146억원...",https://www.fntimes.com/html/view.php?ud=202609182154455248dd55077bc2_18,1,0.85,rule_keep_score_ge_6_with_hard_match,0.517929,0,pseudo_keep_model_drop,keep,candidate_hybrid_keep_strong_domain_rule_anchor,8,상호금융;신협,,
2026-09-08,카드사 중금리대출 연 10조 전망…수익성 저하 우려 커져,대출 취급액은 전년 동기 대비 41.6% 증가한 4조9456억원으로 약 5조원에 육박한다. 같은 시기 5대 시중은행이... 최근 중금리대출에 대해서는 가계대출 총량 규제 한도에서 제외하겠다며 상품을 확대하라고 재차...,https://www.etnews.com/20260907000114,1,0.85,rule_keep_score_ge_6_with_hard_match,0.521729,0,pseudo_keep_model_drop,keep,candidate_hybrid_keep_strong_domain_rule_anchor,8,시중은행;카드사,대출,
2026-09-03,"자본잠식 166곳 빠진 신협, 중앙회장 선거법 '내부갈등'","◆ 신협, 연체율 14년來 최고 '6.11%' 2일 금융권에 따르면 2020년 전후 1~2%대였던 신협의 연체율은 올해 6월 말 기준으로 6.11%까지 치솟았다. 2012년 말 6.39%를 기록한 이후 가장 높은 수준이다. 특히, 기업대출에서 연체율...",https://www.newstopkorea.com/news/articleView.html?idxno=47421,1,0.85,rule_keep_score_ge_6_with_hard_match,0.522989,0,pseudo_keep_model_drop,keep,candidate_hybrid_keep_strong_domain_rule_anchor,8,신협;연체율,,
2026-09-11,[금융지주 승계전] 황병우 2기 굳히나…‘시중은행’ 넘어 수익성 증명...,"만큼 금융권에서는 경영 연속성에 무게를 두는 시각이 적지 않다. 다만 이번 iM금융 차기 회장 인선을 단순... 그룹의 6월 말 NPL비율과 연체율은 각각 1.41%, 1.38%로 전년 동기보다는 개선됐다. iM뱅크 연체율 역시 0.87%로...",https://www.tfmedia.co.kr/news/article.html?no=207132,1,0.85,rule_keep_score_ge_6_with_hard_match,0.523360,0,pseudo_keep_model_drop,keep,candidate_hybrid_keep_strong_domain_rule_anchor,12,시중은행;npl;연체율,,
2026-09-10,"불황에 뜬다···민간 NPL전업사, 자금조달 박차","또한 대규모 채권 정리에도 6월 말 원화대출 연체율은 0.56%로, 6월 말 기준 2016년(0.71%) 이후 10년 만에 가장... 다만 금융권에선 부실채권 물량이 급격히 확대되면서 NPL 투자사의 소화여력이 한계에 달할 수 있다고...",https://www.seoulfn.com/news/articleView.html?idxno=637499,1,0.85,rule_keep_score_ge_6_with_hard_match,0.523577,0,pseudo_keep_model_drop,keep,candidate_hybrid_keep_strong_domain_rule_anchor,10,npl;부실채권,채권,
2026-09-05,“10조 넘게 팔리던게 1조도 안 팔려”…조정장에 ETF마저 ‘시들’,"증시 조정장이 이어진 영향인데, 최근 금융당국의 불완전판매 검사까지 더해지며 시장에서는 ETF 판매... 이에 금감원은 은행권 ETF 판매 관련 수수료 체계 개편과 수수료 환급 방안까지 검토 중이다. 올해 상반기...",https://www.mk.co.kr/article/12144285,1,0.85,rule_keep_score_ge_6_with_hard_match,0.523655,0,pseudo_keep_model_drop,keep,candidate_hybrid_keep_strong_domain_rule_anchor,9,은행권;불완전판매,수수료,
2026-09-17,카드론 46%·현금서비스 92%가 연 16% 이상…금리 상승에 건전성 부담,"평균 연체율은 1.61%로 집계됐다. 지난해 같은 기간 평균 1.80%와 비교하면 0.19%포인트 낮아진 수준이다. 카드사의 여신성 자산 평균 신용점수가 상승하고 고위험 카드대출 비중도 축소됐지만, 카드론과 현금서비스의...",https://www.ceoscoredaily.com/page/view/2026091615375778092,1,0.85,rule_keep_score_ge_6_with_hard_match,0.529383,0,pseudo_keep_model_drop,keep,candidate_hybrid_keep_strong_domain_rule_anchor,8,카드론,금리;건전성,
2026-09-17,"""은행권 대출 22% 늘 때 부실 82% 급증""…국힘 김재섭 ""기업여신 건전성...",현재 연체 등 부실이 발생하진 않았지만 향후 부실 가능성이 있는 요주의여신도 올해 상반기 16조3천820억원에 달했다. 김 의원실 분석에 따르면 특히 지방은행의 기업 여신 건전성 악화가 뚜렷했다. 올해 상반기...,https://news.einfomax.co.kr/news/articleView.html?idxno=4435139,1,0.85,rule_keep_score_ge_6_with_hard_match,0.531031,0,pseudo_keep_model_drop,keep,candidate_hybrid_keep_strong_domain_rule_anchor,11,은행권,대출;연체;부실;건전성,
2026-09-03,추석 앞두고 은행권 74조원 '돈맥경화' 푼다…中企·소상공인 자금 숨통,은행 입장에서도 우량 중소기업과 개인사업자의 일시적인 유동성 부족이 연체나 부실로 이어지는 것을 막는 효과가 있다. 신규 자금을 공급하는 동시에 기존 대출 만기를 연장하는 방식으로 기업의 자금 흐름을...,https://www.techm.kr/news/articleView.html?idxno=154869,1,0.85,rule_keep_score_ge_6_with_hard_match,0.531307,0,pseudo_keep_model_drop,keep,candidate_hybrid_keep_strong_domain_rule_anchor,11,은행;은행권;유동성,대출,
2026-09-05,"가계대출 규제에 사장님 모시기…인뱅, 사업자대출 1년 새 50% 급증",4일 금융권에 따르면 카카오뱅크·케이뱅크·토스뱅크 등 인터넷은행 3사의 개인사업자 대출 잔액은 지난... 은행권 개인사업자대출 연체율은 지난 5월 말 0.84%로 2013년 5월 이후 13년 만에 가장 높은 수준을...,https://www.dailian.co.kr/news/view/1686304/?sc=Naver,1,0.85,rule_keep_score_ge_6_with_hard_match,0.531625,0,pseudo_keep_model_drop,keep,candidate_hybrid_keep_strong_domain_rule_anchor,9,은행권;인터넷은행,대출,
2026-09-21,"고금리의 역습, 약한 곳부터 터졌다…저신용 자영업 연체율 45%",20일 금융권에 따르면 KB국민·신한·하나·우리·NH농협은행의 개인사업자 대출 연체율을 금융감독원 표준 10등급 체계로 분석한 결과 지난달 말 3등급 차주의 평균 연체율은 0.05%에 그쳤다. 2021년 말 0.07%보다 오히려...,https://www.fnnews.com/news/202609200950303619,1,0.85,rule_keep_score_ge_6_with_hard_match,0.533756,0,pseudo_keep_model_drop,keep,candidate_hybrid_keep_strong_domain_rule_anchor,11,금융감독원;연체율,대출,
2026-09-10,[크립토 브리핑] 비트코인 1억600만원대 '숨고르기'…유가 급등·美 CPI에...,9일 오전 8시10분 기준 비트코인은 국내 가상자산거래소 빗썸에서 24시간 전보다 0.06% 내린 1억648만원에 거래됐다. 코인마켓캡에서는 7만8566달러를 기록하며 7만8000달러선을 지켰다. 이더리움은 0.06% 하락했고...,https://www.techm.kr/news/articleView.html?idxno=155034,1,0.85,rule_keep_score_ge_6_with_hard_match,0.535527,0,pseudo_keep_model_drop,keep,candidate_hybrid_keep_strong_domain_rule_anchor,9,가상자산;가상자산거래소,,
2026-09-03,"늙어버린 韓, 균형 실질금리 1.4%p 낮췄다⋯한은 ""은행 건전성도 위협""",있다는 한국은행의 심층 분석이 나왔다. 통화당국이 경기 침체 시 금리를 내릴 수 있는 정책 여력이... 2세)으로 유지됐을 경우를 가정한 2024년 기준 균형 실질금리는 현재 관측치보다 약 1.4%p 높았을 것으로 추정됐다....,https://www.etoday.co.kr/news/view/2620966,1,0.85,rule_keep_score_ge_6_with_hard_match,0.536813,0,pseudo_keep_model_drop,keep,candidate_hybrid_keep_strong_domain_rule_anchor,13,한국은행;한은;은행,,
2026-09-13,"넥스트레이드 애프터마켓 독점적 지위 내려놓아, 김학수 '안정성·신사...",<비즈니스포스트> 김 대표는 안정성 보완뿐 아니라 조각투자·토큰증권(STO) 등 신사업 발굴에도 힘을 싣는다. 조각투자는 하나의 자산(저작권·미술품 등)을 여러 명이 나눠 소유하는 투자 방식을 일컫는다. STO는 이렇게...,https://www.businesspost.co.kr/BP?command=article_view&num=447052,1,0.85,rule_keep_score_ge_6_with_hard_match,0.536984,0,pseudo_keep_model_drop,keep,candidate_hybrid_keep_strong_domain_rule_anchor,10,토큰증권;sto,,
2026-09-08,가계대출 총량 늘렸는데 '대출런' 여전…왜?,"농협·수협·신협·새마을금고 등 상호금융권은 공통적인 총량 한도를 부여하고 상반기 한도 초과 폭이 적었던 곳에 추가 여력을 배분하면서, 신협과 새마을금고는 각각 1000억~3000억 원의 추가 한도가 배정된 것으로...",https://biz.sbs.co.kr/article_hub/20000333237?division=NAVER,1,0.85,rule_keep_score_ge_6_with_hard_match,0.537509,0,pseudo_keep_model_drop,keep,candidate_hybrid_keep_strong_domain_rule_anchor,12,상호금융;새마을금고;신협,,
2026-09-08,중소기업 추석 특별대출 43조 푼다 만기연장도 지원,시중은행이 대규모 긴급 수혈에 착수했다. 금융위원회와 중소벤처기업부는 국책은행과 시중은행... 신용등급이 다소 하락한 기업이라 하더라도 과거 연체 이력이 없거나 최근 6개월간 정상적으로 영업을 이어온 경우...,https://www.gokorea.kr/news/articleView.html?idxno=877333,1,0.85,rule_keep_score_ge_6_with_hard_match,0.539022,0,pseudo_keep_model_drop,keep,candidate_hybrid_keep_strong_domain_rule_anchor,18,금융위원회;금융위;시중은행,연체,
2026-09-04,"[뉴욕증시] '월러 풋'에 국채금리 '뚝', 1%대↑···엔화·암호화폐·금...",3일(현지시간) 뉴욕증권거래소(NYSE)에서 우량주 중심의 다우존스30 산업평균지수는 전장보다 624.16포인트... 가상자산은 강세였다. 비트코인은 장중 한때 전장보다 5.5% 급등한 8만1천달러선에서 거래됐다. 이로써...,https://www.seoulfn.com/news/articleView.html?idxno=637230,1,0.85,rule_keep_score_ge_6_with_hard_match,0.542918,0,pseudo_keep_model_drop,keep,candidate_hybrid_keep_strong_domain_rule_anchor,12,국채금리;가상자산;암호화폐,,
2026-09-02,카드사 휴면카드 느는데…우리카드는 계속 줄였다,"2일 데이터뉴스가 여신금융협회 공시정보포털의 휴면신용카드 수 및 비중 추이를 분석한 결과, 올해 2분기 말 8개 전업카드사의 휴면 신용카드는 총 1767만 장으로 집계됐다. 전년 동기(1660만 장) 대비 6.5% 증가했다....",http://www.datanews.co.kr/news/article.html?no=146254,1,0.85,rule_keep_score_ge_6_with_hard_match,0.543360,0,pseudo_keep_model_drop,keep,candidate_hybrid_keep_strong_domain_rule_anchor,9,카드사;여신금융협회,,
2026-09-14,저금리·부동산·관시 겹친 중국금융…KB·신한 ‘검증의 현지화’ 대응...,"상업은행 부실채권(NPL) 비율은 1.50%로 표면적인 건전성은 안정적인 수준이지만, 경제구조 변화에 따른... 다만 관시 자체를 곧바로 부패나 금융사고의 원인으로 볼 수는 없다. 관시는 중국에서 장기간 쌓은 신뢰와 상호...",https://www.fntimes.com/html/view.php?ud=202609112320061358dd55077bc2_18,1,0.85,rule_keep_score_ge_6_with_hard_match,0.543468,0,pseudo_keep_model_drop,keep,candidate_hybrid_keep_strong_domain_rule_anchor,8,npl;부실채권,,
2026-09-11,"비트코인 현물 ETF 도입 논의 본격화…""은행 책임 수탁·복수 거래소 가...",특정 가상자산거래소의 시세만 활용하면 해당 거래소에서 가격 왜곡이나 시스템 장애가 발생할 경우 ETF 가격의 신뢰성이 함께 흔들릴 수 있기 때문이다. 이에 복수의 적격 거래소에서 형성되는 가격을 거래량 등에 따라...,https://www.goodkyung.com/news/articleView.html?idxno=291250,1,0.85,rule_keep_score_ge_6_with_hard_match,0.544744,0,pseudo_keep_model_drop,keep,candidate_hybrid_keep_strong_domain_rule_anchor,12,은행;가상자산;가상자산거래소,,
2026-09-21,[9월 3주차] 가상화폐 시장 정리,법안에는 스테이블코인(현금성 가상화폐)과 채굴 및 스테이킹(예치) 소득에 대한 과세 기준부터 가상화폐 거래 손실 처리 관련 내용이 담겼다. 미국 하원 세입위원회는 현지시간으로 지난 9월 14일 '디지털자산...,https://www.khgames.co.kr/news/articleView.html?idxno=308571,1,0.85,rule_keep_score_ge_6_with_hard_match,0.549571,0,pseudo_keep_model_drop,keep,candidate_hybrid_keep_strong_domain_rule_anchor,9,디지털자산;스테이블코인,,
2026-09-14,"정부 ""추석 앞두고 103조원 푼다""…소상공인·중소기업 '자금난 숨통'","은행, 카드, 보험, 저축은행 등 금융회사 대출의 상환 만기가 추석 연휴 기간인 이달 24일부터 27일 사이에 도래할 경우, 연체이자 없이 만기가 28일로 자동 연장된다. 카드 대금, 보험료, 통신료, 공과금 등의 자동납부일...",https://www.joongangenews.com/news/articleView.html?idxno=547763,1,0.85,rule_keep_score_ge_6_with_hard_match,0.550327,0,pseudo_keep_model_drop,keep,candidate_hybrid_keep_strong_domain_rule_anchor,8,은행;저축은행,보험료,
2026-09-21,[그래픽] 신용등급별 자영업자 대출 연체율 추이,"20일 연합뉴스가 5대 은행(KB국민·신한·하나·우리·NH농협)의 개인사업자(자영업자) 대출 연체율을 신용등급별로 분석한 결과, 2021년 말부터 올해 8월 말까지 신용도에 따른 격차가 크게 벌어진...",https://www.yna.co.kr/view/GYH20260920000100044?input=1363m,1,0.85,rule_keep_score_ge_6_with_hard_match,0.551959,0,pseudo_keep_model_drop,keep,candidate_hybrid_keep_strong_domain_rule_anchor,8,은행;연체율,대출,
2026-09-15,"농협충남세종본부, 9월 정례회의 개최","상호금융 및 사업 추진 부문에서는 대천농협(조합장 김영관)이 상호금융 대출금 5000억 원 달성탑을, 남면농협(조합장 박두교)이 500억 원 달성탑을 각각 수상했다. 보험 및 은행 마케팅 분야에서는 생명보험 사업추진...",https://www.ccreview.co.kr/news/articleView.html?idxno=357374,1,0.85,rule_keep_score_ge_6_with_hard_match,0.552963,0,pseudo_keep_model_drop,keep,candidate_hybrid_keep_strong_domain_rule_anchor,10,은행;생명보험;상호금융,,
2026-09-17,증권업 상반기 순이익 8.9조 '역대급' … 거래대금 33% 빠지며 이익 시험...,"거래대금 둔화와 금리 변동성, 대형 투자은행(IB)의 기업금융 확대가 향후 이익의 지속가능성을 가늠할... 2%) 대비 낮아졌지만 부동산 프로젝트파이낸싱(PF) 대출 연체율은 여전히 높은 수준을 유지하고 있어...",https://biz.newdaily.co.kr/site/data/html/2026/09/16/2026091600321.html,1,0.85,rule_keep_score_ge_6_with_hard_match,0.553106,0,pseudo_keep_model_drop,keep,candidate_hybrid_keep_strong_domain_rule_anchor,12,pf;프로젝트파이낸싱,금리;대출;순이익,
2026-09-15,추석 전후 소상공인·중기에 103조 공급…대출만기 28일 자동연장,"산업은행이 3조7000억원, 기업은행이 9조2000억원, 신용보증기금이 10조1000억원 규모다. 은행권은 소상공인과... 추석 연휴인 24일부터 27일 사이 대출 만기가 도래하면 연체이자 없이 28일로 자동 연장된다. 카드대금...",https://www.smarttoday.co.kr/ko-kr/articles/111549,1,0.85,rule_keep_score_ge_6_with_hard_match,0.553766,0,pseudo_keep_model_drop,keep,candidate_hybrid_keep_strong_domain_rule_anchor,16,산업은행;기업은행;신용보증기금,대출,
2026-09-18,"소진공, '소상공인 대환대출' 취급기관에 신협 추가",취급 금융기관으로 신용협동조합을 선정했다. 소상공인 대환대출은 재무건전성이 약화된 중·저신용... 거쳐 상호금융기관 가운데 처음으로 신협을 선정했다. 신협은 전통시장과 상점가 등 소상공인 밀집 지역을...,http://www.chungnamilbo.co.kr/news/articleView.html?idxno=910299,1,0.85,rule_keep_score_ge_6_with_hard_match,0.555144,0,pseudo_keep_model_drop,keep,candidate_hybrid_keep_strong_domain_rule_anchor,8,상호금융;신협,,
2026-09-03,"중동發 유가·금리 급등에 코스피 4% '급락'…6,500선으로 '후퇴'",증시를 압박한 핵심 요인은 중동발 지정학적 불안과 이에 따른 금융시장 변동성 확대였다. 앞서 미국과... 한편 이날 서울 외환시장에서 원·달러 환율은 중동발 불안과 미국 국채금리 상승에도 하락했다. 오후...,https://www.youthdaily.co.kr/news/article.html?no=226277,1,0.85,rule_keep_score_ge_6_with_hard_match,0.556414,0,pseudo_keep_model_drop,keep,candidate_hybrid_keep_strong_domain_rule_anchor,12,국채금리;외환시장,금리;코스피;달러,
2026-09-14,"금융위, 주거용 오피스텔 집단대출도 총량규제 제외 검토","주거용 오피스텔에 대한 가계대출 관리 규제가 완화되면, 은행권 관심이 상대적으로 덜한 주거용 오피스텔 집단대출에 대한 상호금융권의 대출이 활발해질 것으로 예상된다.",https://www.chosun.com/economy/economy_general/2026/09/13/X6ZRPJC7URHEDDOUV4MK4E7YUQ/?utm_source=naver&utm_medium=referral&utm_campaign=naver-news,1,0.85,rule_keep_score_ge_6_with_hard_match,0.556679,0,pseudo_keep_model_drop,keep,candidate_hybrid_keep_strong_domain_rule_anchor,14,금융위;은행권;상호금융,,
2026-09-02,[오늘의 국회일정] 국회의장·상임위·세미나·기자회견·주요 정당 - 9월...,"의원, [검사지휘권 부활 시도 중단 촉구 기자회견] 09:20 노정현 진보당 대변인, [기후재난 사각지대... 의원, [금감원·금융위·산업은행 부산 이전 촉구 기자회견] ◆더불어민주당 *김민석 당대표·한병도...",https://www.newspim.com/news/view/20260901001224,1,0.85,rule_keep_score_ge_6_with_hard_match,0.558306,0,pseudo_keep_model_drop,keep,candidate_hybrid_keep_strong_domain_rule_anchor,17,금감원;금융위;산업은행,,
2026-09-08,"마이데이터가 불붙인 금리인하 요구, 수용률은 급락…KB국민카드 80%대 ...",7일 여신금융협회에 따르면 7개 전업 카드사(신한·삼성·현대·KB국민·롯데·우리·하나카드)의 올 상반기 금리인하요구권 신청건수는 총 41만8007건으로 집계됐다. 이 가운데 카드사들이 수용한 금리인하요구는...,https://www.ceoscoredaily.com/page/view/2026090715412765903,1,0.85,rule_keep_score_ge_6_with_hard_match,0.558561,0,pseudo_keep_model_drop,keep,candidate_hybrid_keep_strong_domain_rule_anchor,9,카드사;여신금융협회,,
2026-09-03,[오늘의 비트코인] 국채금리 진정에도 유가 상승…7만7000달러 횡보,"미 가상자산 거래소 코인베이스에 따르면 3일 오전 8시30분 비트코인 1개당 가격은 24시간 전보다 0.07% 하락한 7만7115달러에 거래 중이다. 같은 시간 시가총액 2위 이더리움은 1.14% 내린 2383달러, 리플(XRP)은 0.10...",https://news.dealsitetv.com/articles/175561,1,0.85,rule_keep_score_ge_6_with_hard_match,0.560764,0,pseudo_keep_model_drop,keep,candidate_hybrid_keep_strong_domain_rule_anchor,8,국채금리;가상자산,,
2026-09-21,"민간엔 포용금융 압박하더니…장학재단, 올해 장기연체자 1000명 법적조...",한국장학재단이 올해 들어 1000명이 넘는 장기 연체 채무자를 대상으로 법적 조치에 나선 것으로... 금융감독원에 따르면 올해 상반기 은행권의 자체 채무조정 건수는 총 2만 1449건이다. 지난해 연간 실적(1만 8306건)...,https://www.sedaily.com/article/20093173?ref=naver,1,0.85,rule_keep_score_ge_6_with_hard_match,0.561117,0,pseudo_keep_model_drop,keep,candidate_hybrid_keep_strong_domain_rule_anchor,9,금융감독원,연체;실적,
2026-09-12,1인당 국민총소득 4만 달러 코앞인데 낙수효과 어디로?,고금리와 고유가에 양극화 고착화 우려가 나옵니다. 이승은 기자가 보도합니다. [기자] 우리 경제 전체... [김화용/한국은행 국민소득부장 : 환율 안정세가 유지된다면 금년 미 달러화 기준 1인당 GNI(국민총소득)는 4만...,https://www.ytn.co.kr/_ln/0102_202609120530254157,1,0.85,rule_keep_score_ge_6_with_hard_match,0.564684,0,pseudo_keep_model_drop,keep,candidate_hybrid_keep_strong_domain_rule_anchor,9,한국은행;환율,달러,
2026-09-18,"[AI시대, 권력 대이동-신한투자증권] 블록체인으로 증권가 혁신 이끈다",◇기술 기업과의 전략적 제휴…STO 생태계 허브로 도약 신한투자증권은 토큰증권(STO) 전용 플랫폼을 구축하기 위해 다양한 블록체인 기술 기업들과 손잡고 업계의 이목을 집중시키고 있다. 전통 금융의 보수적인 장벽을...,https://www.pointdaily.co.kr/news/articleView.html?idxno=319692,1,0.85,rule_keep_score_ge_6_with_hard_match,0.564965,0,pseudo_keep_model_drop,keep,candidate_hybrid_keep_strong_domain_rule_anchor,10,토큰증권;sto,,
2026-09-18,[신윤우의 외환분석] 매파 날갯짓에 비상하는 달러,일본은행(BOJ)이다. BOJ는 이날 이틀 일정의 금융정책결정회의를 시작한다. 이미 시장은 BOJ가 기준 금리를 1.... 구윤철 부총리 겸 기획재정부 장관과 신현송 한국은행 총재는 이날 오전 확대거시경제금융회의에...,https://news.einfomax.co.kr/news/articleView.html?idxno=4435345,1,0.85,rule_keep_score_ge_6_with_hard_match,0.565253,0,pseudo_keep_model_drop,keep,candidate_hybrid_keep_strong_domain_rule_anchor,10,한국은행;boj,달러,
2026-09-09,"리딩뱅크 탈환한 신한은행, 하반기 관건은 'ELS 과징금'","한국은행이 7·8월 기준금리를 연속 인상해 연 3.00%까지 올린 점은 하반기 순이자마진(NIM) 환경에 우호적인 요인으로 꼽힌다. 신한은행은 본업 지표를 근거로 실적의 질을 강조했다. 신한은행 관계자는 ""리딩뱅크...",https://www.greened.kr/news/articleView.html?idxno=349565,1,0.85,rule_keep_score_ge_6_with_hard_match,0.565610,0,pseudo_keep_model_drop,keep,candidate_hybrid_keep_strong_domain_rule_anchor,11,한국은행;과징금;기준금리,,
2026-09-08,환율 1330원대로 뚝…고유가 악재 덜어낸 항공주 다시 '날갯짓',실제로 지난 4일 서울 외환시장에서 원·달러 환율은 전날보다 8.9원 내린 1350.4원에 마감했다. 이날도 원화... 다만 환율 하락세가 지나치게 빠르게 진행되거나 글로벌 금융시장 환경이 바뀔 경우 원화 약세로 되돌아갈...,https://www.imaeil.com/page/view/2026090710115065649,1,0.85,rule_keep_score_ge_6_with_hard_match,0.567146,0,pseudo_keep_model_drop,keep,candidate_hybrid_keep_strong_domain_rule_anchor,9,환율;외환시장,달러;원화,
2026-09-06,미국 정부 통장 9510억 달러 불어나자 마른 은행 금고,중앙은행에 예치해야 한다. 예치금이 줄어들면 금융기관 사이에서 하루짜리 초단기 자금을 빌리기 위한 경쟁이 치열해진다. 돈을 빌리려는 수요가 몰리면 단기 대출 이자가 기준금리 상단을 뚫고 치솟는다. 2019년...,https://www.g-enews.com/view.php?ud=202609051924546097fbbec65dfb_1,1,0.85,rule_keep_score_ge_6_with_hard_match,0.568958,0,pseudo_keep_model_drop,keep,candidate_hybrid_keep_overseas_global_reference,8,은행;기준금리,대출;달러,
2026-09-08,"리딩뱅크 뺏긴 KB국민, '타행 VIP' AI로 찾아 ‘공략’",금융권에서는 이번 KB국민은행의 행보를 가계대출 정체기 속 시중은행 여신 전략의 중대한 패러다임 전환으로 해석하고 있다. 가계부채 총량 규제와 고금리로 인한 연체율 상승 압박이 상존하는 상황에서 더 이상 전체...,https://www.newsway.co.kr/news/view?ud=2026090714021508190,1,0.85,rule_keep_score_ge_6_with_hard_match,0.570613,0,pseudo_keep_model_drop,keep,candidate_hybrid_keep_strong_domain_rule_anchor,11,시중은행;연체율;가계부채,,
2026-09-03,유가 90달러·美 금리 쇼크에 코스피 4% 폭락…네고 물량에 원화만 나홀...,"미국과 이란의 무력 충돌 격화로 국제유가와 글로벌 국채 금리가 동반 상승하면서 국내 금융시장도 크게 출렁였다. 투자심리가 얼어붙으며 코스피는 4% 가까이 급락했고 금값도 약세를 보였으나, 원·달러 환율은...",https://www.segye.com/newsView/20260902519208?OutUrl=naver,1,0.85,rule_keep_score_ge_6_with_hard_match,0.571966,0,pseudo_keep_model_drop,keep,candidate_hybrid_keep_strong_domain_rule_anchor,11,국채;국내 금융시장,금리;코스피;달러,
2026-09-16,"모햇, 태양광 발전수익 받는 2년 투자상품 출시…첫해 실수익률 10.9%","한국은행이 가장 최근 집계한 지난 7월 예금은행 신규취급액 기준 저축성수신금리는 평균 연 3.21%다. 은행 예금과 직접 비교할 수 있는 상품은 아니지만, 시중 수신금리가 3%대인 상황에서 모햇이 제시한 수익률과는...",https://www.g-enews.com/view.php?ud=202609151037009440f7ba87f45b_1,1,0.85,rule_keep_score_ge_6_with_hard_match,0.573786,0,pseudo_keep_model_drop,keep,candidate_hybrid_keep_strong_domain_rule_anchor,8,한국은행;은행,,
2026-09-21,"주식은 ‘신호ʼ, 부동산은 ‘공급ʼ…코인은 ‘연결ʼ…3인 ‘부의 공식...","미국 장기 국채금리와 실질금리, 회사채 신용스프레드 등을 통해 금융환경을 살펴야 한다는 것이다. 과거 실적보다는 향후 이익 전망과 개선 속도에 주목할 필요가 있다고 봤다. 외국인 자금과 환율, 신용융자와 레버리지...",https://www.fntimes.com/html/view.php?ud=202609182140295995dd55077bc2_18,1,0.85,rule_keep_score_ge_6_with_hard_match,0.574189,0,pseudo_keep_model_drop,keep,candidate_hybrid_keep_overseas_global_reference,14,회사채;스프레드;환율;국채금리,,
2026-09-08,소상공인 매출 늘었지만 이익률 2분기째 하락…연체도 증가,"캐시노트를 통해 수집된 사업장별 여신금융협회·홈택스 연동 데이터가 사용됐고, 대출 등 금융 현황의 경우 한국신용정보원으로부터 받은 개인사업자 대출 현황 자료를 활용했다.",https://www.yna.co.kr/view/AKR20260907151700002?input=1195m,1,0.85,rule_keep_score_ge_6_with_hard_match,0.574503,0,pseudo_keep_model_drop,keep,candidate_hybrid_keep_strong_domain_rule_anchor,8,여신금융협회,대출;금융,
2026-09-04,[뉴욕증시] 금리 동결에 힘 싣는 연준 인사들…1%대 강세 마감,다만 채권시장과 증시의 분위기는 시간이 갈수록 갈렸다. 미국 국채금리는 개장 전 크게 밀렸으나 오후로 접어들며 중장기물은 거의 원복한 반면 증시는 상승세를 끝까지 유지했다. CFRA리서치의 샘 스토발...,https://news.einfomax.co.kr/news/articleView.html?idxno=4433386,1,0.85,rule_keep_score_ge_6_with_hard_match,0.574990,0,pseudo_keep_model_drop,keep,candidate_hybrid_keep_overseas_global_reference,10,연준;국채금리,금리,
2026-09-14,추석 자금 103조원 푼다…중소기업·소상공인 지원,은행·보험·저축은행·카드사 등 금융회사 대출의 상환만기가 연휴인 24~27일에 도래하면 연체이자 없이 오는 28일로 자동 연장된다. 카드대금 역시 연체료 없이 28일 출금되며 보험료·통신료·공과금 등의...,http://www.hansbiz.co.kr/news/articleView.html?idxno=864716,1,0.85,rule_keep_score_ge_6_with_hard_match,0.575579,0,pseudo_keep_model_drop,keep,candidate_hybrid_keep_strong_domain_rule_anchor,11,은행;저축은행;카드사,보험료,
2026-09-11,"코스피, 중동發 유가·금리 충격에도 7,000선 방어…원·달러 1천340원 안...","국내 금융시장이 혼조세로 마감했다. 코스피는 장중 6,900선 아래까지 밀렸지만 외국인 매도세가 완화되고 반도체주가 낙폭을 줄이면서 7,000선을 지켰다. 원·달러 환율은 안전자산 선호와 수입 결제 수요 등의...",https://www.youthdaily.co.kr/news/article.html?no=226875,1,0.85,rule_keep_score_ge_6_with_hard_match,0.576009,0,pseudo_keep_model_drop,keep,candidate_hybrid_keep_strong_domain_rule_anchor,8,국내 금융시장,금리;코스피;달러,
2026-09-17,"소상공인 7% 고금리 대출, 4.5%로↓…신협도 대환대출 취급",신협이 상호금융기관 가운데 처음으로 소상공인 대환대출 취급기관에 합류하면서 비수도권을 비롯한 지역... 취급 금융기관으로 신협중앙회를 선정했다고 17일 밝혔다. 소상공인 대환대출은 재무건전성이 약화된 중...,https://www.m-i.kr/news/articleView.html?idxno=1415132,1,0.85,rule_keep_score_ge_6_with_hard_match,0.576901,0,pseudo_keep_model_drop,keep,candidate_hybrid_keep_strong_domain_rule_anchor,9,상호금융;신협,대출,
2026-09-09,가산금리 계속 높이는 은행… 우리·신한·하나 順 높아,4월 대출 규제 강화 뒤 일제히 올라 올해 들어 5대 시중은행(KB국민·신한·하나·우리·NH농협은행)이 가계 대출에 붙이는 실질 가산 금리가 지속적으로 오르고 있다. 가산 금리는 정부가 대출 규제를 강화한 4월...,https://biz.chosun.com/stock/finance/2026/09/08/3KUKGPQXMND63DKMF6MXBWHQDE/?utm_source=naver&utm_medium=original&utm_campaign=biz,1,0.85,rule_keep_score_ge_6_with_hard_match,0.577664,0,pseudo_keep_model_drop,keep,candidate_hybrid_keep_strong_domain_rule_anchor,8,은행;시중은행,대출,
2026-09-01,"104달러 목표가, 뱅크오브아메리카 어펌 상향","프로모션, 은행 인가 가능성, 기업 간 거래, 영국 장기 대출 등을 향후 관찰할 성장 축으로 제시했다. BNPL 사업은 결제 수요와 신용 관리가 함께 움직이는 구조다. 거래액이 늘어도 조달비용, 연체율, 가맹점...",https://www.tokenpost.kr/news/market/400909,1,0.85,rule_keep_score_ge_6_with_hard_match,0.578149,0,pseudo_keep_model_drop,keep,candidate_hybrid_keep_strong_domain_rule_anchor,9,은행;연체율,대출;가맹점,
2026-09-01,"해외 원화결제 차단, 3~8% 추가 수수료 막는다","결제 시점에 금액을 원화로 확인할 수 있지만, 금융감독원과 여신금융협회에 따르면 가맹점 등이 현지통화를 원화로 바꾸는 환율에 약 3~8%의 수수료를 가산할 수 있다. 원화로 표시된 금액이 비용 측면에서 더 유리하다는...",https://www.vegannews.co.kr/news/article.html?no=385551,1,0.85,rule_keep_score_ge_6_with_hard_match,0.578776,0,pseudo_keep_model_drop,keep,candidate_hybrid_keep_strong_domain_rule_anchor,14,금융감독원;여신금융협회,수수료;가맹점,
2026-09-01,"캐피탈업계, 해외진출 잰걸음…성장 돌파구 확장","부동산PF 비중이 높은 일부 캐피탈사는 여전히 관련 손실 우려에서 자유롭지 못한 상황이다. 조달 측면에서 은행·카드 등 타 업권 대비 불리한 구조인 데다, 자동차금융·개인신용대출 부문 경쟁까지 겹치면서 이들...",https://www.news2day.co.kr/article/20260831500115,1,0.85,rule_keep_score_ge_6_with_hard_match,0.579449,0,pseudo_keep_model_drop,keep,candidate_hybrid_keep_strong_domain_rule_anchor,12,은행;pf;부동산pf,,
2026-09-15,AI 속도조절론에 반도체 5.9% 폭락…10년물 장중 5% 돌파[뉴스새벽배송...,여기에 미 국채 10년물 금리가 장중 5%를 돌파하고 브렌트유가 배럴당 105달러를 웃돌며 금융 여건도... 영향 -한국은행이 15일 발표한 8월 수출물가지수(원화 기준)는 183.23으로 전월(190.32) 대비 3.7% 하락. 2022년 12월...,https://www.edaily.co.kr/News/Read?newsId=02522326645580448&mediaCodeNo=257&utm_source=naver&utm_medium=referral&utm_campaign=news_syndication&utm_content=original_article,1,0.85,rule_keep_score_ge_6_with_hard_match,0.581092,0,pseudo_keep_model_drop,keep,candidate_hybrid_keep_strong_domain_rule_anchor,10,한국은행;국채,원화;금융,
2026-09-03,"렌터카업계 ""캐피탈 점유율 이미 전업계 추월…규제 완화 신중해야""",현재 관련 시장영향분석이 여신금융협회 측을 통해 진행되는 만큼 규제 완화의 직접적인 이해관계에서 벗어난 주체가 분석을 수행할 필요가 있다는 주장이다. 특히 중소 렌터카 사업자에 미칠 영향은 별도의 실태조사가...,http://www.biztribune.co.kr/news/articleView.html?idxno=358305,1,0.85,rule_keep_score_ge_6_with_hard_match,0.581582,0,pseudo_keep_model_drop,keep,candidate_hybrid_keep_strong_domain_rule_anchor,9,캐피탈;여신금융협회,,
2026-09-01,[데일리 머니마켓] 중동 긴장에 글로벌 증시 일제히 약세,빅터뉴스 이재영 기자 중동 긴장 재고조에 따른 원유 공급 우려로 유가와 장기 국채금리가 동반... 유럽과 아시아 주요국 채권금리도 동반 상승 압력을 받았다. ◆외환시장 글로벌 외환시장에서 달러화는...,https://www.bigtanews.co.kr/article/view/big202609010001,1,0.85,rule_keep_score_ge_6_with_hard_match,0.581645,0,pseudo_keep_model_drop,keep,candidate_hybrid_keep_strong_domain_rule_anchor,8,국채금리;외환시장,,
2026-09-02,"우리銀 ""달러-원 내년 초까지 하락세…하단 1,340원으로 하향""",선물환 매도 및 원화 환전 수요 둔화 등을 환율 상방 요인으로 지목했다. 한국은행의 추가적인 기준 금리 인상은 달러-원 환율을 추가로 하락하게 만드는 재료라기보다는 외환스와프 시장에 영향을 주는 변수라고 평가했다.,https://news.einfomax.co.kr/news/articleView.html?idxno=4432939,1,0.85,rule_keep_score_ge_6_with_hard_match,0.581901,0,pseudo_keep_model_drop,keep,candidate_hybrid_keep_strong_domain_rule_anchor,11,한국은행;환율,금리;달러;원화,
2026-09-12,반도체 호황의 두 얼굴…증시 변동성 키우고 집값 수요도 자극,"키웠다는 한국은행의 분석이 나왔다. 반도체 쏠림을 해소해야 코스피의 장기 성장 기반을 마련할 수 있을... 기준금리 인상 기조가 가계대출 수요를 억제하고 집값 상승 기대감을 낮출 것으로 판단하면서도, 높은 경제...",https://view.asiae.co.kr/article/2026091107381960310,1,0.85,rule_keep_score_ge_6_with_hard_match,0.581995,0,pseudo_keep_model_drop,keep,candidate_hybrid_keep_strong_domain_rule_anchor,8,한국은행;기준금리,,
2026-09-12,"[더벨][디벨로퍼 프로젝트 리포트] 호반건설, 청담동 '벤틀리 레지던스...",이 가운데 멜론자산운용의 대출펀드가 500억원을 인수했고 새마을금고 등으로 구성된 대주단이 나머지 400억원을 맡았다. 다만 사업은 시공사를 찾는 데 시간이 걸리고 본PF 전환이 지연되며 고비를 겪었다. 기존...,https://www.thebell.co.kr/free/content/ArticleView.asp?key=202609090237298080107555,1,0.85,rule_keep_score_ge_6_with_hard_match,0.582967,0,pseudo_keep_model_drop,keep,candidate_hybrid_keep_strong_domain_rule_anchor,8,새마을금고;pf,,
2026-09-03,"'남는 돈 104조'쌓아두고, 코로나 빚 탕감 '7천억'만?...""재정 부족 아닌...","뭐 좀 보셔서 아시겠지만 기준금리 지금 계속 올라가는 추세 아닙니까? 내수 부진, 이거 나아질 기미 안... 그런데 아시다시피 지금 뭐 성장률 전망치, 뭐 한국은행도 그렇고 KDI도 그렇고 등등등이 다 상향 조정하는데, 그...",https://www.ytn.co.kr/_ln/0103_202609021006595370,1,0.85,rule_keep_score_ge_6_with_hard_match,0.585491,0,pseudo_keep_model_drop,keep,candidate_hybrid_keep_strong_domain_rule_anchor,8,한국은행;기준금리,,
2026-09-17,‘생산적 금융’ 실상… 대기업·운전 자금으로 쏠려,6% 중소기업 대출 정부가 가계 대출을 억제하는 대신 기업으로 자금을 돌리는 ‘생산적 금융’을 강조하면서 은행권 기업 대출이 빠르게 늘고 있다. 반도체·인공지능(AI) 투자 수요까지 겹친 결과다. 다만...,https://www.chosun.com/economy/economy_general/2026/09/17/QISM6Z5Z3NEAJP66UAWEDFSDFE/?utm_source=naver&utm_medium=referral&utm_campaign=naver-news,1,0.85,rule_keep_score_ge_6_with_hard_match,0.585772,0,pseudo_keep_model_drop,keep,candidate_hybrid_keep_strong_domain_rule_anchor,10,은행권;생산적 금융,대출;금융,
2026-09-12,[마감시황] 유가 100달러·美 국채금리 4.9%...코스피 6909선 후퇴,"반면 KB금융은 2.60%, 한화에어로스페이스는 1.31%, 두산에너빌리티는 1.00% 상승했다. 업종별로는 전기... 원·달러 환율은 서울 외환시장에서 전 거래일보다 6.7원 오른 1345.9원에 주간 거래를 마쳤다. 환율은 장...",https://www.polinews.co.kr/news/articleView.html?idxno=742858,1,0.85,rule_keep_score_ge_6_with_hard_match,0.586044,0,pseudo_keep_model_drop,keep,candidate_hybrid_keep_strong_domain_rule_anchor,11,국채금리;외환시장,코스피;달러,
2026-09-12,[821조 슈퍼예산⑩] 금융위 '서민생활 안정' '청년 지원' 예산 대폭 확대...,"-글 싣는 순서 ⑩ 금융위 '서민생활 안정' '청년 지원' 예산 대폭 확대, 시중은행 포용금융 힘 실린다 5대... 이 밖에도 코로나 피해 소상공인의 장기연체채권 특별채무조정에 5천억 원을 투입하고 청년 주거사다리...",https://www.businesspost.co.kr/BP?command=article_view&num=447027,1,0.85,rule_keep_score_ge_6_with_hard_match,0.586121,0,pseudo_keep_model_drop,keep,candidate_hybrid_keep_strong_domain_rule_anchor,10,금융위;시중은행,,
2026-09-12,"보험사 계리가정 관리 깐깐해진다…금융위, 듀레이션 갭·GA 운영위험도...","비상위험준비금 산출 기준은 당해연도 적립대상보험료로 바꾸고, 2027년 IFRS18 시행에 맞춰 포괄손익계산서 표시 항목도 정비한다. 시행 시기는 항목별로 다르다. 실손보험 상품설계 규제는 금융위 의결 직후 적용되고...",https://www.greened.kr/news/articleView.html?idxno=349860,1,0.85,rule_keep_score_ge_6_with_hard_match,0.586483,0,pseudo_keep_model_drop,keep,candidate_hybrid_keep_strong_domain_rule_anchor,9,금융위;보험사,,
2026-09-14,[신협 지역이사 성적표④] '잠재부실' 짙어진 신협…지역 대표 조합 4곳...,"4곳 중 3곳 상반기 적자…자본비율↓ 연체율↑ 청주남부·대구대서 손실위험여신 30% 초과 지난 1월 고영철... 한 상호금융 관계자는 ""과거 가계대출 중심 영업 당시에는 손실위험여신비율이 두 자릿수인 조합을 찾기...",https://news.tf.co.kr/read/economy/2364897.htm,1,0.85,rule_keep_score_ge_6_with_hard_match,0.587171,0,pseudo_keep_model_drop,keep,candidate_hybrid_keep_strong_domain_rule_anchor,12,상호금융;신협;연체율,,
2026-09-08,'영끌족' 버티기 한계?…주담대 연체 3년 반 만에 2.2배로,컨슈머타임스=김동역 기자 |  국내 은행권 주택담보대출 연체가 눈덩이처럼 쌓이고 있다. 주택담보대출 잔액보다 연체 증가 속도가 훨씬 더 빠른 점이 눈에 띈다. 대출 금리 상승과 맞물려 '영끌'(영혼까지...,https://www.cstimes.com/news/articleView.html?idxno=719748,1,0.85,rule_keep_score_ge_6_with_hard_match,0.587466,0,pseudo_keep_model_drop,keep,candidate_hybrid_keep_strong_domain_rule_anchor,8,은행권,금리;대출;연체,
2026-09-09,“이자 내기도 벅차”…주담대 연체 가파른 증가세,이날 국회 정무위원회 소속 박성훈 국민의힘 의원이 금융감독원으로부터 제출받은 자료에 따르면 국내 은행의 주택담보대출 연체채권은 2022년 말 1조 원에서 올해 6월 말 2조2000억 원으로 120% 증가했다. 2026.9.8...,https://www.news1.kr/photos/8094843,1,0.85,rule_keep_score_ge_6_with_hard_match,0.587772,0,pseudo_keep_model_drop,keep,candidate_hybrid_keep_strong_domain_rule_anchor,8,금융감독원,연체,
2026-09-08,팔아도 남는 게 없다···소상공인 매출 증가했지만 이익률은 오히려 ...,캐시노트를 통해 수집된 사업장별 여신금융협회·홈택스 연동 데이터를 사용했다. 대출 등 금융 현황의 경우 한국신용정보원으로부터 받은 개인사업자 대출 현황 자료를 활용했다.,https://www.khan.co.kr/article/202609080809001,1,0.85,rule_keep_score_ge_6_with_hard_match,0.587916,0,pseudo_keep_model_drop,keep,candidate_hybrid_keep_strong_domain_rule_anchor,8,여신금융협회,대출;금융,
2026-09-09,"[전문가칼럼] 멈춰선 코인, 질주하는 RWA","하지만 우리나라에서 진행되고 있는 제도화는 STO(토큰증권)다. RWA 산업 중 증권에 해당하는 영역이다. RWA는 주식과 채권 같은 금융상품을 넘어 부동산, 원자재, 사모신용 등 다양한 현실자산을 블록체인에 올리는 더...",https://www.tgdaily.co.kr/news/articleView.html?idxno=406807,1,0.85,rule_keep_score_ge_6_with_hard_match,0.588558,0,pseudo_keep_model_drop,keep,candidate_hybrid_keep_strong_domain_rule_anchor,12,토큰증권;sto,채권,
2026-09-16,"유가·금리·AI 속도논란 '삼중고' 코스피, 6600선 하락 마감 … 삼전닉...","삼성전자, SK하이닉스는 0~1% 하락했고 삼성전기, 삼성바이오, 현대차, KB금융, 삼성생명 등도 내렸다. 다만... 서울 외환시장에서 원달러 환율은 전장 대비 11.00원 오른 1359.50원에 거래 중이다. 이날 증시는 인공지능...",https://biz.newdaily.co.kr/site/data/html/2026/09/15/2026091500299.html,1,0.85,rule_keep_score_ge_6_with_hard_match,0.589082,0,pseudo_keep_model_drop,keep,candidate_hybrid_keep_strong_domain_rule_anchor,11,원달러;외환시장,금리;코스피,
2026-09-16,"신한은행, 5000억원 규모 부산시 '민생안심 협약보증' 공동 추진 外","미국 기준금리 전망까지 높아진 글로벌 시장의 불확실성 속에서도 발행금액의 1.5배에 달하는 우량 기관 수요가 유입, 시중은행 사상 최대 규모 발행에 성공하며 공고한 입지를 증명했다. 발행 스프레드 역시 지난해...",https://www.rcast.co.kr/news/articleView.html?idxno=31633,1,0.85,rule_keep_score_ge_6_with_hard_match,0.589465,0,pseudo_keep_model_drop,keep,candidate_hybrid_keep_strong_domain_rule_anchor,10,시중은행;스프레드;기준금리,,
2026-09-07,리플(XRP) 거래 계좌 줄었는데... 거래 강도 급증 ETF에는 11거래일 연속...,탈중앙화 거래소 주문장 거래량은 하루 평균 357만 XRP를 기록했다. 이는 전년 동기 대비 79% 증가한... [※ 본 기사는 암호화폐 시장에 대한 정보 제공을 목적으로 작성됐으며 특정 가상자산의 매수·매도를 권유하거나...,https://www.cbci.co.kr/news/articleView.html?idxno=604380,1,0.85,rule_keep_score_ge_6_with_hard_match,0.590576,0,pseudo_keep_model_drop,keep,candidate_hybrid_keep_strong_domain_rule_anchor,8,가상자산;암호화폐,,
2026-09-08,"비상장주식 투자, 공시서류와 상장 단계 꼭 확인하세요… 증권신고서 없...","여부 △대표주관회사(증권사) 선임 등 상장 추진 단계 등을 반드시 확인해야 한다고 당부했다. 특히... 금감원 관계자는 ""한국거래소에서 상장예비심사 신청 회사 목록을 공개하고 있으며 예비심사가 승인돼 기업공개(IPO)...",https://www.hankookilbo.com/news/article/A2026090711160005265?did=NA,1,0.85,rule_keep_score_ge_6_with_hard_match,0.590582,0,pseudo_keep_model_drop,keep,candidate_hybrid_keep_strong_domain_rule_anchor,13,금감원;증권사;ipo,,
2026-09-06,카드사 가계대출 한도 늘었지만…카드론 확대는 '글쎄',여신업계의 추가 목표치는 지난해 말 가계대출 잔액의 0.5% 안팎으로 추산된다. 앞서 상호금융과 저축은행에도 비슷한 수준의 추가 목표치가 배정된 것으로 알려졌다. 모든 회사가 추가 한도를 받는 것도 아니다....,https://www.dailian.co.kr/news/view/1686633/?sc=Naver,1,0.85,rule_keep_score_ge_6_with_hard_match,0.590747,0,pseudo_keep_model_drop,keep,candidate_hybrid_keep_strong_domain_rule_anchor,16,저축은행;카드사;상호금융;카드론,,
2026-09-18,환테크 수요 달러서 엔화로…5대 은행 엔화예금 석 달 반 새 2509억엔 급...,"반면 원화는 반도체 수출 호조에 따른 수출기업의 달러 매도 물량과 경제성장률 전망 상향, 한국은행의 기준금리 인상 등이 맞물리면서 강세를 나타냈다. 최근에는 엔화 흐름이 반전될 가능성에도 관심이 쏠리고...",https://www.polinews.co.kr/news/articleView.html?idxno=743368,1,0.85,rule_keep_score_ge_6_with_hard_match,0.591372,0,pseudo_keep_model_drop,keep,candidate_hybrid_keep_strong_domain_rule_anchor,12,한국은행;은행;기준금리,달러,
2026-09-10,"[뉴욕마켓워치] 베선트 하우스, 바이백 카드는 약했다…주식·채권·달러...",김성진 기자 진정호 최진우 특파원 = 9일(미국 동부시간) 뉴욕 금융시장은 미국 재무부의 장기물 국채... 시카고상품거래소(CME) 페드워치툴에 따르면 연방기금금리 선물시장에서 9월에 기준금리가 25bp 인상될 확률은...,https://news.einfomax.co.kr/news/articleView.html?idxno=4434197,1,0.85,rule_keep_score_ge_6_with_hard_match,0.592914,0,pseudo_keep_model_drop,keep,candidate_hybrid_keep_overseas_global_reference,10,국채;기준금리,주식;채권;달러,
2026-09-01,"애큐온캐피탈, 기업금융 확대로 상반기 순익 456억…전년比 30.3%↑","우려로 금융권 전반의 수익성·건전성 관리가 핵심 과제로 떠오른 가운데, 여신전문금융업계에서는 내실... 별도 기준 상반기 말 연체금액은 지난해 말 1,069억원에서 998억원으로 71억원 감소했으며, 연체율은 3.52%에서...",http://www.srtimes.kr/news/articleView.html?idxno=211294,1,0.85,rule_keep_score_ge_6_with_hard_match,0.592938,0,pseudo_keep_model_drop,keep,candidate_hybrid_keep_strong_domain_rule_anchor,8,여신전문금융업,건전성,
2026-09-17,"차기 은행연합회장, 윤종규·윤종원 부상···민·관 대결 재현?","이동철(65) 전 KB금융 부회장은 여신금융협회장에, 김기환(62) 전 KB손해보험 대표는 한국화재보험협회 이사장에 선임됐다. 금융권에서는 주요 협회·유관 기관 수장 인선에서 민간 금융회사 경영 경험을 중시하는 흐름이...",https://www.seoulfn.com/news/articleView.html?idxno=638136,1,0.85,rule_keep_score_ge_6_with_hard_match,0.593246,0,pseudo_keep_model_drop,keep,candidate_hybrid_keep_strong_domain_rule_anchor,9,손해보험;여신금융협회,,
2026-09-05,"[더벨]코람코운용, 실물 우선주 블라인드 펀드 결성",코람코자산운용이 해당 펀드 자금 모집을 시작한 상반기만 해도 한국은행의 기준금리 인하 기대감이 있었다. 그러나 중동발 지정학적 리스크가 불거지는 등 대외 변수로 인해 시장의 금리 인하 기대감이 크게 약해졌다....,https://www.thebell.co.kr/free/content/ArticleView.asp?key=202609021023294400108425,1,0.85,rule_keep_score_ge_6_with_hard_match,0.593807,0,pseudo_keep_model_drop,keep,candidate_hybrid_keep_strong_domain_rule_anchor,9,한국은행;기준금리,금리,
2026-09-11,한은 “수도권 집값 뛰고 가계대출 증가… 금융 위험성 커져”,한국은행은 반도체 수출 호황으로 기업 실적이 개선되며 삼성전자와 SK하이닉스 공장과 가까운 경기 화성시... 수도권 지역을 중심으로 주택 매매 수요가 늘고 가계대출이 증가하며 금융시장의 불안 요인이 커지고...,https://www.donga.com/news/Economy/article/all/20260910/134646200/2,1,0.85,rule_keep_score_ge_6_with_hard_match,0.593875,0,pseudo_keep_model_drop,keep,candidate_hybrid_keep_strong_domain_rule_anchor,11,한국은행;한은,금융,
2026-09-07,[정원석의 매크로 리뷰 <41> AI 투자 붐이 부른 ‘금리 청구서’] 美 채...,"원·달러 환율이 연중 최저치인 1380원대로 내려온 것도 같은 맥락이다. ‘낮은 장기금리와 강달러’를... 금융시장과 연방준비제도(Fed· 연준), 외국 정부 등이 보유한 부채만 미국 국내총생산(GDP)과 맞먹는...",https://economychosun.com/site/data/html_dir/2026/08/30/2026083000017.html,1,0.85,rule_keep_score_ge_6_with_hard_match,0.594195,0,pseudo_keep_model_drop,keep,candidate_hybrid_keep_overseas_global_reference,12,연준;fed,금리;달러,
2026-09-01,"[AI 혁신, 위기의 롯데①] 재계 5위 현금부자가 흔들렸다",당시 롯데는 그룹 전체의 유동성 불안에 시달려야 했다. 어쩌면 그것이 지금 AI혁신 경쟁에서 롯데가... 2022년 9월 강원도가 지급보증한 춘천 레고랜드 개발사업의 PF 자산유동화기업어음(ABCP)이 상환되지 않으면서...,https://www.ddaily.co.kr/page/view/2026083111031757436,1,0.85,rule_keep_score_ge_6_with_hard_match,0.594874,0,pseudo_keep_model_drop,keep,candidate_hybrid_keep_strong_domain_rule_anchor,14,pf;abcp;cp;유동성,,
2026-09-19,페스티벌부터 예술 협업까지… 2026년 금융권 문화 마케팅 '4가지 차별화...,"가상자산거래소 코인원 역시 '워터밤 속초'의 메인 타이틀 스폰서로 참여해 ""물총을 쏘며 즐기는 워터밤 콘셉트에 맞춰 '코인원이 쏜다'를 테마로 한 2층 규모의 브랜드 체험존을 꾸렸다""며 젊은 층을 향한 현장...",https://www.greened.kr/news/articleView.html?idxno=350397,1,0.85,rule_keep_score_ge_6_with_hard_match,0.594906,0,pseudo_keep_model_drop,keep,candidate_hybrid_keep_strong_domain_rule_anchor,9,가상자산;가상자산거래소,,
2026-09-04,"[여의도 CEO 20년]⑦ 하나증권, 그룹 부회장이 되는 자리",하나증권은 토큰증권(STO) 플랫폼을 선제적으로 구축하고 전사 IT 리빌드를 완료했다. 해외 네트워크 확장도 병행했다. 외국인통합계좌 서비스를 홍콩 소재 푸투증권·엠퍼러증권과 일본 캐피탈파트너스로 확대했다....,https://www.bloter.net/news/articleView.html?idxno=672486,1,0.85,rule_keep_score_ge_6_with_hard_match,0.595568,0,pseudo_keep_model_drop,keep,candidate_hybrid_keep_strong_domain_rule_anchor,10,토큰증권;sto,,
2026-09-14,"은행, 소상공인에 추석자금 103조 공급","은행·보험·저축은행·카드사 등의 대출 만기가 추석 연휴인 24~27일에 돌아오면 연체이자 없이 28일로 자동 연장된다. 카드대금 결제일 역시 연휴와 겹치면 연체료 없이 28일로 미뤄진다. 보험료와 통신료, 공과금...",https://www.sedaily.com/article/20090245?ref=naver,1,0.85,rule_keep_score_ge_6_with_hard_match,0.596124,0,pseudo_keep_model_drop,keep,candidate_hybrid_keep_strong_domain_rule_anchor,11,은행;저축은행;카드사,대출,
2026-09-02,허위 계약서 한 장에 은행들이 줄줄이 뚫렸다…부동산 대출사기 1091억원,"상호금융권의 피해는 더 컸다. 지역농협에서만 54건, 481억9000만원의 사고가 발생했다. 상호금융 전체 사고액의 80%가 넘는 규모다. 수협은 15건, 58억7000만원, 산림조합은 6건, 34억6000만원, 신협은 4건, 11억원이었다....",https://www.thepublic.kr/news/articleView.html?idxno=317130,1,0.85,rule_keep_score_ge_6_with_hard_match,0.596326,0,pseudo_keep_model_drop,keep,candidate_hybrid_keep_strong_domain_rule_anchor,8,상호금융;신협,,
2026-09-09,"한투증권, ‘전액 손실’ 벨기에펀드 2500명 전원 배상…최대 80%","KB국민은행과 우리은행도 각각 약 200억원, 120억원어치를 판매했다. ◇ 금감원 현장검사 뒤 배상 확대…한투증권, 전원에 최대 80% 이번 배상은 불완전판매 논란이 불거진 이후 배상 대상과 비율이 확대된 결과다....",https://www.mydaily.co.kr/page/view/2026090809024508981,1,0.85,rule_keep_score_ge_6_with_hard_match,0.596432,0,pseudo_keep_model_drop,keep,candidate_hybrid_keep_strong_domain_rule_anchor,10,금감원;불완전판매,,
2026-09-19,[테오도르의 미국주식] 특징주와 테마주 (9월17일~18일),"연준 긴축 우려 속에 여전히 높은 수준 유지 원·달러 환율 매매기준율: 1,381.80원 (+4.3원, +0.31%) 현찰 살 때: 1,405.98원 현찰 팔 때: 1,357.62원 미국 금리 인상과 외국인 매도세로 원화 약세 지속 일본 국채시장...",https://www.fntoday.co.kr/news/articleView.html?idxno=393420,1,0.85,rule_keep_score_ge_6_with_hard_match,0.596549,0,pseudo_keep_model_drop,keep,candidate_hybrid_keep_overseas_global_reference,11,연준;환율,금리;달러;원화,
2026-09-01,"새마을금고, 사회적기업·소상공인에 1.1조원 공급… 포용금융 전환 속...",집행하기는 연체율 관리 부담이 크다. 중앙회가 선제적으로 출연금을 내놓고 신용보증재단이 대출 건별... 2금융권 리스크 관리 기조에 적극 발맞추려는 전략적 판단이다. 새마을금고는 전국 3100개 이상 점포망을...,http://www.biztribune.co.kr/news/articleView.html?idxno=358210,1,0.85,rule_keep_score_ge_6_with_hard_match,0.596649,0,pseudo_keep_model_drop,keep,candidate_hybrid_keep_strong_domain_rule_anchor,9,새마을금고;연체율,대출,
2026-09-17,"현대차 36만500원, 1.77% 하락…고유가·환율 상승에 투자심리 위축",이날 국내 금융시장의 위험회피 분위기도 자동차주에 부담을 주고 있다. 원·달러 환율은 오전 한때 1372.9원까지 상승했고 미국 10년 만기 국채금리는 5%를 넘어섰다. 중동 불안으로 국제유가가 배럴당 100달러를...,https://www.job-post.co.kr/news/articleView.html?idxno=227830,1,0.85,rule_keep_score_ge_6_with_hard_match,0.597317,0,pseudo_keep_model_drop,keep,candidate_hybrid_keep_strong_domain_rule_anchor,12,환율;국채금리;국내 금융시장,달러,
2026-09-16,"[Invest]회사채 대신 은행·단기물로 몰린 기업 조달…""장기물 복귀 늦으...",2022년에도 PF-ABCP 차환 부담이 증권사 유동성 부담으로 번지면서 단기금융시장과 회사채 시장의 경색을 키웠다.다만 NICE신용평가는 현재의 단기화가 신용위험으로 전이됐다고 판단하기는 아직 이르다고 봤다....,https://www.investchosun.com/site/data/html_dir/2026/09/15/2026091580121.html,1,0.85,rule_keep_score_ge_6_with_hard_match,0.597562,0,pseudo_keep_model_drop,keep,candidate_hybrid_keep_strong_domain_rule_anchor,21,은행;증권사;pf;회사채;abcp;유동성,,
2026-09-09,"""남에 일 같지 않다""…영끌족 주담대 연체 폭증 소식에 불안감 증폭",국내 은행의 주택담보대출 연체 잔액이 3년 반 사이 2.2배로 급격히 불어나며 가계 대출 부실 우려에 대한 온라인상에서 비판이 쏟아지고 있다. 8일 국회 정무위원회 소속 국민의힘 박성훈 의원이 금융감독원에서...,https://www.newsis.com/view/NISX20260908_0003780561,1,0.85,rule_keep_score_ge_6_with_hard_match,0.597606,0,pseudo_keep_model_drop,keep,candidate_hybrid_keep_strong_domain_rule_anchor,11,금융감독원,대출;연체;부실,
2026-09-16,"원·달러 환율, 전날 종가와 같은 1347.3원 출발","글로벌 채권 시장을 대표하는 미 국채 10년물 금리는 장중 5.01%를 기록했다. 5%를 돌파한 것은 2023년 10월 이후 약 3년 만에 처음이다. 스탠더드앤드푸어스(S&P)500 지수는 0.48%, 나스닥 종합지수는 0.56% 하락했다. 다만 상승...",https://biz.chosun.com/policy/policy_sub/2026/09/15/LGH4U2USENCN3LBOK3XBK3HZLA/?utm_source=naver&utm_medium=original&utm_campaign=biz,1,0.85,rule_keep_score_ge_6_with_hard_match,0.598009,0,pseudo_keep_model_drop,keep,candidate_hybrid_keep_overseas_global_reference,9,환율;국채,채권;달러,
2026-09-03,비트코인 1억 600만 원 대 약보합… 소폰 34% 폭등,"비트코인, 가상화폐, 암호화폐 이미지 (사진=기사의 이해를 돕기 위해 AI로 제작된 이미지입니다) 2일 오후 1시 59분 기준 국내 가상자산 거래소 업비트에서 주요 암호화폐들이 전반적인 약보합세를 보이고...",https://www.gukjenews.com/news/articleView.html?idxno=3682513,1,0.85,rule_keep_score_ge_6_with_hard_match,0.598259,0,pseudo_keep_model_drop,keep,candidate_hybrid_keep_strong_domain_rule_anchor,8,가상자산;암호화폐,,
2026-09-02,"'미-이란 긴장 재고조'에 …환율, 1370원대로 상승",달러-원 환율은 오늘(1일) 중동 지역 긴장 재고조와 저가 매수세 유입 등에 소폭 상승했습니다. 서울 외환시장에서 미국 달러화 대비 원화 환율은 오후 3시 30분 기준 1.8원 오른 1370.4원입니다. 환율은 1367.0원에서...,https://biz.sbs.co.kr/article_hub/20000332123?division=NAVER,1,0.85,rule_keep_score_ge_6_with_hard_match,0.598765,0,pseudo_keep_model_drop,keep,candidate_hybrid_keep_strong_domain_rule_anchor,9,환율;외환시장,달러;원화,
2026-09-11,유가·금리·증시 ‘삼중 악재’에도…원·달러 환율 1330원대 [김혜란의...,이날 서울외환시장에서 원·달러 환율은 전 거래일보다 3.1원 오른 1339.2원에 거래를 마쳤다. 장중에는 1343.... 한 외환 전문가는 “보통 미국 금리가 오르면 달러 강세로 이어지는 게 정상인데 지금은 미국 금융시장의...,https://www.sedaily.com/article/20089620?ref=naver,1,0.85,rule_keep_score_ge_6_with_hard_match,0.599407,0,pseudo_keep_model_drop,keep,candidate_hybrid_keep_overseas_korean_market_impact,9,환율;외환시장,금리;달러,
2026-09-09,"소상공인,이익률 2분기째 하락,연체 증가...매출은 소폭 증가",캐시노트를 통해 수집된 사업장별 여신금융협회·홈택스 연동 데이터가 사용됐다. 대출 등 금융현황의 경우 한국신용정보원으로부터 받은 개인사업자 대출현황 자료를 활용했다.,http://www.seouleconews.com/news/articleView.html?idxno=93605,1,0.85,rule_keep_score_ge_6_with_hard_match,0.600384,0,pseudo_keep_model_drop,keep,candidate_hybrid_keep_strong_domain_rule_anchor,9,여신금융협회,대출;연체,
2026-09-07,빚투에 보험계약대출·카드론 2조 원대 증가… 5060이 크게 늘었다,"기존 은행 대출을 받지 못하는 상황에서 이용하는 '급전 창구'의 성격이 큰 만큼 관리를 강화해야 한다는 지적이 나온다. 이 의원은 ""정부는 서민경제 상황을 엄중히 보고 면밀히 점검하는 한편 빚투와 가계대...",https://www.hankookilbo.com/news/article/A2026090615000005227?did=NA,1,0.85,rule_keep_score_ge_6_with_hard_match,0.600735,0,pseudo_keep_model_drop,keep,candidate_hybrid_keep_strong_domain_rule_anchor,8,은행;카드론,,
2026-09-10,[원자재 시황] 바이백 실망감 덮친 시장…브렌트유 100달러 돌파,9일(미국 동부시간) 시카고파생상품거래소그룹(CME) 산하 금속선물거래소 코멕스(COMEX)에서 12월 인도분 금... 비트코인 횡보…유가·국채금리 부담 가상자산 시장에서는 비트코인(BTC)이 7만8500~7만9500달러 부근에서...,https://www.ebn.co.kr/news/articleView.html?idxno=1723696,1,0.85,rule_keep_score_ge_6_with_hard_match,0.600783,0,pseudo_keep_model_drop,keep,candidate_hybrid_keep_strong_domain_rule_anchor,8,국채금리;가상자산,,
2026-09-14,"아파트 이어 오피스텔도…금융위, 집단대출 총량 규제서 빼주나","최근 금융위 주재로 열린 가계부채 점검회의에서는 제2금융권을 중심으로, 오피스텔 집단대출이 규제의 사각지대에 놓여 있어 총량 한도 제외 대상에 추가해달라는 요청이 나온 것으로 전해졌다. 은행권이 넓은 영업망을...",https://www.dailian.co.kr/news/view/1689738/?sc=Naver,1,0.85,rule_keep_score_ge_6_with_hard_match,0.600993,0,pseudo_keep_model_drop,keep,candidate_hybrid_keep_strong_domain_rule_anchor,9,금융위;가계부채,,
2026-09-14,추석 전후 중소기업·소상공인에 103조원 공급…신규 자금 40조원,"13일 금융위원회에 따르면 산업은행과 기업은행, 신용보증기금 등 정책금융기관은 특별대출·보증... 추석 연휴인 24일부터 27일 사이 만기가 돌아오는 금융회사 대출은 연체이자 없이 28일로 자동 연장된다....",https://news.einfomax.co.kr/news/articleView.html?idxno=4434585,1,0.85,rule_keep_score_ge_6_with_hard_match,0.601573,0,pseudo_keep_model_drop,keep,candidate_hybrid_keep_strong_domain_rule_anchor,37,금융위원회;금융위;정책금융;산업은행;기업은행;정책금융기관;신용보증기금,,
2026-09-08,사장님 모시는 인터넷은행…가계대출 막히자 사업자대출로,7일 금융권에 따르면 올해 상반기 말 기준 인뱅 3사의 소호대출 잔액은 총 8조3253억원으로 전년 동기... 통해 연체율 관리에도 성과를 거뒀다는 평가다. 소호대출 급증세 속에서도 인뱅 3사의 연체율은 0.72%로 지난해...,https://www.mk.co.kr/article/12145867,1,0.85,rule_keep_score_ge_6_with_hard_match,0.602471,0,pseudo_keep_model_drop,keep,candidate_hybrid_keep_strong_domain_rule_anchor,8,인터넷은행;연체율,,
2026-09-12,"'수학천재', KB금융 최고 자리 오르다…이재근 '깜짝 발탁' 까닭은?","가상자산거래소 빗썸과 제휴, KB별별통장 같은 임베디드 사업 등으로 고객 접점을 넓혔다. 동시에 해외사업에서 발생하던 손실을 줄이며 그룹의 잠재적인 부담도 덜어냈다. 회추위는 당장의 순이익 순위보다 체질...",https://www.insightkorea.co.kr/news/articleView.html?idxno=254435,1,0.85,rule_keep_score_ge_6_with_hard_match,0.602616,0,pseudo_keep_model_drop,keep,candidate_hybrid_keep_strong_domain_rule_anchor,10,가상자산;가상자산거래소,순이익,
2026-09-19,"환율, 순식간에 46.1원 급등…다시 1400원 갈까","19일 서울 외환시장에 따르면 지난 18일 오전 9시 기준 원·달러 환율은 전날 주간 종가(오후 3시 30분)와... 속에 금융시장은 이를 소화하는 모습""이라고 전했다. 한국투자증권은 단기 상승과 추세 전환을 구분했다....",https://www.newsway.co.kr/news/view?ud=2026091811030596559,1,0.85,rule_keep_score_ge_6_with_hard_match,0.603337,0,pseudo_keep_model_drop,keep,candidate_hybrid_keep_strong_domain_rule_anchor,8,환율;외환시장,달러,
2026-09-11,[여의춘추] 대통령의 공허한 ‘집값 폭락’ 메시지,"한국은행이 경기, 물가를 고려해 금리인상 기조를 굳힌 건 알려진 바다. 6개월간 지금보다 금리가 0.5% 포인트... 대량 공급, 투기 억제, 대출 연체·경매 폭증 등 폭락 이유도 상세히 소개했다. 서울 집값은 83주 연속...",https://www.kmib.co.kr/article/view.asp?arcid=9000011061&cp=nv,1,0.85,rule_keep_score_ge_6_with_hard_match,0.603422,0,pseudo_keep_model_drop,keep,candidate_hybrid_keep_strong_domain_rule_anchor,8,한국은행,대출;연체,
2026-09-17,"[현장] ""보험사 CSM, '양보다 질'…이익전환력·자본완충력 함께 살펴야...","나신평이 올해 6월 말 기준 금리가 100bp 상승하는 상황을 가정한 결과 생명보험과 손해보험 업권 평균 경과조치 전 킥스비율은 130%를 웃돌았고 평균 변동 폭도 크지 않았다. 이 연구원은 ""업권 전반의 영향은 제한적이나...",http://www.popcornnews.net/news/articleView.html?idxno=133198,1,0.85,rule_keep_score_ge_6_with_hard_match,0.604145,0,pseudo_keep_model_drop,keep,candidate_hybrid_keep_strong_domain_rule_anchor,9,보험사;손해보험;생명보험,,
2026-09-20,상반기 국내은행 순익 감소…연체율·부실채권비율은 상승,"가계대출이 제한될 경우 은행들은 기업대출을 통해 수익을 확보해야 하지만, 금리 상승 국면에서는 기업대출의 위험도 커질 수 있다고 보고서는 분석했습니다. 보고서는 ""국내 은행이 생산적 금융과 포용금융을...",http://mbnmoney.mbn.co.kr/news/view?news_no=MM1005924448,1,0.85,rule_keep_score_ge_6_with_hard_match,0.604373,0,pseudo_keep_model_drop,keep,candidate_hybrid_keep_strong_domain_rule_anchor,13,부실채권;연체율;생산적 금융,금리,
2026-09-08,투데이신문 제1회 경제포럼 '힌지' 9월 17일 개최...K자형 양극화 해법 ...,"산업통상부, 금융투자협회, 은행연합회, 한국투자공사, 여신금융협회, 저축은행중앙회, 신용보증기금, 생명보험협회, 손해보험협회, 보험연구원, 대한전문건설협회가 이번 포럼을 후원한다. 투데이신문은 제1회...",https://www.insight.co.kr/news/572320,1,0.85,rule_keep_score_ge_6_with_hard_match,0.604843,0,pseudo_keep_model_drop,keep,candidate_hybrid_keep_strong_domain_rule_anchor,21,저축은행;손해보험;생명보험;여신금융협회;신용보증기금,,
2026-09-17,기업에 돈은 몰리고 있는데…‘생산적 금융’ 효과는 어디에?,6% 중소기업 집중 정부가 가계 대출을 억제하는 대신 기업으로 자금을 돌리는 ‘생산적 금융’을 강조하면서 은행권 기업 대출이 빠르게 늘고 있다. 반도체·인공지능(AI) 분야의 투자 수요도 대출 증가세를...,https://www.chosun.com/economy/economy_general/2026/09/16/7RSKKXCK6JDVJC56DGQFRXNHTI/?utm_source=naver&utm_medium=referral&utm_campaign=naver-news,1,0.85,rule_keep_score_ge_6_with_hard_match,0.605190,0,pseudo_keep_model_drop,keep,candidate_hybrid_keep_strong_domain_rule_anchor,10,은행권;생산적 금융,대출;금융,
2026-09-15,"신한자산운용, 캔톤 네트워크 핵심 노드 참여 승인…토큰증권 제도화 대...",국내 토큰증권(STO) 관련 제도가 마련되기 전까지 기술 검증에 집중하고 향후 허용 범위에 맞춰 단계적으로 생태계 참여에 나설 계획이다. 신한자산운용은 캔톤 네트워크의 거버넌스 절차를 거쳐 한국 내 '슈퍼...,http://www.press9.kr/news/articleView.html?idxno=82697,1,0.85,rule_keep_score_ge_6_with_hard_match,0.605862,0,pseudo_keep_model_drop,keep,candidate_hybrid_keep_strong_domain_rule_anchor,10,토큰증권;sto,,
2026-09-09,"상호금융 23조 대출 차주, 은행서 돈 빌릴수 있었다",농업협동조합 같은 상호금융권을 이용하는 개인사업자 가운데 은행에서 돈을 빌릴 수 있었던 이들의... KCD는 “인터넷은행은 우량 차주를 대거 편입해 담보대출 비중 확대와 함께 연체율이 급감하고 있다”며...,https://www.sedaily.com/article/20088528?ref=naver,1,0.85,rule_keep_score_ge_6_with_hard_match,0.605917,0,pseudo_keep_model_drop,keep,candidate_hybrid_keep_strong_domain_rule_anchor,9,인터넷은행;상호금융,대출,
2026-09-11,저축은행ㆍ카드사 등 실적 개선...2금융권 실적 '바닥 찍었다',"하반기 연체율이 안정되면 2금융권이 본격적인 회복 국면에 들어설 수 있다는 기대가 나온다. 금융업계 관계자는 ""상반기에는 대손비용 감소와 유가증권 투자수익 확대가 실적 개선을 이끌었다""며 ""하반기에는...",https://www.m-i.kr/news/articleView.html?idxno=1412231,1,0.85,rule_keep_score_ge_6_with_hard_match,0.606628,0,pseudo_keep_model_drop,keep,candidate_hybrid_keep_strong_domain_rule_anchor,8,저축은행;카드사,실적,
2026-09-05,"비트코인, 8만1000달러 돌파…금리 기대에 ‘15만달러’ 전망까지","특히 오는 9월 기준금리 결정에 시장의 관심이 쏠리는 가운데 크리스토퍼 월러 미국 연준 이사의 발언이... 현물 ETF를 통해 기관투자자들이 전통 금융시장에서 비트코인에 투자할 수 있는 통로가 마련된 만큼, ETF 자금...",https://www.asiatoday.co.kr/kn/view.php?key=20260904010001780,1,0.85,rule_keep_score_ge_6_with_hard_match,0.606644,0,pseudo_keep_model_drop,keep,candidate_hybrid_keep_overseas_global_reference,9,연준;기준금리,금리,
2026-09-02,"北 해커들, 비트코인 400억 이동시켰다 [크립토브리핑]",한편 하이퍼리퀴드는 미국 가상자산거래소 크라켄의 모회사 페이워드와 미국 시장 진출을 위한 막바지 협상을 진행 중이라고 전해졌다. 협상이 성사될 경우 미국 투자자들은 페이워드 산하 거래소인 비트노미얼에서...,https://www.fnnews.com/news/202609010847352839,1,0.85,rule_keep_score_ge_6_with_hard_match,0.607551,0,pseudo_keep_model_drop,keep,candidate_hybrid_keep_strong_domain_rule_anchor,9,가상자산;가상자산거래소,,
2026-09-18,금융상품 팔기 전 심의강화 … 금융사 CCO에 출시 거부권,저축은행 등 전 금융권을 통합한 DB를 구축하면 신용점수별로 대출 공급 규모와 금리 변동 등을 분석해 지원이 필요한 분야를 찾아내기가 수월해진다. 또 연체 우려 차주를 선제적으로 찾아 지원하는 체계를 마련한다....,https://www.mk.co.kr/article/12155730,1,0.85,rule_keep_score_ge_6_with_hard_match,0.607569,0,pseudo_keep_model_drop,keep,candidate_hybrid_keep_strong_domain_rule_anchor,8,저축은행,금리;대출;연체,
2026-09-02,[오늘의 주요일정]국회(9월2일 화요일),"의원, [검사지휘권 부활 시도 중단 촉구 기자회견] 09:20 노정현 진보당 대변인, [기후재난 사각지대 해소... 박수영 의원, [국민의힘 부산 지역 국회의원 일동, 금감원·금융위·산업은행 부산 이전 촉구 기자회견]",https://www.newsis.com/view/NISX20260901_0003772266,1,0.85,rule_keep_score_ge_6_with_hard_match,0.608482,0,pseudo_keep_model_drop,keep,candidate_hybrid_keep_strong_domain_rule_anchor,17,금감원;금융위;산업은행,,
2026-09-18,외국인 자금 7개월째 순유출…채권서 빠지고 주식은 8개월 만에 반등,외환시장 지표는 전월 대비 안정을 찾는 모습을 보였다. 한국 국채(외국환평형기금채 5년물 기준)의 신용부도스와프(CDS) 프리미엄은 월평균 22bp(1bp=0.01%p)로 전월(23bp)보다 소폭 낮아졌다. 8월 중 원/달러 환율의 전일...,https://www.newsquest.co.kr/news/articleView.html?idxno=301196,1,0.85,rule_keep_score_ge_6_with_hard_match,0.608667,0,pseudo_keep_model_drop,keep,candidate_hybrid_keep_strong_domain_rule_anchor,12,국채;원/달러;외환시장,달러,
2026-09-18,회사채 줄이고 단기자금 찾는 기업들···이자 부담 덜다 차환 부담 커...,가계대출 관리 강화에 따른 은행의 영업 전략 변화와 생산적 금융 기조가 맞물리면서 회사채시장에서 이동한 기업자금 수요를 은행이 흡수할 여건이 마련됐다는 설명이다. 김가영 NICE신용평가 평가기준실장은...,https://www.seoulfn.com/news/articleView.html?idxno=638248,1,0.85,rule_keep_score_ge_6_with_hard_match,0.609960,0,pseudo_keep_model_drop,keep,candidate_hybrid_keep_strong_domain_rule_anchor,9,회사채;생산적 금융,금융,
2026-09-07,[KFT 모닝 브리프] 2026.09.07 — 오늘 꼭 알아야 할 국내외 경제·시장 ...,"━━━━━━━━━━━━━━━ ①[금융·시장] 코스피·코스닥 4일 동반 급등, 6,600선 회복 9월 4일... 외환시장에서 원/달러 환율은 전 거래일 대비 8.9원 내린 1,350.4원(오후 3시30분 기준)에 거래를 마쳤다. 미국...",https://www.fntimes.com/html/view.php?ud=202609070721022362141825007d_18,1,0.85,rule_keep_score_ge_6_with_hard_match,0.610220,0,pseudo_keep_model_drop,keep,candidate_hybrid_keep_strong_domain_rule_anchor,14,원/달러;외환시장,코스피;코스닥;달러;금융,
2026-09-11,美 8월 도매물가 0.4% 상승... 시장 기대치 부합,채권시장에서는 미 국채 10년물 금리가 급등하며 2023년 11월 이후 최고치를 경신했다. 이코노미스트들은 이번 PPI에 대해 미국 경제가 직면한 인플레이션 위협을 가라앉히지 못했다고 진단하며 연준 내 매파 인사들의...,https://www.fnnews.com/news/202609110557019585,1,0.85,rule_keep_score_ge_6_with_hard_match,0.610714,0,pseudo_keep_model_drop,keep,candidate_hybrid_keep_overseas_global_reference,8,연준;국채,,
2026-09-04,日 닛케이 4일 연속 하락… 금리 불안에 장중 6만4000엔 붕괴,3일 도쿄주식시장에서 닛케이증시는 미·일 양국의 국채 금리 상승 경계감과 엔화 강세 우려가 겹치면서... 전장 대비 상승 출발했으나 채권시장 금리가 오를 것이라는 전망이 시장을 짓누르고 외환시장의 엔화 강세...,https://www.g-enews.com/view.php?ud=202609031725426324e7e8286d56_1,1,0.85,rule_keep_score_ge_6_with_hard_match,0.610748,0,pseudo_keep_model_drop,keep,candidate_hybrid_keep_strong_domain_rule_anchor,8,국채;외환시장,금리,
2026-09-16,[오늘 금시세] 순금 1돈 얼마?,"국제 금 가격은 글로벌 경기와 금융시장 상황, 달러화 가치 등에 영향을 받으며 국내 금 시세 역시 국제 금값과 원·달러 환율, 국내 수급 및 거래업체별 가격 기준 등에 따라 움직인다. 한편 서울 외환시장에 따르면...",https://www.ggilbo.com/news/articleView.html?idxno=1181773,1,0.85,rule_keep_score_ge_6_with_hard_match,0.610833,0,pseudo_keep_model_drop,keep,candidate_hybrid_keep_strong_domain_rule_anchor,8,환율;외환시장,달러,
2026-09-15,"[오늘, 금강일보] 9월 15일",7조 늘어  하반기 기준금리 추가 인상 가능성까지 남아 있어 상환 부담 우려가 커지고 있다. 본보가 한국은행 경제통계시스템(ECOS)을 분석한 결과 지난 6월 충청권 가계대출 잔액은 105조 3549억 원으로 전년 동월보다 4조...,https://www.ggilbo.com/news/articleView.html?idxno=1181700,1,0.85,rule_keep_score_ge_6_with_hard_match,0.611172,0,pseudo_keep_model_drop,keep,candidate_hybrid_keep_strong_domain_rule_anchor,8,한국은행;기준금리,,
2026-09-06,다음 주 2분기 GDP·8월 고용 발표… 경기 회복세 이어질까,"만큼 최근 경기 회복세가 실물경제 전반으로 확산되고 있는지 확인하는 한 주가 될 전망이다. 2분기 GDP,국내총생산,경제성장률,한국은행,경기 회복,8월 고용동향,취업자,청년고용,청년실업률,주택담보대출,가계부채",https://www.newscj.com/news/articleView.html?idxno=3430245,1,0.85,rule_keep_score_ge_6_with_hard_match,0.611506,0,pseudo_keep_model_drop,keep,candidate_hybrid_keep_strong_domain_rule_anchor,9,한국은행;가계부채,주가,
2026-09-15,“빚져야 청춘이다”…20대 평균 주담대 2억원 첫 돌파,14일 한국은행이 권영세 국민의힘 의원실에 제출한 자료에 따르면 올해 2분기 말 20대의 차주당 평균... 한은 가계부채 데이터베이스(DB)를 기초로 산출한 30대 이하 가계대출 연체율은 2021년 0.4%에서 올해 1분기 말...,https://www.mk.co.kr/article/12152349,1,0.85,rule_keep_score_ge_6_with_hard_match,0.612373,0,pseudo_keep_model_drop,keep,candidate_hybrid_keep_strong_domain_rule_anchor,13,한국은행;한은;가계부채,,
2026-09-05,환율 1년 2개월 만에 장중 1천340원대로 하락,"4일 서울 외환시장에서 원·달러 환율은 거래 도중 1천349.5원까지 떨어졌다. 장중 환율이 1천350원 아래로... 향후 환율 흐름은 미국의 통화정책 방향과 글로벌 금융시장 움직임, 외국인 자금 유출입 등에 영향을 받을...",https://www.kyeonggi.com/article/20260904580243,1,0.85,rule_keep_score_ge_6_with_hard_match,0.612506,0,pseudo_keep_model_drop,keep,candidate_hybrid_keep_strong_domain_rule_anchor,8,환율;외환시장,달러,
2026-09-05,[뉴욕증시포커스] 연준 '9월 동결' 기대에 1%대 반등…나스닥 1.40%↑,"채권시장에서도 긴축 우려 완화가 나타났다. 미 국채 10년물 금리는 4.7%대 중반으로 내려왔고, 통화정책 전망에 민감한 2년물 금리도 4.3%대 초반으로 하락했다. 주초 국제유가 상승과 인플레이션 우려 속에서 치솟았던...",https://www.goodkyung.com/news/articleView.html?idxno=290985,1,0.85,rule_keep_score_ge_6_with_hard_match,0.612721,0,pseudo_keep_model_drop,keep,candidate_hybrid_keep_overseas_global_reference,8,연준;국채,,
2026-09-13,"""비트코인 고래 움직이면, 개미 따라간다""…美연준 연구진이 확인","수백억원 규모의 가상자산을 굴리는 이른바 ‘고래(whale)’ 투자자가 움직일 때마다 비트코인(BTC)... 연구진은 이더리움 온체인 활동이 기관과 거래소, 스마트 컨트랙트 간 이체 위주로 이뤄지는 반면, 개인 거래는...",https://www.edaily.co.kr/News/Read?newsId=02312406645579464&mediaCodeNo=257&utm_source=naver&utm_medium=referral&utm_campaign=news_syndication&utm_content=original_article,1,0.85,rule_keep_score_ge_6_with_hard_match,0.612895,0,pseudo_keep_model_drop,keep,candidate_hybrid_keep_strong_domain_rule_anchor,9,연준;가상자산,,
2026-09-05,"BNK경남은행, 고객 자산 증식 돕는다..고금리 정기예금 선봬",BNK경남은행은 한국은행 기준금리와 시장금리 변동을 반영해 3000억원 규모의 'BNK 프리미엄 정기예금'을 특별 판매한다고 4일 밝혔다. BNK 프리미엄 정기예금 (사진=BNK경남은행) BNK 프리미엄 정기예금은 가입기간에...,https://kpenews.com/View.aspx?No=4213365,1,0.85,rule_keep_score_ge_6_with_hard_match,0.613090,0,pseudo_keep_model_drop,keep,candidate_hybrid_keep_strong_domain_rule_anchor,8,한국은행;기준금리,,
2026-09-16,"“지금 사도 될까?” 답이 안 보인다면…하반기 투자, 4명의 전문가에게...",여기에 토큰증권(STO)과 디지털 금융이라는 새로운 투자 영역까지 등장했다. 도대체 지금 투자자는 무엇을 봐야 할까. 이 질문에 대한 답을 찾고 있다면 오는 9월 29일 열리는 ‘머니무브 2026-부의 공식’에 주목할 필요가...,https://www.fntimes.com/html/view.php?ud=2026091510400814792a735e27af_18,1,0.85,rule_keep_score_ge_6_with_hard_match,0.613524,0,pseudo_keep_model_drop,keep,candidate_hybrid_keep_strong_domain_rule_anchor,10,토큰증권;sto,,
2026-09-09,[미디어 이슈] “국민은 안 되고 LH 직원은 된다?”… 사내 주택대출 특...,"그러나 LH의 임차 자금 대출금리는 공사의 가중평균 차입이자율을 적용한 3.28%로, 정부 기준으로 제시된 한국은행 공표 은행 가계자금 대출금리 4.46%보다 1.18%포인트 낮았다. 직원들이 시중 대출보다 상대적으로 낮은...",https://www.mediawatch.kr/news/article.html?no=260947,1,0.85,rule_keep_score_ge_6_with_hard_match,0.614919,0,pseudo_keep_model_drop,keep,candidate_hybrid_keep_strong_domain_rule_anchor,8,한국은행;은행,,
2026-09-09,주담대 연체 3년반 만에 2.2배 증가,국내 은행권 주택담보대출 연체가 눈덩이처럼 쌓이고 있다. 주택담보대출 잔액보다 연체 증가 속도가 훨씬 더 빠른 점이 눈에 띈다. 대출 금리 상승과 맞물려 '영끌'(영혼까지 끌어모음) 차주들의 부실이 급속히...,https://www.yna.co.kr/view/PYH20260908145100013?input=1196m,1,0.85,rule_keep_score_ge_6_with_hard_match,0.614965,0,pseudo_keep_model_drop,keep,candidate_hybrid_keep_strong_domain_rule_anchor,8,은행권,금리;대출;연체,
2026-09-10,[이슈체크] 30억→173억·48억→182억…은행권 뚫은 '이면계약' 대출사기...,"상호금융권에서는 지역농협이 54건, 481억9000만원으로 가장 큰 비중을 차지했다. 수협 15건·58억7000만원, 산림조합 6건·34억6000만원, 신협 4건·11억원 등이 뒤를 이었다. 사기범들은 주로 미분양 상가 등 상업용 부동산...",https://www.thepublic.kr/news/articleView.html?idxno=317641,1,0.85,rule_keep_score_ge_6_with_hard_match,0.615962,0,pseudo_keep_model_drop,keep,candidate_hybrid_keep_strong_domain_rule_anchor,12,은행권;상호금융;신협,,
2026-09-07,[박정식의 국내 주식시황] 인공지능 투자 확대 기대감으로 반도체 부각...,"▷금융위원회, 주식·채권·펀드 등 전통 금융상품 토큰화 허용 소식 등에 STO(토큰증권 발행) 테마 상승. ▷비트코인 8만 달러 돌파 속 美 가상자산 관련주 급등 영향 등에 가상화폐(비트코인 등)/ 두나무 테마 상승....",https://www.newsquest.co.kr/news/articleView.html?idxno=300343,1,0.85,rule_keep_score_ge_6_with_hard_match,0.616648,0,pseudo_keep_model_drop,keep,candidate_hybrid_keep_strong_domain_rule_anchor,35,금융위원회;금융위;가상자산;토큰증권;sto;두나무,주식;채권;달러,
2026-09-09,[국제금융리포트] 유가 100달러 눈앞…글로벌 금융시장 다시 '긴축 공포...,"추가 금리 인상 가능성과 유럽의 재정 불안까지 겹치며 주요국 증시와 채권·외환시장이 동시에... 미국 10년물 국채금리는 1bp(1bp=0.01%포인트) 오른 4.79%로 마감했고, 달러화지수는 0.34% 하락한 98.84로 2주 만에 최저...",https://www.ajunews.com/view/20260909081041061,1,0.85,rule_keep_score_ge_6_with_hard_match,0.617071,0,pseudo_keep_model_drop,keep,candidate_hybrid_keep_strong_domain_rule_anchor,11,국채금리;외환시장,금리;채권,
2026-09-17,日 국채 20년물 금리 3.8% 돌파…비트코인 '엔화발 충격' 오나,일본 국채 금리 상승에 따라 암호화폐 시장이 적지 않은 영향을 받을 전망이다. [사진: 셔터스톡]  일본... 장기금리 상승 속도는 시장의 예상보다 빨랐다. 일본은행의 8월 채권시장 설문에서 응답자들은 9월 말 20년물...,https://www.digitaltoday.co.kr/news/articleView.html?idxno=700890,1,0.85,rule_keep_score_ge_6_with_hard_match,0.617248,0,pseudo_keep_model_drop,keep,candidate_hybrid_keep_strong_domain_rule_anchor,8,국채;암호화폐,금리,
2026-09-08,"[단독] STO 플랫폼 기업 크레도스파트너스, 프리시리즈A서 20억 이상 투...",토큰증권(STO) 플랫폼 기업 크레도스파트너스가 프리시리즈A 투자에서 20억원 이상의 투자금을 유치했다. 회사 측은 이를 발판으로 전통 금융자산 토큰화 사업에 속도를 낼 계획이다. 2022년 설립된 크레도스파트너스는...,https://byline.network/?p=9004111222618596,1,0.85,rule_keep_score_ge_6_with_hard_match,0.617276,0,pseudo_keep_model_drop,keep,candidate_hybrid_keep_strong_domain_rule_anchor,10,토큰증권;sto,,
2026-09-01,[크립토 브리핑] 8만달러 다시 내준 비트코인…'매파 워시'에 1억890만원...,31일 오전 8시10분 기준 가상자산거래소 빗썸에서 비트코인은 24시간 전보다 0.42% 내린 1억890만원에 거래됐다. 글로벌 시장에서는 코인마켓캡 기준 7만8379달러 안팎에서 움직였다. 주요 알트코인도 약세다. 같은 시각...,https://www.techm.kr/news/articleView.html?idxno=154761,1,0.85,rule_keep_score_ge_6_with_hard_match,0.617967,0,pseudo_keep_model_drop,keep,candidate_hybrid_keep_strong_domain_rule_anchor,9,가상자산;가상자산거래소,,
2026-09-01,[마켓+] '1550→1360원' 급전직하···원화 '나홀로 강세' 어디까지?,한미 기준금리 차 축소 등 펀더멘털 개선이 원화 강세를 뒷받침할 것이라는 분석이다. 다만 단기 수급... 원화의 추가 강세 가능성을 뒷받침하는 가장 강한 신호는 신현송 한국은행 총재의 입에서 나왔다. 신 총재는...,https://www.seoulfn.com/news/articleView.html?idxno=636847,1,0.85,rule_keep_score_ge_6_with_hard_match,0.618160,0,pseudo_keep_model_drop,keep,candidate_hybrid_keep_strong_domain_rule_anchor,9,한국은행;기준금리,원화,
2026-09-07,"BNK경남은행, 'BNK 프리미엄 정기예금' 특별 판매…최고 연 3.8% 금리 제...",BNK경남은행은 한국은행 기준금리 및 시장금리 변동을 반영해 3000억원 규모의 'BNK 프리미엄 정기예금'을 특별 판매 중이라고 지난 4일 밝혔다. 이 정기예금은 가입기간이 12개월과 13개월로 나뉘며 우대금리 조건...,https://www.newsgn.com/news/articleView.html?idxno=571749,1,0.85,rule_keep_score_ge_6_with_hard_match,0.618230,0,pseudo_keep_model_drop,keep,candidate_hybrid_keep_strong_domain_rule_anchor,9,한국은행;기준금리,금리,
2026-09-05,"코스피, 1.64% 상승 마감…원·달러 환율 장중 한때 1340원대로",이후 글로벌 채권 시장의 벤치마크인 미 10년 만기 국채 금리는 전장 대비 1.1bp(1bp=0.01%포인트) 내린 4.769%에 거래됐다. 다만 한국시간 이날 저녁 공개될 미국 8월 고용보고서에 대한 경계감 속에 개인을...,https://www.mediapen.com/news/view/1121433,1,0.85,rule_keep_score_ge_6_with_hard_match,0.618652,0,pseudo_keep_model_drop,keep,candidate_hybrid_keep_overseas_global_reference,11,환율;국채,코스피;채권;달러,
2026-09-03,'중동 쇼크' 코스피 4% 급락…환율 다시 1360원대로,중동 리스크가 재고조되면서 금융시장이 흔들리고 있습니다. 국제유가와 미국 국채금리 급등에 코스피는... [기자] 서울 외환시장에서 달러-원 환율은 전 거래일 주간종가 대비 1원 70 전원 내린 1368원 70전에...,https://biz.sbs.co.kr/article_hub/20000332393?division=NAVER,1,0.85,rule_keep_score_ge_6_with_hard_match,0.618759,0,pseudo_keep_model_drop,keep,candidate_hybrid_keep_strong_domain_rule_anchor,14,환율;국채금리;외환시장,코스피;달러,
2026-09-09,주담대 21% 늘 때 연체는 120% 폭증,"한국은행이 7·8월 잇달아 0.25%포인트씩 올린 현행 기준금리는 연 3.00%다. 5대 시중은행의 주담대 금리는 7일 기준 고정형 연 4.80~7.24%, 변동형 연 4.28~6.65%다. 지난 7월 신규 주담대 평균금리도 연 4.48%로 2년 8개월...",https://www.kmib.co.kr/article/view.asp?arcid=9000010378&cp=nv,1,0.85,rule_keep_score_ge_6_with_hard_match,0.618831,0,pseudo_keep_model_drop,keep,candidate_hybrid_keep_strong_domain_rule_anchor,12,한국은행;시중은행;기준금리,,
2026-09-18,"유가 안정에 달러 힘 빠졌다… 원/달러 환율, 하락 압력 우위 전망","서울 외환시장에서 18일 원/달러 환율은 하락 압력이 우위를 보일 전망이다. 민경원 우리은행 선임연구원은... 속에 금융시장은 이를 소화하는 모습""이라며 ""국제유가는 사우디아라비아가 예멘 후티 반군에 2주간 휴전을...",http://www.the-biz.co.kr/news/articleView.html?idxno=728048,1,0.85,rule_keep_score_ge_6_with_hard_match,0.618897,0,pseudo_keep_model_drop,keep,candidate_hybrid_keep_strong_domain_rule_anchor,12,환율;원/달러;외환시장,달러,
2026-09-11,[단독]KOK 주동자 지갑 보니…中거래소 거쳐 500억대 현금화,이 중 KOK코인 총 2483만5010개를 2021년 7월부터 2022년 5월까지 중국계 가상자산거래소 쿠코인(KuCoin)으로 17차례에 걸쳐 보냈다. 이후 2021년 11월부터 2022년 1월까지 약 3개월간 KOK코인을 3773만938USDT로 바꿔 회수했다....,https://www.edaily.co.kr/News/Read?newsId=01095526645579136&mediaCodeNo=257&utm_source=naver&utm_medium=referral&utm_campaign=news_syndication&utm_content=original_article,1,0.85,rule_keep_score_ge_6_with_hard_match,0.619310,0,pseudo_keep_model_drop,keep,candidate_hybrid_keep_strong_domain_rule_anchor,9,가상자산;가상자산거래소,,
2026-09-14,"금융권, 추석 앞두고 소상공인·중기에 103조 지원한다",은행·보험·저축은행·카드사 등 금융회사 대출의 상환만기가 9월 24~27일에 도래하면 연체이자 없이 9월 28일로 자동 연장된다. 카드대금도 납부일이 연휴 기간에 걸리면 연체료 없이 9월 28일 고객의...,https://www.mk.co.kr/article/12151317,1,0.85,rule_keep_score_ge_6_with_hard_match,0.619333,0,pseudo_keep_model_drop,keep,candidate_hybrid_keep_strong_domain_rule_anchor,10,은행;저축은행;카드사,,
2026-09-05,“日 금리 오르는데 엔화 약세…美 국채금리도 상승 압력↑” <IBK투자證...,미국 국채금리에도 상승 압력을 가할 수 있다는 분석이 나왔다. 엔화 가치 하락이 일본의 미국 채권 매수를... 엔화 약세가 장기화하면 미국 채권시장에도 영향을 미칠 수 있다는 전망이다. 엔·달러 환율이 상승할수록...,https://www.news2day.co.kr/article/20260904500165,1,0.85,rule_keep_score_ge_6_with_hard_match,0.619898,0,pseudo_keep_model_drop,keep,candidate_hybrid_keep_overseas_global_reference,8,국채금리,금리;채권;달러,
2026-09-18,FOMC·은행채 오버발행 여파에 중단기 약세…국고 3년 4.7bp↑,국내 채권시장의 경우 최근 약세를 이어가며 어느 정도 선반영한 것으로 평가됐다. 호주 금리 등도 하락하며 FOMC에 과도하게 반응하지는 않는 모습이었다. 호주 국채 3년 금리는 2bp대 하락했고 10년 금리는...,https://news.einfomax.co.kr/news/articleView.html?idxno=4435428,1,0.85,rule_keep_score_ge_6_with_hard_match,0.620398,0,pseudo_keep_model_drop,keep,candidate_hybrid_keep_overseas_korean_market_impact,8,국채;국내 채권시장,금리,
2026-09-21,[국제금융 브리핑] 트럼프 대이란 대응 결정 단계...호르무즈·금리인상...,미국과 이란의 군사·외교 긴장이 호르무즈 해협 변수와 맞물리며 국제금융시장의 경계감이 높아졌다.... 국채시장 영향 등으로 3.52%까지 2bp 올랐다. 일본 10년물 국채금리는 2.99%로 전주 말과 같았다. 원/달러 환율은...,https://www.tokenpost.kr/news/economy/411243,1,0.85,rule_keep_score_ge_6_with_hard_match,0.620468,0,pseudo_keep_model_drop,keep,candidate_hybrid_keep_strong_domain_rule_anchor,9,국채금리;원/달러,달러,
2026-09-02,상호금융도 가계대출 총량 배분 통지…고삐 풀릴라 당국 '촉각',금융감독원에 따르면 상호금융권의 지난 6월말 연체율은 5.39%로 지난해 말보다 0.77%포인트(p) 상승했다. 특히 기업대출 연체율이 6.83%에서 8.03%로 1.20%p 뛰었다. 금융회사 입장에서 신축 대단지에 집행되는 집단대출은...,https://news.bizwatch.co.kr/article/finance/2026/09/01/0028,1,0.85,rule_keep_score_ge_6_with_hard_match,0.621219,0,pseudo_keep_model_drop,keep,candidate_hybrid_keep_strong_domain_rule_anchor,10,금융감독원;상호금융,,
2026-09-21,"중기 연체율, 대기업의 4배 … 금리 추가 인상땐 '한계 기업 연쇄 부도...",금융권에 따르면 5대 시중은행(KB국민·신한·하나·우리·NH농협)의 8월 말 기업대출 잔액은... 금융감독원에 따르면 6월 말 기준 국내은행의 중소기업대출 연체율은 0.82%로 대기업대출 연체율(0.22%)의 약 4배 수준에...,https://biz.newdaily.co.kr/site/data/html/2026/09/18/2026091800192.html,1,0.85,rule_keep_score_ge_6_with_hard_match,0.621344,0,pseudo_keep_model_drop,keep,candidate_hybrid_keep_strong_domain_rule_anchor,15,금융감독원;시중은행;연체율,금리,
2026-09-04,카드사 '고금리 장사' 갈아타기…리볼빙·현금서비스 늘어,잔액과 연체율 상승에 대응해 카드사들에 리스크 관리를 주문하고 공격적인 리볼빙 권유 영업을 자제하도록 지도했다. 최근의 상황이 당시와 완전히 같지는 않다. 그러나 금융당국이 카드론 등 가계대출 증가율을...,https://www.sisaon.co.kr/news/articleView.html?idxno=204092,1,0.85,rule_keep_score_ge_6_with_hard_match,0.621708,0,pseudo_keep_model_drop,keep,candidate_hybrid_keep_strong_domain_rule_anchor,12,카드사;연체율;카드론,,
2026-09-17,엔 캐리 아성 흔들… 프랑·크로나로 갈아타는 큰손들,블룸버그는 16일 일본의 가파른 채권 금리 상승과 당국의 외환시장 개입 여파로 스위스 프랑과 스웨덴... 과정에서 원/달러 환율 변동성이 덩달아 확대되는 부담을 안긴다. 올가을에는 일본은행의 금융정책결정회의 발표와...,https://www.g-enews.com/view.php?ud=202609170644213666e7e8286d56_1,1,0.85,rule_keep_score_ge_6_with_hard_match,0.621957,0,pseudo_keep_model_drop,keep,candidate_hybrid_keep_strong_domain_rule_anchor,15,환율;원/달러;외환시장,금리;채권;달러,
2026-09-03,"장병 월급 올랐는데, 적금 가입 32%↓…주식·코인으로 눈 돌렸나",군인을 대상으로 한 대부업체 대출도 적지 않다. 금감원이 금융위원회에 등록된 상위 30개 금전대부업자를 조사한 결과 지난해 말 25개사가 군인 대상 대출을 취급하고 있었다. 전체 대출잔액은 444억원으로 현역병...,https://www.dailian.co.kr/news/view/1685692/?sc=Naver,1,0.85,rule_keep_score_ge_6_with_hard_match,0.622168,0,pseudo_keep_model_drop,keep,candidate_hybrid_keep_strong_domain_rule_anchor,13,금융위원회;금융위,주식,
2026-09-11,"타이거리서치, 하반기 국내 가상화폐 제도화 가속 전망","블록체인 분석 업체 타이거리서치(Tiger Research)가 올해 하반기 국내 가상화폐 시장 주요 변수로 스테이블코인(현금성 가상화폐), 디지털자산기본법, 토큰증권(STO) 하위규정, 거래소 지배구조 변화 등을 꼽았다. 우리나라...",https://www.khgames.co.kr/news/articleView.html?idxno=308231,1,0.85,rule_keep_score_ge_6_with_hard_match,0.622223,0,pseudo_keep_model_drop,keep,candidate_hybrid_keep_strong_domain_rule_anchor,19,토큰증권;sto;디지털자산;스테이블코인,,
2026-09-02,"금융위 내년 예산 9.2조···두 배 뛴 재정, AI·청년·서민에 쏟는다","1년간 성실하게 상환하면 금리 4.5%, 최대 500만원의 미소 취약계층 생계자금 대출과 연계하고, 2년간 상환을 이어가면 금리 9% 이하, 최대 3000만원의 은행권 징검다리론을 이용할 수 있도록 한다. 연체가 발생하면 위기...",https://www.smartbizn.com/news/articleView.html?idxno=152733,1,0.85,rule_keep_score_ge_6_with_hard_match,0.622269,0,pseudo_keep_model_drop,keep,candidate_hybrid_keep_strong_domain_rule_anchor,11,금융위;은행권,금리,
2026-09-14,'아파텔' 집단대출도 숨통 트이나…총량규제 제외 검토,최근 금융위원회 주재 가계부채 점검회의에서는 오피스텔 집단대출이 사각지대에 놓여 있다며 총량 한도 제외 대상에 추가해달라는 제2금융권의 건의가 나온 것으로 알려졌다. 은행권이 주택 집단대출을 확대하면서...,https://www.jnilbo.com/news/articleView.html?idxno=90000064804,1,0.85,rule_keep_score_ge_6_with_hard_match,0.622379,0,pseudo_keep_model_drop,keep,candidate_hybrid_keep_strong_domain_rule_anchor,15,금융위원회;금융위;가계부채,,
2026-09-02,"미·이란 충돌에 다시 오른 환율…1,370원대 복귀","원/달러 환율은 오늘(1일) 중동 지역 긴장 재고조와 저가 매수세 유입 등에 소폭 상승했습니다. 이날 서울 외환시장에서 미국 달러화 대비 원화 환율은 오후 3시 30분 기준 1.8원 오른 1,370.4원입니다. 환율은 1,367....",http://mbn.mk.co.kr/pages/news/newsView.php?category=mbn00003&news_seq_no=5216231,1,0.85,rule_keep_score_ge_6_with_hard_match,0.622451,0,pseudo_keep_model_drop,keep,candidate_hybrid_keep_strong_domain_rule_anchor,13,환율;원/달러;외환시장,달러;원화,
2026-09-11,국제유가 100달러 돌파·국채금리 급등…뉴욕증시 나흘째 '미끄덩',채권시장에서는 물가 우려를 반영하듯 미 국채금리가 일제히 뛰었다. 대표 장기물인 10년물 국채금리는 장중 4.95%를 넘어 2023년 10월 이후 최고 수준에 근접했다. 시장에서는 10년물이 상징적 마지노선으로...,http://www.newsroad.co.kr/news/articleView.html?idxno=64134,1,0.85,rule_keep_score_ge_6_with_hard_match,0.622743,0,pseudo_keep_model_drop,keep,candidate_hybrid_keep_overseas_global_reference,8,국채금리;미 국채금리,,
2026-09-21,“코로나 때보다 더 못 갚는다” … 저신용 자영업자 연체율 5년새 5배,한국은행에 따르면 올해 1분기 말 자영업자의 금융권 대출 잔액은 1095조5000억원으로 집계됐다. 전체 자영업자 대출 연체율은 2.04%였지만 저소득 또는 저신용이면서 여러 금융회사에서 돈을 빌린 취약...,https://biz.newdaily.co.kr/site/data/html/2026/09/20/2026092000017.html,1,0.85,rule_keep_score_ge_6_with_hard_match,0.623010,0,pseudo_keep_model_drop,keep,candidate_hybrid_keep_strong_domain_rule_anchor,10,한국은행;연체율,대출,
2026-09-11,로빈후드 8월 암호화폐 거래량 175억달러(약 23조4000억원),"앞서 로빈후드의 7월 가상자산 거래량 감소는 앱과 비트스탬프 거래량이 모두 전월과 전년 동월 대비... 명목 거래량은 일정 기간 체결된 거래의 총액을 뜻하며, 거래소나 플랫폼의 수익과는 다른 지표다. 거래량이...",https://www.tokenpost.kr/news/cryptocurrency/406052,1,0.85,rule_keep_score_ge_6_with_hard_match,0.623893,0,pseudo_keep_model_drop,keep,candidate_hybrid_keep_strong_domain_rule_anchor,8,가상자산;암호화폐,,
2026-09-10,"뉴욕증시, 국제유가ㆍ국채금리 급등에 하락⋯다우 0.77%↓ [종합]",9일(현지시간) 뉴욕증권거래소에소 다우지수는 전 거래일 대비 405.41포인트(0.77%) 하락한 5만2380.66에... 가상자산은 약세다. 코인마켓캡에 따르면 한국시간 오전 6시 32분 현재 비트코인은 24시간 전 대비 0.37...,https://www.etoday.co.kr/news/view/2623777,1,0.85,rule_keep_score_ge_6_with_hard_match,0.624390,0,pseudo_keep_model_drop,keep,candidate_hybrid_keep_strong_domain_rule_anchor,8,국채금리;가상자산,,
2026-09-19,"[매일 금리·환율 브리핑] 9월 18일, 국고채 5년 금리 하락","데일리팝 매일 금리·환율 브리핑 (9월 18일 15:30 기준, 자료=한국은행 ECOS) 9월 18일 15:30 기준 국고채 5년 금리가 전일 대비 4bp 하락한 4.225%를 기록했다. 시장금리 (9월 18일 15:30 기준) · 국고채 3년...",http://www.dailypop.kr/news/articleView.html?idxno=102744,1,0.85,rule_keep_score_ge_6_with_hard_match,0.624472,0,pseudo_keep_model_drop,keep,candidate_hybrid_keep_strong_domain_rule_anchor,9,한국은행;환율,금리,
2026-09-12,대출 규제 속 수도권 주거형 오피스텔 거래 증가…‘더샵 송도그란테르...,"지난해 6월 발표된 가계부채 관리 강화 방안에 따라 수도권과 규제지역에서 주택구입 목적의... 오피스텔은 아파트와 담보대출 기준이 다르지만 실제 대출 가능 금액은 개인별 총부채원리금상환비율(DSR), 소득, 기존...",https://biz.heraldcorp.com/article/10870209?ref=naver,1,0.85,rule_keep_score_ge_6_with_hard_match,0.624505,0,pseudo_keep_model_drop,keep,candidate_hybrid_model_keep_prob_ge_threshold_with_domain_anchor,8,dsr;가계부채,대출,
2026-09-10,조달비용 뛰는데 중금리대출 확대 압박…카드사 '속앓이',9일 금융권에 따르면 금융감독원은 최근 카드사와 일부 캐피탈사를 만나 중·저신용자 대상 자금 공급... ◆이미 은행보다 3조원 더 공급…연체율도 상승 카드업계는 이미 중금리대출을 빠르게 늘리고 있다. 8개...,https://www.ebn.co.kr/news/articleView.html?idxno=1723563,1,0.85,rule_keep_score_ge_6_with_hard_match,0.624811,0,pseudo_keep_model_drop,keep,candidate_hybrid_keep_strong_domain_rule_anchor,9,금융감독원;카드사,,
2026-09-05,STO 시장 선점 경쟁 본격화… IT·증권주 중심으로 매수 온기 확산,토큰증권 발행(STO) 테마가 4일 금융당국의 규제 완화 및 법제화 재추진 기대감에 강세를 보이고 있다. 실물자산 기반의 디지털 자산화 시장이 본격적으로 열릴 것이라는 전망이 나오면서 결제 솔루션 기업과 핀테크...,https://www.pinpointnews.co.kr/news/articleView.html?idxno=483936,1,0.85,rule_keep_score_ge_6_with_hard_match,0.625197,0,pseudo_keep_model_drop,keep,candidate_hybrid_keep_strong_domain_rule_anchor,10,토큰증권;sto,,
2026-09-12,"원·달러 환율 바닥 어디까지 내려가나…""1200원대 진입 가능성도""","11일 한국은행에 따르면 주간거래 종가 기준 원·달러 환율은 7월 1일 1,554.9원에서 이달 10일 1,339.2원까지... 경우, 한국 경제의 성장세가 탄력을 받을 것으로 봤다. 이에 따라 국내 금리가 상대적으로 높은 수준을...",https://www.hankookilbo.com/news/article/A2026091116050000396?did=NA,1,0.85,rule_keep_score_ge_6_with_hard_match,0.625286,0,pseudo_keep_model_drop,keep,candidate_hybrid_keep_strong_domain_rule_anchor,9,한국은행;환율,달러,
2026-09-07,한국 USDT 프리미엄 1.67%…법인·외국인 진입 시 수요 충격 원·달러로,"실제 2025년 현물 거래대금 기준 바이낸스는 세계 중앙화 가상자산거래소(CEX) 거래대금의 약 39%를 차지했다. 주요 CEX에 예치된 테더(USDT)·USD코인(USDC) 가운데 518억3000만달러, 69.11%가 바이낸스에 집중됐다. OKX는...",https://www.newswhoplus.com/news/articleView.html?idxno=68938,1,0.85,rule_keep_score_ge_6_with_hard_match,0.626169,0,pseudo_keep_model_drop,keep,candidate_hybrid_keep_strong_domain_rule_anchor,9,가상자산;가상자산거래소,,
2026-09-04,'AI발' 자금조달 쓰나미…장기금리 뛰는데 국채는 '장기물' 고집하나,국채와 회사채 간 '자금 쟁탈전'은 국내 채권시장에도 부담이다. 미국 장기금리 상승은 글로벌 채권금리의 기준점 역할을 하면서 국내 장기금리에도 상방 압력으로 작용할 수 있기 때문이다. 최근 국내 증시에서도 미국과...,https://www.newsquest.co.kr/news/articleView.html?idxno=300189,1,0.85,rule_keep_score_ge_6_with_hard_match,0.626515,0,pseudo_keep_model_drop,keep,candidate_hybrid_keep_overseas_korean_market_impact,12,회사채;글로벌 채권금리;국내 채권시장,,
2026-09-10,"[단독] 은행 해외점, 3년 반 동안 '사고 1283억' 불구 임원 징계 '전무'",하나은행 글로벌검사팀과 농협은행 글로벌감사팀에도 각각 5명이 배치됐다. 반면 산업은행과 수출입은행... 이번 금감원 자료에서도 사고가 발생한 해외법인·지점의 관리 담당 본점 임원을 '책무구조도상 담당자'로...,https://www.fetv.co.kr/news/articleView.html?idxno=309889,1,0.85,rule_keep_score_ge_6_with_hard_match,0.627215,0,pseudo_keep_model_drop,keep,candidate_hybrid_keep_strong_domain_rule_anchor,14,금감원;은행;산업은행,,
2026-09-08,비트코인 7월 저점서 38% 반등… 10만 달러 '조건부',한국 거래소에서 비트코인은 가상자산 이용자 보호법 시행 이후 원화 예치금 유입을 이끄는 핵심 척도 역할을 담당하고 있다. 10만 달러 돌파 여부는 빗썸과 업비트 등 한국 거래소의 일일 거래 대금 확장과 수수료...,https://www.g-enews.com/view.php?ud=202609070452455753e7e8286d56_1,1,0.85,rule_keep_score_ge_6_with_hard_match,0.627532,0,pseudo_keep_model_drop,keep,candidate_hybrid_keep_strong_domain_rule_anchor,12,가상자산;업비트,수수료;달러;원화,
2026-09-11,"반도체 벨트 집값 들썩…한은 ""가계대출 다시 늘 수도""",한국은행은 대출 관리 강화 기조가 이어지더라도 주택시장 흐름에 따라 가계대출이 다시 늘어날 수 있다고... 기준금리 인상은 대출금리 상승 압력으로 작용해 가계대출 수요를 억제하고 주택가격 상승 기대를 낮추는...,https://www.ebn.co.kr/news/articleView.html?idxno=1723747,1,0.85,rule_keep_score_ge_6_with_hard_match,0.627723,0,pseudo_keep_model_drop,keep,candidate_hybrid_keep_strong_domain_rule_anchor,14,한국은행;한은;기준금리,대출,
2026-09-09,금리·환율·전쟁에 변심한 개미까지…코스피 '1만' 막는 악재들,다만 금융시장이 안정적이고 미국·일본 개입 가능성도 높아 큰 충격으로 이어질 가능성은 낮다는 평가다. 앞서 7월 이후 급격하게 내린 원/달러 환율(원화 강세)로 기업 원화 환산 이익이 줄어들 것이란 우려도 있다....,https://www.mt.co.kr/stock/2026/09/09/2026090815332964895,1,0.85,rule_keep_score_ge_6_with_hard_match,0.628066,0,pseudo_keep_model_drop,keep,candidate_hybrid_keep_strong_domain_rule_anchor,12,환율;원/달러,금리;코스피;달러;원화,
2026-09-17,18개월 만에 재개된 'PF 매각설명회'…99곳 사업장 몰려,"금감원 주최 매각설명회가 재개된 건 정부가 8.13 부동산 공급대책을 통해 부실사업장의 정상화를 통한 주택 공급에 총력을 기울이면서다. 설명회에선 코람코자산신탁(PF 개발앵커리츠 총 6100억 원), 은행·보험업권...",https://www.news1.kr/finance/general-finance/6292541,1,0.85,rule_keep_score_ge_6_with_hard_match,0.628168,0,pseudo_keep_model_drop,keep,candidate_hybrid_keep_strong_domain_rule_anchor,13,금감원;은행;pf,,
2026-09-09,"[신협 지역이사 성적표①] ""건전성 합격점""…15곳 중 돋보인 신협 3곳 어...",이들 조합은 순자본비율이 8% 안팎을 유지하는 가운데 연체율과 고정이하여신비율도 비교적 낮은 수준을... 다만 광주·전남 지역의 시장 여건과 조합 규모 등을 감안할 필요가 있다는 게 금융권의 설명이다....,https://news.tf.co.kr/read/economy/2363351.htm,1,0.85,rule_keep_score_ge_6_with_hard_match,0.628395,0,pseudo_keep_model_drop,keep,candidate_hybrid_keep_strong_domain_rule_anchor,10,신협;순자본비율,건전성,
2026-09-05,"BNK경남은행, 최고 연 3.8% '프리미엄 정기예금' 특별판매",BNK경남은행은 한국은행 기준금리와 시장금리 변화를 반영해 'BNK 프리미엄 정기예금'을 특별판매한다고 4일 밝혔다. 가입 기간은 12개월과 13개월 중 선택할 수 있다. 기본금리는 연 2.3%이며 우대조건을 모두...,https://www.ziksir.com/news/articleView.html?idxno=145497,1,0.85,rule_keep_score_ge_6_with_hard_match,0.628642,0,pseudo_keep_model_drop,keep,candidate_hybrid_keep_strong_domain_rule_anchor,8,한국은행;기준금리,,
2026-09-14,KB금융 회장 연임 불발 ‘이변’…금융권 세대교체 바람 부나,KB금융지주 차기 회장 최종 후보로 이재근 글로벌사업부문장(60·사진)이 선정된 것을 두고 은행권은 물론... 금융감독원 관계자는 “금융지주 검사를 맡고 있는 금감원 인사도 회장 인선 소식은 사전에 알기 어렵다”며...,https://www.khan.co.kr/article/202609132020005,1,0.85,rule_keep_score_ge_6_with_hard_match,0.628750,0,pseudo_keep_model_drop,keep,candidate_hybrid_keep_strong_domain_rule_anchor,12,금융감독원;금감원,,
2026-09-03,서민금융 출연금 4년 반 새 1.5조원...금융권 부담 91.5% 급증,"상호금융이 3천807억원으로 뒤를 이었고 저축은행 2110억원, 보험업권 1천억원, 여신전문금융회사 839억원... 신한은행 958억원, NH농협은행 849억원, 전북은행 751억원, 하나은행 745억원, 우리은행 644억원 등이 뒤를...",https://www.youthdaily.co.kr/news/article.html?no=226290,1,0.85,rule_keep_score_ge_6_with_hard_match,0.628803,0,pseudo_keep_model_drop,keep,candidate_hybrid_keep_strong_domain_rule_anchor,8,저축은행;상호금융,,
2026-09-08,수수료 공짜여도 거래 ‘0원’…코빗·코인원 코인 100여개 ‘개점휴업...,"국내 중소 가상자산 거래소인 코빗과 코인원에서 24시간 동안 한 번도 거래되지 않은 알트코인이 중복 상장을 제외해도 100개를 넘는 것으로 추산됐다. 거래가 드문 종목은 소액 주문에도 가격이 급등락하고, 같은...",https://www.kbmaeil.com/article/20260908500034,1,0.85,rule_keep_score_ge_6_with_hard_match,0.630069,0,pseudo_keep_model_drop,keep,candidate_hybrid_keep_strong_domain_rule_anchor,9,가상자산;코빗,수수료,
2026-09-21,"적자폭 줄였지만 연체율 비상…수협, 3000억 수혈해 부실 턴다","수협중앙회 관계자는 “대부업법상 자본금 기준으로는 더 매입할 수 있는 여지가 있지만, 유동성과 실제 운영 여건을 고려하면 자본금의 4~5배 수준이 현실적인 한계”라며 “현재는 추가 매입 여력이 없는...",https://www.viva100.com/article/20260917500850,1,0.85,rule_keep_score_ge_6_with_hard_match,0.630266,0,pseudo_keep_model_drop,keep,candidate_hybrid_keep_strong_domain_rule_anchor,12,대부업법;연체율,부실,
2026-09-08,[생생경제] 공매도 감시망에 걸린 '리콜 누락'…운용사·증권사 책임은,제재 대상이 될 수 있습니다. 방지조치 의무 위반의 과태료 기준금액은 법인 1억원입니다. ◆ 운용사가 1차 잔고 책임…증권사는 확인·수탁 통제 책임은 운용사와 PBS 증권사에 똑같이 나뉘는 구조가 아닙니다. 공매도...,http://www.srtimes.kr/news/articleView.html?idxno=211721,1,0.85,rule_keep_score_ge_6_with_hard_match,0.630350,0,pseudo_keep_model_drop,keep,candidate_hybrid_keep_strong_domain_rule_anchor,9,증권사;공매도;제재,,
2026-09-18,"엔화 가치, 美 금리 역폭풍에 156.42엔까지 하락… 160엔 복귀 '공포'",미국 연방준비제도가 기준금리를 전격 인상하자 엔화 가치가 달러당 156.42엔까지 밀려나며 금융시장에... 연준 기습 인상과 엔화 급락 미국 중앙은행이 시장의 금리 인하 기대를 깨고 통화 긴축을 단행하면서 엔화...,https://www.g-enews.com/view.php?ud=202609180222241930e7e8286d56_1,1,0.85,rule_keep_score_ge_6_with_hard_match,0.630393,0,pseudo_keep_model_drop,keep,candidate_hybrid_keep_overseas_global_reference,9,연준;기준금리,금리,
2026-09-09,주담대 연체 가파른 증가…가계 상환능력 ‘경고음’,8일 국회 정무위원회 소속 박성훈 국민의힘 의원이 금융감독원으로부터 제출받은 자료에 따르면 국내 은행의 주담대 연체채권은 2022년 말 1조 원에서 올해 6월 말 2조2000억 원으로 120% 증가했다. 사진은 이날 서울...,https://www.news1.kr/photos/8094865,1,0.85,rule_keep_score_ge_6_with_hard_match,0.630532,0,pseudo_keep_model_drop,keep,candidate_hybrid_keep_strong_domain_rule_anchor,8,금융감독원,연체,
2026-09-11,문경시산림조합 상호금융 우수조합 선정,"이번 평가는 수신·여신 실적과 건전성 관리, 수익성 개선, 조합원 서비스 확대 등 상호금융 업무 전반을 대상으로 진행됐다.문경시산림조합은 예금과 대출 실적을 늘리는 동시에 연체율 관리와 재무 건전성 강화에...",https://www.asiatoday.co.kr/kn/view.php?key=20260910010004176,1,0.85,rule_keep_score_ge_6_with_hard_match,0.630553,0,pseudo_keep_model_drop,keep,candidate_hybrid_keep_strong_domain_rule_anchor,11,상호금융;연체율,대출;건전성,
2026-09-12,"코스피, 다시 7000선 아래로...유가·금리 상승에 투심 냉각","외국인은 코스피200 선물 시장에서도 6800억원 순매도했다. 원/달러 환율은 오후 3시 30분 기준 서울... 경계심도 시장에 부담으로 작용했다. 이경민 대신증권 연구원은 ""금일 밤 발표될 CPI가 향후 금융 시장의...",https://www.delighti.co.kr/news/articleView.html?idxno=121738,1,0.85,rule_keep_score_ge_6_with_hard_match,0.630765,0,pseudo_keep_model_drop,keep,candidate_hybrid_keep_strong_domain_rule_anchor,9,원/달러,금리;코스피;달러;금융,
2026-09-14,추석 앞두고 소상공인·중기에 103조원 푼다…대출 만기도 연장,"은행·보험·저축은행·카드사 등 금융회사 대출의 상환 만기가 이달 24∼27일에 도래하면 연체이자 없이 28일로 자동 연장된다. 카드대금 역시 연체료 부과 없이 28일 출금된다. 보험료와 통신요금, 공과금의...",https://www.g-enews.com/view.php?ud=202609131601113027e30fcb1ba8_1,1,0.85,rule_keep_score_ge_6_with_hard_match,0.631094,0,pseudo_keep_model_drop,keep,candidate_hybrid_keep_strong_domain_rule_anchor,11,은행;저축은행;카드사,대출,
2026-09-12,코스피 6909선 후퇴…유가·금리 급등에 삼성전자·SK하이닉스 동반 하락,"서울 외환시장에서 원·달러 환율은 오후 3시30분 기준 전 거래일보다 6.7원 오른 1,345.9원을 기록했다.... 대신증권 이경민 연구원은 11일 밤 발표되는 미국 8월 소비자물가지수가 향후 금융시장 방향을 판단할...",https://www.topstarnews.net/news/articleView.html?idxno=16190045,1,0.85,rule_keep_score_ge_6_with_hard_match,0.631226,0,pseudo_keep_model_drop,keep,candidate_hybrid_keep_strong_domain_rule_anchor,8,외환시장,금리;코스피;달러,
2026-09-10,올 2분기 증권사 순익 5조1914억…수수료·자기매매 수익 급증,원/달러 환율 상승폭이 축소되면서 외환관련손실은 4572억원에서 1755억원으로 줄었다.... 금감원은 지정학적 리스크 장기화와 국내외 금융시장 변동성 확대 가능성에 대비해 증권사의 부실자산 정리 등...,https://www.newspim.com/news/view/20260910000144,1,0.85,rule_keep_score_ge_6_with_hard_match,0.631678,0,pseudo_keep_model_drop,keep,candidate_hybrid_keep_strong_domain_rule_anchor,12,증권사;환율;원/달러,수수료;달러,
2026-09-12,여신협회 전산 개선비용 '눈덩이'…카드사 회비 부담 커져,"ISMP 수립 컨설팅 의뢰…침해 사고 예빙 차원 규제 강화·법 개정 대응…예산 증액 논의 나서 '볼멘소리' 나오기도…""자체 재원 한계 때문에"" [아시아타임즈=신도 기자] 여신금융협회가 대규모 전산시스템 개선을 추진하면서...",https://www.asiatime.co.kr/article/20260911500343,1,0.85,rule_keep_score_ge_6_with_hard_match,0.631964,0,pseudo_keep_model_drop,keep,candidate_hybrid_keep_strong_domain_rule_anchor,15,카드사;여신금융협회;여신협회,,
2026-09-02,연체율 뛰는 지방銀… 지역·업종별 살핀다,금융당국은 최근 은행권 연체율을 이전보다 자주 확인하는 한편 지역과 업종별로 지표를 세분화해... 금융권에선 고금리 장기화로 차주의 상환여력이 점차 약해질 가능성을 우려한다. 연초만 해도 금리하락 기대가...,https://www.mt.co.kr/finance/2026/09/02/2026090118435734115,1,0.85,rule_keep_score_ge_6_with_hard_match,0.632224,0,pseudo_keep_model_drop,keep,candidate_hybrid_keep_strong_domain_rule_anchor,8,은행권;연체율,,
2026-09-05,경남은행 'BNK 프리미엄 정기예금' 특판…최고 연 3.8% 금리,사진/BNK경남은행 BNK경남은행이 한국은행 기준금리 및 시장금리 변동을 반영해 3000억원 규모의 'BNK 프리미엄 정기예금'을 특별 판매한다. 4일 BNK경남은행에 따르면 BNK 프리미엄 정기예금은 가입기간이 12개월과...,http://www.smedaily.co.kr/news/articleView.html?idxno=362675,1,0.85,rule_keep_score_ge_6_with_hard_match,0.632404,0,pseudo_keep_model_drop,keep,candidate_hybrid_keep_strong_domain_rule_anchor,9,한국은행;기준금리,금리,
2026-09-14,추석 맞아 소상공인에 103조원 공급…연휴 이후로 만기 연장,또 은행·보험·저축은행·카드 등 금융회사 대출의 상환만기가 추석 연휴(9월24∼27일) 중 도래하는 경우 연체이자 없이 만기가 9월 28일로 자동 연장됩니다. 카드대금도 연체료 없이 이달 28일 자동 출금되며 보험료...,https://biz.sbs.co.kr/article_hub/20000334308?division=NAVER,1,0.85,rule_keep_score_ge_6_with_hard_match,0.632876,0,pseudo_keep_model_drop,keep,candidate_hybrid_keep_strong_domain_rule_anchor,8,은행;저축은행,보험료,
2026-09-19,"'4곳이 24곳 추월' 장기렌터카 조달… 여전사 1곳당 계약액, 中企 7.4배",현행 여신전문금융업감독규정은 렌탈자산의 분기 중 평균잔액이 리스자산의 분기 중 평균잔액을 초과하지 못하도록 취급한도를 두고 있다. 금융위원회는 2024년 4월29일 여신전문금융업감독규정 개정안을...,https://www.s-journal.co.kr/news/articleView.html?idxno=43862,1,0.85,rule_keep_score_ge_6_with_hard_match,0.633071,0,pseudo_keep_model_drop,keep,candidate_hybrid_keep_strong_domain_rule_anchor,18,금융위원회;금융위;여신전문금융업,,
2026-09-03,'금융이력 대신 성장성'…소상공인 대출 문턱 낮아진다,"Bureau)가 은행권에서 본격적인 시범운영에 들어가면서다. 금융위원회는 지난달 31일부터 국민·기업·농협... 기존 신용평가는 주로 금융거래 이력과 연체 여부, 부채 수준 등 금융정보를 중심으로 이뤄진다. 이 때문에...",https://www.financialpost.co.kr/news/articleView.html?idxno=273304,1,0.85,rule_keep_score_ge_6_with_hard_match,0.633526,0,pseudo_keep_model_drop,keep,candidate_hybrid_keep_strong_domain_rule_anchor,15,금융위원회;금융위,대출;연체,
2026-09-13,‘실직 이후’에만 몰린 한국 고용 지원…직업훈련 지원은 ‘주요국 바...,"2분기 말 가계신용은 2019조 8000억 원으로 전 분기보다 25조 9000억 원 늘었고, 한국은행의 2연속 기준금리 인상으로 대출금리 상승 압박도 커지는 상황이다. 우석진 명지대 경제학과 교수는 “과거에는 수출이 늘면 1...",https://www.sedaily.com/article/20090095?ref=naver,1,0.85,rule_keep_score_ge_6_with_hard_match,0.633760,0,pseudo_keep_model_drop,keep,candidate_hybrid_keep_strong_domain_rule_anchor,8,한국은행;기준금리,,
2026-09-06,[다음주 환율전망] 원·달러 14개월 만에 최저…다음주 1340원선도 깨질...,실제 미국 국채금리도 하락했다. 글로벌 채권시장의 벤치마크인 미 국채 10년물 금리는 직전 거래일보다 0.03%포인트 떨어진 4.761%를 기록했다. 국제유가 상승세가 주춤한 점도 달러 강세 압력을 낮추고 있다. 유가...,https://www.goodkyung.com/news/articleView.html?idxno=291018,1,0.85,rule_keep_score_ge_6_with_hard_match,0.634859,0,pseudo_keep_model_drop,keep,candidate_hybrid_keep_overseas_global_reference,8,국채;국채금리,달러,
2026-09-19,일본은행 31년 만에 최고 금리 인상‥코스피·국내 채권시장 견조,"오늘 서울 채권시장에서 10년 만기 국고채 금리는 4.466%로 0.04%포인트 하락했고, 3년물은 0.028%포인트 떨어진 4.035%에 장을 마쳤습니다. 일본의 10년물 국채금리는 우에다 총재의 기자회견 이후 낙폭을 키우며 0.02...",https://imnews.imbc.com/news/2026/econo/article/6852868_36932.html,1,0.85,rule_keep_score_ge_6_with_hard_match,0.636688,0,pseudo_keep_model_drop,keep,candidate_hybrid_keep_strong_domain_rule_anchor,11,국채금리;국내 채권시장,금리;코스피,
2026-09-18,"불법 사채 무료 법률 이용자 급증에… 금융위, 변호사 보수 줄인다","올해 연 60%를 넘는 초고금리 대부계약의 원금과 이자를 전부 무효로 하는 대부업법 개정안이 실시되면서, 채무자 대리인 지원 건수는 목표 실적보다 더 많을 것으로 예상된다. 금융위 관계자는 “다중 채무자의 경우...",https://biz.chosun.com/stock/finance/2026/09/17/4JTBVAI57VHG7D62CSJTSDC3SU/?utm_source=naver&utm_medium=original&utm_campaign=biz,1,0.85,rule_keep_score_ge_6_with_hard_match,0.637113,0,pseudo_keep_model_drop,keep,candidate_hybrid_keep_strong_domain_rule_anchor,14,금융위;대부업법,,
2026-09-03,[이슈] 새마을금고·신협 가계대출 한도 늘었지만...신규 대출 여력은 '...,금융당국이 은행권에 이어 새마을금고와 신협 등 상호금융업권의 가계대출 총량 관리 목표치 재조정을... 커지고 있어 하반기 상호금융권의 대출 공급과 건전성 관리가 동시에 주요 과제가 될 전망이다. [폴리뉴스 ],https://www.polinews.co.kr/news/articleView.html?idxno=741956,1,0.85,rule_keep_score_ge_6_with_hard_match,0.637471,0,pseudo_keep_model_drop,keep,candidate_hybrid_keep_strong_domain_rule_anchor,15,상호금융;새마을금고;신협,대출;건전성,
2026-09-09,인플레·중동 불안 뉴욕증시 하락 마감…국제유가 100달러선 근접,금융시장에서는 연준의 금리 인상 가능성을 약 58% 반영하고 있다. 유럽과 일본에서도 긴축 전망이 강화되고 있다. 유럽중앙은행(ECB)은 이번 주 목요일 기준금리를 0.25%포인트 인상할 가능성이 높은 것으로 예상됐다....,https://www.thefairnews.co.kr/news/articleView.html?idxno=87455,1,0.85,rule_keep_score_ge_6_with_hard_match,0.637478,0,pseudo_keep_model_drop,keep,candidate_hybrid_keep_overseas_global_reference,8,ecb;기준금리,금리,
2026-09-20,"“집 사기도, 버티기도 겁난다”…美 금리인상에 주담대 8% 공포 [머니뭐...",한국은행도 연내 기준금리를 추가로 올릴 가능성이 거론되면서 주택담보대출을 받은 실수요자는 물론 새로 집을 사려는 무주택자까지 금리 상승의 직격탄을 맞을 전망이다. 마이너스통장과 신용대출로 주식에 투자한...,https://biz.heraldcorp.com/article/10879135?ref=naver,1,0.85,rule_keep_score_ge_6_with_hard_match,0.638242,0,pseudo_keep_model_drop,keep,candidate_hybrid_keep_strong_domain_rule_anchor,9,한국은행;기준금리,금리,
2026-09-10,원·달러 환율 9.5원 급락 1336.1원…코스피 7000선 탈환,특히 원·달러 환율이 1340원 아래로 떨어지면서 국내 금융시장에서 그동안 부담으로 작용했던 환율 불안이 한층 완화되는 모습이다. 원화 강세와 함께 국내 증시도 상승했다. 한국거래소에 따르면 이날 코스피는...,https://www.daejonilbo.com/news/articleView.html?idxno=2299939,1,0.85,rule_keep_score_ge_6_with_hard_match,0.638648,0,pseudo_keep_model_drop,keep,candidate_hybrid_keep_strong_domain_rule_anchor,11,환율;국내 금융시장,코스피;달러;원화,
2026-09-03,"은행 부실채권 18.9조, 8년만에 최대… 1년새 2.3조 늘어",나머지는 주택담보대출 등 가계의 빚이다. 3개월 이상 돈을 갚지 못하면 신규 부실채권으로 분류된다. 은행권 전체 부실채권 비율은 6월 말 기준 0.63%로 전년 동기(0.59%) 대비 0.04%포인트 증가했다. 2020년 12월 말(0....,https://www.donga.com/news/Economy/article/all/20260902/134594106/2,1,0.85,rule_keep_score_ge_6_with_hard_match,0.638672,0,pseudo_keep_model_drop,keep,candidate_hybrid_keep_strong_domain_rule_anchor,11,은행;은행권;부실채권,,
2026-09-05,[더밸류 브리핑] 오늘의 금융계 소식…NH농협은행·빗썸·DSRV,"애플리케이션 개발, 기업용 지갑, 수탁 연계까지 캔톤 기반 사업 전반을 지원하고 있다. 이번 프로젝트에서 확보한 운영 경험을 바탕으로 실물연계자산과 토큰증권(STO) 등 디지털 금융 인프라 사업을 확대할 계획이다.",http://www.thevaluenews.co.kr/news/view.php?idx=201309,1,0.85,rule_keep_score_ge_6_with_hard_match,0.638730,0,pseudo_keep_model_drop,keep,candidate_hybrid_keep_strong_domain_rule_anchor,16,토큰증권;sto;빗썸,금융,
2026-09-19,가계빚 이어 기업빚도 2000조 육박…나홀로 사장님 부실 경고음,국민의힘 김재섭 의원실이 확보한 은행권 기업여신 건전성 자료를 보면 올해 상반기 은행권 기업여신은... 한달 이상 원리금을 갚지 못한 연체액도 22조3000억원으로 늘었고 연체율은 2.04%까지 올라 2015년 2분기(2.08...,http://www.dailypop.kr/news/articleView.html?idxno=102698,1,0.85,rule_keep_score_ge_6_with_hard_match,0.639048,0,pseudo_keep_model_drop,keep,candidate_hybrid_keep_strong_domain_rule_anchor,8,은행권,부실;건전성,
2026-09-08,대출 막히자 보험·자동차까지 담보…정부·은행 탓 서민들 ‘한숨’,정부가 가계부채를 잡겠다며 대출 총량을 강하게 조이자 은행에서 돈을 빌리지 못한 차주들이 보험계약대출과 자동차담보대출 등으로 이동하는 ‘풍선효과’가 나타나고 있다. 올해 들어 저축은행과 캐피털사의...,https://www.kmib.co.kr/article/view.asp?arcid=9000009667&cp=nv,1,0.85,rule_keep_score_ge_6_with_hard_match,0.639171,0,pseudo_keep_model_drop,keep,candidate_hybrid_keep_strong_domain_rule_anchor,11,은행;저축은행;가계부채,대출,
2026-09-14,[코스피·코스닥지수] 중동발 불확실성에 코스피 긴장…호르무즈 회의 ...,"미국 10년물 국채 금리는 연 5% 선에 근접했고, 국내 채권시장에서도 금리 상승세가 나타나면서 위험자산을 향한 투자심리가 위축됐다. 이후 미국 뉴욕증시는 국제유가가 하락하면서 반등에 성공했다. 11일(현지시간)...",https://www.lecturernews.com/news/articleView.html?idxno=210567,1,0.85,rule_keep_score_ge_6_with_hard_match,0.639448,0,pseudo_keep_model_drop,keep,candidate_hybrid_keep_strong_domain_rule_anchor,10,국채;국내 채권시장,금리;코스피,
2026-09-12,"빚 73% 깎아줬는데 또 연체…새출발기금 매입 6.6조, 회수 0.2조","특히 2023년 재연체율은 25.4%에 달했다. 장기 분할상환 제도의 특성상 현재 회수율만으로 성패를... 여신전문금융회사는 61%, 기타 금융기관은 56%, 은행은 53%, 저축은행은 52%를 기록했다. 상호금융의 약정률은 22%로...",http://www.joseilbo.com/news/news_read.php?uid=575512&class=18&grp=,1,0.85,rule_keep_score_ge_6_with_hard_match,0.639541,0,pseudo_keep_model_drop,keep,candidate_hybrid_keep_strong_domain_rule_anchor,10,저축은행;상호금융,연체,
2026-09-11,[신협 지역이사 성적표③] 손실위험여신 10% 육박…지역 신협 5곳 '건전...,연체율도 3.57%로 0.17%포인트 높아졌다. 잠재적인 손실 위험과 연체 부담이 함께 커진 만큼 건전성 관리가... 최근 상호금융권이 주목하는 분야는 주택담보대출을 중심으로 한 가계대출이다. 정부가 지난 8월 13일...,https://news.tf.co.kr/read/economy/2364480.htm,1,0.85,rule_keep_score_ge_6_with_hard_match,0.639690,0,pseudo_keep_model_drop,keep,candidate_hybrid_keep_strong_domain_rule_anchor,12,상호금융;신협,연체;건전성,
2026-09-03,‘우리애 뒤처질라’ 사교육 경쟁…그게 없었다면 28% 더 낳았다,한국은행이 2일 경제정책연구센터(CEPR)·경제협력개발기구(OECD)와 공동 개최한 ‘인구 고령화와 장수의... 때 기준금리를 내릴 여력도 줄어든다고 진단했다. 콘퍼런스는 3일까지 이어진다. 둘째 날에는 고령화 시대...,https://www.joongang.co.kr/article/25458621,1,0.85,rule_keep_score_ge_6_with_hard_match,0.640057,0,pseudo_keep_model_drop,keep,candidate_hybrid_keep_strong_domain_rule_anchor,8,한국은행;기준금리,,
2026-09-08,빚내 집 산 ‘상위 10%’ 경고등…한은 “금리 1%p 오르면 연체확률 0.81...,실제로 가구주가 연체한 경우 다른 가구원의 연체율도 높아졌다. 가구 구성원들이 소득과 자산뿐 아니라... 가계부채는 금융권의 연체위험뿐 아니라 내수에도 부담을 주는 것으로 나타났다. 한은이 소비함수를 추정한...,http://www.joseilbo.com/news/news_read.php?uid=575204&class=18&grp=,1,0.85,rule_keep_score_ge_6_with_hard_match,0.641133,0,pseudo_keep_model_drop,keep,candidate_hybrid_keep_strong_domain_rule_anchor,9,한은;가계부채,금리,
2026-09-02,“거래량 99% 자전거래…한빗코 인수 취소”,"20억원대 해킹 피해와 거래량의 99%가 넘는 자전거래, 고객확인의무(KYC) 위반 등 중대한 위법 사실을 숨기고 가상자산거래소를 매각했다면 매매계약 취소 및 해제 사유에 해당해 부당이득금 241억여원 전액을 반환해야...",https://www.naeil.com/news/read/600707?ref=naver,1,0.85,rule_keep_score_ge_6_with_hard_match,0.641449,0,pseudo_keep_model_drop,keep,candidate_hybrid_keep_strong_domain_rule_anchor,9,가상자산;가상자산거래소,,
2026-09-09,소상공인 매출 4.5% 늘었지만 이익률 25.2%로 하락,"1분기에 이어 두 분기 연속 증가했으며, 대출잔액 대비 연체 비중은 저축은행 5.7%, 상호금융 3.5%로... 5대 은행보다 낮았다. 부산·경남·iM·광주·전북은행의 2분기 연체율은 0.79%로 KB국민·신한·하나·우리...",https://www.tokenpost.kr/news/economy/404003,1,0.85,rule_keep_score_ge_6_with_hard_match,0.641842,0,pseudo_keep_model_drop,keep,candidate_hybrid_keep_strong_domain_rule_anchor,10,저축은행;상호금융,연체,
2026-09-21,日 금리 인상에도 엔화 약세 지속…'엔캐리 청산' 우려 약화,'엔 캐리'는 금리가 상대적으로 낮은 일본에서 돈을 빌려 해외에 투자하는 전략을 말한다. 한국은행이... 시장에서는 일본은행의 기준금리 인상으로 엔화값 조달 비용이 커지면 엔캐리 청산이 본격화 할 수 있다는...,http://www.metroseoul.co.kr/article/20260921500012,1,0.85,rule_keep_score_ge_6_with_hard_match,0.642594,0,pseudo_keep_model_drop,keep,candidate_hybrid_keep_strong_domain_rule_anchor,9,한국은행;기준금리,금리,
2026-09-02,비트코인 1억800만원대…업비트·빗썸 22만원 차이,해당 거래소에서 형성된 가격의 스냅샷을 제공한다. 실제 주문 체결금액은 주문 시점의 매도·매수 호가와 잔량에 따라 달라질 수 있다. 이번 가격 차이에는 거래 수수료와 가상자산 이전에 드는 비용이...,https://www.vegannews.co.kr/news/article.html?no=385596,1,0.85,rule_keep_score_ge_6_with_hard_match,0.642651,0,pseudo_keep_model_drop,keep,candidate_hybrid_keep_strong_domain_rule_anchor,14,가상자산;업비트;빗썸,,
2026-09-05,"토스뱅크, 첫 정기검사서 기관주의…과태료 2억4520만원",보이스피싱 사기이용계좌와 관련해서는 지급정지한 계좌 1만737건 가운데 7건에 대해 검사 착수일까지 금감원에 채권소멸절차 개시공고를 요청하지 않았다. 지급정지 계좌 명의인의 이의제기 966건 중 19건은 피해구...,https://www.dnews.co.kr/uhtml/view.jsp?idxno=202609041416526860711,1,0.85,rule_keep_score_ge_6_with_hard_match,0.642910,0,pseudo_keep_model_drop,keep,candidate_hybrid_keep_strong_domain_rule_anchor,9,검사;보이스피싱,,
2026-09-09,3년 반 동안 주담대 연체 2배 이상 증가…주담대 부실 경고음,사진=연합뉴스 매일일보 = 김현태 기자  |  3년 반 동안 우리나라 은행권 주택담보대출에서 발생한 연체 채권이 2배 넘게 증가하면서 부실 우려도 커지고 있다. 8일 국회 정무위원회 소속 국민의힘 박성훈 의원이...,https://www.m-i.kr/news/articleView.html?idxno=1411342,1,0.85,rule_keep_score_ge_6_with_hard_match,0.643482,0,pseudo_keep_model_drop,keep,candidate_hybrid_keep_strong_domain_rule_anchor,8,은행권,연체;부실,
2026-09-14,"두나무, 서울대와 청년 스타트업 지원 공간 개소",이투데이=박정호 기자 | 국내 가상자산 거래소 두나무는 14일 서울대학교 경영대학과 함께 청년 스타트업 지원 공간 ‘SNU x UPbit Startup Studio’를 열고 ‘웰컴 데이(Welcome Day)’ 행사를 개최했다고 밝혔다. 10일 열린...,https://www.etoday.co.kr/news/view/2624946,1,0.85,rule_keep_score_ge_6_with_hard_match,0.643987,0,pseudo_keep_model_drop,keep,candidate_hybrid_keep_strong_domain_rule_anchor,9,가상자산;두나무,,
2026-09-01,"李대통령 ""주담대 연체·경매 급증···집값 상승 기대 말라""",이재명 대통령이 한국은행 기준금리의 추가 인상 가능성을 거론하며 집값 상승을 기대해선 안 된다고 경고했다. 지난 30일 이 대통령은 자신의 소셜미디어(X)에 투자은행 모건스탠리의 경제 전망 관련 기사를 공유하며...,https://www.seoulfn.com/news/articleView.html?idxno=636798,1,0.85,rule_keep_score_ge_6_with_hard_match,0.644293,0,pseudo_keep_model_drop,keep,candidate_hybrid_keep_strong_domain_rule_anchor,10,한국은행;기준금리,연체,
2026-09-11,신용평가 하위 30% 1000만원 저리대출 추진…재원·건전성 우려,"마련하고, 연체가 발생하면 부실채권을 누가 떠안을지가 문제가 될 것”이라며 “이미 유사한 정책금융 상품이 많은 만큼 통폐합 없이 새 상품만 얹으면 취급과 관리가 더 복잡해질 수 있다”고 지적했다. 또 다른 은행...",https://biz.heraldcorp.com/article/10869069?ref=naver,1,0.85,rule_keep_score_ge_6_with_hard_match,0.644439,0,pseudo_keep_model_drop,keep,candidate_hybrid_keep_strong_domain_rule_anchor,14,은행;부실채권;정책금융,건전성,
2026-09-01,아파트·빌라 3만 채 경매행…집합건물 경매 역대 최대 ‘경고등’ [집...,이달 한국은행이 기준금리 인상을 단행하며 금리 상승 압력이 커진 데다 올해 4월부터 수도권 규제지역 다주택자의 대출 만기 연장이 원칙적으로 불허되고 내년 1월부터는 비거주 1주택자의 기존 대출 만기 연장도...,https://www.sedaily.com/article/20085489?ref=naver,1,0.85,rule_keep_score_ge_6_with_hard_match,0.644926,0,pseudo_keep_model_drop,keep,candidate_hybrid_keep_strong_domain_rule_anchor,10,한국은행;기준금리,금리;대출,
2026-09-15,"두나무-서울대, 스타트업 지원 공간 마련…송치형 회장 경험 나누는 선...",ⓒ두나무  가상자산 거래소 업비트를 운영하는 두나무가 서울대학교 경영대학과 청년 창업가들의 사업 터전을 마련하고 성장 지원에 나섰다. 두나무는 서울대 경영대학과 함께 청년 스타트업 지원 공간...,https://sports.hankooki.com/news/articleView.html?idxno=6939618,1,0.85,rule_keep_score_ge_6_with_hard_match,0.645611,0,pseudo_keep_model_drop,keep,candidate_hybrid_keep_strong_domain_rule_anchor,9,가상자산;두나무,,
2026-09-11,상반기 명목 GDP 성장률 22%…한은 “물가상승·금융불균형 확대 우려”,"우리나라의 상반기 명목 국내총생산(GDP) 성장률이 21.8%을 기록한 가운데, 한국은행에서는 금융불균형 확대와... 점검하고, 가계대출을 자극하지 않도록 일관된 정책이 필요할 것”이라고 진단했다. 또 “그간...",https://www.ceoscoredaily.com/page/view/2026091014132990892,1,0.85,rule_keep_score_ge_6_with_hard_match,0.646149,0,pseudo_keep_model_drop,keep,candidate_hybrid_keep_strong_domain_rule_anchor,10,한국은행;한은,,
2026-09-08,주식 거래시장 달라진다... KRX 애프터마켓 언제부터?,"NXT는 ETF와 조각투자, 토큰증권(STO) 등으로 사업 영역을 넓히는 방안을 추진해왔으며, 향후 거래 대상 확대가 KRX와의 경쟁에서 중요한 변수로 작용할 수 있다. 결국 KRX 애프터마켓 출범은 투자자들의 거래 선택지를...",https://www.ggilbo.com/news/articleView.html?idxno=1180160,1,0.85,rule_keep_score_ge_6_with_hard_match,0.646551,0,pseudo_keep_model_drop,keep,candidate_hybrid_keep_strong_domain_rule_anchor,11,토큰증권;sto,주식,
2026-09-04,“달러값 1350원대로 급락”…지금 안 사면 또 후회할까? [잇슈 머니],"여기에 한국은행의 기준금리 인상까지 겹쳐 원화가 강세로 돌아선 겁니다. 그러자 개인들이 움직였습니다. 5대 은행에서 개인 고객이 원화를 달러와 엔화로 바꾼 돈이 7월부터 8월 27일까지 1조 4,700억 원에 달했습니다....",https://news.kbs.co.kr/news/pc/view/view.do?ncd=8654513&ref=A,1,0.85,rule_keep_score_ge_6_with_hard_match,0.646660,0,pseudo_keep_model_drop,keep,candidate_hybrid_keep_strong_domain_rule_anchor,8,한국은행;기준금리,,
2026-09-11,사업자대출로 부동산 구매 등 유용…5년 만에 6.6배 급증해,"건당 최초 대출금액 기준으로 보면, 신협이 9억6천만원, 삼호저축은행 7억원, 우리금융캐피탈 7억원, 산림조합중앙회 6억5천만원, 새마을금고 5억5천만원 순이었다. 한편, 금융감독원이 제출한 ‘용도외 유용...",https://www.taxtimes.co.kr/news/article.html?no=276791,1,0.85,rule_keep_score_ge_6_with_hard_match,0.646683,0,pseudo_keep_model_drop,keep,candidate_hybrid_keep_strong_domain_rule_anchor,18,금융감독원;저축은행;새마을금고;신협,,
2026-09-14,"현대캐피탈, 조달 한파에도 '녹색채권' 싸게 찍었다","현대캐피탈이 시장금리보다 낮은 금리로 3500억원 규모 녹색채권을 발행했다. 전기차 대중화로... 여전채 금리는 지난 3일 4.501%로 연초(3.337%)보다 1%포인트 이상 뛰었고, 미국 10년물 국채금리가 4.8%에 육박하는 등...",https://www.m-i.kr/news/articleView.html?idxno=1412787,1,0.85,rule_keep_score_ge_6_with_hard_match,0.647153,0,pseudo_keep_model_drop,keep,candidate_hybrid_keep_strong_domain_rule_anchor,9,국채금리;여전채,,
2026-09-04,"코스피, 등락 속 '강보합'…환율은 1년 2개월 만에 1천350원대","매도에 원·달러 환율 9.4원 하락…1천359.3원 【 청년일보 】 3일 국내 금융시장에서 주식과 외환시장의 변동성이 크게 확대됐다. 코스피는 장 초반 1% 넘게 오르며 6,700선 회복을 눈앞에 뒀지만 오후 들어...",https://www.youthdaily.co.kr/news/article.html?no=226377,1,0.85,rule_keep_score_ge_6_with_hard_match,0.647212,0,pseudo_keep_model_drop,keep,candidate_hybrid_keep_strong_domain_rule_anchor,14,환율;외환시장;국내 금융시장,코스피;달러,
2026-09-03,"여신회사도 가계대출 목표치 소폭 상향…""불이익 없게 선별배정""",앞서 지난 1일 새마을금고와 신협 등 상호금융업권과 저축은행업권에 작년 말 기준 가계대출 잔액의 약 0.5% 수준의 목표치를 통보한 것으로 알려졌다. 여신업권이 새로 받은 목표치도 이와 비슷한 수준으로 추산된다. 다만...,https://www.yna.co.kr/view/AKR20260902177700002?input=1195m,1,0.85,rule_keep_score_ge_6_with_hard_match,0.647314,0,pseudo_keep_model_drop,keep,candidate_hybrid_keep_strong_domain_rule_anchor,16,저축은행;상호금융;새마을금고;신협,,
2026-09-21,"[더벨]막 오른 3조 브룩필드 데이터센터 투자 유치, 대형 은행 총출동","통상 대형 PF에서는 주선 은행이 대출을 우선 실행한 뒤 보험사와 증권사, 캐피탈사 등 기관투자가에 일부를 재매각한다. 그러나 이번 거래는 각 금융기관이 셀다운 없이 해당 거래 물량을 모두 보유해야 하는 구조로...",https://www.thebell.co.kr/free/content/ArticleView.asp?key=202609171503266480108968,1,0.85,rule_keep_score_ge_6_with_hard_match,0.647322,0,pseudo_keep_model_drop,keep,candidate_hybrid_keep_strong_domain_rule_anchor,10,은행;증권사;pf,,
2026-09-16,"울진군산림조합, 전국 상호금융 평가 우수조합 선정","상반기 동안 실시한 평가는 여·수신 실적, 자산건전성 관리, 수익성 개선 등 상호금융 전반에 대해 종합적으로 이뤄졌고, 특히 예금 및 대출 실적이 크게 증가하는 등 안정적인 성장은 물론 연체율 관리와 건전성 강화로...",https://www.kbsm.net/news/view.php?idx=534263,1,0.85,rule_keep_score_ge_6_with_hard_match,0.647434,0,pseudo_keep_model_drop,keep,candidate_hybrid_keep_strong_domain_rule_anchor,12,상호금융;연체율,대출;건전성;실적,
2026-09-05,[금값시세] 금시세 18k,"한국은행 기준금리와 미국 연준의 금리 방향, 국내외 금리 차이, 원화 가치 변화는 원·달러 환율을 통해 국내 금값에 영향을 줄 수 있다. 미국 연준이 고용시장 둔화를 근거로 금리 인하에 나설 가능성이 높아지면...",https://www.gametoc.co.kr/news/articleView.html?idxno=111213,1,0.85,rule_keep_score_ge_6_with_hard_match,0.647576,0,pseudo_keep_model_drop,keep,candidate_hybrid_keep_strong_domain_rule_anchor,11,한국은행;기준금리,금리;달러;원화,
2026-09-09,"""금리 깎아달라"" 카드사 신청 41% 폭증⋯ 수용률은 감소",8일 여신금융협회에 따르면 올해 상반기 8개 전업카드사(롯데·비씨·삼성·신한·우리·하나·현대·KB국민)의 금리인하요구권 신청 건수는 42만1258건으로 집계됐다. 지난해 하반기(29만8050건)보다 41.3% 급증한 수치다....,https://www.etoday.co.kr/news/view/2620629,1,0.85,rule_keep_score_ge_6_with_hard_match,0.647691,0,pseudo_keep_model_drop,keep,candidate_hybrid_keep_strong_domain_rule_anchor,10,카드사;여신금융협회,금리,
2026-09-10,증시 활황에 증권사 2분기 순익 5.2조…전년보다 82% 급증,원·달러 환율 상승 폭이 축소되면서 외환 관련 손실이 4572억원에서 1755억원으로 줄었다.... 금융감독원은 지정학적 위험 장기화와 대내외 금융시장 변동성 확대 가능성에 대비해 증권사의 부실자산 정리...,https://www.koreareport.co.kr/news/articleView.html?idxno=52799,1,0.85,rule_keep_score_ge_6_with_hard_match,0.647789,0,pseudo_keep_model_drop,keep,candidate_hybrid_keep_strong_domain_rule_anchor,13,금융감독원;증권사;환율,달러,
2026-09-09,"7000피 아슬아슬한데 ""1만2000 간다""…외국인 돌아온 코스피, 복병은",다만 금융시장이 안정적이고 미국·일본 개입 가능성도 높아 큰 충격으로 이어질 가능성은 낮다는 평가다. 앞서 7월 이후 급격하게 내린 원/달러 환율(원화 강세)로 기업 원화 환산 이익이 줄어들 것이란 우려도 있다....,https://www.mt.co.kr/stock/2026/09/09/2026090822504650431,1,0.85,rule_keep_score_ge_6_with_hard_match,0.647816,0,pseudo_keep_model_drop,keep,candidate_hybrid_keep_strong_domain_rule_anchor,11,환율;원/달러,코스피;달러;원화,
2026-09-09,"KB국민은행, 빗썸과 1년 더 간다…6개월 단기계약 원복",KB국민은행이 가상자산거래소 빗썸과의 실명확인 입출금계정 제휴 기간을 다시 1년으로 늘린다. 올해 초 재계약 기간을 기존 1년에서 6개월로 줄인 지 반년 만이다. 8일 금융권에 따르면 국민은행과 빗썸은 최근...,http://www.press9.kr/news/articleView.html?idxno=82383,1,0.85,rule_keep_score_ge_6_with_hard_match,0.648307,0,pseudo_keep_model_drop,keep,candidate_hybrid_keep_strong_domain_rule_anchor,9,가상자산;가상자산거래소,,
2026-09-19,[속보]'미국발 훈풍' 코스피 2%대 상승 출발…삼전·하닉 동반 상승 중,당초 시장을 짓눌렀던 국제유가와 미국 국채금리가 동시에 떨어지면서 주가는 반등세를 보였다. 미국... 여기에 영국 중앙은행인 잉글랜드은행(BOE)의 금리 동결 행보도 글로벌 채권 시장의 숨통을 트여줬다....,https://www.edaily.co.kr/News/Read?newsId=02715846645581432&mediaCodeNo=257&utm_source=naver&utm_medium=referral&utm_campaign=news_syndication&utm_content=original_article,1,0.85,rule_keep_score_ge_6_with_hard_match,0.648548,0,pseudo_keep_model_drop,keep,candidate_hybrid_keep_overseas_global_reference,9,국채금리,금리;코스피;채권,
2026-09-01,"업비트, 29개 조건으로 '맞춤 코인' 찾는다",해외 가상자산 데이터 서비스 상당수가 달러 가격이나 해외 거래소 거래량을 중심으로 구성돼 있어 국내 투자자가 실제 원화시장 흐름을 곧바로 대입하기 어려운 경우가 있었다. 업비트 데이터랩은 원화마켓 시세와...,http://www.hansbiz.co.kr/news/articleView.html?idxno=860689,1,0.85,rule_keep_score_ge_6_with_hard_match,0.649336,0,pseudo_keep_model_drop,keep,candidate_hybrid_keep_strong_domain_rule_anchor,10,가상자산;업비트,달러,
2026-09-12,STO 제도화 발맞춘 신한…'K-비들‘로 온체인시장 공략,신한금융그룹은 최근 금융당국이 내놓은 토큰증권(STO) 단계별 로드맵에 맞춰 새로운 상품과 사업 기회를 모색하고 있다. 신한투자증권은 토큰화를 해외 신사업 확장을 위한 단계로 보고 사업 기회를 모색하고 있다....,https://www.edaily.co.kr/News/Read?newsId=04710086645579136&mediaCodeNo=257&utm_source=naver&utm_medium=referral&utm_campaign=news_syndication&utm_content=original_article,1,0.85,rule_keep_score_ge_6_with_hard_match,0.649417,0,pseudo_keep_model_drop,keep,candidate_hybrid_keep_strong_domain_rule_anchor,10,토큰증권;sto,,
2026-09-10,"베선트 “국채 바이백 확대, 시장 과열 식히려는 것”",스콧 베선트 미국 재무장관은 지난 8월 발표한 미 국채 바이백(조기매입) 확대 조치에 대해 채권 시장의... 장기 국채 바이백 확대를 발표한 뒤 첫 매입을 하루 앞두고 나왔다. 앞서 30년물 미 국채금리는 2007년 이후 최고...,https://biz.heraldcorp.com/article/10867177?ref=naver,1,0.85,rule_keep_score_ge_6_with_hard_match,0.649454,0,pseudo_keep_model_drop,keep,candidate_hybrid_keep_overseas_global_reference,13,국채;국채금리;미 국채금리,채권,
2026-09-10,"가계대출 증가폭 한풀 꺾였지만 주담대는 '들썩'…금융당국, 총량관리 ...","제2금융권 가계대출 역시 상호금융권과 보험, 여신전문금융회사의 대출 감소세에 따라 8천억원 줄어들며... 적시에 공급하되, 금융사별 가계부채 총량 관리 목표는 지속적으로 이행해 금융 건전성을 확보한다는 계획이다.",https://www.imaeil.com/page/view/2026090916552233994,1,0.85,rule_keep_score_ge_6_with_hard_match,0.649468,0,pseudo_keep_model_drop,keep,candidate_hybrid_keep_strong_domain_rule_anchor,9,상호금융;가계부채,대출;금융,
2026-09-01,"토스뱅크, 상반기 순이익 589억 '반기 최대'… 포용금융 1조 공급","가계대출 총량 관리 기조 속에서도 서민·정책금융과 보증부대출을 늘리고 연체율과 고정이하여신비율... 토스뱅크 관계자는 ""하반기에는 고객의 문제를 함께 푸는 은행으로서 책임 있는 포용금융을 이어가겠다""고...",http://www.biztribune.co.kr/news/articleView.html?idxno=358182,1,0.75,rule_keep_score_ge_6_with_hard_match,0.272209,0,pseudo_keep_model_drop,keep,candidate_hybrid_gray_keep_domain_score_ge_threshold,6,정책금융,순이익,
2026-09-01,"하나카드-산림조합, 특판 적금 상품 출시…""연 8.0% 금리""","대한 문의가 급증하고 있다""면서 ""이번 산림조합과의 제휴 특판 상품을 통해 금융 소비자들에게 실질적인 재테크 혜택을 제공하는 동시에 지역 상호금융 활성화에도 이바지할 수 있을 것으로 기대한다""라고 말했다.",http://www.newsdream.kr/news/articleView.html?idxno=117221,1,0.75,rule_keep_score_ge_6_with_hard_match,0.283784,0,pseudo_keep_model_drop,keep,candidate_hybrid_gray_keep_domain_score_ge_threshold,6,상호금융,금리;금융,
2026-09-08,“주담대 21% 늘 때 연체는 120% 급증…‘영끌’ 부실 경고등”,전북은행 연체율 0.95%…6개월 만에 5배 일부 지방은행에서는 단기간에 연체율이 급등하는 모습도 나타났다. 전북은행의 주택담보대출 연체율은 지난해 말 0.19%에서 올해 6월 말 0.95%로 불과 6개월 만에 5배로...,https://www.joongang.co.kr/article/25459971,1,0.75,rule_keep_score_ge_6_with_hard_match,0.308972,0,pseudo_keep_model_drop,keep,candidate_hybrid_model_keep_prob_ge_threshold_with_domain_anchor,6,연체율,부실,
2026-09-17,"[분석] 현대카드, 상반기 성장세 뚜렷…하반기 조달비용 변수","30일 이상 연체율은 실질 기준 1.05%로 0.14%p 낮아졌다. 외형이 커지면서 연체율이 함께 오르는 경우가 흔한... 증가, 카드론 및 연회비 수익 확대에 힘입어 순이익 규모가 우상향하고 있다""고 말했다. 실제 현대카드는...",https://www.tleaves.co.kr/news/articleView.html?idxno=9834,1,0.75,rule_keep_score_ge_6_with_hard_match,0.312342,0,pseudo_keep_model_drop,keep,candidate_hybrid_gray_keep_domain_score_ge_threshold,6,카드론,순이익,
2026-09-01,"토스뱅크, 상반기 순익 589억 '역대 최대'…비이자 적자 축소",가계대출 총량 관리 기조 속에서도 보증부·정책금융을 중심으로 대출 포트폴리오를 확대한 셈이다.... 국제결제은행(BIS) 총자본비율 역시 16.64%를 기록했다. 고객 기반도 확대됐다. 상반기 말 기준 토스뱅크의 총...,https://dealsite.co.kr/articles/168142,1,0.75,rule_keep_score_ge_6_with_hard_match,0.325604,0,pseudo_keep_model_drop,keep,candidate_hybrid_gray_keep_domain_score_ge_threshold,6,정책금융,대출,
2026-09-12,보험사 '계리가정 보고서' 매년 제출…PF 신용공여 총자산 20% 제한,계약전환 할인제도는 초기 실손보험 가입자가 5세대 실손으로 전환할 경우 일정 기간 보험료를 할인하는 제도로 오는 11월 시행 예정이다. 이번 규정 변경은 5세대 실손보험 전체를 일반적인 특약 형태로 판매할 수...,https://www.smarttoday.co.kr/ko-kr/articles/111502,1,0.75,rule_keep_score_ge_6_with_hard_match,0.347173,0,pseudo_keep_model_drop,keep,candidate_hybrid_gray_keep_domain_score_ge_threshold,7,보험사;pf,,
2026-09-01,"토스뱅크, 취약계층 챙기니 수익도 따라와","가계대출 총량 관리 속에서도 정책금융과 보증부 대출을 중심으로 여신을 늘리고 금융 접근성이 낮은... 넘어 고객의 문제를 함께 해결하는 은행으로 책임 있는 포용금융을 이어가겠다""고 말했다. [스트레이트뉴스 ]",https://www.straightnews.co.kr/news/articleView.html?idxno=310103,1,0.75,rule_keep_score_ge_6_with_hard_match,0.376702,0,pseudo_keep_model_drop,keep,candidate_hybrid_gray_keep_domain_score_ge_threshold,6,정책금융,금융,
2026-09-04,"악재에도 상승분 지킨 비트코인, 미국 고용지표에 '촉각'","금리 상승, 달러 강세, 지정학적 긴장은 일반적으로 비트코인을 비롯한 위험자산에 부담으로 작용한다.... 비트코인은 9월 4일 오전 현재 업비트 가상화폐 거래소에서 전일대비 3.98% 상승한 1억 1,063만 원에 거래되고...",https://www.khgames.co.kr/news/articleView.html?idxno=308036,1,0.75,rule_keep_score_ge_6_with_hard_match,0.377548,0,pseudo_keep_model_drop,keep,candidate_hybrid_gray_keep_domain_score_ge_threshold,7,업비트,금리;달러,
2026-09-09,"주담대 연체 2조 2,000억 원 돌파… 잔액 늘 때 연체는 6배 '폭증'","은행별로는 NH농협은행의 주담대 연체 잔액이 올해 6월 말 기준 5,117억 3,000만 원으로 시중은행 중 가장 많았다. 농협은행의 주담대 연체 잔액은 2022년 말 1,346억 1,000만 원 수준이었으나 매년 가파르게 늘어 올해...",https://www.fntoday.co.kr/news/articleView.html?idxno=392384,1,0.75,rule_keep_score_ge_6_with_hard_match,0.384014,0,pseudo_keep_model_drop,keep,candidate_hybrid_gray_keep_domain_score_ge_threshold,6,시중은행,연체,
2026-09-08,“이자 더는 못 버텨”…‘영끌족’ 주담대 연체 3년반 만에 2.2배 폭증,농협은행 연체 잔액은 2022년 말 1346억1000만원에서 해마다 늘어 올해 처음으로 5000억원을 돌파했다. 일부 지방은행에서는 단기 연체율 급등 현상도 두드러졌다. 전북은행의 주택담보대출 연체율은 작년 말 0.19...,https://www.dt.co.kr/article/12082621?ref=naver,1,0.75,rule_keep_score_ge_6_with_hard_match,0.391345,0,pseudo_keep_model_drop,keep,candidate_hybrid_gray_keep_domain_score_ge_threshold,6,연체율,연체,
2026-09-08,"신한카드, 가을맞이 문화 마케팅 시동",최근 여신전문금융업권은 고객과의 접점을 확대하고 브랜드 이미지를 제고하기 위해 문화·예술 분야 마케팅을 적극 활용하는 양상이 짙다. 차별화된 문화 콘텐츠와 결제 할인 혜택을 연계하는 전략은 고객 만족도를...,https://www.cnbnews.com/news/articleView.html?idxno=1014667,1,0.75,rule_keep_score_ge_6_with_hard_match,0.411567,0,pseudo_keep_model_drop,keep,candidate_hybrid_gray_keep_domain_score_ge_threshold,6,여신전문금융업,,
2026-09-17,"메가존클라우드, 데이터독과 은행 서비스 가상환경 장애 대응 '게임 데...","우승은 가상자산 거래소 코인원 엔지니어들이 팀을 이뤄 참가한 '라이츄' 팀에 돌아갔다. 김영환 메가존클라우드 Key ISV 유닛장은 “장애는 예고 없이 찾아오지만, 대응 역량은 미리 준비할 수 있다”며 “참가자들이...",https://www.etnews.com/20260916000228,1,0.75,rule_keep_score_ge_6_with_hard_match,0.416831,0,pseudo_keep_model_drop,keep,candidate_hybrid_model_keep_prob_ge_threshold_with_domain_anchor,7,은행;가상자산,,
2026-09-15,BC카드 비카드자산 49%...대출 확대 영향,"비카드자산은 신용판매와 카드론, 현금서비스와 같은 카드자산을 제외한 대출·리스 등의 자산을... BC카드의 1개월 이상 실질연체율은 지난 2024년 말 2.5%에서 지난해 말 1.1%, 올해 6월 말에는 0.7%까지 낮아졌다....",http://www.hansbiz.co.kr/news/articleView.html?idxno=864800,1,0.75,rule_keep_score_ge_6_with_hard_match,0.424936,0,pseudo_keep_model_drop,keep,candidate_hybrid_gray_keep_domain_score_ge_threshold,6,카드론,대출,
2026-09-17,"메가존클라우드, 데이터독과 은행 서비스 가상환경 장애 대응 챌린지","우승은 가상자산 거래소인 코인원의 보안기술팀 김종근, 백엔드팀 송용호, 백엔드개발팀 이선우, 인프라팀 최하늘 매니저로 구성된 라이츄팀이 가장 많은 장애를 최단시간에 해결하며 우승을 차지했다. 이선우...",http://www.wowtv.co.kr/NewsCenter/News/Read?articleId=A202609160282&t=NN,1,0.75,rule_keep_score_ge_6_with_hard_match,0.427391,0,pseudo_keep_model_drop,keep,candidate_hybrid_model_keep_prob_ge_threshold_with_domain_anchor,7,은행;가상자산,,
2026-09-17,청년미래적금 우대형 최대 금리 19.4%…내달 7~16일 2차 가입신청,취급 기관은 기업·농협·신한·우리·하나·국민·iM·부산·경남·광주·전북·수협·카카오·우정사업본부다. 청년도약계좌 가입자 1245명에 대한 금융위의 온라인 설문 결과 응답자의 54%(667명)가 갈아타기 의사가 있는...,https://www.newsworks.co.kr/news/articleView.html?idxno=853910,1,0.75,rule_keep_score_ge_6_with_hard_match,0.431979,0,pseudo_keep_model_drop,keep,candidate_hybrid_gray_keep_domain_score_ge_threshold,7,금융위,금리,
2026-09-17,"메가존클라우드, 데이터독과 은행 서비스 가상환경 장애 대응 챌린지 개...","우승은 가상자산 거래소 코인원 엔지니어들이 팀을 이뤄 참가한 ‘라이츄’ 팀이 차지했다. 코인원 보안기술팀 김종근, 백엔드팀 송용호, 백엔드개발팀 이선우, 인프라팀 최하늘 매니저로 구성된 라이츄팀은 가장...",http://www.inews24.com/view/2006209,1,0.75,rule_keep_score_ge_6_with_hard_match,0.433463,0,pseudo_keep_model_drop,keep,candidate_hybrid_model_keep_prob_ge_threshold_with_domain_anchor,7,은행;가상자산,,
2026-09-11,은행권 수장판 흔들린다…차기 행장 레이스 본격화,"은행장 인선에서는 경영실적 외에도 각 은행이 처한 경영 여건이 함께 고려될 전망이다. 가계대출 관리와 건전성, 기업금융 확대, 내부통제 등 현안이 산적한 만큼 각 금융지주는 연말까지 현직 행장에 대한 평가와...",https://sports.hankooki.com/news/articleView.html?idxno=6939452,1,0.75,rule_keep_score_ge_6_with_hard_match,0.435609,0,pseudo_keep_model_drop,keep,candidate_hybrid_gray_keep_domain_score_ge_threshold,6,은행권,건전성,
2026-09-08,"IBK기업은행, 9월 25일 하노이 법인 출범...베트남 9년 만에 100% 외국계...",중소기업 금융 이력을 설명했다. 베트남 매체들은 장 행장이 이 자리에서 IBK 여신 잔액의 약 75%가... 응우옌 반 턴(Nguyễn Văn Thân) 베트남중소기업협회(VINASME) 회장은 현지 매체에 베트남 기업의 97~98%가...,http://www.dailypop.kr/news/articleView.html?idxno=102296,1,0.75,rule_keep_score_ge_6_with_hard_match,0.439704,0,pseudo_keep_model_drop,keep,candidate_hybrid_gray_keep_domain_score_ge_threshold,6,기업은행,금융,
2026-09-02,"빗장푸는 은행권…하나銀, 주담대·전세대출 모집인 접수 재개",앞서 금융당국은 올해 가계부채 총량 증가율 목표치를 기존 1.5%에서 3.0%로 2배 확대하겠다고 밝혔다. 이에 따라 올해 5대 은행의 가계대출 총량 증가 목표치는 전체적으로 2조6400억원가량 증가한 것으로 전해졌다.,https://www.ajunews.com/view/20260901175425043,1,0.75,rule_keep_score_ge_6_with_hard_match,0.444264,0,pseudo_keep_model_drop,keep,candidate_hybrid_gray_keep_domain_score_ge_threshold,7,은행권;가계부채,,
2026-09-07,KB금융 차기회장 이번주 윤곽… 양종희 연임 AI전환 힘 실리나,"유일한 외부 후보인 권광석 전 우리은행장은 우리금융지주 부사장과 새마을금고중앙회 신용공제대표 등을... 금융그룹으로서는 수익성과 건전성, 주주환원은 물론 정책적 역할까지 동시에 챙겨야 한다. 불확실성이 큰...",https://it.chosun.com/news/articleView.html?idxno=2023092169498,1,0.75,rule_keep_score_ge_6_with_hard_match,0.444923,0,pseudo_keep_model_drop,keep,candidate_hybrid_gray_keep_domain_score_ge_threshold,6,새마을금고,건전성,
2026-09-17,"심평원·금감원, 공·민영보험 부당청구·보험사기 강력 대응",공·민영보험의 재정 누수를 막고 국민의 불필요한 보험료 부담을 낮추겠다는 취지다. 양 기관은 16일 서울... 특히 실손보험 청구 및 의료 이용 과정에서 나타나는 이상 징후를 조기에 포착·대응함으로써 공·민영보험의...,http://www.bokuennews.com/news/article.html?no=284339,1,0.75,rule_keep_score_ge_6_with_hard_match,0.445021,0,pseudo_keep_model_drop,keep,candidate_hybrid_gray_keep_domain_score_ge_threshold,7,금감원,보험료,
2026-09-02,반도체부터 방산까지 … 9월 IPO 시장 큰손은 엘리스그룹 [박정은의 IPO ...,"미래에셋증권이 대표 주관하고 삼성증권이 공동 주관한다. 일반청약은 9월 18~21일, 납입일은 9월... 한 증권사 연구원은 ""국내 증시가 저평가 국면을 지나 점진적으로 정상화되는 흐름에 접어들고 있다""며 ""9월...",https://biz.newdaily.co.kr/site/data/html/2026/09/01/2026090100052.html,1,0.75,rule_keep_score_ge_6_with_hard_match,0.449320,0,pseudo_keep_model_drop,keep,candidate_hybrid_gray_keep_domain_score_ge_threshold,7,증권사;ipo,,
2026-09-09,"[기자수첩] 펀드 변상 자율...한국투자증권 '안정성', 우리은행 '자기책...",금융감독원 현장검사 이후 한국투자증권은 약 2500명의 투자자를 대상으로 최대 80%까지 배상하는 기준을 적용했다. KB국민은행은 전산상 위험등급 오류가 확인된 일부 계좌에 원금 전액을 배상했다. 반면 우리은행은...,https://www.financialpost.co.kr/news/articleView.html?idxno=274539,1,0.75,rule_keep_score_ge_6_with_hard_match,0.453226,0,pseudo_keep_model_drop,keep,candidate_hybrid_gray_keep_domain_score_ge_threshold,6,금융감독원,,
2026-09-12,강남 1% 오를 때 성북 13% 폭등…대출·세제 규제가 바꾼 서울 집값 지도,최근 가계대출 관리 강화로 거래량 자체는 다소 숨을 고르고 있지만 매도인들이 호가를 낮추지 않아... 남혁우 우리은행 부동산연구원은 대출총량관리 완화와 정책금융 요건 개선 등으로 2030 무주택자의 자금 조달...,https://www.widedaily.com/news/articleView.html?idxno=300964,1,0.75,rule_keep_score_ge_6_with_hard_match,0.454889,0,pseudo_keep_model_drop,keep,candidate_hybrid_gray_keep_domain_score_ge_threshold,6,정책금융,대출,
2026-09-03,"우리은행, 돈길을 산업으로... 생산적 금융 판 키운다","우리은행이 가계·부동산에 머물던 자금의 흐름을 첨단전략산업과 수출기업, 혁신 중소·중견기업으로... 강화하고, 연체 우려 여신은 조기 정상화와 상ㆍ매각 등을 통해 선제적으로 관리하고 있음""이라며 ""생산적 금융...",http://www.lkp.news/news/articleView.html?idxno=83585,1,0.75,rule_keep_score_ge_6_with_hard_match,0.455790,0,pseudo_keep_model_drop,keep,candidate_hybrid_gray_keep_domain_score_ge_threshold,7,생산적 금융,연체;금융,
2026-09-14,"김재관 KB국민카드 대표, 건전성 개선·사업영역 다변화…플랫폼·AI 경...","지난 2024년 말 기준 국민카드의 연체율은 1.31%로 지난해 말에는 0.98%로 0.33%p 하락했다. 같은 기간... KB금융지주 계열사 CEO 대부분이 저축은행을 제외하고 2+1 관행이 이어져 왔으나, KB금융지주 회장이 세대교체를...",https://www.fntimes.com/html/view.php?ud=202609111436062649efc5ce4ae_18,1,0.75,rule_keep_score_ge_6_with_hard_match,0.455861,0,pseudo_keep_model_drop,keep,candidate_hybrid_gray_keep_domain_score_ge_threshold,6,저축은행,건전성,
2026-09-09,"인뱅, 사장님 대출 급증했지만 절반은 '담보·보증'…신용평가 시험대",8일 금융권에 따르면 인터넷은행 3사(카카오뱅크·케이뱅크·토스뱅크)의 지난 6월 말 개인사업자 대출... 토스뱅크는 과거 높아졌던 기업대출 연체율을 낮추는 등 외형 확대보다 건전성 관리에 무게를 둬왔다. 6월 말...,https://news.tf.co.kr/read/economy/2363263.htm,1,0.75,rule_keep_score_ge_6_with_hard_match,0.462247,0,pseudo_keep_model_drop,keep,candidate_hybrid_gray_keep_domain_score_ge_threshold,7,인터넷은행,대출;건전성,
2026-09-12,KB금융 회장 3년만의 세대 교체 왜…배경 놓고 해석 분분,"11일 KB금융 회장후보추천위원회는 이날 양 회장과 이 부문장, 권광석 전 우리은행장을 대상으로 최종... BNK금융지주 회장 선임 절차를 둘러싼 의혹을 시작으로 금융지주들에 대한 금감원 검사와 국세청 세무조사까지...",https://news.einfomax.co.kr/news/articleView.html?idxno=4434516,1,0.75,rule_keep_score_ge_6_with_hard_match,0.464257,0,pseudo_keep_model_drop,keep,candidate_hybrid_gray_keep_domain_score_ge_threshold,6,금감원,,
2026-09-09,주담대 연체액 3년6개월 만에 2.2배…2조2000억원 돌파,지방은행 가운데서는 전북은행의 연체율 상승세가 두드러졌다. 지난해 말 0.19%였던 주택담보대출 연체율은 올해 6월 말 0.95%로 6개월 만에 5배 수준으로 높아졌다. 같은 기간 연체 잔액도 52억6000만원에서...,https://www.sisajournal.com/news/articleView.html?idxno=386415,1,0.75,rule_keep_score_ge_6_with_hard_match,0.471900,0,pseudo_keep_model_drop,keep,candidate_hybrid_gray_keep_domain_score_ge_threshold,6,연체율,연체,
2026-09-09,BNK 부산·경남은행 주담대 연체율 증가,"14%에서 0.41%로 주택담보대출 연체율이 올랐으며, 연체 금액은 각각 483억원과 457억원이었습니다. 박성훈 의원은 특히 지역 은행들의 연체율이 빠르게 올라가고 있다며, 금융당국의 선제적인 점검을 강조했습니다.",https://news.knn.co.kr/news/article/192188,1,0.75,rule_keep_score_ge_6_with_hard_match,0.472908,0,pseudo_keep_model_drop,keep,candidate_hybrid_gray_keep_domain_score_ge_threshold,6,연체율,연체,
2026-09-09,은행권 주담대 연체 2조2000억원…3년 반 만에 2배로,"농협은행의 연체 잔액은 2022년 말 1346억1000만원에서 2023년 말 2417억6000만원, 2024년 말 3822억2000만원, 지난해 말 4434억3000만원으로 매년 늘었다. 올해 들어 처음 5000억원을 넘어섰다. 일부 지방은행은...",https://sateconomy.co.kr/news/view/1065573393073581,1,0.75,rule_keep_score_ge_6_with_hard_match,0.473412,0,pseudo_keep_model_drop,keep,candidate_hybrid_gray_keep_domain_score_ge_threshold,6,은행권,연체,
2026-09-10,"우리카드, 나이스디앤알과 기업카드 모집 협력",최근 여신전문금융업권은 이종 산업 및 B2B 전문 플랫폼과의 제휴를 통해 기업 고객 접점을 다각화하는 움직임이 활발하다. 기업 전용 솔루션과 연계해 영업 채널을 확장하는 조치는 신규 고객 유치를 촉진하고 B2B 시장...,https://www.cnbnews.com/news/articleView.html?idxno=1015099,1,0.75,rule_keep_score_ge_6_with_hard_match,0.473580,0,pseudo_keep_model_drop,keep,candidate_hybrid_gray_keep_domain_score_ge_threshold,6,여신전문금융업,,
2026-09-01,여전사 상반기 순익 3조5286억원…연체율은 나란히 상승,다만 두 업권 모두 연체율은 지난해 말보다 상승했다. 1일 금융감독원의 '2026년 상반기... 단기카드대출인 현금서비스는 28조1000억원으로 2000억원(0.8%) 감소한 반면 장기카드대출인 카드론은 28조원으로...,https://www.financialpost.co.kr/news/articleView.html?idxno=272933,1,0.75,rule_keep_score_ge_6_with_hard_match,0.474317,0,pseudo_keep_model_drop,keep,candidate_hybrid_model_keep_prob_ge_threshold_with_domain_anchor,6,금융감독원,,
2026-09-03,인뱅 ‘사장님대출’ 8.3조 중 담보·보증 여신 4.5조,"은행 전체 연체율도 카카오뱅크 0.51%, 케이뱅크 0.60%, 토스뱅크 1.05%로 안정적인 수준을 유지하거나 개선됐다. 다만 전문가들은 인터넷은행이 담보 규모보다 사업의 지속성과 실제 상환능력을 정교하게 평가해야...",https://biz.heraldcorp.com/article/10860010?ref=naver,1,0.75,rule_keep_score_ge_6_with_hard_match,0.480529,0,pseudo_keep_model_drop,keep,candidate_hybrid_gray_keep_domain_score_ge_threshold,7,은행;인터넷은행,,
2026-09-15,외식업 재료·인건비 비중 70% 넘었다비용 65% 넘어서면 정상경영 어려...,여신금융협회 집계 기준 2분기 숙박·음식점업 카드 승인금액은 41조1400억원으로 전년 동기 대비 6.8% 늘었다. 소비 자체가 완전히 위축된 것은 아니라는 의미다. 결국 현재 외식업 시장은 매출은 회복되는 듯...,http://www.smedaily.co.kr/news/articleView.html?idxno=363118,1,0.75,rule_keep_score_ge_6_with_hard_match,0.481074,0,pseudo_keep_model_drop,keep,candidate_hybrid_gray_keep_domain_score_ge_threshold,6,여신금융협회,,
2026-09-17,"""보험사기 꼼짝마""…심평원·금감원, 정보공유 맞손","실손보험 관련 정보도 공조에 활용한다. 보험금 청구와 의료이용 과정에서 나타나는 이상 징후를 적기에... 공·민영보험의 재정 누수를 줄인다는 방침이다. 홍승권 심평원장은 ""보험사기와 부당청구는 국민의 보험료...",http://www.hansbiz.co.kr/news/articleView.html?idxno=865778,1,0.75,rule_keep_score_ge_6_with_hard_match,0.481351,0,pseudo_keep_model_drop,keep,candidate_hybrid_gray_keep_domain_score_ge_threshold,7,금감원,보험료,
2026-09-04,"인터넷은행 3사, 고객·대출 늘었지만…'성장의 질'은 달랐다","■ 외형 경쟁 넘어 건전성·자본 관리도 변수 대출 성장에 따른 건전성 부담도 은행별로 차이가 있었다. 상반기 말 연체율은 카카오뱅크 0.51%, 케이뱅크 0.60%, 토스뱅크 1.05%로 나타났다. 토스뱅크는 세 곳 가운데...",http://www.wikileaks-kr.org/news/articleView.html?idxno=191614,1,0.75,rule_keep_score_ge_6_with_hard_match,0.483928,0,pseudo_keep_model_drop,keep,candidate_hybrid_gray_keep_domain_score_ge_threshold,7,인터넷은행,대출;건전성,
2026-09-17,"NH투자證 ""삼성카드, 주주환원 모멘텀 부각…목표가 6만8000원 유지""","7월 카드론 잔고는 전 월 대비 0.1% 감소한 6조7,000억원, 현금서비스는같은 기간 2.0% 상승한 1조3,000억원을... 절감을 위해 연체율과 대손율을 얼마나 효율적으로 관리하느냐가 실적 개선의 관건이 될 것""이라고 설명했다.",http://www.srtimes.kr/news/articleView.html?idxno=212569,1,0.75,rule_keep_score_ge_6_with_hard_match,0.484377,0,pseudo_keep_model_drop,keep,candidate_hybrid_gray_keep_domain_score_ge_threshold,6,카드론,실적,
2026-09-20,국내은행 상반기 순익 13.8조⋯“이자이익 늘어도 부실 위험 커져”,가계대출이 제한될 경우 은행들이 기업대출을 통해 수익을 확보해야 하지만 금리 상승 국면에서는 기업대출의 부실 위험 역시 커질 수 있다는 게 보고서의 분석이다. 보고서는 “국내 은행이 생산적 금융과...,https://www.etoday.co.kr/news/view/2627473,1,0.75,rule_keep_score_ge_6_with_hard_match,0.487306,0,pseudo_keep_model_drop,keep,candidate_hybrid_gray_keep_domain_score_ge_threshold,7,생산적 금융,금리;부실,
2026-09-18,"심평원-금융감독원, 보험사기·부당청구 근절위해 협력 강화",또한 양 기관은 실손보험 관련 정보를 활용해 보험금 청구 및 의료이용 과정에서 나타나는 이상 징후를... 공·민영보험의 재정 누수를 예방함으로써 건전한 보험질서 확립과 국민의 보험료 부담 완화에 기여할 것으로...,http://www.doctorstimes.com/news/articleView.html?idxno=240068,1,0.75,rule_keep_score_ge_6_with_hard_match,0.489521,0,pseudo_keep_model_drop,keep,candidate_hybrid_gray_keep_domain_score_ge_threshold,7,금융감독원,보험료,
2026-09-16,[S-이슈] 롯데카드 신규 영업정지 끝내고 정상 영업 재개… '정상호 체제...,여신금융협회에 따르면 올 상반기 국세·지방세를 제외한 롯데카드의 개인 신용카드 승인잔액은 34조4010억원으로 전년 동기보다 2.51%(8410억원) 증가했다. 다만 업계 평균 증가율이 6.12%인 점을 고려하면 경쟁사 대비...,https://www.s-journal.co.kr/news/articleView.html?idxno=43785,1,0.75,rule_keep_score_ge_6_with_hard_match,0.489846,0,pseudo_keep_model_drop,keep,candidate_hybrid_gray_keep_domain_score_ge_threshold,6,여신금융협회,,
2026-09-09,주담대 연체 3년반 새 2.2배…금리 상승에 차주 부담 '쑥',같은 기간 농협은행의 주담대 연체율도 0.14%에서 0.43%로 상승했다. 이어 KB국민은행 3680억2000만원... 금융권에 따르면 5대 시중은행(KB국민·신한·하나·우리·NH농협)의 지난 7일 기준 고정형(5년) 주담대 금리는 연 4.80...,http://www.newsprime.co.kr/news/article.html?no=746935,1,0.75,rule_keep_score_ge_6_with_hard_match,0.490878,0,pseudo_keep_model_drop,keep,candidate_hybrid_gray_keep_domain_score_ge_threshold,7,시중은행,금리;연체,
2026-09-08,카드 발급 만큼 늘어난 '잠자는 카드'···휴면카드 1년새 56만장↑,7일 여신금융협회에 따르면 올해 2분기 말 기준 7개 전업카드사(롯데·삼성·신한·우리·하나·현대·KB국민)의 휴면카드 수는 총 1554만6000장으로 전년 동기(1498만2000장)보다 약 56만4000장 늘었다. 휴면카드는...,https://www.smartbizn.com/news/articleView.html?idxno=153230,1,0.75,rule_keep_score_ge_6_with_hard_match,0.491396,0,pseudo_keep_model_drop,keep,candidate_hybrid_gray_keep_domain_score_ge_threshold,6,여신금융협회,,
2026-09-03,집값 폭락 대비 주택 대량매입…'기본주택' 닮은 '보편형 임대' 주목,"김학렬 스마트튜브 소장은 ""6월 말 은행권 주택담보대출 연체율은 0.28%로 1년 전보다 0.02%포인트(p) 떨어졌다""며 ""6월 전체 원화 대출 연체율은 0.56%로 같은 달 기준 10년 만에 높은 수준이지만 이를 끌어올리는 쪽은...",https://www.newsis.com/view/NISX20260831_0003770313,1,0.75,rule_keep_score_ge_6_with_hard_match,0.495722,0,pseudo_keep_model_drop,keep,candidate_hybrid_gray_keep_domain_score_ge_threshold,6,은행권,대출;원화,
2026-09-07,"""카드 공유 없이 승인만 척척""…BC카드, 앱 결제수단 공유 '가족페이' 출...",가족페이는 실제 카드나 결제 정보를 외부에 공유하지 않고 승인 절차만 거치기 때문에 카드 양도 및 대여를 금지하는 여신전문금융업법 등 관련 법규를 준수하면서도 보안성과 편의성을 한층 올렸다. 이용 대상은 만 19세...,https://www.thefairnews.co.kr/news/articleView.html?idxno=87223,1,0.75,rule_keep_score_ge_6_with_hard_match,0.504848,0,pseudo_keep_model_drop,keep,candidate_hybrid_gray_keep_domain_score_ge_threshold,6,여신전문금융업,,
2026-09-12,"함안군산림조합, 상호금융 건전성 성과 인정받아 차량 포상",쿠키뉴스=최일생 기자 | 경남 함안군산림조합(조합장 안상주)은 산림조합금융 업무 전반에서 우수한 성과를 이어가며 상호금융 건전성 관리 우수성을 인정받아 산림조합중앙회로부터 5천2백만원 상당의 르노 필랑트 SUV...,https://www.kukinews.com/article/view/kuk202609110148,1,0.75,rule_keep_score_ge_6_with_hard_match,0.509459,0,pseudo_keep_model_drop,keep,candidate_hybrid_gray_keep_domain_score_ge_threshold,6,상호금융,건전성,
2026-09-15,"삼성카드, 주요 유통 채널 손잡고 추석 마케팅 전개",최근 여신전문금융업권은 명절 소비 대목을 맞아 주요 유통 채널과 연계한 마케팅을 확대하는 분위기다. 대형마트 및 온라인 쇼핑몰과 결합한 결제 할인 조치는 고객의 가계 부담을 완화하고 자사 단골 고객 유입을...,https://www.cnbnews.com/news/articleView.html?idxno=1015580,1,0.75,rule_keep_score_ge_6_with_hard_match,0.511155,0,pseudo_keep_model_drop,keep,candidate_hybrid_gray_keep_domain_score_ge_threshold,6,여신전문금융업,,
2026-09-17,참석해 축하해 주신 분들 [2026 산업비전포럼],팀장 ▲임재현 여신협회 팀장 ▲임태암 하이트진로 차장 ▲장수범 KDB생명 과장 ▲장오람 우리카드 부부장 ▲장재진 도레이첨단소재 책임 ▲장정남 BNK금융 부장 ▲장현 한국타이어 팀장 ▲장혜진 오리온 상무 ▲전성빈...,https://www.dailian.co.kr/news/view/1690797/?sc=Naver,1,0.75,rule_keep_score_ge_6_with_hard_match,0.513992,0,pseudo_keep_model_drop,keep,candidate_hybrid_gray_keep_domain_score_ge_threshold,6,여신협회,,
2026-09-02,"매각 앞둔 애큐온캐피탈, 상반기 호실적","자회사 애큐온저축은행, 순익 줄고 건전성 지표 개선 애큐온캐피탈 최대주주인 사모펀드 운용사... 1개월 이상 연체율은 지난해 상반기 2.82%에서 올 상반기 2.68%로 0.14%포인트 하락했다. 반면 고정이하여신비율은 같은...",https://news.dealsitetv.com/articles/175462,1,0.75,rule_keep_score_ge_6_with_hard_match,0.515585,0,pseudo_keep_model_drop,keep,candidate_hybrid_gray_keep_domain_score_ge_threshold,6,저축은행,건전성,
2026-09-07,"카드론, 60세 이상이 더 빌리고 30대가 덜 갚았다",서울 시내 시내 한 거리에 신용카드 대출 광고물이 붙어있다./뉴시스 60대 이상을 중심으로 올해 카드론 이용이 확대된 것으로 나타났다. 연체율은 30대가 가장 높았다. 고령층을 중심으로 급전 수요가 늘어나는...,http://www.metroseoul.co.kr/article/20260906500083,1,0.75,rule_keep_score_ge_6_with_hard_match,0.520115,0,pseudo_keep_model_drop,keep,candidate_hybrid_gray_keep_domain_score_ge_threshold,6,카드론,대출,
2026-09-16,"NH證 “삼성카드, 금리 부담은 주가에 반영…연말 배당 매력 부각”",대출 부문에서는 7월 카드론 잔고가 6조7000억원으로 전월과 비슷했고 현금서비스는 1조3000억원으로 2.0... 윤 연구원은 “조달비용 상승 폭이 점차 확대되고 있어 향후 연체율과 대손률 관리가 중요하다”며 “다만...,https://www.etoday.co.kr/news/view/2625994,1,0.75,rule_keep_score_ge_6_with_hard_match,0.524071,0,pseudo_keep_model_drop,keep,candidate_hybrid_gray_keep_domain_score_ge_threshold,7,카드론,금리;대출,
2026-09-01,"KB국민카드, 법인카드 1위 넘어 기업 플랫폼으로…'영업망+데이터'로 B2...","여신금융협회 자료에 따르면 KB국민카드의 올해 1~7월 누적 법인카드 이용금액 점유율은 구매전용카드와 현금서비스를 제외한 기준 18.47%로, 경쟁사들이 기업영업 조직을 확대하며 법인시장 공략에 나선 가운데서도...",https://www.upkoreanews.kr/news/articleView.html?idxno=99975,1,0.75,rule_keep_score_ge_6_with_hard_match,0.524433,0,pseudo_keep_model_drop,keep,candidate_hybrid_model_keep_prob_ge_threshold_with_domain_anchor,6,여신금융협회,,
2026-09-08,"[A 여신금융 소식] BC카드, 앱 결제수단 공유 서비스 선보여...가족·친구...",특히 여신전문금융업법상 카드 양도·대여 금지 규정을 철저히 준수하면서도 카드 정보 유출이나 직접 결제의 번거로움을 없앤 것이 핵심이다. 만 19세 이상 대표 회원의 승인만 거치면 온라인 쇼핑은 물론 코레일 예매...,https://www.asiaa.co.kr/news/articleView.html?idxno=261473,1,0.75,rule_keep_score_ge_6_with_hard_match,0.525092,0,pseudo_keep_model_drop,keep,candidate_hybrid_gray_keep_domain_score_ge_threshold,6,여신전문금융업,,
2026-09-01,“빚내서 주식 투자”…주택담보대출 꺾여도 가계 빚 ‘껑충’,한국은행 제주본부 6월 여·수신 자료를 보면 신용대출을 포함한 기타 가계대출이 지난해 상반기 2천526억 원 감소에서 올해 상반기에는 무려 2천179억 원 늘어 증가 폭이 가장 컸습니다.,https://news.kbs.co.kr/news/pc/view/view.do?ncd=8650976&ref=A,1,0.75,rule_keep_score_ge_6_with_hard_match,0.526585,0,pseudo_keep_model_drop,keep,candidate_hybrid_gray_keep_domain_score_ge_threshold,6,한국은행,주식,
2026-09-17,[클라우드 월드] NHN '국방 전장 클라우드 산학협력' 협약·메가존 '은행...,"우승은 가상자산 거래소 코인원 엔지니어들로 구성된 '라이츄' 팀에 돌아갔다. 코인원 보안기술팀 김종근, 백엔드팀 송용호, 백엔드개발팀 이선우, 인프라팀 최하늘 매니저로 구성된 이 팀은 가장 많은 장애를...",https://www.newsworks.co.kr/news/articleView.html?idxno=853967,1,0.75,rule_keep_score_ge_6_with_hard_match,0.529279,0,pseudo_keep_model_drop,keep,candidate_hybrid_gray_keep_domain_score_ge_threshold,7,은행;가상자산,,
2026-09-12,"최근 한국 경제 동향 분석, 견조한 회복세 속 물가 불안 지속",자산 시장과 금융 시장은 강세를 유지하고 있습니다. 8월 주가 시장은 인공지능과 반도체 업황 개선 기대감으로 상승세를 타고 있고 원/달러 환율은 하락하며 강세를 보였습니다. 부동산 시장의 경우 7월 전국 주택...,https://news.bbsi.co.kr/news/articleView.html?idxno=4106004,1,0.75,rule_keep_score_ge_6_with_hard_match,0.533864,0,pseudo_keep_model_drop,keep,candidate_hybrid_gray_keep_domain_score_ge_threshold,7,원/달러,주가;달러;금융,
2026-09-17,"[오늘Who] 롯데카드 영업 재개로 기업가치 제고 본격 시동, 정상호 신뢰...",여신금융협회에 따르면 롯데카드 개인신용카드회원수(사용가능·본인기준)는 유출 사고 소식이 알려지기 전인 2025년 8월 말 858만9천 명이었다. 2025년 9월 초 사고 사실이 전해지면서 9월 말 회원수는 820만1천 명까지...,https://www.businesspost.co.kr/BP?command=article_view&num=447367,1,0.75,rule_keep_score_ge_6_with_hard_match,0.534717,0,pseudo_keep_model_drop,keep,candidate_hybrid_gray_keep_domain_score_ge_threshold,6,여신금융협회,,
2026-09-11,"KB금융지주 회장 최종후보 선정 D-1, 양종희 연임 좌우할 인물들 : 7표 중...","다른 금융회사 이사회를 경험한 위원은 두 명이다. 차은영 이사는 하나금융지주 사외이사를 4년 지냈고... 이 밖에 김성용 이사는 증권선물위원회 비상임위원(2012년 11월~2015년 11월)을, 차은영 이사는 금감원...",https://www.huffingtonpost.kr/article/260362,1,0.75,rule_keep_score_ge_6_with_hard_match,0.535447,0,pseudo_keep_model_drop,keep,candidate_hybrid_gray_keep_domain_score_ge_threshold,6,금감원,,
2026-09-18,"""민생경제 실핏줄 소상공인 무너진다""…하남시의회 국민의힘, 대책 촉구","한국은행에 따르면 2026년 1분기 말 자영업자의 금융기관 대출 잔액은 1095조 5000억원이었다. 관련 통계 작성이후 최대 규모다. 1개월 이상 원리금 연체액은 22조 3000억원, 연체율은 2.04 %로 2015년 2분기 이후 가장 높은...",https://www.newsfreezone.co.kr/news/articleView.html?idxno=710036,1,0.75,rule_keep_score_ge_6_with_hard_match,0.538132,0,pseudo_keep_model_drop,keep,candidate_hybrid_gray_keep_domain_score_ge_threshold,6,한국은행,대출,
2026-09-10,'묵은 빚 안 갚아도 됩니다'…시효 끝나면 열흘 내 신용사면,"[기자] 네, 다음 달 12일부터 여신금융협회가 소멸시효 완성채권 등 관리 모범규준을 개정하면서 카드사나 캐피털사가 소멸시효를 기계적으로 연장하기 어려워집니다. 금융사가 사실상 받기 어렵다고 판단해 대손으로...",https://biz.sbs.co.kr/article_hub/20000333621?division=NAVER,1,0.75,rule_keep_score_ge_6_with_hard_match,0.538287,0,pseudo_keep_model_drop,keep,candidate_hybrid_gray_keep_domain_score_ge_threshold,6,여신금융협회,,
2026-09-08,2분기 산업대출 30조6000억원↑…서비스업이 대출 견인,한국은행 전경. 사진=연합뉴스  올해 2분기 예금취급기관의 산업별 대출금이 전분기 말보다... 산업별대출금 통계는 원화 대출 중 가계대출을 제외한 여타 부문 대출금을 산업별로 분류한 통계다. 주로...,https://www.pointdaily.co.kr/news/articleView.html?idxno=318256,1,0.75,rule_keep_score_ge_6_with_hard_match,0.539528,0,pseudo_keep_model_drop,keep,candidate_hybrid_gray_keep_domain_score_ge_threshold,7,한국은행,대출;원화,
2026-09-10,"신한카드, 중기부 R&D 과제 선정…‘자율 의사결정’ 차세대 AI 금융 엔...",이를 통해 새로운 금융상품이 출시되거나 여신전문금융업법 등 관련 규정 및 정책이 변경되더라도 조건 데이터 수정만으로 시스템 전반에 실시간 반영이 가능해진다. 카드 상품을 기준으로 보면 ▲전월 이용 실적을...,https://www.megaeconomy.co.kr/news/newsview.php?ncode=1065571559970330,1,0.75,rule_keep_score_ge_6_with_hard_match,0.542132,0,pseudo_keep_model_drop,keep,candidate_hybrid_gray_keep_domain_score_ge_threshold,7,여신전문금융업,금융,
2026-09-21,"지평선에너지 창업주 ""85억 투자받았다가 회사 넘길 판""",벤처투자조합은 투자기업의 의무를 대표 등 제3자에게 연대 부담시키는 행위가 원칙적으로 제한되지만 신기술사업투자조합에 적용되는 여신전문금융업법에는 이런 내용의 명시적 금지 규정이 없다. 팍스톤 측은 관련...,https://www.hankyung.com/article/2026092063811,1,0.75,rule_keep_score_ge_6_with_hard_match,0.544022,0,pseudo_keep_model_drop,keep,candidate_hybrid_gray_keep_domain_score_ge_threshold,6,여신전문금융업,,
2026-09-05,"코스피 1.64% 상승, 6,680선 회복…원화 강세에 반도체株 '질주'","4일 한국거래소에 따르면, 코스피는 전 거래일보다 107.73포인트(1.64%) 오른 6,687.21에 거래를 마쳤다.... 비트코인이 8만달러선을 웃돌면서 가상자산 관련주에도 매수세가 몰렸다. 우리기술투자(8.93...",https://www.youthdaily.co.kr/news/article.html?no=226472,1,0.75,rule_keep_score_ge_6_with_hard_match,0.544697,0,pseudo_keep_model_drop,keep,candidate_hybrid_gray_keep_domain_score_ge_threshold,7,가상자산,코스피;원화,
2026-09-04,경남 진주수곡농협 ‘Top-Class 사무소’ 뽑혀,"진주수곡농협은 손해보험 상품 판매 활성화로 농·축협 비이자수익 증대와 상호금융 등 시너지 확대에 크게 기여한 공로로 수상의 영예를 안았다. 이날 상패 수여식에는 문수호 진주수곡농협 조합장, 공재현...",https://www.nongmin.com/article/20260903500190,1,0.75,rule_keep_score_ge_6_with_hard_match,0.547766,0,pseudo_keep_model_drop,keep,candidate_hybrid_gray_keep_domain_score_ge_threshold,7,손해보험;상호금융,,
2026-09-17,"[정책포커스] 금융위, 생산적금융의 선순환구조가 경제성장에 기여...""무...","단기금융업 인가를 취득함에 따라 모험자본을 적극 공급하기로 했다고 하며, 생산적금융으로의 대전환이... 산업 전문인력을 연계한 현장 중심 지원모델을 통해 기업 발굴부터 심사, 금융지원에 이르는 전 과정을...",http://www.sisacast.kr/news/articleView.html?idxno=100077,1,0.75,rule_keep_score_ge_6_with_hard_match,0.548498,0,pseudo_keep_model_drop,keep,candidate_hybrid_gray_keep_domain_score_ge_threshold,6,금융위,,
2026-09-05,"새마을중앙회, 2분기 연속 흑자… 부실 금고 지원 역량 확보","4일 금융권에 따르면 새마을금고중앙회는 올해 상반기 영업이익 7110억원, 당기순이익 5912억원을... 손실 규모는 전년 동기 1조3287억원보다 줄었지만, 연체율은 6월 말 6.34%로 지난해 말보다 1.26%포인트(p) 상승했다....",https://biz.chosun.com/stock/finance/2026/09/04/EL3O3A4SMJHXTMZ7SU2L5PXQAI/?utm_source=naver&utm_medium=original&utm_campaign=biz,1,0.75,rule_keep_score_ge_6_with_hard_match,0.549074,0,pseudo_keep_model_drop,keep,candidate_hybrid_model_keep_prob_ge_threshold_with_domain_anchor,6,새마을금고,부실,
2026-09-14,업무정지 해제 앞둔 롯데카드…지점 신설 등 영업 정상화 '시동',여신금융협회에 따르면 올해 2분기 기준 롯데카드의 개인 신판 점유율은 8.87%로 전년 동기(9.20%) 대비 0.34%포인트(p) 하락했다. 이런 가운데 롯데카드는 업무 재개에 앞서 모집·심사·발급 프로세스의 정상 가동을 위한...,https://news.einfomax.co.kr/news/articleView.html?idxno=4434636,1,0.75,rule_keep_score_ge_6_with_hard_match,0.549758,0,pseudo_keep_model_drop,keep,candidate_hybrid_gray_keep_domain_score_ge_threshold,6,여신금융협회,,
2026-09-19,"비트뱅크, IRGC에 수억달러 비트코인 이동 혐의 제재",이란 가상자산 거래소 비트뱅크(BitBank)가 이란 혁명수비대(IRGC)에 수억달러 규모의 비트코인을 이동시킨 혐의로 미국의 제재를 받았다. 비트뱅크는 호르무즈 해협을 통과하는 선박에서 받은 통행료 관련 자금을...,https://www.tokenpost.kr/news/breaking/410257,1,0.75,rule_keep_score_ge_6_with_hard_match,0.553275,0,pseudo_keep_model_drop,keep,candidate_hybrid_gray_keep_domain_score_ge_threshold,7,제재;가상자산,,
2026-09-07,급전 필요한 5060…보험계약대출-카드론 늘었다,올해 들어 50대 이상을 중심으로 보험계약대출과 카드론 등 2금융권 대출이 늘었다. 두 대출 모두 서민들이 급전이 필요할 때 주로 찾는 상품이다. 20~40대에서는 잔액이 줄어 대비됐다. 카드론 연체율은 모든...,https://www.donga.com/news/Economy/article/all/20260906/134613321/1,1,0.75,rule_keep_score_ge_6_with_hard_match,0.553312,0,pseudo_keep_model_drop,keep,candidate_hybrid_gray_keep_domain_score_ge_threshold,6,카드론,대출,
2026-09-15,KB 계열사 CEO 연말 인사 변수...이재근 발탁이 던진 첫 숙제,"14일 금융권에 따르면 구본욱 KB손해보험 대표, 김재관 KB국민카드 대표, 정문철 KB라이프 대표, 빈중일... 금융지주계 카드사 중 가장 양호한 연체율을 기록 중으로, 연체의 질도 우수하는 평가다. KB금융이 글로벌에...",https://www.ekn.kr/web/view.php?key=20260914024154530,1,0.75,rule_keep_score_ge_6_with_hard_match,0.555977,0,pseudo_keep_model_drop,keep,candidate_hybrid_gray_keep_domain_score_ge_threshold,6,카드사;손해보험,,
2026-09-12,"AI 열풍에 '금값' 된 그래픽카드, 반값 매물의 함정","신용카드는 여신전문금융업법상 할부 결제 시 항변권을 행사할 수 있고, 사기 거래로 확인되면 카드사를 통한 결제 취소가 비교적 수월하다. 반면 계좌이체나 무통장입금은 환불이 사실상 거의 불가능하다. 이상 징후를...",https://it.donga.com/109522/,1,0.75,rule_keep_score_ge_6_with_hard_match,0.557202,0,pseudo_keep_model_drop,keep,candidate_hybrid_gray_keep_domain_score_ge_threshold,6,여신전문금융업,,
2026-09-08,[금융계 동향] NH농협은행·신한은행·우리은행,농협은행은 행사장에 전용 홍보부스와 이동점포를 마련해 대회 참가자와 방문객에게 보이스피싱 피해예방 정보를 안내하고 보상보험 현장 가입을 지원했다. 농협은행은 고령층의 금융사기 피해 보상 기반을 확대하기...,http://www.iminju.net/news/articleView.html?idxno=169163,1,0.75,rule_keep_score_ge_6_with_hard_match,0.559251,0,pseudo_keep_model_drop,keep,candidate_hybrid_gray_keep_domain_score_ge_threshold,6,보이스피싱,,
2026-09-17,"금감원·심평원, '보험사기·부당청구' 공동 대응 나선다","공·민영보험의 건전성을 위협하는 불법 행위에 공동 대응하고, 국민이 신뢰할 수 있는 보건·금융 환경을... 양 기관은 앞으로 실손보험과 자동차보험의 부당청구 의심 사례와 보험사기 가능성이 있는 정보를 상호 제공하고...",https://news.bbsi.co.kr/news/articleView.html?idxno=4106807,1,0.75,rule_keep_score_ge_6_with_hard_match,0.560558,0,pseudo_keep_model_drop,keep,candidate_hybrid_gray_keep_domain_score_ge_threshold,7,금감원,금융,
2026-09-03,"[증권사 톺아보기] KB증권, 1.7조 수혈해 IMA 채비…제재 이력·내부통제...",이번 제재는 2021년부터 약 5년간의 업무 전반을 대상으로 실시한 정기검사 결과에 따른 것이다. 금감원에... KB국민은행이 그룹 내 주요 수신·기업금융 채널인 만큼 은행과 중첩되지 않는 자본시장형 운용 영역을...,https://www.newspost.kr/news/articleView.html?idxno=225373,1,0.75,rule_keep_score_ge_6_with_hard_match,0.561878,0,pseudo_keep_model_drop,keep,candidate_hybrid_gray_keep_domain_score_ge_threshold,6,증권사;제재,,
2026-09-01,"美재무 잇단 시장개입에 유럽 중앙은행들 불안…""다음엔 뭐냐""","유럽 당국자들은 최근 미 재무부가 엔화 가치를 떠받치기 위해 외환시장에 개입하고 장기 국채 금리를... 연준에 시장에서 채권을 사들이도록 압박할 것인가""라고 반문했다. 미국 측은 장기채 바이백 확대가 장기물 시장의...",https://www.news1.kr/world/international-economy/6274721,1,0.75,rule_keep_score_ge_6_with_hard_match,0.562202,0,pseudo_keep_model_drop,keep,candidate_hybrid_gray_keep_domain_score_ge_threshold,7,국채;외환시장,,
2026-09-17,"심평원-금감원, 보험사기·부당청구 대응 공조 강화","실손보험 관련 정보도 협력에 활용한다. 양 기관은 보험금 청구와 의료이용 과정에서 나타나는 이상 징후를... 홍승권 심평원장은 ""보험사기와 부당청구는 국민의 보험료 부담과 직결될 수 있는 만큼 양 기관 간의 정보...",https://www.kpanews.co.kr/news/articleView.html?idxno=544016,1,0.75,rule_keep_score_ge_6_with_hard_match,0.562251,0,pseudo_keep_model_drop,keep,candidate_hybrid_gray_keep_domain_score_ge_threshold,7,금감원,보험료,
2026-09-17,"마일리지 18% 깎인다는데⋯'막차 발급' 아시아나 카드, 쓸만할까",이후에도 카드 사용 자체는 유지된다”면서도 “구체적인 적립률과 부가서비스 조정 여부는 내부 검토 단계”라고 설명했다. 여신금융협회 역시 카드사별 준비 현황을 점검하며 후속 가이드라인을 마련하고 있다.,https://www.etoday.co.kr/news/view/2626363,1,0.75,rule_keep_score_ge_6_with_hard_match,0.563823,0,pseudo_keep_model_drop,keep,candidate_hybrid_gray_keep_domain_score_ge_threshold,6,여신금융협회,,
2026-09-04,반격 나선 빗썸…신규·휴면 고객에 ‘年 13% BTC’ 혜택,국내 2위 가상화폐거래소인 빗썸이 예치자산에 연 13% 상당의 비트코인을 제공하기로 했다. 고객이 보유 중인 코인 잔액을 따져 파격적인 혜택을 주겠다는 것이다. 디지털X발 수수료 무료 경쟁이 업비트를 거쳐 빗썸까지...,https://www.sedaily.com/article/20086959?ref=naver,1,0.75,rule_keep_score_ge_6_with_hard_match,0.572069,0,pseudo_keep_model_drop,keep,candidate_hybrid_gray_keep_domain_score_ge_threshold,6,빗썸,수수료,
2026-09-04,"부실 외면한 채 서민금융 늘리라는 정부…""은행권 출연금 확대 불가피""",금융권이 정책서민금융의 재원을 마련하기 위해 부담한 출연금이 지난 4년 6개월간 1조 5000억원에 육박한... 대표적으로 전북은행의 올해 2분기 연체율은 1.69%로 전년 동기 1.58% 대비 약 0.11%p 악화되며 지방은행 5개사...,https://www.mediapen.com/news/view/1121049,1,0.75,rule_keep_score_ge_6_with_hard_match,0.573272,0,pseudo_keep_model_drop,keep,candidate_hybrid_gray_keep_domain_score_ge_threshold,6,은행권,부실,
2026-09-08,'민생지원금' 현금깡한 편의점 알바생…점주에게 딱 걸렸다?,"더신사 법무법인의 장휘일 변호사는 ""카드로 결제 후 현금을 챙긴 행위는 카드깡으로 볼 수 있어 업무상 횡령이나 여신전문금융업법 위반이 문제 될 수 있다""고 설명했다. 다만 ""금액 규모가 작고 횟수가 많지 않다면 통상...",https://lawtalknews.co.kr/article/99HASQMFS3IL,1,0.75,rule_keep_score_ge_6_with_hard_match,0.573993,0,pseudo_keep_model_drop,keep,candidate_hybrid_model_keep_prob_ge_threshold_with_domain_anchor,6,여신전문금융업,,
2026-09-19,[금융계 동향] NH농협은행·새마을금고·KB국민은행,민주신문=이한호 기자｜NH농협은행은 지난 17일 서울 중구 본사에서 씨티그룹 및 한국씨티은행 주요 경영진과 만나 금융시장 현안과 협력 확대 방안을 논의했다고 18일 밝혔다. 양측은 주요국 기준금리 인상과 지정학적...,http://www.iminju.net/news/articleView.html?idxno=169763,1,0.75,rule_keep_score_ge_6_with_hard_match,0.577163,0,pseudo_keep_model_drop,keep,candidate_hybrid_gray_keep_domain_score_ge_threshold,7,새마을금고;기준금리,,
2026-09-09,"""신용점수 낮아도 끝 아니다""…결제·매출까지 보는 대출심사",네이버파이낸셜이 비금융 데이터를 활용해 신용도를 평가하면 케이뱅크와 웰컴저축은행이 그 결과를 대출... 금융이력이 부족한 차주의 접근성을 높이는 동시에 연체 위험과 금융회사 건전성을 관리할 수 있는 기반이...,http://www.dailypop.kr/news/articleView.html?idxno=102250,1,0.75,rule_keep_score_ge_6_with_hard_match,0.578949,0,pseudo_keep_model_drop,keep,candidate_hybrid_gray_keep_domain_score_ge_threshold,7,저축은행,대출;연체,
2026-09-10,"""로빈후드 체인, 새 수익원 부상""…번스타인, 목표가 160달러 유지","글로벌 투자은행 번스타인이 미국 가상자산·주식 투자 플랫폼 로빈후드에 대한 목표주가를 160달러로... 로빈후드 체인의 총예치 자산(TVL)은 15억 달러, 탈중앙화거래소(DEX)의 누적 거래량은 500억 달러를 넘어섰다....",https://www.news1.kr/finance/blockchain-fintech/6284678,1,0.75,rule_keep_score_ge_6_with_hard_match,0.578971,0,pseudo_keep_model_drop,keep,candidate_hybrid_gray_keep_domain_score_ge_threshold,6,가상자산,주식;달러,
2026-09-18,"새마을금고중앙회, 제주 소상공인에 150억 규모 맞춤형 '희망전환 특별...","김인 새마을금고중앙회 회장은 취임 이후 '비전 2030'을 선포하고 건전성 강화, 협동조합성 회복, 지역사회 문제 해결을 3대 핵심 목표로 제시하며 금융협동조합 본연의 포용금융 생태계 조성에 전력을 기울여 왔다. 특히...",https://www.updownnews.co.kr/news/articleView.html?idxno=318828,1,0.75,rule_keep_score_ge_6_with_hard_match,0.579876,0,pseudo_keep_model_drop,keep,candidate_hybrid_model_keep_prob_ge_threshold_with_domain_anchor,6,새마을금고,건전성,
2026-09-18,"돈도 일찍 빌린 사람이 낫다...신규 신용대출 금리, 5.97%까지 올라","17일 한국은행에 따르면 지난 7월 예금은행의 신규취급액 기준 일반신용대출 금리는 연 5.97%로 잔액 기준 금리 연 5.58%보다 0.39%포인트 높았다. 신규취급액 금리는 해당 월 새로 실행된 대출에 적용된 금리이고, 잔액...",https://www.mk.co.kr/article/12155178,1,0.75,rule_keep_score_ge_6_with_hard_match,0.580725,0,pseudo_keep_model_drop,keep,candidate_hybrid_gray_keep_domain_score_ge_threshold,6,한국은행,금리,
2026-09-06,"하나은행, '소상공인 경쟁력 강화 지원 사업' 3차 모집 실시 外","부모님이 실제 보이스피싱 피해를 입은 뒤 '뭐라도 알아야겠다'는 마음으로 교육을 신청한 수강생이 있는가 하면, 자신의 피해 경험을 나눈 한 수강생은 ""피해 예방에 자신감을 갖게 됐다""고 밝혔다. 교육기관의...",https://www.rcast.co.kr/news/articleView.html?idxno=31563,1,0.75,rule_keep_score_ge_6_with_hard_match,0.581842,0,pseudo_keep_model_drop,keep,candidate_hybrid_gray_keep_domain_score_ge_threshold,6,보이스피싱,,
2026-09-18,"“금융 부담 완화”…새마을금고, 제주 소상공인·기업에 150억원 보증","한편 새마을금고는 지역 밀착형 금융기관으로의 역할도 강화하고 있다. 지역사회공헌 사업에만 지난해 2578억원을 투입, 올해는 상반기에만 1953억원을 지원했다. 건전성 개선에 주력하면서 지역사회가 직면한 문제...",https://www.mk.co.kr/article/12155527,1,0.75,rule_keep_score_ge_6_with_hard_match,0.585893,0,pseudo_keep_model_drop,keep,candidate_hybrid_gray_keep_domain_score_ge_threshold,7,새마을금고,건전성;금융,
2026-09-09,레버리지만 있다?…비트코인 '꿈틀'에 크립토 ETF도 '각광',"한국거래소에서 열린 간담회에서 ""최근 글로벌 ETF 시장은 상상 가능한 투자 아이디어라면 뭐든지 ETF로 출시하고 있다""며 ""주식, 채권, 원자재 등을 중심으로 했던 전통적인 ETF 이외에 가상자산(크립토)과 파생상품을...",http://www.newstomato.com/ReadNews.aspx?no=1312924&inflow=N,1,0.75,rule_keep_score_ge_6_with_hard_match,0.586015,0,pseudo_keep_model_drop,keep,candidate_hybrid_gray_keep_domain_score_ge_threshold,7,가상자산,주식;채권,
2026-09-09,"[금융계 8월 동향] IBK기업은행, 글로벌 경쟁력 강화···포용금융 확대",특히 기업은행은 대출 실행 후 누적 연체일수 60일 이내 등 일정 요건을 충족한 성실 상환자를 위해 최대 연 1.5%p의 보증료율을 감면해 준다. 중ㆍ저신용 중소기업을 대상으로는 총 1조원 규모의 고정금리 특화 상품을...,http://www.wsobi.com/news/articleView.html?idxno=317786,1,0.75,rule_keep_score_ge_6_with_hard_match,0.590202,0,pseudo_keep_model_drop,keep,candidate_hybrid_model_keep_prob_ge_threshold_with_domain_anchor,6,기업은행,대출,
2026-09-14,"""AI 거품 터지면 미국증시·나스닥 폭락?""…삼성전자·SK하이닉스까지 ...",영란은행은 AI의 생산성과 수익성에 대한 기대가 크게 낮아져 미국 증시가 6개 분기에 걸쳐 45% 하락하고 회사채 신용스프레드가 3.5%포인트 확대되는 가상 시나리오도 시험했다. 이는 실제 전망이 아닌 스트레스...,https://www.topstarnews.net/news/articleView.html?idxno=16191710,1,0.75,rule_keep_score_ge_6_with_hard_match,0.590669,0,pseudo_keep_model_drop,keep,candidate_hybrid_keep_overseas_global_reference,7,회사채;스프레드,,
2026-09-03,"2조2000억원 소상공인 성장평가, 은행권 도입","은행은 기존 신용도와 상환능력, 내부 여신정책을 함께 본다. SCB 성장등급이 높더라도 연체 이력, 과도한 부채, 상환능력 부족이 확인되면 대출이 제한되거나 우대 대상에서 제외될 수 있다. 은행권 SCB 운영...",https://www.tokenpost.kr/news/policy/401978,1,0.75,rule_keep_score_ge_6_with_hard_match,0.591983,0,pseudo_keep_model_drop,keep,candidate_hybrid_gray_keep_domain_score_ge_threshold,6,은행권,연체,
2026-09-16,'11개월 기다림' 끝낸 롯데카드…정상호 대표 반전 카드 꺼낼까,여신금융협회에 따르면 지난 7월 말 법인과 개인을 합친 롯데카드의 국내 이용금액은 62조5671억원으로 전년 대비 0.22% 감소했다. 같은 기간 전업카드사 8곳의 국내 승인금액 합산액은 6.08% 증가했다. 연간 기준 국내...,https://news.tf.co.kr/read/economy/2365966.htm,1,0.75,rule_keep_score_ge_6_with_hard_match,0.593848,0,pseudo_keep_model_drop,keep,candidate_hybrid_model_keep_prob_ge_threshold_with_domain_anchor,6,여신금융협회,,
2026-09-11,"롯데카드, 서울시와 반포한강공원서 상생 마켓 연다",최근 여신전문금융업권은 지방자치단체 및 사회적 기업과 연계한 참여형 ESG 캠페인을 확대하는 경향이 두드러진다. 지역 기반 기업의 판로 개척을 지원하고 시민의 가치소비를 유도하는 것은 사회적 가치 창출과 브랜드...,https://www.cnbnews.com/news/articleView.html?idxno=1015232,1,0.75,rule_keep_score_ge_6_with_hard_match,0.594713,0,pseudo_keep_model_drop,keep,candidate_hybrid_gray_keep_domain_score_ge_threshold,6,여신전문금융업,,
2026-09-04,"""행복-안전한 전북 만들기 최선 다할것""","이와 함께 ""보이스피싱은 전국 어디서든 큰 문제가 되고 있다. 경제적 피해뿐만 아니라 심대한 마음의 상처와 가족 해체를 불러오는 중대한 범죄로 보고 근절과 예방에 힘쓰겠다""며 ""전북은 사통팔달의 중심지여서 고령...",http://www.jjn.co.kr/news/articleView.html?idxno=1051154,1,0.75,rule_keep_score_ge_6_with_hard_match,0.595267,0,pseudo_keep_model_drop,keep,candidate_hybrid_gray_keep_domain_score_ge_threshold,6,보이스피싱,,
2026-09-18,"[부자들의 투자노트] 에버코어ISI ""채권 비중 늘려야""",연준의 금리인상 충격을 딛고 일제히 올랐습니다. FOMC 직후 올랐던 미국 국채금리도 진정된 모습인데요.... 그렇다면 이것이 채권시장에는 어떤 의미일까요? 이러한 환경에서는 채권금리가 점진적으로 상승하게 될...,https://biz.sbs.co.kr/article_hub/20000335425?division=NAVER,1,0.75,rule_keep_score_ge_6_with_hard_match,0.598544,0,pseudo_keep_model_drop,keep,candidate_hybrid_keep_overseas_global_reference,6,국채금리,채권,
2026-09-13,"[9월 둘째 주 세계경제동향 브리핑] 코스피 6,900선 회복…美 증시는 동...","기호일보, KIHOILBO 2026년 9월 둘째 주 글로벌 금융시장은 국내 증시가 반등한 반면 미국 증시는 약세를 보이는 엇갈린 흐름을 나타냈다. 원·달러 환율과 달러지수는 하락했지만, 미국 국채금리와 국제유가가...",https://www.kihoilbo.co.kr/news/articleView.html?idxno=3034435,1,0.75,rule_keep_score_ge_6_with_hard_match,0.599118,0,pseudo_keep_model_drop,keep,candidate_hybrid_gray_keep_domain_score_ge_threshold,7,국채금리,코스피;달러,
2026-09-12,"[더벨][부산 저축은행 지형도] 건설·제조업 한파 견딘 지역금융, 역성...","부산·울산·경남 저축은행의 성장사는 지역경제의 부침과 맞닿아 있다. 지역 중소기업을 기반으로... 단순 평균 고정이하여신비율은 14.62%에서 10.12%, 연체율은 10.22%에서 6.69%로 각각 낮아졌다. 건전성 부담이...",https://www.thebell.co.kr/free/content/ArticleView.asp?key=202609082222351040107952,1,0.75,rule_keep_score_ge_6_with_hard_match,0.601010,0,pseudo_keep_model_drop,keep,candidate_hybrid_gray_keep_domain_score_ge_threshold,6,저축은행,건전성,
2026-09-19,"미 재무부, 호르무즈 해협 안전 통행 결제 관여 이란 비트뱅크 제재",미국 재무부는 17일 이란 가상자산 거래소 비트뱅크(BitBank)를 제재 명단에 올렸다고 밝혔다. 재무부는 비트뱅크가 호르무즈 해협을 통과하는 선박의 안전 통행 관련 결제를 이란 정권으로 옮기는 데 사용됐다고...,https://www.tokenpost.kr/news/breaking/409985,1,0.75,rule_keep_score_ge_6_with_hard_match,0.601301,0,pseudo_keep_model_drop,keep,candidate_hybrid_gray_keep_domain_score_ge_threshold,7,제재;가상자산,,
2026-09-10,마스턴캐피탈 인수한 카카오뱅크…'40조원' 자동차 금융 삼킨다,실제 여신금융협회에 따르면 자동차 할부금융 취급잔액은 2014년 16조1534억원에서 지난해 40조7208억원까지 늘어났다. 카카오뱅크로서는 급성장하는 40조원 규모의 자동차 금융 시장을 선점함으로써 가계대출에 치우친 여신...,https://www.newsway.co.kr/news/view?ud=2026090913245028159,1,0.75,rule_keep_score_ge_6_with_hard_match,0.602975,0,pseudo_keep_model_drop,keep,candidate_hybrid_gray_keep_domain_score_ge_threshold,7,여신금융협회,금융,
2026-09-07,"정길호 OK저축은행 대표, 유가증권 매각에 순익 급증…하반기 목표 수익...","신용공여가 1조5423억원으로 전년 동기(1조6879억원) 대비 8.63% 줄었으나, 연체율은 14.96%로 같은 기간(9.97%) 대비 4.99%p 올랐다. OK저축은행 관계자는 ""건전성 제고를 위해 악성 채권을 계속 처분하고 있다""며...",https://www.fntimes.com/html/view.php?ud=2026090415265891987c96e79780_18,1,0.75,rule_keep_score_ge_6_with_hard_match,0.603758,0,pseudo_keep_model_drop,keep,candidate_hybrid_model_keep_prob_ge_threshold_with_domain_anchor,6,저축은행,건전성,
2026-09-18,[은행가] NH농협은행 'NH임베디드플랫폼' 확대 外,이번에는 일터와 생활 현장에서 보이스피싱을 의심하고 대응해 피해 예방이나 범인 검거를 도운 간호사·통신사 대리점장 등 10명을 선정했다. 병원 간호사는 입원한 60대 여성 환자의 통화가 1시간가량 이어지는...,https://www.slist.kr/news/articleView.html?idxno=766870,1,0.75,rule_keep_score_ge_6_with_hard_match,0.611688,0,pseudo_keep_model_drop,keep,candidate_hybrid_gray_keep_domain_score_ge_threshold,6,보이스피싱,,
2026-09-18,"피터 시프 ""채권 약세장 장기화…금리 상승은 비트코인에도 악재""","미국 국채 금리가 더 오를 가능성이 크고, 달러 구매력 약화와 인플레이션 압력이 금과 실물자산 선호를 키우고 있다고 말했다. 시프 경제평론가는 미국 채권시장이 이미 무너졌다고 평가했다. 그는 ""채권 강세장은...",https://www.tokenpost.kr/news/cryptocurrency/409249,1,0.75,rule_keep_score_ge_6_with_hard_match,0.612558,0,pseudo_keep_model_drop,keep,candidate_hybrid_keep_overseas_global_reference,7,국채,금리;채권;달러,
2026-09-21,보금자리론도 ‘빨간불’…저소득층 연체율 첫 1% 돌파,"9%)보다 낮았음에도 연체율은 훨씬 높았다는 점이다. 담보가치보다 소득과 상환 능력이 연체 여부를 결정하는 핵심 요인으로 작용하고 있다는 분석이 나온다. 금융권에서는 고금리와 경기 둔화, 생활비 부담 확대가...",http://www.joseilbo.com/news/news_read.php?uid=576069&class=18&grp=,1,0.75,rule_keep_score_ge_6_with_hard_match,0.612595,0,pseudo_keep_model_drop,keep,candidate_hybrid_gray_keep_domain_score_ge_threshold,6,연체율,연체,
2026-09-05,"코스피,美증시 훈풍에 6,600대...삼성전자·하이닉스 강세","글로벌 채권시장의 벤치마크인 미 10년만기 국채금리는 전장 대비 1.1bp(1bp=0.01%포인트) 내린 4.769%에 거래됐다. 이 가운데 엔비디아(1.80%), 마이크론(0.22%) 등이 오르면서 필라델피아반도체지수(0.11%)도 상승했다....",http://www.seouleconews.com/news/articleView.html?idxno=93532,1,0.75,rule_keep_score_ge_6_with_hard_match,0.612808,0,pseudo_keep_model_drop,keep,candidate_hybrid_keep_overseas_global_reference,6,국채금리,코스피,
2026-09-07,"'목표전환형' 펀드도 선취수수료 70%… 금감원 ""충분히 설명하라""",최근 가계대출 총량 관리 등을 위해 은행에서 대출 취급을 중단하거나 한도를 축소하며 금융소비자의 예측 가능성이 저하되고 있다는 지적에 따른 것이다. 다만 상품 중단 관련 안내를 하는 경우 가수요 촉발이나 쏠림...,https://www.hankookilbo.com/news/article/A2026090613010003391?did=NA,1,0.75,rule_keep_score_ge_6_with_hard_match,0.613798,0,pseudo_keep_model_drop,keep,candidate_hybrid_gray_keep_domain_score_ge_threshold,7,금감원,대출,
2026-09-19,"美재무부, ‘호르무즈 통항료 징수 도운’ 이란 코인 거래소 제재",미 재무부 해외자산통제국(OFAC)이 호르무즈 해협 통항료 징수 체계와 연계돼 있는 이란 비트코인 거래소... 이용한 가상자산 서비스업체 비트뱅크도 제재한다고 밝혔다. 비트뱅크는 이란 정권 내부 인사인 바박...,https://www.edaily.co.kr/News/Read?newsId=04434566645581432&mediaCodeNo=257&utm_source=naver&utm_medium=referral&utm_campaign=news_syndication&utm_content=original_article,1,0.75,rule_keep_score_ge_6_with_hard_match,0.613966,0,pseudo_keep_model_drop,keep,candidate_hybrid_model_keep_prob_ge_threshold_with_domain_anchor,7,제재;가상자산,,
2026-09-11,“대출 막는데 집값은 왜 오르나”...한은이 주목한 ‘이것’ [이슈+],대출 문턱을 높이고 금융권이 대출 총량까지 조이는 상황에서도 주택 거래가 이어지면서 집값과 가계대출이 함께 늘어나는 흐름이 나타나고 있어서다. 한국은행은 주택시장으로 자금이 다시 유입되는 상황에서...,https://www.ekn.kr/web/view.php?key=20260910025553252,1,0.75,rule_keep_score_ge_6_with_hard_match,0.614282,0,pseudo_keep_model_drop,keep,candidate_hybrid_gray_keep_domain_score_ge_threshold,6,한국은행,대출,
2026-09-17,"심평원·금감원, 보험사기·부당청구 근절 공동 대응 강화","실손보험과 자동차보험을 포함한 공·민영보험의 재정 누수를 줄이기 위한 공조도 강화한다.... 홍승권 심평원장은 ""보험사기와 부당청구는 국민의 보험료 부담과 직결될 수 있는 만큼 양 기관 간의 정보 공유와 긴밀한...",https://www.rapportian.com/news/articleView.html?idxno=240419,1,0.75,rule_keep_score_ge_6_with_hard_match,0.617797,0,pseudo_keep_model_drop,keep,candidate_hybrid_gray_keep_domain_score_ge_threshold,7,금감원,보험료,
2026-09-04,[머니테크]달러 약세 지속될까…금ㆍ비트코인 재조명,시장에서는 미국 국채 금리가 쉽게 꺾이지 않을 것으로 보고 있다. 재정적자가 오랜 기간 누적된 문제고... 미국 연방준비제도가 금리를 인상한 가능성이 있다는 점도 채권 시장에는 부담으로 작용한다. haeseok@,https://www.dnews.co.kr/uhtml/view.jsp?idxno=202609031040078610548,1,0.75,rule_keep_score_ge_6_with_hard_match,0.618228,0,pseudo_keep_model_drop,keep,candidate_hybrid_keep_overseas_global_reference,6,국채,채권;달러,
2026-09-10,"""지역자금 선순환 도모""... 새마을금고, 사회연대경제에 1.1조 푼다","신년사 4대 원칙, 하나씩 현실로 이런 행보는 김인 새마을금고중앙회장이 올해 초 제시한 방향과 궤를 같이한다. 김 회장은 지난 1월 신년사에서 건전성 중심의 리스크관리 강화, 안정적이고 다변화된 수익 구조 구축...",https://www.pressman.kr/news/articleView.html?idxno=103585,1,0.75,rule_keep_score_ge_6_with_hard_match,0.619308,0,pseudo_keep_model_drop,keep,candidate_hybrid_model_keep_prob_ge_threshold_with_domain_anchor,6,새마을금고,건전성,
2026-09-17,"남부발전, 3억 달러 규모 기후전환채권 발행 성공",채권시장에 복귀했다고 16일 밝혔다. 이번 채권은 3년 만기 고정금리 조건으로 남부발전이 최초로 발행한... 가산금리를 미국 국채 대비 50bp 수준으로 결정했다. 2026년 발행된 국내 5개 화력발전사 3년 만기 미달러화 채권...,https://www.viva100.com/article/20260916501114,1,0.75,rule_keep_score_ge_6_with_hard_match,0.619664,0,pseudo_keep_model_drop,keep,candidate_hybrid_keep_overseas_global_reference,6,국채,채권;달러,
2026-09-05,[마감시황] 외인·기관 돌아오자 코스피 1.64%↑...코스닥도 800선 회복,"4일 한국거래소에 따르면 코스피는 전 거래일보다 107.73포인트(1.64%) 오른 6687.21에 거래를 마쳤다.... 비트코인이 8만달러를 돌파하면서 갤럭시아머니트리(10.87%), 우리기술투자(8.93%), 다날(6.01%) 등 가상자산...",https://www.polinews.co.kr/news/articleView.html?idxno=742218,1,0.75,rule_keep_score_ge_6_with_hard_match,0.619912,0,pseudo_keep_model_drop,keep,candidate_hybrid_gray_keep_domain_score_ge_threshold,6,가상자산,코스피,
2026-09-10,"기업銀, 금융사고 보고 14일 뒤 19억 또 대출…내부통제 구멍",일주일 뒤인 10월 2일 금감원이 관련 내용을 확인해달라고 요청한 뒤에야 사고를 파악했다. 사후 점검도 제대로 작동하지 않았다. 기업은행 검사부는 164억8900만원 규모의 관련 대출을 대상으로 여신심사와 담보평가...,https://www.newsworks.co.kr/news/articleView.html?idxno=853098,1,0.75,rule_keep_score_ge_6_with_hard_match,0.620196,0,pseudo_keep_model_drop,keep,candidate_hybrid_gray_keep_domain_score_ge_threshold,6,기업은행,대출,
2026-09-01,"이재명 대통령 ""부동산 투기 부추기는 불공정·불합리한 조세제도 반드...",대출 연체와 경매 폭증 등으로 주택가격이 폭락할 경우에 대비해 공공주택 보유용으로 일정기준 이하의 주택을 대량 매입하는 시스템을 준비하도록 지시했다”고도 했다. 이 대통령은 내년 1분기 한국은행 금리가 3.5%로...,https://www.taxtimes.co.kr/news/article.html?no=276604,1,0.75,rule_keep_score_ge_6_with_hard_match,0.623005,0,pseudo_keep_model_drop,keep,candidate_hybrid_gray_keep_domain_score_ge_threshold,6,한국은행,대출,
2026-09-19,"동반위, 서울 골목상권에 카드결제 연계 50억원 상품권 푼다","김은조 여신금융협회 전무이사, 박경환 서울시 민생노동국장, 변태섭 동반성장위원회 상생협력재단 사무총장이 지난 17일 동반성장위원회에서 '신용카드 동반성장상품권' 사업 추진을 위한 상생협약을 체결한 뒤...",https://www.pinpointnews.co.kr/news/articleView.html?idxno=488314,1,0.75,rule_keep_score_ge_6_with_hard_match,0.623268,0,pseudo_keep_model_drop,keep,candidate_hybrid_gray_keep_domain_score_ge_threshold,6,여신금융협회,,
2026-09-01,4000억 원화채 찍는 ‘베트남의 삼성’ 빈그룹 …韓 채권시장 인바운드...,달라진 금리 환경에 글로벌 채권시장을 찾던 국내 대기업의 셈법도 복잡해지고 있다. 달러 조달을 모색하던 두산에너빌리티는 주관사단까지 구성했지만 발행을 철회했다. 달러 채권은 통상 동일 만기 미국 국채금리를...,https://www.sedaily.com/article/20085381?ref=naver,1,0.75,rule_keep_score_ge_6_with_hard_match,0.624623,0,pseudo_keep_model_drop,keep,candidate_hybrid_keep_overseas_global_reference,6,국채금리,금리;달러,
2026-09-05,"[허프 생각] 쿠팡 10만 원 vs 티빙 2만 원, '개인정보 값' 얼마인가 : 개...",'실제 피해와 연결됐다는 증거는 찾을 수 없다.' 기업들의 이 논리는 법정에서 그대로 작동하기도 한다.... 누구도 이제 보이스피싱을 두고 웃어넘기지 못한다. 20년 전 우리가 웃을 수 있었던 이유는 그들이 ‘나’를 몰랐기...,https://www.huffingtonpost.kr/article/260168,1,0.75,rule_keep_score_ge_6_with_hard_match,0.625431,0,pseudo_keep_model_drop,keep,candidate_hybrid_gray_keep_domain_score_ge_threshold,6,보이스피싱,,
2026-09-05,"[기획] SBI저축은행, 수익 줄었지만 자본 완충력 상승","타 저축은행과는 규모의 차이가 있다. 경기 악화의 영향으로 건전성 지표도 악화됐다. 상반기 연체율은 4.52%로 지난해 동기(4.06%)보다 0.46%p 상승했다. 고정이하여신비율도 5.90%에서 6.36%로 올랐다. 다만, 자본적정성...",https://www.kfenews.co.kr/news/articleView.html?idxno=663891,1,0.75,rule_keep_score_ge_6_with_hard_match,0.625845,0,pseudo_keep_model_drop,keep,candidate_hybrid_model_keep_prob_ge_threshold_with_domain_anchor,6,저축은행,건전성,
2026-09-12,보험사 임원 ‘깜깜이’ 성과평가 손보나…해외는 산정근거 공개,성과평가와 보상 공시의 투명성 문제는 보험업권에만 국한된 사안은 아닌 만큼 향후 은행·증권 등 다른... 게 금감원의 판단이다. 실제 검사에서도 이런 사례가 적발됐다. 일부 보험사는 CSM 등을 경영진 평가에 반영하면서...,https://www.naeil.com/news/read/601902?ref=naver,1,0.75,rule_keep_score_ge_6_with_hard_match,0.626863,0,pseudo_keep_model_drop,keep,candidate_hybrid_gray_keep_domain_score_ge_threshold,6,은행;보험사,,
2026-09-08,"농협전남본부, 농․축협 대상 '여신 틈새교육' 실시",특히 상호금융 건전성 관리 역량 강화에 실질적인 도움이 될 것으로 기대된다. 이날 교육에선 ▲기업여신(공동대출) ▲재무제표의 이해 ▲자주묻는 감정평가 질의사례 등 실무 중심의 강의가 진행되어 참석자들의...,https://www.aflnews.co.kr/news/articleView.html?idxno=327623,1,0.75,rule_keep_score_ge_6_with_hard_match,0.626945,0,pseudo_keep_model_drop,keep,candidate_hybrid_gray_keep_domain_score_ge_threshold,6,상호금융,건전성,
2026-09-02,"나채범 한화손보 대표, 청주 콜센터 현장 점검","보이스피싱 피해상담 지원과 인공지능(AI) 기반 서비스 도입 등도 추진하고 있다. 한화손보가 직영으로 운영하는 콜센터의 고객만족도는 2024년 9.8점, 2025년 9.83점, 올해 7월 9.84점을 기록했다. 한화손보는 소비자보호...",https://www.lcnews.co.kr/news/articleView.html?idxno=207478,1,0.75,rule_keep_score_ge_6_with_hard_match,0.627243,0,pseudo_keep_model_drop,keep,candidate_hybrid_model_keep_prob_ge_threshold_with_domain_anchor,6,보이스피싱,,
2026-09-19,"LGU+, 추석 앞두고 중소 협력사 납품대금 조기 지급·연휴 특별 소통 대...",명절 기간 증가할 수 있는 보이스피싱ㆍ스미싱 피해를 예방하고 디지털 기술을 안전하게 활용할 수 있도록 지원하기 위해서다. 해당 프로그램은 전국 22개 노인복지관과 가족센터를 통해 운영된다. LG유플러스는...,http://www.wsobi.com/news/articleView.html?idxno=318452,1,0.75,rule_keep_score_ge_6_with_hard_match,0.627266,0,pseudo_keep_model_drop,keep,candidate_hybrid_model_keep_prob_ge_threshold_with_domain_anchor,6,보이스피싱,,
2026-09-17,"투데이즈카, 신차 장기렌트 및 리스 대면 상담 서비스 강화","투데이즈카는 상담 담당자 전원이 여신금융협회 관련 자격을 갖추고 있으며, 단순히 월 납입금을 제시하는 데 그치지 않고 해당 견적이 어떤 조건을 기준으로 산정됐는지 고객이 이해할 수 있도록 안내하는 데 중점을 두고...",https://www.megaeconomy.co.kr/news/newsview.php?ncode=1065595274891396,1,0.75,rule_keep_score_ge_6_with_hard_match,0.628089,0,pseudo_keep_model_drop,keep,candidate_hybrid_gray_keep_domain_score_ge_threshold,6,여신금융협회,,
2026-09-08,"LH 직원 주택임차 대출, 정부 지침보다 2배 많아···“5년 단위 전국 ...","이율 하한선도 한국은행 공표 은행가계자금 대출금리로 정하고 있는데 이에 어긋난다. LH 주택 임차 자금의 기본 한도는 수도권·광역시와 LH 본사가 있는 경남 진주시 등은 9000만원, 그 외 다른 지역은...",https://www.khan.co.kr/article/202609071513001,1,0.75,rule_keep_score_ge_6_with_hard_match,0.628469,0,pseudo_keep_model_drop,keep,candidate_hybrid_gray_keep_domain_score_ge_threshold,6,한국은행,대출,
2026-09-05,[채권-마감] 금리 낙폭 축소…外人 매도·美 고용보고서 경계,"미 국채 금리 하락 영향에 강세로 출발했으나, 외국인이 국채선물을 매도하고 미국 고용보고서 발표를 앞두고 신중한 기류가 강해지면서 강세 폭이 축소했다. 4일 채권시장에 따르면 국고채 3년물 최종호가...",https://news.einfomax.co.kr/news/articleView.html?idxno=4433539,1,0.75,rule_keep_score_ge_6_with_hard_match,0.630035,0,pseudo_keep_model_drop,keep,candidate_hybrid_gray_keep_domain_score_ge_threshold,6,국채,금리;채권,
2026-09-21,글로벌 인플레 없었다면 韓 10년물 금리 최대 1.5%p 낮았다,"장기금리 자체의 영향은 22.7%였고 미국 경기와 연준 통화정책이 각각 18.3%, 18.0%를 차지했다. 미국 국채금... 장기금리는 향후 단기금리에 대한 시장 기대와 장기간 채권을 보유하는 대가인 기간프리미엄으로 나뉜다....",http://www.metroseoul.co.kr/article/20260920500112,1,0.75,rule_keep_score_ge_6_with_hard_match,0.632101,0,pseudo_keep_model_drop,keep,candidate_hybrid_keep_overseas_global_reference,6,연준,금리,
2026-09-19,"월가, 비트코인(BTC)은 사기라더니 결국 '백기'...글로벌 자금 독식","거대 거래소 FTX마저 유동성 위기로 붕괴하며 비트코인 가격은 1만 6,000달러 선 밑으로 급락했다. 수많은 중앙화 가상자산 기업들이 레버리지 붕괴로 무너졌으나 비트코인 네트워크 자체는 멈춤 없이...",http://coinreaders.com/259028,1,0.75,rule_keep_score_ge_6_with_hard_match,0.633519,0,pseudo_keep_model_drop,keep,candidate_hybrid_gray_keep_domain_score_ge_threshold,7,유동성;가상자산,,
2026-09-14,추석 명절 은행 이동점포 운영…소상공인 명절대출 공급,"먼저, 각 금융회사(은행·보험·저축은행·카드 등) 대출의 상환만기가 추석 연휴(9월 24일~9월 27일) 중 도래하는 경우 연체이자 없이 만기를 9월28일로 자동 연장한다. 보험료와 공과금, 통신료 등도 납부일이 28일로...",http://www.metroseoul.co.kr/article/20260913500155,1,0.75,rule_keep_score_ge_6_with_hard_match,0.634514,0,pseudo_keep_model_drop,keep,candidate_hybrid_gray_keep_domain_score_ge_threshold,7,은행;저축은행,,
2026-09-08,"한도 많이, 금리 낮게... 빚잔치인데 직원들 대출 퍼준 LH","LH가 적용하는 임차 자금 대출금리는 공사의 가중평균 차입이자율에 따른 3.28%로, 정부 기준인 한국은행 공표 은행가계자금 대출금리(3분기 기준 4.46%)보다 유리한 수준이다. 주택 구매자금을 받을 때 정부 지침은...",http://www.segyebiz.com/newsView/20260907510169?OutUrl=naver,1,0.75,rule_keep_score_ge_6_with_hard_match,0.635775,0,pseudo_keep_model_drop,keep,candidate_hybrid_gray_keep_domain_score_ge_threshold,7,한국은행,금리;대출,
2026-09-16,[이슈포커스] 취약점 방치부터 늑장 신고까지…티빙 사태로 본 기업 정...,정부는 휴대전화번호와 이메일 주소 등을 악용한 스미싱·보이스피싱 등 2차 피해와 다크웹 등을 통한 불법 유통 가능성을 경고했다. 다만 현재까지 구체적인 이용자 피해 사례나 다크웹 등을 통한 불법거래·유통...,https://www.thepublic.kr/news/articleView.html?idxno=318474,1,0.75,rule_keep_score_ge_6_with_hard_match,0.636268,0,pseudo_keep_model_drop,keep,candidate_hybrid_model_keep_prob_ge_threshold_with_domain_anchor,6,보이스피싱,,
2026-09-21,"은행에 ‘급여’ 등록해야 우대금리⋯금감원, 소비자 유의사항 안내",다른 은행을 급여계좌로 쓰는 경우에도 일정 금액 이상을 대출은행 계좌로 이체하면 급여성 자금으로... 연체가 이어지면 기한이익 상실로 대출잔액 전부를 갚아야 할 수 있다. 일반 가계대출은 이자를 1개월간 내지...,https://www.etoday.co.kr/news/view/2627674,1,0.75,rule_keep_score_ge_6_with_hard_match,0.639052,0,pseudo_keep_model_drop,keep,candidate_hybrid_model_keep_prob_ge_threshold_with_domain_anchor,6,금감원,,
2026-09-07,"금감원, 펀드 설명 의무 강화…대출 중단 시 사전 안내",최근 가계대출 총량 관리로 은행에서 사전 안내 없이 대출 취급을 중단하거나 한도를 축소하는 사례가 늘어난 데 따른 조치입니다. 다만 가수요 촉발이나 쏠림현상 등 부작용을 고려해 안내 필요성이 높은 상품부터 우선...,http://mbnmoney.mbn.co.kr/news/view?news_no=MM1005916260,1,0.75,rule_keep_score_ge_6_with_hard_match,0.639155,0,pseudo_keep_model_drop,keep,candidate_hybrid_gray_keep_domain_score_ge_threshold,7,금감원,대출,
2026-09-10,치매시 재산 지키고 생활비·요양비 주는 ‘연금공단 공공신탁’…가입...,치매 진단 후 판단력이 흐려진 노인들이 보이스피싱에 속거나 주변 지인에게 자산을 빼앗기는 안타까운 사례가 빈번하게 발생하고 있다. 이번 공공신탁 사업은 이러한 재산 피해를 원천적으로 차단하는 역할을 한다....,https://www.segye.com/newsView/20260909515059?OutUrl=naver,1,0.75,rule_keep_score_ge_6_with_hard_match,0.639303,0,pseudo_keep_model_drop,keep,candidate_hybrid_gray_keep_domain_score_ge_threshold,6,보이스피싱,,
2026-09-06,"2억 2770만 달러 터졌다… 코인베이스, 이더리움 L2 '베이스'에 테슬라·...",가상자산 거래소 코인베이스가 자체 개발한 이더리움 레이어2(L2) 네트워크 '베이스(Base)'의 가파른 성장세를 발판 삼아 토큰화 주식 라인업을 대폭 확장했다. 출시 첫 달 만에 탈중앙화 거래소(DEX) 누적 거래량 2억 2770만...,https://www.pinpointnews.co.kr/news/articleView.html?idxno=484167,1,0.75,rule_keep_score_ge_6_with_hard_match,0.641699,0,pseudo_keep_model_drop,keep,candidate_hybrid_model_keep_prob_ge_threshold_with_domain_anchor,6,가상자산,주식;달러,
2026-09-12,"NH농협은행, 파크골프대회서 고령층 '피싱 무표 보상보험' 홍보",대회 현장에 전용부스와 이동점포를 설치한 NH농협은행 전북본부는 대회 참가자와 방문객을 대상으로 보이스피싱 피해예방 안내와 보상보험 현장 가입을 도왔다. 보이스피싱 보상보험은 NH농협은행이 지난 3월 24일부터...,http://www.jeonmin.co.kr/news/articleView.html?idxno=446834,1,0.75,rule_keep_score_ge_6_with_hard_match,0.647656,0,pseudo_keep_model_drop,keep,candidate_hybrid_model_keep_prob_ge_threshold_with_domain_anchor,6,보이스피싱,,
2026-09-09,"인수파출소와 업무협약 바탕...강북구도시관리공단, 인수파출소와 함께...","문화경제 | CNB저널 | 씨앤비저널 서울 강북구(구청장 정창수)는 서울특별시강북구도시관리공단(이사장 김윤기, 이하 공단)이 강북문화예술회관 이용 어르신과 지역 주민의 보이스피싱 피해를 예방하기 위해...",https://www.cnbizm.com/news/articleView.html?idxno=314340,1,0.75,rule_keep_score_ge_6_with_hard_match,0.648665,0,pseudo_keep_model_drop,keep,candidate_hybrid_model_keep_prob_ge_threshold_with_domain_anchor,6,보이스피싱,,
2026-09-03,"금융위원장 이억원 '소상공인 특화 신용평가' 시범운영 점검, ""성장성 평...","금융위는 2027년 하반기까지 시범운영을 진행한다. 그 결과를 바탕으로 모든 은행권이 SCB를 활용할 수 있도록 제도를 개선·보완한다는 계획을 세웠다. 이 위원장은 ""충분한 능력을 가진 분들이 경쟁의 기회를 갖지...",https://www.businesspost.co.kr/BP?command=article_view&num=446207,1,0.75,rule_keep_score_ge_6_with_hard_match,0.648735,0,pseudo_keep_model_drop,keep,candidate_hybrid_gray_keep_domain_score_ge_threshold,6,금융위,,
2026-09-08,"NH농협은행, 고령층 대상 '보이스피싱 보상보험' 가입지원 행사 실시",(사진=NH농협은행)  NH농협은행이 고령층의 보이스피싱 피해 예방과 금융사기 피해보상 기반 지원에 나섰다. NH농협은행은 7일 합천군파크골프장에서 열린 '제2회 농협중앙회장배 농업인파크골프대회' 예선전 현장에서...,https://www.delighti.co.kr/news/articleView.html?idxno=121432,1,0.75,rule_keep_score_ge_6_with_hard_match,0.649095,0,pseudo_keep_model_drop,keep,candidate_hybrid_gray_keep_domain_score_ge_threshold,6,보이스피싱,,
2026-09-04,고객 예금 4000만원 지켜낸 NH농협은행 직원의 촉,"NH농협은행 충북도청출장소(소장 권오은)에서 일하는 강민석 계장이 3일, 고령 고객의 보이스피싱 피해를 예방한 공로로 청주상당경찰서(서장 전귀성)로부터 감사장을 받았다. 강 계장은 지난 7월 28일 고액의 정기예금을...",http://www.inews24.com/view/2001800,1,0.75,rule_keep_score_ge_6_with_hard_match,0.649222,0,pseudo_keep_model_drop,keep,candidate_hybrid_gray_keep_domain_score_ge_threshold,6,보이스피싱,,
2026-09-08,비트코인 270만원어치 샀는데 거래소 폐쇄…12년 만에 '60억원' 잭팟,5일(현지시간) 코인 전문매체 코인데스크에 따르면 '크리스'라는 가명으로 알려진 영국 투자자는 2011년 12월 현지 가상자산 거래소 '브릿코인'에서 1500파운드(현재 환율 기준 한화 약 270만원) 상당의 비트코인을...,https://www.hankyung.com/article/2026090797927,1,0.75,rule_keep_score_ge_6_with_hard_match,0.649605,0,pseudo_keep_model_drop,keep,candidate_hybrid_model_keep_prob_ge_threshold_with_domain_anchor,7,환율;가상자산,,
2026-09-18,"우리금융, 생산적 금융 목표 116% 달성","우리은행은 상반기 424억원의 장기연체채권을 소각해 2387명의 재기를 지원했으며, 9월 말 1200억원을 추가로 소각할 예정이다. 우리카드도 약 1200억원을 소각해 그룹 전체로는 2800억원 규모의 채권을 정리할 계획이다....",https://www.kfenews.co.kr/news/articleView.html?idxno=664752,review,0.00,review_mid_score_ambiguous,0.123872,0,review_model_strong_drop,drop,candidate_hybrid_gray_drop_score_lt_threshold,5,생산적 금융,금융,
2026-09-04,"현역땐 상해보험-전역뒤 18개월은 실손, 국가가 지원한다",내년 7월부터 현역병과 상근예비역 등 의무복무 병사 전원을 대상으로 국가가 보험료를 부담하는 단체 상해보험이 도입된다. 전역 뒤에도 1년 6개월 동안 공공 실손보험을 지원해 군 복무와 질병·상해 간 인과관계를...,https://www.donga.com/news/Politics/article/all/20260903/134598787/1,review,0.00,review_conflicting_signals:strong_keep_insurance_risk:drop_score_le_2,0.125764,0,review_model_strong_drop,drop,candidate_hybrid_model_drop_prob_le_threshold,1,,실손,
2026-09-18,"신한은행, 모집인 주담대 특별한도 5000억 배정",다만 최근 8.13 대책으로 가계대출 총량 관리 한도가 완화됨에 따라 은행권은 자체 규제를 완화하고 있다. 기업은행도 지난 15일부터 변동형 주담대 대출 및 타행 대환을 재개한 데 이어 대출모집인을 통한 주담대와...,https://www.joongangenews.com/news/articleView.html?idxno=549013,review,0.00,review_no_conservative_rule_matched,0.140251,0,review_model_strong_drop,drop,candidate_hybrid_model_drop_prob_le_threshold,6,기업은행,대출,
2026-09-16,"의료기기산업협회, 우리은행·기술보증기금과 의료기기 기업 금융지원 ...","한국의료기기산업협회(회장 김영민)는 지난 14일 협회 대회의실에서 우리은행(은행장 정진완), 기술보증기금... 협약에 따라 세 기관은 △의료기기 기업 대상 금융지원 제도 홍보 및 지원 대상 기업 추천 △여신 취급 가능...",http://www.doctorstimes.com/news/articleView.html?idxno=240018,review,0.00,review_mid_score_ambiguous,0.140933,0,review_model_strong_drop,drop,candidate_hybrid_model_drop_prob_le_threshold,5,기술보증기금,,
2026-09-04,"신한은행, 대출모집인 접수 이틀 만에 중단…한 달 한도 조기 소진",컨슈머타임스=김하은 기자 | 신한은행이 대출모집인을 통한 가계대출 접수를 재개한 지 이틀 만에 다시 중단했다. 정부가 가계대출 총량 규제를 일부 완화했지만 대출 수요가 몰리면서 은행권 대출 문턱은 여전히 높은...,https://www.cstimes.com/news/articleView.html?idxno=719251,review,0.00,review_mid_score_ambiguous,0.141444,0,review_model_strong_drop,drop,candidate_hybrid_model_drop_prob_le_threshold,5,은행권,대출,
2026-09-12,"NH농협은행, 가계대출 금리 인하… 16일부터 주담대 최대 0.45%p 인하 적용",주담대 상단 0.45%p·신용대출 0.20%p 하향… 시중은행 금리 인하 경쟁 촉발 가능성 NH농협은행이 실수요자의 부담을 덜기 위해 가계대출 금리를 낮추기로 했다. 금융권에 따르면 NH농협은행은 16일부터 대면...,https://www.cbci.co.kr/news/articleView.html?idxno=606009,review,0.00,review_mid_score_ambiguous,0.142684,0,review_model_strong_drop,drop,candidate_hybrid_model_drop_prob_le_threshold,5,시중은행,금리,
2026-09-16,"기보-의료기기협회-우리은행, 의료기기 산업 금융지원 협약","중 여신 취급 및 보증지원이 가능한 기업에 대해 우리은행의 특별출연금과 보증료지원금을 활용한 협약보증을 제공할 예정이다. 특히, 협회가 추천하는 기업들은 '에이투에프(AtoF) 미래전략산업 육성을 위한 생산적 금융지...",https://www.gukjenews.com/news/articleView.html?idxno=3696370,review,0.00,review_mid_score_ambiguous,0.143880,0,review_model_strong_drop,drop,candidate_hybrid_model_drop_prob_le_threshold,4,생산적 금융,,
2026-09-18,"""지방·중소기업에 자금 물꼬""…우리금융, 생산적 금융 지원 대대적 확...","우리은행은 상반기 424억 원에 이어 9월 말 1,200억 원을 추가 소각하며 우리카드도 약 1,200억 원을 소각하는 등 그룹 차원에서 총 2,800억 원 규모의 장기연체채권을 정리할 예정이다. 아울러 우리카드는...",https://www.thefairnews.co.kr/news/articleView.html?idxno=88353,review,0.00,review_mid_score_ambiguous,0.146085,0,review_model_strong_drop,drop,candidate_hybrid_model_drop_prob_le_threshold,5,생산적 금융,금융,
2026-09-21,"“中企 협상력 높이고, 납품대금일 줄여달라”…중기중앙회, 국회에 32개...",김희중 중기중앙회 경제정책본부장은 “총량 지표와 달리 중소기업 은행 연체율이 증가하고 법인파산 신청이 역대 최고를 기록하는 등 양극화가 심화하고 있다”며 “제22대 후반기 국회에서 중소기업 입법과제를...,https://www.etnews.com/20260918000232,review,0.00,review_mid_score_ambiguous,0.148066,0,review_model_strong_drop,drop,candidate_hybrid_gray_drop_score_lt_threshold,3,은행,,
2026-09-01,금리 3%에 서울 준공 반토막…전월세 압박,한국은행 금융통화위원회는 지난 27일 기준금리를 연 2.75%에서 3.00%로 0.25%포인트 인상했다. 7월 16일 2.50%에서 2.75%로 올린 데 이어 두 달 연속 인상이다. 한은은 수출 호조와 내수 회복으로 예상보다 높은 성장세가...,https://www.mstoday.co.kr/news/articleView.html?idxno=102455,review,0.00,review_conflicting_signals:rule_keep:drop_corporate_macro_noise,0.935092,1,review_model_strong_keep,keep,candidate_hybrid_keep_strong_domain_rule_anchor,9,한국은행;기준금리,금리,
2026-09-17,"미 연준, 물가 잡기 총력…3년 2개월 만에 기준금리 인상",이번 금리 인상으로 한국과 미국의 기준금리 차이는 1%포인트로 벌어졌습니다. 연준은 금리의 추가 인상 가능성도 시사했는데 향후 통화정책 방향이 금융시장의 주요 변수로 작용할 전망입니다. [화면출처유튜브...,https://news.jtbc.co.kr/article/NB12318732?influxDiv=NAVER,review,0.00,review_generic_macro_only,0.913747,1,review_model_strong_keep,drop,candidate_hybrid_drop_generic_market_or_ipo_noise,9,연준;기준금리,금리,
2026-09-11,기준금리 두 차례 연속 인상에… 국고채 금리 전구간 상승 마감,사진=연합뉴스  한국은행이 두 차례 연속 기준금리를 인상하고 미국·일본 등 주요국 장기금리도 동반 상승하면서 지난달 국고채 금리가 전구간에서 상승 마감했다. 이 여파로 채권 발행과 회사채 수요예측...,https://weekly.hankooki.com/news/articleView.html?idxno=7183493,review,0.00,review_generic_macro_only,0.904612,1,review_model_strong_keep,drop,candidate_hybrid_drop_low_value_overseas_market_noise,15,한국은행;회사채;기준금리,금리;채권,
2026-09-18,이찬진 “애프터마켓·美 금리인상에 증시 변동성 확대 가능”…고위험...,금감원은 17일 이찬진 원장 주재로 금융상황 점검회의를 열고 미국 연방공개시장위원회(FOMC)의 기준금리 인상에 따른 금융시장 움직임과 대내외 위험요인을 살폈다. 연준은 16일(현지시간) 기준금리를 기존보다 0.25...,https://biz.heraldcorp.com/article/10876850?ref=naver,review,0.00,review_mid_score_ambiguous,0.903919,1,review_model_strong_keep,keep,candidate_hybrid_keep_overseas_global_reference,3,기준금리,,
2026-09-18,美 금리 인상에 환율 13.6원 급등…1382원 넘겨(상보),통해 기준금리를 연 3.75∼4.00%로 0.25%포인트 인상했다. 2023년 7월 이후 3년2개월만의 통화 긴축 조치다. 표결권이 주어진 12명의 FOMC 위원(연준 이사 및 지역연방준비은행 총재)이 금리 인상에 만장일치로...,https://view.asiae.co.kr/article/2026091716390083517,review,0.00,review_generic_macro_only,0.903393,1,review_model_strong_keep,drop,candidate_hybrid_drop_generic_market_or_ipo_noise,12,연준;환율;기준금리,금리,
2026-09-12,"美연준 FOMC, 다음 주 기준금리 인상 가능성 커져...8월 소비자물가지수...",미국의 8월 소비자물가 상승세가 여전히 견조한 것으로 나타나 美연준이 다음 주 기준금리를 인상할... 웃돌면서 금융시장에서는 연준이 매파적 기조를 유지하거나 추가 금리 인상에 나설 수 있다는 관측에 힘이...,http://www.beyondpost.co.kr/view.php?ud=202609120619522682aaae0046f_30,review,0.00,review_generic_macro_only,0.892413,1,review_model_strong_keep,drop,candidate_hybrid_drop_generic_market_or_ipo_noise,9,연준;기준금리,금리,
2026-09-11,두 차례 금리 인상에 채권시장 출렁…외국인 8000억 순매도 전환,한국은행이 두 차례 연속 기준금리를 인상하면서 지난달 국내 채권금리가 전 구간에서 상승 마감했다. 금리 변동성이 확대되는 가운데 외국인은 국내 채권을 8000억원 순매도한 반면 개인투자자는 3조원 넘게...,https://economist.co.kr/article/view/ecn202609100033,review,0.00,review_generic_macro_only,0.891692,1,review_model_strong_keep,drop,candidate_hybrid_drop_low_value_overseas_market_noise,9,한국은행;기준금리,금리,
2026-09-12,美 8월 근원소비자물가 상승률 예상 웃돌아… 금리인상 관측 커져,(Fed·연준)가 내주 연방공개시장위원회(FOMC) 회의에서 기준금리를 인상할 수 있다는 전망이 확대됐다.... 물가 하락 속도가 더디고 근원 물가가 예상치를 웃돌면서 금융시장에서는 연준이 매파적 기조를 유지하거나...,https://www.segye.com/newsView/20260911515109?OutUrl=naver,review,0.00,review_no_conservative_rule_matched,0.889334,1,review_model_strong_keep,drop,candidate_hybrid_drop_generic_market_or_ipo_noise,13,연준;fed;기준금리,,
2026-09-11,40여년 만 고성장에 물가 부담… 한은 또 '금리인상' 저울질,가운데 한국은행이 추가 금리 인상 여부를 저울질하고 있다. 수출 확대와 내수 회복으로 높은 성장세가... 추가 금리 인상의 시기와 속도를 결정한다는 방침이다. 특히 지난 7월과 8월 두 차례 연속 기준금리를 연 2.50%에서...,https://www.asiatoday.co.kr/kn/view.php?key=20260911010004225,review,0.00,review_conflicting_signals:rule_keep:drop_corporate_macro_noise,0.888023,1,review_model_strong_keep,keep,candidate_hybrid_keep_strong_domain_rule_anchor,14,한국은행;한은;기준금리,금리,
2026-09-17,美국채금리 19년 만에 5% 돌파…세계 금융시장 '고금리 충격' 커지나,"중동 전쟁에 따른 유가 상승과 인플레이션 우려에 연방준비제도(Fed·연준)의 기준금리 인상 전망, 미국의... 세계 금융시장의 각종 금리를 결정하는 기준 역할을 한다.높은 국채 금리가 장기간 지속되면 미 정부의...",https://www.asiatoday.co.kr/kn/view.php?key=20260916010006189,review,0.00,review_generic_macro_only,0.884454,1,review_model_strong_keep,drop,candidate_hybrid_drop_generic_market_or_ipo_noise,20,연준;fed;국채;국채금리;기준금리,,
2026-09-16,가상자산 운명은?…클래리티법 美 상원서 '부결',미 공화당은 ‘클래리티’ 법 통과를 위해 주(州) 법무장관이 가상자산 거래소를 상대로 소송을 제기할 수 있도록 하는 내용과 공직자가 보유한 가상자산이 일정 규모 이상이면 처분하거나 제3자에게 맡겨 직접 관리하지...,https://biz.sbs.co.kr/article_hub/20000334850?division=NAVER,review,0.00,review_mid_score_ambiguous,0.884407,1,review_model_strong_keep,keep,candidate_hybrid_model_keep_prob_ge_threshold_with_domain_anchor,4,가상자산,,
2026-09-18,"스테이트스트리트 ""한은, 11월 금리 인상 가능⋯최종 3.50% 열어둬야""","이투데이=배근미 기자 | 유가 및 근원물가 상방 압력에 긴축 강도 ↑⋯3.75%도 ""배제 못해"" ""수출 네고 둔화·해외투자""⋯원·달러 환율 1400원선 재진입 경고 한국은행의 기준금리 추가 인상 시점이 당초 예상보다 빠른...",https://www.etoday.co.kr/news/view/2626950,review,0.00,review_conflicting_signals:rule_keep:drop_corporate_macro_noise,0.884363,1,review_model_strong_keep,keep,candidate_hybrid_keep_strong_domain_rule_anchor,18,한국은행;한은;환율;기준금리,금리;달러,
2026-09-17,[투데이 Pick] 美 금리 인상에 코스피도 시험대…환율·외인 수급 ‘촉각...,17일 금융투자업계에 따르면 연준은 16일(현지시간) 연방공개시장위원회(FOMC)에서 기준금리를 기존 연 3.50~3.75%에서 3.75~4.00%로 0.25%포인트 인상했다. 2023년 7월 이후 첫 금리 인상이다. 표결권을 가진 12명의 위원이...,https://www.news2day.co.kr/article/20260917500019,review,0.00,review_generic_macro_only,0.883232,1,review_model_strong_keep,drop,candidate_hybrid_drop_generic_market_or_ipo_noise,7,환율;기준금리,금리,
2026-09-17,美 악재 덮치고 韓 가상자산법도 제자리… 코인업계 생존 기로,국내 가상자산 거래소들도 이번 사안을 무겁게 받아들이고 있다. 미국의 가상자산 규제 방향이 글로벌 시장의 주요 기준으로 주목받아온 만큼 클래리티 법안 처리 무산이 산업 전반 위축으로 이어질 수 있어서다....,https://www.fnnews.com/news/202609161822340296,review,0.00,review_mid_score_ambiguous,0.883005,1,review_model_strong_keep,keep,candidate_hybrid_model_keep_prob_ge_threshold_with_domain_anchor,4,가상자산,,
2026-09-13,"워시, 금리 인상 갈림길…물가·시장·트럼프 압박",연방공개시장위원회(FOMC)에서 기준금리 인상을 지지할지 여부가 정책 신뢰도와 연준 내 리더십을 가늠할... 이를 두고 시장금리 상승이 연준 대신 금융여건을 긴축하고 있기 때문에 정책금리를 올릴 필요성이...,https://www.g-enews.com/view.php?ud=2026091220560411089a1f309431_1,review,0.00,review_generic_macro_only,0.882932,1,review_model_strong_keep,drop,candidate_hybrid_drop_generic_market_or_ipo_noise,9,연준;기준금리,금리,
2026-09-15,美 연준 금리 인상 가능성 83~90%로 상승,"따라 연준이 통화정책을 결정하는 연방공개시장위원회(FOMC) 정례회의에서 기준금리를 0.25%p 인상할... 모틀리풀은 이처럼 페드워치와 칼시 모두에서 금리 인상 가능성이 압도적으로 높게 형성됨에 따라, 금융시장...",https://www.fnnews.com/news/202609150735020989,review,0.00,review_generic_macro_only,0.882553,1,review_model_strong_keep,drop,candidate_hybrid_drop_generic_market_or_ipo_noise,9,연준;기준금리,금리,
2026-09-11,"넥써쓰 '원', 글로벌 가상자산 거래소 크라켄 상장",넥써쓰가 가상자산 '원($ONE)'을 글로벌 가상자산 거래소 크라켄에 상장했다. 미국 달러로 거래할 수 있어 미국·유럽 등 해외 이용자의 접근성이 넓어질 전망이다. 넥써쓰는 원이 크라켄 달러마켓에서 거래된다고 10일...,https://www.newsis.com/view/NISX20260910_0003783905,review,0.00,review_mid_score_ambiguous,0.881894,1,review_model_strong_keep,keep,candidate_hybrid_model_keep_prob_ge_threshold_with_domain_anchor,4,가상자산,,
2026-09-19,"日, 기준금리 1.25%로 인상…31년 만에 '가장 높은 금리'",일본은행(BOJ)이 시장의 예상을 깨고 기준금리를 전격 인상하면서 글로벌 금융시장과 한국 경제에 대대적인 지각변동이 예고됐다. 일본은행은 18일 금융정책결정회의를 열고 기준금리를 기존 1.0%에서 1.25%로 0.25%포인트...,https://www.ngonews.kr/news/articleView.html?idxno=238686,review,0.00,review_generic_macro_only,0.881206,1,review_model_strong_keep,drop,candidate_hybrid_drop_model_keep_without_domain_anchor,8,boj;기준금리,금리,
2026-09-16,갈팡질팡 코스피…미국발 금리한파 속 FOMC 관망,"9월 연방공개시장위원회(FOMC)가 임박한 가운데 물가상승 신호가 계속되면서 금융시장에선 기준금리... 이어 ""미 연방준비제도(Fed·연준)이 25bp 인상 이후 인플레 대응의지를 확인하면서도 추가 인상에 신중한 입장을...",https://www.mt.co.kr/stock/2026/09/15/2026091511434533009,review,0.00,review_no_conservative_rule_matched,0.880544,1,review_model_strong_keep,drop,candidate_hybrid_drop_generic_market_or_ipo_noise,15,연준;fed;기준금리,코스피,
2026-09-11,8월 채권 금리 고공행진…한은 연속 인상·美 30년물 5.3% 돌파 '충격',지난 8월 국내 채권시장은 한국은행의 두 차례 연속 기준금리 인상과 미국 등 주요국의 장기금리 급등 여파로 시장 금리가 전 구간에 걸쳐 상승 마감했다. 특히 외국인 투자자들이 차익거래 유인 약화로 대규모...,https://www.ebn.co.kr/news/articleView.html?idxno=1723737,review,0.00,review_generic_macro_only,0.879422,1,review_model_strong_keep,drop,candidate_hybrid_drop_low_value_overseas_market_noise,20,한국은행;한은;기준금리;국내 채권시장,금리;채권,
2026-09-15,‘은닉 코인’ 추적정보 사전유출…예보·가상자산 거래소 책임 공방,예보와 가상자산 거래소간 공방이 이어지는 사이 사전 조사 정보 유출이 현실화됐다. DAXA가 박민규 의원실에 제출한 자료에 따르면 사전통지 입장을 고수하던 A거래소는 예보에 자료를 제공하기 하루 전인 지난 6월 1일...,https://www.mk.co.kr/article/12151986,review,0.00,review_mid_score_ambiguous,0.879214,1,review_model_strong_keep,keep,candidate_hybrid_model_keep_prob_ge_threshold_with_domain_anchor,4,가상자산,,
2026-09-08,가상자산 거래소 업계 출혈경쟁 가열… 생존싸움 향방 주목,"시사위크=권정두 기자  국내 가상자산 거래소 업계의 '출혈경쟁'이 가열되고 있다. 새로운 주주를 맞은 군소 거래소들이 잇따라 '수수료 무료' 카드를 꺼내 들며 공세를 높인 가운데, '양강구도'를 형성해 온 업비트와...",https://www.sisaweek.com/news/articleView.html?idxno=237742,review,0.00,review_mid_score_ambiguous,0.874950,1,review_model_strong_keep,keep,candidate_hybrid_model_keep_prob_ge_threshold_with_domain_anchor,5,가상자산,수수료,
2026-09-12,美 8월 CPI에 쏠린 눈…연준 3년 만의 금리 인상 가른다,연준은 지난해 12월 이후 기준금리를 연 3.5~3.75%로 유지하고 있다. 16일 금리를 인상하면 2023년 7월 이후 3년여 만의 첫 인상이 된다. 금융시장은 현재 금리 인상 가능성에 무게를 두고 있다. CME 페드워치에 따르면...,https://www.newsis.com/view/NISX20260911_0003785600,review,0.00,review_generic_macro_only,0.868573,1,review_model_strong_keep,drop,candidate_hybrid_drop_generic_market_or_ipo_noise,9,연준;기준금리,금리,
2026-09-15,"""코스피 결국 반등한다""…'美 금리인상=악재' 공식 깨지나",시장이 이미 금리 인상 가능성을 상당 부분 가격에 반영한 데다 연방준비제도(Fed·연준)가 물가 안정... 14일 금융투자업계에 따르면 오는 15~16일(현지시간) 열리는 9월 FOMC를 앞두고 시장에서는 기준금리 인상 가능성을...,https://www.edaily.co.kr/News/Read?newsId=03683446645580120&mediaCodeNo=257&utm_source=naver&utm_medium=referral&utm_campaign=news_syndication&utm_content=original_article,review,0.00,review_generic_macro_only,0.867610,1,review_model_strong_keep,drop,candidate_hybrid_drop_generic_market_or_ipo_noise,16,연준;fed;기준금리,금리;코스피,
2026-09-08,주식·채권까지 토큰화…가상자산 시장 접점 확대,"당장 가상자산 거래소가 토큰화된 주식이나 채권을 직접 거래할 수는 없지만, 지갑과 커스터디(수탁), 결제·정산 등 블록체인 인프라를 중심으로 두 시장의 연결 가능성이 커지고 있다는 분석입니다. 7일 금융업계에...",http://www.newstomato.com/ReadNews.aspx?no=1312792&inflow=N,review,0.00,review_mid_score_ambiguous,0.867453,1,review_model_strong_keep,keep,candidate_hybrid_model_keep_prob_ge_threshold_with_domain_anchor,5,가상자산,주식,
2026-09-08,"AI가 분석하고 주문·결제까지 … 가상자산 거래소, '에이전트 금융' 시...","뉴데일리 홍지아 기자 = 가상자산 거래소의 인공지능(AI) 경쟁이 시장·종목 분석을 넘어 투자전략 검증과 주문, 결제 영역으로 확산하고 있다. 국내 거래소들이 AI 기반 투자정보와 자연어 거래 서비스를 잇달아...",https://biz.newdaily.co.kr/site/data/html/2026/09/07/2026090700142.html,review,0.00,review_mid_score_ambiguous,0.866067,1,review_model_strong_keep,keep,candidate_hybrid_model_keep_prob_ge_threshold_with_domain_anchor,5,가상자산,금융,
2026-09-18,"美 연준, 3년 만의 금리 인상에도 꿋꿋한 코스피··· ""체력 강해졌네""","돌려 연준은 이날 연방공개시장위원회(FOMC) 정례회의에서 기준금리를 기존 연 3.50~3.75%에서 3.75~4.00%로... 단기적으로 백악관과의 갈등 수위가 높아질 위험이 있으나, 금융시장에선 통화당국의 신뢰성이 확고해지면서 시장...",https://www.greenpostkorea.co.kr/news/articleView.html?idxno=307475,review,0.00,review_generic_macro_only,0.865725,1,review_model_strong_keep,drop,candidate_hybrid_drop_generic_market_or_ipo_noise,11,연준;기준금리,금리;코스피,
2026-09-02,"바 연준 이사 ""인플레 안 꺾이면 금리 인상 단호히 나서야""",국채금리까지 급등하면서 이달 FOMC를 앞둔 금융시장의 긴장감도 높아지고 있다. 바 이사는 1일(현지시간)... 불과 7월까지만 해도 연준은 기준금리를 동결했지만 두 달 만에 시장의 무게중심이 추가 인상 쪽으로 이동한...,https://www.fnnews.com/news/202609012254014959,review,0.00,review_generic_macro_only,0.865576,1,review_model_strong_keep,drop,candidate_hybrid_drop_generic_market_or_ipo_noise,13,연준;국채금리;기준금리,금리,
2026-09-16,"크립토 이익단체 ""클래리티법 불발, 중간선거서 대가 따를 것""","미국 최대 가상자산 거래소인 코인베이스가 후원하는 대표적인 가상자산 정책 옹호단체인 ‘스탠드 위드 크립토(Stand With Crypto)’가 미 상원이 가상자산 시장구조법, 이른바 클래리티법(CLARITY Act)을 부결 처리한 뒤 오는...",https://www.edaily.co.kr/News/Read?newsId=02476406645580776&mediaCodeNo=257&utm_source=naver&utm_medium=referral&utm_campaign=news_syndication&utm_content=original_article,review,0.00,review_mid_score_ambiguous,0.864399,1,review_model_strong_keep,keep,candidate_hybrid_model_keep_prob_ge_threshold_with_domain_anchor,4,가상자산,,
2026-09-16,"미 상원, 가상자산 '클래리티 법안' 제동…절차표결 50대49 부결","가상자산 거래소와 중개업자 등 관련 사업자에 대한 등록 요건도 도입한다. 자금세탁 방지 의무와 시장 감시, 고객자산 보호 등 투자자 보호장치도 강화하도록 했다. 현재 미국에서는 특정 가상자산이 증권인지...",http://www.4th.kr/news/articleView.html?idxno=2118132,review,0.00,review_mid_score_ambiguous,0.864238,1,review_model_strong_keep,keep,candidate_hybrid_model_keep_prob_ge_threshold_with_domain_anchor,4,가상자산,,
2026-09-15,"연준 '3년 만의 금리 인상' 가시화…워시·트럼프 ""정면충돌"" 예고",시장은 연준이 오는 15∼16일 연방공개시장위원회(FOMC)에서 기준금리를 0.25%포인트 인상할 확률을 92%대로... 또 이번 주 예상되는 금리 인상이 물가의 기조적인 흐름보다는 금융시장이 이미 금리 인상 가능성을 크게...,https://www.jnilbo.com/news/articleView.html?idxno=90000065458,review,0.00,review_generic_macro_only,0.860322,1,review_model_strong_keep,drop,candidate_hybrid_drop_generic_market_or_ipo_noise,9,연준;기준금리,금리,
2026-09-11,"넥써쓰 '원($ONE)', 美 가상자산 거래소 크라켄 상장",게임 특화 블록체인 원체인의 네이티브 토큰 '원($ONE)'이 글로벌 가상자산 거래소 크라켄에 상장됐다. 넥써쓰(대표 장현국)는 원체인의 네이티브 토큰 '원'이 미국 대형 디지털자산 거래소 크라켄의 달러 마켓에 상장돼...,https://zdnet.co.kr/view/?no=20260910150023,review,0.00,review_conflicting_signals:rule_keep:drop_corporate_macro_noise,0.859387,1,review_model_strong_keep,keep,candidate_hybrid_keep_strong_domain_rule_anchor,9,가상자산;디지털자산,달러,
2026-09-09,"글로벌 가상자산 거래소 크라켄, '원체인' 토큰 '원($ONE)' 9일 상장",글로벌 가상자산 거래소 크라켄(Kraken)이 레이어1 블록체인 네트워크 원체인(ONEchain)의 네이티브 토큰 '원($ONE)' 상장을 예고했다. 8일 크라켄 공식 채널에 따르면 $ONE의 거래는 오는 9일 시작된다. 크라켄은 $ONE에...,https://www.khgames.co.kr/news/articleView.html?idxno=308142,review,0.00,review_mid_score_ambiguous,0.857007,1,review_model_strong_keep,keep,candidate_hybrid_model_keep_prob_ge_threshold_with_domain_anchor,4,가상자산,,
2026-09-19,[경제 포커스] 美 금리인상에 글로벌 국채금리 일단 진정... “결국 재정...,미국이 기준금리를 인상하면서 글로벌 채권 시장을 대표하는 미 국채 10년물 금리가 5%에서 4.93%로 내려갔다. 우리나라를 포함한 주요국 국채 금리도 하락하면서 대규모 국채 매도 우려는 진정된 모습이다. 하지만...,https://biz.chosun.com/policy/policy_sub/2026/09/18/7HDRZ3FQQFD7VMJPYVX7S7UAAI/?utm_source=naver&utm_medium=original&utm_campaign=biz,review,0.00,review_no_conservative_rule_matched,0.854182,1,review_model_strong_keep,drop,candidate_hybrid_drop_generic_market_or_ipo_noise,12,국채;국채금리;기준금리,채권,
2026-09-18,매파 FOMC에 韓 증시 변동성 확대…시선은 '추가 인상'으로,"연준은 16일(현지시간) 연방공개시장위원회(FOMC)에서 기준금리를 기존 3.50~3.75%에서 3.75~4.00%로 올렸다.... 워시 의장은 강한 성장과 신용 확대, 충분히 긴축적이지 않은 금융환경, 인플레이션 추세를 이번 인상의...",https://www.financialpost.co.kr/news/articleView.html?idxno=276117,review,0.00,review_mid_score_ambiguous,0.853623,1,review_model_strong_keep,drop,candidate_hybrid_drop_generic_market_or_ipo_noise,3,기준금리,,
2026-09-11,"크라켄에 뜬 '원'...넥써쓰, 원체인 글로벌 유통 기반 확장",/ 사진=조성준 기자 넥써쓰의 블록체인 프로젝트 원체인의 네이티브 토큰 '원($ONE)'이 글로벌 가상자산 거래소 크라켄에 상장됐다. 지난 7월 '크로쓰'에서 '원'으로 브랜드를 전환한 이후 글로벌 거래소와 가상자산 정보...,https://www.techm.kr/news/articleView.html?idxno=155097,review,0.00,review_mid_score_ambiguous,0.851148,1,review_model_strong_keep,keep,candidate_hybrid_model_keep_prob_ge_threshold_with_domain_anchor,4,가상자산,,
2026-09-04,[채권/외환] 월러 한마디에 美 국채금리·달러 '뚝'… 엔화는 2% 급등,크리스토퍼 월러 미 연방준비제도(Fed·연준) 이사가 9월 기준금리 동결 가능성을 시사하면서 최근 빠르게... 시장은 현재 BOJ가 오는 17~18일 금융정책결정회의에서 기준금리를 25bp 인상할 가능성을 75%까지 반영하고...,https://www.newspim.com/news/view/20260904000044,review,0.00,review_generic_macro_only,0.850547,1,review_model_strong_keep,drop,candidate_hybrid_drop_generic_market_or_ipo_noise,24,연준;fed;boj;국채금리;기준금리,채권;달러,
