date,title,summary,url,auto_label,auto_label_confidence,auto_label_reason,model_prob,model_pred,disagreement_type,decision,decision_reason,relevance_score,matched_hard,matched_soft,matched_negative
2026-06-12,"신한금융, 5조원 규모 '포용금융 2.0' 가동…연체채권 5000억 소각",최근 자영업 경기 둔화와 고금리 여파로 소상공인 폐업과 연체율이 상승하는 상황에서 금융권의 정책성 지원 확대 필요성이 커지고 있다. 실제 중·저신용자의 제도권 금융 접근성이 낮아질수록 불법사금융 이용...,http://www.econonews.co.kr/news/articleView.html?idxno=439563,1,0.95,strong_keep_lending_consumer_protection,0.223670,0,pseudo_keep_model_drop,keep,candidate_hybrid_keep_strong_domain_rule_anchor,9,불법사금융,금융,
2026-06-05,실손 보험료 올려도 적자 2조원 육박…손해율 다시 100% 돌파,4일 금융감독원에 따르면 작년 실손보험 보험료 수익은 18조원으로 전년 대비 10.0% 증가했다. 보험료 인상과 신규 계약 확대 영향으로 수입이 늘어난 결과다. 그러나 같은 기간 지급보험금은 17조원으로 11.4...,http://www.wikileaks-kr.org/news/articleView.html?idxno=188175,1,0.95,strong_keep_insurance_risk,0.362654,0,pseudo_keep_model_drop,keep,candidate_hybrid_keep_strong_domain_rule_anchor,8,금융감독원,보험료;실손,
2026-06-17,[실손보험 이대로는 안된다]부진한 5세대 실손…활성화 방안은,아울러 오는 11월부터는 재가입 주기가 없는 1·2세대 가입자가 5세대 실손보험으로 전환하면 보험료를 3년간 50% 할인해주는 계약전환 할인 제도가 적용된다. 금감원 관계자는 “5세대 실손이 출시 초기인 만큼 전환율이...,https://www.dnews.co.kr/uhtml/view.jsp?idxno=202606131833382560216,1,0.95,strong_keep_insurance_risk,0.431855,0,pseudo_keep_model_drop,drop,candidate_hybrid_model_drop_prob_le_threshold,7,금감원,실손,
2026-06-01,"마통 뚫어 빛투,,신용대출, 주담대 100배 넘겨",5대 은행의 가계대출 잔액은 770조2728억원으로 전월 대비 2조9768억원 늘었다. 작년 8월(+3조9251억원) 이후 최대 증가 폭이다. 은행 신용대출은 마이너스통장(신용한도대출) 위주로 늘었다. 5대 은행의 개인...,https://kpenews.com/View.aspx?No=4096527,1,0.95,strong_keep_bank_consumer_credit,0.442205,0,pseudo_keep_model_drop,keep,candidate_hybrid_model_keep_prob_ge_threshold_with_domain_anchor,3,은행,,
2026-06-13,빚투 경고에 은행 신용대출 조인다…한도 1억·일 접수량 제한도(종합2...,"신한은행은 ""최근 신용대출 증가세가 확대되는 상황에서 가계대출을 안정적으로 관리하기 위해 선제적 운영 방안을 마련했다""고 설명했다. 농협은행은 오는 15일부터 주택담보대출과 신용대출에 적용하는 우대금리를...",https://www.yna.co.kr/view/AKR20260612041352002?input=1195m,1,0.95,strong_keep_bank_consumer_credit,0.450482,0,pseudo_keep_model_drop,drop,candidate_hybrid_gray_drop_score_lt_threshold,3,은행,,
2026-06-01,‘빚투’에 5월 신용대출 주담대보다 100배 넘게 늘었다,5대 은행(KB국민·신한·하나·우리·NH농협)의 28일 기준 가계대출 잔액은 770조2728억원으로 지난달 말(767조2960억원) 대비 2조9768억원(0.39%) 증가했다. 지난해 8월(+3조9251억원) 이후 최대 증가 폭이다. 코스피가...,https://www.news1.kr/photos/7934640,1,0.95,strong_keep_bank_consumer_credit,0.459779,0,pseudo_keep_model_drop,keep,candidate_hybrid_model_keep_prob_ge_threshold_with_domain_anchor,3,은행,,
2026-06-03,[카드 NOW] 신한카드·BC카드·하나카드,"전 세계 200여 개국 비자(Visa) 가맹점에서 사용할 수 있고 환전 수수료, 해외 결제 수수료, ATM 출금 수수료가... 하나카드는 더라운지와의 앱 연동을 통해 국내 카드사 최초로 하나페이 내에서 공항 라운지 이용권 발급이...",http://www.wikileaks-kr.org/news/articleView.html?idxno=188091,1,0.95,strong_keep_card_credit,0.461023,0,pseudo_keep_model_drop,drop,candidate_hybrid_gray_drop_score_lt_threshold,4,카드사,수수료,
2026-06-13,"[은행 뉴스브리핑] 함영주 회장 ""생산적금융 포용금융과 결합될 때 완성...",(사진=하나금융지주) □ 국민은행 신용대출 한도조정 국민은행이 오는 16일부터 가계대출 증가세에 선제적으로 대응하고 안정적인 여신 관리를 위해 신용대출 한도를 조정한다. 이번 조치에 따라 일반신용대출의...,https://www.asiatime.co.kr/article/20260612500346,1,0.95,strong_keep_bank_consumer_credit,0.469050,0,pseudo_keep_model_drop,drop,candidate_hybrid_gray_drop_score_lt_threshold,3,은행,,
2026-06-05,"금감원 ""작년 실손 지급보험금 17조원""…과잉 비급여 몸살에 5세대 안착...","지난해 실손보험 보험료 수익은 전년 대비 1조6000억원 증가한 18조원을 기록했으나, 지급보험금이 17조원으로 전년보다 11.4%나 늘어나면서 최종 보험손익은 1조8700억원 적자를 기록했다. 이는 전년 적자액(1조6200억원)...",https://www.pointe.co.kr/news/articleView.html?idxno=80246,1,0.95,strong_keep_insurance_risk,0.469682,0,pseudo_keep_model_drop,keep,candidate_hybrid_keep_strong_domain_rule_anchor,8,금감원,보험료;실손,
2026-06-13,도수치료 '관리급여' 전환ㆍ1.4조 시장 반토막…7월 실손 손해율 '뚝',"신한투자증권에 따르면 2024년 도수치료 관련 실손보험금 지급액은 14개 손해보험사 합산 기준 1조4000억원에... 임 연구원은 향후 보험금 증가가 정상적인 수준이라면 보험료 인상으로, 과잉 이용에 따른 증가라면 신규...",http://www.ftoday.co.kr/news/articleView.html?idxno=360372,1,0.95,strong_keep_insurance_risk,0.470724,0,pseudo_keep_model_drop,drop,candidate_hybrid_gray_drop_score_lt_threshold,5,손해보험,보험료;실손,
2026-06-01,'빚투'에 5월 신용대출 급증...주담대보다 100배 넘게 증가,5대 은행(KB국민·신한·하나·우리·NH농협)의 28일 기준 가계대출 잔액은 770조2728억원으로 지난달 말(767조2960억원) 대비 2조9768억원(0.39%) 증가했다. 지난해 8월(+3조9251억원) 이후 최대 증가 폭이다. 코스피가...,https://www.news1.kr/photos/7934637,1,0.95,strong_keep_bank_consumer_credit,0.487257,0,pseudo_keep_model_drop,keep,candidate_hybrid_model_keep_prob_ge_threshold_with_domain_anchor,3,은행,,
2026-05-30,중복 가입은 무조건 낭비?…내 실손보험 어떻게?,"최근 금융감독원이 개인 실손보험과 단체 실손보험의 중복 가입에 대해 '보험료 이중 지출 가능성이 있다'며 개인 실손 중지 제도를 적극 안내하고 있습니다. 다만 가입자가 어떤 세대의 실손에 가입했는지, 현재 건강...",https://biz.sbs.co.kr/article_hub/20000313394?division=NAVER,1,0.95,strong_keep_insurance_risk,0.493664,0,pseudo_keep_model_drop,keep,candidate_hybrid_keep_strong_domain_rule_anchor,8,금융감독원,보험료;실손,
2026-06-13,"""단순 지원 넘어 사회적 책임 이행""…진옥동, 5조 포용금융 2.0 시동","연체채권 소각은 단순한 부실채권 정리와 결이 다르다. 금융거래 이력이 훼손돼 정상적인 경제활동 복귀가... 기존 신한저축은행 고객 중심이던 상생대환대출을 전 저축은행 이용 고객으로 확대한 상품으로, 금융...",https://www.ppss.kr/news/articleView.html?idxno=298709,1,0.95,strong_keep_savings_bank_risk,0.511688,0,pseudo_keep_model_drop,keep,candidate_hybrid_keep_strong_domain_rule_anchor,9,저축은행;부실채권,금융,
2026-06-01,"'머니무브' 신용대출 증가폭, 주담대의 100배…투자 대기자금 급증(종합...",31일 금융권에 따르면 5대 은행(KB국민·신한·하나·우리·NH농협)의 지난 28일 기준 가계대출 잔액은 770조 2728억 원으로 4월 말(767조 2960억 원) 대비 2조 9768억 원 늘었다. 지난해 8월(+3조 9251억 원) 이후 최대 증가...,https://www.news1.kr/finance/general-finance/6182818,1,0.95,strong_keep_bank_consumer_credit,0.514937,0,pseudo_keep_model_drop,keep,candidate_hybrid_model_keep_prob_ge_threshold_with_domain_anchor,3,은행,,
2026-06-01,"[모닝 리포트] ""현대해상, 도수치료 제한 등 손해율 개선 '최대수혜'""","이는 현대해상의 위험손해율을 약 1.5%포인트 낮출 수 있는 수준이며, 커버리지 보험사 중 위험보험료 내 실손 비중이 가장 높은 만큼 손해율 개선 폭도 가장 클 것으로 예상된다. 이러한 효과는 2026년 3분기 예실차에...",https://www.newspim.com/news/view/20260601000054,1,0.95,strong_keep_insurance_risk,0.516092,0,pseudo_keep_model_drop,drop,candidate_hybrid_gray_drop_score_lt_threshold,4,보험사,실손,
2026-06-09,“산립조합 제휴 하나카드 발급 시 적금 최고금리 10%”,하나카드는 ‘원더카드2.0 산림조합 제휴카드’ 발급 고객을 대상으로 이같이 판매한다고 8일 밝혔다. 산림·임업인과 지역 거주민 등 서민 가계의 자산 형성을 지원하고 지역 상호금융 활성화를 도모한다는...,https://www.g-enews.com/view.php?ud=202606081042293764a6e8311f64_1,1,0.95,strong_keep_lending_consumer_protection,0.539430,0,pseudo_keep_model_drop,keep,candidate_hybrid_keep_strong_domain_rule_anchor,8,상호금융;최고금리,,
2026-06-01,'빚투'에 주담대보다 100배 넘게 증가한 신용 대출,5대 은행(KB국민·신한·하나·우리·NH농협)의 28일 기준 가계대출 잔액은 770조2728억원으로 지난달 말(767조2960억원) 대비 2조9768억원(0.39%) 증가했다. 지난해 8월(+3조9251억원) 이후 최대 증가 폭이다. 코스피가...,https://www.news1.kr/photos/7934639,1,0.95,strong_keep_bank_consumer_credit,0.540585,0,pseudo_keep_model_drop,keep,candidate_hybrid_model_keep_prob_ge_threshold_with_domain_anchor,4,은행,대출,
2026-06-01,"5월 은행 신용대출 규모, 전월 대비 2.6조 급증","같은 날을 기준으로 5대 은행의 가계대출 잔액은 770조2728억원으로, 4월 말보다 2조9768억원 증가했다. 지난해 8월 3조9251억원 증가 이후 가장 큰 폭이다. 신용대출 증가분의 대부분은 마이너스통장에서 나왔다. 5대...",https://www.straightnews.co.kr/news/articleView.html?idxno=303781,1,0.95,strong_keep_bank_consumer_credit,0.542635,0,pseudo_keep_model_drop,keep,candidate_hybrid_model_keep_prob_ge_threshold_with_domain_anchor,3,은행,,
2026-06-10,5세대 실손 전환 본격화...보장 공백 강화 손보사 경쟁 '치열',5세대 실손보험은 보험료 부담을 낮추는 대신 급여와 중증질환 중심으로 보장 구조를 재편한 것이 특징이다. 보험료는 4세대보다 약 30% 낮지만 비중증 비급여는 보장한도가 줄고 자기부담률이 높아졌다. 입원 비중증...,https://www.financialpost.co.kr/news/articleView.html?idxno=261983,1,0.95,strong_keep_insurance_risk,0.543306,0,pseudo_keep_model_drop,drop,candidate_hybrid_gray_drop_score_lt_threshold,5,손보사,보험료;실손,
2026-06-01,"'빚투'에 신용대출 급증…5대 은행 5월 증가액, 주담대의 100배 넘어",5대 은행의 가계대출 잔액은 770조2천728억원으로 한 달 전보다 2조9천768억원 늘어 지난해 8월 이후 가장 큰 증가 폭을 기록했다. 신용대출 증가의 상당 부분은 마이너스통장 대출에서 발생했다. 개인 마이너스통장...,https://www.jeonmae.co.kr/news/articleView.html?idxno=1260888,1,0.95,strong_keep_bank_consumer_credit,0.545567,0,pseudo_keep_model_drop,keep,candidate_hybrid_model_keep_prob_ge_threshold_with_domain_anchor,3,은행,,
2026-06-11,"李 ""원시적 약탈 금융"" 지적…금융그룹·은행 연이어 연체 채권 소각",이재명 대통령이 지난달 민간 배드뱅크 ‘상록수’의 장기 연체채권 추심을 두고 “원시적 약탈 금융”이라고 지적한 이후 시중은행들이 ‘장기 연체채권’ 소각에 나서고 있다. 주요 금융지주들도 포용금융 확대를...,https://www.edaily.co.kr/news/newspath.asp?newsid=04729766645480408,1,0.95,strong_keep_bank_consumer_credit,0.546283,0,pseudo_keep_model_drop,keep,candidate_hybrid_keep_strong_domain_rule_anchor,12,은행;시중은행,연체;채권;금융,
2026-06-06,"대법 “불법 사채업자가 받은 법정 최고금리 초과 이자, 돌려줘도 추징...",대법원 2부(주심 오경미 대법관)는 5일 대부업법 위반 등 혐의로 기소된 A씨 사건 상고심에서 징역 4개월에... 당시 법정 최고금리는 연 24%였다. A씨가 법정 최고금리를 초과해 더 받은 이자액은 약 4765만원이다. 이...,https://biz.chosun.com/topics/law_firm/2026/06/05/FSIZSOAKSJAQFB23PBQVX5TN4Y/?utm_source=naver&utm_medium=original&utm_campaign=biz,1,0.95,strong_keep_lending_consumer_protection,0.552787,0,pseudo_keep_model_drop,keep,candidate_hybrid_keep_strong_domain_rule_anchor,10,대부업법;최고금리,,
2026-06-11,'원시적 약탈 금융' 지적에 은행 연체채권 1조원 소각…KB·신한·하나 등...,앞서 KB국민은행도 장기 연체 중인 취약계층의 연체채권 1000억원 가량을 소각키로 했다. 지난달 26일 국민은행은 장기 연체자 재기 지원을 위해 소멸 시효가 남은 채권 1000억원 어치에 대한 소각조처를 6월 중...,http://www.ftoday.co.kr/news/articleView.html?idxno=360249,1,0.95,strong_keep_bank_consumer_credit,0.557605,0,pseudo_keep_model_drop,drop,candidate_hybrid_gray_drop_generic_anchor_only,8,은행,연체;채권;금융,
2026-06-10,현대해상 '금리 상승'·'실손 개편' 수혜 기대,"이어 ""현대해상의 연간 실손보험 관련 적자는 약 5700억 원 수준으로 추정된다""며 ""상위 손해보험사 가운데 위험보험료 대비 실손보험 비중(39%)과 실손 손해율이 높은 편인 만큼 향후 실손 손해율이 하락할 경우 손익...",https://www.consumuch.com/news/articleView.html?idxno=78267,1,0.95,strong_keep_insurance_risk,0.558051,0,pseudo_keep_model_drop,drop,candidate_hybrid_gray_drop_score_lt_threshold,5,손해보험,금리;실손,
2026-06-13,“돈 필요한 직장인은 어쩌라고”…‘마통 5000 일괄제한’에 실수요자...,지난달 가계빚 9조3000억 껑충 은행 한도 1억·일 접수량 등 제한 실수요자 자금줄 차단 지적도 은행권에서 마이너스통장(마통) 등 신용대출 한도를 ‘확’ 조이면서 직장인들이 바짝 긴장하고 있다. 금융당국이 가계대출...,https://www.mk.co.kr/article/12072620,1,0.95,strong_keep_bank_consumer_credit,0.561620,0,pseudo_keep_model_drop,drop,candidate_hybrid_gray_drop_score_lt_threshold,3,은행,,
2026-06-14,조합원·구독회원 잡아라… 카드사 회원형 상품 잇따라,"가맹점 수수료 인하로 수익성이 악화하면서 카드사 고객 확보 전략도 달라지고 있다는 평가다. 14일 카드업계에 따르면 카드사들이 농협 조합원, 구독 서비스 이용자, 홈쇼핑 고객 등 충성도가 높은 고객군을 겨냥해...",https://it.chosun.com/news/articleView.html?idxno=2023092163783,1,0.95,strong_keep_card_credit,0.562983,0,pseudo_keep_model_drop,drop,candidate_hybrid_gray_drop_score_lt_threshold,5,카드사,수수료;가맹점,
2026-06-13,"불법사채대응센터, ‘법률사무소 로긴’ 변종 ‘상품권 사채’ 피해자 ...","산지방법원은 해당 상품권 거래를 명백한 ‘대부업법 위반’으로 판결했으며, 피해자를 사기죄로 허위... 불법사채 대응센터 관계자는 “법정 최고금리를 초과한 이자 계약은 원천 무효이며, 상품권 사채 역시 명백한...",https://www.dnews.co.kr/uhtml/view.jsp?idxno=202606121525226300173,1,0.95,strong_keep_lending_consumer_protection,0.568501,0,pseudo_keep_model_drop,keep,candidate_hybrid_keep_strong_domain_rule_anchor,12,대부업법;최고금리,,
2026-06-09,"신한證 “현대해상, 금리 상승·관리급여 도입 수혜주⋯방어적 주가 흐...",여타 대형 손해보험사들과 달리 금리 상승기에 자본에 긍정적인 효과가 발생한다는 점을 투자 포인트로... 위험보험료 중 실손 비중과 실손 손해율이 높은 편으로 향후 실손 손해율 하락 시 손익 개선 효과가 뚜렷할...,https://www.etoday.co.kr/news/view/2591685,1,0.95,strong_keep_insurance_risk,0.578006,0,pseudo_keep_model_drop,keep,candidate_hybrid_model_keep_prob_ge_threshold_with_domain_anchor,6,손해보험,금리;실손;주가,
2026-06-12,'빚투'에 신용대출 3.7조 급증…은행 가계대출 1년 9개월 만에 최대,지난달 은행 가계대출이 6조 9000억 원 늘며 1년 9개월 만에 가장 큰 증가 폭을 기록했다. 코스피 급등으로 개인 투자자금이 주식시장으로 몰리면서 이른바 '빚투'(빚내서 투자) 수요가 확대된 영향이다. 특히...,https://www.news1.kr/economy/trend/6194239,1,0.95,strong_keep_bank_consumer_credit,0.580330,0,pseudo_keep_model_drop,keep,candidate_hybrid_model_keep_prob_ge_threshold_with_domain_anchor,5,은행,코스피,
2026-06-13,"""실손 손해율, 7월 도수치료 관리급여 시행에 구조적 하락 진입""<신한투...","수혜 종목으로 현대해상이 지목된 배경은 위험보험료 대비 실손 비중과 실손 손해율이 대형 손보사 가운데 가장 높다는 점이다. 실손 손해율 1%포인트(p) 하락 시 연간 사고보험금이 210억원 감소하는 구조여서, 이번...",https://www.news2day.co.kr/article/20260612500048,1,0.95,strong_keep_insurance_risk,0.580519,0,pseudo_keep_model_drop,drop,candidate_hybrid_gray_drop_score_lt_threshold,4,손보사,실손,
2026-06-12,5월 가계대출 9.3조원 급증…1년 9개월 만에 최대,업권별로는 예금은행 가계대출 잔액이 4월 말보다 6조9000억원 증가한 1181조8000억원으로 집계됐다. 제2금융권 가계대출도 전월 대비 2조3000억원 늘었다. 기업대출과 은행 수신도 동반 성장했다. 예금은행의 5월 말...,https://www.etnews.com/20260611000317,1,0.95,strong_keep_bank_consumer_credit,0.581500,0,pseudo_keep_model_drop,drop,candidate_hybrid_gray_drop_score_lt_threshold,3,은행,,
2026-06-01,"코스피 질주에 은행 대출판 흔들…신용대출 급증, 주담대는 주춤","5대 은행의 지난 28일 기준 가계대출 잔액은 770조2728억원으로, 4월 말보다 2조9768억원 늘었다. 이는 지난해 8월 이후 가장 큰 월간 증가 폭이다. 특히 마이너스통장을 중심으로 자금 수요가 확대된 점이 눈에...",https://www.socialvalue.kr/news/view/1065580610648796,1,0.95,strong_keep_bank_consumer_credit,0.582905,0,pseudo_keep_model_drop,keep,candidate_hybrid_model_keep_prob_ge_threshold_with_domain_anchor,5,은행,코스피,
2026-06-10,“지인에게 알린다” 협박…연 2400% 이자 뜯어낸 불법사채업자 검거,"시행되면서 반사회적 대부계약, 초고금리 대부계약은 무효화되었으므로 불법사금융 피해에 대해 적극 신고해달라”며 “앞으로도 금융소외계층을 대상으로 일삼는 민생 침해 범죄를 엄정 단속할 계획”이라고 설명했다.",https://www.mk.co.kr/article/12069610,1,0.95,strong_keep_lending_consumer_protection,0.583338,0,pseudo_keep_model_drop,keep,candidate_hybrid_keep_strong_domain_rule_anchor,8,불법사금융,,
2026-06-03,"정부, 이달부터 9대 분야 자살예방대책 발표…""끝까지 살피고 지원""","경제적 위기자를 위해서는 금융 재기 지원, 고용·소득 안전망 연계, 불법사금융 및 보이스피싱 피해 예방 등을 통해 회복을 지원키로 했다. 각 분야별 대책이 현장에서 효과적으로 작동하기 위해 현장 의견수렴도...",https://www.newsis.com/view/NISX20260602_0003653963,1,0.95,strong_keep_lending_consumer_protection,0.583578,0,pseudo_keep_model_drop,keep,candidate_hybrid_keep_strong_domain_rule_anchor,13,불법사금융;보이스피싱,금융,
2026-06-10,연 최고 4만3800% '악마의 이자율'…합법 위장 사채조직 검거,이자가 무효되므로 불법 사금융 피해에 대한 적극적인 신고를 강조했다. 경찰 관계자는 “앞으로도 금융소외계층을 대상으로 고금리 불법사금융 범죄를 일삼는 민생 침해 범죄를 엄정 단속할 계획”이라고 전했다.,https://www.edaily.co.kr/news/newspath.asp?newsid=03785126645480080,1,0.95,strong_keep_lending_consumer_protection,0.583957,0,pseudo_keep_model_drop,keep,candidate_hybrid_keep_strong_domain_rule_anchor,8,불법사금융,,
2026-06-05,[사설]채무자 보호법 안착하려면 ‘고의 연체’ 가려낼 기준 세워야,"지난 1월 법 시행으로 3000만원 미만 연체 채무자가 금융회사에 채무조정을 요청할 수 있는 길이 열리자 지금까지 5만6000여 건의 조정 신청이 접수됐고, 이중 절반 이상이 카드론 같은 고금리 여신전문금융업권에 집중됐다....",https://www.dnews.co.kr/uhtml/view.jsp?idxno=202606041822018750156,1,0.95,strong_keep_card_credit,0.584237,0,pseudo_keep_model_drop,keep,candidate_hybrid_keep_strong_domain_rule_anchor,13,카드론;여신전문금융업,연체,
2026-06-08,상품권으로 둔갑한 불법 사채…협박·고소까지 추심 수법 진화,◆ 신종 불법사금융 '상품권 사채' 최근 경찰의 불법 사금융 단속이 강화되면서 '상품권 예약 판매'가 신종 사채 수법으로 암암리에 퍼지고 있다. 경찰에 따르면 상품권 사채는 급전이 필요한 사람이 사채업자와 상품권...,https://www.imaeil.com/page/view/2026060513534212984,1,0.95,strong_keep_lending_consumer_protection,0.584544,0,pseudo_keep_model_drop,keep,candidate_hybrid_keep_strong_domain_rule_anchor,10,불법사금융,,
2026-06-10,연 최고 4만% 폭리·지인 연락 협박…불법 사채 일당 검거,"합법적인 대부업체로 위장해 급전이 필요한 금융소외계층을 유인한 뒤 최고 연 4만%가 넘는 불법 이자를... 경찰 관계자는 ""미등록업체나 이자제한을 초과한 사채는 범죄""라며 불법사금융 피해에 대한 신고를...",https://news.tvchosun.com/site/data/html_dir/2026/06/09/2026060990130.html,1,0.95,strong_keep_lending_consumer_protection,0.585652,0,pseudo_keep_model_drop,keep,candidate_hybrid_keep_strong_domain_rule_anchor,10,불법사금융,,
2026-06-15,신용대출 5년 1개월 만에 최대… 5대銀 이달도 1.6조 불어,5대 은행 신용대출 열흘 새 1조 6226억원 증가 보험권 가계대출도 2021년 7월 이후 최대폭증시 활황에 따른 ‘빚투’(빚내서 투자) 수요가 은행권 신용대출을 밀어 올리고 있다. 지난달 은행권 신용대출 증가폭이 5년...,https://www.seoul.co.kr/news/economy/2026/06/14/20260614500057?wlog_tag3=naver,1,0.95,strong_keep_bank_consumer_credit,0.590886,0,pseudo_keep_model_drop,keep,candidate_hybrid_model_keep_prob_ge_threshold_with_domain_anchor,7,은행;은행권,,
2026-06-04,"'초우량차주 중심 금융 바꾼다'…포용금융 추진단, 17일 첫회의","금융위와 금융감독원, 금융권, 학계는 물론 현장 전문가와 상담기관 종사자 등이 참여해 포용금융 정책 과제를 발굴하고 제도 개선 방안을 모색한다. 분과는 총괄·정책서민금융·금융산업·신용인프라 등 4개 구성된다....",https://www.edaily.co.kr/news/newspath.asp?newsid=02538726645478112,1,0.95,strong_keep_regulatory_action,0.593146,0,pseudo_keep_model_drop,keep,candidate_hybrid_keep_strong_domain_rule_anchor,13,금융감독원;금융위,금융,
2026-06-09,5세대 실손 1개월…손보사 진짜 부담은 '기존 실손',"/Chat GPT 생성 이미지 5세대 실손보험이 출시 한 달을 맞았지만 손해보험사의 진짜 부담은 여전히 기존 실손보험에 남아 있다. 새 상품은 보험료를 낮추고 비급여 보장 구조를 손질했지만, 이미 쌓인 1~4세대 계약의...",http://www.metroseoul.co.kr/article/20260609500010,1,0.95,strong_keep_insurance_risk,0.596916,0,pseudo_keep_model_drop,keep,candidate_hybrid_gray_keep_domain_score_ge_threshold,7,손해보험;손보사,실손,
2026-05-31,"인뱅 3사, 1분기 순이익 호실적…카뱅 '수성'·케뱅 '질주'·토뱅 '추격'",이들 은행 가운데 케이뱅크는 가장 큰 성장세를 보였다. 전년 동기 161억원에서 106.8% 상승한 332억원을 기록하면서 당기순이익을 2배 이상 끌어올린 것이다. 가계대출 관리 기조에서 개인사업자 중심의 기업대출을...,http://www.newswatch.kr/news/articleView.html?idxno=79949,1,0.95,strong_keep_bank_consumer_credit,0.600359,0,pseudo_keep_model_drop,drop,candidate_hybrid_gray_drop_score_lt_threshold,4,은행,순이익,
2026-06-17,빚투 열풍에 신용대출 폭증…은행·인뱅 '대출 브레이크',"이에 금융당국이 가계대출 관리 강화를 주문하고 나섰고, 시중은행들이 신용대출과 마이너스통장 한도를 축소하자 인터넷전문은행까지 대출 조이기에 동참하고 있다. 마이너스통장 중심으로 빚투 급증…신용대출...",https://www.industrynews.co.kr/news/articleView.html?idxno=82217,1,0.95,strong_keep_bank_consumer_credit,0.600471,0,pseudo_keep_model_drop,keep,candidate_hybrid_keep_strong_domain_rule_anchor,8,은행;시중은행,대출,
2026-06-03,"정부, 자살 긴급대응 체계 개편 방안 이달 발표…경제적 위기자 지원 강...","금융 재기 지원, 고용·소득 안전망 연계, 불법사금융 및 보이스피싱 피해 예방 등을 통해 경제적 위기자의 회복을 지원한다. 국토교통부는 건물·교량·산·하천 등 자살위험 장소의 공간적 특성, 자살 양태 등을 반영한...",https://www.newspim.com/news/view/20260602000856,1,0.95,strong_keep_lending_consumer_protection,0.602542,0,pseudo_keep_model_drop,keep,candidate_hybrid_keep_strong_domain_rule_anchor,13,불법사금융;보이스피싱,금융,
2026-06-02,반도체 랠리 속 '지지부진' 은행株…하반기엔 달라질까,일반적으로 금리 상승은 예대금리차 확대를 통해 은행의 순이자마진(NIM) 증가로 이어질 수 있어 은행주에 우호적인 환경으로 평가된다. 은행권의 적극적인 주주환원 정책도 투자 매력을 높이는 요인이다. 금리 상승에...,https://www.imaeil.com/page/view/2026060110395119896,1,0.95,strong_keep_bank_consumer_credit,0.602585,0,pseudo_keep_model_drop,keep,candidate_hybrid_keep_strong_domain_rule_anchor,8,은행;예대금리차,금리,
2026-06-17,"[신사업 청사진]롯데카드, 정상호 대표 구원투수 등판…'베트남·비이자...","이러한 내실 다지기 위에서 가장 독창적인 성과를 내고 있는 포트폴리오는 국내 카드사 최초로 진출한... 롯데카드 관계자는 ""가맹점 수수료 인하와 가계대출 규제 등 시장 환경의 변화로 기존 신용카드업의...",http://www.press9.kr/news/articleView.html?idxno=77967,1,0.95,strong_keep_card_credit,0.603885,0,pseudo_keep_model_drop,drop,candidate_hybrid_gray_drop_score_lt_threshold,5,카드사,수수료;가맹점,
2026-06-08,치열해진 카드사 해외결제 경쟁...다음 행선진 '결제망' 주도권,"▲ 수수료 면제 넘어 모바일 결제망 경쟁으로 이에 따라 카드사 해111외결제 경쟁은 실물카드 중심에서 모바일 월렛 기반 결제로 확장되고 있는 추세다. 해외 현지 가맹점에서 카드를 꺼내 결제하는 방식뿐 아니라, 삼성...",http://www.hansbiz.co.kr/news/articleView.html?idxno=842577,1,0.95,strong_keep_card_credit,0.605480,0,pseudo_keep_model_drop,drop,candidate_hybrid_gray_drop_score_lt_threshold,4,카드사,수수료,
2026-06-12,"불법사채 대응센터 ""불법 상품권 예판 피해자 사기 전과 재심 지원 필요...",▲ 한국 TI인권 시민연대 불법사채 대응센터 심볼 정부가 상품권 거래를 가장한 불법사금융에 대한 단속 수위를 높이면서 관련 시장에도 변화의 조짐이 나타나고 있다. 피해자들을 압박하던 일부 업자들이 형사처벌...,https://idsn.co.kr/news/view/1065576129191116,1,0.95,strong_keep_lending_consumer_protection,0.608225,0,pseudo_keep_model_drop,keep,candidate_hybrid_keep_strong_domain_rule_anchor,8,불법사금융,,
2026-05-31,"[기획] '마지막 연임 심사' 양종희…KB금융, 정부 금융개혁 첫 시험대",■ '6조 클럽' 기대감…비은행·주주환원 성과로 연임 무게 실적만 놓고 보면 양 회장의 연임 명분은... ■ '67% 룰'·금감원 검사 변수…관건은 승계 절차 투명성 다만 이번 인선의 핵심 변수는 실적보다 승계 절차의...,https://www.startuptoday.co.kr/news/articleView.html?idxno=802397,1,0.95,strong_keep_regulatory_action,0.608933,0,pseudo_keep_model_drop,keep,candidate_hybrid_keep_strong_domain_rule_anchor,9,금감원;검사,,
2026-06-12,121조→164조…지방 정책금융 43조원 더 푼다,"민간 금융권의 지방 자금 공급 확대를 위한 제도 개선도 추진된다. 금융위는 지난 4월부터 비수도권 기업대출과 개인사업자대출에 대한 예대율 가중치를 각각 85%에서 80%, 100%에서 95%로 낮췄다. 저축은행과...",https://www.edaily.co.kr/news/newspath.asp?newsid=04483766645480736,1,0.95,strong_keep_regulatory_action,0.610585,0,pseudo_keep_model_drop,keep,candidate_hybrid_keep_strong_domain_rule_anchor,15,금융위;저축은행;정책금융,,
2026-06-12,"PFCT, 1년간 중저신용자에 평균 11%대 금리로 1866억원 공급",PFCT의 연체율은 0.37%로 저축은행업권 평균 연체율(2026년 1분기 기준 9%대) 대비 크게 낮은 수준을... 기존 금융권의 획일적인 신용평가 체계에서는 상대적으로 높은 금리를 적용받을 수밖에 없었던 차주를 세분화해...,https://www.edaily.co.kr/news/newspath.asp?newsid=03548966645480736,1,0.95,strong_keep_savings_bank_risk,0.613989,0,pseudo_keep_model_drop,keep,candidate_hybrid_keep_strong_domain_rule_anchor,8,저축은행;연체율,,
2026-06-03,"정부, 이달 중 자살 긴급대응체계, 자살장소 관리 등 세부안 발표","등 경제적 위기요인이 자살위험으로 이어지지 않도록 대책을 마련하는 것이다. 금융 재기 지원, 고용·소득 안전망 연계, 불법사금융 및 보이스피싱 피해 예방 등을 통해 경제적 위기자의 회복을 지원한다고 정부 측은 밝혔다.",https://www.safetynews.co.kr/news/articleView.html?idxno=248744,1,0.95,strong_keep_lending_consumer_protection,0.615393,0,pseudo_keep_model_drop,keep,candidate_hybrid_keep_strong_domain_rule_anchor,13,불법사금융;보이스피싱,금융,
2026-06-09,"“본업도 신사업도 안 풀리네”...생보업계, 수익성 방어 시험대","생명보험사들이 전방위적인 어려움에 긴장하고 있다. 수입보험료가 늘고 있지만, 주력상품 가입자들이... 기본자본 신지급여력제도(K-ICS·킥스) 비율을 일정 수준 이상으로 맞추는 등 당면과제를 해결하지 못한채 큰...",https://www.ekn.kr/web/view.php?key=20260609026051622,1,0.95,strong_keep_insurance_risk,0.615429,0,pseudo_keep_model_drop,keep,candidate_hybrid_keep_strong_domain_rule_anchor,8,생명보험;킥스,,
2026-06-18,"이재명정부 '포용금융 대전환' 본격 시동, 금융위 부위원장 권대영 '공...",권대영 금융위원회 부위원장이 이재명 정부의 포용금융 대전환 정책 추진의 중심에 섰다. 권대영 부위원장은... 각 분과가 전문성을 바탕으로 과제를 발굴하고 대안을 마련해 실제 제도 개선까지 연결하는 역할을 맡는다....,https://www.businesspost.co.kr/BP?command=article_view&num=440198,1,0.95,strong_keep_regulatory_action,0.616218,0,pseudo_keep_model_drop,keep,candidate_hybrid_keep_strong_domain_rule_anchor,12,금융위원회;금융위,,
2026-05-29,고환율·기업대출 여파… 국내은행 자본비율 일제히 ‘뚝’,은행들은 통상 연체채권이나 부실자산을 매입채권추심업체에 매각해 위험가중자산을 줄이고 자본비율을 관리한다. 그러나 추심업이 허가제로 전환돼 부실채권을 사줄 ‘매수자’가 줄어들면 은행들의 위험가중자산...,https://www.munhwa.com/article/11591844?ref=naver,1,0.95,strong_keep_lending_consumer_protection,0.616236,0,pseudo_keep_model_drop,keep,candidate_hybrid_keep_strong_domain_rule_anchor,9,채권추심;부실채권,,
2026-06-08,[이재명 정부 1년과 강원도] 3. 중용된 강원 인사 각 부처 활약,"불법사금융 근절, 보이스피싱 대응, 국가정상화 TF 등을 이끌며 범정부 조정업무에서 성과를 내 왔다. 주요... 김민재 차관은 민생회복쿠폰과 고유가 피해지원금 지급 등 주요 사업을 안정적으로 관리했고 국정과제 핵심인...",https://www.kado.net/news/articleView.html?idxno=2054444,1,0.95,strong_keep_lending_consumer_protection,0.616759,0,pseudo_keep_model_drop,keep,candidate_hybrid_keep_strong_domain_rule_anchor,12,불법사금융;보이스피싱,,
2026-05-29,"이재명式 금융개혁 본격화…금융위, 포용금융 전략 추진단 가동",매입채권추심업 제도개선도 병행…등록제→허가제로 아주경제=안선영 기자 asy728@ajunews.com [사진=연합뉴스] 금융위원회가 ‘포용금융 대전환’을 내걸고 금융개혁 작업에 착수했다. 이재명 대통령이 금융권을 향해...,https://www.ajunews.com/view/20260528135645396,1,0.95,strong_keep_regulatory_action,0.618886,0,pseudo_keep_model_drop,keep,candidate_hybrid_keep_strong_domain_rule_anchor,20,금융위원회;금융위;채권추심;제도개선,,
2026-06-13,KB금융 사상 최대 이익 터지나…시장 예상 뛰어넘는 실적 예고,하나증권은 2분기 은행 원화대출금이 전 분기 대비 0.9% 증가할 것으로 전망했다. 기업대출과 가계대출이 안정적으로 성장하면서 수익 기반이 확대되고 있다는 설명이다. 순이자마진(NIM) 개선도 긍정적인 요인으로...,https://www.pinpointnews.co.kr/news/articleView.html?idxno=459817,1,0.95,strong_keep_bank_consumer_credit,0.620088,0,pseudo_keep_model_drop,keep,candidate_hybrid_model_keep_prob_ge_threshold_with_domain_anchor,4,은행,실적,
2026-06-02,[기자수첩]총량 규제의 그림자…좁아진 금리인하 통로,은행 스스로도 “더 이상 가계대출이 은행의 성장 목표일 수 없게 된 상황에서 금리 경쟁으로 고객을 끌어올 유인이 없다”고 말한다. 정부가 부동산으로 흐르는 자금을 기업대출 등으로 옮겨가게 하는 생산적 금융을...,https://www.edaily.co.kr/news/newspath.asp?newsid=04073766645477456,1,0.95,strong_keep_bank_consumer_credit,0.622537,0,pseudo_keep_model_drop,keep,candidate_hybrid_keep_strong_domain_rule_anchor,8,은행;생산적 금융,금리,
2026-06-12,"[단독] 금감원 경고에도… NH농협손보, 여전히 ‘실손 끼워팔기’",규정상 실손 보험에 가입할 수 없다”는 답변을 받았다. 이에 A씨는 월 보험료 5만원 상당의 NH농협손보 종합 보험에 가입했다. 그런데 A씨는 비슷한 시기에 교통사고로 인한 치료를 받고 있어 실손보험 가입이 거절됐다....,https://biz.chosun.com/stock/finance/2026/06/11/CIK7Q5QDIRDSLOMOFIQ6SEJZQ4/?utm_source=naver&utm_medium=original&utm_campaign=biz,1,0.95,strong_keep_insurance_risk,0.625108,0,pseudo_keep_model_drop,keep,candidate_hybrid_keep_strong_domain_rule_anchor,8,금감원,보험료;실손,
2026-06-02,"""삼전은 5억 빌려준다는데…"" 가계대출 규제속 '사내대출' 확산",업계에서는 이제까지 성과급과 초과이익분배금(PS) 제도 개선이 노사 협상의 핵심이었다면 앞으로는... 금융위원회 관계자는 “사내대출은 금융회사가 취급하는 대출과는 성격이 다르다”며 “현재 별도의 규제 방안을...,https://www.edaily.co.kr/news/newspath.asp?newsid=04149206645477456,1,0.95,strong_keep_regulatory_action,0.626288,0,pseudo_keep_model_drop,keep,candidate_hybrid_keep_strong_domain_rule_anchor,12,금융위원회;금융위,,
2026-06-14,보험계약대출도 '빚투'…보험사 가계대출 5년 만에 최대,"보험사는 리테일 대출이 주 영업이 아니고, 차주들도 보통 보험사에서 대출을 받지 않아 은행, 저축은행, 상호금융에 비해 대출 증가 규모는 작다. 그럼에도 가계대출이 5년래 최대를 기록한 것은 주식 투자 광풍이 보험사...",https://news.einfomax.co.kr/news/articleView.html?idxno=4419832,1,0.95,strong_keep_bank_consumer_credit,0.627222,0,pseudo_keep_model_drop,keep,candidate_hybrid_keep_strong_domain_rule_anchor,16,은행;저축은행;보험사;상호금융,대출;주식,
2026-06-10,"KDB생명 입찰 나선 생보 빅3, ‘외형 확장' 뒤 숨은 셈법은","IFRS17과 킥스 도입 이후 보험사 M&A는 단순한 외형 확대가 아니라 CSM 확보, 자본 효율성, 운용자산 활용 능력까지 함께 따지는 거래로 바뀌고 있다. 생보사 매물의 희소성도 관심을 키우고 있다. 신규 생명보험사 설립이...",https://www.viva100.com/article/20260609500621,1,0.95,strong_keep_insurance_risk,0.627789,0,pseudo_keep_model_drop,keep,candidate_hybrid_keep_strong_domain_rule_anchor,14,보험사;생명보험;생보사;킥스,,
2026-06-01,"[박근종 칼럼] 중동 전쟁에 생산·투자·소비 '트리플 감소', 선제적·복...","수출 발(發) 낙관론이 확산 중이지만 은행 부실채권 증가, 주가 양극화 등 반대 신호도 적잖은 게... 7%) 늘었고 가계신용 가운데 가계대출 잔액은 1,865조 8,000억 원으로 전 분기보다 12조 9,000억 원 증가했다. 다행히...",https://www.mhns.co.kr/news/articleView.html?idxno=748870,1,0.95,strong_keep_bank_consumer_credit,0.627924,0,pseudo_keep_model_drop,keep,candidate_hybrid_keep_strong_domain_rule_anchor,8,은행;부실채권,주가,
2026-06-05,"AI로 위조한 진단서 들고 1.5억…금융당국, 신종 보험사기 차단 나선다","분야별로는 실손·건강보험을 아우르는 장기손해보험이 44.7%로 가장 많았고 자동차보험(22.4%), 생명보험(21.8... 전방위로 보험사기를 줄여 보험산업 신뢰를 끌어올릴 수 있다""라며 ""보험료 인하와 건강보험 재정 누수...",https://www.raonnews.com/news/article.html?no=58578,1,0.95,strong_keep_insurance_risk,0.629150,0,pseudo_keep_model_drop,keep,candidate_hybrid_keep_strong_domain_rule_anchor,8,손해보험;생명보험,보험료;실손,
2026-06-07,"[아하 인터뷰] 오화경 저축은행중앙회장 ""부동산 벗어나 본연 역할 봐야...","지난 2022년 오 회장이 취임했을 당시 저축은행은 부동산 PF라는 사업을 통한 호실적을 이어갔다. 지난 2022년 저축은행 업권 당기순이익은 1조5622억원, 고정이하여신비율은 4.08%로 나타났다. 하지만 지난 2023년부터...",https://www.asiatime.co.kr/article/20260604500403,1,0.95,strong_keep_savings_bank_risk,0.629206,0,pseudo_keep_model_drop,keep,candidate_hybrid_keep_strong_domain_rule_anchor,8,저축은행;pf,,
2026-05-31,"""벼락거지 될라""...개미들 우르르 몰렸다","은행 마이너스통장 잔액은 4월 말 39조7,877억원에서 이달 28일 41조9,303억원으로 2조1,426억원 불었다. 2021년 4월(+6조4,389억원) 이후 5년 1개월 만에 처음으로 한 달 새 2조원 넘게 증가한 것이다. 전체 가계대출...",https://magazine.hankyung.com/business/article/202605318555b,1,0.95,strong_keep_bank_consumer_credit,0.629448,0,pseudo_keep_model_drop,keep,candidate_hybrid_model_keep_prob_ge_threshold_with_domain_anchor,3,은행,,
2026-06-01,日 ESR 시행에 'K-ICS 고도화' 과제 부상… 보험사별 위험 반영해야,"현재 국내 킥스는 보험위험을 포함한 전체 요구자본에 내부모형을 적용할 수 있도록 설계돼 있다. 내부모형 승인제도 매뉴얼도 마련됐으며, 내부모형 적용기준을 구체화한 시행세칙이 신설될 예정이다. 보고서를...",https://www.insnews.co.kr/news/articleView.html?idxno=91085,1,0.95,strong_keep_insurance_risk,0.629574,0,pseudo_keep_model_drop,drop,candidate_hybrid_gray_drop_score_lt_threshold,5,킥스,,
2026-06-10,"금융지주사들, 증권 계열사에 자금 지원 확대","가계대출 규제로 은행 부문의 성장 여력이 제한된 반면 증권업은 증시 호조에 힘입어 실적이 개선되면서, 증권사를 그룹의 핵심 성장축으로 육성하려는 전략으로 해석된다. 9일 금융감독원 전자공시시스템에 따르면...",https://www.ekoreanews.co.kr/news/articleView.html?idxno=86460,1,0.95,strong_keep_bank_consumer_credit,0.629696,0,pseudo_keep_model_drop,keep,candidate_hybrid_keep_strong_domain_rule_anchor,9,금융감독원;은행,,
2026-06-07,"김문석 SBI저축은행 대표, 가계대출 규제에 1분기 자산 감소…내실 경영...",대출 규제에 순익 뒷걸음…채권 매각으로 연체율 하락 SBI저축은행은 자산 감소는 올해 1분기 6.27 대출 규제가 주효했다. 1일 SBI저축은행의 검토보고서에 따르면 올해 1분기 대출 자산은 10조6345억원으로 전년 동기...,http://www.fntimes.com/html/view.php?ud=2026060117261615547c96e79780_18,1,0.95,strong_keep_savings_bank_risk,0.630578,0,pseudo_keep_model_drop,keep,candidate_hybrid_keep_strong_domain_rule_anchor,11,저축은행;연체율,대출;채권,
2026-06-13,"[금융권 이모저모]우리카드, '카드의정석2 DAILY' 출시 外","사진=웰컴저축은행 ◇웰컴저축은행, 용리단길서 '단편의 조각들' 전시 개최 웰컴저축은행은 서울 용산구... 이번 설명회는 경·공매 및 부실채권(NPL) 투자에 관심 있는 투자자를 대상으로 마련됐다. 행사에서는 아파트...",https://www.businessplus.kr/news/articleView.html?idxno=112823,1,0.95,strong_keep_savings_bank_risk,0.633046,0,pseudo_keep_model_drop,keep,candidate_hybrid_keep_strong_domain_rule_anchor,12,저축은행;npl;부실채권,,
2026-06-18,"금융위원장 ""캠코, 기계적 관리에 채권자 재기 막아""",이 자리에서는 포용금융을 꼭 연체율 증가로 이어지지 않기 때문에 시각 전환이 필요하다는 의견도 나왔다.... SBI 저축은행은 2금융권이 타업권 대비 높은 예금보험료와 대출 비교플랫폼 수수료율을 낮춰야 하고...,https://www.edaily.co.kr/news/newspath.asp?newsid=04890486645482704,1,0.95,strong_keep_savings_bank_risk,0.634069,0,pseudo_keep_model_drop,keep,candidate_hybrid_keep_strong_domain_rule_anchor,15,금융위;저축은행;연체율,대출,
2026-06-16,"""금융권 사이버보안, 전산실서 CEO 책상으로""","그는 ""마스크를 쓰듯 AI 방어체계를 갖추는 일상적인 사이버 위생(Cyber Hygiene)이 금융권이 갖춰야 할 보안... 과감한 제도개선을 해나가겠다""고 밝혔다. 이에 금융위는 보안 목적의 AI 활용을 위해 일정 요건을 갖춘...",http://www.bizwnews.com/news/articleView.html?idxno=138713,1,0.95,strong_keep_regulatory_action,0.634424,0,pseudo_keep_model_drop,keep,candidate_hybrid_keep_strong_domain_rule_anchor,9,금융위;제도개선,,
2026-06-08,개미들 '빚투' 질주…은행 신용대출 사흘 새 1조 폭증,"대표적인 빚투 지표들이 일제히 최고치를 갈아치우면서, 금융권 일각에서는 증시 과열에 따른 신용대출 급증이 가계대출 건전성 악화로 이어질 수 있다는 우려의 목소리도 나온다.시중은행 관계자는 ""코스피가...",https://news.mtn.co.kr/news-detail/2026060714104693213,1,0.95,strong_keep_bank_consumer_credit,0.634527,0,pseudo_keep_model_drop,keep,candidate_hybrid_keep_strong_domain_rule_anchor,9,은행;시중은행,건전성,
2026-06-12,"중저신용자 '금리단층' 메웠다…PFCT, 연계투자로 1866억원 공급","PFCT의 연체율은 0.37%로 저축은행업권 평균 연체율(올해 1분기 기준 9%대)을 크게 밑돌았다. 이수환 PFCT 대표는 ""온투금융의 기술과 저축은행의 자본이 결합해 금리단층을 메우는 민간 중금리 모델이 실제...",https://www.ajunews.com/view/20260611095518029,1,0.95,strong_keep_savings_bank_risk,0.635264,0,pseudo_keep_model_drop,keep,candidate_hybrid_keep_strong_domain_rule_anchor,8,저축은행;연체율,,
2026-06-16,"인터넷은행, 신규 마통 전면 중단할 듯…고강도 대책 발표","16일 금융권에 따르면 인뱅 3사는 이러한 내용의 신용대출 축소 방안을 금융위원회에 최근 보고했다.... 한편, 인뱅의 연체율 상승은 우려 사항으로 꼽힌다. 인뱅 3사가 고신용자 위주로 신용대출과 마통을 조이면 신규...",https://news.einfomax.co.kr/news/articleView.html?idxno=4420129,1,0.95,strong_keep_regulatory_action,0.637652,0,pseudo_keep_model_drop,keep,candidate_hybrid_keep_strong_domain_rule_anchor,20,금융위원회;금융위;인터넷은행;연체율,,
2026-06-09,"4대 금융지주, 기업금융·WM 경쟁 본격화...비이자이익 확대 총력",금융당국의 가계대출 관리 기조가 이어지면서 은행 중심의 이자이익 성장에 한계가 나타나자 비이자이익 확대가 금융지주들의 핵심 과제로 떠오른 영향이다. 8일 금융권에 따르면 은행권의 대출 성장률은 제한적인...,https://daily.hankooki.com/news/articleView.html?idxno=1374376,1,0.95,strong_keep_bank_consumer_credit,0.638972,0,pseudo_keep_model_drop,drop,candidate_hybrid_gray_drop_score_lt_threshold,4,은행,대출,
2026-06-02,[금융체크] NH농협금융·SBI저축은행·서금원 등,"회장은 ""금융은 단순히 자금을 공급하고 이자를 수취하는 역할에 머물러서는 안 된다""며 ""가계여신과... 지난해 말 금융위원회, 금융감독원, 서금원, 신용회복위원회는 한국기자협회와 함께 '불법사금융·과다채무 피해...",http://www.bizwnews.com/news/articleView.html?idxno=137824,1,0.95,strong_keep_lending_consumer_protection,0.640513,0,pseudo_keep_model_drop,keep,candidate_hybrid_keep_strong_domain_rule_anchor,30,금융감독원;금융위원회;금융위;저축은행;불법사금융,,
2026-06-12,“연이율 60%→20%로 강화해야”…불법사채 무효 기준 높인 대부업법 발...,지난해 7월 법정최고금리(20%)의 3배인 연 60%를 넘는 초고금리 대부계약은 원금과 이자를 전부 무효로 하는 대부업법 개정안이 실시됐다. 이에 금융감독원은 연 60%를 초과하는 고금리사채에 대해 무효확인서를...,https://www.etnews.com/20260611000306,1,0.95,strong_keep_lending_consumer_protection,0.640726,0,pseudo_keep_model_drop,keep,candidate_hybrid_keep_strong_domain_rule_anchor,16,금융감독원;대부업법;최고금리,,
2026-06-17,은행 대출 조이자…카드·보험업계도 대출 관리 고삐,가계대출 증가세가 심상치 않자 금융위원회는 지난 11일 은행권에 선제적인 가계대출 자율관리 강화를 주문했다. 이후 주요 시중은행들은 고액 연봉자를 중심으로 신용대출 한도를 축소하고 마이너스통장 등 한도대출...,https://view.asiae.co.kr/article/2026061707191971332,1,0.95,strong_keep_bank_consumer_credit,0.641254,0,pseudo_keep_model_drop,keep,candidate_hybrid_keep_strong_domain_rule_anchor,23,금융위원회;금융위;은행;시중은행;보험업계,대출,
2026-06-17,"금감원, '스페이스X 0주 배정' 미래에셋증권 검사 확대…투자자 보호 집...",금융당국 안팎에서는 대표 주관사가 최종 배정 물량을 결정하는 미국 IPO 구조를 감안하더라도 인수단 참여 증권사가 한 주도 배정받지 못한 사례는 이례적이라는 시각이 나온다. 특히 최종 배정 결과가 확정되지 않은...,https://www.ezyeconomy.com/news/articleView.html?idxno=236436,1,0.95,strong_keep_regulatory_action,0.642290,0,pseudo_keep_model_drop,keep,candidate_hybrid_keep_strong_domain_rule_anchor,13,금감원;ipo;검사,,
2026-06-18,“금융도 블록화 시대…성장산업 향한 자금 흐름 복원해야”[ESF2026],다만 단순히 은행 대출을 늘리는 방식으로는 한계가 있다고 봤다. 벡 교수는 “위험자산 투자가 확대되는... 최근 한국에서 논의되는 ‘부동산·가계대출에서 성장산업으로의 자금 전환’ 정책과 관련해 벡 교수는...,https://www.edaily.co.kr/news/newspath.asp?newsid=03430886645482704,1,0.95,strong_keep_bank_consumer_credit,0.642436,0,pseudo_keep_model_drop,drop,candidate_hybrid_gray_drop_score_lt_threshold,3,은행,,
2026-06-18,"금융 대전환 논의하는 '포용금융추진단', 대형금융사 책임 확대 요구","고 부사장은 ""금융기관의 공적·사적 역할 사이에서 균형을 맞추는 것이 핵심""이라며 ""연체율 증가 등... 제2금융권을 대표해 참석한 SBI저축은행 박현용 리테일 심사 이사는 업권이 처한 비용 구조적 한계와 차별적인...",https://www.newspim.com/news/view/20260617001044,1,0.95,strong_keep_savings_bank_risk,0.643710,0,pseudo_keep_model_drop,keep,candidate_hybrid_keep_strong_domain_rule_anchor,9,저축은행;연체율,금융,
2026-05-31,"금융당국, CEO 연임 1회 제한 추진…""경영 안정성·중장기 전략 연속성 ...",28일 금융업계에 따르면 금융위원회는 지배구조 선진화 태스크포스(TF) 논의를 토대로 제도 개선 방향을... 이번 조치는 이재명 대통령이 ‘부패한 이너서클(핵심층)’이라며 금융권 내부 권력 구조를 비판한 이후 약 5개월...,https://www.g-enews.com/view.php?ud=202605281444455295cd0bfacc1c_1,1,0.95,strong_keep_regulatory_action,0.643904,0,pseudo_keep_model_drop,keep,candidate_hybrid_keep_strong_domain_rule_anchor,12,금융위원회;금융위,,
2026-06-11,KB금융 '승계' 신한금융 '실적'…금융권 2기 체제 속도 [이슈 더보기],TF는에는 은행·증권·보험 등 주요 계열사가 참여하며 향후 3년 사업 포트폴리오 재편 과제를 수립한다.... 정부의 가계대출 억제 정책으로 기존 부동산 담보대출 위주 이자수익 성장이 한계에 달했기 때문이다. KB금융의...,https://www.ngetnews.com/news/articleView.html?idxno=550711,1,0.95,strong_keep_bank_consumer_credit,0.644186,0,pseudo_keep_model_drop,keep,candidate_hybrid_model_keep_prob_ge_threshold_with_domain_anchor,4,은행,실적,
2026-06-10,"서울시, ""금융사기·빚 고통 덜어준다"" 취약 어르신 금융복지 안전망 강...","초고령사회 진입에 따라 보이스피싱과 불법사금융 피해가 늘어나는 가운데, 어르신들의 피해 예방과 회복을 위한 생활밀착형 금융복지 안전망을 강화하겠다는 취지다. 서울금융복지상담센터는 ""서울시 초고령사회 대응...",http://www.enewstoday.co.kr/news/articleView.html?idxno=2436994,1,0.95,strong_keep_lending_consumer_protection,0.644818,0,pseudo_keep_model_drop,keep,candidate_hybrid_keep_strong_domain_rule_anchor,12,불법사금융;보이스피싱,,
2026-06-01,"올 연내 지주계열 NPL전문회사, 매입채권추심업 진출…법 통과 전, 선제...",31일 금융권에 따르면 금융위원회는 지주계열 NPL전문회사들과 증권계열 NPL전문회사 및 유암코 등을... 개인사업자들의 연체율도 높아진 상황이다. 코로나대출 채권은 지난해 9월말 기준 38조 2000억원 규모다. 5년 동안...,https://www.dnews.co.kr/uhtml/view.jsp?idxno=202605302349583090563,1,0.95,strong_keep_lending_consumer_protection,0.645051,0,pseudo_keep_model_drop,keep,candidate_hybrid_keep_strong_domain_rule_anchor,21,금융위원회;금융위;채권추심;npl,,
2026-06-01,김용범의 “나는 공범” 고백 한 달… ‘잔인한 금융’은 어떻게 만들어...,"외환위기 때도, 저축은행 사태 때도, 부동산 프로젝트파이낸싱(PF) 부실 때도 문제의 핵심은 거액 차주들에 대한 대규모 신용 공급과 금융회사의 위험관리 실패였다. 2008년 글로벌 금융위기도 담보비율 관리를 하지 못하고...",https://biz.heraldcorp.com/article/10760336?ref=naver,1,0.95,strong_keep_savings_bank_risk,0.645185,0,pseudo_keep_model_drop,keep,candidate_hybrid_keep_strong_domain_rule_anchor,16,저축은행;pf;프로젝트파이낸싱,부실;금융,
2026-06-04,[EBN 칼럼] 국무회의와 회생기업의 정상화 방안,"은행과 금융기관이 보유한 연체 기록과 이른바 '회생기업'이라는 낙인효과 때문이다. 이 주홍글씨로 인해 기업들은 은행 문턱을 넘지 못해 신규 대출이 막히는 것은 물론, 서울보증보험이나 한국무역보험공사 등 공적...",https://www.ebn.co.kr/news/articleView.html?idxno=1711159,1,0.95,strong_keep_bank_consumer_credit,0.645470,0,pseudo_keep_model_drop,drop,candidate_hybrid_gray_drop_score_lt_threshold,5,은행,연체,
2026-05-29,"삼성생명·화재, 해외사업 '쌍끌이' 질주… 실적 성장 발판 글로벌 확장...",있는 보험업 특성이 동시에 나타난 것으로 보고 있다. 한편 삼성화재의 올해 3월 말 기준 지급여력비율(K-ICS·킥스)은 270.1%로 전년 말(262.9%) 대비 7.2%p 상승했다. 기본자본비율 역시 184.5%로 전년 말(170.7%)보다 13.8%p...,https://www.ilyoseoul.co.kr/news/articleView.html?idxno=517725,1,0.95,strong_keep_insurance_risk,0.647467,0,pseudo_keep_model_drop,keep,candidate_hybrid_gray_keep_domain_score_ge_threshold,6,킥스,실적,
2026-06-02,"이양수 ""50대 이상 연체율 심각…가계 재정 경고등""","조사 대상 31개 저축은행 중 11곳은 대출 잔액이 감소했음에도 연체율은 오히려 높아졌다. 연령별로는 50대 차주가 2021년 말 34만 7,000명에서 지난해 말 50만 7,000명으로 늘었고, 연체율도 4.46%에서 6.66%로 뛰었다. 올해...",https://www.gukjenews.com/news/articleView.html?idxno=3597245,1,0.95,strong_keep_savings_bank_risk,0.647596,0,pseudo_keep_model_drop,keep,candidate_hybrid_keep_strong_domain_rule_anchor,9,저축은행;연체율,대출,
2026-06-08,[우리금융X동양생명] ②재평가로 부풀린 CET1·현금 빠진 주식교환…숫...,"성대규 동양생명 대표 역시 우리금융지주 생명보험사 인수단장에서 자리를 옮긴 지 1년도 되지 않았다. 이정수 우리금융지주 부사장도 동양생명 기타 비상무 이사를 겸직한다. 이미 불안한 기본자본 킥스, 결국...",https://www.smarttoday.co.kr/ko-kr/articles/108120,1,0.95,strong_keep_insurance_risk,0.649182,0,pseudo_keep_model_drop,keep,candidate_hybrid_keep_strong_domain_rule_anchor,8,생명보험;킥스,,
2026-06-13,"신한은행, 15일부터 비대면 신용대출 한도 초과 시 접수 제한…가계부채...","신한은행의 이번 조치는 대출 규제 강화에 따른 취약계층의 자금 경색 부작용을 최소화하겠다는 포용금융 취지로 풀이되며, 향후 타 시중은행들의 가계대출 관리 가이드라인에도 영향을 미칠 것으로 전망된다. 신한은행...",https://www.newsinside.kr/news/articleView.html?idxno=4754937,1,0.85,rule_keep_score_ge_6_with_hard_match,0.263831,0,pseudo_keep_model_drop,keep,candidate_hybrid_keep_strong_domain_rule_anchor,8,시중은행;가계부채,대출,
2026-06-05,"금감원, 실손보험 적자 2조원 육박…비급여 보험금 절반 넘어",4일 금융감독원이 발표한 '2025년 실손보험 사업실적'에 따르면 지난해 보험료 수익은 17조9649억원으로 전년 대비 10.0% 늘었다. 그러나 지급 보험금도 17조원으로 11.4% 증가하며 수익 증가폭을 웃돌았다. 지난해...,https://news.tf.co.kr/read/economy/2329524.htm,1,0.85,rule_keep_score_ge_6_with_hard_match,0.281653,0,pseudo_keep_model_drop,keep,candidate_hybrid_keep_strong_domain_rule_anchor,13,금융감독원;금감원,보험료,
2026-06-11,"신한금융, 5조 규모 ‘포용금융 2.0’ 가동",제주은행과 신한저축은행도 연체 채권 정리에 동참한다. 포용금융 공급 규모도 당초 계획보다 확대했다. 올해 목표였던 3조원을 조기 달성하고 내년 계획분 1조5000억원을 앞당겨 집행해 총 4조5000억원을 서민과...,https://www.chosun.com/economy/stock-finance/2026/06/11/QX23SA6TBBCNZPBFBVV3EI2D4Q/?utm_source=naver&utm_medium=referral&utm_campaign=naver-news,1,0.85,rule_keep_score_ge_6_with_hard_match,0.295371,0,pseudo_keep_model_drop,keep,candidate_hybrid_keep_strong_domain_rule_anchor,8,저축은행,연체;채권,
2026-06-13,"‘이젠 시중은행도 대출 오픈런’…신한은행, 신용대출 일일 접수량 제...",전날인 11일 금융위원회가 가계부채 점검회의를 통해 은행권의 신용대출 관리 강화를 주문한 데 따른 조치다. 신한은행은 대면·비대면 신용대출 합산 일별 접수량이 내부 관리 기준을 초과하는 경우 비대면 신용대출은...,https://www.mk.co.kr/article/12072477,1,0.85,rule_keep_score_ge_6_with_hard_match,0.342112,0,pseudo_keep_model_drop,keep,candidate_hybrid_keep_strong_domain_rule_anchor,20,금융위원회;금융위;시중은행;가계부채,대출,
2026-06-16,"금감원, 밈 코인 사기 빈번한 탈중앙화거래소(DEX)에 투자자 주의보","탈중앙화거래소는 가상자산 간 수량 비율에 따라 가격이 자동 결정되므로, 주문 시점의 예상 가격보다 불리한 조건에 체결되는 ‘슬리피지(Slippage)’ 현상이 발생해 손실을 볼 수 있다. 금감원은 투자 전 유동성 풀의...",https://biz.chosun.com/stock/finance/2026/06/15/HXLKYSRDRFBATHLC3XIUJY76YM/?utm_source=naver&utm_medium=original&utm_campaign=biz,1,0.85,rule_keep_score_ge_6_with_hard_match,0.352054,0,pseudo_keep_model_drop,keep,candidate_hybrid_keep_strong_domain_rule_anchor,13,금감원;유동성;가상자산,,
2026-06-18,"""빚투 막아라"" 은행권, 신용·마통 대출 제한…가계대출 관리 강화",NH농협은행은 19일부터 가계 신용대출의 한도를 차주당 최대 1억원으로 제한한다. 특히 마이너스통장의 경후 한도 1억원과 차주 연소득의 절반 중 금액이 적은 쪽을 기준으로 대출 한도를 제한한다. 인터넷은행도 대출...,http://www.hansbiz.co.kr/news/articleView.html?idxno=844755,1,0.85,rule_keep_score_ge_6_with_hard_match,0.381780,0,pseudo_keep_model_drop,keep,candidate_hybrid_keep_strong_domain_rule_anchor,9,은행권;인터넷은행,대출,
2026-06-11,"신한금융, 5천억원 장기연체채권 소각…5조원 규모 '포용금융 2.0' 본격...",제주은행과 신한저축은행도 약 60억원 규모의 연체채권 소각에 참여한다. 신한금융은 단순한 채권 소각에 그치지 않고 장기 연체 악순환을 차단하기 위한 제도 개선도 추진한다. 5년 이상 경과한 채권에 대해서는 시효...,https://www.ppss.kr/news/articleView.html?idxno=298349,1,0.85,rule_keep_score_ge_6_with_hard_match,0.392767,0,pseudo_keep_model_drop,keep,candidate_hybrid_keep_strong_domain_rule_anchor,8,저축은행,연체;채권,
2026-06-12,"우리은행, 대출 비교 플랫폼 통한 신용대출 갈아타기 중단",금융위도 이날 관계기관 합동으로 가계부채 점검회의을 열어 가계대출 비상 관리 체계를 가동하기로 했다. 은행권은 신용대출 관리를 위해 △고액 연봉자의 신규 신용대출 한도 축소 △신용대출 중도상환수수료 면제를...,http://www.inews24.com/view/1975879,1,0.85,rule_keep_score_ge_6_with_hard_match,0.438265,0,pseudo_keep_model_drop,keep,candidate_hybrid_keep_strong_domain_rule_anchor,10,금융위;가계부채,대출,
2026-05-29,"하나금융, 중금리대출 2조·소상공인 지원 1조 '포용금융 로드맵' 가동","하나저축은행은 햇살론 지원 확대와 함께 취약 차주 및 보이스피싱 피해자 상환 유예 등 자체 채무조정을 시행 중이다. 함영주 하나금융그룹 회장은 ""포용금융은 단순한 기부나 일시적인 지원이 아닌, 서민의 삶에...",https://www.mt.co.kr/finance/2026/05/29/2026052815094568348,1,0.85,rule_keep_score_ge_6_with_hard_match,0.439027,0,pseudo_keep_model_drop,keep,candidate_hybrid_keep_strong_domain_rule_anchor,8,저축은행;보이스피싱,,
2026-06-08,"금융감독원·은행연합회, '금융사기 예방' 오디오북·전자책 무료 배포","보이스피싱 피해 예방을 위한 10계명, 피해 신고 시 필요한 대표번호와 은행별 연락처, 안심차단 서비스(여신·비대면·오픈뱅킹), 개인정보 노출자 사고예방 시스템 등 현실적으로 도움이 되는 서비스도 함께 안내한다....",https://www.insnews.co.kr/news/articleView.html?idxno=91160,1,0.85,rule_keep_score_ge_6_with_hard_match,0.439800,0,pseudo_keep_model_drop,keep,candidate_hybrid_keep_strong_domain_rule_anchor,10,금융감독원;보이스피싱,,
2026-06-17,"인터넷은행도 신용대출 조인다, '빚투' 수요 확대에 대출관리 강화","금융당국은 증시 상승세에 따른 투자 수요 확대가 신용대출 증가세를 자극한 것으로 보고 가계대출 관리 강도를 높였다. 이에 KB국민은행과 신한은행, 하나은행, NH농협은행 등 시중은행들도 신용대출 한도 축소와...",https://www.businesspost.co.kr/BP?command=article_view&num=440119,1,0.85,rule_keep_score_ge_6_with_hard_match,0.446470,0,pseudo_keep_model_drop,keep,candidate_hybrid_keep_strong_domain_rule_anchor,8,시중은행;인터넷은행,,
2026-05-29,"하나금융, 포용금융 로드맵 본격 가동···""3조원 규모 집행""",하나저축은행의 경우에도 햇살론 지원 확대와 함께 취약 차주 및 보이스피싱 피해자 상환 유예 등 자체 채무조정을 시행 중이다. 하나금융의 이같은 포용금융 공급 확대는 장기적으로 서민과 소상공인의 가계 안정을...,https://www.newsfreezone.co.kr/news/articleView.html?idxno=692056,1,0.85,rule_keep_score_ge_6_with_hard_match,0.451382,0,pseudo_keep_model_drop,keep,candidate_hybrid_keep_strong_domain_rule_anchor,8,저축은행;보이스피싱,,
2026-05-29,"하나금융, 5년 이상 연체된 부실 채권 2000억 소각",하나금융그룹이 연체된 지 5년이 지난 부실 채권 2000억원어치를 일괄 탕감해 주기로 했다. 중·저신용자를... 또 하나금융은 시중은행에서 대출을 받기 힘든 중·저신용자를 대상으로 전용 대출 상품인 ‘하나원큐...,https://www.chosun.com/economy/economy_general/2026/05/29/NHNWNZBQNZA2FBXVFCRCDMPR3U/?utm_source=naver&utm_medium=referral&utm_campaign=naver-news,1,0.85,rule_keep_score_ge_6_with_hard_match,0.452169,0,pseudo_keep_model_drop,keep,candidate_hybrid_keep_strong_domain_rule_anchor,9,시중은행,대출;부실;채권,
2026-06-02,[소비자민원평가-손해보험] 빅5 민원 점유율 73% 집중...KB손해보험 2년...,민원 유형별로 보면 ▶보험금 지급 ▶불완전판매 ▶사고 처리 ▶계약 해지 ▶고객센터 ▶보험료 순으로 집계됐다. 가장 많은 민원이 접수된 보험금 지급(41.3%) 유형은 실손보험 청구 관련 민원이 주를 이뤘다. 특히...,http://www.consumernews.co.kr/news/articleView.html?idxno=756596,1,0.85,rule_keep_score_ge_6_with_hard_match,0.464299,0,pseudo_keep_model_drop,keep,candidate_hybrid_keep_strong_domain_rule_anchor,8,손해보험;불완전판매,보험료,
2026-06-09,"""10개월 만기 10% 적금 나왔다"" 하나카드, 산림조합과 8월31일까지 특판...","하나카드의 2023~2025년 매출액, 영업이익, 당기순이익 추이 [도표 CatchNews] 산림조합은 전국 132개 단위조합을 두고 있는 상호금융기관이다. 농협·수협·신협·새마을금고와 함께 상호금융 5개 기관 중 하나다. 가입은...",https://www.catchnews.kr/news/articleView.html?idxno=124719,1,0.85,rule_keep_score_ge_6_with_hard_match,0.477963,0,pseudo_keep_model_drop,keep,candidate_hybrid_keep_strong_domain_rule_anchor,12,상호금융;새마을금고;신협,,
2026-06-17,인터넷은행도 가계대출 관리 강화…마통 한도 줄인다,민주신문=이한호 기자｜시중은행에 이어 인터넷전문은행들도 가계대출 관리 강화에 나섰다. 신용대출과 마이너스 통장 한도를 잇달아 축소하며 대출 증가 속도 조절에 들어간 모습이다. 16일 금융권에 따르면...,http://www.iminju.net/news/articleView.html?idxno=165347,1,0.85,rule_keep_score_ge_6_with_hard_match,0.481950,0,pseudo_keep_model_drop,keep,candidate_hybrid_keep_strong_domain_rule_anchor,9,시중은행;인터넷은행,대출,
2026-06-13,'빚투' 급증에 은행권 신용대출 조인다…마통 한도 줄줄이 축소,금융당국이 신용대출을 중심으로 한 가계부채 증가세에 경고음을 내면서 은행권도 대출 총량 관리 강화에 착수한 모습이다. 12일 금융권에 따르면 KB국민은행은 오는 16일부터 일반 신용대출 최대 한도를 1억원으로...,http://www.srtimes.kr/news/articleView.html?idxno=205174,1,0.85,rule_keep_score_ge_6_with_hard_match,0.490459,0,pseudo_keep_model_drop,keep,candidate_hybrid_keep_strong_domain_rule_anchor,8,은행권;가계부채,대출,
2026-06-16,"금감원, 탈중앙화거래소(DEX) 투자 주의보... ""1001배 폭등 뒤 먹튀""",금융감독원은 15일 '탈중앙화거래소(DEX)에서의 가상자산 매매 시 이용자 유의사항'을 발표하고 투자자들에게 각별한 주의를 당부했다. 최근 DEX에서 발생한 가상자산 부정거래 사건을 계기로 투자자 피해 예방에 나선...,https://www.m-i.kr/news/articleView.html?idxno=1381635,1,0.85,rule_keep_score_ge_6_with_hard_match,0.494879,0,pseudo_keep_model_drop,keep,candidate_hybrid_keep_strong_domain_rule_anchor,16,금융감독원;금감원;가상자산,,
2026-06-13,"국민銀, 마통 한도 5000만원 일괄 제한…은행권 대출 조이기 본격화",또 다른 시중은행 관계자는 “가계대출 증가세가 꺾이지 않을 경우 추가 조치 시행 여부도 검토하고 있다”며 “고액 연봉자 기준이나 마이너스통장 한도를 더 낮추는 방식으로 관리에 나설 수 있다”고 설명했다....,https://www.sedaily.com/article/20055108?ref=naver,1,0.85,rule_keep_score_ge_6_with_hard_match,0.495018,0,pseudo_keep_model_drop,keep,candidate_hybrid_keep_strong_domain_rule_anchor,9,은행권;시중은행,대출,
2026-06-13,"[금융 Pick] KB국민·신한은행, 신용대출 조인다…가계부채 관리 강화에...","금융권에서는 하반기 스트레스 총부채원리금상환비율(DSR) 강화와 맞물려 은행권의 가계대출 관리 기조가 한층 강화될 것으로 전망하고 있다. ■ KB국민은행, 신용대출 한도 축소 KB국민은행은 오는 16일부터 일반...",https://www.lcnews.co.kr/news/articleView.html?idxno=203387,1,0.85,rule_keep_score_ge_6_with_hard_match,0.497958,0,pseudo_keep_model_drop,keep,candidate_hybrid_keep_strong_domain_rule_anchor,8,dsr;가계부채,금융,
2026-06-17,"""비트코인 1억 원대 안착"" 가상화폐 전반 상승…거래대금 1위는 '리플'","비트코인, 가상화폐, 암호화폐 이미지 (사진=기사의 이해를 돕기 위해 AI로 제작된 이미지입니다) 가상자산 시장이 비트코인의 1억 원대 안착과 함께 전반적인 상승세를 기록했다. 16일 가상화폐 거래소 업비트에...",https://www.gukjenews.com/news/articleView.html?idxno=3610054,1,0.85,rule_keep_score_ge_6_with_hard_match,0.504510,0,pseudo_keep_model_drop,keep,candidate_hybrid_keep_strong_domain_rule_anchor,8,가상자산;암호화폐,,
2026-05-29,"하나금융, 올해 3兆 포용금융 조기 집행… 중저신용자·소상공인 지원 ...",하나저축은행은 햇살론 지원 확대와 함께 취약 차주와 보이스피싱 피해자 상환 유예 등 자체 채무조정을 시행 중이다. 하나금융은 2030년까지 5년간 생산적 금융 84조원과 포용금융 16조원 등 총 100조원을 투입하는 '하나...,https://www.dt.co.kr/article/12064701?ref=naver,1,0.85,rule_keep_score_ge_6_with_hard_match,0.508335,0,pseudo_keep_model_drop,keep,candidate_hybrid_keep_strong_domain_rule_anchor,13,저축은행;보이스피싱;생산적 금융,금융,
2026-06-13,'빚투' 급증에 은행권 관리 강화…신한은행도 비대면 접수 제한,"한국은행이 전날 발표한 금융시장 동향에 따르면 5월 말 기준 예금은행의 가계대출 잔액은 1181조 8천억 원으로 전월보다 6조 9천억 원 늘었다.주택담보대출이 3조 2천억 원, 신용대출을 포함한 기타대출이 3조 7천억 원...",https://www.nocutnews.co.kr/news/6532023?utm_source=naver&utm_medium=article&utm_campaign=20260612100015,1,0.85,rule_keep_score_ge_6_with_hard_match,0.522702,0,pseudo_keep_model_drop,keep,candidate_hybrid_keep_strong_domain_rule_anchor,9,한국은행;은행권,,
2026-06-10,해외 카드 결제 취소 하세월···“증빙자료 꼼꼼히 갖춰 이의제기 신...,현지 가맹점 조사 권한 등이 카드사에 없다는 이유에서였다. 금융감독원은 9일 “신용카드 해외 사용과... 현금이 부족할 경우 잠시 활용할 순 있지만 평균 수수료율이 15.1~18.3%에 달해 장기간 이용하면 수수료 부담이...,https://www.khan.co.kr/article/202606091512011,1,0.85,rule_keep_score_ge_6_with_hard_match,0.523464,0,pseudo_keep_model_drop,keep,candidate_hybrid_keep_strong_domain_rule_anchor,8,금융감독원,수수료;가맹점,
2026-06-17,빚투 확산에 마통 빗장…인뱅 3사도 신용대출 제한,이번 인터넷은행들의 조치는 금융당국이 은행권에 자율적인 가계대출 관리 강화를 주문한 이후 본격화됐다. 지난 11일 금융위원회가 개최한 가계부채 점검회의에서 은행권은 신용대출 증가세 확대에 우려를 표하며...,https://www.dailian.co.kr/news/view/1656298/?sc=Naver,1,0.85,rule_keep_score_ge_6_with_hard_match,0.530319,0,pseudo_keep_model_drop,keep,candidate_hybrid_keep_strong_domain_rule_anchor,19,금융위원회;금융위;인터넷은행;가계부채,,
2026-06-11,"李 ‘약탈적 금융’ 질타에…금융사, 장기연체 서민 빚 대거 탕감한다","제주은행, 신한저축은행 등도 연체 채권 60억 원을 없앨 예정이다. KB국민은행은 3월 연체 채권 335억 원 소각에 더해 이달 1000억 원을 소각한다. 지난해 소각 규모(907억 원)를 넘어선 숫자다. 하나은행은 이달 연체...",https://www.donga.com/news/Economy/article/all/20260610/134084520/1,1,0.85,rule_keep_score_ge_6_with_hard_match,0.533034,0,pseudo_keep_model_drop,keep,candidate_hybrid_keep_strong_domain_rule_anchor,9,저축은행,연체;채권;금융,
2026-06-09,"비트코인, 'FTX 붕괴' 이후 최대 주간 급락 기록","위험자산 전반에 충격을 줬다""라며 ""올해 초까지만 해도 미국 기준금리 인하가 기대됐으나, 최근에는 추가 인상 가능성이 고려되고 있다""라고 말했다. 비트코인은 6월 8일 오전 현재 업비트 가상화폐 거래소에서...",https://www.khgames.co.kr/news/articleView.html?idxno=305120,1,0.85,rule_keep_score_ge_6_with_hard_match,0.533831,0,pseudo_keep_model_drop,keep,candidate_hybrid_keep_strong_domain_rule_anchor,8,기준금리;업비트,,
2026-06-17,"""신용대출 3억→1억, 마통 1.5억→5000만원""…토스뱅크, 한도 대폭 축소","증시 호황에 따른 빚투 수요 급증으로 금융당국이 가계부채 비상관리체계를 가동한 가운데 인터넷은행들이 대출 한도를 대폭 축소하며 선제적 대응에 나서는 모습이다. 토스뱅크 관계자는 ""금융시장의 안정성 확보를...",https://www.joongangenews.com/news/articleView.html?idxno=526285,1,0.85,rule_keep_score_ge_6_with_hard_match,0.535705,0,pseudo_keep_model_drop,keep,candidate_hybrid_keep_strong_domain_rule_anchor,8,인터넷은행;가계부채,대출,
2026-05-29,"하나금융, 올해 3.3조원 포용금융 가동…2000억원 연체채권 없앤다",하나캐피탈은 저신용 생계형 화물차 차주를 대상으로 우대금리 지원을 확대하고 있다. 하나저축은행의 경우에도 햇살론 지원 확대와 함께 취약 차주 및 보이스피싱 피해자 상환 유예 등 자체 채무조정을 시행 중이다.,https://daily.hankooki.com/news/articleView.html?idxno=1371370,1,0.85,rule_keep_score_ge_6_with_hard_match,0.539944,0,pseudo_keep_model_drop,keep,candidate_hybrid_keep_strong_domain_rule_anchor,8,저축은행;보이스피싱,,
2026-06-12,"코인베이스, 에이전트 기능도입…""AI가 가상화폐 알아서 사고판다""","한편, 코인베이스는 2012년에 설립된 미국 최대의 글로벌 가상자산(암호화폐) 거래소이자 비트코인 수탁 기관으로, 개인과 기관 투자자들이 안전하게 디지털 자산을 거래하고 보관할 수 있는 금융 서비스를 제공해 오고...",https://www.sentv.co.kr/article/view/sentv202606120006,1,0.85,rule_keep_score_ge_6_with_hard_match,0.541438,0,pseudo_keep_model_drop,keep,candidate_hybrid_keep_strong_domain_rule_anchor,9,가상자산;암호화폐,금융,
2026-06-18,빚투 차단 나선다…신용대출 조이는 인터넷은행,"카카오·토스·케이뱅크 일제히 시행 마이너스 통장 한도 대폭 축소 나서 시중은행에 이어 인터넷전문은행 3사(카카오뱅크, 케이뱅크, 토스뱅크)도 가계대출 관리 강화에 본격적으로 나섰다. 최근 주식시장 활황으로...",https://www.mk.co.kr/article/12076142,1,0.85,rule_keep_score_ge_6_with_hard_match,0.543352,0,pseudo_keep_model_drop,keep,candidate_hybrid_keep_strong_domain_rule_anchor,8,시중은행;인터넷은행,,
2026-06-12,생산적 금융 1년… 기업대출 95조 늘었지만 지원 기준 제각각,"12일 금융권에 따르면 5대 금융지주(KB·신한·하나·우리·NH농협)와 KDB산업은행, IBK기업은행의 기업대출 및 투자 잔고는 지난해 6월 말 1782조원에서 올해 3월 말 1877조원으로 95조원 늘었다. 같은 기간 가계대출 증가 규모는...",https://it.chosun.com/news/articleView.html?idxno=2023092163724,1,0.85,rule_keep_score_ge_6_with_hard_match,0.546912,0,pseudo_keep_model_drop,keep,candidate_hybrid_keep_strong_domain_rule_anchor,15,산업은행;기업은행;생산적 금융,금융,
2026-05-29,[은행가] 하나카드 '트블컵' 이벤트 外,'위기 극복' 부문에서는 단기 연체 및 부실 우려 고객을 대상으로 채무조정 상품 심사기준을 완화한다. 기업은행은 주택담보대출 만기와 상환 조건을 비대면으로 변경할 수 있는 서비스도 도입할 계획이다. '신용 회복...,https://www.slist.kr/news/articleView.html?idxno=741795,1,0.85,rule_keep_score_ge_6_with_hard_match,0.549570,0,pseudo_keep_model_drop,keep,candidate_hybrid_keep_strong_domain_rule_anchor,9,기업은행,연체;부실,
2026-06-12,시중은행 포용금융 확대… 채권 소각 늘리고 서민대출 문턱 낮춰,"11일 금융권에 따르면, 주요 은행지주사 및 시중은행들은 최근 수천억원 규모의 장기 연체채권 소각과... 게다가 시중금리 상승 및 경기둔화로 연체율 역시 상승세를 보이고 있다. 다만, 취약계층의 이자 부담을...",https://www.ekoreanews.co.kr/news/articleView.html?idxno=86523,1,0.85,rule_keep_score_ge_6_with_hard_match,0.550402,0,pseudo_keep_model_drop,keep,candidate_hybrid_keep_strong_domain_rule_anchor,10,시중은행;연체율,채권,
2026-05-29,"하나금융그룹, 2026년 포용금융 로드맵 본격 가동… 3조원 조기 집행, 금...","하나저축은행은 햇살론 지원과 보이스피싱 피해자 상환 유예 등 채무조정을 시행 중이다. 하나금융그룹은 2030년까지 5년간 총 100조원(생산적 금융 84조원, 포용금융 16조원)을 투입하는 '하나 모두 성장 프로젝트'를 통해...",http://www.queen.co.kr/news/articleView.html?idxno=457640,1,0.85,rule_keep_score_ge_6_with_hard_match,0.551735,0,pseudo_keep_model_drop,keep,candidate_hybrid_keep_strong_domain_rule_anchor,13,저축은행;보이스피싱;생산적 금융,금융,
2026-06-12,[금융계 동향] KB증권·신한은행·새마을금고,이번 무료보험은 보이스피싱과 메신저피싱 등 금융사기 수법이 다양해지는 상황에서 고령층 고객의 금융 피해를 줄이기 위해 마련됐다. 가입 신청은 오는 12월 31일까지 신한 SOL뱅크를 통해 가능하며 가입 후 1년간...,http://www.iminju.net/news/articleView.html?idxno=165176,1,0.85,rule_keep_score_ge_6_with_hard_match,0.552246,0,pseudo_keep_model_drop,keep,candidate_hybrid_keep_strong_domain_rule_anchor,9,새마을금고;보이스피싱,금융,
2026-06-02,"인뱅, 신용대출 영향에 예대금리차 확대","1일 은행연합회 소비자포털에 따르면 인터넷은행은 예대금리차가 지난해보다 평균 약 0.3%p 상승했다. 특히 케이뱅크는 지난해보다 0.42%p로 예대금리차가 가장 많이 올랐으며 뒤이어 토스뱅크, 카카오뱅크 순이였다....",https://www.tleaves.co.kr/news/articleView.html?idxno=9351,1,0.85,rule_keep_score_ge_6_with_hard_match,0.553646,0,pseudo_keep_model_drop,keep,candidate_hybrid_keep_strong_domain_rule_anchor,8,인터넷은행;예대금리차,,
2026-06-03,"바이낸스, 삼전·닉스·현차 최대 20배 선물 출시…국내 법 저촉 논란",국내 대표 상장사 주가를 기초자산으로 삼은 고위험 파생상품이 해외 가상자산거래소에서 거래되기 시작하면서 국내 법 저촉 여부를 둘러싼 논란이 커질 전망이다. 바이낸스는 2일 새벽 SK하이닉스(SKHYNIXUSDT)...,https://www.edaily.co.kr/news/newspath.asp?newsid=03831046645477784,1,0.85,rule_keep_score_ge_6_with_hard_match,0.555800,0,pseudo_keep_model_drop,keep,candidate_hybrid_keep_strong_domain_rule_anchor,9,가상자산;가상자산거래소,,
2026-06-03,“압류 상황서도 최소 생활비 보장해요”… ‘생계비 통장’ 포용금융...,"5대 시중은행(KB국민·신한·하나·우리·NH농협)과 IBK기업은행, 새마을금고는 최근 압류 방지 기능을 강화한... 중·저신용자 대출 확대나 상생금융 출연처럼 직접적인 건전성 부담이 크지 않은 반면 금융 취약계층 지원...",https://www.munhwa.com/article/11592907?ref=naver,1,0.85,rule_keep_score_ge_6_with_hard_match,0.556525,0,pseudo_keep_model_drop,keep,candidate_hybrid_keep_strong_domain_rule_anchor,17,시중은행;새마을금고;기업은행,대출;건전성;금융,
2026-06-17,"신용대출도 ‘브레이크’…가계대출 제약 커진 인뱅, 성장 공식 바뀐다",일반적으로 은행은 가계대출 성장이 어려워지면 기업대출을 확대하며 이자이익을 확보한다. 그러나 기업대출을 보면 시중은행이 대기업·중소기업·개인사업자 대출을 모두 공급하고 있는 것과 달리 인터넷은행은...,https://www.ekn.kr/web/view.php?key=20260616020313419,1,0.85,rule_keep_score_ge_6_with_hard_match,0.558757,0,pseudo_keep_model_drop,keep,candidate_hybrid_keep_strong_domain_rule_anchor,8,시중은행;인터넷은행,,
2026-05-29,"시중은행이 떠난 자리, 농협이 지킨다…'포용금융'의 최전선","그 자리를 묵묵히 지키고 있는 것이 농협 상호금융이다. 시중은행의 오프라인 인프라 축소는 이미 수치로 확인된다. 2025년 말 기준 주요 시중은행의 수도권 지점 비중은 우리은행 71.5%, 국민은행 68.6%, 신한은행 68.3...",http://www.queen.co.kr/news/articleView.html?idxno=457678,1,0.85,rule_keep_score_ge_6_with_hard_match,0.558789,0,pseudo_keep_model_drop,keep,candidate_hybrid_keep_strong_domain_rule_anchor,8,시중은행;상호금융,,
2026-06-12,'빚투'에 기타대출 5년 만에 최대 폭 증가...이자폭탄 부메랑 우려,"10일까지 5대 은행의 신용대출 잔액은 108조 원을 넘어섰으며, 영업일 기준 단 7일 만에 1조 6천억 원 넘게 불어났다. 금융당국은 가계부채 증가세가 안정될 때까지 비상관리 체계를 가동하기로 했다. 신진창 금융위원회...",http://www.wowtv.co.kr/NewsCenter/News/Read?articleId=A202606110480&t=NN,1,0.85,rule_keep_score_ge_6_with_hard_match,0.560361,0,pseudo_keep_model_drop,keep,candidate_hybrid_keep_strong_domain_rule_anchor,15,금융위원회;금융위;가계부채,,
2026-06-13,신용대출 한 달 새 1.9조 급증…은행권 한도 조이기 돌입,12일 금융권에 따르면 국민·신한·하나·우리 등 4대 시중은행의 가계 신용대출 잔액은 5월 말 기준 총 90조351억원으로 집계됐다. 4월 말 88조1004억원보다 1조9347억원 증가했다. 지난 4월까지 증가세가 비교적 완만했던...,https://www.newsworks.co.kr/news/articleView.html?idxno=843676,1,0.85,rule_keep_score_ge_6_with_hard_match,0.561418,0,pseudo_keep_model_drop,keep,candidate_hybrid_keep_strong_domain_rule_anchor,8,은행권;시중은행,,
2026-06-12,"대출 총량 초과 농협은행, 전방위 조이기…4대銀에 수요 쏠리나","금융당국, 농협은행에 가계대출 관리 강화 주문 지방 소재 주담대 늘며 연간 총량 넘어선 듯 6월 들어 주담대... 일부 상호금융과 저축은행은 올해 대출 잔액을 사실상 늘릴 수 없는 ‘순증 0%’ 조치를 부과받은 만큼...",https://biz.heraldcorp.com/article/10769212?ref=naver,1,0.85,rule_keep_score_ge_6_with_hard_match,0.561435,0,pseudo_keep_model_drop,keep,candidate_hybrid_keep_strong_domain_rule_anchor,9,저축은행;상호금융,대출,
2026-05-31,빚내서 주식 산다…코스피 급등에 신용대출 2년 6개월 만 최대,연체율 상승에 금융권 건전성 우려 다만 금융권 안팎에서는 최근의 신용대출 급증이 향후 금융시스템 건전성에 부담으로 작용할 수 있다는 우려도 제기된다. 과거에도 증시 과열 국면에서 개인 신용대출이 급격히...,https://www.ppss.kr/news/articleView.html?idxno=297449,1,0.85,rule_keep_score_ge_6_with_hard_match,0.563121,0,pseudo_keep_model_drop,keep,candidate_hybrid_keep_strong_domain_rule_anchor,9,연체율,건전성;주식;코스피,
2026-06-16,"금감원 ""검찰, DEX '러그풀' 기소""…투자자 유의 당부","금융감독원은 15일 탈중앙화거래소(DEX)에서의 가상자산 부정거래 위험성을 경고했다. 이날 금감원에 따르면 서울남부지검은 지난달 27일 '밈코인 러그풀' 사기 혐의자를 기소했으며, 피해자는 256명, 피해액은 9억원...",http://www.fnnews.com/news/202606151045566421,1,0.85,rule_keep_score_ge_6_with_hard_match,0.564059,0,pseudo_keep_model_drop,keep,candidate_hybrid_keep_strong_domain_rule_anchor,16,금융감독원;금감원;가상자산,,
2026-06-15,시중은행 이어 인뱅도 신용대출 조이나…수익원 다변화 압박↑,"문제는 인터넷은행 여신 구조가 가계대출에 집중돼 있어 신용대출 규제까지 강화되면 성장성 둔화가 불가피하다는 점이다. 올해 1분기 가계대출 잔액은 카카오뱅크 44조2952억원, 토스뱅크 14조1311억원, 케이뱅크...",https://www.ajunews.com/view/20260614144424296,1,0.85,rule_keep_score_ge_6_with_hard_match,0.564397,0,pseudo_keep_model_drop,keep,candidate_hybrid_keep_strong_domain_rule_anchor,8,시중은행;인터넷은행,,
2026-06-15,"李 정부의 황당 정책 ... 빚투로 가계대출 폭증, 뒷책임은 아무도 안 지...",한국은행에 따르면 지난 5월 은행권 가계대출은 6조9000억원 증가했다. 2024년 8월 이후 21개월 만의 최대 증가폭이다. 특히 신용대출과 마이너스통장이 포함된 기타대출은 3조7000억원 늘어 2021년 이후 가장 큰 폭으로...,https://www.newdaily.co.kr/site/data/html/2026/06/12/2026061200181.html,1,0.85,rule_keep_score_ge_6_with_hard_match,0.565932,0,pseudo_keep_model_drop,keep,candidate_hybrid_keep_strong_domain_rule_anchor,9,한국은행;은행권,,
2026-06-10,[뱅크 NOW] NH농협은행·MG새마을금고·카카오뱅크,다수의 누적 사례를 분석한 결과 이러한 미세한 활동 중단 시간은 보이스피싱 범죄자가 전화나 메신저로 피해자를 설득하거나 추가 이체를 압박·유도하는 과정과 일치하는 경우가 많았다. AI가 이러한 행동 맥락을 종합...,http://www.wikileaks-kr.org/news/articleView.html?idxno=188342,1,0.85,rule_keep_score_ge_6_with_hard_match,0.566815,0,pseudo_keep_model_drop,keep,candidate_hybrid_keep_strong_domain_rule_anchor,8,새마을금고;보이스피싱,,
2026-06-18,"바이낸스, EU 영업 제한 가능성 제기","'미카'는 가상화폐 거래소, 수탁사, 지갑 서비스 업체, 스테이블코인(현금성 디지털자산) 발행사 등을 대상으로 자본 요건과 투자자 보호, 자금세탁방지(AML), 내부통제 기준 등을 규정한 유럽연합 통합 규제다. 가상화폐...",https://www.khgames.co.kr/news/articleView.html?idxno=305474,1,0.85,rule_keep_score_ge_6_with_hard_match,0.567000,0,pseudo_keep_model_drop,keep,candidate_hybrid_keep_strong_domain_rule_anchor,9,디지털자산;스테이블코인,,
2026-06-18,"연체채권 팔아도 고객 보호…금융위, 가이드라인 개정 예고","실제 금융감독원 발표를 살펴보면 국내 은행의 연체채권 정리 규모는 올해 1월과 2월 각각 1조3000억원 수준을 유지하다가, 3월에는 4조3000억원으로 크게 증가했다. 이에 따라 2분기 말인 이달에도 은행권이 대규모 연체채권...",http://www.newsprime.co.kr/news/article.html?no=737033,1,0.85,rule_keep_score_ge_6_with_hard_match,0.567478,0,pseudo_keep_model_drop,keep,candidate_hybrid_keep_strong_domain_rule_anchor,12,금융감독원;금융위,,
2026-06-12,"증시 급등에 신용대출도 껑충...은행권 ""고액연봉자 신용대출 한도 제한...",은행권은 고액 연봉자의 신규 신용대출 한도 축소 등을 통해 신용대출 증가세 관리에 나선다는 방침이다. 금융위원회는 11일 오전 정부서울청사에서 신진창 사무처장 주재로 관계기관 합동 '가계부채 점검회의'를 열고...,http://www.consumernews.co.kr/news/articleView.html?idxno=757302,1,0.85,rule_keep_score_ge_6_with_hard_match,0.567844,0,pseudo_keep_model_drop,keep,candidate_hybrid_keep_strong_domain_rule_anchor,19,금융위원회;금융위;은행권;가계부채,,
2026-06-13,은행권 신용대출 억제…고액 대출자에 '제한 강화',"이러한 대응들은 금융 당국과 각 은행이 신용대출 증가를 억제하기 위해 협력 중인 가운데 이루어진 것이며, 다른 대형 은행들도 자율적인 관리 방안을 검토 중이다. 금융위원회는 연 가계부채 점검회의를 통해 신용대출...",https://www.gokorea.kr/news/articleView.html?idxno=868953,1,0.85,rule_keep_score_ge_6_with_hard_match,0.568090,0,pseudo_keep_model_drop,keep,candidate_hybrid_keep_strong_domain_rule_anchor,20,금융위원회;금융위;은행권;가계부채,금융,
2026-05-29,"하나금융 함영주號, 포용금융 3조원 조기 집행…서민·소상공인 금융 지...","하나캐피탈은 저신용 화물차 차주 대상 우대금리를 확대했고, 하나저축은행은 햇살론 공급 확대와 함께 취약 차주와 보이스피싱 피해자 상환 유예, 자체 채무조정을 시행 중이다. 하나금융그룹은 오는 2030년까지 5년간...",https://www.seoultimes.news/news/article.html?no=2000096107,1,0.85,rule_keep_score_ge_6_with_hard_match,0.570920,0,pseudo_keep_model_drop,keep,candidate_hybrid_keep_strong_domain_rule_anchor,9,저축은행;보이스피싱,금융,
2026-05-30,"토스뱅크, 1분기 순익 296억원…""1500만 고객 기반 성장·포용금융 모두...","75%로 시중은행 가운데 가장 높은 수준을 유지했다. 햇살론뱅크·사잇돌대출 등 서민정책금융 상품의 1분기 공급액은 4574억원, 누적 공급액은 2조5628억원으로 집계됐다. 건전성 지표도 개선됐다. 전체 연체율은 1.07...",https://www.public25.com/news/articleView.html?idxno=47283,1,0.85,rule_keep_score_ge_6_with_hard_match,0.572701,0,pseudo_keep_model_drop,keep,candidate_hybrid_keep_strong_domain_rule_anchor,11,시중은행;정책금융,건전성,
2026-06-05,포용금융 여파? 인터넷은행 부실채권 매각 2년간 3배 쑥↑,대출채권 매각 수치가 크게 오른 이유로는 중저신용자 대출 연체 때문이라는 분석이다. 포용금융 정책의 일환으로 인터넷은행의 신규 신용대출 중 중저신용자 대출 비율은 전년 대비 14% 가량 늘었다. 그러나 대출금리...,https://www.nocutnews.co.kr/news/6528104?utm_source=naver&utm_medium=article&utm_campaign=20260604030343,1,0.85,rule_keep_score_ge_6_with_hard_match,0.574379,0,pseudo_keep_model_drop,keep,candidate_hybrid_keep_strong_domain_rule_anchor,11,인터넷은행;부실채권,대출;연체,
2026-06-17,'용두사미' 스페이스X 공모주…금융당국 사전 인지에도 대책 미흡했나,"스페이스X의 상장(IPO)을 앞두고 국내 공모주 청약 시장에서 발생한 마케팅 현상과 관련, 금융감독원이 이미... 대형 주관사단과의 긴밀한 네트워크 및 물량 확보(Allocation) 능력이 필수적이다. 앞서 국내 증권사와 운용사들은...",https://www.ebn.co.kr/news/articleView.html?idxno=1712787,1,0.85,rule_keep_score_ge_6_with_hard_match,0.574405,0,pseudo_keep_model_drop,keep,candidate_hybrid_keep_strong_domain_rule_anchor,10,금융감독원;ipo,,
2026-06-15,"미래에셋, 스페이스X 공모주 물량 제로 ‘후폭풍’",미래에셋증권 관계자는 “대표주관사인 골드만삭스에서 한국 투자자 배정분(Korea Tranche)을 0으로 통보한 것 같다”며 “(공모주 미배정)이유는 모르겠지만 글로벌 가상자산거래소 바이낸스도 공모주를 확보하지...,https://www.segye.com/newsView/20260614507848?OutUrl=naver,1,0.85,rule_keep_score_ge_6_with_hard_match,0.575224,0,pseudo_keep_model_drop,keep,candidate_hybrid_keep_strong_domain_rule_anchor,9,가상자산;가상자산거래소,,
2026-06-12,"스페이스X 공모주 확보 제한…국내 ETF, 상장 후 매수로 선회",미국 우주기업 스페이스X가 오는 12일(현지시간) 나스닥 상장을 앞두고 국내 금융시장에도 파장을 일으키고 있다. 대규모 공모주 청약에 따른 달러 매수 수요가 달러/원 환율 변동성을 키울 수 있다는 우려가 나오면서...,https://www.newspim.com/news/view/20260611001022,1,0.85,rule_keep_score_ge_6_with_hard_match,0.575298,0,pseudo_keep_model_drop,keep,candidate_hybrid_keep_strong_domain_rule_anchor,8,환율;국내 금융시장,달러,
2026-06-17,"인뱅 3사, '빚투' 막기 위해 마통·신용대출 제한",이 같은 움직임은 금융당국의 관리 강화와 시중은행의 자율 조치에 따른 것으로 보인다. 지난 11일 금융위원회는 가계부채 점검 회의를 열고 가계대출 비상관리체계를 가동했다. 목표를 준수하지 않는 금융사를 매주...,https://www.joongangenews.com/news/articleView.html?idxno=526196,1,0.85,rule_keep_score_ge_6_with_hard_match,0.575580,0,pseudo_keep_model_drop,keep,candidate_hybrid_keep_strong_domain_rule_anchor,19,금융위원회;금융위;시중은행;가계부채,,
2026-06-10,"[박근종 칼럼] 국민총소득 사상 최대에도 가계처분소득은 제자리, 경제...",소방준감) 한국 경제가 올해 1분기 반도체 수출 호조에 힘입어 큰 폭으로 성장했다. 한국은행이 지난 6월... 시중은행 주택담보대출 금리는 지난 6월 5일 기준 연 4.67~7.33%에 달한다. 종전(終戰) 기대로 국제 유가가...,https://www.mhns.co.kr/news/articleView.html?idxno=749858,1,0.85,rule_keep_score_ge_6_with_hard_match,0.576093,0,pseudo_keep_model_drop,keep,candidate_hybrid_keep_strong_domain_rule_anchor,9,한국은행;시중은행,,
2026-06-15,iM證 “미·이란 종전합의에 FOMC 부담도 낮아져…빅테크 자본조달 리스...,"알파벳은 회사채 발행 등을 통해 800억달러 규모의 자금 조달에 나섰고, 아마존 역시 회사채 발행과 대규모... 박 연구원은 “닷컴 버블이나 글로벌 금융 위기 당시와 달리 현재 신용 스프레드는 안정적인 흐름을 유지하고...",https://biz.chosun.com/stock/stock_general/2026/06/15/QPDELKMOXJHKFIY5BHMVSQ5VJ4/?utm_source=naver&utm_medium=original&utm_campaign=biz,1,0.85,rule_keep_score_ge_6_with_hard_match,0.576160,0,pseudo_keep_model_drop,keep,candidate_hybrid_keep_overseas_global_reference,8,회사채;스프레드,금융,
2026-06-09,"중동 불안 완화에 반도체주 반등…뉴욕증시, 기술주 중심 회복세","한편, 채권시장에서는 국채금리가 소폭 올랐다. 10년 만기 미국 국채금리는 전 거래일보다 3bp 오른 4.56% 수준을 기록했다. 금 가격은 보합권에 머물렀고, 가상자산 시장에서는 비트코인이 2% 이상 상승하며...",http://www.joseilbo.com/news/news_read.php?uid=569663&class=53&grp=,1,0.85,rule_keep_score_ge_6_with_hard_match,0.577984,0,pseudo_keep_model_drop,keep,candidate_hybrid_keep_strong_domain_rule_anchor,8,국채금리;가상자산,,
2026-06-13,"금융권, AI 전환 속도 빨라져...5대 금융그룹 중심 경쟁력 제고",더불어 농협상호금융에서 선보인 AI 대고객 서비스 'AI 무럭이'는 유용한 금융 혜택을 알리고 가짜 뉴스에 주의 및 보이스피싱 예방 정보를 안내하는 AI 캐릭터로 활용되고 있다.,https://www.womentimes.co.kr/news/articleView.html?idxno=103619,1,0.85,rule_keep_score_ge_6_with_hard_match,0.580054,0,pseudo_keep_model_drop,keep,candidate_hybrid_keep_strong_domain_rule_anchor,9,상호금융;보이스피싱,금융,
2026-06-16,“고연봉자 대출 획일규제? 가수요만 키울수도…행정지침은 가계부채 해...,"2021년 금융당국이 가계대출 총량 관리를 강화하고 은행권이 신용대출 한도를 ‘연소득 이내’로 축소하려 하자, 일주일 만에 5대 시중은행 신용대출 2조8820억원·마이너스통장 대출 2조6921억원 잔액이 급증한 전례도...",https://www.dt.co.kr/article/12067578?ref=naver,1,0.85,rule_keep_score_ge_6_with_hard_match,0.580158,0,pseudo_keep_model_drop,keep,candidate_hybrid_keep_strong_domain_rule_anchor,8,시중은행;가계부채,대출,
2026-06-05,인뱅 1분기 최대 실적···'건전성' 웃고 '비이자' 숙제,"금융업계 관계자는 ""인터넷은행들이 견조한 성장을 이룬 것은 긍정적이지만 예대금리차에 기반한 이자 마진 의존도가 여전히 높다""며 ""향후 독자적인 자산관리 비즈니스나...",https://www.newsfreezone.co.kr/news/articleView.html?idxno=693063,1,0.85,rule_keep_score_ge_6_with_hard_match,0.581332,0,pseudo_keep_model_drop,keep,candidate_hybrid_keep_strong_domain_rule_anchor,11,인터넷은행;예대금리차,건전성;실적,
2026-06-07,[형사] '연 324%' 불법 대부업자가 받은 초과이자 다 돌려줬어도 전액 추...,"항소심 재판부는 ""미등록대부업자가 법정이자율을 초과하여 받은 이자는 대부업법 제19조 제2항 제3호의 법정이자율 초과 수취로 인한 대부업법 위반죄로 인하여 취득한 재산으로, 구 범죄수익은닉의 규제 및 처벌...",http://www.legaltimes.co.kr/news/articleView.html?idxno=94334,1,0.85,rule_keep_score_ge_6_with_hard_match,0.582568,0,pseudo_keep_model_drop,keep,candidate_hybrid_keep_strong_domain_rule_anchor,12,대부업법;미등록대부,,
2026-06-13,"금융권, 가계부채 선제 대응 강화…신한·KB 대출규모 조정·하나금융은...","금융권이 최근 가계부채 증가세에 선제적으로 대응하기 위해 잇따라 가계대출 관리 강화 방안을 내놨다. 신한은행과 KB국민은행은 각각 비대면 신용대출 접수 제한과 한도 축소 조치를 발표했고, 하나금융은 생산적 금융...",https://www.newstnt.com/news/articleView.html?idxno=706196,1,0.85,rule_keep_score_ge_6_with_hard_match,0.582970,0,pseudo_keep_model_drop,keep,candidate_hybrid_keep_strong_domain_rule_anchor,8,가계부채;생산적 금융,금융,
2026-06-16,"에잇퍼센트, 하반기 상호금융과 첫 연계투자 상품 출시",온라인투자연계금융업체 에잇퍼센트가 저축은행과 운영해온 연계투자 사업을 상호금융권으로 확대한다고... 1%대 연체율을 기록하고 있다. 2014년 설립된 에잇퍼센트는 국내 P2P금융 시장 초기부터 사업을 이어온...,https://www.sedaily.com/article/20055931?ref=naver,1,0.85,rule_keep_score_ge_6_with_hard_match,0.583118,0,pseudo_keep_model_drop,keep,candidate_hybrid_keep_strong_domain_rule_anchor,8,저축은행;상호금융,,
2026-06-18,"포용금융 발목 잡는 '데이터 규제'…크레파스솔루션 ""정책금융이 신용사...","그는 저신용 차주의 높은 연체율이 ""일부러 떼먹으려는"" 문제가 아니라 생활 여건이 어렵기 때문이라고... 박현용 SBI저축은행 리테일 전무도 데이터 결합과 동의 절차를 현장의 병목으로 지적했다. 가명처리와 데이터...",https://www.ddaily.co.kr/page/view/2026061706025921239,1,0.85,rule_keep_score_ge_6_with_hard_match,0.583705,0,pseudo_keep_model_drop,keep,candidate_hybrid_keep_strong_domain_rule_anchor,9,저축은행;정책금융,,
2026-06-14,"완판됐는데 배정은 '0주'…미래에셋 스페이스X 청약 결국 무산, 금감원...",대표주관사가 물량 조정에 나선 결과로 보고 있다. 실제로 스페이스X IPO에는 기관과 개인 투자자를 합쳐... 다만 증권사 측은 해당 수량이 인수단 참여 비율을 의미하는 수치일 뿐 실제 판매 가능한 최종 배정 물량과는...,https://www.econovill.com/news/articleView.html?idxno=742313,1,0.85,rule_keep_score_ge_6_with_hard_match,0.584183,0,pseudo_keep_model_drop,keep,candidate_hybrid_keep_strong_domain_rule_anchor,13,금감원;증권사;ipo,,
2026-06-13,연봉 높아도 '신용대출 1억' 대출 조이기…실수요자 어쩌나,금융당국이 가계부채 증가세에 경고장을 내밀자 주요 시중은행들이 대출 한도 축소와 금리 인상에 나서면서 ‘대출 조이기’가 본격화하는 모습이다. 12일 금융권에 따르면 지난달 전 금융권 가계대출은 9조3천억원...,https://www.kyeonggi.com/article/20260612580149,1,0.85,rule_keep_score_ge_6_with_hard_match,0.584488,0,pseudo_keep_model_drop,keep,candidate_hybrid_keep_strong_domain_rule_anchor,9,시중은행;가계부채,금리;대출,
2026-06-13,"KB국민은행, 신용대출 한도 축소…가계부채 선제 대응",최근 금융권에서는 금리 인하 기대와 부동산 시장 회복 움직임 속에 가계대출 증가세가 다시 확대되자 주요 시중은행들이 대출 총량 관리에 나서는 분위기다. 특히 신용대출은 주택담보대출보다 상대적으로 심사 기간이...,http://www.econonews.co.kr/news/articleView.html?idxno=439615,1,0.85,rule_keep_score_ge_6_with_hard_match,0.584684,0,pseudo_keep_model_drop,keep,candidate_hybrid_keep_strong_domain_rule_anchor,9,시중은행;가계부채,금리;대출,
2026-06-13,"수십억 연봉자도 신용대출 1억…은행권, ‘빚투’ 제동",하나·신한·농협은행 등 신용대출 관리 강화 금융위 “가계부채 철저히 관리해야 할 시기” 증시 호황을 틈탄 ‘빚투’(빚내서 투자)가 급증하자 은행권이 신용대출 문턱을 높이고 있다. 과도한 레버리지(차입) 투자가...,https://www.mk.co.kr/article/12072821,1,0.85,rule_keep_score_ge_6_with_hard_match,0.585096,0,pseudo_keep_model_drop,keep,candidate_hybrid_keep_strong_domain_rule_anchor,13,금융위;은행권;가계부채,,
2026-06-02,카드사 수익성 악화 속 법인카드서 돌파구 찾는다,"사진=미디어펜 DB 1일 여신금융협회에 따르면 올해 1분기 카드사들의 법인카드 승인금액은 57조8000억원으로 전년 동기 대비 8.7% 증가하며, 같은 기간 개인카드(264조4000억원)가 1년 전보다 6.8% 늘어난 데 비해 1.9%포인트(p)...",https://www.mediapen.com/news/view/1102051,1,0.85,rule_keep_score_ge_6_with_hard_match,0.586327,0,pseudo_keep_model_drop,keep,candidate_hybrid_keep_strong_domain_rule_anchor,9,카드사;여신금융협회,,
2026-06-04,"증시 호황에도 못 웃은 하나證…하나금융, 비은행 전략 시험대","은행이 국내 최대 가상자산거래소 운영사의 주요 주주로 올라서는 첫 사례로 평가받는다. 원화 스테이블코인과 디지털자산 시장 확대에 대응하기 위한 전략적 투자라는 평가가 나오지만, 실질적인 수익 기여까지는...",https://news.einfomax.co.kr/news/articleView.html?idxno=4418183,1,0.85,rule_keep_score_ge_6_with_hard_match,0.586635,0,pseudo_keep_model_drop,keep,candidate_hybrid_keep_strong_domain_rule_anchor,25,가상자산;디지털자산;가상자산거래소;스테이블코인;원화 스테이블코인,원화,
2026-06-17,인터넷은행도 대출 규제 돌입..‘개인사업자 대출’서 활로 찾는다,■ 케뱅 마통 ‘전면 중단’·토뱅 1억 제한 16일 금융권에 따르면 시중은행의 대출 규제로 인한 풍선효과가... 소상공인 자영업자의 연체율 우려를 정부 보증기관과의 협업(보증 대출)으로 상쇄해 포용금융과 건전성을...,https://kpenews.com/View.aspx?No=4113616,1,0.85,rule_keep_score_ge_6_with_hard_match,0.588797,0,pseudo_keep_model_drop,keep,candidate_hybrid_keep_strong_domain_rule_anchor,13,시중은행;인터넷은행;연체율,대출,
2026-05-29,이억원 “포용금융 위한 구조적 변화 필요”…'포용금융 추진단' 가동,"금융산업분과는 건전성 규제 전반을 점검하고 인터넷은행, 상호금융 등의 포용금융 역할 강화방안을 논의할 예정이다. 신용인프라 분과는 포용금융의 핵심기반인 신용평가체계를 국민이 실질적으로 체감할 수 있는...",https://news.dealsitetv.com/articles/171102,1,0.85,rule_keep_score_ge_6_with_hard_match,0.589141,0,pseudo_keep_model_drop,keep,candidate_hybrid_keep_strong_domain_rule_anchor,10,인터넷은행;상호금융,건전성,
2026-05-31,"이억원 금융위원장 ""국민성장펀드 2차 조성…코스피 8천은 새 챕터""",시중은행이 우량 고객 위주의 영업에서 벗어나 데이터 기반 평가를 통해 중·저신용자를 폭넓게 수용해야 한다고 지적했다. 또한 단기 연체 이력으로 어려움을 겪는 청년층 등을 위해 미래 가능성을 평가하는 대안 금융...,https://news.einfomax.co.kr/news/articleView.html?idxno=4417578,1,0.85,rule_keep_score_ge_6_with_hard_match,0.589781,0,pseudo_keep_model_drop,keep,candidate_hybrid_keep_strong_domain_rule_anchor,24,금융위;시중은행;국민성장펀드;성장펀드,연체;코스피;금융,
2026-06-13,"은행권 '빚투' 차단 총력전…시중은행들, 신용대출 한도 축소","NH농협은행은 오는 15일부터 주택담보대출 우대금리를 0.2%포인트, 신용대출 우대금리를 0.1%포인트씩 축소해 대출 금리 하단을 끌어올린다. 이번 조치는 금융당국과 시중은행이 가계부채 증가세에 대해 논의한 결과에...",http://www.smarttimes.co.kr/news/articleView.html?idxno=46369,1,0.85,rule_keep_score_ge_6_with_hard_match,0.590081,0,pseudo_keep_model_drop,keep,candidate_hybrid_keep_strong_domain_rule_anchor,13,은행권;시중은행;가계부채,금리;대출,
2026-06-18,"""4대은행, 중앙일보 계열 유동성 위기 영향 상당히 제한적""","이어 이와 관련, 시중은행 4사의 대출 잔액은 4500억원, 증권 480억원으로 주거래은행인 하나은행의 익스포저가 3070억원으로 가장 많다며 담보대출이 90% 이상으로, 디폴트가 발생하기 전까지 연체가 없었으므로...",https://www.smarttoday.co.kr/ko-kr/articles/108486,1,0.85,rule_keep_score_ge_6_with_hard_match,0.590800,0,pseudo_keep_model_drop,keep,candidate_hybrid_keep_strong_domain_rule_anchor,8,시중은행;유동성,대출,
2026-05-29,이억원 “사람 살리는 금융으로”…포용금융 추진단 가동,금융산업 분과에서는 인터넷은행과 상호금융권의 포용금융 역할 확대 방안과 함께 건전성 규제 체계 전반도 논의할 예정이다. 신용인프라 분과에서는 연체 이력 중심의 기존 신용평가 체계를 개선하는 방안이 핵심 의제로...,https://www.edaily.co.kr/news/newspath.asp?newsid=04375526645453512,1,0.85,rule_keep_score_ge_6_with_hard_match,0.591002,0,pseudo_keep_model_drop,keep,candidate_hybrid_keep_strong_domain_rule_anchor,12,인터넷은행;상호금융,연체;건전성,
2026-05-30,"[금융실적] 토스뱅크, 1분기 순이익 296억원…전년비 58% 증가",1분기 기준 중저신용자 대출 비중은 34.75%로 시중은행 가운데 가장 높은 수준을 유지했다. 햇살론뱅크와... 1분기 연체율은 1.07%로 0.19%포인트 하락했다. 고정이하여신비율(NPL)은 0.87%로 0.11%포인트 낮아졌고 BIS...,http://www.bizwnews.com/news/articleView.html?idxno=137658,1,0.85,rule_keep_score_ge_6_with_hard_match,0.591696,0,pseudo_keep_model_drop,keep,candidate_hybrid_keep_strong_domain_rule_anchor,10,시중은행;npl,대출;순이익,
2026-05-29,"하나금융, 취약계층·소상공인에 3조 푼다...2000억 규모 연체채권도 소...","하나캐피탈은 저신용 생계형 화물차 차주를 대상으로 우대금리 지원을 확대하고 있으며, 하나저축은행은 햇살론 지원 확대와 취약 차주 및 보이스피싱 피해자 상환 유예 등 자체 채무조정을 시행 중이다. 함영주...",https://www.techm.kr/news/articleView.html?idxno=152211,1,0.85,rule_keep_score_ge_6_with_hard_match,0.592028,0,pseudo_keep_model_drop,keep,candidate_hybrid_keep_strong_domain_rule_anchor,8,저축은행;보이스피싱,,
2026-05-29,"인터넷은행, 중저신용자 대출 목표 넘겼지만…'생산적 금융' 새 과제","카카오뱅크의 올해 1분기 개인사업자 대출 잔액은 3조4030억원으로 집계됐고, 연체율은 0.51% 수준을 유지했다.... 한 금융권 관계자도 ""인터넷은행들이 중·저신용자 공급 목표 달성에는 성공했지만 앞으로는 자금 공급처를...",http://www.wikileaks-kr.org/news/articleView.html?idxno=187916,1,0.85,rule_keep_score_ge_6_with_hard_match,0.593107,0,pseudo_keep_model_drop,keep,candidate_hybrid_keep_strong_domain_rule_anchor,10,인터넷은행;생산적 금융,대출;금융,
2026-06-05,"[핀포인트] [현대엔지니어링] 마피 속출하는데 완판?…문수로 센트럴, ...",5개 지역 새마을금고로부터 99억원 규모 대출 한도를 확보하는 과정에서 119억원 규모 연대보증을 제공했고... 특히 PF 구조상 현대엔지니어링은 3순위 우선수익자에 위치한다. 분양대금이 유입되더라도 금융기관 등...,https://news.dealsitetv.com/articles/171277,1,0.85,rule_keep_score_ge_6_with_hard_match,0.593681,0,pseudo_keep_model_drop,keep,candidate_hybrid_keep_strong_domain_rule_anchor,9,새마을금고;pf,대출,
2026-06-09,"[금융 풍향계] “내 사업은 상위 몇 %?”…토스뱅크, 사장님 소득 순위...",필요한 금융 서비스를 연결할 수 있도록 지원하겠다“고 말했다. NH농협은행은 지난 5일 코어뱅킹 차세대... 이어 “데이터 기반 검사·감독 체계를 구축해 지역사회와 금융취약계층이 더욱 신뢰할 수 있는 상호금융기...,https://www.ekn.kr/web/view.php?key=20260608024081471,1,0.85,rule_keep_score_ge_6_with_hard_match,0.593782,0,pseudo_keep_model_drop,keep,candidate_hybrid_keep_strong_domain_rule_anchor,8,상호금융;검사,금융,
2026-06-05,"금융위, 'AI 기반 보험사기 방지체계 구축 TF' 가동","보험 분야별로 보면 실손보험과 건강보험 등이 포함된 장기손해보험(44.7%), 자동차보험(22.4%), 생명보험(21.8... 이러한 보험금 누수는 보험료 상승으로 이어져 결국 그 피해가 국민들께 고스란히 돌아갑니다. 보험사기...",https://biz.sbs.co.kr/article_hub/20000314380?division=NAVER,1,0.85,rule_keep_score_ge_6_with_hard_match,0.593998,0,pseudo_keep_model_drop,keep,candidate_hybrid_keep_strong_domain_rule_anchor,13,금융위;손해보험;생명보험,보험료,
2026-06-11,美 소비심리 역대 최저·연체율 30년 최고... AI 랠리가 가린 실물경제의...,뉴욕 연방준비은행은 2025년 4분기 기준 전체 가계부채의 4.8%가 연체 상태라고 집계했다. 학자금 대출 심각 연체율은 9.6%에 이르렀다. 고금리 장기화 속에 취약 차주부터 연체가 확대되는 전형적인 후행 국면 신호다....,https://www.g-enews.com/view.php?ud=20260610142347957fbbec65dfb_1,1,0.85,rule_keep_score_ge_6_with_hard_match,0.595545,0,pseudo_keep_model_drop,keep,candidate_hybrid_keep_strong_domain_rule_anchor,10,연체율;가계부채,대출;연체,
2026-06-03,은행대출 조였더니 2금융 몰려… 중금리·카드론 사상 최대,시중은행 주택담보대출 규제와 아울러 중·저신용자와 다중채무자 비중이 높은 상호금융권과 저축은행... 전국 지역 단위 농협도 올해 3월부터 중도금과 이주비 신규 대출 취급을 중단한 상태다. 여기에 금융당국은...,https://it.chosun.com/news/articleView.html?idxno=2023092163177,1,0.85,rule_keep_score_ge_6_with_hard_match,0.595797,0,pseudo_keep_model_drop,keep,candidate_hybrid_keep_strong_domain_rule_anchor,18,시중은행;저축은행;상호금융;카드론,대출,
2026-06-17,"카드사, 개인사업자 대출 확대",정부의 포용 금융 기조에 발 맞추는 동시에 카드론 외 주요 수익원을 확대하기 위해서다. 17일 업계에... 개인사업자 대출의 경우 다른 대출 상품보다 연체율이 높아 대출 심사 강화가 불가피하다. 이에 따라 다른 대출...,http://www.metroseoul.co.kr/article/20260617500022,1,0.85,rule_keep_score_ge_6_with_hard_match,0.596013,0,pseudo_keep_model_drop,keep,candidate_hybrid_keep_strong_domain_rule_anchor,10,카드사;카드론,대출;금융,
2026-06-17,신용대출 문턱 낮췄던 인터넷은행…'빚투' 급증에 빗장 걸어잠근다,"그동안 비대면 플랫폼을 기반으로 대출 접근성을 높이며 신용대출 시장을 키워온 인터넷은행들도 가계부채 관리 기조에 동참하는 모습이다. 17일 금융권에 따르면 토스뱅크와 카카오뱅크, 케이뱅크는 신용대출 및...",https://www.news1.kr/finance/general-finance/6199277,1,0.85,rule_keep_score_ge_6_with_hard_match,0.596419,0,pseudo_keep_model_drop,keep,candidate_hybrid_keep_strong_domain_rule_anchor,8,인터넷은행;가계부채,대출,
2026-05-30,"토스뱅크, 1분기 순이익 296억 원 달성…고객과 대출 증가 견인","고객 기반이 빠르게 커진 데다 대출 자산이 늘어나면서 수익 규모가 확대됐고, 연체율과 부실채권 비율 같은 건전성 지표도 함께 개선되면서 인터넷전문은행 가운데서도 수익 구조가 한층 안정되는 모습이다....",https://www.tokenpost.kr/news/economy/364307,1,0.85,rule_keep_score_ge_6_with_hard_match,0.596441,0,pseudo_keep_model_drop,keep,candidate_hybrid_keep_strong_domain_rule_anchor,8,부실채권,대출;건전성;순이익,
2026-05-30,"'전년 동기比 58%↑' 토스뱅크, 1분기 당기순이익 296억원...""안정적인 이...","1분기 기준 중저신용자 대출 잔액 비중은 34.75%로 제1금융권 은행 중 최고 수준을 이어갔다. 구체적으로... 연체율은 1.07%로 전년 동기 대비 0.19%포인트(p), 고정이하여신(NPL·부실채권) 비율은 0.87%로 0.11%p 각각...",https://www.greened.kr/news/articleView.html?idxno=341584,1,0.85,rule_keep_score_ge_6_with_hard_match,0.596908,0,pseudo_keep_model_drop,keep,candidate_hybrid_keep_strong_domain_rule_anchor,12,은행;npl;부실채권,대출,
2026-05-29,"“내 돈이면 ‘3만원 김치찌개’ 먹겠냐”…골프장 법카, ‘서민 골퍼’...","여신금융협회 및 금융당국 가맹점 수수료 구조 통계에 따르면 전체 카드 가맹점 약 322만 곳 중 95% 이상이 영세·중소 수수료 구간에 속하는 반면, 골프장은 고액 결제와 법인카드 소비가 집중되는 대표 업종으로...",https://www.segye.com/newsView/20260529500304?OutUrl=naver,1,0.85,rule_keep_score_ge_6_with_hard_match,0.596972,0,pseudo_keep_model_drop,keep,candidate_hybrid_keep_strong_domain_rule_anchor,8,여신금융협회,수수료;가맹점,
2026-06-12,2금융권도 '생계비통장' 출시 러시… 금리 얹어 고객 몰이,"11일 금융권에 따르면 웰컴저축은행과 신협, 새마을금고 등이 생계비통장을 출시했고 SBI저축은행도 연내... 생계비통장은 중·저신용자 대출 확대 같은 다른 포용금융 정책에 비해 건전성이나 비용 측면의 부담이 작은...",https://www.m-i.kr/news/articleView.html?idxno=1380591,1,0.85,rule_keep_score_ge_6_with_hard_match,0.598784,0,pseudo_keep_model_drop,keep,candidate_hybrid_keep_strong_domain_rule_anchor,14,저축은행;새마을금고;신협,금리;대출,
2026-06-11,"""거래 수수료가 10%""…닥사, 불법 가상자산사업자 12곳 적발","이들 업체의 평균 매매대행 수수료는 최소 1.5%에서 최대 10%로, 5대 국내 가상자산거래소 평균인 0.16%보다 최대 62배가 높은 수준이었다. 닥사는 “이 같은 수수료 거래는 공식적인 방법으로 환전하기 어려운 마약·도박 등...",https://news.mtn.co.kr/news-detail/2026061016591898295,1,0.85,rule_keep_score_ge_6_with_hard_match,0.599757,0,pseudo_keep_model_drop,keep,candidate_hybrid_keep_strong_domain_rule_anchor,10,가상자산;가상자산거래소,수수료,
2026-06-11,소상공인부터 전세사기 피해자까지…은행권 포용금융 경쟁,"신한금융은 장기 연체고객의 경제적 재기를 지원하기 위해 신한은행, 신한카드, 제주은행, 신한저축은행 등이 연체채권 소각에 동참하기로 했다. 또 상생대환대출 대상을 전 저축은행 이용 고객으로 확대하고 비금융...",https://www.nspna.com/news/?mode=view&newsid=816117,1,0.85,rule_keep_score_ge_6_with_hard_match,0.599796,0,pseudo_keep_model_drop,keep,candidate_hybrid_keep_strong_domain_rule_anchor,8,은행권;저축은행,,
2026-06-07,사내대출 등에 업은 '반도체 머니'…경기 남부 넘어 서울까지 번지나,두 제도 모두 일반 주담대와 달리 사내복지 성격을 띄어 총부채원리금상환비율(DSR) 규제의 직접 영향권 밖에 있다. 현재 은행권 주담대 금리는 4~5% 수준으로 이와 비교하면 상당한 혜택이다. 정부의 가계대출 총량 관리...,https://www.newspim.com/news/view/20260605000788,1,0.85,rule_keep_score_ge_6_with_hard_match,0.599806,0,pseudo_keep_model_drop,keep,candidate_hybrid_keep_strong_domain_rule_anchor,8,은행권;dsr,,
2026-06-06,"[김대호 진단] 스페이스X 태풍 ""뉴욕증시 자금 대이동""","증시를 떠받칠 시중 유동성의 마중물 역할을 해야 할 미 연준(Fed)의 기준 금리 정책마저 끈적한 인플레이션... 금융 시장의 근본적인 수급 메커니즘 상, 조달 금액만 800억 달러라는 천문학적인 뭉칫돈을 단기간에...",https://www.g-enews.com/view.php?ud=20260528122210804906806b77b_1,1,0.85,rule_keep_score_ge_6_with_hard_match,0.599813,0,pseudo_keep_model_drop,keep,candidate_hybrid_keep_overseas_global_reference,12,연준;fed,금리;금융,
2026-05-30,"토스뱅크, 1분기 순익 296억 전년比 58% 늘어","제1금융권 중 가장 높은 수준을 유지하고 있다. 햇살론뱅크, 사잇돌대출 등 서민정책금융 1분기... 전체 연체율은 1.07%로 전년 동기 대비 0.19%포인트 하락했다. 고정이하여신비율(NPL)도 0.87%로 같은 기간 0.11...",https://it.chosun.com/news/articleView.html?idxno=2023092162976,1,0.85,rule_keep_score_ge_6_with_hard_match,0.600263,0,pseudo_keep_model_drop,keep,candidate_hybrid_keep_strong_domain_rule_anchor,9,npl;정책금융,,
2026-06-16,26시간 만에 1001배 폭등… 밈코인 ‘러그풀’에 금감원 경고,금융감독원은 16일 탈중앙화거래소(DEX)에서 가상자산을 거래할 때 투자자들이 유의해야 할 사항을 안내했다. DEX는 업비트나 빗썸 같은 중앙화거래소와 달리 중앙 운영자 없이 이용자들이 개인 지갑을 연결해 직접...,https://m.skyedaily.com/news_view.html?ID=305886,1,0.85,rule_keep_score_ge_6_with_hard_match,0.602570,0,pseudo_keep_model_drop,keep,candidate_hybrid_keep_strong_domain_rule_anchor,21,금융감독원;금감원;가상자산;빗썸,,
2026-06-16,"""26시간 만에 1000배 폭등 후 먹튀""... 금감원, 탈중앙화거래소 '러그풀...","금융감독원은 최근 검찰이 탈중앙화거래소(DEX)에서의 가상자산 부정거래 혐의자를 기소한 사건을 계기로, 이용자들이 안전하게 가상자산을 거래할 수 있도록 DEX의 구조적 특징과 거래 시 핵심 유의사항을 정리해...",https://www.pointe.co.kr/news/articleView.html?idxno=80653,1,0.85,rule_keep_score_ge_6_with_hard_match,0.603713,0,pseudo_keep_model_drop,keep,candidate_hybrid_keep_strong_domain_rule_anchor,16,금융감독원;금감원;가상자산,,
2026-05-29,"""버스 타고 시내 안 가도 돼요""…농촌 금융 지키는 농협의 '포용금융'",시중은행의 점포와 자동화기기(ATM)가 빠르게 줄어드는 가운데 농촌과 고령층의 금융 접근성을 지키기 위한 농협 상호금융의 '현장 중심 경영'이 주목받고 있다. 디지털 전환과 비용 절감 논리 속에서 수익성이 낮은...,http://www.newsroad.co.kr/news/articleView.html?idxno=59837,1,0.85,rule_keep_score_ge_6_with_hard_match,0.604153,0,pseudo_keep_model_drop,keep,candidate_hybrid_keep_strong_domain_rule_anchor,9,시중은행;상호금융,금융,
2026-06-03,깡통대출·빚투·기업연체율 역대 최대…금리 오름세에 '우려',"다음 달 기준금리 인상이 점쳐지면서 대출 부담이 우리 경제를 위협하고 있습니다. 이정민 기자입니다.... 한국은행에서 이번 달에 금리를 올려야 될 거 같은데, (금리 동결 후) 첫인상이기 때문에 시장금리는...",https://biz.sbs.co.kr/article_hub/20000314158?division=NAVER,1,0.85,rule_keep_score_ge_6_with_hard_match,0.604365,0,pseudo_keep_model_drop,keep,candidate_hybrid_keep_strong_domain_rule_anchor,10,한국은행;기준금리,금리;대출,
2026-06-10,"해외 큰손 노리는 카드업권…KB '태국', 신한 '베트남' 호조","신한금융은 베트남 현지에 카드사를 비롯해 은행, 생명보험사를 운영하고 있으며, 주 통행 차량이... 두 카드사는 고위험 자산 축소와 연체율 관리로 비용을 줄이고, 신용대출 등 현지 사정에 적합한 금융상품 활성화로...",https://www.g-enews.com/view.php?ud=202606091535055157a6e8311f64_1,1,0.85,rule_keep_score_ge_6_with_hard_match,0.604760,0,pseudo_keep_model_drop,keep,candidate_hybrid_keep_strong_domain_rule_anchor,10,은행;생명보험;연체율,,
2026-06-12,"정진완號 우리은행, 고금리 대출 '은행권 갈아타기' 확대…36.5도 플랫폼...",고금리 대출 대환 사다리 우리은행은 포용금융의 방향을 신규 자금 공급뿐 아니라 기존 차주의 비용 부담 완화로도 넓히고 있다. 업계 최초로 가계신용대출 연 7% 금리 상한제를 도입한 것이 대표적이다. 올해 1분기에만 약...,http://www.fntimes.com/html/view.php?ud=2026060916064525931b5a221379_18,1,0.85,rule_keep_score_ge_6_with_hard_match,0.607695,0,pseudo_keep_model_drop,keep,candidate_hybrid_keep_strong_domain_rule_anchor,8,은행권,금리;대출;대환,
2026-06-16,[사설] 美·이란 종전은 새로운 시작… 긴장의 끈 늦출 때 아냐,한국은행은 제때 기준금리를 인상해 인플레 방어에 실기하지 말아야 한다. 중동전쟁은 그동안 효율 위주로 구축한 에너지 수입선과 공급망 체계가 한순간에 무너질 수 있다는 값비싼 교훈을 남겼다. 수입선 다변화 및...,https://www.segye.com/newsView/20260615514681?OutUrl=naver,1,0.85,rule_keep_score_ge_6_with_hard_match,0.607707,0,pseudo_keep_model_drop,keep,candidate_hybrid_keep_strong_domain_rule_anchor,8,한국은행;기준금리,,
2026-06-10,취약계층 신용회복 돕는 '신용 재도약 프로그램' 추진,IBK기업은행이 취약계층의 경제적 재기를 돕는 포용금융에 힘을 싣고 있다. 핵심은 새로 추진하는 '신용... 단기 연체 및 부실 우려 고객에게는 채무조정 상품 심사 기준을 완화하고 주택담보대출 만기·상환 조건을...,https://www.hankookilbo.com/news/article/A2026060912290002784?did=NA,1,0.85,rule_keep_score_ge_6_with_hard_match,0.607871,0,pseudo_keep_model_drop,keep,candidate_hybrid_keep_strong_domain_rule_anchor,9,기업은행,연체;부실,
2026-06-05,"출시 첫날 '오픈런' 완판 신화, 국민성장펀드가 불러오는 '활력경제'","설정 이후 거래소에 상장돼 양도는 할 수 있지만, 유동성이 낮아 거래가 원활하지 않거나 기준가격보다 낮은... 공격적인 가상화폐나 개별 주식에 쏠려 있던 자신의 자산 비중을 냉정하게 점검할 필요가 있다. 전 판매사...",https://www.korea.kr/news/reporterView.do?newsId=148965038&call_from=naver_news,1,0.85,rule_keep_score_ge_6_with_hard_match,0.607952,0,pseudo_keep_model_drop,keep,candidate_hybrid_keep_strong_domain_rule_anchor,9,국민성장펀드;성장펀드,,
2026-06-17,"인뱅도 ‘마통’ 잠근다…5월 ‘빚투’ 증가에 놀란 금융당국, 은행권 ...","NH농협은행은 신용대출 우대금리를 줄였고, 우리은행은 대출비교 플랫폼에서 비대면 신용대출 접수를... 한 상호금융권 관계자는 “신용대출 수요가 넘어올 가능성이 있는 만큼 관련 추이를 지켜보고 있다”고 말했다....",https://www.khan.co.kr/article/202606161618001,1,0.85,rule_keep_score_ge_6_with_hard_match,0.608046,0,pseudo_keep_model_drop,keep,candidate_hybrid_keep_strong_domain_rule_anchor,8,은행권;상호금융,,
2026-05-29,"하나금융, 3조원대 포용금융 로드맵 본격화…중금리대출 2조원·성실상...",하나저축은행의 경우에도 햇살론 지원 확대와 함께 취약 차주 및 보이스피싱 피해자 상환 유예 등 자체 채무조정을 시행 중이다. 한편 하나금융그룹은 2030년까지 5년간 84조원 규모의 생산적 금융 및 16조원 규모의...,https://www.public25.com/news/articleView.html?idxno=47192,1,0.85,rule_keep_score_ge_6_with_hard_match,0.608246,0,pseudo_keep_model_drop,keep,candidate_hybrid_keep_strong_domain_rule_anchor,13,저축은행;보이스피싱;생산적 금융,금융,
2026-06-05,"정상혁 신한은행장, 항공정비 기업 찾아 ""생산적 금융 지원 강화""","정상혁 행장, 항공정비 기업 방문해 금융 수요 점검 미래산업 현장 중심 지원 강화…은행권 기업금융 경쟁도 확대  가계대출 규제 강화와 함께 금융권이 기업금융과 미래 성장산업 지원에 무게를 두면서 은행장들의 현장...",http://www.srtimes.kr/news/articleView.html?idxno=204569,1,0.85,rule_keep_score_ge_6_with_hard_match,0.608613,0,pseudo_keep_model_drop,keep,candidate_hybrid_keep_strong_domain_rule_anchor,9,은행권;생산적 금융,금융,
2026-06-12,[단독]가계대출 조이기 2금융권 확산…카드업계도 신용대출 관리 강화,"11일 여신업계에 따르면 KB국민카드는 일주일 간 대출비교 플랫폼(네이버페이·카카오페이·토스·뱅크샐러드... 이날 회의는 재정경제부, 한국은행, 금융감독원 등 관계기관과 은행연합회, 제2금융권 협회, 5대 시중은행...",http://www.fnnews.com/news/202606111619299276,1,0.85,rule_keep_score_ge_6_with_hard_match,0.609155,0,pseudo_keep_model_drop,keep,candidate_hybrid_keep_strong_domain_rule_anchor,15,금융감독원;한국은행;시중은행,,
2026-06-11,"금융권, 미래 경쟁력 확보 강화…농협은행·신협, 디지털 대전환 속도낸...",이번 농협은행과 신협 사례는 은행권과 상호금융권을 막론하고 금융산업 전반이 디지털 중심으로 재편되고 있음을 보여준다. 특히 생성형 AI와 클라우드 기술이 금융업의 핵심 인프라로 자리 잡으면서 고객 경험...,https://www.lcnews.co.kr/news/articleView.html?idxno=203281,1,0.85,rule_keep_score_ge_6_with_hard_match,0.609575,0,pseudo_keep_model_drop,keep,candidate_hybrid_keep_strong_domain_rule_anchor,8,상호금융;신협,,
2026-06-17,"수출입은행, 벤처·中企 투자 여력 확대…정책금융 역할 강화","기존 ‘자본시장법’상 집합투자기구 외에 ‘벤처투자법’상 벤처투자조합, ‘여신전문금융업법’상 신기술투자조합도 간접투자 대상에 포함했다. 투자금액 한도 규정도 없앴다. 그동안 수출입은행의 투자금액은...",https://www.dailian.co.kr/news/view/1656435/?sc=Naver,1,0.85,rule_keep_score_ge_6_with_hard_match,0.609897,0,pseudo_keep_model_drop,keep,candidate_hybrid_keep_strong_domain_rule_anchor,11,여신전문금융업;정책금융,,
2026-06-17,"인뱅 3사, 시중은행에 이어 신용대출 한도 제한...빚투 관리 수위↑",인터넷은행들의 이런 움직임은 금융당국의 관리 강화와 시중은행의 자율 조치에 이어 본격화했다. 앞서 금융위원회는 지난 11일 가계부채 점검 회의를 열고 가계대출 비상관리체계를 가동했다. 목표를 준수하지 않는...,https://www.g-enews.com/view.php?ud=202606161514311093bb91c46fcd_1,1,0.85,rule_keep_score_ge_6_with_hard_match,0.609946,0,pseudo_keep_model_drop,keep,candidate_hybrid_keep_strong_domain_rule_anchor,23,금융위원회;금융위;시중은행;인터넷은행;가계부채,,
2026-06-17,"JTBC發 쇼크 금융권에도…""중앙그룹에 빌려준 돈만 1.3조""","업권별, 은행권 부담 가장 커 개별 금융사 중에는 한양증권 타격 클 것 금감원, 본격 사태 파악 나서 JTBC를... 및 검사에 착수할 방침이다. ※CBS노컷뉴스는 여러분의 제보로 함께 세상을 바꿉니다. 각종 비리와 부당대우...",https://www.nocutnews.co.kr/news/6534011?utm_source=naver&utm_medium=article&utm_campaign=20260617072913,1,0.85,rule_keep_score_ge_6_with_hard_match,0.610146,0,pseudo_keep_model_drop,keep,candidate_hybrid_keep_strong_domain_rule_anchor,10,금감원;은행권,,
2026-05-30,"새도약기금, 장기연체채권 9602억원 추가 매입","퍼블릭타임스=금융위원회는 한국자산관리공사의 새도약기금이 농협자산관리회사, 상호금융권, 대부회사, 공공기관 등이 보유한 장기 연체 채권을 매입했다고 29일 밝혔다. 이번 5차 매입 대상 채권은 7년 이상 연체되고...",https://www.public25.com/news/articleView.html?idxno=47339,1,0.85,rule_keep_score_ge_6_with_hard_match,0.611897,0,pseudo_keep_model_drop,keep,candidate_hybrid_keep_strong_domain_rule_anchor,18,금융위원회;금융위;상호금융,연체,
2026-06-02,‘포용금융’ 아랫돌 빼서 윗돌 괴나…1금융권도 부실 전이 ‘우려’,2금융권인 저축은행의 같은 기간 연체율은 6.7%로 지난해 말보다 0.7%p 올랐다. 고정이하여신 비율 역시 지난해 말 8.4%에서 3월 말 8.6%로 상승했다. 금융권 안팎에선 포용금융 확대만큼 은행의 건전성 관리 강화가...,https://www.dailian.co.kr/news/view/1651166/?sc=Naver,1,0.85,rule_keep_score_ge_6_with_hard_match,0.613038,0,pseudo_keep_model_drop,keep,candidate_hybrid_keep_strong_domain_rule_anchor,8,저축은행,부실;건전성,
2026-06-17,"""금융에 상상을 더하다"" 금감원, 전 국민 대상 '금융공모전' 개최","올해도 교육부와 전국 시·도 교육청, 전국은행연합회·금융투자협회·생명보험협회·손해보험협회·여신금융협회·저축은행중앙회 등 6개 금융협회가 함께한다. 공모 분야는 ▲청소년 금융창작물 ▲대학생 금융콘테스트...",https://www.insnews.co.kr/news/articleView.html?idxno=91324,1,0.85,rule_keep_score_ge_6_with_hard_match,0.613496,0,pseudo_keep_model_drop,keep,candidate_hybrid_keep_strong_domain_rule_anchor,22,금감원;저축은행;손해보험;생명보험;여신금융협회,,
2026-05-30,"[카드사 B2B 각축전]④ 하나, 압도적 법인 성장세…성공의 포트 공식","점유율 지각변동 중심에 선 하나카드 29일 여신금융협회에 따르면 하나카드의 4월 누적 기준 법인 신용판매(일시불+할부, 구매전용 제외) 실적은 전년동기(6조6381억원) 대비 12.8% 증가한 7조4914억원을 기록했다. 같은 기간...",https://www.bloter.net/news/articleView.html?idxno=663945,1,0.85,rule_keep_score_ge_6_with_hard_match,0.613862,0,pseudo_keep_model_drop,keep,candidate_hybrid_keep_strong_domain_rule_anchor,9,카드사;여신금융협회,,
2026-05-29,"[마켓브리핑] 비상장 기업도 코인 거래소로, 스페이스X·오픈AI 베팅 등...","가상자산 시장(디지털자산)은 이에 즉각 반응했다. 출시 당일(19일) 150달러로 거래를 시작한 이 상품은 같은... 비상장 기업은 상장 주식과 달리, 거래소에서 가격이 매겨지는 사건이 없어 정산 기준을 둘러싼 분쟁 가능성도...",http://www.hansbiz.co.kr/news/articleView.html?idxno=841189,1,0.85,rule_keep_score_ge_6_with_hard_match,0.613951,0,pseudo_keep_model_drop,keep,candidate_hybrid_keep_strong_domain_rule_anchor,8,가상자산;디지털자산,,
2026-06-12,"[금융가 산책] 카뱅, 대안신용평가로 중·저신용 대출 1.2조 추가공급","〇 빗썸, AI 대화로 거래하는 'AI 트레이드 킷' 출시 가상자산 거래소 빗썸이 생성형 인공지능(AI)과 대화로 거래할 수 있는 'AI 트레이드 킷' 서비스를 출시했다. 이 서비스는 이용자가 클로드, 챗GPT, 제미나이 등 생성형...",https://www.newsinside.kr/news/articleView.html?idxno=4751319,1,0.85,rule_keep_score_ge_6_with_hard_match,0.614012,0,pseudo_keep_model_drop,keep,candidate_hybrid_keep_strong_domain_rule_anchor,10,가상자산;빗썸,대출,
2026-06-11,"스페이스X 초대형 IPO, 가상자산 시장에 추가 악재되나",세계 최대 가상자산인 비트코인은 지난주 15% 급락했는데 이는 전 세계 3위 거래소였던 FTX가 붕괴한 2022년 11월 이후 최대 주간 하락폭이다. 여기에 수년간 비트코인 강세론을 펼쳐온 스트래티지가 지난주 2022년 이후...,https://www.bloter.net/news/articleView.html?idxno=665105,1,0.85,rule_keep_score_ge_6_with_hard_match,0.614879,0,pseudo_keep_model_drop,keep,candidate_hybrid_keep_strong_domain_rule_anchor,8,ipo;가상자산,,
2026-06-02,"코스피 랠리에 불붙은 빚투…신용대출, 주담대의 100배 증가",최근 한국은행이 연내 기준금리 인상을 예고하면서 대출 금리는 더 올라갈 것으로 보입니다. 그럼에도 주가 상승장에서 소외되기 싫다는 이른바 포모(FOMO) 심리가 금리 인상에 대한 공포마저 억누르는 형국인데요....,https://biz.sbs.co.kr/article_hub/20000313731?division=NAVER,1,0.85,rule_keep_score_ge_6_with_hard_match,0.615041,0,pseudo_keep_model_drop,keep,candidate_hybrid_keep_strong_domain_rule_anchor,13,한국은행;기준금리,금리;대출;주가;코스피,
2026-06-16,"금감원, 탈중앙화거래소(DEX) 가상자산 매매 시 이용자 유의사항 안내","또한, 가상자산 거래 중 가짜 플랫폼 등 비정상 거래소를 통한 자산탈취 등의 사고도 빈번히 발생하는 것으로 알려진다. 거래 시 거래정보를 재확인하고, 지갑 승인권한을 주기적으로 관리하는 등 스스로 피해 예방에...",http://www.intn.co.kr/news/articleView.html?idxno=2051281,1,0.85,rule_keep_score_ge_6_with_hard_match,0.616008,0,pseudo_keep_model_drop,keep,candidate_hybrid_keep_strong_domain_rule_anchor,10,금감원;가상자산,,
2026-06-17,스페이스X의 코리아패싱에 금감원 조사까지..미래에셋의 배신,"◇ 미래에셋은 ‘0주’…일본은 3.3조 배정 미래에셋증권은 국내 유일의 스페이스X 기업공개(IPO) 인수단에 참여한 증권사였으나, 최종 배정받은 공모주는 0주였다. 지난 13일 상장 직전 대표주관사인 골드만삭스로부터...",https://realty.chosun.com/site/data/html_dir/2026/06/16/2026061600784.html,1,0.85,rule_keep_score_ge_6_with_hard_match,0.617059,0,pseudo_keep_model_drop,keep,candidate_hybrid_keep_strong_domain_rule_anchor,10,금감원;ipo,,
2026-06-05,"""AI로 보험사기 잡는다""… 정부 'AI 보험사기 대응 TF' 출범","보험 분야별로는 실손의료보험과 건강보험 등이 포함된 장기손해보험 비중이 44.7%로 가장 컸다. 이어... 4%, 생명보험 21.8%, 일반손해보험 11.2% 순으로 집계됐다. 금융위 관계자는 ""보험금 누수는 보험료 상승으로 이어져...",https://www.insnews.co.kr/news/articleView.html?idxno=91139,1,0.85,rule_keep_score_ge_6_with_hard_match,0.617311,0,pseudo_keep_model_drop,keep,candidate_hybrid_keep_strong_domain_rule_anchor,13,금융위;손해보험;생명보험,보험료,
2026-06-17,지역 지키고 고객 늘리는 새마을금고와 저축은행들,새마을금고중앙회는 지난해 부실금고 25곳을 통폐합하면서도 점포 수는 최대한 유지했다고 설명한다. 건전성 관리 성과도 뒷받침된다. 인구감소지역 86개 금고의 3개월 이상 연체된 고정이하여신(NPL) 비율은 평균 5.43%로...,https://www.m-i.kr/news/articleView.html?idxno=1381931,1,0.85,rule_keep_score_ge_6_with_hard_match,0.618737,0,pseudo_keep_model_drop,keep,candidate_hybrid_keep_strong_domain_rule_anchor,14,저축은행;새마을금고;npl,건전성,
2026-06-16,5월 외국인 주식자금 역대 최대 순유출…318억 달러 빠졌다,국제금융·외환시장 동향’에 따르면 지난달 외국인의 국내 주식투자자금은 318억3000만달러 순유출됐다. 관련 통계 작성 이후 월간 기준 역대 최대 규모다. 지난 5월 말 원·달러 환율 1507.9원을 적용하면 약 48조원에...,https://www.kmib.co.kr/article/view.asp?arcid=0029969957&code=61141211&cp=nv,1,0.85,rule_keep_score_ge_6_with_hard_match,0.619443,0,pseudo_keep_model_drop,keep,candidate_hybrid_keep_strong_domain_rule_anchor,8,환율;외환시장,달러,
2026-06-11,"빗썸, AI 대화형 매매 도구 출시…자동거래 대중화 나섰다",빗썸이 생성형 인공지능(AI)과의 대화만으로 가상자산 거래를 실행할 수 있는 ‘AI 트레이드 킷’을... 실제 자산 운용 과정에 직접 개입하기 시작했다는 점에서 의미가 있다. 향후 거래소 경쟁이 ‘수수료’에서...,https://www.tokenpost.kr/news/tech/368008,1,0.85,rule_keep_score_ge_6_with_hard_match,0.620393,0,pseudo_keep_model_drop,keep,candidate_hybrid_keep_strong_domain_rule_anchor,10,가상자산;빗썸,수수료,
2026-06-01,유가증권으로 버틴 저축은행…실적 개선에도 본업 경쟁력 고민,"31일 금융권에 따르면 79개 저축은행의 올해 1분기 순이익은 3338억원으로 전년 동기(440억원) 대비 7.6배... 올해 1분기 연체율은 6.7%로 전분기(6.0%) 대비 0.7%포인트 상승했고, 3개월 이상 연체채권(NPL) 비율도 8.6%로 전분기(8....",https://www.edaily.co.kr/news/newspath.asp?newsid=01666246645454496,1,0.85,rule_keep_score_ge_6_with_hard_match,0.620452,0,pseudo_keep_model_drop,keep,candidate_hybrid_keep_strong_domain_rule_anchor,9,저축은행;npl,실적,
2026-06-05,[인뱅 실적 점검] [토스뱅크] 중저신용 비중 30%대 유지에도... 건전성 방...,토스뱅크는 연체율과 고정이하여신(NPL)비율을 모두 낮추며 건전성을 방어하고 있는 모습이다. 토스뱅크의... 인터넷은행은 출범 당시 비대면·데이터 기반 신용평가를 통해 금융권의 중금리 공백을 메우겠다는...,https://news.dealsitetv.com/articles/171313,1,0.85,rule_keep_score_ge_6_with_hard_match,0.620599,0,pseudo_keep_model_drop,keep,candidate_hybrid_keep_strong_domain_rule_anchor,11,인터넷은행;npl,건전성;실적,
2026-06-10,해양진흥공사 “북극항로 시범운항 적극 지원”,안 사장은 “보유 선박을 기초자산으로 400억원 규모를 유동화해 국민들이 선박에 투자할 수 있게 만들 것”이라며 “종합투자 시범사업 성공 후 관련 법이 개정돼 발효되면 토큰증권발행(STO)까지 갈 생각”이라고...,https://www.naeil.com/news/read/591215?ref=naver,1,0.85,rule_keep_score_ge_6_with_hard_match,0.621446,0,pseudo_keep_model_drop,keep,candidate_hybrid_keep_strong_domain_rule_anchor,10,토큰증권;sto,,
2026-06-08,정보 미리 새나갔나...업비트 잇딴 상장 ‘잡음’,국내 최대 가상화폐거래소 업비트에서 상장 정보 유출 의혹이 불거졌다. 상장 공지 직전에 특정 지갑을... 디지털자산을 구매해야 하고 구매 이력을 분기별로 보고해야 한다. 의혹 제기의 실체를 밝혀내기 위해 고소 등...,https://www.sedaily.com/article/20052702?ref=naver,1,0.85,rule_keep_score_ge_6_with_hard_match,0.621566,0,pseudo_keep_model_drop,keep,candidate_hybrid_keep_strong_domain_rule_anchor,9,디지털자산;업비트,,
2026-06-06,"대신증권, 자기자본 4조 넘겼지만...NCR·부실자산 경고등",투자은행(IB) 진입 준비에 속도를 내고 있다. 외형 성장 흐름은 긍정적이다. 지난해 자체 수익성이 크게... 고정이하자산(연체 기간 3개월 이상 부실채권)이 1년 사이 급증한 상황이기 때문이다. ◇ 종투사 지정 1년...,https://www.newswhoplus.com/news/articleView.html?idxno=61701,1,0.85,rule_keep_score_ge_6_with_hard_match,0.621721,0,pseudo_keep_model_drop,keep,candidate_hybrid_keep_strong_domain_rule_anchor,9,부실채권;ncr,연체,
2026-06-13,"“마통 뚫어보려 했는데, 포기했습니다”…금융권 줄줄이 대출 조이기",이전까지는 연소득 이내라는 정부 규제와 총부채원리금상환비율(DSR)에 맞춰 신용대출을 내줬다.... 이에 금융당국은 가계부채 확대 가능성을 예의주시하고 있다. 최근 금융권에 신용대출 증가세에 대한 ‘엄중한...,https://www.mk.co.kr/article/12072693,1,0.85,rule_keep_score_ge_6_with_hard_match,0.622099,0,pseudo_keep_model_drop,keep,candidate_hybrid_keep_strong_domain_rule_anchor,8,dsr;가계부채,대출,
2026-06-16,청년미래적금 22일 출시…7월 3일까지 신청 접수,"금융위원회는 지난 16일 금융지주회사의 저축은행 정기 대주주 적격성 심사를 면제하는 상호저축은행법... 취급기관(기업, 농협, 신한, 우리, 하나, 국민, iM, 부산, 경남, 광주, 전북, 수협, 카카오,우정사업본부) 앱을 통해...",https://www.ziksir.com/news/articleView.html?idxno=136919,1,0.85,rule_keep_score_ge_6_with_hard_match,0.622209,0,pseudo_keep_model_drop,keep,candidate_hybrid_keep_strong_domain_rule_anchor,16,금융위원회;금융위;저축은행,,
2026-06-16,"[기자수첩] 실적은 늘었는데 혁신은 흐릿…인뱅, 결국 시중은행 닮아가...","점점 더 특색이 없어지는 느낌입니다."" 최근 인터넷전문은행(인뱅)의 행보를 바라보는 한 금융권 관계자의... 연체율 관리 등 자산 건전성 측면에서도 연착륙에 나름 성공했다는 평가가 나온다. 그러나 지표의 내면을...",http://www.the-biz.co.kr/news/articleView.html?idxno=722563,1,0.85,rule_keep_score_ge_6_with_hard_match,0.622336,0,pseudo_keep_model_drop,keep,candidate_hybrid_keep_strong_domain_rule_anchor,10,시중은행;연체율,건전성,
2026-06-17,증시 활황에…'비트코인 현물 ETF' 도입 지지부진,한국거래소 관계자는 “단일종목 레버리지 ETF는 금융위가 자본시장법 시행령을 개정하면 도입할 수... 비트코인 현물 ETF의 경우 자본시장법상 ETF의 기초자산에 가상자산이 포함되지 않아 자본시장법 개정이 필요한...,https://www.etnews.com/20260616000257,1,0.85,rule_keep_score_ge_6_with_hard_match,0.622374,0,pseudo_keep_model_drop,keep,candidate_hybrid_keep_strong_domain_rule_anchor,10,금융위;가상자산,,
2026-06-15,"카드사, 개인사업자 대출 속속 출시…'DSR 비규제' 시장 공략","카드업계 관계자는 ""자영업자가 힘들어지는 상황에서 대출을 확대해야 한다는 분위기가 전 금융권에 있었다... 고물가 상황에서 개인사업자의 지갑 사정이 안 좋아지면 카드사 연체율도 덩달아 올라갈 수 있다. 여기에...",https://daily.hankooki.com/news/articleView.html?idxno=1376192,1,0.85,rule_keep_score_ge_6_with_hard_match,0.622428,0,pseudo_keep_model_drop,keep,candidate_hybrid_keep_strong_domain_rule_anchor,8,카드사;dsr,대출,
2026-05-29,"[팀장칼럼] 가상자산거래소의 역설, 실적과 다른 몸값","거래 수수료 의존도가 절대적인 가상자산거래소 입장에서는 말 그대로 날벼락 같은 일이다. 거래가 줄면 매출이 줄고, 매출이 줄면 이익이 흔들릴 수밖에 없다. 실제 성적표는 기대를 밑돌았다. 업계 맏형 격인...",https://www.fetv.co.kr/news/articleView.html?idxno=303119,1,0.85,rule_keep_score_ge_6_with_hard_match,0.622964,0,pseudo_keep_model_drop,keep,candidate_hybrid_keep_strong_domain_rule_anchor,10,가상자산;가상자산거래소,수수료,
2026-06-10,16억원 챙기고 7476억원 코인 환전…범죄 자금세탁 도운 30대 재판행,수사 결과 A 씨는 후이원페이로 세탁된 코인을 해외가상자산거래소를 통해 받아 원화로 환전한 뒤 현금과 수표 형태로 인출해 중국인 보따리상(따이궁)에게 전달한 것으로 조사됐다. 보따리상들은 이 돈으로 국내...,https://www.news1.kr/local/incheon/6192478,1,0.85,rule_keep_score_ge_6_with_hard_match,0.623223,0,pseudo_keep_model_drop,keep,candidate_hybrid_keep_strong_domain_rule_anchor,9,가상자산;가상자산거래소,,
2026-06-02,[더밸류 브리핑] 오늘의 인터넷은행 소식...토스뱅크·케이뱅크넷,"이번 감사장은 토스뱅크가 강남경찰서와 금융소비자 피해 예방 협력체계를 만들고, 고객이 이용하는 홈페이지에 보이스피싱 주요 수법과 피해 발생 시 대응 절차를 제공한 점을 인정받아 수여됐다. 감사장 수여식은...",http://www.thevaluenews.co.kr/news/view.php?idx=199101,1,0.85,rule_keep_score_ge_6_with_hard_match,0.624102,0,pseudo_keep_model_drop,keep,candidate_hybrid_keep_strong_domain_rule_anchor,8,인터넷은행;보이스피싱,,
2026-06-17,100억 넘는 피싱수익금 가상화폐로 세탁…2개 조직 일망타진,A씨 일당은 지난 2024년 2월부터 이듬해 4월까지 총책 Y씨(29) 지시에 따라 캄보디아 거점 피싱조직의 범죄수익금을 국내외 가상자산거래소를 이용해 세탁한 혐의를 받는다. 이들은 2만4천500차례에 걸쳐 달러 기반...,https://www.yna.co.kr/view/AKR20260616036100004?input=1195m,1,0.85,rule_keep_score_ge_6_with_hard_match,0.624245,0,pseudo_keep_model_drop,keep,candidate_hybrid_keep_strong_domain_rule_anchor,10,가상자산;가상자산거래소,달러,
2026-06-16,"오브스, 기관용 금융 플랫폼 '오브스 인스티튜셔널' 출시","이 서비스는 디지털자산(가상자산) 시장에서 대규모 자금을 굴리는 자산운용사, 전문 트레이딩 팀... 지난 2023년 출시된 이후 팬케이크스왑, 스시스왑 등 글로벌 탈중앙화 거래소에서 보안 사고 없이 25억달러(약...",https://www.dailybrief.co.kr/news/articleView.html?idxno=6110,1,0.85,rule_keep_score_ge_6_with_hard_match,0.624339,0,pseudo_keep_model_drop,keep,candidate_hybrid_keep_strong_domain_rule_anchor,9,가상자산;디지털자산,금융,
2026-06-13,신한·하나·우리 신용대출 '선제적 관리'나서...마이너스통장 한도 'DO...,이전까지는 연소득 이내라는 정부 규제와 총부채원리금상환비율(DSR)에 맞춰 신용대출을 내줬다. 또한... 앞서 금융위는 관계기관 합동으로 연 가계부채 점검회의에서 신용대출을 중심으로 가계대출이 확대하자...,https://www.datasom.co.kr/news/articleView.html?idxno=208893,1,0.85,rule_keep_score_ge_6_with_hard_match,0.624511,0,pseudo_keep_model_drop,keep,candidate_hybrid_keep_strong_domain_rule_anchor,13,금융위;dsr;가계부채,,
2026-06-18,"코인베이스, 미국 주식 토큰화 서비스 내달 출시…수수료 무료",글로벌 가상자산 거래소 코인베이스가 디지털자산을 넘어 종합 금융 플랫폼 전환에 속도를 내고 있다. 코인베이스는 미국 주식과 1대1로 연동되는 토큰화 주식 서비스 ‘코인베이스 어드밴스드(Coinbase Advanced)’를...,https://zdnet.co.kr/view/?no=20260617100129,1,0.85,rule_keep_score_ge_6_with_hard_match,0.625089,0,pseudo_keep_model_drop,keep,candidate_hybrid_keep_strong_domain_rule_anchor,11,가상자산;디지털자산,수수료;주식;금융,
2026-06-17,"지방은행·인뱅, 시중은행보다 예대금리차 높은 이유는?","사진=연합뉴스 시중은행과 지방은행, 인터넷전문은행의 예대금리차가 뚜렷한 격차를 나타내고 있다. 지방은행과 인터넷은행이 중·저신용자 대출과 개인사업자 대상 중금리 대출 취급 비중이 높은 만큼...",https://daily.hankooki.com/news/articleView.html?idxno=1377022,1,0.85,rule_keep_score_ge_6_with_hard_match,0.626361,0,pseudo_keep_model_drop,keep,candidate_hybrid_keep_strong_domain_rule_anchor,13,시중은행;인터넷은행;예대금리차,대출,
2026-06-06,"[더벨][저축은행경영분석] 애큐온저축, 기업금융 중심 사업 재편 속 수...","◇심사 체계 고도화, 부실 유입 차단에 총력 애큐온저축은행은 올해 연체 자산이 증가하면서 건전성 관리 측면에서 일부 부담이 확대됐다. 올해 3월말 기준 연체율은 4.93%로 전년말 대비 0.41%포인트 상승했다. NPL비율은 6....",https://www.thebell.co.kr/free/content/ArticleView.asp?key=202606031754100720101771,1,0.85,rule_keep_score_ge_6_with_hard_match,0.626506,0,pseudo_keep_model_drop,keep,candidate_hybrid_keep_strong_domain_rule_anchor,14,저축은행;npl,연체;부실;건전성,
2026-06-10,국민연금 달러 매도로 환율방어 기여…외국인 22일째 순매도 불씨,"5원을 넘어 1600원 내외까지 접근할 경우 (한국은행이) 과도한 쏠림 방지 및 물가에 미치는 파급효과 방지 차원에서 기준금리를 50bp(1bp=0.01%포인트) 인상할 가능성을 열어두어야 한다""고 말했다. 앞서 국민연금은 기금...",https://www.mt.co.kr/stock/2026/06/09/2026060914564433782,1,0.85,rule_keep_score_ge_6_with_hard_match,0.627494,0,pseudo_keep_model_drop,keep,candidate_hybrid_keep_strong_domain_rule_anchor,9,한국은행;기준금리,달러,
2026-06-02,[사설] 금융 건전성 저해 기업 지원 재고해야,"한국은행 금융안정 보고서에 따르면, 전체 외부감사 대상 기업 중 한계기업(3년 연속 영업이익으로 이자도... 줄고 연체율 및 자산건전성도 나빠질 수 있다고 밝혔다. 5대 금융 지주는 올해부터 5년간 서민·소상공인...",https://m.skyedaily.com/news_view.html?ID=305055,1,0.85,rule_keep_score_ge_6_with_hard_match,0.627531,0,pseudo_keep_model_drop,keep,candidate_hybrid_keep_strong_domain_rule_anchor,12,한국은행;연체율,건전성;금융,
2026-06-09,"[PICK! 이 안건] 백선희 등 11인 ""가상자산시장의 건전한 거래질서 확립...","백 의원 등은 제안이유에 대해 ""현행법은 가상자산사업자의 이용자 예치금 및 가상자산의 분리보관, 보험가입, 이상거래 감시 의무 등을 규정하여 이용자 보호를 도모하고 있다""며 ""그러나 올해 2월 초 가상자산거래소에서...",https://www.jeonmae.co.kr/news/articleView.html?idxno=1262510,1,0.85,rule_keep_score_ge_6_with_hard_match,0.627583,0,pseudo_keep_model_drop,keep,candidate_hybrid_keep_strong_domain_rule_anchor,9,가상자산;가상자산거래소,,
2026-05-29,"제주농협, 2026년 상반기 상호금융대상 수상 확대 위한 평가 전략회의 ...","이날 참석자들은 상호금융대상 평가 주요 항목인 손익과 건전성 향상을 중심으로 수익성 제고 방안과 연체 감축 대책 등을 논의했다. 또한 농·축협별 추진 현황과 당면 현안을 공유하고, 건전결산 달성을 위한 다양한...",https://www.newsjeju.net/news/articleView.html?idxno=421439,1,0.85,rule_keep_score_ge_6_with_hard_match,0.627753,0,pseudo_keep_model_drop,keep,candidate_hybrid_keep_strong_domain_rule_anchor,8,상호금융,연체;건전성,
2026-06-18,‘매파 연준’에 반도체 빼고 다 ‘흔들’…스페이스X도 꺾였다,시카고상업거래소(CME)의 페드워치에 따르면 금리선물 시장은 오는 12월까지 연준이 금리를 한 차례 이상... 가상자산을 강세를 보이고 있다. 같은 시간 비트코인은 24시간 전보다 4% 이상 오는 6만4233달러선에 거래...,https://www.dt.co.kr/article/12068208?ref=naver,1,0.85,rule_keep_score_ge_6_with_hard_match,0.627767,0,pseudo_keep_model_drop,keep,candidate_hybrid_keep_strong_domain_rule_anchor,9,연준;가상자산,,
2026-05-29,[은행 이모저모] 국민은행·기업은행·카카오뱅크 등,"한국능률협회컨설팅(KMAC)이 주관하는 '2026년 한국산업의 서비스품질지수(KSQI)' 콜센터 부문에서 20년 연속... 이를 통해 기업은행은 여신, 외환, 금융사기 예방 등 고난도 금융 업무를 원스톱으로 처리할 수 있는 환경을...",http://www.bizwnews.com/news/articleView.html?idxno=137547,1,0.85,rule_keep_score_ge_6_with_hard_match,0.627843,0,pseudo_keep_model_drop,keep,candidate_hybrid_keep_strong_domain_rule_anchor,9,은행;기업은행,금융,
2026-06-11,[가계부채 2000조 경고] 대출 조여도 가계빚 못 막았다…2000조 눈앞,"가계신용 1993조 역대 최대…GDP 대비 비율 OECD 6위 주담대·전세대출에 마통 빚투까지, 2금융권 풍선효과 우려 아주경제=이서영 기자 2s0@ajunews.com [사진=챗GPT] 정부가 총부채원리금상환비율(DSR) 규제와 가계대출 총량관리...",https://www.ajunews.com/view/20260610141321739,1,0.85,rule_keep_score_ge_6_with_hard_match,0.627877,0,pseudo_keep_model_drop,keep,candidate_hybrid_keep_strong_domain_rule_anchor,8,dsr;가계부채,대출,
2026-06-11,이제 미성년자도 신용카드 발급돼요…부모님 허락 필수!,"(금융감독원) 지난 4월 28일, 금융위원회에서 보도한 여신전문금융업법 시행령 개정안에 따르면, 이제까지 성인만 발급할 수 있었던 신용카드를 이제부터는 만 12세 이상 청소년들도 가족 신용카드의 형태로 발급받을 수...",https://www.korea.kr/news/reporterView.do?newsId=148966042&call_from=naver_news,1,0.85,rule_keep_score_ge_6_with_hard_match,0.628518,0,pseudo_keep_model_drop,keep,candidate_hybrid_keep_strong_domain_rule_anchor,24,금융감독원;금융위원회;금융위;여신전문금융업,,
2026-06-17,“마통 개설 중단·한도 뚝”…인터넷은행도 ‘빚투’ 차단 빗장,"NH농협은행은 지난 15일부터 신용대출에 적용하는 우대금리를 0.1%포인트(p) 축소했다. 일각에서는 은행 창구가 모두 막히면 상호금융, 카드사 등 제2금융권으로 수요가 쏠리는 풍선효과가 나타날 수 있다는 우려도...",https://www.viva100.com/article/20260616500778,1,0.85,rule_keep_score_ge_6_with_hard_match,0.628640,0,pseudo_keep_model_drop,keep,candidate_hybrid_keep_strong_domain_rule_anchor,14,은행;인터넷은행;카드사;상호금융,,
2026-06-07,싹싹 모아 팔았는데 '휴~'…오른만큼 떨어졌다,미국 국채금리가 급등하자 반대로 금 가격은 내려앉았기 때문이다. 인플레이션 상승과 주요 선진국 재정 악화 우려에 글로벌 채권시장에서 투매 현상이 지속되면서 채권 수익률은 상승세다. 국채 가격과 수익률은 반대...,http://www.wowtv.co.kr/NewsCenter/News/Read?articleId=A202606060382&t=NN,1,0.85,rule_keep_score_ge_6_with_hard_match,0.628661,0,pseudo_keep_model_drop,keep,candidate_hybrid_keep_overseas_global_reference,9,국채;국채금리,채권,
2026-06-16,"에잇퍼센트, 하반기 상호금융과 첫 연계투자 상품 출시한다",연계투자 상품은 연평균 12% 내외의 수익성과 연체율 1%대의 건전성을 기록하는 중이다. 에잇퍼센트는 이러한 성과를 바탕으로 상호금융권으로 협력 범위를 확대해 중금리 대출 공급을 늘리고 전통 금융과 핀테크가...,https://www.edaily.co.kr/news/newspath.asp?newsid=02587926645482048,1,0.85,rule_keep_score_ge_6_with_hard_match,0.629302,0,pseudo_keep_model_drop,keep,candidate_hybrid_keep_strong_domain_rule_anchor,9,상호금융;연체율,대출,
2026-06-17,"아, 코픽스 '주담대 변동금리' 또 밀어 올린다","신잔액기준 코픽스는 일반적으로 시장 금리 변동이 서서히 반영된다. 한국은행에 따르면, 지난 4월 시중은행 주담대 고정금리 비중은 47.8%로 한 달 전보다 13.0%포인트 하락했다. 2022년 6월(57.1%) 이후 3년 10개월 만에...",http://www.newswell.co.kr/news/articleView.html?idxno=19506,1,0.85,rule_keep_score_ge_6_with_hard_match,0.629967,0,pseudo_keep_model_drop,keep,candidate_hybrid_keep_strong_domain_rule_anchor,10,한국은행;시중은행,금리,
2026-06-12,"빗썸, 생성형 AI 연동 거래 서비스 출시…대화만으로 매매 가능","빗썸이 생성형 인공지능(AI)과 대화를 통해 거래가 가능한 서비스를 출시했다.[빗썸] 가상자산 거래소 빗썸이 생성형 인공지능(AI)과 연동해 대화형으로 거래할 수 있는 서비스를 선보였다. 빗썸은 클로드, 챗GPT...",https://www.ziksir.com/news/articleView.html?idxno=136460,1,0.85,rule_keep_score_ge_6_with_hard_match,0.630012,0,pseudo_keep_model_drop,keep,candidate_hybrid_keep_strong_domain_rule_anchor,9,가상자산;빗썸,,
2026-06-10,“3억 빌리면 매달 원리금 180만원→200만원” 주담대 7% 시대 차주 부담...,이에 앞서 NH농협은행도 지난 1일 고정형·변동형 주담대 금리를 각각 0.20%포인트씩 올렸다. 이 같은 금리... 특히 일부 상호금융권과 저축은행은 지난해 목표치를 초과한 데 따른 페널티로 올해 대출 잔액을 사실상...,https://biz.heraldcorp.com/article/10766976?ref=naver,1,0.85,rule_keep_score_ge_6_with_hard_match,0.630381,0,pseudo_keep_model_drop,keep,candidate_hybrid_keep_strong_domain_rule_anchor,10,저축은행;상호금융,금리;대출,
2026-06-12,‘사내 대출’시장 5조 육박… 가계대출 규제 우회로 되나,반면 사내대출은 기업이 자체 재원으로 직원에게 자금을 빌려주는 방식이어서 총부채원리금상환비율(DSR)이나 가계대출 총량 규제 적용을 받지 않는다. 한 시중은행 관계자는 “일반 직장인은 대출 규제로 추가 차입이...,https://www.munhwa.com/article/11594840?ref=naver,1,0.85,rule_keep_score_ge_6_with_hard_match,0.630578,0,pseudo_keep_model_drop,keep,candidate_hybrid_keep_strong_domain_rule_anchor,9,시중은행;dsr,대출,
2026-06-16,"[줌인] 15조원 꺼내든 '농협', 부실 채권 소각부터 농촌 상생까지...포용...","특히 이번 대책은 NH농협금융지주 계열사는 물론 전국 농축협 상호금융과 농협자산관리까지 범농협의 모든 역량을 총동원했다는 점에서 단순한 금융지원을 넘어섰다는 분석이다. 농협중앙회 강호동 회장은 ""앞으로도...",http://www.dailypop.kr/news/articleView.html?idxno=99686,1,0.85,rule_keep_score_ge_6_with_hard_match,0.631068,0,pseudo_keep_model_drop,keep,candidate_hybrid_keep_strong_domain_rule_anchor,8,상호금융,부실;채권,
2026-05-29,ETF·개인투자자 모두 떠나나…비트코인 7.5만달러도 밑돌아 [매일코인...,28일 비트코인은 세계 최대 가상자산거래소 바이낸스에서 이날 오전 10시 기준 24시간 전보다 1.94% 하락한 7만4545달러에 거래되고 있다. 비트코인은 이틀 연속 하락해 지난 23일 이후 다시 7만5000달러 아래로...,https://www.mk.co.kr/article/12059645,1,0.85,rule_keep_score_ge_6_with_hard_match,0.631294,0,pseudo_keep_model_drop,keep,candidate_hybrid_keep_strong_domain_rule_anchor,9,가상자산;가상자산거래소,,
2026-05-30,보험 깨고 파산 몰린 서민은 '한숨',카드론 장기 연체가 2003년 ‘카드대란’ 이후 최대치로 치솟은 데다 노후 안전판인 보험을 깨는 사례도... 강민국 국민의힘 의원에 따르면 부산·경남·광주·전북·제주 등 5개 지방은행의 1분기 말 기준 평균 연체율...,https://www.hankyung.com/article/2026052974251,1,0.85,rule_keep_score_ge_6_with_hard_match,0.631488,0,pseudo_keep_model_drop,keep,candidate_hybrid_keep_strong_domain_rule_anchor,9,연체율;카드론,,
2026-06-11,"DAXA, 최대 62배 수수료 챙긴 불법 코인업자 12곳 적발",디지털자산거래소 공동협의체(DAXA)와 국내 신고 가상자산사업자(VASP)들이 첫 합동 조사를 통해 불법 가상자산취급업자 12곳을 적발하고 경찰에 수사를 의뢰했다. 적발된 불법 장외거래소들은 국내 거래소 대비 최대...,https://www.dailian.co.kr/news/view/1654350/?sc=Naver,1,0.85,rule_keep_score_ge_6_with_hard_match,0.631569,0,pseudo_keep_model_drop,keep,candidate_hybrid_keep_strong_domain_rule_anchor,14,가상자산;디지털자산;디지털자산거래소,수수료,
2026-06-12,"페퍼저축은행, '몸집 줄이기' 3년 버텼다…적자늪 탈출은 언제",개인·기업 차주에 대한 선별적 접근으로 자산 구조조정에 나선 페퍼저축은행은 최근 가시적인 성과가 나오고 있다는 점을 긍정적으로 평가한다. 또 연내 연체율과 NPL 비율이 추가로 개선될 경우 총자산 반등 속도도...,https://www.bloter.net/news/articleView.html?idxno=665163,1,0.85,rule_keep_score_ge_6_with_hard_match,0.631664,0,pseudo_keep_model_drop,keep,candidate_hybrid_keep_strong_domain_rule_anchor,8,저축은행;npl,,
2026-06-05,"바이낸스, 380개 이상 직무 채용 진행…""AI 시대 대비""",세계 최대 가상자산(디지털자산) 거래소 바이낸스가 인공지능(AI) 시대에 대응하기 위해 380개 이상의 직무에서 채용을 진행한다고 4일 밝혔다. 바이낸스는 올해 신규 채용 인원의 약 20%를 AI 기술 및 제품 개발 관련...,https://www.news1.kr/finance/blockchain-fintech/6187486,1,0.85,rule_keep_score_ge_6_with_hard_match,0.631906,0,pseudo_keep_model_drop,keep,candidate_hybrid_keep_strong_domain_rule_anchor,8,가상자산;디지털자산,,
2026-06-08,'생산적 금융' 확대에도…대기업 늘고 중기 대출 '제자리',금융감독원통계에서 올해 3월 기준 중소기업 대출 연체율은 0.81%로 전년 동기 대비 0.05%포인트 상승했다.... 금융권 안팎에서는 생산적 금융의 실효성을 높이기 위해서는 중소기업 대출 확대에 따른 위험가중자산...,https://www.cstimes.com/news/articleView.html?idxno=708750,1,0.85,rule_keep_score_ge_6_with_hard_match,0.631949,0,pseudo_keep_model_drop,keep,candidate_hybrid_keep_strong_domain_rule_anchor,12,금융감독원;생산적 금융,대출;금융,
2026-05-30,"[더벨][은행권 포용적 금융 원년] 하나금융, 중·저신용자 지원 위해 올...",하나저축은행은 햇살론 공급을 늘리면서 취약차주와 보이스피싱 피해자 상환 유예 등 자체 채무조정을 가동 중이다. 이번 로드맵은 중장기 청사진의 일환이다. 앞서 하나금융은 2030년까지 5년간 생산적 금융 84조원과...,https://www.thebell.co.kr/free/content/ArticleView.asp?key=202605281459475960107563,1,0.85,rule_keep_score_ge_6_with_hard_match,0.632113,0,pseudo_keep_model_drop,keep,candidate_hybrid_keep_strong_domain_rule_anchor,17,은행권;저축은행;보이스피싱;생산적 금융,금융,
2026-06-06,[초점] 하나은행·두나무 '밀월'에…케이뱅크 '홀로서기' 시험대,최근 금융사들의 디지털자산 거래소에 대한 지분 투자 흐름이 확산하고 있는 것에 대해 증권가는... '홀로서기' 케이뱅크의 성장 전략은 최근 금융권에서 금가분리(금융·가상자산) 규제 완화가 시사된 점도 케이뱅크의...,http://www.newswatch.kr/news/articleView.html?idxno=79991,1,0.85,rule_keep_score_ge_6_with_hard_match,0.632377,0,pseudo_keep_model_drop,keep,candidate_hybrid_keep_strong_domain_rule_anchor,14,가상자산;디지털자산;두나무,금융,
2026-06-15,결국 꺼낸 보유세 카드…공급절벽 넘을 수 있나?,"한국, 보유세 OECD 절반…양도세는 최고 수준OECD와 한국조세재정연구원 등에 따르면 한국의 부동산 보유세... 코로나19 당시 연 0.5%까지 떨어졌던 기준금리는 현재 2.5% 수준이다. 주요 시중은행의 신용대출 금리 상단은...",https://www.nocutnews.co.kr/news/6532671?utm_source=naver&utm_medium=article&utm_campaign=20260615064750,1,0.85,rule_keep_score_ge_6_with_hard_match,0.632694,0,pseudo_keep_model_drop,keep,candidate_hybrid_keep_strong_domain_rule_anchor,8,시중은행;기준금리,금리,
2026-06-16,외국인 주식자금 318.3억달러 순유출…3월 기록 갈아치운 ‘셀 코리아’,한국은행이 15일 발표한 '2026년 5월 이후 국제금융·외환시장 동향'에 의하면 5월중 외국인의 국내... 정부의 시장안정 메시지 및 국민연금의 선물환 매도 소식 등으로 상승폭을 축소했다. 5월중 원·달러 환율의...,http://www.joseilbo.com/news/news_read.php?uid=570045&class=18&grp=,1,0.85,rule_keep_score_ge_6_with_hard_match,0.632841,0,pseudo_keep_model_drop,keep,candidate_hybrid_keep_strong_domain_rule_anchor,10,한국은행;외환시장,달러,
2026-05-30,"새도약기금, 농자산·상호금융 등 연체채권 9602억 추가 매입","금융위원회는 새도약기금이 농협자산관리회사(농자산), 상호금융권·대부회사·공공기관 등이 보유한 장기 연체 채권을 매입했다고 29일 밝혔다. 이번 5차 매입대상 채권은 7년 이상 연체, 5000만원 이하의 개인(개인사업자...",https://www.newsis.com/view/NISX20260529_0003648801,1,0.85,rule_keep_score_ge_6_with_hard_match,0.633022,0,pseudo_keep_model_drop,keep,candidate_hybrid_keep_strong_domain_rule_anchor,18,금융위원회;금융위;상호금융,연체,
2026-05-30,"“삼성은 2천 조를 넘었는데”… 호황, 숫자와 체감이 갈라졌다","카드론 장기 연체액은 카드대란 이후 가장 큰 폭으로 늘었고, 보험을 해지해 생활비를 마련하는 가입자도... 여기에 부산·경남·광주·전북·제주 등 지방은행의 평균 연체율은 시중은행 평균의 세 배를 웃돌았습니다....",https://www.jibs.co.kr/news/articles/articlesDetail/61770?feed=na,1,0.85,rule_keep_score_ge_6_with_hard_match,0.633230,0,pseudo_keep_model_drop,keep,candidate_hybrid_keep_strong_domain_rule_anchor,9,시중은행;카드론,,
2026-06-17,"[단독] 금감원 ""스페이스X 공모주도 국내법 테두리""...투자자 보호 위반...",국내 증권사가 해외 IPO를 직접 들여와 전문투자자를 대상으로 청약을 진행한 사례가 사실상 처음인 만큼... 앞서 미래에셋증권은 스페이스X IPO 인수단으로 참여해 청약을 진행했으나 대표주관사인 골드만삭스의 최종...,https://www.econovill.com/news/articleView.html?idxno=742496,1,0.85,rule_keep_score_ge_6_with_hard_match,0.633387,0,pseudo_keep_model_drop,keep,candidate_hybrid_keep_strong_domain_rule_anchor,10,금감원;ipo,,
2026-06-17,삼성전자 갤럭시 AI 보안 고도화…악성 앱 유입부터 실행까지 원천 봉쇄,"금융감독원 조사에 따르면 최근 악성 앱을 통한 보이스피싱 비중이 전체 사기의 80%를 상회하며 1인당 평균 피해액이 2300만 원에 육박하는 만큼, 이러한 사후 차단 기술이 실질적인 금융 피해 경감으로 이어질 것이라는...",http://www.ttlnews.com/news/articleView.html?idxno=3116977,1,0.85,rule_keep_score_ge_6_with_hard_match,0.633400,0,pseudo_keep_model_drop,keep,candidate_hybrid_keep_strong_domain_rule_anchor,11,금융감독원;보이스피싱,금융,
2026-06-06,"“숨 구멍은 여기뿐”…인뱅, ‘개인사업자 대출’에 사활",금융권에서는 금감원의 이번 조치를 ‘우회대출과의 전쟁’으로 인식하고 있다. 시중은행 관계자는 “최근 자영업 업황 둔화로 연체율 관리가 중요해지면서 개인사업자 대출 심사를 보다 보수적으로 운영하고 있다”며...,https://www.mk.co.kr/article/12066820,1,0.85,rule_keep_score_ge_6_with_hard_match,0.633562,0,pseudo_keep_model_drop,keep,candidate_hybrid_keep_strong_domain_rule_anchor,9,시중은행;연체율,대출,
2026-06-02,“우리도 5억 사내대출 달라”...주담대도 K자 양극화,"2일 금융계에 따르면 전날 기준 5대(KB국민·신한·하나·우리·NH농협) 은행의 5년 고정형 주택담보대출 금리... 일반적인 차주들이 시중은행이나 상호금융권에서 주담대를 받을 경우 가계대출 총량, 주택담보인정비율(LTV)...",https://www.sedaily.com/article/20050813?ref=naver,1,0.85,rule_keep_score_ge_6_with_hard_match,0.633707,0,pseudo_keep_model_drop,keep,candidate_hybrid_keep_strong_domain_rule_anchor,12,시중은행;상호금융;ltv,금리,
2026-06-09,[재계 경쟁력&공정거래] 신세계x알리의 꿈 멈췄지만...'데이터 큐레이션...,"최근 스페인 C2C 플랫폼 왈라팝 투자나 우리나라 가상자산거래소 두나무의 지분인수 검토 등 공격적인 투자가 이를 방증한다. 다만 공정거래법상 문제라는 논리로, 단순 사업 확장보다 이용자의 검색·탐색·구매·결제...",https://www.financialpost.co.kr/news/articleView.html?idxno=261800,1,0.85,rule_keep_score_ge_6_with_hard_match,0.633801,0,pseudo_keep_model_drop,keep,candidate_hybrid_keep_strong_domain_rule_anchor,9,가상자산;가상자산거래소,,
2026-06-05,비용 부담에 대출 절벽까지…소상공인 금융난 가중,금융권에 따르면 5대 시중은행의 자영업자 대출 잔액은 올해 3월 말 기준 322조6472억원으로 지난해 말보다 9921억원 증가하는 데 그쳤다. 증가율은 약 0.3% 수준이다. 대출 심사가 강화된 배경에는 연체율 상승이 있다....,https://www.nbntv.co.kr/news/articleView.html?idxno=4022078,1,0.85,rule_keep_score_ge_6_with_hard_match,0.634182,0,pseudo_keep_model_drop,keep,candidate_hybrid_keep_strong_domain_rule_anchor,9,시중은행;연체율,대출,
2026-06-18,"카드채 국내 4%대인데 위안화는 2%대…현대카드, 김치본드로 조달 격차...",17일 현대카드는 국내 여신전문금융회사(여전사) 최초로 미국 달러화(USD)와 중국 위안화(CNY)를 결합한... 금융투자협회에 따르면 무보증 AA+ 3년물 여전채 금리는 최근 4%대를 유지하고 있다. 지난 3월에는 2년 2개월 만에 4...,https://www.greened.kr/news/articleView.html?idxno=342750,1,0.85,rule_keep_score_ge_6_with_hard_match,0.634240,0,pseudo_keep_model_drop,keep,candidate_hybrid_keep_strong_domain_rule_anchor,10,여전채;카드채,,
2026-06-17,마통 막고 한도 축소…인뱅도 대출 잠그기 [규제 전 대출 급증],특히 금융당국이 최근 시중은행의 대출 규제 강화로 대출 수요가 인터넷은행으로 이동하는 이른바 ‘풍선효과’를 우려하고 있는 만큼 인터넷은행들도 선제적으로 대출 관리에 나선 것으로 해석된다. ▶인뱅도 가계대...,https://biz.heraldcorp.com/article/10772583?ref=naver,1,0.85,rule_keep_score_ge_6_with_hard_match,0.634243,0,pseudo_keep_model_drop,keep,candidate_hybrid_keep_strong_domain_rule_anchor,9,시중은행;인터넷은행,대출,
2026-05-30,"새도약기금, 연체채권 9천602억원 매입...6월 상록수 채권 매입","새도약기금 출범식(사진=연합뉴스) 새도약기금은 농협자산관리회사, 상호금융권(새마을금고, 수협, 신협, 산림조합)·대부회사·공공기관 등이 보유한 장기 연체 채권을 매입했다. 금융위원회는 29일 이번 5차 매입대상...",http://www.efnews.co.kr/news/articleView.html?idxno=130032,1,0.85,rule_keep_score_ge_6_with_hard_match,0.634831,0,pseudo_keep_model_drop,keep,candidate_hybrid_keep_strong_domain_rule_anchor,28,금융위원회;금융위;상호금융;새마을금고;신협,연체;채권,
2026-06-16,5월 주식시장서 외국인 318억달러 순매도…역대 최대,순유출이란 한국 주식·채권 시장에 들어온 외국인 투자 자금이 빠져나간 자금보다 많았다는 뜻이다. 5월 순유출 규모는 지난 3월(-365억5000만달러)에 이어 역대 2위를 기록했다. 원화로는 지난달 말 원/달러 환율...,https://biz.heraldcorp.com/article/10771954?ref=naver,1,0.85,rule_keep_score_ge_6_with_hard_match,0.635208,0,pseudo_keep_model_drop,keep,candidate_hybrid_keep_strong_domain_rule_anchor,11,환율;원/달러,주식;채권;달러,
2026-06-10,[아주증시포커스] '빚투' 자금 64조원 쌓였는데…역대급 증시 변동성에...,"[iM증권] -크레딧 스프레드는 안정적이지만 금리 상승 가능성이 변수 -초우량채(공사채·은행채)와 우량채(여전채·회사채) 모두 순발행 규모가 과거 평균 수준으로 회귀 -공사채는 SOC 중심 순발행, MBS는 순상환...",https://www.ajunews.com/view/20260610071019863,1,0.85,rule_keep_score_ge_6_with_hard_match,0.635281,0,pseudo_keep_model_drop,keep,candidate_hybrid_keep_strong_domain_rule_anchor,13,회사채;스프레드;여전채,금리,
2026-05-29,"IBK기업은행, 저신용·저소득층 위한 '신용 재도약 프로그램' 추진","IBK기업은행 전경 / IBK기업은행 제공  IBK기업은행이 저소득·저신용자의 금융 접근성을 높이고 신용 회복을... 단기 연체나 부실 우려 고객을 대상으로 채무조정 상품 심사 기준을 완화하고, 주택담보대출의 만기와 상환...",https://www.handmk.com/news/articleView.html?idxno=38495,1,0.85,rule_keep_score_ge_6_with_hard_match,0.635327,0,pseudo_keep_model_drop,keep,candidate_hybrid_keep_strong_domain_rule_anchor,8,기업은행,부실;금융,
2026-06-17,"“하루 새 14% 급등한 암호화폐(코인) 리플, 이번 흐름은 과거 반등 시도...",바이낸스 등 가상자산 업계에 따르면 XRP 가격은 지난 15일 오전 1.13달러대에서 본격적인 상승세를 보였고... 특히 한국 가상화폐 거래소 업비트의 점유율이 놀라운 수준으로 상승했다. 지난 14일 기준으로 업비트의...,https://www.wikitree.co.kr/articles/1141675,1,0.85,rule_keep_score_ge_6_with_hard_match,0.635950,0,pseudo_keep_model_drop,keep,candidate_hybrid_keep_strong_domain_rule_anchor,8,가상자산;암호화폐,,
2026-06-15,"여신업계 패러다임 전환: 고금리 시대, 외화 채권으로 돌파구 찾다","특히 이동현 LG경영연구원 연구위원은 여신금융협회의 계간지에서 대형사의 해외 ABS 발행 시도가 긍정적이나, 이를 상시적인 포트폴리오로 정착시키는 것이 중요하다고 강조했다. 카드사들은 여전히 높은 회사채...",https://www.gokorea.kr/news/articleView.html?idxno=869078,1,0.85,rule_keep_score_ge_6_with_hard_match,0.636128,0,pseudo_keep_model_drop,keep,candidate_hybrid_keep_strong_domain_rule_anchor,10,회사채;여신금융협회,,
2026-05-30,"기업들, 포용금융-미술대회-나눔-안전교육으로 사회공헌 실천",하나저축은행의 경우 햇살론 지원 확대와 함께 취약 차주 및 보이스피싱 피해자 상환 유예 등 자체 채무조정을 시행 중이다. 하나은행은 어린이들이 자연과 환경의 소중함을 그림을 통해 자유롭게 표현하며 창의적인...,http://www.wsobi.com/news/articleView.html?idxno=312740,1,0.85,rule_keep_score_ge_6_with_hard_match,0.636204,0,pseudo_keep_model_drop,keep,candidate_hybrid_keep_strong_domain_rule_anchor,8,저축은행;보이스피싱,,
2026-06-08,"'디지털 금' 비트코인, 6만달러선도 무너져···지난해 10월 대비 50% 이...","이는 지난 2024년 10월 이후 최저 수준으로, 미 국채금리가 상상하며 위험자산 전반에 대한 매도 압력이 높아진 영향으로 파악된다. 7일 미국 가상화폐 거래소 코인베이스에 따르면, 비트코인 1개의 가격은 지난 5일...",https://www.todaykorea.co.kr/news/articleView.html?idxno=402406,1,0.85,rule_keep_score_ge_6_with_hard_match,0.636767,0,pseudo_keep_model_drop,keep,candidate_hybrid_keep_overseas_global_reference,8,국채금리;미 국채금리,,
2026-06-12,[예규·판례] 카드사 보험수수료까지 교육세?…법원 “과세표준서 빼야...,"원고는 여신전문금융업 외에도 보험대리점 업무를 겸영하면서 보험 모집 대가로 보험회사들로부터 수수료를 받았고, 2018 사업연도 교육세 신고 당시 해당 수수료를 과세표준에 포함해 신고·납부했다. 이후 원고는 이...",https://www.tfmedia.co.kr/news/article.html?no=205088,1,0.85,rule_keep_score_ge_6_with_hard_match,0.637175,0,pseudo_keep_model_drop,keep,candidate_hybrid_keep_strong_domain_rule_anchor,9,카드사;여신전문금융업,,
2026-06-16,종전에도 변동성 장세…“반도체 유지하되 IT가전·기계 주목”,당시 기준금리가 오를수록 주식시장 변동성도 함께 높아졌다. 현재도 비슷한 국면이라는 판단이다. 미국... 일본은행(BOJ)과 한국은행도 뒤따를 가능성이 있는 만큼 통화정책 전환기 동안 주식시장 변동성이 커질 수밖에...,https://www.edaily.co.kr/news/newspath.asp?newsid=02725686645482376,1,0.85,rule_keep_score_ge_6_with_hard_match,0.637221,0,pseudo_keep_model_drop,keep,candidate_hybrid_keep_strong_domain_rule_anchor,12,한국은행;boj;기준금리,,
2026-06-10,'중국판 월드코인' 휴머니티 프로토콜 해킹당했다…H 토큰 85% 급락,해외 가상자산 전문 매체 코인텔레그래프에 따르면 휴머니티 프로토콜의 공동 창업자 겸... 탈중앙화 거래소(DEX)를 통해 자금을 이동시키고 있다고 분석했다. 업계에서는 이번 사건이 최근 암호화폐...,https://www.newsway.co.kr/news/view?ud=2026060914442339063,1,0.85,rule_keep_score_ge_6_with_hard_match,0.637224,0,pseudo_keep_model_drop,keep,candidate_hybrid_keep_strong_domain_rule_anchor,8,가상자산;암호화폐,,
2026-06-16,"뉴욕증시 프리뷰, 美·이란 종전 합의에 위험자산 랠리…나스닥 선물 2...","미국과 이란의 종전 합의 기대가 금융시장에 안도감을 주고 있지만, 미 연방준비제도(Fed·연준)의 매파적... 일본은행 금융정책결정회의도 주요 변수로 꼽힌다. 시장에서는 일본은행이 기준금리를 0.75%에서 1.0%로...",https://www.newspim.com/news/view/20260615001279,1,0.85,rule_keep_score_ge_6_with_hard_match,0.637557,0,pseudo_keep_model_drop,keep,candidate_hybrid_keep_overseas_global_reference,13,연준;fed;기준금리,,
2026-06-18,가계부채 증가에 대출 조이기 나서는 은행권,상대적으로 대출 접근성이 용이한 인터넷은행도 가계대출 조이기에 나서고 있다. 카카오뱅크는 오는 22일부터 마이너스통장 최대 한도를 기존 2억4000만원에서 1억원으로 대폭 축소하고 마이너스통장 차주가 다음 달부터...,https://www.m-i.kr/news/articleView.html?idxno=1382529,1,0.85,rule_keep_score_ge_6_with_hard_match,0.637911,0,pseudo_keep_model_drop,keep,candidate_hybrid_keep_strong_domain_rule_anchor,12,은행권;인터넷은행;가계부채,대출,
2026-05-30,"11만 6천 명 추심중단…새도약기금, 연체채권 9602억원 매입","이재명 정부의 '빚탕감' 프로그램인 새도약기금이 농협자산관리회사(농자산), 상호금융권(새마을금고·수협·신협·산림조합), 대부회사, 공공기관 등이 보유한 장기 연체 채권 9602억 원을 매입했다. 29일 금융위원회에...",https://www.nocutnews.co.kr/news/6524613?utm_source=naver&utm_medium=article&utm_campaign=20260529101026,1,0.85,rule_keep_score_ge_6_with_hard_match,0.637915,0,pseudo_keep_model_drop,keep,candidate_hybrid_keep_strong_domain_rule_anchor,28,금융위원회;금융위;상호금융;새마을금고;신협,연체;채권,
2026-06-06,"""문의 응대 넘어 고객 보호까지""…업비트 고객센터, 우수콜센터 선정","보이스피싱과 사칭 사기 유형, 피싱 사이트 유도 방식, 계정 탈취 사례, 투자 리딩방 관련 피해 사례 등 실제 고객 피해로 이어질 수 있는 주요 유형을 지속적으로 교육하고, 상담 현장에서 활용할 수 있는 대응 매뉴얼을...",https://www.wolyo.co.kr/news/articleView.html?idxno=313187,1,0.85,rule_keep_score_ge_6_with_hard_match,0.638063,0,pseudo_keep_model_drop,keep,candidate_hybrid_keep_strong_domain_rule_anchor,9,보이스피싱;업비트,,
2026-06-11,“다음 물결은 AI 에이전트와 블록체인의 결합”,"현재 한국에서는 특정금융정보법에 따른 가상자산사업자(VASP) 신고 체계상 거래소와 지갑, 수탁(커스터디) 사업을 제외하면 사실상 대부분의 디지털자산 사업이 불가능한 상황이다. 기본법을 통해 운용업과 평가업...",https://www.sedaily.com/article/20053766?ref=naver,1,0.85,rule_keep_score_ge_6_with_hard_match,0.638579,0,pseudo_keep_model_drop,keep,candidate_hybrid_keep_strong_domain_rule_anchor,8,가상자산;디지털자산,,
2026-06-09,"해진공 ""민간금융 확대 필요""…선박금융 외국계 비중 66%","안 사장은 ""시범 사업을 성공시킨 뒤 STO(토큰증권) 제도까지 확대할 생각""이라고 말했다. 선주사업도 확대한다. 현재 19척인 보유·공유 선박은 올해 23척으로 늘어나며, 해진공은 오는 2028년까지 관련 자회사 설립도...",http://www.metroseoul.co.kr/article/20260608500380,1,0.85,rule_keep_score_ge_6_with_hard_match,0.638807,0,pseudo_keep_model_drop,keep,candidate_hybrid_keep_strong_domain_rule_anchor,10,토큰증권;sto,,
2026-06-18,한컴 인증서 악용한 표적형 사회공학 공격…북한 사이버 범죄 전술과 일...,규모의 가상자산을 탈취당했다. 이번 사건을 정밀 조사한 보안업체는 과거 북한 해킹 조직이 주로 사용하던... 당시 피해를 입은 휴머니티 프로토콜의 이사는 한국의 대형 암호화폐 거래소인 빗썸과 업무상 연락을 실제로...,http://www.lkp.news/news/articleView.html?idxno=80983,1,0.85,rule_keep_score_ge_6_with_hard_match,0.639163,0,pseudo_keep_model_drop,keep,candidate_hybrid_keep_strong_domain_rule_anchor,8,가상자산;암호화폐,,
2026-06-04,환경·안전·복지 등 다양한 분야서 주민에 공헌하죠,"올해 들어서도 봉암동지점, 언양지점, 중앙동금융센터 등이 잇따라 보이스피싱 피해를 막아 감사장을 받았다. 지난 3월에는 경남경찰청, 금융감독원 경남지원과 '피싱범죄 예방 및 협력을 위한 업무협약'을 체결해 공조...",http://www.gnmaeil.com/news/articleView.html?idxno=587980,1,0.85,rule_keep_score_ge_6_with_hard_match,0.639243,0,pseudo_keep_model_drop,keep,candidate_hybrid_keep_strong_domain_rule_anchor,10,금융감독원;보이스피싱,,
2026-06-05,"내 집 마련 위한 새로운 통로? ""대출 규제 피한 '사내 대출' 급증""","또한 카카오와 네이버는 임직원 대출 이자 지원 제도를 운용하고 있으며, 가상자산 거래소 업비트 는 최대 5억 원, 빗썸 은 최대 1억 원 규모의 사내 대출을 지원하고 있다. 금융당국은 사내 대출이 기업의 복지제도...",https://www.ppss.kr/news/articleView.html?idxno=297838,1,0.85,rule_keep_score_ge_6_with_hard_match,0.639268,0,pseudo_keep_model_drop,keep,candidate_hybrid_keep_strong_domain_rule_anchor,15,가상자산;업비트;빗썸,대출,
2026-06-05,“주담대 막히면 사업자대출로”…집 살 때 이런 말 못한다는데,"4일 금융권에 따르면 금융감독원은 최근 은행연합회, 여신금융협회 등 다수의 금융권 협회에 개인사업자대출의 자금 용도 사후점검 기준을 기존 1억원에서 5000만 원으로 조정할 것을 요청했다. 금융회사가 대출금의...",https://www.mk.co.kr/article/12065847,1,0.85,rule_keep_score_ge_6_with_hard_match,0.639460,0,pseudo_keep_model_drop,keep,candidate_hybrid_keep_strong_domain_rule_anchor,12,금융감독원;여신금융협회,,
2026-06-02,"코빗, 연락처 기반 이체 서비스 도입",코빗이 휴대폰 번호만으로 가상자산을 송금할 수 있는 서비스를 선보이며 이용자 편의성 강화에 나섰다.... 송금은 거래소 내부 이체 방식으로 처리된다. 별도 송금 수수료가 부과되지 않으며 블록체인 네트워크 수수료...,https://www.khgames.co.kr/news/articleView.html?idxno=304921,1,0.85,rule_keep_score_ge_6_with_hard_match,0.639767,0,pseudo_keep_model_drop,keep,candidate_hybrid_keep_strong_domain_rule_anchor,9,가상자산;코빗,수수료,
2026-06-02,"영암군, 재생에너지 금융 협력","현장에는 광주은행을 비롯해 지역 내 농·축협, 새마을금고, 신협 등 주요 금융기관 관계자들이 자리했다.... 주요 협의 안건으로는 집적화단지 프로젝트 파이낸싱(PF) 투자 참여 방식과 지역 맞춤형 상품 개발, 금융권 협력...",https://www.namdonews.com/news/articleView.html?idxno=912191,1,0.85,rule_keep_score_ge_6_with_hard_match,0.639801,0,pseudo_keep_model_drop,keep,candidate_hybrid_keep_strong_domain_rule_anchor,13,새마을금고;신협;pf,금융,
2026-06-03,상생금융 부담에 은행주 소외…재평가 가능성 높아,금융당국의 상생금융 정책이 은행권의 건전성과 수익성 부담으로 이어지면서 은행주가 심각한 소외 현상을... 가계대출 규제가 지속되는 가운데 국민성장펀드와 초저리 정책금융 등을 통해 금융권 자금이 기업대출로...,http://www.newsprime.co.kr/news/article.html?no=735532,1,0.85,rule_keep_score_ge_6_with_hard_match,0.639942,0,pseudo_keep_model_drop,keep,candidate_hybrid_keep_strong_domain_rule_anchor,14,정책금융;국민성장펀드;성장펀드,,
2026-06-13,"은행권, 마이너스 통장 만기·한도 축소한다",증시 활황에 따른 '빚투' 수요가 마이너스통장(마통)으로 집중되면서 가계대출이 급증하고 있다. 5대 시중은행 마통 대출 잔액이 42조원을 넘은 가운데 승인 한도액 중 아직 쓰이지 않은 잠재 대출이 55조원에 달한다....,https://www.newspim.com/news/view/20260612000392,1,0.85,rule_keep_score_ge_6_with_hard_match,0.640530,0,pseudo_keep_model_drop,keep,candidate_hybrid_keep_strong_domain_rule_anchor,9,은행권;시중은행,대출,
2026-05-29,"자사주 의무소각 앞두고…두나무, 최대 600억 규모 보상재원 마련",가상자산(디지털자산) 거래소 업비트 운영사 두나무가 상법 개정안 시행에 맞춰 최대 600억원에 달하는 임직원 보상 재원을 마련했다. 자기주식 소각 의무화에 대응하는 동시에 핵심 인재 확보와 장기 인센티브 체계를...,https://www.news1.kr/finance/blockchain-fintech/6180535,1,0.85,rule_keep_score_ge_6_with_hard_match,0.640745,0,pseudo_keep_model_drop,keep,candidate_hybrid_keep_strong_domain_rule_anchor,18,가상자산;디지털자산;업비트;두나무,,
2026-06-06,"미래에셋벤처, 3000억 펀딩 목표…프리IPO·메자닌 '5대5' 배분","시중은행과 증권사, 연기금, 공제회 등 민간 금융기관을 중심으로 매칭 자금을 조달할 계획이다. 이번 코스닥 리그는 프리IPO 기업과 시가총액 2000억원 이하 코스닥 상장사 투자를 목적으로 한다. 주관기관인 산업은행은...",https://www.bloter.net/news/articleView.html?idxno=664499,1,0.85,rule_keep_score_ge_6_with_hard_match,0.640876,0,pseudo_keep_model_drop,keep,candidate_hybrid_keep_strong_domain_rule_anchor,18,시중은행;증권사;ipo;산업은행,코스닥,
2026-06-11,[강달러 쇼크②] 고환율 장기화 우려…금융시스템도 긴장,원·달러 환율이 1550선을 넘나들면서 은행권의 외화 유동성 관리 부담이 커지고 금융시장 변동성 우려도 높아지고 있다. 정부가 외환시장 안정에 총력 대응하고 있지만 시장에선 환율 불안이 금융시스템 전반으로 번질...,https://www.mediapen.com/news/view/1103605,1,0.85,rule_keep_score_ge_6_with_hard_match,0.640934,0,pseudo_keep_model_drop,keep,candidate_hybrid_keep_strong_domain_rule_anchor,11,유동성;환율;외환시장,달러,
2026-06-12,[뱅크Shoot] KB·신한·우리·농협·IBK·BNK부산·카카오·케이·토스뱅...,"기업은행은 캠페인과 함께 취약계층 혈액암 환우를 위한 치료비 2억원을 한국백혈병소아암협회 등 관련... ◆ 토스뱅크, 체크카드 발급 가능 연령 만 7세로 확대 토스뱅크는 여신전문금융업법 시행령 개정에 따라...",http://www.finomy.com/news/articleView.html?idxno=255577,1,0.85,rule_keep_score_ge_6_with_hard_match,0.641377,0,pseudo_keep_model_drop,keep,candidate_hybrid_keep_strong_domain_rule_anchor,11,여신전문금융업;기업은행,,
2026-05-29,[속보]뉴욕증시 또 사상 최고치…“미·이란 휴전 연장 합의 기대” 위...,채권시장도 강세를 보였다. 미 국채금리는 전 구간에서 하락했고 달러 가치는 주요 선진국 통화 대비 약세를 나타냈다. 국제유가는 장 초반 급등세를 보였지만 휴전 기대가 커지면서 상승폭을 상당 부분 반납했다....,https://www.edaily.co.kr/news/newspath.asp?newsid=01708886645453840,1,0.85,rule_keep_score_ge_6_with_hard_match,0.641562,0,pseudo_keep_model_drop,keep,candidate_hybrid_keep_overseas_global_reference,9,국채금리;미 국채금리,달러,
2026-05-30,"새도약기금, 장기연체채권 11만명분 매입···다음달 ‘상록수’ 채권...",농협·상호금융권 등이 보유한 장기연체채권 9602억원어치를 새도약기금이 매입하기로 했다. 이에 따라 11만6000명에 대한 추심이 즉시 중단될 예정이다. 금융위원회는 한국자산관리공사(캠코)의 새도약기금이...,https://www.khan.co.kr/article/202605291050001,1,0.85,rule_keep_score_ge_6_with_hard_match,0.641587,0,pseudo_keep_model_drop,keep,candidate_hybrid_keep_strong_domain_rule_anchor,18,금융위원회;금융위;상호금융,채권,
2026-06-06,[이재명정부 1년] 국민성장펀드·코스피 8800선…금융정책 '3대 성과'는,"민간 금융권의 생산적 금융과 관련 이재명 정부 출범 1주년 성과를 점검하는 한편, 에너지 산업 변화와... 지난 3월 기업대출 연체율은 0.68%로 1년 전보다 0.06%포인트 상승했다. 국내은행 원화대출 연체율도 0.56%로 10년...",https://www.pointdaily.co.kr/news/articleView.html?idxno=307065,1,0.85,rule_keep_score_ge_6_with_hard_match,0.641621,0,pseudo_keep_model_drop,keep,candidate_hybrid_keep_strong_domain_rule_anchor,15,국민성장펀드;성장펀드;생산적 금융,코스피,
2026-06-05,지방까지 힘 몰아준 민심…‘1년반 정책 골든타임’ 열렸다,"외환시장 분위기는 한층 더 엄중하다. 원달러 환율은 주간거래 종가 기준 12거래일 연속 1500원대에 머물며 2009년 글로벌 금융위기 당시 기록을 넘어섰다. 고환율은 원자재와 에너지, 식료품 수입 가격을 다 불려...",https://www.naeil.com/news/read/590698?ref=naver,1,0.85,rule_keep_score_ge_6_with_hard_match,0.641755,0,pseudo_keep_model_drop,keep,candidate_hybrid_keep_strong_domain_rule_anchor,8,원달러;외환시장,,
2026-06-17,4월 통화량 25.3조 원 증가…반도체 기업 예금·투자 대기자금↑,한국은행이 16일 공개한 '통화 및 유동성' 통계에 따르면 올해 4월 평균 광의 통화량(M2 기준·평잔)은... 작년 4월 기준금리 인하를 앞두고 예금 수요가 늘면서 15조 원 넘게 증가한 이래 최대폭입니다. 반도체 기업의...,https://news.sbs.co.kr/news/endPage.do?news_id=N1008612728&plink=ORI&cooper=NAVER,1,0.85,rule_keep_score_ge_6_with_hard_match,0.641849,0,pseudo_keep_model_drop,keep,candidate_hybrid_keep_strong_domain_rule_anchor,11,한국은행;유동성;기준금리,,
2026-06-16,"외국인, 5월 주식시장서 318억 달러 팔아…역대 최대","순유출은 한국 주식·채권 시장에서 빠져나간 외국인 투자 자금이 들어온 자금보다 많았다는 뜻입니다. 5월 순유출 규모는 지난 3월(-365억 5천만 달러)에 이어 역대 2위로, 원화로는 지난달 말 원/달러 환율(1,507.9원)...",https://news.sbs.co.kr/news/endPage.do?news_id=N1008610814&plink=ORI&cooper=NAVER,1,0.85,rule_keep_score_ge_6_with_hard_match,0.641862,0,pseudo_keep_model_drop,keep,candidate_hybrid_keep_strong_domain_rule_anchor,11,환율;원/달러,주식;채권;달러,
2026-06-12,빚투 열풍에 5월 가계대출 9.3조 급증,업권별로는 은행권 가계대출이 6조9천억원 증가해 전월(+2조1천억원)보다 증가 폭이 확대됐다. 제2금융권 가계대출도 2조3천억원 늘어 전월(+1조4천억원)보다 증가 폭이 커졌다. 상호금융권은 증가 폭이 축소(+2조1천억...,https://www.idaegu.co.kr/news/articleView.html?idxno=550844,1,0.85,rule_keep_score_ge_6_with_hard_match,0.642075,0,pseudo_keep_model_drop,keep,candidate_hybrid_keep_strong_domain_rule_anchor,8,은행권;상호금융,,
2026-06-08,숨막히는 2030…소득 줄었는데 월세 부담은 11.6% 뛰어,금융투자업계에서는 한국은행이 올해 기준금리를 한두 차례 올릴 수 있다는 전망이 나온다. 이정희 중앙대 경제학부 교수는 “청년층은 자산이 충분히 쌓이지 않은 상태에서 주거 관련 대출을 받은 경우가 많아...,https://www.donga.com/news/Economy/article/all/20260607/134063701/1,1,0.85,rule_keep_score_ge_6_with_hard_match,0.642206,0,pseudo_keep_model_drop,keep,candidate_hybrid_keep_strong_domain_rule_anchor,8,한국은행;기준금리,,
2026-05-29,정부가 나서 ‘약탈적 금융’ 손 본다,초장기 연체채권의 과도한 추심 문제를 지적한 경향신문의 ‘상록수 보도’ 이후 금융권의 약탈적 행태를... 앞서 IBK기업은행은 올 하반기에 2금융권 대출 이용객의 금리 부담을 낮추는 ‘갈아타기 상품’을 출시한다....,https://www.khan.co.kr/article/202605282058015,1,0.85,rule_keep_score_ge_6_with_hard_match,0.642214,0,pseudo_keep_model_drop,keep,candidate_hybrid_keep_strong_domain_rule_anchor,8,기업은행,금리;대출;금융,
2026-06-12,‘카톡 선물’까지 금융데이터로…신용평가 시야 넓히는 은행권,"기존 신용평가가 대출·연체·카드 사용 이력 등 과거 금융 기록에 주로 의존했다면, 대안신용평가는 생활밀착형 비금융 정보를 통해 차주의 상환 행태를 보다 입체적으로 파악하는 체계다. 은행권이 자체...",https://www.kukinews.com/article/view/kuk202606110152,1,0.85,rule_keep_score_ge_6_with_hard_match,0.642216,0,pseudo_keep_model_drop,keep,candidate_hybrid_keep_strong_domain_rule_anchor,8,은행권,대출;연체;금융,
2026-05-31,[데일리 머니마켓] 미 증시 3대 지수 또다시 사상 최고치,미 국채금리는 안정됐다. 미국 증시 3대 지수는 또다시 사상 최고치로 마감했다. ◆주식시장 미국... ◆채권시장 미 국채시장은 중동 긴장 완화 기대와 유가 하락으로 인플레이션 우려가 일부 누그러지며...,https://www.bigtanews.co.kr/article/view/big202605300001,1,0.85,rule_keep_score_ge_6_with_hard_match,0.642745,0,pseudo_keep_model_drop,keep,candidate_hybrid_keep_overseas_global_reference,8,국채금리;미 국채금리,,
2026-05-31,"증시는 축제, 민생은 겨울 공화국 - 코스피 8,000과 서민 생활 단절의 구...","한국은행은 5월 28일에도 기준금리를 2.50%로 동결하며 고물가와 저성장의 교차점에서 움직이지 못하고 있다. 코스피 8,000은 정책 성공의 지표가 아니라, 한국 경제에서 성장의 과실과 비용이 계층에 따라 얼마나...",http://www.ifs.or.kr/bbs/board.php?bo_table=News&wr_id=55802,1,0.85,rule_keep_score_ge_6_with_hard_match,0.642803,0,pseudo_keep_model_drop,keep,candidate_hybrid_keep_strong_domain_rule_anchor,10,한국은행;기준금리,코스피,
2026-06-02,"[카드사 B2B 각축전]⑤ KB국민, 전방위 도전 속 1위 지킨 동력",금융지주 계열 경쟁사 잇단 공세 1일 여신금융협회에 따르면 국민카드의 올해 4월 누적 기준 법인 신용판매... 1분기 당기순이익은 1075억원으로 전년동기(845억원) 대비 27.2% 증가했으며 같은 기간 연체율은 2.02%에서 1.67%로...,https://www.bloter.net/news/articleView.html?idxno=664098,1,0.85,rule_keep_score_ge_6_with_hard_match,0.643056,0,pseudo_keep_model_drop,keep,candidate_hybrid_keep_strong_domain_rule_anchor,9,카드사;여신금융협회,,
2026-05-29,"함영주 하나금융 회장, 올해 포용금융에 ‘3조원’ 푼다","하나저축은행은 햇살론 지원 확대와 함께 취약 차주 및 보이스피싱 피해자 상환 유예 등 자체 채무조정을 시행 중이다. 함영주 하나금융지주 회장은 “포용금융은 단순한 기부나 일시적인 지원이 아닌, 서민의 삶에...",https://www.ekn.kr/web/view.php?key=20260528026018702,1,0.85,rule_keep_score_ge_6_with_hard_match,0.643244,0,pseudo_keep_model_drop,keep,candidate_hybrid_keep_strong_domain_rule_anchor,8,저축은행;보이스피싱,,
2026-06-09,"[카드사 실탄 리포트]②하나카드, CP 92% 확대···조달구조 '단기화'",현대경제신문 이지운 기자 | 여신전문금융회사채(여전채) 금리 상승과 조달 환경 악화로 인해... 이 같은 시장 한파 속 1분기 하나카드 가중평균 스프레드(국고채 대비 가산금리)는 54.1bp(1bp=0.01%)로 직전 분기(35.6bp)...,http://www.finomy.com/news/articleView.html?idxno=255398,1,0.85,rule_keep_score_ge_6_with_hard_match,0.643331,0,pseudo_keep_model_drop,keep,candidate_hybrid_keep_strong_domain_rule_anchor,15,카드사;cp;스프레드;여전채,금리,
2026-05-30,"11만 6천 명 '빚 탕감'…9,602억 원 상당","금융위원회는 한국자산관리공사(캠코)의 새도약기금이 농협자산관리회사, 상호금융권(새마을금고·수협·신협·산림조합), 대부회사 등이 보유한 장기 연체 채권을 매입했다고 29일 밝혔다. 대상 채권은 7년 이상 연체...",http://www.wowtv.co.kr/NewsCenter/News/Read?articleId=A202605290400&t=NN,1,0.85,rule_keep_score_ge_6_with_hard_match,0.643339,0,pseudo_keep_model_drop,keep,candidate_hybrid_keep_strong_domain_rule_anchor,26,금융위원회;금융위;상호금융;새마을금고;신협,연체,
2026-05-30,"새도약기금, 농자산·상호금융권 등 보유 연체채권 9602억 매입","[금융위 제공] [헤럴드경제=김은희 기자] 정부의 장기 연체채권 채무조정 기구인 새도약기금은 농협자산관리회사, 상호금융권(새마을금고·수협·신협·산림조합), 대부회사, 공공기관 등이 보유한 장기 연체채권을...",https://biz.heraldcorp.com/article/10758520?ref=naver,1,0.85,rule_keep_score_ge_6_with_hard_match,0.643407,0,pseudo_keep_model_drop,keep,candidate_hybrid_keep_strong_domain_rule_anchor,18,금융위;상호금융;새마을금고;신협,,
2026-05-29,차기 화보협회 이사장 오늘 선출…이재명 정부 첫 금융협회장 인선 촉각,"화보협회 이사장에 이어 여신금융협회장도 조만간 협회장 선출을 앞두고 있고, 올 연말엔 조용병 은행연합회장, 김철주 생명보험협회장, 이병래 손해보험협회장도 임기가 만료되기 때문이다. 관료 출신을 배제한다면...",https://www.mt.co.kr/finance/2026/05/28/2026052809143168603,1,0.85,rule_keep_score_ge_6_with_hard_match,0.643574,0,pseudo_keep_model_drop,keep,candidate_hybrid_keep_strong_domain_rule_anchor,12,손해보험;생명보험;여신금융협회,,
2026-06-05,"전 세계가 강남 빌딩에 투자한다…피에코, 글로벌 부동산 STO 추진","글로벌 투자자들이 강남 빌딩과 K브랜드 상권, 관광형 숙박시설 등에 투자할 수 있는 글로벌 부동산 토큰증권(STO) 플랫폼이 추진된다. 한국 상업용 부동산을 '글로벌 투자 자산'으로 재편하려는 첫 시도라는 평가가...",https://www.etnews.com/20260604000165,1,0.85,rule_keep_score_ge_6_with_hard_match,0.644640,0,pseudo_keep_model_drop,keep,candidate_hybrid_keep_strong_domain_rule_anchor,10,토큰증권;sto,,
2026-05-29,"농협 상호금융 ""금융 소외 없앤다""…농촌 ATM·점포 투자 확대",농협 상호금융은 농업인과 지역사회의 실질적 편익을 최우선 가치로 설정하고 적극적인 '포용금융'을 전개하고 있다. 농축협의 수도권 점포 비중은 25.4%로 시중은행에 비해 매우 낮은 편이다. 비수도권을 중심으로 현재...,https://www.thepublic.kr/news/articleView.html?idxno=305921,1,0.85,rule_keep_score_ge_6_with_hard_match,0.644866,0,pseudo_keep_model_drop,keep,candidate_hybrid_keep_strong_domain_rule_anchor,9,시중은행;상호금융,금융,
2026-05-29,"집주인 명의 도용한 범죄용 모임통장 기승…금감원, 소비자경보 발령",사기나 보이스피싱 등에 악용하는 수법이다. 실제 부동산 중개사가 임대인명을 단체명으로 정해 단체 계좌를... 금융감독원은 이른바 '삼행시 단체통장'으로 인한 추가 피해를 막기 위해 소비자경보 '주의'를 발령했다. 최근...,https://www.mediapen.com/news/view/1101414,1,0.85,rule_keep_score_ge_6_with_hard_match,0.644873,0,pseudo_keep_model_drop,keep,candidate_hybrid_keep_strong_domain_rule_anchor,16,금융감독원;금감원;보이스피싱,,
2026-06-02,미국 뉴욕증시 혼조세…국제유가 상승 불구 투자심리 안정,채권시장에서는 국채금리가 상승했다. 미국 제조업 지표가 예상보다 강하게 나오면서 10년 만기 국채 수익률은 4.45%에서 4.50%로 올랐다. 금리 상승 여파로 미국 장기 주택담보대출 금리는 9개월 만의 최고 수준까지...,https://www.thefairnews.co.kr/news/articleView.html?idxno=78496,1,0.85,rule_keep_score_ge_6_with_hard_match,0.644930,0,pseudo_keep_model_drop,keep,candidate_hybrid_keep_overseas_global_reference,8,국채;국채금리,금리,
2026-06-03,"'재무·기업통' 김재관號 KB국민카드, 법인·해외서 반등 기반 다졌다",KB국민카드는 카드론과 현금서비스 등 고수익·고위험 자산에 기대기보다 우량 자산과 기업영업 기반을 다지는 쪽으로 방향을 잡았다. 지난해부터는 부실자산 정리와 연체율 관리에 힘을 실었고 이 과정에서 충당금...,https://www.newspost.kr/news/articleView.html?idxno=223274,1,0.85,rule_keep_score_ge_6_with_hard_match,0.644935,0,pseudo_keep_model_drop,keep,candidate_hybrid_keep_strong_domain_rule_anchor,8,연체율;충당금,,
2026-06-12,주담대에 '빚투'까지…가계대출 9조3천억원 늘었다,"업권별로 보면 은행권 가계대출은 6조9천억원 증가해 전월(2조1천억원)보다 증가폭이 확대됐다. 제2금융권 가계대출은 2조3천억원 증가해 전월(1조4천억원)보다 늘었지만, 상호금융권의 증가폭은 2조1천억원에서...",https://www.nocutnews.co.kr/news/6531489?utm_source=naver&utm_medium=article&utm_campaign=20260611122104,1,0.85,rule_keep_score_ge_6_with_hard_match,0.645023,0,pseudo_keep_model_drop,keep,candidate_hybrid_keep_strong_domain_rule_anchor,8,은행권;상호금융,,
2026-06-17,"인터넷은행, 시중은행 이어 마이너스통장 한도 제한",시중은행에 이어 인터넷전문은행도 가계대출 급증세를 막기 위해 마이너스통장 한도를 줄이거나 신규 판매를 중단하는 초강수 조치를 단행하고 있다. 금융당국의 가계부채 관리 압박 속에서 인터넷은행 역시 대출...,https://www.mdtoday.co.kr/news/articleView.html?idxno=600938,1,0.85,rule_keep_score_ge_6_with_hard_match,0.645125,0,pseudo_keep_model_drop,keep,candidate_hybrid_keep_strong_domain_rule_anchor,12,시중은행;인터넷은행;가계부채,대출,
2026-06-18,"비덴트, 상폐 결정에 이의신청…'강종현 고리 끊기' 재시동",국내 가상자산거래소 빗썸의 2대주주인 비덴트가 코스닥시장위원회의 상장폐지 결정에 대해 이의신청에 나설 계획이다. 상장폐지를 막기 위해 배임·횡령 의혹을 받는 강종현 씨와 연관된 지배구조 개선 작업도 추진할...,https://news.mtn.co.kr/news-detail/2026061616202082480,1,0.85,rule_keep_score_ge_6_with_hard_match,0.645319,0,pseudo_keep_model_drop,keep,candidate_hybrid_keep_strong_domain_rule_anchor,9,가상자산;가상자산거래소,,
2026-06-03,"[사설] 비트코인 약세장론, 숫자보다 돈의 흐름을 보라","가상자산 회계 기준, 거래소 감독, 투자자 보호, 스테이블코인 준비금 관리 기준을 서둘러 정비해야 한다. 방치하면 시장은 혼탁해지고, 과잉 규제하면 혁신은 해외로 빠져나간다. 필요한 것은 금지도 방치도 아닌...",https://www.tokenpost.kr/news/insights/365400,1,0.85,rule_keep_score_ge_6_with_hard_match,0.645683,0,pseudo_keep_model_drop,keep,candidate_hybrid_keep_strong_domain_rule_anchor,9,가상자산;스테이블코인,,
2026-06-13,“빚투 족쇄 채우는 은행권”…신용대출 한도 1억 묶고 ‘마통’ 싹둑,"은행권의 이 같은 릴레이 대출 규제는 금융위원회의 가계부채 관리 기조와 맞닿아 있다. 금융위는 최근 관계기관 합동 점검회의를 열고 신용대출을 중심으로 가계부채가 급증하자 비상관리체계를 가동, 관리 목표를...",https://www.dt.co.kr/article/12067276?ref=naver,1,0.85,rule_keep_score_ge_6_with_hard_match,0.645724,0,pseudo_keep_model_drop,keep,candidate_hybrid_keep_strong_domain_rule_anchor,20,금융위원회;금융위;은행권;가계부채,대출,
2026-06-17,"[이슈] ""주담대 변동금리 또 오른다""...긴장한 은행권, 대출 관리 강화","인터넷전문은행 3사 역시 신용대출 관리에 나서면서 은행권 전반으로 대출 조이기 움직임이 확산되고 있다. 시중은행 한 관계자는 ""가계부채의 안정적 관리와 실수요자 중심의 자금 공급이라는 두 가지 원칙을 균형...",http://www.paxetv.com/news/articleView.html?idxno=274753,1,0.85,rule_keep_score_ge_6_with_hard_match,0.645831,0,pseudo_keep_model_drop,keep,candidate_hybrid_keep_strong_domain_rule_anchor,12,은행권;시중은행;가계부채,대출,
2026-06-13,[보험사 자본구조 진단] 5000억 수혈받은 KDB생명…기본자본 여전히 '마...,"유증으로 킥스비율 개선됐지만 해약환급금 부담 확대…자본의 질 개선 과제 KDB생명보험이 지난해 최대주주인 산업은행으로부터 유상증자를 통해 5000억원 규모의 자금을 지원받았지만, 기본자본은 여전히 바닥...",https://dealsite.co.kr/articles/163375,1,0.85,rule_keep_score_ge_6_with_hard_match,0.645901,0,pseudo_keep_model_drop,keep,candidate_hybrid_keep_strong_domain_rule_anchor,11,보험사;생명보험;산업은행,,
2026-06-18,시중은행 이어 인터넷은행 3사도 신용대출·마통 관리 고삐···'빚투' ...,"금융권에 따르면, 올해 5월 은행권 가계대출 잔액은 전월과 비교해 6조9000억원 증가했는데, 신용대출과 마이너스통장대출 등을 포함한 기타대출이 3조7000억원 불어나며 전체 증가세를 견인한 것으로 나타났다. 기타대출...",https://www.todaykorea.co.kr/news/articleView.html?idxno=402797,1,0.85,rule_keep_score_ge_6_with_hard_match,0.645908,0,pseudo_keep_model_drop,keep,candidate_hybrid_keep_strong_domain_rule_anchor,12,은행권;시중은행;인터넷은행,,
2026-05-29,"중동전쟁 이긴 반도체 효과…한은, 올해 성장률 전망 2.6%로 올려(상보)",여신금융협회에 따르면 지난달 카드 국내승인액은 전년 동월 대비 7.3% 증가한 것으로 나타났다. 반도체 수출 확대와 반도체 주도의 증시 활황에 소비 심리도 되살아나고 있다. 한은이 발표한 소비자심리지수(CCSI)는...,https://view.asiae.co.kr/article/2026052716171553066,1,0.85,rule_keep_score_ge_6_with_hard_match,0.645936,0,pseudo_keep_model_drop,keep,candidate_hybrid_keep_strong_domain_rule_anchor,11,한은;여신금융협회,,
2026-06-05,"트럼프, 이란전 추진력 흔들···공화 4명 이탈에 군사작전 제동[글로벌...","미 국채금리가 다시 심리적 저항선을 위협하고 있습니다. 시장은 미 연방준비제도(Fed·연준)의 연내 금리... 10년물은 글로벌 채권시장의 기준 지표이고, 30년물은 미국 주택담보대출과 우량 회사채의 준거 금리로...",https://www.sedaily.com/article/20051998?ref=naver,1,0.85,rule_keep_score_ge_6_with_hard_match,0.645939,0,pseudo_keep_model_drop,keep,candidate_hybrid_keep_overseas_global_reference,19,연준;fed;국채금리;미 국채금리,금리,
2026-06-08,작년 5대 코인거래소 해킹·전산사고 보상액 33억 넘어,"사고로 47건의 보상 신청을 받아 4900여만원을 보상했다. 이헌승 의원은 ""증권사 전산장애에 대한 피해보상을 법상 의무화한 것처럼, 가상자산거래소 전산장애에 대한 피해보상도 의무화할 필요가 있다""고 밝혔다",http://www.newsfc.co.kr/news/articleView.html?idxno=79101,1,0.85,rule_keep_score_ge_6_with_hard_match,0.646062,0,pseudo_keep_model_drop,keep,candidate_hybrid_keep_strong_domain_rule_anchor,16,증권사;가상자산;가상자산거래소;코인거래소,,
2026-06-02,"[국제금융 브리핑] 트럼프, 이란 핵협상 수정안 재발송…""고농축 우라늄...","금융시장 주요 지표에서는 S&P500과 KOSPI, 미국 및 한국 국채 10년물, 달러인덱스와 원/달러 환율, 브렌트유와 유럽 천연가스, VIX와 EMBI+, 달러-원 스왑베이시스와 한국 CDS 흐름이 함께 제시됐다. 미국 경제지표에서는 5월...",https://www.tokenpost.kr/news/international/364932,1,0.85,rule_keep_score_ge_6_with_hard_match,0.646460,0,pseudo_keep_model_drop,keep,candidate_hybrid_keep_strong_domain_rule_anchor,11,환율;국채;원/달러,달러,
2026-05-30,"""빚까지 내 부실법인 건물 매입?""… 민주당, 이장우 특혜의혹 직격","사옥을 신축한 H법인은 새마을금고 공동대출단(대주단)으로부터 PF 대출을 받았는데, 해당 공동대출단에 포함된 A 이사장이 이 후보의 국회의원 시절 동구의원을 지낸 인물로 알려졌다는 것이다. 선대위는 ""건물 신축 자금...",https://www.ngonews.kr/news/articleView.html?idxno=230400,1,0.85,rule_keep_score_ge_6_with_hard_match,0.646549,0,pseudo_keep_model_drop,keep,candidate_hybrid_keep_strong_domain_rule_anchor,8,새마을금고;pf,,
2026-06-17,[오후 뉴스브리핑] 비트코인이 6만7천달러를 돌파하며 하루 기준 4.66% 상...,암호화폐 거래소의 허가 신청과 투명성·규정 준수 요건을 의무화하는 법안을 2차 심의에서 통과시켰다고 PANews가 프리미엄 타임즈를 인용해 보도했다. 바라우 지브린 상원 부의장이 발의한 이 법안은 가상자산과...,https://www.tokenpost.kr/news/briefing/369779,1,0.85,rule_keep_score_ge_6_with_hard_match,0.646571,0,pseudo_keep_model_drop,keep,candidate_hybrid_keep_strong_domain_rule_anchor,8,가상자산;암호화폐,,
2026-05-30,"토스뱅크, 1분기 당기순익 296억원...전년동기 比 58% ‘↑’","75%로 제1금융권 은행 중 가장 높은 수준을 유지하고 있다. 특히 서민정책금융 상품 공급에 적극 앞장서며... 건전성 지표 지속 개선 대내외 경기불안 속에서도 전체 연체율은 1.07%를 기록, 전년동기 대비 0.19%p...",http://www.joseilbo.com/news/news_read.php?uid=569159&class=51&grp=,1,0.85,rule_keep_score_ge_6_with_hard_match,0.646573,0,pseudo_keep_model_drop,keep,candidate_hybrid_keep_strong_domain_rule_anchor,10,은행;정책금융,건전성,
2026-06-17,"JTBC 등 중앙그룹 회생신청, 크레딧시장 제2 레고랜드 사태로 번질까","재무안정성 영향 제한적 BBB급 투자심리 위축·스프레드 확대 불가피 JTBC와 중앙일보, 콘텐트리중앙 등... 최성종 NH투자증권 연구원은 “중앙그룹의 원화 회사채 및 단기자금 시장 비중은 1%가 채 되지 않는다. 투자자...",https://www.etoday.co.kr/news/view/2594138,1,0.85,rule_keep_score_ge_6_with_hard_match,0.647129,0,pseudo_keep_model_drop,keep,candidate_hybrid_keep_strong_domain_rule_anchor,12,회사채;스프레드;레고랜드 사태,원화,
2026-06-17,캐피탈 GA업무 허용 논의 재부상…엇갈린 셈법,지난달 한국경제인협회가 정부에 건의한 100대 규제개선 과제에 캐피탈사의 GA 업무 허용이 포함되면서다. 현행법상 캐피탈사는 GA 업무를 영위할 수 없다. 여신전문금융업법상 여신전문금융사의 보험상품 판매 근거는...,https://www.asiatime.co.kr/article/20260615500219,1,0.85,rule_keep_score_ge_6_with_hard_match,0.647142,0,pseudo_keep_model_drop,keep,candidate_hybrid_keep_strong_domain_rule_anchor,9,캐피탈;여신전문금융업,,
2026-06-11,"""AI 보안 위협, AI로 맞선다""… 금융위·5대 금융지주, 디지털 방어벽 구...","인공지능 대전환(AX) 시대를 맞아 해킹과 보이스피싱 등 신종 디지털 위협이 현실화되면서 정부와 금융권이... 이들은 자회사 간 의심 거래 정보 공유, AI 지능형 FDS 구축, 피싱 피해 보상 보험 출시 등 고객 보호를 위한...",https://www.newspim.com/news/view/20260610000271,1,0.85,rule_keep_score_ge_6_with_hard_match,0.647146,0,pseudo_keep_model_drop,keep,candidate_hybrid_keep_strong_domain_rule_anchor,10,금융위;보이스피싱,,
2026-06-07,'스페이스X' 블랙홀…코스피·환율 흔드나,기업가치 2조 달러 규모의 스페이스X 나스닥 상장이 임박하면서 국내 금융시장도 긴장하고 있습니다. 글로벌 자금이 미국으로 이동할 경우 코스피와 환율에 어떤 영향을 미칠지 관심이 쏠립니다. 양현주 기자입니다....,http://www.yonhapnewstv.co.kr/news/MYH20260606180446Xyp,1,0.85,rule_keep_score_ge_6_with_hard_match,0.647247,0,pseudo_keep_model_drop,keep,candidate_hybrid_keep_strong_domain_rule_anchor,10,환율;국내 금융시장,코스피;달러,
2026-06-17,[오늘의 은행] KB국민은행·하나은행·새마을금고·농협·카카오뱅크,새마을금고중앙회는 새마을금고 및 상호금융의 발전 방향을 모색하고 현장 중심의 연구 문화를 확산하기 위해 '2026년 새마을금고 연구 논문 공모'를 실시한다. 농협중앙회가 호국보훈의 달을 맞아 국토방위에 헌신하고...,http://www.financialreview.co.kr/news/articleView.html?idxno=42910,1,0.85,rule_keep_score_ge_6_with_hard_match,0.647514,0,pseudo_keep_model_drop,keep,candidate_hybrid_keep_strong_domain_rule_anchor,11,은행;상호금융;새마을금고,,
2026-06-12,저축은행권 금융분쟁·소송 줄었지만⋯취약차주 리스크는 '여전',경기 둔화로 취약차주의 상환 부담이 커지는 데다 보이스피싱 피해와 관련한 명의도용·부정거래 주장이 금융분쟁으로 이어질 수 있다는 시각도 있다. 한 업계 관계자는 “소 제기는 민원인의 선택 영역인 만큼 실제...,https://www.etoday.co.kr/news/view/2592306,1,0.85,rule_keep_score_ge_6_with_hard_match,0.647609,0,pseudo_keep_model_drop,keep,candidate_hybrid_keep_strong_domain_rule_anchor,8,저축은행;보이스피싱,,
2026-06-16,[원자재 시황] WTI 80달러선 붕괴 '눈앞'…금·암호화폐 상승,뉴욕상업거래소에서 7월물 서부텍사스산원유(WTI)는 전 거래일보다 4.87% 하락한 배럴당 80.75달러에 거래를... 살아나면서 가상자산 시장이 강세를 보였다. 비트코인은 15일 2.34% 상승한 6만6197.73달러를 기록하며...,https://www.ebn.co.kr/news/articleView.html?idxno=1712615,1,0.85,rule_keep_score_ge_6_with_hard_match,0.647718,0,pseudo_keep_model_drop,keep,candidate_hybrid_keep_strong_domain_rule_anchor,8,가상자산;암호화폐,,
2026-06-12,금융위 '빚투' 급증에 가계대출 비상관리체계 가동,"금융감독원에 따르면 올해 1분기 은행권에서 적발된 가계대출 추가 약정 위반 건수는 천174건으로 집계됐습니다. 구체적으로는 추가주택 구입 금지 약정을 위반한 경우가 천106건으로 가장 많았고, 처분약정 56건, 전입약정...",https://www.ytn.co.kr/_ln/0102_202606111343341081,1,0.85,rule_keep_score_ge_6_with_hard_match,0.647782,0,pseudo_keep_model_drop,keep,candidate_hybrid_keep_strong_domain_rule_anchor,12,금융감독원;금융위,,
2026-06-09,'검은 월요일' 공포 덮친 증시···코스피·코스닥 급락에 '동반 매도사...,원·달러 환율 급등도 외국인 투자심리를 악화시키는 요인으로 작용했다. 환율은 지난 5일 장중 1562.47원까지 상승하며 글로벌 금융위기 이후 최고 수준을 기록했다. 환차손 우려가 커지면서 외국인들은 지난주...,https://www.smartbizn.com/news/articleView.html?idxno=145654,1,0.85,rule_keep_score_ge_6_with_hard_match,0.647787,0,pseudo_keep_model_drop,keep,candidate_hybrid_keep_overseas_global_reference,8,환율,코스피;코스닥;달러,
2026-06-16,고유가·고환율 숨통 트인다…'미·이란 종전'에 韓경제 반등 청신호,"앞서 한국은행은 지난달 수정 경제전망에서 올해 소비자물가 상승률 전망치를 기존(2월 전망) 2.2%에서 2.7%로... 이어 ""전쟁이 종료되면 미국 연방준비제도(연준)도 기준금리를 올리지 않는 선택을 할 가능성이 높다""며...",https://www.news1.kr/economy/trend/6196782,1,0.85,rule_keep_score_ge_6_with_hard_match,0.647869,0,pseudo_keep_model_drop,keep,candidate_hybrid_keep_overseas_korean_market_impact,13,한국은행;연준;기준금리,,
2026-06-12,"[인문자의 정순원 문인화 이야기] 떨감처럼 익어가는 사람, 정순원",한국은행 금융통화위원 시절은 그의 인생에서 또 하나의 전환점이었다. 기준금리를 결정하는 금융통화위원의 자리는 수많은 경제지표와 데이터를 분석하고 국가 경제의 방향에 영향을 미치는 중요한 위치다. 그러나...,https://www.ajunews.com/view/20260611125259436,1,0.85,rule_keep_score_ge_6_with_hard_match,0.647986,0,pseudo_keep_model_drop,keep,candidate_hybrid_keep_strong_domain_rule_anchor,8,한국은행;기준금리,,
2026-06-05,“불장에 마통을 왜 갚아요”…가계대출 새 뇌관에 금융당국 고심,"총부채원리금상환비율(DSR) 규제와 대출 총량 관리를 통해 주택담보대출 증가세를 억제하는 데는 성공했지만, 투자자들이 이미 확보한 마이너스통장을 활용해 주식 투자에 나서면서 신용대출이 새로운 가계부채 위험...",https://www.edaily.co.kr/news/newspath.asp?newsid=05297206645478440,1,0.85,rule_keep_score_ge_6_with_hard_match,0.648204,0,pseudo_keep_model_drop,keep,candidate_hybrid_keep_strong_domain_rule_anchor,9,dsr;가계부채,대출;주식,
2026-06-16,"외국인, 5월 주식시장서 318억달러 팔아…역대 최대","순유출은 한국 주식·채권 시장에서 빠져나간 외국인 투자 자금이 들어온 자금보다 많았다는 뜻이다. 5월 순유출 규모는 지난 3월(-365억5천만달러)에 이어 역대 2위로, 원화로는 지난 달 말 원/달러 환율(1,507.9원)을...",https://www.yna.co.kr/view/AKR20260615061000002?input=1195m,1,0.85,rule_keep_score_ge_6_with_hard_match,0.648506,0,pseudo_keep_model_drop,keep,candidate_hybrid_keep_strong_domain_rule_anchor,11,환율;원/달러,주식;채권;달러,
2026-06-06,민간 출신 수장 맞는 여신협회...규제·사업모델·디지털 전환 '시험대',◆ 카드론·리볼빙 줄이고 '생산적 금융'으로...사업 모델 전환도 숙제 카드론과 리볼빙은 카드사의 주요 수익원이다. 그러나 경기 둔화 국면에서는 연체율과 대손비용 부담을 키울 수 있다. 조달비용이 높고 본업 수익성이...,http://www.ftoday.co.kr/news/articleView.html?idxno=360019,1,0.85,rule_keep_score_ge_6_with_hard_match,0.649029,0,pseudo_keep_model_drop,keep,candidate_hybrid_keep_strong_domain_rule_anchor,16,카드론;여신협회;생산적 금융,금융,
2026-05-29,"""홍길동인 줄 알았는데 단체?""… 금감원, 전세사기 악용 '삼행시 단체통...","개인의 성명처럼 보이는 임의단체명을 만들어 계좌를 개설한 뒤, 이를 전세사기나 보이스피싱 등에 악용하는... 임차인들은 계좌주명이 계약서상 임대인 성명과 일치해 아무런 의심 없이 거액을 송금했다가 피해를 입었다....",https://www.pointe.co.kr/news/articleView.html?idxno=80005,1,0.85,rule_keep_score_ge_6_with_hard_match,0.649048,0,pseudo_keep_model_drop,keep,candidate_hybrid_keep_strong_domain_rule_anchor,10,금감원;보이스피싱,,
2026-06-08,빗썸 비트코인 오지급에 25억 보상…업비트 해킹 보상은 7.9억,24종 가상화폐 1040억 6470만여 개(약 445억 원)가 유출되는 해킹 사고를 겪었다. 이후 피해 자산 가운데 약 26억 원 규모를 동결하고 회수 및 보상 절차를 진행했다. 두 사고를 포함해 최근 6년간 5대 거래소에서 발생한...,https://www.decenter.kr/article/20052610?ref=naverdc,1,0.85,rule_keep_score_ge_6_with_hard_match,0.649603,0,pseudo_keep_model_drop,keep,candidate_hybrid_keep_strong_domain_rule_anchor,10,업비트;빗썸,,
2026-06-17,"빚투 막아라…인터넷은행, 마이너스통장 한도 확 줄인다",금융권에서는 인터넷은행까지 대출 관리에 나서면서 당분간 신용대출 문턱이 더욱 높아질 것으로 보고 있다. #마이너스통장 #인터넷은행 #신용대출 #가계부채 #금융당국,https://www.kado.net/news/articleView.html?idxno=2055974,1,0.85,rule_keep_score_ge_6_with_hard_match,0.649634,0,pseudo_keep_model_drop,keep,candidate_hybrid_keep_strong_domain_rule_anchor,8,인터넷은행;가계부채,대출,
2026-06-17,"‘톡·페이·뱅크’ 갖춘 이곳, 은행권과 원화코인 협력","네이버가 가상화폐거래소 두나무, 하나금융그룹과 연결고리를 강화하며 공동 전선을 구축한 가운데... 인터넷은행의 특성상 기업·기관 고객 기반이 상대적으로 약한 데다 외환·결제 인프라, 대규모 준비자산 운용 역량...",https://www.sedaily.com/article/20056544?ref=naver,1,0.85,rule_keep_score_ge_6_with_hard_match,0.649894,0,pseudo_keep_model_drop,keep,candidate_hybrid_keep_strong_domain_rule_anchor,9,인터넷은행;두나무,,
2026-06-16,"코스피 5%대 폭등·매수 사이드카 발동, 원-달러 환율은 8.4원 급락 출발","미국과 이란이 전격적으로 종전에 합의했다는 초대형 호재가 전해지면서 국내 금융시장이 그야말로 사상... 이날 서울 외환시장에서 원·달러 환율은 전 거래일 주간 거래 종가 대비 8.4원 급락한 1,511.4원에 거래를...",https://www.businesskorea.co.kr/news/articleView.html?idxno=271251,1,0.85,rule_keep_score_ge_6_with_hard_match,0.649983,0,pseudo_keep_model_drop,keep,candidate_hybrid_keep_strong_domain_rule_anchor,11,외환시장;국내 금융시장,코스피;달러,
2026-06-04,"실손보험 적자 2조원 육박…금감원, 점검 강화",뉴시스 비급여 과잉 진료를 억제하기 위해 도입된 4세대 실손의료보험(실손보험) 계약 건수가 처음으로... 이는 신의료기술 등 일부 고액 비급여 치료 증가로 보험금 증가 폭이 보험료 인상률을 웃돈 것으로...,http://www.segyebiz.com/newsView/20260603512075?OutUrl=naver,1,0.75,rule_keep_score_ge_6_with_hard_match,0.282454,0,pseudo_keep_model_drop,keep,candidate_hybrid_gray_keep_domain_score_ge_threshold,7,금감원,보험료,
2026-06-11,"신한금융, 5조원 규모 '포용금융 2.0 ON' 가동…""사회적 책임 실질적 이...",신한카드는 사망자 채권이나 5000만원 이상 고액이라는 이유로 기존 '새도약기금' 지원에서 제외됐던 8년 이상 장기 연체채권 약 1500억원을 이날 일괄 소각한다. 제주은행과 신한저축은행 등도 약 60억원 규모의 채권...,https://www.newsway.co.kr/news/view?ud=2026061008564906288,1,0.75,rule_keep_score_ge_6_with_hard_match,0.284557,0,pseudo_keep_model_drop,keep,candidate_hybrid_gray_keep_domain_score_ge_threshold,6,저축은행,채권,
2026-06-13,"KB국민은행, 16일부터 신용대출 최대 한도 '1억원'으로 조정","KB국민은행은 12일 이같이 신용대출 한도를 조정한다고 밝혔다. 최근 가계대출이 증가세를 보이자 이에 선제적으로 대응하는 한편, 안정적으로 여신을 관리하기 위해서다. 전날 금융감독원이 발표한 '5월 가계대출...",https://view.asiae.co.kr/article/2026061213563062449,1,0.75,rule_keep_score_ge_6_with_hard_match,0.298399,0,pseudo_keep_model_drop,keep,candidate_hybrid_gray_keep_domain_score_ge_threshold,6,금융감독원,,
2026-06-11,"신한금융, 연체채권 5000억원 소각…'포용금융 2.0'에 5조원 푼다",신한은행은 지난 2월 576억원 규모 장기 연체채권을 선제적으로 소각한 데 이어 추가로 1200억원을 소각한다. 제주은행과 신한저축은행도 약 60억원 규모 채권 소각에 동참한다. 소멸시효 연장 관행도 손본다. 앞으로...,https://www.mt.co.kr/finance/2026/06/11/2026061008333045174,1,0.75,rule_keep_score_ge_6_with_hard_match,0.315735,0,pseudo_keep_model_drop,keep,candidate_hybrid_gray_keep_domain_score_ge_threshold,6,저축은행,채권,
2026-06-16,"소진공, 위기 소상공인 맞춤형 진단·멘토링 상시 접수",시중은행에서의 최근 6개월간 누적 연체 일수가 30일 이상에 달하는 경우 등이 핵심이다. '위기 알림톡'을 수신한 소상공인이 지원을 신청하면 전문가가 현장을 직접 방문해 경영 역량을 종합 점검하는 '1:1 맞춤형 경영진단...,https://www.cstimes.com/news/articleView.html?idxno=709830,1,0.75,rule_keep_score_ge_6_with_hard_match,0.319814,0,pseudo_keep_model_drop,keep,candidate_hybrid_gray_keep_domain_score_ge_threshold,6,시중은행,연체,
2026-06-11,"진옥동 회장 ""금융 사각지대 축소""…신한금융, 5조원 규모 '포용금융 2....",신한카드는 8년 이상 장기 연체채권 약 1500억원을 일괄 정리한다. 제주은행과 신한저축은행도 채권 소각에 동참할 예정이다. 신한금융은 장기 연체자의 부담을 줄이기 위한 제도 개선에도 나선다. 5년 이상 경과한...,https://www.cstimes.com/news/articleView.html?idxno=709126,1,0.75,rule_keep_score_ge_6_with_hard_match,0.334360,0,pseudo_keep_model_drop,keep,candidate_hybrid_gray_keep_domain_score_ge_threshold,7,저축은행,채권;금융,
2026-06-09,"하나카드, 산림조합 제휴 특판 선봬…최고 10% 금리",산림·임업인과 지역 주민의 자산 형성을 지원하고 지역 상호금융 활성화를 도모하기 위한 상생 금융 프로젝트의 일환이다. 하나카드는 산림조합중앙회와 함께 우대금리 혜택을 강화한 특판 예·적금 상품을 출시했다....,https://www.cstimes.com/news/articleView.html?idxno=708820,1,0.75,rule_keep_score_ge_6_with_hard_match,0.337973,0,pseudo_keep_model_drop,keep,candidate_hybrid_gray_keep_domain_score_ge_threshold,6,상호금융,금리;금융,
2026-06-11,"신한금융, 5조 원 규모 '포용금융 2.0' 가동…장기연체채권 소각·서민금...",제주은행과 신한저축은행도 약 60억 원 규모의 연체채권 소각에 동참한다. 신한금융은 장기 연체 문제의 근본적 해결을 위해 소멸시효 연장 관행도 개선하기로 했다. 5년이 지난 채권은 원칙적으로 소멸시효 연장을...,https://www.eroun.net/news/articleView.html?idxno=82795,1,0.75,rule_keep_score_ge_6_with_hard_match,0.342689,0,pseudo_keep_model_drop,keep,candidate_hybrid_gray_keep_domain_score_ge_threshold,6,저축은행,연체,
2026-05-29,"금융위 '포용금융 전략추진단' 가동, 하나금융 3조 규모 포용금융 이행...","하나금융그룹의 주력 관계사 하나은행은 중·저신용자와 소상공인의 재기를 돕기 위해 특화 금융 상품을... 논의한 방안이) 연체채권 관리·매각 관행을 사람 중심으로 재설계하는 계기가 될 수 있기를 기대한다""고 말했다.",https://www.businesspost.co.kr/BP?command=article_view&num=438808,1,0.75,rule_keep_score_ge_6_with_hard_match,0.366607,0,pseudo_keep_model_drop,keep,candidate_hybrid_gray_keep_domain_score_ge_threshold,7,금융위,금융,
2026-06-10,"신한금융, 5조원 규모 '포용금융 2.0 ON(溫)' 프로젝트 본격 가동…연체...",제주은행과 신한저축은행도 약 60억원 규모의 연체채권 소각에 동참한다. 또한 신한금융은 장기 연체 문제의 근본적 해소를 위해 소멸시효 연장 관행 개선에도 나선다. 5년이 지난 채권은 시효 연장을 원칙적으로...,https://www.public25.com/news/articleView.html?idxno=48106,1,0.75,rule_keep_score_ge_6_with_hard_match,0.382504,0,pseudo_keep_model_drop,keep,candidate_hybrid_gray_keep_domain_score_ge_threshold,6,저축은행,연체,
2026-06-11,"신한금융, 5조원 ‘상생 보따리’ 푼다…연체채권 5000억원 소각","신한은행은 기존 576억원에 이어 약 1200억원을 추가 소각하고, 신한카드는 8년 이상 장기 연체채권 약 1500억원을 일괄 소각한다. 제주은행과 신한저축은행도 약 60억원 규모 채권 소각에 동참한다. 소멸시효 연장 관행도...",https://www.etoday.co.kr/news/view/2592195,1,0.75,rule_keep_score_ge_6_with_hard_match,0.388165,0,pseudo_keep_model_drop,keep,candidate_hybrid_gray_keep_domain_score_ge_threshold,6,저축은행,채권,
2026-06-05,"실손보험금 17조원 돌파…금감원, 비급여 관리 강화","이에 따라 금감원은 올해 도입된 5세대 실손보험 안착을 통해 비급여 과잉 이용 억제와 보험료 부담 완화를 유도하겠다는 방침이다. 5세대 실손보험은 중증·비중증 비급여를 분리하고, 비중증 비급여 자기부담률을...",http://www.docdocdoc.co.kr/news/articleView.html?idxno=3039754,1,0.75,rule_keep_score_ge_6_with_hard_match,0.405448,0,pseudo_keep_model_drop,keep,candidate_hybrid_gray_keep_domain_score_ge_threshold,7,금감원,보험료,
2026-06-11,"신한금융그룹, 5조 상생 프로젝트 추진",신한카드는 새도약기금 지원 대상에서 제외됐던 8년 이상 장기 연체채권 약 1500억원을 일괄 소각한다. 제주은행과 신한저축은행도 채권 정리에 동참한다. 신한금융은 채권 소각과 함께 소멸시효 연장 관행 개선에도...,https://www.econovill.com/news/articleView.html?idxno=742004,1,0.75,rule_keep_score_ge_6_with_hard_match,0.409590,0,pseudo_keep_model_drop,keep,candidate_hybrid_gray_keep_domain_score_ge_threshold,6,저축은행,채권,
2026-06-10,"신용카드 민원 4년간 88% 늘어…금감원 ""해외결제·리볼빙 유의""",결제한 카드사를 통해 국제 브랜드사에 이의제기를 신청할 수 있다. 다만 현지 가맹점 조사와 보상심사... 카드사별 평균 수수료율은 지난달 말 기준 15.1~18.3% 수준이다. 금감원은 리볼빙이 카드 발급 때 필수 가입사항이...,https://www.mt.co.kr/finance/2026/06/09/2026060911102978831,1,0.75,rule_keep_score_ge_6_with_hard_match,0.417899,0,pseudo_keep_model_drop,keep,candidate_hybrid_gray_keep_domain_score_ge_threshold,7,금감원,가맹점,
2026-06-17,"토스뱅크, 신규 신용대출·마통 한도 축소···건전성 관리 나서","최근 은행권은 금융당국의 가계부채 관리 기조에 맞춰 신용대출과 마이너스통장 등 가계대출 관리 수위를 높이고 있다. 대출 한도 조정과 비대면 대출 접수 제한, 미사용 한도 축소 등을 통해 대출 증가 속도를 관리하는...",http://www.finomy.com/news/articleView.html?idxno=255792,1,0.75,rule_keep_score_ge_6_with_hard_match,0.447847,0,pseudo_keep_model_drop,keep,candidate_hybrid_gray_keep_domain_score_ge_threshold,6,가계부채,대출;건전성,
2026-06-18,"이억원 금융위원장, 포용금융 대토론회 개최…""구조개혁 과제""","전문가들은 금융권의 취약차주 배제가 사회적 위험을 키울 수 있다면서 대안 신용평가 활성화 필요성 등을... 고석헌 신한금융지주 부사장은 ""포융금융 확대의 가장 큰 제약은 중·저신용자 차주 중심의 높은 연체율로...",http://mbnmoney.mbn.co.kr/news/view?news_no=MM1005860269,1,0.75,rule_keep_score_ge_6_with_hard_match,0.448580,0,pseudo_keep_model_drop,keep,candidate_hybrid_gray_keep_domain_score_ge_threshold,6,금융위,,
2026-06-03,"네이버페이·카카오뱅크, 개인사업자 대출 비교 서비스 연계","개인사업자 금융 시장을 둘러싼 플랫폼·인터넷은행 간 협업이 확대되고 있다. 가계대출 성장세가 제한되는 가운데 소상공인과 자영업자 대상 대출 수요가 새 성장 영역으로 떠오르면서, 비대면 채널을 활용한 상품...",http://www.srtimes.kr/news/articleView.html?idxno=204451,1,0.75,rule_keep_score_ge_6_with_hard_match,0.470126,0,pseudo_keep_model_drop,keep,candidate_hybrid_gray_keep_domain_score_ge_threshold,6,인터넷은행,대출;금융,
2026-06-11,고환율에도 해외결제액 사상 최대···카드사는 왜 웃지 못하나,10일 여신금융협회에 따르면 올해 1분기 국내 9개 전업 카드사의 체크카드 해외 결제액은 1조9816억원으로 전년 동기 대비 17.1% 증가했다. 1분기 기준 역대 최대 규모다. 코로나19 엔데믹 이후 해외여행이 일상화되면서 해외...,https://www.sisajournal-e.com/news/articleView.html?idxno=421634,1,0.75,rule_keep_score_ge_6_with_hard_match,0.473066,0,pseudo_keep_model_drop,keep,candidate_hybrid_gray_keep_domain_score_ge_threshold,6,여신금융협회,,
2026-06-16,"농협, 장기연체채권 8876억원 소각·감면... ""9만명 재기 지원""","농협은행이 2870억원, 농·축협(상호금융)이 1500억원, 농협자산관리가 2500억원 규모를 각각 담당한다. 올해 1~5월 이미 1785억원 규모의 채권 소각을 마쳤으며 연말까지 추가 정리를 진행할 예정이다. 채무 감면...",http://www.thefirstmedia.net/news/articleView.html?idxno=201358,1,0.75,rule_keep_score_ge_6_with_hard_match,0.481859,0,pseudo_keep_model_drop,keep,candidate_hybrid_gray_keep_domain_score_ge_threshold,6,상호금융,채권,
2026-06-16,"농협, 장기연체채권 8876억원 소각·감면","기관별 소각 규모는 농협은행 2870억원, 상호금융(농축협) 1500억원, 농협자산관리 2500억원이다. 올해 1... 가동해 금융 시스템 전면 재설계에 착수할 계획이다. 추진단은 신용평가체계와 건전성 규제, 서민금융기관의...",https://biz.heraldcorp.com/article/10772304?ref=naver,1,0.75,rule_keep_score_ge_6_with_hard_match,0.494456,0,pseudo_keep_model_drop,keep,candidate_hybrid_gray_keep_domain_score_ge_threshold,7,상호금융,건전성;금융,
2026-06-16,"농협, 장기연체채권 8876억원 소각·원금감면…'15조+α' 포용금융 확대...","장기연체채권을 소각·감면하고, 향후 5년간 '15조원+α' 규모의 포용금융을 공급하겠다고 15일 밝혔다. 농협중앙회 관계자는 ""정부의 포용금융 정책에 발맞춰 농협은 포용금융의 확산을 위해 은행·증권·캐피탈...",https://view.asiae.co.kr/article/2026061513255136898,1,0.75,rule_keep_score_ge_6_with_hard_match,0.501034,0,pseudo_keep_model_drop,keep,candidate_hybrid_gray_keep_domain_score_ge_threshold,6,은행;캐피탈,,
2026-06-12,가계대출 9.3조 급증에…시중은행 잇달아 신규대출 제한,"11일 금융권에 따르면 우리은행은 12일부터 별도 통지 시까지 대출비교 플랫폼을 통한 가계신용대출 신규와 갈아타기(대환)를 모두 중단한다. 비교 플랫폼은 토스, 카카오페이, 네이버파이낸셜, 핀다, 뱅크샐러드다....",https://www.newsis.com/view/NISX20260611_0003665982,1,0.75,rule_keep_score_ge_6_with_hard_match,0.501936,0,pseudo_keep_model_drop,keep,candidate_hybrid_gray_keep_domain_score_ge_threshold,6,시중은행,대환,
2026-06-05,"작년 보험사기 '9조'…정부, 9월 AI 보험사기 방지체계 마련","보험금 누수와 건강보험 재정 악화를 막겠다는 방침이다. 보험사기 미적발액 합치면 '9조'…""보험료 상승... 보험 분야별로 보면 실손의료보험과 건강보험 등이 포함된 장기손해보험(44.7%), 자동차보험(22.4%), 생명보험(21.8...",https://view.asiae.co.kr/article/2026060415245215532,1,0.75,rule_keep_score_ge_6_with_hard_match,0.515186,0,pseudo_keep_model_drop,keep,candidate_hybrid_gray_keep_domain_score_ge_threshold,7,손해보험;생명보험,보험료,
2026-05-29,"장민영 기업은행장, ‘포용금융’ 본격화...금융지원 패키지 ‘출격’",28일 금융권에 따르면 기업은행은 우선 이달 15일부터 IBK개인프리워크아웃론 신청요건을 완화했다. 프리워크아웃론이란 원리금 상환이 어려운 가계 신용대출 고객의 연체를 방지하고자 연체 15일 이상 3개월 미만의 전액...,https://www.ekn.kr/web/view.php?key=20260528029358790,1,0.75,rule_keep_score_ge_6_with_hard_match,0.525722,0,pseudo_keep_model_drop,keep,candidate_hybrid_model_keep_prob_ge_threshold_with_domain_anchor,7,기업은행,연체,
2026-06-18,"미래에셋증권, 스페이스X ‘청약 0주’ 공식 사과… “금전 보상 검토”",당초 미래에셋증권은 글로벌 대형 투자은행(IB) 20여 곳과 함께 글로벌 인수단에 이름을 올렸다. SEC 공시상... 금융감독원은 미래에셋증권을 대상으로 전격적인 검사에 착수했다. 금감원은 투자자 보호 관점에서 공모주...,https://www.wikitree.co.kr/articles/1141802,1,0.75,rule_keep_score_ge_6_with_hard_match,0.530171,0,pseudo_keep_model_drop,keep,candidate_hybrid_gray_keep_domain_score_ge_threshold,6,금융감독원,,
2026-06-16,"농협중앙회 8876억 규모 장기연체채권 소각 및 원금 감면, 강호동 ""포용...","구체적으로 농협은행 2870억 원, 농축협(상호금융) 1500억 원, 농협자산관리회사 2500억 원 규모다. 농협은 올해 5월까지 1785억 원의 채권 소각을 완료했다. 고령자와 기초생활수급자 등 사회적 배려 대상자가 보유한 3년...",https://www.businesspost.co.kr/BP?command=article_view&num=440026,1,0.75,rule_keep_score_ge_6_with_hard_match,0.532033,0,pseudo_keep_model_drop,keep,candidate_hybrid_gray_keep_domain_score_ge_threshold,6,상호금융,채권,
2026-06-17,꺾이지 않는 신용대출 증가세…보름 새 2조 넘게 늘어,금융당국은 지난 12일 가계부채 회의를 열고 시중은행들에 면밀한 가계대출 관리를 당부한 상황이다. 신용대출 급증세가 증시 변동성 확대와 맞물려 가계대출의 새로운 뇌관이 될 수 있다는 우려가 커졌기 때문이다....,https://www.asiatoday.co.kr/kn/view.php?key=20260616010005587,1,0.75,rule_keep_score_ge_6_with_hard_match,0.534421,0,pseudo_keep_model_drop,keep,candidate_hybrid_gray_keep_domain_score_ge_threshold,7,시중은행;가계부채,,
2026-06-12,"금감원 ""올 1분기 가계대출 추가약정 위반 1,174건""‥적발 시 대출 회수","금감원은 은행이 가계대출을 취급할 때 대출자와 맺은 추가약정이 잘 지켜지는지 점검합니다. 생활안정자금 대출, 누적 1억 원을 넘는 신용대출, 전세자금대출 등을 받았으면 추가주택 구입이 금지되는데, 총 위반건수...",https://imnews.imbc.com/news/2026/econo/article/6829532_36932.html,1,0.75,rule_keep_score_ge_6_with_hard_match,0.541076,0,pseudo_keep_model_drop,keep,candidate_hybrid_gray_keep_domain_score_ge_threshold,7,금감원,대출,
2026-06-17,"금감원, 요양병원 '페이백' 보함 사기 조사…자료 확보","페이백을 통한 보험사기는 실손보험 손해율을 높여 보험료 인상 등 보험계약자 전반에 피해를 유발한다. 금융당국 관계자는 ""보험사를 통해 고가 비급여 치료 관련 자료를 확보하고 관계 당국에 지원할 수 있는 방안...",https://news.einfomax.co.kr/news/articleView.html?idxno=4420334,1,0.75,rule_keep_score_ge_6_with_hard_match,0.542451,0,pseudo_keep_model_drop,keep,candidate_hybrid_gray_keep_domain_score_ge_threshold,7,금감원,보험료,
2026-06-08,신용카드의 국제화...외국인 특화 서비스 확대,"사용할수록 카드사는 가맹점 수수료 수익을 거둘 수 있어 외국인 고객 확대는 수익성 측면에서도 긍정적""이라고 말했다. 한편 국내 거주자들의 카드 해외사용 금액은 고환율에 따라 규모가 줄었다. 한국은행이...",https://www.m-i.kr/news/articleView.html?idxno=1378909,1,0.75,rule_keep_score_ge_6_with_hard_match,0.544080,0,pseudo_keep_model_drop,keep,candidate_hybrid_gray_keep_domain_score_ge_threshold,7,한국은행,수수료;가맹점,
2026-05-29,"이억원 “포용금융, 이벤트 아닌 구조 변화…금융, 국민 삶에 도움 돼야...","인터넷은행 도입, 중금리 대출 활성화 등 정책적 노력이 있었지만 금융배제를 만들어내는 구조적 문제는... 이 위원장은 ""우리 사회에는 한번 연체자가 되고 나서 장기간 정상적으로 경제활동을 하지 못하고 계신 많은...",http://www.joseilbo.com/news/news_read.php?uid=569074&class=18&grp=,1,0.75,rule_keep_score_ge_6_with_hard_match,0.548646,0,pseudo_keep_model_drop,keep,candidate_hybrid_gray_keep_domain_score_ge_threshold,6,인터넷은행,대출;금융,
2026-06-09,카드 쓰면 연 10% 적금… 상호금융권 파격 금리 경쟁 불붙었다,연계 상품인 '원더카드 2.0 산림조합 제휴카드'는 소비자가 원하는 혜택을 직접 선택할 수 있는 구조를 갖추고 있다. 금융권에서는 예금·적금과 카드 혜택을 결합한 맞춤형 상품이 생활 금융 플랫폼 경쟁의 새로운 형태로...,https://www.koreaittimes.com/news/articleView.html?idxno=154293,1,0.75,rule_keep_score_ge_6_with_hard_match,0.549966,0,pseudo_keep_model_drop,keep,candidate_hybrid_gray_keep_domain_score_ge_threshold,6,상호금융,금리;금융,
2026-06-16,"농협, 9만명 연체 굴레 벗긴다…8876억 소각·감면에 ‘15조 포용금융’...","농협은행이 2870억원, 농·축협(상호금융) 1500억원, 농협자산관리가 2500억원을 각각 분담한다. 약 6만 4000여 명의 추심 부담이 사라진다. 올해 1월부터 5월까지 이미 1785억원어치 소각을 완료했으며, 나머지 5085억원은...",https://www.viva100.com/article/20260615500490,1,0.75,rule_keep_score_ge_6_with_hard_match,0.550451,0,pseudo_keep_model_drop,keep,candidate_hybrid_gray_keep_domain_score_ge_threshold,6,상호금융,연체,
2026-06-04,"캐시백·고정환율부터 라운지까지…카드사, 해외 특화 혜택 '풍성'",총 45개 통화를 지원하며 해외 결제 및 ATM 출금 수수료가 면제된다. 이벤트 기간 동안 외화 머니 누적... KB국민카드는 해외 가맹점에서 합산 30만원 이상 결제한 고객을 대상으로 달러당 1400원의 고정환율을 적용해 환율...,https://www.newsis.com/view/NISX20260602_0003654047,1,0.75,rule_keep_score_ge_6_with_hard_match,0.554573,0,pseudo_keep_model_drop,keep,candidate_hybrid_gray_keep_domain_score_ge_threshold,6,카드사;환율,,
2026-06-12,"당국 ""빚투 비상""…우리銀 비대면 신용대출 대환 접수 중단","오늘 한국은행이 발표한 금융시장 동향에 따르면, 5월 말 기준 예금은행의 가계대출 잔액은 1181조8천억원으로, 4월 말보다 6조9천억원 증가했습니다. 2024년 8월(+9조2천억원) 이후 1년 9개월 만에 최대폭 증가로, 주담대가...",https://biz.sbs.co.kr/article_hub/20000316051?division=NAVER,1,0.75,rule_keep_score_ge_6_with_hard_match,0.556134,0,pseudo_keep_model_drop,keep,candidate_hybrid_gray_keep_domain_score_ge_threshold,7,한국은행,대환,
2026-05-29,부실채권 추심 허가제로 전환…부적격 업체 솎아낸다,특히 빚의 굴레에서 벗어나지 못하는 장기 연체자들을 구제하기 위해 오는 6월 중 2000억 원 규모의 부실 채권을 선제적으로 소각한다. 감면 대상은 은행이 대손 처리한 특수채권 중 5년이 지난 5000만 원 이하의 소액 개인...,https://www.pointdaily.co.kr/news/articleView.html?idxno=306393,1,0.75,rule_keep_score_ge_6_with_hard_match,0.558762,0,pseudo_keep_model_drop,keep,candidate_hybrid_gray_keep_domain_score_ge_threshold,6,부실채권,부실,
2026-06-05,"취약계층 보듬고, 첨단산업 키우고…공적기능 확대하는 K금융",국책은행인 IBK기업은행은 3월 ‘다시 기업(氣-Up) 채무조정 프로그램’을 도입해 장기 연체채무자 지원 등 포용금융 확대에 나섰다. 장기 연체자의 정상적인 경제활동 복귀를 지원하고 금융 사각지대를...,https://www.edaily.co.kr/news/newspath.asp?newsid=01676086645478768,1,0.75,rule_keep_score_ge_6_with_hard_match,0.558908,0,pseudo_keep_model_drop,keep,candidate_hybrid_gray_keep_domain_score_ge_threshold,6,기업은행,금융,
2026-06-06,[더밸류 브리핑] 오늘의 보험 소식…삼성화재·KB손보·NH농협생명,"이번 프로그램은 최근 고령층을 겨냥해 날로 지능화되고 있는 보이스피싱, 문자사기 등 실제 금융사기... [사진=KB손해보험] KB손해보험은 어르신들의 눈높이에 맞춘 쉬운 설명으로 피해 예방법과 대처 요령을 전달해...",http://www.thevaluenews.co.kr/news/view.php?idx=199207,1,0.75,rule_keep_score_ge_6_with_hard_match,0.561660,0,pseudo_keep_model_drop,keep,candidate_hybrid_gray_keep_domain_score_ge_threshold,7,손해보험;보이스피싱,,
2026-06-03,"취임 1주년 李 ""국정속도 두배로 … 남은 4년을 8년처럼 일하겠다""","한국은행은 이날 열린 물가상황점검회의에서 ""물가상승률이 당분간 3%대를 유지할 것""이라는 전망을 내놨다.... 장기 연체 채무 탕감의 필요성도 띄웠다. 이 대통령은 ""빚 때문에 죽는다는 얘기가 나오지 않도록 해야 한다...",https://www.mk.co.kr/article/12064227,1,0.75,rule_keep_score_ge_6_with_hard_match,0.563628,0,pseudo_keep_model_drop,keep,candidate_hybrid_gray_keep_domain_score_ge_threshold,7,한국은행,연체,
2026-06-11,우리은행·IBK기업은행 '한국의 우수콜센터' 선정,"우리은행, IBK기업은행이 10일 한국능률협회컨설팅이 주관하는 '2026 한국산업의 서비스품질지수(KSQI) 콜센터... 이를 통해 기업은행은 여신, 외환, 금융사기 예방 등 고난도 금융 업무를 원스톱으로 처리 할 수 있는 환경을...",http://www.wsobi.com/news/articleView.html?idxno=313505,1,0.75,rule_keep_score_ge_6_with_hard_match,0.567658,0,pseudo_keep_model_drop,keep,candidate_hybrid_model_keep_prob_ge_threshold_with_domain_anchor,6,기업은행,금융,
2026-06-12,[은행 뉴스브리핑] 하나금융 'K-산업단지 새로운 성장 프로젝트' 가동,"이번 지원은 보이스피싱, 메신저피싱 등 금융사기 수법이 다양해지는 가운데 고령층 고객이 보다 안전하게... 300만원과 피싱·파밍·스미싱 등 전기통신금융사기 피해를 보상하는 '피싱해킹피해 보장' 최대...",https://www.asiatime.co.kr/article/20260611500382,1,0.75,rule_keep_score_ge_6_with_hard_match,0.568238,0,pseudo_keep_model_drop,keep,candidate_hybrid_gray_keep_domain_score_ge_threshold,7,은행;보이스피싱,,
2026-06-17,"국내 금융주, 대출 성장 기대감에 상승세 기록","실제 한국은행이 최근 발표한 금융시장 동향을 보면, 5월 말 기준 예금은행의 가계대출 잔액은 정책 모기지론을 포함해 1천181조8천억원으로 집계됐다. 이는 4월 말보다 6조9천억원 늘어난 수치다. 증가 폭으로만 보면...",https://www.tokenpost.kr/news/market/369929,1,0.75,rule_keep_score_ge_6_with_hard_match,0.569936,0,pseudo_keep_model_drop,keep,candidate_hybrid_gray_keep_domain_score_ge_threshold,6,한국은행,대출,
2026-06-17,‘빚투’ 폭발에 빗장 거는 농협은행…마통 한도 연소득 절반으로 ‘싹...,대형 공모주 청약과 주가 상승 기대감으로 신용대출을 받아 주식 시장에 뛰어드는 투자자들이 늘어나면서 은행권 가계대출 잔액은 가파른 상승 곡선을 그리고 있다. 금융권 관계자는 “증시 호조에 편승한 무리한 대출은...,https://www.dt.co.kr/article/12067915?ref=naver,1,0.75,rule_keep_score_ge_6_with_hard_match,0.572972,0,pseudo_keep_model_drop,keep,candidate_hybrid_gray_keep_domain_score_ge_threshold,6,은행권,주가;주식,
2026-05-29,'할인·적립' 전부 아냐…신용카드 똑똑하게 쓰는 법,"카드 포인트는 결제대금 차감, 교통카드 충전, 금융상품 가입, 국세 납부 등에 사용할 수 있으며, 계좌정보통합관리서비스 '페이인포'와 여신금융협회를 통해 통합 조회 및 현금화가 가능하다. 금감원은 현금서비스...",https://www.consumuch.com/news/articleView.html?idxno=78086,1,0.75,rule_keep_score_ge_6_with_hard_match,0.575149,0,pseudo_keep_model_drop,keep,candidate_hybrid_gray_keep_domain_score_ge_threshold,6,여신금융협회,,
2026-06-09,"신한카드, 신판 점유율 1위 재탈환…삼성카드와 '초접전' 지속","여신금융협회 공시에서 신한카드의 지난 4월 개인 신용판매 점유율은 18.47%로 삼성카드(18.15%)를 0.32%포인트 앞섰다. 개인 신용판매액은 현금서비스와 카드론을 제외한 개인 신용카드 결제액으로, 카드사의 본업 경쟁력을...",https://www.cstimes.com/news/articleView.html?idxno=708845,1,0.75,rule_keep_score_ge_6_with_hard_match,0.575646,0,pseudo_keep_model_drop,keep,candidate_hybrid_gray_keep_domain_score_ge_threshold,6,여신금융협회,,
2026-06-09,고환율·고금리·고유가 '3高'에 반도체 우려까지...코스피 낙관론 꺾이...,"실제로 지난 5일(현지시간) 뉴욕 채권시장에서 글로벌 시중금리의 벤치마크 역할을 하는 미국채 10년물 금리는 4.54%, 30년물 금리는 5.007%까지 오르면서 심리적 저항선인 4.5%와 5.0%를 각각 돌파했다. 연준 통화정책에...",http://www.metroseoul.co.kr/article/20260608500441,1,0.75,rule_keep_score_ge_6_with_hard_match,0.577461,0,pseudo_keep_model_drop,keep,candidate_hybrid_keep_overseas_global_reference,7,연준,코스피,
2026-06-14,"[뉴스초점] 스페이스X, 나스닥 상장…코스피 '롤러코스터' 장세","<질문 7> 5대 시중은행의 가계대출 잔액이 이달 들어 2조8천억 원 가까이 늘었고, 신용대출도 1조6천억 원 급증했습니다. 증시 변동성이 큰 상황에서 이른바 '빚투' 수요가 계속되는 건데, 이 흐름을 어떻게 봐야 할까요?...",http://www.yonhapnewstv.co.kr/news/MYH202606131439407nC,1,0.75,rule_keep_score_ge_6_with_hard_match,0.579125,0,pseudo_keep_model_drop,keep,candidate_hybrid_gray_keep_domain_score_ge_threshold,6,시중은행,코스피,
2026-06-17,"코스피, 이란 종전 합의에 8,700선 안착…외국인 매수세 지속","미국과 이란의 종전 공식 서명식을 앞두고 글로벌 금융시장에 위험자산 선호 심리가 한층 더 짙어졌다.... 원·달러 환율은 외환시장의 단기 수급 영향으로 전장보다 2.5원 소폭 오른 1,513.6원에 개장하며...",https://www.fntoday.co.kr/news/articleView.html?idxno=386295,1,0.75,rule_keep_score_ge_6_with_hard_match,0.579232,0,pseudo_keep_model_drop,keep,candidate_hybrid_gray_keep_domain_score_ge_threshold,7,외환시장,코스피;달러,
2026-06-03,"[포커스] 수수료 늘고 비용 줄고…카뱅, 플랫폼 완성도 업그레이드",카카오뱅크가 대출 중심 인터넷은행에서 플랫폼·자산관리 중심 금융사로 체질을 바꾸고 있다. 가계대출 총량 관리 기조와 조달비용 부담이 이어지면서 예대마진 성장에 한계가 나타나자 투자상품 판매와 제휴 서비스...,https://www.startuptoday.co.kr/news/articleView.html?idxno=802640,1,0.75,rule_keep_score_ge_6_with_hard_match,0.580961,0,pseudo_keep_model_drop,keep,candidate_hybrid_model_keep_prob_ge_threshold_with_domain_anchor,6,인터넷은행,대출;수수료,
2026-06-02,카드 결제 비중 3년째 75%대 정체…성장 한계 맞은 카드업계,1일 여신금융협회에 따르면 지난해 신용카드 이용액은 969조7840억원으로 전년(932조9094억원)보다 4.0% 증가했다. 같은 기간 민간소비지출은 1235조3205억원에서 1278조9894억원으로 늘었다. 이에 따라 민간소비지출 대비...,https://www.mk.co.kr/article/12062861,1,0.75,rule_keep_score_ge_6_with_hard_match,0.583909,0,pseudo_keep_model_drop,keep,candidate_hybrid_gray_keep_domain_score_ge_threshold,6,여신금융협회,,
2026-05-30,과거 연체내역 아닌 현재 가능성 중심…'숫자 밖 서민' 챙긴다,"낮은 신용점수나 과거 연체 이력만으로 배제됐던 차주의 현재 소득 흐름, 생활 속 납부 이력, 상환 의지를... 통신비·공과금도 신용으로…은행권 심사모형 고도화 대안신용평가 활용에 가장 먼저 속도를 낸 곳은...",https://www.sidae.com/article/2026052908475153336,1,0.75,rule_keep_score_ge_6_with_hard_match,0.584326,0,pseudo_keep_model_drop,keep,candidate_hybrid_gray_keep_domain_score_ge_threshold,6,은행권,연체,
2026-06-13,[금융업계기상도]카카오뱅크·케이뱅크 ‘맑음’,◆토스뱅크 ‘맑음’= 토스뱅크는 여신전문금융업법 시행령 개정에 맞춰 체크카드 발급 가능 연령을 기존 만 12세 이상에서 만 7세 이상으로 확대했다. 부모는 토스뱅크 앱에서 아이 통장과 연계해 자녀 체크카드를...,https://www.nspna.com/news/?mode=view&newsid=816474,1,0.75,rule_keep_score_ge_6_with_hard_match,0.585242,0,pseudo_keep_model_drop,keep,candidate_hybrid_model_keep_prob_ge_threshold_with_domain_anchor,6,여신전문금융업,,
2026-06-13,"우리금융 ""포용금융"" 외쳤지만…우리카드, 중금리대출 존재감 '미미'",카드업계 중금리대출 61% 급증…우리카드는 '하위권' 정체 12일 여신금융협회에 따르면 올해 1분기 8개 전업카드사(삼성·신한·KB국민·현대·롯데·하나·우리·BC) 중금리대출 공급액은 2조5708억원으로 집계됐다. 전년...,https://www.insightkorea.co.kr/news/articleView.html?idxno=248066,1,0.75,rule_keep_score_ge_6_with_hard_match,0.586411,0,pseudo_keep_model_drop,keep,candidate_hybrid_gray_keep_domain_score_ge_threshold,6,여신금융협회,,
2026-06-03,코스피 랠리에 '빚투'도 역대급···은행권 신용대출 증가폭 5년여 만에...,"5대 은행의 지난달 28일 기준 가계대출 잔액은 770조2728억원으로, 전월과 비교해 2조9768억원 증가했다. 이는 지난해 8월 이후 최대 증가 폭이다. 특히, 과거 주택담보대출(주담대)을 중심으로 증가세를 보이던 것과...",https://www.todaykorea.co.kr/news/articleView.html?idxno=402238,1,0.75,rule_keep_score_ge_6_with_hard_match,0.586582,0,pseudo_keep_model_drop,keep,candidate_hybrid_gray_keep_domain_score_ge_threshold,6,은행권,코스피,
2026-06-17,"정부, 농협에 '개혁 청구서' … ""독립 감사위 신설·선거비용 자부담, 타...","수협·새마을금고도 정부가 직·간접적으로 추천 중인 만큼 인사 추천 절차의 객관성·투명성을 확보하기... 경제사업 활성화와 조합 운영 합리화, 규모화 등을 통한 조합 건전성 강화, 농촌재생 역할 강화 방안 등이...",https://biz.newdaily.co.kr/site/data/html/2026/06/16/2026061600037.html,1,0.75,rule_keep_score_ge_6_with_hard_match,0.587818,0,pseudo_keep_model_drop,keep,candidate_hybrid_gray_keep_domain_score_ge_threshold,6,새마을금고,건전성,
2026-06-17,금융주 상승세…대출 증가와 글로벌 경제 개선 기대감 반영,"한국은행이 발표한 금융 시장 동향에 따르면, 5월 말 기준 예금 은행의 가계 대출 잔액은 1천181조8천억원으로, 이는 이전 달보다 6조9천억원 증가한 수치다. 이는 2024년 8월 이후 최대 증가 폭으로, 대출 증가가 금융사...",https://www.gokorea.kr/news/articleView.html?idxno=869227,1,0.75,rule_keep_score_ge_6_with_hard_match,0.588172,0,pseudo_keep_model_drop,keep,candidate_hybrid_gray_keep_domain_score_ge_threshold,7,한국은행,대출;금융,
2026-06-13,급락장에 몰린 빚투…마통 43조 육박·반대매매 비중 연중 최고,코스피 조정장에 마통·신용융자 동반 급증 12일 금융권에 따르면 KB국민·신한·하나·우리·NH농협은행 등... 아울러 투자 손실이 누적될 경우 차주의 상환 능력이 악화되면서 은행권 연체율과 가계대출 건전성에도...,https://www.industrynews.co.kr/news/articleView.html?idxno=82108,1,0.75,rule_keep_score_ge_6_with_hard_match,0.589021,0,pseudo_keep_model_drop,keep,candidate_hybrid_gray_keep_domain_score_ge_threshold,6,은행권,코스피,
2026-06-13,증시 과열에 ‘빚투’ 조이기⋯시중은행 신용대출 문턱 높인다,금융당국 “가계부채 안정될 때까지 집중 관리” 증시 상승세와 함께 '빚투(빚내서 투자)' 수요가 급증하자 시중은행들이 신용대출 관리 강화에 나섰다. 금융당국이 신용대출 증가세를 예의주시하며 비상관리 체계를...,https://www.etoday.co.kr/news/view/2592990,1,0.75,rule_keep_score_ge_6_with_hard_match,0.591677,0,pseudo_keep_model_drop,keep,candidate_hybrid_gray_keep_domain_score_ge_threshold,7,시중은행;가계부채,,
2026-06-05,"골목 찾는 외국 관광객들, 씀씀이도 달라졌다","여신금융협회에 따르면 지난해 8개 전업 카드사의 해외 카드 결제액은 21조534억원으로 전년 대비 8.9% 증가했다. 해외여행과 해외직구, 글로벌 온라인 결제가 일상 소비로 자리잡은 모습이다. 직불·체크카드 시장에서는...",https://www.m-i.kr/news/articleView.html?idxno=1377229,1,0.75,rule_keep_score_ge_6_with_hard_match,0.592415,0,pseudo_keep_model_drop,keep,candidate_hybrid_gray_keep_domain_score_ge_threshold,6,여신금융협회,,
2026-05-30,"""7년 넘게 못 갚은 빚 정리한다""…새도약기금, 연체채권 9602억 추가 매입","금융권에서는 상호금융권과 농협 계열 연체채권이 본격적으로 편입됐다는 점에 주목하고 있다. 새도약기금은 채권 매입 즉시 추심을 중단한다. 특히 기초생활수급자, 중증장애인, 보훈 생계지원 대상자 등 사회...",https://www.newsworks.co.kr/news/articleView.html?idxno=842238,1,0.75,rule_keep_score_ge_6_with_hard_match,0.593223,0,pseudo_keep_model_drop,keep,candidate_hybrid_gray_keep_domain_score_ge_threshold,6,상호금융,채권,
2026-06-09,"동청주농협, 상호금융대출금 1천억 달성탑 수상",상호금융대출금 달성탑은 농·축협의 건전성 제고와 내실 성장을 유도하기 위해 여신 부문 성과를 평가해 수여하는 상이다. 동청주농협은 경기 둔화와 금융시장 불확실성 속에서도 리스크 관리와 지역 맞춤형 금융...,https://www.ccdn.co.kr/news/articleView.html?idxno=1082007,1,0.75,rule_keep_score_ge_6_with_hard_match,0.593338,0,pseudo_keep_model_drop,keep,candidate_hybrid_gray_keep_domain_score_ge_threshold,7,상호금융,건전성;금융,
2026-06-04,"[카드업계 1Q 분석]⑧ 하나카드, 해외결제 선점에도 수익화는 과제","여신금융협회 통계 분석 결과, 하나카드의 올해 3월 말 기준 해외 체크카드 이용액은 9161억원으로 집계됐다. 점유율은 40.83%로 전년 39.94%보다 0.89%포인트 상승했다. 2위 신한카드와의 격차도 유지됐다. 신한카드의...",http://www.hansbiz.co.kr/news/articleView.html?idxno=842020,1,0.75,rule_keep_score_ge_6_with_hard_match,0.595283,0,pseudo_keep_model_drop,keep,candidate_hybrid_gray_keep_domain_score_ge_threshold,6,여신금융협회,,
2026-06-12,"새마을금고, '지역 문제' 해결사 역할할까","지난 2월 26일에는 중장기 개혁 방향인 '비전 2030'을 발표하고, 건전성 강화·협동조합성 회복·지역문제 해결 등 3대 핵심 목표로 제시하기도 했다. 새마을금고는 사회연대경제를 활성화하기 위해 청년 창업자와...",https://www.sisaweek.com/news/articleView.html?idxno=236050,1,0.75,rule_keep_score_ge_6_with_hard_match,0.597139,0,pseudo_keep_model_drop,keep,candidate_hybrid_gray_keep_domain_score_ge_threshold,6,새마을금고,건전성,
2026-06-09,블랙 먼데이…코스피 7500 붕괴(종합),원/달러 환율은 금융위기 이후 최고로 뛰었다가 당국의 구두 개입에 소폭 하락 전환했다. 이날 유가증권시장에서 코스피는 전장보다 676.18포인트(8.29%) 내린 7484.41로 장을 마쳤다. 코스피는 개장 직후 1분 동안...,http://www.kookje.co.kr/news2011/asp/newsbody.asp?code=0200&key=20260609.22001002173,1,0.75,rule_keep_score_ge_6_with_hard_match,0.597697,0,pseudo_keep_model_drop,keep,candidate_hybrid_model_keep_prob_ge_threshold_with_domain_anchor,7,원/달러,코스피;달러,
2026-06-10,"은행권, '포용금융 일환' 새희망홀씨 대출금리 또 인하",KB국민은행은 올해 3월에도 같은 신규 대출금리를 1%p 낮췄다. 특히 성실 상환 중인 고객에 대해선 대출 기간 중 최대 2%p 금리인하 혜택을 추가로 제공하며 6개월마다 연체가 없을 시 금리 0.2%p 감면을 지원했다....,https://www.tleaves.co.kr/news/articleView.html?idxno=9387,1,0.75,rule_keep_score_ge_6_with_hard_match,0.600220,0,pseudo_keep_model_drop,keep,candidate_hybrid_gray_keep_domain_score_ge_threshold,6,은행권,금리;대출,
2026-06-18,금융기본권의 헌법/행정법/법철학적 기초와 규제법적 쟁점 및 실행방안...,"금융기본권의 과도한 확장은 은행의 계약‧영업의 자유 및 재정 건전성 요청과 충돌할 수 있으므로, 은행업... 또한 은행통합법으로 은행의 포용금융 접근성을 제고하여 포용금융의 공급부족을 해소하고, 상호금융통합법...",http://www.ifs.or.kr/bbs/board.php?bo_table=research&wr_id=11325,1,0.75,rule_keep_score_ge_6_with_hard_match,0.601833,0,pseudo_keep_model_drop,keep,candidate_hybrid_gray_keep_domain_score_ge_threshold,6,상호금융,건전성,
2026-06-10,포용금융에 상대평가 잣대… 실적 부진 땐 페널티 검토,포용금융 실적 평가에 따라 은행별 출연금이 해마다 수백억원씩 달라질 수 있어 포용금융 실적 경쟁이 치열해질 것으로 보인다. 금융위는 서민금융 관련 지표 비중을 높여 전체 가계대출 가운데 '새희망홀씨'와...,http://www.fnnews.com/news/202606091841544999,1,0.75,rule_keep_score_ge_6_with_hard_match,0.602394,0,pseudo_keep_model_drop,keep,candidate_hybrid_gray_keep_domain_score_ge_threshold,7,금융위,실적,
2026-06-17,"미래에셋증권 대표, '스페이스X 0주 배정' 고객에 사과…금전 보상 검토",미래에셋증권은 글로벌 투자은행(IB) 20여곳과 함께 스페이스X 상장 인수단에 참여했다. 당초 스페이스X... 한편 금융감독원은 이번 사태와 관련해 미래에셋증권 검사에 착수했다. 금감원은 투자자 보호 여부를 중심으로...,https://www.econovill.com/news/articleView.html?idxno=742575,1,0.75,rule_keep_score_ge_6_with_hard_match,0.602419,0,pseudo_keep_model_drop,keep,candidate_hybrid_gray_keep_domain_score_ge_threshold,6,금융감독원,,
2026-06-15,[증시전망대] 미·이란 종전 타결에 코스피 '9천피' 시동…외국인·반도...,"국제 금융시장의 분위기도 국내 증시에 우호적으로 작용하고 있다. 지난주 말 뉴욕증시에서 미국과... 지난 13일 새벽 2시 달러-원 환율은 전일 서울외환시장 종가보다 10.60원 내린 1,518.30원에 마감했다. 다만 변수도...",http://www.newsroad.co.kr/news/articleView.html?idxno=60412,1,0.75,rule_keep_score_ge_6_with_hard_match,0.606803,0,pseudo_keep_model_drop,keep,candidate_hybrid_gray_keep_domain_score_ge_threshold,7,외환시장,코스피;달러,
2026-06-16,中企대출 늘었지만…담보·우량차주에 쏠려,15일 한국은행 경제통계시스템에 따르면 올해 4월 기준 신규 취급된 중소기업대출 가운데 금리가 연 3% 미만인 저금리 대출 비중은 12.1%로 집계됐다. 지난해 8.2%보다 3.9%포인트 확대된 수치다. 3% 미만 대출 비중은...,https://www.mk.co.kr/article/12074637,1,0.75,rule_keep_score_ge_6_with_hard_match,0.606999,0,pseudo_keep_model_drop,keep,candidate_hybrid_gray_keep_domain_score_ge_threshold,6,한국은행,대출,
2026-06-09,[AI시대의 그늘-금융 다크패턴 ㉓] '놓치면 손해' '종료 임박' 등 감정적...,"신한카드 관계자는 ""마케팅 시행 시 마케팅안과 제목 등에 대해 내부 준법 심의를 거치고 있으며 신용카드 발급·이용과 관련된 이벤트는 여신금융협회 심의까지 받는 경우도 있다""며 ""앱 내에 노출되는 이벤트 문구와...",http://www.consumernews.co.kr/news/articleView.html?idxno=756447,1,0.75,rule_keep_score_ge_6_with_hard_match,0.608679,0,pseudo_keep_model_drop,keep,candidate_hybrid_gray_keep_domain_score_ge_threshold,7,여신금융협회,금융,
2026-06-02,코스피 8000·수출 1054조원… 靑이 뽑은 ‘1년 우수 성적표’ [이재명 ...,"범정부 총력 대응으로 산불 피해 면적이 99% 감소하고, 지난해 한미 관세협상 타결로 수출의 불확실성을... 보이스피싱 범죄는 지난 1~4월 전년 동기 대비 43% 감소하는 등 정부의 민생범죄 근절 노력에도 효과가...",https://www.seoul.co.kr/news/politics/2026/06/02/20260602010004?wlog_tag3=naver,1,0.75,rule_keep_score_ge_6_with_hard_match,0.609617,0,pseudo_keep_model_drop,keep,candidate_hybrid_gray_keep_domain_score_ge_threshold,6,보이스피싱,코스피,
2026-06-17,미래에셋 경영진 ‘스페이스X 0주 배정’ 사과…금전 보상 검토,미래에셋증권은 글로벌 투자은행(IB) 20여 곳과 함께 스페이스X 상장 인수단에 참여했다. 당초 수백만 주 규모... 한편 금융감독원은 이번 사태와 관련해 미래에셋증권에 대한 검사를 진행 중이다. 금감원은 투자자 보호에...,http://www.joseilbo.com/news/news_read.php?uid=570162&class=53&grp=,1,0.75,rule_keep_score_ge_6_with_hard_match,0.610405,0,pseudo_keep_model_drop,keep,candidate_hybrid_gray_keep_domain_score_ge_threshold,6,금융감독원,,
2026-06-18,스페이스X ‘0주’ 배정 후폭풍…제도개선 목소리에 당국 “제반사정 볼...,"업계에서는 한국과 미국의 공모제도 차이가 국내 증권사의 해외 공모주 확보와 판매 과정에서 제약으로 작용했을 가능성을 제기하고 있다. 미국 IPO는 대표주관사가 기관투자자의 수요와 거래 관계, 장기 보유 가능성 등을...",https://www.mk.co.kr/article/12076929,1,0.75,rule_keep_score_ge_6_with_hard_match,0.610647,0,pseudo_keep_model_drop,keep,candidate_hybrid_gray_keep_domain_score_ge_threshold,7,ipo;제도개선,,
2026-06-06,"새마을금고중앙회, '윤리의 날' 특강 개최…윤리·준법경영 강화로 신뢰...",새마을금고는 최근 몇 년간 건전성 관리와 내부통제 강화에 많은 노력을 기울여 왔다. 윤리·준법경영 강화는 단순한 규정 준수를 넘어 고객 신뢰를 회복하고 금융기관으로서의 사회적 책임을 다하기 위한 전략으로...,https://www.lcnews.co.kr/news/articleView.html?idxno=203082,1,0.75,rule_keep_score_ge_6_with_hard_match,0.611258,0,pseudo_keep_model_drop,keep,candidate_hybrid_gray_keep_domain_score_ge_threshold,6,새마을금고,건전성,
2026-06-01,"KB국민카드, 불황에도 1분기 선방…법인카드·해외사업 '쌍끌이'","여신금융협회에 따르면 지난 3월 말 기준 기업(신용·체크)카드 이용금액 비중은 KB국민카드가 19.19%로 업계 1위를 기록했다. 이어 하나카드(17.49%), 신한카드(16.44%), 우리카드(15.60%) 순이었다. 특히 국세·지방세 납부 등...",https://daily.hankooki.com/news/articleView.html?idxno=1372041,1,0.75,rule_keep_score_ge_6_with_hard_match,0.612654,0,pseudo_keep_model_drop,keep,candidate_hybrid_gray_keep_domain_score_ge_threshold,6,여신금융협회,,
2026-06-09,[DQN] 윤호영號 카뱅 RWA 30조 돌파···아쉬운 NPL커버리지 [2026 1분기 ...,"인터넷전문은행 3사가 올해 1분기 여신 확대 기조 속에서도 건전성과 자본적정성을 대체로 안정적으로 관리한 것으로 나타났다. 가계대출 성장 여력이 제한된 가운데 개인사업자 금융, 중·저신용자 대출, 보증부...",http://www.fntimes.com/html/view.php?ud=2026060816005199971b5a221379_18,1,0.75,rule_keep_score_ge_6_with_hard_match,0.613226,0,pseudo_keep_model_drop,keep,candidate_hybrid_gray_keep_domain_score_ge_threshold,6,npl,대출;금융,
2026-06-10,"삼성카드 개인신용판매, 신한카드 '턱밑 추격'","10일 금융권 및 여신금융협회 공시에 따르면, 2025년 연간 기준 개인 신판 시장 점유율(2025년 12월 여신금융협회 공시 기준)은 신한카드가 18.54%, 삼성카드가 17.80%를 기록했다. 두 회사 간의 격차는 0.74%포인트(p)에...",https://www.sisaon.co.kr/news/articleView.html?idxno=201729,1,0.75,rule_keep_score_ge_6_with_hard_match,0.613305,0,pseudo_keep_model_drop,keep,candidate_hybrid_gray_keep_domain_score_ge_threshold,6,여신금융협회,,
2026-06-09,환차익 기대에 달러 움켜쥔 기업들… 고심 커지는 당국,원/달러 환율이 급등하자 금융·외환당국이 은행들을 소집하고 나섰지만 '뾰족한 수'는 없는 모양새다.... 달러예금이 빠르게 늘며 환율상승을 압박하지만 은행권의 의지보다는 기업들이 환차익 기대에 달러를 시장에...,https://www.mt.co.kr/finance/2026/06/09/2026060819513111050,1,0.75,rule_keep_score_ge_6_with_hard_match,0.614623,0,pseudo_keep_model_drop,keep,candidate_hybrid_gray_keep_domain_score_ge_threshold,6,원/달러,달러;금융,
2026-06-08,"가계 빚 2000조 시대, 정기보험이 필요한 이유",한국은행에 따르면 올 1분기 말 기준 가계대출 잔액은 1993조원에 달했다. 상당수 가정이 생활비와 함께 대출 상환을 관리하고 있다는 의미다. 이때 주 소득자에게 갑작스러운 사고나 질병이 생기면 소득은 줄거나 끊기지만...,https://www.hankyung.com/article/2026060717031,1,0.75,rule_keep_score_ge_6_with_hard_match,0.614865,0,pseudo_keep_model_drop,keep,candidate_hybrid_gray_keep_domain_score_ge_threshold,6,한국은행,대출,
2026-06-09,"해외 체크카드 1위 하나카드, 4개월 만에 1조원 돌파",9일 여신금융협회 공시에 따르면 지난 4월 기준 하나카드의 직불·체크카드 해외 누적 이용액(개인)은 1조901억원으로 집계됐다. 전월(8379억원)과 비교하면 한 달 사이 약 2522억원 증가했다. 최단기간 1조원 돌파다....,http://www.metroseoul.co.kr/article/20260609500008,1,0.75,rule_keep_score_ge_6_with_hard_match,0.616626,0,pseudo_keep_model_drop,keep,candidate_hybrid_model_keep_prob_ge_threshold_with_domain_anchor,6,여신금융협회,,
2026-06-17,급등 코인 잡으려다 당한다···누구나 거래 만드는 DEX 뭐길래,최근 가상자산 시장에서는 거래소 상장 전 신규 코인을 거래할 수 있는 탈중앙화거래소(DEX)가 투자자들의 관심을 끌고 있다. 그러나 별도의 상장 심사 없이 누구나 코인을 발행할 수 있는 구조 탓에 사기와 불공정거래...,https://www.womaneconomy.co.kr/news/articleView.html?idxno=255109,1,0.75,rule_keep_score_ge_6_with_hard_match,0.616655,0,pseudo_keep_model_drop,keep,candidate_hybrid_gray_keep_domain_score_ge_threshold,7,불공정거래;가상자산,,
2026-06-15,[Who Is ?] 장세욱 동국홀딩스 대표이사 부회장,양사 노조는 글로벌 경기 침체와 대내외 불확실성 확대 등 위기 속에서도 상호 신뢰를 바탕으로 극복을... 동국제강그룹은 재무 건전성 악화로 2014년 산업은행과 재무구조 개선약정을 체결하고 열연 사업 법인인...,https://www.businesspost.co.kr/BP?command=article_view&num=439333,1,0.75,rule_keep_score_ge_6_with_hard_match,0.616880,0,pseudo_keep_model_drop,keep,candidate_hybrid_gray_keep_domain_score_ge_threshold,7,산업은행,건전성,
2026-06-04,사업자대출로 집 사는 '꼼수' 막는다…사후점검 기준 1억→5000만원,3일 금융권에 따르면 은행연합회와 여신금융협회 등 주요 협회는 조만간 개인사업자대출의 자금 용도 사후점검 기준을 대출금 1억원에서 5000만원으로 변경하는 내용을 내부 규준에 반영해 오는 30일부터 시행할...,https://www.hankyung.com/article/202606034383i,1,0.75,rule_keep_score_ge_6_with_hard_match,0.617766,0,pseudo_keep_model_drop,keep,candidate_hybrid_gray_keep_domain_score_ge_threshold,6,여신금융협회,,
2026-06-18,"코인원, 한국투자증권·OKX 투자 기념 고객 프로모션","최근 코인원이 국내 최대 증권사 한국투자증권과 글로벌 톱 가상자산 거래소인 OKX로부터 전략적 지분 투자를 유치한 것을 기념해 다음달 15일까지 진행된다. 첫 번째 이벤트는 신규 가입 고객 대상 '환영해, 코인원!...",https://www.newsway.co.kr/news/view?ud=2026061709255647065,1,0.75,rule_keep_score_ge_6_with_hard_match,0.618262,0,pseudo_keep_model_drop,keep,candidate_hybrid_model_keep_prob_ge_threshold_with_domain_anchor,7,증권사;가상자산,,
2026-06-17,"스페이스X, '하락 베팅 무기한선물' 대거 청산…한때 MS 시총 넘었다",하이퍼리퀴드와 바이낸스 등 여러 거래소에서 24시간 동안 거래된 스페이스X 관련 무기한 선물 규모는 약 50억달러(원화 약 7조5500억원)에 달했다. 이번 사건은 가상자산 기반 24시간 주식 추종 시장의 장점과...,https://www.edaily.co.kr/news/newspath.asp?newsid=06107366645482376,1,0.75,rule_keep_score_ge_6_with_hard_match,0.619215,0,pseudo_keep_model_drop,keep,candidate_hybrid_gray_keep_domain_score_ge_threshold,6,가상자산,주식;원화,
2026-06-01,"총량규제에 금리경쟁 실종…서민, 갈아탈 대출이 없다[only이데일리]",그사이 대출 금리와 예금 금리 차이(예대금리차)는 최대로 벌어졌다. 은행연합회에 따르면 KB국민·신한·하나·우리·NH농협 등 5대 은행의 지난 3월 가계대출 예대금리차(정책서민금융 제외)는 평균 1.51%포인트로...,https://www.edaily.co.kr/news/newspath.asp?newsid=01728566645477456,1,0.75,rule_keep_score_ge_6_with_hard_match,0.619455,0,pseudo_keep_model_drop,keep,candidate_hybrid_model_keep_prob_ge_threshold_with_domain_anchor,6,예대금리차,금리;대출,
2026-06-16,"“외국인 매도폭탄 버틴 코스피, 대단하네”…5월 주식자금 순유출 48조...","시장에선 56억 달러 순유입 지난달 외국인 투자자들이 국내 증시에서 차익 실현에 나서면서 한국 금융시... 외환시장 변동성도 다소 완화됐다. 5월 원·달러 환율의 하루 평균 변동 폭은 6.6원, 변동률은 0.45%로...",https://www.mk.co.kr/article/12074382,1,0.75,rule_keep_score_ge_6_with_hard_match,0.619767,0,pseudo_keep_model_drop,keep,candidate_hybrid_model_keep_prob_ge_threshold_with_domain_anchor,7,외환시장,코스피;달러,
2026-06-10,"주가는 뛰는데 환율은 1,500원대… 한국 금융시장 '엇박자'","한국 10년물 국고채 금리는 9일 기준 4.35%까지 올랐다. 기준금리가 2%대 중반에 머물러 있는 상황에서 장기... 실제 5대 시중은행의 주택담보대출 혼합형 고정금리는 6월 5일 기준 연 4.39~7.33%로, 지난해 말 연 3.93~6.23%보다...",https://www.rcast.co.kr/news/articleView.html?idxno=31005,1,0.75,rule_keep_score_ge_6_with_hard_match,0.619856,0,pseudo_keep_model_drop,keep,candidate_hybrid_gray_keep_domain_score_ge_threshold,7,시중은행;기준금리,,
2026-06-08,[문혜원의 e콕보험] 금소법 사각지대 파고든 보험 꼼수 광고…사전심의...,생명·손해보험협회의 심의 시스템과 금융당국의 규제는 사실상 마비 상태다. 과거의 규제를 짜깁기한... 금소법은 최초 제정 당시 은행·여신 등 각 금융 업권의 관련 법안들을 급하게 짜깁기하면서 태생적 한계를 안고...,https://www.joongangenews.com/news/articleView.html?idxno=524187,1,0.75,rule_keep_score_ge_6_with_hard_match,0.620001,0,pseudo_keep_model_drop,keep,candidate_hybrid_gray_keep_domain_score_ge_threshold,7,은행;손해보험,금융,
2026-06-17,"수은, 벤처·신기술조합 투자길 넓힌다…중소기업 해외진출 지원 강화",개정안에 따르면 수출입은행의 간접투자 대상은 기존 자본시장법상 집합투자기구에서 벤처투자법상 벤처투자조합과 여신전문금융업법상 신기술투자조합까지 확대된다. 아울러 투자기구별 집합투자재산의 25%로 제한됐던...,https://www.newspim.com/news/view/20260616000466,1,0.75,rule_keep_score_ge_6_with_hard_match,0.620811,0,pseudo_keep_model_drop,keep,candidate_hybrid_gray_keep_domain_score_ge_threshold,6,여신전문금융업,,
2026-06-16,"신한투자증권, DB자산운용 500억 규모 생산적금융 투자조합 출범","생산적금융은 가계대출이나 부동산 등 비생산적 분야에 집중된 금융자금을 첨단산업, 벤처·혁신기업... DB그룹에서는 DB손해보험, DB생명, DB증권, DB저축은행 등 주요 계열사가 출자자로 이름을 올렸다. 특히 DB하이텍도...",http://www.finomy.com/news/articleView.html?idxno=255716,1,0.75,rule_keep_score_ge_6_with_hard_match,0.621209,0,pseudo_keep_model_drop,keep,candidate_hybrid_gray_keep_domain_score_ge_threshold,7,저축은행;손해보험,,
2026-06-09,[구리 가격] 美 고용지표 예상치 두 배 웃돌자 급락…구리 3%↓·알루미...,"고용 발표 이후 미국 국채금리와 달러 가치가 상승했고, 채권시장은 연말까지 25bp 추가 금리 인상 가능성을 반영하기 시작했다. 이에 따라 최근 상승세를 주도했던 기술주와 AI 관련 종목을 중심으로 차익실현 매물이...",https://kidd.co.kr/news/246254,1,0.75,rule_keep_score_ge_6_with_hard_match,0.621728,0,pseudo_keep_model_drop,keep,candidate_hybrid_keep_overseas_global_reference,6,국채금리,금리;달러,
2026-05-29,"좋을 성장, 나쁠 물가…반도체 호조·중동발 유가 압력 동시에","반도체와 중동 외에도 금융·외환시장과 주택시장 흐름은 변수로 남았다. 원·달러 환율은 높은 변동성을 보였고, 수도권 주택시장에서는 전월세와 매매가격 오름세가 확대됐으며 추가 상승 기대도 다시 높아졌다.",https://m.skyedaily.com/news_view.html?ID=304903,1,0.75,rule_keep_score_ge_6_with_hard_match,0.622007,0,pseudo_keep_model_drop,keep,candidate_hybrid_gray_keep_domain_score_ge_threshold,6,외환시장,달러;금융,
2026-05-29,"중동 리스크 뚫은 하나증권, '화교 자본' 업고 달러채 흥행 성공 까닭",글로벌 채권시장에서 가장 안전한 자산으로 통용되는 미국채 금리에 얼마나 가깝게 붙여 찍느냐가 발행사의 글로벌 기초체력을 증명하는 척도가 된다. 이번 하나증권이 기록한 77bp는 국내 증권사가 발행한 외화 채권...,https://www.insightkorea.co.kr/news/articleView.html?idxno=247249,1,0.75,rule_keep_score_ge_6_with_hard_match,0.622855,0,pseudo_keep_model_drop,keep,candidate_hybrid_keep_overseas_global_reference,6,미국채 금리,채권,
2026-06-09,韓 주식시장 덮친 최악의 폭락장…매매 일시 중단 사태 발생,"코스피와 코스닥지수가 급락해 각각 서킷 브레이커와 매도 사이드카가 발동됐고, 원/달러 환율은 금융위기 이후 최고로 치솟았다. 채권 가격도 큰 폭으로 하락했다. 이날 유가증권시장에서 코스피는 오전...",https://www.jnilbo.com/news/articleView.html?idxno=90000040582,1,0.75,rule_keep_score_ge_6_with_hard_match,0.624046,0,pseudo_keep_model_drop,keep,candidate_hybrid_gray_keep_domain_score_ge_threshold,7,원/달러,채권;달러,
2026-06-09,[연합뉴스 이 시각 헤드라인] - 10:30,"코스피와 코스닥지수가 급락해 각각 서킷 브레이커와 매도 사이드카가 발동됐고, 원/달러 환율은 금융위기 이후 최고로 치솟았다. 채권 가격도 큰 폭으로 하락했다. 이날 유가증권시장에서 코스피는 오전...",https://www.yna.co.kr/view/AKR20260608059700011?input=1195m,1,0.75,rule_keep_score_ge_6_with_hard_match,0.624073,0,pseudo_keep_model_drop,keep,candidate_hybrid_gray_keep_domain_score_ge_threshold,7,원/달러,채권;달러,
2026-06-06,"금감원·8대 금융지주, 금융소비자보호 전문가 육성",(KB·신한·하나·우리·NH농협·iM·BNK·JB)가 금융소비자보호 전문가 양성과 역량 강화를 위해 힘을 합치기로... 강화가 금융권의 신뢰 제고와 지속 가능한 성장을 위한 핵심 과제라는 데 공감하며 상호 협력을 약속했다. 각...,https://biz.heraldcorp.com/article/10764330?ref=naver,1,0.75,rule_keep_score_ge_6_with_hard_match,0.625080,0,pseudo_keep_model_drop,keep,candidate_hybrid_gray_keep_domain_score_ge_threshold,6,금감원,,
2026-06-11,비자·마스터카드 뺨 때렸다… 33조 달러 굴린 이 코인의 정체 보니,"원시 온체인 거래량은 소비자가 실제로 물건을 사고 결제한 금액뿐만 아니라, 거래소 간의 단순 자금 이동... 자금의 대동맥 역할을 하는 가상자산 지갑이 과거의 단순 보관 기능을 넘어 핵심 금융 플랫폼으로 진화하는...",https://www.pinpointnews.co.kr/news/articleView.html?idxno=459213,1,0.75,rule_keep_score_ge_6_with_hard_match,0.625289,0,pseudo_keep_model_drop,keep,candidate_hybrid_gray_keep_domain_score_ge_threshold,6,가상자산,달러;금융,
2026-06-11,[단독] 고금리로 벌고 상각으로 지운다… 토스뱅크의 딜레마,"회사의 연체율은 2023년 말 1.35%까지 치솟은 이래, 상각 확대가 본격화된 2024년 말부터 1.19%, 1.11%로 지속적으로 낮아졌다. 금융권에서는 적극적인 부실채권 정리 정책이 연체 자산 누적을 억제하는 데 일정 부분 영향을...",https://www.cnbizm.com/news/articleView.html?idxno=304771,1,0.75,rule_keep_score_ge_6_with_hard_match,0.625852,0,pseudo_keep_model_drop,keep,candidate_hybrid_gray_keep_domain_score_ge_threshold,6,부실채권,연체,
2026-06-11,"울산농협 ""보이스피싱 보상보험 무료 가입""",이번 행사는 보이스피싱 범죄로부터 금융소비자를 보호하고 피해 발생 시 경제적 부담을 경감하기 위해 마련됐다. NH농협은행과 농협손해보험 도농상생국민운동본부가 협력해 지원하는 보이스피싱 보상보험은 만 60세...,https://www.newsis.com/view/NISX20260610_0003663845,1,0.75,rule_keep_score_ge_6_with_hard_match,0.625897,0,pseudo_keep_model_drop,keep,candidate_hybrid_gray_keep_domain_score_ge_threshold,7,손해보험;보이스피싱,,
2026-06-08,저축銀마저 담보있어야 대출 … 1분기 신규여신의 절반 차지,이는 경기 둔화와 고금리 장기화로 중·저신용자 연체율이 상승하면서 저축은행들이 건전성 관리에 나선 결과로 풀이된다. 잔액 기준으로 봐도 개인신용대출은 지난해 3월 말 20조5391억원에서 올해...,https://www.mk.co.kr/article/12067828,1,0.75,rule_keep_score_ge_6_with_hard_match,0.625917,0,pseudo_keep_model_drop,keep,candidate_hybrid_gray_keep_domain_score_ge_threshold,7,저축은행,대출;건전성,
2026-06-16,메트로신문 6월 16일자 한줄뉴스,"늘면서 건전성 관리에 빨간불이 켜졌고, 정부도 대출 규제를 지속하고 있어서다. 준(準)고신용자의 주요 대출 창구였던 지방은행 대출이 막히면서, 대출 수요자들의 이자비용도 빠르게 늘고 있다. ▲상호금융권이 예...",http://www.metroseoul.co.kr/article/20260615500500,1,0.75,rule_keep_score_ge_6_with_hard_match,0.626058,0,pseudo_keep_model_drop,keep,candidate_hybrid_gray_keep_domain_score_ge_threshold,7,상호금융,대출;건전성,
2026-06-08,"[위기의 손보사 ⑤] 순이익 '반토막' 현대해상, 자본력 개선·본업 경쟁...",국내 손해보험사들이 실손보험과 자동차보험 손해율 급등으로 본연의 보험영업에서 손익을 내기 어려운... 현대해상은 보험 본업 경쟁력 강화를 통한 수익성 제고도 나서고 있다. 자동차보험에서는 기본보험료...,http://www.consumernews.co.kr/news/articleView.html?idxno=756906,1,0.75,rule_keep_score_ge_6_with_hard_match,0.626592,0,pseudo_keep_model_drop,keep,candidate_hybrid_gray_keep_domain_score_ge_threshold,7,손해보험;손보사,순이익,
2026-06-16,미·이란 종전 합의에 다우 최고치·유가 급락…본게임은 핵 프로그램 ...,국제유가 하락은 채권시장에도 영향을 미쳤다. 인플레이션 압력이 완화될 수 있다는 기대가 확산되면서 기준금리와 연동되는 미국 2년 만기 국채금리는 4.06% 수준으로 낮아졌다. 달러화도 약세를 나타냈다. 주요 6개국...,https://www.econovill.com/news/articleView.html?idxno=742469,1,0.75,rule_keep_score_ge_6_with_hard_match,0.626928,0,pseudo_keep_model_drop,keep,candidate_hybrid_keep_overseas_global_reference,7,국채금리;기준금리,,
2026-05-29,방카슈랑스 그늘 걷어낸 NH농협생명…복합 점포 딜레마 AI 특허로 뚫었다,"특히 농어촌 지역을 기반으로 둔 상호금융 유통망의 경우, 한 직원이 은행 창구 업무와 보험 영업을 동시에... NH농협생명은 농축협 현장의 보험 영업 경쟁력을 획기적으로 끌어올리기 위해 자체 개발한 AI가입설계시스템의...",http://www.ttlnews.com/news/articleView.html?idxno=3111964,1,0.75,rule_keep_score_ge_6_with_hard_match,0.627646,0,pseudo_keep_model_drop,keep,candidate_hybrid_gray_keep_domain_score_ge_threshold,7,은행;상호금융,,
2026-06-12,"[이슈] 집 사고, 주식 사고…한달새 가계대출 6.9조 불어났다",한국은행이 11일 발표한 '2026년 5월 금융시장 동향'에 따르면 지난달 말 기준 예금은행 가계대출 잔액은 1181조 8000억 원으로 전월보다 6조 9000억 원 증가했다. 이는 지난 2024년 8월(9조 2000억 원) 이후 가장 큰...,https://www.startuptoday.co.kr/news/articleView.html?idxno=803318,1,0.75,rule_keep_score_ge_6_with_hard_match,0.628525,0,pseudo_keep_model_drop,keep,candidate_hybrid_gray_keep_domain_score_ge_threshold,6,한국은행,주식,
2026-06-09,"페퍼는 건전성, 대원은 라이선스…달라진 저축銀 M&A 공식","대형 매물은 자산건전성 회복 여부가, 소형 매물은 금융업 인허가(라이선스) 희소성이 몸값을 결정하는... 규모보다는 금융 라이선스 확보에 초점을 맞춘 거래에 나섰다. 대원저축은행의 기존 최대주주인 대아상호저...",https://dealsite.co.kr/articles/163098,1,0.75,rule_keep_score_ge_6_with_hard_match,0.629388,0,pseudo_keep_model_drop,keep,candidate_hybrid_gray_keep_domain_score_ge_threshold,7,저축은행,건전성;금융,
2026-06-12,개미들 빚투 폭증하자 금융당국 긴급 대응…신용대출 조이기 시작,"한편 금융감독원에 따르면 올해 1분기 은행권에서 적발된 가계대출 추가약정 위반 건수는 총 1천174건으로 집계됐다. 유형별로는 추가주택 구입금지 약정 위반이 1천106건으로 가장 많았고, 처분약정 위반 56건, 전입약정...",https://www.kizmom.com/news/articleView.html?idxno=110884,1,0.75,rule_keep_score_ge_6_with_hard_match,0.630177,0,pseudo_keep_model_drop,keep,candidate_hybrid_model_keep_prob_ge_threshold_with_domain_anchor,6,금융감독원,,
2026-06-10,"금융위, 銀 포용금융 평가체계 상대평가에 무게..페널티 검토",포용금융 실적 평가에 따라 은행별 출연금이 해마다 수백억원씩 달라질 수 있어 포용금융 실적 경쟁이 치열해질 것으로 보인다. 금융위는 서민금융 관련 지표 비중을 높여 전체 가계대출 가운데 '새희망홀씨'와...,http://www.fnnews.com/news/202606091454399369,1,0.75,rule_keep_score_ge_6_with_hard_match,0.630185,0,pseudo_keep_model_drop,keep,candidate_hybrid_gray_keep_domain_score_ge_threshold,7,금융위,실적,
2026-06-18,"판돈 '20조' 줄었는데 '빚투' 그대로 … 개미, 대출로 버틴다 [마켓펀치...",여기에 가계부채 관리를 위한 금융당국의 은행권 신용대출 규제까지 본격화되면서 대출로 버티던 개인 투자자들이 한계 상황에 직면해 향후 ‘투매(패닉 셀링)의 악순환’으로 이어질 수 있다는 우려가 커지고 있다....,https://biz.newdaily.co.kr/site/data/html/2026/06/17/2026061700062.html,1,0.75,rule_keep_score_ge_6_with_hard_match,0.630734,0,pseudo_keep_model_drop,keep,candidate_hybrid_gray_keep_domain_score_ge_threshold,7,은행권;가계부채,,
2026-06-13,코스피 8123 마감 '8천선 탈환'...외국인·기관 쌍끌이 매수에 환율도 하...,서울외환시장에서 원·달러 환율은 전 거래일보다 9.1원 내린 1519.8원에 주간 거래를 마쳤다. 지난 9일... 여기에 미국과 이란 간 종전 협상 기대감이 확산되면서 글로벌 금융시장의 위험자산 선호 심리도 회복되는...,https://www.polinews.co.kr/news/articleView.html?idxno=733954,1,0.75,rule_keep_score_ge_6_with_hard_match,0.630955,0,pseudo_keep_model_drop,keep,candidate_hybrid_gray_keep_domain_score_ge_threshold,7,외환시장,코스피;달러,
2026-06-16,[기획] 106일 이란전 ‘일단 끝’… 금융 ‘환호 랠리’,"중동전 리스크를 털어낸 금융시장은 '종전 랠리'를 펼쳤다. 외국인 자금이 국내 증시로 돌아왔고, 아시아 주요 증시도 일제히 급등했다. 국제유가와 국채 금리, 원·달러 환율은 동반 하락하면서 위험자산 선호...",https://www.dt.co.kr/article/12067684?ref=naver,1,0.75,rule_keep_score_ge_6_with_hard_match,0.631756,0,pseudo_keep_model_drop,keep,candidate_hybrid_model_keep_prob_ge_threshold_with_domain_anchor,6,국채,금리;달러;금융,
2026-06-13,[법인세 신고] 정규 영수증 없어 손금산입 안한 기업 업무추진비…가산...,"여신전문금융업법에 의한 신용카드 매출전표 - 직불카드·외국에서 발행된 신용카드·기명식선불카드... - 조합 또는 협회에 지출하는 경상회비(법인 46012-956, 2000 4.17.) - 판매장려금(법인 46012-3975, 1999.11.13.) - 회보발간...",http://www.intn.co.kr/news/articleView.html?idxno=2051214,1,0.75,rule_keep_score_ge_6_with_hard_match,0.631781,0,pseudo_keep_model_drop,keep,candidate_hybrid_gray_keep_domain_score_ge_threshold,6,여신전문금융업,,
2026-06-18,"코인 과세망, 지갑까지 추적한다","해외 거래소에 둔 가상자산도 원화로 환산해 합산한다. 신고 대상 자산은 예금, 주식, 채권, 보험상품, 가상자산 등이다. 가상자산은 해당 해외 거래소의 매월 말일 최종가격으로 잔액을 매긴다. 특정 월말에 전체...",http://www.hansbiz.co.kr/news/articleView.html?idxno=844524,1,0.75,rule_keep_score_ge_6_with_hard_match,0.631864,0,pseudo_keep_model_drop,keep,candidate_hybrid_gray_keep_domain_score_ge_threshold,7,가상자산,주식;채권,
2026-06-04,세금으로 목돈 낸다면…무이자 할부·포인트 결제로 부담 덜어요,이 시스템은 여신금융협회와 금융결제원(어카운트인포)이 운영 중이다. ◇한번 결제하면 취소 못해 카드 결제로 세금을 내면 나중에 취소할 수 없다는 점을 염두에 둬야 한다. 지방세와 국세 모두 결제 취소가...,https://www.hankyung.com/article/2026060343361,1,0.75,rule_keep_score_ge_6_with_hard_match,0.631935,0,pseudo_keep_model_drop,keep,candidate_hybrid_gray_keep_domain_score_ge_threshold,6,여신금융협회,,
2026-06-05,지역경제 선도하는 품목농협 - 안양원예농협,안양원예농협은 지난 4월 농협 경기지역본부 대회의실에서 열린 4월 정례조회에서 상호금융대출금 1조원... 이 같은 성과는 단순한 외형 확장을 지양하고 철저한 여신 건전성 통제와 선제적인 리스크 관리에 집중해 온...,http://www.wonyesanup.co.kr/news/articleView.html?idxno=64870,1,0.75,rule_keep_score_ge_6_with_hard_match,0.632334,0,pseudo_keep_model_drop,keep,candidate_hybrid_gray_keep_domain_score_ge_threshold,6,상호금융,건전성,
2026-06-18,‘취업 시켜줄 테니 중고차 대출 받으세요’…취업 알선 빙자 금융 사기...,"특히 검찰을 사칭해 고성을 지르며 피해자에게 심리적 압박을 가하는 범죄 유형이 가장 대표적이다. 검찰은 이에 대응해 보이스피싱 여부를 확인할 수 있는 ‘대검찰청 찐센터’를 운영 중이다. 365일, 24시간 운영되며 전문...",https://www.segye.com/newsView/20260617511794?OutUrl=naver,1,0.75,rule_keep_score_ge_6_with_hard_match,0.632368,0,pseudo_keep_model_drop,keep,candidate_hybrid_gray_keep_domain_score_ge_threshold,6,보이스피싱,대출;금융,
2026-06-12,"금융당국, 가계대출 비상관리체계 가동…목표 미준수 금융사 매주 점검","한편 금융감독원에 따르면 올해 1분기 은행권에서 적발된 가계대출 추가약정 위반 건수는 1174건으로 집계됐다. 추가 주택 구매금지 약정 위반이 1106건으로 대부분을 차지했으며 처분약정(56건), 전입약정(12건)이 뒤를...",https://www.etnews.com/20260611000257,1,0.75,rule_keep_score_ge_6_with_hard_match,0.632693,0,pseudo_keep_model_drop,keep,candidate_hybrid_gray_keep_domain_score_ge_threshold,6,금융감독원,,
2026-06-17,“믿었던 국채가 -10%”… 안전자산의 배신,"서울신문이 16일 한국거래소와 금융투자협회, 가상자산 시황 플랫폼인 코인게코 등의 자료를 바탕으로 집계한 결과, 지난달 29일부터 이달 15일까지 가격이 오른 자산은 코스피(0.82%)가 유일했다. 스탠더드앤드푸어스...",https://www.seoul.co.kr/news/economy/securities/2026/06/17/20260617029001?wlog_tag3=naver,1,0.75,rule_keep_score_ge_6_with_hard_match,0.633060,0,pseudo_keep_model_drop,keep,candidate_hybrid_model_keep_prob_ge_threshold_with_domain_anchor,6,가상자산,코스피,
2026-06-16,주담대 7%대·신용대출 6%대·예금 3%대…여·수신 금리 일제히 오름세,"주담대 변동금리 상단도 같은 날 기준 6.23%로 집계됐다. 한국은행 경제통계시스템에 따르면 전체 주담대에서 고정금리가 차지하는 비중은 지난 4월 기준 47.8%, 변동금리는 52.2%다. 주담대 금리는 꾸준히 오름세다....",https://www.g-enews.com/view.php?ud=20260615152702628a6e8311f64_1,1,0.75,rule_keep_score_ge_6_with_hard_match,0.633373,0,pseudo_keep_model_drop,keep,candidate_hybrid_model_keep_prob_ge_threshold_with_domain_anchor,6,한국은행,금리,
2026-06-18,"""연준의 입만 보지 마라""…워시, 첫 회견서 '소통 혁명' 선언","단순한 금리 동결 발표를 넘어 연준 운영 방식의 변화를 예고한 신호탄으로 받아들이고 있다. 포워드 가이던스 폐지와 점도표 영향력 축소, AI 기반 정책 결정 체계 도입 등이 현실화할 경우 향후 글로벌 금융시장에도 적지...",https://www.newsworks.co.kr/news/articleView.html?idxno=844248,1,0.75,rule_keep_score_ge_6_with_hard_match,0.633829,0,pseudo_keep_model_drop,keep,candidate_hybrid_keep_overseas_global_reference,6,연준,금리,
2026-06-12,"온라인서 30만원 상품권이 왜 20만원에?"" 의문에서 시작된 불법 사채 전...","상품권을 제공한 뒤 단기간 내 상환을 요구하는 방식으로 막대한 이자를 챙겼으며 확인된 피해자만 300여명... 한편, 경찰청은 이번 사건 외에도 마약 유통조직 검거, 보이스피싱 조직 적발, 디지털 성범죄 수사 등 국민...",https://www.imaeil.com/page/view/2026061115074203477,1,0.75,rule_keep_score_ge_6_with_hard_match,0.633894,0,pseudo_keep_model_drop,keep,candidate_hybrid_gray_keep_domain_score_ge_threshold,6,보이스피싱,,
2026-06-11,"이억원 “AI 대전환, 새로운 기회이자 도전과 위협 마주하는 모험”","은행·카드·보험 등 계열사 간 피싱범죄 정보를 공유하고 보이스피싱 피해자를 보호하기 위한 자체 보험상품 마련 등도 금융권이 검토해야 할 과제로 제시했다. 이 위원장은 AI 대전환을 ""아직 가보지 않은 길""이라고...",http://www.joseilbo.com/news/news_read.php?uid=569784&class=18&grp=,1,0.75,rule_keep_score_ge_6_with_hard_match,0.633921,0,pseudo_keep_model_drop,keep,candidate_hybrid_gray_keep_domain_score_ge_threshold,7,은행;보이스피싱,,
2026-06-14,"상습 절도범, 출소하자마자 성추행·강도 범행…징역 3년","13일 연합뉴스에 따르면 의정부지방법원 형사11부(재판장 오창섭)는 강도, 강제추행, 사기, 점유이탈물횡령, 여신전문금융업법 위반 등의 혐의로 재판에 넘겨진 A씨에게 징역 3년을 선고했다. A씨는 지인과 일반 시민을...",https://www.imaeil.com/page/view/2026061309203925525,1,0.75,rule_keep_score_ge_6_with_hard_match,0.634260,0,pseudo_keep_model_drop,keep,candidate_hybrid_gray_keep_domain_score_ge_threshold,6,여신전문금융업,,
2026-06-12,"토스뱅크, 만 7세 이상 체크카드 발급…초등학생 체크카드 시대 열어",여신전문금융업법 시행령 개정 반영…만 7세 이상 본인 명의 카드 발급 가능 부모가 앱에서 간편 신청…영업점 방문·서류 제출 없이 처리 청소년 유해업종 결제 제한 적용…안전한 금융 경험 지원 [서울타임즈뉴스...,https://www.seoultimes.news/news/article.html?no=2000096525,1,0.75,rule_keep_score_ge_6_with_hard_match,0.634420,0,pseudo_keep_model_drop,keep,candidate_hybrid_gray_keep_domain_score_ge_threshold,7,여신전문금융업,금융,
2026-06-06,"금감원·8대 금융지주, 금융소비자보호 전문가 양성 맞손","왼쪽부터 김기홍 JB금융지주 회장, 황병우 iM금융그룹 회장, 이찬우 NH농협금융지주 회장, 함영주... 강화가 금융권의 신뢰 제고와 지속 가능한 성장을 위한 핵심 과제라는 데 공감하며 상호 협력을 약속했다. 각 기관은...",https://biz.heraldcorp.com/article/10764064?ref=naver,1,0.75,rule_keep_score_ge_6_with_hard_match,0.634444,0,pseudo_keep_model_drop,keep,candidate_hybrid_gray_keep_domain_score_ge_threshold,6,금감원,,
2026-06-14,비트코인 한때 6만 달러 밑으로...최고가 대비 반토막,"최근 가상자산 시가총액 1위인 비트코인 가격이 6만 달러를 밑돌며 52주 최저가를 기록했습니다. 13일... 또한, 해외 파생상품 거래소들이 전통 자산인 주식 관련 무기한 선물 상품을 잇달아 내놓으며 레버리지 수요가...",https://www.ikbc.co.kr/article/view/kbc202606130007,1,0.75,rule_keep_score_ge_6_with_hard_match,0.634721,0,pseudo_keep_model_drop,keep,candidate_hybrid_gray_keep_domain_score_ge_threshold,6,가상자산,주식;달러,
2026-05-30,"“진술 신빙성 부족” 장애인 사기 피해, 검찰 보완수사로 억울함 풀어","29일 법조계에 따르면 서울중앙지검 형사2부(부장검사 이주희)는 지난 26일 사기 및 여신전문금융업법 위반 혐의로 60대 남성 A씨를 불구속 기소했다. A씨는 2024년 6월 정신장애가 있는 60대 여성 피해자 B씨에게 ""수도...",https://view.asiae.co.kr/article/2026052908514207060,1,0.75,rule_keep_score_ge_6_with_hard_match,0.634866,0,pseudo_keep_model_drop,keep,candidate_hybrid_gray_keep_domain_score_ge_threshold,6,여신전문금융업,,
2026-06-12,증시 과열에 ‘빚투’ 급증…가계대출 9.3조 급증에 금융당국 비상,"11일 한국은행이 발표한 금융시장 동향에 따르면, 5월 말 예금은행 가계대출 잔액은 1181조8000억원으로 한 달 전보다 6조9000억원 불어났다. 대출 종류별로도 기타대출 증가 폭(3조7000억원)이 주택담보대출(3조2000억원)을...",https://www.viva100.com/article/20260611500861,1,0.75,rule_keep_score_ge_6_with_hard_match,0.635396,0,pseudo_keep_model_drop,keep,candidate_hybrid_gray_keep_domain_score_ge_threshold,6,한국은행,대출,
2026-06-16,[창간14주년-반도체 그후] 해외에서 찾는 금융사의 새 성장판,2030년까지 국내총생산 대비 가계부채 비율을 80% 수준으로 낮추겠다는 중장기 계획도 내놨다. 은행 입장에서는 국내에서 대출자산을 공격적으로 늘리기 어려워졌다. 예전처럼 대출을 키워 이자이익을 늘리는...,https://www.straightnews.co.kr/news/articleView.html?idxno=304758,1,0.75,rule_keep_score_ge_6_with_hard_match,0.637643,0,pseudo_keep_model_drop,keep,candidate_hybrid_model_keep_prob_ge_threshold_with_domain_anchor,6,은행;가계부채,,
2026-06-13,"외국인 던진 주식, 개인이 빚내서 받았다…역대급 빚투","한국은행이 집계하는 전 금융권의 가계대출은 주택담보대출과 기타대출, 두 종류로 분류됩니다. 그런데 지난달 기타대출의 증가분이 주택담보대출을 뛰어넘는 이례적인 현상이 나타났습니다. 상황 알아보겠습니다....",https://biz.sbs.co.kr/article_hub/20000316179?division=NAVER,1,0.75,rule_keep_score_ge_6_with_hard_match,0.638465,0,pseudo_keep_model_drop,keep,candidate_hybrid_gray_keep_domain_score_ge_threshold,6,한국은행,주식,
2026-06-18,[코인 시황] 비트코인 6만4000달러대로 후퇴…시장 시선은 워시 첫 FOMC로,반면 전통 금융시장에서는 미국 주가지수 선물과 국채 가격이 상승했고 국제유가는 하락했다. 엔비디아... 시장은 연준이 기준금리를 현행 3.50~3.75%로 동결할 가능성을 거의 100% 수준으로 반영하고 있다. 따라서...,https://www.newspim.com/news/view/20260617001059,1,0.75,rule_keep_score_ge_6_with_hard_match,0.639340,0,pseudo_keep_model_drop,keep,candidate_hybrid_keep_overseas_global_reference,6,국채;기준금리,,
2026-06-17,5장 중 1장은 '장롱카드'…하나·롯데 20% 육박,17일 여신금융협회에 따르면 올해 1분기 하나카드의 휴면카드 비중은 19.2%로 비씨카드를 제외한 전업카드사 가운데 가장 높았다. 롯데카드도 18.7%를 기록했다. 우리카드 역시 15.4%로 업권 평균(14.8%)을 웃돌았다. 반면...,https://www.kbanker.co.kr/news/articleView.html?idxno=225214,1,0.75,rule_keep_score_ge_6_with_hard_match,0.639861,0,pseudo_keep_model_drop,keep,candidate_hybrid_gray_keep_domain_score_ge_threshold,6,여신금융협회,,
2026-05-29,[서울행정법원 판결]선불교통카드 정산 업무가 여신전문금융업 용역으...,"서울행정법원은 선불교통카드 정산 업무가 여신전문금융업 용역으로 부가가치세법 제26조 제1항 제11호, 시행령 제40조 제1항 제9호의 면세 대상인지에 대해 신용카드업의 본질적 요소가 포함되어 있지 않아서...",http://www.lawissue.co.kr/view.php?ud=202605281314193470b50722e900_12,1,0.75,rule_keep_score_ge_6_with_hard_match,0.640917,0,pseudo_keep_model_drop,keep,candidate_hybrid_gray_keep_domain_score_ge_threshold,6,여신전문금융업,,
2026-06-18,‘스페이스X 0주 배정’ 후폭풍…미래에셋 “투자자에 사과”,"미래에셋증권은 글로벌 투자은행(IB) 20곳과 함께 스페이스X 상장 인수단에 참여했다. 당초 스페이스X 클래스A... 한편, 금융감독원은 이번 사태와 관련해 미래에셋증권에 대한 검사에 나섰다. 금감원은 투자자 보호를...",https://www.mk.co.kr/article/12076245,1,0.75,rule_keep_score_ge_6_with_hard_match,0.641042,0,pseudo_keep_model_drop,keep,candidate_hybrid_gray_keep_domain_score_ge_threshold,6,금융감독원,,
2026-06-17,"삼성카드도 사업자대출…개인대출 막힌 카드사, 사장님 대출로 활로 모...",카드론은 지난해 '6·27 가계대출 대책' 이후 신용대출로 분류돼 총부채원리금상환비율(DSR) 산정 대상에 포함됐다. 이에 금융당국은 올해 카드론을 포함한 카드업계 가계대출 증가율을 1.0~1.5% 수준에서 관리하도록...,https://www.newspim.com/news/view/20260616000938,1,0.75,rule_keep_score_ge_6_with_hard_match,0.642110,0,pseudo_keep_model_drop,keep,candidate_hybrid_gray_keep_domain_score_ge_threshold,7,카드사;dsr,,
2026-06-04,가계대출 제동에 성장판 막힌 SC제일銀…수익성·건전성 부담,지난해 주담대 확대 후 당국 관리 대상 올라 총여신은 늘었지만 연체율 상승…여신 성장과 건전성 동시... 4일 금융권에 따르면 SC제일은행은 지난해 주택담보대출 확대 과정에서 대출 문턱을 높이는 조치를 잇달아...,https://news.tf.co.kr/read/economy/2328750.htm,1,0.75,rule_keep_score_ge_6_with_hard_match,0.642219,0,pseudo_keep_model_drop,keep,candidate_hybrid_gray_keep_domain_score_ge_threshold,7,연체율,대출;건전성,
2026-06-17,KB금융 6%↑…대출 증가에 금융주 동반 강세[특징주],한국은행이 최근 발표한 금융시장 동향에 따르면 지난 5월 말 기준 예금은행의 가계대출(정책모기지론 포함) 잔액은 1181조8000억원으로 전월 대비 6조9000억원 증가했다. 이는 2024년 8월 이후 1년 9개월...,https://www.edaily.co.kr/news/newspath.asp?newsid=03316086645482376,1,0.75,rule_keep_score_ge_6_with_hard_match,0.643025,0,pseudo_keep_model_drop,keep,candidate_hybrid_gray_keep_domain_score_ge_threshold,6,한국은행,대출,
2026-06-03,'무더기 탈락' 면했지만…윤리위서 또 막힌 금감원 퇴직자 로펌행,"해당 직원은 은행검사1국에서 상시감시팀장으로 근무하다 퇴직했다. 금감원 내부에서는 안도와 불안이 교차하는 분위기다. 앞선 4월 윤리위 심사에서 퇴직자들이 줄줄이 고배를 마시면서, 이번 5월 심사 결과에 촉각을...",https://view.asiae.co.kr/article/2026060211091906548,1,0.75,rule_keep_score_ge_6_with_hard_match,0.643508,0,pseudo_keep_model_drop,keep,candidate_hybrid_model_keep_prob_ge_threshold_with_domain_anchor,6,금감원,,
2026-06-15,[금융권 사건·사고] 제도 허점 속 금융 민낯… 건전성 위기 부각 ② - ...,"대한 검사 결과 자금 운용 구조와 여신심사 체계, 전산 보안 관리 전반에서 복수의 미흡 사항이 확인됐다. 이에 따라 금감원은 국민은행 본점에 경영유의 3건과 개선사항 2건을 통보했다. 해당 지점은 2025년 9월 말 기준...",https://www.ilyoseoul.co.kr/news/articleView.html?idxno=518414,1,0.75,rule_keep_score_ge_6_with_hard_match,0.644060,0,pseudo_keep_model_drop,keep,candidate_hybrid_gray_keep_domain_score_ge_threshold,6,검사,건전성;금융,
2026-06-07,“월급쟁이 대신 사장님 모셔요”…인뱅들 돈 버는 법 바꿨다,"6일 금융권에 따르면 올해 1분기 인뱅 3사의 소호대출 잔액은 총 7조5262억원으로, 전년 동기(5조648억원) 대비... 통상 소호대출은 경기 민감도가 높아 부실 우려가 크지만, 자체 신용평가모형(CSS) 고도화를 통해 연체율...",https://www.mk.co.kr/article/12067469,1,0.75,rule_keep_score_ge_6_with_hard_match,0.645658,0,pseudo_keep_model_drop,keep,candidate_hybrid_gray_keep_domain_score_ge_threshold,6,연체율,부실,
2026-05-29,"바이낸스, 1년간 AI 사기 105억 달러 막았다","가상자산 거래소가 더 이상 금융 플랫폼만이 아닌 AI 보안 전쟁터가 됐다. 사기꾼들이 딥페이크와 음성 복제, 피싱 자동화 등 AI 도구를 손쉽게 활용하면서 공격의 규모와 정교함이 동시에 높아지고 있다. 바이낸스가...",https://www.econovill.com/news/articleView.html?idxno=741048,1,0.75,rule_keep_score_ge_6_with_hard_match,0.646596,0,pseudo_keep_model_drop,keep,candidate_hybrid_gray_keep_domain_score_ge_threshold,6,가상자산,달러;금융,
2026-06-03,은행연합회 AI 광고심의 구축…금융협회 공동 활용 '만지작',"하반기 시스템 완성 목표, 여신금융협회 등과 논의…자율규제 업무 AI 확산 신호탄 은행연합회가 구축 중인 금융광고 AI(인공지능) 심사 시스템을 다른 금융협회와 공동 활용하는 방안이 논의되고 있다. 금융권 자율규제...",https://dealsite.co.kr/articles/162808,1,0.75,rule_keep_score_ge_6_with_hard_match,0.646725,0,pseudo_keep_model_drop,keep,candidate_hybrid_gray_keep_domain_score_ge_threshold,6,여신금융협회,,
2026-05-30,"[마켓인]나신평, KG이니시스 기업신용등급 ‘A’ 신규 부여",이 책임연구원은 “케이카캐피탈은 여신전문금융업체로서 영업자산 수익에 대응하는 차입구조를 갖고 있어 일반 비금융기업의 차입금과는 성격이 상이하다는 점을 고려해야 한다”면서도 “향후 국내 PG 시장에서의...,https://www.edaily.co.kr/news/newspath.asp?newsid=05861366645453840,1,0.75,rule_keep_score_ge_6_with_hard_match,0.646941,0,pseudo_keep_model_drop,keep,candidate_hybrid_gray_keep_domain_score_ge_threshold,6,여신전문금융업,,
2026-06-16,고령 자영업자 부채위험 커진다,한국은행은 현재 고령 자영업자의 연체율은 상대적으로 낮지만 차주 수와 대출 규모가 빠르게 늘고 있다고 분석했다. 취약차주 비중과 비은행권 대출 의존도가 높은 데다 부동산업 비중도 커 향후 금융권 건전성에...,https://www.naeil.com/news/read/591957?ref=naver,1,0.75,rule_keep_score_ge_6_with_hard_match,0.647683,0,pseudo_keep_model_drop,keep,candidate_hybrid_gray_keep_domain_score_ge_threshold,6,한국은행,대출,
2026-06-08,[사설] 갈수록 심화되는 ‘3고 현상’ 하반기 경제운용 결정적 악재,"금리마저 들먹거리는 ‘3고 현상’이 심화되면서 서민경제가 갈수록 팍팍해지고 있다. 원·달러 환율은 지난주 종가기준 1550원대를 넘어 1560원대 돌파를 눈앞에 두고 있으며, 소비자물가상승률은 지난 5월에 한국은행의...",https://www.asiatime.co.kr/article/20260607500024,1,0.75,rule_keep_score_ge_6_with_hard_match,0.648049,0,pseudo_keep_model_drop,keep,candidate_hybrid_model_keep_prob_ge_threshold_with_domain_anchor,6,한국은행,달러,
2026-06-16,"""불황·고금리에 무너진 노후""…60대 자영업자 연체액 ‘나홀로 급증’",특히 생계형 창업이 많은 60대 이상 고령층 자영업자는 전 연령대 중 유일하게 대출 규모와 연체율이 동반... 한국은행 역시 고연령 자영업자가 부동산 경기 변동에 크게 흔들릴 수 있다며 생애주기별 맞춤형 정책의...,https://www.dt.co.kr/article/12067561?ref=naver,1,0.75,rule_keep_score_ge_6_with_hard_match,0.648114,0,pseudo_keep_model_drop,keep,candidate_hybrid_gray_keep_domain_score_ge_threshold,6,한국은행,대출,
2026-06-13,"""신고 위치 설명할게"" 휴대전화 들고 도망…성추행에 강도까지","의정부지법 형사 11부(오창섭 부장판사)는 강도, 사기, 강제추행, 점유이탈물 횡령, 여신전문금융업법 위반 등 혐의로 기소된 A씨에 대해 징역 3년 형을 선고했다. A씨는 대상이 지인이든, 모르는 시민이든 틈만 보이면...",https://www.yna.co.kr/view/AKR20260612111400060?input=1195m,1,0.75,rule_keep_score_ge_6_with_hard_match,0.648393,0,pseudo_keep_model_drop,keep,candidate_hybrid_gray_keep_domain_score_ge_threshold,6,여신전문금융업,,
2026-06-13,코스피 4.6% 급등하며 8100선 돌파,지정학적 리스크 완화로 금융시장 전반의 지표도 안정세를 찾았다. 원/달러 환율은 전일 대비 9.4원 내린 1522.2원을 기록하며 하루 만에 강세로 돌아섰다. 국제유가(WTI)는 전쟁 종료 기대감을 반영하며 전일 대비...,https://www.thereport.co.kr/news/articleView.html?idxno=88717,1,0.75,rule_keep_score_ge_6_with_hard_match,0.648749,0,pseudo_keep_model_drop,keep,candidate_hybrid_gray_keep_domain_score_ge_threshold,7,원/달러,코스피;달러,
2026-06-08,"[더벨]민트벤처파트너스, 'LLC형 VC' 민트베스트 설립","법인의 사업목적으로는 △벤처투자촉진에 관한 법률에 의한 벤처투자조합의 결성 및 운영에 관한 사업 △여신전문금융업법에 의한 신기술사업투자조합의 결성 및 운영에 관한 사업 △사모집합투자기구의 설립, 투자...",https://www.thebell.co.kr/free/content/ArticleView.asp?key=202606041333591560101979,1,0.75,rule_keep_score_ge_6_with_hard_match,0.648804,0,pseudo_keep_model_drop,keep,candidate_hybrid_gray_keep_domain_score_ge_threshold,6,여신전문금융업,,
2026-06-01,[당국 포용금융 밸류업 역행] 1금융에 중금리대출 과도한 압박... 주주환...,시장 전문가들은 상반기 은행주 약세의 주된 원인을 실적이 아닌 수급 구조에서 찾고 있다. 외국인... 이에 주요 지주들은 미국 SEC 연차보고서에 포용금융에 따른 연체율 상승과 건전성 악화 가능성을 위험 요인으로...,https://www.g-enews.com/view.php?ud=202605221639388112cd0bfacc1c_1,1,0.75,rule_keep_score_ge_6_with_hard_match,0.649239,0,pseudo_keep_model_drop,keep,candidate_hybrid_gray_keep_domain_score_ge_threshold,6,연체율,건전성,
2026-06-17,"미래에셋 대표, '스페이스X 0주 사태' 사과…""금전보상 등 신뢰회복 검...","글로벌 투자은행(IB) 20여곳과 함께 인수단으로 참여한 미래에셋증권은 당초 스페이스X 클래스A 보통주... 한편, 금융감독원은 이번 사태와 관련, 미래에셋증권에 대한 검사를 진행 중이다. 금감원은 투자자 보호에 초점을...",https://www.slist.kr/news/articleView.html?idxno=745648,1,0.75,rule_keep_score_ge_6_with_hard_match,0.649923,0,pseudo_keep_model_drop,keep,candidate_hybrid_gray_keep_domain_score_ge_threshold,6,금융감독원,,
2026-06-06,오늘 금시세(금값) 상승세로 전환... 금가격 변동 핵심 요인 4가지,지정학적 위기와 고금리 우려 장기화로 인해 글로벌 금융 시장에서 기축통화이자 궁극적 안전자산인 달러에 대한 쏠림 현상이 발생하면 원-달러 환율이 상승하게 된다. 원화 가치가 하락(환율 상승)하는 국면에서는...,https://www.wikitree.co.kr/articles/1139956,1,0.75,rule_keep_score_ge_6_with_hard_match,0.649957,0,pseudo_keep_model_drop,keep,candidate_hybrid_keep_overseas_global_reference,6,환율,달러;원화;금융,
2026-06-08,규제의 벽은 높아지는데 집값은 오른다…6월 부동산 시장의 '이중 구조...,"은행연합회와 여신금융협회 등이 내부 규준에 반영해 6월 30일부터 시행할 예정이다. 정부는 이와 별도로 2021년 이후 실행된 사업자대출 전수 조사도 추진하고 있다. 점검 대상은 매장 인테리어, 원자재 구매, 설비...",https://www.betanews.net/article/view/beta202606060012,1,0.75,rule_keep_score_ge_6_with_hard_match,0.649980,0,pseudo_keep_model_drop,keep,candidate_hybrid_gray_keep_domain_score_ge_threshold,6,여신금융협회,,
2026-06-13,"KB국민은행, 가계부채 관리…16일부터 신용대출 한도 최대 1억",KB국민은행이 가계대출 증가세에 선제 대응하기 위해 신용대출 한도 조정에 나선다. 12일 KB국민은행은 오는 16일부터 안정적인 여신 관리를 위해 신용대출 한도를 조정한다고 밝혔다. 이번 조치에 따라 일반신용대출의...,https://www.dailian.co.kr/news/view/1655380/?sc=Naver,review,0.00,review_mid_score_ambiguous,0.147167,0,review_model_strong_drop,drop,candidate_hybrid_gray_drop_score_lt_threshold,3,가계부채,,
2026-05-29,"한은 성장률전망 2.6%로 상향…신현송 ""금리 인상 갈 길 명확""","신현송 한국은행 총재는 28일 서울 중구 한은 본부에서 기자설명회를 열고 ""적절한 시기에 기준금리를 인상할 필요가 있다""고 강조했다. 신 총재는 성장률 상향 요인으로 수출·추경·증시를 꼽았다. 중동 전쟁이...",http://www.wowtv.co.kr/NewsCenter/News/Read?articleId=A202605280491&t=NN,review,0.00,review_conflicting_signals:rule_keep:drop_corporate_macro_noise,0.925015,1,review_model_strong_keep,keep,candidate_hybrid_keep_strong_domain_rule_anchor,14,한국은행;한은;기준금리,금리,
2026-05-29,한은 기준금리 인상 공식화…코스피 '실적 장세'로 충격 제한적,|중앙이코노미뉴스 정재혁 기자|한국은행이 기준금리 인상을 공식화하면서 국내 증시가 어떤 영향을 받을지 관심이 쏠리고 있다. 시장 전문가들은 통상적인 금리 인상 국면이라면 유동성 축소에 따른 증시 조정이...,https://www.joongangenews.com/news/articleView.html?idxno=522229,review,0.00,review_conflicting_signals:rule_keep:drop_corporate_macro_noise,0.906568,1,review_model_strong_keep,keep,candidate_hybrid_keep_strong_domain_rule_anchor,20,한국은행;한은;유동성;기준금리,금리;실적;코스피,
2026-06-13,"신현송 ""성장·물가·금융안정 한 방향…늦지 않게 금리 인상""","(사진=한국은행) 신현송 한국은행 총재가 ""물가안정에 중점을 두고 늦지 않게 금리를 인상해 나갈 필요가 있다""며 7월 기준금리 인상 가능성에 무게를 실었다. 아울러 현재의 반도체 호황은 외부 여건 개선에 힘입은...",http://www.newsfc.co.kr/news/articleView.html?idxno=79233,review,0.00,review_conflicting_signals:rule_keep:drop_corporate_macro_noise,0.896235,1,review_model_strong_keep,keep,candidate_hybrid_keep_strong_domain_rule_anchor,9,한국은행;기준금리,금리,
2026-06-02,"신현송 한은 총재 ""통화정책 조정 장애물 적다""…금리 인상 신호 재확인",신현송 한국은행 총재가 반도체 수출 호조를 바탕으로 한 국내 경기 개선세를 강조하며 향후 기준금리 인상 가능성을 다시 시사했다. 성장 둔화에 대한 부담이 크지 않은 만큼 물가와 금융안정 대응을 위한 통화정책...,https://www.dt.co.kr/article/12065362?ref=naver,review,0.00,review_conflicting_signals:rule_keep:drop_corporate_macro_noise,0.883326,1,review_model_strong_keep,keep,candidate_hybrid_keep_strong_domain_rule_anchor,14,한국은행;한은;기준금리,금리,
2026-06-17,"일본, 기준금리 1%로 인상…31년 만에 최고 수준",일본은행은 16일 금융정책결정회의를 열고 기준금리인 단기 정책금리를 기존 연 0.75% 수준에서 1.0... 시장에서는 연방준비제도(Fed·연준)가 기준금리를 동결할 것으로 예상하지만 최근 물가 불확실성이 커진 만큼 향후...,http://weekly.chosun.com/news/articleView.html?idxno=52598,review,0.00,review_no_conservative_rule_matched,0.882130,1,review_model_strong_keep,drop,candidate_hybrid_drop_generic_market_or_ipo_noise,13,연준;fed;기준금리,,
2026-06-11,美 소비자물가 4.2% 상승… 기준금리 인상론 부각되나,점에서 시장의 긴장감은 커지고 있다. 연준 내부에서는 금리 인상 필요성을 언급하는 목소리가 공개적으로 나오고 있다. 로리 로건 댈러스 연은 총재는 현재 기준금리(3.5~3.75%)가 물가 억제에 충분하지 않을 수 있다며...,https://www.g-enews.com/view.php?ud=202606102204299518e207547429_1,review,0.00,review_generic_macro_only,0.881925,1,review_model_strong_keep,drop,candidate_hybrid_drop_generic_market_or_ipo_noise,9,연준;기준금리,금리,
2026-05-30,"한투증권, 가상자산 거래소 ‘코인원’ 지분 20% 확보…3대 주주로",[헤럴드경제=김지윤 기자] 한국투자증권은 가상자산 거래소 코인원에 대한 전략적 지분투자 계약을 체결했다고 29일 밝혔다. 한국투자증권은 기존 컴투스홀딩스가 보유하고 있던 구주 6만8894주와 신규 발행 주식...,https://biz.heraldcorp.com/article/10759682?ref=naver,review,0.00,review_mid_score_ambiguous,0.874582,1,review_model_strong_keep,keep,candidate_hybrid_model_keep_prob_ge_threshold_with_domain_anchor,5,가상자산,주식,
2026-06-05,OKX·한투 손잡고 코인원 지분 인수…가상자산 시장 판 흔든다,글로벌 가상자산 거래소 OKX가 국내 가상자산사업자(VASP) 코인원 지분을 인수하며 한국 시장 공략에 나섰다. 이번 투자는 한국투자증권이 공동 투자자로 참여한 것이 특징이다. 글로벌 플랫폼의 기술력과 국내 전통...,https://www.ddaily.co.kr/page/view/2026060415021865045,review,0.00,review_mid_score_ambiguous,0.873422,1,review_model_strong_keep,keep,candidate_hybrid_model_keep_prob_ge_threshold_with_domain_anchor,4,가상자산,,
2026-06-05,"한국투자증권 ""제도권-가상자산 허브 선점""…코인원 투자 4자 간담회",(사진=한국투자증권)  한국투자증권이 가상자산 거래소 코인원 지분 투자 발표에 이어 코인원·OKX·컴투스홀딩스와 공동 기자간담회를 열고 디지털 금융 사업 방향을 처음으로 공개했다. 4일 서울 여의도 코인원...,http://www.whitepaper.co.kr/news/articleView.html?idxno=263228,review,0.00,review_mid_score_ambiguous,0.872787,1,review_model_strong_keep,keep,candidate_hybrid_model_keep_prob_ge_threshold_with_domain_anchor,5,가상자산,금융,
2026-06-17,"BOJ, 기준금리 1%로 인상…내년 4월부터 국채매입 축소 중단(종합)",일본은행(BOJ)은 16일 금융정책결정 회의를 열고 기준금리를 1%로 인상했다. 이날 BOJ는 성명서를 통해... 이와 함께 BOJ는 채권시장의 안정을 중시해 국채 매입액을 줄이는 조치(테이퍼링)를 2027년 4월 이후 중단하기로...,https://news.einfomax.co.kr/news/articleView.html?idxno=4420241,review,0.00,review_no_conservative_rule_matched,0.867801,1,review_model_strong_keep,drop,candidate_hybrid_drop_generic_market_or_ipo_noise,10,boj;국채;기준금리,,
2026-05-29,"반도체 호황에 성장률 '2.0→2.6%'…금리, 연내 2차례 인상 시사","그러면서 ""기준금리 전망을 올해 7, 10월과 내년 1월 인상으로 수정한다""고 말했습니다. 신현송 한국은행 총재가 28일 서울 중구 한국은행 본관에서 열린 통화정책방향 기자간담회에서 발언하고 있다. (사진=연합뉴스)",http://www.newstomato.com/ReadNews.aspx?no=1302366&inflow=N,review,0.00,review_conflicting_signals:rule_keep:drop_corporate_macro_noise,0.864937,1,review_model_strong_keep,keep,candidate_hybrid_keep_strong_domain_rule_anchor,9,한국은행;기준금리,금리,
2026-06-15,'반도체' 날개 단 수출에…한은 '금리 인상' 채비,"이에 한국은행은 성장과 물가 안정, 가계부채 상황 등을 고려해 ""늦지 않은 기준금리 인상""을 공식 시사했다. 주요국들의 긴축 기조 역시 금리 인상론에 힘을 싣고 있다. 다음주 한은이 발표할 5월 수출입물가지수와...",https://news.bizwatch.co.kr/article/finance/2026/06/12/0040,review,0.00,review_conflicting_signals:rule_keep:drop_corporate_macro_noise,0.864392,1,review_model_strong_keep,keep,candidate_hybrid_keep_strong_domain_rule_anchor,17,한국은행;한은;기준금리;가계부채,금리,
2026-05-29,"美 4월 물가 3년 만에 최고 상승률…""연준, 내년까지 금리 동결 가능성...",현재 금융시장에서는 연준이 기준금리를 2027년까지 현 수준인 3.50~3.75% 범위에서 유지할 가능성을 반영하고 있다. 지난주 공개된 4월 연방공개시장위원회(FOMC) 회의록에서도 일부 연준 위원들이 추가 금리 인상...,https://www.newspim.com/news/view/20260528001302,review,0.00,review_generic_macro_only,0.861638,1,review_model_strong_keep,drop,candidate_hybrid_drop_generic_market_or_ipo_noise,9,연준;기준금리,금리,
2026-05-29,"신현송 ""중동발 인플레 경계…성장 견조에도 향후 금리 인상 고려""","신현송 한국은행 총재가 중동 사태에 따른 인플레이션 압력 확대를 강하게 경계, 향후 적절한 시기에 기준금리를 인상할 필요가 있다는 매파적(통화 긴축 선호) 기조를 명확히 했다. 반도체 경기 호조와 정부...",http://www.newsprime.co.kr/news/article.html?no=734966,review,0.00,review_conflicting_signals:rule_keep:drop_corporate_macro_noise,0.859522,1,review_model_strong_keep,keep,candidate_hybrid_keep_strong_domain_rule_anchor,9,한국은행;기준금리,금리,
2026-06-03,"연준, 인플레 재가열에 7월 금리 인상 불가피","그는 연준이 6월 16~17일 열리는 연방공개시장위원회(FOMC) 회의에서 보다 긴축적인 통화정책 기조로 전환하고 7월에는 기준금리를 25bp 인상할 가능성이 있다고 전망, 시장의 일반적인 예상과 크게 다른 의견을 보였다. 현재...",http://www.joseilbo.com/news/news_read.php?uid=569317&class=1&grp=,review,0.00,review_generic_macro_only,0.859443,1,review_model_strong_keep,drop,candidate_hybrid_drop_generic_market_or_ipo_noise,9,연준;기준금리,금리,
2026-06-18,"[종합2보] 미 연준, 연내 금리 인상 가능성 확대…워시 첫 회의서 '파격...",이날 연준은 이틀간 진행한 연방공개시장위원회(FOMC) 정례회의에서 기준금리를 3.50~3.75%로 동결했다.... com ◆ 2년물 국채금리 급등…7월 인상 베팅도 확대 연준에서 매파적 색채가 강해지자 금융 시장은 즉각...,https://www.newspim.com/news/view/20260618000016,review,0.00,review_ambiguous_market_context,0.852593,1,review_model_strong_keep,drop,candidate_hybrid_drop_generic_market_or_ipo_noise,14,연준;국채금리;기준금리,금리;금융,
